
Initial FFT Block Distribution Based on Workload Estimate:

  FFT blocks assigned to   32 tasks

Image Distribution at run step       0:

  Count of images assigned to each task:
            0      496      497      497      497      496        0      497
          497      497      496      497      497        0      497      496
          497      497      497      496        0      497      497      497
          496      497        0      497      497      496      497      497
          497        0      496      497      497      497      496      497
            0      497      497      496      497      497      497        0
          496      497      497      497      496        0      497      497
          497      496      497      497        0      497      496      497
          497      497      496        0      497      497      497      497
          496      497        0      497      497      496      497      497
            0      497      496      497      497      497      496        0
          497      497      497      496      497      497        0      497
          496      497      497      497      496        0      497      497
          497      496      497        0      497      497      496      497
          497      497        0      496      497      497      497      496
          497        0      497      497      496      497      497      497
            0      496      497      497      497      496        0      497
          497      497      496      497      497        0      497      497
          496      497      497      497        0      496      497      497
          497      496      497        0      497      497      496      497
          497        0      497      496      497      497      497      496
            0      497      497      497      496      497      497        0
          497      496      497      497      497      496        0      497
          497      497      496      497        0      497      497      496
          497      497      497        0      496      497      497      497
          496      497        0      497      497      496      497      497
          497        0      496      497      497      497      497        0

First FFT Block Distribution Based on Actual Workload:

  FFT blocks assigned to   76 tasks

Atom Distribution No.     5 at run step     442:

  Count of atoms assigned to each task:
            0      629        0      696      711        0      699      640
            0      668        0      699      729        0      710      617
            0      699        0      723      690        0      675      621
            0      696        0      693      690        0      681      619
            0      714      717        0      723        0      689      687
            0      702      696        0      694        0      683      696
            0      687      724        0      635        0      687      666
            0      699      704        0      639      641        0      702
            0      681      700        0      623      642        0      684
            0      715      669        0      630      738        0      720
            0      717      685        0      633      720        0      735
          696        0      633        0      687      711        0      714
          694        0      696        0      735      723        0      705
          699        0      711        0      723      699        0      687
          696        0      723      699        0      702        0      690
          699        0      699      702        0      690        0      692
          694        0      720      705        0      706        0      685
          674        0      639      717        0      667      658        0
          626        0      588      717        0      668      612        0
          560        0      585      691        0      670      582        0
          530        0      577      675        0      697      552        0
          547      573        0      723        0      688      526        0
          557      616        0      690        0      696      602        0
          538      622        0      707        0      720      662        0
          553      624        0      687      705        0      700        0
          603      631        0      738      732        0      655        0
          598      714        0      714      717        0      706        0

Atom Distribution No.     6 at run step     801:

  Count of atoms assigned to each task:
            0      652        0      681      726        0      744      609
            0      659        0      678      717        0      696      621
            0      690        0      708      711        0      677      596
            0      684        0      687      717        0      636      672
            0      666      738        0      732        0      680      695
            0      678      705        0      716        0      674      672
            0      690      716        0      642        0      710      678
            0      690      680        0      620      677        0      702
            0      696      639        0      610      669        0      681
            0      744      616        0      669      741        0      726
            0      750      639        0      678      750        0      723
          708        0      621        0      708      738        0      726
          695        0      700        0      702      729        0      723
          663        0      708        0      726      750        0      717
          696        0      705      732        0      720        0      726
          693        0      702      717        0      705        0      677
          721        0      708      702        0      687        0      670
          692        0      726      752        0      620      558        0
          686        0      699      676        0      545      493        0
          635        0      714      665        0      547      513        0
          595        0      681      715        0      589      536        0
          557      686        0      693        0      621      512        0
          538      631        0      699        0      693      609        0
          539      628        0      711        0      716      669        0
          577      627        0      693      693        0      676        0
          626      629        0      681      696        0      690        0
          571      691        0      729      690        0      670        0

Atom Distribution No.     7 at run step    1154:

  Count of atoms assigned to each task:
            0      675        0      678      702        0      711      603
            0      681        0      684      720        0      725      586
            0      702        0      708      717        0      658      631
            0      699        0      705      717        0      667      639
            0      672      726        0      726        0      670      696
            0      687      711        0      708        0      698      684
            0      684      721        0      631        0      708      690
            0      687      700        0      632      679        0      681
            0      684      633        0      638      708        0      693
            0      754      658        0      635      702        0      726
            0      750      613        0      666      735        0      732
          675        0      631        0      708      708        0      729
          693        0      694        0      705      738        0      711
          681        0      708        0      696      726        0      720
          669        0      729      729        0      717        0      702
          702        0      708      708        0      732        0      679
          715        0      693      729        0      689        0      653
          701        0      738      704        0      589      633        0
          678        0      705      626        0      573      540        0
          626        0      714      653        0      535      524        0
          592        0      675      695        0      547      541        0
          603      683        0      720        0      614      532        0
          559      655        0      702        0      632      618        0
          540      645        0      711        0      695      611        0
          523      636        0      705      723        0      677        0
          615      664        0      717      708        0      674        0
          595      682        0      711      693        0      671        0

Atom Distribution No.     8 at run step    1514:

  Count of atoms assigned to each task:
            0      651        0      669      729        0      741      614
            0      653        0      693      702        0      681      617
            0      697        0      726      747        0      679      597
            0      696        0      696      717        0      639      645
            0      681      708        0      711        0      675      659
            0      690      717        0      727        0      690      699
            0      690      689        0      621        0      708      681
            0      690      646        0      648      668        0      687
            0      699      663        0      613      686        0      678
            0      735      650        0      659      720        0      708
            0      747      635        0      677      711        0      717
          690        0      633        0      693      729        0      729
          708        0      689        0      729      699        0      729
          696        0      672        0      705      714        0      723
          696        0      705      735        0      723        0      729
          714        0      711      705        0      738        0      691
          703        0      729      732        0      686        0      634
          697        0      738      705        0      630      605        0
          680        0      699      627        0      569      545        0
          615        0      729      637        0      562      537        0
          572        0      688      706        0      565      521        0
          605      691        0      702        0      599      530        0
          520      683        0      714        0      633      623        0
          532      639        0      723        0      717      640        0
          529      651        0      714      684        0      688        0
          613      663        0      702      720        0      660        0
          601      701        0      717      663        0      681        0

Atom Distribution No.     9 at run step    1873:

  Count of atoms assigned to each task:
            0      656        0      672      726        0      720      623
            0      666        0      660      717        0      729      613
            0      687        0      729      726        0      648      585
            0      690        0      693      720        0      670      599
            0      705      726        0      723        0      662      665
            0      687      699        0      715        0      657      699
            0      678      712        0      645        0      704      687
            0      699      685        0      646      672        0      690
            0      675      676        0      612      662        0      690
            0      735      717        0      611      699        0      708
            0      705      681        0      630      699        0      726
          690        0      652        0      687      717        0      711
          708        0      686        0      726      726        0      747
          687        0      660        0      696      726        0      708
          669        0      705      738        0      738        0      732
          711        0      720      693        0      729        0      713
          673        0      708      717        0      745        0      629
          690        0      696      708        0      639      550        0
          670        0      717      707        0      549      557        0
          600        0      711      701        0      573      540        0
          536        0      690      714        0      595      535        0
          551      701        0      708        0      638      515        0
          568      645        0      702        0      697      598        0
          540      618        0      747        0      693      633        0
          542      627        0      720      699        0      701        0
          605      634        0      705      678        0      678        0
          594      721        0      723      696        0      693        0

Atom Distribution No.    10 at run step    2234:

  Count of atoms assigned to each task:
            0      645        0      696      735        0      717      612
            0      668        0      681      693        0      699      626
            0      678        0      711      723        0      688      600
            0      687        0      690      732        0      703      621
            0      702      726        0      726        0      647      665
            0      684      708        0      697        0      671      687
            0      693      706        0      632        0      725      675
            0      705      701        0      625      664        0      693
            0      696      695        0      630      680        0      678
            0      732      659        0      614      717        0      708
            0      711      647        0      665      720        0      711
          714        0      624        0      696      693        0      717
          708        0      668        0      696      705        0      714
          705        0      690        0      705      708        0      705
          714        0      717      723        0      708        0      729
          699        0      735      714        0      723        0      709
          695        0      708      723        0      717        0      621
          688        0      717      714        0      647      599        0
          617        0      678      709        0      623      515        0
          604        0      708      708        0      550      537        0
          519        0      688      714        0      574      553        0
          550      710        0      690        0      634      530        0
          509      637        0      735        0      709      616        0
          542      639        0      708        0      702      626        0
          582      609        0      690      690        0      719        0
          597      684        0      732      687        0      675        0
          601      708        0      693      672        0      685        0

Atom Distribution No.    11 at run step    2599:

  Count of atoms assigned to each task:
            0      641        0      681      696        0      714      646
            0      650        0      699      711        0      687      614
            0      685        0      693      726        0      691      611
            0      681        0      702      723        0      681      622
            0      696      729        0      717        0      663      688
            0      675      696        0      721        0      684      687
            0      690      716        0      629        0      699      687
            0      687      688        0      651      666        0      693
            0      678      671        0      627      698        0      684
            0      717      679        0      608      738        0      708
            0      726      667        0      654      720        0      714
          681        0      636        0      702      720        0      723
          699        0      671        0      723      717        0      714
          693        0      687        0      693      696        0      723
          696        0      717      726        0      717        0      726
          699        0      720      705        0      715        0      703
          718        0      762      717        0      706        0      607
          685        0      717      736        0      654      550        0
          703        0      678      720        0      560      547        0
          606        0      711      689        0      571      509        0
          567        0      684      682        0      555      539        0
          552      702        0      709        0      639      528        0
          539      649        0      708        0      706      591        0
          522      630        0      723        0      708      621        0
          560      652        0      702      693        0      695        0
          593      656        0      705      690        0      655        0
          613      699        0      720      687        0      679        0

Atom Distribution No.    12 at run step    2967:

  Count of atoms assigned to each task:
            0      648        0      684      705        0      699      631
            0      654        0      675      708        0      702      637
            0      654        0      696      729        0      698      606
            0      693        0      690      726        0      704      611
            0      690      717        0      714        0      665      674
            0      684      702        0      703        0      696      687
            0      672      731        0      644        0      686      669
            0      690      680        0      632      663        0      681
            0      693      704        0      621      682        0      681
            0      732      680        0      616      724        0      726
            0      705      642        0      681      699        0      735
          690        0      634        0      699      726        0      729
          710        0      685        0      684      738        0      726
          699        0      696        0      738      723        0      696
          702        0      705      711        0      735        0      720
          711        0      705      720        0      694        0      701
          685        0      729      708        0      706        0      649
          680        0      726      700        0      641      519        0
          698        0      715      664        0      559      539        0
          625        0      708      664        0      566      502        0
          590        0      685      690        0      617      534        0
          615      691        0      693        0      629      543        0
          585      629        0      711        0      701      597        0
          545      647        0      687        0      696      607        0
          531      645        0      717      711        0      677        0
          607      676        0      708      702        0      661        0
          591      684        0      720      684        0      689        0

Atom Distribution No.    13 at run step    3332:

  Count of atoms assigned to each task:
            0      635        0      672      711        0      723      629
            0      657        0      681      714        0      678      619
            0      651        0      672      759        0      675      616
            0      714        0      690      714        0      688      631
            0      690      717        0      708        0      681      669
            0      678      723        0      685        0      666      684
            0      696      725        0      640        0      699      687
            0      699      664        0      627      666        0      684
            0      672      678        0      641      667        0      684
            0      726      678        0      608      715        0      708
            0      732      652        0      666      726        0      750
          726        0      638        0      693      741        0      735
          688        0      673        0      714      729        0      717
          702        0      687        0      714      723        0      705
          714        0      723      729        0      723        0      732
          726        0      687      720        0      717        0      698
          730        0      699      711        0      674        0      604
          704        0      723      731        0      624      621        0
          665        0      715      679        0      571      494        0
          635        0      699      634        0      545      522        0
          606        0      699      714        0      583      543        0
          614      709        0      690        0      632      523        0
          558      637        0      693        0      635      588        0
          564      621        0      732        0      675      595        0
          564      637        0      714      690        0      650        0
          592      656        0      732      708        0      695        0
          653      698        0      702      687        0      663        0

Atom Distribution No.    14 at run step    3696:

  Count of atoms assigned to each task:
            0      641        0      690      714        0      699      635
            0      666        0      669      693        0      693      603
            0      707        0      699      738        0      678      608
            0      690        0      705      729        0      664      629
            0      705      732        0      693        0      653      676
            0      681      708        0      703        0      695      705
            0      720      698        0      626        0      710      699
            0      687      717        0      630      628        0      672
            0      687      676        0      608      671        0      702
            0      717      680        0      617      705        0      732
            0      717      640        0      696      723        0      750
          717        0      636        0      699      726        0      759
          683        0      705        0      720      720        0      726
          699        0      678        0      723      714        0      711
          711        0      717      756        0      747        0      690
          708        0      717      699        0      698        0      732
          699        0      696      733        0      661        0      640
          702        0      717      710        0      626      598        0
          671        0      718      612        0      560      559        0
          605        0      705      642        0      544      524        0
          618        0      690      698        0      557      541        0
          565      716        0      701        0      559      521        0
          525      660        0      708        0      642      606        0
          528      648        0      720        0      687      616        0
          580      644        0      705      690        0      666        0
          613      673        0      723      714        0      693        0
          590      701        0      705      693        0      688        0

Atom Distribution No.    15 at run step    4058:

  Count of atoms assigned to each task:
            0      623        0      684      723        0      687      634
            0      687        0      681      702        0      692      605
            0      687        0      696      708        0      672      621
            0      699        0      684      720        0      689      628
            0      672      702        0      711        0      682      662
            0      693      717        0      691        0      676      708
            0      693      710        0      630        0      683      708
            0      684      675        0      625      666        0      696
            0      702      636        0      615      659        0      699
            0      735      696        0      594      730        0      708
            0      708      657        0      694      741        0      747
          708        0      629        0      723      726        0      753
          708        0      693        0      717      741        0      735
          666        0      711        0      714      702        0      714
          708        0      741      759        0      735        0      687
          723        0      684      744        0      719        0      693
          696        0      723      730        0      635        0      612
          711        0      714      736        0      635      632        0
          689        0      694      627        0      566      533        0
          602        0      687      616        0      546      521        0
          599        0      684      656        0      566      552        0
          614      705        0      704        0      611      513        0
          570      612        0      711        0      669      612        0
          541      604        0      723        0      687      634        0
          555      639        0      725      687        0      689        0
          600      662        0      738      702        0      675        0
          641      688        0      705      699        0      669        0

Atom Distribution No.    16 at run step    4415:

  Count of atoms assigned to each task:
            0      625        0      702      690        0      708      622
            0      657        0      699      693        0      686      607
            0      705        0      699      720        0      695      597
            0      696        0      705      696        0      685      610
            0      708      714        0      714        0      671      649
            0      675      723        0      724        0      680      705
            0      708      731        0      624        0      690      723
            0      705      680        0      610      678        0      696
            0      702      706        0      614      684        0      690
            0      726      679        0      614      705        0      726
            0      714      640        0      648      726        0      735
          719        0      673        0      702      714        0      759
          680        0      699        0      711      720        0      726
          687        0      687        0      735      729        0      708
          684        0      717      729        0      699        0      696
          708        0      753      726        0      722        0      693
          705        0      717      726        0      613        0      633
          696        0      708      706        0      622      602        0
          683        0      690      646        0      542      529        0
          611        0      693      619        0      581      529        0
          615        0      666      673        0      612      523        0
          604      693        0      710        0      624      531        0
          530      630        0      699        0      628      624        0
          520      630        0      711        0      696      652        0
          584      632        0      729      717        0      680        0
          611      693        0      714      699        0      656        0
          604      668        0      720      693        0      694        0

Atom Distribution No.    17 at run step    4780:

  Count of atoms assigned to each task:
            0      650        0      675      678        0      708      597
            0      650        0      702      720        0      684      594
            0      710        0      693      708        0      702      590
            0      687        0      690      708        0      703      613
            0      678      714        0      729        0      667      649
            0      684      726        0      724        0      682      711
            0      699      716        0      643        0      705      708
            0      705      672        0      622      666        0      702
            0      705      644        0      625      701        0      687
            0      720      687        0      627      702        0      741
            0      708      647        0      696      717        0      732
          697        0      651        0      711      735        0      756
          721        0      699        0      717      726        0      717
          702        0      696        0      729      732        0      729
          684        0      732      747        0      705        0      708
          723        0      720      714        0      705        0      694
          714        0      714      718        0      613        0      639
          705        0      718      708        0      617      622        0
          710        0      704      620        0      558      509        0
          630        0      673      625        0      566      520        0
          637        0      681      697        0      557      557        0
          599      711        0      692        0      596      510        0
          529      656        0      702        0      638      603        0
          540      606        0      711        0      698      639        0
          572      620        0      708      693        0      674        0
          629      648        0      714      705        0      677        0
          570      707        0      711      708        0      675        0

Atom Distribution No.    18 at run step    5141:

  Count of atoms assigned to each task:
            0      629        0      675      723        0      714      610
            0      653        0      690      723        0      710      578
            0      672        0      696      717        0      674      612
            0      672        0      678      717        0      706      616
            0      678      705        0      729        0      676      662
            0      708      729        0      715        0      697      693
            0      687      713        0      615        0      687      693
            0      687      698        0      631      679        0      687
            0      687      663        0      658      686        0      696
            0      735      688        0      585      723        0      744
            0      732      654        0      693      744        0      732
          700        0      660        0      723      729        0      750
          685        0      708        0      708      735        0      699
          684        0      711        0      720      717        0      708
          708        0      732      747        0      720        0      729
          705        0      714      708        0      723        0      697
          714        0      702      732        0      593        0      650
          726        0      700      693        0      548      630        0
          701        0      733      599        0      547      538        0
          678        0      693      620        0      540      522        0
          622        0      684      644        0      553      546        0
          608      707        0      692        0      617      511        0
          585      669        0      709        0      619      554        0
          592      657        0      717        0      686      608        0
          561      680        0      708      705        0      689        0
          610      663        0      696      678        0      652        0
          600      669        0      711      690        0      681        0

Atom Distribution No.    19 at run step    5501:

  Count of atoms assigned to each task:
            0      636        0      693      699        0      717      612
            0      647        0      690      744        0      683      607
            0      696        0      693      705        0      693      614
            0      693        0      687      708        0      681      588
            0      684      705        0      702        0      658      677
            0      681      732        0      718        0      684      690
            0      711      722        0      639        0      694      699
            0      672      674        0      610      686        0      690
            0      699      664        0      623      689        0      708
            0      738      680        0      639      711        0      744
            0      708      635        0      687      747        0      741
          687        0      665        0      711      714        0      747
          699        0      699        0      696      711        0      732
          702        0      693        0      723      735        0      717
          711        0      747      723        0      705        0      705
          699        0      711      696        0      719        0      704
          717        0      717      709        0      647        0      618
          699        0      726      710        0      607      611        0
          686        0      700      627        0      547      543        0
          630        0      708      607        0      557      512        0
          618        0      684      688        0      561      574        0
          578      702        0      710        0      593      537        0
          580      680        0      723        0      637      547        0
          596      654        0      717        0      681      593        0
          564      674        0      711      693        0      665        0
          580      701        0      717      720        0      658        0
          582      660        0      711      690        0      671        0

Atom Distribution No.    20 at run step    5862:

  Count of atoms assigned to each task:
            0      632        0      651      711        0      711      611
            0      679        0      693      711        0      689      592
            0      668        0      696      729        0      683      611
            0      690        0      714      723        0      671      593
            0      693      705        0      717        0      668      677
            0      681      723        0      724        0      674      681
            0      705      734        0      644        0      691      666
            0      663      695        0      633      652        0      678
            0      717      706        0      619      647        0      708
            0      732      668        0      620      741        0      753
            0      735      627        0      717      762        0      723
          718        0      658        0      735      699        0      732
          699        0      696        0      711      750        0      726
          696        0      711        0      723      747        0      720
          735        0      717      723        0      714        0      693
          708        0      729      723        0      703        0      684
          696        0      717      736        0      631        0      642
          711        0      715      697        0      601      622        0
          669        0      711      633        0      550      543        0
          609        0      715      620        0      530      523        0
          618        0      687      665        0      566      529        0
          573      701        0      710        0      602      538        0
          549      709        0      719        0      648      537        0
          558      648        0      723        0      678      580        0
          521      675        0      705      684        0      686        0
          587      691        0      723      708        0      678        0
          573      694        0      726      678        0      681        0

Atom Distribution No.    21 at run step    6220:

  Count of atoms assigned to each task:
            0      656        0      684      714        0      699      627
            0      644        0      678      711        0      698      604
            0      671        0      729      696        0      688      593
            0      682        0      693      714        0      697      631
            0      666      705        0      705        0      675      665
            0      684      720        0      727        0      685      663
            0      717      710        0      646        0      674      699
            0      672      696        0      622      660        0      696
            0      678      717        0      594      644        0      711
            0      747      670        0      638      759        0      726
            0      738      634        0      687      726        0      714
          729        0      649        0      708      744        0      735
          693        0      720        0      714      720        0      717
          702        0      738        0      720      741        0      720
          705        0      720      741        0      756        0      690
          702        0      696      726        0      701        0      732
          732        0      732      733        0      590        0      644
          705        0      700      687        0      578      615        0
          710        0      696      638        0      557      541        0
          649        0      723      611        0      528      504        0
          610        0      687      653        0      552      554        0
          575      703        0      699        0      588      531        0
          593      689        0      720        0      627      557        0
          583      642        0      699        0      708      590        0
          539      640        0      696      708        0      680        0
          581      689        0      735      687        0      665        0
          584      704        0      723      681        0      663        0

Atom Distribution No.    22 at run step    6580:

  Count of atoms assigned to each task:
            0      648        0      684      702        0      711      606
            0      660        0      681      714        0      704      600
            0      666        0      711      732        0      726      604
            0      672        0      702      693        0      681      626
            0      711      714        0      720        0      659      682
            0      684      720        0      718        0      674      684
            0      702      699        0      654        0      677      696
            0      693      657        0      620      677        0      708
            0      690      668        0      611      668        0      714
            0      741      681        0      610      717        0      729
            0      726      638        0      675      711        0      732
          720        0      626        0      705      723        0      726
          701        0      702        0      699      741        0      723
          696        0      705        0      720      741        0      729
          714        0      729      702        0      762        0      717
          723        0      717      726        0      714        0      680
          729        0      708      730        0      629        0      664
          711        0      723      690        0      601      616        0
          699        0      682      646        0      559      521        0
          667        0      705      624        0      542      536        0
          616        0      690      683        0      569      542        0
          542      702        0      707        0      586      518        0
          505      691        0      699        0      636      598        0
          525      663        0      705        0      699      637        0
          505      639        0      693      729        0      684        0
          609      687        0      732      693        0      666        0
          612      679        0      708      690        0      661        0

Atom Distribution No.    23 at run step    6943:

  Count of atoms assigned to each task:
            0      650        0      678      714        0      684      610
            0      673        0      690      702        0      719      607
            0      713        0      699      732        0      670      602
            0      657        0      687      723        0      660      666
            0      717      705        0      720        0      673      672
            0      675      711        0      707        0      692      699
            0      699      672        0      627        0      729      684
            0      705      656        0      620      700        0      702
            0      687      663        0      627      660        0      708
            0      729      674        0      604      720        0      729
            0      762      625        0      693      744        0      726
          693        0      638        0      693      720        0      708
          677        0      678        0      702      741        0      750
          687        0      741        0      726      738        0      726
          699        0      708      723        0      726        0      714
          714        0      735      747        0      714        0      717
          735        0      708      754        0      628        0      649
          708        0      700      686        0      578      618        0
          696        0      676      603        0      547      517        0
          697        0      687      626        0      556      528        0
          678        0      684      655        0      554      550        0
          592      699        0      678        0      612      522        0
          594      688        0      692        0      635      533        0
          573      647        0      717        0      678      598        0
          539      632        0      717      696        0      680        0
          623      683        0      708      669        0      664        0
          579      684        0      720      699        0      670        0

Atom Distribution No.    24 at run step    7295:

  Count of atoms assigned to each task:
            0      647        0      687      705        0      678      634
            0      676        0      702      699        0      719      612
            0      695        0      693      741        0      677      621
            0      696        0      705      720        0      630      639
            0      666      702        0      720        0      683      677
            0      681      714        0      703        0      687      687
            0      675      701        0      632        0      705      687
            0      696      670        0      618      677        0      717
            0      675      647        0      612      680        0      681
            0      717      679        0      658      735        0      744
            0      738      632        0      684      726        0      732
          705        0      626        0      696      711        0      726
          677        0      693        0      699      735        0      720
          675        0      687        0      741      711        0      708
          711        0      714      738        0      753        0      714
          750        0      717      720        0      728        0      687
          711        0      717      724        0      641        0      694
          690        0      709      695        0      592      641        0
          675        0      684      592        0      554      529        0
          686        0      712      604        0      545      521        0
          677        0      711      639        0      557      532        0
          621      687        0      645        0      584      536        0
          582      708        0      699        0      636      564        0
          589      697        0      717        0      690      563        0
          584      651        0      696      708        0      683        0
          596      655        0      708      675        0      674        0
          585      682        0      711      705        0      687        0

Atom Distribution No.    25 at run step    7650:

  Count of atoms assigned to each task:
            0      658        0      708      744        0      699      608
            0      658        0      681      708        0      707      595
            0      690        0      684      714        0      709      612
            0      696        0      678      723        0      627      654
            0      711      711        0      723        0      671      657
            0      678      702        0      721        0      674      666
            0      690      710        0      647        0      699      684
            0      675      696        0      629      669        0      699
            0      699      700        0      609      656        0      684
            0      738      681        0      620      720        0      678
            0      729      643        0      697      738        0      726
          711        0      646        0      717      732        0      729
          690        0      681        0      705      753        0      711
          690        0      666        0      723      744        0      720
          714        0      720      729        0      729        0      711
          735        0      744      744        0      736        0      702
          714        0      702      720        0      649        0      647
          699        0      718      686        0      623      626        0
          699        0      678      636        0      542      533        0
          627        0      687      638        0      524      531        0
          617        0      696      661        0      559      566        0
          565      695        0      699        0      597      516        0
          542      694        0      687        0      650      572        0
          583      658        0      699        0      693      641        0
          529      645        0      705      678        0      673        0
          612      664        0      702      687        0      674        0
          629      696        0      726      690        0      662        0

Atom Distribution No.    26 at run step    8007:

  Count of atoms assigned to each task:
            0      642        0      702      708        0      708      623
            0      665        0      681      717        0      719      587
            0      681        0      693      735        0      689      605
            0      699        0      693      732        0      668      613
            0      690      702        0      729        0      673      653
            0      690      699        0      715        0      663      681
            0      696      734        0      648        0      699      663
            0      708      692        0      635      648        0      693
            0      666      698        0      605      662        0      696
            0      735      683        0      629      729        0      726
            0      699      662        0      664      714        0      726
          726        0      639        0      711      720        0      744
          697        0      686        0      705      717        0      726
          696        0      711        0      738      717        0      744
          678        0      705      735        0      735        0      726
          741        0      729      723        0      712        0      714
          717        0      729      723        0      643        0      649
          699        0      697      695        0      605      594        0
          696        0      694      642        0      550      523        0
          623        0      717      641        0      533      531        0
          600        0      696      671        0      587      535        0
          589      706        0      710        0      622      544        0
          536      634        0      705        0      632      617        0
          551      677        0      699        0      689      582        0
          540      620        0      723      681        0      683        0
          630      655        0      699      714        0      694        0
          573      698        0      720      678        0      675        0

Atom Distribution No.    27 at run step    8374:

  Count of atoms assigned to each task:
            0      657        0      672      717        0      729      622
            0      659        0      672      717        0      701      596
            0      667        0      723      711        0      679      621
            0      699        0      675      714        0      661      610
            0      687      729        0      738        0      659      673
            0      678      729        0      712        0      667      687
            0      705      707        0      658        0      675      684
            0      684      688        0      629      642        0      702
            0      711      670        0      645      656        0      675
            0      720      697        0      614      718        0      732
            0      735      637        0      696      735        0      726
          720        0      622        0      720      708        0      741
          696        0      696        0      717      723        0      726
          699        0      711        0      726      714        0      723
          711        0      726      726        0      711        0      723
          708        0      705      732        0      703        0      705
          735        0      717      723        0      621        0      649
          675        0      700      700        0      617      595        0
          708        0      706      632        0      552      551        0
          622        0      714      643        0      530      523        0
          601        0      708      677        0      568      552        0
          547      671        0      697        0      601      555        0
          538      697        0      705        0      626      563        0
          557      647        0      708        0      735      587        0
          531      671        0      693      699        0      700        0
          631      685        0      723      702        0      658        0
          619      686        0      696      675        0      690        0

Atom Distribution No.    28 at run step    8730:

  Count of atoms assigned to each task:
            0      653        0      675      702        0      711      608
            0      646        0      693      720        0      705      600
            0      673        0      699      726        0      686      591
            0      681        0      699      714        0      694      574
            0      705      717        0      717        0      691      670
            0      684      699        0      721        0      667      663
            0      717      722        0      648        0      660      717
            0      678      691        0      613      637        0      681
            0      693      704        0      638      656        0      693
            0      732      663        0      627      702        0      744
            0      741      659        0      637      747        0      705
          714        0      645        0      708      735        0      744
          730        0      663        0      711      720        0      732
          699        0      738        0      708      735        0      705
          669        0      717      723        0      723        0      717
          702        0      714      735        0      700        0      718
          712        0      693      747        0      680        0      643
          705        0      727      719        0      599      599        0
          698        0      712      623        0      537      543        0
          630        0      714      633        0      551      499        0
          582        0      684      671        0      633      532        0
          556      685        0      693        0      653      522        0
          560      642        0      672        0      696      620        0
          547      615        0      726        0      717      605        0
          558      643        0      693      687        0      700        0
          589      670        0      723      711        0      712        0
          620      677        0      693      681        0      680        0

Atom Distribution No.    29 at run step    9087:

  Count of atoms assigned to each task:
            0      643        0      672      693        0      699      619
            0      647        0      687      741        0      686      612
            0      644        0      711      717        0      697      599
            0      699        0      699      699        0      686      588
            0      687      732        0      744        0      676      664
            0      675      720        0      712        0      681      690
            0      702      737        0      634        0      719      708
            0      666      686        0      640      641        0      675
            0      693      676        0      613      656        0      690
            0      744      667        0      603      745        0      753
            0      729      656        0      651      756        0      699
          729        0      612        0      723      744        0      741
          695        0      672        0      699      741        0      738
          693        0      714        0      726      726        0      726
          693        0      708      714        0      726        0      696
          720        0      702      726        0      691        0      714
          712        0      717      741        0      676        0      644
          699        0      703      690        0      649      610        0
          704        0      722      645        0      521      528        0
          648        0      696      628        0      547      536        0
          574        0      696      704        0      554      538        0
          540      713        0      708        0      635      530        0
          536      627        0      693        0      657      610        0
          538      639        0      726        0      699      622        0
          529      634        0      699      705        0      675        0
          634      645        0      732      705        0      673        0
          623      690        0      711      687        0      682        0

Atom Distribution No.    30 at run step    9449:

  Count of atoms assigned to each task:
            0      644        0      657      702        0      678      646
            0      665        0      681      720        0      704      586
            0      663        0      690      699        0      714      571
            0      688        0      693      729        0      666      597
            0      696      735        0      705        0      700      703
            0      684      708        0      715        0      682      675
            0      684      710        0      632        0      716      690
            0      702      690        0      618      668        0      687
            0      669      679        0      616      676        0      702
            0      714      670        0      623      709        0      759
            0      738      621        0      684      741        0      717
          711        0      636        0      702      747        0      744
          688        0      699        0      714      762        0      735
          663        0      708        0      702      714        0      729
          699        0      711      726        0      732        0      714
          699        0      687      735        0      718        0      674
          706        0      729      735        0      656        0      623
          717        0      693      712        0      633      591        0
          665        0      709      633        0      556      542        0
          653        0      720      648        0      553      522        0
          608        0      687      638        0      580      527        0
          597      672        0      729        0      650      516        0
          547      674        0      723        0      630      611        0
          529      637        0      705        0      717      616        0
          516      666        0      726      699        0      674        0
          625      686        0      693      696        0      675        0
          577      711        0      711      711        0      691        0

Atom Distribution No.    31 at run step    9815:

  Count of atoms assigned to each task:
            0      659        0      690      699        0      705      616
            0      646        0      666      711        0      698      585
            0      656        0      690      696        0      712      597
            0      684        0      690      702        0      673      594
            0      678      729        0      690        0      695      680
            0      690      738        0      709        0      676      675
            0      708      725        0      640        0      707      687
            0      705      700        0      631      637        0      699
            0      690      649        0      626      628        0      711
            0      717      698        0      612      724        0      750
            0      747      671        0      645      735        0      747
          690        0      631        0      690      729        0      738
          693        0      690        0      735      756        0      714
          696        0      693        0      708      720        0      747
          672        0      708      726        0      744        0      690
          714        0      708      711        0      715        0      691
          682        0      729      720        0      691        0      635
          705        0      708      691        0      628      611        0
          686        0      693      650        0      612      514        0
          614        0      693      649        0      559      523        0
          583        0      702      722        0      611      543        0
          556      683        0      708        0      628      517        0
          574      631        0      717        0      651      614        0
          532      657        0      723        0      708      629        0
          518      640        0      708      690        0      686        0
          618      660        0      696      687        0      667        0
          596      720        0      714      699        0      698        0

Atom Distribution No.    32 at run step   10182:

  Count of atoms assigned to each task:
            0      643        0      681      726        0      675      619
            0      641        0      672      702        0      695      597
            0      683        0      690      726        0      712      596
            0      675        0      684      708        0      684      599
            0      696      735        0      723        0      678      659
            0      699      732        0      703        0      682      657
            0      696      716        0      674        0      669      681
            0      705      700        0      646      642        0      693
            0      687      678        0      597      678        0      690
            0      711      692        0      639      729        0      702
            0      732      656        0      684      744        0      744
          717        0      627        0      726      717        0      720
          685        0      669        0      720      762        0      717
          675        0      705        0      738      750        0      696
          705        0      711      729        0      717        0      729
          708        0      714      717        0      693        0      692
          693        0      717      714        0      652        0      651
          708        0      721      721        0      628      598        0
          683        0      708      625        0      566      530        0
          628        0      693      630        0      563      505        0
          596        0      690      664        0      591      549        0
          594      716        0      723        0      594      537        0
          517      683        0      714        0      655      611        0
          533      630        0      720        0      699      631        0
          533      630        0      711      693        0      695        0
          603      681        0      714      684        0      687        0
          607      672        0      738      693        0      688        0

Atom Distribution No.    33 at run step   10544:

  Count of atoms assigned to each task:
            0      659        0      675      702        0      699      614
            0      641        0      696      711        0      680      597
            0      685        0      711      723        0      706      597
            0      673        0      681      693        0      673      609
            0      684      729        0      738        0      669      701
            0      702      720        0      718        0      673      687
            0      684      728        0      641        0      686      702
            0      687      657        0      640      666        0      693
            0      699      694        0      594      664        0      681
            0      717      659        0      611      738        0      717
            0      735      661        0      713      744        0      720
          711        0      635        0      690      726        0      732
          709        0      671        0      726      750        0      726
          681        0      720        0      723      714        0      744
          717        0      720      726        0      705        0      693
          726        0      741      723        0      715        0      694
          726        0      708      726        0      645        0      630
          690        0      721      708        0      603      617        0
          698        0      703      619        0      541      550        0
          634        0      703      633        0      522      529        0
          614        0      684      665        0      574      537        0
          590      699        0      717        0      584      533        0
          567      634        0      735        0      628      590        0
          544      620        0      732        0      735      617        0
          525      631        0      702      693        0      666        0
          619      661        0      744      672        0      696        0
          610      677        0      729      696        0      685        0

Atom Distribution No.    34 at run step   10913:

  Count of atoms assigned to each task:
            0      635        0      699      714        0      693      634
            0      650        0      678      711        0      731      608
            0      696        0      693      735        0      686      604
            0      690        0      693      696        0      701      615
            0      687      684        0      726        0      654      698
            0      678      723        0      721        0      673      690
            0      696      704        0      637        0      698      702
            0      696      666        0      634      637        0      690
            0      708      676        0      634      681        0      705
            0      737      678        0      620      720        0      711
            0      726      669        0      693      735        0      732
          691        0      620        0      708      735        0      726
          692        0      693        0      729      717        0      741
          705        0      726        0      708      726        0      705
          714        0      711      735        0      729        0      702
          711        0      732      714        0      694        0      699
          711        0      741      729        0      627        0      630
          711        0      703      725        0      616      641        0
          684        0      706      616        0      544      530        0
          640        0      702      619        0      549      512        0
          625        0      720      672        0      553      533        0
          589      681        0      681        0      585      504        0
          559      619        0      690        0      626      606        0
          544      648        0      729        0      711      646        0
          548      615        0      723      693        0      680        0
          628      640        0      717      693        0      681        0
          595      685        0      723      699        0      685        0

Atom Distribution No.    35 at run step   11272:

  Count of atoms assigned to each task:
            0      662        0      687      693        0      714      630
            0      632        0      699      714        0      722      597
            0      684        0      699      720        0      688      609
            0      684        0      672      714        0      656      609
            0      684      708        0      723        0      633      691
            0      690      705        0      715        0      678      681
            0      711      730        0      629        0      699      696
            0      684      673        0      631      680        0      669
            0      696      650        0      601      706        0      714
            0      744      669        0      620      714        0      714
            0      726      629        0      723      744        0      717
          701        0      680        0      723      726        0      714
          711        0      702        0      717      750        0      729
          675        0      717        0      726      720        0      708
          696        0      714      729        0      723        0      693
          705        0      729      726        0      722        0      711
          723        0      717      721        0      623        0      683
          714        0      712      675        0      569      627        0
          714        0      708      640        0      487      595        0
          717        0      676      619        0      509      533        0
          671        0      711      623        0      530      514        0
          616      695        0      691        0      599      528        0
          586      688        0      697        0      614      584        0
          546      640        0      714        0      711      592        0
          526      640        0      699      696        0      662        0
          631      627        0      729      699        0      698        0
          578      706        0      723      681        0      690        0

Atom Distribution No.    36 at run step   11625:

  Count of atoms assigned to each task:
            0      635        0      654      705        0      708      597
            0      653        0      693      729        0      698      610
            0      685        0      684      690        0      697      604
            0      679        0      693      756        0      694      598
            0      675      699        0      726        0      678      661
            0      696      705        0      715        0      676      684
            0      699      728        0      633        0      706      687
            0      705      678        0      628      672        0      681
            0      687      695        0      618      665        0      723
            0      714      678        0      624      723        0      705
            0      741      632        0      708      729        0      741
          688        0      686        0      696      750        0      738
          681        0      699        0      720      732        0      732
          696        0      717        0      714      732        0      726
          714        0      705      729        0      723        0      720
          714        0      726      735        0      669        0      711
          717        0      714      738        0      639        0      698
          705        0      721      626        0      600      624        0
          681        0      697      623        0      539      539        0
          706        0      702      561        0      533      539        0
          671        0      723      627        0      555      512        0
          614      714        0      629        0      601      531        0
          580      679        0      714        0      638      540        0
          589      643        0      699        0      690      611        0
          585      682        0      684      711        0      665        0
          599      657        0      717      684        0      636        0
          604      707        0      735      666        0      682        0

Atom Distribution No.    37 at run step   11984:

  Count of atoms assigned to each task:
            0      630        0      660      714        0      687      586
            0      663        0      666      690        0      696      618
            0      620        0      699      747        0      705      586
            0      670        0      678      726        0      719      600
            0      699      726        0      714        0      666      654
            0      678      741        0      721        0      705      693
            0      693      719        0      649        0      688      687
            0      702      677        0      637      697        0      687
            0      693      677        0      645      656        0      708
            0      723      663        0      636      708        0      729
            0      711      650        0      696      741        0      732
          688        0      682        0      708      744        0      714
          703        0      687        0      723      747        0      756
          684        0      714        0      711      741        0      711
          714        0      717      723        0      711        0      711
          717        0      741      717        0      710        0      722
          693        0      732      718        0      603        0      698
          708        0      711      679        0      566      623        0
          678        0      685      617        0      527      512        0
          699        0      723      605        0      527      531        0
          675        0      693      617        0      541      543        0
          592      708        0      676        0      622      535        0
          573      719        0      706        0      620      529        0
          588      666        0      708        0      707      575        0
          542      645        0      690      711        0      666        0
          589      712        0      687      708        0      660        0
          578      705        0      732      702        0      694        0

Atom Distribution No.    38 at run step   12340:

  Count of atoms assigned to each task:
            0      627        0      663      696        0      705      604
            0      653        0      669      723        0      666      605
            0      671        0      678      711        0      717      587
            0      673        0      696      726        0      713      608
            0      693      732        0      714        0      691      667
            0      690      714        0      712        0      673      684
            0      702      719        0      661        0      680      696
            0      720      667        0      634      687        0      684
            0      708      674        0      624      707        0      705
            0      729      673        0      613      714        0      723
            0      723      641        0      705      723        0      732
          686        0      671        0      717      735        0      744
          705        0      693        0      729      756        0      723
          702        0      702        0      708      732        0      717
          708        0      726      756        0      723        0      723
          711        0      711      714        0      697        0      729
          711        0      708      715        0      639        0      690
          732        0      718      641        0      599      632        0
          693        0      687      596        0      521      535        0
          693        0      696      592        0      527      535        0
          661        0      696      615        0      557      543        0
          621      714        0      683        0      606      527        0
          574      667        0      687        0      641      520        0
          584      660        0      693        0      698      590        0
          526      631        0      681      726        0      651        0
          619      658        0      735      699        0      687        0
          589      701        0      720      696        0      667        0

Atom Distribution No.    39 at run step   12699:

  Count of atoms assigned to each task:
            0      646        0      666      705        0      678      615
            0      668        0      666      684        0      704      618
            0      665        0      705      726        0      714      603
            0      649        0      696      714        0      710      589
            0      678      711        0      705        0      705      656
            0      696      717        0      687        0      674      669
            0      702      711        0      675        0      659      720
            0      687      682        0      620      679        0      699
            0      687      648        0      627      698        0      699
            0      720      692        0      615      723        0      705
            0      738      656        0      689      711        0      747
          726        0      651        0      726      732        0      726
          686        0      690        0      717      735        0      711
          690        0      720        0      726      729        0      717
          702        0      726      747        0      696        0      726
          729        0      732      732        0      709        0      707
          729        0      714      729        0      635        0      679
          714        0      709      642        0      535      649        0
          695        0      703      626        0      534      558        0
          674        0      700      606        0      531      526        0
          660        0      693      624        0      549      542        0
          615      708        0      648        0      613      514        0
          580      696        0      711        0      621      610        0
          577      662        0      714        0      678      606        0
          522      666        0      702      675        0      681        0
          601      674        0      720      717        0      671        0
          602      688        0      705      699        0      678        0

Atom Distribution No.    40 at run step   13060:

  Count of atoms assigned to each task:
            0      651        0      690      687        0      714      616
            0      650        0      675      720        0      693      608
            0      662        0      711      723        0      690      609
            0      664        0      675      711        0      703      586
            0      699      708        0      723        0      692      680
            0      690      696        0      696        0      673      681
            0      678      713        0      684        0      637      708
            0      717      724        0      621      667        0      675
            0      678      687        0      633      668        0      708
            0      714      659        0      615      726        0      711
            0      735      653        0      692      729        0      741
          735        0      637        0      696      744        0      741
          704        0      684        0      720      732        0      738
          702        0      714        0      714      735        0      726
          693        0      702      741        0      747        0      714
          729        0      723      711        0      711        0      722
          729        0      732      715        0      616        0      686
          702        0      715      681        0      611      625        0
          690        0      718      629        0      535      534        0
          652        0      706      629        0      523      540        0
          621        0      705      631        0      534      543        0
          592      707        0      686        0      611      524        0
          545      691        0      708        0      610      542        0
          561      635        0      714        0      704      656        0
          558      625        0      705      687        0      695        0
          598      656        0      717      699        0      644        0
          600      702        0      714      681        0      673        0

Atom Distribution No.    41 at run step   13425:

  Count of atoms assigned to each task:
            0      631        0      690      690        0      693      605
            0      679        0      666      708        0      702      610
            0      654        0      690      714        0      715      601
            0      669        0      696      729        0      696      612
            0      681      699        0      696        0      708      672
            0      702      690        0      705        0      682      687
            0      681      720        0      660        0      679      708
            0      687      709        0      630      648        0      696
            0      675      679        0      631      671        0      696
            0      732      699        0      617      703        0      723
            0      723      676        0      642      747        0      744
          717        0      641        0      723      732        0      759
          728        0      717        0      699      741        0      744
          690        0      702        0      723      708        0      711
          699        0      720      747        0      723        0      690
          717        0      711      714        0      735        0      693
          705        0      705      729        0      617        0      643
          702        0      732      686        0      552      651        0
          695        0      692      653        0      542      544        0
          643        0      675      633        0      533      525        0
          655        0      714      621        0      561      547        0
          610      717        0      702        0      600      518        0
          568      669        0      681        0      642      586        0
          512      661        0      720        0      690      623        0
          537      658        0      702      708        0      681        0
          610      651        0      717      690        0      681        0
          606      692        0      723      672        0      692        0

Atom Distribution No.    42 at run step   13780:

  Count of atoms assigned to each task:
            0      635        0      663      693        0      693      630
            0      629        0      690      693        0      702      610
            0      654        0      693      723        0      697      602
            0      705        0      693      705        0      744      607
            0      702      702        0      702        0      687      673
            0      663      708        0      711        0      685      672
            0      675      711        0      688        0      621      693
            0      705      724        0      645      633        0      678
            0      702      702        0      632      672        0      669
            0      738      679        0      634      706        0      732
            0      720      656        0      679      753        0      753
          723        0      647        0      723      711        0      741
          717        0      668        0      702      735        0      759
          678        0      729        0      711      729        0      708
          708        0      711      741        0      717        0      705
          708        0      702      723        0      712        0      700
          696        0      741      732        0      637        0      646
          699        0      709      700        0      608      610        0
          692        0      699      642        0      556      542        0
          656        0      687      644        0      546      520        0
          611        0      690      631        0      566      556        0
          600      724        0      681        0      593      548        0
          536      679        0      708        0      661      582        0
          522      655        0      678        0      708      613        0
          547      626        0      729      696        0      683        0
          601      649        0      726      708        0      669        0
          629      705        0      687      681        0      692        0

Atom Distribution No.    43 at run step   14138:

  Count of atoms assigned to each task:
            0      635        0      645      696        0      714      631
            0      661        0      690      711        0      708      603
            0      661        0      675      720        0      727      613
            0      705        0      675      699        0      678      606
            0      717      708        0      711        0      682      662
            0      675      720        0      712        0      675      690
            0      705      720        0      673        0      672      687
            0      708      745        0      643      648        0      651
            0      708      680        0      621      656        0      714
            0      747      682        0      605      702        0      732
            0      711      657        0      681      741        0      771
          702        0      626        0      684      732        0      708
          713        0      699        0      705      747        0      747
          672        0      708        0      705      726        0      726
          708        0      723      735        0      735        0      702
          714        0      687      714        0      733        0      686
          681        0      717      747        0      625        0      663
          711        0      691      698        0      612      612        0
          677        0      687      655        0      550      551        0
          616        0      705      633        0      552      500        0
          608        0      706      636        0      605      536        0
          609      716        0      705        0      634      524        0
          536      669        0      690        0      622      588        0
          564      659        0      714        0      702      626        0
          522      619        0      690      693        0      698        0
          593      649        0      705      696        0      663        0
          626      714        0      729      702        0      673        0

Atom Distribution No.    44 at run step   14497:

  Count of atoms assigned to each task:
            0      644        0      690      714        0      723      599
            0      676        0      681      690        0      698      598
            0      643        0      678      708        0      730      626
            0      691        0      690      720        0      719      604
            0      705      711        0      705        0      676      668
            0      681      720        0      730        0      661      669
            0      684      713        0      640        0      691      699
            0      690      699        0      620      660        0      675
            0      693      699        0      621      674        0      687
            0      753      653        0      611      732        0      726
            0      726      640        0      678      708        0      741
          696        0      619        0      705      735        0      756
          702        0      689        0      720      738        0      729
          699        0      732        0      732      708        0      720
          693        0      696      714        0      732        0      714
          702        0      705      711        0      736        0      685
          712        0      711      720        0      669        0      616
          699        0      718      735        0      623      606        0
          680        0      690      633        0      578      527        0
          637        0      702      632        0      555      494        0
          613        0      708      692        0      606      511        0
          595      713        0      711        0      550      553        0
          586      686        0      705        0      623      581        0
          532      674        0      702        0      692      660        0
          528      623        0      696      693        0      658        0
          620      654        0      726      693        0      697        0
          559      684        0      708      708        0      700        0

Atom Distribution No.    45 at run step   14860:

  Count of atoms assigned to each task:
            0      630        0      699      720        0      729      617
            0      631        0      681      708        0      710      606
            0      683        0      687      729        0      736      616
            0      675        0      714      723        0      660      604
            0      702      687        0      729        0      687      684
            0      693      726        0      715        0      668      681
            0      681      698        0      663        0      700      681
            0      705      684        0      618      673        0      663
            0      696      689        0      630      633        0      705
            0      741      692        0      621      741        0      726
            0      723      607        0      705      726        0      747
          700        0      659        0      693      726        0      723
          708        0      675        0      726      726        0      747
          669        0      708        0      711      711        0      717
          708        0      705      735        0      723        0      717
          750        0      699      717        0      722        0      684
          693        0      711      721        0      688        0      630
          726        0      691      691        0      633      594        0
          693        0      711      658        0      546      548        0
          639        0      709      636        0      526      566        0
          593        0      696      645        0      549      546        0
          575      694        0      695        0      583      529        0
          519      693        0      714        0      631      585        0
          583      657        0      708        0      703      626        0
          539      641        0      720      660        0      689        0
          587      663        0      699      702        0      676        0
          590      690        0      702      693        0      684        0

Atom Distribution No.    46 at run step   15226:

  Count of atoms assigned to each task:
            0      652        0      660      711        0      693      604
            0      673        0      684      720        0      713      596
            0      678        0      693      732        0      692      604
            0      670        0      705      726        0      658      634
            0      678      696        0      714        0      676      693
            0      711      717        0      745        0      662      690
            0      696      695        0      633        0      688      696
            0      678      678        0      594      681        0      687
            0      663      675        0      632      695        0      687
            0      753      673        0      630      703        0      723
            0      735      615        0      695      732        0      753
          696        0      672        0      738      741        0      726
          693        0      711        0      708      720        0      747
          666        0      705        0      717      711        0      687
          702        0      735      720        0      726        0      720
          738        0      708      729        0      725        0      678
          693        0      714      736        0      638        0      651
          732        0      685      715        0      545      644        0
          677        0      720      601        0      557      533        0
          666        0      705      642        0      541      540        0
          668        0      699      619        0      555      521        0
          627      689        0      714        0      588      530        0
          560      662        0      720        0      628      556        0
          598      669        0      708        0      704      633        0
          522      653        0      708      672        0      662        0
          625      644        0      720      720        0      647        0
          572      720        0      699      705        0      665        0

Atom Distribution No.    47 at run step   15587:

  Count of atoms assigned to each task:
            0      642        0      666      714        0      714      613
            0      668        0      681      705        0      707      603
            0      675        0      714      756        0      677      605
            0      681        0      702      717        0      689      628
            0      699      720        0      726        0      672      672
            0      693      723        0      718        0      670      684
            0      681      719        0      619        0      712      699
            0      699      677        0      619      654        0      666
            0      681      696        0      611      661        0      681
            0      702      675        0      612      717        0      741
            0      762      634        0      688      744        0      717
          730        0      654        0      744      711        0      729
          690        0      717        0      696      732        0      720
          699        0      708        0      717      720        0      687
          705        0      720      732        0      729        0      684
          708        0      708      723        0      738        0      723
          741        0      720      721        0      614        0      644
          702        0      691      687        0      620      620        0
          695        0      696      641        0      562      534        0
          596        0      714      644        0      527      498        0
          629        0      711      682        0      535      562        0
          588      703        0      708        0      603      512        0
          517      697        0      708        0      627      541        0
          594      638        0      717        0      702      626        0
          572      626        0      708      678        0      666        0
          615      661        0      717      696        0      677        0
          611      705        0      720      699        0      663        0

Atom Distribution No.    48 at run step   15951:

  Count of atoms assigned to each task:
            0      636        0      699      693        0      708      608
            0      649        0      693      723        0      707      618
            0      693        0      690      738        0      677      614
            0      717        0      684      729        0      649      660
            0      705      696        0      720        0      657      693
            0      687      723        0      721        0      689      675
            0      705      715        0      627        0      708      690
            0      693      659        0      612      683        0      669
            0      684      646        0      636      666        0      690
            0      702      659        0      614      756        0      708
            0      738      632        0      694      735        0      744
          711        0      674        0      735      711        0      741
          699        0      723        0      714      738        0      726
          669        0      699        0      717      720        0      732
          696        0      711      717        0      732        0      702
          696        0      726      702        0      713        0      705
          723        0      741      721        0      620        0      642
          690        0      706      660        0      608      607        0
          704        0      684      661        0      535      518        0
          651        0      693      632        0      527      526        0
          620        0      672      662        0      564      570        0
          568      694        0      714        0      579      536        0
          524      683        0      696        0      632      598        0
          535      669        0      717        0      735      647        0
          532      654        0      714      699        0      676        0
          594      656        0      711      702        0      673        0
          600      689        0      738      708        0      671        0

Atom Distribution No.    49 at run step   16318:

  Count of atoms assigned to each task:
            0      641        0      702      693        0      726      610
            0      672        0      693      699        0      743      590
            0      687        0      702      738        0      661      628
            0      711        0      678      720        0      635      675
            0      699      711        0      729        0      668      684
            0      708      696        0      721        0      686      699
            0      693      700        0      613        0      712      690
            0      678      695        0      624      660        0      693
            0      657      648        0      658      708        0      684
            0      705      656        0      641      720        0      726
            0      714      618        0      736      726        0      753
          692        0      692        0      711      720        0      738
          708        0      732        0      714      735        0      735
          663        0      690        0      711      717        0      717
          726        0      711      729        0      714        0      708
          708        0      735      720        0      675        0      700
          708        0      720      736        0      617        0      633
          729        0      694      689        0      612      615        0
          707        0      690      626        0      535      535        0
          635        0      690      641        0      518      509        0
          649        0      705      645        0      565      540        0
          567      680        0      720        0      597      547        0
          537      677        0      714        0      647      596        0
          538      647        0      696        0      725      618        0
          527      617        0      687      693        0      681        0
          626      693        0      708      702        0      647        0
          589      699        0      714      699        0      661        0

Atom Distribution No.    50 at run step   16686:

  Count of atoms assigned to each task:
            0      638        0      666      729        0      705      615
            0      658        0      681      726        0      725      590
            0      687        0      678      729        0      659      615
            0      712        0      681      720        0      662      644
            0      726      699        0      717        0      667      678
            0      690      702        0      712        0      695      675
            0      675      707        0      620        0      693      657
            0      678      716        0      633      680        0      702
            0      672      642        0      619      703        0      675
            0      711      649        0      658      723        0      747
            0      726      625        0      694      735        0      729
          684        0      661        0      735      687        0      744
          735        0      702        0      729      723        0      726
          690        0      696        0      735      729        0      705
          702        0      708      729        0      702        0      717
          726        0      696      735        0      705        0      675
          702        0      729      718        0      630        0      652
          702        0      706      683        0      623      610        0
          680        0      687      638        0      553      527        0
          643        0      717      635        0      545      517        0
          607        0      705      655        0      566      547        0
          588      700        0      723        0      595      530        0
          559      681        0      681        0      633      563        0
          572      650        0      720        0      723      603        0
          520      654        0      714      699        0      693        0
          608      672        0      714      705        0      652        0
          620      721        0      711      705        0      694        0

Atom Distribution No.    51 at run step   17048:

  Count of atoms assigned to each task:
            0      627        0      657      732        0      711      617
            0      683        0      687      684        0      710      614
            0      687        0      678      744        0      681      605
            0      694        0      714      693        0      676      589
            0      705      723        0      708        0      682      681
            0      678      699        0      721        0      695      696
            0      705      713        0      632        0      699      699
            0      678      671        0      644      645        0      693
            0      666      675        0      625      700        0      672
            0      753      664        0      601      717        0      744
            0      717      630        0      694      735        0      741
          711        0      635        0      726      705        0      729
          723        0      717        0      720      735        0      735
          678        0      729        0      705      750        0      708
          705        0      666      738        0      729        0      684
          699        0      708      705        0      689        0      691
          735        0      729      709        0      671        0      632
          705        0      700      710        0      615      620        0
          686        0      705      637        0      576      515        0
          608        0      702      630        0      545      522        0
          588        0      703      697        0      584      541        0
          553      706        0      699        0      616      516        0
          579      655        0      720        0      641      604        0
          531      617        0      726        0      717      633        0
          559      611        0      702      693        0      682        0
          615      644        0      726      705        0      693        0
          631      688        0      711      690        0      674        0

Atom Distribution No.    52 at run step   17404:

  Count of atoms assigned to each task:
            0      653        0      660      705        0      717      616
            0      653        0      690      723        0      704      610
            0      675        0      708      711        0      701      600
            0      703        0      711      705        0      665      624
            0      699      723        0      708        0      679      677
            0      693      699        0      712        0      678      693
            0      687      704        0      620        0      700      696
            0      669      658        0      654      673        0      672
            0      690      702        0      606      671        0      684
            0      717      682        0      615      741        0      762
            0      741      649        0      694      717        0      732
          699        0      626        0      729      711        0      726
          687        0      705        0      729      750        0      726
          681        0      723        0      714      735        0      723
          690        0      675      717        0      732        0      693
          726        0      714      729        0      714        0      691
          711        0      735      704        0      642        0      642
          729        0      687      716        0      629      589        0
          695        0      681      632        0      538      542        0
          629        0      675      634        0      552      518        0
          588        0      723      637        0      632      527        0
          603      693        0      731        0      584      531        0
          542      683        0      708        0      641      582        0
          545      681        0      708        0      687      654        0
          517      608        0      705      687        0      671        0
          605      696        0      714      717        0      683        0
          608      701        0      711      684        0      663        0

Atom Distribution No.    53 at run step   17768:

  Count of atoms assigned to each task:
            0      647        0      672      711        0      714      628
            0      655        0      669      711        0      668      623
            0      691        0      714      702        0      687      599
            0      681        0      711      714        0      683      605
            0      699      702        0      699        0      667      674
            0      711      714        0      709        0      684      699
            0      702      701        0      614        0      718      690
            0      687      705        0      621      614        0      705
            0      705      687        0      609      668        0      714
            0      750      677        0      628      705        0      732
            0      741      675        0      663      732        0      738
          681        0      648        0      735      720        0      720
          681        0      687        0      726      741        0      735
          684        0      708        0      702      714        0      717
          720        0      696      729        0      747        0      714
          699        0      699      744        0      720        0      694
          696        0      687      716        0      639        0      652
          726        0      711      709        0      621      628        0
          726        0      693      660        0      542      520        0
          623        0      669      636        0      528      508        0
          597        0      690      708        0      556      542        0
          553      693        0      702        0      616      538        0
          553      670        0      714        0      638      598        0
          523      678        0      705        0      722      607        0
          524      647        0      723      708        0      675        0
          611      698        0      705      690        0      653        0
          617      711        0      687      711        0      668        0

Atom Distribution No.    54 at run step   18133:

  Count of atoms assigned to each task:
            0      688        0      663      732        0      714      598
            0      644        0      690      723        0      695      602
            0      702        0      702      699        0      703      598
            0      669        0      711      708        0      699      604
            0      666      729        0      693        0      676      686
            0      705      714        0      721        0      672      699
            0      702      704        0      629        0      679      717
            0      696      700        0      612      670        0      699
            0      723      682        0      614      687        0      684
            0      746      661        0      609      720        0      729
            0      723      632        0      687      717        0      723
          693        0      651        0      696      729        0      735
          717        0      714        0      705      738        0      750
          687        0      711        0      726      723        0      711
          711        0      702      720        0      744        0      687
          705        0      684      717        0      695        0      721
          705        0      721      739        0      638        0      649
          753        0      699      705        0      576      627        0
          729        0      706      609        0      547      537        0
          700        0      711      611        0      528      522        0
          588        0      693      653        0      562      553        0
          597      729        0      698        0      576      519        0
          536      677        0      689        0      643      543        0
          561      639        0      726        0      690      600        0
          515      663        0      711      702        0      673        0
          622      695        0      714      702        0      653        0
          603      684        0      702      678        0      683        0

Atom Distribution No.    55 at run step   18488:

  Count of atoms assigned to each task:
            0      634        0      684      690        0      687      616
            0      657        0      681      720        0      696      622
            0      664        0      711      714        0      668      612
            0      670        0      699      699        0      653      633
            0      717      708        0      726        0      682      677
            0      690      699        0      703        0      688      684
            0      693      710        0      625        0      660      696
            0      702      697        0      629      664        0      681
            0      708      657        0      607      700        0      699
            0      741      659        0      645      708        0      735
            0      717      647        0      698      714        0      717
          693        0      636        0      720      708        0      762
          702        0      677        0      720      735        0      711
          702        0      726        0      726      732        0      726
          702        0      708      717        0      741        0      723
          693        0      711      735        0      708        0      704
          723        0      714      719        0      641        0      646
          711        0      705      682        0      568      639        0
          707        0      708      627        0      542      578        0
          688        0      699      612        0      529      543        0
          666        0      675      624        0      559      532        0
          600      707        0      668        0      608      524        0
          607      666        0      717        0      619      565        0
          590      669        0      711        0      699      595        0
          575      677        0      696      699        0      663        0
          605      694        0      744      678        0      648        0
          596      681        0      687      690        0      680        0

Atom Distribution No.    56 at run step   18847:

  Count of atoms assigned to each task:
            0      619        0      657      717        0      711      620
            0      651        0      660      717        0      677      617
            0      672        0      699      720        0      690      597
            0      694        0      708      711        0      710      597
            0      711      699        0      699        0      670      686
            0      681      702        0      715        0      671      681
            0      702      704        0      620        0      637      693
            0      702      707        0      637      639        0      699
            0      717      711        0      594      669        0      696
            0      708      682        0      637      735        0      735
            0      717      667        0      656      702        0      705
          711        0      650        0      726      729        0      741
          714        0      697        0      723      729        0      747
          672        0      711        0      702      723        0      711
          726        0      711      741        0      708        0      705
          720        0      711      738        0      704        0      673
          708        0      720      743        0      646        0      659
          720        0      705      695        0      601      618        0
          710        0      699      651        0      567      522        0
          690        0      702      613        0      548      530        0
          643        0      708      630        0      546      556        0
          606      711        0      673        0      598      504        0
          552      687        0      708        0      629      542        0
          596      670        0      702        0      696      592        0
          573      659        0      726      696        0      670        0
          586      703        0      708      690        0      672        0
          588      714        0      687      705        0      680        0

Atom Distribution No.    57 at run step   19209:

  Count of atoms assigned to each task:
            0      640        0      687      696        0      699      621
            0      645        0      675      726        0      687      615
            0      645        0      714      726        0      702      612
            0      673        0      705      720        0      675      598
            0      705      726        0      723        0      694      663
            0      702      708        0      715        0      672      693
            0      699      711        0      629        0      697      714
            0      690      668        0      618      654        0      693
            0      708      704        0      615      669        0      696
            0      723      654        0      596      726        0      711
            0      699      677        0      699      708        0      717
          726        0      613        0      705      762        0      741
          696        0      693        0      708      759        0      726
          696        0      711        0      717      714        0      690
          708        0      729      741        0      711        0      684
          705        0      741      735        0      725        0      711
          714        0      718      743        0      632        0      639
          720        0      699      700        0      621      616        0
          680        0      684      613        0      558      543        0
          687        0      691      623        0      550      524        0
          630        0      672      664        0      567      545        0
          623      706        0      716        0      615      513        0
          551      683        0      715        0      650      534        0
          583      663        0      717        0      692      561        0
          560      656        0      693      687        0      683        0
          619      694        0      702      705        0      664        0
          580      687        0      690      690        0      657        0

Atom Distribution No.    58 at run step   19567:

  Count of atoms assigned to each task:
            0      616        0      675      699        0      708      624
            0      640        0      663      696        0      687      606
            0      646        0      711      732        0      696      599
            0      682        0      693      720        0      704      601
            0      681      726        0      717        0      691      668
            0      705      711        0      703        0      705      702
            0      678      723        0      641        0      685      693
            0      693      679        0      622      657        0      687
            0      714      670        0      634      659        0      681
            0      717      688        0      649      708        0      732
            0      720      660        0      669      720        0      735
          717        0      652        0      711      720        0      744
          708        0      681        0      711      750        0      720
          672        0      699        0      753      720        0      720
          693        0      717      747        0      714        0      702
          735        0      702      732        0      714        0      699
          717        0      706      730        0      620        0      636
          717        0      714      691        0      629      587        0
          701        0      687      656        0      568      520        0
          600        0      693      630        0      543      531        0
          600        0      702      652        0      574      540        0
          597      722        0      726        0      592      537        0
          590      653        0      694        0      653      583        0
          563      680        0      711        0      702      575        0
          558      666        0      702      696        0      677        0
          610      701        0      690      705        0      653        0
          577      707        0      714      690        0      684        0

Atom Distribution No.    59 at run step   19936:

  Count of atoms assigned to each task:
            0      624        0      693      717        0      717      635
            0      629        0      681      720        0      675      607
            0      674        0      687      714        0      708      602
            0      688        0      711      735        0      687      606
            0      705      702        0      714        0      706      659
            0      687      714        0      712        0      680      672
            0      690      738        0      621        0      694      708
            0      705      692        0      623      671        0      708
            0      663      682        0      632      660        0      690
            0      735      673        0      630      744        0      720
            0      714      625        0      676      711        0      720
          713        0      645        0      720      726        0      756
          672        0      696        0      711      729        0      720
          684        0      696        0      735      726        0      738
          729        0      732      741        0      720        0      690
          717        0      684      768        0      705        0      678
          717        0      727      712        0      618        0      631
          740        0      735      697        0      618      609        0
          696        0      690      650        0      544      536        0
          667        0      700      627        0      538      532        0
          609        0      693      644        0      540      557        0
          560      714        0      697        0      621      537        0
          590      670        0      717        0      635      556        0
          576      648        0      711        0      695      588        0
          573      637        0      708      672        0      679        0
          593      666        0      702      687        0      653        0
          631      693        0      693      678        0      682        0

Atom Distribution No.    60 at run step   20296:

  Count of atoms assigned to each task:
            0      660        0      666      726        0      693      607
            0      653        0      684      699        0      707      623
            0      704        0      693      720        0      701      602
            0      675        0      681      723        0      680      624
            0      669      729        0      738        0      675      699
            0      684      702        0      715        0      669      672
            0      696      720        0      632        0      709      678
            0      702      683        0      609      678        0      690
            0      675      648        0      626      689        0      678
            0      720      692        0      585      735        0      726
            0      717      637        0      733      756        0      714
          708        0      635        0      723      699        0      741
          714        0      708        0      720      774        0      699
          708        0      720        0      723      711        0      714
          711        0      723      723        0      720        0      687
          696        0      708      723        0      690        0      712
          717        0      709      724        0      634        0      646
          720        0      726      697        0      550      622        0
          695        0      711      621        0      552      545        0
          672        0      699      613        0      542      518        0
          701        0      687      643        0      546      537        0
          619      714        0      655        0      582      522        0
          595      690        0      685        0      622      558        0
          513      677        0      729        0      701      600        0
          596      656        0      711      669        0      679        0
          607      673        0      684      687        0      680        0
          593      690        0      711      693        0      697        0

Atom Distribution No.    61 at run step   20650:

  Count of atoms assigned to each task:
            0      632        0      672      702        0      708      620
            0      691        0      693      741        0      702      599
            0      710        0      681      717        0      683      621
            0      681        0      705      711        0      685      593
            0      690      699        0      714        0      682      657
            0      678      681        0      724        0      675      696
            0      711      711        0      630        0      687      711
            0      699      681        0      621      695        0      663
            0      684      687        0      639      666        0      693
            0      714      678        0      619      693        0      702
            0      744      619        0      720      750        0      735
          717        0      647        0      711      708        0      735
          711        0      705        0      708      771        0      738
          705        0      714        0      729      714        0      690
          708        0      696      735        0      735        0      693
          723        0      729      717        0      717        0      711
          690        0      697      703        0      638        0      646
          729        0      711      668        0      606      631        0
          686        0      711      637        0      543      543        0
          695        0      679      623        0      543      524        0
          624        0      708      636        0      593      545        0
          616      690        0      715        0      582      518        0
          535      668        0      693        0      621      551        0
          597      635        0      693        0      704      581        0
          545      681        0      720      681        0      708        0
          602      656        0      714      690        0      672        0
          609      683        0      708      690        0      677        0

Atom Distribution No.    62 at run step   21016:

  Count of atoms assigned to each task:
            0      647        0      678      711        0      726      602
            0      673        0      684      705        0      714      600
            0      684        0      696      726        0      677      613
            0      687        0      690      699        0      668      623
            0      699      699        0      717        0      691      654
            0      711      708        0      706        0      668      663
            0      684      693        0      648        0      694      699
            0      705      683        0      635      672        0      687
            0      660      633        0      637      656        0      672
            0      750      683        0      657      723        0      723
            0      735      672        0      711      720        0      753
          695        0      660        0      723      741        0      747
          690        0      702        0      732      756        0      729
          696        0      705        0      696      714        0      717
          711        0      723      732        0      720        0      699
          711        0      735      723        0      729        0      696
          693        0      712      694        0      633        0      643
          708        0      717      681        0      639      607        0
          693        0      699      651        0      538      541        0
          698        0      679      620        0      542      525        0
          671        0      714      629        0      552      550        0
          623      708        0      631        0      586      513        0
          574      664        0      684        0      637      567        0
          581      643        0      702        0      701      593        0
          549      648        0      723      672        0      687        0
          607      649        0      696      693        0      661        0
          605      722        0      696      708        0      668        0

Atom Distribution No.    63 at run step   21374:

  Count of atoms assigned to each task:
            0      632        0      684      705        0      696      619
            0      660        0      678      708        0      690      607
            0      690        0      705      723        0      699      608
            0      690        0      690      714        0      669      650
            0      687      702        0      702        0      724      669
            0      681      717        0      691        0      638      669
            0      702      714        0      629        0      727      690
            0      681      687        0      634      677        0      672
            0      678      666        0      624      647        0      678
            0      708      717        0      649      714        0      753
            0      732      658        0      703      723        0      732
          704        0      660        0      726      738        0      714
          680        0      723        0      714      750        0      723
          702        0      705        0      720      708        0      735
          699        0      723      723        0      708        0      696
          693        0      699      738        0      693        0      696
          705        0      703      721        0      622        0      663
          705        0      726      709        0      550      614        0
          677        0      693      601        0      558      556        0
          686        0      729      599        0      568      502        0
          682        0      690      621        0      537      540        0
          606      703        0      690        0      592      540        0
          563      693        0      708        0      624      561        0
          571      685        0      723        0      702      589        0
          563      670        0      705      675        0      681        0
          585      653        0      720      693        0      662        0
          625      687        0      720      723        0      675        0

Atom Distribution No.    64 at run step   21737:

  Count of atoms assigned to each task:
            0      617        0      693      729        0      693      629
            0      662        0      696      723        0      699      598
            0      690        0      690      726        0      705      611
            0      693        0      666      723        0      680      628
            0      693      717        0      693        0      684      678
            0      669      729        0      697        0      675      717
            0      666      714        0      626        0      700      663
            0      690      672        0      627      679        0      699
            0      684      682        0      616      665        0      708
            0      729      671        0      642      720        0      729
            0      729      654        0      670      750        0      735
          719        0      671        0      708      771        0      735
          678        0      696        0      741      729        0      732
          702        0      717        0      729      741        0      717
          705        0      690      729        0      726        0      696
          708        0      696      696        0      711        0      690
          696        0      721      715        0      633        0      631
          726        0      708      695        0      622      614        0
          692        0      711      642        0      551      510        0
          661        0      702      621        0      531      510        0
          615        0      693      638        0      594      534        0
          591      699        0      721        0      625      530        0
          519      681        0      717        0      627      600        0
          548      643        0      717        0      697      621        0
          519      650        0      702      690        0      646        0
          596      663        0      720      699        0      650        0
          624      695        0      726      690        0      678        0

Atom Distribution No.    65 at run step   22097:

  Count of atoms assigned to each task:
            0      614        0      666      738        0      708      598
            0      664        0      690      714        0      687      595
            0      675        0      687      747        0      710      613
            0      699        0      696      699        0      696      598
            0      729      726        0      717        0      670      680
            0      690      720        0      694        0      672      702
            0      690      702        0      605        0      708      717
            0      672      690        0      638      673        0      690
            0      684      634        0      636      673        0      696
            0      732      656        0      629      747        0      711
            0      747      653        0      676      714        0      744
          683        0      671        0      720      735        0      732
          708        0      708        0      726      747        0      735
          678        0      699        0      729      726        0      726
          675        0      705      714        0      732        0      723
          729        0      702      717        0      695        0      672
          687        0      721      706        0      641        0      627
          705        0      702      704        0      593      628        0
          704        0      681      626        0      553      541        0
          682        0      705      633        0      529      545        0
          608        0      696      650        0      561      546        0
          591      710        0      713        0      608      524        0
          551      714        0      720        0      625      551        0
          576      644        0      711        0      679      606        0
          574      697        0      696      693        0      661        0
          627      640        0      702      687        0      660        0
          588      720        0      708      684        0      674        0

Atom Distribution No.    66 at run step   22462:

  Count of atoms assigned to each task:
            0      647        0      666      711        0      687      639
            0      662        0      657      726        0      735      579
            0      690        0      705      729        0      662      634
            0      676        0      690      759        0      691      605
            0      702      732        0      693        0      666      663
            0      708      699        0      697        0      675      720
            0      708      720        0      643        0      697      699
            0      687      682        0      621      670        0      690
            0      678      628        0      629      665        0      708
            0      744      669        0      654      723        0      708
            0      714      655        0      673      738        0      729
          714        0      658        0      732      735        0      762
          684        0      699        0      711      729        0      735
          702        0      699        0      744      735        0      720
          672        0      705      720        0      714        0      702
          714        0      696      717        0      698        0      714
          687        0      730      730        0      613        0      630
          717        0      738      712        0      619      628        0
          693        0      690      627        0      539      550        0
          658        0      706      622        0      529      531        0
          651        0      675      631        0      552      529        0
          609      699        0      719        0      576      522        0
          520      675        0      702        0      624      567        0
          560      624        0      723        0      698      648        0
          549      652        0      714      666        0      683        0
          607      670        0      717      705        0      672        0
          601      698        0      705      693        0      673        0

Atom Distribution No.    67 at run step   22825:

  Count of atoms assigned to each task:
            0      640        0      687      732        0      699      601
            0      647        0      681      738        0      699      596
            0      673        0      678      723        0      693      611
            0      683        0      687      726        0      705      618
            0      693      723        0      735        0      679      644
            0      705      693        0      700        0      663      726
            0      696      723        0      631        0      709      687
            0      714      692        0      626      662        0      696
            0      696      645        0      630      677        0      693
            0      726      670        0      633      714        0      735
            0      738      649        0      714      741        0      723
          700        0      646        0      702      732        0      738
          691        0      699        0      699      726        0      732
          690        0      687        0      720      741        0      726
          714        0      723      738        0      714        0      699
          711        0      711      726        0      717        0      669
          684        0      727      724        0      640        0      650
          729        0      708      699        0      598      613        0
          699        0      693      628        0      549      543        0
          707        0      706      613        0      552      512        0
          626        0      690      629        0      553      525        0
          558      708        0      717        0      621      507        0
          577      670        0      709        0      638      610        0
          537      654        0      693        0      697      649        0
          537      616        0      699      681        0      662        0
          620      660        0      726      699        0      686        0
          588      695        0      678      690        0      678        0

Atom Distribution No.    68 at run step   23190:

  Count of atoms assigned to each task:
            0      623        0      660      723        0      699      622
            0      666        0      666      690        0      711      596
            0      690        0      699      711        0      714      596
            0      665        0      684      714        0      723      589
            0      687      732        0      711        0      680      680
            0      687      714        0      730        0      668      690
            0      690      723        0      626        0      690      702
            0      696      713        0      612      650        0      696
            0      675      635        0      631      683        0      708
            0      723      673        0      639      735        0      729
            0      738      643        0      691      726        0      729
          702        0      643        0      738      732        0      711
          693        0      693        0      693      741        0      738
          690        0      714        0      711      732        0      711
          681        0      696      759        0      708        0      693
          708        0      723      720        0      720        0      719
          714        0      741      728        0      620        0      643
          705        0      702      721        0      585      614        0
          702        0      711      618        0      558      551        0
          676        0      715      611        0      555      513        0
          613        0      699      624        0      542      543        0
          605      711        0      711        0      597      507        0
          555      702        0      718        0      642      568        0
          543      697        0      708        0      691      618        0
          547      633        0      708      690        0      660        0
          583      656        0      711      696        0      654        0
          604      702        0      717      729        0      694        0

Atom Distribution No.    69 at run step   23560:

  Count of atoms assigned to each task:
            0      643        0      657      693        0      705      623
            0      650        0      672      720        0      690      601
            0      698        0      684      705        0      690      599
            0      686        0      687      735        0      708      592
            0      690      732        0      729        0      686      689
            0      690      732        0      733        0      674      702
            0      663      717        0      620        0      700      696
            0      690      715        0      628      651        0      681
            0      669      669        0      615      655        0      723
            0      732      667        0      637      717        0      735
            0      726      651        0      718      714        0      702
          699        0      636        0      711      720        0      732
          711        0      717        0      717      720        0      729
          699        0      711        0      720      702        0      699
          669        0      717      720        0      708        0      720
          750        0      717      723        0      693        0      690
          699        0      750      722        0      649        0      654
          720        0      738      704        0      605      618        0
          710        0      705      624        0      539      528        0
          647        0      703      617        0      537      526        0
          622        0      675      636        0      558      568        0
          558      692        0      705        0      578      539        0
          589      681        0      690        0      653      595        0
          580      648        0      732        0      694      593        0
          525      646        0      726      708        0      677        0
          609      675        0      720      690        0      659        0
          598      696        0      699      705        0      676        0

Atom Distribution No.    70 at run step   23925:

  Count of atoms assigned to each task:
            0      656        0      663      699        0      693      614
            0      657        0      675      693        0      696      601
            0      661        0      690      738        0      687      608
            0      671        0      705      729        0      716      591
            0      687      711        0      729        0      694      681
            0      684      699        0      721        0      707      681
            0      681      705        0      635        0      686      684
            0      702      709        0      612      656        0      690
            0      672      699        0      619      666        0      684
            0      726      694        0      642      723        0      708
            0      699      677        0      673      723        0      735
          702        0      649        0      720      702        0      732
          720        0      738        0      732      738        0      735
          699        0      711        0      714      723        0      696
          705        0      690      708        0      690        0      723
          732        0      711      723        0      732        0      687
          723        0      738      719        0      656        0      652
          711        0      717      694        0      622      610        0
          710        0      705      627        0      536      523        0
          640        0      712      627        0      539      520        0
          606        0      711      627        0      546      521        0
          565      713        0      705        0      626      543        0
          536      702        0      732        0      626      522        0
          597      638        0      720        0      698      660        0
          506      628        0      723      687        0      674        0
          621      672        0      708      702        0      684        0
          587      710        0      702      693        0      685        0

Atom Distribution No.    71 at run step   24288:

  Count of atoms assigned to each task:
            0      640        0      669      711        0      696      645
            0      642        0      666      729        0      684      605
            0      656        0      720      720        0      696      596
            0      687        0      702      723        0      692      593
            0      672      729        0      717        0      709      655
            0      675      702        0      722        0      651      687
            0      678      705        0      639        0      695      678
            0      690      698        0      629      625        0      696
            0      687      692        0      611      636        0      669
            0      723      700        0      603      712        0      729
            0      720      697        0      674      714        0      720
          717        0      646        0      711      732        0      723
          708        0      717        0      720      720        0      738
          705        0      699        0      717      729        0      714
          705        0      717      714        0      711        0      720
          741        0      708      714        0      708        0      682
          706        0      726      719        0      655        0      624
          713        0      729      697        0      636      629        0
          686        0      708      649        0      534      537        0
          630        0      697      653        0      537      532        0
          597        0      693      666        0      575      550        0
          581      693        0      711        0      632      535        0
          536      668        0      711        0      642      605        0
          522      661        0      747        0      695      635        0
          538      632        0      723      678        0      696        0
          597      678        0      714      711        0      687        0
          604      690        0      714      690        0      675        0

Atom Distribution No.    72 at run step   24652:

  Count of atoms assigned to each task:
            0      632        0      675      711        0      693      635
            0      681        0      678      717        0      699      569
            0      689        0      708      729        0      669      608
            0      709        0      672      720        0      694      632
            0      717      708        0      702        0      698      668
            0      681      699        0      716        0      661      702
            0      684      717        0      625        0      671      693
            0      693      686        0      626      633        0      657
            0      702      682        0      614      620        0      702
            0      738      702        0      611      696        0      690
            0      720      681        0      670      726        0      714
          720        0      657        0      717      753        0      729
          726        0      696        0      720      753        0      741
          711        0      693        0      738      720        0      723
          693        0      720      711        0      702        0      702
          702        0      705      726        0      706        0      733
          706        0      720      745        0      649        0      648
          720        0      720      705        0      639      603        0
          686        0      687      651        0      551      530        0
          627        0      694      643        0      543      524        0
          605        0      687      639        0      621      543        0
          554      716        0      705        0      576      525        0
          572      635        0      705        0      634      618        0
          518      627        0      705        0      711      650        0
          548      629        0      711      690        0      684        0
          628      674        0      708      711        0      656        0
          586      715        0      705      717        0      685        0

Atom Distribution No.    73 at run step   25016:

  Count of atoms assigned to each task:
            0      624        0      657      714        0      702      607
            0      668        0      672      711        0      687      608
            0      704        0      705      732        0      677      625
            0      687        0      666      708        0      699      613
            0      687      708        0      723        0      686      667
            0      693      708        0      698        0      687      681
            0      684      702        0      643        0      673      681
            0      717      663        0      624      618        0      684
            0      708      692        0      622      635        0      696
            0      720      683        0      632      720        0      711
            0      726      688        0      649      714        0      717
          708        0      670        0      717      738        0      732
          729        0      711        0      693      729        0      735
          714        0      687        0      741      720        0      702
          705        0      711      726        0      720        0      726
          732        0      693      729        0      709        0      704
          702        0      721      735        0      664        0      669
          699        0      714      719        0      625      599        0
          677        0      681      645        0      531      551        0
          620        0      715      621        0      550      538        0
          608        0      705      641        0      570      525        0
          616      699        0      702        0      608      539        0
          533      646        0      702        0      636      618        0
          521      616        0      702        0      681      640        0
          578      626        0      705      702        0      700        0
          600      669        0      711      708        0      700        0
          635      701        0      726      714        0      660        0

Atom Distribution No.    74 at run step   25376:

  Count of atoms assigned to each task:
            0      622        0      690      702        0      729      641
            0      654        0      690      708        0      705      596
            0      688        0      702      729        0      714      613
            0      687        0      717      699        0      687      601
            0      678      708        0      717        0      690      684
            0      693      717        0      688        0      692      681
            0      684      708        0      640        0      695      693
            0      696      689        0      617      608        0      690
            0      675      719        0      631      612        0      723
            0      735      681        0      614      715        0      744
            0      717      670        0      657      738        0      726
          714        0      650        0      717      717        0      720
          720        0      699        0      708      732        0      705
          696        0      708        0      726      702        0      717
          693        0      720      735        0      741        0      726
          702        0      711      732        0      733        0      705
          690        0      715      720        0      664        0      648
          708        0      696      720        0      615      626        0
          677        0      678      642        0      529      531        0
          611        0      706      646        0      555      529        0
          602        0      687      652        0      611      530        0
          577      724        0      711        0      590      535        0
          530      680        0      702        0      638      592        0
          543      642        0      708        0      704      632        0
          543      642        0      699      693        0      678        0
          626      652        0      726      699        0      658        0
          586      703        0      696      690        0      691        0

Atom Distribution No.    75 at run step   25736:

  Count of atoms assigned to each task:
            0      644        0      666      705        0      705      618
            0      665        0      678      735        0      699      608
            0      681        0      681      720        0      722      580
            0      688        0      693      699        0      717      616
            0      687      705        0      702        0      684      651
            0      693      702        0      704        0      684      663
            0      678      708        0      639        0      686      711
            0      678      681        0      637      667        0      690
            0      672      689        0      633      649        0      693
            0      723      686        0      625      739        0      741
            0      723      674        0      680      723        0      726
          720        0      664        0      729      717        0      702
          705        0      702        0      696      756        0      723
          690        0      681        0      717      720        0      729
          687        0      732      741        0      744        0      711
          696        0      726      729        0      738        0      724
          705        0      720      709        0      639        0      630
          681        0      721      727        0      636      597        0
          695        0      678      655        0      528      541        0
          630        0      712      620        0      559      538        0
          599        0      702      637        0      577      538        0
          526      729        0      684        0      618      554        0
          537      684        0      714        0      633      554        0
          526      637        0      720        0      716      631        0
          529      650        0      702      678        0      708        0
          603      667        0      708      702        0      690        0
          610      717        0      708      699        0      673        0

Atom Distribution No.    76 at run step   26093:

  Count of atoms assigned to each task:
            0      639        0      669      690        0      705      645
            0      665        0      660      708        0      714      598
            0      640        0      696      726        0      705      607
            0      703        0      681      705        0      735      624
            0      702      708        0      711        0      678      670
            0      693      687        0      701        0      693      657
            0      684      720        0      667        0      632      687
            0      690      729        0      629      631        0      684
            0      690      708        0      652      621        0      687
            0      744      685        0      613      727        0      714
            0      747      650        0      684      735        0      729
          729        0      640        0      714      714        0      729
          705        0      681        0      726      717        0      738
          702        0      693        0      729      723        0      714
          705        0      717      747        0      741        0      714
          720        0      720      717        0      738        0      676
          687        0      708      706        0      648        0      630
          704        0      724      696        0      611      613        0
          677        0      702      647        0      544      537        0
          648        0      700      641        0      513      523        0
          592        0      693      651        0      581      539        0
          598      716        0      693        0      608      527        0
          558      673        0      705        0      624      635        0
          525      647        0      711        0      684      643        0
          570      632        0      711      687        0      671        0
          607      664        0      720      699        0      690        0
          613      682        0      705      717        0      673        0

Atom Distribution No.    77 at run step   26451:

  Count of atoms assigned to each task:
            0      634        0      675      705        0      708      632
            0      627        0      645      723        0      690      626
            0      651        0      708      711        0      726      598
            0      683        0      693      726        0      698      603
            0      690      693        0      705        0      694      677
            0      693      720        0      737        0      673      681
            0      687      714        0      626        0      696      687
            0      690      699        0      636      622        0      693
            0      684      705        0      617      693        0      687
            0      726      662        0      627      726        0      723
            0      765      673        0      693      729        0      711
          708        0      641        0      711      723        0      741
          705        0      708        0      708      750        0      729
          672        0      729        0      708      747        0      738
          714        0      717      729        0      726        0      699
          705        0      708      714        0      729        0      678
          714        0      744      698        0      662        0      639
          690        0      688      706        0      612      611        0
          680        0      693      646        0      551      521        0
          636        0      709      638        0      530      524        0
          631        0      684      666        0      630      529        0
          561      713        0      690        0      617      536        0
          532      669        0      702        0      616      620        0
          541      673        0      720        0      703      595        0
          539      645        0      687      678        0      682        0
          615      651        0      723      693        0      678        0
          602      693        0      696      714        0      657        0

Atom Distribution No.    78 at run step   26808:

  Count of atoms assigned to each task:
            0      643        0      681      699        0      696      640
            0      656        0      684      708        0      687      602
            0      622        0      678      717        0      720      618
            0      692        0      699      699        0      690      615
            0      684      696        0      717        0      712      681
            0      681      729        0      731        0      678      669
            0      690      708        0      658        0      650      687
            0      684      717        0      621      605        0      675
            0      693      695        0      635      670        0      693
            0      726      690        0      644      726        0      738
            0      741      652        0      684      720        0      738
          708        0      631        0      732      738        0      747
          735        0      711        0      702      756        0      726
          711        0      723        0      720      720        0      714
          711        0      723      708        0      723        0      705
          711        0      699      732        0      701        0      693
          681        0      738      700        0      637        0      640
          729        0      718      699        0      615      614        0
          686        0      701      646        0      536      552        0
          617        0      703      636        0      519      525        0
          613        0      687      667        0      564      546        0
          585      722        0      706        0      604      525        0
          585      676        0      697        0      620      550        0
          600      643        0      708        0      710      599        0
          545      659        0      702      678        0      681        0
          610      647        0      699      702        0      652        0
          603      687        0      699      729        0      670        0

Atom Distribution No.    79 at run step   27170:

  Count of atoms assigned to each task:
            0      641        0      675      693        0      708      606
            0      654        0      666      723        0      710      632
            0      657        0      681      720        0      696      599
            0      689        0      681      678        0      716      609
            0      693      693        0      741        0      701      697
            0      672      723        0      721        0      682      675
            0      681      705        0      618        0      687      702
            0      711      702        0      635      639        0      681
            0      693      704        0      630      656        0      702
            0      732      689        0      632      735        0      720
            0      738      634        0      711      714        0      738
          712        0      643        0      711      714        0      744
          687        0      714        0      708      771        0      744
          714        0      699        0      723      711        0      702
          693        0      714      738        0      696        0      705
          732        0      702      708        0      698        0      696
          702        0      714      713        0      652        0      645
          708        0      727      705        0      591      616        0
          674        0      699      655        0      535      532        0
          622        0      706      621        0      540      521        0
          606        0      702      657        0      564      530        0
          614      696        0      693        0      623      539        0
          599      671        0      702        0      657      541        0
          601      640        0      732        0      711      571        0
          559      683        0      687      675        0      686        0
          607      634        0      702      687        0      673        0
          612      700        0      681      699        0      694        0

Atom Distribution No.    80 at run step   27532:

  Count of atoms assigned to each task:
            0      637        0      687      687        0      696      631
            0      666        0      663      705        0      702      582
            0      649        0      714      702        0      693      643
            0      671        0      690      717        0      710      616
            0      684      714        0      714        0      689      680
            0      699      717        0      697        0      674      693
            0      666      729        0      676        0      651      678
            0      696      675        0      638      667        0      705
            0      681      710        0      636      687        0      714
            0      726      681        0      650      726        0      717
            0      717      654        0      681      732        0      747
          696        0      677        0      705      732        0      732
          690        0      705        0      693      750        0      729
          711        0      705        0      711      720        0      717
          708        0      714      726        0      729        0      711
          717        0      717      717        0      699        0      699
          708        0      711      742        0      610        0      659
          714        0      727      698        0      605      595        0
          693        0      669      612        0      547      551        0
          627        0      706      621        0      533      537        0
          603        0      690      641        0      563      574        0
          593      695        0      729        0      589      541        0
          513      682        0      717        0      619      549        0
          587      648        0      711        0      720      591        0
          534      634        0      720      663        0      693        0
          628      666        0      705      720        0      643        0
          612      708        0      702      684        0      702        0

Atom Distribution No.    81 at run step   27896:

  Count of atoms assigned to each task:
            0      667        0      681      711        0      720      610
            0      667        0      639      702        0      677      621
            0      663        0      699      708        0      716      628
            0      693        0      693      723        0      699      615
            0      684      729        0      711        0      712      684
            0      672      705        0      703        0      671      702
            0      675      696        0      619        0      650      672
            0      705      709        0      645      637        0      678
            0      705      699        0      618      699        0      699
            0      723      679        0      616      741        0      726
            0      723      661        0      684      738        0      753
          697        0      655        0      693      720        0      741
          729        0      687        0      711      738        0      729
          669        0      711        0      735      714        0      717
          702        0      714      720        0      705        0      729
          717        0      705      711        0      705        0      704
          705        0      717      718        0      637        0      623
          699        0      718      697        0      599      631        0
          710        0      693      637        0      526      553        0
          643        0      704      620        0      537      537        0
          602        0      702      633        0      585      524        0
          580      693        0      712        0      569      529        0
          554      643        0      720        0      640      607        0
          520      663        0      702        0      708      643        0
          568      617        0      711      690        0      669        0
          604      663        0      726      684        0      706        0
          606      709        0      702      708        0      697        0

Atom Distribution No.    82 at run step   28244:

  Count of atoms assigned to each task:
            0      641        0      657      711        0      717      619
            0      689        0      699      705        0      695      593
            0      694        0      696      720        0      689      637
            0      666        0      699      711        0      658      657
            0      699      732        0      711        0      679      714
            0      693      684        0      700        0      681      693
            0      693      705        0      632        0      697      696
            0      693      665        0      613      684        0      693
            0      690      664        0      615      676        0      696
            0      738      702        0      619      735        0      732
            0      735      643        0      696      735        0      756
          655        0      676        0      717      750        0      747
          681        0      681        0      714      738        0      717
          687        0      714        0      750      717        0      702
          717        0      714      717        0      741        0      702
          717        0      720      729        0      707        0      685
          687        0      727      717        0      648        0      632
          714        0      690      672        0      604      619        0
          684        0      699      644        0      533      548        0
          636        0      700      635        0      517      513        0
          624        0      714      636        0      560      565        0
          587      693        0      702        0      609      523        0
          537      696        0      689        0      642      593        0
          542      644        0      690        0      713      602        0
          564      611        0      711      669        0      678        0
          603      640        0      732      714        0      680        0
          599      702        0      720      681        0      685        0

Atom Distribution No.    83 at run step   28605:

  Count of atoms assigned to each task:
            0      651        0      669      714        0      714      630
            0      660        0      669      729        0      695      602
            0      712        0      696      732        0      675      640
            0      684        0      672      708        0      679      618
            0      705      705        0      702        0      668      687
            0      696      717        0      703        0      679      681
            0      690      711        0      604        0      715      699
            0      696      682        0      603      678        0      669
            0      687      663        0      612      693        0      705
            0      717      669        0      644      735        0      714
            0      741      650        0      705      729        0      756
          681        0      670        0      711      738        0      729
          681        0      708        0      738      726        0      741
          687        0      729        0      723      717        0      699
          693        0      711      753        0      711        0      699
          744        0      735      726        0      697        0      694
          693        0      715      693        0      622        0      654
          717        0      699      690        0      568      638        0
          689        0      666      579        0      560      532        0
          653        0      706      617        0      533      516        0
          619        0      717      642        0      572      567        0
          574      690        0      693        0      617      522        0
          591      673        0      702        0      645      553        0
          593      661        0      702        0      707      605        0
          554      666        0      702      672        0      683        0
          608      689        0      714      702        0      667        0
          582      703        0      714      705        0      660        0

Atom Distribution No.    84 at run step   28960:

  Count of atoms assigned to each task:
            0      648        0      681      735        0      705      623
            0      681        0      678      723        0      698      637
            0      679        0      699      720        0      674      615
            0      699        0      678      717        0      667      635
            0      711      720        0      720        0      679      669
            0      678      690        0      679        0      675      699
            0      702      707        0      621        0      718      690
            0      717      677        0      615      686        0      693
            0      708      642        0      603      672        0      708
            0      720      679        0      639      735        0      741
            0      735      657        0      696      711        0      714
          697        0      651        0      690      756        0      753
          693        0      684        0      717      726        0      726
          693        0      732        0      732      699        0      720
          720        0      720      720        0      720        0      708
          738        0      720      726        0      702        0      697
          705        0      697      720        0      654        0      642
          744        0      708      643        0      598      619        0
          665        0      696      610        0      543      538        0
          636        0      715      625        0      541      519        0
          601        0      687      648        0      597      523        0
          585      680        0      719        0      618      557        0
          516      716        0      684        0      638      540        0
          551      645        0      726        0      708      633        0
          526      663        0      711      699        0      673        0
          634      658        0      708      684        0      669        0
          592      690        0      714      687        0      670        0

Atom Distribution No.    85 at run step   29327:

  Count of atoms assigned to each task:
            0      661        0      678      702        0      708      615
            0      642        0      675      720        0      719      616
            0      679        0      699      708        0      672      602
            0      684        0      696      729        0      655      641
            0      714      720        0      735        0      684      680
            0      681      684        0      691        0      665      693
            0      681      702        0      631        0      673      717
            0      717      690        0      625      683        0      678
            0      699      653        0      610      702        0      687
            0      762      664        0      636      741        0      750
            0      741      651        0      672      711        0      744
          679        0      657        0      693      741        0      726
          723        0      693        0      747      717        0      717
          696        0      723        0      702      723        0      735
          723        0      717      729        0      714        0      711
          726        0      720      726        0      715        0      706
          726        0      706      730        0      619        0      688
          702        0      699      686        0      606      621        0
          708        0      687      611        0      523      530        0
          618        0      725      613        0      528      524        0
          598        0      681      649        0      575      539        0
          577      676        0      702        0      596      535        0
          525      686        0      717        0      623      604        0
          559      664        0      705        0      693      613        0
          528      632        0      720      705        0      678        0
          608      677        0      708      699        0      664        0
          610      715        0      711      678        0      679        0

Atom Distribution No.    86 at run step   29689:

  Count of atoms assigned to each task:
            0      654        0      681      711        0      714      594
            0      653        0      672      729        0      731      596
            0      704        0      690      708        0      688      601
            0      696        0      693      720        0      687      585
            0      705      714        0      738        0      688      675
            0      723      714        0      697        0      678      696
            0      705      710        0      619        0      697      714
            0      690      674        0      638      690        0      714
            0      705      665        0      609      672        0      690
            0      723      665        0      631      741        0      723
            0      750      649        0      720      687        0      738
          686        0      656        0      705      729        0      726
          702        0      696        0      723      738        0      729
          684        0      738        0      741      714        0      705
          720        0      714      723        0      726        0      729
          723        0      708      741        0      724        0      712
          708        0      685      721        0      611        0      671
          708        0      693      679        0      566      639        0
          702        0      684      580        0      511      534        0
          674        0      709      612        0      555      531        0
          622        0      672      664        0      554      529        0
          544      714        0      702        0      588      539        0
          531      687        0      708        0      643      561        0
          549      655        0      687        0      693      638        0
          518      661        0      693      711        0      705        0
          625      657        0      708      693        0      684        0
          588      710        0      690      675        0      689        0

Atom Distribution No.    87 at run step   30039:

  Count of atoms assigned to each task:
            0      636        0      690      705        0      702      600
            0      647        0      684      705        0      713      613
            0      678        0      708      732        0      672      604
            0      690        0      681      732        0      684      642
            0      705      729        0      687        0      659      691
            0      702      720        0      700        0      677      705
            0      678      699        0      641        0      679      687
            0      708      656        0      628      692        0      696
            0      687      654        0      613      678        0      699
            0      744      637        0      648      732        0      726
            0      744      668        0      693      720        0      726
          687        0      634        0      708      744        0      717
          699        0      705        0      723      747        0      723
          690        0      717        0      717      729        0      693
          738        0      714      723        0      720        0      705
          708        0      708      735        0      722        0      702
          714        0      712      697        0      614        0      683
          708        0      702      678        0      604      638        0
          689        0      691      624        0      533      543        0
          670        0      706      623        0      538      516        0
          656        0      693      634        0      545      527        0
          592      705        0      705        0      604      537        0
          520      684        0      714        0      648      547        0
          633      644        0      717        0      693      583        0
          560      672        0      687      696        0      710        0
          633      663        0      696      699        0      652        0
          573      693        0      702      708        0      664        0

Atom Distribution No.    88 at run step   30398:

  Count of atoms assigned to each task:
            0      624        0      681      690        0      720      621
            0      638        0      675      729        0      699      605
            0      623        0      711      723        0      702      560
            0      691        0      681      714        0      717      612
            0      706      720        0      708        0      703      686
            0      687      711        0      734        0      703      711
            0      675      717        0      604        0      691      693
            0      708      695        0      626      661        0      702
            0      687      700        0      614      667        0      705
            0      744      659        0      633      729        0      729
            0      723      650        0      675      741        0      720
          720        0      634        0      699      747        0      732
          717        0      669        0      729      753        0      732
          690        0      720        0      720      717        0      708
          678        0      738      717        0      726        0      729
          723        0      699      714        0      719        0      687
          711        0      694      721        0      637        0      652
          705        0      711      708        0      612      609        0
          698        0      717      633        0      535      528        0
          692        0      711      633        0      528      518        0
          601        0      681      626        0      554      548        0
          553      716        0      696        0      603      542        0
          526      701        0      696        0      630      587        0
          545      634        0      708        0      693      637        0
          551      680        0      720      684        0      685        0
          604      692        0      708      696        0      649        0
          580      697        0      684      699        0      697        0

Atom Distribution No.    89 at run step   30756:

  Count of atoms assigned to each task:
            0      663        0      687      720        0      696      624
            0      651        0      672      699        0      708      598
            0      653        0      696      717        0      684      592
            0      688        0      699      711        0      693      623
            0      687      714        0      729        0      705      678
            0      696      708        0      730        0      685      723
            0      696      690        0      622        0      694      690
            0      678      692        0      621      684        0      696
            0      699      664        0      605      656        0      672
            0      729      671        0      621      720        0      741
            0      744      657        0      686      717        0      741
          729        0      628        0      714      726        0      735
          699        0      696        0      729      732        0      735
          681        0      720        0      732      723        0      723
          708        0      699      717        0      735        0      711
          738        0      714      732        0      689        0      692
          684        0      720      724        0      630        0      640
          714        0      712      693        0      608      631        0
          695        0      697      631        0      521      542        0
          672        0      709      622        0      535      531        0
          636        0      705      683        0      557      541        0
          559      702        0      690        0      595      529        0
          518      690        0      723        0      618      604        0
          571      644        0      696        0      680      650        0
          510      663        0      708      684        0      685        0
          616      635        0      714      690        0      691        0
          583      693        0      696      705        0      679        0

Atom Distribution No.    90 at run step   31124:

  Count of atoms assigned to each task:
            0      646        0      690      690        0      693      591
            0      647        0      663      717        0      710      604
            0      655        0      693      696        0      708      588
            0      697        0      702      750        0      702      584
            0      681      696        0      687        0      729      692
            0      675      732        0      724        0      695      684
            0      669      708        0      625        0      682      705
            0      693      669        0      630      669        0      696
            0      696      711        0      598      663        0      693
            0      720      689        0      623      735        0      744
            0      708      672        0      671      723        0      735
          714        0      645        0      699      720        0      723
          705        0      687        0      720      747        0      738
          708        0      699        0      717      759        0      732
          714        0      729      732        0      744        0      702
          726        0      711      717        0      698        0      687
          675        0      714      736        0      632        0      636
          726        0      718      702        0      581      614        0
          699        0      720      630        0      561      536        0
          672        0      709      612        0      553      522        0
          628        0      681      613        0      565      526        0
          589      695        0      711        0      619      510        0
          548      702        0      693        0      636      573        0
          538      622        0      696        0      693      649        0
          561      639        0      693      681        0      706        0
          614      686        0      717      687        0      681        0
          581      699        0      726      699        0      680        0

Atom Distribution No.    91 at run step   31484:

  Count of atoms assigned to each task:
            0      637        0      675      711        0      678      609
            0      669        0      672      726        0      695      620
            0      652        0      702      702        0      696      602
            0      700        0      696      711        0      692      616
            0      678      708        0      708        0      702      682
            0      684      732        0      700        0      671      690
            0      690      702        0      635        0      680      690
            0      696      699        0      656      616        0      684
            0      693      675        0      628      644        0      702
            0      711      681        0      625      724        0      723
            0      726      673        0      641      738        0      741
          693        0      678        0      705      711        0      753
          684        0      696        0      717      753        0      726
          714        0      708        0      750      738        0      711
          717        0      690      729        0      726        0      696
          729        0      723      735        0      725        0      704
          684        0      714      727        0      642        0      640
          708        0      703      693        0      553      626        0
          701        0      733      602        0      540      532        0
          688        0      703      605        0      546      529        0
          669        0      711      647        0      557      534        0
          575      697        0      699        0      581      532        0
          558      691        0      705        0      642      550        0
          528      643        0      702        0      708      640        0
          544      646        0      723      672        0      711        0
          596      690        0      708      681        0      663        0
          622      702        0      729      705        0      676        0

Atom Distribution No.    92 at run step   31842:

  Count of atoms assigned to each task:
            0      650        0      675      714        0      690      624
            0      663        0      663      702        0      684      604
            0      622        0      687      735        0      735      600
            0      670        0      714      705        0      674      621
            0      723      720        0      681        0      697      683
            0      693      735        0      716        0      656      681
            0      702      726        0      639        0      651      669
            0      669      705        0      628      630        0      687
            0      699      700        0      627      615        0      711
            0      714      696        0      619      722        0      720
            0      738      701        0      667      726        0      723
          732        0      654        0      714      729        0      747
          729        0      642        0      729      732        0      741
          741        0      705        0      753      723        0      711
          687        0      717      726        0      717        0      732
          711        0      705      738        0      722        0      681
          711        0      735      733        0      651        0      630
          717        0      709      714        0      628      633        0
          717        0      706      629        0      517      509        0
          650        0      682      632        0      512      525        0
          613        0      711      664        0      542      546        0
          565      707        0      699        0      609      526        0
          526      673        0      711        0      651      615        0
          543      661        0      678        0      705      597        0
          539      633        0      699      684        0      681        0
          602      708        0      711      729        0      662        0
          571      716        0      702      690        0      678        0

Atom Distribution No.    93 at run step   32203:

  Count of atoms assigned to each task:
            0      665        0      687      702        0      690      603
            0      666        0      675      726        0      671      623
            0      640        0      705      708        0      693      596
            0      691        0      702      717        0      692      589
            0      699      723        0      681        0      708      657
            0      678      735        0      718        0      639      666
            0      693      708        0      653        0      637      681
            0      687      717        0      626      636        0      681
            0      681      715        0      641      601        0      711
            0      735      687        0      623      707        0      711
            0      744      682        0      679      741        0      717
          711        0      686        0      696      711        0      768
          693        0      699        0      720      744        0      741
          711        0      699        0      714      696        0      735
          702        0      705      732        0      735        0      708
          735        0      714      720        0      729        0      705
          709        0      732      736        0      619        0      621
          731        0      730      690        0      590      598        0
          716        0      693      628        0      535      550        0
          682        0      700      623        0      565      510        0
          617        0      726      629        0      548      558        0
          596      692        0      693        0      569      550        0
          521      689        0      702        0      631      559        0
          587      628        0      699        0      711      655        0
          538      646        0      711      696        0      690        0
          616      687        0      705      711        0      652        0
          601      701        0      693      720        0      673        0

Atom Distribution No.    94 at run step   32565:

  Count of atoms assigned to each task:
            0      640        0      693      696        0      696      608
            0      668        0      669      711        0      705      605
            0      662        0      702      711        0      699      593
            0      688        0      690      717        0      683      585
            0      705      726        0      699        0      692      641
            0      672      714        0      721        0      653      672
            0      687      681        0      659        0      621      669
            0      702      714        0      641      632        0      681
            0      690      701        0      632      623        0      675
            0      732      720        0      624      696        0      714
            0      726      683        0      675      699        0      726
          705        0      696        0      703      738        0      753
          708        0      681        0      705      729        0      723
          699        0      717        0      735      726        0      717
          687        0      696      714        0      735        0      720
          726        0      717      720        0      732        0      692
          682        0      723      709        0      687        0      621
          746        0      727      730        0      594      607        0
          697        0      717      654        0      559      517        0
          618        0      688      642        0      554      546        0
          582        0      711      680        0      619      535        0
          570      706        0      687        0      602      539        0
          578      629        0      702        0      661      610        0
          558      641        0      720        0      699      657        0
          536      631        0      732      690        0      699        0
          612      680        0      693      675        0      675        0
          599      699        0      702      705        0      681        0

Atom Distribution No.    95 at run step   32924:

  Count of atoms assigned to each task:
            0      639        0      693      696        0      693      618
            0      666        0      660      711        0      702      594
            0      659        0      672      693        0      711      602
            0      685        0      714      705        0      690      588
            0      702      717        0      714        0      710      639
            0      699      699        0      700        0      649      675
            0      699      696        0      672        0      650      681
            0      687      714        0      647      629        0      693
            0      666      706        0      635      603        0      672
            0      759      703        0      643      713        0      729
            0      720      701        0      647      705        0      726
          738        0      645        0      690      744        0      723
          699        0      699        0      738      744        0      714
          708        0      684        0      720      720        0      759
          684        0      747      744        0      735        0      699
          702        0      705      735        0      720        0      704
          709        0      723      748        0      672        0      640
          726        0      715      728        0      613      607        0
          716        0      703      618        0      602      526        0
          606        0      688      646        0      537      500        0
          608        0      726      685        0      588      518        0
          566      702        0      695        0      621      531        0
          539      676        0      696        0      634      587        0
          549      670        0      729        0      713      624        0
          527      638        0      690      690        0      673        0
          616      677        0      708      699        0      637        0
          604      684        0      717      693        0      682        0

Atom Distribution No.    96 at run step   33285:

  Count of atoms assigned to each task:
            0      624        0      675      672        0      723      594
            0      664        0      675      714        0      699      614
            0      647        0      678      711        0      705      580
            0      664        0      684      705        0      705      618
            0      702      714        0      705        0      696      658
            0      684      714        0      706        0      678      681
            0      693      729        0      657        0      654      678
            0      702      708        0      628      614        0      684
            0      690      730        0      643      611        0      684
            0      711      712        0      633      694        0      744
            0      708      675        0      621      744        0      720
          717        0      665        0      690      738        0      738
          717        0      699        0      723      723        0      741
          705        0      693        0      717      732        0      702
          687        0      714      711        0      726        0      708
          711        0      714      732        0      735        0      686
          703        0      750      730        0      673        0      648
          720        0      730      715        0      626      626        0
          695        0      682      629        0      558      529        0
          659        0      697      651        0      544      526        0
          624        0      708      671        0      534      521        0
          587      706        0      714        0      570      528        0
          581      677        0      729        0      639      540        0
          591      666        0      711        0      683      603        0
          570      663        0      705      696        0      686        0
          618      685        0      681      711        0      667        0
          581      708        0      720      684        0      677        0

Atom Distribution No.    97 at run step   33650:

  Count of atoms assigned to each task:
            0      647        0      669      684        0      726      601
            0      641        0      690      696        0      687      608
            0      659        0      696      702        0      693      601
            0      676        0      684      726        0      690      597
            0      711      717        0      693        0      689      643
            0      696      705        0      724        0      649      690
            0      693      717        0      679        0      655      699
            0      702      699        0      640      630        0      696
            0      672      706        0      635      609        0      705
            0      732      738        0      602      724        0      732
            0      714      688        0      664      729        0      738
          732        0      653        0      687      744        0      723
          708        0      672        0      717      726        0      729
          696        0      696        0      717      708        0      720
          657        0      717      732        0      732        0      702
          747        0      717      717        0      729        0      691
          712        0      732      721        0      687        0      650
          710        0      712      721        0      599      623        0
          698        0      699      643        0      557      560        0
          632        0      718      635        0      539      515        0
          620        0      690      669        0      546      538        0
          584      697        0      690        0      584      528        0
          534      668        0      729        0      644      634        0
          536      641        0      711        0      712      621        0
          522      656        0      702      714        0      686        0
          609      664        0      726      678        0      668        0
          598      697        0      702      696        0      692        0

Atom Distribution No.    98 at run step   34006:

  Count of atoms assigned to each task:
            0      654        0      648      708        0      714      620
            0      674        0      696      690        0      681      604
            0      658        0      690      711        0      687      615
            0      666        0      690      708        0      668      591
            0      711      711        0      711        0      715      652
            0      684      723        0      730        0      651      690
            0      684      714        0      662        0      637      708
            0      696      711        0      626      640        0      699
            0      696      683        0      645      596        0      690
            0      720      687        0      619      701        0      762
            0      738      681        0      661      735        0      717
          753        0      630        0      684      714        0      756
          705        0      708        0      714      759        0      738
          711        0      684        0      729      726        0      714
          702        0      720      729        0      708        0      696
          735        0      711      723        0      729        0      704
          706        0      711      721        0      658        0      636
          722        0      715      730        0      627      609        0
          692        0      687      641        0      542      564        0
          636        0      715      650        0      560      524        0
          611        0      690      658        0      544      536        0
          547      708        0      687        0      580      523        0
          543      678        0      744        0      650      548        0
          607      635        0      699        0      707      642        0
          544      664        0      708      699        0      684        0
          600      672        0      723      711        0      650        0
          569      698        0      690      687        0      683        0

Atom Distribution No.    99 at run step   34365:

  Count of atoms assigned to each task:
            0      630        0      672      717        0      702      620
            0      678        0      672      675        0      702      598
            0      635        0      717      699        0      708      613
            0      685        0      681      708        0      702      597
            0      684      735        0      705        0      684      666
            0      699      738        0      710        0      668      705
            0      684      714        0      656        0      652      696
            0      705      704        0      612      617        0      681
            0      699      709        0      612      625        0      684
            0      735      710        0      643      685        0      717
            0      729      657        0      646      726        0      744
          741        0      663        0      714      711        0      744
          690        0      717        0      717      741        0      705
          711        0      720        0      741      726        0      714
          717        0      720      747        0      729        0      666
          726        0      702      708        0      711        0      704
          709        0      741      712        0      663        0      663
          713        0      706      719        0      617      599        0
          701        0      690      650        0      555      554        0
          615        0      703      648        0      532      502        0
          597        0      705      659        0      594      549        0
          595      689        0      705        0      629      516        0
          572      635        0      717        0      624      610        0
          560      628        0      711        0      707      632        0
          537      665        0      696      702        0      681        0
          598      672        0      699      699        0      657        0
          605      681        0      693      690        0      673        0

Atom Distribution No.   100 at run step   34720:

  Count of atoms assigned to each task:
            0      642        0      696      696        0      711      617
            0      660        0      693      675        0      675      632
            0      653        0      696      717        0      699      620
            0      673        0      699      705        0      720      594
            0      708      738        0      714        0      691      681
            0      687      717        0      715        0      661      696
            0      702      735        0      657        0      645      672
            0      684      697        0      612      626        0      702
            0      699      694        0      644      628        0      669
            0      744      697        0      606      697        0      732
            0      705      661        0      649      738        0      738
          738        0      647        0      699      738        0      744
          693        0      687        0      738      732        0      729
          717        0      708        0      723      699        0      702
          702        0      720      729        0      711        0      702
          723        0      696      741        0      720        0      711
          717        0      708      697        0      675        0      649
          719        0      706      723        0      622      607        0
          701        0      681      639        0      557      559        0
          617        0      703      650        0      543      522        0
          603        0      696      644        0      608      537        0
          595      689        0      723        0      580      537        0
          530      686        0      711        0      634      558        0
          594      635        0      696        0      710      589        0
          570      637        0      726      693        0      683        0
          589      643        0      693      693        0      682        0
          595      679        0      726      699        0      685        0

Atom Distribution No.   101 at run step   35079:

  Count of atoms assigned to each task:
            0      654        0      681      711        0      705      626
            0      665        0      684      687        0      686      608
            0      648        0      693      717        0      705      609
            0      697        0      702      711        0      694      578
            0      711      720        0      708        0      674      696
            0      672      711        0      697        0      683      690
            0      717      717        0      650        0      696      693
            0      690      696        0      606      656        0      675
            0      714      664        0      617      678        0      693
            0      714      675        0      606      705        0      753
            0      756      667        0      639      732        0      744
          702        0      633        0      714      741        0      744
          720        0      681        0      717      720        0      711
          705        0      693        0      729      711        0      693
          702        0      711      741        0      723        0      714
          735        0      720      739        0      747        0      705
          693        0      720      720        0      646        0      644
          717        0      691      701        0      618      627        0
          704        0      699      635        0      546      527        0
          663        0      706      642        0      543      535        0
          612        0      729      655        0      552      523        0
          551      684        0      704        0      612      533        0
          545      685        0      711        0      634      557        0
          600      679        0      687        0      698      580        0
          532      660        0      699      699        0      686        0
          610      641        0      702      684        0      666        0
          595      672        0      729      720        0      676        0

Atom Distribution No.   102 at run step   35445:

  Count of atoms assigned to each task:
            0      631        0      681      699        0      732      629
            0      680        0      690      705        0      692      601
            0      684        0      684      696        0      700      626
            0      697        0      705      708        0      689      607
            0      696      717        0      690        0      673      684
            0      672      711        0      724        0      656      693
            0      726      711        0      628        0      693      702
            0      669      655        0      629      670        0      684
            0      723      691        0      596      666        0      705
            0      711      663        0      611      733        0      729
            0      747      599        0      671      723        0      729
          708        0      644        0      702      723        0      723
          720        0      703        0      729      732        0      726
          699        0      708        0      732      714        0      747
          678        0      726      750        0      717        0      699
          714        0      726      712        0      723        0      702
          717        0      705      705        0      659        0      632
          720        0      694      722        0      586      623        0
          698        0      714      608        0      560      541        0
          650        0      706      629        0      544      527        0
          627        0      696      638        0      581      543        0
          598      688        0      715        0      606      541        0
          601      691        0      690        0      628      541        0
          552      626        0      711        0      704      611        0
          565      656        0      723      678        0      672        0
          606      643        0      714      708        0      671        0
          603      680        0      711      696        0      679        0

Atom Distribution No.   103 at run step   35806:

  Count of atoms assigned to each task:
            0      658        0      696      714        0      693      609
            0      683        0      669      699        0      701      611
            0      663        0      699      693        0      711      596
            0      694        0      693      732        0      710      600
            0      705      702        0      711        0      679      699
            0      696      738        0      697        0      674      702
            0      657      711        0      644        0      681      687
            0      690      695        0      642      683        0      684
            0      696      691        0      613      689        0      708
            0      735      662        0      613      744        0      723
            0      735      649        0      672      711        0      741
          694        0      647        0      690      720        0      735
          706        0      714        0      711      732        0      708
          693        0      705        0      720      735        0      723
          672        0      726      732        0      711        0      693
          726        0      720      711        0      722        0      687
          726        0      708      730        0      649        0      649
          699        0      727      693        0      611      606        0
          704        0      687      626        0      530      542        0
          604        0      727      620        0      560      500        0
          630        0      690      662        0      585      511        0
          574      676        0      691        0      587      547        0
          532      690        0      696        0      638      587        0
          537      647        0      699        0      696      667        0
          530      676        0      717      705        0      677        0
          604      699        0      702      681        0      696        0
          584      710        0      696      705        0      668        0

Atom Distribution No.   104 at run step   36167:

  Count of atoms assigned to each task:
            0      658        0      693      705        0      693      600
            0      685        0      672      717        0      704      616
            0      678        0      696      726        0      667      594
            0      717        0      678      720        0      686      609
            0      696      711        0      705        0      688      666
            0      663      690        0      730        0      682      711
            0      663      723        0      646        0      697      675
            0      696      681        0      613      677        0      711
            0      678      659        0      623      710        0      687
            0      720      673        0      612      693        0      726
            0      729      648        0      682      732        0      744
          699        0      651        0      723      717        0      723
          693        0      726        0      720      720        0      738
          702        0      681        0      711      699        0      726
          705        0      729      744        0      738        0      699
          708        0      705      730        0      705        0      695
          706        0      705      708        0      656        0      643
          708        0      703      718        0      609      613        0
          677        0      690      645        0      542      536        0
          638        0      715      622        0      544      538        0
          616        0      685      644        0      603      517        0
          579      658        0      694        0      640      550        0
          574      646        0      717        0      688      587        0
          552      628        0      711        0      696      626        0
          556      635        0      717      693        0      690        0
          585      679        0      702      717        0      663        0
          605      728        0      717      696        0      655        0

Atom Distribution No.   105 at run step   36526:

  Count of atoms assigned to each task:
            0      649        0      699      702        0      717      635
            0      671        0      684      729        0      695      609
            0      690        0      699      720        0      664      604
            0      673        0      672      699        0      701      612
            0      699      681        0      723        0      661      669
            0      684      714        0      730        0      676      669
            0      672      711        0      642        0      703      696
            0      711      693        0      643      636        0      693
            0      690      699        0      625      657        0      699
            0      726      711        0      624      744        0      726
            0      726      609        0      681      714        0      708
          699        0      646        0      714      708        0      738
          699        0      699        0      705      720        0      729
          696        0      690        0      708      744        0      729
          699        0      705      729        0      726        0      708
          714        0      702      714        0      706        0      710
          718        0      696      711        0      682        0      630
          714        0      694      698        0      629      603        0
          686        0      678      648        0      595      534        0
          626        0      718      638        0      535      568        0
          538        0      682      716        0      567      543        0
          549      702        0      693        0      618      536        0
          565      636        0      714        0      655      608        0
          520      648        0      726        0      714      631        0
          569      605        0      720      687        0      702        0
          587      673        0      711      675        0      660        0
          611      748        0      723      705        0      662        0

Atom Distribution No.   106 at run step   36893:

  Count of atoms assigned to each task:
            0      642        0      669      717        0      687      595
            0      677        0      684      696        0      713      614
            0      706        0      696      714        0      687      608
            0      700        0      663      708        0      702      617
            0      681      696        0      717        0      672      672
            0      708      702        0      727        0      672      696
            0      678      720        0      638        0      700      699
            0      696      719        0      606      611        0      684
            0      690      713        0      631      699        0      696
            0      735      666        0      626      708        0      717
            0      729      627        0      702      744        0      711
          705        0      629        0      693      687        0      732
          720        0      681        0      696      729        0      744
          708        0      681        0      741      729        0      738
          708        0      702      714        0      738        0      705
          711        0      711      702        0      705        0      726
          700        0      720      715        0      690        0      628
          711        0      697      701        0      649      580        0
          676        0      684      695        0      533      530        0
          614        0      697      653        0      555      547        0
          606        0      676      692        0      573      523        0
          542      712        0      723        0      636      527        0
          529      631        0      681        0      706      594        0
          523      631        0      726        0      696      642        0
          560      601        0      681      708        0      707        0
          607      637        0      726      687        0      672        0
          611      710        0      732      708        0      697        0

Atom Distribution No.   107 at run step   37264:

  Count of atoms assigned to each task:
            0      663        0      693      696        0      711      585
            0      641        0      681      714        0      713      624
            0      708        0      690      708        0      717      579
            0      687        0      690      708        0      692      607
            0      699      723        0      687        0      672      678
            0      669      708        0      706        0      672      702
            0      699      711        0      644        0      694      696
            0      699      683        0      614      663        0      672
            0      699      678        0      623      678        0      693
            0      729      678        0      648      711        0      702
            0      720      648        0      666      714        0      729
          735        0      641        0      696      702        0      741
          705        0      678        0      714      729        0      738
          672        0      714        0      708      732        0      702
          735        0      708      717        0      744        0      723
          711        0      708      711        0      720        0      708
          726        0      696      724        0      661        0      631
          701        0      694      700        0      618      607        0
          704        0      693      638        0      598      526        0
          646        0      727      629        0      578      544        0
          591        0      672      727        0      567      504        0
          582      699        0      708        0      606      546        0
          583      641        0      711        0      623      606        0
          526      628        0      702        0      692      603        0
          562      616        0      711      693        0      703        0
          589      674        0      711      702        0      703        0
          592      712        0      684      693        0      697        0

Atom Distribution No.   108 at run step   37623:

  Count of atoms assigned to each task:
            0      638        0      678      711        0      711      610
            0      671        0      693      702        0      701      621
            0      690        0      711      726        0      700      611
            0      705        0      687      717        0      658      625
            0      708      732        0      687        0      649      663
            0      696      687        0      706        0      692      696
            0      693      715        0      623        0      700      687
            0      705      699        0      591      700        0      672
            0      702      668        0      666      698        0      678
            0      711      672        0      607      714        0      702
            0      720      680        0      651      729        0      702
          729        0      633        0      699      732        0      747
          702        0      696        0      696      741        0      741
          693        0      702        0      708      723        0      732
          684        0      732      738        0      741        0      726
          714        0      708      705        0      699        0      720
          717        0      708      715        0      648        0      645
          714        0      688      701        0      611      618        0
          704        0      690      647        0      547      540        0
          645        0      733      630        0      543      536        0
          599        0      690      664        0      549      532        0
          577      706        0      735        0      570      532        0
          554      667        0      714        0      618      556        0
          588      658        0      702        0      725      602        0
          534      647        0      684      705        0      682        0
          602      669        0      720      699        0      678        0
          598      690        0      696      705        0      671        0

Atom Distribution No.   109 at run step   37989:

  Count of atoms assigned to each task:
            0      669        0      672      714        0      720      598
            0      659        0      702      690        0      689      630
            0      681        0      720      732        0      679      622
            0      702        0      693      729        0      656      645
            0      714      714        0      696        0      679      714
            0      696      729        0      709        0      677      690
            0      717      691        0      648        0      705      687
            0      672      675        0      624      673        0      678
            0      708      633        0      633      689        0      702
            0      699      664        0      628      726        0      717
            0      741      616        0      687      723        0      723
          708        0      640        0      714      723        0      720
          706        0      678        0      714      744        0      744
          717        0      699        0      705      726        0      735
          681        0      732      744        0      723        0      738
          714        0      726      741        0      713        0      711
          720        0      681      710        0      628        0      629
          717        0      700      691        0      633      633        0
          692        0      687      621        0      541      529        0
          596        0      706      631        0      558      538        0
          620        0      699      649        0      552      552        0
          561      726        0      698        0      564      520        0
          529      691        0      729        0      631      565        0
          540      643        0      726        0      706      635        0
          523      646        0      693      699        0      693        0
          598      669        0      696      717        0      656        0
          605      687        0      702      705        0      665        0

Atom Distribution No.   110 at run step   38343:

  Count of atoms assigned to each task:
            0      623        0      681      717        0      720      628
            0      639        0      684      705        0      683      610
            0      667        0      672      717        0      669      602
            0      691        0      717      708        0      706      606
            0      723      726        0      708        0      680      684
            0      693      732        0      715        0      700      690
            0      711      705        0      638        0      694      693
            0      681      677        0      613      672        0      687
            0      678      635        0      620      690        0      675
            0      717      684        0      639      694        0      720
            0      717      651        0      700      732        0      717
          729        0      629        0      720      720        0      744
          687        0      683        0      735      726        0      732
          708        0      699        0      717      729        0      705
          696        0      714      735        0      738        0      708
          714        0      711      735        0      714        0      703
          738        0      723      709        0      622        0      675
          717        0      700      710        0      636      617        0
          662        0      669      610        0      537      532        0
          646        0      715      641        0      563      537        0
          616        0      702      664        0      563      546        0
          592      693        0      697        0      605      537        0
          569      686        0      732        0      643      538        0
          542      632        0      678        0      701      598        0
          515      655        0      717      711        0      695        0
          618      687        0      714      714        0      650        0
          579      677        0      738      708        0      668        0

Atom Distribution No.   111 at run step   38697:

  Count of atoms assigned to each task:
            0      640        0      675      717        0      714      626
            0      660        0      669      708        0      707      601
            0      668        0      705      723        0      682      618
            0      688        0      711      705        0      690      608
            0      678      717        0      729        0      704      670
            0      693      726        0      688        0      687      696
            0      681      711        0      633        0      673      684
            0      702      671        0      616      678        0      687
            0      675      685        0      631      678        0      696
            0      726      698        0      609      696        0      738
            0      738      683        0      675      714        0      717
          699        0      639        0      693      720        0      732
          717        0      680        0      723      744        0      726
          702        0      711        0      717      705        0      750
          669        0      744      726        0      744        0      705
          723        0      714      726        0      704        0      702
          714        0      732      700        0      626        0      644
          744        0      721      710        0      627      619        0
          677        0      702      629        0      543      529        0
          673        0      685      630        0      564      546        0
          593        0      690      700        0      539      535        0
          541      697        0      705        0      553      540        0
          529      713        0      708        0      622      534        0
          576      639        0      723        0      691      623        0
          567      629        0      708      714        0      669        0
          600      695        0      720      714        0      650        0
          597      689        0      714      702        0      659        0

Atom Distribution No.   112 at run step   39065:

  Count of atoms assigned to each task:
            0      652        0      666      720        0      714      602
            0      656        0      684      690        0      705      600
            0      659        0      702      741        0      666      614
            0      682        0      708      705        0      717      613
            0      702      726        0      714        0      679      690
            0      681      735        0      706        0      677      675
            0      687      696        0      611        0      698      690
            0      684      705        0      614      657        0      681
            0      672      694        0      640      672        0      726
            0      732      674        0      608      729        0      732
            0      738      639        0      717      705        0      738
          726        0      628        0      696      747        0      726
          687        0      684        0      723      723        0      723
          699        0      720        0      708      747        0      729
          681        0      714      714        0      723        0      717
          741        0      720      735        0      690        0      708
          723        0      714      715        0      629        0      668
          735        0      712      705        0      619      619        0
          696        0      717      634        0      534      544        0
          700        0      670      603        0      556      526        0
          639        0      669      649        0      549      518        0
          617      732        0      667        0      606      541        0
          528      687        0      694        0      625      602        0
          542      641        0      714        0      701      587        0
          527      606        0      708      711        0      670        0
          611      684        0      723      708        0      657        0
          582      673        0      714      702        0      674        0

Atom Distribution No.   113 at run step   39430:

  Count of atoms assigned to each task:
            0      639        0      681      711        0      696      588
            0      654        0      678      708        0      713      599
            0      677        0      708      711        0      690      590
            0      664        0      690      708        0      700      587
            0      696      735        0      714        0      694      651
            0      678      714        0      720        0      682      678
            0      687      729        0      664        0      656      690
            0      696      695        0      622      626        0      708
            0      687      703        0      628      689        0      696
            0      723      689        0      626      724        0      699
            0      714      649        0      675      720        0      729
          708        0      660        0      693      753        0      744
          720        0      681        0      696      735        0      729
          690        0      696        0      738      726        0      711
          726        0      729      726        0      717        0      705
          753        0      717      720        0      723        0      696
          699        0      735      724        0      626        0      626
          711        0      706      702        0      598      627        0
          689        0      726      616        0      540      543        0
          689        0      693      625        0      538      516        0
          659        0      694      638        0      570      563        0
          611      739        0      622        0      612      529        0
          576      660        0      697        0      621      529        0
          607      664        0      720        0      701      605        0
          524      650        0      714      690        0      676        0
          621      692        0      714      699        0      635        0
          583      687        0      714      690        0      701        0

Atom Distribution No.   114 at run step   39794:

  Count of atoms assigned to each task:
            0      620        0      666      723        0      702      621
            0      659        0      666      729        0      702      615
            0      686        0      696      687        0      684      579
            0      685        0      675      708        0      689      585
            0      693      723        0      705        0      709      654
            0      678      687        0      732        0      688      690
            0      675      729        0      701        0      673      726
            0      699      729        0      637      655        0      699
            0      675      695        0      612      666        0      711
            0      732      677        0      607      723        0      732
            0      705      652        0      687      729        0      747
          720        0      647        0      690      711        0      735
          687        0      698        0      693      744        0      735
          681        0      717        0      750      723        0      723
          693        0      705      708        0      735        0      747
          732        0      723      717        0      729        0      708
          717        0      735      762        0      623        0      658
          723        0      712      698        0      616      600        0
          693        0      708      606        0      539      548        0
          628        0      715      613        0      556      508        0
          624        0      699      613        0      575      526        0
          584      711        0      686        0      580      533        0
          547      682        0      698        0      627      561        0
          557      680        0      705        0      692      594        0
          589      664        0      726      681        0      672        0
          604      678        0      702      669        0      657        0
          583      720        0      711      696        0      662        0

Atom Distribution No.   115 at run step   40155:

  Count of atoms assigned to each task:
            0      638        0      675      711        0      702      616
            0      668        0      675      720        0      678      611
            0      657        0      699      690        0      696      584
            0      681        0      690      693        0      705      600
            0      682      699        0      720        0      688      660
            0      708      729        0      717        0      687      669
            0      696      702        0      633        0      674      693
            0      702      710        0      624      678        0      690
            0      684      669        0      624      692        0      687
            0      741      688        0      626      727        0      738
            0      726      623        0      680      723        0      735
          723        0      647        0      714      732        0      717
          690        0      687        0      711      729        0      747
          681        0      729        0      702      732        0      717
          705        0      738      714        0      699        0      732
          708        0      729      738        0      702        0      703
          703        0      711      724        0      620        0      683
          726        0      718      717        0      599      610        0
          701        0      693      633        0      532      579        0
          693        0      676      625        0      546      528        0
          682        0      705      612        0      568      520        0
          622      701        0      646        0      586      536        0
          596      674        0      699        0      616      574        0
          565      689        0      702        0      703      589        0
          569      659        0      699      696        0      648        0
          633      691        0      720      681        0      640        0
          587      691        0      690      705        0      656        0

Atom Distribution No.   116 at run step   40525:

  Count of atoms assigned to each task:
            0      651        0      675      711        0      687      611
            0      669        0      687      708        0      674      602
            0      674        0      708      711        0      714      593
            0      669        0      693      705        0      693      602
            0      696      720        0      705        0      678      638
            0      693      711        0      730        0      655      690
            0      693      714        0      690        0      627      690
            0      693      734        0      620      614        0      711
            0      660      693        0      633      626        0      684
            0      747      704        0      613      712        0      762
            0      735      668        0      693      735        0      714
          708        0      660        0      717      741        0      723
          723        0      714        0      711      714        0      717
          681        0      690        0      729      720        0      714
          690        0      717      750        0      714        0      693
          696        0      696      702        0      726        0      687
          706        0      705      724        0      675        0      672
          730        0      721      723        0      618      593        0
          701        0      684      649        0      543      529        0
          706        0      681      615        0      550      555        0
          615        0      687      635        0      552      519        0
          615      703        0      693        0      627      521        0
          552      690        0      696        0      657      527        0
          603      611        0      726        0      713      594        0
          573      659        0      705      690        0      680        0
          603      662        0      717      696        0      675        0
          614      705        0      708      678        0      674        0

Atom Distribution No.   117 at run step   40886:

  Count of atoms assigned to each task:
            0      661        0      672      732        0      687      603
            0      666        0      684      708        0      704      600
            0      661        0      720      705        0      675      597
            0      684        0      684      723        0      687      591
            0      693      708        0      693        0      695      660
            0      699      720        0      709        0      657      705
            0      687      717        0      674        0      628      669
            0      687      716        0      624      625        0      696
            0      696      705        0      654      630        0      699
            0      738      713        0      616      735        0      723
            0      729      675        0      691      732        0      729
          708        0      652        0      735      717        0      732
          708        0      693        0      741      732        0      714
          708        0      732        0      708      714        0      711
          714        0      720      729        0      714        0      705
          702        0      726      705        0      717        0      678
          711        0      744      730        0      648        0      657
          723        0      715      693        0      619      612        0
          708        0      705      640        0      550      531        0
          627        0      687      606        0      560      513        0
          609        0      705      653        0      564      523        0
          590      711        0      690        0      574      541        0
          548      668        0      723        0      643      578        0
          545      629        0      690        0      703      621        0
          504      658        0      714      702        0      668        0
          606      668        0      714      684        0      660        0
          633      726        0      717      687        0      692        0

Atom Distribution No.   118 at run step   41243:

  Count of atoms assigned to each task:
            0      620        0      690      702        0      684      601
            0      679        0      684      732        0      687      611
            0      668        0      702      723        0      663      590
            0      700        0      711      699        0      692      589
            0      699      711        0      699        0      702      669
            0      678      702        0      715        0      682      714
            0      702      714        0      632        0      652      681
            0      711      724        0      626      627        0      690
            0      684      697        0      619      674        0      699
            0      741      680        0      638      718        0      726
            0      747      649        0      702      741        0      720
          729        0      646        0      705      723        0      750
          684        0      693        0      729      684        0      684
          720        0      717        0      714      735        0      723
          702        0      735      729        0      696        0      717
          723        0      711      729        0      749        0      687
          702        0      706      721        0      609        0      646
          720        0      708      698        0      607      607        0
          701        0      699      627        0      536      547        0
          665        0      684      644        0      542      518        0
          628        0      684      622        0      564      536        0
          596      705        0      696        0      630      527        0
          564      659        0      705        0      639      556        0
          607      630        0      732        0      689      639        0
          507      646        0      723      687        0      671        0
          615      696        0      705      714        0      659        0
          602      699        0      711      687        0      683        0

Atom Distribution No.   119 at run step   41599:

  Count of atoms assigned to each task:
            0      640        0      687      723        0      702      591
            0      650        0      687      720        0      687      578
            0      659        0      684      702        0      699      585
            0      671        0      708      708        0      709      595
            0      708      723        0      720        0      684      660
            0      696      726        0      712        0      663      711
            0      669      747        0      617        0      682      690
            0      714      706        0      640      634        0      678
            0      699      692        0      605      668        0      678
            0      735      693        0      606      706        0      732
            0      732      640        0      696      750        0      735
          726        0      651        0      732      723        0      741
          711        0      696        0      720      732        0      723
          672        0      696        0      735      717        0      720
          723        0      714      729        0      723        0      717
          711        0      714      699        0      740        0      684
          708        0      726      715        0      636        0      625
          726        0      697      719        0      621      616        0
          695        0      681      619        0      535      518        0
          649        0      709      651        0      552      542        0
          600        0      708      666        0      571      530        0
          582      705        0      695        0      602      522        0
          526      690        0      726        0      621      609        0
          543      671        0      696        0      703      622        0
          520      632        0      699      696        0      687        0
          604      675        0      726      690        0      643        0
          598      692        0      729      726        0      680        0

Atom Distribution No.   120 at run step   41957:

  Count of atoms assigned to each task:
            0      645        0      666      705        0      741      597
            0      668        0      693      708        0      687      606
            0      655        0      678      702        0      717      609
            0      675        0      699      729        0      687      613
            0      690      696        0      738        0      695      666
            0      678      747        0      706        0      682      681
            0      702      711        0      633        0      709      708
            0      684      680        0      623      638        0      696
            0      693      674        0      633      678        0      705
            0      735      688        0      609      714        0      726
            0      726      650        0      681      717        0      729
          726        0      617        0      711      723        0      729
          684        0      729        0      699      729        0      744
          684        0      693        0      726      729        0      726
          699        0      717      726        0      717        0      690
          696        0      729      726        0      738        0      701
          717        0      699      724        0      647        0      629
          702        0      682      707        0      622      618        0
          698        0      687      633        0      536      552        0
          669        0      714      652        0      559      535        0
          608        0      696      648        0      557      553        0
          571      718        0      697        0      612      514        0
          584      676        0      722        0      639      535        0
          593      641        0      690        0      691      595        0
          529      671        0      717      690        0      644        0
          606      681        0      708      711        0      678        0
          583      706        0      729      678        0      664        0

Atom Distribution No.   121 at run step   42320:

  Count of atoms assigned to each task:
            0      657        0      663      702        0      723      603
            0      675        0      663      705        0      674      629
            0      663        0      711      720        0      705      594
            0      672        0      675      711        0      700      620
            0      693      735        0      738        0      668      681
            0      684      723        0      676        0      675      711
            0      681      702        0      629        0      710      711
            0      702      687        0      611      670        0      681
            0      675      649        0      637      681        0      720
            0      729      679        0      638      735        0      705
            0      735      644        0      690      708        0      741
          681        0      642        0      708      720        0      738
          684        0      723        0      693      744        0      723
          693        0      717        0      690      726        0      717
          699        0      714      735        0      723        0      705
          711        0      717      720        0      717        0      700
          717        0      694      739        0      627        0      655
          720        0      714      691        0      590      643        0
          716        0      675      623        0      570      535        0
          689        0      691      639        0      545      518        0
          632        0      702      623        0      563      521        0
          604      712        0      669        0      611      524        0
          616      701        0      690        0      615      549        0
          540      720        0      690        0      697      594        0
          544      634        0      717      693        0      680        0
          611      657        0      717      705        0      631        0
          576      730        0      723      705        0      680        0

Atom Distribution No.   122 at run step   42681:

  Count of atoms assigned to each task:
            0      659        0      666      681        0      738      611
            0      643        0      675      705        0      695      614
            0      665        0      702      735        0      678      609
            0      699        0      672      711        0      702      627
            0      672      723        0      726        0      674      672
            0      690      714        0      718        0      681      708
            0      681      696        0      653        0      678      675
            0      693      696        0      619      659        0      702
            0      699      697        0      630      672        0      696
            0      726      687        0      636      711        0      732
            0      726      627        0      714      705        0      711
          735        0      645        0      705      744        0      726
          681        0      720        0      702      747        0      750
          684        0      711        0      717      720        0      714
          708        0      726      717        0      720        0      696
          699        0      711      756        0      720        0      714
          720        0      709      700        0      652        0      660
          687        0      702      690        0      631      611        0
          684        0      708      625        0      542      568        0
          645        0      691      651        0      544      524        0
          618        0      699      611        0      540      544        0
          599      720        0      696        0      613      512        0
          549      678        0      717        0      628      565        0
          583      648        0      693        0      694      614        0
          526      656        0      711      696        0      677        0
          619      669        0      711      708        0      625        0
          576      716        0      708      702        0      687        0

Atom Distribution No.   123 at run step   43047:

  Count of atoms assigned to each task:
            0      661        0      654      705        0      699      606
            0      673        0      690      720        0      695      619
            0      661        0      687      729        0      699      618
            0      699        0      669      717        0      696      604
            0      690      726        0      705        0      653      666
            0      681      741        0      709        0      668      672
            0      669      687        0      661        0      674      687
            0      675      699        0      639      635        0      705
            0      699      682        0      629      675        0      699
            0      750      663        0      643      723        0      732
            0      726      648        0      693      711        0      726
          681        0      645        0      726      693        0      747
          690        0      681        0      717      762        0      729
          705        0      696        0      720      723        0      726
          711        0      726      744        0      711        0      708
          723        0      693      702        0      714        0      717
          705        0      739      721        0      641        0      660
          708        0      699      691        0      598      622        0
          686        0      690      622        0      559      539        0
          705        0      715      619        0      549      526        0
          612        0      696      660        0      554      534        0
          564      693        0      690        0      582      529        0
          605      687        0      714        0      626      536        0
          605      634        0      696        0      704      634        0
          524      660        0      717      699        0      688        0
          588      677        0      717      714        0      629        0
          600      701        0      732      708        0      671        0

Atom Distribution No.   124 at run step   43413:

  Count of atoms assigned to each task:
            0      671        0      684      711        0      687      633
            0      655        0      672      705        0      710      597
            0      669        0      693      750        0      654      598
            0      681        0      705      708        0      706      603
            0      684      711        0      714        0      674      645
            0      672      720        0      721        0      673      678
            0      672      711        0      662        0      647      687
            0      708      753        0      646      639        0      687
            0      687      682        0      624      697        0      696
            0      738      684        0      625      729        0      756
            0      717      631        0      717      750        0      720
          693        0      631        0      708      714        0      756
          693        0      708        0      702      720        0      738
          693        0      699        0      708      726        0      705
          705        0      735      714        0      711        0      708
          696        0      714      735        0      723        0      720
          699        0      736      739        0      636        0      663
          735        0      687      714        0      630      627        0
          669        0      711      616        0      532      549        0
          616        0      718      628        0      543      544        0
          596        0      690      655        0      550      547        0
          542      696        0      705        0      630      533        0
          532      689        0      732        0      641      607        0
          527      631        0      702        0      698      619        0
          523      620        0      708      681        0      685        0
          626      694        0      726      696        0      670        0
          571      685        0      726      708        0      669        0

Atom Distribution No.   125 at run step   43768:

  Count of atoms assigned to each task:
            0      653        0      681      690        0      708      619
            0      653        0      669      699        0      701      616
            0      667        0      702      756        0      726      593
            0      684        0      699      720        0      661      610
            0      687      732        0      738        0      670      657
            0      675      699        0      718        0      663      711
            0      687      717        0      651        0      674      696
            0      705      712        0      626      634        0      678
            0      687      681        0      640      664        0      717
            0      738      667        0      627      735        0      726
            0      741      630        0      711      735        0      726
          690        0      624        0      711      711        0      729
          726        0      732        0      705      711        0      732
          696        0      714        0      702      702        0      699
          678        0      717      708        0      738        0      711
          705        0      723      699        0      729        0      699
          702        0      709      736        0      633        0      634
          727        0      729      690        0      594      633        0
          677        0      717      630        0      581      550        0
          693        0      715      627        0      544      525        0
          600        0      708      627        0      552      543        0
          592      699        0      717        0      627      532        0
          556      652        0      719        0      638      543        0
          565      609        0      708        0      706      631        0
          510      640        0      738      681        0      692        0
          599      654        0      702      708        0      640        0
          601      724        0      726      699        0      669        0

Atom Distribution No.   126 at run step   44133:

  Count of atoms assigned to each task:
            0      623        0      705      696        0      711      625
            0      656        0      666      702        0      705      598
            0      681        0      693      729        0      681      592
            0      685        0      696      720        0      690      604
            0      726      717        0      732        0      649      671
            0      681      699        0      715        0      696      687
            0      699      714        0      625        0      686      675
            0      696      700        0      627      661        0      681
            0      699      670        0      643      684        0      711
            0      720      669        0      631      720        0      723
            0      723      658        0      729      732        0      726
          705        0      647        0      702      705        0      756
          717        0      705        0      723      711        0      735
          678        0      720        0      714      690        0      723
          702        0      714      726        0      717        0      705
          693        0      705      696        0      735        0      702
          729        0      714      724        0      653        0      652
          707        0      727      709        0      630      619        0
          692        0      687      638        0      537      540        0
          656        0      712      634        0      548      508        0
          616        0      693      648        0      551      550        0
          603      699        0      672        0      623      534        0
          603      660        0      699        0      602      562        0
          578      665        0      720        0      721      585        0
          559      659        0      744      666        0      669        0
          597      690        0      699      672        0      647        0
          575      691        0      705      708        0      666        0

Atom Distribution No.   127 at run step   44493:

  Count of atoms assigned to each task:
            0      650        0      657      702        0      723      602
            0      649        0      663      708        0      699      600
            0      690        0      690      747        0      684      596
            0      681        0      720      726        0      699      591
            0      702      729        0      717        0      670      668
            0      678      723        0      706        0      681      711
            0      678      708        0      619        0      692      669
            0      687      720        0      630      632        0      702
            0      705      679        0      622      705        0      696
            0      729      659        0      614      720        0      723
            0      747      648        0      696      696        0      723
          687        0      645        0      714      708        0      741
          711        0      708        0      708      744        0      729
          684        0      714        0      747      693        0      705
          684        0      708      714        0      732        0      699
          711        0      717      714        0      717        0      697
          709        0      726      737        0      652        0      653
          734        0      681      719        0      608      614        0
          683        0      684      643        0      552      556        0
          670        0      706      623        0      537      524        0
          579        0      729      650        0      555      553        0
          583      696        0      691        0      633      520        0
          570      674        0      720        0      638      569        0
          587      623        0      711        0      700      609        0
          581      685        0      690      696        0      668        0
          620      699        0      708      681        0      643        0
          574      687        0      705      705        0      671        0

Atom Distribution No.   128 at run step   44844:

  Count of atoms assigned to each task:
            0      662        0      666      726        0      684      617
            0      667        0      660      702        0      683      626
            0      653        0      708      726        0      696      602
            0      693        0      687      720        0      697      613
            0      675      750        0      744        0      660      692
            0      684      735        0      715        0      673      675
            0      723      720        0      619        0      710      690
            0      687      684        0      608      652        0      687
            0      687      663        0      627      677        0      687
            0      747      667        0      617      729        0      717
            0      717      643        0      684      729        0      735
          708        0      646        0      717      717        0      735
          696        0      687        0      708      741        0      732
          717        0      708        0      711      711        0      717
          699        0      690      735        0      711        0      714
          714        0      708      717        0      732        0      692
          715        0      714      728        0      680        0      646
          714        0      720      700        0      612      620        0
          692        0      705      624        0      543      547        0
          640        0      715      641        0      558      542        0
          606        0      699      631        0      553      545        0
          579      723        0      702        0      612      515        0
          539      683        0      705        0      637      552        0
          591      648        0      711        0      697      598        0
          581      638        0      666      684        0      672        0
          575      699        0      717      720        0      643        0
          604      702        0      699      699        0      665        0

Atom Distribution No.   129 at run step   45210:

  Count of atoms assigned to each task:
            0      639        0      681      702        0      696      580
            0      668        0      654      714        0      716      619
            0      659        0      696      711        0      697      593
            0      678        0      702      720        0      694      599
            0      705      711        0      729        0      678      681
            0      684      741        0      703        0      704      699
            0      675      711        0      619        0      694      690
            0      693      688        0      620      659        0      684
            0      681      653        0      631      680        0      708
            0      720      696        0      648      708        0      723
            0      720      642        0      681      729        0      714
          723        0      639        0      705      738        0      711
          693        0      675        0      687      741        0      711
          693        0      690        0      723      732        0      723
          702        0      729      765        0      705        0      732
          696        0      708      723        0      705        0      680
          724        0      735      713        0      644        0      641
          722        0      690      705        0      629      613        0
          692        0      705      635        0      587      545        0
          703        0      715      615        0      554      524        0
          688        0      702      629        0      548      534        0
          628      684        0      645        0      590      512        0
          586      682        0      708        0      639      544        0
          549      690        0      714        0      667      602        0
          574      657        0      702      702        0      665        0
          640      674        0      693      687        0      649        0
          594      693        0      696      714        0      685        0

Atom Distribution No.   130 at run step   45570:

  Count of atoms assigned to each task:
            0      652        0      675      708        0      702      600
            0      665        0      672      702        0      717      605
            0      669        0      732      693        0      693      594
            0      684        0      693      714        0      707      619
            0      693      714        0      705        0      683      690
            0      687      729        0      709        0      675      690
            0      690      723        0      625        0      697      666
            0      702      682        0      631      681        0      687
            0      690      683        0      606      681        0      699
            0      744      664        0      636      714        0      714
            0      726      648        0      684      714        0      720
          717        0      644        0      708      693        0      741
          702        0      675        0      732      720        0      708
          714        0      687        0      714      729        0      735
          687        0      699      744        0      726        0      699
          699        0      711      711        0      729        0      698
          718        0      735      734        0      675        0      644
          710        0      711      704        0      615      608        0
          710        0      690      636        0      549      563        0
          667        0      709      638        0      527      521        0
          633        0      693      631        0      560      536        0
          599      680        0      684        0      632      522        0
          603      683        0      723        0      625      536        0
          581      639        0      720        0      688      591        0
          548      683        0      687      693        0      700        0
          606      698        0      717      690        0      616        0
          613      705        0      681      690        0      656        0

Atom Distribution No.   131 at run step   45934:

  Count of atoms assigned to each task:
            0      634        0      678      696        0      687      584
            0      619        0      684      723        0      699      615
            0      648        0      696      729        0      693      582
            0      667        0      666      729        0      704      598
            0      681      744        0      720        0      706      662
            0      711      714        0      715        0      683      678
            0      711      705        0      634        0      685      675
            0      705      681        0      649      651        0      678
            0      660      690        0      635      663        0      693
            0      729      675        0      618      724        0      747
            0      726      686        0      696      717        0      738
          705        0      652        0      696      714        0      726
          699        0      708        0      708      735        0      726
          717        0      687        0      744      696        0      696
          687        0      699      744        0      717        0      744
          711        0      726      726        0      741        0      705
          709        0      726      713        0      650        0      632
          732        0      696      733        0      630      628        0
          710        0      717      610        0      541      537        0
          685        0      688      647        0      533      515        0
          636        0      669      690        0      553      550        0
          601      691        0      696        0      607      509        0
          552      646        0      726        0      623      561        0
          595      645        0      696        0      700      583        0
          540      650        0      705      699        0      690        0
          599      667        0      726      699        0      647        0
          622      690        0      708      711        0      667        0

Atom Distribution No.   132 at run step   46300:

  Count of atoms assigned to each task:
            0      631        0      645      708        0      678      638
            0      617        0      681      720        0      710      598
            0      685        0      726      741        0      678      582
            0      675        0      675      717        0      715      589
            0      684      732        0      729        0      677      666
            0      681      747        0      733        0      660      669
            0      705      711        0      647        0      661      699
            0      696      715        0      634      614        0      696
            0      699      718        0      618      647        0      684
            0      726      704        0      592      738        0      735
            0      726      685        0      687      711        0      741
          711        0      647        0      705      708        0      747
          694        0      699        0      726      723        0      720
          678        0      702        0      705      747        0      687
          720        0      702      735        0      741        0      726
          708        0      714      723        0      711        0      694
          723        0      739      724        0      653        0      607
          726        0      723      685        0      631      648        0
          689        0      714      630        0      532      538        0
          691        0      726      634        0      543      515        0
          630        0      675      649        0      535      532        0
          607      698        0      672        0      619      530        0
          556      654        0      693        0      635      612        0
          533      622        0      738        0      691      606        0
          524      668        0      714      690        0      679        0
          601      682        0      705      714        0      648        0
          619      693        0      708      693        0      661        0

Atom Distribution No.   133 at run step   46659:

  Count of atoms assigned to each task:
            0      638        0      675      699        0      687      599
            0      643        0      666      720        0      708      606
            0      660        0      690      738        0      684      601
            0      693        0      693      726        0      680      602
            0      697      714        0      696        0      667      671
            0      693      726        0      714        0      672      669
            0      708      723        0      645        0      690      669
            0      708      669        0      634      694        0      699
            0      711      715        0      603      674        0      711
            0      744      669        0      631      711        0      753
            0      732      652        0      678      699        0      756
          713        0      658        0      714      717        0      726
          705        0      696        0      717      723        0      720
          723        0      702        0      714      732        0      693
          699        0      705      756        0      723        0      699
          711        0      723      708        0      711        0      692
          724        0      699      721        0      627        0      640
          698        0      703      684        0      634      634        0
          686        0      708      633        0      537      539        0
          658        0      667      627        0      537      519        0
          634        0      684      658        0      567      544        0
          604      696        0      688        0      607      532        0
          610      670        0      696        0      640      539        0
          604      598        0      714        0      708      609        0
          570      650        0      699      690        0      669        0
          600      672        0      756      714        0      649        0
          600      721        0      693      702        0      659        0

Atom Distribution No.   134 at run step   47025:

  Count of atoms assigned to each task:
            0      644        0      666      702        0      702      633
            0      627        0      651      723        0      717      598
            0      669        0      681      723        0      715      600
            0      655        0      693      720        0      687      602
            0      696      723        0      717        0      709      661
            0      711      732        0      718        0      685      669
            0      699      708        0      671        0      670      675
            0      705      734        0      620      632        0      690
            0      702      673        0      652      645        0      720
            0      735      678        0      602      723        0      732
            0      732      659        0      696      750        0      762
          695        0      632        0      696      729        0      741
          705        0      723        0      714      735        0      753
          663        0      714        0      714      708        0      717
          717        0      714      714        0      723        0      672
          693        0      738      693        0      693        0      698
          696        0      702      720        0      702        0      657
          708        0      730      700        0      593      610        0
          683        0      708      616        0      580      539        0
          648        0      676      644        0      540      514        0
          590        0      687      695        0      620      526        0
          575      693        0      694        0      617      528        0
          534      658        0      720        0      630      605        0
          533      629        0      729        0      691      591        0
          513      640        0      732      687        0      678        0
          628      657        0      708      738        0      630        0
          631      699        0      693      705        0      668        0

Atom Distribution No.   135 at run step   47383:

  Count of atoms assigned to each task:
            0      658        0      666      696        0      711      619
            0      631        0      681      711        0      719      602
            0      650        0      669      756        0      682      582
            0      687        0      702      735        0      702      588
            0      702      711        0      720        0      686      684
            0      693      726        0      733        0      669      675
            0      705      726        0      642        0      685      678
            0      696      656        0      634      715        0      693
            0      714      690        0      639      657        0      705
            0      723      652        0      635      726        0      738
            0      738      638        0      711      738        0      738
          707        0      674        0      705      717        0      723
          711        0      717        0      738      759        0      699
          699        0      699        0      717      708        0      708
          678        0      699      726        0      714        0      699
          705        0      729      723        0      717        0      672
          723        0      705      719        0      636        0      666
          711        0      694      692        0      626      623        0
          687        0      684      614        0      522      546        0
          636        0      700      619        0      543      500        0
          613        0      678      722        0      563      546        0
          546      715        0      732        0      605      531        0
          543      677        0      711        0      648      548        0
          559      632        0      705        0      686      609        0
          533      661        0      711      705        0      676        0
          611      691        0      699      729        0      646        0
          631      683        0      702      678        0      674        0

Atom Distribution No.   136 at run step   47739:

  Count of atoms assigned to each task:
            0      644        0      645      699        0      726      640
            0      662        0      675      729        0      710      623
            0      661        0      684      726        0      696      610
            0      666        0      696      741        0      666      604
            0      669      717        0      699        0      674      690
            0      702      720        0      730        0      684      684
            0      699      705        0      629        0      706      702
            0      690      689        0      626      691        0      711
            0      669      654        0      636      707        0      705
            0      732      667        0      661      741        0      729
            0      705      631        0      678      750        0      729
          698        0      653        0      729      741        0      738
          699        0      699        0      723      735        0      711
          693        0      723        0      726      723        0      750
          681        0      717      717        0      738        0      696
          708        0      693      735        0      696        0      701
          696        0      717      723        0      632        0      670
          720        0      724      693        0      604      611        0
          684        0      689      613        0      529      547        0
          667        0      684      626        0      524      516        0
          619        0      681      667        0      576      534        0
          535      691        0      723        0      626      523        0
          543      671        0      717        0      663      561        0
          524      630        0      711        0      672      580        0
          587      616        0      726      675        0      682        0
          628      645        0      732      684        0      701        0
          594      724        0      702      684        0      673        0

Atom Distribution No.   137 at run step   48102:

  Count of atoms assigned to each task:
            0      632        0      657      720        0      720      615
            0      681        0      660      717        0      728      587
            0      673        0      705      732        0      686      608
            0      684        0      717      747        0      679      621
            0      687      735        0      711        0      677      678
            0      690      705        0      706        0      695      690
            0      705      707        0      631        0      706      720
            0      708      663        0      603      696        0      681
            0      693      640        0      638      673        0      699
            0      729      676        0      647      726        0      723
            0      717      654        0      699      732        0      726
          679        0      672        0      714      717        0      750
          693        0      732        0      690      741        0      732
          699        0      690        0      726      705        0      714
          690        0      708      702        0      747        0      708
          711        0      711      711        0      717        0      692
          702        0      732      728        0      639        0      706
          693        0      691      664        0      615      644        0
          690        0      696      632        0      534      551        0
          682        0      698      600        0      526      516        0
          597        0      699      636        0      558      538        0
          583      693        0      692        0      612      533        0
          527      659        0      717        0      626      550        0
          539      652        0      714        0      702      624        0
          566      596        0      717      678        0      696        0
          619      663        0      732      690        0      660        0
          622      713        0      699      693        0      686        0

Atom Distribution No.   138 at run step   48456:

  Count of atoms assigned to each task:
            0      656        0      657      717        0      708      620
            0      660        0      660      729        0      692      604
            0      675        0      711      702        0      693      608
            0      687        0      702      714        0      642      654
            0      690      723        0      720        0      669      675
            0      711      696        0      718        0      678      696
            0      681      684        0      653        0      679      696
            0      705      663        0      629      674        0      684
            0      690      646        0      625      675        0      684
            0      711      667        0      641      727        0      717
            0      714      628        0      701      723        0      759
          714        0      647        0      732      717        0      747
          696        0      699        0      714      744        0      732
          711        0      702        0      711      735        0      732
          711        0      720      723        0      717        0      726
          735        0      702      705        0      699        0      696
          693        0      714      718        0      635        0      667
          720        0      703      701        0      591      613        0
          701        0      672      612        0      547      553        0
          689        0      705      626        0      528      518        0
          629        0      699      625        0      566      552        0
          600      690        0      687        0      607      519        0
          565      690        0      726        0      618      583        0
          547      630        0      729        0      696      603        0
          579      631        0      696      669        0      690        0
          608      684        0      729      705        0      679        0
          596      710        0      702      696        0      675        0

Atom Distribution No.   139 at run step   48814:

  Count of atoms assigned to each task:
            0      634        0      663      720        0      711      616
            0      663        0      681      705        0      690      604
            0      685        0      696      708        0      711      601
            0      687        0      672      735        0      668      583
            0      690      732        0      726        0      658      704
            0      663      696        0      721        0      672      693
            0      687      696        0      647        0      689      702
            0      702      699        0      622      675        0      660
            0      696      694        0      601      681        0      696
            0      744      691        0      612      724        0      711
            0      726      659        0      690      726        0      729
          738        0      649        0      717      729        0      744
          675        0      735        0      711      732        0      726
          696        0      726        0      708      720        0      702
          702        0      741      732        0      723        0      723
          732        0      699      714        0      714        0      699
          696        0      711      722        0      650        0      666
          717        0      688      711        0      612      622        0
          699        0      699      646        0      528      516        0
          641        0      696      632        0      534      540        0
          595        0      684      692        0      581      550        0
          571      696        0      707        0      625      507        0
          549      674        0      687        0      654      535        0
          547      655        0      711        0      708      602        0
          555      623        0      702      687        0      676        0
          610      699        0      708      693        0      638        0
          606      707        0      738      699        0      675        0

Atom Distribution No.   140 at run step   49172:

  Count of atoms assigned to each task:
            0      639        0      681      702        0      693      624
            0      648        0      666      726        0      693      584
            0      672        0      684      711        0      708      605
            0      691        0      699      741        0      701      591
            0      711      714        0      729        0      650      702
            0      690      705        0      700        0      700      678
            0      672      729        0      636        0      676      705
            0      693      684        0      642      648        0      693
            0      669      691        0      600      655        0      693
            0      732      689        0      601      708        0      726
            0      729      664        0      689      741        0      711
          720        0      640        0      711      741        0      726
          705        0      714        0      747      723        0      723
          687        0      750        0      741      708        0      717
          705        0      708      735        0      723        0      681
          723        0      726      726        0      723        0      679
          738        0      714      725        0      619        0      652
          726        0      715      682        0      584      619        0
          702        0      725      638        0      544      533        0
          674        0      701      633        0      560      507        0
          602        0      693      621        0      571      553        0
          576      705        0      698        0      616      517        0
          584      706        0      717        0      625      527        0
          562      624        0      693        0      716      614        0
          536      628        0      705      669        0      703        0
          608      706        0      744      708        0      644        0
          575      709        0      723      684        0      657        0

Atom Distribution No.   141 at run step   49532:

  Count of atoms assigned to each task:
            0      638        0      681      696        0      681      607
            0      673        0      687      714        0      699      591
            0      635        0      708      690        0      711      592
            0      668        0      687      726        0      694      611
            0      684      744        0      699        0      680      682
            0      690      708        0      718        0      695      675
            0      705      729        0      617        0      692      702
            0      684      685        0      620      636        0      681
            0      699      702        0      612      661        0      681
            0      711      669        0      606      715        0      720
            0      741      671        0      682      738        0      732
          708        0      636        0      717      735        0      735
          696        0      693        0      711      747        0      702
          705        0      708        0      717      720        0      732
          723        0      708      726        0      717        0      720
          726        0      723      732        0      729        0      653
          736        0      729      721        0      646        0      654
          737        0      730      697        0      586      599        0
          707        0      702      639        0      545      519        0
          672        0      694      621        0      547      526        0
          608        0      690      674        0      563      542        0
          596      689        0      707        0      628      517        0
          614      696        0      702        0      640      521        0
          580      649        0      690        0      701      605        0
          541      657        0      738      669        0      673        0
          618      667        0      744      708        0      646        0
          634      687        0      696      678        0      657        0

Atom Distribution No.   142 at run step   49895:

  Count of atoms assigned to each task:
            0      670        0      678      684        0      717      640
            0      650        0      645      711        0      678      585
            0      660        0      699      720        0      696      602
            0      637        0      696      723        0      719      580
            0      693      735        0      708        0      696      644
            0      696      717        0      698        0      690      690
            0      699      741        0      681        0      628      702
            0      711      712        0      630      592        0      684
            0      684      696        0      641      605        0      654
            0      753      671        0      625      703        0      744
            0      693      667        0      668      729        0      741
          708        0      650        0      700      726        0      747
          690        0      699        0      729      735        0      738
          720        0      693        0      732      714        0      741
          711        0      696      735        0      738        0      693
          732        0      741      726        0      726        0      688
          733        0      702      716        0      655        0      641
          743        0      723      710        0      626      596        0
          704        0      711      644        0      535      532        0
          630        0      695      625        0      571      522        0
          611        0      696      700        0      571      544        0
          588      702        0      701        0      624      509        0
          536      672        0      705        0      645      559        0
          542      631        0      717        0      695      612        0
          539      657        0      714      705        0      673        0
          600      694        0      744      684        0      669        0
          590      711        0      717      660        0      656        0

Major Routine Parallel Profiling - NonSetup CPU Seconds:

           D                                                              
           a                                                              
           t                                                              
           a                              D                               
           D         N                    i                               
           i         o                    h                               
           s         n             A      e      S      R      O         T
   T       t         B      B      n      d      h      u      t         o
   a       r         o      o      g      r      a      n      h         t
   s       i         n      n      l      a      k      M      e         a
   k       b         d      d      e      l      e      D      r         l
------------------------------------------------------------------------------
   0   137.3      18.6    0.0    0.0    0.0    0.8    3.5    0.1     160.3
   1    58.2      91.7    0.2    0.6    1.6    1.3    5.9    0.6     160.1
   2    76.8      77.7    0.0    0.0    0.0    0.8    4.4    0.5     160.2
   3    57.6      93.9    0.2    0.2    0.2    1.2    6.2    0.6     160.1
   4    57.2      94.3    0.2    0.2    0.2    1.3    6.2    0.6     160.2
   5    75.9      79.0    0.0    0.0    0.0    0.8    4.0    0.4     160.1
   6    57.4      94.2    0.2    0.2    0.2    1.2    6.0    0.6     160.2
   7    59.5      89.9    0.2    0.6    2.0    1.2    6.1    0.6     160.1
   8    76.3      78.9    0.0    0.0    0.0    0.8    3.9    0.4     160.2
   9    57.3      93.0    0.3    0.5    1.1    1.2    6.2    0.6     160.1
  10    76.7      78.2    0.0    0.0    0.0    0.7    4.1    0.4     160.2
  11    57.6      94.0    0.2    0.2    0.2    1.2    6.1    0.6     160.1
  12    57.2      94.4    0.2    0.2    0.2    1.2    6.1    0.6     160.2
  13    75.4      79.5    0.0    0.0    0.0    0.8    4.1    0.4     160.1
  14    57.5      94.0    0.2    0.3    0.3    1.2    6.1    0.5     160.2
  15    60.0      88.8    0.2    0.8    2.6    1.2    6.0    0.5     160.1
  16    75.1      79.9    0.0    0.0    0.0    0.8    4.0    0.4     160.2
  17    58.0      93.0    0.2    0.4    0.8    1.2    6.1    0.5     160.1
  18    76.3      78.9    0.0    0.0    0.0    0.7    3.9    0.4     160.2
  19    57.8      93.9    0.2    0.2    0.2    1.2    6.1    0.5     160.0
  20    58.2      93.8    0.2    0.2    0.2    1.2    5.9    0.4     160.2
  21    75.5      79.1    0.0    0.0    0.0    0.8    4.4    0.5     160.1
  22    58.5      92.8    0.2    0.4    0.7    1.2    5.9    0.4     160.2
  23    59.2      88.6    0.3    1.0    3.5    1.2    5.9    0.5     160.1
  24    76.9      77.8    0.0    0.0    0.0    0.7    4.3    0.5     160.2
  25    57.3      94.0    0.2    0.3    0.4    1.2    6.2    0.6     160.1
  26    76.3      78.5    0.0    0.0    0.0    0.7    4.2    0.5     160.2
  27    57.6      94.0    0.2    0.2    0.2    1.2    6.2    0.6     160.1
  28    57.4      94.2    0.2    0.2    0.2    1.2    6.1    0.6     160.2
  29    75.7      79.0    0.0    0.0    0.0    0.7    4.3    0.4     160.1
  30    57.7      93.1    0.2    0.4    1.0    1.2    6.0    0.5     160.2
  31    60.0      89.3    0.2    0.7    2.2    1.2    6.0    0.5     160.1
  32    75.1      80.3    0.0    0.0    0.0    0.7    3.7    0.3     160.2
  33    58.6      93.0    0.2    0.2    0.2    1.2    6.1    0.6     160.1
  34    57.4      94.3    0.2    0.2    0.2    1.2    6.2    0.6     160.2
  35    75.4      79.2    0.0    0.0    0.0    0.8    4.3    0.5     160.1
  36    56.7      94.9    0.2    0.2    0.2    1.2    6.2    0.6     160.1
  37    75.4      79.3    0.0    0.0    0.0    0.7    4.3    0.4     160.1
  38    56.6      94.3    0.2    0.4    0.9    1.2    6.1    0.4     160.1
  39    57.6      93.6    0.2    0.3    0.5    1.2    6.2    0.6     160.1
  40    75.6      79.2    0.0    0.0    0.0    0.7    4.2    0.5     160.1
  41    57.0      94.6    0.2    0.2    0.2    1.2    6.1    0.6     160.1
  42    56.6      95.1    0.2    0.2    0.2    1.2    6.2    0.5     160.1
  43    75.5      78.9    0.0    0.0    0.0    0.7    4.4    0.5     160.1
  44    56.5      94.7    0.2    0.3    0.4    1.2    6.2    0.5     160.1
  45    75.4      78.9    0.0    0.0    0.0    0.7    4.5    0.6     160.1
  46    56.7      94.3    0.2    0.4    0.9    1.2    6.1    0.4     160.1
  47    57.1      94.4    0.2    0.2    0.2    1.2    6.2    0.6     160.1
  48    74.7      79.7    0.0    0.0    0.0    0.7    4.4    0.6     160.2
  49    57.2      94.3    0.2    0.2    0.2    1.2    6.2    0.6     160.1
  50    56.6      94.9    0.2    0.2    0.3    1.2    6.2    0.5     160.2
  51    74.6      80.0    0.0    0.0    0.0    0.8    4.4    0.5     160.1
  52    59.5      89.9    0.2    0.7    2.1    1.2    6.0    0.5     160.2
  53    74.9      79.5    0.0    0.0    0.0    0.7    4.5    0.5     160.1
  54    57.0      94.0    0.2    0.4    0.8    1.2    6.1    0.4     160.2
  55    57.3      94.2    0.2    0.2    0.2    1.2    6.2    0.6     160.1
  56    76.1      78.5    0.0    0.0    0.0    0.7    4.2    0.5     160.1
  57    57.3      94.2    0.2    0.2    0.2    1.2    6.2    0.6     160.1
  58    57.1      93.4    0.3    0.5    1.1    1.2    6.1    0.5     160.1
  59    75.3      79.4    0.0    0.0    0.0    0.7    4.3    0.5     160.1
  60    59.2      89.3    0.3    0.9    3.0    1.2    5.9    0.5     160.1
  61    57.7      92.6    0.3    0.5    1.2    1.2    6.1    0.5     160.0
  62    75.4      79.2    0.0    0.0    0.0    0.7    4.2    0.5     160.1
  63    57.2      94.3    0.2    0.2    0.2    1.2    6.2    0.6     160.1
  64    74.4      80.1    0.0    0.0    0.0    0.7    4.2    0.5     160.0
  65    57.0      94.5    0.2    0.2    0.2    1.2    6.2    0.6     160.1
  66    57.9      92.1    0.3    0.5    1.4    1.2    6.2    0.5     160.1
  67    76.8      77.7    0.0    0.0    0.0    0.8    4.4    0.5     160.1
  68    58.6      89.0    0.3    1.1    3.6    1.2    5.9    0.5     160.1
  69    58.8      91.6    0.3    0.5    1.2    1.2    6.1    0.5     160.1
  70    77.0      77.6    0.0    0.0    0.0    0.7    4.3    0.5     160.1
  71    56.9      94.7    0.2    0.2    0.2    1.2    6.2    0.5     160.1
  72    75.9      78.2    0.0    0.0    0.0    0.8    4.6    0.6     160.1
  73    57.8      94.2    0.2    0.2    0.2    1.2    5.8    0.5     160.1
  74    56.8      93.1    0.3    0.5    1.2    1.1    6.5    0.6     160.1
  75    76.9      78.1    0.0    0.0    0.0    0.7    4.0    0.4     160.1
  76    58.8      90.0    0.2    0.7    2.1    1.1    6.6    0.5     160.1
  77    57.4      94.4    0.2    0.2    0.2    1.2    5.9    0.5     160.1
  78    77.5      76.9    0.0    0.0    0.0    0.7    4.5    0.5     160.1
  79    57.4      94.5    0.2    0.2    0.2    1.2    5.9    0.5     160.1
  80    77.0      77.0    0.0    0.0    0.0    0.8    4.8    0.6     160.1
  81    57.3      94.6    0.2    0.2    0.2    1.2    5.9    0.5     160.1
  82    58.6      90.7    0.2    0.6    1.9    1.1    6.4    0.5     160.1
  83    78.5      76.4    0.0    0.0    0.0    0.7    4.0    0.4     160.1
  84    56.4      94.5    0.2    0.3    0.5    1.2    6.6    0.4     160.1
  85    57.4      94.6    0.2    0.2    0.2    1.2    5.9    0.4     160.1
  86    79.7      73.9    0.0    0.0    0.0    0.7    5.3    0.5     160.1
  87    57.0      94.9    0.2    0.2    0.2    1.2    5.9    0.5     160.1
  88    57.9      93.0    0.2    0.3    0.4    1.2    6.7    0.4     160.1
  89    78.1      76.8    0.0    0.0    0.0    0.7    4.1    0.4     160.1
  90    58.2      91.5    0.3    0.6    1.6    1.1    6.4    0.4     160.1
  91    77.4      77.6    0.0    0.0    0.0    0.7    3.9    0.4     160.1
  92    56.3      94.9    0.2    0.2    0.2    1.2    6.6    0.4     160.1
  93    57.6      94.2    0.2    0.2    0.2    1.2    5.9    0.5     160.1
  94    76.3      77.9    0.0    0.0    0.0    0.7    4.4    0.6     160.0
  95    57.4      94.4    0.2    0.2    0.2    1.2    6.0    0.5     160.1
  96    56.3      94.7    0.2    0.2    0.2    1.2    6.8    0.5     160.1
  97    77.4      77.5    0.0    0.0    0.0    0.7    4.0    0.4     160.1
  98    56.4      95.1    0.2    0.2    0.2    1.1    6.5    0.4     160.1
  99    77.1      77.6    0.0    0.0    0.0    0.7    4.2    0.5     160.1
 100    56.0      95.0    0.2    0.2    0.2    1.2    6.8    0.5     160.1
 101    57.2      94.6    0.2    0.2    0.2    1.2    5.9    0.5     160.1
 102    74.7      79.7    0.0    0.0    0.0    0.7    4.4    0.6     160.1
 103    57.5      94.4    0.2    0.2    0.2    1.2    5.9    0.5     160.1
 104    56.9      94.6    0.2    0.2    0.2    1.1    6.5    0.4     160.1
 105    75.7      79.5    0.0    0.0    0.0    0.7    3.9    0.4     160.1
 106    56.1      95.1    0.2    0.2    0.2    1.1    6.6    0.5     160.2
 107    76.1      78.8    0.0    0.0    0.0    0.7    4.1    0.4     160.1
 108    56.1      95.0    0.2    0.2    0.2    1.2    6.7    0.5     160.1
 109    57.1      94.8    0.2    0.2    0.2    1.2    5.9    0.5     160.1
 110    76.4      77.9    0.0    0.0    0.0    0.7    4.5    0.6     160.2
 111    57.9      94.0    0.2    0.2    0.2    1.2    6.0    0.5     160.1
 112    56.5      95.3    0.2    0.2    0.2    1.2    6.2    0.3     160.1
 113    77.1      77.8    0.0    0.0    0.0    0.7    4.1    0.4     160.1
 114    56.1      95.1    0.2    0.2    0.2    1.1    6.7    0.5     160.1
 115    56.6      95.3    0.2    0.2    0.2    1.2    6.0    0.5     160.1
 116    76.3      78.1    0.0    0.0    0.0    0.7    4.5    0.6     160.2
 117    57.3      94.5    0.2    0.2    0.2    1.2    6.0    0.5     160.1
 118    75.4      79.0    0.0    0.0    0.0    0.7    4.5    0.6     160.2
 119    56.9      95.1    0.2    0.2    0.2    1.2    5.9    0.4     160.1
 120    56.1      95.2    0.2    0.2    0.2    1.2    6.6    0.4     160.1
 121    77.9      77.2    0.0    0.0    0.0    0.7    4.0    0.4     160.1
 122    56.0      95.2    0.2    0.2    0.2    1.1    6.7    0.5     160.1
 123    57.1      94.6    0.2    0.2    0.2    1.2    5.9    0.5     160.0
 124    75.4      79.4    0.0    0.0    0.0    0.7    4.1    0.4     160.1
 125    57.0      94.7    0.2    0.2    0.3    1.2    6.0    0.5     160.1
 126    75.7      79.1    0.0    0.0    0.0    0.7    4.1    0.5     160.2
 127    56.8      94.3    0.2    0.4    0.8    1.2    5.9    0.4     160.1
 128    55.8      95.0    0.2    0.2    0.3    1.2    6.9    0.6     160.1
 129    76.8      78.5    0.0    0.0    0.0    0.7    3.8    0.4     160.1
 130    56.3      94.9    0.2    0.2    0.2    1.2    6.6    0.5     160.2
 131    57.1      94.6    0.2    0.2    0.3    1.2    6.0    0.5     160.1
 132    76.4      77.8    0.0    0.0    0.0    0.8    4.5    0.6     160.1
 133    59.7      90.0    0.2    0.7    2.1    1.2    5.8    0.5     160.1
 134    76.1      78.3    0.0    0.0    0.0    0.7    4.4    0.6     160.1
 135    59.5      89.6    0.2    0.8    2.7    1.2    5.8    0.5     160.1
 136    56.0      94.8    0.2    0.2    0.3    1.2    6.7    0.5     159.9
 137    77.2      77.7    0.0    0.0    0.0    0.7    4.0    0.4     160.1
 138    56.2      95.0    0.2    0.2    0.2    1.1    6.6    0.5     160.1
 139    57.1      93.7    0.2    0.5    1.1    1.2    5.9    0.4     160.1
 140    76.2      77.9    0.0    0.0    0.0    0.8    4.6    0.6     160.1
 141    59.3      88.4    0.2    1.1    3.9    1.2    5.6    0.4     160.1
 142    59.9      87.3    0.2    1.1    3.6    1.2    6.4    0.5     160.1
 143    78.5      76.4    0.0    0.0    0.0    0.7    4.1    0.4     160.2
 144    55.3      94.6    0.2    0.2    0.5    1.4    7.1    0.7     160.0
 145    76.3      77.2    0.0    0.0    0.0    0.9    5.0    0.6     160.0
 146    55.7      94.5    0.1    0.2    0.2    1.4    7.1    0.7     160.1
 147    57.1      89.7    0.2    0.9    3.0    1.4    7.0    0.8     160.0
 148    75.3      78.6    0.0    0.0    0.0    0.9    4.7    0.4     159.9
 149    58.4      85.0    0.3    1.6    5.7    1.4    6.9    0.7     160.0
 150    59.1      84.1    0.3    1.7    6.2    1.3    6.6    0.8     160.1
 151    75.0      78.7    0.0    0.0    0.0    0.9    5.0    0.6     160.1
 152    56.8      91.7    0.2    0.6    1.7    1.4    7.1    0.7     160.1
 153    75.0      77.9    0.0    0.0    0.0    0.9    5.5    0.8     160.0
 154    55.8      94.2    0.2    0.2    0.4    1.4    7.2    0.7     160.1
 155    56.9      89.4    0.2    1.0    3.4    1.3    7.1    0.7     160.0
 156    75.7      77.2    0.0    0.0    0.0    0.9    5.7    0.7     160.1
 157    59.7      83.3    0.3    1.7    6.3    1.3    6.8    0.6     160.0
 158    59.4      83.8    0.3    1.7    6.4    1.3    6.6    0.6     160.1
 159    76.0      76.7    0.0    0.0    0.0    0.9    5.8    0.7     160.1
 160    58.3      88.7    0.2    0.9    2.9    1.4    7.0    0.6     160.1
 161    77.6      74.9    0.0    0.0    0.0    0.9    6.1    0.6     160.0
 162    56.3      94.2    0.1    0.1    0.2    1.4    7.1    0.6     160.0
 163    57.4      90.7    0.2    0.7    1.9    1.4    7.2    0.6     160.0
 164    75.6      78.0    0.0    0.0    0.0    0.9    5.0    0.6     160.1
 165    59.3      84.8    0.3    1.5    5.4    1.3    6.8    0.6     160.1
 166    59.5      84.0    0.3    1.7    6.0    1.4    6.7    0.6     160.1
 167    75.5      77.7    0.0    0.0    0.0    0.9    5.3    0.7     160.1
 168    58.2      87.2    0.2    1.2    4.4    1.3    6.9    0.6     160.1
 169    55.3      94.5    0.2    0.3    0.6    1.4    7.2    0.6     160.0
 170    75.8      77.7    0.0    0.0    0.0    0.9    5.1    0.6     160.1
 171    55.2      94.6    0.2    0.2    0.5    1.4    7.3    0.7     160.0
 172    74.7      78.8    0.0    0.0    0.0    0.9    5.1    0.6     160.1
 173    57.3      88.0    0.2    1.2    4.3    1.3    7.0    0.7     160.0
 174    59.8      83.8    0.3    1.6    5.9    1.3    6.7    0.7     160.1
 175    76.1      76.8    0.0    0.0    0.0    0.9    5.5    0.8     160.1
 176    58.4      86.3    0.3    1.4    4.9    1.3    6.8    0.7     160.0
 177    56.1      92.2    0.2    0.6    1.7    1.3    7.2    0.7     160.0
 178    75.6      78.0    0.0    0.0    0.0    0.8    5.0    0.6     160.1
 179    55.8      94.4    0.1    0.2    0.2    1.3    7.3    0.7     160.0
 180    75.3      78.3    0.0    0.0    0.0    0.9    5.0    0.6     160.1
 181    58.3      89.2    0.2    0.8    2.5    1.3    7.1    0.7     160.0
 182    57.5      87.3    0.3    1.4    4.8    1.3    6.8    0.7     160.1
 183    74.6      78.9    0.0    0.0    0.0    0.9    5.0    0.6     160.1
 184    57.8      86.6    0.3    1.5    5.2    1.3    6.8    0.5     160.1
 185    58.1      90.1    0.2    0.6    2.0    1.3    7.1    0.6     160.0
 186    75.0      79.0    0.0    0.0    0.0    0.9    4.7    0.5     160.1
 187    55.8      94.5    0.1    0.1    0.1    1.4    7.3    0.7     160.0
 188    75.2      78.8    0.0    0.0    0.0    0.9    4.8    0.5     160.1
 189    57.7      92.4    0.2    0.2    0.3    1.3    7.2    0.6     160.0
 190    57.4      90.6    0.2    0.7    2.2    1.3    7.0    0.7     160.1
 191    75.6      78.2    0.0    0.0    0.0    0.9    4.8    0.5     160.1
 192    57.9      86.1    0.3    1.4    5.2    1.5    7.1    0.7     160.1
 193    57.2      90.3    0.2    0.7    2.2    1.5    7.2    0.7     160.1
 194    73.8      80.2    0.0    0.0    0.0    0.9    4.8    0.4     160.1
 195    57.0      92.9    0.1    0.1    0.1    1.5    7.5    0.7     160.0
 196    55.3      94.7    0.1    0.1    0.1    1.6    7.4    0.7     160.1
 197    75.6      77.6    0.0    0.0    0.0    0.9    5.3    0.7     160.1
 198    54.0      95.7    0.2    0.2    0.4    1.4    7.4    0.7     160.1
 199    75.1      78.6    0.0    0.0    0.0    0.9    5.0    0.5     160.1
 200    56.0      89.9    0.2    1.1    3.9    1.3    7.1    0.6     160.1
 201    56.3      92.1    0.2    0.5    1.6    1.4    7.2    0.7     160.0
 202    74.5      79.5    0.0    0.0    0.0    0.9    4.8    0.5     160.1
 203    57.7      92.6    0.1    0.1    0.1    1.4    7.3    0.7     160.0
 204    54.6      95.7    0.1    0.1    0.1    1.4    7.3    0.7     160.0
 205    75.1      78.1    0.0    0.0    0.0    0.9    5.3    0.7     160.1
 206    55.3      93.5    0.2    0.5    1.4    1.4    7.1    0.7     160.0
 207    74.1      79.2    0.0    0.0    0.0    0.9    5.2    0.7     160.1
 208    58.2      89.7    0.2    0.7    2.2    1.4    7.0    0.6     159.9
 209    55.1      94.7    0.2    0.3    0.5    1.4    7.3    0.7     160.0
 210    73.5      80.3    0.0    0.0    0.0    0.8    4.9    0.5     160.1
 211    55.6      94.7    0.1    0.1    0.1    1.4    7.3    0.7     160.1
 212    54.7      95.6    0.1    0.1    0.1    1.4    7.3    0.7     160.0
 213    73.8      80.0    0.0    0.0    0.0    0.9    4.9    0.5     160.1
 214    54.5      95.1    0.2    0.3    0.8    1.4    7.1    0.6     160.0
 215    73.8      79.6    0.0    0.0    0.0    0.9    5.1    0.6     160.1
------------------------------------------------------------------------------
 avg    64.5      86.9    0.1    0.3    0.8    1.1    5.7    0.5     160.1
         0.0
 min    54.0      18.6    0.0    0.0    0.0    0.7    3.5    0.1     159.9
         0.0
 max   137.3      95.7    0.3    1.7    6.4    1.6    7.5    0.8     160.3
         0.0
 std    10.3       8.6    0.1    0.4    1.5    0.2    1.1    0.1       0.1
         0.0
------------------------------------------------------------------------------

PME NonBond Parallel Profiling - NonSetup CPU Seconds:

                     D                           
           P         i         R                 
           a         r         e      L          
           i         e         c      o          
           r         c         i      a         T
   T       l         t         p      d         o
   a       i         F         F      B         t
   s       s         r         r      a         a
   k       t         c         c      l         l
-------------------------------------------------
   0    15.5       2.1       0.0    1.1      18.8
   1    26.9      63.1       0.0    1.1      91.1
   2    16.3       6.6      53.0    1.1      77.0
   3    27.3      64.8       0.0    1.1      93.1
   4    27.7      64.6       0.0    1.1      93.4
   5    16.1       6.7      54.6    1.1      78.5
   6    27.8      64.5       0.0    1.0      93.3
   7    26.5      61.6       0.0    1.1      89.2
   8    16.4       6.4      54.4    1.1      78.2
   9    27.1      64.1       0.0    1.1      92.3
  10    16.1       6.6      53.8    1.0      77.5
  11    27.4      64.8       0.0    1.1      93.3
  12    27.9      64.6       0.0    1.2      93.6
  13    16.0       6.8      55.0    1.1      78.9
  14    27.7      64.6       0.0    1.0      93.3
  15    26.3      60.9       0.0    1.1      88.3
  16    16.2       7.3      54.5    1.1      79.1
  17    26.9      64.3       0.0    1.1      92.4
  18    15.8       6.8      54.6    1.0      78.2
  19    27.0      65.1       0.0    1.1      93.2
  20    27.6      64.5       0.0    1.0      93.2
  21    16.0       7.3      53.9    1.1      78.3
  22    27.3      63.9       0.0    1.1      92.2
  23    26.2      60.9       0.0    1.1      88.1
  24    16.3       6.9      52.7    1.0      76.9
  25    27.1      65.0       0.0    1.1      93.2
  26    16.2       7.1      53.3    1.0      77.6
  27    27.0      65.1       0.0    1.1      93.2
  28    27.8      64.6       0.0    1.1      93.4
  29    14.9       6.9      55.4    1.0      78.2
  30    27.5      63.8       0.0    1.0      92.3
  31    26.4      61.2       0.0    1.0      88.7
  32    16.0       7.2      55.3    1.0      79.6
  33    26.1      65.1       0.0    1.0      92.2
  34    27.7      64.7       0.0    1.0      93.5
  35    16.2       7.4      53.7    1.1      78.5
  36    27.9      65.2       0.0    1.0      94.1
  37    16.4       7.7      53.4    1.1      78.5
  38    27.9      64.6       0.0    1.1      93.6
  39    26.8      65.1       0.0    1.0      92.9
  40    16.6       7.3      53.4    1.0      78.3
  41    27.6      65.2       0.0    1.1      93.9
  42    27.9      65.2       0.0    1.1      94.3
  43    16.4       7.1      53.5    1.1      78.1
  44    27.7      65.2       0.0    1.1      93.9
  45    16.4       7.6      53.0    1.0      78.1
  46    28.0      64.6       0.0    1.1      93.7
  47    27.4      65.1       0.0    1.0      93.6
  48    16.8       7.5      53.5    1.1      78.9
  49    27.3      65.2       0.0    1.1      93.5
  50    27.9      65.2       0.0    1.1      94.1
  51    16.2       7.6      54.3    1.1      79.2
  52    27.0      61.1       0.0    1.1      89.2
  53    16.1       7.5      54.1    1.0      78.7
  54    28.1      64.3       0.0    1.1      93.4
  55    27.3      65.2       0.0    1.0      93.4
  56    16.5       7.4      52.8    1.0      77.7
  57    27.2      65.2       0.0    1.0      93.4
  58    27.7      63.8       0.0    1.1      92.6
  59    16.2       7.7      53.8    1.0      78.6
  60    26.8      60.8       0.0    1.1      88.7
  61    27.1      63.8       0.0    1.1      91.9
  62    16.8       7.3      53.1    1.1      78.3
  63    27.2      65.2       0.0    1.1      93.6
  64    16.1       7.1      54.9    1.1      79.3
  65    27.5      65.2       0.0    1.1      93.8
  66    27.1      63.2       0.0    1.1      91.4
  67    16.7       6.9      52.3    1.0      77.0
  68    26.7      60.6       0.0    1.1      88.4
  69    26.2      63.7       0.0    1.0      90.9
  70    14.7       6.9      54.2    0.9      76.7
  71    27.6      65.2       0.0    1.1      94.0
  72    15.8       7.6      52.6    1.1      77.1
  73    27.6      64.8       0.0    1.1      93.5
  74    27.1      63.9       0.0    1.2      92.2
  75    16.0       6.8      53.7    1.0      77.5
  76    26.6      61.5       0.0    1.1      89.2
  77    28.0      64.8       0.0    1.0      93.8
  78    16.3       7.4      51.1    1.1      75.9
  79    27.9      64.9       0.0    1.1      93.8
  80    16.0       7.5      51.3    1.1      75.9
  81    27.9      65.0       0.0    1.0      93.9
  82    26.8      62.1       0.0    1.1      90.0
  83    16.3       6.7      51.8    1.0      75.8
  84    27.6      65.1       0.0    1.0      93.7
  85    27.9      64.9       0.0    1.0      93.9
  86    15.9       7.7      48.4    1.1      73.2
  87    28.1      65.1       0.0    1.0      94.3
  88    26.1      65.2       0.0    0.9      92.3
  89    16.2       6.9      51.9    1.0      76.1
  90    26.8      62.8       0.0    1.1      90.8
  91    16.5       6.9      52.6    1.0      77.0
  92    27.6      65.5       0.0    1.0      94.1
  93    27.6      64.9       0.0    1.0      93.6
  94    16.2       7.7      51.9    1.0      76.8
  95    27.8      65.0       0.0    1.0      93.8
  96    27.2      65.5       0.0    1.1      93.9
  97    16.4       7.1      52.4    1.0      76.9
  98    27.7      65.6       0.0    1.1      94.3
  99    16.2       7.4      52.3    1.0      76.9
 100    27.6      65.5       0.0    1.1      94.2
 101    27.9      65.0       0.0    1.0      93.9
 102    16.0       8.1      53.5    1.1      78.7
 103    27.8      64.8       0.0    1.1      93.7
 104    27.2      65.6       0.0    1.1      93.9
 105    15.5       7.2      55.2    1.0      78.9
 106    27.7      65.6       0.0    1.1      94.3
 107    16.5       7.4      53.2    1.1      78.2
 108    27.6      65.4       0.0    1.2      94.1
 109    27.9      65.3       0.0    1.1      94.2
 110    16.5       7.9      51.3    1.1      76.8
 111    27.3      65.1       0.0    1.0      93.4
 112    28.1      65.5       0.0    1.0      94.6
 113    16.0       7.0      53.2    1.0      77.2
 114    27.8      65.4       0.0    1.1      94.3
 115    28.4      65.2       0.0    1.1      94.6
 116    15.1       7.7      53.2    0.9      76.9
 117    27.8      65.0       0.0    1.1      93.9
 118    16.1       8.2      52.5    1.1      77.9
 119    28.3      65.1       0.0    1.1      94.5
 120    28.0      65.4       0.0    1.1      94.4
 121    16.2       6.9      52.4    1.0      76.5
 122    27.9      65.3       0.0    1.1      94.3
 123    28.0      65.0       0.0    1.0      94.0
 124    16.4       8.1      52.9    1.0      78.5
 125    27.9      65.1       0.0    1.0      94.1
 126    16.2       7.9      52.9    1.1      78.1
 127    27.8      64.8       0.0    1.0      93.6
 128    27.7      65.4       0.0    1.1      94.1
 129    16.1       7.1      53.6    1.0      77.9
 130    27.7      65.4       0.0    1.0      94.1
 131    27.8      65.1       0.0    1.0      93.9
 132    16.6       7.9      51.2    1.0      76.6
 133    27.2      61.2       0.0    1.0      89.5
 134    16.5       8.0      51.6    1.0      77.2
 135    27.1      60.9       0.0    1.0      89.0
 136    27.6      65.3       0.0    1.0      94.0
 137    14.9       6.9      54.3    0.9      77.1
 138    27.8      65.4       0.0    1.0      94.2
 139    28.0      64.1       0.0    1.0      93.1
 140    16.7       7.9      51.1    1.0      76.7
 141    26.8      60.1       0.0    1.0      87.9
 142    25.3      60.4       0.0    1.0      86.6
 143    15.9       6.7      52.3    0.9      75.8
 144    27.3      65.2       0.0    1.0      93.6
 145    16.5       7.7      51.1    1.0      76.2
 146    27.4      65.1       0.0    1.0      93.6
 147    26.6      61.3       0.0    1.0      88.9
 148    16.4       7.8      52.5    1.0      77.6
 149    25.7      57.5       0.0    1.0      84.2
 150    25.1      56.9       0.0    1.0      83.1
 151    16.7       8.3      51.7    1.0      77.7
 152    26.8      63.0       0.0    1.0      90.8
 153    16.4       8.4      51.0    1.0      76.8
 154    27.0      65.3       0.0    1.0      93.3
 155    26.4      61.2       0.0    1.0      88.7
 156    16.5       8.7      50.0    1.0      76.2
 157    24.8      56.7       0.0    1.1      82.6
 158    25.1      56.9       0.0    1.1      83.1
 159    16.2       8.6      49.9    1.0      75.7
 160    25.8      61.3       0.0    1.0      88.1
 161    16.3       8.2      48.7    0.9      74.2
 162    27.4      65.1       0.0    1.0      93.5
 163    26.8      62.3       0.0    1.0      90.0
 164    14.9       8.1      53.0    0.9      76.9
 165    25.6      57.6       0.0    1.0      84.2
 166    25.1      57.2       0.0    1.0      83.4
 167    16.2       8.3      51.1    1.0      76.5
 168    25.8      59.6       0.0    1.0      86.4
 169    27.7      65.0       0.0    1.0      93.8
 170    16.1       8.2      51.3    1.0      76.6
 171    27.7      65.0       0.0    1.1      93.8
 172    16.3       8.8      51.6    1.0      77.7
 173    26.2      60.0       0.0    1.0      87.2
 174    24.8      57.0       0.0    1.1      83.0
 175    16.6       8.1      49.9    1.0      75.6
 176    25.7      58.7       0.0    1.0      85.4
 177    27.0      63.4       0.0    1.0      91.4
 178    16.3       8.4      51.2    1.0      76.9
 179    27.3      65.3       0.0    1.0      93.6
 180    17.2       7.9      51.0    1.1      77.2
 181    26.4      61.1       0.0    1.0      88.5
 182    26.5      58.9       0.0    1.1      86.5
 183    15.2       8.5      53.3    0.9      77.9
 184    26.1      58.7       0.0    1.0      85.9
 185    26.8      61.7       0.0    1.0      89.5
 186    17.1       8.4      51.3    1.1      77.9
 187    27.6      65.1       0.0    1.0      93.7
 188    16.9       8.3      51.5    1.0      77.7
 189    25.7      65.1       0.0    0.9      91.7
 190    27.1      61.7       0.0    1.0      89.8
 191    16.1       7.9      52.4    0.9      77.4
 192    26.1      58.8       0.0    1.0      85.9
 193    26.7      62.0       0.0    1.0      89.7
 194    17.1       8.8      52.3    1.0      79.2
 195    26.2      65.2       0.0    0.9      92.4
 196    27.9      65.4       0.0    1.0      94.4
 197    16.3       8.3      50.8    1.0      76.4
 198    28.2      65.5       0.0    1.1      94.9
 199    16.3       8.5      51.9    1.0      77.6
 200    26.9      61.3       0.0    1.0      89.2
 201    27.0      63.3       0.0    1.1      91.3
 202    17.2       8.6      51.6    1.1      78.4
 203    25.8      65.1       0.0    0.9      91.8
 204    28.2      65.5       0.0    1.1      94.8
 205    15.9       8.6      51.4    1.0      77.0
 206    27.6      64.0       0.0    1.1      92.7
 207    16.4       8.6      52.1    1.0      78.1
 208    26.5      61.6       0.0    0.9      89.0
 209    27.7      65.2       0.0    1.0      93.9
 210    17.3       8.8      52.2    1.1      79.4
 211    27.7      65.2       0.0    1.0      93.9
 212    28.1      65.5       0.0    1.1      94.8
 213    16.2       8.7      53.2    1.0      79.1
 214    27.9      65.5       0.0    1.0      94.4
 215    16.5       8.7      52.6    0.9      78.7
-------------------------------------------------
 avg    23.1      42.6      19.5    1.0      86.2
-------------------------------------------------
