timestamp, power.draw [W], utilization.gpu [%]
2025/12/04 20:47:12.945, 93.92 W, 92 %
2025/12/04 20:47:13.047, 88.39 W, 24 %
2025/12/04 20:47:13.147, 88.39 W, 24 %
2025/12/04 20:47:13.247, 93.92 W, 0 %
2025/12/04 20:47:13.347, 89.85 W, 0 %
2025/12/04 20:47:13.447, 99.19 W, 12 %
2025/12/04 20:47:13.547, 99.19 W, 12 %
2025/12/04 20:47:13.648, 99.19 W, 95 %
2025/12/04 20:47:13.748, 99.19 W, 95 %
2025/12/04 20:47:13.848, 98.92 W, 95 %
2025/12/04 20:47:13.948, 99.19 W, 95 %
2025/12/04 20:47:14.048, 98.92 W, 94 %
2025/12/04 20:47:14.148, 98.92 W, 94 %
2025/12/04 20:47:14.249, 98.92 W, 94 %
2025/12/04 20:47:14.349, 98.60 W, 94 %
2025/12/04 20:47:14.449, 98.60 W, 95 %
2025/12/04 20:47:14.549, 98.60 W, 95 %
2025/12/04 20:47:14.649, 98.60 W, 94 %
2025/12/04 20:47:14.749, 98.60 W, 94 %
2025/12/04 20:47:14.850, 97.46 W, 95 %
2025/12/04 20:47:14.950, 98.60 W, 95 %
2025/12/04 20:47:15.050, 98.60 W, 92 %
2025/12/04 20:47:15.150, 98.33 W, 92 %
2025/12/04 20:47:15.250, 98.05 W, 94 %
2025/12/04 20:47:15.350, 98.33 W, 94 %
2025/12/04 20:47:15.451, 98.33 W, 94 %
2025/12/04 20:47:15.551, 98.33 W, 94 %
2025/12/04 20:47:15.651, 98.33 W, 94 %
2025/12/04 20:47:15.751, 98.33 W, 94 %
2025/12/04 20:47:15.851, 98.33 W, 95 %
2025/12/04 20:47:15.951, 98.33 W, 95 %
2025/12/04 20:47:16.052, 98.33 W, 95 %
2025/12/04 20:47:16.152, 98.33 W, 95 %
2025/12/04 20:47:16.252, 98.05 W, 94 %
2025/12/04 20:47:16.352, 98.05 W, 94 %
2025/12/04 20:47:16.452, 98.05 W, 94 %
2025/12/04 20:47:16.552, 98.05 W, 94 %
2025/12/04 20:47:16.653, 98.05 W, 94 %
2025/12/04 20:47:16.753, 98.05 W, 94 %
2025/12/04 20:47:16.853, 98.05 W, 95 %
2025/12/04 20:47:16.953, 98.05 W, 95 %
2025/12/04 20:47:17.053, 98.05 W, 94 %
2025/12/04 20:47:17.153, 98.05 W, 94 %
2025/12/04 20:47:17.254, 98.05 W, 94 %
2025/12/04 20:47:17.354, 98.05 W, 94 %
2025/12/04 20:47:17.454, 97.73 W, 95 %
2025/12/04 20:47:17.554, 97.73 W, 95 %
2025/12/04 20:47:17.654, 98.05 W, 94 %
2025/12/04 20:47:17.754, 97.73 W, 94 %
2025/12/04 20:47:17.854, 97.73 W, 94 %
2025/12/04 20:47:17.955, 97.73 W, 94 %
2025/12/04 20:47:18.055, 97.73 W, 94 %
2025/12/04 20:47:18.155, 97.73 W, 94 %
2025/12/04 20:47:18.255, 98.05 W, 95 %
2025/12/04 20:47:18.355, 97.73 W, 95 %
2025/12/04 20:47:18.455, 97.73 W, 94 %
2025/12/04 20:47:18.556, 97.73 W, 94 %
2025/12/04 20:47:18.656, 97.73 W, 95 %
2025/12/04 20:47:18.756, 97.73 W, 95 %
2025/12/04 20:47:18.856, 97.73 W, 94 %
2025/12/04 20:47:18.956, 97.73 W, 94 %
2025/12/04 20:47:19.056, 97.73 W, 94 %
2025/12/04 20:47:19.157, 97.73 W, 94 %
2025/12/04 20:47:19.257, 97.73 W, 94 %
2025/12/04 20:47:19.357, 97.73 W, 94 %
2025/12/04 20:47:19.457, 97.46 W, 94 %
2025/12/04 20:47:19.557, 97.46 W, 94 %
2025/12/04 20:47:19.657, 97.46 W, 95 %
2025/12/04 20:47:19.758, 97.46 W, 95 %
2025/12/04 20:47:19.858, 97.46 W, 94 %
2025/12/04 20:47:19.958, 97.46 W, 94 %
2025/12/04 20:47:20.058, 97.46 W, 95 %
2025/12/04 20:47:20.158, 97.46 W, 95 %
2025/12/04 20:47:20.258, 97.46 W, 94 %
2025/12/04 20:47:20.358, 97.46 W, 94 %
2025/12/04 20:47:20.459, 97.46 W, 94 %
2025/12/04 20:47:20.559, 97.13 W, 94 %
2025/12/04 20:47:20.659, 97.46 W, 94 %
2025/12/04 20:47:20.759, 97.46 W, 94 %
2025/12/04 20:47:20.859, 97.46 W, 94 %
2025/12/04 20:47:20.959, 97.46 W, 94 %
2025/12/04 20:47:21.059, 97.46 W, 95 %
2025/12/04 20:47:21.160, 97.46 W, 95 %
2025/12/04 20:47:21.260, 97.46 W, 95 %
2025/12/04 20:47:21.360, 97.46 W, 95 %
2025/12/04 20:47:21.460, 97.46 W, 94 %
2025/12/04 20:47:21.560, 97.46 W, 94 %
2025/12/04 20:47:21.660, 97.46 W, 95 %
2025/12/04 20:47:21.761, 97.46 W, 95 %
2025/12/04 20:47:21.861, 97.46 W, 95 %
2025/12/04 20:47:21.961, 97.46 W, 95 %
2025/12/04 20:47:22.061, 97.13 W, 94 %
2025/12/04 20:47:22.161, 97.13 W, 94 %
2025/12/04 20:47:22.261, 97.13 W, 94 %
2025/12/04 20:47:22.362, 97.13 W, 94 %
2025/12/04 20:47:22.462, 97.13 W, 94 %
2025/12/04 20:47:22.562, 97.13 W, 94 %
2025/12/04 20:47:22.662, 97.13 W, 94 %
2025/12/04 20:47:22.762, 97.46 W, 94 %
2025/12/04 20:47:22.862, 97.13 W, 95 %
2025/12/04 20:47:22.962, 97.13 W, 95 %
2025/12/04 20:47:23.063, 97.13 W, 94 %
2025/12/04 20:47:23.163, 97.13 W, 94 %
2025/12/04 20:47:23.263, 97.13 W, 95 %
2025/12/04 20:47:23.363, 97.13 W, 95 %
2025/12/04 20:47:23.463, 97.13 W, 95 %
2025/12/04 20:47:23.564, 97.13 W, 95 %
2025/12/04 20:47:23.664, 97.13 W, 94 %
2025/12/04 20:47:23.764, 97.13 W, 94 %
2025/12/04 20:47:23.864, 97.13 W, 95 %
2025/12/04 20:47:23.964, 97.13 W, 95 %
2025/12/04 20:47:24.064, 97.13 W, 95 %
2025/12/04 20:47:24.165, 97.13 W, 95 %
2025/12/04 20:47:24.265, 97.13 W, 95 %
2025/12/04 20:47:24.365, 97.13 W, 95 %
2025/12/04 20:47:24.465, 97.13 W, 94 %
2025/12/04 20:47:24.565, 97.13 W, 94 %
2025/12/04 20:47:24.665, 97.13 W, 94 %
2025/12/04 20:47:24.766, 97.13 W, 94 %
2025/12/04 20:47:24.866, 97.13 W, 95 %
2025/12/04 20:47:24.966, 96.86 W, 95 %
2025/12/04 20:47:25.066, 97.13 W, 94 %
2025/12/04 20:47:25.166, 97.13 W, 94 %
2025/12/04 20:47:25.266, 96.86 W, 95 %
2025/12/04 20:47:25.367, 96.86 W, 95 %
2025/12/04 20:47:25.467, 97.13 W, 94 %
2025/12/04 20:47:25.567, 97.13 W, 94 %
2025/12/04 20:47:25.667, 96.86 W, 94 %
2025/12/04 20:47:25.767, 96.86 W, 94 %
2025/12/04 20:47:25.867, 96.86 W, 95 %
2025/12/04 20:47:25.968, 96.86 W, 95 %
2025/12/04 20:47:26.068, 96.86 W, 95 %
2025/12/04 20:47:26.168, 96.86 W, 95 %
2025/12/04 20:47:26.268, 96.86 W, 94 %
2025/12/04 20:47:26.368, 96.86 W, 94 %
2025/12/04 20:47:26.468, 96.86 W, 94 %
2025/12/04 20:47:26.569, 96.86 W, 94 %
2025/12/04 20:47:26.669, 96.86 W, 94 %
2025/12/04 20:47:26.769, 96.86 W, 94 %
2025/12/04 20:47:26.869, 96.86 W, 95 %
2025/12/04 20:47:26.969, 96.86 W, 95 %
2025/12/04 20:47:27.069, 96.86 W, 94 %
2025/12/04 20:47:27.170, 96.86 W, 94 %
2025/12/04 20:47:27.270, 96.86 W, 94 %
2025/12/04 20:47:27.370, 96.86 W, 94 %
2025/12/04 20:47:27.470, 96.86 W, 95 %
2025/12/04 20:47:27.570, 96.86 W, 95 %
2025/12/04 20:47:27.670, 96.86 W, 94 %
2025/12/04 20:47:27.771, 96.86 W, 94 %
2025/12/04 20:47:27.871, 96.86 W, 94 %
2025/12/04 20:47:27.971, 96.86 W, 94 %
2025/12/04 20:47:28.071, 96.86 W, 94 %
2025/12/04 20:47:28.171, 96.86 W, 94 %
2025/12/04 20:47:28.271, 96.86 W, 95 %
2025/12/04 20:47:28.372, 96.86 W, 95 %
2025/12/04 20:47:28.472, 96.86 W, 95 %
2025/12/04 20:47:28.572, 96.86 W, 95 %
2025/12/04 20:47:28.672, 96.86 W, 94 %
2025/12/04 20:47:28.772, 96.86 W, 94 %
2025/12/04 20:47:28.872, 96.58 W, 94 %
2025/12/04 20:47:28.973, 96.86 W, 94 %
2025/12/04 20:47:29.073, 96.58 W, 94 %
2025/12/04 20:47:29.173, 96.86 W, 94 %
2025/12/04 20:47:29.273, 96.86 W, 94 %
2025/12/04 20:47:29.373, 96.86 W, 94 %
2025/12/04 20:47:29.473, 96.86 W, 94 %
2025/12/04 20:47:29.574, 96.58 W, 94 %
2025/12/04 20:47:29.674, 96.86 W, 94 %
2025/12/04 20:47:29.774, 96.86 W, 94 %
2025/12/04 20:47:29.874, 96.86 W, 95 %
2025/12/04 20:47:29.974, 96.86 W, 95 %
2025/12/04 20:47:30.074, 96.58 W, 95 %
2025/12/04 20:47:30.174, 96.58 W, 95 %
2025/12/04 20:47:30.275, 96.58 W, 94 %
2025/12/04 20:47:30.375, 96.58 W, 94 %
2025/12/04 20:47:30.475, 96.58 W, 94 %
2025/12/04 20:47:30.575, 96.58 W, 94 %
2025/12/04 20:47:30.675, 96.58 W, 94 %
2025/12/04 20:47:30.775, 96.58 W, 94 %
2025/12/04 20:47:30.876, 96.58 W, 94 %
2025/12/04 20:47:30.976, 96.58 W, 94 %
2025/12/04 20:47:31.076, 96.58 W, 94 %
2025/12/04 20:47:31.176, 96.58 W, 94 %
2025/12/04 20:47:31.276, 96.58 W, 95 %
2025/12/04 20:47:31.376, 96.58 W, 95 %
2025/12/04 20:47:31.476, 96.58 W, 95 %
2025/12/04 20:47:31.577, 96.58 W, 95 %
2025/12/04 20:47:31.677, 96.58 W, 94 %
2025/12/04 20:47:31.777, 96.58 W, 94 %
2025/12/04 20:47:31.877, 96.58 W, 94 %
2025/12/04 20:47:31.977, 96.58 W, 94 %
2025/12/04 20:47:32.077, 96.58 W, 94 %
2025/12/04 20:47:32.178, 96.58 W, 94 %
2025/12/04 20:47:32.278, 96.58 W, 94 %
2025/12/04 20:47:32.378, 96.58 W, 94 %
2025/12/04 20:47:32.478, 96.26 W, 95 %
2025/12/04 20:47:32.578, 96.58 W, 95 %
2025/12/04 20:47:32.678, 96.58 W, 95 %
2025/12/04 20:47:32.779, 96.58 W, 95 %
2025/12/04 20:47:32.879, 96.58 W, 94 %
2025/12/04 20:47:32.979, 96.58 W, 94 %
2025/12/04 20:47:33.079, 96.58 W, 95 %
2025/12/04 20:47:33.179, 96.58 W, 95 %
2025/12/04 20:47:33.279, 96.58 W, 95 %
2025/12/04 20:47:33.380, 96.58 W, 95 %
2025/12/04 20:47:33.480, 96.58 W, 95 %
2025/12/04 20:47:33.580, 96.58 W, 95 %
2025/12/04 20:47:33.680, 96.58 W, 95 %
2025/12/04 20:47:33.780, 96.26 W, 95 %
2025/12/04 20:47:33.880, 96.26 W, 95 %
2025/12/04 20:47:33.981, 96.58 W, 95 %
2025/12/04 20:47:34.081, 96.26 W, 95 %
2025/12/04 20:47:34.181, 96.58 W, 95 %
2025/12/04 20:47:34.281, 96.26 W, 95 %
2025/12/04 20:47:34.381, 96.26 W, 95 %
2025/12/04 20:47:34.481, 96.58 W, 95 %
2025/12/04 20:47:34.581, 96.26 W, 95 %
2025/12/04 20:47:34.682, 96.58 W, 95 %
2025/12/04 20:47:34.782, 96.26 W, 95 %
2025/12/04 20:47:34.882, 96.26 W, 94 %
2025/12/04 20:47:34.982, 96.58 W, 94 %
2025/12/04 20:47:35.082, 96.26 W, 94 %
2025/12/04 20:47:35.182, 96.26 W, 94 %
2025/12/04 20:47:35.283, 96.26 W, 95 %
2025/12/04 20:47:35.383, 96.26 W, 95 %
2025/12/04 20:47:35.483, 96.26 W, 95 %
2025/12/04 20:47:35.583, 96.26 W, 95 %
2025/12/04 20:47:35.683, 96.26 W, 94 %
2025/12/04 20:47:35.783, 96.26 W, 94 %
2025/12/04 20:47:35.884, 96.26 W, 95 %
2025/12/04 20:47:35.984, 96.26 W, 95 %
2025/12/04 20:47:36.084, 96.26 W, 94 %
2025/12/04 20:47:36.184, 96.26 W, 94 %
2025/12/04 20:47:36.284, 96.26 W, 95 %
2025/12/04 20:47:36.384, 96.26 W, 95 %
2025/12/04 20:47:36.485, 96.26 W, 94 %
2025/12/04 20:47:36.585, 96.26 W, 94 %
2025/12/04 20:47:36.685, 96.26 W, 95 %
2025/12/04 20:47:36.785, 96.26 W, 95 %
2025/12/04 20:47:36.885, 96.26 W, 94 %
2025/12/04 20:47:36.985, 96.26 W, 94 %
2025/12/04 20:47:37.086, 96.26 W, 94 %
2025/12/04 20:47:37.186, 96.26 W, 94 %
2025/12/04 20:47:37.286, 96.26 W, 95 %
2025/12/04 20:47:37.386, 96.26 W, 95 %
2025/12/04 20:47:37.486, 96.26 W, 95 %
2025/12/04 20:47:37.586, 96.26 W, 95 %
2025/12/04 20:47:37.687, 96.26 W, 94 %
2025/12/04 20:47:37.787, 96.26 W, 94 %
2025/12/04 20:47:37.887, 96.26 W, 94 %
2025/12/04 20:47:37.987, 96.26 W, 94 %
2025/12/04 20:47:38.087, 96.26 W, 94 %
2025/12/04 20:47:38.187, 96.26 W, 94 %
2025/12/04 20:47:38.288, 96.26 W, 95 %
2025/12/04 20:47:38.388, 96.26 W, 95 %
2025/12/04 20:47:38.488, 96.26 W, 95 %
2025/12/04 20:47:38.588, 96.26 W, 95 %
2025/12/04 20:47:38.688, 96.26 W, 95 %
2025/12/04 20:47:38.788, 96.26 W, 95 %
2025/12/04 20:47:38.888, 96.26 W, 95 %
2025/12/04 20:47:38.989, 96.26 W, 95 %
2025/12/04 20:47:39.089, 96.26 W, 94 %
2025/12/04 20:47:39.189, 96.26 W, 94 %
2025/12/04 20:47:39.289, 96.26 W, 94 %
2025/12/04 20:47:39.389, 96.26 W, 94 %
2025/12/04 20:47:39.489, 96.26 W, 95 %
2025/12/04 20:47:39.590, 96.26 W, 95 %
2025/12/04 20:47:39.690, 96.26 W, 95 %
2025/12/04 20:47:39.790, 96.26 W, 95 %
2025/12/04 20:47:39.890, 96.26 W, 95 %
2025/12/04 20:47:39.990, 96.26 W, 95 %
2025/12/04 20:47:40.090, 96.26 W, 95 %
2025/12/04 20:47:40.191, 95.99 W, 95 %
2025/12/04 20:47:40.291, 96.26 W, 94 %
2025/12/04 20:47:40.391, 96.26 W, 94 %
2025/12/04 20:47:40.491, 96.26 W, 94 %
2025/12/04 20:47:40.591, 96.26 W, 94 %
2025/12/04 20:47:40.691, 96.26 W, 95 %
2025/12/04 20:47:40.792, 96.26 W, 95 %
2025/12/04 20:47:40.892, 96.26 W, 94 %
2025/12/04 20:47:40.992, 96.26 W, 94 %
2025/12/04 20:47:41.092, 95.99 W, 95 %
2025/12/04 20:47:41.192, 95.99 W, 95 %
2025/12/04 20:47:41.292, 95.99 W, 95 %
2025/12/04 20:47:41.393, 95.99 W, 95 %
2025/12/04 20:47:41.493, 95.99 W, 95 %
2025/12/04 20:47:41.593, 95.99 W, 95 %
2025/12/04 20:47:41.693, 95.99 W, 95 %
2025/12/04 20:47:41.793, 95.99 W, 95 %
2025/12/04 20:47:41.893, 95.99 W, 95 %
2025/12/04 20:47:41.993, 95.99 W, 95 %
2025/12/04 20:47:42.094, 95.99 W, 95 %
2025/12/04 20:47:42.194, 95.99 W, 95 %
2025/12/04 20:47:42.294, 95.99 W, 95 %
2025/12/04 20:47:42.394, 95.99 W, 95 %
2025/12/04 20:47:42.494, 95.72 W, 94 %
2025/12/04 20:47:42.594, 95.99 W, 94 %
2025/12/04 20:47:42.695, 95.99 W, 95 %
2025/12/04 20:47:42.795, 95.99 W, 95 %
2025/12/04 20:47:42.895, 95.99 W, 95 %
2025/12/04 20:47:42.995, 95.99 W, 95 %
2025/12/04 20:47:43.095, 95.99 W, 95 %
2025/12/04 20:47:43.195, 95.99 W, 95 %
2025/12/04 20:47:43.296, 95.99 W, 95 %
2025/12/04 20:47:43.396, 95.99 W, 95 %
2025/12/04 20:47:43.496, 95.99 W, 94 %
2025/12/04 20:47:43.596, 95.99 W, 94 %
2025/12/04 20:47:43.696, 95.99 W, 95 %
2025/12/04 20:47:43.796, 95.99 W, 95 %
2025/12/04 20:47:43.897, 95.99 W, 95 %
2025/12/04 20:47:43.997, 95.99 W, 95 %
2025/12/04 20:47:44.097, 95.99 W, 95 %
2025/12/04 20:47:44.197, 95.99 W, 95 %
2025/12/04 20:47:44.297, 95.99 W, 94 %
2025/12/04 20:47:44.397, 95.99 W, 94 %
2025/12/04 20:47:44.498, 95.99 W, 94 %
2025/12/04 20:47:44.598, 95.99 W, 94 %
2025/12/04 20:47:44.698, 95.99 W, 95 %
2025/12/04 20:47:44.798, 95.99 W, 95 %
2025/12/04 20:47:44.898, 95.99 W, 95 %
2025/12/04 20:47:44.998, 95.99 W, 95 %
2025/12/04 20:47:45.099, 95.99 W, 94 %
2025/12/04 20:47:45.199, 95.99 W, 94 %
2025/12/04 20:47:45.299, 95.99 W, 95 %
2025/12/04 20:47:45.399, 95.99 W, 95 %
2025/12/04 20:47:45.499, 95.99 W, 95 %
2025/12/04 20:47:45.599, 95.99 W, 95 %
2025/12/04 20:47:45.700, 95.99 W, 94 %
2025/12/04 20:47:45.800, 95.99 W, 94 %
2025/12/04 20:47:45.900, 95.99 W, 95 %
2025/12/04 20:47:46.000, 95.72 W, 95 %
2025/12/04 20:47:46.100, 95.99 W, 95 %
2025/12/04 20:47:46.200, 95.99 W, 95 %
2025/12/04 20:47:46.301, 95.72 W, 95 %
2025/12/04 20:47:46.401, 95.72 W, 95 %
2025/12/04 20:47:46.501, 95.99 W, 95 %
2025/12/04 20:47:46.601, 95.99 W, 95 %
2025/12/04 20:47:46.701, 95.99 W, 95 %
2025/12/04 20:47:46.801, 95.99 W, 95 %
2025/12/04 20:47:46.902, 95.99 W, 95 %
2025/12/04 20:47:47.002, 95.99 W, 95 %
2025/12/04 20:47:47.102, 95.99 W, 95 %
2025/12/04 20:47:47.202, 95.72 W, 95 %
2025/12/04 20:47:47.302, 95.99 W, 95 %
2025/12/04 20:47:47.402, 95.99 W, 95 %
2025/12/04 20:47:47.502, 95.99 W, 95 %
2025/12/04 20:47:47.603, 95.99 W, 95 %
2025/12/04 20:47:47.703, 95.99 W, 94 %
2025/12/04 20:47:47.803, 95.99 W, 94 %
2025/12/04 20:47:47.903, 95.99 W, 94 %
2025/12/04 20:47:48.003, 95.72 W, 94 %
2025/12/04 20:47:48.103, 95.99 W, 95 %
2025/12/04 20:47:48.204, 95.99 W, 95 %
2025/12/04 20:47:48.304, 95.99 W, 94 %
2025/12/04 20:47:48.404, 95.99 W, 94 %
2025/12/04 20:47:48.504, 95.99 W, 95 %
2025/12/04 20:47:48.604, 95.99 W, 95 %
2025/12/04 20:47:48.704, 95.99 W, 94 %
2025/12/04 20:47:48.805, 95.99 W, 94 %
2025/12/04 20:47:48.905, 95.99 W, 94 %
2025/12/04 20:47:49.005, 95.72 W, 94 %
2025/12/04 20:47:49.105, 95.99 W, 95 %
2025/12/04 20:47:49.205, 95.99 W, 95 %
2025/12/04 20:47:49.305, 95.99 W, 94 %
2025/12/04 20:47:49.406, 95.99 W, 94 %
2025/12/04 20:47:49.506, 95.99 W, 95 %
2025/12/04 20:47:49.606, 95.99 W, 95 %
2025/12/04 20:47:49.706, 95.99 W, 95 %
2025/12/04 20:47:49.806, 95.72 W, 95 %
2025/12/04 20:47:49.906, 95.99 W, 95 %
2025/12/04 20:47:50.007, 95.72 W, 95 %
2025/12/04 20:47:50.107, 95.99 W, 95 %
2025/12/04 20:47:50.207, 95.99 W, 95 %
2025/12/04 20:47:50.307, 95.72 W, 95 %
2025/12/04 20:47:50.407, 95.72 W, 95 %
2025/12/04 20:47:50.507, 95.99 W, 94 %
2025/12/04 20:47:50.607, 95.99 W, 94 %
2025/12/04 20:47:50.708, 95.99 W, 94 %
2025/12/04 20:47:50.808, 95.99 W, 94 %
2025/12/04 20:47:50.908, 95.99 W, 95 %
2025/12/04 20:47:51.008, 95.99 W, 95 %
2025/12/04 20:47:51.108, 95.99 W, 94 %
2025/12/04 20:47:51.208, 95.99 W, 94 %
2025/12/04 20:47:51.309, 95.99 W, 94 %
2025/12/04 20:47:51.409, 95.72 W, 94 %
2025/12/04 20:47:51.509, 95.99 W, 95 %
2025/12/04 20:47:51.609, 95.99 W, 95 %
2025/12/04 20:47:51.709, 95.99 W, 94 %
2025/12/04 20:47:51.809, 95.99 W, 94 %
2025/12/04 20:47:51.910, 95.99 W, 94 %
2025/12/04 20:47:52.010, 95.72 W, 94 %
2025/12/04 20:47:52.110, 95.72 W, 94 %
2025/12/04 20:47:52.210, 95.99 W, 94 %
2025/12/04 20:47:52.310, 95.72 W, 94 %
2025/12/04 20:47:52.410, 95.99 W, 94 %
2025/12/04 20:47:52.511, 95.99 W, 94 %
2025/12/04 20:47:52.611, 95.99 W, 94 %
2025/12/04 20:47:52.711, 95.99 W, 95 %
2025/12/04 20:47:52.811, 95.99 W, 95 %
2025/12/04 20:47:52.911, 95.99 W, 95 %
2025/12/04 20:47:53.011, 95.72 W, 95 %
2025/12/04 20:47:53.111, 95.99 W, 94 %
2025/12/04 20:47:53.212, 95.99 W, 94 %
2025/12/04 20:47:53.312, 95.99 W, 94 %
2025/12/04 20:47:53.412, 95.99 W, 94 %
2025/12/04 20:47:53.512, 95.99 W, 94 %
2025/12/04 20:47:53.612, 95.72 W, 94 %
2025/12/04 20:47:53.713, 95.99 W, 95 %
2025/12/04 20:47:53.813, 95.72 W, 95 %
2025/12/04 20:47:53.913, 95.72 W, 94 %
2025/12/04 20:47:54.013, 95.72 W, 94 %
2025/12/04 20:47:54.113, 95.72 W, 95 %
2025/12/04 20:47:54.213, 95.72 W, 95 %
2025/12/04 20:47:54.313, 95.99 W, 94 %
2025/12/04 20:47:54.414, 95.99 W, 94 %
2025/12/04 20:47:54.514, 95.99 W, 95 %
2025/12/04 20:47:54.614, 95.99 W, 95 %
2025/12/04 20:47:54.714, 95.99 W, 95 %
2025/12/04 20:47:54.814, 95.99 W, 95 %
2025/12/04 20:47:54.914, 95.72 W, 94 %
2025/12/04 20:47:55.015, 95.99 W, 94 %
2025/12/04 20:47:55.115, 95.99 W, 95 %
2025/12/04 20:47:55.215, 95.72 W, 95 %
2025/12/04 20:47:55.315, 95.72 W, 95 %
2025/12/04 20:47:55.415, 95.72 W, 95 %
2025/12/04 20:47:55.515, 95.72 W, 94 %
2025/12/04 20:47:55.616, 95.72 W, 94 %
2025/12/04 20:47:55.725, 95.72 W, 95 %
2025/12/04 20:47:55.826, 95.72 W, 95 %
2025/12/04 20:47:55.926, 95.72 W, 95 %
2025/12/04 20:47:56.026, 95.72 W, 95 %
2025/12/04 20:47:56.126, 95.72 W, 95 %
2025/12/04 20:47:56.226, 95.72 W, 95 %
2025/12/04 20:47:56.326, 95.72 W, 95 %
2025/12/04 20:47:56.427, 95.72 W, 95 %
2025/12/04 20:47:56.527, 95.72 W, 94 %
2025/12/04 20:47:56.627, 95.72 W, 94 %
2025/12/04 20:47:56.727, 95.72 W, 95 %
2025/12/04 20:47:56.827, 95.72 W, 95 %
2025/12/04 20:47:56.927, 95.72 W, 94 %
2025/12/04 20:47:57.028, 95.72 W, 94 %
2025/12/04 20:47:57.128, 95.72 W, 95 %
2025/12/04 20:47:57.228, 95.72 W, 95 %
2025/12/04 20:47:57.328, 95.72 W, 95 %
2025/12/04 20:47:57.428, 95.72 W, 95 %
2025/12/04 20:47:57.528, 95.72 W, 94 %
2025/12/04 20:47:57.629, 95.72 W, 94 %
2025/12/04 20:47:57.729, 95.72 W, 95 %
2025/12/04 20:47:57.829, 95.72 W, 95 %
2025/12/04 20:47:57.929, 95.72 W, 95 %
2025/12/04 20:47:58.029, 95.99 W, 95 %
2025/12/04 20:47:58.129, 95.72 W, 95 %
2025/12/04 20:47:58.230, 95.72 W, 95 %
2025/12/04 20:47:58.330, 95.99 W, 95 %
2025/12/04 20:47:58.430, 95.99 W, 95 %
2025/12/04 20:47:58.530, 95.72 W, 95 %
2025/12/04 20:47:58.630, 95.99 W, 95 %
2025/12/04 20:47:58.730, 95.99 W, 95 %
2025/12/04 20:47:58.831, 95.99 W, 95 %
2025/12/04 20:47:58.931, 95.72 W, 95 %
2025/12/04 20:47:59.031, 95.99 W, 95 %
2025/12/04 20:47:59.131, 95.99 W, 94 %
2025/12/04 20:47:59.231, 95.99 W, 94 %
2025/12/04 20:47:59.331, 95.99 W, 95 %
2025/12/04 20:47:59.432, 95.99 W, 95 %
2025/12/04 20:47:59.532, 95.99 W, 94 %
2025/12/04 20:47:59.632, 95.72 W, 94 %
2025/12/04 20:47:59.732, 95.99 W, 94 %
2025/12/04 20:47:59.832, 95.99 W, 94 %
2025/12/04 20:47:59.932, 95.99 W, 95 %
2025/12/04 20:48:00.032, 95.99 W, 95 %
2025/12/04 20:48:00.133, 95.99 W, 95 %
2025/12/04 20:48:00.233, 95.72 W, 95 %
2025/12/04 20:48:00.333, 95.99 W, 95 %
2025/12/04 20:48:00.433, 95.99 W, 95 %
2025/12/04 20:48:00.533, 95.72 W, 95 %
2025/12/04 20:48:00.633, 95.99 W, 95 %
2025/12/04 20:48:00.734, 95.99 W, 94 %
2025/12/04 20:48:00.834, 95.72 W, 94 %
2025/12/04 20:48:00.934, 95.72 W, 95 %
2025/12/04 20:48:01.034, 95.72 W, 95 %
2025/12/04 20:48:01.134, 95.99 W, 94 %
2025/12/04 20:48:01.234, 95.99 W, 94 %
2025/12/04 20:48:01.335, 95.99 W, 95 %
2025/12/04 20:48:01.435, 95.99 W, 95 %
2025/12/04 20:48:01.535, 95.99 W, 95 %
2025/12/04 20:48:01.635, 95.72 W, 95 %
2025/12/04 20:48:01.735, 95.72 W, 94 %
2025/12/04 20:48:01.835, 95.72 W, 94 %
2025/12/04 20:48:01.936, 95.72 W, 95 %
2025/12/04 20:48:02.036, 95.72 W, 95 %
2025/12/04 20:48:02.136, 95.72 W, 95 %
2025/12/04 20:48:02.236, 95.72 W, 95 %
2025/12/04 20:48:02.336, 95.72 W, 95 %
2025/12/04 20:48:02.436, 95.72 W, 95 %
2025/12/04 20:48:02.537, 95.72 W, 95 %
2025/12/04 20:48:02.637, 95.72 W, 95 %
2025/12/04 20:48:02.737, 95.72 W, 94 %
2025/12/04 20:48:02.837, 95.72 W, 94 %
2025/12/04 20:48:02.937, 95.72 W, 95 %
2025/12/04 20:48:03.037, 95.72 W, 95 %
2025/12/04 20:48:03.138, 95.72 W, 95 %
2025/12/04 20:48:03.238, 95.72 W, 95 %
2025/12/04 20:48:03.338, 95.72 W, 94 %
2025/12/04 20:48:03.438, 95.72 W, 94 %
2025/12/04 20:48:03.538, 95.72 W, 95 %
2025/12/04 20:48:03.638, 95.72 W, 95 %
2025/12/04 20:48:03.739, 95.72 W, 95 %
2025/12/04 20:48:03.839, 95.72 W, 95 %
2025/12/04 20:48:03.939, 95.72 W, 95 %
2025/12/04 20:48:04.039, 95.72 W, 95 %
2025/12/04 20:48:04.139, 95.72 W, 94 %
2025/12/04 20:48:04.239, 95.72 W, 94 %
2025/12/04 20:48:04.340, 95.99 W, 95 %
2025/12/04 20:48:04.440, 95.72 W, 95 %
2025/12/04 20:48:04.540, 95.72 W, 95 %
2025/12/04 20:48:04.640, 95.72 W, 95 %
2025/12/04 20:48:04.740, 95.99 W, 94 %
2025/12/04 20:48:04.840, 95.72 W, 94 %
2025/12/04 20:48:04.940, 95.99 W, 94 %
2025/12/04 20:48:05.041, 95.72 W, 94 %
2025/12/04 20:48:05.141, 95.99 W, 95 %
2025/12/04 20:48:05.241, 95.99 W, 95 %
2025/12/04 20:48:05.341, 95.99 W, 95 %
2025/12/04 20:48:05.441, 95.99 W, 95 %
2025/12/04 20:48:05.541, 95.99 W, 94 %
2025/12/04 20:48:05.642, 95.99 W, 94 %
2025/12/04 20:48:05.742, 95.72 W, 94 %
2025/12/04 20:48:05.842, 95.72 W, 94 %
2025/12/04 20:48:05.942, 95.72 W, 94 %
2025/12/04 20:48:06.042, 95.72 W, 94 %
2025/12/04 20:48:06.142, 95.72 W, 94 %
2025/12/04 20:48:06.243, 95.72 W, 94 %
2025/12/04 20:48:06.343, 95.72 W, 94 %
2025/12/04 20:48:06.443, 95.99 W, 94 %
2025/12/04 20:48:06.543, 95.72 W, 94 %
2025/12/04 20:48:06.643, 95.72 W, 94 %
2025/12/04 20:48:06.743, 95.72 W, 95 %
2025/12/04 20:48:06.844, 95.72 W, 95 %
2025/12/04 20:48:06.944, 95.72 W, 94 %
2025/12/04 20:48:07.044, 95.99 W, 94 %
2025/12/04 20:48:07.144, 95.72 W, 94 %
2025/12/04 20:48:07.244, 95.99 W, 94 %
2025/12/04 20:48:07.344, 95.99 W, 94 %
2025/12/04 20:48:07.445, 95.99 W, 94 %
2025/12/04 20:48:07.545, 95.72 W, 95 %
2025/12/04 20:48:07.645, 95.72 W, 95 %
2025/12/04 20:48:07.745, 95.72 W, 95 %
2025/12/04 20:48:07.845, 95.72 W, 95 %
2025/12/04 20:48:07.945, 95.72 W, 95 %
2025/12/04 20:48:08.046, 95.72 W, 95 %
2025/12/04 20:48:08.146, 95.72 W, 95 %
2025/12/04 20:48:08.246, 95.72 W, 95 %
2025/12/04 20:48:08.346, 95.72 W, 94 %
2025/12/04 20:48:08.446, 95.72 W, 94 %
2025/12/04 20:48:08.546, 95.72 W, 95 %
2025/12/04 20:48:08.647, 95.72 W, 95 %
2025/12/04 20:48:08.747, 95.72 W, 95 %
2025/12/04 20:48:08.847, 95.72 W, 95 %
2025/12/04 20:48:08.947, 95.72 W, 95 %
2025/12/04 20:48:09.047, 95.72 W, 95 %
2025/12/04 20:48:09.147, 95.72 W, 94 %
2025/12/04 20:48:09.248, 95.72 W, 94 %
2025/12/04 20:48:09.348, 95.72 W, 95 %
2025/12/04 20:48:09.448, 95.72 W, 95 %
2025/12/04 20:48:09.548, 95.72 W, 95 %
2025/12/04 20:48:09.648, 95.72 W, 95 %
2025/12/04 20:48:09.748, 95.72 W, 95 %
2025/12/04 20:48:09.848, 95.72 W, 95 %
2025/12/04 20:48:09.949, 95.72 W, 94 %
2025/12/04 20:48:10.049, 95.72 W, 94 %
2025/12/04 20:48:10.149, 95.72 W, 94 %
2025/12/04 20:48:10.249, 95.72 W, 94 %
2025/12/04 20:48:10.349, 95.72 W, 94 %
2025/12/04 20:48:10.449, 95.72 W, 94 %
2025/12/04 20:48:10.550, 95.72 W, 95 %
2025/12/04 20:48:10.650, 95.72 W, 95 %
2025/12/04 20:48:10.750, 95.72 W, 95 %
2025/12/04 20:48:10.850, 95.72 W, 95 %
2025/12/04 20:48:10.950, 95.72 W, 95 %
2025/12/04 20:48:11.050, 95.72 W, 95 %
2025/12/04 20:48:11.151, 95.72 W, 95 %
2025/12/04 20:48:11.251, 95.72 W, 95 %
2025/12/04 20:48:11.351, 95.72 W, 94 %
2025/12/04 20:48:11.451, 95.72 W, 94 %
2025/12/04 20:48:11.551, 95.72 W, 95 %
2025/12/04 20:48:11.651, 95.72 W, 95 %
2025/12/04 20:48:11.752, 95.72 W, 95 %
2025/12/04 20:48:11.852, 95.72 W, 95 %
2025/12/04 20:48:11.952, 95.72 W, 95 %
2025/12/04 20:48:12.052, 95.72 W, 95 %
2025/12/04 20:48:12.152, 95.72 W, 95 %
2025/12/04 20:48:12.252, 95.72 W, 95 %
2025/12/04 20:48:12.353, 95.72 W, 95 %
2025/12/04 20:48:12.453, 95.72 W, 95 %
2025/12/04 20:48:12.553, 95.72 W, 95 %
2025/12/04 20:48:12.653, 95.72 W, 95 %
2025/12/04 20:48:12.753, 95.72 W, 94 %
2025/12/04 20:48:12.853, 95.72 W, 94 %
2025/12/04 20:48:12.954, 95.72 W, 95 %
2025/12/04 20:48:13.054, 95.72 W, 95 %
2025/12/04 20:48:13.154, 95.72 W, 95 %
2025/12/04 20:48:13.254, 95.72 W, 95 %
2025/12/04 20:48:13.354, 95.72 W, 94 %
2025/12/04 20:48:13.454, 95.72 W, 94 %
2025/12/04 20:48:13.555, 95.72 W, 95 %
2025/12/04 20:48:13.655, 95.72 W, 95 %
2025/12/04 20:48:13.755, 95.72 W, 95 %
2025/12/04 20:48:13.855, 95.72 W, 95 %
2025/12/04 20:48:13.955, 95.72 W, 95 %
2025/12/04 20:48:14.055, 95.72 W, 95 %
2025/12/04 20:48:14.155, 95.72 W, 94 %
2025/12/04 20:48:14.256, 95.72 W, 94 %
2025/12/04 20:48:14.356, 95.72 W, 95 %
2025/12/04 20:48:14.456, 95.72 W, 95 %
2025/12/04 20:48:14.556, 95.72 W, 94 %
2025/12/04 20:48:14.656, 95.72 W, 94 %
2025/12/04 20:48:14.756, 95.72 W, 95 %
2025/12/04 20:48:14.857, 95.72 W, 95 %
2025/12/04 20:48:14.957, 95.72 W, 94 %
2025/12/04 20:48:15.057, 95.72 W, 94 %
2025/12/04 20:48:15.157, 95.72 W, 94 %
2025/12/04 20:48:15.257, 95.72 W, 94 %
2025/12/04 20:48:15.357, 95.72 W, 94 %
2025/12/04 20:48:15.458, 95.72 W, 94 %
2025/12/04 20:48:15.558, 95.72 W, 93 %
2025/12/04 20:48:15.658, 95.72 W, 93 %
2025/12/04 20:48:15.758, 95.72 W, 95 %
2025/12/04 20:48:15.858, 95.72 W, 95 %
2025/12/04 20:48:15.958, 95.72 W, 94 %
2025/12/04 20:48:16.059, 95.72 W, 94 %
2025/12/04 20:48:16.159, 95.72 W, 95 %
2025/12/04 20:48:16.259, 95.72 W, 95 %
2025/12/04 20:48:16.359, 95.72 W, 95 %
2025/12/04 20:48:16.459, 95.72 W, 95 %
2025/12/04 20:48:16.559, 95.72 W, 94 %
2025/12/04 20:48:16.660, 95.72 W, 94 %
2025/12/04 20:48:16.760, 95.72 W, 95 %
2025/12/04 20:48:16.860, 95.72 W, 95 %
2025/12/04 20:48:16.960, 95.72 W, 95 %
2025/12/04 20:48:17.060, 95.72 W, 95 %
2025/12/04 20:48:17.160, 95.72 W, 94 %
2025/12/04 20:48:17.260, 95.72 W, 94 %
2025/12/04 20:48:17.361, 95.72 W, 95 %
2025/12/04 20:48:17.461, 95.72 W, 95 %
2025/12/04 20:48:17.561, 95.72 W, 94 %
2025/12/04 20:48:17.661, 95.72 W, 94 %
2025/12/04 20:48:17.761, 95.72 W, 94 %
2025/12/04 20:48:17.861, 95.72 W, 94 %
2025/12/04 20:48:17.962, 95.72 W, 95 %
2025/12/04 20:48:18.062, 95.72 W, 95 %
2025/12/04 20:48:18.162, 95.72 W, 95 %
2025/12/04 20:48:18.262, 95.72 W, 95 %
2025/12/04 20:48:18.362, 95.72 W, 95 %
2025/12/04 20:48:18.462, 95.72 W, 95 %
2025/12/04 20:48:18.563, 95.72 W, 94 %
2025/12/04 20:48:18.663, 95.72 W, 94 %
2025/12/04 20:48:18.763, 95.72 W, 94 %
2025/12/04 20:48:18.863, 95.72 W, 94 %
2025/12/04 20:48:18.963, 95.72 W, 95 %
2025/12/04 20:48:19.063, 95.72 W, 95 %
2025/12/04 20:48:19.164, 95.72 W, 95 %
2025/12/04 20:48:19.264, 95.72 W, 95 %
2025/12/04 20:48:19.364, 95.72 W, 95 %
2025/12/04 20:48:19.464, 95.72 W, 95 %
2025/12/04 20:48:19.564, 95.72 W, 95 %
2025/12/04 20:48:19.664, 95.72 W, 95 %
2025/12/04 20:48:19.764, 95.72 W, 94 %
2025/12/04 20:48:19.865, 95.72 W, 94 %
2025/12/04 20:48:19.965, 95.72 W, 94 %
2025/12/04 20:48:20.065, 95.72 W, 94 %
2025/12/04 20:48:20.165, 95.72 W, 95 %
2025/12/04 20:48:20.265, 95.72 W, 95 %
2025/12/04 20:48:20.365, 95.72 W, 94 %
2025/12/04 20:48:20.466, 95.72 W, 94 %
2025/12/04 20:48:20.566, 95.72 W, 95 %
2025/12/04 20:48:20.666, 95.72 W, 95 %
2025/12/04 20:48:20.766, 95.72 W, 94 %
2025/12/04 20:48:20.866, 95.72 W, 94 %
2025/12/04 20:48:20.966, 95.72 W, 94 %
2025/12/04 20:48:21.067, 95.72 W, 94 %
2025/12/04 20:48:21.167, 95.72 W, 95 %
2025/12/04 20:48:21.267, 95.72 W, 95 %
2025/12/04 20:48:21.367, 95.72 W, 95 %
2025/12/04 20:48:21.467, 95.72 W, 95 %
2025/12/04 20:48:21.567, 95.72 W, 95 %
2025/12/04 20:48:21.667, 95.72 W, 95 %
2025/12/04 20:48:21.768, 95.72 W, 95 %
2025/12/04 20:48:21.868, 95.72 W, 95 %
2025/12/04 20:48:21.968, 95.72 W, 94 %
2025/12/04 20:48:22.068, 95.72 W, 94 %
2025/12/04 20:48:22.168, 95.72 W, 95 %
2025/12/04 20:48:22.268, 95.72 W, 95 %
2025/12/04 20:48:22.369, 95.72 W, 95 %
2025/12/04 20:48:22.469, 95.72 W, 95 %
2025/12/04 20:48:22.569, 95.72 W, 95 %
2025/12/04 20:48:22.669, 95.72 W, 95 %
2025/12/04 20:48:22.769, 95.72 W, 94 %
2025/12/04 20:48:22.869, 95.72 W, 94 %
2025/12/04 20:48:22.970, 95.72 W, 94 %
2025/12/04 20:48:23.070, 95.72 W, 94 %
2025/12/04 20:48:23.170, 95.72 W, 95 %
2025/12/04 20:48:23.270, 95.72 W, 95 %
2025/12/04 20:48:23.370, 95.72 W, 94 %
2025/12/04 20:48:23.470, 95.72 W, 94 %
2025/12/04 20:48:23.571, 95.72 W, 94 %
2025/12/04 20:48:23.671, 95.72 W, 94 %
2025/12/04 20:48:23.771, 95.72 W, 94 %
2025/12/04 20:48:23.871, 95.72 W, 94 %
2025/12/04 20:48:23.971, 95.72 W, 95 %
2025/12/04 20:48:24.071, 95.72 W, 95 %
2025/12/04 20:48:24.172, 95.72 W, 94 %
2025/12/04 20:48:24.272, 95.72 W, 94 %
2025/12/04 20:48:24.372, 95.72 W, 94 %
2025/12/04 20:48:24.472, 95.72 W, 94 %
2025/12/04 20:48:24.572, 95.72 W, 94 %
2025/12/04 20:48:24.672, 95.72 W, 94 %
2025/12/04 20:48:24.772, 95.72 W, 94 %
2025/12/04 20:48:24.873, 95.72 W, 94 %
2025/12/04 20:48:24.973, 95.72 W, 94 %
2025/12/04 20:48:25.073, 95.72 W, 94 %
2025/12/04 20:48:25.173, 95.72 W, 95 %
2025/12/04 20:48:25.273, 95.72 W, 95 %
2025/12/04 20:48:25.373, 95.72 W, 95 %
2025/12/04 20:48:25.474, 95.72 W, 95 %
2025/12/04 20:48:25.574, 95.72 W, 94 %
2025/12/04 20:48:25.674, 95.72 W, 94 %
2025/12/04 20:48:25.774, 95.72 W, 94 %
2025/12/04 20:48:25.874, 95.72 W, 94 %
2025/12/04 20:48:25.974, 95.72 W, 95 %
2025/12/04 20:48:26.075, 95.72 W, 95 %
2025/12/04 20:48:26.175, 95.72 W, 95 %
2025/12/04 20:48:26.275, 95.72 W, 95 %
2025/12/04 20:48:26.375, 95.72 W, 94 %
2025/12/04 20:48:26.475, 95.72 W, 94 %
2025/12/04 20:48:26.575, 95.72 W, 94 %
2025/12/04 20:48:26.676, 95.72 W, 94 %
2025/12/04 20:48:26.776, 95.72 W, 94 %
2025/12/04 20:48:26.876, 95.72 W, 94 %
2025/12/04 20:48:26.976, 95.72 W, 94 %
2025/12/04 20:48:27.076, 95.72 W, 94 %
2025/12/04 20:48:27.176, 95.72 W, 94 %
2025/12/04 20:48:27.277, 95.72 W, 94 %
2025/12/04 20:48:27.377, 95.72 W, 95 %
2025/12/04 20:48:27.477, 95.72 W, 95 %
2025/12/04 20:48:27.577, 95.72 W, 95 %
2025/12/04 20:48:27.677, 95.72 W, 95 %
2025/12/04 20:48:27.777, 95.72 W, 95 %
2025/12/04 20:48:27.878, 95.72 W, 95 %
2025/12/04 20:48:27.978, 95.72 W, 95 %
2025/12/04 20:48:28.078, 95.72 W, 95 %
2025/12/04 20:48:28.178, 95.72 W, 95 %
2025/12/04 20:48:28.278, 95.72 W, 95 %
2025/12/04 20:48:28.378, 95.72 W, 94 %
2025/12/04 20:48:28.479, 95.72 W, 94 %
2025/12/04 20:48:28.579, 95.72 W, 94 %
2025/12/04 20:48:28.679, 95.72 W, 94 %
2025/12/04 20:48:28.779, 95.72 W, 94 %
2025/12/04 20:48:28.879, 95.72 W, 94 %
2025/12/04 20:48:28.979, 95.72 W, 94 %
2025/12/04 20:48:29.080, 95.72 W, 94 %
2025/12/04 20:48:29.180, 95.72 W, 94 %
2025/12/04 20:48:29.280, 95.72 W, 94 %
2025/12/04 20:48:29.380, 95.72 W, 94 %
2025/12/04 20:48:29.480, 95.72 W, 94 %
2025/12/04 20:48:29.580, 95.72 W, 95 %
2025/12/04 20:48:29.680, 95.72 W, 95 %
2025/12/04 20:48:29.781, 95.72 W, 94 %
2025/12/04 20:48:29.881, 95.72 W, 94 %
2025/12/04 20:48:29.981, 95.72 W, 94 %
2025/12/04 20:48:30.081, 95.72 W, 94 %
2025/12/04 20:48:30.181, 95.72 W, 95 %
2025/12/04 20:48:30.281, 95.72 W, 95 %
2025/12/04 20:48:30.382, 95.72 W, 94 %
2025/12/04 20:48:30.482, 95.72 W, 94 %
2025/12/04 20:48:30.582, 95.72 W, 95 %
2025/12/04 20:48:30.682, 95.72 W, 95 %
2025/12/04 20:48:30.782, 95.72 W, 95 %
2025/12/04 20:48:30.882, 95.72 W, 95 %
2025/12/04 20:48:30.983, 95.72 W, 94 %
2025/12/04 20:48:31.083, 95.72 W, 94 %
2025/12/04 20:48:31.183, 95.72 W, 95 %
2025/12/04 20:48:31.283, 95.72 W, 95 %
2025/12/04 20:48:31.383, 95.72 W, 95 %
2025/12/04 20:48:31.483, 95.72 W, 95 %
2025/12/04 20:48:31.584, 95.72 W, 95 %
2025/12/04 20:48:31.684, 95.72 W, 95 %
2025/12/04 20:48:31.784, 95.72 W, 95 %
2025/12/04 20:48:31.884, 95.72 W, 95 %
2025/12/04 20:48:31.984, 95.72 W, 94 %
2025/12/04 20:48:32.084, 95.72 W, 94 %
2025/12/04 20:48:32.184, 95.72 W, 95 %
2025/12/04 20:48:32.285, 95.72 W, 95 %
2025/12/04 20:48:32.385, 95.72 W, 95 %
2025/12/04 20:48:32.485, 95.72 W, 95 %
2025/12/04 20:48:32.585, 95.72 W, 94 %
2025/12/04 20:48:32.685, 95.72 W, 94 %
2025/12/04 20:48:32.785, 95.72 W, 95 %
2025/12/04 20:48:32.886, 95.72 W, 95 %
2025/12/04 20:48:32.986, 95.72 W, 94 %
2025/12/04 20:48:33.086, 95.72 W, 94 %
2025/12/04 20:48:33.186, 95.72 W, 95 %
2025/12/04 20:48:33.286, 95.72 W, 95 %
2025/12/04 20:48:33.386, 95.72 W, 94 %
2025/12/04 20:48:33.487, 95.72 W, 94 %
2025/12/04 20:48:33.587, 95.72 W, 95 %
2025/12/04 20:48:33.687, 95.72 W, 95 %
2025/12/04 20:48:33.787, 95.72 W, 95 %
2025/12/04 20:48:33.887, 95.72 W, 95 %
2025/12/04 20:48:33.987, 95.72 W, 95 %
2025/12/04 20:48:34.088, 95.72 W, 95 %
2025/12/04 20:48:34.188, 95.72 W, 94 %
2025/12/04 20:48:34.288, 95.72 W, 94 %
2025/12/04 20:48:34.388, 95.72 W, 95 %
2025/12/04 20:48:34.488, 95.72 W, 95 %
2025/12/04 20:48:34.588, 95.72 W, 95 %
2025/12/04 20:48:34.688, 95.72 W, 95 %
2025/12/04 20:48:34.789, 95.72 W, 95 %
2025/12/04 20:48:34.889, 95.72 W, 95 %
2025/12/04 20:48:34.989, 95.72 W, 95 %
2025/12/04 20:48:35.089, 95.72 W, 95 %
2025/12/04 20:48:35.189, 95.72 W, 94 %
2025/12/04 20:48:35.289, 95.72 W, 94 %
2025/12/04 20:48:35.390, 95.72 W, 95 %
2025/12/04 20:48:35.490, 95.72 W, 95 %
2025/12/04 20:48:35.590, 95.72 W, 95 %
2025/12/04 20:48:35.690, 95.72 W, 95 %
2025/12/04 20:48:35.790, 95.72 W, 94 %
2025/12/04 20:48:35.890, 95.72 W, 94 %
2025/12/04 20:48:35.991, 95.72 W, 95 %
2025/12/04 20:48:36.091, 95.72 W, 95 %
2025/12/04 20:48:36.191, 95.72 W, 94 %
2025/12/04 20:48:36.291, 95.72 W, 94 %
2025/12/04 20:48:36.391, 95.72 W, 95 %
2025/12/04 20:48:36.491, 95.72 W, 95 %
2025/12/04 20:48:36.592, 95.72 W, 94 %
2025/12/04 20:48:36.692, 95.72 W, 94 %
2025/12/04 20:48:36.792, 95.72 W, 94 %
2025/12/04 20:48:36.892, 95.72 W, 94 %
2025/12/04 20:48:36.992, 95.72 W, 95 %
2025/12/04 20:48:37.092, 95.72 W, 95 %
2025/12/04 20:48:37.193, 95.72 W, 94 %
2025/12/04 20:48:37.293, 95.72 W, 94 %
2025/12/04 20:48:37.393, 95.72 W, 94 %
2025/12/04 20:48:37.493, 95.72 W, 94 %
2025/12/04 20:48:37.593, 95.72 W, 95 %
2025/12/04 20:48:37.693, 95.72 W, 95 %
2025/12/04 20:48:37.794, 95.72 W, 95 %
2025/12/04 20:48:37.894, 95.72 W, 95 %
2025/12/04 20:48:37.994, 95.72 W, 95 %
2025/12/04 20:48:38.094, 95.72 W, 95 %
2025/12/04 20:48:38.194, 95.72 W, 94 %
2025/12/04 20:48:38.294, 95.72 W, 94 %
2025/12/04 20:48:38.394, 95.72 W, 94 %
2025/12/04 20:48:38.495, 95.72 W, 94 %
2025/12/04 20:48:38.595, 95.72 W, 95 %
2025/12/04 20:48:38.695, 95.72 W, 95 %
2025/12/04 20:48:38.795, 95.72 W, 94 %
2025/12/04 20:48:38.895, 95.72 W, 94 %
2025/12/04 20:48:38.995, 95.72 W, 95 %
2025/12/04 20:48:39.096, 95.72 W, 95 %
2025/12/04 20:48:39.196, 95.72 W, 94 %
2025/12/04 20:48:39.296, 95.72 W, 94 %
2025/12/04 20:48:39.396, 95.72 W, 94 %
2025/12/04 20:48:39.496, 95.72 W, 94 %
2025/12/04 20:48:39.596, 95.72 W, 95 %
2025/12/04 20:48:39.697, 95.72 W, 95 %
2025/12/04 20:48:39.797, 95.72 W, 94 %
2025/12/04 20:48:39.897, 95.72 W, 94 %
2025/12/04 20:48:39.997, 95.72 W, 95 %
2025/12/04 20:48:40.097, 95.72 W, 95 %
2025/12/04 20:48:40.197, 95.72 W, 94 %
2025/12/04 20:48:40.298, 95.72 W, 94 %
2025/12/04 20:48:40.398, 95.72 W, 94 %
2025/12/04 20:48:40.498, 95.72 W, 94 %
2025/12/04 20:48:40.598, 95.72 W, 94 %
2025/12/04 20:48:40.698, 95.72 W, 94 %
2025/12/04 20:48:40.798, 95.72 W, 95 %
2025/12/04 20:48:40.899, 95.72 W, 95 %
2025/12/04 20:48:40.999, 95.72 W, 95 %
2025/12/04 20:48:41.099, 95.72 W, 95 %
2025/12/04 20:48:41.199, 95.72 W, 95 %
2025/12/04 20:48:41.299, 95.72 W, 95 %
2025/12/04 20:48:41.399, 95.72 W, 95 %
2025/12/04 20:48:41.500, 95.72 W, 95 %
2025/12/04 20:48:41.600, 95.72 W, 94 %
2025/12/04 20:48:41.700, 95.72 W, 94 %
2025/12/04 20:48:41.800, 95.72 W, 94 %
2025/12/04 20:48:41.900, 95.72 W, 94 %
2025/12/04 20:48:42.000, 95.72 W, 95 %
2025/12/04 20:48:42.101, 95.72 W, 95 %
2025/12/04 20:48:42.201, 95.72 W, 95 %
2025/12/04 20:48:42.301, 95.72 W, 95 %
2025/12/04 20:48:42.401, 95.72 W, 95 %
2025/12/04 20:48:42.501, 95.72 W, 95 %
2025/12/04 20:48:42.601, 95.72 W, 95 %
2025/12/04 20:48:42.702, 95.72 W, 95 %
2025/12/04 20:48:42.802, 95.72 W, 94 %
2025/12/04 20:48:42.902, 95.72 W, 94 %
2025/12/04 20:48:43.002, 95.72 W, 95 %
2025/12/04 20:48:43.102, 95.72 W, 95 %
2025/12/04 20:48:43.202, 95.72 W, 95 %
2025/12/04 20:48:43.302, 95.72 W, 95 %
2025/12/04 20:48:43.403, 95.72 W, 95 %
2025/12/04 20:48:43.503, 95.72 W, 95 %
2025/12/04 20:48:43.603, 95.72 W, 95 %
2025/12/04 20:48:43.703, 95.72 W, 95 %
2025/12/04 20:48:43.803, 95.72 W, 95 %
2025/12/04 20:48:43.903, 95.72 W, 95 %
2025/12/04 20:48:44.004, 95.72 W, 94 %
2025/12/04 20:48:44.104, 95.72 W, 94 %
2025/12/04 20:48:44.204, 95.72 W, 95 %
2025/12/04 20:48:44.304, 95.72 W, 95 %
2025/12/04 20:48:44.404, 95.72 W, 95 %
2025/12/04 20:48:44.504, 95.72 W, 95 %
2025/12/04 20:48:44.605, 95.72 W, 95 %
2025/12/04 20:48:44.705, 95.72 W, 95 %
2025/12/04 20:48:44.805, 95.72 W, 95 %
2025/12/04 20:48:44.905, 95.72 W, 95 %
2025/12/04 20:48:45.005, 95.72 W, 95 %
2025/12/04 20:48:45.105, 95.39 W, 95 %
2025/12/04 20:48:45.206, 95.72 W, 95 %
2025/12/04 20:48:45.306, 95.72 W, 95 %
2025/12/04 20:48:45.406, 95.72 W, 95 %
2025/12/04 20:48:45.506, 95.72 W, 95 %
2025/12/04 20:48:45.606, 95.72 W, 95 %
2025/12/04 20:48:45.706, 95.72 W, 95 %
2025/12/04 20:48:45.807, 95.72 W, 95 %
2025/12/04 20:48:45.907, 95.39 W, 95 %
2025/12/04 20:48:46.007, 95.72 W, 94 %
2025/12/04 20:48:46.107, 95.72 W, 94 %
2025/12/04 20:48:46.207, 95.72 W, 95 %
2025/12/04 20:48:46.307, 95.72 W, 95 %
2025/12/04 20:48:46.407, 95.72 W, 95 %
2025/12/04 20:48:46.508, 95.39 W, 95 %
2025/12/04 20:48:46.608, 95.72 W, 95 %
2025/12/04 20:48:46.708, 95.39 W, 95 %
2025/12/04 20:48:46.808, 95.72 W, 95 %
2025/12/04 20:48:46.908, 95.72 W, 95 %
2025/12/04 20:48:47.008, 95.72 W, 95 %
2025/12/04 20:48:47.109, 95.72 W, 95 %
2025/12/04 20:48:47.209, 95.39 W, 94 %
2025/12/04 20:48:47.309, 95.72 W, 94 %
2025/12/04 20:48:47.409, 95.72 W, 95 %
2025/12/04 20:48:47.509, 95.39 W, 95 %
2025/12/04 20:48:47.609, 95.72 W, 94 %
2025/12/04 20:48:47.710, 95.39 W, 94 %
2025/12/04 20:48:47.810, 95.72 W, 95 %
2025/12/04 20:48:47.910, 95.72 W, 95 %
2025/12/04 20:48:48.010, 95.72 W, 95 %
2025/12/04 20:48:48.110, 95.72 W, 95 %
2025/12/04 20:48:48.210, 95.72 W, 94 %
2025/12/04 20:48:48.311, 95.72 W, 94 %
2025/12/04 20:48:48.411, 95.72 W, 95 %
2025/12/04 20:48:48.511, 95.72 W, 95 %
2025/12/04 20:48:48.611, 95.39 W, 95 %
2025/12/04 20:48:48.711, 95.72 W, 95 %
2025/12/04 20:48:48.811, 95.72 W, 95 %
2025/12/04 20:48:48.912, 95.39 W, 95 %
2025/12/04 20:48:49.012, 95.72 W, 95 %
2025/12/04 20:48:49.112, 95.72 W, 95 %
2025/12/04 20:48:49.212, 95.72 W, 95 %
2025/12/04 20:48:49.312, 95.72 W, 95 %
2025/12/04 20:48:49.412, 95.72 W, 95 %
2025/12/04 20:48:49.513, 95.72 W, 95 %
2025/12/04 20:48:49.613, 95.72 W, 95 %
2025/12/04 20:48:49.713, 95.72 W, 95 %
2025/12/04 20:48:49.813, 95.72 W, 95 %
2025/12/04 20:48:49.913, 95.39 W, 95 %
2025/12/04 20:48:50.013, 95.72 W, 95 %
2025/12/04 20:48:50.114, 95.72 W, 95 %
2025/12/04 20:48:50.214, 95.39 W, 95 %
2025/12/04 20:48:50.314, 95.72 W, 95 %
2025/12/04 20:48:50.414, 95.72 W, 94 %
2025/12/04 20:48:50.514, 95.72 W, 94 %
2025/12/04 20:48:50.614, 95.72 W, 95 %
2025/12/04 20:48:50.715, 95.72 W, 95 %
2025/12/04 20:48:50.815, 95.72 W, 95 %
2025/12/04 20:48:50.915, 95.72 W, 95 %
2025/12/04 20:48:51.015, 95.72 W, 95 %
2025/12/04 20:48:51.115, 95.72 W, 95 %
2025/12/04 20:48:51.215, 95.72 W, 95 %
2025/12/04 20:48:51.316, 95.72 W, 95 %
2025/12/04 20:48:51.416, 95.72 W, 95 %
2025/12/04 20:48:51.516, 95.72 W, 95 %
2025/12/04 20:48:51.616, 95.72 W, 95 %
2025/12/04 20:48:51.716, 95.72 W, 95 %
2025/12/04 20:48:51.816, 95.72 W, 95 %
2025/12/04 20:48:51.916, 95.72 W, 95 %
2025/12/04 20:48:52.017, 95.72 W, 95 %
2025/12/04 20:48:52.117, 95.72 W, 95 %
2025/12/04 20:48:52.217, 95.72 W, 95 %
2025/12/04 20:48:52.317, 95.72 W, 95 %
2025/12/04 20:48:52.417, 95.72 W, 95 %
2025/12/04 20:48:52.517, 95.72 W, 95 %
2025/12/04 20:48:52.618, 95.72 W, 94 %
2025/12/04 20:48:52.718, 95.72 W, 94 %
2025/12/04 20:48:52.818, 95.72 W, 95 %
2025/12/04 20:48:52.918, 95.72 W, 95 %
2025/12/04 20:48:53.018, 95.72 W, 95 %
2025/12/04 20:48:53.118, 95.72 W, 95 %
2025/12/04 20:48:53.219, 95.72 W, 95 %
2025/12/04 20:48:53.319, 95.72 W, 95 %
2025/12/04 20:48:53.419, 95.72 W, 94 %
2025/12/04 20:48:53.519, 95.72 W, 94 %
2025/12/04 20:48:53.619, 95.72 W, 94 %
2025/12/04 20:48:53.719, 95.39 W, 94 %
2025/12/04 20:48:53.820, 95.72 W, 95 %
2025/12/04 20:48:53.920, 95.72 W, 95 %
2025/12/04 20:48:54.020, 95.72 W, 95 %
2025/12/04 20:48:54.120, 95.72 W, 95 %
2025/12/04 20:48:54.220, 95.72 W, 95 %
2025/12/04 20:48:54.320, 95.72 W, 95 %
2025/12/04 20:48:54.421, 95.72 W, 95 %
2025/12/04 20:48:54.521, 95.72 W, 95 %
2025/12/04 20:48:54.621, 95.72 W, 95 %
2025/12/04 20:48:54.721, 95.72 W, 95 %
2025/12/04 20:48:54.821, 95.72 W, 94 %
2025/12/04 20:48:54.921, 95.72 W, 94 %
2025/12/04 20:48:55.022, 95.72 W, 94 %
2025/12/04 20:48:55.122, 95.72 W, 94 %
2025/12/04 20:48:55.222, 95.72 W, 95 %
2025/12/04 20:48:55.322, 95.72 W, 95 %
2025/12/04 20:48:55.422, 95.72 W, 95 %
2025/12/04 20:48:55.522, 95.72 W, 95 %
2025/12/04 20:48:55.623, 95.72 W, 95 %
2025/12/04 20:48:55.723, 95.72 W, 95 %
2025/12/04 20:48:55.823, 95.72 W, 94 %
2025/12/04 20:48:55.923, 95.72 W, 94 %
2025/12/04 20:48:56.023, 95.72 W, 94 %
2025/12/04 20:48:56.123, 95.72 W, 94 %
2025/12/04 20:48:56.224, 95.72 W, 94 %
2025/12/04 20:48:56.324, 95.72 W, 94 %
2025/12/04 20:48:56.424, 95.72 W, 95 %
2025/12/04 20:48:56.524, 95.72 W, 95 %
2025/12/04 20:48:56.624, 95.72 W, 95 %
2025/12/04 20:48:56.724, 95.72 W, 95 %
2025/12/04 20:48:56.824, 95.72 W, 95 %
2025/12/04 20:48:56.925, 95.72 W, 95 %
2025/12/04 20:48:57.025, 95.72 W, 95 %
2025/12/04 20:48:57.125, 95.72 W, 95 %
2025/12/04 20:48:57.225, 95.39 W, 95 %
2025/12/04 20:48:57.325, 95.72 W, 95 %
2025/12/04 20:48:57.425, 95.72 W, 95 %
2025/12/04 20:48:57.526, 95.72 W, 95 %
2025/12/04 20:48:57.626, 95.72 W, 94 %
2025/12/04 20:48:57.726, 95.72 W, 94 %
2025/12/04 20:48:57.826, 95.72 W, 94 %
2025/12/04 20:48:57.926, 95.72 W, 94 %
2025/12/04 20:48:58.026, 95.72 W, 95 %
2025/12/04 20:48:58.127, 95.72 W, 95 %
2025/12/04 20:48:58.227, 95.72 W, 94 %
2025/12/04 20:48:58.327, 95.72 W, 94 %
2025/12/04 20:48:58.427, 95.72 W, 95 %
2025/12/04 20:48:58.527, 95.72 W, 95 %
2025/12/04 20:48:58.627, 95.72 W, 95 %
2025/12/04 20:48:58.728, 95.72 W, 95 %
2025/12/04 20:48:58.828, 95.72 W, 94 %
2025/12/04 20:48:58.928, 95.72 W, 94 %
2025/12/04 20:48:59.028, 95.72 W, 94 %
2025/12/04 20:48:59.128, 95.72 W, 94 %
2025/12/04 20:48:59.228, 95.72 W, 94 %
2025/12/04 20:48:59.329, 95.72 W, 94 %
2025/12/04 20:48:59.429, 95.72 W, 94 %
2025/12/04 20:48:59.529, 95.72 W, 94 %
2025/12/04 20:48:59.629, 95.72 W, 94 %
2025/12/04 20:48:59.729, 95.72 W, 94 %
2025/12/04 20:48:59.829, 95.72 W, 95 %
2025/12/04 20:48:59.930, 95.72 W, 95 %
2025/12/04 20:49:00.030, 95.72 W, 94 %
2025/12/04 20:49:00.130, 95.72 W, 94 %
2025/12/04 20:49:00.230, 95.72 W, 94 %
2025/12/04 20:49:00.330, 95.72 W, 94 %
2025/12/04 20:49:00.430, 95.72 W, 95 %
2025/12/04 20:49:00.530, 95.72 W, 95 %
2025/12/04 20:49:00.631, 95.72 W, 94 %
2025/12/04 20:49:00.731, 95.72 W, 94 %
2025/12/04 20:49:00.831, 95.72 W, 94 %
2025/12/04 20:49:00.931, 95.72 W, 94 %
2025/12/04 20:49:01.031, 95.72 W, 94 %
2025/12/04 20:49:01.131, 95.72 W, 94 %
2025/12/04 20:49:01.232, 95.72 W, 94 %
2025/12/04 20:49:01.332, 95.72 W, 94 %
2025/12/04 20:49:01.432, 95.72 W, 95 %
2025/12/04 20:49:01.532, 95.72 W, 95 %
2025/12/04 20:49:01.632, 95.72 W, 95 %
2025/12/04 20:49:01.732, 95.72 W, 95 %
2025/12/04 20:49:01.833, 95.72 W, 95 %
2025/12/04 20:49:01.933, 95.72 W, 95 %
2025/12/04 20:49:02.033, 95.72 W, 94 %
2025/12/04 20:49:02.133, 95.72 W, 94 %
2025/12/04 20:49:02.233, 95.72 W, 94 %
2025/12/04 20:49:02.333, 95.72 W, 94 %
2025/12/04 20:49:02.434, 95.72 W, 95 %
2025/12/04 20:49:02.534, 95.72 W, 95 %
2025/12/04 20:49:02.634, 95.72 W, 95 %
2025/12/04 20:49:02.734, 95.72 W, 95 %
2025/12/04 20:49:02.834, 95.72 W, 95 %
2025/12/04 20:49:02.934, 95.72 W, 95 %
2025/12/04 20:49:03.035, 95.72 W, 94 %
2025/12/04 20:49:03.135, 95.72 W, 94 %
2025/12/04 20:49:03.235, 95.72 W, 95 %
2025/12/04 20:49:03.335, 95.72 W, 95 %
2025/12/04 20:49:03.435, 95.72 W, 94 %
2025/12/04 20:49:03.535, 95.72 W, 94 %
2025/12/04 20:49:03.636, 95.72 W, 94 %
2025/12/04 20:49:03.736, 95.72 W, 94 %
2025/12/04 20:49:03.836, 95.72 W, 95 %
2025/12/04 20:49:03.936, 95.72 W, 95 %
2025/12/04 20:49:04.036, 95.72 W, 95 %
2025/12/04 20:49:04.136, 95.72 W, 95 %
2025/12/04 20:49:04.237, 95.72 W, 94 %
2025/12/04 20:49:04.337, 95.72 W, 94 %
2025/12/04 20:49:04.437, 95.72 W, 94 %
2025/12/04 20:49:04.537, 95.72 W, 94 %
2025/12/04 20:49:04.637, 95.72 W, 94 %
2025/12/04 20:49:04.737, 95.72 W, 94 %
2025/12/04 20:49:04.837, 95.72 W, 94 %
2025/12/04 20:49:04.938, 95.72 W, 94 %
2025/12/04 20:49:05.038, 95.72 W, 95 %
2025/12/04 20:49:05.138, 95.72 W, 95 %
2025/12/04 20:49:05.238, 95.72 W, 94 %
2025/12/04 20:49:05.338, 95.72 W, 94 %
2025/12/04 20:49:05.438, 95.72 W, 95 %
2025/12/04 20:49:05.539, 95.72 W, 95 %
2025/12/04 20:49:05.639, 95.72 W, 94 %
2025/12/04 20:49:05.739, 95.72 W, 94 %
2025/12/04 20:49:05.839, 95.72 W, 95 %
2025/12/04 20:49:05.939, 95.72 W, 95 %
2025/12/04 20:49:06.039, 95.39 W, 95 %
2025/12/04 20:49:06.140, 95.72 W, 94 %
2025/12/04 20:49:06.240, 95.72 W, 94 %
2025/12/04 20:49:06.340, 95.72 W, 95 %
2025/12/04 20:49:06.440, 95.72 W, 95 %
2025/12/04 20:49:06.540, 95.72 W, 95 %
2025/12/04 20:49:06.640, 95.72 W, 95 %
2025/12/04 20:49:06.741, 95.72 W, 95 %
2025/12/04 20:49:06.841, 95.72 W, 95 %
2025/12/04 20:49:06.941, 95.72 W, 95 %
2025/12/04 20:49:07.041, 95.72 W, 95 %
2025/12/04 20:49:07.141, 95.72 W, 94 %
2025/12/04 20:49:07.241, 95.72 W, 94 %
2025/12/04 20:49:07.342, 95.72 W, 95 %
2025/12/04 20:49:07.442, 95.72 W, 95 %
2025/12/04 20:49:07.542, 95.72 W, 95 %
2025/12/04 20:49:07.642, 95.72 W, 95 %
2025/12/04 20:49:07.742, 95.72 W, 94 %
2025/12/04 20:49:07.842, 95.72 W, 94 %
2025/12/04 20:49:07.942, 95.72 W, 95 %
2025/12/04 20:49:08.043, 95.72 W, 95 %
2025/12/04 20:49:08.143, 95.39 W, 95 %
2025/12/04 20:49:08.243, 95.72 W, 95 %
2025/12/04 20:49:08.343, 95.39 W, 95 %
2025/12/04 20:49:08.443, 95.72 W, 95 %
2025/12/04 20:49:08.543, 95.72 W, 95 %
2025/12/04 20:49:08.644, 95.72 W, 95 %
2025/12/04 20:49:08.744, 95.72 W, 94 %
2025/12/04 20:49:08.844, 95.72 W, 94 %
2025/12/04 20:49:08.944, 95.72 W, 95 %
2025/12/04 20:49:09.044, 95.72 W, 95 %
2025/12/04 20:49:09.144, 95.72 W, 94 %
2025/12/04 20:49:09.245, 95.72 W, 94 %
2025/12/04 20:49:09.345, 95.72 W, 95 %
2025/12/04 20:49:09.445, 95.72 W, 95 %
2025/12/04 20:49:09.545, 95.72 W, 95 %
2025/12/04 20:49:09.645, 95.72 W, 95 %
2025/12/04 20:49:09.745, 95.39 W, 95 %
2025/12/04 20:49:09.846, 95.39 W, 95 %
2025/12/04 20:49:09.946, 95.39 W, 95 %
2025/12/04 20:49:10.046, 95.72 W, 95 %
2025/12/04 20:49:10.146, 95.72 W, 95 %
2025/12/04 20:49:10.246, 95.72 W, 95 %
2025/12/04 20:49:10.346, 95.72 W, 94 %
2025/12/04 20:49:10.447, 95.72 W, 94 %
2025/12/04 20:49:10.547, 95.72 W, 95 %
2025/12/04 20:49:10.647, 95.72 W, 95 %
2025/12/04 20:49:10.747, 95.72 W, 94 %
2025/12/04 20:49:10.847, 95.72 W, 94 %
2025/12/04 20:49:10.947, 95.72 W, 95 %
2025/12/04 20:49:11.048, 95.72 W, 95 %
2025/12/04 20:49:11.148, 95.72 W, 95 %
2025/12/04 20:49:11.248, 95.72 W, 95 %
2025/12/04 20:49:11.348, 95.72 W, 94 %
2025/12/04 20:49:11.448, 95.72 W, 94 %
2025/12/04 20:49:11.548, 95.39 W, 95 %
2025/12/04 20:49:11.649, 95.72 W, 95 %
2025/12/04 20:49:11.749, 95.72 W, 94 %
2025/12/04 20:49:11.849, 95.39 W, 94 %
2025/12/04 20:49:11.949, 95.72 W, 95 %
2025/12/04 20:49:12.049, 95.72 W, 95 %
2025/12/04 20:49:12.149, 95.39 W, 95 %
2025/12/04 20:49:12.250, 95.72 W, 95 %
2025/12/04 20:49:12.350, 95.72 W, 95 %
2025/12/04 20:49:12.450, 95.72 W, 95 %
2025/12/04 20:49:12.550, 95.72 W, 95 %
2025/12/04 20:49:12.650, 95.72 W, 95 %
2025/12/04 20:49:12.750, 95.72 W, 95 %
2025/12/04 20:49:12.851, 95.72 W, 95 %
2025/12/04 20:49:12.951, 95.72 W, 95 %
2025/12/04 20:49:13.051, 95.72 W, 95 %
2025/12/04 20:49:13.151, 95.72 W, 94 %
2025/12/04 20:49:13.251, 95.72 W, 94 %
2025/12/04 20:49:13.351, 95.72 W, 94 %
2025/12/04 20:49:13.451, 95.72 W, 94 %
2025/12/04 20:49:13.552, 95.72 W, 94 %
2025/12/04 20:49:13.652, 95.72 W, 94 %
2025/12/04 20:49:13.752, 95.72 W, 94 %
2025/12/04 20:49:13.852, 95.72 W, 94 %
2025/12/04 20:49:13.952, 95.72 W, 95 %
2025/12/04 20:49:14.052, 95.72 W, 95 %
2025/12/04 20:49:14.153, 95.72 W, 95 %
2025/12/04 20:49:14.253, 95.72 W, 95 %
2025/12/04 20:49:14.353, 95.72 W, 95 %
2025/12/04 20:49:14.453, 95.72 W, 95 %
2025/12/04 20:49:14.553, 95.72 W, 94 %
2025/12/04 20:49:14.653, 95.72 W, 94 %
2025/12/04 20:49:14.754, 95.72 W, 94 %
2025/12/04 20:49:14.854, 95.72 W, 94 %
2025/12/04 20:49:14.954, 95.72 W, 94 %
2025/12/04 20:49:15.054, 95.72 W, 94 %
2025/12/04 20:49:15.154, 95.72 W, 94 %
2025/12/04 20:49:15.254, 95.72 W, 94 %
2025/12/04 20:49:15.355, 95.72 W, 94 %
2025/12/04 20:49:15.455, 95.72 W, 94 %
2025/12/04 20:49:15.555, 95.72 W, 94 %
2025/12/04 20:49:15.655, 95.72 W, 94 %
2025/12/04 20:49:15.755, 95.72 W, 94 %
2025/12/04 20:49:15.855, 95.72 W, 94 %
2025/12/04 20:49:15.956, 95.72 W, 95 %
2025/12/04 20:49:16.056, 95.72 W, 95 %
2025/12/04 20:49:16.156, 95.72 W, 94 %
2025/12/04 20:49:16.256, 95.39 W, 94 %
2025/12/04 20:49:16.356, 95.72 W, 93 %
2025/12/04 20:49:16.456, 95.72 W, 93 %
2025/12/04 20:49:16.557, 95.72 W, 94 %
2025/12/04 20:49:16.657, 95.72 W, 94 %
2025/12/04 20:49:16.757, 95.72 W, 94 %
2025/12/04 20:49:16.857, 95.72 W, 94 %
2025/12/04 20:49:16.957, 95.72 W, 94 %
2025/12/04 20:49:17.057, 95.72 W, 94 %
2025/12/04 20:49:17.158, 95.72 W, 94 %
2025/12/04 20:49:17.258, 95.72 W, 94 %
2025/12/04 20:49:17.358, 95.72 W, 94 %
2025/12/04 20:49:17.458, 95.72 W, 94 %
2025/12/04 20:49:17.558, 95.72 W, 95 %
2025/12/04 20:49:17.658, 95.39 W, 95 %
2025/12/04 20:49:17.759, 95.39 W, 94 %
2025/12/04 20:49:17.859, 95.72 W, 94 %
2025/12/04 20:49:17.959, 95.72 W, 95 %
2025/12/04 20:49:18.059, 95.72 W, 95 %
2025/12/04 20:49:18.159, 95.72 W, 95 %
2025/12/04 20:49:18.259, 95.72 W, 95 %
2025/12/04 20:49:18.360, 95.72 W, 95 %
2025/12/04 20:49:18.460, 95.72 W, 95 %
2025/12/04 20:49:18.560, 95.72 W, 95 %
2025/12/04 20:49:18.660, 95.72 W, 95 %
2025/12/04 20:49:18.760, 95.72 W, 94 %
2025/12/04 20:49:18.860, 95.72 W, 94 %
2025/12/04 20:49:18.961, 95.72 W, 94 %
2025/12/04 20:49:19.061, 95.72 W, 94 %
2025/12/04 20:49:19.161, 95.72 W, 94 %
2025/12/04 20:49:19.261, 95.72 W, 94 %
2025/12/04 20:49:19.361, 95.72 W, 94 %
2025/12/04 20:49:19.461, 95.72 W, 94 %
2025/12/04 20:49:19.562, 95.72 W, 95 %
2025/12/04 20:49:19.662, 95.72 W, 95 %
2025/12/04 20:49:19.762, 95.72 W, 94 %
2025/12/04 20:49:19.862, 95.72 W, 94 %
2025/12/04 20:49:19.962, 95.72 W, 95 %
2025/12/04 20:49:20.062, 95.72 W, 95 %
2025/12/04 20:49:20.162, 95.72 W, 94 %
2025/12/04 20:49:20.263, 95.72 W, 94 %
2025/12/04 20:49:20.363, 95.72 W, 95 %
2025/12/04 20:49:20.463, 95.72 W, 95 %
2025/12/04 20:49:20.563, 95.72 W, 94 %
2025/12/04 20:49:20.663, 95.72 W, 94 %
2025/12/04 20:49:20.763, 95.72 W, 94 %
2025/12/04 20:49:20.864, 95.72 W, 94 %
2025/12/04 20:49:20.964, 95.72 W, 95 %
2025/12/04 20:49:21.064, 95.72 W, 95 %
2025/12/04 20:49:21.164, 95.72 W, 95 %
2025/12/04 20:49:21.264, 95.72 W, 95 %
2025/12/04 20:49:21.364, 95.72 W, 94 %
2025/12/04 20:49:21.465, 95.72 W, 94 %
2025/12/04 20:49:21.565, 95.39 W, 95 %
2025/12/04 20:49:21.665, 95.72 W, 95 %
2025/12/04 20:49:21.765, 95.72 W, 94 %
2025/12/04 20:49:21.865, 95.72 W, 94 %
2025/12/04 20:49:21.965, 95.72 W, 94 %
2025/12/04 20:49:22.066, 95.72 W, 94 %
2025/12/04 20:49:22.166, 95.72 W, 95 %
2025/12/04 20:49:22.266, 95.72 W, 95 %
2025/12/04 20:49:22.366, 95.72 W, 94 %
2025/12/04 20:49:22.466, 95.72 W, 94 %
2025/12/04 20:49:22.566, 95.72 W, 95 %
2025/12/04 20:49:22.667, 95.72 W, 95 %
2025/12/04 20:49:22.767, 95.72 W, 95 %
2025/12/04 20:49:22.867, 95.72 W, 95 %
2025/12/04 20:49:22.967, 95.72 W, 94 %
2025/12/04 20:49:23.067, 95.72 W, 94 %
2025/12/04 20:49:23.167, 95.72 W, 94 %
2025/12/04 20:49:23.268, 95.72 W, 94 %
2025/12/04 20:49:23.368, 95.72 W, 94 %
2025/12/04 20:49:23.468, 95.72 W, 94 %
2025/12/04 20:49:23.568, 95.72 W, 94 %
2025/12/04 20:49:23.668, 95.72 W, 94 %
2025/12/04 20:49:23.768, 95.72 W, 95 %
2025/12/04 20:49:23.869, 95.72 W, 95 %
2025/12/04 20:49:23.969, 95.72 W, 94 %
2025/12/04 20:49:24.069, 95.72 W, 94 %
2025/12/04 20:49:24.169, 95.72 W, 94 %
2025/12/04 20:49:24.269, 95.72 W, 94 %
2025/12/04 20:49:24.369, 95.72 W, 95 %
2025/12/04 20:49:24.470, 95.72 W, 95 %
2025/12/04 20:49:24.570, 95.72 W, 94 %
2025/12/04 20:49:24.670, 95.72 W, 94 %
2025/12/04 20:49:24.770, 95.72 W, 95 %
2025/12/04 20:49:24.870, 95.72 W, 95 %
2025/12/04 20:49:24.970, 95.72 W, 94 %
2025/12/04 20:49:25.071, 95.72 W, 94 %
2025/12/04 20:49:25.171, 95.72 W, 95 %
2025/12/04 20:49:25.271, 95.72 W, 95 %
2025/12/04 20:49:25.371, 95.72 W, 95 %
2025/12/04 20:49:25.471, 95.39 W, 95 %
2025/12/04 20:49:25.571, 95.72 W, 95 %
2025/12/04 20:49:25.672, 95.72 W, 95 %
2025/12/04 20:49:25.772, 95.72 W, 95 %
2025/12/04 20:49:25.872, 95.72 W, 95 %
2025/12/04 20:49:25.972, 95.39 W, 95 %
2025/12/04 20:49:26.072, 95.72 W, 95 %
2025/12/04 20:49:26.172, 95.39 W, 95 %
2025/12/04 20:49:26.272, 95.39 W, 95 %
2025/12/04 20:49:26.373, 95.39 W, 95 %
2025/12/04 20:49:26.473, 95.72 W, 95 %
2025/12/04 20:49:26.573, 95.39 W, 95 %
2025/12/04 20:49:26.673, 95.39 W, 95 %
2025/12/04 20:49:26.773, 95.72 W, 95 %
2025/12/04 20:49:26.873, 95.72 W, 95 %
2025/12/04 20:49:26.974, 95.72 W, 95 %
2025/12/04 20:49:27.074, 95.72 W, 95 %
2025/12/04 20:49:27.174, 95.72 W, 95 %
2025/12/04 20:49:27.274, 95.39 W, 95 %
2025/12/04 20:49:27.374, 95.72 W, 95 %
2025/12/04 20:49:27.474, 95.72 W, 95 %
2025/12/04 20:49:27.575, 95.39 W, 94 %
2025/12/04 20:49:27.675, 95.39 W, 94 %
2025/12/04 20:49:27.775, 95.72 W, 95 %
2025/12/04 20:49:27.878, 95.72 W, 95 %
2025/12/04 20:49:27.978, 95.72 W, 94 %
2025/12/04 20:49:28.079, 95.72 W, 94 %
2025/12/04 20:49:28.179, 95.72 W, 95 %
2025/12/04 20:49:28.279, 95.72 W, 95 %
2025/12/04 20:49:28.379, 95.72 W, 95 %
2025/12/04 20:49:28.479, 95.72 W, 95 %
2025/12/04 20:49:28.579, 95.72 W, 94 %
2025/12/04 20:49:28.680, 95.72 W, 94 %
2025/12/04 20:49:28.780, 95.72 W, 94 %
2025/12/04 20:49:28.880, 95.72 W, 94 %
2025/12/04 20:49:28.980, 95.72 W, 95 %
2025/12/04 20:49:29.080, 95.72 W, 95 %
2025/12/04 20:49:29.180, 95.72 W, 94 %
2025/12/04 20:49:29.281, 95.72 W, 94 %
2025/12/04 20:49:29.381, 95.72 W, 94 %
2025/12/04 20:49:29.481, 95.39 W, 94 %
2025/12/04 20:49:29.581, 95.72 W, 95 %
2025/12/04 20:49:29.681, 95.39 W, 95 %
2025/12/04 20:49:29.781, 95.39 W, 94 %
2025/12/04 20:49:29.882, 95.72 W, 94 %
2025/12/04 20:49:29.982, 95.72 W, 95 %
2025/12/04 20:49:30.082, 95.72 W, 95 %
2025/12/04 20:49:30.182, 95.72 W, 95 %
2025/12/04 20:49:30.282, 95.39 W, 95 %
2025/12/04 20:49:30.382, 95.39 W, 95 %
2025/12/04 20:49:30.483, 95.72 W, 95 %
2025/12/04 20:49:30.583, 95.39 W, 95 %
2025/12/04 20:49:30.683, 95.72 W, 95 %
2025/12/04 20:49:30.783, 95.72 W, 94 %
2025/12/04 20:49:30.883, 95.72 W, 94 %
2025/12/04 20:49:30.983, 95.39 W, 94 %
2025/12/04 20:49:31.083, 95.72 W, 94 %
2025/12/04 20:49:31.184, 95.39 W, 95 %
2025/12/04 20:49:31.284, 95.39 W, 95 %
2025/12/04 20:49:31.384, 95.72 W, 95 %
2025/12/04 20:49:31.484, 95.72 W, 95 %
2025/12/04 20:49:31.584, 95.72 W, 95 %
2025/12/04 20:49:31.684, 95.72 W, 95 %
2025/12/04 20:49:31.785, 95.72 W, 94 %
2025/12/04 20:49:31.885, 95.72 W, 94 %
2025/12/04 20:49:31.985, 95.72 W, 95 %
2025/12/04 20:49:32.085, 95.72 W, 95 %
2025/12/04 20:49:32.185, 95.72 W, 95 %
2025/12/04 20:49:32.285, 95.72 W, 95 %
2025/12/04 20:49:32.386, 95.72 W, 94 %
2025/12/04 20:49:32.486, 95.72 W, 94 %
2025/12/04 20:49:32.586, 95.72 W, 95 %
2025/12/04 20:49:32.686, 95.72 W, 95 %
2025/12/04 20:49:32.786, 95.72 W, 94 %
2025/12/04 20:49:32.886, 95.72 W, 94 %
2025/12/04 20:49:32.987, 95.72 W, 94 %
2025/12/04 20:49:33.087, 95.72 W, 94 %
2025/12/04 20:49:33.187, 95.72 W, 94 %
2025/12/04 20:49:33.287, 95.72 W, 94 %
2025/12/04 20:49:33.387, 95.72 W, 95 %
2025/12/04 20:49:33.487, 95.72 W, 95 %
2025/12/04 20:49:33.588, 95.72 W, 95 %
2025/12/04 20:49:33.688, 95.72 W, 95 %
2025/12/04 20:49:33.788, 95.39 W, 94 %
2025/12/04 20:49:33.888, 95.72 W, 94 %
2025/12/04 20:49:33.988, 95.72 W, 95 %
2025/12/04 20:49:34.088, 95.72 W, 95 %
2025/12/04 20:49:34.189, 95.72 W, 94 %
2025/12/04 20:49:34.289, 95.72 W, 94 %
2025/12/04 20:49:34.389, 95.72 W, 94 %
2025/12/04 20:49:34.489, 95.72 W, 94 %
2025/12/04 20:49:34.589, 95.72 W, 95 %
2025/12/04 20:49:34.689, 95.72 W, 95 %
2025/12/04 20:49:34.790, 95.72 W, 95 %
2025/12/04 20:49:34.890, 95.72 W, 95 %
2025/12/04 20:49:34.990, 95.72 W, 95 %
2025/12/04 20:49:35.090, 95.72 W, 95 %
2025/12/04 20:49:35.190, 95.72 W, 94 %
2025/12/04 20:49:35.290, 95.72 W, 94 %
2025/12/04 20:49:35.391, 95.72 W, 94 %
2025/12/04 20:49:35.491, 95.72 W, 94 %
2025/12/04 20:49:35.591, 95.39 W, 94 %
2025/12/04 20:49:35.691, 95.72 W, 94 %
2025/12/04 20:49:35.791, 95.72 W, 95 %
2025/12/04 20:49:35.891, 95.72 W, 95 %
2025/12/04 20:49:35.992, 95.72 W, 94 %
2025/12/04 20:49:36.092, 95.72 W, 94 %
2025/12/04 20:49:36.192, 95.72 W, 94 %
2025/12/04 20:49:36.292, 95.72 W, 94 %
2025/12/04 20:49:36.392, 95.72 W, 94 %
2025/12/04 20:49:36.492, 95.72 W, 94 %
2025/12/04 20:49:36.593, 95.72 W, 94 %
2025/12/04 20:49:36.693, 95.72 W, 94 %
2025/12/04 20:49:36.793, 95.72 W, 94 %
2025/12/04 20:49:36.893, 95.72 W, 94 %
2025/12/04 20:49:36.993, 95.72 W, 94 %
2025/12/04 20:49:37.093, 95.39 W, 94 %
2025/12/04 20:49:37.193, 95.72 W, 95 %
2025/12/04 20:49:37.294, 95.72 W, 95 %
2025/12/04 20:49:37.394, 95.39 W, 94 %
2025/12/04 20:49:37.494, 95.72 W, 94 %
2025/12/04 20:49:37.594, 95.72 W, 95 %
2025/12/04 20:49:37.694, 95.39 W, 95 %
2025/12/04 20:49:37.794, 95.72 W, 95 %
2025/12/04 20:49:37.895, 95.72 W, 95 %
2025/12/04 20:49:37.995, 95.39 W, 94 %
2025/12/04 20:49:38.095, 95.72 W, 94 %
2025/12/04 20:49:38.195, 95.72 W, 95 %
2025/12/04 20:49:38.295, 95.72 W, 95 %
2025/12/04 20:49:38.395, 95.39 W, 95 %
2025/12/04 20:49:38.496, 95.72 W, 95 %
2025/12/04 20:49:38.596, 95.72 W, 95 %
2025/12/04 20:49:38.696, 95.72 W, 95 %
2025/12/04 20:49:38.796, 95.72 W, 95 %
2025/12/04 20:49:38.896, 95.72 W, 95 %
2025/12/04 20:49:38.996, 95.72 W, 94 %
2025/12/04 20:49:39.097, 95.72 W, 94 %
2025/12/04 20:49:39.197, 95.72 W, 94 %
2025/12/04 20:49:39.297, 95.72 W, 94 %
2025/12/04 20:49:39.397, 95.72 W, 94 %
2025/12/04 20:49:39.497, 95.72 W, 94 %
2025/12/04 20:49:39.597, 95.72 W, 94 %
2025/12/04 20:49:39.698, 95.72 W, 94 %
2025/12/04 20:49:39.798, 95.72 W, 94 %
2025/12/04 20:49:39.898, 95.72 W, 94 %
2025/12/04 20:49:39.998, 95.72 W, 94 %
2025/12/04 20:49:40.098, 95.72 W, 94 %
2025/12/04 20:49:40.198, 95.72 W, 95 %
2025/12/04 20:49:40.299, 95.72 W, 95 %
2025/12/04 20:49:40.399, 95.72 W, 94 %
2025/12/04 20:49:40.499, 95.72 W, 94 %
2025/12/04 20:49:40.599, 95.72 W, 95 %
2025/12/04 20:49:40.699, 95.72 W, 95 %
2025/12/04 20:49:40.799, 95.72 W, 95 %
2025/12/04 20:49:40.899, 95.72 W, 95 %
2025/12/04 20:49:41.000, 95.39 W, 94 %
2025/12/04 20:49:41.100, 95.72 W, 94 %
2025/12/04 20:49:41.200, 95.72 W, 95 %
2025/12/04 20:49:41.300, 95.72 W, 95 %
2025/12/04 20:49:41.400, 95.72 W, 95 %
2025/12/04 20:49:41.500, 95.72 W, 95 %
2025/12/04 20:49:41.601, 95.72 W, 95 %
2025/12/04 20:49:41.701, 95.72 W, 95 %
2025/12/04 20:49:41.801, 95.72 W, 95 %
2025/12/04 20:49:41.901, 95.72 W, 95 %
2025/12/04 20:49:42.001, 95.39 W, 95 %
2025/12/04 20:49:42.101, 95.72 W, 95 %
2025/12/04 20:49:42.202, 95.72 W, 95 %
2025/12/04 20:49:42.302, 95.72 W, 95 %
2025/12/04 20:49:42.402, 95.72 W, 95 %
2025/12/04 20:49:42.502, 95.72 W, 95 %
2025/12/04 20:49:42.602, 95.72 W, 94 %
2025/12/04 20:49:42.702, 95.72 W, 94 %
2025/12/04 20:49:42.803, 95.72 W, 95 %
2025/12/04 20:49:42.903, 95.72 W, 95 %
2025/12/04 20:49:43.003, 95.72 W, 95 %
2025/12/04 20:49:43.103, 95.72 W, 95 %
2025/12/04 20:49:43.203, 95.72 W, 95 %
2025/12/04 20:49:43.303, 95.72 W, 95 %
2025/12/04 20:49:43.404, 95.72 W, 95 %
2025/12/04 20:49:43.504, 95.72 W, 95 %
2025/12/04 20:49:43.604, 95.72 W, 94 %
2025/12/04 20:49:43.704, 95.72 W, 94 %
2025/12/04 20:49:43.804, 95.72 W, 94 %
2025/12/04 20:49:43.904, 95.72 W, 94 %
2025/12/04 20:49:44.005, 95.72 W, 95 %
2025/12/04 20:49:44.105, 95.72 W, 95 %
2025/12/04 20:49:44.205, 95.72 W, 94 %
2025/12/04 20:49:44.305, 95.72 W, 94 %
2025/12/04 20:49:44.405, 95.72 W, 95 %
2025/12/04 20:49:44.505, 95.72 W, 95 %
2025/12/04 20:49:44.606, 95.72 W, 94 %
2025/12/04 20:49:44.706, 95.72 W, 94 %
2025/12/04 20:49:44.806, 95.72 W, 94 %
2025/12/04 20:49:44.906, 95.72 W, 94 %
2025/12/04 20:49:45.006, 95.72 W, 95 %
2025/12/04 20:49:45.106, 95.72 W, 95 %
2025/12/04 20:49:45.207, 95.72 W, 94 %
2025/12/04 20:49:45.307, 95.72 W, 94 %
2025/12/04 20:49:45.407, 95.72 W, 94 %
2025/12/04 20:49:45.507, 95.72 W, 94 %
2025/12/04 20:49:45.607, 95.72 W, 94 %
2025/12/04 20:49:45.707, 95.72 W, 94 %
2025/12/04 20:49:45.808, 95.72 W, 94 %
2025/12/04 20:49:45.908, 95.72 W, 94 %
2025/12/04 20:49:46.008, 95.72 W, 94 %
2025/12/04 20:49:46.108, 95.72 W, 94 %
2025/12/04 20:49:46.208, 95.72 W, 95 %
2025/12/04 20:49:46.308, 95.72 W, 95 %
2025/12/04 20:49:46.408, 95.72 W, 95 %
2025/12/04 20:49:46.509, 95.72 W, 95 %
2025/12/04 20:49:46.609, 95.72 W, 95 %
2025/12/04 20:49:46.709, 95.72 W, 95 %
2025/12/04 20:49:46.809, 95.72 W, 94 %
2025/12/04 20:49:46.909, 95.72 W, 94 %
2025/12/04 20:49:47.009, 95.72 W, 95 %
2025/12/04 20:49:47.110, 95.72 W, 95 %
2025/12/04 20:49:47.210, 95.72 W, 94 %
2025/12/04 20:49:47.310, 95.72 W, 94 %
2025/12/04 20:49:47.410, 95.72 W, 95 %
2025/12/04 20:49:47.510, 95.72 W, 95 %
2025/12/04 20:49:47.610, 95.72 W, 95 %
2025/12/04 20:49:47.711, 95.72 W, 95 %
2025/12/04 20:49:47.811, 95.72 W, 94 %
2025/12/04 20:49:47.911, 95.72 W, 94 %
2025/12/04 20:49:48.011, 95.72 W, 95 %
2025/12/04 20:49:48.111, 95.72 W, 95 %
2025/12/04 20:49:48.211, 95.72 W, 94 %
2025/12/04 20:49:48.312, 95.72 W, 94 %
2025/12/04 20:49:48.412, 95.72 W, 94 %
2025/12/04 20:49:48.512, 95.72 W, 94 %
2025/12/04 20:49:48.612, 95.72 W, 94 %
2025/12/04 20:49:48.712, 95.72 W, 94 %
2025/12/04 20:49:48.812, 95.72 W, 94 %
2025/12/04 20:49:48.913, 95.72 W, 94 %
2025/12/04 20:49:49.013, 95.72 W, 94 %
2025/12/04 20:49:49.113, 95.72 W, 94 %
2025/12/04 20:49:49.213, 95.72 W, 94 %
2025/12/04 20:49:49.313, 95.72 W, 94 %
2025/12/04 20:49:49.413, 95.72 W, 94 %
2025/12/04 20:49:49.514, 95.72 W, 94 %
2025/12/04 20:49:49.614, 95.72 W, 94 %
2025/12/04 20:49:49.714, 95.72 W, 94 %
2025/12/04 20:49:49.814, 95.72 W, 94 %
2025/12/04 20:49:49.914, 95.72 W, 94 %
2025/12/04 20:49:50.014, 95.72 W, 94 %
2025/12/04 20:49:50.114, 95.72 W, 94 %
2025/12/04 20:49:50.215, 95.72 W, 94 %
2025/12/04 20:49:50.315, 95.72 W, 94 %
2025/12/04 20:49:50.415, 95.72 W, 95 %
2025/12/04 20:49:50.515, 95.72 W, 95 %
2025/12/04 20:49:50.615, 95.72 W, 94 %
2025/12/04 20:49:50.715, 95.72 W, 94 %
2025/12/04 20:49:50.816, 95.72 W, 94 %
2025/12/04 20:49:50.916, 95.72 W, 94 %
2025/12/04 20:49:51.016, 95.72 W, 94 %
2025/12/04 20:49:51.116, 95.72 W, 94 %
2025/12/04 20:49:51.216, 95.72 W, 94 %
2025/12/04 20:49:51.316, 95.72 W, 94 %
2025/12/04 20:49:51.417, 95.72 W, 95 %
2025/12/04 20:49:51.517, 95.72 W, 95 %
2025/12/04 20:49:51.617, 95.72 W, 95 %
2025/12/04 20:49:51.717, 95.72 W, 95 %
2025/12/04 20:49:51.817, 95.72 W, 95 %
2025/12/04 20:49:51.917, 95.72 W, 95 %
2025/12/04 20:49:52.018, 95.72 W, 94 %
2025/12/04 20:49:52.118, 95.72 W, 94 %
2025/12/04 20:49:52.218, 95.72 W, 94 %
2025/12/04 20:49:52.318, 95.72 W, 94 %
2025/12/04 20:49:52.418, 95.72 W, 94 %
2025/12/04 20:49:52.518, 95.72 W, 94 %
2025/12/04 20:49:52.619, 95.72 W, 95 %
2025/12/04 20:49:52.719, 95.72 W, 95 %
2025/12/04 20:49:52.819, 95.72 W, 94 %
2025/12/04 20:49:52.919, 95.72 W, 94 %
2025/12/04 20:49:53.019, 95.72 W, 94 %
2025/12/04 20:49:53.119, 95.72 W, 94 %
2025/12/04 20:49:53.220, 95.72 W, 94 %
2025/12/04 20:49:53.320, 95.72 W, 94 %
2025/12/04 20:49:53.420, 95.72 W, 95 %
2025/12/04 20:49:53.520, 95.72 W, 95 %
2025/12/04 20:49:53.620, 95.72 W, 95 %
2025/12/04 20:49:53.720, 95.72 W, 95 %
2025/12/04 20:49:53.821, 95.72 W, 95 %
2025/12/04 20:49:53.921, 95.72 W, 95 %
2025/12/04 20:49:54.021, 95.72 W, 95 %
2025/12/04 20:49:54.121, 95.72 W, 95 %
2025/12/04 20:49:54.221, 95.72 W, 94 %
2025/12/04 20:49:54.321, 95.72 W, 94 %
2025/12/04 20:49:54.422, 95.72 W, 94 %
2025/12/04 20:49:54.522, 95.72 W, 94 %
2025/12/04 20:49:54.622, 95.72 W, 95 %
2025/12/04 20:49:54.722, 95.72 W, 95 %
2025/12/04 20:49:54.822, 95.72 W, 95 %
2025/12/04 20:49:54.922, 95.72 W, 95 %
2025/12/04 20:49:55.022, 95.72 W, 95 %
2025/12/04 20:49:55.123, 95.72 W, 95 %
2025/12/04 20:49:55.223, 95.72 W, 95 %
2025/12/04 20:49:55.323, 95.72 W, 95 %
2025/12/04 20:49:55.423, 95.72 W, 94 %
2025/12/04 20:49:55.523, 95.72 W, 94 %
2025/12/04 20:49:55.623, 95.72 W, 94 %
2025/12/04 20:49:55.724, 95.72 W, 94 %
2025/12/04 20:49:55.824, 95.72 W, 95 %
2025/12/04 20:49:55.924, 95.72 W, 95 %
2025/12/04 20:49:56.024, 95.72 W, 95 %
2025/12/04 20:49:56.124, 95.72 W, 95 %
2025/12/04 20:49:56.224, 95.72 W, 95 %
2025/12/04 20:49:56.325, 95.72 W, 95 %
2025/12/04 20:49:56.425, 95.72 W, 94 %
2025/12/04 20:49:56.525, 95.72 W, 94 %
2025/12/04 20:49:56.625, 95.72 W, 95 %
2025/12/04 20:49:56.725, 95.72 W, 95 %
2025/12/04 20:49:56.825, 95.72 W, 94 %
2025/12/04 20:49:56.926, 95.72 W, 94 %
2025/12/04 20:49:57.026, 95.72 W, 95 %
2025/12/04 20:49:57.126, 95.72 W, 95 %
2025/12/04 20:49:57.226, 95.72 W, 87 %
2025/12/04 20:49:57.326, 95.72 W, 87 %
2025/12/04 20:49:57.426, 95.72 W, 95 %
2025/12/04 20:49:57.527, 95.72 W, 95 %
2025/12/04 20:49:57.627, 95.72 W, 95 %
2025/12/04 20:49:57.727, 95.72 W, 95 %
2025/12/04 20:49:57.827, 95.72 W, 95 %
2025/12/04 20:49:57.927, 95.72 W, 95 %
2025/12/04 20:49:58.027, 95.72 W, 95 %
2025/12/04 20:49:58.127, 95.72 W, 95 %
2025/12/04 20:49:58.228, 95.72 W, 95 %
2025/12/04 20:49:58.328, 95.72 W, 95 %
2025/12/04 20:49:58.428, 95.72 W, 95 %
2025/12/04 20:49:58.528, 95.72 W, 95 %
2025/12/04 20:49:58.628, 95.72 W, 95 %
2025/12/04 20:49:58.728, 95.72 W, 95 %
2025/12/04 20:49:58.829, 95.72 W, 95 %
2025/12/04 20:49:58.929, 95.72 W, 95 %
2025/12/04 20:49:59.029, 95.72 W, 95 %
2025/12/04 20:49:59.129, 95.72 W, 95 %
2025/12/04 20:49:59.229, 95.72 W, 95 %
2025/12/04 20:49:59.329, 95.72 W, 95 %
2025/12/04 20:49:59.430, 95.72 W, 95 %
2025/12/04 20:49:59.530, 95.72 W, 95 %
2025/12/04 20:49:59.630, 95.72 W, 94 %
2025/12/04 20:49:59.730, 95.72 W, 94 %
2025/12/04 20:49:59.830, 95.72 W, 95 %
2025/12/04 20:49:59.930, 95.72 W, 95 %
2025/12/04 20:50:00.031, 95.72 W, 95 %
2025/12/04 20:50:00.131, 95.72 W, 95 %
2025/12/04 20:50:00.231, 95.72 W, 95 %
2025/12/04 20:50:00.331, 95.72 W, 95 %
2025/12/04 20:50:00.431, 95.72 W, 95 %
2025/12/04 20:50:00.531, 95.72 W, 95 %
2025/12/04 20:50:00.631, 95.72 W, 95 %
2025/12/04 20:50:00.732, 95.72 W, 95 %
2025/12/04 20:50:00.832, 95.72 W, 95 %
2025/12/04 20:50:00.932, 95.72 W, 95 %
2025/12/04 20:50:01.032, 95.72 W, 95 %
2025/12/04 20:50:01.132, 95.72 W, 95 %
2025/12/04 20:50:01.233, 95.72 W, 95 %
2025/12/04 20:50:01.333, 95.72 W, 95 %
2025/12/04 20:50:01.433, 95.72 W, 95 %
2025/12/04 20:50:01.533, 95.72 W, 95 %
2025/12/04 20:50:01.633, 95.72 W, 95 %
2025/12/04 20:50:01.733, 95.72 W, 95 %
2025/12/04 20:50:01.834, 95.39 W, 94 %
2025/12/04 20:50:01.934, 95.72 W, 94 %
2025/12/04 20:50:02.034, 95.72 W, 95 %
2025/12/04 20:50:02.134, 95.72 W, 95 %
2025/12/04 20:50:02.234, 95.72 W, 95 %
2025/12/04 20:50:02.334, 95.72 W, 95 %
2025/12/04 20:50:02.434, 95.72 W, 95 %
2025/12/04 20:50:02.535, 95.72 W, 95 %
2025/12/04 20:50:02.635, 95.72 W, 94 %
2025/12/04 20:50:02.735, 95.72 W, 94 %
2025/12/04 20:50:02.835, 95.72 W, 94 %
2025/12/04 20:50:02.935, 95.72 W, 94 %
2025/12/04 20:50:03.035, 95.72 W, 95 %
2025/12/04 20:50:03.136, 95.72 W, 95 %
2025/12/04 20:50:03.236, 95.72 W, 95 %
2025/12/04 20:50:03.336, 95.72 W, 95 %
2025/12/04 20:50:03.436, 95.72 W, 95 %
2025/12/04 20:50:03.536, 95.72 W, 95 %
2025/12/04 20:50:03.636, 95.72 W, 95 %
2025/12/04 20:50:03.737, 95.72 W, 95 %
2025/12/04 20:50:03.837, 95.72 W, 94 %
2025/12/04 20:50:03.937, 95.72 W, 94 %
2025/12/04 20:50:04.037, 95.72 W, 94 %
2025/12/04 20:50:04.137, 95.72 W, 94 %
2025/12/04 20:50:04.237, 95.72 W, 95 %
2025/12/04 20:50:04.338, 95.72 W, 95 %
2025/12/04 20:50:04.438, 95.72 W, 94 %
2025/12/04 20:50:04.538, 95.72 W, 94 %
2025/12/04 20:50:04.638, 95.72 W, 95 %
2025/12/04 20:50:04.738, 95.72 W, 95 %
2025/12/04 20:50:04.838, 95.72 W, 95 %
2025/12/04 20:50:04.939, 95.72 W, 95 %
2025/12/04 20:50:05.039, 95.72 W, 94 %
2025/12/04 20:50:05.139, 95.72 W, 94 %
2025/12/04 20:50:05.239, 95.72 W, 95 %
2025/12/04 20:50:05.339, 95.72 W, 95 %
2025/12/04 20:50:05.439, 95.72 W, 94 %
2025/12/04 20:50:05.539, 95.72 W, 94 %
2025/12/04 20:50:05.640, 95.72 W, 95 %
2025/12/04 20:50:05.740, 95.72 W, 95 %
2025/12/04 20:50:05.840, 95.72 W, 95 %
2025/12/04 20:50:05.940, 95.72 W, 95 %
2025/12/04 20:50:06.040, 95.72 W, 95 %
2025/12/04 20:50:06.140, 95.72 W, 95 %
2025/12/04 20:50:06.241, 95.72 W, 95 %
2025/12/04 20:50:06.341, 95.72 W, 95 %
2025/12/04 20:50:06.441, 95.72 W, 95 %
2025/12/04 20:50:06.541, 95.72 W, 95 %
2025/12/04 20:50:06.641, 95.72 W, 95 %
2025/12/04 20:50:06.741, 95.72 W, 95 %
2025/12/04 20:50:06.842, 95.72 W, 95 %
2025/12/04 20:50:06.942, 95.72 W, 95 %
2025/12/04 20:50:07.042, 95.72 W, 94 %
2025/12/04 20:50:07.142, 95.72 W, 94 %
2025/12/04 20:50:07.242, 95.72 W, 95 %
2025/12/04 20:50:07.342, 94.53 W, 95 %
2025/12/04 20:50:07.443, 95.72 W, 94 %
2025/12/04 20:50:07.543, 95.72 W, 94 %
2025/12/04 20:50:07.643, 95.72 W, 95 %
2025/12/04 20:50:07.743, 95.72 W, 95 %
2025/12/04 20:50:07.843, 95.72 W, 95 %
2025/12/04 20:50:07.943, 95.72 W, 95 %
2025/12/04 20:50:08.044, 95.72 W, 94 %
2025/12/04 20:50:08.144, 95.72 W, 94 %
2025/12/04 20:50:08.244, 95.72 W, 94 %
2025/12/04 20:50:08.344, 95.72 W, 94 %
2025/12/04 20:50:08.444, 95.72 W, 94 %
2025/12/04 20:50:08.544, 95.72 W, 94 %
2025/12/04 20:50:08.644, 95.72 W, 95 %
2025/12/04 20:50:08.745, 95.72 W, 95 %
2025/12/04 20:50:08.845, 95.72 W, 95 %
2025/12/04 20:50:08.945, 95.72 W, 95 %
2025/12/04 20:50:09.045, 95.72 W, 95 %
2025/12/04 20:50:09.145, 95.72 W, 95 %
2025/12/04 20:50:09.245, 95.72 W, 94 %
2025/12/04 20:50:09.346, 95.72 W, 94 %
2025/12/04 20:50:09.446, 95.72 W, 95 %
2025/12/04 20:50:09.546, 95.72 W, 95 %
2025/12/04 20:50:09.646, 95.72 W, 95 %
2025/12/04 20:50:09.746, 95.39 W, 95 %
2025/12/04 20:50:09.846, 95.72 W, 95 %
2025/12/04 20:50:09.947, 95.72 W, 95 %
2025/12/04 20:50:10.047, 95.72 W, 95 %
2025/12/04 20:50:10.147, 95.72 W, 95 %
2025/12/04 20:50:10.247, 95.72 W, 95 %
2025/12/04 20:50:10.347, 95.72 W, 95 %
2025/12/04 20:50:10.447, 95.72 W, 94 %
2025/12/04 20:50:10.548, 95.72 W, 94 %
2025/12/04 20:50:10.648, 95.72 W, 95 %
2025/12/04 20:50:10.748, 95.72 W, 95 %
2025/12/04 20:50:10.848, 95.72 W, 95 %
2025/12/04 20:50:10.948, 95.72 W, 95 %
2025/12/04 20:50:11.048, 95.72 W, 95 %
2025/12/04 20:50:11.149, 95.72 W, 95 %
2025/12/04 20:50:11.249, 95.72 W, 94 %
2025/12/04 20:50:11.349, 95.72 W, 94 %
2025/12/04 20:50:11.449, 95.72 W, 94 %
2025/12/04 20:50:11.549, 95.72 W, 94 %
2025/12/04 20:50:11.649, 95.72 W, 95 %
2025/12/04 20:50:11.750, 95.72 W, 95 %
2025/12/04 20:50:11.850, 95.72 W, 95 %
2025/12/04 20:50:11.950, 95.72 W, 95 %
2025/12/04 20:50:12.050, 95.72 W, 95 %
2025/12/04 20:50:12.150, 95.72 W, 95 %
2025/12/04 20:50:12.250, 95.72 W, 95 %
2025/12/04 20:50:12.350, 95.72 W, 95 %
2025/12/04 20:50:12.451, 95.72 W, 94 %
2025/12/04 20:50:12.551, 95.72 W, 94 %
2025/12/04 20:50:12.651, 95.72 W, 94 %
2025/12/04 20:50:12.751, 95.72 W, 94 %
2025/12/04 20:50:12.851, 95.72 W, 95 %
2025/12/04 20:50:12.951, 95.72 W, 95 %
2025/12/04 20:50:13.052, 95.72 W, 95 %
2025/12/04 20:50:13.152, 95.72 W, 95 %
2025/12/04 20:50:13.252, 95.72 W, 95 %
2025/12/04 20:50:13.352, 95.72 W, 95 %
2025/12/04 20:50:13.452, 95.72 W, 95 %
2025/12/04 20:50:13.552, 95.72 W, 95 %
2025/12/04 20:50:13.653, 95.72 W, 94 %
2025/12/04 20:50:13.753, 95.72 W, 94 %
2025/12/04 20:50:13.853, 95.72 W, 95 %
2025/12/04 20:50:13.953, 95.72 W, 95 %
2025/12/04 20:50:14.053, 95.72 W, 95 %
2025/12/04 20:50:14.153, 95.72 W, 95 %
2025/12/04 20:50:14.254, 95.72 W, 94 %
2025/12/04 20:50:14.354, 95.72 W, 94 %
2025/12/04 20:50:14.454, 95.72 W, 95 %
2025/12/04 20:50:14.554, 95.72 W, 95 %
2025/12/04 20:50:14.654, 95.72 W, 94 %
2025/12/04 20:50:14.754, 95.72 W, 94 %
2025/12/04 20:50:14.855, 95.72 W, 95 %
2025/12/04 20:50:14.955, 95.72 W, 95 %
2025/12/04 20:50:15.055, 95.72 W, 95 %
2025/12/04 20:50:15.155, 95.72 W, 95 %
2025/12/04 20:50:15.255, 95.72 W, 94 %
2025/12/04 20:50:15.355, 95.72 W, 94 %
2025/12/04 20:50:15.456, 95.72 W, 95 %
2025/12/04 20:50:15.556, 95.72 W, 95 %
2025/12/04 20:50:15.656, 95.72 W, 94 %
2025/12/04 20:50:15.756, 95.72 W, 94 %
2025/12/04 20:50:15.856, 95.72 W, 95 %
2025/12/04 20:50:15.956, 95.72 W, 95 %
2025/12/04 20:50:16.057, 95.72 W, 95 %
2025/12/04 20:50:16.157, 95.72 W, 95 %
2025/12/04 20:50:16.257, 95.72 W, 95 %
2025/12/04 20:50:16.357, 95.72 W, 95 %
2025/12/04 20:50:16.457, 95.72 W, 95 %
2025/12/04 20:50:16.557, 95.72 W, 95 %
2025/12/04 20:50:16.657, 95.72 W, 95 %
2025/12/04 20:50:16.758, 95.72 W, 95 %
2025/12/04 20:50:16.858, 95.72 W, 95 %
2025/12/04 20:50:16.958, 95.72 W, 95 %
2025/12/04 20:50:17.058, 95.72 W, 93 %
2025/12/04 20:50:17.158, 95.72 W, 93 %
2025/12/04 20:50:17.258, 95.72 W, 95 %
2025/12/04 20:50:17.359, 95.72 W, 95 %
2025/12/04 20:50:17.459, 95.72 W, 95 %
2025/12/04 20:50:17.559, 87.52 W, 95 %
2025/12/04 20:50:17.659, 95.39 W, 88 %
2025/12/04 20:50:17.759, 95.72 W, 88 %
2025/12/04 20:50:17.859, 95.72 W, 94 %
2025/12/04 20:50:17.960, 95.72 W, 94 %
2025/12/04 20:50:18.060, 95.72 W, 95 %
2025/12/04 20:50:18.160, 95.72 W, 95 %
2025/12/04 20:50:18.260, 95.72 W, 95 %
2025/12/04 20:50:18.360, 95.72 W, 95 %
2025/12/04 20:50:18.460, 95.39 W, 95 %
2025/12/04 20:50:18.561, 95.72 W, 95 %
2025/12/04 20:50:18.661, 95.72 W, 95 %
2025/12/04 20:50:18.761, 95.72 W, 95 %
2025/12/04 20:50:18.861, 95.72 W, 94 %
2025/12/04 20:50:18.961, 95.72 W, 94 %
2025/12/04 20:50:19.061, 95.72 W, 95 %
2025/12/04 20:50:19.161, 95.72 W, 95 %
2025/12/04 20:50:19.262, 95.72 W, 95 %
2025/12/04 20:50:19.362, 95.72 W, 95 %
2025/12/04 20:50:19.462, 95.72 W, 95 %
2025/12/04 20:50:19.562, 95.72 W, 95 %
2025/12/04 20:50:19.662, 95.72 W, 95 %
2025/12/04 20:50:19.762, 95.72 W, 95 %
2025/12/04 20:50:19.863, 95.72 W, 95 %
2025/12/04 20:50:19.963, 95.72 W, 95 %
2025/12/04 20:50:20.063, 95.72 W, 95 %
2025/12/04 20:50:20.163, 95.39 W, 95 %
2025/12/04 20:50:20.263, 95.72 W, 94 %
2025/12/04 20:50:20.363, 95.72 W, 94 %
2025/12/04 20:50:20.463, 95.72 W, 95 %
2025/12/04 20:50:20.564, 95.72 W, 95 %
2025/12/04 20:50:20.664, 95.39 W, 94 %
2025/12/04 20:50:20.764, 95.72 W, 94 %
2025/12/04 20:50:20.864, 95.72 W, 94 %
2025/12/04 20:50:20.964, 95.72 W, 94 %
2025/12/04 20:50:21.064, 95.72 W, 94 %
2025/12/04 20:50:21.164, 95.72 W, 94 %
2025/12/04 20:50:21.265, 95.72 W, 94 %
2025/12/04 20:50:21.365, 95.72 W, 94 %
2025/12/04 20:50:21.465, 95.72 W, 94 %
2025/12/04 20:50:21.565, 95.72 W, 94 %
2025/12/04 20:50:21.665, 95.72 W, 95 %
2025/12/04 20:50:21.765, 95.72 W, 95 %
2025/12/04 20:50:21.866, 95.72 W, 95 %
2025/12/04 20:50:21.966, 95.72 W, 95 %
2025/12/04 20:50:22.066, 95.72 W, 95 %
2025/12/04 20:50:22.166, 95.72 W, 95 %
2025/12/04 20:50:22.266, 95.72 W, 95 %
2025/12/04 20:50:22.366, 95.72 W, 95 %
2025/12/04 20:50:22.467, 95.72 W, 95 %
2025/12/04 20:50:22.567, 95.72 W, 95 %
2025/12/04 20:50:22.667, 95.72 W, 95 %
2025/12/04 20:50:22.767, 95.72 W, 95 %
2025/12/04 20:50:22.867, 95.72 W, 95 %
2025/12/04 20:50:22.967, 95.72 W, 95 %
2025/12/04 20:50:23.068, 95.72 W, 95 %
2025/12/04 20:50:23.168, 95.72 W, 95 %
2025/12/04 20:50:23.268, 95.72 W, 95 %
2025/12/04 20:50:23.368, 95.72 W, 95 %
2025/12/04 20:50:23.468, 95.72 W, 95 %
2025/12/04 20:50:23.568, 95.72 W, 95 %
2025/12/04 20:50:23.669, 95.72 W, 95 %
2025/12/04 20:50:23.769, 95.72 W, 95 %
2025/12/04 20:50:23.869, 95.72 W, 95 %
2025/12/04 20:50:23.969, 95.72 W, 95 %
2025/12/04 20:50:24.069, 95.72 W, 95 %
2025/12/04 20:50:24.169, 95.72 W, 95 %
2025/12/04 20:50:24.270, 95.72 W, 95 %
2025/12/04 20:50:24.370, 95.72 W, 95 %
2025/12/04 20:50:24.470, 95.72 W, 94 %
2025/12/04 20:50:24.570, 95.72 W, 94 %
2025/12/04 20:50:24.670, 95.72 W, 94 %
2025/12/04 20:50:24.770, 95.72 W, 94 %
2025/12/04 20:50:24.870, 95.72 W, 95 %
2025/12/04 20:50:24.971, 95.72 W, 95 %
2025/12/04 20:50:25.071, 95.72 W, 95 %
2025/12/04 20:50:25.171, 95.72 W, 95 %
2025/12/04 20:50:25.271, 95.72 W, 95 %
2025/12/04 20:50:25.371, 95.72 W, 95 %
2025/12/04 20:50:25.471, 95.72 W, 95 %
2025/12/04 20:50:25.572, 95.72 W, 95 %
2025/12/04 20:50:25.672, 95.72 W, 95 %
2025/12/04 20:50:25.772, 95.72 W, 95 %
2025/12/04 20:50:25.872, 95.72 W, 94 %
2025/12/04 20:50:25.972, 95.72 W, 94 %
2025/12/04 20:50:26.072, 95.72 W, 95 %
2025/12/04 20:50:26.173, 95.72 W, 95 %
2025/12/04 20:50:26.273, 95.72 W, 94 %
2025/12/04 20:50:26.373, 95.72 W, 94 %
2025/12/04 20:50:26.473, 95.72 W, 95 %
2025/12/04 20:50:26.573, 95.72 W, 95 %
2025/12/04 20:50:26.673, 95.72 W, 95 %
2025/12/04 20:50:26.774, 95.72 W, 95 %
2025/12/04 20:50:26.874, 95.72 W, 94 %
2025/12/04 20:50:26.974, 95.72 W, 94 %
2025/12/04 20:50:27.074, 95.72 W, 95 %
2025/12/04 20:50:27.174, 95.72 W, 95 %
2025/12/04 20:50:27.274, 95.72 W, 95 %
2025/12/04 20:50:27.375, 95.72 W, 95 %
2025/12/04 20:50:27.475, 95.72 W, 95 %
2025/12/04 20:50:27.575, 95.72 W, 95 %
2025/12/04 20:50:27.675, 95.72 W, 95 %
2025/12/04 20:50:27.775, 95.39 W, 95 %
2025/12/04 20:50:27.875, 95.72 W, 94 %
2025/12/04 20:50:27.976, 95.72 W, 94 %
2025/12/04 20:50:28.076, 95.39 W, 94 %
2025/12/04 20:50:28.176, 95.72 W, 94 %
2025/12/04 20:50:28.276, 95.72 W, 95 %
2025/12/04 20:50:28.376, 95.72 W, 95 %
2025/12/04 20:50:28.476, 95.72 W, 95 %
2025/12/04 20:50:28.576, 95.72 W, 95 %
2025/12/04 20:50:28.677, 95.72 W, 95 %
2025/12/04 20:50:28.777, 95.72 W, 95 %
2025/12/04 20:50:28.877, 95.72 W, 95 %
2025/12/04 20:50:28.977, 95.72 W, 95 %
2025/12/04 20:50:29.077, 95.72 W, 95 %
2025/12/04 20:50:29.177, 95.72 W, 95 %
2025/12/04 20:50:29.278, 95.72 W, 95 %
2025/12/04 20:50:29.378, 95.72 W, 95 %
2025/12/04 20:50:29.478, 95.72 W, 95 %
2025/12/04 20:50:29.578, 95.72 W, 95 %
2025/12/04 20:50:29.678, 95.72 W, 95 %
2025/12/04 20:50:29.778, 95.72 W, 95 %
2025/12/04 20:50:29.879, 95.72 W, 95 %
2025/12/04 20:50:29.979, 95.72 W, 95 %
2025/12/04 20:50:30.079, 95.72 W, 94 %
2025/12/04 20:50:30.179, 95.72 W, 94 %
2025/12/04 20:50:30.279, 95.72 W, 95 %
2025/12/04 20:50:30.379, 95.72 W, 95 %
2025/12/04 20:50:30.480, 95.72 W, 95 %
2025/12/04 20:50:30.580, 95.72 W, 95 %
2025/12/04 20:50:30.680, 95.72 W, 95 %
2025/12/04 20:50:30.780, 95.72 W, 95 %
2025/12/04 20:50:30.880, 95.72 W, 95 %
2025/12/04 20:50:30.980, 95.72 W, 95 %
2025/12/04 20:50:31.081, 95.72 W, 94 %
2025/12/04 20:50:31.181, 95.72 W, 94 %
2025/12/04 20:50:31.281, 95.72 W, 94 %
2025/12/04 20:50:31.381, 95.72 W, 94 %
2025/12/04 20:50:31.481, 95.72 W, 95 %
2025/12/04 20:50:31.581, 95.72 W, 95 %
2025/12/04 20:50:31.681, 95.72 W, 94 %
2025/12/04 20:50:31.782, 95.72 W, 94 %
2025/12/04 20:50:31.882, 95.72 W, 95 %
2025/12/04 20:50:31.982, 95.72 W, 95 %
2025/12/04 20:50:32.082, 95.72 W, 94 %
2025/12/04 20:50:32.182, 95.72 W, 94 %
2025/12/04 20:50:32.282, 95.72 W, 95 %
2025/12/04 20:50:32.383, 95.72 W, 95 %
2025/12/04 20:50:32.483, 95.72 W, 95 %
2025/12/04 20:50:32.583, 95.72 W, 95 %
2025/12/04 20:50:32.683, 95.72 W, 95 %
2025/12/04 20:50:32.783, 95.72 W, 95 %
2025/12/04 20:50:32.883, 95.72 W, 95 %
2025/12/04 20:50:32.984, 95.72 W, 95 %
2025/12/04 20:50:33.084, 95.72 W, 94 %
2025/12/04 20:50:33.184, 95.72 W, 94 %
2025/12/04 20:50:33.284, 95.72 W, 95 %
2025/12/04 20:50:33.384, 95.72 W, 95 %
2025/12/04 20:50:33.484, 95.72 W, 94 %
2025/12/04 20:50:33.584, 95.72 W, 94 %
2025/12/04 20:50:33.685, 95.72 W, 95 %
2025/12/04 20:50:33.785, 95.72 W, 95 %
2025/12/04 20:50:33.885, 95.72 W, 95 %
2025/12/04 20:50:33.985, 95.72 W, 95 %
2025/12/04 20:50:34.085, 95.72 W, 95 %
2025/12/04 20:50:34.185, 95.72 W, 95 %
2025/12/04 20:50:34.286, 95.72 W, 94 %
2025/12/04 20:50:34.386, 95.72 W, 94 %
2025/12/04 20:50:34.486, 95.72 W, 95 %
2025/12/04 20:50:34.586, 95.72 W, 95 %
2025/12/04 20:50:34.686, 95.72 W, 94 %
2025/12/04 20:50:34.786, 95.72 W, 94 %
2025/12/04 20:50:34.887, 95.72 W, 95 %
2025/12/04 20:50:34.987, 95.72 W, 95 %
2025/12/04 20:50:35.087, 95.72 W, 95 %
2025/12/04 20:50:35.187, 95.72 W, 95 %
2025/12/04 20:50:35.287, 95.72 W, 94 %
2025/12/04 20:50:35.387, 95.72 W, 94 %
2025/12/04 20:50:35.488, 95.72 W, 95 %
2025/12/04 20:50:35.588, 95.72 W, 95 %
2025/12/04 20:50:35.688, 95.72 W, 95 %
2025/12/04 20:50:35.788, 95.72 W, 95 %
2025/12/04 20:50:35.888, 95.39 W, 95 %
2025/12/04 20:50:35.988, 95.72 W, 95 %
2025/12/04 20:50:36.089, 95.72 W, 94 %
2025/12/04 20:50:36.189, 95.72 W, 94 %
2025/12/04 20:50:36.289, 95.72 W, 94 %
2025/12/04 20:50:36.389, 95.72 W, 94 %
2025/12/04 20:50:36.489, 95.72 W, 94 %
2025/12/04 20:50:36.589, 95.72 W, 94 %
2025/12/04 20:50:36.689, 95.72 W, 95 %
2025/12/04 20:50:36.790, 95.72 W, 95 %
2025/12/04 20:50:36.890, 95.72 W, 95 %
2025/12/04 20:50:36.990, 95.72 W, 95 %
2025/12/04 20:50:37.090, 95.72 W, 95 %
2025/12/04 20:50:37.190, 95.72 W, 95 %
2025/12/04 20:50:37.290, 95.72 W, 95 %
2025/12/04 20:50:37.391, 95.72 W, 95 %
2025/12/04 20:50:37.491, 95.72 W, 94 %
2025/12/04 20:50:37.591, 95.72 W, 94 %
2025/12/04 20:50:37.691, 95.72 W, 95 %
2025/12/04 20:50:37.791, 95.72 W, 95 %
2025/12/04 20:50:37.891, 95.72 W, 95 %
2025/12/04 20:50:37.992, 95.72 W, 95 %
2025/12/04 20:50:38.092, 95.72 W, 95 %
2025/12/04 20:50:38.192, 95.72 W, 95 %
2025/12/04 20:50:38.292, 95.72 W, 95 %
2025/12/04 20:50:38.392, 95.72 W, 95 %
2025/12/04 20:50:38.492, 95.72 W, 95 %
2025/12/04 20:50:38.593, 95.72 W, 95 %
2025/12/04 20:50:38.693, 95.72 W, 95 %
2025/12/04 20:50:38.793, 95.72 W, 95 %
2025/12/04 20:50:38.893, 95.72 W, 94 %
2025/12/04 20:50:38.993, 95.72 W, 94 %
2025/12/04 20:50:39.093, 95.72 W, 95 %
2025/12/04 20:50:39.194, 95.72 W, 95 %
2025/12/04 20:50:39.294, 95.72 W, 95 %
2025/12/04 20:50:39.394, 95.72 W, 95 %
2025/12/04 20:50:39.494, 95.72 W, 95 %
2025/12/04 20:50:39.594, 95.72 W, 95 %
2025/12/04 20:50:39.694, 95.72 W, 95 %
2025/12/04 20:50:39.795, 95.72 W, 95 %
2025/12/04 20:50:39.895, 95.72 W, 94 %
2025/12/04 20:50:39.995, 95.72 W, 94 %
2025/12/04 20:50:40.095, 95.72 W, 95 %
2025/12/04 20:50:40.195, 95.72 W, 95 %
2025/12/04 20:50:40.295, 95.72 W, 95 %
2025/12/04 20:50:40.395, 95.72 W, 95 %
2025/12/04 20:50:40.496, 95.72 W, 94 %
2025/12/04 20:50:40.596, 95.72 W, 94 %
2025/12/04 20:50:40.696, 95.72 W, 94 %
2025/12/04 20:50:40.796, 95.72 W, 94 %
2025/12/04 20:50:40.896, 95.72 W, 95 %
2025/12/04 20:50:40.996, 95.72 W, 95 %
2025/12/04 20:50:41.097, 95.72 W, 95 %
2025/12/04 20:50:41.197, 95.72 W, 95 %
2025/12/04 20:50:41.297, 95.72 W, 94 %
2025/12/04 20:50:41.397, 95.72 W, 94 %
2025/12/04 20:50:41.497, 95.72 W, 95 %
2025/12/04 20:50:41.597, 95.72 W, 95 %
2025/12/04 20:50:41.698, 95.72 W, 95 %
2025/12/04 20:50:41.798, 95.72 W, 95 %
2025/12/04 20:50:41.898, 95.72 W, 94 %
2025/12/04 20:50:41.998, 95.72 W, 94 %
2025/12/04 20:50:42.098, 95.72 W, 95 %
2025/12/04 20:50:42.198, 95.72 W, 95 %
2025/12/04 20:50:42.299, 95.72 W, 95 %
2025/12/04 20:50:42.399, 95.72 W, 95 %
2025/12/04 20:50:42.499, 95.72 W, 95 %
2025/12/04 20:50:42.599, 95.72 W, 95 %
2025/12/04 20:50:42.699, 95.72 W, 94 %
2025/12/04 20:50:42.799, 95.72 W, 94 %
2025/12/04 20:50:42.900, 95.72 W, 95 %
2025/12/04 20:50:43.000, 95.72 W, 95 %
2025/12/04 20:50:43.100, 95.72 W, 95 %
2025/12/04 20:50:43.200, 95.72 W, 95 %
2025/12/04 20:50:43.300, 95.72 W, 94 %
2025/12/04 20:50:43.400, 95.72 W, 94 %
2025/12/04 20:50:43.500, 95.72 W, 95 %
2025/12/04 20:50:43.601, 95.72 W, 95 %
2025/12/04 20:50:43.701, 95.72 W, 94 %
2025/12/04 20:50:43.801, 95.72 W, 94 %
2025/12/04 20:50:43.901, 95.72 W, 94 %
2025/12/04 20:50:44.001, 95.72 W, 94 %
2025/12/04 20:50:44.101, 95.72 W, 94 %
2025/12/04 20:50:44.202, 95.72 W, 94 %
2025/12/04 20:50:44.302, 95.72 W, 95 %
2025/12/04 20:50:44.402, 95.72 W, 95 %
2025/12/04 20:50:44.502, 95.72 W, 94 %
2025/12/04 20:50:44.602, 95.72 W, 94 %
2025/12/04 20:50:44.702, 95.72 W, 94 %
2025/12/04 20:50:44.803, 95.72 W, 94 %
2025/12/04 20:50:44.903, 95.72 W, 94 %
2025/12/04 20:50:45.003, 95.72 W, 94 %
2025/12/04 20:50:45.103, 95.72 W, 94 %
2025/12/04 20:50:45.203, 95.72 W, 94 %
2025/12/04 20:50:45.303, 95.72 W, 94 %
2025/12/04 20:50:45.404, 95.72 W, 94 %
2025/12/04 20:50:45.504, 95.72 W, 95 %
2025/12/04 20:50:45.604, 95.72 W, 95 %
2025/12/04 20:50:45.704, 95.72 W, 95 %
2025/12/04 20:50:45.804, 95.72 W, 95 %
2025/12/04 20:50:45.904, 95.72 W, 95 %
2025/12/04 20:50:46.005, 95.72 W, 95 %
2025/12/04 20:50:46.105, 95.72 W, 94 %
2025/12/04 20:50:46.205, 95.72 W, 94 %
2025/12/04 20:50:46.305, 95.72 W, 95 %
2025/12/04 20:50:46.405, 95.72 W, 95 %
2025/12/04 20:50:46.505, 95.72 W, 95 %
2025/12/04 20:50:46.605, 95.72 W, 95 %
2025/12/04 20:50:46.706, 95.72 W, 95 %
2025/12/04 20:50:46.806, 95.72 W, 95 %
2025/12/04 20:50:46.906, 95.72 W, 94 %
2025/12/04 20:50:47.006, 95.72 W, 94 %
2025/12/04 20:50:47.106, 95.72 W, 94 %
2025/12/04 20:50:47.206, 95.72 W, 94 %
2025/12/04 20:50:47.307, 95.72 W, 95 %
2025/12/04 20:50:47.407, 95.72 W, 95 %
2025/12/04 20:50:47.507, 95.72 W, 95 %
2025/12/04 20:50:47.607, 95.72 W, 95 %
2025/12/04 20:50:47.707, 95.72 W, 94 %
2025/12/04 20:50:47.807, 95.72 W, 94 %
2025/12/04 20:50:47.908, 95.72 W, 95 %
2025/12/04 20:50:48.008, 95.72 W, 95 %
2025/12/04 20:50:48.108, 95.72 W, 94 %
2025/12/04 20:50:48.208, 95.72 W, 94 %
2025/12/04 20:50:48.308, 95.72 W, 95 %
2025/12/04 20:50:48.408, 95.72 W, 95 %
2025/12/04 20:50:48.509, 95.72 W, 95 %
2025/12/04 20:50:48.609, 95.72 W, 95 %
2025/12/04 20:50:48.709, 95.72 W, 95 %
2025/12/04 20:50:48.809, 95.72 W, 95 %
2025/12/04 20:50:48.909, 95.72 W, 95 %
2025/12/04 20:50:49.009, 95.72 W, 95 %
2025/12/04 20:50:49.110, 95.72 W, 94 %
2025/12/04 20:50:49.210, 95.72 W, 94 %
2025/12/04 20:50:49.310, 95.72 W, 95 %
2025/12/04 20:50:49.410, 95.72 W, 95 %
2025/12/04 20:50:49.510, 95.72 W, 95 %
2025/12/04 20:50:49.610, 95.72 W, 95 %
2025/12/04 20:50:49.711, 95.72 W, 95 %
2025/12/04 20:50:49.811, 95.72 W, 95 %
2025/12/04 20:50:49.911, 95.72 W, 95 %
2025/12/04 20:50:50.011, 95.72 W, 95 %
2025/12/04 20:50:50.111, 95.72 W, 94 %
2025/12/04 20:50:50.211, 95.72 W, 94 %
2025/12/04 20:50:50.312, 95.72 W, 94 %
2025/12/04 20:50:50.412, 95.72 W, 94 %
2025/12/04 20:50:50.512, 95.72 W, 95 %
2025/12/04 20:50:50.612, 95.72 W, 95 %
2025/12/04 20:50:50.712, 95.72 W, 95 %
2025/12/04 20:50:50.812, 95.72 W, 95 %
2025/12/04 20:50:50.913, 95.72 W, 95 %
2025/12/04 20:50:51.013, 95.72 W, 95 %
2025/12/04 20:50:51.113, 95.72 W, 95 %
2025/12/04 20:50:51.213, 95.72 W, 95 %
2025/12/04 20:50:51.313, 95.72 W, 94 %
2025/12/04 20:50:51.413, 95.72 W, 94 %
2025/12/04 20:50:51.513, 95.72 W, 95 %
2025/12/04 20:50:51.614, 95.72 W, 95 %
2025/12/04 20:50:51.714, 95.72 W, 95 %
2025/12/04 20:50:51.814, 95.39 W, 95 %
2025/12/04 20:50:51.914, 95.72 W, 95 %
2025/12/04 20:50:52.014, 95.72 W, 95 %
2025/12/04 20:50:52.114, 95.72 W, 95 %
2025/12/04 20:50:52.215, 95.72 W, 95 %
2025/12/04 20:50:52.315, 95.72 W, 95 %
2025/12/04 20:50:52.415, 95.72 W, 95 %
2025/12/04 20:50:52.515, 95.72 W, 95 %
2025/12/04 20:50:52.615, 95.72 W, 95 %
2025/12/04 20:50:52.715, 95.72 W, 95 %
2025/12/04 20:50:52.816, 95.72 W, 95 %
2025/12/04 20:50:52.916, 95.72 W, 95 %
2025/12/04 20:50:53.016, 95.72 W, 95 %
2025/12/04 20:50:53.116, 95.72 W, 95 %
2025/12/04 20:50:53.216, 95.72 W, 95 %
2025/12/04 20:50:53.316, 95.72 W, 95 %
2025/12/04 20:50:53.417, 95.72 W, 95 %
2025/12/04 20:50:53.517, 95.72 W, 95 %
2025/12/04 20:50:53.617, 95.72 W, 95 %
2025/12/04 20:50:53.717, 95.72 W, 95 %
2025/12/04 20:50:53.817, 95.72 W, 95 %
2025/12/04 20:50:53.917, 95.72 W, 95 %
2025/12/04 20:50:54.018, 95.72 W, 95 %
2025/12/04 20:50:54.118, 95.72 W, 95 %
2025/12/04 20:50:54.218, 95.72 W, 95 %
2025/12/04 20:50:54.318, 95.39 W, 94 %
2025/12/04 20:50:54.418, 95.72 W, 94 %
2025/12/04 20:50:54.518, 95.72 W, 95 %
2025/12/04 20:50:54.618, 95.72 W, 95 %
2025/12/04 20:50:54.719, 95.72 W, 95 %
2025/12/04 20:50:54.819, 95.72 W, 95 %
2025/12/04 20:50:54.919, 95.72 W, 94 %
2025/12/04 20:50:55.019, 95.72 W, 94 %
2025/12/04 20:50:55.119, 95.72 W, 94 %
2025/12/04 20:50:55.219, 95.72 W, 94 %
2025/12/04 20:50:55.320, 95.72 W, 94 %
2025/12/04 20:50:55.420, 95.72 W, 94 %
2025/12/04 20:50:55.520, 95.72 W, 94 %
2025/12/04 20:50:55.620, 95.72 W, 94 %
2025/12/04 20:50:55.720, 95.72 W, 94 %
2025/12/04 20:50:55.820, 95.72 W, 94 %
2025/12/04 20:50:55.921, 95.72 W, 95 %
2025/12/04 20:50:56.021, 95.72 W, 95 %
2025/12/04 20:50:56.121, 95.72 W, 94 %
2025/12/04 20:50:56.221, 95.72 W, 94 %
2025/12/04 20:50:56.321, 95.72 W, 94 %
2025/12/04 20:50:56.421, 95.72 W, 94 %
2025/12/04 20:50:56.522, 95.72 W, 94 %
2025/12/04 20:50:56.622, 95.72 W, 94 %
2025/12/04 20:50:56.722, 95.72 W, 95 %
2025/12/04 20:50:56.822, 95.72 W, 95 %
2025/12/04 20:50:56.922, 95.72 W, 95 %
2025/12/04 20:50:57.022, 95.72 W, 95 %
2025/12/04 20:50:57.123, 95.72 W, 95 %
2025/12/04 20:50:57.223, 95.72 W, 95 %
2025/12/04 20:50:57.323, 95.72 W, 95 %
2025/12/04 20:50:57.423, 95.72 W, 95 %
2025/12/04 20:50:57.523, 95.72 W, 94 %
2025/12/04 20:50:57.623, 95.72 W, 94 %
2025/12/04 20:50:57.724, 95.72 W, 94 %
2025/12/04 20:50:57.824, 95.72 W, 94 %
2025/12/04 20:50:57.924, 95.72 W, 95 %
2025/12/04 20:50:58.024, 95.72 W, 95 %
2025/12/04 20:50:58.124, 95.72 W, 95 %
2025/12/04 20:50:58.224, 95.72 W, 95 %
2025/12/04 20:50:58.325, 95.39 W, 95 %
2025/12/04 20:50:58.425, 95.72 W, 95 %
2025/12/04 20:50:58.525, 95.72 W, 94 %
2025/12/04 20:50:58.625, 95.72 W, 94 %
2025/12/04 20:50:58.725, 95.72 W, 95 %
2025/12/04 20:50:58.825, 95.72 W, 95 %
2025/12/04 20:50:58.925, 95.72 W, 95 %
2025/12/04 20:50:59.026, 95.72 W, 95 %
2025/12/04 20:50:59.126, 95.72 W, 95 %
2025/12/04 20:50:59.226, 95.72 W, 95 %
2025/12/04 20:50:59.326, 95.72 W, 94 %
2025/12/04 20:50:59.426, 95.72 W, 94 %
2025/12/04 20:50:59.526, 95.72 W, 95 %
2025/12/04 20:50:59.627, 95.72 W, 95 %
2025/12/04 20:50:59.727, 95.72 W, 94 %
2025/12/04 20:50:59.827, 95.72 W, 94 %
2025/12/04 20:50:59.927, 95.72 W, 95 %
2025/12/04 20:51:00.027, 95.72 W, 95 %
2025/12/04 20:51:00.127, 95.72 W, 95 %
2025/12/04 20:51:00.228, 95.72 W, 95 %
2025/12/04 20:51:00.328, 95.72 W, 94 %
2025/12/04 20:51:00.428, 95.72 W, 94 %
2025/12/04 20:51:00.528, 95.72 W, 95 %
2025/12/04 20:51:00.628, 95.72 W, 95 %
2025/12/04 20:51:00.728, 95.72 W, 94 %
2025/12/04 20:51:00.829, 95.72 W, 94 %
2025/12/04 20:51:00.929, 95.72 W, 95 %
2025/12/04 20:51:01.029, 95.72 W, 95 %
2025/12/04 20:51:01.129, 95.72 W, 95 %
2025/12/04 20:51:01.229, 95.72 W, 95 %
2025/12/04 20:51:01.329, 95.72 W, 95 %
2025/12/04 20:51:01.430, 95.72 W, 95 %
2025/12/04 20:51:01.530, 95.39 W, 95 %
2025/12/04 20:51:01.630, 95.39 W, 95 %
2025/12/04 20:51:01.730, 95.72 W, 94 %
2025/12/04 20:51:01.830, 95.72 W, 94 %
2025/12/04 20:51:01.930, 95.72 W, 94 %
2025/12/04 20:51:02.031, 95.72 W, 94 %
2025/12/04 20:51:02.131, 95.72 W, 95 %
2025/12/04 20:51:02.231, 95.72 W, 95 %
2025/12/04 20:51:02.331, 95.72 W, 95 %
2025/12/04 20:51:02.431, 95.72 W, 95 %
2025/12/04 20:51:02.531, 95.72 W, 95 %
2025/12/04 20:51:02.631, 95.72 W, 95 %
2025/12/04 20:51:02.732, 95.72 W, 95 %
2025/12/04 20:51:02.832, 95.72 W, 95 %
2025/12/04 20:51:02.932, 95.72 W, 94 %
2025/12/04 20:51:03.032, 95.72 W, 94 %
2025/12/04 20:51:03.132, 95.72 W, 94 %
2025/12/04 20:51:03.232, 95.72 W, 94 %
2025/12/04 20:51:03.333, 95.72 W, 95 %
2025/12/04 20:51:03.433, 95.72 W, 95 %
2025/12/04 20:51:03.533, 95.72 W, 94 %
2025/12/04 20:51:03.633, 95.72 W, 94 %
2025/12/04 20:51:03.733, 95.72 W, 95 %
2025/12/04 20:51:03.833, 95.72 W, 95 %
2025/12/04 20:51:03.934, 95.72 W, 94 %
2025/12/04 20:51:04.034, 95.72 W, 94 %
2025/12/04 20:51:04.134, 95.72 W, 94 %
2025/12/04 20:51:04.234, 95.72 W, 94 %
2025/12/04 20:51:04.334, 95.72 W, 95 %
2025/12/04 20:51:04.434, 95.72 W, 95 %
2025/12/04 20:51:04.535, 95.72 W, 95 %
2025/12/04 20:51:04.635, 95.72 W, 95 %
2025/12/04 20:51:04.735, 95.72 W, 94 %
2025/12/04 20:51:04.835, 95.72 W, 94 %
2025/12/04 20:51:04.935, 95.72 W, 94 %
2025/12/04 20:51:05.035, 95.72 W, 94 %
2025/12/04 20:51:05.136, 95.72 W, 95 %
2025/12/04 20:51:05.236, 95.72 W, 95 %
2025/12/04 20:51:05.336, 95.72 W, 95 %
2025/12/04 20:51:05.436, 95.72 W, 95 %
2025/12/04 20:51:05.536, 95.72 W, 94 %
2025/12/04 20:51:05.636, 95.72 W, 94 %
2025/12/04 20:51:05.736, 95.72 W, 95 %
2025/12/04 20:51:05.837, 95.72 W, 95 %
2025/12/04 20:51:05.937, 95.72 W, 94 %
2025/12/04 20:51:06.037, 95.72 W, 94 %
2025/12/04 20:51:06.137, 95.72 W, 94 %
2025/12/04 20:51:06.237, 95.72 W, 94 %
2025/12/04 20:51:06.337, 95.72 W, 94 %
2025/12/04 20:51:06.438, 95.72 W, 94 %
2025/12/04 20:51:06.538, 95.72 W, 94 %
2025/12/04 20:51:06.638, 95.72 W, 94 %
2025/12/04 20:51:06.738, 95.72 W, 95 %
2025/12/04 20:51:06.838, 95.39 W, 95 %
2025/12/04 20:51:06.938, 95.39 W, 95 %
2025/12/04 20:51:07.039, 95.72 W, 95 %
2025/12/04 20:51:07.139, 95.72 W, 94 %
2025/12/04 20:51:07.239, 95.72 W, 94 %
2025/12/04 20:51:07.339, 95.72 W, 95 %
2025/12/04 20:51:07.439, 95.72 W, 95 %
2025/12/04 20:51:07.539, 95.72 W, 95 %
2025/12/04 20:51:07.640, 95.72 W, 95 %
2025/12/04 20:51:07.740, 95.72 W, 95 %
2025/12/04 20:51:07.840, 95.72 W, 95 %
2025/12/04 20:51:07.940, 95.72 W, 94 %
2025/12/04 20:51:08.040, 95.72 W, 94 %
2025/12/04 20:51:08.140, 95.72 W, 94 %
2025/12/04 20:51:08.241, 95.72 W, 94 %
2025/12/04 20:51:08.341, 95.72 W, 95 %
2025/12/04 20:51:08.441, 95.72 W, 95 %
2025/12/04 20:51:08.541, 95.72 W, 94 %
2025/12/04 20:51:08.641, 95.72 W, 94 %
2025/12/04 20:51:08.741, 95.72 W, 95 %
2025/12/04 20:51:08.842, 95.72 W, 95 %
2025/12/04 20:51:08.942, 95.72 W, 95 %
2025/12/04 20:51:09.042, 95.72 W, 95 %
2025/12/04 20:51:09.142, 95.72 W, 94 %
2025/12/04 20:51:09.242, 95.72 W, 94 %
2025/12/04 20:51:09.342, 95.72 W, 95 %
2025/12/04 20:51:09.442, 95.72 W, 95 %
2025/12/04 20:51:09.543, 95.72 W, 95 %
2025/12/04 20:51:09.643, 95.72 W, 95 %
2025/12/04 20:51:09.743, 95.72 W, 95 %
2025/12/04 20:51:09.843, 95.72 W, 95 %
2025/12/04 20:51:09.943, 95.72 W, 95 %
2025/12/04 20:51:10.043, 95.72 W, 95 %
2025/12/04 20:51:10.144, 95.72 W, 94 %
2025/12/04 20:51:10.244, 95.72 W, 94 %
2025/12/04 20:51:10.344, 95.72 W, 95 %
2025/12/04 20:51:10.444, 95.72 W, 95 %
2025/12/04 20:51:10.544, 95.72 W, 95 %
2025/12/04 20:51:10.644, 95.72 W, 95 %
2025/12/04 20:51:10.745, 95.72 W, 94 %
2025/12/04 20:51:10.845, 95.72 W, 94 %
2025/12/04 20:51:10.945, 95.72 W, 94 %
2025/12/04 20:51:11.045, 95.72 W, 94 %
2025/12/04 20:51:11.145, 95.72 W, 95 %
2025/12/04 20:51:11.245, 95.72 W, 95 %
2025/12/04 20:51:11.346, 95.72 W, 94 %
2025/12/04 20:51:11.446, 95.72 W, 94 %
2025/12/04 20:51:11.546, 95.72 W, 94 %
2025/12/04 20:51:11.646, 95.72 W, 94 %
2025/12/04 20:51:11.746, 95.72 W, 94 %
2025/12/04 20:51:11.846, 95.72 W, 94 %
2025/12/04 20:51:11.947, 95.72 W, 95 %
2025/12/04 20:51:12.047, 95.72 W, 95 %
2025/12/04 20:51:12.147, 95.39 W, 94 %
2025/12/04 20:51:12.247, 95.39 W, 94 %
2025/12/04 20:51:12.347, 95.72 W, 94 %
2025/12/04 20:51:12.447, 95.72 W, 94 %
2025/12/04 20:51:12.547, 95.72 W, 94 %
2025/12/04 20:51:12.648, 95.72 W, 94 %
2025/12/04 20:51:12.748, 95.39 W, 95 %
2025/12/04 20:51:12.848, 95.72 W, 95 %
2025/12/04 20:51:12.948, 95.72 W, 95 %
2025/12/04 20:51:13.048, 95.72 W, 95 %
2025/12/04 20:51:13.148, 95.72 W, 95 %
2025/12/04 20:51:13.249, 95.72 W, 95 %
2025/12/04 20:51:13.349, 95.72 W, 94 %
2025/12/04 20:51:13.449, 95.72 W, 94 %
2025/12/04 20:51:13.549, 95.72 W, 94 %
2025/12/04 20:51:13.649, 95.72 W, 94 %
2025/12/04 20:51:13.749, 95.72 W, 94 %
2025/12/04 20:51:13.850, 95.72 W, 94 %
2025/12/04 20:51:13.950, 95.72 W, 94 %
2025/12/04 20:51:14.050, 95.72 W, 94 %
2025/12/04 20:51:14.150, 95.72 W, 94 %
2025/12/04 20:51:14.250, 95.72 W, 94 %
2025/12/04 20:51:14.350, 95.72 W, 95 %
2025/12/04 20:51:14.451, 95.72 W, 95 %
2025/12/04 20:51:14.551, 95.72 W, 94 %
2025/12/04 20:51:14.651, 95.72 W, 94 %
2025/12/04 20:51:14.751, 95.72 W, 95 %
2025/12/04 20:51:14.851, 95.72 W, 95 %
2025/12/04 20:51:14.951, 95.72 W, 94 %
2025/12/04 20:51:15.052, 95.72 W, 94 %
2025/12/04 20:51:15.152, 95.72 W, 94 %
2025/12/04 20:51:15.252, 95.72 W, 94 %
2025/12/04 20:51:15.352, 95.72 W, 94 %
2025/12/04 20:51:15.452, 95.72 W, 94 %
2025/12/04 20:51:15.552, 95.72 W, 95 %
2025/12/04 20:51:15.652, 95.72 W, 95 %
2025/12/04 20:51:15.753, 95.72 W, 94 %
2025/12/04 20:51:15.853, 95.72 W, 94 %
2025/12/04 20:51:15.953, 95.72 W, 94 %
2025/12/04 20:51:16.053, 95.72 W, 94 %
2025/12/04 20:51:16.153, 95.72 W, 94 %
2025/12/04 20:51:16.253, 95.72 W, 94 %
2025/12/04 20:51:16.354, 95.72 W, 94 %
2025/12/04 20:51:16.454, 95.72 W, 94 %
2025/12/04 20:51:16.554, 95.72 W, 95 %
2025/12/04 20:51:16.654, 95.72 W, 95 %
2025/12/04 20:51:16.754, 95.72 W, 93 %
2025/12/04 20:51:16.854, 95.72 W, 93 %
2025/12/04 20:51:16.955, 95.72 W, 95 %
2025/12/04 20:51:17.055, 95.72 W, 95 %
2025/12/04 20:51:17.155, 95.72 W, 95 %
2025/12/04 20:51:17.255, 95.72 W, 95 %
2025/12/04 20:51:17.355, 95.72 W, 94 %
2025/12/04 20:51:17.455, 95.72 W, 94 %
2025/12/04 20:51:17.556, 95.72 W, 94 %
2025/12/04 20:51:17.656, 95.72 W, 94 %
2025/12/04 20:51:17.756, 95.72 W, 95 %
2025/12/04 20:51:17.856, 95.72 W, 95 %
2025/12/04 20:51:17.956, 95.72 W, 94 %
2025/12/04 20:51:18.056, 95.72 W, 94 %
2025/12/04 20:51:18.157, 95.72 W, 94 %
2025/12/04 20:51:18.257, 95.72 W, 94 %
2025/12/04 20:51:18.357, 95.72 W, 94 %
2025/12/04 20:51:18.457, 95.72 W, 94 %
2025/12/04 20:51:18.557, 95.72 W, 95 %
2025/12/04 20:51:18.657, 95.72 W, 95 %
2025/12/04 20:51:18.758, 95.72 W, 94 %
2025/12/04 20:51:18.858, 95.72 W, 94 %
2025/12/04 20:51:18.958, 95.72 W, 94 %
2025/12/04 20:51:19.058, 95.72 W, 94 %
2025/12/04 20:51:19.158, 95.72 W, 95 %
2025/12/04 20:51:19.258, 95.72 W, 95 %
2025/12/04 20:51:19.359, 95.72 W, 95 %
2025/12/04 20:51:19.459, 95.72 W, 95 %
2025/12/04 20:51:19.559, 95.72 W, 94 %
2025/12/04 20:51:19.659, 95.72 W, 94 %
2025/12/04 20:51:19.759, 95.72 W, 94 %
2025/12/04 20:51:19.859, 95.72 W, 94 %
2025/12/04 20:51:19.959, 95.72 W, 94 %
2025/12/04 20:51:20.060, 95.72 W, 94 %
2025/12/04 20:51:20.160, 95.72 W, 94 %
2025/12/04 20:51:20.260, 95.72 W, 94 %
2025/12/04 20:51:20.360, 95.72 W, 94 %
2025/12/04 20:51:20.460, 95.72 W, 94 %
2025/12/04 20:51:20.560, 95.72 W, 95 %
2025/12/04 20:51:20.660, 95.72 W, 95 %
2025/12/04 20:51:20.760, 95.72 W, 94 %
2025/12/04 20:51:20.861, 95.72 W, 94 %
2025/12/04 20:51:20.961, 95.72 W, 94 %
2025/12/04 20:51:21.061, 95.72 W, 94 %
2025/12/04 20:51:21.161, 95.72 W, 95 %
2025/12/04 20:51:21.261, 95.72 W, 95 %
2025/12/04 20:51:21.361, 95.72 W, 95 %
2025/12/04 20:51:21.461, 95.72 W, 95 %
2025/12/04 20:51:21.562, 95.72 W, 95 %
2025/12/04 20:51:21.662, 95.72 W, 95 %
2025/12/04 20:51:21.762, 95.72 W, 95 %
2025/12/04 20:51:21.862, 95.72 W, 95 %
2025/12/04 20:51:21.962, 95.72 W, 95 %
2025/12/04 20:51:22.062, 95.72 W, 95 %
2025/12/04 20:51:22.163, 95.72 W, 94 %
2025/12/04 20:51:22.263, 95.72 W, 94 %
2025/12/04 20:51:22.363, 95.72 W, 95 %
2025/12/04 20:51:22.463, 95.72 W, 95 %
2025/12/04 20:51:22.563, 95.72 W, 94 %
2025/12/04 20:51:22.663, 95.72 W, 94 %
2025/12/04 20:51:22.764, 95.72 W, 95 %
2025/12/04 20:51:22.864, 95.72 W, 95 %
2025/12/04 20:51:22.964, 95.72 W, 95 %
2025/12/04 20:51:23.064, 95.72 W, 95 %
2025/12/04 20:51:23.164, 95.72 W, 95 %
2025/12/04 20:51:23.264, 95.72 W, 95 %
2025/12/04 20:51:23.364, 95.72 W, 95 %
2025/12/04 20:51:23.465, 95.72 W, 95 %
2025/12/04 20:51:23.565, 95.72 W, 95 %
2025/12/04 20:51:23.665, 95.72 W, 95 %
2025/12/04 20:51:23.765, 95.72 W, 95 %
2025/12/04 20:51:23.865, 95.72 W, 95 %
2025/12/04 20:51:23.965, 95.72 W, 94 %
2025/12/04 20:51:24.066, 95.72 W, 94 %
2025/12/04 20:51:24.166, 95.72 W, 94 %
2025/12/04 20:51:24.266, 95.72 W, 94 %
2025/12/04 20:51:24.366, 95.72 W, 95 %
2025/12/04 20:51:24.466, 95.72 W, 95 %
2025/12/04 20:51:24.566, 95.72 W, 94 %
2025/12/04 20:51:24.667, 95.72 W, 94 %
2025/12/04 20:51:24.767, 95.72 W, 95 %
2025/12/04 20:51:24.867, 95.72 W, 95 %
2025/12/04 20:51:24.967, 95.72 W, 95 %
2025/12/04 20:51:25.067, 95.72 W, 95 %
2025/12/04 20:51:25.167, 95.72 W, 95 %
2025/12/04 20:51:25.268, 95.72 W, 95 %
2025/12/04 20:51:25.368, 95.72 W, 94 %
2025/12/04 20:51:25.468, 95.72 W, 94 %
2025/12/04 20:51:25.568, 95.72 W, 95 %
2025/12/04 20:51:25.668, 95.72 W, 95 %
2025/12/04 20:51:25.768, 95.72 W, 95 %
2025/12/04 20:51:25.869, 95.72 W, 95 %
2025/12/04 20:51:25.969, 95.72 W, 95 %
2025/12/04 20:51:26.069, 95.72 W, 95 %
2025/12/04 20:51:26.169, 95.72 W, 95 %
2025/12/04 20:51:26.269, 95.72 W, 95 %
2025/12/04 20:51:26.369, 95.72 W, 95 %
2025/12/04 20:51:26.469, 95.72 W, 95 %
2025/12/04 20:51:26.570, 95.72 W, 95 %
2025/12/04 20:51:26.670, 95.72 W, 95 %
2025/12/04 20:51:26.770, 95.72 W, 94 %
2025/12/04 20:51:26.870, 95.72 W, 94 %
2025/12/04 20:51:26.970, 95.72 W, 95 %
2025/12/04 20:51:27.070, 95.72 W, 95 %
2025/12/04 20:51:27.171, 95.72 W, 95 %
2025/12/04 20:51:27.271, 95.72 W, 95 %
2025/12/04 20:51:27.371, 95.72 W, 94 %
2025/12/04 20:51:27.471, 95.72 W, 94 %
2025/12/04 20:51:27.571, 95.72 W, 95 %
2025/12/04 20:51:27.671, 95.72 W, 95 %
2025/12/04 20:51:27.772, 95.72 W, 95 %
2025/12/04 20:51:27.872, 95.72 W, 95 %
2025/12/04 20:51:27.972, 95.39 W, 95 %
2025/12/04 20:51:28.072, 95.72 W, 95 %
2025/12/04 20:51:28.172, 95.72 W, 95 %
2025/12/04 20:51:28.272, 95.72 W, 95 %
2025/12/04 20:51:28.372, 95.72 W, 94 %
2025/12/04 20:51:28.473, 95.72 W, 94 %
2025/12/04 20:51:28.573, 95.72 W, 95 %
2025/12/04 20:51:28.673, 95.72 W, 95 %
2025/12/04 20:51:28.773, 95.72 W, 94 %
2025/12/04 20:51:28.873, 95.72 W, 94 %
2025/12/04 20:51:28.973, 95.72 W, 95 %
2025/12/04 20:51:29.074, 95.72 W, 95 %
2025/12/04 20:51:29.174, 95.72 W, 94 %
2025/12/04 20:51:29.274, 95.72 W, 94 %
2025/12/04 20:51:29.374, 95.72 W, 95 %
2025/12/04 20:51:29.474, 95.72 W, 95 %
2025/12/04 20:51:29.574, 95.72 W, 95 %
2025/12/04 20:51:29.675, 95.72 W, 95 %
2025/12/04 20:51:29.775, 95.72 W, 94 %
2025/12/04 20:51:29.875, 95.72 W, 94 %
2025/12/04 20:51:29.975, 95.72 W, 94 %
2025/12/04 20:51:30.075, 95.72 W, 94 %
2025/12/04 20:51:30.175, 95.72 W, 95 %
2025/12/04 20:51:30.276, 95.72 W, 95 %
2025/12/04 20:51:30.376, 95.72 W, 95 %
2025/12/04 20:51:30.476, 95.72 W, 95 %
2025/12/04 20:51:30.576, 95.72 W, 95 %
2025/12/04 20:51:30.676, 95.72 W, 95 %
2025/12/04 20:51:30.776, 95.72 W, 95 %
2025/12/04 20:51:30.877, 95.72 W, 95 %
2025/12/04 20:51:30.977, 95.72 W, 94 %
2025/12/04 20:51:31.077, 95.39 W, 94 %
2025/12/04 20:51:31.177, 95.72 W, 94 %
2025/12/04 20:51:31.277, 95.72 W, 94 %
2025/12/04 20:51:31.377, 95.72 W, 95 %
2025/12/04 20:51:31.477, 95.72 W, 95 %
2025/12/04 20:51:31.578, 95.72 W, 95 %
2025/12/04 20:51:31.678, 95.72 W, 95 %
2025/12/04 20:51:31.778, 95.72 W, 95 %
2025/12/04 20:51:31.878, 95.72 W, 95 %
2025/12/04 20:51:31.978, 95.72 W, 94 %
2025/12/04 20:51:32.078, 95.72 W, 94 %
2025/12/04 20:51:32.179, 95.72 W, 95 %
2025/12/04 20:51:32.279, 95.72 W, 95 %
2025/12/04 20:51:32.379, 95.72 W, 95 %
2025/12/04 20:51:32.479, 95.72 W, 95 %
2025/12/04 20:51:32.579, 95.72 W, 94 %
2025/12/04 20:51:32.679, 95.72 W, 94 %
2025/12/04 20:51:32.779, 95.72 W, 95 %
2025/12/04 20:51:32.880, 95.72 W, 95 %
2025/12/04 20:51:32.980, 95.72 W, 95 %
2025/12/04 20:51:33.080, 95.72 W, 95 %
2025/12/04 20:51:33.180, 95.72 W, 95 %
2025/12/04 20:51:33.280, 95.72 W, 95 %
2025/12/04 20:51:33.380, 95.72 W, 95 %
2025/12/04 20:51:33.481, 95.72 W, 95 %
2025/12/04 20:51:33.581, 95.72 W, 94 %
2025/12/04 20:51:33.681, 95.72 W, 94 %
2025/12/04 20:51:33.781, 95.72 W, 94 %
2025/12/04 20:51:33.881, 95.39 W, 94 %
2025/12/04 20:51:33.981, 95.72 W, 95 %
2025/12/04 20:51:34.082, 95.72 W, 95 %
2025/12/04 20:51:34.182, 95.39 W, 94 %
2025/12/04 20:51:34.282, 95.72 W, 94 %
2025/12/04 20:51:34.382, 95.72 W, 95 %
2025/12/04 20:51:34.482, 95.39 W, 95 %
2025/12/04 20:51:34.582, 95.39 W, 95 %
2025/12/04 20:51:34.682, 95.72 W, 95 %
2025/12/04 20:51:34.783, 95.72 W, 95 %
2025/12/04 20:51:34.883, 95.72 W, 95 %
2025/12/04 20:51:34.983, 95.72 W, 94 %
2025/12/04 20:51:35.083, 95.72 W, 94 %
2025/12/04 20:51:35.183, 95.72 W, 94 %
2025/12/04 20:51:35.283, 95.72 W, 94 %
2025/12/04 20:51:35.384, 95.72 W, 95 %
2025/12/04 20:51:35.484, 95.72 W, 94 %
2025/12/04 20:51:35.584, 95.72 W, 94 %
2025/12/04 20:51:35.684, 95.72 W, 95 %
2025/12/04 20:51:35.784, 95.72 W, 95 %
2025/12/04 20:51:35.884, 95.72 W, 95 %
2025/12/04 20:51:35.985, 95.72 W, 95 %
2025/12/04 20:51:36.085, 95.72 W, 95 %
2025/12/04 20:51:36.185, 95.72 W, 95 %
2025/12/04 20:51:36.285, 95.72 W, 94 %
2025/12/04 20:51:36.385, 95.72 W, 94 %
2025/12/04 20:51:36.485, 95.72 W, 95 %
2025/12/04 20:51:36.585, 95.72 W, 95 %
2025/12/04 20:51:36.686, 95.72 W, 95 %
2025/12/04 20:51:36.786, 95.72 W, 95 %
2025/12/04 20:51:36.886, 95.72 W, 95 %
2025/12/04 20:51:36.986, 95.72 W, 95 %
2025/12/04 20:51:37.086, 95.72 W, 95 %
2025/12/04 20:51:37.186, 95.39 W, 95 %
2025/12/04 20:51:37.287, 95.72 W, 94 %
2025/12/04 20:51:37.387, 95.72 W, 94 %
2025/12/04 20:51:37.487, 95.72 W, 95 %
2025/12/04 20:51:37.587, 95.72 W, 95 %
2025/12/04 20:51:37.687, 95.72 W, 95 %
2025/12/04 20:51:37.787, 95.72 W, 95 %
2025/12/04 20:51:37.888, 95.72 W, 95 %
2025/12/04 20:51:37.988, 95.72 W, 95 %
2025/12/04 20:51:38.088, 95.72 W, 95 %
2025/12/04 20:51:38.188, 95.72 W, 95 %
2025/12/04 20:51:38.288, 95.72 W, 95 %
2025/12/04 20:51:38.388, 95.72 W, 95 %
2025/12/04 20:51:38.489, 95.72 W, 94 %
2025/12/04 20:51:38.589, 95.72 W, 94 %
2025/12/04 20:51:38.689, 95.72 W, 95 %
2025/12/04 20:51:38.789, 95.72 W, 95 %
2025/12/04 20:51:38.889, 95.72 W, 95 %
2025/12/04 20:51:38.989, 95.72 W, 95 %
2025/12/04 20:51:39.090, 95.72 W, 95 %
2025/12/04 20:51:39.190, 95.72 W, 95 %
2025/12/04 20:51:39.290, 95.72 W, 95 %
2025/12/04 20:51:39.390, 95.72 W, 95 %
2025/12/04 20:51:39.490, 95.72 W, 94 %
2025/12/04 20:51:39.590, 95.72 W, 94 %
2025/12/04 20:51:39.690, 95.39 W, 95 %
2025/12/04 20:51:39.791, 95.72 W, 95 %
2025/12/04 20:51:39.891, 95.72 W, 95 %
2025/12/04 20:51:39.991, 95.72 W, 95 %
2025/12/04 20:51:40.091, 95.72 W, 95 %
2025/12/04 20:51:40.191, 95.72 W, 95 %
2025/12/04 20:51:40.291, 95.72 W, 95 %
2025/12/04 20:51:40.392, 95.72 W, 95 %
2025/12/04 20:51:40.492, 95.72 W, 94 %
2025/12/04 20:51:40.592, 95.72 W, 94 %
2025/12/04 20:51:40.692, 95.72 W, 95 %
2025/12/04 20:51:40.792, 95.72 W, 95 %
2025/12/04 20:51:40.892, 95.72 W, 95 %
2025/12/04 20:51:40.993, 95.72 W, 95 %
2025/12/04 20:51:41.093, 95.72 W, 95 %
2025/12/04 20:51:41.193, 95.72 W, 95 %
2025/12/04 20:51:41.293, 95.72 W, 94 %
2025/12/04 20:51:41.393, 95.72 W, 94 %
2025/12/04 20:51:41.493, 95.72 W, 95 %
2025/12/04 20:51:41.593, 95.39 W, 95 %
2025/12/04 20:51:41.694, 95.72 W, 94 %
2025/12/04 20:51:41.794, 95.72 W, 94 %
2025/12/04 20:51:41.894, 95.72 W, 95 %
2025/12/04 20:51:41.994, 95.72 W, 95 %
2025/12/04 20:51:42.094, 95.72 W, 95 %
2025/12/04 20:51:42.194, 95.72 W, 95 %
2025/12/04 20:51:42.295, 95.72 W, 95 %
2025/12/04 20:51:42.395, 95.72 W, 95 %
2025/12/04 20:51:42.495, 95.39 W, 95 %
2025/12/04 20:51:42.595, 95.72 W, 95 %
2025/12/04 20:51:42.695, 95.72 W, 94 %
2025/12/04 20:51:42.795, 95.39 W, 94 %
2025/12/04 20:51:42.896, 95.72 W, 95 %
2025/12/04 20:51:42.996, 95.72 W, 95 %
2025/12/04 20:51:43.096, 95.72 W, 95 %
2025/12/04 20:51:43.196, 95.72 W, 95 %
2025/12/04 20:51:43.296, 95.72 W, 94 %
2025/12/04 20:51:43.396, 95.72 W, 94 %
2025/12/04 20:51:43.497, 95.72 W, 94 %
2025/12/04 20:51:43.597, 95.72 W, 94 %
2025/12/04 20:51:43.697, 95.72 W, 94 %
2025/12/04 20:51:43.797, 95.72 W, 94 %
2025/12/04 20:51:43.897, 95.72 W, 94 %
2025/12/04 20:51:43.997, 95.72 W, 94 %
2025/12/04 20:51:44.098, 95.72 W, 94 %
2025/12/04 20:51:44.198, 95.72 W, 94 %
2025/12/04 20:51:44.298, 95.72 W, 94 %
2025/12/04 20:51:44.398, 95.72 W, 94 %
2025/12/04 20:51:44.498, 95.72 W, 95 %
2025/12/04 20:51:44.598, 95.72 W, 95 %
2025/12/04 20:51:44.698, 95.72 W, 95 %
2025/12/04 20:51:44.799, 95.72 W, 95 %
2025/12/04 20:51:44.899, 95.72 W, 94 %
2025/12/04 20:51:44.999, 95.72 W, 94 %
2025/12/04 20:51:45.099, 95.72 W, 95 %
2025/12/04 20:51:45.199, 95.72 W, 95 %
2025/12/04 20:51:45.299, 95.72 W, 95 %
2025/12/04 20:51:45.400, 95.72 W, 95 %
2025/12/04 20:51:45.500, 95.72 W, 94 %
2025/12/04 20:51:45.600, 95.72 W, 94 %
2025/12/04 20:51:45.700, 95.72 W, 95 %
2025/12/04 20:51:45.800, 95.72 W, 95 %
2025/12/04 20:51:45.900, 95.72 W, 94 %
2025/12/04 20:51:46.001, 95.72 W, 94 %
2025/12/04 20:51:46.101, 95.72 W, 95 %
2025/12/04 20:51:46.201, 95.72 W, 95 %
2025/12/04 20:51:46.301, 95.72 W, 95 %
2025/12/04 20:51:46.401, 95.72 W, 95 %
2025/12/04 20:51:46.501, 95.72 W, 95 %
2025/12/04 20:51:46.602, 95.72 W, 95 %
2025/12/04 20:51:46.702, 95.72 W, 95 %
2025/12/04 20:51:46.802, 95.72 W, 95 %
2025/12/04 20:51:46.902, 95.39 W, 94 %
2025/12/04 20:51:47.002, 95.72 W, 94 %
2025/12/04 20:51:47.102, 95.72 W, 95 %
2025/12/04 20:51:47.203, 95.72 W, 95 %
2025/12/04 20:51:47.303, 95.72 W, 95 %
2025/12/04 20:51:47.403, 95.72 W, 95 %
2025/12/04 20:51:47.503, 95.72 W, 95 %
2025/12/04 20:51:47.603, 95.72 W, 95 %
2025/12/04 20:51:47.703, 95.72 W, 95 %
2025/12/04 20:51:47.803, 95.72 W, 95 %
2025/12/04 20:51:47.904, 95.72 W, 94 %
2025/12/04 20:51:48.004, 95.72 W, 94 %
2025/12/04 20:51:48.104, 95.72 W, 94 %
2025/12/04 20:51:48.204, 95.72 W, 94 %
2025/12/04 20:51:48.304, 95.72 W, 95 %
2025/12/04 20:51:48.404, 95.72 W, 95 %
2025/12/04 20:51:48.505, 95.72 W, 94 %
2025/12/04 20:51:48.605, 95.72 W, 94 %
2025/12/04 20:51:48.705, 95.72 W, 95 %
2025/12/04 20:51:48.805, 95.72 W, 95 %
2025/12/04 20:51:48.905, 95.72 W, 94 %
2025/12/04 20:51:49.005, 95.72 W, 94 %
2025/12/04 20:51:49.106, 95.72 W, 94 %
2025/12/04 20:51:49.206, 95.72 W, 94 %
2025/12/04 20:51:49.306, 95.72 W, 95 %
2025/12/04 20:51:49.406, 95.72 W, 95 %
2025/12/04 20:51:49.506, 95.72 W, 95 %
2025/12/04 20:51:49.606, 95.72 W, 95 %
2025/12/04 20:51:49.707, 95.72 W, 95 %
2025/12/04 20:51:49.807, 95.72 W, 95 %
2025/12/04 20:51:49.907, 95.72 W, 94 %
2025/12/04 20:51:50.007, 95.72 W, 94 %
2025/12/04 20:51:50.107, 95.72 W, 94 %
2025/12/04 20:51:50.207, 95.72 W, 94 %
2025/12/04 20:51:50.307, 95.72 W, 95 %
2025/12/04 20:51:50.408, 95.72 W, 95 %
2025/12/04 20:51:50.508, 95.72 W, 95 %
2025/12/04 20:51:50.608, 95.72 W, 95 %
2025/12/04 20:51:50.708, 95.72 W, 95 %
2025/12/04 20:51:50.808, 95.72 W, 95 %
2025/12/04 20:51:50.908, 95.72 W, 95 %
2025/12/04 20:51:51.009, 95.72 W, 95 %
2025/12/04 20:51:51.109, 95.72 W, 94 %
2025/12/04 20:51:51.209, 95.72 W, 94 %
2025/12/04 20:51:51.309, 95.72 W, 94 %
2025/12/04 20:51:51.409, 95.72 W, 94 %
2025/12/04 20:51:51.509, 95.72 W, 95 %
2025/12/04 20:51:51.610, 95.72 W, 95 %
2025/12/04 20:51:51.710, 95.72 W, 95 %
2025/12/04 20:51:51.810, 95.72 W, 95 %
2025/12/04 20:51:51.910, 95.72 W, 95 %
2025/12/04 20:51:52.010, 95.72 W, 95 %
2025/12/04 20:51:52.110, 95.72 W, 94 %
2025/12/04 20:51:52.211, 95.72 W, 94 %
2025/12/04 20:51:52.311, 95.72 W, 94 %
2025/12/04 20:51:52.411, 95.72 W, 94 %
2025/12/04 20:51:52.511, 95.72 W, 94 %
2025/12/04 20:51:52.611, 95.72 W, 94 %
2025/12/04 20:51:52.711, 95.72 W, 94 %
2025/12/04 20:51:52.811, 95.72 W, 94 %
2025/12/04 20:51:52.912, 95.72 W, 95 %
2025/12/04 20:51:53.012, 95.72 W, 95 %
2025/12/04 20:51:53.112, 95.72 W, 94 %
2025/12/04 20:51:53.212, 95.72 W, 94 %
2025/12/04 20:51:53.312, 95.72 W, 94 %
2025/12/04 20:51:53.412, 95.72 W, 94 %
2025/12/04 20:51:53.513, 95.72 W, 95 %
2025/12/04 20:51:53.613, 95.72 W, 95 %
2025/12/04 20:51:53.713, 95.72 W, 94 %
2025/12/04 20:51:53.813, 95.72 W, 94 %
2025/12/04 20:51:53.913, 95.72 W, 95 %
2025/12/04 20:51:54.013, 95.39 W, 95 %
2025/12/04 20:51:54.114, 95.72 W, 95 %
2025/12/04 20:51:54.214, 95.39 W, 95 %
2025/12/04 20:51:54.314, 95.72 W, 94 %
2025/12/04 20:51:54.414, 95.72 W, 94 %
2025/12/04 20:51:54.514, 95.72 W, 94 %
2025/12/04 20:51:54.614, 95.72 W, 94 %
2025/12/04 20:51:54.715, 95.72 W, 94 %
2025/12/04 20:51:54.815, 95.72 W, 94 %
2025/12/04 20:51:54.915, 95.72 W, 94 %
2025/12/04 20:51:55.015, 95.72 W, 94 %
2025/12/04 20:51:55.115, 95.72 W, 94 %
2025/12/04 20:51:55.215, 95.72 W, 94 %
2025/12/04 20:51:55.315, 95.72 W, 94 %
2025/12/04 20:51:55.416, 95.72 W, 94 %
2025/12/04 20:51:55.516, 95.72 W, 94 %
2025/12/04 20:51:55.616, 95.72 W, 94 %
2025/12/04 20:51:55.716, 95.72 W, 94 %
2025/12/04 20:51:55.816, 95.72 W, 94 %
2025/12/04 20:51:55.916, 95.72 W, 94 %
2025/12/04 20:51:56.017, 95.72 W, 94 %
2025/12/04 20:51:56.117, 95.72 W, 94 %
2025/12/04 20:51:56.217, 95.72 W, 94 %
2025/12/04 20:51:56.317, 95.72 W, 94 %
2025/12/04 20:51:56.417, 95.72 W, 94 %
2025/12/04 20:51:56.517, 95.72 W, 94 %
2025/12/04 20:51:56.618, 95.72 W, 94 %
2025/12/04 20:51:56.718, 95.72 W, 95 %
2025/12/04 20:51:56.818, 95.72 W, 95 %
2025/12/04 20:51:56.918, 95.39 W, 95 %
2025/12/04 20:51:57.018, 95.72 W, 95 %
2025/12/04 20:51:57.118, 95.72 W, 94 %
2025/12/04 20:51:57.219, 95.72 W, 94 %
2025/12/04 20:51:57.319, 95.72 W, 94 %
2025/12/04 20:51:57.419, 95.72 W, 94 %
2025/12/04 20:51:57.519, 95.72 W, 94 %
2025/12/04 20:51:57.619, 95.72 W, 94 %
2025/12/04 20:51:57.719, 95.72 W, 94 %
2025/12/04 20:51:57.820, 95.72 W, 94 %
2025/12/04 20:51:57.920, 95.72 W, 95 %
2025/12/04 20:51:58.020, 95.72 W, 95 %
2025/12/04 20:51:58.120, 95.72 W, 95 %
2025/12/04 20:51:58.220, 95.72 W, 95 %
2025/12/04 20:51:58.320, 95.72 W, 95 %
2025/12/04 20:51:58.420, 95.72 W, 95 %
2025/12/04 20:51:58.521, 95.72 W, 94 %
2025/12/04 20:51:58.621, 95.72 W, 94 %
2025/12/04 20:51:58.721, 95.72 W, 94 %
2025/12/04 20:51:58.821, 95.72 W, 94 %
2025/12/04 20:51:58.921, 95.72 W, 95 %
2025/12/04 20:51:59.021, 95.72 W, 95 %
2025/12/04 20:51:59.122, 95.72 W, 95 %
2025/12/04 20:51:59.222, 95.72 W, 95 %
2025/12/04 20:51:59.322, 95.72 W, 95 %
2025/12/04 20:51:59.422, 95.72 W, 95 %
2025/12/04 20:51:59.522, 95.72 W, 94 %
2025/12/04 20:51:59.622, 95.72 W, 94 %
2025/12/04 20:51:59.723, 95.72 W, 94 %
2025/12/04 20:51:59.823, 95.72 W, 94 %
2025/12/04 20:51:59.923, 95.72 W, 94 %
2025/12/04 20:52:00.023, 95.72 W, 94 %
2025/12/04 20:52:00.123, 95.72 W, 94 %
2025/12/04 20:52:00.223, 95.72 W, 94 %
2025/12/04 20:52:00.323, 95.72 W, 95 %
2025/12/04 20:52:00.424, 95.72 W, 95 %
2025/12/04 20:52:00.524, 95.72 W, 95 %
2025/12/04 20:52:00.624, 95.72 W, 95 %
2025/12/04 20:52:00.724, 95.72 W, 95 %
2025/12/04 20:52:00.824, 95.72 W, 95 %
2025/12/04 20:52:00.924, 95.72 W, 94 %
2025/12/04 20:52:01.025, 95.72 W, 94 %
2025/12/04 20:52:01.125, 95.72 W, 95 %
2025/12/04 20:52:01.225, 95.72 W, 95 %
2025/12/04 20:52:01.325, 95.72 W, 94 %
2025/12/04 20:52:01.425, 95.72 W, 94 %
2025/12/04 20:52:01.525, 95.72 W, 95 %
2025/12/04 20:52:01.626, 95.72 W, 95 %
2025/12/04 20:52:01.726, 95.72 W, 94 %
2025/12/04 20:52:01.826, 95.72 W, 94 %
2025/12/04 20:52:01.926, 95.72 W, 94 %
2025/12/04 20:52:02.026, 95.72 W, 94 %
2025/12/04 20:52:02.126, 95.72 W, 95 %
2025/12/04 20:52:02.226, 95.72 W, 95 %
2025/12/04 20:52:02.327, 95.72 W, 95 %
2025/12/04 20:52:02.427, 95.72 W, 95 %
2025/12/04 20:52:02.527, 95.72 W, 95 %
2025/12/04 20:52:02.627, 95.72 W, 95 %
2025/12/04 20:52:02.727, 95.72 W, 94 %
2025/12/04 20:52:02.827, 95.72 W, 94 %
2025/12/04 20:52:02.928, 95.72 W, 94 %
2025/12/04 20:52:03.028, 95.72 W, 94 %
2025/12/04 20:52:03.128, 95.72 W, 94 %
2025/12/04 20:52:03.228, 95.72 W, 94 %
2025/12/04 20:52:03.328, 95.72 W, 94 %
2025/12/04 20:52:03.428, 95.72 W, 94 %
2025/12/04 20:52:03.529, 95.72 W, 95 %
2025/12/04 20:52:03.629, 95.72 W, 95 %
2025/12/04 20:52:03.729, 95.72 W, 95 %
2025/12/04 20:52:03.829, 95.72 W, 95 %
2025/12/04 20:52:03.929, 95.72 W, 95 %
2025/12/04 20:52:04.029, 95.72 W, 95 %
2025/12/04 20:52:04.130, 95.72 W, 94 %
2025/12/04 20:52:04.230, 95.72 W, 94 %
2025/12/04 20:52:04.330, 95.72 W, 95 %
2025/12/04 20:52:04.430, 95.72 W, 95 %
2025/12/04 20:52:04.530, 95.72 W, 94 %
2025/12/04 20:52:04.630, 95.72 W, 94 %
2025/12/04 20:52:04.731, 95.72 W, 94 %
2025/12/04 20:52:04.831, 95.72 W, 94 %
2025/12/04 20:52:04.931, 95.72 W, 94 %
2025/12/04 20:52:05.031, 95.72 W, 94 %
2025/12/04 20:52:05.131, 95.72 W, 94 %
2025/12/04 20:52:05.231, 95.72 W, 94 %
2025/12/04 20:52:05.332, 95.72 W, 95 %
2025/12/04 20:52:05.432, 95.72 W, 95 %
2025/12/04 20:52:05.532, 95.72 W, 95 %
2025/12/04 20:52:05.632, 95.72 W, 95 %
2025/12/04 20:52:05.732, 95.72 W, 94 %
2025/12/04 20:52:05.832, 95.72 W, 94 %
2025/12/04 20:52:05.932, 95.72 W, 95 %
2025/12/04 20:52:06.033, 95.72 W, 95 %
2025/12/04 20:52:06.133, 95.72 W, 94 %
2025/12/04 20:52:06.233, 95.72 W, 94 %
2025/12/04 20:52:06.333, 95.72 W, 94 %
2025/12/04 20:52:06.433, 95.72 W, 94 %
2025/12/04 20:52:06.533, 95.72 W, 95 %
2025/12/04 20:52:06.634, 95.72 W, 95 %
2025/12/04 20:52:06.734, 95.72 W, 94 %
2025/12/04 20:52:06.834, 95.72 W, 94 %
2025/12/04 20:52:06.934, 95.72 W, 95 %
2025/12/04 20:52:07.034, 95.72 W, 95 %
2025/12/04 20:52:07.134, 95.72 W, 95 %
2025/12/04 20:52:07.235, 95.72 W, 95 %
2025/12/04 20:52:07.335, 95.72 W, 94 %
2025/12/04 20:52:07.435, 95.72 W, 94 %
2025/12/04 20:52:07.535, 95.72 W, 94 %
2025/12/04 20:52:07.635, 95.72 W, 94 %
2025/12/04 20:52:07.735, 95.72 W, 95 %
2025/12/04 20:52:07.836, 95.72 W, 95 %
2025/12/04 20:52:07.936, 95.72 W, 95 %
2025/12/04 20:52:08.036, 95.72 W, 95 %
2025/12/04 20:52:08.136, 95.72 W, 94 %
2025/12/04 20:52:08.236, 95.72 W, 94 %
2025/12/04 20:52:08.336, 95.72 W, 94 %
2025/12/04 20:52:08.437, 95.72 W, 94 %
2025/12/04 20:52:08.537, 95.72 W, 94 %
2025/12/04 20:52:08.637, 95.72 W, 94 %
2025/12/04 20:52:08.737, 95.72 W, 94 %
2025/12/04 20:52:08.837, 95.72 W, 94 %
2025/12/04 20:52:08.937, 95.72 W, 95 %
2025/12/04 20:52:09.037, 95.72 W, 95 %
2025/12/04 20:52:09.138, 95.72 W, 95 %
2025/12/04 20:52:09.238, 95.72 W, 95 %
2025/12/04 20:52:09.338, 95.72 W, 95 %
2025/12/04 20:52:09.438, 95.72 W, 95 %
2025/12/04 20:52:09.538, 95.72 W, 95 %
2025/12/04 20:52:09.638, 95.72 W, 95 %
2025/12/04 20:52:09.739, 95.72 W, 95 %
2025/12/04 20:52:09.839, 95.72 W, 95 %
2025/12/04 20:52:09.939, 95.72 W, 95 %
2025/12/04 20:52:10.039, 95.72 W, 95 %
2025/12/04 20:52:10.139, 95.72 W, 94 %
2025/12/04 20:52:10.239, 95.72 W, 94 %
2025/12/04 20:52:10.340, 95.39 W, 94 %
2025/12/04 20:52:10.440, 95.72 W, 94 %
2025/12/04 20:52:10.540, 95.72 W, 94 %
2025/12/04 20:52:10.640, 95.72 W, 94 %
2025/12/04 20:52:10.740, 95.72 W, 94 %
2025/12/04 20:52:10.840, 95.72 W, 94 %
2025/12/04 20:52:10.941, 95.72 W, 95 %
2025/12/04 20:52:11.041, 95.72 W, 95 %
2025/12/04 20:52:11.141, 95.72 W, 95 %
2025/12/04 20:52:11.241, 95.72 W, 95 %
2025/12/04 20:52:11.341, 95.72 W, 95 %
2025/12/04 20:52:11.441, 95.72 W, 95 %
2025/12/04 20:52:11.541, 95.72 W, 94 %
2025/12/04 20:52:11.642, 95.72 W, 94 %
2025/12/04 20:52:11.742, 95.72 W, 95 %
2025/12/04 20:52:11.842, 95.72 W, 95 %
2025/12/04 20:52:11.942, 95.72 W, 95 %
2025/12/04 20:52:12.042, 95.72 W, 95 %
2025/12/04 20:52:12.142, 95.72 W, 95 %
2025/12/04 20:52:12.243, 95.72 W, 95 %
2025/12/04 20:52:12.343, 95.72 W, 95 %
2025/12/04 20:52:12.443, 95.72 W, 95 %
2025/12/04 20:52:12.543, 95.39 W, 95 %
2025/12/04 20:52:12.643, 95.72 W, 95 %
2025/12/04 20:52:12.743, 95.72 W, 94 %
2025/12/04 20:52:12.844, 95.72 W, 94 %
2025/12/04 20:52:12.944, 95.72 W, 95 %
2025/12/04 20:52:13.044, 95.72 W, 95 %
2025/12/04 20:52:13.144, 95.72 W, 95 %
2025/12/04 20:52:13.244, 95.72 W, 95 %
2025/12/04 20:52:13.344, 95.72 W, 95 %
2025/12/04 20:52:13.445, 95.72 W, 95 %
2025/12/04 20:52:13.545, 95.72 W, 95 %
2025/12/04 20:52:13.645, 95.72 W, 95 %
2025/12/04 20:52:13.745, 95.72 W, 95 %
2025/12/04 20:52:13.845, 95.72 W, 95 %
2025/12/04 20:52:13.945, 95.72 W, 95 %
2025/12/04 20:52:14.045, 95.72 W, 95 %
2025/12/04 20:52:14.146, 95.72 W, 95 %
2025/12/04 20:52:14.246, 95.72 W, 95 %
2025/12/04 20:52:14.346, 93.65 W, 95 %
2025/12/04 20:52:14.446, 95.72 W, 95 %
2025/12/04 20:52:14.546, 95.72 W, 84 %
2025/12/04 20:52:14.646, 95.72 W, 84 %
2025/12/04 20:52:14.747, 95.72 W, 94 %
2025/12/04 20:52:14.847, 95.72 W, 94 %
2025/12/04 20:52:14.947, 95.72 W, 95 %
2025/12/04 20:52:15.047, 95.72 W, 95 %
2025/12/04 20:52:15.147, 95.72 W, 95 %
2025/12/04 20:52:15.247, 95.72 W, 95 %
2025/12/04 20:52:15.348, 95.72 W, 95 %
2025/12/04 20:52:15.448, 95.72 W, 95 %
2025/12/04 20:52:15.548, 95.72 W, 95 %
2025/12/04 20:52:15.648, 95.72 W, 95 %
2025/12/04 20:52:15.748, 95.72 W, 94 %
2025/12/04 20:52:15.848, 95.72 W, 94 %
2025/12/04 20:52:15.948, 95.72 W, 94 %
2025/12/04 20:52:16.049, 95.72 W, 94 %
2025/12/04 20:52:16.149, 95.72 W, 95 %
2025/12/04 20:52:16.249, 95.72 W, 95 %
2025/12/04 20:52:16.349, 95.72 W, 95 %
2025/12/04 20:52:16.449, 95.72 W, 95 %
2025/12/04 20:52:16.549, 95.72 W, 95 %
2025/12/04 20:52:16.650, 95.72 W, 95 %
2025/12/04 20:52:16.750, 95.72 W, 95 %
2025/12/04 20:52:16.850, 95.72 W, 95 %
2025/12/04 20:52:16.950, 95.72 W, 95 %
2025/12/04 20:52:17.050, 95.72 W, 95 %
2025/12/04 20:52:17.150, 95.72 W, 95 %
2025/12/04 20:52:17.251, 95.39 W, 95 %
2025/12/04 20:52:17.351, 95.72 W, 93 %
2025/12/04 20:52:17.451, 95.72 W, 93 %
2025/12/04 20:52:17.551, 95.72 W, 95 %
2025/12/04 20:52:17.651, 95.72 W, 95 %
2025/12/04 20:52:17.751, 95.72 W, 95 %
2025/12/04 20:52:17.852, 95.39 W, 95 %
2025/12/04 20:52:17.952, 95.72 W, 94 %
2025/12/04 20:52:18.052, 95.72 W, 94 %
2025/12/04 20:52:18.152, 95.72 W, 95 %
2025/12/04 20:52:18.252, 95.72 W, 95 %
2025/12/04 20:52:18.352, 95.72 W, 95 %
2025/12/04 20:52:18.453, 95.72 W, 95 %
2025/12/04 20:52:18.553, 95.72 W, 95 %
2025/12/04 20:52:18.653, 95.72 W, 95 %
2025/12/04 20:52:18.753, 95.72 W, 94 %
2025/12/04 20:52:18.853, 95.72 W, 94 %
2025/12/04 20:52:18.953, 95.72 W, 95 %
2025/12/04 20:52:19.054, 95.72 W, 95 %
2025/12/04 20:52:19.154, 95.72 W, 94 %
2025/12/04 20:52:19.254, 95.72 W, 94 %
2025/12/04 20:52:19.354, 95.72 W, 94 %
2025/12/04 20:52:19.454, 95.72 W, 94 %
2025/12/04 20:52:19.554, 95.72 W, 95 %
2025/12/04 20:52:19.654, 95.72 W, 95 %
2025/12/04 20:52:19.755, 95.72 W, 94 %
2025/12/04 20:52:19.855, 95.72 W, 94 %
2025/12/04 20:52:19.955, 95.72 W, 95 %
2025/12/04 20:52:20.055, 95.72 W, 95 %
2025/12/04 20:52:20.155, 95.72 W, 95 %
2025/12/04 20:52:20.255, 95.72 W, 95 %
2025/12/04 20:52:20.355, 95.72 W, 94 %
2025/12/04 20:52:20.456, 95.72 W, 94 %
2025/12/04 20:52:20.556, 95.72 W, 94 %
2025/12/04 20:52:20.656, 95.72 W, 94 %
2025/12/04 20:52:20.756, 95.72 W, 94 %
2025/12/04 20:52:20.856, 95.72 W, 94 %
2025/12/04 20:52:20.956, 95.72 W, 94 %
2025/12/04 20:52:21.056, 95.72 W, 94 %
2025/12/04 20:52:21.157, 95.72 W, 95 %
2025/12/04 20:52:21.257, 95.72 W, 95 %
2025/12/04 20:52:21.357, 95.72 W, 95 %
2025/12/04 20:52:21.457, 95.72 W, 95 %
2025/12/04 20:52:21.557, 95.72 W, 94 %
2025/12/04 20:52:21.657, 95.72 W, 94 %
2025/12/04 20:52:21.758, 95.72 W, 94 %
2025/12/04 20:52:21.858, 95.72 W, 94 %
2025/12/04 20:52:21.958, 95.72 W, 94 %
2025/12/04 20:52:22.058, 95.72 W, 94 %
2025/12/04 20:52:22.158, 95.72 W, 95 %
2025/12/04 20:52:22.258, 95.72 W, 95 %
2025/12/04 20:52:22.358, 95.72 W, 94 %
2025/12/04 20:52:22.459, 95.72 W, 94 %
2025/12/04 20:52:22.559, 95.72 W, 94 %
2025/12/04 20:52:22.659, 95.72 W, 94 %
2025/12/04 20:52:22.759, 95.72 W, 95 %
2025/12/04 20:52:22.859, 95.72 W, 95 %
2025/12/04 20:52:22.959, 95.72 W, 95 %
2025/12/04 20:52:23.060, 95.72 W, 95 %
2025/12/04 20:52:23.160, 95.72 W, 94 %
2025/12/04 20:52:23.260, 95.72 W, 94 %
2025/12/04 20:52:23.360, 95.72 W, 94 %
2025/12/04 20:52:23.460, 95.72 W, 94 %
2025/12/04 20:52:23.560, 95.72 W, 94 %
2025/12/04 20:52:23.661, 95.72 W, 94 %
2025/12/04 20:52:23.761, 95.72 W, 95 %
2025/12/04 20:52:23.861, 95.72 W, 95 %
2025/12/04 20:52:23.961, 95.72 W, 95 %
2025/12/04 20:52:24.061, 95.72 W, 95 %
2025/12/04 20:52:24.161, 95.72 W, 95 %
2025/12/04 20:52:24.262, 95.39 W, 95 %
2025/12/04 20:52:24.362, 95.72 W, 95 %
2025/12/04 20:52:24.462, 95.72 W, 95 %
2025/12/04 20:52:24.562, 95.72 W, 94 %
2025/12/04 20:52:24.662, 95.72 W, 94 %
2025/12/04 20:52:24.762, 95.72 W, 95 %
2025/12/04 20:52:24.863, 95.72 W, 95 %
2025/12/04 20:52:24.963, 95.72 W, 94 %
2025/12/04 20:52:25.063, 95.72 W, 94 %
2025/12/04 20:52:25.163, 95.72 W, 95 %
2025/12/04 20:52:25.263, 95.72 W, 95 %
2025/12/04 20:52:25.363, 95.72 W, 95 %
2025/12/04 20:52:25.464, 95.72 W, 95 %
2025/12/04 20:52:25.564, 95.72 W, 94 %
2025/12/04 20:52:25.664, 95.72 W, 94 %
2025/12/04 20:52:25.764, 95.72 W, 94 %
2025/12/04 20:52:25.864, 95.72 W, 94 %
2025/12/04 20:52:25.964, 95.72 W, 94 %
2025/12/04 20:52:26.064, 95.72 W, 94 %
2025/12/04 20:52:26.165, 95.72 W, 95 %
2025/12/04 20:52:26.265, 95.72 W, 95 %
2025/12/04 20:52:26.365, 95.72 W, 94 %
2025/12/04 20:52:26.465, 95.72 W, 94 %
2025/12/04 20:52:26.565, 95.72 W, 94 %
2025/12/04 20:52:26.665, 95.72 W, 94 %
2025/12/04 20:52:26.766, 95.72 W, 94 %
2025/12/04 20:52:26.866, 95.72 W, 94 %
2025/12/04 20:52:26.966, 95.72 W, 95 %
2025/12/04 20:52:27.066, 95.72 W, 95 %
2025/12/04 20:52:27.166, 95.72 W, 95 %
2025/12/04 20:52:27.266, 95.72 W, 95 %
2025/12/04 20:52:27.367, 95.72 W, 94 %
2025/12/04 20:52:27.467, 95.72 W, 94 %
2025/12/04 20:52:27.567, 95.39 W, 95 %
2025/12/04 20:52:27.667, 95.72 W, 95 %
2025/12/04 20:52:27.767, 95.72 W, 95 %
2025/12/04 20:52:27.867, 95.72 W, 95 %
2025/12/04 20:52:27.968, 95.72 W, 95 %
2025/12/04 20:52:28.068, 95.72 W, 95 %
2025/12/04 20:52:28.168, 95.72 W, 95 %
2025/12/04 20:52:28.268, 95.39 W, 95 %
2025/12/04 20:52:28.368, 95.72 W, 95 %
2025/12/04 20:52:28.468, 95.72 W, 95 %
2025/12/04 20:52:28.568, 95.72 W, 95 %
2025/12/04 20:52:28.669, 95.72 W, 95 %
2025/12/04 20:52:28.769, 95.72 W, 94 %
2025/12/04 20:52:28.869, 95.72 W, 94 %
2025/12/04 20:52:28.969, 95.72 W, 94 %
2025/12/04 20:52:29.069, 95.72 W, 94 %
2025/12/04 20:52:29.169, 95.72 W, 95 %
2025/12/04 20:52:29.270, 95.72 W, 95 %
2025/12/04 20:52:29.370, 95.72 W, 95 %
2025/12/04 20:52:29.470, 95.72 W, 95 %
2025/12/04 20:52:29.570, 95.72 W, 95 %
2025/12/04 20:52:29.670, 95.72 W, 95 %
2025/12/04 20:52:29.770, 95.72 W, 94 %
2025/12/04 20:52:29.871, 95.72 W, 94 %
2025/12/04 20:52:29.971, 95.72 W, 95 %
2025/12/04 20:52:30.071, 95.72 W, 95 %
2025/12/04 20:52:30.171, 95.72 W, 95 %
2025/12/04 20:52:30.271, 95.72 W, 95 %
2025/12/04 20:52:30.371, 95.72 W, 94 %
2025/12/04 20:52:30.472, 95.72 W, 94 %
2025/12/04 20:52:30.572, 95.72 W, 95 %
2025/12/04 20:52:30.672, 95.72 W, 95 %
2025/12/04 20:52:30.772, 95.72 W, 94 %
2025/12/04 20:52:30.872, 95.72 W, 94 %
2025/12/04 20:52:30.972, 95.72 W, 94 %
2025/12/04 20:52:31.072, 95.72 W, 94 %
2025/12/04 20:52:31.173, 95.72 W, 94 %
2025/12/04 20:52:31.273, 95.72 W, 94 %
2025/12/04 20:52:31.373, 95.72 W, 95 %
2025/12/04 20:52:31.473, 95.72 W, 95 %
2025/12/04 20:52:31.573, 95.72 W, 95 %
2025/12/04 20:52:31.673, 95.72 W, 95 %
2025/12/04 20:52:31.774, 95.72 W, 94 %
2025/12/04 20:52:31.874, 95.72 W, 94 %
2025/12/04 20:52:31.974, 95.72 W, 94 %
2025/12/04 20:52:32.074, 95.72 W, 94 %
2025/12/04 20:52:32.174, 95.72 W, 95 %
2025/12/04 20:52:32.274, 95.39 W, 95 %
2025/12/04 20:52:32.375, 95.72 W, 95 %
2025/12/04 20:52:32.475, 95.72 W, 95 %
2025/12/04 20:52:32.575, 95.72 W, 95 %
2025/12/04 20:52:32.675, 95.72 W, 95 %
2025/12/04 20:52:32.775, 95.72 W, 95 %
2025/12/04 20:52:32.875, 95.72 W, 95 %
2025/12/04 20:52:32.976, 95.72 W, 95 %
2025/12/04 20:52:33.076, 95.72 W, 95 %
2025/12/04 20:52:33.176, 95.72 W, 94 %
2025/12/04 20:52:33.276, 95.72 W, 94 %
2025/12/04 20:52:33.376, 95.72 W, 95 %
2025/12/04 20:52:33.476, 95.72 W, 95 %
2025/12/04 20:52:33.577, 95.72 W, 94 %
2025/12/04 20:52:33.677, 95.72 W, 94 %
2025/12/04 20:52:33.777, 95.72 W, 94 %
2025/12/04 20:52:33.877, 95.72 W, 94 %
2025/12/04 20:52:33.977, 95.72 W, 94 %
2025/12/04 20:52:34.077, 95.72 W, 94 %
2025/12/04 20:52:34.177, 95.72 W, 95 %
2025/12/04 20:52:34.278, 95.72 W, 95 %
2025/12/04 20:52:34.378, 95.72 W, 95 %
2025/12/04 20:52:34.478, 95.72 W, 95 %
2025/12/04 20:52:34.578, 95.72 W, 94 %
2025/12/04 20:52:34.678, 95.72 W, 94 %
2025/12/04 20:52:34.778, 95.72 W, 95 %
2025/12/04 20:52:34.879, 95.72 W, 95 %
2025/12/04 20:52:34.979, 95.72 W, 95 %
2025/12/04 20:52:35.079, 95.72 W, 95 %
2025/12/04 20:52:35.179, 95.72 W, 94 %
2025/12/04 20:52:35.279, 95.72 W, 94 %
2025/12/04 20:52:35.379, 95.72 W, 95 %
2025/12/04 20:52:35.480, 95.72 W, 95 %
2025/12/04 20:52:35.580, 95.72 W, 95 %
2025/12/04 20:52:35.680, 95.72 W, 95 %
2025/12/04 20:52:35.780, 95.72 W, 95 %
2025/12/04 20:52:35.880, 95.72 W, 95 %
2025/12/04 20:52:35.980, 95.72 W, 95 %
2025/12/04 20:52:36.081, 95.72 W, 95 %
2025/12/04 20:52:36.181, 95.72 W, 94 %
2025/12/04 20:52:36.281, 95.72 W, 94 %
2025/12/04 20:52:36.381, 95.72 W, 94 %
2025/12/04 20:52:36.481, 95.72 W, 94 %
2025/12/04 20:52:36.581, 95.72 W, 95 %
2025/12/04 20:52:36.681, 95.72 W, 95 %
2025/12/04 20:52:36.782, 95.72 W, 95 %
2025/12/04 20:52:36.882, 95.72 W, 95 %
2025/12/04 20:52:36.982, 95.72 W, 95 %
2025/12/04 20:52:37.082, 95.72 W, 95 %
2025/12/04 20:52:37.182, 95.72 W, 94 %
2025/12/04 20:52:37.282, 95.72 W, 94 %
2025/12/04 20:52:37.383, 95.72 W, 95 %
2025/12/04 20:52:37.483, 95.72 W, 95 %
2025/12/04 20:52:37.583, 95.72 W, 95 %
2025/12/04 20:52:37.683, 95.72 W, 95 %
2025/12/04 20:52:37.783, 95.72 W, 95 %
2025/12/04 20:52:37.883, 95.72 W, 95 %
2025/12/04 20:52:37.983, 95.72 W, 95 %
2025/12/04 20:52:38.084, 95.72 W, 95 %
2025/12/04 20:52:38.184, 95.72 W, 95 %
2025/12/04 20:52:38.284, 95.72 W, 95 %
2025/12/04 20:52:38.384, 95.72 W, 94 %
2025/12/04 20:52:38.484, 95.72 W, 94 %
2025/12/04 20:52:38.584, 95.72 W, 95 %
2025/12/04 20:52:38.685, 95.72 W, 95 %
2025/12/04 20:52:38.785, 95.72 W, 95 %
2025/12/04 20:52:38.885, 95.72 W, 95 %
2025/12/04 20:52:38.985, 95.72 W, 94 %
2025/12/04 20:52:39.085, 95.72 W, 94 %
2025/12/04 20:52:39.185, 95.72 W, 95 %
2025/12/04 20:52:39.286, 95.72 W, 95 %
2025/12/04 20:52:39.386, 95.72 W, 94 %
2025/12/04 20:52:39.486, 95.72 W, 94 %
2025/12/04 20:52:39.586, 95.72 W, 95 %
2025/12/04 20:52:39.686, 95.72 W, 95 %
2025/12/04 20:52:39.786, 95.72 W, 95 %
2025/12/04 20:52:39.887, 95.72 W, 95 %
2025/12/04 20:52:39.987, 95.72 W, 95 %
2025/12/04 20:52:40.087, 95.72 W, 95 %
2025/12/04 20:52:40.187, 95.72 W, 95 %
2025/12/04 20:52:40.287, 95.72 W, 95 %
2025/12/04 20:52:40.387, 95.72 W, 94 %
2025/12/04 20:52:40.487, 95.72 W, 94 %
2025/12/04 20:52:40.588, 95.72 W, 95 %
2025/12/04 20:52:40.688, 95.72 W, 95 %
2025/12/04 20:52:40.788, 95.72 W, 95 %
2025/12/04 20:52:40.888, 95.72 W, 95 %
2025/12/04 20:52:40.988, 95.72 W, 95 %
2025/12/04 20:52:41.088, 95.72 W, 95 %
2025/12/04 20:52:41.189, 95.72 W, 95 %
2025/12/04 20:52:41.289, 95.72 W, 95 %
2025/12/04 20:52:41.389, 95.72 W, 94 %
2025/12/04 20:52:41.489, 95.72 W, 94 %
2025/12/04 20:52:41.589, 95.72 W, 94 %
2025/12/04 20:52:41.689, 95.72 W, 94 %
2025/12/04 20:52:41.790, 95.72 W, 95 %
2025/12/04 20:52:41.890, 95.72 W, 95 %
2025/12/04 20:52:41.990, 95.72 W, 94 %
2025/12/04 20:52:42.090, 95.72 W, 94 %
2025/12/04 20:52:42.190, 95.72 W, 95 %
2025/12/04 20:52:42.290, 95.72 W, 95 %
2025/12/04 20:52:42.390, 95.72 W, 95 %
2025/12/04 20:52:42.491, 95.72 W, 95 %
2025/12/04 20:52:42.591, 95.72 W, 94 %
2025/12/04 20:52:42.691, 95.72 W, 94 %
2025/12/04 20:52:42.791, 95.72 W, 95 %
2025/12/04 20:52:42.891, 95.72 W, 95 %
2025/12/04 20:52:42.991, 95.72 W, 94 %
2025/12/04 20:52:43.092, 95.72 W, 94 %
2025/12/04 20:52:43.192, 95.72 W, 95 %
2025/12/04 20:52:43.292, 95.72 W, 95 %
2025/12/04 20:52:43.392, 95.72 W, 94 %
2025/12/04 20:52:43.492, 95.72 W, 94 %
2025/12/04 20:52:43.592, 95.72 W, 94 %
2025/12/04 20:52:43.693, 95.72 W, 94 %
2025/12/04 20:52:43.793, 95.72 W, 95 %
2025/12/04 20:52:43.893, 95.72 W, 95 %
2025/12/04 20:52:43.993, 95.72 W, 94 %
2025/12/04 20:52:44.093, 95.72 W, 94 %
2025/12/04 20:52:44.193, 95.72 W, 95 %
2025/12/04 20:52:44.293, 95.72 W, 95 %
2025/12/04 20:52:44.394, 95.72 W, 95 %
2025/12/04 20:52:44.494, 95.72 W, 95 %
2025/12/04 20:52:44.594, 95.72 W, 94 %
2025/12/04 20:52:44.694, 95.72 W, 94 %
2025/12/04 20:52:44.794, 95.72 W, 94 %
2025/12/04 20:52:44.894, 95.72 W, 94 %
2025/12/04 20:52:44.995, 95.72 W, 94 %
2025/12/04 20:52:45.095, 95.72 W, 94 %
2025/12/04 20:52:45.195, 95.72 W, 95 %
2025/12/04 20:52:45.295, 95.72 W, 95 %
2025/12/04 20:52:45.395, 95.72 W, 95 %
2025/12/04 20:52:45.495, 95.72 W, 95 %
2025/12/04 20:52:45.596, 95.72 W, 95 %
2025/12/04 20:52:45.696, 95.72 W, 95 %
2025/12/04 20:52:45.796, 95.72 W, 94 %
2025/12/04 20:52:45.896, 95.72 W, 94 %
2025/12/04 20:52:45.996, 95.72 W, 95 %
2025/12/04 20:52:46.096, 95.72 W, 95 %
2025/12/04 20:52:46.197, 95.72 W, 94 %
2025/12/04 20:52:46.297, 95.72 W, 94 %
2025/12/04 20:52:46.397, 95.72 W, 94 %
2025/12/04 20:52:46.497, 95.72 W, 94 %
2025/12/04 20:52:46.597, 95.72 W, 94 %
2025/12/04 20:52:46.697, 95.72 W, 94 %
2025/12/04 20:52:46.797, 95.72 W, 94 %
2025/12/04 20:52:46.898, 95.72 W, 94 %
2025/12/04 20:52:46.998, 95.72 W, 94 %
2025/12/04 20:52:47.098, 95.72 W, 94 %
2025/12/04 20:52:47.198, 95.72 W, 94 %
2025/12/04 20:52:47.298, 95.72 W, 94 %
2025/12/04 20:52:47.398, 95.72 W, 95 %
2025/12/04 20:52:47.499, 95.72 W, 95 %
2025/12/04 20:52:47.599, 95.72 W, 94 %
2025/12/04 20:52:47.699, 95.72 W, 94 %
2025/12/04 20:52:47.799, 95.72 W, 94 %
2025/12/04 20:52:47.899, 95.72 W, 94 %
2025/12/04 20:52:47.999, 95.72 W, 94 %
2025/12/04 20:52:48.100, 95.72 W, 94 %
2025/12/04 20:52:48.200, 95.72 W, 95 %
2025/12/04 20:52:48.300, 95.72 W, 95 %
2025/12/04 20:52:48.400, 95.72 W, 95 %
2025/12/04 20:52:48.500, 95.72 W, 95 %
2025/12/04 20:52:48.600, 95.72 W, 94 %
2025/12/04 20:52:48.700, 95.72 W, 94 %
2025/12/04 20:52:48.801, 95.72 W, 94 %
2025/12/04 20:52:48.901, 95.72 W, 94 %
2025/12/04 20:52:49.001, 95.72 W, 95 %
2025/12/04 20:52:49.101, 95.72 W, 95 %
2025/12/04 20:52:49.201, 95.72 W, 95 %
2025/12/04 20:52:49.301, 95.72 W, 95 %
2025/12/04 20:52:49.402, 95.72 W, 95 %
2025/12/04 20:52:49.502, 95.72 W, 95 %
2025/12/04 20:52:49.602, 95.72 W, 94 %
2025/12/04 20:52:49.702, 95.72 W, 94 %
2025/12/04 20:52:49.802, 95.72 W, 95 %
2025/12/04 20:52:49.902, 95.72 W, 95 %
2025/12/04 20:52:50.003, 95.72 W, 94 %
2025/12/04 20:52:50.103, 95.72 W, 94 %
2025/12/04 20:52:50.203, 95.72 W, 94 %
2025/12/04 20:52:50.303, 95.72 W, 94 %
2025/12/04 20:52:50.403, 95.72 W, 95 %
2025/12/04 20:52:50.503, 95.72 W, 95 %
2025/12/04 20:52:50.603, 95.72 W, 94 %
2025/12/04 20:52:50.704, 95.72 W, 94 %
2025/12/04 20:52:50.804, 95.72 W, 95 %
2025/12/04 20:52:50.904, 95.72 W, 95 %
2025/12/04 20:52:51.004, 95.72 W, 94 %
2025/12/04 20:52:51.104, 95.72 W, 94 %
2025/12/04 20:52:51.204, 95.72 W, 95 %
2025/12/04 20:52:51.305, 95.72 W, 95 %
2025/12/04 20:52:51.405, 95.72 W, 95 %
2025/12/04 20:52:51.505, 95.72 W, 95 %
2025/12/04 20:52:51.605, 95.72 W, 95 %
2025/12/04 20:52:51.705, 95.72 W, 95 %
2025/12/04 20:52:51.805, 95.72 W, 95 %
2025/12/04 20:52:51.906, 95.72 W, 95 %
2025/12/04 20:52:52.006, 95.72 W, 94 %
2025/12/04 20:52:52.106, 95.72 W, 94 %
2025/12/04 20:52:52.206, 95.72 W, 95 %
2025/12/04 20:52:52.306, 95.72 W, 95 %
2025/12/04 20:52:52.406, 95.72 W, 95 %
2025/12/04 20:52:52.507, 95.72 W, 95 %
2025/12/04 20:52:52.607, 95.72 W, 95 %
2025/12/04 20:52:52.707, 95.72 W, 95 %
2025/12/04 20:52:52.807, 95.72 W, 95 %
2025/12/04 20:52:52.907, 95.72 W, 95 %
2025/12/04 20:52:53.007, 95.72 W, 95 %
2025/12/04 20:52:53.107, 95.72 W, 95 %
2025/12/04 20:52:53.208, 95.72 W, 95 %
2025/12/04 20:52:53.308, 95.39 W, 95 %
2025/12/04 20:52:53.408, 95.72 W, 94 %
2025/12/04 20:52:53.508, 95.72 W, 94 %
2025/12/04 20:52:53.608, 95.72 W, 95 %
2025/12/04 20:52:53.708, 95.72 W, 95 %
2025/12/04 20:52:53.809, 95.72 W, 95 %
2025/12/04 20:52:53.909, 95.72 W, 95 %
2025/12/04 20:52:54.009, 95.72 W, 95 %
2025/12/04 20:52:54.109, 95.72 W, 95 %
2025/12/04 20:52:54.209, 95.72 W, 94 %
2025/12/04 20:52:54.309, 95.72 W, 94 %
2025/12/04 20:52:54.409, 95.72 W, 95 %
2025/12/04 20:52:54.510, 95.72 W, 95 %
2025/12/04 20:52:54.610, 95.72 W, 95 %
2025/12/04 20:52:54.710, 95.72 W, 95 %
2025/12/04 20:52:54.810, 95.72 W, 94 %
2025/12/04 20:52:54.910, 95.72 W, 94 %
2025/12/04 20:52:55.010, 95.72 W, 94 %
2025/12/04 20:52:55.111, 95.72 W, 94 %
2025/12/04 20:52:55.211, 95.72 W, 94 %
2025/12/04 20:52:55.311, 95.72 W, 94 %
2025/12/04 20:52:55.411, 95.72 W, 94 %
2025/12/04 20:52:55.511, 95.72 W, 94 %
2025/12/04 20:52:55.611, 95.72 W, 95 %
2025/12/04 20:52:55.712, 95.72 W, 95 %
2025/12/04 20:52:55.812, 95.72 W, 94 %
2025/12/04 20:52:55.912, 95.72 W, 94 %
2025/12/04 20:52:56.012, 95.72 W, 95 %
2025/12/04 20:52:56.112, 95.72 W, 95 %
2025/12/04 20:52:56.212, 95.72 W, 94 %
2025/12/04 20:52:56.312, 95.72 W, 94 %
2025/12/04 20:52:56.413, 95.72 W, 94 %
2025/12/04 20:52:56.513, 95.72 W, 94 %
2025/12/04 20:52:56.613, 95.72 W, 95 %
2025/12/04 20:52:56.713, 95.72 W, 95 %
2025/12/04 20:52:56.813, 95.72 W, 95 %
2025/12/04 20:52:56.913, 95.72 W, 95 %
2025/12/04 20:52:57.014, 95.72 W, 95 %
2025/12/04 20:52:57.114, 95.72 W, 95 %
2025/12/04 20:52:57.214, 95.72 W, 94 %
2025/12/04 20:52:57.314, 95.72 W, 94 %
2025/12/04 20:52:57.414, 95.72 W, 94 %
2025/12/04 20:52:57.514, 95.72 W, 94 %
2025/12/04 20:52:57.615, 95.72 W, 94 %
2025/12/04 20:52:57.715, 95.72 W, 94 %
2025/12/04 20:52:57.815, 95.39 W, 95 %
2025/12/04 20:52:57.915, 95.72 W, 95 %
2025/12/04 20:52:58.015, 95.72 W, 95 %
2025/12/04 20:52:58.115, 95.72 W, 95 %
2025/12/04 20:52:58.216, 95.72 W, 94 %
2025/12/04 20:52:58.316, 95.72 W, 94 %
2025/12/04 20:52:58.416, 95.72 W, 94 %
2025/12/04 20:52:58.516, 95.72 W, 94 %
2025/12/04 20:52:58.616, 95.72 W, 94 %
2025/12/04 20:52:58.716, 95.72 W, 94 %
2025/12/04 20:52:58.816, 95.72 W, 95 %
2025/12/04 20:52:58.917, 95.72 W, 95 %
2025/12/04 20:52:59.017, 95.72 W, 95 %
2025/12/04 20:52:59.117, 95.72 W, 95 %
2025/12/04 20:52:59.217, 95.72 W, 95 %
2025/12/04 20:52:59.317, 95.72 W, 95 %
2025/12/04 20:52:59.417, 95.72 W, 94 %
2025/12/04 20:52:59.518, 95.72 W, 94 %
2025/12/04 20:52:59.618, 95.72 W, 94 %
2025/12/04 20:52:59.718, 95.72 W, 94 %
2025/12/04 20:52:59.818, 95.72 W, 95 %
2025/12/04 20:52:59.918, 95.72 W, 95 %
2025/12/04 20:53:00.018, 95.72 W, 95 %
2025/12/04 20:53:00.119, 95.72 W, 95 %
2025/12/04 20:53:00.219, 95.72 W, 95 %
2025/12/04 20:53:00.319, 95.72 W, 95 %
2025/12/04 20:53:00.419, 95.72 W, 95 %
2025/12/04 20:53:00.519, 95.72 W, 95 %
2025/12/04 20:53:00.619, 95.72 W, 94 %
2025/12/04 20:53:00.720, 95.72 W, 94 %
2025/12/04 20:53:00.820, 95.72 W, 94 %
2025/12/04 20:53:00.920, 95.72 W, 94 %
2025/12/04 20:53:01.020, 95.72 W, 95 %
2025/12/04 20:53:01.120, 95.72 W, 95 %
2025/12/04 20:53:01.220, 95.72 W, 95 %
2025/12/04 20:53:01.320, 95.72 W, 95 %
2025/12/04 20:53:01.421, 95.72 W, 95 %
2025/12/04 20:53:01.521, 95.72 W, 95 %
2025/12/04 20:53:01.621, 95.72 W, 95 %
2025/12/04 20:53:01.721, 95.72 W, 95 %
2025/12/04 20:53:01.821, 95.72 W, 95 %
2025/12/04 20:53:01.921, 95.72 W, 95 %
2025/12/04 20:53:02.022, 95.72 W, 95 %
2025/12/04 20:53:02.122, 95.72 W, 95 %
2025/12/04 20:53:02.222, 95.72 W, 95 %
2025/12/04 20:53:02.322, 95.72 W, 95 %
2025/12/04 20:53:02.422, 95.72 W, 95 %
2025/12/04 20:53:02.522, 95.72 W, 95 %
2025/12/04 20:53:02.623, 95.72 W, 95 %
2025/12/04 20:53:02.723, 95.72 W, 95 %
2025/12/04 20:53:02.823, 95.72 W, 95 %
2025/12/04 20:53:02.923, 95.72 W, 95 %
2025/12/04 20:53:03.023, 95.72 W, 95 %
2025/12/04 20:53:03.123, 95.72 W, 95 %
2025/12/04 20:53:03.224, 95.72 W, 95 %
2025/12/04 20:53:03.324, 95.72 W, 95 %
2025/12/04 20:53:03.424, 95.72 W, 95 %
2025/12/04 20:53:03.524, 95.72 W, 95 %
2025/12/04 20:53:03.624, 95.72 W, 95 %
2025/12/04 20:53:03.724, 95.72 W, 95 %
2025/12/04 20:53:03.824, 95.72 W, 95 %
2025/12/04 20:53:03.925, 95.72 W, 95 %
2025/12/04 20:53:04.025, 95.72 W, 95 %
2025/12/04 20:53:04.125, 95.72 W, 95 %
2025/12/04 20:53:04.225, 95.72 W, 95 %
2025/12/04 20:53:04.325, 95.72 W, 95 %
2025/12/04 20:53:04.425, 95.72 W, 95 %
2025/12/04 20:53:04.526, 95.72 W, 95 %
2025/12/04 20:53:04.626, 95.72 W, 95 %
2025/12/04 20:53:04.726, 95.72 W, 95 %
2025/12/04 20:53:04.826, 95.72 W, 94 %
2025/12/04 20:53:04.926, 95.72 W, 94 %
2025/12/04 20:53:05.026, 95.72 W, 95 %
2025/12/04 20:53:05.127, 95.39 W, 95 %
2025/12/04 20:53:05.227, 95.72 W, 94 %
2025/12/04 20:53:05.327, 95.72 W, 94 %
2025/12/04 20:53:05.427, 95.72 W, 95 %
2025/12/04 20:53:05.527, 95.72 W, 95 %
2025/12/04 20:53:05.627, 95.72 W, 95 %
2025/12/04 20:53:05.727, 95.72 W, 95 %
2025/12/04 20:53:05.828, 95.72 W, 94 %
2025/12/04 20:53:05.928, 95.72 W, 94 %
2025/12/04 20:53:06.028, 95.72 W, 94 %
2025/12/04 20:53:06.128, 95.72 W, 94 %
2025/12/04 20:53:06.228, 95.72 W, 95 %
2025/12/04 20:53:06.328, 95.72 W, 95 %
2025/12/04 20:53:06.429, 95.72 W, 95 %
2025/12/04 20:53:06.529, 95.72 W, 95 %
2025/12/04 20:53:06.629, 95.72 W, 95 %
2025/12/04 20:53:06.729, 95.72 W, 95 %
2025/12/04 20:53:06.829, 95.72 W, 95 %
2025/12/04 20:53:06.929, 95.72 W, 95 %
2025/12/04 20:53:07.029, 95.72 W, 95 %
2025/12/04 20:53:07.130, 95.72 W, 95 %
2025/12/04 20:53:07.230, 95.72 W, 95 %
2025/12/04 20:53:07.330, 95.72 W, 95 %
2025/12/04 20:53:07.430, 95.72 W, 95 %
2025/12/04 20:53:07.530, 95.72 W, 95 %
2025/12/04 20:53:07.630, 95.72 W, 95 %
2025/12/04 20:53:07.731, 95.72 W, 95 %
2025/12/04 20:53:07.831, 95.72 W, 95 %
2025/12/04 20:53:07.931, 95.72 W, 95 %
2025/12/04 20:53:08.031, 95.72 W, 94 %
2025/12/04 20:53:08.131, 95.72 W, 94 %
2025/12/04 20:53:08.231, 95.72 W, 95 %
2025/12/04 20:53:08.332, 95.72 W, 95 %
2025/12/04 20:53:08.432, 95.72 W, 95 %
2025/12/04 20:53:08.532, 95.72 W, 95 %
2025/12/04 20:53:08.632, 95.72 W, 95 %
2025/12/04 20:53:08.732, 95.72 W, 95 %
2025/12/04 20:53:08.832, 95.72 W, 95 %
2025/12/04 20:53:08.932, 95.72 W, 95 %
2025/12/04 20:53:09.033, 95.72 W, 95 %
2025/12/04 20:53:09.133, 95.72 W, 95 %
2025/12/04 20:53:09.233, 95.72 W, 95 %
2025/12/04 20:53:09.333, 95.72 W, 95 %
2025/12/04 20:53:09.433, 95.72 W, 95 %
2025/12/04 20:53:09.533, 95.72 W, 95 %
2025/12/04 20:53:09.634, 95.72 W, 95 %
2025/12/04 20:53:09.734, 95.72 W, 95 %
2025/12/04 20:53:09.834, 95.72 W, 95 %
2025/12/04 20:53:09.934, 95.72 W, 95 %
2025/12/04 20:53:10.034, 95.72 W, 94 %
2025/12/04 20:53:10.134, 95.72 W, 94 %
2025/12/04 20:53:10.234, 95.72 W, 94 %
2025/12/04 20:53:10.335, 95.72 W, 94 %
2025/12/04 20:53:10.435, 95.72 W, 95 %
2025/12/04 20:53:10.535, 95.72 W, 95 %
2025/12/04 20:53:10.635, 95.72 W, 95 %
2025/12/04 20:53:10.735, 95.72 W, 95 %
2025/12/04 20:53:10.836, 95.72 W, 95 %
2025/12/04 20:53:10.936, 95.72 W, 95 %
2025/12/04 20:53:11.036, 95.72 W, 94 %
2025/12/04 20:53:11.136, 95.72 W, 94 %
2025/12/04 20:53:11.236, 95.72 W, 95 %
2025/12/04 20:53:11.336, 95.72 W, 95 %
2025/12/04 20:53:11.436, 95.72 W, 95 %
2025/12/04 20:53:11.537, 95.72 W, 95 %
2025/12/04 20:53:11.637, 95.72 W, 95 %
2025/12/04 20:53:11.737, 95.72 W, 95 %
2025/12/04 20:53:11.837, 95.72 W, 95 %
2025/12/04 20:53:11.937, 95.72 W, 95 %
2025/12/04 20:53:12.037, 95.72 W, 95 %
2025/12/04 20:53:12.138, 95.72 W, 95 %
2025/12/04 20:53:12.238, 95.72 W, 94 %
2025/12/04 20:53:12.338, 95.72 W, 94 %
2025/12/04 20:53:12.438, 95.72 W, 95 %
2025/12/04 20:53:12.538, 95.72 W, 95 %
2025/12/04 20:53:12.638, 95.72 W, 95 %
2025/12/04 20:53:12.738, 95.72 W, 95 %
2025/12/04 20:53:12.839, 95.72 W, 95 %
2025/12/04 20:53:12.939, 95.72 W, 95 %
2025/12/04 20:53:13.039, 95.72 W, 94 %
2025/12/04 20:53:13.139, 95.72 W, 94 %
2025/12/04 20:53:13.239, 95.72 W, 95 %
2025/12/04 20:53:13.339, 95.72 W, 95 %
2025/12/04 20:53:13.440, 95.72 W, 95 %
2025/12/04 20:53:13.540, 95.72 W, 95 %
2025/12/04 20:53:13.640, 95.72 W, 95 %
2025/12/04 20:53:13.740, 95.72 W, 95 %
2025/12/04 20:53:13.840, 95.72 W, 95 %
2025/12/04 20:53:13.940, 95.72 W, 95 %
2025/12/04 20:53:14.041, 95.72 W, 95 %
2025/12/04 20:53:14.141, 95.72 W, 95 %
2025/12/04 20:53:14.241, 95.72 W, 94 %
2025/12/04 20:53:14.341, 95.72 W, 94 %
2025/12/04 20:53:14.441, 95.72 W, 95 %
2025/12/04 20:53:14.541, 95.72 W, 95 %
2025/12/04 20:53:14.641, 95.72 W, 95 %
2025/12/04 20:53:14.742, 95.72 W, 95 %
2025/12/04 20:53:14.842, 95.72 W, 95 %
2025/12/04 20:53:14.942, 95.72 W, 95 %
2025/12/04 20:53:15.042, 95.72 W, 95 %
2025/12/04 20:53:15.142, 95.39 W, 95 %
2025/12/04 20:53:15.242, 95.72 W, 92 %
2025/12/04 20:53:15.343, 95.72 W, 92 %
2025/12/04 20:53:15.443, 95.72 W, 94 %
2025/12/04 20:53:15.543, 95.72 W, 94 %
2025/12/04 20:53:15.643, 95.72 W, 95 %
2025/12/04 20:53:15.743, 95.72 W, 95 %
2025/12/04 20:53:15.843, 95.72 W, 95 %
2025/12/04 20:53:15.943, 95.72 W, 95 %
2025/12/04 20:53:16.044, 95.72 W, 95 %
2025/12/04 20:53:16.144, 95.72 W, 95 %
2025/12/04 20:53:16.244, 95.72 W, 95 %
2025/12/04 20:53:16.344, 95.72 W, 95 %
2025/12/04 20:53:16.444, 95.72 W, 95 %
2025/12/04 20:53:16.544, 95.72 W, 95 %
2025/12/04 20:53:16.645, 95.72 W, 95 %
2025/12/04 20:53:16.745, 95.72 W, 95 %
2025/12/04 20:53:16.845, 95.72 W, 95 %
2025/12/04 20:53:16.945, 95.72 W, 95 %
2025/12/04 20:53:17.045, 95.72 W, 95 %
2025/12/04 20:53:17.145, 95.72 W, 95 %
2025/12/04 20:53:17.246, 95.72 W, 95 %
2025/12/04 20:53:17.346, 95.72 W, 95 %
2025/12/04 20:53:17.446, 95.72 W, 94 %
2025/12/04 20:53:17.546, 95.72 W, 94 %
2025/12/04 20:53:17.646, 95.72 W, 95 %
2025/12/04 20:53:17.746, 95.72 W, 95 %
2025/12/04 20:53:17.846, 95.72 W, 95 %
2025/12/04 20:53:17.947, 95.72 W, 95 %
2025/12/04 20:53:18.047, 95.39 W, 95 %
2025/12/04 20:53:18.147, 95.72 W, 95 %
2025/12/04 20:53:18.247, 95.72 W, 93 %
2025/12/04 20:53:18.347, 95.72 W, 93 %
2025/12/04 20:53:18.447, 95.72 W, 95 %
2025/12/04 20:53:18.548, 95.72 W, 95 %
2025/12/04 20:53:18.648, 95.72 W, 94 %
2025/12/04 20:53:18.748, 95.72 W, 94 %
2025/12/04 20:53:18.848, 95.72 W, 95 %
2025/12/04 20:53:18.948, 95.72 W, 95 %
2025/12/04 20:53:19.048, 95.72 W, 95 %
2025/12/04 20:53:19.149, 95.72 W, 95 %
2025/12/04 20:53:19.249, 95.72 W, 95 %
2025/12/04 20:53:19.349, 95.72 W, 95 %
2025/12/04 20:53:19.449, 95.72 W, 95 %
2025/12/04 20:53:19.549, 95.72 W, 95 %
2025/12/04 20:53:19.649, 95.72 W, 94 %
2025/12/04 20:53:19.750, 95.72 W, 94 %
2025/12/04 20:53:19.850, 95.72 W, 95 %
2025/12/04 20:53:19.950, 95.72 W, 95 %
2025/12/04 20:53:20.050, 95.72 W, 95 %
2025/12/04 20:53:20.150, 95.72 W, 95 %
2025/12/04 20:53:20.250, 95.72 W, 94 %
2025/12/04 20:53:20.350, 95.72 W, 94 %
2025/12/04 20:53:20.451, 95.72 W, 94 %
2025/12/04 20:53:20.551, 95.72 W, 94 %
2025/12/04 20:53:20.651, 95.72 W, 95 %
2025/12/04 20:53:20.751, 95.72 W, 95 %
2025/12/04 20:53:20.851, 95.72 W, 94 %
2025/12/04 20:53:20.951, 95.72 W, 94 %
2025/12/04 20:53:21.051, 95.72 W, 94 %
2025/12/04 20:53:21.152, 95.72 W, 94 %
2025/12/04 20:53:21.252, 95.72 W, 95 %
2025/12/04 20:53:21.352, 95.72 W, 95 %
2025/12/04 20:53:21.452, 95.72 W, 94 %
2025/12/04 20:53:21.552, 95.72 W, 94 %
2025/12/04 20:53:21.652, 95.72 W, 95 %
2025/12/04 20:53:21.753, 95.72 W, 95 %
2025/12/04 20:53:21.853, 95.72 W, 95 %
2025/12/04 20:53:21.953, 95.72 W, 95 %
2025/12/04 20:53:22.053, 95.72 W, 94 %
2025/12/04 20:53:22.153, 95.72 W, 94 %
2025/12/04 20:53:22.253, 95.72 W, 95 %
2025/12/04 20:53:22.354, 95.72 W, 95 %
2025/12/04 20:53:22.454, 95.72 W, 94 %
2025/12/04 20:53:22.554, 95.72 W, 94 %
2025/12/04 20:53:22.654, 95.72 W, 95 %
2025/12/04 20:53:22.754, 95.72 W, 95 %
2025/12/04 20:53:22.854, 95.72 W, 95 %
2025/12/04 20:53:22.954, 95.72 W, 95 %
2025/12/04 20:53:23.055, 95.72 W, 95 %
2025/12/04 20:53:23.155, 95.72 W, 95 %
2025/12/04 20:53:23.255, 95.72 W, 95 %
2025/12/04 20:53:23.355, 95.39 W, 95 %
2025/12/04 20:53:23.455, 95.72 W, 95 %
2025/12/04 20:53:23.555, 95.72 W, 95 %
2025/12/04 20:53:23.656, 95.72 W, 94 %
2025/12/04 20:53:23.756, 95.72 W, 94 %
2025/12/04 20:53:23.856, 95.72 W, 95 %
2025/12/04 20:53:23.956, 95.72 W, 95 %
2025/12/04 20:53:24.056, 95.72 W, 95 %
2025/12/04 20:53:24.156, 95.72 W, 95 %
2025/12/04 20:53:24.257, 95.72 W, 95 %
2025/12/04 20:53:24.357, 95.72 W, 95 %
2025/12/04 20:53:24.457, 95.72 W, 95 %
2025/12/04 20:53:24.557, 95.72 W, 95 %
2025/12/04 20:53:24.657, 95.72 W, 94 %
2025/12/04 20:53:24.757, 95.72 W, 94 %
2025/12/04 20:53:24.858, 95.72 W, 95 %
2025/12/04 20:53:24.958, 95.72 W, 95 %
2025/12/04 20:53:25.058, 95.72 W, 95 %
2025/12/04 20:53:25.158, 95.72 W, 95 %
2025/12/04 20:53:25.258, 95.72 W, 95 %
2025/12/04 20:53:25.358, 95.72 W, 95 %
2025/12/04 20:53:25.459, 95.72 W, 95 %
2025/12/04 20:53:25.559, 95.72 W, 95 %
2025/12/04 20:53:25.659, 95.72 W, 94 %
2025/12/04 20:53:25.759, 95.72 W, 94 %
2025/12/04 20:53:25.859, 95.72 W, 95 %
2025/12/04 20:53:25.959, 95.72 W, 95 %
2025/12/04 20:53:26.060, 95.72 W, 95 %
2025/12/04 20:53:26.160, 95.72 W, 95 %
2025/12/04 20:53:26.260, 95.72 W, 95 %
2025/12/04 20:53:26.360, 95.72 W, 95 %
2025/12/04 20:53:26.460, 95.72 W, 95 %
2025/12/04 20:53:26.560, 95.72 W, 95 %
2025/12/04 20:53:26.660, 95.72 W, 95 %
2025/12/04 20:53:26.761, 95.72 W, 95 %
2025/12/04 20:53:26.861, 95.72 W, 94 %
2025/12/04 20:53:26.961, 95.72 W, 94 %
2025/12/04 20:53:27.061, 95.72 W, 95 %
2025/12/04 20:53:27.161, 95.72 W, 95 %
2025/12/04 20:53:27.261, 95.72 W, 94 %
2025/12/04 20:53:27.362, 95.72 W, 94 %
2025/12/04 20:53:27.462, 95.72 W, 95 %
2025/12/04 20:53:27.562, 95.72 W, 95 %
2025/12/04 20:53:27.662, 95.72 W, 95 %
2025/12/04 20:53:27.762, 95.72 W, 95 %
2025/12/04 20:53:27.862, 95.72 W, 94 %
2025/12/04 20:53:27.963, 95.72 W, 94 %
2025/12/04 20:53:28.063, 95.72 W, 95 %
2025/12/04 20:53:28.163, 95.72 W, 95 %
2025/12/04 20:53:28.263, 95.72 W, 95 %
2025/12/04 20:53:28.363, 95.72 W, 95 %
2025/12/04 20:53:28.463, 95.72 W, 94 %
2025/12/04 20:53:28.564, 95.72 W, 94 %
2025/12/04 20:53:28.664, 95.72 W, 95 %
2025/12/04 20:53:28.764, 95.72 W, 95 %
2025/12/04 20:53:28.864, 95.72 W, 95 %
2025/12/04 20:53:28.964, 95.72 W, 95 %
2025/12/04 20:53:29.064, 95.72 W, 94 %
2025/12/04 20:53:29.165, 95.72 W, 94 %
2025/12/04 20:53:29.265, 95.72 W, 95 %
2025/12/04 20:53:29.365, 95.72 W, 95 %
2025/12/04 20:53:29.465, 95.72 W, 95 %
2025/12/04 20:53:29.565, 95.72 W, 95 %
2025/12/04 20:53:29.665, 95.72 W, 94 %
2025/12/04 20:53:29.765, 95.72 W, 94 %
2025/12/04 20:53:29.866, 95.72 W, 95 %
2025/12/04 20:53:29.966, 95.72 W, 95 %
2025/12/04 20:53:30.066, 95.72 W, 95 %
2025/12/04 20:53:30.166, 95.72 W, 95 %
2025/12/04 20:53:30.266, 95.72 W, 95 %
2025/12/04 20:53:30.366, 95.72 W, 95 %
2025/12/04 20:53:30.467, 95.72 W, 94 %
2025/12/04 20:53:30.567, 95.72 W, 94 %
2025/12/04 20:53:30.667, 95.72 W, 94 %
2025/12/04 20:53:30.767, 95.72 W, 94 %
2025/12/04 20:53:30.867, 95.72 W, 94 %
2025/12/04 20:53:30.967, 95.72 W, 94 %
2025/12/04 20:53:31.067, 95.72 W, 94 %
2025/12/04 20:53:31.168, 95.72 W, 94 %
2025/12/04 20:53:31.268, 95.72 W, 94 %
2025/12/04 20:53:31.368, 95.72 W, 94 %
2025/12/04 20:53:31.468, 95.72 W, 94 %
2025/12/04 20:53:31.568, 95.72 W, 94 %
2025/12/04 20:53:31.668, 95.72 W, 95 %
2025/12/04 20:53:31.769, 95.72 W, 95 %
2025/12/04 20:53:31.869, 95.72 W, 95 %
2025/12/04 20:53:31.969, 95.72 W, 95 %
2025/12/04 20:53:32.069, 95.72 W, 95 %
2025/12/04 20:53:32.169, 95.72 W, 95 %
2025/12/04 20:53:32.269, 95.72 W, 95 %
2025/12/04 20:53:32.370, 95.72 W, 95 %
2025/12/04 20:53:32.470, 95.72 W, 95 %
2025/12/04 20:53:32.570, 95.72 W, 95 %
2025/12/04 20:53:32.670, 95.72 W, 94 %
2025/12/04 20:53:32.770, 95.72 W, 94 %
2025/12/04 20:53:32.870, 95.72 W, 95 %
2025/12/04 20:53:32.971, 95.72 W, 95 %
2025/12/04 20:53:33.071, 95.72 W, 95 %
2025/12/04 20:53:33.171, 95.72 W, 95 %
2025/12/04 20:53:33.271, 95.72 W, 94 %
2025/12/04 20:53:33.371, 95.72 W, 94 %
2025/12/04 20:53:33.471, 95.72 W, 95 %
2025/12/04 20:53:33.572, 95.72 W, 95 %
2025/12/04 20:53:33.672, 95.72 W, 94 %
2025/12/04 20:53:33.772, 95.72 W, 94 %
2025/12/04 20:53:33.872, 95.72 W, 95 %
2025/12/04 20:53:33.972, 95.72 W, 95 %
2025/12/04 20:53:34.072, 95.72 W, 94 %
2025/12/04 20:53:34.173, 95.72 W, 94 %
2025/12/04 20:53:34.273, 95.72 W, 94 %
2025/12/04 20:53:34.373, 95.72 W, 94 %
2025/12/04 20:53:34.473, 95.72 W, 95 %
2025/12/04 20:53:34.573, 95.72 W, 95 %
2025/12/04 20:53:34.673, 95.72 W, 95 %
2025/12/04 20:53:34.773, 95.72 W, 95 %
2025/12/04 20:53:34.874, 95.72 W, 95 %
2025/12/04 20:53:34.974, 95.72 W, 95 %
2025/12/04 20:53:35.074, 95.72 W, 94 %
2025/12/04 20:53:35.174, 95.72 W, 94 %
2025/12/04 20:53:35.274, 95.72 W, 94 %
2025/12/04 20:53:35.374, 95.72 W, 94 %
2025/12/04 20:53:35.475, 95.72 W, 94 %
2025/12/04 20:53:35.575, 95.72 W, 94 %
2025/12/04 20:53:35.675, 95.72 W, 94 %
2025/12/04 20:53:35.775, 95.72 W, 94 %
2025/12/04 20:53:35.875, 95.72 W, 95 %
2025/12/04 20:53:35.975, 95.72 W, 95 %
2025/12/04 20:53:36.076, 95.72 W, 95 %
2025/12/04 20:53:36.176, 95.72 W, 95 %
2025/12/04 20:53:36.276, 95.72 W, 95 %
2025/12/04 20:53:36.376, 95.72 W, 95 %
2025/12/04 20:53:36.476, 95.72 W, 95 %
2025/12/04 20:53:36.576, 95.72 W, 95 %
2025/12/04 20:53:36.677, 95.72 W, 95 %
2025/12/04 20:53:36.777, 95.72 W, 95 %
2025/12/04 20:53:36.877, 95.72 W, 94 %
2025/12/04 20:53:36.977, 95.72 W, 94 %
2025/12/04 20:53:37.077, 95.72 W, 95 %
2025/12/04 20:53:37.177, 95.72 W, 95 %
2025/12/04 20:53:37.277, 95.72 W, 95 %
2025/12/04 20:53:37.378, 95.72 W, 95 %
2025/12/04 20:53:37.478, 95.72 W, 94 %
2025/12/04 20:53:37.578, 95.72 W, 94 %
2025/12/04 20:53:37.678, 95.72 W, 95 %
2025/12/04 20:53:37.778, 95.72 W, 95 %
2025/12/04 20:53:37.878, 95.72 W, 95 %
2025/12/04 20:53:37.979, 95.72 W, 95 %
2025/12/04 20:53:38.079, 95.72 W, 95 %
2025/12/04 20:53:38.179, 95.72 W, 95 %
2025/12/04 20:53:38.279, 95.72 W, 94 %
2025/12/04 20:53:38.379, 95.72 W, 94 %
2025/12/04 20:53:38.479, 95.72 W, 94 %
2025/12/04 20:53:38.580, 95.72 W, 94 %
2025/12/04 20:53:38.680, 95.72 W, 94 %
2025/12/04 20:53:38.780, 95.72 W, 94 %
2025/12/04 20:53:38.880, 95.72 W, 95 %
2025/12/04 20:53:38.980, 95.72 W, 95 %
2025/12/04 20:53:39.080, 95.72 W, 95 %
2025/12/04 20:53:39.181, 95.72 W, 95 %
2025/12/04 20:53:39.281, 95.72 W, 95 %
2025/12/04 20:53:39.381, 95.72 W, 95 %
2025/12/04 20:53:39.481, 95.72 W, 95 %
2025/12/04 20:53:39.581, 95.72 W, 95 %
2025/12/04 20:53:39.681, 95.72 W, 95 %
2025/12/04 20:53:39.781, 95.72 W, 95 %
2025/12/04 20:53:39.882, 95.72 W, 94 %
2025/12/04 20:53:39.982, 95.72 W, 94 %
2025/12/04 20:53:40.082, 95.72 W, 95 %
2025/12/04 20:53:40.182, 95.72 W, 95 %
2025/12/04 20:53:40.282, 95.72 W, 95 %
2025/12/04 20:53:40.382, 95.72 W, 95 %
2025/12/04 20:53:40.483, 95.72 W, 95 %
2025/12/04 20:53:40.583, 95.72 W, 95 %
2025/12/04 20:53:40.683, 95.72 W, 94 %
2025/12/04 20:53:40.783, 95.72 W, 94 %
2025/12/04 20:53:40.883, 95.72 W, 95 %
2025/12/04 20:53:40.983, 95.72 W, 95 %
2025/12/04 20:53:41.084, 95.72 W, 95 %
2025/12/04 20:53:41.184, 95.72 W, 95 %
2025/12/04 20:53:41.284, 95.72 W, 94 %
2025/12/04 20:53:41.384, 95.72 W, 94 %
2025/12/04 20:53:41.484, 95.72 W, 95 %
2025/12/04 20:53:41.584, 95.72 W, 95 %
2025/12/04 20:53:41.685, 95.72 W, 94 %
2025/12/04 20:53:41.785, 95.72 W, 94 %
2025/12/04 20:53:41.885, 95.72 W, 94 %
2025/12/04 20:53:41.985, 95.72 W, 94 %
2025/12/04 20:53:42.085, 95.72 W, 94 %
2025/12/04 20:53:42.185, 95.72 W, 94 %
2025/12/04 20:53:42.286, 95.72 W, 95 %
2025/12/04 20:53:42.386, 95.72 W, 95 %
2025/12/04 20:53:42.486, 95.72 W, 95 %
2025/12/04 20:53:42.586, 95.72 W, 95 %
2025/12/04 20:53:42.686, 95.72 W, 95 %
2025/12/04 20:53:42.786, 95.72 W, 95 %
2025/12/04 20:53:42.886, 95.72 W, 94 %
2025/12/04 20:53:42.987, 95.72 W, 94 %
2025/12/04 20:53:43.087, 95.72 W, 95 %
2025/12/04 20:53:43.187, 95.72 W, 95 %
2025/12/04 20:53:43.287, 95.72 W, 95 %
2025/12/04 20:53:43.387, 95.72 W, 95 %
2025/12/04 20:53:43.487, 95.72 W, 95 %
2025/12/04 20:53:43.588, 95.72 W, 95 %
2025/12/04 20:53:43.688, 95.72 W, 95 %
2025/12/04 20:53:43.788, 95.72 W, 95 %
2025/12/04 20:53:43.888, 95.72 W, 94 %
2025/12/04 20:53:43.988, 95.72 W, 94 %
2025/12/04 20:53:44.088, 95.72 W, 94 %
2025/12/04 20:53:44.189, 95.72 W, 94 %
2025/12/04 20:53:44.289, 95.72 W, 95 %
2025/12/04 20:53:44.389, 95.72 W, 95 %
2025/12/04 20:53:44.489, 95.72 W, 95 %
2025/12/04 20:53:44.589, 95.72 W, 95 %
2025/12/04 20:53:44.689, 95.72 W, 95 %
2025/12/04 20:53:44.790, 95.72 W, 95 %
2025/12/04 20:53:44.890, 95.72 W, 95 %
2025/12/04 20:53:44.990, 95.72 W, 95 %
2025/12/04 20:53:45.090, 95.72 W, 94 %
2025/12/04 20:53:45.190, 95.72 W, 94 %
2025/12/04 20:53:45.290, 95.72 W, 95 %
2025/12/04 20:53:45.391, 95.72 W, 95 %
2025/12/04 20:53:45.491, 95.72 W, 94 %
2025/12/04 20:53:45.591, 95.72 W, 94 %
2025/12/04 20:53:45.691, 95.72 W, 95 %
2025/12/04 20:53:45.791, 95.72 W, 95 %
2025/12/04 20:53:45.891, 95.72 W, 95 %
2025/12/04 20:53:45.991, 95.72 W, 95 %
2025/12/04 20:53:46.092, 95.72 W, 94 %
2025/12/04 20:53:46.192, 95.72 W, 94 %
2025/12/04 20:53:46.292, 95.72 W, 95 %
2025/12/04 20:53:46.392, 95.72 W, 95 %
2025/12/04 20:53:46.492, 95.72 W, 95 %
2025/12/04 20:53:46.592, 95.72 W, 95 %
2025/12/04 20:53:46.693, 95.72 W, 95 %
2025/12/04 20:53:46.793, 95.72 W, 95 %
2025/12/04 20:53:46.893, 95.72 W, 94 %
2025/12/04 20:53:46.993, 95.72 W, 94 %
2025/12/04 20:53:47.093, 95.72 W, 95 %
2025/12/04 20:53:47.193, 95.72 W, 95 %
2025/12/04 20:53:47.294, 95.72 W, 95 %
2025/12/04 20:53:47.394, 95.72 W, 95 %
2025/12/04 20:53:47.494, 95.72 W, 95 %
2025/12/04 20:53:47.594, 95.72 W, 95 %
2025/12/04 20:53:47.694, 95.72 W, 95 %
2025/12/04 20:53:47.794, 95.72 W, 95 %
2025/12/04 20:53:47.895, 95.72 W, 95 %
2025/12/04 20:53:47.995, 95.72 W, 95 %
2025/12/04 20:53:48.095, 95.72 W, 94 %
2025/12/04 20:53:48.195, 95.72 W, 94 %
2025/12/04 20:53:48.295, 95.72 W, 95 %
2025/12/04 20:53:48.395, 95.72 W, 95 %
2025/12/04 20:53:48.496, 95.72 W, 94 %
2025/12/04 20:53:48.596, 95.72 W, 94 %
2025/12/04 20:53:48.696, 95.72 W, 95 %
2025/12/04 20:53:48.796, 95.72 W, 95 %
2025/12/04 20:53:48.896, 95.72 W, 95 %
2025/12/04 20:53:48.996, 95.72 W, 95 %
2025/12/04 20:53:49.096, 95.72 W, 94 %
2025/12/04 20:53:49.197, 95.72 W, 94 %
2025/12/04 20:53:49.297, 95.72 W, 94 %
2025/12/04 20:53:49.397, 95.72 W, 94 %
2025/12/04 20:53:49.497, 95.72 W, 94 %
2025/12/04 20:53:49.597, 95.72 W, 94 %
2025/12/04 20:53:49.697, 95.72 W, 95 %
2025/12/04 20:53:49.798, 95.72 W, 95 %
2025/12/04 20:53:49.898, 95.72 W, 95 %
2025/12/04 20:53:49.998, 95.72 W, 95 %
2025/12/04 20:53:50.098, 95.72 W, 94 %
2025/12/04 20:53:50.198, 95.72 W, 94 %
2025/12/04 20:53:50.298, 95.72 W, 95 %
2025/12/04 20:53:50.399, 95.72 W, 95 %
2025/12/04 20:53:50.499, 95.72 W, 95 %
2025/12/04 20:53:50.599, 95.72 W, 95 %
2025/12/04 20:53:50.699, 95.72 W, 95 %
2025/12/04 20:53:50.799, 95.72 W, 95 %
2025/12/04 20:53:50.899, 95.72 W, 95 %
2025/12/04 20:53:51.000, 95.72 W, 95 %
2025/12/04 20:53:51.100, 95.72 W, 95 %
2025/12/04 20:53:51.200, 95.72 W, 95 %
2025/12/04 20:53:51.300, 95.72 W, 94 %
2025/12/04 20:53:51.400, 95.72 W, 94 %
2025/12/04 20:53:51.500, 95.72 W, 94 %
2025/12/04 20:53:51.601, 95.72 W, 94 %
2025/12/04 20:53:51.701, 95.72 W, 95 %
2025/12/04 20:53:51.801, 95.72 W, 95 %
2025/12/04 20:53:51.901, 95.72 W, 95 %
2025/12/04 20:53:52.001, 95.72 W, 95 %
2025/12/04 20:53:52.101, 95.72 W, 95 %
2025/12/04 20:53:52.202, 95.72 W, 95 %
2025/12/04 20:53:52.302, 95.72 W, 95 %
2025/12/04 20:53:52.402, 95.72 W, 95 %
2025/12/04 20:53:52.502, 95.72 W, 95 %
2025/12/04 20:53:52.602, 95.72 W, 95 %
2025/12/04 20:53:52.702, 95.72 W, 94 %
2025/12/04 20:53:52.802, 95.72 W, 94 %
2025/12/04 20:53:52.903, 95.72 W, 94 %
2025/12/04 20:53:53.003, 95.72 W, 94 %
2025/12/04 20:53:53.103, 95.72 W, 95 %
2025/12/04 20:53:53.203, 95.72 W, 95 %
2025/12/04 20:53:53.303, 95.72 W, 95 %
2025/12/04 20:53:53.403, 95.72 W, 95 %
2025/12/04 20:53:53.504, 95.72 W, 95 %
2025/12/04 20:53:53.604, 95.72 W, 95 %
2025/12/04 20:53:53.704, 95.72 W, 95 %
2025/12/04 20:53:53.804, 95.72 W, 95 %
2025/12/04 20:53:53.904, 95.72 W, 95 %
2025/12/04 20:53:54.004, 95.72 W, 95 %
2025/12/04 20:53:54.105, 95.72 W, 95 %
2025/12/04 20:53:54.205, 95.72 W, 95 %
2025/12/04 20:53:54.305, 95.72 W, 94 %
2025/12/04 20:53:54.405, 95.72 W, 94 %
2025/12/04 20:53:54.505, 95.72 W, 95 %
2025/12/04 20:53:54.605, 95.72 W, 95 %
2025/12/04 20:53:54.706, 95.72 W, 94 %
2025/12/04 20:53:54.806, 95.72 W, 94 %
2025/12/04 20:53:54.906, 95.72 W, 94 %
2025/12/04 20:53:55.006, 95.72 W, 94 %
2025/12/04 20:53:55.106, 95.72 W, 95 %
2025/12/04 20:53:55.206, 95.72 W, 95 %
2025/12/04 20:53:55.307, 95.72 W, 95 %
2025/12/04 20:53:55.407, 95.72 W, 95 %
2025/12/04 20:53:55.507, 95.72 W, 95 %
2025/12/04 20:53:55.607, 95.72 W, 95 %
2025/12/04 20:53:55.707, 95.72 W, 95 %
2025/12/04 20:53:55.807, 95.72 W, 95 %
2025/12/04 20:53:55.907, 95.72 W, 94 %
2025/12/04 20:53:56.008, 95.72 W, 94 %
2025/12/04 20:53:56.108, 95.72 W, 95 %
2025/12/04 20:53:56.208, 95.72 W, 95 %
2025/12/04 20:53:56.308, 95.72 W, 95 %
2025/12/04 20:53:56.408, 95.72 W, 95 %
2025/12/04 20:53:56.508, 95.72 W, 95 %
2025/12/04 20:53:56.609, 95.72 W, 95 %
2025/12/04 20:53:56.709, 95.72 W, 95 %
2025/12/04 20:53:56.809, 95.72 W, 95 %
2025/12/04 20:53:56.909, 95.72 W, 94 %
2025/12/04 20:53:57.009, 95.72 W, 94 %
2025/12/04 20:53:57.109, 95.72 W, 95 %
2025/12/04 20:53:57.210, 95.72 W, 95 %
2025/12/04 20:53:57.310, 95.72 W, 95 %
2025/12/04 20:53:57.410, 95.72 W, 95 %
2025/12/04 20:53:57.510, 95.72 W, 95 %
2025/12/04 20:53:57.610, 95.72 W, 95 %
2025/12/04 20:53:57.710, 95.72 W, 95 %
2025/12/04 20:53:57.811, 95.72 W, 95 %
2025/12/04 20:53:57.911, 95.72 W, 94 %
2025/12/04 20:53:58.011, 95.72 W, 94 %
2025/12/04 20:53:58.111, 95.72 W, 95 %
2025/12/04 20:53:58.211, 95.72 W, 95 %
2025/12/04 20:53:58.311, 95.72 W, 95 %
2025/12/04 20:53:58.411, 95.72 W, 95 %
2025/12/04 20:53:58.512, 95.72 W, 95 %
2025/12/04 20:53:58.612, 95.72 W, 95 %
2025/12/04 20:53:58.712, 95.72 W, 95 %
2025/12/04 20:53:58.812, 95.72 W, 95 %
2025/12/04 20:53:58.912, 95.72 W, 95 %
2025/12/04 20:53:59.012, 95.72 W, 95 %
2025/12/04 20:53:59.113, 95.72 W, 95 %
2025/12/04 20:53:59.213, 95.72 W, 95 %
2025/12/04 20:53:59.313, 95.72 W, 95 %
2025/12/04 20:53:59.413, 95.72 W, 95 %
2025/12/04 20:53:59.513, 95.72 W, 95 %
2025/12/04 20:53:59.613, 95.39 W, 95 %
2025/12/04 20:53:59.714, 95.72 W, 95 %
2025/12/04 20:53:59.814, 95.72 W, 95 %
2025/12/04 20:53:59.914, 95.72 W, 95 %
2025/12/04 20:54:00.014, 95.72 W, 95 %
2025/12/04 20:54:00.114, 95.72 W, 94 %
2025/12/04 20:54:00.214, 95.72 W, 94 %
2025/12/04 20:54:00.315, 95.72 W, 95 %
2025/12/04 20:54:00.415, 95.72 W, 95 %
2025/12/04 20:54:00.515, 95.72 W, 95 %
2025/12/04 20:54:00.615, 95.72 W, 95 %
2025/12/04 20:54:00.715, 95.72 W, 95 %
2025/12/04 20:54:00.815, 95.72 W, 95 %
2025/12/04 20:54:00.915, 95.72 W, 95 %
2025/12/04 20:54:01.016, 95.72 W, 95 %
2025/12/04 20:54:01.116, 95.72 W, 95 %
2025/12/04 20:54:01.216, 95.72 W, 95 %
2025/12/04 20:54:01.316, 95.72 W, 95 %
2025/12/04 20:54:01.416, 95.72 W, 95 %
2025/12/04 20:54:01.516, 95.72 W, 95 %
2025/12/04 20:54:01.617, 95.72 W, 95 %
2025/12/04 20:54:01.717, 95.72 W, 94 %
2025/12/04 20:54:01.817, 95.72 W, 94 %
2025/12/04 20:54:01.917, 95.72 W, 95 %
2025/12/04 20:54:02.017, 95.72 W, 95 %
2025/12/04 20:54:02.117, 95.72 W, 94 %
2025/12/04 20:54:02.218, 95.72 W, 94 %
2025/12/04 20:54:02.318, 95.72 W, 95 %
2025/12/04 20:54:02.418, 95.72 W, 95 %
2025/12/04 20:54:02.518, 95.72 W, 95 %
2025/12/04 20:54:02.618, 95.72 W, 95 %
2025/12/04 20:54:02.718, 95.72 W, 95 %
2025/12/04 20:54:02.819, 95.72 W, 95 %
2025/12/04 20:54:02.919, 95.72 W, 95 %
2025/12/04 20:54:03.019, 95.72 W, 95 %
2025/12/04 20:54:03.119, 95.72 W, 95 %
2025/12/04 20:54:03.219, 95.72 W, 95 %
2025/12/04 20:54:03.319, 95.72 W, 94 %
2025/12/04 20:54:03.419, 95.72 W, 94 %
2025/12/04 20:54:03.520, 95.72 W, 95 %
2025/12/04 20:54:03.620, 95.72 W, 95 %
2025/12/04 20:54:03.720, 95.72 W, 95 %
2025/12/04 20:54:03.820, 95.72 W, 95 %
2025/12/04 20:54:03.920, 95.72 W, 95 %
2025/12/04 20:54:04.020, 95.72 W, 95 %
2025/12/04 20:54:04.121, 95.72 W, 95 %
2025/12/04 20:54:04.221, 95.72 W, 95 %
2025/12/04 20:54:04.321, 95.72 W, 95 %
2025/12/04 20:54:04.421, 95.72 W, 95 %
2025/12/04 20:54:04.521, 95.39 W, 95 %
2025/12/04 20:54:04.621, 95.72 W, 95 %
2025/12/04 20:54:04.722, 95.72 W, 95 %
2025/12/04 20:54:04.822, 95.72 W, 95 %
2025/12/04 20:54:04.922, 95.72 W, 95 %
2025/12/04 20:54:05.022, 95.72 W, 95 %
2025/12/04 20:54:05.122, 95.72 W, 95 %
2025/12/04 20:54:05.222, 95.72 W, 95 %
2025/12/04 20:54:05.323, 95.72 W, 94 %
2025/12/04 20:54:05.423, 95.72 W, 94 %
2025/12/04 20:54:05.523, 95.72 W, 94 %
2025/12/04 20:54:05.623, 95.72 W, 94 %
2025/12/04 20:54:05.723, 95.72 W, 95 %
2025/12/04 20:54:05.823, 95.72 W, 95 %
2025/12/04 20:54:05.924, 95.72 W, 95 %
2025/12/04 20:54:06.024, 95.72 W, 95 %
2025/12/04 20:54:06.124, 95.72 W, 95 %
2025/12/04 20:54:06.224, 95.72 W, 95 %
2025/12/04 20:54:06.324, 95.72 W, 94 %
2025/12/04 20:54:06.424, 95.72 W, 94 %
2025/12/04 20:54:06.524, 95.72 W, 95 %
2025/12/04 20:54:06.625, 95.72 W, 95 %
2025/12/04 20:54:06.725, 95.72 W, 95 %
2025/12/04 20:54:06.825, 95.72 W, 95 %
2025/12/04 20:54:06.925, 95.72 W, 95 %
2025/12/04 20:54:07.025, 95.72 W, 95 %
2025/12/04 20:54:07.125, 95.72 W, 95 %
2025/12/04 20:54:07.226, 95.39 W, 95 %
2025/12/04 20:54:07.326, 95.72 W, 94 %
2025/12/04 20:54:07.426, 95.72 W, 94 %
2025/12/04 20:54:07.526, 95.72 W, 94 %
2025/12/04 20:54:07.626, 95.72 W, 94 %
2025/12/04 20:54:07.726, 95.39 W, 95 %
2025/12/04 20:54:07.827, 95.72 W, 95 %
2025/12/04 20:54:07.927, 95.72 W, 95 %
2025/12/04 20:54:08.027, 95.72 W, 95 %
2025/12/04 20:54:08.127, 95.72 W, 95 %
2025/12/04 20:54:08.227, 95.72 W, 95 %
2025/12/04 20:54:08.327, 95.72 W, 95 %
2025/12/04 20:54:08.428, 95.72 W, 95 %
2025/12/04 20:54:08.528, 95.72 W, 94 %
2025/12/04 20:54:08.628, 95.72 W, 94 %
2025/12/04 20:54:08.728, 95.72 W, 95 %
2025/12/04 20:54:08.828, 95.72 W, 95 %
2025/12/04 20:54:08.928, 95.72 W, 94 %
2025/12/04 20:54:09.028, 95.72 W, 94 %
2025/12/04 20:54:09.129, 95.72 W, 95 %
2025/12/04 20:54:09.229, 95.72 W, 95 %
2025/12/04 20:54:09.329, 95.72 W, 95 %
2025/12/04 20:54:09.429, 95.72 W, 95 %
2025/12/04 20:54:09.529, 95.39 W, 95 %
2025/12/04 20:54:09.629, 95.72 W, 95 %
2025/12/04 20:54:09.730, 95.72 W, 95 %
2025/12/04 20:54:09.830, 95.72 W, 95 %
2025/12/04 20:54:09.930, 95.72 W, 95 %
2025/12/04 20:54:10.030, 95.72 W, 95 %
2025/12/04 20:54:10.130, 95.72 W, 95 %
2025/12/04 20:54:10.230, 95.72 W, 95 %
2025/12/04 20:54:10.331, 95.72 W, 94 %
2025/12/04 20:54:10.431, 95.72 W, 94 %
2025/12/04 20:54:10.531, 95.72 W, 94 %
2025/12/04 20:54:10.631, 95.72 W, 94 %
2025/12/04 20:54:10.731, 95.72 W, 94 %
2025/12/04 20:54:10.831, 95.72 W, 94 %
2025/12/04 20:54:10.932, 95.72 W, 94 %
2025/12/04 20:54:11.032, 95.72 W, 94 %
2025/12/04 20:54:11.132, 95.72 W, 95 %
2025/12/04 20:54:11.232, 95.72 W, 95 %
2025/12/04 20:54:11.332, 95.72 W, 95 %
2025/12/04 20:54:11.432, 95.72 W, 95 %
2025/12/04 20:54:11.533, 95.72 W, 95 %
2025/12/04 20:54:11.633, 95.72 W, 95 %
2025/12/04 20:54:11.733, 95.72 W, 94 %
2025/12/04 20:54:11.833, 95.72 W, 94 %
2025/12/04 20:54:11.933, 95.72 W, 95 %
2025/12/04 20:54:12.033, 95.72 W, 95 %
2025/12/04 20:54:12.133, 95.72 W, 95 %
2025/12/04 20:54:12.234, 95.72 W, 95 %
2025/12/04 20:54:12.334, 95.72 W, 95 %
2025/12/04 20:54:12.434, 95.72 W, 95 %
2025/12/04 20:54:12.534, 95.72 W, 94 %
2025/12/04 20:54:12.634, 95.72 W, 94 %
2025/12/04 20:54:12.734, 95.72 W, 94 %
2025/12/04 20:54:12.835, 95.72 W, 94 %
2025/12/04 20:54:12.935, 95.72 W, 95 %
2025/12/04 20:54:13.035, 95.72 W, 95 %
2025/12/04 20:54:13.135, 95.72 W, 94 %
2025/12/04 20:54:13.235, 95.72 W, 94 %
2025/12/04 20:54:13.335, 95.72 W, 95 %
2025/12/04 20:54:13.436, 95.72 W, 95 %
2025/12/04 20:54:13.536, 95.72 W, 94 %
2025/12/04 20:54:13.636, 95.72 W, 94 %
2025/12/04 20:54:13.736, 95.72 W, 94 %
2025/12/04 20:54:13.836, 95.72 W, 94 %
2025/12/04 20:54:13.936, 95.72 W, 95 %
2025/12/04 20:54:14.037, 95.72 W, 95 %
2025/12/04 20:54:14.137, 95.72 W, 95 %
2025/12/04 20:54:14.237, 95.72 W, 95 %
2025/12/04 20:54:14.337, 95.72 W, 95 %
2025/12/04 20:54:14.437, 95.72 W, 95 %
2025/12/04 20:54:14.537, 95.72 W, 94 %
2025/12/04 20:54:14.637, 95.72 W, 94 %
2025/12/04 20:54:14.738, 95.72 W, 95 %
2025/12/04 20:54:14.838, 95.72 W, 95 %
2025/12/04 20:54:14.938, 95.72 W, 95 %
2025/12/04 20:54:15.038, 95.72 W, 95 %
2025/12/04 20:54:15.138, 95.72 W, 94 %
2025/12/04 20:54:15.238, 95.72 W, 94 %
2025/12/04 20:54:15.339, 95.72 W, 94 %
2025/12/04 20:54:15.439, 95.72 W, 94 %
2025/12/04 20:54:15.539, 95.72 W, 95 %
2025/12/04 20:54:15.639, 95.72 W, 95 %
2025/12/04 20:54:15.739, 95.72 W, 95 %
2025/12/04 20:54:15.839, 95.72 W, 95 %
2025/12/04 20:54:15.940, 95.72 W, 95 %
2025/12/04 20:54:16.040, 95.72 W, 95 %
2025/12/04 20:54:16.140, 95.72 W, 94 %
2025/12/04 20:54:16.240, 95.72 W, 94 %
2025/12/04 20:54:16.340, 95.72 W, 95 %
2025/12/04 20:54:16.440, 95.72 W, 95 %
2025/12/04 20:54:16.541, 95.72 W, 95 %
2025/12/04 20:54:16.641, 95.72 W, 95 %
2025/12/04 20:54:16.741, 95.72 W, 95 %
2025/12/04 20:54:16.841, 95.72 W, 95 %
2025/12/04 20:54:16.941, 95.72 W, 95 %
2025/12/04 20:54:17.041, 95.72 W, 95 %
2025/12/04 20:54:17.141, 95.72 W, 95 %
2025/12/04 20:54:17.242, 95.72 W, 95 %
2025/12/04 20:54:17.342, 95.72 W, 95 %
2025/12/04 20:54:17.442, 95.72 W, 93 %
2025/12/04 20:54:17.542, 95.72 W, 93 %
2025/12/04 20:54:17.642, 95.72 W, 94 %
2025/12/04 20:54:17.742, 95.72 W, 94 %
2025/12/04 20:54:17.843, 95.72 W, 94 %
2025/12/04 20:54:17.943, 95.72 W, 94 %
2025/12/04 20:54:18.043, 95.72 W, 95 %
2025/12/04 20:54:18.143, 95.72 W, 95 %
2025/12/04 20:54:18.243, 95.72 W, 94 %
2025/12/04 20:54:18.343, 95.72 W, 94 %
2025/12/04 20:54:18.444, 95.72 W, 95 %
2025/12/04 20:54:18.544, 95.72 W, 95 %
2025/12/04 20:54:18.644, 95.72 W, 94 %
2025/12/04 20:54:18.744, 95.72 W, 94 %
2025/12/04 20:54:18.844, 95.72 W, 94 %
2025/12/04 20:54:18.944, 95.72 W, 94 %
2025/12/04 20:54:19.045, 95.72 W, 94 %
2025/12/04 20:54:19.145, 95.72 W, 94 %
2025/12/04 20:54:19.245, 95.72 W, 95 %
2025/12/04 20:54:19.345, 95.72 W, 95 %
2025/12/04 20:54:19.445, 95.72 W, 95 %
2025/12/04 20:54:19.545, 95.72 W, 95 %
2025/12/04 20:54:19.645, 95.72 W, 95 %
2025/12/04 20:54:19.746, 95.72 W, 95 %
2025/12/04 20:54:19.846, 95.72 W, 95 %
2025/12/04 20:54:19.946, 95.72 W, 95 %
2025/12/04 20:54:20.046, 95.72 W, 94 %
2025/12/04 20:54:20.146, 95.72 W, 94 %
2025/12/04 20:54:20.246, 95.72 W, 94 %
2025/12/04 20:54:20.347, 95.72 W, 94 %
2025/12/04 20:54:20.447, 95.72 W, 95 %
2025/12/04 20:54:20.547, 95.72 W, 95 %
2025/12/04 20:54:20.647, 95.72 W, 94 %
2025/12/04 20:54:20.747, 95.72 W, 94 %
2025/12/04 20:54:20.847, 95.72 W, 94 %
2025/12/04 20:54:20.948, 95.72 W, 94 %
2025/12/04 20:54:21.048, 95.72 W, 94 %
2025/12/04 20:54:21.148, 95.72 W, 94 %
2025/12/04 20:54:21.248, 95.72 W, 95 %
2025/12/04 20:54:21.348, 95.72 W, 95 %
2025/12/04 20:54:21.448, 95.72 W, 94 %
2025/12/04 20:54:21.549, 95.72 W, 94 %
2025/12/04 20:54:21.649, 95.72 W, 95 %
2025/12/04 20:54:21.749, 95.72 W, 95 %
2025/12/04 20:54:21.849, 95.72 W, 95 %
2025/12/04 20:54:21.949, 95.72 W, 95 %
2025/12/04 20:54:22.049, 95.72 W, 95 %
2025/12/04 20:54:22.150, 95.72 W, 95 %
2025/12/04 20:54:22.250, 95.72 W, 95 %
2025/12/04 20:54:22.350, 95.72 W, 95 %
2025/12/04 20:54:22.450, 95.72 W, 94 %
2025/12/04 20:54:22.550, 95.72 W, 94 %
2025/12/04 20:54:22.650, 95.72 W, 95 %
2025/12/04 20:54:22.751, 95.72 W, 95 %
2025/12/04 20:54:22.851, 95.72 W, 95 %
2025/12/04 20:54:22.951, 95.72 W, 95 %
2025/12/04 20:54:23.051, 95.72 W, 95 %
2025/12/04 20:54:23.151, 95.72 W, 95 %
2025/12/04 20:54:23.251, 95.72 W, 94 %
2025/12/04 20:54:23.352, 95.72 W, 94 %
2025/12/04 20:54:23.452, 95.72 W, 94 %
2025/12/04 20:54:23.552, 95.72 W, 94 %
2025/12/04 20:54:23.652, 95.72 W, 94 %
2025/12/04 20:54:23.752, 95.72 W, 94 %
2025/12/04 20:54:23.852, 95.72 W, 95 %
2025/12/04 20:54:23.953, 95.72 W, 95 %
2025/12/04 20:54:24.053, 95.39 W, 95 %
2025/12/04 20:54:24.153, 95.72 W, 95 %
2025/12/04 20:54:24.253, 95.72 W, 95 %
2025/12/04 20:54:24.353, 95.72 W, 95 %
2025/12/04 20:54:24.453, 95.72 W, 95 %
2025/12/04 20:54:24.554, 95.72 W, 95 %
2025/12/04 20:54:24.654, 95.72 W, 95 %
2025/12/04 20:54:24.754, 95.72 W, 95 %
2025/12/04 20:54:24.854, 95.72 W, 95 %
2025/12/04 20:54:24.954, 95.72 W, 95 %
2025/12/04 20:54:25.054, 95.39 W, 95 %
2025/12/04 20:54:25.154, 95.72 W, 95 %
2025/12/04 20:54:25.255, 95.72 W, 95 %
2025/12/04 20:54:25.355, 95.72 W, 95 %
2025/12/04 20:54:25.455, 95.72 W, 95 %
2025/12/04 20:54:25.555, 95.72 W, 95 %
2025/12/04 20:54:25.655, 95.72 W, 94 %
2025/12/04 20:54:25.755, 95.72 W, 94 %
2025/12/04 20:54:25.856, 95.72 W, 95 %
2025/12/04 20:54:25.956, 95.72 W, 95 %
2025/12/04 20:54:26.056, 95.72 W, 94 %
2025/12/04 20:54:26.156, 95.72 W, 94 %
2025/12/04 20:54:26.256, 95.72 W, 95 %
2025/12/04 20:54:26.356, 95.72 W, 95 %
2025/12/04 20:54:26.457, 95.72 W, 94 %
2025/12/04 20:54:26.557, 95.72 W, 94 %
2025/12/04 20:54:26.657, 95.72 W, 94 %
2025/12/04 20:54:26.757, 95.72 W, 94 %
2025/12/04 20:54:26.857, 95.72 W, 95 %
2025/12/04 20:54:26.957, 95.72 W, 95 %
2025/12/04 20:54:27.058, 95.72 W, 94 %
2025/12/04 20:54:27.158, 95.72 W, 94 %
2025/12/04 20:54:27.258, 95.72 W, 95 %
2025/12/04 20:54:27.358, 95.72 W, 95 %
2025/12/04 20:54:27.458, 95.72 W, 94 %
2025/12/04 20:54:27.558, 95.72 W, 94 %
2025/12/04 20:54:27.658, 95.72 W, 94 %
2025/12/04 20:54:27.759, 95.72 W, 94 %
2025/12/04 20:54:27.859, 95.72 W, 94 %
2025/12/04 20:54:27.959, 95.72 W, 94 %
2025/12/04 20:54:28.059, 95.72 W, 94 %
2025/12/04 20:54:28.159, 95.72 W, 94 %
2025/12/04 20:54:28.259, 95.72 W, 95 %
2025/12/04 20:54:28.360, 95.72 W, 95 %
2025/12/04 20:54:28.460, 95.72 W, 95 %
2025/12/04 20:54:28.560, 95.72 W, 95 %
2025/12/04 20:54:28.660, 95.72 W, 95 %
2025/12/04 20:54:28.760, 95.72 W, 95 %
2025/12/04 20:54:28.860, 95.72 W, 94 %
2025/12/04 20:54:28.961, 95.72 W, 94 %
2025/12/04 20:54:29.061, 95.72 W, 95 %
2025/12/04 20:54:29.161, 95.72 W, 95 %
2025/12/04 20:54:29.261, 95.72 W, 95 %
2025/12/04 20:54:29.361, 95.72 W, 95 %
2025/12/04 20:54:29.461, 95.72 W, 95 %
2025/12/04 20:54:29.562, 95.72 W, 95 %
2025/12/04 20:54:29.662, 95.72 W, 95 %
2025/12/04 20:54:29.762, 95.72 W, 95 %
2025/12/04 20:54:29.862, 95.72 W, 94 %
2025/12/04 20:54:29.962, 95.72 W, 94 %
2025/12/04 20:54:30.062, 95.72 W, 95 %
2025/12/04 20:54:30.162, 95.72 W, 95 %
2025/12/04 20:54:30.263, 95.39 W, 95 %
2025/12/04 20:54:30.363, 95.72 W, 95 %
2025/12/04 20:54:30.463, 95.72 W, 94 %
2025/12/04 20:54:30.563, 95.72 W, 94 %
2025/12/04 20:54:30.663, 95.72 W, 95 %
2025/12/04 20:54:30.763, 95.72 W, 95 %
2025/12/04 20:54:30.864, 95.72 W, 94 %
2025/12/04 20:54:30.964, 95.72 W, 94 %
2025/12/04 20:54:31.064, 95.72 W, 94 %
2025/12/04 20:54:31.164, 95.72 W, 94 %
2025/12/04 20:54:31.264, 95.72 W, 95 %
2025/12/04 20:54:31.364, 95.72 W, 95 %
2025/12/04 20:54:31.464, 95.72 W, 95 %
2025/12/04 20:54:31.565, 95.72 W, 95 %
2025/12/04 20:54:31.665, 95.72 W, 95 %
2025/12/04 20:54:31.765, 95.72 W, 95 %
2025/12/04 20:54:31.865, 95.72 W, 94 %
2025/12/04 20:54:31.965, 95.72 W, 94 %
2025/12/04 20:54:32.065, 95.72 W, 95 %
2025/12/04 20:54:32.166, 95.72 W, 95 %
2025/12/04 20:54:32.266, 95.72 W, 95 %
2025/12/04 20:54:32.366, 95.72 W, 95 %
2025/12/04 20:54:32.466, 95.72 W, 94 %
2025/12/04 20:54:32.566, 95.72 W, 94 %
2025/12/04 20:54:32.666, 95.72 W, 95 %
2025/12/04 20:54:32.767, 95.72 W, 95 %
2025/12/04 20:54:32.867, 95.72 W, 95 %
2025/12/04 20:54:32.967, 95.72 W, 95 %
2025/12/04 20:54:33.067, 95.72 W, 94 %
2025/12/04 20:54:33.167, 95.72 W, 94 %
2025/12/04 20:54:33.267, 95.72 W, 95 %
2025/12/04 20:54:33.367, 95.72 W, 95 %
2025/12/04 20:54:33.468, 95.72 W, 95 %
2025/12/04 20:54:33.568, 95.72 W, 95 %
2025/12/04 20:54:33.668, 95.72 W, 95 %
2025/12/04 20:54:33.768, 95.72 W, 95 %
2025/12/04 20:54:33.868, 95.72 W, 95 %
2025/12/04 20:54:33.968, 95.72 W, 95 %
2025/12/04 20:54:34.069, 95.72 W, 94 %
2025/12/04 20:54:34.169, 95.72 W, 94 %
2025/12/04 20:54:34.269, 95.72 W, 95 %
2025/12/04 20:54:34.369, 95.72 W, 95 %
2025/12/04 20:54:34.469, 95.72 W, 95 %
2025/12/04 20:54:34.569, 95.72 W, 95 %
2025/12/04 20:54:34.670, 95.72 W, 94 %
2025/12/04 20:54:34.770, 95.72 W, 94 %
2025/12/04 20:54:34.870, 95.72 W, 95 %
2025/12/04 20:54:34.970, 95.72 W, 95 %
2025/12/04 20:54:35.070, 95.72 W, 95 %
2025/12/04 20:54:35.170, 95.72 W, 95 %
2025/12/04 20:54:35.271, 95.72 W, 95 %
2025/12/04 20:54:35.371, 95.72 W, 95 %
2025/12/04 20:54:35.471, 95.72 W, 94 %
2025/12/04 20:54:35.571, 95.72 W, 94 %
2025/12/04 20:54:35.671, 95.72 W, 95 %
2025/12/04 20:54:35.771, 95.72 W, 95 %
2025/12/04 20:54:35.872, 95.72 W, 95 %
2025/12/04 20:54:35.972, 95.72 W, 95 %
2025/12/04 20:54:36.072, 95.72 W, 94 %
2025/12/04 20:54:36.172, 95.72 W, 94 %
2025/12/04 20:54:36.272, 95.72 W, 95 %
2025/12/04 20:54:36.372, 95.72 W, 95 %
2025/12/04 20:54:36.473, 95.72 W, 95 %
2025/12/04 20:54:36.573, 95.72 W, 95 %
2025/12/04 20:54:36.673, 95.72 W, 95 %
2025/12/04 20:54:36.773, 95.72 W, 95 %
2025/12/04 20:54:36.873, 95.72 W, 95 %
2025/12/04 20:54:36.973, 95.72 W, 95 %
2025/12/04 20:54:37.074, 95.72 W, 95 %
2025/12/04 20:54:37.174, 95.72 W, 95 %
2025/12/04 20:54:37.274, 95.72 W, 95 %
2025/12/04 20:54:37.374, 95.72 W, 95 %
2025/12/04 20:54:37.474, 95.72 W, 95 %
2025/12/04 20:54:37.574, 95.72 W, 95 %
2025/12/04 20:54:37.675, 95.72 W, 94 %
2025/12/04 20:54:37.775, 95.72 W, 94 %
2025/12/04 20:54:37.875, 95.72 W, 95 %
2025/12/04 20:54:37.975, 95.72 W, 95 %
2025/12/04 20:54:38.075, 95.72 W, 95 %
2025/12/04 20:54:38.175, 95.72 W, 95 %
2025/12/04 20:54:38.276, 95.72 W, 94 %
2025/12/04 20:54:38.376, 95.72 W, 94 %
2025/12/04 20:54:38.476, 95.72 W, 95 %
2025/12/04 20:54:38.576, 95.72 W, 95 %
2025/12/04 20:54:38.676, 95.72 W, 95 %
2025/12/04 20:54:38.776, 95.72 W, 95 %
2025/12/04 20:54:38.877, 95.72 W, 95 %
2025/12/04 20:54:38.977, 95.72 W, 95 %
2025/12/04 20:54:39.077, 95.72 W, 94 %
2025/12/04 20:54:39.177, 95.72 W, 94 %
2025/12/04 20:54:39.277, 95.72 W, 94 %
2025/12/04 20:54:39.377, 95.72 W, 94 %
2025/12/04 20:54:39.477, 95.72 W, 95 %
2025/12/04 20:54:39.578, 95.72 W, 95 %
2025/12/04 20:54:39.678, 95.72 W, 95 %
2025/12/04 20:54:39.778, 95.72 W, 95 %
2025/12/04 20:54:39.878, 95.72 W, 95 %
2025/12/04 20:54:39.978, 95.72 W, 95 %
2025/12/04 20:54:40.078, 95.72 W, 94 %
2025/12/04 20:54:40.179, 95.72 W, 94 %
2025/12/04 20:54:40.279, 95.72 W, 95 %
2025/12/04 20:54:40.379, 95.72 W, 95 %
2025/12/04 20:54:40.479, 95.72 W, 94 %
2025/12/04 20:54:40.579, 95.72 W, 94 %
2025/12/04 20:54:40.679, 95.72 W, 94 %
2025/12/04 20:54:40.780, 95.72 W, 94 %
2025/12/04 20:54:40.880, 95.72 W, 95 %
2025/12/04 20:54:40.980, 95.72 W, 95 %
2025/12/04 20:54:41.080, 95.72 W, 94 %
2025/12/04 20:54:41.180, 95.72 W, 94 %
2025/12/04 20:54:41.280, 95.72 W, 95 %
2025/12/04 20:54:41.381, 95.72 W, 95 %
2025/12/04 20:54:41.481, 95.72 W, 94 %
2025/12/04 20:54:41.581, 95.72 W, 94 %
2025/12/04 20:54:41.681, 95.72 W, 95 %
2025/12/04 20:54:41.781, 95.72 W, 95 %
2025/12/04 20:54:41.881, 95.72 W, 94 %
2025/12/04 20:54:41.981, 95.72 W, 94 %
2025/12/04 20:54:42.082, 95.72 W, 95 %
2025/12/04 20:54:42.182, 95.72 W, 95 %
2025/12/04 20:54:42.282, 95.72 W, 95 %
2025/12/04 20:54:42.382, 95.72 W, 95 %
2025/12/04 20:54:42.482, 95.72 W, 95 %
2025/12/04 20:54:42.582, 95.72 W, 95 %
2025/12/04 20:54:42.683, 95.72 W, 95 %
2025/12/04 20:54:42.783, 95.72 W, 95 %
2025/12/04 20:54:42.883, 95.72 W, 95 %
2025/12/04 20:54:42.983, 95.72 W, 95 %
2025/12/04 20:54:43.083, 95.72 W, 95 %
2025/12/04 20:54:43.183, 95.72 W, 95 %
2025/12/04 20:54:43.284, 95.72 W, 95 %
2025/12/04 20:54:43.384, 95.72 W, 95 %
2025/12/04 20:54:43.484, 95.72 W, 95 %
2025/12/04 20:54:43.584, 95.72 W, 95 %
2025/12/04 20:54:43.684, 95.72 W, 94 %
2025/12/04 20:54:43.784, 95.72 W, 94 %
2025/12/04 20:54:43.885, 95.72 W, 95 %
2025/12/04 20:54:43.985, 95.72 W, 95 %
2025/12/04 20:54:44.085, 95.72 W, 95 %
2025/12/04 20:54:44.185, 95.72 W, 95 %
2025/12/04 20:54:44.285, 95.72 W, 95 %
2025/12/04 20:54:44.385, 95.72 W, 95 %
2025/12/04 20:54:44.485, 95.72 W, 95 %
2025/12/04 20:54:44.586, 95.72 W, 95 %
2025/12/04 20:54:44.686, 95.72 W, 95 %
2025/12/04 20:54:44.786, 95.72 W, 95 %
2025/12/04 20:54:44.886, 95.72 W, 94 %
2025/12/04 20:54:44.986, 95.72 W, 94 %
2025/12/04 20:54:45.086, 95.72 W, 95 %
2025/12/04 20:54:45.187, 95.72 W, 95 %
2025/12/04 20:54:45.287, 95.72 W, 95 %
2025/12/04 20:54:45.387, 95.72 W, 95 %
2025/12/04 20:54:45.487, 95.72 W, 95 %
2025/12/04 20:54:45.587, 95.72 W, 95 %
2025/12/04 20:54:45.687, 95.72 W, 95 %
2025/12/04 20:54:45.788, 95.72 W, 95 %
2025/12/04 20:54:45.888, 95.72 W, 94 %
2025/12/04 20:54:45.988, 95.72 W, 94 %
2025/12/04 20:54:46.088, 95.72 W, 95 %
2025/12/04 20:54:46.188, 95.72 W, 95 %
2025/12/04 20:54:46.288, 95.72 W, 95 %
2025/12/04 20:54:46.389, 95.72 W, 95 %
2025/12/04 20:54:46.489, 95.72 W, 94 %
2025/12/04 20:54:46.589, 95.72 W, 94 %
2025/12/04 20:54:46.689, 95.72 W, 95 %
2025/12/04 20:54:46.789, 95.72 W, 95 %
2025/12/04 20:54:46.889, 95.72 W, 95 %
2025/12/04 20:54:46.990, 95.72 W, 95 %
2025/12/04 20:54:47.090, 95.72 W, 95 %
2025/12/04 20:54:47.190, 95.72 W, 95 %
2025/12/04 20:54:47.290, 95.72 W, 95 %
2025/12/04 20:54:47.390, 95.72 W, 95 %
2025/12/04 20:54:47.490, 95.72 W, 95 %
2025/12/04 20:54:47.590, 95.72 W, 95 %
2025/12/04 20:54:47.691, 95.72 W, 95 %
2025/12/04 20:54:47.791, 95.72 W, 95 %
2025/12/04 20:54:47.891, 95.72 W, 94 %
2025/12/04 20:54:47.991, 95.72 W, 94 %
2025/12/04 20:54:48.091, 95.72 W, 95 %
2025/12/04 20:54:48.191, 95.72 W, 95 %
2025/12/04 20:54:48.292, 95.72 W, 95 %
2025/12/04 20:54:48.392, 95.72 W, 95 %
2025/12/04 20:54:48.492, 95.72 W, 95 %
2025/12/04 20:54:48.592, 95.72 W, 95 %
2025/12/04 20:54:48.692, 95.72 W, 95 %
2025/12/04 20:54:48.792, 95.72 W, 95 %
2025/12/04 20:54:48.893, 95.72 W, 95 %
2025/12/04 20:54:48.993, 95.72 W, 95 %
2025/12/04 20:54:49.093, 95.72 W, 95 %
2025/12/04 20:54:49.193, 95.72 W, 95 %
2025/12/04 20:54:49.293, 95.72 W, 95 %
2025/12/04 20:54:49.393, 95.72 W, 95 %
2025/12/04 20:54:49.493, 95.72 W, 95 %
2025/12/04 20:54:49.594, 95.72 W, 95 %
2025/12/04 20:54:49.694, 95.72 W, 95 %
2025/12/04 20:54:49.794, 95.72 W, 95 %
2025/12/04 20:54:49.894, 95.72 W, 95 %
2025/12/04 20:54:49.994, 95.72 W, 95 %
2025/12/04 20:54:50.094, 95.72 W, 95 %
2025/12/04 20:54:50.195, 95.72 W, 95 %
2025/12/04 20:54:50.295, 95.72 W, 95 %
2025/12/04 20:54:50.395, 95.72 W, 95 %
2025/12/04 20:54:50.495, 95.72 W, 95 %
2025/12/04 20:54:50.595, 95.72 W, 95 %
2025/12/04 20:54:50.695, 95.72 W, 95 %
2025/12/04 20:54:50.796, 95.72 W, 95 %
2025/12/04 20:54:50.896, 95.72 W, 95 %
2025/12/04 20:54:50.996, 95.72 W, 95 %
2025/12/04 20:54:51.096, 95.72 W, 95 %
2025/12/04 20:54:51.196, 95.72 W, 95 %
2025/12/04 20:54:51.296, 95.72 W, 95 %
2025/12/04 20:54:51.397, 95.72 W, 95 %
2025/12/04 20:54:51.497, 95.72 W, 95 %
2025/12/04 20:54:51.597, 95.72 W, 95 %
2025/12/04 20:54:51.697, 95.72 W, 94 %
2025/12/04 20:54:51.797, 95.72 W, 94 %
2025/12/04 20:54:51.897, 95.72 W, 95 %
2025/12/04 20:54:51.997, 95.72 W, 95 %
2025/12/04 20:54:52.098, 95.72 W, 94 %
2025/12/04 20:54:52.198, 95.72 W, 94 %
2025/12/04 20:54:52.298, 95.72 W, 95 %
2025/12/04 20:54:52.398, 95.72 W, 95 %
2025/12/04 20:54:52.498, 95.72 W, 95 %
2025/12/04 20:54:52.598, 95.72 W, 95 %
2025/12/04 20:54:52.699, 95.72 W, 95 %
2025/12/04 20:54:52.799, 95.72 W, 95 %
2025/12/04 20:54:52.899, 95.72 W, 95 %
2025/12/04 20:54:52.999, 95.72 W, 95 %
2025/12/04 20:54:53.099, 95.72 W, 95 %
2025/12/04 20:54:53.199, 95.72 W, 95 %
2025/12/04 20:54:53.300, 95.72 W, 95 %
2025/12/04 20:54:53.400, 95.72 W, 95 %
2025/12/04 20:54:53.500, 95.72 W, 95 %
2025/12/04 20:54:53.600, 95.72 W, 95 %
2025/12/04 20:54:53.700, 95.39 W, 95 %
2025/12/04 20:54:53.800, 95.72 W, 95 %
2025/12/04 20:54:53.901, 95.72 W, 95 %
2025/12/04 20:54:54.001, 95.72 W, 95 %
2025/12/04 20:54:54.101, 95.72 W, 95 %
2025/12/04 20:54:54.201, 95.72 W, 95 %
2025/12/04 20:54:54.301, 95.72 W, 95 %
2025/12/04 20:54:54.401, 95.72 W, 95 %
2025/12/04 20:54:54.501, 95.72 W, 95 %
2025/12/04 20:54:54.602, 95.72 W, 95 %
2025/12/04 20:54:54.702, 95.72 W, 95 %
2025/12/04 20:54:54.802, 95.72 W, 95 %
2025/12/04 20:54:54.902, 95.72 W, 95 %
2025/12/04 20:54:55.002, 95.72 W, 95 %
2025/12/04 20:54:55.102, 95.72 W, 95 %
2025/12/04 20:54:55.203, 95.72 W, 95 %
2025/12/04 20:54:55.303, 95.72 W, 95 %
2025/12/04 20:54:55.403, 95.72 W, 95 %
2025/12/04 20:54:55.503, 95.72 W, 95 %
2025/12/04 20:54:55.603, 95.72 W, 95 %
2025/12/04 20:54:55.703, 95.72 W, 95 %
2025/12/04 20:54:55.804, 95.72 W, 95 %
2025/12/04 20:54:55.904, 95.72 W, 95 %
2025/12/04 20:54:56.004, 95.72 W, 95 %
2025/12/04 20:54:56.104, 95.72 W, 94 %
2025/12/04 20:54:56.204, 95.72 W, 94 %
2025/12/04 20:54:56.304, 95.72 W, 94 %
2025/12/04 20:54:56.405, 95.72 W, 94 %
2025/12/04 20:54:56.505, 95.72 W, 94 %
2025/12/04 20:54:56.605, 95.72 W, 94 %
2025/12/04 20:54:56.705, 95.72 W, 95 %
2025/12/04 20:54:56.805, 95.72 W, 95 %
2025/12/04 20:54:56.905, 95.72 W, 95 %
2025/12/04 20:54:57.006, 95.72 W, 95 %
2025/12/04 20:54:57.106, 95.72 W, 95 %
2025/12/04 20:54:57.206, 95.72 W, 95 %
2025/12/04 20:54:57.306, 95.72 W, 94 %
2025/12/04 20:54:57.406, 95.72 W, 94 %
2025/12/04 20:54:57.506, 95.72 W, 95 %
2025/12/04 20:54:57.606, 95.72 W, 95 %
2025/12/04 20:54:57.707, 95.72 W, 95 %
2025/12/04 20:54:57.807, 95.72 W, 95 %
2025/12/04 20:54:57.907, 95.72 W, 95 %
2025/12/04 20:54:58.007, 95.72 W, 95 %
2025/12/04 20:54:58.107, 95.72 W, 95 %
2025/12/04 20:54:58.207, 95.72 W, 95 %
2025/12/04 20:54:58.308, 95.72 W, 94 %
2025/12/04 20:54:58.408, 95.72 W, 94 %
2025/12/04 20:54:58.508, 95.72 W, 94 %
2025/12/04 20:54:58.608, 95.72 W, 94 %
2025/12/04 20:54:58.708, 95.72 W, 95 %
2025/12/04 20:54:58.808, 95.72 W, 95 %
2025/12/04 20:54:58.909, 95.72 W, 95 %
2025/12/04 20:54:59.009, 95.72 W, 95 %
2025/12/04 20:54:59.109, 95.72 W, 95 %
2025/12/04 20:54:59.209, 95.72 W, 95 %
2025/12/04 20:54:59.309, 95.72 W, 94 %
2025/12/04 20:54:59.409, 95.72 W, 94 %
2025/12/04 20:54:59.510, 95.72 W, 94 %
2025/12/04 20:54:59.610, 95.72 W, 94 %
2025/12/04 20:54:59.710, 95.72 W, 95 %
2025/12/04 20:54:59.810, 95.72 W, 95 %
2025/12/04 20:54:59.910, 95.72 W, 94 %
2025/12/04 20:55:00.010, 95.72 W, 94 %
2025/12/04 20:55:00.111, 95.72 W, 94 %
2025/12/04 20:55:00.211, 95.72 W, 94 %
2025/12/04 20:55:00.311, 95.72 W, 95 %
2025/12/04 20:55:00.411, 95.72 W, 95 %
2025/12/04 20:55:00.511, 95.72 W, 94 %
2025/12/04 20:55:00.611, 95.72 W, 94 %
2025/12/04 20:55:00.711, 95.72 W, 95 %
2025/12/04 20:55:00.812, 95.72 W, 95 %
2025/12/04 20:55:00.912, 95.72 W, 95 %
2025/12/04 20:55:01.012, 95.72 W, 95 %
2025/12/04 20:55:01.112, 95.72 W, 95 %
2025/12/04 20:55:01.212, 95.72 W, 95 %
2025/12/04 20:55:01.312, 95.72 W, 95 %
2025/12/04 20:55:01.413, 95.72 W, 95 %
2025/12/04 20:55:01.513, 95.72 W, 95 %
2025/12/04 20:55:01.613, 95.72 W, 95 %
2025/12/04 20:55:01.713, 95.72 W, 94 %
2025/12/04 20:55:01.813, 95.72 W, 94 %
2025/12/04 20:55:01.913, 95.72 W, 95 %
2025/12/04 20:55:02.014, 95.72 W, 95 %
2025/12/04 20:55:02.114, 95.72 W, 95 %
2025/12/04 20:55:02.214, 95.72 W, 95 %
2025/12/04 20:55:02.314, 95.72 W, 95 %
2025/12/04 20:55:02.414, 95.72 W, 95 %
2025/12/04 20:55:02.514, 95.72 W, 95 %
2025/12/04 20:55:02.615, 95.72 W, 95 %
2025/12/04 20:55:02.715, 95.72 W, 95 %
2025/12/04 20:55:02.815, 95.72 W, 95 %
2025/12/04 20:55:02.915, 95.72 W, 95 %
2025/12/04 20:55:03.015, 95.72 W, 95 %
2025/12/04 20:55:03.115, 95.72 W, 95 %
2025/12/04 20:55:03.215, 95.72 W, 95 %
2025/12/04 20:55:03.316, 95.72 W, 95 %
2025/12/04 20:55:03.416, 95.72 W, 95 %
2025/12/04 20:55:03.516, 95.72 W, 95 %
2025/12/04 20:55:03.616, 95.72 W, 95 %
2025/12/04 20:55:03.716, 95.72 W, 94 %
2025/12/04 20:55:03.816, 95.72 W, 94 %
2025/12/04 20:55:03.917, 95.72 W, 94 %
2025/12/04 20:55:04.017, 95.72 W, 94 %
2025/12/04 20:55:04.117, 95.72 W, 95 %
2025/12/04 20:55:04.217, 95.72 W, 95 %
2025/12/04 20:55:04.317, 95.72 W, 95 %
2025/12/04 20:55:04.417, 95.72 W, 95 %
2025/12/04 20:55:04.518, 95.72 W, 95 %
2025/12/04 20:55:04.618, 95.72 W, 95 %
2025/12/04 20:55:04.718, 95.72 W, 95 %
2025/12/04 20:55:04.818, 95.72 W, 95 %
2025/12/04 20:55:04.918, 95.72 W, 95 %
2025/12/04 20:55:05.018, 95.72 W, 95 %
2025/12/04 20:55:05.119, 95.72 W, 95 %
2025/12/04 20:55:05.219, 95.72 W, 95 %
2025/12/04 20:55:05.319, 95.72 W, 95 %
2025/12/04 20:55:05.419, 95.72 W, 95 %
2025/12/04 20:55:05.519, 95.72 W, 95 %
2025/12/04 20:55:05.619, 95.72 W, 95 %
2025/12/04 20:55:05.719, 95.72 W, 95 %
2025/12/04 20:55:05.820, 95.72 W, 95 %
2025/12/04 20:55:05.920, 95.72 W, 95 %
2025/12/04 20:55:06.020, 95.72 W, 95 %
2025/12/04 20:55:06.120, 95.72 W, 95 %
2025/12/04 20:55:06.220, 95.72 W, 95 %
2025/12/04 20:55:06.320, 95.72 W, 95 %
2025/12/04 20:55:06.421, 95.72 W, 95 %
2025/12/04 20:55:06.521, 95.72 W, 94 %
2025/12/04 20:55:06.621, 95.72 W, 94 %
2025/12/04 20:55:06.721, 95.72 W, 95 %
2025/12/04 20:55:06.821, 95.72 W, 95 %
2025/12/04 20:55:06.921, 95.72 W, 94 %
2025/12/04 20:55:07.022, 95.72 W, 94 %
2025/12/04 20:55:07.122, 95.72 W, 94 %
2025/12/04 20:55:07.222, 95.72 W, 94 %
2025/12/04 20:55:07.322, 95.72 W, 95 %
2025/12/04 20:55:07.422, 95.72 W, 95 %
2025/12/04 20:55:07.522, 95.72 W, 95 %
2025/12/04 20:55:07.623, 95.72 W, 95 %
2025/12/04 20:55:07.723, 95.72 W, 95 %
2025/12/04 20:55:07.823, 95.72 W, 95 %
2025/12/04 20:55:07.923, 95.72 W, 95 %
2025/12/04 20:55:08.023, 95.72 W, 95 %
2025/12/04 20:55:08.123, 95.72 W, 94 %
2025/12/04 20:55:08.224, 95.72 W, 94 %
2025/12/04 20:55:08.324, 95.72 W, 94 %
2025/12/04 20:55:08.424, 95.72 W, 94 %
2025/12/04 20:55:08.524, 95.72 W, 95 %
2025/12/04 20:55:08.624, 95.72 W, 95 %
2025/12/04 20:55:08.724, 95.72 W, 95 %
2025/12/04 20:55:08.825, 95.72 W, 95 %
2025/12/04 20:55:08.925, 95.72 W, 95 %
2025/12/04 20:55:09.025, 95.72 W, 95 %
2025/12/04 20:55:09.125, 95.72 W, 94 %
2025/12/04 20:55:09.225, 95.72 W, 94 %
2025/12/04 20:55:09.325, 95.72 W, 95 %
2025/12/04 20:55:09.425, 95.72 W, 95 %
2025/12/04 20:55:09.526, 95.72 W, 94 %
2025/12/04 20:55:09.626, 95.72 W, 94 %
2025/12/04 20:55:09.726, 95.72 W, 94 %
2025/12/04 20:55:09.826, 95.72 W, 94 %
2025/12/04 20:55:09.926, 95.72 W, 95 %
2025/12/04 20:55:10.026, 95.72 W, 95 %
2025/12/04 20:55:10.127, 95.72 W, 95 %
2025/12/04 20:55:10.227, 95.72 W, 95 %
2025/12/04 20:55:10.327, 95.72 W, 94 %
2025/12/04 20:55:10.427, 95.72 W, 94 %
2025/12/04 20:55:10.527, 95.72 W, 95 %
2025/12/04 20:55:10.627, 95.72 W, 95 %
2025/12/04 20:55:10.728, 95.72 W, 95 %
2025/12/04 20:55:10.828, 95.72 W, 95 %
2025/12/04 20:55:10.928, 95.72 W, 95 %
2025/12/04 20:55:11.028, 95.72 W, 95 %
2025/12/04 20:55:11.128, 95.72 W, 95 %
2025/12/04 20:55:11.228, 95.72 W, 95 %
2025/12/04 20:55:11.329, 95.72 W, 94 %
2025/12/04 20:55:11.429, 95.72 W, 94 %
2025/12/04 20:55:11.529, 95.72 W, 95 %
2025/12/04 20:55:11.629, 95.72 W, 95 %
2025/12/04 20:55:11.729, 95.72 W, 94 %
2025/12/04 20:55:11.829, 95.72 W, 94 %
2025/12/04 20:55:11.929, 95.72 W, 95 %
2025/12/04 20:55:12.030, 95.72 W, 95 %
2025/12/04 20:55:12.130, 95.72 W, 94 %
2025/12/04 20:55:12.230, 95.72 W, 94 %
2025/12/04 20:55:12.330, 95.72 W, 94 %
2025/12/04 20:55:12.430, 95.72 W, 94 %
2025/12/04 20:55:12.530, 95.72 W, 94 %
2025/12/04 20:55:12.631, 95.72 W, 94 %
2025/12/04 20:55:12.731, 95.72 W, 95 %
2025/12/04 20:55:12.831, 95.72 W, 95 %
2025/12/04 20:55:12.931, 95.72 W, 95 %
2025/12/04 20:55:13.031, 95.72 W, 95 %
2025/12/04 20:55:13.131, 95.72 W, 95 %
2025/12/04 20:55:13.232, 95.72 W, 95 %
2025/12/04 20:55:13.332, 95.72 W, 95 %
2025/12/04 20:55:13.432, 95.72 W, 95 %
2025/12/04 20:55:13.532, 95.72 W, 95 %
2025/12/04 20:55:13.632, 95.72 W, 95 %
2025/12/04 20:55:13.732, 95.72 W, 94 %
2025/12/04 20:55:13.833, 95.72 W, 94 %
2025/12/04 20:55:13.933, 95.72 W, 94 %
2025/12/04 20:55:14.033, 95.72 W, 94 %
2025/12/04 20:55:14.133, 95.72 W, 95 %
2025/12/04 20:55:14.233, 95.72 W, 95 %
2025/12/04 20:55:14.333, 95.72 W, 95 %
2025/12/04 20:55:14.434, 95.72 W, 95 %
2025/12/04 20:55:14.534, 95.72 W, 94 %
2025/12/04 20:55:14.634, 95.72 W, 94 %
2025/12/04 20:55:14.734, 95.72 W, 94 %
2025/12/04 20:55:14.834, 95.72 W, 94 %
2025/12/04 20:55:14.934, 95.72 W, 95 %
2025/12/04 20:55:15.034, 95.72 W, 95 %
2025/12/04 20:55:15.135, 95.72 W, 95 %
2025/12/04 20:55:15.235, 95.72 W, 95 %
2025/12/04 20:55:15.335, 95.72 W, 94 %
2025/12/04 20:55:15.435, 95.72 W, 94 %
2025/12/04 20:55:15.535, 95.72 W, 95 %
2025/12/04 20:55:15.635, 95.72 W, 95 %
2025/12/04 20:55:15.736, 95.72 W, 94 %
2025/12/04 20:55:15.836, 95.72 W, 94 %
2025/12/04 20:55:15.936, 95.72 W, 95 %
2025/12/04 20:55:16.036, 95.72 W, 95 %
2025/12/04 20:55:16.136, 95.72 W, 95 %
2025/12/04 20:55:16.236, 95.72 W, 95 %
2025/12/04 20:55:16.337, 95.72 W, 95 %
2025/12/04 20:55:16.437, 95.72 W, 95 %
2025/12/04 20:55:16.537, 95.72 W, 95 %
2025/12/04 20:55:16.637, 95.72 W, 95 %
2025/12/04 20:55:16.737, 95.72 W, 94 %
2025/12/04 20:55:16.837, 95.72 W, 94 %
2025/12/04 20:55:16.938, 95.72 W, 94 %
2025/12/04 20:55:17.038, 95.72 W, 94 %
2025/12/04 20:55:17.138, 95.72 W, 95 %
2025/12/04 20:55:17.238, 95.72 W, 95 %
2025/12/04 20:55:17.338, 95.72 W, 95 %
2025/12/04 20:55:17.438, 95.72 W, 95 %
2025/12/04 20:55:17.539, 95.72 W, 95 %
2025/12/04 20:55:17.639, 95.72 W, 95 %
2025/12/04 20:55:17.739, 95.72 W, 95 %
2025/12/04 20:55:17.839, 95.72 W, 95 %
2025/12/04 20:55:17.939, 95.72 W, 94 %
2025/12/04 20:55:18.039, 95.72 W, 94 %
2025/12/04 20:55:18.139, 95.72 W, 93 %
2025/12/04 20:55:18.240, 95.72 W, 93 %
2025/12/04 20:55:18.340, 95.72 W, 95 %
2025/12/04 20:55:18.440, 95.72 W, 95 %
2025/12/04 20:55:18.540, 95.72 W, 95 %
2025/12/04 20:55:18.640, 95.72 W, 95 %
2025/12/04 20:55:18.740, 95.72 W, 95 %
2025/12/04 20:55:18.841, 95.72 W, 95 %
2025/12/04 20:55:18.941, 95.72 W, 94 %
2025/12/04 20:55:19.041, 95.72 W, 94 %
2025/12/04 20:55:19.141, 95.72 W, 95 %
2025/12/04 20:55:19.241, 95.72 W, 95 %
2025/12/04 20:55:19.341, 95.72 W, 95 %
2025/12/04 20:55:19.442, 95.72 W, 95 %
2025/12/04 20:55:19.542, 95.72 W, 94 %
2025/12/04 20:55:19.642, 95.72 W, 94 %
2025/12/04 20:55:19.742, 95.72 W, 95 %
2025/12/04 20:55:19.842, 95.72 W, 95 %
2025/12/04 20:55:19.942, 95.72 W, 94 %
2025/12/04 20:55:20.043, 95.72 W, 94 %
2025/12/04 20:55:20.143, 95.72 W, 94 %
2025/12/04 20:55:20.243, 95.72 W, 94 %
2025/12/04 20:55:20.343, 95.72 W, 94 %
2025/12/04 20:55:20.443, 95.72 W, 94 %
2025/12/04 20:55:20.543, 95.72 W, 94 %
2025/12/04 20:55:20.644, 95.72 W, 94 %
2025/12/04 20:55:20.744, 95.72 W, 94 %
2025/12/04 20:55:20.844, 95.72 W, 94 %
2025/12/04 20:55:20.944, 95.72 W, 94 %
2025/12/04 20:55:21.044, 95.72 W, 94 %
2025/12/04 20:55:21.144, 95.72 W, 95 %
2025/12/04 20:55:21.244, 95.72 W, 95 %
2025/12/04 20:55:21.345, 95.72 W, 94 %
2025/12/04 20:55:21.445, 95.72 W, 94 %
2025/12/04 20:55:21.545, 95.72 W, 95 %
2025/12/04 20:55:21.645, 95.72 W, 95 %
2025/12/04 20:55:21.745, 95.72 W, 95 %
2025/12/04 20:55:21.845, 95.72 W, 95 %
2025/12/04 20:55:21.946, 95.72 W, 95 %
2025/12/04 20:55:22.046, 95.72 W, 95 %
2025/12/04 20:55:22.146, 95.72 W, 95 %
2025/12/04 20:55:22.246, 95.72 W, 95 %
2025/12/04 20:55:22.346, 95.72 W, 94 %
2025/12/04 20:55:22.446, 95.72 W, 94 %
2025/12/04 20:55:22.546, 95.72 W, 94 %
2025/12/04 20:55:22.647, 95.72 W, 94 %
2025/12/04 20:55:22.747, 95.72 W, 95 %
2025/12/04 20:55:22.847, 95.72 W, 95 %
2025/12/04 20:55:22.947, 95.72 W, 95 %
2025/12/04 20:55:23.047, 95.72 W, 95 %
2025/12/04 20:55:23.147, 95.72 W, 95 %
2025/12/04 20:55:23.248, 95.72 W, 95 %
2025/12/04 20:55:23.348, 95.72 W, 95 %
2025/12/04 20:55:23.448, 95.72 W, 95 %
2025/12/04 20:55:23.548, 95.72 W, 95 %
2025/12/04 20:55:23.648, 95.72 W, 95 %
2025/12/04 20:55:23.748, 95.72 W, 95 %
2025/12/04 20:55:23.849, 95.72 W, 95 %
2025/12/04 20:55:23.949, 95.72 W, 94 %
2025/12/04 20:55:24.049, 95.72 W, 94 %
2025/12/04 20:55:24.149, 95.72 W, 95 %
2025/12/04 20:55:24.249, 95.72 W, 95 %
2025/12/04 20:55:24.349, 95.72 W, 95 %
2025/12/04 20:55:24.450, 95.72 W, 95 %
2025/12/04 20:55:24.550, 95.72 W, 94 %
2025/12/04 20:55:24.650, 95.72 W, 94 %
2025/12/04 20:55:24.750, 95.72 W, 95 %
2025/12/04 20:55:24.850, 95.72 W, 95 %
2025/12/04 20:55:24.950, 95.72 W, 95 %
2025/12/04 20:55:25.050, 95.72 W, 95 %
2025/12/04 20:55:25.151, 95.72 W, 95 %
2025/12/04 20:55:25.251, 95.72 W, 95 %
2025/12/04 20:55:25.351, 95.72 W, 94 %
2025/12/04 20:55:25.451, 95.72 W, 94 %
2025/12/04 20:55:25.551, 95.72 W, 94 %
2025/12/04 20:55:25.651, 95.72 W, 94 %
2025/12/04 20:55:25.752, 95.72 W, 95 %
2025/12/04 20:55:25.852, 95.72 W, 95 %
2025/12/04 20:55:25.952, 95.72 W, 95 %
2025/12/04 20:55:26.052, 95.72 W, 95 %
2025/12/04 20:55:26.152, 95.72 W, 95 %
2025/12/04 20:55:26.252, 95.72 W, 95 %
2025/12/04 20:55:26.353, 95.72 W, 95 %
2025/12/04 20:55:26.453, 95.72 W, 95 %
2025/12/04 20:55:26.553, 95.72 W, 95 %
2025/12/04 20:55:26.653, 95.72 W, 95 %
2025/12/04 20:55:26.753, 95.72 W, 94 %
2025/12/04 20:55:26.853, 95.72 W, 94 %
2025/12/04 20:55:26.953, 95.72 W, 95 %
2025/12/04 20:55:27.054, 95.72 W, 95 %
2025/12/04 20:55:27.154, 95.72 W, 95 %
2025/12/04 20:55:27.254, 95.72 W, 95 %
2025/12/04 20:55:27.354, 95.72 W, 95 %
2025/12/04 20:55:27.454, 95.72 W, 95 %
2025/12/04 20:55:27.554, 95.72 W, 95 %
2025/12/04 20:55:27.655, 95.72 W, 95 %
2025/12/04 20:55:27.755, 95.72 W, 94 %
2025/12/04 20:55:27.855, 95.72 W, 94 %
2025/12/04 20:55:27.955, 95.72 W, 95 %
2025/12/04 20:55:28.055, 95.72 W, 95 %
2025/12/04 20:55:28.155, 95.72 W, 94 %
2025/12/04 20:55:28.256, 95.72 W, 94 %
2025/12/04 20:55:28.356, 95.72 W, 95 %
2025/12/04 20:55:28.456, 95.72 W, 95 %
2025/12/04 20:55:28.556, 95.72 W, 95 %
2025/12/04 20:55:28.656, 95.72 W, 95 %
2025/12/04 20:55:28.756, 95.72 W, 94 %
2025/12/04 20:55:28.857, 95.72 W, 94 %
2025/12/04 20:55:28.957, 95.72 W, 94 %
2025/12/04 20:55:29.057, 95.72 W, 94 %
2025/12/04 20:55:29.157, 95.72 W, 95 %
2025/12/04 20:55:29.257, 95.72 W, 95 %
2025/12/04 20:55:29.357, 95.72 W, 95 %
2025/12/04 20:55:29.458, 95.72 W, 95 %
2025/12/04 20:55:29.558, 95.72 W, 95 %
2025/12/04 20:55:29.658, 95.72 W, 95 %
2025/12/04 20:55:29.758, 95.72 W, 94 %
2025/12/04 20:55:29.858, 95.72 W, 94 %
2025/12/04 20:55:29.958, 95.72 W, 94 %
2025/12/04 20:55:30.058, 95.72 W, 94 %
2025/12/04 20:55:30.159, 95.72 W, 95 %
2025/12/04 20:55:30.259, 95.72 W, 95 %
2025/12/04 20:55:30.359, 95.72 W, 95 %
2025/12/04 20:55:30.459, 95.72 W, 95 %
2025/12/04 20:55:30.559, 95.72 W, 95 %
2025/12/04 20:55:30.659, 95.72 W, 95 %
2025/12/04 20:55:30.760, 95.72 W, 94 %
2025/12/04 20:55:30.860, 95.72 W, 94 %
2025/12/04 20:55:30.960, 95.72 W, 94 %
2025/12/04 20:55:31.060, 95.72 W, 94 %
2025/12/04 20:55:31.160, 95.99 W, 94 %
2025/12/04 20:55:31.260, 95.72 W, 94 %
2025/12/04 20:55:31.360, 95.72 W, 95 %
2025/12/04 20:55:31.461, 95.72 W, 95 %
2025/12/04 20:55:31.561, 95.72 W, 95 %
2025/12/04 20:55:31.661, 95.72 W, 95 %
2025/12/04 20:55:31.761, 95.72 W, 95 %
2025/12/04 20:55:31.861, 95.72 W, 95 %
2025/12/04 20:55:31.961, 95.72 W, 95 %
2025/12/04 20:55:32.062, 95.72 W, 95 %
2025/12/04 20:55:32.162, 95.72 W, 94 %
2025/12/04 20:55:32.262, 95.72 W, 94 %
2025/12/04 20:55:32.362, 95.72 W, 95 %
2025/12/04 20:55:32.462, 95.72 W, 95 %
2025/12/04 20:55:32.562, 95.72 W, 94 %
2025/12/04 20:55:32.663, 95.72 W, 94 %
2025/12/04 20:55:32.763, 95.72 W, 94 %
2025/12/04 20:55:32.863, 95.72 W, 94 %
2025/12/04 20:55:32.963, 95.72 W, 95 %
2025/12/04 20:55:33.063, 95.72 W, 95 %
2025/12/04 20:55:33.163, 95.72 W, 94 %
2025/12/04 20:55:33.264, 95.72 W, 94 %
2025/12/04 20:55:33.364, 95.72 W, 95 %
2025/12/04 20:55:33.464, 95.72 W, 95 %
2025/12/04 20:55:33.564, 95.72 W, 95 %
2025/12/04 20:55:33.664, 95.72 W, 95 %
2025/12/04 20:55:33.764, 95.72 W, 95 %
2025/12/04 20:55:33.864, 95.72 W, 95 %
2025/12/04 20:55:33.965, 95.72 W, 94 %
2025/12/04 20:55:34.065, 95.72 W, 94 %
2025/12/04 20:55:34.165, 95.72 W, 94 %
2025/12/04 20:55:34.265, 95.72 W, 94 %
2025/12/04 20:55:34.365, 95.72 W, 95 %
2025/12/04 20:55:34.465, 95.72 W, 95 %
2025/12/04 20:55:34.566, 95.72 W, 95 %
2025/12/04 20:55:34.666, 95.72 W, 95 %
2025/12/04 20:55:34.766, 95.72 W, 95 %
2025/12/04 20:55:34.866, 95.72 W, 95 %
2025/12/04 20:55:34.966, 95.72 W, 95 %
2025/12/04 20:55:35.066, 95.72 W, 95 %
2025/12/04 20:55:35.167, 95.72 W, 94 %
2025/12/04 20:55:35.267, 95.72 W, 94 %
2025/12/04 20:55:35.367, 95.72 W, 94 %
2025/12/04 20:55:35.467, 95.72 W, 94 %
2025/12/04 20:55:35.567, 95.72 W, 94 %
2025/12/04 20:55:35.667, 95.72 W, 94 %
2025/12/04 20:55:35.768, 95.72 W, 95 %
2025/12/04 20:55:35.868, 95.72 W, 95 %
2025/12/04 20:55:35.968, 95.72 W, 94 %
2025/12/04 20:55:36.068, 95.72 W, 94 %
2025/12/04 20:55:36.168, 95.72 W, 95 %
2025/12/04 20:55:36.268, 95.72 W, 95 %
2025/12/04 20:55:36.368, 95.72 W, 95 %
2025/12/04 20:55:36.469, 95.72 W, 95 %
2025/12/04 20:55:36.569, 95.72 W, 94 %
2025/12/04 20:55:36.669, 95.72 W, 94 %
2025/12/04 20:55:36.769, 95.72 W, 95 %
2025/12/04 20:55:36.869, 95.72 W, 95 %
2025/12/04 20:55:36.969, 95.72 W, 94 %
2025/12/04 20:55:37.070, 95.72 W, 94 %
2025/12/04 20:55:37.170, 95.72 W, 95 %
2025/12/04 20:55:37.270, 95.72 W, 95 %
2025/12/04 20:55:37.370, 95.72 W, 95 %
2025/12/04 20:55:37.470, 95.72 W, 95 %
2025/12/04 20:55:37.570, 95.72 W, 95 %
2025/12/04 20:55:37.671, 95.72 W, 95 %
2025/12/04 20:55:37.771, 95.72 W, 94 %
2025/12/04 20:55:37.871, 95.72 W, 94 %
2025/12/04 20:55:37.971, 95.72 W, 95 %
2025/12/04 20:55:38.071, 95.72 W, 95 %
2025/12/04 20:55:38.171, 95.72 W, 95 %
2025/12/04 20:55:38.272, 95.72 W, 95 %
2025/12/04 20:55:38.372, 95.72 W, 95 %
2025/12/04 20:55:38.472, 95.72 W, 95 %
2025/12/04 20:55:38.572, 95.72 W, 94 %
2025/12/04 20:55:38.672, 95.72 W, 94 %
2025/12/04 20:55:38.772, 95.72 W, 94 %
2025/12/04 20:55:38.873, 95.72 W, 94 %
2025/12/04 20:55:38.973, 95.72 W, 94 %
2025/12/04 20:55:39.073, 95.72 W, 94 %
2025/12/04 20:55:39.173, 95.72 W, 95 %
2025/12/04 20:55:39.273, 95.72 W, 95 %
2025/12/04 20:55:39.373, 95.72 W, 95 %
2025/12/04 20:55:39.473, 95.72 W, 95 %
2025/12/04 20:55:39.574, 95.72 W, 95 %
2025/12/04 20:55:39.674, 95.72 W, 95 %
2025/12/04 20:55:39.774, 95.72 W, 95 %
2025/12/04 20:55:39.874, 95.72 W, 95 %
2025/12/04 20:55:39.974, 95.72 W, 94 %
2025/12/04 20:55:40.074, 95.72 W, 94 %
2025/12/04 20:55:40.175, 95.72 W, 95 %
2025/12/04 20:55:40.275, 95.72 W, 95 %
2025/12/04 20:55:40.375, 95.72 W, 95 %
2025/12/04 20:55:40.475, 95.72 W, 95 %
2025/12/04 20:55:40.575, 95.72 W, 95 %
2025/12/04 20:55:40.675, 95.72 W, 95 %
2025/12/04 20:55:40.776, 95.72 W, 95 %
2025/12/04 20:55:40.876, 95.72 W, 95 %
2025/12/04 20:55:40.976, 95.72 W, 94 %
2025/12/04 20:55:41.076, 95.72 W, 94 %
2025/12/04 20:55:41.176, 95.72 W, 95 %
2025/12/04 20:55:41.276, 95.72 W, 95 %
2025/12/04 20:55:41.376, 95.72 W, 94 %
2025/12/04 20:55:41.477, 95.72 W, 94 %
2025/12/04 20:55:41.577, 95.72 W, 95 %
2025/12/04 20:55:41.677, 95.72 W, 95 %
2025/12/04 20:55:41.777, 95.72 W, 95 %
2025/12/04 20:55:41.877, 95.72 W, 95 %
2025/12/04 20:55:41.977, 95.72 W, 95 %
2025/12/04 20:55:42.078, 95.72 W, 95 %
2025/12/04 20:55:42.178, 95.72 W, 95 %
2025/12/04 20:55:42.278, 95.72 W, 95 %
2025/12/04 20:55:42.378, 95.72 W, 95 %
2025/12/04 20:55:42.478, 95.72 W, 95 %
2025/12/04 20:55:42.578, 95.72 W, 95 %
2025/12/04 20:55:42.679, 95.72 W, 95 %
2025/12/04 20:55:42.779, 95.72 W, 94 %
2025/12/04 20:55:42.879, 95.72 W, 94 %
2025/12/04 20:55:42.979, 95.72 W, 94 %
2025/12/04 20:55:43.079, 95.72 W, 94 %
2025/12/04 20:55:43.179, 95.72 W, 95 %
2025/12/04 20:55:43.280, 95.72 W, 95 %
2025/12/04 20:55:43.380, 95.72 W, 95 %
2025/12/04 20:55:43.480, 95.72 W, 95 %
2025/12/04 20:55:43.580, 95.72 W, 95 %
2025/12/04 20:55:43.680, 95.72 W, 95 %
2025/12/04 20:55:43.780, 95.72 W, 95 %
2025/12/04 20:55:43.881, 95.72 W, 95 %
2025/12/04 20:55:43.981, 95.72 W, 95 %
2025/12/04 20:55:44.081, 95.72 W, 95 %
2025/12/04 20:55:44.181, 95.72 W, 95 %
2025/12/04 20:55:44.281, 95.72 W, 95 %
2025/12/04 20:55:44.381, 95.72 W, 95 %
2025/12/04 20:55:44.481, 95.72 W, 95 %
2025/12/04 20:55:44.582, 95.72 W, 95 %
2025/12/04 20:55:44.682, 95.72 W, 95 %
2025/12/04 20:55:44.782, 95.72 W, 95 %
2025/12/04 20:55:44.882, 95.72 W, 95 %
2025/12/04 20:55:44.982, 95.72 W, 95 %
2025/12/04 20:55:45.082, 95.72 W, 95 %
2025/12/04 20:55:45.183, 95.72 W, 95 %
2025/12/04 20:55:45.283, 95.72 W, 95 %
2025/12/04 20:55:45.383, 95.72 W, 95 %
2025/12/04 20:55:45.483, 95.72 W, 95 %
2025/12/04 20:55:45.583, 95.72 W, 94 %
2025/12/04 20:55:45.683, 95.72 W, 94 %
2025/12/04 20:55:45.784, 95.72 W, 94 %
2025/12/04 20:55:45.884, 95.72 W, 94 %
2025/12/04 20:55:45.984, 95.72 W, 95 %
2025/12/04 20:55:46.084, 95.72 W, 95 %
2025/12/04 20:55:46.184, 95.72 W, 94 %
2025/12/04 20:55:46.284, 95.72 W, 94 %
2025/12/04 20:55:46.385, 95.72 W, 95 %
2025/12/04 20:55:46.485, 95.72 W, 95 %
2025/12/04 20:55:46.585, 95.72 W, 95 %
2025/12/04 20:55:46.685, 95.72 W, 95 %
2025/12/04 20:55:46.785, 95.72 W, 95 %
2025/12/04 20:55:46.885, 95.99 W, 95 %
2025/12/04 20:55:46.986, 95.72 W, 95 %
2025/12/04 20:55:47.086, 95.72 W, 95 %
2025/12/04 20:55:47.186, 95.72 W, 94 %
2025/12/04 20:55:47.286, 95.72 W, 94 %
2025/12/04 20:55:47.386, 95.72 W, 95 %
2025/12/04 20:55:47.486, 95.72 W, 95 %
2025/12/04 20:55:47.586, 95.72 W, 95 %
2025/12/04 20:55:47.687, 95.72 W, 95 %
2025/12/04 20:55:47.787, 95.72 W, 95 %
2025/12/04 20:55:47.887, 95.72 W, 95 %
2025/12/04 20:55:47.987, 95.72 W, 95 %
2025/12/04 20:55:48.087, 95.72 W, 95 %
2025/12/04 20:55:48.187, 95.72 W, 94 %
2025/12/04 20:55:48.288, 95.72 W, 94 %
2025/12/04 20:55:48.388, 95.72 W, 94 %
2025/12/04 20:55:48.488, 95.72 W, 94 %
2025/12/04 20:55:48.588, 95.72 W, 95 %
2025/12/04 20:55:48.688, 95.72 W, 95 %
2025/12/04 20:55:48.788, 95.72 W, 94 %
2025/12/04 20:55:48.889, 95.72 W, 94 %
2025/12/04 20:55:48.989, 95.72 W, 95 %
2025/12/04 20:55:49.089, 95.72 W, 95 %
2025/12/04 20:55:49.189, 95.72 W, 95 %
2025/12/04 20:55:49.289, 95.72 W, 95 %
2025/12/04 20:55:49.389, 95.72 W, 94 %
2025/12/04 20:55:49.490, 95.72 W, 94 %
2025/12/04 20:55:49.590, 95.72 W, 95 %
2025/12/04 20:55:49.690, 95.72 W, 95 %
2025/12/04 20:55:49.790, 95.72 W, 95 %
2025/12/04 20:55:49.890, 95.72 W, 95 %
2025/12/04 20:55:49.990, 95.72 W, 94 %
2025/12/04 20:55:50.091, 95.72 W, 94 %
2025/12/04 20:55:50.191, 95.72 W, 95 %
2025/12/04 20:55:50.291, 95.72 W, 95 %
2025/12/04 20:55:50.391, 95.72 W, 95 %
2025/12/04 20:55:50.491, 95.72 W, 95 %
2025/12/04 20:55:50.591, 95.72 W, 95 %
2025/12/04 20:55:50.691, 95.72 W, 95 %
2025/12/04 20:55:50.792, 95.72 W, 95 %
2025/12/04 20:55:50.892, 95.72 W, 95 %
2025/12/04 20:55:50.992, 95.72 W, 95 %
2025/12/04 20:55:51.092, 95.72 W, 95 %
2025/12/04 20:55:51.192, 95.72 W, 95 %
2025/12/04 20:55:51.292, 95.72 W, 95 %
2025/12/04 20:55:51.393, 95.72 W, 94 %
2025/12/04 20:55:51.493, 95.72 W, 94 %
2025/12/04 20:55:51.593, 95.72 W, 94 %
2025/12/04 20:55:51.693, 95.72 W, 94 %
2025/12/04 20:55:51.793, 95.72 W, 95 %
2025/12/04 20:55:51.893, 95.72 W, 95 %
2025/12/04 20:55:51.994, 95.72 W, 95 %
2025/12/04 20:55:52.094, 95.72 W, 95 %
2025/12/04 20:55:52.194, 95.72 W, 94 %
2025/12/04 20:55:52.294, 95.72 W, 94 %
2025/12/04 20:55:52.394, 95.72 W, 95 %
2025/12/04 20:55:52.494, 95.72 W, 95 %
2025/12/04 20:55:52.595, 95.72 W, 94 %
2025/12/04 20:55:52.695, 95.72 W, 94 %
2025/12/04 20:55:52.795, 95.72 W, 94 %
2025/12/04 20:55:52.895, 95.72 W, 94 %
2025/12/04 20:55:52.995, 95.72 W, 95 %
2025/12/04 20:55:53.095, 95.72 W, 95 %
2025/12/04 20:55:53.195, 95.72 W, 95 %
2025/12/04 20:55:53.296, 95.72 W, 95 %
2025/12/04 20:55:53.396, 95.72 W, 95 %
2025/12/04 20:55:53.496, 95.72 W, 95 %
2025/12/04 20:55:53.596, 95.72 W, 95 %
2025/12/04 20:55:53.696, 95.72 W, 95 %
2025/12/04 20:55:53.796, 95.72 W, 95 %
2025/12/04 20:55:53.897, 95.72 W, 95 %
2025/12/04 20:55:53.997, 95.72 W, 95 %
2025/12/04 20:55:54.097, 95.72 W, 95 %
2025/12/04 20:55:54.197, 95.72 W, 95 %
2025/12/04 20:55:54.297, 95.72 W, 95 %
2025/12/04 20:55:54.397, 95.72 W, 95 %
2025/12/04 20:55:54.498, 95.72 W, 95 %
2025/12/04 20:55:54.598, 95.72 W, 95 %
2025/12/04 20:55:54.698, 95.72 W, 95 %
2025/12/04 20:55:54.798, 95.72 W, 95 %
2025/12/04 20:55:54.898, 95.72 W, 95 %
2025/12/04 20:55:54.998, 95.72 W, 95 %
2025/12/04 20:55:55.099, 95.72 W, 95 %
2025/12/04 20:55:55.199, 95.72 W, 95 %
2025/12/04 20:55:55.299, 95.72 W, 95 %
2025/12/04 20:55:55.399, 95.72 W, 95 %
2025/12/04 20:55:55.499, 95.72 W, 95 %
2025/12/04 20:55:55.599, 95.72 W, 95 %
2025/12/04 20:55:55.699, 95.72 W, 95 %
2025/12/04 20:55:55.800, 95.72 W, 94 %
2025/12/04 20:55:55.900, 95.72 W, 94 %
2025/12/04 20:55:56.000, 95.72 W, 95 %
2025/12/04 20:55:56.100, 95.72 W, 95 %
2025/12/04 20:55:56.200, 95.72 W, 95 %
2025/12/04 20:55:56.300, 95.72 W, 95 %
2025/12/04 20:55:56.401, 95.72 W, 95 %
2025/12/04 20:55:56.501, 95.72 W, 95 %
2025/12/04 20:55:56.601, 95.72 W, 95 %
2025/12/04 20:55:56.701, 95.72 W, 95 %
2025/12/04 20:55:56.801, 95.72 W, 94 %
2025/12/04 20:55:56.901, 95.72 W, 94 %
2025/12/04 20:55:57.002, 95.72 W, 94 %
2025/12/04 20:55:57.102, 95.72 W, 94 %
2025/12/04 20:55:57.202, 95.72 W, 95 %
2025/12/04 20:55:57.302, 95.72 W, 95 %
2025/12/04 20:55:57.402, 95.72 W, 95 %
2025/12/04 20:55:57.502, 95.72 W, 95 %
2025/12/04 20:55:57.603, 95.72 W, 95 %
2025/12/04 20:55:57.703, 95.72 W, 95 %
2025/12/04 20:55:57.803, 95.72 W, 95 %
2025/12/04 20:55:57.903, 95.72 W, 95 %
2025/12/04 20:55:58.003, 95.72 W, 95 %
2025/12/04 20:55:58.103, 95.72 W, 95 %
2025/12/04 20:55:58.203, 95.72 W, 95 %
2025/12/04 20:55:58.304, 95.99 W, 95 %
2025/12/04 20:55:58.404, 95.72 W, 95 %
2025/12/04 20:55:58.504, 95.72 W, 95 %
2025/12/04 20:55:58.604, 95.72 W, 94 %
2025/12/04 20:55:58.704, 95.72 W, 94 %
2025/12/04 20:55:58.804, 95.72 W, 95 %
2025/12/04 20:55:58.905, 95.72 W, 95 %
2025/12/04 20:55:59.005, 95.72 W, 95 %
2025/12/04 20:55:59.105, 95.72 W, 95 %
2025/12/04 20:55:59.205, 95.72 W, 95 %
2025/12/04 20:55:59.305, 95.72 W, 95 %
2025/12/04 20:55:59.405, 95.72 W, 95 %
2025/12/04 20:55:59.506, 95.72 W, 95 %
2025/12/04 20:55:59.606, 95.72 W, 95 %
2025/12/04 20:55:59.706, 95.72 W, 95 %
2025/12/04 20:55:59.806, 95.72 W, 95 %
2025/12/04 20:55:59.906, 95.72 W, 95 %
2025/12/04 20:56:00.006, 95.72 W, 94 %
2025/12/04 20:56:00.107, 95.72 W, 94 %
2025/12/04 20:56:00.207, 95.72 W, 95 %
2025/12/04 20:56:00.307, 95.72 W, 95 %
2025/12/04 20:56:00.407, 95.72 W, 94 %
2025/12/04 20:56:00.507, 95.72 W, 94 %
2025/12/04 20:56:00.607, 95.72 W, 95 %
2025/12/04 20:56:00.707, 95.72 W, 95 %
2025/12/04 20:56:00.808, 95.72 W, 95 %
2025/12/04 20:56:00.908, 95.72 W, 95 %
2025/12/04 20:56:01.008, 95.72 W, 94 %
2025/12/04 20:56:01.108, 95.72 W, 94 %
2025/12/04 20:56:01.208, 95.72 W, 95 %
2025/12/04 20:56:01.308, 95.72 W, 95 %
2025/12/04 20:56:01.409, 95.72 W, 94 %
2025/12/04 20:56:01.509, 95.72 W, 94 %
2025/12/04 20:56:01.609, 95.72 W, 95 %
2025/12/04 20:56:01.709, 95.72 W, 95 %
2025/12/04 20:56:01.809, 95.72 W, 94 %
2025/12/04 20:56:01.909, 95.72 W, 94 %
2025/12/04 20:56:02.010, 95.72 W, 94 %
2025/12/04 20:56:02.110, 95.72 W, 94 %
2025/12/04 20:56:02.210, 95.72 W, 95 %
2025/12/04 20:56:02.310, 95.72 W, 95 %
2025/12/04 20:56:02.410, 95.72 W, 95 %
2025/12/04 20:56:02.510, 95.72 W, 95 %
2025/12/04 20:56:02.611, 95.72 W, 95 %
2025/12/04 20:56:02.711, 95.72 W, 95 %
2025/12/04 20:56:02.811, 95.72 W, 95 %
2025/12/04 20:56:02.911, 95.72 W, 95 %
2025/12/04 20:56:03.011, 95.72 W, 94 %
2025/12/04 20:56:03.111, 95.72 W, 94 %
2025/12/04 20:56:03.211, 95.72 W, 95 %
2025/12/04 20:56:03.312, 95.72 W, 95 %
2025/12/04 20:56:03.412, 95.72 W, 95 %
2025/12/04 20:56:03.512, 95.72 W, 95 %
2025/12/04 20:56:03.612, 95.72 W, 95 %
2025/12/04 20:56:03.712, 95.72 W, 95 %
2025/12/04 20:56:03.812, 95.99 W, 95 %
2025/12/04 20:56:03.913, 95.72 W, 95 %
2025/12/04 20:56:04.013, 95.72 W, 94 %
2025/12/04 20:56:04.113, 95.72 W, 94 %
2025/12/04 20:56:04.213, 95.72 W, 95 %
2025/12/04 20:56:04.313, 95.72 W, 95 %
2025/12/04 20:56:04.413, 95.72 W, 94 %
2025/12/04 20:56:04.514, 95.72 W, 94 %
2025/12/04 20:56:04.614, 95.72 W, 95 %
2025/12/04 20:56:04.714, 95.72 W, 95 %
2025/12/04 20:56:04.814, 95.72 W, 95 %
2025/12/04 20:56:04.914, 95.72 W, 95 %
2025/12/04 20:56:05.014, 95.72 W, 95 %
2025/12/04 20:56:05.115, 95.72 W, 95 %
2025/12/04 20:56:05.215, 95.72 W, 95 %
2025/12/04 20:56:05.315, 95.72 W, 95 %
2025/12/04 20:56:05.415, 95.72 W, 95 %
2025/12/04 20:56:05.515, 95.72 W, 95 %
2025/12/04 20:56:05.615, 95.72 W, 94 %
2025/12/04 20:56:05.715, 95.72 W, 94 %
2025/12/04 20:56:05.816, 95.72 W, 95 %
2025/12/04 20:56:05.916, 95.72 W, 95 %
2025/12/04 20:56:06.016, 95.72 W, 94 %
2025/12/04 20:56:06.116, 95.72 W, 94 %
2025/12/04 20:56:06.216, 95.72 W, 94 %
2025/12/04 20:56:06.316, 95.72 W, 94 %
2025/12/04 20:56:06.417, 95.72 W, 95 %
2025/12/04 20:56:06.517, 95.72 W, 95 %
2025/12/04 20:56:06.617, 95.72 W, 95 %
2025/12/04 20:56:06.717, 95.72 W, 95 %
2025/12/04 20:56:06.817, 95.72 W, 95 %
2025/12/04 20:56:06.917, 95.72 W, 95 %
2025/12/04 20:56:07.018, 95.72 W, 94 %
2025/12/04 20:56:07.118, 95.72 W, 94 %
2025/12/04 20:56:07.218, 95.72 W, 94 %
2025/12/04 20:56:07.318, 95.72 W, 94 %
2025/12/04 20:56:07.418, 95.72 W, 95 %
2025/12/04 20:56:07.518, 95.72 W, 95 %
2025/12/04 20:56:07.619, 95.72 W, 94 %
2025/12/04 20:56:07.719, 95.72 W, 94 %
2025/12/04 20:56:07.819, 95.72 W, 94 %
2025/12/04 20:56:07.919, 95.72 W, 94 %
2025/12/04 20:56:08.019, 95.72 W, 95 %
2025/12/04 20:56:08.119, 95.72 W, 95 %
2025/12/04 20:56:08.220, 95.72 W, 94 %
2025/12/04 20:56:08.320, 95.72 W, 94 %
2025/12/04 20:56:08.420, 95.72 W, 95 %
2025/12/04 20:56:08.520, 95.72 W, 95 %
2025/12/04 20:56:08.620, 95.72 W, 94 %
2025/12/04 20:56:08.720, 95.72 W, 94 %
2025/12/04 20:56:08.820, 95.72 W, 95 %
2025/12/04 20:56:08.921, 95.72 W, 95 %
2025/12/04 20:56:09.021, 95.72 W, 95 %
2025/12/04 20:56:09.121, 95.72 W, 95 %
2025/12/04 20:56:09.221, 95.72 W, 95 %
2025/12/04 20:56:09.321, 95.72 W, 95 %
2025/12/04 20:56:09.421, 95.72 W, 94 %
2025/12/04 20:56:09.522, 95.72 W, 94 %
2025/12/04 20:56:09.622, 95.72 W, 95 %
2025/12/04 20:56:09.722, 95.72 W, 95 %
2025/12/04 20:56:09.822, 95.72 W, 94 %
2025/12/04 20:56:09.922, 95.72 W, 94 %
2025/12/04 20:56:10.022, 95.72 W, 94 %
2025/12/04 20:56:10.123, 95.72 W, 94 %
2025/12/04 20:56:10.223, 95.72 W, 95 %
2025/12/04 20:56:10.323, 95.72 W, 95 %
2025/12/04 20:56:10.423, 95.72 W, 94 %
2025/12/04 20:56:10.523, 95.72 W, 94 %
2025/12/04 20:56:10.623, 95.72 W, 95 %
2025/12/04 20:56:10.724, 95.72 W, 95 %
2025/12/04 20:56:10.824, 95.72 W, 95 %
2025/12/04 20:56:10.924, 95.72 W, 95 %
2025/12/04 20:56:11.024, 95.72 W, 95 %
2025/12/04 20:56:11.124, 95.72 W, 95 %
2025/12/04 20:56:11.224, 95.72 W, 95 %
2025/12/04 20:56:11.325, 95.72 W, 95 %
2025/12/04 20:56:11.425, 95.72 W, 95 %
2025/12/04 20:56:11.525, 95.72 W, 95 %
2025/12/04 20:56:11.625, 95.72 W, 94 %
2025/12/04 20:56:11.725, 95.72 W, 94 %
2025/12/04 20:56:11.825, 95.72 W, 95 %
2025/12/04 20:56:11.925, 95.72 W, 95 %
2025/12/04 20:56:12.026, 95.72 W, 95 %
2025/12/04 20:56:12.126, 95.72 W, 95 %
2025/12/04 20:56:12.226, 95.72 W, 94 %
2025/12/04 20:56:12.326, 95.72 W, 94 %
2025/12/04 20:56:12.426, 95.72 W, 94 %
2025/12/04 20:56:12.526, 95.72 W, 94 %
2025/12/04 20:56:12.627, 95.72 W, 95 %
2025/12/04 20:56:12.727, 95.72 W, 95 %
2025/12/04 20:56:12.827, 95.72 W, 95 %
2025/12/04 20:56:12.927, 95.72 W, 95 %
2025/12/04 20:56:13.027, 95.72 W, 95 %
2025/12/04 20:56:13.127, 95.72 W, 95 %
2025/12/04 20:56:13.228, 95.72 W, 95 %
2025/12/04 20:56:13.328, 95.72 W, 95 %
2025/12/04 20:56:13.428, 95.72 W, 95 %
2025/12/04 20:56:13.528, 95.72 W, 95 %
2025/12/04 20:56:13.628, 95.72 W, 94 %
2025/12/04 20:56:13.728, 95.72 W, 94 %
2025/12/04 20:56:13.829, 95.72 W, 94 %
2025/12/04 20:56:13.929, 95.72 W, 94 %
2025/12/04 20:56:14.029, 95.72 W, 94 %
2025/12/04 20:56:14.129, 95.72 W, 94 %
2025/12/04 20:56:14.229, 95.72 W, 95 %
2025/12/04 20:56:14.329, 95.72 W, 95 %
2025/12/04 20:56:14.429, 95.72 W, 95 %
2025/12/04 20:56:14.530, 95.72 W, 95 %
2025/12/04 20:56:14.630, 95.72 W, 94 %
2025/12/04 20:56:14.730, 95.72 W, 94 %
2025/12/04 20:56:14.830, 95.72 W, 95 %
2025/12/04 20:56:14.930, 95.72 W, 95 %
2025/12/04 20:56:15.030, 95.72 W, 95 %
2025/12/04 20:56:15.131, 95.72 W, 95 %
2025/12/04 20:56:15.231, 95.72 W, 95 %
2025/12/04 20:56:15.331, 95.72 W, 95 %
2025/12/04 20:56:15.431, 95.72 W, 95 %
2025/12/04 20:56:15.531, 95.72 W, 95 %
2025/12/04 20:56:15.631, 95.72 W, 94 %
2025/12/04 20:56:15.732, 95.72 W, 94 %
2025/12/04 20:56:15.832, 95.72 W, 94 %
2025/12/04 20:56:15.932, 95.72 W, 94 %
2025/12/04 20:56:16.032, 95.72 W, 94 %
2025/12/04 20:56:16.132, 95.72 W, 94 %
2025/12/04 20:56:16.232, 95.72 W, 95 %
2025/12/04 20:56:16.333, 95.72 W, 95 %
2025/12/04 20:56:16.433, 95.72 W, 95 %
2025/12/04 20:56:16.533, 95.72 W, 95 %
2025/12/04 20:56:16.633, 95.72 W, 95 %
2025/12/04 20:56:16.733, 95.72 W, 95 %
2025/12/04 20:56:16.833, 95.72 W, 94 %
2025/12/04 20:56:16.933, 95.72 W, 94 %
2025/12/04 20:56:17.034, 95.72 W, 95 %
2025/12/04 20:56:17.134, 95.72 W, 95 %
2025/12/04 20:56:17.234, 95.39 W, 93 %
2025/12/04 20:56:17.334, 95.72 W, 93 %
2025/12/04 20:56:17.434, 95.72 W, 94 %
2025/12/04 20:56:17.534, 95.72 W, 94 %
2025/12/04 20:56:17.635, 95.72 W, 95 %
2025/12/04 20:56:17.735, 95.72 W, 95 %
2025/12/04 20:56:17.835, 95.72 W, 94 %
2025/12/04 20:56:17.935, 95.72 W, 94 %
2025/12/04 20:56:18.035, 95.72 W, 95 %
2025/12/04 20:56:18.135, 95.72 W, 95 %
2025/12/04 20:56:18.236, 95.72 W, 95 %
2025/12/04 20:56:18.336, 95.72 W, 95 %
2025/12/04 20:56:18.436, 95.72 W, 95 %
2025/12/04 20:56:18.536, 95.72 W, 95 %
2025/12/04 20:56:18.636, 95.72 W, 95 %
2025/12/04 20:56:18.736, 95.72 W, 95 %
2025/12/04 20:56:18.837, 95.72 W, 94 %
2025/12/04 20:56:18.937, 95.72 W, 94 %
2025/12/04 20:56:19.037, 95.72 W, 95 %
2025/12/04 20:56:19.137, 95.72 W, 95 %
2025/12/04 20:56:19.237, 95.72 W, 95 %
2025/12/04 20:56:19.337, 95.72 W, 95 %
2025/12/04 20:56:19.437, 95.72 W, 95 %
2025/12/04 20:56:19.538, 95.72 W, 95 %
2025/12/04 20:56:19.638, 95.72 W, 95 %
2025/12/04 20:56:19.738, 95.72 W, 95 %
2025/12/04 20:56:19.838, 95.72 W, 95 %
2025/12/04 20:56:19.938, 95.72 W, 95 %
2025/12/04 20:56:20.038, 95.72 W, 95 %
2025/12/04 20:56:20.139, 95.72 W, 95 %
2025/12/04 20:56:20.239, 95.72 W, 94 %
2025/12/04 20:56:20.339, 95.72 W, 94 %
2025/12/04 20:56:20.439, 95.72 W, 94 %
2025/12/04 20:56:20.539, 95.72 W, 94 %
2025/12/04 20:56:20.639, 95.72 W, 95 %
2025/12/04 20:56:20.739, 95.72 W, 95 %
2025/12/04 20:56:20.840, 95.72 W, 94 %
2025/12/04 20:56:20.940, 95.72 W, 94 %
2025/12/04 20:56:21.040, 95.72 W, 95 %
2025/12/04 20:56:21.140, 95.72 W, 95 %
2025/12/04 20:56:21.240, 95.72 W, 95 %
2025/12/04 20:56:21.340, 95.72 W, 95 %
2025/12/04 20:56:21.441, 95.72 W, 94 %
2025/12/04 20:56:21.541, 95.72 W, 94 %
2025/12/04 20:56:21.641, 95.72 W, 94 %
2025/12/04 20:56:21.741, 95.72 W, 94 %
2025/12/04 20:56:21.841, 95.72 W, 95 %
2025/12/04 20:56:21.941, 95.72 W, 95 %
2025/12/04 20:56:22.042, 95.72 W, 95 %
2025/12/04 20:56:22.142, 95.72 W, 95 %
2025/12/04 20:56:22.242, 95.72 W, 95 %
2025/12/04 20:56:22.342, 95.72 W, 95 %
2025/12/04 20:56:22.442, 95.72 W, 94 %
2025/12/04 20:56:22.542, 95.72 W, 94 %
2025/12/04 20:56:22.642, 95.72 W, 95 %
2025/12/04 20:56:22.743, 95.72 W, 95 %
2025/12/04 20:56:22.843, 95.72 W, 95 %
2025/12/04 20:56:22.943, 95.72 W, 95 %
2025/12/04 20:56:23.043, 95.72 W, 94 %
2025/12/04 20:56:23.143, 95.72 W, 94 %
2025/12/04 20:56:23.243, 95.72 W, 95 %
2025/12/04 20:56:23.344, 95.72 W, 95 %
2025/12/04 20:56:23.444, 95.72 W, 95 %
2025/12/04 20:56:23.544, 95.72 W, 95 %
2025/12/04 20:56:23.644, 95.72 W, 94 %
2025/12/04 20:56:23.744, 95.72 W, 94 %
2025/12/04 20:56:23.844, 95.72 W, 95 %
2025/12/04 20:56:23.945, 95.72 W, 95 %
2025/12/04 20:56:24.045, 95.72 W, 95 %
2025/12/04 20:56:24.145, 95.72 W, 95 %
2025/12/04 20:56:24.245, 95.72 W, 95 %
2025/12/04 20:56:24.345, 95.72 W, 95 %
2025/12/04 20:56:24.445, 95.72 W, 95 %
2025/12/04 20:56:24.545, 95.72 W, 95 %
2025/12/04 20:56:24.646, 95.72 W, 94 %
2025/12/04 20:56:24.746, 95.72 W, 94 %
2025/12/04 20:56:24.846, 95.72 W, 95 %
2025/12/04 20:56:24.946, 95.72 W, 95 %
2025/12/04 20:56:25.046, 95.72 W, 95 %
2025/12/04 20:56:25.146, 95.72 W, 95 %
2025/12/04 20:56:25.247, 95.72 W, 95 %
2025/12/04 20:56:25.347, 95.72 W, 95 %
2025/12/04 20:56:25.447, 95.72 W, 95 %
2025/12/04 20:56:25.547, 95.72 W, 95 %
2025/12/04 20:56:25.647, 95.72 W, 94 %
2025/12/04 20:56:25.747, 95.72 W, 94 %
2025/12/04 20:56:25.848, 95.72 W, 95 %
2025/12/04 20:56:25.948, 95.72 W, 95 %
2025/12/04 20:56:26.048, 95.72 W, 94 %
2025/12/04 20:56:26.148, 95.72 W, 94 %
2025/12/04 20:56:26.248, 95.99 W, 95 %
2025/12/04 20:56:26.348, 95.72 W, 95 %
2025/12/04 20:56:26.449, 95.72 W, 95 %
2025/12/04 20:56:26.549, 95.72 W, 95 %
2025/12/04 20:56:26.649, 95.72 W, 94 %
2025/12/04 20:56:26.749, 95.72 W, 94 %
2025/12/04 20:56:26.849, 95.72 W, 95 %
2025/12/04 20:56:26.949, 95.72 W, 95 %
2025/12/04 20:56:27.049, 95.72 W, 95 %
2025/12/04 20:56:27.150, 95.72 W, 95 %
2025/12/04 20:56:27.250, 95.72 W, 95 %
2025/12/04 20:56:27.350, 95.72 W, 95 %
2025/12/04 20:56:27.450, 95.72 W, 95 %
2025/12/04 20:56:27.550, 95.72 W, 95 %
2025/12/04 20:56:27.650, 95.72 W, 95 %
2025/12/04 20:56:27.751, 95.72 W, 95 %
2025/12/04 20:56:27.851, 95.72 W, 94 %
2025/12/04 20:56:27.951, 95.72 W, 94 %
2025/12/04 20:56:28.051, 95.72 W, 95 %
2025/12/04 20:56:28.151, 95.72 W, 95 %
2025/12/04 20:56:28.251, 95.72 W, 95 %
2025/12/04 20:56:28.352, 95.72 W, 95 %
2025/12/04 20:56:28.452, 95.72 W, 95 %
2025/12/04 20:56:28.552, 95.72 W, 95 %
2025/12/04 20:56:28.652, 95.72 W, 95 %
2025/12/04 20:56:28.752, 95.72 W, 95 %
2025/12/04 20:56:28.852, 95.72 W, 94 %
2025/12/04 20:56:28.953, 95.72 W, 94 %
2025/12/04 20:56:29.053, 95.72 W, 95 %
2025/12/04 20:56:29.153, 95.72 W, 95 %
2025/12/04 20:56:29.253, 95.72 W, 95 %
2025/12/04 20:56:29.353, 95.72 W, 95 %
2025/12/04 20:56:29.453, 95.72 W, 95 %
2025/12/04 20:56:29.553, 95.72 W, 95 %
2025/12/04 20:56:29.654, 95.72 W, 94 %
2025/12/04 20:56:29.754, 95.72 W, 94 %
2025/12/04 20:56:29.854, 95.72 W, 95 %
2025/12/04 20:56:29.954, 95.72 W, 95 %
2025/12/04 20:56:30.054, 95.72 W, 94 %
2025/12/04 20:56:30.154, 95.72 W, 94 %
2025/12/04 20:56:30.255, 95.72 W, 94 %
2025/12/04 20:56:30.355, 95.72 W, 94 %
2025/12/04 20:56:30.455, 95.72 W, 95 %
2025/12/04 20:56:30.555, 95.72 W, 95 %
2025/12/04 20:56:30.655, 95.72 W, 94 %
2025/12/04 20:56:30.755, 95.72 W, 94 %
2025/12/04 20:56:30.856, 95.72 W, 94 %
2025/12/04 20:56:30.956, 95.72 W, 94 %
2025/12/04 20:56:31.056, 95.72 W, 94 %
2025/12/04 20:56:31.156, 95.72 W, 94 %
2025/12/04 20:56:31.256, 95.72 W, 94 %
2025/12/04 20:56:31.356, 95.72 W, 94 %
2025/12/04 20:56:31.456, 95.72 W, 95 %
2025/12/04 20:56:31.557, 95.72 W, 95 %
2025/12/04 20:56:31.657, 95.72 W, 95 %
2025/12/04 20:56:31.757, 95.72 W, 95 %
2025/12/04 20:56:31.857, 95.72 W, 95 %
2025/12/04 20:56:31.957, 95.72 W, 95 %
2025/12/04 20:56:32.057, 95.72 W, 94 %
2025/12/04 20:56:32.158, 95.72 W, 94 %
2025/12/04 20:56:32.258, 95.72 W, 94 %
2025/12/04 20:56:32.358, 95.72 W, 94 %
2025/12/04 20:56:32.458, 95.72 W, 95 %
2025/12/04 20:56:32.558, 95.72 W, 95 %
2025/12/04 20:56:32.658, 95.72 W, 95 %
2025/12/04 20:56:32.758, 95.72 W, 95 %
2025/12/04 20:56:32.859, 95.72 W, 95 %
2025/12/04 20:56:32.959, 95.72 W, 95 %
2025/12/04 20:56:33.059, 95.72 W, 95 %
2025/12/04 20:56:33.159, 95.72 W, 95 %
2025/12/04 20:56:33.259, 95.72 W, 95 %
2025/12/04 20:56:33.359, 95.72 W, 95 %
2025/12/04 20:56:33.460, 95.72 W, 94 %
2025/12/04 20:56:33.560, 95.72 W, 94 %
2025/12/04 20:56:33.660, 95.72 W, 95 %
2025/12/04 20:56:33.760, 95.72 W, 95 %
2025/12/04 20:56:33.860, 95.72 W, 95 %
2025/12/04 20:56:33.960, 95.72 W, 95 %
2025/12/04 20:56:34.061, 95.72 W, 95 %
2025/12/04 20:56:34.161, 95.72 W, 95 %
2025/12/04 20:56:34.261, 95.72 W, 95 %
2025/12/04 20:56:34.361, 95.72 W, 95 %
2025/12/04 20:56:34.461, 95.72 W, 94 %
2025/12/04 20:56:34.561, 95.72 W, 94 %
2025/12/04 20:56:34.661, 95.72 W, 95 %
2025/12/04 20:56:34.762, 95.72 W, 95 %
2025/12/04 20:56:34.862, 95.72 W, 94 %
2025/12/04 20:56:34.962, 95.72 W, 94 %
2025/12/04 20:56:35.062, 95.72 W, 95 %
2025/12/04 20:56:35.162, 95.72 W, 95 %
2025/12/04 20:56:35.262, 95.72 W, 95 %
2025/12/04 20:56:35.363, 95.72 W, 95 %
2025/12/04 20:56:35.463, 95.72 W, 95 %
2025/12/04 20:56:35.563, 95.72 W, 95 %
2025/12/04 20:56:35.663, 95.72 W, 95 %
2025/12/04 20:56:35.763, 95.72 W, 95 %
2025/12/04 20:56:35.863, 95.72 W, 95 %
2025/12/04 20:56:35.964, 95.72 W, 95 %
2025/12/04 20:56:36.064, 95.72 W, 95 %
2025/12/04 20:56:36.164, 95.72 W, 95 %
2025/12/04 20:56:36.264, 95.72 W, 94 %
2025/12/04 20:56:36.364, 95.72 W, 94 %
2025/12/04 20:56:36.464, 95.72 W, 94 %
2025/12/04 20:56:36.564, 95.72 W, 94 %
2025/12/04 20:56:36.665, 95.72 W, 94 %
2025/12/04 20:56:36.765, 95.72 W, 94 %
2025/12/04 20:56:36.865, 95.72 W, 95 %
2025/12/04 20:56:36.965, 95.72 W, 95 %
2025/12/04 20:56:37.065, 95.72 W, 94 %
2025/12/04 20:56:37.165, 95.72 W, 94 %
2025/12/04 20:56:37.266, 95.72 W, 95 %
2025/12/04 20:56:37.366, 95.72 W, 95 %
2025/12/04 20:56:37.466, 95.72 W, 95 %
2025/12/04 20:56:37.566, 95.72 W, 95 %
2025/12/04 20:56:37.666, 95.72 W, 94 %
2025/12/04 20:56:37.766, 95.72 W, 94 %
2025/12/04 20:56:37.867, 95.72 W, 95 %
2025/12/04 20:56:37.967, 95.72 W, 95 %
2025/12/04 20:56:38.067, 95.72 W, 95 %
2025/12/04 20:56:38.167, 95.72 W, 95 %
2025/12/04 20:56:38.267, 95.72 W, 95 %
2025/12/04 20:56:38.367, 95.72 W, 95 %
2025/12/04 20:56:38.467, 95.72 W, 95 %
2025/12/04 20:56:38.568, 95.72 W, 95 %
2025/12/04 20:56:38.668, 95.72 W, 94 %
2025/12/04 20:56:38.768, 95.72 W, 94 %
2025/12/04 20:56:38.868, 95.72 W, 95 %
2025/12/04 20:56:38.968, 95.72 W, 95 %
2025/12/04 20:56:39.068, 95.72 W, 94 %
2025/12/04 20:56:39.169, 95.72 W, 94 %
2025/12/04 20:56:39.269, 95.99 W, 95 %
2025/12/04 20:56:39.369, 95.72 W, 95 %
2025/12/04 20:56:39.469, 95.72 W, 95 %
2025/12/04 20:56:39.569, 95.72 W, 95 %
2025/12/04 20:56:39.669, 95.72 W, 95 %
2025/12/04 20:56:39.770, 95.72 W, 95 %
2025/12/04 20:56:39.870, 95.72 W, 95 %
2025/12/04 20:56:39.970, 95.72 W, 95 %
2025/12/04 20:56:40.070, 95.72 W, 95 %
2025/12/04 20:56:40.170, 95.72 W, 95 %
2025/12/04 20:56:40.270, 95.72 W, 95 %
2025/12/04 20:56:40.371, 95.72 W, 95 %
2025/12/04 20:56:40.471, 95.72 W, 95 %
2025/12/04 20:56:40.571, 95.72 W, 95 %
2025/12/04 20:56:40.671, 95.72 W, 95 %
2025/12/04 20:56:40.771, 95.72 W, 95 %
2025/12/04 20:56:40.871, 95.72 W, 95 %
2025/12/04 20:56:40.972, 95.72 W, 95 %
2025/12/04 20:56:41.072, 95.72 W, 95 %
2025/12/04 20:56:41.172, 95.72 W, 95 %
2025/12/04 20:56:41.272, 95.72 W, 95 %
2025/12/04 20:56:41.372, 95.99 W, 95 %
2025/12/04 20:56:41.472, 95.72 W, 95 %
2025/12/04 20:56:41.572, 95.72 W, 95 %
2025/12/04 20:56:41.673, 95.72 W, 94 %
2025/12/04 20:56:41.773, 95.72 W, 94 %
2025/12/04 20:56:41.873, 95.99 W, 95 %
2025/12/04 20:56:41.973, 95.72 W, 95 %
2025/12/04 20:56:42.073, 95.72 W, 94 %
2025/12/04 20:56:42.173, 95.72 W, 94 %
2025/12/04 20:56:42.274, 95.72 W, 95 %
2025/12/04 20:56:42.374, 95.72 W, 95 %
2025/12/04 20:56:42.474, 95.72 W, 95 %
2025/12/04 20:56:42.574, 95.72 W, 95 %
2025/12/04 20:56:42.674, 95.72 W, 95 %
2025/12/04 20:56:42.774, 95.72 W, 95 %
2025/12/04 20:56:42.875, 95.72 W, 94 %
2025/12/04 20:56:42.975, 95.72 W, 94 %
2025/12/04 20:56:43.075, 95.72 W, 94 %
2025/12/04 20:56:43.175, 95.72 W, 94 %
2025/12/04 20:56:43.275, 95.72 W, 94 %
2025/12/04 20:56:43.375, 95.99 W, 94 %
2025/12/04 20:56:43.476, 95.72 W, 95 %
2025/12/04 20:56:43.576, 95.72 W, 95 %
2025/12/04 20:56:43.676, 95.72 W, 94 %
2025/12/04 20:56:43.776, 95.72 W, 94 %
2025/12/04 20:56:43.876, 95.72 W, 94 %
2025/12/04 20:56:43.976, 95.72 W, 94 %
2025/12/04 20:56:44.076, 95.72 W, 95 %
2025/12/04 20:56:44.177, 95.72 W, 95 %
2025/12/04 20:56:44.277, 95.72 W, 95 %
2025/12/04 20:56:44.377, 95.72 W, 95 %
2025/12/04 20:56:44.477, 95.72 W, 95 %
2025/12/04 20:56:44.577, 95.72 W, 95 %
2025/12/04 20:56:44.677, 95.72 W, 95 %
2025/12/04 20:56:44.778, 95.72 W, 95 %
2025/12/04 20:56:44.878, 95.72 W, 95 %
2025/12/04 20:56:44.978, 95.72 W, 95 %
2025/12/04 20:56:45.078, 95.72 W, 94 %
2025/12/04 20:56:45.178, 95.72 W, 94 %
2025/12/04 20:56:45.278, 95.72 W, 95 %
2025/12/04 20:56:45.379, 95.72 W, 95 %
2025/12/04 20:56:45.479, 95.72 W, 95 %
2025/12/04 20:56:45.579, 95.72 W, 95 %
2025/12/04 20:56:45.679, 95.72 W, 95 %
2025/12/04 20:56:45.779, 95.72 W, 95 %
2025/12/04 20:56:45.879, 95.72 W, 95 %
2025/12/04 20:56:45.980, 95.72 W, 95 %
2025/12/04 20:56:46.080, 95.72 W, 94 %
2025/12/04 20:56:46.180, 95.72 W, 94 %
2025/12/04 20:56:46.280, 95.72 W, 94 %
2025/12/04 20:56:46.380, 95.72 W, 94 %
2025/12/04 20:56:46.480, 95.72 W, 95 %
2025/12/04 20:56:46.580, 95.72 W, 95 %
2025/12/04 20:56:46.681, 95.72 W, 95 %
2025/12/04 20:56:46.781, 95.72 W, 95 %
2025/12/04 20:56:46.881, 95.72 W, 95 %
2025/12/04 20:56:46.981, 95.72 W, 95 %
2025/12/04 20:56:47.081, 95.72 W, 95 %
2025/12/04 20:56:47.181, 95.72 W, 95 %
2025/12/04 20:56:47.282, 95.72 W, 94 %
2025/12/04 20:56:47.382, 95.72 W, 94 %
2025/12/04 20:56:47.482, 95.72 W, 95 %
2025/12/04 20:56:47.582, 95.72 W, 95 %
2025/12/04 20:56:47.682, 95.72 W, 94 %
2025/12/04 20:56:47.782, 95.72 W, 94 %
2025/12/04 20:56:47.883, 95.72 W, 95 %
2025/12/04 20:56:47.983, 95.72 W, 95 %
2025/12/04 20:56:48.083, 95.72 W, 95 %
2025/12/04 20:56:48.183, 95.72 W, 95 %
2025/12/04 20:56:48.283, 95.72 W, 94 %
2025/12/04 20:56:48.383, 95.72 W, 94 %
2025/12/04 20:56:48.483, 95.72 W, 95 %
2025/12/04 20:56:48.584, 95.72 W, 95 %
2025/12/04 20:56:48.684, 95.72 W, 95 %
2025/12/04 20:56:48.784, 95.72 W, 95 %
2025/12/04 20:56:48.884, 95.72 W, 95 %
2025/12/04 20:56:48.984, 95.72 W, 95 %
2025/12/04 20:56:49.084, 95.72 W, 95 %
2025/12/04 20:56:49.185, 95.72 W, 95 %
2025/12/04 20:56:49.285, 95.72 W, 94 %
2025/12/04 20:56:49.385, 95.72 W, 94 %
2025/12/04 20:56:49.485, 95.72 W, 94 %
2025/12/04 20:56:49.585, 95.72 W, 94 %
2025/12/04 20:56:49.685, 95.72 W, 95 %
2025/12/04 20:56:49.786, 95.72 W, 95 %
2025/12/04 20:56:49.886, 95.72 W, 95 %
2025/12/04 20:56:49.986, 95.72 W, 95 %
2025/12/04 20:56:50.086, 95.72 W, 95 %
2025/12/04 20:56:50.186, 95.72 W, 95 %
2025/12/04 20:56:50.286, 95.72 W, 95 %
2025/12/04 20:56:50.386, 95.72 W, 95 %
2025/12/04 20:56:50.487, 95.72 W, 94 %
2025/12/04 20:56:50.587, 95.72 W, 94 %
2025/12/04 20:56:50.687, 95.72 W, 95 %
2025/12/04 20:56:50.787, 95.72 W, 95 %
2025/12/04 20:56:50.887, 95.72 W, 95 %
2025/12/04 20:56:50.987, 95.72 W, 95 %
2025/12/04 20:56:51.088, 95.72 W, 95 %
2025/12/04 20:56:51.188, 95.72 W, 95 %
2025/12/04 20:56:51.288, 95.99 W, 95 %
2025/12/04 20:56:51.388, 95.72 W, 95 %
2025/12/04 20:56:51.488, 95.72 W, 94 %
2025/12/04 20:56:51.588, 95.72 W, 94 %
2025/12/04 20:56:51.689, 95.72 W, 94 %
2025/12/04 20:56:51.789, 95.72 W, 94 %
2025/12/04 20:56:51.889, 95.72 W, 95 %
2025/12/04 20:56:51.989, 95.72 W, 95 %
2025/12/04 20:56:52.089, 95.72 W, 94 %
2025/12/04 20:56:52.189, 95.72 W, 94 %
2025/12/04 20:56:52.290, 95.72 W, 95 %
2025/12/04 20:56:52.390, 95.72 W, 95 %
2025/12/04 20:56:52.490, 95.72 W, 95 %
2025/12/04 20:56:52.590, 95.72 W, 95 %
2025/12/04 20:56:52.690, 95.72 W, 95 %
2025/12/04 20:56:52.790, 95.72 W, 95 %
2025/12/04 20:56:52.890, 95.72 W, 95 %
2025/12/04 20:56:52.991, 95.72 W, 95 %
2025/12/04 20:56:53.091, 95.72 W, 95 %
2025/12/04 20:56:53.191, 95.72 W, 95 %
2025/12/04 20:56:53.291, 95.72 W, 95 %
2025/12/04 20:56:53.391, 95.72 W, 95 %
2025/12/04 20:56:53.491, 95.72 W, 94 %
2025/12/04 20:56:53.592, 95.72 W, 94 %
2025/12/04 20:56:53.692, 95.72 W, 94 %
2025/12/04 20:56:53.792, 95.72 W, 94 %
2025/12/04 20:56:53.892, 95.72 W, 94 %
2025/12/04 20:56:53.992, 95.72 W, 94 %
2025/12/04 20:56:54.092, 95.72 W, 95 %
2025/12/04 20:56:54.193, 95.72 W, 95 %
2025/12/04 20:56:54.293, 95.72 W, 95 %
2025/12/04 20:56:54.393, 95.72 W, 95 %
2025/12/04 20:56:54.493, 95.72 W, 95 %
2025/12/04 20:56:54.593, 95.72 W, 95 %
2025/12/04 20:56:54.693, 95.72 W, 95 %
2025/12/04 20:56:54.794, 95.72 W, 95 %
2025/12/04 20:56:54.894, 95.72 W, 95 %
2025/12/04 20:56:54.994, 95.72 W, 95 %
2025/12/04 20:56:55.094, 95.72 W, 95 %
2025/12/04 20:56:55.194, 95.72 W, 95 %
2025/12/04 20:56:55.294, 95.72 W, 95 %
2025/12/04 20:56:55.395, 95.72 W, 95 %
2025/12/04 20:56:55.495, 95.72 W, 95 %
2025/12/04 20:56:55.595, 95.72 W, 95 %
2025/12/04 20:56:55.695, 95.72 W, 95 %
2025/12/04 20:56:55.795, 95.72 W, 94 %
2025/12/04 20:56:55.895, 95.72 W, 94 %
2025/12/04 20:56:55.995, 95.72 W, 95 %
2025/12/04 20:56:56.096, 95.72 W, 95 %
2025/12/04 20:56:56.196, 95.72 W, 95 %
2025/12/04 20:56:56.296, 95.72 W, 95 %
2025/12/04 20:56:56.396, 95.72 W, 95 %
2025/12/04 20:56:56.496, 95.72 W, 94 %
2025/12/04 20:56:56.596, 95.72 W, 95 %
2025/12/04 20:56:56.697, 95.72 W, 95 %
2025/12/04 20:56:56.797, 95.72 W, 94 %
2025/12/04 20:56:56.897, 95.72 W, 94 %
2025/12/04 20:56:56.997, 95.72 W, 95 %
2025/12/04 20:56:57.097, 95.72 W, 95 %
2025/12/04 20:56:57.197, 95.72 W, 95 %
2025/12/04 20:56:57.298, 95.72 W, 95 %
2025/12/04 20:56:57.398, 95.72 W, 95 %
2025/12/04 20:56:57.498, 95.72 W, 95 %
2025/12/04 20:56:57.598, 95.72 W, 95 %
2025/12/04 20:56:57.698, 95.72 W, 95 %
2025/12/04 20:56:57.798, 95.72 W, 94 %
2025/12/04 20:56:57.899, 95.72 W, 94 %
2025/12/04 20:56:57.999, 95.72 W, 94 %
2025/12/04 20:56:58.099, 95.72 W, 94 %
2025/12/04 20:56:58.199, 95.72 W, 94 %
2025/12/04 20:56:58.299, 95.72 W, 94 %
2025/12/04 20:56:58.399, 95.72 W, 94 %
2025/12/04 20:56:58.499, 95.72 W, 94 %
2025/12/04 20:56:58.600, 95.72 W, 95 %
2025/12/04 20:56:58.700, 95.72 W, 95 %
2025/12/04 20:56:58.800, 95.72 W, 94 %
2025/12/04 20:56:58.900, 95.72 W, 94 %
2025/12/04 20:56:59.000, 95.72 W, 95 %
2025/12/04 20:56:59.100, 95.72 W, 95 %
2025/12/04 20:56:59.201, 95.72 W, 94 %
2025/12/04 20:56:59.301, 95.72 W, 94 %
2025/12/04 20:56:59.401, 95.72 W, 95 %
2025/12/04 20:56:59.501, 95.72 W, 95 %
2025/12/04 20:56:59.601, 95.72 W, 95 %
2025/12/04 20:56:59.701, 95.72 W, 95 %
2025/12/04 20:56:59.802, 95.72 W, 95 %
2025/12/04 20:56:59.902, 95.72 W, 95 %
2025/12/04 20:57:00.002, 95.72 W, 94 %
2025/12/04 20:57:00.102, 95.72 W, 94 %
2025/12/04 20:57:00.202, 95.72 W, 95 %
2025/12/04 20:57:00.302, 95.72 W, 95 %
2025/12/04 20:57:00.402, 95.72 W, 95 %
2025/12/04 20:57:00.503, 95.72 W, 95 %
2025/12/04 20:57:00.603, 95.72 W, 94 %
2025/12/04 20:57:00.703, 95.72 W, 94 %
2025/12/04 20:57:00.803, 95.72 W, 95 %
2025/12/04 20:57:00.903, 95.72 W, 95 %
2025/12/04 20:57:01.003, 95.72 W, 94 %
2025/12/04 20:57:01.104, 95.72 W, 94 %
2025/12/04 20:57:01.204, 95.72 W, 94 %
2025/12/04 20:57:01.304, 95.72 W, 94 %
2025/12/04 20:57:01.404, 95.72 W, 94 %
2025/12/04 20:57:01.504, 95.72 W, 94 %
2025/12/04 20:57:01.604, 95.72 W, 95 %
2025/12/04 20:57:01.705, 95.72 W, 95 %
2025/12/04 20:57:01.805, 95.72 W, 95 %
2025/12/04 20:57:01.905, 95.72 W, 95 %
2025/12/04 20:57:02.005, 95.72 W, 94 %
2025/12/04 20:57:02.105, 95.72 W, 94 %
2025/12/04 20:57:02.205, 95.72 W, 94 %
2025/12/04 20:57:02.306, 95.72 W, 94 %
2025/12/04 20:57:02.406, 95.72 W, 95 %
2025/12/04 20:57:02.506, 95.72 W, 95 %
2025/12/04 20:57:02.606, 95.72 W, 95 %
2025/12/04 20:57:02.706, 95.72 W, 95 %
2025/12/04 20:57:02.806, 95.72 W, 95 %
2025/12/04 20:57:02.907, 95.72 W, 95 %
2025/12/04 20:57:03.007, 95.72 W, 94 %
2025/12/04 20:57:03.107, 95.72 W, 94 %
2025/12/04 20:57:03.207, 95.72 W, 95 %
2025/12/04 20:57:03.307, 95.72 W, 95 %
2025/12/04 20:57:03.407, 95.72 W, 94 %
2025/12/04 20:57:03.507, 95.72 W, 94 %
2025/12/04 20:57:03.608, 95.72 W, 95 %
2025/12/04 20:57:03.708, 95.72 W, 95 %
2025/12/04 20:57:03.808, 95.72 W, 95 %
2025/12/04 20:57:03.908, 95.72 W, 95 %
2025/12/04 20:57:04.008, 95.72 W, 94 %
2025/12/04 20:57:04.108, 95.72 W, 94 %
2025/12/04 20:57:04.209, 95.72 W, 95 %
2025/12/04 20:57:04.309, 95.72 W, 95 %
2025/12/04 20:57:04.409, 95.72 W, 94 %
2025/12/04 20:57:04.509, 95.72 W, 94 %
2025/12/04 20:57:04.609, 95.72 W, 95 %
2025/12/04 20:57:04.709, 95.72 W, 95 %
2025/12/04 20:57:04.810, 95.72 W, 95 %
2025/12/04 20:57:04.910, 95.72 W, 95 %
2025/12/04 20:57:05.010, 95.72 W, 95 %
2025/12/04 20:57:05.110, 95.72 W, 95 %
2025/12/04 20:57:05.210, 95.72 W, 95 %
2025/12/04 20:57:05.310, 95.72 W, 95 %
2025/12/04 20:57:05.411, 95.72 W, 94 %
2025/12/04 20:57:05.511, 95.72 W, 94 %
2025/12/04 20:57:05.611, 95.72 W, 95 %
2025/12/04 20:57:05.711, 95.72 W, 95 %
2025/12/04 20:57:05.811, 95.72 W, 95 %
2025/12/04 20:57:05.911, 95.72 W, 95 %
2025/12/04 20:57:06.011, 95.72 W, 94 %
2025/12/04 20:57:06.112, 95.72 W, 94 %
2025/12/04 20:57:06.212, 95.72 W, 95 %
2025/12/04 20:57:06.312, 95.72 W, 95 %
2025/12/04 20:57:06.412, 95.72 W, 95 %
2025/12/04 20:57:06.512, 95.72 W, 95 %
2025/12/04 20:57:06.612, 95.72 W, 94 %
2025/12/04 20:57:06.713, 95.72 W, 94 %
2025/12/04 20:57:06.813, 95.72 W, 95 %
2025/12/04 20:57:06.913, 95.72 W, 95 %
2025/12/04 20:57:07.013, 95.72 W, 95 %
2025/12/04 20:57:07.113, 95.72 W, 95 %
2025/12/04 20:57:07.213, 95.72 W, 95 %
2025/12/04 20:57:07.314, 95.72 W, 95 %
2025/12/04 20:57:07.414, 95.72 W, 95 %
2025/12/04 20:57:07.514, 95.72 W, 95 %
2025/12/04 20:57:07.614, 95.72 W, 94 %
2025/12/04 20:57:07.714, 95.72 W, 94 %
2025/12/04 20:57:07.814, 95.72 W, 94 %
2025/12/04 20:57:07.914, 95.72 W, 94 %
2025/12/04 20:57:08.015, 95.72 W, 95 %
2025/12/04 20:57:08.115, 95.72 W, 95 %
2025/12/04 20:57:08.215, 95.72 W, 95 %
2025/12/04 20:57:08.315, 95.72 W, 95 %
2025/12/04 20:57:08.415, 95.72 W, 95 %
2025/12/04 20:57:08.515, 95.72 W, 95 %
2025/12/04 20:57:08.616, 95.72 W, 95 %
2025/12/04 20:57:08.716, 95.72 W, 95 %
2025/12/04 20:57:08.816, 95.72 W, 95 %
2025/12/04 20:57:08.916, 95.72 W, 95 %
2025/12/04 20:57:09.016, 95.72 W, 95 %
2025/12/04 20:57:09.116, 95.72 W, 95 %
2025/12/04 20:57:09.217, 95.72 W, 95 %
2025/12/04 20:57:09.317, 95.72 W, 95 %
2025/12/04 20:57:09.417, 95.72 W, 95 %
2025/12/04 20:57:09.517, 95.72 W, 95 %
2025/12/04 20:57:09.617, 95.72 W, 95 %
2025/12/04 20:57:09.717, 95.72 W, 95 %
2025/12/04 20:57:09.818, 95.72 W, 94 %
2025/12/04 20:57:09.918, 95.72 W, 94 %
2025/12/04 20:57:10.018, 95.72 W, 95 %
2025/12/04 20:57:10.118, 95.72 W, 95 %
2025/12/04 20:57:10.218, 95.72 W, 95 %
2025/12/04 20:57:10.318, 95.72 W, 95 %
2025/12/04 20:57:10.418, 95.72 W, 95 %
2025/12/04 20:57:10.519, 95.72 W, 95 %
2025/12/04 20:57:10.619, 95.72 W, 94 %
2025/12/04 20:57:10.719, 95.72 W, 94 %
2025/12/04 20:57:10.819, 95.72 W, 94 %
2025/12/04 20:57:10.919, 95.72 W, 94 %
2025/12/04 20:57:11.019, 95.72 W, 95 %
2025/12/04 20:57:11.120, 95.72 W, 95 %
2025/12/04 20:57:11.220, 95.72 W, 95 %
2025/12/04 20:57:11.320, 95.72 W, 95 %
2025/12/04 20:57:11.420, 95.72 W, 95 %
2025/12/04 20:57:11.520, 95.72 W, 95 %
2025/12/04 20:57:11.620, 95.72 W, 95 %
2025/12/04 20:57:11.721, 95.72 W, 95 %
2025/12/04 20:57:11.821, 95.72 W, 94 %
2025/12/04 20:57:11.921, 95.72 W, 94 %
2025/12/04 20:57:12.021, 95.72 W, 95 %
2025/12/04 20:57:12.121, 95.72 W, 95 %
2025/12/04 20:57:12.221, 95.72 W, 94 %
2025/12/04 20:57:12.321, 95.72 W, 94 %
2025/12/04 20:57:12.422, 95.72 W, 95 %
2025/12/04 20:57:12.522, 95.72 W, 95 %
2025/12/04 20:57:12.622, 95.72 W, 95 %
2025/12/04 20:57:12.722, 95.72 W, 95 %
2025/12/04 20:57:12.822, 95.72 W, 95 %
2025/12/04 20:57:12.922, 95.72 W, 95 %
2025/12/04 20:57:13.023, 95.72 W, 94 %
2025/12/04 20:57:13.123, 95.99 W, 94 %
2025/12/04 20:57:13.223, 95.72 W, 95 %
2025/12/04 20:57:13.323, 95.72 W, 95 %
2025/12/04 20:57:13.423, 95.99 W, 95 %
2025/12/04 20:57:13.523, 95.72 W, 95 %
2025/12/04 20:57:13.624, 95.72 W, 94 %
2025/12/04 20:57:13.724, 95.72 W, 94 %
2025/12/04 20:57:13.824, 95.72 W, 95 %
2025/12/04 20:57:13.924, 95.72 W, 95 %
2025/12/04 20:57:14.024, 95.72 W, 95 %
2025/12/04 20:57:14.124, 95.72 W, 95 %
2025/12/04 20:57:14.225, 95.72 W, 95 %
2025/12/04 20:57:14.325, 95.72 W, 95 %
2025/12/04 20:57:14.425, 95.72 W, 94 %
2025/12/04 20:57:14.525, 95.72 W, 94 %
2025/12/04 20:57:14.625, 95.72 W, 95 %
2025/12/04 20:57:14.725, 95.72 W, 95 %
2025/12/04 20:57:14.825, 95.72 W, 95 %
2025/12/04 20:57:14.926, 95.39 W, 95 %
2025/12/04 20:57:15.026, 95.72 W, 90 %
2025/12/04 20:57:15.126, 95.72 W, 90 %
2025/12/04 20:57:15.226, 95.72 W, 95 %
2025/12/04 20:57:15.326, 95.72 W, 95 %
2025/12/04 20:57:15.426, 95.72 W, 95 %
2025/12/04 20:57:15.527, 95.72 W, 95 %
2025/12/04 20:57:15.627, 95.72 W, 95 %
2025/12/04 20:57:15.727, 95.72 W, 95 %
2025/12/04 20:57:15.827, 95.72 W, 95 %
2025/12/04 20:57:15.927, 95.72 W, 95 %
2025/12/04 20:57:16.027, 95.72 W, 94 %
2025/12/04 20:57:16.128, 95.72 W, 94 %
2025/12/04 20:57:16.228, 95.72 W, 94 %
2025/12/04 20:57:16.328, 95.72 W, 94 %
2025/12/04 20:57:16.428, 95.72 W, 94 %
2025/12/04 20:57:16.528, 95.72 W, 94 %
2025/12/04 20:57:16.628, 95.72 W, 94 %
2025/12/04 20:57:16.728, 95.72 W, 94 %
2025/12/04 20:57:16.829, 95.99 W, 95 %
2025/12/04 20:57:16.929, 95.99 W, 95 %
2025/12/04 20:57:17.029, 95.72 W, 95 %
2025/12/04 20:57:17.129, 95.72 W, 95 %
2025/12/04 20:57:17.229, 95.72 W, 94 %
2025/12/04 20:57:17.329, 95.72 W, 94 %
2025/12/04 20:57:17.430, 95.72 W, 95 %
2025/12/04 20:57:17.530, 95.72 W, 95 %
2025/12/04 20:57:17.630, 95.72 W, 95 %
2025/12/04 20:57:17.730, 95.72 W, 95 %
2025/12/04 20:57:17.830, 95.72 W, 93 %
2025/12/04 20:57:17.930, 95.72 W, 93 %
2025/12/04 20:57:18.031, 95.72 W, 95 %
2025/12/04 20:57:18.131, 95.72 W, 95 %
2025/12/04 20:57:18.231, 95.72 W, 94 %
2025/12/04 20:57:18.331, 95.72 W, 94 %
2025/12/04 20:57:18.431, 95.72 W, 95 %
2025/12/04 20:57:18.531, 95.72 W, 95 %
2025/12/04 20:57:18.631, 95.72 W, 95 %
2025/12/04 20:57:18.732, 95.72 W, 95 %
2025/12/04 20:57:18.832, 95.72 W, 95 %
2025/12/04 20:57:18.932, 95.72 W, 95 %
2025/12/04 20:57:19.032, 95.72 W, 95 %
2025/12/04 20:57:19.132, 95.72 W, 95 %
2025/12/04 20:57:19.232, 95.72 W, 95 %
2025/12/04 20:57:19.333, 95.72 W, 95 %
2025/12/04 20:57:19.433, 95.72 W, 94 %
2025/12/04 20:57:19.533, 95.72 W, 94 %
2025/12/04 20:57:19.633, 95.72 W, 95 %
2025/12/04 20:57:19.733, 95.72 W, 95 %
2025/12/04 20:57:19.833, 95.72 W, 95 %
2025/12/04 20:57:19.934, 95.72 W, 95 %
2025/12/04 20:57:20.034, 95.72 W, 95 %
2025/12/04 20:57:20.134, 95.72 W, 95 %
2025/12/04 20:57:20.234, 95.72 W, 94 %
2025/12/04 20:57:20.334, 95.72 W, 94 %
2025/12/04 20:57:20.434, 95.72 W, 95 %
2025/12/04 20:57:20.534, 95.72 W, 95 %
2025/12/04 20:57:20.635, 95.72 W, 95 %
2025/12/04 20:57:20.735, 95.72 W, 95 %
2025/12/04 20:57:20.835, 95.72 W, 94 %
2025/12/04 20:57:20.935, 95.72 W, 94 %
2025/12/04 20:57:21.035, 95.72 W, 95 %
2025/12/04 20:57:21.135, 95.72 W, 95 %
2025/12/04 20:57:21.235, 95.72 W, 94 %
2025/12/04 20:57:21.336, 95.72 W, 94 %
2025/12/04 20:57:21.436, 95.72 W, 94 %
2025/12/04 20:57:21.536, 95.72 W, 94 %
2025/12/04 20:57:21.636, 95.72 W, 95 %
2025/12/04 20:57:21.736, 95.72 W, 95 %
2025/12/04 20:57:21.836, 95.72 W, 95 %
2025/12/04 20:57:21.937, 95.72 W, 95 %
2025/12/04 20:57:22.037, 95.72 W, 95 %
2025/12/04 20:57:22.137, 95.72 W, 95 %
2025/12/04 20:57:22.237, 95.72 W, 94 %
2025/12/04 20:57:22.337, 95.72 W, 94 %
2025/12/04 20:57:22.437, 95.72 W, 94 %
2025/12/04 20:57:22.538, 95.72 W, 94 %
2025/12/04 20:57:22.638, 95.72 W, 95 %
2025/12/04 20:57:22.738, 95.72 W, 95 %
2025/12/04 20:57:22.838, 95.72 W, 95 %
2025/12/04 20:57:22.938, 95.72 W, 95 %
2025/12/04 20:57:23.038, 95.72 W, 95 %
2025/12/04 20:57:23.139, 95.72 W, 95 %
2025/12/04 20:57:23.239, 95.72 W, 95 %
2025/12/04 20:57:23.339, 95.72 W, 95 %
2025/12/04 20:57:23.439, 95.72 W, 95 %
2025/12/04 20:57:23.539, 95.72 W, 95 %
2025/12/04 20:57:23.639, 95.72 W, 95 %
2025/12/04 20:57:23.739, 95.72 W, 95 %
2025/12/04 20:57:23.840, 95.72 W, 95 %
2025/12/04 20:57:23.940, 95.72 W, 95 %
2025/12/04 20:57:24.040, 95.72 W, 95 %
2025/12/04 20:57:24.140, 95.72 W, 95 %
2025/12/04 20:57:24.240, 95.72 W, 95 %
2025/12/04 20:57:24.340, 95.72 W, 95 %
2025/12/04 20:57:24.441, 95.72 W, 95 %
2025/12/04 20:57:24.541, 95.72 W, 95 %
2025/12/04 20:57:24.641, 95.72 W, 95 %
2025/12/04 20:57:24.741, 95.72 W, 95 %
2025/12/04 20:57:24.841, 95.72 W, 95 %
2025/12/04 20:57:24.941, 95.72 W, 95 %
2025/12/04 20:57:25.042, 95.72 W, 94 %
2025/12/04 20:57:25.142, 95.72 W, 94 %
2025/12/04 20:57:25.242, 95.72 W, 95 %
2025/12/04 20:57:25.342, 95.72 W, 95 %
2025/12/04 20:57:25.442, 95.72 W, 95 %
2025/12/04 20:57:25.542, 95.72 W, 95 %
2025/12/04 20:57:25.643, 95.72 W, 95 %
2025/12/04 20:57:25.743, 95.72 W, 95 %
2025/12/04 20:57:25.843, 95.72 W, 95 %
2025/12/04 20:57:25.943, 95.72 W, 95 %
2025/12/04 20:57:26.043, 95.72 W, 95 %
2025/12/04 20:57:26.143, 95.72 W, 95 %
2025/12/04 20:57:26.244, 95.72 W, 95 %
2025/12/04 20:57:26.344, 95.72 W, 95 %
2025/12/04 20:57:26.444, 95.72 W, 94 %
2025/12/04 20:57:26.544, 95.72 W, 94 %
2025/12/04 20:57:26.644, 95.72 W, 94 %
2025/12/04 20:57:26.744, 95.72 W, 94 %
2025/12/04 20:57:26.844, 95.72 W, 94 %
2025/12/04 20:57:26.945, 95.72 W, 94 %
2025/12/04 20:57:27.045, 95.72 W, 95 %
2025/12/04 20:57:27.145, 95.72 W, 95 %
2025/12/04 20:57:27.245, 95.72 W, 95 %
2025/12/04 20:57:27.345, 95.72 W, 95 %
2025/12/04 20:57:27.445, 95.72 W, 95 %
2025/12/04 20:57:27.546, 95.72 W, 95 %
2025/12/04 20:57:27.646, 95.72 W, 95 %
2025/12/04 20:57:27.746, 95.72 W, 95 %
2025/12/04 20:57:27.846, 95.72 W, 95 %
2025/12/04 20:57:27.946, 95.72 W, 95 %
2025/12/04 20:57:28.046, 95.72 W, 95 %
2025/12/04 20:57:28.147, 95.72 W, 95 %
2025/12/04 20:57:28.247, 95.72 W, 95 %
2025/12/04 20:57:28.347, 95.72 W, 95 %
2025/12/04 20:57:28.447, 95.72 W, 95 %
2025/12/04 20:57:28.547, 95.72 W, 95 %
2025/12/04 20:57:28.647, 95.72 W, 95 %
2025/12/04 20:57:28.747, 95.72 W, 95 %
2025/12/04 20:57:28.848, 95.72 W, 95 %
2025/12/04 20:57:28.948, 95.72 W, 95 %
2025/12/04 20:57:29.048, 95.72 W, 95 %
2025/12/04 20:57:29.148, 95.72 W, 95 %
2025/12/04 20:57:29.248, 95.72 W, 95 %
2025/12/04 20:57:29.348, 95.72 W, 95 %
2025/12/04 20:57:29.449, 95.72 W, 95 %
2025/12/04 20:57:29.549, 95.72 W, 95 %
2025/12/04 20:57:29.649, 95.72 W, 94 %
2025/12/04 20:57:29.749, 95.72 W, 94 %
2025/12/04 20:57:29.849, 95.72 W, 95 %
2025/12/04 20:57:29.949, 95.72 W, 95 %
2025/12/04 20:57:30.050, 95.72 W, 95 %
2025/12/04 20:57:30.150, 95.72 W, 95 %
2025/12/04 20:57:30.250, 95.72 W, 95 %
2025/12/04 20:57:30.350, 95.72 W, 95 %
2025/12/04 20:57:30.450, 95.72 W, 94 %
2025/12/04 20:57:30.550, 95.72 W, 94 %
2025/12/04 20:57:30.650, 95.72 W, 95 %
2025/12/04 20:57:30.751, 95.72 W, 95 %
2025/12/04 20:57:30.851, 95.72 W, 94 %
2025/12/04 20:57:30.951, 95.72 W, 94 %
2025/12/04 20:57:31.051, 95.39 W, 94 %
2025/12/04 20:57:31.151, 95.72 W, 94 %
2025/12/04 20:57:31.251, 95.72 W, 94 %
2025/12/04 20:57:31.352, 95.72 W, 94 %
2025/12/04 20:57:31.452, 95.72 W, 95 %
2025/12/04 20:57:31.552, 95.72 W, 95 %
2025/12/04 20:57:31.652, 95.72 W, 95 %
2025/12/04 20:57:31.752, 95.72 W, 95 %
2025/12/04 20:57:31.852, 95.72 W, 95 %
2025/12/04 20:57:31.952, 95.72 W, 95 %
2025/12/04 20:57:32.053, 95.72 W, 94 %
2025/12/04 20:57:32.153, 95.72 W, 94 %
2025/12/04 20:57:32.253, 95.72 W, 95 %
2025/12/04 20:57:32.353, 95.72 W, 95 %
2025/12/04 20:57:32.453, 95.72 W, 95 %
2025/12/04 20:57:32.553, 95.72 W, 95 %
2025/12/04 20:57:32.654, 95.72 W, 95 %
2025/12/04 20:57:32.754, 95.72 W, 95 %
2025/12/04 20:57:32.854, 95.72 W, 95 %
2025/12/04 20:57:32.954, 95.72 W, 95 %
2025/12/04 20:57:33.054, 95.72 W, 95 %
2025/12/04 20:57:33.154, 95.72 W, 95 %
2025/12/04 20:57:33.255, 95.72 W, 95 %
2025/12/04 20:57:33.355, 95.72 W, 95 %
2025/12/04 20:57:33.455, 95.72 W, 95 %
2025/12/04 20:57:33.555, 95.72 W, 95 %
2025/12/04 20:57:33.655, 95.72 W, 95 %
2025/12/04 20:57:33.755, 95.72 W, 95 %
2025/12/04 20:57:33.856, 95.72 W, 95 %
2025/12/04 20:57:33.956, 95.72 W, 95 %
2025/12/04 20:57:34.056, 95.72 W, 94 %
2025/12/04 20:57:34.156, 95.72 W, 94 %
2025/12/04 20:57:34.256, 95.72 W, 94 %
2025/12/04 20:57:34.356, 95.72 W, 94 %
2025/12/04 20:57:34.457, 95.72 W, 95 %
2025/12/04 20:57:34.557, 95.72 W, 95 %
2025/12/04 20:57:34.657, 95.72 W, 95 %
2025/12/04 20:57:34.757, 95.72 W, 95 %
2025/12/04 20:57:34.857, 95.72 W, 95 %
2025/12/04 20:57:34.957, 95.72 W, 95 %
2025/12/04 20:57:35.057, 95.72 W, 95 %
2025/12/04 20:57:35.158, 95.72 W, 95 %
2025/12/04 20:57:35.258, 95.72 W, 94 %
2025/12/04 20:57:35.358, 95.72 W, 94 %
2025/12/04 20:57:35.458, 95.72 W, 95 %
2025/12/04 20:57:35.558, 95.72 W, 95 %
2025/12/04 20:57:35.658, 95.72 W, 95 %
2025/12/04 20:57:35.759, 95.72 W, 95 %
2025/12/04 20:57:35.859, 95.72 W, 95 %
2025/12/04 20:57:35.959, 95.72 W, 95 %
2025/12/04 20:57:36.059, 95.72 W, 95 %
2025/12/04 20:57:36.159, 95.72 W, 95 %
2025/12/04 20:57:36.259, 95.72 W, 94 %
2025/12/04 20:57:36.360, 95.72 W, 94 %
2025/12/04 20:57:36.460, 95.72 W, 95 %
2025/12/04 20:57:36.560, 95.72 W, 95 %
2025/12/04 20:57:36.660, 95.72 W, 95 %
2025/12/04 20:57:36.760, 95.72 W, 95 %
2025/12/04 20:57:36.860, 95.72 W, 94 %
2025/12/04 20:57:36.961, 95.72 W, 94 %
2025/12/04 20:57:37.061, 95.72 W, 95 %
2025/12/04 20:57:37.161, 95.72 W, 95 %
2025/12/04 20:57:37.261, 95.72 W, 94 %
2025/12/04 20:57:37.361, 95.72 W, 94 %
2025/12/04 20:57:37.461, 95.72 W, 95 %
2025/12/04 20:57:37.562, 95.72 W, 95 %
2025/12/04 20:57:37.662, 95.72 W, 95 %
2025/12/04 20:57:37.762, 95.72 W, 95 %
2025/12/04 20:57:37.862, 95.72 W, 95 %
2025/12/04 20:57:37.962, 95.72 W, 95 %
2025/12/04 20:57:38.062, 95.72 W, 95 %
2025/12/04 20:57:38.163, 95.72 W, 95 %
2025/12/04 20:57:38.263, 95.72 W, 95 %
2025/12/04 20:57:38.363, 95.72 W, 95 %
2025/12/04 20:57:38.463, 95.72 W, 94 %
2025/12/04 20:57:38.563, 95.72 W, 94 %
2025/12/04 20:57:38.663, 95.72 W, 95 %
2025/12/04 20:57:38.763, 95.72 W, 95 %
2025/12/04 20:57:38.864, 95.72 W, 95 %
2025/12/04 20:57:38.964, 95.72 W, 95 %
2025/12/04 20:57:39.064, 95.72 W, 95 %
2025/12/04 20:57:39.164, 95.72 W, 95 %
2025/12/04 20:57:39.264, 95.72 W, 95 %
2025/12/04 20:57:39.364, 95.72 W, 95 %
2025/12/04 20:57:39.465, 95.72 W, 94 %
2025/12/04 20:57:39.565, 95.72 W, 94 %
2025/12/04 20:57:39.665, 95.72 W, 95 %
2025/12/04 20:57:39.765, 95.72 W, 95 %
2025/12/04 20:57:39.865, 95.72 W, 94 %
2025/12/04 20:57:39.965, 95.72 W, 94 %
2025/12/04 20:57:40.066, 95.72 W, 95 %
2025/12/04 20:57:40.166, 95.72 W, 95 %
2025/12/04 20:57:40.266, 95.72 W, 95 %
2025/12/04 20:57:40.366, 95.72 W, 95 %
2025/12/04 20:57:40.466, 95.72 W, 95 %
2025/12/04 20:57:40.566, 95.72 W, 95 %
2025/12/04 20:57:40.667, 95.72 W, 95 %
2025/12/04 20:57:40.767, 95.72 W, 95 %
2025/12/04 20:57:40.867, 95.72 W, 95 %
2025/12/04 20:57:40.967, 95.72 W, 95 %
2025/12/04 20:57:41.067, 95.72 W, 95 %
2025/12/04 20:57:41.167, 95.72 W, 95 %
2025/12/04 20:57:41.268, 95.72 W, 94 %
2025/12/04 20:57:41.368, 95.72 W, 94 %
2025/12/04 20:57:41.468, 95.72 W, 95 %
2025/12/04 20:57:41.568, 95.72 W, 95 %
2025/12/04 20:57:41.668, 95.72 W, 94 %
2025/12/04 20:57:41.768, 95.72 W, 94 %
2025/12/04 20:57:41.869, 95.72 W, 95 %
2025/12/04 20:57:41.969, 95.72 W, 95 %
2025/12/04 20:57:42.069, 95.72 W, 95 %
2025/12/04 20:57:42.169, 95.72 W, 95 %
2025/12/04 20:57:42.269, 95.72 W, 95 %
2025/12/04 20:57:42.369, 95.72 W, 95 %
2025/12/04 20:57:42.469, 95.72 W, 95 %
2025/12/04 20:57:42.570, 95.72 W, 95 %
2025/12/04 20:57:42.670, 95.72 W, 94 %
2025/12/04 20:57:42.770, 95.72 W, 94 %
2025/12/04 20:57:42.870, 95.72 W, 95 %
2025/12/04 20:57:42.970, 95.72 W, 95 %
2025/12/04 20:57:43.070, 95.72 W, 95 %
2025/12/04 20:57:43.171, 95.72 W, 95 %
2025/12/04 20:57:43.271, 95.72 W, 95 %
2025/12/04 20:57:43.371, 95.72 W, 95 %
2025/12/04 20:57:43.471, 95.72 W, 95 %
2025/12/04 20:57:43.571, 95.72 W, 95 %
2025/12/04 20:57:43.671, 95.72 W, 94 %
2025/12/04 20:57:43.772, 95.72 W, 94 %
2025/12/04 20:57:43.872, 95.72 W, 95 %
2025/12/04 20:57:43.972, 95.72 W, 95 %
2025/12/04 20:57:44.072, 95.72 W, 94 %
2025/12/04 20:57:44.172, 95.72 W, 94 %
2025/12/04 20:57:44.272, 95.72 W, 95 %
2025/12/04 20:57:44.373, 95.72 W, 95 %
2025/12/04 20:57:44.473, 95.72 W, 95 %
2025/12/04 20:57:44.573, 95.72 W, 95 %
2025/12/04 20:57:44.673, 95.72 W, 94 %
2025/12/04 20:57:44.773, 95.72 W, 94 %
2025/12/04 20:57:44.873, 95.72 W, 94 %
2025/12/04 20:57:44.974, 95.72 W, 94 %
2025/12/04 20:57:45.074, 95.72 W, 95 %
2025/12/04 20:57:45.174, 95.72 W, 95 %
2025/12/04 20:57:45.274, 95.72 W, 95 %
2025/12/04 20:57:45.374, 95.72 W, 95 %
2025/12/04 20:57:45.474, 95.72 W, 95 %
2025/12/04 20:57:45.575, 95.72 W, 95 %
2025/12/04 20:57:45.675, 95.72 W, 95 %
2025/12/04 20:57:45.775, 95.72 W, 95 %
2025/12/04 20:57:45.875, 95.72 W, 94 %
2025/12/04 20:57:45.975, 95.72 W, 94 %
2025/12/04 20:57:46.075, 95.72 W, 95 %
2025/12/04 20:57:46.176, 95.72 W, 95 %
2025/12/04 20:57:46.276, 95.72 W, 95 %
2025/12/04 20:57:46.376, 95.72 W, 95 %
2025/12/04 20:57:46.476, 95.72 W, 95 %
2025/12/04 20:57:46.576, 95.72 W, 95 %
2025/12/04 20:57:46.676, 95.72 W, 95 %
2025/12/04 20:57:46.777, 95.72 W, 95 %
2025/12/04 20:57:46.877, 95.72 W, 95 %
2025/12/04 20:57:46.977, 95.72 W, 95 %
2025/12/04 20:57:47.077, 95.72 W, 94 %
2025/12/04 20:57:47.177, 95.72 W, 94 %
2025/12/04 20:57:47.277, 95.72 W, 94 %
2025/12/04 20:57:47.378, 95.72 W, 94 %
2025/12/04 20:57:47.478, 95.72 W, 95 %
2025/12/04 20:57:47.578, 95.72 W, 95 %
2025/12/04 20:57:47.678, 95.72 W, 95 %
2025/12/04 20:57:47.778, 95.72 W, 95 %
2025/12/04 20:57:47.878, 95.72 W, 95 %
2025/12/04 20:57:47.979, 95.72 W, 95 %
2025/12/04 20:57:48.079, 95.72 W, 95 %
2025/12/04 20:57:48.179, 95.72 W, 95 %
2025/12/04 20:57:48.279, 95.72 W, 95 %
2025/12/04 20:57:48.379, 95.72 W, 95 %
2025/12/04 20:57:48.479, 95.72 W, 95 %
2025/12/04 20:57:48.579, 95.72 W, 95 %
2025/12/04 20:57:48.680, 95.72 W, 95 %
2025/12/04 20:57:48.780, 95.72 W, 95 %
2025/12/04 20:57:48.880, 95.72 W, 95 %
2025/12/04 20:57:48.980, 95.72 W, 95 %
2025/12/04 20:57:49.080, 95.72 W, 95 %
2025/12/04 20:57:49.180, 95.72 W, 95 %
2025/12/04 20:57:49.281, 95.72 W, 95 %
2025/12/04 20:57:49.381, 95.72 W, 95 %
2025/12/04 20:57:49.481, 95.72 W, 95 %
2025/12/04 20:57:49.581, 95.99 W, 95 %
2025/12/04 20:57:49.681, 95.72 W, 95 %
2025/12/04 20:57:49.781, 95.72 W, 95 %
2025/12/04 20:57:49.882, 95.72 W, 94 %
2025/12/04 20:57:49.982, 95.72 W, 94 %
2025/12/04 20:57:50.082, 95.72 W, 95 %
2025/12/04 20:57:50.182, 95.72 W, 95 %
2025/12/04 20:57:50.282, 95.72 W, 94 %
2025/12/04 20:57:50.382, 95.72 W, 94 %
2025/12/04 20:57:50.483, 95.72 W, 95 %
2025/12/04 20:57:50.583, 95.72 W, 95 %
2025/12/04 20:57:50.683, 95.72 W, 95 %
2025/12/04 20:57:50.783, 95.72 W, 95 %
2025/12/04 20:57:50.883, 95.72 W, 95 %
2025/12/04 20:57:50.983, 95.72 W, 95 %
2025/12/04 20:57:51.084, 95.72 W, 94 %
2025/12/04 20:57:51.184, 95.72 W, 94 %
2025/12/04 20:57:51.284, 95.72 W, 95 %
2025/12/04 20:57:51.384, 95.72 W, 95 %
2025/12/04 20:57:51.484, 95.72 W, 94 %
2025/12/04 20:57:51.584, 95.72 W, 94 %
2025/12/04 20:57:51.685, 95.72 W, 95 %
2025/12/04 20:57:51.785, 95.72 W, 95 %
2025/12/04 20:57:51.885, 95.72 W, 95 %
2025/12/04 20:57:51.985, 95.72 W, 95 %
2025/12/04 20:57:52.085, 95.72 W, 95 %
2025/12/04 20:57:52.185, 95.99 W, 95 %
2025/12/04 20:57:52.286, 95.72 W, 94 %
2025/12/04 20:57:52.386, 95.72 W, 94 %
2025/12/04 20:57:52.486, 95.72 W, 95 %
2025/12/04 20:57:52.586, 95.72 W, 95 %
2025/12/04 20:57:52.686, 95.72 W, 95 %
2025/12/04 20:57:52.786, 95.72 W, 95 %
2025/12/04 20:57:52.887, 95.72 W, 94 %
2025/12/04 20:57:52.987, 95.72 W, 94 %
2025/12/04 20:57:53.087, 95.72 W, 95 %
2025/12/04 20:57:53.187, 95.72 W, 95 %
2025/12/04 20:57:53.287, 95.99 W, 94 %
2025/12/04 20:57:53.387, 95.99 W, 94 %
2025/12/04 20:57:53.487, 95.72 W, 95 %
2025/12/04 20:57:53.588, 95.72 W, 95 %
2025/12/04 20:57:53.688, 95.72 W, 95 %
2025/12/04 20:57:53.788, 95.72 W, 95 %
2025/12/04 20:57:53.888, 95.72 W, 95 %
2025/12/04 20:57:53.988, 95.72 W, 95 %
2025/12/04 20:57:54.088, 95.72 W, 95 %
2025/12/04 20:57:54.189, 95.72 W, 95 %
2025/12/04 20:57:54.289, 95.72 W, 94 %
2025/12/04 20:57:54.389, 95.99 W, 94 %
2025/12/04 20:57:54.489, 95.72 W, 94 %
2025/12/04 20:57:54.589, 95.72 W, 94 %
2025/12/04 20:57:54.689, 95.72 W, 94 %
2025/12/04 20:57:54.790, 95.72 W, 94 %
2025/12/04 20:57:54.890, 95.72 W, 95 %
2025/12/04 20:57:54.990, 95.72 W, 95 %
2025/12/04 20:57:55.090, 95.72 W, 95 %
2025/12/04 20:57:55.190, 95.72 W, 95 %
2025/12/04 20:57:55.290, 95.72 W, 94 %
2025/12/04 20:57:55.391, 95.72 W, 94 %
2025/12/04 20:57:55.491, 95.72 W, 94 %
2025/12/04 20:57:55.591, 95.72 W, 94 %
2025/12/04 20:57:55.691, 95.72 W, 94 %
2025/12/04 20:57:55.791, 95.72 W, 94 %
2025/12/04 20:57:55.891, 95.72 W, 95 %
2025/12/04 20:57:55.992, 95.72 W, 95 %
2025/12/04 20:57:56.092, 95.72 W, 95 %
2025/12/04 20:57:56.192, 95.72 W, 95 %
2025/12/04 20:57:56.292, 95.72 W, 95 %
2025/12/04 20:57:56.392, 95.72 W, 95 %
2025/12/04 20:57:56.492, 95.72 W, 94 %
2025/12/04 20:57:56.593, 95.72 W, 94 %
2025/12/04 20:57:56.693, 95.72 W, 95 %
2025/12/04 20:57:56.793, 95.72 W, 95 %
2025/12/04 20:57:56.893, 95.72 W, 95 %
2025/12/04 20:57:56.993, 95.72 W, 95 %
2025/12/04 20:57:57.093, 95.72 W, 94 %
2025/12/04 20:57:57.194, 95.72 W, 94 %
2025/12/04 20:57:57.294, 95.72 W, 94 %
2025/12/04 20:57:57.394, 95.72 W, 94 %
2025/12/04 20:57:57.494, 95.72 W, 94 %
2025/12/04 20:57:57.594, 95.72 W, 94 %
2025/12/04 20:57:57.694, 95.99 W, 95 %
2025/12/04 20:57:57.795, 95.72 W, 95 %
2025/12/04 20:57:57.895, 95.72 W, 94 %
2025/12/04 20:57:57.995, 95.72 W, 94 %
2025/12/04 20:57:58.095, 95.72 W, 95 %
2025/12/04 20:57:58.195, 95.99 W, 95 %
2025/12/04 20:57:58.295, 95.72 W, 95 %
2025/12/04 20:57:58.395, 95.72 W, 95 %
2025/12/04 20:57:58.496, 95.72 W, 94 %
2025/12/04 20:57:58.596, 95.72 W, 94 %
2025/12/04 20:57:58.696, 95.72 W, 95 %
2025/12/04 20:57:58.796, 95.72 W, 95 %
2025/12/04 20:57:58.896, 95.72 W, 95 %
2025/12/04 20:57:58.996, 95.72 W, 95 %
2025/12/04 20:57:59.097, 95.72 W, 94 %
2025/12/04 20:57:59.197, 95.72 W, 94 %
2025/12/04 20:57:59.297, 95.72 W, 95 %
2025/12/04 20:57:59.397, 95.72 W, 95 %
2025/12/04 20:57:59.497, 95.72 W, 94 %
2025/12/04 20:57:59.597, 95.72 W, 94 %
2025/12/04 20:57:59.698, 95.72 W, 94 %
2025/12/04 20:57:59.798, 95.99 W, 94 %
2025/12/04 20:57:59.898, 95.72 W, 95 %
2025/12/04 20:57:59.998, 95.72 W, 95 %
2025/12/04 20:58:00.098, 95.72 W, 94 %
2025/12/04 20:58:00.198, 95.72 W, 94 %
2025/12/04 20:58:00.299, 95.72 W, 95 %
2025/12/04 20:58:00.399, 95.72 W, 95 %
2025/12/04 20:58:00.499, 95.72 W, 94 %
2025/12/04 20:58:00.599, 95.72 W, 94 %
2025/12/04 20:58:00.699, 95.72 W, 94 %
2025/12/04 20:58:00.799, 95.72 W, 94 %
2025/12/04 20:58:00.900, 95.72 W, 95 %
2025/12/04 20:58:01.000, 95.72 W, 95 %
2025/12/04 20:58:01.100, 95.72 W, 95 %
2025/12/04 20:58:01.200, 95.72 W, 95 %
2025/12/04 20:58:01.300, 95.99 W, 95 %
2025/12/04 20:58:01.400, 95.72 W, 95 %
2025/12/04 20:58:01.501, 95.72 W, 94 %
2025/12/04 20:58:01.601, 95.72 W, 94 %
2025/12/04 20:58:01.701, 95.72 W, 94 %
2025/12/04 20:58:01.801, 95.72 W, 94 %
2025/12/04 20:58:01.901, 95.72 W, 95 %
2025/12/04 20:58:02.001, 95.72 W, 95 %
2025/12/04 20:58:02.101, 95.72 W, 95 %
2025/12/04 20:58:02.202, 95.72 W, 95 %
2025/12/04 20:58:02.302, 95.72 W, 95 %
2025/12/04 20:58:02.402, 95.72 W, 95 %
2025/12/04 20:58:02.502, 95.72 W, 95 %
2025/12/04 20:58:02.602, 95.72 W, 95 %
2025/12/04 20:58:02.702, 95.72 W, 95 %
2025/12/04 20:58:02.803, 95.72 W, 95 %
2025/12/04 20:58:02.903, 95.72 W, 94 %
2025/12/04 20:58:03.003, 95.72 W, 94 %
2025/12/04 20:58:03.103, 95.72 W, 94 %
2025/12/04 20:58:03.203, 95.72 W, 94 %
2025/12/04 20:58:03.303, 95.72 W, 95 %
2025/12/04 20:58:03.404, 95.99 W, 95 %
2025/12/04 20:58:03.504, 95.72 W, 95 %
2025/12/04 20:58:03.604, 95.72 W, 95 %
2025/12/04 20:58:03.704, 95.72 W, 95 %
2025/12/04 20:58:03.804, 95.72 W, 95 %
2025/12/04 20:58:03.904, 95.72 W, 94 %
2025/12/04 20:58:04.005, 95.99 W, 94 %
2025/12/04 20:58:04.105, 95.72 W, 94 %
2025/12/04 20:58:04.205, 95.72 W, 94 %
2025/12/04 20:58:04.305, 95.72 W, 95 %
2025/12/04 20:58:04.405, 95.72 W, 95 %
2025/12/04 20:58:04.505, 95.72 W, 95 %
2025/12/04 20:58:04.606, 95.72 W, 95 %
2025/12/04 20:58:04.706, 95.72 W, 95 %
2025/12/04 20:58:04.806, 95.72 W, 95 %
2025/12/04 20:58:04.906, 95.72 W, 95 %
2025/12/04 20:58:05.006, 95.72 W, 95 %
2025/12/04 20:58:05.106, 95.72 W, 95 %
2025/12/04 20:58:05.207, 95.72 W, 95 %
2025/12/04 20:58:05.307, 95.72 W, 95 %
2025/12/04 20:58:05.407, 95.72 W, 95 %
2025/12/04 20:58:05.507, 95.72 W, 95 %
2025/12/04 20:58:05.607, 95.72 W, 95 %
2025/12/04 20:58:05.707, 95.99 W, 94 %
2025/12/04 20:58:05.808, 95.99 W, 94 %
2025/12/04 20:58:05.908, 95.72 W, 95 %
2025/12/04 20:58:06.008, 95.72 W, 95 %
2025/12/04 20:58:06.108, 95.72 W, 95 %
2025/12/04 20:58:06.208, 95.72 W, 95 %
2025/12/04 20:58:06.308, 95.99 W, 94 %
2025/12/04 20:58:06.409, 95.72 W, 94 %
2025/12/04 20:58:06.509, 95.72 W, 95 %
2025/12/04 20:58:06.609, 95.72 W, 95 %
2025/12/04 20:58:06.709, 95.72 W, 95 %
2025/12/04 20:58:06.809, 95.72 W, 95 %
2025/12/04 20:58:06.909, 95.72 W, 94 %
2025/12/04 20:58:07.010, 95.72 W, 94 %
2025/12/04 20:58:07.110, 95.72 W, 94 %
2025/12/04 20:58:07.210, 95.72 W, 94 %
2025/12/04 20:58:07.310, 95.72 W, 95 %
2025/12/04 20:58:07.410, 95.72 W, 95 %
2025/12/04 20:58:07.510, 95.72 W, 95 %
2025/12/04 20:58:07.610, 95.72 W, 95 %
2025/12/04 20:58:07.711, 95.72 W, 95 %
2025/12/04 20:58:07.811, 95.72 W, 95 %
2025/12/04 20:58:07.911, 95.72 W, 95 %
2025/12/04 20:58:08.011, 95.72 W, 95 %
2025/12/04 20:58:08.111, 95.72 W, 95 %
2025/12/04 20:58:08.211, 95.72 W, 95 %
2025/12/04 20:58:08.312, 95.72 W, 95 %
2025/12/04 20:58:08.412, 95.72 W, 95 %
2025/12/04 20:58:08.512, 95.72 W, 95 %
2025/12/04 20:58:08.612, 95.99 W, 95 %
2025/12/04 20:58:08.712, 95.99 W, 94 %
2025/12/04 20:58:08.812, 95.72 W, 94 %
2025/12/04 20:58:08.913, 95.99 W, 95 %
2025/12/04 20:58:09.013, 95.72 W, 95 %
2025/12/04 20:58:09.113, 95.72 W, 94 %
2025/12/04 20:58:09.213, 95.72 W, 94 %
2025/12/04 20:58:09.313, 95.99 W, 95 %
2025/12/04 20:58:09.413, 95.99 W, 95 %
2025/12/04 20:58:09.514, 95.99 W, 95 %
2025/12/04 20:58:09.614, 95.99 W, 95 %
2025/12/04 20:58:09.714, 95.72 W, 95 %
2025/12/04 20:58:09.814, 95.72 W, 95 %
2025/12/04 20:58:09.914, 95.72 W, 95 %
2025/12/04 20:58:10.014, 95.72 W, 95 %
2025/12/04 20:58:10.124, 95.72 W, 94 %
2025/12/04 20:58:10.225, 95.72 W, 94 %
2025/12/04 20:58:10.325, 95.99 W, 94 %
2025/12/04 20:58:10.425, 95.99 W, 94 %
2025/12/04 20:58:10.525, 95.72 W, 95 %
2025/12/04 20:58:10.625, 95.99 W, 95 %
2025/12/04 20:58:10.725, 95.72 W, 95 %
2025/12/04 20:58:10.826, 95.99 W, 95 %
2025/12/04 20:58:10.926, 95.72 W, 95 %
2025/12/04 20:58:11.026, 95.72 W, 95 %
2025/12/04 20:58:11.126, 95.72 W, 95 %
2025/12/04 20:58:11.226, 95.72 W, 95 %
2025/12/04 20:58:11.326, 95.72 W, 94 %
2025/12/04 20:58:11.427, 95.72 W, 94 %
2025/12/04 20:58:11.527, 95.72 W, 94 %
2025/12/04 20:58:11.627, 95.99 W, 94 %
2025/12/04 20:58:11.727, 95.99 W, 95 %
2025/12/04 20:58:11.827, 95.99 W, 95 %
2025/12/04 20:58:11.927, 95.99 W, 95 %
2025/12/04 20:58:12.027, 95.99 W, 95 %
2025/12/04 20:58:12.128, 95.72 W, 95 %
2025/12/04 20:58:12.228, 95.72 W, 95 %
2025/12/04 20:58:12.328, 95.72 W, 94 %
2025/12/04 20:58:12.428, 95.72 W, 94 %
2025/12/04 20:58:12.528, 95.72 W, 95 %
2025/12/04 20:58:12.628, 95.72 W, 95 %
2025/12/04 20:58:12.729, 95.72 W, 95 %
2025/12/04 20:58:12.829, 95.72 W, 95 %
2025/12/04 20:58:12.929, 95.72 W, 94 %
2025/12/04 20:58:13.029, 95.72 W, 94 %
2025/12/04 20:58:13.129, 95.72 W, 95 %
2025/12/04 20:58:13.229, 95.72 W, 95 %
2025/12/04 20:58:13.330, 95.72 W, 95 %
2025/12/04 20:58:13.430, 95.72 W, 95 %
2025/12/04 20:58:13.530, 95.72 W, 95 %
2025/12/04 20:58:13.630, 95.72 W, 95 %
2025/12/04 20:58:13.730, 95.72 W, 95 %
2025/12/04 20:58:13.830, 95.72 W, 95 %
2025/12/04 20:58:13.931, 95.72 W, 95 %
2025/12/04 20:58:14.031, 95.72 W, 95 %
2025/12/04 20:58:14.131, 95.72 W, 95 %
2025/12/04 20:58:14.231, 95.72 W, 95 %
2025/12/04 20:58:14.331, 95.72 W, 94 %
2025/12/04 20:58:14.431, 95.72 W, 94 %
2025/12/04 20:58:14.531, 95.72 W, 95 %
2025/12/04 20:58:14.632, 95.72 W, 95 %
2025/12/04 20:58:14.732, 95.72 W, 95 %
2025/12/04 20:58:14.832, 95.72 W, 95 %
2025/12/04 20:58:14.932, 95.72 W, 95 %
2025/12/04 20:58:15.032, 95.72 W, 95 %
2025/12/04 20:58:15.132, 95.72 W, 95 %
2025/12/04 20:58:15.233, 95.99 W, 95 %
2025/12/04 20:58:15.333, 95.72 W, 95 %
2025/12/04 20:58:15.433, 95.72 W, 95 %
2025/12/04 20:58:15.533, 95.72 W, 95 %
2025/12/04 20:58:15.633, 95.72 W, 95 %
2025/12/04 20:58:15.733, 95.72 W, 95 %
2025/12/04 20:58:15.834, 95.72 W, 95 %
2025/12/04 20:58:15.934, 95.72 W, 95 %
2025/12/04 20:58:16.034, 95.72 W, 95 %
2025/12/04 20:58:16.134, 95.72 W, 95 %
2025/12/04 20:58:16.234, 95.72 W, 95 %
2025/12/04 20:58:16.334, 95.72 W, 95 %
2025/12/04 20:58:16.435, 95.72 W, 95 %
2025/12/04 20:58:16.535, 95.72 W, 94 %
2025/12/04 20:58:16.635, 95.72 W, 94 %
2025/12/04 20:58:16.735, 95.72 W, 95 %
2025/12/04 20:58:16.835, 95.72 W, 95 %
2025/12/04 20:58:16.935, 95.72 W, 95 %
2025/12/04 20:58:17.035, 95.72 W, 95 %
2025/12/04 20:58:17.136, 95.72 W, 95 %
2025/12/04 20:58:17.236, 95.72 W, 95 %
2025/12/04 20:58:17.336, 95.72 W, 93 %
2025/12/04 20:58:17.436, 95.72 W, 93 %
2025/12/04 20:58:17.536, 95.72 W, 95 %
2025/12/04 20:58:17.636, 95.72 W, 95 %
2025/12/04 20:58:17.737, 95.72 W, 95 %
2025/12/04 20:58:17.837, 95.72 W, 95 %
2025/12/04 20:58:17.937, 95.99 W, 95 %
2025/12/04 20:58:18.037, 95.72 W, 95 %
2025/12/04 20:58:18.137, 95.72 W, 95 %
2025/12/04 20:58:18.237, 95.72 W, 95 %
2025/12/04 20:58:18.338, 95.72 W, 95 %
2025/12/04 20:58:18.438, 95.72 W, 95 %
2025/12/04 20:58:18.538, 95.72 W, 94 %
2025/12/04 20:58:18.638, 95.72 W, 94 %
2025/12/04 20:58:18.738, 95.72 W, 95 %
2025/12/04 20:58:18.838, 95.72 W, 95 %
2025/12/04 20:58:18.938, 95.72 W, 95 %
2025/12/04 20:58:19.039, 95.72 W, 95 %
2025/12/04 20:58:19.139, 95.72 W, 95 %
2025/12/04 20:58:19.239, 95.72 W, 95 %
2025/12/04 20:58:19.339, 95.72 W, 95 %
2025/12/04 20:58:19.439, 95.72 W, 95 %
2025/12/04 20:58:19.539, 95.72 W, 95 %
2025/12/04 20:58:19.640, 95.72 W, 95 %
2025/12/04 20:58:19.740, 95.72 W, 95 %
2025/12/04 20:58:19.840, 95.72 W, 95 %
2025/12/04 20:58:19.940, 95.72 W, 95 %
2025/12/04 20:58:20.040, 95.72 W, 95 %
2025/12/04 20:58:20.140, 95.72 W, 94 %
2025/12/04 20:58:20.240, 95.99 W, 94 %
2025/12/04 20:58:20.341, 95.72 W, 95 %
2025/12/04 20:58:20.441, 95.72 W, 95 %
2025/12/04 20:58:20.541, 95.72 W, 94 %
2025/12/04 20:58:20.641, 95.99 W, 94 %
2025/12/04 20:58:20.741, 95.72 W, 94 %
2025/12/04 20:58:20.841, 95.72 W, 94 %
2025/12/04 20:58:20.941, 95.72 W, 94 %
2025/12/04 20:58:21.042, 95.72 W, 94 %
2025/12/04 20:58:21.142, 95.72 W, 94 %
2025/12/04 20:58:21.242, 95.72 W, 94 %
2025/12/04 20:58:21.342, 95.72 W, 95 %
2025/12/04 20:58:21.442, 95.72 W, 95 %
2025/12/04 20:58:21.542, 95.72 W, 94 %
2025/12/04 20:58:21.642, 95.72 W, 94 %
2025/12/04 20:58:21.743, 95.72 W, 95 %
2025/12/04 20:58:21.843, 95.72 W, 95 %
2025/12/04 20:58:21.943, 95.72 W, 95 %
2025/12/04 20:58:22.043, 95.72 W, 95 %
2025/12/04 20:58:22.143, 95.72 W, 95 %
2025/12/04 20:58:22.243, 95.72 W, 95 %
2025/12/04 20:58:22.344, 95.72 W, 95 %
2025/12/04 20:58:22.444, 95.72 W, 95 %
2025/12/04 20:58:22.544, 95.72 W, 95 %
2025/12/04 20:58:22.644, 95.72 W, 95 %
2025/12/04 20:58:22.744, 95.72 W, 94 %
2025/12/04 20:58:22.844, 95.72 W, 94 %
2025/12/04 20:58:22.945, 95.72 W, 95 %
2025/12/04 20:58:23.045, 95.72 W, 95 %
2025/12/04 20:58:23.145, 95.72 W, 94 %
2025/12/04 20:58:23.245, 95.72 W, 94 %
2025/12/04 20:58:23.345, 95.72 W, 94 %
2025/12/04 20:58:23.445, 95.72 W, 94 %
2025/12/04 20:58:23.545, 95.72 W, 95 %
2025/12/04 20:58:23.646, 95.72 W, 95 %
2025/12/04 20:58:23.746, 95.72 W, 94 %
2025/12/04 20:58:23.846, 95.72 W, 94 %
2025/12/04 20:58:23.946, 95.72 W, 95 %
2025/12/04 20:58:24.046, 95.72 W, 95 %
2025/12/04 20:58:24.146, 95.72 W, 95 %
2025/12/04 20:58:24.247, 95.72 W, 95 %
2025/12/04 20:58:24.347, 95.72 W, 95 %
2025/12/04 20:58:24.447, 95.72 W, 95 %
2025/12/04 20:58:24.547, 95.72 W, 95 %
2025/12/04 20:58:24.647, 95.72 W, 95 %
2025/12/04 20:58:24.747, 95.72 W, 95 %
2025/12/04 20:58:24.848, 95.72 W, 95 %
2025/12/04 20:58:24.948, 95.72 W, 94 %
2025/12/04 20:58:25.048, 95.72 W, 94 %
2025/12/04 20:58:25.148, 95.72 W, 95 %
2025/12/04 20:58:25.248, 95.72 W, 95 %
2025/12/04 20:58:25.348, 95.72 W, 94 %
2025/12/04 20:58:25.449, 95.72 W, 94 %
2025/12/04 20:58:25.549, 95.72 W, 95 %
2025/12/04 20:58:25.649, 95.72 W, 95 %
2025/12/04 20:58:25.749, 95.72 W, 94 %
2025/12/04 20:58:25.849, 95.72 W, 94 %
2025/12/04 20:58:25.949, 95.72 W, 94 %
2025/12/04 20:58:26.050, 95.72 W, 94 %
2025/12/04 20:58:26.150, 95.72 W, 94 %
2025/12/04 20:58:26.250, 95.72 W, 94 %
2025/12/04 20:58:26.350, 95.72 W, 95 %
2025/12/04 20:58:26.450, 95.72 W, 95 %
2025/12/04 20:58:26.550, 95.72 W, 94 %
2025/12/04 20:58:26.651, 95.72 W, 94 %
2025/12/04 20:58:26.751, 95.72 W, 95 %
2025/12/04 20:58:26.851, 95.72 W, 95 %
2025/12/04 20:58:26.951, 95.72 W, 94 %
2025/12/04 20:58:27.051, 95.72 W, 94 %
2025/12/04 20:58:27.151, 95.72 W, 95 %
2025/12/04 20:58:27.251, 95.72 W, 95 %
2025/12/04 20:58:27.352, 95.72 W, 95 %
2025/12/04 20:58:27.452, 95.72 W, 95 %
2025/12/04 20:58:27.552, 95.72 W, 94 %
2025/12/04 20:58:27.652, 95.72 W, 94 %
2025/12/04 20:58:27.752, 95.72 W, 95 %
2025/12/04 20:58:27.852, 95.72 W, 95 %
2025/12/04 20:58:27.953, 95.72 W, 95 %
2025/12/04 20:58:28.053, 95.72 W, 95 %
2025/12/04 20:58:28.153, 95.72 W, 94 %
2025/12/04 20:58:28.253, 95.72 W, 94 %
2025/12/04 20:58:28.353, 95.72 W, 94 %
2025/12/04 20:58:28.453, 95.72 W, 94 %
2025/12/04 20:58:28.554, 95.72 W, 95 %
2025/12/04 20:58:28.654, 95.72 W, 95 %
2025/12/04 20:58:28.754, 95.72 W, 95 %
2025/12/04 20:58:28.854, 95.72 W, 95 %
2025/12/04 20:58:28.954, 95.72 W, 95 %
2025/12/04 20:58:29.054, 95.72 W, 95 %
2025/12/04 20:58:29.155, 95.72 W, 94 %
2025/12/04 20:58:29.255, 95.72 W, 94 %
2025/12/04 20:58:29.355, 95.72 W, 95 %
2025/12/04 20:58:29.455, 95.72 W, 95 %
2025/12/04 20:58:29.555, 95.72 W, 95 %
2025/12/04 20:58:29.655, 95.72 W, 95 %
2025/12/04 20:58:29.755, 95.72 W, 95 %
2025/12/04 20:58:29.856, 95.72 W, 95 %
2025/12/04 20:58:29.956, 95.72 W, 95 %
2025/12/04 20:58:30.056, 95.72 W, 95 %
2025/12/04 20:58:30.156, 95.72 W, 94 %
2025/12/04 20:58:30.256, 95.72 W, 94 %
2025/12/04 20:58:30.356, 95.72 W, 94 %
2025/12/04 20:58:30.457, 95.72 W, 94 %
2025/12/04 20:58:30.557, 95.72 W, 94 %
2025/12/04 20:58:30.657, 95.72 W, 94 %
2025/12/04 20:58:30.757, 95.72 W, 95 %
2025/12/04 20:58:30.857, 95.72 W, 95 %
2025/12/04 20:58:30.957, 95.39 W, 94 %
2025/12/04 20:58:31.057, 95.72 W, 94 %
2025/12/04 20:58:31.158, 95.72 W, 94 %
2025/12/04 20:58:31.258, 95.72 W, 94 %
2025/12/04 20:58:31.358, 95.72 W, 94 %
2025/12/04 20:58:31.458, 95.72 W, 94 %
2025/12/04 20:58:31.558, 95.72 W, 95 %
2025/12/04 20:58:31.658, 95.72 W, 95 %
2025/12/04 20:58:31.759, 95.72 W, 95 %
2025/12/04 20:58:31.859, 95.72 W, 95 %
2025/12/04 20:58:31.959, 95.72 W, 94 %
2025/12/04 20:58:32.059, 95.72 W, 94 %
2025/12/04 20:58:32.159, 95.72 W, 95 %
2025/12/04 20:58:32.259, 95.72 W, 95 %
2025/12/04 20:58:32.359, 95.72 W, 95 %
2025/12/04 20:58:32.460, 95.72 W, 95 %
2025/12/04 20:58:32.560, 95.72 W, 95 %
2025/12/04 20:58:32.660, 95.72 W, 95 %
2025/12/04 20:58:32.760, 95.72 W, 95 %
2025/12/04 20:58:32.860, 95.72 W, 95 %
2025/12/04 20:58:32.960, 95.72 W, 95 %
2025/12/04 20:58:33.061, 95.72 W, 95 %
2025/12/04 20:58:33.161, 95.72 W, 95 %
2025/12/04 20:58:33.261, 95.72 W, 95 %
2025/12/04 20:58:33.361, 95.72 W, 94 %
2025/12/04 20:58:33.461, 95.72 W, 94 %
2025/12/04 20:58:33.561, 95.72 W, 94 %
2025/12/04 20:58:33.662, 95.72 W, 94 %
2025/12/04 20:58:33.762, 95.72 W, 95 %
2025/12/04 20:58:33.862, 95.72 W, 95 %
2025/12/04 20:58:33.962, 95.72 W, 95 %
2025/12/04 20:58:34.062, 95.72 W, 95 %
2025/12/04 20:58:34.162, 95.72 W, 95 %
2025/12/04 20:58:34.262, 95.72 W, 95 %
2025/12/04 20:58:34.363, 95.72 W, 95 %
2025/12/04 20:58:34.463, 95.72 W, 95 %
2025/12/04 20:58:34.563, 95.72 W, 95 %
2025/12/04 20:58:34.663, 95.72 W, 95 %
2025/12/04 20:58:34.763, 95.72 W, 94 %
2025/12/04 20:58:34.863, 95.72 W, 94 %
2025/12/04 20:58:34.964, 95.72 W, 95 %
2025/12/04 20:58:35.064, 95.72 W, 95 %
2025/12/04 20:58:35.164, 95.72 W, 95 %
2025/12/04 20:58:35.264, 95.72 W, 95 %
2025/12/04 20:58:35.364, 95.99 W, 95 %
2025/12/04 20:58:35.464, 95.72 W, 95 %
2025/12/04 20:58:35.565, 95.72 W, 95 %
2025/12/04 20:58:35.665, 95.72 W, 95 %
2025/12/04 20:58:35.765, 95.99 W, 95 %
2025/12/04 20:58:35.865, 95.72 W, 95 %
2025/12/04 20:58:35.965, 95.72 W, 94 %
2025/12/04 20:58:36.065, 95.72 W, 94 %
2025/12/04 20:58:36.166, 95.72 W, 95 %
2025/12/04 20:58:36.266, 95.72 W, 95 %
2025/12/04 20:58:36.366, 95.72 W, 94 %
2025/12/04 20:58:36.466, 95.72 W, 94 %
2025/12/04 20:58:36.566, 95.72 W, 94 %
2025/12/04 20:58:36.666, 95.72 W, 94 %
2025/12/04 20:58:36.767, 95.72 W, 94 %
2025/12/04 20:58:36.867, 95.72 W, 94 %
2025/12/04 20:58:36.967, 95.72 W, 95 %
2025/12/04 20:58:37.067, 95.72 W, 95 %
2025/12/04 20:58:37.167, 95.72 W, 95 %
2025/12/04 20:58:37.267, 95.72 W, 95 %
2025/12/04 20:58:37.368, 95.72 W, 95 %
2025/12/04 20:58:37.468, 95.72 W, 95 %
2025/12/04 20:58:37.568, 95.72 W, 95 %
2025/12/04 20:58:37.668, 95.72 W, 95 %
2025/12/04 20:58:37.768, 95.72 W, 94 %
2025/12/04 20:58:37.868, 95.72 W, 94 %
2025/12/04 20:58:37.968, 95.72 W, 94 %
2025/12/04 20:58:38.069, 95.72 W, 94 %
2025/12/04 20:58:38.169, 95.72 W, 95 %
2025/12/04 20:58:38.269, 95.72 W, 95 %
2025/12/04 20:58:38.369, 95.72 W, 95 %
2025/12/04 20:58:38.469, 95.72 W, 95 %
2025/12/04 20:58:38.569, 95.72 W, 95 %
2025/12/04 20:58:38.670, 95.72 W, 95 %
2025/12/04 20:58:38.770, 95.72 W, 94 %
2025/12/04 20:58:38.870, 95.72 W, 94 %
2025/12/04 20:58:38.970, 95.72 W, 95 %
2025/12/04 20:58:39.070, 95.72 W, 95 %
2025/12/04 20:58:39.170, 95.72 W, 95 %
2025/12/04 20:58:39.271, 95.72 W, 95 %
2025/12/04 20:58:39.371, 95.72 W, 95 %
2025/12/04 20:58:39.471, 95.72 W, 95 %
2025/12/04 20:58:39.571, 95.72 W, 95 %
2025/12/04 20:58:39.671, 95.72 W, 95 %
2025/12/04 20:58:39.771, 95.72 W, 94 %
2025/12/04 20:58:39.872, 95.72 W, 94 %
2025/12/04 20:58:39.972, 95.72 W, 94 %
2025/12/04 20:58:40.072, 95.72 W, 94 %
2025/12/04 20:58:40.172, 95.72 W, 95 %
2025/12/04 20:58:40.272, 95.72 W, 95 %
2025/12/04 20:58:40.372, 95.72 W, 95 %
2025/12/04 20:58:40.473, 95.72 W, 95 %
2025/12/04 20:58:40.573, 95.72 W, 94 %
2025/12/04 20:58:40.673, 95.72 W, 94 %
2025/12/04 20:58:40.773, 95.72 W, 95 %
2025/12/04 20:58:40.873, 95.72 W, 95 %
2025/12/04 20:58:40.973, 95.72 W, 94 %
2025/12/04 20:58:41.074, 95.72 W, 94 %
2025/12/04 20:58:41.174, 95.72 W, 95 %
2025/12/04 20:58:41.274, 95.72 W, 95 %
2025/12/04 20:58:41.374, 95.72 W, 95 %
2025/12/04 20:58:41.474, 95.72 W, 95 %
2025/12/04 20:58:41.574, 95.72 W, 95 %
2025/12/04 20:58:41.675, 95.72 W, 95 %
2025/12/04 20:58:41.775, 95.72 W, 95 %
2025/12/04 20:58:41.875, 95.72 W, 95 %
2025/12/04 20:58:41.975, 95.72 W, 94 %
2025/12/04 20:58:42.075, 95.72 W, 94 %
2025/12/04 20:58:42.175, 95.72 W, 95 %
2025/12/04 20:58:42.276, 95.72 W, 95 %
2025/12/04 20:58:42.376, 95.72 W, 94 %
2025/12/04 20:58:42.476, 95.72 W, 94 %
2025/12/04 20:58:42.576, 95.72 W, 94 %
2025/12/04 20:58:42.676, 95.72 W, 94 %
2025/12/04 20:58:42.776, 95.72 W, 95 %
2025/12/04 20:58:42.876, 95.72 W, 95 %
2025/12/04 20:58:42.977, 95.72 W, 95 %
2025/12/04 20:58:43.077, 95.72 W, 95 %
2025/12/04 20:58:43.177, 95.72 W, 95 %
2025/12/04 20:58:43.277, 95.72 W, 95 %
2025/12/04 20:58:43.377, 95.72 W, 95 %
2025/12/04 20:58:43.477, 95.72 W, 95 %
2025/12/04 20:58:43.578, 95.72 W, 95 %
2025/12/04 20:58:43.678, 95.72 W, 95 %
2025/12/04 20:58:43.778, 95.72 W, 95 %
2025/12/04 20:58:43.878, 95.72 W, 95 %
2025/12/04 20:58:43.978, 95.72 W, 95 %
2025/12/04 20:58:44.078, 95.72 W, 95 %
2025/12/04 20:58:44.179, 95.72 W, 94 %
2025/12/04 20:58:44.279, 95.72 W, 94 %
2025/12/04 20:58:44.379, 95.72 W, 95 %
2025/12/04 20:58:44.479, 95.72 W, 95 %
2025/12/04 20:58:44.579, 95.72 W, 95 %
2025/12/04 20:58:44.679, 95.72 W, 95 %
2025/12/04 20:58:44.780, 95.72 W, 95 %
2025/12/04 20:58:44.880, 95.72 W, 95 %
2025/12/04 20:58:44.980, 95.72 W, 94 %
2025/12/04 20:58:45.080, 95.72 W, 94 %
2025/12/04 20:58:45.180, 95.72 W, 95 %
2025/12/04 20:58:45.280, 95.72 W, 95 %
2025/12/04 20:58:45.381, 95.72 W, 95 %
2025/12/04 20:58:45.481, 95.72 W, 95 %
2025/12/04 20:58:45.581, 95.72 W, 95 %
2025/12/04 20:58:45.681, 95.72 W, 95 %
2025/12/04 20:58:45.781, 95.72 W, 95 %
2025/12/04 20:58:45.881, 95.72 W, 95 %
2025/12/04 20:58:45.982, 95.72 W, 95 %
2025/12/04 20:58:46.082, 95.72 W, 95 %
2025/12/04 20:58:46.182, 95.72 W, 94 %
2025/12/04 20:58:46.282, 95.72 W, 94 %
2025/12/04 20:58:46.382, 95.72 W, 95 %
2025/12/04 20:58:46.482, 95.72 W, 95 %
2025/12/04 20:58:46.583, 95.72 W, 95 %
2025/12/04 20:58:46.683, 95.72 W, 95 %
2025/12/04 20:58:46.783, 95.72 W, 95 %
2025/12/04 20:58:46.883, 95.72 W, 95 %
2025/12/04 20:58:46.983, 95.72 W, 95 %
2025/12/04 20:58:47.083, 95.72 W, 95 %
2025/12/04 20:58:47.184, 95.72 W, 95 %
2025/12/04 20:58:47.284, 95.72 W, 95 %
2025/12/04 20:58:47.384, 95.72 W, 94 %
2025/12/04 20:58:47.484, 95.72 W, 94 %
2025/12/04 20:58:47.584, 95.72 W, 94 %
2025/12/04 20:58:47.684, 95.72 W, 94 %
2025/12/04 20:58:47.784, 95.72 W, 94 %
2025/12/04 20:58:47.885, 95.72 W, 94 %
2025/12/04 20:58:47.985, 95.72 W, 95 %
2025/12/04 20:58:48.085, 95.72 W, 95 %
2025/12/04 20:58:48.185, 95.72 W, 95 %
2025/12/04 20:58:48.285, 95.72 W, 95 %
2025/12/04 20:58:48.385, 95.72 W, 94 %
2025/12/04 20:58:48.486, 95.72 W, 94 %
2025/12/04 20:58:48.586, 95.72 W, 94 %
2025/12/04 20:58:48.686, 95.72 W, 94 %
2025/12/04 20:58:48.786, 95.72 W, 95 %
2025/12/04 20:58:48.886, 95.72 W, 95 %
2025/12/04 20:58:48.986, 95.72 W, 95 %
2025/12/04 20:58:49.087, 95.72 W, 95 %
2025/12/04 20:58:49.187, 95.72 W, 94 %
2025/12/04 20:58:49.287, 95.72 W, 94 %
2025/12/04 20:58:49.387, 95.72 W, 94 %
2025/12/04 20:58:49.487, 95.72 W, 94 %
2025/12/04 20:58:49.587, 95.72 W, 94 %
2025/12/04 20:58:49.688, 95.72 W, 94 %
2025/12/04 20:58:49.788, 95.72 W, 94 %
2025/12/04 20:58:49.888, 95.72 W, 94 %
2025/12/04 20:58:49.988, 95.72 W, 95 %
2025/12/04 20:58:50.088, 95.72 W, 95 %
2025/12/04 20:58:50.188, 95.72 W, 94 %
2025/12/04 20:58:50.289, 95.72 W, 94 %
2025/12/04 20:58:50.389, 95.72 W, 95 %
2025/12/04 20:58:50.489, 95.72 W, 95 %
2025/12/04 20:58:50.589, 95.72 W, 94 %
2025/12/04 20:58:50.689, 95.72 W, 94 %
2025/12/04 20:58:50.789, 95.72 W, 95 %
2025/12/04 20:58:50.890, 95.72 W, 95 %
2025/12/04 20:58:50.990, 95.72 W, 95 %
2025/12/04 20:58:51.090, 95.72 W, 95 %
2025/12/04 20:58:51.190, 95.72 W, 94 %
2025/12/04 20:58:51.290, 95.72 W, 94 %
2025/12/04 20:58:51.390, 95.72 W, 95 %
2025/12/04 20:58:51.490, 95.72 W, 95 %
2025/12/04 20:58:51.591, 95.72 W, 94 %
2025/12/04 20:58:51.691, 95.72 W, 94 %
2025/12/04 20:58:51.791, 95.72 W, 95 %
2025/12/04 20:58:51.891, 95.72 W, 95 %
2025/12/04 20:58:51.991, 95.72 W, 95 %
2025/12/04 20:58:52.091, 95.72 W, 95 %
2025/12/04 20:58:52.192, 95.72 W, 94 %
2025/12/04 20:58:52.292, 95.72 W, 94 %
2025/12/04 20:58:52.392, 95.72 W, 95 %
2025/12/04 20:58:52.492, 95.72 W, 95 %
2025/12/04 20:58:52.592, 95.72 W, 95 %
2025/12/04 20:58:52.692, 95.72 W, 95 %
2025/12/04 20:58:52.793, 95.72 W, 94 %
2025/12/04 20:58:52.893, 95.72 W, 94 %
2025/12/04 20:58:52.993, 95.72 W, 95 %
2025/12/04 20:58:53.093, 95.72 W, 95 %
2025/12/04 20:58:53.193, 95.72 W, 95 %
2025/12/04 20:58:53.293, 95.72 W, 95 %
2025/12/04 20:58:53.394, 95.72 W, 95 %
2025/12/04 20:58:53.494, 95.72 W, 95 %
2025/12/04 20:58:53.594, 95.72 W, 95 %
2025/12/04 20:58:53.694, 95.72 W, 95 %
2025/12/04 20:58:53.794, 95.72 W, 94 %
2025/12/04 20:58:53.894, 95.72 W, 94 %
2025/12/04 20:58:53.995, 95.72 W, 95 %
2025/12/04 20:58:54.095, 95.72 W, 95 %
2025/12/04 20:58:54.195, 95.72 W, 95 %
2025/12/04 20:58:54.295, 95.72 W, 95 %
2025/12/04 20:58:54.395, 95.72 W, 95 %
2025/12/04 20:58:54.495, 95.72 W, 95 %
2025/12/04 20:58:54.596, 95.72 W, 95 %
2025/12/04 20:58:54.696, 95.72 W, 95 %
2025/12/04 20:58:54.796, 95.72 W, 95 %
2025/12/04 20:58:54.896, 95.72 W, 95 %
2025/12/04 20:58:54.996, 95.72 W, 94 %
2025/12/04 20:58:55.096, 95.72 W, 94 %
2025/12/04 20:58:55.197, 95.72 W, 94 %
2025/12/04 20:58:55.297, 95.72 W, 94 %
2025/12/04 20:58:55.397, 95.72 W, 95 %
2025/12/04 20:58:55.497, 95.72 W, 95 %
2025/12/04 20:58:55.597, 95.72 W, 94 %
2025/12/04 20:58:55.697, 95.72 W, 94 %
2025/12/04 20:58:55.798, 95.72 W, 95 %
2025/12/04 20:58:55.898, 95.72 W, 95 %
2025/12/04 20:58:55.998, 95.72 W, 94 %
2025/12/04 20:58:56.098, 95.72 W, 94 %
2025/12/04 20:58:56.198, 95.72 W, 95 %
2025/12/04 20:58:56.298, 95.72 W, 95 %
2025/12/04 20:58:56.399, 95.72 W, 95 %
2025/12/04 20:58:56.499, 95.72 W, 95 %
2025/12/04 20:58:56.599, 95.72 W, 95 %
2025/12/04 20:58:56.699, 95.72 W, 95 %
2025/12/04 20:58:56.799, 95.72 W, 95 %
2025/12/04 20:58:56.899, 95.72 W, 95 %
2025/12/04 20:58:56.999, 95.72 W, 94 %
2025/12/04 20:58:57.100, 95.72 W, 94 %
2025/12/04 20:58:57.200, 95.72 W, 95 %
2025/12/04 20:58:57.300, 95.72 W, 95 %
2025/12/04 20:58:57.400, 95.72 W, 95 %
2025/12/04 20:58:57.500, 95.72 W, 95 %
2025/12/04 20:58:57.600, 95.72 W, 95 %
2025/12/04 20:58:57.701, 95.72 W, 95 %
2025/12/04 20:58:57.801, 95.72 W, 95 %
2025/12/04 20:58:57.901, 95.72 W, 95 %
2025/12/04 20:58:58.001, 95.72 W, 95 %
2025/12/04 20:58:58.101, 95.72 W, 95 %
2025/12/04 20:58:58.201, 95.72 W, 94 %
2025/12/04 20:58:58.302, 95.72 W, 94 %
2025/12/04 20:58:58.402, 95.72 W, 95 %
2025/12/04 20:58:58.502, 95.72 W, 95 %
2025/12/04 20:58:58.602, 95.72 W, 95 %
2025/12/04 20:58:58.702, 95.72 W, 95 %
2025/12/04 20:58:58.802, 95.72 W, 95 %
2025/12/04 20:58:58.903, 95.72 W, 95 %
2025/12/04 20:58:59.003, 95.72 W, 95 %
2025/12/04 20:58:59.103, 95.72 W, 95 %
2025/12/04 20:58:59.203, 95.72 W, 94 %
2025/12/04 20:58:59.303, 95.72 W, 94 %
2025/12/04 20:58:59.403, 95.72 W, 94 %
2025/12/04 20:58:59.504, 95.72 W, 94 %
2025/12/04 20:58:59.604, 95.72 W, 95 %
2025/12/04 20:58:59.704, 95.72 W, 95 %
2025/12/04 20:58:59.804, 95.72 W, 95 %
2025/12/04 20:58:59.904, 95.72 W, 95 %
2025/12/04 20:59:00.004, 95.72 W, 94 %
2025/12/04 20:59:00.105, 95.72 W, 94 %
2025/12/04 20:59:00.205, 95.72 W, 95 %
2025/12/04 20:59:00.305, 95.72 W, 95 %
2025/12/04 20:59:00.405, 95.72 W, 95 %
2025/12/04 20:59:00.505, 95.72 W, 95 %
2025/12/04 20:59:00.605, 95.72 W, 95 %
2025/12/04 20:59:00.706, 95.72 W, 95 %
2025/12/04 20:59:00.806, 95.72 W, 94 %
2025/12/04 20:59:00.906, 95.72 W, 94 %
2025/12/04 20:59:01.006, 95.72 W, 95 %
2025/12/04 20:59:01.106, 95.72 W, 95 %
2025/12/04 20:59:01.206, 95.72 W, 95 %
2025/12/04 20:59:01.307, 95.72 W, 95 %
2025/12/04 20:59:01.407, 95.72 W, 95 %
2025/12/04 20:59:01.507, 95.72 W, 95 %
2025/12/04 20:59:01.607, 95.72 W, 95 %
2025/12/04 20:59:01.707, 95.72 W, 95 %
2025/12/04 20:59:01.807, 95.72 W, 95 %
2025/12/04 20:59:01.908, 95.72 W, 95 %
2025/12/04 20:59:02.008, 95.72 W, 94 %
2025/12/04 20:59:02.108, 95.72 W, 94 %
2025/12/04 20:59:02.208, 95.72 W, 95 %
2025/12/04 20:59:02.308, 95.72 W, 95 %
2025/12/04 20:59:02.408, 95.72 W, 94 %
2025/12/04 20:59:02.509, 95.72 W, 94 %
2025/12/04 20:59:02.609, 95.72 W, 95 %
2025/12/04 20:59:02.709, 95.72 W, 95 %
2025/12/04 20:59:02.809, 95.72 W, 95 %
2025/12/04 20:59:02.909, 95.72 W, 95 %
2025/12/04 20:59:03.009, 95.72 W, 95 %
2025/12/04 20:59:03.109, 95.72 W, 95 %
2025/12/04 20:59:03.210, 95.72 W, 95 %
2025/12/04 20:59:03.310, 95.72 W, 95 %
2025/12/04 20:59:03.410, 95.72 W, 95 %
2025/12/04 20:59:03.510, 95.72 W, 95 %
2025/12/04 20:59:03.610, 95.72 W, 94 %
2025/12/04 20:59:03.711, 95.72 W, 94 %
2025/12/04 20:59:03.811, 95.72 W, 95 %
2025/12/04 20:59:03.911, 95.72 W, 95 %
2025/12/04 20:59:04.011, 95.72 W, 95 %
2025/12/04 20:59:04.111, 95.72 W, 95 %
2025/12/04 20:59:04.211, 95.72 W, 95 %
2025/12/04 20:59:04.311, 95.72 W, 95 %
2025/12/04 20:59:04.412, 95.72 W, 94 %
2025/12/04 20:59:04.512, 95.72 W, 94 %
2025/12/04 20:59:04.612, 95.72 W, 95 %
2025/12/04 20:59:04.712, 95.72 W, 95 %
2025/12/04 20:59:04.812, 95.72 W, 95 %
2025/12/04 20:59:04.912, 95.72 W, 95 %
2025/12/04 20:59:05.013, 95.72 W, 95 %
2025/12/04 20:59:05.113, 95.72 W, 95 %
2025/12/04 20:59:05.213, 95.72 W, 95 %
2025/12/04 20:59:05.313, 95.72 W, 95 %
2025/12/04 20:59:05.413, 95.72 W, 95 %
2025/12/04 20:59:05.513, 95.72 W, 95 %
2025/12/04 20:59:05.614, 95.72 W, 95 %
2025/12/04 20:59:05.714, 95.72 W, 95 %
2025/12/04 20:59:05.814, 95.72 W, 95 %
2025/12/04 20:59:05.914, 95.72 W, 95 %
2025/12/04 20:59:06.014, 95.72 W, 95 %
2025/12/04 20:59:06.114, 95.72 W, 95 %
2025/12/04 20:59:06.215, 95.72 W, 95 %
2025/12/04 20:59:06.315, 95.72 W, 95 %
2025/12/04 20:59:06.415, 95.72 W, 95 %
2025/12/04 20:59:06.515, 95.72 W, 95 %
2025/12/04 20:59:06.615, 95.72 W, 94 %
2025/12/04 20:59:06.715, 95.72 W, 94 %
2025/12/04 20:59:06.816, 95.72 W, 95 %
2025/12/04 20:59:06.916, 95.72 W, 95 %
2025/12/04 20:59:07.016, 95.72 W, 94 %
2025/12/04 20:59:07.116, 95.72 W, 94 %
2025/12/04 20:59:07.216, 95.72 W, 95 %
2025/12/04 20:59:07.316, 95.72 W, 95 %
2025/12/04 20:59:07.417, 95.72 W, 95 %
2025/12/04 20:59:07.517, 95.72 W, 95 %
2025/12/04 20:59:07.617, 95.72 W, 95 %
2025/12/04 20:59:07.717, 95.72 W, 95 %
2025/12/04 20:59:07.817, 95.72 W, 95 %
2025/12/04 20:59:07.917, 95.72 W, 95 %
2025/12/04 20:59:08.018, 95.72 W, 94 %
2025/12/04 20:59:08.118, 95.72 W, 94 %
2025/12/04 20:59:08.218, 95.72 W, 95 %
2025/12/04 20:59:08.318, 95.72 W, 95 %
2025/12/04 20:59:08.418, 95.72 W, 95 %
2025/12/04 20:59:08.518, 95.72 W, 95 %
2025/12/04 20:59:08.618, 95.72 W, 95 %
2025/12/04 20:59:08.719, 95.72 W, 95 %
2025/12/04 20:59:08.819, 95.72 W, 95 %
2025/12/04 20:59:08.919, 95.72 W, 95 %
2025/12/04 20:59:09.019, 95.72 W, 95 %
2025/12/04 20:59:09.119, 95.72 W, 95 %
2025/12/04 20:59:09.219, 95.72 W, 95 %
2025/12/04 20:59:09.320, 95.72 W, 95 %
2025/12/04 20:59:09.420, 95.72 W, 95 %
2025/12/04 20:59:09.520, 95.72 W, 95 %
2025/12/04 20:59:09.620, 95.72 W, 95 %
2025/12/04 20:59:09.720, 95.72 W, 95 %
2025/12/04 20:59:09.820, 95.72 W, 95 %
2025/12/04 20:59:09.921, 95.72 W, 95 %
2025/12/04 20:59:10.021, 95.72 W, 95 %
2025/12/04 20:59:10.121, 95.72 W, 95 %
2025/12/04 20:59:10.221, 95.72 W, 95 %
2025/12/04 20:59:10.321, 95.72 W, 95 %
2025/12/04 20:59:10.421, 95.72 W, 95 %
2025/12/04 20:59:10.522, 95.72 W, 95 %
2025/12/04 20:59:10.622, 95.72 W, 95 %
2025/12/04 20:59:10.722, 95.72 W, 95 %
2025/12/04 20:59:10.822, 95.72 W, 94 %
2025/12/04 20:59:10.922, 95.72 W, 94 %
2025/12/04 20:59:11.022, 95.72 W, 95 %
2025/12/04 20:59:11.123, 95.72 W, 95 %
2025/12/04 20:59:11.223, 95.72 W, 95 %
2025/12/04 20:59:11.323, 95.72 W, 95 %
2025/12/04 20:59:11.423, 95.72 W, 95 %
2025/12/04 20:59:11.523, 95.72 W, 95 %
2025/12/04 20:59:11.623, 95.72 W, 95 %
2025/12/04 20:59:11.724, 95.72 W, 95 %
2025/12/04 20:59:11.824, 95.72 W, 94 %
2025/12/04 20:59:11.924, 95.72 W, 94 %
2025/12/04 20:59:12.024, 95.72 W, 95 %
2025/12/04 20:59:12.124, 95.72 W, 95 %
2025/12/04 20:59:12.224, 95.72 W, 94 %
2025/12/04 20:59:12.325, 95.72 W, 94 %
2025/12/04 20:59:12.425, 95.72 W, 95 %
2025/12/04 20:59:12.525, 95.72 W, 95 %
2025/12/04 20:59:12.625, 95.72 W, 95 %
2025/12/04 20:59:12.725, 95.72 W, 95 %
2025/12/04 20:59:12.825, 95.72 W, 95 %
2025/12/04 20:59:12.926, 95.72 W, 95 %
2025/12/04 20:59:13.026, 95.72 W, 94 %
2025/12/04 20:59:13.126, 95.72 W, 94 %
2025/12/04 20:59:13.226, 95.72 W, 95 %
2025/12/04 20:59:13.326, 95.72 W, 95 %
2025/12/04 20:59:13.426, 95.72 W, 95 %
2025/12/04 20:59:13.527, 95.72 W, 95 %
2025/12/04 20:59:13.627, 95.72 W, 95 %
2025/12/04 20:59:13.727, 95.72 W, 95 %
2025/12/04 20:59:13.827, 95.72 W, 95 %
2025/12/04 20:59:13.927, 95.72 W, 95 %
2025/12/04 20:59:14.027, 95.72 W, 95 %
2025/12/04 20:59:14.128, 95.72 W, 95 %
2025/12/04 20:59:14.228, 95.72 W, 94 %
2025/12/04 20:59:14.328, 95.72 W, 94 %
2025/12/04 20:59:14.428, 95.72 W, 95 %
2025/12/04 20:59:14.528, 95.72 W, 95 %
2025/12/04 20:59:14.628, 95.72 W, 94 %
2025/12/04 20:59:14.729, 95.72 W, 94 %
2025/12/04 20:59:14.829, 95.72 W, 95 %
2025/12/04 20:59:14.929, 95.72 W, 95 %
2025/12/04 20:59:15.029, 95.72 W, 94 %
2025/12/04 20:59:15.129, 95.72 W, 94 %
2025/12/04 20:59:15.229, 95.72 W, 95 %
2025/12/04 20:59:15.329, 95.72 W, 95 %
2025/12/04 20:59:15.430, 95.72 W, 94 %
2025/12/04 20:59:15.530, 95.72 W, 94 %
2025/12/04 20:59:15.630, 95.72 W, 95 %
2025/12/04 20:59:15.730, 95.72 W, 95 %
2025/12/04 20:59:15.830, 95.72 W, 95 %
2025/12/04 20:59:15.930, 95.72 W, 95 %
2025/12/04 20:59:16.031, 95.72 W, 95 %
2025/12/04 20:59:16.131, 95.72 W, 94 %
2025/12/04 20:59:16.231, 95.72 W, 94 %
2025/12/04 20:59:16.331, 95.72 W, 94 %
2025/12/04 20:59:16.431, 95.72 W, 95 %
2025/12/04 20:59:16.531, 95.39 W, 95 %
2025/12/04 20:59:16.632, 95.72 W, 95 %
2025/12/04 20:59:16.732, 95.72 W, 92 %
2025/12/04 20:59:16.832, 95.72 W, 92 %
2025/12/04 20:59:16.932, 95.72 W, 95 %
2025/12/04 20:59:17.032, 95.72 W, 95 %
2025/12/04 20:59:17.132, 95.72 W, 95 %
2025/12/04 20:59:17.233, 95.72 W, 95 %
2025/12/04 20:59:17.333, 95.72 W, 95 %
2025/12/04 20:59:17.433, 95.72 W, 95 %
2025/12/04 20:59:17.533, 95.72 W, 95 %
2025/12/04 20:59:17.633, 95.72 W, 95 %
2025/12/04 20:59:17.733, 95.72 W, 95 %
2025/12/04 20:59:17.834, 95.72 W, 95 %
2025/12/04 20:59:17.934, 95.72 W, 95 %
2025/12/04 20:59:18.034, 95.72 W, 95 %
2025/12/04 20:59:18.134, 95.72 W, 93 %
2025/12/04 20:59:18.234, 95.72 W, 93 %
2025/12/04 20:59:18.334, 95.72 W, 94 %
2025/12/04 20:59:18.435, 95.72 W, 94 %
2025/12/04 20:59:18.535, 95.72 W, 95 %
2025/12/04 20:59:18.635, 95.72 W, 95 %
2025/12/04 20:59:18.735, 95.72 W, 95 %
2025/12/04 20:59:18.835, 95.72 W, 95 %
2025/12/04 20:59:18.935, 95.72 W, 95 %
2025/12/04 20:59:19.035, 95.72 W, 95 %
2025/12/04 20:59:19.136, 95.72 W, 94 %
2025/12/04 20:59:19.236, 95.72 W, 94 %
2025/12/04 20:59:19.336, 95.72 W, 94 %
2025/12/04 20:59:19.436, 95.72 W, 94 %
2025/12/04 20:59:19.536, 95.72 W, 95 %
2025/12/04 20:59:19.636, 95.72 W, 95 %
2025/12/04 20:59:19.737, 95.72 W, 94 %
2025/12/04 20:59:19.837, 95.72 W, 94 %
2025/12/04 20:59:19.937, 95.72 W, 95 %
2025/12/04 20:59:20.037, 95.72 W, 95 %
2025/12/04 20:59:20.137, 95.99 W, 95 %
2025/12/04 20:59:20.237, 95.72 W, 95 %
2025/12/04 20:59:20.338, 95.72 W, 94 %
2025/12/04 20:59:20.438, 95.72 W, 94 %
2025/12/04 20:59:20.538, 95.72 W, 94 %
2025/12/04 20:59:20.638, 95.72 W, 94 %
2025/12/04 20:59:20.738, 95.72 W, 95 %
2025/12/04 20:59:20.838, 95.72 W, 95 %
2025/12/04 20:59:20.938, 95.72 W, 94 %
2025/12/04 20:59:21.039, 95.72 W, 94 %
2025/12/04 20:59:21.139, 95.72 W, 94 %
2025/12/04 20:59:21.239, 95.72 W, 94 %
2025/12/04 20:59:21.339, 95.72 W, 95 %
2025/12/04 20:59:21.439, 95.72 W, 95 %
2025/12/04 20:59:21.539, 95.72 W, 95 %
2025/12/04 20:59:21.640, 95.72 W, 95 %
2025/12/04 20:59:21.740, 95.72 W, 95 %
2025/12/04 20:59:21.840, 95.72 W, 95 %
2025/12/04 20:59:21.940, 95.72 W, 95 %
2025/12/04 20:59:22.040, 95.72 W, 95 %
2025/12/04 20:59:22.140, 95.72 W, 95 %
2025/12/04 20:59:22.241, 95.72 W, 95 %
2025/12/04 20:59:22.341, 95.72 W, 95 %
2025/12/04 20:59:22.441, 95.72 W, 95 %
2025/12/04 20:59:22.541, 95.72 W, 94 %
2025/12/04 20:59:22.641, 95.72 W, 94 %
2025/12/04 20:59:22.741, 95.72 W, 95 %
2025/12/04 20:59:22.842, 95.72 W, 95 %
2025/12/04 20:59:22.942, 95.72 W, 95 %
2025/12/04 20:59:23.042, 95.72 W, 95 %
2025/12/04 20:59:23.142, 95.72 W, 95 %
2025/12/04 20:59:23.242, 95.72 W, 95 %
2025/12/04 20:59:23.342, 95.72 W, 95 %
2025/12/04 20:59:23.443, 95.72 W, 95 %
2025/12/04 20:59:23.543, 95.72 W, 94 %
2025/12/04 20:59:23.643, 95.72 W, 94 %
2025/12/04 20:59:23.743, 95.72 W, 95 %
2025/12/04 20:59:23.843, 95.72 W, 95 %
2025/12/04 20:59:23.943, 95.72 W, 95 %
2025/12/04 20:59:24.043, 95.72 W, 95 %
2025/12/04 20:59:24.144, 95.72 W, 95 %
2025/12/04 20:59:24.244, 95.72 W, 95 %
2025/12/04 20:59:24.344, 95.72 W, 95 %
2025/12/04 20:59:24.444, 95.72 W, 95 %
2025/12/04 20:59:24.544, 95.72 W, 94 %
2025/12/04 20:59:24.644, 95.72 W, 94 %
2025/12/04 20:59:24.745, 95.72 W, 95 %
2025/12/04 20:59:24.845, 95.72 W, 95 %
2025/12/04 20:59:24.945, 95.72 W, 95 %
2025/12/04 20:59:25.045, 95.72 W, 95 %
2025/12/04 20:59:25.145, 95.72 W, 95 %
2025/12/04 20:59:25.246, 95.99 W, 95 %
2025/12/04 20:59:25.346, 95.99 W, 94 %
2025/12/04 20:59:25.446, 95.72 W, 94 %
2025/12/04 20:59:25.546, 95.72 W, 95 %
2025/12/04 20:59:25.646, 95.72 W, 95 %
2025/12/04 20:59:25.746, 95.72 W, 94 %
2025/12/04 20:59:25.846, 95.72 W, 94 %
2025/12/04 20:59:25.947, 95.72 W, 95 %
2025/12/04 20:59:26.047, 95.72 W, 95 %
2025/12/04 20:59:26.147, 95.72 W, 95 %
2025/12/04 20:59:26.247, 95.72 W, 95 %
2025/12/04 20:59:26.347, 95.72 W, 95 %
2025/12/04 20:59:26.447, 95.72 W, 95 %
2025/12/04 20:59:26.548, 95.72 W, 95 %
2025/12/04 20:59:26.648, 95.72 W, 95 %
2025/12/04 20:59:26.748, 95.72 W, 94 %
2025/12/04 20:59:26.848, 95.72 W, 94 %
2025/12/04 20:59:26.948, 95.72 W, 94 %
2025/12/04 20:59:27.048, 95.72 W, 94 %
2025/12/04 20:59:27.149, 95.72 W, 95 %
2025/12/04 20:59:27.249, 95.72 W, 95 %
2025/12/04 20:59:27.349, 95.72 W, 95 %
2025/12/04 20:59:27.449, 95.72 W, 95 %
2025/12/04 20:59:27.549, 95.72 W, 95 %
2025/12/04 20:59:27.649, 95.72 W, 95 %
2025/12/04 20:59:27.750, 95.72 W, 94 %
2025/12/04 20:59:27.850, 95.72 W, 94 %
2025/12/04 20:59:27.950, 95.72 W, 95 %
2025/12/04 20:59:28.050, 95.72 W, 95 %
2025/12/04 20:59:28.150, 95.72 W, 95 %
2025/12/04 20:59:28.250, 95.72 W, 95 %
2025/12/04 20:59:28.351, 95.72 W, 94 %
2025/12/04 20:59:28.451, 95.72 W, 94 %
2025/12/04 20:59:28.551, 95.72 W, 95 %
2025/12/04 20:59:28.651, 95.72 W, 95 %
2025/12/04 20:59:28.751, 95.72 W, 95 %
2025/12/04 20:59:28.851, 95.72 W, 95 %
2025/12/04 20:59:28.952, 95.72 W, 95 %
2025/12/04 20:59:29.052, 95.72 W, 95 %
2025/12/04 20:59:29.152, 95.72 W, 95 %
2025/12/04 20:59:29.252, 95.72 W, 95 %
2025/12/04 20:59:29.352, 95.72 W, 95 %
2025/12/04 20:59:29.452, 95.72 W, 95 %
2025/12/04 20:59:29.553, 95.72 W, 95 %
2025/12/04 20:59:29.653, 95.72 W, 95 %
2025/12/04 20:59:29.753, 95.72 W, 95 %
2025/12/04 20:59:29.853, 95.72 W, 95 %
2025/12/04 20:59:29.953, 95.72 W, 95 %
2025/12/04 20:59:30.053, 95.72 W, 95 %
2025/12/04 20:59:30.154, 95.72 W, 95 %
2025/12/04 20:59:30.254, 95.72 W, 95 %
2025/12/04 20:59:30.354, 95.72 W, 95 %
2025/12/04 20:59:30.454, 95.72 W, 95 %
2025/12/04 20:59:30.554, 95.72 W, 95 %
2025/12/04 20:59:30.654, 95.72 W, 95 %
2025/12/04 20:59:30.755, 95.72 W, 95 %
2025/12/04 20:59:30.855, 95.72 W, 95 %
2025/12/04 20:59:30.955, 95.72 W, 94 %
2025/12/04 20:59:31.055, 95.72 W, 94 %
2025/12/04 20:59:31.155, 95.72 W, 94 %
2025/12/04 20:59:31.255, 95.72 W, 94 %
2025/12/04 20:59:31.355, 95.72 W, 95 %
2025/12/04 20:59:31.456, 95.72 W, 95 %
2025/12/04 20:59:31.556, 95.72 W, 95 %
2025/12/04 20:59:31.656, 95.72 W, 95 %
2025/12/04 20:59:31.756, 95.72 W, 95 %
2025/12/04 20:59:31.856, 95.72 W, 95 %
2025/12/04 20:59:31.956, 95.72 W, 95 %
2025/12/04 20:59:32.057, 95.72 W, 95 %
2025/12/04 20:59:32.157, 95.72 W, 95 %
2025/12/04 20:59:32.257, 95.72 W, 95 %
2025/12/04 20:59:32.357, 95.72 W, 95 %
2025/12/04 20:59:32.457, 95.72 W, 95 %
2025/12/04 20:59:32.557, 95.72 W, 94 %
2025/12/04 20:59:32.658, 95.72 W, 94 %
2025/12/04 20:59:32.758, 95.72 W, 95 %
2025/12/04 20:59:32.858, 95.72 W, 95 %
2025/12/04 20:59:32.958, 95.72 W, 95 %
2025/12/04 20:59:33.058, 95.72 W, 95 %
2025/12/04 20:59:33.158, 95.72 W, 95 %
2025/12/04 20:59:33.259, 95.72 W, 95 %
2025/12/04 20:59:33.359, 95.72 W, 95 %
2025/12/04 20:59:33.459, 95.72 W, 95 %
2025/12/04 20:59:33.559, 95.72 W, 95 %
2025/12/04 20:59:33.659, 95.72 W, 95 %
2025/12/04 20:59:33.759, 95.72 W, 95 %
2025/12/04 20:59:33.860, 95.72 W, 95 %
2025/12/04 20:59:33.960, 95.72 W, 95 %
2025/12/04 20:59:34.060, 95.72 W, 95 %
2025/12/04 20:59:34.160, 95.72 W, 94 %
2025/12/04 20:59:34.260, 95.72 W, 94 %
2025/12/04 20:59:34.360, 95.72 W, 95 %
2025/12/04 20:59:34.460, 95.72 W, 95 %
2025/12/04 20:59:34.561, 95.72 W, 95 %
2025/12/04 20:59:34.661, 95.72 W, 95 %
2025/12/04 20:59:34.761, 95.72 W, 95 %
2025/12/04 20:59:34.861, 95.72 W, 95 %
2025/12/04 20:59:34.961, 95.72 W, 95 %
2025/12/04 20:59:35.061, 95.72 W, 95 %
2025/12/04 20:59:35.162, 95.72 W, 94 %
2025/12/04 20:59:35.262, 95.72 W, 94 %
2025/12/04 20:59:35.362, 95.72 W, 95 %
2025/12/04 20:59:35.462, 95.72 W, 95 %
2025/12/04 20:59:35.562, 95.72 W, 94 %
2025/12/04 20:59:35.662, 95.72 W, 94 %
2025/12/04 20:59:35.763, 95.72 W, 95 %
2025/12/04 20:59:35.863, 95.72 W, 95 %
2025/12/04 20:59:35.963, 95.72 W, 95 %
2025/12/04 20:59:36.063, 95.72 W, 95 %
2025/12/04 20:59:36.163, 95.72 W, 94 %
2025/12/04 20:59:36.263, 95.72 W, 94 %
2025/12/04 20:59:36.364, 95.72 W, 95 %
2025/12/04 20:59:36.464, 95.72 W, 95 %
2025/12/04 20:59:36.564, 95.72 W, 95 %
2025/12/04 20:59:36.664, 95.72 W, 95 %
2025/12/04 20:59:36.764, 95.72 W, 94 %
2025/12/04 20:59:36.864, 95.72 W, 94 %
2025/12/04 20:59:36.965, 95.72 W, 95 %
2025/12/04 20:59:37.065, 95.72 W, 95 %
2025/12/04 20:59:37.165, 95.72 W, 95 %
2025/12/04 20:59:37.265, 95.72 W, 95 %
2025/12/04 20:59:37.365, 95.72 W, 95 %
2025/12/04 20:59:37.465, 95.72 W, 95 %
2025/12/04 20:59:37.565, 95.72 W, 95 %
2025/12/04 20:59:37.666, 95.72 W, 95 %
2025/12/04 20:59:37.766, 95.72 W, 95 %
2025/12/04 20:59:37.866, 95.72 W, 95 %
2025/12/04 20:59:37.966, 95.72 W, 95 %
2025/12/04 20:59:38.066, 95.72 W, 95 %
2025/12/04 20:59:38.166, 95.72 W, 95 %
2025/12/04 20:59:38.267, 95.72 W, 95 %
2025/12/04 20:59:38.367, 95.72 W, 94 %
2025/12/04 20:59:38.467, 95.72 W, 94 %
2025/12/04 20:59:38.567, 95.72 W, 95 %
2025/12/04 20:59:38.667, 95.72 W, 95 %
2025/12/04 20:59:38.767, 95.72 W, 95 %
2025/12/04 20:59:38.868, 95.72 W, 95 %
2025/12/04 20:59:38.968, 95.72 W, 95 %
2025/12/04 20:59:39.068, 95.72 W, 95 %
2025/12/04 20:59:39.168, 95.72 W, 94 %
2025/12/04 20:59:39.268, 95.72 W, 94 %
2025/12/04 20:59:39.368, 95.72 W, 95 %
2025/12/04 20:59:39.469, 95.72 W, 95 %
2025/12/04 20:59:39.569, 95.72 W, 95 %
2025/12/04 20:59:39.669, 95.72 W, 95 %
2025/12/04 20:59:39.769, 95.72 W, 94 %
2025/12/04 20:59:39.869, 95.72 W, 94 %
2025/12/04 20:59:39.969, 95.72 W, 95 %
2025/12/04 20:59:40.070, 95.72 W, 95 %
2025/12/04 20:59:40.170, 95.72 W, 95 %
2025/12/04 20:59:40.270, 95.72 W, 95 %
2025/12/04 20:59:40.370, 95.72 W, 95 %
2025/12/04 20:59:40.470, 95.72 W, 95 %
2025/12/04 20:59:40.570, 95.72 W, 95 %
2025/12/04 20:59:40.671, 95.72 W, 95 %
2025/12/04 20:59:40.771, 95.72 W, 95 %
2025/12/04 20:59:40.871, 95.72 W, 95 %
2025/12/04 20:59:40.971, 95.72 W, 95 %
2025/12/04 20:59:41.071, 95.72 W, 95 %
2025/12/04 20:59:41.171, 95.72 W, 95 %
2025/12/04 20:59:41.272, 95.72 W, 95 %
2025/12/04 20:59:41.372, 95.72 W, 94 %
2025/12/04 20:59:41.472, 95.72 W, 94 %
2025/12/04 20:59:41.572, 95.72 W, 95 %
2025/12/04 20:59:41.672, 95.72 W, 95 %
2025/12/04 20:59:41.772, 95.72 W, 95 %
2025/12/04 20:59:41.873, 95.72 W, 95 %
2025/12/04 20:59:41.973, 95.72 W, 95 %
2025/12/04 20:59:42.073, 95.72 W, 95 %
2025/12/04 20:59:42.173, 95.72 W, 95 %
2025/12/04 20:59:42.273, 95.72 W, 95 %
2025/12/04 20:59:42.373, 95.72 W, 95 %
2025/12/04 20:59:42.474, 95.72 W, 95 %
2025/12/04 20:59:42.574, 95.72 W, 94 %
2025/12/04 20:59:42.674, 95.72 W, 94 %
2025/12/04 20:59:42.774, 95.72 W, 94 %
2025/12/04 20:59:42.874, 95.72 W, 94 %
2025/12/04 20:59:42.974, 95.72 W, 95 %
2025/12/04 20:59:43.074, 95.72 W, 95 %
2025/12/04 20:59:43.175, 95.72 W, 95 %
2025/12/04 20:59:43.275, 95.72 W, 95 %
2025/12/04 20:59:43.375, 95.72 W, 95 %
2025/12/04 20:59:43.475, 95.72 W, 95 %
2025/12/04 20:59:43.575, 95.72 W, 94 %
2025/12/04 20:59:43.675, 95.72 W, 94 %
2025/12/04 20:59:43.776, 95.72 W, 95 %
2025/12/04 20:59:43.876, 95.72 W, 95 %
2025/12/04 20:59:43.976, 95.72 W, 95 %
2025/12/04 20:59:44.076, 95.72 W, 95 %
2025/12/04 20:59:44.176, 95.72 W, 95 %
2025/12/04 20:59:44.276, 95.72 W, 95 %
2025/12/04 20:59:44.377, 95.72 W, 95 %
2025/12/04 20:59:44.477, 95.72 W, 95 %
2025/12/04 20:59:44.577, 95.72 W, 95 %
2025/12/04 20:59:44.677, 95.72 W, 95 %
2025/12/04 20:59:44.777, 95.72 W, 95 %
2025/12/04 20:59:44.877, 95.72 W, 95 %
2025/12/04 20:59:44.978, 95.72 W, 95 %
2025/12/04 20:59:45.078, 95.72 W, 95 %
2025/12/04 20:59:45.178, 95.72 W, 95 %
2025/12/04 20:59:45.278, 95.72 W, 95 %
2025/12/04 20:59:45.378, 95.72 W, 95 %
2025/12/04 20:59:45.478, 95.72 W, 95 %
2025/12/04 20:59:45.579, 95.72 W, 95 %
2025/12/04 20:59:45.679, 95.72 W, 95 %
2025/12/04 20:59:45.779, 95.72 W, 95 %
2025/12/04 20:59:45.879, 95.72 W, 95 %
2025/12/04 20:59:45.979, 95.72 W, 95 %
2025/12/04 20:59:46.079, 95.72 W, 95 %
2025/12/04 20:59:46.180, 95.72 W, 95 %
2025/12/04 20:59:46.280, 95.72 W, 95 %
2025/12/04 20:59:46.380, 95.72 W, 95 %
2025/12/04 20:59:46.480, 95.72 W, 95 %
2025/12/04 20:59:46.580, 95.72 W, 95 %
2025/12/04 20:59:46.680, 95.72 W, 95 %
2025/12/04 20:59:46.781, 95.72 W, 95 %
2025/12/04 20:59:46.881, 95.72 W, 95 %
2025/12/04 20:59:46.981, 95.72 W, 95 %
2025/12/04 20:59:47.081, 95.72 W, 95 %
2025/12/04 20:59:47.181, 95.72 W, 95 %
2025/12/04 20:59:47.281, 95.72 W, 95 %
2025/12/04 20:59:47.381, 95.72 W, 95 %
2025/12/04 20:59:47.482, 95.72 W, 95 %
2025/12/04 20:59:47.582, 95.72 W, 95 %
2025/12/04 20:59:47.682, 95.72 W, 95 %
2025/12/04 20:59:47.782, 95.72 W, 94 %
2025/12/04 20:59:47.882, 95.72 W, 94 %
2025/12/04 20:59:47.982, 95.72 W, 95 %
2025/12/04 20:59:48.083, 95.72 W, 95 %
2025/12/04 20:59:48.183, 95.72 W, 95 %
2025/12/04 20:59:48.283, 95.72 W, 95 %
2025/12/04 20:59:48.383, 95.72 W, 95 %
2025/12/04 20:59:48.483, 95.72 W, 95 %
2025/12/04 20:59:48.583, 95.72 W, 95 %
2025/12/04 20:59:48.684, 95.72 W, 95 %
2025/12/04 20:59:48.784, 95.72 W, 94 %
2025/12/04 20:59:48.884, 95.72 W, 94 %
2025/12/04 20:59:48.984, 95.72 W, 95 %
2025/12/04 20:59:49.084, 95.72 W, 95 %
2025/12/04 20:59:49.184, 95.72 W, 95 %
2025/12/04 20:59:49.285, 95.72 W, 95 %
2025/12/04 20:59:49.385, 95.72 W, 95 %
2025/12/04 20:59:49.485, 95.72 W, 95 %
2025/12/04 20:59:49.585, 95.72 W, 95 %
2025/12/04 20:59:49.685, 95.72 W, 95 %
2025/12/04 20:59:49.785, 95.72 W, 95 %
2025/12/04 20:59:49.886, 95.72 W, 95 %
2025/12/04 20:59:49.986, 95.72 W, 94 %
2025/12/04 20:59:50.086, 95.72 W, 94 %
2025/12/04 20:59:50.186, 95.72 W, 95 %
2025/12/04 20:59:50.286, 95.72 W, 95 %
2025/12/04 20:59:50.386, 95.72 W, 95 %
2025/12/04 20:59:50.487, 95.72 W, 95 %
2025/12/04 20:59:50.587, 95.72 W, 95 %
2025/12/04 20:59:50.687, 95.72 W, 95 %
2025/12/04 20:59:50.787, 95.72 W, 95 %
2025/12/04 20:59:50.887, 95.72 W, 95 %
2025/12/04 20:59:50.987, 95.72 W, 95 %
2025/12/04 20:59:51.087, 95.72 W, 95 %
2025/12/04 20:59:51.188, 95.72 W, 95 %
2025/12/04 20:59:51.288, 95.72 W, 95 %
2025/12/04 20:59:51.388, 95.72 W, 95 %
2025/12/04 20:59:51.488, 95.72 W, 95 %
2025/12/04 20:59:51.588, 95.72 W, 95 %
2025/12/04 20:59:51.688, 95.72 W, 95 %
2025/12/04 20:59:51.789, 95.72 W, 95 %
2025/12/04 20:59:51.889, 95.72 W, 95 %
2025/12/04 20:59:51.989, 95.72 W, 94 %
2025/12/04 20:59:52.089, 95.72 W, 94 %
2025/12/04 20:59:52.189, 95.72 W, 95 %
2025/12/04 20:59:52.289, 95.72 W, 95 %
2025/12/04 20:59:52.390, 95.72 W, 95 %
2025/12/04 20:59:52.490, 95.72 W, 95 %
2025/12/04 20:59:52.590, 95.72 W, 95 %
2025/12/04 20:59:52.690, 95.72 W, 95 %
2025/12/04 20:59:52.790, 95.72 W, 94 %
2025/12/04 20:59:52.890, 95.72 W, 94 %
2025/12/04 20:59:52.991, 95.72 W, 95 %
2025/12/04 20:59:53.091, 95.72 W, 95 %
2025/12/04 20:59:53.191, 95.72 W, 95 %
2025/12/04 20:59:53.291, 95.72 W, 95 %
2025/12/04 20:59:53.391, 95.72 W, 95 %
2025/12/04 20:59:53.491, 95.72 W, 95 %
2025/12/04 20:59:53.592, 95.72 W, 95 %
2025/12/04 20:59:53.692, 95.72 W, 95 %
2025/12/04 20:59:53.792, 95.72 W, 95 %
2025/12/04 20:59:53.892, 95.72 W, 95 %
2025/12/04 20:59:53.992, 95.72 W, 95 %
2025/12/04 20:59:54.092, 95.72 W, 95 %
2025/12/04 20:59:54.193, 95.72 W, 95 %
2025/12/04 20:59:54.293, 95.72 W, 95 %
2025/12/04 20:59:54.393, 95.72 W, 95 %
2025/12/04 20:59:54.493, 95.72 W, 95 %
2025/12/04 20:59:54.593, 95.72 W, 95 %
2025/12/04 20:59:54.693, 95.72 W, 95 %
2025/12/04 20:59:54.793, 95.72 W, 95 %
2025/12/04 20:59:54.894, 95.72 W, 95 %
2025/12/04 20:59:54.994, 95.72 W, 94 %
2025/12/04 20:59:55.094, 95.72 W, 94 %
2025/12/04 20:59:55.194, 95.72 W, 94 %
2025/12/04 20:59:55.294, 95.72 W, 94 %
2025/12/04 20:59:55.394, 95.72 W, 95 %
2025/12/04 20:59:55.495, 95.72 W, 95 %
2025/12/04 20:59:55.595, 95.72 W, 95 %
2025/12/04 20:59:55.695, 95.72 W, 95 %
2025/12/04 20:59:55.795, 95.72 W, 94 %
2025/12/04 20:59:55.895, 95.72 W, 94 %
2025/12/04 20:59:55.995, 95.72 W, 95 %
2025/12/04 20:59:56.096, 95.72 W, 95 %
2025/12/04 20:59:56.196, 95.72 W, 94 %
2025/12/04 20:59:56.296, 95.72 W, 94 %
2025/12/04 20:59:56.396, 95.72 W, 95 %
2025/12/04 20:59:56.496, 95.72 W, 95 %
2025/12/04 20:59:56.596, 95.72 W, 95 %
2025/12/04 20:59:56.697, 95.72 W, 95 %
2025/12/04 20:59:56.797, 95.72 W, 95 %
2025/12/04 20:59:56.897, 95.72 W, 95 %
2025/12/04 20:59:56.997, 95.72 W, 95 %
2025/12/04 20:59:57.097, 95.72 W, 95 %
2025/12/04 20:59:57.197, 95.72 W, 94 %
2025/12/04 20:59:57.298, 95.72 W, 94 %
2025/12/04 20:59:57.398, 95.72 W, 95 %
2025/12/04 20:59:57.498, 95.72 W, 95 %
2025/12/04 20:59:57.598, 95.72 W, 95 %
2025/12/04 20:59:57.698, 95.72 W, 95 %
2025/12/04 20:59:57.798, 95.72 W, 95 %
2025/12/04 20:59:57.899, 95.72 W, 95 %
2025/12/04 20:59:57.999, 95.72 W, 95 %
2025/12/04 20:59:58.099, 95.72 W, 95 %
2025/12/04 20:59:58.199, 95.72 W, 95 %
2025/12/04 20:59:58.299, 95.72 W, 95 %
2025/12/04 20:59:58.399, 95.72 W, 95 %
2025/12/04 20:59:58.500, 95.72 W, 95 %
2025/12/04 20:59:58.600, 95.72 W, 95 %
2025/12/04 20:59:58.700, 95.72 W, 95 %
2025/12/04 20:59:58.800, 95.72 W, 95 %
2025/12/04 20:59:58.900, 95.72 W, 95 %
2025/12/04 20:59:59.000, 95.72 W, 95 %
2025/12/04 20:59:59.100, 95.72 W, 95 %
2025/12/04 20:59:59.201, 95.72 W, 95 %
2025/12/04 20:59:59.301, 95.72 W, 95 %
2025/12/04 20:59:59.401, 95.72 W, 95 %
2025/12/04 20:59:59.501, 95.72 W, 95 %
2025/12/04 20:59:59.601, 95.72 W, 94 %
2025/12/04 20:59:59.701, 95.72 W, 94 %
2025/12/04 20:59:59.802, 95.72 W, 94 %
2025/12/04 20:59:59.902, 95.72 W, 94 %
2025/12/04 21:00:00.002, 95.72 W, 94 %
2025/12/04 21:00:00.102, 95.72 W, 94 %
2025/12/04 21:00:00.202, 95.72 W, 95 %
2025/12/04 21:00:00.302, 95.72 W, 95 %
2025/12/04 21:00:00.403, 95.72 W, 94 %
2025/12/04 21:00:00.503, 95.72 W, 94 %
2025/12/04 21:00:00.603, 95.72 W, 95 %
2025/12/04 21:00:00.703, 95.72 W, 95 %
2025/12/04 21:00:00.803, 95.72 W, 95 %
2025/12/04 21:00:00.903, 95.72 W, 95 %
2025/12/04 21:00:01.004, 95.72 W, 95 %
2025/12/04 21:00:01.104, 95.72 W, 95 %
2025/12/04 21:00:01.204, 95.72 W, 95 %
2025/12/04 21:00:01.304, 95.72 W, 95 %
2025/12/04 21:00:01.404, 95.72 W, 94 %
2025/12/04 21:00:01.504, 95.72 W, 94 %
2025/12/04 21:00:01.605, 95.72 W, 95 %
2025/12/04 21:00:01.705, 95.72 W, 95 %
2025/12/04 21:00:01.805, 95.72 W, 95 %
2025/12/04 21:00:01.905, 95.72 W, 95 %
2025/12/04 21:00:02.005, 95.72 W, 95 %
2025/12/04 21:00:02.105, 95.72 W, 95 %
2025/12/04 21:00:02.206, 95.72 W, 94 %
2025/12/04 21:00:02.306, 95.72 W, 94 %
2025/12/04 21:00:02.406, 95.72 W, 95 %
2025/12/04 21:00:02.506, 95.72 W, 95 %
2025/12/04 21:00:02.606, 95.72 W, 94 %
2025/12/04 21:00:02.706, 95.72 W, 94 %
2025/12/04 21:00:02.807, 95.72 W, 95 %
2025/12/04 21:00:02.907, 95.72 W, 95 %
2025/12/04 21:00:03.007, 95.72 W, 94 %
2025/12/04 21:00:03.107, 95.72 W, 94 %
2025/12/04 21:00:03.207, 95.72 W, 95 %
2025/12/04 21:00:03.307, 95.72 W, 95 %
2025/12/04 21:00:03.408, 95.72 W, 94 %
2025/12/04 21:00:03.508, 95.72 W, 94 %
2025/12/04 21:00:03.608, 95.72 W, 94 %
2025/12/04 21:00:03.708, 95.72 W, 94 %
2025/12/04 21:00:03.808, 95.72 W, 95 %
2025/12/04 21:00:03.908, 95.72 W, 95 %
2025/12/04 21:00:04.008, 95.72 W, 95 %
2025/12/04 21:00:04.109, 95.72 W, 95 %
2025/12/04 21:00:04.209, 95.72 W, 95 %
2025/12/04 21:00:04.309, 95.72 W, 95 %
2025/12/04 21:00:04.409, 95.72 W, 94 %
2025/12/04 21:00:04.509, 95.72 W, 94 %
2025/12/04 21:00:04.609, 95.72 W, 94 %
2025/12/04 21:00:04.710, 95.72 W, 94 %
2025/12/04 21:00:04.810, 95.72 W, 95 %
2025/12/04 21:00:04.910, 95.72 W, 95 %
2025/12/04 21:00:05.010, 95.72 W, 95 %
2025/12/04 21:00:05.110, 95.72 W, 95 %
2025/12/04 21:00:05.210, 95.72 W, 95 %
2025/12/04 21:00:05.311, 95.72 W, 95 %
2025/12/04 21:00:05.411, 95.72 W, 95 %
2025/12/04 21:00:05.511, 95.72 W, 95 %
2025/12/04 21:00:05.611, 95.72 W, 95 %
2025/12/04 21:00:05.711, 95.72 W, 95 %
2025/12/04 21:00:05.811, 95.72 W, 94 %
2025/12/04 21:00:05.912, 95.72 W, 94 %
2025/12/04 21:00:06.012, 95.72 W, 95 %
2025/12/04 21:00:06.112, 95.72 W, 95 %
2025/12/04 21:00:06.212, 95.72 W, 95 %
2025/12/04 21:00:06.312, 95.72 W, 95 %
2025/12/04 21:00:06.412, 95.72 W, 95 %
2025/12/04 21:00:06.513, 95.72 W, 95 %
2025/12/04 21:00:06.613, 95.72 W, 95 %
2025/12/04 21:00:06.713, 95.39 W, 95 %
2025/12/04 21:00:06.813, 95.72 W, 95 %
2025/12/04 21:00:06.913, 95.72 W, 95 %
2025/12/04 21:00:07.013, 95.72 W, 94 %
2025/12/04 21:00:07.113, 95.72 W, 94 %
2025/12/04 21:00:07.214, 95.72 W, 95 %
2025/12/04 21:00:07.314, 95.72 W, 95 %
2025/12/04 21:00:07.414, 95.72 W, 95 %
2025/12/04 21:00:07.514, 95.72 W, 95 %
2025/12/04 21:00:07.614, 95.72 W, 95 %
2025/12/04 21:00:07.714, 95.72 W, 95 %
2025/12/04 21:00:07.815, 95.72 W, 95 %
2025/12/04 21:00:07.915, 95.72 W, 95 %
2025/12/04 21:00:08.015, 95.72 W, 94 %
2025/12/04 21:00:08.115, 95.72 W, 94 %
2025/12/04 21:00:08.215, 95.72 W, 95 %
2025/12/04 21:00:08.315, 95.72 W, 95 %
2025/12/04 21:00:08.416, 95.72 W, 95 %
2025/12/04 21:00:08.516, 95.72 W, 95 %
2025/12/04 21:00:08.616, 95.72 W, 95 %
2025/12/04 21:00:08.716, 95.72 W, 95 %
2025/12/04 21:00:08.816, 95.72 W, 95 %
2025/12/04 21:00:08.916, 95.72 W, 95 %
2025/12/04 21:00:09.017, 95.72 W, 94 %
2025/12/04 21:00:09.117, 95.72 W, 94 %
2025/12/04 21:00:09.217, 95.72 W, 95 %
2025/12/04 21:00:09.317, 95.72 W, 95 %
2025/12/04 21:00:09.417, 95.72 W, 95 %
2025/12/04 21:00:09.517, 95.72 W, 95 %
2025/12/04 21:00:09.618, 95.72 W, 95 %
2025/12/04 21:00:09.718, 95.72 W, 95 %
2025/12/04 21:00:09.818, 95.72 W, 95 %
2025/12/04 21:00:09.918, 95.72 W, 95 %
2025/12/04 21:00:10.018, 95.72 W, 95 %
2025/12/04 21:00:10.118, 95.72 W, 95 %
2025/12/04 21:00:10.219, 95.72 W, 94 %
2025/12/04 21:00:10.319, 95.72 W, 94 %
2025/12/04 21:00:10.419, 95.72 W, 95 %
2025/12/04 21:00:10.519, 95.72 W, 95 %
2025/12/04 21:00:10.619, 95.72 W, 95 %
2025/12/04 21:00:10.719, 95.72 W, 95 %
2025/12/04 21:00:10.820, 95.72 W, 95 %
2025/12/04 21:00:10.920, 95.72 W, 95 %
2025/12/04 21:00:11.020, 95.72 W, 95 %
2025/12/04 21:00:11.120, 95.72 W, 95 %
2025/12/04 21:00:11.220, 95.72 W, 95 %
2025/12/04 21:00:11.320, 95.72 W, 95 %
2025/12/04 21:00:11.421, 95.72 W, 95 %
2025/12/04 21:00:11.521, 95.72 W, 95 %
2025/12/04 21:00:11.621, 95.72 W, 95 %
2025/12/04 21:00:11.721, 95.72 W, 95 %
2025/12/04 21:00:11.821, 95.72 W, 95 %
2025/12/04 21:00:11.921, 95.72 W, 95 %
2025/12/04 21:00:12.021, 95.72 W, 95 %
2025/12/04 21:00:12.122, 95.72 W, 95 %
2025/12/04 21:00:12.222, 95.72 W, 94 %
2025/12/04 21:00:12.322, 95.72 W, 94 %
2025/12/04 21:00:12.422, 95.72 W, 95 %
2025/12/04 21:00:12.522, 95.72 W, 95 %
2025/12/04 21:00:12.622, 95.72 W, 95 %
2025/12/04 21:00:12.723, 95.72 W, 95 %
2025/12/04 21:00:12.823, 95.72 W, 95 %
2025/12/04 21:00:12.923, 95.72 W, 95 %
2025/12/04 21:00:13.023, 95.72 W, 94 %
2025/12/04 21:00:13.123, 95.72 W, 94 %
2025/12/04 21:00:13.223, 95.72 W, 94 %
2025/12/04 21:00:13.324, 95.72 W, 94 %
2025/12/04 21:00:13.424, 95.72 W, 94 %
2025/12/04 21:00:13.524, 95.72 W, 94 %
2025/12/04 21:00:13.624, 95.72 W, 95 %
2025/12/04 21:00:13.724, 95.72 W, 95 %
2025/12/04 21:00:13.824, 95.72 W, 95 %
2025/12/04 21:00:13.925, 95.72 W, 95 %
2025/12/04 21:00:14.025, 95.72 W, 95 %
2025/12/04 21:00:14.125, 95.72 W, 95 %
2025/12/04 21:00:14.225, 95.72 W, 95 %
2025/12/04 21:00:14.325, 95.72 W, 95 %
2025/12/04 21:00:14.425, 95.72 W, 95 %
2025/12/04 21:00:14.526, 95.72 W, 95 %
2025/12/04 21:00:14.626, 95.72 W, 95 %
2025/12/04 21:00:14.726, 95.72 W, 95 %
2025/12/04 21:00:14.826, 95.72 W, 95 %
2025/12/04 21:00:14.926, 95.72 W, 95 %
2025/12/04 21:00:15.026, 95.72 W, 95 %
2025/12/04 21:00:15.127, 95.72 W, 95 %
2025/12/04 21:00:15.227, 95.72 W, 95 %
2025/12/04 21:00:15.327, 95.72 W, 95 %
2025/12/04 21:00:15.427, 95.72 W, 94 %
2025/12/04 21:00:15.527, 95.72 W, 94 %
2025/12/04 21:00:15.627, 95.72 W, 95 %
2025/12/04 21:00:15.728, 95.72 W, 95 %
2025/12/04 21:00:15.828, 95.72 W, 95 %
2025/12/04 21:00:15.928, 95.72 W, 95 %
2025/12/04 21:00:16.028, 95.72 W, 95 %
2025/12/04 21:00:16.128, 95.72 W, 95 %
2025/12/04 21:00:16.228, 95.72 W, 95 %
2025/12/04 21:00:16.328, 95.72 W, 95 %
2025/12/04 21:00:16.429, 95.72 W, 95 %
2025/12/04 21:00:16.529, 95.72 W, 95 %
2025/12/04 21:00:16.629, 95.72 W, 94 %
2025/12/04 21:00:16.729, 95.72 W, 94 %
2025/12/04 21:00:16.829, 95.72 W, 95 %
2025/12/04 21:00:16.929, 95.72 W, 95 %
2025/12/04 21:00:17.030, 95.72 W, 95 %
2025/12/04 21:00:17.130, 95.72 W, 95 %
2025/12/04 21:00:17.230, 95.72 W, 95 %
2025/12/04 21:00:17.330, 95.72 W, 95 %
2025/12/04 21:00:17.430, 95.72 W, 95 %
2025/12/04 21:00:17.530, 95.99 W, 95 %
2025/12/04 21:00:17.631, 95.72 W, 93 %
2025/12/04 21:00:17.731, 95.72 W, 93 %
2025/12/04 21:00:17.831, 95.99 W, 94 %
2025/12/04 21:00:17.931, 95.72 W, 94 %
2025/12/04 21:00:18.031, 95.72 W, 95 %
2025/12/04 21:00:18.131, 95.72 W, 95 %
2025/12/04 21:00:18.232, 95.72 W, 95 %
2025/12/04 21:00:18.332, 95.72 W, 95 %
2025/12/04 21:00:18.432, 95.72 W, 95 %
2025/12/04 21:00:18.532, 95.72 W, 95 %
2025/12/04 21:00:18.632, 95.72 W, 94 %
2025/12/04 21:00:18.732, 95.72 W, 94 %
2025/12/04 21:00:18.833, 95.72 W, 95 %
2025/12/04 21:00:18.933, 95.72 W, 95 %
2025/12/04 21:00:19.033, 95.72 W, 94 %
2025/12/04 21:00:19.133, 95.72 W, 94 %
2025/12/04 21:00:19.233, 95.72 W, 94 %
2025/12/04 21:00:19.333, 95.72 W, 94 %
2025/12/04 21:00:19.434, 95.72 W, 95 %
2025/12/04 21:00:19.534, 95.72 W, 95 %
2025/12/04 21:00:19.634, 95.72 W, 95 %
2025/12/04 21:00:19.734, 95.72 W, 95 %
2025/12/04 21:00:19.834, 95.72 W, 94 %
2025/12/04 21:00:19.934, 95.72 W, 94 %
2025/12/04 21:00:20.034, 95.72 W, 95 %
2025/12/04 21:00:20.135, 95.72 W, 95 %
2025/12/04 21:00:20.235, 95.99 W, 95 %
2025/12/04 21:00:20.335, 95.72 W, 95 %
2025/12/04 21:00:20.435, 95.72 W, 94 %
2025/12/04 21:00:20.535, 95.72 W, 94 %
2025/12/04 21:00:20.635, 95.72 W, 95 %
2025/12/04 21:00:20.736, 95.72 W, 95 %
2025/12/04 21:00:20.836, 95.72 W, 94 %
2025/12/04 21:00:20.936, 95.72 W, 94 %
2025/12/04 21:00:21.036, 95.72 W, 94 %
2025/12/04 21:00:21.136, 95.72 W, 94 %
2025/12/04 21:00:21.236, 95.72 W, 95 %
2025/12/04 21:00:21.337, 95.72 W, 95 %
2025/12/04 21:00:21.437, 95.72 W, 95 %
2025/12/04 21:00:21.537, 95.72 W, 95 %
2025/12/04 21:00:21.637, 95.72 W, 95 %
2025/12/04 21:00:21.737, 95.72 W, 95 %
2025/12/04 21:00:21.837, 95.72 W, 94 %
2025/12/04 21:00:21.938, 95.72 W, 94 %
2025/12/04 21:00:22.038, 95.72 W, 95 %
2025/12/04 21:00:22.138, 95.72 W, 95 %
2025/12/04 21:00:22.238, 95.72 W, 95 %
2025/12/04 21:00:22.338, 95.72 W, 95 %
2025/12/04 21:00:22.438, 95.72 W, 95 %
2025/12/04 21:00:22.539, 95.72 W, 95 %
2025/12/04 21:00:22.639, 95.72 W, 95 %
2025/12/04 21:00:22.739, 95.72 W, 95 %
2025/12/04 21:00:22.839, 95.72 W, 95 %
2025/12/04 21:00:22.939, 95.72 W, 95 %
2025/12/04 21:00:23.039, 95.72 W, 95 %
2025/12/04 21:00:23.139, 95.72 W, 95 %
2025/12/04 21:00:23.240, 95.72 W, 95 %
2025/12/04 21:00:23.340, 95.72 W, 95 %
2025/12/04 21:00:23.440, 95.72 W, 94 %
2025/12/04 21:00:23.540, 95.72 W, 94 %
2025/12/04 21:00:23.640, 95.72 W, 94 %
2025/12/04 21:00:23.740, 95.72 W, 94 %
2025/12/04 21:00:23.841, 95.72 W, 95 %
2025/12/04 21:00:23.941, 95.72 W, 95 %
2025/12/04 21:00:24.041, 95.72 W, 95 %
2025/12/04 21:00:24.141, 95.72 W, 95 %
2025/12/04 21:00:24.241, 95.72 W, 95 %
2025/12/04 21:00:24.341, 95.72 W, 95 %
2025/12/04 21:00:24.442, 95.72 W, 95 %
2025/12/04 21:00:24.542, 95.72 W, 95 %
2025/12/04 21:00:24.642, 95.72 W, 94 %
2025/12/04 21:00:24.742, 95.72 W, 94 %
2025/12/04 21:00:24.842, 95.72 W, 95 %
2025/12/04 21:00:24.942, 95.72 W, 95 %
2025/12/04 21:00:25.043, 95.72 W, 95 %
2025/12/04 21:00:25.143, 95.72 W, 95 %
2025/12/04 21:00:25.243, 95.72 W, 95 %
2025/12/04 21:00:25.343, 95.72 W, 95 %
2025/12/04 21:00:25.443, 95.72 W, 95 %
2025/12/04 21:00:25.543, 95.72 W, 95 %
2025/12/04 21:00:25.643, 95.72 W, 94 %
2025/12/04 21:00:25.744, 95.72 W, 94 %
2025/12/04 21:00:25.844, 95.72 W, 94 %
2025/12/04 21:00:25.944, 95.72 W, 94 %
2025/12/04 21:00:26.044, 95.72 W, 95 %
2025/12/04 21:00:26.144, 95.72 W, 95 %
2025/12/04 21:00:26.244, 95.72 W, 95 %
2025/12/04 21:00:26.345, 95.72 W, 95 %
2025/12/04 21:00:26.445, 95.72 W, 95 %
2025/12/04 21:00:26.545, 95.72 W, 95 %
2025/12/04 21:00:26.645, 95.72 W, 95 %
2025/12/04 21:00:26.745, 95.72 W, 95 %
2025/12/04 21:00:26.845, 95.72 W, 95 %
2025/12/04 21:00:26.946, 95.72 W, 95 %
2025/12/04 21:00:27.046, 95.72 W, 95 %
2025/12/04 21:00:27.146, 95.72 W, 95 %
2025/12/04 21:00:27.246, 95.72 W, 95 %
2025/12/04 21:00:27.346, 95.72 W, 95 %
2025/12/04 21:00:27.446, 95.72 W, 95 %
2025/12/04 21:00:27.547, 95.72 W, 95 %
2025/12/04 21:00:27.647, 95.72 W, 95 %
2025/12/04 21:00:27.747, 95.72 W, 95 %
2025/12/04 21:00:27.847, 95.72 W, 94 %
2025/12/04 21:00:27.947, 95.72 W, 94 %
2025/12/04 21:00:28.047, 95.72 W, 95 %
2025/12/04 21:00:28.148, 95.72 W, 95 %
2025/12/04 21:00:28.248, 95.72 W, 95 %
2025/12/04 21:00:28.348, 95.72 W, 95 %
2025/12/04 21:00:28.448, 95.72 W, 95 %
2025/12/04 21:00:28.548, 95.72 W, 95 %
2025/12/04 21:00:28.648, 95.72 W, 95 %
2025/12/04 21:00:28.749, 95.72 W, 95 %
2025/12/04 21:00:28.849, 95.72 W, 94 %
2025/12/04 21:00:28.949, 95.72 W, 94 %
2025/12/04 21:00:29.049, 95.72 W, 94 %
2025/12/04 21:00:29.149, 95.72 W, 94 %
2025/12/04 21:00:29.249, 95.72 W, 95 %
2025/12/04 21:00:29.350, 95.72 W, 95 %
2025/12/04 21:00:29.450, 95.72 W, 95 %
2025/12/04 21:00:29.550, 95.72 W, 95 %
2025/12/04 21:00:29.650, 95.72 W, 95 %
2025/12/04 21:00:29.750, 95.72 W, 95 %
2025/12/04 21:00:29.850, 95.72 W, 95 %
2025/12/04 21:00:29.951, 95.72 W, 95 %
2025/12/04 21:00:30.051, 95.72 W, 95 %
2025/12/04 21:00:30.151, 95.72 W, 95 %
2025/12/04 21:00:30.251, 95.72 W, 95 %
2025/12/04 21:00:30.351, 95.72 W, 95 %
2025/12/04 21:00:30.451, 95.72 W, 95 %
2025/12/04 21:00:30.551, 95.72 W, 95 %
2025/12/04 21:00:30.652, 95.72 W, 94 %
2025/12/04 21:00:30.752, 95.72 W, 94 %
2025/12/04 21:00:30.852, 95.72 W, 95 %
2025/12/04 21:00:30.952, 95.72 W, 95 %
2025/12/04 21:00:31.052, 95.72 W, 94 %
2025/12/04 21:00:31.152, 95.72 W, 94 %
2025/12/04 21:00:31.253, 95.72 W, 95 %
2025/12/04 21:00:31.353, 95.72 W, 95 %
2025/12/04 21:00:31.453, 95.72 W, 95 %
2025/12/04 21:00:31.553, 95.72 W, 95 %
2025/12/04 21:00:31.653, 95.72 W, 95 %
2025/12/04 21:00:31.753, 95.72 W, 95 %
2025/12/04 21:00:31.853, 95.72 W, 95 %
2025/12/04 21:00:31.954, 95.72 W, 95 %
2025/12/04 21:00:32.054, 95.72 W, 94 %
2025/12/04 21:00:32.154, 95.72 W, 94 %
2025/12/04 21:00:32.254, 95.72 W, 95 %
2025/12/04 21:00:32.354, 95.72 W, 95 %
2025/12/04 21:00:32.454, 95.72 W, 95 %
2025/12/04 21:00:32.555, 95.72 W, 95 %
2025/12/04 21:00:32.655, 95.72 W, 95 %
2025/12/04 21:00:32.755, 95.72 W, 95 %
2025/12/04 21:00:32.855, 95.72 W, 95 %
2025/12/04 21:00:32.955, 95.72 W, 95 %
2025/12/04 21:00:33.055, 95.72 W, 95 %
2025/12/04 21:00:33.156, 95.72 W, 95 %
2025/12/04 21:00:33.256, 95.72 W, 95 %
2025/12/04 21:00:33.356, 95.72 W, 95 %
2025/12/04 21:00:33.456, 95.72 W, 95 %
2025/12/04 21:00:33.556, 95.72 W, 95 %
2025/12/04 21:00:33.656, 95.72 W, 95 %
2025/12/04 21:00:33.757, 95.72 W, 95 %
2025/12/04 21:00:33.857, 95.72 W, 95 %
2025/12/04 21:00:33.957, 95.72 W, 95 %
2025/12/04 21:00:34.057, 95.39 W, 95 %
2025/12/04 21:00:34.157, 95.72 W, 95 %
2025/12/04 21:00:34.257, 95.72 W, 94 %
2025/12/04 21:00:34.358, 95.72 W, 94 %
2025/12/04 21:00:34.458, 95.72 W, 95 %
2025/12/04 21:00:34.558, 95.72 W, 95 %
2025/12/04 21:00:34.658, 95.72 W, 95 %
2025/12/04 21:00:34.758, 95.72 W, 95 %
2025/12/04 21:00:34.858, 95.72 W, 94 %
2025/12/04 21:00:34.958, 95.72 W, 94 %
2025/12/04 21:00:35.059, 95.72 W, 95 %
2025/12/04 21:00:35.159, 95.72 W, 95 %
2025/12/04 21:00:35.259, 95.72 W, 94 %
2025/12/04 21:00:35.359, 95.72 W, 94 %
2025/12/04 21:00:35.459, 95.72 W, 95 %
2025/12/04 21:00:35.559, 95.72 W, 95 %
2025/12/04 21:00:35.660, 95.72 W, 95 %
2025/12/04 21:00:35.760, 95.72 W, 95 %
2025/12/04 21:00:35.860, 95.72 W, 95 %
2025/12/04 21:00:35.960, 95.72 W, 95 %
2025/12/04 21:00:36.060, 95.72 W, 95 %
2025/12/04 21:00:36.160, 95.72 W, 95 %
2025/12/04 21:00:36.261, 95.72 W, 95 %
2025/12/04 21:00:36.361, 95.72 W, 95 %
2025/12/04 21:00:36.461, 95.72 W, 94 %
2025/12/04 21:00:36.561, 95.72 W, 94 %
2025/12/04 21:00:36.661, 95.72 W, 95 %
2025/12/04 21:00:36.761, 95.72 W, 95 %
2025/12/04 21:00:36.862, 95.72 W, 95 %
2025/12/04 21:00:36.962, 95.72 W, 95 %
2025/12/04 21:00:37.062, 95.72 W, 94 %
2025/12/04 21:00:37.162, 95.72 W, 94 %
2025/12/04 21:00:37.262, 95.72 W, 95 %
2025/12/04 21:00:37.362, 95.72 W, 95 %
2025/12/04 21:00:37.462, 95.72 W, 94 %
2025/12/04 21:00:37.563, 95.72 W, 94 %
2025/12/04 21:00:37.663, 95.72 W, 95 %
2025/12/04 21:00:37.763, 95.72 W, 95 %
2025/12/04 21:00:37.863, 95.72 W, 95 %
2025/12/04 21:00:37.963, 95.72 W, 95 %
2025/12/04 21:00:38.063, 95.72 W, 95 %
2025/12/04 21:00:38.164, 95.72 W, 95 %
2025/12/04 21:00:38.264, 95.72 W, 95 %
2025/12/04 21:00:38.364, 95.72 W, 95 %
2025/12/04 21:00:38.464, 95.72 W, 95 %
2025/12/04 21:00:38.564, 95.72 W, 95 %
2025/12/04 21:00:38.664, 95.72 W, 95 %
2025/12/04 21:00:38.765, 95.72 W, 95 %
2025/12/04 21:00:38.865, 95.72 W, 95 %
2025/12/04 21:00:38.965, 95.72 W, 95 %
2025/12/04 21:00:39.065, 95.72 W, 95 %
2025/12/04 21:00:39.165, 95.72 W, 95 %
2025/12/04 21:00:39.265, 95.72 W, 95 %
2025/12/04 21:00:39.366, 95.72 W, 95 %
2025/12/04 21:00:39.466, 95.72 W, 95 %
2025/12/04 21:00:39.566, 95.72 W, 95 %
2025/12/04 21:00:39.666, 95.72 W, 94 %
2025/12/04 21:00:39.766, 95.72 W, 94 %
2025/12/04 21:00:39.866, 95.72 W, 95 %
2025/12/04 21:00:39.967, 95.72 W, 95 %
2025/12/04 21:00:40.067, 95.72 W, 95 %
2025/12/04 21:00:40.167, 95.72 W, 95 %
2025/12/04 21:00:40.267, 95.72 W, 95 %
2025/12/04 21:00:40.367, 95.72 W, 95 %
2025/12/04 21:00:40.467, 95.72 W, 95 %
2025/12/04 21:00:40.567, 95.72 W, 95 %
2025/12/04 21:00:40.668, 95.72 W, 94 %
2025/12/04 21:00:40.768, 95.72 W, 94 %
2025/12/04 21:00:40.868, 95.72 W, 95 %
2025/12/04 21:00:40.968, 95.72 W, 95 %
2025/12/04 21:00:41.068, 95.72 W, 95 %
2025/12/04 21:00:41.168, 95.72 W, 95 %
2025/12/04 21:00:41.269, 95.72 W, 95 %
2025/12/04 21:00:41.369, 95.72 W, 95 %
2025/12/04 21:00:41.469, 95.72 W, 95 %
2025/12/04 21:00:41.569, 95.72 W, 95 %
2025/12/04 21:00:41.669, 95.72 W, 95 %
2025/12/04 21:00:41.769, 95.72 W, 95 %
2025/12/04 21:00:41.870, 95.72 W, 95 %
2025/12/04 21:00:41.970, 95.72 W, 95 %
2025/12/04 21:00:42.070, 95.72 W, 94 %
2025/12/04 21:00:42.170, 95.72 W, 94 %
2025/12/04 21:00:42.270, 95.72 W, 95 %
2025/12/04 21:00:42.370, 95.72 W, 95 %
2025/12/04 21:00:42.471, 95.72 W, 95 %
2025/12/04 21:00:42.571, 95.72 W, 95 %
2025/12/04 21:00:42.671, 95.72 W, 95 %
2025/12/04 21:00:42.771, 95.72 W, 95 %
2025/12/04 21:00:42.871, 95.72 W, 94 %
2025/12/04 21:00:42.971, 95.72 W, 94 %
2025/12/04 21:00:43.072, 95.72 W, 95 %
2025/12/04 21:00:43.172, 95.72 W, 95 %
2025/12/04 21:00:43.272, 95.72 W, 95 %
2025/12/04 21:00:43.372, 95.72 W, 95 %
2025/12/04 21:00:43.472, 95.72 W, 95 %
2025/12/04 21:00:43.572, 95.72 W, 95 %
2025/12/04 21:00:43.672, 95.72 W, 95 %
2025/12/04 21:00:43.773, 95.72 W, 95 %
2025/12/04 21:00:43.873, 95.72 W, 95 %
2025/12/04 21:00:43.973, 95.72 W, 95 %
2025/12/04 21:00:44.073, 95.72 W, 95 %
2025/12/04 21:00:44.173, 95.72 W, 95 %
2025/12/04 21:00:44.273, 95.72 W, 95 %
2025/12/04 21:00:44.374, 95.72 W, 95 %
2025/12/04 21:00:44.474, 95.72 W, 95 %
2025/12/04 21:00:44.574, 95.72 W, 95 %
2025/12/04 21:00:44.674, 95.72 W, 95 %
2025/12/04 21:00:44.774, 95.72 W, 95 %
2025/12/04 21:00:44.874, 95.72 W, 95 %
2025/12/04 21:00:44.975, 95.72 W, 95 %
2025/12/04 21:00:45.075, 95.72 W, 95 %
2025/12/04 21:00:45.175, 95.72 W, 95 %
2025/12/04 21:00:45.275, 95.72 W, 95 %
2025/12/04 21:00:45.375, 95.72 W, 95 %
2025/12/04 21:00:45.475, 95.72 W, 95 %
2025/12/04 21:00:45.575, 95.72 W, 95 %
2025/12/04 21:00:45.676, 95.72 W, 95 %
2025/12/04 21:00:45.776, 95.72 W, 95 %
2025/12/04 21:00:45.876, 95.72 W, 94 %
2025/12/04 21:00:45.976, 95.72 W, 94 %
2025/12/04 21:00:46.076, 95.72 W, 94 %
2025/12/04 21:00:46.176, 95.72 W, 94 %
2025/12/04 21:00:46.277, 95.72 W, 95 %
2025/12/04 21:00:46.377, 95.72 W, 95 %
2025/12/04 21:00:46.477, 95.72 W, 94 %
2025/12/04 21:00:46.577, 95.72 W, 94 %
2025/12/04 21:00:46.677, 95.72 W, 95 %
2025/12/04 21:00:46.777, 95.72 W, 95 %
2025/12/04 21:00:46.878, 95.72 W, 95 %
2025/12/04 21:00:46.978, 95.72 W, 95 %
2025/12/04 21:00:47.078, 95.72 W, 94 %
2025/12/04 21:00:47.178, 95.72 W, 94 %
2025/12/04 21:00:47.278, 95.72 W, 95 %
2025/12/04 21:00:47.378, 95.72 W, 95 %
2025/12/04 21:00:47.478, 95.72 W, 95 %
2025/12/04 21:00:47.579, 95.72 W, 95 %
2025/12/04 21:00:47.679, 95.72 W, 95 %
2025/12/04 21:00:47.779, 95.72 W, 95 %
2025/12/04 21:00:47.879, 95.72 W, 95 %
2025/12/04 21:00:47.979, 95.72 W, 95 %
2025/12/04 21:00:48.079, 95.72 W, 95 %
2025/12/04 21:00:48.180, 95.72 W, 95 %
2025/12/04 21:00:48.280, 95.72 W, 95 %
2025/12/04 21:00:48.380, 95.72 W, 95 %
2025/12/04 21:00:48.480, 95.72 W, 95 %
2025/12/04 21:00:48.580, 95.72 W, 95 %
2025/12/04 21:00:48.680, 95.72 W, 95 %
2025/12/04 21:00:48.781, 95.72 W, 95 %
2025/12/04 21:00:48.881, 95.72 W, 95 %
2025/12/04 21:00:48.981, 95.72 W, 95 %
2025/12/04 21:00:49.081, 95.72 W, 95 %
2025/12/04 21:00:49.181, 95.72 W, 95 %
2025/12/04 21:00:49.281, 95.72 W, 94 %
2025/12/04 21:00:49.381, 95.72 W, 94 %
2025/12/04 21:00:49.482, 95.72 W, 95 %
2025/12/04 21:00:49.582, 95.72 W, 95 %
2025/12/04 21:00:49.682, 95.72 W, 95 %
2025/12/04 21:00:49.782, 95.72 W, 95 %
2025/12/04 21:00:49.882, 95.72 W, 95 %
2025/12/04 21:00:49.982, 95.72 W, 95 %
2025/12/04 21:00:50.083, 95.72 W, 95 %
2025/12/04 21:00:50.183, 95.72 W, 95 %
2025/12/04 21:00:50.283, 95.72 W, 95 %
2025/12/04 21:00:50.383, 95.72 W, 95 %
2025/12/04 21:00:50.483, 95.72 W, 95 %
2025/12/04 21:00:50.583, 95.72 W, 95 %
2025/12/04 21:00:50.684, 95.72 W, 95 %
2025/12/04 21:00:50.784, 95.72 W, 95 %
2025/12/04 21:00:50.884, 95.72 W, 94 %
2025/12/04 21:00:50.984, 95.72 W, 94 %
2025/12/04 21:00:51.084, 95.72 W, 95 %
2025/12/04 21:00:51.184, 95.72 W, 95 %
2025/12/04 21:00:51.285, 95.72 W, 94 %
2025/12/04 21:00:51.385, 95.72 W, 94 %
2025/12/04 21:00:51.485, 95.72 W, 95 %
2025/12/04 21:00:51.585, 95.72 W, 95 %
2025/12/04 21:00:51.685, 95.72 W, 95 %
2025/12/04 21:00:51.785, 95.72 W, 95 %
2025/12/04 21:00:51.886, 95.72 W, 95 %
2025/12/04 21:00:51.986, 95.39 W, 95 %
2025/12/04 21:00:52.086, 95.72 W, 95 %
2025/12/04 21:00:52.186, 95.72 W, 95 %
2025/12/04 21:00:52.286, 95.72 W, 94 %
2025/12/04 21:00:52.386, 95.72 W, 94 %
2025/12/04 21:00:52.486, 95.72 W, 95 %
2025/12/04 21:00:52.587, 95.72 W, 95 %
2025/12/04 21:00:52.687, 95.72 W, 95 %
2025/12/04 21:00:52.787, 95.72 W, 95 %
2025/12/04 21:00:52.887, 95.72 W, 95 %
2025/12/04 21:00:52.987, 95.72 W, 95 %
2025/12/04 21:00:53.087, 95.72 W, 95 %
2025/12/04 21:00:53.188, 95.72 W, 95 %
2025/12/04 21:00:53.288, 95.72 W, 95 %
2025/12/04 21:00:53.388, 95.72 W, 95 %
2025/12/04 21:00:53.488, 95.72 W, 94 %
2025/12/04 21:00:53.588, 95.72 W, 94 %
2025/12/04 21:00:53.688, 95.72 W, 95 %
2025/12/04 21:00:53.789, 95.72 W, 95 %
2025/12/04 21:00:53.889, 95.72 W, 95 %
2025/12/04 21:00:53.989, 95.72 W, 95 %
2025/12/04 21:00:54.089, 95.72 W, 95 %
2025/12/04 21:00:54.189, 95.72 W, 95 %
2025/12/04 21:00:54.289, 95.72 W, 95 %
2025/12/04 21:00:54.390, 95.72 W, 95 %
2025/12/04 21:00:54.490, 95.72 W, 94 %
2025/12/04 21:00:54.590, 95.72 W, 94 %
2025/12/04 21:00:54.690, 95.72 W, 95 %
2025/12/04 21:00:54.790, 95.72 W, 95 %
2025/12/04 21:00:54.890, 95.72 W, 95 %
2025/12/04 21:00:54.991, 95.72 W, 95 %
2025/12/04 21:00:55.091, 95.72 W, 94 %
2025/12/04 21:00:55.191, 95.72 W, 94 %
2025/12/04 21:00:55.291, 95.72 W, 95 %
2025/12/04 21:00:55.391, 95.72 W, 95 %
2025/12/04 21:00:55.491, 95.72 W, 94 %
2025/12/04 21:00:55.592, 95.72 W, 94 %
2025/12/04 21:00:55.692, 95.72 W, 95 %
2025/12/04 21:00:55.792, 95.72 W, 95 %
2025/12/04 21:00:55.892, 95.72 W, 95 %
2025/12/04 21:00:55.992, 95.72 W, 95 %
2025/12/04 21:00:56.092, 95.72 W, 95 %
2025/12/04 21:00:56.193, 95.72 W, 95 %
2025/12/04 21:00:56.293, 95.72 W, 95 %
2025/12/04 21:00:56.393, 95.72 W, 95 %
2025/12/04 21:00:56.493, 95.72 W, 94 %
2025/12/04 21:00:56.593, 95.72 W, 94 %
2025/12/04 21:00:56.693, 95.72 W, 94 %
2025/12/04 21:00:56.794, 95.72 W, 94 %
2025/12/04 21:00:56.894, 95.72 W, 95 %
2025/12/04 21:00:56.994, 95.72 W, 95 %
2025/12/04 21:00:57.094, 95.72 W, 95 %
2025/12/04 21:00:57.194, 95.72 W, 95 %
2025/12/04 21:00:57.294, 95.72 W, 95 %
2025/12/04 21:00:57.394, 95.72 W, 95 %
2025/12/04 21:00:57.495, 95.72 W, 95 %
2025/12/04 21:00:57.595, 95.72 W, 95 %
2025/12/04 21:00:57.695, 95.72 W, 95 %
2025/12/04 21:00:57.795, 95.72 W, 95 %
2025/12/04 21:00:57.895, 95.72 W, 95 %
2025/12/04 21:00:57.995, 95.72 W, 95 %
2025/12/04 21:00:58.096, 95.72 W, 95 %
2025/12/04 21:00:58.196, 95.72 W, 95 %
2025/12/04 21:00:58.296, 95.72 W, 95 %
2025/12/04 21:00:58.396, 95.72 W, 95 %
2025/12/04 21:00:58.496, 95.72 W, 95 %
2025/12/04 21:00:58.596, 95.72 W, 95 %
2025/12/04 21:00:58.697, 95.72 W, 94 %
2025/12/04 21:00:58.797, 95.72 W, 94 %
2025/12/04 21:00:58.897, 95.72 W, 94 %
2025/12/04 21:00:58.997, 95.72 W, 94 %
2025/12/04 21:00:59.097, 95.72 W, 94 %
2025/12/04 21:00:59.197, 95.72 W, 94 %
2025/12/04 21:00:59.298, 95.72 W, 95 %
2025/12/04 21:00:59.398, 95.72 W, 95 %
2025/12/04 21:00:59.498, 95.72 W, 95 %
2025/12/04 21:00:59.598, 95.72 W, 95 %
2025/12/04 21:00:59.698, 95.72 W, 94 %
2025/12/04 21:00:59.798, 95.72 W, 94 %
2025/12/04 21:00:59.899, 95.72 W, 94 %
2025/12/04 21:00:59.999, 95.72 W, 94 %
2025/12/04 21:01:00.099, 95.72 W, 95 %
2025/12/04 21:01:00.199, 95.72 W, 95 %
2025/12/04 21:01:00.299, 95.72 W, 95 %
2025/12/04 21:01:00.399, 95.72 W, 95 %
2025/12/04 21:01:00.500, 95.72 W, 95 %
2025/12/04 21:01:00.600, 95.72 W, 95 %
2025/12/04 21:01:00.700, 95.72 W, 95 %
2025/12/04 21:01:00.800, 95.72 W, 95 %
2025/12/04 21:01:00.900, 95.72 W, 94 %
2025/12/04 21:01:01.000, 95.72 W, 94 %
2025/12/04 21:01:01.101, 95.72 W, 94 %
2025/12/04 21:01:01.201, 95.72 W, 94 %
2025/12/04 21:01:01.301, 95.72 W, 95 %
2025/12/04 21:01:01.401, 95.72 W, 95 %
2025/12/04 21:01:01.501, 95.72 W, 95 %
2025/12/04 21:01:01.601, 95.72 W, 95 %
2025/12/04 21:01:01.702, 95.72 W, 95 %
2025/12/04 21:01:01.802, 95.72 W, 95 %
2025/12/04 21:01:01.902, 95.72 W, 95 %
2025/12/04 21:01:02.002, 95.72 W, 95 %
2025/12/04 21:01:02.102, 95.72 W, 95 %
2025/12/04 21:01:02.202, 95.72 W, 95 %
2025/12/04 21:01:02.303, 95.72 W, 95 %
2025/12/04 21:01:02.403, 95.72 W, 95 %
2025/12/04 21:01:02.503, 95.72 W, 94 %
2025/12/04 21:01:02.603, 95.72 W, 94 %
2025/12/04 21:01:02.703, 95.72 W, 95 %
2025/12/04 21:01:02.803, 95.72 W, 95 %
2025/12/04 21:01:02.903, 95.72 W, 95 %
2025/12/04 21:01:03.004, 95.72 W, 95 %
2025/12/04 21:01:03.104, 95.72 W, 95 %
2025/12/04 21:01:03.204, 95.72 W, 95 %
2025/12/04 21:01:03.304, 95.72 W, 95 %
2025/12/04 21:01:03.404, 95.72 W, 95 %
2025/12/04 21:01:03.504, 95.72 W, 95 %
2025/12/04 21:01:03.605, 95.72 W, 95 %
2025/12/04 21:01:03.705, 95.72 W, 95 %
2025/12/04 21:01:03.805, 95.72 W, 95 %
2025/12/04 21:01:03.905, 95.72 W, 94 %
2025/12/04 21:01:04.005, 95.72 W, 94 %
2025/12/04 21:01:04.105, 95.72 W, 95 %
2025/12/04 21:01:04.206, 95.72 W, 95 %
2025/12/04 21:01:04.306, 95.72 W, 94 %
2025/12/04 21:01:04.406, 95.72 W, 94 %
2025/12/04 21:01:04.506, 95.72 W, 95 %
2025/12/04 21:01:04.606, 95.72 W, 95 %
2025/12/04 21:01:04.706, 95.72 W, 95 %
2025/12/04 21:01:04.807, 95.72 W, 95 %
2025/12/04 21:01:04.907, 95.72 W, 94 %
2025/12/04 21:01:05.007, 95.72 W, 94 %
2025/12/04 21:01:05.107, 95.72 W, 94 %
2025/12/04 21:01:05.207, 95.72 W, 94 %
2025/12/04 21:01:05.307, 95.72 W, 94 %
2025/12/04 21:01:05.408, 95.72 W, 94 %
2025/12/04 21:01:05.508, 95.72 W, 95 %
2025/12/04 21:01:05.608, 95.72 W, 95 %
2025/12/04 21:01:05.708, 95.72 W, 95 %
2025/12/04 21:01:05.808, 95.72 W, 95 %
2025/12/04 21:01:05.908, 95.72 W, 95 %
2025/12/04 21:01:06.009, 95.72 W, 95 %
2025/12/04 21:01:06.109, 95.72 W, 95 %
2025/12/04 21:01:06.209, 95.72 W, 95 %
2025/12/04 21:01:06.309, 95.72 W, 95 %
2025/12/04 21:01:06.409, 95.72 W, 95 %
2025/12/04 21:01:06.509, 95.72 W, 95 %
2025/12/04 21:01:06.610, 95.72 W, 95 %
2025/12/04 21:01:06.710, 95.72 W, 95 %
2025/12/04 21:01:06.810, 95.72 W, 95 %
2025/12/04 21:01:06.910, 95.72 W, 94 %
2025/12/04 21:01:07.010, 95.72 W, 94 %
2025/12/04 21:01:07.110, 95.72 W, 94 %
2025/12/04 21:01:07.211, 95.72 W, 94 %
2025/12/04 21:01:07.311, 95.72 W, 95 %
2025/12/04 21:01:07.411, 95.72 W, 95 %
2025/12/04 21:01:07.511, 95.72 W, 95 %
2025/12/04 21:01:07.611, 95.72 W, 95 %
2025/12/04 21:01:07.711, 95.72 W, 95 %
2025/12/04 21:01:07.811, 95.72 W, 95 %
2025/12/04 21:01:07.912, 95.72 W, 95 %
2025/12/04 21:01:08.012, 95.72 W, 95 %
2025/12/04 21:01:08.112, 95.72 W, 95 %
2025/12/04 21:01:08.212, 95.72 W, 95 %
2025/12/04 21:01:08.312, 95.72 W, 94 %
2025/12/04 21:01:08.412, 95.72 W, 94 %
2025/12/04 21:01:08.513, 95.72 W, 95 %
2025/12/04 21:01:08.613, 95.72 W, 95 %
2025/12/04 21:01:08.713, 95.72 W, 95 %
2025/12/04 21:01:08.813, 95.72 W, 95 %
2025/12/04 21:01:08.913, 95.72 W, 95 %
2025/12/04 21:01:09.013, 95.72 W, 95 %
2025/12/04 21:01:09.114, 95.72 W, 95 %
2025/12/04 21:01:09.214, 95.72 W, 95 %
2025/12/04 21:01:09.314, 95.72 W, 95 %
2025/12/04 21:01:09.414, 95.72 W, 95 %
2025/12/04 21:01:09.514, 95.72 W, 95 %
2025/12/04 21:01:09.614, 95.72 W, 95 %
2025/12/04 21:01:09.715, 95.72 W, 95 %
2025/12/04 21:01:09.815, 95.72 W, 95 %
2025/12/04 21:01:09.915, 95.72 W, 95 %
2025/12/04 21:01:10.015, 95.72 W, 95 %
2025/12/04 21:01:10.115, 95.72 W, 95 %
2025/12/04 21:01:10.215, 95.72 W, 95 %
2025/12/04 21:01:10.316, 95.72 W, 94 %
2025/12/04 21:01:10.416, 95.72 W, 94 %
2025/12/04 21:01:10.516, 95.72 W, 94 %
2025/12/04 21:01:10.616, 95.72 W, 94 %
2025/12/04 21:01:10.716, 95.72 W, 95 %
2025/12/04 21:01:10.816, 95.72 W, 95 %
2025/12/04 21:01:10.917, 95.72 W, 95 %
2025/12/04 21:01:11.017, 95.72 W, 95 %
2025/12/04 21:01:11.117, 95.72 W, 95 %
2025/12/04 21:01:11.217, 95.72 W, 95 %
2025/12/04 21:01:11.317, 95.72 W, 95 %
2025/12/04 21:01:11.417, 95.72 W, 95 %
2025/12/04 21:01:11.517, 95.72 W, 94 %
2025/12/04 21:01:11.618, 95.72 W, 94 %
2025/12/04 21:01:11.718, 95.72 W, 95 %
2025/12/04 21:01:11.818, 95.72 W, 95 %
2025/12/04 21:01:11.918, 95.72 W, 95 %
2025/12/04 21:01:12.018, 95.72 W, 95 %
2025/12/04 21:01:12.118, 95.72 W, 95 %
2025/12/04 21:01:12.219, 95.72 W, 95 %
2025/12/04 21:01:12.319, 95.72 W, 94 %
2025/12/04 21:01:12.419, 95.72 W, 94 %
2025/12/04 21:01:12.519, 95.72 W, 94 %
2025/12/04 21:01:12.619, 95.72 W, 94 %
2025/12/04 21:01:12.719, 95.72 W, 95 %
2025/12/04 21:01:12.820, 95.72 W, 95 %
2025/12/04 21:01:12.920, 95.72 W, 95 %
2025/12/04 21:01:13.020, 95.72 W, 95 %
2025/12/04 21:01:13.120, 95.72 W, 95 %
2025/12/04 21:01:13.220, 95.72 W, 95 %
2025/12/04 21:01:13.320, 95.72 W, 95 %
2025/12/04 21:01:13.421, 95.72 W, 95 %
2025/12/04 21:01:13.521, 95.72 W, 95 %
2025/12/04 21:01:13.621, 95.72 W, 95 %
2025/12/04 21:01:13.721, 95.72 W, 94 %
2025/12/04 21:01:13.821, 95.72 W, 94 %
2025/12/04 21:01:13.921, 95.72 W, 95 %
2025/12/04 21:01:14.022, 95.72 W, 95 %
2025/12/04 21:01:14.122, 95.72 W, 94 %
2025/12/04 21:01:14.222, 95.72 W, 94 %
2025/12/04 21:01:14.322, 95.72 W, 95 %
2025/12/04 21:01:14.422, 95.72 W, 95 %
2025/12/04 21:01:14.522, 95.72 W, 94 %
2025/12/04 21:01:14.623, 95.72 W, 94 %
2025/12/04 21:01:14.723, 95.72 W, 94 %
2025/12/04 21:01:14.823, 95.72 W, 94 %
2025/12/04 21:01:14.923, 95.72 W, 95 %
2025/12/04 21:01:15.023, 95.72 W, 95 %
2025/12/04 21:01:15.123, 95.72 W, 95 %
2025/12/04 21:01:15.224, 95.72 W, 95 %
2025/12/04 21:01:15.324, 95.72 W, 95 %
2025/12/04 21:01:15.424, 95.72 W, 95 %
2025/12/04 21:01:15.524, 95.72 W, 94 %
2025/12/04 21:01:15.624, 95.72 W, 94 %
2025/12/04 21:01:15.724, 95.72 W, 95 %
2025/12/04 21:01:15.825, 95.72 W, 95 %
2025/12/04 21:01:15.925, 95.72 W, 95 %
2025/12/04 21:01:16.025, 95.72 W, 95 %
2025/12/04 21:01:16.125, 95.72 W, 95 %
2025/12/04 21:01:16.225, 95.72 W, 95 %
2025/12/04 21:01:16.325, 95.72 W, 95 %
2025/12/04 21:01:16.426, 95.72 W, 95 %
2025/12/04 21:01:16.526, 95.72 W, 95 %
2025/12/04 21:01:16.626, 95.72 W, 95 %
2025/12/04 21:01:16.726, 95.72 W, 95 %
2025/12/04 21:01:16.826, 95.72 W, 95 %
2025/12/04 21:01:16.926, 95.72 W, 94 %
2025/12/04 21:01:17.027, 95.72 W, 94 %
2025/12/04 21:01:17.127, 95.72 W, 95 %
2025/12/04 21:01:17.227, 95.72 W, 95 %
2025/12/04 21:01:17.327, 95.72 W, 95 %
2025/12/04 21:01:17.427, 95.72 W, 95 %
2025/12/04 21:01:17.527, 95.72 W, 95 %
2025/12/04 21:01:17.628, 95.72 W, 95 %
2025/12/04 21:01:17.728, 95.72 W, 95 %
2025/12/04 21:01:17.828, 95.72 W, 95 %
2025/12/04 21:01:17.928, 95.72 W, 94 %
2025/12/04 21:01:18.028, 95.72 W, 94 %
2025/12/04 21:01:18.128, 95.72 W, 95 %
2025/12/04 21:01:18.228, 95.72 W, 95 %
2025/12/04 21:01:18.329, 95.72 W, 93 %
2025/12/04 21:01:18.429, 95.72 W, 93 %
2025/12/04 21:01:18.529, 95.72 W, 95 %
2025/12/04 21:01:18.629, 95.72 W, 95 %
2025/12/04 21:01:18.729, 95.72 W, 94 %
2025/12/04 21:01:18.829, 95.72 W, 94 %
2025/12/04 21:01:18.930, 95.72 W, 94 %
2025/12/04 21:01:19.030, 95.72 W, 94 %
2025/12/04 21:01:19.130, 95.72 W, 95 %
2025/12/04 21:01:19.230, 95.72 W, 95 %
2025/12/04 21:01:19.330, 95.72 W, 95 %
2025/12/04 21:01:19.430, 95.72 W, 95 %
2025/12/04 21:01:19.531, 95.72 W, 95 %
2025/12/04 21:01:19.631, 95.72 W, 95 %
2025/12/04 21:01:19.731, 95.72 W, 94 %
2025/12/04 21:01:19.831, 95.72 W, 94 %
2025/12/04 21:01:19.931, 95.72 W, 94 %
2025/12/04 21:01:20.031, 95.72 W, 94 %
2025/12/04 21:01:20.132, 95.72 W, 95 %
2025/12/04 21:01:20.232, 95.99 W, 95 %
2025/12/04 21:01:20.332, 95.72 W, 94 %
2025/12/04 21:01:20.432, 95.72 W, 94 %
2025/12/04 21:01:20.532, 95.39 W, 94 %
2025/12/04 21:01:20.632, 95.72 W, 94 %
2025/12/04 21:01:20.732, 95.72 W, 95 %
2025/12/04 21:01:20.833, 95.72 W, 95 %
2025/12/04 21:01:20.933, 95.72 W, 94 %
2025/12/04 21:01:21.033, 95.72 W, 94 %
2025/12/04 21:01:21.133, 95.72 W, 95 %
2025/12/04 21:01:21.233, 95.72 W, 95 %
2025/12/04 21:01:21.333, 95.72 W, 95 %
2025/12/04 21:01:21.434, 95.72 W, 95 %
2025/12/04 21:01:21.534, 95.72 W, 95 %
2025/12/04 21:01:21.634, 95.72 W, 95 %
2025/12/04 21:01:21.734, 95.72 W, 95 %
2025/12/04 21:01:21.834, 95.72 W, 95 %
2025/12/04 21:01:21.934, 95.72 W, 95 %
2025/12/04 21:01:22.035, 95.72 W, 95 %
2025/12/04 21:01:22.135, 95.72 W, 95 %
2025/12/04 21:01:22.235, 95.72 W, 95 %
2025/12/04 21:01:22.335, 95.72 W, 95 %
2025/12/04 21:01:22.435, 95.72 W, 95 %
2025/12/04 21:01:22.535, 95.72 W, 94 %
2025/12/04 21:01:22.636, 95.72 W, 94 %
2025/12/04 21:01:22.736, 95.72 W, 94 %
2025/12/04 21:01:22.836, 95.72 W, 94 %
2025/12/04 21:01:22.936, 95.72 W, 95 %
2025/12/04 21:01:23.036, 95.72 W, 95 %
2025/12/04 21:01:23.136, 95.72 W, 95 %
2025/12/04 21:01:23.236, 95.72 W, 95 %
2025/12/04 21:01:23.337, 95.72 W, 94 %
2025/12/04 21:01:23.437, 95.72 W, 94 %
2025/12/04 21:01:23.537, 95.72 W, 95 %
2025/12/04 21:01:23.637, 95.72 W, 95 %
2025/12/04 21:01:23.737, 95.72 W, 95 %
2025/12/04 21:01:23.837, 95.72 W, 95 %
2025/12/04 21:01:23.938, 95.72 W, 95 %
2025/12/04 21:01:24.038, 95.72 W, 95 %
2025/12/04 21:01:24.138, 95.72 W, 95 %
2025/12/04 21:01:24.238, 95.72 W, 95 %
2025/12/04 21:01:24.338, 95.72 W, 95 %
2025/12/04 21:01:24.438, 95.72 W, 95 %
2025/12/04 21:01:24.539, 95.72 W, 95 %
2025/12/04 21:01:24.639, 95.72 W, 95 %
2025/12/04 21:01:24.739, 95.72 W, 95 %
2025/12/04 21:01:24.839, 95.72 W, 95 %
2025/12/04 21:01:24.939, 95.72 W, 95 %
2025/12/04 21:01:25.039, 95.72 W, 95 %
2025/12/04 21:01:25.140, 95.72 W, 95 %
2025/12/04 21:01:25.240, 95.72 W, 95 %
2025/12/04 21:01:25.340, 95.72 W, 95 %
2025/12/04 21:01:25.440, 95.72 W, 95 %
2025/12/04 21:01:25.540, 95.72 W, 95 %
2025/12/04 21:01:25.640, 95.72 W, 95 %
2025/12/04 21:01:25.741, 95.72 W, 94 %
2025/12/04 21:01:25.841, 95.72 W, 94 %
2025/12/04 21:01:25.941, 95.72 W, 95 %
2025/12/04 21:01:26.041, 95.72 W, 95 %
2025/12/04 21:01:26.141, 95.72 W, 95 %
2025/12/04 21:01:26.241, 95.72 W, 95 %
2025/12/04 21:01:26.342, 95.72 W, 95 %
2025/12/04 21:01:26.442, 95.72 W, 95 %
2025/12/04 21:01:26.542, 95.72 W, 95 %
2025/12/04 21:01:26.642, 95.72 W, 95 %
2025/12/04 21:01:26.742, 95.72 W, 95 %
2025/12/04 21:01:26.842, 95.39 W, 95 %
2025/12/04 21:01:26.943, 95.72 W, 94 %
2025/12/04 21:01:27.043, 95.72 W, 94 %
2025/12/04 21:01:27.143, 95.72 W, 94 %
2025/12/04 21:01:27.243, 95.72 W, 94 %
2025/12/04 21:01:27.343, 95.72 W, 95 %
2025/12/04 21:01:27.443, 95.72 W, 95 %
2025/12/04 21:01:27.544, 95.72 W, 95 %
2025/12/04 21:01:27.644, 95.72 W, 95 %
2025/12/04 21:01:27.744, 95.72 W, 94 %
2025/12/04 21:01:27.844, 95.72 W, 94 %
2025/12/04 21:01:27.944, 95.72 W, 95 %
2025/12/04 21:01:28.044, 95.72 W, 95 %
2025/12/04 21:01:28.145, 95.72 W, 94 %
2025/12/04 21:01:28.245, 95.72 W, 94 %
2025/12/04 21:01:28.345, 95.72 W, 95 %
2025/12/04 21:01:28.445, 95.72 W, 95 %
2025/12/04 21:01:28.545, 95.72 W, 94 %
2025/12/04 21:01:28.645, 95.72 W, 94 %
2025/12/04 21:01:28.746, 95.72 W, 94 %
2025/12/04 21:01:28.846, 95.72 W, 94 %
2025/12/04 21:01:28.946, 95.72 W, 94 %
2025/12/04 21:01:29.046, 95.72 W, 94 %
2025/12/04 21:01:29.146, 95.72 W, 95 %
2025/12/04 21:01:29.246, 95.72 W, 95 %
2025/12/04 21:01:29.346, 95.72 W, 95 %
2025/12/04 21:01:29.447, 95.72 W, 95 %
2025/12/04 21:01:29.547, 95.72 W, 95 %
2025/12/04 21:01:29.647, 95.72 W, 95 %
2025/12/04 21:01:29.747, 95.72 W, 95 %
2025/12/04 21:01:29.847, 95.72 W, 95 %
2025/12/04 21:01:29.947, 95.72 W, 94 %
2025/12/04 21:01:30.048, 95.72 W, 94 %
2025/12/04 21:01:30.148, 95.72 W, 95 %
2025/12/04 21:01:30.248, 95.72 W, 95 %
2025/12/04 21:01:30.348, 95.72 W, 95 %
2025/12/04 21:01:30.448, 95.72 W, 95 %
2025/12/04 21:01:30.548, 95.72 W, 94 %
2025/12/04 21:01:30.649, 95.72 W, 94 %
2025/12/04 21:01:30.749, 95.72 W, 95 %
2025/12/04 21:01:30.849, 95.72 W, 95 %
2025/12/04 21:01:30.949, 95.72 W, 94 %
2025/12/04 21:01:31.049, 95.72 W, 94 %
2025/12/04 21:01:31.149, 95.72 W, 94 %
2025/12/04 21:01:31.250, 95.72 W, 94 %
2025/12/04 21:01:31.350, 95.72 W, 94 %
2025/12/04 21:01:31.450, 95.72 W, 94 %
2025/12/04 21:01:31.550, 95.72 W, 95 %
2025/12/04 21:01:31.650, 95.72 W, 95 %
2025/12/04 21:01:31.750, 95.72 W, 95 %
2025/12/04 21:01:31.851, 95.72 W, 95 %
2025/12/04 21:01:31.951, 95.72 W, 95 %
2025/12/04 21:01:32.051, 95.72 W, 95 %
2025/12/04 21:01:32.151, 95.72 W, 95 %
2025/12/04 21:01:32.251, 95.72 W, 95 %
2025/12/04 21:01:32.351, 95.72 W, 95 %
2025/12/04 21:01:32.452, 95.72 W, 95 %
2025/12/04 21:01:32.552, 95.72 W, 95 %
2025/12/04 21:01:32.652, 95.72 W, 95 %
2025/12/04 21:01:32.752, 95.72 W, 95 %
2025/12/04 21:01:32.852, 95.72 W, 95 %
2025/12/04 21:01:32.952, 95.72 W, 95 %
2025/12/04 21:01:33.053, 95.72 W, 95 %
2025/12/04 21:01:33.153, 95.72 W, 94 %
2025/12/04 21:01:33.253, 95.72 W, 94 %
2025/12/04 21:01:33.353, 95.72 W, 95 %
2025/12/04 21:01:33.453, 95.72 W, 95 %
2025/12/04 21:01:33.553, 95.72 W, 95 %
2025/12/04 21:01:33.654, 95.72 W, 95 %
2025/12/04 21:01:33.754, 95.72 W, 95 %
2025/12/04 21:01:33.854, 95.72 W, 95 %
2025/12/04 21:01:33.954, 95.72 W, 95 %
2025/12/04 21:01:34.054, 95.72 W, 95 %
2025/12/04 21:01:34.154, 95.72 W, 94 %
2025/12/04 21:01:34.255, 95.72 W, 94 %
2025/12/04 21:01:34.355, 95.72 W, 95 %
2025/12/04 21:01:34.455, 95.72 W, 95 %
2025/12/04 21:01:34.555, 95.72 W, 95 %
2025/12/04 21:01:34.655, 95.72 W, 95 %
2025/12/04 21:01:34.755, 95.72 W, 95 %
2025/12/04 21:01:34.856, 95.72 W, 95 %
2025/12/04 21:01:34.956, 95.72 W, 95 %
2025/12/04 21:01:35.056, 95.72 W, 95 %
2025/12/04 21:01:35.156, 95.72 W, 95 %
2025/12/04 21:01:35.256, 95.72 W, 95 %
2025/12/04 21:01:35.356, 95.72 W, 95 %
2025/12/04 21:01:35.457, 95.72 W, 95 %
2025/12/04 21:01:35.557, 95.72 W, 95 %
2025/12/04 21:01:35.657, 95.72 W, 95 %
2025/12/04 21:01:35.757, 95.72 W, 94 %
2025/12/04 21:01:35.857, 95.72 W, 94 %
2025/12/04 21:01:35.957, 95.72 W, 94 %
2025/12/04 21:01:36.058, 95.72 W, 94 %
2025/12/04 21:01:36.158, 95.72 W, 95 %
2025/12/04 21:01:36.258, 95.72 W, 95 %
2025/12/04 21:01:36.358, 95.72 W, 95 %
2025/12/04 21:01:36.458, 95.72 W, 95 %
2025/12/04 21:01:36.558, 95.72 W, 95 %
2025/12/04 21:01:36.659, 95.72 W, 95 %
2025/12/04 21:01:36.759, 95.72 W, 95 %
2025/12/04 21:01:36.859, 95.72 W, 95 %
2025/12/04 21:01:36.959, 95.72 W, 95 %
2025/12/04 21:01:37.059, 95.72 W, 95 %
2025/12/04 21:01:37.159, 95.72 W, 94 %
2025/12/04 21:01:37.259, 95.72 W, 94 %
2025/12/04 21:01:37.360, 95.72 W, 95 %
2025/12/04 21:01:37.460, 95.72 W, 95 %
2025/12/04 21:01:37.560, 95.72 W, 95 %
2025/12/04 21:01:37.660, 95.72 W, 95 %
2025/12/04 21:01:37.760, 95.72 W, 95 %
2025/12/04 21:01:37.860, 95.72 W, 95 %
2025/12/04 21:01:37.961, 95.72 W, 95 %
2025/12/04 21:01:38.061, 95.72 W, 95 %
2025/12/04 21:01:38.161, 95.72 W, 95 %
2025/12/04 21:01:38.261, 95.72 W, 95 %
2025/12/04 21:01:38.361, 95.72 W, 94 %
2025/12/04 21:01:38.461, 95.72 W, 94 %
2025/12/04 21:01:38.562, 95.72 W, 94 %
2025/12/04 21:01:38.662, 95.72 W, 94 %
2025/12/04 21:01:38.762, 95.72 W, 95 %
2025/12/04 21:01:38.862, 95.72 W, 95 %
2025/12/04 21:01:38.962, 95.72 W, 95 %
2025/12/04 21:01:39.062, 95.72 W, 95 %
2025/12/04 21:01:39.163, 95.72 W, 95 %
2025/12/04 21:01:39.263, 95.72 W, 95 %
2025/12/04 21:01:39.363, 95.72 W, 94 %
2025/12/04 21:01:39.463, 95.72 W, 94 %
2025/12/04 21:01:39.563, 95.72 W, 95 %
2025/12/04 21:01:39.663, 95.72 W, 95 %
2025/12/04 21:01:39.764, 95.72 W, 95 %
2025/12/04 21:01:39.864, 95.72 W, 95 %
2025/12/04 21:01:39.964, 95.72 W, 94 %
2025/12/04 21:01:40.064, 95.72 W, 94 %
2025/12/04 21:01:40.164, 95.72 W, 95 %
2025/12/04 21:01:40.264, 95.72 W, 95 %
2025/12/04 21:01:40.365, 95.72 W, 94 %
2025/12/04 21:01:40.465, 95.72 W, 94 %
2025/12/04 21:01:40.565, 95.72 W, 95 %
2025/12/04 21:01:40.665, 95.72 W, 95 %
2025/12/04 21:01:40.765, 95.72 W, 95 %
2025/12/04 21:01:40.865, 95.72 W, 95 %
2025/12/04 21:01:40.965, 95.72 W, 95 %
2025/12/04 21:01:41.066, 95.72 W, 95 %
2025/12/04 21:01:41.166, 95.72 W, 95 %
2025/12/04 21:01:41.266, 95.72 W, 95 %
2025/12/04 21:01:41.366, 95.72 W, 94 %
2025/12/04 21:01:41.466, 95.72 W, 94 %
2025/12/04 21:01:41.566, 95.72 W, 95 %
2025/12/04 21:01:41.667, 95.72 W, 95 %
2025/12/04 21:01:41.767, 95.72 W, 95 %
2025/12/04 21:01:41.867, 95.72 W, 95 %
2025/12/04 21:01:41.967, 95.72 W, 95 %
2025/12/04 21:01:42.067, 95.72 W, 95 %
2025/12/04 21:01:42.167, 95.72 W, 95 %
2025/12/04 21:01:42.268, 95.72 W, 95 %
2025/12/04 21:01:42.368, 95.72 W, 95 %
2025/12/04 21:01:42.468, 95.72 W, 95 %
2025/12/04 21:01:42.568, 95.72 W, 95 %
2025/12/04 21:01:42.668, 95.72 W, 95 %
2025/12/04 21:01:42.768, 95.72 W, 95 %
2025/12/04 21:01:42.869, 95.72 W, 95 %
2025/12/04 21:01:42.969, 95.72 W, 94 %
2025/12/04 21:01:43.069, 95.72 W, 94 %
2025/12/04 21:01:43.169, 95.72 W, 95 %
2025/12/04 21:01:43.269, 95.72 W, 95 %
2025/12/04 21:01:43.369, 95.72 W, 95 %
2025/12/04 21:01:43.470, 95.72 W, 95 %
2025/12/04 21:01:43.570, 95.72 W, 94 %
2025/12/04 21:01:43.670, 95.72 W, 94 %
2025/12/04 21:01:43.770, 95.72 W, 94 %
2025/12/04 21:01:43.870, 95.72 W, 94 %
2025/12/04 21:01:43.970, 95.72 W, 95 %
2025/12/04 21:01:44.071, 95.72 W, 95 %
2025/12/04 21:01:44.171, 95.72 W, 95 %
2025/12/04 21:01:44.271, 95.72 W, 95 %
2025/12/04 21:01:44.371, 95.72 W, 95 %
2025/12/04 21:01:44.471, 95.72 W, 95 %
2025/12/04 21:01:44.571, 95.72 W, 94 %
2025/12/04 21:01:44.672, 95.72 W, 94 %
2025/12/04 21:01:44.772, 95.72 W, 94 %
2025/12/04 21:01:44.872, 95.72 W, 94 %
2025/12/04 21:01:44.972, 95.72 W, 95 %
2025/12/04 21:01:45.072, 95.72 W, 95 %
2025/12/04 21:01:45.172, 95.72 W, 95 %
2025/12/04 21:01:45.272, 95.72 W, 95 %
2025/12/04 21:01:45.373, 95.72 W, 95 %
2025/12/04 21:01:45.473, 95.72 W, 95 %
2025/12/04 21:01:45.573, 95.72 W, 95 %
2025/12/04 21:01:45.673, 95.72 W, 95 %
2025/12/04 21:01:45.773, 95.72 W, 94 %
2025/12/04 21:01:45.873, 95.72 W, 94 %
2025/12/04 21:01:45.974, 95.72 W, 95 %
2025/12/04 21:01:46.074, 95.72 W, 95 %
2025/12/04 21:01:46.174, 95.72 W, 95 %
2025/12/04 21:01:46.274, 95.72 W, 95 %
2025/12/04 21:01:46.374, 95.72 W, 95 %
2025/12/04 21:01:46.474, 95.72 W, 95 %
2025/12/04 21:01:46.575, 95.72 W, 95 %
2025/12/04 21:01:46.675, 95.72 W, 95 %
2025/12/04 21:01:46.775, 95.72 W, 94 %
2025/12/04 21:01:46.875, 95.72 W, 94 %
2025/12/04 21:01:46.975, 95.72 W, 95 %
2025/12/04 21:01:47.075, 95.72 W, 95 %
2025/12/04 21:01:47.176, 95.72 W, 94 %
2025/12/04 21:01:47.276, 95.72 W, 94 %
2025/12/04 21:01:47.376, 95.72 W, 95 %
2025/12/04 21:01:47.476, 95.72 W, 95 %
2025/12/04 21:01:47.576, 95.72 W, 95 %
2025/12/04 21:01:47.676, 95.72 W, 95 %
2025/12/04 21:01:47.777, 95.72 W, 95 %
2025/12/04 21:01:47.877, 95.72 W, 95 %
2025/12/04 21:01:47.977, 95.72 W, 94 %
2025/12/04 21:01:48.077, 95.72 W, 94 %
2025/12/04 21:01:48.177, 95.72 W, 95 %
2025/12/04 21:01:48.277, 95.72 W, 95 %
2025/12/04 21:01:48.377, 95.72 W, 95 %
2025/12/04 21:01:48.478, 95.72 W, 95 %
2025/12/04 21:01:48.578, 95.72 W, 94 %
2025/12/04 21:01:48.678, 95.72 W, 94 %
2025/12/04 21:01:48.778, 95.72 W, 95 %
2025/12/04 21:01:48.878, 95.72 W, 95 %
2025/12/04 21:01:48.978, 95.72 W, 95 %
2025/12/04 21:01:49.079, 95.72 W, 95 %
2025/12/04 21:01:49.179, 95.72 W, 95 %
2025/12/04 21:01:49.279, 95.72 W, 95 %
2025/12/04 21:01:49.379, 95.72 W, 95 %
2025/12/04 21:01:49.479, 95.72 W, 95 %
2025/12/04 21:01:49.579, 95.72 W, 95 %
2025/12/04 21:01:49.680, 95.72 W, 95 %
2025/12/04 21:01:49.780, 95.72 W, 95 %
2025/12/04 21:01:49.880, 95.72 W, 95 %
2025/12/04 21:01:49.980, 95.72 W, 95 %
2025/12/04 21:01:50.080, 95.72 W, 94 %
2025/12/04 21:01:50.180, 95.72 W, 94 %
2025/12/04 21:01:50.281, 95.72 W, 94 %
2025/12/04 21:01:50.381, 95.72 W, 94 %
2025/12/04 21:01:50.481, 95.72 W, 94 %
2025/12/04 21:01:50.581, 95.72 W, 95 %
2025/12/04 21:01:50.681, 95.72 W, 95 %
2025/12/04 21:01:50.781, 95.72 W, 95 %
2025/12/04 21:01:50.882, 95.72 W, 95 %
2025/12/04 21:01:50.982, 95.72 W, 95 %
2025/12/04 21:01:51.082, 95.72 W, 95 %
2025/12/04 21:01:51.182, 95.72 W, 95 %
2025/12/04 21:01:51.282, 95.72 W, 94 %
2025/12/04 21:01:51.382, 95.72 W, 94 %
2025/12/04 21:01:51.483, 95.72 W, 95 %
2025/12/04 21:01:51.583, 95.72 W, 95 %
2025/12/04 21:01:51.683, 95.72 W, 95 %
2025/12/04 21:01:51.783, 95.72 W, 95 %
2025/12/04 21:01:51.883, 95.72 W, 95 %
2025/12/04 21:01:51.983, 95.72 W, 95 %
2025/12/04 21:01:52.083, 95.72 W, 95 %
2025/12/04 21:01:52.184, 95.72 W, 95 %
2025/12/04 21:01:52.284, 95.72 W, 94 %
2025/12/04 21:01:52.384, 95.72 W, 94 %
2025/12/04 21:01:52.484, 95.72 W, 95 %
2025/12/04 21:01:52.584, 95.72 W, 95 %
2025/12/04 21:01:52.684, 95.72 W, 95 %
2025/12/04 21:01:52.785, 95.72 W, 95 %
2025/12/04 21:01:52.885, 95.72 W, 95 %
2025/12/04 21:01:52.985, 95.72 W, 95 %
2025/12/04 21:01:53.085, 95.72 W, 95 %
2025/12/04 21:01:53.185, 95.72 W, 95 %
2025/12/04 21:01:53.285, 95.72 W, 95 %
2025/12/04 21:01:53.386, 95.72 W, 95 %
2025/12/04 21:01:53.486, 95.72 W, 95 %
2025/12/04 21:01:53.586, 95.72 W, 95 %
2025/12/04 21:01:53.686, 95.72 W, 95 %
2025/12/04 21:01:53.786, 95.72 W, 95 %
2025/12/04 21:01:53.886, 95.72 W, 95 %
2025/12/04 21:01:53.987, 95.72 W, 95 %
2025/12/04 21:01:54.087, 95.72 W, 95 %
2025/12/04 21:01:54.187, 95.72 W, 95 %
2025/12/04 21:01:54.287, 95.72 W, 95 %
2025/12/04 21:01:54.387, 95.72 W, 95 %
2025/12/04 21:01:54.487, 95.72 W, 94 %
2025/12/04 21:01:54.588, 95.72 W, 94 %
2025/12/04 21:01:54.688, 95.72 W, 95 %
2025/12/04 21:01:54.788, 95.72 W, 95 %
2025/12/04 21:01:54.888, 95.72 W, 95 %
2025/12/04 21:01:54.988, 95.72 W, 95 %
2025/12/04 21:01:55.088, 95.72 W, 95 %
2025/12/04 21:01:55.189, 95.72 W, 95 %
2025/12/04 21:01:55.289, 95.72 W, 95 %
2025/12/04 21:01:55.389, 95.72 W, 95 %
2025/12/04 21:01:55.489, 95.72 W, 94 %
2025/12/04 21:01:55.589, 95.72 W, 94 %
2025/12/04 21:01:55.689, 95.72 W, 95 %
2025/12/04 21:01:55.789, 95.72 W, 95 %
2025/12/04 21:01:55.890, 95.72 W, 95 %
2025/12/04 21:01:55.990, 95.72 W, 95 %
2025/12/04 21:01:56.090, 95.72 W, 95 %
2025/12/04 21:01:56.190, 95.72 W, 95 %
2025/12/04 21:01:56.290, 95.72 W, 95 %
2025/12/04 21:01:56.390, 95.72 W, 95 %
2025/12/04 21:01:56.491, 95.72 W, 95 %
2025/12/04 21:01:56.591, 95.72 W, 95 %
2025/12/04 21:01:56.691, 95.72 W, 94 %
2025/12/04 21:01:56.791, 95.72 W, 94 %
2025/12/04 21:01:56.891, 95.72 W, 95 %
2025/12/04 21:01:56.991, 95.72 W, 95 %
2025/12/04 21:01:57.092, 95.72 W, 95 %
2025/12/04 21:01:57.192, 95.72 W, 95 %
2025/12/04 21:01:57.292, 95.72 W, 95 %
2025/12/04 21:01:57.392, 95.72 W, 95 %
2025/12/04 21:01:57.492, 95.72 W, 95 %
2025/12/04 21:01:57.592, 95.72 W, 95 %
2025/12/04 21:01:57.693, 95.72 W, 94 %
2025/12/04 21:01:57.793, 95.72 W, 94 %
2025/12/04 21:01:57.893, 95.72 W, 95 %
2025/12/04 21:01:57.993, 95.72 W, 95 %
2025/12/04 21:01:58.093, 95.72 W, 95 %
2025/12/04 21:01:58.193, 95.72 W, 95 %
2025/12/04 21:01:58.294, 95.72 W, 95 %
2025/12/04 21:01:58.394, 95.72 W, 95 %
2025/12/04 21:01:58.494, 95.72 W, 95 %
2025/12/04 21:01:58.594, 95.72 W, 95 %
2025/12/04 21:01:58.694, 95.72 W, 95 %
2025/12/04 21:01:58.794, 95.72 W, 95 %
2025/12/04 21:01:58.895, 95.72 W, 94 %
2025/12/04 21:01:58.995, 95.72 W, 94 %
2025/12/04 21:01:59.095, 95.72 W, 95 %
2025/12/04 21:01:59.195, 95.72 W, 95 %
2025/12/04 21:01:59.295, 95.72 W, 95 %
2025/12/04 21:01:59.395, 95.72 W, 95 %
2025/12/04 21:01:59.495, 95.72 W, 95 %
2025/12/04 21:01:59.596, 95.72 W, 95 %
2025/12/04 21:01:59.696, 95.72 W, 95 %
2025/12/04 21:01:59.796, 95.72 W, 95 %
2025/12/04 21:01:59.896, 95.72 W, 94 %
2025/12/04 21:01:59.996, 95.72 W, 94 %
2025/12/04 21:02:00.096, 95.72 W, 95 %
2025/12/04 21:02:00.197, 95.72 W, 95 %
2025/12/04 21:02:00.297, 95.99 W, 95 %
2025/12/04 21:02:00.397, 95.99 W, 95 %
2025/12/04 21:02:00.497, 95.72 W, 95 %
2025/12/04 21:02:00.597, 95.72 W, 95 %
2025/12/04 21:02:00.697, 95.72 W, 94 %
2025/12/04 21:02:00.798, 95.72 W, 94 %
2025/12/04 21:02:00.898, 95.72 W, 95 %
2025/12/04 21:02:00.998, 95.72 W, 95 %
2025/12/04 21:02:01.098, 95.72 W, 95 %
2025/12/04 21:02:01.198, 95.72 W, 95 %
2025/12/04 21:02:01.298, 95.72 W, 95 %
2025/12/04 21:02:01.399, 95.72 W, 95 %
2025/12/04 21:02:01.499, 95.72 W, 95 %
2025/12/04 21:02:01.599, 95.72 W, 95 %
2025/12/04 21:02:01.699, 95.72 W, 95 %
2025/12/04 21:02:01.799, 95.72 W, 95 %
2025/12/04 21:02:01.899, 95.72 W, 95 %
2025/12/04 21:02:02.000, 95.72 W, 95 %
2025/12/04 21:02:02.100, 95.72 W, 94 %
2025/12/04 21:02:02.200, 95.72 W, 94 %
2025/12/04 21:02:02.300, 95.72 W, 95 %
2025/12/04 21:02:02.400, 95.72 W, 95 %
2025/12/04 21:02:02.500, 95.72 W, 95 %
2025/12/04 21:02:02.601, 95.72 W, 95 %
2025/12/04 21:02:02.701, 95.72 W, 95 %
2025/12/04 21:02:02.801, 95.72 W, 95 %
2025/12/04 21:02:02.901, 95.72 W, 94 %
2025/12/04 21:02:03.001, 95.72 W, 94 %
2025/12/04 21:02:03.101, 95.72 W, 94 %
2025/12/04 21:02:03.202, 95.72 W, 94 %
2025/12/04 21:02:03.302, 95.72 W, 94 %
2025/12/04 21:02:03.402, 95.72 W, 94 %
2025/12/04 21:02:03.502, 95.72 W, 95 %
2025/12/04 21:02:03.602, 95.72 W, 95 %
2025/12/04 21:02:03.702, 95.72 W, 95 %
2025/12/04 21:02:03.803, 95.72 W, 95 %
2025/12/04 21:02:03.903, 95.72 W, 95 %
2025/12/04 21:02:04.003, 95.72 W, 95 %
2025/12/04 21:02:04.103, 95.72 W, 94 %
2025/12/04 21:02:04.203, 95.72 W, 94 %
2025/12/04 21:02:04.303, 95.72 W, 94 %
2025/12/04 21:02:04.403, 95.72 W, 94 %
2025/12/04 21:02:04.504, 95.72 W, 95 %
2025/12/04 21:02:04.604, 95.72 W, 95 %
2025/12/04 21:02:04.704, 95.72 W, 94 %
2025/12/04 21:02:04.804, 95.72 W, 94 %
2025/12/04 21:02:04.904, 95.72 W, 94 %
2025/12/04 21:02:05.004, 95.72 W, 94 %
2025/12/04 21:02:05.105, 95.72 W, 94 %
2025/12/04 21:02:05.205, 95.72 W, 94 %
2025/12/04 21:02:05.305, 95.72 W, 94 %
2025/12/04 21:02:05.405, 95.72 W, 94 %
2025/12/04 21:02:05.505, 95.72 W, 95 %
2025/12/04 21:02:05.605, 95.72 W, 95 %
2025/12/04 21:02:05.706, 95.72 W, 95 %
2025/12/04 21:02:05.806, 95.72 W, 95 %
2025/12/04 21:02:05.906, 95.72 W, 95 %
2025/12/04 21:02:06.006, 95.72 W, 95 %
2025/12/04 21:02:06.106, 95.72 W, 95 %
2025/12/04 21:02:06.206, 95.72 W, 95 %
2025/12/04 21:02:06.307, 95.72 W, 94 %
2025/12/04 21:02:06.407, 95.72 W, 94 %
2025/12/04 21:02:06.507, 95.72 W, 95 %
2025/12/04 21:02:06.607, 95.72 W, 95 %
2025/12/04 21:02:06.707, 95.72 W, 95 %
2025/12/04 21:02:06.807, 95.72 W, 95 %
2025/12/04 21:02:06.908, 95.72 W, 95 %
2025/12/04 21:02:07.008, 95.72 W, 95 %
2025/12/04 21:02:07.108, 95.72 W, 95 %
2025/12/04 21:02:07.208, 95.72 W, 95 %
2025/12/04 21:02:07.308, 95.72 W, 94 %
2025/12/04 21:02:07.408, 95.72 W, 94 %
2025/12/04 21:02:07.509, 95.72 W, 94 %
2025/12/04 21:02:07.609, 95.72 W, 94 %
2025/12/04 21:02:07.709, 95.72 W, 95 %
2025/12/04 21:02:07.809, 95.72 W, 95 %
2025/12/04 21:02:07.909, 95.72 W, 95 %
2025/12/04 21:02:08.009, 95.72 W, 95 %
2025/12/04 21:02:08.110, 95.72 W, 95 %
2025/12/04 21:02:08.210, 95.72 W, 95 %
2025/12/04 21:02:08.310, 95.72 W, 95 %
2025/12/04 21:02:08.410, 95.72 W, 95 %
2025/12/04 21:02:08.510, 95.72 W, 94 %
2025/12/04 21:02:08.610, 95.72 W, 94 %
2025/12/04 21:02:08.711, 95.72 W, 95 %
2025/12/04 21:02:08.811, 95.72 W, 95 %
2025/12/04 21:02:08.911, 95.72 W, 94 %
2025/12/04 21:02:09.011, 95.72 W, 94 %
2025/12/04 21:02:09.111, 95.72 W, 95 %
2025/12/04 21:02:09.211, 95.72 W, 95 %
2025/12/04 21:02:09.311, 95.72 W, 95 %
2025/12/04 21:02:09.412, 95.72 W, 95 %
2025/12/04 21:02:09.512, 95.72 W, 95 %
2025/12/04 21:02:09.612, 95.72 W, 95 %
2025/12/04 21:02:09.712, 95.72 W, 95 %
2025/12/04 21:02:09.812, 95.72 W, 95 %
2025/12/04 21:02:09.912, 95.72 W, 95 %
2025/12/04 21:02:10.013, 95.72 W, 95 %
2025/12/04 21:02:10.113, 95.72 W, 95 %
2025/12/04 21:02:10.213, 95.72 W, 95 %
2025/12/04 21:02:10.313, 95.72 W, 95 %
2025/12/04 21:02:10.413, 95.72 W, 95 %
2025/12/04 21:02:10.513, 95.72 W, 94 %
2025/12/04 21:02:10.614, 95.72 W, 94 %
2025/12/04 21:02:10.714, 95.72 W, 95 %
2025/12/04 21:02:10.814, 95.72 W, 95 %
2025/12/04 21:02:10.914, 95.72 W, 95 %
2025/12/04 21:02:11.014, 95.72 W, 95 %
2025/12/04 21:02:11.114, 95.72 W, 95 %
2025/12/04 21:02:11.215, 95.72 W, 95 %
2025/12/04 21:02:11.315, 95.72 W, 95 %
2025/12/04 21:02:11.415, 95.72 W, 95 %
2025/12/04 21:02:11.515, 95.72 W, 95 %
2025/12/04 21:02:11.615, 95.72 W, 95 %
2025/12/04 21:02:11.715, 95.72 W, 94 %
2025/12/04 21:02:11.816, 95.72 W, 94 %
2025/12/04 21:02:11.916, 95.72 W, 94 %
2025/12/04 21:02:12.016, 95.72 W, 94 %
2025/12/04 21:02:12.116, 95.72 W, 95 %
2025/12/04 21:02:12.216, 95.72 W, 95 %
2025/12/04 21:02:12.316, 95.72 W, 95 %
2025/12/04 21:02:12.416, 95.72 W, 95 %
2025/12/04 21:02:12.517, 95.72 W, 95 %
2025/12/04 21:02:12.617, 95.72 W, 95 %
2025/12/04 21:02:12.717, 95.72 W, 95 %
2025/12/04 21:02:12.817, 95.72 W, 95 %
2025/12/04 21:02:12.917, 95.72 W, 95 %
2025/12/04 21:02:13.017, 95.72 W, 95 %
2025/12/04 21:02:13.118, 95.72 W, 95 %
2025/12/04 21:02:13.218, 95.72 W, 95 %
2025/12/04 21:02:13.318, 95.72 W, 95 %
2025/12/04 21:02:13.418, 95.72 W, 95 %
2025/12/04 21:02:13.518, 95.72 W, 95 %
2025/12/04 21:02:13.618, 95.72 W, 95 %
2025/12/04 21:02:13.719, 95.72 W, 95 %
2025/12/04 21:02:13.819, 95.72 W, 95 %
2025/12/04 21:02:13.919, 95.72 W, 95 %
2025/12/04 21:02:14.019, 95.72 W, 95 %
2025/12/04 21:02:14.119, 95.72 W, 95 %
2025/12/04 21:02:14.219, 95.72 W, 95 %
2025/12/04 21:02:14.320, 95.72 W, 95 %
2025/12/04 21:02:14.420, 95.72 W, 95 %
2025/12/04 21:02:14.520, 95.72 W, 94 %
2025/12/04 21:02:14.620, 94.53 W, 94 %
2025/12/04 21:02:14.720, 95.72 W, 93 %
2025/12/04 21:02:14.820, 95.72 W, 93 %
2025/12/04 21:02:14.921, 95.72 W, 94 %
2025/12/04 21:02:15.021, 95.72 W, 94 %
2025/12/04 21:02:15.121, 95.72 W, 95 %
2025/12/04 21:02:15.221, 95.72 W, 95 %
2025/12/04 21:02:15.321, 95.72 W, 94 %
2025/12/04 21:02:15.421, 95.72 W, 94 %
2025/12/04 21:02:15.522, 95.72 W, 95 %
2025/12/04 21:02:15.622, 95.72 W, 95 %
2025/12/04 21:02:15.722, 95.72 W, 95 %
2025/12/04 21:02:15.822, 95.72 W, 95 %
2025/12/04 21:02:15.922, 95.72 W, 94 %
2025/12/04 21:02:16.022, 95.72 W, 94 %
2025/12/04 21:02:16.123, 95.72 W, 95 %
2025/12/04 21:02:16.223, 95.72 W, 95 %
2025/12/04 21:02:16.323, 95.72 W, 94 %
2025/12/04 21:02:16.423, 95.72 W, 94 %
2025/12/04 21:02:16.523, 95.72 W, 95 %
2025/12/04 21:02:16.623, 95.72 W, 95 %
2025/12/04 21:02:16.724, 95.72 W, 95 %
2025/12/04 21:02:16.824, 95.72 W, 95 %
2025/12/04 21:02:16.924, 95.72 W, 95 %
2025/12/04 21:02:17.024, 95.72 W, 95 %
2025/12/04 21:02:17.124, 95.72 W, 94 %
2025/12/04 21:02:17.224, 95.72 W, 94 %
2025/12/04 21:02:17.324, 95.72 W, 95 %
2025/12/04 21:02:17.425, 95.72 W, 95 %
2025/12/04 21:02:17.525, 95.72 W, 95 %
2025/12/04 21:02:17.625, 95.72 W, 95 %
2025/12/04 21:02:17.725, 95.72 W, 95 %
2025/12/04 21:02:17.825, 95.72 W, 95 %
2025/12/04 21:02:17.925, 95.72 W, 95 %
2025/12/04 21:02:18.026, 95.72 W, 95 %
2025/12/04 21:02:18.126, 95.72 W, 95 %
2025/12/04 21:02:18.226, 95.72 W, 95 %
2025/12/04 21:02:18.326, 95.72 W, 95 %
2025/12/04 21:02:18.426, 95.72 W, 95 %
2025/12/04 21:02:18.526, 95.72 W, 95 %
2025/12/04 21:02:18.627, 95.72 W, 95 %
2025/12/04 21:02:18.727, 95.72 W, 95 %
2025/12/04 21:02:18.827, 95.72 W, 95 %
2025/12/04 21:02:18.927, 95.72 W, 95 %
2025/12/04 21:02:19.027, 95.72 W, 95 %
2025/12/04 21:02:19.127, 95.72 W, 93 %
2025/12/04 21:02:19.228, 95.72 W, 93 %
2025/12/04 21:02:19.328, 95.72 W, 94 %
2025/12/04 21:02:19.428, 95.72 W, 94 %
2025/12/04 21:02:19.528, 95.72 W, 95 %
2025/12/04 21:02:19.628, 95.72 W, 95 %
2025/12/04 21:02:19.728, 95.72 W, 95 %
2025/12/04 21:02:19.829, 95.72 W, 95 %
2025/12/04 21:02:19.929, 95.72 W, 95 %
2025/12/04 21:02:20.029, 95.72 W, 95 %
2025/12/04 21:02:20.129, 95.99 W, 95 %
2025/12/04 21:02:20.229, 95.72 W, 95 %
2025/12/04 21:02:20.329, 95.72 W, 94 %
2025/12/04 21:02:20.429, 95.72 W, 94 %
2025/12/04 21:02:20.530, 95.72 W, 95 %
2025/12/04 21:02:20.630, 95.72 W, 95 %
2025/12/04 21:02:20.730, 95.72 W, 94 %
2025/12/04 21:02:20.830, 95.72 W, 94 %
2025/12/04 21:02:20.930, 95.72 W, 94 %
2025/12/04 21:02:21.031, 95.72 W, 94 %
2025/12/04 21:02:21.131, 95.72 W, 95 %
2025/12/04 21:02:21.231, 95.72 W, 95 %
2025/12/04 21:02:21.331, 95.72 W, 94 %
2025/12/04 21:02:21.431, 95.72 W, 94 %
2025/12/04 21:02:21.531, 95.72 W, 95 %
2025/12/04 21:02:21.631, 95.72 W, 95 %
2025/12/04 21:02:21.732, 95.72 W, 95 %
2025/12/04 21:02:21.832, 95.72 W, 95 %
2025/12/04 21:02:21.932, 95.72 W, 95 %
2025/12/04 21:02:22.032, 95.72 W, 95 %
2025/12/04 21:02:22.132, 95.72 W, 95 %
2025/12/04 21:02:22.232, 95.72 W, 95 %
2025/12/04 21:02:22.333, 95.72 W, 95 %
2025/12/04 21:02:22.433, 95.72 W, 95 %
2025/12/04 21:02:22.533, 95.72 W, 95 %
2025/12/04 21:02:22.633, 95.72 W, 95 %
2025/12/04 21:02:22.733, 95.72 W, 95 %
2025/12/04 21:02:22.833, 95.72 W, 95 %
2025/12/04 21:02:22.933, 95.72 W, 94 %
2025/12/04 21:02:23.034, 95.72 W, 94 %
2025/12/04 21:02:23.134, 95.72 W, 95 %
2025/12/04 21:02:23.234, 95.72 W, 95 %
2025/12/04 21:02:23.334, 95.72 W, 95 %
2025/12/04 21:02:23.434, 95.72 W, 95 %
2025/12/04 21:02:23.534, 95.72 W, 94 %
2025/12/04 21:02:23.635, 95.72 W, 94 %
2025/12/04 21:02:23.735, 95.72 W, 95 %
2025/12/04 21:02:23.835, 95.72 W, 95 %
2025/12/04 21:02:23.935, 95.72 W, 95 %
2025/12/04 21:02:24.035, 95.72 W, 95 %
2025/12/04 21:02:24.135, 95.72 W, 95 %
2025/12/04 21:02:24.236, 95.72 W, 95 %
2025/12/04 21:02:24.336, 95.72 W, 95 %
2025/12/04 21:02:24.436, 95.72 W, 95 %
2025/12/04 21:02:24.536, 95.72 W, 94 %
2025/12/04 21:02:24.636, 95.72 W, 94 %
2025/12/04 21:02:24.736, 95.72 W, 95 %
2025/12/04 21:02:24.837, 95.72 W, 95 %
2025/12/04 21:02:24.937, 95.72 W, 95 %
2025/12/04 21:02:25.037, 95.72 W, 95 %
2025/12/04 21:02:25.137, 95.72 W, 95 %
2025/12/04 21:02:25.237, 95.72 W, 95 %
2025/12/04 21:02:25.337, 95.72 W, 95 %
2025/12/04 21:02:25.438, 95.72 W, 95 %
2025/12/04 21:02:25.538, 95.72 W, 95 %
2025/12/04 21:02:25.638, 95.72 W, 95 %
2025/12/04 21:02:25.738, 95.72 W, 95 %
2025/12/04 21:02:25.838, 95.72 W, 95 %
2025/12/04 21:02:25.938, 95.72 W, 95 %
2025/12/04 21:02:26.039, 95.72 W, 95 %
2025/12/04 21:02:26.139, 95.72 W, 95 %
2025/12/04 21:02:26.239, 95.72 W, 95 %
2025/12/04 21:02:26.339, 95.72 W, 94 %
2025/12/04 21:02:26.439, 95.72 W, 94 %
2025/12/04 21:02:26.539, 95.72 W, 95 %
2025/12/04 21:02:26.639, 95.72 W, 95 %
2025/12/04 21:02:26.740, 95.72 W, 94 %
2025/12/04 21:02:26.840, 95.72 W, 94 %
2025/12/04 21:02:26.940, 95.72 W, 95 %
2025/12/04 21:02:27.040, 95.72 W, 95 %
2025/12/04 21:02:27.140, 95.72 W, 95 %
2025/12/04 21:02:27.240, 95.72 W, 95 %
2025/12/04 21:02:27.341, 95.72 W, 95 %
2025/12/04 21:02:27.441, 95.72 W, 95 %
2025/12/04 21:02:27.541, 95.72 W, 95 %
2025/12/04 21:02:27.641, 95.72 W, 95 %
2025/12/04 21:02:27.741, 95.72 W, 94 %
2025/12/04 21:02:27.841, 95.72 W, 94 %
2025/12/04 21:02:27.942, 95.72 W, 95 %
2025/12/04 21:02:28.042, 95.72 W, 95 %
2025/12/04 21:02:28.142, 95.72 W, 95 %
2025/12/04 21:02:28.242, 95.72 W, 95 %
2025/12/04 21:02:28.342, 95.72 W, 95 %
2025/12/04 21:02:28.442, 95.72 W, 95 %
2025/12/04 21:02:28.543, 95.72 W, 95 %
2025/12/04 21:02:28.643, 95.72 W, 95 %
2025/12/04 21:02:28.743, 95.72 W, 95 %
2025/12/04 21:02:28.843, 95.72 W, 95 %
2025/12/04 21:02:28.943, 95.72 W, 95 %
2025/12/04 21:02:29.043, 95.72 W, 95 %
2025/12/04 21:02:29.144, 95.72 W, 94 %
2025/12/04 21:02:29.244, 95.72 W, 94 %
2025/12/04 21:02:29.344, 95.72 W, 95 %
2025/12/04 21:02:29.444, 95.72 W, 95 %
2025/12/04 21:02:29.544, 95.72 W, 95 %
2025/12/04 21:02:29.644, 95.72 W, 95 %
2025/12/04 21:02:29.745, 95.72 W, 94 %
2025/12/04 21:02:29.845, 95.72 W, 94 %
2025/12/04 21:02:29.945, 95.72 W, 94 %
2025/12/04 21:02:30.045, 95.72 W, 94 %
2025/12/04 21:02:30.145, 95.72 W, 95 %
2025/12/04 21:02:30.245, 95.72 W, 95 %
2025/12/04 21:02:30.346, 95.72 W, 95 %
2025/12/04 21:02:30.446, 95.72 W, 95 %
2025/12/04 21:02:30.546, 95.72 W, 95 %
2025/12/04 21:02:30.646, 95.72 W, 95 %
2025/12/04 21:02:30.746, 95.72 W, 94 %
2025/12/04 21:02:30.846, 95.72 W, 94 %
2025/12/04 21:02:30.946, 95.72 W, 94 %
2025/12/04 21:02:31.047, 95.72 W, 94 %
2025/12/04 21:02:31.147, 95.72 W, 94 %
2025/12/04 21:02:31.247, 95.72 W, 94 %
2025/12/04 21:02:31.347, 95.72 W, 95 %
2025/12/04 21:02:31.447, 95.72 W, 95 %
2025/12/04 21:02:31.547, 95.72 W, 95 %
2025/12/04 21:02:31.648, 95.72 W, 95 %
2025/12/04 21:02:31.748, 95.72 W, 95 %
2025/12/04 21:02:31.848, 95.72 W, 95 %
2025/12/04 21:02:31.948, 95.72 W, 95 %
2025/12/04 21:02:32.048, 95.72 W, 95 %
2025/12/04 21:02:32.148, 95.72 W, 95 %
2025/12/04 21:02:32.249, 95.72 W, 95 %
2025/12/04 21:02:32.349, 95.72 W, 95 %
2025/12/04 21:02:32.449, 95.72 W, 95 %
2025/12/04 21:02:32.549, 95.72 W, 95 %
2025/12/04 21:02:32.649, 95.72 W, 95 %
2025/12/04 21:02:32.749, 95.72 W, 95 %
2025/12/04 21:02:32.850, 95.72 W, 95 %
2025/12/04 21:02:32.950, 95.72 W, 94 %
2025/12/04 21:02:33.050, 95.72 W, 94 %
2025/12/04 21:02:33.150, 95.72 W, 95 %
2025/12/04 21:02:33.250, 95.72 W, 95 %
2025/12/04 21:02:33.350, 95.72 W, 95 %
2025/12/04 21:02:33.451, 95.72 W, 95 %
2025/12/04 21:02:33.551, 95.72 W, 95 %
2025/12/04 21:02:33.651, 95.99 W, 95 %
2025/12/04 21:02:33.751, 95.72 W, 95 %
2025/12/04 21:02:33.851, 95.72 W, 95 %
2025/12/04 21:02:33.951, 95.72 W, 95 %
2025/12/04 21:02:34.052, 95.72 W, 95 %
2025/12/04 21:02:34.152, 95.72 W, 95 %
2025/12/04 21:02:34.252, 95.72 W, 95 %
2025/12/04 21:02:34.352, 95.72 W, 94 %
2025/12/04 21:02:34.452, 95.72 W, 94 %
2025/12/04 21:02:34.552, 95.72 W, 95 %
2025/12/04 21:02:34.653, 95.72 W, 95 %
2025/12/04 21:02:34.753, 95.72 W, 95 %
2025/12/04 21:02:34.853, 95.72 W, 95 %
2025/12/04 21:02:34.953, 95.72 W, 94 %
2025/12/04 21:02:35.053, 95.72 W, 94 %
2025/12/04 21:02:35.153, 95.72 W, 95 %
2025/12/04 21:02:35.254, 95.72 W, 95 %
2025/12/04 21:02:35.354, 95.72 W, 95 %
2025/12/04 21:02:35.454, 95.72 W, 95 %
2025/12/04 21:02:35.554, 95.72 W, 95 %
2025/12/04 21:02:35.654, 95.72 W, 95 %
2025/12/04 21:02:35.754, 95.72 W, 95 %
2025/12/04 21:02:35.854, 95.72 W, 95 %
2025/12/04 21:02:35.955, 95.72 W, 95 %
2025/12/04 21:02:36.055, 95.72 W, 95 %
2025/12/04 21:02:36.155, 95.99 W, 95 %
2025/12/04 21:02:36.255, 95.72 W, 95 %
2025/12/04 21:02:36.355, 95.72 W, 95 %
2025/12/04 21:02:36.455, 95.72 W, 95 %
2025/12/04 21:02:36.556, 95.72 W, 95 %
2025/12/04 21:02:36.656, 95.72 W, 95 %
2025/12/04 21:02:36.756, 95.72 W, 95 %
2025/12/04 21:02:36.856, 95.72 W, 95 %
2025/12/04 21:02:36.956, 95.72 W, 95 %
2025/12/04 21:02:37.056, 95.72 W, 95 %
2025/12/04 21:02:37.157, 95.72 W, 94 %
2025/12/04 21:02:37.257, 95.72 W, 94 %
2025/12/04 21:02:37.357, 95.72 W, 94 %
2025/12/04 21:02:37.457, 95.72 W, 94 %
2025/12/04 21:02:37.557, 95.72 W, 95 %
2025/12/04 21:02:37.657, 95.72 W, 95 %
2025/12/04 21:02:37.758, 95.72 W, 95 %
2025/12/04 21:02:37.858, 95.72 W, 95 %
2025/12/04 21:02:37.958, 95.72 W, 94 %
2025/12/04 21:02:38.058, 95.72 W, 94 %
2025/12/04 21:02:38.158, 95.72 W, 95 %
2025/12/04 21:02:38.258, 95.72 W, 95 %
2025/12/04 21:02:38.359, 95.72 W, 94 %
2025/12/04 21:02:38.459, 95.72 W, 94 %
2025/12/04 21:02:38.559, 95.72 W, 95 %
2025/12/04 21:02:38.659, 95.72 W, 95 %
2025/12/04 21:02:38.759, 95.72 W, 95 %
2025/12/04 21:02:38.859, 95.72 W, 95 %
2025/12/04 21:02:38.960, 95.72 W, 95 %
2025/12/04 21:02:39.060, 95.72 W, 95 %
2025/12/04 21:02:39.160, 95.72 W, 95 %
2025/12/04 21:02:39.260, 95.72 W, 95 %
2025/12/04 21:02:39.360, 95.72 W, 94 %
2025/12/04 21:02:39.460, 95.72 W, 94 %
2025/12/04 21:02:39.561, 95.72 W, 95 %
2025/12/04 21:02:39.661, 95.72 W, 95 %
2025/12/04 21:02:39.761, 95.72 W, 95 %
2025/12/04 21:02:39.861, 95.72 W, 95 %
2025/12/04 21:02:39.961, 95.72 W, 95 %
2025/12/04 21:02:40.061, 95.72 W, 95 %
2025/12/04 21:02:40.161, 95.72 W, 95 %
2025/12/04 21:02:40.262, 95.72 W, 95 %
2025/12/04 21:02:40.362, 95.72 W, 94 %
2025/12/04 21:02:40.462, 95.72 W, 94 %
2025/12/04 21:02:40.562, 95.72 W, 95 %
2025/12/04 21:02:40.662, 95.72 W, 95 %
2025/12/04 21:02:40.762, 95.72 W, 95 %
2025/12/04 21:02:40.863, 95.72 W, 95 %
2025/12/04 21:02:40.963, 95.72 W, 95 %
2025/12/04 21:02:41.063, 95.72 W, 95 %
2025/12/04 21:02:41.163, 95.72 W, 95 %
2025/12/04 21:02:41.263, 95.72 W, 95 %
2025/12/04 21:02:41.363, 95.72 W, 95 %
2025/12/04 21:02:41.464, 95.72 W, 95 %
2025/12/04 21:02:41.564, 95.72 W, 95 %
2025/12/04 21:02:41.664, 95.99 W, 95 %
2025/12/04 21:02:41.764, 95.99 W, 95 %
2025/12/04 21:02:41.864, 95.99 W, 95 %
2025/12/04 21:02:41.964, 95.72 W, 95 %
2025/12/04 21:02:42.065, 95.99 W, 95 %
2025/12/04 21:02:42.165, 95.72 W, 94 %
2025/12/04 21:02:42.265, 95.72 W, 94 %
2025/12/04 21:02:42.365, 95.72 W, 94 %
2025/12/04 21:02:42.465, 95.99 W, 94 %
2025/12/04 21:02:42.565, 95.72 W, 95 %
2025/12/04 21:02:42.666, 95.72 W, 95 %
2025/12/04 21:02:42.766, 95.72 W, 94 %
2025/12/04 21:02:42.866, 95.72 W, 94 %
2025/12/04 21:02:42.966, 95.99 W, 95 %
2025/12/04 21:02:43.066, 95.99 W, 95 %
2025/12/04 21:02:43.166, 95.72 W, 95 %
2025/12/04 21:02:43.267, 95.72 W, 95 %
2025/12/04 21:02:43.367, 95.72 W, 95 %
2025/12/04 21:02:43.467, 95.72 W, 95 %
2025/12/04 21:02:43.567, 95.72 W, 95 %
2025/12/04 21:02:43.667, 95.72 W, 95 %
2025/12/04 21:02:43.767, 95.72 W, 94 %
2025/12/04 21:02:43.867, 95.72 W, 94 %
2025/12/04 21:02:43.968, 95.72 W, 95 %
2025/12/04 21:02:44.068, 95.72 W, 95 %
2025/12/04 21:02:44.168, 95.72 W, 95 %
2025/12/04 21:02:44.268, 95.72 W, 95 %
2025/12/04 21:02:44.368, 95.72 W, 95 %
2025/12/04 21:02:44.468, 95.99 W, 95 %
2025/12/04 21:02:44.569, 95.72 W, 95 %
2025/12/04 21:02:44.669, 95.72 W, 95 %
2025/12/04 21:02:44.769, 95.72 W, 94 %
2025/12/04 21:02:44.869, 95.72 W, 94 %
2025/12/04 21:02:44.969, 95.72 W, 95 %
2025/12/04 21:02:45.069, 95.72 W, 95 %
2025/12/04 21:02:45.170, 95.72 W, 95 %
2025/12/04 21:02:45.270, 95.72 W, 95 %
2025/12/04 21:02:45.370, 95.72 W, 94 %
2025/12/04 21:02:45.470, 95.72 W, 94 %
2025/12/04 21:02:45.570, 95.99 W, 95 %
2025/12/04 21:02:45.670, 95.72 W, 95 %
2025/12/04 21:02:45.771, 95.99 W, 95 %
2025/12/04 21:02:45.871, 95.72 W, 95 %
2025/12/04 21:02:45.971, 95.72 W, 95 %
2025/12/04 21:02:46.071, 95.72 W, 95 %
2025/12/04 21:02:46.171, 95.72 W, 95 %
2025/12/04 21:02:46.271, 95.72 W, 95 %
2025/12/04 21:02:46.371, 95.72 W, 95 %
2025/12/04 21:02:46.472, 95.72 W, 95 %
2025/12/04 21:02:46.572, 95.72 W, 95 %
2025/12/04 21:02:46.672, 95.72 W, 95 %
2025/12/04 21:02:46.772, 95.72 W, 95 %
2025/12/04 21:02:46.872, 95.99 W, 95 %
2025/12/04 21:02:46.972, 95.72 W, 95 %
2025/12/04 21:02:47.073, 95.72 W, 95 %
2025/12/04 21:02:47.173, 95.72 W, 95 %
2025/12/04 21:02:47.273, 95.72 W, 95 %
2025/12/04 21:02:47.373, 95.72 W, 95 %
2025/12/04 21:02:47.473, 95.72 W, 95 %
2025/12/04 21:02:47.573, 95.72 W, 95 %
2025/12/04 21:02:47.674, 95.72 W, 95 %
2025/12/04 21:02:47.774, 95.72 W, 95 %
2025/12/04 21:02:47.874, 95.72 W, 95 %
2025/12/04 21:02:47.974, 95.72 W, 94 %
2025/12/04 21:02:48.074, 95.72 W, 94 %
2025/12/04 21:02:48.174, 95.72 W, 95 %
2025/12/04 21:02:48.275, 95.72 W, 95 %
2025/12/04 21:02:48.375, 95.72 W, 95 %
2025/12/04 21:02:48.475, 95.72 W, 95 %
2025/12/04 21:02:48.575, 95.72 W, 95 %
2025/12/04 21:02:48.675, 95.72 W, 95 %
2025/12/04 21:02:48.775, 95.72 W, 95 %
2025/12/04 21:02:48.876, 95.72 W, 95 %
2025/12/04 21:02:48.976, 95.72 W, 95 %
2025/12/04 21:02:49.076, 95.72 W, 95 %
2025/12/04 21:02:49.176, 95.72 W, 94 %
2025/12/04 21:02:49.276, 95.72 W, 94 %
2025/12/04 21:02:49.376, 95.99 W, 95 %
2025/12/04 21:02:49.477, 95.72 W, 95 %
2025/12/04 21:02:49.577, 95.72 W, 95 %
2025/12/04 21:02:49.677, 95.72 W, 95 %
2025/12/04 21:02:49.777, 95.72 W, 95 %
2025/12/04 21:02:49.877, 95.72 W, 95 %
2025/12/04 21:02:49.977, 95.72 W, 95 %
2025/12/04 21:02:50.078, 95.72 W, 95 %
2025/12/04 21:02:50.178, 95.72 W, 94 %
2025/12/04 21:02:50.278, 95.72 W, 94 %
2025/12/04 21:02:50.378, 95.72 W, 95 %
2025/12/04 21:02:50.478, 95.72 W, 95 %
2025/12/04 21:02:50.578, 95.72 W, 95 %
2025/12/04 21:02:50.678, 95.72 W, 95 %
2025/12/04 21:02:50.779, 95.72 W, 95 %
2025/12/04 21:02:50.879, 95.72 W, 95 %
2025/12/04 21:02:50.979, 95.72 W, 95 %
2025/12/04 21:02:51.079, 95.72 W, 95 %
2025/12/04 21:02:51.179, 95.72 W, 94 %
2025/12/04 21:02:51.279, 95.72 W, 94 %
2025/12/04 21:02:51.380, 95.72 W, 95 %
2025/12/04 21:02:51.480, 95.72 W, 95 %
2025/12/04 21:02:51.580, 95.72 W, 95 %
2025/12/04 21:02:51.680, 95.72 W, 95 %
2025/12/04 21:02:51.780, 95.72 W, 95 %
2025/12/04 21:02:51.880, 95.99 W, 95 %
2025/12/04 21:02:51.981, 95.72 W, 95 %
2025/12/04 21:02:52.081, 95.72 W, 95 %
2025/12/04 21:02:52.181, 95.72 W, 95 %
2025/12/04 21:02:52.281, 95.72 W, 95 %
2025/12/04 21:02:52.381, 95.72 W, 94 %
2025/12/04 21:02:52.481, 95.72 W, 94 %
2025/12/04 21:02:52.582, 95.72 W, 94 %
2025/12/04 21:02:52.682, 95.72 W, 94 %
2025/12/04 21:02:52.782, 95.72 W, 95 %
2025/12/04 21:02:52.882, 95.72 W, 95 %
2025/12/04 21:02:52.982, 95.72 W, 95 %
2025/12/04 21:02:53.082, 95.72 W, 95 %
2025/12/04 21:02:53.183, 95.99 W, 95 %
2025/12/04 21:02:53.283, 95.72 W, 95 %
2025/12/04 21:02:53.383, 95.72 W, 95 %
2025/12/04 21:02:53.483, 95.99 W, 95 %
2025/12/04 21:02:53.583, 95.99 W, 95 %
2025/12/04 21:02:53.683, 95.72 W, 95 %
2025/12/04 21:02:53.784, 95.72 W, 94 %
2025/12/04 21:02:53.884, 95.72 W, 94 %
2025/12/04 21:02:53.984, 95.99 W, 94 %
2025/12/04 21:02:54.084, 95.99 W, 94 %
2025/12/04 21:02:54.184, 95.72 W, 95 %
2025/12/04 21:02:54.284, 95.99 W, 95 %
2025/12/04 21:02:54.384, 95.99 W, 95 %
2025/12/04 21:02:54.485, 95.99 W, 95 %
2025/12/04 21:02:54.585, 95.99 W, 95 %
2025/12/04 21:02:54.685, 95.99 W, 95 %
2025/12/04 21:02:54.785, 95.72 W, 95 %
2025/12/04 21:02:54.885, 95.99 W, 95 %
2025/12/04 21:02:54.985, 95.72 W, 95 %
2025/12/04 21:02:55.086, 95.99 W, 95 %
2025/12/04 21:02:55.186, 95.72 W, 95 %
2025/12/04 21:02:55.286, 95.72 W, 95 %
2025/12/04 21:02:55.386, 95.72 W, 94 %
2025/12/04 21:02:55.486, 95.72 W, 94 %
2025/12/04 21:02:55.586, 95.99 W, 95 %
2025/12/04 21:02:55.687, 95.99 W, 95 %
2025/12/04 21:02:55.787, 95.99 W, 94 %
2025/12/04 21:02:55.887, 95.72 W, 94 %
2025/12/04 21:02:55.987, 95.99 W, 95 %
2025/12/04 21:02:56.087, 95.99 W, 95 %
2025/12/04 21:02:56.187, 95.99 W, 94 %
2025/12/04 21:02:56.288, 95.72 W, 94 %
2025/12/04 21:02:56.388, 95.72 W, 95 %
2025/12/04 21:02:56.488, 95.99 W, 95 %
2025/12/04 21:02:56.588, 95.99 W, 94 %
2025/12/04 21:02:56.688, 95.99 W, 94 %
2025/12/04 21:02:56.788, 95.99 W, 94 %
2025/12/04 21:02:56.889, 95.99 W, 94 %
2025/12/04 21:02:56.989, 95.99 W, 95 %
2025/12/04 21:02:57.089, 95.99 W, 95 %
2025/12/04 21:02:57.189, 95.99 W, 95 %
2025/12/04 21:02:57.289, 95.99 W, 95 %
2025/12/04 21:02:57.389, 95.99 W, 95 %
2025/12/04 21:02:57.490, 95.99 W, 95 %
2025/12/04 21:02:57.590, 95.99 W, 94 %
2025/12/04 21:02:57.690, 95.99 W, 94 %
2025/12/04 21:02:57.790, 95.72 W, 94 %
2025/12/04 21:02:57.890, 95.72 W, 94 %
2025/12/04 21:02:57.990, 95.72 W, 94 %
2025/12/04 21:02:58.090, 95.99 W, 94 %
2025/12/04 21:02:58.191, 95.99 W, 94 %
2025/12/04 21:02:58.291, 95.99 W, 94 %
2025/12/04 21:02:58.391, 95.72 W, 94 %
2025/12/04 21:02:58.491, 95.99 W, 94 %
2025/12/04 21:02:58.591, 95.99 W, 94 %
2025/12/04 21:02:58.691, 95.99 W, 94 %
2025/12/04 21:02:58.792, 95.99 W, 94 %
2025/12/04 21:02:58.892, 95.99 W, 94 %
2025/12/04 21:02:58.992, 95.72 W, 95 %
2025/12/04 21:02:59.092, 95.99 W, 95 %
2025/12/04 21:02:59.192, 95.99 W, 95 %
2025/12/04 21:02:59.292, 95.72 W, 95 %
2025/12/04 21:02:59.393, 95.72 W, 95 %
2025/12/04 21:02:59.493, 95.72 W, 95 %
2025/12/04 21:02:59.593, 95.72 W, 94 %
2025/12/04 21:02:59.693, 95.99 W, 94 %
2025/12/04 21:02:59.793, 95.99 W, 94 %
2025/12/04 21:02:59.893, 95.72 W, 94 %
2025/12/04 21:02:59.994, 95.99 W, 95 %
2025/12/04 21:03:00.094, 95.99 W, 95 %
2025/12/04 21:03:00.194, 95.99 W, 95 %
2025/12/04 21:03:00.294, 95.99 W, 95 %
2025/12/04 21:03:00.394, 95.72 W, 95 %
2025/12/04 21:03:00.494, 95.72 W, 95 %
2025/12/04 21:03:00.595, 95.99 W, 95 %
2025/12/04 21:03:00.695, 95.99 W, 95 %
2025/12/04 21:03:00.795, 95.72 W, 94 %
2025/12/04 21:03:00.895, 95.99 W, 94 %
2025/12/04 21:03:00.995, 95.72 W, 95 %
2025/12/04 21:03:01.095, 95.99 W, 95 %
2025/12/04 21:03:01.196, 95.99 W, 94 %
2025/12/04 21:03:01.296, 95.99 W, 94 %
2025/12/04 21:03:01.396, 95.99 W, 95 %
2025/12/04 21:03:01.496, 95.99 W, 95 %
2025/12/04 21:03:01.596, 95.99 W, 95 %
2025/12/04 21:03:01.696, 95.72 W, 95 %
2025/12/04 21:03:01.797, 95.72 W, 94 %
2025/12/04 21:03:01.897, 95.99 W, 94 %
2025/12/04 21:03:01.997, 95.99 W, 95 %
2025/12/04 21:03:02.097, 95.72 W, 95 %
2025/12/04 21:03:02.197, 95.99 W, 95 %
2025/12/04 21:03:02.297, 95.72 W, 95 %
2025/12/04 21:03:02.397, 95.72 W, 95 %
2025/12/04 21:03:02.498, 95.72 W, 95 %
2025/12/04 21:03:02.598, 95.72 W, 95 %
2025/12/04 21:03:02.698, 95.99 W, 95 %
2025/12/04 21:03:02.798, 95.72 W, 94 %
2025/12/04 21:03:02.898, 95.72 W, 94 %
2025/12/04 21:03:02.998, 95.99 W, 95 %
2025/12/04 21:03:03.099, 95.99 W, 95 %
2025/12/04 21:03:03.199, 95.72 W, 94 %
2025/12/04 21:03:03.299, 95.99 W, 94 %
2025/12/04 21:03:03.399, 95.72 W, 95 %
2025/12/04 21:03:03.499, 95.99 W, 95 %
2025/12/04 21:03:03.599, 95.72 W, 95 %
2025/12/04 21:03:03.700, 95.99 W, 95 %
2025/12/04 21:03:03.800, 95.72 W, 95 %
2025/12/04 21:03:03.900, 95.99 W, 95 %
2025/12/04 21:03:04.000, 95.72 W, 94 %
2025/12/04 21:03:04.100, 95.72 W, 94 %
2025/12/04 21:03:04.200, 95.72 W, 95 %
2025/12/04 21:03:04.301, 95.72 W, 95 %
2025/12/04 21:03:04.401, 95.72 W, 94 %
2025/12/04 21:03:04.501, 95.72 W, 94 %
2025/12/04 21:03:04.601, 95.72 W, 95 %
2025/12/04 21:03:04.701, 95.72 W, 95 %
2025/12/04 21:03:04.801, 95.72 W, 95 %
2025/12/04 21:03:04.902, 95.72 W, 95 %
2025/12/04 21:03:05.002, 95.99 W, 95 %
2025/12/04 21:03:05.102, 95.72 W, 95 %
2025/12/04 21:03:05.202, 95.72 W, 95 %
2025/12/04 21:03:05.302, 95.72 W, 95 %
2025/12/04 21:03:05.402, 95.72 W, 95 %
2025/12/04 21:03:05.503, 95.99 W, 95 %
2025/12/04 21:03:05.603, 95.99 W, 95 %
2025/12/04 21:03:05.703, 95.72 W, 95 %
2025/12/04 21:03:05.803, 95.72 W, 95 %
2025/12/04 21:03:05.903, 95.72 W, 95 %
2025/12/04 21:03:06.003, 95.72 W, 94 %
2025/12/04 21:03:06.104, 95.72 W, 94 %
2025/12/04 21:03:06.204, 95.99 W, 95 %
2025/12/04 21:03:06.304, 95.99 W, 95 %
2025/12/04 21:03:06.404, 95.72 W, 95 %
2025/12/04 21:03:06.504, 95.72 W, 95 %
2025/12/04 21:03:06.604, 95.99 W, 95 %
2025/12/04 21:03:06.704, 95.72 W, 95 %
2025/12/04 21:03:06.805, 95.99 W, 94 %
2025/12/04 21:03:06.905, 95.99 W, 94 %
2025/12/04 21:03:07.005, 95.99 W, 94 %
2025/12/04 21:03:07.105, 95.99 W, 94 %
2025/12/04 21:03:07.205, 95.99 W, 95 %
2025/12/04 21:03:07.305, 95.72 W, 95 %
2025/12/04 21:03:07.406, 95.72 W, 95 %
2025/12/04 21:03:07.506, 95.72 W, 95 %
2025/12/04 21:03:07.606, 95.72 W, 94 %
2025/12/04 21:03:07.706, 95.72 W, 94 %
2025/12/04 21:03:07.806, 95.72 W, 95 %
2025/12/04 21:03:07.906, 95.72 W, 95 %
2025/12/04 21:03:08.007, 95.72 W, 94 %
2025/12/04 21:03:08.107, 95.72 W, 94 %
2025/12/04 21:03:08.207, 95.99 W, 94 %
2025/12/04 21:03:08.307, 95.72 W, 94 %
2025/12/04 21:03:08.407, 95.99 W, 94 %
2025/12/04 21:03:08.507, 95.72 W, 94 %
2025/12/04 21:03:08.608, 95.99 W, 95 %
2025/12/04 21:03:08.708, 95.72 W, 95 %
2025/12/04 21:03:08.808, 95.72 W, 95 %
2025/12/04 21:03:08.908, 95.72 W, 95 %
2025/12/04 21:03:09.008, 95.72 W, 95 %
2025/12/04 21:03:09.108, 95.99 W, 95 %
2025/12/04 21:03:09.209, 95.72 W, 95 %
2025/12/04 21:03:09.309, 95.72 W, 95 %
2025/12/04 21:03:09.409, 95.72 W, 95 %
2025/12/04 21:03:09.509, 95.99 W, 95 %
2025/12/04 21:03:09.609, 95.99 W, 95 %
2025/12/04 21:03:09.709, 95.99 W, 95 %
2025/12/04 21:03:09.809, 95.99 W, 94 %
2025/12/04 21:03:09.910, 95.99 W, 94 %
2025/12/04 21:03:10.010, 95.99 W, 95 %
2025/12/04 21:03:10.110, 95.99 W, 95 %
2025/12/04 21:03:10.210, 95.72 W, 94 %
2025/12/04 21:03:10.310, 95.99 W, 94 %
2025/12/04 21:03:10.410, 95.99 W, 95 %
2025/12/04 21:03:10.511, 95.99 W, 95 %
2025/12/04 21:03:10.611, 95.99 W, 95 %
2025/12/04 21:03:10.711, 95.99 W, 95 %
2025/12/04 21:03:10.811, 95.99 W, 95 %
2025/12/04 21:03:10.911, 95.99 W, 95 %
2025/12/04 21:03:11.011, 95.72 W, 95 %
2025/12/04 21:03:11.112, 95.99 W, 95 %
2025/12/04 21:03:11.212, 95.99 W, 95 %
2025/12/04 21:03:11.312, 95.99 W, 95 %
2025/12/04 21:03:11.412, 95.72 W, 94 %
2025/12/04 21:03:11.512, 95.99 W, 94 %
2025/12/04 21:03:11.612, 95.72 W, 94 %
2025/12/04 21:03:11.713, 95.99 W, 94 %
2025/12/04 21:03:11.813, 95.99 W, 95 %
2025/12/04 21:03:11.913, 95.99 W, 95 %
2025/12/04 21:03:12.013, 95.72 W, 95 %
2025/12/04 21:03:12.113, 95.72 W, 95 %
2025/12/04 21:03:12.213, 95.99 W, 95 %
2025/12/04 21:03:12.314, 95.72 W, 95 %
2025/12/04 21:03:12.414, 95.99 W, 94 %
2025/12/04 21:03:12.514, 95.99 W, 94 %
2025/12/04 21:03:12.614, 95.99 W, 95 %
2025/12/04 21:03:12.714, 95.72 W, 95 %
2025/12/04 21:03:12.814, 95.99 W, 95 %
2025/12/04 21:03:12.915, 95.99 W, 95 %
2025/12/04 21:03:13.015, 95.99 W, 95 %
2025/12/04 21:03:13.115, 95.99 W, 95 %
2025/12/04 21:03:13.215, 95.99 W, 95 %
2025/12/04 21:03:13.315, 95.72 W, 95 %
2025/12/04 21:03:13.415, 95.99 W, 94 %
2025/12/04 21:03:13.515, 95.99 W, 94 %
2025/12/04 21:03:13.616, 95.99 W, 95 %
2025/12/04 21:03:13.716, 95.99 W, 95 %
2025/12/04 21:03:13.816, 95.99 W, 95 %
2025/12/04 21:03:13.916, 95.99 W, 95 %
2025/12/04 21:03:14.016, 95.72 W, 94 %
2025/12/04 21:03:14.116, 95.72 W, 94 %
2025/12/04 21:03:14.217, 95.72 W, 95 %
2025/12/04 21:03:14.317, 95.99 W, 95 %
2025/12/04 21:03:14.417, 95.99 W, 94 %
2025/12/04 21:03:14.517, 95.99 W, 94 %
2025/12/04 21:03:14.617, 95.99 W, 94 %
2025/12/04 21:03:14.717, 95.99 W, 94 %
2025/12/04 21:03:14.818, 95.99 W, 95 %
2025/12/04 21:03:14.918, 95.72 W, 95 %
2025/12/04 21:03:15.018, 95.72 W, 95 %
2025/12/04 21:03:15.118, 95.72 W, 95 %
2025/12/04 21:03:15.218, 95.99 W, 95 %
2025/12/04 21:03:15.318, 95.72 W, 95 %
2025/12/04 21:03:15.419, 95.72 W, 95 %
2025/12/04 21:03:15.519, 95.99 W, 95 %
2025/12/04 21:03:15.619, 95.99 W, 94 %
2025/12/04 21:03:15.719, 95.72 W, 94 %
2025/12/04 21:03:15.819, 95.99 W, 95 %
2025/12/04 21:03:15.919, 95.99 W, 95 %
2025/12/04 21:03:16.019, 95.99 W, 95 %
2025/12/04 21:03:16.120, 95.99 W, 95 %
2025/12/04 21:03:16.220, 95.99 W, 95 %
2025/12/04 21:03:16.320, 95.99 W, 95 %
2025/12/04 21:03:16.420, 95.99 W, 95 %
2025/12/04 21:03:16.520, 95.99 W, 95 %
2025/12/04 21:03:16.620, 95.72 W, 94 %
2025/12/04 21:03:16.721, 95.99 W, 94 %
2025/12/04 21:03:16.821, 95.99 W, 95 %
2025/12/04 21:03:16.921, 95.99 W, 95 %
2025/12/04 21:03:17.021, 95.99 W, 94 %
2025/12/04 21:03:17.121, 95.99 W, 94 %
2025/12/04 21:03:17.221, 95.72 W, 95 %
2025/12/04 21:03:17.322, 95.99 W, 95 %
2025/12/04 21:03:17.422, 95.99 W, 95 %
2025/12/04 21:03:17.522, 95.99 W, 95 %
2025/12/04 21:03:17.622, 95.72 W, 94 %
2025/12/04 21:03:17.722, 95.99 W, 94 %
2025/12/04 21:03:17.822, 95.99 W, 94 %
2025/12/04 21:03:17.923, 95.99 W, 94 %
2025/12/04 21:03:18.023, 95.99 W, 95 %
2025/12/04 21:03:18.123, 95.99 W, 95 %
2025/12/04 21:03:18.223, 95.72 W, 95 %
2025/12/04 21:03:18.323, 94.26 W, 95 %
2025/12/04 21:03:18.423, 95.99 W, 93 %
2025/12/04 21:03:18.524, 95.99 W, 93 %
2025/12/04 21:03:18.624, 95.72 W, 95 %
2025/12/04 21:03:18.724, 95.99 W, 95 %
2025/12/04 21:03:18.824, 95.72 W, 95 %
2025/12/04 21:03:18.924, 95.99 W, 95 %
2025/12/04 21:03:19.024, 95.72 W, 95 %
2025/12/04 21:03:19.124, 95.99 W, 95 %
2025/12/04 21:03:19.225, 95.72 W, 95 %
2025/12/04 21:03:19.325, 95.72 W, 95 %
2025/12/04 21:03:19.425, 95.72 W, 95 %
2025/12/04 21:03:19.525, 95.72 W, 95 %
2025/12/04 21:03:19.625, 95.99 W, 95 %
2025/12/04 21:03:19.725, 95.72 W, 95 %
2025/12/04 21:03:19.826, 95.99 W, 94 %
2025/12/04 21:03:19.926, 95.99 W, 94 %
2025/12/04 21:03:20.026, 95.99 W, 95 %
2025/12/04 21:03:20.126, 95.99 W, 95 %
2025/12/04 21:03:20.226, 96.26 W, 94 %
2025/12/04 21:03:20.326, 95.99 W, 94 %
2025/12/04 21:03:20.427, 95.99 W, 95 %
2025/12/04 21:03:20.528, 95.72 W, 95 %
2025/12/04 21:03:20.628, 95.99 W, 95 %
2025/12/04 21:03:20.728, 95.72 W, 95 %
2025/12/04 21:03:20.828, 95.99 W, 94 %
2025/12/04 21:03:20.928, 95.72 W, 94 %
2025/12/04 21:03:21.028, 95.72 W, 95 %
2025/12/04 21:03:21.129, 95.72 W, 95 %
2025/12/04 21:03:21.229, 95.72 W, 94 %
2025/12/04 21:03:21.329, 95.72 W, 94 %
2025/12/04 21:03:21.429, 95.72 W, 94 %
2025/12/04 21:03:21.529, 95.72 W, 94 %
2025/12/04 21:03:21.629, 95.72 W, 95 %
2025/12/04 21:03:21.729, 95.72 W, 95 %
2025/12/04 21:03:21.830, 95.72 W, 95 %
2025/12/04 21:03:21.930, 95.72 W, 95 %
2025/12/04 21:03:22.030, 95.72 W, 95 %
2025/12/04 21:03:22.130, 95.72 W, 95 %
2025/12/04 21:03:22.230, 95.72 W, 95 %
2025/12/04 21:03:22.330, 95.72 W, 95 %
2025/12/04 21:03:22.431, 95.72 W, 95 %
2025/12/04 21:03:22.531, 95.99 W, 95 %
2025/12/04 21:03:22.631, 95.99 W, 95 %
2025/12/04 21:03:22.731, 95.99 W, 95 %
2025/12/04 21:03:22.831, 95.72 W, 94 %
2025/12/04 21:03:22.931, 95.72 W, 94 %
2025/12/04 21:03:23.032, 95.72 W, 95 %
2025/12/04 21:03:23.132, 95.72 W, 95 %
2025/12/04 21:03:23.232, 95.72 W, 95 %
2025/12/04 21:03:23.332, 95.72 W, 95 %
2025/12/04 21:03:23.432, 95.72 W, 95 %
2025/12/04 21:03:23.532, 95.99 W, 95 %
2025/12/04 21:03:23.632, 95.72 W, 95 %
2025/12/04 21:03:23.733, 95.72 W, 95 %
2025/12/04 21:03:23.833, 95.72 W, 95 %
2025/12/04 21:03:23.933, 95.72 W, 95 %
2025/12/04 21:03:24.033, 95.72 W, 95 %
2025/12/04 21:03:24.133, 95.72 W, 95 %
2025/12/04 21:03:24.233, 95.72 W, 95 %
2025/12/04 21:03:24.334, 95.72 W, 95 %
2025/12/04 21:03:24.434, 95.99 W, 95 %
2025/12/04 21:03:24.534, 95.72 W, 95 %
2025/12/04 21:03:24.634, 95.99 W, 95 %
2025/12/04 21:03:24.734, 95.72 W, 95 %
2025/12/04 21:03:24.834, 95.99 W, 95 %
2025/12/04 21:03:24.935, 95.99 W, 95 %
2025/12/04 21:03:25.035, 95.72 W, 95 %
2025/12/04 21:03:25.135, 95.72 W, 95 %
2025/12/04 21:03:25.235, 95.72 W, 95 %
2025/12/04 21:03:25.335, 95.72 W, 95 %
2025/12/04 21:03:25.435, 95.99 W, 95 %
2025/12/04 21:03:25.536, 95.72 W, 95 %
2025/12/04 21:03:25.636, 95.99 W, 94 %
2025/12/04 21:03:25.736, 95.72 W, 94 %
2025/12/04 21:03:25.836, 95.72 W, 94 %
2025/12/04 21:03:25.936, 95.72 W, 94 %
2025/12/04 21:03:26.036, 95.72 W, 95 %
2025/12/04 21:03:26.136, 95.72 W, 95 %
2025/12/04 21:03:26.237, 95.99 W, 95 %
2025/12/04 21:03:26.337, 95.72 W, 95 %
2025/12/04 21:03:26.437, 95.72 W, 95 %
2025/12/04 21:03:26.537, 95.72 W, 95 %
2025/12/04 21:03:26.637, 95.72 W, 95 %
2025/12/04 21:03:26.737, 95.99 W, 95 %
2025/12/04 21:03:26.838, 95.72 W, 95 %
2025/12/04 21:03:26.938, 95.99 W, 95 %
2025/12/04 21:03:27.038, 95.99 W, 94 %
2025/12/04 21:03:27.138, 95.72 W, 94 %
2025/12/04 21:03:27.238, 95.72 W, 95 %
2025/12/04 21:03:27.338, 95.72 W, 95 %
2025/12/04 21:03:27.438, 95.72 W, 95 %
2025/12/04 21:03:27.539, 95.72 W, 95 %
2025/12/04 21:03:27.639, 95.72 W, 94 %
2025/12/04 21:03:27.739, 95.72 W, 94 %
2025/12/04 21:03:27.839, 95.72 W, 95 %
2025/12/04 21:03:27.939, 95.72 W, 95 %
2025/12/04 21:03:28.039, 95.99 W, 95 %
2025/12/04 21:03:28.140, 95.99 W, 95 %
2025/12/04 21:03:28.240, 95.72 W, 95 %
2025/12/04 21:03:28.340, 95.99 W, 95 %
2025/12/04 21:03:28.440, 95.99 W, 94 %
2025/12/04 21:03:28.540, 95.99 W, 94 %
2025/12/04 21:03:28.640, 95.99 W, 95 %
2025/12/04 21:03:28.741, 95.99 W, 95 %
2025/12/04 21:03:28.841, 95.99 W, 94 %
2025/12/04 21:03:28.941, 95.99 W, 94 %
2025/12/04 21:03:29.041, 95.99 W, 94 %
2025/12/04 21:03:29.141, 95.99 W, 94 %
2025/12/04 21:03:29.241, 95.99 W, 94 %
2025/12/04 21:03:29.342, 95.99 W, 94 %
2025/12/04 21:03:29.442, 95.72 W, 94 %
2025/12/04 21:03:29.542, 95.72 W, 94 %
2025/12/04 21:03:29.642, 95.99 W, 94 %
2025/12/04 21:03:29.742, 95.99 W, 94 %
2025/12/04 21:03:29.842, 95.72 W, 94 %
2025/12/04 21:03:29.942, 95.72 W, 94 %
2025/12/04 21:03:30.043, 95.99 W, 95 %
2025/12/04 21:03:30.143, 95.99 W, 95 %
2025/12/04 21:03:30.243, 95.99 W, 95 %
2025/12/04 21:03:30.343, 95.99 W, 95 %
2025/12/04 21:03:30.443, 95.99 W, 94 %
2025/12/04 21:03:30.543, 95.99 W, 94 %
2025/12/04 21:03:30.644, 95.99 W, 95 %
2025/12/04 21:03:30.744, 95.99 W, 95 %
2025/12/04 21:03:30.844, 95.72 W, 94 %
2025/12/04 21:03:30.944, 95.99 W, 94 %
2025/12/04 21:03:31.044, 95.99 W, 94 %
2025/12/04 21:03:31.144, 95.99 W, 94 %
2025/12/04 21:03:31.245, 95.99 W, 95 %
2025/12/04 21:03:31.345, 95.99 W, 95 %
2025/12/04 21:03:31.445, 95.99 W, 94 %
2025/12/04 21:03:31.545, 95.99 W, 94 %
2025/12/04 21:03:31.645, 95.99 W, 95 %
2025/12/04 21:03:31.745, 95.99 W, 95 %
2025/12/04 21:03:31.846, 95.99 W, 95 %
2025/12/04 21:03:31.946, 95.99 W, 95 %
2025/12/04 21:03:32.046, 95.99 W, 94 %
2025/12/04 21:03:32.146, 95.99 W, 94 %
2025/12/04 21:03:32.246, 95.72 W, 95 %
2025/12/04 21:03:32.346, 95.99 W, 95 %
2025/12/04 21:03:32.447, 95.99 W, 95 %
2025/12/04 21:03:32.547, 95.99 W, 95 %
2025/12/04 21:03:32.647, 95.72 W, 95 %
2025/12/04 21:03:32.747, 95.99 W, 95 %
2025/12/04 21:03:32.847, 95.99 W, 94 %
2025/12/04 21:03:32.947, 95.99 W, 94 %
2025/12/04 21:03:33.048, 95.99 W, 94 %
2025/12/04 21:03:33.148, 95.99 W, 94 %
2025/12/04 21:03:33.248, 95.99 W, 94 %
2025/12/04 21:03:33.348, 95.72 W, 94 %
2025/12/04 21:03:33.448, 95.99 W, 95 %
2025/12/04 21:03:33.548, 95.99 W, 95 %
2025/12/04 21:03:33.649, 95.72 W, 95 %
2025/12/04 21:03:33.749, 95.99 W, 95 %
2025/12/04 21:03:33.849, 95.72 W, 95 %
2025/12/04 21:03:33.949, 95.72 W, 95 %
2025/12/04 21:03:34.049, 95.99 W, 95 %
2025/12/04 21:03:34.149, 95.99 W, 95 %
2025/12/04 21:03:34.250, 95.99 W, 94 %
2025/12/04 21:03:34.350, 95.99 W, 94 %
2025/12/04 21:03:34.450, 95.99 W, 94 %
2025/12/04 21:03:34.550, 95.99 W, 94 %
2025/12/04 21:03:34.650, 95.99 W, 94 %
2025/12/04 21:03:34.750, 95.99 W, 94 %
2025/12/04 21:03:34.851, 95.99 W, 95 %
2025/12/04 21:03:34.951, 95.99 W, 95 %
2025/12/04 21:03:35.051, 95.99 W, 95 %
2025/12/04 21:03:35.151, 95.99 W, 95 %
2025/12/04 21:03:35.251, 95.99 W, 94 %
2025/12/04 21:03:35.351, 95.99 W, 94 %
2025/12/04 21:03:35.451, 95.99 W, 95 %
2025/12/04 21:03:35.552, 95.99 W, 95 %
2025/12/04 21:03:35.652, 95.99 W, 95 %
2025/12/04 21:03:35.752, 95.99 W, 95 %
2025/12/04 21:03:35.852, 95.99 W, 95 %
2025/12/04 21:03:35.952, 95.99 W, 95 %
2025/12/04 21:03:36.052, 95.99 W, 95 %
2025/12/04 21:03:36.153, 95.99 W, 95 %
2025/12/04 21:03:36.253, 95.99 W, 95 %
2025/12/04 21:03:36.353, 95.99 W, 95 %
2025/12/04 21:03:36.453, 95.99 W, 94 %
2025/12/04 21:03:36.553, 95.72 W, 94 %
2025/12/04 21:03:36.653, 95.99 W, 95 %
2025/12/04 21:03:36.754, 95.99 W, 95 %
2025/12/04 21:03:36.854, 95.99 W, 95 %
2025/12/04 21:03:36.954, 95.99 W, 95 %
2025/12/04 21:03:37.054, 95.99 W, 94 %
2025/12/04 21:03:37.154, 95.99 W, 94 %
2025/12/04 21:03:37.254, 95.99 W, 94 %
2025/12/04 21:03:37.355, 95.99 W, 94 %
2025/12/04 21:03:37.455, 95.72 W, 94 %
2025/12/04 21:03:37.555, 95.99 W, 94 %
2025/12/04 21:03:37.655, 95.99 W, 95 %
2025/12/04 21:03:37.755, 95.72 W, 95 %
2025/12/04 21:03:37.855, 95.99 W, 94 %
2025/12/04 21:03:37.955, 95.72 W, 94 %
2025/12/04 21:03:38.056, 95.72 W, 95 %
2025/12/04 21:03:38.156, 95.72 W, 95 %
2025/12/04 21:03:38.256, 95.72 W, 95 %
2025/12/04 21:03:38.356, 95.72 W, 95 %
2025/12/04 21:03:38.456, 95.72 W, 95 %
2025/12/04 21:03:38.556, 95.72 W, 95 %
2025/12/04 21:03:38.657, 95.72 W, 94 %
2025/12/04 21:03:38.757, 95.72 W, 94 %
2025/12/04 21:03:38.857, 95.72 W, 95 %
2025/12/04 21:03:38.957, 95.99 W, 95 %
2025/12/04 21:03:39.057, 95.72 W, 95 %
2025/12/04 21:03:39.157, 95.72 W, 95 %
2025/12/04 21:03:39.258, 95.72 W, 94 %
2025/12/04 21:03:39.358, 95.72 W, 94 %
2025/12/04 21:03:39.458, 95.72 W, 95 %
2025/12/04 21:03:39.558, 95.72 W, 95 %
2025/12/04 21:03:39.658, 95.99 W, 94 %
2025/12/04 21:03:39.758, 95.72 W, 94 %
2025/12/04 21:03:39.859, 95.72 W, 95 %
2025/12/04 21:03:39.959, 95.72 W, 95 %
2025/12/04 21:03:40.059, 95.72 W, 95 %
2025/12/04 21:03:40.159, 95.72 W, 95 %
2025/12/04 21:03:40.259, 95.72 W, 94 %
2025/12/04 21:03:40.359, 95.72 W, 94 %
2025/12/04 21:03:40.459, 95.99 W, 95 %
2025/12/04 21:03:40.560, 95.72 W, 95 %
2025/12/04 21:03:40.660, 95.72 W, 94 %
2025/12/04 21:03:40.760, 95.72 W, 94 %
2025/12/04 21:03:40.860, 95.72 W, 95 %
2025/12/04 21:03:40.960, 95.72 W, 95 %
2025/12/04 21:03:41.060, 95.99 W, 95 %
2025/12/04 21:03:41.161, 95.99 W, 95 %
2025/12/04 21:03:41.261, 95.72 W, 95 %
2025/12/04 21:03:41.361, 95.99 W, 95 %
2025/12/04 21:03:41.461, 95.99 W, 95 %
2025/12/04 21:03:41.561, 95.72 W, 95 %
2025/12/04 21:03:41.661, 95.72 W, 94 %
2025/12/04 21:03:41.762, 95.72 W, 94 %
2025/12/04 21:03:41.862, 95.72 W, 95 %
2025/12/04 21:03:41.962, 95.72 W, 95 %
2025/12/04 21:03:42.062, 95.72 W, 95 %
2025/12/04 21:03:42.162, 95.72 W, 95 %
2025/12/04 21:03:42.262, 95.72 W, 95 %
2025/12/04 21:03:42.363, 95.72 W, 95 %
2025/12/04 21:03:42.463, 95.72 W, 95 %
2025/12/04 21:03:42.563, 95.72 W, 95 %
2025/12/04 21:03:42.663, 95.99 W, 95 %
2025/12/04 21:03:42.763, 95.72 W, 95 %
2025/12/04 21:03:42.863, 95.72 W, 94 %
2025/12/04 21:03:42.964, 95.72 W, 94 %
2025/12/04 21:03:43.064, 95.99 W, 95 %
2025/12/04 21:03:43.164, 95.72 W, 95 %
2025/12/04 21:03:43.264, 95.72 W, 95 %
2025/12/04 21:03:43.364, 95.72 W, 95 %
2025/12/04 21:03:43.464, 95.72 W, 95 %
2025/12/04 21:03:43.564, 95.72 W, 95 %
2025/12/04 21:03:43.665, 95.72 W, 95 %
2025/12/04 21:03:43.765, 95.72 W, 95 %
2025/12/04 21:03:43.865, 95.72 W, 94 %
2025/12/04 21:03:43.965, 95.99 W, 94 %
2025/12/04 21:03:44.065, 95.99 W, 95 %
2025/12/04 21:03:44.165, 95.72 W, 95 %
2025/12/04 21:03:44.266, 95.99 W, 95 %
2025/12/04 21:03:44.366, 95.72 W, 95 %
2025/12/04 21:03:44.466, 95.99 W, 94 %
2025/12/04 21:03:44.566, 95.72 W, 94 %
2025/12/04 21:03:44.666, 95.72 W, 95 %
2025/12/04 21:03:44.766, 95.72 W, 95 %
2025/12/04 21:03:44.867, 95.72 W, 94 %
2025/12/04 21:03:44.967, 95.72 W, 94 %
2025/12/04 21:03:45.067, 95.72 W, 95 %
2025/12/04 21:03:45.167, 95.99 W, 95 %
2025/12/04 21:03:45.267, 95.72 W, 95 %
2025/12/04 21:03:45.367, 95.72 W, 95 %
2025/12/04 21:03:45.468, 95.72 W, 95 %
2025/12/04 21:03:45.568, 95.72 W, 95 %
2025/12/04 21:03:45.668, 95.72 W, 95 %
2025/12/04 21:03:45.768, 95.72 W, 95 %
2025/12/04 21:03:45.868, 95.72 W, 95 %
2025/12/04 21:03:45.968, 95.72 W, 95 %
2025/12/04 21:03:46.068, 95.72 W, 94 %
2025/12/04 21:03:46.169, 95.72 W, 94 %
2025/12/04 21:03:46.269, 95.99 W, 95 %
2025/12/04 21:03:46.369, 95.99 W, 95 %
2025/12/04 21:03:46.469, 95.72 W, 95 %
2025/12/04 21:03:46.569, 95.99 W, 95 %
2025/12/04 21:03:46.669, 95.99 W, 95 %
2025/12/04 21:03:46.770, 95.72 W, 95 %
2025/12/04 21:03:46.870, 95.72 W, 95 %
2025/12/04 21:03:46.970, 95.72 W, 95 %
2025/12/04 21:03:47.070, 95.72 W, 94 %
2025/12/04 21:03:47.170, 95.72 W, 94 %
2025/12/04 21:03:47.270, 95.72 W, 95 %
2025/12/04 21:03:47.371, 95.72 W, 95 %
2025/12/04 21:03:47.471, 95.72 W, 94 %
2025/12/04 21:03:47.571, 95.72 W, 94 %
2025/12/04 21:03:47.671, 95.99 W, 95 %
2025/12/04 21:03:47.771, 95.72 W, 95 %
2025/12/04 21:03:47.871, 95.99 W, 95 %
2025/12/04 21:03:47.972, 95.72 W, 95 %
2025/12/04 21:03:48.072, 95.72 W, 94 %
2025/12/04 21:03:48.172, 95.72 W, 94 %
2025/12/04 21:03:48.272, 95.72 W, 94 %
2025/12/04 21:03:48.372, 95.72 W, 94 %
2025/12/04 21:03:48.472, 95.99 W, 95 %
2025/12/04 21:03:48.573, 95.72 W, 95 %
2025/12/04 21:03:48.673, 95.72 W, 95 %
2025/12/04 21:03:48.773, 95.99 W, 95 %
2025/12/04 21:03:48.873, 95.72 W, 94 %
2025/12/04 21:03:48.973, 95.99 W, 94 %
2025/12/04 21:03:49.073, 95.72 W, 95 %
2025/12/04 21:03:49.173, 95.99 W, 95 %
2025/12/04 21:03:49.274, 95.72 W, 94 %
2025/12/04 21:03:49.374, 95.72 W, 94 %
2025/12/04 21:03:49.474, 95.99 W, 95 %
2025/12/04 21:03:49.574, 95.99 W, 95 %
2025/12/04 21:03:49.674, 95.72 W, 95 %
2025/12/04 21:03:49.774, 95.72 W, 95 %
2025/12/04 21:03:49.875, 95.99 W, 95 %
2025/12/04 21:03:49.975, 95.72 W, 95 %
2025/12/04 21:03:50.075, 95.72 W, 95 %
2025/12/04 21:03:50.175, 95.99 W, 95 %
2025/12/04 21:03:50.275, 95.72 W, 94 %
2025/12/04 21:03:50.375, 95.72 W, 94 %
2025/12/04 21:03:50.476, 95.72 W, 95 %
2025/12/04 21:03:50.576, 95.72 W, 95 %
2025/12/04 21:03:50.676, 95.72 W, 95 %
2025/12/04 21:03:50.776, 95.72 W, 95 %
2025/12/04 21:03:50.876, 95.72 W, 95 %
2025/12/04 21:03:50.976, 95.72 W, 95 %
2025/12/04 21:03:51.077, 95.72 W, 95 %
2025/12/04 21:03:51.177, 95.72 W, 95 %
2025/12/04 21:03:51.277, 95.99 W, 94 %
2025/12/04 21:03:51.377, 95.72 W, 94 %
2025/12/04 21:03:51.477, 95.99 W, 94 %
2025/12/04 21:03:51.577, 95.72 W, 94 %
2025/12/04 21:03:51.677, 95.72 W, 94 %
2025/12/04 21:03:51.778, 95.72 W, 94 %
2025/12/04 21:03:51.878, 95.72 W, 95 %
2025/12/04 21:03:51.978, 95.99 W, 95 %
2025/12/04 21:03:52.078, 95.72 W, 95 %
2025/12/04 21:03:52.178, 95.72 W, 95 %
2025/12/04 21:03:52.278, 95.72 W, 95 %
2025/12/04 21:03:52.379, 95.72 W, 95 %
2025/12/04 21:03:52.479, 95.72 W, 94 %
2025/12/04 21:03:52.579, 95.72 W, 94 %
2025/12/04 21:03:52.679, 95.72 W, 95 %
2025/12/04 21:03:52.779, 95.72 W, 95 %
2025/12/04 21:03:52.879, 95.72 W, 95 %
2025/12/04 21:03:52.980, 95.72 W, 95 %
2025/12/04 21:03:53.080, 95.72 W, 95 %
2025/12/04 21:03:53.180, 95.72 W, 95 %
2025/12/04 21:03:53.280, 95.72 W, 95 %
2025/12/04 21:03:53.380, 95.72 W, 95 %
2025/12/04 21:03:53.480, 95.72 W, 94 %
2025/12/04 21:03:53.581, 95.72 W, 94 %
2025/12/04 21:03:53.681, 95.72 W, 95 %
2025/12/04 21:03:53.781, 95.72 W, 95 %
2025/12/04 21:03:53.881, 95.72 W, 95 %
2025/12/04 21:03:53.981, 95.72 W, 95 %
2025/12/04 21:03:54.081, 95.72 W, 95 %
2025/12/04 21:03:54.182, 95.99 W, 95 %
2025/12/04 21:03:54.282, 95.72 W, 95 %
2025/12/04 21:03:54.382, 95.99 W, 95 %
2025/12/04 21:03:54.482, 95.72 W, 95 %
2025/12/04 21:03:54.582, 95.72 W, 95 %
2025/12/04 21:03:54.682, 95.72 W, 94 %
2025/12/04 21:03:54.782, 95.72 W, 94 %
2025/12/04 21:03:54.883, 95.72 W, 95 %
2025/12/04 21:03:54.983, 95.72 W, 95 %
2025/12/04 21:03:55.083, 95.72 W, 95 %
2025/12/04 21:03:55.183, 95.72 W, 95 %
2025/12/04 21:03:55.283, 95.72 W, 95 %
2025/12/04 21:03:55.383, 95.72 W, 95 %
2025/12/04 21:03:55.484, 95.72 W, 95 %
2025/12/04 21:03:55.584, 95.72 W, 95 %
2025/12/04 21:03:55.684, 95.72 W, 94 %
2025/12/04 21:03:55.784, 95.72 W, 94 %
2025/12/04 21:03:55.884, 95.72 W, 95 %
2025/12/04 21:03:55.984, 95.72 W, 95 %
2025/12/04 21:03:56.085, 95.72 W, 95 %
2025/12/04 21:03:56.185, 95.72 W, 95 %
2025/12/04 21:03:56.285, 95.72 W, 95 %
2025/12/04 21:03:56.385, 95.72 W, 95 %
2025/12/04 21:03:56.485, 95.72 W, 95 %
2025/12/04 21:03:56.585, 95.99 W, 95 %
2025/12/04 21:03:56.686, 95.72 W, 95 %
2025/12/04 21:03:56.786, 95.72 W, 95 %
2025/12/04 21:03:56.886, 95.72 W, 94 %
2025/12/04 21:03:56.986, 95.72 W, 94 %
2025/12/04 21:03:57.086, 95.72 W, 94 %
2025/12/04 21:03:57.186, 95.72 W, 94 %
2025/12/04 21:03:57.286, 95.72 W, 94 %
2025/12/04 21:03:57.387, 95.72 W, 94 %
2025/12/04 21:03:57.487, 95.72 W, 94 %
2025/12/04 21:03:57.587, 95.72 W, 94 %
2025/12/04 21:03:57.687, 95.72 W, 95 %
2025/12/04 21:03:57.787, 95.72 W, 95 %
2025/12/04 21:03:57.887, 95.99 W, 94 %
2025/12/04 21:03:57.988, 95.72 W, 94 %
2025/12/04 21:03:58.088, 95.72 W, 94 %
2025/12/04 21:03:58.188, 95.72 W, 94 %
2025/12/04 21:03:58.288, 95.72 W, 95 %
2025/12/04 21:03:58.388, 95.99 W, 95 %
2025/12/04 21:03:58.488, 95.99 W, 95 %
2025/12/04 21:03:58.589, 95.99 W, 95 %
2025/12/04 21:03:58.689, 95.99 W, 94 %
2025/12/04 21:03:58.789, 95.72 W, 94 %
2025/12/04 21:03:58.889, 95.99 W, 94 %
2025/12/04 21:03:58.989, 95.99 W, 94 %
2025/12/04 21:03:59.089, 95.72 W, 95 %
2025/12/04 21:03:59.190, 95.72 W, 95 %
2025/12/04 21:03:59.290, 95.72 W, 95 %
2025/12/04 21:03:59.390, 95.72 W, 95 %
2025/12/04 21:03:59.490, 95.99 W, 95 %
2025/12/04 21:03:59.590, 95.72 W, 95 %
2025/12/04 21:03:59.690, 95.72 W, 95 %
2025/12/04 21:03:59.790, 95.72 W, 95 %
2025/12/04 21:03:59.891, 95.72 W, 95 %
2025/12/04 21:03:59.991, 95.72 W, 95 %
2025/12/04 21:04:00.091, 95.72 W, 94 %
2025/12/04 21:04:00.191, 95.72 W, 94 %
2025/12/04 21:04:00.291, 95.99 W, 94 %
2025/12/04 21:04:00.391, 95.72 W, 94 %
2025/12/04 21:04:00.492, 95.99 W, 94 %
2025/12/04 21:04:00.592, 95.99 W, 94 %
2025/12/04 21:04:00.692, 95.99 W, 95 %
2025/12/04 21:04:00.792, 95.99 W, 95 %
2025/12/04 21:04:00.892, 95.72 W, 94 %
2025/12/04 21:04:00.992, 95.72 W, 94 %
2025/12/04 21:04:01.093, 95.99 W, 94 %
2025/12/04 21:04:01.193, 95.99 W, 94 %
2025/12/04 21:04:01.293, 95.72 W, 94 %
2025/12/04 21:04:01.393, 95.99 W, 94 %
2025/12/04 21:04:01.493, 95.99 W, 94 %
2025/12/04 21:04:01.593, 95.72 W, 94 %
2025/12/04 21:04:01.694, 95.99 W, 94 %
2025/12/04 21:04:01.794, 95.99 W, 94 %
2025/12/04 21:04:01.894, 95.99 W, 94 %
2025/12/04 21:04:01.994, 95.72 W, 94 %
2025/12/04 21:04:02.094, 95.72 W, 94 %
2025/12/04 21:04:02.194, 95.99 W, 94 %
2025/12/04 21:04:02.294, 95.72 W, 94 %
2025/12/04 21:04:02.395, 95.72 W, 94 %
2025/12/04 21:04:02.495, 95.72 W, 95 %
2025/12/04 21:04:02.595, 95.72 W, 95 %
2025/12/04 21:04:02.695, 95.99 W, 94 %
2025/12/04 21:04:02.795, 95.72 W, 94 %
2025/12/04 21:04:02.895, 95.99 W, 95 %
2025/12/04 21:04:02.996, 95.72 W, 95 %
2025/12/04 21:04:03.096, 95.72 W, 94 %
2025/12/04 21:04:03.196, 95.72 W, 94 %
2025/12/04 21:04:03.296, 95.72 W, 94 %
2025/12/04 21:04:03.396, 95.72 W, 94 %
2025/12/04 21:04:03.496, 95.72 W, 95 %
2025/12/04 21:04:03.597, 95.72 W, 95 %
2025/12/04 21:04:03.697, 95.72 W, 95 %
2025/12/04 21:04:03.797, 95.72 W, 95 %
2025/12/04 21:04:03.897, 95.72 W, 95 %
2025/12/04 21:04:03.997, 95.72 W, 95 %
2025/12/04 21:04:04.097, 95.72 W, 95 %
2025/12/04 21:04:04.198, 95.72 W, 95 %
2025/12/04 21:04:04.298, 95.72 W, 95 %
2025/12/04 21:04:04.398, 95.72 W, 95 %
2025/12/04 21:04:04.498, 95.99 W, 94 %
2025/12/04 21:04:04.598, 95.99 W, 94 %
2025/12/04 21:04:04.698, 95.99 W, 94 %
2025/12/04 21:04:04.798, 95.72 W, 94 %
2025/12/04 21:04:04.899, 95.72 W, 95 %
2025/12/04 21:04:04.999, 95.72 W, 95 %
2025/12/04 21:04:05.099, 95.72 W, 95 %
2025/12/04 21:04:05.199, 95.72 W, 95 %
2025/12/04 21:04:05.299, 95.72 W, 95 %
2025/12/04 21:04:05.399, 95.72 W, 95 %
2025/12/04 21:04:05.500, 95.72 W, 94 %
2025/12/04 21:04:05.600, 95.72 W, 94 %
2025/12/04 21:04:05.700, 95.72 W, 95 %
2025/12/04 21:04:05.800, 95.72 W, 95 %
2025/12/04 21:04:05.900, 95.72 W, 94 %
2025/12/04 21:04:06.000, 95.99 W, 94 %
2025/12/04 21:04:06.101, 95.72 W, 94 %
2025/12/04 21:04:06.201, 95.72 W, 94 %
2025/12/04 21:04:06.301, 95.72 W, 94 %
2025/12/04 21:04:06.401, 95.72 W, 94 %
2025/12/04 21:04:06.501, 95.72 W, 94 %
2025/12/04 21:04:06.601, 95.72 W, 94 %
2025/12/04 21:04:06.702, 95.72 W, 94 %
2025/12/04 21:04:06.802, 95.72 W, 94 %
2025/12/04 21:04:06.902, 95.99 W, 95 %
2025/12/04 21:04:07.002, 95.72 W, 95 %
2025/12/04 21:04:07.102, 95.72 W, 94 %
2025/12/04 21:04:07.202, 95.99 W, 94 %
2025/12/04 21:04:07.302, 95.72 W, 95 %
2025/12/04 21:04:07.403, 95.72 W, 95 %
2025/12/04 21:04:07.503, 95.99 W, 94 %
2025/12/04 21:04:07.603, 95.72 W, 94 %
2025/12/04 21:04:07.703, 95.72 W, 94 %
2025/12/04 21:04:07.803, 95.72 W, 94 %
2025/12/04 21:04:07.903, 95.99 W, 94 %
2025/12/04 21:04:08.004, 95.99 W, 94 %
2025/12/04 21:04:08.104, 95.72 W, 95 %
2025/12/04 21:04:08.204, 95.72 W, 95 %
2025/12/04 21:04:08.304, 95.72 W, 94 %
2025/12/04 21:04:08.404, 95.72 W, 94 %
2025/12/04 21:04:08.504, 95.99 W, 94 %
2025/12/04 21:04:08.605, 95.72 W, 94 %
2025/12/04 21:04:08.705, 95.72 W, 94 %
2025/12/04 21:04:08.805, 95.72 W, 94 %
2025/12/04 21:04:08.905, 95.99 W, 94 %
2025/12/04 21:04:09.005, 95.72 W, 94 %
2025/12/04 21:04:09.105, 95.72 W, 94 %
2025/12/04 21:04:09.206, 95.72 W, 94 %
2025/12/04 21:04:09.306, 95.72 W, 94 %
2025/12/04 21:04:09.406, 95.72 W, 94 %
2025/12/04 21:04:09.506, 95.72 W, 95 %
2025/12/04 21:04:09.606, 95.99 W, 95 %
2025/12/04 21:04:09.706, 95.72 W, 94 %
2025/12/04 21:04:09.807, 95.72 W, 94 %
2025/12/04 21:04:09.907, 95.99 W, 95 %
2025/12/04 21:04:10.007, 95.72 W, 95 %
2025/12/04 21:04:10.107, 95.72 W, 94 %
2025/12/04 21:04:10.207, 95.72 W, 94 %
2025/12/04 21:04:10.307, 95.72 W, 94 %
2025/12/04 21:04:10.408, 95.72 W, 94 %
2025/12/04 21:04:10.508, 95.72 W, 95 %
2025/12/04 21:04:10.608, 95.72 W, 95 %
2025/12/04 21:04:10.708, 95.72 W, 95 %
2025/12/04 21:04:10.808, 95.99 W, 95 %
2025/12/04 21:04:10.908, 95.72 W, 94 %
2025/12/04 21:04:11.008, 95.72 W, 94 %
2025/12/04 21:04:11.109, 95.72 W, 95 %
2025/12/04 21:04:11.209, 95.72 W, 95 %
2025/12/04 21:04:11.309, 95.72 W, 95 %
2025/12/04 21:04:11.409, 95.72 W, 95 %
2025/12/04 21:04:11.509, 95.72 W, 95 %
2025/12/04 21:04:11.609, 95.72 W, 95 %
2025/12/04 21:04:11.710, 95.72 W, 95 %
2025/12/04 21:04:11.810, 95.72 W, 95 %
2025/12/04 21:04:11.910, 95.72 W, 94 %
2025/12/04 21:04:12.010, 95.72 W, 94 %
2025/12/04 21:04:12.110, 95.72 W, 95 %
2025/12/04 21:04:12.210, 95.72 W, 95 %
2025/12/04 21:04:12.311, 95.99 W, 95 %
2025/12/04 21:04:12.411, 95.99 W, 95 %
2025/12/04 21:04:12.511, 95.72 W, 95 %
2025/12/04 21:04:12.611, 95.72 W, 95 %
2025/12/04 21:04:12.711, 95.72 W, 95 %
2025/12/04 21:04:12.811, 95.72 W, 95 %
2025/12/04 21:04:12.912, 95.72 W, 95 %
2025/12/04 21:04:13.012, 95.99 W, 95 %
2025/12/04 21:04:13.112, 95.72 W, 95 %
2025/12/04 21:04:13.212, 95.72 W, 95 %
2025/12/04 21:04:13.312, 95.72 W, 94 %
2025/12/04 21:04:13.412, 95.72 W, 94 %
2025/12/04 21:04:13.513, 95.72 W, 95 %
2025/12/04 21:04:13.613, 95.72 W, 95 %
2025/12/04 21:04:13.713, 95.72 W, 95 %
2025/12/04 21:04:13.813, 95.72 W, 95 %
2025/12/04 21:04:13.913, 95.72 W, 95 %
2025/12/04 21:04:14.013, 95.72 W, 95 %
2025/12/04 21:04:14.113, 95.72 W, 94 %
2025/12/04 21:04:14.214, 95.72 W, 94 %
2025/12/04 21:04:14.314, 95.72 W, 95 %
2025/12/04 21:04:14.414, 95.72 W, 95 %
2025/12/04 21:04:14.514, 95.72 W, 95 %
2025/12/04 21:04:14.614, 95.72 W, 95 %
2025/12/04 21:04:14.714, 95.72 W, 95 %
2025/12/04 21:04:14.815, 95.72 W, 95 %
2025/12/04 21:04:14.915, 95.72 W, 95 %
2025/12/04 21:04:15.015, 95.72 W, 95 %
2025/12/04 21:04:15.115, 95.72 W, 94 %
2025/12/04 21:04:15.215, 95.72 W, 94 %
2025/12/04 21:04:15.315, 95.72 W, 95 %
2025/12/04 21:04:15.416, 95.72 W, 95 %
2025/12/04 21:04:15.516, 95.72 W, 95 %
2025/12/04 21:04:15.616, 95.72 W, 95 %
2025/12/04 21:04:15.716, 95.72 W, 95 %
2025/12/04 21:04:15.816, 95.72 W, 95 %
2025/12/04 21:04:15.916, 95.72 W, 95 %
2025/12/04 21:04:16.017, 95.72 W, 95 %
2025/12/04 21:04:16.117, 95.72 W, 94 %
2025/12/04 21:04:16.217, 95.72 W, 94 %
2025/12/04 21:04:16.317, 95.72 W, 95 %
2025/12/04 21:04:16.417, 95.72 W, 95 %
2025/12/04 21:04:16.517, 95.72 W, 95 %
2025/12/04 21:04:16.618, 95.72 W, 95 %
2025/12/04 21:04:16.718, 95.72 W, 95 %
2025/12/04 21:04:16.818, 95.72 W, 95 %
2025/12/04 21:04:16.918, 95.72 W, 95 %
2025/12/04 21:04:17.018, 95.72 W, 95 %
2025/12/04 21:04:17.118, 95.72 W, 95 %
2025/12/04 21:04:17.218, 95.72 W, 95 %
2025/12/04 21:04:17.319, 95.72 W, 94 %
2025/12/04 21:04:17.419, 95.99 W, 94 %
2025/12/04 21:04:17.519, 95.72 W, 94 %
2025/12/04 21:04:17.619, 95.72 W, 94 %
2025/12/04 21:04:17.719, 95.72 W, 95 %
2025/12/04 21:04:17.819, 95.72 W, 95 %
2025/12/04 21:04:17.920, 95.72 W, 95 %
2025/12/04 21:04:18.020, 95.72 W, 95 %
2025/12/04 21:04:18.120, 95.72 W, 95 %
2025/12/04 21:04:18.220, 95.72 W, 95 %
2025/12/04 21:04:18.320, 95.72 W, 94 %
2025/12/04 21:04:18.420, 95.72 W, 94 %
2025/12/04 21:04:18.521, 95.99 W, 95 %
2025/12/04 21:04:18.621, 95.72 W, 95 %
2025/12/04 21:04:18.721, 95.99 W, 95 %
2025/12/04 21:04:18.821, 95.72 W, 95 %
2025/12/04 21:04:18.921, 95.39 W, 93 %
2025/12/04 21:04:19.021, 95.72 W, 93 %
2025/12/04 21:04:19.122, 95.72 W, 95 %
2025/12/04 21:04:19.222, 95.72 W, 95 %
2025/12/04 21:04:19.322, 95.72 W, 95 %
2025/12/04 21:04:19.422, 95.72 W, 95 %
2025/12/04 21:04:19.522, 95.72 W, 95 %
2025/12/04 21:04:19.622, 95.72 W, 95 %
2025/12/04 21:04:19.722, 95.72 W, 95 %
2025/12/04 21:04:19.823, 95.72 W, 95 %
2025/12/04 21:04:19.923, 95.72 W, 95 %
2025/12/04 21:04:20.023, 95.72 W, 95 %
2025/12/04 21:04:20.123, 95.72 W, 95 %
2025/12/04 21:04:20.223, 95.99 W, 95 %
2025/12/04 21:04:20.323, 95.72 W, 94 %
2025/12/04 21:04:20.424, 95.72 W, 94 %
2025/12/04 21:04:20.524, 95.72 W, 94 %
2025/12/04 21:04:20.624, 95.72 W, 94 %
2025/12/04 21:04:20.724, 95.72 W, 95 %
2025/12/04 21:04:20.824, 95.72 W, 95 %
2025/12/04 21:04:20.924, 95.72 W, 94 %
2025/12/04 21:04:21.025, 95.72 W, 94 %
2025/12/04 21:04:21.125, 95.72 W, 95 %
2025/12/04 21:04:21.225, 95.72 W, 95 %
2025/12/04 21:04:21.325, 95.72 W, 94 %
2025/12/04 21:04:21.425, 95.72 W, 94 %
2025/12/04 21:04:21.525, 95.72 W, 95 %
2025/12/04 21:04:21.626, 95.72 W, 95 %
2025/12/04 21:04:21.726, 95.72 W, 95 %
2025/12/04 21:04:21.826, 95.72 W, 95 %
2025/12/04 21:04:21.926, 95.72 W, 94 %
2025/12/04 21:04:22.026, 95.72 W, 94 %
2025/12/04 21:04:22.126, 95.72 W, 95 %
2025/12/04 21:04:22.226, 95.72 W, 95 %
2025/12/04 21:04:22.327, 95.72 W, 95 %
2025/12/04 21:04:22.427, 95.72 W, 95 %
2025/12/04 21:04:22.527, 95.72 W, 95 %
2025/12/04 21:04:22.627, 95.72 W, 95 %
2025/12/04 21:04:22.727, 95.72 W, 95 %
2025/12/04 21:04:22.827, 95.72 W, 95 %
2025/12/04 21:04:22.928, 95.72 W, 95 %
2025/12/04 21:04:23.028, 95.72 W, 95 %
2025/12/04 21:04:23.128, 95.72 W, 95 %
2025/12/04 21:04:23.228, 95.72 W, 95 %
2025/12/04 21:04:23.328, 95.72 W, 95 %
2025/12/04 21:04:23.428, 95.72 W, 95 %
2025/12/04 21:04:23.529, 95.72 W, 94 %
2025/12/04 21:04:23.629, 95.72 W, 94 %
2025/12/04 21:04:23.729, 95.72 W, 95 %
2025/12/04 21:04:23.829, 95.72 W, 95 %
2025/12/04 21:04:23.929, 95.72 W, 95 %
2025/12/04 21:04:24.029, 95.72 W, 95 %
2025/12/04 21:04:24.130, 95.72 W, 95 %
2025/12/04 21:04:24.230, 95.72 W, 95 %
2025/12/04 21:04:24.330, 95.99 W, 95 %
2025/12/04 21:04:24.430, 95.99 W, 95 %
2025/12/04 21:04:24.530, 95.99 W, 95 %
2025/12/04 21:04:24.630, 95.72 W, 95 %
2025/12/04 21:04:24.731, 95.72 W, 95 %
2025/12/04 21:04:24.831, 95.72 W, 94 %
2025/12/04 21:04:24.931, 95.72 W, 94 %
2025/12/04 21:04:25.031, 95.99 W, 95 %
2025/12/04 21:04:25.131, 95.72 W, 95 %
2025/12/04 21:04:25.231, 95.99 W, 95 %
2025/12/04 21:04:25.332, 95.72 W, 95 %
2025/12/04 21:04:25.432, 95.72 W, 95 %
2025/12/04 21:04:25.532, 95.72 W, 95 %
2025/12/04 21:04:25.632, 95.72 W, 95 %
2025/12/04 21:04:25.732, 95.72 W, 95 %
2025/12/04 21:04:25.832, 95.72 W, 95 %
2025/12/04 21:04:25.933, 95.72 W, 94 %
2025/12/04 21:04:26.033, 95.72 W, 94 %
2025/12/04 21:04:26.133, 95.72 W, 95 %
2025/12/04 21:04:26.233, 95.72 W, 95 %
2025/12/04 21:04:26.333, 95.72 W, 95 %
2025/12/04 21:04:26.433, 95.72 W, 95 %
2025/12/04 21:04:26.534, 95.72 W, 95 %
2025/12/04 21:04:26.634, 95.72 W, 95 %
2025/12/04 21:04:26.734, 95.72 W, 95 %
2025/12/04 21:04:26.834, 95.72 W, 94 %
2025/12/04 21:04:26.934, 95.72 W, 94 %
2025/12/04 21:04:27.034, 95.72 W, 95 %
2025/12/04 21:04:27.135, 95.72 W, 95 %
2025/12/04 21:04:27.235, 95.72 W, 95 %
2025/12/04 21:04:27.335, 95.72 W, 95 %
2025/12/04 21:04:27.435, 95.72 W, 95 %
2025/12/04 21:04:27.535, 95.72 W, 95 %
2025/12/04 21:04:27.635, 95.72 W, 95 %
2025/12/04 21:04:27.735, 95.72 W, 95 %
2025/12/04 21:04:27.836, 95.72 W, 94 %
2025/12/04 21:04:27.936, 95.72 W, 94 %
2025/12/04 21:04:28.036, 95.72 W, 95 %
2025/12/04 21:04:28.136, 95.72 W, 95 %
2025/12/04 21:04:28.236, 95.72 W, 95 %
2025/12/04 21:04:28.336, 95.72 W, 95 %
2025/12/04 21:04:28.437, 95.72 W, 95 %
2025/12/04 21:04:28.537, 95.72 W, 95 %
2025/12/04 21:04:28.637, 95.72 W, 95 %
2025/12/04 21:04:28.737, 95.72 W, 95 %
2025/12/04 21:04:28.837, 95.72 W, 95 %
2025/12/04 21:04:28.937, 95.99 W, 95 %
2025/12/04 21:04:29.038, 95.72 W, 94 %
2025/12/04 21:04:29.138, 95.72 W, 94 %
2025/12/04 21:04:29.238, 95.72 W, 95 %
2025/12/04 21:04:29.338, 95.72 W, 95 %
2025/12/04 21:04:29.438, 95.72 W, 95 %
2025/12/04 21:04:29.538, 95.72 W, 95 %
2025/12/04 21:04:29.639, 95.72 W, 95 %
2025/12/04 21:04:29.739, 95.72 W, 95 %
2025/12/04 21:04:29.839, 95.72 W, 95 %
2025/12/04 21:04:29.939, 95.72 W, 95 %
2025/12/04 21:04:30.039, 95.72 W, 95 %
2025/12/04 21:04:30.139, 95.72 W, 95 %
2025/12/04 21:04:30.240, 95.72 W, 95 %
2025/12/04 21:04:30.340, 95.72 W, 95 %
2025/12/04 21:04:30.440, 95.72 W, 95 %
2025/12/04 21:04:30.540, 95.72 W, 95 %
2025/12/04 21:04:30.640, 95.72 W, 95 %
2025/12/04 21:04:30.740, 95.72 W, 95 %
2025/12/04 21:04:30.840, 95.72 W, 95 %
2025/12/04 21:04:30.941, 95.72 W, 95 %
2025/12/04 21:04:31.041, 95.72 W, 94 %
2025/12/04 21:04:31.141, 95.72 W, 94 %
2025/12/04 21:04:31.241, 95.72 W, 94 %
2025/12/04 21:04:31.341, 95.72 W, 94 %
2025/12/04 21:04:31.441, 95.72 W, 95 %
2025/12/04 21:04:31.542, 95.72 W, 95 %
2025/12/04 21:04:31.642, 95.72 W, 95 %
2025/12/04 21:04:31.742, 95.72 W, 95 %
2025/12/04 21:04:31.842, 95.72 W, 95 %
2025/12/04 21:04:31.942, 95.72 W, 95 %
2025/12/04 21:04:32.042, 95.72 W, 94 %
2025/12/04 21:04:32.143, 95.72 W, 94 %
2025/12/04 21:04:32.243, 95.72 W, 95 %
2025/12/04 21:04:32.343, 95.72 W, 95 %
2025/12/04 21:04:32.443, 95.72 W, 95 %
2025/12/04 21:04:32.543, 95.99 W, 95 %
2025/12/04 21:04:32.643, 95.72 W, 95 %
2025/12/04 21:04:32.743, 95.72 W, 95 %
2025/12/04 21:04:32.844, 95.72 W, 95 %
2025/12/04 21:04:32.944, 95.72 W, 95 %
2025/12/04 21:04:33.044, 95.72 W, 95 %
2025/12/04 21:04:33.144, 95.72 W, 95 %
2025/12/04 21:04:33.244, 95.72 W, 95 %
2025/12/04 21:04:33.344, 95.72 W, 95 %
2025/12/04 21:04:33.445, 95.72 W, 94 %
2025/12/04 21:04:33.545, 95.72 W, 94 %
2025/12/04 21:04:33.645, 95.72 W, 95 %
2025/12/04 21:04:33.745, 95.72 W, 95 %
2025/12/04 21:04:33.845, 95.72 W, 95 %
2025/12/04 21:04:33.945, 95.99 W, 95 %
2025/12/04 21:04:34.046, 95.72 W, 95 %
2025/12/04 21:04:34.146, 95.72 W, 95 %
2025/12/04 21:04:34.246, 95.72 W, 94 %
2025/12/04 21:04:34.346, 95.72 W, 94 %
2025/12/04 21:04:34.446, 95.72 W, 94 %
2025/12/04 21:04:34.546, 95.72 W, 94 %
2025/12/04 21:04:34.647, 95.72 W, 94 %
2025/12/04 21:04:34.747, 95.72 W, 94 %
2025/12/04 21:04:34.847, 95.72 W, 94 %
2025/12/04 21:04:34.947, 95.72 W, 94 %
2025/12/04 21:04:35.047, 95.72 W, 94 %
2025/12/04 21:04:35.147, 95.72 W, 94 %
2025/12/04 21:04:35.248, 95.72 W, 94 %
2025/12/04 21:04:35.348, 95.72 W, 94 %
2025/12/04 21:04:35.448, 95.72 W, 95 %
2025/12/04 21:04:35.548, 95.72 W, 95 %
2025/12/04 21:04:35.648, 95.72 W, 95 %
2025/12/04 21:04:35.748, 95.72 W, 95 %
2025/12/04 21:04:35.849, 95.72 W, 95 %
2025/12/04 21:04:35.949, 95.72 W, 95 %
2025/12/04 21:04:36.049, 95.72 W, 95 %
2025/12/04 21:04:36.149, 95.72 W, 95 %
2025/12/04 21:04:36.249, 95.72 W, 94 %
2025/12/04 21:04:36.349, 95.72 W, 94 %
2025/12/04 21:04:36.450, 95.72 W, 95 %
2025/12/04 21:04:36.550, 95.72 W, 95 %
2025/12/04 21:04:36.650, 95.72 W, 95 %
2025/12/04 21:04:36.750, 95.72 W, 95 %
2025/12/04 21:04:36.850, 95.72 W, 95 %
2025/12/04 21:04:36.950, 95.72 W, 95 %
2025/12/04 21:04:37.051, 95.72 W, 95 %
2025/12/04 21:04:37.151, 95.72 W, 95 %
2025/12/04 21:04:37.251, 95.72 W, 95 %
2025/12/04 21:04:37.351, 95.72 W, 95 %
2025/12/04 21:04:37.451, 95.72 W, 94 %
2025/12/04 21:04:37.551, 95.72 W, 94 %
2025/12/04 21:04:37.651, 95.72 W, 95 %
2025/12/04 21:04:37.752, 95.72 W, 95 %
2025/12/04 21:04:37.852, 95.72 W, 94 %
2025/12/04 21:04:37.952, 95.72 W, 94 %
2025/12/04 21:04:38.052, 95.72 W, 95 %
2025/12/04 21:04:38.152, 95.72 W, 95 %
2025/12/04 21:04:38.252, 95.72 W, 95 %
2025/12/04 21:04:38.353, 95.72 W, 95 %
2025/12/04 21:04:38.453, 95.72 W, 94 %
2025/12/04 21:04:38.553, 95.72 W, 94 %
2025/12/04 21:04:38.653, 95.72 W, 95 %
2025/12/04 21:04:38.753, 95.72 W, 95 %
2025/12/04 21:04:38.853, 95.72 W, 95 %
2025/12/04 21:04:38.954, 95.72 W, 95 %
2025/12/04 21:04:39.054, 95.72 W, 95 %
2025/12/04 21:04:39.154, 95.72 W, 95 %
2025/12/04 21:04:39.254, 95.72 W, 94 %
2025/12/04 21:04:39.354, 95.72 W, 94 %
2025/12/04 21:04:39.454, 95.72 W, 95 %
2025/12/04 21:04:39.554, 95.72 W, 95 %
2025/12/04 21:04:39.655, 95.72 W, 95 %
2025/12/04 21:04:39.755, 95.72 W, 95 %
2025/12/04 21:04:39.855, 95.72 W, 95 %
2025/12/04 21:04:39.955, 95.72 W, 95 %
2025/12/04 21:04:40.055, 95.72 W, 95 %
2025/12/04 21:04:40.155, 95.72 W, 95 %
2025/12/04 21:04:40.256, 95.72 W, 95 %
2025/12/04 21:04:40.356, 95.72 W, 95 %
2025/12/04 21:04:40.456, 95.72 W, 95 %
2025/12/04 21:04:40.556, 95.72 W, 95 %
2025/12/04 21:04:40.656, 95.72 W, 95 %
2025/12/04 21:04:40.756, 95.72 W, 95 %
2025/12/04 21:04:40.857, 95.99 W, 94 %
2025/12/04 21:04:40.957, 95.72 W, 94 %
2025/12/04 21:04:41.057, 95.99 W, 95 %
2025/12/04 21:04:41.157, 95.72 W, 95 %
2025/12/04 21:04:41.257, 95.72 W, 94 %
2025/12/04 21:04:41.357, 95.72 W, 94 %
2025/12/04 21:04:41.458, 95.72 W, 95 %
2025/12/04 21:04:41.558, 95.72 W, 95 %
2025/12/04 21:04:41.658, 95.72 W, 94 %
2025/12/04 21:04:41.758, 95.72 W, 94 %
2025/12/04 21:04:41.858, 95.72 W, 94 %
2025/12/04 21:04:41.958, 95.72 W, 94 %
2025/12/04 21:04:42.058, 95.72 W, 95 %
2025/12/04 21:04:42.159, 95.72 W, 95 %
2025/12/04 21:04:42.259, 95.72 W, 94 %
2025/12/04 21:04:42.359, 95.72 W, 94 %
2025/12/04 21:04:42.459, 95.72 W, 95 %
2025/12/04 21:04:42.559, 95.72 W, 95 %
2025/12/04 21:04:42.659, 95.72 W, 94 %
2025/12/04 21:04:42.760, 95.72 W, 94 %
2025/12/04 21:04:42.860, 95.72 W, 95 %
2025/12/04 21:04:42.960, 95.72 W, 95 %
2025/12/04 21:04:43.060, 95.72 W, 95 %
2025/12/04 21:04:43.160, 95.72 W, 95 %
2025/12/04 21:04:43.260, 95.72 W, 94 %
2025/12/04 21:04:43.361, 95.72 W, 94 %
2025/12/04 21:04:43.461, 95.72 W, 95 %
2025/12/04 21:04:43.561, 95.99 W, 95 %
2025/12/04 21:04:43.661, 95.72 W, 95 %
2025/12/04 21:04:43.761, 95.72 W, 95 %
2025/12/04 21:04:43.861, 95.72 W, 94 %
2025/12/04 21:04:43.962, 95.72 W, 94 %
2025/12/04 21:04:44.062, 95.72 W, 95 %
2025/12/04 21:04:44.162, 95.72 W, 95 %
2025/12/04 21:04:44.262, 95.72 W, 95 %
2025/12/04 21:04:44.362, 95.72 W, 95 %
2025/12/04 21:04:44.462, 95.72 W, 95 %
2025/12/04 21:04:44.563, 95.72 W, 95 %
2025/12/04 21:04:44.663, 95.72 W, 95 %
2025/12/04 21:04:44.763, 95.72 W, 95 %
2025/12/04 21:04:44.863, 95.72 W, 94 %
2025/12/04 21:04:44.963, 95.99 W, 94 %
2025/12/04 21:04:45.063, 95.72 W, 95 %
2025/12/04 21:04:45.164, 95.72 W, 95 %
2025/12/04 21:04:45.264, 95.72 W, 95 %
2025/12/04 21:04:45.364, 95.72 W, 95 %
2025/12/04 21:04:45.464, 95.72 W, 95 %
2025/12/04 21:04:45.564, 95.72 W, 95 %
2025/12/04 21:04:45.664, 95.72 W, 95 %
2025/12/04 21:04:45.765, 95.72 W, 95 %
2025/12/04 21:04:45.865, 95.72 W, 95 %
2025/12/04 21:04:45.965, 95.99 W, 95 %
2025/12/04 21:04:46.065, 95.72 W, 94 %
2025/12/04 21:04:46.165, 95.99 W, 94 %
2025/12/04 21:04:46.265, 95.72 W, 95 %
2025/12/04 21:04:46.366, 95.72 W, 95 %
2025/12/04 21:04:46.466, 95.72 W, 95 %
2025/12/04 21:04:46.566, 95.72 W, 95 %
2025/12/04 21:04:46.666, 95.72 W, 95 %
2025/12/04 21:04:46.766, 95.72 W, 95 %
2025/12/04 21:04:46.866, 95.72 W, 95 %
2025/12/04 21:04:46.967, 95.72 W, 95 %
2025/12/04 21:04:47.067, 95.72 W, 95 %
2025/12/04 21:04:47.167, 95.72 W, 95 %
2025/12/04 21:04:47.267, 95.72 W, 95 %
2025/12/04 21:04:47.367, 95.72 W, 95 %
2025/12/04 21:04:47.467, 95.72 W, 95 %
2025/12/04 21:04:47.567, 95.72 W, 95 %
2025/12/04 21:04:47.668, 95.72 W, 95 %
2025/12/04 21:04:47.768, 95.72 W, 95 %
2025/12/04 21:04:47.868, 95.72 W, 95 %
2025/12/04 21:04:47.968, 95.72 W, 95 %
2025/12/04 21:04:48.068, 95.72 W, 95 %
2025/12/04 21:04:48.168, 95.72 W, 95 %
2025/12/04 21:04:48.269, 95.72 W, 95 %
2025/12/04 21:04:48.369, 95.72 W, 95 %
2025/12/04 21:04:48.469, 95.72 W, 95 %
2025/12/04 21:04:48.569, 95.72 W, 95 %
2025/12/04 21:04:48.669, 95.99 W, 95 %
2025/12/04 21:04:48.769, 95.99 W, 95 %
2025/12/04 21:04:48.870, 95.99 W, 95 %
2025/12/04 21:04:48.970, 95.99 W, 95 %
2025/12/04 21:04:49.070, 95.99 W, 94 %
2025/12/04 21:04:49.170, 95.72 W, 94 %
2025/12/04 21:04:49.270, 95.72 W, 95 %
2025/12/04 21:04:49.370, 95.72 W, 95 %
2025/12/04 21:04:49.471, 95.99 W, 95 %
2025/12/04 21:04:49.571, 95.99 W, 95 %
2025/12/04 21:04:49.671, 95.99 W, 94 %
2025/12/04 21:04:49.771, 95.72 W, 94 %
2025/12/04 21:04:49.871, 95.99 W, 95 %
2025/12/04 21:04:49.971, 95.99 W, 95 %
2025/12/04 21:04:50.072, 95.99 W, 95 %
2025/12/04 21:04:50.172, 95.99 W, 95 %
2025/12/04 21:04:50.272, 95.99 W, 94 %
2025/12/04 21:04:50.372, 95.99 W, 94 %
2025/12/04 21:04:50.472, 95.72 W, 94 %
2025/12/04 21:04:50.572, 95.72 W, 94 %
2025/12/04 21:04:50.673, 95.72 W, 95 %
2025/12/04 21:04:50.773, 95.99 W, 95 %
2025/12/04 21:04:50.873, 95.72 W, 94 %
2025/12/04 21:04:50.973, 95.72 W, 94 %
2025/12/04 21:04:51.073, 95.72 W, 95 %
2025/12/04 21:04:51.173, 95.99 W, 95 %
2025/12/04 21:04:51.273, 95.99 W, 94 %
2025/12/04 21:04:51.374, 95.72 W, 94 %
2025/12/04 21:04:51.474, 95.72 W, 95 %
2025/12/04 21:04:51.574, 95.72 W, 95 %
2025/12/04 21:04:51.674, 95.99 W, 95 %
2025/12/04 21:04:51.774, 95.99 W, 95 %
2025/12/04 21:04:51.874, 95.99 W, 95 %
2025/12/04 21:04:51.975, 95.72 W, 95 %
2025/12/04 21:04:52.075, 95.72 W, 95 %
2025/12/04 21:04:52.175, 95.72 W, 95 %
2025/12/04 21:04:52.275, 95.72 W, 94 %
2025/12/04 21:04:52.375, 95.72 W, 94 %
2025/12/04 21:04:52.475, 95.72 W, 95 %
2025/12/04 21:04:52.576, 95.72 W, 95 %
2025/12/04 21:04:52.676, 95.72 W, 95 %
2025/12/04 21:04:52.776, 95.72 W, 95 %
2025/12/04 21:04:52.876, 95.72 W, 95 %
2025/12/04 21:04:52.976, 95.72 W, 95 %
2025/12/04 21:04:53.076, 95.72 W, 95 %
2025/12/04 21:04:53.177, 95.72 W, 95 %
2025/12/04 21:04:53.277, 95.72 W, 94 %
2025/12/04 21:04:53.377, 95.72 W, 94 %
2025/12/04 21:04:53.477, 95.72 W, 95 %
2025/12/04 21:04:53.577, 95.72 W, 95 %
2025/12/04 21:04:53.677, 95.72 W, 95 %
2025/12/04 21:04:53.777, 95.72 W, 95 %
2025/12/04 21:04:53.878, 95.72 W, 95 %
2025/12/04 21:04:53.978, 95.72 W, 95 %
2025/12/04 21:04:54.078, 95.72 W, 95 %
2025/12/04 21:04:54.178, 95.99 W, 95 %
2025/12/04 21:04:54.278, 95.72 W, 95 %
2025/12/04 21:04:54.378, 95.99 W, 95 %
2025/12/04 21:04:54.479, 95.99 W, 94 %
2025/12/04 21:04:54.579, 95.72 W, 94 %
2025/12/04 21:04:54.679, 95.99 W, 95 %
2025/12/04 21:04:54.779, 95.99 W, 95 %
2025/12/04 21:04:54.879, 95.99 W, 95 %
2025/12/04 21:04:54.979, 95.72 W, 95 %
2025/12/04 21:04:55.080, 95.72 W, 94 %
2025/12/04 21:04:55.180, 95.99 W, 94 %
2025/12/04 21:04:55.280, 95.72 W, 94 %
2025/12/04 21:04:55.380, 95.72 W, 94 %
2025/12/04 21:04:55.480, 95.72 W, 94 %
2025/12/04 21:04:55.580, 95.72 W, 94 %
2025/12/04 21:04:55.681, 95.99 W, 95 %
2025/12/04 21:04:55.781, 95.99 W, 95 %
2025/12/04 21:04:55.881, 95.72 W, 95 %
2025/12/04 21:04:55.981, 95.99 W, 95 %
2025/12/04 21:04:56.081, 95.99 W, 94 %
2025/12/04 21:04:56.181, 95.99 W, 94 %
2025/12/04 21:04:56.282, 95.99 W, 94 %
2025/12/04 21:04:56.382, 95.99 W, 94 %
2025/12/04 21:04:56.482, 95.99 W, 94 %
2025/12/04 21:04:56.582, 95.99 W, 94 %
2025/12/04 21:04:56.682, 95.72 W, 95 %
2025/12/04 21:04:56.782, 95.99 W, 95 %
2025/12/04 21:04:56.882, 95.99 W, 95 %
2025/12/04 21:04:56.983, 95.99 W, 95 %
2025/12/04 21:04:57.083, 95.72 W, 94 %
2025/12/04 21:04:57.183, 95.99 W, 94 %
2025/12/04 21:04:57.283, 95.72 W, 95 %
2025/12/04 21:04:57.383, 95.72 W, 95 %
2025/12/04 21:04:57.483, 95.72 W, 95 %
2025/12/04 21:04:57.584, 95.99 W, 95 %
2025/12/04 21:04:57.684, 95.99 W, 94 %
2025/12/04 21:04:57.784, 95.99 W, 94 %
2025/12/04 21:04:57.884, 95.99 W, 94 %
2025/12/04 21:04:57.984, 95.99 W, 94 %
2025/12/04 21:04:58.084, 95.99 W, 94 %
2025/12/04 21:04:58.185, 95.99 W, 94 %
2025/12/04 21:04:58.285, 95.99 W, 94 %
2025/12/04 21:04:58.385, 95.99 W, 94 %
2025/12/04 21:04:58.485, 95.99 W, 94 %
2025/12/04 21:04:58.585, 95.99 W, 94 %
2025/12/04 21:04:58.685, 95.72 W, 94 %
2025/12/04 21:04:58.786, 95.99 W, 94 %
2025/12/04 21:04:58.886, 95.99 W, 94 %
2025/12/04 21:04:58.986, 95.99 W, 94 %
2025/12/04 21:04:59.086, 95.99 W, 94 %
2025/12/04 21:04:59.186, 95.99 W, 94 %
2025/12/04 21:04:59.286, 95.99 W, 95 %
2025/12/04 21:04:59.386, 95.99 W, 95 %
2025/12/04 21:04:59.487, 95.99 W, 94 %
2025/12/04 21:04:59.587, 95.72 W, 94 %
2025/12/04 21:04:59.687, 95.99 W, 94 %
2025/12/04 21:04:59.787, 95.72 W, 94 %
2025/12/04 21:04:59.887, 95.99 W, 94 %
2025/12/04 21:04:59.987, 95.99 W, 94 %
2025/12/04 21:05:00.088, 95.99 W, 94 %
2025/12/04 21:05:00.188, 95.99 W, 94 %
2025/12/04 21:05:00.288, 95.72 W, 95 %
2025/12/04 21:05:00.388, 95.99 W, 95 %
2025/12/04 21:05:00.488, 95.72 W, 95 %
2025/12/04 21:05:00.588, 95.72 W, 95 %
2025/12/04 21:05:00.689, 95.99 W, 95 %
2025/12/04 21:05:00.789, 95.72 W, 95 %
2025/12/04 21:05:00.889, 95.72 W, 95 %
2025/12/04 21:05:00.989, 95.72 W, 95 %
2025/12/04 21:05:01.089, 95.99 W, 95 %
2025/12/04 21:05:01.189, 95.72 W, 95 %
2025/12/04 21:05:01.290, 95.72 W, 95 %
2025/12/04 21:05:01.390, 95.72 W, 95 %
2025/12/04 21:05:01.490, 95.72 W, 95 %
2025/12/04 21:05:01.590, 95.72 W, 95 %
2025/12/04 21:05:01.690, 95.72 W, 95 %
2025/12/04 21:05:01.790, 95.72 W, 95 %
2025/12/04 21:05:01.891, 95.72 W, 95 %
2025/12/04 21:05:01.991, 95.72 W, 95 %
2025/12/04 21:05:02.091, 95.72 W, 95 %
2025/12/04 21:05:02.191, 95.99 W, 95 %
2025/12/04 21:05:02.291, 95.72 W, 94 %
2025/12/04 21:05:02.391, 95.72 W, 94 %
2025/12/04 21:05:02.491, 95.72 W, 95 %
2025/12/04 21:05:02.592, 95.72 W, 95 %
2025/12/04 21:05:02.692, 95.72 W, 95 %
2025/12/04 21:05:02.792, 95.72 W, 95 %
2025/12/04 21:05:02.892, 95.99 W, 94 %
2025/12/04 21:05:02.992, 95.72 W, 94 %
2025/12/04 21:05:03.092, 95.72 W, 94 %
2025/12/04 21:05:03.193, 95.99 W, 94 %
2025/12/04 21:05:03.293, 95.72 W, 94 %
2025/12/04 21:05:03.393, 95.72 W, 94 %
2025/12/04 21:05:03.493, 95.99 W, 95 %
2025/12/04 21:05:03.593, 95.72 W, 95 %
2025/12/04 21:05:03.693, 95.99 W, 94 %
2025/12/04 21:05:03.794, 95.72 W, 94 %
2025/12/04 21:05:03.894, 95.72 W, 95 %
2025/12/04 21:05:03.994, 95.72 W, 95 %
2025/12/04 21:05:04.094, 95.72 W, 95 %
2025/12/04 21:05:04.194, 95.72 W, 95 %
2025/12/04 21:05:04.294, 95.72 W, 95 %
2025/12/04 21:05:04.395, 95.72 W, 95 %
2025/12/04 21:05:04.495, 95.72 W, 95 %
2025/12/04 21:05:04.595, 95.72 W, 95 %
2025/12/04 21:05:04.695, 95.99 W, 95 %
2025/12/04 21:05:04.795, 95.72 W, 95 %
2025/12/04 21:05:04.895, 95.72 W, 94 %
2025/12/04 21:05:04.995, 95.72 W, 94 %
2025/12/04 21:05:05.096, 95.72 W, 94 %
2025/12/04 21:05:05.196, 95.72 W, 94 %
2025/12/04 21:05:05.296, 95.99 W, 95 %
2025/12/04 21:05:05.396, 95.72 W, 95 %
2025/12/04 21:05:05.496, 95.72 W, 95 %
2025/12/04 21:05:05.596, 95.72 W, 95 %
2025/12/04 21:05:05.697, 95.72 W, 95 %
2025/12/04 21:05:05.797, 95.72 W, 95 %
2025/12/04 21:05:05.897, 95.72 W, 94 %
2025/12/04 21:05:05.997, 95.72 W, 94 %
2025/12/04 21:05:06.097, 95.72 W, 95 %
2025/12/04 21:05:06.197, 95.72 W, 95 %
2025/12/04 21:05:06.298, 95.72 W, 95 %
2025/12/04 21:05:06.398, 95.72 W, 95 %
2025/12/04 21:05:06.498, 95.72 W, 95 %
2025/12/04 21:05:06.598, 95.72 W, 95 %
2025/12/04 21:05:06.698, 95.72 W, 95 %
2025/12/04 21:05:06.798, 95.72 W, 95 %
2025/12/04 21:05:06.899, 95.72 W, 95 %
2025/12/04 21:05:06.999, 95.72 W, 95 %
2025/12/04 21:05:07.099, 95.72 W, 95 %
2025/12/04 21:05:07.199, 95.72 W, 95 %
2025/12/04 21:05:07.299, 95.72 W, 95 %
2025/12/04 21:05:07.399, 95.72 W, 95 %
2025/12/04 21:05:07.500, 95.72 W, 95 %
2025/12/04 21:05:07.600, 95.72 W, 95 %
2025/12/04 21:05:07.700, 95.72 W, 95 %
2025/12/04 21:05:07.800, 95.99 W, 95 %
2025/12/04 21:05:07.900, 95.72 W, 95 %
2025/12/04 21:05:08.000, 95.72 W, 95 %
2025/12/04 21:05:08.100, 95.72 W, 95 %
2025/12/04 21:05:08.201, 95.72 W, 95 %
2025/12/04 21:05:08.301, 95.72 W, 95 %
2025/12/04 21:05:08.401, 95.72 W, 95 %
2025/12/04 21:05:08.501, 95.72 W, 95 %
2025/12/04 21:05:08.601, 95.72 W, 95 %
2025/12/04 21:05:08.701, 95.72 W, 95 %
2025/12/04 21:05:08.802, 95.72 W, 95 %
2025/12/04 21:05:08.902, 95.72 W, 95 %
2025/12/04 21:05:09.002, 95.72 W, 95 %
2025/12/04 21:05:09.102, 95.72 W, 95 %
2025/12/04 21:05:09.202, 95.72 W, 95 %
2025/12/04 21:05:09.302, 95.72 W, 95 %
2025/12/04 21:05:09.403, 95.72 W, 95 %
2025/12/04 21:05:09.503, 95.72 W, 95 %
2025/12/04 21:05:09.603, 95.72 W, 95 %
2025/12/04 21:05:09.703, 95.72 W, 95 %
2025/12/04 21:05:09.803, 95.72 W, 95 %
2025/12/04 21:05:09.903, 95.72 W, 95 %
2025/12/04 21:05:10.004, 95.72 W, 95 %
2025/12/04 21:05:10.104, 95.72 W, 94 %
2025/12/04 21:05:10.204, 95.72 W, 94 %
2025/12/04 21:05:10.304, 95.72 W, 95 %
2025/12/04 21:05:10.404, 95.72 W, 95 %
2025/12/04 21:05:10.504, 95.72 W, 95 %
2025/12/04 21:05:10.604, 95.72 W, 95 %
2025/12/04 21:05:10.705, 95.72 W, 95 %
2025/12/04 21:05:10.805, 95.72 W, 95 %
2025/12/04 21:05:10.905, 95.72 W, 95 %
2025/12/04 21:05:11.005, 95.72 W, 95 %
2025/12/04 21:05:11.105, 95.72 W, 95 %
2025/12/04 21:05:11.205, 95.72 W, 95 %
2025/12/04 21:05:11.306, 95.72 W, 95 %
2025/12/04 21:05:11.406, 95.72 W, 95 %
2025/12/04 21:05:11.506, 95.72 W, 95 %
2025/12/04 21:05:11.606, 95.72 W, 95 %
2025/12/04 21:05:11.706, 95.72 W, 95 %
2025/12/04 21:05:11.806, 95.72 W, 95 %
2025/12/04 21:05:11.907, 95.72 W, 95 %
2025/12/04 21:05:12.007, 95.72 W, 95 %
2025/12/04 21:05:12.107, 95.72 W, 95 %
2025/12/04 21:05:12.207, 95.72 W, 95 %
2025/12/04 21:05:12.307, 95.72 W, 94 %
2025/12/04 21:05:12.407, 95.72 W, 94 %
2025/12/04 21:05:12.508, 95.72 W, 95 %
2025/12/04 21:05:12.608, 95.72 W, 95 %
2025/12/04 21:05:12.708, 95.72 W, 95 %
2025/12/04 21:05:12.808, 95.72 W, 95 %
2025/12/04 21:05:12.908, 95.72 W, 95 %
2025/12/04 21:05:13.008, 95.72 W, 95 %
2025/12/04 21:05:13.108, 95.72 W, 95 %
2025/12/04 21:05:13.209, 95.72 W, 95 %
2025/12/04 21:05:13.309, 95.72 W, 94 %
2025/12/04 21:05:13.409, 95.72 W, 94 %
2025/12/04 21:05:13.509, 95.72 W, 95 %
2025/12/04 21:05:13.609, 95.72 W, 95 %
2025/12/04 21:05:13.709, 95.72 W, 95 %
2025/12/04 21:05:13.810, 95.72 W, 95 %
2025/12/04 21:05:13.910, 95.72 W, 94 %
2025/12/04 21:05:14.010, 95.72 W, 94 %
2025/12/04 21:05:14.110, 95.72 W, 95 %
2025/12/04 21:05:14.210, 95.72 W, 95 %
2025/12/04 21:05:14.310, 95.72 W, 94 %
2025/12/04 21:05:14.411, 95.72 W, 94 %
2025/12/04 21:05:14.511, 95.72 W, 94 %
2025/12/04 21:05:14.611, 95.72 W, 94 %
2025/12/04 21:05:14.711, 95.72 W, 95 %
2025/12/04 21:05:14.811, 95.72 W, 95 %
2025/12/04 21:05:14.911, 95.72 W, 95 %
2025/12/04 21:05:15.012, 95.72 W, 95 %
2025/12/04 21:05:15.112, 95.72 W, 95 %
2025/12/04 21:05:15.212, 95.72 W, 95 %
2025/12/04 21:05:15.312, 95.72 W, 95 %
2025/12/04 21:05:15.412, 95.99 W, 95 %
2025/12/04 21:05:15.512, 95.72 W, 94 %
2025/12/04 21:05:15.612, 95.72 W, 94 %
2025/12/04 21:05:15.713, 95.72 W, 95 %
2025/12/04 21:05:15.813, 95.72 W, 95 %
2025/12/04 21:05:15.913, 95.72 W, 95 %
2025/12/04 21:05:16.013, 95.72 W, 95 %
2025/12/04 21:05:16.113, 95.72 W, 95 %
2025/12/04 21:05:16.213, 95.72 W, 95 %
2025/12/04 21:05:16.314, 95.72 W, 95 %
2025/12/04 21:05:16.414, 95.72 W, 95 %
2025/12/04 21:05:16.514, 95.72 W, 95 %
2025/12/04 21:05:16.614, 95.72 W, 95 %
2025/12/04 21:05:16.714, 95.72 W, 94 %
2025/12/04 21:05:16.814, 95.72 W, 94 %
2025/12/04 21:05:16.915, 95.72 W, 95 %
2025/12/04 21:05:17.015, 95.72 W, 95 %
2025/12/04 21:05:17.115, 95.72 W, 95 %
2025/12/04 21:05:17.215, 95.72 W, 95 %
2025/12/04 21:05:17.315, 95.72 W, 95 %
2025/12/04 21:05:17.415, 95.72 W, 95 %
2025/12/04 21:05:17.516, 95.72 W, 95 %
2025/12/04 21:05:17.616, 95.99 W, 95 %
2025/12/04 21:05:17.716, 95.72 W, 95 %
2025/12/04 21:05:17.816, 95.72 W, 95 %
2025/12/04 21:05:17.916, 95.72 W, 94 %
2025/12/04 21:05:18.016, 95.72 W, 94 %
2025/12/04 21:05:18.117, 95.72 W, 95 %
2025/12/04 21:05:18.217, 95.12 W, 95 %
2025/12/04 21:05:18.317, 95.72 W, 91 %
2025/12/04 21:05:18.417, 95.72 W, 91 %
2025/12/04 21:05:18.517, 95.72 W, 95 %
2025/12/04 21:05:18.617, 95.99 W, 95 %
2025/12/04 21:05:18.717, 95.72 W, 95 %
2025/12/04 21:05:18.818, 95.72 W, 95 %
2025/12/04 21:05:18.918, 95.72 W, 94 %
2025/12/04 21:05:19.018, 95.72 W, 94 %
2025/12/04 21:05:19.118, 95.72 W, 95 %
2025/12/04 21:05:19.218, 95.72 W, 95 %
2025/12/04 21:05:19.318, 95.72 W, 95 %
2025/12/04 21:05:19.419, 95.72 W, 95 %
2025/12/04 21:05:19.519, 95.72 W, 95 %
2025/12/04 21:05:19.619, 95.72 W, 95 %
2025/12/04 21:05:19.719, 95.72 W, 95 %
2025/12/04 21:05:19.819, 95.72 W, 95 %
2025/12/04 21:05:19.919, 95.72 W, 94 %
2025/12/04 21:05:20.020, 95.72 W, 94 %
2025/12/04 21:05:20.120, 95.72 W, 94 %
2025/12/04 21:05:20.220, 95.99 W, 94 %
2025/12/04 21:05:20.320, 95.72 W, 94 %
2025/12/04 21:05:20.420, 95.72 W, 94 %
2025/12/04 21:05:20.520, 95.72 W, 95 %
2025/12/04 21:05:20.620, 95.72 W, 95 %
2025/12/04 21:05:20.721, 95.72 W, 94 %
2025/12/04 21:05:20.821, 95.72 W, 94 %
2025/12/04 21:05:20.921, 95.72 W, 94 %
2025/12/04 21:05:21.021, 95.72 W, 94 %
2025/12/04 21:05:21.121, 95.72 W, 95 %
2025/12/04 21:05:21.221, 95.72 W, 95 %
2025/12/04 21:05:21.321, 95.72 W, 95 %
2025/12/04 21:05:21.422, 95.72 W, 95 %
2025/12/04 21:05:21.522, 95.72 W, 95 %
2025/12/04 21:05:21.622, 95.72 W, 95 %
2025/12/04 21:05:21.722, 95.72 W, 95 %
2025/12/04 21:05:21.822, 95.72 W, 95 %
2025/12/04 21:05:21.922, 95.72 W, 95 %
2025/12/04 21:05:22.023, 95.72 W, 95 %
2025/12/04 21:05:22.123, 95.72 W, 95 %
2025/12/04 21:05:22.223, 95.72 W, 95 %
2025/12/04 21:05:22.323, 95.72 W, 95 %
2025/12/04 21:05:22.423, 95.72 W, 95 %
2025/12/04 21:05:22.523, 95.72 W, 94 %
2025/12/04 21:05:22.624, 95.72 W, 94 %
2025/12/04 21:05:22.724, 95.72 W, 95 %
2025/12/04 21:05:22.824, 95.72 W, 95 %
2025/12/04 21:05:22.924, 95.72 W, 95 %
2025/12/04 21:05:23.024, 95.72 W, 95 %
2025/12/04 21:05:23.124, 95.72 W, 95 %
2025/12/04 21:05:23.225, 95.72 W, 95 %
2025/12/04 21:05:23.325, 95.72 W, 95 %
2025/12/04 21:05:23.425, 95.72 W, 95 %
2025/12/04 21:05:23.525, 95.72 W, 95 %
2025/12/04 21:05:23.625, 95.72 W, 95 %
2025/12/04 21:05:23.725, 95.72 W, 94 %
2025/12/04 21:05:23.825, 95.72 W, 94 %
2025/12/04 21:05:23.926, 95.72 W, 95 %
2025/12/04 21:05:24.026, 95.72 W, 95 %
2025/12/04 21:05:24.126, 95.72 W, 95 %
2025/12/04 21:05:24.226, 95.72 W, 95 %
2025/12/04 21:05:24.326, 95.72 W, 95 %
2025/12/04 21:05:24.426, 95.72 W, 95 %
2025/12/04 21:05:24.527, 95.99 W, 95 %
2025/12/04 21:05:24.627, 95.72 W, 95 %
2025/12/04 21:05:24.727, 95.72 W, 94 %
2025/12/04 21:05:24.827, 95.99 W, 94 %
2025/12/04 21:05:24.927, 95.72 W, 95 %
2025/12/04 21:05:25.027, 95.72 W, 95 %
2025/12/04 21:05:25.128, 95.72 W, 95 %
2025/12/04 21:05:25.228, 95.99 W, 95 %
2025/12/04 21:05:25.328, 95.72 W, 95 %
2025/12/04 21:05:25.428, 95.72 W, 95 %
2025/12/04 21:05:25.528, 95.72 W, 95 %
2025/12/04 21:05:25.628, 95.72 W, 95 %
2025/12/04 21:05:25.729, 95.72 W, 94 %
2025/12/04 21:05:25.829, 95.72 W, 94 %
2025/12/04 21:05:25.929, 95.72 W, 95 %
2025/12/04 21:05:26.029, 95.72 W, 95 %
2025/12/04 21:05:26.129, 95.72 W, 95 %
2025/12/04 21:05:26.229, 95.99 W, 95 %
2025/12/04 21:05:26.329, 95.72 W, 95 %
2025/12/04 21:05:26.430, 95.99 W, 95 %
2025/12/04 21:05:26.530, 95.72 W, 95 %
2025/12/04 21:05:26.630, 95.72 W, 95 %
2025/12/04 21:05:26.730, 95.72 W, 95 %
2025/12/04 21:05:26.830, 95.99 W, 95 %
2025/12/04 21:05:26.930, 95.72 W, 94 %
2025/12/04 21:05:27.031, 95.72 W, 94 %
2025/12/04 21:05:27.131, 95.72 W, 94 %
2025/12/04 21:05:27.231, 95.72 W, 94 %
2025/12/04 21:05:27.331, 95.72 W, 95 %
2025/12/04 21:05:27.431, 95.72 W, 95 %
2025/12/04 21:05:27.531, 95.72 W, 95 %
2025/12/04 21:05:27.631, 95.99 W, 95 %
2025/12/04 21:05:27.732, 95.72 W, 95 %
2025/12/04 21:05:27.832, 95.72 W, 95 %
2025/12/04 21:05:27.932, 95.72 W, 94 %
2025/12/04 21:05:28.032, 95.72 W, 94 %
2025/12/04 21:05:28.132, 95.72 W, 95 %
2025/12/04 21:05:28.232, 95.72 W, 95 %
2025/12/04 21:05:28.333, 95.72 W, 95 %
2025/12/04 21:05:28.433, 95.72 W, 95 %
2025/12/04 21:05:28.533, 95.72 W, 94 %
2025/12/04 21:05:28.633, 95.72 W, 94 %
2025/12/04 21:05:28.733, 95.72 W, 95 %
2025/12/04 21:05:28.833, 95.99 W, 95 %
2025/12/04 21:05:28.934, 95.72 W, 94 %
2025/12/04 21:05:29.034, 95.72 W, 94 %
2025/12/04 21:05:29.134, 95.72 W, 95 %
2025/12/04 21:05:29.234, 95.72 W, 95 %
2025/12/04 21:05:29.334, 95.99 W, 95 %
2025/12/04 21:05:29.434, 95.72 W, 95 %
2025/12/04 21:05:29.535, 95.99 W, 94 %
2025/12/04 21:05:29.635, 95.99 W, 94 %
2025/12/04 21:05:29.735, 95.72 W, 94 %
2025/12/04 21:05:29.835, 95.72 W, 94 %
2025/12/04 21:05:29.935, 95.72 W, 94 %
2025/12/04 21:05:30.035, 95.99 W, 94 %
2025/12/04 21:05:30.136, 95.72 W, 94 %
2025/12/04 21:05:30.236, 95.72 W, 94 %
2025/12/04 21:05:30.336, 95.99 W, 94 %
2025/12/04 21:05:30.436, 95.99 W, 94 %
2025/12/04 21:05:30.536, 95.99 W, 95 %
2025/12/04 21:05:30.636, 95.72 W, 95 %
2025/12/04 21:05:30.736, 95.72 W, 94 %
2025/12/04 21:05:30.837, 95.72 W, 94 %
2025/12/04 21:05:30.937, 95.72 W, 94 %
2025/12/04 21:05:31.037, 95.72 W, 94 %
2025/12/04 21:05:31.137, 95.99 W, 94 %
2025/12/04 21:05:31.237, 95.99 W, 94 %
2025/12/04 21:05:31.337, 95.99 W, 95 %
2025/12/04 21:05:31.438, 95.99 W, 95 %
2025/12/04 21:05:31.538, 95.72 W, 95 %
2025/12/04 21:05:31.638, 95.72 W, 95 %
2025/12/04 21:05:31.738, 95.72 W, 95 %
2025/12/04 21:05:31.838, 95.72 W, 95 %
2025/12/04 21:05:31.938, 95.99 W, 94 %
2025/12/04 21:05:32.038, 95.72 W, 94 %
2025/12/04 21:05:32.139, 95.72 W, 94 %
2025/12/04 21:05:32.239, 95.99 W, 94 %
2025/12/04 21:05:32.339, 95.99 W, 94 %
2025/12/04 21:05:32.439, 95.99 W, 94 %
2025/12/04 21:05:32.539, 95.72 W, 95 %
2025/12/04 21:05:32.639, 95.72 W, 95 %
2025/12/04 21:05:32.740, 95.72 W, 94 %
2025/12/04 21:05:32.840, 95.72 W, 94 %
2025/12/04 21:05:32.940, 95.99 W, 94 %
2025/12/04 21:05:33.040, 95.72 W, 94 %
2025/12/04 21:05:33.140, 95.99 W, 94 %
2025/12/04 21:05:33.240, 95.72 W, 94 %
2025/12/04 21:05:33.341, 95.72 W, 95 %
2025/12/04 21:05:33.441, 95.72 W, 95 %
2025/12/04 21:05:33.541, 95.72 W, 95 %
2025/12/04 21:05:33.641, 95.72 W, 95 %
2025/12/04 21:05:33.741, 95.72 W, 94 %
2025/12/04 21:05:33.841, 95.72 W, 94 %
2025/12/04 21:05:33.942, 95.72 W, 95 %
2025/12/04 21:05:34.042, 95.72 W, 95 %
2025/12/04 21:05:34.142, 95.99 W, 94 %
2025/12/04 21:05:34.242, 95.72 W, 94 %
2025/12/04 21:05:34.342, 95.72 W, 95 %
2025/12/04 21:05:34.442, 95.72 W, 95 %
2025/12/04 21:05:34.542, 95.99 W, 95 %
2025/12/04 21:05:34.643, 95.99 W, 95 %
2025/12/04 21:05:34.743, 95.72 W, 94 %
2025/12/04 21:05:34.843, 95.99 W, 94 %
2025/12/04 21:05:34.943, 95.99 W, 94 %
2025/12/04 21:05:35.043, 95.72 W, 94 %
2025/12/04 21:05:35.143, 95.99 W, 95 %
2025/12/04 21:05:35.244, 95.72 W, 95 %
2025/12/04 21:05:35.344, 95.72 W, 94 %
2025/12/04 21:05:35.444, 95.72 W, 94 %
2025/12/04 21:05:35.544, 95.99 W, 94 %
2025/12/04 21:05:35.644, 95.99 W, 94 %
2025/12/04 21:05:35.744, 95.72 W, 94 %
2025/12/04 21:05:35.845, 95.99 W, 94 %
2025/12/04 21:05:35.945, 95.99 W, 95 %
2025/12/04 21:05:36.045, 95.72 W, 95 %
2025/12/04 21:05:36.145, 95.72 W, 94 %
2025/12/04 21:05:36.245, 95.72 W, 94 %
2025/12/04 21:05:36.345, 95.72 W, 94 %
2025/12/04 21:05:36.446, 95.72 W, 94 %
2025/12/04 21:05:36.546, 95.72 W, 95 %
2025/12/04 21:05:36.646, 95.72 W, 95 %
2025/12/04 21:05:36.746, 95.72 W, 94 %
2025/12/04 21:05:36.846, 95.72 W, 94 %
2025/12/04 21:05:36.946, 95.72 W, 95 %
2025/12/04 21:05:37.047, 95.72 W, 95 %
2025/12/04 21:05:37.147, 95.72 W, 94 %
2025/12/04 21:05:37.247, 95.72 W, 94 %
2025/12/04 21:05:37.347, 95.72 W, 94 %
2025/12/04 21:05:37.447, 95.72 W, 94 %
2025/12/04 21:05:37.547, 95.72 W, 95 %
2025/12/04 21:05:37.647, 95.72 W, 95 %
2025/12/04 21:05:37.748, 95.72 W, 95 %
2025/12/04 21:05:37.848, 95.72 W, 95 %
2025/12/04 21:05:37.948, 95.72 W, 95 %
2025/12/04 21:05:38.048, 95.72 W, 95 %
2025/12/04 21:05:38.148, 95.72 W, 94 %
2025/12/04 21:05:38.248, 95.72 W, 94 %
2025/12/04 21:05:38.349, 95.99 W, 95 %
2025/12/04 21:05:38.449, 95.72 W, 95 %
2025/12/04 21:05:38.549, 95.72 W, 94 %
2025/12/04 21:05:38.649, 95.99 W, 94 %
2025/12/04 21:05:38.749, 95.72 W, 94 %
2025/12/04 21:05:38.849, 95.99 W, 94 %
2025/12/04 21:05:38.950, 95.99 W, 95 %
2025/12/04 21:05:39.050, 95.99 W, 95 %
2025/12/04 21:05:39.150, 95.72 W, 95 %
2025/12/04 21:05:39.250, 95.72 W, 95 %
2025/12/04 21:05:39.350, 95.72 W, 95 %
2025/12/04 21:05:39.450, 95.72 W, 95 %
2025/12/04 21:05:39.550, 95.72 W, 94 %
2025/12/04 21:05:39.651, 95.99 W, 94 %
2025/12/04 21:05:39.751, 95.72 W, 95 %
2025/12/04 21:05:39.851, 95.72 W, 95 %
2025/12/04 21:05:39.951, 95.72 W, 95 %
2025/12/04 21:05:40.051, 95.72 W, 95 %
2025/12/04 21:05:40.151, 95.72 W, 95 %
2025/12/04 21:05:40.252, 95.72 W, 95 %
2025/12/04 21:05:40.352, 95.72 W, 95 %
2025/12/04 21:05:40.452, 95.72 W, 95 %
2025/12/04 21:05:40.552, 95.72 W, 95 %
2025/12/04 21:05:40.652, 95.72 W, 95 %
2025/12/04 21:05:40.752, 95.72 W, 95 %
2025/12/04 21:05:40.853, 95.72 W, 95 %
2025/12/04 21:05:40.953, 95.72 W, 95 %
2025/12/04 21:05:41.053, 95.72 W, 95 %
2025/12/04 21:05:41.153, 95.72 W, 95 %
2025/12/04 21:05:41.253, 95.72 W, 95 %
2025/12/04 21:05:41.353, 95.72 W, 95 %
2025/12/04 21:05:41.454, 95.72 W, 95 %
2025/12/04 21:05:41.554, 95.72 W, 95 %
2025/12/04 21:05:41.654, 95.72 W, 95 %
2025/12/04 21:05:41.754, 95.72 W, 95 %
2025/12/04 21:05:41.854, 95.72 W, 95 %
2025/12/04 21:05:41.954, 95.99 W, 95 %
2025/12/04 21:05:42.054, 95.72 W, 95 %
2025/12/04 21:05:42.155, 95.72 W, 95 %
2025/12/04 21:05:42.255, 95.72 W, 95 %
2025/12/04 21:05:42.355, 95.72 W, 95 %
2025/12/04 21:05:42.455, 95.72 W, 95 %
2025/12/04 21:05:42.555, 95.99 W, 95 %
2025/12/04 21:05:42.655, 95.72 W, 95 %
2025/12/04 21:05:42.756, 95.72 W, 94 %
2025/12/04 21:05:42.856, 95.72 W, 94 %
2025/12/04 21:05:42.956, 95.72 W, 95 %
2025/12/04 21:05:43.056, 95.72 W, 95 %
2025/12/04 21:05:43.156, 95.72 W, 95 %
2025/12/04 21:05:43.256, 95.72 W, 95 %
2025/12/04 21:05:43.357, 95.72 W, 95 %
2025/12/04 21:05:43.457, 95.72 W, 95 %
2025/12/04 21:05:43.557, 95.72 W, 95 %
2025/12/04 21:05:43.657, 95.72 W, 95 %
2025/12/04 21:05:43.757, 95.72 W, 94 %
2025/12/04 21:05:43.857, 95.72 W, 94 %
2025/12/04 21:05:43.957, 95.72 W, 95 %
2025/12/04 21:05:44.058, 95.72 W, 95 %
2025/12/04 21:05:44.158, 95.72 W, 95 %
2025/12/04 21:05:44.258, 95.72 W, 95 %
2025/12/04 21:05:44.358, 95.72 W, 95 %
2025/12/04 21:05:44.458, 95.72 W, 95 %
2025/12/04 21:05:44.558, 95.72 W, 95 %
2025/12/04 21:05:44.659, 95.99 W, 95 %
2025/12/04 21:05:44.759, 95.99 W, 95 %
2025/12/04 21:05:44.859, 95.72 W, 95 %
2025/12/04 21:05:44.959, 95.99 W, 94 %
2025/12/04 21:05:45.059, 95.99 W, 94 %
2025/12/04 21:05:45.159, 95.72 W, 95 %
2025/12/04 21:05:45.260, 95.99 W, 95 %
2025/12/04 21:05:45.360, 95.99 W, 95 %
2025/12/04 21:05:45.460, 95.72 W, 95 %
2025/12/04 21:05:45.560, 95.99 W, 95 %
2025/12/04 21:05:45.660, 95.99 W, 95 %
2025/12/04 21:05:45.760, 95.72 W, 94 %
2025/12/04 21:05:45.861, 95.72 W, 94 %
2025/12/04 21:05:45.961, 95.99 W, 94 %
2025/12/04 21:05:46.061, 95.72 W, 94 %
2025/12/04 21:05:46.161, 95.99 W, 95 %
2025/12/04 21:05:46.261, 95.99 W, 95 %
2025/12/04 21:05:46.361, 95.99 W, 94 %
2025/12/04 21:05:46.461, 95.99 W, 94 %
2025/12/04 21:05:46.562, 95.99 W, 95 %
2025/12/04 21:05:46.662, 95.99 W, 95 %
2025/12/04 21:05:46.762, 95.72 W, 95 %
2025/12/04 21:05:46.862, 95.99 W, 95 %
2025/12/04 21:05:46.962, 95.72 W, 95 %
2025/12/04 21:05:47.062, 95.72 W, 95 %
2025/12/04 21:05:47.163, 95.99 W, 94 %
2025/12/04 21:05:47.263, 95.72 W, 94 %
2025/12/04 21:05:47.363, 95.72 W, 94 %
2025/12/04 21:05:47.463, 95.72 W, 94 %
2025/12/04 21:05:47.563, 95.99 W, 95 %
2025/12/04 21:05:47.663, 95.99 W, 95 %
2025/12/04 21:05:47.764, 95.72 W, 95 %
2025/12/04 21:05:47.864, 95.72 W, 95 %
2025/12/04 21:05:47.964, 95.72 W, 95 %
2025/12/04 21:05:48.064, 95.72 W, 95 %
2025/12/04 21:05:48.164, 95.99 W, 94 %
2025/12/04 21:05:48.264, 95.72 W, 94 %
2025/12/04 21:05:48.365, 95.72 W, 95 %
2025/12/04 21:05:48.465, 95.72 W, 95 %
2025/12/04 21:05:48.565, 95.72 W, 94 %
2025/12/04 21:05:48.665, 95.99 W, 94 %
2025/12/04 21:05:48.765, 95.99 W, 95 %
2025/12/04 21:05:48.865, 95.99 W, 95 %
2025/12/04 21:05:48.965, 95.99 W, 95 %
2025/12/04 21:05:49.066, 95.99 W, 95 %
2025/12/04 21:05:49.166, 95.99 W, 94 %
2025/12/04 21:05:49.266, 95.72 W, 94 %
2025/12/04 21:05:49.366, 95.72 W, 95 %
2025/12/04 21:05:49.466, 95.72 W, 95 %
2025/12/04 21:05:49.566, 95.99 W, 95 %
2025/12/04 21:05:49.667, 95.72 W, 95 %
2025/12/04 21:05:49.767, 95.99 W, 95 %
2025/12/04 21:05:49.867, 95.72 W, 95 %
2025/12/04 21:05:49.967, 95.72 W, 94 %
2025/12/04 21:05:50.067, 95.72 W, 94 %
2025/12/04 21:05:50.167, 95.72 W, 95 %
2025/12/04 21:05:50.268, 95.99 W, 95 %
2025/12/04 21:05:50.368, 95.99 W, 94 %
2025/12/04 21:05:50.468, 95.99 W, 94 %
2025/12/04 21:05:50.568, 95.72 W, 95 %
2025/12/04 21:05:50.668, 95.72 W, 95 %
2025/12/04 21:05:50.768, 95.72 W, 95 %
2025/12/04 21:05:50.869, 95.72 W, 95 %
2025/12/04 21:05:50.969, 95.72 W, 95 %
2025/12/04 21:05:51.069, 95.72 W, 95 %
2025/12/04 21:05:51.169, 95.72 W, 95 %
2025/12/04 21:05:51.269, 95.72 W, 95 %
2025/12/04 21:05:51.369, 95.72 W, 94 %
2025/12/04 21:05:51.469, 95.72 W, 94 %
2025/12/04 21:05:51.570, 95.72 W, 95 %
2025/12/04 21:05:51.670, 95.72 W, 95 %
2025/12/04 21:05:51.770, 95.72 W, 95 %
2025/12/04 21:05:51.870, 95.72 W, 95 %
2025/12/04 21:05:51.970, 95.72 W, 95 %
2025/12/04 21:05:52.070, 95.72 W, 95 %
2025/12/04 21:05:52.171, 95.72 W, 95 %
2025/12/04 21:05:52.271, 95.72 W, 95 %
2025/12/04 21:05:52.371, 95.72 W, 94 %
2025/12/04 21:05:52.471, 95.72 W, 94 %
2025/12/04 21:05:52.571, 95.72 W, 95 %
2025/12/04 21:05:52.671, 95.72 W, 95 %
2025/12/04 21:05:52.772, 95.72 W, 95 %
2025/12/04 21:05:52.872, 95.72 W, 95 %
2025/12/04 21:05:52.972, 95.72 W, 95 %
2025/12/04 21:05:53.072, 95.72 W, 95 %
2025/12/04 21:05:53.172, 95.72 W, 95 %
2025/12/04 21:05:53.272, 95.72 W, 95 %
2025/12/04 21:05:53.373, 95.72 W, 95 %
2025/12/04 21:05:53.473, 95.72 W, 95 %
2025/12/04 21:05:53.573, 95.72 W, 94 %
2025/12/04 21:05:53.673, 95.72 W, 94 %
2025/12/04 21:05:53.773, 95.72 W, 95 %
2025/12/04 21:05:53.873, 95.72 W, 95 %
2025/12/04 21:05:53.973, 95.72 W, 95 %
2025/12/04 21:05:54.074, 95.72 W, 95 %
2025/12/04 21:05:54.174, 95.72 W, 95 %
2025/12/04 21:05:54.274, 95.72 W, 95 %
2025/12/04 21:05:54.374, 95.72 W, 95 %
2025/12/04 21:05:54.474, 95.72 W, 95 %
2025/12/04 21:05:54.574, 95.72 W, 94 %
2025/12/04 21:05:54.675, 95.72 W, 94 %
2025/12/04 21:05:54.775, 95.72 W, 95 %
2025/12/04 21:05:54.875, 95.72 W, 95 %
2025/12/04 21:05:54.975, 95.72 W, 95 %
2025/12/04 21:05:55.075, 95.72 W, 95 %
2025/12/04 21:05:55.175, 95.72 W, 95 %
2025/12/04 21:05:55.276, 95.72 W, 95 %
2025/12/04 21:05:55.376, 95.72 W, 95 %
2025/12/04 21:05:55.476, 95.72 W, 95 %
2025/12/04 21:05:55.576, 95.72 W, 95 %
2025/12/04 21:05:55.676, 95.72 W, 95 %
2025/12/04 21:05:55.776, 95.72 W, 94 %
2025/12/04 21:05:55.877, 95.72 W, 94 %
2025/12/04 21:05:55.977, 95.72 W, 95 %
2025/12/04 21:05:56.077, 95.72 W, 95 %
2025/12/04 21:05:56.177, 95.72 W, 95 %
2025/12/04 21:05:56.277, 95.72 W, 95 %
2025/12/04 21:05:56.377, 95.72 W, 95 %
2025/12/04 21:05:56.477, 95.72 W, 95 %
2025/12/04 21:05:56.578, 95.72 W, 95 %
2025/12/04 21:05:56.678, 95.72 W, 95 %
2025/12/04 21:05:56.778, 95.72 W, 95 %
2025/12/04 21:05:56.878, 95.72 W, 95 %
2025/12/04 21:05:56.978, 95.72 W, 95 %
2025/12/04 21:05:57.078, 95.72 W, 95 %
2025/12/04 21:05:57.179, 95.72 W, 95 %
2025/12/04 21:05:57.279, 95.72 W, 95 %
2025/12/04 21:05:57.379, 95.72 W, 95 %
2025/12/04 21:05:57.479, 95.72 W, 95 %
2025/12/04 21:05:57.579, 95.72 W, 95 %
2025/12/04 21:05:57.679, 95.72 W, 95 %
2025/12/04 21:05:57.780, 95.72 W, 94 %
2025/12/04 21:05:57.880, 95.72 W, 94 %
2025/12/04 21:05:57.980, 95.72 W, 94 %
2025/12/04 21:05:58.080, 95.72 W, 94 %
2025/12/04 21:05:58.180, 95.72 W, 95 %
2025/12/04 21:05:58.280, 95.72 W, 95 %
2025/12/04 21:05:58.381, 95.72 W, 95 %
2025/12/04 21:05:58.481, 95.72 W, 95 %
2025/12/04 21:05:58.581, 95.72 W, 95 %
2025/12/04 21:05:58.681, 95.72 W, 95 %
2025/12/04 21:05:58.781, 95.72 W, 95 %
2025/12/04 21:05:58.881, 95.72 W, 95 %
2025/12/04 21:05:58.982, 95.72 W, 94 %
2025/12/04 21:05:59.082, 95.72 W, 94 %
2025/12/04 21:05:59.182, 95.72 W, 95 %
2025/12/04 21:05:59.282, 95.72 W, 95 %
2025/12/04 21:05:59.382, 95.72 W, 95 %
2025/12/04 21:05:59.482, 95.72 W, 95 %
2025/12/04 21:05:59.582, 95.72 W, 95 %
2025/12/04 21:05:59.683, 95.72 W, 95 %
2025/12/04 21:05:59.783, 95.72 W, 95 %
2025/12/04 21:05:59.883, 95.72 W, 95 %
2025/12/04 21:05:59.983, 95.72 W, 94 %
2025/12/04 21:06:00.083, 95.72 W, 94 %
2025/12/04 21:06:00.183, 95.72 W, 94 %
2025/12/04 21:06:00.284, 95.72 W, 94 %
2025/12/04 21:06:00.384, 95.72 W, 95 %
2025/12/04 21:06:00.484, 95.72 W, 95 %
2025/12/04 21:06:00.584, 95.72 W, 95 %
2025/12/04 21:06:00.684, 95.72 W, 95 %
2025/12/04 21:06:00.784, 95.72 W, 94 %
2025/12/04 21:06:00.885, 95.72 W, 94 %
2025/12/04 21:06:00.985, 95.72 W, 94 %
2025/12/04 21:06:01.085, 95.72 W, 94 %
2025/12/04 21:06:01.185, 95.72 W, 94 %
2025/12/04 21:06:01.285, 95.72 W, 94 %
2025/12/04 21:06:01.385, 95.72 W, 95 %
2025/12/04 21:06:01.486, 95.72 W, 95 %
2025/12/04 21:06:01.586, 95.72 W, 95 %
2025/12/04 21:06:01.686, 95.72 W, 95 %
2025/12/04 21:06:01.786, 95.72 W, 95 %
2025/12/04 21:06:01.886, 95.72 W, 95 %
2025/12/04 21:06:01.986, 95.72 W, 95 %
2025/12/04 21:06:02.086, 95.72 W, 95 %
2025/12/04 21:06:02.187, 95.72 W, 94 %
2025/12/04 21:06:02.287, 95.72 W, 94 %
2025/12/04 21:06:02.387, 95.72 W, 95 %
2025/12/04 21:06:02.487, 95.72 W, 95 %
2025/12/04 21:06:02.587, 95.72 W, 95 %
2025/12/04 21:06:02.687, 95.72 W, 95 %
2025/12/04 21:06:02.788, 95.72 W, 95 %
2025/12/04 21:06:02.888, 95.72 W, 95 %
2025/12/04 21:06:02.988, 95.72 W, 94 %
2025/12/04 21:06:03.088, 95.72 W, 94 %
2025/12/04 21:06:03.188, 95.72 W, 95 %
2025/12/04 21:06:03.288, 95.72 W, 95 %
2025/12/04 21:06:03.389, 95.72 W, 95 %
2025/12/04 21:06:03.489, 95.72 W, 95 %
2025/12/04 21:06:03.589, 95.72 W, 95 %
2025/12/04 21:06:03.689, 95.72 W, 95 %
2025/12/04 21:06:03.789, 95.72 W, 95 %
2025/12/04 21:06:03.889, 95.72 W, 95 %
2025/12/04 21:06:03.990, 95.72 W, 95 %
2025/12/04 21:06:04.090, 95.72 W, 95 %
2025/12/04 21:06:04.190, 95.72 W, 94 %
2025/12/04 21:06:04.290, 95.99 W, 94 %
2025/12/04 21:06:04.390, 95.72 W, 94 %
2025/12/04 21:06:04.490, 95.72 W, 94 %
2025/12/04 21:06:04.590, 95.72 W, 95 %
2025/12/04 21:06:04.691, 95.72 W, 95 %
2025/12/04 21:06:04.791, 95.72 W, 95 %
2025/12/04 21:06:04.891, 95.72 W, 95 %
2025/12/04 21:06:04.991, 95.72 W, 95 %
2025/12/04 21:06:05.091, 95.99 W, 95 %
2025/12/04 21:06:05.191, 95.72 W, 95 %
2025/12/04 21:06:05.292, 95.72 W, 95 %
2025/12/04 21:06:05.392, 95.72 W, 95 %
2025/12/04 21:06:05.492, 95.72 W, 95 %
2025/12/04 21:06:05.592, 95.72 W, 95 %
2025/12/04 21:06:05.692, 95.72 W, 95 %
2025/12/04 21:06:05.792, 95.72 W, 95 %
2025/12/04 21:06:05.892, 95.72 W, 95 %
2025/12/04 21:06:05.993, 95.72 W, 95 %
2025/12/04 21:06:06.093, 95.72 W, 95 %
2025/12/04 21:06:06.193, 95.72 W, 95 %
2025/12/04 21:06:06.293, 95.72 W, 95 %
2025/12/04 21:06:06.393, 95.72 W, 94 %
2025/12/04 21:06:06.493, 95.72 W, 94 %
2025/12/04 21:06:06.594, 95.72 W, 95 %
2025/12/04 21:06:06.694, 95.99 W, 95 %
2025/12/04 21:06:06.794, 95.72 W, 95 %
2025/12/04 21:06:06.894, 95.72 W, 95 %
2025/12/04 21:06:06.994, 95.72 W, 95 %
2025/12/04 21:06:07.094, 95.72 W, 95 %
2025/12/04 21:06:07.195, 95.72 W, 95 %
2025/12/04 21:06:07.295, 95.72 W, 95 %
2025/12/04 21:06:07.395, 95.72 W, 95 %
2025/12/04 21:06:07.495, 95.72 W, 95 %
2025/12/04 21:06:07.595, 95.72 W, 95 %
2025/12/04 21:06:07.695, 95.72 W, 95 %
2025/12/04 21:06:07.795, 95.72 W, 95 %
2025/12/04 21:06:07.896, 95.72 W, 95 %
2025/12/04 21:06:07.996, 95.72 W, 95 %
2025/12/04 21:06:08.096, 95.72 W, 95 %
2025/12/04 21:06:08.196, 95.72 W, 95 %
2025/12/04 21:06:08.296, 95.72 W, 95 %
2025/12/04 21:06:08.396, 95.72 W, 94 %
2025/12/04 21:06:08.497, 95.72 W, 94 %
2025/12/04 21:06:08.597, 95.72 W, 95 %
2025/12/04 21:06:08.697, 95.72 W, 95 %
2025/12/04 21:06:08.797, 95.72 W, 95 %
2025/12/04 21:06:08.897, 95.72 W, 95 %
2025/12/04 21:06:08.997, 95.72 W, 95 %
2025/12/04 21:06:09.098, 95.72 W, 95 %
2025/12/04 21:06:09.198, 95.72 W, 95 %
2025/12/04 21:06:09.298, 95.72 W, 95 %
2025/12/04 21:06:09.398, 95.72 W, 95 %
2025/12/04 21:06:09.498, 95.72 W, 95 %
2025/12/04 21:06:09.598, 95.72 W, 95 %
2025/12/04 21:06:09.699, 95.72 W, 95 %
2025/12/04 21:06:09.799, 95.72 W, 94 %
2025/12/04 21:06:09.899, 95.72 W, 94 %
2025/12/04 21:06:09.999, 95.72 W, 95 %
2025/12/04 21:06:10.099, 95.72 W, 95 %
2025/12/04 21:06:10.199, 95.72 W, 95 %
2025/12/04 21:06:10.299, 95.72 W, 95 %
2025/12/04 21:06:10.400, 95.72 W, 95 %
2025/12/04 21:06:10.500, 95.72 W, 95 %
2025/12/04 21:06:10.600, 95.72 W, 95 %
2025/12/04 21:06:10.700, 95.72 W, 95 %
2025/12/04 21:06:10.800, 95.72 W, 95 %
2025/12/04 21:06:10.900, 95.72 W, 95 %
2025/12/04 21:06:11.001, 95.72 W, 95 %
2025/12/04 21:06:11.101, 95.72 W, 95 %
2025/12/04 21:06:11.201, 95.72 W, 95 %
2025/12/04 21:06:11.301, 95.72 W, 95 %
2025/12/04 21:06:11.401, 95.72 W, 95 %
2025/12/04 21:06:11.501, 95.72 W, 95 %
2025/12/04 21:06:11.602, 95.72 W, 95 %
2025/12/04 21:06:11.702, 95.72 W, 95 %
2025/12/04 21:06:11.802, 95.72 W, 94 %
2025/12/04 21:06:11.902, 95.72 W, 94 %
2025/12/04 21:06:12.002, 95.72 W, 95 %
2025/12/04 21:06:12.102, 95.72 W, 95 %
2025/12/04 21:06:12.203, 95.72 W, 95 %
2025/12/04 21:06:12.303, 95.72 W, 95 %
2025/12/04 21:06:12.403, 95.72 W, 95 %
2025/12/04 21:06:12.503, 95.72 W, 95 %
2025/12/04 21:06:12.603, 95.72 W, 95 %
2025/12/04 21:06:12.703, 95.72 W, 95 %
2025/12/04 21:06:12.803, 95.72 W, 95 %
2025/12/04 21:06:12.904, 95.72 W, 95 %
2025/12/04 21:06:13.004, 95.72 W, 95 %
2025/12/04 21:06:13.104, 95.72 W, 95 %
2025/12/04 21:06:13.204, 95.72 W, 95 %
2025/12/04 21:06:13.304, 95.72 W, 95 %
2025/12/04 21:06:13.404, 95.72 W, 95 %
2025/12/04 21:06:13.505, 95.72 W, 95 %
2025/12/04 21:06:13.605, 95.72 W, 95 %
2025/12/04 21:06:13.705, 95.72 W, 95 %
2025/12/04 21:06:13.805, 95.72 W, 95 %
2025/12/04 21:06:13.905, 95.72 W, 95 %
2025/12/04 21:06:14.005, 95.72 W, 95 %
2025/12/04 21:06:14.106, 95.72 W, 95 %
2025/12/04 21:06:14.206, 95.72 W, 95 %
2025/12/04 21:06:14.306, 95.72 W, 95 %
2025/12/04 21:06:14.406, 95.72 W, 95 %
2025/12/04 21:06:14.506, 95.72 W, 95 %
2025/12/04 21:06:14.606, 95.39 W, 95 %
2025/12/04 21:06:14.707, 95.72 W, 95 %
2025/12/04 21:06:14.807, 95.72 W, 95 %
2025/12/04 21:06:14.907, 95.72 W, 95 %
2025/12/04 21:06:15.007, 95.72 W, 94 %
2025/12/04 21:06:15.107, 95.72 W, 94 %
2025/12/04 21:06:15.207, 95.72 W, 95 %
2025/12/04 21:06:15.307, 95.72 W, 95 %
2025/12/04 21:06:15.408, 95.72 W, 95 %
2025/12/04 21:06:15.508, 95.72 W, 95 %
2025/12/04 21:06:15.608, 95.72 W, 95 %
2025/12/04 21:06:15.708, 95.72 W, 95 %
2025/12/04 21:06:15.808, 95.72 W, 95 %
2025/12/04 21:06:15.908, 95.72 W, 95 %
2025/12/04 21:06:16.009, 95.72 W, 95 %
2025/12/04 21:06:16.109, 95.72 W, 95 %
2025/12/04 21:06:16.209, 95.72 W, 95 %
2025/12/04 21:06:16.309, 95.72 W, 95 %
2025/12/04 21:06:16.409, 95.72 W, 95 %
2025/12/04 21:06:16.509, 95.72 W, 95 %
2025/12/04 21:06:16.610, 95.72 W, 95 %
2025/12/04 21:06:16.710, 95.72 W, 95 %
2025/12/04 21:06:16.810, 95.72 W, 95 %
2025/12/04 21:06:16.910, 95.72 W, 95 %
2025/12/04 21:06:17.010, 95.72 W, 95 %
2025/12/04 21:06:17.110, 95.72 W, 95 %
2025/12/04 21:06:17.211, 95.72 W, 94 %
2025/12/04 21:06:17.311, 95.72 W, 94 %
2025/12/04 21:06:17.411, 95.72 W, 95 %
2025/12/04 21:06:17.511, 95.72 W, 95 %
2025/12/04 21:06:17.611, 95.72 W, 95 %
2025/12/04 21:06:17.711, 95.72 W, 95 %
2025/12/04 21:06:17.811, 95.72 W, 95 %
2025/12/04 21:06:17.912, 95.72 W, 95 %
2025/12/04 21:06:18.012, 95.72 W, 95 %
2025/12/04 21:06:18.112, 95.72 W, 95 %
2025/12/04 21:06:18.212, 95.72 W, 94 %
2025/12/04 21:06:18.312, 95.72 W, 94 %
2025/12/04 21:06:18.412, 95.72 W, 95 %
2025/12/04 21:06:18.513, 95.72 W, 95 %
2025/12/04 21:06:18.613, 95.72 W, 95 %
2025/12/04 21:06:18.713, 95.72 W, 95 %
2025/12/04 21:06:18.813, 95.72 W, 95 %
2025/12/04 21:06:18.913, 95.72 W, 95 %
2025/12/04 21:06:19.013, 95.72 W, 95 %
2025/12/04 21:06:19.114, 95.72 W, 95 %
2025/12/04 21:06:19.214, 95.72 W, 93 %
2025/12/04 21:06:19.314, 95.72 W, 93 %
2025/12/04 21:06:19.414, 95.72 W, 94 %
2025/12/04 21:06:19.514, 95.72 W, 94 %
2025/12/04 21:06:19.614, 95.72 W, 95 %
2025/12/04 21:06:19.715, 95.72 W, 95 %
2025/12/04 21:06:19.815, 95.72 W, 95 %
2025/12/04 21:06:19.915, 95.72 W, 95 %
2025/12/04 21:06:20.015, 95.72 W, 95 %
2025/12/04 21:06:20.115, 95.72 W, 95 %
2025/12/04 21:06:20.215, 95.99 W, 95 %
2025/12/04 21:06:20.315, 95.72 W, 95 %
2025/12/04 21:06:20.416, 95.72 W, 94 %
2025/12/04 21:06:20.516, 95.72 W, 94 %
2025/12/04 21:06:20.616, 95.72 W, 95 %
2025/12/04 21:06:20.716, 95.72 W, 95 %
2025/12/04 21:06:20.816, 95.72 W, 95 %
2025/12/04 21:06:20.916, 95.72 W, 95 %
2025/12/04 21:06:21.017, 95.72 W, 94 %
2025/12/04 21:06:21.117, 95.72 W, 94 %
2025/12/04 21:06:21.217, 95.72 W, 95 %
2025/12/04 21:06:21.317, 95.72 W, 95 %
2025/12/04 21:06:21.417, 95.72 W, 95 %
2025/12/04 21:06:21.517, 95.72 W, 95 %
2025/12/04 21:06:21.618, 95.72 W, 95 %
2025/12/04 21:06:21.718, 95.72 W, 95 %
2025/12/04 21:06:21.818, 95.72 W, 95 %
2025/12/04 21:06:21.918, 95.72 W, 95 %
2025/12/04 21:06:22.018, 95.72 W, 95 %
2025/12/04 21:06:22.118, 95.72 W, 95 %
2025/12/04 21:06:22.219, 95.72 W, 95 %
2025/12/04 21:06:22.319, 95.72 W, 95 %
2025/12/04 21:06:22.419, 95.72 W, 95 %
2025/12/04 21:06:22.519, 95.72 W, 95 %
2025/12/04 21:06:22.619, 95.72 W, 95 %
2025/12/04 21:06:22.719, 95.72 W, 95 %
2025/12/04 21:06:22.820, 95.72 W, 95 %
2025/12/04 21:06:22.920, 95.72 W, 95 %
2025/12/04 21:06:23.020, 95.72 W, 95 %
2025/12/04 21:06:23.120, 95.72 W, 95 %
2025/12/04 21:06:23.220, 95.72 W, 95 %
2025/12/04 21:06:23.320, 95.72 W, 95 %
2025/12/04 21:06:23.420, 95.72 W, 95 %
2025/12/04 21:06:23.521, 95.72 W, 95 %
2025/12/04 21:06:23.621, 95.72 W, 95 %
2025/12/04 21:06:23.721, 95.72 W, 95 %
2025/12/04 21:06:23.821, 95.72 W, 95 %
2025/12/04 21:06:23.921, 95.72 W, 95 %
2025/12/04 21:06:24.021, 95.72 W, 95 %
2025/12/04 21:06:24.122, 95.72 W, 95 %
2025/12/04 21:06:24.222, 95.72 W, 95 %
2025/12/04 21:06:24.322, 95.72 W, 95 %
2025/12/04 21:06:24.422, 95.72 W, 95 %
2025/12/04 21:06:24.522, 95.72 W, 95 %
2025/12/04 21:06:24.622, 95.72 W, 95 %
2025/12/04 21:06:24.723, 95.72 W, 95 %
2025/12/04 21:06:24.823, 95.72 W, 95 %
2025/12/04 21:06:24.923, 95.72 W, 95 %
2025/12/04 21:06:25.023, 95.72 W, 94 %
2025/12/04 21:06:25.123, 95.72 W, 94 %
2025/12/04 21:06:25.223, 95.72 W, 95 %
2025/12/04 21:06:25.324, 95.72 W, 95 %
2025/12/04 21:06:25.424, 95.72 W, 95 %
2025/12/04 21:06:25.524, 95.72 W, 95 %
2025/12/04 21:06:25.624, 95.72 W, 94 %
2025/12/04 21:06:25.724, 95.72 W, 94 %
2025/12/04 21:06:25.824, 95.72 W, 95 %
2025/12/04 21:06:25.925, 95.72 W, 95 %
2025/12/04 21:06:26.025, 95.72 W, 95 %
2025/12/04 21:06:26.125, 95.72 W, 95 %
2025/12/04 21:06:26.225, 95.72 W, 95 %
2025/12/04 21:06:26.325, 95.72 W, 95 %
2025/12/04 21:06:26.425, 95.72 W, 94 %
2025/12/04 21:06:26.526, 95.72 W, 94 %
2025/12/04 21:06:26.626, 95.72 W, 95 %
2025/12/04 21:06:26.726, 95.72 W, 95 %
2025/12/04 21:06:26.826, 95.72 W, 94 %
2025/12/04 21:06:26.926, 95.72 W, 94 %
2025/12/04 21:06:27.026, 95.72 W, 95 %
2025/12/04 21:06:27.127, 95.72 W, 95 %
2025/12/04 21:06:27.227, 95.72 W, 95 %
2025/12/04 21:06:27.327, 95.72 W, 95 %
2025/12/04 21:06:27.427, 95.72 W, 95 %
2025/12/04 21:06:27.527, 95.72 W, 95 %
2025/12/04 21:06:27.627, 95.72 W, 95 %
2025/12/04 21:06:27.727, 95.72 W, 95 %
2025/12/04 21:06:27.828, 95.72 W, 94 %
2025/12/04 21:06:27.928, 95.72 W, 94 %
2025/12/04 21:06:28.028, 95.72 W, 95 %
2025/12/04 21:06:28.128, 95.72 W, 95 %
2025/12/04 21:06:28.228, 95.72 W, 95 %
2025/12/04 21:06:28.328, 95.72 W, 95 %
2025/12/04 21:06:28.429, 95.72 W, 95 %
2025/12/04 21:06:28.529, 95.72 W, 95 %
2025/12/04 21:06:28.629, 95.72 W, 95 %
2025/12/04 21:06:28.729, 95.72 W, 95 %
2025/12/04 21:06:28.829, 95.72 W, 94 %
2025/12/04 21:06:28.929, 95.72 W, 94 %
2025/12/04 21:06:29.030, 95.72 W, 95 %
2025/12/04 21:06:29.130, 95.72 W, 95 %
2025/12/04 21:06:29.230, 95.72 W, 95 %
2025/12/04 21:06:29.330, 95.72 W, 95 %
2025/12/04 21:06:29.430, 95.72 W, 95 %
2025/12/04 21:06:29.530, 95.72 W, 95 %
2025/12/04 21:06:29.631, 95.72 W, 95 %
2025/12/04 21:06:29.731, 95.72 W, 95 %
2025/12/04 21:06:29.831, 95.72 W, 94 %
2025/12/04 21:06:29.931, 95.72 W, 94 %
2025/12/04 21:06:30.031, 95.72 W, 95 %
2025/12/04 21:06:30.131, 95.72 W, 95 %
2025/12/04 21:06:30.232, 95.72 W, 95 %
2025/12/04 21:06:30.332, 95.72 W, 95 %
2025/12/04 21:06:30.432, 95.72 W, 95 %
2025/12/04 21:06:30.532, 95.72 W, 95 %
2025/12/04 21:06:30.632, 95.72 W, 95 %
2025/12/04 21:06:30.732, 95.72 W, 95 %
2025/12/04 21:06:30.833, 95.72 W, 95 %
2025/12/04 21:06:30.933, 95.72 W, 95 %
2025/12/04 21:06:31.033, 95.72 W, 94 %
2025/12/04 21:06:31.133, 95.72 W, 94 %
2025/12/04 21:06:31.233, 95.72 W, 94 %
2025/12/04 21:06:31.333, 95.72 W, 94 %
2025/12/04 21:06:31.433, 95.72 W, 95 %
2025/12/04 21:06:31.534, 95.72 W, 95 %
2025/12/04 21:06:31.634, 95.72 W, 95 %
2025/12/04 21:06:31.734, 95.72 W, 95 %
2025/12/04 21:06:31.834, 95.72 W, 95 %
2025/12/04 21:06:31.934, 95.72 W, 95 %
2025/12/04 21:06:32.034, 95.72 W, 94 %
2025/12/04 21:06:32.135, 95.72 W, 94 %
2025/12/04 21:06:32.235, 95.72 W, 95 %
2025/12/04 21:06:32.335, 95.72 W, 95 %
2025/12/04 21:06:32.435, 95.72 W, 95 %
2025/12/04 21:06:32.535, 95.72 W, 95 %
2025/12/04 21:06:32.635, 95.72 W, 95 %
2025/12/04 21:06:32.735, 95.72 W, 95 %
2025/12/04 21:06:32.836, 95.72 W, 95 %
2025/12/04 21:06:32.936, 95.72 W, 95 %
2025/12/04 21:06:33.036, 95.72 W, 94 %
2025/12/04 21:06:33.136, 95.72 W, 94 %
2025/12/04 21:06:33.236, 95.72 W, 95 %
2025/12/04 21:06:33.336, 95.72 W, 95 %
2025/12/04 21:06:33.437, 95.72 W, 95 %
2025/12/04 21:06:33.537, 95.72 W, 95 %
2025/12/04 21:06:33.637, 95.72 W, 94 %
2025/12/04 21:06:33.737, 95.72 W, 94 %
2025/12/04 21:06:33.837, 95.72 W, 95 %
2025/12/04 21:06:33.937, 95.72 W, 95 %
2025/12/04 21:06:34.038, 95.72 W, 95 %
2025/12/04 21:06:34.138, 95.72 W, 95 %
2025/12/04 21:06:34.238, 95.72 W, 95 %
2025/12/04 21:06:34.338, 95.72 W, 95 %
2025/12/04 21:06:34.438, 95.72 W, 95 %
2025/12/04 21:06:34.538, 95.72 W, 95 %
2025/12/04 21:06:34.638, 95.72 W, 95 %
2025/12/04 21:06:34.739, 95.72 W, 95 %
2025/12/04 21:06:34.839, 95.72 W, 95 %
2025/12/04 21:06:34.939, 95.72 W, 95 %
2025/12/04 21:06:35.039, 95.72 W, 95 %
2025/12/04 21:06:35.139, 95.72 W, 95 %
2025/12/04 21:06:35.239, 95.72 W, 94 %
2025/12/04 21:06:35.340, 95.72 W, 94 %
2025/12/04 21:06:35.440, 95.72 W, 95 %
2025/12/04 21:06:35.540, 95.72 W, 95 %
2025/12/04 21:06:35.640, 95.72 W, 95 %
2025/12/04 21:06:35.740, 95.72 W, 95 %
2025/12/04 21:06:35.840, 95.72 W, 95 %
2025/12/04 21:06:35.941, 95.72 W, 95 %
2025/12/04 21:06:36.041, 95.72 W, 95 %
2025/12/04 21:06:36.141, 95.72 W, 95 %
2025/12/04 21:06:36.241, 95.72 W, 95 %
2025/12/04 21:06:36.341, 95.72 W, 95 %
2025/12/04 21:06:36.441, 95.72 W, 95 %
2025/12/04 21:06:36.541, 95.72 W, 95 %
2025/12/04 21:06:36.642, 95.72 W, 95 %
2025/12/04 21:06:36.742, 95.72 W, 95 %
2025/12/04 21:06:36.842, 95.72 W, 95 %
2025/12/04 21:06:36.942, 95.72 W, 95 %
2025/12/04 21:06:37.042, 95.72 W, 95 %
2025/12/04 21:06:37.142, 95.72 W, 95 %
2025/12/04 21:06:37.243, 95.72 W, 94 %
2025/12/04 21:06:37.343, 95.72 W, 94 %
2025/12/04 21:06:37.443, 95.72 W, 95 %
2025/12/04 21:06:37.543, 95.72 W, 95 %
2025/12/04 21:06:37.643, 95.72 W, 95 %
2025/12/04 21:06:37.743, 95.72 W, 95 %
2025/12/04 21:06:37.844, 95.72 W, 94 %
2025/12/04 21:06:37.944, 95.72 W, 94 %
2025/12/04 21:06:38.044, 95.72 W, 95 %
2025/12/04 21:06:38.144, 95.72 W, 95 %
2025/12/04 21:06:38.244, 95.72 W, 95 %
2025/12/04 21:06:38.344, 95.72 W, 95 %
2025/12/04 21:06:38.445, 95.72 W, 94 %
2025/12/04 21:06:38.545, 95.72 W, 94 %
2025/12/04 21:06:38.645, 95.72 W, 95 %
2025/12/04 21:06:38.745, 95.72 W, 95 %
2025/12/04 21:06:38.845, 95.72 W, 95 %
2025/12/04 21:06:38.945, 95.72 W, 95 %
2025/12/04 21:06:39.045, 95.72 W, 95 %
2025/12/04 21:06:39.146, 95.72 W, 95 %
2025/12/04 21:06:39.246, 95.72 W, 94 %
2025/12/04 21:06:39.346, 95.72 W, 94 %
2025/12/04 21:06:39.446, 95.72 W, 94 %
2025/12/04 21:06:39.546, 95.72 W, 94 %
2025/12/04 21:06:39.646, 95.99 W, 95 %
2025/12/04 21:06:39.747, 95.72 W, 95 %
2025/12/04 21:06:39.847, 95.72 W, 95 %
2025/12/04 21:06:39.947, 95.72 W, 95 %
2025/12/04 21:06:40.047, 95.72 W, 95 %
2025/12/04 21:06:40.147, 95.72 W, 95 %
2025/12/04 21:06:40.247, 95.72 W, 95 %
2025/12/04 21:06:40.348, 95.72 W, 95 %
2025/12/04 21:06:40.448, 95.72 W, 95 %
2025/12/04 21:06:40.548, 95.72 W, 95 %
2025/12/04 21:06:40.648, 95.72 W, 95 %
2025/12/04 21:06:40.748, 95.72 W, 95 %
2025/12/04 21:06:40.848, 95.72 W, 95 %
2025/12/04 21:06:40.949, 95.72 W, 95 %
2025/12/04 21:06:41.049, 95.72 W, 95 %
2025/12/04 21:06:41.149, 95.72 W, 95 %
2025/12/04 21:06:41.249, 95.72 W, 95 %
2025/12/04 21:06:41.349, 95.72 W, 95 %
2025/12/04 21:06:41.449, 95.72 W, 95 %
2025/12/04 21:06:41.550, 95.72 W, 95 %
2025/12/04 21:06:41.650, 95.72 W, 94 %
2025/12/04 21:06:41.750, 95.72 W, 94 %
2025/12/04 21:06:41.850, 95.72 W, 95 %
2025/12/04 21:06:41.950, 95.72 W, 95 %
2025/12/04 21:06:42.050, 95.72 W, 95 %
2025/12/04 21:06:42.150, 95.72 W, 95 %
2025/12/04 21:06:42.251, 95.72 W, 95 %
2025/12/04 21:06:42.351, 95.72 W, 95 %
2025/12/04 21:06:42.451, 95.72 W, 95 %
2025/12/04 21:06:42.551, 95.72 W, 95 %
2025/12/04 21:06:42.651, 95.72 W, 95 %
2025/12/04 21:06:42.751, 95.72 W, 95 %
2025/12/04 21:06:42.852, 95.72 W, 95 %
2025/12/04 21:06:42.952, 95.72 W, 95 %
2025/12/04 21:06:43.052, 95.72 W, 95 %
2025/12/04 21:06:43.152, 95.72 W, 95 %
2025/12/04 21:06:43.252, 95.72 W, 95 %
2025/12/04 21:06:43.352, 95.72 W, 95 %
2025/12/04 21:06:43.453, 95.72 W, 95 %
2025/12/04 21:06:43.553, 95.72 W, 95 %
2025/12/04 21:06:43.653, 95.72 W, 95 %
2025/12/04 21:06:43.753, 95.72 W, 95 %
2025/12/04 21:06:43.853, 95.72 W, 95 %
2025/12/04 21:06:43.953, 95.72 W, 95 %
2025/12/04 21:06:44.053, 95.72 W, 95 %
2025/12/04 21:06:44.154, 95.72 W, 95 %
2025/12/04 21:06:44.254, 95.72 W, 95 %
2025/12/04 21:06:44.354, 95.72 W, 95 %
2025/12/04 21:06:44.454, 95.72 W, 95 %
2025/12/04 21:06:44.554, 95.72 W, 95 %
2025/12/04 21:06:44.654, 95.72 W, 95 %
2025/12/04 21:06:44.755, 95.72 W, 95 %
2025/12/04 21:06:44.855, 95.72 W, 95 %
2025/12/04 21:06:44.955, 95.72 W, 95 %
2025/12/04 21:06:45.055, 95.72 W, 95 %
2025/12/04 21:06:45.155, 95.72 W, 95 %
2025/12/04 21:06:45.255, 95.72 W, 95 %
2025/12/04 21:06:45.356, 95.72 W, 95 %
2025/12/04 21:06:45.456, 95.72 W, 95 %
2025/12/04 21:06:45.556, 95.72 W, 95 %
2025/12/04 21:06:45.656, 95.72 W, 95 %
2025/12/04 21:06:45.756, 95.72 W, 95 %
2025/12/04 21:06:45.856, 95.72 W, 94 %
2025/12/04 21:06:45.956, 95.72 W, 94 %
2025/12/04 21:06:46.057, 95.72 W, 95 %
2025/12/04 21:06:46.157, 95.72 W, 95 %
2025/12/04 21:06:46.257, 95.72 W, 95 %
2025/12/04 21:06:46.357, 95.72 W, 95 %
2025/12/04 21:06:46.457, 95.72 W, 94 %
2025/12/04 21:06:46.557, 95.72 W, 94 %
2025/12/04 21:06:46.658, 95.72 W, 95 %
2025/12/04 21:06:46.758, 95.72 W, 95 %
2025/12/04 21:06:46.858, 95.72 W, 94 %
2025/12/04 21:06:46.958, 95.72 W, 94 %
2025/12/04 21:06:47.058, 95.72 W, 95 %
2025/12/04 21:06:47.158, 95.72 W, 95 %
2025/12/04 21:06:47.259, 95.72 W, 95 %
2025/12/04 21:06:47.359, 95.72 W, 95 %
2025/12/04 21:06:47.459, 95.72 W, 95 %
2025/12/04 21:06:47.559, 95.72 W, 95 %
2025/12/04 21:06:47.659, 95.72 W, 95 %
2025/12/04 21:06:47.759, 95.72 W, 95 %
2025/12/04 21:06:47.859, 95.72 W, 95 %
2025/12/04 21:06:47.960, 95.72 W, 95 %
2025/12/04 21:06:48.060, 95.72 W, 94 %
2025/12/04 21:06:48.160, 95.72 W, 94 %
2025/12/04 21:06:48.260, 95.72 W, 95 %
2025/12/04 21:06:48.360, 95.72 W, 95 %
2025/12/04 21:06:48.460, 95.72 W, 95 %
2025/12/04 21:06:48.561, 95.72 W, 95 %
2025/12/04 21:06:48.661, 95.72 W, 95 %
2025/12/04 21:06:48.761, 95.72 W, 95 %
2025/12/04 21:06:48.861, 95.72 W, 95 %
2025/12/04 21:06:48.961, 95.72 W, 95 %
2025/12/04 21:06:49.061, 95.72 W, 94 %
2025/12/04 21:06:49.162, 95.72 W, 94 %
2025/12/04 21:06:49.262, 95.72 W, 95 %
2025/12/04 21:06:49.362, 95.72 W, 95 %
2025/12/04 21:06:49.462, 95.72 W, 94 %
2025/12/04 21:06:49.562, 95.72 W, 94 %
2025/12/04 21:06:49.662, 95.72 W, 95 %
2025/12/04 21:06:49.763, 95.72 W, 95 %
2025/12/04 21:06:49.863, 95.72 W, 95 %
2025/12/04 21:06:49.963, 95.72 W, 95 %
2025/12/04 21:06:50.063, 95.72 W, 94 %
2025/12/04 21:06:50.163, 95.72 W, 94 %
2025/12/04 21:06:50.263, 95.72 W, 95 %
2025/12/04 21:06:50.363, 95.72 W, 95 %
2025/12/04 21:06:50.464, 95.72 W, 95 %
2025/12/04 21:06:50.564, 95.72 W, 95 %
2025/12/04 21:06:50.664, 95.72 W, 95 %
2025/12/04 21:06:50.764, 95.72 W, 95 %
2025/12/04 21:06:50.864, 95.72 W, 95 %
2025/12/04 21:06:50.964, 95.72 W, 95 %
2025/12/04 21:06:51.065, 95.72 W, 94 %
2025/12/04 21:06:51.165, 95.72 W, 94 %
2025/12/04 21:06:51.265, 95.72 W, 95 %
2025/12/04 21:06:51.365, 95.72 W, 95 %
2025/12/04 21:06:51.465, 95.72 W, 95 %
2025/12/04 21:06:51.565, 95.72 W, 95 %
2025/12/04 21:06:51.666, 95.72 W, 95 %
2025/12/04 21:06:51.766, 95.72 W, 95 %
2025/12/04 21:06:51.866, 95.72 W, 95 %
2025/12/04 21:06:51.966, 95.72 W, 95 %
2025/12/04 21:06:52.066, 95.72 W, 95 %
2025/12/04 21:06:52.166, 95.72 W, 95 %
2025/12/04 21:06:52.267, 95.72 W, 95 %
2025/12/04 21:06:52.367, 95.72 W, 95 %
2025/12/04 21:06:52.467, 95.72 W, 95 %
2025/12/04 21:06:52.567, 95.72 W, 95 %
2025/12/04 21:06:52.667, 95.72 W, 95 %
2025/12/04 21:06:52.767, 95.72 W, 95 %
2025/12/04 21:06:52.868, 95.72 W, 95 %
2025/12/04 21:06:52.968, 95.72 W, 95 %
2025/12/04 21:06:53.068, 95.72 W, 95 %
2025/12/04 21:06:53.168, 95.72 W, 95 %
2025/12/04 21:06:53.268, 95.72 W, 95 %
2025/12/04 21:06:53.368, 95.72 W, 95 %
2025/12/04 21:06:53.468, 95.72 W, 95 %
2025/12/04 21:06:53.569, 95.72 W, 95 %
2025/12/04 21:06:53.669, 95.72 W, 95 %
2025/12/04 21:06:53.769, 95.72 W, 95 %
2025/12/04 21:06:53.869, 95.72 W, 95 %
2025/12/04 21:06:53.969, 95.72 W, 95 %
2025/12/04 21:06:54.069, 95.72 W, 95 %
2025/12/04 21:06:54.170, 95.72 W, 95 %
2025/12/04 21:06:54.270, 95.72 W, 94 %
2025/12/04 21:06:54.370, 95.72 W, 94 %
2025/12/04 21:06:54.470, 95.72 W, 95 %
2025/12/04 21:06:54.570, 95.72 W, 95 %
2025/12/04 21:06:54.670, 95.72 W, 95 %
2025/12/04 21:06:54.771, 95.72 W, 95 %
2025/12/04 21:06:54.871, 95.72 W, 95 %
2025/12/04 21:06:54.971, 95.72 W, 95 %
2025/12/04 21:06:55.071, 95.72 W, 95 %
2025/12/04 21:06:55.171, 95.72 W, 95 %
2025/12/04 21:06:55.271, 95.72 W, 94 %
2025/12/04 21:06:55.372, 95.72 W, 94 %
2025/12/04 21:06:55.472, 95.72 W, 95 %
2025/12/04 21:06:55.572, 95.72 W, 95 %
2025/12/04 21:06:55.672, 95.72 W, 95 %
2025/12/04 21:06:55.772, 95.72 W, 95 %
2025/12/04 21:06:55.872, 95.72 W, 95 %
2025/12/04 21:06:55.972, 95.72 W, 95 %
2025/12/04 21:06:56.073, 95.72 W, 95 %
2025/12/04 21:06:56.173, 95.72 W, 95 %
2025/12/04 21:06:56.273, 95.72 W, 95 %
2025/12/04 21:06:56.373, 95.72 W, 95 %
2025/12/04 21:06:56.473, 95.72 W, 95 %
2025/12/04 21:06:56.573, 95.72 W, 95 %
2025/12/04 21:06:56.674, 95.72 W, 94 %
2025/12/04 21:06:56.774, 95.72 W, 94 %
2025/12/04 21:06:56.874, 95.72 W, 95 %
2025/12/04 21:06:56.974, 95.72 W, 95 %
2025/12/04 21:06:57.074, 95.72 W, 95 %
2025/12/04 21:06:57.174, 95.72 W, 95 %
2025/12/04 21:06:57.275, 95.72 W, 95 %
2025/12/04 21:06:57.375, 95.72 W, 95 %
2025/12/04 21:06:57.475, 95.72 W, 95 %
2025/12/04 21:06:57.575, 95.72 W, 95 %
2025/12/04 21:06:57.675, 95.72 W, 95 %
2025/12/04 21:06:57.775, 95.72 W, 95 %
2025/12/04 21:06:57.876, 95.72 W, 95 %
2025/12/04 21:06:57.976, 95.72 W, 95 %
2025/12/04 21:06:58.076, 95.72 W, 94 %
2025/12/04 21:06:58.176, 95.72 W, 94 %
2025/12/04 21:06:58.276, 95.72 W, 95 %
2025/12/04 21:06:58.376, 95.72 W, 95 %
2025/12/04 21:06:58.477, 95.72 W, 95 %
2025/12/04 21:06:58.577, 95.99 W, 95 %
2025/12/04 21:06:58.677, 95.72 W, 95 %
2025/12/04 21:06:58.777, 95.72 W, 95 %
2025/12/04 21:06:58.877, 95.72 W, 95 %
2025/12/04 21:06:58.977, 95.72 W, 95 %
2025/12/04 21:06:59.077, 95.72 W, 95 %
2025/12/04 21:06:59.178, 95.72 W, 95 %
2025/12/04 21:06:59.278, 95.72 W, 95 %
2025/12/04 21:06:59.378, 95.72 W, 95 %
2025/12/04 21:06:59.478, 95.72 W, 94 %
2025/12/04 21:06:59.578, 95.72 W, 94 %
2025/12/04 21:06:59.678, 95.72 W, 95 %
2025/12/04 21:06:59.779, 95.72 W, 95 %
2025/12/04 21:06:59.879, 95.72 W, 95 %
2025/12/04 21:06:59.979, 95.72 W, 95 %
2025/12/04 21:07:00.079, 95.72 W, 95 %
2025/12/04 21:07:00.179, 95.72 W, 95 %
2025/12/04 21:07:00.279, 95.72 W, 95 %
2025/12/04 21:07:00.380, 95.72 W, 95 %
2025/12/04 21:07:00.480, 95.72 W, 94 %
2025/12/04 21:07:00.580, 95.72 W, 94 %
2025/12/04 21:07:00.680, 95.72 W, 95 %
2025/12/04 21:07:00.780, 95.72 W, 95 %
2025/12/04 21:07:00.880, 95.72 W, 95 %
2025/12/04 21:07:00.981, 95.72 W, 95 %
2025/12/04 21:07:01.081, 95.72 W, 95 %
2025/12/04 21:07:01.181, 95.72 W, 95 %
2025/12/04 21:07:01.281, 95.72 W, 95 %
2025/12/04 21:07:01.381, 95.72 W, 95 %
2025/12/04 21:07:01.481, 95.72 W, 95 %
2025/12/04 21:07:01.582, 95.72 W, 95 %
2025/12/04 21:07:01.682, 95.72 W, 95 %
2025/12/04 21:07:01.782, 95.72 W, 95 %
2025/12/04 21:07:01.882, 95.72 W, 95 %
2025/12/04 21:07:01.982, 95.72 W, 95 %
2025/12/04 21:07:02.082, 95.72 W, 95 %
2025/12/04 21:07:02.182, 95.72 W, 95 %
2025/12/04 21:07:02.283, 95.72 W, 95 %
2025/12/04 21:07:02.383, 95.72 W, 95 %
2025/12/04 21:07:02.483, 95.72 W, 95 %
2025/12/04 21:07:02.583, 95.72 W, 95 %
2025/12/04 21:07:02.683, 95.72 W, 94 %
2025/12/04 21:07:02.783, 95.72 W, 94 %
2025/12/04 21:07:02.884, 95.72 W, 95 %
2025/12/04 21:07:02.984, 95.72 W, 95 %
2025/12/04 21:07:03.084, 95.72 W, 95 %
2025/12/04 21:07:03.184, 95.72 W, 95 %
2025/12/04 21:07:03.284, 95.72 W, 95 %
2025/12/04 21:07:03.384, 95.72 W, 95 %
2025/12/04 21:07:03.485, 95.72 W, 95 %
2025/12/04 21:07:03.585, 95.72 W, 94 %
2025/12/04 21:07:03.685, 95.72 W, 94 %
2025/12/04 21:07:03.785, 95.72 W, 94 %
2025/12/04 21:07:03.885, 95.72 W, 94 %
2025/12/04 21:07:03.985, 95.72 W, 94 %
2025/12/04 21:07:04.086, 95.72 W, 95 %
2025/12/04 21:07:04.186, 95.72 W, 95 %
2025/12/04 21:07:04.286, 95.72 W, 95 %
2025/12/04 21:07:04.386, 95.72 W, 95 %
2025/12/04 21:07:04.486, 95.72 W, 95 %
2025/12/04 21:07:04.586, 95.72 W, 95 %
2025/12/04 21:07:04.686, 95.72 W, 95 %
2025/12/04 21:07:04.787, 95.72 W, 95 %
2025/12/04 21:07:04.887, 95.72 W, 95 %
2025/12/04 21:07:04.987, 95.72 W, 95 %
2025/12/04 21:07:05.087, 95.72 W, 95 %
2025/12/04 21:07:05.187, 95.72 W, 95 %
2025/12/04 21:07:05.287, 95.72 W, 95 %
2025/12/04 21:07:05.388, 95.72 W, 95 %
2025/12/04 21:07:05.488, 95.72 W, 95 %
2025/12/04 21:07:05.588, 95.72 W, 95 %
2025/12/04 21:07:05.688, 95.72 W, 95 %
2025/12/04 21:07:05.788, 95.72 W, 95 %
2025/12/04 21:07:05.888, 95.72 W, 95 %
2025/12/04 21:07:05.989, 95.72 W, 94 %
2025/12/04 21:07:06.089, 95.72 W, 94 %
2025/12/04 21:07:06.189, 95.72 W, 95 %
2025/12/04 21:07:06.289, 95.72 W, 95 %
2025/12/04 21:07:06.389, 95.72 W, 95 %
2025/12/04 21:07:06.489, 95.72 W, 95 %
2025/12/04 21:07:06.590, 95.72 W, 94 %
2025/12/04 21:07:06.690, 95.72 W, 94 %
2025/12/04 21:07:06.790, 95.72 W, 94 %
2025/12/04 21:07:06.890, 95.72 W, 94 %
2025/12/04 21:07:06.990, 95.72 W, 95 %
2025/12/04 21:07:07.090, 95.99 W, 95 %
2025/12/04 21:07:07.190, 95.72 W, 94 %
2025/12/04 21:07:07.291, 95.72 W, 94 %
2025/12/04 21:07:07.391, 95.72 W, 95 %
2025/12/04 21:07:07.491, 95.72 W, 95 %
2025/12/04 21:07:07.591, 95.72 W, 95 %
2025/12/04 21:07:07.691, 95.72 W, 95 %
2025/12/04 21:07:07.791, 95.72 W, 95 %
2025/12/04 21:07:07.892, 95.72 W, 95 %
2025/12/04 21:07:07.992, 95.72 W, 95 %
2025/12/04 21:07:08.092, 95.72 W, 95 %
2025/12/04 21:07:08.192, 95.72 W, 94 %
2025/12/04 21:07:08.292, 95.72 W, 94 %
2025/12/04 21:07:08.392, 95.72 W, 95 %
2025/12/04 21:07:08.493, 95.72 W, 95 %
2025/12/04 21:07:08.593, 95.72 W, 95 %
2025/12/04 21:07:08.693, 95.72 W, 95 %
2025/12/04 21:07:08.793, 95.72 W, 95 %
2025/12/04 21:07:08.893, 95.72 W, 95 %
2025/12/04 21:07:08.993, 95.72 W, 95 %
2025/12/04 21:07:09.094, 95.72 W, 95 %
2025/12/04 21:07:09.194, 95.72 W, 94 %
2025/12/04 21:07:09.294, 95.72 W, 94 %
2025/12/04 21:07:09.394, 95.72 W, 94 %
2025/12/04 21:07:09.494, 95.99 W, 94 %
2025/12/04 21:07:09.594, 95.99 W, 95 %
2025/12/04 21:07:09.695, 95.72 W, 95 %
2025/12/04 21:07:09.795, 95.72 W, 94 %
2025/12/04 21:07:09.895, 95.72 W, 94 %
2025/12/04 21:07:09.995, 95.72 W, 95 %
2025/12/04 21:07:10.095, 95.72 W, 95 %
2025/12/04 21:07:10.195, 95.72 W, 95 %
2025/12/04 21:07:10.295, 95.72 W, 95 %
2025/12/04 21:07:10.396, 95.72 W, 94 %
2025/12/04 21:07:10.496, 95.72 W, 94 %
2025/12/04 21:07:10.596, 95.72 W, 95 %
2025/12/04 21:07:10.696, 95.72 W, 95 %
2025/12/04 21:07:10.796, 95.72 W, 95 %
2025/12/04 21:07:10.896, 95.72 W, 95 %
2025/12/04 21:07:10.997, 95.72 W, 95 %
2025/12/04 21:07:11.097, 95.72 W, 95 %
2025/12/04 21:07:11.197, 95.72 W, 95 %
2025/12/04 21:07:11.297, 95.72 W, 95 %
2025/12/04 21:07:11.397, 95.72 W, 94 %
2025/12/04 21:07:11.497, 95.72 W, 94 %
2025/12/04 21:07:11.598, 95.72 W, 95 %
2025/12/04 21:07:11.698, 95.72 W, 95 %
2025/12/04 21:07:11.798, 95.72 W, 95 %
2025/12/04 21:07:11.898, 95.72 W, 95 %
2025/12/04 21:07:11.998, 95.72 W, 95 %
2025/12/04 21:07:12.098, 95.72 W, 95 %
2025/12/04 21:07:12.199, 95.72 W, 95 %
2025/12/04 21:07:12.299, 95.72 W, 95 %
2025/12/04 21:07:12.399, 95.72 W, 95 %
2025/12/04 21:07:12.499, 95.72 W, 95 %
2025/12/04 21:07:12.599, 95.72 W, 94 %
2025/12/04 21:07:12.699, 95.72 W, 94 %
2025/12/04 21:07:12.799, 95.72 W, 95 %
2025/12/04 21:07:12.900, 95.72 W, 95 %
2025/12/04 21:07:13.000, 95.72 W, 95 %
2025/12/04 21:07:13.100, 95.72 W, 95 %
2025/12/04 21:07:13.200, 95.72 W, 95 %
2025/12/04 21:07:13.300, 95.72 W, 95 %
2025/12/04 21:07:13.400, 95.72 W, 95 %
2025/12/04 21:07:13.501, 95.72 W, 95 %
2025/12/04 21:07:13.601, 95.72 W, 94 %
2025/12/04 21:07:13.701, 95.72 W, 94 %
2025/12/04 21:07:13.801, 95.72 W, 95 %
2025/12/04 21:07:13.901, 95.72 W, 95 %
2025/12/04 21:07:14.001, 95.72 W, 94 %
2025/12/04 21:07:14.102, 95.72 W, 94 %
2025/12/04 21:07:14.202, 95.72 W, 95 %
2025/12/04 21:07:14.302, 95.72 W, 95 %
2025/12/04 21:07:14.402, 95.72 W, 95 %
2025/12/04 21:07:14.502, 95.72 W, 95 %
2025/12/04 21:07:14.602, 95.72 W, 95 %
2025/12/04 21:07:14.703, 95.72 W, 95 %
2025/12/04 21:07:14.803, 95.72 W, 95 %
2025/12/04 21:07:14.903, 95.72 W, 95 %
2025/12/04 21:07:15.003, 95.72 W, 95 %
2025/12/04 21:07:15.103, 95.72 W, 95 %
2025/12/04 21:07:15.203, 95.72 W, 95 %
2025/12/04 21:07:15.303, 95.39 W, 95 %
2025/12/04 21:07:15.404, 95.72 W, 93 %
2025/12/04 21:07:15.504, 95.72 W, 93 %
2025/12/04 21:07:15.604, 95.72 W, 95 %
2025/12/04 21:07:15.704, 95.72 W, 95 %
2025/12/04 21:07:15.804, 95.72 W, 94 %
2025/12/04 21:07:15.904, 95.72 W, 94 %
2025/12/04 21:07:16.005, 95.72 W, 95 %
2025/12/04 21:07:16.105, 95.72 W, 95 %
2025/12/04 21:07:16.205, 95.72 W, 95 %
2025/12/04 21:07:16.305, 95.72 W, 95 %
2025/12/04 21:07:16.405, 95.72 W, 95 %
2025/12/04 21:07:16.505, 95.72 W, 95 %
2025/12/04 21:07:16.606, 95.72 W, 95 %
2025/12/04 21:07:16.706, 95.72 W, 95 %
2025/12/04 21:07:16.806, 95.72 W, 95 %
2025/12/04 21:07:16.906, 95.72 W, 95 %
2025/12/04 21:07:17.006, 95.72 W, 95 %
2025/12/04 21:07:17.106, 95.72 W, 95 %
2025/12/04 21:07:17.206, 95.72 W, 95 %
2025/12/04 21:07:17.307, 95.72 W, 95 %
2025/12/04 21:07:17.407, 95.72 W, 95 %
2025/12/04 21:07:17.507, 95.72 W, 95 %
2025/12/04 21:07:17.607, 95.72 W, 95 %
2025/12/04 21:07:17.707, 95.72 W, 95 %
2025/12/04 21:07:17.807, 95.72 W, 94 %
2025/12/04 21:07:17.908, 95.72 W, 94 %
2025/12/04 21:07:18.008, 95.72 W, 94 %
2025/12/04 21:07:18.108, 95.72 W, 94 %
2025/12/04 21:07:18.208, 95.72 W, 95 %
2025/12/04 21:07:18.308, 95.72 W, 95 %
2025/12/04 21:07:18.408, 95.72 W, 93 %
2025/12/04 21:07:18.509, 95.72 W, 93 %
2025/12/04 21:07:18.609, 95.72 W, 95 %
2025/12/04 21:07:18.709, 95.72 W, 95 %
2025/12/04 21:07:18.809, 95.72 W, 95 %
2025/12/04 21:07:18.909, 95.72 W, 95 %
2025/12/04 21:07:19.009, 95.72 W, 94 %
2025/12/04 21:07:19.110, 95.72 W, 94 %
2025/12/04 21:07:19.210, 95.72 W, 95 %
2025/12/04 21:07:19.310, 95.72 W, 95 %
2025/12/04 21:07:19.410, 95.72 W, 95 %
2025/12/04 21:07:19.510, 95.72 W, 95 %
2025/12/04 21:07:19.610, 95.72 W, 95 %
2025/12/04 21:07:19.710, 95.72 W, 95 %
2025/12/04 21:07:19.811, 95.72 W, 94 %
2025/12/04 21:07:19.911, 95.72 W, 94 %
2025/12/04 21:07:20.011, 95.72 W, 94 %
2025/12/04 21:07:20.111, 95.72 W, 94 %
2025/12/04 21:07:20.211, 95.72 W, 94 %
2025/12/04 21:07:20.311, 95.72 W, 94 %
2025/12/04 21:07:20.412, 95.72 W, 95 %
2025/12/04 21:07:20.512, 95.72 W, 95 %
2025/12/04 21:07:20.612, 95.72 W, 94 %
2025/12/04 21:07:20.712, 95.72 W, 94 %
2025/12/04 21:07:20.812, 95.72 W, 94 %
2025/12/04 21:07:20.912, 95.72 W, 94 %
2025/12/04 21:07:21.013, 95.72 W, 94 %
2025/12/04 21:07:21.113, 95.72 W, 94 %
2025/12/04 21:07:21.213, 95.72 W, 94 %
2025/12/04 21:07:21.313, 95.72 W, 94 %
2025/12/04 21:07:21.413, 95.72 W, 94 %
2025/12/04 21:07:21.513, 95.72 W, 94 %
2025/12/04 21:07:21.613, 95.72 W, 95 %
2025/12/04 21:07:21.714, 95.72 W, 95 %
2025/12/04 21:07:21.814, 95.72 W, 95 %
2025/12/04 21:07:21.914, 95.72 W, 95 %
2025/12/04 21:07:22.014, 95.72 W, 95 %
2025/12/04 21:07:22.114, 95.72 W, 95 %
2025/12/04 21:07:22.214, 95.72 W, 95 %
2025/12/04 21:07:22.315, 95.72 W, 95 %
2025/12/04 21:07:22.415, 95.72 W, 94 %
2025/12/04 21:07:22.515, 95.72 W, 94 %
2025/12/04 21:07:22.615, 95.72 W, 94 %
2025/12/04 21:07:22.715, 95.72 W, 94 %
2025/12/04 21:07:22.815, 95.72 W, 95 %
2025/12/04 21:07:22.916, 95.72 W, 95 %
2025/12/04 21:07:23.016, 95.72 W, 95 %
2025/12/04 21:07:23.116, 95.72 W, 95 %
2025/12/04 21:07:23.216, 95.72 W, 95 %
2025/12/04 21:07:23.316, 95.72 W, 95 %
2025/12/04 21:07:23.416, 95.72 W, 95 %
2025/12/04 21:07:23.517, 95.72 W, 95 %
2025/12/04 21:07:23.617, 95.72 W, 94 %
2025/12/04 21:07:23.717, 95.72 W, 94 %
2025/12/04 21:07:23.817, 95.72 W, 95 %
2025/12/04 21:07:23.917, 95.72 W, 95 %
2025/12/04 21:07:24.017, 95.72 W, 95 %
2025/12/04 21:07:24.117, 95.72 W, 95 %
2025/12/04 21:07:24.218, 95.72 W, 95 %
2025/12/04 21:07:24.318, 95.72 W, 95 %
2025/12/04 21:07:24.418, 95.72 W, 95 %
2025/12/04 21:07:24.518, 95.72 W, 95 %
2025/12/04 21:07:24.618, 95.72 W, 94 %
2025/12/04 21:07:24.718, 95.72 W, 94 %
2025/12/04 21:07:24.819, 95.72 W, 95 %
2025/12/04 21:07:24.919, 95.72 W, 95 %
2025/12/04 21:07:25.019, 95.72 W, 95 %
2025/12/04 21:07:25.119, 95.72 W, 95 %
2025/12/04 21:07:25.219, 95.72 W, 95 %
2025/12/04 21:07:25.319, 95.72 W, 95 %
2025/12/04 21:07:25.420, 95.72 W, 95 %
2025/12/04 21:07:25.520, 95.72 W, 95 %
2025/12/04 21:07:25.620, 95.72 W, 95 %
2025/12/04 21:07:25.720, 95.72 W, 95 %
2025/12/04 21:07:25.820, 95.99 W, 95 %
2025/12/04 21:07:25.920, 95.72 W, 95 %
2025/12/04 21:07:26.021, 95.72 W, 95 %
2025/12/04 21:07:26.121, 95.72 W, 95 %
2025/12/04 21:07:26.221, 95.72 W, 95 %
2025/12/04 21:07:26.321, 95.72 W, 95 %
2025/12/04 21:07:26.421, 95.72 W, 95 %
2025/12/04 21:07:26.521, 95.72 W, 95 %
2025/12/04 21:07:26.622, 95.72 W, 95 %
2025/12/04 21:07:26.722, 95.72 W, 95 %
2025/12/04 21:07:26.822, 95.72 W, 94 %
2025/12/04 21:07:26.922, 95.72 W, 94 %
2025/12/04 21:07:27.022, 95.72 W, 95 %
2025/12/04 21:07:27.122, 95.72 W, 95 %
2025/12/04 21:07:27.222, 95.72 W, 95 %
2025/12/04 21:07:27.323, 95.72 W, 95 %
2025/12/04 21:07:27.423, 95.72 W, 95 %
2025/12/04 21:07:27.523, 95.72 W, 95 %
2025/12/04 21:07:27.623, 95.72 W, 95 %
2025/12/04 21:07:27.723, 95.72 W, 95 %
2025/12/04 21:07:27.823, 95.72 W, 94 %
2025/12/04 21:07:27.924, 95.72 W, 94 %
2025/12/04 21:07:28.024, 95.72 W, 95 %
2025/12/04 21:07:28.124, 95.72 W, 95 %
2025/12/04 21:07:28.224, 95.72 W, 95 %
2025/12/04 21:07:28.324, 95.72 W, 95 %
2025/12/04 21:07:28.424, 95.72 W, 95 %
2025/12/04 21:07:28.525, 95.72 W, 95 %
2025/12/04 21:07:28.625, 95.72 W, 95 %
2025/12/04 21:07:28.725, 95.72 W, 95 %
2025/12/04 21:07:28.825, 95.72 W, 95 %
2025/12/04 21:07:28.925, 95.72 W, 95 %
2025/12/04 21:07:29.025, 95.72 W, 94 %
2025/12/04 21:07:29.126, 95.72 W, 94 %
2025/12/04 21:07:29.226, 95.72 W, 95 %
2025/12/04 21:07:29.326, 95.72 W, 95 %
2025/12/04 21:07:29.426, 95.72 W, 95 %
2025/12/04 21:07:29.526, 95.72 W, 95 %
2025/12/04 21:07:29.626, 95.72 W, 95 %
2025/12/04 21:07:29.726, 95.72 W, 95 %
2025/12/04 21:07:29.827, 95.72 W, 94 %
2025/12/04 21:07:29.927, 95.72 W, 94 %
2025/12/04 21:07:30.027, 95.72 W, 94 %
2025/12/04 21:07:30.127, 95.72 W, 94 %
2025/12/04 21:07:30.227, 95.72 W, 94 %
2025/12/04 21:07:30.327, 95.72 W, 94 %
2025/12/04 21:07:30.428, 95.72 W, 95 %
2025/12/04 21:07:30.528, 95.72 W, 95 %
2025/12/04 21:07:30.628, 95.72 W, 95 %
2025/12/04 21:07:30.728, 95.72 W, 95 %
2025/12/04 21:07:30.828, 95.72 W, 95 %
2025/12/04 21:07:30.928, 95.72 W, 95 %
2025/12/04 21:07:31.029, 95.72 W, 94 %
2025/12/04 21:07:31.129, 95.72 W, 94 %
2025/12/04 21:07:31.229, 95.72 W, 94 %
2025/12/04 21:07:31.329, 95.72 W, 94 %
2025/12/04 21:07:31.429, 95.72 W, 94 %
2025/12/04 21:07:31.529, 95.72 W, 94 %
2025/12/04 21:07:31.629, 95.72 W, 95 %
2025/12/04 21:07:31.730, 95.72 W, 95 %
2025/12/04 21:07:31.830, 95.72 W, 95 %
2025/12/04 21:07:31.930, 95.72 W, 95 %
2025/12/04 21:07:32.030, 95.72 W, 95 %
2025/12/04 21:07:32.130, 95.72 W, 95 %
2025/12/04 21:07:32.230, 95.72 W, 94 %
2025/12/04 21:07:32.331, 95.72 W, 94 %
2025/12/04 21:07:32.431, 95.99 W, 94 %
2025/12/04 21:07:32.531, 95.72 W, 94 %
2025/12/04 21:07:32.631, 95.72 W, 95 %
2025/12/04 21:07:32.731, 95.72 W, 95 %
2025/12/04 21:07:32.831, 95.72 W, 95 %
2025/12/04 21:07:32.931, 95.72 W, 95 %
2025/12/04 21:07:33.032, 95.72 W, 95 %
2025/12/04 21:07:33.132, 95.72 W, 95 %
2025/12/04 21:07:33.232, 95.72 W, 95 %
2025/12/04 21:07:33.332, 95.72 W, 95 %
2025/12/04 21:07:33.432, 95.72 W, 95 %
2025/12/04 21:07:33.532, 95.72 W, 95 %
2025/12/04 21:07:33.633, 95.72 W, 95 %
2025/12/04 21:07:33.733, 95.99 W, 95 %
2025/12/04 21:07:33.833, 95.72 W, 95 %
2025/12/04 21:07:33.933, 95.72 W, 95 %
2025/12/04 21:07:34.033, 95.72 W, 95 %
2025/12/04 21:07:34.133, 95.72 W, 95 %
2025/12/04 21:07:34.234, 95.72 W, 94 %
2025/12/04 21:07:34.334, 95.72 W, 94 %
2025/12/04 21:07:34.434, 95.72 W, 94 %
2025/12/04 21:07:34.534, 95.72 W, 94 %
2025/12/04 21:07:34.634, 95.72 W, 95 %
2025/12/04 21:07:34.734, 95.72 W, 95 %
2025/12/04 21:07:34.834, 95.72 W, 95 %
2025/12/04 21:07:34.935, 95.72 W, 95 %
2025/12/04 21:07:35.035, 95.72 W, 95 %
2025/12/04 21:07:35.135, 95.72 W, 95 %
2025/12/04 21:07:35.235, 95.72 W, 95 %
2025/12/04 21:07:35.335, 95.72 W, 95 %
2025/12/04 21:07:35.435, 95.72 W, 94 %
2025/12/04 21:07:35.536, 95.72 W, 94 %
2025/12/04 21:07:35.636, 95.72 W, 94 %
2025/12/04 21:07:35.736, 95.72 W, 94 %
2025/12/04 21:07:35.836, 95.72 W, 95 %
2025/12/04 21:07:35.936, 95.72 W, 95 %
2025/12/04 21:07:36.036, 95.72 W, 94 %
2025/12/04 21:07:36.137, 95.72 W, 94 %
2025/12/04 21:07:36.237, 95.72 W, 95 %
2025/12/04 21:07:36.337, 95.72 W, 95 %
2025/12/04 21:07:36.437, 95.72 W, 95 %
2025/12/04 21:07:36.537, 95.72 W, 95 %
2025/12/04 21:07:36.637, 95.72 W, 95 %
2025/12/04 21:07:36.738, 95.72 W, 95 %
2025/12/04 21:07:36.838, 95.72 W, 95 %
2025/12/04 21:07:36.938, 95.72 W, 95 %
2025/12/04 21:07:37.038, 95.72 W, 95 %
2025/12/04 21:07:37.138, 95.72 W, 95 %
2025/12/04 21:07:37.238, 95.72 W, 95 %
2025/12/04 21:07:37.338, 95.72 W, 95 %
2025/12/04 21:07:37.439, 95.72 W, 95 %
2025/12/04 21:07:37.539, 95.72 W, 95 %
2025/12/04 21:07:37.639, 95.72 W, 94 %
2025/12/04 21:07:37.739, 95.72 W, 94 %
2025/12/04 21:07:37.839, 95.72 W, 95 %
2025/12/04 21:07:37.939, 95.72 W, 95 %
2025/12/04 21:07:38.040, 95.72 W, 95 %
2025/12/04 21:07:38.140, 95.72 W, 95 %
2025/12/04 21:07:38.240, 95.72 W, 95 %
2025/12/04 21:07:38.340, 95.72 W, 95 %
2025/12/04 21:07:38.440, 95.72 W, 95 %
2025/12/04 21:07:38.540, 95.72 W, 95 %
2025/12/04 21:07:38.641, 95.72 W, 94 %
2025/12/04 21:07:38.741, 95.72 W, 94 %
2025/12/04 21:07:38.841, 95.72 W, 95 %
2025/12/04 21:07:38.941, 95.72 W, 95 %
2025/12/04 21:07:39.041, 95.72 W, 95 %
2025/12/04 21:07:39.141, 95.72 W, 95 %
2025/12/04 21:07:39.241, 95.72 W, 95 %
2025/12/04 21:07:39.342, 95.72 W, 95 %
2025/12/04 21:07:39.442, 95.72 W, 95 %
2025/12/04 21:07:39.542, 95.72 W, 95 %
2025/12/04 21:07:39.642, 95.72 W, 95 %
2025/12/04 21:07:39.742, 95.72 W, 95 %
2025/12/04 21:07:39.842, 95.72 W, 95 %
2025/12/04 21:07:39.943, 95.72 W, 95 %
2025/12/04 21:07:40.043, 95.72 W, 94 %
2025/12/04 21:07:40.143, 95.72 W, 94 %
2025/12/04 21:07:40.243, 95.72 W, 95 %
2025/12/04 21:07:40.343, 95.72 W, 95 %
2025/12/04 21:07:40.443, 95.99 W, 95 %
2025/12/04 21:07:40.544, 95.72 W, 95 %
2025/12/04 21:07:40.644, 95.72 W, 94 %
2025/12/04 21:07:40.744, 95.72 W, 94 %
2025/12/04 21:07:40.844, 95.72 W, 94 %
2025/12/04 21:07:40.944, 95.72 W, 94 %
2025/12/04 21:07:41.044, 95.72 W, 95 %
2025/12/04 21:07:41.144, 95.72 W, 95 %
2025/12/04 21:07:41.245, 95.72 W, 95 %
2025/12/04 21:07:41.345, 95.72 W, 95 %
2025/12/04 21:07:41.445, 95.72 W, 94 %
2025/12/04 21:07:41.545, 95.72 W, 94 %
2025/12/04 21:07:41.645, 95.72 W, 95 %
2025/12/04 21:07:41.745, 95.72 W, 95 %
2025/12/04 21:07:41.846, 95.72 W, 94 %
2025/12/04 21:07:41.946, 95.72 W, 94 %
2025/12/04 21:07:42.046, 95.72 W, 95 %
2025/12/04 21:07:42.146, 95.72 W, 95 %
2025/12/04 21:07:42.246, 95.99 W, 94 %
2025/12/04 21:07:42.346, 95.72 W, 94 %
2025/12/04 21:07:42.447, 95.72 W, 95 %
2025/12/04 21:07:42.547, 95.72 W, 95 %
2025/12/04 21:07:42.647, 95.72 W, 95 %
2025/12/04 21:07:42.747, 95.72 W, 95 %
2025/12/04 21:07:42.847, 95.72 W, 94 %
2025/12/04 21:07:42.947, 95.72 W, 94 %
2025/12/04 21:07:43.047, 95.99 W, 94 %
2025/12/04 21:07:43.148, 95.99 W, 94 %
2025/12/04 21:07:43.248, 95.72 W, 95 %
2025/12/04 21:07:43.348, 95.72 W, 95 %
2025/12/04 21:07:43.448, 95.72 W, 95 %
2025/12/04 21:07:43.548, 95.99 W, 95 %
2025/12/04 21:07:43.648, 95.72 W, 95 %
2025/12/04 21:07:43.749, 95.72 W, 95 %
2025/12/04 21:07:43.849, 95.72 W, 94 %
2025/12/04 21:07:43.949, 95.72 W, 94 %
2025/12/04 21:07:44.049, 95.72 W, 95 %
2025/12/04 21:07:44.149, 95.72 W, 95 %
2025/12/04 21:07:44.249, 95.72 W, 94 %
2025/12/04 21:07:44.350, 95.72 W, 94 %
2025/12/04 21:07:44.450, 95.99 W, 95 %
2025/12/04 21:07:44.550, 95.72 W, 95 %
2025/12/04 21:07:44.650, 95.72 W, 95 %
2025/12/04 21:07:44.750, 95.72 W, 95 %
2025/12/04 21:07:44.850, 95.72 W, 95 %
2025/12/04 21:07:44.951, 95.72 W, 95 %
2025/12/04 21:07:45.051, 95.72 W, 94 %
2025/12/04 21:07:45.151, 95.72 W, 94 %
2025/12/04 21:07:45.251, 95.99 W, 95 %
2025/12/04 21:07:45.351, 95.72 W, 95 %
2025/12/04 21:07:45.451, 95.72 W, 95 %
2025/12/04 21:07:45.551, 95.72 W, 95 %
2025/12/04 21:07:45.652, 95.72 W, 95 %
2025/12/04 21:07:45.752, 95.72 W, 95 %
2025/12/04 21:07:45.852, 95.72 W, 95 %
2025/12/04 21:07:45.952, 95.72 W, 95 %
2025/12/04 21:07:46.052, 95.72 W, 94 %
2025/12/04 21:07:46.152, 95.72 W, 94 %
2025/12/04 21:07:46.253, 95.72 W, 95 %
2025/12/04 21:07:46.353, 95.72 W, 95 %
2025/12/04 21:07:46.453, 95.72 W, 95 %
2025/12/04 21:07:46.553, 95.72 W, 95 %
2025/12/04 21:07:46.653, 95.72 W, 95 %
2025/12/04 21:07:46.753, 95.72 W, 95 %
2025/12/04 21:07:46.854, 95.72 W, 95 %
2025/12/04 21:07:46.954, 95.72 W, 95 %
2025/12/04 21:07:47.054, 95.72 W, 95 %
2025/12/04 21:07:47.154, 95.72 W, 95 %
2025/12/04 21:07:47.254, 95.72 W, 94 %
2025/12/04 21:07:47.354, 95.72 W, 94 %
2025/12/04 21:07:47.454, 95.72 W, 95 %
2025/12/04 21:07:47.555, 95.72 W, 95 %
2025/12/04 21:07:47.655, 95.72 W, 95 %
2025/12/04 21:07:47.755, 95.72 W, 95 %
2025/12/04 21:07:47.855, 95.72 W, 95 %
2025/12/04 21:07:47.955, 95.72 W, 95 %
2025/12/04 21:07:48.055, 95.72 W, 95 %
2025/12/04 21:07:48.156, 95.72 W, 95 %
2025/12/04 21:07:48.256, 95.72 W, 95 %
2025/12/04 21:07:48.356, 95.72 W, 95 %
2025/12/04 21:07:48.456, 95.72 W, 95 %
2025/12/04 21:07:48.556, 95.72 W, 95 %
2025/12/04 21:07:48.656, 95.72 W, 95 %
2025/12/04 21:07:48.757, 95.72 W, 95 %
2025/12/04 21:07:48.857, 95.72 W, 95 %
2025/12/04 21:07:48.957, 95.72 W, 95 %
2025/12/04 21:07:49.057, 95.72 W, 95 %
2025/12/04 21:07:49.157, 95.72 W, 95 %
2025/12/04 21:07:49.257, 95.72 W, 94 %
2025/12/04 21:07:49.358, 95.72 W, 94 %
2025/12/04 21:07:49.458, 95.72 W, 95 %
2025/12/04 21:07:49.558, 95.72 W, 95 %
2025/12/04 21:07:49.658, 95.72 W, 95 %
2025/12/04 21:07:49.758, 95.72 W, 95 %
2025/12/04 21:07:49.858, 95.72 W, 95 %
2025/12/04 21:07:49.958, 95.72 W, 95 %
2025/12/04 21:07:50.059, 95.72 W, 95 %
2025/12/04 21:07:50.159, 95.72 W, 95 %
2025/12/04 21:07:50.259, 95.99 W, 95 %
2025/12/04 21:07:50.359, 95.72 W, 95 %
2025/12/04 21:07:50.459, 95.72 W, 95 %
2025/12/04 21:07:50.559, 95.72 W, 95 %
2025/12/04 21:07:50.660, 95.72 W, 95 %
2025/12/04 21:07:50.760, 95.72 W, 95 %
2025/12/04 21:07:50.860, 95.72 W, 95 %
2025/12/04 21:07:50.960, 95.72 W, 95 %
2025/12/04 21:07:51.060, 95.72 W, 95 %
2025/12/04 21:07:51.160, 95.72 W, 95 %
2025/12/04 21:07:51.261, 95.72 W, 95 %
2025/12/04 21:07:51.361, 95.72 W, 95 %
2025/12/04 21:07:51.461, 95.72 W, 94 %
2025/12/04 21:07:51.561, 95.72 W, 94 %
2025/12/04 21:07:51.661, 95.72 W, 95 %
2025/12/04 21:07:51.761, 95.72 W, 95 %
2025/12/04 21:07:51.861, 95.72 W, 95 %
2025/12/04 21:07:51.962, 95.72 W, 95 %
2025/12/04 21:07:52.062, 95.72 W, 95 %
2025/12/04 21:07:52.162, 95.72 W, 95 %
2025/12/04 21:07:52.262, 95.72 W, 95 %
2025/12/04 21:07:52.362, 95.72 W, 95 %
2025/12/04 21:07:52.462, 95.72 W, 95 %
2025/12/04 21:07:52.563, 95.72 W, 95 %
2025/12/04 21:07:52.663, 95.72 W, 95 %
2025/12/04 21:07:52.763, 95.72 W, 95 %
2025/12/04 21:07:52.863, 95.72 W, 95 %
2025/12/04 21:07:52.963, 95.72 W, 95 %
2025/12/04 21:07:53.063, 95.72 W, 95 %
2025/12/04 21:07:53.164, 95.72 W, 95 %
2025/12/04 21:07:53.264, 95.72 W, 95 %
2025/12/04 21:07:53.364, 95.72 W, 95 %
2025/12/04 21:07:53.464, 95.72 W, 94 %
2025/12/04 21:07:53.564, 95.72 W, 94 %
2025/12/04 21:07:53.664, 95.72 W, 95 %
2025/12/04 21:07:53.764, 95.72 W, 95 %
2025/12/04 21:07:53.865, 95.72 W, 95 %
2025/12/04 21:07:53.965, 95.72 W, 95 %
2025/12/04 21:07:54.065, 95.72 W, 95 %
2025/12/04 21:07:54.165, 95.72 W, 95 %
2025/12/04 21:07:54.265, 95.72 W, 95 %
2025/12/04 21:07:54.365, 95.72 W, 95 %
2025/12/04 21:07:54.466, 95.72 W, 94 %
2025/12/04 21:07:54.566, 95.72 W, 94 %
2025/12/04 21:07:54.666, 95.72 W, 95 %
2025/12/04 21:07:54.766, 95.72 W, 95 %
2025/12/04 21:07:54.866, 95.72 W, 95 %
2025/12/04 21:07:54.966, 95.72 W, 95 %
2025/12/04 21:07:55.067, 95.72 W, 95 %
2025/12/04 21:07:55.167, 95.72 W, 95 %
2025/12/04 21:07:55.267, 95.72 W, 95 %
2025/12/04 21:07:55.367, 95.72 W, 95 %
2025/12/04 21:07:55.467, 95.72 W, 95 %
2025/12/04 21:07:55.567, 95.72 W, 95 %
2025/12/04 21:07:55.668, 95.72 W, 95 %
2025/12/04 21:07:55.768, 95.72 W, 95 %
2025/12/04 21:07:55.868, 95.72 W, 95 %
2025/12/04 21:07:55.968, 95.72 W, 95 %
2025/12/04 21:07:56.068, 95.72 W, 95 %
2025/12/04 21:07:56.168, 95.72 W, 95 %
2025/12/04 21:07:56.268, 95.72 W, 95 %
2025/12/04 21:07:56.369, 95.72 W, 95 %
2025/12/04 21:07:56.469, 95.72 W, 95 %
2025/12/04 21:07:56.569, 95.72 W, 95 %
2025/12/04 21:07:56.669, 95.72 W, 94 %
2025/12/04 21:07:56.769, 95.72 W, 94 %
2025/12/04 21:07:56.869, 95.72 W, 95 %
2025/12/04 21:07:56.970, 95.72 W, 95 %
2025/12/04 21:07:57.070, 95.72 W, 95 %
2025/12/04 21:07:57.170, 95.72 W, 95 %
2025/12/04 21:07:57.270, 95.72 W, 95 %
2025/12/04 21:07:57.370, 95.72 W, 95 %
2025/12/04 21:07:57.470, 95.72 W, 95 %
2025/12/04 21:07:57.571, 95.72 W, 95 %
2025/12/04 21:07:57.671, 95.72 W, 95 %
2025/12/04 21:07:57.771, 95.72 W, 95 %
2025/12/04 21:07:57.871, 95.72 W, 94 %
2025/12/04 21:07:57.971, 95.72 W, 94 %
2025/12/04 21:07:58.071, 95.72 W, 95 %
2025/12/04 21:07:58.172, 95.72 W, 95 %
2025/12/04 21:07:58.272, 95.72 W, 95 %
2025/12/04 21:07:58.372, 95.72 W, 95 %
2025/12/04 21:07:58.472, 95.72 W, 95 %
2025/12/04 21:07:58.572, 95.72 W, 95 %
2025/12/04 21:07:58.672, 95.72 W, 95 %
2025/12/04 21:07:58.772, 95.72 W, 95 %
2025/12/04 21:07:58.873, 95.72 W, 95 %
2025/12/04 21:07:58.973, 95.72 W, 95 %
2025/12/04 21:07:59.073, 95.72 W, 95 %
2025/12/04 21:07:59.173, 95.72 W, 95 %
2025/12/04 21:07:59.273, 95.72 W, 95 %
2025/12/04 21:07:59.373, 95.72 W, 95 %
2025/12/04 21:07:59.474, 95.72 W, 95 %
2025/12/04 21:07:59.574, 95.72 W, 95 %
2025/12/04 21:07:59.674, 95.72 W, 95 %
2025/12/04 21:07:59.774, 95.72 W, 95 %
2025/12/04 21:07:59.874, 95.72 W, 94 %
2025/12/04 21:07:59.974, 95.72 W, 94 %
2025/12/04 21:08:00.075, 95.72 W, 95 %
2025/12/04 21:08:00.175, 95.72 W, 95 %
2025/12/04 21:08:00.275, 95.72 W, 94 %
2025/12/04 21:08:00.375, 95.72 W, 94 %
2025/12/04 21:08:00.475, 95.72 W, 95 %
2025/12/04 21:08:00.575, 95.72 W, 95 %
2025/12/04 21:08:00.675, 95.72 W, 95 %
2025/12/04 21:08:00.776, 95.72 W, 95 %
2025/12/04 21:08:00.876, 95.72 W, 95 %
2025/12/04 21:08:00.976, 95.72 W, 95 %
2025/12/04 21:08:01.076, 95.72 W, 95 %
2025/12/04 21:08:01.176, 95.72 W, 95 %
2025/12/04 21:08:01.276, 95.72 W, 95 %
2025/12/04 21:08:01.377, 95.72 W, 95 %
2025/12/04 21:08:01.477, 95.72 W, 95 %
2025/12/04 21:08:01.577, 95.72 W, 95 %
2025/12/04 21:08:01.677, 95.72 W, 95 %
2025/12/04 21:08:01.777, 95.72 W, 95 %
2025/12/04 21:08:01.877, 95.72 W, 95 %
2025/12/04 21:08:01.978, 95.72 W, 95 %
2025/12/04 21:08:02.078, 95.72 W, 95 %
2025/12/04 21:08:02.178, 95.72 W, 95 %
2025/12/04 21:08:02.278, 95.72 W, 95 %
2025/12/04 21:08:02.378, 95.72 W, 95 %
2025/12/04 21:08:02.478, 95.72 W, 95 %
2025/12/04 21:08:02.579, 95.72 W, 95 %
2025/12/04 21:08:02.679, 95.72 W, 95 %
2025/12/04 21:08:02.779, 95.72 W, 95 %
2025/12/04 21:08:02.879, 95.72 W, 95 %
2025/12/04 21:08:02.979, 95.72 W, 95 %
2025/12/04 21:08:03.079, 95.72 W, 94 %
2025/12/04 21:08:03.179, 95.72 W, 94 %
2025/12/04 21:08:03.280, 95.72 W, 94 %
2025/12/04 21:08:03.380, 95.72 W, 94 %
2025/12/04 21:08:03.480, 95.72 W, 95 %
2025/12/04 21:08:03.580, 95.72 W, 95 %
2025/12/04 21:08:03.680, 95.72 W, 95 %
2025/12/04 21:08:03.780, 95.72 W, 95 %
2025/12/04 21:08:03.881, 95.72 W, 95 %
2025/12/04 21:08:03.981, 95.72 W, 95 %
2025/12/04 21:08:04.081, 95.72 W, 95 %
2025/12/04 21:08:04.181, 95.72 W, 95 %
2025/12/04 21:08:04.281, 95.72 W, 95 %
2025/12/04 21:08:04.381, 95.72 W, 95 %
2025/12/04 21:08:04.482, 95.72 W, 95 %
2025/12/04 21:08:04.582, 95.72 W, 95 %
2025/12/04 21:08:04.682, 95.72 W, 95 %
2025/12/04 21:08:04.782, 95.72 W, 95 %
2025/12/04 21:08:04.882, 95.72 W, 95 %
2025/12/04 21:08:04.982, 95.72 W, 95 %
2025/12/04 21:08:05.083, 95.72 W, 95 %
2025/12/04 21:08:05.183, 95.72 W, 95 %
2025/12/04 21:08:05.283, 95.72 W, 95 %
2025/12/04 21:08:05.383, 95.72 W, 95 %
2025/12/04 21:08:05.483, 95.99 W, 95 %
2025/12/04 21:08:05.583, 95.72 W, 95 %
2025/12/04 21:08:05.684, 95.72 W, 95 %
2025/12/04 21:08:05.784, 95.72 W, 95 %
2025/12/04 21:08:05.884, 95.72 W, 95 %
2025/12/04 21:08:05.984, 95.72 W, 95 %
2025/12/04 21:08:06.084, 95.72 W, 95 %
2025/12/04 21:08:06.184, 95.72 W, 95 %
2025/12/04 21:08:06.284, 95.72 W, 94 %
2025/12/04 21:08:06.385, 95.72 W, 94 %
2025/12/04 21:08:06.485, 95.72 W, 94 %
2025/12/04 21:08:06.585, 95.72 W, 94 %
2025/12/04 21:08:06.685, 95.72 W, 94 %
2025/12/04 21:08:06.785, 95.72 W, 94 %
2025/12/04 21:08:06.885, 95.72 W, 95 %
2025/12/04 21:08:06.986, 95.72 W, 95 %
2025/12/04 21:08:07.086, 95.72 W, 95 %
2025/12/04 21:08:07.186, 95.72 W, 95 %
2025/12/04 21:08:07.286, 95.72 W, 95 %
2025/12/04 21:08:07.386, 95.72 W, 95 %
2025/12/04 21:08:07.486, 95.72 W, 94 %
2025/12/04 21:08:07.587, 95.72 W, 94 %
2025/12/04 21:08:07.687, 95.72 W, 94 %
2025/12/04 21:08:07.787, 95.72 W, 94 %
2025/12/04 21:08:07.887, 95.72 W, 95 %
2025/12/04 21:08:07.987, 95.72 W, 95 %
2025/12/04 21:08:08.087, 95.72 W, 95 %
2025/12/04 21:08:08.188, 95.72 W, 95 %
2025/12/04 21:08:08.288, 95.72 W, 95 %
2025/12/04 21:08:08.388, 95.72 W, 95 %
2025/12/04 21:08:08.488, 95.72 W, 95 %
2025/12/04 21:08:08.588, 95.72 W, 95 %
2025/12/04 21:08:08.688, 95.72 W, 95 %
2025/12/04 21:08:08.788, 95.72 W, 95 %
2025/12/04 21:08:08.889, 95.72 W, 94 %
2025/12/04 21:08:08.989, 95.72 W, 94 %
2025/12/04 21:08:09.089, 95.72 W, 94 %
2025/12/04 21:08:09.189, 95.72 W, 94 %
2025/12/04 21:08:09.289, 95.72 W, 95 %
2025/12/04 21:08:09.389, 95.72 W, 95 %
2025/12/04 21:08:09.490, 95.72 W, 95 %
2025/12/04 21:08:09.590, 95.72 W, 95 %
2025/12/04 21:08:09.690, 95.72 W, 94 %
2025/12/04 21:08:09.790, 95.72 W, 94 %
2025/12/04 21:08:09.890, 95.72 W, 95 %
2025/12/04 21:08:09.990, 95.72 W, 95 %
2025/12/04 21:08:10.091, 95.72 W, 95 %
2025/12/04 21:08:10.191, 95.72 W, 95 %
2025/12/04 21:08:10.291, 95.72 W, 95 %
2025/12/04 21:08:10.391, 95.72 W, 95 %
2025/12/04 21:08:10.491, 95.72 W, 94 %
2025/12/04 21:08:10.591, 95.72 W, 94 %
2025/12/04 21:08:10.692, 95.72 W, 95 %
2025/12/04 21:08:10.792, 95.72 W, 95 %
2025/12/04 21:08:10.892, 95.72 W, 94 %
2025/12/04 21:08:10.992, 95.72 W, 94 %
2025/12/04 21:08:11.092, 95.72 W, 95 %
2025/12/04 21:08:11.192, 95.72 W, 95 %
2025/12/04 21:08:11.292, 95.72 W, 95 %
2025/12/04 21:08:11.393, 95.72 W, 95 %
2025/12/04 21:08:11.493, 95.72 W, 95 %
2025/12/04 21:08:11.593, 95.72 W, 95 %
2025/12/04 21:08:11.693, 95.72 W, 95 %
2025/12/04 21:08:11.793, 95.72 W, 95 %
2025/12/04 21:08:11.893, 95.72 W, 95 %
2025/12/04 21:08:11.994, 95.72 W, 95 %
2025/12/04 21:08:12.094, 95.72 W, 95 %
2025/12/04 21:08:12.194, 95.72 W, 95 %
2025/12/04 21:08:12.294, 95.72 W, 95 %
2025/12/04 21:08:12.394, 95.72 W, 95 %
2025/12/04 21:08:12.494, 95.72 W, 95 %
2025/12/04 21:08:12.595, 95.72 W, 95 %
2025/12/04 21:08:12.695, 95.72 W, 95 %
2025/12/04 21:08:12.795, 95.72 W, 95 %
2025/12/04 21:08:12.895, 95.72 W, 94 %
2025/12/04 21:08:12.995, 95.72 W, 94 %
2025/12/04 21:08:13.095, 95.72 W, 94 %
2025/12/04 21:08:13.196, 95.72 W, 94 %
2025/12/04 21:08:13.296, 95.72 W, 94 %
2025/12/04 21:08:13.396, 95.72 W, 94 %
2025/12/04 21:08:13.496, 95.72 W, 95 %
2025/12/04 21:08:13.596, 95.72 W, 95 %
2025/12/04 21:08:13.696, 95.72 W, 95 %
2025/12/04 21:08:13.796, 95.72 W, 95 %
2025/12/04 21:08:13.897, 95.72 W, 94 %
2025/12/04 21:08:13.997, 95.72 W, 94 %
2025/12/04 21:08:14.097, 95.72 W, 95 %
2025/12/04 21:08:14.197, 95.72 W, 95 %
2025/12/04 21:08:14.297, 95.72 W, 95 %
2025/12/04 21:08:14.397, 95.72 W, 95 %
2025/12/04 21:08:14.498, 95.72 W, 95 %
2025/12/04 21:08:14.598, 95.72 W, 95 %
2025/12/04 21:08:14.698, 95.72 W, 95 %
2025/12/04 21:08:14.798, 95.99 W, 95 %
2025/12/04 21:08:14.898, 95.72 W, 94 %
2025/12/04 21:08:14.998, 95.72 W, 94 %
2025/12/04 21:08:15.099, 95.72 W, 95 %
2025/12/04 21:08:15.199, 95.72 W, 95 %
2025/12/04 21:08:15.299, 95.72 W, 95 %
2025/12/04 21:08:15.399, 95.72 W, 95 %
2025/12/04 21:08:15.499, 95.72 W, 95 %
2025/12/04 21:08:15.599, 95.72 W, 95 %
2025/12/04 21:08:15.700, 95.72 W, 95 %
2025/12/04 21:08:15.800, 95.72 W, 95 %
2025/12/04 21:08:15.900, 95.72 W, 95 %
2025/12/04 21:08:16.000, 95.72 W, 95 %
2025/12/04 21:08:16.100, 95.72 W, 94 %
2025/12/04 21:08:16.200, 95.72 W, 94 %
2025/12/04 21:08:16.300, 95.72 W, 95 %
2025/12/04 21:08:16.401, 95.72 W, 95 %
2025/12/04 21:08:16.501, 95.72 W, 95 %
2025/12/04 21:08:16.601, 95.72 W, 95 %
2025/12/04 21:08:16.701, 95.72 W, 95 %
2025/12/04 21:08:16.801, 95.72 W, 95 %
2025/12/04 21:08:16.901, 95.72 W, 95 %
2025/12/04 21:08:17.002, 95.72 W, 95 %
2025/12/04 21:08:17.102, 95.72 W, 95 %
2025/12/04 21:08:17.202, 95.72 W, 95 %
2025/12/04 21:08:17.302, 95.72 W, 94 %
2025/12/04 21:08:17.402, 95.72 W, 94 %
2025/12/04 21:08:17.502, 95.72 W, 95 %
2025/12/04 21:08:17.603, 95.72 W, 95 %
2025/12/04 21:08:17.703, 95.72 W, 95 %
2025/12/04 21:08:17.803, 95.72 W, 95 %
2025/12/04 21:08:17.903, 95.72 W, 95 %
2025/12/04 21:08:18.003, 95.72 W, 95 %
2025/12/04 21:08:18.103, 95.72 W, 95 %
2025/12/04 21:08:18.203, 95.72 W, 95 %
2025/12/04 21:08:18.304, 95.72 W, 95 %
2025/12/04 21:08:18.404, 95.72 W, 95 %
2025/12/04 21:08:18.504, 95.72 W, 95 %
2025/12/04 21:08:18.604, 95.72 W, 95 %
2025/12/04 21:08:18.704, 95.72 W, 95 %
2025/12/04 21:08:18.804, 95.72 W, 95 %
2025/12/04 21:08:18.905, 95.72 W, 94 %
2025/12/04 21:08:19.005, 95.72 W, 94 %
2025/12/04 21:08:19.105, 95.72 W, 93 %
2025/12/04 21:08:19.205, 95.72 W, 93 %
2025/12/04 21:08:19.305, 95.72 W, 94 %
2025/12/04 21:08:19.405, 95.72 W, 94 %
2025/12/04 21:08:19.506, 95.72 W, 95 %
2025/12/04 21:08:19.606, 95.72 W, 95 %
2025/12/04 21:08:19.706, 95.72 W, 95 %
2025/12/04 21:08:19.806, 95.72 W, 95 %
2025/12/04 21:08:19.906, 95.72 W, 95 %
2025/12/04 21:08:20.006, 95.72 W, 95 %
2025/12/04 21:08:20.106, 95.72 W, 95 %
2025/12/04 21:08:20.207, 95.72 W, 95 %
2025/12/04 21:08:20.307, 95.72 W, 94 %
2025/12/04 21:08:20.407, 95.72 W, 94 %
2025/12/04 21:08:20.507, 95.99 W, 95 %
2025/12/04 21:08:20.607, 95.72 W, 95 %
2025/12/04 21:08:20.707, 95.99 W, 95 %
2025/12/04 21:08:20.808, 95.72 W, 95 %
2025/12/04 21:08:20.908, 95.72 W, 94 %
2025/12/04 21:08:21.008, 95.72 W, 94 %
2025/12/04 21:08:21.108, 95.72 W, 95 %
2025/12/04 21:08:21.208, 95.72 W, 95 %
2025/12/04 21:08:21.308, 95.72 W, 95 %
2025/12/04 21:08:21.409, 95.72 W, 95 %
2025/12/04 21:08:21.509, 95.72 W, 94 %
2025/12/04 21:08:21.609, 95.72 W, 94 %
2025/12/04 21:08:21.709, 95.72 W, 95 %
2025/12/04 21:08:21.809, 95.72 W, 95 %
2025/12/04 21:08:21.909, 95.72 W, 95 %
2025/12/04 21:08:22.009, 95.72 W, 95 %
2025/12/04 21:08:22.110, 95.72 W, 95 %
2025/12/04 21:08:22.210, 95.72 W, 95 %
2025/12/04 21:08:22.310, 95.72 W, 95 %
2025/12/04 21:08:22.410, 95.72 W, 95 %
2025/12/04 21:08:22.510, 95.72 W, 94 %
2025/12/04 21:08:22.610, 95.72 W, 94 %
2025/12/04 21:08:22.711, 95.72 W, 95 %
2025/12/04 21:08:22.811, 95.72 W, 95 %
2025/12/04 21:08:22.911, 95.72 W, 95 %
2025/12/04 21:08:23.011, 95.72 W, 95 %
2025/12/04 21:08:23.111, 95.72 W, 95 %
2025/12/04 21:08:23.211, 95.72 W, 95 %
2025/12/04 21:08:23.312, 95.72 W, 95 %
2025/12/04 21:08:23.412, 95.72 W, 95 %
2025/12/04 21:08:23.512, 95.72 W, 95 %
2025/12/04 21:08:23.612, 95.72 W, 95 %
2025/12/04 21:08:23.712, 95.72 W, 94 %
2025/12/04 21:08:23.812, 95.72 W, 94 %
2025/12/04 21:08:23.912, 95.72 W, 95 %
2025/12/04 21:08:24.013, 95.72 W, 95 %
2025/12/04 21:08:24.113, 95.72 W, 94 %
2025/12/04 21:08:24.213, 95.72 W, 94 %
2025/12/04 21:08:24.313, 95.72 W, 95 %
2025/12/04 21:08:24.413, 95.72 W, 95 %
2025/12/04 21:08:24.513, 95.72 W, 95 %
2025/12/04 21:08:24.614, 95.72 W, 95 %
2025/12/04 21:08:24.714, 95.72 W, 94 %
2025/12/04 21:08:24.814, 95.72 W, 94 %
2025/12/04 21:08:24.914, 95.72 W, 94 %
2025/12/04 21:08:25.014, 95.72 W, 94 %
2025/12/04 21:08:25.114, 95.72 W, 95 %
2025/12/04 21:08:25.215, 95.72 W, 95 %
2025/12/04 21:08:25.315, 95.72 W, 95 %
2025/12/04 21:08:25.415, 95.72 W, 95 %
2025/12/04 21:08:25.515, 95.72 W, 95 %
2025/12/04 21:08:25.615, 95.72 W, 95 %
2025/12/04 21:08:25.715, 95.72 W, 94 %
2025/12/04 21:08:25.816, 95.72 W, 94 %
2025/12/04 21:08:25.916, 95.72 W, 95 %
2025/12/04 21:08:26.016, 95.72 W, 95 %
2025/12/04 21:08:26.116, 95.72 W, 95 %
2025/12/04 21:08:26.216, 95.72 W, 95 %
2025/12/04 21:08:26.316, 95.72 W, 95 %
2025/12/04 21:08:26.416, 95.72 W, 95 %
2025/12/04 21:08:26.517, 95.72 W, 95 %
2025/12/04 21:08:26.617, 95.72 W, 95 %
2025/12/04 21:08:26.717, 95.72 W, 95 %
2025/12/04 21:08:26.817, 95.72 W, 95 %
2025/12/04 21:08:26.917, 95.72 W, 95 %
2025/12/04 21:08:27.017, 95.72 W, 95 %
2025/12/04 21:08:27.118, 95.72 W, 95 %
2025/12/04 21:08:27.218, 95.72 W, 95 %
2025/12/04 21:08:27.318, 95.72 W, 95 %
2025/12/04 21:08:27.418, 95.72 W, 95 %
2025/12/04 21:08:27.518, 95.72 W, 95 %
2025/12/04 21:08:27.618, 95.72 W, 95 %
2025/12/04 21:08:27.719, 95.72 W, 94 %
2025/12/04 21:08:27.819, 95.72 W, 94 %
2025/12/04 21:08:27.919, 95.72 W, 94 %
2025/12/04 21:08:28.019, 95.72 W, 94 %
2025/12/04 21:08:28.119, 95.72 W, 95 %
2025/12/04 21:08:28.219, 95.72 W, 95 %
2025/12/04 21:08:28.320, 95.72 W, 95 %
2025/12/04 21:08:28.420, 95.72 W, 95 %
2025/12/04 21:08:28.520, 95.72 W, 95 %
2025/12/04 21:08:28.620, 95.72 W, 95 %
2025/12/04 21:08:28.720, 95.72 W, 95 %
2025/12/04 21:08:28.820, 95.72 W, 95 %
2025/12/04 21:08:28.921, 95.72 W, 94 %
2025/12/04 21:08:29.021, 95.72 W, 94 %
2025/12/04 21:08:29.121, 95.72 W, 95 %
2025/12/04 21:08:29.221, 95.72 W, 95 %
2025/12/04 21:08:29.321, 95.72 W, 94 %
2025/12/04 21:08:29.421, 95.72 W, 94 %
2025/12/04 21:08:29.522, 95.72 W, 95 %
2025/12/04 21:08:29.622, 95.72 W, 95 %
2025/12/04 21:08:29.722, 95.72 W, 95 %
2025/12/04 21:08:29.822, 95.72 W, 95 %
2025/12/04 21:08:29.922, 95.72 W, 95 %
2025/12/04 21:08:30.022, 95.72 W, 95 %
2025/12/04 21:08:30.123, 95.72 W, 94 %
2025/12/04 21:08:30.223, 95.72 W, 94 %
2025/12/04 21:08:30.323, 95.72 W, 95 %
2025/12/04 21:08:30.423, 95.72 W, 95 %
2025/12/04 21:08:30.523, 95.72 W, 95 %
2025/12/04 21:08:30.623, 95.72 W, 95 %
2025/12/04 21:08:30.723, 95.72 W, 94 %
2025/12/04 21:08:30.824, 95.72 W, 94 %
2025/12/04 21:08:30.924, 95.72 W, 94 %
2025/12/04 21:08:31.024, 95.72 W, 94 %
2025/12/04 21:08:31.124, 95.72 W, 94 %
2025/12/04 21:08:31.224, 95.72 W, 94 %
2025/12/04 21:08:31.324, 95.72 W, 94 %
2025/12/04 21:08:31.425, 95.72 W, 94 %
2025/12/04 21:08:31.525, 95.72 W, 95 %
2025/12/04 21:08:31.625, 95.72 W, 95 %
2025/12/04 21:08:31.725, 95.72 W, 95 %
2025/12/04 21:08:31.825, 95.72 W, 95 %
2025/12/04 21:08:31.925, 95.72 W, 95 %
2025/12/04 21:08:32.026, 95.72 W, 95 %
2025/12/04 21:08:32.126, 95.72 W, 94 %
2025/12/04 21:08:32.226, 95.72 W, 94 %
2025/12/04 21:08:32.326, 95.72 W, 95 %
2025/12/04 21:08:32.426, 95.72 W, 95 %
2025/12/04 21:08:32.526, 95.72 W, 95 %
2025/12/04 21:08:32.626, 95.72 W, 95 %
2025/12/04 21:08:32.727, 95.72 W, 95 %
2025/12/04 21:08:32.827, 95.72 W, 95 %
2025/12/04 21:08:32.927, 95.72 W, 95 %
2025/12/04 21:08:33.027, 95.99 W, 95 %
2025/12/04 21:08:33.127, 95.72 W, 95 %
2025/12/04 21:08:33.227, 95.72 W, 95 %
2025/12/04 21:08:33.328, 95.72 W, 95 %
2025/12/04 21:08:33.428, 95.72 W, 95 %
2025/12/04 21:08:33.528, 95.72 W, 95 %
2025/12/04 21:08:33.628, 95.72 W, 95 %
2025/12/04 21:08:33.728, 95.72 W, 95 %
2025/12/04 21:08:33.828, 95.72 W, 95 %
2025/12/04 21:08:33.929, 95.72 W, 95 %
2025/12/04 21:08:34.029, 95.72 W, 95 %
2025/12/04 21:08:34.129, 95.72 W, 95 %
2025/12/04 21:08:34.229, 95.72 W, 95 %
2025/12/04 21:08:34.329, 95.72 W, 94 %
2025/12/04 21:08:34.429, 95.72 W, 94 %
2025/12/04 21:08:34.530, 95.72 W, 95 %
2025/12/04 21:08:34.630, 95.72 W, 95 %
2025/12/04 21:08:34.730, 95.72 W, 95 %
2025/12/04 21:08:34.830, 95.72 W, 95 %
2025/12/04 21:08:34.930, 95.72 W, 95 %
2025/12/04 21:08:35.030, 95.72 W, 95 %
2025/12/04 21:08:35.131, 95.72 W, 95 %
2025/12/04 21:08:35.231, 95.72 W, 95 %
2025/12/04 21:08:35.331, 95.72 W, 95 %
2025/12/04 21:08:35.431, 95.72 W, 95 %
2025/12/04 21:08:35.531, 95.72 W, 95 %
2025/12/04 21:08:35.631, 95.72 W, 95 %
2025/12/04 21:08:35.732, 95.72 W, 95 %
2025/12/04 21:08:35.832, 95.72 W, 95 %
2025/12/04 21:08:35.932, 95.72 W, 95 %
2025/12/04 21:08:36.032, 95.72 W, 95 %
2025/12/04 21:08:36.132, 95.72 W, 95 %
2025/12/04 21:08:36.232, 95.72 W, 95 %
2025/12/04 21:08:36.332, 95.72 W, 95 %
2025/12/04 21:08:36.433, 95.72 W, 95 %
2025/12/04 21:08:36.533, 95.72 W, 95 %
2025/12/04 21:08:36.633, 95.72 W, 95 %
2025/12/04 21:08:36.733, 95.72 W, 95 %
2025/12/04 21:08:36.833, 95.72 W, 95 %
2025/12/04 21:08:36.933, 95.72 W, 95 %
2025/12/04 21:08:37.034, 95.72 W, 95 %
2025/12/04 21:08:37.134, 95.72 W, 95 %
2025/12/04 21:08:37.234, 95.72 W, 95 %
2025/12/04 21:08:37.334, 95.72 W, 95 %
2025/12/04 21:08:37.434, 95.72 W, 95 %
2025/12/04 21:08:37.534, 95.72 W, 94 %
2025/12/04 21:08:37.635, 95.72 W, 94 %
2025/12/04 21:08:37.735, 95.72 W, 95 %
2025/12/04 21:08:37.835, 95.72 W, 95 %
2025/12/04 21:08:37.935, 95.72 W, 95 %
2025/12/04 21:08:38.035, 95.72 W, 95 %
2025/12/04 21:08:38.135, 95.72 W, 95 %
2025/12/04 21:08:38.236, 95.72 W, 95 %
2025/12/04 21:08:38.336, 95.72 W, 95 %
2025/12/04 21:08:38.436, 95.72 W, 95 %
2025/12/04 21:08:38.536, 95.72 W, 95 %
2025/12/04 21:08:38.636, 95.72 W, 95 %
2025/12/04 21:08:38.736, 95.72 W, 95 %
2025/12/04 21:08:38.837, 95.72 W, 95 %
2025/12/04 21:08:38.937, 95.72 W, 94 %
2025/12/04 21:08:39.037, 95.72 W, 94 %
2025/12/04 21:08:39.137, 95.72 W, 95 %
2025/12/04 21:08:39.237, 95.72 W, 95 %
2025/12/04 21:08:39.337, 95.72 W, 95 %
2025/12/04 21:08:39.437, 95.72 W, 95 %
2025/12/04 21:08:39.538, 95.72 W, 94 %
2025/12/04 21:08:39.638, 95.72 W, 94 %
2025/12/04 21:08:39.738, 95.72 W, 95 %
2025/12/04 21:08:39.838, 95.72 W, 95 %
2025/12/04 21:08:39.938, 95.72 W, 95 %
2025/12/04 21:08:40.038, 95.72 W, 95 %
2025/12/04 21:08:40.139, 95.72 W, 95 %
2025/12/04 21:08:40.239, 95.72 W, 95 %
2025/12/04 21:08:40.339, 95.72 W, 95 %
2025/12/04 21:08:40.439, 95.72 W, 95 %
2025/12/04 21:08:40.539, 95.72 W, 94 %
2025/12/04 21:08:40.639, 95.72 W, 94 %
2025/12/04 21:08:40.740, 95.72 W, 94 %
2025/12/04 21:08:40.840, 95.72 W, 94 %
2025/12/04 21:08:40.940, 95.72 W, 95 %
2025/12/04 21:08:41.040, 95.72 W, 95 %
2025/12/04 21:08:41.140, 95.72 W, 94 %
2025/12/04 21:08:41.240, 95.72 W, 94 %
2025/12/04 21:08:41.341, 95.72 W, 95 %
2025/12/04 21:08:41.441, 95.72 W, 95 %
2025/12/04 21:08:41.541, 95.72 W, 95 %
2025/12/04 21:08:41.641, 95.72 W, 95 %
2025/12/04 21:08:41.741, 95.72 W, 94 %
2025/12/04 21:08:41.841, 95.72 W, 94 %
2025/12/04 21:08:41.942, 95.72 W, 95 %
2025/12/04 21:08:42.042, 95.72 W, 95 %
2025/12/04 21:08:42.142, 95.72 W, 94 %
2025/12/04 21:08:42.242, 95.72 W, 94 %
2025/12/04 21:08:42.342, 95.72 W, 95 %
2025/12/04 21:08:42.442, 95.72 W, 95 %
2025/12/04 21:08:42.543, 95.72 W, 95 %
2025/12/04 21:08:42.643, 95.72 W, 95 %
2025/12/04 21:08:42.743, 95.72 W, 95 %
2025/12/04 21:08:42.843, 95.72 W, 95 %
2025/12/04 21:08:42.943, 95.72 W, 94 %
2025/12/04 21:08:43.043, 95.72 W, 94 %
2025/12/04 21:08:43.144, 95.72 W, 95 %
2025/12/04 21:08:43.244, 95.72 W, 95 %
2025/12/04 21:08:43.344, 95.72 W, 95 %
2025/12/04 21:08:43.444, 95.72 W, 95 %
2025/12/04 21:08:43.544, 95.72 W, 95 %
2025/12/04 21:08:43.644, 95.72 W, 95 %
2025/12/04 21:08:43.745, 95.72 W, 94 %
2025/12/04 21:08:43.845, 95.72 W, 94 %
2025/12/04 21:08:43.945, 95.72 W, 95 %
2025/12/04 21:08:44.045, 95.72 W, 95 %
2025/12/04 21:08:44.145, 95.72 W, 95 %
2025/12/04 21:08:44.245, 95.72 W, 95 %
2025/12/04 21:08:44.346, 95.72 W, 95 %
2025/12/04 21:08:44.446, 95.72 W, 95 %
2025/12/04 21:08:44.546, 95.72 W, 95 %
2025/12/04 21:08:44.646, 95.72 W, 95 %
2025/12/04 21:08:44.746, 95.72 W, 95 %
2025/12/04 21:08:44.846, 95.72 W, 95 %
2025/12/04 21:08:44.946, 95.72 W, 95 %
2025/12/04 21:08:45.047, 95.72 W, 95 %
2025/12/04 21:08:45.147, 95.72 W, 95 %
2025/12/04 21:08:45.247, 95.72 W, 95 %
2025/12/04 21:08:45.347, 95.72 W, 95 %
2025/12/04 21:08:45.447, 95.72 W, 95 %
2025/12/04 21:08:45.547, 95.72 W, 95 %
2025/12/04 21:08:45.648, 95.72 W, 95 %
2025/12/04 21:08:45.748, 95.72 W, 95 %
2025/12/04 21:08:45.848, 95.72 W, 95 %
2025/12/04 21:08:45.948, 95.72 W, 94 %
2025/12/04 21:08:46.048, 95.72 W, 94 %
2025/12/04 21:08:46.148, 95.72 W, 94 %
2025/12/04 21:08:46.249, 95.72 W, 94 %
2025/12/04 21:08:46.349, 95.72 W, 95 %
2025/12/04 21:08:46.449, 95.72 W, 95 %
2025/12/04 21:08:46.549, 95.72 W, 94 %
2025/12/04 21:08:46.649, 95.72 W, 94 %
2025/12/04 21:08:46.749, 95.72 W, 95 %
2025/12/04 21:08:46.850, 95.72 W, 95 %
2025/12/04 21:08:46.950, 95.72 W, 95 %
2025/12/04 21:08:47.050, 95.72 W, 95 %
2025/12/04 21:08:47.150, 95.72 W, 95 %
2025/12/04 21:08:47.250, 95.72 W, 95 %
2025/12/04 21:08:47.350, 95.72 W, 95 %
2025/12/04 21:08:47.451, 95.72 W, 95 %
2025/12/04 21:08:47.551, 95.72 W, 95 %
2025/12/04 21:08:47.651, 95.72 W, 95 %
2025/12/04 21:08:47.751, 95.72 W, 95 %
2025/12/04 21:08:47.851, 95.72 W, 95 %
2025/12/04 21:08:47.951, 95.72 W, 95 %
2025/12/04 21:08:48.052, 95.72 W, 95 %
2025/12/04 21:08:48.152, 95.72 W, 95 %
2025/12/04 21:08:48.252, 95.72 W, 95 %
2025/12/04 21:08:48.352, 95.72 W, 95 %
2025/12/04 21:08:48.452, 95.72 W, 95 %
2025/12/04 21:08:48.552, 95.72 W, 95 %
2025/12/04 21:08:48.653, 95.72 W, 95 %
2025/12/04 21:08:48.753, 95.72 W, 95 %
2025/12/04 21:08:48.853, 95.72 W, 95 %
2025/12/04 21:08:48.953, 95.72 W, 95 %
2025/12/04 21:08:49.053, 95.72 W, 95 %
2025/12/04 21:08:49.153, 95.72 W, 94 %
2025/12/04 21:08:49.254, 95.72 W, 94 %
2025/12/04 21:08:49.354, 95.72 W, 94 %
2025/12/04 21:08:49.454, 95.72 W, 94 %
2025/12/04 21:08:49.554, 95.72 W, 95 %
2025/12/04 21:08:49.654, 95.72 W, 95 %
2025/12/04 21:08:49.754, 95.72 W, 95 %
2025/12/04 21:08:49.855, 95.72 W, 95 %
2025/12/04 21:08:49.955, 95.72 W, 95 %
2025/12/04 21:08:50.055, 95.72 W, 95 %
2025/12/04 21:08:50.155, 95.72 W, 95 %
2025/12/04 21:08:50.255, 95.72 W, 95 %
2025/12/04 21:08:50.355, 95.72 W, 95 %
2025/12/04 21:08:50.456, 95.72 W, 95 %
2025/12/04 21:08:50.556, 95.72 W, 95 %
2025/12/04 21:08:50.656, 95.72 W, 95 %
2025/12/04 21:08:50.756, 95.72 W, 95 %
2025/12/04 21:08:50.856, 95.72 W, 95 %
2025/12/04 21:08:50.956, 95.72 W, 95 %
2025/12/04 21:08:51.056, 95.72 W, 95 %
2025/12/04 21:08:51.157, 95.72 W, 95 %
2025/12/04 21:08:51.257, 95.72 W, 95 %
2025/12/04 21:08:51.357, 95.72 W, 95 %
2025/12/04 21:08:51.457, 95.72 W, 95 %
2025/12/04 21:08:51.557, 95.72 W, 95 %
2025/12/04 21:08:51.657, 95.72 W, 95 %
2025/12/04 21:08:51.758, 95.72 W, 95 %
2025/12/04 21:08:51.858, 95.72 W, 95 %
2025/12/04 21:08:51.958, 95.72 W, 95 %
2025/12/04 21:08:52.058, 95.72 W, 95 %
2025/12/04 21:08:52.158, 95.72 W, 95 %
2025/12/04 21:08:52.258, 95.72 W, 95 %
2025/12/04 21:08:52.359, 95.72 W, 94 %
2025/12/04 21:08:52.459, 95.72 W, 94 %
2025/12/04 21:08:52.559, 95.72 W, 94 %
2025/12/04 21:08:52.659, 95.72 W, 94 %
2025/12/04 21:08:52.759, 95.72 W, 95 %
2025/12/04 21:08:52.859, 95.72 W, 95 %
2025/12/04 21:08:52.960, 95.72 W, 95 %
2025/12/04 21:08:53.060, 95.72 W, 95 %
2025/12/04 21:08:53.160, 95.72 W, 95 %
2025/12/04 21:08:53.260, 95.72 W, 95 %
2025/12/04 21:08:53.360, 95.72 W, 95 %
2025/12/04 21:08:53.460, 95.72 W, 95 %
2025/12/04 21:08:53.561, 95.72 W, 95 %
2025/12/04 21:08:53.661, 95.72 W, 95 %
2025/12/04 21:08:53.761, 95.72 W, 94 %
2025/12/04 21:08:53.861, 95.72 W, 94 %
2025/12/04 21:08:53.961, 95.72 W, 95 %
2025/12/04 21:08:54.061, 95.72 W, 95 %
2025/12/04 21:08:54.162, 95.72 W, 95 %
2025/12/04 21:08:54.262, 95.72 W, 95 %
2025/12/04 21:08:54.362, 95.72 W, 95 %
2025/12/04 21:08:54.462, 95.72 W, 95 %
2025/12/04 21:08:54.562, 95.72 W, 94 %
2025/12/04 21:08:54.662, 95.72 W, 94 %
2025/12/04 21:08:54.763, 95.72 W, 95 %
2025/12/04 21:08:54.863, 95.72 W, 95 %
2025/12/04 21:08:54.963, 95.72 W, 95 %
2025/12/04 21:08:55.063, 95.72 W, 95 %
2025/12/04 21:08:55.163, 95.72 W, 95 %
2025/12/04 21:08:55.263, 95.72 W, 95 %
2025/12/04 21:08:55.364, 95.72 W, 95 %
2025/12/04 21:08:55.464, 95.72 W, 95 %
2025/12/04 21:08:55.564, 95.72 W, 94 %
2025/12/04 21:08:55.664, 95.72 W, 94 %
2025/12/04 21:08:55.764, 95.72 W, 95 %
2025/12/04 21:08:55.864, 95.72 W, 95 %
2025/12/04 21:08:55.965, 95.72 W, 95 %
2025/12/04 21:08:56.065, 95.72 W, 95 %
2025/12/04 21:08:56.165, 95.72 W, 95 %
2025/12/04 21:08:56.265, 95.72 W, 95 %
2025/12/04 21:08:56.365, 95.72 W, 95 %
2025/12/04 21:08:56.465, 95.72 W, 95 %
2025/12/04 21:08:56.566, 95.72 W, 95 %
2025/12/04 21:08:56.666, 95.72 W, 95 %
2025/12/04 21:08:56.766, 95.72 W, 94 %
2025/12/04 21:08:56.866, 95.72 W, 94 %
2025/12/04 21:08:56.966, 95.72 W, 95 %
2025/12/04 21:08:57.066, 95.72 W, 95 %
2025/12/04 21:08:57.167, 95.72 W, 95 %
2025/12/04 21:08:57.267, 95.72 W, 95 %
2025/12/04 21:08:57.367, 95.72 W, 95 %
2025/12/04 21:08:57.467, 95.72 W, 95 %
2025/12/04 21:08:57.567, 95.72 W, 95 %
2025/12/04 21:08:57.667, 95.72 W, 95 %
2025/12/04 21:08:57.767, 95.72 W, 94 %
2025/12/04 21:08:57.868, 95.72 W, 94 %
2025/12/04 21:08:57.968, 95.72 W, 95 %
2025/12/04 21:08:58.068, 95.72 W, 95 %
2025/12/04 21:08:58.168, 95.72 W, 95 %
2025/12/04 21:08:58.268, 95.72 W, 95 %
2025/12/04 21:08:58.368, 95.72 W, 95 %
2025/12/04 21:08:58.469, 95.72 W, 95 %
2025/12/04 21:08:58.569, 95.72 W, 95 %
2025/12/04 21:08:58.669, 95.72 W, 95 %
2025/12/04 21:08:58.769, 95.72 W, 95 %
2025/12/04 21:08:58.869, 95.72 W, 95 %
2025/12/04 21:08:58.969, 95.72 W, 95 %
2025/12/04 21:08:59.070, 95.72 W, 95 %
2025/12/04 21:08:59.170, 95.72 W, 95 %
2025/12/04 21:08:59.270, 95.72 W, 95 %
2025/12/04 21:08:59.370, 95.72 W, 95 %
2025/12/04 21:08:59.470, 95.72 W, 95 %
2025/12/04 21:08:59.570, 95.72 W, 94 %
2025/12/04 21:08:59.671, 95.99 W, 94 %
2025/12/04 21:08:59.771, 95.72 W, 95 %
2025/12/04 21:08:59.871, 95.72 W, 95 %
2025/12/04 21:08:59.971, 95.72 W, 95 %
2025/12/04 21:09:00.071, 95.99 W, 95 %
2025/12/04 21:09:00.171, 95.72 W, 94 %
2025/12/04 21:09:00.272, 95.72 W, 94 %
2025/12/04 21:09:00.372, 95.72 W, 95 %
2025/12/04 21:09:00.472, 95.72 W, 95 %
2025/12/04 21:09:00.572, 95.72 W, 94 %
2025/12/04 21:09:00.672, 95.72 W, 94 %
2025/12/04 21:09:00.772, 95.72 W, 95 %
2025/12/04 21:09:00.872, 95.72 W, 95 %
2025/12/04 21:09:00.973, 95.72 W, 95 %
2025/12/04 21:09:01.073, 95.72 W, 95 %
2025/12/04 21:09:01.173, 95.72 W, 94 %
2025/12/04 21:09:01.273, 95.72 W, 94 %
2025/12/04 21:09:01.373, 95.72 W, 95 %
2025/12/04 21:09:01.473, 95.72 W, 95 %
2025/12/04 21:09:01.574, 95.72 W, 95 %
2025/12/04 21:09:01.674, 95.72 W, 95 %
2025/12/04 21:09:01.774, 95.72 W, 95 %
2025/12/04 21:09:01.874, 95.72 W, 95 %
2025/12/04 21:09:01.974, 95.72 W, 95 %
2025/12/04 21:09:02.074, 95.72 W, 95 %
2025/12/04 21:09:02.175, 95.72 W, 94 %
2025/12/04 21:09:02.275, 95.72 W, 94 %
2025/12/04 21:09:02.375, 95.72 W, 95 %
2025/12/04 21:09:02.475, 95.72 W, 95 %
2025/12/04 21:09:02.575, 95.72 W, 94 %
2025/12/04 21:09:02.675, 95.72 W, 94 %
2025/12/04 21:09:02.776, 95.72 W, 95 %
2025/12/04 21:09:02.876, 95.72 W, 95 %
2025/12/04 21:09:02.976, 95.72 W, 95 %
2025/12/04 21:09:03.076, 95.72 W, 95 %
2025/12/04 21:09:03.176, 95.72 W, 95 %
2025/12/04 21:09:03.276, 95.72 W, 95 %
2025/12/04 21:09:03.377, 95.72 W, 94 %
2025/12/04 21:09:03.477, 95.72 W, 94 %
2025/12/04 21:09:03.577, 95.72 W, 95 %
2025/12/04 21:09:03.677, 95.72 W, 95 %
2025/12/04 21:09:03.777, 95.72 W, 95 %
2025/12/04 21:09:03.877, 95.72 W, 95 %
2025/12/04 21:09:03.977, 95.72 W, 95 %
2025/12/04 21:09:04.078, 95.72 W, 95 %
2025/12/04 21:09:04.178, 95.72 W, 95 %
2025/12/04 21:09:04.278, 95.72 W, 95 %
2025/12/04 21:09:04.378, 95.72 W, 94 %
2025/12/04 21:09:04.478, 95.72 W, 94 %
2025/12/04 21:09:04.578, 95.72 W, 95 %
2025/12/04 21:09:04.679, 95.72 W, 95 %
2025/12/04 21:09:04.779, 95.72 W, 95 %
2025/12/04 21:09:04.879, 95.72 W, 95 %
2025/12/04 21:09:04.979, 95.72 W, 95 %
2025/12/04 21:09:05.079, 95.72 W, 95 %
2025/12/04 21:09:05.179, 95.72 W, 95 %
2025/12/04 21:09:05.280, 95.72 W, 95 %
2025/12/04 21:09:05.380, 95.72 W, 95 %
2025/12/04 21:09:05.480, 95.72 W, 95 %
2025/12/04 21:09:05.580, 95.72 W, 94 %
2025/12/04 21:09:05.680, 95.72 W, 94 %
2025/12/04 21:09:05.780, 95.72 W, 95 %
2025/12/04 21:09:05.881, 95.72 W, 95 %
2025/12/04 21:09:05.981, 95.72 W, 95 %
2025/12/04 21:09:06.081, 95.72 W, 95 %
2025/12/04 21:09:06.181, 95.72 W, 95 %
2025/12/04 21:09:06.281, 95.72 W, 95 %
2025/12/04 21:09:06.381, 95.72 W, 95 %
2025/12/04 21:09:06.482, 95.72 W, 95 %
2025/12/04 21:09:06.582, 95.72 W, 94 %
2025/12/04 21:09:06.682, 95.72 W, 94 %
2025/12/04 21:09:06.782, 95.72 W, 95 %
2025/12/04 21:09:06.882, 95.72 W, 95 %
2025/12/04 21:09:06.982, 95.72 W, 95 %
2025/12/04 21:09:07.083, 95.72 W, 95 %
2025/12/04 21:09:07.183, 95.99 W, 95 %
2025/12/04 21:09:07.283, 95.72 W, 95 %
2025/12/04 21:09:07.383, 95.72 W, 95 %
2025/12/04 21:09:07.483, 95.72 W, 95 %
2025/12/04 21:09:07.583, 95.72 W, 94 %
2025/12/04 21:09:07.684, 95.72 W, 94 %
2025/12/04 21:09:07.784, 95.72 W, 94 %
2025/12/04 21:09:07.884, 95.72 W, 94 %
2025/12/04 21:09:07.984, 95.72 W, 95 %
2025/12/04 21:09:08.084, 95.72 W, 95 %
2025/12/04 21:09:08.184, 95.72 W, 95 %
2025/12/04 21:09:08.285, 95.72 W, 95 %
2025/12/04 21:09:08.385, 95.72 W, 95 %
2025/12/04 21:09:08.485, 95.72 W, 95 %
2025/12/04 21:09:08.585, 95.72 W, 95 %
2025/12/04 21:09:08.685, 95.72 W, 95 %
2025/12/04 21:09:08.785, 95.72 W, 95 %
2025/12/04 21:09:08.886, 95.72 W, 95 %
2025/12/04 21:09:08.986, 95.72 W, 94 %
2025/12/04 21:09:09.086, 95.72 W, 94 %
2025/12/04 21:09:09.186, 95.72 W, 95 %
2025/12/04 21:09:09.286, 95.72 W, 95 %
2025/12/04 21:09:09.386, 95.72 W, 95 %
2025/12/04 21:09:09.487, 95.72 W, 95 %
2025/12/04 21:09:09.587, 95.72 W, 95 %
2025/12/04 21:09:09.687, 95.72 W, 95 %
2025/12/04 21:09:09.787, 95.72 W, 94 %
2025/12/04 21:09:09.887, 95.72 W, 94 %
2025/12/04 21:09:09.987, 95.72 W, 95 %
2025/12/04 21:09:10.088, 95.72 W, 95 %
2025/12/04 21:09:10.188, 95.72 W, 95 %
2025/12/04 21:09:10.288, 95.72 W, 95 %
2025/12/04 21:09:10.388, 95.72 W, 95 %
2025/12/04 21:09:10.488, 95.72 W, 95 %
2025/12/04 21:09:10.588, 95.72 W, 95 %
2025/12/04 21:09:10.689, 95.72 W, 95 %
2025/12/04 21:09:10.789, 95.72 W, 94 %
2025/12/04 21:09:10.889, 95.72 W, 94 %
2025/12/04 21:09:10.989, 95.72 W, 95 %
2025/12/04 21:09:11.089, 95.72 W, 95 %
2025/12/04 21:09:11.189, 95.72 W, 95 %
2025/12/04 21:09:11.289, 95.72 W, 95 %
2025/12/04 21:09:11.390, 95.72 W, 94 %
2025/12/04 21:09:11.490, 95.72 W, 94 %
2025/12/04 21:09:11.590, 95.72 W, 95 %
2025/12/04 21:09:11.690, 95.72 W, 95 %
2025/12/04 21:09:11.790, 95.72 W, 94 %
2025/12/04 21:09:11.890, 95.72 W, 94 %
2025/12/04 21:09:11.991, 95.72 W, 95 %
2025/12/04 21:09:12.091, 95.99 W, 95 %
2025/12/04 21:09:12.191, 95.99 W, 95 %
2025/12/04 21:09:12.291, 95.72 W, 95 %
2025/12/04 21:09:12.391, 95.72 W, 94 %
2025/12/04 21:09:12.491, 95.72 W, 94 %
2025/12/04 21:09:12.592, 95.72 W, 95 %
2025/12/04 21:09:12.692, 95.72 W, 95 %
2025/12/04 21:09:12.792, 95.72 W, 95 %
2025/12/04 21:09:12.892, 95.72 W, 95 %
2025/12/04 21:09:12.992, 95.72 W, 94 %
2025/12/04 21:09:13.092, 95.72 W, 94 %
2025/12/04 21:09:13.193, 95.72 W, 95 %
2025/12/04 21:09:13.293, 95.72 W, 95 %
2025/12/04 21:09:13.393, 95.72 W, 95 %
2025/12/04 21:09:13.493, 95.72 W, 95 %
2025/12/04 21:09:13.593, 95.99 W, 95 %
2025/12/04 21:09:13.693, 95.72 W, 95 %
2025/12/04 21:09:13.794, 95.72 W, 95 %
2025/12/04 21:09:13.894, 95.72 W, 95 %
2025/12/04 21:09:13.994, 95.72 W, 94 %
2025/12/04 21:09:14.094, 95.72 W, 94 %
2025/12/04 21:09:14.194, 95.72 W, 94 %
2025/12/04 21:09:14.294, 95.72 W, 94 %
2025/12/04 21:09:14.394, 95.72 W, 95 %
2025/12/04 21:09:14.495, 95.72 W, 95 %
2025/12/04 21:09:14.595, 95.99 W, 95 %
2025/12/04 21:09:14.695, 95.72 W, 95 %
2025/12/04 21:09:14.795, 95.72 W, 95 %
2025/12/04 21:09:14.895, 95.72 W, 95 %
2025/12/04 21:09:14.995, 95.72 W, 94 %
2025/12/04 21:09:15.096, 95.72 W, 94 %
2025/12/04 21:09:15.196, 95.72 W, 95 %
2025/12/04 21:09:15.296, 95.72 W, 95 %
2025/12/04 21:09:15.396, 95.72 W, 95 %
2025/12/04 21:09:15.496, 95.72 W, 95 %
2025/12/04 21:09:15.596, 95.72 W, 95 %
2025/12/04 21:09:15.697, 95.72 W, 95 %
2025/12/04 21:09:15.797, 95.72 W, 95 %
2025/12/04 21:09:15.897, 95.72 W, 95 %
2025/12/04 21:09:15.997, 95.72 W, 95 %
2025/12/04 21:09:16.097, 95.72 W, 95 %
2025/12/04 21:09:16.197, 95.72 W, 94 %
2025/12/04 21:09:16.298, 95.72 W, 94 %
2025/12/04 21:09:16.398, 95.72 W, 95 %
2025/12/04 21:09:16.498, 95.72 W, 95 %
2025/12/04 21:09:16.598, 95.72 W, 95 %
2025/12/04 21:09:16.698, 95.72 W, 95 %
2025/12/04 21:09:16.798, 95.72 W, 95 %
2025/12/04 21:09:16.899, 95.72 W, 95 %
2025/12/04 21:09:16.999, 95.72 W, 95 %
2025/12/04 21:09:17.099, 95.72 W, 95 %
2025/12/04 21:09:17.199, 95.72 W, 95 %
2025/12/04 21:09:17.299, 95.72 W, 95 %
2025/12/04 21:09:17.399, 95.72 W, 95 %
2025/12/04 21:09:17.500, 95.72 W, 95 %
2025/12/04 21:09:17.600, 95.72 W, 95 %
2025/12/04 21:09:17.700, 95.72 W, 95 %
2025/12/04 21:09:17.800, 95.72 W, 95 %
2025/12/04 21:09:17.900, 95.72 W, 95 %
2025/12/04 21:09:18.000, 95.72 W, 95 %
2025/12/04 21:09:18.100, 95.72 W, 95 %
2025/12/04 21:09:18.201, 95.72 W, 94 %
2025/12/04 21:09:18.301, 95.72 W, 94 %
2025/12/04 21:09:18.401, 95.39 W, 95 %
2025/12/04 21:09:18.501, 95.72 W, 95 %
2025/12/04 21:09:18.601, 95.99 W, 93 %
2025/12/04 21:09:18.701, 95.72 W, 93 %
2025/12/04 21:09:18.802, 95.99 W, 95 %
2025/12/04 21:09:18.902, 95.72 W, 95 %
2025/12/04 21:09:19.002, 95.72 W, 95 %
2025/12/04 21:09:19.102, 95.72 W, 95 %
2025/12/04 21:09:19.202, 95.72 W, 95 %
2025/12/04 21:09:19.302, 95.72 W, 95 %
2025/12/04 21:09:19.403, 95.72 W, 95 %
2025/12/04 21:09:19.503, 95.72 W, 95 %
2025/12/04 21:09:19.603, 95.72 W, 95 %
2025/12/04 21:09:19.703, 95.72 W, 95 %
2025/12/04 21:09:19.803, 95.72 W, 95 %
2025/12/04 21:09:19.903, 95.72 W, 95 %
2025/12/04 21:09:20.004, 95.72 W, 95 %
2025/12/04 21:09:20.104, 95.72 W, 95 %
2025/12/04 21:09:20.204, 95.72 W, 94 %
2025/12/04 21:09:20.304, 95.72 W, 94 %
2025/12/04 21:09:20.404, 95.72 W, 94 %
2025/12/04 21:09:20.504, 95.72 W, 94 %
2025/12/04 21:09:20.604, 95.72 W, 95 %
2025/12/04 21:09:20.705, 95.72 W, 95 %
2025/12/04 21:09:20.805, 95.72 W, 94 %
2025/12/04 21:09:20.905, 95.72 W, 94 %
2025/12/04 21:09:21.006, 95.72 W, 94 %
2025/12/04 21:09:21.106, 95.72 W, 94 %
2025/12/04 21:09:21.206, 95.72 W, 94 %
2025/12/04 21:09:21.306, 95.99 W, 94 %
2025/12/04 21:09:21.406, 95.72 W, 94 %
2025/12/04 21:09:21.506, 95.72 W, 94 %
2025/12/04 21:09:21.607, 95.72 W, 94 %
2025/12/04 21:09:21.707, 95.72 W, 94 %
2025/12/04 21:09:21.807, 95.72 W, 95 %
2025/12/04 21:09:21.907, 95.72 W, 95 %
2025/12/04 21:09:22.007, 95.72 W, 95 %
2025/12/04 21:09:22.107, 95.72 W, 95 %
2025/12/04 21:09:22.208, 95.39 W, 94 %
2025/12/04 21:09:22.308, 95.72 W, 94 %
2025/12/04 21:09:22.408, 95.72 W, 94 %
2025/12/04 21:09:22.508, 95.72 W, 94 %
2025/12/04 21:09:22.608, 95.72 W, 94 %
2025/12/04 21:09:22.708, 95.72 W, 94 %
2025/12/04 21:09:22.809, 95.72 W, 95 %
2025/12/04 21:09:22.909, 95.72 W, 95 %
2025/12/04 21:09:23.009, 95.72 W, 95 %
2025/12/04 21:09:23.109, 95.72 W, 95 %
2025/12/04 21:09:23.209, 95.72 W, 95 %
2025/12/04 21:09:23.309, 95.72 W, 95 %
2025/12/04 21:09:23.410, 95.72 W, 95 %
2025/12/04 21:09:23.510, 95.72 W, 95 %
2025/12/04 21:09:23.610, 95.72 W, 94 %
2025/12/04 21:09:23.710, 95.72 W, 94 %
2025/12/04 21:09:23.810, 95.72 W, 95 %
2025/12/04 21:09:23.910, 95.72 W, 95 %
2025/12/04 21:09:24.011, 95.72 W, 95 %
2025/12/04 21:09:24.111, 95.72 W, 95 %
2025/12/04 21:09:24.211, 95.72 W, 94 %
2025/12/04 21:09:24.311, 95.72 W, 94 %
2025/12/04 21:09:24.411, 95.72 W, 95 %
2025/12/04 21:09:24.511, 95.72 W, 95 %
2025/12/04 21:09:24.612, 95.72 W, 94 %
2025/12/04 21:09:24.712, 95.72 W, 94 %
2025/12/04 21:09:24.812, 95.72 W, 95 %
2025/12/04 21:09:24.912, 95.72 W, 95 %
2025/12/04 21:09:25.012, 95.72 W, 95 %
2025/12/04 21:09:25.112, 95.72 W, 95 %
2025/12/04 21:09:25.212, 95.72 W, 95 %
2025/12/04 21:09:25.313, 95.72 W, 95 %
2025/12/04 21:09:25.413, 95.72 W, 95 %
2025/12/04 21:09:25.513, 95.72 W, 95 %
2025/12/04 21:09:25.613, 95.72 W, 95 %
2025/12/04 21:09:25.713, 95.72 W, 95 %
2025/12/04 21:09:25.813, 95.72 W, 94 %
2025/12/04 21:09:25.914, 95.72 W, 94 %
2025/12/04 21:09:26.014, 95.72 W, 95 %
2025/12/04 21:09:26.114, 95.72 W, 95 %
2025/12/04 21:09:26.214, 95.72 W, 95 %
2025/12/04 21:09:26.314, 95.72 W, 95 %
2025/12/04 21:09:26.414, 95.72 W, 95 %
2025/12/04 21:09:26.515, 95.72 W, 95 %
2025/12/04 21:09:26.615, 95.72 W, 95 %
2025/12/04 21:09:26.715, 95.72 W, 95 %
2025/12/04 21:09:26.815, 95.72 W, 94 %
2025/12/04 21:09:26.915, 95.72 W, 94 %
2025/12/04 21:09:27.015, 95.72 W, 95 %
2025/12/04 21:09:27.116, 95.72 W, 95 %
2025/12/04 21:09:27.216, 95.72 W, 94 %
2025/12/04 21:09:27.316, 95.72 W, 94 %
2025/12/04 21:09:27.416, 95.72 W, 95 %
2025/12/04 21:09:27.516, 95.72 W, 95 %
2025/12/04 21:09:27.616, 95.72 W, 95 %
2025/12/04 21:09:27.717, 95.72 W, 95 %
2025/12/04 21:09:27.817, 95.72 W, 95 %
2025/12/04 21:09:27.917, 95.72 W, 95 %
2025/12/04 21:09:28.017, 95.72 W, 95 %
2025/12/04 21:09:28.117, 95.72 W, 95 %
2025/12/04 21:09:28.217, 95.72 W, 95 %
2025/12/04 21:09:28.318, 95.72 W, 95 %
2025/12/04 21:09:28.418, 95.72 W, 95 %
2025/12/04 21:09:28.518, 95.72 W, 95 %
2025/12/04 21:09:28.618, 95.72 W, 95 %
2025/12/04 21:09:28.718, 95.72 W, 95 %
2025/12/04 21:09:28.818, 95.72 W, 94 %
2025/12/04 21:09:28.919, 95.72 W, 94 %
2025/12/04 21:09:29.019, 95.72 W, 95 %
2025/12/04 21:09:29.119, 95.72 W, 95 %
2025/12/04 21:09:29.219, 95.72 W, 95 %
2025/12/04 21:09:29.319, 95.72 W, 95 %
2025/12/04 21:09:29.419, 95.72 W, 95 %
2025/12/04 21:09:29.520, 95.72 W, 95 %
2025/12/04 21:09:29.620, 95.72 W, 95 %
2025/12/04 21:09:29.720, 95.72 W, 95 %
2025/12/04 21:09:29.820, 95.72 W, 95 %
2025/12/04 21:09:29.920, 95.72 W, 95 %
2025/12/04 21:09:30.020, 95.72 W, 94 %
2025/12/04 21:09:30.121, 95.72 W, 94 %
2025/12/04 21:09:30.221, 95.72 W, 95 %
2025/12/04 21:09:30.321, 95.72 W, 95 %
2025/12/04 21:09:30.421, 95.72 W, 95 %
2025/12/04 21:09:30.521, 95.72 W, 95 %
2025/12/04 21:09:30.621, 95.72 W, 95 %
2025/12/04 21:09:30.721, 95.72 W, 95 %
2025/12/04 21:09:30.822, 95.72 W, 95 %
2025/12/04 21:09:30.922, 95.72 W, 95 %
2025/12/04 21:09:31.022, 95.72 W, 94 %
2025/12/04 21:09:31.122, 95.72 W, 94 %
2025/12/04 21:09:31.222, 95.72 W, 94 %
2025/12/04 21:09:31.322, 95.72 W, 94 %
2025/12/04 21:09:31.423, 95.72 W, 94 %
2025/12/04 21:09:31.523, 95.72 W, 94 %
2025/12/04 21:09:31.623, 95.72 W, 95 %
2025/12/04 21:09:31.723, 95.72 W, 95 %
2025/12/04 21:09:31.823, 95.72 W, 95 %
2025/12/04 21:09:31.923, 95.72 W, 95 %
2025/12/04 21:09:32.024, 95.72 W, 94 %
2025/12/04 21:09:32.124, 95.72 W, 94 %
2025/12/04 21:09:32.224, 95.72 W, 94 %
2025/12/04 21:09:32.324, 95.72 W, 94 %
2025/12/04 21:09:32.424, 95.72 W, 95 %
2025/12/04 21:09:32.524, 95.72 W, 95 %
2025/12/04 21:09:32.625, 95.72 W, 95 %
2025/12/04 21:09:32.725, 95.72 W, 95 %
2025/12/04 21:09:32.825, 95.72 W, 95 %
2025/12/04 21:09:32.925, 95.72 W, 95 %
2025/12/04 21:09:33.025, 95.72 W, 94 %
2025/12/04 21:09:33.125, 95.72 W, 94 %
2025/12/04 21:09:33.225, 95.72 W, 95 %
2025/12/04 21:09:33.326, 95.72 W, 95 %
2025/12/04 21:09:33.426, 95.72 W, 95 %
2025/12/04 21:09:33.526, 95.72 W, 95 %
2025/12/04 21:09:33.626, 95.72 W, 95 %
2025/12/04 21:09:33.726, 95.72 W, 95 %
2025/12/04 21:09:33.826, 95.72 W, 95 %
2025/12/04 21:09:33.927, 95.72 W, 95 %
2025/12/04 21:09:34.027, 95.72 W, 95 %
2025/12/04 21:09:34.127, 95.72 W, 95 %
2025/12/04 21:09:34.227, 95.72 W, 95 %
2025/12/04 21:09:34.327, 95.72 W, 95 %
2025/12/04 21:09:34.427, 95.72 W, 94 %
2025/12/04 21:09:34.528, 95.72 W, 94 %
2025/12/04 21:09:34.628, 95.72 W, 95 %
2025/12/04 21:09:34.728, 95.72 W, 95 %
2025/12/04 21:09:34.828, 95.72 W, 95 %
2025/12/04 21:09:34.928, 95.72 W, 95 %
2025/12/04 21:09:35.028, 95.72 W, 95 %
2025/12/04 21:09:35.129, 95.72 W, 95 %
2025/12/04 21:09:35.229, 95.72 W, 94 %
2025/12/04 21:09:35.329, 95.72 W, 94 %
2025/12/04 21:09:35.429, 95.72 W, 95 %
2025/12/04 21:09:35.529, 95.72 W, 95 %
2025/12/04 21:09:35.629, 95.72 W, 95 %
2025/12/04 21:09:35.729, 95.72 W, 95 %
2025/12/04 21:09:35.830, 95.72 W, 95 %
2025/12/04 21:09:35.930, 95.72 W, 95 %
2025/12/04 21:09:36.030, 95.72 W, 95 %
2025/12/04 21:09:36.130, 95.72 W, 95 %
2025/12/04 21:09:36.230, 95.72 W, 94 %
2025/12/04 21:09:36.330, 95.72 W, 94 %
2025/12/04 21:09:36.431, 95.72 W, 94 %
2025/12/04 21:09:36.531, 95.72 W, 94 %
2025/12/04 21:09:36.631, 95.72 W, 95 %
2025/12/04 21:09:36.731, 95.72 W, 95 %
2025/12/04 21:09:36.831, 95.72 W, 95 %
2025/12/04 21:09:36.931, 95.72 W, 95 %
2025/12/04 21:09:37.032, 95.72 W, 95 %
2025/12/04 21:09:37.132, 95.72 W, 95 %
2025/12/04 21:09:37.232, 95.72 W, 95 %
2025/12/04 21:09:37.332, 95.72 W, 95 %
2025/12/04 21:09:37.432, 95.72 W, 95 %
2025/12/04 21:09:37.532, 95.72 W, 95 %
2025/12/04 21:09:37.633, 95.72 W, 95 %
2025/12/04 21:09:37.733, 95.72 W, 95 %
2025/12/04 21:09:37.833, 95.72 W, 95 %
2025/12/04 21:09:37.933, 95.72 W, 95 %
2025/12/04 21:09:38.033, 95.72 W, 95 %
2025/12/04 21:09:38.133, 95.72 W, 95 %
2025/12/04 21:09:38.234, 95.72 W, 95 %
2025/12/04 21:09:38.334, 95.72 W, 95 %
2025/12/04 21:09:38.434, 95.72 W, 94 %
2025/12/04 21:09:38.534, 95.72 W, 94 %
2025/12/04 21:09:38.634, 95.72 W, 94 %
2025/12/04 21:09:38.734, 95.72 W, 94 %
2025/12/04 21:09:38.834, 95.72 W, 95 %
2025/12/04 21:09:38.935, 95.72 W, 95 %
2025/12/04 21:09:39.035, 95.72 W, 94 %
2025/12/04 21:09:39.135, 95.72 W, 94 %
2025/12/04 21:09:39.235, 95.72 W, 94 %
2025/12/04 21:09:39.335, 95.72 W, 94 %
2025/12/04 21:09:39.435, 95.72 W, 95 %
2025/12/04 21:09:39.536, 95.72 W, 95 %
2025/12/04 21:09:39.636, 95.72 W, 95 %
2025/12/04 21:09:39.736, 95.72 W, 95 %
2025/12/04 21:09:39.836, 95.72 W, 95 %
2025/12/04 21:09:39.936, 95.72 W, 95 %
2025/12/04 21:09:40.036, 95.72 W, 95 %
2025/12/04 21:09:40.137, 95.99 W, 94 %
2025/12/04 21:09:40.237, 95.72 W, 94 %
2025/12/04 21:09:40.337, 95.72 W, 95 %
2025/12/04 21:09:40.437, 95.72 W, 95 %
2025/12/04 21:09:40.537, 95.72 W, 94 %
2025/12/04 21:09:40.637, 95.72 W, 94 %
2025/12/04 21:09:40.738, 95.72 W, 95 %
2025/12/04 21:09:40.838, 95.72 W, 95 %
2025/12/04 21:09:40.938, 95.99 W, 95 %
2025/12/04 21:09:41.038, 95.72 W, 95 %
2025/12/04 21:09:41.138, 95.72 W, 95 %
2025/12/04 21:09:41.238, 95.72 W, 95 %
2025/12/04 21:09:41.339, 95.72 W, 95 %
2025/12/04 21:09:41.439, 95.72 W, 95 %
2025/12/04 21:09:41.539, 95.72 W, 94 %
2025/12/04 21:09:41.639, 95.72 W, 94 %
2025/12/04 21:09:41.739, 95.72 W, 95 %
2025/12/04 21:09:41.839, 95.72 W, 95 %
2025/12/04 21:09:41.940, 95.72 W, 95 %
2025/12/04 21:09:42.040, 95.72 W, 95 %
2025/12/04 21:09:42.140, 95.72 W, 94 %
2025/12/04 21:09:42.240, 95.72 W, 94 %
2025/12/04 21:09:42.340, 95.72 W, 95 %
2025/12/04 21:09:42.440, 95.72 W, 95 %
2025/12/04 21:09:42.541, 95.72 W, 95 %
2025/12/04 21:09:42.641, 95.72 W, 95 %
2025/12/04 21:09:42.741, 95.72 W, 95 %
2025/12/04 21:09:42.841, 95.72 W, 95 %
2025/12/04 21:09:42.941, 95.72 W, 94 %
2025/12/04 21:09:43.041, 95.72 W, 94 %
2025/12/04 21:09:43.142, 95.72 W, 94 %
2025/12/04 21:09:43.242, 95.72 W, 94 %
2025/12/04 21:09:43.342, 95.72 W, 95 %
2025/12/04 21:09:43.442, 95.72 W, 95 %
2025/12/04 21:09:43.542, 95.72 W, 95 %
2025/12/04 21:09:43.642, 95.72 W, 95 %
2025/12/04 21:09:43.743, 95.72 W, 94 %
2025/12/04 21:09:43.843, 95.72 W, 94 %
2025/12/04 21:09:43.943, 95.72 W, 95 %
2025/12/04 21:09:44.043, 95.72 W, 95 %
2025/12/04 21:09:44.143, 95.72 W, 94 %
2025/12/04 21:09:44.243, 95.72 W, 94 %
2025/12/04 21:09:44.343, 95.72 W, 94 %
2025/12/04 21:09:44.444, 95.99 W, 94 %
2025/12/04 21:09:44.544, 95.72 W, 95 %
2025/12/04 21:09:44.644, 95.72 W, 95 %
2025/12/04 21:09:44.744, 95.72 W, 94 %
2025/12/04 21:09:44.844, 95.72 W, 94 %
2025/12/04 21:09:44.944, 95.72 W, 95 %
2025/12/04 21:09:45.045, 95.72 W, 95 %
2025/12/04 21:09:45.145, 95.72 W, 95 %
2025/12/04 21:09:45.245, 95.72 W, 95 %
2025/12/04 21:09:45.345, 95.72 W, 95 %
2025/12/04 21:09:45.445, 95.72 W, 95 %
2025/12/04 21:09:45.545, 95.99 W, 95 %
2025/12/04 21:09:45.646, 95.72 W, 95 %
2025/12/04 21:09:45.746, 95.72 W, 94 %
2025/12/04 21:09:45.846, 95.72 W, 94 %
2025/12/04 21:09:45.946, 95.72 W, 95 %
2025/12/04 21:09:46.046, 95.72 W, 95 %
2025/12/04 21:09:46.146, 95.72 W, 95 %
2025/12/04 21:09:46.247, 95.72 W, 95 %
2025/12/04 21:09:46.347, 95.72 W, 95 %
2025/12/04 21:09:46.447, 95.72 W, 95 %
2025/12/04 21:09:46.547, 95.72 W, 95 %
2025/12/04 21:09:46.647, 95.72 W, 95 %
2025/12/04 21:09:46.747, 95.72 W, 95 %
2025/12/04 21:09:46.848, 95.72 W, 95 %
2025/12/04 21:09:46.948, 95.72 W, 94 %
2025/12/04 21:09:47.048, 95.72 W, 94 %
2025/12/04 21:09:47.148, 95.72 W, 95 %
2025/12/04 21:09:47.248, 95.72 W, 95 %
2025/12/04 21:09:47.348, 95.72 W, 94 %
2025/12/04 21:09:47.449, 95.72 W, 94 %
2025/12/04 21:09:47.549, 95.72 W, 95 %
2025/12/04 21:09:47.649, 95.72 W, 95 %
2025/12/04 21:09:47.749, 95.72 W, 95 %
2025/12/04 21:09:47.849, 95.72 W, 95 %
2025/12/04 21:09:47.949, 95.72 W, 94 %
2025/12/04 21:09:48.050, 95.99 W, 94 %
2025/12/04 21:09:48.150, 95.72 W, 95 %
2025/12/04 21:09:48.250, 95.72 W, 95 %
2025/12/04 21:09:48.350, 95.72 W, 95 %
2025/12/04 21:09:48.450, 95.72 W, 95 %
2025/12/04 21:09:48.550, 95.72 W, 95 %
2025/12/04 21:09:48.651, 95.99 W, 95 %
2025/12/04 21:09:48.751, 95.72 W, 94 %
2025/12/04 21:09:48.851, 95.72 W, 94 %
2025/12/04 21:09:48.951, 95.72 W, 95 %
2025/12/04 21:09:49.051, 95.72 W, 95 %
2025/12/04 21:09:49.151, 95.72 W, 95 %
2025/12/04 21:09:49.251, 95.72 W, 95 %
2025/12/04 21:09:49.352, 95.72 W, 95 %
2025/12/04 21:09:49.452, 95.72 W, 95 %
2025/12/04 21:09:49.552, 95.72 W, 95 %
2025/12/04 21:09:49.652, 95.72 W, 95 %
2025/12/04 21:09:49.752, 95.72 W, 95 %
2025/12/04 21:09:49.852, 95.72 W, 95 %
2025/12/04 21:09:49.953, 95.72 W, 95 %
2025/12/04 21:09:50.053, 95.72 W, 95 %
2025/12/04 21:09:50.153, 95.72 W, 95 %
2025/12/04 21:09:50.253, 95.72 W, 95 %
2025/12/04 21:09:50.353, 95.72 W, 95 %
2025/12/04 21:09:50.453, 95.72 W, 95 %
2025/12/04 21:09:50.554, 95.72 W, 95 %
2025/12/04 21:09:50.654, 95.72 W, 95 %
2025/12/04 21:09:50.754, 95.72 W, 95 %
2025/12/04 21:09:50.854, 95.72 W, 95 %
2025/12/04 21:09:50.954, 95.72 W, 94 %
2025/12/04 21:09:51.054, 95.72 W, 94 %
2025/12/04 21:09:51.155, 95.72 W, 94 %
2025/12/04 21:09:51.255, 95.72 W, 94 %
2025/12/04 21:09:51.355, 95.72 W, 95 %
2025/12/04 21:09:51.455, 95.72 W, 95 %
2025/12/04 21:09:51.555, 95.72 W, 94 %
2025/12/04 21:09:51.655, 95.72 W, 94 %
2025/12/04 21:09:51.756, 95.72 W, 95 %
2025/12/04 21:09:51.856, 95.72 W, 95 %
2025/12/04 21:09:51.956, 95.72 W, 95 %
2025/12/04 21:09:52.056, 95.72 W, 95 %
2025/12/04 21:09:52.156, 95.72 W, 94 %
2025/12/04 21:09:52.256, 95.72 W, 94 %
2025/12/04 21:09:52.357, 95.72 W, 95 %
2025/12/04 21:09:52.457, 95.72 W, 95 %
2025/12/04 21:09:52.557, 95.99 W, 95 %
2025/12/04 21:09:52.657, 95.72 W, 95 %
2025/12/04 21:09:52.757, 95.72 W, 95 %
2025/12/04 21:09:52.857, 95.99 W, 95 %
2025/12/04 21:09:52.958, 95.72 W, 94 %
2025/12/04 21:09:53.058, 95.72 W, 94 %
2025/12/04 21:09:53.158, 95.72 W, 94 %
2025/12/04 21:09:53.258, 95.72 W, 94 %
2025/12/04 21:09:53.358, 95.72 W, 94 %
2025/12/04 21:09:53.458, 95.72 W, 94 %
2025/12/04 21:09:53.558, 95.72 W, 94 %
2025/12/04 21:09:53.659, 95.72 W, 94 %
2025/12/04 21:09:53.759, 95.72 W, 95 %
2025/12/04 21:09:53.859, 95.72 W, 95 %
2025/12/04 21:09:53.959, 95.72 W, 95 %
2025/12/04 21:09:54.059, 95.72 W, 95 %
2025/12/04 21:09:54.159, 95.72 W, 95 %
2025/12/04 21:09:54.260, 95.72 W, 95 %
2025/12/04 21:09:54.360, 95.72 W, 94 %
2025/12/04 21:09:54.460, 95.72 W, 94 %
2025/12/04 21:09:54.560, 95.99 W, 94 %
2025/12/04 21:09:54.660, 95.72 W, 94 %
2025/12/04 21:09:54.760, 95.99 W, 94 %
2025/12/04 21:09:54.861, 95.72 W, 94 %
2025/12/04 21:09:54.961, 95.72 W, 95 %
2025/12/04 21:09:55.061, 95.72 W, 95 %
2025/12/04 21:09:55.161, 95.72 W, 95 %
2025/12/04 21:09:55.261, 95.72 W, 95 %
2025/12/04 21:09:55.361, 95.72 W, 94 %
2025/12/04 21:09:55.462, 95.72 W, 94 %
2025/12/04 21:09:55.562, 95.72 W, 94 %
2025/12/04 21:09:55.662, 95.72 W, 94 %
2025/12/04 21:09:55.762, 95.72 W, 95 %
2025/12/04 21:09:55.862, 95.72 W, 95 %
2025/12/04 21:09:55.962, 95.72 W, 95 %
2025/12/04 21:09:56.063, 95.72 W, 95 %
2025/12/04 21:09:56.163, 95.72 W, 95 %
2025/12/04 21:09:56.263, 95.72 W, 95 %
2025/12/04 21:09:56.363, 95.72 W, 95 %
2025/12/04 21:09:56.463, 95.72 W, 95 %
2025/12/04 21:09:56.563, 95.72 W, 94 %
2025/12/04 21:09:56.664, 95.72 W, 94 %
2025/12/04 21:09:56.764, 95.72 W, 95 %
2025/12/04 21:09:56.864, 95.72 W, 95 %
2025/12/04 21:09:56.964, 95.72 W, 95 %
2025/12/04 21:09:57.064, 95.72 W, 95 %
2025/12/04 21:09:57.164, 95.72 W, 95 %
2025/12/04 21:09:57.265, 95.72 W, 95 %
2025/12/04 21:09:57.365, 95.72 W, 95 %
2025/12/04 21:09:57.465, 95.72 W, 95 %
2025/12/04 21:09:57.565, 95.72 W, 94 %
2025/12/04 21:09:57.665, 95.72 W, 94 %
2025/12/04 21:09:57.765, 95.72 W, 95 %
2025/12/04 21:09:57.866, 95.72 W, 95 %
2025/12/04 21:09:57.966, 95.72 W, 95 %
2025/12/04 21:09:58.066, 95.72 W, 95 %
2025/12/04 21:09:58.166, 95.72 W, 95 %
2025/12/04 21:09:58.266, 95.72 W, 95 %
2025/12/04 21:09:58.366, 95.72 W, 95 %
2025/12/04 21:09:58.466, 95.72 W, 95 %
2025/12/04 21:09:58.567, 95.72 W, 94 %
2025/12/04 21:09:58.667, 95.72 W, 94 %
2025/12/04 21:09:58.767, 95.72 W, 95 %
2025/12/04 21:09:58.867, 95.72 W, 95 %
2025/12/04 21:09:58.967, 95.72 W, 95 %
2025/12/04 21:09:59.067, 95.72 W, 95 %
2025/12/04 21:09:59.168, 95.72 W, 95 %
2025/12/04 21:09:59.268, 95.72 W, 95 %
2025/12/04 21:09:59.368, 95.72 W, 95 %
2025/12/04 21:09:59.468, 95.72 W, 95 %
2025/12/04 21:09:59.568, 95.72 W, 95 %
2025/12/04 21:09:59.668, 95.72 W, 95 %
2025/12/04 21:09:59.769, 95.72 W, 95 %
2025/12/04 21:09:59.869, 95.72 W, 95 %
2025/12/04 21:09:59.969, 95.72 W, 95 %
2025/12/04 21:10:00.069, 95.72 W, 95 %
2025/12/04 21:10:00.169, 95.72 W, 95 %
2025/12/04 21:10:00.269, 95.72 W, 95 %
2025/12/04 21:10:00.370, 95.72 W, 94 %
2025/12/04 21:10:00.470, 95.72 W, 94 %
2025/12/04 21:10:00.570, 95.72 W, 95 %
2025/12/04 21:10:00.670, 95.72 W, 95 %
2025/12/04 21:10:00.770, 95.72 W, 94 %
2025/12/04 21:10:00.870, 95.72 W, 94 %
2025/12/04 21:10:00.971, 95.72 W, 95 %
2025/12/04 21:10:01.071, 95.72 W, 95 %
2025/12/04 21:10:01.171, 95.72 W, 95 %
2025/12/04 21:10:01.271, 95.72 W, 95 %
2025/12/04 21:10:01.371, 95.72 W, 95 %
2025/12/04 21:10:01.471, 95.72 W, 95 %
2025/12/04 21:10:01.572, 95.72 W, 95 %
2025/12/04 21:10:01.672, 95.72 W, 95 %
2025/12/04 21:10:01.772, 95.72 W, 94 %
2025/12/04 21:10:01.872, 95.72 W, 94 %
2025/12/04 21:10:01.972, 95.72 W, 95 %
2025/12/04 21:10:02.072, 95.72 W, 95 %
2025/12/04 21:10:02.173, 95.72 W, 95 %
2025/12/04 21:10:02.273, 95.72 W, 95 %
2025/12/04 21:10:02.373, 95.72 W, 95 %
2025/12/04 21:10:02.473, 95.72 W, 95 %
2025/12/04 21:10:02.573, 95.72 W, 95 %
2025/12/04 21:10:02.673, 95.72 W, 95 %
2025/12/04 21:10:02.774, 95.72 W, 95 %
2025/12/04 21:10:02.874, 95.72 W, 95 %
2025/12/04 21:10:02.974, 95.72 W, 94 %
2025/12/04 21:10:03.074, 95.72 W, 94 %
2025/12/04 21:10:03.174, 95.72 W, 95 %
2025/12/04 21:10:03.274, 95.72 W, 95 %
2025/12/04 21:10:03.375, 95.72 W, 94 %
2025/12/04 21:10:03.475, 95.72 W, 94 %
2025/12/04 21:10:03.575, 95.72 W, 95 %
2025/12/04 21:10:03.675, 95.72 W, 95 %
2025/12/04 21:10:03.775, 95.72 W, 95 %
2025/12/04 21:10:03.875, 95.72 W, 95 %
2025/12/04 21:10:03.975, 95.72 W, 95 %
2025/12/04 21:10:04.076, 95.72 W, 95 %
2025/12/04 21:10:04.176, 95.72 W, 95 %
2025/12/04 21:10:04.276, 95.72 W, 95 %
2025/12/04 21:10:04.376, 95.72 W, 95 %
2025/12/04 21:10:04.476, 95.72 W, 95 %
2025/12/04 21:10:04.576, 95.72 W, 95 %
2025/12/04 21:10:04.677, 95.72 W, 95 %
2025/12/04 21:10:04.777, 95.72 W, 95 %
2025/12/04 21:10:04.877, 95.72 W, 95 %
2025/12/04 21:10:04.977, 95.72 W, 94 %
2025/12/04 21:10:05.077, 95.72 W, 94 %
2025/12/04 21:10:05.177, 95.72 W, 95 %
2025/12/04 21:10:05.278, 95.72 W, 95 %
2025/12/04 21:10:05.378, 95.99 W, 94 %
2025/12/04 21:10:05.478, 95.72 W, 94 %
2025/12/04 21:10:05.578, 95.72 W, 95 %
2025/12/04 21:10:05.678, 95.99 W, 95 %
2025/12/04 21:10:05.778, 95.72 W, 95 %
2025/12/04 21:10:05.879, 95.72 W, 95 %
2025/12/04 21:10:05.979, 95.72 W, 94 %
2025/12/04 21:10:06.079, 95.72 W, 94 %
2025/12/04 21:10:06.179, 95.72 W, 94 %
2025/12/04 21:10:06.279, 95.72 W, 94 %
2025/12/04 21:10:06.379, 95.99 W, 95 %
2025/12/04 21:10:06.479, 95.99 W, 95 %
2025/12/04 21:10:06.580, 95.72 W, 95 %
2025/12/04 21:10:06.680, 95.72 W, 95 %
2025/12/04 21:10:06.780, 95.72 W, 95 %
2025/12/04 21:10:06.880, 95.99 W, 95 %
2025/12/04 21:10:06.980, 95.99 W, 94 %
2025/12/04 21:10:07.080, 95.99 W, 94 %
2025/12/04 21:10:07.181, 95.72 W, 94 %
2025/12/04 21:10:07.281, 95.99 W, 94 %
2025/12/04 21:10:07.381, 95.72 W, 94 %
2025/12/04 21:10:07.481, 95.72 W, 94 %
2025/12/04 21:10:07.581, 95.99 W, 94 %
2025/12/04 21:10:07.681, 95.99 W, 94 %
2025/12/04 21:10:07.782, 95.99 W, 94 %
2025/12/04 21:10:07.882, 95.99 W, 94 %
2025/12/04 21:10:07.982, 95.99 W, 95 %
2025/12/04 21:10:08.082, 95.72 W, 95 %
2025/12/04 21:10:08.182, 95.72 W, 94 %
2025/12/04 21:10:08.282, 95.99 W, 94 %
2025/12/04 21:10:08.383, 95.99 W, 95 %
2025/12/04 21:10:08.483, 95.72 W, 95 %
2025/12/04 21:10:08.583, 95.72 W, 95 %
2025/12/04 21:10:08.683, 95.99 W, 95 %
2025/12/04 21:10:08.783, 95.72 W, 95 %
2025/12/04 21:10:08.883, 95.72 W, 95 %
2025/12/04 21:10:08.984, 95.72 W, 94 %
2025/12/04 21:10:09.084, 95.72 W, 94 %
2025/12/04 21:10:09.184, 95.72 W, 94 %
2025/12/04 21:10:09.284, 95.72 W, 94 %
2025/12/04 21:10:09.384, 95.72 W, 95 %
2025/12/04 21:10:09.484, 95.72 W, 95 %
2025/12/04 21:10:09.584, 95.99 W, 95 %
2025/12/04 21:10:09.685, 95.72 W, 95 %
2025/12/04 21:10:09.785, 95.72 W, 95 %
2025/12/04 21:10:09.885, 95.72 W, 95 %
2025/12/04 21:10:09.985, 95.72 W, 94 %
2025/12/04 21:10:10.085, 95.72 W, 94 %
2025/12/04 21:10:10.185, 95.72 W, 94 %
2025/12/04 21:10:10.286, 95.72 W, 94 %
2025/12/04 21:10:10.386, 95.72 W, 94 %
2025/12/04 21:10:10.486, 95.72 W, 94 %
2025/12/04 21:10:10.586, 95.72 W, 95 %
2025/12/04 21:10:10.686, 95.72 W, 95 %
2025/12/04 21:10:10.786, 95.72 W, 95 %
2025/12/04 21:10:10.887, 95.99 W, 95 %
2025/12/04 21:10:10.987, 95.72 W, 95 %
2025/12/04 21:10:11.087, 95.72 W, 95 %
2025/12/04 21:10:11.187, 95.72 W, 95 %
2025/12/04 21:10:11.287, 95.72 W, 95 %
2025/12/04 21:10:11.387, 95.72 W, 95 %
2025/12/04 21:10:11.488, 95.72 W, 95 %
2025/12/04 21:10:11.588, 95.72 W, 95 %
2025/12/04 21:10:11.688, 95.72 W, 95 %
2025/12/04 21:10:11.788, 95.72 W, 95 %
2025/12/04 21:10:11.888, 95.72 W, 95 %
2025/12/04 21:10:11.988, 95.72 W, 94 %
2025/12/04 21:10:12.089, 95.72 W, 94 %
2025/12/04 21:10:12.189, 95.72 W, 94 %
2025/12/04 21:10:12.289, 95.72 W, 94 %
2025/12/04 21:10:12.389, 95.72 W, 94 %
2025/12/04 21:10:12.489, 95.72 W, 94 %
2025/12/04 21:10:12.589, 95.72 W, 95 %
2025/12/04 21:10:12.690, 95.72 W, 95 %
2025/12/04 21:10:12.790, 95.72 W, 95 %
2025/12/04 21:10:12.890, 95.72 W, 95 %
2025/12/04 21:10:12.990, 95.72 W, 94 %
2025/12/04 21:10:13.090, 95.72 W, 94 %
2025/12/04 21:10:13.190, 95.72 W, 95 %
2025/12/04 21:10:13.291, 95.72 W, 95 %
2025/12/04 21:10:13.391, 95.72 W, 94 %
2025/12/04 21:10:13.491, 95.72 W, 94 %
2025/12/04 21:10:13.591, 95.72 W, 94 %
2025/12/04 21:10:13.691, 95.72 W, 94 %
2025/12/04 21:10:13.791, 95.72 W, 95 %
2025/12/04 21:10:13.892, 95.72 W, 95 %
2025/12/04 21:10:13.992, 95.72 W, 94 %
2025/12/04 21:10:14.092, 95.72 W, 94 %
2025/12/04 21:10:14.192, 95.72 W, 95 %
2025/12/04 21:10:14.292, 95.72 W, 95 %
2025/12/04 21:10:14.392, 95.72 W, 94 %
2025/12/04 21:10:14.493, 95.72 W, 94 %
2025/12/04 21:10:14.593, 95.72 W, 94 %
2025/12/04 21:10:14.693, 95.72 W, 94 %
2025/12/04 21:10:14.793, 95.72 W, 95 %
2025/12/04 21:10:14.893, 95.72 W, 95 %
2025/12/04 21:10:14.993, 95.72 W, 95 %
2025/12/04 21:10:15.093, 95.72 W, 95 %
2025/12/04 21:10:15.194, 95.72 W, 94 %
2025/12/04 21:10:15.294, 95.72 W, 94 %
2025/12/04 21:10:15.394, 95.72 W, 94 %
2025/12/04 21:10:15.494, 95.72 W, 94 %
2025/12/04 21:10:15.594, 95.72 W, 94 %
2025/12/04 21:10:15.694, 95.72 W, 94 %
2025/12/04 21:10:15.795, 95.72 W, 95 %
2025/12/04 21:10:15.895, 95.72 W, 95 %
2025/12/04 21:10:15.995, 95.72 W, 95 %
2025/12/04 21:10:16.095, 95.72 W, 95 %
2025/12/04 21:10:16.195, 95.72 W, 94 %
2025/12/04 21:10:16.295, 95.72 W, 94 %
2025/12/04 21:10:16.396, 95.72 W, 95 %
2025/12/04 21:10:16.496, 95.72 W, 95 %
2025/12/04 21:10:16.596, 95.72 W, 95 %
2025/12/04 21:10:16.696, 95.72 W, 95 %
2025/12/04 21:10:16.796, 95.72 W, 95 %
2025/12/04 21:10:16.896, 95.72 W, 95 %
2025/12/04 21:10:16.997, 95.72 W, 95 %
2025/12/04 21:10:17.097, 95.72 W, 95 %
2025/12/04 21:10:17.197, 95.72 W, 95 %
2025/12/04 21:10:17.297, 95.72 W, 95 %
2025/12/04 21:10:17.397, 95.72 W, 95 %
2025/12/04 21:10:17.497, 95.72 W, 95 %
2025/12/04 21:10:17.598, 95.72 W, 94 %
2025/12/04 21:10:17.698, 95.72 W, 94 %
2025/12/04 21:10:17.798, 95.72 W, 95 %
2025/12/04 21:10:17.898, 95.72 W, 95 %
2025/12/04 21:10:17.998, 95.72 W, 95 %
2025/12/04 21:10:18.098, 95.72 W, 95 %
2025/12/04 21:10:18.199, 95.72 W, 95 %
2025/12/04 21:10:18.299, 95.72 W, 95 %
2025/12/04 21:10:18.399, 95.72 W, 95 %
2025/12/04 21:10:18.499, 95.72 W, 95 %
2025/12/04 21:10:18.599, 95.72 W, 95 %
2025/12/04 21:10:18.699, 95.72 W, 95 %
2025/12/04 21:10:18.799, 95.72 W, 95 %
2025/12/04 21:10:18.900, 95.72 W, 95 %
2025/12/04 21:10:19.000, 95.72 W, 95 %
2025/12/04 21:10:19.100, 95.72 W, 95 %
2025/12/04 21:10:19.200, 95.72 W, 93 %
2025/12/04 21:10:19.300, 95.72 W, 93 %
2025/12/04 21:10:19.400, 95.72 W, 95 %
2025/12/04 21:10:19.501, 95.72 W, 95 %
2025/12/04 21:10:19.601, 95.72 W, 94 %
2025/12/04 21:10:19.701, 95.72 W, 94 %
2025/12/04 21:10:19.801, 95.72 W, 95 %
2025/12/04 21:10:19.901, 95.72 W, 95 %
2025/12/04 21:10:20.001, 95.72 W, 95 %
2025/12/04 21:10:20.102, 95.72 W, 95 %
2025/12/04 21:10:20.202, 95.99 W, 94 %
2025/12/04 21:10:20.302, 95.72 W, 94 %
2025/12/04 21:10:20.402, 95.72 W, 94 %
2025/12/04 21:10:20.502, 95.99 W, 94 %
2025/12/04 21:10:20.602, 95.72 W, 94 %
2025/12/04 21:10:20.702, 95.72 W, 94 %
2025/12/04 21:10:20.803, 95.72 W, 94 %
2025/12/04 21:10:20.903, 95.72 W, 94 %
2025/12/04 21:10:21.003, 95.72 W, 95 %
2025/12/04 21:10:21.103, 95.72 W, 95 %
2025/12/04 21:10:21.203, 95.72 W, 95 %
2025/12/04 21:10:21.303, 95.72 W, 95 %
2025/12/04 21:10:21.404, 95.72 W, 95 %
2025/12/04 21:10:21.504, 95.72 W, 95 %
2025/12/04 21:10:21.604, 95.72 W, 95 %
2025/12/04 21:10:21.704, 95.72 W, 95 %
2025/12/04 21:10:21.804, 95.72 W, 95 %
2025/12/04 21:10:21.904, 95.72 W, 95 %
2025/12/04 21:10:22.005, 95.72 W, 94 %
2025/12/04 21:10:22.105, 95.72 W, 94 %
2025/12/04 21:10:22.205, 95.99 W, 94 %
2025/12/04 21:10:22.305, 95.72 W, 94 %
2025/12/04 21:10:22.405, 95.72 W, 94 %
2025/12/04 21:10:22.505, 95.72 W, 94 %
2025/12/04 21:10:22.605, 95.72 W, 95 %
2025/12/04 21:10:22.706, 95.72 W, 95 %
2025/12/04 21:10:22.806, 95.72 W, 95 %
2025/12/04 21:10:22.906, 95.72 W, 95 %
2025/12/04 21:10:23.006, 95.72 W, 95 %
2025/12/04 21:10:23.106, 95.72 W, 95 %
2025/12/04 21:10:23.206, 95.72 W, 95 %
2025/12/04 21:10:23.307, 95.99 W, 95 %
2025/12/04 21:10:23.407, 95.72 W, 94 %
2025/12/04 21:10:23.507, 95.72 W, 94 %
2025/12/04 21:10:23.607, 95.72 W, 94 %
2025/12/04 21:10:23.707, 95.72 W, 94 %
2025/12/04 21:10:23.807, 95.72 W, 95 %
2025/12/04 21:10:23.908, 95.72 W, 95 %
2025/12/04 21:10:24.008, 95.72 W, 95 %
2025/12/04 21:10:24.108, 95.72 W, 95 %
2025/12/04 21:10:24.208, 95.72 W, 95 %
2025/12/04 21:10:24.308, 95.72 W, 95 %
2025/12/04 21:10:24.408, 95.72 W, 95 %
2025/12/04 21:10:24.509, 95.72 W, 95 %
2025/12/04 21:10:24.609, 95.72 W, 94 %
2025/12/04 21:10:24.709, 95.72 W, 94 %
2025/12/04 21:10:24.809, 95.72 W, 95 %
2025/12/04 21:10:24.909, 95.72 W, 95 %
2025/12/04 21:10:25.009, 95.72 W, 95 %
2025/12/04 21:10:25.110, 95.72 W, 95 %
2025/12/04 21:10:25.210, 95.72 W, 95 %
2025/12/04 21:10:25.310, 95.72 W, 95 %
2025/12/04 21:10:25.410, 95.72 W, 95 %
2025/12/04 21:10:25.510, 95.72 W, 95 %
2025/12/04 21:10:25.610, 95.72 W, 95 %
2025/12/04 21:10:25.710, 95.72 W, 95 %
2025/12/04 21:10:25.811, 95.72 W, 95 %
2025/12/04 21:10:25.911, 95.72 W, 95 %
2025/12/04 21:10:26.011, 95.72 W, 95 %
2025/12/04 21:10:26.111, 95.72 W, 95 %
2025/12/04 21:10:26.211, 95.72 W, 94 %
2025/12/04 21:10:26.311, 95.72 W, 94 %
2025/12/04 21:10:26.412, 95.72 W, 95 %
2025/12/04 21:10:26.512, 95.72 W, 95 %
2025/12/04 21:10:26.612, 95.72 W, 95 %
2025/12/04 21:10:26.712, 95.72 W, 95 %
2025/12/04 21:10:26.812, 95.72 W, 95 %
2025/12/04 21:10:26.912, 95.72 W, 95 %
2025/12/04 21:10:27.013, 95.72 W, 95 %
2025/12/04 21:10:27.113, 95.72 W, 95 %
2025/12/04 21:10:27.213, 95.72 W, 95 %
2025/12/04 21:10:27.313, 95.72 W, 95 %
2025/12/04 21:10:27.413, 95.72 W, 95 %
2025/12/04 21:10:27.513, 95.72 W, 95 %
2025/12/04 21:10:27.614, 95.72 W, 95 %
2025/12/04 21:10:27.714, 95.72 W, 95 %
2025/12/04 21:10:27.814, 95.72 W, 94 %
2025/12/04 21:10:27.914, 95.72 W, 94 %
2025/12/04 21:10:28.014, 95.72 W, 95 %
2025/12/04 21:10:28.114, 95.72 W, 95 %
2025/12/04 21:10:28.215, 95.72 W, 95 %
2025/12/04 21:10:28.315, 95.72 W, 95 %
2025/12/04 21:10:28.415, 95.72 W, 95 %
2025/12/04 21:10:28.515, 95.72 W, 95 %
2025/12/04 21:10:28.615, 95.72 W, 95 %
2025/12/04 21:10:28.715, 95.72 W, 95 %
2025/12/04 21:10:28.815, 95.72 W, 95 %
2025/12/04 21:10:28.916, 95.72 W, 95 %
2025/12/04 21:10:29.016, 95.72 W, 94 %
2025/12/04 21:10:29.116, 95.99 W, 94 %
2025/12/04 21:10:29.216, 95.72 W, 94 %
2025/12/04 21:10:29.316, 95.72 W, 94 %
2025/12/04 21:10:29.416, 95.72 W, 94 %
2025/12/04 21:10:29.517, 95.72 W, 94 %
2025/12/04 21:10:29.617, 95.72 W, 95 %
2025/12/04 21:10:29.717, 95.72 W, 95 %
2025/12/04 21:10:29.817, 95.72 W, 95 %
2025/12/04 21:10:29.917, 95.72 W, 95 %
2025/12/04 21:10:30.017, 95.72 W, 94 %
2025/12/04 21:10:30.118, 95.72 W, 94 %
2025/12/04 21:10:30.218, 95.72 W, 95 %
2025/12/04 21:10:30.318, 95.72 W, 95 %
2025/12/04 21:10:30.418, 95.72 W, 95 %
2025/12/04 21:10:30.518, 95.72 W, 95 %
2025/12/04 21:10:30.618, 95.72 W, 95 %
2025/12/04 21:10:30.719, 95.72 W, 95 %
2025/12/04 21:10:30.819, 95.72 W, 94 %
2025/12/04 21:10:30.919, 95.72 W, 94 %
2025/12/04 21:10:31.019, 95.72 W, 94 %
2025/12/04 21:10:31.119, 95.72 W, 94 %
2025/12/04 21:10:31.219, 95.72 W, 95 %
2025/12/04 21:10:31.319, 95.72 W, 95 %
2025/12/04 21:10:31.420, 95.72 W, 95 %
2025/12/04 21:10:31.520, 95.72 W, 95 %
2025/12/04 21:10:31.620, 95.72 W, 95 %
2025/12/04 21:10:31.720, 95.99 W, 95 %
2025/12/04 21:10:31.820, 95.72 W, 95 %
2025/12/04 21:10:31.920, 95.72 W, 95 %
2025/12/04 21:10:32.021, 95.72 W, 94 %
2025/12/04 21:10:32.121, 95.72 W, 94 %
2025/12/04 21:10:32.221, 95.72 W, 94 %
2025/12/04 21:10:32.321, 95.72 W, 94 %
2025/12/04 21:10:32.421, 95.72 W, 95 %
2025/12/04 21:10:32.521, 95.99 W, 95 %
2025/12/04 21:10:32.622, 95.72 W, 95 %
2025/12/04 21:10:32.722, 95.72 W, 95 %
2025/12/04 21:10:32.822, 95.72 W, 95 %
2025/12/04 21:10:32.922, 95.72 W, 95 %
2025/12/04 21:10:33.022, 95.72 W, 95 %
2025/12/04 21:10:33.122, 95.72 W, 95 %
2025/12/04 21:10:33.223, 95.72 W, 94 %
2025/12/04 21:10:33.323, 95.99 W, 94 %
2025/12/04 21:10:33.423, 95.72 W, 95 %
2025/12/04 21:10:33.523, 95.72 W, 95 %
2025/12/04 21:10:33.623, 95.72 W, 95 %
2025/12/04 21:10:33.723, 95.72 W, 95 %
2025/12/04 21:10:33.823, 95.72 W, 95 %
2025/12/04 21:10:33.924, 95.72 W, 95 %
2025/12/04 21:10:34.024, 95.72 W, 95 %
2025/12/04 21:10:34.124, 95.99 W, 95 %
2025/12/04 21:10:34.224, 95.72 W, 94 %
2025/12/04 21:10:34.324, 95.72 W, 94 %
2025/12/04 21:10:34.424, 95.99 W, 94 %
2025/12/04 21:10:34.525, 95.72 W, 94 %
2025/12/04 21:10:34.625, 95.72 W, 95 %
2025/12/04 21:10:34.725, 95.72 W, 95 %
2025/12/04 21:10:34.825, 95.72 W, 95 %
2025/12/04 21:10:34.925, 95.72 W, 95 %
2025/12/04 21:10:35.025, 95.99 W, 94 %
2025/12/04 21:10:35.126, 95.72 W, 94 %
2025/12/04 21:10:35.226, 95.72 W, 95 %
2025/12/04 21:10:35.326, 95.72 W, 95 %
2025/12/04 21:10:35.426, 95.72 W, 94 %
2025/12/04 21:10:35.526, 95.99 W, 94 %
2025/12/04 21:10:35.626, 95.99 W, 95 %
2025/12/04 21:10:35.727, 95.72 W, 95 %
2025/12/04 21:10:35.827, 95.72 W, 95 %
2025/12/04 21:10:35.927, 95.99 W, 95 %
2025/12/04 21:10:36.027, 95.99 W, 95 %
2025/12/04 21:10:36.127, 95.72 W, 95 %
2025/12/04 21:10:36.227, 95.72 W, 95 %
2025/12/04 21:10:36.328, 95.99 W, 95 %
2025/12/04 21:10:36.428, 95.72 W, 94 %
2025/12/04 21:10:36.528, 95.99 W, 94 %
2025/12/04 21:10:36.628, 95.72 W, 95 %
2025/12/04 21:10:36.728, 95.99 W, 95 %
2025/12/04 21:10:36.828, 95.72 W, 95 %
2025/12/04 21:10:36.929, 95.72 W, 95 %
2025/12/04 21:10:37.029, 95.72 W, 95 %
2025/12/04 21:10:37.129, 95.72 W, 95 %
2025/12/04 21:10:37.229, 95.72 W, 94 %
2025/12/04 21:10:37.329, 95.72 W, 94 %
2025/12/04 21:10:37.429, 95.72 W, 94 %
2025/12/04 21:10:37.530, 95.72 W, 94 %
2025/12/04 21:10:37.630, 95.72 W, 94 %
2025/12/04 21:10:37.730, 95.72 W, 94 %
2025/12/04 21:10:37.830, 95.72 W, 95 %
2025/12/04 21:10:37.930, 95.99 W, 95 %
2025/12/04 21:10:38.030, 95.99 W, 95 %
2025/12/04 21:10:38.130, 95.72 W, 95 %
2025/12/04 21:10:38.231, 95.72 W, 95 %
2025/12/04 21:10:38.331, 95.72 W, 95 %
2025/12/04 21:10:38.431, 95.99 W, 95 %
2025/12/04 21:10:38.531, 95.72 W, 95 %
2025/12/04 21:10:38.631, 95.72 W, 95 %
2025/12/04 21:10:38.731, 95.72 W, 95 %
2025/12/04 21:10:38.832, 95.72 W, 95 %
2025/12/04 21:10:38.932, 95.72 W, 95 %
2025/12/04 21:10:39.032, 95.72 W, 95 %
2025/12/04 21:10:39.132, 95.72 W, 95 %
2025/12/04 21:10:39.232, 95.72 W, 94 %
2025/12/04 21:10:39.332, 95.72 W, 94 %
2025/12/04 21:10:39.433, 95.99 W, 95 %
2025/12/04 21:10:39.533, 95.72 W, 95 %
2025/12/04 21:10:39.633, 95.72 W, 94 %
2025/12/04 21:10:39.733, 95.72 W, 94 %
2025/12/04 21:10:39.833, 95.72 W, 95 %
2025/12/04 21:10:39.933, 95.72 W, 95 %
2025/12/04 21:10:40.034, 95.72 W, 95 %
2025/12/04 21:10:40.134, 95.72 W, 95 %
2025/12/04 21:10:40.234, 95.72 W, 95 %
2025/12/04 21:10:40.334, 95.72 W, 95 %
2025/12/04 21:10:40.434, 95.72 W, 95 %
2025/12/04 21:10:40.534, 95.72 W, 95 %
2025/12/04 21:10:40.635, 95.72 W, 94 %
2025/12/04 21:10:40.735, 95.99 W, 94 %
2025/12/04 21:10:40.835, 95.72 W, 95 %
2025/12/04 21:10:40.935, 95.72 W, 95 %
2025/12/04 21:10:41.035, 95.99 W, 95 %
2025/12/04 21:10:41.135, 95.72 W, 95 %
2025/12/04 21:10:41.236, 95.72 W, 94 %
2025/12/04 21:10:41.336, 95.72 W, 94 %
2025/12/04 21:10:41.436, 95.72 W, 95 %
2025/12/04 21:10:41.536, 95.72 W, 95 %
2025/12/04 21:10:41.636, 95.72 W, 95 %
2025/12/04 21:10:41.736, 95.72 W, 95 %
2025/12/04 21:10:41.836, 95.72 W, 94 %
2025/12/04 21:10:41.937, 95.72 W, 94 %
2025/12/04 21:10:42.037, 95.72 W, 95 %
2025/12/04 21:10:42.137, 95.72 W, 95 %
2025/12/04 21:10:42.237, 95.72 W, 94 %
2025/12/04 21:10:42.337, 95.72 W, 94 %
2025/12/04 21:10:42.437, 95.72 W, 95 %
2025/12/04 21:10:42.538, 95.72 W, 95 %
2025/12/04 21:10:42.638, 95.72 W, 95 %
2025/12/04 21:10:42.738, 95.72 W, 95 %
2025/12/04 21:10:42.838, 95.72 W, 94 %
2025/12/04 21:10:42.938, 95.72 W, 94 %
2025/12/04 21:10:43.038, 95.72 W, 94 %
2025/12/04 21:10:43.139, 95.72 W, 94 %
2025/12/04 21:10:43.239, 95.72 W, 94 %
2025/12/04 21:10:43.339, 95.72 W, 94 %
2025/12/04 21:10:43.439, 95.99 W, 95 %
2025/12/04 21:10:43.539, 95.72 W, 95 %
2025/12/04 21:10:43.639, 95.72 W, 95 %
2025/12/04 21:10:43.740, 95.99 W, 95 %
2025/12/04 21:10:43.840, 95.72 W, 94 %
2025/12/04 21:10:43.940, 95.72 W, 94 %
2025/12/04 21:10:44.040, 95.99 W, 95 %
2025/12/04 21:10:44.140, 95.72 W, 95 %
2025/12/04 21:10:44.240, 95.72 W, 94 %
2025/12/04 21:10:44.341, 95.72 W, 94 %
2025/12/04 21:10:44.441, 95.72 W, 95 %
2025/12/04 21:10:44.541, 95.72 W, 95 %
2025/12/04 21:10:44.641, 95.72 W, 94 %
2025/12/04 21:10:44.741, 95.72 W, 94 %
2025/12/04 21:10:44.841, 95.72 W, 94 %
2025/12/04 21:10:44.942, 95.72 W, 94 %
2025/12/04 21:10:45.042, 95.72 W, 94 %
2025/12/04 21:10:45.142, 95.72 W, 94 %
2025/12/04 21:10:45.242, 95.99 W, 95 %
2025/12/04 21:10:45.342, 95.72 W, 95 %
2025/12/04 21:10:45.442, 95.99 W, 95 %
2025/12/04 21:10:45.543, 95.72 W, 95 %
2025/12/04 21:10:45.643, 95.72 W, 95 %
2025/12/04 21:10:45.743, 95.72 W, 95 %
2025/12/04 21:10:45.843, 95.72 W, 94 %
2025/12/04 21:10:45.943, 95.72 W, 94 %
2025/12/04 21:10:46.043, 95.72 W, 95 %
2025/12/04 21:10:46.144, 95.72 W, 95 %
2025/12/04 21:10:46.244, 95.72 W, 95 %
2025/12/04 21:10:46.344, 95.72 W, 95 %
2025/12/04 21:10:46.444, 95.72 W, 95 %
2025/12/04 21:10:46.544, 95.72 W, 95 %
2025/12/04 21:10:46.644, 95.72 W, 94 %
2025/12/04 21:10:46.744, 95.72 W, 94 %
2025/12/04 21:10:46.845, 95.72 W, 95 %
2025/12/04 21:10:46.945, 95.72 W, 95 %
2025/12/04 21:10:47.045, 95.72 W, 95 %
2025/12/04 21:10:47.145, 95.72 W, 95 %
2025/12/04 21:10:47.245, 95.72 W, 94 %
2025/12/04 21:10:47.345, 95.72 W, 94 %
2025/12/04 21:10:47.446, 95.72 W, 94 %
2025/12/04 21:10:47.546, 95.72 W, 94 %
2025/12/04 21:10:47.646, 95.72 W, 95 %
2025/12/04 21:10:47.746, 95.99 W, 95 %
2025/12/04 21:10:47.846, 95.72 W, 95 %
2025/12/04 21:10:47.946, 95.72 W, 95 %
2025/12/04 21:10:48.047, 95.72 W, 94 %
2025/12/04 21:10:48.147, 95.72 W, 94 %
2025/12/04 21:10:48.247, 95.72 W, 94 %
2025/12/04 21:10:48.347, 95.72 W, 94 %
2025/12/04 21:10:48.447, 95.72 W, 95 %
2025/12/04 21:10:48.547, 95.72 W, 95 %
2025/12/04 21:10:48.648, 95.72 W, 95 %
2025/12/04 21:10:48.748, 95.72 W, 95 %
2025/12/04 21:10:48.848, 95.72 W, 95 %
2025/12/04 21:10:48.948, 95.72 W, 95 %
2025/12/04 21:10:49.048, 95.72 W, 95 %
2025/12/04 21:10:49.148, 95.72 W, 95 %
2025/12/04 21:10:49.249, 95.72 W, 95 %
2025/12/04 21:10:49.349, 95.72 W, 95 %
2025/12/04 21:10:49.449, 95.99 W, 94 %
2025/12/04 21:10:49.549, 95.72 W, 94 %
2025/12/04 21:10:49.649, 95.72 W, 95 %
2025/12/04 21:10:49.749, 95.99 W, 95 %
2025/12/04 21:10:49.849, 95.72 W, 94 %
2025/12/04 21:10:49.950, 95.72 W, 94 %
2025/12/04 21:10:50.050, 95.99 W, 94 %
2025/12/04 21:10:50.150, 95.72 W, 94 %
2025/12/04 21:10:50.250, 95.72 W, 95 %
2025/12/04 21:10:50.350, 95.72 W, 95 %
2025/12/04 21:10:50.450, 95.72 W, 94 %
2025/12/04 21:10:50.551, 95.72 W, 94 %
2025/12/04 21:10:50.651, 95.72 W, 95 %
2025/12/04 21:10:50.751, 95.99 W, 95 %
2025/12/04 21:10:50.851, 95.72 W, 95 %
2025/12/04 21:10:50.951, 95.72 W, 95 %
2025/12/04 21:10:51.051, 95.72 W, 94 %
2025/12/04 21:10:51.152, 95.72 W, 94 %
2025/12/04 21:10:51.252, 95.72 W, 94 %
2025/12/04 21:10:51.352, 95.72 W, 94 %
2025/12/04 21:10:51.452, 95.72 W, 94 %
2025/12/04 21:10:51.552, 95.72 W, 94 %
2025/12/04 21:10:51.652, 95.72 W, 95 %
2025/12/04 21:10:51.753, 95.72 W, 95 %
2025/12/04 21:10:51.853, 95.72 W, 95 %
2025/12/04 21:10:51.953, 95.72 W, 95 %
2025/12/04 21:10:52.053, 95.72 W, 95 %
2025/12/04 21:10:52.153, 95.72 W, 95 %
2025/12/04 21:10:52.253, 95.72 W, 95 %
2025/12/04 21:10:52.354, 95.99 W, 95 %
2025/12/04 21:10:52.454, 95.72 W, 94 %
2025/12/04 21:10:52.554, 95.72 W, 94 %
2025/12/04 21:10:52.654, 95.99 W, 94 %
2025/12/04 21:10:52.754, 95.72 W, 94 %
2025/12/04 21:10:52.854, 95.72 W, 94 %
2025/12/04 21:10:52.954, 95.99 W, 94 %
2025/12/04 21:10:53.055, 95.72 W, 94 %
2025/12/04 21:10:53.155, 95.72 W, 94 %
2025/12/04 21:10:53.255, 95.99 W, 95 %
2025/12/04 21:10:53.355, 95.72 W, 95 %
2025/12/04 21:10:53.455, 95.72 W, 94 %
2025/12/04 21:10:53.555, 95.99 W, 94 %
2025/12/04 21:10:53.656, 95.99 W, 94 %
2025/12/04 21:10:53.756, 95.72 W, 94 %
2025/12/04 21:10:53.856, 95.72 W, 94 %
2025/12/04 21:10:53.956, 95.72 W, 94 %
2025/12/04 21:10:54.056, 95.99 W, 95 %
2025/12/04 21:10:54.156, 95.72 W, 95 %
2025/12/04 21:10:54.257, 95.99 W, 95 %
2025/12/04 21:10:54.357, 95.72 W, 95 %
2025/12/04 21:10:54.457, 95.72 W, 94 %
2025/12/04 21:10:54.557, 95.72 W, 94 %
2025/12/04 21:10:54.657, 95.72 W, 94 %
2025/12/04 21:10:54.757, 95.72 W, 94 %
2025/12/04 21:10:54.858, 95.72 W, 95 %
2025/12/04 21:10:54.958, 95.72 W, 95 %
2025/12/04 21:10:55.058, 95.72 W, 94 %
2025/12/04 21:10:55.158, 95.72 W, 94 %
2025/12/04 21:10:55.258, 95.72 W, 95 %
2025/12/04 21:10:55.358, 95.72 W, 95 %
2025/12/04 21:10:55.459, 95.72 W, 95 %
2025/12/04 21:10:55.559, 95.72 W, 95 %
2025/12/04 21:10:55.659, 95.72 W, 95 %
2025/12/04 21:10:55.759, 95.99 W, 95 %
2025/12/04 21:10:55.859, 95.72 W, 95 %
2025/12/04 21:10:55.959, 95.99 W, 95 %
2025/12/04 21:10:56.060, 95.99 W, 95 %
2025/12/04 21:10:56.160, 95.72 W, 95 %
2025/12/04 21:10:56.260, 95.72 W, 95 %
2025/12/04 21:10:56.360, 95.99 W, 95 %
2025/12/04 21:10:56.460, 95.72 W, 94 %
2025/12/04 21:10:56.560, 95.99 W, 94 %
2025/12/04 21:10:56.661, 95.72 W, 94 %
2025/12/04 21:10:56.761, 95.72 W, 94 %
2025/12/04 21:10:56.861, 95.72 W, 94 %
2025/12/04 21:10:56.961, 95.99 W, 94 %
2025/12/04 21:10:57.061, 95.99 W, 95 %
2025/12/04 21:10:57.161, 95.99 W, 95 %
2025/12/04 21:10:57.261, 95.72 W, 94 %
2025/12/04 21:10:57.362, 95.72 W, 94 %
2025/12/04 21:10:57.462, 95.99 W, 95 %
2025/12/04 21:10:57.562, 95.99 W, 95 %
2025/12/04 21:10:57.662, 95.99 W, 95 %
2025/12/04 21:10:57.762, 95.72 W, 95 %
2025/12/04 21:10:57.862, 95.72 W, 95 %
2025/12/04 21:10:57.963, 95.99 W, 95 %
2025/12/04 21:10:58.063, 95.99 W, 94 %
2025/12/04 21:10:58.163, 95.72 W, 94 %
2025/12/04 21:10:58.263, 95.99 W, 95 %
2025/12/04 21:10:58.363, 95.99 W, 95 %
2025/12/04 21:10:58.463, 95.72 W, 95 %
2025/12/04 21:10:58.564, 95.72 W, 95 %
2025/12/04 21:10:58.664, 95.72 W, 95 %
2025/12/04 21:10:58.764, 95.99 W, 95 %
2025/12/04 21:10:58.864, 95.72 W, 94 %
2025/12/04 21:10:58.964, 95.99 W, 94 %
2025/12/04 21:10:59.064, 95.72 W, 94 %
2025/12/04 21:10:59.165, 95.99 W, 94 %
2025/12/04 21:10:59.265, 95.72 W, 95 %
2025/12/04 21:10:59.365, 95.72 W, 95 %
2025/12/04 21:10:59.465, 95.72 W, 94 %
2025/12/04 21:10:59.565, 95.99 W, 94 %
2025/12/04 21:10:59.665, 95.72 W, 94 %
2025/12/04 21:10:59.766, 95.72 W, 94 %
2025/12/04 21:10:59.866, 95.72 W, 94 %
2025/12/04 21:10:59.966, 95.72 W, 94 %
2025/12/04 21:11:00.066, 95.72 W, 94 %
2025/12/04 21:11:00.166, 95.72 W, 94 %
2025/12/04 21:11:00.266, 95.72 W, 95 %
2025/12/04 21:11:00.366, 95.72 W, 95 %
2025/12/04 21:11:00.467, 95.72 W, 95 %
2025/12/04 21:11:00.567, 95.72 W, 95 %
2025/12/04 21:11:00.667, 95.72 W, 95 %
2025/12/04 21:11:00.767, 95.72 W, 95 %
2025/12/04 21:11:00.867, 95.72 W, 95 %
2025/12/04 21:11:00.967, 95.72 W, 95 %
2025/12/04 21:11:01.068, 95.72 W, 94 %
2025/12/04 21:11:01.168, 95.72 W, 94 %
2025/12/04 21:11:01.268, 95.72 W, 95 %
2025/12/04 21:11:01.368, 95.72 W, 95 %
2025/12/04 21:11:01.468, 95.72 W, 95 %
2025/12/04 21:11:01.568, 95.72 W, 95 %
2025/12/04 21:11:01.669, 95.72 W, 95 %
2025/12/04 21:11:01.769, 95.72 W, 95 %
2025/12/04 21:11:01.869, 95.72 W, 95 %
2025/12/04 21:11:01.969, 95.72 W, 95 %
2025/12/04 21:11:02.069, 95.72 W, 94 %
2025/12/04 21:11:02.169, 95.72 W, 94 %
2025/12/04 21:11:02.270, 95.72 W, 94 %
2025/12/04 21:11:02.370, 95.72 W, 94 %
2025/12/04 21:11:02.470, 95.72 W, 95 %
2025/12/04 21:11:02.570, 95.72 W, 95 %
2025/12/04 21:11:02.670, 95.72 W, 95 %
2025/12/04 21:11:02.770, 95.72 W, 95 %
2025/12/04 21:11:02.871, 95.72 W, 94 %
2025/12/04 21:11:02.971, 95.72 W, 94 %
2025/12/04 21:11:03.071, 95.99 W, 94 %
2025/12/04 21:11:03.171, 95.99 W, 94 %
2025/12/04 21:11:03.271, 95.72 W, 94 %
2025/12/04 21:11:03.371, 95.99 W, 94 %
2025/12/04 21:11:03.472, 95.72 W, 95 %
2025/12/04 21:11:03.572, 95.72 W, 95 %
2025/12/04 21:11:03.672, 95.72 W, 95 %
2025/12/04 21:11:03.772, 95.99 W, 95 %
2025/12/04 21:11:03.872, 95.72 W, 94 %
2025/12/04 21:11:03.972, 95.72 W, 94 %
2025/12/04 21:11:04.073, 95.72 W, 95 %
2025/12/04 21:11:04.173, 95.72 W, 95 %
2025/12/04 21:11:04.273, 95.72 W, 94 %
2025/12/04 21:11:04.373, 95.72 W, 94 %
2025/12/04 21:11:04.473, 95.72 W, 95 %
2025/12/04 21:11:04.573, 95.72 W, 95 %
2025/12/04 21:11:04.674, 95.72 W, 95 %
2025/12/04 21:11:04.774, 95.72 W, 95 %
2025/12/04 21:11:04.874, 95.72 W, 95 %
2025/12/04 21:11:04.974, 95.99 W, 95 %
2025/12/04 21:11:05.074, 95.72 W, 94 %
2025/12/04 21:11:05.174, 95.72 W, 94 %
2025/12/04 21:11:05.275, 95.72 W, 94 %
2025/12/04 21:11:05.375, 95.72 W, 94 %
2025/12/04 21:11:05.475, 95.99 W, 95 %
2025/12/04 21:11:05.575, 95.72 W, 95 %
2025/12/04 21:11:05.675, 95.72 W, 94 %
2025/12/04 21:11:05.775, 95.72 W, 94 %
2025/12/04 21:11:05.875, 95.72 W, 95 %
2025/12/04 21:11:05.976, 95.72 W, 95 %
2025/12/04 21:11:06.076, 95.72 W, 95 %
2025/12/04 21:11:06.176, 95.72 W, 95 %
2025/12/04 21:11:06.276, 95.72 W, 95 %
2025/12/04 21:11:06.376, 95.72 W, 95 %
2025/12/04 21:11:06.476, 95.99 W, 95 %
2025/12/04 21:11:06.577, 95.72 W, 95 %
2025/12/04 21:11:06.677, 95.72 W, 94 %
2025/12/04 21:11:06.777, 95.72 W, 94 %
2025/12/04 21:11:06.877, 95.72 W, 95 %
2025/12/04 21:11:06.977, 95.72 W, 95 %
2025/12/04 21:11:07.077, 95.72 W, 95 %
2025/12/04 21:11:07.178, 95.72 W, 95 %
2025/12/04 21:11:07.278, 95.72 W, 94 %
2025/12/04 21:11:07.378, 95.72 W, 94 %
2025/12/04 21:11:07.478, 95.72 W, 94 %
2025/12/04 21:11:07.578, 95.72 W, 94 %
2025/12/04 21:11:07.678, 95.72 W, 95 %
2025/12/04 21:11:07.779, 95.72 W, 95 %
2025/12/04 21:11:07.879, 95.72 W, 95 %
2025/12/04 21:11:07.979, 95.72 W, 95 %
2025/12/04 21:11:08.079, 95.72 W, 94 %
2025/12/04 21:11:08.179, 95.99 W, 94 %
2025/12/04 21:11:08.279, 95.72 W, 95 %
2025/12/04 21:11:08.380, 95.72 W, 95 %
2025/12/04 21:11:08.480, 95.72 W, 94 %
2025/12/04 21:11:08.580, 95.72 W, 94 %
2025/12/04 21:11:08.680, 95.72 W, 94 %
2025/12/04 21:11:08.780, 95.72 W, 94 %
2025/12/04 21:11:08.880, 95.72 W, 95 %
2025/12/04 21:11:08.980, 95.72 W, 95 %
2025/12/04 21:11:09.081, 95.72 W, 95 %
2025/12/04 21:11:09.181, 95.72 W, 95 %
2025/12/04 21:11:09.281, 95.72 W, 95 %
2025/12/04 21:11:09.381, 95.72 W, 95 %
2025/12/04 21:11:09.481, 95.72 W, 94 %
2025/12/04 21:11:09.581, 95.72 W, 94 %
2025/12/04 21:11:09.682, 95.72 W, 94 %
2025/12/04 21:11:09.782, 95.72 W, 94 %
2025/12/04 21:11:09.882, 95.72 W, 95 %
2025/12/04 21:11:09.982, 95.72 W, 95 %
2025/12/04 21:11:10.082, 95.72 W, 95 %
2025/12/04 21:11:10.182, 95.72 W, 95 %
2025/12/04 21:11:10.283, 95.72 W, 95 %
2025/12/04 21:11:10.383, 95.72 W, 95 %
2025/12/04 21:11:10.483, 95.72 W, 95 %
2025/12/04 21:11:10.583, 95.72 W, 95 %
2025/12/04 21:11:10.683, 95.72 W, 94 %
2025/12/04 21:11:10.783, 95.72 W, 94 %
2025/12/04 21:11:10.884, 95.72 W, 95 %
2025/12/04 21:11:10.984, 95.72 W, 95 %
2025/12/04 21:11:11.084, 95.72 W, 94 %
2025/12/04 21:11:11.184, 95.72 W, 94 %
2025/12/04 21:11:11.284, 95.72 W, 95 %
2025/12/04 21:11:11.384, 95.72 W, 95 %
2025/12/04 21:11:11.485, 95.72 W, 95 %
2025/12/04 21:11:11.585, 95.72 W, 95 %
2025/12/04 21:11:11.685, 95.72 W, 95 %
2025/12/04 21:11:11.785, 95.72 W, 95 %
2025/12/04 21:11:11.885, 95.72 W, 95 %
2025/12/04 21:11:11.985, 95.72 W, 95 %
2025/12/04 21:11:12.086, 95.72 W, 95 %
2025/12/04 21:11:12.186, 95.72 W, 95 %
2025/12/04 21:11:12.286, 95.72 W, 95 %
2025/12/04 21:11:12.386, 95.72 W, 95 %
2025/12/04 21:11:12.486, 95.72 W, 94 %
2025/12/04 21:11:12.586, 95.72 W, 94 %
2025/12/04 21:11:12.686, 95.72 W, 95 %
2025/12/04 21:11:12.787, 95.72 W, 95 %
2025/12/04 21:11:12.887, 95.72 W, 94 %
2025/12/04 21:11:12.987, 95.72 W, 94 %
2025/12/04 21:11:13.087, 95.72 W, 95 %
2025/12/04 21:11:13.187, 95.72 W, 95 %
2025/12/04 21:11:13.287, 95.72 W, 94 %
2025/12/04 21:11:13.388, 95.72 W, 94 %
2025/12/04 21:11:13.488, 95.72 W, 95 %
2025/12/04 21:11:13.588, 95.72 W, 95 %
2025/12/04 21:11:13.688, 95.72 W, 95 %
2025/12/04 21:11:13.788, 95.72 W, 95 %
2025/12/04 21:11:13.888, 95.72 W, 95 %
2025/12/04 21:11:13.989, 95.72 W, 95 %
2025/12/04 21:11:14.089, 95.72 W, 95 %
2025/12/04 21:11:14.189, 95.72 W, 95 %
2025/12/04 21:11:14.289, 95.72 W, 95 %
2025/12/04 21:11:14.389, 95.72 W, 95 %
2025/12/04 21:11:14.489, 95.72 W, 95 %
2025/12/04 21:11:14.590, 95.72 W, 95 %
2025/12/04 21:11:14.690, 95.72 W, 95 %
2025/12/04 21:11:14.790, 95.72 W, 95 %
2025/12/04 21:11:14.890, 95.72 W, 95 %
2025/12/04 21:11:14.990, 95.72 W, 95 %
2025/12/04 21:11:15.090, 95.72 W, 95 %
2025/12/04 21:11:15.191, 95.72 W, 95 %
2025/12/04 21:11:15.291, 95.72 W, 95 %
2025/12/04 21:11:15.391, 95.72 W, 95 %
2025/12/04 21:11:15.491, 95.72 W, 95 %
2025/12/04 21:11:15.591, 95.72 W, 95 %
2025/12/04 21:11:15.691, 95.72 W, 95 %
2025/12/04 21:11:15.792, 95.72 W, 95 %
2025/12/04 21:11:15.892, 95.72 W, 95 %
2025/12/04 21:11:15.992, 95.72 W, 95 %
2025/12/04 21:11:16.092, 95.72 W, 95 %
2025/12/04 21:11:16.192, 95.72 W, 95 %
2025/12/04 21:11:16.292, 95.72 W, 95 %
2025/12/04 21:11:16.393, 95.72 W, 95 %
2025/12/04 21:11:16.493, 95.72 W, 95 %
2025/12/04 21:11:16.593, 95.72 W, 95 %
2025/12/04 21:11:16.693, 95.72 W, 95 %
2025/12/04 21:11:16.793, 95.72 W, 95 %
2025/12/04 21:11:16.893, 95.72 W, 94 %
2025/12/04 21:11:16.993, 95.72 W, 94 %
2025/12/04 21:11:17.094, 95.72 W, 94 %
2025/12/04 21:11:17.194, 95.72 W, 94 %
2025/12/04 21:11:17.294, 95.72 W, 95 %
2025/12/04 21:11:17.394, 95.72 W, 95 %
2025/12/04 21:11:17.494, 95.72 W, 95 %
2025/12/04 21:11:17.594, 95.72 W, 95 %
2025/12/04 21:11:17.695, 95.72 W, 95 %
2025/12/04 21:11:17.795, 95.72 W, 95 %
2025/12/04 21:11:17.895, 95.72 W, 95 %
2025/12/04 21:11:17.995, 95.72 W, 95 %
2025/12/04 21:11:18.095, 95.72 W, 94 %
2025/12/04 21:11:18.195, 95.72 W, 94 %
2025/12/04 21:11:18.296, 95.72 W, 93 %
2025/12/04 21:11:18.396, 95.72 W, 93 %
2025/12/04 21:11:18.496, 95.72 W, 95 %
2025/12/04 21:11:18.596, 95.72 W, 95 %
2025/12/04 21:11:18.696, 95.72 W, 95 %
2025/12/04 21:11:18.796, 95.72 W, 95 %
2025/12/04 21:11:18.897, 95.72 W, 95 %
2025/12/04 21:11:18.997, 95.72 W, 95 %
2025/12/04 21:11:19.097, 95.72 W, 94 %
2025/12/04 21:11:19.197, 95.72 W, 94 %
2025/12/04 21:11:19.297, 95.72 W, 94 %
2025/12/04 21:11:19.397, 95.72 W, 94 %
2025/12/04 21:11:19.497, 95.72 W, 95 %
2025/12/04 21:11:19.598, 88.71 W, 95 %
