
          -------------------------------------------------------
          Amber 21 SANDER                              2021
          -------------------------------------------------------

| Run on 02/15/2022 at 12:41:47

|   Executable path: /apps/amber/Amber20/20p12-at21p11-ompi-intel/bin/sander.MPI
| Working directory: /home/titan/unrz/unrz007h/benchmark_fritz/AMBER/3-20p12-at21p11-ompi-intel/n004/42390
|          Hostname: f0177.nhr.fau.de

  [-O]verwriting output

File Assignments:
|  MDIN: ../dhfr-sander.mdin                                                   
| MDOUT: dhfr.output                                                           
|INPCRD: ../dhfr.inpcrd                                                        
|  PARM: ../dhfr.prmtop                                                        
|RESTRT: restrt                                                                
|  REFC: refc                                                                  
| MDVEL: mdvel                                                                 
| MDFRC: mdfrc                                                                 
|  MDEN: mden                                                                  
| MDCRD: mdcrd                                                                 
|MDINFO: mdinfo                                                                
|  MTMD: mtmd                                                                  
|INPDIP: inpdip                                                                
|RSTDIP: rstdip                                                                
|INPTRA: inptraj                                                               

|    REMLOG: rem.log
|   REMTYPE: rem.type
|  REMSTRIP: 
|   SAVEENE: saveene
|CLUSTERINF: cluster.info
| RESERVOIR: reserv/frame
|   REMDDIM: 

 
 Here is the input file:
 
  equilbrate apo-dhfr                                                          
 &cntrl                                                                        
    ntb=1, ntp=0,                                                              
    ntpr=100,                                                                  
    ntc=2,  ntf=2, tol=0.000001,                                               
    nstlim=50000,                                                              
    ntt=0, dt=0.001, ntx=7, irest=1, vlimit=10.0,                              
 /                                                                             
                                                                               

--------------------------------------------------------------------------------
   1.  RESOURCE   USE: 
--------------------------------------------------------------------------------

| Flags: MPI                                                                    
 getting new box info from bottom of inpcrd
|  INFO: Old style inpcrd file read

| peek_ewald_inpcrd: Box info found
|Largest sphere to fit in unit cell has radius =    27.261
|  INFO: Old style PARM file read

 NATOM  =   22930 NTYPES =      17 NBONH =   21651 MBONA  =    1302
 NTHETH =    2789 MTHETA =    1772 NPHIH =    5026 MPHIA  =    3140
 NHPARM =       0 NPARM  =       0 NNB   =   41018 NRES   =    6980
 NBONA  =    1302 NTHETA =    1772 NPHIA =    3140 NUMBND =      45
 NUMANG =      91 NPTRA  =      33 NATYP =      32 NPHB   =       1
 IFBOX  =       1 NMXRS  =      25 IFCAP =       0 NEXTRA =       0
 NCOPY  =       0


|     Memory Use     Allocated
|     Real             2169850
|     Hollerith          75772
|     Integer           954547
|     Max Pairs          70771
|     nblistReal        275160
|     nblist Int        929608
|       Total            27034 kbytes

| Note: 1-4 EEL scale factors were NOT found in the topology file.
|       Using default value of 1.2.

| Note: 1-4 VDW scale factors were NOT found in the topology file.
|       Using default value of 2.0.
| Duplicated    0 dihedrals
| Duplicated    0 dihedrals

     BOX TYPE: RECTILINEAR

--------------------------------------------------------------------------------
   2.  CONTROL  DATA  FOR  THE  RUN
--------------------------------------------------------------------------------

                                                                                

General flags:
     imin    =       0, nmropt  =       0

Nature and format of input:
     ntx     =       7, irest   =       1, ntrx    =       1

Nature and format of output:
     ntxo    =       2, ntpr    =     100, ntrx    =       1, ntwr    =   50000
     iwrap   =       0, ntwx    =       0, ntwv    =       0, ntwe    =       0
     ioutfm  =       1, ntwprt  =       0, idecomp =       0, rbornstat=      0

Potential function:
     ntf     =       2, ntb     =       1, igb     =       0, nsnb    =      25
     ipol    =       0, gbsa    =       0, iesp    =       0
     dielc   =   1.00000, cut     =   8.00000, intdiel =   1.00000

Frozen or restrained atoms:
     ibelly  =       0, ntr     =       0

Molecular dynamics:
     nstlim  =     50000, nscm    =      1000, nrespa  =         1
     t       =   0.00000, dt      =   0.00100, vlimit  =  10.00000

SHAKE:
     ntc     =       2, jfastw  =       0
     tol     =   0.00000

Ewald parameters:
     verbose =       0, ew_type =       0, nbflag  =       1, use_pme =       1
     vdwmeth =       1, eedmeth =       1, netfrc  =       1
     Box X =   70.063   Box Y =   60.543   Box Z =   54.523
     Alpha =   90.000   Beta  =   90.000   Gamma =   90.000
     NFFT1 =   72       NFFT2 =   60       NFFT3 =   54
     Cutoff=    8.000   Tol   =0.100E-04
     Ewald Coefficient =  0.34864
     Interpolation order =    4

| MPI Timing options:
|      profile_mpi =        0

--------------------------------------------------------------------------------
   3.  ATOMIC COORDINATES AND VELOCITIES
--------------------------------------------------------------------------------

                                                                                
 begin time read from input coords =   510.050 ps

 Number of triangulated 3-point waters found:     6810
|  Atom division among processors:
|         0     164     341     483     640     807     971    1131
|      1277    1437    1606    1750    1920    2081    2228    2387
|      2545    2704    2863    3022    3181    3340    3499    3658
|      3817    3976    4135    4294    4453    4612    4771    4930
|      5089    5248    5407    5566    5725    5884    6043    6202
|      6361    6520    6679    6838    6997    7156    7315    7474
|      7633    7792    7951    8110    8269    8428    8587    8746
|      8905    9064    9223    9382    9541    9700    9859   10018
|     10177   10336   10495   10654   10813   10972   11131   11290
|     11449   11608   11767   11926   12085   12244   12403   12562
|     12721   12880   13039   13198   13357   13516   13675   13834
|     13993   14152   14311   14470   14629   14788   14947   15106
|     15265   15424   15583   15742   15901   16060   16219   16378
|     16537   16696   16855   17014   17173   17332   17491   17650
|     17809   17968   18127   18286   18445   18604   18763   18922
|     19081   19240   19399   19558   19717   19876   20035   20194
|     20353   20512   20671   20830   20989   21148   21307   21466
|     21625   21784   21943   22102   22261   22420   22579   22738
|     22930

     Sum of charges from parm topology file =  -0.00000006
     Forcing neutrality...
|  Running AMBER/MPI version on  144 nodes

|  WARNING: The number of processors is not a power of 2
|           this may be inefficient on some systems.

--------------------------------------------------------------------------------
   4.  RESULTS
--------------------------------------------------------------------------------

|  # of SOLUTE  degrees of freedom (RNDFP):   47139.
|  # of SOLVENT degrees of freedom (RNDFS):       0.
|  NDFMIN =   47136.     NUM_NOSHAKE =      0     CORRECTED RNDFP =   47136.
|  TOTAL # of degrees of freedom (RNDF) =   47136.
 ---------------------------------------------------
 APPROXIMATING switch and d/dx switch using CUBIC SPLINE INTERPOLATION
 using   5000.0 points per unit in tabled values
 TESTING RELATIVE ERROR over r ranging from 0.0 to cutoff
| CHECK switch(x): max rel err =   0.3316E-14   at   2.351880
| CHECK d/dx switch(x): max rel err =   0.8336E-11   at   2.782960
 ---------------------------------------------------
| Local SIZE OF NONBOND LIST =      33174
| TOTAL SIZE OF NONBOND LIST =    4721242

 NSTEP =      100   TIME(PS) =     510.150  TEMP(K) =   296.12  PRESS =     0.0
 Etot   =    -57750.8754  EKtot   =     13868.6004  EPtot      =    -71619.4759
 BOND   =       513.3291  ANGLE   =      1239.4047  DIHED      =       975.5933
 1-4 NB =       547.9301  1-4 EEL =      6666.7742  VDWAALS    =      8145.3632
 EELEC  =    -89707.8705  EHBOND  =         0.0000  RESTRAINT  =         0.0000
 Ewald error estimate:   0.8821E-04
 ------------------------------------------------------------------------------


 NSTEP =      200   TIME(PS) =     510.250  TEMP(K) =   298.39  PRESS =     0.0
 Etot   =    -57752.2605  EKtot   =     13974.9375  EPtot      =    -71727.1980
 BOND   =       438.9939  ANGLE   =      1218.3159  DIHED      =       997.7247
 1-4 NB =       546.5756  1-4 EEL =      6707.2115  VDWAALS    =      8008.2280
 EELEC  =    -89644.2477  EHBOND  =         0.0000  RESTRAINT  =         0.0000
 Ewald error estimate:   0.5830E-04
 ------------------------------------------------------------------------------


 NSTEP =      300   TIME(PS) =     510.350  TEMP(K) =   297.90  PRESS =     0.0
 Etot   =    -57751.9943  EKtot   =     13952.0308  EPtot      =    -71704.0251
 BOND   =       450.7895  ANGLE   =      1266.9585  DIHED      =       972.3827
 1-4 NB =       542.4150  1-4 EEL =      6650.2877  VDWAALS    =      8097.2637
 EELEC  =    -89684.1221  EHBOND  =         0.0000  RESTRAINT  =         0.0000
 Ewald error estimate:   0.9893E-04
 ------------------------------------------------------------------------------


 NSTEP =      400   TIME(PS) =     510.450  TEMP(K) =   295.84  PRESS =     0.0
 Etot   =    -57751.4296  EKtot   =     13855.4518  EPtot      =    -71606.8813
 BOND   =       463.9001  ANGLE   =      1283.8045  DIHED      =       991.3514
 1-4 NB =       546.0054  1-4 EEL =      6611.8147  VDWAALS    =      8082.3331
 EELEC  =    -89586.0906  EHBOND  =         0.0000  RESTRAINT  =         0.0000
 Ewald error estimate:   0.6556E-04
 ------------------------------------------------------------------------------


 NSTEP =      500   TIME(PS) =     510.550  TEMP(K) =   294.60  PRESS =     0.0
 Etot   =    -57751.3413  EKtot   =     13797.4070  EPtot      =    -71548.7484
 BOND   =       479.8851  ANGLE   =      1290.6777  DIHED      =      1001.5087
 1-4 NB =       526.0952  1-4 EEL =      6619.7150  VDWAALS    =      8249.6769
 EELEC  =    -89716.3070  EHBOND  =         0.0000  RESTRAINT  =         0.0000
 Ewald error estimate:   0.7952E-04
 ------------------------------------------------------------------------------


 NSTEP =      600   TIME(PS) =     510.650  TEMP(K) =   300.48  PRESS =     0.0
 Etot   =    -57752.0260  EKtot   =     14072.8258  EPtot      =    -71824.8519
 BOND   =       470.2664  ANGLE   =      1241.0459  DIHED      =       969.7144
 1-4 NB =       528.0115  1-4 EEL =      6676.3961  VDWAALS    =      8099.7273
 EELEC  =    -89810.0134  EHBOND  =         0.0000  RESTRAINT  =         0.0000
 Ewald error estimate:   0.8602E-04
 ------------------------------------------------------------------------------


 NSTEP =      700   TIME(PS) =     510.750  TEMP(K) =   297.64  PRESS =     0.0
 Etot   =    -57751.1983  EKtot   =     13939.5521  EPtot      =    -71690.7505
 BOND   =       482.2673  ANGLE   =      1286.2013  DIHED      =       991.9180
 1-4 NB =       546.3784  1-4 EEL =      6651.7413  VDWAALS    =      8258.0497
 EELEC  =    -89907.3064  EHBOND  =         0.0000  RESTRAINT  =         0.0000
 Ewald error estimate:   0.1310E-03
 ------------------------------------------------------------------------------


 NSTEP =      800   TIME(PS) =     510.850  TEMP(K) =   299.19  PRESS =     0.0
 Etot   =    -57752.7532  EKtot   =     14012.3722  EPtot      =    -71765.1253
 BOND   =       470.4800  ANGLE   =      1247.3255  DIHED      =      1000.8902
 1-4 NB =       551.6745  1-4 EEL =      6647.6411  VDWAALS    =      7998.5235
 EELEC  =    -89681.6600  EHBOND  =         0.0000  RESTRAINT  =         0.0000
 Ewald error estimate:   0.5784E-04
 ------------------------------------------------------------------------------


 NSTEP =      900   TIME(PS) =     510.950  TEMP(K) =   298.76  PRESS =     0.0
 Etot   =    -57752.1193  EKtot   =     13992.0729  EPtot      =    -71744.1922
 BOND   =       467.2790  ANGLE   =      1271.9264  DIHED      =       965.5206
 1-4 NB =       528.4263  1-4 EEL =      6650.6664  VDWAALS    =      8289.5061
 EELEC  =    -89917.5171  EHBOND  =         0.0000  RESTRAINT  =         0.0000
 Ewald error estimate:   0.2929E-04
 ------------------------------------------------------------------------------

check COM velocity, temp:        0.000000     0.00(Removed)

 NSTEP =     1000   TIME(PS) =     511.050  TEMP(K) =   297.90  PRESS =     0.0
 Etot   =    -57752.4339  EKtot   =     13951.9006  EPtot      =    -71704.3345
 BOND   =       473.6761  ANGLE   =      1252.2932  DIHED      =       989.9703
 1-4 NB =       539.6859  1-4 EEL =      6675.0688  VDWAALS    =      8140.3870
 EELEC  =    -89775.4159  EHBOND  =         0.0000  RESTRAINT  =         0.0000
 Ewald error estimate:   0.3549E-04
 ------------------------------------------------------------------------------


 NSTEP =     1100   TIME(PS) =     511.150  TEMP(K) =   297.02  PRESS =     0.0
 Etot   =    -57752.9607  EKtot   =     13910.5532  EPtot      =    -71663.5138
 BOND   =       454.3409  ANGLE   =      1271.1267  DIHED      =       984.8114
 1-4 NB =       549.9611  1-4 EEL =      6665.6392  VDWAALS    =      8233.1734
 EELEC  =    -89822.5666  EHBOND  =         0.0000  RESTRAINT  =         0.0000
 Ewald error estimate:   0.5264E-04
 ------------------------------------------------------------------------------


 NSTEP =     1200   TIME(PS) =     511.250  TEMP(K) =   296.29  PRESS =     0.0
 Etot   =    -57752.4673  EKtot   =     13876.3951  EPtot      =    -71628.8624
 BOND   =       489.3244  ANGLE   =      1259.5282  DIHED      =       997.0281
 1-4 NB =       549.1132  1-4 EEL =      6641.6255  VDWAALS    =      7957.2979
 EELEC  =    -89522.7799  EHBOND  =         0.0000  RESTRAINT  =         0.0000
 Ewald error estimate:   0.2683E-04
 ------------------------------------------------------------------------------


 NSTEP =     1300   TIME(PS) =     511.350  TEMP(K) =   298.82  PRESS =     0.0
 Etot   =    -57753.0346  EKtot   =     13995.1139  EPtot      =    -71748.1484
 BOND   =       472.1822  ANGLE   =      1276.1028  DIHED      =       963.1390
 1-4 NB =       554.3888  1-4 EEL =      6671.7241  VDWAALS    =      8252.5623
 EELEC  =    -89938.2476  EHBOND  =         0.0000  RESTRAINT  =         0.0000
 Ewald error estimate:   0.2432E-04
 ------------------------------------------------------------------------------


 NSTEP =     1400   TIME(PS) =     511.450  TEMP(K) =   296.28  PRESS =     0.0
 Etot   =    -57751.7722  EKtot   =     13876.1167  EPtot      =    -71627.8889
 BOND   =       452.5153  ANGLE   =      1291.1521  DIHED      =       968.9873
 1-4 NB =       560.4545  1-4 EEL =      6688.3155  VDWAALS    =      8400.2163
 EELEC  =    -89989.5299  EHBOND  =         0.0000  RESTRAINT  =         0.0000
 Ewald error estimate:   0.8023E-04
 ------------------------------------------------------------------------------


 NSTEP =     1500   TIME(PS) =     511.550  TEMP(K) =   297.83  PRESS =     0.0
 Etot   =    -57752.6574  EKtot   =     13948.4305  EPtot      =    -71701.0880
 BOND   =       496.3310  ANGLE   =      1269.6900  DIHED      =       978.3003
 1-4 NB =       553.7307  1-4 EEL =      6665.0327  VDWAALS    =      8353.5841
 EELEC  =    -90017.7568  EHBOND  =         0.0000  RESTRAINT  =         0.0000
 Ewald error estimate:   0.5789E-04
 ------------------------------------------------------------------------------


 NSTEP =     1600   TIME(PS) =     511.650  TEMP(K) =   298.44  PRESS =     0.0
 Etot   =    -57753.5242  EKtot   =     13977.1971  EPtot      =    -71730.7213
 BOND   =       439.7455  ANGLE   =      1234.6308  DIHED      =       990.0194
 1-4 NB =       545.9499  1-4 EEL =      6677.6807  VDWAALS    =      8508.8672
 EELEC  =    -90127.6147  EHBOND  =         0.0000  RESTRAINT  =         0.0000
 Ewald error estimate:   0.1306E-04
 ------------------------------------------------------------------------------


 NSTEP =     1700   TIME(PS) =     511.750  TEMP(K) =   298.69  PRESS =     0.0
 Etot   =    -57752.9434  EKtot   =     13988.7154  EPtot      =    -71741.6588
 BOND   =       466.5457  ANGLE   =      1252.3862  DIHED      =      1005.8725
 1-4 NB =       551.9102  1-4 EEL =      6663.1160  VDWAALS    =      8137.5803
 EELEC  =    -89819.0698  EHBOND  =         0.0000  RESTRAINT  =         0.0000
 Ewald error estimate:   0.3659E-04
 ------------------------------------------------------------------------------


 NSTEP =     1800   TIME(PS) =     511.850  TEMP(K) =   301.68  PRESS =     0.0
 Etot   =    -57753.0779  EKtot   =     14128.8977  EPtot      =    -71881.9757
 BOND   =       491.8252  ANGLE   =      1254.4854  DIHED      =       957.6820
 1-4 NB =       541.6933  1-4 EEL =      6649.7159  VDWAALS    =      8150.7213
 EELEC  =    -89928.0987  EHBOND  =         0.0000  RESTRAINT  =         0.0000
 Ewald error estimate:   0.6616E-04
 ------------------------------------------------------------------------------


 NSTEP =     1900   TIME(PS) =     511.950  TEMP(K) =   295.28  PRESS =     0.0
 Etot   =    -57752.8078  EKtot   =     13829.3906  EPtot      =    -71582.1984
 BOND   =       461.8563  ANGLE   =      1301.7120  DIHED      =       966.6783
 1-4 NB =       557.2597  1-4 EEL =      6689.0720  VDWAALS    =      8034.5472
 EELEC  =    -89593.3239  EHBOND  =         0.0000  RESTRAINT  =         0.0000
 Ewald error estimate:   0.3527E-04
 ------------------------------------------------------------------------------

check COM velocity, temp:        0.000000     0.00(Removed)

 NSTEP =     2000   TIME(PS) =     512.050  TEMP(K) =   297.12  PRESS =     0.0
 Etot   =    -57751.8215  EKtot   =     13915.3327  EPtot      =    -71667.1542
 BOND   =       449.7882  ANGLE   =      1312.6992  DIHED      =       976.7207
 1-4 NB =       542.4232  1-4 EEL =      6663.1857  VDWAALS    =      8262.6105
 EELEC  =    -89874.5817  EHBOND  =         0.0000  RESTRAINT  =         0.0000
 Ewald error estimate:   0.8232E-04
 ------------------------------------------------------------------------------


 NSTEP =     2100   TIME(PS) =     512.150  TEMP(K) =   297.05  PRESS =     0.0
 Etot   =    -57751.6058  EKtot   =     13911.9910  EPtot      =    -71663.5968
 BOND   =       480.5200  ANGLE   =      1329.1238  DIHED      =       995.2516
 1-4 NB =       526.6359  1-4 EEL =      6667.6581  VDWAALS    =      8118.5290
 EELEC  =    -89781.3153  EHBOND  =         0.0000  RESTRAINT  =         0.0000
 Ewald error estimate:   0.1911E-04
 ------------------------------------------------------------------------------


 NSTEP =     2200   TIME(PS) =     512.250  TEMP(K) =   300.00  PRESS =     0.0
 Etot   =    -57752.6444  EKtot   =     14050.0197  EPtot      =    -71802.6641
 BOND   =       530.1175  ANGLE   =      1246.2907  DIHED      =      1009.8735
 1-4 NB =       546.1066  1-4 EEL =      6649.0225  VDWAALS    =      8215.4536
 EELEC  =    -89999.5285  EHBOND  =         0.0000  RESTRAINT  =         0.0000
 Ewald error estimate:   0.1523E-04
 ------------------------------------------------------------------------------


 NSTEP =     2300   TIME(PS) =     512.350  TEMP(K) =   299.82  PRESS =     0.0
 Etot   =    -57752.7932  EKtot   =     14041.7033  EPtot      =    -71794.4965
 BOND   =       460.9279  ANGLE   =      1244.4760  DIHED      =       984.0967
 1-4 NB =       543.8693  1-4 EEL =      6707.5707  VDWAALS    =      8379.0229
 EELEC  =    -90114.4601  EHBOND  =         0.0000  RESTRAINT  =         0.0000
 Ewald error estimate:   0.6278E-04
 ------------------------------------------------------------------------------


 NSTEP =     2400   TIME(PS) =     512.450  TEMP(K) =   300.32  PRESS =     0.0
 Etot   =    -57753.5314  EKtot   =     14065.2221  EPtot      =    -71818.7536
 BOND   =       473.6415  ANGLE   =      1246.5244  DIHED      =       986.3267
 1-4 NB =       550.4646  1-4 EEL =      6645.9866  VDWAALS    =      8547.6379
 EELEC  =    -90269.3352  EHBOND  =         0.0000  RESTRAINT  =         0.0000
 Ewald error estimate:   0.4885E-04
 ------------------------------------------------------------------------------


 NSTEP =     2500   TIME(PS) =     512.550  TEMP(K) =   299.08  PRESS =     0.0
 Etot   =    -57753.7018  EKtot   =     14007.3698  EPtot      =    -71761.0716
 BOND   =       461.1836  ANGLE   =      1276.7105  DIHED      =       974.2070
 1-4 NB =       563.5948  1-4 EEL =      6649.8226  VDWAALS    =      8276.2577
 EELEC  =    -89962.8478  EHBOND  =         0.0000  RESTRAINT  =         0.0000
 Ewald error estimate:   0.7359E-04
 ------------------------------------------------------------------------------


 NSTEP =     2600   TIME(PS) =     512.650  TEMP(K) =   296.96  PRESS =     0.0
 Etot   =    -57753.2434  EKtot   =     13907.7716  EPtot      =    -71661.0151
 BOND   =       471.9174  ANGLE   =      1264.1870  DIHED      =       985.4375
 1-4 NB =       547.0573  1-4 EEL =      6712.1020  VDWAALS    =      8255.7153
 EELEC  =    -89897.4316  EHBOND  =         0.0000  RESTRAINT  =         0.0000
 Ewald error estimate:   0.1001E-03
 ------------------------------------------------------------------------------


 NSTEP =     2700   TIME(PS) =     512.750  TEMP(K) =   298.28  PRESS =     0.0
 Etot   =    -57753.6638  EKtot   =     13969.4843  EPtot      =    -71723.1481
 BOND   =       465.8279  ANGLE   =      1265.6767  DIHED      =       970.6657
 1-4 NB =       554.2136  1-4 EEL =      6667.3028  VDWAALS    =      8135.1095
 EELEC  =    -89781.9442  EHBOND  =         0.0000  RESTRAINT  =         0.0000
 Ewald error estimate:   0.3683E-04
 ------------------------------------------------------------------------------


 NSTEP =     2800   TIME(PS) =     512.850  TEMP(K) =   297.10  PRESS =     0.0
 Etot   =    -57753.3499  EKtot   =     13914.3633  EPtot      =    -71667.7131
 BOND   =       497.8757  ANGLE   =      1265.5258  DIHED      =       987.4291
 1-4 NB =       552.1971  1-4 EEL =      6688.5167  VDWAALS    =      8277.4900
 EELEC  =    -89936.7476  EHBOND  =         0.0000  RESTRAINT  =         0.0000
 Ewald error estimate:   0.6868E-05
 ------------------------------------------------------------------------------


 NSTEP =     2900   TIME(PS) =     512.950  TEMP(K) =   296.82  PRESS =     0.0
 Etot   =    -57753.5109  EKtot   =     13901.3478  EPtot      =    -71654.8586
 BOND   =       460.9235  ANGLE   =      1286.3862  DIHED      =       979.0701
 1-4 NB =       547.9274  1-4 EEL =      6668.6963  VDWAALS    =      8242.5437
 EELEC  =    -89840.4058  EHBOND  =         0.0000  RESTRAINT  =         0.0000
 Ewald error estimate:   0.1472E-03
 ------------------------------------------------------------------------------

check COM velocity, temp:        0.000000     0.00(Removed)

 NSTEP =     3000   TIME(PS) =     513.050  TEMP(K) =   299.40  PRESS =     0.0
 Etot   =    -57753.1409  EKtot   =     14021.9070  EPtot      =    -71775.0479
 BOND   =       483.6063  ANGLE   =      1294.0256  DIHED      =      1005.7191
 1-4 NB =       531.6326  1-4 EEL =      6646.6626  VDWAALS    =      8335.6904
 EELEC  =    -90072.3845  EHBOND  =         0.0000  RESTRAINT  =         0.0000
 Ewald error estimate:   0.8493E-04
 ------------------------------------------------------------------------------


 NSTEP =     3100   TIME(PS) =     513.150  TEMP(K) =   298.28  PRESS =     0.0
 Etot   =    -57753.1018  EKtot   =     13969.4575  EPtot      =    -71722.5592
 BOND   =       504.9340  ANGLE   =      1279.1018  DIHED      =       995.5091
 1-4 NB =       544.2679  1-4 EEL =      6680.6585  VDWAALS    =      8361.5412
 EELEC  =    -90088.5717  EHBOND  =         0.0000  RESTRAINT  =         0.0000
 Ewald error estimate:   0.9543E-04
 ------------------------------------------------------------------------------


 NSTEP =     3200   TIME(PS) =     513.250  TEMP(K) =   298.31  PRESS =     0.0
 Etot   =    -57753.7993  EKtot   =     13971.0238  EPtot      =    -71724.8232
 BOND   =       472.8950  ANGLE   =      1261.0765  DIHED      =       984.6540
 1-4 NB =       531.0696  1-4 EEL =      6661.5801  VDWAALS    =      8243.6620
 EELEC  =    -89879.7604  EHBOND  =         0.0000  RESTRAINT  =         0.0000
 Ewald error estimate:   0.7070E-04
 ------------------------------------------------------------------------------


 NSTEP =     3300   TIME(PS) =     513.350  TEMP(K) =   296.82  PRESS =     0.0
 Etot   =    -57753.6983  EKtot   =     13901.4338  EPtot      =    -71655.1322
 BOND   =       499.0840  ANGLE   =      1231.9971  DIHED      =       989.2880
 1-4 NB =       544.6134  1-4 EEL =      6658.8796  VDWAALS    =      8333.2027
 EELEC  =    -89912.1969  EHBOND  =         0.0000  RESTRAINT  =         0.0000
 Ewald error estimate:   0.1411E-03
 ------------------------------------------------------------------------------


 NSTEP =     3400   TIME(PS) =     513.450  TEMP(K) =   298.98  PRESS =     0.0
 Etot   =    -57753.2309  EKtot   =     14002.3279  EPtot      =    -71755.5588
 BOND   =       488.4389  ANGLE   =      1265.5931  DIHED      =       984.5369
 1-4 NB =       533.3873  1-4 EEL =      6692.6923  VDWAALS    =      8247.3617
 EELEC  =    -89967.5691  EHBOND  =         0.0000  RESTRAINT  =         0.0000
 Ewald error estimate:   0.8005E-04
 ------------------------------------------------------------------------------


 NSTEP =     3500   TIME(PS) =     513.550  TEMP(K) =   300.60  PRESS =     0.0
 Etot   =    -57752.8622  EKtot   =     14078.5521  EPtot      =    -71831.4143
 BOND   =       470.7563  ANGLE   =      1307.0947  DIHED      =       981.9029
 1-4 NB =       555.2220  1-4 EEL =      6684.6356  VDWAALS    =      8175.8179
 EELEC  =    -90006.8437  EHBOND  =         0.0000  RESTRAINT  =         0.0000
 Ewald error estimate:   0.1266E-03
 ------------------------------------------------------------------------------


 NSTEP =     3600   TIME(PS) =     513.650  TEMP(K) =   298.55  PRESS =     0.0
 Etot   =    -57753.5440  EKtot   =     13982.3288  EPtot      =    -71735.8728
 BOND   =       491.0852  ANGLE   =      1294.8164  DIHED      =      1003.7183
 1-4 NB =       540.7849  1-4 EEL =      6667.9149  VDWAALS    =      8439.1496
 EELEC  =    -90173.3420  EHBOND  =         0.0000  RESTRAINT  =         0.0000
 Ewald error estimate:   0.2662E-04
 ------------------------------------------------------------------------------


 NSTEP =     3700   TIME(PS) =     513.750  TEMP(K) =   297.10  PRESS =     0.0
 Etot   =    -57753.2087  EKtot   =     13914.3838  EPtot      =    -71667.5925
 BOND   =       482.2417  ANGLE   =      1256.0303  DIHED      =      1003.7744
 1-4 NB =       558.3217  1-4 EEL =      6660.7760  VDWAALS    =      8273.5560
 EELEC  =    -89902.2926  EHBOND  =         0.0000  RESTRAINT  =         0.0000
 Ewald error estimate:   0.2154E-03
 ------------------------------------------------------------------------------


 NSTEP =     3800   TIME(PS) =     513.850  TEMP(K) =   297.39  PRESS =     0.0
 Etot   =    -57753.3375  EKtot   =     13928.0195  EPtot      =    -71681.3571
 BOND   =       447.6685  ANGLE   =      1285.6963  DIHED      =       998.7978
 1-4 NB =       550.8574  1-4 EEL =      6722.2029  VDWAALS    =      8164.6067
 EELEC  =    -89851.1866  EHBOND  =         0.0000  RESTRAINT  =         0.0000
 Ewald error estimate:   0.1378E-04
 ------------------------------------------------------------------------------


 NSTEP =     3900   TIME(PS) =     513.950  TEMP(K) =   300.65  PRESS =     0.0
 Etot   =    -57753.5788  EKtot   =     14080.5598  EPtot      =    -71834.1386
 BOND   =       468.3536  ANGLE   =      1277.6628  DIHED      =      1001.4901
 1-4 NB =       539.6833  1-4 EEL =      6674.8265  VDWAALS    =      8288.5095
 EELEC  =    -90084.6643  EHBOND  =         0.0000  RESTRAINT  =         0.0000
 Ewald error estimate:   0.8729E-04
 ------------------------------------------------------------------------------

check COM velocity, temp:        0.000000     0.00(Removed)

 NSTEP =     4000   TIME(PS) =     514.050  TEMP(K) =   298.84  PRESS =     0.0
 Etot   =    -57753.2176  EKtot   =     13995.6924  EPtot      =    -71748.9100
 BOND   =       476.8136  ANGLE   =      1281.2903  DIHED      =       976.6382
 1-4 NB =       563.3725  1-4 EEL =      6706.7112  VDWAALS    =      8359.5577
 EELEC  =    -90113.2935  EHBOND  =         0.0000  RESTRAINT  =         0.0000
 Ewald error estimate:   0.1986E-04
 ------------------------------------------------------------------------------


 NSTEP =     4100   TIME(PS) =     514.150  TEMP(K) =   299.41  PRESS =     0.0
 Etot   =    -57752.9854  EKtot   =     14022.4163  EPtot      =    -71775.4017
 BOND   =       468.4105  ANGLE   =      1273.5158  DIHED      =      1012.1736
 1-4 NB =       541.7804  1-4 EEL =      6619.2571  VDWAALS    =      8129.5718
 EELEC  =    -89820.1111  EHBOND  =         0.0000  RESTRAINT  =         0.0000
 Ewald error estimate:   0.5625E-04
 ------------------------------------------------------------------------------


 NSTEP =     4200   TIME(PS) =     514.250  TEMP(K) =   297.77  PRESS =     0.0
 Etot   =    -57752.7437  EKtot   =     13945.7439  EPtot      =    -71698.4876
 BOND   =       479.1658  ANGLE   =      1258.8964  DIHED      =      1000.4037
 1-4 NB =       533.3377  1-4 EEL =      6682.2258  VDWAALS    =      8083.3995
 EELEC  =    -89735.9165  EHBOND  =         0.0000  RESTRAINT  =         0.0000
 Ewald error estimate:   0.1143E-03
 ------------------------------------------------------------------------------


 NSTEP =     4300   TIME(PS) =     514.350  TEMP(K) =   299.58  PRESS =     0.0
 Etot   =    -57752.8726  EKtot   =     14030.5762  EPtot      =    -71783.4488
 BOND   =       445.0981  ANGLE   =      1254.2021  DIHED      =       993.3922
 1-4 NB =       561.5480  1-4 EEL =      6713.1312  VDWAALS    =      8209.7165
 EELEC  =    -89960.5368  EHBOND  =         0.0000  RESTRAINT  =         0.0000
 Ewald error estimate:   0.4358E-04
 ------------------------------------------------------------------------------


 NSTEP =     4400   TIME(PS) =     514.450  TEMP(K) =   298.70  PRESS =     0.0
 Etot   =    -57752.7756  EKtot   =     13989.3300  EPtot      =    -71742.1056
 BOND   =       485.2643  ANGLE   =      1220.6768  DIHED      =       969.9034
 1-4 NB =       539.5339  1-4 EEL =      6654.8256  VDWAALS    =      8234.2695
 EELEC  =    -89846.5790  EHBOND  =         0.0000  RESTRAINT  =         0.0000
 Ewald error estimate:   0.1179E-03
 ------------------------------------------------------------------------------


 NSTEP =     4500   TIME(PS) =     514.550  TEMP(K) =   297.14  PRESS =     0.0
 Etot   =    -57752.2112  EKtot   =     13916.4479  EPtot      =    -71668.6592
 BOND   =       502.4058  ANGLE   =      1250.9945  DIHED      =       985.7415
 1-4 NB =       540.5818  1-4 EEL =      6689.7177  VDWAALS    =      8293.0578
 EELEC  =    -89931.1582  EHBOND  =         0.0000  RESTRAINT  =         0.0000
 Ewald error estimate:   0.5309E-05
 ------------------------------------------------------------------------------


 NSTEP =     4600   TIME(PS) =     514.650  TEMP(K) =   295.85  PRESS =     0.0
 Etot   =    -57752.0251  EKtot   =     13855.8631  EPtot      =    -71607.8882
 BOND   =       485.3492  ANGLE   =      1256.9575  DIHED      =       990.0456
 1-4 NB =       550.3816  1-4 EEL =      6658.1345  VDWAALS    =      8236.3818
 EELEC  =    -89785.1384  EHBOND  =         0.0000  RESTRAINT  =         0.0000
 Ewald error estimate:   0.7395E-04
 ------------------------------------------------------------------------------


 NSTEP =     4700   TIME(PS) =     514.750  TEMP(K) =   297.13  PRESS =     0.0
 Etot   =    -57751.8747  EKtot   =     13915.6324  EPtot      =    -71667.5071
 BOND   =       451.2224  ANGLE   =      1240.2427  DIHED      =       992.1411
 1-4 NB =       558.3384  1-4 EEL =      6722.4961  VDWAALS    =      8280.3228
 EELEC  =    -89912.2707  EHBOND  =         0.0000  RESTRAINT  =         0.0000
 Ewald error estimate:   0.1683E-03
 ------------------------------------------------------------------------------


 NSTEP =     4800   TIME(PS) =     514.850  TEMP(K) =   300.87  PRESS =     0.0
 Etot   =    -57752.2342  EKtot   =     14090.9784  EPtot      =    -71843.2126
 BOND   =       470.2378  ANGLE   =      1270.0424  DIHED      =       989.6172
 1-4 NB =       528.6579  1-4 EEL =      6683.3948  VDWAALS    =      8119.3342
 EELEC  =    -89904.4970  EHBOND  =         0.0000  RESTRAINT  =         0.0000
 Ewald error estimate:   0.1115E-04
 ------------------------------------------------------------------------------


 NSTEP =     4900   TIME(PS) =     514.950  TEMP(K) =   295.66  PRESS =     0.0
 Etot   =    -57752.8361  EKtot   =     13846.9113  EPtot      =    -71599.7474
 BOND   =       486.0161  ANGLE   =      1236.7474  DIHED      =       997.1824
 1-4 NB =       560.6779  1-4 EEL =      6686.8232  VDWAALS    =      8233.4360
 EELEC  =    -89800.6303  EHBOND  =         0.0000  RESTRAINT  =         0.0000
 Ewald error estimate:   0.3940E-04
 ------------------------------------------------------------------------------

check COM velocity, temp:        0.000000     0.00(Removed)

 NSTEP =     5000   TIME(PS) =     515.050  TEMP(K) =   297.05  PRESS =     0.0
 Etot   =    -57752.2157  EKtot   =     13912.3063  EPtot      =    -71664.5220
 BOND   =       484.1449  ANGLE   =      1261.2682  DIHED      =       984.2992
 1-4 NB =       557.5193  1-4 EEL =      6677.9387  VDWAALS    =      8277.0137
 EELEC  =    -89906.7059  EHBOND  =         0.0000  RESTRAINT  =         0.0000
 Ewald error estimate:   0.9702E-04
 ------------------------------------------------------------------------------


 NSTEP =     5100   TIME(PS) =     515.150  TEMP(K) =   296.73  PRESS =     0.0
 Etot   =    -57751.7059  EKtot   =     13896.9905  EPtot      =    -71648.6964
 BOND   =       481.2958  ANGLE   =      1237.3797  DIHED      =       980.5715
 1-4 NB =       544.7319  1-4 EEL =      6741.5004  VDWAALS    =      8136.4470
 EELEC  =    -89770.6227  EHBOND  =         0.0000  RESTRAINT  =         0.0000
 Ewald error estimate:   0.1644E-03
 ------------------------------------------------------------------------------


 NSTEP =     5200   TIME(PS) =     515.250  TEMP(K) =   298.25  PRESS =     0.0
 Etot   =    -57752.9868  EKtot   =     13968.1162  EPtot      =    -71721.1031
 BOND   =       442.6198  ANGLE   =      1241.7381  DIHED      =      1001.0710
 1-4 NB =       566.8956  1-4 EEL =      6701.1523  VDWAALS    =      8379.4352
 EELEC  =    -90054.0151  EHBOND  =         0.0000  RESTRAINT  =         0.0000
 Ewald error estimate:   0.3561E-04
 ------------------------------------------------------------------------------


 NSTEP =     5300   TIME(PS) =     515.350  TEMP(K) =   297.84  PRESS =     0.0
 Etot   =    -57752.4556  EKtot   =     13949.2915  EPtot      =    -71701.7471
 BOND   =       457.4902  ANGLE   =      1294.8811  DIHED      =       996.5449
 1-4 NB =       549.1328  1-4 EEL =      6644.6603  VDWAALS    =      8408.8531
 EELEC  =    -90053.3094  EHBOND  =         0.0000  RESTRAINT  =         0.0000
 Ewald error estimate:   0.1516E-04
 ------------------------------------------------------------------------------


 NSTEP =     5400   TIME(PS) =     515.450  TEMP(K) =   297.49  PRESS =     0.0
 Etot   =    -57753.1086  EKtot   =     13932.6602  EPtot      =    -71685.7688
 BOND   =       472.1044  ANGLE   =      1253.1501  DIHED      =       980.9844
 1-4 NB =       554.9719  1-4 EEL =      6740.4898  VDWAALS    =      8507.5657
 EELEC  =    -90195.0353  EHBOND  =         0.0000  RESTRAINT  =         0.0000
 Ewald error estimate:   0.6638E-04
 ------------------------------------------------------------------------------


 NSTEP =     5500   TIME(PS) =     515.550  TEMP(K) =   299.21  PRESS =     0.0
 Etot   =    -57753.7162  EKtot   =     14013.2182  EPtot      =    -71766.9344
 BOND   =       488.6508  ANGLE   =      1210.8453  DIHED      =       997.7021
 1-4 NB =       541.2484  1-4 EEL =      6701.5162  VDWAALS    =      8441.4414
 EELEC  =    -90148.3385  EHBOND  =         0.0000  RESTRAINT  =         0.0000
 Ewald error estimate:   0.1032E-03
 ------------------------------------------------------------------------------


 NSTEP =     5600   TIME(PS) =     515.650  TEMP(K) =   297.15  PRESS =     0.0
 Etot   =    -57753.3832  EKtot   =     13916.7511  EPtot      =    -71670.1343
 BOND   =       466.0414  ANGLE   =      1260.7970  DIHED      =       956.6255
 1-4 NB =       554.1551  1-4 EEL =      6668.6071  VDWAALS    =      8199.8337
 EELEC  =    -89776.1942  EHBOND  =         0.0000  RESTRAINT  =         0.0000
 Ewald error estimate:   0.4780E-04
 ------------------------------------------------------------------------------


 NSTEP =     5700   TIME(PS) =     515.750  TEMP(K) =   298.55  PRESS =     0.0
 Etot   =    -57753.2013  EKtot   =     13982.1283  EPtot      =    -71735.3296
 BOND   =       476.2227  ANGLE   =      1294.3308  DIHED      =       991.1856
 1-4 NB =       551.4750  1-4 EEL =      6684.5561  VDWAALS    =      8126.5928
 EELEC  =    -89859.6926  EHBOND  =         0.0000  RESTRAINT  =         0.0000
 Ewald error estimate:   0.1161E-03
 ------------------------------------------------------------------------------


 NSTEP =     5800   TIME(PS) =     515.850  TEMP(K) =   298.10  PRESS =     0.0
 Etot   =    -57753.2091  EKtot   =     13961.2338  EPtot      =    -71714.4429
 BOND   =       460.1853  ANGLE   =      1238.0413  DIHED      =      1004.1578
 1-4 NB =       548.4302  1-4 EEL =      6714.7486  VDWAALS    =      8261.7206
 EELEC  =    -89941.7268  EHBOND  =         0.0000  RESTRAINT  =         0.0000
 Ewald error estimate:   0.5078E-04
 ------------------------------------------------------------------------------


 NSTEP =     5900   TIME(PS) =     515.950  TEMP(K) =   298.49  PRESS =     0.0
 Etot   =    -57753.0639  EKtot   =     13979.6390  EPtot      =    -71732.7029
 BOND   =       485.5384  ANGLE   =      1258.4441  DIHED      =       981.9120
 1-4 NB =       542.5098  1-4 EEL =      6693.6907  VDWAALS    =      8077.7153
 EELEC  =    -89772.5133  EHBOND  =         0.0000  RESTRAINT  =         0.0000
 Ewald error estimate:   0.9018E-04
 ------------------------------------------------------------------------------

check COM velocity, temp:        0.000000     0.00(Removed)

 NSTEP =     6000   TIME(PS) =     516.050  TEMP(K) =   297.69  PRESS =     0.0
 Etot   =    -57753.2214  EKtot   =     13942.2011  EPtot      =    -71695.4225
 BOND   =       458.5637  ANGLE   =      1278.4186  DIHED      =       998.7754
 1-4 NB =       549.2945  1-4 EEL =      6690.6470  VDWAALS    =      8049.3464
 EELEC  =    -89720.4681  EHBOND  =         0.0000  RESTRAINT  =         0.0000
 Ewald error estimate:   0.7493E-04
 ------------------------------------------------------------------------------


 NSTEP =     6100   TIME(PS) =     516.150  TEMP(K) =   298.00  PRESS =     0.0
 Etot   =    -57753.6466  EKtot   =     13956.5693  EPtot      =    -71710.2159
 BOND   =       470.8208  ANGLE   =      1218.4156  DIHED      =       977.6487
 1-4 NB =       547.6567  1-4 EEL =      6683.0726  VDWAALS    =      7984.7350
 EELEC  =    -89592.5654  EHBOND  =         0.0000  RESTRAINT  =         0.0000
 Ewald error estimate:   0.8746E-04
 ------------------------------------------------------------------------------


 NSTEP =     6200   TIME(PS) =     516.250  TEMP(K) =   298.35  PRESS =     0.0
 Etot   =    -57753.1216  EKtot   =     13973.0864  EPtot      =    -71726.2081
 BOND   =       443.8848  ANGLE   =      1242.6841  DIHED      =      1001.4010
 1-4 NB =       558.5304  1-4 EEL =      6703.0594  VDWAALS    =      8184.1563
 EELEC  =    -89859.9242  EHBOND  =         0.0000  RESTRAINT  =         0.0000
 Ewald error estimate:   0.6722E-04
 ------------------------------------------------------------------------------


 NSTEP =     6300   TIME(PS) =     516.350  TEMP(K) =   295.24  PRESS =     0.0
 Etot   =    -57752.7865  EKtot   =     13827.1292  EPtot      =    -71579.9157
 BOND   =       439.1376  ANGLE   =      1285.2248  DIHED      =      1014.7008
 1-4 NB =       558.9341  1-4 EEL =      6685.3682  VDWAALS    =      8249.6619
 EELEC  =    -89812.9432  EHBOND  =         0.0000  RESTRAINT  =         0.0000
 Ewald error estimate:   0.1042E-03
 ------------------------------------------------------------------------------


 NSTEP =     6400   TIME(PS) =     516.450  TEMP(K) =   295.53  PRESS =     0.0
 Etot   =    -57753.1995  EKtot   =     13840.8672  EPtot      =    -71594.0667
 BOND   =       469.0350  ANGLE   =      1262.7756  DIHED      =      1000.0526
 1-4 NB =       555.4446  1-4 EEL =      6673.0337  VDWAALS    =      8128.1269
 EELEC  =    -89682.5352  EHBOND  =         0.0000  RESTRAINT  =         0.0000
 Ewald error estimate:   0.6659E-04
 ------------------------------------------------------------------------------


 NSTEP =     6500   TIME(PS) =     516.550  TEMP(K) =   298.00  PRESS =     0.0
 Etot   =    -57753.3381  EKtot   =     13956.4309  EPtot      =    -71709.7690
 BOND   =       451.2049  ANGLE   =      1264.5911  DIHED      =       985.3693
 1-4 NB =       554.0680  1-4 EEL =      6670.9150  VDWAALS    =      8360.5686
 EELEC  =    -89996.4860  EHBOND  =         0.0000  RESTRAINT  =         0.0000
 Ewald error estimate:   0.1410E-04
 ------------------------------------------------------------------------------


 NSTEP =     6600   TIME(PS) =     516.650  TEMP(K) =   294.89  PRESS =     0.0
 Etot   =    -57753.2022  EKtot   =     13810.9344  EPtot      =    -71564.1367
 BOND   =       506.8433  ANGLE   =      1244.9509  DIHED      =       997.0861
 1-4 NB =       542.8067  1-4 EEL =      6663.2032  VDWAALS    =      7907.5643
 EELEC  =    -89426.5911  EHBOND  =         0.0000  RESTRAINT  =         0.0000
 Ewald error estimate:   0.1335E-03
 ------------------------------------------------------------------------------


 NSTEP =     6700   TIME(PS) =     516.750  TEMP(K) =   300.89  PRESS =     0.0
 Etot   =    -57753.5369  EKtot   =     14091.9938  EPtot      =    -71845.5306
 BOND   =       430.7887  ANGLE   =      1262.0135  DIHED      =       990.4712
 1-4 NB =       558.1480  1-4 EEL =      6751.0966  VDWAALS    =      8418.6456
 EELEC  =    -90256.6944  EHBOND  =         0.0000  RESTRAINT  =         0.0000
 Ewald error estimate:   0.2417E-04
 ------------------------------------------------------------------------------


 NSTEP =     6800   TIME(PS) =     516.850  TEMP(K) =   299.61  PRESS =     0.0
 Etot   =    -57753.2050  EKtot   =     14031.9623  EPtot      =    -71785.1673
 BOND   =       466.3998  ANGLE   =      1286.5392  DIHED      =       993.6140
 1-4 NB =       557.8068  1-4 EEL =      6638.0069  VDWAALS    =      8253.0174
 EELEC  =    -89980.5515  EHBOND  =         0.0000  RESTRAINT  =         0.0000
 Ewald error estimate:   0.5427E-04
 ------------------------------------------------------------------------------


 NSTEP =     6900   TIME(PS) =     516.950  TEMP(K) =   301.78  PRESS =     0.0
 Etot   =    -57752.9784  EKtot   =     14133.4320  EPtot      =    -71886.4104
 BOND   =       427.9004  ANGLE   =      1256.0817  DIHED      =       964.1048
 1-4 NB =       554.7151  1-4 EEL =      6697.6045  VDWAALS    =      8489.6558
 EELEC  =    -90276.4727  EHBOND  =         0.0000  RESTRAINT  =         0.0000
 Ewald error estimate:   0.2773E-04
 ------------------------------------------------------------------------------

check COM velocity, temp:        0.000000     0.00(Removed)

 NSTEP =     7000   TIME(PS) =     517.050  TEMP(K) =   297.74  PRESS =     0.0
 Etot   =    -57751.4104  EKtot   =     13944.1966  EPtot      =    -71695.6070
 BOND   =       476.9028  ANGLE   =      1225.7547  DIHED      =       996.0311
 1-4 NB =       546.8078  1-4 EEL =      6704.4771  VDWAALS    =      8443.9532
 EELEC  =    -90089.5336  EHBOND  =         0.0000  RESTRAINT  =         0.0000
 Ewald error estimate:   0.2354E-04
 ------------------------------------------------------------------------------


 NSTEP =     7100   TIME(PS) =     517.150  TEMP(K) =   298.25  PRESS =     0.0
 Etot   =    -57752.2017  EKtot   =     13968.1015  EPtot      =    -71720.3032
 BOND   =       477.4563  ANGLE   =      1255.9705  DIHED      =       962.7931
 1-4 NB =       547.1673  1-4 EEL =      6690.6246  VDWAALS    =      8119.0741
 EELEC  =    -89773.3891  EHBOND  =         0.0000  RESTRAINT  =         0.0000
 Ewald error estimate:   0.7136E-04
 ------------------------------------------------------------------------------


 NSTEP =     7200   TIME(PS) =     517.250  TEMP(K) =   296.69  PRESS =     0.0
 Etot   =    -57751.9461  EKtot   =     13895.2999  EPtot      =    -71647.2460
 BOND   =       463.5010  ANGLE   =      1263.9634  DIHED      =       977.9570
 1-4 NB =       548.5700  1-4 EEL =      6719.6868  VDWAALS    =      8314.6559
 EELEC  =    -89935.5800  EHBOND  =         0.0000  RESTRAINT  =         0.0000
 Ewald error estimate:   0.1459E-03
 ------------------------------------------------------------------------------


 NSTEP =     7300   TIME(PS) =     517.350  TEMP(K) =   302.18  PRESS =     0.0
 Etot   =    -57753.6851  EKtot   =     14152.5126  EPtot      =    -71906.1978
 BOND   =       445.3255  ANGLE   =      1266.8030  DIHED      =      1006.4573
 1-4 NB =       551.0972  1-4 EEL =      6666.6778  VDWAALS    =      8206.5599
 EELEC  =    -90049.1184  EHBOND  =         0.0000  RESTRAINT  =         0.0000
 Ewald error estimate:   0.1298E-04
 ------------------------------------------------------------------------------


 NSTEP =     7400   TIME(PS) =     517.450  TEMP(K) =   296.85  PRESS =     0.0
 Etot   =    -57753.2678  EKtot   =     13902.6082  EPtot      =    -71655.8760
 BOND   =       435.6351  ANGLE   =      1297.0506  DIHED      =      1014.6498
 1-4 NB =       537.3775  1-4 EEL =      6661.5385  VDWAALS    =      8435.3985
 EELEC  =    -90037.5261  EHBOND  =         0.0000  RESTRAINT  =         0.0000
 Ewald error estimate:   0.6997E-04
 ------------------------------------------------------------------------------


 NSTEP =     7500   TIME(PS) =     517.550  TEMP(K) =   297.73  PRESS =     0.0
 Etot   =    -57752.9556  EKtot   =     13944.0740  EPtot      =    -71697.0296
 BOND   =       463.7755  ANGLE   =      1258.1302  DIHED      =       999.7498
 1-4 NB =       543.0764  1-4 EEL =      6648.1603  VDWAALS    =      8259.8694
 EELEC  =    -89869.7912  EHBOND  =         0.0000  RESTRAINT  =         0.0000
 Ewald error estimate:   0.7820E-04
 ------------------------------------------------------------------------------


 NSTEP =     7600   TIME(PS) =     517.650  TEMP(K) =   300.69  PRESS =     0.0
 Etot   =    -57753.8759  EKtot   =     14082.6225  EPtot      =    -71836.4983
 BOND   =       472.2671  ANGLE   =      1247.5391  DIHED      =       990.5956
 1-4 NB =       538.6601  1-4 EEL =      6663.0827  VDWAALS    =      8205.5654
 EELEC  =    -89954.2083  EHBOND  =         0.0000  RESTRAINT  =         0.0000
 Ewald error estimate:   0.2648E-04
 ------------------------------------------------------------------------------


 NSTEP =     7700   TIME(PS) =     517.750  TEMP(K) =   300.11  PRESS =     0.0
 Etot   =    -57753.8460  EKtot   =     14055.2889  EPtot      =    -71809.1349
 BOND   =       480.0868  ANGLE   =      1200.5878  DIHED      =      1014.3798
 1-4 NB =       553.6542  1-4 EEL =      6695.2200  VDWAALS    =      8168.2853
 EELEC  =    -89921.3488  EHBOND  =         0.0000  RESTRAINT  =         0.0000
 Ewald error estimate:   0.5441E-04
 ------------------------------------------------------------------------------


 NSTEP =     7800   TIME(PS) =     517.850  TEMP(K) =   296.82  PRESS =     0.0
 Etot   =    -57753.7744  EKtot   =     13901.1802  EPtot      =    -71654.9546
 BOND   =       491.1893  ANGLE   =      1294.7097  DIHED      =       991.4020
 1-4 NB =       554.8733  1-4 EEL =      6663.1680  VDWAALS    =      8317.3031
 EELEC  =    -89967.6000  EHBOND  =         0.0000  RESTRAINT  =         0.0000
 Ewald error estimate:   0.2479E-04
 ------------------------------------------------------------------------------


 NSTEP =     7900   TIME(PS) =     517.950  TEMP(K) =   298.48  PRESS =     0.0
 Etot   =    -57753.1272  EKtot   =     13978.8530  EPtot      =    -71731.9802
 BOND   =       449.3732  ANGLE   =      1283.5582  DIHED      =      1011.5240
 1-4 NB =       554.1069  1-4 EEL =      6726.8047  VDWAALS    =      8405.0849
 EELEC  =    -90162.4321  EHBOND  =         0.0000  RESTRAINT  =         0.0000
 Ewald error estimate:   0.1134E-04
 ------------------------------------------------------------------------------

check COM velocity, temp:        0.000000     0.00(Removed)

 NSTEP =     8000   TIME(PS) =     518.050  TEMP(K) =   300.07  PRESS =     0.0
 Etot   =    -57753.3517  EKtot   =     14053.2973  EPtot      =    -71806.6491
 BOND   =       492.3042  ANGLE   =      1245.6517  DIHED      =       978.8534
 1-4 NB =       551.8196  1-4 EEL =      6644.8280  VDWAALS    =      8043.7773
 EELEC  =    -89763.8833  EHBOND  =         0.0000  RESTRAINT  =         0.0000
 Ewald error estimate:   0.7180E-04
 ------------------------------------------------------------------------------


 NSTEP =     8100   TIME(PS) =     518.150  TEMP(K) =   298.14  PRESS =     0.0
 Etot   =    -57752.6760  EKtot   =     13963.2653  EPtot      =    -71715.9413
 BOND   =       490.1284  ANGLE   =      1256.9558  DIHED      =      1007.5457
 1-4 NB =       538.7777  1-4 EEL =      6678.7517  VDWAALS    =      8048.7323
 EELEC  =    -89736.8329  EHBOND  =         0.0000  RESTRAINT  =         0.0000
 Ewald error estimate:   0.3580E-04
 ------------------------------------------------------------------------------


 NSTEP =     8200   TIME(PS) =     518.250  TEMP(K) =   296.06  PRESS =     0.0
 Etot   =    -57752.5751  EKtot   =     13865.6523  EPtot      =    -71618.2274
 BOND   =       452.7614  ANGLE   =      1269.1205  DIHED      =       999.6683
 1-4 NB =       559.2987  1-4 EEL =      6673.5077  VDWAALS    =      8041.4342
 EELEC  =    -89614.0182  EHBOND  =         0.0000  RESTRAINT  =         0.0000
 Ewald error estimate:   0.5910E-04
 ------------------------------------------------------------------------------


 NSTEP =     8300   TIME(PS) =     518.350  TEMP(K) =   297.68  PRESS =     0.0
 Etot   =    -57753.2866  EKtot   =     13941.7283  EPtot      =    -71695.0149
 BOND   =       479.0788  ANGLE   =      1258.7124  DIHED      =      1005.9368
 1-4 NB =       554.8312  1-4 EEL =      6657.9020  VDWAALS    =      8461.7751
 EELEC  =    -90113.2512  EHBOND  =         0.0000  RESTRAINT  =         0.0000
 Ewald error estimate:   0.8832E-04
 ------------------------------------------------------------------------------


 NSTEP =     8400   TIME(PS) =     518.450  TEMP(K) =   299.34  PRESS =     0.0
 Etot   =    -57752.9329  EKtot   =     14019.1965  EPtot      =    -71772.1293
 BOND   =       509.5856  ANGLE   =      1236.0511  DIHED      =       990.6962
 1-4 NB =       551.8124  1-4 EEL =      6725.7084  VDWAALS    =      8156.4153
 EELEC  =    -89942.3983  EHBOND  =         0.0000  RESTRAINT  =         0.0000
 Ewald error estimate:   0.3628E-04
 ------------------------------------------------------------------------------


 NSTEP =     8500   TIME(PS) =     518.550  TEMP(K) =   298.92  PRESS =     0.0
 Etot   =    -57752.8320  EKtot   =     13999.7218  EPtot      =    -71752.5538
 BOND   =       471.5840  ANGLE   =      1272.8007  DIHED      =       983.1506
 1-4 NB =       541.7410  1-4 EEL =      6675.2044  VDWAALS    =      8078.2466
 EELEC  =    -89775.2811  EHBOND  =         0.0000  RESTRAINT  =         0.0000
 Ewald error estimate:   0.7248E-04
 ------------------------------------------------------------------------------


 NSTEP =     8600   TIME(PS) =     518.650  TEMP(K) =   298.36  PRESS =     0.0
 Etot   =    -57752.4505  EKtot   =     13973.4427  EPtot      =    -71725.8931
 BOND   =       498.5218  ANGLE   =      1210.8532  DIHED      =       983.2551
 1-4 NB =       545.7688  1-4 EEL =      6692.3836  VDWAALS    =      8236.4451
 EELEC  =    -89893.1206  EHBOND  =         0.0000  RESTRAINT  =         0.0000
 Ewald error estimate:   0.1541E-04
 ------------------------------------------------------------------------------


 NSTEP =     8700   TIME(PS) =     518.750  TEMP(K) =   298.43  PRESS =     0.0
 Etot   =    -57752.6699  EKtot   =     13976.7878  EPtot      =    -71729.4577
 BOND   =       477.3777  ANGLE   =      1220.9428  DIHED      =       989.5509
 1-4 NB =       565.5550  1-4 EEL =      6699.2378  VDWAALS    =      8156.0461
 EELEC  =    -89838.1679  EHBOND  =         0.0000  RESTRAINT  =         0.0000
 Ewald error estimate:   0.1325E-04
 ------------------------------------------------------------------------------


 NSTEP =     8800   TIME(PS) =     518.850  TEMP(K) =   299.69  PRESS =     0.0
 Etot   =    -57753.1241  EKtot   =     14035.6646  EPtot      =    -71788.7887
 BOND   =       462.5535  ANGLE   =      1226.3843  DIHED      =       993.3998
 1-4 NB =       552.7542  1-4 EEL =      6703.4494  VDWAALS    =      8316.7850
 EELEC  =    -90044.1149  EHBOND  =         0.0000  RESTRAINT  =         0.0000
 Ewald error estimate:   0.1271E-03
 ------------------------------------------------------------------------------


 NSTEP =     8900   TIME(PS) =     518.950  TEMP(K) =   299.54  PRESS =     0.0
 Etot   =    -57753.0855  EKtot   =     14028.5800  EPtot      =    -71781.6656
 BOND   =       460.1767  ANGLE   =      1242.7475  DIHED      =      1003.8492
 1-4 NB =       549.8244  1-4 EEL =      6721.6902  VDWAALS    =      8437.3524
 EELEC  =    -90197.3060  EHBOND  =         0.0000  RESTRAINT  =         0.0000
 Ewald error estimate:   0.3536E-04
 ------------------------------------------------------------------------------

check COM velocity, temp:        0.000000     0.00(Removed)

 NSTEP =     9000   TIME(PS) =     519.050  TEMP(K) =   298.21  PRESS =     0.0
 Etot   =    -57752.4098  EKtot   =     13966.5464  EPtot      =    -71718.9562
 BOND   =       460.2202  ANGLE   =      1281.6589  DIHED      =       984.8217
 1-4 NB =       553.3620  1-4 EEL =      6695.9078  VDWAALS    =      8076.7389
 EELEC  =    -89771.6656  EHBOND  =         0.0000  RESTRAINT  =         0.0000
 Ewald error estimate:   0.8694E-04
 ------------------------------------------------------------------------------


 NSTEP =     9100   TIME(PS) =     519.150  TEMP(K) =   298.65  PRESS =     0.0
 Etot   =    -57752.6434  EKtot   =     13986.9494  EPtot      =    -71739.5928
 BOND   =       456.5947  ANGLE   =      1193.9678  DIHED      =       997.2843
 1-4 NB =       541.2218  1-4 EEL =      6687.4442  VDWAALS    =      8158.6766
 EELEC  =    -89774.7823  EHBOND  =         0.0000  RESTRAINT  =         0.0000
 Ewald error estimate:   0.7804E-04
 ------------------------------------------------------------------------------


 NSTEP =     9200   TIME(PS) =     519.250  TEMP(K) =   296.16  PRESS =     0.0
 Etot   =    -57752.8455  EKtot   =     13870.4042  EPtot      =    -71623.2498
 BOND   =       480.8765  ANGLE   =      1244.8698  DIHED      =       987.2235
 1-4 NB =       549.8678  1-4 EEL =      6676.7594  VDWAALS    =      8261.4960
 EELEC  =    -89824.3428  EHBOND  =         0.0000  RESTRAINT  =         0.0000
 Ewald error estimate:   0.1259E-04
 ------------------------------------------------------------------------------


 NSTEP =     9300   TIME(PS) =     519.350  TEMP(K) =   295.08  PRESS =     0.0
 Etot   =    -57751.5870  EKtot   =     13819.6430  EPtot      =    -71571.2300
 BOND   =       472.2727  ANGLE   =      1264.9135  DIHED      =       954.5673
 1-4 NB =       538.9692  1-4 EEL =      6667.7403  VDWAALS    =      8097.6031
 EELEC  =    -89567.2961  EHBOND  =         0.0000  RESTRAINT  =         0.0000
 Ewald error estimate:   0.8588E-04
 ------------------------------------------------------------------------------


 NSTEP =     9400   TIME(PS) =     519.450  TEMP(K) =   296.39  PRESS =     0.0
 Etot   =    -57751.4506  EKtot   =     13881.0557  EPtot      =    -71632.5063
 BOND   =       485.5200  ANGLE   =      1235.9750  DIHED      =       976.9800
 1-4 NB =       559.9384  1-4 EEL =      6595.9893  VDWAALS    =      8068.2716
 EELEC  =    -89555.1807  EHBOND  =         0.0000  RESTRAINT  =         0.0000
 Ewald error estimate:   0.9661E-04
 ------------------------------------------------------------------------------


 NSTEP =     9500   TIME(PS) =     519.550  TEMP(K) =   297.80  PRESS =     0.0
 Etot   =    -57751.7331  EKtot   =     13947.1137  EPtot      =    -71698.8468
 BOND   =       464.9742  ANGLE   =      1276.1444  DIHED      =       985.0022
 1-4 NB =       541.8711  1-4 EEL =      6689.4831  VDWAALS    =      8014.7493
 EELEC  =    -89671.0712  EHBOND  =         0.0000  RESTRAINT  =         0.0000
 Ewald error estimate:   0.9371E-04
 ------------------------------------------------------------------------------


 NSTEP =     9600   TIME(PS) =     519.650  TEMP(K) =   298.58  PRESS =     0.0
 Etot   =    -57752.6834  EKtot   =     13983.8826  EPtot      =    -71736.5660
 BOND   =       459.5608  ANGLE   =      1262.5283  DIHED      =       982.6647
 1-4 NB =       545.1411  1-4 EEL =      6695.2487  VDWAALS    =      8318.3595
 EELEC  =    -90000.0692  EHBOND  =         0.0000  RESTRAINT  =         0.0000
 Ewald error estimate:   0.4994E-04
 ------------------------------------------------------------------------------


 NSTEP =     9700   TIME(PS) =     519.750  TEMP(K) =   299.10  PRESS =     0.0
 Etot   =    -57752.8178  EKtot   =     14008.2139  EPtot      =    -71761.0317
 BOND   =       470.6856  ANGLE   =      1234.2681  DIHED      =       994.3262
 1-4 NB =       564.3713  1-4 EEL =      6697.4094  VDWAALS    =      8292.0638
 EELEC  =    -90014.1560  EHBOND  =         0.0000  RESTRAINT  =         0.0000
 Ewald error estimate:   0.6643E-04
 ------------------------------------------------------------------------------


 NSTEP =     9800   TIME(PS) =     519.850  TEMP(K) =   298.17  PRESS =     0.0
 Etot   =    -57752.7508  EKtot   =     13964.5527  EPtot      =    -71717.3035
 BOND   =       496.1895  ANGLE   =      1255.3257  DIHED      =       975.4550
 1-4 NB =       531.9984  1-4 EEL =      6685.9004  VDWAALS    =      8350.6411
 EELEC  =    -90012.8136  EHBOND  =         0.0000  RESTRAINT  =         0.0000
 Ewald error estimate:   0.2261E-04
 ------------------------------------------------------------------------------


 NSTEP =     9900   TIME(PS) =     519.950  TEMP(K) =   296.88  PRESS =     0.0
 Etot   =    -57752.7249  EKtot   =     13904.2906  EPtot      =    -71657.0155
 BOND   =       450.8325  ANGLE   =      1254.3867  DIHED      =       988.7499
 1-4 NB =       555.8437  1-4 EEL =      6698.2862  VDWAALS    =      8440.8324
 EELEC  =    -90045.9468  EHBOND  =         0.0000  RESTRAINT  =         0.0000
 Ewald error estimate:   0.1944E-04
 ------------------------------------------------------------------------------

check COM velocity, temp:        0.000000     0.00(Removed)

 NSTEP =    10000   TIME(PS) =     520.050  TEMP(K) =   298.01  PRESS =     0.0
 Etot   =    -57752.5372  EKtot   =     13957.1657  EPtot      =    -71709.7029
 BOND   =       477.4230  ANGLE   =      1292.4389  DIHED      =       985.8505
 1-4 NB =       545.7402  1-4 EEL =      6647.6969  VDWAALS    =      8304.5030
 EELEC  =    -89963.3554  EHBOND  =         0.0000  RESTRAINT  =         0.0000
 Ewald error estimate:   0.4113E-04
 ------------------------------------------------------------------------------


 NSTEP =    10100   TIME(PS) =     520.150  TEMP(K) =   298.05  PRESS =     0.0
 Etot   =    -57753.8925  EKtot   =     13958.7504  EPtot      =    -71712.6429
 BOND   =       473.8030  ANGLE   =      1209.3849  DIHED      =       980.3958
 1-4 NB =       555.1866  1-4 EEL =      6695.4279  VDWAALS    =      8165.0901
 EELEC  =    -89791.9311  EHBOND  =         0.0000  RESTRAINT  =         0.0000
 Ewald error estimate:   0.1514E-04
 ------------------------------------------------------------------------------


 NSTEP =    10200   TIME(PS) =     520.250  TEMP(K) =   297.75  PRESS =     0.0
 Etot   =    -57753.4200  EKtot   =     13944.9463  EPtot      =    -71698.3663
 BOND   =       491.0005  ANGLE   =      1254.2010  DIHED      =       982.8815
 1-4 NB =       560.0748  1-4 EEL =      6736.9829  VDWAALS    =      8228.7394
 EELEC  =    -89952.2464  EHBOND  =         0.0000  RESTRAINT  =         0.0000
 Ewald error estimate:   0.8433E-04
 ------------------------------------------------------------------------------


 NSTEP =    10300   TIME(PS) =     520.350  TEMP(K) =   296.54  PRESS =     0.0
 Etot   =    -57753.6374  EKtot   =     13888.2523  EPtot      =    -71641.8896
 BOND   =       456.2161  ANGLE   =      1322.1333  DIHED      =       987.9486
 1-4 NB =       550.9202  1-4 EEL =      6638.9291  VDWAALS    =      8081.6254
 EELEC  =    -89679.6625  EHBOND  =         0.0000  RESTRAINT  =         0.0000
 Ewald error estimate:   0.2622E-04
 ------------------------------------------------------------------------------


 NSTEP =    10400   TIME(PS) =     520.450  TEMP(K) =   301.69  PRESS =     0.0
 Etot   =    -57754.2558  EKtot   =     14129.2739  EPtot      =    -71883.5297
 BOND   =       456.4970  ANGLE   =      1261.1494  DIHED      =       991.2735
 1-4 NB =       554.1014  1-4 EEL =      6672.9445  VDWAALS    =      8112.3664
 EELEC  =    -89931.8620  EHBOND  =         0.0000  RESTRAINT  =         0.0000
 Ewald error estimate:   0.5593E-04
 ------------------------------------------------------------------------------


 NSTEP =    10500   TIME(PS) =     520.550  TEMP(K) =   299.00  PRESS =     0.0
 Etot   =    -57752.9590  EKtot   =     14003.3186  EPtot      =    -71756.2776
 BOND   =       461.3761  ANGLE   =      1279.8993  DIHED      =       983.7962
 1-4 NB =       551.2623  1-4 EEL =      6714.1783  VDWAALS    =      8112.1817
 EELEC  =    -89858.9716  EHBOND  =         0.0000  RESTRAINT  =         0.0000
 Ewald error estimate:   0.9717E-04
 ------------------------------------------------------------------------------


 NSTEP =    10600   TIME(PS) =     520.650  TEMP(K) =   298.12  PRESS =     0.0
 Etot   =    -57753.7351  EKtot   =     13962.0370  EPtot      =    -71715.7721
 BOND   =       484.9438  ANGLE   =      1245.3548  DIHED      =       984.0005
 1-4 NB =       535.1854  1-4 EEL =      6656.2985  VDWAALS    =      8475.0558
 EELEC  =    -90096.6109  EHBOND  =         0.0000  RESTRAINT  =         0.0000
 Ewald error estimate:   0.6738E-04
 ------------------------------------------------------------------------------


 NSTEP =    10700   TIME(PS) =     520.750  TEMP(K) =   299.67  PRESS =     0.0
 Etot   =    -57753.6837  EKtot   =     14034.9564  EPtot      =    -71788.6401
 BOND   =       465.0952  ANGLE   =      1268.3997  DIHED      =       987.8276
 1-4 NB =       525.7780  1-4 EEL =      6668.6869  VDWAALS    =      8319.3924
 EELEC  =    -90023.8199  EHBOND  =         0.0000  RESTRAINT  =         0.0000
 Ewald error estimate:   0.2942E-04
 ------------------------------------------------------------------------------


 NSTEP =    10800   TIME(PS) =     520.850  TEMP(K) =   300.93  PRESS =     0.0
 Etot   =    -57753.7436  EKtot   =     14093.9290  EPtot      =    -71847.6726
 BOND   =       432.7331  ANGLE   =      1245.2676  DIHED      =       982.6827
 1-4 NB =       550.2444  1-4 EEL =      6673.1979  VDWAALS    =      8593.9844
 EELEC  =    -90325.7827  EHBOND  =         0.0000  RESTRAINT  =         0.0000
 Ewald error estimate:   0.4896E-04
 ------------------------------------------------------------------------------


 NSTEP =    10900   TIME(PS) =     520.950  TEMP(K) =   299.17  PRESS =     0.0
 Etot   =    -57753.6811  EKtot   =     14011.4413  EPtot      =    -71765.1224
 BOND   =       431.1645  ANGLE   =      1269.6325  DIHED      =       986.5569
 1-4 NB =       537.7402  1-4 EEL =      6682.5655  VDWAALS    =      8229.2336
 EELEC  =    -89902.0156  EHBOND  =         0.0000  RESTRAINT  =         0.0000
 Ewald error estimate:   0.5457E-04
 ------------------------------------------------------------------------------

check COM velocity, temp:        0.000000     0.00(Removed)

 NSTEP =    11000   TIME(PS) =     521.050  TEMP(K) =   297.82  PRESS =     0.0
 Etot   =    -57753.3353  EKtot   =     13947.9843  EPtot      =    -71701.3196
 BOND   =       452.8481  ANGLE   =      1269.5538  DIHED      =       986.8290
 1-4 NB =       535.6673  1-4 EEL =      6652.7321  VDWAALS    =      8157.8195
 EELEC  =    -89756.7695  EHBOND  =         0.0000  RESTRAINT  =         0.0000
 Ewald error estimate:   0.6836E-04
 ------------------------------------------------------------------------------


 NSTEP =    11100   TIME(PS) =     521.150  TEMP(K) =   298.80  PRESS =     0.0
 Etot   =    -57753.1644  EKtot   =     13993.8150  EPtot      =    -71746.9795
 BOND   =       468.5530  ANGLE   =      1257.2580  DIHED      =       999.3404
 1-4 NB =       546.0521  1-4 EEL =      6725.7501  VDWAALS    =      8253.6459
 EELEC  =    -89997.5789  EHBOND  =         0.0000  RESTRAINT  =         0.0000
 Ewald error estimate:   0.3220E-04
 ------------------------------------------------------------------------------


 NSTEP =    11200   TIME(PS) =     521.250  TEMP(K) =   299.09  PRESS =     0.0
 Etot   =    -57752.5845  EKtot   =     14007.5995  EPtot      =    -71760.1841
 BOND   =       469.7041  ANGLE   =      1287.6353  DIHED      =      1005.3524
 1-4 NB =       534.6534  1-4 EEL =      6706.8189  VDWAALS    =      8290.3258
 EELEC  =    -90054.6740  EHBOND  =         0.0000  RESTRAINT  =         0.0000
 Ewald error estimate:   0.6709E-04
 ------------------------------------------------------------------------------


 NSTEP =    11300   TIME(PS) =     521.350  TEMP(K) =   297.39  PRESS =     0.0
 Etot   =    -57753.1046  EKtot   =     13928.2257  EPtot      =    -71681.3303
 BOND   =       464.8745  ANGLE   =      1262.4940  DIHED      =       992.1762
 1-4 NB =       540.4501  1-4 EEL =      6663.8067  VDWAALS    =      8149.7931
 EELEC  =    -89754.9248  EHBOND  =         0.0000  RESTRAINT  =         0.0000
 Ewald error estimate:   0.3603E-04
 ------------------------------------------------------------------------------


 NSTEP =    11400   TIME(PS) =     521.450  TEMP(K) =   299.72  PRESS =     0.0
 Etot   =    -57752.9327  EKtot   =     14037.0952  EPtot      =    -71790.0279
 BOND   =       454.6572  ANGLE   =      1269.0026  DIHED      =       975.1473
 1-4 NB =       549.0365  1-4 EEL =      6698.4042  VDWAALS    =      8200.4477
 EELEC  =    -89936.7234  EHBOND  =         0.0000  RESTRAINT  =         0.0000
 Ewald error estimate:   0.1945E-04
 ------------------------------------------------------------------------------


 NSTEP =    11500   TIME(PS) =     521.550  TEMP(K) =   302.16  PRESS =     0.0
 Etot   =    -57752.6150  EKtot   =     14151.5423  EPtot      =    -71904.1574
 BOND   =       492.3879  ANGLE   =      1230.1020  DIHED      =      1000.1982
 1-4 NB =       546.5040  1-4 EEL =      6681.7213  VDWAALS    =      8266.0110
 EELEC  =    -90121.0817  EHBOND  =         0.0000  RESTRAINT  =         0.0000
 Ewald error estimate:   0.3521E-04
 ------------------------------------------------------------------------------


 NSTEP =    11600   TIME(PS) =     521.650  TEMP(K) =   298.42  PRESS =     0.0
 Etot   =    -57751.8652  EKtot   =     13976.2102  EPtot      =    -71728.0754
 BOND   =       482.7350  ANGLE   =      1281.5817  DIHED      =       981.2840
 1-4 NB =       560.5340  1-4 EEL =      6672.7205  VDWAALS    =      8234.8576
 EELEC  =    -89941.7883  EHBOND  =         0.0000  RESTRAINT  =         0.0000
 Ewald error estimate:   0.1071E-03
 ------------------------------------------------------------------------------


 NSTEP =    11700   TIME(PS) =     521.750  TEMP(K) =   298.37  PRESS =     0.0
 Etot   =    -57751.4363  EKtot   =     13973.6740  EPtot      =    -71725.1104
 BOND   =       464.2615  ANGLE   =      1277.0119  DIHED      =      1011.8714
 1-4 NB =       550.2040  1-4 EEL =      6676.3323  VDWAALS    =      8082.5045
 EELEC  =    -89787.2958  EHBOND  =         0.0000  RESTRAINT  =         0.0000
 Ewald error estimate:   0.8342E-04
 ------------------------------------------------------------------------------


 NSTEP =    11800   TIME(PS) =     521.850  TEMP(K) =   299.04  PRESS =     0.0
 Etot   =    -57752.3097  EKtot   =     14005.2633  EPtot      =    -71757.5730
 BOND   =       483.4358  ANGLE   =      1263.5510  DIHED      =       960.1245
 1-4 NB =       550.0647  1-4 EEL =      6692.6538  VDWAALS    =      8083.3887
 EELEC  =    -89790.7916  EHBOND  =         0.0000  RESTRAINT  =         0.0000
 Ewald error estimate:   0.9260E-04
 ------------------------------------------------------------------------------


 NSTEP =    11900   TIME(PS) =     521.950  TEMP(K) =   298.70  PRESS =     0.0
 Etot   =    -57752.7316  EKtot   =     13989.2972  EPtot      =    -71742.0288
 BOND   =       461.3971  ANGLE   =      1309.1688  DIHED      =       970.0761
 1-4 NB =       540.0857  1-4 EEL =      6697.4711  VDWAALS    =      8191.8691
 EELEC  =    -89912.0968  EHBOND  =         0.0000  RESTRAINT  =         0.0000
 Ewald error estimate:   0.8033E-04
 ------------------------------------------------------------------------------

check COM velocity, temp:        0.000000     0.00(Removed)

 NSTEP =    12000   TIME(PS) =     522.050  TEMP(K) =   298.02  PRESS =     0.0
 Etot   =    -57752.4961  EKtot   =     13957.6654  EPtot      =    -71710.1615
 BOND   =       495.9647  ANGLE   =      1251.9759  DIHED      =       981.9581
 1-4 NB =       548.4756  1-4 EEL =      6686.6941  VDWAALS    =      8331.4795
 EELEC  =    -90006.7093  EHBOND  =         0.0000  RESTRAINT  =         0.0000
 Ewald error estimate:   0.2313E-04
 ------------------------------------------------------------------------------


 NSTEP =    12100   TIME(PS) =     522.150  TEMP(K) =   296.65  PRESS =     0.0
 Etot   =    -57752.2717  EKtot   =     13893.2665  EPtot      =    -71645.5382
 BOND   =       480.8205  ANGLE   =      1282.4997  DIHED      =       972.1866
 1-4 NB =       551.8849  1-4 EEL =      6700.5617  VDWAALS    =      8450.1331
 EELEC  =    -90083.6247  EHBOND  =         0.0000  RESTRAINT  =         0.0000
 Ewald error estimate:   0.3050E-04
 ------------------------------------------------------------------------------


 NSTEP =    12200   TIME(PS) =     522.250  TEMP(K) =   297.02  PRESS =     0.0
 Etot   =    -57753.6616  EKtot   =     13910.8084  EPtot      =    -71664.4700
 BOND   =       475.2184  ANGLE   =      1266.8370  DIHED      =       969.0299
 1-4 NB =       537.4074  1-4 EEL =      6675.3304  VDWAALS    =      8002.0804
 EELEC  =    -89590.3735  EHBOND  =         0.0000  RESTRAINT  =         0.0000
 Ewald error estimate:   0.1363E-04
 ------------------------------------------------------------------------------


 NSTEP =    12300   TIME(PS) =     522.350  TEMP(K) =   295.75  PRESS =     0.0
 Etot   =    -57753.2582  EKtot   =     13851.3689  EPtot      =    -71604.6272
 BOND   =       456.0212  ANGLE   =      1278.9009  DIHED      =       997.7123
 1-4 NB =       550.8138  1-4 EEL =      6683.9559  VDWAALS    =      8165.8271
 EELEC  =    -89737.8583  EHBOND  =         0.0000  RESTRAINT  =         0.0000
 Ewald error estimate:   0.1482E-03
 ------------------------------------------------------------------------------


 NSTEP =    12400   TIME(PS) =     522.450  TEMP(K) =   298.61  PRESS =     0.0
 Etot   =    -57753.4459  EKtot   =     13985.0589  EPtot      =    -71738.5048
 BOND   =       464.4261  ANGLE   =      1250.1706  DIHED      =      1016.8348
 1-4 NB =       555.7345  1-4 EEL =      6693.6130  VDWAALS    =      8334.7197
 EELEC  =    -90054.0035  EHBOND  =         0.0000  RESTRAINT  =         0.0000
 Ewald error estimate:   0.6373E-04
 ------------------------------------------------------------------------------


 NSTEP =    12500   TIME(PS) =     522.550  TEMP(K) =   299.30  PRESS =     0.0
 Etot   =    -57753.9857  EKtot   =     14017.4437  EPtot      =    -71771.4294
 BOND   =       483.5019  ANGLE   =      1217.3998  DIHED      =      1014.7524
 1-4 NB =       551.4647  1-4 EEL =      6692.7632  VDWAALS    =      8303.9774
 EELEC  =    -90035.2888  EHBOND  =         0.0000  RESTRAINT  =         0.0000
 Ewald error estimate:   0.5139E-04
 ------------------------------------------------------------------------------


 NSTEP =    12600   TIME(PS) =     522.650  TEMP(K) =   297.39  PRESS =     0.0
 Etot   =    -57753.4786  EKtot   =     13927.8662  EPtot      =    -71681.3448
 BOND   =       475.3617  ANGLE   =      1247.2254  DIHED      =      1003.6401
 1-4 NB =       549.2318  1-4 EEL =      6698.2655  VDWAALS    =      8201.8422
 EELEC  =    -89856.9114  EHBOND  =         0.0000  RESTRAINT  =         0.0000
 Ewald error estimate:   0.5352E-04
 ------------------------------------------------------------------------------


 NSTEP =    12700   TIME(PS) =     522.750  TEMP(K) =   299.56  PRESS =     0.0
 Etot   =    -57752.6057  EKtot   =     14029.7715  EPtot      =    -71782.3772
 BOND   =       477.3452  ANGLE   =      1288.2996  DIHED      =       977.1718
 1-4 NB =       553.3459  1-4 EEL =      6668.2506  VDWAALS    =      8357.4751
 EELEC  =    -90104.2653  EHBOND  =         0.0000  RESTRAINT  =         0.0000
 Ewald error estimate:   0.2906E-04
 ------------------------------------------------------------------------------


 NSTEP =    12800   TIME(PS) =     522.850  TEMP(K) =   298.29  PRESS =     0.0
 Etot   =    -57751.8813  EKtot   =     13970.1463  EPtot      =    -71722.0276
 BOND   =       470.6845  ANGLE   =      1229.7307  DIHED      =       987.8949
 1-4 NB =       568.4378  1-4 EEL =      6705.9078  VDWAALS    =      8272.0716
 EELEC  =    -89956.7549  EHBOND  =         0.0000  RESTRAINT  =         0.0000
 Ewald error estimate:   0.1523E-04
 ------------------------------------------------------------------------------


 NSTEP =    12900   TIME(PS) =     522.950  TEMP(K) =   299.99  PRESS =     0.0
 Etot   =    -57751.5748  EKtot   =     14049.6281  EPtot      =    -71801.2029
 BOND   =       506.9942  ANGLE   =      1256.2985  DIHED      =      1005.0437
 1-4 NB =       551.9421  1-4 EEL =      6700.2851  VDWAALS    =      8275.2483
 EELEC  =    -90097.0149  EHBOND  =         0.0000  RESTRAINT  =         0.0000
 Ewald error estimate:   0.4497E-04
 ------------------------------------------------------------------------------

check COM velocity, temp:        0.000000     0.00(Removed)

 NSTEP =    13000   TIME(PS) =     523.050  TEMP(K) =   299.04  PRESS =     0.0
 Etot   =    -57751.3711  EKtot   =     14005.2148  EPtot      =    -71756.5859
 BOND   =       457.9784  ANGLE   =      1245.6405  DIHED      =       982.2890
 1-4 NB =       553.8420  1-4 EEL =      6754.1350  VDWAALS    =      8400.6560
 EELEC  =    -90151.1269  EHBOND  =         0.0000  RESTRAINT  =         0.0000
 Ewald error estimate:   0.6828E-05
 ------------------------------------------------------------------------------


 NSTEP =    13100   TIME(PS) =     523.150  TEMP(K) =   296.82  PRESS =     0.0
 Etot   =    -57750.6351  EKtot   =     13901.4430  EPtot      =    -71652.0780
 BOND   =       487.0508  ANGLE   =      1300.0114  DIHED      =      1012.0440
 1-4 NB =       522.1689  1-4 EEL =      6647.7327  VDWAALS    =      8309.7089
 EELEC  =    -89930.7949  EHBOND  =         0.0000  RESTRAINT  =         0.0000
 Ewald error estimate:   0.5191E-04
 ------------------------------------------------------------------------------


 NSTEP =    13200   TIME(PS) =     523.250  TEMP(K) =   297.93  PRESS =     0.0
 Etot   =    -57751.3995  EKtot   =     13953.1942  EPtot      =    -71704.5937
 BOND   =       473.6547  ANGLE   =      1251.9608  DIHED      =      1004.2514
 1-4 NB =       544.1168  1-4 EEL =      6706.8819  VDWAALS    =      8216.9816
 EELEC  =    -89902.4408  EHBOND  =         0.0000  RESTRAINT  =         0.0000
 Ewald error estimate:   0.1076E-04
 ------------------------------------------------------------------------------


 NSTEP =    13300   TIME(PS) =     523.350  TEMP(K) =   297.07  PRESS =     0.0
 Etot   =    -57751.2281  EKtot   =     13912.8576  EPtot      =    -71664.0857
 BOND   =       473.2599  ANGLE   =      1295.7460  DIHED      =       976.3015
 1-4 NB =       557.8687  1-4 EEL =      6694.8102  VDWAALS    =      8028.6786
 EELEC  =    -89690.7506  EHBOND  =         0.0000  RESTRAINT  =         0.0000
 Ewald error estimate:   0.1684E-04
 ------------------------------------------------------------------------------


 NSTEP =    13400   TIME(PS) =     523.450  TEMP(K) =   298.81  PRESS =     0.0
 Etot   =    -57751.8282  EKtot   =     13994.4760  EPtot      =    -71746.3042
 BOND   =       474.5387  ANGLE   =      1280.4891  DIHED      =       992.6559
 1-4 NB =       558.8972  1-4 EEL =      6720.9010  VDWAALS    =      8379.2878
 EELEC  =    -90153.0739  EHBOND  =         0.0000  RESTRAINT  =         0.0000
 Ewald error estimate:   0.1317E-04
 ------------------------------------------------------------------------------


 NSTEP =    13500   TIME(PS) =     523.550  TEMP(K) =   298.22  PRESS =     0.0
 Etot   =    -57751.6647  EKtot   =     13966.6850  EPtot      =    -71718.3497
 BOND   =       476.8933  ANGLE   =      1298.4906  DIHED      =       974.6646
 1-4 NB =       554.8130  1-4 EEL =      6676.0118  VDWAALS    =      8246.1056
 EELEC  =    -89945.3287  EHBOND  =         0.0000  RESTRAINT  =         0.0000
 Ewald error estimate:   0.8216E-04
 ------------------------------------------------------------------------------


 NSTEP =    13600   TIME(PS) =     523.650  TEMP(K) =   295.00  PRESS =     0.0
 Etot   =    -57751.5397  EKtot   =     13816.2030  EPtot      =    -71567.7427
 BOND   =       495.2007  ANGLE   =      1252.8495  DIHED      =       969.4690
 1-4 NB =       546.2898  1-4 EEL =      6710.5912  VDWAALS    =      8382.1866
 EELEC  =    -89924.3295  EHBOND  =         0.0000  RESTRAINT  =         0.0000
 Ewald error estimate:   0.1321E-03
 ------------------------------------------------------------------------------


 NSTEP =    13700   TIME(PS) =     523.750  TEMP(K) =   296.38  PRESS =     0.0
 Etot   =    -57751.9971  EKtot   =     13880.5766  EPtot      =    -71632.5736
 BOND   =       493.8408  ANGLE   =      1300.2776  DIHED      =       975.1201
 1-4 NB =       548.4817  1-4 EEL =      6668.3550  VDWAALS    =      7964.9782
 EELEC  =    -89583.6272  EHBOND  =         0.0000  RESTRAINT  =         0.0000
 Ewald error estimate:   0.1110E-03
 ------------------------------------------------------------------------------


 NSTEP =    13800   TIME(PS) =     523.850  TEMP(K) =   296.45  PRESS =     0.0
 Etot   =    -57751.7947  EKtot   =     13884.1936  EPtot      =    -71635.9884
 BOND   =       483.7048  ANGLE   =      1299.8560  DIHED      =       961.7719
 1-4 NB =       549.9183  1-4 EEL =      6696.0791  VDWAALS    =      8078.1312
 EELEC  =    -89705.4496  EHBOND  =         0.0000  RESTRAINT  =         0.0000
 Ewald error estimate:   0.4799E-04
 ------------------------------------------------------------------------------


 NSTEP =    13900   TIME(PS) =     523.950  TEMP(K) =   298.11  PRESS =     0.0
 Etot   =    -57751.9431  EKtot   =     13961.6962  EPtot      =    -71713.6393
 BOND   =       461.3173  ANGLE   =      1282.7642  DIHED      =       990.2525
 1-4 NB =       564.7314  1-4 EEL =      6704.8746  VDWAALS    =      8290.5657
 EELEC  =    -90008.1451  EHBOND  =         0.0000  RESTRAINT  =         0.0000
 Ewald error estimate:   0.1561E-03
 ------------------------------------------------------------------------------

check COM velocity, temp:        0.000000     0.00(Removed)

 NSTEP =    14000   TIME(PS) =     524.050  TEMP(K) =   297.29  PRESS =     0.0
 Etot   =    -57752.1969  EKtot   =     13923.3101  EPtot      =    -71675.5070
 BOND   =       484.3036  ANGLE   =      1289.8913  DIHED      =       978.6008
 1-4 NB =       556.9272  1-4 EEL =      6720.3409  VDWAALS    =      8387.8221
 EELEC  =    -90093.3930  EHBOND  =         0.0000  RESTRAINT  =         0.0000
 Ewald error estimate:   0.2748E-04
 ------------------------------------------------------------------------------


 NSTEP =    14100   TIME(PS) =     524.150  TEMP(K) =   299.99  PRESS =     0.0
 Etot   =    -57753.5767  EKtot   =     14049.6035  EPtot      =    -71803.1802
 BOND   =       497.8664  ANGLE   =      1270.5923  DIHED      =       983.8915
 1-4 NB =       551.7623  1-4 EEL =      6694.1947  VDWAALS    =      8285.6601
 EELEC  =    -90087.1476  EHBOND  =         0.0000  RESTRAINT  =         0.0000
 Ewald error estimate:   0.1087E-03
 ------------------------------------------------------------------------------


 NSTEP =    14200   TIME(PS) =     524.250  TEMP(K) =   300.39  PRESS =     0.0
 Etot   =    -57753.1102  EKtot   =     14068.6885  EPtot      =    -71821.7988
 BOND   =       476.2459  ANGLE   =      1295.9164  DIHED      =       963.2295
 1-4 NB =       539.8286  1-4 EEL =      6700.0598  VDWAALS    =      8370.6574
 EELEC  =    -90167.7363  EHBOND  =         0.0000  RESTRAINT  =         0.0000
 Ewald error estimate:   0.3869E-04
 ------------------------------------------------------------------------------


 NSTEP =    14300   TIME(PS) =     524.350  TEMP(K) =   299.19  PRESS =     0.0
 Etot   =    -57753.9845  EKtot   =     14012.1243  EPtot      =    -71766.1088
 BOND   =       450.3692  ANGLE   =      1273.6701  DIHED      =       984.4069
 1-4 NB =       546.0956  1-4 EEL =      6674.8916  VDWAALS    =      8238.6772
 EELEC  =    -89934.2196  EHBOND  =         0.0000  RESTRAINT  =         0.0000
 Ewald error estimate:   0.7114E-04
 ------------------------------------------------------------------------------


 NSTEP =    14400   TIME(PS) =     524.450  TEMP(K) =   296.24  PRESS =     0.0
 Etot   =    -57753.3192  EKtot   =     13874.1356  EPtot      =    -71627.4548
 BOND   =       471.5070  ANGLE   =      1231.2755  DIHED      =       984.2474
 1-4 NB =       540.1061  1-4 EEL =      6722.3553  VDWAALS    =      8192.9370
 EELEC  =    -89769.8832  EHBOND  =         0.0000  RESTRAINT  =         0.0000
 Ewald error estimate:   0.2484E-06
 ------------------------------------------------------------------------------


 NSTEP =    14500   TIME(PS) =     524.550  TEMP(K) =   297.74  PRESS =     0.0
 Etot   =    -57753.6405  EKtot   =     13944.2356  EPtot      =    -71697.8761
 BOND   =       484.6964  ANGLE   =      1279.3924  DIHED      =       992.0141
 1-4 NB =       544.5889  1-4 EEL =      6652.2227  VDWAALS    =      8244.1100
 EELEC  =    -89894.9005  EHBOND  =         0.0000  RESTRAINT  =         0.0000
 Ewald error estimate:   0.3633E-05
 ------------------------------------------------------------------------------


 NSTEP =    14600   TIME(PS) =     524.650  TEMP(K) =   300.08  PRESS =     0.0
 Etot   =    -57752.9086  EKtot   =     14054.1479  EPtot      =    -71807.0566
 BOND   =       471.3362  ANGLE   =      1228.3888  DIHED      =       996.9565
 1-4 NB =       554.4764  1-4 EEL =      6720.2384  VDWAALS    =      8291.7819
 EELEC  =    -90070.2348  EHBOND  =         0.0000  RESTRAINT  =         0.0000
 Ewald error estimate:   0.5753E-04
 ------------------------------------------------------------------------------


 NSTEP =    14700   TIME(PS) =     524.750  TEMP(K) =   297.79  PRESS =     0.0
 Etot   =    -57752.7186  EKtot   =     13946.6496  EPtot      =    -71699.3682
 BOND   =       480.0212  ANGLE   =      1234.5681  DIHED      =       989.5021
 1-4 NB =       541.2271  1-4 EEL =      6675.1410  VDWAALS    =      8206.1171
 EELEC  =    -89825.9448  EHBOND  =         0.0000  RESTRAINT  =         0.0000
 Ewald error estimate:   0.2339E-04
 ------------------------------------------------------------------------------


 NSTEP =    14800   TIME(PS) =     524.850  TEMP(K) =   296.49  PRESS =     0.0
 Etot   =    -57751.5018  EKtot   =     13886.0168  EPtot      =    -71637.5186
 BOND   =       468.7007  ANGLE   =      1289.6187  DIHED      =       975.7600
 1-4 NB =       542.1975  1-4 EEL =      6726.0357  VDWAALS    =      8213.2531
 EELEC  =    -89853.0843  EHBOND  =         0.0000  RESTRAINT  =         0.0000
 Ewald error estimate:   0.1917E-05
 ------------------------------------------------------------------------------


 NSTEP =    14900   TIME(PS) =     524.950  TEMP(K) =   297.40  PRESS =     0.0
 Etot   =    -57752.1074  EKtot   =     13928.5850  EPtot      =    -71680.6923
 BOND   =       488.5344  ANGLE   =      1243.1988  DIHED      =       990.3765
 1-4 NB =       541.3876  1-4 EEL =      6699.5946  VDWAALS    =      8253.4872
 EELEC  =    -89897.2715  EHBOND  =         0.0000  RESTRAINT  =         0.0000
 Ewald error estimate:   0.1756E-04
 ------------------------------------------------------------------------------

check COM velocity, temp:        0.000000     0.00(Removed)

 NSTEP =    15000   TIME(PS) =     525.050  TEMP(K) =   296.83  PRESS =     0.0
 Etot   =    -57753.0598  EKtot   =     13901.5974  EPtot      =    -71654.6572
 BOND   =       444.0830  ANGLE   =      1248.3093  DIHED      =       977.4223
 1-4 NB =       553.7694  1-4 EEL =      6720.1527  VDWAALS    =      8067.5041
 EELEC  =    -89665.8979  EHBOND  =         0.0000  RESTRAINT  =         0.0000
 Ewald error estimate:   0.4026E-04
 ------------------------------------------------------------------------------


 NSTEP =    15100   TIME(PS) =     525.150  TEMP(K) =   295.36  PRESS =     0.0
 Etot   =    -57753.0305  EKtot   =     13832.7339  EPtot      =    -71585.7643
 BOND   =       494.5437  ANGLE   =      1230.0699  DIHED      =       996.7425
 1-4 NB =       560.1106  1-4 EEL =      6680.8970  VDWAALS    =      8273.6826
 EELEC  =    -89821.8106  EHBOND  =         0.0000  RESTRAINT  =         0.0000
 Ewald error estimate:   0.2937E-04
 ------------------------------------------------------------------------------


 NSTEP =    15200   TIME(PS) =     525.250  TEMP(K) =   298.42  PRESS =     0.0
 Etot   =    -57753.5375  EKtot   =     13976.4254  EPtot      =    -71729.9629
 BOND   =       434.2360  ANGLE   =      1296.9481  DIHED      =       949.4738
 1-4 NB =       556.9334  1-4 EEL =      6749.3010  VDWAALS    =      8474.5455
 EELEC  =    -90191.4007  EHBOND  =         0.0000  RESTRAINT  =         0.0000
 Ewald error estimate:   0.7491E-04
 ------------------------------------------------------------------------------


 NSTEP =    15300   TIME(PS) =     525.350  TEMP(K) =   298.47  PRESS =     0.0
 Etot   =    -57753.8172  EKtot   =     13978.7589  EPtot      =    -71732.5761
 BOND   =       498.3593  ANGLE   =      1285.4362  DIHED      =       968.7418
 1-4 NB =       530.3917  1-4 EEL =      6618.4673  VDWAALS    =      8507.4124
 EELEC  =    -90141.3848  EHBOND  =         0.0000  RESTRAINT  =         0.0000
 Ewald error estimate:   0.3094E-04
 ------------------------------------------------------------------------------


 NSTEP =    15400   TIME(PS) =     525.450  TEMP(K) =   297.10  PRESS =     0.0
 Etot   =    -57752.6048  EKtot   =     13914.4562  EPtot      =    -71667.0610
 BOND   =       495.4601  ANGLE   =      1239.0670  DIHED      =       971.5526
 1-4 NB =       562.4066  1-4 EEL =      6710.4964  VDWAALS    =      8449.6827
 EELEC  =    -90095.7264  EHBOND  =         0.0000  RESTRAINT  =         0.0000
 Ewald error estimate:   0.6208E-04
 ------------------------------------------------------------------------------


 NSTEP =    15500   TIME(PS) =     525.550  TEMP(K) =   298.88  PRESS =     0.0
 Etot   =    -57752.2406  EKtot   =     13997.7565  EPtot      =    -71749.9971
 BOND   =       462.6937  ANGLE   =      1283.0692  DIHED      =       977.7639
 1-4 NB =       534.4657  1-4 EEL =      6694.4631  VDWAALS    =      8252.8762
 EELEC  =    -89955.3288  EHBOND  =         0.0000  RESTRAINT  =         0.0000
 Ewald error estimate:   0.5516E-04
 ------------------------------------------------------------------------------


 NSTEP =    15600   TIME(PS) =     525.650  TEMP(K) =   300.08  PRESS =     0.0
 Etot   =    -57753.1250  EKtot   =     14053.8861  EPtot      =    -71807.0111
 BOND   =       485.9996  ANGLE   =      1220.8663  DIHED      =       962.8587
 1-4 NB =       549.8098  1-4 EEL =      6704.5429  VDWAALS    =      8268.0753
 EELEC  =    -89999.1637  EHBOND  =         0.0000  RESTRAINT  =         0.0000
 Ewald error estimate:   0.2656E-04
 ------------------------------------------------------------------------------


 NSTEP =    15700   TIME(PS) =     525.750  TEMP(K) =   300.47  PRESS =     0.0
 Etot   =    -57752.4147  EKtot   =     14072.1048  EPtot      =    -71824.5196
 BOND   =       459.2191  ANGLE   =      1233.4034  DIHED      =       976.0926
 1-4 NB =       565.0140  1-4 EEL =      6730.9064  VDWAALS    =      8329.8031
 EELEC  =    -90118.9582  EHBOND  =         0.0000  RESTRAINT  =         0.0000
 Ewald error estimate:   0.3277E-04
 ------------------------------------------------------------------------------


 NSTEP =    15800   TIME(PS) =     525.850  TEMP(K) =   298.55  PRESS =     0.0
 Etot   =    -57752.0640  EKtot   =     13982.4256  EPtot      =    -71734.4896
 BOND   =       468.1587  ANGLE   =      1270.0859  DIHED      =       964.1816
 1-4 NB =       553.4721  1-4 EEL =      6705.2963  VDWAALS    =      8041.7567
 EELEC  =    -89737.4408  EHBOND  =         0.0000  RESTRAINT  =         0.0000
 Ewald error estimate:   0.1089E-03
 ------------------------------------------------------------------------------


 NSTEP =    15900   TIME(PS) =     525.950  TEMP(K) =   299.54  PRESS =     0.0
 Etot   =    -57752.3133  EKtot   =     14028.6913  EPtot      =    -71781.0047
 BOND   =       477.7985  ANGLE   =      1253.1890  DIHED      =       960.1298
 1-4 NB =       552.3067  1-4 EEL =      6678.5303  VDWAALS    =      8126.2272
 EELEC  =    -89829.1863  EHBOND  =         0.0000  RESTRAINT  =         0.0000
 Ewald error estimate:   0.7807E-04
 ------------------------------------------------------------------------------

check COM velocity, temp:        0.000000     0.00(Removed)

 NSTEP =    16000   TIME(PS) =     526.050  TEMP(K) =   297.85  PRESS =     0.0
 Etot   =    -57751.4321  EKtot   =     13949.5958  EPtot      =    -71701.0279
 BOND   =       491.5525  ANGLE   =      1258.8951  DIHED      =       985.5002
 1-4 NB =       532.3670  1-4 EEL =      6641.4436  VDWAALS    =      8290.6507
 EELEC  =    -89901.4369  EHBOND  =         0.0000  RESTRAINT  =         0.0000
 Ewald error estimate:   0.3762E-04
 ------------------------------------------------------------------------------


 NSTEP =    16100   TIME(PS) =     526.150  TEMP(K) =   297.50  PRESS =     0.0
 Etot   =    -57751.2449  EKtot   =     13933.3280  EPtot      =    -71684.5728
 BOND   =       492.1382  ANGLE   =      1239.5963  DIHED      =       984.7841
 1-4 NB =       533.0705  1-4 EEL =      6690.1165  VDWAALS    =      8141.9602
 EELEC  =    -89766.2386  EHBOND  =         0.0000  RESTRAINT  =         0.0000
 Ewald error estimate:   0.2386E-04
 ------------------------------------------------------------------------------


 NSTEP =    16200   TIME(PS) =     526.250  TEMP(K) =   296.45  PRESS =     0.0
 Etot   =    -57751.3337  EKtot   =     13884.1739  EPtot      =    -71635.5076
 BOND   =       467.1548  ANGLE   =      1247.3345  DIHED      =       982.3501
 1-4 NB =       540.5693  1-4 EEL =      6664.2647  VDWAALS    =      8121.5123
 EELEC  =    -89658.6934  EHBOND  =         0.0000  RESTRAINT  =         0.0000
 Ewald error estimate:   0.6989E-04
 ------------------------------------------------------------------------------


 NSTEP =    16300   TIME(PS) =     526.350  TEMP(K) =   297.45  PRESS =     0.0
 Etot   =    -57751.5994  EKtot   =     13930.9546  EPtot      =    -71682.5540
 BOND   =       462.8705  ANGLE   =      1248.2353  DIHED      =       999.2382
 1-4 NB =       548.5387  1-4 EEL =      6740.1365  VDWAALS    =      8048.7538
 EELEC  =    -89730.3271  EHBOND  =         0.0000  RESTRAINT  =         0.0000
 Ewald error estimate:   0.4683E-04
 ------------------------------------------------------------------------------


 NSTEP =    16400   TIME(PS) =     526.450  TEMP(K) =   298.01  PRESS =     0.0
 Etot   =    -57751.0544  EKtot   =     13957.1587  EPtot      =    -71708.2131
 BOND   =       466.1952  ANGLE   =      1220.6212  DIHED      =      1003.6127
 1-4 NB =       555.9556  1-4 EEL =      6708.3361  VDWAALS    =      8389.8506
 EELEC  =    -90052.7845  EHBOND  =         0.0000  RESTRAINT  =         0.0000
 Ewald error estimate:   0.7340E-05
 ------------------------------------------------------------------------------


 NSTEP =    16500   TIME(PS) =     526.550  TEMP(K) =   297.88  PRESS =     0.0
 Etot   =    -57751.1542  EKtot   =     13950.7442  EPtot      =    -71701.8984
 BOND   =       459.7996  ANGLE   =      1267.2383  DIHED      =       992.0595
 1-4 NB =       534.0887  1-4 EEL =      6697.1992  VDWAALS    =      8146.1427
 EELEC  =    -89798.4265  EHBOND  =         0.0000  RESTRAINT  =         0.0000
 Ewald error estimate:   0.2596E-04
 ------------------------------------------------------------------------------


 NSTEP =    16600   TIME(PS) =     526.650  TEMP(K) =   299.75  PRESS =     0.0
 Etot   =    -57751.2217  EKtot   =     14038.4121  EPtot      =    -71789.6339
 BOND   =       479.9637  ANGLE   =      1237.9700  DIHED      =       985.9475
 1-4 NB =       554.4336  1-4 EEL =      6711.8586  VDWAALS    =      8293.6868
 EELEC  =    -90053.4940  EHBOND  =         0.0000  RESTRAINT  =         0.0000
 Ewald error estimate:   0.6961E-04
 ------------------------------------------------------------------------------


 NSTEP =    16700   TIME(PS) =     526.750  TEMP(K) =   298.92  PRESS =     0.0
 Etot   =    -57751.4243  EKtot   =     13999.5007  EPtot      =    -71750.9251
 BOND   =       473.3367  ANGLE   =      1272.4287  DIHED      =      1006.7671
 1-4 NB =       540.8919  1-4 EEL =      6701.4623  VDWAALS    =      8194.8103
 EELEC  =    -89940.6221  EHBOND  =         0.0000  RESTRAINT  =         0.0000
 Ewald error estimate:   0.2991E-04
 ------------------------------------------------------------------------------


 NSTEP =    16800   TIME(PS) =     526.850  TEMP(K) =   296.63  PRESS =     0.0
 Etot   =    -57751.0384  EKtot   =     13892.5605  EPtot      =    -71643.5989
 BOND   =       463.2470  ANGLE   =      1277.2739  DIHED      =       992.8798
 1-4 NB =       554.4659  1-4 EEL =      6726.2369  VDWAALS    =      8396.3125
 EELEC  =    -90054.0149  EHBOND  =         0.0000  RESTRAINT  =         0.0000
 Ewald error estimate:   0.4613E-04
 ------------------------------------------------------------------------------


 NSTEP =    16900   TIME(PS) =     526.950  TEMP(K) =   298.95  PRESS =     0.0
 Etot   =    -57750.7894  EKtot   =     14001.2521  EPtot      =    -71752.0415
 BOND   =       461.3463  ANGLE   =      1299.1670  DIHED      =       955.6182
 1-4 NB =       541.2873  1-4 EEL =      6661.0644  VDWAALS    =      8298.2854
 EELEC  =    -89968.8102  EHBOND  =         0.0000  RESTRAINT  =         0.0000
 Ewald error estimate:   0.3215E-04
 ------------------------------------------------------------------------------

check COM velocity, temp:        0.000000     0.00(Removed)

 NSTEP =    17000   TIME(PS) =     527.050  TEMP(K) =   295.24  PRESS =     0.0
 Etot   =    -57750.4912  EKtot   =     13827.3780  EPtot      =    -71577.8692
 BOND   =       468.3971  ANGLE   =      1281.6513  DIHED      =       984.0087
 1-4 NB =       538.5271  1-4 EEL =      6733.7172  VDWAALS    =      8088.5431
 EELEC  =    -89672.7139  EHBOND  =         0.0000  RESTRAINT  =         0.0000
 Ewald error estimate:   0.1062E-03
 ------------------------------------------------------------------------------


 NSTEP =    17100   TIME(PS) =     527.150  TEMP(K) =   298.36  PRESS =     0.0
 Etot   =    -57752.0941  EKtot   =     13973.5344  EPtot      =    -71725.6285
 BOND   =       483.7923  ANGLE   =      1269.4609  DIHED      =       975.6761
 1-4 NB =       550.7942  1-4 EEL =      6682.7091  VDWAALS    =      8164.4866
 EELEC  =    -89852.5478  EHBOND  =         0.0000  RESTRAINT  =         0.0000
 Ewald error estimate:   0.4574E-04
 ------------------------------------------------------------------------------


 NSTEP =    17200   TIME(PS) =     527.250  TEMP(K) =   298.03  PRESS =     0.0
 Etot   =    -57753.4478  EKtot   =     13958.0889  EPtot      =    -71711.5368
 BOND   =       445.4331  ANGLE   =      1259.9305  DIHED      =       995.4608
 1-4 NB =       545.5296  1-4 EEL =      6709.1296  VDWAALS    =      8234.7902
 EELEC  =    -89901.8105  EHBOND  =         0.0000  RESTRAINT  =         0.0000
 Ewald error estimate:   0.7886E-04
 ------------------------------------------------------------------------------


 NSTEP =    17300   TIME(PS) =     527.350  TEMP(K) =   296.79  PRESS =     0.0
 Etot   =    -57753.0875  EKtot   =     13899.7790  EPtot      =    -71652.8665
 BOND   =       467.1909  ANGLE   =      1246.3616  DIHED      =      1006.3197
 1-4 NB =       551.5809  1-4 EEL =      6678.8039  VDWAALS    =      8259.0301
 EELEC  =    -89862.1535  EHBOND  =         0.0000  RESTRAINT  =         0.0000
 Ewald error estimate:   0.9068E-04
 ------------------------------------------------------------------------------


 NSTEP =    17400   TIME(PS) =     527.450  TEMP(K) =   298.21  PRESS =     0.0
 Etot   =    -57752.7553  EKtot   =     13966.5785  EPtot      =    -71719.3338
 BOND   =       487.2850  ANGLE   =      1242.3112  DIHED      =       986.3432
 1-4 NB =       533.0414  1-4 EEL =      6693.8028  VDWAALS    =      8188.1099
 EELEC  =    -89850.2273  EHBOND  =         0.0000  RESTRAINT  =         0.0000
 Ewald error estimate:   0.9270E-04
 ------------------------------------------------------------------------------


 NSTEP =    17500   TIME(PS) =     527.550  TEMP(K) =   300.76  PRESS =     0.0
 Etot   =    -57752.6933  EKtot   =     14085.6397  EPtot      =    -71838.3330
 BOND   =       453.7705  ANGLE   =      1271.1350  DIHED      =       982.2384
 1-4 NB =       562.7301  1-4 EEL =      6694.5153  VDWAALS    =      8254.5542
 EELEC  =    -90057.2765  EHBOND  =         0.0000  RESTRAINT  =         0.0000
 Ewald error estimate:   0.1314E-03
 ------------------------------------------------------------------------------


 NSTEP =    17600   TIME(PS) =     527.650  TEMP(K) =   298.89  PRESS =     0.0
 Etot   =    -57753.1237  EKtot   =     13998.2780  EPtot      =    -71751.4017
 BOND   =       480.2492  ANGLE   =      1240.8429  DIHED      =       972.6939
 1-4 NB =       544.5495  1-4 EEL =      6697.3986  VDWAALS    =      8181.5832
 EELEC  =    -89868.7188  EHBOND  =         0.0000  RESTRAINT  =         0.0000
 Ewald error estimate:   0.1355E-03
 ------------------------------------------------------------------------------


 NSTEP =    17700   TIME(PS) =     527.750  TEMP(K) =   297.35  PRESS =     0.0
 Etot   =    -57752.9103  EKtot   =     13926.3207  EPtot      =    -71679.2310
 BOND   =       465.7418  ANGLE   =      1263.7860  DIHED      =       985.7525
 1-4 NB =       543.1553  1-4 EEL =      6697.9702  VDWAALS    =      8149.0695
 EELEC  =    -89784.7063  EHBOND  =         0.0000  RESTRAINT  =         0.0000
 Ewald error estimate:   0.2856E-04
 ------------------------------------------------------------------------------


 NSTEP =    17800   TIME(PS) =     527.850  TEMP(K) =   298.80  PRESS =     0.0
 Etot   =    -57753.6638  EKtot   =     13994.0440  EPtot      =    -71747.7078
 BOND   =       445.1722  ANGLE   =      1246.4980  DIHED      =       983.6528
 1-4 NB =       561.9309  1-4 EEL =      6734.8490  VDWAALS    =      8312.5840
 EELEC  =    -90032.3948  EHBOND  =         0.0000  RESTRAINT  =         0.0000
 Ewald error estimate:   0.5870E-04
 ------------------------------------------------------------------------------


 NSTEP =    17900   TIME(PS) =     527.950  TEMP(K) =   294.53  PRESS =     0.0
 Etot   =    -57752.9346  EKtot   =     13794.2699  EPtot      =    -71547.2045
 BOND   =       466.9381  ANGLE   =      1249.3171  DIHED      =       983.3216
 1-4 NB =       558.2940  1-4 EEL =      6633.2315  VDWAALS    =      8347.5492
 EELEC  =    -89785.8560  EHBOND  =         0.0000  RESTRAINT  =         0.0000
 Ewald error estimate:   0.6854E-04
 ------------------------------------------------------------------------------

check COM velocity, temp:        0.000000     0.00(Removed)

 NSTEP =    18000   TIME(PS) =     528.050  TEMP(K) =   299.45  PRESS =     0.0
 Etot   =    -57753.5971  EKtot   =     14024.6161  EPtot      =    -71778.2132
 BOND   =       454.2989  ANGLE   =      1245.7391  DIHED      =      1024.0579
 1-4 NB =       553.1732  1-4 EEL =      6710.4019  VDWAALS    =      8228.3001
 EELEC  =    -89994.1842  EHBOND  =         0.0000  RESTRAINT  =         0.0000
 Ewald error estimate:   0.2592E-04
 ------------------------------------------------------------------------------


 NSTEP =    18100   TIME(PS) =     528.150  TEMP(K) =   298.27  PRESS =     0.0
 Etot   =    -57752.9163  EKtot   =     13969.0255  EPtot      =    -71721.9418
 BOND   =       469.6497  ANGLE   =      1255.3604  DIHED      =       998.8977
 1-4 NB =       553.8847  1-4 EEL =      6663.1326  VDWAALS    =      8216.4937
 EELEC  =    -89879.3607  EHBOND  =         0.0000  RESTRAINT  =         0.0000
 Ewald error estimate:   0.3155E-04
 ------------------------------------------------------------------------------


 NSTEP =    18200   TIME(PS) =     528.250  TEMP(K) =   298.16  PRESS =     0.0
 Etot   =    -57752.7826  EKtot   =     13964.0724  EPtot      =    -71716.8550
 BOND   =       481.7852  ANGLE   =      1208.2937  DIHED      =      1004.2487
 1-4 NB =       543.1758  1-4 EEL =      6689.0235  VDWAALS    =      8219.6188
 EELEC  =    -89863.0006  EHBOND  =         0.0000  RESTRAINT  =         0.0000
 Ewald error estimate:   0.6356E-04
 ------------------------------------------------------------------------------


 NSTEP =    18300   TIME(PS) =     528.350  TEMP(K) =   299.73  PRESS =     0.0
 Etot   =    -57752.8085  EKtot   =     14037.4586  EPtot      =    -71790.2671
 BOND   =       479.6216  ANGLE   =      1267.3466  DIHED      =       979.1794
 1-4 NB =       540.5214  1-4 EEL =      6687.3850  VDWAALS    =      8331.6961
 EELEC  =    -90076.0173  EHBOND  =         0.0000  RESTRAINT  =         0.0000
 Ewald error estimate:   0.1428E-04
 ------------------------------------------------------------------------------


 NSTEP =    18400   TIME(PS) =     528.450  TEMP(K) =   297.18  PRESS =     0.0
 Etot   =    -57753.0932  EKtot   =     13917.9441  EPtot      =    -71671.0373
 BOND   =       455.9853  ANGLE   =      1240.9235  DIHED      =      1001.8166
 1-4 NB =       554.8257  1-4 EEL =      6688.8312  VDWAALS    =      8272.0537
 EELEC  =    -89885.4734  EHBOND  =         0.0000  RESTRAINT  =         0.0000
 Ewald error estimate:   0.2275E-04
 ------------------------------------------------------------------------------


 NSTEP =    18500   TIME(PS) =     528.550  TEMP(K) =   299.53  PRESS =     0.0
 Etot   =    -57753.7172  EKtot   =     14028.1832  EPtot      =    -71781.9004
 BOND   =       440.6293  ANGLE   =      1225.1577  DIHED      =      1001.1844
 1-4 NB =       540.7516  1-4 EEL =      6755.5934  VDWAALS    =      8217.8413
 EELEC  =    -89963.0581  EHBOND  =         0.0000  RESTRAINT  =         0.0000
 Ewald error estimate:   0.2340E-04
 ------------------------------------------------------------------------------


 NSTEP =    18600   TIME(PS) =     528.650  TEMP(K) =   296.67  PRESS =     0.0
 Etot   =    -57752.4317  EKtot   =     13894.4430  EPtot      =    -71646.8747
 BOND   =       478.9644  ANGLE   =      1244.6537  DIHED      =       975.5761
 1-4 NB =       558.0418  1-4 EEL =      6729.4437  VDWAALS    =      8266.2582
 EELEC  =    -89899.8125  EHBOND  =         0.0000  RESTRAINT  =         0.0000
 Ewald error estimate:   0.1468E-03
 ------------------------------------------------------------------------------


 NSTEP =    18700   TIME(PS) =     528.750  TEMP(K) =   296.84  PRESS =     0.0
 Etot   =    -57752.4923  EKtot   =     13902.2315  EPtot      =    -71654.7238
 BOND   =       440.4076  ANGLE   =      1285.1262  DIHED      =       989.8209
 1-4 NB =       557.2218  1-4 EEL =      6699.7392  VDWAALS    =      8179.6402
 EELEC  =    -89806.6797  EHBOND  =         0.0000  RESTRAINT  =         0.0000
 Ewald error estimate:   0.1161E-03
 ------------------------------------------------------------------------------


 NSTEP =    18800   TIME(PS) =     528.850  TEMP(K) =   296.97  PRESS =     0.0
 Etot   =    -57752.6352  EKtot   =     13908.1471  EPtot      =    -71660.7823
 BOND   =       487.4466  ANGLE   =      1266.6981  DIHED      =       995.0146
 1-4 NB =       528.7233  1-4 EEL =      6628.7922  VDWAALS    =      8234.9773
 EELEC  =    -89802.4344  EHBOND  =         0.0000  RESTRAINT  =         0.0000
 Ewald error estimate:   0.1273E-03
 ------------------------------------------------------------------------------


 NSTEP =    18900   TIME(PS) =     528.950  TEMP(K) =   296.58  PRESS =     0.0
 Etot   =    -57751.4422  EKtot   =     13889.8822  EPtot      =    -71641.3244
 BOND   =       456.9020  ANGLE   =      1276.8911  DIHED      =       981.4015
 1-4 NB =       531.9879  1-4 EEL =      6710.6261  VDWAALS    =      8100.1540
 EELEC  =    -89699.2870  EHBOND  =         0.0000  RESTRAINT  =         0.0000
 Ewald error estimate:   0.1742E-03
 ------------------------------------------------------------------------------

check COM velocity, temp:        0.000000     0.00(Removed)

 NSTEP =    19000   TIME(PS) =     529.050  TEMP(K) =   301.43  PRESS =     0.0
 Etot   =    -57752.8046  EKtot   =     14117.2298  EPtot      =    -71870.0344
 BOND   =       428.3875  ANGLE   =      1235.2758  DIHED      =       974.1139
 1-4 NB =       568.3505  1-4 EEL =      6733.6475  VDWAALS    =      8238.7740
 EELEC  =    -90048.5835  EHBOND  =         0.0000  RESTRAINT  =         0.0000
 Ewald error estimate:   0.6857E-04
 ------------------------------------------------------------------------------


 NSTEP =    19100   TIME(PS) =     529.150  TEMP(K) =   298.23  PRESS =     0.0
 Etot   =    -57751.4634  EKtot   =     13967.5725  EPtot      =    -71719.0359
 BOND   =       487.2109  ANGLE   =      1264.4063  DIHED      =       988.8713
 1-4 NB =       531.8968  1-4 EEL =      6652.9172  VDWAALS    =      8240.3957
 EELEC  =    -89884.7341  EHBOND  =         0.0000  RESTRAINT  =         0.0000
 Ewald error estimate:   0.8433E-04
 ------------------------------------------------------------------------------


 NSTEP =    19200   TIME(PS) =     529.250  TEMP(K) =   295.14  PRESS =     0.0
 Etot   =    -57751.6746  EKtot   =     13822.4449  EPtot      =    -71574.1194
 BOND   =       426.7913  ANGLE   =      1226.5133  DIHED      =      1007.9440
 1-4 NB =       555.3169  1-4 EEL =      6718.1071  VDWAALS    =      8226.5987
 EELEC  =    -89735.3907  EHBOND  =         0.0000  RESTRAINT  =         0.0000
 Ewald error estimate:   0.1853E-05
 ------------------------------------------------------------------------------


 NSTEP =    19300   TIME(PS) =     529.350  TEMP(K) =   297.41  PRESS =     0.0
 Etot   =    -57751.2245  EKtot   =     13928.9000  EPtot      =    -71680.1245
 BOND   =       461.9307  ANGLE   =      1242.2600  DIHED      =       983.3126
 1-4 NB =       550.5025  1-4 EEL =      6680.6827  VDWAALS    =      8244.0936
 EELEC  =    -89842.9066  EHBOND  =         0.0000  RESTRAINT  =         0.0000
 Ewald error estimate:   0.1448E-03
 ------------------------------------------------------------------------------


 NSTEP =    19400   TIME(PS) =     529.450  TEMP(K) =   299.30  PRESS =     0.0
 Etot   =    -57751.7715  EKtot   =     14017.2791  EPtot      =    -71769.0506
 BOND   =       471.2902  ANGLE   =      1238.4110  DIHED      =       974.7760
 1-4 NB =       549.6971  1-4 EEL =      6703.3144  VDWAALS    =      8415.4627
 EELEC  =    -90122.0021  EHBOND  =         0.0000  RESTRAINT  =         0.0000
 Ewald error estimate:   0.2326E-05
 ------------------------------------------------------------------------------


 NSTEP =    19500   TIME(PS) =     529.550  TEMP(K) =   296.22  PRESS =     0.0
 Etot   =    -57752.4715  EKtot   =     13873.3945  EPtot      =    -71625.8660
 BOND   =       431.5420  ANGLE   =      1246.3069  DIHED      =       978.9202
 1-4 NB =       539.3444  1-4 EEL =      6716.3538  VDWAALS    =      8142.9965
 EELEC  =    -89681.3299  EHBOND  =         0.0000  RESTRAINT  =         0.0000
 Ewald error estimate:   0.2739E-04
 ------------------------------------------------------------------------------


 NSTEP =    19600   TIME(PS) =     529.650  TEMP(K) =   296.90  PRESS =     0.0
 Etot   =    -57751.7057  EKtot   =     13904.8934  EPtot      =    -71656.5991
 BOND   =       494.7137  ANGLE   =      1234.7834  DIHED      =       991.6344
 1-4 NB =       555.3202  1-4 EEL =      6699.6427  VDWAALS    =      8186.1690
 EELEC  =    -89818.8623  EHBOND  =         0.0000  RESTRAINT  =         0.0000
 Ewald error estimate:   0.5664E-04
 ------------------------------------------------------------------------------


 NSTEP =    19700   TIME(PS) =     529.750  TEMP(K) =   298.53  PRESS =     0.0
 Etot   =    -57752.0230  EKtot   =     13981.1609  EPtot      =    -71733.1839
 BOND   =       473.7463  ANGLE   =      1259.7725  DIHED      =       978.0157
 1-4 NB =       531.3221  1-4 EEL =      6693.0780  VDWAALS    =      8180.1243
 EELEC  =    -89849.2427  EHBOND  =         0.0000  RESTRAINT  =         0.0000
 Ewald error estimate:   0.2762E-04
 ------------------------------------------------------------------------------


 NSTEP =    19800   TIME(PS) =     529.850  TEMP(K) =   296.75  PRESS =     0.0
 Etot   =    -57752.7085  EKtot   =     13898.0902  EPtot      =    -71650.7986
 BOND   =       442.1739  ANGLE   =      1211.3519  DIHED      =      1024.4472
 1-4 NB =       548.0375  1-4 EEL =      6719.1853  VDWAALS    =      8268.5183
 EELEC  =    -89864.5128  EHBOND  =         0.0000  RESTRAINT  =         0.0000
 Ewald error estimate:   0.2435E-04
 ------------------------------------------------------------------------------


 NSTEP =    19900   TIME(PS) =     529.950  TEMP(K) =   298.78  PRESS =     0.0
 Etot   =    -57751.8398  EKtot   =     13992.9073  EPtot      =    -71744.7471
 BOND   =       491.6856  ANGLE   =      1236.5541  DIHED      =       979.8071
 1-4 NB =       543.1044  1-4 EEL =      6678.8309  VDWAALS    =      8382.0997
 EELEC  =    -90056.8289  EHBOND  =         0.0000  RESTRAINT  =         0.0000
 Ewald error estimate:   0.1604E-04
 ------------------------------------------------------------------------------

check COM velocity, temp:        0.000000     0.00(Removed)

 NSTEP =    20000   TIME(PS) =     530.050  TEMP(K) =   299.30  PRESS =     0.0
 Etot   =    -57751.8751  EKtot   =     14017.2851  EPtot      =    -71769.1601
 BOND   =       463.0011  ANGLE   =      1279.5945  DIHED      =       975.5010
 1-4 NB =       542.5710  1-4 EEL =      6682.0388  VDWAALS    =      8150.0592
 EELEC  =    -89861.9257  EHBOND  =         0.0000  RESTRAINT  =         0.0000
 Ewald error estimate:   0.1584E-03
 ------------------------------------------------------------------------------


 NSTEP =    20100   TIME(PS) =     530.150  TEMP(K) =   301.53  PRESS =     0.0
 Etot   =    -57752.8606  EKtot   =     14121.9530  EPtot      =    -71874.8136
 BOND   =       447.1166  ANGLE   =      1244.9409  DIHED      =       973.1803
 1-4 NB =       549.6282  1-4 EEL =      6709.4569  VDWAALS    =      8277.3783
 EELEC  =    -90076.5146  EHBOND  =         0.0000  RESTRAINT  =         0.0000
 Ewald error estimate:   0.1166E-03
 ------------------------------------------------------------------------------


 NSTEP =    20200   TIME(PS) =     530.250  TEMP(K) =   300.16  PRESS =     0.0
 Etot   =    -57752.3795  EKtot   =     14057.8237  EPtot      =    -71810.2032
 BOND   =       467.4782  ANGLE   =      1219.5611  DIHED      =       987.8094
 1-4 NB =       534.1789  1-4 EEL =      6680.2319  VDWAALS    =      8212.7324
 EELEC  =    -89912.1951  EHBOND  =         0.0000  RESTRAINT  =         0.0000
 Ewald error estimate:   0.4149E-04
 ------------------------------------------------------------------------------


 NSTEP =    20300   TIME(PS) =     530.350  TEMP(K) =   300.12  PRESS =     0.0
 Etot   =    -57752.4039  EKtot   =     14055.9004  EPtot      =    -71808.3043
 BOND   =       441.7837  ANGLE   =      1212.3806  DIHED      =       980.3398
 1-4 NB =       539.2172  1-4 EEL =      6723.2379  VDWAALS    =      8277.2343
 EELEC  =    -89982.4978  EHBOND  =         0.0000  RESTRAINT  =         0.0000
 Ewald error estimate:   0.2054E-03
 ------------------------------------------------------------------------------


 NSTEP =    20400   TIME(PS) =     530.450  TEMP(K) =   297.88  PRESS =     0.0
 Etot   =    -57752.2314  EKtot   =     13951.1442  EPtot      =    -71703.3756
 BOND   =       471.8078  ANGLE   =      1221.2721  DIHED      =       948.6505
 1-4 NB =       531.2472  1-4 EEL =      6680.8406  VDWAALS    =      8153.9492
 EELEC  =    -89711.1430  EHBOND  =         0.0000  RESTRAINT  =         0.0000
 Ewald error estimate:   0.1627E-03
 ------------------------------------------------------------------------------


 NSTEP =    20500   TIME(PS) =     530.550  TEMP(K) =   297.12  PRESS =     0.0
 Etot   =    -57751.4412  EKtot   =     13915.1568  EPtot      =    -71666.5981
 BOND   =       469.8527  ANGLE   =      1221.3156  DIHED      =       999.5624
 1-4 NB =       544.2594  1-4 EEL =      6704.3047  VDWAALS    =      8223.5339
 EELEC  =    -89829.4268  EHBOND  =         0.0000  RESTRAINT  =         0.0000
 Ewald error estimate:   0.1270E-03
 ------------------------------------------------------------------------------


 NSTEP =    20600   TIME(PS) =     530.650  TEMP(K) =   298.81  PRESS =     0.0
 Etot   =    -57752.3154  EKtot   =     13994.4589  EPtot      =    -71746.7743
 BOND   =       426.2338  ANGLE   =      1242.6249  DIHED      =       993.5191
 1-4 NB =       554.8929  1-4 EEL =      6707.6688  VDWAALS    =      8203.0542
 EELEC  =    -89874.7680  EHBOND  =         0.0000  RESTRAINT  =         0.0000
 Ewald error estimate:   0.1502E-03
 ------------------------------------------------------------------------------


 NSTEP =    20700   TIME(PS) =     530.750  TEMP(K) =   299.91  PRESS =     0.0
 Etot   =    -57752.5355  EKtot   =     14046.0944  EPtot      =    -71798.6298
 BOND   =       466.4438  ANGLE   =      1248.0073  DIHED      =       965.1450
 1-4 NB =       560.5665  1-4 EEL =      6715.0874  VDWAALS    =      8173.8349
 EELEC  =    -89927.7147  EHBOND  =         0.0000  RESTRAINT  =         0.0000
 Ewald error estimate:   0.4921E-04
 ------------------------------------------------------------------------------


 NSTEP =    20800   TIME(PS) =     530.850  TEMP(K) =   299.04  PRESS =     0.0
 Etot   =    -57752.7950  EKtot   =     14005.3767  EPtot      =    -71758.1716
 BOND   =       484.0004  ANGLE   =      1224.9851  DIHED      =       964.4488
 1-4 NB =       548.1209  1-4 EEL =      6731.0803  VDWAALS    =      8328.6478
 EELEC  =    -90039.4550  EHBOND  =         0.0000  RESTRAINT  =         0.0000
 Ewald error estimate:   0.1000E-03
 ------------------------------------------------------------------------------


 NSTEP =    20900   TIME(PS) =     530.950  TEMP(K) =   297.16  PRESS =     0.0
 Etot   =    -57753.0239  EKtot   =     13917.0812  EPtot      =    -71670.1051
 BOND   =       463.1602  ANGLE   =      1275.9296  DIHED      =       974.6407
 1-4 NB =       549.4943  1-4 EEL =      6692.4652  VDWAALS    =      8211.0084
 EELEC  =    -89836.8034  EHBOND  =         0.0000  RESTRAINT  =         0.0000
 Ewald error estimate:   0.9549E-04
 ------------------------------------------------------------------------------

check COM velocity, temp:        0.000000     0.00(Removed)

 NSTEP =    21000   TIME(PS) =     531.050  TEMP(K) =   300.08  PRESS =     0.0
 Etot   =    -57752.7449  EKtot   =     14053.7595  EPtot      =    -71806.5044
 BOND   =       464.8597  ANGLE   =      1229.1066  DIHED      =       971.0095
 1-4 NB =       555.5619  1-4 EEL =      6707.9122  VDWAALS    =      8176.4648
 EELEC  =    -89911.4190  EHBOND  =         0.0000  RESTRAINT  =         0.0000
 Ewald error estimate:   0.9879E-04
 ------------------------------------------------------------------------------


 NSTEP =    21100   TIME(PS) =     531.150  TEMP(K) =   301.44  PRESS =     0.0
 Etot   =    -57752.2895  EKtot   =     14117.5350  EPtot      =    -71869.8245
 BOND   =       451.0159  ANGLE   =      1263.3603  DIHED      =       974.2144
 1-4 NB =       535.6128  1-4 EEL =      6702.8680  VDWAALS    =      8478.7957
 EELEC  =    -90275.6917  EHBOND  =         0.0000  RESTRAINT  =         0.0000
 Ewald error estimate:   0.1065E-03
 ------------------------------------------------------------------------------


 NSTEP =    21200   TIME(PS) =     531.250  TEMP(K) =   299.13  PRESS =     0.0
 Etot   =    -57752.4679  EKtot   =     14009.3085  EPtot      =    -71761.7764
 BOND   =       436.6034  ANGLE   =      1229.3065  DIHED      =       989.9599
 1-4 NB =       538.5719  1-4 EEL =      6705.2862  VDWAALS    =      8492.5629
 EELEC  =    -90154.0672  EHBOND  =         0.0000  RESTRAINT  =         0.0000
 Ewald error estimate:   0.1288E-03
 ------------------------------------------------------------------------------


 NSTEP =    21300   TIME(PS) =     531.350  TEMP(K) =   299.81  PRESS =     0.0
 Etot   =    -57753.5448  EKtot   =     14041.2790  EPtot      =    -71794.8238
 BOND   =       437.2262  ANGLE   =      1241.4970  DIHED      =       992.1130
 1-4 NB =       553.2156  1-4 EEL =      6668.0543  VDWAALS    =      8416.1422
 EELEC  =    -90103.0720  EHBOND  =         0.0000  RESTRAINT  =         0.0000
 Ewald error estimate:   0.5990E-04
 ------------------------------------------------------------------------------


 NSTEP =    21400   TIME(PS) =     531.450  TEMP(K) =   301.35  PRESS =     0.0
 Etot   =    -57752.9973  EKtot   =     14113.4185  EPtot      =    -71866.4157
 BOND   =       435.9442  ANGLE   =      1270.2148  DIHED      =       979.5613
 1-4 NB =       552.3918  1-4 EEL =      6702.2047  VDWAALS    =      8423.8401
 EELEC  =    -90230.5726  EHBOND  =         0.0000  RESTRAINT  =         0.0000
 Ewald error estimate:   0.3910E-04
 ------------------------------------------------------------------------------


 NSTEP =    21500   TIME(PS) =     531.550  TEMP(K) =   297.40  PRESS =     0.0
 Etot   =    -57752.8245  EKtot   =     13928.4863  EPtot      =    -71681.3108
 BOND   =       478.6905  ANGLE   =      1215.1910  DIHED      =      1027.3423
 1-4 NB =       549.5641  1-4 EEL =      6695.9162  VDWAALS    =      8360.4256
 EELEC  =    -90008.4406  EHBOND  =         0.0000  RESTRAINT  =         0.0000
 Ewald error estimate:   0.3722E-04
 ------------------------------------------------------------------------------


 NSTEP =    21600   TIME(PS) =     531.650  TEMP(K) =   297.09  PRESS =     0.0
 Etot   =    -57752.6585  EKtot   =     13914.1754  EPtot      =    -71666.8339
 BOND   =       468.2419  ANGLE   =      1254.5146  DIHED      =       982.2612
 1-4 NB =       550.6834  1-4 EEL =      6698.5343  VDWAALS    =      8174.0518
 EELEC  =    -89795.1212  EHBOND  =         0.0000  RESTRAINT  =         0.0000
 Ewald error estimate:   0.1426E-03
 ------------------------------------------------------------------------------


 NSTEP =    21700   TIME(PS) =     531.750  TEMP(K) =   296.79  PRESS =     0.0
 Etot   =    -57752.3916  EKtot   =     13899.9073  EPtot      =    -71652.2989
 BOND   =       466.3068  ANGLE   =      1249.8495  DIHED      =      1008.6367
 1-4 NB =       555.5655  1-4 EEL =      6670.2316  VDWAALS    =      8143.6828
 EELEC  =    -89746.5716  EHBOND  =         0.0000  RESTRAINT  =         0.0000
 Ewald error estimate:   0.4618E-04
 ------------------------------------------------------------------------------


 NSTEP =    21800   TIME(PS) =     531.850  TEMP(K) =   299.98  PRESS =     0.0
 Etot   =    -57752.3805  EKtot   =     14049.1025  EPtot      =    -71801.4830
 BOND   =       503.0898  ANGLE   =      1246.1455  DIHED      =       973.9414
 1-4 NB =       537.9091  1-4 EEL =      6670.2497  VDWAALS    =      8393.4787
 EELEC  =    -90126.2973  EHBOND  =         0.0000  RESTRAINT  =         0.0000
 Ewald error estimate:   0.8242E-05
 ------------------------------------------------------------------------------


 NSTEP =    21900   TIME(PS) =     531.950  TEMP(K) =   296.40  PRESS =     0.0
 Etot   =    -57752.5843  EKtot   =     13881.8550  EPtot      =    -71634.4392
 BOND   =       461.0983  ANGLE   =      1208.0610  DIHED      =       985.8326
 1-4 NB =       550.9669  1-4 EEL =      6718.1185  VDWAALS    =      8314.6478
 EELEC  =    -89873.1643  EHBOND  =         0.0000  RESTRAINT  =         0.0000
 Ewald error estimate:   0.5655E-04
 ------------------------------------------------------------------------------

check COM velocity, temp:        0.000000     0.00(Removed)

 NSTEP =    22000   TIME(PS) =     532.050  TEMP(K) =   299.29  PRESS =     0.0
 Etot   =    -57752.0114  EKtot   =     14016.8451  EPtot      =    -71768.8564
 BOND   =       476.4757  ANGLE   =      1221.8380  DIHED      =       976.2370
 1-4 NB =       535.4450  1-4 EEL =      6718.1235  VDWAALS    =      8371.6563
 EELEC  =    -90068.6320  EHBOND  =         0.0000  RESTRAINT  =         0.0000
 Ewald error estimate:   0.1467E-05
 ------------------------------------------------------------------------------


 NSTEP =    22100   TIME(PS) =     532.150  TEMP(K) =   297.68  PRESS =     0.0
 Etot   =    -57751.7082  EKtot   =     13941.4997  EPtot      =    -71693.2079
 BOND   =       477.9899  ANGLE   =      1303.7556  DIHED      =       953.8280
 1-4 NB =       538.8207  1-4 EEL =      6681.1859  VDWAALS    =      8170.5217
 EELEC  =    -89819.3096  EHBOND  =         0.0000  RESTRAINT  =         0.0000
 Ewald error estimate:   0.1361E-04
 ------------------------------------------------------------------------------


 NSTEP =    22200   TIME(PS) =     532.250  TEMP(K) =   297.53  PRESS =     0.0
 Etot   =    -57752.4228  EKtot   =     13934.7005  EPtot      =    -71687.1233
 BOND   =       460.0010  ANGLE   =      1287.7818  DIHED      =       989.0949
 1-4 NB =       554.3399  1-4 EEL =      6660.1504  VDWAALS    =      8168.6998
 EELEC  =    -89807.1912  EHBOND  =         0.0000  RESTRAINT  =         0.0000
 Ewald error estimate:   0.5248E-04
 ------------------------------------------------------------------------------


 NSTEP =    22300   TIME(PS) =     532.350  TEMP(K) =   296.44  PRESS =     0.0
 Etot   =    -57752.6594  EKtot   =     13883.4881  EPtot      =    -71636.1475
 BOND   =       456.8027  ANGLE   =      1257.4883  DIHED      =      1006.2668
 1-4 NB =       551.4971  1-4 EEL =      6689.7238  VDWAALS    =      8280.4994
 EELEC  =    -89878.4255  EHBOND  =         0.0000  RESTRAINT  =         0.0000
 Ewald error estimate:   0.5293E-04
 ------------------------------------------------------------------------------


 NSTEP =    22400   TIME(PS) =     532.450  TEMP(K) =   297.43  PRESS =     0.0
 Etot   =    -57753.7258  EKtot   =     13929.9918  EPtot      =    -71683.7176
 BOND   =       464.8684  ANGLE   =      1250.5542  DIHED      =      1003.2813
 1-4 NB =       535.7716  1-4 EEL =      6671.9505  VDWAALS    =      8226.9084
 EELEC  =    -89837.0520  EHBOND  =         0.0000  RESTRAINT  =         0.0000
 Ewald error estimate:   0.3801E-04
 ------------------------------------------------------------------------------


 NSTEP =    22500   TIME(PS) =     532.550  TEMP(K) =   300.57  PRESS =     0.0
 Etot   =    -57754.5221  EKtot   =     14076.9381  EPtot      =    -71831.4603
 BOND   =       457.2954  ANGLE   =      1235.5033  DIHED      =       959.0797
 1-4 NB =       567.4445  1-4 EEL =      6776.5080  VDWAALS    =      8200.4998
 EELEC  =    -90027.7909  EHBOND  =         0.0000  RESTRAINT  =         0.0000
 Ewald error estimate:   0.4721E-04
 ------------------------------------------------------------------------------


 NSTEP =    22600   TIME(PS) =     532.650  TEMP(K) =   296.40  PRESS =     0.0
 Etot   =    -57754.3056  EKtot   =     13881.7411  EPtot      =    -71636.0467
 BOND   =       458.3500  ANGLE   =      1268.0553  DIHED      =       975.5874
 1-4 NB =       543.2791  1-4 EEL =      6695.0513  VDWAALS    =      8142.9334
 EELEC  =    -89719.3031  EHBOND  =         0.0000  RESTRAINT  =         0.0000
 Ewald error estimate:   0.4934E-04
 ------------------------------------------------------------------------------


 NSTEP =    22700   TIME(PS) =     532.750  TEMP(K) =   298.60  PRESS =     0.0
 Etot   =    -57753.5471  EKtot   =     13984.8836  EPtot      =    -71738.4308
 BOND   =       441.2645  ANGLE   =      1267.6649  DIHED      =       994.1339
 1-4 NB =       538.7364  1-4 EEL =      6729.9720  VDWAALS    =      8100.3540
 EELEC  =    -89810.5566  EHBOND  =         0.0000  RESTRAINT  =         0.0000
 Ewald error estimate:   0.1114E-03
 ------------------------------------------------------------------------------


 NSTEP =    22800   TIME(PS) =     532.850  TEMP(K) =   298.07  PRESS =     0.0
 Etot   =    -57753.9059  EKtot   =     13959.6312  EPtot      =    -71713.5371
 BOND   =       483.3160  ANGLE   =      1256.0658  DIHED      =       966.7720
 1-4 NB =       549.7601  1-4 EEL =      6666.3147  VDWAALS    =      8121.6422
 EELEC  =    -89757.4078  EHBOND  =         0.0000  RESTRAINT  =         0.0000
 Ewald error estimate:   0.3988E-04
 ------------------------------------------------------------------------------


 NSTEP =    22900   TIME(PS) =     532.950  TEMP(K) =   300.24  PRESS =     0.0
 Etot   =    -57754.2515  EKtot   =     14061.5651  EPtot      =    -71815.8166
 BOND   =       484.3774  ANGLE   =      1214.0065  DIHED      =       985.6188
 1-4 NB =       538.3902  1-4 EEL =      6719.1871  VDWAALS    =      8184.1420
 EELEC  =    -89941.5386  EHBOND  =         0.0000  RESTRAINT  =         0.0000
 Ewald error estimate:   0.6081E-05
 ------------------------------------------------------------------------------

check COM velocity, temp:        0.000000     0.00(Removed)

 NSTEP =    23000   TIME(PS) =     533.050  TEMP(K) =   297.42  PRESS =     0.0
 Etot   =    -57752.9659  EKtot   =     13929.6339  EPtot      =    -71682.5999
 BOND   =       483.3315  ANGLE   =      1302.1314  DIHED      =       969.8061
 1-4 NB =       549.9478  1-4 EEL =      6731.0258  VDWAALS    =      8260.8634
 EELEC  =    -89979.7057  EHBOND  =         0.0000  RESTRAINT  =         0.0000
 Ewald error estimate:   0.5606E-04
 ------------------------------------------------------------------------------


 NSTEP =    23100   TIME(PS) =     533.150  TEMP(K) =   298.53  PRESS =     0.0
 Etot   =    -57752.8466  EKtot   =     13981.2072  EPtot      =    -71734.0538
 BOND   =       462.2416  ANGLE   =      1235.3018  DIHED      =      1009.0812
 1-4 NB =       551.6499  1-4 EEL =      6708.6429  VDWAALS    =      8184.7269
 EELEC  =    -89885.6982  EHBOND  =         0.0000  RESTRAINT  =         0.0000
 Ewald error estimate:   0.3579E-04
 ------------------------------------------------------------------------------


 NSTEP =    23200   TIME(PS) =     533.250  TEMP(K) =   299.26  PRESS =     0.0
 Etot   =    -57752.8119  EKtot   =     14015.5577  EPtot      =    -71768.3696
 BOND   =       471.2288  ANGLE   =      1240.3970  DIHED      =       999.4656
 1-4 NB =       548.0566  1-4 EEL =      6694.0879  VDWAALS    =      8236.7111
 EELEC  =    -89958.3165  EHBOND  =         0.0000  RESTRAINT  =         0.0000
 Ewald error estimate:   0.7069E-04
 ------------------------------------------------------------------------------


 NSTEP =    23300   TIME(PS) =     533.350  TEMP(K) =   299.17  PRESS =     0.0
 Etot   =    -57752.1734  EKtot   =     14011.4057  EPtot      =    -71763.5790
 BOND   =       493.2947  ANGLE   =      1251.5743  DIHED      =      1008.7415
 1-4 NB =       547.9247  1-4 EEL =      6692.7621  VDWAALS    =      8244.7389
 EELEC  =    -90002.6152  EHBOND  =         0.0000  RESTRAINT  =         0.0000
 Ewald error estimate:   0.2256E-04
 ------------------------------------------------------------------------------


 NSTEP =    23400   TIME(PS) =     533.450  TEMP(K) =   299.43  PRESS =     0.0
 Etot   =    -57752.6342  EKtot   =     14023.5708  EPtot      =    -71776.2050
 BOND   =       469.8703  ANGLE   =      1271.6979  DIHED      =       994.6740
 1-4 NB =       541.4824  1-4 EEL =      6691.8492  VDWAALS    =      8344.1456
 EELEC  =    -90089.9245  EHBOND  =         0.0000  RESTRAINT  =         0.0000
 Ewald error estimate:   0.7625E-05
 ------------------------------------------------------------------------------


 NSTEP =    23500   TIME(PS) =     533.550  TEMP(K) =   298.25  PRESS =     0.0
 Etot   =    -57752.5287  EKtot   =     13968.0606  EPtot      =    -71720.5893
 BOND   =       484.7492  ANGLE   =      1233.6823  DIHED      =      1002.8323
 1-4 NB =       543.6043  1-4 EEL =      6711.3848  VDWAALS    =      8475.9846
 EELEC  =    -90172.8268  EHBOND  =         0.0000  RESTRAINT  =         0.0000
 Ewald error estimate:   0.6427E-04
 ------------------------------------------------------------------------------


 NSTEP =    23600   TIME(PS) =     533.650  TEMP(K) =   298.71  PRESS =     0.0
 Etot   =    -57752.0832  EKtot   =     13990.0087  EPtot      =    -71742.0919
 BOND   =       478.3658  ANGLE   =      1235.8365  DIHED      =       997.7846
 1-4 NB =       561.1847  1-4 EEL =      6731.5716  VDWAALS    =      8336.9553
 EELEC  =    -90083.7904  EHBOND  =         0.0000  RESTRAINT  =         0.0000
 Ewald error estimate:   0.2142E-04
 ------------------------------------------------------------------------------


 NSTEP =    23700   TIME(PS) =     533.750  TEMP(K) =   298.73  PRESS =     0.0
 Etot   =    -57752.7389  EKtot   =     13990.6721  EPtot      =    -71743.4110
 BOND   =       451.2184  ANGLE   =      1250.6477  DIHED      =      1005.9928
 1-4 NB =       554.5394  1-4 EEL =      6727.6209  VDWAALS    =      8395.1722
 EELEC  =    -90128.6023  EHBOND  =         0.0000  RESTRAINT  =         0.0000
 Ewald error estimate:   0.1133E-03
 ------------------------------------------------------------------------------


 NSTEP =    23800   TIME(PS) =     533.850  TEMP(K) =   297.85  PRESS =     0.0
 Etot   =    -57752.6622  EKtot   =     13949.3883  EPtot      =    -71702.0505
 BOND   =       448.8688  ANGLE   =      1272.8959  DIHED      =      1010.1396
 1-4 NB =       566.6557  1-4 EEL =      6712.4845  VDWAALS    =      8093.8554
 EELEC  =    -89806.9503  EHBOND  =         0.0000  RESTRAINT  =         0.0000
 Ewald error estimate:   0.1015E-03
 ------------------------------------------------------------------------------


 NSTEP =    23900   TIME(PS) =     533.950  TEMP(K) =   299.44  PRESS =     0.0
 Etot   =    -57753.5970  EKtot   =     14024.2190  EPtot      =    -71777.8160
 BOND   =       465.8574  ANGLE   =      1237.6247  DIHED      =       993.5609
 1-4 NB =       537.1570  1-4 EEL =      6687.7997  VDWAALS    =      8146.0969
 EELEC  =    -89845.9126  EHBOND  =         0.0000  RESTRAINT  =         0.0000
 Ewald error estimate:   0.8721E-04
 ------------------------------------------------------------------------------

check COM velocity, temp:        0.000000     0.00(Removed)

 NSTEP =    24000   TIME(PS) =     534.050  TEMP(K) =   296.90  PRESS =     0.0
 Etot   =    -57752.9440  EKtot   =     13905.2425  EPtot      =    -71658.1866
 BOND   =       482.1592  ANGLE   =      1235.8356  DIHED      =      1025.0626
 1-4 NB =       541.6824  1-4 EEL =      6678.7988  VDWAALS    =      8078.9671
 EELEC  =    -89700.6922  EHBOND  =         0.0000  RESTRAINT  =         0.0000
 Ewald error estimate:   0.1092E-04
 ------------------------------------------------------------------------------


 NSTEP =    24100   TIME(PS) =     534.150  TEMP(K) =   297.48  PRESS =     0.0
 Etot   =    -57753.5584  EKtot   =     13932.2022  EPtot      =    -71685.7606
 BOND   =       494.3337  ANGLE   =      1253.4614  DIHED      =      1008.3221
 1-4 NB =       543.0214  1-4 EEL =      6686.0877  VDWAALS    =      8342.3238
 EELEC  =    -90013.3107  EHBOND  =         0.0000  RESTRAINT  =         0.0000
 Ewald error estimate:   0.9585E-04
 ------------------------------------------------------------------------------


 NSTEP =    24200   TIME(PS) =     534.250  TEMP(K) =   297.31  PRESS =     0.0
 Etot   =    -57753.2759  EKtot   =     13924.2343  EPtot      =    -71677.5103
 BOND   =       461.8037  ANGLE   =      1249.2644  DIHED      =      1010.4514
 1-4 NB =       553.4138  1-4 EEL =      6701.0904  VDWAALS    =      8247.8466
 EELEC  =    -89901.3806  EHBOND  =         0.0000  RESTRAINT  =         0.0000
 Ewald error estimate:   0.1316E-03
 ------------------------------------------------------------------------------


 NSTEP =    24300   TIME(PS) =     534.350  TEMP(K) =   298.04  PRESS =     0.0
 Etot   =    -57753.3382  EKtot   =     13958.5466  EPtot      =    -71711.8848
 BOND   =       452.5198  ANGLE   =      1247.6830  DIHED      =       996.2401
 1-4 NB =       544.5696  1-4 EEL =      6659.2734  VDWAALS    =      8008.5230
 EELEC  =    -89620.6937  EHBOND  =         0.0000  RESTRAINT  =         0.0000
 Ewald error estimate:   0.1089E-03
 ------------------------------------------------------------------------------


 NSTEP =    24400   TIME(PS) =     534.450  TEMP(K) =   296.49  PRESS =     0.0
 Etot   =    -57752.5360  EKtot   =     13886.0161  EPtot      =    -71638.5521
 BOND   =       465.1587  ANGLE   =      1287.4564  DIHED      =       976.5626
 1-4 NB =       546.0269  1-4 EEL =      6692.5436  VDWAALS    =      8188.4642
 EELEC  =    -89794.7646  EHBOND  =         0.0000  RESTRAINT  =         0.0000
 Ewald error estimate:   0.8919E-04
 ------------------------------------------------------------------------------


 NSTEP =    24500   TIME(PS) =     534.550  TEMP(K) =   296.97  PRESS =     0.0
 Etot   =    -57751.6780  EKtot   =     13908.5147  EPtot      =    -71660.1927
 BOND   =       476.8548  ANGLE   =      1279.3787  DIHED      =       998.0583
 1-4 NB =       542.0710  1-4 EEL =      6687.8342  VDWAALS    =      8517.0835
 EELEC  =    -90161.4732  EHBOND  =         0.0000  RESTRAINT  =         0.0000
 Ewald error estimate:   0.8949E-04
 ------------------------------------------------------------------------------


 NSTEP =    24600   TIME(PS) =     534.650  TEMP(K) =   297.18  PRESS =     0.0
 Etot   =    -57752.2945  EKtot   =     13918.0995  EPtot      =    -71670.3941
 BOND   =       462.0930  ANGLE   =      1256.3471  DIHED      =       982.0360
 1-4 NB =       552.4080  1-4 EEL =      6667.1846  VDWAALS    =      8398.5426
 EELEC  =    -89989.0054  EHBOND  =         0.0000  RESTRAINT  =         0.0000
 Ewald error estimate:   0.5650E-04
 ------------------------------------------------------------------------------


 NSTEP =    24700   TIME(PS) =     534.750  TEMP(K) =   299.18  PRESS =     0.0
 Etot   =    -57751.6211  EKtot   =     14012.0458  EPtot      =    -71763.6670
 BOND   =       460.0242  ANGLE   =      1249.4786  DIHED      =       970.9676
 1-4 NB =       546.1656  1-4 EEL =      6682.1071  VDWAALS    =      8175.6231
 EELEC  =    -89848.0332  EHBOND  =         0.0000  RESTRAINT  =         0.0000
 Ewald error estimate:   0.7910E-04
 ------------------------------------------------------------------------------


 NSTEP =    24800   TIME(PS) =     534.850  TEMP(K) =   296.33  PRESS =     0.0
 Etot   =    -57751.3890  EKtot   =     13878.5142  EPtot      =    -71629.9032
 BOND   =       477.3120  ANGLE   =      1283.0958  DIHED      =       996.7600
 1-4 NB =       534.3117  1-4 EEL =      6673.5966  VDWAALS    =      8108.7034
 EELEC  =    -89703.6827  EHBOND  =         0.0000  RESTRAINT  =         0.0000
 Ewald error estimate:   0.8516E-04
 ------------------------------------------------------------------------------


 NSTEP =    24900   TIME(PS) =     534.950  TEMP(K) =   299.18  PRESS =     0.0
 Etot   =    -57752.5070  EKtot   =     14011.8365  EPtot      =    -71764.3435
 BOND   =       447.5501  ANGLE   =      1214.8591  DIHED      =       984.0841
 1-4 NB =       533.0385  1-4 EEL =      6667.1004  VDWAALS    =      8154.4045
 EELEC  =    -89765.3802  EHBOND  =         0.0000  RESTRAINT  =         0.0000
 Ewald error estimate:   0.3566E-04
 ------------------------------------------------------------------------------

check COM velocity, temp:        0.000000     0.00(Removed)

 NSTEP =    25000   TIME(PS) =     535.050  TEMP(K) =   296.75  PRESS =     0.0
 Etot   =    -57752.2375  EKtot   =     13897.9136  EPtot      =    -71650.1511
 BOND   =       469.1347  ANGLE   =      1213.5877  DIHED      =       964.8443
 1-4 NB =       552.2297  1-4 EEL =      6706.7676  VDWAALS    =      8289.5157
 EELEC  =    -89846.2307  EHBOND  =         0.0000  RESTRAINT  =         0.0000
 Ewald error estimate:   0.7723E-04
 ------------------------------------------------------------------------------


 NSTEP =    25100   TIME(PS) =     535.150  TEMP(K) =   297.45  PRESS =     0.0
 Etot   =    -57751.6136  EKtot   =     13930.7835  EPtot      =    -71682.3970
 BOND   =       467.5123  ANGLE   =      1273.3791  DIHED      =       970.0115
 1-4 NB =       538.8944  1-4 EEL =      6674.7058  VDWAALS    =      8444.5266
 EELEC  =    -90051.4266  EHBOND  =         0.0000  RESTRAINT  =         0.0000
 Ewald error estimate:   0.4307E-05
 ------------------------------------------------------------------------------


 NSTEP =    25200   TIME(PS) =     535.250  TEMP(K) =   297.78  PRESS =     0.0
 Etot   =    -57751.7992  EKtot   =     13946.1479  EPtot      =    -71697.9471
 BOND   =       459.2382  ANGLE   =      1244.6176  DIHED      =       972.4428
 1-4 NB =       548.3486  1-4 EEL =      6682.3631  VDWAALS    =      8258.6676
 EELEC  =    -89863.6250  EHBOND  =         0.0000  RESTRAINT  =         0.0000
 Ewald error estimate:   0.6815E-04
 ------------------------------------------------------------------------------


 NSTEP =    25300   TIME(PS) =     535.350  TEMP(K) =   298.52  PRESS =     0.0
 Etot   =    -57752.4834  EKtot   =     13980.9536  EPtot      =    -71733.4370
 BOND   =       434.2902  ANGLE   =      1258.9182  DIHED      =       991.4835
 1-4 NB =       562.0894  1-4 EEL =      6654.2393  VDWAALS    =      8151.1821
 EELEC  =    -89785.6398  EHBOND  =         0.0000  RESTRAINT  =         0.0000
 Ewald error estimate:   0.1133E-04
 ------------------------------------------------------------------------------


 NSTEP =    25400   TIME(PS) =     535.450  TEMP(K) =   293.89  PRESS =     0.0
 Etot   =    -57751.9409  EKtot   =     13763.9117  EPtot      =    -71515.8526
 BOND   =       491.8686  ANGLE   =      1237.8643  DIHED      =       994.3202
 1-4 NB =       545.6170  1-4 EEL =      6687.4998  VDWAALS    =      8288.7841
 EELEC  =    -89761.8067  EHBOND  =         0.0000  RESTRAINT  =         0.0000
 Ewald error estimate:   0.1178E-03
 ------------------------------------------------------------------------------


 NSTEP =    25500   TIME(PS) =     535.550  TEMP(K) =   297.77  PRESS =     0.0
 Etot   =    -57752.6417  EKtot   =     13945.9207  EPtot      =    -71698.5623
 BOND   =       450.9876  ANGLE   =      1248.0477  DIHED      =       982.1120
 1-4 NB =       540.8132  1-4 EEL =      6677.2448  VDWAALS    =      8412.7638
 EELEC  =    -90010.5314  EHBOND  =         0.0000  RESTRAINT  =         0.0000
 Ewald error estimate:   0.6081E-04
 ------------------------------------------------------------------------------


 NSTEP =    25600   TIME(PS) =     535.650  TEMP(K) =   299.84  PRESS =     0.0
 Etot   =    -57752.4738  EKtot   =     14042.5312  EPtot      =    -71795.0049
 BOND   =       466.8021  ANGLE   =      1238.2939  DIHED      =       984.2459
 1-4 NB =       550.0904  1-4 EEL =      6654.5730  VDWAALS    =      8179.4593
 EELEC  =    -89868.4695  EHBOND  =         0.0000  RESTRAINT  =         0.0000
 Ewald error estimate:   0.1119E-03
 ------------------------------------------------------------------------------


 NSTEP =    25700   TIME(PS) =     535.750  TEMP(K) =   299.06  PRESS =     0.0
 Etot   =    -57752.7135  EKtot   =     14006.1274  EPtot      =    -71758.8410
 BOND   =       502.9354  ANGLE   =      1256.4082  DIHED      =       992.3683
 1-4 NB =       542.3994  1-4 EEL =      6717.0076  VDWAALS    =      8179.3187
 EELEC  =    -89949.2785  EHBOND  =         0.0000  RESTRAINT  =         0.0000
 Ewald error estimate:   0.2750E-04
 ------------------------------------------------------------------------------


 NSTEP =    25800   TIME(PS) =     535.850  TEMP(K) =   300.36  PRESS =     0.0
 Etot   =    -57752.7439  EKtot   =     14067.1383  EPtot      =    -71819.8822
 BOND   =       476.9406  ANGLE   =      1243.5664  DIHED      =       987.5752
 1-4 NB =       561.0417  1-4 EEL =      6683.9300  VDWAALS    =      8376.4628
 EELEC  =    -90149.3989  EHBOND  =         0.0000  RESTRAINT  =         0.0000
 Ewald error estimate:   0.1343E-03
 ------------------------------------------------------------------------------


 NSTEP =    25900   TIME(PS) =     535.950  TEMP(K) =   299.72  PRESS =     0.0
 Etot   =    -57752.0520  EKtot   =     14037.2530  EPtot      =    -71789.3050
 BOND   =       463.0954  ANGLE   =      1250.2264  DIHED      =      1022.4072
 1-4 NB =       541.2462  1-4 EEL =      6669.5584  VDWAALS    =      8196.2454
 EELEC  =    -89932.0840  EHBOND  =         0.0000  RESTRAINT  =         0.0000
 Ewald error estimate:   0.7152E-04
 ------------------------------------------------------------------------------

check COM velocity, temp:        0.000000     0.00(Removed)

 NSTEP =    26000   TIME(PS) =     536.050  TEMP(K) =   298.38  PRESS =     0.0
 Etot   =    -57752.0663  EKtot   =     13974.2536  EPtot      =    -71726.3199
 BOND   =       440.3318  ANGLE   =      1250.0026  DIHED      =      1015.7859
 1-4 NB =       546.3225  1-4 EEL =      6645.0802  VDWAALS    =      8267.8635
 EELEC  =    -89891.7064  EHBOND  =         0.0000  RESTRAINT  =         0.0000
 Ewald error estimate:   0.8349E-05
 ------------------------------------------------------------------------------


 NSTEP =    26100   TIME(PS) =     536.150  TEMP(K) =   297.41  PRESS =     0.0
 Etot   =    -57752.0805  EKtot   =     13929.0443  EPtot      =    -71681.1248
 BOND   =       476.1904  ANGLE   =      1245.2802  DIHED      =      1008.7461
 1-4 NB =       533.0874  1-4 EEL =      6642.9400  VDWAALS    =      8487.5710
 EELEC  =    -90074.9399  EHBOND  =         0.0000  RESTRAINT  =         0.0000
 Ewald error estimate:   0.8332E-04
 ------------------------------------------------------------------------------


 NSTEP =    26200   TIME(PS) =     536.250  TEMP(K) =   297.10  PRESS =     0.0
 Etot   =    -57752.5785  EKtot   =     13914.2370  EPtot      =    -71666.8155
 BOND   =       472.2010  ANGLE   =      1263.8290  DIHED      =      1026.4312
 1-4 NB =       537.5441  1-4 EEL =      6660.1559  VDWAALS    =      8270.0428
 EELEC  =    -89897.0194  EHBOND  =         0.0000  RESTRAINT  =         0.0000
 Ewald error estimate:   0.1811E-04
 ------------------------------------------------------------------------------


 NSTEP =    26300   TIME(PS) =     536.350  TEMP(K) =   299.27  PRESS =     0.0
 Etot   =    -57752.4229  EKtot   =     14016.2015  EPtot      =    -71768.6245
 BOND   =       447.2525  ANGLE   =      1227.3102  DIHED      =      1002.5749
 1-4 NB =       559.6240  1-4 EEL =      6740.0022  VDWAALS    =      8284.2260
 EELEC  =    -90029.6143  EHBOND  =         0.0000  RESTRAINT  =         0.0000
 Ewald error estimate:   0.6856E-04
 ------------------------------------------------------------------------------


 NSTEP =    26400   TIME(PS) =     536.450  TEMP(K) =   298.42  PRESS =     0.0
 Etot   =    -57751.8124  EKtot   =     13976.2368  EPtot      =    -71728.0492
 BOND   =       491.5404  ANGLE   =      1231.3258  DIHED      =       998.5118
 1-4 NB =       540.3332  1-4 EEL =      6700.1899  VDWAALS    =      8495.1994
 EELEC  =    -90185.1496  EHBOND  =         0.0000  RESTRAINT  =         0.0000
 Ewald error estimate:   0.6250E-04
 ------------------------------------------------------------------------------


 NSTEP =    26500   TIME(PS) =     536.550  TEMP(K) =   297.07  PRESS =     0.0
 Etot   =    -57752.2261  EKtot   =     13913.0548  EPtot      =    -71665.2809
 BOND   =       436.2603  ANGLE   =      1258.3738  DIHED      =       984.3891
 1-4 NB =       560.5479  1-4 EEL =      6704.7161  VDWAALS    =      8160.7394
 EELEC  =    -89770.3075  EHBOND  =         0.0000  RESTRAINT  =         0.0000
 Ewald error estimate:   0.1561E-04
 ------------------------------------------------------------------------------


 NSTEP =    26600   TIME(PS) =     536.650  TEMP(K) =   297.02  PRESS =     0.0
 Etot   =    -57752.3751  EKtot   =     13910.6253  EPtot      =    -71663.0004
 BOND   =       478.7572  ANGLE   =      1275.5176  DIHED      =      1004.3142
 1-4 NB =       557.1853  1-4 EEL =      6695.2754  VDWAALS    =      8351.4927
 EELEC  =    -90025.5428  EHBOND  =         0.0000  RESTRAINT  =         0.0000
 Ewald error estimate:   0.5361E-04
 ------------------------------------------------------------------------------


 NSTEP =    26700   TIME(PS) =     536.750  TEMP(K) =   295.86  PRESS =     0.0
 Etot   =    -57752.4001  EKtot   =     13856.5211  EPtot      =    -71608.9212
 BOND   =       472.8052  ANGLE   =      1194.5678  DIHED      =      1026.4594
 1-4 NB =       554.5117  1-4 EEL =      6726.8518  VDWAALS    =      8398.6475
 EELEC  =    -89982.7647  EHBOND  =         0.0000  RESTRAINT  =         0.0000
 Ewald error estimate:   0.2606E-05
 ------------------------------------------------------------------------------


 NSTEP =    26800   TIME(PS) =     536.850  TEMP(K) =   299.11  PRESS =     0.0
 Etot   =    -57751.9754  EKtot   =     14008.3966  EPtot      =    -71760.3720
 BOND   =       460.2152  ANGLE   =      1249.3539  DIHED      =      1029.2799
 1-4 NB =       551.0855  1-4 EEL =      6701.5944  VDWAALS    =      8249.0657
 EELEC  =    -90000.9665  EHBOND  =         0.0000  RESTRAINT  =         0.0000
 Ewald error estimate:   0.2064E-04
 ------------------------------------------------------------------------------


 NSTEP =    26900   TIME(PS) =     536.950  TEMP(K) =   298.25  PRESS =     0.0
 Etot   =    -57753.0976  EKtot   =     13968.2201  EPtot      =    -71721.3178
 BOND   =       440.7753  ANGLE   =      1231.1088  DIHED      =       989.6247
 1-4 NB =       553.5392  1-4 EEL =      6746.7529  VDWAALS    =      8126.2580
 EELEC  =    -89809.3767  EHBOND  =         0.0000  RESTRAINT  =         0.0000
 Ewald error estimate:   0.3717E-04
 ------------------------------------------------------------------------------

check COM velocity, temp:        0.000000     0.00(Removed)

 NSTEP =    27000   TIME(PS) =     537.050  TEMP(K) =   297.44  PRESS =     0.0
 Etot   =    -57752.2801  EKtot   =     13930.1819  EPtot      =    -71682.4620
 BOND   =       480.3077  ANGLE   =      1225.9348  DIHED      =       996.6837
 1-4 NB =       544.0126  1-4 EEL =      6714.7260  VDWAALS    =      8108.7042
 EELEC  =    -89752.8309  EHBOND  =         0.0000  RESTRAINT  =         0.0000
 Ewald error estimate:   0.1181E-03
 ------------------------------------------------------------------------------


 NSTEP =    27100   TIME(PS) =     537.150  TEMP(K) =   295.90  PRESS =     0.0
 Etot   =    -57752.3238  EKtot   =     13858.2343  EPtot      =    -71610.5581
 BOND   =       460.8558  ANGLE   =      1249.5651  DIHED      =      1000.7910
 1-4 NB =       554.4431  1-4 EEL =      6730.4034  VDWAALS    =      8179.1652
 EELEC  =    -89785.7817  EHBOND  =         0.0000  RESTRAINT  =         0.0000
 Ewald error estimate:   0.7774E-04
 ------------------------------------------------------------------------------


 NSTEP =    27200   TIME(PS) =     537.250  TEMP(K) =   297.73  PRESS =     0.0
 Etot   =    -57752.5844  EKtot   =     13944.0606  EPtot      =    -71696.6450
 BOND   =       462.4044  ANGLE   =      1202.3905  DIHED      =       998.0794
 1-4 NB =       541.5363  1-4 EEL =      6788.8579  VDWAALS    =      8207.5796
 EELEC  =    -89897.4931  EHBOND  =         0.0000  RESTRAINT  =         0.0000
 Ewald error estimate:   0.4729E-04
 ------------------------------------------------------------------------------


 NSTEP =    27300   TIME(PS) =     537.350  TEMP(K) =   297.12  PRESS =     0.0
 Etot   =    -57752.3845  EKtot   =     13915.3675  EPtot      =    -71667.7520
 BOND   =       460.6530  ANGLE   =      1286.9855  DIHED      =       983.9168
 1-4 NB =       554.6739  1-4 EEL =      6690.5973  VDWAALS    =      8179.0094
 EELEC  =    -89823.5878  EHBOND  =         0.0000  RESTRAINT  =         0.0000
 Ewald error estimate:   0.7916E-04
 ------------------------------------------------------------------------------


 NSTEP =    27400   TIME(PS) =     537.450  TEMP(K) =   298.30  PRESS =     0.0
 Etot   =    -57752.4184  EKtot   =     13970.5696  EPtot      =    -71722.9880
 BOND   =       445.8358  ANGLE   =      1240.1721  DIHED      =       981.8905
 1-4 NB =       542.5099  1-4 EEL =      6690.3924  VDWAALS    =      8306.2318
 EELEC  =    -89930.0206  EHBOND  =         0.0000  RESTRAINT  =         0.0000
 Ewald error estimate:   0.1154E-03
 ------------------------------------------------------------------------------


 NSTEP =    27500   TIME(PS) =     537.550  TEMP(K) =   298.98  PRESS =     0.0
 Etot   =    -57753.4060  EKtot   =     14002.5748  EPtot      =    -71755.9808
 BOND   =       478.1311  ANGLE   =      1198.7287  DIHED      =      1000.8862
 1-4 NB =       547.9430  1-4 EEL =      6703.6826  VDWAALS    =      8174.7667
 EELEC  =    -89860.1192  EHBOND  =         0.0000  RESTRAINT  =         0.0000
 Ewald error estimate:   0.4240E-05
 ------------------------------------------------------------------------------


 NSTEP =    27600   TIME(PS) =     537.650  TEMP(K) =   298.09  PRESS =     0.0
 Etot   =    -57753.5684  EKtot   =     13960.9564  EPtot      =    -71714.5248
 BOND   =       471.6347  ANGLE   =      1244.2010  DIHED      =       979.9553
 1-4 NB =       540.6792  1-4 EEL =      6706.8093  VDWAALS    =      8255.0495
 EELEC  =    -89912.8537  EHBOND  =         0.0000  RESTRAINT  =         0.0000
 Ewald error estimate:   0.1553E-03
 ------------------------------------------------------------------------------


 NSTEP =    27700   TIME(PS) =     537.750  TEMP(K) =   299.06  PRESS =     0.0
 Etot   =    -57753.7645  EKtot   =     14006.1889  EPtot      =    -71759.9535
 BOND   =       431.1877  ANGLE   =      1237.2958  DIHED      =       992.6965
 1-4 NB =       539.8757  1-4 EEL =      6697.0008  VDWAALS    =      8175.9502
 EELEC  =    -89833.9601  EHBOND  =         0.0000  RESTRAINT  =         0.0000
 Ewald error estimate:   0.1950E-03
 ------------------------------------------------------------------------------


 NSTEP =    27800   TIME(PS) =     537.850  TEMP(K) =   296.55  PRESS =     0.0
 Etot   =    -57752.7507  EKtot   =     13888.6745  EPtot      =    -71641.4252
 BOND   =       476.9452  ANGLE   =      1224.7829  DIHED      =      1008.2181
 1-4 NB =       553.8181  1-4 EEL =      6680.2236  VDWAALS    =      8431.8053
 EELEC  =    -90017.2184  EHBOND  =         0.0000  RESTRAINT  =         0.0000
 Ewald error estimate:   0.2504E-04
 ------------------------------------------------------------------------------


 NSTEP =    27900   TIME(PS) =     537.950  TEMP(K) =   299.08  PRESS =     0.0
 Etot   =    -57753.2293  EKtot   =     14007.0711  EPtot      =    -71760.3004
 BOND   =       433.5913  ANGLE   =      1264.1419  DIHED      =       995.0539
 1-4 NB =       547.4624  1-4 EEL =      6704.8060  VDWAALS    =      8012.4433
 EELEC  =    -89717.7993  EHBOND  =         0.0000  RESTRAINT  =         0.0000
 Ewald error estimate:   0.3468E-04
 ------------------------------------------------------------------------------

check COM velocity, temp:        0.000000     0.00(Removed)

 NSTEP =    28000   TIME(PS) =     538.050  TEMP(K) =   295.61  PRESS =     0.0
 Etot   =    -57752.4577  EKtot   =     13844.5282  EPtot      =    -71596.9859
 BOND   =       485.3694  ANGLE   =      1239.6864  DIHED      =       992.7247
 1-4 NB =       556.3088  1-4 EEL =      6637.1406  VDWAALS    =      7789.5140
 EELEC  =    -89297.7299  EHBOND  =         0.0000  RESTRAINT  =         0.0000
 Ewald error estimate:   0.3877E-04
 ------------------------------------------------------------------------------


 NSTEP =    28100   TIME(PS) =     538.150  TEMP(K) =   297.65  PRESS =     0.0
 Etot   =    -57753.3061  EKtot   =     13940.1655  EPtot      =    -71693.4717
 BOND   =       499.9677  ANGLE   =      1193.6097  DIHED      =       997.0808
 1-4 NB =       539.9165  1-4 EEL =      6664.8804  VDWAALS    =      8014.4566
 EELEC  =    -89603.3834  EHBOND  =         0.0000  RESTRAINT  =         0.0000
 Ewald error estimate:   0.5222E-04
 ------------------------------------------------------------------------------


 NSTEP =    28200   TIME(PS) =     538.250  TEMP(K) =   296.13  PRESS =     0.0
 Etot   =    -57752.9408  EKtot   =     13868.8808  EPtot      =    -71621.8216
 BOND   =       467.8670  ANGLE   =      1275.7418  DIHED      =       987.0290
 1-4 NB =       540.3375  1-4 EEL =      6670.3666  VDWAALS    =      8190.9941
 EELEC  =    -89754.1576  EHBOND  =         0.0000  RESTRAINT  =         0.0000
 Ewald error estimate:   0.7715E-04
 ------------------------------------------------------------------------------


 NSTEP =    28300   TIME(PS) =     538.350  TEMP(K) =   300.35  PRESS =     0.0
 Etot   =    -57753.7333  EKtot   =     14066.6271  EPtot      =    -71820.3604
 BOND   =       481.6084  ANGLE   =      1218.5563  DIHED      =       973.2923
 1-4 NB =       556.4305  1-4 EEL =      6663.0318  VDWAALS    =      8237.0906
 EELEC  =    -89950.3703  EHBOND  =         0.0000  RESTRAINT  =         0.0000
 Ewald error estimate:   0.9318E-04
 ------------------------------------------------------------------------------


 NSTEP =    28400   TIME(PS) =     538.450  TEMP(K) =   297.21  PRESS =     0.0
 Etot   =    -57753.8689  EKtot   =     13919.4985  EPtot      =    -71673.3675
 BOND   =       479.6492  ANGLE   =      1244.3692  DIHED      =       979.5826
 1-4 NB =       562.9609  1-4 EEL =      6671.4816  VDWAALS    =      8123.6853
 EELEC  =    -89735.0963  EHBOND  =         0.0000  RESTRAINT  =         0.0000
 Ewald error estimate:   0.1742E-06
 ------------------------------------------------------------------------------


 NSTEP =    28500   TIME(PS) =     538.550  TEMP(K) =   296.60  PRESS =     0.0
 Etot   =    -57754.3093  EKtot   =     13891.1169  EPtot      =    -71645.4263
 BOND   =       476.8068  ANGLE   =      1221.6417  DIHED      =       975.6964
 1-4 NB =       538.4607  1-4 EEL =      6745.1076  VDWAALS    =      8317.2409
 EELEC  =    -89920.3803  EHBOND  =         0.0000  RESTRAINT  =         0.0000
 Ewald error estimate:   0.3865E-04
 ------------------------------------------------------------------------------


 NSTEP =    28600   TIME(PS) =     538.650  TEMP(K) =   296.26  PRESS =     0.0
 Etot   =    -57753.5871  EKtot   =     13875.2643  EPtot      =    -71628.8514
 BOND   =       481.4700  ANGLE   =      1213.4193  DIHED      =       986.1859
 1-4 NB =       576.1438  1-4 EEL =      6668.5475  VDWAALS    =      8030.2642
 EELEC  =    -89584.8821  EHBOND  =         0.0000  RESTRAINT  =         0.0000
 Ewald error estimate:   0.8389E-04
 ------------------------------------------------------------------------------


 NSTEP =    28700   TIME(PS) =     538.750  TEMP(K) =   297.54  PRESS =     0.0
 Etot   =    -57753.2366  EKtot   =     13934.9213  EPtot      =    -71688.1579
 BOND   =       462.8165  ANGLE   =      1247.1897  DIHED      =       971.9027
 1-4 NB =       554.2585  1-4 EEL =      6692.3776  VDWAALS    =      8084.3455
 EELEC  =    -89701.0484  EHBOND  =         0.0000  RESTRAINT  =         0.0000
 Ewald error estimate:   0.2587E-04
 ------------------------------------------------------------------------------


 NSTEP =    28800   TIME(PS) =     538.850  TEMP(K) =   296.65  PRESS =     0.0
 Etot   =    -57753.7573  EKtot   =     13893.4897  EPtot      =    -71647.2470
 BOND   =       471.9033  ANGLE   =      1259.6586  DIHED      =       949.2779
 1-4 NB =       546.6953  1-4 EEL =      6676.6215  VDWAALS    =      8043.0149
 EELEC  =    -89594.4185  EHBOND  =         0.0000  RESTRAINT  =         0.0000
 Ewald error estimate:   0.9381E-05
 ------------------------------------------------------------------------------


 NSTEP =    28900   TIME(PS) =     538.950  TEMP(K) =   295.76  PRESS =     0.0
 Etot   =    -57752.4822  EKtot   =     13851.6523  EPtot      =    -71604.1344
 BOND   =       456.0116  ANGLE   =      1257.3452  DIHED      =       968.4138
 1-4 NB =       554.3136  1-4 EEL =      6679.4006  VDWAALS    =      8308.4338
 EELEC  =    -89828.0531  EHBOND  =         0.0000  RESTRAINT  =         0.0000
 Ewald error estimate:   0.8378E-04
 ------------------------------------------------------------------------------

check COM velocity, temp:        0.000000     0.00(Removed)

 NSTEP =    29000   TIME(PS) =     539.050  TEMP(K) =   295.04  PRESS =     0.0
 Etot   =    -57752.9098  EKtot   =     13817.9107  EPtot      =    -71570.8205
 BOND   =       459.4902  ANGLE   =      1297.9063  DIHED      =       969.8945
 1-4 NB =       550.2172  1-4 EEL =      6621.5750  VDWAALS    =      8271.8945
 EELEC  =    -89741.7983  EHBOND  =         0.0000  RESTRAINT  =         0.0000
 Ewald error estimate:   0.1313E-03
 ------------------------------------------------------------------------------


 NSTEP =    29100   TIME(PS) =     539.150  TEMP(K) =   298.04  PRESS =     0.0
 Etot   =    -57752.7548  EKtot   =     13958.3573  EPtot      =    -71711.1121
 BOND   =       479.4537  ANGLE   =      1242.4956  DIHED      =       983.3118
 1-4 NB =       550.1706  1-4 EEL =      6713.3197  VDWAALS    =      8047.6327
 EELEC  =    -89727.4961  EHBOND  =         0.0000  RESTRAINT  =         0.0000
 Ewald error estimate:   0.7002E-04
 ------------------------------------------------------------------------------


 NSTEP =    29200   TIME(PS) =     539.250  TEMP(K) =   295.75  PRESS =     0.0
 Etot   =    -57753.0045  EKtot   =     13850.9703  EPtot      =    -71603.9749
 BOND   =       456.8908  ANGLE   =      1263.0489  DIHED      =       996.1501
 1-4 NB =       534.0305  1-4 EEL =      6598.1365  VDWAALS    =      8143.3775
 EELEC  =    -89595.6091  EHBOND  =         0.0000  RESTRAINT  =         0.0000
 Ewald error estimate:   0.8663E-04
 ------------------------------------------------------------------------------


 NSTEP =    29300   TIME(PS) =     539.350  TEMP(K) =   297.96  PRESS =     0.0
 Etot   =    -57752.4616  EKtot   =     13954.8579  EPtot      =    -71707.3194
 BOND   =       458.9058  ANGLE   =      1260.2358  DIHED      =       997.5164
 1-4 NB =       538.5466  1-4 EEL =      6672.7002  VDWAALS    =      8377.3325
 EELEC  =    -90012.5567  EHBOND  =         0.0000  RESTRAINT  =         0.0000
 Ewald error estimate:   0.9875E-05
 ------------------------------------------------------------------------------


 NSTEP =    29400   TIME(PS) =     539.450  TEMP(K) =   293.05  PRESS =     0.0
 Etot   =    -57752.1547  EKtot   =     13724.9225  EPtot      =    -71477.0771
 BOND   =       485.0270  ANGLE   =      1245.4486  DIHED      =       996.1383
 1-4 NB =       549.8436  1-4 EEL =      6671.4836  VDWAALS    =      8152.6606
 EELEC  =    -89577.6788  EHBOND  =         0.0000  RESTRAINT  =         0.0000
 Ewald error estimate:   0.9833E-04
 ------------------------------------------------------------------------------


 NSTEP =    29500   TIME(PS) =     539.550  TEMP(K) =   298.22  PRESS =     0.0
 Etot   =    -57752.9199  EKtot   =     13966.9928  EPtot      =    -71719.9127
 BOND   =       457.9787  ANGLE   =      1236.3833  DIHED      =       985.7155
 1-4 NB =       552.2685  1-4 EEL =      6710.7404  VDWAALS    =      8079.9968
 EELEC  =    -89742.9959  EHBOND  =         0.0000  RESTRAINT  =         0.0000
 Ewald error estimate:   0.9090E-04
 ------------------------------------------------------------------------------


 NSTEP =    29600   TIME(PS) =     539.650  TEMP(K) =   298.63  PRESS =     0.0
 Etot   =    -57753.2866  EKtot   =     13985.8958  EPtot      =    -71739.1824
 BOND   =       501.0011  ANGLE   =      1229.0527  DIHED      =       989.2623
 1-4 NB =       539.2489  1-4 EEL =      6676.3251  VDWAALS    =      8151.2544
 EELEC  =    -89825.3270  EHBOND  =         0.0000  RESTRAINT  =         0.0000
 Ewald error estimate:   0.9306E-04
 ------------------------------------------------------------------------------


 NSTEP =    29700   TIME(PS) =     539.750  TEMP(K) =   298.10  PRESS =     0.0
 Etot   =    -57752.5355  EKtot   =     13961.4111  EPtot      =    -71713.9467
 BOND   =       451.4637  ANGLE   =      1263.2123  DIHED      =       971.7527
 1-4 NB =       550.8645  1-4 EEL =      6672.6089  VDWAALS    =      8103.3826
 EELEC  =    -89727.2313  EHBOND  =         0.0000  RESTRAINT  =         0.0000
 Ewald error estimate:   0.6828E-04
 ------------------------------------------------------------------------------


 NSTEP =    29800   TIME(PS) =     539.850  TEMP(K) =   298.84  PRESS =     0.0
 Etot   =    -57752.5083  EKtot   =     13995.9866  EPtot      =    -71748.4949
 BOND   =       478.8908  ANGLE   =      1253.2153  DIHED      =       972.8071
 1-4 NB =       527.5310  1-4 EEL =      6656.3381  VDWAALS    =      8116.2387
 EELEC  =    -89753.5160  EHBOND  =         0.0000  RESTRAINT  =         0.0000
 Ewald error estimate:   0.2094E-04
 ------------------------------------------------------------------------------


 NSTEP =    29900   TIME(PS) =     539.950  TEMP(K) =   298.44  PRESS =     0.0
 Etot   =    -57752.7171  EKtot   =     13977.2897  EPtot      =    -71730.0069
 BOND   =       439.0653  ANGLE   =      1243.4294  DIHED      =       988.2254
 1-4 NB =       560.3933  1-4 EEL =      6653.1952  VDWAALS    =      8207.4856
 EELEC  =    -89821.8010  EHBOND  =         0.0000  RESTRAINT  =         0.0000
 Ewald error estimate:   0.1711E-04
 ------------------------------------------------------------------------------

check COM velocity, temp:        0.000000     0.00(Removed)

 NSTEP =    30000   TIME(PS) =     540.050  TEMP(K) =   297.02  PRESS =     0.0
 Etot   =    -57751.8131  EKtot   =     13910.5728  EPtot      =    -71662.3858
 BOND   =       461.1198  ANGLE   =      1278.7137  DIHED      =       963.6692
 1-4 NB =       534.0714  1-4 EEL =      6706.9727  VDWAALS    =      8245.1275
 EELEC  =    -89852.0602  EHBOND  =         0.0000  RESTRAINT  =         0.0000
 Ewald error estimate:   0.8477E-04
 ------------------------------------------------------------------------------


 NSTEP =    30100   TIME(PS) =     540.150  TEMP(K) =   298.08  PRESS =     0.0
 Etot   =    -57751.7654  EKtot   =     13960.1299  EPtot      =    -71711.8954
 BOND   =       496.7393  ANGLE   =      1271.1180  DIHED      =       986.1983
 1-4 NB =       543.6092  1-4 EEL =      6644.5513  VDWAALS    =      8298.1059
 EELEC  =    -89952.2173  EHBOND  =         0.0000  RESTRAINT  =         0.0000
 Ewald error estimate:   0.2841E-04
 ------------------------------------------------------------------------------


 NSTEP =    30200   TIME(PS) =     540.250  TEMP(K) =   298.95  PRESS =     0.0
 Etot   =    -57752.8643  EKtot   =     14001.0517  EPtot      =    -71753.9161
 BOND   =       452.7083  ANGLE   =      1253.3319  DIHED      =       973.2590
 1-4 NB =       554.1044  1-4 EEL =      6699.5760  VDWAALS    =      8459.6958
 EELEC  =    -90146.5916  EHBOND  =         0.0000  RESTRAINT  =         0.0000
 Ewald error estimate:   0.1562E-04
 ------------------------------------------------------------------------------


 NSTEP =    30300   TIME(PS) =     540.350  TEMP(K) =   298.12  PRESS =     0.0
 Etot   =    -57752.6648  EKtot   =     13962.2458  EPtot      =    -71714.9105
 BOND   =       479.5549  ANGLE   =      1212.1489  DIHED      =       979.7691
 1-4 NB =       539.3499  1-4 EEL =      6681.2210  VDWAALS    =      8253.2919
 EELEC  =    -89860.2463  EHBOND  =         0.0000  RESTRAINT  =         0.0000
 Ewald error estimate:   0.2741E-04
 ------------------------------------------------------------------------------


 NSTEP =    30400   TIME(PS) =     540.450  TEMP(K) =   294.65  PRESS =     0.0
 Etot   =    -57751.5420  EKtot   =     13799.5343  EPtot      =    -71551.0763
 BOND   =       496.8235  ANGLE   =      1238.7170  DIHED      =       987.6868
 1-4 NB =       532.7052  1-4 EEL =      6629.3417  VDWAALS    =      8343.3738
 EELEC  =    -89779.7244  EHBOND  =         0.0000  RESTRAINT  =         0.0000
 Ewald error estimate:   0.1602E-03
 ------------------------------------------------------------------------------


 NSTEP =    30500   TIME(PS) =     540.550  TEMP(K) =   298.88  PRESS =     0.0
 Etot   =    -57752.5757  EKtot   =     13997.8693  EPtot      =    -71750.4450
 BOND   =       442.0163  ANGLE   =      1236.0114  DIHED      =      1005.9243
 1-4 NB =       536.9040  1-4 EEL =      6694.9485  VDWAALS    =      8228.3929
 EELEC  =    -89894.6423  EHBOND  =         0.0000  RESTRAINT  =         0.0000
 Ewald error estimate:   0.1049E-03
 ------------------------------------------------------------------------------


 NSTEP =    30600   TIME(PS) =     540.650  TEMP(K) =   299.85  PRESS =     0.0
 Etot   =    -57752.8210  EKtot   =     14043.0712  EPtot      =    -71795.8922
 BOND   =       450.2951  ANGLE   =      1218.1450  DIHED      =      1005.4461
 1-4 NB =       569.5360  1-4 EEL =      6710.3080  VDWAALS    =      8371.3348
 EELEC  =    -90120.9572  EHBOND  =         0.0000  RESTRAINT  =         0.0000
 Ewald error estimate:   0.5971E-04
 ------------------------------------------------------------------------------


 NSTEP =    30700   TIME(PS) =     540.750  TEMP(K) =   300.34  PRESS =     0.0
 Etot   =    -57752.5268  EKtot   =     14066.2495  EPtot      =    -71818.7764
 BOND   =       503.9766  ANGLE   =      1226.7250  DIHED      =       978.4928
 1-4 NB =       548.1000  1-4 EEL =      6663.8704  VDWAALS    =      8436.5377
 EELEC  =    -90176.4789  EHBOND  =         0.0000  RESTRAINT  =         0.0000
 Ewald error estimate:   0.3902E-04
 ------------------------------------------------------------------------------


 NSTEP =    30800   TIME(PS) =     540.850  TEMP(K) =   298.18  PRESS =     0.0
 Etot   =    -57752.2020  EKtot   =     13964.8573  EPtot      =    -71717.0593
 BOND   =       436.4322  ANGLE   =      1245.1306  DIHED      =       987.5993
 1-4 NB =       544.0501  1-4 EEL =      6698.9560  VDWAALS    =      8205.9911
 EELEC  =    -89835.2187  EHBOND  =         0.0000  RESTRAINT  =         0.0000
 Ewald error estimate:   0.3106E-04
 ------------------------------------------------------------------------------


 NSTEP =    30900   TIME(PS) =     540.950  TEMP(K) =   297.61  PRESS =     0.0
 Etot   =    -57751.8597  EKtot   =     13938.3704  EPtot      =    -71690.2301
 BOND   =       489.7911  ANGLE   =      1268.5989  DIHED      =      1012.0015
 1-4 NB =       527.0112  1-4 EEL =      6622.7699  VDWAALS    =      8373.1355
 EELEC  =    -89983.5381  EHBOND  =         0.0000  RESTRAINT  =         0.0000
 Ewald error estimate:   0.8703E-04
 ------------------------------------------------------------------------------

check COM velocity, temp:        0.000000     0.00(Removed)

 NSTEP =    31000   TIME(PS) =     541.050  TEMP(K) =   299.88  PRESS =     0.0
 Etot   =    -57752.3589  EKtot   =     14044.5044  EPtot      =    -71796.8633
 BOND   =       437.9955  ANGLE   =      1239.0769  DIHED      =       978.1624
 1-4 NB =       559.1711  1-4 EEL =      6673.8233  VDWAALS    =      8412.7071
 EELEC  =    -90097.7996  EHBOND  =         0.0000  RESTRAINT  =         0.0000
 Ewald error estimate:   0.3215E-04
 ------------------------------------------------------------------------------


 NSTEP =    31100   TIME(PS) =     541.150  TEMP(K) =   299.88  PRESS =     0.0
 Etot   =    -57753.0053  EKtot   =     14044.4090  EPtot      =    -71797.4142
 BOND   =       441.5187  ANGLE   =      1265.0302  DIHED      =       991.8180
 1-4 NB =       562.0909  1-4 EEL =      6698.9927  VDWAALS    =      8411.3206
 EELEC  =    -90168.1854  EHBOND  =         0.0000  RESTRAINT  =         0.0000
 Ewald error estimate:   0.7743E-04
 ------------------------------------------------------------------------------


 NSTEP =    31200   TIME(PS) =     541.250  TEMP(K) =   297.58  PRESS =     0.0
 Etot   =    -57752.2615  EKtot   =     13936.6879  EPtot      =    -71688.9494
 BOND   =       474.6772  ANGLE   =      1205.3683  DIHED      =      1001.0513
 1-4 NB =       547.9880  1-4 EEL =      6695.1533  VDWAALS    =      8304.2187
 EELEC  =    -89917.4062  EHBOND  =         0.0000  RESTRAINT  =         0.0000
 Ewald error estimate:   0.7656E-04
 ------------------------------------------------------------------------------


 NSTEP =    31300   TIME(PS) =     541.350  TEMP(K) =   298.44  PRESS =     0.0
 Etot   =    -57752.9063  EKtot   =     13977.1475  EPtot      =    -71730.0537
 BOND   =       466.0408  ANGLE   =      1244.5203  DIHED      =       987.1406
 1-4 NB =       541.4245  1-4 EEL =      6675.8109  VDWAALS    =      8201.5488
 EELEC  =    -89846.5396  EHBOND  =         0.0000  RESTRAINT  =         0.0000
 Ewald error estimate:   0.2743E-04
 ------------------------------------------------------------------------------


 NSTEP =    31400   TIME(PS) =     541.450  TEMP(K) =   298.02  PRESS =     0.0
 Etot   =    -57752.5906  EKtot   =     13957.7039  EPtot      =    -71710.2945
 BOND   =       462.1606  ANGLE   =      1222.8940  DIHED      =      1029.3133
 1-4 NB =       547.2763  1-4 EEL =      6687.3044  VDWAALS    =      8248.3678
 EELEC  =    -89907.6109  EHBOND  =         0.0000  RESTRAINT  =         0.0000
 Ewald error estimate:   0.5092E-04
 ------------------------------------------------------------------------------


 NSTEP =    31500   TIME(PS) =     541.550  TEMP(K) =   301.77  PRESS =     0.0
 Etot   =    -57752.2394  EKtot   =     14133.0780  EPtot      =    -71885.3174
 BOND   =       481.4010  ANGLE   =      1208.0943  DIHED      =       971.7132
 1-4 NB =       547.0672  1-4 EEL =      6710.1404  VDWAALS    =      8440.6525
 EELEC  =    -90244.3860  EHBOND  =         0.0000  RESTRAINT  =         0.0000
 Ewald error estimate:   0.1927E-04
 ------------------------------------------------------------------------------


 NSTEP =    31600   TIME(PS) =     541.650  TEMP(K) =   297.53  PRESS =     0.0
 Etot   =    -57751.4285  EKtot   =     13934.7214  EPtot      =    -71686.1499
 BOND   =       480.1470  ANGLE   =      1265.4355  DIHED      =       995.7379
 1-4 NB =       541.9521  1-4 EEL =      6685.1832  VDWAALS    =      8329.1166
 EELEC  =    -89983.7222  EHBOND  =         0.0000  RESTRAINT  =         0.0000
 Ewald error estimate:   0.2499E-04
 ------------------------------------------------------------------------------


 NSTEP =    31700   TIME(PS) =     541.750  TEMP(K) =   298.16  PRESS =     0.0
 Etot   =    -57752.0504  EKtot   =     13964.2491  EPtot      =    -71716.2996
 BOND   =       448.4046  ANGLE   =      1219.2459  DIHED      =       994.8596
 1-4 NB =       536.4643  1-4 EEL =      6698.3525  VDWAALS    =      8595.6870
 EELEC  =    -90209.3134  EHBOND  =         0.0000  RESTRAINT  =         0.0000
 Ewald error estimate:   0.9711E-04
 ------------------------------------------------------------------------------


 NSTEP =    31800   TIME(PS) =     541.850  TEMP(K) =   297.19  PRESS =     0.0
 Etot   =    -57751.7020  EKtot   =     13918.5792  EPtot      =    -71670.2812
 BOND   =       457.6109  ANGLE   =      1286.8737  DIHED      =       986.6319
 1-4 NB =       542.6915  1-4 EEL =      6670.3946  VDWAALS    =      8219.0093
 EELEC  =    -89833.4931  EHBOND  =         0.0000  RESTRAINT  =         0.0000
 Ewald error estimate:   0.1658E-05
 ------------------------------------------------------------------------------


 NSTEP =    31900   TIME(PS) =     541.950  TEMP(K) =   296.57  PRESS =     0.0
 Etot   =    -57751.7212  EKtot   =     13889.6244  EPtot      =    -71641.3456
 BOND   =       469.5902  ANGLE   =      1248.9155  DIHED      =       988.9583
 1-4 NB =       547.5429  1-4 EEL =      6660.9874  VDWAALS    =      8042.5892
 EELEC  =    -89599.9290  EHBOND  =         0.0000  RESTRAINT  =         0.0000
 Ewald error estimate:   0.1072E-03
 ------------------------------------------------------------------------------

check COM velocity, temp:        0.000000     0.00(Removed)

 NSTEP =    32000   TIME(PS) =     542.050  TEMP(K) =   299.15  PRESS =     0.0
 Etot   =    -57752.2230  EKtot   =     14010.3490  EPtot      =    -71762.5720
 BOND   =       445.4613  ANGLE   =      1245.6625  DIHED      =       992.5788
 1-4 NB =       547.5775  1-4 EEL =      6715.7976  VDWAALS    =      8148.2492
 EELEC  =    -89857.8989  EHBOND  =         0.0000  RESTRAINT  =         0.0000
 Ewald error estimate:   0.2818E-04
 ------------------------------------------------------------------------------


 NSTEP =    32100   TIME(PS) =     542.150  TEMP(K) =   299.58  PRESS =     0.0
 Etot   =    -57752.5118  EKtot   =     14030.5456  EPtot      =    -71783.0575
 BOND   =       476.6977  ANGLE   =      1237.7201  DIHED      =       996.2390
 1-4 NB =       541.7986  1-4 EEL =      6704.8585  VDWAALS    =      8155.2001
 EELEC  =    -89895.5715  EHBOND  =         0.0000  RESTRAINT  =         0.0000
 Ewald error estimate:   0.8456E-05
 ------------------------------------------------------------------------------


 NSTEP =    32200   TIME(PS) =     542.250  TEMP(K) =   298.54  PRESS =     0.0
 Etot   =    -57752.1015  EKtot   =     13981.9955  EPtot      =    -71734.0970
 BOND   =       479.3217  ANGLE   =      1224.9528  DIHED      =       995.8347
 1-4 NB =       542.9281  1-4 EEL =      6692.6686  VDWAALS    =      7965.2763
 EELEC  =    -89635.0792  EHBOND  =         0.0000  RESTRAINT  =         0.0000
 Ewald error estimate:   0.5027E-04
 ------------------------------------------------------------------------------


 NSTEP =    32300   TIME(PS) =     542.350  TEMP(K) =   298.35  PRESS =     0.0
 Etot   =    -57751.9451  EKtot   =     13972.8718  EPtot      =    -71724.8169
 BOND   =       443.2150  ANGLE   =      1259.0164  DIHED      =      1000.7157
 1-4 NB =       532.0818  1-4 EEL =      6667.0484  VDWAALS    =      7985.5350
 EELEC  =    -89612.4291  EHBOND  =         0.0000  RESTRAINT  =         0.0000
 Ewald error estimate:   0.8832E-04
 ------------------------------------------------------------------------------


 NSTEP =    32400   TIME(PS) =     542.450  TEMP(K) =   295.74  PRESS =     0.0
 Etot   =    -57752.5612  EKtot   =     13850.7396  EPtot      =    -71603.3008
 BOND   =       477.3568  ANGLE   =      1223.6878  DIHED      =       991.2846
 1-4 NB =       540.8768  1-4 EEL =      6614.3438  VDWAALS    =      7875.7046
 EELEC  =    -89326.5552  EHBOND  =         0.0000  RESTRAINT  =         0.0000
 Ewald error estimate:   0.2882E-04
 ------------------------------------------------------------------------------


 NSTEP =    32500   TIME(PS) =     542.550  TEMP(K) =   299.41  PRESS =     0.0
 Etot   =    -57753.1406  EKtot   =     14022.5954  EPtot      =    -71775.7360
 BOND   =       438.4865  ANGLE   =      1252.3337  DIHED      =       975.2109
 1-4 NB =       548.6267  1-4 EEL =      6672.3632  VDWAALS    =      8163.3123
 EELEC  =    -89826.0694  EHBOND  =         0.0000  RESTRAINT  =         0.0000
 Ewald error estimate:   0.9097E-04
 ------------------------------------------------------------------------------


 NSTEP =    32600   TIME(PS) =     542.650  TEMP(K) =   298.42  PRESS =     0.0
 Etot   =    -57752.5893  EKtot   =     13976.0134  EPtot      =    -71728.6027
 BOND   =       480.3285  ANGLE   =      1222.2597  DIHED      =       976.7359
 1-4 NB =       544.7086  1-4 EEL =      6677.3508  VDWAALS    =      8160.7251
 EELEC  =    -89790.7113  EHBOND  =         0.0000  RESTRAINT  =         0.0000
 Ewald error estimate:   0.3235E-04
 ------------------------------------------------------------------------------


 NSTEP =    32700   TIME(PS) =     542.750  TEMP(K) =   300.60  PRESS =     0.0
 Etot   =    -57753.2263  EKtot   =     14078.1945  EPtot      =    -71831.4208
 BOND   =       448.0087  ANGLE   =      1219.1190  DIHED      =       992.1566
 1-4 NB =       564.9908  1-4 EEL =      6632.7638  VDWAALS    =      8102.8268
 EELEC  =    -89791.2865  EHBOND  =         0.0000  RESTRAINT  =         0.0000
 Ewald error estimate:   0.2715E-04
 ------------------------------------------------------------------------------


 NSTEP =    32800   TIME(PS) =     542.850  TEMP(K) =   300.11  PRESS =     0.0
 Etot   =    -57751.6505  EKtot   =     14055.3739  EPtot      =    -71807.0245
 BOND   =       468.5156  ANGLE   =      1235.3910  DIHED      =      1000.8559
 1-4 NB =       555.9506  1-4 EEL =      6708.3465  VDWAALS    =      8369.5758
 EELEC  =    -90145.6599  EHBOND  =         0.0000  RESTRAINT  =         0.0000
 Ewald error estimate:   0.8077E-04
 ------------------------------------------------------------------------------


 NSTEP =    32900   TIME(PS) =     542.950  TEMP(K) =   298.18  PRESS =     0.0
 Etot   =    -57751.6622  EKtot   =     13964.8315  EPtot      =    -71716.4937
 BOND   =       439.1828  ANGLE   =      1236.4238  DIHED      =       978.8291
 1-4 NB =       548.5108  1-4 EEL =      6667.2346  VDWAALS    =      8408.6825
 EELEC  =    -89995.3573  EHBOND  =         0.0000  RESTRAINT  =         0.0000
 Ewald error estimate:   0.1500E-04
 ------------------------------------------------------------------------------

check COM velocity, temp:        0.000000     0.00(Removed)

 NSTEP =    33000   TIME(PS) =     543.050  TEMP(K) =   296.61  PRESS =     0.0
 Etot   =    -57751.4987  EKtot   =     13891.2918  EPtot      =    -71642.7905
 BOND   =       454.6069  ANGLE   =      1196.4498  DIHED      =       975.5317
 1-4 NB =       573.4554  1-4 EEL =      6687.9104  VDWAALS    =      8354.9530
 EELEC  =    -89885.6977  EHBOND  =         0.0000  RESTRAINT  =         0.0000
 Ewald error estimate:   0.1289E-03
 ------------------------------------------------------------------------------


 NSTEP =    33100   TIME(PS) =     543.150  TEMP(K) =   298.94  PRESS =     0.0
 Etot   =    -57751.5442  EKtot   =     14000.6538  EPtot      =    -71752.1980
 BOND   =       460.7589  ANGLE   =      1194.7763  DIHED      =       972.3641
 1-4 NB =       562.1371  1-4 EEL =      6695.7495  VDWAALS    =      8413.8964
 EELEC  =    -90051.8803  EHBOND  =         0.0000  RESTRAINT  =         0.0000
 Ewald error estimate:   0.4709E-04
 ------------------------------------------------------------------------------


 NSTEP =    33200   TIME(PS) =     543.250  TEMP(K) =   299.18  PRESS =     0.0
 Etot   =    -57751.2559  EKtot   =     14011.8550  EPtot      =    -71763.1109
 BOND   =       443.8247  ANGLE   =      1197.6171  DIHED      =      1004.7554
 1-4 NB =       539.1355  1-4 EEL =      6657.7618  VDWAALS    =      8530.5413
 EELEC  =    -90136.7468  EHBOND  =         0.0000  RESTRAINT  =         0.0000
 Ewald error estimate:   0.2216E-04
 ------------------------------------------------------------------------------


 NSTEP =    33300   TIME(PS) =     543.350  TEMP(K) =   298.44  PRESS =     0.0
 Etot   =    -57750.7075  EKtot   =     13977.0782  EPtot      =    -71727.7857
 BOND   =       457.4696  ANGLE   =      1248.3593  DIHED      =       991.6338
 1-4 NB =       550.3125  1-4 EEL =      6688.9293  VDWAALS    =      8253.1648
 EELEC  =    -89917.6549  EHBOND  =         0.0000  RESTRAINT  =         0.0000
 Ewald error estimate:   0.7020E-04
 ------------------------------------------------------------------------------


 NSTEP =    33400   TIME(PS) =     543.450  TEMP(K) =   298.28  PRESS =     0.0
 Etot   =    -57752.1390  EKtot   =     13969.4581  EPtot      =    -71721.5972
 BOND   =       478.7966  ANGLE   =      1229.1643  DIHED      =       980.3591
 1-4 NB =       535.8275  1-4 EEL =      6663.4908  VDWAALS    =      8310.0261
 EELEC  =    -89919.2616  EHBOND  =         0.0000  RESTRAINT  =         0.0000
 Ewald error estimate:   0.8557E-05
 ------------------------------------------------------------------------------


 NSTEP =    33500   TIME(PS) =     543.550  TEMP(K) =   298.39  PRESS =     0.0
 Etot   =    -57751.7991  EKtot   =     13974.8251  EPtot      =    -71726.6242
 BOND   =       475.8620  ANGLE   =      1225.4832  DIHED      =      1021.5884
 1-4 NB =       530.2775  1-4 EEL =      6635.9702  VDWAALS    =      8186.3929
 EELEC  =    -89802.1984  EHBOND  =         0.0000  RESTRAINT  =         0.0000
 Ewald error estimate:   0.1741E-04
 ------------------------------------------------------------------------------


 NSTEP =    33600   TIME(PS) =     543.650  TEMP(K) =   300.02  PRESS =     0.0
 Etot   =    -57753.2076  EKtot   =     14051.2350  EPtot      =    -71804.4426
 BOND   =       435.3383  ANGLE   =      1190.3690  DIHED      =      1010.1317
 1-4 NB =       553.0841  1-4 EEL =      6694.5425  VDWAALS    =      8273.5199
 EELEC  =    -89961.4280  EHBOND  =         0.0000  RESTRAINT  =         0.0000
 Ewald error estimate:   0.1008E-04
 ------------------------------------------------------------------------------


 NSTEP =    33700   TIME(PS) =     543.750  TEMP(K) =   298.52  PRESS =     0.0
 Etot   =    -57753.0904  EKtot   =     13980.7180  EPtot      =    -71733.8085
 BOND   =       436.9204  ANGLE   =      1277.6657  DIHED      =       991.2783
 1-4 NB =       542.4943  1-4 EEL =      6674.4182  VDWAALS    =      8092.1028
 EELEC  =    -89748.6881  EHBOND  =         0.0000  RESTRAINT  =         0.0000
 Ewald error estimate:   0.8742E-04
 ------------------------------------------------------------------------------


 NSTEP =    33800   TIME(PS) =     543.850  TEMP(K) =   297.54  PRESS =     0.0
 Etot   =    -57753.2529  EKtot   =     13935.0643  EPtot      =    -71688.3173
 BOND   =       431.6616  ANGLE   =      1234.7104  DIHED      =       989.8084
 1-4 NB =       542.0954  1-4 EEL =      6678.3699  VDWAALS    =      8039.5654
 EELEC  =    -89604.5282  EHBOND  =         0.0000  RESTRAINT  =         0.0000
 Ewald error estimate:   0.1147E-03
 ------------------------------------------------------------------------------


 NSTEP =    33900   TIME(PS) =     543.950  TEMP(K) =   299.32  PRESS =     0.0
 Etot   =    -57754.2409  EKtot   =     14018.5921  EPtot      =    -71772.8330
 BOND   =       439.0206  ANGLE   =      1181.4658  DIHED      =       982.1940
 1-4 NB =       552.5923  1-4 EEL =      6738.0240  VDWAALS    =      8252.4006
 EELEC  =    -89918.5304  EHBOND  =         0.0000  RESTRAINT  =         0.0000
 Ewald error estimate:   0.4082E-04
 ------------------------------------------------------------------------------

check COM velocity, temp:        0.000000     0.00(Removed)

 NSTEP =    34000   TIME(PS) =     544.050  TEMP(K) =   299.15  PRESS =     0.0
 Etot   =    -57753.4399  EKtot   =     14010.5192  EPtot      =    -71763.9591
 BOND   =       437.0811  ANGLE   =      1235.0664  DIHED      =       964.9837
 1-4 NB =       556.5777  1-4 EEL =      6661.8423  VDWAALS    =      8284.0984
 EELEC  =    -89903.6087  EHBOND  =         0.0000  RESTRAINT  =         0.0000
 Ewald error estimate:   0.5843E-05
 ------------------------------------------------------------------------------


 NSTEP =    34100   TIME(PS) =     544.150  TEMP(K) =   297.55  PRESS =     0.0
 Etot   =    -57752.6569  EKtot   =     13935.4671  EPtot      =    -71688.1240
 BOND   =       458.1687  ANGLE   =      1190.5265  DIHED      =       965.4850
 1-4 NB =       544.9344  1-4 EEL =      6678.5523  VDWAALS    =      8422.5790
 EELEC  =    -89948.3700  EHBOND  =         0.0000  RESTRAINT  =         0.0000
 Ewald error estimate:   0.1453E-03
 ------------------------------------------------------------------------------


 NSTEP =    34200   TIME(PS) =     544.250  TEMP(K) =   296.89  PRESS =     0.0
 Etot   =    -57752.3332  EKtot   =     13904.7790  EPtot      =    -71657.1123
 BOND   =       457.8895  ANGLE   =      1286.6425  DIHED      =       966.3249
 1-4 NB =       548.6863  1-4 EEL =      6665.3417  VDWAALS    =      8299.4282
 EELEC  =    -89881.4254  EHBOND  =         0.0000  RESTRAINT  =         0.0000
 Ewald error estimate:   0.3272E-04
 ------------------------------------------------------------------------------


 NSTEP =    34300   TIME(PS) =     544.350  TEMP(K) =   298.80  PRESS =     0.0
 Etot   =    -57753.4181  EKtot   =     13993.9816  EPtot      =    -71747.3997
 BOND   =       451.7990  ANGLE   =      1208.0808  DIHED      =       979.5172
 1-4 NB =       552.1478  1-4 EEL =      6689.5475  VDWAALS    =      8139.6960
 EELEC  =    -89768.1880  EHBOND  =         0.0000  RESTRAINT  =         0.0000
 Ewald error estimate:   0.8735E-05
 ------------------------------------------------------------------------------


 NSTEP =    34400   TIME(PS) =     544.450  TEMP(K) =   300.25  PRESS =     0.0
 Etot   =    -57752.2241  EKtot   =     14061.9408  EPtot      =    -71814.1650
 BOND   =       440.4885  ANGLE   =      1238.2760  DIHED      =      1000.9694
 1-4 NB =       556.2179  1-4 EEL =      6655.9446  VDWAALS    =      8297.8689
 EELEC  =    -90003.9303  EHBOND  =         0.0000  RESTRAINT  =         0.0000
 Ewald error estimate:   0.6756E-05
 ------------------------------------------------------------------------------


 NSTEP =    34500   TIME(PS) =     544.550  TEMP(K) =   299.06  PRESS =     0.0
 Etot   =    -57752.1192  EKtot   =     14006.4317  EPtot      =    -71758.5509
 BOND   =       471.9066  ANGLE   =      1218.4407  DIHED      =       993.0097
 1-4 NB =       539.0467  1-4 EEL =      6640.3738  VDWAALS    =      8254.1640
 EELEC  =    -89875.4924  EHBOND  =         0.0000  RESTRAINT  =         0.0000
 Ewald error estimate:   0.5832E-04
 ------------------------------------------------------------------------------


 NSTEP =    34600   TIME(PS) =     544.650  TEMP(K) =   294.87  PRESS =     0.0
 Etot   =    -57751.1182  EKtot   =     13809.9009  EPtot      =    -71561.0192
 BOND   =       421.3722  ANGLE   =      1244.4145  DIHED      =       979.5957
 1-4 NB =       554.4622  1-4 EEL =      6729.3442  VDWAALS    =      8322.9931
 EELEC  =    -89813.2010  EHBOND  =         0.0000  RESTRAINT  =         0.0000
 Ewald error estimate:   0.6788E-04
 ------------------------------------------------------------------------------


 NSTEP =    34700   TIME(PS) =     544.750  TEMP(K) =   297.66  PRESS =     0.0
 Etot   =    -57751.3821  EKtot   =     13940.7793  EPtot      =    -71692.1614
 BOND   =       445.3011  ANGLE   =      1218.1182  DIHED      =      1008.8526
 1-4 NB =       548.9772  1-4 EEL =      6713.2368  VDWAALS    =      8132.6050
 EELEC  =    -89759.2524  EHBOND  =         0.0000  RESTRAINT  =         0.0000
 Ewald error estimate:   0.8490E-06
 ------------------------------------------------------------------------------


 NSTEP =    34800   TIME(PS) =     544.850  TEMP(K) =   298.28  PRESS =     0.0
 Etot   =    -57751.7223  EKtot   =     13969.8548  EPtot      =    -71721.5770
 BOND   =       451.7038  ANGLE   =      1245.2845  DIHED      =       989.7934
 1-4 NB =       541.5759  1-4 EEL =      6711.7007  VDWAALS    =      8122.2755
 EELEC  =    -89783.9107  EHBOND  =         0.0000  RESTRAINT  =         0.0000
 Ewald error estimate:   0.4113E-04
 ------------------------------------------------------------------------------


 NSTEP =    34900   TIME(PS) =     544.950  TEMP(K) =   298.40  PRESS =     0.0
 Etot   =    -57752.5095  EKtot   =     13975.4772  EPtot      =    -71727.9867
 BOND   =       458.9530  ANGLE   =      1226.5046  DIHED      =       994.5237
 1-4 NB =       575.5762  1-4 EEL =      6710.5050  VDWAALS    =      8434.5863
 EELEC  =    -90128.6356  EHBOND  =         0.0000  RESTRAINT  =         0.0000
 Ewald error estimate:   0.2206E-04
 ------------------------------------------------------------------------------

check COM velocity, temp:        0.000000     0.00(Removed)

 NSTEP =    35000   TIME(PS) =     545.050  TEMP(K) =   297.45  PRESS =     0.0
 Etot   =    -57752.2437  EKtot   =     13931.0312  EPtot      =    -71683.2749
 BOND   =       468.2252  ANGLE   =      1227.9912  DIHED      =       986.6206
 1-4 NB =       553.8720  1-4 EEL =      6710.7072  VDWAALS    =      7997.6940
 EELEC  =    -89628.3852  EHBOND  =         0.0000  RESTRAINT  =         0.0000
 Ewald error estimate:   0.2402E-04
 ------------------------------------------------------------------------------


 NSTEP =    35100   TIME(PS) =     545.150  TEMP(K) =   298.02  PRESS =     0.0
 Etot   =    -57753.3134  EKtot   =     13957.6416  EPtot      =    -71710.9550
 BOND   =       447.2765  ANGLE   =      1279.3556  DIHED      =       973.8550
 1-4 NB =       557.5327  1-4 EEL =      6700.2088  VDWAALS    =      8300.5207
 EELEC  =    -89969.7043  EHBOND  =         0.0000  RESTRAINT  =         0.0000
 Ewald error estimate:   0.1302E-05
 ------------------------------------------------------------------------------


 NSTEP =    35200   TIME(PS) =     545.250  TEMP(K) =   298.00  PRESS =     0.0
 Etot   =    -57752.6190  EKtot   =     13956.7489  EPtot      =    -71709.3679
 BOND   =       451.7439  ANGLE   =      1236.2788  DIHED      =       977.7695
 1-4 NB =       558.9469  1-4 EEL =      6737.3330  VDWAALS    =      8466.0177
 EELEC  =    -90137.4577  EHBOND  =         0.0000  RESTRAINT  =         0.0000
 Ewald error estimate:   0.3645E-04
 ------------------------------------------------------------------------------


 NSTEP =    35300   TIME(PS) =     545.350  TEMP(K) =   298.30  PRESS =     0.0
 Etot   =    -57752.8901  EKtot   =     13970.6495  EPtot      =    -71723.5396
 BOND   =       444.8118  ANGLE   =      1214.8370  DIHED      =       979.5500
 1-4 NB =       556.6696  1-4 EEL =      6672.7611  VDWAALS    =      8207.7339
 EELEC  =    -89799.9030  EHBOND  =         0.0000  RESTRAINT  =         0.0000
 Ewald error estimate:   0.2674E-04
 ------------------------------------------------------------------------------


 NSTEP =    35400   TIME(PS) =     545.450  TEMP(K) =   298.15  PRESS =     0.0
 Etot   =    -57752.7192  EKtot   =     13963.7634  EPtot      =    -71716.4826
 BOND   =       478.0895  ANGLE   =      1236.2413  DIHED      =       986.7600
 1-4 NB =       542.6103  1-4 EEL =      6666.9645  VDWAALS    =      8055.4609
 EELEC  =    -89682.6091  EHBOND  =         0.0000  RESTRAINT  =         0.0000
 Ewald error estimate:   0.3068E-04
 ------------------------------------------------------------------------------


 NSTEP =    35500   TIME(PS) =     545.550  TEMP(K) =   296.13  PRESS =     0.0
 Etot   =    -57751.8982  EKtot   =     13868.8906  EPtot      =    -71620.7888
 BOND   =       452.1802  ANGLE   =      1261.8981  DIHED      =       983.4193
 1-4 NB =       545.8607  1-4 EEL =      6713.3452  VDWAALS    =      8130.4995
 EELEC  =    -89707.9918  EHBOND  =         0.0000  RESTRAINT  =         0.0000
 Ewald error estimate:   0.1809E-04
 ------------------------------------------------------------------------------


 NSTEP =    35600   TIME(PS) =     545.650  TEMP(K) =   295.73  PRESS =     0.0
 Etot   =    -57752.3599  EKtot   =     13850.4734  EPtot      =    -71602.8333
 BOND   =       485.7717  ANGLE   =      1245.0148  DIHED      =       975.8944
 1-4 NB =       557.0710  1-4 EEL =      6694.6687  VDWAALS    =      8132.0590
 EELEC  =    -89693.3128  EHBOND  =         0.0000  RESTRAINT  =         0.0000
 Ewald error estimate:   0.2013E-04
 ------------------------------------------------------------------------------


 NSTEP =    35700   TIME(PS) =     545.750  TEMP(K) =   296.37  PRESS =     0.0
 Etot   =    -57752.8162  EKtot   =     13880.0176  EPtot      =    -71632.8338
 BOND   =       479.7005  ANGLE   =      1250.5102  DIHED      =       978.1754
 1-4 NB =       544.4181  1-4 EEL =      6664.4545  VDWAALS    =      8183.0671
 EELEC  =    -89733.1597  EHBOND  =         0.0000  RESTRAINT  =         0.0000
 Ewald error estimate:   0.5325E-04
 ------------------------------------------------------------------------------


 NSTEP =    35800   TIME(PS) =     545.850  TEMP(K) =   296.02  PRESS =     0.0
 Etot   =    -57752.0978  EKtot   =     13863.6826  EPtot      =    -71615.7804
 BOND   =       447.3762  ANGLE   =      1229.2991  DIHED      =       990.2676
 1-4 NB =       551.5756  1-4 EEL =      6681.7375  VDWAALS    =      8145.6703
 EELEC  =    -89661.7067  EHBOND  =         0.0000  RESTRAINT  =         0.0000
 Ewald error estimate:   0.3621E-04
 ------------------------------------------------------------------------------


 NSTEP =    35900   TIME(PS) =     545.950  TEMP(K) =   294.58  PRESS =     0.0
 Etot   =    -57751.1785  EKtot   =     13796.1758  EPtot      =    -71547.3542
 BOND   =       448.6817  ANGLE   =      1261.9644  DIHED      =      1000.1563
 1-4 NB =       563.0392  1-4 EEL =      6716.7055  VDWAALS    =      8078.0402
 EELEC  =    -89615.9417  EHBOND  =         0.0000  RESTRAINT  =         0.0000
 Ewald error estimate:   0.4721E-04
 ------------------------------------------------------------------------------

check COM velocity, temp:        0.000000     0.00(Removed)

 NSTEP =    36000   TIME(PS) =     546.050  TEMP(K) =   293.05  PRESS =     0.0
 Etot   =    -57751.3651  EKtot   =     13724.8599  EPtot      =    -71476.2249
 BOND   =       481.4003  ANGLE   =      1244.7725  DIHED      =       989.5463
 1-4 NB =       559.6860  1-4 EEL =      6690.4581  VDWAALS    =      8005.7754
 EELEC  =    -89447.8634  EHBOND  =         0.0000  RESTRAINT  =         0.0000
 Ewald error estimate:   0.1514E-04
 ------------------------------------------------------------------------------


 NSTEP =    36100   TIME(PS) =     546.150  TEMP(K) =   297.64  PRESS =     0.0
 Etot   =    -57751.7003  EKtot   =     13939.5932  EPtot      =    -71691.2935
 BOND   =       450.3525  ANGLE   =      1256.3627  DIHED      =       976.9142
 1-4 NB =       558.3825  1-4 EEL =      6685.3013  VDWAALS    =      8105.8759
 EELEC  =    -89724.4826  EHBOND  =         0.0000  RESTRAINT  =         0.0000
 Ewald error estimate:   0.1364E-03
 ------------------------------------------------------------------------------


 NSTEP =    36200   TIME(PS) =     546.250  TEMP(K) =   296.28  PRESS =     0.0
 Etot   =    -57751.1749  EKtot   =     13875.8906  EPtot      =    -71627.0655
 BOND   =       451.3884  ANGLE   =      1199.0629  DIHED      =      1000.4653
 1-4 NB =       561.3721  1-4 EEL =      6709.4300  VDWAALS    =      8274.2400
 EELEC  =    -89823.0243  EHBOND  =         0.0000  RESTRAINT  =         0.0000
 Ewald error estimate:   0.1446E-03
 ------------------------------------------------------------------------------


 NSTEP =    36300   TIME(PS) =     546.350  TEMP(K) =   297.92  PRESS =     0.0
 Etot   =    -57752.5659  EKtot   =     13952.8688  EPtot      =    -71705.4347
 BOND   =       471.4453  ANGLE   =      1225.9547  DIHED      =       994.2707
 1-4 NB =       552.2754  1-4 EEL =      6683.2536  VDWAALS    =      8267.6155
 EELEC  =    -89900.2499  EHBOND  =         0.0000  RESTRAINT  =         0.0000
 Ewald error estimate:   0.6353E-05
 ------------------------------------------------------------------------------


 NSTEP =    36400   TIME(PS) =     546.450  TEMP(K) =   296.26  PRESS =     0.0
 Etot   =    -57752.2485  EKtot   =     13875.1435  EPtot      =    -71627.3920
 BOND   =       447.1009  ANGLE   =      1249.7572  DIHED      =       995.7303
 1-4 NB =       551.3104  1-4 EEL =      6691.1864  VDWAALS    =      8249.7886
 EELEC  =    -89812.2659  EHBOND  =         0.0000  RESTRAINT  =         0.0000
 Ewald error estimate:   0.3560E-04
 ------------------------------------------------------------------------------


 NSTEP =    36500   TIME(PS) =     546.550  TEMP(K) =   297.98  PRESS =     0.0
 Etot   =    -57752.3377  EKtot   =     13955.5553  EPtot      =    -71707.8930
 BOND   =       447.5823  ANGLE   =      1264.1935  DIHED      =      1003.4994
 1-4 NB =       556.3508  1-4 EEL =      6617.6132  VDWAALS    =      8129.1953
 EELEC  =    -89726.3275  EHBOND  =         0.0000  RESTRAINT  =         0.0000
 Ewald error estimate:   0.5839E-04
 ------------------------------------------------------------------------------


 NSTEP =    36600   TIME(PS) =     546.650  TEMP(K) =   297.66  PRESS =     0.0
 Etot   =    -57751.9546  EKtot   =     13940.4975  EPtot      =    -71692.4521
 BOND   =       442.0619  ANGLE   =      1225.9927  DIHED      =      1002.9949
 1-4 NB =       535.4817  1-4 EEL =      6651.0096  VDWAALS    =      8149.8921
 EELEC  =    -89699.8850  EHBOND  =         0.0000  RESTRAINT  =         0.0000
 Ewald error estimate:   0.8707E-04
 ------------------------------------------------------------------------------


 NSTEP =    36700   TIME(PS) =     546.750  TEMP(K) =   297.27  PRESS =     0.0
 Etot   =    -57751.2877  EKtot   =     13922.1949  EPtot      =    -71673.4826
 BOND   =       465.8367  ANGLE   =      1247.7825  DIHED      =       993.2932
 1-4 NB =       549.8184  1-4 EEL =      6661.3355  VDWAALS    =      8368.2882
 EELEC  =    -89959.8370  EHBOND  =         0.0000  RESTRAINT  =         0.0000
 Ewald error estimate:   0.7405E-04
 ------------------------------------------------------------------------------


 NSTEP =    36800   TIME(PS) =     546.850  TEMP(K) =   296.46  PRESS =     0.0
 Etot   =    -57751.2228  EKtot   =     13884.3233  EPtot      =    -71635.5462
 BOND   =       465.8552  ANGLE   =      1261.8920  DIHED      =       981.8949
 1-4 NB =       545.0854  1-4 EEL =      6668.8955  VDWAALS    =      8259.3930
 EELEC  =    -89818.5622  EHBOND  =         0.0000  RESTRAINT  =         0.0000
 Ewald error estimate:   0.1077E-03
 ------------------------------------------------------------------------------


 NSTEP =    36900   TIME(PS) =     546.950  TEMP(K) =   300.67  PRESS =     0.0
 Etot   =    -57753.2684  EKtot   =     14081.5110  EPtot      =    -71834.7794
 BOND   =       428.7719  ANGLE   =      1209.6667  DIHED      =       972.0385
 1-4 NB =       567.9884  1-4 EEL =      6707.4232  VDWAALS    =      8176.8849
 EELEC  =    -89897.5530  EHBOND  =         0.0000  RESTRAINT  =         0.0000
 Ewald error estimate:   0.2585E-04
 ------------------------------------------------------------------------------

check COM velocity, temp:        0.000000     0.00(Removed)

 NSTEP =    37000   TIME(PS) =     547.050  TEMP(K) =   295.83  PRESS =     0.0
 Etot   =    -57751.9201  EKtot   =     13855.0423  EPtot      =    -71606.9624
 BOND   =       468.1489  ANGLE   =      1267.0985  DIHED      =       988.1074
 1-4 NB =       536.7686  1-4 EEL =      6706.7569  VDWAALS    =      8059.8449
 EELEC  =    -89633.6876  EHBOND  =         0.0000  RESTRAINT  =         0.0000
 Ewald error estimate:   0.7773E-04
 ------------------------------------------------------------------------------


 NSTEP =    37100   TIME(PS) =     547.150  TEMP(K) =   297.09  PRESS =     0.0
 Etot   =    -57752.7858  EKtot   =     13913.8830  EPtot      =    -71666.6688
 BOND   =       464.2329  ANGLE   =      1217.6516  DIHED      =       979.9875
 1-4 NB =       562.7066  1-4 EEL =      6702.1502  VDWAALS    =      8380.1608
 EELEC  =    -89973.5585  EHBOND  =         0.0000  RESTRAINT  =         0.0000
 Ewald error estimate:   0.4040E-04
 ------------------------------------------------------------------------------


 NSTEP =    37200   TIME(PS) =     547.250  TEMP(K) =   299.94  PRESS =     0.0
 Etot   =    -57752.8725  EKtot   =     14047.5797  EPtot      =    -71800.4522
 BOND   =       472.9254  ANGLE   =      1191.1474  DIHED      =      1001.4276
 1-4 NB =       560.1542  1-4 EEL =      6744.7671  VDWAALS    =      8202.6062
 EELEC  =    -89973.4800  EHBOND  =         0.0000  RESTRAINT  =         0.0000
 Ewald error estimate:   0.6705E-05
 ------------------------------------------------------------------------------


 NSTEP =    37300   TIME(PS) =     547.350  TEMP(K) =   296.50  PRESS =     0.0
 Etot   =    -57752.7050  EKtot   =     13886.0967  EPtot      =    -71638.8018
 BOND   =       465.1104  ANGLE   =      1192.2736  DIHED      =      1020.9750
 1-4 NB =       543.3027  1-4 EEL =      6684.5595  VDWAALS    =      8341.9983
 EELEC  =    -89887.0212  EHBOND  =         0.0000  RESTRAINT  =         0.0000
 Ewald error estimate:   0.4044E-04
 ------------------------------------------------------------------------------


 NSTEP =    37400   TIME(PS) =     547.450  TEMP(K) =   298.65  PRESS =     0.0
 Etot   =    -57753.2823  EKtot   =     13986.9821  EPtot      =    -71740.2643
 BOND   =       467.4866  ANGLE   =      1238.5262  DIHED      =       984.2487
 1-4 NB =       552.2485  1-4 EEL =      6642.2097  VDWAALS    =      8334.8830
 EELEC  =    -89959.8669  EHBOND  =         0.0000  RESTRAINT  =         0.0000
 Ewald error estimate:   0.6591E-04
 ------------------------------------------------------------------------------


 NSTEP =    37500   TIME(PS) =     547.550  TEMP(K) =   298.17  PRESS =     0.0
 Etot   =    -57752.8472  EKtot   =     13964.3047  EPtot      =    -71717.1520
 BOND   =       448.0390  ANGLE   =      1258.3306  DIHED      =       999.0518
 1-4 NB =       548.0171  1-4 EEL =      6704.4584  VDWAALS    =      8321.2446
 EELEC  =    -89996.2936  EHBOND  =         0.0000  RESTRAINT  =         0.0000
 Ewald error estimate:   0.1067E-03
 ------------------------------------------------------------------------------


 NSTEP =    37600   TIME(PS) =     547.650  TEMP(K) =   297.46  PRESS =     0.0
 Etot   =    -57753.3042  EKtot   =     13931.1678  EPtot      =    -71684.4720
 BOND   =       471.1752  ANGLE   =      1242.4243  DIHED      =       960.5354
 1-4 NB =       525.4091  1-4 EEL =      6630.4439  VDWAALS    =      8183.5135
 EELEC  =    -89697.9733  EHBOND  =         0.0000  RESTRAINT  =         0.0000
 Ewald error estimate:   0.2278E-04
 ------------------------------------------------------------------------------


 NSTEP =    37700   TIME(PS) =     547.750  TEMP(K) =   297.36  PRESS =     0.0
 Etot   =    -57753.2183  EKtot   =     13926.7531  EPtot      =    -71679.9714
 BOND   =       476.2925  ANGLE   =      1215.3476  DIHED      =       974.1983
 1-4 NB =       560.2102  1-4 EEL =      6670.7382  VDWAALS    =      8076.9030
 EELEC  =    -89653.6612  EHBOND  =         0.0000  RESTRAINT  =         0.0000
 Ewald error estimate:   0.2517E-04
 ------------------------------------------------------------------------------


 NSTEP =    37800   TIME(PS) =     547.850  TEMP(K) =   295.18  PRESS =     0.0
 Etot   =    -57752.7688  EKtot   =     13824.3044  EPtot      =    -71577.0732
 BOND   =       441.9290  ANGLE   =      1271.6367  DIHED      =       986.5519
 1-4 NB =       542.2510  1-4 EEL =      6709.0507  VDWAALS    =      8162.4570
 EELEC  =    -89690.9495  EHBOND  =         0.0000  RESTRAINT  =         0.0000
 Ewald error estimate:   0.6918E-04
 ------------------------------------------------------------------------------


 NSTEP =    37900   TIME(PS) =     547.950  TEMP(K) =   298.61  PRESS =     0.0
 Etot   =    -57752.9562  EKtot   =     13984.9412  EPtot      =    -71737.8975
 BOND   =       468.1421  ANGLE   =      1223.6452  DIHED      =       974.0798
 1-4 NB =       544.7741  1-4 EEL =      6697.7095  VDWAALS    =      8130.2887
 EELEC  =    -89776.5368  EHBOND  =         0.0000  RESTRAINT  =         0.0000
 Ewald error estimate:   0.4801E-04
 ------------------------------------------------------------------------------

check COM velocity, temp:        0.000000     0.00(Removed)

 NSTEP =    38000   TIME(PS) =     548.050  TEMP(K) =   298.22  PRESS =     0.0
 Etot   =    -57753.1936  EKtot   =     13966.8319  EPtot      =    -71720.0254
 BOND   =       495.9129  ANGLE   =      1190.0796  DIHED      =       990.1409
 1-4 NB =       546.9698  1-4 EEL =      6682.2663  VDWAALS    =      8219.1535
 EELEC  =    -89844.5484  EHBOND  =         0.0000  RESTRAINT  =         0.0000
 Ewald error estimate:   0.7129E-04
 ------------------------------------------------------------------------------


 NSTEP =    38100   TIME(PS) =     548.150  TEMP(K) =   296.72  PRESS =     0.0
 Etot   =    -57753.1192  EKtot   =     13896.7670  EPtot      =    -71649.8862
 BOND   =       494.4290  ANGLE   =      1276.1160  DIHED      =      1000.6391
 1-4 NB =       522.0236  1-4 EEL =      6674.9078  VDWAALS    =      8165.6588
 EELEC  =    -89783.6606  EHBOND  =         0.0000  RESTRAINT  =         0.0000
 Ewald error estimate:   0.1589E-04
 ------------------------------------------------------------------------------


 NSTEP =    38200   TIME(PS) =     548.250  TEMP(K) =   298.90  PRESS =     0.0
 Etot   =    -57753.7828  EKtot   =     13998.5894  EPtot      =    -71752.3721
 BOND   =       487.0505  ANGLE   =      1221.5820  DIHED      =      1003.0894
 1-4 NB =       545.0834  1-4 EEL =      6606.6043  VDWAALS    =      8283.4369
 EELEC  =    -89899.2185  EHBOND  =         0.0000  RESTRAINT  =         0.0000
 Ewald error estimate:   0.3316E-04
 ------------------------------------------------------------------------------


 NSTEP =    38300   TIME(PS) =     548.350  TEMP(K) =   296.61  PRESS =     0.0
 Etot   =    -57753.4392  EKtot   =     13891.3999  EPtot      =    -71644.8392
 BOND   =       455.9604  ANGLE   =      1233.0162  DIHED      =       986.4459
 1-4 NB =       560.2053  1-4 EEL =      6637.6928  VDWAALS    =      8044.8368
 EELEC  =    -89562.9965  EHBOND  =         0.0000  RESTRAINT  =         0.0000
 Ewald error estimate:   0.1080E-03
 ------------------------------------------------------------------------------


 NSTEP =    38400   TIME(PS) =     548.450  TEMP(K) =   297.79  PRESS =     0.0
 Etot   =    -57753.6076  EKtot   =     13946.6715  EPtot      =    -71700.2791
 BOND   =       472.0603  ANGLE   =      1235.7532  DIHED      =       989.5736
 1-4 NB =       551.8534  1-4 EEL =      6703.2224  VDWAALS    =      8198.1689
 EELEC  =    -89850.9109  EHBOND  =         0.0000  RESTRAINT  =         0.0000
 Ewald error estimate:   0.1245E-03
 ------------------------------------------------------------------------------


 NSTEP =    38500   TIME(PS) =     548.550  TEMP(K) =   296.95  PRESS =     0.0
 Etot   =    -57753.8616  EKtot   =     13907.2980  EPtot      =    -71661.1596
 BOND   =       487.5097  ANGLE   =      1218.1117  DIHED      =       985.6427
 1-4 NB =       540.8781  1-4 EEL =      6703.0338  VDWAALS    =      8147.0114
 EELEC  =    -89743.3470  EHBOND  =         0.0000  RESTRAINT  =         0.0000
 Ewald error estimate:   0.5547E-04
 ------------------------------------------------------------------------------


 NSTEP =    38600   TIME(PS) =     548.650  TEMP(K) =   295.06  PRESS =     0.0
 Etot   =    -57753.9908  EKtot   =     13818.7876  EPtot      =    -71572.7784
 BOND   =       472.3283  ANGLE   =      1277.3816  DIHED      =       959.4669
 1-4 NB =       552.3711  1-4 EEL =      6671.9649  VDWAALS    =      8098.4293
 EELEC  =    -89604.7206  EHBOND  =         0.0000  RESTRAINT  =         0.0000
 Ewald error estimate:   0.3630E-04
 ------------------------------------------------------------------------------


 NSTEP =    38700   TIME(PS) =     548.750  TEMP(K) =   295.95  PRESS =     0.0
 Etot   =    -57752.7809  EKtot   =     13860.5057  EPtot      =    -71613.2866
 BOND   =       478.3902  ANGLE   =      1258.7693  DIHED      =       975.2895
 1-4 NB =       543.6824  1-4 EEL =      6693.2707  VDWAALS    =      8064.6968
 EELEC  =    -89627.3855  EHBOND  =         0.0000  RESTRAINT  =         0.0000
 Ewald error estimate:   0.8213E-04
 ------------------------------------------------------------------------------


 NSTEP =    38800   TIME(PS) =     548.850  TEMP(K) =   297.61  PRESS =     0.0
 Etot   =    -57752.8879  EKtot   =     13938.4462  EPtot      =    -71691.3341
 BOND   =       469.9849  ANGLE   =      1279.2602  DIHED      =       948.3220
 1-4 NB =       547.6835  1-4 EEL =      6650.4715  VDWAALS    =      8185.9209
 EELEC  =    -89772.9770  EHBOND  =         0.0000  RESTRAINT  =         0.0000
 Ewald error estimate:   0.3361E-04
 ------------------------------------------------------------------------------


 NSTEP =    38900   TIME(PS) =     548.950  TEMP(K) =   299.01  PRESS =     0.0
 Etot   =    -57753.3058  EKtot   =     14004.0624  EPtot      =    -71757.3682
 BOND   =       455.5962  ANGLE   =      1246.1576  DIHED      =       943.8456
 1-4 NB =       543.7826  1-4 EEL =      6680.1415  VDWAALS    =      8315.0251
 EELEC  =    -89941.9170  EHBOND  =         0.0000  RESTRAINT  =         0.0000
 Ewald error estimate:   0.9273E-04
 ------------------------------------------------------------------------------

check COM velocity, temp:        0.000000     0.00(Removed)

 NSTEP =    39000   TIME(PS) =     549.050  TEMP(K) =   297.55  PRESS =     0.0
 Etot   =    -57752.0881  EKtot   =     13935.3828  EPtot      =    -71687.4709
 BOND   =       493.2726  ANGLE   =      1292.4335  DIHED      =       955.6332
 1-4 NB =       536.9439  1-4 EEL =      6685.1876  VDWAALS    =      8200.3264
 EELEC  =    -89851.2682  EHBOND  =         0.0000  RESTRAINT  =         0.0000
 Ewald error estimate:   0.1191E-03
 ------------------------------------------------------------------------------


 NSTEP =    39100   TIME(PS) =     549.150  TEMP(K) =   295.71  PRESS =     0.0
 Etot   =    -57752.7084  EKtot   =     13849.4614  EPtot      =    -71602.1698
 BOND   =       479.2517  ANGLE   =      1276.9175  DIHED      =       959.4427
 1-4 NB =       525.7387  1-4 EEL =      6709.0361  VDWAALS    =      8284.4871
 EELEC  =    -89837.0437  EHBOND  =         0.0000  RESTRAINT  =         0.0000
 Ewald error estimate:   0.5174E-04
 ------------------------------------------------------------------------------


 NSTEP =    39200   TIME(PS) =     549.250  TEMP(K) =   296.28  PRESS =     0.0
 Etot   =    -57753.0999  EKtot   =     13876.2184  EPtot      =    -71629.3182
 BOND   =       434.8250  ANGLE   =      1238.9001  DIHED      =       971.9984
 1-4 NB =       566.7023  1-4 EEL =      6742.9843  VDWAALS    =      8053.5947
 EELEC  =    -89638.3230  EHBOND  =         0.0000  RESTRAINT  =         0.0000
 Ewald error estimate:   0.5071E-04
 ------------------------------------------------------------------------------


 NSTEP =    39300   TIME(PS) =     549.350  TEMP(K) =   298.42  PRESS =     0.0
 Etot   =    -57753.6020  EKtot   =     13976.3841  EPtot      =    -71729.9861
 BOND   =       464.3602  ANGLE   =      1270.6782  DIHED      =       960.5824
 1-4 NB =       538.0608  1-4 EEL =      6710.2285  VDWAALS    =      8316.5774
 EELEC  =    -89990.4736  EHBOND  =         0.0000  RESTRAINT  =         0.0000
 Ewald error estimate:   0.7735E-04
 ------------------------------------------------------------------------------


 NSTEP =    39400   TIME(PS) =     549.450  TEMP(K) =   295.71  PRESS =     0.0
 Etot   =    -57753.8640  EKtot   =     13849.4358  EPtot      =    -71603.2998
 BOND   =       479.7099  ANGLE   =      1225.0542  DIHED      =       983.4619
 1-4 NB =       533.5399  1-4 EEL =      6680.2097  VDWAALS    =      8012.3835
 EELEC  =    -89517.6590  EHBOND  =         0.0000  RESTRAINT  =         0.0000
 Ewald error estimate:   0.1239E-03
 ------------------------------------------------------------------------------


 NSTEP =    39500   TIME(PS) =     549.550  TEMP(K) =   296.96  PRESS =     0.0
 Etot   =    -57754.5789  EKtot   =     13907.7850  EPtot      =    -71662.3639
 BOND   =       440.4376  ANGLE   =      1212.4583  DIHED      =       965.9405
 1-4 NB =       557.4926  1-4 EEL =      6679.6434  VDWAALS    =      8189.4491
 EELEC  =    -89707.7854  EHBOND  =         0.0000  RESTRAINT  =         0.0000
 Ewald error estimate:   0.4402E-04
 ------------------------------------------------------------------------------


 NSTEP =    39600   TIME(PS) =     549.650  TEMP(K) =   299.62  PRESS =     0.0
 Etot   =    -57754.8566  EKtot   =     14032.6081  EPtot      =    -71787.4647
 BOND   =       470.6449  ANGLE   =      1259.8306  DIHED      =       935.3090
 1-4 NB =       539.8006  1-4 EEL =      6633.1528  VDWAALS    =      8248.3561
 EELEC  =    -89874.5587  EHBOND  =         0.0000  RESTRAINT  =         0.0000
 Ewald error estimate:   0.1375E-03
 ------------------------------------------------------------------------------


 NSTEP =    39700   TIME(PS) =     549.750  TEMP(K) =   299.40  PRESS =     0.0
 Etot   =    -57755.2303  EKtot   =     14022.0275  EPtot      =    -71777.2578
 BOND   =       480.2882  ANGLE   =      1217.2362  DIHED      =       973.5475
 1-4 NB =       550.5424  1-4 EEL =      6639.2818  VDWAALS    =      8214.9209
 EELEC  =    -89853.0748  EHBOND  =         0.0000  RESTRAINT  =         0.0000
 Ewald error estimate:   0.8598E-04
 ------------------------------------------------------------------------------


 NSTEP =    39800   TIME(PS) =     549.850  TEMP(K) =   296.12  PRESS =     0.0
 Etot   =    -57753.9581  EKtot   =     13868.4266  EPtot      =    -71622.3847
 BOND   =       457.6994  ANGLE   =      1300.7810  DIHED      =       968.8579
 1-4 NB =       556.8378  1-4 EEL =      6678.5665  VDWAALS    =      8225.7546
 EELEC  =    -89810.8818  EHBOND  =         0.0000  RESTRAINT  =         0.0000
 Ewald error estimate:   0.4746E-04
 ------------------------------------------------------------------------------


 NSTEP =    39900   TIME(PS) =     549.950  TEMP(K) =   299.94  PRESS =     0.0
 Etot   =    -57753.5758  EKtot   =     14047.2168  EPtot      =    -71800.7926
 BOND   =       455.7918  ANGLE   =      1240.1244  DIHED      =       965.6361
 1-4 NB =       558.8949  1-4 EEL =      6729.4624  VDWAALS    =      8249.1726
 EELEC  =    -89999.8747  EHBOND  =         0.0000  RESTRAINT  =         0.0000
 Ewald error estimate:   0.5268E-04
 ------------------------------------------------------------------------------

check COM velocity, temp:        0.000000     0.00(Removed)

 NSTEP =    40000   TIME(PS) =     550.050  TEMP(K) =   299.17  PRESS =     0.0
 Etot   =    -57753.4932  EKtot   =     14011.5861  EPtot      =    -71765.0793
 BOND   =       463.0410  ANGLE   =      1281.1979  DIHED      =       978.7486
 1-4 NB =       545.1676  1-4 EEL =      6693.4092  VDWAALS    =      8169.8814
 EELEC  =    -89896.5249  EHBOND  =         0.0000  RESTRAINT  =         0.0000
 Ewald error estimate:   0.6767E-04
 ------------------------------------------------------------------------------


 NSTEP =    40100   TIME(PS) =     550.150  TEMP(K) =   299.63  PRESS =     0.0
 Etot   =    -57753.6977  EKtot   =     14033.0803  EPtot      =    -71786.7779
 BOND   =       464.0969  ANGLE   =      1264.1273  DIHED      =       957.5808
 1-4 NB =       548.3432  1-4 EEL =      6706.4868  VDWAALS    =      8418.5098
 EELEC  =    -90145.9227  EHBOND  =         0.0000  RESTRAINT  =         0.0000
 Ewald error estimate:   0.1202E-03
 ------------------------------------------------------------------------------


 NSTEP =    40200   TIME(PS) =     550.250  TEMP(K) =   294.87  PRESS =     0.0
 Etot   =    -57753.2218  EKtot   =     13809.7530  EPtot      =    -71562.9748
 BOND   =       457.5692  ANGLE   =      1257.0726  DIHED      =      1007.4868
 1-4 NB =       539.9466  1-4 EEL =      6681.1240  VDWAALS    =      8258.8691
 EELEC  =    -89765.0432  EHBOND  =         0.0000  RESTRAINT  =         0.0000
 Ewald error estimate:   0.7555E-04
 ------------------------------------------------------------------------------


 NSTEP =    40300   TIME(PS) =     550.350  TEMP(K) =   298.05  PRESS =     0.0
 Etot   =    -57753.6936  EKtot   =     13958.9175  EPtot      =    -71712.6111
 BOND   =       482.4383  ANGLE   =      1256.3800  DIHED      =       983.7783
 1-4 NB =       545.1078  1-4 EEL =      6676.4151  VDWAALS    =      8144.9764
 EELEC  =    -89801.7070  EHBOND  =         0.0000  RESTRAINT  =         0.0000
 Ewald error estimate:   0.2442E-05
 ------------------------------------------------------------------------------


 NSTEP =    40400   TIME(PS) =     550.450  TEMP(K) =   297.58  PRESS =     0.0
 Etot   =    -57753.1866  EKtot   =     13936.7573  EPtot      =    -71689.9439
 BOND   =       481.4705  ANGLE   =      1233.2364  DIHED      =       991.7637
 1-4 NB =       547.4627  1-4 EEL =      6666.1147  VDWAALS    =      8400.6752
 EELEC  =    -90010.6671  EHBOND  =         0.0000  RESTRAINT  =         0.0000
 Ewald error estimate:   0.6207E-05
 ------------------------------------------------------------------------------


 NSTEP =    40500   TIME(PS) =     550.550  TEMP(K) =   297.18  PRESS =     0.0
 Etot   =    -57752.6445  EKtot   =     13918.1742  EPtot      =    -71670.8187
 BOND   =       448.7729  ANGLE   =      1235.4651  DIHED      =       997.7283
 1-4 NB =       547.9558  1-4 EEL =      6703.7841  VDWAALS    =      8164.1980
 EELEC  =    -89768.7228  EHBOND  =         0.0000  RESTRAINT  =         0.0000
 Ewald error estimate:   0.6881E-04
 ------------------------------------------------------------------------------


 NSTEP =    40600   TIME(PS) =     550.650  TEMP(K) =   296.67  PRESS =     0.0
 Etot   =    -57752.2203  EKtot   =     13894.3866  EPtot      =    -71646.6068
 BOND   =       482.4765  ANGLE   =      1281.5779  DIHED      =       986.5199
 1-4 NB =       544.3306  1-4 EEL =      6701.5212  VDWAALS    =      8145.6104
 EELEC  =    -89788.6433  EHBOND  =         0.0000  RESTRAINT  =         0.0000
 Ewald error estimate:   0.2130E-05
 ------------------------------------------------------------------------------


 NSTEP =    40700   TIME(PS) =     550.750  TEMP(K) =   299.85  PRESS =     0.0
 Etot   =    -57752.6959  EKtot   =     14043.4486  EPtot      =    -71796.1445
 BOND   =       498.4915  ANGLE   =      1226.6294  DIHED      =       999.9840
 1-4 NB =       545.7782  1-4 EEL =      6683.6291  VDWAALS    =      8347.9278
 EELEC  =    -90098.5843  EHBOND  =         0.0000  RESTRAINT  =         0.0000
 Ewald error estimate:   0.7630E-05
 ------------------------------------------------------------------------------


 NSTEP =    40800   TIME(PS) =     550.850  TEMP(K) =   297.88  PRESS =     0.0
 Etot   =    -57752.5866  EKtot   =     13951.0552  EPtot      =    -71703.6417
 BOND   =       496.4671  ANGLE   =      1256.8496  DIHED      =       982.4477
 1-4 NB =       533.5602  1-4 EEL =      6633.8530  VDWAALS    =      8267.0727
 EELEC  =    -89873.8921  EHBOND  =         0.0000  RESTRAINT  =         0.0000
 Ewald error estimate:   0.1865E-04
 ------------------------------------------------------------------------------


 NSTEP =    40900   TIME(PS) =     550.950  TEMP(K) =   297.36  PRESS =     0.0
 Etot   =    -57751.2590  EKtot   =     13926.3910  EPtot      =    -71677.6500
 BOND   =       477.0829  ANGLE   =      1242.1611  DIHED      =       975.5590
 1-4 NB =       556.4626  1-4 EEL =      6697.6848  VDWAALS    =      8118.4269
 EELEC  =    -89745.0273  EHBOND  =         0.0000  RESTRAINT  =         0.0000
 Ewald error estimate:   0.7851E-04
 ------------------------------------------------------------------------------

check COM velocity, temp:        0.000000     0.00(Removed)

 NSTEP =    41000   TIME(PS) =     551.050  TEMP(K) =   299.32  PRESS =     0.0
 Etot   =    -57752.3089  EKtot   =     14018.3734  EPtot      =    -71770.6823
 BOND   =       443.2381  ANGLE   =      1282.4337  DIHED      =       983.0775
 1-4 NB =       541.8497  1-4 EEL =      6671.3774  VDWAALS    =      8170.4978
 EELEC  =    -89863.1565  EHBOND  =         0.0000  RESTRAINT  =         0.0000
 Ewald error estimate:   0.3696E-04
 ------------------------------------------------------------------------------


 NSTEP =    41100   TIME(PS) =     551.150  TEMP(K) =   297.27  PRESS =     0.0
 Etot   =    -57751.8925  EKtot   =     13922.4275  EPtot      =    -71674.3201
 BOND   =       454.6903  ANGLE   =      1244.3288  DIHED      =       967.2070
 1-4 NB =       554.7593  1-4 EEL =      6726.6637  VDWAALS    =      8161.4976
 EELEC  =    -89783.4668  EHBOND  =         0.0000  RESTRAINT  =         0.0000
 Ewald error estimate:   0.5242E-04
 ------------------------------------------------------------------------------


 NSTEP =    41200   TIME(PS) =     551.250  TEMP(K) =   298.10  PRESS =     0.0
 Etot   =    -57752.1738  EKtot   =     13961.4521  EPtot      =    -71713.6259
 BOND   =       486.4154  ANGLE   =      1232.8783  DIHED      =       965.6113
 1-4 NB =       548.1222  1-4 EEL =      6643.1097  VDWAALS    =      8266.8595
 EELEC  =    -89856.6223  EHBOND  =         0.0000  RESTRAINT  =         0.0000
 Ewald error estimate:   0.1213E-04
 ------------------------------------------------------------------------------


 NSTEP =    41300   TIME(PS) =     551.350  TEMP(K) =   296.74  PRESS =     0.0
 Etot   =    -57751.9362  EKtot   =     13897.6404  EPtot      =    -71649.5766
 BOND   =       475.9793  ANGLE   =      1270.0543  DIHED      =       999.3693
 1-4 NB =       542.6172  1-4 EEL =      6684.2998  VDWAALS    =      8261.3746
 EELEC  =    -89883.2711  EHBOND  =         0.0000  RESTRAINT  =         0.0000
 Ewald error estimate:   0.1838E-04
 ------------------------------------------------------------------------------


 NSTEP =    41400   TIME(PS) =     551.450  TEMP(K) =   298.54  PRESS =     0.0
 Etot   =    -57752.2952  EKtot   =     13981.8682  EPtot      =    -71734.1633
 BOND   =       498.5847  ANGLE   =      1260.9742  DIHED      =       978.3846
 1-4 NB =       548.1593  1-4 EEL =      6608.7264  VDWAALS    =      8131.7370
 EELEC  =    -89760.7295  EHBOND  =         0.0000  RESTRAINT  =         0.0000
 Ewald error estimate:   0.2544E-04
 ------------------------------------------------------------------------------


 NSTEP =    41500   TIME(PS) =     551.550  TEMP(K) =   298.24  PRESS =     0.0
 Etot   =    -57753.4822  EKtot   =     13967.6457  EPtot      =    -71721.1279
 BOND   =       455.0851  ANGLE   =      1260.2324  DIHED      =      1000.1591
 1-4 NB =       545.6463  1-4 EEL =      6679.8915  VDWAALS    =      8395.7100
 EELEC  =    -90057.8522  EHBOND  =         0.0000  RESTRAINT  =         0.0000
 Ewald error estimate:   0.9849E-04
 ------------------------------------------------------------------------------


 NSTEP =    41600   TIME(PS) =     551.650  TEMP(K) =   295.87  PRESS =     0.0
 Etot   =    -57753.2061  EKtot   =     13856.7456  EPtot      =    -71609.9517
 BOND   =       468.5644  ANGLE   =      1257.0610  DIHED      =      1009.8033
 1-4 NB =       569.5811  1-4 EEL =      6671.1805  VDWAALS    =      8183.8891
 EELEC  =    -89770.0311  EHBOND  =         0.0000  RESTRAINT  =         0.0000
 Ewald error estimate:   0.4427E-04
 ------------------------------------------------------------------------------


 NSTEP =    41700   TIME(PS) =     551.750  TEMP(K) =   298.89  PRESS =     0.0
 Etot   =    -57754.0920  EKtot   =     13998.1463  EPtot      =    -71752.2384
 BOND   =       480.0542  ANGLE   =      1256.7384  DIHED      =       971.1572
 1-4 NB =       563.7161  1-4 EEL =      6719.6009  VDWAALS    =      8136.1928
 EELEC  =    -89879.6979  EHBOND  =         0.0000  RESTRAINT  =         0.0000
 Ewald error estimate:   0.6768E-04
 ------------------------------------------------------------------------------


 NSTEP =    41800   TIME(PS) =     551.850  TEMP(K) =   299.41  PRESS =     0.0
 Etot   =    -57754.3392  EKtot   =     14022.5255  EPtot      =    -71776.8646
 BOND   =       496.3453  ANGLE   =      1238.5658  DIHED      =       994.7139
 1-4 NB =       534.5894  1-4 EEL =      6678.4086  VDWAALS    =      8071.3706
 EELEC  =    -89790.8584  EHBOND  =         0.0000  RESTRAINT  =         0.0000
 Ewald error estimate:   0.6623E-04
 ------------------------------------------------------------------------------


 NSTEP =    41900   TIME(PS) =     551.950  TEMP(K) =   298.91  PRESS =     0.0
 Etot   =    -57754.2590  EKtot   =     13999.3729  EPtot      =    -71753.6319
 BOND   =       468.3176  ANGLE   =      1228.5436  DIHED      =      1003.4397
 1-4 NB =       552.4405  1-4 EEL =      6699.9228  VDWAALS    =      8216.7184
 EELEC  =    -89923.0145  EHBOND  =         0.0000  RESTRAINT  =         0.0000
 Ewald error estimate:   0.4589E-04
 ------------------------------------------------------------------------------

check COM velocity, temp:        0.000000     0.00(Removed)

 NSTEP =    42000   TIME(PS) =     552.050  TEMP(K) =   297.94  PRESS =     0.0
 Etot   =    -57754.0635  EKtot   =     13953.7561  EPtot      =    -71707.8197
 BOND   =       460.0952  ANGLE   =      1274.6131  DIHED      =       987.7771
 1-4 NB =       551.3210  1-4 EEL =      6681.1837  VDWAALS    =      8264.2988
 EELEC  =    -89927.1085  EHBOND  =         0.0000  RESTRAINT  =         0.0000
 Ewald error estimate:   0.5913E-04
 ------------------------------------------------------------------------------


 NSTEP =    42100   TIME(PS) =     552.150  TEMP(K) =   298.33  PRESS =     0.0
 Etot   =    -57753.7124  EKtot   =     13971.8256  EPtot      =    -71725.5380
 BOND   =       476.4182  ANGLE   =      1239.2801  DIHED      =       991.6517
 1-4 NB =       561.6335  1-4 EEL =      6718.6387  VDWAALS    =      8279.9332
 EELEC  =    -89993.0934  EHBOND  =         0.0000  RESTRAINT  =         0.0000
 Ewald error estimate:   0.8004E-04
 ------------------------------------------------------------------------------


 NSTEP =    42200   TIME(PS) =     552.250  TEMP(K) =   301.00  PRESS =     0.0
 Etot   =    -57753.9682  EKtot   =     14097.2554  EPtot      =    -71851.2236
 BOND   =       498.7042  ANGLE   =      1227.9639  DIHED      =       985.0063
 1-4 NB =       533.9669  1-4 EEL =      6649.5073  VDWAALS    =      8178.2759
 EELEC  =    -89924.6481  EHBOND  =         0.0000  RESTRAINT  =         0.0000
 Ewald error estimate:   0.1262E-04
 ------------------------------------------------------------------------------


 NSTEP =    42300   TIME(PS) =     552.350  TEMP(K) =   299.83  PRESS =     0.0
 Etot   =    -57752.9591  EKtot   =     14042.3878  EPtot      =    -71795.3469
 BOND   =       449.6353  ANGLE   =      1282.9399  DIHED      =       993.8080
 1-4 NB =       546.9646  1-4 EEL =      6688.7526  VDWAALS    =      8345.3668
 EELEC  =    -90102.8141  EHBOND  =         0.0000  RESTRAINT  =         0.0000
 Ewald error estimate:   0.7843E-04
 ------------------------------------------------------------------------------


 NSTEP =    42400   TIME(PS) =     552.450  TEMP(K) =   299.57  PRESS =     0.0
 Etot   =    -57753.3668  EKtot   =     14029.9944  EPtot      =    -71783.3612
 BOND   =       483.6690  ANGLE   =      1252.1584  DIHED      =      1007.3109
 1-4 NB =       541.5285  1-4 EEL =      6672.6866  VDWAALS    =      8078.6311
 EELEC  =    -89819.3456  EHBOND  =         0.0000  RESTRAINT  =         0.0000
 Ewald error estimate:   0.1011E-03
 ------------------------------------------------------------------------------


 NSTEP =    42500   TIME(PS) =     552.550  TEMP(K) =   298.55  PRESS =     0.0
 Etot   =    -57753.9116  EKtot   =     13982.1312  EPtot      =    -71736.0428
 BOND   =       449.1135  ANGLE   =      1274.5039  DIHED      =       972.3706
 1-4 NB =       538.3849  1-4 EEL =      6701.1438  VDWAALS    =      7990.7753
 EELEC  =    -89662.3348  EHBOND  =         0.0000  RESTRAINT  =         0.0000
 Ewald error estimate:   0.2049E-04
 ------------------------------------------------------------------------------


 NSTEP =    42600   TIME(PS) =     552.650  TEMP(K) =   295.52  PRESS =     0.0
 Etot   =    -57753.4503  EKtot   =     13840.3358  EPtot      =    -71593.7862
 BOND   =       455.5253  ANGLE   =      1271.3342  DIHED      =       978.6612
 1-4 NB =       554.8722  1-4 EEL =      6720.1258  VDWAALS    =      8040.3996
 EELEC  =    -89614.7044  EHBOND  =         0.0000  RESTRAINT  =         0.0000
 Ewald error estimate:   0.6788E-06
 ------------------------------------------------------------------------------


 NSTEP =    42700   TIME(PS) =     552.750  TEMP(K) =   296.34  PRESS =     0.0
 Etot   =    -57753.1473  EKtot   =     13878.9445  EPtot      =    -71632.0918
 BOND   =       468.2753  ANGLE   =      1295.7879  DIHED      =       993.8935
 1-4 NB =       527.2181  1-4 EEL =      6673.8092  VDWAALS    =      8331.6201
 EELEC  =    -89922.6959  EHBOND  =         0.0000  RESTRAINT  =         0.0000
 Ewald error estimate:   0.3325E-05
 ------------------------------------------------------------------------------


 NSTEP =    42800   TIME(PS) =     552.850  TEMP(K) =   297.46  PRESS =     0.0
 Etot   =    -57753.4628  EKtot   =     13931.3624  EPtot      =    -71684.8252
 BOND   =       461.5435  ANGLE   =      1217.7907  DIHED      =      1001.1132
 1-4 NB =       557.1494  1-4 EEL =      6729.7103  VDWAALS    =      8158.3290
 EELEC  =    -89810.4613  EHBOND  =         0.0000  RESTRAINT  =         0.0000
 Ewald error estimate:   0.4186E-04
 ------------------------------------------------------------------------------


 NSTEP =    42900   TIME(PS) =     552.950  TEMP(K) =   297.83  PRESS =     0.0
 Etot   =    -57752.5741  EKtot   =     13948.4086  EPtot      =    -71700.9827
 BOND   =       480.7789  ANGLE   =      1279.9882  DIHED      =       972.8981
 1-4 NB =       541.2956  1-4 EEL =      6671.5251  VDWAALS    =      8231.5560
 EELEC  =    -89879.0245  EHBOND  =         0.0000  RESTRAINT  =         0.0000
 Ewald error estimate:   0.9918E-04
 ------------------------------------------------------------------------------

check COM velocity, temp:        0.000000     0.00(Removed)

 NSTEP =    43000   TIME(PS) =     553.050  TEMP(K) =   297.54  PRESS =     0.0
 Etot   =    -57752.7276  EKtot   =     13934.8917  EPtot      =    -71687.6193
 BOND   =       460.6840  ANGLE   =      1267.2436  DIHED      =       988.6909
 1-4 NB =       525.2078  1-4 EEL =      6695.3065  VDWAALS    =      8034.2620
 EELEC  =    -89659.0142  EHBOND  =         0.0000  RESTRAINT  =         0.0000
 Ewald error estimate:   0.7167E-04
 ------------------------------------------------------------------------------


 NSTEP =    43100   TIME(PS) =     553.150  TEMP(K) =   300.05  PRESS =     0.0
 Etot   =    -57752.5377  EKtot   =     14052.4694  EPtot      =    -71805.0071
 BOND   =       486.1090  ANGLE   =      1227.5665  DIHED      =       990.4805
 1-4 NB =       526.7529  1-4 EEL =      6654.4468  VDWAALS    =      8186.8366
 EELEC  =    -89877.1995  EHBOND  =         0.0000  RESTRAINT  =         0.0000
 Ewald error estimate:   0.4622E-05
 ------------------------------------------------------------------------------


 NSTEP =    43200   TIME(PS) =     553.250  TEMP(K) =   301.37  PRESS =     0.0
 Etot   =    -57753.1830  EKtot   =     14114.3769  EPtot      =    -71867.5599
 BOND   =       463.0448  ANGLE   =      1241.1674  DIHED      =       958.8612
 1-4 NB =       540.4990  1-4 EEL =      6683.0885  VDWAALS    =      8325.9132
 EELEC  =    -90080.1341  EHBOND  =         0.0000  RESTRAINT  =         0.0000
 Ewald error estimate:   0.1095E-03
 ------------------------------------------------------------------------------


 NSTEP =    43300   TIME(PS) =     553.350  TEMP(K) =   298.45  PRESS =     0.0
 Etot   =    -57752.6142  EKtot   =     13977.8465  EPtot      =    -71730.4608
 BOND   =       480.3112  ANGLE   =      1276.5556  DIHED      =       974.8338
 1-4 NB =       532.7759  1-4 EEL =      6678.6488  VDWAALS    =      8244.4437
 EELEC  =    -89918.0298  EHBOND  =         0.0000  RESTRAINT  =         0.0000
 Ewald error estimate:   0.3814E-04
 ------------------------------------------------------------------------------


 NSTEP =    43400   TIME(PS) =     553.450  TEMP(K) =   300.71  PRESS =     0.0
 Etot   =    -57753.6406  EKtot   =     14083.6227  EPtot      =    -71837.2633
 BOND   =       491.6872  ANGLE   =      1200.5464  DIHED      =       969.4899
 1-4 NB =       553.8669  1-4 EEL =      6675.5453  VDWAALS    =      8275.0064
 EELEC  =    -90003.4054  EHBOND  =         0.0000  RESTRAINT  =         0.0000
 Ewald error estimate:   0.3507E-04
 ------------------------------------------------------------------------------


 NSTEP =    43500   TIME(PS) =     553.550  TEMP(K) =   297.43  PRESS =     0.0
 Etot   =    -57751.4503  EKtot   =     13930.0588  EPtot      =    -71681.5091
 BOND   =       478.2693  ANGLE   =      1303.5337  DIHED      =      1005.9708
 1-4 NB =       545.4728  1-4 EEL =      6675.3903  VDWAALS    =      8324.9502
 EELEC  =    -90015.0962  EHBOND  =         0.0000  RESTRAINT  =         0.0000
 Ewald error estimate:   0.1048E-03
 ------------------------------------------------------------------------------


 NSTEP =    43600   TIME(PS) =     553.650  TEMP(K) =   299.82  PRESS =     0.0
 Etot   =    -57751.5945  EKtot   =     14041.9555  EPtot      =    -71793.5501
 BOND   =       465.1449  ANGLE   =      1279.1191  DIHED      =       963.3838
 1-4 NB =       555.1633  1-4 EEL =      6670.8892  VDWAALS    =      8458.1619
 EELEC  =    -90185.4121  EHBOND  =         0.0000  RESTRAINT  =         0.0000
 Ewald error estimate:   0.1137E-03
 ------------------------------------------------------------------------------


 NSTEP =    43700   TIME(PS) =     553.750  TEMP(K) =   299.20  PRESS =     0.0
 Etot   =    -57751.8792  EKtot   =     14012.7587  EPtot      =    -71764.6379
 BOND   =       458.9115  ANGLE   =      1247.7750  DIHED      =       985.7695
 1-4 NB =       540.4590  1-4 EEL =      6710.1151  VDWAALS    =      8232.2614
 EELEC  =    -89939.9293  EHBOND  =         0.0000  RESTRAINT  =         0.0000
 Ewald error estimate:   0.1807E-03
 ------------------------------------------------------------------------------


 NSTEP =    43800   TIME(PS) =     553.850  TEMP(K) =   296.74  PRESS =     0.0
 Etot   =    -57751.7681  EKtot   =     13897.7552  EPtot      =    -71649.5233
 BOND   =       506.3078  ANGLE   =      1282.9968  DIHED      =      1006.2553
 1-4 NB =       530.5309  1-4 EEL =      6645.7661  VDWAALS    =      8358.7917
 EELEC  =    -89980.1718  EHBOND  =         0.0000  RESTRAINT  =         0.0000
 Ewald error estimate:   0.3335E-04
 ------------------------------------------------------------------------------


 NSTEP =    43900   TIME(PS) =     553.950  TEMP(K) =   300.82  PRESS =     0.0
 Etot   =    -57753.2412  EKtot   =     14088.6854  EPtot      =    -71841.9266
 BOND   =       443.2839  ANGLE   =      1257.8176  DIHED      =       993.9972
 1-4 NB =       545.8142  1-4 EEL =      6683.4198  VDWAALS    =      8335.5149
 EELEC  =    -90101.7742  EHBOND  =         0.0000  RESTRAINT  =         0.0000
 Ewald error estimate:   0.1352E-03
 ------------------------------------------------------------------------------

check COM velocity, temp:        0.000000     0.00(Removed)

 NSTEP =    44000   TIME(PS) =     554.050  TEMP(K) =   295.32  PRESS =     0.0
 Etot   =    -57751.9819  EKtot   =     13830.8296  EPtot      =    -71582.8115
 BOND   =       488.8264  ANGLE   =      1288.3944  DIHED      =       970.9410
 1-4 NB =       552.0362  1-4 EEL =      6702.6585  VDWAALS    =      8182.8885
 EELEC  =    -89768.5564  EHBOND  =         0.0000  RESTRAINT  =         0.0000
 Ewald error estimate:   0.3668E-04
 ------------------------------------------------------------------------------


 NSTEP =    44100   TIME(PS) =     554.150  TEMP(K) =   299.49  PRESS =     0.0
 Etot   =    -57753.7752  EKtot   =     14026.4774  EPtot      =    -71780.2526
 BOND   =       442.2854  ANGLE   =      1294.0811  DIHED      =       969.9459
 1-4 NB =       535.0325  1-4 EEL =      6687.9728  VDWAALS    =      8374.1662
 EELEC  =    -90083.7365  EHBOND  =         0.0000  RESTRAINT  =         0.0000
 Ewald error estimate:   0.2198E-04
 ------------------------------------------------------------------------------


 NSTEP =    44200   TIME(PS) =     554.250  TEMP(K) =   297.18  PRESS =     0.0
 Etot   =    -57753.2737  EKtot   =     13918.1376  EPtot      =    -71671.4113
 BOND   =       478.2707  ANGLE   =      1275.3423  DIHED      =       992.5972
 1-4 NB =       547.1327  1-4 EEL =      6679.1269  VDWAALS    =      8164.9631
 EELEC  =    -89808.8442  EHBOND  =         0.0000  RESTRAINT  =         0.0000
 Ewald error estimate:   0.1046E-04
 ------------------------------------------------------------------------------


 NSTEP =    44300   TIME(PS) =     554.350  TEMP(K) =   299.35  PRESS =     0.0
 Etot   =    -57753.4293  EKtot   =     14019.8768  EPtot      =    -71773.3061
 BOND   =       440.6393  ANGLE   =      1289.8973  DIHED      =       983.6277
 1-4 NB =       540.0332  1-4 EEL =      6741.0853  VDWAALS    =      8058.5465
 EELEC  =    -89827.1353  EHBOND  =         0.0000  RESTRAINT  =         0.0000
 Ewald error estimate:   0.5220E-04
 ------------------------------------------------------------------------------


 NSTEP =    44400   TIME(PS) =     554.450  TEMP(K) =   296.36  PRESS =     0.0
 Etot   =    -57752.6760  EKtot   =     13879.9490  EPtot      =    -71632.6250
 BOND   =       492.0324  ANGLE   =      1232.7001  DIHED      =      1002.8812
 1-4 NB =       560.2136  1-4 EEL =      6706.6214  VDWAALS    =      8246.5293
 EELEC  =    -89873.6030  EHBOND  =         0.0000  RESTRAINT  =         0.0000
 Ewald error estimate:   0.5371E-04
 ------------------------------------------------------------------------------


 NSTEP =    44500   TIME(PS) =     554.550  TEMP(K) =   298.11  PRESS =     0.0
 Etot   =    -57752.4484  EKtot   =     13961.6246  EPtot      =    -71714.0730
 BOND   =       461.3697  ANGLE   =      1233.3669  DIHED      =      1010.0004
 1-4 NB =       557.3951  1-4 EEL =      6691.2292  VDWAALS    =      8397.5540
 EELEC  =    -90064.9883  EHBOND  =         0.0000  RESTRAINT  =         0.0000
 Ewald error estimate:   0.3962E-04
 ------------------------------------------------------------------------------


 NSTEP =    44600   TIME(PS) =     554.650  TEMP(K) =   297.78  PRESS =     0.0
 Etot   =    -57752.1468  EKtot   =     13946.4806  EPtot      =    -71698.6274
 BOND   =       473.6925  ANGLE   =      1267.5386  DIHED      =       965.3227
 1-4 NB =       545.8456  1-4 EEL =      6706.1384  VDWAALS    =      8170.8546
 EELEC  =    -89828.0198  EHBOND  =         0.0000  RESTRAINT  =         0.0000
 Ewald error estimate:   0.8833E-04
 ------------------------------------------------------------------------------


 NSTEP =    44700   TIME(PS) =     554.750  TEMP(K) =   295.42  PRESS =     0.0
 Etot   =    -57751.7551  EKtot   =     13835.8026  EPtot      =    -71587.5577
 BOND   =       467.8031  ANGLE   =      1212.6151  DIHED      =       997.4514
 1-4 NB =       544.8754  1-4 EEL =      6700.4629  VDWAALS    =      8308.3723
 EELEC  =    -89819.1379  EHBOND  =         0.0000  RESTRAINT  =         0.0000
 Ewald error estimate:   0.1054E-03
 ------------------------------------------------------------------------------


 NSTEP =    44800   TIME(PS) =     554.850  TEMP(K) =   298.05  PRESS =     0.0
 Etot   =    -57752.2934  EKtot   =     13959.0244  EPtot      =    -71711.3178
 BOND   =       451.9574  ANGLE   =      1291.7340  DIHED      =       995.2371
 1-4 NB =       542.4103  1-4 EEL =      6657.8847  VDWAALS    =      8265.5903
 EELEC  =    -89916.1316  EHBOND  =         0.0000  RESTRAINT  =         0.0000
 Ewald error estimate:   0.3306E-04
 ------------------------------------------------------------------------------


 NSTEP =    44900   TIME(PS) =     554.950  TEMP(K) =   299.85  PRESS =     0.0
 Etot   =    -57751.5196  EKtot   =     14043.0711  EPtot      =    -71794.5906
 BOND   =       490.8210  ANGLE   =      1256.7336  DIHED      =       986.7735
 1-4 NB =       534.7117  1-4 EEL =      6697.3331  VDWAALS    =      8217.4243
 EELEC  =    -89978.3879  EHBOND  =         0.0000  RESTRAINT  =         0.0000
 Ewald error estimate:   0.3541E-04
 ------------------------------------------------------------------------------

check COM velocity, temp:        0.000000     0.00(Removed)

 NSTEP =    45000   TIME(PS) =     555.050  TEMP(K) =   298.18  PRESS =     0.0
 Etot   =    -57751.7201  EKtot   =     13964.8917  EPtot      =    -71716.6118
 BOND   =       472.1779  ANGLE   =      1224.7272  DIHED      =       976.6746
 1-4 NB =       538.5695  1-4 EEL =      6677.2873  VDWAALS    =      8489.3003
 EELEC  =    -90095.3487  EHBOND  =         0.0000  RESTRAINT  =         0.0000
 Ewald error estimate:   0.1440E-04
 ------------------------------------------------------------------------------


 NSTEP =    45100   TIME(PS) =     555.150  TEMP(K) =   298.76  PRESS =     0.0
 Etot   =    -57752.9441  EKtot   =     13992.3803  EPtot      =    -71745.3244
 BOND   =       436.1613  ANGLE   =      1273.2881  DIHED      =       979.5512
 1-4 NB =       534.6707  1-4 EEL =      6695.9011  VDWAALS    =      8299.3957
 EELEC  =    -89964.2924  EHBOND  =         0.0000  RESTRAINT  =         0.0000
 Ewald error estimate:   0.4234E-04
 ------------------------------------------------------------------------------


 NSTEP =    45200   TIME(PS) =     555.250  TEMP(K) =   298.59  PRESS =     0.0
 Etot   =    -57752.4538  EKtot   =     13984.1390  EPtot      =    -71736.5927
 BOND   =       464.1540  ANGLE   =      1263.1528  DIHED      =       983.8618
 1-4 NB =       564.0800  1-4 EEL =      6662.3132  VDWAALS    =      8450.2697
 EELEC  =    -90124.4242  EHBOND  =         0.0000  RESTRAINT  =         0.0000
 Ewald error estimate:   0.7685E-04
 ------------------------------------------------------------------------------


 NSTEP =    45300   TIME(PS) =     555.350  TEMP(K) =   299.41  PRESS =     0.0
 Etot   =    -57753.0392  EKtot   =     14022.3976  EPtot      =    -71775.4367
 BOND   =       451.1016  ANGLE   =      1292.0717  DIHED      =       968.6163
 1-4 NB =       545.0903  1-4 EEL =      6694.5661  VDWAALS    =      8082.6688
 EELEC  =    -89809.5515  EHBOND  =         0.0000  RESTRAINT  =         0.0000
 Ewald error estimate:   0.9351E-04
 ------------------------------------------------------------------------------


 NSTEP =    45400   TIME(PS) =     555.450  TEMP(K) =   297.69  PRESS =     0.0
 Etot   =    -57751.2332  EKtot   =     13941.8836  EPtot      =    -71693.1168
 BOND   =       483.7142  ANGLE   =      1233.1791  DIHED      =      1010.2507
 1-4 NB =       537.6665  1-4 EEL =      6695.3738  VDWAALS    =      8112.5202
 EELEC  =    -89765.8212  EHBOND  =         0.0000  RESTRAINT  =         0.0000
 Ewald error estimate:   0.3519E-04
 ------------------------------------------------------------------------------


 NSTEP =    45500   TIME(PS) =     555.550  TEMP(K) =   296.42  PRESS =     0.0
 Etot   =    -57752.0816  EKtot   =     13882.4660  EPtot      =    -71634.5476
 BOND   =       450.7463  ANGLE   =      1277.4291  DIHED      =       989.3409
 1-4 NB =       556.0571  1-4 EEL =      6726.2923  VDWAALS    =      8243.2011
 EELEC  =    -89877.6145  EHBOND  =         0.0000  RESTRAINT  =         0.0000
 Ewald error estimate:   0.1622E-04
 ------------------------------------------------------------------------------


 NSTEP =    45600   TIME(PS) =     555.650  TEMP(K) =   299.03  PRESS =     0.0
 Etot   =    -57752.5536  EKtot   =     14004.7987  EPtot      =    -71757.3522
 BOND   =       448.2444  ANGLE   =      1239.6843  DIHED      =       997.4853
 1-4 NB =       555.0695  1-4 EEL =      6685.6000  VDWAALS    =      8244.6730
 EELEC  =    -89928.1087  EHBOND  =         0.0000  RESTRAINT  =         0.0000
 Ewald error estimate:   0.1580E-03
 ------------------------------------------------------------------------------


 NSTEP =    45700   TIME(PS) =     555.750  TEMP(K) =   299.53  PRESS =     0.0
 Etot   =    -57752.0967  EKtot   =     14028.1604  EPtot      =    -71780.2571
 BOND   =       436.4707  ANGLE   =      1307.9434  DIHED      =       984.0799
 1-4 NB =       551.4690  1-4 EEL =      6697.2898  VDWAALS    =      8353.7805
 EELEC  =    -90111.2905  EHBOND  =         0.0000  RESTRAINT  =         0.0000
 Ewald error estimate:   0.3533E-04
 ------------------------------------------------------------------------------


 NSTEP =    45800   TIME(PS) =     555.850  TEMP(K) =   298.62  PRESS =     0.0
 Etot   =    -57752.5658  EKtot   =     13985.5180  EPtot      =    -71738.0838
 BOND   =       481.4283  ANGLE   =      1267.8522  DIHED      =       969.9280
 1-4 NB =       557.6017  1-4 EEL =      6680.1447  VDWAALS    =      8063.0754
 EELEC  =    -89758.1141  EHBOND  =         0.0000  RESTRAINT  =         0.0000
 Ewald error estimate:   0.2122E-04
 ------------------------------------------------------------------------------


 NSTEP =    45900   TIME(PS) =     555.950  TEMP(K) =   300.59  PRESS =     0.0
 Etot   =    -57753.4816  EKtot   =     14077.8078  EPtot      =    -71831.2894
 BOND   =       473.8631  ANGLE   =      1201.7693  DIHED      =       965.8413
 1-4 NB =       552.5064  1-4 EEL =      6706.4943  VDWAALS    =      8266.0323
 EELEC  =    -89997.7961  EHBOND  =         0.0000  RESTRAINT  =         0.0000
 Ewald error estimate:   0.7028E-04
 ------------------------------------------------------------------------------

check COM velocity, temp:        0.000000     0.00(Removed)

 NSTEP =    46000   TIME(PS) =     556.050  TEMP(K) =   297.07  PRESS =     0.0
 Etot   =    -57752.4011  EKtot   =     13913.0255  EPtot      =    -71665.4266
 BOND   =       468.3630  ANGLE   =      1279.6277  DIHED      =       977.7785
 1-4 NB =       545.2106  1-4 EEL =      6695.9433  VDWAALS    =      8342.9277
 EELEC  =    -89975.2775  EHBOND  =         0.0000  RESTRAINT  =         0.0000
 Ewald error estimate:   0.1767E-04
 ------------------------------------------------------------------------------


 NSTEP =    46100   TIME(PS) =     556.150  TEMP(K) =   297.09  PRESS =     0.0
 Etot   =    -57752.7545  EKtot   =     13913.8243  EPtot      =    -71666.5788
 BOND   =       487.7266  ANGLE   =      1240.1350  DIHED      =       989.9213
 1-4 NB =       542.2469  1-4 EEL =      6656.1485  VDWAALS    =      8447.7690
 EELEC  =    -90030.5262  EHBOND  =         0.0000  RESTRAINT  =         0.0000
 Ewald error estimate:   0.4314E-04
 ------------------------------------------------------------------------------


 NSTEP =    46200   TIME(PS) =     556.250  TEMP(K) =   299.29  PRESS =     0.0
 Etot   =    -57753.4790  EKtot   =     14017.0176  EPtot      =    -71770.4967
 BOND   =       459.4151  ANGLE   =      1242.7747  DIHED      =       999.6198
 1-4 NB =       536.2328  1-4 EEL =      6720.0209  VDWAALS    =      8362.0900
 EELEC  =    -90090.6500  EHBOND  =         0.0000  RESTRAINT  =         0.0000
 Ewald error estimate:   0.2591E-04
 ------------------------------------------------------------------------------


 NSTEP =    46300   TIME(PS) =     556.350  TEMP(K) =   299.48  PRESS =     0.0
 Etot   =    -57752.1672  EKtot   =     14026.0873  EPtot      =    -71778.2545
 BOND   =       484.1957  ANGLE   =      1214.3594  DIHED      =       993.2049
 1-4 NB =       541.4043  1-4 EEL =      6711.9938  VDWAALS    =      8113.0387
 EELEC  =    -89836.4513  EHBOND  =         0.0000  RESTRAINT  =         0.0000
 Ewald error estimate:   0.1132E-03
 ------------------------------------------------------------------------------


 NSTEP =    46400   TIME(PS) =     556.450  TEMP(K) =   299.36  PRESS =     0.0
 Etot   =    -57751.9645  EKtot   =     14020.1775  EPtot      =    -71772.1420
 BOND   =       479.8182  ANGLE   =      1252.0424  DIHED      =       985.8980
 1-4 NB =       539.2147  1-4 EEL =      6692.8497  VDWAALS    =      8391.3457
 EELEC  =    -90113.3106  EHBOND  =         0.0000  RESTRAINT  =         0.0000
 Ewald error estimate:   0.1020E-03
 ------------------------------------------------------------------------------


 NSTEP =    46500   TIME(PS) =     556.550  TEMP(K) =   299.09  PRESS =     0.0
 Etot   =    -57752.0932  EKtot   =     14007.8523  EPtot      =    -71759.9454
 BOND   =       459.9041  ANGLE   =      1263.8946  DIHED      =      1012.5026
 1-4 NB =       534.8894  1-4 EEL =      6704.6244  VDWAALS    =      8234.3028
 EELEC  =    -89970.0633  EHBOND  =         0.0000  RESTRAINT  =         0.0000
 Ewald error estimate:   0.4013E-04
 ------------------------------------------------------------------------------


 NSTEP =    46600   TIME(PS) =     556.650  TEMP(K) =   298.04  PRESS =     0.0
 Etot   =    -57752.0896  EKtot   =     13958.4053  EPtot      =    -71710.4949
 BOND   =       425.5693  ANGLE   =      1241.9782  DIHED      =       983.3407
 1-4 NB =       547.1508  1-4 EEL =      6706.4281  VDWAALS    =      8320.0511
 EELEC  =    -89935.0131  EHBOND  =         0.0000  RESTRAINT  =         0.0000
 Ewald error estimate:   0.7906E-04
 ------------------------------------------------------------------------------


 NSTEP =    46700   TIME(PS) =     556.750  TEMP(K) =   298.82  PRESS =     0.0
 Etot   =    -57752.7897  EKtot   =     13995.1621  EPtot      =    -71747.9517
 BOND   =       438.2012  ANGLE   =      1220.9331  DIHED      =       967.4247
 1-4 NB =       550.2949  1-4 EEL =      6699.7791  VDWAALS    =      8455.0946
 EELEC  =    -90079.6792  EHBOND  =         0.0000  RESTRAINT  =         0.0000
 Ewald error estimate:   0.1416E-03
 ------------------------------------------------------------------------------


 NSTEP =    46800   TIME(PS) =     556.850  TEMP(K) =   299.66  PRESS =     0.0
 Etot   =    -57752.1852  EKtot   =     14034.2440  EPtot      =    -71786.4292
 BOND   =       454.6068  ANGLE   =      1265.6001  DIHED      =       986.7902
 1-4 NB =       535.6590  1-4 EEL =      6725.9620  VDWAALS    =      8244.7857
 EELEC  =    -89999.8330  EHBOND  =         0.0000  RESTRAINT  =         0.0000
 Ewald error estimate:   0.9028E-04
 ------------------------------------------------------------------------------


 NSTEP =    46900   TIME(PS) =     556.950  TEMP(K) =   300.10  PRESS =     0.0
 Etot   =    -57751.6498  EKtot   =     14055.0302  EPtot      =    -71806.6800
 BOND   =       477.9918  ANGLE   =      1247.5410  DIHED      =       977.4754
 1-4 NB =       533.8956  1-4 EEL =      6688.5451  VDWAALS    =      8157.1892
 EELEC  =    -89889.3183  EHBOND  =         0.0000  RESTRAINT  =         0.0000
 Ewald error estimate:   0.6386E-04
 ------------------------------------------------------------------------------

check COM velocity, temp:        0.000000     0.00(Removed)

 NSTEP =    47000   TIME(PS) =     557.050  TEMP(K) =   299.76  PRESS =     0.0
 Etot   =    -57751.8981  EKtot   =     14039.2062  EPtot      =    -71791.1043
 BOND   =       467.5688  ANGLE   =      1271.8783  DIHED      =       984.4333
 1-4 NB =       539.1576  1-4 EEL =      6685.7323  VDWAALS    =      8242.3794
 EELEC  =    -89982.2539  EHBOND  =         0.0000  RESTRAINT  =         0.0000
 Ewald error estimate:   0.4159E-04
 ------------------------------------------------------------------------------


 NSTEP =    47100   TIME(PS) =     557.150  TEMP(K) =   300.59  PRESS =     0.0
 Etot   =    -57752.4247  EKtot   =     14077.6561  EPtot      =    -71830.0808
 BOND   =       472.5614  ANGLE   =      1244.9299  DIHED      =       994.1262
 1-4 NB =       535.5352  1-4 EEL =      6696.0201  VDWAALS    =      8349.9399
 EELEC  =    -90123.1935  EHBOND  =         0.0000  RESTRAINT  =         0.0000
 Ewald error estimate:   0.6879E-04
 ------------------------------------------------------------------------------


 NSTEP =    47200   TIME(PS) =     557.250  TEMP(K) =   296.52  PRESS =     0.0
 Etot   =    -57751.6984  EKtot   =     13887.1248  EPtot      =    -71638.8232
 BOND   =       448.8475  ANGLE   =      1237.9651  DIHED      =       996.8859
 1-4 NB =       545.6335  1-4 EEL =      6694.9616  VDWAALS    =      8518.2335
 EELEC  =    -90081.3503  EHBOND  =         0.0000  RESTRAINT  =         0.0000
 Ewald error estimate:   0.9280E-05
 ------------------------------------------------------------------------------


 NSTEP =    47300   TIME(PS) =     557.350  TEMP(K) =   299.69  PRESS =     0.0
 Etot   =    -57752.1668  EKtot   =     14035.5159  EPtot      =    -71787.6826
 BOND   =       463.8693  ANGLE   =      1263.5611  DIHED      =       970.5409
 1-4 NB =       548.7705  1-4 EEL =      6724.2774  VDWAALS    =      8405.7506
 EELEC  =    -90164.4526  EHBOND  =         0.0000  RESTRAINT  =         0.0000
 Ewald error estimate:   0.7320E-04
 ------------------------------------------------------------------------------


 NSTEP =    47400   TIME(PS) =     557.450  TEMP(K) =   297.24  PRESS =     0.0
 Etot   =    -57752.3369  EKtot   =     13920.9593  EPtot      =    -71673.2962
 BOND   =       461.8933  ANGLE   =      1250.9630  DIHED      =       955.9791
 1-4 NB =       548.4390  1-4 EEL =      6704.8057  VDWAALS    =      8106.9919
 EELEC  =    -89702.3682  EHBOND  =         0.0000  RESTRAINT  =         0.0000
 Ewald error estimate:   0.1333E-04
 ------------------------------------------------------------------------------


 NSTEP =    47500   TIME(PS) =     557.550  TEMP(K) =   297.17  PRESS =     0.0
 Etot   =    -57752.8767  EKtot   =     13917.5485  EPtot      =    -71670.4251
 BOND   =       466.1887  ANGLE   =      1202.8413  DIHED      =       967.3001
 1-4 NB =       549.0929  1-4 EEL =      6727.1344  VDWAALS    =      8163.0581
 EELEC  =    -89746.0405  EHBOND  =         0.0000  RESTRAINT  =         0.0000
 Ewald error estimate:   0.5882E-04
 ------------------------------------------------------------------------------


 NSTEP =    47600   TIME(PS) =     557.650  TEMP(K) =   300.61  PRESS =     0.0
 Etot   =    -57753.5463  EKtot   =     14078.7972  EPtot      =    -71832.3435
 BOND   =       491.4531  ANGLE   =      1216.5001  DIHED      =       974.1865
 1-4 NB =       550.7644  1-4 EEL =      6688.8711  VDWAALS    =      8062.8628
 EELEC  =    -89816.9816  EHBOND  =         0.0000  RESTRAINT  =         0.0000
 Ewald error estimate:   0.2677E-04
 ------------------------------------------------------------------------------


 NSTEP =    47700   TIME(PS) =     557.750  TEMP(K) =   297.09  PRESS =     0.0
 Etot   =    -57752.9042  EKtot   =     13914.0462  EPtot      =    -71666.9504
 BOND   =       453.5866  ANGLE   =      1242.4234  DIHED      =       972.5177
 1-4 NB =       546.4963  1-4 EEL =      6681.4900  VDWAALS    =      8227.5797
 EELEC  =    -89791.0442  EHBOND  =         0.0000  RESTRAINT  =         0.0000
 Ewald error estimate:   0.6921E-04
 ------------------------------------------------------------------------------


 NSTEP =    47800   TIME(PS) =     557.850  TEMP(K) =   300.02  PRESS =     0.0
 Etot   =    -57752.2910  EKtot   =     14051.1368  EPtot      =    -71803.4277
 BOND   =       449.2005  ANGLE   =      1264.9610  DIHED      =       966.1564
 1-4 NB =       534.5180  1-4 EEL =      6704.7675  VDWAALS    =      8165.6701
 EELEC  =    -89888.7011  EHBOND  =         0.0000  RESTRAINT  =         0.0000
 Ewald error estimate:   0.9066E-04
 ------------------------------------------------------------------------------


 NSTEP =    47900   TIME(PS) =     557.950  TEMP(K) =   298.41  PRESS =     0.0
 Etot   =    -57752.3842  EKtot   =     13975.9400  EPtot      =    -71728.3242
 BOND   =       492.2529  ANGLE   =      1252.9942  DIHED      =       972.7696
 1-4 NB =       547.1773  1-4 EEL =      6685.3484  VDWAALS    =      8133.7988
 EELEC  =    -89812.6654  EHBOND  =         0.0000  RESTRAINT  =         0.0000
 Ewald error estimate:   0.4794E-04
 ------------------------------------------------------------------------------

check COM velocity, temp:        0.000000     0.00(Removed)

 NSTEP =    48000   TIME(PS) =     558.050  TEMP(K) =   298.79  PRESS =     0.0
 Etot   =    -57752.2581  EKtot   =     13993.4836  EPtot      =    -71745.7417
 BOND   =       472.9432  ANGLE   =      1272.7558  DIHED      =       974.1266
 1-4 NB =       532.7283  1-4 EEL =      6707.9993  VDWAALS    =      8180.9155
 EELEC  =    -89887.2105  EHBOND  =         0.0000  RESTRAINT  =         0.0000
 Ewald error estimate:   0.4923E-05
 ------------------------------------------------------------------------------


 NSTEP =    48100   TIME(PS) =     558.150  TEMP(K) =   301.39  PRESS =     0.0
 Etot   =    -57752.8801  EKtot   =     14115.4735  EPtot      =    -71868.3536
 BOND   =       456.0871  ANGLE   =      1219.1784  DIHED      =       966.0785
 1-4 NB =       568.5108  1-4 EEL =      6712.2689  VDWAALS    =      8294.8366
 EELEC  =    -90085.3139  EHBOND  =         0.0000  RESTRAINT  =         0.0000
 Ewald error estimate:   0.1123E-04
 ------------------------------------------------------------------------------


 NSTEP =    48200   TIME(PS) =     558.250  TEMP(K) =   298.13  PRESS =     0.0
 Etot   =    -57751.7155  EKtot   =     13962.5870  EPtot      =    -71714.3025
 BOND   =       474.6598  ANGLE   =      1231.5563  DIHED      =       956.7598
 1-4 NB =       554.9920  1-4 EEL =      6729.4798  VDWAALS    =      8565.4540
 EELEC  =    -90227.2042  EHBOND  =         0.0000  RESTRAINT  =         0.0000
 Ewald error estimate:   0.1954E-04
 ------------------------------------------------------------------------------


 NSTEP =    48300   TIME(PS) =     558.350  TEMP(K) =   298.31  PRESS =     0.0
 Etot   =    -57751.3445  EKtot   =     13971.2212  EPtot      =    -71722.5657
 BOND   =       448.9606  ANGLE   =      1253.5974  DIHED      =       991.8215
 1-4 NB =       557.6336  1-4 EEL =      6719.4535  VDWAALS    =      8240.5143
 EELEC  =    -89934.5466  EHBOND  =         0.0000  RESTRAINT  =         0.0000
 Ewald error estimate:   0.8004E-04
 ------------------------------------------------------------------------------


 NSTEP =    48400   TIME(PS) =     558.450  TEMP(K) =   296.82  PRESS =     0.0
 Etot   =    -57751.7148  EKtot   =     13901.3382  EPtot      =    -71653.0530
 BOND   =       467.1455  ANGLE   =      1247.9536  DIHED      =       986.8660
 1-4 NB =       543.6443  1-4 EEL =      6665.9599  VDWAALS    =      8234.5711
 EELEC  =    -89799.1933  EHBOND  =         0.0000  RESTRAINT  =         0.0000
 Ewald error estimate:   0.6504E-04
 ------------------------------------------------------------------------------


 NSTEP =    48500   TIME(PS) =     558.550  TEMP(K) =   295.17  PRESS =     0.0
 Etot   =    -57752.1161  EKtot   =     13824.0849  EPtot      =    -71576.2010
 BOND   =       463.5866  ANGLE   =      1260.4346  DIHED      =       987.0077
 1-4 NB =       556.5641  1-4 EEL =      6679.0659  VDWAALS    =      8264.9261
 EELEC  =    -89787.7860  EHBOND  =         0.0000  RESTRAINT  =         0.0000
 Ewald error estimate:   0.7575E-04
 ------------------------------------------------------------------------------


 NSTEP =    48600   TIME(PS) =     558.650  TEMP(K) =   296.66  PRESS =     0.0
 Etot   =    -57752.2948  EKtot   =     13893.7009  EPtot      =    -71645.9958
 BOND   =       478.5167  ANGLE   =      1248.8111  DIHED      =       987.7127
 1-4 NB =       542.2556  1-4 EEL =      6691.6046  VDWAALS    =      8003.1163
 EELEC  =    -89598.0127  EHBOND  =         0.0000  RESTRAINT  =         0.0000
 Ewald error estimate:   0.2889E-04
 ------------------------------------------------------------------------------


 NSTEP =    48700   TIME(PS) =     558.750  TEMP(K) =   297.19  PRESS =     0.0
 Etot   =    -57753.0088  EKtot   =     13918.7331  EPtot      =    -71671.7418
 BOND   =       426.6054  ANGLE   =      1245.3144  DIHED      =      1017.2386
 1-4 NB =       554.2565  1-4 EEL =      6699.2532  VDWAALS    =      8141.6984
 EELEC  =    -89756.1083  EHBOND  =         0.0000  RESTRAINT  =         0.0000
 Ewald error estimate:   0.2785E-04
 ------------------------------------------------------------------------------


 NSTEP =    48800   TIME(PS) =     558.850  TEMP(K) =   298.52  PRESS =     0.0
 Etot   =    -57752.1302  EKtot   =     13981.1502  EPtot      =    -71733.2804
 BOND   =       477.6420  ANGLE   =      1258.8040  DIHED      =       955.4541
 1-4 NB =       563.6516  1-4 EEL =      6697.2772  VDWAALS    =      8317.6297
 EELEC  =    -90003.7390  EHBOND  =         0.0000  RESTRAINT  =         0.0000
 Ewald error estimate:   0.1378E-04
 ------------------------------------------------------------------------------


 NSTEP =    48900   TIME(PS) =     558.950  TEMP(K) =   301.18  PRESS =     0.0
 Etot   =    -57754.0007  EKtot   =     14105.5958  EPtot      =    -71859.5965
 BOND   =       495.5187  ANGLE   =      1225.6899  DIHED      =      1005.7407
 1-4 NB =       542.2287  1-4 EEL =      6703.1005  VDWAALS    =      8505.7307
 EELEC  =    -90337.6056  EHBOND  =         0.0000  RESTRAINT  =         0.0000
 Ewald error estimate:   0.9400E-05
 ------------------------------------------------------------------------------

check COM velocity, temp:        0.000000     0.00(Removed)

 NSTEP =    49000   TIME(PS) =     559.050  TEMP(K) =   299.73  PRESS =     0.0
 Etot   =    -57753.3193  EKtot   =     14037.3890  EPtot      =    -71790.7083
 BOND   =       446.2831  ANGLE   =      1267.0464  DIHED      =       970.4081
 1-4 NB =       550.4095  1-4 EEL =      6727.9288  VDWAALS    =      8307.9914
 EELEC  =    -90060.7757  EHBOND  =         0.0000  RESTRAINT  =         0.0000
 Ewald error estimate:   0.2199E-04
 ------------------------------------------------------------------------------


 NSTEP =    49100   TIME(PS) =     559.150  TEMP(K) =   300.04  PRESS =     0.0
 Etot   =    -57754.1220  EKtot   =     14052.2922  EPtot      =    -71806.4141
 BOND   =       475.3935  ANGLE   =      1270.3611  DIHED      =       993.7349
 1-4 NB =       557.1045  1-4 EEL =      6631.8525  VDWAALS    =      8140.0465
 EELEC  =    -89874.9072  EHBOND  =         0.0000  RESTRAINT  =         0.0000
 Ewald error estimate:   0.6397E-04
 ------------------------------------------------------------------------------


 NSTEP =    49200   TIME(PS) =     559.250  TEMP(K) =   297.01  PRESS =     0.0
 Etot   =    -57753.9412  EKtot   =     13910.4267  EPtot      =    -71664.3679
 BOND   =       447.3459  ANGLE   =      1260.5468  DIHED      =       976.6350
 1-4 NB =       551.0148  1-4 EEL =      6727.0972  VDWAALS    =      8438.9135
 EELEC  =    -90065.9210  EHBOND  =         0.0000  RESTRAINT  =         0.0000
 Ewald error estimate:   0.3947E-04
 ------------------------------------------------------------------------------


 NSTEP =    49300   TIME(PS) =     559.350  TEMP(K) =   295.73  PRESS =     0.0
 Etot   =    -57752.6954  EKtot   =     13850.0777  EPtot      =    -71602.7731
 BOND   =       490.0957  ANGLE   =      1264.0802  DIHED      =       983.3601
 1-4 NB =       540.7391  1-4 EEL =      6751.7837  VDWAALS    =      8386.5896
 EELEC  =    -90019.4215  EHBOND  =         0.0000  RESTRAINT  =         0.0000
 Ewald error estimate:   0.9403E-04
 ------------------------------------------------------------------------------


 NSTEP =    49400   TIME(PS) =     559.450  TEMP(K) =   296.61  PRESS =     0.0
 Etot   =    -57753.3662  EKtot   =     13891.5119  EPtot      =    -71644.8781
 BOND   =       452.8445  ANGLE   =      1274.3977  DIHED      =       971.4816
 1-4 NB =       551.2337  1-4 EEL =      6732.0122  VDWAALS    =      8311.7770
 EELEC  =    -89938.6247  EHBOND  =         0.0000  RESTRAINT  =         0.0000
 Ewald error estimate:   0.1022E-03
 ------------------------------------------------------------------------------


 NSTEP =    49500   TIME(PS) =     559.550  TEMP(K) =   299.41  PRESS =     0.0
 Etot   =    -57753.7968  EKtot   =     14022.6386  EPtot      =    -71776.4354
 BOND   =       478.3107  ANGLE   =      1244.9757  DIHED      =       977.1819
 1-4 NB =       546.9011  1-4 EEL =      6712.3702  VDWAALS    =      8214.8518
 EELEC  =    -89951.0268  EHBOND  =         0.0000  RESTRAINT  =         0.0000
 Ewald error estimate:   0.1408E-03
 ------------------------------------------------------------------------------


 NSTEP =    49600   TIME(PS) =     559.650  TEMP(K) =   298.84  PRESS =     0.0
 Etot   =    -57753.0478  EKtot   =     13996.1345  EPtot      =    -71749.1823
 BOND   =       473.0231  ANGLE   =      1277.3783  DIHED      =       970.4025
 1-4 NB =       542.3185  1-4 EEL =      6690.3846  VDWAALS    =      8424.6952
 EELEC  =    -90127.3845  EHBOND  =         0.0000  RESTRAINT  =         0.0000
 Ewald error estimate:   0.1631E-04
 ------------------------------------------------------------------------------


 NSTEP =    49700   TIME(PS) =     559.750  TEMP(K) =   294.18  PRESS =     0.0
 Etot   =    -57753.3054  EKtot   =     13777.7737  EPtot      =    -71531.0791
 BOND   =       451.0494  ANGLE   =      1279.9729  DIHED      =       958.1841
 1-4 NB =       547.9617  1-4 EEL =      6727.5852  VDWAALS    =      8126.0051
 EELEC  =    -89621.8374  EHBOND  =         0.0000  RESTRAINT  =         0.0000
 Ewald error estimate:   0.4852E-04
 ------------------------------------------------------------------------------


 NSTEP =    49800   TIME(PS) =     559.850  TEMP(K) =   296.25  PRESS =     0.0
 Etot   =    -57752.8925  EKtot   =     13874.4818  EPtot      =    -71627.3743
 BOND   =       486.8568  ANGLE   =      1278.7840  DIHED      =       956.4467
 1-4 NB =       540.8279  1-4 EEL =      6687.1829  VDWAALS    =      8145.7997
 EELEC  =    -89723.2723  EHBOND  =         0.0000  RESTRAINT  =         0.0000
 Ewald error estimate:   0.1059E-03
 ------------------------------------------------------------------------------


 NSTEP =    49900   TIME(PS) =     559.950  TEMP(K) =   300.97  PRESS =     0.0
 Etot   =    -57753.7611  EKtot   =     14095.6968  EPtot      =    -71849.4579
 BOND   =       438.7147  ANGLE   =      1248.5125  DIHED      =       975.3337
 1-4 NB =       556.1166  1-4 EEL =      6718.4335  VDWAALS    =      8243.8668
 EELEC  =    -90030.4358  EHBOND  =         0.0000  RESTRAINT  =         0.0000
 Ewald error estimate:   0.7486E-04
 ------------------------------------------------------------------------------

check COM velocity, temp:        0.000000     0.00(Removed)

 NSTEP =    50000   TIME(PS) =     560.050  TEMP(K) =   299.85  PRESS =     0.0
 Etot   =    -57754.0772  EKtot   =     14043.1298  EPtot      =    -71797.2070
 BOND   =       455.3626  ANGLE   =      1269.7887  DIHED      =       981.5285
 1-4 NB =       549.1910  1-4 EEL =      6696.2608  VDWAALS    =      8153.5562
 EELEC  =    -89902.8948  EHBOND  =         0.0000  RESTRAINT  =         0.0000
 Ewald error estimate:   0.3935E-05
 ------------------------------------------------------------------------------


      A V E R A G E S   O V E R   50000 S T E P S


 NSTEP =    50000   TIME(PS) =     560.050  TEMP(K) =   298.07  PRESS =     0.0
 Etot   =    -57752.6774  EKtot   =     13959.9935  EPtot      =    -71712.6709
 BOND   =       468.2714  ANGLE   =      1251.0409  DIHED      =       986.5759
 1-4 NB =       547.7395  1-4 EEL =      6687.4596  VDWAALS    =      8236.9498
 EELEC  =    -89890.7081  EHBOND  =         0.0000  RESTRAINT  =         0.0000
 Ewald error estimate:   0.5980E-04
 ------------------------------------------------------------------------------


      R M S  F L U C T U A T I O N S


 NSTEP =    50000   TIME(PS) =     560.050  TEMP(K) =     1.56  PRESS =     0.0
 Etot   =         0.7773  EKtot   =        73.0545  EPtot      =        73.2412
 BOND   =        17.6333  ANGLE   =        25.6444  DIHED      =        15.1166
 1-4 NB =         9.7982  1-4 EEL =        27.5055  VDWAALS    =       127.8640
 EELEC  =       161.5223  EHBOND  =         0.0000  RESTRAINT  =         0.0000
|E(PBS) =         0.7903
 Ewald error estimate:   0.4452E-04
 ------------------------------------------------------------------------------


--------------------------------------------------------------------------------
   5.  TIMINGS
--------------------------------------------------------------------------------

|>>>>>>>>PROFILE of Average TIMES>>>>>>>>> 
|                Build the list             4.96 (27.93% of List )
|                Other                     12.79 (72.07% of List )
|             List time                 17.75 (10.26% of Nonbo)
|                   Short_ene time            35.67 (57.79% of Direc)
|                   Other                     26.06 (42.21% of Direc)
|                Direct Ewald time         61.72 (39.75% of Ewald)
|                Adjust Ewald time          0.36 ( 0.23% of Ewald)
|                Self Ewald time            0.01 ( 0.01% of Ewald)
|                   Fill Bspline coeffs       11.43 (16.28% of Recip)
|                   Fill charge grid           2.01 ( 2.86% of Recip)
|                   Scalar sum                 1.15 ( 1.64% of Recip)
|                   Grad sum                   4.08 ( 5.81% of Recip)
|                      FFT back comm time        31.40 (67.45% of FFT t)
|                      Other                     15.15 (32.55% of FFT t)
|                   FFT time                  46.55 (66.31% of Recip)
|                   Other                      4.99 ( 7.11% of Recip)
|                Recip Ewald time          70.21 (45.21% of Ewald)
|                Force Adjust               6.40 ( 4.12% of Ewald)
|                Virial junk               16.20 (10.43% of Ewald)
|                Start synchronizatio       0.01 ( 0.01% of Ewald)
|                Other                      0.36 ( 0.23% of Ewald)
|             Ewald time               155.27 (89.72% of Nonbo)
|             IPS excludes               0.01 ( 0.01% of Nonbo)
|             Other                      0.04 ( 0.02% of Nonbo)
|          Nonbond force            173.07 (73.57% of Force)
|          Bond/Angle/Dihedral        0.76 ( 0.32% of Force)
|          FRC Collect time          56.60 (24.06% of Force)
|          Other                      4.83 ( 2.05% of Force)
|       Force time               235.26 (61.74% of Runmd)
|       Shake time                 3.30 ( 0.87% of Runmd)
|       Verlet update time         4.92 ( 1.29% of Runmd)
|       CRD distribute time       63.33 (16.62% of Runmd)
|       Other                     74.24 (19.48% of Runmd)
|    Runmd Time               381.05 (100.0% of Total)
|    Other                      0.17 ( 0.04% of Total)
| Total time               381.21 (100.0% of ALL  )

| Number of list builds   :       2751

| Highest rstack allocated:      70374
| Highest istack allocated:       2264

| Final Performance Info:
| -----------------------------------------------------
| Average timings for all steps:
|     Elapsed(s) =     381.06 Per Step(ms) =       7.62
|         ns/day =      11.34   seconds/ns =    7621.30
| -----------------------------------------------------

|           Job began  at 12:41:47.763  on 02/15/2022
|           Setup done at 12:41:47.931  on 02/15/2022
|           Run   done at 12:48:08.995  on 02/15/2022
|     wallclock() was called 2756015 times

|3D-RISM memory allocation summary
|Type          Maximum        Current   
|Integer       0.00000 GB     0.00000 GB
|Real          0.00000 GB     0.00000 GB
|Logical       0.00000 GB     0.00000 GB
|Character     0.00000 GB     0.00000 GB
|---------------------------------------
|Total         0.00000 GB     0.00000 GB
