timestamp, power.draw [W], utilization.gpu [%]
2025/12/04 21:20:37.044, 94.58 W, 0 %
2025/12/04 21:20:37.147, 88.62 W, 0 %
2025/12/04 21:20:37.247, 82.65 W, 0 %
2025/12/04 21:20:37.348, 76.81 W, 0 %
2025/12/04 21:20:37.448, 71.14 W, 11 %
2025/12/04 21:20:37.548, 65.80 W, 11 %
2025/12/04 21:20:37.648, 65.54 W, 0 %
2025/12/04 21:20:37.748, 65.57 W, 0 %
2025/12/04 21:20:37.848, 65.61 W, 0 %
2025/12/04 21:20:37.948, 65.67 W, 0 %
2025/12/04 21:20:38.049, 65.57 W, 0 %
2025/12/04 21:20:38.149, 65.54 W, 0 %
2025/12/04 21:20:38.249, 65.50 W, 0 %
2025/12/04 21:20:38.349, 65.41 W, 0 %
2025/12/04 21:20:38.449, 65.26 W, 0 %
2025/12/04 21:20:38.549, 65.07 W, 0 %
2025/12/04 21:20:38.649, 65.04 W, 0 %
2025/12/04 21:20:38.750, 65.01 W, 0 %
2025/12/04 21:20:38.850, 65.01 W, 0 %
2025/12/04 21:20:38.950, 65.45 W, 0 %
2025/12/04 21:20:39.050, 65.74 W, 90 %
2025/12/04 21:20:39.150, 65.79 W, 90 %
2025/12/04 21:20:39.250, 65.77 W, 0 %
2025/12/04 21:20:39.350, 65.76 W, 0 %
2025/12/04 21:20:39.451, 65.75 W, 0 %
2025/12/04 21:20:39.551, 65.73 W, 0 %
2025/12/04 21:20:39.651, 65.71 W, 0 %
2025/12/04 21:20:39.751, 65.71 W, 0 %
2025/12/04 21:20:39.851, 65.70 W, 0 %
2025/12/04 21:20:39.951, 65.65 W, 0 %
2025/12/04 21:20:40.052, 65.72 W, 4 %
2025/12/04 21:20:40.152, 75.28 W, 4 %
2025/12/04 21:20:40.252, 85.47 W, 99 %
2025/12/04 21:20:40.352, 95.92 W, 99 %
2025/12/04 21:20:40.452, 106.10 W, 99 %
2025/12/04 21:20:40.552, 114.54 W, 99 %
2025/12/04 21:20:40.652, 124.72 W, 99 %
2025/12/04 21:20:40.753, 134.97 W, 99 %
2025/12/04 21:20:40.853, 145.15 W, 99 %
2025/12/04 21:20:40.953, 155.42 W, 99 %
2025/12/04 21:20:41.053, 165.92 W, 90 %
2025/12/04 21:20:41.153, 175.64 W, 90 %
2025/12/04 21:20:41.253, 176.15 W, 99 %
2025/12/04 21:20:41.353, 176.22 W, 99 %
2025/12/04 21:20:41.454, 175.84 W, 92 %
2025/12/04 21:20:41.554, 175.92 W, 92 %
2025/12/04 21:20:41.654, 177.62 W, 99 %
2025/12/04 21:20:41.754, 177.71 W, 99 %
2025/12/04 21:20:41.854, 175.55 W, 92 %
2025/12/04 21:20:41.954, 175.73 W, 92 %
2025/12/04 21:20:42.054, 176.16 W, 99 %
2025/12/04 21:20:42.155, 176.30 W, 99 %
2025/12/04 21:20:42.255, 176.43 W, 99 %
2025/12/04 21:20:42.355, 176.43 W, 99 %
2025/12/04 21:20:42.455, 176.67 W, 99 %
2025/12/04 21:20:42.555, 177.15 W, 99 %
2025/12/04 21:20:42.655, 177.60 W, 99 %
2025/12/04 21:20:42.755, 177.84 W, 99 %
2025/12/04 21:20:42.856, 178.20 W, 99 %
2025/12/04 21:20:42.956, 180.45 W, 99 %
2025/12/04 21:20:43.056, 176.84 W, 99 %
2025/12/04 21:20:43.156, 176.84 W, 99 %
2025/12/04 21:20:43.256, 176.51 W, 99 %
2025/12/04 21:20:43.356, 176.29 W, 99 %
2025/12/04 21:20:43.456, 176.24 W, 99 %
2025/12/04 21:20:43.557, 175.75 W, 99 %
2025/12/04 21:20:43.657, 175.30 W, 91 %
2025/12/04 21:20:43.757, 175.13 W, 91 %
2025/12/04 21:20:43.857, 174.89 W, 99 %
2025/12/04 21:20:43.957, 174.79 W, 99 %
2025/12/04 21:20:44.057, 174.40 W, 91 %
2025/12/04 21:20:44.157, 177.78 W, 91 %
2025/12/04 21:20:44.258, 177.88 W, 99 %
2025/12/04 21:20:44.358, 174.67 W, 99 %
2025/12/04 21:20:44.458, 174.73 W, 90 %
2025/12/04 21:20:44.558, 174.94 W, 90 %
2025/12/04 21:20:44.658, 175.23 W, 99 %
2025/12/04 21:20:44.758, 175.32 W, 99 %
2025/12/04 21:20:44.858, 174.75 W, 99 %
2025/12/04 21:20:44.959, 174.75 W, 99 %
2025/12/04 21:20:45.059, 174.88 W, 99 %
2025/12/04 21:20:45.159, 175.17 W, 99 %
2025/12/04 21:20:45.259, 171.64 W, 92 %
2025/12/04 21:20:45.359, 171.57 W, 92 %
2025/12/04 21:20:45.459, 174.96 W, 99 %
2025/12/04 21:20:45.559, 174.99 W, 99 %
2025/12/04 21:20:45.660, 174.64 W, 99 %
2025/12/04 21:20:45.760, 174.38 W, 99 %
2025/12/04 21:20:45.860, 174.79 W, 99 %
2025/12/04 21:20:45.960, 175.46 W, 99 %
2025/12/04 21:20:46.060, 175.40 W, 99 %
2025/12/04 21:20:46.160, 174.70 W, 99 %
2025/12/04 21:20:46.260, 174.64 W, 99 %
2025/12/04 21:20:46.361, 178.30 W, 99 %
2025/12/04 21:20:46.461, 178.13 W, 99 %
2025/12/04 21:20:46.561, 174.58 W, 99 %
2025/12/04 21:20:46.661, 174.51 W, 96 %
2025/12/04 21:20:46.761, 174.72 W, 96 %
2025/12/04 21:20:46.861, 174.89 W, 99 %
2025/12/04 21:20:46.961, 174.90 W, 99 %
2025/12/04 21:20:47.062, 175.02 W, 89 %
2025/12/04 21:20:47.162, 175.32 W, 89 %
2025/12/04 21:20:47.262, 176.16 W, 99 %
2025/12/04 21:20:47.362, 176.08 W, 99 %
2025/12/04 21:20:47.462, 174.49 W, 91 %
2025/12/04 21:20:47.562, 174.98 W, 91 %
2025/12/04 21:20:47.663, 178.78 W, 99 %
2025/12/04 21:20:47.763, 179.11 W, 99 %
2025/12/04 21:20:47.863, 179.06 W, 99 %
2025/12/04 21:20:47.963, 178.81 W, 99 %
2025/12/04 21:20:48.063, 178.93 W, 98 %
2025/12/04 21:20:48.163, 179.07 W, 98 %
2025/12/04 21:20:48.263, 179.16 W, 99 %
2025/12/04 21:20:48.364, 178.94 W, 99 %
2025/12/04 21:20:48.464, 179.09 W, 99 %
2025/12/04 21:20:48.564, 180.88 W, 99 %
2025/12/04 21:20:48.664, 180.75 W, 99 %
2025/12/04 21:20:48.764, 173.25 W, 99 %
2025/12/04 21:20:48.864, 172.90 W, 86 %
2025/12/04 21:20:48.964, 173.18 W, 86 %
2025/12/04 21:20:49.065, 173.21 W, 99 %
2025/12/04 21:20:49.165, 172.70 W, 99 %
2025/12/04 21:20:49.265, 172.40 W, 91 %
2025/12/04 21:20:49.365, 172.18 W, 91 %
2025/12/04 21:20:49.465, 172.44 W, 99 %
2025/12/04 21:20:49.565, 172.62 W, 99 %
2025/12/04 21:20:49.665, 170.31 W, 91 %
2025/12/04 21:20:49.766, 170.16 W, 91 %
2025/12/04 21:20:49.866, 177.47 W, 99 %
2025/12/04 21:20:49.966, 177.74 W, 99 %
2025/12/04 21:20:50.066, 177.85 W, 99 %
2025/12/04 21:20:50.166, 178.01 W, 99 %
2025/12/04 21:20:50.266, 178.20 W, 99 %
2025/12/04 21:20:50.366, 178.19 W, 99 %
2025/12/04 21:20:50.467, 178.47 W, 99 %
2025/12/04 21:20:50.567, 178.47 W, 99 %
2025/12/04 21:20:50.667, 178.69 W, 99 %
2025/12/04 21:20:50.767, 181.03 W, 99 %
2025/12/04 21:20:50.867, 181.32 W, 99 %
2025/12/04 21:20:50.967, 178.20 W, 99 %
2025/12/04 21:20:51.067, 178.28 W, 99 %
2025/12/04 21:20:51.168, 178.46 W, 99 %
2025/12/04 21:20:51.268, 178.64 W, 99 %
2025/12/04 21:20:51.368, 178.88 W, 99 %
2025/12/04 21:20:51.468, 179.02 W, 91 %
2025/12/04 21:20:51.568, 179.26 W, 91 %
2025/12/04 21:20:51.668, 179.26 W, 99 %
2025/12/04 21:20:51.768, 178.99 W, 99 %
2025/12/04 21:20:51.869, 178.72 W, 91 %
2025/12/04 21:20:51.969, 178.51 W, 91 %
2025/12/04 21:20:52.069, 181.97 W, 99 %
2025/12/04 21:20:52.169, 181.93 W, 99 %
2025/12/04 21:20:52.269, 179.06 W, 91 %
2025/12/04 21:20:52.369, 179.33 W, 91 %
2025/12/04 21:20:52.469, 179.24 W, 99 %
2025/12/04 21:20:52.570, 179.04 W, 99 %
2025/12/04 21:20:52.670, 178.71 W, 99 %
2025/12/04 21:20:52.770, 178.58 W, 99 %
2025/12/04 21:20:52.870, 178.66 W, 99 %
2025/12/04 21:20:52.970, 178.86 W, 99 %
2025/12/04 21:20:53.070, 179.01 W, 99 %
2025/12/04 21:20:53.170, 169.49 W, 99 %
2025/12/04 21:20:53.271, 169.61 W, 99 %
2025/12/04 21:20:53.371, 172.21 W, 99 %
2025/12/04 21:20:53.471, 171.80 W, 99 %
2025/12/04 21:20:53.571, 171.61 W, 99 %
2025/12/04 21:20:53.671, 171.91 W, 90 %
2025/12/04 21:20:53.771, 171.93 W, 90 %
2025/12/04 21:20:53.871, 172.12 W, 99 %
2025/12/04 21:20:53.972, 172.15 W, 99 %
2025/12/04 21:20:54.072, 171.54 W, 92 %
2025/12/04 21:20:54.172, 171.53 W, 92 %
2025/12/04 21:20:54.272, 180.66 W, 99 %
2025/12/04 21:20:54.372, 180.46 W, 99 %
2025/12/04 21:20:54.472, 176.70 W, 94 %
2025/12/04 21:20:54.572, 176.64 W, 94 %
2025/12/04 21:20:54.673, 177.19 W, 99 %
2025/12/04 21:20:54.773, 177.34 W, 99 %
2025/12/04 21:20:54.873, 177.37 W, 99 %
2025/12/04 21:20:54.973, 177.21 W, 99 %
2025/12/04 21:20:55.073, 177.03 W, 99 %
2025/12/04 21:20:55.173, 177.82 W, 99 %
2025/12/04 21:20:55.273, 177.84 W, 99 %
2025/12/04 21:20:55.374, 176.93 W, 99 %
2025/12/04 21:20:55.474, 177.22 W, 99 %
2025/12/04 21:20:55.574, 181.16 W, 99 %
2025/12/04 21:20:55.674, 181.44 W, 99 %
2025/12/04 21:20:55.774, 181.14 W, 99 %
2025/12/04 21:20:55.874, 180.86 W, 92 %
2025/12/04 21:20:55.974, 181.13 W, 92 %
2025/12/04 21:20:56.075, 181.28 W, 99 %
2025/12/04 21:20:56.175, 181.30 W, 99 %
2025/12/04 21:20:56.275, 181.07 W, 92 %
2025/12/04 21:20:56.375, 181.14 W, 92 %
2025/12/04 21:20:56.475, 182.68 W, 99 %
2025/12/04 21:20:56.575, 182.66 W, 99 %
2025/12/04 21:20:56.675, 180.84 W, 89 %
2025/12/04 21:20:56.776, 180.60 W, 89 %
2025/12/04 21:20:56.876, 180.54 W, 99 %
2025/12/04 21:20:56.976, 180.63 W, 99 %
2025/12/04 21:20:57.076, 180.49 W, 99 %
2025/12/04 21:20:57.176, 180.77 W, 99 %
2025/12/04 21:20:57.276, 181.32 W, 99 %
2025/12/04 21:20:57.376, 181.28 W, 99 %
2025/12/04 21:20:57.477, 181.28 W, 99 %
2025/12/04 21:20:57.577, 179.10 W, 99 %
2025/12/04 21:20:57.677, 178.84 W, 99 %
2025/12/04 21:20:57.777, 180.36 W, 99 %
2025/12/04 21:20:57.877, 180.35 W, 99 %
2025/12/04 21:20:57.977, 177.73 W, 99 %
2025/12/04 21:20:58.077, 177.80 W, 96 %
2025/12/04 21:20:58.178, 178.01 W, 96 %
2025/12/04 21:20:58.278, 177.60 W, 98 %
2025/12/04 21:20:58.378, 177.14 W, 98 %
2025/12/04 21:20:58.478, 177.04 W, 92 %
2025/12/04 21:20:58.578, 176.91 W, 92 %
2025/12/04 21:20:58.678, 178.60 W, 99 %
2025/12/04 21:20:58.779, 178.48 W, 99 %
2025/12/04 21:20:58.879, 177.81 W, 91 %
2025/12/04 21:20:58.979, 178.14 W, 91 %
2025/12/04 21:20:59.079, 181.00 W, 99 %
2025/12/04 21:20:59.179, 180.86 W, 99 %
2025/12/04 21:20:59.279, 180.19 W, 96 %
2025/12/04 21:20:59.379, 180.30 W, 96 %
2025/12/04 21:20:59.480, 180.39 W, 99 %
2025/12/04 21:20:59.580, 180.80 W, 99 %
2025/12/04 21:20:59.680, 180.99 W, 99 %
2025/12/04 21:20:59.780, 181.33 W, 99 %
2025/12/04 21:20:59.880, 181.73 W, 99 %
2025/12/04 21:20:59.980, 182.48 W, 99 %
2025/12/04 21:21:00.080, 182.48 W, 99 %
2025/12/04 21:21:00.181, 181.09 W, 99 %
2025/12/04 21:21:00.281, 180.84 W, 99 %
2025/12/04 21:21:00.381, 181.32 W, 99 %
2025/12/04 21:21:00.481, 181.45 W, 99 %
2025/12/04 21:21:00.581, 181.43 W, 99 %
2025/12/04 21:21:00.681, 181.23 W, 92 %
2025/12/04 21:21:00.781, 181.10 W, 92 %
2025/12/04 21:21:00.882, 181.00 W, 99 %
2025/12/04 21:21:00.982, 180.70 W, 99 %
2025/12/04 21:21:01.082, 180.55 W, 92 %
2025/12/04 21:21:01.182, 180.33 W, 92 %
2025/12/04 21:21:01.282, 181.59 W, 99 %
2025/12/04 21:21:01.382, 181.75 W, 99 %
2025/12/04 21:21:01.482, 179.35 W, 90 %
2025/12/04 21:21:01.583, 179.48 W, 90 %
2025/12/04 21:21:01.683, 179.34 W, 99 %
2025/12/04 21:21:01.783, 179.30 W, 99 %
2025/12/04 21:21:01.883, 179.29 W, 99 %
2025/12/04 21:21:01.983, 178.72 W, 99 %
2025/12/04 21:21:02.083, 178.90 W, 99 %
2025/12/04 21:21:02.183, 179.32 W, 99 %
2025/12/04 21:21:02.284, 179.52 W, 99 %
2025/12/04 21:21:02.384, 176.46 W, 99 %
2025/12/04 21:21:02.484, 176.39 W, 99 %
2025/12/04 21:21:02.584, 178.76 W, 99 %
2025/12/04 21:21:02.684, 178.63 W, 99 %
2025/12/04 21:21:02.784, 178.93 W, 99 %
2025/12/04 21:21:02.884, 178.96 W, 92 %
2025/12/04 21:21:02.985, 178.84 W, 92 %
2025/12/04 21:21:03.085, 179.40 W, 99 %
2025/12/04 21:21:03.185, 179.07 W, 99 %
2025/12/04 21:21:03.285, 178.64 W, 91 %
2025/12/04 21:21:03.385, 178.37 W, 91 %
2025/12/04 21:21:03.485, 181.26 W, 99 %
2025/12/04 21:21:03.586, 181.39 W, 99 %
2025/12/04 21:21:03.686, 176.16 W, 89 %
2025/12/04 21:21:03.786, 176.13 W, 89 %
2025/12/04 21:21:03.886, 175.99 W, 99 %
2025/12/04 21:21:03.986, 176.10 W, 99 %
2025/12/04 21:21:04.086, 176.28 W, 99 %
2025/12/04 21:21:04.186, 176.10 W, 99 %
2025/12/04 21:21:04.287, 176.37 W, 99 %
2025/12/04 21:21:04.387, 176.56 W, 99 %
2025/12/04 21:21:04.487, 176.66 W, 99 %
2025/12/04 21:21:04.587, 176.16 W, 99 %
2025/12/04 21:21:04.687, 176.36 W, 99 %
2025/12/04 21:21:04.787, 181.78 W, 99 %
2025/12/04 21:21:04.887, 182.05 W, 99 %
2025/12/04 21:21:04.988, 178.88 W, 99 %
2025/12/04 21:21:05.088, 178.93 W, 96 %
2025/12/04 21:21:05.188, 179.04 W, 96 %
2025/12/04 21:21:05.288, 179.15 W, 99 %
2025/12/04 21:21:05.388, 179.13 W, 99 %
2025/12/04 21:21:05.488, 179.11 W, 91 %
2025/12/04 21:21:05.588, 179.23 W, 91 %
2025/12/04 21:21:05.689, 179.76 W, 99 %
2025/12/04 21:21:05.789, 179.47 W, 99 %
2025/12/04 21:21:05.889, 178.31 W, 92 %
2025/12/04 21:21:05.989, 178.06 W, 92 %
2025/12/04 21:21:06.089, 181.13 W, 99 %
2025/12/04 21:21:06.189, 181.25 W, 99 %
2025/12/04 21:21:06.289, 181.29 W, 98 %
2025/12/04 21:21:06.390, 181.17 W, 98 %
2025/12/04 21:21:06.490, 181.05 W, 99 %
2025/12/04 21:21:06.590, 181.20 W, 99 %
2025/12/04 21:21:06.690, 181.28 W, 99 %
2025/12/04 21:21:06.790, 180.72 W, 99 %
2025/12/04 21:21:06.890, 180.79 W, 99 %
2025/12/04 21:21:06.990, 181.80 W, 99 %
2025/12/04 21:21:07.091, 181.84 W, 99 %
2025/12/04 21:21:07.191, 180.13 W, 99 %
2025/12/04 21:21:07.291, 180.07 W, 96 %
2025/12/04 21:21:07.391, 179.92 W, 96 %
2025/12/04 21:21:07.491, 180.10 W, 99 %
2025/12/04 21:21:07.591, 180.31 W, 99 %
2025/12/04 21:21:07.691, 180.50 W, 90 %
2025/12/04 21:21:07.792, 180.40 W, 90 %
2025/12/04 21:21:07.892, 181.11 W, 99 %
2025/12/04 21:21:07.992, 181.25 W, 99 %
2025/12/04 21:21:08.092, 179.73 W, 91 %
2025/12/04 21:21:08.192, 179.84 W, 91 %
2025/12/04 21:21:08.292, 181.94 W, 99 %
2025/12/04 21:21:08.392, 182.18 W, 99 %
2025/12/04 21:21:08.493, 182.44 W, 99 %
2025/12/04 21:21:08.593, 182.23 W, 99 %
2025/12/04 21:21:08.693, 182.04 W, 99 %
2025/12/04 21:21:08.793, 181.74 W, 99 %
2025/12/04 21:21:08.893, 181.62 W, 99 %
2025/12/04 21:21:08.993, 181.40 W, 99 %
2025/12/04 21:21:09.093, 181.25 W, 99 %
2025/12/04 21:21:09.194, 182.89 W, 99 %
2025/12/04 21:21:09.294, 183.13 W, 99 %
2025/12/04 21:21:09.394, 180.33 W, 99 %
2025/12/04 21:21:09.494, 179.91 W, 99 %
2025/12/04 21:21:09.594, 179.55 W, 99 %
2025/12/04 21:21:09.694, 179.87 W, 99 %
2025/12/04 21:21:09.794, 179.95 W, 99 %
2025/12/04 21:21:09.895, 179.94 W, 92 %
2025/12/04 21:21:09.995, 179.92 W, 92 %
2025/12/04 21:21:10.095, 180.13 W, 99 %
2025/12/04 21:21:10.195, 180.09 W, 99 %
2025/12/04 21:21:10.295, 179.91 W, 90 %
2025/12/04 21:21:10.395, 179.40 W, 90 %
2025/12/04 21:21:10.495, 181.84 W, 99 %
2025/12/04 21:21:10.596, 181.98 W, 99 %
2025/12/04 21:21:10.696, 177.11 W, 88 %
2025/12/04 21:21:10.796, 176.81 W, 88 %
2025/12/04 21:21:10.896, 176.82 W, 99 %
2025/12/04 21:21:10.996, 176.97 W, 99 %
2025/12/04 21:21:11.096, 177.14 W, 99 %
2025/12/04 21:21:11.196, 176.80 W, 99 %
2025/12/04 21:21:11.297, 176.59 W, 99 %
2025/12/04 21:21:11.397, 176.67 W, 99 %
2025/12/04 21:21:11.497, 176.82 W, 99 %
2025/12/04 21:21:11.597, 174.30 W, 99 %
2025/12/04 21:21:11.697, 174.24 W, 99 %
2025/12/04 21:21:11.797, 179.30 W, 99 %
2025/12/04 21:21:11.898, 179.49 W, 99 %
2025/12/04 21:21:11.998, 179.65 W, 99 %
2025/12/04 21:21:12.098, 179.55 W, 91 %
2025/12/04 21:21:12.198, 179.48 W, 91 %
2025/12/04 21:21:12.298, 179.81 W, 99 %
2025/12/04 21:21:12.398, 180.18 W, 99 %
2025/12/04 21:21:12.498, 179.79 W, 88 %
2025/12/04 21:21:12.599, 179.81 W, 88 %
2025/12/04 21:21:12.699, 182.39 W, 99 %
2025/12/04 21:21:12.799, 182.54 W, 99 %
2025/12/04 21:21:12.899, 179.70 W, 92 %
2025/12/04 21:21:12.999, 179.75 W, 92 %
2025/12/04 21:21:13.099, 179.50 W, 99 %
2025/12/04 21:21:13.199, 179.34 W, 99 %
2025/12/04 21:21:13.300, 179.15 W, 99 %
2025/12/04 21:21:13.400, 179.21 W, 99 %
2025/12/04 21:21:13.500, 178.93 W, 99 %
2025/12/04 21:21:13.600, 179.23 W, 99 %
2025/12/04 21:21:13.700, 179.23 W, 99 %
2025/12/04 21:21:13.800, 178.69 W, 99 %
2025/12/04 21:21:13.900, 178.49 W, 99 %
2025/12/04 21:21:14.001, 181.01 W, 99 %
2025/12/04 21:21:14.101, 181.06 W, 99 %
2025/12/04 21:21:14.201, 177.86 W, 99 %
2025/12/04 21:21:14.301, 178.02 W, 96 %
2025/12/04 21:21:14.401, 178.37 W, 96 %
2025/12/04 21:21:14.501, 178.63 W, 99 %
2025/12/04 21:21:14.601, 179.26 W, 99 %
2025/12/04 21:21:14.702, 179.40 W, 92 %
2025/12/04 21:21:14.802, 179.57 W, 92 %
2025/12/04 21:21:14.902, 180.18 W, 99 %
2025/12/04 21:21:15.002, 180.42 W, 99 %
2025/12/04 21:21:15.102, 171.76 W, 73 %
2025/12/04 21:21:15.202, 171.84 W, 73 %
2025/12/04 21:21:15.302, 175.37 W, 99 %
2025/12/04 21:21:15.403, 175.32 W, 99 %
2025/12/04 21:21:15.503, 175.12 W, 99 %
2025/12/04 21:21:15.603, 174.92 W, 99 %
2025/12/04 21:21:15.703, 174.64 W, 99 %
2025/12/04 21:21:15.803, 174.82 W, 99 %
2025/12/04 21:21:15.903, 174.65 W, 99 %
2025/12/04 21:21:16.003, 174.06 W, 99 %
2025/12/04 21:21:16.104, 174.06 W, 99 %
2025/12/04 21:21:16.204, 182.78 W, 99 %
2025/12/04 21:21:16.304, 182.55 W, 99 %
2025/12/04 21:21:16.404, 179.68 W, 99 %
2025/12/04 21:21:16.504, 180.06 W, 96 %
2025/12/04 21:21:16.604, 180.11 W, 96 %
2025/12/04 21:21:16.704, 180.09 W, 99 %
2025/12/04 21:21:16.805, 180.16 W, 99 %
2025/12/04 21:21:16.905, 179.68 W, 91 %
2025/12/04 21:21:17.005, 179.51 W, 91 %
2025/12/04 21:21:17.105, 180.28 W, 99 %
2025/12/04 21:21:17.205, 180.45 W, 99 %
2025/12/04 21:21:17.305, 178.96 W, 91 %
2025/12/04 21:21:17.405, 179.06 W, 91 %
2025/12/04 21:21:17.506, 181.66 W, 99 %
2025/12/04 21:21:17.606, 181.26 W, 99 %
2025/12/04 21:21:17.706, 181.18 W, 99 %
2025/12/04 21:21:17.806, 180.90 W, 99 %
2025/12/04 21:21:17.906, 180.63 W, 99 %
2025/12/04 21:21:18.006, 180.95 W, 99 %
2025/12/04 21:21:18.106, 181.32 W, 99 %
2025/12/04 21:21:18.207, 180.99 W, 99 %
2025/12/04 21:21:18.307, 180.60 W, 99 %
2025/12/04 21:21:18.407, 182.44 W, 99 %
2025/12/04 21:21:18.507, 182.79 W, 99 %
2025/12/04 21:21:18.607, 179.90 W, 99 %
2025/12/04 21:21:18.707, 179.87 W, 99 %
2025/12/04 21:21:18.807, 179.75 W, 99 %
2025/12/04 21:21:18.908, 179.99 W, 99 %
2025/12/04 21:21:19.008, 179.81 W, 99 %
2025/12/04 21:21:19.108, 179.70 W, 92 %
2025/12/04 21:21:19.208, 179.43 W, 92 %
2025/12/04 21:21:19.308, 179.33 W, 99 %
2025/12/04 21:21:19.408, 179.33 W, 99 %
2025/12/04 21:21:19.508, 174.18 W, 70 %
2025/12/04 21:21:19.609, 173.60 W, 70 %
2025/12/04 21:21:19.709, 176.39 W, 99 %
2025/12/04 21:21:19.809, 176.58 W, 99 %
2025/12/04 21:21:19.909, 177.08 W, 99 %
2025/12/04 21:21:20.009, 176.93 W, 99 %
2025/12/04 21:21:20.109, 177.03 W, 99 %
2025/12/04 21:21:20.209, 177.18 W, 99 %
2025/12/04 21:21:20.310, 177.51 W, 99 %
2025/12/04 21:21:20.410, 177.26 W, 99 %
2025/12/04 21:21:20.510, 177.29 W, 99 %
2025/12/04 21:21:20.610, 182.18 W, 99 %
2025/12/04 21:21:20.710, 182.43 W, 99 %
2025/12/04 21:21:20.810, 178.47 W, 99 %
2025/12/04 21:21:20.910, 178.33 W, 99 %
2025/12/04 21:21:21.011, 178.04 W, 99 %
2025/12/04 21:21:21.111, 178.28 W, 99 %
2025/12/04 21:21:21.211, 178.32 W, 99 %
2025/12/04 21:21:21.311, 178.09 W, 90 %
2025/12/04 21:21:21.411, 177.91 W, 90 %
2025/12/04 21:21:21.511, 178.82 W, 99 %
2025/12/04 21:21:21.612, 179.21 W, 99 %
2025/12/04 21:21:21.712, 178.64 W, 92 %
2025/12/04 21:21:21.812, 178.62 W, 92 %
2025/12/04 21:21:21.912, 183.07 W, 99 %
2025/12/04 21:21:22.012, 183.41 W, 99 %
2025/12/04 21:21:22.112, 180.53 W, 94 %
2025/12/04 21:21:22.212, 180.58 W, 94 %
2025/12/04 21:21:22.313, 181.09 W, 99 %
2025/12/04 21:21:22.413, 181.30 W, 99 %
2025/12/04 21:21:22.513, 181.25 W, 99 %
2025/12/04 21:21:22.613, 180.78 W, 99 %
2025/12/04 21:21:22.713, 180.69 W, 99 %
2025/12/04 21:21:22.813, 181.47 W, 99 %
2025/12/04 21:21:22.913, 181.70 W, 99 %
2025/12/04 21:21:23.014, 180.37 W, 99 %
2025/12/04 21:21:23.114, 180.04 W, 99 %
2025/12/04 21:21:23.214, 182.90 W, 99 %
2025/12/04 21:21:23.314, 182.78 W, 99 %
2025/12/04 21:21:23.414, 182.40 W, 99 %
2025/12/04 21:21:23.514, 182.57 W, 92 %
2025/12/04 21:21:23.614, 182.54 W, 92 %
2025/12/04 21:21:23.715, 182.53 W, 99 %
2025/12/04 21:21:23.815, 182.12 W, 99 %
2025/12/04 21:21:23.915, 180.27 W, 70 %
2025/12/04 21:21:24.015, 180.07 W, 70 %
2025/12/04 21:21:24.115, 181.15 W, 99 %
2025/12/04 21:21:24.215, 181.21 W, 99 %
2025/12/04 21:21:24.315, 181.37 W, 97 %
2025/12/04 21:21:24.416, 181.37 W, 97 %
2025/12/04 21:21:24.516, 181.23 W, 99 %
2025/12/04 21:21:24.616, 181.15 W, 99 %
2025/12/04 21:21:24.716, 181.27 W, 99 %
2025/12/04 21:21:24.816, 181.24 W, 99 %
2025/12/04 21:21:24.916, 181.43 W, 99 %
2025/12/04 21:21:25.016, 183.13 W, 99 %
2025/12/04 21:21:25.117, 183.17 W, 99 %
2025/12/04 21:21:25.217, 181.61 W, 99 %
2025/12/04 21:21:25.317, 181.89 W, 99 %
2025/12/04 21:21:25.417, 181.72 W, 99 %
2025/12/04 21:21:25.517, 181.77 W, 99 %
2025/12/04 21:21:25.617, 182.07 W, 99 %
2025/12/04 21:21:25.717, 182.31 W, 92 %
2025/12/04 21:21:25.818, 182.12 W, 92 %
2025/12/04 21:21:25.918, 182.06 W, 99 %
2025/12/04 21:21:26.018, 181.88 W, 99 %
2025/12/04 21:21:26.118, 181.91 W, 92 %
2025/12/04 21:21:26.218, 182.03 W, 92 %
2025/12/04 21:21:26.318, 183.63 W, 99 %
2025/12/04 21:21:26.418, 183.43 W, 99 %
2025/12/04 21:21:26.519, 181.26 W, 91 %
2025/12/04 21:21:26.619, 181.22 W, 91 %
2025/12/04 21:21:26.719, 181.01 W, 99 %
2025/12/04 21:21:26.819, 180.87 W, 99 %
2025/12/04 21:21:26.919, 181.04 W, 99 %
2025/12/04 21:21:27.019, 181.12 W, 99 %
2025/12/04 21:21:27.119, 181.38 W, 99 %
2025/12/04 21:21:27.220, 181.49 W, 99 %
2025/12/04 21:21:27.320, 181.36 W, 99 %
2025/12/04 21:21:27.420, 181.18 W, 99 %
2025/12/04 21:21:27.520, 181.23 W, 99 %
2025/12/04 21:21:27.620, 183.59 W, 99 %
2025/12/04 21:21:27.720, 183.65 W, 99 %
2025/12/04 21:21:27.820, 180.63 W, 99 %
2025/12/04 21:21:27.921, 180.40 W, 99 %
2025/12/04 21:21:28.021, 180.30 W, 99 %
2025/12/04 21:21:28.121, 180.41 W, 99 %
2025/12/04 21:21:28.221, 180.30 W, 99 %
2025/12/04 21:21:28.321, 179.87 W, 70 %
2025/12/04 21:21:28.421, 180.18 W, 70 %
2025/12/04 21:21:28.521, 180.47 W, 99 %
2025/12/04 21:21:28.622, 180.55 W, 99 %
2025/12/04 21:21:28.722, 176.65 W, 91 %
2025/12/04 21:21:28.822, 176.72 W, 91 %
2025/12/04 21:21:28.922, 179.65 W, 99 %
2025/12/04 21:21:29.022, 179.54 W, 99 %
2025/12/04 21:21:29.122, 179.34 W, 99 %
2025/12/04 21:21:29.222, 179.33 W, 99 %
2025/12/04 21:21:29.323, 179.56 W, 99 %
2025/12/04 21:21:29.423, 179.99 W, 99 %
2025/12/04 21:21:29.523, 179.42 W, 99 %
2025/12/04 21:21:29.623, 178.87 W, 99 %
2025/12/04 21:21:29.723, 178.74 W, 99 %
2025/12/04 21:21:29.823, 182.54 W, 99 %
2025/12/04 21:21:29.923, 182.16 W, 99 %
2025/12/04 21:21:30.024, 179.79 W, 99 %
2025/12/04 21:21:30.124, 179.80 W, 97 %
2025/12/04 21:21:30.224, 180.13 W, 97 %
2025/12/04 21:21:30.324, 180.48 W, 99 %
2025/12/04 21:21:30.424, 180.41 W, 99 %
2025/12/04 21:21:30.524, 180.27 W, 92 %
2025/12/04 21:21:30.624, 180.30 W, 92 %
2025/12/04 21:21:30.725, 180.68 W, 99 %
2025/12/04 21:21:30.825, 180.79 W, 99 %
2025/12/04 21:21:30.925, 179.92 W, 92 %
2025/12/04 21:21:31.025, 180.13 W, 92 %
2025/12/04 21:21:31.125, 182.51 W, 99 %
2025/12/04 21:21:31.225, 182.63 W, 99 %
2025/12/04 21:21:31.325, 182.63 W, 99 %
2025/12/04 21:21:31.426, 182.51 W, 99 %
2025/12/04 21:21:31.526, 182.49 W, 99 %
2025/12/04 21:21:31.626, 182.47 W, 99 %
2025/12/04 21:21:31.726, 182.69 W, 99 %
2025/12/04 21:21:31.826, 182.62 W, 99 %
2025/12/04 21:21:31.926, 182.41 W, 99 %
2025/12/04 21:21:32.026, 183.10 W, 99 %
2025/12/04 21:21:32.127, 183.14 W, 99 %
2025/12/04 21:21:32.227, 181.74 W, 99 %
2025/12/04 21:21:32.327, 181.84 W, 99 %
2025/12/04 21:21:32.427, 181.73 W, 99 %
2025/12/04 21:21:32.527, 181.58 W, 99 %
2025/12/04 21:21:32.627, 181.36 W, 99 %
2025/12/04 21:21:32.728, 181.27 W, 69 %
2025/12/04 21:21:32.828, 181.17 W, 69 %
2025/12/04 21:21:32.928, 181.28 W, 99 %
2025/12/04 21:21:33.028, 181.43 W, 99 %
2025/12/04 21:21:33.128, 180.35 W, 91 %
2025/12/04 21:21:33.228, 180.29 W, 91 %
2025/12/04 21:21:33.328, 181.77 W, 99 %
2025/12/04 21:21:33.429, 181.92 W, 99 %
2025/12/04 21:21:33.529, 182.29 W, 99 %
2025/12/04 21:21:33.629, 182.21 W, 99 %
2025/12/04 21:21:33.729, 182.29 W, 99 %
2025/12/04 21:21:33.829, 182.29 W, 99 %
2025/12/04 21:21:33.929, 182.29 W, 99 %
2025/12/04 21:21:34.029, 182.28 W, 99 %
2025/12/04 21:21:34.130, 182.29 W, 99 %
2025/12/04 21:21:34.230, 183.55 W, 99 %
2025/12/04 21:21:34.330, 183.71 W, 99 %
2025/12/04 21:21:34.430, 182.23 W, 99 %
2025/12/04 21:21:34.530, 182.18 W, 99 %
2025/12/04 21:21:34.630, 181.90 W, 99 %
2025/12/04 21:21:34.730, 182.00 W, 99 %
2025/12/04 21:21:34.831, 182.26 W, 99 %
2025/12/04 21:21:34.931, 182.79 W, 92 %
2025/12/04 21:21:35.031, 183.02 W, 92 %
2025/12/04 21:21:35.131, 183.02 W, 99 %
2025/12/04 21:21:35.231, 183.00 W, 99 %
2025/12/04 21:21:35.331, 183.22 W, 92 %
2025/12/04 21:21:35.431, 183.43 W, 92 %
2025/12/04 21:21:35.532, 184.97 W, 99 %
2025/12/04 21:21:35.632, 184.74 W, 99 %
2025/12/04 21:21:35.732, 182.43 W, 92 %
2025/12/04 21:21:35.832, 182.52 W, 92 %
2025/12/04 21:21:35.932, 182.30 W, 99 %
2025/12/04 21:21:36.032, 181.87 W, 99 %
2025/12/04 21:21:36.132, 181.88 W, 99 %
2025/12/04 21:21:36.233, 181.84 W, 99 %
2025/12/04 21:21:36.333, 181.65 W, 99 %
2025/12/04 21:21:36.433, 181.51 W, 99 %
2025/12/04 21:21:36.533, 181.59 W, 99 %
2025/12/04 21:21:36.633, 181.59 W, 99 %
2025/12/04 21:21:36.733, 181.59 W, 99 %
2025/12/04 21:21:36.833, 183.77 W, 99 %
2025/12/04 21:21:36.934, 183.49 W, 99 %
2025/12/04 21:21:37.034, 178.10 W, 99 %
2025/12/04 21:21:37.134, 178.20 W, 82 %
2025/12/04 21:21:37.234, 177.94 W, 82 %
2025/12/04 21:21:37.334, 178.15 W, 99 %
2025/12/04 21:21:37.434, 178.62 W, 99 %
2025/12/04 21:21:37.534, 178.59 W, 91 %
2025/12/04 21:21:37.635, 178.61 W, 91 %
2025/12/04 21:21:37.735, 178.97 W, 99 %
2025/12/04 21:21:37.835, 178.93 W, 99 %
2025/12/04 21:21:37.935, 176.46 W, 92 %
2025/12/04 21:21:38.035, 176.34 W, 92 %
2025/12/04 21:21:38.135, 181.82 W, 99 %
2025/12/04 21:21:38.235, 182.06 W, 99 %
2025/12/04 21:21:38.336, 182.17 W, 99 %
2025/12/04 21:21:38.436, 182.04 W, 99 %
2025/12/04 21:21:38.536, 181.86 W, 99 %
2025/12/04 21:21:38.636, 182.14 W, 99 %
2025/12/04 21:21:38.736, 182.13 W, 99 %
2025/12/04 21:21:38.836, 182.01 W, 99 %
2025/12/04 21:21:38.936, 182.15 W, 99 %
2025/12/04 21:21:39.037, 184.86 W, 99 %
2025/12/04 21:21:39.137, 185.25 W, 99 %
2025/12/04 21:21:39.237, 181.65 W, 99 %
2025/12/04 21:21:39.337, 181.29 W, 99 %
2025/12/04 21:21:39.437, 181.37 W, 99 %
2025/12/04 21:21:39.537, 181.56 W, 99 %
2025/12/04 21:21:39.637, 181.66 W, 99 %
2025/12/04 21:21:39.738, 181.26 W, 91 %
2025/12/04 21:21:39.838, 180.82 W, 91 %
2025/12/04 21:21:39.938, 180.66 W, 99 %
2025/12/04 21:21:40.038, 180.81 W, 99 %
2025/12/04 21:21:40.138, 180.22 W, 89 %
2025/12/04 21:21:40.238, 180.12 W, 89 %
2025/12/04 21:21:40.338, 183.65 W, 99 %
2025/12/04 21:21:40.439, 183.78 W, 99 %
2025/12/04 21:21:40.539, 180.12 W, 94 %
2025/12/04 21:21:40.639, 179.91 W, 94 %
2025/12/04 21:21:40.739, 179.72 W, 99 %
2025/12/04 21:21:40.839, 179.94 W, 99 %
2025/12/04 21:21:40.939, 180.05 W, 99 %
2025/12/04 21:21:41.040, 179.71 W, 99 %
2025/12/04 21:21:41.140, 179.76 W, 99 %
2025/12/04 21:21:41.240, 180.57 W, 99 %
2025/12/04 21:21:41.340, 180.57 W, 99 %
2025/12/04 21:21:41.440, 171.38 W, 99 %
2025/12/04 21:21:41.540, 171.43 W, 99 %
2025/12/04 21:21:41.640, 175.16 W, 99 %
2025/12/04 21:21:41.741, 175.18 W, 99 %
2025/12/04 21:21:41.841, 175.12 W, 99 %
2025/12/04 21:21:41.941, 175.22 W, 91 %
2025/12/04 21:21:42.041, 175.41 W, 91 %
2025/12/04 21:21:42.141, 175.63 W, 99 %
2025/12/04 21:21:42.241, 175.50 W, 99 %
2025/12/04 21:21:42.341, 174.83 W, 92 %
2025/12/04 21:21:42.442, 174.90 W, 92 %
2025/12/04 21:21:42.542, 184.19 W, 99 %
2025/12/04 21:21:42.642, 184.05 W, 99 %
2025/12/04 21:21:42.742, 180.27 W, 94 %
2025/12/04 21:21:42.842, 180.42 W, 94 %
2025/12/04 21:21:42.942, 180.68 W, 99 %
2025/12/04 21:21:43.042, 180.62 W, 99 %
2025/12/04 21:21:43.143, 180.35 W, 99 %
2025/12/04 21:21:43.243, 180.14 W, 99 %
2025/12/04 21:21:43.343, 180.13 W, 99 %
2025/12/04 21:21:43.443, 180.79 W, 99 %
2025/12/04 21:21:43.543, 180.90 W, 99 %
2025/12/04 21:21:43.643, 180.11 W, 99 %
2025/12/04 21:21:43.743, 180.03 W, 99 %
2025/12/04 21:21:43.844, 183.98 W, 99 %
2025/12/04 21:21:43.944, 184.09 W, 99 %
2025/12/04 21:21:44.044, 182.34 W, 99 %
2025/12/04 21:21:44.144, 182.29 W, 96 %
2025/12/04 21:21:44.244, 182.40 W, 96 %
2025/12/04 21:21:44.344, 182.66 W, 99 %
2025/12/04 21:21:44.445, 182.66 W, 99 %
2025/12/04 21:21:44.545, 182.46 W, 92 %
2025/12/04 21:21:44.645, 182.23 W, 92 %
2025/12/04 21:21:44.745, 183.02 W, 99 %
2025/12/04 21:21:44.846, 183.05 W, 99 %
2025/12/04 21:21:44.946, 181.69 W, 92 %
2025/12/04 21:21:45.046, 181.41 W, 92 %
2025/12/04 21:21:45.146, 182.90 W, 99 %
2025/12/04 21:21:45.246, 182.89 W, 99 %
2025/12/04 21:21:45.346, 183.01 W, 99 %
2025/12/04 21:21:45.446, 183.08 W, 99 %
2025/12/04 21:21:45.547, 183.00 W, 99 %
2025/12/04 21:21:45.647, 182.88 W, 99 %
2025/12/04 21:21:45.747, 182.66 W, 99 %
2025/12/04 21:21:45.847, 179.96 W, 99 %
2025/12/04 21:21:45.947, 180.10 W, 99 %
2025/12/04 21:21:46.047, 180.89 W, 99 %
2025/12/04 21:21:46.147, 181.00 W, 99 %
2025/12/04 21:21:46.248, 181.19 W, 99 %
2025/12/04 21:21:46.348, 181.23 W, 94 %
2025/12/04 21:21:46.448, 181.21 W, 94 %
2025/12/04 21:21:46.548, 181.17 W, 99 %
2025/12/04 21:21:46.648, 181.20 W, 99 %
2025/12/04 21:21:46.748, 181.15 W, 91 %
2025/12/04 21:21:46.849, 181.47 W, 91 %
2025/12/04 21:21:46.949, 184.17 W, 99 %
2025/12/04 21:21:47.049, 184.08 W, 99 %
2025/12/04 21:21:47.149, 182.86 W, 92 %
2025/12/04 21:21:47.249, 182.86 W, 92 %
2025/12/04 21:21:47.349, 182.92 W, 99 %
2025/12/04 21:21:47.449, 182.82 W, 99 %
2025/12/04 21:21:47.550, 182.73 W, 99 %
2025/12/04 21:21:47.650, 182.79 W, 99 %
2025/12/04 21:21:47.750, 183.24 W, 99 %
2025/12/04 21:21:47.850, 183.47 W, 99 %
2025/12/04 21:21:47.950, 183.25 W, 99 %
2025/12/04 21:21:48.050, 183.35 W, 99 %
2025/12/04 21:21:48.150, 185.08 W, 99 %
2025/12/04 21:21:48.251, 185.02 W, 99 %
2025/12/04 21:21:48.351, 182.86 W, 99 %
2025/12/04 21:21:48.451, 182.99 W, 99 %
2025/12/04 21:21:48.551, 182.87 W, 99 %
2025/12/04 21:21:48.651, 182.91 W, 99 %
2025/12/04 21:21:48.751, 182.90 W, 99 %
2025/12/04 21:21:48.851, 182.82 W, 99 %
2025/12/04 21:21:48.952, 182.54 W, 91 %
2025/12/04 21:21:49.052, 182.77 W, 91 %
2025/12/04 21:21:49.152, 182.71 W, 99 %
2025/12/04 21:21:49.252, 182.45 W, 99 %
2025/12/04 21:21:49.352, 182.39 W, 99 %
2025/12/04 21:21:49.452, 184.32 W, 99 %
2025/12/04 21:21:49.552, 184.03 W, 99 %
2025/12/04 21:21:49.653, 180.65 W, 99 %
2025/12/04 21:21:49.753, 180.84 W, 99 %
2025/12/04 21:21:49.853, 180.82 W, 99 %
2025/12/04 21:21:49.953, 180.65 W, 99 %
2025/12/04 21:21:50.053, 180.86 W, 99 %
2025/12/04 21:21:50.153, 180.29 W, 70 %
2025/12/04 21:21:50.254, 180.29 W, 70 %
2025/12/04 21:21:50.354, 180.43 W, 99 %
2025/12/04 21:21:50.454, 180.71 W, 99 %
2025/12/04 21:21:50.554, 177.56 W, 91 %
2025/12/04 21:21:50.654, 177.43 W, 91 %
2025/12/04 21:21:50.754, 180.79 W, 99 %
2025/12/04 21:21:50.854, 180.75 W, 99 %
2025/12/04 21:21:50.955, 180.89 W, 99 %
2025/12/04 21:21:51.055, 180.70 W, 99 %
2025/12/04 21:21:51.155, 180.38 W, 99 %
2025/12/04 21:21:51.255, 181.17 W, 99 %
2025/12/04 21:21:51.355, 181.63 W, 99 %
2025/12/04 21:21:51.455, 181.27 W, 99 %
2025/12/04 21:21:51.555, 181.02 W, 99 %
2025/12/04 21:21:51.656, 184.29 W, 99 %
2025/12/04 21:21:51.756, 184.72 W, 99 %
2025/12/04 21:21:51.856, 180.24 W, 99 %
2025/12/04 21:21:51.956, 180.29 W, 99 %
2025/12/04 21:21:52.056, 180.21 W, 99 %
2025/12/04 21:21:52.156, 180.51 W, 99 %
2025/12/04 21:21:52.256, 180.54 W, 99 %
2025/12/04 21:21:52.357, 180.39 W, 92 %
2025/12/04 21:21:52.457, 179.97 W, 92 %
2025/12/04 21:21:52.557, 180.18 W, 99 %
2025/12/04 21:21:52.657, 180.22 W, 99 %
2025/12/04 21:21:52.757, 180.18 W, 92 %
2025/12/04 21:21:52.857, 179.95 W, 92 %
2025/12/04 21:21:52.957, 184.66 W, 99 %
2025/12/04 21:21:53.058, 184.50 W, 99 %
2025/12/04 21:21:53.158, 180.93 W, 91 %
2025/12/04 21:21:53.258, 180.46 W, 91 %
2025/12/04 21:21:53.358, 180.85 W, 99 %
2025/12/04 21:21:53.458, 180.90 W, 99 %
2025/12/04 21:21:53.558, 181.32 W, 99 %
2025/12/04 21:21:53.658, 181.39 W, 99 %
2025/12/04 21:21:53.759, 181.26 W, 99 %
2025/12/04 21:21:53.859, 181.39 W, 99 %
2025/12/04 21:21:53.959, 181.54 W, 99 %
2025/12/04 21:21:54.059, 181.07 W, 99 %
2025/12/04 21:21:54.159, 181.30 W, 99 %
2025/12/04 21:21:54.259, 185.01 W, 99 %
2025/12/04 21:21:54.359, 185.35 W, 99 %
2025/12/04 21:21:54.460, 182.62 W, 99 %
2025/12/04 21:21:54.560, 182.40 W, 75 %
2025/12/04 21:21:54.660, 182.19 W, 75 %
2025/12/04 21:21:54.760, 182.05 W, 99 %
2025/12/04 21:21:54.860, 182.29 W, 99 %
2025/12/04 21:21:54.960, 181.75 W, 91 %
2025/12/04 21:21:55.060, 181.63 W, 91 %
2025/12/04 21:21:55.160, 182.00 W, 99 %
2025/12/04 21:21:55.261, 181.83 W, 99 %
2025/12/04 21:21:55.361, 178.08 W, 93 %
2025/12/04 21:21:55.461, 178.14 W, 93 %
2025/12/04 21:21:55.561, 180.53 W, 99 %
2025/12/04 21:21:55.661, 180.62 W, 99 %
2025/12/04 21:21:55.761, 180.58 W, 99 %
2025/12/04 21:21:55.861, 180.74 W, 99 %
2025/12/04 21:21:55.962, 180.59 W, 99 %
2025/12/04 21:21:56.062, 181.13 W, 99 %
2025/12/04 21:21:56.162, 181.14 W, 99 %
2025/12/04 21:21:56.262, 180.71 W, 99 %
2025/12/04 21:21:56.362, 180.86 W, 99 %
2025/12/04 21:21:56.462, 184.63 W, 99 %
2025/12/04 21:21:56.563, 184.56 W, 99 %
2025/12/04 21:21:56.663, 181.72 W, 99 %
2025/12/04 21:21:56.763, 182.15 W, 98 %
2025/12/04 21:21:56.863, 182.25 W, 98 %
2025/12/04 21:21:56.963, 182.35 W, 99 %
2025/12/04 21:21:57.063, 182.35 W, 99 %
2025/12/04 21:21:57.163, 182.40 W, 94 %
2025/12/04 21:21:57.264, 182.74 W, 94 %
2025/12/04 21:21:57.364, 183.19 W, 99 %
2025/12/04 21:21:57.464, 183.09 W, 99 %
2025/12/04 21:21:57.564, 182.18 W, 91 %
2025/12/04 21:21:57.664, 182.16 W, 91 %
2025/12/04 21:21:57.764, 185.19 W, 99 %
2025/12/04 21:21:57.864, 184.84 W, 99 %
2025/12/04 21:21:57.965, 182.43 W, 94 %
2025/12/04 21:21:58.065, 182.25 W, 94 %
2025/12/04 21:21:58.165, 182.26 W, 99 %
2025/12/04 21:21:58.265, 182.09 W, 99 %
2025/12/04 21:21:58.365, 181.73 W, 99 %
2025/12/04 21:21:58.465, 181.57 W, 99 %
2025/12/04 21:21:58.565, 181.52 W, 99 %
2025/12/04 21:21:58.666, 182.42 W, 99 %
2025/12/04 21:21:58.766, 182.18 W, 99 %
2025/12/04 21:21:58.866, 172.87 W, 99 %
2025/12/04 21:21:58.966, 172.66 W, 97 %
2025/12/04 21:21:59.066, 175.10 W, 97 %
2025/12/04 21:21:59.166, 175.58 W, 99 %
2025/12/04 21:21:59.266, 175.89 W, 99 %
2025/12/04 21:21:59.367, 175.70 W, 92 %
2025/12/04 21:21:59.467, 175.47 W, 92 %
2025/12/04 21:21:59.567, 175.49 W, 99 %
2025/12/04 21:21:59.667, 175.27 W, 99 %
2025/12/04 21:21:59.767, 174.32 W, 91 %
2025/12/04 21:21:59.867, 174.41 W, 91 %
2025/12/04 21:21:59.967, 183.30 W, 99 %
2025/12/04 21:22:00.068, 183.22 W, 99 %
2025/12/04 21:22:00.168, 179.83 W, 92 %
2025/12/04 21:22:00.268, 179.55 W, 92 %
2025/12/04 21:22:00.368, 179.29 W, 99 %
2025/12/04 21:22:00.468, 179.46 W, 99 %
2025/12/04 21:22:00.568, 179.64 W, 99 %
2025/12/04 21:22:00.669, 179.92 W, 99 %
2025/12/04 21:22:00.769, 180.24 W, 99 %
2025/12/04 21:22:00.869, 181.01 W, 99 %
2025/12/04 21:22:00.969, 181.30 W, 99 %
2025/12/04 21:22:01.069, 180.46 W, 99 %
2025/12/04 21:22:01.169, 180.70 W, 99 %
2025/12/04 21:22:01.269, 183.84 W, 99 %
2025/12/04 21:22:01.370, 184.01 W, 99 %
2025/12/04 21:22:01.470, 183.94 W, 99 %
2025/12/04 21:22:01.570, 183.88 W, 93 %
2025/12/04 21:22:01.670, 183.74 W, 93 %
2025/12/04 21:22:01.770, 183.52 W, 99 %
2025/12/04 21:22:01.870, 183.34 W, 99 %
2025/12/04 21:22:01.970, 183.24 W, 91 %
2025/12/04 21:22:02.071, 183.04 W, 91 %
2025/12/04 21:22:02.171, 184.23 W, 99 %
2025/12/04 21:22:02.271, 184.41 W, 99 %
2025/12/04 21:22:02.371, 183.65 W, 92 %
2025/12/04 21:22:02.471, 183.80 W, 92 %
2025/12/04 21:22:02.571, 183.94 W, 99 %
2025/12/04 21:22:02.671, 184.11 W, 99 %
2025/12/04 21:22:02.772, 183.75 W, 96 %
2025/12/04 21:22:02.872, 184.00 W, 96 %
2025/12/04 21:22:02.972, 184.20 W, 99 %
2025/12/04 21:22:03.072, 184.57 W, 99 %
2025/12/04 21:22:03.172, 184.64 W, 99 %
2025/12/04 21:22:03.272, 183.39 W, 99 %
2025/12/04 21:22:03.372, 183.31 W, 99 %
2025/12/04 21:22:03.473, 184.18 W, 99 %
2025/12/04 21:22:03.573, 183.88 W, 99 %
2025/12/04 21:22:03.673, 180.86 W, 99 %
2025/12/04 21:22:03.773, 180.79 W, 99 %
2025/12/04 21:22:03.873, 181.31 W, 99 %
2025/12/04 21:22:03.973, 181.24 W, 99 %
2025/12/04 21:22:04.073, 181.08 W, 99 %
2025/12/04 21:22:04.174, 180.72 W, 91 %
2025/12/04 21:22:04.274, 180.51 W, 91 %
2025/12/04 21:22:04.374, 181.75 W, 99 %
2025/12/04 21:22:04.474, 181.59 W, 99 %
2025/12/04 21:22:04.574, 181.05 W, 92 %
2025/12/04 21:22:04.674, 180.95 W, 92 %
2025/12/04 21:22:04.774, 184.01 W, 99 %
2025/12/04 21:22:04.875, 184.09 W, 99 %
2025/12/04 21:22:04.975, 180.76 W, 92 %
2025/12/04 21:22:05.075, 180.72 W, 92 %
2025/12/04 21:22:05.175, 180.75 W, 99 %
2025/12/04 21:22:05.275, 180.64 W, 99 %
2025/12/04 21:22:05.375, 180.82 W, 99 %
2025/12/04 21:22:05.476, 180.90 W, 99 %
2025/12/04 21:22:05.576, 181.09 W, 99 %
2025/12/04 21:22:05.676, 181.62 W, 99 %
2025/12/04 21:22:05.776, 181.80 W, 99 %
2025/12/04 21:22:05.876, 180.94 W, 99 %
2025/12/04 21:22:05.976, 181.12 W, 99 %
2025/12/04 21:22:06.076, 184.29 W, 99 %
2025/12/04 21:22:06.177, 184.39 W, 99 %
2025/12/04 21:22:06.277, 184.67 W, 99 %
2025/12/04 21:22:06.377, 184.90 W, 94 %
2025/12/04 21:22:06.477, 184.82 W, 94 %
2025/12/04 21:22:06.577, 184.63 W, 99 %
2025/12/04 21:22:06.677, 184.60 W, 99 %
2025/12/04 21:22:06.777, 184.68 W, 92 %
2025/12/04 21:22:06.878, 184.21 W, 92 %
2025/12/04 21:22:06.978, 185.26 W, 99 %
2025/12/04 21:22:07.078, 185.32 W, 99 %
2025/12/04 21:22:07.178, 184.25 W, 92 %
2025/12/04 21:22:07.278, 184.06 W, 92 %
2025/12/04 21:22:07.378, 183.99 W, 99 %
2025/12/04 21:22:07.478, 184.22 W, 99 %
2025/12/04 21:22:07.579, 184.27 W, 98 %
2025/12/04 21:22:07.679, 173.86 W, 98 %
2025/12/04 21:22:07.779, 173.75 W, 86 %
2025/12/04 21:22:07.879, 173.50 W, 86 %
2025/12/04 21:22:07.979, 173.87 W, 99 %
2025/12/04 21:22:08.079, 173.57 W, 99 %
2025/12/04 21:22:08.179, 173.31 W, 93 %
2025/12/04 21:22:08.280, 174.57 W, 93 %
2025/12/04 21:22:08.380, 174.61 W, 99 %
2025/12/04 21:22:08.480, 174.34 W, 99 %
2025/12/04 21:22:08.580, 172.81 W, 91 %
2025/12/04 21:22:08.680, 172.72 W, 91 %
2025/12/04 21:22:08.780, 183.11 W, 99 %
2025/12/04 21:22:08.880, 183.15 W, 99 %
2025/12/04 21:22:08.981, 183.19 W, 99 %
2025/12/04 21:22:09.081, 183.03 W, 99 %
2025/12/04 21:22:09.181, 183.21 W, 99 %
2025/12/04 21:22:09.281, 183.05 W, 99 %
2025/12/04 21:22:09.381, 183.12 W, 99 %
2025/12/04 21:22:09.481, 183.03 W, 99 %
2025/12/04 21:22:09.582, 183.04 W, 99 %
2025/12/04 21:22:09.682, 184.40 W, 99 %
2025/12/04 21:22:09.782, 184.61 W, 99 %
2025/12/04 21:22:09.882, 183.24 W, 99 %
2025/12/04 21:22:09.982, 183.17 W, 99 %
2025/12/04 21:22:10.082, 183.21 W, 99 %
2025/12/04 21:22:10.182, 183.21 W, 99 %
2025/12/04 21:22:10.283, 183.03 W, 99 %
2025/12/04 21:22:10.383, 183.04 W, 93 %
2025/12/04 21:22:10.483, 182.93 W, 93 %
2025/12/04 21:22:10.583, 182.93 W, 99 %
2025/12/04 21:22:10.683, 183.00 W, 99 %
2025/12/04 21:22:10.783, 182.69 W, 93 %
2025/12/04 21:22:10.883, 182.57 W, 93 %
2025/12/04 21:22:10.984, 183.75 W, 99 %
2025/12/04 21:22:11.084, 183.62 W, 99 %
2025/12/04 21:22:11.184, 181.33 W, 91 %
2025/12/04 21:22:11.284, 181.74 W, 91 %
2025/12/04 21:22:11.384, 182.25 W, 99 %
2025/12/04 21:22:11.484, 182.37 W, 99 %
2025/12/04 21:22:11.585, 182.47 W, 99 %
2025/12/04 21:22:11.685, 182.86 W, 99 %
2025/12/04 21:22:11.785, 183.22 W, 99 %
2025/12/04 21:22:11.885, 183.56 W, 99 %
2025/12/04 21:22:11.985, 183.53 W, 99 %
2025/12/04 21:22:12.085, 179.84 W, 99 %
2025/12/04 21:22:12.185, 180.11 W, 99 %
2025/12/04 21:22:12.286, 182.35 W, 99 %
2025/12/04 21:22:12.386, 181.96 W, 99 %
2025/12/04 21:22:12.486, 181.60 W, 99 %
2025/12/04 21:22:12.586, 181.92 W, 91 %
2025/12/04 21:22:12.686, 182.05 W, 91 %
2025/12/04 21:22:12.786, 181.77 W, 99 %
2025/12/04 21:22:12.886, 181.44 W, 99 %
2025/12/04 21:22:12.987, 181.21 W, 92 %
2025/12/04 21:22:13.087, 181.24 W, 92 %
2025/12/04 21:22:13.187, 185.40 W, 99 %
2025/12/04 21:22:13.287, 185.65 W, 99 %
2025/12/04 21:22:13.387, 183.47 W, 92 %
2025/12/04 21:22:13.487, 183.50 W, 92 %
2025/12/04 21:22:13.587, 183.26 W, 99 %
2025/12/04 21:22:13.688, 182.79 W, 99 %
2025/12/04 21:22:13.788, 182.66 W, 99 %
2025/12/04 21:22:13.888, 183.03 W, 99 %
2025/12/04 21:22:13.988, 183.31 W, 99 %
2025/12/04 21:22:14.088, 183.73 W, 99 %
2025/12/04 21:22:14.188, 183.52 W, 99 %
2025/12/04 21:22:14.289, 182.99 W, 99 %
2025/12/04 21:22:14.389, 182.66 W, 99 %
2025/12/04 21:22:14.489, 185.10 W, 99 %
2025/12/04 21:22:14.589, 185.51 W, 99 %
2025/12/04 21:22:14.689, 183.90 W, 99 %
2025/12/04 21:22:14.789, 184.11 W, 99 %
2025/12/04 21:22:14.889, 184.14 W, 99 %
2025/12/04 21:22:14.990, 183.80 W, 99 %
2025/12/04 21:22:15.090, 183.80 W, 99 %
2025/12/04 21:22:15.190, 183.64 W, 92 %
2025/12/04 21:22:15.290, 184.07 W, 92 %
2025/12/04 21:22:15.390, 184.47 W, 99 %
2025/12/04 21:22:15.490, 184.51 W, 99 %
2025/12/04 21:22:15.590, 183.57 W, 91 %
2025/12/04 21:22:15.691, 185.40 W, 99 %
2025/12/04 21:22:15.791, 185.47 W, 99 %
2025/12/04 21:22:15.891, 183.47 W, 93 %
2025/12/04 21:22:15.991, 183.15 W, 93 %
2025/12/04 21:22:16.091, 183.15 W, 93 %
2025/12/04 21:22:16.191, 183.23 W, 99 %
2025/12/04 21:22:16.291, 183.26 W, 99 %
2025/12/04 21:22:16.392, 182.89 W, 99 %
2025/12/04 21:22:16.492, 182.83 W, 99 %
2025/12/04 21:22:16.592, 183.11 W, 99 %
2025/12/04 21:22:16.692, 183.15 W, 99 %
2025/12/04 21:22:16.792, 181.48 W, 99 %
2025/12/04 21:22:16.892, 181.22 W, 99 %
2025/12/04 21:22:16.992, 183.30 W, 99 %
2025/12/04 21:22:17.093, 183.30 W, 99 %
2025/12/04 21:22:17.193, 183.21 W, 99 %
2025/12/04 21:22:17.293, 182.96 W, 99 %
2025/12/04 21:22:17.393, 183.03 W, 91 %
2025/12/04 21:22:17.493, 183.37 W, 99 %
2025/12/04 21:22:17.593, 183.25 W, 99 %
2025/12/04 21:22:17.693, 183.44 W, 92 %
2025/12/04 21:22:17.794, 183.50 W, 92 %
2025/12/04 21:22:17.894, 185.02 W, 99 %
2025/12/04 21:22:17.994, 185.02 W, 99 %
2025/12/04 21:22:18.094, 185.02 W, 99 %
2025/12/04 21:22:18.194, 183.35 W, 92 %
2025/12/04 21:22:18.294, 183.56 W, 99 %
2025/12/04 21:22:18.394, 183.42 W, 99 %
2025/12/04 21:22:18.495, 183.20 W, 99 %
2025/12/04 21:22:18.595, 183.21 W, 99 %
2025/12/04 21:22:18.695, 183.53 W, 99 %
2025/12/04 21:22:18.795, 183.50 W, 99 %
2025/12/04 21:22:18.895, 183.62 W, 99 %
2025/12/04 21:22:18.995, 183.67 W, 99 %
2025/12/04 21:22:19.095, 183.77 W, 99 %
2025/12/04 21:22:19.196, 185.19 W, 99 %
2025/12/04 21:22:19.296, 184.92 W, 99 %
2025/12/04 21:22:19.396, 182.21 W, 99 %
2025/12/04 21:22:19.496, 182.52 W, 99 %
2025/12/04 21:22:19.596, 182.38 W, 99 %
2025/12/04 21:22:19.696, 182.52 W, 99 %
2025/12/04 21:22:19.796, 182.75 W, 99 %
2025/12/04 21:22:19.897, 182.41 W, 92 %
2025/12/04 21:22:19.997, 182.26 W, 92 %
2025/12/04 21:22:20.097, 182.28 W, 92 %
2025/12/04 21:22:20.197, 182.49 W, 99 %
2025/12/04 21:22:20.297, 182.24 W, 92 %
2025/12/04 21:22:20.397, 182.25 W, 92 %
2025/12/04 21:22:20.498, 185.08 W, 99 %
2025/12/04 21:22:20.598, 185.24 W, 99 %
2025/12/04 21:22:20.698, 180.79 W, 88 %
2025/12/04 21:22:20.798, 180.59 W, 88 %
2025/12/04 21:22:20.898, 180.43 W, 99 %
2025/12/04 21:22:20.998, 180.70 W, 99 %
2025/12/04 21:22:21.098, 180.55 W, 99 %
2025/12/04 21:22:21.199, 180.52 W, 99 %
2025/12/04 21:22:21.299, 180.34 W, 99 %
2025/12/04 21:22:21.399, 180.95 W, 99 %
2025/12/04 21:22:21.499, 181.11 W, 99 %
2025/12/04 21:22:21.599, 178.68 W, 99 %
2025/12/04 21:22:21.699, 178.57 W, 99 %
2025/12/04 21:22:21.799, 183.41 W, 99 %
2025/12/04 21:22:21.900, 183.54 W, 99 %
2025/12/04 21:22:22.000, 183.40 W, 99 %
2025/12/04 21:22:22.100, 183.40 W, 92 %
2025/12/04 21:22:22.200, 183.59 W, 92 %
2025/12/04 21:22:22.300, 183.71 W, 99 %
2025/12/04 21:22:22.400, 183.79 W, 99 %
2025/12/04 21:22:22.500, 183.38 W, 92 %
2025/12/04 21:22:22.601, 183.15 W, 92 %
2025/12/04 21:22:22.701, 185.29 W, 99 %
2025/12/04 21:22:22.801, 185.12 W, 99 %
2025/12/04 21:22:22.901, 182.33 W, 92 %
2025/12/04 21:22:23.001, 181.98 W, 92 %
2025/12/04 21:22:23.101, 181.88 W, 99 %
2025/12/04 21:22:23.201, 181.71 W, 99 %
2025/12/04 21:22:23.302, 181.53 W, 99 %
2025/12/04 21:22:23.402, 181.66 W, 99 %
2025/12/04 21:22:23.502, 181.74 W, 99 %
2025/12/04 21:22:23.602, 182.00 W, 99 %
2025/12/04 21:22:23.702, 182.25 W, 99 %
2025/12/04 21:22:23.802, 182.22 W, 99 %
2025/12/04 21:22:23.902, 182.07 W, 99 %
2025/12/04 21:22:24.003, 184.72 W, 99 %
2025/12/04 21:22:24.103, 185.03 W, 99 %
2025/12/04 21:22:24.203, 180.69 W, 99 %
2025/12/04 21:22:24.303, 180.60 W, 99 %
2025/12/04 21:22:24.403, 180.93 W, 99 %
2025/12/04 21:22:24.503, 181.01 W, 99 %
2025/12/04 21:22:24.604, 180.79 W, 99 %
2025/12/04 21:22:24.704, 180.67 W, 92 %
2025/12/04 21:22:24.804, 180.55 W, 92 %
2025/12/04 21:22:24.904, 180.75 W, 99 %
2025/12/04 21:22:25.004, 181.14 W, 99 %
2025/12/04 21:22:25.104, 175.14 W, 70 %
2025/12/04 21:22:25.204, 174.96 W, 70 %
2025/12/04 21:22:25.305, 179.46 W, 99 %
2025/12/04 21:22:25.405, 179.85 W, 99 %
2025/12/04 21:22:25.505, 179.79 W, 99 %
2025/12/04 21:22:25.605, 179.50 W, 99 %
2025/12/04 21:22:25.705, 179.58 W, 99 %
2025/12/04 21:22:25.805, 179.79 W, 99 %
2025/12/04 21:22:25.905, 180.06 W, 99 %
2025/12/04 21:22:26.006, 179.90 W, 99 %
2025/12/04 21:22:26.106, 179.83 W, 99 %
2025/12/04 21:22:26.206, 186.13 W, 99 %
2025/12/04 21:22:26.306, 186.18 W, 99 %
2025/12/04 21:22:26.406, 181.11 W, 99 %
2025/12/04 21:22:26.506, 180.85 W, 99 %
2025/12/04 21:22:26.606, 180.85 W, 99 %
2025/12/04 21:22:26.707, 181.32 W, 99 %
2025/12/04 21:22:26.807, 181.32 W, 99 %
2025/12/04 21:22:26.907, 181.10 W, 92 %
2025/12/04 21:22:27.007, 180.98 W, 92 %
2025/12/04 21:22:27.107, 181.14 W, 99 %
2025/12/04 21:22:27.207, 181.00 W, 99 %
2025/12/04 21:22:27.307, 180.22 W, 93 %
2025/12/04 21:22:27.408, 180.42 W, 93 %
2025/12/04 21:22:27.508, 185.77 W, 99 %
2025/12/04 21:22:27.608, 186.20 W, 99 %
2025/12/04 21:22:27.708, 181.45 W, 91 %
2025/12/04 21:22:27.808, 181.03 W, 91 %
2025/12/04 21:22:27.908, 181.36 W, 99 %
2025/12/04 21:22:28.008, 181.74 W, 99 %
2025/12/04 21:22:28.109, 181.74 W, 99 %
2025/12/04 21:22:28.209, 181.63 W, 99 %
2025/12/04 21:22:28.309, 181.62 W, 99 %
2025/12/04 21:22:28.409, 182.04 W, 99 %
2025/12/04 21:22:28.509, 181.96 W, 99 %
2025/12/04 21:22:28.609, 181.13 W, 99 %
2025/12/04 21:22:28.709, 180.80 W, 99 %
2025/12/04 21:22:28.810, 185.65 W, 99 %
2025/12/04 21:22:28.910, 185.79 W, 99 %
2025/12/04 21:22:29.010, 181.51 W, 99 %
2025/12/04 21:22:29.110, 181.02 W, 99 %
2025/12/04 21:22:29.210, 180.75 W, 99 %
2025/12/04 21:22:29.310, 180.79 W, 99 %
2025/12/04 21:22:29.410, 180.84 W, 99 %
2025/12/04 21:22:29.511, 180.28 W, 70 %
2025/12/04 21:22:29.611, 180.33 W, 70 %
2025/12/04 21:22:29.711, 181.10 W, 99 %
2025/12/04 21:22:29.811, 181.46 W, 99 %
2025/12/04 21:22:29.911, 177.95 W, 91 %
2025/12/04 21:22:30.011, 177.69 W, 91 %
2025/12/04 21:22:30.111, 181.44 W, 99 %
2025/12/04 21:22:30.212, 181.62 W, 99 %
2025/12/04 21:22:30.312, 182.03 W, 99 %
2025/12/04 21:22:30.412, 182.10 W, 99 %
2025/12/04 21:22:30.512, 181.92 W, 99 %
2025/12/04 21:22:30.612, 182.35 W, 99 %
2025/12/04 21:22:30.712, 182.25 W, 99 %
2025/12/04 21:22:30.813, 181.93 W, 99 %
2025/12/04 21:22:30.913, 181.51 W, 99 %
2025/12/04 21:22:31.013, 184.81 W, 99 %
2025/12/04 21:22:31.113, 185.00 W, 99 %
2025/12/04 21:22:31.213, 181.87 W, 99 %
2025/12/04 21:22:31.313, 181.94 W, 99 %
2025/12/04 21:22:31.413, 181.87 W, 99 %
2025/12/04 21:22:31.514, 181.94 W, 99 %
2025/12/04 21:22:31.614, 182.18 W, 99 %
2025/12/04 21:22:31.714, 182.12 W, 92 %
2025/12/04 21:22:31.814, 182.04 W, 92 %
2025/12/04 21:22:31.914, 182.20 W, 99 %
2025/12/04 21:22:32.014, 182.60 W, 99 %
2025/12/04 21:22:32.114, 182.10 W, 92 %
2025/12/04 21:22:32.215, 182.08 W, 92 %
2025/12/04 21:22:32.315, 185.31 W, 99 %
2025/12/04 21:22:32.415, 185.35 W, 99 %
2025/12/04 21:22:32.515, 180.96 W, 92 %
2025/12/04 21:22:32.615, 180.99 W, 92 %
2025/12/04 21:22:32.715, 180.89 W, 99 %
2025/12/04 21:22:32.815, 181.09 W, 99 %
2025/12/04 21:22:32.916, 181.23 W, 99 %
2025/12/04 21:22:33.016, 181.30 W, 99 %
2025/12/04 21:22:33.116, 181.12 W, 99 %
2025/12/04 21:22:33.216, 181.34 W, 99 %
2025/12/04 21:22:33.316, 181.38 W, 99 %
2025/12/04 21:22:33.416, 181.47 W, 99 %
2025/12/04 21:22:33.516, 181.25 W, 99 %
2025/12/04 21:22:33.617, 185.59 W, 99 %
2025/12/04 21:22:33.717, 185.73 W, 99 %
2025/12/04 21:22:33.817, 181.93 W, 99 %
2025/12/04 21:22:33.917, 181.71 W, 78 %
2025/12/04 21:22:34.017, 181.73 W, 78 %
2025/12/04 21:22:34.117, 181.75 W, 99 %
2025/12/04 21:22:34.218, 181.98 W, 99 %
2025/12/04 21:22:34.318, 181.96 W, 93 %
2025/12/04 21:22:34.418, 181.90 W, 93 %
2025/12/04 21:22:34.518, 181.68 W, 99 %
2025/12/04 21:22:34.618, 181.62 W, 99 %
2025/12/04 21:22:34.718, 178.08 W, 92 %
2025/12/04 21:22:34.818, 177.72 W, 92 %
2025/12/04 21:22:34.919, 181.33 W, 99 %
2025/12/04 21:22:35.019, 181.50 W, 99 %
2025/12/04 21:22:35.119, 181.22 W, 99 %
2025/12/04 21:22:35.219, 180.86 W, 99 %
2025/12/04 21:22:35.319, 180.63 W, 99 %
2025/12/04 21:22:35.419, 180.87 W, 99 %
2025/12/04 21:22:35.519, 180.88 W, 99 %
2025/12/04 21:22:35.620, 181.01 W, 99 %
2025/12/04 21:22:35.720, 181.24 W, 99 %
2025/12/04 21:22:35.820, 184.77 W, 99 %
2025/12/04 21:22:35.920, 184.95 W, 99 %
2025/12/04 21:22:36.020, 181.64 W, 99 %
2025/12/04 21:22:36.120, 181.80 W, 99 %
2025/12/04 21:22:36.220, 182.28 W, 99 %
2025/12/04 21:22:36.321, 182.40 W, 99 %
2025/12/04 21:22:36.421, 182.36 W, 99 %
2025/12/04 21:22:36.521, 182.39 W, 92 %
2025/12/04 21:22:36.621, 182.52 W, 92 %
2025/12/04 21:22:36.721, 182.68 W, 99 %
2025/12/04 21:22:36.821, 182.66 W, 99 %
2025/12/04 21:22:36.921, 182.15 W, 92 %
2025/12/04 21:22:37.022, 182.17 W, 92 %
2025/12/04 21:22:37.122, 185.56 W, 99 %
2025/12/04 21:22:37.222, 185.32 W, 99 %
2025/12/04 21:22:37.322, 181.39 W, 93 %
2025/12/04 21:22:37.422, 181.20 W, 93 %
2025/12/04 21:22:37.522, 180.94 W, 99 %
2025/12/04 21:22:37.622, 181.20 W, 99 %
2025/12/04 21:22:37.723, 181.12 W, 99 %
2025/12/04 21:22:37.823, 180.99 W, 99 %
2025/12/04 21:22:37.923, 181.09 W, 99 %
2025/12/04 21:22:38.023, 181.79 W, 99 %
2025/12/04 21:22:38.123, 181.74 W, 99 %
2025/12/04 21:22:38.223, 172.25 W, 99 %
2025/12/04 21:22:38.323, 172.42 W, 99 %
2025/12/04 21:22:38.424, 176.13 W, 99 %
2025/12/04 21:22:38.524, 176.40 W, 99 %
2025/12/04 21:22:38.624, 176.69 W, 99 %
2025/12/04 21:22:38.724, 176.12 W, 92 %
2025/12/04 21:22:38.824, 175.93 W, 92 %
2025/12/04 21:22:38.924, 176.24 W, 99 %
2025/12/04 21:22:39.024, 176.23 W, 99 %
2025/12/04 21:22:39.125, 175.46 W, 92 %
2025/12/04 21:22:39.225, 175.45 W, 92 %
2025/12/04 21:22:39.325, 185.25 W, 99 %
2025/12/04 21:22:39.425, 185.43 W, 99 %
2025/12/04 21:22:39.525, 181.76 W, 92 %
2025/12/04 21:22:39.625, 181.69 W, 92 %
2025/12/04 21:22:39.725, 181.59 W, 99 %
2025/12/04 21:22:39.826, 182.08 W, 99 %
2025/12/04 21:22:39.926, 182.43 W, 99 %
2025/12/04 21:22:40.026, 182.02 W, 99 %
2025/12/04 21:22:40.126, 181.89 W, 99 %
2025/12/04 21:22:40.226, 182.67 W, 99 %
2025/12/04 21:22:40.326, 182.68 W, 99 %
2025/12/04 21:22:40.427, 181.95 W, 99 %
2025/12/04 21:22:40.527, 181.52 W, 99 %
2025/12/04 21:22:40.627, 185.30 W, 99 %
2025/12/04 21:22:40.727, 185.56 W, 99 %
2025/12/04 21:22:40.827, 182.10 W, 99 %
2025/12/04 21:22:40.927, 181.76 W, 97 %
2025/12/04 21:22:41.027, 181.51 W, 97 %
2025/12/04 21:22:41.128, 181.80 W, 99 %
2025/12/04 21:22:41.228, 181.74 W, 99 %
2025/12/04 21:22:41.328, 181.30 W, 92 %
2025/12/04 21:22:41.428, 181.40 W, 92 %
2025/12/04 21:22:41.528, 181.86 W, 99 %
2025/12/04 21:22:41.628, 182.06 W, 99 %
2025/12/04 21:22:41.728, 181.37 W, 92 %
2025/12/04 21:22:41.829, 181.23 W, 92 %
2025/12/04 21:22:41.929, 184.80 W, 99 %
2025/12/04 21:22:42.029, 184.79 W, 99 %
2025/12/04 21:22:42.129, 182.22 W, 94 %
2025/12/04 21:22:42.229, 181.99 W, 94 %
2025/12/04 21:22:42.329, 182.19 W, 99 %
2025/12/04 21:22:42.429, 182.61 W, 99 %
2025/12/04 21:22:42.530, 182.46 W, 99 %
2025/12/04 21:22:42.630, 181.51 W, 99 %
2025/12/04 21:22:42.730, 181.59 W, 99 %
2025/12/04 21:22:42.830, 182.00 W, 99 %
2025/12/04 21:22:42.930, 181.85 W, 99 %
2025/12/04 21:22:43.030, 177.81 W, 99 %
2025/12/04 21:22:43.130, 178.03 W, 97 %
2025/12/04 21:22:43.231, 180.78 W, 97 %
2025/12/04 21:22:43.331, 180.81 W, 99 %
2025/12/04 21:22:43.431, 180.51 W, 99 %
2025/12/04 21:22:43.531, 179.92 W, 92 %
2025/12/04 21:22:43.631, 179.76 W, 92 %
2025/12/04 21:22:43.731, 180.70 W, 99 %
2025/12/04 21:22:43.831, 180.49 W, 99 %
2025/12/04 21:22:43.932, 179.99 W, 92 %
2025/12/04 21:22:44.032, 179.87 W, 92 %
2025/12/04 21:22:44.132, 183.84 W, 99 %
2025/12/04 21:22:44.232, 183.86 W, 99 %
2025/12/04 21:22:44.332, 182.03 W, 94 %
2025/12/04 21:22:44.432, 182.19 W, 94 %
2025/12/04 21:22:44.533, 182.34 W, 99 %
2025/12/04 21:22:44.633, 182.80 W, 99 %
2025/12/04 21:22:44.733, 183.21 W, 99 %
2025/12/04 21:22:44.833, 183.25 W, 99 %
2025/12/04 21:22:44.933, 183.26 W, 99 %
2025/12/04 21:22:45.033, 183.86 W, 99 %
2025/12/04 21:22:45.133, 184.25 W, 99 %
2025/12/04 21:22:45.234, 183.34 W, 99 %
2025/12/04 21:22:45.334, 183.20 W, 99 %
2025/12/04 21:22:45.434, 184.76 W, 99 %
2025/12/04 21:22:45.534, 184.63 W, 99 %
2025/12/04 21:22:45.634, 184.69 W, 99 %
2025/12/04 21:22:45.734, 184.64 W, 94 %
2025/12/04 21:22:45.834, 184.28 W, 94 %
2025/12/04 21:22:45.935, 184.29 W, 99 %
2025/12/04 21:22:46.035, 184.36 W, 99 %
2025/12/04 21:22:46.135, 184.25 W, 93 %
2025/12/04 21:22:46.235, 183.97 W, 93 %
2025/12/04 21:22:46.335, 184.76 W, 99 %
2025/12/04 21:22:46.435, 184.57 W, 99 %
2025/12/04 21:22:46.536, 183.33 W, 91 %
2025/12/04 21:22:46.636, 183.28 W, 91 %
2025/12/04 21:22:46.736, 183.10 W, 99 %
2025/12/04 21:22:46.836, 183.16 W, 99 %
2025/12/04 21:22:46.936, 183.44 W, 99 %
2025/12/04 21:22:47.036, 183.07 W, 99 %
2025/12/04 21:22:47.136, 183.07 W, 99 %
2025/12/04 21:22:47.237, 183.42 W, 99 %
2025/12/04 21:22:47.337, 183.44 W, 99 %
2025/12/04 21:22:47.437, 182.36 W, 99 %
2025/12/04 21:22:47.537, 182.50 W, 99 %
2025/12/04 21:22:47.637, 183.63 W, 99 %
2025/12/04 21:22:47.737, 183.53 W, 99 %
2025/12/04 21:22:47.837, 183.98 W, 99 %
2025/12/04 21:22:47.938, 183.96 W, 92 %
2025/12/04 21:22:48.038, 183.69 W, 92 %
2025/12/04 21:22:48.138, 183.95 W, 99 %
2025/12/04 21:22:48.238, 183.71 W, 99 %
2025/12/04 21:22:48.338, 183.33 W, 92 %
2025/12/04 21:22:48.438, 183.51 W, 92 %
2025/12/04 21:22:48.539, 184.72 W, 99 %
2025/12/04 21:22:48.639, 184.59 W, 99 %
2025/12/04 21:22:48.739, 184.04 W, 93 %
2025/12/04 21:22:48.839, 184.32 W, 93 %
2025/12/04 21:22:48.939, 184.05 W, 99 %
2025/12/04 21:22:49.039, 183.95 W, 99 %
2025/12/04 21:22:49.139, 184.05 W, 99 %
2025/12/04 21:22:49.240, 184.07 W, 99 %
2025/12/04 21:22:49.340, 184.57 W, 99 %
2025/12/04 21:22:49.440, 184.61 W, 99 %
2025/12/04 21:22:49.540, 184.64 W, 99 %
2025/12/04 21:22:49.640, 184.39 W, 99 %
2025/12/04 21:22:49.740, 184.60 W, 99 %
2025/12/04 21:22:49.840, 185.20 W, 99 %
2025/12/04 21:22:49.941, 185.04 W, 99 %
2025/12/04 21:22:50.041, 183.42 W, 99 %
2025/12/04 21:22:50.141, 183.37 W, 99 %
2025/12/04 21:22:50.241, 183.71 W, 99 %
2025/12/04 21:22:50.341, 183.46 W, 99 %
2025/12/04 21:22:50.441, 183.67 W, 99 %
2025/12/04 21:22:50.542, 183.78 W, 92 %
2025/12/04 21:22:50.642, 184.30 W, 92 %
2025/12/04 21:22:50.742, 184.28 W, 99 %
2025/12/04 21:22:50.842, 183.98 W, 99 %
2025/12/04 21:22:50.942, 183.85 W, 91 %
2025/12/04 21:22:51.042, 185.34 W, 91 %
2025/12/04 21:22:51.142, 185.41 W, 99 %
2025/12/04 21:22:51.243, 178.74 W, 99 %
2025/12/04 21:22:51.343, 178.44 W, 85 %
2025/12/04 21:22:51.443, 178.45 W, 85 %
2025/12/04 21:22:51.543, 178.40 W, 99 %
2025/12/04 21:22:51.643, 177.92 W, 99 %
2025/12/04 21:22:51.743, 177.53 W, 99 %
2025/12/04 21:22:51.843, 177.43 W, 99 %
2025/12/04 21:22:51.944, 177.81 W, 99 %
2025/12/04 21:22:52.044, 178.25 W, 99 %
2025/12/04 21:22:52.144, 176.59 W, 91 %
2025/12/04 21:22:52.244, 176.72 W, 91 %
2025/12/04 21:22:52.344, 183.20 W, 99 %
2025/12/04 21:22:52.444, 183.24 W, 99 %
2025/12/04 21:22:52.544, 183.30 W, 99 %
2025/12/04 21:22:52.645, 183.18 W, 99 %
2025/12/04 21:22:52.745, 183.35 W, 99 %
2025/12/04 21:22:52.845, 183.26 W, 99 %
2025/12/04 21:22:52.945, 183.47 W, 99 %
2025/12/04 21:22:53.045, 183.61 W, 99 %
2025/12/04 21:22:53.145, 183.48 W, 99 %
2025/12/04 21:22:53.246, 185.12 W, 99 %
2025/12/04 21:22:53.346, 184.99 W, 99 %
2025/12/04 21:22:53.446, 182.95 W, 99 %
2025/12/04 21:22:53.546, 183.01 W, 99 %
2025/12/04 21:22:53.646, 182.88 W, 99 %
2025/12/04 21:22:53.746, 182.85 W, 99 %
2025/12/04 21:22:53.846, 182.83 W, 99 %
2025/12/04 21:22:53.947, 183.02 W, 92 %
2025/12/04 21:22:54.047, 182.96 W, 92 %
2025/12/04 21:22:54.147, 182.97 W, 99 %
2025/12/04 21:22:54.247, 182.95 W, 99 %
2025/12/04 21:22:54.347, 182.96 W, 92 %
2025/12/04 21:22:54.447, 183.11 W, 92 %
2025/12/04 21:22:54.547, 185.43 W, 99 %
2025/12/04 21:22:54.648, 185.47 W, 99 %
2025/12/04 21:22:54.748, 181.27 W, 92 %
2025/12/04 21:22:54.848, 181.15 W, 92 %
2025/12/04 21:22:54.948, 181.25 W, 99 %
2025/12/04 21:22:55.048, 181.26 W, 99 %
2025/12/04 21:22:55.148, 181.17 W, 99 %
2025/12/04 21:22:55.248, 181.05 W, 99 %
2025/12/04 21:22:55.349, 181.12 W, 99 %
2025/12/04 21:22:55.449, 181.26 W, 99 %
2025/12/04 21:22:55.549, 181.01 W, 99 %
2025/12/04 21:22:55.649, 176.87 W, 99 %
2025/12/04 21:22:55.749, 176.53 W, 99 %
2025/12/04 21:22:55.849, 180.41 W, 99 %
2025/12/04 21:22:55.949, 180.65 W, 99 %
2025/12/04 21:22:56.050, 180.55 W, 99 %
2025/12/04 21:22:56.150, 180.75 W, 91 %
2025/12/04 21:22:56.250, 180.94 W, 91 %
2025/12/04 21:22:56.350, 180.98 W, 99 %
2025/12/04 21:22:56.450, 180.82 W, 99 %
2025/12/04 21:22:56.550, 180.83 W, 92 %
2025/12/04 21:22:56.650, 181.18 W, 92 %
2025/12/04 21:22:56.751, 185.29 W, 99 %
2025/12/04 21:22:56.851, 185.66 W, 99 %
2025/12/04 21:22:56.951, 184.53 W, 92 %
2025/12/04 21:22:57.051, 184.33 W, 92 %
2025/12/04 21:22:57.151, 184.26 W, 99 %
2025/12/04 21:22:57.251, 184.24 W, 99 %
2025/12/04 21:22:57.351, 184.13 W, 99 %
2025/12/04 21:22:57.452, 184.12 W, 99 %
2025/12/04 21:22:57.552, 184.10 W, 99 %
2025/12/04 21:22:57.652, 184.11 W, 99 %
2025/12/04 21:22:57.752, 183.66 W, 99 %
2025/12/04 21:22:57.852, 183.23 W, 99 %
2025/12/04 21:22:57.952, 183.16 W, 99 %
2025/12/04 21:22:58.052, 184.58 W, 99 %
2025/12/04 21:22:58.153, 184.74 W, 99 %
2025/12/04 21:22:58.253, 182.43 W, 99 %
2025/12/04 21:22:58.353, 182.20 W, 99 %
2025/12/04 21:22:58.453, 182.10 W, 99 %
2025/12/04 21:22:58.553, 181.94 W, 99 %
2025/12/04 21:22:58.653, 181.85 W, 99 %
2025/12/04 21:22:58.753, 181.79 W, 93 %
2025/12/04 21:22:58.854, 181.92 W, 93 %
2025/12/04 21:22:58.954, 182.35 W, 99 %
2025/12/04 21:22:59.054, 182.54 W, 99 %
2025/12/04 21:22:59.154, 182.51 W, 93 %
2025/12/04 21:22:59.254, 182.78 W, 93 %
2025/12/04 21:22:59.354, 185.41 W, 99 %
2025/12/04 21:22:59.455, 185.59 W, 99 %
2025/12/04 21:22:59.555, 184.05 W, 94 %
2025/12/04 21:22:59.655, 184.01 W, 94 %
2025/12/04 21:22:59.755, 184.02 W, 99 %
2025/12/04 21:22:59.855, 184.05 W, 99 %
2025/12/04 21:22:59.955, 184.18 W, 99 %
2025/12/04 21:23:00.055, 183.63 W, 99 %
2025/12/04 21:23:00.156, 183.34 W, 99 %
2025/12/04 21:23:00.256, 183.25 W, 99 %
2025/12/04 21:23:00.356, 182.82 W, 99 %
2025/12/04 21:23:00.456, 180.55 W, 99 %
2025/12/04 21:23:00.556, 180.27 W, 99 %
2025/12/04 21:23:00.656, 181.75 W, 99 %
2025/12/04 21:23:00.756, 182.07 W, 99 %
2025/12/04 21:23:00.857, 182.09 W, 99 %
2025/12/04 21:23:00.957, 182.14 W, 92 %
2025/12/04 21:23:01.057, 182.12 W, 92 %
2025/12/04 21:23:01.157, 182.71 W, 99 %
2025/12/04 21:23:01.257, 182.89 W, 99 %
2025/12/04 21:23:01.357, 182.78 W, 92 %
2025/12/04 21:23:01.457, 182.85 W, 92 %
2025/12/04 21:23:01.558, 184.67 W, 99 %
2025/12/04 21:23:01.658, 184.55 W, 99 %
2025/12/04 21:23:01.758, 182.43 W, 93 %
2025/12/04 21:23:01.858, 182.30 W, 93 %
2025/12/04 21:23:01.958, 182.18 W, 99 %
2025/12/04 21:23:02.058, 181.91 W, 99 %
2025/12/04 21:23:02.159, 181.71 W, 99 %
2025/12/04 21:23:02.259, 181.61 W, 99 %
2025/12/04 21:23:02.359, 181.36 W, 99 %
2025/12/04 21:23:02.459, 181.65 W, 99 %
2025/12/04 21:23:02.559, 181.86 W, 99 %
2025/12/04 21:23:02.659, 181.80 W, 99 %
2025/12/04 21:23:02.759, 181.92 W, 99 %
2025/12/04 21:23:02.860, 184.14 W, 99 %
2025/12/04 21:23:02.960, 184.29 W, 99 %
2025/12/04 21:23:03.060, 180.61 W, 99 %
2025/12/04 21:23:03.160, 180.73 W, 99 %
2025/12/04 21:23:03.260, 180.88 W, 99 %
2025/12/04 21:23:03.360, 181.09 W, 99 %
2025/12/04 21:23:03.460, 181.29 W, 99 %
2025/12/04 21:23:03.561, 181.20 W, 92 %
2025/12/04 21:23:03.661, 181.13 W, 92 %
2025/12/04 21:23:03.761, 181.32 W, 99 %
2025/12/04 21:23:03.861, 181.44 W, 99 %
2025/12/04 21:23:03.961, 180.75 W, 92 %
2025/12/04 21:23:04.061, 180.54 W, 92 %
2025/12/04 21:23:04.161, 184.62 W, 99 %
2025/12/04 21:23:04.262, 184.76 W, 99 %
2025/12/04 21:23:04.362, 180.88 W, 93 %
2025/12/04 21:23:04.462, 180.60 W, 93 %
2025/12/04 21:23:04.562, 180.41 W, 99 %
2025/12/04 21:23:04.662, 180.64 W, 99 %
2025/12/04 21:23:04.762, 180.60 W, 99 %
2025/12/04 21:23:04.862, 180.70 W, 99 %
2025/12/04 21:23:04.963, 180.55 W, 99 %
2025/12/04 21:23:05.063, 181.07 W, 99 %
2025/12/04 21:23:05.163, 181.29 W, 99 %
2025/12/04 21:23:05.263, 177.12 W, 99 %
2025/12/04 21:23:05.363, 176.88 W, 99 %
2025/12/04 21:23:05.463, 180.74 W, 99 %
2025/12/04 21:23:05.563, 180.66 W, 99 %
2025/12/04 21:23:05.664, 180.70 W, 99 %
2025/12/04 21:23:05.764, 180.62 W, 92 %
2025/12/04 21:23:05.864, 180.51 W, 92 %
2025/12/04 21:23:05.964, 180.48 W, 99 %
2025/12/04 21:23:06.064, 180.73 W, 99 %
2025/12/04 21:23:06.164, 180.65 W, 93 %
2025/12/04 21:23:06.265, 180.36 W, 93 %
2025/12/04 21:23:06.365, 184.33 W, 99 %
2025/12/04 21:23:06.465, 184.41 W, 99 %
2025/12/04 21:23:06.565, 180.68 W, 91 %
2025/12/04 21:23:06.665, 180.71 W, 91 %
2025/12/04 21:23:06.765, 180.93 W, 99 %
2025/12/04 21:23:06.865, 180.98 W, 99 %
2025/12/04 21:23:06.966, 180.99 W, 99 %
2025/12/04 21:23:07.066, 181.10 W, 99 %
2025/12/04 21:23:07.166, 181.00 W, 99 %
2025/12/04 21:23:07.266, 181.19 W, 99 %
2025/12/04 21:23:07.366, 181.46 W, 99 %
2025/12/04 21:23:07.466, 181.04 W, 99 %
2025/12/04 21:23:07.566, 181.10 W, 99 %
2025/12/04 21:23:07.667, 184.95 W, 99 %
2025/12/04 21:23:07.767, 184.99 W, 99 %
2025/12/04 21:23:07.867, 181.58 W, 99 %
2025/12/04 21:23:07.967, 181.37 W, 97 %
2025/12/04 21:23:08.067, 181.37 W, 97 %
2025/12/04 21:23:08.167, 181.32 W, 99 %
2025/12/04 21:23:08.267, 181.50 W, 99 %
2025/12/04 21:23:08.367, 181.39 W, 92 %
2025/12/04 21:23:08.468, 181.39 W, 92 %
2025/12/04 21:23:08.568, 181.58 W, 99 %
2025/12/04 21:23:08.668, 181.49 W, 99 %
2025/12/04 21:23:08.768, 172.36 W, 73 %
2025/12/04 21:23:08.868, 172.32 W, 73 %
2025/12/04 21:23:08.968, 175.58 W, 99 %
2025/12/04 21:23:09.069, 175.84 W, 99 %
2025/12/04 21:23:09.169, 175.85 W, 99 %
2025/12/04 21:23:09.269, 175.97 W, 99 %
2025/12/04 21:23:09.369, 175.72 W, 99 %
2025/12/04 21:23:09.469, 175.72 W, 99 %
2025/12/04 21:23:09.569, 175.72 W, 99 %
2025/12/04 21:23:09.669, 175.44 W, 99 %
2025/12/04 21:23:09.770, 175.38 W, 99 %
2025/12/04 21:23:09.870, 184.39 W, 99 %
2025/12/04 21:23:09.970, 184.46 W, 99 %
2025/12/04 21:23:10.070, 182.56 W, 99 %
2025/12/04 21:23:10.170, 182.42 W, 98 %
2025/12/04 21:23:10.270, 182.39 W, 98 %
2025/12/04 21:23:10.370, 182.20 W, 99 %
2025/12/04 21:23:10.471, 182.57 W, 99 %
2025/12/04 21:23:10.571, 182.67 W, 93 %
2025/12/04 21:23:10.671, 182.82 W, 93 %
2025/12/04 21:23:10.771, 183.30 W, 99 %
2025/12/04 21:23:10.871, 183.36 W, 99 %
2025/12/04 21:23:10.971, 182.86 W, 91 %
2025/12/04 21:23:11.071, 182.70 W, 91 %
2025/12/04 21:23:11.172, 184.74 W, 99 %
2025/12/04 21:23:11.272, 184.72 W, 99 %
2025/12/04 21:23:11.372, 184.76 W, 97 %
2025/12/04 21:23:11.472, 184.92 W, 97 %
2025/12/04 21:23:11.572, 184.70 W, 99 %
2025/12/04 21:23:11.672, 184.65 W, 99 %
2025/12/04 21:23:11.772, 184.50 W, 99 %
2025/12/04 21:23:11.873, 184.42 W, 99 %
2025/12/04 21:23:11.973, 184.42 W, 99 %
2025/12/04 21:23:12.073, 185.06 W, 99 %
2025/12/04 21:23:12.173, 185.05 W, 99 %
2025/12/04 21:23:12.273, 182.48 W, 99 %
2025/12/04 21:23:12.373, 182.50 W, 99 %
2025/12/04 21:23:12.473, 182.54 W, 99 %
2025/12/04 21:23:12.574, 182.32 W, 99 %
2025/12/04 21:23:12.674, 182.16 W, 99 %
2025/12/04 21:23:12.774, 182.50 W, 92 %
2025/12/04 21:23:12.874, 182.26 W, 92 %
2025/12/04 21:23:12.974, 182.22 W, 99 %
2025/12/04 21:23:13.074, 182.20 W, 99 %
2025/12/04 21:23:13.174, 177.98 W, 70 %
2025/12/04 21:23:13.275, 178.11 W, 70 %
2025/12/04 21:23:13.375, 180.29 W, 99 %
2025/12/04 21:23:13.475, 180.19 W, 99 %
2025/12/04 21:23:13.575, 180.47 W, 99 %
2025/12/04 21:23:13.675, 180.58 W, 99 %
2025/12/04 21:23:13.775, 180.54 W, 99 %
2025/12/04 21:23:13.876, 180.43 W, 99 %
2025/12/04 21:23:13.976, 180.49 W, 99 %
2025/12/04 21:23:14.076, 180.45 W, 99 %
2025/12/04 21:23:14.176, 180.61 W, 99 %
2025/12/04 21:23:14.276, 184.55 W, 99 %
2025/12/04 21:23:14.376, 184.80 W, 99 %
2025/12/04 21:23:14.476, 182.46 W, 99 %
2025/12/04 21:23:14.577, 182.50 W, 99 %
2025/12/04 21:23:14.677, 182.16 W, 99 %
2025/12/04 21:23:14.777, 182.29 W, 99 %
2025/12/04 21:23:14.877, 182.59 W, 99 %
2025/12/04 21:23:14.977, 182.62 W, 91 %
2025/12/04 21:23:15.077, 182.96 W, 91 %
2025/12/04 21:23:15.177, 183.32 W, 99 %
2025/12/04 21:23:15.278, 183.23 W, 99 %
2025/12/04 21:23:15.378, 182.91 W, 92 %
2025/12/04 21:23:15.478, 182.62 W, 92 %
2025/12/04 21:23:15.578, 185.12 W, 99 %
2025/12/04 21:23:15.678, 185.04 W, 99 %
2025/12/04 21:23:15.778, 181.05 W, 92 %
2025/12/04 21:23:15.878, 180.82 W, 92 %
2025/12/04 21:23:15.979, 180.55 W, 99 %
2025/12/04 21:23:16.079, 180.29 W, 99 %
2025/12/04 21:23:16.179, 180.04 W, 99 %
2025/12/04 21:23:16.279, 179.95 W, 99 %
2025/12/04 21:23:16.379, 179.93 W, 99 %
2025/12/04 21:23:16.479, 180.22 W, 99 %
2025/12/04 21:23:16.579, 180.16 W, 99 %
2025/12/04 21:23:16.680, 179.62 W, 99 %
2025/12/04 21:23:16.780, 179.82 W, 99 %
2025/12/04 21:23:16.880, 183.78 W, 99 %
2025/12/04 21:23:16.980, 183.89 W, 99 %
2025/12/04 21:23:17.080, 180.97 W, 99 %
2025/12/04 21:23:17.180, 181.11 W, 99 %
2025/12/04 21:23:17.280, 180.98 W, 99 %
2025/12/04 21:23:17.381, 180.91 W, 99 %
2025/12/04 21:23:17.481, 181.08 W, 99 %
2025/12/04 21:23:17.581, 180.48 W, 70 %
2025/12/04 21:23:17.681, 180.91 W, 70 %
2025/12/04 21:23:17.781, 181.84 W, 99 %
2025/12/04 21:23:17.881, 181.94 W, 99 %
2025/12/04 21:23:17.981, 177.66 W, 91 %
2025/12/04 21:23:18.082, 177.78 W, 91 %
2025/12/04 21:23:18.182, 180.78 W, 99 %
2025/12/04 21:23:18.282, 180.89 W, 99 %
2025/12/04 21:23:18.382, 181.09 W, 99 %
2025/12/04 21:23:18.482, 181.14 W, 99 %
2025/12/04 21:23:18.582, 181.17 W, 99 %
2025/12/04 21:23:18.682, 182.10 W, 99 %
2025/12/04 21:23:18.783, 181.81 W, 99 %
2025/12/04 21:23:18.883, 181.02 W, 99 %
2025/12/04 21:23:18.983, 181.20 W, 99 %
2025/12/04 21:23:19.083, 185.74 W, 99 %
2025/12/04 21:23:19.183, 185.48 W, 99 %
2025/12/04 21:23:19.283, 182.39 W, 99 %
2025/12/04 21:23:19.384, 182.02 W, 97 %
2025/12/04 21:23:19.484, 181.76 W, 97 %
2025/12/04 21:23:19.584, 181.89 W, 99 %
2025/12/04 21:23:19.684, 182.00 W, 99 %
2025/12/04 21:23:19.784, 181.68 W, 93 %
2025/12/04 21:23:19.884, 181.66 W, 93 %
2025/12/04 21:23:19.984, 182.19 W, 99 %
2025/12/04 21:23:20.085, 182.05 W, 99 %
2025/12/04 21:23:20.185, 180.95 W, 91 %
2025/12/04 21:23:20.285, 181.05 W, 91 %
2025/12/04 21:23:20.385, 184.09 W, 99 %
2025/12/04 21:23:20.485, 184.25 W, 99 %
2025/12/04 21:23:20.585, 184.29 W, 97 %
2025/12/04 21:23:20.685, 184.45 W, 97 %
2025/12/04 21:23:20.786, 184.47 W, 99 %
2025/12/04 21:23:20.886, 184.74 W, 99 %
2025/12/04 21:23:20.986, 184.76 W, 99 %
2025/12/04 21:23:21.086, 184.84 W, 99 %
2025/12/04 21:23:21.186, 184.52 W, 99 %
2025/12/04 21:23:21.286, 185.60 W, 99 %
2025/12/04 21:23:21.386, 186.01 W, 99 %
2025/12/04 21:23:21.487, 184.32 W, 99 %
2025/12/04 21:23:21.587, 184.17 W, 99 %
2025/12/04 21:23:21.687, 184.14 W, 99 %
2025/12/04 21:23:21.787, 183.83 W, 99 %
2025/12/04 21:23:21.887, 183.76 W, 99 %
2025/12/04 21:23:21.987, 183.19 W, 70 %
2025/12/04 21:23:22.088, 183.17 W, 70 %
2025/12/04 21:23:22.188, 182.77 W, 99 %
2025/12/04 21:23:22.288, 183.03 W, 99 %
2025/12/04 21:23:22.388, 181.38 W, 91 %
2025/12/04 21:23:22.488, 181.24 W, 91 %
2025/12/04 21:23:22.588, 183.06 W, 99 %
2025/12/04 21:23:22.688, 183.17 W, 99 %
2025/12/04 21:23:22.789, 183.40 W, 99 %
2025/12/04 21:23:22.889, 183.38 W, 99 %
2025/12/04 21:23:22.989, 183.29 W, 99 %
2025/12/04 21:23:23.089, 183.94 W, 99 %
2025/12/04 21:23:23.189, 183.99 W, 99 %
2025/12/04 21:23:23.289, 184.16 W, 99 %
2025/12/04 21:23:23.389, 183.96 W, 99 %
2025/12/04 21:23:23.490, 185.65 W, 99 %
2025/12/04 21:23:23.590, 185.61 W, 99 %
2025/12/04 21:23:23.690, 183.34 W, 99 %
2025/12/04 21:23:23.790, 183.68 W, 99 %
2025/12/04 21:23:23.890, 183.84 W, 99 %
2025/12/04 21:23:23.990, 183.97 W, 99 %
2025/12/04 21:23:24.090, 183.85 W, 99 %
2025/12/04 21:23:24.191, 183.64 W, 93 %
2025/12/04 21:23:24.291, 183.76 W, 93 %
2025/12/04 21:23:24.391, 183.86 W, 99 %
2025/12/04 21:23:24.491, 184.22 W, 99 %
2025/12/04 21:23:24.591, 183.99 W, 91 %
2025/12/04 21:23:24.691, 183.73 W, 91 %
2025/12/04 21:23:24.791, 185.88 W, 99 %
2025/12/04 21:23:24.892, 185.94 W, 99 %
2025/12/04 21:23:24.992, 183.76 W, 93 %
2025/12/04 21:23:25.092, 183.91 W, 93 %
2025/12/04 21:23:25.192, 183.93 W, 99 %
2025/12/04 21:23:25.292, 184.10 W, 99 %
2025/12/04 21:23:25.392, 184.30 W, 99 %
2025/12/04 21:23:25.492, 184.40 W, 99 %
2025/12/04 21:23:25.593, 184.07 W, 99 %
2025/12/04 21:23:25.693, 184.41 W, 99 %
2025/12/04 21:23:25.793, 184.38 W, 99 %
2025/12/04 21:23:25.893, 184.15 W, 99 %
2025/12/04 21:23:25.993, 183.85 W, 99 %
2025/12/04 21:23:26.093, 185.85 W, 99 %
2025/12/04 21:23:26.193, 185.39 W, 99 %
2025/12/04 21:23:26.294, 180.76 W, 99 %
2025/12/04 21:23:26.394, 180.77 W, 81 %
2025/12/04 21:23:26.494, 180.58 W, 81 %
2025/12/04 21:23:26.594, 180.38 W, 99 %
2025/12/04 21:23:26.694, 180.49 W, 99 %
2025/12/04 21:23:26.794, 180.18 W, 91 %
2025/12/04 21:23:26.894, 180.46 W, 91 %
2025/12/04 21:23:26.995, 180.68 W, 99 %
2025/12/04 21:23:27.095, 180.72 W, 99 %
2025/12/04 21:23:27.195, 177.04 W, 92 %
2025/12/04 21:23:27.295, 177.13 W, 92 %
2025/12/04 21:23:27.395, 181.80 W, 99 %
2025/12/04 21:23:27.495, 181.61 W, 99 %
2025/12/04 21:23:27.595, 181.39 W, 99 %
2025/12/04 21:23:27.696, 181.38 W, 99 %
2025/12/04 21:23:27.796, 181.29 W, 99 %
2025/12/04 21:23:27.896, 181.45 W, 99 %
2025/12/04 21:23:27.996, 181.28 W, 99 %
2025/12/04 21:23:28.096, 181.08 W, 99 %
2025/12/04 21:23:28.196, 181.34 W, 99 %
2025/12/04 21:23:28.296, 185.21 W, 99 %
2025/12/04 21:23:28.397, 185.17 W, 99 %
2025/12/04 21:23:28.497, 181.71 W, 99 %
2025/12/04 21:23:28.597, 181.78 W, 99 %
2025/12/04 21:23:28.697, 181.83 W, 99 %
2025/12/04 21:23:28.797, 181.81 W, 99 %
2025/12/04 21:23:28.897, 181.97 W, 99 %
2025/12/04 21:23:28.997, 181.69 W, 91 %
2025/12/04 21:23:29.098, 181.59 W, 91 %
2025/12/04 21:23:29.198, 181.67 W, 99 %
2025/12/04 21:23:29.298, 181.38 W, 99 %
2025/12/04 21:23:29.398, 180.45 W, 92 %
2025/12/04 21:23:29.498, 180.46 W, 92 %
2025/12/04 21:23:29.598, 183.81 W, 99 %
2025/12/04 21:23:29.699, 183.72 W, 99 %
2025/12/04 21:23:29.799, 179.92 W, 93 %
2025/12/04 21:23:29.899, 179.81 W, 93 %
2025/12/04 21:23:29.999, 179.55 W, 99 %
2025/12/04 21:23:30.099, 179.67 W, 99 %
2025/12/04 21:23:30.199, 179.66 W, 99 %
2025/12/04 21:23:30.299, 179.48 W, 99 %
2025/12/04 21:23:30.400, 179.32 W, 99 %
2025/12/04 21:23:30.500, 179.94 W, 99 %
2025/12/04 21:23:30.600, 180.04 W, 99 %
2025/12/04 21:23:30.700, 170.95 W, 99 %
2025/12/04 21:23:30.800, 171.05 W, 98 %
2025/12/04 21:23:30.900, 175.04 W, 98 %
2025/12/04 21:23:31.000, 175.48 W, 99 %
2025/12/04 21:23:31.101, 175.83 W, 99 %
2025/12/04 21:23:31.201, 175.75 W, 93 %
2025/12/04 21:23:31.301, 175.85 W, 93 %
2025/12/04 21:23:31.401, 176.29 W, 99 %
2025/12/04 21:23:31.501, 176.53 W, 99 %
2025/12/04 21:23:31.601, 176.15 W, 92 %
2025/12/04 21:23:31.701, 176.26 W, 92 %
2025/12/04 21:23:31.802, 185.56 W, 99 %
2025/12/04 21:23:31.902, 185.41 W, 99 %
2025/12/04 21:23:32.002, 181.88 W, 94 %
2025/12/04 21:23:32.102, 181.80 W, 94 %
2025/12/04 21:23:32.202, 181.66 W, 99 %
2025/12/04 21:23:32.302, 182.02 W, 99 %
2025/12/04 21:23:32.402, 182.19 W, 99 %
2025/12/04 21:23:32.503, 182.07 W, 99 %
2025/12/04 21:23:32.603, 182.21 W, 99 %
2025/12/04 21:23:32.703, 182.81 W, 99 %
2025/12/04 21:23:32.803, 182.89 W, 99 %
2025/12/04 21:23:32.903, 182.36 W, 99 %
2025/12/04 21:23:33.003, 182.41 W, 99 %
2025/12/04 21:23:33.103, 185.89 W, 99 %
2025/12/04 21:23:33.204, 185.71 W, 99 %
2025/12/04 21:23:33.304, 182.51 W, 99 %
2025/12/04 21:23:33.404, 182.33 W, 98 %
2025/12/04 21:23:33.504, 182.37 W, 98 %
2025/12/04 21:23:33.604, 182.64 W, 99 %
2025/12/04 21:23:33.704, 182.62 W, 99 %
2025/12/04 21:23:33.804, 182.46 W, 91 %
2025/12/04 21:23:33.905, 182.19 W, 91 %
2025/12/04 21:23:34.005, 182.42 W, 99 %
2025/12/04 21:23:34.105, 182.53 W, 99 %
2025/12/04 21:23:34.205, 181.90 W, 92 %
2025/12/04 21:23:34.305, 181.84 W, 92 %
2025/12/04 21:23:34.405, 184.95 W, 99 %
2025/12/04 21:23:34.505, 184.89 W, 99 %
2025/12/04 21:23:34.606, 181.86 W, 95 %
2025/12/04 21:23:34.706, 181.62 W, 95 %
2025/12/04 21:23:34.806, 181.85 W, 99 %
2025/12/04 21:23:34.906, 181.92 W, 99 %
2025/12/04 21:23:35.006, 182.07 W, 99 %
2025/12/04 21:23:35.106, 171.89 W, 99 %
2025/12/04 21:23:35.207, 171.65 W, 77 %
2025/12/04 21:23:35.307, 172.06 W, 77 %
2025/12/04 21:23:35.407, 172.10 W, 99 %
2025/12/04 21:23:35.507, 172.37 W, 99 %
2025/12/04 21:23:35.607, 172.15 W, 94 %
2025/12/04 21:23:35.707, 175.27 W, 94 %
2025/12/04 21:23:35.807, 175.56 W, 99 %
2025/12/04 21:23:35.908, 175.20 W, 99 %
2025/12/04 21:23:36.008, 171.64 W, 91 %
2025/12/04 21:23:36.108, 171.85 W, 91 %
2025/12/04 21:23:36.208, 182.47 W, 99 %
2025/12/04 21:23:36.308, 182.66 W, 99 %
2025/12/04 21:23:36.408, 182.66 W, 99 %
2025/12/04 21:23:36.509, 182.57 W, 99 %
2025/12/04 21:23:36.609, 182.26 W, 99 %
2025/12/04 21:23:36.709, 182.54 W, 99 %
2025/12/04 21:23:36.809, 181.95 W, 99 %
2025/12/04 21:23:36.909, 181.09 W, 99 %
2025/12/04 21:23:37.009, 181.17 W, 99 %
2025/12/04 21:23:37.109, 184.59 W, 99 %
2025/12/04 21:23:37.210, 184.07 W, 99 %
2025/12/04 21:23:37.310, 180.07 W, 99 %
2025/12/04 21:23:37.410, 180.14 W, 97 %
2025/12/04 21:23:37.510, 180.21 W, 97 %
2025/12/04 21:23:37.610, 180.32 W, 99 %
2025/12/04 21:23:37.710, 180.55 W, 99 %
2025/12/04 21:23:37.811, 180.45 W, 92 %
2025/12/04 21:23:37.911, 180.67 W, 92 %
2025/12/04 21:23:38.011, 181.32 W, 99 %
2025/12/04 21:23:38.111, 181.35 W, 99 %
2025/12/04 21:23:38.211, 180.61 W, 91 %
2025/12/04 21:23:38.311, 181.17 W, 91 %
2025/12/04 21:23:38.411, 184.96 W, 99 %
2025/12/04 21:23:38.512, 184.74 W, 99 %
2025/12/04 21:23:38.612, 185.12 W, 97 %
2025/12/04 21:23:38.712, 185.11 W, 97 %
2025/12/04 21:23:38.812, 184.97 W, 99 %
2025/12/04 21:23:38.912, 184.92 W, 99 %
2025/12/04 21:23:39.012, 184.95 W, 99 %
2025/12/04 21:23:39.112, 184.68 W, 99 %
2025/12/04 21:23:39.213, 184.56 W, 99 %
2025/12/04 21:23:39.313, 185.12 W, 99 %
2025/12/04 21:23:39.413, 184.74 W, 99 %
2025/12/04 21:23:39.513, 176.39 W, 99 %
2025/12/04 21:23:39.613, 176.52 W, 92 %
2025/12/04 21:23:39.713, 176.42 W, 92 %
2025/12/04 21:23:39.813, 176.34 W, 99 %
2025/12/04 21:23:39.914, 176.16 W, 99 %
2025/12/04 21:23:40.014, 176.11 W, 92 %
2025/12/04 21:23:40.114, 176.14 W, 92 %
2025/12/04 21:23:40.214, 176.27 W, 99 %
2025/12/04 21:23:40.314, 176.25 W, 99 %
2025/12/04 21:23:40.414, 175.79 W, 93 %
2025/12/04 21:23:40.514, 175.81 W, 93 %
2025/12/04 21:23:40.615, 184.12 W, 99 %
2025/12/04 21:23:40.715, 184.29 W, 99 %
2025/12/04 21:23:40.815, 182.71 W, 95 %
2025/12/04 21:23:40.915, 182.88 W, 95 %
2025/12/04 21:23:41.015, 183.38 W, 99 %
2025/12/04 21:23:41.115, 183.52 W, 99 %
2025/12/04 21:23:41.215, 183.48 W, 99 %
2025/12/04 21:23:41.316, 183.35 W, 99 %
2025/12/04 21:23:41.416, 183.51 W, 99 %
2025/12/04 21:23:41.516, 184.19 W, 99 %
2025/12/04 21:23:41.616, 184.28 W, 99 %
2025/12/04 21:23:41.716, 183.44 W, 99 %
2025/12/04 21:23:41.816, 183.33 W, 99 %
2025/12/04 21:23:41.916, 184.65 W, 99 %
2025/12/04 21:23:42.017, 184.67 W, 99 %
2025/12/04 21:23:42.117, 184.59 W, 99 %
2025/12/04 21:23:42.217, 184.61 W, 93 %
2025/12/04 21:23:42.317, 184.75 W, 93 %
2025/12/04 21:23:42.417, 185.04 W, 99 %
2025/12/04 21:23:42.517, 184.93 W, 99 %
2025/12/04 21:23:42.617, 184.83 W, 92 %
2025/12/04 21:23:42.718, 185.12 W, 92 %
2025/12/04 21:23:42.818, 185.98 W, 99 %
2025/12/04 21:23:42.918, 185.90 W, 99 %
2025/12/04 21:23:43.018, 184.77 W, 92 %
2025/12/04 21:23:43.118, 184.51 W, 92 %
2025/12/04 21:23:43.218, 184.26 W, 99 %
2025/12/04 21:23:43.319, 184.10 W, 99 %
2025/12/04 21:23:43.419, 183.92 W, 99 %
2025/12/04 21:23:43.519, 183.83 W, 99 %
2025/12/04 21:23:43.619, 184.01 W, 99 %
2025/12/04 21:23:43.719, 183.99 W, 99 %
2025/12/04 21:23:43.819, 183.79 W, 99 %
2025/12/04 21:23:43.919, 181.90 W, 99 %
2025/12/04 21:23:44.020, 181.92 W, 99 %
2025/12/04 21:23:44.120, 183.14 W, 99 %
2025/12/04 21:23:44.220, 183.44 W, 99 %
2025/12/04 21:23:44.320, 183.43 W, 99 %
2025/12/04 21:23:44.420, 183.51 W, 91 %
2025/12/04 21:23:44.520, 183.70 W, 91 %
2025/12/04 21:23:44.620, 183.54 W, 99 %
2025/12/04 21:23:44.721, 183.36 W, 99 %
2025/12/04 21:23:44.821, 183.41 W, 92 %
2025/12/04 21:23:44.921, 183.32 W, 92 %
2025/12/04 21:23:45.021, 185.14 W, 99 %
2025/12/04 21:23:45.121, 185.18 W, 99 %
2025/12/04 21:23:45.221, 182.94 W, 92 %
2025/12/04 21:23:45.321, 183.01 W, 92 %
2025/12/04 21:23:45.422, 183.08 W, 99 %
2025/12/04 21:23:45.522, 183.22 W, 99 %
2025/12/04 21:23:45.622, 182.89 W, 99 %
2025/12/04 21:23:45.722, 183.07 W, 99 %
2025/12/04 21:23:45.822, 183.10 W, 99 %
2025/12/04 21:23:45.922, 183.10 W, 99 %
2025/12/04 21:23:46.022, 183.05 W, 99 %
2025/12/04 21:23:46.123, 182.84 W, 99 %
2025/12/04 21:23:46.223, 182.77 W, 99 %
2025/12/04 21:23:46.323, 184.92 W, 99 %
2025/12/04 21:23:46.423, 184.72 W, 99 %
2025/12/04 21:23:46.523, 181.29 W, 99 %
2025/12/04 21:23:46.623, 181.18 W, 99 %
2025/12/04 21:23:46.723, 181.43 W, 99 %
2025/12/04 21:23:46.824, 181.49 W, 99 %
2025/12/04 21:23:46.924, 181.49 W, 99 %
2025/12/04 21:23:47.024, 181.79 W, 93 %
2025/12/04 21:23:47.124, 181.91 W, 93 %
2025/12/04 21:23:47.224, 182.11 W, 99 %
2025/12/04 21:23:47.324, 182.32 W, 99 %
2025/12/04 21:23:47.424, 182.35 W, 91 %
2025/12/04 21:23:47.525, 182.38 W, 91 %
2025/12/04 21:23:47.625, 185.86 W, 99 %
2025/12/04 21:23:47.725, 186.35 W, 99 %
2025/12/04 21:23:47.825, 183.66 W, 93 %
2025/12/04 21:23:47.925, 183.86 W, 93 %
2025/12/04 21:23:48.025, 183.78 W, 99 %
2025/12/04 21:23:48.125, 183.48 W, 99 %
2025/12/04 21:23:48.226, 183.26 W, 99 %
2025/12/04 21:23:48.326, 182.76 W, 99 %
2025/12/04 21:23:48.426, 182.86 W, 99 %
2025/12/04 21:23:48.526, 182.79 W, 99 %
2025/12/04 21:23:48.626, 182.81 W, 99 %
2025/12/04 21:23:48.726, 180.00 W, 99 %
2025/12/04 21:23:48.826, 179.53 W, 99 %
2025/12/04 21:23:48.927, 182.12 W, 99 %
2025/12/04 21:23:49.027, 181.91 W, 99 %
2025/12/04 21:23:49.127, 182.24 W, 99 %
2025/12/04 21:23:49.227, 182.23 W, 91 %
2025/12/04 21:23:49.327, 182.61 W, 91 %
2025/12/04 21:23:49.427, 183.32 W, 99 %
2025/12/04 21:23:49.527, 183.11 W, 99 %
2025/12/04 21:23:49.628, 182.97 W, 92 %
2025/12/04 21:23:49.728, 183.18 W, 92 %
2025/12/04 21:23:49.828, 185.97 W, 99 %
2025/12/04 21:23:49.928, 185.98 W, 99 %
2025/12/04 21:23:50.028, 182.87 W, 92 %
2025/12/04 21:23:50.128, 182.65 W, 92 %
2025/12/04 21:23:50.229, 182.34 W, 99 %
2025/12/04 21:23:50.329, 182.26 W, 99 %
2025/12/04 21:23:50.429, 182.00 W, 99 %
2025/12/04 21:23:50.529, 181.62 W, 99 %
2025/12/04 21:23:50.629, 181.77 W, 99 %
2025/12/04 21:23:50.729, 182.28 W, 99 %
2025/12/04 21:23:50.829, 182.15 W, 99 %
2025/12/04 21:23:50.930, 181.68 W, 99 %
2025/12/04 21:23:51.030, 181.93 W, 99 %
2025/12/04 21:23:51.130, 185.33 W, 99 %
2025/12/04 21:23:51.230, 185.44 W, 99 %
2025/12/04 21:23:51.330, 181.75 W, 99 %
2025/12/04 21:23:51.430, 181.98 W, 97 %
2025/12/04 21:23:51.530, 181.81 W, 97 %
2025/12/04 21:23:51.631, 182.10 W, 99 %
2025/12/04 21:23:51.731, 182.25 W, 99 %
2025/12/04 21:23:51.831, 181.91 W, 92 %
2025/12/04 21:23:51.931, 181.92 W, 92 %
2025/12/04 21:23:52.031, 182.64 W, 99 %
2025/12/04 21:23:52.131, 182.35 W, 99 %
2025/12/04 21:23:52.231, 181.39 W, 93 %
2025/12/04 21:23:52.332, 184.95 W, 93 %
2025/12/04 21:23:52.432, 184.90 W, 99 %
2025/12/04 21:23:52.532, 185.41 W, 99 %
2025/12/04 21:23:52.632, 185.22 W, 97 %
2025/12/04 21:23:52.732, 185.14 W, 97 %
2025/12/04 21:23:52.832, 185.19 W, 99 %
2025/12/04 21:23:52.932, 184.98 W, 99 %
2025/12/04 21:23:53.033, 184.26 W, 99 %
2025/12/04 21:23:53.133, 184.42 W, 99 %
2025/12/04 21:23:53.233, 185.46 W, 99 %
2025/12/04 21:23:53.333, 185.62 W, 99 %
2025/12/04 21:23:53.433, 183.24 W, 99 %
2025/12/04 21:23:53.533, 183.46 W, 99 %
2025/12/04 21:23:53.633, 183.02 W, 96 %
2025/12/04 21:23:53.734, 183.07 W, 96 %
2025/12/04 21:23:53.834, 182.74 W, 99 %
2025/12/04 21:23:53.934, 182.89 W, 99 %
2025/12/04 21:23:54.034, 182.98 W, 92 %
2025/12/04 21:23:54.134, 183.36 W, 92 %
2025/12/04 21:23:54.234, 183.17 W, 99 %
2025/12/04 21:23:54.334, 181.75 W, 99 %
2025/12/04 21:23:54.435, 181.52 W, 99 %
2025/12/04 21:23:54.535, 183.80 W, 99 %
2025/12/04 21:23:54.635, 183.48 W, 99 %
2025/12/04 21:23:54.735, 183.45 W, 99 %
2025/12/04 21:23:54.835, 183.62 W, 93 %
2025/12/04 21:23:54.935, 183.86 W, 93 %
2025/12/04 21:23:55.035, 183.80 W, 99 %
2025/12/04 21:23:55.136, 183.53 W, 99 %
2025/12/04 21:23:55.236, 183.42 W, 92 %
2025/12/04 21:23:55.336, 183.54 W, 92 %
2025/12/04 21:23:55.436, 184.48 W, 99 %
2025/12/04 21:23:55.536, 184.79 W, 99 %
2025/12/04 21:23:55.636, 183.02 W, 92 %
2025/12/04 21:23:55.736, 183.20 W, 92 %
2025/12/04 21:23:55.837, 183.55 W, 99 %
2025/12/04 21:23:55.937, 183.43 W, 99 %
2025/12/04 21:23:56.037, 183.13 W, 99 %
2025/12/04 21:23:56.137, 183.16 W, 99 %
2025/12/04 21:23:56.237, 183.40 W, 99 %
2025/12/04 21:23:56.337, 183.57 W, 99 %
2025/12/04 21:23:56.438, 183.67 W, 99 %
2025/12/04 21:23:56.538, 183.71 W, 99 %
2025/12/04 21:23:56.638, 183.55 W, 99 %
2025/12/04 21:23:56.738, 185.50 W, 99 %
2025/12/04 21:23:56.838, 185.48 W, 99 %
2025/12/04 21:23:56.938, 178.48 W, 99 %
2025/12/04 21:23:57.038, 178.42 W, 84 %
2025/12/04 21:23:57.139, 178.49 W, 84 %
2025/12/04 21:23:57.239, 178.33 W, 99 %
2025/12/04 21:23:57.339, 178.06 W, 99 %
2025/12/04 21:23:57.439, 177.80 W, 91 %
2025/12/04 21:23:57.539, 177.71 W, 91 %
2025/12/04 21:23:57.639, 177.63 W, 99 %
2025/12/04 21:23:57.739, 177.60 W, 99 %
2025/12/04 21:23:57.840, 175.95 W, 93 %
2025/12/04 21:23:57.940, 175.93 W, 93 %
2025/12/04 21:23:58.040, 182.96 W, 99 %
2025/12/04 21:23:58.140, 183.04 W, 99 %
2025/12/04 21:23:58.240, 182.98 W, 99 %
2025/12/04 21:23:58.340, 183.18 W, 99 %
2025/12/04 21:23:58.440, 183.54 W, 99 %
2025/12/04 21:23:58.541, 183.80 W, 99 %
2025/12/04 21:23:58.641, 183.91 W, 99 %
2025/12/04 21:23:58.741, 183.89 W, 99 %
2025/12/04 21:23:58.841, 183.85 W, 99 %
2025/12/04 21:23:58.941, 185.46 W, 99 %
2025/12/04 21:23:59.041, 185.67 W, 99 %
2025/12/04 21:23:59.141, 181.41 W, 99 %
2025/12/04 21:23:59.242, 181.29 W, 99 %
2025/12/04 21:23:59.342, 181.50 W, 99 %
2025/12/04 21:23:59.442, 181.69 W, 99 %
2025/12/04 21:23:59.542, 181.74 W, 99 %
2025/12/04 21:23:59.642, 181.75 W, 92 %
2025/12/04 21:23:59.742, 181.69 W, 92 %
2025/12/04 21:23:59.842, 181.93 W, 99 %
2025/12/04 21:23:59.943, 181.82 W, 99 %
2025/12/04 21:24:00.043, 181.89 W, 92 %
2025/12/04 21:24:00.143, 181.62 W, 92 %
2025/12/04 21:24:00.243, 185.53 W, 99 %
2025/12/04 21:24:00.343, 185.53 W, 99 %
2025/12/04 21:24:00.443, 182.55 W, 93 %
2025/12/04 21:24:00.543, 182.10 W, 93 %
2025/12/04 21:24:00.644, 182.10 W, 99 %
2025/12/04 21:24:00.744, 182.29 W, 99 %
2025/12/04 21:24:00.844, 182.00 W, 99 %
2025/12/04 21:24:00.944, 181.73 W, 99 %
2025/12/04 21:24:01.044, 182.10 W, 99 %
2025/12/04 21:24:01.144, 182.38 W, 99 %
2025/12/04 21:24:01.244, 182.37 W, 99 %
2025/12/04 21:24:01.345, 173.00 W, 99 %
2025/12/04 21:24:01.445, 172.94 W, 99 %
2025/12/04 21:24:01.545, 175.90 W, 99 %
2025/12/04 21:24:01.645, 176.14 W, 99 %
2025/12/04 21:24:01.745, 175.98 W, 99 %
2025/12/04 21:24:01.845, 175.76 W, 93 %
2025/12/04 21:24:01.945, 175.89 W, 93 %
2025/12/04 21:24:02.046, 176.21 W, 99 %
2025/12/04 21:24:02.146, 175.79 W, 99 %
2025/12/04 21:24:02.246, 174.95 W, 91 %
2025/12/04 21:24:02.346, 174.80 W, 91 %
2025/12/04 21:24:02.446, 184.42 W, 99 %
2025/12/04 21:24:02.546, 184.87 W, 99 %
2025/12/04 21:24:02.647, 182.04 W, 94 %
2025/12/04 21:24:02.747, 182.10 W, 94 %
2025/12/04 21:24:02.847, 182.19 W, 99 %
2025/12/04 21:24:02.947, 182.27 W, 99 %
2025/12/04 21:24:03.047, 182.45 W, 99 %
2025/12/04 21:24:03.147, 182.31 W, 99 %
2025/12/04 21:24:03.247, 182.46 W, 99 %
2025/12/04 21:24:03.348, 182.89 W, 99 %
2025/12/04 21:24:03.448, 183.17 W, 99 %
2025/12/04 21:24:03.548, 182.27 W, 99 %
2025/12/04 21:24:03.648, 182.12 W, 99 %
2025/12/04 21:24:03.748, 184.90 W, 99 %
2025/12/04 21:24:03.848, 184.69 W, 99 %
2025/12/04 21:24:03.948, 184.72 W, 99 %
2025/12/04 21:24:04.049, 184.64 W, 94 %
2025/12/04 21:24:04.149, 184.51 W, 94 %
2025/12/04 21:24:04.249, 184.35 W, 99 %
2025/12/04 21:24:04.349, 184.35 W, 99 %
2025/12/04 21:24:04.449, 184.28 W, 92 %
2025/12/04 21:24:04.549, 184.12 W, 92 %
2025/12/04 21:24:04.649, 184.93 W, 99 %
2025/12/04 21:24:04.750, 184.82 W, 99 %
2025/12/04 21:24:04.850, 183.85 W, 93 %
2025/12/04 21:24:04.950, 183.87 W, 93 %
2025/12/04 21:24:05.050, 183.76 W, 99 %
2025/12/04 21:24:05.150, 183.89 W, 99 %
2025/12/04 21:24:05.250, 184.18 W, 99 %
2025/12/04 21:24:05.351, 184.29 W, 99 %
2025/12/04 21:24:05.451, 184.40 W, 99 %
2025/12/04 21:24:05.551, 184.82 W, 99 %
2025/12/04 21:24:05.651, 184.99 W, 99 %
2025/12/04 21:24:05.751, 183.24 W, 99 %
2025/12/04 21:24:05.851, 183.25 W, 99 %
2025/12/04 21:24:05.951, 184.21 W, 99 %
2025/12/04 21:24:06.052, 184.38 W, 99 %
2025/12/04 21:24:06.152, 184.30 W, 99 %
2025/12/04 21:24:06.252, 184.22 W, 91 %
2025/12/04 21:24:06.352, 184.07 W, 91 %
2025/12/04 21:24:06.452, 184.05 W, 99 %
2025/12/04 21:24:06.552, 183.99 W, 99 %
2025/12/04 21:24:06.652, 183.87 W, 92 %
2025/12/04 21:24:06.753, 183.62 W, 92 %
2025/12/04 21:24:06.853, 185.32 W, 99 %
2025/12/04 21:24:06.953, 185.13 W, 99 %
2025/12/04 21:24:07.053, 182.92 W, 92 %
2025/12/04 21:24:07.153, 182.74 W, 92 %
2025/12/04 21:24:07.253, 182.80 W, 99 %
2025/12/04 21:24:07.353, 183.00 W, 99 %
2025/12/04 21:24:07.454, 183.03 W, 99 %
2025/12/04 21:24:07.554, 183.05 W, 99 %
2025/12/04 21:24:07.654, 183.13 W, 99 %
2025/12/04 21:24:07.754, 183.19 W, 99 %
2025/12/04 21:24:07.854, 183.25 W, 99 %
2025/12/04 21:24:07.954, 183.22 W, 99 %
2025/12/04 21:24:08.054, 183.38 W, 99 %
2025/12/04 21:24:08.155, 185.40 W, 99 %
2025/12/04 21:24:08.255, 185.40 W, 99 %
2025/12/04 21:24:08.355, 181.94 W, 99 %
2025/12/04 21:24:08.455, 181.40 W, 99 %
2025/12/04 21:24:08.555, 181.29 W, 99 %
2025/12/04 21:24:08.655, 181.45 W, 99 %
2025/12/04 21:24:08.755, 181.45 W, 99 %
2025/12/04 21:24:08.856, 181.40 W, 92 %
2025/12/04 21:24:08.956, 181.73 W, 92 %
2025/12/04 21:24:09.056, 181.79 W, 99 %
2025/12/04 21:24:09.156, 181.70 W, 99 %
2025/12/04 21:24:09.256, 181.53 W, 93 %
2025/12/04 21:24:09.356, 181.53 W, 93 %
2025/12/04 21:24:09.457, 184.87 W, 99 %
2025/12/04 21:24:09.557, 185.19 W, 99 %
2025/12/04 21:24:09.657, 181.72 W, 93 %
2025/12/04 21:24:09.757, 181.80 W, 93 %
2025/12/04 21:24:09.857, 181.86 W, 99 %
2025/12/04 21:24:09.957, 181.97 W, 99 %
2025/12/04 21:24:10.057, 181.77 W, 99 %
2025/12/04 21:24:10.158, 181.26 W, 99 %
2025/12/04 21:24:10.258, 181.41 W, 99 %
2025/12/04 21:24:10.358, 181.76 W, 99 %
2025/12/04 21:24:10.458, 181.76 W, 99 %
2025/12/04 21:24:10.558, 179.42 W, 99 %
2025/12/04 21:24:10.658, 179.46 W, 99 %
2025/12/04 21:24:10.758, 183.12 W, 99 %
2025/12/04 21:24:10.859, 182.99 W, 99 %
2025/12/04 21:24:10.959, 182.71 W, 99 %
2025/12/04 21:24:11.059, 182.55 W, 91 %
2025/12/04 21:24:11.159, 182.56 W, 91 %
2025/12/04 21:24:11.259, 182.93 W, 99 %
2025/12/04 21:24:11.359, 182.84 W, 99 %
2025/12/04 21:24:11.459, 182.60 W, 93 %
2025/12/04 21:24:11.560, 182.63 W, 93 %
2025/12/04 21:24:11.660, 185.13 W, 99 %
2025/12/04 21:24:11.760, 185.32 W, 99 %
2025/12/04 21:24:11.860, 180.58 W, 91 %
2025/12/04 21:24:11.960, 180.56 W, 91 %
2025/12/04 21:24:12.060, 180.71 W, 99 %
2025/12/04 21:24:12.160, 180.82 W, 99 %
2025/12/04 21:24:12.261, 180.78 W, 99 %
2025/12/04 21:24:12.361, 180.86 W, 99 %
2025/12/04 21:24:12.461, 180.80 W, 99 %
2025/12/04 21:24:12.561, 180.83 W, 99 %
2025/12/04 21:24:12.661, 180.66 W, 99 %
2025/12/04 21:24:12.761, 179.66 W, 99 %
2025/12/04 21:24:12.862, 179.27 W, 99 %
2025/12/04 21:24:12.962, 183.62 W, 99 %
2025/12/04 21:24:13.062, 183.38 W, 99 %
2025/12/04 21:24:13.162, 183.57 W, 99 %
2025/12/04 21:24:13.262, 183.38 W, 93 %
2025/12/04 21:24:13.362, 183.37 W, 93 %
2025/12/04 21:24:13.462, 183.47 W, 99 %
2025/12/04 21:24:13.563, 183.39 W, 99 %
2025/12/04 21:24:13.663, 183.35 W, 92 %
2025/12/04 21:24:13.763, 183.74 W, 92 %
2025/12/04 21:24:13.863, 184.66 W, 99 %
2025/12/04 21:24:13.963, 184.79 W, 99 %
2025/12/04 21:24:14.063, 184.10 W, 93 %
2025/12/04 21:24:14.163, 184.24 W, 93 %
2025/12/04 21:24:14.264, 184.04 W, 99 %
2025/12/04 21:24:14.364, 184.20 W, 99 %
2025/12/04 21:24:14.464, 184.40 W, 99 %
2025/12/04 21:24:14.564, 184.22 W, 99 %
2025/12/04 21:24:14.664, 184.81 W, 99 %
2025/12/04 21:24:14.764, 185.11 W, 99 %
2025/12/04 21:24:14.864, 184.83 W, 99 %
2025/12/04 21:24:14.965, 184.23 W, 99 %
2025/12/04 21:24:15.065, 184.24 W, 99 %
2025/12/04 21:24:15.165, 185.55 W, 99 %
2025/12/04 21:24:15.265, 185.89 W, 99 %
2025/12/04 21:24:15.365, 185.75 W, 99 %
2025/12/04 21:24:15.465, 185.95 W, 94 %
2025/12/04 21:24:15.566, 185.56 W, 94 %
2025/12/04 21:24:15.666, 185.66 W, 99 %
2025/12/04 21:24:15.766, 185.55 W, 99 %
2025/12/04 21:24:15.866, 185.39 W, 92 %
2025/12/04 21:24:15.966, 185.51 W, 92 %
2025/12/04 21:24:16.066, 186.44 W, 99 %
2025/12/04 21:24:16.166, 186.49 W, 99 %
2025/12/04 21:24:16.267, 184.80 W, 92 %
2025/12/04 21:24:16.367, 184.44 W, 92 %
2025/12/04 21:24:16.467, 184.48 W, 99 %
2025/12/04 21:24:16.567, 184.20 W, 99 %
2025/12/04 21:24:16.667, 184.27 W, 99 %
2025/12/04 21:24:16.767, 184.45 W, 99 %
2025/12/04 21:24:16.867, 184.07 W, 99 %
2025/12/04 21:24:16.968, 184.26 W, 99 %
2025/12/04 21:24:17.068, 184.46 W, 99 %
2025/12/04 21:24:17.168, 183.95 W, 99 %
2025/12/04 21:24:17.268, 183.70 W, 99 %
2025/12/04 21:24:17.368, 185.05 W, 99 %
2025/12/04 21:24:17.468, 185.32 W, 99 %
2025/12/04 21:24:17.568, 182.49 W, 99 %
2025/12/04 21:24:17.669, 182.43 W, 99 %
2025/12/04 21:24:17.769, 182.58 W, 99 %
2025/12/04 21:24:17.869, 182.28 W, 99 %
2025/12/04 21:24:17.969, 182.34 W, 99 %
2025/12/04 21:24:18.069, 182.17 W, 93 %
2025/12/04 21:24:18.169, 181.73 W, 93 %
2025/12/04 21:24:18.269, 181.85 W, 99 %
2025/12/04 21:24:18.370, 182.27 W, 99 %
2025/12/04 21:24:18.470, 182.19 W, 93 %
2025/12/04 21:24:18.570, 182.14 W, 93 %
2025/12/04 21:24:18.670, 184.93 W, 99 %
2025/12/04 21:24:18.770, 184.93 W, 99 %
2025/12/04 21:24:18.870, 179.84 W, 88 %
2025/12/04 21:24:18.971, 179.62 W, 88 %
2025/12/04 21:24:19.071, 179.71 W, 99 %
2025/12/04 21:24:19.171, 179.68 W, 99 %
2025/12/04 21:24:19.271, 179.79 W, 99 %
2025/12/04 21:24:19.371, 179.95 W, 99 %
2025/12/04 21:24:19.471, 179.60 W, 99 %
2025/12/04 21:24:19.571, 179.49 W, 99 %
2025/12/04 21:24:19.672, 179.54 W, 99 %
2025/12/04 21:24:19.772, 177.05 W, 99 %
2025/12/04 21:24:19.872, 176.91 W, 99 %
2025/12/04 21:24:19.972, 181.95 W, 99 %
2025/12/04 21:24:20.072, 182.31 W, 99 %
2025/12/04 21:24:20.172, 182.10 W, 99 %
2025/12/04 21:24:20.272, 182.16 W, 91 %
2025/12/04 21:24:20.373, 182.11 W, 91 %
2025/12/04 21:24:20.473, 182.23 W, 99 %
2025/12/04 21:24:20.573, 182.33 W, 99 %
2025/12/04 21:24:20.673, 182.07 W, 91 %
2025/12/04 21:24:20.773, 182.18 W, 91 %
2025/12/04 21:24:20.873, 184.91 W, 99 %
2025/12/04 21:24:20.973, 185.06 W, 99 %
2025/12/04 21:24:21.074, 182.03 W, 92 %
2025/12/04 21:24:21.174, 182.18 W, 92 %
2025/12/04 21:24:21.274, 182.26 W, 99 %
2025/12/04 21:24:21.374, 182.21 W, 99 %
2025/12/04 21:24:21.474, 182.48 W, 99 %
2025/12/04 21:24:21.574, 182.33 W, 99 %
2025/12/04 21:24:21.674, 182.44 W, 99 %
2025/12/04 21:24:21.775, 182.91 W, 99 %
2025/12/04 21:24:21.875, 182.56 W, 99 %
2025/12/04 21:24:21.975, 182.11 W, 99 %
2025/12/04 21:24:22.075, 182.02 W, 99 %
2025/12/04 21:24:22.175, 185.11 W, 99 %
2025/12/04 21:24:22.275, 185.01 W, 99 %
2025/12/04 21:24:22.375, 181.43 W, 99 %
2025/12/04 21:24:22.476, 181.61 W, 97 %
2025/12/04 21:24:22.576, 181.31 W, 97 %
2025/12/04 21:24:22.676, 181.32 W, 99 %
2025/12/04 21:24:22.776, 181.23 W, 99 %
2025/12/04 21:24:22.876, 180.96 W, 92 %
2025/12/04 21:24:22.976, 180.82 W, 92 %
2025/12/04 21:24:23.077, 180.99 W, 99 %
2025/12/04 21:24:23.177, 181.27 W, 99 %
2025/12/04 21:24:23.277, 172.62 W, 76 %
2025/12/04 21:24:23.377, 172.37 W, 76 %
2025/12/04 21:24:23.477, 176.01 W, 99 %
2025/12/04 21:24:23.577, 175.74 W, 99 %
2025/12/04 21:24:23.677, 175.85 W, 99 %
2025/12/04 21:24:23.778, 175.57 W, 99 %
2025/12/04 21:24:23.878, 175.43 W, 99 %
2025/12/04 21:24:23.978, 175.44 W, 99 %
2025/12/04 21:24:24.078, 175.62 W, 99 %
2025/12/04 21:24:24.178, 174.67 W, 99 %
2025/12/04 21:24:24.278, 174.51 W, 99 %
2025/12/04 21:24:24.378, 183.24 W, 99 %
2025/12/04 21:24:24.479, 183.40 W, 99 %
2025/12/04 21:24:24.579, 183.43 W, 99 %
2025/12/04 21:24:24.679, 183.68 W, 94 %
2025/12/04 21:24:24.779, 183.80 W, 94 %
2025/12/04 21:24:24.879, 184.37 W, 99 %
2025/12/04 21:24:24.979, 184.42 W, 99 %
2025/12/04 21:24:25.079, 184.64 W, 92 %
2025/12/04 21:24:25.180, 184.52 W, 92 %
2025/12/04 21:24:25.280, 185.50 W, 99 %
2025/12/04 21:24:25.380, 185.76 W, 99 %
2025/12/04 21:24:25.480, 184.68 W, 93 %
2025/12/04 21:24:25.580, 184.89 W, 93 %
2025/12/04 21:24:25.680, 184.98 W, 99 %
2025/12/04 21:24:25.780, 184.80 W, 99 %
2025/12/04 21:24:25.881, 184.60 W, 99 %
2025/12/04 21:24:25.981, 184.44 W, 99 %
2025/12/04 21:24:26.081, 184.59 W, 99 %
2025/12/04 21:24:26.181, 184.42 W, 99 %
2025/12/04 21:24:26.281, 184.46 W, 99 %
2025/12/04 21:24:26.381, 184.45 W, 99 %
2025/12/04 21:24:26.481, 184.15 W, 99 %
2025/12/04 21:24:26.582, 185.11 W, 99 %
2025/12/04 21:24:26.682, 185.04 W, 99 %
2025/12/04 21:24:26.782, 180.79 W, 99 %
2025/12/04 21:24:26.882, 180.76 W, 99 %
2025/12/04 21:24:26.982, 180.74 W, 99 %
2025/12/04 21:24:27.082, 180.57 W, 99 %
2025/12/04 21:24:27.182, 180.58 W, 99 %
2025/12/04 21:24:27.283, 180.74 W, 92 %
2025/12/04 21:24:27.383, 180.87 W, 92 %
2025/12/04 21:24:27.483, 180.88 W, 99 %
2025/12/04 21:24:27.583, 180.95 W, 99 %
2025/12/04 21:24:27.683, 173.41 W, 71 %
2025/12/04 21:24:27.783, 173.08 W, 71 %
2025/12/04 21:24:27.884, 177.04 W, 99 %
2025/12/04 21:24:27.984, 177.07 W, 99 %
2025/12/04 21:24:28.084, 177.12 W, 99 %
2025/12/04 21:24:28.184, 177.00 W, 99 %
2025/12/04 21:24:28.284, 177.07 W, 99 %
2025/12/04 21:24:28.384, 176.92 W, 99 %
2025/12/04 21:24:28.484, 177.15 W, 99 %
2025/12/04 21:24:28.585, 176.76 W, 99 %
2025/12/04 21:24:28.685, 176.73 W, 99 %
2025/12/04 21:24:28.785, 184.45 W, 99 %
2025/12/04 21:24:28.885, 184.52 W, 99 %
2025/12/04 21:24:28.985, 181.60 W, 99 %
2025/12/04 21:24:29.085, 181.75 W, 99 %
2025/12/04 21:24:29.185, 181.73 W, 99 %
2025/12/04 21:24:29.286, 181.77 W, 99 %
2025/12/04 21:24:29.386, 181.96 W, 99 %
2025/12/04 21:24:29.486, 182.07 W, 92 %
2025/12/04 21:24:29.586, 181.83 W, 92 %
2025/12/04 21:24:29.686, 182.47 W, 99 %
2025/12/04 21:24:29.786, 182.48 W, 99 %
2025/12/04 21:24:29.886, 181.73 W, 91 %
2025/12/04 21:24:29.987, 181.91 W, 91 %
2025/12/04 21:24:30.087, 184.93 W, 99 %
2025/12/04 21:24:30.187, 185.01 W, 99 %
2025/12/04 21:24:30.287, 184.30 W, 95 %
2025/12/04 21:24:30.387, 184.16 W, 95 %
2025/12/04 21:24:30.487, 183.85 W, 99 %
2025/12/04 21:24:30.587, 183.91 W, 99 %
2025/12/04 21:24:30.688, 183.78 W, 99 %
2025/12/04 21:24:30.788, 183.52 W, 99 %
2025/12/04 21:24:30.888, 183.51 W, 99 %
2025/12/04 21:24:30.988, 184.14 W, 99 %
2025/12/04 21:24:31.088, 184.41 W, 99 %
2025/12/04 21:24:31.188, 183.69 W, 99 %
2025/12/04 21:24:31.289, 183.56 W, 99 %
2025/12/04 21:24:31.389, 184.61 W, 99 %
2025/12/04 21:24:31.489, 184.81 W, 99 %
2025/12/04 21:24:31.589, 184.81 W, 99 %
2025/12/04 21:24:31.689, 184.50 W, 95 %
2025/12/04 21:24:31.789, 184.80 W, 95 %
2025/12/04 21:24:31.889, 185.11 W, 99 %
2025/12/04 21:24:31.990, 185.03 W, 99 %
2025/12/04 21:24:32.090, 183.21 W, 69 %
2025/12/04 21:24:32.190, 182.99 W, 69 %
2025/12/04 21:24:32.290, 184.02 W, 99 %
2025/12/04 21:24:32.390, 184.21 W, 99 %
2025/12/04 21:24:32.490, 184.06 W, 97 %
2025/12/04 21:24:32.590, 184.35 W, 97 %
2025/12/04 21:24:32.691, 184.20 W, 99 %
2025/12/04 21:24:32.791, 184.51 W, 99 %
2025/12/04 21:24:32.891, 184.08 W, 99 %
2025/12/04 21:24:32.991, 183.60 W, 99 %
2025/12/04 21:24:33.091, 183.41 W, 99 %
2025/12/04 21:24:33.191, 185.36 W, 99 %
2025/12/04 21:24:33.291, 185.25 W, 99 %
2025/12/04 21:24:33.392, 184.30 W, 99 %
2025/12/04 21:24:33.492, 184.26 W, 99 %
2025/12/04 21:24:33.592, 184.10 W, 99 %
2025/12/04 21:24:33.692, 183.95 W, 99 %
2025/12/04 21:24:33.792, 184.11 W, 99 %
2025/12/04 21:24:33.892, 183.95 W, 92 %
2025/12/04 21:24:33.993, 184.53 W, 92 %
2025/12/04 21:24:34.093, 184.86 W, 99 %
2025/12/04 21:24:34.193, 184.84 W, 99 %
2025/12/04 21:24:34.293, 184.43 W, 92 %
2025/12/04 21:24:34.393, 184.40 W, 92 %
2025/12/04 21:24:34.493, 184.94 W, 99 %
2025/12/04 21:24:34.593, 184.72 W, 99 %
2025/12/04 21:24:34.694, 183.04 W, 93 %
2025/12/04 21:24:34.794, 182.95 W, 93 %
2025/12/04 21:24:34.894, 183.01 W, 99 %
2025/12/04 21:24:34.994, 182.95 W, 99 %
2025/12/04 21:24:35.094, 182.37 W, 99 %
2025/12/04 21:24:35.194, 182.21 W, 99 %
2025/12/04 21:24:35.294, 182.74 W, 99 %
2025/12/04 21:24:35.395, 182.82 W, 99 %
2025/12/04 21:24:35.495, 183.14 W, 99 %
2025/12/04 21:24:35.595, 183.08 W, 99 %
2025/12/04 21:24:35.695, 182.94 W, 99 %
2025/12/04 21:24:35.795, 184.54 W, 99 %
2025/12/04 21:24:35.895, 184.66 W, 99 %
2025/12/04 21:24:35.995, 180.23 W, 99 %
2025/12/04 21:24:36.096, 180.59 W, 99 %
2025/12/04 21:24:36.196, 181.19 W, 99 %
2025/12/04 21:24:36.296, 181.27 W, 99 %
2025/12/04 21:24:36.396, 180.91 W, 99 %
2025/12/04 21:24:36.496, 180.56 W, 72 %
2025/12/04 21:24:36.596, 180.44 W, 72 %
2025/12/04 21:24:36.696, 180.84 W, 99 %
2025/12/04 21:24:36.797, 181.10 W, 99 %
2025/12/04 21:24:36.897, 178.97 W, 91 %
2025/12/04 21:24:36.997, 178.95 W, 91 %
2025/12/04 21:24:37.097, 183.38 W, 99 %
2025/12/04 21:24:37.197, 183.17 W, 99 %
2025/12/04 21:24:37.297, 183.08 W, 99 %
2025/12/04 21:24:37.397, 183.10 W, 99 %
2025/12/04 21:24:37.498, 183.40 W, 99 %
2025/12/04 21:24:37.598, 183.98 W, 99 %
2025/12/04 21:24:37.698, 183.66 W, 99 %
2025/12/04 21:24:37.798, 183.27 W, 99 %
2025/12/04 21:24:37.898, 183.17 W, 99 %
2025/12/04 21:24:37.998, 185.43 W, 99 %
2025/12/04 21:24:38.098, 185.54 W, 99 %
2025/12/04 21:24:38.199, 181.51 W, 99 %
2025/12/04 21:24:38.299, 181.50 W, 99 %
2025/12/04 21:24:38.399, 180.97 W, 99 %
2025/12/04 21:24:38.499, 180.94 W, 99 %
2025/12/04 21:24:38.599, 180.53 W, 99 %
2025/12/04 21:24:38.699, 180.37 W, 92 %
2025/12/04 21:24:38.799, 180.89 W, 92 %
2025/12/04 21:24:38.900, 181.19 W, 99 %
2025/12/04 21:24:39.000, 181.20 W, 99 %
2025/12/04 21:24:39.100, 180.19 W, 92 %
2025/12/04 21:24:39.200, 180.03 W, 92 %
2025/12/04 21:24:39.300, 183.96 W, 99 %
2025/12/04 21:24:39.400, 183.89 W, 99 %
2025/12/04 21:24:39.501, 184.10 W, 97 %
2025/12/04 21:24:39.601, 184.03 W, 97 %
2025/12/04 21:24:39.701, 184.14 W, 99 %
2025/12/04 21:24:39.801, 184.05 W, 99 %
2025/12/04 21:24:39.901, 183.61 W, 99 %
2025/12/04 21:24:40.001, 183.85 W, 99 %
2025/12/04 21:24:40.101, 184.18 W, 99 %
2025/12/04 21:24:40.202, 185.15 W, 99 %
2025/12/04 21:24:40.302, 185.30 W, 99 %
2025/12/04 21:24:40.402, 184.37 W, 99 %
2025/12/04 21:24:40.502, 184.49 W, 99 %
2025/12/04 21:24:40.602, 184.52 W, 99 %
2025/12/04 21:24:40.702, 184.85 W, 99 %
2025/12/04 21:24:40.802, 184.87 W, 99 %
2025/12/04 21:24:40.903, 184.86 W, 72 %
2025/12/04 21:24:41.003, 184.89 W, 72 %
2025/12/04 21:24:41.103, 184.67 W, 99 %
2025/12/04 21:24:41.203, 184.48 W, 99 %
2025/12/04 21:24:41.303, 183.60 W, 92 %
2025/12/04 21:24:41.403, 183.28 W, 92 %
2025/12/04 21:24:41.503, 184.24 W, 99 %
2025/12/04 21:24:41.604, 184.15 W, 99 %
2025/12/04 21:24:41.704, 184.32 W, 97 %
2025/12/04 21:24:41.804, 183.92 W, 97 %
2025/12/04 21:24:41.904, 183.78 W, 99 %
2025/12/04 21:24:42.004, 183.78 W, 99 %
2025/12/04 21:24:42.104, 183.85 W, 99 %
2025/12/04 21:24:42.205, 183.58 W, 99 %
2025/12/04 21:24:42.305, 183.51 W, 99 %
2025/12/04 21:24:42.405, 184.39 W, 99 %
2025/12/04 21:24:42.505, 184.56 W, 99 %
2025/12/04 21:24:42.605, 183.22 W, 99 %
2025/12/04 21:24:42.705, 183.19 W, 99 %
2025/12/04 21:24:42.805, 183.15 W, 99 %
2025/12/04 21:24:42.906, 183.22 W, 99 %
2025/12/04 21:24:43.006, 183.36 W, 99 %
2025/12/04 21:24:43.106, 183.50 W, 92 %
2025/12/04 21:24:43.206, 183.38 W, 92 %
2025/12/04 21:24:43.306, 183.71 W, 99 %
2025/12/04 21:24:43.406, 183.86 W, 99 %
2025/12/04 21:24:43.506, 183.80 W, 92 %
2025/12/04 21:24:43.607, 184.18 W, 92 %
2025/12/04 21:24:43.707, 185.79 W, 99 %
2025/12/04 21:24:43.807, 185.78 W, 99 %
2025/12/04 21:24:43.907, 184.56 W, 93 %
2025/12/04 21:24:44.007, 184.84 W, 93 %
2025/12/04 21:24:44.107, 184.69 W, 99 %
2025/12/04 21:24:44.207, 184.51 W, 99 %
2025/12/04 21:24:44.308, 184.77 W, 99 %
2025/12/04 21:24:44.408, 184.44 W, 99 %
2025/12/04 21:24:44.508, 184.21 W, 99 %
2025/12/04 21:24:44.608, 184.27 W, 99 %
2025/12/04 21:24:44.708, 183.71 W, 99 %
2025/12/04 21:24:44.808, 183.18 W, 99 %
2025/12/04 21:24:44.909, 183.23 W, 99 %
2025/12/04 21:24:45.009, 184.27 W, 99 %
2025/12/04 21:24:45.109, 184.40 W, 99 %
2025/12/04 21:24:45.209, 178.42 W, 99 %
2025/12/04 21:24:45.309, 178.64 W, 84 %
2025/12/04 21:24:45.409, 178.38 W, 84 %
2025/12/04 21:24:45.509, 178.79 W, 99 %
2025/12/04 21:24:45.610, 178.86 W, 99 %
2025/12/04 21:24:45.710, 178.88 W, 91 %
2025/12/04 21:24:45.810, 179.20 W, 91 %
2025/12/04 21:24:45.910, 179.36 W, 99 %
2025/12/04 21:24:46.010, 179.28 W, 99 %
2025/12/04 21:24:46.110, 176.20 W, 92 %
2025/12/04 21:24:46.210, 176.05 W, 92 %
2025/12/04 21:24:46.311, 182.20 W, 99 %
2025/12/04 21:24:46.411, 182.14 W, 99 %
2025/12/04 21:24:46.511, 182.26 W, 99 %
2025/12/04 21:24:46.611, 181.84 W, 99 %
2025/12/04 21:24:46.711, 181.83 W, 99 %
2025/12/04 21:24:46.811, 181.60 W, 99 %
2025/12/04 21:24:46.911, 181.41 W, 99 %
2025/12/04 21:24:47.012, 181.21 W, 99 %
2025/12/04 21:24:47.112, 181.28 W, 99 %
2025/12/04 21:24:47.212, 184.52 W, 99 %
2025/12/04 21:24:47.312, 184.53 W, 99 %
2025/12/04 21:24:47.412, 181.39 W, 99 %
2025/12/04 21:24:47.512, 181.24 W, 99 %
2025/12/04 21:24:47.612, 181.50 W, 99 %
2025/12/04 21:24:47.713, 181.74 W, 99 %
2025/12/04 21:24:47.813, 181.67 W, 99 %
2025/12/04 21:24:47.913, 181.80 W, 92 %
2025/12/04 21:24:48.013, 181.88 W, 92 %
2025/12/04 21:24:48.113, 182.21 W, 99 %
2025/12/04 21:24:48.213, 182.11 W, 99 %
2025/12/04 21:24:48.314, 180.99 W, 92 %
2025/12/04 21:24:48.414, 180.77 W, 92 %
2025/12/04 21:24:48.514, 183.96 W, 99 %
2025/12/04 21:24:48.614, 184.30 W, 99 %
2025/12/04 21:24:48.714, 184.24 W, 97 %
2025/12/04 21:24:48.814, 184.07 W, 97 %
2025/12/04 21:24:48.914, 184.37 W, 99 %
2025/12/04 21:24:49.015, 184.68 W, 99 %
2025/12/04 21:24:49.115, 184.96 W, 99 %
2025/12/04 21:24:49.215, 184.70 W, 99 %
2025/12/04 21:24:49.315, 184.68 W, 99 %
2025/12/04 21:24:49.415, 185.69 W, 99 %
2025/12/04 21:24:49.515, 185.84 W, 99 %
2025/12/04 21:24:49.616, 178.28 W, 99 %
2025/12/04 21:24:49.716, 178.08 W, 86 %
2025/12/04 21:24:49.816, 177.74 W, 86 %
2025/12/04 21:24:49.916, 177.92 W, 99 %
2025/12/04 21:24:50.016, 177.79 W, 99 %
2025/12/04 21:24:50.116, 177.70 W, 93 %
2025/12/04 21:24:50.216, 177.27 W, 93 %
2025/12/04 21:24:50.317, 177.42 W, 99 %
2025/12/04 21:24:50.417, 177.38 W, 99 %
2025/12/04 21:24:50.517, 175.59 W, 92 %
2025/12/04 21:24:50.617, 175.50 W, 92 %
2025/12/04 21:24:50.717, 183.12 W, 99 %
2025/12/04 21:24:50.817, 183.32 W, 99 %
2025/12/04 21:24:50.917, 183.58 W, 99 %
2025/12/04 21:24:51.018, 183.60 W, 99 %
2025/12/04 21:24:51.118, 183.52 W, 99 %
2025/12/04 21:24:51.218, 183.56 W, 99 %
2025/12/04 21:24:51.318, 184.02 W, 99 %
2025/12/04 21:24:51.418, 183.81 W, 99 %
2025/12/04 21:24:51.518, 184.12 W, 99 %
2025/12/04 21:24:51.619, 186.08 W, 99 %
2025/12/04 21:24:51.719, 186.18 W, 99 %
2025/12/04 21:24:51.819, 182.62 W, 99 %
2025/12/04 21:24:51.919, 182.67 W, 99 %
2025/12/04 21:24:52.019, 182.64 W, 99 %
2025/12/04 21:24:52.119, 182.65 W, 99 %
2025/12/04 21:24:52.219, 182.73 W, 99 %
2025/12/04 21:24:52.320, 182.59 W, 92 %
2025/12/04 21:24:52.420, 182.66 W, 92 %
2025/12/04 21:24:52.520, 183.01 W, 99 %
2025/12/04 21:24:52.620, 182.83 W, 99 %
2025/12/04 21:24:52.720, 182.50 W, 92 %
2025/12/04 21:24:52.820, 182.38 W, 92 %
2025/12/04 21:24:52.920, 186.01 W, 99 %
2025/12/04 21:24:53.021, 185.99 W, 99 %
2025/12/04 21:24:53.121, 182.70 W, 92 %
2025/12/04 21:24:53.221, 182.41 W, 92 %
2025/12/04 21:24:53.321, 182.38 W, 99 %
2025/12/04 21:24:53.421, 182.30 W, 99 %
2025/12/04 21:24:53.521, 181.85 W, 99 %
2025/12/04 21:24:53.622, 181.56 W, 99 %
2025/12/04 21:24:53.722, 181.83 W, 99 %
2025/12/04 21:24:53.822, 181.94 W, 99 %
2025/12/04 21:24:53.922, 182.09 W, 99 %
2025/12/04 21:24:54.022, 173.09 W, 99 %
2025/12/04 21:24:54.122, 172.89 W, 95 %
2025/12/04 21:24:54.222, 176.28 W, 95 %
2025/12/04 21:24:54.323, 176.65 W, 99 %
2025/12/04 21:24:54.423, 176.59 W, 99 %
2025/12/04 21:24:54.523, 176.66 W, 91 %
2025/12/04 21:24:54.623, 176.78 W, 91 %
2025/12/04 21:24:54.723, 176.86 W, 99 %
2025/12/04 21:24:54.823, 176.73 W, 99 %
2025/12/04 21:24:54.923, 175.91 W, 92 %
2025/12/04 21:24:55.024, 175.66 W, 92 %
2025/12/04 21:24:55.124, 184.67 W, 99 %
2025/12/04 21:24:55.224, 184.65 W, 99 %
2025/12/04 21:24:55.324, 184.21 W, 99 %
2025/12/04 21:24:55.424, 184.34 W, 99 %
2025/12/04 21:24:55.524, 184.30 W, 99 %
2025/12/04 21:24:55.624, 184.10 W, 99 %
2025/12/04 21:24:55.725, 184.27 W, 99 %
2025/12/04 21:24:55.825, 183.98 W, 99 %
2025/12/04 21:24:55.925, 184.65 W, 99 %
2025/12/04 21:24:56.025, 185.04 W, 99 %
2025/12/04 21:24:56.125, 182.67 W, 99 %
2025/12/04 21:24:56.225, 182.78 W, 99 %
2025/12/04 21:24:56.325, 182.81 W, 99 %
2025/12/04 21:24:56.426, 182.87 W, 99 %
2025/12/04 21:24:56.526, 182.59 W, 99 %
2025/12/04 21:24:56.626, 182.60 W, 99 %
2025/12/04 21:24:56.726, 182.71 W, 92 %
2025/12/04 21:24:56.826, 182.65 W, 92 %
2025/12/04 21:24:56.926, 183.18 W, 99 %
2025/12/04 21:24:57.026, 183.01 W, 99 %
2025/12/04 21:24:57.127, 182.87 W, 99 %
2025/12/04 21:24:57.227, 185.21 W, 99 %
2025/12/04 21:24:57.327, 185.17 W, 99 %
2025/12/04 21:24:57.427, 181.85 W, 99 %
2025/12/04 21:24:57.527, 182.06 W, 99 %
2025/12/04 21:24:57.627, 182.09 W, 99 %
2025/12/04 21:24:57.727, 182.09 W, 99 %
2025/12/04 21:24:57.828, 182.10 W, 99 %
2025/12/04 21:24:57.928, 182.26 W, 92 %
2025/12/04 21:24:58.028, 182.02 W, 92 %
2025/12/04 21:24:58.128, 182.30 W, 99 %
2025/12/04 21:24:58.228, 182.38 W, 99 %
2025/12/04 21:24:58.328, 172.89 W, 70 %
2025/12/04 21:24:58.428, 172.80 W, 70 %
2025/12/04 21:24:58.529, 176.24 W, 99 %
2025/12/04 21:24:58.629, 176.27 W, 99 %
2025/12/04 21:24:58.729, 176.31 W, 99 %
2025/12/04 21:24:58.829, 176.39 W, 99 %
2025/12/04 21:24:58.929, 176.38 W, 99 %
2025/12/04 21:24:59.029, 176.11 W, 99 %
2025/12/04 21:24:59.129, 176.30 W, 99 %
2025/12/04 21:24:59.230, 175.73 W, 99 %
2025/12/04 21:24:59.330, 175.44 W, 99 %
2025/12/04 21:24:59.430, 184.74 W, 99 %
2025/12/04 21:24:59.530, 185.01 W, 99 %
2025/12/04 21:24:59.630, 183.34 W, 99 %
2025/12/04 21:24:59.730, 183.53 W, 98 %
2025/12/04 21:24:59.831, 183.76 W, 98 %
2025/12/04 21:24:59.931, 183.61 W, 99 %
2025/12/04 21:25:00.031, 183.82 W, 99 %
2025/12/04 21:25:00.131, 183.80 W, 91 %
2025/12/04 21:25:00.231, 183.68 W, 91 %
2025/12/04 21:25:00.331, 184.47 W, 99 %
2025/12/04 21:25:00.431, 184.62 W, 99 %
2025/12/04 21:25:00.532, 184.06 W, 92 %
2025/12/04 21:25:00.632, 183.94 W, 92 %
2025/12/04 21:25:00.732, 185.43 W, 99 %
2025/12/04 21:25:00.832, 184.87 W, 99 %
2025/12/04 21:25:00.932, 184.89 W, 99 %
2025/12/04 21:25:01.032, 184.97 W, 99 %
2025/12/04 21:25:01.132, 184.86 W, 99 %
2025/12/04 21:25:01.233, 185.27 W, 99 %
2025/12/04 21:25:01.333, 185.24 W, 99 %
2025/12/04 21:25:01.433, 185.19 W, 99 %
2025/12/04 21:25:01.533, 185.15 W, 99 %
2025/12/04 21:25:01.633, 185.90 W, 99 %
2025/12/04 21:25:01.733, 185.76 W, 99 %
2025/12/04 21:25:01.833, 183.72 W, 99 %
2025/12/04 21:25:01.934, 183.85 W, 99 %
2025/12/04 21:25:02.034, 183.76 W, 99 %
2025/12/04 21:25:02.134, 183.88 W, 99 %
2025/12/04 21:25:02.234, 183.72 W, 99 %
2025/12/04 21:25:02.334, 183.48 W, 92 %
2025/12/04 21:25:02.434, 183.49 W, 92 %
2025/12/04 21:25:02.534, 183.32 W, 99 %
2025/12/04 21:25:02.635, 183.26 W, 99 %
2025/12/04 21:25:02.735, 173.21 W, 60 %
2025/12/04 21:25:02.835, 173.12 W, 60 %
2025/12/04 21:25:02.935, 175.27 W, 99 %
2025/12/04 21:25:03.035, 175.18 W, 99 %
2025/12/04 21:25:03.135, 175.02 W, 99 %
2025/12/04 21:25:03.235, 173.49 W, 99 %
2025/12/04 21:25:03.336, 173.44 W, 99 %
2025/12/04 21:25:03.436, 173.65 W, 99 %
2025/12/04 21:25:03.536, 173.53 W, 99 %
2025/12/04 21:25:03.636, 173.52 W, 99 %
2025/12/04 21:25:03.736, 173.55 W, 92 %
2025/12/04 21:25:03.836, 183.34 W, 92 %
2025/12/04 21:25:03.937, 183.48 W, 99 %
2025/12/04 21:25:04.037, 183.42 W, 99 %
2025/12/04 21:25:04.137, 183.75 W, 93 %
2025/12/04 21:25:04.237, 183.96 W, 93 %
2025/12/04 21:25:04.337, 185.27 W, 99 %
2025/12/04 21:25:04.437, 185.62 W, 99 %
2025/12/04 21:25:04.537, 183.30 W, 91 %
2025/12/04 21:25:04.638, 183.35 W, 91 %
2025/12/04 21:25:04.738, 183.63 W, 99 %
2025/12/04 21:25:04.838, 183.81 W, 99 %
2025/12/04 21:25:04.938, 184.10 W, 99 %
2025/12/04 21:25:05.038, 184.20 W, 99 %
2025/12/04 21:25:05.138, 184.19 W, 99 %
2025/12/04 21:25:05.238, 184.20 W, 99 %
2025/12/04 21:25:05.339, 184.43 W, 99 %
2025/12/04 21:25:05.439, 184.59 W, 99 %
2025/12/04 21:25:05.539, 184.54 W, 99 %
2025/12/04 21:25:05.639, 186.55 W, 99 %
2025/12/04 21:25:05.739, 186.26 W, 99 %
2025/12/04 21:25:05.839, 182.73 W, 99 %
2025/12/04 21:25:05.939, 182.51 W, 99 %
2025/12/04 21:25:06.040, 182.38 W, 99 %
2025/12/04 21:25:06.140, 182.05 W, 99 %
2025/12/04 21:25:06.240, 181.89 W, 99 %
2025/12/04 21:25:06.340, 181.48 W, 92 %
2025/12/04 21:25:06.440, 181.20 W, 92 %
2025/12/04 21:25:06.540, 181.15 W, 99 %
2025/12/04 21:25:06.640, 180.96 W, 99 %
2025/12/04 21:25:06.741, 180.34 W, 92 %
2025/12/04 21:25:06.841, 180.58 W, 92 %
2025/12/04 21:25:06.941, 183.92 W, 99 %
2025/12/04 21:25:07.041, 183.93 W, 99 %
2025/12/04 21:25:07.141, 180.80 W, 94 %
2025/12/04 21:25:07.241, 180.65 W, 94 %
2025/12/04 21:25:07.341, 180.86 W, 99 %
2025/12/04 21:25:07.442, 181.19 W, 99 %
2025/12/04 21:25:07.542, 180.99 W, 99 %
2025/12/04 21:25:07.642, 180.68 W, 99 %
2025/12/04 21:25:07.742, 180.81 W, 99 %
2025/12/04 21:25:07.842, 181.42 W, 99 %
2025/12/04 21:25:07.942, 181.56 W, 99 %
2025/12/04 21:25:08.042, 177.85 W, 99 %
2025/12/04 21:25:08.143, 177.92 W, 97 %
2025/12/04 21:25:08.243, 180.82 W, 97 %
2025/12/04 21:25:08.343, 181.21 W, 99 %
2025/12/04 21:25:08.443, 181.41 W, 99 %
2025/12/04 21:25:08.543, 181.32 W, 91 %
2025/12/04 21:25:08.643, 181.47 W, 91 %
2025/12/04 21:25:08.744, 181.62 W, 99 %
2025/12/04 21:25:08.844, 181.31 W, 99 %
2025/12/04 21:25:08.944, 180.40 W, 92 %
2025/12/04 21:25:09.044, 180.07 W, 92 %
2025/12/04 21:25:09.144, 183.89 W, 99 %
2025/12/04 21:25:09.244, 184.20 W, 99 %
2025/12/04 21:25:09.344, 184.30 W, 98 %
2025/12/04 21:25:09.445, 184.32 W, 98 %
2025/12/04 21:25:09.545, 184.07 W, 99 %
2025/12/04 21:25:09.645, 184.09 W, 99 %
2025/12/04 21:25:09.745, 184.25 W, 99 %
2025/12/04 21:25:09.845, 184.15 W, 99 %
2025/12/04 21:25:09.945, 184.42 W, 99 %
2025/12/04 21:25:10.045, 185.59 W, 99 %
2025/12/04 21:25:10.146, 185.79 W, 99 %
2025/12/04 21:25:10.246, 183.22 W, 99 %
2025/12/04 21:25:10.346, 182.92 W, 99 %
2025/12/04 21:25:10.446, 183.18 W, 99 %
2025/12/04 21:25:10.546, 183.20 W, 99 %
2025/12/04 21:25:10.646, 183.21 W, 99 %
2025/12/04 21:25:10.746, 183.12 W, 92 %
2025/12/04 21:25:10.847, 183.13 W, 92 %
2025/12/04 21:25:10.947, 183.28 W, 99 %
2025/12/04 21:25:11.047, 183.11 W, 99 %
2025/12/04 21:25:11.147, 182.37 W, 92 %
2025/12/04 21:25:11.247, 182.47 W, 92 %
2025/12/04 21:25:11.347, 184.80 W, 99 %
2025/12/04 21:25:11.448, 184.79 W, 99 %
2025/12/04 21:25:11.548, 180.78 W, 91 %
2025/12/04 21:25:11.648, 180.83 W, 91 %
2025/12/04 21:25:11.748, 181.17 W, 99 %
2025/12/04 21:25:11.848, 181.17 W, 99 %
2025/12/04 21:25:11.948, 180.99 W, 99 %
2025/12/04 21:25:12.048, 180.91 W, 99 %
2025/12/04 21:25:12.149, 181.12 W, 99 %
2025/12/04 21:25:12.249, 181.79 W, 99 %
2025/12/04 21:25:12.349, 181.79 W, 99 %
2025/12/04 21:25:12.449, 179.02 W, 99 %
2025/12/04 21:25:12.549, 179.05 W, 99 %
2025/12/04 21:25:12.649, 182.94 W, 99 %
2025/12/04 21:25:12.749, 182.96 W, 99 %
2025/12/04 21:25:12.850, 182.50 W, 99 %
2025/12/04 21:25:12.950, 182.37 W, 91 %
2025/12/04 21:25:13.050, 182.47 W, 91 %
2025/12/04 21:25:13.150, 182.88 W, 99 %
2025/12/04 21:25:13.250, 182.63 W, 99 %
2025/12/04 21:25:13.350, 182.21 W, 92 %
2025/12/04 21:25:13.450, 181.90 W, 92 %
2025/12/04 21:25:13.551, 184.55 W, 99 %
2025/12/04 21:25:13.651, 184.73 W, 99 %
2025/12/04 21:25:13.751, 181.64 W, 94 %
2025/12/04 21:25:13.851, 181.62 W, 94 %
2025/12/04 21:25:13.951, 181.68 W, 99 %
2025/12/04 21:25:14.051, 181.76 W, 99 %
2025/12/04 21:25:14.152, 181.48 W, 99 %
2025/12/04 21:25:14.252, 181.02 W, 99 %
2025/12/04 21:25:14.352, 181.11 W, 99 %
2025/12/04 21:25:14.452, 181.41 W, 99 %
2025/12/04 21:25:14.552, 181.50 W, 99 %
2025/12/04 21:25:14.652, 180.62 W, 99 %
2025/12/04 21:25:14.752, 180.35 W, 99 %
2025/12/04 21:25:14.853, 183.42 W, 99 %
2025/12/04 21:25:14.953, 183.11 W, 99 %
2025/12/04 21:25:15.053, 182.97 W, 99 %
2025/12/04 21:25:15.153, 182.90 W, 92 %
2025/12/04 21:25:15.253, 182.93 W, 92 %
2025/12/04 21:25:15.353, 183.12 W, 99 %
2025/12/04 21:25:15.453, 183.27 W, 99 %
2025/12/04 21:25:15.554, 183.07 W, 91 %
2025/12/04 21:25:15.654, 183.29 W, 91 %
2025/12/04 21:25:15.754, 184.33 W, 99 %
2025/12/04 21:25:15.854, 184.36 W, 99 %
2025/12/04 21:25:15.954, 177.97 W, 85 %
2025/12/04 21:25:16.054, 178.07 W, 85 %
2025/12/04 21:25:16.154, 178.30 W, 99 %
2025/12/04 21:25:16.255, 178.40 W, 99 %
2025/12/04 21:25:16.355, 178.49 W, 99 %
2025/12/04 21:25:16.455, 178.48 W, 99 %
2025/12/04 21:25:16.555, 178.24 W, 99 %
2025/12/04 21:25:16.655, 178.47 W, 99 %
2025/12/04 21:25:16.755, 178.43 W, 99 %
2025/12/04 21:25:16.855, 175.85 W, 99 %
2025/12/04 21:25:16.956, 175.87 W, 99 %
2025/12/04 21:25:17.056, 182.54 W, 99 %
2025/12/04 21:25:17.156, 182.59 W, 99 %
2025/12/04 21:25:17.256, 182.47 W, 99 %
2025/12/04 21:25:17.356, 182.46 W, 93 %
2025/12/04 21:25:17.456, 182.59 W, 93 %
2025/12/04 21:25:17.557, 182.85 W, 99 %
2025/12/04 21:25:17.657, 182.87 W, 99 %
2025/12/04 21:25:17.757, 182.45 W, 91 %
2025/12/04 21:25:17.857, 182.57 W, 91 %
2025/12/04 21:25:17.957, 185.11 W, 99 %
2025/12/04 21:25:18.057, 185.08 W, 99 %
2025/12/04 21:25:18.157, 181.16 W, 93 %
2025/12/04 21:25:18.258, 181.29 W, 93 %
2025/12/04 21:25:18.358, 181.50 W, 99 %
2025/12/04 21:25:18.458, 181.42 W, 99 %
2025/12/04 21:25:18.558, 181.54 W, 99 %
2025/12/04 21:25:18.658, 181.40 W, 99 %
2025/12/04 21:25:18.758, 181.53 W, 99 %
2025/12/04 21:25:18.858, 182.14 W, 99 %
2025/12/04 21:25:18.959, 181.85 W, 99 %
2025/12/04 21:25:19.059, 181.63 W, 99 %
2025/12/04 21:25:19.159, 181.69 W, 99 %
2025/12/04 21:25:19.259, 185.14 W, 99 %
2025/12/04 21:25:19.359, 185.40 W, 99 %
2025/12/04 21:25:19.459, 181.97 W, 99 %
2025/12/04 21:25:19.559, 182.24 W, 96 %
2025/12/04 21:25:19.660, 181.86 W, 96 %
2025/12/04 21:25:19.760, 181.88 W, 99 %
2025/12/04 21:25:19.860, 181.77 W, 99 %
2025/12/04 21:25:19.960, 181.50 W, 92 %
2025/12/04 21:25:20.060, 181.64 W, 92 %
2025/12/04 21:25:20.160, 181.91 W, 99 %
2025/12/04 21:25:20.260, 181.92 W, 99 %
2025/12/04 21:25:20.361, 173.14 W, 72 %
2025/12/04 21:25:20.461, 173.04 W, 72 %
2025/12/04 21:25:20.561, 176.34 W, 99 %
2025/12/04 21:25:20.661, 175.99 W, 99 %
2025/12/04 21:25:20.761, 176.03 W, 99 %
2025/12/04 21:25:20.861, 175.89 W, 99 %
2025/12/04 21:25:20.962, 175.90 W, 99 %
2025/12/04 21:25:21.062, 175.80 W, 99 %
2025/12/04 21:25:21.162, 175.77 W, 99 %
2025/12/04 21:25:21.262, 174.21 W, 99 %
2025/12/04 21:25:21.362, 174.05 W, 99 %
2025/12/04 21:25:21.462, 182.96 W, 99 %
2025/12/04 21:25:21.562, 182.55 W, 99 %
2025/12/04 21:25:21.663, 182.55 W, 99 %
2025/12/04 21:25:21.763, 182.73 W, 92 %
2025/12/04 21:25:21.863, 182.79 W, 92 %
2025/12/04 21:25:21.963, 182.69 W, 99 %
2025/12/04 21:25:22.063, 182.56 W, 99 %
2025/12/04 21:25:22.163, 182.63 W, 93 %
2025/12/04 21:25:22.263, 182.39 W, 93 %
2025/12/04 21:25:22.364, 184.09 W, 99 %
2025/12/04 21:25:22.464, 184.23 W, 99 %
2025/12/04 21:25:22.564, 181.99 W, 92 %
2025/12/04 21:25:22.664, 182.23 W, 92 %
2025/12/04 21:25:22.764, 182.04 W, 99 %
2025/12/04 21:25:22.864, 182.12 W, 99 %
2025/12/04 21:25:22.964, 182.37 W, 99 %
2025/12/04 21:25:23.065, 182.34 W, 99 %
2025/12/04 21:25:23.165, 182.41 W, 99 %
2025/12/04 21:25:23.265, 182.59 W, 99 %
2025/12/04 21:25:23.365, 182.88 W, 99 %
2025/12/04 21:25:23.465, 182.48 W, 99 %
2025/12/04 21:25:23.565, 182.51 W, 99 %
2025/12/04 21:25:23.666, 184.66 W, 99 %
2025/12/04 21:25:23.766, 184.58 W, 99 %
2025/12/04 21:25:23.866, 180.11 W, 99 %
2025/12/04 21:25:23.966, 180.30 W, 99 %
2025/12/04 21:25:24.066, 180.04 W, 99 %
2025/12/04 21:25:24.166, 180.29 W, 99 %
2025/12/04 21:25:24.266, 180.63 W, 99 %
2025/12/04 21:25:24.367, 180.76 W, 93 %
2025/12/04 21:25:24.467, 180.79 W, 93 %
2025/12/04 21:25:24.567, 181.14 W, 99 %
2025/12/04 21:25:24.667, 180.78 W, 99 %
2025/12/04 21:25:24.767, 173.22 W, 70 %
2025/12/04 21:25:24.867, 173.14 W, 70 %
2025/12/04 21:25:24.967, 177.99 W, 99 %
2025/12/04 21:25:25.068, 177.82 W, 99 %
2025/12/04 21:25:25.168, 177.94 W, 99 %
2025/12/04 21:25:25.268, 177.82 W, 99 %
2025/12/04 21:25:25.368, 177.63 W, 99 %
2025/12/04 21:25:25.468, 177.29 W, 99 %
2025/12/04 21:25:25.568, 177.02 W, 99 %
2025/12/04 21:25:25.668, 176.81 W, 99 %
2025/12/04 21:25:25.769, 177.05 W, 99 %
2025/12/04 21:25:25.869, 184.86 W, 99 %
2025/12/04 21:25:25.969, 185.12 W, 99 %
2025/12/04 21:25:26.069, 181.65 W, 99 %
2025/12/04 21:25:26.169, 181.68 W, 99 %
2025/12/04 21:25:26.269, 181.62 W, 99 %
2025/12/04 21:25:26.369, 181.60 W, 99 %
2025/12/04 21:25:26.470, 181.68 W, 99 %
2025/12/04 21:25:26.570, 181.65 W, 91 %
2025/12/04 21:25:26.670, 181.90 W, 91 %
2025/12/04 21:25:26.770, 182.17 W, 99 %
2025/12/04 21:25:26.870, 182.19 W, 99 %
2025/12/04 21:25:26.970, 181.64 W, 92 %
2025/12/04 21:25:27.070, 181.43 W, 92 %
2025/12/04 21:25:27.171, 184.77 W, 99 %
2025/12/04 21:25:27.271, 184.59 W, 99 %
2025/12/04 21:25:27.371, 184.69 W, 97 %
2025/12/04 21:25:27.471, 184.55 W, 97 %
2025/12/04 21:25:27.571, 184.46 W, 99 %
2025/12/04 21:25:27.671, 184.85 W, 99 %
2025/12/04 21:25:27.771, 184.76 W, 99 %
2025/12/04 21:25:27.872, 184.56 W, 99 %
2025/12/04 21:25:27.972, 184.61 W, 99 %
2025/12/04 21:25:28.072, 184.78 W, 99 %
2025/12/04 21:25:28.172, 184.77 W, 99 %
2025/12/04 21:25:28.272, 183.38 W, 99 %
2025/12/04 21:25:28.372, 183.44 W, 99 %
2025/12/04 21:25:28.473, 183.28 W, 99 %
2025/12/04 21:25:28.573, 183.56 W, 99 %
2025/12/04 21:25:28.673, 183.71 W, 99 %
2025/12/04 21:25:28.773, 183.41 W, 92 %
2025/12/04 21:25:28.873, 183.63 W, 92 %
2025/12/04 21:25:28.973, 183.74 W, 99 %
2025/12/04 21:25:29.073, 183.91 W, 99 %
2025/12/04 21:25:29.174, 180.88 W, 70 %
2025/12/04 21:25:29.274, 180.90 W, 70 %
2025/12/04 21:25:29.374, 181.90 W, 99 %
2025/12/04 21:25:29.474, 182.20 W, 99 %
2025/12/04 21:25:29.574, 182.12 W, 99 %
2025/12/04 21:25:29.674, 182.12 W, 99 %
2025/12/04 21:25:29.774, 182.05 W, 99 %
2025/12/04 21:25:29.875, 181.89 W, 99 %
2025/12/04 21:25:29.975, 181.93 W, 99 %
2025/12/04 21:25:30.075, 181.57 W, 99 %
2025/12/04 21:25:30.175, 181.44 W, 99 %
2025/12/04 21:25:30.275, 184.78 W, 99 %
2025/12/04 21:25:30.375, 184.74 W, 99 %
2025/12/04 21:25:30.475, 181.41 W, 99 %
2025/12/04 21:25:30.576, 181.41 W, 99 %
2025/12/04 21:25:30.676, 181.69 W, 99 %
2025/12/04 21:25:30.776, 181.54 W, 99 %
2025/12/04 21:25:30.876, 181.63 W, 99 %
2025/12/04 21:25:30.976, 181.82 W, 92 %
2025/12/04 21:25:31.076, 181.54 W, 92 %
2025/12/04 21:25:31.176, 182.05 W, 99 %
2025/12/04 21:25:31.277, 182.03 W, 99 %
2025/12/04 21:25:31.377, 181.52 W, 92 %
2025/12/04 21:25:31.477, 181.57 W, 92 %
2025/12/04 21:25:31.577, 185.11 W, 99 %
2025/12/04 21:25:31.677, 184.87 W, 99 %
2025/12/04 21:25:31.777, 181.67 W, 92 %
2025/12/04 21:25:31.878, 181.60 W, 92 %
2025/12/04 21:25:31.978, 181.41 W, 99 %
2025/12/04 21:25:32.078, 181.47 W, 99 %
2025/12/04 21:25:32.178, 181.67 W, 99 %
2025/12/04 21:25:32.278, 181.51 W, 99 %
2025/12/04 21:25:32.378, 181.63 W, 99 %
2025/12/04 21:25:32.478, 182.27 W, 99 %
2025/12/04 21:25:32.579, 182.31 W, 99 %
2025/12/04 21:25:32.679, 181.84 W, 99 %
2025/12/04 21:25:32.779, 181.95 W, 99 %
2025/12/04 21:25:32.879, 184.94 W, 99 %
2025/12/04 21:25:32.979, 185.05 W, 99 %
2025/12/04 21:25:33.079, 185.39 W, 99 %
2025/12/04 21:25:33.179, 185.48 W, 94 %
2025/12/04 21:25:33.280, 185.40 W, 94 %
2025/12/04 21:25:33.380, 185.34 W, 99 %
2025/12/04 21:25:33.480, 185.21 W, 99 %
2025/12/04 21:25:33.580, 183.72 W, 71 %
2025/12/04 21:25:33.680, 183.61 W, 71 %
2025/12/04 21:25:33.780, 184.04 W, 99 %
2025/12/04 21:25:33.880, 183.98 W, 99 %
2025/12/04 21:25:33.981, 183.03 W, 95 %
2025/12/04 21:25:34.081, 183.09 W, 95 %
2025/12/04 21:25:34.181, 182.76 W, 99 %
2025/12/04 21:25:34.281, 182.78 W, 99 %
2025/12/04 21:25:34.381, 182.50 W, 99 %
2025/12/04 21:25:34.481, 182.62 W, 99 %
2025/12/04 21:25:34.582, 182.61 W, 99 %
2025/12/04 21:25:34.682, 183.95 W, 99 %
2025/12/04 21:25:34.782, 184.29 W, 99 %
2025/12/04 21:25:34.882, 183.08 W, 99 %
2025/12/04 21:25:34.982, 183.08 W, 99 %
2025/12/04 21:25:35.082, 183.98 W, 99 %
2025/12/04 21:25:35.182, 184.13 W, 99 %
2025/12/04 21:25:35.282, 184.29 W, 99 %
2025/12/04 21:25:35.383, 184.21 W, 92 %
2025/12/04 21:25:35.483, 184.18 W, 92 %
2025/12/04 21:25:35.583, 184.05 W, 99 %
2025/12/04 21:25:35.683, 183.98 W, 99 %
2025/12/04 21:25:35.783, 183.85 W, 92 %
2025/12/04 21:25:35.883, 183.64 W, 92 %
2025/12/04 21:25:35.984, 184.89 W, 99 %
2025/12/04 21:25:36.084, 184.69 W, 99 %
2025/12/04 21:25:36.184, 181.13 W, 92 %
2025/12/04 21:25:36.284, 180.81 W, 92 %
2025/12/04 21:25:36.384, 180.65 W, 99 %
2025/12/04 21:25:36.484, 180.88 W, 99 %
2025/12/04 21:25:36.584, 181.10 W, 99 %
2025/12/04 21:25:36.685, 181.26 W, 99 %
2025/12/04 21:25:36.785, 181.49 W, 99 %
2025/12/04 21:25:36.885, 181.49 W, 99 %
2025/12/04 21:25:36.985, 181.33 W, 99 %
2025/12/04 21:25:37.085, 181.03 W, 99 %
2025/12/04 21:25:37.185, 181.25 W, 99 %
2025/12/04 21:25:37.285, 185.02 W, 99 %
2025/12/04 21:25:37.386, 185.05 W, 99 %
2025/12/04 21:25:37.486, 181.76 W, 99 %
2025/12/04 21:25:37.586, 181.44 W, 99 %
2025/12/04 21:25:37.686, 181.22 W, 99 %
2025/12/04 21:25:37.786, 181.10 W, 99 %
2025/12/04 21:25:37.886, 180.99 W, 99 %
2025/12/04 21:25:37.986, 180.58 W, 70 %
2025/12/04 21:25:38.087, 180.63 W, 70 %
2025/12/04 21:25:38.187, 181.21 W, 99 %
2025/12/04 21:25:38.287, 181.35 W, 99 %
2025/12/04 21:25:38.387, 176.64 W, 91 %
2025/12/04 21:25:38.487, 176.75 W, 91 %
2025/12/04 21:25:38.587, 180.23 W, 99 %
2025/12/04 21:25:38.687, 180.02 W, 99 %
2025/12/04 21:25:38.788, 180.10 W, 99 %
2025/12/04 21:25:38.888, 180.14 W, 99 %
2025/12/04 21:25:38.988, 180.35 W, 99 %
2025/12/04 21:25:39.088, 180.83 W, 99 %
2025/12/04 21:25:39.188, 180.86 W, 99 %
2025/12/04 21:25:39.288, 180.21 W, 99 %
2025/12/04 21:25:39.389, 179.88 W, 99 %
2025/12/04 21:25:39.489, 184.84 W, 99 %
2025/12/04 21:25:39.589, 184.91 W, 99 %
2025/12/04 21:25:39.689, 183.58 W, 99 %
2025/12/04 21:25:39.789, 184.06 W, 98 %
2025/12/04 21:25:39.889, 184.32 W, 98 %
2025/12/04 21:25:39.989, 184.34 W, 99 %
2025/12/04 21:25:40.090, 184.24 W, 99 %
2025/12/04 21:25:40.190, 184.40 W, 93 %
2025/12/04 21:25:40.290, 184.55 W, 93 %
2025/12/04 21:25:40.390, 185.29 W, 99 %
2025/12/04 21:25:40.490, 185.29 W, 99 %
2025/12/04 21:25:40.590, 184.19 W, 91 %
2025/12/04 21:25:40.690, 184.02 W, 91 %
2025/12/04 21:25:40.791, 185.09 W, 99 %
2025/12/04 21:25:40.891, 184.79 W, 99 %
2025/12/04 21:25:40.991, 184.70 W, 98 %
2025/12/04 21:25:41.091, 184.84 W, 98 %
2025/12/04 21:25:41.191, 184.67 W, 99 %
2025/12/04 21:25:41.291, 184.51 W, 99 %
2025/12/04 21:25:41.391, 184.44 W, 99 %
2025/12/04 21:25:41.492, 184.06 W, 99 %
2025/12/04 21:25:41.592, 184.44 W, 99 %
2025/12/04 21:25:41.692, 185.20 W, 99 %
2025/12/04 21:25:41.792, 185.23 W, 99 %
2025/12/04 21:25:41.892, 184.47 W, 99 %
2025/12/04 21:25:41.992, 184.78 W, 99 %
2025/12/04 21:25:42.092, 185.15 W, 99 %
2025/12/04 21:25:42.193, 185.01 W, 99 %
2025/12/04 21:25:42.293, 184.85 W, 99 %
2025/12/04 21:25:42.393, 184.82 W, 70 %
2025/12/04 21:25:42.493, 184.70 W, 70 %
2025/12/04 21:25:42.593, 184.85 W, 99 %
2025/12/04 21:25:42.693, 184.51 W, 99 %
2025/12/04 21:25:42.794, 183.75 W, 92 %
2025/12/04 21:25:42.894, 183.74 W, 92 %
2025/12/04 21:25:42.994, 184.58 W, 99 %
2025/12/04 21:25:43.094, 184.26 W, 99 %
2025/12/04 21:25:43.194, 183.64 W, 99 %
2025/12/04 21:25:43.294, 183.71 W, 99 %
2025/12/04 21:25:43.394, 184.03 W, 99 %
2025/12/04 21:25:43.495, 184.00 W, 99 %
2025/12/04 21:25:43.595, 183.98 W, 99 %
2025/12/04 21:25:43.695, 183.98 W, 99 %
2025/12/04 21:25:43.795, 184.47 W, 99 %
2025/12/04 21:25:43.895, 185.18 W, 99 %
2025/12/04 21:25:43.995, 185.26 W, 99 %
2025/12/04 21:25:44.095, 183.73 W, 99 %
2025/12/04 21:25:44.196, 183.69 W, 99 %
2025/12/04 21:25:44.296, 184.04 W, 99 %
2025/12/04 21:25:44.396, 184.03 W, 99 %
2025/12/04 21:25:44.496, 183.90 W, 99 %
2025/12/04 21:25:44.596, 183.96 W, 92 %
2025/12/04 21:25:44.696, 184.27 W, 92 %
2025/12/04 21:25:44.796, 184.48 W, 99 %
2025/12/04 21:25:44.897, 184.11 W, 99 %
2025/12/04 21:25:44.997, 184.16 W, 92 %
2025/12/04 21:25:45.097, 184.22 W, 92 %
2025/12/04 21:25:45.197, 185.80 W, 99 %
2025/12/04 21:25:45.297, 186.00 W, 99 %
2025/12/04 21:25:45.397, 182.01 W, 92 %
2025/12/04 21:25:45.497, 182.02 W, 92 %
2025/12/04 21:25:45.598, 182.30 W, 99 %
2025/12/04 21:25:45.698, 182.48 W, 99 %
2025/12/04 21:25:45.798, 182.15 W, 99 %
2025/12/04 21:25:45.898, 181.65 W, 99 %
2025/12/04 21:25:45.998, 181.75 W, 99 %
2025/12/04 21:25:46.098, 181.89 W, 99 %
2025/12/04 21:25:46.198, 181.69 W, 99 %
2025/12/04 21:25:46.298, 181.17 W, 99 %
2025/12/04 21:25:46.399, 180.98 W, 99 %
2025/12/04 21:25:46.499, 184.69 W, 99 %
2025/12/04 21:25:46.599, 184.67 W, 99 %
2025/12/04 21:25:46.699, 180.68 W, 99 %
2025/12/04 21:25:46.799, 180.53 W, 57 %
2025/12/04 21:25:46.899, 180.75 W, 57 %
2025/12/04 21:25:47.000, 180.99 W, 99 %
2025/12/04 21:25:47.100, 181.12 W, 99 %
2025/12/04 21:25:47.200, 179.65 W, 93 %
2025/12/04 21:25:47.300, 179.62 W, 93 %
2025/12/04 21:25:47.400, 180.21 W, 99 %
2025/12/04 21:25:47.500, 180.09 W, 99 %
2025/12/04 21:25:47.600, 180.27 W, 99 %
2025/12/04 21:25:47.701, 180.00 W, 99 %
2025/12/04 21:25:47.801, 183.68 W, 99 %
2025/12/04 21:25:47.901, 183.98 W, 99 %
2025/12/04 21:25:48.001, 183.87 W, 99 %
2025/12/04 21:25:48.101, 183.99 W, 99 %
2025/12/04 21:25:48.201, 183.74 W, 99 %
2025/12/04 21:25:48.301, 185.07 W, 99 %
2025/12/04 21:25:48.402, 185.21 W, 99 %
2025/12/04 21:25:48.502, 181.91 W, 99 %
2025/12/04 21:25:48.623, 182.09 W, 99 %
2025/12/04 21:25:48.723, 181.99 W, 99 %
2025/12/04 21:25:48.823, 182.24 W, 99 %
2025/12/04 21:25:48.923, 182.48 W, 99 %
2025/12/04 21:25:49.023, 182.68 W, 92 %
2025/12/04 21:25:49.123, 182.70 W, 92 %
2025/12/04 21:25:49.223, 182.63 W, 99 %
2025/12/04 21:25:49.324, 182.88 W, 99 %
2025/12/04 21:25:49.424, 182.65 W, 92 %
2025/12/04 21:25:49.524, 182.90 W, 92 %
2025/12/04 21:25:49.624, 186.60 W, 99 %
2025/12/04 21:25:49.724, 186.73 W, 99 %
2025/12/04 21:25:49.824, 182.33 W, 92 %
2025/12/04 21:25:49.924, 182.50 W, 92 %
2025/12/04 21:25:50.025, 182.18 W, 99 %
2025/12/04 21:25:50.125, 181.62 W, 99 %
2025/12/04 21:25:50.225, 181.81 W, 99 %
2025/12/04 21:25:50.325, 181.71 W, 99 %
2025/12/04 21:25:50.425, 181.80 W, 99 %
2025/12/04 21:25:50.525, 182.27 W, 99 %
2025/12/04 21:25:50.625, 182.00 W, 99 %
2025/12/04 21:25:50.726, 181.21 W, 99 %
2025/12/04 21:25:50.826, 181.11 W, 99 %
2025/12/04 21:25:50.926, 185.75 W, 99 %
2025/12/04 21:25:51.026, 185.99 W, 99 %
2025/12/04 21:25:51.126, 182.90 W, 99 %
2025/12/04 21:25:51.226, 182.97 W, 71 %
2025/12/04 21:25:51.327, 182.75 W, 71 %
2025/12/04 21:25:51.427, 182.92 W, 99 %
2025/12/04 21:25:51.527, 182.66 W, 99 %
2025/12/04 21:25:51.627, 182.17 W, 93 %
2025/12/04 21:25:51.727, 182.21 W, 93 %
2025/12/04 21:25:51.827, 182.59 W, 99 %
2025/12/04 21:25:51.927, 182.93 W, 99 %
2025/12/04 21:25:52.028, 179.73 W, 94 %
2025/12/04 21:25:52.128, 179.00 W, 94 %
2025/12/04 21:25:52.228, 182.14 W, 99 %
2025/12/04 21:25:52.328, 182.38 W, 99 %
2025/12/04 21:25:52.428, 182.20 W, 99 %
2025/12/04 21:25:52.528, 182.09 W, 99 %
2025/12/04 21:25:52.628, 181.85 W, 99 %
2025/12/04 21:25:52.729, 182.15 W, 99 %
2025/12/04 21:25:52.829, 182.24 W, 99 %
2025/12/04 21:25:52.929, 181.80 W, 99 %
2025/12/04 21:25:53.029, 181.31 W, 99 %
2025/12/04 21:25:53.129, 184.33 W, 99 %
2025/12/04 21:25:53.229, 184.51 W, 99 %
2025/12/04 21:25:53.330, 185.05 W, 99 %
2025/12/04 21:25:53.430, 184.87 W, 93 %
2025/12/04 21:25:53.530, 185.13 W, 93 %
2025/12/04 21:25:53.630, 185.14 W, 99 %
2025/12/04 21:25:53.730, 185.21 W, 99 %
2025/12/04 21:25:53.830, 185.10 W, 92 %
2025/12/04 21:25:53.930, 184.89 W, 92 %
2025/12/04 21:25:54.031, 185.31 W, 99 %
2025/12/04 21:25:54.131, 185.77 W, 99 %
2025/12/04 21:25:54.231, 184.10 W, 92 %
2025/12/04 21:25:54.331, 183.98 W, 92 %
2025/12/04 21:25:54.431, 183.65 W, 99 %
2025/12/04 21:25:54.531, 183.74 W, 99 %
2025/12/04 21:25:54.631, 183.68 W, 99 %
2025/12/04 21:25:54.732, 183.70 W, 99 %
2025/12/04 21:25:54.832, 183.60 W, 99 %
2025/12/04 21:25:54.932, 183.71 W, 99 %
2025/12/04 21:25:55.032, 184.01 W, 99 %
2025/12/04 21:25:55.132, 183.79 W, 99 %
2025/12/04 21:25:55.232, 183.45 W, 99 %
2025/12/04 21:25:55.332, 185.22 W, 99 %
2025/12/04 21:25:55.433, 185.60 W, 99 %
2025/12/04 21:25:55.533, 179.52 W, 99 %
2025/12/04 21:25:55.633, 179.45 W, 83 %
2025/12/04 21:25:55.733, 179.59 W, 83 %
2025/12/04 21:25:55.833, 179.65 W, 99 %
2025/12/04 21:25:55.933, 180.11 W, 99 %
2025/12/04 21:25:56.033, 179.84 W, 92 %
2025/12/04 21:25:56.134, 179.51 W, 92 %
2025/12/04 21:25:56.234, 179.57 W, 99 %
2025/12/04 21:25:56.334, 179.99 W, 99 %
2025/12/04 21:25:56.434, 178.34 W, 93 %
2025/12/04 21:25:56.534, 178.20 W, 93 %
2025/12/04 21:25:56.634, 184.24 W, 99 %
2025/12/04 21:25:56.734, 184.10 W, 99 %
2025/12/04 21:25:56.835, 183.76 W, 99 %
2025/12/04 21:25:56.935, 183.63 W, 99 %
2025/12/04 21:25:57.035, 183.43 W, 99 %
2025/12/04 21:25:57.135, 183.91 W, 99 %
2025/12/04 21:25:57.235, 184.08 W, 99 %
2025/12/04 21:25:57.335, 184.08 W, 99 %
2025/12/04 21:25:57.435, 183.85 W, 99 %
2025/12/04 21:25:57.536, 185.46 W, 99 %
2025/12/04 21:25:57.636, 185.30 W, 99 %
2025/12/04 21:25:57.736, 181.90 W, 99 %
2025/12/04 21:25:57.836, 181.85 W, 99 %
2025/12/04 21:25:57.936, 182.23 W, 99 %
2025/12/04 21:25:58.036, 182.38 W, 99 %
2025/12/04 21:25:58.136, 182.28 W, 99 %
2025/12/04 21:25:58.237, 182.10 W, 92 %
2025/12/04 21:25:58.337, 181.98 W, 92 %
2025/12/04 21:25:58.437, 182.17 W, 99 %
2025/12/04 21:25:58.537, 182.28 W, 99 %
2025/12/04 21:25:58.637, 181.32 W, 92 %
2025/12/04 21:25:58.737, 181.35 W, 92 %
2025/12/04 21:25:58.837, 184.85 W, 99 %
2025/12/04 21:25:58.938, 185.22 W, 99 %
2025/12/04 21:25:59.038, 184.96 W, 98 %
2025/12/04 21:25:59.138, 184.85 W, 98 %
2025/12/04 21:25:59.238, 184.75 W, 99 %
2025/12/04 21:25:59.338, 184.96 W, 99 %
2025/12/04 21:25:59.438, 184.66 W, 99 %
2025/12/04 21:25:59.538, 184.49 W, 99 %
2025/12/04 21:25:59.639, 185.59 W, 99 %
2025/12/04 21:25:59.739, 185.63 W, 99 %
2025/12/04 21:25:59.839, 177.53 W, 99 %
2025/12/04 21:25:59.939, 177.29 W, 99 %
2025/12/04 21:26:00.039, 177.49 W, 89 %
2025/12/04 21:26:00.139, 177.53 W, 89 %
2025/12/04 21:26:00.239, 177.86 W, 99 %
2025/12/04 21:26:00.340, 177.37 W, 99 %
2025/12/04 21:26:00.440, 177.09 W, 99 %
2025/12/04 21:26:00.540, 177.37 W, 99 %
2025/12/04 21:26:00.640, 177.16 W, 99 %
2025/12/04 21:26:00.740, 174.50 W, 99 %
2025/12/04 21:26:00.840, 174.65 W, 92 %
2025/12/04 21:26:00.940, 182.56 W, 92 %
2025/12/04 21:26:01.041, 182.77 W, 99 %
2025/12/04 21:26:01.141, 182.55 W, 99 %
2025/12/04 21:26:01.241, 182.45 W, 99 %
2025/12/04 21:26:01.341, 182.26 W, 99 %
2025/12/04 21:26:01.441, 182.45 W, 99 %
2025/12/04 21:26:01.541, 182.67 W, 99 %
2025/12/04 21:26:01.641, 182.37 W, 91 %
2025/12/04 21:26:01.742, 182.55 W, 91 %
2025/12/04 21:26:01.842, 185.30 W, 99 %
2025/12/04 21:26:01.942, 185.40 W, 99 %
2025/12/04 21:26:02.042, 182.35 W, 93 %
2025/12/04 21:26:02.142, 182.14 W, 93 %
2025/12/04 21:26:02.242, 182.48 W, 99 %
2025/12/04 21:26:02.342, 182.74 W, 99 %
2025/12/04 21:26:02.443, 182.79 W, 99 %
2025/12/04 21:26:02.543, 182.95 W, 99 %
2025/12/04 21:26:02.643, 182.91 W, 99 %
2025/12/04 21:26:02.743, 183.24 W, 99 %
2025/12/04 21:26:02.843, 183.16 W, 99 %
2025/12/04 21:26:02.943, 182.58 W, 99 %
2025/12/04 21:26:03.044, 182.40 W, 99 %
2025/12/04 21:26:03.144, 185.32 W, 99 %
2025/12/04 21:26:03.244, 185.47 W, 99 %
2025/12/04 21:26:03.344, 181.48 W, 99 %
2025/12/04 21:26:03.444, 181.34 W, 99 %
2025/12/04 21:26:03.544, 181.16 W, 99 %
2025/12/04 21:26:03.644, 181.47 W, 99 %
2025/12/04 21:26:03.745, 181.80 W, 99 %
2025/12/04 21:26:03.845, 181.99 W, 93 %
2025/12/04 21:26:03.945, 182.06 W, 93 %
2025/12/04 21:26:04.045, 182.49 W, 99 %
2025/12/04 21:26:04.145, 182.45 W, 99 %
2025/12/04 21:26:04.245, 173.15 W, 69 %
2025/12/04 21:26:04.345, 173.21 W, 69 %
2025/12/04 21:26:04.446, 176.81 W, 99 %
2025/12/04 21:26:04.546, 176.71 W, 99 %
2025/12/04 21:26:04.646, 177.03 W, 99 %
2025/12/04 21:26:04.746, 176.63 W, 99 %
2025/12/04 21:26:04.846, 176.76 W, 99 %
2025/12/04 21:26:04.946, 176.56 W, 99 %
2025/12/04 21:26:05.046, 176.37 W, 99 %
2025/12/04 21:26:05.147, 175.78 W, 99 %
2025/12/04 21:26:05.247, 175.76 W, 99 %
2025/12/04 21:26:05.347, 185.28 W, 99 %
2025/12/04 21:26:05.447, 185.01 W, 99 %
2025/12/04 21:26:05.547, 182.86 W, 99 %
2025/12/04 21:26:05.647, 182.93 W, 98 %
2025/12/04 21:26:05.747, 182.95 W, 98 %
2025/12/04 21:26:05.848, 183.00 W, 99 %
2025/12/04 21:26:05.948, 182.59 W, 99 %
2025/12/04 21:26:06.048, 182.46 W, 92 %
2025/12/04 21:26:06.148, 182.75 W, 92 %
2025/12/04 21:26:06.248, 183.12 W, 99 %
2025/12/04 21:26:06.348, 182.97 W, 99 %
2025/12/04 21:26:06.448, 181.49 W, 92 %
2025/12/04 21:26:06.549, 181.70 W, 92 %
2025/12/04 21:26:06.649, 183.93 W, 99 %
2025/12/04 21:26:06.749, 184.06 W, 99 %
2025/12/04 21:26:06.849, 183.83 W, 99 %
2025/12/04 21:26:06.949, 183.75 W, 99 %
2025/12/04 21:26:07.049, 183.89 W, 99 %
2025/12/04 21:26:07.149, 183.80 W, 99 %
2025/12/04 21:26:07.250, 183.71 W, 99 %
2025/12/04 21:26:07.350, 183.73 W, 99 %
2025/12/04 21:26:07.450, 183.96 W, 99 %
2025/12/04 21:26:07.550, 185.61 W, 99 %
2025/12/04 21:26:07.650, 185.57 W, 99 %
2025/12/04 21:26:07.750, 183.42 W, 99 %
2025/12/04 21:26:07.851, 183.48 W, 99 %
2025/12/04 21:26:07.951, 183.36 W, 99 %
2025/12/04 21:26:08.051, 183.46 W, 99 %
2025/12/04 21:26:08.151, 183.26 W, 99 %
2025/12/04 21:26:08.251, 183.48 W, 92 %
2025/12/04 21:26:08.351, 183.84 W, 92 %
2025/12/04 21:26:08.451, 183.81 W, 99 %
2025/12/04 21:26:08.552, 183.94 W, 99 %
2025/12/04 21:26:08.652, 177.92 W, 67 %
2025/12/04 21:26:08.752, 177.87 W, 67 %
2025/12/04 21:26:08.852, 180.05 W, 99 %
2025/12/04 21:26:08.952, 179.63 W, 99 %
2025/12/04 21:26:09.052, 179.76 W, 99 %
2025/12/04 21:26:09.152, 179.48 W, 99 %
2025/12/04 21:26:09.253, 179.48 W, 99 %
2025/12/04 21:26:09.353, 179.48 W, 99 %
2025/12/04 21:26:09.453, 179.29 W, 99 %
2025/12/04 21:26:09.553, 179.15 W, 99 %
2025/12/04 21:26:09.653, 178.97 W, 99 %
2025/12/04 21:26:09.753, 184.91 W, 99 %
2025/12/04 21:26:09.853, 184.96 W, 99 %
2025/12/04 21:26:09.954, 181.30 W, 99 %
2025/12/04 21:26:10.054, 181.81 W, 99 %
2025/12/04 21:26:10.154, 181.79 W, 99 %
2025/12/04 21:26:10.254, 182.08 W, 99 %
2025/12/04 21:26:10.354, 182.25 W, 99 %
2025/12/04 21:26:10.454, 182.09 W, 91 %
2025/12/04 21:26:10.554, 181.96 W, 91 %
2025/12/04 21:26:10.655, 182.14 W, 99 %
2025/12/04 21:26:10.755, 182.12 W, 99 %
2025/12/04 21:26:10.855, 181.67 W, 93 %
2025/12/04 21:26:10.955, 181.49 W, 93 %
2025/12/04 21:26:11.055, 185.16 W, 99 %
2025/12/04 21:26:11.155, 185.00 W, 99 %
2025/12/04 21:26:11.256, 180.94 W, 93 %
2025/12/04 21:26:11.356, 180.79 W, 93 %
2025/12/04 21:26:11.456, 180.78 W, 99 %
2025/12/04 21:26:11.556, 180.86 W, 99 %
2025/12/04 21:26:11.656, 180.76 W, 99 %
2025/12/04 21:26:11.756, 181.05 W, 99 %
2025/12/04 21:26:11.856, 181.23 W, 99 %
2025/12/04 21:26:11.957, 181.66 W, 99 %
2025/12/04 21:26:12.057, 181.99 W, 99 %
2025/12/04 21:26:12.157, 181.74 W, 99 %
2025/12/04 21:26:12.257, 181.44 W, 99 %
2025/12/04 21:26:12.357, 185.65 W, 99 %
2025/12/04 21:26:12.457, 185.75 W, 99 %
2025/12/04 21:26:12.557, 183.72 W, 99 %
2025/12/04 21:26:12.658, 183.51 W, 98 %
2025/12/04 21:26:12.758, 183.41 W, 98 %
2025/12/04 21:26:12.858, 183.09 W, 99 %
2025/12/04 21:26:12.958, 183.01 W, 99 %
2025/12/04 21:26:13.058, 181.92 W, 72 %
2025/12/04 21:26:13.158, 181.44 W, 72 %
2025/12/04 21:26:13.258, 181.68 W, 99 %
2025/12/04 21:26:13.359, 181.87 W, 99 %
2025/12/04 21:26:13.459, 178.67 W, 91 %
2025/12/04 21:26:13.559, 178.60 W, 91 %
2025/12/04 21:26:13.659, 180.50 W, 99 %
2025/12/04 21:26:13.759, 180.62 W, 99 %
2025/12/04 21:26:13.859, 180.68 W, 99 %
2025/12/04 21:26:13.959, 180.68 W, 99 %
2025/12/04 21:26:14.060, 180.77 W, 99 %
2025/12/04 21:26:14.160, 181.82 W, 99 %
2025/12/04 21:26:14.260, 181.94 W, 99 %
2025/12/04 21:26:14.360, 181.03 W, 99 %
2025/12/04 21:26:14.460, 180.94 W, 99 %
2025/12/04 21:26:14.560, 183.76 W, 99 %
2025/12/04 21:26:14.660, 183.89 W, 99 %
2025/12/04 21:26:14.761, 184.03 W, 99 %
2025/12/04 21:26:14.861, 184.16 W, 95 %
2025/12/04 21:26:14.961, 184.07 W, 95 %
2025/12/04 21:26:15.061, 184.13 W, 99 %
2025/12/04 21:26:15.161, 184.33 W, 99 %
2025/12/04 21:26:15.261, 184.02 W, 91 %
2025/12/04 21:26:15.362, 184.15 W, 91 %
2025/12/04 21:26:15.462, 185.02 W, 99 %
2025/12/04 21:26:15.562, 185.22 W, 99 %
2025/12/04 21:26:15.662, 184.42 W, 93 %
2025/12/04 21:26:15.762, 184.65 W, 93 %
2025/12/04 21:26:15.862, 184.58 W, 99 %
2025/12/04 21:26:15.962, 184.44 W, 99 %
2025/12/04 21:26:16.063, 184.45 W, 99 %
2025/12/04 21:26:16.163, 184.43 W, 99 %
2025/12/04 21:26:16.263, 183.95 W, 99 %
2025/12/04 21:26:16.363, 183.79 W, 99 %
2025/12/04 21:26:16.463, 183.85 W, 99 %
2025/12/04 21:26:16.563, 183.57 W, 99 %
2025/12/04 21:26:16.663, 183.41 W, 99 %
2025/12/04 21:26:16.764, 184.45 W, 99 %
2025/12/04 21:26:16.864, 183.98 W, 99 %
2025/12/04 21:26:16.964, 180.28 W, 99 %
2025/12/04 21:26:17.064, 180.37 W, 99 %
2025/12/04 21:26:17.164, 180.38 W, 99 %
2025/12/04 21:26:17.264, 180.26 W, 99 %
2025/12/04 21:26:17.364, 180.47 W, 99 %
2025/12/04 21:26:17.465, 180.24 W, 70 %
2025/12/04 21:26:17.565, 180.40 W, 70 %
2025/12/04 21:26:17.665, 180.72 W, 99 %
2025/12/04 21:26:17.765, 180.74 W, 99 %
2025/12/04 21:26:17.865, 176.75 W, 92 %
2025/12/04 21:26:17.965, 176.94 W, 92 %
2025/12/04 21:26:18.065, 180.51 W, 99 %
2025/12/04 21:26:18.166, 180.59 W, 99 %
2025/12/04 21:26:18.266, 180.87 W, 99 %
2025/12/04 21:26:18.366, 180.99 W, 99 %
2025/12/04 21:26:18.466, 180.98 W, 99 %
2025/12/04 21:26:18.566, 181.65 W, 99 %
2025/12/04 21:26:18.666, 181.48 W, 99 %
2025/12/04 21:26:18.767, 181.24 W, 99 %
2025/12/04 21:26:18.867, 181.17 W, 99 %
2025/12/04 21:26:18.967, 185.05 W, 99 %
2025/12/04 21:26:19.067, 185.37 W, 99 %
2025/12/04 21:26:19.167, 181.71 W, 99 %
2025/12/04 21:26:19.279, 181.79 W, 98 %
2025/12/04 21:26:19.380, 181.46 W, 98 %
2025/12/04 21:26:19.480, 181.49 W, 99 %
2025/12/04 21:26:19.580, 181.55 W, 99 %
2025/12/04 21:26:19.680, 181.49 W, 92 %
2025/12/04 21:26:19.780, 181.43 W, 92 %
2025/12/04 21:26:19.880, 181.85 W, 99 %
2025/12/04 21:26:19.980, 181.82 W, 99 %
2025/12/04 21:26:20.081, 180.43 W, 92 %
2025/12/04 21:26:20.181, 179.97 W, 92 %
2025/12/04 21:26:20.281, 183.86 W, 99 %
2025/12/04 21:26:20.381, 183.75 W, 99 %
2025/12/04 21:26:20.481, 183.90 W, 99 %
2025/12/04 21:26:20.581, 184.08 W, 99 %
2025/12/04 21:26:20.681, 183.96 W, 99 %
2025/12/04 21:26:20.782, 183.97 W, 99 %
2025/12/04 21:26:20.882, 183.85 W, 99 %
2025/12/04 21:26:20.982, 183.50 W, 99 %
2025/12/04 21:26:21.082, 183.53 W, 99 %
2025/12/04 21:26:21.182, 185.18 W, 99 %
2025/12/04 21:26:21.282, 185.14 W, 99 %
2025/12/04 21:26:21.382, 181.44 W, 99 %
2025/12/04 21:26:21.483, 181.35 W, 99 %
2025/12/04 21:26:21.583, 181.29 W, 99 %
2025/12/04 21:26:21.683, 181.42 W, 99 %
2025/12/04 21:26:21.783, 181.60 W, 99 %
2025/12/04 21:26:21.883, 180.95 W, 70 %
2025/12/04 21:26:21.983, 181.14 W, 70 %
2025/12/04 21:26:22.083, 181.51 W, 99 %
2025/12/04 21:26:22.184, 181.56 W, 99 %
2025/12/04 21:26:22.284, 177.12 W, 91 %
2025/12/04 21:26:22.384, 177.30 W, 91 %
2025/12/04 21:26:22.484, 180.89 W, 99 %
2025/12/04 21:26:22.584, 181.13 W, 99 %
2025/12/04 21:26:22.684, 181.15 W, 99 %
2025/12/04 21:26:22.784, 180.83 W, 99 %
2025/12/04 21:26:22.885, 180.76 W, 99 %
2025/12/04 21:26:22.985, 181.07 W, 99 %
2025/12/04 21:26:23.085, 181.09 W, 99 %
2025/12/04 21:26:23.185, 180.36 W, 99 %
2025/12/04 21:26:23.285, 180.34 W, 99 %
2025/12/04 21:26:23.385, 184.86 W, 99 %
2025/12/04 21:26:23.485, 184.79 W, 99 %
2025/12/04 21:26:23.586, 182.44 W, 99 %
2025/12/04 21:26:23.686, 182.57 W, 97 %
2025/12/04 21:26:23.786, 182.57 W, 97 %
2025/12/04 21:26:23.886, 182.71 W, 99 %
2025/12/04 21:26:23.986, 182.57 W, 99 %
2025/12/04 21:26:24.086, 182.75 W, 92 %
2025/12/04 21:26:24.187, 182.75 W, 92 %
2025/12/04 21:26:24.287, 183.38 W, 99 %
2025/12/04 21:26:24.387, 183.22 W, 99 %
2025/12/04 21:26:24.487, 181.75 W, 92 %
2025/12/04 21:26:24.587, 181.82 W, 92 %
2025/12/04 21:26:24.687, 184.06 W, 99 %
2025/12/04 21:26:24.787, 184.04 W, 99 %
2025/12/04 21:26:24.888, 184.22 W, 99 %
2025/12/04 21:26:24.988, 184.12 W, 99 %
2025/12/04 21:26:25.088, 184.23 W, 99 %
2025/12/04 21:26:25.188, 184.24 W, 99 %
2025/12/04 21:26:25.288, 184.32 W, 99 %
2025/12/04 21:26:25.388, 183.92 W, 99 %
2025/12/04 21:26:25.488, 184.20 W, 99 %
2025/12/04 21:26:25.589, 185.40 W, 99 %
2025/12/04 21:26:25.689, 185.59 W, 99 %
2025/12/04 21:26:25.789, 183.95 W, 99 %
2025/12/04 21:26:25.889, 183.71 W, 99 %
2025/12/04 21:26:25.989, 183.50 W, 99 %
2025/12/04 21:26:26.089, 183.62 W, 99 %
2025/12/04 21:26:26.189, 183.44 W, 99 %
2025/12/04 21:26:26.290, 183.27 W, 70 %
2025/12/04 21:26:26.390, 182.85 W, 70 %
2025/12/04 21:26:26.490, 183.21 W, 99 %
2025/12/04 21:26:26.590, 183.13 W, 99 %
2025/12/04 21:26:26.690, 181.58 W, 93 %
2025/12/04 21:26:26.790, 181.27 W, 93 %
2025/12/04 21:26:26.890, 183.11 W, 99 %
2025/12/04 21:26:26.991, 183.03 W, 99 %
2025/12/04 21:26:27.091, 183.05 W, 99 %
2025/12/04 21:26:27.191, 182.98 W, 99 %
2025/12/04 21:26:27.291, 183.09 W, 99 %
2025/12/04 21:26:27.391, 183.37 W, 99 %
2025/12/04 21:26:27.491, 183.52 W, 99 %
2025/12/04 21:26:27.591, 183.14 W, 99 %
2025/12/04 21:26:27.692, 182.95 W, 99 %
2025/12/04 21:26:27.792, 184.26 W, 99 %
2025/12/04 21:26:27.892, 184.46 W, 99 %
2025/12/04 21:26:27.992, 180.56 W, 99 %
2025/12/04 21:26:28.092, 180.52 W, 99 %
2025/12/04 21:26:28.192, 180.55 W, 99 %
2025/12/04 21:26:28.292, 180.61 W, 99 %
2025/12/04 21:26:28.393, 180.75 W, 99 %
2025/12/04 21:26:28.493, 180.81 W, 93 %
2025/12/04 21:26:28.593, 181.04 W, 93 %
2025/12/04 21:26:28.693, 181.47 W, 99 %
2025/12/04 21:26:28.793, 181.76 W, 99 %
2025/12/04 21:26:28.893, 181.90 W, 93 %
2025/12/04 21:26:28.993, 181.87 W, 93 %
2025/12/04 21:26:29.094, 185.89 W, 99 %
2025/12/04 21:26:29.194, 185.98 W, 99 %
2025/12/04 21:26:29.294, 182.25 W, 93 %
2025/12/04 21:26:29.394, 182.33 W, 93 %
2025/12/04 21:26:29.494, 181.99 W, 99 %
2025/12/04 21:26:29.594, 182.00 W, 99 %
2025/12/04 21:26:29.695, 182.04 W, 99 %
2025/12/04 21:26:29.795, 181.93 W, 99 %
2025/12/04 21:26:29.895, 181.87 W, 99 %
2025/12/04 21:26:29.995, 181.85 W, 99 %
2025/12/04 21:26:30.095, 182.03 W, 99 %
2025/12/04 21:26:30.195, 181.38 W, 99 %
2025/12/04 21:26:30.295, 181.28 W, 99 %
2025/12/04 21:26:30.396, 185.00 W, 99 %
2025/12/04 21:26:30.496, 184.69 W, 99 %
2025/12/04 21:26:30.596, 185.28 W, 99 %
2025/12/04 21:26:30.696, 174.69 W, 10 %
