
          -------------------------------------------------------
          Amber 20 PMEMD                              2020
          -------------------------------------------------------

| PMEMD implementation of SANDER, Release 18

|  Compiled date/time: Fri Dec 17 14:29:57 2021
| Run on 05/06/2026 at 22:20:08

|   Executable path: /apps/amber/Amber20/20p12-at21p11-impi-intel/bin/pmemd.MPI
| Working directory: /home/hpc/ihpc/ihpc161h/AMBER-CPU/n032/factorix/f2400000/t18
|          Hostname: f0880.nhr.fau.de

  [-O]verwriting output

File Assignments:
|   MDIN: ../../factorix.mdin                                                   
|  MDOUT: factorix_ENERGY_f2400000_18.amber.out                                 
| INPCRD: ../../factorix.inpcrd                                                 
|   PARM: ../../factorix.prmtop                                                 
| RESTRT: factorix_ENERGY_f2400000_18.rst                                       
|   REFC: refc                                                                  
|  MDVEL: mdvel                                                                 
|   MDEN: mden                                                                  
|  MDCRD: factorix_ENERGY_f2400000_18.nc                                        
| MDINFO: mdinfo                                                                
|LOGFILE: logfile                                                               
|  MDFRC: mdfrc                                                                 

 
 Here is the input file:
 
FIX (active) full dynamics ( constraint dynamics: constant volume)             
 &cntrl                                                                        
   ntx = 7,       irest = 1,                                                   
   ntpr = 100,     ntwx = 0,     ntwr = 0,                                     
   ntf = 2,       ntc = 2,       tol = 0.000001,                               
   cut = 8.0,                                                                  
   nstlim = 50000,  dt = 0.00150,                                              
   nscm = 250,                                                                 
   ntt = 0,                                                                    
   lastist = 4000000,                                                          
   lastrst = 5000000,                                                          
 /                                                                             


Note: ig = -1. Setting random seed to   407012 based on wallclock time in
      microseconds and disabling the synchronization of random numbers 
      between tasks to improve performance.
| irandom = 1, using AMBER's internal random number generator (default).
| WARNING: The sander lastist option is not needed and is ignored.
| WARNING: The sander lastrst option is not needed and is ignored.
 
| INFO:    Axis order optimization will be used.

 
| Conditional Compilation Defines Used:
| MPI
| FFTW_FFT
| BINTRAJ
| MKL
| EMIL
 
| Largest sphere to fit in unit cell has radius =    39.339

|  INFO: Old style PARM file read


| Note: 1-4 EEL scale factors were NOT found in the topology file.
|       Using default value of 1.2.

| Note: 1-4 VDW scale factors were NOT found in the topology file.
|       Using default value of 2.0.
| Duplicated  437 dihedrals

| Duplicated 1846 dihedrals

--------------------------------------------------------------------------------
   1.  RESOURCE   USE: 
--------------------------------------------------------------------------------

 getting new box info from bottom of inpcrd
 NATOM  =   90906 NTYPES =      19 NBONH =   87891 MBONA  =    3077
 NTHETH =    6433 MTHETA =    4178 NPHIH =   11305 MPHIA  =    5519
 NHPARM =       0 NPARM  =       0 NNB   =  145596 NRES   =   28750
 NBONA  =    3077 NTHETA =    4178 NPHIA =    5519 NUMBND =      54
 NUMANG =     126 NPTRA  =      75 NATYP =      31 NPHB   =       1
 IFBOX  =       1 NMXRS  =      24 IFCAP =       0 NEXTRA =       0
 NCOPY  =       0

| Coordinate Index Table dimensions:    28   16   15
| Direct force subcell size =     5.0745    5.2086    5.2452

     BOX TYPE: RECTILINEAR

--------------------------------------------------------------------------------
   2.  CONTROL  DATA  FOR  THE  RUN
--------------------------------------------------------------------------------

factor IX (ACTIVATED PROTEIN)                                                   

General flags:
     imin    =       0, nmropt  =       0

Nature and format of input:
     ntx     =       7, irest   =       1, ntrx    =       1

Nature and format of output:
     ntxo    =       2, ntpr    =     100, ntrx    =       1, ntwr    =   50000
     iwrap   =       0, ntwx    =       0, ntwv    =       0, ntwe    =       0
     ioutfm  =       1, ntwprt  =       0, idecomp =       0, rbornstat=      0

Potential function:
     ntf     =       2, ntb     =       1, igb     =       0, nsnb    =      25
     ipol    =       0, gbsa    =       0, iesp    =       0
     dielc   =   1.00000, cut     =   8.00000, intdiel =   1.00000

Frozen or restrained atoms:
     ibelly  =       0, ntr     =       0

Molecular dynamics:
     nstlim  =     50000, nscm    =       250, nrespa  =         1
     t       =   0.00000, dt      =   0.00150, vlimit  =  20.00000

SHAKE:
     ntc     =       2, jfastw  =       0
     tol     =   0.00000

| Intermolecular bonds treatment:
|     no_intermolecular_bonds =       1

| Energy averages sample interval:
|     ene_avg_sampling =     100

Ewald parameters:
     verbose =       0, ew_type =       0, nbflag  =       1, use_pme =       1
     vdwmeth =       1, eedmeth =       1, netfrc  =       1
     Box X =  142.086   Box Y =   83.337   Box Z =   78.678
     Alpha =   90.000   Beta  =   90.000   Gamma =   90.000
     NFFT1 =  144       NFFT2 =   90       NFFT3 =   80
     Cutoff=    8.000   Tol   =0.100E-04
     Ewald Coefficient =  0.34864
     Interpolation order =    4

| PMEMD ewald parallel performance parameters:
|     block_fft =    0
|     fft_blk_y_divisor =    4
|     excl_recip =    0
|     excl_master =    0
|     atm_redist_freq =  320

--------------------------------------------------------------------------------
   3.  ATOMIC COORDINATES AND VELOCITIES
--------------------------------------------------------------------------------

factor IX (ACTIVATED PROTEIN)                                                   
 begin time read from input coords =  2542.675 ps

 
 Number of triangulated 3-point waters found:    28358

     Sum of charges from parm topology file =   0.00031225
     Forcing neutrality...

| Dynamic Memory, Types Used:
| Reals             3488408
| Integers          3231879

| Nonbonded Pairs Initial Allocation:     1151476

| Running AMBER/MPI version on   18 MPI task

 
--------------------------------------------------------------------------------
   4.  RESULTS
--------------------------------------------------------------------------------

 ---------------------------------------------------
 APPROXIMATING switch and d/dx switch using CUBIC SPLINE INTERPOLATION
 using   5000.0 points per unit in tabled values
 TESTING RELATIVE ERROR over r ranging from 0.0 to cutoff
| CHECK switch(x): max rel err =   0.3316E-14   at   2.351880
| CHECK d/dx switch(x): max rel err =   0.8336E-11   at   2.782960
 ---------------------------------------------------
|---------------------------------------------------
| APPROXIMATING direct energy using CUBIC SPLINE INTERPOLATION
|  with   50.0 points per unit in tabled values
| Relative Error Limit not exceeded for r .gt.   2.47
| APPROXIMATING direct force using CUBIC SPLINE INTERPOLATION
|  with   50.0 points per unit in tabled values
| Relative Error Limit not exceeded for r .gt.   2.89
|---------------------------------------------------

 NSTEP =      100   TIME(PS) =    2542.825  TEMP(K) =   298.74  PRESS =     0.0
 Etot   =   -234218.3473  EKtot   =     54860.7625  EPtot      =   -289079.1098
 BOND   =      1103.0435  ANGLE   =      2960.7695  DIHED      =      2288.4338
 1-4 NB =      1312.5562  1-4 EEL =     15093.0701  VDWAALS    =     36866.8490
 EELEC  =   -348703.8320  EHBOND  =         0.0000  RESTRAINT  =         0.0000
 Ewald error estimate:   0.6831E-04
 ------------------------------------------------------------------------------


 NSTEP =      200   TIME(PS) =    2542.975  TEMP(K) =   297.76  PRESS =     0.0
 Etot   =   -234218.3698  EKtot   =     54681.6127  EPtot      =   -288899.9825
 BOND   =      1125.1379  ANGLE   =      2961.9410  DIHED      =      2244.2927
 1-4 NB =      1316.1846  1-4 EEL =     15113.4142  VDWAALS    =     36422.4567
 EELEC  =   -348083.4097  EHBOND  =         0.0000  RESTRAINT  =         0.0000
 Ewald error estimate:   0.1472E-04
 ------------------------------------------------------------------------------

check COM velocity, temp:        0.000000     0.00(Removed)

 NSTEP =      300   TIME(PS) =    2543.125  TEMP(K) =   297.94  PRESS =     0.0
 Etot   =   -234217.3995  EKtot   =     54713.8798  EPtot      =   -288931.2793
 BOND   =      1136.6428  ANGLE   =      2948.4126  DIHED      =      2262.1544
 1-4 NB =      1298.1550  1-4 EEL =     15134.1716  VDWAALS    =     36703.9285
 EELEC  =   -348414.7443  EHBOND  =         0.0000  RESTRAINT  =         0.0000
 Ewald error estimate:   0.1759E-04
 ------------------------------------------------------------------------------


 NSTEP =      400   TIME(PS) =    2543.275  TEMP(K) =   298.80  PRESS =     0.0
 Etot   =   -234217.5764  EKtot   =     54870.9021  EPtot      =   -289088.4784
 BOND   =      1149.6321  ANGLE   =      2884.9472  DIHED      =      2223.7015
 1-4 NB =      1308.3590  1-4 EEL =     15173.9831  VDWAALS    =     36500.1800
 EELEC  =   -348329.2813  EHBOND  =         0.0000  RESTRAINT  =         0.0000
 Ewald error estimate:   0.2372E-04
 ------------------------------------------------------------------------------

check COM velocity, temp:        0.000000     0.00(Removed)

 NSTEP =      500   TIME(PS) =    2543.425  TEMP(K) =   298.97  PRESS =     0.0
 Etot   =   -234217.9529  EKtot   =     54902.7464  EPtot      =   -289120.6993
 BOND   =      1145.4815  ANGLE   =      2975.8144  DIHED      =      2236.9885
 1-4 NB =      1323.8331  1-4 EEL =     15106.6950  VDWAALS    =     36536.3431
 EELEC  =   -348445.8549  EHBOND  =         0.0000  RESTRAINT  =         0.0000
 Ewald error estimate:   0.3216E-04
 ------------------------------------------------------------------------------


 NSTEP =      600   TIME(PS) =    2543.575  TEMP(K) =   297.11  PRESS =     0.0
 Etot   =   -234217.5246  EKtot   =     54561.1876  EPtot      =   -288778.7122
 BOND   =      1124.1853  ANGLE   =      2911.7406  DIHED      =      2246.1542
 1-4 NB =      1334.3174  1-4 EEL =     15084.8396  VDWAALS    =     36016.0501
 EELEC  =   -347495.9993  EHBOND  =         0.0000  RESTRAINT  =         0.0000
 Ewald error estimate:   0.6280E-04
 ------------------------------------------------------------------------------


 NSTEP =      700   TIME(PS) =    2543.725  TEMP(K) =   299.42  PRESS =     0.0
 Etot   =   -234218.1567  EKtot   =     54984.8861  EPtot      =   -289203.0429
 BOND   =      1116.2857  ANGLE   =      2998.6137  DIHED      =      2201.0104
 1-4 NB =      1300.3133  1-4 EEL =     15058.3184  VDWAALS    =     36753.8278
 EELEC  =   -348631.4121  EHBOND  =         0.0000  RESTRAINT  =         0.0000
 Ewald error estimate:   0.8592E-04
 ------------------------------------------------------------------------------

check COM velocity, temp:        0.000000     0.00(Removed)

 NSTEP =      800   TIME(PS) =    2543.875  TEMP(K) =   299.78  PRESS =     0.0
 Etot   =   -234218.5919  EKtot   =     55051.4489  EPtot      =   -289270.0408
 BOND   =      1095.7102  ANGLE   =      2914.4991  DIHED      =      2243.1031
 1-4 NB =      1316.4653  1-4 EEL =     15178.6734  VDWAALS    =     36942.3956
 EELEC  =   -348960.8875  EHBOND  =         0.0000  RESTRAINT  =         0.0000
 Ewald error estimate:   0.1744E-04
 ------------------------------------------------------------------------------


 NSTEP =      900   TIME(PS) =    2544.025  TEMP(K) =   298.55  PRESS =     0.0
 Etot   =   -234215.9741  EKtot   =     54826.3447  EPtot      =   -289042.3188
 BOND   =      1113.1197  ANGLE   =      2927.4528  DIHED      =      2273.3425
 1-4 NB =      1300.1619  1-4 EEL =     15056.2533  VDWAALS    =     36419.7611
 EELEC  =   -348132.4102  EHBOND  =         0.0000  RESTRAINT  =         0.0000
 Ewald error estimate:   0.6442E-04
 ------------------------------------------------------------------------------

check COM velocity, temp:        0.000000     0.00(Removed)

 NSTEP =     1000   TIME(PS) =    2544.175  TEMP(K) =   298.26  PRESS =     0.0
 Etot   =   -234217.4241  EKtot   =     54772.3767  EPtot      =   -288989.8008
 BOND   =      1111.5115  ANGLE   =      2924.6521  DIHED      =      2262.7845
 1-4 NB =      1330.0312  1-4 EEL =     15119.8988  VDWAALS    =     36724.6401
 EELEC  =   -348463.3191  EHBOND  =         0.0000  RESTRAINT  =         0.0000
 Ewald error estimate:   0.4659E-04
 ------------------------------------------------------------------------------


 NSTEP =     1100   TIME(PS) =    2544.325  TEMP(K) =   297.40  PRESS =     0.0
 Etot   =   -234218.0448  EKtot   =     54614.4696  EPtot      =   -288832.5144
 BOND   =      1095.7521  ANGLE   =      2955.1497  DIHED      =      2269.9248
 1-4 NB =      1326.8546  1-4 EEL =     15057.7984  VDWAALS    =     36361.8290
 EELEC  =   -347899.8230  EHBOND  =         0.0000  RESTRAINT  =         0.0000
 Ewald error estimate:   0.6518E-04
 ------------------------------------------------------------------------------


 NSTEP =     1200   TIME(PS) =    2544.475  TEMP(K) =   298.70  PRESS =     0.0
 Etot   =   -234219.5468  EKtot   =     54852.7277  EPtot      =   -289072.2745
 BOND   =      1096.9339  ANGLE   =      2879.1506  DIHED      =      2231.4788
 1-4 NB =      1335.6110  1-4 EEL =     15137.8513  VDWAALS    =     36307.4633
 EELEC  =   -348060.7634  EHBOND  =         0.0000  RESTRAINT  =         0.0000
 Ewald error estimate:   0.4023E-04
 ------------------------------------------------------------------------------

check COM velocity, temp:        0.000000     0.00(Removed)

 NSTEP =     1300   TIME(PS) =    2544.625  TEMP(K) =   300.39  PRESS =     0.0
 Etot   =   -234221.4400  EKtot   =     55164.5873  EPtot      =   -289386.0272
 BOND   =      1107.3145  ANGLE   =      2897.7809  DIHED      =      2255.0631
 1-4 NB =      1274.2390  1-4 EEL =     15083.3119  VDWAALS    =     37035.6544
 EELEC  =   -349039.3911  EHBOND  =         0.0000  RESTRAINT  =         0.0000
 Ewald error estimate:   0.5881E-04
 ------------------------------------------------------------------------------


 NSTEP =     1400   TIME(PS) =    2544.775  TEMP(K) =   297.44  PRESS =     0.0
 Etot   =   -234218.1570  EKtot   =     54622.3263  EPtot      =   -288840.4833
 BOND   =      1117.3618  ANGLE   =      2931.3798  DIHED      =      2252.3989
 1-4 NB =      1301.5438  1-4 EEL =     15067.2380  VDWAALS    =     36980.9368
 EELEC  =   -348491.3424  EHBOND  =         0.0000  RESTRAINT  =         0.0000
 Ewald error estimate:   0.4225E-04
 ------------------------------------------------------------------------------

check COM velocity, temp:        0.000000     0.00(Removed)

 NSTEP =     1500   TIME(PS) =    2544.925  TEMP(K) =   298.49  PRESS =     0.0
 Etot   =   -234219.1524  EKtot   =     54814.8213  EPtot      =   -289033.9737
 BOND   =      1133.2581  ANGLE   =      2977.5460  DIHED      =      2215.9777
 1-4 NB =      1306.0146  1-4 EEL =     15066.2554  VDWAALS    =     36952.0029
 EELEC  =   -348685.0284  EHBOND  =         0.0000  RESTRAINT  =         0.0000
 Ewald error estimate:   0.7749E-04
 ------------------------------------------------------------------------------


 NSTEP =     1600   TIME(PS) =    2545.075  TEMP(K) =   298.38  PRESS =     0.0
 Etot   =   -234217.6169  EKtot   =     54794.3483  EPtot      =   -289011.9652
 BOND   =      1112.7909  ANGLE   =      2938.9754  DIHED      =      2228.9596
 1-4 NB =      1318.4722  1-4 EEL =     15132.2154  VDWAALS    =     36565.9836
 EELEC  =   -348309.3623  EHBOND  =         0.0000  RESTRAINT  =         0.0000
 Ewald error estimate:   0.2513E-04
 ------------------------------------------------------------------------------


 NSTEP =     1700   TIME(PS) =    2545.225  TEMP(K) =   299.98  PRESS =     0.0
 Etot   =   -234220.5348  EKtot   =     55088.0148  EPtot      =   -289308.5496
 BOND   =      1041.8553  ANGLE   =      2950.9586  DIHED      =      2261.8351
 1-4 NB =      1318.4913  1-4 EEL =     15112.9007  VDWAALS    =     36680.9220
 EELEC  =   -348675.5126  EHBOND  =         0.0000  RESTRAINT  =         0.0000
 Ewald error estimate:   0.6028E-04
 ------------------------------------------------------------------------------

check COM velocity, temp:        0.000000     0.00(Removed)

 NSTEP =     1800   TIME(PS) =    2545.375  TEMP(K) =   298.16  PRESS =     0.0
 Etot   =   -234220.5252  EKtot   =     54754.7390  EPtot      =   -288975.2641
 BOND   =      1094.9987  ANGLE   =      2898.7978  DIHED      =      2232.4425
 1-4 NB =      1304.7201  1-4 EEL =     15132.6344  VDWAALS    =     37198.5802
 EELEC  =   -348837.4378  EHBOND  =         0.0000  RESTRAINT  =         0.0000
 Ewald error estimate:   0.4259E-04
 ------------------------------------------------------------------------------


 NSTEP =     1900   TIME(PS) =    2545.525  TEMP(K) =   298.52  PRESS =     0.0
 Etot   =   -234217.5614  EKtot   =     54820.0730  EPtot      =   -289037.6344
 BOND   =      1112.1716  ANGLE   =      2854.2099  DIHED      =      2249.3932
 1-4 NB =      1319.8741  1-4 EEL =     15063.8063  VDWAALS    =     36770.0295
 EELEC  =   -348407.1190  EHBOND  =         0.0000  RESTRAINT  =         0.0000
 Ewald error estimate:   0.2977E-04
 ------------------------------------------------------------------------------

check COM velocity, temp:        0.000000     0.00(Removed)

 NSTEP =     2000   TIME(PS) =    2545.675  TEMP(K) =   297.51  PRESS =     0.0
 Etot   =   -234217.9740  EKtot   =     54635.4194  EPtot      =   -288853.3934
 BOND   =      1104.9716  ANGLE   =      2938.6232  DIHED      =      2237.5081
 1-4 NB =      1290.9677  1-4 EEL =     15080.1114  VDWAALS    =     36264.4784
 EELEC  =   -347770.0538  EHBOND  =         0.0000  RESTRAINT  =         0.0000
 Ewald error estimate:   0.5005E-05
 ------------------------------------------------------------------------------


 NSTEP =     2100   TIME(PS) =    2545.825  TEMP(K) =   297.66  PRESS =     0.0
 Etot   =   -234217.0858  EKtot   =     54661.8800  EPtot      =   -288878.9658
 BOND   =      1114.6909  ANGLE   =      2926.8614  DIHED      =      2227.7947
 1-4 NB =      1288.8441  1-4 EEL =     15004.5638  VDWAALS    =     36602.7700
 EELEC  =   -348044.4908  EHBOND  =         0.0000  RESTRAINT  =         0.0000
 Ewald error estimate:   0.5115E-04
 ------------------------------------------------------------------------------


 NSTEP =     2200   TIME(PS) =    2545.975  TEMP(K) =   298.92  PRESS =     0.0
 Etot   =   -234215.2754  EKtot   =     54892.9108  EPtot      =   -289108.1862
 BOND   =      1070.3348  ANGLE   =      2963.9674  DIHED      =      2248.1929
 1-4 NB =      1295.2289  1-4 EEL =     15113.7108  VDWAALS    =     36738.2474
 EELEC  =   -348537.8683  EHBOND  =         0.0000  RESTRAINT  =         0.0000
 Ewald error estimate:   0.8787E-04
 ------------------------------------------------------------------------------

check COM velocity, temp:        0.000000     0.00(Removed)

 NSTEP =     2300   TIME(PS) =    2546.125  TEMP(K) =   299.64  PRESS =     0.0
 Etot   =   -234217.6337  EKtot   =     55025.1867  EPtot      =   -289242.8205
 BOND   =      1106.9647  ANGLE   =      2929.5403  DIHED      =      2232.3244
 1-4 NB =      1295.1967  1-4 EEL =     15101.2841  VDWAALS    =     36910.3907
 EELEC  =   -348818.5215  EHBOND  =         0.0000  RESTRAINT  =         0.0000
 Ewald error estimate:   0.2487E-04
 ------------------------------------------------------------------------------


 NSTEP =     2400   TIME(PS) =    2546.275  TEMP(K) =   298.26  PRESS =     0.0
 Etot   =   -234214.3091  EKtot   =     54773.0403  EPtot      =   -288987.3494
 BOND   =      1131.1641  ANGLE   =      2966.4916  DIHED      =      2255.3938
 1-4 NB =      1264.4847  1-4 EEL =     15082.0984  VDWAALS    =     36319.4321
 EELEC  =   -348006.4140  EHBOND  =         0.0000  RESTRAINT  =         0.0000
 Ewald error estimate:   0.5643E-04
 ------------------------------------------------------------------------------

check COM velocity, temp:        0.000000     0.00(Removed)

 NSTEP =     2500   TIME(PS) =    2546.425  TEMP(K) =   298.04  PRESS =     0.0
 Etot   =   -234216.3753  EKtot   =     54732.0914  EPtot      =   -288948.4667
 BOND   =      1070.6693  ANGLE   =      2930.8292  DIHED      =      2222.2826
 1-4 NB =      1317.0603  1-4 EEL =     15069.4684  VDWAALS    =     36285.7814
 EELEC  =   -347844.5578  EHBOND  =         0.0000  RESTRAINT  =         0.0000
 Ewald error estimate:   0.7169E-04
 ------------------------------------------------------------------------------


 NSTEP =     2600   TIME(PS) =    2546.575  TEMP(K) =   297.82  PRESS =     0.0
 Etot   =   -234215.9478  EKtot   =     54691.7269  EPtot      =   -288907.6747
 BOND   =      1059.7468  ANGLE   =      2940.7581  DIHED      =      2247.2703
 1-4 NB =      1303.6191  1-4 EEL =     15075.4876  VDWAALS    =     36655.6671
 EELEC  =   -348190.2236  EHBOND  =         0.0000  RESTRAINT  =         0.0000
 Ewald error estimate:   0.7232E-04
 ------------------------------------------------------------------------------


 NSTEP =     2700   TIME(PS) =    2546.725  TEMP(K) =   298.68  PRESS =     0.0
 Etot   =   -234214.8922  EKtot   =     54849.7959  EPtot      =   -289064.6881
 BOND   =      1068.0485  ANGLE   =      2984.8088  DIHED      =      2219.2108
 1-4 NB =      1321.1363  1-4 EEL =     15210.7734  VDWAALS    =     37111.3229
 EELEC  =   -348979.9887  EHBOND  =         0.0000  RESTRAINT  =         0.0000
 Ewald error estimate:   0.4527E-04
 ------------------------------------------------------------------------------

check COM velocity, temp:        0.000000     0.00(Removed)

 NSTEP =     2800   TIME(PS) =    2546.875  TEMP(K) =   298.95  PRESS =     0.0
 Etot   =   -234216.7418  EKtot   =     54898.6888  EPtot      =   -289115.4306
 BOND   =      1089.9500  ANGLE   =      2890.6264  DIHED      =      2201.1329
 1-4 NB =      1315.4714  1-4 EEL =     15089.6344  VDWAALS    =     36706.1168
 EELEC  =   -348408.3625  EHBOND  =         0.0000  RESTRAINT  =         0.0000
 Ewald error estimate:   0.1778E-04
 ------------------------------------------------------------------------------


 NSTEP =     2900   TIME(PS) =    2547.025  TEMP(K) =   298.77  PRESS =     0.0
 Etot   =   -234217.3909  EKtot   =     54866.6767  EPtot      =   -289084.0676
 BOND   =      1094.4270  ANGLE   =      2902.6083  DIHED      =      2237.7433
 1-4 NB =      1298.3500  1-4 EEL =     15090.5523  VDWAALS    =     36994.0639
 EELEC  =   -348701.8123  EHBOND  =         0.0000  RESTRAINT  =         0.0000
 Ewald error estimate:   0.7776E-05
 ------------------------------------------------------------------------------

check COM velocity, temp:        0.000000     0.00(Removed)

 NSTEP =     3000   TIME(PS) =    2547.175  TEMP(K) =   299.36  PRESS =     0.0
 Etot   =   -234217.9521  EKtot   =     54975.4813  EPtot      =   -289193.4334
 BOND   =      1100.7644  ANGLE   =      2925.1867  DIHED      =      2233.7881
 1-4 NB =      1305.4095  1-4 EEL =     15119.0658  VDWAALS    =     36616.4527
 EELEC  =   -348494.1006  EHBOND  =         0.0000  RESTRAINT  =         0.0000
 Ewald error estimate:   0.2135E-04
 ------------------------------------------------------------------------------


 NSTEP =     3100   TIME(PS) =    2547.325  TEMP(K) =   300.13  PRESS =     0.0
 Etot   =   -234216.1783  EKtot   =     55116.0558  EPtot      =   -289332.2342
 BOND   =      1122.5537  ANGLE   =      2987.0780  DIHED      =      2226.5105
 1-4 NB =      1283.3815  1-4 EEL =     15043.9836  VDWAALS    =     37068.2872
 EELEC  =   -349064.0288  EHBOND  =         0.0000  RESTRAINT  =         0.0000
 Ewald error estimate:   0.9406E-04
 ------------------------------------------------------------------------------


 NSTEP =     3200   TIME(PS) =    2547.475  TEMP(K) =   298.10  PRESS =     0.0
 Etot   =   -234216.6389  EKtot   =     54743.4704  EPtot      =   -288960.1093
 BOND   =      1084.8005  ANGLE   =      2920.6581  DIHED      =      2250.8202
 1-4 NB =      1328.1695  1-4 EEL =     15116.4696  VDWAALS    =     37091.7289
 EELEC  =   -348752.7561  EHBOND  =         0.0000  RESTRAINT  =         0.0000
 Ewald error estimate:   0.4967E-04
 ------------------------------------------------------------------------------

check COM velocity, temp:        0.000000     0.00(Removed)

 NSTEP =     3300   TIME(PS) =    2547.625  TEMP(K) =   299.02  PRESS =     0.0
 Etot   =   -234218.7544  EKtot   =     54911.2689  EPtot      =   -289130.0233
 BOND   =      1126.1095  ANGLE   =      2908.3172  DIHED      =      2239.8170
 1-4 NB =      1304.4866  1-4 EEL =     15087.8790  VDWAALS    =     36788.4694
 EELEC  =   -348585.1020  EHBOND  =         0.0000  RESTRAINT  =         0.0000
 Ewald error estimate:   0.6834E-04
 ------------------------------------------------------------------------------


 NSTEP =     3400   TIME(PS) =    2547.775  TEMP(K) =   298.94  PRESS =     0.0
 Etot   =   -234219.0577  EKtot   =     54897.5003  EPtot      =   -289116.5580
 BOND   =      1073.4713  ANGLE   =      2943.8142  DIHED      =      2253.5241
 1-4 NB =      1306.5131  1-4 EEL =     15006.1411  VDWAALS    =     37114.0649
 EELEC  =   -348814.0867  EHBOND  =         0.0000  RESTRAINT  =         0.0000
 Ewald error estimate:   0.3937E-05
 ------------------------------------------------------------------------------

check COM velocity, temp:        0.000000     0.00(Removed)

 NSTEP =     3500   TIME(PS) =    2547.925  TEMP(K) =   298.74  PRESS =     0.0
 Etot   =   -234217.9980  EKtot   =     54860.3997  EPtot      =   -289078.3977
 BOND   =      1130.8893  ANGLE   =      2905.8721  DIHED      =      2268.7662
 1-4 NB =      1271.7812  1-4 EEL =     15014.7638  VDWAALS    =     36485.2574
 EELEC  =   -348155.7276  EHBOND  =         0.0000  RESTRAINT  =         0.0000
 Ewald error estimate:   0.5700E-04
 ------------------------------------------------------------------------------


 NSTEP =     3600   TIME(PS) =    2548.075  TEMP(K) =   299.26  PRESS =     0.0
 Etot   =   -234218.4360  EKtot   =     54956.2017  EPtot      =   -289174.6377
 BOND   =      1125.5460  ANGLE   =      2974.0372  DIHED      =      2227.5165
 1-4 NB =      1296.4532  1-4 EEL =     15013.4564  VDWAALS    =     36669.5311
 EELEC  =   -348481.1781  EHBOND  =         0.0000  RESTRAINT  =         0.0000
 Ewald error estimate:   0.3457E-05
 ------------------------------------------------------------------------------


 NSTEP =     3700   TIME(PS) =    2548.225  TEMP(K) =   299.33  PRESS =     0.0
 Etot   =   -234222.2287  EKtot   =     54969.8294  EPtot      =   -289192.0581
 BOND   =      1082.9020  ANGLE   =      2924.5692  DIHED      =      2260.0884
 1-4 NB =      1341.6746  1-4 EEL =     15159.7426  VDWAALS    =     36291.8007
 EELEC  =   -348252.8356  EHBOND  =         0.0000  RESTRAINT  =         0.0000
 Ewald error estimate:   0.2625E-04
 ------------------------------------------------------------------------------

check COM velocity, temp:        0.000000     0.00(Removed)

 NSTEP =     3800   TIME(PS) =    2548.375  TEMP(K) =   298.72  PRESS =     0.0
 Etot   =   -234219.4373  EKtot   =     54856.5290  EPtot      =   -289075.9664
 BOND   =      1164.9961  ANGLE   =      2911.4962  DIHED      =      2279.0410
 1-4 NB =      1299.1870  1-4 EEL =     14989.1693  VDWAALS    =     36547.5132
 EELEC  =   -348267.3691  EHBOND  =         0.0000  RESTRAINT  =         0.0000
 Ewald error estimate:   0.2247E-04
 ------------------------------------------------------------------------------


 NSTEP =     3900   TIME(PS) =    2548.525  TEMP(K) =   298.07  PRESS =     0.0
 Etot   =   -234219.8919  EKtot   =     54737.2683  EPtot      =   -288957.1602
 BOND   =      1057.4696  ANGLE   =      2954.7314  DIHED      =      2253.4650
 1-4 NB =      1314.3055  1-4 EEL =     15072.0777  VDWAALS    =     36681.9503
 EELEC  =   -348291.1598  EHBOND  =         0.0000  RESTRAINT  =         0.0000
 Ewald error estimate:   0.1909E-04
 ------------------------------------------------------------------------------

check COM velocity, temp:        0.000000     0.00(Removed)

 NSTEP =     4000   TIME(PS) =    2548.675  TEMP(K) =   299.06  PRESS =     0.0
 Etot   =   -234219.5020  EKtot   =     54920.1666  EPtot      =   -289139.6686
 BOND   =      1109.8570  ANGLE   =      2949.8592  DIHED      =      2253.6003
 1-4 NB =      1315.9015  1-4 EEL =     15108.1169  VDWAALS    =     36594.9284
 EELEC  =   -348471.9319  EHBOND  =         0.0000  RESTRAINT  =         0.0000
 Ewald error estimate:   0.3759E-04
 ------------------------------------------------------------------------------


 NSTEP =     4100   TIME(PS) =    2548.825  TEMP(K) =   298.93  PRESS =     0.0
 Etot   =   -234222.0043  EKtot   =     54895.4140  EPtot      =   -289117.4183
 BOND   =      1102.8025  ANGLE   =      2904.1311  DIHED      =      2236.7053
 1-4 NB =      1312.6465  1-4 EEL =     15108.0560  VDWAALS    =     37144.6148
 EELEC  =   -348926.3744  EHBOND  =         0.0000  RESTRAINT  =         0.0000
 Ewald error estimate:   0.8252E-04
 ------------------------------------------------------------------------------


 NSTEP =     4200   TIME(PS) =    2548.975  TEMP(K) =   298.11  PRESS =     0.0
 Etot   =   -234219.3565  EKtot   =     54744.8878  EPtot      =   -288964.2443
 BOND   =      1189.8928  ANGLE   =      2945.8434  DIHED      =      2261.5156
 1-4 NB =      1297.8269  1-4 EEL =     15032.6121  VDWAALS    =     37134.6999
 EELEC  =   -348826.6350  EHBOND  =         0.0000  RESTRAINT  =         0.0000
 Ewald error estimate:   0.5038E-05
 ------------------------------------------------------------------------------

check COM velocity, temp:        0.000000     0.00(Removed)

 NSTEP =     4300   TIME(PS) =    2549.125  TEMP(K) =   297.02  PRESS =     0.0
 Etot   =   -234215.7034  EKtot   =     54544.4019  EPtot      =   -288760.1053
 BOND   =      1137.1507  ANGLE   =      2987.0215  DIHED      =      2206.6913
 1-4 NB =      1334.3170  1-4 EEL =     15048.7688  VDWAALS    =     36475.7741
 EELEC  =   -347949.8287  EHBOND  =         0.0000  RESTRAINT  =         0.0000
 Ewald error estimate:   0.7759E-04
 ------------------------------------------------------------------------------


 NSTEP =     4400   TIME(PS) =    2549.275  TEMP(K) =   297.75  PRESS =     0.0
 Etot   =   -234219.5718  EKtot   =     54678.2236  EPtot      =   -288897.7954
 BOND   =      1138.9636  ANGLE   =      2949.0182  DIHED      =      2229.6606
 1-4 NB =      1306.7383  1-4 EEL =     15032.4115  VDWAALS    =     36320.5654
 EELEC  =   -347875.1529  EHBOND  =         0.0000  RESTRAINT  =         0.0000
 Ewald error estimate:   0.7962E-05
 ------------------------------------------------------------------------------

check COM velocity, temp:        0.000000     0.00(Removed)

 NSTEP =     4500   TIME(PS) =    2549.425  TEMP(K) =   298.54  PRESS =     0.0
 Etot   =   -234218.7659  EKtot   =     54823.5512  EPtot      =   -289042.3171
 BOND   =      1083.2821  ANGLE   =      3020.5749  DIHED      =      2199.2913
 1-4 NB =      1307.1929  1-4 EEL =     15015.4320  VDWAALS    =     36537.1545
 EELEC  =   -348205.2448  EHBOND  =         0.0000  RESTRAINT  =         0.0000
 Ewald error estimate:   0.4920E-04
 ------------------------------------------------------------------------------


 NSTEP =     4600   TIME(PS) =    2549.575  TEMP(K) =   299.70  PRESS =     0.0
 Etot   =   -234218.4407  EKtot   =     55037.4708  EPtot      =   -289255.9115
 BOND   =      1151.8552  ANGLE   =      2970.9026  DIHED      =      2237.6152
 1-4 NB =      1301.5967  1-4 EEL =     15065.4700  VDWAALS    =     37034.7899
 EELEC  =   -349018.1411  EHBOND  =         0.0000  RESTRAINT  =         0.0000
 Ewald error estimate:   0.8166E-04
 ------------------------------------------------------------------------------


 NSTEP =     4700   TIME(PS) =    2549.725  TEMP(K) =   298.87  PRESS =     0.0
 Etot   =   -234217.4178  EKtot   =     54883.7833  EPtot      =   -289101.2011
 BOND   =      1187.9243  ANGLE   =      2955.0012  DIHED      =      2244.7613
 1-4 NB =      1287.2051  1-4 EEL =     15031.4789  VDWAALS    =     36899.5191
 EELEC  =   -348707.0908  EHBOND  =         0.0000  RESTRAINT  =         0.0000
 Ewald error estimate:   0.6783E-04
 ------------------------------------------------------------------------------

check COM velocity, temp:        0.000000     0.00(Removed)

 NSTEP =     4800   TIME(PS) =    2549.875  TEMP(K) =   298.95  PRESS =     0.0
 Etot   =   -234217.4475  EKtot   =     54899.6168  EPtot      =   -289117.0643
 BOND   =      1149.6589  ANGLE   =      2932.9975  DIHED      =      2254.6963
 1-4 NB =      1287.4437  1-4 EEL =     14999.0524  VDWAALS    =     37116.0396
 EELEC  =   -348856.9527  EHBOND  =         0.0000  RESTRAINT  =         0.0000
 Ewald error estimate:   0.9705E-04
 ------------------------------------------------------------------------------


 NSTEP =     4900   TIME(PS) =    2550.025  TEMP(K) =   297.79  PRESS =     0.0
 Etot   =   -234216.7444  EKtot   =     54685.5296  EPtot      =   -288902.2740
 BOND   =      1137.4171  ANGLE   =      2979.0956  DIHED      =      2264.7995
 1-4 NB =      1306.4560  1-4 EEL =     15032.5497  VDWAALS    =     36474.4545
 EELEC  =   -348097.0464  EHBOND  =         0.0000  RESTRAINT  =         0.0000
 Ewald error estimate:   0.3338E-04
 ------------------------------------------------------------------------------

check COM velocity, temp:        0.000000     0.00(Removed)

 NSTEP =     5000   TIME(PS) =    2550.175  TEMP(K) =   297.82  PRESS =     0.0
 Etot   =   -234217.0241  EKtot   =     54692.1562  EPtot      =   -288909.1803
 BOND   =      1155.3783  ANGLE   =      2942.4067  DIHED      =      2254.0117
 1-4 NB =      1288.5997  1-4 EEL =     15031.9209  VDWAALS    =     36756.1981
 EELEC  =   -348337.6958  EHBOND  =         0.0000  RESTRAINT  =         0.0000
 Ewald error estimate:   0.7846E-04
 ------------------------------------------------------------------------------


 NSTEP =     5100   TIME(PS) =    2550.325  TEMP(K) =   298.68  PRESS =     0.0
 Etot   =   -234219.1453  EKtot   =     54849.5587  EPtot      =   -289068.7040
 BOND   =      1160.8620  ANGLE   =      2927.0242  DIHED      =      2234.2890
 1-4 NB =      1287.7150  1-4 EEL =     15049.9917  VDWAALS    =     36637.9826
 EELEC  =   -348366.5684  EHBOND  =         0.0000  RESTRAINT  =         0.0000
 Ewald error estimate:   0.6464E-04
 ------------------------------------------------------------------------------


 NSTEP =     5200   TIME(PS) =    2550.475  TEMP(K) =   299.06  PRESS =     0.0
 Etot   =   -234220.0944  EKtot   =     54918.7360  EPtot      =   -289138.8304
 BOND   =      1136.4200  ANGLE   =      2927.4380  DIHED      =      2249.1004
 1-4 NB =      1312.1800  1-4 EEL =     14993.6277  VDWAALS    =     36209.3023
 EELEC  =   -347966.8988  EHBOND  =         0.0000  RESTRAINT  =         0.0000
 Ewald error estimate:   0.6367E-04
 ------------------------------------------------------------------------------

check COM velocity, temp:        0.000000     0.00(Removed)

 NSTEP =     5300   TIME(PS) =    2550.625  TEMP(K) =   298.54  PRESS =     0.0
 Etot   =   -234219.3158  EKtot   =     54823.2418  EPtot      =   -289042.5575
 BOND   =      1137.3869  ANGLE   =      2930.3881  DIHED      =      2243.8698
 1-4 NB =      1303.4451  1-4 EEL =     15117.1695  VDWAALS    =     36368.6347
 EELEC  =   -348143.4516  EHBOND  =         0.0000  RESTRAINT  =         0.0000
 Ewald error estimate:   0.3537E-04
 ------------------------------------------------------------------------------


 NSTEP =     5400   TIME(PS) =    2550.775  TEMP(K) =   298.34  PRESS =     0.0
 Etot   =   -234218.4852  EKtot   =     54787.5172  EPtot      =   -289006.0024
 BOND   =      1132.6522  ANGLE   =      2943.0371  DIHED      =      2262.3074
 1-4 NB =      1286.8444  1-4 EEL =     15081.8254  VDWAALS    =     36308.0767
 EELEC  =   -348020.7456  EHBOND  =         0.0000  RESTRAINT  =         0.0000
 Ewald error estimate:   0.2986E-04
 ------------------------------------------------------------------------------

check COM velocity, temp:        0.000000     0.00(Removed)

 NSTEP =     5500   TIME(PS) =    2550.925  TEMP(K) =   299.59  PRESS =     0.0
 Etot   =   -234218.7093  EKtot   =     55016.7272  EPtot      =   -289235.4364
 BOND   =      1135.1658  ANGLE   =      2933.7778  DIHED      =      2228.8334
 1-4 NB =      1319.6646  1-4 EEL =     15067.9881  VDWAALS    =     37221.9744
 EELEC  =   -349142.8406  EHBOND  =         0.0000  RESTRAINT  =         0.0000
 Ewald error estimate:   0.4231E-06
 ------------------------------------------------------------------------------


 NSTEP =     5600   TIME(PS) =    2551.075  TEMP(K) =   298.62  PRESS =     0.0
 Etot   =   -234221.8268  EKtot   =     54839.3324  EPtot      =   -289061.1592
 BOND   =      1121.4374  ANGLE   =      2953.1860  DIHED      =      2292.5040
 1-4 NB =      1299.2170  1-4 EEL =     15100.9741  VDWAALS    =     37028.0671
 EELEC  =   -348856.5447  EHBOND  =         0.0000  RESTRAINT  =         0.0000
 Ewald error estimate:   0.9137E-04
 ------------------------------------------------------------------------------


 NSTEP =     5700   TIME(PS) =    2551.225  TEMP(K) =   298.79  PRESS =     0.0
 Etot   =   -234221.3701  EKtot   =     54870.5174  EPtot      =   -289091.8875
 BOND   =      1116.0244  ANGLE   =      2901.2468  DIHED      =      2280.1987
 1-4 NB =      1302.6931  1-4 EEL =     15055.7434  VDWAALS    =     36710.7768
 EELEC  =   -348458.5707  EHBOND  =         0.0000  RESTRAINT  =         0.0000
 Ewald error estimate:   0.8696E-04
 ------------------------------------------------------------------------------

check COM velocity, temp:        0.000000     0.00(Removed)

 NSTEP =     5800   TIME(PS) =    2551.375  TEMP(K) =   299.34  PRESS =     0.0
 Etot   =   -234222.5861  EKtot   =     54970.3722  EPtot      =   -289192.9583
 BOND   =      1110.9616  ANGLE   =      2904.6953  DIHED      =      2260.6955
 1-4 NB =      1294.6787  1-4 EEL =     15052.1393  VDWAALS    =     37044.3571
 EELEC  =   -348860.4858  EHBOND  =         0.0000  RESTRAINT  =         0.0000
 Ewald error estimate:   0.2535E-04
 ------------------------------------------------------------------------------


 NSTEP =     5900   TIME(PS) =    2551.525  TEMP(K) =   298.39  PRESS =     0.0
 Etot   =   -234222.3660  EKtot   =     54795.8345  EPtot      =   -289018.2005
 BOND   =      1086.9836  ANGLE   =      2872.9224  DIHED      =      2262.3260
 1-4 NB =      1325.6647  1-4 EEL =     15083.4967  VDWAALS    =     36500.8036
 EELEC  =   -348150.3975  EHBOND  =         0.0000  RESTRAINT  =         0.0000
 Ewald error estimate:   0.7619E-06
 ------------------------------------------------------------------------------

check COM velocity, temp:        0.000000     0.00(Removed)

 NSTEP =     6000   TIME(PS) =    2551.675  TEMP(K) =   298.49  PRESS =     0.0
 Etot   =   -234217.2515  EKtot   =     54814.8036  EPtot      =   -289032.0551
 BOND   =      1169.6362  ANGLE   =      2880.4642  DIHED      =      2284.3967
 1-4 NB =      1318.3836  1-4 EEL =     15063.6572  VDWAALS    =     36728.1801
 EELEC  =   -348476.7732  EHBOND  =         0.0000  RESTRAINT  =         0.0000
 Ewald error estimate:   0.6597E-04
 ------------------------------------------------------------------------------


 NSTEP =     6100   TIME(PS) =    2551.825  TEMP(K) =   299.25  PRESS =     0.0
 Etot   =   -234221.0918  EKtot   =     54953.7345  EPtot      =   -289174.8263
 BOND   =      1123.7151  ANGLE   =      2888.1352  DIHED      =      2285.6828
 1-4 NB =      1338.4655  1-4 EEL =     15144.4670  VDWAALS    =     37139.3140
 EELEC  =   -349094.6059  EHBOND  =         0.0000  RESTRAINT  =         0.0000
 Ewald error estimate:   0.1018E-04
 ------------------------------------------------------------------------------


 NSTEP =     6200   TIME(PS) =    2551.975  TEMP(K) =   297.52  PRESS =     0.0
 Etot   =   -234220.6496  EKtot   =     54636.0184  EPtot      =   -288856.6680
 BOND   =      1115.5158  ANGLE   =      2909.2109  DIHED      =      2251.2100
 1-4 NB =      1321.7921  1-4 EEL =     15114.2834  VDWAALS    =     36881.3678
 EELEC  =   -348450.0480  EHBOND  =         0.0000  RESTRAINT  =         0.0000
 Ewald error estimate:   0.2334E-04
 ------------------------------------------------------------------------------

check COM velocity, temp:        0.000000     0.00(Removed)

 NSTEP =     6300   TIME(PS) =    2552.125  TEMP(K) =   298.35  PRESS =     0.0
 Etot   =   -234221.3827  EKtot   =     54788.2984  EPtot      =   -289009.6811
 BOND   =      1071.4494  ANGLE   =      2920.9368  DIHED      =      2286.2002
 1-4 NB =      1323.9363  1-4 EEL =     15077.4344  VDWAALS    =     36784.1639
 EELEC  =   -348473.8022  EHBOND  =         0.0000  RESTRAINT  =         0.0000
 Ewald error estimate:   0.4343E-05
 ------------------------------------------------------------------------------


 NSTEP =     6400   TIME(PS) =    2552.275  TEMP(K) =   298.82  PRESS =     0.0
 Etot   =   -234220.6770  EKtot   =     54875.4369  EPtot      =   -289096.1139
 BOND   =      1151.1497  ANGLE   =      2982.6124  DIHED      =      2277.0610
 1-4 NB =      1293.3280  1-4 EEL =     15031.5821  VDWAALS    =     37011.2181
 EELEC  =   -348843.0651  EHBOND  =         0.0000  RESTRAINT  =         0.0000
 Ewald error estimate:   0.9264E-05
 ------------------------------------------------------------------------------

check COM velocity, temp:        0.000000     0.00(Removed)

 NSTEP =     6500   TIME(PS) =    2552.425  TEMP(K) =   299.90  PRESS =     0.0
 Etot   =   -234223.6416  EKtot   =     55073.5953  EPtot      =   -289297.2369
 BOND   =      1072.7328  ANGLE   =      2890.1100  DIHED      =      2238.5550
 1-4 NB =      1324.9485  1-4 EEL =     15107.9122  VDWAALS    =     36762.3660
 EELEC  =   -348693.8615  EHBOND  =         0.0000  RESTRAINT  =         0.0000
 Ewald error estimate:   0.9082E-05
 ------------------------------------------------------------------------------


 NSTEP =     6600   TIME(PS) =    2552.575  TEMP(K) =   297.60  PRESS =     0.0
 Etot   =   -234215.8622  EKtot   =     54650.9899  EPtot      =   -288866.8521
 BOND   =      1134.2463  ANGLE   =      2941.8349  DIHED      =      2262.9106
 1-4 NB =      1305.9263  1-4 EEL =     15053.9220  VDWAALS    =     36401.0992
 EELEC  =   -347966.7913  EHBOND  =         0.0000  RESTRAINT  =         0.0000
 Ewald error estimate:   0.1082E-03
 ------------------------------------------------------------------------------


 NSTEP =     6700   TIME(PS) =    2552.725  TEMP(K) =   297.69  PRESS =     0.0
 Etot   =   -234219.0292  EKtot   =     54668.0183  EPtot      =   -288887.0475
 BOND   =      1128.2342  ANGLE   =      2912.0118  DIHED      =      2233.9291
 1-4 NB =      1307.2593  1-4 EEL =     15087.2577  VDWAALS    =     36689.8210
 EELEC  =   -348245.5605  EHBOND  =         0.0000  RESTRAINT  =         0.0000
 Ewald error estimate:   0.9955E-05
 ------------------------------------------------------------------------------

check COM velocity, temp:        0.000000     0.00(Removed)

 NSTEP =     6800   TIME(PS) =    2552.875  TEMP(K) =   295.94  PRESS =     0.0
 Etot   =   -234216.1216  EKtot   =     54346.1509  EPtot      =   -288562.2725
 BOND   =      1139.1780  ANGLE   =      2880.9957  DIHED      =      2253.2198
 1-4 NB =      1312.1553  1-4 EEL =     15142.6462  VDWAALS    =     37029.1055
 EELEC  =   -348319.5731  EHBOND  =         0.0000  RESTRAINT  =         0.0000
 Ewald error estimate:   0.1678E-04
 ------------------------------------------------------------------------------


 NSTEP =     6900   TIME(PS) =    2553.025  TEMP(K) =   297.33  PRESS =     0.0
 Etot   =   -234215.1037  EKtot   =     54601.0511  EPtot      =   -288816.1548
 BOND   =      1101.9041  ANGLE   =      2953.5357  DIHED      =      2245.9247
 1-4 NB =      1311.2105  1-4 EEL =     15147.8125  VDWAALS    =     36815.0828
 EELEC  =   -348391.6251  EHBOND  =         0.0000  RESTRAINT  =         0.0000
 Ewald error estimate:   0.9080E-04
 ------------------------------------------------------------------------------

check COM velocity, temp:        0.000000     0.00(Removed)

 NSTEP =     7000   TIME(PS) =    2553.175  TEMP(K) =   299.09  PRESS =     0.0
 Etot   =   -234218.8360  EKtot   =     54924.7524  EPtot      =   -289143.5885
 BOND   =      1086.9656  ANGLE   =      2948.9388  DIHED      =      2180.8172
 1-4 NB =      1302.3494  1-4 EEL =     15119.1000  VDWAALS    =     36732.2540
 EELEC  =   -348514.0134  EHBOND  =         0.0000  RESTRAINT  =         0.0000
 Ewald error estimate:   0.2834E-04
 ------------------------------------------------------------------------------


 NSTEP =     7100   TIME(PS) =    2553.325  TEMP(K) =   297.53  PRESS =     0.0
 Etot   =   -234218.8256  EKtot   =     54637.9832  EPtot      =   -288856.8088
 BOND   =      1120.9625  ANGLE   =      2901.5630  DIHED      =      2216.0340
 1-4 NB =      1317.8709  1-4 EEL =     15119.1891  VDWAALS    =     36702.8457
 EELEC  =   -348235.2739  EHBOND  =         0.0000  RESTRAINT  =         0.0000
 Ewald error estimate:   0.4374E-04
 ------------------------------------------------------------------------------


 NSTEP =     7200   TIME(PS) =    2553.475  TEMP(K) =   298.62  PRESS =     0.0
 Etot   =   -234220.4140  EKtot   =     54837.8777  EPtot      =   -289058.2917
 BOND   =      1123.6993  ANGLE   =      2933.5169  DIHED      =      2246.5541
 1-4 NB =      1326.4785  1-4 EEL =     15095.9841  VDWAALS    =     36433.3252
 EELEC  =   -348217.8497  EHBOND  =         0.0000  RESTRAINT  =         0.0000
 Ewald error estimate:   0.6741E-04
 ------------------------------------------------------------------------------

check COM velocity, temp:        0.000000     0.00(Removed)

 NSTEP =     7300   TIME(PS) =    2553.625  TEMP(K) =   298.62  PRESS =     0.0
 Etot   =   -234217.6667  EKtot   =     54839.2256  EPtot      =   -289056.8923
 BOND   =      1139.2090  ANGLE   =      2985.9311  DIHED      =      2211.4331
 1-4 NB =      1297.9286  1-4 EEL =     15066.7950  VDWAALS    =     37142.9326
 EELEC  =   -348901.1216  EHBOND  =         0.0000  RESTRAINT  =         0.0000
 Ewald error estimate:   0.6248E-04
 ------------------------------------------------------------------------------


 NSTEP =     7400   TIME(PS) =    2553.775  TEMP(K) =   299.17  PRESS =     0.0
 Etot   =   -234216.8972  EKtot   =     54939.7718  EPtot      =   -289156.6689
 BOND   =      1108.4132  ANGLE   =      2967.0311  DIHED      =      2228.1343
 1-4 NB =      1334.7314  1-4 EEL =     15114.8376  VDWAALS    =     36904.4076
 EELEC  =   -348814.2242  EHBOND  =         0.0000  RESTRAINT  =         0.0000
 Ewald error estimate:   0.8965E-04
 ------------------------------------------------------------------------------

check COM velocity, temp:        0.000000     0.00(Removed)

 NSTEP =     7500   TIME(PS) =    2553.925  TEMP(K) =   296.92  PRESS =     0.0
 Etot   =   -234217.3193  EKtot   =     54526.5401  EPtot      =   -288743.8594
 BOND   =      1128.4895  ANGLE   =      2931.4698  DIHED      =      2214.8552
 1-4 NB =      1324.3915  1-4 EEL =     15030.6500  VDWAALS    =     36990.5702
 EELEC  =   -348364.2856  EHBOND  =         0.0000  RESTRAINT  =         0.0000
 Ewald error estimate:   0.3294E-05
 ------------------------------------------------------------------------------


 NSTEP =     7600   TIME(PS) =    2554.075  TEMP(K) =   300.16  PRESS =     0.0
 Etot   =   -234218.2932  EKtot   =     55121.7576  EPtot      =   -289340.0508
 BOND   =      1138.9809  ANGLE   =      2959.0019  DIHED      =      2208.9402
 1-4 NB =      1287.7383  1-4 EEL =     15093.3488  VDWAALS    =     37098.3695
 EELEC  =   -349126.4304  EHBOND  =         0.0000  RESTRAINT  =         0.0000
 Ewald error estimate:   0.5838E-04
 ------------------------------------------------------------------------------


 NSTEP =     7700   TIME(PS) =    2554.225  TEMP(K) =   298.63  PRESS =     0.0
 Etot   =   -234217.9013  EKtot   =     54840.3778  EPtot      =   -289058.2791
 BOND   =      1108.1541  ANGLE   =      2925.5564  DIHED      =      2241.0861
 1-4 NB =      1292.2550  1-4 EEL =     15111.2154  VDWAALS    =     37025.6942
 EELEC  =   -348762.2405  EHBOND  =         0.0000  RESTRAINT  =         0.0000
 Ewald error estimate:   0.4950E-04
 ------------------------------------------------------------------------------

check COM velocity, temp:        0.000000     0.00(Removed)

 NSTEP =     7800   TIME(PS) =    2554.375  TEMP(K) =   298.27  PRESS =     0.0
 Etot   =   -234218.2703  EKtot   =     54773.5523  EPtot      =   -288991.8227
 BOND   =      1096.2308  ANGLE   =      2888.8869  DIHED      =      2252.0120
 1-4 NB =      1339.2961  1-4 EEL =     15106.6827  VDWAALS    =     36418.9306
 EELEC  =   -348093.8618  EHBOND  =         0.0000  RESTRAINT  =         0.0000
 Ewald error estimate:   0.8970E-04
 ------------------------------------------------------------------------------


 NSTEP =     7900   TIME(PS) =    2554.525  TEMP(K) =   298.13  PRESS =     0.0
 Etot   =   -234217.4567  EKtot   =     54748.4083  EPtot      =   -288965.8650
 BOND   =      1093.7217  ANGLE   =      2938.2069  DIHED      =      2242.6143
 1-4 NB =      1304.2124  1-4 EEL =     15131.0878  VDWAALS    =     36718.3862
 EELEC  =   -348394.0942  EHBOND  =         0.0000  RESTRAINT  =         0.0000
 Ewald error estimate:   0.2266E-04
 ------------------------------------------------------------------------------

check COM velocity, temp:        0.000000     0.00(Removed)

 NSTEP =     8000   TIME(PS) =    2554.675  TEMP(K) =   297.94  PRESS =     0.0
 Etot   =   -234216.1771  EKtot   =     54712.9134  EPtot      =   -288929.0905
 BOND   =      1146.7183  ANGLE   =      2907.7097  DIHED      =      2243.2074
 1-4 NB =      1292.4206  1-4 EEL =     15163.7003  VDWAALS    =     36923.8173
 EELEC  =   -348606.6641  EHBOND  =         0.0000  RESTRAINT  =         0.0000
 Ewald error estimate:   0.1300E-03
 ------------------------------------------------------------------------------


 NSTEP =     8100   TIME(PS) =    2554.825  TEMP(K) =   299.31  PRESS =     0.0
 Etot   =   -234218.4825  EKtot   =     54966.2359  EPtot      =   -289184.7184
 BOND   =      1158.3712  ANGLE   =      2883.9632  DIHED      =      2234.1113
 1-4 NB =      1302.9420  1-4 EEL =     15077.2968  VDWAALS    =     36921.4467
 EELEC  =   -348762.8496  EHBOND  =         0.0000  RESTRAINT  =         0.0000
 Ewald error estimate:   0.1007E-03
 ------------------------------------------------------------------------------


 NSTEP =     8200   TIME(PS) =    2554.975  TEMP(K) =   297.64  PRESS =     0.0
 Etot   =   -234218.0385  EKtot   =     54658.0395  EPtot      =   -288876.0781
 BOND   =      1120.0818  ANGLE   =      2920.3662  DIHED      =      2234.0764
 1-4 NB =      1306.7948  1-4 EEL =     15141.7719  VDWAALS    =     36800.7016
 EELEC  =   -348399.8709  EHBOND  =         0.0000  RESTRAINT  =         0.0000
 Ewald error estimate:   0.4126E-04
 ------------------------------------------------------------------------------

check COM velocity, temp:        0.000000     0.00(Removed)

 NSTEP =     8300   TIME(PS) =    2555.125  TEMP(K) =   298.85  PRESS =     0.0
 Etot   =   -234220.2110  EKtot   =     54880.0934  EPtot      =   -289100.3045
 BOND   =      1087.1959  ANGLE   =      2927.1500  DIHED      =      2221.8016
 1-4 NB =      1341.9372  1-4 EEL =     15100.0296  VDWAALS    =     36727.6647
 EELEC  =   -348506.0834  EHBOND  =         0.0000  RESTRAINT  =         0.0000
 Ewald error estimate:   0.4601E-04
 ------------------------------------------------------------------------------


 NSTEP =     8400   TIME(PS) =    2555.275  TEMP(K) =   299.81  PRESS =     0.0
 Etot   =   -234221.2511  EKtot   =     55057.3556  EPtot      =   -289278.6067
 BOND   =      1095.7783  ANGLE   =      2916.8661  DIHED      =      2232.9461
 1-4 NB =      1321.7851  1-4 EEL =     15053.7928  VDWAALS    =     36299.5228
 EELEC  =   -348199.2980  EHBOND  =         0.0000  RESTRAINT  =         0.0000
 Ewald error estimate:   0.1325E-04
 ------------------------------------------------------------------------------

check COM velocity, temp:        0.000000     0.00(Removed)

 NSTEP =     8500   TIME(PS) =    2555.425  TEMP(K) =   298.56  PRESS =     0.0
 Etot   =   -234219.5476  EKtot   =     54827.1844  EPtot      =   -289046.7320
 BOND   =      1159.0274  ANGLE   =      2957.9520  DIHED      =      2242.3292
 1-4 NB =      1304.5952  1-4 EEL =     15043.3018  VDWAALS    =     36783.1922
 EELEC  =   -348537.1298  EHBOND  =         0.0000  RESTRAINT  =         0.0000
 Ewald error estimate:   0.2912E-04
 ------------------------------------------------------------------------------


 NSTEP =     8600   TIME(PS) =    2555.575  TEMP(K) =   299.50  PRESS =     0.0
 Etot   =   -234220.6880  EKtot   =     54999.7156  EPtot      =   -289220.4036
 BOND   =      1139.0470  ANGLE   =      2871.8080  DIHED      =      2232.8955
 1-4 NB =      1305.2917  1-4 EEL =     15105.4278  VDWAALS    =     36945.7050
 EELEC  =   -348820.5787  EHBOND  =         0.0000  RESTRAINT  =         0.0000
 Ewald error estimate:   0.1259E-04
 ------------------------------------------------------------------------------


 NSTEP =     8700   TIME(PS) =    2555.725  TEMP(K) =   299.44  PRESS =     0.0
 Etot   =   -234217.9742  EKtot   =     54989.3178  EPtot      =   -289207.2920
 BOND   =      1147.8545  ANGLE   =      2918.2724  DIHED      =      2262.0219
 1-4 NB =      1319.6430  1-4 EEL =     15096.8844  VDWAALS    =     36352.2423
 EELEC  =   -348304.2104  EHBOND  =         0.0000  RESTRAINT  =         0.0000
 Ewald error estimate:   0.1846E-04
 ------------------------------------------------------------------------------

check COM velocity, temp:        0.000000     0.00(Removed)

 NSTEP =     8800   TIME(PS) =    2555.875  TEMP(K) =   298.98  PRESS =     0.0
 Etot   =   -234220.5065  EKtot   =     54903.8933  EPtot      =   -289124.3998
 BOND   =      1099.7143  ANGLE   =      2956.5005  DIHED      =      2222.2300
 1-4 NB =      1290.9420  1-4 EEL =     15123.2034  VDWAALS    =     37036.7461
 EELEC  =   -348853.7361  EHBOND  =         0.0000  RESTRAINT  =         0.0000
 Ewald error estimate:   0.3210E-04
 ------------------------------------------------------------------------------


 NSTEP =     8900   TIME(PS) =    2556.025  TEMP(K) =   297.72  PRESS =     0.0
 Etot   =   -234217.3958  EKtot   =     54674.0882  EPtot      =   -288891.4841
 BOND   =      1163.5058  ANGLE   =      2898.3055  DIHED      =      2273.4129
 1-4 NB =      1318.6406  1-4 EEL =     15115.4659  VDWAALS    =     36793.9789
 EELEC  =   -348454.7936  EHBOND  =         0.0000  RESTRAINT  =         0.0000
 Ewald error estimate:   0.6015E-04
 ------------------------------------------------------------------------------

check COM velocity, temp:        0.000000     0.00(Removed)

 NSTEP =     9000   TIME(PS) =    2556.175  TEMP(K) =   297.81  PRESS =     0.0
 Etot   =   -234218.5046  EKtot   =     54689.8438  EPtot      =   -288908.3484
 BOND   =      1139.0468  ANGLE   =      2946.8871  DIHED      =      2222.0860
 1-4 NB =      1305.9326  1-4 EEL =     15091.9852  VDWAALS    =     36654.6033
 EELEC  =   -348268.8895  EHBOND  =         0.0000  RESTRAINT  =         0.0000
 Ewald error estimate:   0.1053E-03
 ------------------------------------------------------------------------------


 NSTEP =     9100   TIME(PS) =    2556.325  TEMP(K) =   298.12  PRESS =     0.0
 Etot   =   -234219.5601  EKtot   =     54746.0235  EPtot      =   -288965.5836
 BOND   =      1076.4705  ANGLE   =      2965.4676  DIHED      =      2227.3361
 1-4 NB =      1311.1227  1-4 EEL =     15094.0482  VDWAALS    =     36237.7288
 EELEC  =   -347877.7576  EHBOND  =         0.0000  RESTRAINT  =         0.0000
 Ewald error estimate:   0.3949E-04
 ------------------------------------------------------------------------------


 NSTEP =     9200   TIME(PS) =    2556.475  TEMP(K) =   298.28  PRESS =     0.0
 Etot   =   -234219.2180  EKtot   =     54775.6395  EPtot      =   -288994.8574
 BOND   =      1092.4242  ANGLE   =      2912.5565  DIHED      =      2223.9682
 1-4 NB =      1345.7623  1-4 EEL =     15113.2094  VDWAALS    =     36591.9041
 EELEC  =   -348274.6822  EHBOND  =         0.0000  RESTRAINT  =         0.0000
 Ewald error estimate:   0.4790E-04
 ------------------------------------------------------------------------------

check COM velocity, temp:        0.000000     0.00(Removed)

 NSTEP =     9300   TIME(PS) =    2556.625  TEMP(K) =   299.36  PRESS =     0.0
 Etot   =   -234216.5338  EKtot   =     54975.0571  EPtot      =   -289191.5910
 BOND   =      1157.4984  ANGLE   =      2946.6499  DIHED      =      2224.9386
 1-4 NB =      1310.9581  1-4 EEL =     15062.9122  VDWAALS    =     36910.2522
 EELEC  =   -348804.8004  EHBOND  =         0.0000  RESTRAINT  =         0.0000
 Ewald error estimate:   0.7869E-04
 ------------------------------------------------------------------------------


 NSTEP =     9400   TIME(PS) =    2556.775  TEMP(K) =   299.68  PRESS =     0.0
 Etot   =   -234218.5722  EKtot   =     55032.5174  EPtot      =   -289251.0896
 BOND   =      1144.7653  ANGLE   =      2916.6549  DIHED      =      2219.1694
 1-4 NB =      1324.0928  1-4 EEL =     15036.4065  VDWAALS    =     36874.5581
 EELEC  =   -348766.7368  EHBOND  =         0.0000  RESTRAINT  =         0.0000
 Ewald error estimate:   0.7280E-04
 ------------------------------------------------------------------------------

check COM velocity, temp:        0.000000     0.00(Removed)

 NSTEP =     9500   TIME(PS) =    2556.925  TEMP(K) =   298.98  PRESS =     0.0
 Etot   =   -234215.4292  EKtot   =     54905.2506  EPtot      =   -289120.6797
 BOND   =      1107.0768  ANGLE   =      3002.3296  DIHED      =      2209.0856
 1-4 NB =      1319.7686  1-4 EEL =     15118.8981  VDWAALS    =     36708.7691
 EELEC  =   -348586.6076  EHBOND  =         0.0000  RESTRAINT  =         0.0000
 Ewald error estimate:   0.1044E-03
 ------------------------------------------------------------------------------


 NSTEP =     9600   TIME(PS) =    2557.075  TEMP(K) =   298.75  PRESS =     0.0
 Etot   =   -234215.5968  EKtot   =     54862.0103  EPtot      =   -289077.6072
 BOND   =      1132.0818  ANGLE   =      2966.1736  DIHED      =      2235.7111
 1-4 NB =      1319.7997  1-4 EEL =     15103.6499  VDWAALS    =     36492.5326
 EELEC  =   -348327.5560  EHBOND  =         0.0000  RESTRAINT  =         0.0000
 Ewald error estimate:   0.7002E-04
 ------------------------------------------------------------------------------


 NSTEP =     9700   TIME(PS) =    2557.225  TEMP(K) =   296.57  PRESS =     0.0
 Etot   =   -234216.6340  EKtot   =     54462.6798  EPtot      =   -288679.3138
 BOND   =      1104.4732  ANGLE   =      2917.0459  DIHED      =      2256.0688
 1-4 NB =      1315.7837  1-4 EEL =     15117.3456  VDWAALS    =     36665.4070
 EELEC  =   -348055.4380  EHBOND  =         0.0000  RESTRAINT  =         0.0000
 Ewald error estimate:   0.2021E-04
 ------------------------------------------------------------------------------

check COM velocity, temp:        0.000000     0.00(Removed)

 NSTEP =     9800   TIME(PS) =    2557.375  TEMP(K) =   297.45  PRESS =     0.0
 Etot   =   -234215.1120  EKtot   =     54623.3203  EPtot      =   -288838.4323
 BOND   =      1211.8346  ANGLE   =      2914.0480  DIHED      =      2223.5120
 1-4 NB =      1289.5196  1-4 EEL =     15082.3513  VDWAALS    =     36415.4305
 EELEC  =   -347975.1284  EHBOND  =         0.0000  RESTRAINT  =         0.0000
 Ewald error estimate:   0.5561E-04
 ------------------------------------------------------------------------------


 NSTEP =     9900   TIME(PS) =    2557.525  TEMP(K) =   298.36  PRESS =     0.0
 Etot   =   -234218.8105  EKtot   =     54790.8908  EPtot      =   -289009.7013
 BOND   =      1119.9842  ANGLE   =      2876.8313  DIHED      =      2262.9316
 1-4 NB =      1277.6483  1-4 EEL =     15027.3709  VDWAALS    =     36482.6518
 EELEC  =   -348057.1194  EHBOND  =         0.0000  RESTRAINT  =         0.0000
 Ewald error estimate:   0.2502E-05
 ------------------------------------------------------------------------------

check COM velocity, temp:        0.000000     0.00(Removed)

 NSTEP =    10000   TIME(PS) =    2557.675  TEMP(K) =   299.14  PRESS =     0.0
 Etot   =   -234219.2305  EKtot   =     54933.7272  EPtot      =   -289152.9577
 BOND   =      1097.0664  ANGLE   =      2915.3587  DIHED      =      2254.4114
 1-4 NB =      1323.4709  1-4 EEL =     15123.9714  VDWAALS    =     37064.0607
 EELEC  =   -348931.2972  EHBOND  =         0.0000  RESTRAINT  =         0.0000
 Ewald error estimate:   0.5806E-05
 ------------------------------------------------------------------------------


 NSTEP =    10100   TIME(PS) =    2557.825  TEMP(K) =   297.64  PRESS =     0.0
 Etot   =   -234219.3086  EKtot   =     54658.2565  EPtot      =   -288877.5652
 BOND   =      1144.8382  ANGLE   =      2906.5560  DIHED      =      2258.4777
 1-4 NB =      1297.6173  1-4 EEL =     15085.2309  VDWAALS    =     36910.9313
 EELEC  =   -348481.2167  EHBOND  =         0.0000  RESTRAINT  =         0.0000
 Ewald error estimate:   0.9253E-05
 ------------------------------------------------------------------------------


 NSTEP =    10200   TIME(PS) =    2557.975  TEMP(K) =   299.40  PRESS =     0.0
 Etot   =   -234218.0894  EKtot   =     54982.4445  EPtot      =   -289200.5338
 BOND   =      1057.3159  ANGLE   =      2924.5976  DIHED      =      2265.3341
 1-4 NB =      1305.1010  1-4 EEL =     15079.2741  VDWAALS    =     37021.7856
 EELEC  =   -348853.9422  EHBOND  =         0.0000  RESTRAINT  =         0.0000
 Ewald error estimate:   0.8134E-04
 ------------------------------------------------------------------------------

check COM velocity, temp:        0.000000     0.00(Removed)

 NSTEP =    10300   TIME(PS) =    2558.125  TEMP(K) =   298.41  PRESS =     0.0
 Etot   =   -234216.2363  EKtot   =     54800.3260  EPtot      =   -289016.5623
 BOND   =      1108.1158  ANGLE   =      2936.5816  DIHED      =      2231.8935
 1-4 NB =      1309.3667  1-4 EEL =     15044.1603  VDWAALS    =     36754.9416
 EELEC  =   -348401.6218  EHBOND  =         0.0000  RESTRAINT  =         0.0000
 Ewald error estimate:   0.5735E-04
 ------------------------------------------------------------------------------


 NSTEP =    10400   TIME(PS) =    2558.275  TEMP(K) =   299.50  PRESS =     0.0
 Etot   =   -234220.5395  EKtot   =     54999.6710  EPtot      =   -289220.2104
 BOND   =      1077.8398  ANGLE   =      2970.3904  DIHED      =      2237.8210
 1-4 NB =      1301.3789  1-4 EEL =     15024.0987  VDWAALS    =     36862.5051
 EELEC  =   -348694.2444  EHBOND  =         0.0000  RESTRAINT  =         0.0000
 Ewald error estimate:   0.7068E-04
 ------------------------------------------------------------------------------

check COM velocity, temp:        0.000000     0.00(Removed)

 NSTEP =    10500   TIME(PS) =    2558.425  TEMP(K) =   298.83  PRESS =     0.0
 Etot   =   -234218.0438  EKtot   =     54876.7685  EPtot      =   -289094.8123
 BOND   =      1143.8867  ANGLE   =      3041.6542  DIHED      =      2219.9110
 1-4 NB =      1283.3160  1-4 EEL =     14999.3640  VDWAALS    =     36861.3598
 EELEC  =   -348644.3040  EHBOND  =         0.0000  RESTRAINT  =         0.0000
 Ewald error estimate:   0.5338E-04
 ------------------------------------------------------------------------------


 NSTEP =    10600   TIME(PS) =    2558.575  TEMP(K) =   297.03  PRESS =     0.0
 Etot   =   -234218.1718  EKtot   =     54547.4291  EPtot      =   -288765.6008
 BOND   =      1134.2549  ANGLE   =      2964.0263  DIHED      =      2259.4791
 1-4 NB =      1285.2497  1-4 EEL =     14970.1990  VDWAALS    =     36184.6835
 EELEC  =   -347563.4933  EHBOND  =         0.0000  RESTRAINT  =         0.0000
 Ewald error estimate:   0.6481E-04
 ------------------------------------------------------------------------------


 NSTEP =    10700   TIME(PS) =    2558.725  TEMP(K) =   299.92  PRESS =     0.0
 Etot   =   -234218.2147  EKtot   =     55077.0449  EPtot      =   -289295.2596
 BOND   =      1118.0201  ANGLE   =      2957.0124  DIHED      =      2237.9132
 1-4 NB =      1307.5481  1-4 EEL =     15031.2059  VDWAALS    =     36919.7021
 EELEC  =   -348866.6614  EHBOND  =         0.0000  RESTRAINT  =         0.0000
 Ewald error estimate:   0.4643E-04
 ------------------------------------------------------------------------------

check COM velocity, temp:        0.000000     0.00(Removed)

 NSTEP =    10800   TIME(PS) =    2558.875  TEMP(K) =   297.73  PRESS =     0.0
 Etot   =   -234217.7304  EKtot   =     54674.7848  EPtot      =   -288892.5151
 BOND   =      1183.2096  ANGLE   =      2873.5352  DIHED      =      2270.9879
 1-4 NB =      1299.3526  1-4 EEL =     15124.5780  VDWAALS    =     36724.5859
 EELEC  =   -348368.7643  EHBOND  =         0.0000  RESTRAINT  =         0.0000
 Ewald error estimate:   0.3456E-04
 ------------------------------------------------------------------------------


 NSTEP =    10900   TIME(PS) =    2559.025  TEMP(K) =   296.97  PRESS =     0.0
 Etot   =   -234219.0068  EKtot   =     54535.7194  EPtot      =   -288754.7262
 BOND   =      1122.0954  ANGLE   =      2978.7519  DIHED      =      2251.5324
 1-4 NB =      1309.4377  1-4 EEL =     15123.7381  VDWAALS    =     36682.2757
 EELEC  =   -348222.5573  EHBOND  =         0.0000  RESTRAINT  =         0.0000
 Ewald error estimate:   0.6909E-04
 ------------------------------------------------------------------------------

check COM velocity, temp:        0.000000     0.00(Removed)

 NSTEP =    11000   TIME(PS) =    2559.175  TEMP(K) =   298.61  PRESS =     0.0
 Etot   =   -234220.6296  EKtot   =     54837.0265  EPtot      =   -289057.6561
 BOND   =      1132.4469  ANGLE   =      2933.3335  DIHED      =      2243.9510
 1-4 NB =      1313.3863  1-4 EEL =     15134.0652  VDWAALS    =     36943.9709
 EELEC  =   -348758.8100  EHBOND  =         0.0000  RESTRAINT  =         0.0000
 Ewald error estimate:   0.3249E-04
 ------------------------------------------------------------------------------


 NSTEP =    11100   TIME(PS) =    2559.325  TEMP(K) =   299.39  PRESS =     0.0
 Etot   =   -234220.3424  EKtot   =     54980.1197  EPtot      =   -289200.4621
 BOND   =      1106.5191  ANGLE   =      2978.4633  DIHED      =      2226.8807
 1-4 NB =      1300.0194  1-4 EEL =     15124.4531  VDWAALS    =     36448.7126
 EELEC  =   -348385.5102  EHBOND  =         0.0000  RESTRAINT  =         0.0000
 Ewald error estimate:   0.5830E-04
 ------------------------------------------------------------------------------


 NSTEP =    11200   TIME(PS) =    2559.475  TEMP(K) =   296.51  PRESS =     0.0
 Etot   =   -234217.0278  EKtot   =     54451.2319  EPtot      =   -288668.2596
 BOND   =      1127.7301  ANGLE   =      3009.8918  DIHED      =      2245.5524
 1-4 NB =      1319.8110  1-4 EEL =     15084.6221  VDWAALS    =     36339.4097
 EELEC  =   -347795.2768  EHBOND  =         0.0000  RESTRAINT  =         0.0000
 Ewald error estimate:   0.2296E-04
 ------------------------------------------------------------------------------

check COM velocity, temp:        0.000000     0.00(Removed)

 NSTEP =    11300   TIME(PS) =    2559.625  TEMP(K) =   297.00  PRESS =     0.0
 Etot   =   -234217.7236  EKtot   =     54540.6736  EPtot      =   -288758.3972
 BOND   =      1129.5199  ANGLE   =      2932.9554  DIHED      =      2255.2474
 1-4 NB =      1326.3608  1-4 EEL =     15036.5738  VDWAALS    =     36564.0415
 EELEC  =   -348003.0960  EHBOND  =         0.0000  RESTRAINT  =         0.0000
 Ewald error estimate:   0.8635E-05
 ------------------------------------------------------------------------------


 NSTEP =    11400   TIME(PS) =    2559.775  TEMP(K) =   297.35  PRESS =     0.0
 Etot   =   -234221.2642  EKtot   =     54604.5474  EPtot      =   -288825.8116
 BOND   =      1129.5043  ANGLE   =      2808.7038  DIHED      =      2240.2585
 1-4 NB =      1311.1874  1-4 EEL =     15135.2895  VDWAALS    =     37011.2261
 EELEC  =   -348461.9812  EHBOND  =         0.0000  RESTRAINT  =         0.0000
 Ewald error estimate:   0.7878E-05
 ------------------------------------------------------------------------------

check COM velocity, temp:        0.000000     0.00(Removed)

 NSTEP =    11500   TIME(PS) =    2559.925  TEMP(K) =   299.34  PRESS =     0.0
 Etot   =   -234221.8195  EKtot   =     54970.3193  EPtot      =   -289192.1387
 BOND   =      1109.8752  ANGLE   =      2920.8858  DIHED      =      2258.2484
 1-4 NB =      1318.9929  1-4 EEL =     15143.9390  VDWAALS    =     36974.6433
 EELEC  =   -348918.7233  EHBOND  =         0.0000  RESTRAINT  =         0.0000
 Ewald error estimate:   0.2357E-04
 ------------------------------------------------------------------------------


 NSTEP =    11600   TIME(PS) =    2560.075  TEMP(K) =   300.16  PRESS =     0.0
 Etot   =   -234220.6944  EKtot   =     55120.9006  EPtot      =   -289341.5951
 BOND   =      1084.8027  ANGLE   =      2919.6775  DIHED      =      2244.6275
 1-4 NB =      1319.2026  1-4 EEL =     15156.6517  VDWAALS    =     36598.0606
 EELEC  =   -348664.6176  EHBOND  =         0.0000  RESTRAINT  =         0.0000
 Ewald error estimate:   0.1968E-04
 ------------------------------------------------------------------------------


 NSTEP =    11700   TIME(PS) =    2560.225  TEMP(K) =   298.99  PRESS =     0.0
 Etot   =   -234219.1415  EKtot   =     54906.0620  EPtot      =   -289125.2036
 BOND   =      1116.5476  ANGLE   =      2925.8736  DIHED      =      2233.3744
 1-4 NB =      1324.8319  1-4 EEL =     15127.0630  VDWAALS    =     36586.1088
 EELEC  =   -348439.0029  EHBOND  =         0.0000  RESTRAINT  =         0.0000
 Ewald error estimate:   0.6547E-04
 ------------------------------------------------------------------------------

check COM velocity, temp:        0.000000     0.00(Removed)

 NSTEP =    11800   TIME(PS) =    2560.375  TEMP(K) =   297.93  PRESS =     0.0
 Etot   =   -234218.6551  EKtot   =     54711.4428  EPtot      =   -288930.0979
 BOND   =      1100.8316  ANGLE   =      2951.0365  DIHED      =      2243.7793
 1-4 NB =      1292.9900  1-4 EEL =     15059.6785  VDWAALS    =     36910.3302
 EELEC  =   -348488.7441  EHBOND  =         0.0000  RESTRAINT  =         0.0000
 Ewald error estimate:   0.9615E-04
 ------------------------------------------------------------------------------


 NSTEP =    11900   TIME(PS) =    2560.525  TEMP(K) =   299.64  PRESS =     0.0
 Etot   =   -234218.5503  EKtot   =     55026.0107  EPtot      =   -289244.5610
 BOND   =      1079.7683  ANGLE   =      2967.6147  DIHED      =      2239.6841
 1-4 NB =      1337.7569  1-4 EEL =     15032.8109  VDWAALS    =     36646.8825
 EELEC  =   -348549.0784  EHBOND  =         0.0000  RESTRAINT  =         0.0000
 Ewald error estimate:   0.7812E-04
 ------------------------------------------------------------------------------

check COM velocity, temp:        0.000000     0.00(Removed)

 NSTEP =    12000   TIME(PS) =    2560.675  TEMP(K) =   298.93  PRESS =     0.0
 Etot   =   -234219.2784  EKtot   =     54895.3284  EPtot      =   -289114.6068
 BOND   =      1099.8967  ANGLE   =      2971.0939  DIHED      =      2227.4247
 1-4 NB =      1315.3902  1-4 EEL =     15038.2235  VDWAALS    =     36416.5128
 EELEC  =   -348183.1486  EHBOND  =         0.0000  RESTRAINT  =         0.0000
 Ewald error estimate:   0.7635E-04
 ------------------------------------------------------------------------------


 NSTEP =    12100   TIME(PS) =    2560.825  TEMP(K) =   299.18  PRESS =     0.0
 Etot   =   -234218.8002  EKtot   =     54941.9758  EPtot      =   -289160.7760
 BOND   =      1101.5733  ANGLE   =      3006.3342  DIHED      =      2245.4168
 1-4 NB =      1281.8142  1-4 EEL =     14995.0308  VDWAALS    =     37242.8917
 EELEC  =   -349033.8369  EHBOND  =         0.0000  RESTRAINT  =         0.0000
 Ewald error estimate:   0.3504E-04
 ------------------------------------------------------------------------------


 NSTEP =    12200   TIME(PS) =    2560.975  TEMP(K) =   298.81  PRESS =     0.0
 Etot   =   -234220.5785  EKtot   =     54874.4909  EPtot      =   -289095.0694
 BOND   =      1055.1806  ANGLE   =      2914.2723  DIHED      =      2271.6776
 1-4 NB =      1325.8189  1-4 EEL =     15134.4718  VDWAALS    =     36609.9135
 EELEC  =   -348406.4041  EHBOND  =         0.0000  RESTRAINT  =         0.0000
 Ewald error estimate:   0.1616E-04
 ------------------------------------------------------------------------------

check COM velocity, temp:        0.000000     0.00(Removed)

 NSTEP =    12300   TIME(PS) =    2561.125  TEMP(K) =   297.63  PRESS =     0.0
 Etot   =   -234219.4264  EKtot   =     54657.7388  EPtot      =   -288877.1652
 BOND   =      1113.6682  ANGLE   =      2955.8597  DIHED      =      2260.4700
 1-4 NB =      1314.4951  1-4 EEL =     15084.2677  VDWAALS    =     36782.7358
 EELEC  =   -348388.6617  EHBOND  =         0.0000  RESTRAINT  =         0.0000
 Ewald error estimate:   0.3485E-04
 ------------------------------------------------------------------------------


 NSTEP =    12400   TIME(PS) =    2561.275  TEMP(K) =   297.54  PRESS =     0.0
 Etot   =   -234219.7949  EKtot   =     54639.7350  EPtot      =   -288859.5299
 BOND   =      1135.5514  ANGLE   =      2935.2102  DIHED      =      2260.5090
 1-4 NB =      1298.5284  1-4 EEL =     15045.3185  VDWAALS    =     36837.7619
 EELEC  =   -348372.4094  EHBOND  =         0.0000  RESTRAINT  =         0.0000
 Ewald error estimate:   0.6462E-05
 ------------------------------------------------------------------------------

check COM velocity, temp:        0.000000     0.00(Removed)

 NSTEP =    12500   TIME(PS) =    2561.425  TEMP(K) =   300.45  PRESS =     0.0
 Etot   =   -234222.1424  EKtot   =     55175.4625  EPtot      =   -289397.6049
 BOND   =      1087.0047  ANGLE   =      2863.9910  DIHED      =      2237.7189
 1-4 NB =      1336.9358  1-4 EEL =     15079.8723  VDWAALS    =     36635.5441
 EELEC  =   -348638.6716  EHBOND  =         0.0000  RESTRAINT  =         0.0000
 Ewald error estimate:   0.8857E-04
 ------------------------------------------------------------------------------


 NSTEP =    12600   TIME(PS) =    2561.575  TEMP(K) =   299.97  PRESS =     0.0
 Etot   =   -234220.1367  EKtot   =     55085.7536  EPtot      =   -289305.8903
 BOND   =      1117.0389  ANGLE   =      2930.8980  DIHED      =      2229.9921
 1-4 NB =      1310.3268  1-4 EEL =     15057.4989  VDWAALS    =     37179.5544
 EELEC  =   -349131.1994  EHBOND  =         0.0000  RESTRAINT  =         0.0000
 Ewald error estimate:   0.1638E-04
 ------------------------------------------------------------------------------


 NSTEP =    12700   TIME(PS) =    2561.725  TEMP(K) =   296.52  PRESS =     0.0
 Etot   =   -234218.9976  EKtot   =     54452.9336  EPtot      =   -288671.9312
 BOND   =      1118.4816  ANGLE   =      2954.7053  DIHED      =      2260.3354
 1-4 NB =      1312.4047  1-4 EEL =     15061.6969  VDWAALS    =     37174.8849
 EELEC  =   -348554.4401  EHBOND  =         0.0000  RESTRAINT  =         0.0000
 Ewald error estimate:   0.4242E-04
 ------------------------------------------------------------------------------

check COM velocity, temp:        0.000000     0.00(Removed)

 NSTEP =    12800   TIME(PS) =    2561.875  TEMP(K) =   298.57  PRESS =     0.0
 Etot   =   -234220.2437  EKtot   =     54829.6670  EPtot      =   -289049.9107
 BOND   =      1136.3489  ANGLE   =      2896.7459  DIHED      =      2262.1834
 1-4 NB =      1319.6492  1-4 EEL =     15019.1916  VDWAALS    =     36659.9366
 EELEC  =   -348343.9663  EHBOND  =         0.0000  RESTRAINT  =         0.0000
 Ewald error estimate:   0.5748E-04
 ------------------------------------------------------------------------------


 NSTEP =    12900   TIME(PS) =    2562.025  TEMP(K) =   299.41  PRESS =     0.0
 Etot   =   -234221.3289  EKtot   =     54983.3663  EPtot      =   -289204.6951
 BOND   =      1132.4600  ANGLE   =      2874.0660  DIHED      =      2264.9875
 1-4 NB =      1342.1267  1-4 EEL =     15115.1423  VDWAALS    =     36973.0103
 EELEC  =   -348906.4880  EHBOND  =         0.0000  RESTRAINT  =         0.0000
 Ewald error estimate:   0.6146E-04
 ------------------------------------------------------------------------------

check COM velocity, temp:        0.000000     0.00(Removed)

 NSTEP =    13000   TIME(PS) =    2562.175  TEMP(K) =   298.37  PRESS =     0.0
 Etot   =   -234219.7161  EKtot   =     54793.1017  EPtot      =   -289012.8178
 BOND   =      1095.9114  ANGLE   =      2997.8738  DIHED      =      2255.4028
 1-4 NB =      1312.2532  1-4 EEL =     15079.4309  VDWAALS    =     36883.1937
 EELEC  =   -348636.8834  EHBOND  =         0.0000  RESTRAINT  =         0.0000
 Ewald error estimate:   0.3444E-04
 ------------------------------------------------------------------------------


 NSTEP =    13100   TIME(PS) =    2562.325  TEMP(K) =   297.36  PRESS =     0.0
 Etot   =   -234217.1729  EKtot   =     54606.4400  EPtot      =   -288823.6129
 BOND   =      1083.1226  ANGLE   =      2929.3741  DIHED      =      2235.3211
 1-4 NB =      1320.1635  1-4 EEL =     15121.5322  VDWAALS    =     36674.5429
 EELEC  =   -348187.6694  EHBOND  =         0.0000  RESTRAINT  =         0.0000
 Ewald error estimate:   0.5564E-04
 ------------------------------------------------------------------------------


 NSTEP =    13200   TIME(PS) =    2562.475  TEMP(K) =   297.85  PRESS =     0.0
 Etot   =   -234218.8876  EKtot   =     54696.6999  EPtot      =   -288915.5875
 BOND   =      1115.3600  ANGLE   =      2833.6795  DIHED      =      2286.3704
 1-4 NB =      1283.3569  1-4 EEL =     15106.0097  VDWAALS    =     36601.4872
 EELEC  =   -348141.8512  EHBOND  =         0.0000  RESTRAINT  =         0.0000
 Ewald error estimate:   0.6010E-04
 ------------------------------------------------------------------------------

check COM velocity, temp:        0.000000     0.00(Removed)

 NSTEP =    13300   TIME(PS) =    2562.625  TEMP(K) =   296.90  PRESS =     0.0
 Etot   =   -234219.3301  EKtot   =     54523.6440  EPtot      =   -288742.9741
 BOND   =      1058.3938  ANGLE   =      2958.1417  DIHED      =      2241.4405
 1-4 NB =      1301.9296  1-4 EEL =     15083.5387  VDWAALS    =     37134.0014
 EELEC  =   -348520.4198  EHBOND  =         0.0000  RESTRAINT  =         0.0000
 Ewald error estimate:   0.5762E-04
 ------------------------------------------------------------------------------


 NSTEP =    13400   TIME(PS) =    2562.775  TEMP(K) =   298.06  PRESS =     0.0
 Etot   =   -234218.1478  EKtot   =     54736.4941  EPtot      =   -288954.6419
 BOND   =      1130.0754  ANGLE   =      2946.1744  DIHED      =      2242.0597
 1-4 NB =      1305.3841  1-4 EEL =     15119.6200  VDWAALS    =     36541.7880
 EELEC  =   -348239.7435  EHBOND  =         0.0000  RESTRAINT  =         0.0000
 Ewald error estimate:   0.5214E-04
 ------------------------------------------------------------------------------

check COM velocity, temp:        0.000000     0.00(Removed)

 NSTEP =    13500   TIME(PS) =    2562.925  TEMP(K) =   297.76  PRESS =     0.0
 Etot   =   -234219.5617  EKtot   =     54681.3478  EPtot      =   -288900.9094
 BOND   =      1135.5409  ANGLE   =      2978.2105  DIHED      =      2238.7051
 1-4 NB =      1296.2295  1-4 EEL =     15055.2862  VDWAALS    =     36301.6168
 EELEC  =   -347906.4985  EHBOND  =         0.0000  RESTRAINT  =         0.0000
 Ewald error estimate:   0.6207E-04
 ------------------------------------------------------------------------------


 NSTEP =    13600   TIME(PS) =    2563.075  TEMP(K) =   299.32  PRESS =     0.0
 Etot   =   -234217.4905  EKtot   =     54967.2125  EPtot      =   -289184.7031
 BOND   =      1106.6952  ANGLE   =      2943.9456  DIHED      =      2254.0179
 1-4 NB =      1289.0741  1-4 EEL =     15117.6460  VDWAALS    =     36602.6202
 EELEC  =   -348498.7021  EHBOND  =         0.0000  RESTRAINT  =         0.0000
 Ewald error estimate:   0.3527E-04
 ------------------------------------------------------------------------------


 NSTEP =    13700   TIME(PS) =    2563.225  TEMP(K) =   299.19  PRESS =     0.0
 Etot   =   -234220.4062  EKtot   =     54943.8268  EPtot      =   -289164.2331
 BOND   =      1125.4403  ANGLE   =      2955.8021  DIHED      =      2229.1878
 1-4 NB =      1297.7632  1-4 EEL =     15069.1802  VDWAALS    =     36463.1900
 EELEC  =   -348304.7966  EHBOND  =         0.0000  RESTRAINT  =         0.0000
 Ewald error estimate:   0.6055E-04
 ------------------------------------------------------------------------------

check COM velocity, temp:        0.000000     0.00(Removed)

 NSTEP =    13800   TIME(PS) =    2563.375  TEMP(K) =   300.53  PRESS =     0.0
 Etot   =   -234219.5225  EKtot   =     55190.3227  EPtot      =   -289409.8452
 BOND   =      1117.9037  ANGLE   =      2967.3796  DIHED      =      2239.4675
 1-4 NB =      1291.1465  1-4 EEL =     15135.9679  VDWAALS    =     36657.0624
 EELEC  =   -348818.7728  EHBOND  =         0.0000  RESTRAINT  =         0.0000
 Ewald error estimate:   0.7582E-04
 ------------------------------------------------------------------------------


 NSTEP =    13900   TIME(PS) =    2563.525  TEMP(K) =   298.20  PRESS =     0.0
 Etot   =   -234220.1579  EKtot   =     54762.2139  EPtot      =   -288982.3718
 BOND   =      1150.2604  ANGLE   =      2959.0832  DIHED      =      2260.0370
 1-4 NB =      1284.4520  1-4 EEL =     14990.3539  VDWAALS    =     36503.3926
 EELEC  =   -348129.9509  EHBOND  =         0.0000  RESTRAINT  =         0.0000
 Ewald error estimate:   0.5854E-05
 ------------------------------------------------------------------------------

check COM velocity, temp:        0.000000     0.00(Removed)

 NSTEP =    14000   TIME(PS) =    2563.675  TEMP(K) =   298.50  PRESS =     0.0
 Etot   =   -234217.7274  EKtot   =     54816.8429  EPtot      =   -289034.5702
 BOND   =      1097.1699  ANGLE   =      2911.5579  DIHED      =      2266.5937
 1-4 NB =      1304.1110  1-4 EEL =     15093.8127  VDWAALS    =     36861.3577
 EELEC  =   -348569.1731  EHBOND  =         0.0000  RESTRAINT  =         0.0000
 Ewald error estimate:   0.5041E-04
 ------------------------------------------------------------------------------


 NSTEP =    14100   TIME(PS) =    2563.825  TEMP(K) =   297.79  PRESS =     0.0
 Etot   =   -234217.3487  EKtot   =     54686.3204  EPtot      =   -288903.6691
 BOND   =      1153.0089  ANGLE   =      2960.2916  DIHED      =      2237.6452
 1-4 NB =      1290.7617  1-4 EEL =     15043.8381  VDWAALS    =     36646.0174
 EELEC  =   -348235.2319  EHBOND  =         0.0000  RESTRAINT  =         0.0000
 Ewald error estimate:   0.9899E-05
 ------------------------------------------------------------------------------


 NSTEP =    14200   TIME(PS) =    2563.975  TEMP(K) =   298.07  PRESS =     0.0
 Etot   =   -234217.4804  EKtot   =     54738.3153  EPtot      =   -288955.7957
 BOND   =      1145.6532  ANGLE   =      2883.3408  DIHED      =      2253.3386
 1-4 NB =      1313.2533  1-4 EEL =     15097.9754  VDWAALS    =     36844.0776
 EELEC  =   -348493.4348  EHBOND  =         0.0000  RESTRAINT  =         0.0000
 Ewald error estimate:   0.6675E-04
 ------------------------------------------------------------------------------

check COM velocity, temp:        0.000000     0.00(Removed)

 NSTEP =    14300   TIME(PS) =    2564.125  TEMP(K) =   299.20  PRESS =     0.0
 Etot   =   -234217.7966  EKtot   =     54946.0253  EPtot      =   -289163.8219
 BOND   =      1164.9785  ANGLE   =      2900.2178  DIHED      =      2246.3800
 1-4 NB =      1280.6841  1-4 EEL =     15040.0753  VDWAALS    =     36871.8642
 EELEC  =   -348668.0218  EHBOND  =         0.0000  RESTRAINT  =         0.0000
 Ewald error estimate:   0.7974E-04
 ------------------------------------------------------------------------------


 NSTEP =    14400   TIME(PS) =    2564.275  TEMP(K) =   299.03  PRESS =     0.0
 Etot   =   -234219.1067  EKtot   =     54914.6300  EPtot      =   -289133.7366
 BOND   =      1117.3664  ANGLE   =      2931.2556  DIHED      =      2213.9108
 1-4 NB =      1321.7497  1-4 EEL =     15038.4515  VDWAALS    =     36807.4027
 EELEC  =   -348563.8733  EHBOND  =         0.0000  RESTRAINT  =         0.0000
 Ewald error estimate:   0.1036E-04
 ------------------------------------------------------------------------------

check COM velocity, temp:        0.000000     0.00(Removed)

 NSTEP =    14500   TIME(PS) =    2564.425  TEMP(K) =   298.85  PRESS =     0.0
 Etot   =   -234217.7643  EKtot   =     54880.1332  EPtot      =   -289097.8975
 BOND   =      1131.9282  ANGLE   =      2938.0922  DIHED      =      2253.0285
 1-4 NB =      1312.3464  1-4 EEL =     15112.8972  VDWAALS    =     36472.6901
 EELEC  =   -348318.8801  EHBOND  =         0.0000  RESTRAINT  =         0.0000
 Ewald error estimate:   0.7303E-04
 ------------------------------------------------------------------------------


 NSTEP =    14600   TIME(PS) =    2564.575  TEMP(K) =   298.44  PRESS =     0.0
 Etot   =   -234216.7378  EKtot   =     54805.3764  EPtot      =   -289022.1143
 BOND   =      1158.3052  ANGLE   =      2989.8821  DIHED      =      2261.8534
 1-4 NB =      1298.6876  1-4 EEL =     15121.1057  VDWAALS    =     36293.8185
 EELEC  =   -348145.7667  EHBOND  =         0.0000  RESTRAINT  =         0.0000
 Ewald error estimate:   0.1101E-04
 ------------------------------------------------------------------------------


 NSTEP =    14700   TIME(PS) =    2564.725  TEMP(K) =   298.71  PRESS =     0.0
 Etot   =   -234221.9709  EKtot   =     54854.5479  EPtot      =   -289076.5187
 BOND   =      1103.5507  ANGLE   =      2953.3827  DIHED      =      2237.4457
 1-4 NB =      1301.8202  1-4 EEL =     15074.3549  VDWAALS    =     36694.3093
 EELEC  =   -348441.3822  EHBOND  =         0.0000  RESTRAINT  =         0.0000
 Ewald error estimate:   0.4707E-05
 ------------------------------------------------------------------------------

check COM velocity, temp:        0.000000     0.00(Removed)

 NSTEP =    14800   TIME(PS) =    2564.875  TEMP(K) =   297.40  PRESS =     0.0
 Etot   =   -234218.1910  EKtot   =     54615.1563  EPtot      =   -288833.3472
 BOND   =      1101.9636  ANGLE   =      2975.5686  DIHED      =      2241.4432
 1-4 NB =      1315.2392  1-4 EEL =     15138.9099  VDWAALS    =     36810.5029
 EELEC  =   -348416.9746  EHBOND  =         0.0000  RESTRAINT  =         0.0000
 Ewald error estimate:   0.3391E-06
 ------------------------------------------------------------------------------


 NSTEP =    14900   TIME(PS) =    2565.025  TEMP(K) =   297.12  PRESS =     0.0
 Etot   =   -234221.0106  EKtot   =     54563.4356  EPtot      =   -288784.4462
 BOND   =      1113.0703  ANGLE   =      2992.1848  DIHED      =      2241.4927
 1-4 NB =      1298.7964  1-4 EEL =     15048.5184  VDWAALS    =     36216.6984
 EELEC  =   -347695.2073  EHBOND  =         0.0000  RESTRAINT  =         0.0000
 Ewald error estimate:   0.2830E-05
 ------------------------------------------------------------------------------

check COM velocity, temp:        0.000000     0.00(Removed)

 NSTEP =    15000   TIME(PS) =    2565.175  TEMP(K) =   298.98  PRESS =     0.0
 Etot   =   -234219.1693  EKtot   =     54904.6130  EPtot      =   -289123.7823
 BOND   =      1096.7894  ANGLE   =      3011.5885  DIHED      =      2252.6529
 1-4 NB =      1336.2475  1-4 EEL =     15094.7532  VDWAALS    =     37018.7967
 EELEC  =   -348934.6105  EHBOND  =         0.0000  RESTRAINT  =         0.0000
 Ewald error estimate:   0.2712E-04
 ------------------------------------------------------------------------------


 NSTEP =    15100   TIME(PS) =    2565.325  TEMP(K) =   297.40  PRESS =     0.0
 Etot   =   -234219.8673  EKtot   =     54614.8036  EPtot      =   -288834.6708
 BOND   =      1103.4492  ANGLE   =      3036.2961  DIHED      =      2277.6476
 1-4 NB =      1304.2831  1-4 EEL =     14992.4008  VDWAALS    =     36599.1113
 EELEC  =   -348147.8590  EHBOND  =         0.0000  RESTRAINT  =         0.0000
 Ewald error estimate:   0.5868E-04
 ------------------------------------------------------------------------------


 NSTEP =    15200   TIME(PS) =    2565.475  TEMP(K) =   298.36  PRESS =     0.0
 Etot   =   -234222.5605  EKtot   =     54791.5103  EPtot      =   -289014.0708
 BOND   =      1091.3710  ANGLE   =      2958.0504  DIHED      =      2241.4369
 1-4 NB =      1334.9453  1-4 EEL =     15121.3668  VDWAALS    =     36782.0272
 EELEC  =   -348543.2684  EHBOND  =         0.0000  RESTRAINT  =         0.0000
 Ewald error estimate:   0.2303E-05
 ------------------------------------------------------------------------------

check COM velocity, temp:        0.000000     0.00(Removed)

 NSTEP =    15300   TIME(PS) =    2565.625  TEMP(K) =   299.42  PRESS =     0.0
 Etot   =   -234220.9966  EKtot   =     54986.0251  EPtot      =   -289207.0216
 BOND   =      1086.6500  ANGLE   =      2993.9196  DIHED      =      2234.4747
 1-4 NB =      1323.9169  1-4 EEL =     15090.2958  VDWAALS    =     36522.6980
 EELEC  =   -348458.9767  EHBOND  =         0.0000  RESTRAINT  =         0.0000
 Ewald error estimate:   0.6711E-04
 ------------------------------------------------------------------------------


 NSTEP =    15400   TIME(PS) =    2565.775  TEMP(K) =   299.38  PRESS =     0.0
 Etot   =   -234220.4656  EKtot   =     54979.0069  EPtot      =   -289199.4725
 BOND   =      1121.9901  ANGLE   =      2981.2722  DIHED      =      2249.5163
 1-4 NB =      1313.1087  1-4 EEL =     15096.4373  VDWAALS    =     36762.3569
 EELEC  =   -348724.1540  EHBOND  =         0.0000  RESTRAINT  =         0.0000
 Ewald error estimate:   0.2483E-04
 ------------------------------------------------------------------------------

check COM velocity, temp:        0.000000     0.00(Removed)

 NSTEP =    15500   TIME(PS) =    2565.925  TEMP(K) =   299.90  PRESS =     0.0
 Etot   =   -234220.3514  EKtot   =     55073.2103  EPtot      =   -289293.5617
 BOND   =      1117.7911  ANGLE   =      2990.0651  DIHED      =      2243.8773
 1-4 NB =      1297.0392  1-4 EEL =     15037.6317  VDWAALS    =     36705.7259
 EELEC  =   -348685.6921  EHBOND  =         0.0000  RESTRAINT  =         0.0000
 Ewald error estimate:   0.4498E-04
 ------------------------------------------------------------------------------


 NSTEP =    15600   TIME(PS) =    2566.075  TEMP(K) =   299.41  PRESS =     0.0
 Etot   =   -234221.7841  EKtot   =     54984.2682  EPtot      =   -289206.0523
 BOND   =      1130.9803  ANGLE   =      2906.0697  DIHED      =      2275.3371
 1-4 NB =      1296.6678  1-4 EEL =     15059.5790  VDWAALS    =     36936.0719
 EELEC  =   -348810.7581  EHBOND  =         0.0000  RESTRAINT  =         0.0000
 Ewald error estimate:   0.1930E-04
 ------------------------------------------------------------------------------


 NSTEP =    15700   TIME(PS) =    2566.225  TEMP(K) =   298.88  PRESS =     0.0
 Etot   =   -234220.0089  EKtot   =     54885.6250  EPtot      =   -289105.6339
 BOND   =      1132.2388  ANGLE   =      2936.2012  DIHED      =      2214.0581
 1-4 NB =      1307.5253  1-4 EEL =     15067.5839  VDWAALS    =     36740.1207
 EELEC  =   -348503.3619  EHBOND  =         0.0000  RESTRAINT  =         0.0000
 Ewald error estimate:   0.4026E-05
 ------------------------------------------------------------------------------

check COM velocity, temp:        0.000000     0.00(Removed)

 NSTEP =    15800   TIME(PS) =    2566.375  TEMP(K) =   297.62  PRESS =     0.0
 Etot   =   -234220.1145  EKtot   =     54654.6352  EPtot      =   -288874.7497
 BOND   =      1103.4062  ANGLE   =      3003.7818  DIHED      =      2231.2355
 1-4 NB =      1308.1055  1-4 EEL =     15050.0987  VDWAALS    =     36925.2190
 EELEC  =   -348496.5963  EHBOND  =         0.0000  RESTRAINT  =         0.0000
 Ewald error estimate:   0.1085E-04
 ------------------------------------------------------------------------------


 NSTEP =    15900   TIME(PS) =    2566.525  TEMP(K) =   299.12  PRESS =     0.0
 Etot   =   -234222.2967  EKtot   =     54929.6483  EPtot      =   -289151.9450
 BOND   =      1137.6634  ANGLE   =      2953.3779  DIHED      =      2233.7268
 1-4 NB =      1313.9019  1-4 EEL =     15104.6870  VDWAALS    =     36959.3125
 EELEC  =   -348854.6145  EHBOND  =         0.0000  RESTRAINT  =         0.0000
 Ewald error estimate:   0.2132E-04
 ------------------------------------------------------------------------------

check COM velocity, temp:        0.000000     0.00(Removed)

 NSTEP =    16000   TIME(PS) =    2566.675  TEMP(K) =   300.02  PRESS =     0.0
 Etot   =   -234220.5199  EKtot   =     55095.9775  EPtot      =   -289316.4974
 BOND   =      1086.2028  ANGLE   =      2964.3256  DIHED      =      2236.8019
 1-4 NB =      1313.2160  1-4 EEL =     15104.4259  VDWAALS    =     36578.9213
 EELEC  =   -348600.3908  EHBOND  =         0.0000  RESTRAINT  =         0.0000
 Ewald error estimate:   0.1507E-04
 ------------------------------------------------------------------------------


 NSTEP =    16100   TIME(PS) =    2566.825  TEMP(K) =   297.53  PRESS =     0.0
 Etot   =   -234220.2989  EKtot   =     54638.6347  EPtot      =   -288858.9336
 BOND   =      1089.0360  ANGLE   =      3001.5006  DIHED      =      2225.5574
 1-4 NB =      1314.2537  1-4 EEL =     15025.5859  VDWAALS    =     36782.6466
 EELEC  =   -348297.5138  EHBOND  =         0.0000  RESTRAINT  =         0.0000
 Ewald error estimate:   0.3092E-04
 ------------------------------------------------------------------------------


 NSTEP =    16200   TIME(PS) =    2566.975  TEMP(K) =   298.38  PRESS =     0.0
 Etot   =   -234219.1871  EKtot   =     54794.7435  EPtot      =   -289013.9307
 BOND   =      1112.0046  ANGLE   =      2986.9113  DIHED      =      2236.7239
 1-4 NB =      1298.1281  1-4 EEL =     15097.0628  VDWAALS    =     37190.9501
 EELEC  =   -348935.7116  EHBOND  =         0.0000  RESTRAINT  =         0.0000
 Ewald error estimate:   0.1041E-04
 ------------------------------------------------------------------------------

check COM velocity, temp:        0.000000     0.00(Removed)

 NSTEP =    16300   TIME(PS) =    2567.125  TEMP(K) =   297.38  PRESS =     0.0
 Etot   =   -234219.8742  EKtot   =     54610.7184  EPtot      =   -288830.5926
 BOND   =      1154.9001  ANGLE   =      2910.0905  DIHED      =      2223.0696
 1-4 NB =      1309.4570  1-4 EEL =     15119.9965  VDWAALS    =     36534.9144
 EELEC  =   -348083.0207  EHBOND  =         0.0000  RESTRAINT  =         0.0000
 Ewald error estimate:   0.2111E-04
 ------------------------------------------------------------------------------


 NSTEP =    16400   TIME(PS) =    2567.275  TEMP(K) =   297.92  PRESS =     0.0
 Etot   =   -234218.8122  EKtot   =     54710.2044  EPtot      =   -288929.0166
 BOND   =      1116.1173  ANGLE   =      2933.8191  DIHED      =      2273.1614
 1-4 NB =      1323.6642  1-4 EEL =     15080.6453  VDWAALS    =     36813.2551
 EELEC  =   -348469.6789  EHBOND  =         0.0000  RESTRAINT  =         0.0000
 Ewald error estimate:   0.6680E-04
 ------------------------------------------------------------------------------

check COM velocity, temp:        0.000000     0.00(Removed)

 NSTEP =    16500   TIME(PS) =    2567.425  TEMP(K) =   298.95  PRESS =     0.0
 Etot   =   -234220.7263  EKtot   =     54898.8113  EPtot      =   -289119.5377
 BOND   =      1084.3691  ANGLE   =      2972.0725  DIHED      =      2261.0605
 1-4 NB =      1287.0174  1-4 EEL =     15095.5295  VDWAALS    =     36741.5683
 EELEC  =   -348561.1549  EHBOND  =         0.0000  RESTRAINT  =         0.0000
 Ewald error estimate:   0.4931E-04
 ------------------------------------------------------------------------------


 NSTEP =    16600   TIME(PS) =    2567.575  TEMP(K) =   297.91  PRESS =     0.0
 Etot   =   -234219.5381  EKtot   =     54708.5729  EPtot      =   -288928.1110
 BOND   =      1112.0419  ANGLE   =      2997.6233  DIHED      =      2241.3529
 1-4 NB =      1337.4636  1-4 EEL =     15092.9152  VDWAALS    =     36983.2499
 EELEC  =   -348692.7578  EHBOND  =         0.0000  RESTRAINT  =         0.0000
 Ewald error estimate:   0.3257E-04
 ------------------------------------------------------------------------------


 NSTEP =    16700   TIME(PS) =    2567.725  TEMP(K) =   299.32  PRESS =     0.0
 Etot   =   -234220.1048  EKtot   =     54966.6188  EPtot      =   -289186.7236
 BOND   =      1108.1106  ANGLE   =      2951.0451  DIHED      =      2257.8676
 1-4 NB =      1308.1156  1-4 EEL =     15077.4151  VDWAALS    =     36982.0637
 EELEC  =   -348871.3412  EHBOND  =         0.0000  RESTRAINT  =         0.0000
 Ewald error estimate:   0.3381E-04
 ------------------------------------------------------------------------------

check COM velocity, temp:        0.000000     0.00(Removed)

 NSTEP =    16800   TIME(PS) =    2567.875  TEMP(K) =   297.27  PRESS =     0.0
 Etot   =   -234221.2907  EKtot   =     54591.6691  EPtot      =   -288812.9598
 BOND   =      1080.7785  ANGLE   =      2937.9712  DIHED      =      2227.1325
 1-4 NB =      1310.4838  1-4 EEL =     15133.8549  VDWAALS    =     36999.2068
 EELEC  =   -348502.3876  EHBOND  =         0.0000  RESTRAINT  =         0.0000
 Ewald error estimate:   0.9878E-04
 ------------------------------------------------------------------------------


 NSTEP =    16900   TIME(PS) =    2568.025  TEMP(K) =   297.44  PRESS =     0.0
 Etot   =   -234220.1539  EKtot   =     54621.8612  EPtot      =   -288842.0151
 BOND   =      1124.5540  ANGLE   =      2938.5282  DIHED      =      2239.6052
 1-4 NB =      1273.7106  1-4 EEL =     15051.2119  VDWAALS    =     36651.4418
 EELEC  =   -348121.0668  EHBOND  =         0.0000  RESTRAINT  =         0.0000
 Ewald error estimate:   0.9237E-05
 ------------------------------------------------------------------------------

check COM velocity, temp:        0.000000     0.00(Removed)

 NSTEP =    17000   TIME(PS) =    2568.175  TEMP(K) =   297.77  PRESS =     0.0
 Etot   =   -234219.1721  EKtot   =     54683.2039  EPtot      =   -288902.3759
 BOND   =      1116.2525  ANGLE   =      2951.6996  DIHED      =      2270.3875
 1-4 NB =      1313.4694  1-4 EEL =     15082.5741  VDWAALS    =     36797.4716
 EELEC  =   -348434.2306  EHBOND  =         0.0000  RESTRAINT  =         0.0000
 Ewald error estimate:   0.1102E-03
 ------------------------------------------------------------------------------


 NSTEP =    17100   TIME(PS) =    2568.325  TEMP(K) =   300.63  PRESS =     0.0
 Etot   =   -234221.5459  EKtot   =     55207.8997  EPtot      =   -289429.4456
 BOND   =      1136.8439  ANGLE   =      2950.2941  DIHED      =      2227.7534
 1-4 NB =      1298.1004  1-4 EEL =     15001.2827  VDWAALS    =     36934.8419
 EELEC  =   -348978.5620  EHBOND  =         0.0000  RESTRAINT  =         0.0000
 Ewald error estimate:   0.3731E-05
 ------------------------------------------------------------------------------


 NSTEP =    17200   TIME(PS) =    2568.475  TEMP(K) =   300.27  PRESS =     0.0
 Etot   =   -234220.9209  EKtot   =     55142.0727  EPtot      =   -289362.9936
 BOND   =      1108.1826  ANGLE   =      2970.3002  DIHED      =      2258.3576
 1-4 NB =      1303.2997  1-4 EEL =     15078.7455  VDWAALS    =     36941.7882
 EELEC  =   -349023.6673  EHBOND  =         0.0000  RESTRAINT  =         0.0000
 Ewald error estimate:   0.4915E-04
 ------------------------------------------------------------------------------

check COM velocity, temp:        0.000000     0.00(Removed)

 NSTEP =    17300   TIME(PS) =    2568.625  TEMP(K) =   300.33  PRESS =     0.0
 Etot   =   -234218.5840  EKtot   =     55153.5881  EPtot      =   -289372.1721
 BOND   =      1128.4132  ANGLE   =      2941.6623  DIHED      =      2285.1280
 1-4 NB =      1293.5391  1-4 EEL =     15102.1955  VDWAALS    =     36514.7924
 EELEC  =   -348637.9026  EHBOND  =         0.0000  RESTRAINT  =         0.0000
 Ewald error estimate:   0.1025E-03
 ------------------------------------------------------------------------------


 NSTEP =    17400   TIME(PS) =    2568.775  TEMP(K) =   298.31  PRESS =     0.0
 Etot   =   -234219.2209  EKtot   =     54782.4364  EPtot      =   -289001.6573
 BOND   =      1123.5898  ANGLE   =      2926.1061  DIHED      =      2238.8715
 1-4 NB =      1338.9229  1-4 EEL =     15122.3975  VDWAALS    =     36241.0834
 EELEC  =   -347992.6284  EHBOND  =         0.0000  RESTRAINT  =         0.0000
 Ewald error estimate:   0.4255E-04
 ------------------------------------------------------------------------------

check COM velocity, temp:        0.000000     0.00(Removed)

 NSTEP =    17500   TIME(PS) =    2568.925  TEMP(K) =   298.05  PRESS =     0.0
 Etot   =   -234221.4531  EKtot   =     54734.7586  EPtot      =   -288956.2117
 BOND   =      1059.5177  ANGLE   =      2942.6130  DIHED      =      2239.8860
 1-4 NB =      1326.6714  1-4 EEL =     15139.8074  VDWAALS    =     36709.6794
 EELEC  =   -348374.3867  EHBOND  =         0.0000  RESTRAINT  =         0.0000
 Ewald error estimate:   0.2032E-04
 ------------------------------------------------------------------------------


 NSTEP =    17600   TIME(PS) =    2569.075  TEMP(K) =   298.68  PRESS =     0.0
 Etot   =   -234219.7463  EKtot   =     54849.8240  EPtot      =   -289069.5703
 BOND   =      1168.2741  ANGLE   =      2956.9175  DIHED      =      2229.5478
 1-4 NB =      1295.1825  1-4 EEL =     15047.1933  VDWAALS    =     36336.1164
 EELEC  =   -348102.8018  EHBOND  =         0.0000  RESTRAINT  =         0.0000
 Ewald error estimate:   0.4712E-05
 ------------------------------------------------------------------------------


 NSTEP =    17700   TIME(PS) =    2569.225  TEMP(K) =   299.35  PRESS =     0.0
 Etot   =   -234221.1138  EKtot   =     54972.3275  EPtot      =   -289193.4413
 BOND   =      1094.9766  ANGLE   =      2977.2473  DIHED      =      2278.9053
 1-4 NB =      1300.0862  1-4 EEL =     15054.8590  VDWAALS    =     36673.4332
 EELEC  =   -348572.9489  EHBOND  =         0.0000  RESTRAINT  =         0.0000
 Ewald error estimate:   0.2742E-04
 ------------------------------------------------------------------------------

check COM velocity, temp:        0.000000     0.00(Removed)

 NSTEP =    17800   TIME(PS) =    2569.375  TEMP(K) =   298.99  PRESS =     0.0
 Etot   =   -234218.5549  EKtot   =     54906.1687  EPtot      =   -289124.7236
 BOND   =      1084.1988  ANGLE   =      3002.3001  DIHED      =      2297.4569
 1-4 NB =      1301.4172  1-4 EEL =     15078.2077  VDWAALS    =     36852.8227
 EELEC  =   -348741.1270  EHBOND  =         0.0000  RESTRAINT  =         0.0000
 Ewald error estimate:   0.4030E-04
 ------------------------------------------------------------------------------


 NSTEP =    17900   TIME(PS) =    2569.525  TEMP(K) =   297.43  PRESS =     0.0
 Etot   =   -234219.1250  EKtot   =     54619.4185  EPtot      =   -288838.5435
 BOND   =      1106.1601  ANGLE   =      2961.8702  DIHED      =      2248.9846
 1-4 NB =      1315.9097  1-4 EEL =     15173.7213  VDWAALS    =     36543.9103
 EELEC  =   -348189.0996  EHBOND  =         0.0000  RESTRAINT  =         0.0000
 Ewald error estimate:   0.2452E-04
 ------------------------------------------------------------------------------

check COM velocity, temp:        0.000000     0.00(Removed)

 NSTEP =    18000   TIME(PS) =    2569.675  TEMP(K) =   297.70  PRESS =     0.0
 Etot   =   -234218.2704  EKtot   =     54670.4690  EPtot      =   -288888.7394
 BOND   =      1155.4709  ANGLE   =      2958.5190  DIHED      =      2277.3709
 1-4 NB =      1285.3534  1-4 EEL =     15002.9393  VDWAALS    =     36426.0887
 EELEC  =   -347994.4816  EHBOND  =         0.0000  RESTRAINT  =         0.0000
 Ewald error estimate:   0.3405E-04
 ------------------------------------------------------------------------------


 NSTEP =    18100   TIME(PS) =    2569.825  TEMP(K) =   298.82  PRESS =     0.0
 Etot   =   -234219.0120  EKtot   =     54875.3462  EPtot      =   -289094.3582
 BOND   =      1099.6889  ANGLE   =      2931.8076  DIHED      =      2244.2968
 1-4 NB =      1312.3193  1-4 EEL =     15143.2859  VDWAALS    =     36740.9303
 EELEC  =   -348566.6871  EHBOND  =         0.0000  RESTRAINT  =         0.0000
 Ewald error estimate:   0.5417E-04
 ------------------------------------------------------------------------------


 NSTEP =    18200   TIME(PS) =    2569.975  TEMP(K) =   298.45  PRESS =     0.0
 Etot   =   -234219.4898  EKtot   =     54806.8275  EPtot      =   -289026.3174
 BOND   =      1106.0504  ANGLE   =      2882.8878  DIHED      =      2242.0420
 1-4 NB =      1307.9131  1-4 EEL =     15177.8686  VDWAALS    =     36705.6066
 EELEC  =   -348448.6858  EHBOND  =         0.0000  RESTRAINT  =         0.0000
 Ewald error estimate:   0.2315E-04
 ------------------------------------------------------------------------------

check COM velocity, temp:        0.000000     0.00(Removed)

 NSTEP =    18300   TIME(PS) =    2570.125  TEMP(K) =   298.63  PRESS =     0.0
 Etot   =   -234219.5486  EKtot   =     54841.0523  EPtot      =   -289060.6009
 BOND   =      1064.1965  ANGLE   =      2982.6810  DIHED      =      2279.9865
 1-4 NB =      1311.7110  1-4 EEL =     15100.6271  VDWAALS    =     37009.5713
 EELEC  =   -348809.3743  EHBOND  =         0.0000  RESTRAINT  =         0.0000
 Ewald error estimate:   0.4673E-04
 ------------------------------------------------------------------------------


 NSTEP =    18400   TIME(PS) =    2570.275  TEMP(K) =   298.28  PRESS =     0.0
 Etot   =   -234219.8519  EKtot   =     54776.7379  EPtot      =   -288996.5898
 BOND   =      1084.8007  ANGLE   =      2923.3045  DIHED      =      2251.6792
 1-4 NB =      1326.3112  1-4 EEL =     15103.7231  VDWAALS    =     36915.0677
 EELEC  =   -348601.4761  EHBOND  =         0.0000  RESTRAINT  =         0.0000
 Ewald error estimate:   0.5276E-04
 ------------------------------------------------------------------------------

check COM velocity, temp:        0.000000     0.00(Removed)

 NSTEP =    18500   TIME(PS) =    2570.425  TEMP(K) =   299.75  PRESS =     0.0
 Etot   =   -234220.0421  EKtot   =     55046.9384  EPtot      =   -289266.9805
 BOND   =      1144.0461  ANGLE   =      2927.7369  DIHED      =      2215.3631
 1-4 NB =      1321.6923  1-4 EEL =     15117.3271  VDWAALS    =     37412.8367
 EELEC  =   -349405.9827  EHBOND  =         0.0000  RESTRAINT  =         0.0000
 Ewald error estimate:   0.6633E-06
 ------------------------------------------------------------------------------


 NSTEP =    18600   TIME(PS) =    2570.575  TEMP(K) =   298.30  PRESS =     0.0
 Etot   =   -234219.0876  EKtot   =     54779.4683  EPtot      =   -288998.5559
 BOND   =      1124.8721  ANGLE   =      2888.6871  DIHED      =      2247.6568
 1-4 NB =      1352.5836  1-4 EEL =     15093.5290  VDWAALS    =     36925.8913
 EELEC  =   -348631.7758  EHBOND  =         0.0000  RESTRAINT  =         0.0000
 Ewald error estimate:   0.2719E-04
 ------------------------------------------------------------------------------


 NSTEP =    18700   TIME(PS) =    2570.725  TEMP(K) =   298.68  PRESS =     0.0
 Etot   =   -234218.8592  EKtot   =     54848.9290  EPtot      =   -289067.7881
 BOND   =      1132.4490  ANGLE   =      2918.5246  DIHED      =      2247.6249
 1-4 NB =      1317.6059  1-4 EEL =     15020.7879  VDWAALS    =     36402.1243
 EELEC  =   -348106.9048  EHBOND  =         0.0000  RESTRAINT  =         0.0000
 Ewald error estimate:   0.3587E-04
 ------------------------------------------------------------------------------

check COM velocity, temp:        0.000000     0.00(Removed)

 NSTEP =    18800   TIME(PS) =    2570.875  TEMP(K) =   299.61  PRESS =     0.0
 Etot   =   -234221.3051  EKtot   =     55019.7318  EPtot      =   -289241.0370
 BOND   =      1088.7395  ANGLE   =      2951.3215  DIHED      =      2247.8098
 1-4 NB =      1316.1347  1-4 EEL =     15102.4705  VDWAALS    =     36615.5522
 EELEC  =   -348563.0652  EHBOND  =         0.0000  RESTRAINT  =         0.0000
 Ewald error estimate:   0.2791E-04
 ------------------------------------------------------------------------------


 NSTEP =    18900   TIME(PS) =    2571.025  TEMP(K) =   297.62  PRESS =     0.0
 Etot   =   -234219.0555  EKtot   =     54655.9098  EPtot      =   -288874.9653
 BOND   =      1045.8075  ANGLE   =      2985.6329  DIHED      =      2296.0252
 1-4 NB =      1347.3271  1-4 EEL =     15122.4520  VDWAALS    =     36594.3826
 EELEC  =   -348266.5927  EHBOND  =         0.0000  RESTRAINT  =         0.0000
 Ewald error estimate:   0.6921E-04
 ------------------------------------------------------------------------------

check COM velocity, temp:        0.000000     0.00(Removed)

 NSTEP =    19000   TIME(PS) =    2571.175  TEMP(K) =   298.12  PRESS =     0.0
 Etot   =   -234216.0901  EKtot   =     54746.4356  EPtot      =   -288962.5257
 BOND   =      1130.6958  ANGLE   =      3039.1167  DIHED      =      2249.5362
 1-4 NB =      1296.5738  1-4 EEL =     15088.4622  VDWAALS    =     36455.3760
 EELEC  =   -348222.2865  EHBOND  =         0.0000  RESTRAINT  =         0.0000
 Ewald error estimate:   0.5117E-04
 ------------------------------------------------------------------------------


 NSTEP =    19100   TIME(PS) =    2571.325  TEMP(K) =   298.74  PRESS =     0.0
 Etot   =   -234219.9576  EKtot   =     54861.6073  EPtot      =   -289081.5649
 BOND   =      1187.1346  ANGLE   =      2908.6295  DIHED      =      2256.5886
 1-4 NB =      1306.9848  1-4 EEL =     15116.4500  VDWAALS    =     36709.3336
 EELEC  =   -348566.6860  EHBOND  =         0.0000  RESTRAINT  =         0.0000
 Ewald error estimate:   0.1137E-04
 ------------------------------------------------------------------------------


 NSTEP =    19200   TIME(PS) =    2571.475  TEMP(K) =   298.22  PRESS =     0.0
 Etot   =   -234220.5951  EKtot   =     54764.8409  EPtot      =   -288985.4360
 BOND   =      1121.5666  ANGLE   =      2977.2736  DIHED      =      2229.7856
 1-4 NB =      1329.5015  1-4 EEL =     15113.7009  VDWAALS    =     36359.7202
 EELEC  =   -348116.9843  EHBOND  =         0.0000  RESTRAINT  =         0.0000
 Ewald error estimate:   0.2589E-04
 ------------------------------------------------------------------------------

check COM velocity, temp:        0.000000     0.00(Removed)

 NSTEP =    19300   TIME(PS) =    2571.625  TEMP(K) =   297.64  PRESS =     0.0
 Etot   =   -234219.1834  EKtot   =     54657.8173  EPtot      =   -288877.0007
 BOND   =      1102.0729  ANGLE   =      3025.8128  DIHED      =      2239.4862
 1-4 NB =      1321.6055  1-4 EEL =     15118.6137  VDWAALS    =     36630.9513
 EELEC  =   -348315.5431  EHBOND  =         0.0000  RESTRAINT  =         0.0000
 Ewald error estimate:   0.1746E-04
 ------------------------------------------------------------------------------


 NSTEP =    19400   TIME(PS) =    2571.775  TEMP(K) =   297.50  PRESS =     0.0
 Etot   =   -234215.6464  EKtot   =     54632.7142  EPtot      =   -288848.3606
 BOND   =      1144.6883  ANGLE   =      2927.0737  DIHED      =      2216.2066
 1-4 NB =      1323.9569  1-4 EEL =     15138.0979  VDWAALS    =     35881.0879
 EELEC  =   -347479.4719  EHBOND  =         0.0000  RESTRAINT  =         0.0000
 Ewald error estimate:   0.9278E-04
 ------------------------------------------------------------------------------

check COM velocity, temp:        0.000000     0.00(Removed)

 NSTEP =    19500   TIME(PS) =    2571.925  TEMP(K) =   297.79  PRESS =     0.0
 Etot   =   -234215.7386  EKtot   =     54686.0007  EPtot      =   -288901.7393
 BOND   =      1092.6637  ANGLE   =      2980.1172  DIHED      =      2256.9800
 1-4 NB =      1321.6953  1-4 EEL =     15092.1747  VDWAALS    =     36981.4609
 EELEC  =   -348626.8311  EHBOND  =         0.0000  RESTRAINT  =         0.0000
 Ewald error estimate:   0.4673E-04
 ------------------------------------------------------------------------------


 NSTEP =    19600   TIME(PS) =    2572.075  TEMP(K) =   297.69  PRESS =     0.0
 Etot   =   -234216.4517  EKtot   =     54667.9292  EPtot      =   -288884.3809
 BOND   =      1111.8299  ANGLE   =      2937.2230  DIHED      =      2256.5020
 1-4 NB =      1315.7828  1-4 EEL =     15137.4997  VDWAALS    =     36704.7946
 EELEC  =   -348348.0129  EHBOND  =         0.0000  RESTRAINT  =         0.0000
 Ewald error estimate:   0.6720E-04
 ------------------------------------------------------------------------------


 NSTEP =    19700   TIME(PS) =    2572.225  TEMP(K) =   298.96  PRESS =     0.0
 Etot   =   -234220.2481  EKtot   =     54900.4363  EPtot      =   -289120.6844
 BOND   =      1112.8758  ANGLE   =      2969.0830  DIHED      =      2286.9800
 1-4 NB =      1304.4391  1-4 EEL =     15047.1893  VDWAALS    =     37257.5308
 EELEC  =   -349098.7825  EHBOND  =         0.0000  RESTRAINT  =         0.0000
 Ewald error estimate:   0.1223E-03
 ------------------------------------------------------------------------------

check COM velocity, temp:        0.000000     0.00(Removed)

 NSTEP =    19800   TIME(PS) =    2572.375  TEMP(K) =   298.57  PRESS =     0.0
 Etot   =   -234219.4339  EKtot   =     54829.4818  EPtot      =   -289048.9157
 BOND   =      1111.3383  ANGLE   =      2935.2221  DIHED      =      2269.7552
 1-4 NB =      1323.2531  1-4 EEL =     15139.7513  VDWAALS    =     36193.1673
 EELEC  =   -348021.4031  EHBOND  =         0.0000  RESTRAINT  =         0.0000
 Ewald error estimate:   0.3780E-04
 ------------------------------------------------------------------------------


 NSTEP =    19900   TIME(PS) =    2572.525  TEMP(K) =   298.22  PRESS =     0.0
 Etot   =   -234222.2909  EKtot   =     54765.4355  EPtot      =   -288987.7264
 BOND   =      1108.8122  ANGLE   =      2881.0227  DIHED      =      2282.1172
 1-4 NB =      1298.5287  1-4 EEL =     15068.8828  VDWAALS    =     36856.0711
 EELEC  =   -348483.1613  EHBOND  =         0.0000  RESTRAINT  =         0.0000
 Ewald error estimate:   0.5826E-04
 ------------------------------------------------------------------------------

check COM velocity, temp:        0.000000     0.00(Removed)

 NSTEP =    20000   TIME(PS) =    2572.675  TEMP(K) =   298.38  PRESS =     0.0
 Etot   =   -234219.4347  EKtot   =     54794.2950  EPtot      =   -289013.7297
 BOND   =      1117.2056  ANGLE   =      2984.9148  DIHED      =      2277.7160
 1-4 NB =      1284.6707  1-4 EEL =     15114.6815  VDWAALS    =     37094.5970
 EELEC  =   -348887.5153  EHBOND  =         0.0000  RESTRAINT  =         0.0000
 Ewald error estimate:   0.8772E-04
 ------------------------------------------------------------------------------


 NSTEP =    20100   TIME(PS) =    2572.825  TEMP(K) =   299.92  PRESS =     0.0
 Etot   =   -234223.9542  EKtot   =     55077.7136  EPtot      =   -289301.6678
 BOND   =      1112.2805  ANGLE   =      2832.9526  DIHED      =      2247.7159
 1-4 NB =      1317.6758  1-4 EEL =     15129.7978  VDWAALS    =     37121.9695
 EELEC  =   -349064.0598  EHBOND  =         0.0000  RESTRAINT  =         0.0000
 Ewald error estimate:   0.4133E-04
 ------------------------------------------------------------------------------


 NSTEP =    20200   TIME(PS) =    2572.975  TEMP(K) =   298.75  PRESS =     0.0
 Etot   =   -234219.8439  EKtot   =     54863.4443  EPtot      =   -289083.2883
 BOND   =      1109.4444  ANGLE   =      2972.3144  DIHED      =      2224.6365
 1-4 NB =      1326.4234  1-4 EEL =     15121.7226  VDWAALS    =     36816.3775
 EELEC  =   -348654.2071  EHBOND  =         0.0000  RESTRAINT  =         0.0000
 Ewald error estimate:   0.4563E-04
 ------------------------------------------------------------------------------

check COM velocity, temp:        0.000000     0.00(Removed)

 NSTEP =    20300   TIME(PS) =    2573.125  TEMP(K) =   298.44  PRESS =     0.0
 Etot   =   -234219.1844  EKtot   =     54805.9746  EPtot      =   -289025.1589
 BOND   =      1098.5275  ANGLE   =      2995.3020  DIHED      =      2254.9619
 1-4 NB =      1325.8030  1-4 EEL =     15144.6824  VDWAALS    =     36667.4745
 EELEC  =   -348511.9102  EHBOND  =         0.0000  RESTRAINT  =         0.0000
 Ewald error estimate:   0.3365E-04
 ------------------------------------------------------------------------------


 NSTEP =    20400   TIME(PS) =    2573.275  TEMP(K) =   298.28  PRESS =     0.0
 Etot   =   -234220.4930  EKtot   =     54777.1298  EPtot      =   -288997.6228
 BOND   =      1089.1461  ANGLE   =      3036.7889  DIHED      =      2281.7772
 1-4 NB =      1331.0538  1-4 EEL =     15062.4716  VDWAALS    =     36875.1601
 EELEC  =   -348674.0206  EHBOND  =         0.0000  RESTRAINT  =         0.0000
 Ewald error estimate:   0.1913E-05
 ------------------------------------------------------------------------------

check COM velocity, temp:        0.000000     0.00(Removed)

 NSTEP =    20500   TIME(PS) =    2573.425  TEMP(K) =   297.81  PRESS =     0.0
 Etot   =   -234219.3921  EKtot   =     54690.4344  EPtot      =   -288909.8265
 BOND   =      1118.7596  ANGLE   =      2929.4564  DIHED      =      2224.5533
 1-4 NB =      1323.7629  1-4 EEL =     15181.1820  VDWAALS    =     36788.2874
 EELEC  =   -348475.8279  EHBOND  =         0.0000  RESTRAINT  =         0.0000
 Ewald error estimate:   0.6155E-04
 ------------------------------------------------------------------------------


 NSTEP =    20600   TIME(PS) =    2573.575  TEMP(K) =   298.28  PRESS =     0.0
 Etot   =   -234220.6535  EKtot   =     54776.9288  EPtot      =   -288997.5823
 BOND   =      1076.9172  ANGLE   =      2985.4390  DIHED      =      2270.8430
 1-4 NB =      1304.6772  1-4 EEL =     15105.9889  VDWAALS    =     36953.0075
 EELEC  =   -348694.4551  EHBOND  =         0.0000  RESTRAINT  =         0.0000
 Ewald error estimate:   0.5406E-04
 ------------------------------------------------------------------------------


 NSTEP =    20700   TIME(PS) =    2573.725  TEMP(K) =   297.40  PRESS =     0.0
 Etot   =   -234219.3064  EKtot   =     54613.8863  EPtot      =   -288833.1927
 BOND   =      1159.3140  ANGLE   =      2930.3589  DIHED      =      2251.1435
 1-4 NB =      1331.1346  1-4 EEL =     15117.2745  VDWAALS    =     36553.0856
 EELEC  =   -348175.5038  EHBOND  =         0.0000  RESTRAINT  =         0.0000
 Ewald error estimate:   0.7229E-04
 ------------------------------------------------------------------------------

check COM velocity, temp:        0.000000     0.00(Removed)

 NSTEP =    20800   TIME(PS) =    2573.875  TEMP(K) =   299.70  PRESS =     0.0
 Etot   =   -234221.5314  EKtot   =     55037.3580  EPtot      =   -289258.8894
 BOND   =      1131.7217  ANGLE   =      2935.4569  DIHED      =      2251.4857
 1-4 NB =      1280.9591  1-4 EEL =     15074.6618  VDWAALS    =     36615.1035
 EELEC  =   -348548.2782  EHBOND  =         0.0000  RESTRAINT  =         0.0000
 Ewald error estimate:   0.3732E-04
 ------------------------------------------------------------------------------


 NSTEP =    20900   TIME(PS) =    2574.025  TEMP(K) =   298.63  PRESS =     0.0
 Etot   =   -234218.4023  EKtot   =     54841.0425  EPtot      =   -289059.4448
 BOND   =      1105.5268  ANGLE   =      2913.8934  DIHED      =      2265.2590
 1-4 NB =      1313.3886  1-4 EEL =     15079.0614  VDWAALS    =     36132.7410
 EELEC  =   -347869.3150  EHBOND  =         0.0000  RESTRAINT  =         0.0000
 Ewald error estimate:   0.3145E-04
 ------------------------------------------------------------------------------

check COM velocity, temp:        0.000000     0.00(Removed)

 NSTEP =    21000   TIME(PS) =    2574.175  TEMP(K) =   299.28  PRESS =     0.0
 Etot   =   -234220.3392  EKtot   =     54960.1942  EPtot      =   -289180.5334
 BOND   =      1102.3902  ANGLE   =      2986.0863  DIHED      =      2281.4515
 1-4 NB =      1310.0500  1-4 EEL =     15113.0224  VDWAALS    =     36798.0272
 EELEC  =   -348771.5610  EHBOND  =         0.0000  RESTRAINT  =         0.0000
 Ewald error estimate:   0.2832E-05
 ------------------------------------------------------------------------------


 NSTEP =    21100   TIME(PS) =    2574.325  TEMP(K) =   298.55  PRESS =     0.0
 Etot   =   -234220.2413  EKtot   =     54825.6081  EPtot      =   -289045.8494
 BOND   =      1090.3831  ANGLE   =      2929.8224  DIHED      =      2262.4695
 1-4 NB =      1312.2728  1-4 EEL =     15136.4516  VDWAALS    =     37078.7374
 EELEC  =   -348855.9862  EHBOND  =         0.0000  RESTRAINT  =         0.0000
 Ewald error estimate:   0.2814E-04
 ------------------------------------------------------------------------------


 NSTEP =    21200   TIME(PS) =    2574.475  TEMP(K) =   297.89  PRESS =     0.0
 Etot   =   -234219.7307  EKtot   =     54704.0924  EPtot      =   -288923.8231
 BOND   =      1122.1696  ANGLE   =      2933.7603  DIHED      =      2254.5385
 1-4 NB =      1332.9827  1-4 EEL =     15128.6335  VDWAALS    =     36830.5141
 EELEC  =   -348526.4218  EHBOND  =         0.0000  RESTRAINT  =         0.0000
 Ewald error estimate:   0.1118E-04
 ------------------------------------------------------------------------------

check COM velocity, temp:        0.000000     0.00(Removed)

 NSTEP =    21300   TIME(PS) =    2574.625  TEMP(K) =   299.13  PRESS =     0.0
 Etot   =   -234220.6231  EKtot   =     54932.0629  EPtot      =   -289152.6860
 BOND   =      1105.3766  ANGLE   =      2917.7947  DIHED      =      2282.6303
 1-4 NB =      1304.3445  1-4 EEL =     15133.4832  VDWAALS    =     36712.6487
 EELEC  =   -348608.9640  EHBOND  =         0.0000  RESTRAINT  =         0.0000
 Ewald error estimate:   0.5160E-04
 ------------------------------------------------------------------------------


 NSTEP =    21400   TIME(PS) =    2574.775  TEMP(K) =   299.91  PRESS =     0.0
 Etot   =   -234220.7377  EKtot   =     55075.0417  EPtot      =   -289295.7794
 BOND   =      1081.2386  ANGLE   =      3059.0866  DIHED      =      2257.6495
 1-4 NB =      1328.4401  1-4 EEL =     15047.8854  VDWAALS    =     37077.6519
 EELEC  =   -349147.7316  EHBOND  =         0.0000  RESTRAINT  =         0.0000
 Ewald error estimate:   0.5442E-04
 ------------------------------------------------------------------------------

check COM velocity, temp:        0.000000     0.00(Removed)

 NSTEP =    21500   TIME(PS) =    2574.925  TEMP(K) =   299.03  PRESS =     0.0
 Etot   =   -234219.2672  EKtot   =     54913.7290  EPtot      =   -289132.9962
 BOND   =      1166.8580  ANGLE   =      2957.6062  DIHED      =      2242.6712
 1-4 NB =      1297.1962  1-4 EEL =     15100.4535  VDWAALS    =     36168.3913
 EELEC  =   -348066.1725  EHBOND  =         0.0000  RESTRAINT  =         0.0000
 Ewald error estimate:   0.2967E-04
 ------------------------------------------------------------------------------


 NSTEP =    21600   TIME(PS) =    2575.075  TEMP(K) =   298.11  PRESS =     0.0
 Etot   =   -234219.3119  EKtot   =     54745.1285  EPtot      =   -288964.4404
 BOND   =      1129.9887  ANGLE   =      2960.5773  DIHED      =      2214.1555
 1-4 NB =      1310.1597  1-4 EEL =     15121.6686  VDWAALS    =     36896.2351
 EELEC  =   -348597.2253  EHBOND  =         0.0000  RESTRAINT  =         0.0000
 Ewald error estimate:   0.2135E-04
 ------------------------------------------------------------------------------


 NSTEP =    21700   TIME(PS) =    2575.225  TEMP(K) =   297.72  PRESS =     0.0
 Etot   =   -234221.9120  EKtot   =     54672.6394  EPtot      =   -288894.5514
 BOND   =      1031.9812  ANGLE   =      2957.5356  DIHED      =      2312.7555
 1-4 NB =      1319.6696  1-4 EEL =     15140.5027  VDWAALS    =     36903.9346
 EELEC  =   -348560.9306  EHBOND  =         0.0000  RESTRAINT  =         0.0000
 Ewald error estimate:   0.2177E-04
 ------------------------------------------------------------------------------

check COM velocity, temp:        0.000000     0.00(Removed)

 NSTEP =    21800   TIME(PS) =    2575.375  TEMP(K) =   297.95  PRESS =     0.0
 Etot   =   -234220.5867  EKtot   =     54715.0046  EPtot      =   -288935.5913
 BOND   =      1064.2211  ANGLE   =      2958.1986  DIHED      =      2280.9547
 1-4 NB =      1355.0554  1-4 EEL =     15133.9290  VDWAALS    =     36914.3009
 EELEC  =   -348642.2512  EHBOND  =         0.0000  RESTRAINT  =         0.0000
 Ewald error estimate:   0.2853E-04
 ------------------------------------------------------------------------------


 NSTEP =    21900   TIME(PS) =    2575.525  TEMP(K) =   299.37  PRESS =     0.0
 Etot   =   -234221.2995  EKtot   =     54975.6369  EPtot      =   -289196.9364
 BOND   =      1105.6601  ANGLE   =      2993.1476  DIHED      =      2254.0854
 1-4 NB =      1301.2345  1-4 EEL =     15045.4943  VDWAALS    =     36771.1573
 EELEC  =   -348667.7157  EHBOND  =         0.0000  RESTRAINT  =         0.0000
 Ewald error estimate:   0.3888E-05
 ------------------------------------------------------------------------------

check COM velocity, temp:        0.000000     0.00(Removed)

 NSTEP =    22000   TIME(PS) =    2575.675  TEMP(K) =   299.79  PRESS =     0.0
 Etot   =   -234220.5793  EKtot   =     55054.0423  EPtot      =   -289274.6215
 BOND   =      1093.7913  ANGLE   =      2944.3702  DIHED      =      2242.0582
 1-4 NB =      1316.0166  1-4 EEL =     15076.5295  VDWAALS    =     36366.6548
 EELEC  =   -348314.0420  EHBOND  =         0.0000  RESTRAINT  =         0.0000
 Ewald error estimate:   0.6281E-04
 ------------------------------------------------------------------------------


 NSTEP =    22100   TIME(PS) =    2575.825  TEMP(K) =   297.91  PRESS =     0.0
 Etot   =   -234219.4168  EKtot   =     54708.2676  EPtot      =   -288927.6844
 BOND   =      1154.1830  ANGLE   =      3002.0324  DIHED      =      2244.6361
 1-4 NB =      1300.2262  1-4 EEL =     15109.6628  VDWAALS    =     36565.9055
 EELEC  =   -348304.3304  EHBOND  =         0.0000  RESTRAINT  =         0.0000
 Ewald error estimate:   0.2906E-04
 ------------------------------------------------------------------------------


 NSTEP =    22200   TIME(PS) =    2575.975  TEMP(K) =   299.87  PRESS =     0.0
 Etot   =   -234217.7527  EKtot   =     55069.1240  EPtot      =   -289286.8767
 BOND   =      1172.6795  ANGLE   =      2903.1930  DIHED      =      2248.7565
 1-4 NB =      1333.8582  1-4 EEL =     15129.5525  VDWAALS    =     36461.6882
 EELEC  =   -348536.6046  EHBOND  =         0.0000  RESTRAINT  =         0.0000
 Ewald error estimate:   0.4851E-04
 ------------------------------------------------------------------------------

check COM velocity, temp:        0.000000     0.00(Removed)

 NSTEP =    22300   TIME(PS) =    2576.125  TEMP(K) =   298.76  PRESS =     0.0
 Etot   =   -234222.0504  EKtot   =     54863.8932  EPtot      =   -289085.9436
 BOND   =      1137.6315  ANGLE   =      2961.5556  DIHED      =      2252.5077
 1-4 NB =      1292.7956  1-4 EEL =     15050.4837  VDWAALS    =     37029.8618
 EELEC  =   -348810.7795  EHBOND  =         0.0000  RESTRAINT  =         0.0000
 Ewald error estimate:   0.2160E-04
 ------------------------------------------------------------------------------


 NSTEP =    22400   TIME(PS) =    2576.275  TEMP(K) =   297.11  PRESS =     0.0
 Etot   =   -234219.8796  EKtot   =     54560.9212  EPtot      =   -288780.8008
 BOND   =      1091.2655  ANGLE   =      2980.2239  DIHED      =      2268.1242
 1-4 NB =      1305.2097  1-4 EEL =     15087.5911  VDWAALS    =     36762.9447
 EELEC  =   -348276.1599  EHBOND  =         0.0000  RESTRAINT  =         0.0000
 Ewald error estimate:   0.3606E-04
 ------------------------------------------------------------------------------

check COM velocity, temp:        0.000000     0.00(Removed)

 NSTEP =    22500   TIME(PS) =    2576.425  TEMP(K) =   297.81  PRESS =     0.0
 Etot   =   -234218.4658  EKtot   =     54689.9333  EPtot      =   -288908.3991
 BOND   =      1139.5541  ANGLE   =      2978.6764  DIHED      =      2253.9819
 1-4 NB =      1302.7840  1-4 EEL =     15071.6056  VDWAALS    =     37084.4115
 EELEC  =   -348739.4126  EHBOND  =         0.0000  RESTRAINT  =         0.0000
 Ewald error estimate:   0.2787E-04
 ------------------------------------------------------------------------------


 NSTEP =    22600   TIME(PS) =    2576.575  TEMP(K) =   297.03  PRESS =     0.0
 Etot   =   -234217.2225  EKtot   =     54545.8394  EPtot      =   -288763.0619
 BOND   =      1126.0658  ANGLE   =      3022.7994  DIHED      =      2215.6771
 1-4 NB =      1320.2062  1-4 EEL =     15036.0800  VDWAALS    =     36646.1354
 EELEC  =   -348130.0259  EHBOND  =         0.0000  RESTRAINT  =         0.0000
 Ewald error estimate:   0.5478E-04
 ------------------------------------------------------------------------------


 NSTEP =    22700   TIME(PS) =    2576.725  TEMP(K) =   298.54  PRESS =     0.0
 Etot   =   -234219.5339  EKtot   =     54823.1974  EPtot      =   -289042.7313
 BOND   =      1122.5262  ANGLE   =      2954.4042  DIHED      =      2273.7134
 1-4 NB =      1295.7190  1-4 EEL =     15084.8083  VDWAALS    =     36582.9104
 EELEC  =   -348356.8127  EHBOND  =         0.0000  RESTRAINT  =         0.0000
 Ewald error estimate:   0.5993E-04
 ------------------------------------------------------------------------------

check COM velocity, temp:        0.000000     0.00(Removed)

 NSTEP =    22800   TIME(PS) =    2576.875  TEMP(K) =   298.51  PRESS =     0.0
 Etot   =   -234215.7583  EKtot   =     54819.0982  EPtot      =   -289034.8564
 BOND   =      1093.5043  ANGLE   =      3034.9905  DIHED      =      2237.9645
 1-4 NB =      1320.3982  1-4 EEL =     15153.8606  VDWAALS    =     36809.7365
 EELEC  =   -348685.3110  EHBOND  =         0.0000  RESTRAINT  =         0.0000
 Ewald error estimate:   0.3990E-04
 ------------------------------------------------------------------------------


 NSTEP =    22900   TIME(PS) =    2577.025  TEMP(K) =   298.92  PRESS =     0.0
 Etot   =   -234220.3130  EKtot   =     54893.3642  EPtot      =   -289113.6772
 BOND   =      1113.6632  ANGLE   =      2967.2992  DIHED      =      2269.8850
 1-4 NB =      1314.3760  1-4 EEL =     15133.7706  VDWAALS    =     37163.5655
 EELEC  =   -349076.2369  EHBOND  =         0.0000  RESTRAINT  =         0.0000
 Ewald error estimate:   0.4661E-04
 ------------------------------------------------------------------------------

check COM velocity, temp:        0.000000     0.00(Removed)

 NSTEP =    23000   TIME(PS) =    2577.175  TEMP(K) =   297.92  PRESS =     0.0
 Etot   =   -234220.2199  EKtot   =     54710.5356  EPtot      =   -288930.7554
 BOND   =      1138.4039  ANGLE   =      2958.2992  DIHED      =      2214.7735
 1-4 NB =      1335.6924  1-4 EEL =     15028.5307  VDWAALS    =     36608.7906
 EELEC  =   -348215.2458  EHBOND  =         0.0000  RESTRAINT  =         0.0000
 Ewald error estimate:   0.9880E-05
 ------------------------------------------------------------------------------


 NSTEP =    23100   TIME(PS) =    2577.325  TEMP(K) =   299.61  PRESS =     0.0
 Etot   =   -234220.4078  EKtot   =     55020.6679  EPtot      =   -289241.0757
 BOND   =      1157.7314  ANGLE   =      2897.6720  DIHED      =      2226.6228
 1-4 NB =      1322.3203  1-4 EEL =     15107.2154  VDWAALS    =     36613.9416
 EELEC  =   -348566.5792  EHBOND  =         0.0000  RESTRAINT  =         0.0000
 Ewald error estimate:   0.3896E-04
 ------------------------------------------------------------------------------


 NSTEP =    23200   TIME(PS) =    2577.475  TEMP(K) =   298.02  PRESS =     0.0
 Etot   =   -234217.7269  EKtot   =     54728.6610  EPtot      =   -288946.3879
 BOND   =      1091.0360  ANGLE   =      2983.6564  DIHED      =      2288.2885
 1-4 NB =      1310.9742  1-4 EEL =     15062.1736  VDWAALS    =     36581.3598
 EELEC  =   -348263.8765  EHBOND  =         0.0000  RESTRAINT  =         0.0000
 Ewald error estimate:   0.5719E-04
 ------------------------------------------------------------------------------

check COM velocity, temp:        0.000000     0.00(Removed)

 NSTEP =    23300   TIME(PS) =    2577.625  TEMP(K) =   298.25  PRESS =     0.0
 Etot   =   -234220.5533  EKtot   =     54770.0645  EPtot      =   -288990.6179
 BOND   =      1156.8129  ANGLE   =      2984.3568  DIHED      =      2232.6701
 1-4 NB =      1288.1164  1-4 EEL =     15052.4295  VDWAALS    =     36357.0988
 EELEC  =   -348062.1023  EHBOND  =         0.0000  RESTRAINT  =         0.0000
 Ewald error estimate:   0.7324E-05
 ------------------------------------------------------------------------------


 NSTEP =    23400   TIME(PS) =    2577.775  TEMP(K) =   298.42  PRESS =     0.0
 Etot   =   -234219.5731  EKtot   =     54801.5941  EPtot      =   -289021.1671
 BOND   =      1133.6966  ANGLE   =      2962.2015  DIHED      =      2225.7119
 1-4 NB =      1311.0011  1-4 EEL =     15113.4151  VDWAALS    =     36652.5607
 EELEC  =   -348419.7540  EHBOND  =         0.0000  RESTRAINT  =         0.0000
 Ewald error estimate:   0.7422E-04
 ------------------------------------------------------------------------------

check COM velocity, temp:        0.000000     0.00(Removed)

 NSTEP =    23500   TIME(PS) =    2577.925  TEMP(K) =   299.29  PRESS =     0.0
 Etot   =   -234218.5490  EKtot   =     54960.8898  EPtot      =   -289179.4388
 BOND   =      1130.6834  ANGLE   =      2885.8674  DIHED      =      2273.1303
 1-4 NB =      1320.3333  1-4 EEL =     15170.6266  VDWAALS    =     36577.3025
 EELEC  =   -348537.3823  EHBOND  =         0.0000  RESTRAINT  =         0.0000
 Ewald error estimate:   0.1334E-04
 ------------------------------------------------------------------------------


 NSTEP =    23600   TIME(PS) =    2578.075  TEMP(K) =   299.08  PRESS =     0.0
 Etot   =   -234219.1510  EKtot   =     54922.9808  EPtot      =   -289142.1318
 BOND   =      1097.9152  ANGLE   =      2935.7348  DIHED      =      2255.8910
 1-4 NB =      1288.9743  1-4 EEL =     15108.4141  VDWAALS    =     36893.4308
 EELEC  =   -348722.4921  EHBOND  =         0.0000  RESTRAINT  =         0.0000
 Ewald error estimate:   0.1209E-04
 ------------------------------------------------------------------------------


 NSTEP =    23700   TIME(PS) =    2578.225  TEMP(K) =   300.30  PRESS =     0.0
 Etot   =   -234220.0199  EKtot   =     55147.5255  EPtot      =   -289367.5454
 BOND   =      1151.0569  ANGLE   =      2917.2417  DIHED      =      2237.3917
 1-4 NB =      1302.4292  1-4 EEL =     15052.0749  VDWAALS    =     37020.4312
 EELEC  =   -349048.1711  EHBOND  =         0.0000  RESTRAINT  =         0.0000
 Ewald error estimate:   0.8259E-04
 ------------------------------------------------------------------------------

check COM velocity, temp:        0.000000     0.00(Removed)

 NSTEP =    23800   TIME(PS) =    2578.375  TEMP(K) =   297.76  PRESS =     0.0
 Etot   =   -234219.3816  EKtot   =     54681.1482  EPtot      =   -288900.5298
 BOND   =      1129.8252  ANGLE   =      2925.2427  DIHED      =      2289.8140
 1-4 NB =      1312.3343  1-4 EEL =     15097.3278  VDWAALS    =     36883.3402
 EELEC  =   -348538.4141  EHBOND  =         0.0000  RESTRAINT  =         0.0000
 Ewald error estimate:   0.4454E-04
 ------------------------------------------------------------------------------


 NSTEP =    23900   TIME(PS) =    2578.525  TEMP(K) =   299.80  PRESS =     0.0
 Etot   =   -234220.1851  EKtot   =     55055.5580  EPtot      =   -289275.7431
 BOND   =      1106.9790  ANGLE   =      3024.6794  DIHED      =      2278.9488
 1-4 NB =      1295.3219  1-4 EEL =     14991.6019  VDWAALS    =     36975.8375
 EELEC  =   -348949.1116  EHBOND  =         0.0000  RESTRAINT  =         0.0000
 Ewald error estimate:   0.1369E-04
 ------------------------------------------------------------------------------

check COM velocity, temp:        0.000000     0.00(Removed)

 NSTEP =    24000   TIME(PS) =    2578.675  TEMP(K) =   298.36  PRESS =     0.0
 Etot   =   -234217.7840  EKtot   =     54790.7768  EPtot      =   -289008.5608
 BOND   =      1106.8044  ANGLE   =      2968.0647  DIHED      =      2250.4495
 1-4 NB =      1308.9970  1-4 EEL =     15085.8956  VDWAALS    =     36851.2336
 EELEC  =   -348580.0056  EHBOND  =         0.0000  RESTRAINT  =         0.0000
 Ewald error estimate:   0.4453E-04
 ------------------------------------------------------------------------------


 NSTEP =    24100   TIME(PS) =    2578.825  TEMP(K) =   299.45  PRESS =     0.0
 Etot   =   -234219.7585  EKtot   =     54991.0785  EPtot      =   -289210.8370
 BOND   =      1074.0037  ANGLE   =      2996.7990  DIHED      =      2259.4671
 1-4 NB =      1302.6015  1-4 EEL =     15021.7873  VDWAALS    =     36791.5408
 EELEC  =   -348657.0364  EHBOND  =         0.0000  RESTRAINT  =         0.0000
 Ewald error estimate:   0.1304E-04
 ------------------------------------------------------------------------------


 NSTEP =    24200   TIME(PS) =    2578.975  TEMP(K) =   298.58  PRESS =     0.0
 Etot   =   -234217.4197  EKtot   =     54831.0387  EPtot      =   -289048.4584
 BOND   =      1131.1975  ANGLE   =      2919.3829  DIHED      =      2225.4341
 1-4 NB =      1336.5878  1-4 EEL =     15061.2693  VDWAALS    =     36799.8894
 EELEC  =   -348522.2194  EHBOND  =         0.0000  RESTRAINT  =         0.0000
 Ewald error estimate:   0.6472E-04
 ------------------------------------------------------------------------------

check COM velocity, temp:        0.000000     0.00(Removed)

 NSTEP =    24300   TIME(PS) =    2579.125  TEMP(K) =   298.93  PRESS =     0.0
 Etot   =   -234219.1586  EKtot   =     54895.0626  EPtot      =   -289114.2211
 BOND   =      1153.7367  ANGLE   =      2918.0967  DIHED      =      2252.2935
 1-4 NB =      1309.5300  1-4 EEL =     15081.1177  VDWAALS    =     36690.0759
 EELEC  =   -348519.0715  EHBOND  =         0.0000  RESTRAINT  =         0.0000
 Ewald error estimate:   0.6662E-04
 ------------------------------------------------------------------------------


 NSTEP =    24400   TIME(PS) =    2579.275  TEMP(K) =   297.90  PRESS =     0.0
 Etot   =   -234218.0333  EKtot   =     54707.1409  EPtot      =   -288925.1742
 BOND   =      1154.8956  ANGLE   =      2971.5735  DIHED      =      2221.0692
 1-4 NB =      1303.4563  1-4 EEL =     15094.2115  VDWAALS    =     36529.2961
 EELEC  =   -348199.6763  EHBOND  =         0.0000  RESTRAINT  =         0.0000
 Ewald error estimate:   0.8258E-04
 ------------------------------------------------------------------------------

check COM velocity, temp:        0.000000     0.00(Removed)

 NSTEP =    24500   TIME(PS) =    2579.425  TEMP(K) =   297.21  PRESS =     0.0
 Etot   =   -234216.4499  EKtot   =     54580.1024  EPtot      =   -288796.5523
 BOND   =      1110.7852  ANGLE   =      3070.7755  DIHED      =      2235.0965
 1-4 NB =      1309.4009  1-4 EEL =     15061.3463  VDWAALS    =     36272.7580
 EELEC  =   -347856.7146  EHBOND  =         0.0000  RESTRAINT  =         0.0000
 Ewald error estimate:   0.6458E-04
 ------------------------------------------------------------------------------


 NSTEP =    24600   TIME(PS) =    2579.575  TEMP(K) =   299.28  PRESS =     0.0
 Etot   =   -234220.4026  EKtot   =     54960.7660  EPtot      =   -289181.1686
 BOND   =      1123.5135  ANGLE   =      2979.3114  DIHED      =      2255.1968
 1-4 NB =      1292.5034  1-4 EEL =     15018.4762  VDWAALS    =     36701.1008
 EELEC  =   -348551.2707  EHBOND  =         0.0000  RESTRAINT  =         0.0000
 Ewald error estimate:   0.6352E-04
 ------------------------------------------------------------------------------


 NSTEP =    24700   TIME(PS) =    2579.725  TEMP(K) =   298.82  PRESS =     0.0
 Etot   =   -234219.6435  EKtot   =     54875.6939  EPtot      =   -289095.3373
 BOND   =      1115.0222  ANGLE   =      2932.6759  DIHED      =      2275.6071
 1-4 NB =      1292.5320  1-4 EEL =     15138.3590  VDWAALS    =     36713.6897
 EELEC  =   -348563.2232  EHBOND  =         0.0000  RESTRAINT  =         0.0000
 Ewald error estimate:   0.1888E-04
 ------------------------------------------------------------------------------

check COM velocity, temp:        0.000000     0.00(Removed)

 NSTEP =    24800   TIME(PS) =    2579.875  TEMP(K) =   297.60  PRESS =     0.0
 Etot   =   -234217.7936  EKtot   =     54652.0442  EPtot      =   -288869.8378
 BOND   =      1167.0939  ANGLE   =      3003.5762  DIHED      =      2290.6902
 1-4 NB =      1294.0717  1-4 EEL =     15078.8090  VDWAALS    =     36724.3362
 EELEC  =   -348428.4150  EHBOND  =         0.0000  RESTRAINT  =         0.0000
 Ewald error estimate:   0.6235E-05
 ------------------------------------------------------------------------------


 NSTEP =    24900   TIME(PS) =    2580.025  TEMP(K) =   297.97  PRESS =     0.0
 Etot   =   -234218.4383  EKtot   =     54720.1691  EPtot      =   -288938.6074
 BOND   =      1115.7771  ANGLE   =      2973.7522  DIHED      =      2263.9399
 1-4 NB =      1309.2922  1-4 EEL =     15138.6616  VDWAALS    =     36650.5322
 EELEC  =   -348390.5626  EHBOND  =         0.0000  RESTRAINT  =         0.0000
 Ewald error estimate:   0.5446E-04
 ------------------------------------------------------------------------------

check COM velocity, temp:        0.000000     0.00(Removed)

 NSTEP =    25000   TIME(PS) =    2580.175  TEMP(K) =   297.51  PRESS =     0.0
 Etot   =   -234218.2438  EKtot   =     54634.6754  EPtot      =   -288852.9192
 BOND   =      1135.9761  ANGLE   =      3000.2720  DIHED      =      2268.1514
 1-4 NB =      1316.3523  1-4 EEL =     15138.2950  VDWAALS    =     36841.9301
 EELEC  =   -348553.8961  EHBOND  =         0.0000  RESTRAINT  =         0.0000
 Ewald error estimate:   0.2751E-04
 ------------------------------------------------------------------------------


 NSTEP =    25100   TIME(PS) =    2580.325  TEMP(K) =   298.09  PRESS =     0.0
 Etot   =   -234221.6935  EKtot   =     54742.0172  EPtot      =   -288963.7107
 BOND   =      1105.2108  ANGLE   =      2945.8548  DIHED      =      2260.0346
 1-4 NB =      1316.1378  1-4 EEL =     15043.7526  VDWAALS    =     36258.3301
 EELEC  =   -347893.0315  EHBOND  =         0.0000  RESTRAINT  =         0.0000
 Ewald error estimate:   0.2178E-04
 ------------------------------------------------------------------------------


 NSTEP =    25200   TIME(PS) =    2580.475  TEMP(K) =   299.62  PRESS =     0.0
 Etot   =   -234220.6340  EKtot   =     55021.4938  EPtot      =   -289242.1278
 BOND   =      1100.6136  ANGLE   =      2923.7071  DIHED      =      2243.2326
 1-4 NB =      1270.0907  1-4 EEL =     15078.0671  VDWAALS    =     37284.6301
 EELEC  =   -349142.4691  EHBOND  =         0.0000  RESTRAINT  =         0.0000
 Ewald error estimate:   0.2271E-04
 ------------------------------------------------------------------------------

check COM velocity, temp:        0.000000     0.00(Removed)

 NSTEP =    25300   TIME(PS) =    2580.625  TEMP(K) =   297.62  PRESS =     0.0
 Etot   =   -234219.0213  EKtot   =     54655.3602  EPtot      =   -288874.3815
 BOND   =      1151.0943  ANGLE   =      2937.5820  DIHED      =      2246.1040
 1-4 NB =      1305.1246  1-4 EEL =     15077.6599  VDWAALS    =     36622.7479
 EELEC  =   -348214.6941  EHBOND  =         0.0000  RESTRAINT  =         0.0000
 Ewald error estimate:   0.5057E-04
 ------------------------------------------------------------------------------


 NSTEP =    25400   TIME(PS) =    2580.775  TEMP(K) =   297.12  PRESS =     0.0
 Etot   =   -234216.4050  EKtot   =     54563.7112  EPtot      =   -288780.1162
 BOND   =      1170.1036  ANGLE   =      2966.0616  DIHED      =      2244.3392
 1-4 NB =      1315.4748  1-4 EEL =     15084.2095  VDWAALS    =     36279.7627
 EELEC  =   -347840.0675  EHBOND  =         0.0000  RESTRAINT  =         0.0000
 Ewald error estimate:   0.5381E-04
 ------------------------------------------------------------------------------

check COM velocity, temp:        0.000000     0.00(Removed)

 NSTEP =    25500   TIME(PS) =    2580.925  TEMP(K) =   299.42  PRESS =     0.0
 Etot   =   -234219.4171  EKtot   =     54986.4867  EPtot      =   -289205.9038
 BOND   =      1080.0180  ANGLE   =      2990.2169  DIHED      =      2233.6600
 1-4 NB =      1282.3181  1-4 EEL =     15137.2573  VDWAALS    =     36520.3374
 EELEC  =   -348449.7115  EHBOND  =         0.0000  RESTRAINT  =         0.0000
 Ewald error estimate:   0.4384E-04
 ------------------------------------------------------------------------------


 NSTEP =    25600   TIME(PS) =    2581.075  TEMP(K) =   299.76  PRESS =     0.0
 Etot   =   -234220.4112  EKtot   =     55047.1224  EPtot      =   -289267.5336
 BOND   =      1071.3444  ANGLE   =      2906.8278  DIHED      =      2253.4556
 1-4 NB =      1306.6414  1-4 EEL =     15194.5301  VDWAALS    =     37006.0565
 EELEC  =   -349006.3895  EHBOND  =         0.0000  RESTRAINT  =         0.0000
 Ewald error estimate:   0.7153E-04
 ------------------------------------------------------------------------------


 NSTEP =    25700   TIME(PS) =    2581.225  TEMP(K) =   298.66  PRESS =     0.0
 Etot   =   -234216.5068  EKtot   =     54846.0822  EPtot      =   -289062.5890
 BOND   =      1106.5967  ANGLE   =      2972.6644  DIHED      =      2245.9469
 1-4 NB =      1335.9636  1-4 EEL =     15136.4341  VDWAALS    =     36732.0074
 EELEC  =   -348592.2020  EHBOND  =         0.0000  RESTRAINT  =         0.0000
 Ewald error estimate:   0.6900E-04
 ------------------------------------------------------------------------------

check COM velocity, temp:        0.000000     0.00(Removed)

 NSTEP =    25800   TIME(PS) =    2581.375  TEMP(K) =   297.63  PRESS =     0.0
 Etot   =   -234213.1338  EKtot   =     54657.5127  EPtot      =   -288870.6465
 BOND   =      1156.7513  ANGLE   =      3021.3050  DIHED      =      2241.2124
 1-4 NB =      1277.4894  1-4 EEL =     15141.5510  VDWAALS    =     36864.2826
 EELEC  =   -348573.2383  EHBOND  =         0.0000  RESTRAINT  =         0.0000
 Ewald error estimate:   0.6842E-04
 ------------------------------------------------------------------------------


 NSTEP =    25900   TIME(PS) =    2581.525  TEMP(K) =   299.18  PRESS =     0.0
 Etot   =   -234219.3756  EKtot   =     54940.8891  EPtot      =   -289160.2647
 BOND   =      1145.3203  ANGLE   =      2921.5088  DIHED      =      2308.8905
 1-4 NB =      1294.0821  1-4 EEL =     15179.9880  VDWAALS    =     36691.5603
 EELEC  =   -348701.6148  EHBOND  =         0.0000  RESTRAINT  =         0.0000
 Ewald error estimate:   0.1184E-04
 ------------------------------------------------------------------------------

check COM velocity, temp:        0.000000     0.00(Removed)

 NSTEP =    26000   TIME(PS) =    2581.675  TEMP(K) =   299.01  PRESS =     0.0
 Etot   =   -234218.2593  EKtot   =     54910.5940  EPtot      =   -289128.8533
 BOND   =      1078.2601  ANGLE   =      2971.5824  DIHED      =      2254.2693
 1-4 NB =      1326.0023  1-4 EEL =     15104.9157  VDWAALS    =     37019.6930
 EELEC  =   -348883.5760  EHBOND  =         0.0000  RESTRAINT  =         0.0000
 Ewald error estimate:   0.6889E-05
 ------------------------------------------------------------------------------


 NSTEP =    26100   TIME(PS) =    2581.825  TEMP(K) =   299.02  PRESS =     0.0
 Etot   =   -234218.1789  EKtot   =     54911.6470  EPtot      =   -289129.8259
 BOND   =      1068.4427  ANGLE   =      2968.1654  DIHED      =      2234.2486
 1-4 NB =      1301.3351  1-4 EEL =     15117.3051  VDWAALS    =     36723.1996
 EELEC  =   -348542.5223  EHBOND  =         0.0000  RESTRAINT  =         0.0000
 Ewald error estimate:   0.1109E-03
 ------------------------------------------------------------------------------


 NSTEP =    26200   TIME(PS) =    2581.975  TEMP(K) =   296.79  PRESS =     0.0
 Etot   =   -234216.1061  EKtot   =     54501.9298  EPtot      =   -288718.0359
 BOND   =      1149.3512  ANGLE   =      3055.2646  DIHED      =      2269.6211
 1-4 NB =      1317.2748  1-4 EEL =     15036.0585  VDWAALS    =     36615.2173
 EELEC  =   -348160.8234  EHBOND  =         0.0000  RESTRAINT  =         0.0000
 Ewald error estimate:   0.4126E-05
 ------------------------------------------------------------------------------

check COM velocity, temp:        0.000000     0.00(Removed)

 NSTEP =    26300   TIME(PS) =    2582.125  TEMP(K) =   298.89  PRESS =     0.0
 Etot   =   -234219.7503  EKtot   =     54888.0312  EPtot      =   -289107.7816
 BOND   =      1115.4625  ANGLE   =      2943.8980  DIHED      =      2293.4621
 1-4 NB =      1286.0696  1-4 EEL =     15089.6528  VDWAALS    =     36550.7823
 EELEC  =   -348387.1089  EHBOND  =         0.0000  RESTRAINT  =         0.0000
 Ewald error estimate:   0.8764E-04
 ------------------------------------------------------------------------------


 NSTEP =    26400   TIME(PS) =    2582.275  TEMP(K) =   299.06  PRESS =     0.0
 Etot   =   -234218.4612  EKtot   =     54919.3929  EPtot      =   -289137.8541
 BOND   =      1142.0477  ANGLE   =      2965.2616  DIHED      =      2242.0530
 1-4 NB =      1314.8655  1-4 EEL =     15147.1221  VDWAALS    =     36556.5730
 EELEC  =   -348505.7771  EHBOND  =         0.0000  RESTRAINT  =         0.0000
 Ewald error estimate:   0.3531E-04
 ------------------------------------------------------------------------------

check COM velocity, temp:        0.000000     0.00(Removed)

 NSTEP =    26500   TIME(PS) =    2582.425  TEMP(K) =   299.29  PRESS =     0.0
 Etot   =   -234219.1056  EKtot   =     54960.8190  EPtot      =   -289179.9247
 BOND   =      1106.0769  ANGLE   =      2976.0932  DIHED      =      2210.8025
 1-4 NB =      1312.9561  1-4 EEL =     15152.3206  VDWAALS    =     36789.0255
 EELEC  =   -348727.1995  EHBOND  =         0.0000  RESTRAINT  =         0.0000
 Ewald error estimate:   0.3094E-04
 ------------------------------------------------------------------------------


 NSTEP =    26600   TIME(PS) =    2582.575  TEMP(K) =   299.28  PRESS =     0.0
 Etot   =   -234218.9302  EKtot   =     54960.6477  EPtot      =   -289179.5779
 BOND   =      1134.6434  ANGLE   =      2966.1619  DIHED      =      2225.1500
 1-4 NB =      1293.8953  1-4 EEL =     15110.1172  VDWAALS    =     36434.8052
 EELEC  =   -348344.3508  EHBOND  =         0.0000  RESTRAINT  =         0.0000
 Ewald error estimate:   0.6391E-04
 ------------------------------------------------------------------------------


 NSTEP =    26700   TIME(PS) =    2582.725  TEMP(K) =   298.72  PRESS =     0.0
 Etot   =   -234220.1154  EKtot   =     54856.3066  EPtot      =   -289076.4219
 BOND   =      1129.3297  ANGLE   =      2960.3846  DIHED      =      2245.1600
 1-4 NB =      1276.4649  1-4 EEL =     15110.5377  VDWAALS    =     36450.3130
 EELEC  =   -348248.6118  EHBOND  =         0.0000  RESTRAINT  =         0.0000
 Ewald error estimate:   0.5942E-04
 ------------------------------------------------------------------------------

check COM velocity, temp:        0.000000     0.00(Removed)

 NSTEP =    26800   TIME(PS) =    2582.875  TEMP(K) =   300.78  PRESS =     0.0
 Etot   =   -234220.2362  EKtot   =     55235.9389  EPtot      =   -289456.1751
 BOND   =      1092.1116  ANGLE   =      2968.1841  DIHED      =      2214.1544
 1-4 NB =      1311.3307  1-4 EEL =     15061.2095  VDWAALS    =     36318.6708
 EELEC  =   -348421.8363  EHBOND  =         0.0000  RESTRAINT  =         0.0000
 Ewald error estimate:   0.6425E-04
 ------------------------------------------------------------------------------


 NSTEP =    26900   TIME(PS) =    2583.025  TEMP(K) =   299.23  PRESS =     0.0
 Etot   =   -234221.2835  EKtot   =     54950.6881  EPtot      =   -289171.9716
 BOND   =      1064.9887  ANGLE   =      2890.1352  DIHED      =      2245.1349
 1-4 NB =      1330.5006  1-4 EEL =     15140.6122  VDWAALS    =     36496.4344
 EELEC  =   -348339.7777  EHBOND  =         0.0000  RESTRAINT  =         0.0000
 Ewald error estimate:   0.2465E-04
 ------------------------------------------------------------------------------

check COM velocity, temp:        0.000000     0.00(Removed)

 NSTEP =    27000   TIME(PS) =    2583.175  TEMP(K) =   297.91  PRESS =     0.0
 Etot   =   -234217.0126  EKtot   =     54707.6897  EPtot      =   -288924.7023
 BOND   =      1139.5079  ANGLE   =      2925.8129  DIHED      =      2233.7684
 1-4 NB =      1338.8073  1-4 EEL =     15106.7540  VDWAALS    =     36496.6365
 EELEC  =   -348165.9893  EHBOND  =         0.0000  RESTRAINT  =         0.0000
 Ewald error estimate:   0.7163E-04
 ------------------------------------------------------------------------------


 NSTEP =    27100   TIME(PS) =    2583.325  TEMP(K) =   298.20  PRESS =     0.0
 Etot   =   -234218.7774  EKtot   =     54762.0359  EPtot      =   -288980.8133
 BOND   =      1128.1397  ANGLE   =      2941.5049  DIHED      =      2244.9111
 1-4 NB =      1318.6827  1-4 EEL =     15158.4209  VDWAALS    =     37081.2124
 EELEC  =   -348853.6849  EHBOND  =         0.0000  RESTRAINT  =         0.0000
 Ewald error estimate:   0.4698E-04
 ------------------------------------------------------------------------------


 NSTEP =    27200   TIME(PS) =    2583.475  TEMP(K) =   298.90  PRESS =     0.0
 Etot   =   -234218.5746  EKtot   =     54889.5308  EPtot      =   -289108.1054
 BOND   =      1111.9931  ANGLE   =      2977.5925  DIHED      =      2277.7483
 1-4 NB =      1294.5206  1-4 EEL =     15132.0476  VDWAALS    =     36683.4635
 EELEC  =   -348585.4711  EHBOND  =         0.0000  RESTRAINT  =         0.0000
 Ewald error estimate:   0.1792E-04
 ------------------------------------------------------------------------------

check COM velocity, temp:        0.000000     0.00(Removed)

 NSTEP =    27300   TIME(PS) =    2583.625  TEMP(K) =   298.56  PRESS =     0.0
 Etot   =   -234219.9328  EKtot   =     54827.7593  EPtot      =   -289047.6921
 BOND   =      1098.9185  ANGLE   =      2946.3602  DIHED      =      2255.3079
 1-4 NB =      1305.3624  1-4 EEL =     15131.1875  VDWAALS    =     36549.5244
 EELEC  =   -348334.3530  EHBOND  =         0.0000  RESTRAINT  =         0.0000
 Ewald error estimate:   0.1665E-04
 ------------------------------------------------------------------------------


 NSTEP =    27400   TIME(PS) =    2583.775  TEMP(K) =   297.65  PRESS =     0.0
 Etot   =   -234215.4638  EKtot   =     54660.3249  EPtot      =   -288875.7888
 BOND   =      1142.1611  ANGLE   =      2950.7846  DIHED      =      2236.3569
 1-4 NB =      1320.9569  1-4 EEL =     15112.2395  VDWAALS    =     36786.7321
 EELEC  =   -348425.0199  EHBOND  =         0.0000  RESTRAINT  =         0.0000
 Ewald error estimate:   0.8577E-04
 ------------------------------------------------------------------------------

check COM velocity, temp:        0.000000     0.00(Removed)

 NSTEP =    27500   TIME(PS) =    2583.925  TEMP(K) =   298.51  PRESS =     0.0
 Etot   =   -234216.5865  EKtot   =     54817.9764  EPtot      =   -289034.5629
 BOND   =      1146.4408  ANGLE   =      2919.8228  DIHED      =      2227.6691
 1-4 NB =      1323.0302  1-4 EEL =     15132.5256  VDWAALS    =     37076.5573
 EELEC  =   -348860.6086  EHBOND  =         0.0000  RESTRAINT  =         0.0000
 Ewald error estimate:   0.6898E-04
 ------------------------------------------------------------------------------


 NSTEP =    27600   TIME(PS) =    2584.075  TEMP(K) =   299.87  PRESS =     0.0
 Etot   =   -234218.5843  EKtot   =     55068.2247  EPtot      =   -289286.8091
 BOND   =      1133.5143  ANGLE   =      2911.4488  DIHED      =      2232.8636
 1-4 NB =      1304.8841  1-4 EEL =     15130.3948  VDWAALS    =     36728.9662
 EELEC  =   -348728.8809  EHBOND  =         0.0000  RESTRAINT  =         0.0000
 Ewald error estimate:   0.8278E-04
 ------------------------------------------------------------------------------


 NSTEP =    27700   TIME(PS) =    2584.225  TEMP(K) =   298.87  PRESS =     0.0
 Etot   =   -234218.2687  EKtot   =     54884.2147  EPtot      =   -289102.4835
 BOND   =      1075.5104  ANGLE   =      2962.8758  DIHED      =      2227.6889
 1-4 NB =      1322.2395  1-4 EEL =     15118.2232  VDWAALS    =     36530.0473
 EELEC  =   -348339.0685  EHBOND  =         0.0000  RESTRAINT  =         0.0000
 Ewald error estimate:   0.4634E-04
 ------------------------------------------------------------------------------

check COM velocity, temp:        0.000000     0.00(Removed)

 NSTEP =    27800   TIME(PS) =    2584.375  TEMP(K) =   299.11  PRESS =     0.0
 Etot   =   -234219.9455  EKtot   =     54928.0360  EPtot      =   -289147.9815
 BOND   =      1055.0571  ANGLE   =      3043.1731  DIHED      =      2224.1331
 1-4 NB =      1312.0486  1-4 EEL =     15053.9562  VDWAALS    =     37006.1317
 EELEC  =   -348842.4812  EHBOND  =         0.0000  RESTRAINT  =         0.0000
 Ewald error estimate:   0.3666E-04
 ------------------------------------------------------------------------------


 NSTEP =    27900   TIME(PS) =    2584.525  TEMP(K) =   298.52  PRESS =     0.0
 Etot   =   -234218.6865  EKtot   =     54820.2436  EPtot      =   -289038.9301
 BOND   =      1095.4854  ANGLE   =      2966.3505  DIHED      =      2238.9967
 1-4 NB =      1320.4479  1-4 EEL =     15096.3949  VDWAALS    =     36963.4340
 EELEC  =   -348720.0395  EHBOND  =         0.0000  RESTRAINT  =         0.0000
 Ewald error estimate:   0.1240E-03
 ------------------------------------------------------------------------------

check COM velocity, temp:        0.000000     0.00(Removed)

 NSTEP =    28000   TIME(PS) =    2584.675  TEMP(K) =   299.13  PRESS =     0.0
 Etot   =   -234218.0202  EKtot   =     54932.1006  EPtot      =   -289150.1208
 BOND   =      1174.9627  ANGLE   =      2960.0814  DIHED      =      2242.9817
 1-4 NB =      1279.7594  1-4 EEL =     15166.0118  VDWAALS    =     36160.4840
 EELEC  =   -348134.4018  EHBOND  =         0.0000  RESTRAINT  =         0.0000
 Ewald error estimate:   0.5360E-04
 ------------------------------------------------------------------------------


 NSTEP =    28100   TIME(PS) =    2584.825  TEMP(K) =   299.37  PRESS =     0.0
 Etot   =   -234218.7776  EKtot   =     54976.0396  EPtot      =   -289194.8171
 BOND   =      1123.2539  ANGLE   =      2948.0652  DIHED      =      2260.0253
 1-4 NB =      1326.2260  1-4 EEL =     15075.2007  VDWAALS    =     37103.6955
 EELEC  =   -349031.2837  EHBOND  =         0.0000  RESTRAINT  =         0.0000
 Ewald error estimate:   0.7513E-04
 ------------------------------------------------------------------------------


 NSTEP =    28200   TIME(PS) =    2584.975  TEMP(K) =   299.12  PRESS =     0.0
 Etot   =   -234218.0959  EKtot   =     54929.7871  EPtot      =   -289147.8829
 BOND   =      1109.1976  ANGLE   =      2965.6888  DIHED      =      2234.4359
 1-4 NB =      1312.7053  1-4 EEL =     15138.5954  VDWAALS    =     36759.1962
 EELEC  =   -348667.7021  EHBOND  =         0.0000  RESTRAINT  =         0.0000
 Ewald error estimate:   0.4708E-05
 ------------------------------------------------------------------------------

check COM velocity, temp:        0.000000     0.00(Removed)

 NSTEP =    28300   TIME(PS) =    2585.125  TEMP(K) =   297.96  PRESS =     0.0
 Etot   =   -234217.3911  EKtot   =     54717.2826  EPtot      =   -288934.6737
 BOND   =      1133.9781  ANGLE   =      2881.3700  DIHED      =      2267.1517
 1-4 NB =      1339.8972  1-4 EEL =     15072.3189  VDWAALS    =     36600.5631
 EELEC  =   -348229.9526  EHBOND  =         0.0000  RESTRAINT  =         0.0000
 Ewald error estimate:   0.4141E-04
 ------------------------------------------------------------------------------


 NSTEP =    28400   TIME(PS) =    2585.275  TEMP(K) =   298.41  PRESS =     0.0
 Etot   =   -234218.4149  EKtot   =     54800.2729  EPtot      =   -289018.6878
 BOND   =      1123.5989  ANGLE   =      3009.8751  DIHED      =      2260.8652
 1-4 NB =      1294.8989  1-4 EEL =     15084.9518  VDWAALS    =     36269.0076
 EELEC  =   -348061.8853  EHBOND  =         0.0000  RESTRAINT  =         0.0000
 Ewald error estimate:   0.2926E-04
 ------------------------------------------------------------------------------

check COM velocity, temp:        0.000000     0.00(Removed)

 NSTEP =    28500   TIME(PS) =    2585.425  TEMP(K) =   300.44  PRESS =     0.0
 Etot   =   -234222.1479  EKtot   =     55172.1573  EPtot      =   -289394.3051
 BOND   =      1122.9228  ANGLE   =      2931.0632  DIHED      =      2249.6734
 1-4 NB =      1314.4999  1-4 EEL =     15073.1696  VDWAALS    =     36648.7797
 EELEC  =   -348734.4138  EHBOND  =         0.0000  RESTRAINT  =         0.0000
 Ewald error estimate:   0.1839E-04
 ------------------------------------------------------------------------------


 NSTEP =    28600   TIME(PS) =    2585.575  TEMP(K) =   298.46  PRESS =     0.0
 Etot   =   -234219.5724  EKtot   =     54808.8872  EPtot      =   -289028.4597
 BOND   =      1095.0694  ANGLE   =      2972.9284  DIHED      =      2251.2074
 1-4 NB =      1297.6952  1-4 EEL =     15136.6966  VDWAALS    =     36600.4994
 EELEC  =   -348382.5560  EHBOND  =         0.0000  RESTRAINT  =         0.0000
 Ewald error estimate:   0.3091E-04
 ------------------------------------------------------------------------------


 NSTEP =    28700   TIME(PS) =    2585.725  TEMP(K) =   298.32  PRESS =     0.0
 Etot   =   -234221.3473  EKtot   =     54784.4069  EPtot      =   -289005.7542
 BOND   =      1153.9653  ANGLE   =      2942.9283  DIHED      =      2239.7611
 1-4 NB =      1280.2831  1-4 EEL =     15054.6640  VDWAALS    =     36788.8839
 EELEC  =   -348466.2399  EHBOND  =         0.0000  RESTRAINT  =         0.0000
 Ewald error estimate:   0.1376E-06
 ------------------------------------------------------------------------------

check COM velocity, temp:        0.000000     0.00(Removed)

 NSTEP =    28800   TIME(PS) =    2585.875  TEMP(K) =   298.83  PRESS =     0.0
 Etot   =   -234217.3556  EKtot   =     54876.5948  EPtot      =   -289093.9505
 BOND   =      1176.6270  ANGLE   =      3009.9421  DIHED      =      2218.2894
 1-4 NB =      1296.9643  1-4 EEL =     15027.2508  VDWAALS    =     37010.1102
 EELEC  =   -348833.1343  EHBOND  =         0.0000  RESTRAINT  =         0.0000
 Ewald error estimate:   0.2039E-04
 ------------------------------------------------------------------------------


 NSTEP =    28900   TIME(PS) =    2586.025  TEMP(K) =   297.63  PRESS =     0.0
 Etot   =   -234216.8015  EKtot   =     54656.1654  EPtot      =   -288872.9669
 BOND   =      1082.7436  ANGLE   =      3016.3757  DIHED      =      2220.3507
 1-4 NB =      1337.5123  1-4 EEL =     15155.9648  VDWAALS    =     36423.4163
 EELEC  =   -348109.3304  EHBOND  =         0.0000  RESTRAINT  =         0.0000
 Ewald error estimate:   0.6887E-04
 ------------------------------------------------------------------------------

check COM velocity, temp:        0.000000     0.00(Removed)

 NSTEP =    29000   TIME(PS) =    2586.175  TEMP(K) =   297.46  PRESS =     0.0
 Etot   =   -234219.4350  EKtot   =     54625.1236  EPtot      =   -288844.5585
 BOND   =      1075.2716  ANGLE   =      3013.2419  DIHED      =      2237.6650
 1-4 NB =      1307.2658  1-4 EEL =     15063.7716  VDWAALS    =     36881.5085
 EELEC  =   -348423.2829  EHBOND  =         0.0000  RESTRAINT  =         0.0000
 Ewald error estimate:   0.5503E-04
 ------------------------------------------------------------------------------


 NSTEP =    29100   TIME(PS) =    2586.325  TEMP(K) =   298.72  PRESS =     0.0
 Etot   =   -234221.0473  EKtot   =     54857.6948  EPtot      =   -289078.7421
 BOND   =      1131.2389  ANGLE   =      2885.2910  DIHED      =      2265.9151
 1-4 NB =      1312.3640  1-4 EEL =     15137.3278  VDWAALS    =     36798.0359
 EELEC  =   -348608.9147  EHBOND  =         0.0000  RESTRAINT  =         0.0000
 Ewald error estimate:   0.6966E-04
 ------------------------------------------------------------------------------


 NSTEP =    29200   TIME(PS) =    2586.475  TEMP(K) =   298.46  PRESS =     0.0
 Etot   =   -234219.3172  EKtot   =     54808.9744  EPtot      =   -289028.2916
 BOND   =      1147.4707  ANGLE   =      2943.4215  DIHED      =      2276.9077
 1-4 NB =      1296.8538  1-4 EEL =     15018.2622  VDWAALS    =     36433.9187
 EELEC  =   -348145.1262  EHBOND  =         0.0000  RESTRAINT  =         0.0000
 Ewald error estimate:   0.2963E-05
 ------------------------------------------------------------------------------

check COM velocity, temp:        0.000000     0.00(Removed)

 NSTEP =    29300   TIME(PS) =    2586.625  TEMP(K) =   299.30  PRESS =     0.0
 Etot   =   -234220.8370  EKtot   =     54963.1625  EPtot      =   -289183.9995
 BOND   =      1132.5692  ANGLE   =      2937.9566  DIHED      =      2261.5640
 1-4 NB =      1295.9625  1-4 EEL =     15054.7047  VDWAALS    =     36382.6312
 EELEC  =   -348249.3878  EHBOND  =         0.0000  RESTRAINT  =         0.0000
 Ewald error estimate:   0.1969E-04
 ------------------------------------------------------------------------------


 NSTEP =    29400   TIME(PS) =    2586.775  TEMP(K) =   298.63  PRESS =     0.0
 Etot   =   -234216.9310  EKtot   =     54841.1551  EPtot      =   -289058.0861
 BOND   =      1148.8107  ANGLE   =      2937.7000  DIHED      =      2255.5688
 1-4 NB =      1298.7067  1-4 EEL =     15063.7699  VDWAALS    =     36543.7591
 EELEC  =   -348306.4012  EHBOND  =         0.0000  RESTRAINT  =         0.0000
 Ewald error estimate:   0.5760E-04
 ------------------------------------------------------------------------------

check COM velocity, temp:        0.000000     0.00(Removed)

 NSTEP =    29500   TIME(PS) =    2586.925  TEMP(K) =   299.43  PRESS =     0.0
 Etot   =   -234216.8732  EKtot   =     54987.8707  EPtot      =   -289204.7439
 BOND   =      1131.5869  ANGLE   =      2932.1413  DIHED      =      2254.1513
 1-4 NB =      1275.4704  1-4 EEL =     15038.3934  VDWAALS    =     36307.8494
 EELEC  =   -348144.3366  EHBOND  =         0.0000  RESTRAINT  =         0.0000
 Ewald error estimate:   0.1320E-05
 ------------------------------------------------------------------------------


 NSTEP =    29600   TIME(PS) =    2587.075  TEMP(K) =   298.14  PRESS =     0.0
 Etot   =   -234217.0789  EKtot   =     54750.6620  EPtot      =   -288967.7409
 BOND   =      1083.7906  ANGLE   =      3005.1695  DIHED      =      2244.3970
 1-4 NB =      1304.5297  1-4 EEL =     15076.6063  VDWAALS    =     36887.6286
 EELEC  =   -348569.8626  EHBOND  =         0.0000  RESTRAINT  =         0.0000
 Ewald error estimate:   0.4666E-04
 ------------------------------------------------------------------------------


 NSTEP =    29700   TIME(PS) =    2587.225  TEMP(K) =   298.51  PRESS =     0.0
 Etot   =   -234217.2110  EKtot   =     54817.8843  EPtot      =   -289035.0952
 BOND   =      1150.8712  ANGLE   =      2997.2214  DIHED      =      2230.2564
 1-4 NB =      1278.6742  1-4 EEL =     14981.0650  VDWAALS    =     36823.5021
 EELEC  =   -348496.6854  EHBOND  =         0.0000  RESTRAINT  =         0.0000
 Ewald error estimate:   0.9828E-04
 ------------------------------------------------------------------------------

check COM velocity, temp:        0.000000     0.00(Removed)

 NSTEP =    29800   TIME(PS) =    2587.375  TEMP(K) =   297.58  PRESS =     0.0
 Etot   =   -234218.2080  EKtot   =     54647.1492  EPtot      =   -288865.3572
 BOND   =      1124.8072  ANGLE   =      2910.0325  DIHED      =      2247.4501
 1-4 NB =      1319.5089  1-4 EEL =     15114.3997  VDWAALS    =     36447.5994
 EELEC  =   -348029.1551  EHBOND  =         0.0000  RESTRAINT  =         0.0000
 Ewald error estimate:   0.2878E-04
 ------------------------------------------------------------------------------


 NSTEP =    29900   TIME(PS) =    2587.525  TEMP(K) =   297.80  PRESS =     0.0
 Etot   =   -234217.0298  EKtot   =     54688.8615  EPtot      =   -288905.8913
 BOND   =      1186.8822  ANGLE   =      2915.0947  DIHED      =      2266.4588
 1-4 NB =      1317.7935  1-4 EEL =     15054.8464  VDWAALS    =     36328.1215
 EELEC  =   -347975.0885  EHBOND  =         0.0000  RESTRAINT  =         0.0000
 Ewald error estimate:   0.9760E-06
 ------------------------------------------------------------------------------

check COM velocity, temp:        0.000000     0.00(Removed)

 NSTEP =    30000   TIME(PS) =    2587.675  TEMP(K) =   297.59  PRESS =     0.0
 Etot   =   -234214.0473  EKtot   =     54650.0367  EPtot      =   -288864.0841
 BOND   =      1125.4442  ANGLE   =      3040.7602  DIHED      =      2234.5418
 1-4 NB =      1307.4153  1-4 EEL =     15008.1291  VDWAALS    =     36704.5111
 EELEC  =   -348284.8859  EHBOND  =         0.0000  RESTRAINT  =         0.0000
 Ewald error estimate:   0.7089E-04
 ------------------------------------------------------------------------------


 NSTEP =    30100   TIME(PS) =    2587.825  TEMP(K) =   299.54  PRESS =     0.0
 Etot   =   -234216.5607  EKtot   =     55006.9861  EPtot      =   -289223.5468
 BOND   =      1114.6628  ANGLE   =      2907.6055  DIHED      =      2252.6720
 1-4 NB =      1318.6501  1-4 EEL =     15092.6933  VDWAALS    =     37031.2302
 EELEC  =   -348941.0606  EHBOND  =         0.0000  RESTRAINT  =         0.0000
 Ewald error estimate:   0.8258E-04
 ------------------------------------------------------------------------------


 NSTEP =    30200   TIME(PS) =    2587.975  TEMP(K) =   299.06  PRESS =     0.0
 Etot   =   -234217.2077  EKtot   =     54919.8204  EPtot      =   -289137.0281
 BOND   =      1116.3782  ANGLE   =      2911.5218  DIHED      =      2270.8535
 1-4 NB =      1310.3208  1-4 EEL =     15130.0906  VDWAALS    =     36860.6104
 EELEC  =   -348736.8034  EHBOND  =         0.0000  RESTRAINT  =         0.0000
 Ewald error estimate:   0.7577E-04
 ------------------------------------------------------------------------------

check COM velocity, temp:        0.000000     0.00(Removed)

 NSTEP =    30300   TIME(PS) =    2588.125  TEMP(K) =   297.67  PRESS =     0.0
 Etot   =   -234218.0201  EKtot   =     54663.3320  EPtot      =   -288881.3521
 BOND   =      1102.0064  ANGLE   =      2931.9068  DIHED      =      2242.6477
 1-4 NB =      1299.5695  1-4 EEL =     15138.0767  VDWAALS    =     36828.6375
 EELEC  =   -348424.1968  EHBOND  =         0.0000  RESTRAINT  =         0.0000
 Ewald error estimate:   0.3805E-04
 ------------------------------------------------------------------------------


 NSTEP =    30400   TIME(PS) =    2588.275  TEMP(K) =   297.33  PRESS =     0.0
 Etot   =   -234220.0293  EKtot   =     54601.0262  EPtot      =   -288821.0555
 BOND   =      1129.1624  ANGLE   =      2926.6899  DIHED      =      2273.1757
 1-4 NB =      1294.2418  1-4 EEL =     15065.6669  VDWAALS    =     36215.0777
 EELEC  =   -347725.0700  EHBOND  =         0.0000  RESTRAINT  =         0.0000
 Ewald error estimate:   0.6067E-04
 ------------------------------------------------------------------------------

check COM velocity, temp:        0.000000     0.00(Removed)

 NSTEP =    30500   TIME(PS) =    2588.425  TEMP(K) =   298.42  PRESS =     0.0
 Etot   =   -234217.4904  EKtot   =     54801.6368  EPtot      =   -289019.1272
 BOND   =      1163.6647  ANGLE   =      2973.6980  DIHED      =      2241.5384
 1-4 NB =      1313.8386  1-4 EEL =     15087.4549  VDWAALS    =     36651.0383
 EELEC  =   -348450.3601  EHBOND  =         0.0000  RESTRAINT  =         0.0000
 Ewald error estimate:   0.2342E-05
 ------------------------------------------------------------------------------


 NSTEP =    30600   TIME(PS) =    2588.575  TEMP(K) =   296.72  PRESS =     0.0
 Etot   =   -234219.2609  EKtot   =     54490.0670  EPtot      =   -288709.3278
 BOND   =      1133.9846  ANGLE   =      2977.6997  DIHED      =      2230.4079
 1-4 NB =      1329.3280  1-4 EEL =     15072.8966  VDWAALS    =     36713.7331
 EELEC  =   -348167.3779  EHBOND  =         0.0000  RESTRAINT  =         0.0000
 Ewald error estimate:   0.1420E-05
 ------------------------------------------------------------------------------


 NSTEP =    30700   TIME(PS) =    2588.725  TEMP(K) =   299.38  PRESS =     0.0
 Etot   =   -234222.2950  EKtot   =     54977.9759  EPtot      =   -289200.2710
 BOND   =      1126.0663  ANGLE   =      2866.1605  DIHED      =      2282.0295
 1-4 NB =      1326.2623  1-4 EEL =     15074.4667  VDWAALS    =     36874.9848
 EELEC  =   -348750.2411  EHBOND  =         0.0000  RESTRAINT  =         0.0000
 Ewald error estimate:   0.6320E-04
 ------------------------------------------------------------------------------

check COM velocity, temp:        0.000000     0.00(Removed)

 NSTEP =    30800   TIME(PS) =    2588.875  TEMP(K) =   299.93  PRESS =     0.0
 Etot   =   -234222.3571  EKtot   =     55079.3583  EPtot      =   -289301.7154
 BOND   =      1141.6332  ANGLE   =      2958.6297  DIHED      =      2236.9032
 1-4 NB =      1333.9625  1-4 EEL =     15087.8028  VDWAALS    =     36595.1558
 EELEC  =   -348655.8026  EHBOND  =         0.0000  RESTRAINT  =         0.0000
 Ewald error estimate:   0.2357E-05
 ------------------------------------------------------------------------------


 NSTEP =    30900   TIME(PS) =    2589.025  TEMP(K) =   299.15  PRESS =     0.0
 Etot   =   -234220.8051  EKtot   =     54935.6069  EPtot      =   -289156.4121
 BOND   =      1122.6150  ANGLE   =      2972.6978  DIHED      =      2256.0457
 1-4 NB =      1306.2425  1-4 EEL =     15113.7279  VDWAALS    =     36817.8762
 EELEC  =   -348745.6170  EHBOND  =         0.0000  RESTRAINT  =         0.0000
 Ewald error estimate:   0.3941E-04
 ------------------------------------------------------------------------------

check COM velocity, temp:        0.000000     0.00(Removed)

 NSTEP =    31000   TIME(PS) =    2589.175  TEMP(K) =   296.87  PRESS =     0.0
 Etot   =   -234220.9115  EKtot   =     54517.3137  EPtot      =   -288738.2251
 BOND   =      1179.4390  ANGLE   =      2976.8447  DIHED      =      2255.2820
 1-4 NB =      1301.5211  1-4 EEL =     15004.6794  VDWAALS    =     36736.1785
 EELEC  =   -348192.1698  EHBOND  =         0.0000  RESTRAINT  =         0.0000
 Ewald error estimate:   0.3621E-04
 ------------------------------------------------------------------------------


 NSTEP =    31100   TIME(PS) =    2589.325  TEMP(K) =   297.16  PRESS =     0.0
 Etot   =   -234216.4734  EKtot   =     54570.2344  EPtot      =   -288786.7079
 BOND   =      1126.9862  ANGLE   =      3031.6833  DIHED      =      2239.9153
 1-4 NB =      1278.4856  1-4 EEL =     14988.6748  VDWAALS    =     36426.4894
 EELEC  =   -347878.9425  EHBOND  =         0.0000  RESTRAINT  =         0.0000
 Ewald error estimate:   0.1024E-03
 ------------------------------------------------------------------------------


 NSTEP =    31200   TIME(PS) =    2589.475  TEMP(K) =   298.96  PRESS =     0.0
 Etot   =   -234219.8991  EKtot   =     54900.7854  EPtot      =   -289120.6846
 BOND   =      1122.5623  ANGLE   =      2977.3242  DIHED      =      2285.6587
 1-4 NB =      1298.0219  1-4 EEL =     15104.3565  VDWAALS    =     37021.4857
 EELEC  =   -348930.0939  EHBOND  =         0.0000  RESTRAINT  =         0.0000
 Ewald error estimate:   0.7340E-04
 ------------------------------------------------------------------------------

check COM velocity, temp:        0.000000     0.00(Removed)

 NSTEP =    31300   TIME(PS) =    2589.625  TEMP(K) =   297.82  PRESS =     0.0
 Etot   =   -234217.7996  EKtot   =     54692.0556  EPtot      =   -288909.8552
 BOND   =      1134.5367  ANGLE   =      2940.3463  DIHED      =      2290.4516
 1-4 NB =      1303.0099  1-4 EEL =     15128.4251  VDWAALS    =     36303.9469
 EELEC  =   -348010.5717  EHBOND  =         0.0000  RESTRAINT  =         0.0000
 Ewald error estimate:   0.5754E-04
 ------------------------------------------------------------------------------


 NSTEP =    31400   TIME(PS) =    2589.775  TEMP(K) =   298.69  PRESS =     0.0
 Etot   =   -234216.4732  EKtot   =     54851.2367  EPtot      =   -289067.7099
 BOND   =      1134.2234  ANGLE   =      2994.9273  DIHED      =      2287.4737
 1-4 NB =      1294.0658  1-4 EEL =     15012.5756  VDWAALS    =     36980.4522
 EELEC  =   -348771.4279  EHBOND  =         0.0000  RESTRAINT  =         0.0000
 Ewald error estimate:   0.1322E-03
 ------------------------------------------------------------------------------

check COM velocity, temp:        0.000000     0.00(Removed)

 NSTEP =    31500   TIME(PS) =    2589.925  TEMP(K) =   299.12  PRESS =     0.0
 Etot   =   -234216.8465  EKtot   =     54929.6819  EPtot      =   -289146.5284
 BOND   =      1071.6950  ANGLE   =      3007.9098  DIHED      =      2233.9461
 1-4 NB =      1325.9739  1-4 EEL =     15118.6178  VDWAALS    =     36225.5702
 EELEC  =   -348130.2412  EHBOND  =         0.0000  RESTRAINT  =         0.0000
 Ewald error estimate:   0.7028E-04
 ------------------------------------------------------------------------------


 NSTEP =    31600   TIME(PS) =    2590.075  TEMP(K) =   298.44  PRESS =     0.0
 Etot   =   -234217.8741  EKtot   =     54805.6347  EPtot      =   -289023.5088
 BOND   =      1136.1919  ANGLE   =      3009.5937  DIHED      =      2255.8810
 1-4 NB =      1308.0322  1-4 EEL =     14993.3091  VDWAALS    =     36204.3672
 EELEC  =   -347930.8839  EHBOND  =         0.0000  RESTRAINT  =         0.0000
 Ewald error estimate:   0.1245E-04
 ------------------------------------------------------------------------------


 NSTEP =    31700   TIME(PS) =    2590.225  TEMP(K) =   298.18  PRESS =     0.0
 Etot   =   -234218.8053  EKtot   =     54758.4373  EPtot      =   -288977.2426
 BOND   =      1147.7405  ANGLE   =      2960.1462  DIHED      =      2284.5307
 1-4 NB =      1313.5360  1-4 EEL =     15005.7703  VDWAALS    =     36917.9211
 EELEC  =   -348606.8875  EHBOND  =         0.0000  RESTRAINT  =         0.0000
 Ewald error estimate:   0.1071E-04
 ------------------------------------------------------------------------------

check COM velocity, temp:        0.000000     0.00(Removed)

 NSTEP =    31800   TIME(PS) =    2590.375  TEMP(K) =   299.77  PRESS =     0.0
 Etot   =   -234221.2542  EKtot   =     55049.8248  EPtot      =   -289271.0790
 BOND   =      1097.3374  ANGLE   =      2885.6803  DIHED      =      2293.3135
 1-4 NB =      1319.8732  1-4 EEL =     15084.9709  VDWAALS    =     37309.1139
 EELEC  =   -349261.3682  EHBOND  =         0.0000  RESTRAINT  =         0.0000
 Ewald error estimate:   0.4931E-04
 ------------------------------------------------------------------------------


 NSTEP =    31900   TIME(PS) =    2590.525  TEMP(K) =   298.67  PRESS =     0.0
 Etot   =   -234220.9053  EKtot   =     54848.4261  EPtot      =   -289069.3314
 BOND   =      1113.7563  ANGLE   =      3012.0255  DIHED      =      2239.3758
 1-4 NB =      1303.2616  1-4 EEL =     15104.4255  VDWAALS    =     36690.8668
 EELEC  =   -348533.0430  EHBOND  =         0.0000  RESTRAINT  =         0.0000
 Ewald error estimate:   0.5050E-04
 ------------------------------------------------------------------------------

check COM velocity, temp:        0.000000     0.00(Removed)

 NSTEP =    32000   TIME(PS) =    2590.675  TEMP(K) =   297.93  PRESS =     0.0
 Etot   =   -234220.5480  EKtot   =     54712.0067  EPtot      =   -288932.5547
 BOND   =      1152.2057  ANGLE   =      2978.9317  DIHED      =      2265.4396
 1-4 NB =      1311.4282  1-4 EEL =     15029.6849  VDWAALS    =     36507.8101
 EELEC  =   -348178.0550  EHBOND  =         0.0000  RESTRAINT  =         0.0000
 Ewald error estimate:   0.1527E-04
 ------------------------------------------------------------------------------


 NSTEP =    32100   TIME(PS) =    2590.825  TEMP(K) =   300.21  PRESS =     0.0
 Etot   =   -234220.2144  EKtot   =     55129.9230  EPtot      =   -289350.1375
 BOND   =      1160.8181  ANGLE   =      2989.5180  DIHED      =      2226.2974
 1-4 NB =      1309.5507  1-4 EEL =     15030.9136  VDWAALS    =     36011.0089
 EELEC  =   -348078.2441  EHBOND  =         0.0000  RESTRAINT  =         0.0000
 Ewald error estimate:   0.1562E-04
 ------------------------------------------------------------------------------


 NSTEP =    32200   TIME(PS) =    2590.975  TEMP(K) =   298.20  PRESS =     0.0
 Etot   =   -234219.2477  EKtot   =     54762.1960  EPtot      =   -288981.4437
 BOND   =      1090.4084  ANGLE   =      2970.8553  DIHED      =      2212.2931
 1-4 NB =      1321.6446  1-4 EEL =     15131.2114  VDWAALS    =     36557.5179
 EELEC  =   -348265.3743  EHBOND  =         0.0000  RESTRAINT  =         0.0000
 Ewald error estimate:   0.8495E-05
 ------------------------------------------------------------------------------

check COM velocity, temp:        0.000000     0.00(Removed)

 NSTEP =    32300   TIME(PS) =    2591.125  TEMP(K) =   298.78  PRESS =     0.0
 Etot   =   -234218.9596  EKtot   =     54868.4890  EPtot      =   -289087.4486
 BOND   =      1159.3946  ANGLE   =      2961.4261  DIHED      =      2248.9698
 1-4 NB =      1296.0115  1-4 EEL =     15034.9954  VDWAALS    =     36534.3430
 EELEC  =   -348322.5890  EHBOND  =         0.0000  RESTRAINT  =         0.0000
 Ewald error estimate:   0.2567E-04
 ------------------------------------------------------------------------------


 NSTEP =    32400   TIME(PS) =    2591.275  TEMP(K) =   297.42  PRESS =     0.0
 Etot   =   -234218.6312  EKtot   =     54618.0744  EPtot      =   -288836.7056
 BOND   =      1096.7741  ANGLE   =      2919.0264  DIHED      =      2273.0956
 1-4 NB =      1309.4848  1-4 EEL =     15143.3967  VDWAALS    =     36939.1309
 EELEC  =   -348517.6140  EHBOND  =         0.0000  RESTRAINT  =         0.0000
 Ewald error estimate:   0.7181E-04
 ------------------------------------------------------------------------------

check COM velocity, temp:        0.000000     0.00(Removed)

 NSTEP =    32500   TIME(PS) =    2591.425  TEMP(K) =   299.53  PRESS =     0.0
 Etot   =   -234219.0977  EKtot   =     55005.2174  EPtot      =   -289224.3151
 BOND   =      1125.5019  ANGLE   =      2962.0836  DIHED      =      2270.5270
 1-4 NB =      1298.2391  1-4 EEL =     15059.1099  VDWAALS    =     36950.5340
 EELEC  =   -348890.3106  EHBOND  =         0.0000  RESTRAINT  =         0.0000
 Ewald error estimate:   0.5514E-04
 ------------------------------------------------------------------------------


 NSTEP =    32600   TIME(PS) =    2591.575  TEMP(K) =   298.50  PRESS =     0.0
 Etot   =   -234219.0137  EKtot   =     54817.5251  EPtot      =   -289036.5388
 BOND   =      1121.9298  ANGLE   =      2926.7407  DIHED      =      2277.1137
 1-4 NB =      1295.4734  1-4 EEL =     15068.0739  VDWAALS    =     36663.4510
 EELEC  =   -348389.3213  EHBOND  =         0.0000  RESTRAINT  =         0.0000
 Ewald error estimate:   0.6689E-04
 ------------------------------------------------------------------------------


 NSTEP =    32700   TIME(PS) =    2591.725  TEMP(K) =   297.55  PRESS =     0.0
 Etot   =   -234216.5007  EKtot   =     54643.0301  EPtot      =   -288859.5308
 BOND   =      1109.3350  ANGLE   =      3000.4937  DIHED      =      2253.3403
 1-4 NB =      1307.0116  1-4 EEL =     15016.0263  VDWAALS    =     36756.4099
 EELEC  =   -348302.1474  EHBOND  =         0.0000  RESTRAINT  =         0.0000
 Ewald error estimate:   0.2933E-04
 ------------------------------------------------------------------------------

check COM velocity, temp:        0.000000     0.00(Removed)

 NSTEP =    32800   TIME(PS) =    2591.875  TEMP(K) =   298.76  PRESS =     0.0
 Etot   =   -234217.7715  EKtot   =     54864.1796  EPtot      =   -289081.9511
 BOND   =      1114.2057  ANGLE   =      3014.8781  DIHED      =      2238.4959
 1-4 NB =      1271.4467  1-4 EEL =     15003.3442  VDWAALS    =     36834.9782
 EELEC  =   -348559.3000  EHBOND  =         0.0000  RESTRAINT  =         0.0000
 Ewald error estimate:   0.1686E-05
 ------------------------------------------------------------------------------


 NSTEP =    32900   TIME(PS) =    2592.025  TEMP(K) =   296.81  PRESS =     0.0
 Etot   =   -234218.0283  EKtot   =     54505.6058  EPtot      =   -288723.6341
 BOND   =      1122.7426  ANGLE   =      2954.9801  DIHED      =      2242.2551
 1-4 NB =      1301.7268  1-4 EEL =     15032.4769  VDWAALS    =     36637.0098
 EELEC  =   -348014.8253  EHBOND  =         0.0000  RESTRAINT  =         0.0000
 Ewald error estimate:   0.2805E-04
 ------------------------------------------------------------------------------

check COM velocity, temp:        0.000000     0.00(Removed)

 NSTEP =    33000   TIME(PS) =    2592.175  TEMP(K) =   297.55  PRESS =     0.0
 Etot   =   -234218.4544  EKtot   =     54642.6246  EPtot      =   -288861.0790
 BOND   =      1061.2937  ANGLE   =      2970.8442  DIHED      =      2270.7678
 1-4 NB =      1334.3003  1-4 EEL =     15164.7071  VDWAALS    =     36966.8712
 EELEC  =   -348629.8633  EHBOND  =         0.0000  RESTRAINT  =         0.0000
 Ewald error estimate:   0.5811E-04
 ------------------------------------------------------------------------------


 NSTEP =    33100   TIME(PS) =    2592.325  TEMP(K) =   298.33  PRESS =     0.0
 Etot   =   -234220.6461  EKtot   =     54785.0351  EPtot      =   -289005.6813
 BOND   =      1136.4034  ANGLE   =      2928.0192  DIHED      =      2258.5584
 1-4 NB =      1306.6923  1-4 EEL =     15071.6725  VDWAALS    =     36976.9587
 EELEC  =   -348683.9858  EHBOND  =         0.0000  RESTRAINT  =         0.0000
 Ewald error estimate:   0.1654E-05
 ------------------------------------------------------------------------------


 NSTEP =    33200   TIME(PS) =    2592.475  TEMP(K) =   296.65  PRESS =     0.0
 Etot   =   -234221.3411  EKtot   =     54477.0951  EPtot      =   -288698.4362
 BOND   =      1173.2195  ANGLE   =      2942.9783  DIHED      =      2247.6063
 1-4 NB =      1297.5743  1-4 EEL =     15048.6263  VDWAALS    =     36592.1609
 EELEC  =   -348000.6019  EHBOND  =         0.0000  RESTRAINT  =         0.0000
 Ewald error estimate:   0.1566E-04
 ------------------------------------------------------------------------------

check COM velocity, temp:        0.000000     0.00(Removed)

 NSTEP =    33300   TIME(PS) =    2592.625  TEMP(K) =   298.31  PRESS =     0.0
 Etot   =   -234218.2183  EKtot   =     54781.2920  EPtot      =   -288999.5103
 BOND   =      1112.6927  ANGLE   =      2971.4810  DIHED      =      2254.1204
 1-4 NB =      1316.2838  1-4 EEL =     15193.5715  VDWAALS    =     36244.2086
 EELEC  =   -348091.8684  EHBOND  =         0.0000  RESTRAINT  =         0.0000
 Ewald error estimate:   0.2076E-05
 ------------------------------------------------------------------------------


 NSTEP =    33400   TIME(PS) =    2592.775  TEMP(K) =   298.62  PRESS =     0.0
 Etot   =   -234219.3373  EKtot   =     54838.3516  EPtot      =   -289057.6889
 BOND   =      1089.1342  ANGLE   =      3043.4867  DIHED      =      2236.4393
 1-4 NB =      1295.4069  1-4 EEL =     15059.9816  VDWAALS    =     36866.5018
 EELEC  =   -348648.6394  EHBOND  =         0.0000  RESTRAINT  =         0.0000
 Ewald error estimate:   0.6132E-04
 ------------------------------------------------------------------------------

check COM velocity, temp:        0.000000     0.00(Removed)

 NSTEP =    33500   TIME(PS) =    2592.925  TEMP(K) =   299.67  PRESS =     0.0
 Etot   =   -234219.5762  EKtot   =     55030.7711  EPtot      =   -289250.3473
 BOND   =      1156.6691  ANGLE   =      2953.5514  DIHED      =      2222.2185
 1-4 NB =      1303.9327  1-4 EEL =     15025.6875  VDWAALS    =     36752.2590
 EELEC  =   -348664.6654  EHBOND  =         0.0000  RESTRAINT  =         0.0000
 Ewald error estimate:   0.1021E-04
 ------------------------------------------------------------------------------


 NSTEP =    33600   TIME(PS) =    2593.075  TEMP(K) =   297.70  PRESS =     0.0
 Etot   =   -234217.8456  EKtot   =     54668.9193  EPtot      =   -288886.7649
 BOND   =      1099.1134  ANGLE   =      2980.1495  DIHED      =      2250.5303
 1-4 NB =      1333.9174  1-4 EEL =     15099.5788  VDWAALS    =     36429.5200
 EELEC  =   -348079.5742  EHBOND  =         0.0000  RESTRAINT  =         0.0000
 Ewald error estimate:   0.2935E-04
 ------------------------------------------------------------------------------


 NSTEP =    33700   TIME(PS) =    2593.225  TEMP(K) =   298.08  PRESS =     0.0
 Etot   =   -234218.5133  EKtot   =     54738.6768  EPtot      =   -288957.1901
 BOND   =      1076.3948  ANGLE   =      2971.5619  DIHED      =      2208.5939
 1-4 NB =      1298.5283  1-4 EEL =     15074.1977  VDWAALS    =     36583.3259
 EELEC  =   -348169.7925  EHBOND  =         0.0000  RESTRAINT  =         0.0000
 Ewald error estimate:   0.3893E-04
 ------------------------------------------------------------------------------

check COM velocity, temp:        0.000000     0.00(Removed)

 NSTEP =    33800   TIME(PS) =    2593.375  TEMP(K) =   297.75  PRESS =     0.0
 Etot   =   -234218.7633  EKtot   =     54679.5363  EPtot      =   -288898.2997
 BOND   =      1125.1997  ANGLE   =      2930.6469  DIHED      =      2227.9256
 1-4 NB =      1300.0081  1-4 EEL =     15045.3237  VDWAALS    =     36218.4872
 EELEC  =   -347745.8909  EHBOND  =         0.0000  RESTRAINT  =         0.0000
 Ewald error estimate:   0.3414E-04
 ------------------------------------------------------------------------------


 NSTEP =    33900   TIME(PS) =    2593.525  TEMP(K) =   297.60  PRESS =     0.0
 Etot   =   -234219.2709  EKtot   =     54651.9207  EPtot      =   -288871.1916
 BOND   =      1123.8514  ANGLE   =      2924.1325  DIHED      =      2248.1454
 1-4 NB =      1309.0347  1-4 EEL =     15114.8122  VDWAALS    =     36569.9756
 EELEC  =   -348161.1434  EHBOND  =         0.0000  RESTRAINT  =         0.0000
 Ewald error estimate:   0.4470E-04
 ------------------------------------------------------------------------------

check COM velocity, temp:        0.000000     0.00(Removed)

 NSTEP =    34000   TIME(PS) =    2593.675  TEMP(K) =   297.90  PRESS =     0.0
 Etot   =   -234215.9075  EKtot   =     54705.5838  EPtot      =   -288921.4913
 BOND   =      1097.1325  ANGLE   =      2979.3882  DIHED      =      2241.4840
 1-4 NB =      1306.0911  1-4 EEL =     15060.4521  VDWAALS    =     36896.7079
 EELEC  =   -348502.7471  EHBOND  =         0.0000  RESTRAINT  =         0.0000
 Ewald error estimate:   0.9948E-04
 ------------------------------------------------------------------------------


 NSTEP =    34100   TIME(PS) =    2593.825  TEMP(K) =   298.85  PRESS =     0.0
 Etot   =   -234218.7278  EKtot   =     54881.5223  EPtot      =   -289100.2501
 BOND   =      1114.1901  ANGLE   =      2912.3473  DIHED      =      2246.8190
 1-4 NB =      1314.1823  1-4 EEL =     15103.9936  VDWAALS    =     36548.6835
 EELEC  =   -348340.4658  EHBOND  =         0.0000  RESTRAINT  =         0.0000
 Ewald error estimate:   0.7257E-04
 ------------------------------------------------------------------------------


 NSTEP =    34200   TIME(PS) =    2593.975  TEMP(K) =   297.65  PRESS =     0.0
 Etot   =   -234219.3875  EKtot   =     54660.3098  EPtot      =   -288879.6973
 BOND   =      1132.1194  ANGLE   =      2905.7384  DIHED      =      2233.2864
 1-4 NB =      1297.3930  1-4 EEL =     15085.3547  VDWAALS    =     36534.3788
 EELEC  =   -348067.9678  EHBOND  =         0.0000  RESTRAINT  =         0.0000
 Ewald error estimate:   0.3921E-04
 ------------------------------------------------------------------------------

check COM velocity, temp:        0.000000     0.00(Removed)

 NSTEP =    34300   TIME(PS) =    2594.125  TEMP(K) =   298.42  PRESS =     0.0
 Etot   =   -234217.4422  EKtot   =     54801.9349  EPtot      =   -289019.3771
 BOND   =      1132.3220  ANGLE   =      2893.1756  DIHED      =      2202.7156
 1-4 NB =      1322.7348  1-4 EEL =     15068.7294  VDWAALS    =     36700.4474
 EELEC  =   -348339.5018  EHBOND  =         0.0000  RESTRAINT  =         0.0000
 Ewald error estimate:   0.5325E-04
 ------------------------------------------------------------------------------


 NSTEP =    34400   TIME(PS) =    2594.275  TEMP(K) =   298.49  PRESS =     0.0
 Etot   =   -234218.0429  EKtot   =     54815.5845  EPtot      =   -289033.6275
 BOND   =      1116.7344  ANGLE   =      2912.2051  DIHED      =      2228.1262
 1-4 NB =      1315.8721  1-4 EEL =     15144.4010  VDWAALS    =     36703.0920
 EELEC  =   -348454.0583  EHBOND  =         0.0000  RESTRAINT  =         0.0000
 Ewald error estimate:   0.4255E-05
 ------------------------------------------------------------------------------

check COM velocity, temp:        0.000000     0.00(Removed)

 NSTEP =    34500   TIME(PS) =    2594.425  TEMP(K) =   298.14  PRESS =     0.0
 Etot   =   -234215.9523  EKtot   =     54750.6744  EPtot      =   -288966.6267
 BOND   =      1130.5723  ANGLE   =      2990.8104  DIHED      =      2228.8826
 1-4 NB =      1293.1391  1-4 EEL =     15052.2832  VDWAALS    =     37218.3776
 EELEC  =   -348880.6919  EHBOND  =         0.0000  RESTRAINT  =         0.0000
 Ewald error estimate:   0.1269E-04
 ------------------------------------------------------------------------------


 NSTEP =    34600   TIME(PS) =    2594.575  TEMP(K) =   297.56  PRESS =     0.0
 Etot   =   -234216.8206  EKtot   =     54644.9397  EPtot      =   -288861.7603
 BOND   =      1192.7372  ANGLE   =      2912.8770  DIHED      =      2205.6561
 1-4 NB =      1309.8888  1-4 EEL =     15110.8104  VDWAALS    =     36635.1030
 EELEC  =   -348228.8327  EHBOND  =         0.0000  RESTRAINT  =         0.0000
 Ewald error estimate:   0.6400E-04
 ------------------------------------------------------------------------------


 NSTEP =    34700   TIME(PS) =    2594.725  TEMP(K) =   297.58  PRESS =     0.0
 Etot   =   -234214.7746  EKtot   =     54647.9506  EPtot      =   -288862.7253
 BOND   =      1156.3725  ANGLE   =      2959.7387  DIHED      =      2231.8075
 1-4 NB =      1313.0707  1-4 EEL =     15083.4287  VDWAALS    =     36587.1814
 EELEC  =   -348194.3249  EHBOND  =         0.0000  RESTRAINT  =         0.0000
 Ewald error estimate:   0.5608E-04
 ------------------------------------------------------------------------------

check COM velocity, temp:        0.000000     0.00(Removed)

 NSTEP =    34800   TIME(PS) =    2594.875  TEMP(K) =   300.14  PRESS =     0.0
 Etot   =   -234218.5705  EKtot   =     55118.5598  EPtot      =   -289337.1304
 BOND   =      1083.2254  ANGLE   =      2967.1911  DIHED      =      2212.0722
 1-4 NB =      1290.4278  1-4 EEL =     15068.0412  VDWAALS    =     36547.2881
 EELEC  =   -348505.3761  EHBOND  =         0.0000  RESTRAINT  =         0.0000
 Ewald error estimate:   0.4481E-04
 ------------------------------------------------------------------------------


 NSTEP =    34900   TIME(PS) =    2595.025  TEMP(K) =   299.25  PRESS =     0.0
 Etot   =   -234217.7556  EKtot   =     54953.5244  EPtot      =   -289171.2800
 BOND   =      1141.3547  ANGLE   =      2941.0546  DIHED      =      2244.5204
 1-4 NB =      1291.6466  1-4 EEL =     15103.1098  VDWAALS    =     36767.9264
 EELEC  =   -348660.8924  EHBOND  =         0.0000  RESTRAINT  =         0.0000
 Ewald error estimate:   0.3158E-04
 ------------------------------------------------------------------------------

check COM velocity, temp:        0.000000     0.00(Removed)

 NSTEP =    35000   TIME(PS) =    2595.175  TEMP(K) =   297.86  PRESS =     0.0
 Etot   =   -234217.3961  EKtot   =     54699.6102  EPtot      =   -288917.0063
 BOND   =      1120.4662  ANGLE   =      2973.9555  DIHED      =      2247.3684
 1-4 NB =      1320.9088  1-4 EEL =     15049.5014  VDWAALS    =     36437.9111
 EELEC  =   -348067.1178  EHBOND  =         0.0000  RESTRAINT  =         0.0000
 Ewald error estimate:   0.5626E-05
 ------------------------------------------------------------------------------


 NSTEP =    35100   TIME(PS) =    2595.325  TEMP(K) =   298.79  PRESS =     0.0
 Etot   =   -234216.3096  EKtot   =     54869.4581  EPtot      =   -289085.7676
 BOND   =      1149.3141  ANGLE   =      2995.1191  DIHED      =      2229.7527
 1-4 NB =      1297.4959  1-4 EEL =     15102.5446  VDWAALS    =     36377.4009
 EELEC  =   -348237.3950  EHBOND  =         0.0000  RESTRAINT  =         0.0000
 Ewald error estimate:   0.1238E-03
 ------------------------------------------------------------------------------


 NSTEP =    35200   TIME(PS) =    2595.475  TEMP(K) =   297.46  PRESS =     0.0
 Etot   =   -234216.7520  EKtot   =     54625.4299  EPtot      =   -288842.1818
 BOND   =      1158.2899  ANGLE   =      3000.6628  DIHED      =      2217.9444
 1-4 NB =      1299.7236  1-4 EEL =     15008.8082  VDWAALS    =     36907.6029
 EELEC  =   -348435.2136  EHBOND  =         0.0000  RESTRAINT  =         0.0000
 Ewald error estimate:   0.8723E-04
 ------------------------------------------------------------------------------

check COM velocity, temp:        0.000000     0.00(Removed)

 NSTEP =    35300   TIME(PS) =    2595.625  TEMP(K) =   298.60  PRESS =     0.0
 Etot   =   -234216.7641  EKtot   =     54835.0951  EPtot      =   -289051.8593
 BOND   =      1140.6339  ANGLE   =      2921.0929  DIHED      =      2213.3453
 1-4 NB =      1305.1842  1-4 EEL =     15098.8569  VDWAALS    =     36166.7372
 EELEC  =   -347897.7096  EHBOND  =         0.0000  RESTRAINT  =         0.0000
 Ewald error estimate:   0.7577E-04
 ------------------------------------------------------------------------------


 NSTEP =    35400   TIME(PS) =    2595.775  TEMP(K) =   299.03  PRESS =     0.0
 Etot   =   -234219.1505  EKtot   =     54913.3459  EPtot      =   -289132.4963
 BOND   =      1116.9562  ANGLE   =      2903.1162  DIHED      =      2209.8926
 1-4 NB =      1326.7188  1-4 EEL =     15061.9103  VDWAALS    =     36358.3093
 EELEC  =   -348109.3998  EHBOND  =         0.0000  RESTRAINT  =         0.0000
 Ewald error estimate:   0.4500E-04
 ------------------------------------------------------------------------------

check COM velocity, temp:        0.000000     0.00(Removed)

 NSTEP =    35500   TIME(PS) =    2595.925  TEMP(K) =   300.13  PRESS =     0.0
 Etot   =   -234220.5991  EKtot   =     55116.2798  EPtot      =   -289336.8789
 BOND   =      1086.2653  ANGLE   =      2928.5000  DIHED      =      2229.7574
 1-4 NB =      1296.4449  1-4 EEL =     15130.8218  VDWAALS    =     36434.6823
 EELEC  =   -348443.3505  EHBOND  =         0.0000  RESTRAINT  =         0.0000
 Ewald error estimate:   0.1629E-06
 ------------------------------------------------------------------------------


 NSTEP =    35600   TIME(PS) =    2596.075  TEMP(K) =   297.74  PRESS =     0.0
 Etot   =   -234217.9172  EKtot   =     54676.5596  EPtot      =   -288894.4767
 BOND   =      1160.5679  ANGLE   =      2900.9428  DIHED      =      2239.9368
 1-4 NB =      1282.6973  1-4 EEL =     14988.4837  VDWAALS    =     36643.8935
 EELEC  =   -348110.9987  EHBOND  =         0.0000  RESTRAINT  =         0.0000
 Ewald error estimate:   0.5797E-04
 ------------------------------------------------------------------------------


 NSTEP =    35700   TIME(PS) =    2596.225  TEMP(K) =   297.99  PRESS =     0.0
 Etot   =   -234219.5175  EKtot   =     54723.7875  EPtot      =   -288943.3050
 BOND   =      1125.6452  ANGLE   =      2962.7553  DIHED      =      2221.0632
 1-4 NB =      1316.2763  1-4 EEL =     15141.2738  VDWAALS    =     36580.7953
 EELEC  =   -348291.1140  EHBOND  =         0.0000  RESTRAINT  =         0.0000
 Ewald error estimate:   0.2217E-04
 ------------------------------------------------------------------------------

check COM velocity, temp:        0.000000     0.00(Removed)

 NSTEP =    35800   TIME(PS) =    2596.375  TEMP(K) =   297.78  PRESS =     0.0
 Etot   =   -234217.0368  EKtot   =     54684.4811  EPtot      =   -288901.5179
 BOND   =      1133.1933  ANGLE   =      2950.7102  DIHED      =      2238.6040
 1-4 NB =      1277.4135  1-4 EEL =     15066.4371  VDWAALS    =     36421.3496
 EELEC  =   -347989.2257  EHBOND  =         0.0000  RESTRAINT  =         0.0000
 Ewald error estimate:   0.3995E-04
 ------------------------------------------------------------------------------


 NSTEP =    35900   TIME(PS) =    2596.525  TEMP(K) =   298.83  PRESS =     0.0
 Etot   =   -234217.1282  EKtot   =     54876.8872  EPtot      =   -289094.0154
 BOND   =      1124.5956  ANGLE   =      2983.9416  DIHED      =      2251.0408
 1-4 NB =      1308.1822  1-4 EEL =     15058.3764  VDWAALS    =     36719.5064
 EELEC  =   -348539.6584  EHBOND  =         0.0000  RESTRAINT  =         0.0000
 Ewald error estimate:   0.2395E-04
 ------------------------------------------------------------------------------

check COM velocity, temp:        0.000000     0.00(Removed)

 NSTEP =    36000   TIME(PS) =    2596.675  TEMP(K) =   297.47  PRESS =     0.0
 Etot   =   -234216.1918  EKtot   =     54627.7336  EPtot      =   -288843.9254
 BOND   =      1124.3438  ANGLE   =      2991.1840  DIHED      =      2240.8574
 1-4 NB =      1308.4330  1-4 EEL =     15085.0790  VDWAALS    =     36324.7651
 EELEC  =   -347918.5878  EHBOND  =         0.0000  RESTRAINT  =         0.0000
 Ewald error estimate:   0.3400E-04
 ------------------------------------------------------------------------------


 NSTEP =    36100   TIME(PS) =    2596.825  TEMP(K) =   299.50  PRESS =     0.0
 Etot   =   -234220.8107  EKtot   =     54999.7121  EPtot      =   -289220.5227
 BOND   =      1101.8498  ANGLE   =      2912.1565  DIHED      =      2258.1630
 1-4 NB =      1304.6063  1-4 EEL =     15070.0696  VDWAALS    =     36785.3318
 EELEC  =   -348652.6998  EHBOND  =         0.0000  RESTRAINT  =         0.0000
 Ewald error estimate:   0.8479E-06
 ------------------------------------------------------------------------------


 NSTEP =    36200   TIME(PS) =    2596.975  TEMP(K) =   298.41  PRESS =     0.0
 Etot   =   -234217.1339  EKtot   =     54799.2983  EPtot      =   -289016.4322
 BOND   =      1109.1886  ANGLE   =      2896.5029  DIHED      =      2242.3846
 1-4 NB =      1297.8031  1-4 EEL =     15046.4388  VDWAALS    =     36831.2204
 EELEC  =   -348439.9707  EHBOND  =         0.0000  RESTRAINT  =         0.0000
 Ewald error estimate:   0.3494E-04
 ------------------------------------------------------------------------------

check COM velocity, temp:        0.000000     0.00(Removed)

 NSTEP =    36300   TIME(PS) =    2597.125  TEMP(K) =   297.93  PRESS =     0.0
 Etot   =   -234217.4544  EKtot   =     54712.6476  EPtot      =   -288930.1020
 BOND   =      1111.3400  ANGLE   =      2964.7471  DIHED      =      2233.3888
 1-4 NB =      1312.1347  1-4 EEL =     15046.4588  VDWAALS    =     36739.6851
 EELEC  =   -348337.8565  EHBOND  =         0.0000  RESTRAINT  =         0.0000
 Ewald error estimate:   0.2065E-04
 ------------------------------------------------------------------------------


 NSTEP =    36400   TIME(PS) =    2597.275  TEMP(K) =   299.46  PRESS =     0.0
 Etot   =   -234222.2411  EKtot   =     54993.6635  EPtot      =   -289215.9047
 BOND   =      1127.1164  ANGLE   =      2909.8196  DIHED      =      2249.6739
 1-4 NB =      1295.7938  1-4 EEL =     15055.6451  VDWAALS    =     37198.2835
 EELEC  =   -349052.2370  EHBOND  =         0.0000  RESTRAINT  =         0.0000
 Ewald error estimate:   0.6660E-04
 ------------------------------------------------------------------------------

check COM velocity, temp:        0.000000     0.00(Removed)

 NSTEP =    36500   TIME(PS) =    2597.425  TEMP(K) =   298.00  PRESS =     0.0
 Etot   =   -234219.8241  EKtot   =     54724.2094  EPtot      =   -288944.0335
 BOND   =      1101.0932  ANGLE   =      2897.4036  DIHED      =      2202.8422
 1-4 NB =      1322.5247  1-4 EEL =     15073.8933  VDWAALS    =     37013.5079
 EELEC  =   -348555.2984  EHBOND  =         0.0000  RESTRAINT  =         0.0000
 Ewald error estimate:   0.8660E-05
 ------------------------------------------------------------------------------


 NSTEP =    36600   TIME(PS) =    2597.575  TEMP(K) =   299.20  PRESS =     0.0
 Etot   =   -234219.4101  EKtot   =     54945.2249  EPtot      =   -289164.6350
 BOND   =      1138.7630  ANGLE   =      2967.2363  DIHED      =      2263.0637
 1-4 NB =      1299.3228  1-4 EEL =     15068.8939  VDWAALS    =     36643.4347
 EELEC  =   -348545.3494  EHBOND  =         0.0000  RESTRAINT  =         0.0000
 Ewald error estimate:   0.4841E-04
 ------------------------------------------------------------------------------


 NSTEP =    36700   TIME(PS) =    2597.725  TEMP(K) =   298.67  PRESS =     0.0
 Etot   =   -234216.9225  EKtot   =     54846.9802  EPtot      =   -289063.9028
 BOND   =      1109.0717  ANGLE   =      2937.7920  DIHED      =      2244.9277
 1-4 NB =      1282.3074  1-4 EEL =     15111.5261  VDWAALS    =     36541.6381
 EELEC  =   -348291.1658  EHBOND  =         0.0000  RESTRAINT  =         0.0000
 Ewald error estimate:   0.5544E-04
 ------------------------------------------------------------------------------

check COM velocity, temp:        0.000000     0.00(Removed)

 NSTEP =    36800   TIME(PS) =    2597.875  TEMP(K) =   297.26  PRESS =     0.0
 Etot   =   -234216.3067  EKtot   =     54589.3473  EPtot      =   -288805.6540
 BOND   =      1125.2522  ANGLE   =      2985.2052  DIHED      =      2253.5739
 1-4 NB =      1314.0981  1-4 EEL =     15129.6289  VDWAALS    =     37104.0945
 EELEC  =   -348717.5068  EHBOND  =         0.0000  RESTRAINT  =         0.0000
 Ewald error estimate:   0.4325E-04
 ------------------------------------------------------------------------------


 NSTEP =    36900   TIME(PS) =    2598.025  TEMP(K) =   299.08  PRESS =     0.0
 Etot   =   -234217.6510  EKtot   =     54923.7554  EPtot      =   -289141.4064
 BOND   =      1146.1071  ANGLE   =      2989.2075  DIHED      =      2230.9674
 1-4 NB =      1303.6139  1-4 EEL =     15130.5646  VDWAALS    =     36972.0750
 EELEC  =   -348913.9420  EHBOND  =         0.0000  RESTRAINT  =         0.0000
 Ewald error estimate:   0.5452E-04
 ------------------------------------------------------------------------------

check COM velocity, temp:        0.000000     0.00(Removed)

 NSTEP =    37000   TIME(PS) =    2598.175  TEMP(K) =   297.56  PRESS =     0.0
 Etot   =   -234218.0639  EKtot   =     54644.5729  EPtot      =   -288862.6369
 BOND   =      1089.9360  ANGLE   =      2946.8632  DIHED      =      2213.1617
 1-4 NB =      1330.6622  1-4 EEL =     15145.7402  VDWAALS    =     36830.1240
 EELEC  =   -348419.1242  EHBOND  =         0.0000  RESTRAINT  =         0.0000
 Ewald error estimate:   0.1248E-04
 ------------------------------------------------------------------------------


 NSTEP =    37100   TIME(PS) =    2598.325  TEMP(K) =   299.22  PRESS =     0.0
 Etot   =   -234219.5404  EKtot   =     54949.7557  EPtot      =   -289169.2961
 BOND   =      1170.8284  ANGLE   =      2930.3974  DIHED      =      2244.6086
 1-4 NB =      1283.3676  1-4 EEL =     14932.3495  VDWAALS    =     36675.9629
 EELEC  =   -348406.8105  EHBOND  =         0.0000  RESTRAINT  =         0.0000
 Ewald error estimate:   0.2477E-04
 ------------------------------------------------------------------------------


 NSTEP =    37200   TIME(PS) =    2598.475  TEMP(K) =   298.53  PRESS =     0.0
 Etot   =   -234217.0924  EKtot   =     54821.4185  EPtot      =   -289038.5109
 BOND   =      1140.3661  ANGLE   =      2938.8147  DIHED      =      2274.0524
 1-4 NB =      1299.1809  1-4 EEL =     15074.7044  VDWAALS    =     36881.9184
 EELEC  =   -348647.5478  EHBOND  =         0.0000  RESTRAINT  =         0.0000
 Ewald error estimate:   0.1252E-04
 ------------------------------------------------------------------------------

check COM velocity, temp:        0.000000     0.00(Removed)

 NSTEP =    37300   TIME(PS) =    2598.625  TEMP(K) =   297.44  PRESS =     0.0
 Etot   =   -234216.1386  EKtot   =     54622.4313  EPtot      =   -288838.5699
 BOND   =      1100.2213  ANGLE   =      2921.9066  DIHED      =      2242.1111
 1-4 NB =      1307.0116  1-4 EEL =     15144.9021  VDWAALS    =     36852.6522
 EELEC  =   -348407.3747  EHBOND  =         0.0000  RESTRAINT  =         0.0000
 Ewald error estimate:   0.6967E-04
 ------------------------------------------------------------------------------


 NSTEP =    37400   TIME(PS) =    2598.775  TEMP(K) =   297.61  PRESS =     0.0
 Etot   =   -234217.4162  EKtot   =     54653.1681  EPtot      =   -288870.5843
 BOND   =      1092.5050  ANGLE   =      2984.0638  DIHED      =      2270.7707
 1-4 NB =      1299.3769  1-4 EEL =     15030.6229  VDWAALS    =     36910.4647
 EELEC  =   -348458.3884  EHBOND  =         0.0000  RESTRAINT  =         0.0000
 Ewald error estimate:   0.4193E-05
 ------------------------------------------------------------------------------

check COM velocity, temp:        0.000000     0.00(Removed)

 NSTEP =    37500   TIME(PS) =    2598.925  TEMP(K) =   298.07  PRESS =     0.0
 Etot   =   -234217.2955  EKtot   =     54737.7185  EPtot      =   -288955.0140
 BOND   =      1102.9353  ANGLE   =      2959.7088  DIHED      =      2237.7529
 1-4 NB =      1308.1140  1-4 EEL =     15089.9809  VDWAALS    =     36788.8419
 EELEC  =   -348442.3478  EHBOND  =         0.0000  RESTRAINT  =         0.0000
 Ewald error estimate:   0.9616E-05
 ------------------------------------------------------------------------------


 NSTEP =    37600   TIME(PS) =    2599.075  TEMP(K) =   299.35  PRESS =     0.0
 Etot   =   -234220.0122  EKtot   =     54972.5397  EPtot      =   -289192.5519
 BOND   =      1109.8103  ANGLE   =      2928.6114  DIHED      =      2251.9255
 1-4 NB =      1282.9536  1-4 EEL =     15011.2277  VDWAALS    =     37026.1957
 EELEC  =   -348803.2761  EHBOND  =         0.0000  RESTRAINT  =         0.0000
 Ewald error estimate:   0.1920E-04
 ------------------------------------------------------------------------------


 NSTEP =    37700   TIME(PS) =    2599.225  TEMP(K) =   299.40  PRESS =     0.0
 Etot   =   -234221.7954  EKtot   =     54981.2813  EPtot      =   -289203.0767
 BOND   =      1104.3480  ANGLE   =      2935.4370  DIHED      =      2209.4945
 1-4 NB =      1316.4341  1-4 EEL =     15097.6452  VDWAALS    =     37046.1473
 EELEC  =   -348912.5828  EHBOND  =         0.0000  RESTRAINT  =         0.0000
 Ewald error estimate:   0.6629E-04
 ------------------------------------------------------------------------------

check COM velocity, temp:        0.000000     0.00(Removed)

 NSTEP =    37800   TIME(PS) =    2599.375  TEMP(K) =   299.45  PRESS =     0.0
 Etot   =   -234221.2957  EKtot   =     54991.3895  EPtot      =   -289212.6852
 BOND   =      1130.2245  ANGLE   =      2893.8948  DIHED      =      2238.1060
 1-4 NB =      1287.1025  1-4 EEL =     15073.6243  VDWAALS    =     36694.1595
 EELEC  =   -348529.7969  EHBOND  =         0.0000  RESTRAINT  =         0.0000
 Ewald error estimate:   0.3146E-05
 ------------------------------------------------------------------------------


 NSTEP =    37900   TIME(PS) =    2599.525  TEMP(K) =   298.55  PRESS =     0.0
 Etot   =   -234216.1660  EKtot   =     54825.0988  EPtot      =   -289041.2648
 BOND   =      1114.2206  ANGLE   =      2924.4011  DIHED      =      2201.8507
 1-4 NB =      1313.7913  1-4 EEL =     15142.8338  VDWAALS    =     36411.1325
 EELEC  =   -348149.4947  EHBOND  =         0.0000  RESTRAINT  =         0.0000
 Ewald error estimate:   0.5570E-04
 ------------------------------------------------------------------------------

check COM velocity, temp:        0.000000     0.00(Removed)

 NSTEP =    38000   TIME(PS) =    2599.675  TEMP(K) =   298.75  PRESS =     0.0
 Etot   =   -234219.2410  EKtot   =     54862.3467  EPtot      =   -289081.5877
 BOND   =      1087.4580  ANGLE   =      2867.6654  DIHED      =      2265.2069
 1-4 NB =      1290.6831  1-4 EEL =     15136.8261  VDWAALS    =     36789.6448
 EELEC  =   -348519.0719  EHBOND  =         0.0000  RESTRAINT  =         0.0000
 Ewald error estimate:   0.2654E-04
 ------------------------------------------------------------------------------


 NSTEP =    38100   TIME(PS) =    2599.825  TEMP(K) =   297.89  PRESS =     0.0
 Etot   =   -234216.4567  EKtot   =     54704.3562  EPtot      =   -288920.8128
 BOND   =      1090.3569  ANGLE   =      2982.0710  DIHED      =      2192.9471
 1-4 NB =      1296.2664  1-4 EEL =     15088.8520  VDWAALS    =     36709.7713
 EELEC  =   -348281.0776  EHBOND  =         0.0000  RESTRAINT  =         0.0000
 Ewald error estimate:   0.4615E-04
 ------------------------------------------------------------------------------


 NSTEP =    38200   TIME(PS) =    2599.975  TEMP(K) =   299.10  PRESS =     0.0
 Etot   =   -234217.0636  EKtot   =     54926.7050  EPtot      =   -289143.7686
 BOND   =      1115.0764  ANGLE   =      2920.5499  DIHED      =      2252.5105
 1-4 NB =      1302.6919  1-4 EEL =     15072.5206  VDWAALS    =     37117.2684
 EELEC  =   -348924.3862  EHBOND  =         0.0000  RESTRAINT  =         0.0000
 Ewald error estimate:   0.1373E-04
 ------------------------------------------------------------------------------

check COM velocity, temp:        0.000000     0.00(Removed)

 NSTEP =    38300   TIME(PS) =    2600.125  TEMP(K) =   297.60  PRESS =     0.0
 Etot   =   -234215.7003  EKtot   =     54651.4086  EPtot      =   -288867.1088
 BOND   =      1137.5044  ANGLE   =      2883.8163  DIHED      =      2247.6287
 1-4 NB =      1309.0538  1-4 EEL =     15088.3139  VDWAALS    =     36684.3701
 EELEC  =   -348217.7961  EHBOND  =         0.0000  RESTRAINT  =         0.0000
 Ewald error estimate:   0.9812E-05
 ------------------------------------------------------------------------------


 NSTEP =    38400   TIME(PS) =    2600.275  TEMP(K) =   299.18  PRESS =     0.0
 Etot   =   -234217.8925  EKtot   =     54941.3225  EPtot      =   -289159.2149
 BOND   =      1128.9804  ANGLE   =      2864.4386  DIHED      =      2220.0663
 1-4 NB =      1316.5395  1-4 EEL =     15095.1494  VDWAALS    =     36736.7394
 EELEC  =   -348521.1285  EHBOND  =         0.0000  RESTRAINT  =         0.0000
 Ewald error estimate:   0.5770E-05
 ------------------------------------------------------------------------------

check COM velocity, temp:        0.000000     0.00(Removed)

 NSTEP =    38500   TIME(PS) =    2600.425  TEMP(K) =   299.52  PRESS =     0.0
 Etot   =   -234217.6588  EKtot   =     55004.7269  EPtot      =   -289222.3857
 BOND   =      1116.7881  ANGLE   =      2925.4337  DIHED      =      2255.2621
 1-4 NB =      1292.4006  1-4 EEL =     15026.8445  VDWAALS    =     37164.3035
 EELEC  =   -349003.4181  EHBOND  =         0.0000  RESTRAINT  =         0.0000
 Ewald error estimate:   0.9371E-04
 ------------------------------------------------------------------------------


 NSTEP =    38600   TIME(PS) =    2600.575  TEMP(K) =   298.25  PRESS =     0.0
 Etot   =   -234218.1433  EKtot   =     54770.2638  EPtot      =   -288988.4071
 BOND   =      1132.7660  ANGLE   =      2924.3378  DIHED      =      2225.9551
 1-4 NB =      1301.0150  1-4 EEL =     15062.3202  VDWAALS    =     36653.0872
 EELEC  =   -348287.8885  EHBOND  =         0.0000  RESTRAINT  =         0.0000
 Ewald error estimate:   0.7434E-04
 ------------------------------------------------------------------------------


 NSTEP =    38700   TIME(PS) =    2600.725  TEMP(K) =   299.38  PRESS =     0.0
 Etot   =   -234217.5725  EKtot   =     54978.2095  EPtot      =   -289195.7819
 BOND   =      1138.2670  ANGLE   =      2915.6072  DIHED      =      2251.8452
 1-4 NB =      1289.0070  1-4 EEL =     14982.1562  VDWAALS    =     36610.2429
 EELEC  =   -348382.9075  EHBOND  =         0.0000  RESTRAINT  =         0.0000
 Ewald error estimate:   0.5556E-04
 ------------------------------------------------------------------------------

check COM velocity, temp:        0.000000     0.00(Removed)

 NSTEP =    38800   TIME(PS) =    2600.875  TEMP(K) =   299.02  PRESS =     0.0
 Etot   =   -234218.7360  EKtot   =     54912.6598  EPtot      =   -289131.3958
 BOND   =      1117.1708  ANGLE   =      2931.4397  DIHED      =      2204.3860
 1-4 NB =      1297.1026  1-4 EEL =     15077.2444  VDWAALS    =     37386.6854
 EELEC  =   -349145.4247  EHBOND  =         0.0000  RESTRAINT  =         0.0000
 Ewald error estimate:   0.5244E-04
 ------------------------------------------------------------------------------


 NSTEP =    38900   TIME(PS) =    2601.025  TEMP(K) =   299.77  PRESS =     0.0
 Etot   =   -234217.5348  EKtot   =     55050.2971  EPtot      =   -289267.8319
 BOND   =      1116.0926  ANGLE   =      2936.3224  DIHED      =      2238.5507
 1-4 NB =      1292.1289  1-4 EEL =     15086.9476  VDWAALS    =     37054.1074
 EELEC  =   -348991.9815  EHBOND  =         0.0000  RESTRAINT  =         0.0000
 Ewald error estimate:   0.3527E-06
 ------------------------------------------------------------------------------

check COM velocity, temp:        0.000000     0.00(Removed)

 NSTEP =    39000   TIME(PS) =    2601.175  TEMP(K) =   297.77  PRESS =     0.0
 Etot   =   -234217.6699  EKtot   =     54682.2532  EPtot      =   -288899.9231
 BOND   =      1070.6119  ANGLE   =      2939.7994  DIHED      =      2241.4414
 1-4 NB =      1306.4565  1-4 EEL =     15063.4117  VDWAALS    =     36870.6940
 EELEC  =   -348392.3381  EHBOND  =         0.0000  RESTRAINT  =         0.0000
 Ewald error estimate:   0.9571E-05
 ------------------------------------------------------------------------------


 NSTEP =    39100   TIME(PS) =    2601.325  TEMP(K) =   298.36  PRESS =     0.0
 Etot   =   -234218.9574  EKtot   =     54790.5204  EPtot      =   -289009.4778
 BOND   =      1057.4958  ANGLE   =      2945.4995  DIHED      =      2206.7664
 1-4 NB =      1296.5035  1-4 EEL =     15083.8581  VDWAALS    =     36401.3750
 EELEC  =   -348000.9761  EHBOND  =         0.0000  RESTRAINT  =         0.0000
 Ewald error estimate:   0.4943E-04
 ------------------------------------------------------------------------------


 NSTEP =    39200   TIME(PS) =    2601.475  TEMP(K) =   297.68  PRESS =     0.0
 Etot   =   -234218.9216  EKtot   =     54666.6188  EPtot      =   -288885.5404
 BOND   =      1042.7632  ANGLE   =      2933.0089  DIHED      =      2229.7343
 1-4 NB =      1321.3504  1-4 EEL =     15121.0046  VDWAALS    =     36324.8835
 EELEC  =   -347858.2853  EHBOND  =         0.0000  RESTRAINT  =         0.0000
 Ewald error estimate:   0.1906E-04
 ------------------------------------------------------------------------------

check COM velocity, temp:        0.000000     0.00(Removed)

 NSTEP =    39300   TIME(PS) =    2601.625  TEMP(K) =   298.09  PRESS =     0.0
 Etot   =   -234219.1578  EKtot   =     54741.9877  EPtot      =   -288961.1454
 BOND   =      1142.9789  ANGLE   =      2906.1404  DIHED      =      2214.7044
 1-4 NB =      1294.6590  1-4 EEL =     15089.9515  VDWAALS    =     36651.3405
 EELEC  =   -348260.9201  EHBOND  =         0.0000  RESTRAINT  =         0.0000
 Ewald error estimate:   0.2311E-04
 ------------------------------------------------------------------------------


 NSTEP =    39400   TIME(PS) =    2601.775  TEMP(K) =   298.65  PRESS =     0.0
 Etot   =   -234217.2589  EKtot   =     54844.7063  EPtot      =   -289061.9652
 BOND   =      1069.6574  ANGLE   =      2876.1410  DIHED      =      2222.1122
 1-4 NB =      1311.4998  1-4 EEL =     15127.4832  VDWAALS    =     36260.4631
 EELEC  =   -347929.3219  EHBOND  =         0.0000  RESTRAINT  =         0.0000
 Ewald error estimate:   0.6370E-04
 ------------------------------------------------------------------------------

check COM velocity, temp:        0.000000     0.00(Removed)

 NSTEP =    39500   TIME(PS) =    2601.925  TEMP(K) =   298.98  PRESS =     0.0
 Etot   =   -234219.0021  EKtot   =     54904.8812  EPtot      =   -289123.8833
 BOND   =      1104.8662  ANGLE   =      2986.6694  DIHED      =      2211.5045
 1-4 NB =      1290.9979  1-4 EEL =     15098.3194  VDWAALS    =     36473.2394
 EELEC  =   -348289.4801  EHBOND  =         0.0000  RESTRAINT  =         0.0000
 Ewald error estimate:   0.6519E-04
 ------------------------------------------------------------------------------


 NSTEP =    39600   TIME(PS) =    2602.075  TEMP(K) =   298.66  PRESS =     0.0
 Etot   =   -234218.2041  EKtot   =     54846.5082  EPtot      =   -289064.7123
 BOND   =      1143.9231  ANGLE   =      2923.3410  DIHED      =      2188.8123
 1-4 NB =      1289.3821  1-4 EEL =     15088.0601  VDWAALS    =     36187.4301
 EELEC  =   -347885.6608  EHBOND  =         0.0000  RESTRAINT  =         0.0000
 Ewald error estimate:   0.1059E-04
 ------------------------------------------------------------------------------


 NSTEP =    39700   TIME(PS) =    2602.225  TEMP(K) =   297.93  PRESS =     0.0
 Etot   =   -234218.3558  EKtot   =     54711.5688  EPtot      =   -288929.9246
 BOND   =      1066.2467  ANGLE   =      2964.8158  DIHED      =      2259.3044
 1-4 NB =      1317.2660  1-4 EEL =     15104.6649  VDWAALS    =     36313.3772
 EELEC  =   -347955.5996  EHBOND  =         0.0000  RESTRAINT  =         0.0000
 Ewald error estimate:   0.1398E-04
 ------------------------------------------------------------------------------

check COM velocity, temp:        0.000000     0.00(Removed)

 NSTEP =    39800   TIME(PS) =    2602.375  TEMP(K) =   298.42  PRESS =     0.0
 Etot   =   -234219.2171  EKtot   =     54801.4051  EPtot      =   -289020.6221
 BOND   =      1089.9998  ANGLE   =      2909.6078  DIHED      =      2207.8443
 1-4 NB =      1336.3770  1-4 EEL =     15140.1372  VDWAALS    =     36317.9508
 EELEC  =   -348022.5390  EHBOND  =         0.0000  RESTRAINT  =         0.0000
 Ewald error estimate:   0.4410E-04
 ------------------------------------------------------------------------------


 NSTEP =    39900   TIME(PS) =    2602.525  TEMP(K) =   297.79  PRESS =     0.0
 Etot   =   -234217.4601  EKtot   =     54685.9045  EPtot      =   -288903.3645
 BOND   =      1127.7188  ANGLE   =      2879.1798  DIHED      =      2223.3489
 1-4 NB =      1293.3207  1-4 EEL =     15058.2684  VDWAALS    =     36238.3997
 EELEC  =   -347723.6007  EHBOND  =         0.0000  RESTRAINT  =         0.0000
 Ewald error estimate:   0.4776E-04
 ------------------------------------------------------------------------------

check COM velocity, temp:        0.000000     0.00(Removed)

 NSTEP =    40000   TIME(PS) =    2602.675  TEMP(K) =   297.00  PRESS =     0.0
 Etot   =   -234216.7990  EKtot   =     54540.3028  EPtot      =   -288757.1018
 BOND   =      1108.6674  ANGLE   =      2978.2789  DIHED      =      2179.9487
 1-4 NB =      1305.3222  1-4 EEL =     15032.1627  VDWAALS    =     36888.4030
 EELEC  =   -348249.8849  EHBOND  =         0.0000  RESTRAINT  =         0.0000
 Ewald error estimate:   0.3905E-04
 ------------------------------------------------------------------------------


 NSTEP =    40100   TIME(PS) =    2602.825  TEMP(K) =   297.13  PRESS =     0.0
 Etot   =   -234214.9812  EKtot   =     54564.9435  EPtot      =   -288779.9247
 BOND   =      1054.8646  ANGLE   =      2993.4106  DIHED      =      2247.3307
 1-4 NB =      1306.1761  1-4 EEL =     15138.6803  VDWAALS    =     36422.7592
 EELEC  =   -347943.1462  EHBOND  =         0.0000  RESTRAINT  =         0.0000
 Ewald error estimate:   0.2058E-04
 ------------------------------------------------------------------------------


 NSTEP =    40200   TIME(PS) =    2602.975  TEMP(K) =   298.59  PRESS =     0.0
 Etot   =   -234217.0700  EKtot   =     54833.0434  EPtot      =   -289050.1134
 BOND   =      1075.9731  ANGLE   =      2862.4827  DIHED      =      2258.0469
 1-4 NB =      1306.3570  1-4 EEL =     15084.2201  VDWAALS    =     37073.8146
 EELEC  =   -348711.0077  EHBOND  =         0.0000  RESTRAINT  =         0.0000
 Ewald error estimate:   0.6841E-04
 ------------------------------------------------------------------------------

check COM velocity, temp:        0.000000     0.00(Removed)

 NSTEP =    40300   TIME(PS) =    2603.125  TEMP(K) =   297.68  PRESS =     0.0
 Etot   =   -234215.4513  EKtot   =     54666.5471  EPtot      =   -288881.9984
 BOND   =      1118.4099  ANGLE   =      2907.6578  DIHED      =      2216.6643
 1-4 NB =      1315.9828  1-4 EEL =     15113.3525  VDWAALS    =     36541.7548
 EELEC  =   -348095.8204  EHBOND  =         0.0000  RESTRAINT  =         0.0000
 Ewald error estimate:   0.4494E-04
 ------------------------------------------------------------------------------


 NSTEP =    40400   TIME(PS) =    2603.275  TEMP(K) =   298.94  PRESS =     0.0
 Etot   =   -234219.1793  EKtot   =     54897.0439  EPtot      =   -289116.2232
 BOND   =      1084.9614  ANGLE   =      2904.8742  DIHED      =      2244.3697
 1-4 NB =      1303.6462  1-4 EEL =     15064.3132  VDWAALS    =     36402.4865
 EELEC  =   -348120.8742  EHBOND  =         0.0000  RESTRAINT  =         0.0000
 Ewald error estimate:   0.2240E-04
 ------------------------------------------------------------------------------

check COM velocity, temp:        0.000000     0.00(Removed)

 NSTEP =    40500   TIME(PS) =    2603.425  TEMP(K) =   299.31  PRESS =     0.0
 Etot   =   -234219.7013  EKtot   =     54966.1963  EPtot      =   -289185.8976
 BOND   =      1084.9197  ANGLE   =      2969.7530  DIHED      =      2231.7854
 1-4 NB =      1298.7541  1-4 EEL =     15053.5925  VDWAALS    =     36770.4563
 EELEC  =   -348595.1585  EHBOND  =         0.0000  RESTRAINT  =         0.0000
 Ewald error estimate:   0.2755E-04
 ------------------------------------------------------------------------------


 NSTEP =    40600   TIME(PS) =    2603.575  TEMP(K) =   296.96  PRESS =     0.0
 Etot   =   -234218.6176  EKtot   =     54534.7020  EPtot      =   -288753.3196
 BOND   =      1066.6178  ANGLE   =      2938.0176  DIHED      =      2196.7396
 1-4 NB =      1308.5251  1-4 EEL =     15117.4169  VDWAALS    =     36752.2378
 EELEC  =   -348132.8744  EHBOND  =         0.0000  RESTRAINT  =         0.0000
 Ewald error estimate:   0.6722E-04
 ------------------------------------------------------------------------------


 NSTEP =    40700   TIME(PS) =    2603.725  TEMP(K) =   297.59  PRESS =     0.0
 Etot   =   -234216.3634  EKtot   =     54650.3374  EPtot      =   -288866.7008
 BOND   =      1087.7768  ANGLE   =      2993.1700  DIHED      =      2271.0054
 1-4 NB =      1330.9077  1-4 EEL =     15070.4202  VDWAALS    =     37071.5853
 EELEC  =   -348691.5662  EHBOND  =         0.0000  RESTRAINT  =         0.0000
 Ewald error estimate:   0.3268E-04
 ------------------------------------------------------------------------------

check COM velocity, temp:        0.000000     0.00(Removed)

 NSTEP =    40800   TIME(PS) =    2603.875  TEMP(K) =   297.39  PRESS =     0.0
 Etot   =   -234215.0771  EKtot   =     54612.3705  EPtot      =   -288827.4476
 BOND   =      1087.4147  ANGLE   =      2997.9835  DIHED      =      2246.3344
 1-4 NB =      1313.5043  1-4 EEL =     15034.5256  VDWAALS    =     36648.0642
 EELEC  =   -348155.2744  EHBOND  =         0.0000  RESTRAINT  =         0.0000
 Ewald error estimate:   0.2663E-04
 ------------------------------------------------------------------------------


 NSTEP =    40900   TIME(PS) =    2604.025  TEMP(K) =   299.17  PRESS =     0.0
 Etot   =   -234222.1939  EKtot   =     54940.2226  EPtot      =   -289162.4165
 BOND   =      1048.4282  ANGLE   =      2910.6706  DIHED      =      2219.0811
 1-4 NB =      1331.5008  1-4 EEL =     15101.6205  VDWAALS    =     36681.4776
 EELEC  =   -348455.1952  EHBOND  =         0.0000  RESTRAINT  =         0.0000
 Ewald error estimate:   0.7041E-04
 ------------------------------------------------------------------------------

check COM velocity, temp:        0.000000     0.00(Removed)

 NSTEP =    41000   TIME(PS) =    2604.175  TEMP(K) =   297.96  PRESS =     0.0
 Etot   =   -234221.1732  EKtot   =     54717.5207  EPtot      =   -288938.6939
 BOND   =      1115.9492  ANGLE   =      2868.0071  DIHED      =      2265.7830
 1-4 NB =      1315.6245  1-4 EEL =     15092.4252  VDWAALS    =     36615.2796
 EELEC  =   -348211.7622  EHBOND  =         0.0000  RESTRAINT  =         0.0000
 Ewald error estimate:   0.6897E-04
 ------------------------------------------------------------------------------


 NSTEP =    41100   TIME(PS) =    2604.325  TEMP(K) =   298.97  PRESS =     0.0
 Etot   =   -234221.2211  EKtot   =     54903.7563  EPtot      =   -289124.9774
 BOND   =      1077.3090  ANGLE   =      2900.2941  DIHED      =      2245.3844
 1-4 NB =      1312.4475  1-4 EEL =     15130.0201  VDWAALS    =     37138.3255
 EELEC  =   -348928.7579  EHBOND  =         0.0000  RESTRAINT  =         0.0000
 Ewald error estimate:   0.6959E-04
 ------------------------------------------------------------------------------


 NSTEP =    41200   TIME(PS) =    2604.475  TEMP(K) =   298.34  PRESS =     0.0
 Etot   =   -234220.3673  EKtot   =     54786.8334  EPtot      =   -289007.2007
 BOND   =      1071.0721  ANGLE   =      2892.0608  DIHED      =      2241.4868
 1-4 NB =      1296.3960  1-4 EEL =     15111.4549  VDWAALS    =     36881.8799
 EELEC  =   -348501.5512  EHBOND  =         0.0000  RESTRAINT  =         0.0000
 Ewald error estimate:   0.5227E-04
 ------------------------------------------------------------------------------

check COM velocity, temp:        0.000000     0.00(Removed)

 NSTEP =    41300   TIME(PS) =    2604.625  TEMP(K) =   299.81  PRESS =     0.0
 Etot   =   -234219.2118  EKtot   =     55056.3818  EPtot      =   -289275.5936
 BOND   =      1071.6727  ANGLE   =      2884.4422  DIHED      =      2216.0153
 1-4 NB =      1311.0837  1-4 EEL =     15160.8193  VDWAALS    =     36474.7478
 EELEC  =   -348394.3746  EHBOND  =         0.0000  RESTRAINT  =         0.0000
 Ewald error estimate:   0.1327E-04
 ------------------------------------------------------------------------------


 NSTEP =    41400   TIME(PS) =    2604.775  TEMP(K) =   297.85  PRESS =     0.0
 Etot   =   -234215.3054  EKtot   =     54696.5799  EPtot      =   -288911.8853
 BOND   =      1074.2276  ANGLE   =      2966.4632  DIHED      =      2260.1214
 1-4 NB =      1314.0490  1-4 EEL =     15136.1056  VDWAALS    =     37035.2608
 EELEC  =   -348698.1129  EHBOND  =         0.0000  RESTRAINT  =         0.0000
 Ewald error estimate:   0.2306E-04
 ------------------------------------------------------------------------------

check COM velocity, temp:        0.000000     0.00(Removed)

 NSTEP =    41500   TIME(PS) =    2604.925  TEMP(K) =   297.51  PRESS =     0.0
 Etot   =   -234216.2910  EKtot   =     54635.0109  EPtot      =   -288851.3019
 BOND   =      1104.5701  ANGLE   =      2906.1125  DIHED      =      2252.4201
 1-4 NB =      1299.3470  1-4 EEL =     15071.4848  VDWAALS    =     36383.4161
 EELEC  =   -347868.6526  EHBOND  =         0.0000  RESTRAINT  =         0.0000
 Ewald error estimate:   0.1420E-04
 ------------------------------------------------------------------------------


 NSTEP =    41600   TIME(PS) =    2605.075  TEMP(K) =   300.96  PRESS =     0.0
 Etot   =   -234221.2596  EKtot   =     55268.4260  EPtot      =   -289489.6856
 BOND   =      1084.8080  ANGLE   =      2899.4455  DIHED      =      2254.0088
 1-4 NB =      1345.2789  1-4 EEL =     15192.5687  VDWAALS    =     36737.1481
 EELEC  =   -349002.9435  EHBOND  =         0.0000  RESTRAINT  =         0.0000
 Ewald error estimate:   0.3171E-04
 ------------------------------------------------------------------------------


 NSTEP =    41700   TIME(PS) =    2605.225  TEMP(K) =   299.47  PRESS =     0.0
 Etot   =   -234217.7840  EKtot   =     54995.1419  EPtot      =   -289212.9259
 BOND   =      1075.7712  ANGLE   =      2892.1973  DIHED      =      2235.7296
 1-4 NB =      1314.1581  1-4 EEL =     15153.7644  VDWAALS    =     36671.2571
 EELEC  =   -348555.8036  EHBOND  =         0.0000  RESTRAINT  =         0.0000
 Ewald error estimate:   0.1871E-04
 ------------------------------------------------------------------------------

check COM velocity, temp:        0.000000     0.00(Removed)

 NSTEP =    41800   TIME(PS) =    2605.375  TEMP(K) =   299.44  PRESS =     0.0
 Etot   =   -234218.9823  EKtot   =     54990.1527  EPtot      =   -289209.1350
 BOND   =      1108.7400  ANGLE   =      2903.8091  DIHED      =      2220.9409
 1-4 NB =      1300.7595  1-4 EEL =     15121.3365  VDWAALS    =     37126.8584
 EELEC  =   -348991.5794  EHBOND  =         0.0000  RESTRAINT  =         0.0000
 Ewald error estimate:   0.9494E-05
 ------------------------------------------------------------------------------


 NSTEP =    41900   TIME(PS) =    2605.525  TEMP(K) =   298.93  PRESS =     0.0
 Etot   =   -234219.1798  EKtot   =     54895.0189  EPtot      =   -289114.1987
 BOND   =      1119.5404  ANGLE   =      2913.4887  DIHED      =      2225.8973
 1-4 NB =      1289.1410  1-4 EEL =     15167.6799  VDWAALS    =     37384.7560
 EELEC  =   -349214.7020  EHBOND  =         0.0000  RESTRAINT  =         0.0000
 Ewald error estimate:   0.2501E-04
 ------------------------------------------------------------------------------

check COM velocity, temp:        0.000000     0.00(Removed)

 NSTEP =    42000   TIME(PS) =    2605.675  TEMP(K) =   298.48  PRESS =     0.0
 Etot   =   -234216.2209  EKtot   =     54813.1788  EPtot      =   -289029.3997
 BOND   =      1082.2171  ANGLE   =      2913.3882  DIHED      =      2217.5566
 1-4 NB =      1300.2484  1-4 EEL =     15096.0611  VDWAALS    =     36606.8258
 EELEC  =   -348245.6969  EHBOND  =         0.0000  RESTRAINT  =         0.0000
 Ewald error estimate:   0.2264E-04
 ------------------------------------------------------------------------------


 NSTEP =    42100   TIME(PS) =    2605.825  TEMP(K) =   299.28  PRESS =     0.0
 Etot   =   -234217.7315  EKtot   =     54960.4554  EPtot      =   -289178.1868
 BOND   =      1130.3974  ANGLE   =      2941.4955  DIHED      =      2223.8702
 1-4 NB =      1283.0077  1-4 EEL =     15036.6445  VDWAALS    =     36886.8159
 EELEC  =   -348680.4181  EHBOND  =         0.0000  RESTRAINT  =         0.0000
 Ewald error estimate:   0.2241E-05
 ------------------------------------------------------------------------------


 NSTEP =    42200   TIME(PS) =    2605.975  TEMP(K) =   298.25  PRESS =     0.0
 Etot   =   -234215.1664  EKtot   =     54770.1654  EPtot      =   -288985.3318
 BOND   =      1094.4756  ANGLE   =      2917.3626  DIHED      =      2219.2665
 1-4 NB =      1297.9351  1-4 EEL =     15109.2719  VDWAALS    =     36406.0089
 EELEC  =   -348029.6524  EHBOND  =         0.0000  RESTRAINT  =         0.0000
 Ewald error estimate:   0.4489E-04
 ------------------------------------------------------------------------------

check COM velocity, temp:        0.000000     0.00(Removed)

 NSTEP =    42300   TIME(PS) =    2606.125  TEMP(K) =   297.60  PRESS =     0.0
 Etot   =   -234215.8682  EKtot   =     54650.8067  EPtot      =   -288866.6749
 BOND   =      1149.5437  ANGLE   =      2867.8602  DIHED      =      2257.9247
 1-4 NB =      1283.1781  1-4 EEL =     15115.5851  VDWAALS    =     36492.8058
 EELEC  =   -348033.5724  EHBOND  =         0.0000  RESTRAINT  =         0.0000
 Ewald error estimate:   0.2668E-04
 ------------------------------------------------------------------------------


 NSTEP =    42400   TIME(PS) =    2606.275  TEMP(K) =   298.47  PRESS =     0.0
 Etot   =   -234217.8205  EKtot   =     54810.5867  EPtot      =   -289028.4072
 BOND   =      1098.7760  ANGLE   =      2880.2001  DIHED      =      2212.2849
 1-4 NB =      1307.4926  1-4 EEL =     15094.0170  VDWAALS    =     36883.9075
 EELEC  =   -348505.0853  EHBOND  =         0.0000  RESTRAINT  =         0.0000
 Ewald error estimate:   0.2381E-04
 ------------------------------------------------------------------------------

check COM velocity, temp:        0.000000     0.00(Removed)

 NSTEP =    42500   TIME(PS) =    2606.425  TEMP(K) =   299.02  PRESS =     0.0
 Etot   =   -234215.5798  EKtot   =     54911.6786  EPtot      =   -289127.2584
 BOND   =      1127.4046  ANGLE   =      2880.6536  DIHED      =      2245.8917
 1-4 NB =      1294.2932  1-4 EEL =     15096.6630  VDWAALS    =     36491.1176
 EELEC  =   -348263.2822  EHBOND  =         0.0000  RESTRAINT  =         0.0000
 Ewald error estimate:   0.1165E-03
 ------------------------------------------------------------------------------


 NSTEP =    42600   TIME(PS) =    2606.575  TEMP(K) =   298.80  PRESS =     0.0
 Etot   =   -234217.5680  EKtot   =     54871.7231  EPtot      =   -289089.2911
 BOND   =      1107.4046  ANGLE   =      2928.8584  DIHED      =      2238.6568
 1-4 NB =      1292.7276  1-4 EEL =     15076.5939  VDWAALS    =     36944.6242
 EELEC  =   -348678.1566  EHBOND  =         0.0000  RESTRAINT  =         0.0000
 Ewald error estimate:   0.2444E-04
 ------------------------------------------------------------------------------


 NSTEP =    42700   TIME(PS) =    2606.725  TEMP(K) =   300.34  PRESS =     0.0
 Etot   =   -234221.0273  EKtot   =     55154.9594  EPtot      =   -289375.9867
 BOND   =      1076.7050  ANGLE   =      2898.8815  DIHED      =      2234.9977
 1-4 NB =      1296.1177  1-4 EEL =     15035.4935  VDWAALS    =     36671.6819
 EELEC  =   -348589.8640  EHBOND  =         0.0000  RESTRAINT  =         0.0000
 Ewald error estimate:   0.7286E-04
 ------------------------------------------------------------------------------

check COM velocity, temp:        0.000000     0.00(Removed)

 NSTEP =    42800   TIME(PS) =    2606.875  TEMP(K) =   298.89  PRESS =     0.0
 Etot   =   -234217.1388  EKtot   =     54888.6550  EPtot      =   -289105.7938
 BOND   =      1126.8115  ANGLE   =      2896.5331  DIHED      =      2223.6273
 1-4 NB =      1310.8548  1-4 EEL =     15075.6602  VDWAALS    =     36448.6480
 EELEC  =   -348187.9287  EHBOND  =         0.0000  RESTRAINT  =         0.0000
 Ewald error estimate:   0.6000E-04
 ------------------------------------------------------------------------------


 NSTEP =    42900   TIME(PS) =    2607.025  TEMP(K) =   298.18  PRESS =     0.0
 Etot   =   -234215.8112  EKtot   =     54758.5087  EPtot      =   -288974.3199
 BOND   =      1095.3649  ANGLE   =      2890.9626  DIHED      =      2295.3777
 1-4 NB =      1294.6341  1-4 EEL =     15041.1104  VDWAALS    =     36657.9762
 EELEC  =   -348249.7458  EHBOND  =         0.0000  RESTRAINT  =         0.0000
 Ewald error estimate:   0.3669E-04
 ------------------------------------------------------------------------------

check COM velocity, temp:        0.000000     0.00(Removed)

 NSTEP =    43000   TIME(PS) =    2607.175  TEMP(K) =   298.40  PRESS =     0.0
 Etot   =   -234216.6250  EKtot   =     54798.4297  EPtot      =   -289015.0546
 BOND   =      1108.0249  ANGLE   =      2892.8763  DIHED      =      2245.1614
 1-4 NB =      1290.7222  1-4 EEL =     15065.2604  VDWAALS    =     36754.5963
 EELEC  =   -348371.6961  EHBOND  =         0.0000  RESTRAINT  =         0.0000
 Ewald error estimate:   0.8257E-04
 ------------------------------------------------------------------------------


 NSTEP =    43100   TIME(PS) =    2607.325  TEMP(K) =   298.29  PRESS =     0.0
 Etot   =   -234219.6614  EKtot   =     54778.8155  EPtot      =   -288998.4769
 BOND   =      1124.0819  ANGLE   =      2891.7874  DIHED      =      2205.3324
 1-4 NB =      1300.3913  1-4 EEL =     15029.9136  VDWAALS    =     36407.7112
 EELEC  =   -347957.6948  EHBOND  =         0.0000  RESTRAINT  =         0.0000
 Ewald error estimate:   0.3184E-04
 ------------------------------------------------------------------------------


 NSTEP =    43200   TIME(PS) =    2607.475  TEMP(K) =   299.02  PRESS =     0.0
 Etot   =   -234218.6649  EKtot   =     54912.1383  EPtot      =   -289130.8032
 BOND   =      1083.8378  ANGLE   =      2902.7898  DIHED      =      2234.8553
 1-4 NB =      1322.5219  1-4 EEL =     15104.5550  VDWAALS    =     36775.5583
 EELEC  =   -348554.9213  EHBOND  =         0.0000  RESTRAINT  =         0.0000
 Ewald error estimate:   0.4291E-04
 ------------------------------------------------------------------------------

check COM velocity, temp:        0.000000     0.00(Removed)

 NSTEP =    43300   TIME(PS) =    2607.625  TEMP(K) =   300.01  PRESS =     0.0
 Etot   =   -234218.6354  EKtot   =     55094.3959  EPtot      =   -289313.0313
 BOND   =      1103.4002  ANGLE   =      2876.4346  DIHED      =      2247.7431
 1-4 NB =      1323.0777  1-4 EEL =     15111.6729  VDWAALS    =     36919.5941
 EELEC  =   -348894.9540  EHBOND  =         0.0000  RESTRAINT  =         0.0000
 Ewald error estimate:   0.1362E-04
 ------------------------------------------------------------------------------


 NSTEP =    43400   TIME(PS) =    2607.775  TEMP(K) =   298.63  PRESS =     0.0
 Etot   =   -234216.0225  EKtot   =     54840.2817  EPtot      =   -289056.3043
 BOND   =      1141.5582  ANGLE   =      2933.1058  DIHED      =      2252.8241
 1-4 NB =      1299.0901  1-4 EEL =     15086.2951  VDWAALS    =     36873.7998
 EELEC  =   -348642.9774  EHBOND  =         0.0000  RESTRAINT  =         0.0000
 Ewald error estimate:   0.7918E-04
 ------------------------------------------------------------------------------

check COM velocity, temp:        0.000000     0.00(Removed)

 NSTEP =    43500   TIME(PS) =    2607.925  TEMP(K) =   298.45  PRESS =     0.0
 Etot   =   -234218.1399  EKtot   =     54807.7191  EPtot      =   -289025.8590
 BOND   =      1081.7940  ANGLE   =      2858.2815  DIHED      =      2252.7853
 1-4 NB =      1332.1346  1-4 EEL =     15115.1384  VDWAALS    =     36987.2000
 EELEC  =   -348653.1928  EHBOND  =         0.0000  RESTRAINT  =         0.0000
 Ewald error estimate:   0.5164E-04
 ------------------------------------------------------------------------------


 NSTEP =    43600   TIME(PS) =    2608.075  TEMP(K) =   298.99  PRESS =     0.0
 Etot   =   -234217.2309  EKtot   =     54906.3743  EPtot      =   -289123.6052
 BOND   =      1133.1873  ANGLE   =      2918.8989  DIHED      =      2242.5619
 1-4 NB =      1306.9639  1-4 EEL =     15030.5619  VDWAALS    =     36568.2401
 EELEC  =   -348324.0192  EHBOND  =         0.0000  RESTRAINT  =         0.0000
 Ewald error estimate:   0.5935E-04
 ------------------------------------------------------------------------------


 NSTEP =    43700   TIME(PS) =    2608.225  TEMP(K) =   298.77  PRESS =     0.0
 Etot   =   -234215.8936  EKtot   =     54866.8065  EPtot      =   -289082.7001
 BOND   =      1109.2839  ANGLE   =      2959.6562  DIHED      =      2234.7639
 1-4 NB =      1310.4156  1-4 EEL =     15018.8634  VDWAALS    =     36289.4982
 EELEC  =   -348005.1813  EHBOND  =         0.0000  RESTRAINT  =         0.0000
 Ewald error estimate:   0.3296E-04
 ------------------------------------------------------------------------------

check COM velocity, temp:        0.000000     0.00(Removed)

 NSTEP =    43800   TIME(PS) =    2608.375  TEMP(K) =   299.04  PRESS =     0.0
 Etot   =   -234217.6940  EKtot   =     54916.1109  EPtot      =   -289133.8049
 BOND   =      1077.0050  ANGLE   =      2937.5390  DIHED      =      2224.1832
 1-4 NB =      1309.1773  1-4 EEL =     15045.5380  VDWAALS    =     36485.7984
 EELEC  =   -348213.0458  EHBOND  =         0.0000  RESTRAINT  =         0.0000
 Ewald error estimate:   0.8346E-04
 ------------------------------------------------------------------------------


 NSTEP =    43900   TIME(PS) =    2608.525  TEMP(K) =   298.72  PRESS =     0.0
 Etot   =   -234218.6415  EKtot   =     54857.5516  EPtot      =   -289076.1931
 BOND   =      1118.7890  ANGLE   =      2953.7178  DIHED      =      2249.0560
 1-4 NB =      1322.5844  1-4 EEL =     15072.4652  VDWAALS    =     36006.4588
 EELEC  =   -347799.2644  EHBOND  =         0.0000  RESTRAINT  =         0.0000
 Ewald error estimate:   0.4130E-04
 ------------------------------------------------------------------------------

check COM velocity, temp:        0.000000     0.00(Removed)

 NSTEP =    44000   TIME(PS) =    2608.675  TEMP(K) =   297.33  PRESS =     0.0
 Etot   =   -234215.7306  EKtot   =     54602.4337  EPtot      =   -288818.1643
 BOND   =      1083.4476  ANGLE   =      2960.4176  DIHED      =      2251.2071
 1-4 NB =      1333.7609  1-4 EEL =     15068.2158  VDWAALS    =     36268.8044
 EELEC  =   -347784.0176  EHBOND  =         0.0000  RESTRAINT  =         0.0000
 Ewald error estimate:   0.7496E-05
 ------------------------------------------------------------------------------


 NSTEP =    44100   TIME(PS) =    2608.825  TEMP(K) =   298.45  PRESS =     0.0
 Etot   =   -234217.9243  EKtot   =     54806.8318  EPtot      =   -289024.7561
 BOND   =      1122.9278  ANGLE   =      2926.4835  DIHED      =      2202.5565
 1-4 NB =      1319.1493  1-4 EEL =     15116.8509  VDWAALS    =     36640.0190
 EELEC  =   -348352.7430  EHBOND  =         0.0000  RESTRAINT  =         0.0000
 Ewald error estimate:   0.4471E-05
 ------------------------------------------------------------------------------


 NSTEP =    44200   TIME(PS) =    2608.975  TEMP(K) =   298.84  PRESS =     0.0
 Etot   =   -234216.5810  EKtot   =     54878.7070  EPtot      =   -289095.2880
 BOND   =      1105.2445  ANGLE   =      3005.4307  DIHED      =      2235.3931
 1-4 NB =      1287.7717  1-4 EEL =     15129.6422  VDWAALS    =     36617.9381
 EELEC  =   -348476.7081  EHBOND  =         0.0000  RESTRAINT  =         0.0000
 Ewald error estimate:   0.1127E-04
 ------------------------------------------------------------------------------

check COM velocity, temp:        0.000000     0.00(Removed)

 NSTEP =    44300   TIME(PS) =    2609.125  TEMP(K) =   299.33  PRESS =     0.0
 Etot   =   -234216.8368  EKtot   =     54968.5738  EPtot      =   -289185.4107
 BOND   =      1130.6197  ANGLE   =      2932.7565  DIHED      =      2260.4869
 1-4 NB =      1324.1508  1-4 EEL =     15154.4288  VDWAALS    =     36557.7850
 EELEC  =   -348545.6382  EHBOND  =         0.0000  RESTRAINT  =         0.0000
 Ewald error estimate:   0.1012E-04
 ------------------------------------------------------------------------------


 NSTEP =    44400   TIME(PS) =    2609.275  TEMP(K) =   297.06  PRESS =     0.0
 Etot   =   -234214.9118  EKtot   =     54552.7208  EPtot      =   -288767.6326
 BOND   =      1172.9268  ANGLE   =      2948.5708  DIHED      =      2238.5323
 1-4 NB =      1315.1835  1-4 EEL =     15143.5249  VDWAALS    =     36538.4663
 EELEC  =   -348124.8371  EHBOND  =         0.0000  RESTRAINT  =         0.0000
 Ewald error estimate:   0.7268E-04
 ------------------------------------------------------------------------------

check COM velocity, temp:        0.000000     0.00(Removed)

 NSTEP =    44500   TIME(PS) =    2609.425  TEMP(K) =   297.42  PRESS =     0.0
 Etot   =   -234214.4365  EKtot   =     54618.2541  EPtot      =   -288832.6906
 BOND   =      1075.9853  ANGLE   =      2950.4330  DIHED      =      2246.6856
 1-4 NB =      1317.6678  1-4 EEL =     15154.0488  VDWAALS    =     36160.8106
 EELEC  =   -347738.3218  EHBOND  =         0.0000  RESTRAINT  =         0.0000
 Ewald error estimate:   0.8086E-04
 ------------------------------------------------------------------------------


 NSTEP =    44600   TIME(PS) =    2609.575  TEMP(K) =   299.05  PRESS =     0.0
 Etot   =   -234214.8132  EKtot   =     54917.4269  EPtot      =   -289132.2401
 BOND   =      1088.1732  ANGLE   =      2946.2749  DIHED      =      2240.1912
 1-4 NB =      1326.6050  1-4 EEL =     15159.5862  VDWAALS    =     36643.8683
 EELEC  =   -348536.9388  EHBOND  =         0.0000  RESTRAINT  =         0.0000
 Ewald error estimate:   0.9777E-04
 ------------------------------------------------------------------------------


 NSTEP =    44700   TIME(PS) =    2609.725  TEMP(K) =   298.50  PRESS =     0.0
 Etot   =   -234216.8450  EKtot   =     54816.0441  EPtot      =   -289032.8890
 BOND   =      1134.8481  ANGLE   =      2967.4688  DIHED      =      2210.4708
 1-4 NB =      1279.7227  1-4 EEL =     15056.0196  VDWAALS    =     36842.2110
 EELEC  =   -348523.6301  EHBOND  =         0.0000  RESTRAINT  =         0.0000
 Ewald error estimate:   0.5540E-05
 ------------------------------------------------------------------------------

check COM velocity, temp:        0.000000     0.00(Removed)

 NSTEP =    44800   TIME(PS) =    2609.875  TEMP(K) =   297.17  PRESS =     0.0
 Etot   =   -234215.8365  EKtot   =     54572.0782  EPtot      =   -288787.9147
 BOND   =      1093.6149  ANGLE   =      2933.4681  DIHED      =      2253.5803
 1-4 NB =      1312.4151  1-4 EEL =     15139.8020  VDWAALS    =     36345.4750
 EELEC  =   -347866.2701  EHBOND  =         0.0000  RESTRAINT  =         0.0000
 Ewald error estimate:   0.7058E-04
 ------------------------------------------------------------------------------


 NSTEP =    44900   TIME(PS) =    2610.025  TEMP(K) =   297.41  PRESS =     0.0
 Etot   =   -234215.0975  EKtot   =     54615.9608  EPtot      =   -288831.0583
 BOND   =      1077.0206  ANGLE   =      2970.3597  DIHED      =      2249.8157
 1-4 NB =      1292.9477  1-4 EEL =     15126.4670  VDWAALS    =     36390.1521
 EELEC  =   -347937.8211  EHBOND  =         0.0000  RESTRAINT  =         0.0000
 Ewald error estimate:   0.9463E-04
 ------------------------------------------------------------------------------

check COM velocity, temp:        0.000000     0.00(Removed)

 NSTEP =    45000   TIME(PS) =    2610.175  TEMP(K) =   298.51  PRESS =     0.0
 Etot   =   -234217.7872  EKtot   =     54818.0973  EPtot      =   -289035.8844
 BOND   =      1092.1857  ANGLE   =      2898.4748  DIHED      =      2239.4752
 1-4 NB =      1327.2719  1-4 EEL =     15063.1224  VDWAALS    =     36585.7256
 EELEC  =   -348242.1400  EHBOND  =         0.0000  RESTRAINT  =         0.0000
 Ewald error estimate:   0.3303E-05
 ------------------------------------------------------------------------------


 NSTEP =    45100   TIME(PS) =    2610.325  TEMP(K) =   298.24  PRESS =     0.0
 Etot   =   -234219.0729  EKtot   =     54768.0798  EPtot      =   -288987.1527
 BOND   =      1124.0065  ANGLE   =      2919.1970  DIHED      =      2260.6764
 1-4 NB =      1306.4712  1-4 EEL =     15046.3234  VDWAALS    =     36530.1462
 EELEC  =   -348173.9734  EHBOND  =         0.0000  RESTRAINT  =         0.0000
 Ewald error estimate:   0.7286E-04
 ------------------------------------------------------------------------------


 NSTEP =    45200   TIME(PS) =    2610.475  TEMP(K) =   298.38  PRESS =     0.0
 Etot   =   -234217.9894  EKtot   =     54795.4555  EPtot      =   -289013.4450
 BOND   =      1099.2073  ANGLE   =      2962.5602  DIHED      =      2260.4904
 1-4 NB =      1298.4886  1-4 EEL =     15075.3958  VDWAALS    =     36298.6409
 EELEC  =   -348008.2282  EHBOND  =         0.0000  RESTRAINT  =         0.0000
 Ewald error estimate:   0.4064E-04
 ------------------------------------------------------------------------------

check COM velocity, temp:        0.000000     0.00(Removed)

 NSTEP =    45300   TIME(PS) =    2610.625  TEMP(K) =   297.73  PRESS =     0.0
 Etot   =   -234218.1421  EKtot   =     54675.6237  EPtot      =   -288893.7658
 BOND   =      1114.0787  ANGLE   =      2898.3291  DIHED      =      2230.6608
 1-4 NB =      1318.3014  1-4 EEL =     15057.4481  VDWAALS    =     36203.4040
 EELEC  =   -347715.9878  EHBOND  =         0.0000  RESTRAINT  =         0.0000
 Ewald error estimate:   0.1433E-04
 ------------------------------------------------------------------------------


 NSTEP =    45400   TIME(PS) =    2610.775  TEMP(K) =   297.43  PRESS =     0.0
 Etot   =   -234218.2055  EKtot   =     54620.2718  EPtot      =   -288838.4773
 BOND   =      1084.2799  ANGLE   =      2950.5129  DIHED      =      2196.4064
 1-4 NB =      1338.3582  1-4 EEL =     15145.3143  VDWAALS    =     36385.1619
 EELEC  =   -347938.5109  EHBOND  =         0.0000  RESTRAINT  =         0.0000
 Ewald error estimate:   0.5725E-04
 ------------------------------------------------------------------------------

check COM velocity, temp:        0.000000     0.00(Removed)

 NSTEP =    45500   TIME(PS) =    2610.925  TEMP(K) =   298.66  PRESS =     0.0
 Etot   =   -234219.7527  EKtot   =     54845.5833  EPtot      =   -289065.3360
 BOND   =      1104.9464  ANGLE   =      2888.2310  DIHED      =      2245.2554
 1-4 NB =      1320.8319  1-4 EEL =     15078.9916  VDWAALS    =     35993.6981
 EELEC  =   -347697.2903  EHBOND  =         0.0000  RESTRAINT  =         0.0000
 Ewald error estimate:   0.6019E-05
 ------------------------------------------------------------------------------


 NSTEP =    45600   TIME(PS) =    2611.075  TEMP(K) =   299.60  PRESS =     0.0
 Etot   =   -234216.9680  EKtot   =     55018.8680  EPtot      =   -289235.8360
 BOND   =      1106.1412  ANGLE   =      2871.5004  DIHED      =      2239.9596
 1-4 NB =      1303.4089  1-4 EEL =     15116.8519  VDWAALS    =     36348.1087
 EELEC  =   -348221.8068  EHBOND  =         0.0000  RESTRAINT  =         0.0000
 Ewald error estimate:   0.8670E-04
 ------------------------------------------------------------------------------


 NSTEP =    45700   TIME(PS) =    2611.225  TEMP(K) =   298.62  PRESS =     0.0
 Etot   =   -234217.3159  EKtot   =     54838.2087  EPtot      =   -289055.5246
 BOND   =      1087.8079  ANGLE   =      2911.0805  DIHED      =      2269.2385
 1-4 NB =      1319.1515  1-4 EEL =     15080.6253  VDWAALS    =     36441.2063
 EELEC  =   -348164.6346  EHBOND  =         0.0000  RESTRAINT  =         0.0000
 Ewald error estimate:   0.3169E-04
 ------------------------------------------------------------------------------

check COM velocity, temp:        0.000000     0.00(Removed)

 NSTEP =    45800   TIME(PS) =    2611.375  TEMP(K) =   298.21  PRESS =     0.0
 Etot   =   -234215.4856  EKtot   =     54764.3004  EPtot      =   -288979.7859
 BOND   =      1118.3959  ANGLE   =      2920.7452  DIHED      =      2229.1902
 1-4 NB =      1334.1663  1-4 EEL =     15061.0933  VDWAALS    =     36739.7562
 EELEC  =   -348383.1330  EHBOND  =         0.0000  RESTRAINT  =         0.0000
 Ewald error estimate:   0.4917E-04
 ------------------------------------------------------------------------------


 NSTEP =    45900   TIME(PS) =    2611.525  TEMP(K) =   298.25  PRESS =     0.0
 Etot   =   -234215.7982  EKtot   =     54770.5497  EPtot      =   -288986.3480
 BOND   =      1140.4821  ANGLE   =      2929.3486  DIHED      =      2257.8979
 1-4 NB =      1292.1177  1-4 EEL =     15077.1560  VDWAALS    =     36482.1746
 EELEC  =   -348165.5248  EHBOND  =         0.0000  RESTRAINT  =         0.0000
 Ewald error estimate:   0.6869E-05
 ------------------------------------------------------------------------------

check COM velocity, temp:        0.000000     0.00(Removed)

 NSTEP =    46000   TIME(PS) =    2611.675  TEMP(K) =   298.04  PRESS =     0.0
 Etot   =   -234217.2534  EKtot   =     54731.7942  EPtot      =   -288949.0476
 BOND   =      1034.3675  ANGLE   =      2917.2389  DIHED      =      2221.2722
 1-4 NB =      1335.6239  1-4 EEL =     15154.0716  VDWAALS    =     36395.9260
 EELEC  =   -348007.5477  EHBOND  =         0.0000  RESTRAINT  =         0.0000
 Ewald error estimate:   0.8514E-05
 ------------------------------------------------------------------------------


 NSTEP =    46100   TIME(PS) =    2611.825  TEMP(K) =   297.45  PRESS =     0.0
 Etot   =   -234215.7981  EKtot   =     54623.6959  EPtot      =   -288839.4940
 BOND   =      1095.7304  ANGLE   =      2896.2481  DIHED      =      2223.3695
 1-4 NB =      1322.6784  1-4 EEL =     15173.8956  VDWAALS    =     36385.8877
 EELEC  =   -347937.3037  EHBOND  =         0.0000  RESTRAINT  =         0.0000
 Ewald error estimate:   0.5216E-04
 ------------------------------------------------------------------------------


 NSTEP =    46200   TIME(PS) =    2611.975  TEMP(K) =   298.19  PRESS =     0.0
 Etot   =   -234219.4518  EKtot   =     54758.8159  EPtot      =   -288978.2678
 BOND   =      1046.1482  ANGLE   =      2883.0846  DIHED      =      2214.0905
 1-4 NB =      1276.7225  1-4 EEL =     15161.7238  VDWAALS    =     37000.9800
 EELEC  =   -348561.0173  EHBOND  =         0.0000  RESTRAINT  =         0.0000
 Ewald error estimate:   0.1646E-04
 ------------------------------------------------------------------------------

check COM velocity, temp:        0.000000     0.00(Removed)

 NSTEP =    46300   TIME(PS) =    2612.125  TEMP(K) =   297.58  PRESS =     0.0
 Etot   =   -234215.6771  EKtot   =     54647.6072  EPtot      =   -288863.2843
 BOND   =      1096.8640  ANGLE   =      2958.2602  DIHED      =      2253.9616
 1-4 NB =      1307.5872  1-4 EEL =     15085.8122  VDWAALS    =     36483.1711
 EELEC  =   -348048.9406  EHBOND  =         0.0000  RESTRAINT  =         0.0000
 Ewald error estimate:   0.6252E-04
 ------------------------------------------------------------------------------


 NSTEP =    46400   TIME(PS) =    2612.275  TEMP(K) =   296.96  PRESS =     0.0
 Etot   =   -234215.3434  EKtot   =     54533.6211  EPtot      =   -288748.9646
 BOND   =      1135.9474  ANGLE   =      2905.9117  DIHED      =      2255.4342
 1-4 NB =      1284.9751  1-4 EEL =     15069.0170  VDWAALS    =     36455.3093
 EELEC  =   -347855.5593  EHBOND  =         0.0000  RESTRAINT  =         0.0000
 Ewald error estimate:   0.4396E-05
 ------------------------------------------------------------------------------

check COM velocity, temp:        0.000000     0.00(Removed)

 NSTEP =    46500   TIME(PS) =    2612.425  TEMP(K) =   299.47  PRESS =     0.0
 Etot   =   -234215.6763  EKtot   =     54994.5377  EPtot      =   -289210.2141
 BOND   =      1127.6661  ANGLE   =      2933.0920  DIHED      =      2248.7801
 1-4 NB =      1325.2620  1-4 EEL =     15161.6801  VDWAALS    =     36821.5244
 EELEC  =   -348828.2187  EHBOND  =         0.0000  RESTRAINT  =         0.0000
 Ewald error estimate:   0.2079E-04
 ------------------------------------------------------------------------------


 NSTEP =    46600   TIME(PS) =    2612.575  TEMP(K) =   299.03  PRESS =     0.0
 Etot   =   -234213.5693  EKtot   =     54913.1398  EPtot      =   -289126.7091
 BOND   =      1139.8752  ANGLE   =      2950.1802  DIHED      =      2233.4010
 1-4 NB =      1304.6294  1-4 EEL =     15073.2326  VDWAALS    =     36404.9117
 EELEC  =   -348232.9393  EHBOND  =         0.0000  RESTRAINT  =         0.0000
 Ewald error estimate:   0.1108E-03
 ------------------------------------------------------------------------------


 NSTEP =    46700   TIME(PS) =    2612.725  TEMP(K) =   297.63  PRESS =     0.0
 Etot   =   -234216.3316  EKtot   =     54657.2036  EPtot      =   -288873.5352
 BOND   =      1161.9013  ANGLE   =      2978.4715  DIHED      =      2220.2279
 1-4 NB =      1295.9963  1-4 EEL =     15075.0965  VDWAALS    =     36272.1959
 EELEC  =   -347877.4246  EHBOND  =         0.0000  RESTRAINT  =         0.0000
 Ewald error estimate:   0.6933E-04
 ------------------------------------------------------------------------------

check COM velocity, temp:        0.000000     0.00(Removed)

 NSTEP =    46800   TIME(PS) =    2612.875  TEMP(K) =   298.24  PRESS =     0.0
 Etot   =   -234217.4492  EKtot   =     54769.1945  EPtot      =   -288986.6436
 BOND   =      1111.1880  ANGLE   =      3016.9169  DIHED      =      2249.1182
 1-4 NB =      1296.8642  1-4 EEL =     15038.9848  VDWAALS    =     36399.2747
 EELEC  =   -348098.9904  EHBOND  =         0.0000  RESTRAINT  =         0.0000
 Ewald error estimate:   0.7282E-04
 ------------------------------------------------------------------------------


 NSTEP =    46900   TIME(PS) =    2613.025  TEMP(K) =   299.29  PRESS =     0.0
 Etot   =   -234217.0853  EKtot   =     54961.1065  EPtot      =   -289178.1918
 BOND   =      1131.3898  ANGLE   =      2909.7215  DIHED      =      2262.4335
 1-4 NB =      1299.8640  1-4 EEL =     15180.0906  VDWAALS    =     36768.6965
 EELEC  =   -348730.3876  EHBOND  =         0.0000  RESTRAINT  =         0.0000
 Ewald error estimate:   0.9346E-04
 ------------------------------------------------------------------------------

check COM velocity, temp:        0.000000     0.00(Removed)

 NSTEP =    47000   TIME(PS) =    2613.175  TEMP(K) =   297.75  PRESS =     0.0
 Etot   =   -234219.0587  EKtot   =     54678.3394  EPtot      =   -288897.3981
 BOND   =      1101.8050  ANGLE   =      2896.7389  DIHED      =      2259.4387
 1-4 NB =      1326.5106  1-4 EEL =     15154.5959  VDWAALS    =     36432.9427
 EELEC  =   -348069.4300  EHBOND  =         0.0000  RESTRAINT  =         0.0000
 Ewald error estimate:   0.3227E-04
 ------------------------------------------------------------------------------


 NSTEP =    47100   TIME(PS) =    2613.325  TEMP(K) =   299.17  PRESS =     0.0
 Etot   =   -234218.2483  EKtot   =     54939.3514  EPtot      =   -289157.5996
 BOND   =      1099.5822  ANGLE   =      3002.3162  DIHED      =      2236.5846
 1-4 NB =      1316.6244  1-4 EEL =     15061.4339  VDWAALS    =     36816.8924
 EELEC  =   -348691.0334  EHBOND  =         0.0000  RESTRAINT  =         0.0000
 Ewald error estimate:   0.3337E-04
 ------------------------------------------------------------------------------


 NSTEP =    47200   TIME(PS) =    2613.475  TEMP(K) =   298.89  PRESS =     0.0
 Etot   =   -234219.9252  EKtot   =     54888.7742  EPtot      =   -289108.6994
 BOND   =      1106.6223  ANGLE   =      2982.7745  DIHED      =      2249.5627
 1-4 NB =      1341.9698  1-4 EEL =     15011.5661  VDWAALS    =     36924.6221
 EELEC  =   -348725.8169  EHBOND  =         0.0000  RESTRAINT  =         0.0000
 Ewald error estimate:   0.1006E-04
 ------------------------------------------------------------------------------

check COM velocity, temp:        0.000000     0.00(Removed)

 NSTEP =    47300   TIME(PS) =    2613.625  TEMP(K) =   299.48  PRESS =     0.0
 Etot   =   -234218.4642  EKtot   =     54996.8781  EPtot      =   -289215.3424
 BOND   =      1118.9582  ANGLE   =      2967.3018  DIHED      =      2277.9139
 1-4 NB =      1299.0191  1-4 EEL =     15049.1432  VDWAALS    =     36581.6498
 EELEC  =   -348509.3284  EHBOND  =         0.0000  RESTRAINT  =         0.0000
 Ewald error estimate:   0.5283E-04
 ------------------------------------------------------------------------------


 NSTEP =    47400   TIME(PS) =    2613.775  TEMP(K) =   299.30  PRESS =     0.0
 Etot   =   -234220.3443  EKtot   =     54963.4446  EPtot      =   -289183.7889
 BOND   =      1128.4147  ANGLE   =      2952.4070  DIHED      =      2215.3360
 1-4 NB =      1337.5486  1-4 EEL =     15002.1299  VDWAALS    =     36600.8160
 EELEC  =   -348420.4411  EHBOND  =         0.0000  RESTRAINT  =         0.0000
 Ewald error estimate:   0.2315E-04
 ------------------------------------------------------------------------------

check COM velocity, temp:        0.000000     0.00(Removed)

 NSTEP =    47500   TIME(PS) =    2613.925  TEMP(K) =   298.99  PRESS =     0.0
 Etot   =   -234220.4198  EKtot   =     54906.6604  EPtot      =   -289127.0802
 BOND   =      1116.9806  ANGLE   =      2970.5612  DIHED      =      2212.3294
 1-4 NB =      1326.5919  1-4 EEL =     15110.6802  VDWAALS    =     37064.0940
 EELEC  =   -348928.3175  EHBOND  =         0.0000  RESTRAINT  =         0.0000
 Ewald error estimate:   0.2909E-04
 ------------------------------------------------------------------------------


 NSTEP =    47600   TIME(PS) =    2614.075  TEMP(K) =   300.25  PRESS =     0.0
 Etot   =   -234221.2755  EKtot   =     55138.6550  EPtot      =   -289359.9305
 BOND   =      1124.5652  ANGLE   =      2883.4755  DIHED      =      2257.7226
 1-4 NB =      1317.0766  1-4 EEL =     15080.9729  VDWAALS    =     36894.6536
 EELEC  =   -348918.3969  EHBOND  =         0.0000  RESTRAINT  =         0.0000
 Ewald error estimate:   0.2889E-04
 ------------------------------------------------------------------------------


 NSTEP =    47700   TIME(PS) =    2614.225  TEMP(K) =   298.52  PRESS =     0.0
 Etot   =   -234219.4289  EKtot   =     54821.0589  EPtot      =   -289040.4878
 BOND   =      1144.3770  ANGLE   =      2926.5673  DIHED      =      2221.8652
 1-4 NB =      1318.0745  1-4 EEL =     15108.2803  VDWAALS    =     36620.0615
 EELEC  =   -348379.7136  EHBOND  =         0.0000  RESTRAINT  =         0.0000
 Ewald error estimate:   0.6802E-04
 ------------------------------------------------------------------------------

check COM velocity, temp:        0.000000     0.00(Removed)

 NSTEP =    47800   TIME(PS) =    2614.375  TEMP(K) =   298.64  PRESS =     0.0
 Etot   =   -234219.8251  EKtot   =     54842.3326  EPtot      =   -289062.1577
 BOND   =      1123.2350  ANGLE   =      2873.5911  DIHED      =      2224.5606
 1-4 NB =      1324.3503  1-4 EEL =     15077.9948  VDWAALS    =     36696.4314
 EELEC  =   -348382.3210  EHBOND  =         0.0000  RESTRAINT  =         0.0000
 Ewald error estimate:   0.4313E-04
 ------------------------------------------------------------------------------


 NSTEP =    47900   TIME(PS) =    2614.525  TEMP(K) =   297.56  PRESS =     0.0
 Etot   =   -234219.4596  EKtot   =     54643.6683  EPtot      =   -288863.1279
 BOND   =      1129.7092  ANGLE   =      2960.7736  DIHED      =      2253.8165
 1-4 NB =      1285.8788  1-4 EEL =     15054.2697  VDWAALS    =     36599.0203
 EELEC  =   -348146.5960  EHBOND  =         0.0000  RESTRAINT  =         0.0000
 Ewald error estimate:   0.9215E-04
 ------------------------------------------------------------------------------

check COM velocity, temp:        0.000000     0.00(Removed)

 NSTEP =    48000   TIME(PS) =    2614.675  TEMP(K) =   298.03  PRESS =     0.0
 Etot   =   -234217.8399  EKtot   =     54730.9707  EPtot      =   -288948.8106
 BOND   =      1142.8737  ANGLE   =      3011.0664  DIHED      =      2269.2593
 1-4 NB =      1285.4829  1-4 EEL =     15019.7104  VDWAALS    =     36745.8066
 EELEC  =   -348423.0098  EHBOND  =         0.0000  RESTRAINT  =         0.0000
 Ewald error estimate:   0.2944E-04
 ------------------------------------------------------------------------------


 NSTEP =    48100   TIME(PS) =    2614.825  TEMP(K) =   297.25  PRESS =     0.0
 Etot   =   -234220.3129  EKtot   =     54587.9272  EPtot      =   -288808.2401
 BOND   =      1070.5211  ANGLE   =      2930.8048  DIHED      =      2254.2740
 1-4 NB =      1306.8837  1-4 EEL =     15061.9619  VDWAALS    =     36664.1090
 EELEC  =   -348096.7946  EHBOND  =         0.0000  RESTRAINT  =         0.0000
 Ewald error estimate:   0.1620E-05
 ------------------------------------------------------------------------------


 NSTEP =    48200   TIME(PS) =    2614.975  TEMP(K) =   299.74  PRESS =     0.0
 Etot   =   -234219.0316  EKtot   =     55044.5486  EPtot      =   -289263.5802
 BOND   =      1107.3198  ANGLE   =      2992.3203  DIHED      =      2203.9733
 1-4 NB =      1284.4917  1-4 EEL =     15114.6963  VDWAALS    =     36581.1455
 EELEC  =   -348547.5272  EHBOND  =         0.0000  RESTRAINT  =         0.0000
 Ewald error estimate:   0.2598E-05
 ------------------------------------------------------------------------------

check COM velocity, temp:        0.000000     0.00(Removed)

 NSTEP =    48300   TIME(PS) =    2615.125  TEMP(K) =   297.70  PRESS =     0.0
 Etot   =   -234218.9029  EKtot   =     54669.2153  EPtot      =   -288888.1182
 BOND   =      1155.3407  ANGLE   =      2941.4505  DIHED      =      2218.1556
 1-4 NB =      1312.2304  1-4 EEL =     15096.8056  VDWAALS    =     37031.8288
 EELEC  =   -348643.9298  EHBOND  =         0.0000  RESTRAINT  =         0.0000
 Ewald error estimate:   0.2290E-04
 ------------------------------------------------------------------------------


 NSTEP =    48400   TIME(PS) =    2615.275  TEMP(K) =   299.10  PRESS =     0.0
 Etot   =   -234219.4000  EKtot   =     54926.2612  EPtot      =   -289145.6612
 BOND   =      1141.0882  ANGLE   =      2936.1792  DIHED      =      2212.2387
 1-4 NB =      1313.7844  1-4 EEL =     15037.2796  VDWAALS    =     36844.3066
 EELEC  =   -348630.5380  EHBOND  =         0.0000  RESTRAINT  =         0.0000
 Ewald error estimate:   0.1930E-05
 ------------------------------------------------------------------------------

check COM velocity, temp:        0.000000     0.00(Removed)

 NSTEP =    48500   TIME(PS) =    2615.425  TEMP(K) =   298.80  PRESS =     0.0
 Etot   =   -234218.3002  EKtot   =     54872.0792  EPtot      =   -289090.3795
 BOND   =      1108.6628  ANGLE   =      2966.1100  DIHED      =      2265.2271
 1-4 NB =      1288.9096  1-4 EEL =     15062.9674  VDWAALS    =     36573.7951
 EELEC  =   -348356.0515  EHBOND  =         0.0000  RESTRAINT  =         0.0000
 Ewald error estimate:   0.9397E-04
 ------------------------------------------------------------------------------


 NSTEP =    48600   TIME(PS) =    2615.575  TEMP(K) =   297.53  PRESS =     0.0
 Etot   =   -234217.6434  EKtot   =     54639.1165  EPtot      =   -288856.7599
 BOND   =      1108.8853  ANGLE   =      2938.8725  DIHED      =      2221.2142
 1-4 NB =      1305.3058  1-4 EEL =     15046.0126  VDWAALS    =     36750.8711
 EELEC  =   -348227.9214  EHBOND  =         0.0000  RESTRAINT  =         0.0000
 Ewald error estimate:   0.9956E-05
 ------------------------------------------------------------------------------


 NSTEP =    48700   TIME(PS) =    2615.725  TEMP(K) =   298.11  PRESS =     0.0
 Etot   =   -234218.7395  EKtot   =     54744.2543  EPtot      =   -288962.9937
 BOND   =      1103.3629  ANGLE   =      2947.8004  DIHED      =      2284.5511
 1-4 NB =      1319.5640  1-4 EEL =     15103.8001  VDWAALS    =     36898.6556
 EELEC  =   -348620.7279  EHBOND  =         0.0000  RESTRAINT  =         0.0000
 Ewald error estimate:   0.2579E-04
 ------------------------------------------------------------------------------

check COM velocity, temp:        0.000000     0.00(Removed)

 NSTEP =    48800   TIME(PS) =    2615.875  TEMP(K) =   299.03  PRESS =     0.0
 Etot   =   -234218.4722  EKtot   =     54914.7343  EPtot      =   -289133.2065
 BOND   =      1130.1034  ANGLE   =      2923.4590  DIHED      =      2279.1894
 1-4 NB =      1317.1244  1-4 EEL =     15003.4638  VDWAALS    =     37074.9942
 EELEC  =   -348861.5407  EHBOND  =         0.0000  RESTRAINT  =         0.0000
 Ewald error estimate:   0.2460E-04
 ------------------------------------------------------------------------------


 NSTEP =    48900   TIME(PS) =    2616.025  TEMP(K) =   297.00  PRESS =     0.0
 Etot   =   -234217.5023  EKtot   =     54542.0127  EPtot      =   -288759.5150
 BOND   =      1124.8626  ANGLE   =      2910.0160  DIHED      =      2233.8254
 1-4 NB =      1346.7871  1-4 EEL =     15095.9037  VDWAALS    =     36963.1750
 EELEC  =   -348434.0848  EHBOND  =         0.0000  RESTRAINT  =         0.0000
 Ewald error estimate:   0.1691E-05
 ------------------------------------------------------------------------------

check COM velocity, temp:        0.000000     0.00(Removed)

 NSTEP =    49000   TIME(PS) =    2616.175  TEMP(K) =   298.09  PRESS =     0.0
 Etot   =   -234218.2938  EKtot   =     54741.3215  EPtot      =   -288959.6153
 BOND   =      1120.3730  ANGLE   =      2955.4046  DIHED      =      2249.2615
 1-4 NB =      1296.8975  1-4 EEL =     15085.9565  VDWAALS    =     36620.1911
 EELEC  =   -348287.6996  EHBOND  =         0.0000  RESTRAINT  =         0.0000
 Ewald error estimate:   0.5349E-04
 ------------------------------------------------------------------------------


 NSTEP =    49100   TIME(PS) =    2616.325  TEMP(K) =   298.46  PRESS =     0.0
 Etot   =   -234221.6935  EKtot   =     54808.6396  EPtot      =   -289030.3332
 BOND   =      1097.7987  ANGLE   =      2935.8049  DIHED      =      2236.7336
 1-4 NB =      1292.6734  1-4 EEL =     15075.5542  VDWAALS    =     36754.9176
 EELEC  =   -348423.8155  EHBOND  =         0.0000  RESTRAINT  =         0.0000
 Ewald error estimate:   0.5622E-04
 ------------------------------------------------------------------------------


 NSTEP =    49200   TIME(PS) =    2616.475  TEMP(K) =   298.81  PRESS =     0.0
 Etot   =   -234220.0951  EKtot   =     54874.0531  EPtot      =   -289094.1483
 BOND   =      1092.7064  ANGLE   =      2916.6258  DIHED      =      2212.8889
 1-4 NB =      1314.8903  1-4 EEL =     15072.8314  VDWAALS    =     36896.0981
 EELEC  =   -348600.1892  EHBOND  =         0.0000  RESTRAINT  =         0.0000
 Ewald error estimate:   0.4774E-04
 ------------------------------------------------------------------------------

check COM velocity, temp:        0.000000     0.00(Removed)

 NSTEP =    49300   TIME(PS) =    2616.625  TEMP(K) =   297.28  PRESS =     0.0
 Etot   =   -234219.5888  EKtot   =     54592.4774  EPtot      =   -288812.0662
 BOND   =      1094.6967  ANGLE   =      2969.3871  DIHED      =      2251.4224
 1-4 NB =      1309.9664  1-4 EEL =     15079.1477  VDWAALS    =     36978.7491
 EELEC  =   -348495.4355  EHBOND  =         0.0000  RESTRAINT  =         0.0000
 Ewald error estimate:   0.4792E-04
 ------------------------------------------------------------------------------


 NSTEP =    49400   TIME(PS) =    2616.775  TEMP(K) =   299.09  PRESS =     0.0
 Etot   =   -234218.5138  EKtot   =     54925.8655  EPtot      =   -289144.3793
 BOND   =      1089.8132  ANGLE   =      2961.2955  DIHED      =      2244.7113
 1-4 NB =      1304.4509  1-4 EEL =     15023.7368  VDWAALS    =     36712.1689
 EELEC  =   -348480.5559  EHBOND  =         0.0000  RESTRAINT  =         0.0000
 Ewald error estimate:   0.3698E-04
 ------------------------------------------------------------------------------

check COM velocity, temp:        0.000000     0.00(Removed)

 NSTEP =    49500   TIME(PS) =    2616.925  TEMP(K) =   299.61  PRESS =     0.0
 Etot   =   -234222.1799  EKtot   =     55019.7059  EPtot      =   -289241.8858
 BOND   =      1122.7374  ANGLE   =      2953.9433  DIHED      =      2248.9501
 1-4 NB =      1301.3052  1-4 EEL =     15045.0250  VDWAALS    =     36735.5270
 EELEC  =   -348649.3738  EHBOND  =         0.0000  RESTRAINT  =         0.0000
 Ewald error estimate:   0.3617E-04
 ------------------------------------------------------------------------------


 NSTEP =    49600   TIME(PS) =    2617.075  TEMP(K) =   299.62  PRESS =     0.0
 Etot   =   -234221.2648  EKtot   =     55021.7796  EPtot      =   -289243.0444
 BOND   =      1148.1130  ANGLE   =      2911.9888  DIHED      =      2269.9866
 1-4 NB =      1308.2043  1-4 EEL =     15045.7768  VDWAALS    =     36480.2549
 EELEC  =   -348407.3687  EHBOND  =         0.0000  RESTRAINT  =         0.0000
 Ewald error estimate:   0.1416E-04
 ------------------------------------------------------------------------------


 NSTEP =    49700   TIME(PS) =    2617.225  TEMP(K) =   298.26  PRESS =     0.0
 Etot   =   -234219.5383  EKtot   =     54772.7558  EPtot      =   -288992.2941
 BOND   =      1147.1342  ANGLE   =      2881.8687  DIHED      =      2233.9449
 1-4 NB =      1301.0976  1-4 EEL =     15054.2077  VDWAALS    =     36887.1779
 EELEC  =   -348497.7251  EHBOND  =         0.0000  RESTRAINT  =         0.0000
 Ewald error estimate:   0.6603E-05
 ------------------------------------------------------------------------------

check COM velocity, temp:        0.000000     0.00(Removed)

 NSTEP =    49800   TIME(PS) =    2617.375  TEMP(K) =   299.10  PRESS =     0.0
 Etot   =   -234218.7061  EKtot   =     54927.2280  EPtot      =   -289145.9341
 BOND   =      1096.1273  ANGLE   =      2944.7202  DIHED      =      2243.5043
 1-4 NB =      1314.9429  1-4 EEL =     15093.5918  VDWAALS    =     36935.1496
 EELEC  =   -348773.9704  EHBOND  =         0.0000  RESTRAINT  =         0.0000
 Ewald error estimate:   0.5109E-04
 ------------------------------------------------------------------------------


 NSTEP =    49900   TIME(PS) =    2617.525  TEMP(K) =   297.87  PRESS =     0.0
 Etot   =   -234218.8431  EKtot   =     54700.3196  EPtot      =   -288919.1627
 BOND   =      1077.9472  ANGLE   =      2944.8937  DIHED      =      2216.2805
 1-4 NB =      1316.9297  1-4 EEL =     15036.0949  VDWAALS    =     36718.6591
 EELEC  =   -348229.9678  EHBOND  =         0.0000  RESTRAINT  =         0.0000
 Ewald error estimate:   0.5015E-04
 ------------------------------------------------------------------------------

check COM velocity, temp:        0.000000     0.00(Removed)

 NSTEP =    50000   TIME(PS) =    2617.675  TEMP(K) =   298.54  PRESS =     0.0
 Etot   =   -234216.6190  EKtot   =     54824.3695  EPtot      =   -289040.9886
 BOND   =      1155.9152  ANGLE   =      2970.6778  DIHED      =      2219.2497
 1-4 NB =      1298.7635  1-4 EEL =     14993.1073  VDWAALS    =     36581.8927
 EELEC  =   -348260.5948  EHBOND  =         0.0000  RESTRAINT  =         0.0000
 Ewald error estimate:   0.5262E-04
 ------------------------------------------------------------------------------


      A V E R A G E S   O V E R     500 S T E P S


 NSTEP =    50000   TIME(PS) =    2617.675  TEMP(K) =   298.51  PRESS =     0.0
 Etot   =   -234218.6416  EKtot   =     54818.8896  EPtot      =   -289037.5312
 BOND   =      1115.7243  ANGLE   =      2943.7479  DIHED      =      2244.5701
 1-4 NB =      1308.4545  1-4 EEL =     15086.3979  VDWAALS    =     36697.7739
 EELEC  =   -348434.1999  EHBOND  =         0.0000  RESTRAINT  =         0.0000
 Ewald error estimate:   0.4217E-04
 ------------------------------------------------------------------------------


      R M S  F L U C T U A T I O N S


 NSTEP =    50000   TIME(PS) =    2617.675  TEMP(K) =     0.85  PRESS =     0.0
 Etot   =         1.8204  EKtot   =       156.2353  EPtot      =       156.9184
 BOND   =        28.6883  ANGLE   =        40.1577  DIHED      =        21.5409
 1-4 NB =        15.5457  1-4 EEL =        44.6390  VDWAALS    =       266.7477
 EELEC  =       333.1116  EHBOND  =         0.0000  RESTRAINT  =         0.0000
|E(PBS) =         2.1113
 Ewald error estimate:   0.2867E-04
 ------------------------------------------------------------------------------

--------------------------------------------------------------------------------
   5.  TIMINGS
--------------------------------------------------------------------------------

|  NonSetup CPU Time in Major Routines, Average for All Tasks:
|
|     Routine           Sec        %
|     ------------------------------
|     DataDistrib      51.57    5.27
|     Nonbond         859.53   87.83
|     Bond              0.39    0.04
|     Angle             2.40    0.24
|     Dihedral          8.76    0.90
|     Shake             6.76    0.69
|     RunMD            49.13    5.02
|     Other             0.15    0.02
|     ------------------------------
|     Total           978.68

|  PME Nonbond Pairlist CPU Time, Average for All Tasks:
|
|     Routine              Sec        %
|     ---------------------------------
|     Set Up Cit          16.54    1.69
|     Build List         102.50   10.47
|     ---------------------------------
|     Total              119.04   12.16

|  PME Direct Force CPU Time, Average for All Tasks:
|
|     Routine              Sec        %
|     ---------------------------------
|     NonBonded Calc     492.89   50.36
|     Exclude Masked      20.50    2.09
|     Other               48.67    4.97
|     ---------------------------------
|     Total              562.06   57.43

|  PME Reciprocal Force CPU Time, Average for All Tasks:
|
|     Routine              Sec        %
|     ---------------------------------
|     1D bspline          31.63    3.23
|     Grid Charges        21.96    2.24
|     Scalar Sum           9.03    0.92
|     Gradient Sum        28.57    2.92
|     FFT                 86.84    8.87
|     ---------------------------------
|     Total              178.03   18.19

|  PME Load Balancing CPU Time, Average for All Tasks:
|
|     Routine                 Sec        %
|     ------------------------------------
|     Atom Reassign           0.09    0.01
|     Image Reassign          0.03    0.00
|     FFT Reassign            0.00    0.00
|     ------------------------------------
|     Total                   0.12    0.01

|  Final Performance Info:
|     -----------------------------------------------------
|     Average timings for last     300 steps:
|     Elapsed(s) =       5.95 Per Step(ms) =      19.84
|         ns/day =       6.53   seconds/ns =   13227.50
|
|     Average timings for all steps:
|     Elapsed(s) =     981.88 Per Step(ms) =      19.64
|         ns/day =       6.60   seconds/ns =   13091.69
|     -----------------------------------------------------

|  Master Setup CPU time:            0.43 seconds
|  Master NonSetup CPU time:       978.69 seconds
|  Master Total CPU time:          979.12 seconds     0.27 hours

|  Master Setup wall time:           1    seconds
|  Master NonSetup wall time:      982    seconds
|  Master Total wall time:         983    seconds     0.27 hours
