
Initial FFT Block Distribution Based on Workload Estimate:

  FFT blocks assigned to   24 tasks

Image Distribution at run step       0:

  Count of images assigned to each task:
            0      763      764      764      764        0      764      764
          764      764      764        0      764      764      763      764
          764        0      764      764      764      764      764        0
          764      764      764      764      763        0      764      764
          764      764      764        0      764      764      764      764
          764        0      764      763      764      764      764        0
          764      764      764      764      764        0      764      764
          764      763      764        0      764      764      764      764
          764        0      764      764      764      764      764        0
          763      764      764      764      764        0      764      764
          764      764      764        0      764      764      763      764
          764        0      764      764      764      764      764        0
          764      764      764      764      763        0      764      764
          764      764      764        0      764      764      764      764
          764        0      764      763      764      764      764        0
          764      764      764      764      764        0      764      764
          764      763      764        0      764      764      764      764
          764        0      764      764      764      764      764        0

First FFT Block Distribution Based on Actual Workload:

  FFT blocks assigned to   48 tasks

Atom Distribution No.     4 at run step     407:

  Count of atoms assigned to each task:
            0      941        0     1023     1026        0      953     1005
            0     1032      960        0     1035     1023        0      944
          986        0     1041      990        0      965     1035        0
         1036      954        0     1029     1042        0      982     1005
            0     1036      975        0      927     1017        0      976
          899        0     1032      998        0      851      909        0
          977      938        0      966     1035        0      975      912
            0     1005      976        0      906      966        0     1008
          979        0      996      984        0      957     1002        0
         1002     1002        0      948      948        0      954      948
            0      963      966        0      945      943        0      978
          967        0      956      932        0      936      921        0
          851      852        0      985      872        0      780      945
            0      954      731        0      880     1001        0      846
          780        0      954      964        0      775      861        0
         1017      866        0      836     1007        0     1044      869
            0      904     1008        0     1007      834        0     1026
         1014        0      897      995        0     1026     1007        0

Atom Distribution No.     5 at run step     767:

  Count of atoms assigned to each task:
            0      966        0     1032     1027        0      917     1008
            0     1023      925        0     1053     1005        0      917
         1002        0     1038      948        0      964     1017        0
         1032      954        0     1017     1024        0      994      978
            0      986      944        0     1002     1023        0      945
          940        0     1059      939        0      882     1020        0
         1018      894        0     1036      996        0      928      972
            0     1047      987        0      950     1002        0     1020
          956        0     1020      990        0      945     1008        0
         1005      996        0      951     1008        0      993      960
            0      963      987        0      943      953        0      987
          994        0      853      978        0     1013      853        0
          898      995        0      909      777        0      915     1003
            0      812      784        0      928      948        0      790
          841        0      981      884        0      778      898        0
          984      911        0      826      933        0     1006      883
            0      844     1014        0      982      853        0      951
         1008        0      870      926        0     1011      976        0

Atom Distribution No.     6 at run step    1127:

  Count of atoms assigned to each task:
            0      984        0      999     1005        0      930     1008
            0     1047      918        0     1060      999        0      917
          971        0     1050      987        0      943     1029        0
         1026      940        0     1020     1054        0      976     1005
            0     1003      915        0     1011     1005        0      966
          971        0     1026      930        0      923     1026        0
         1024      872        0      999     1017        0      941      972
            0     1035      958        0      936      999        0     1002
          961        0     1005     1005        0      969     1014        0
          978      984        0      915     1014        0     1005      921
            0      972     1014        0      937      979        0      966
          944        0      901     1008        0     1004      814        0
          916     1003        0      867      783        0      920      952
            0      742      814        0      977      893        0      811
          854        0     1002      844        0      797      946        0
          984      847        0      836     1004        0      980      841
            0      921     1011        0      965      852        0      996
         1020        0      867      985        0      999      968        0

Atom Distribution No.     7 at run step    1487:

  Count of atoms assigned to each task:
            0      950        0     1002     1048        0      900     1017
            0     1011      920        0     1080     1023        0      942
          987        0     1032      954        0      924     1020        0
         1032      943        0     1041     1057        0      962     1005
            0      986      940        0     1005     1014        0      919
          944        0     1023      987        0      885     1002        0
          988      916        0      985      999        0      958      914
            0     1041      981        0      922      999        0     1011
          942        0      987      984        0     1002      981        0
          990      987        0      924      996        0     1005      960
            0      990      969        0      962      942        0      996
          981        0      911      978        0      987      897        0
          924      984        0      909      766        0      942      957
            0      819      772        0      976      954        0      748
          860        0      996      882        0      748      952        0
          978      880        0      810     1002        0      983      820
            0      931      978        0      997      859        0     1023
         1032        0      875      953        0      987      969        0

Atom Distribution No.     8 at run step    1849:

  Count of atoms assigned to each task:
            0      954        0     1014     1075        0      933      987
            0     1011      937        0     1016     1038        0      909
          968        0     1050     1005        0      905     1032        0
         1020      963        0     1035     1030        0      960      996
            0     1016      929        0     1014     1017        0      939
          898        0     1053      979        0      903     1002        0
          999      941        0      971      996        0      943      924
            0     1005     1023        0      879      990        0     1032
          954        0     1002     1002        0     1011      939        0
         1002      987        0      924     1008        0      996      966
            0      996      975        0      981      976        0      984
         1010        0      842      998        0     1002      891        0
          886      985        0      909      773        0      925      987
            0      812      744        0      950      939        0      781
          875        0     1014      875        0      760      952        0
          995      878        0      761     1004        0      977      832
            0      950      990        0      982      844        0      987
          996        0      850      964        0     1014      978        0

Atom Distribution No.     9 at run step    2216:

  Count of atoms assigned to each task:
            0      961        0     1032     1047        0      928      993
            0      999      912        0     1032     1002        0      919
          987        0     1041      978        0      937     1050        0
         1029      944        0     1008     1048        0      976      999
            0      999      960        0     1026      966        0      937
          899        0     1023      974        0      907      984        0
         1008      939        0      986     1023        0      958      926
            0      996      993        0      875     1008        0     1011
          968        0      999      984        0      999      978        0
         1002      993        0      936     1008        0      996      960
            0     1011      975        0     1008      928        0      987
          996        0      860      984        0      987      894        0
          904      984        0      913      793        0      900      970
            0      815      792        0      937      938        0      769
          828        0     1010      884        0      772      932        0
         1007      854        0      845      980        0      980      838
            0      926     1008        0      980      887        0      999
         1005        0      875      966        0      984      958        0

Atom Distribution No.    10 at run step    2576:

  Count of atoms assigned to each task:
            0      948        0     1017     1018        0      919     1005
            0     1008      929        0     1035     1008        0      935
          929        0     1038     1001        0      944     1059        0
         1005      948        0     1011     1011        0      993     1011
            0     1008      943        0      996      993        0      954
          878        0     1011      974        0      888     1027        0
          996      920        0      959     1029        0      963      942
            0      987     1017        0      893     1020        0     1005
          996        0      963     1005        0     1008      978        0
         1005      987        0      948     1014        0     1002      936
            0      990      975        0      962      969        0      984
         1009        0      894      944        0      997      897        0
          855      993        0      939      806        0      904      985
            0      847      727        0      935      910        0      814
          846        0      997      880        0      742      907        0
          993      882        0      817      999        0      989      860
            0      913      990        0     1001      869        0      996
         1005        0      907      976        0     1011      973        0

Atom Distribution No.    11 at run step    2938:

  Count of atoms assigned to each task:
            0      952        0     1020     1026        0      910     1029
            0     1002      934        0     1037     1023        0      931
          937        0     1029      975        0      950     1047        0
          987      915        0     1017     1027        0      989     1023
            0      999      945        0     1008      993        0      941
          919        0     1029      977        0      883      974        0
         1005      930        0      968     1038        0      962      934
            0      990     1020        0      887     1029        0     1023
          993        0     1002     1008        0     1008      981        0
          999      975        0      945      996        0      978      927
            0      990      999        0      957      974        0      999
         1019        0      877      983        0      998      867        0
          905     1018        0      950      801        0      899      947
            0      780      787        0      930      911        0      808
          855        0      978      879        0      808      908        0
          991      844        0      831      975        0     1001      859
            0      869      987        0     1006      851        0     1005
          999        0      879      961        0     1008      987        0

Atom Distribution No.    12 at run step    3299:

  Count of atoms assigned to each task:
            0      973        0     1011     1032        0      908      981
            0     1020      918        0     1047     1029        0      932
          963        0     1053      961        0      932     1017        0
         1032      955        0     1038     1039        0      955      999
            0     1001      937        0      984     1023        0      927
          896        0      999      942        0      890      980        0
         1011      937        0      976      990        0      986      896
            0     1002     1023        0      895     1053        0     1014
          996        0     1011     1032        0      984      972        0
         1002      987        0      930     1041        0     1014      945
            0      990     1008        0      941      970        0     1017
          968        0      896      993        0     1004      822        0
          928     1010        0      877      777        0      935      931
            0      792      779        0      972      935        0      763
          867        0     1012      879        0      750      913        0
          994      843        0      838     1029        0      989      833
            0      939      993        0      996      834        0      969
          996        0      881      999        0      993      980        0

Atom Distribution No.    13 at run step    3654:

  Count of atoms assigned to each task:
            0      954        0     1005     1011        0      936     1005
            0     1014      916        0     1035     1035        0      944
          956        0     1059      998        0      929     1038        0
         1041      932        0     1029     1032        0      956     1011
            0     1037      899        0     1005     1014        0      936
          863        0     1008     1013        0      841     1002        0
         1011      921        0      980     1005        0      995      904
            0     1041     1011        0      905     1020        0     1026
          979        0     1020     1035        0      999     1005        0
         1008      996        0      942     1017        0      993      948
            0      990      984        0      929     1000        0      987
          954        0      924      999        0      991      794        0
          947     1016        0      867      776        0      939      929
            0      782      817        0      979      912        0      769
          839        0      992      852        0      764      947        0
          990      850        0      836     1002        0      962      837
            0      925      987        0     1004      855        0      981
          978        0      868      965        0     1011      961        0

Atom Distribution No.    14 at run step    4016:

  Count of atoms assigned to each task:
            0      933        0     1014      997        0      925      981
            0     1041      921        0     1038      984        0      956
          949        0     1032     1014        0      909     1041        0
         1014      942        0     1014     1071        0      973     1002
            0     1026      938        0     1017     1002        0      937
          870        0     1005      964        0      913     1035        0
          972      945        0     1005     1041        0      980      921
            0     1029     1026        0      917     1011        0      999
          951        0     1005     1029        0      993     1026        0
          993      978        0      969     1038        0     1020      960
            0      963      984        0      927      988        0     1008
          956        0      926     1020        0      939      777        0
          938     1015        0      864      763        0      997      920
            0      744      810        0      985      825        0      768
          936        0      996      863        0      818      953        0
          975      802        0      827     1007        0      974      803
            0      924      981        0      986      856        0      999
          996        0      887      980        0     1008      952        0

Atom Distribution No.    15 at run step    4377:

  Count of atoms assigned to each task:
            0      966        0     1011     1009        0      918     1023
            0     1014      899        0     1023     1011        0      980
          937        0     1026     1010        0      909     1041        0
         1014      958        0     1020     1057        0      942     1008
            0     1049      927        0     1017     1047        0      948
          901        0      999     1002        0      843      975        0
         1019      934        0      994     1032        0      948      933
            0     1047     1028        0      911     1008        0     1035
          972        0     1005     1023        0      981      993        0
          993      987        0      969     1017        0      996      930
            0      996     1020        0      950      999        0     1008
          908        0      912      984        0      971      788        0
          984      981        0      856      770        0      984      937
            0      747      823        0      991      828        0      820
          873        0     1004      854        0      811      952        0
          969      815        0      838     1002        0      968      821
            0      913      993        0     1017      855        0     1011
          984        0      837      960        0      978      955        0

Atom Distribution No.    16 at run step    4739:

  Count of atoms assigned to each task:
            0      936        0     1002     1011        0      915      990
            0     1023      907        0     1047     1029        0      949
          949        0     1014     1004        0      892     1050        0
         1038      984        0     1002     1050        0      964     1002
            0     1010      948        0     1011     1053        0      933
          958        0     1026      977        0      919     1038        0
         1021      889        0     1026     1002        0      953     1005
            0     1038      961        0      951     1020        0     1038
          963        0     1005      984        0      972     1008        0
         1041      945        0      990      993        0     1014      981
            0     1002      996        0      939      987        0      993
          891        0      937      993        0      933      810        0
          966      984        0      834      807        0     1005      854
            0      768      868        0      952      855        0      751
          914        0      935      837        0      804      961        0
          926      853        0      836     1005        0      952      817
            0      916      996        0      956      867        0      993
         1002        0      868      957        0      990      965        0

Atom Distribution No.    17 at run step    5094:

  Count of atoms assigned to each task:
            0      963        0     1008     1014        0      911      978
            0     1023      917        0     1044     1038        0      930
          961        0     1047     1013        0      914     1059        0
         1011      951        0     1023     1030        0      949     1032
            0     1031      938        0     1026     1041        0      945
          944        0     1038      970        0      917     1065        0
         1009      903        0     1011     1017        0      913     1008
            0     1023      980        0      966     1032        0     1035
          936        0     1032     1020        0      993      987        0
         1008      951        0      975     1011        0      951      957
            0     1026      996        0      972     1014        0      979
          873        0      937      996        0      923      812        0
          977      944        0      801      840        0     1002      860
            0      738      907        0      971      832        0      794
          930        0      939      825        0      787      934        0
          943      838        0      857      987        0      968      801
            0      901      984        0      995      845        0      975
          993        0      867      929        0      996      969        0

Atom Distribution No.    18 at run step    5456:

  Count of atoms assigned to each task:
            0      931        0      981     1057        0      913     1014
            0     1020      900        0      999     1011        0      962
          987        0     1047     1018        0      928     1041        0
         1020      976        0     1026     1030        0      953     1020
            0     1028      921        0     1005     1002        0      947
          977        0     1035      955        0      935     1047        0
         1024      868        0     1002     1038        0      908     1047
            0     1017      965        0      993     1026        0     1008
          970        0     1020     1032        0      963      993        0
          993      945        0      990     1014        0      987      948
            0      975      963        0      960     1005        0     1009
          895        0      957      988        0      908      819        0
          965      961        0      834      849        0      961      854
            0      748      930        0      997      838        0      788
          924        0      922      754        0      810      938        0
          956      852        0      896      969        0      965      814
            0      910      972        0      972      854        0      990
          993        0      885      959        0      978      952        0

Atom Distribution No.    19 at run step    5823:

  Count of atoms assigned to each task:
            0      947        0     1017     1008        0      914     1014
            0     1035      930        0     1038      999        0      945
          997        0     1035     1003        0      954     1041        0
         1026      964        0     1011     1052        0      969      996
            0     1021      921        0     1005     1017        0      915
          968        0     1032      938        0      918     1038        0
         1057      867        0     1017     1026        0      924     1026
            0     1029      950        0     1014     1026        0     1026
          975        0      999     1002        0      954     1023        0
          996      960        0     1020     1008        0      972      969
            0     1002      957        0      974     1014        0      973
          893        0      928      988        0      907      832        0
          992      945        0      795      850        0      966      862
            0      743      903        0      940      833        0      773
          994        0      922      805        0      817      937        0
          942      854        0      855      963        0      998      784
            0      937      963        0      945      849        0      961
         1002        0      844      968        0     1002      986        0

Atom Distribution No.    20 at run step    6177:

  Count of atoms assigned to each task:
            0      940        0      981     1026        0      966     1008
            0     1017      921        0     1011     1026        0      954
          975        0     1050      995        0      962     1032        0
         1035      969        0     1014     1013        0      975     1005
            0      979      958        0     1035     1005        0      911
          991        0     1053      948        0      942     1047        0
         1003      886        0     1005     1020        0      919     1008
            0     1038      932        0      985     1041        0     1023
          969        0      996     1035        0      957     1035        0
          978      960        0     1011     1005        0      963      975
            0     1008      969        0      953     1008        0      973
          895        0      921      990        0      940      842        0
         1001      950        0      755      820        0      984      851
            0      765      917        0      976      827        0      797
          896        0      931      801        0      804      960        0
          956      859        0      827     1005        0      956      776
            0      920      984        0      978      856        0      981
          999        0      873      968        0      990      956        0

Atom Distribution No.    21 at run step    6548:

  Count of atoms assigned to each task:
            0      943        0     1008     1032        0      948     1020
            0     1008      908        0     1050     1023        0      949
         1022        0     1041      956        0      973     1029        0
         1035      998        0     1020     1019        0      987      996
            0      990      917        0      996     1005        0      910
          947        0     1044      955        0      908     1032        0
         1033      888        0     1014     1011        0      895     1032
            0     1023      970        0      954     1041        0     1014
          933        0     1035     1008        0      984     1026        0
         1002      930        0     1026     1008        0      963      993
            0      972      975        0      944     1011        0      987
          871        0      962     1008        0      946      827        0
          997      924        0      823      819        0      972      844
            0      737      919        0      982      841        0      809
          937        0      923      815        0      800      926        0
          946      842        0      839      984        0      956      798
            0      908     1002        0      975      861        0      969
         1002        0      892      959        0      969      981        0

Atom Distribution No.    22 at run step    6907:

  Count of atoms assigned to each task:
            0      962        0     1005     1005        0      918     1014
            0     1017      919        0     1017     1041        0      938
         1003        0     1050      980        0      983     1038        0
         1020     1014        0     1029     1055        0      944      987
            0      963      916        0     1005     1020        0      905
          981        0     1035      931        0      924     1032        0
         1018      891        0     1002     1008        0      912     1002
            0     1026      975        0      945      996        0     1014
          954        0     1044      990        0      972     1023        0
         1020      972        0     1002      993        0      987      978
            0      990     1014        0      925      972        0      987
          888        0      949     1026        0      940      794        0
          980      957        0      790      833        0     1002      835
            0      758      909        0      986      837        0      800
          887        0      942      823        0      801      924        0
          962      836        0      832      993        0      961      812
            0      931      987        0      970      840        0      975
         1008        0      894      989        0      990     1002        0

Atom Distribution No.    23 at run step    7269:

  Count of atoms assigned to each task:
            0      933        0     1017     1005        0      917     1020
            0     1056      932        0     1020     1032        0      953
          981        0     1053      954        0      963     1017        0
         1032      992        0     1026     1034        0      961     1014
            0      959      930        0      996     1005        0      933
          977        0     1020      956        0      938     1020        0
         1011      887        0     1020     1020        0      912     1023
            0     1017      938        0      952      996        0     1023
          930        0     1011     1029        0      972     1011        0
          990      975        0      996      990        0      987      933
            0     1002     1002        0      933      976        0      993
          915        0      945     1005        0      918      811        0
          977      973        0      849      774        0      985      860
            0      818      863        0     1000      837        0      763
          955        0      996      854        0      746      929        0
          931      830        0      847      968        0      988      824
            0      904      987        0      972      871        0      993
          990        0      880      966        0      999     1008        0

Atom Distribution No.    24 at run step    7631:

  Count of atoms assigned to each task:
            0      942        0     1035      994        0      929     1023
            0     1041      913        0     1029     1029        0      938
         1013        0     1029      956        0      980     1056        0
         1053      996        0     1017     1031        0      986     1017
            0      964      913        0      999      975        0      922
          965        0     1005      945        0      929     1002        0
         1008      909        0      988     1008        0      938     1023
            0      996      951        0      929     1014        0     1020
          948        0      990     1047        0      969      996        0
          978      999        0      963     1008        0      987      927
            0      975      966        0      943      998        0      984
          928        0      917      981        0     1004      824        0
          936     1003        0      850      771        0      978      964
            0      771      867        0      979      848        0      797
          937        0      969      843        0      778      940        0
          982      845        0      840      983        0      965      823
            0      911      987        0      986      838        0      986
         1020        0      879      938        0      987      963        0

Atom Distribution No.    25 at run step    7983:

  Count of atoms assigned to each task:
            0      943        0     1017     1003        0      950     1005
            0     1002      917        0     1041      996        0      958
          956        0     1065     1004        0      936     1056        0
         1035      945        0     1041     1021        0      985      999
            0     1016      912        0     1029      996        0      928
          946        0     1026      957        0      910     1017        0
         1008      900        0      994      981        0      908      985
            0     1008     1053        0      920     1011        0      993
          942        0     1002     1038        0      978     1002        0
          969      975        0      951     1005        0     1011      924
            0     1002      978        0      954      969        0      996
         1006        0      855      993        0      998      824        0
          908     1006        0      867      767        0      936      916
            0      801      856        0     1003      852        0      809
          908        0      972      837        0      804      939        0
          999      832        0      816      973        0      974      849
            0      915      981        0      994      852        0      968
         1005        0      881      961        0      999      981        0

Atom Distribution No.    26 at run step    8344:

  Count of atoms assigned to each task:
            0      946        0     1020     1006        0      915     1020
            0     1023      929        0     1024     1023        0      947
          955        0     1059     1025        0      909     1077        0
         1023      955        0     1014     1035        0      954      993
            0     1013      934        0     1005     1014        0      930
          901        0     1005      973        0      896     1002        0
         1008      941        0      995      999        0      932      951
            0     1005     1002        0      894     1002        0      993
          966        0     1017     1023        0      990      978        0
          999      984        0      957      987        0      999      936
            0     1038      981        0      976      990        0     1026
          930        0      905      987        0      982      839        0
          925     1027        0      872      777        0      906      960
            0      763      775        0     1000      911        0      778
          865        0      979      864        0      769      927        0
          990      872        0      804      956        0      980      867
            0      940      993        0      994      867        0     1014
         1002        0      885      945        0      993      969        0

Atom Distribution No.    27 at run step    8701:

  Count of atoms assigned to each task:
            0      925        0     1011     1021        0      928      993
            0     1032      943        0     1020     1017        0      935
          964        0     1059      995        0      911     1023        0
         1053      948        0     1041     1015        0      993      996
            0     1005      940        0      975     1023        0      920
          922        0     1008      997        0      840     1011        0
         1005      925        0      988     1005        0      957      934
            0     1014     1008        0      901     1014        0     1014
          978        0     1020     1041        0      966      966        0
          996      963        0      963     1002        0      966      909
            0      990     1044        0      957      993        0      996
          988        0      881      987        0      968      857        0
          906     1006        0      902      785        0      922      947
            0      786      786        0      955      940        0      790
          843        0     1003      841        0      789      918        0
         1008      864        0      790     1002        0      971      857
            0      922     1032        0      967      886        0      987
          996        0      865     1005        0      990      985        0

Atom Distribution No.    28 at run step    9059:

  Count of atoms assigned to each task:
            0      926        0      984     1000        0      928     1035
            0     1026      928        0     1042     1038        0      927
          980        0     1065      977        0      955     1008        0
         1050      939        0     1023     1009        0      943     1011
            0     1002      940        0      970      996        0      934
          882        0     1035      955        0      859     1008        0
         1032      936        0     1003     1044        0      954      893
            0     1026      999        0      909     1032        0     1032
          945        0     1023     1020        0     1035      951        0
          996      993        0      921     1035        0      975      921
            0     1005      984        0      965      999        0      993
          990        0      859      987        0     1010      833        0
          870     1000        0      899      791        0      915      971
            0      791      787        0      941      942        0      786
          853        0      965      858        0      807      896        0
         1002      855        0      831      977        0      974      847
            0      929     1044        0      991      881        0     1023
         1008        0      870      973        0      981      973        0

Atom Distribution No.    29 at run step    9421:

  Count of atoms assigned to each task:
            0      947        0     1035     1012        0      905     1026
            0     1017      920        0     1042     1005        0      923
          971        0     1068      995        0      935     1029        0
         1002      941        0     1005     1033        0      947     1002
            0     1026      950        0     1000     1023        0      916
          874        0      990     1027        0      860      978        0
         1059      906        0      961      996        0      951      916
            0     1047     1017        0      912     1020        0     1050
          984        0      996      999        0      987      972        0
          996     1002        0      951     1017        0     1005      951
            0      987      996        0      944      973        0     1023
          998        0      862      975        0     1002      848        0
          896      988        0      895      781        0      938      937
            0      785      758        0      935      928        0      833
          856        0      990      894        0      780      941        0
         1002      858        0      799      975        0     1004      842
            0      934     1005        0      979      872        0      999
         1020        0      884      935        0      978      978        0

Atom Distribution No.    30 at run step    9775:

  Count of atoms assigned to each task:
            0      968        0      999     1003        0      926     1014
            0     1029      905        0     1033     1026        0      952
          954        0     1053      989        0      947     1023        0
         1014      973        0     1035     1012        0      943      996
            0     1022      920        0     1002     1005        0      957
          880        0     1008      986        0      891     1038        0
         1011      922        0      977     1008        0      960      906
            0     1029     1041        0      937     1023        0     1002
          957        0     1002     1056        0      984      996        0
          984      996        0      948      999        0      972      945
            0     1002     1017        0      979      967        0     1002
          961        0      878      999        0      956      795        0
          910     1025        0      865      767        0      945      956
            0      770      844        0      949      892        0      767
          876        0      957      883        0      766      943        0
         1003      856        0      806      981        0      980      833
            0      932      984        0      979      863        0     1013
          999        0      881      998        0      978      991        0

Atom Distribution No.    31 at run step   10140:

  Count of atoms assigned to each task:
            0      947        0     1011     1024        0      941     1017
            0     1005      905        0     1027     1020        0      947
          955        0     1065      998        0      950     1026        0
          996      923        0     1020     1060        0      946     1005
            0     1002      927        0     1017     1038        0      934
          899        0     1002     1012        0      894     1014        0
          990      931        0     1027      999        0      925      911
            0     1029     1029        0      911     1014        0     1008
          948        0     1014      993        0      999      990        0
         1011      993        0      942     1023        0      999      957
            0     1017     1020        0      959      985        0     1023
          948        0      936      990        0      982      796        0
          941      995        0      870      791        0      930      936
            0      756      828        0      993      903        0      762
          889        0      975      834        0      752      930        0
          998      850        0      827      990        0      987      820
            0      954      987        0      965      915        0      972
          993        0      858      919        0      999      961        0

Atom Distribution No.    32 at run step   10497:

  Count of atoms assigned to each task:
            0      949        0      996     1021        0      914     1017
            0     1026      921        0     1030      999        0      948
          943        0     1050     1002        0      909     1053        0
         1017      959        0     1020     1051        0      934     1005
            0     1038      939        0      987     1038        0      932
          916        0      996      979        0      871     1005        0
         1038      913        0     1016     1014        0      936      920
            0     1032     1017        0      889     1020        0     1026
          960        0     1032     1011        0      996     1005        0
          996      993        0      951     1023        0     1023      945
            0      984      990        0      963      982        0     1002
          935        0      920     1020        0      947      785        0
          974     1023        0      856      765        0      991      901
            0      753      866        0     1010      852        0      767
          898        0      979      831        0      807      956        0
          979      809        0      844      977        0      990      822
            0      928      987        0      962      840        0      999
          990        0      878      966        0      981      976        0

Atom Distribution No.    33 at run step   10862:

  Count of atoms assigned to each task:
            0      923        0      999     1012        0      926     1002
            0     1017      930        0     1045     1014        0      947
          968        0     1038      985        0      908     1020        0
         1053      973        0     1005     1054        0      982     1014
            0     1026      919        0      987      993        0      926
          932        0     1020      984        0      889     1021        0
         1023      914        0     1009     1032        0      916      984
            0     1026     1000        0      911     1014        0     1029
          975        0     1026     1023        0      975     1026        0
          999      975        0      987      999        0      987      933
            0     1014      969        0      974      982        0      990
          888        0      946      993        0      959      760        0
          950      991        0      850      826        0      966      873
            0      762      853        0     1008      855        0      779
          931        0      993      861        0      761      932        0
          931      849        0      832     1009        0      962      819
            0      918     1005        0      973      868        0      999
         1005        0      854      969        0      978      994        0

Atom Distribution No.    34 at run step   11225:

  Count of atoms assigned to each task:
            0      932        0     1023      979        0      943      981
            0     1014      917        0     1027     1020        0      963
          963        0     1038      993        0      912     1008        0
         1044      951        0     1005     1017        0      976      993
            0     1011      936        0     1019     1044        0      926
          922        0     1020      998        0      863     1054        0
         1005      911        0      984     1041        0      936      978
            0     1029      990        0      965     1017        0     1020
          963        0     1035      984        0      981     1017        0
         1044      987        0      969     1002        0     1008      933
            0      996     1008        0      947      985        0      972
          909        0      941      996        0      946      799        0
          941     1021        0      851      784        0      991      902
            0      751      848        0     1019      861        0      787
          923        0      951      866        0      770      953        0
          965      823        0      823      961        0      989      817
            0      931      957        0      983      861        0      987
         1005        0      854      942        0     1008      991        0

Atom Distribution No.    35 at run step   11578:

  Count of atoms assigned to each task:
            0      935        0     1038     1018        0      915      987
            0     1020      919        0     1027     1020        0      935
          966        0     1020      993        0      926     1017        0
         1053      966        0      999     1069        0      975     1011
            0     1002      925        0      999     1026        0      944
          917        0     1026      947        0      869     1017        0
         1032      924        0     1006     1044        0      926      989
            0     1023     1028        0      886     1023        0     1038
          978        0      990     1017        0      984     1002        0
         1032      993        0      981      984        0     1026      957
            0      981     1002        0      945      996        0      993
          866        0      952      996        0      949      784        0
         1000      968        0      865      796        0      994      882
            0      767      859        0      969      861        0      750
          901        0     1000      850        0      757      893        0
          962      831        0      863      994        0      989      827
            0      917      981        0      976      877        0      990
          987        0      869      939        0      993      991        0

Atom Distribution No.    36 at run step   11941:

  Count of atoms assigned to each task:
            0      954        0     1029     1027        0      900     1017
            0      996      936        0     1038     1029        0      946
          978        0     1017      997        0      946     1047        0
         1020      918        0     1002     1063        0      974     1005
            0     1014      896        0      999     1044        0      941
          932        0     1023     1002        0      865     1020        0
         1002      906        0     1009     1029        0      953      960
            0     1020      929        0      951     1026        0     1029
          951        0      993     1026        0      978     1011        0
         1023     1026        0      969     1005        0      990      957
            0     1011     1023        0      981     1002        0     1002
          879        0      953      993        0      937      807        0
          979      977        0      788      851        0      966      841
            0      752      843        0      983      883        0      747
          906        0      987      866        0      767      937        0
          963      815        0      822      978        0      976      814
            0      931      999        0      989      856        0      969
          996        0      881      984        0      987      967        0

Atom Distribution No.    37 at run step   12306:

  Count of atoms assigned to each task:
            0      974        0     1011     1015        0      882     1020
            0     1011      938        0     1032     1017        0      935
          968        0     1029      990        0      928     1047        0
         1044      971        0     1014     1055        0      926     1026
            0     1016      905        0     1011     1020        0      927
          972        0     1008      962        0      893     1008        0
         1038      905        0      982     1047        0      934     1008
            0     1032      977        0      924     1005        0     1023
          954        0     1011     1023        0      957     1029        0
         1002      966        0      981     1029        0      999      951
            0     1014      984        0      978      990        0     1029
          873        0      944      996        0      914      794        0
          968      945        0      800      832        0      984      848
            0      778      901        0      985      840        0      800
          923        0      987      854        0      743      935        0
          930      808        0      842     1002        0      986      807
            0      920     1029        0      962      835        0      960
          984        0      883     1005        0      975     1007        0

Atom Distribution No.    38 at run step   12663:

  Count of atoms assigned to each task:
            0      933        0     1023      991        0      904     1008
            0      990      902        0     1039     1029        0      956
          966        0     1065     1011        0      930     1008        0
         1023      978        0     1014     1035        0      946     1032
            0     1032      921        0     1023      996        0      948
          923        0     1005      968        0      910     1032        0
         1011      906        0      976     1023        0      932     1005
            0     1026      985        0      967     1026        0     1011
          936        0     1014     1020        0      945      990        0
         1017      993        0     1002     1020        0      975      918
            0     1017     1038        0      947      985        0     1011
          886        0      956     1020        0      942      819        0
          986      991        0      823      802        0      973      916
            0      734      835        0      952      855        0      768
          931        0      945      839        0      752      946        0
          969      826        0      853      999        0      971      821
            0      933      981        0      968      895        0      984
         1026        0      874      969        0      960      969        0

Atom Distribution No.    39 at run step   13023:

  Count of atoms assigned to each task:
            0      953        0     1011     1006        0      903      990
            0     1005      930        0     1029     1017        0      934
          964        0     1041     1022        0      933     1041        0
         1014      944        0     1053     1026        0      930     1014
            0     1005      935        0     1017     1017        0      941
          950        0     1026      970        0      900     1026        0
         1013      892        0     1000     1038        0      953      975
            0     1005      947        0      939     1026        0     1005
          945        0     1017     1014        0      999      990        0
          969      972        0      960     1038        0     1023      912
            0     1032      960        0      935      981        0      978
          949        0      933      984        0      965      813        0
          958      968        0      850      821        0      979      863
            0      779      842        0      976      849        0      777
          897        0      978      852        0      812      948        0
          982      854        0      808     1018        0      974      837
            0      925      990        0     1001      860        0      975
         1011        0      863      986        0      969      995        0

Atom Distribution No.    40 at run step   13387:

  Count of atoms assigned to each task:
            0      941        0     1005     1006        0      898      990
            0     1008      910        0     1033     1038        0      951
          930        0     1065     1011        0      939     1026        0
         1032      942        0     1017     1035        0      989     1017
            0     1002      918        0      993     1026        0      925
          947        0     1026      991        0      894      990        0
          975      908        0     1033     1044        0      981      972
            0     1038     1009        0      910     1017        0      993
          943        0     1029     1029        0      984      975        0
          993      966        0      957     1005        0     1014      939
            0     1008      975        0      938      982        0      981
          943        0      924      993        0      980      813        0
          925     1025        0      841      779        0      946      919
            0      771      830        0      975      890        0      772
          886        0     1009      847        0      771      911        0
          966      853        0      828      981        0      986      832
            0      944      975        0      973      853        0     1008
         1014        0      902      978        0      987      983        0

Atom Distribution No.    41 at run step   13740:

  Count of atoms assigned to each task:
            0      957        0     1011     1017        0      934      993
            0     1020      917        0     1018     1020        0      947
          951        0     1047     1013        0      932     1050        0
         1032      963        0     1029     1020        0      937     1005
            0     1011      933        0     1005     1029        0      931
          950        0      999      992        0      897      981        0
         1005      924        0     1009     1026        0      967      958
            0     1032      960        0      956      987        0      999
          960        0     1026      996        0      975     1026        0
         1023     1008        0      945     1011        0      996      951
            0      984      993        0      953      973        0      972
          937        0      906      975        0      947      804        0
          906      998        0      866      785        0      946      913
            0      770      842        0      991      883        0      819
          874        0      996      863        0      802      933        0
          971      865        0      845      992        0      975      813
            0      923      981        0      971      847        0      993
          993        0      893      992        0      981      959        0

Atom Distribution No.    42 at run step   14095:

  Count of atoms assigned to each task:
            0      956        0     1002     1009        0      909      972
            0     1017      939        0     1011     1044        0      959
          968        0     1038     1019        0      955     1038        0
         1035      930        0     1011     1041        0      962     1020
            0      999      932        0     1014     1029        0      922
          917        0     1020      962        0      904     1005        0
         1005      906        0     1024     1053        0      955      948
            0     1011     1018        0      913     1002        0     1002
          957        0     1020     1008        0      975     1002        0
         1011     1008        0      993      999        0      993      939
            0      993     1029        0      953      997        0      969
          940        0      906      966        0      962      812        0
          908     1016        0      875      753        0      937      926
            0      831      772        0      994      902        0      747
          910        0      999      867        0      767      945        0
          947      833        0      824     1014        0      969      824
            0      934      990        0      971      857        0      978
          993        0      886      978        0      978      973        0

Atom Distribution No.    43 at run step   14452:

  Count of atoms assigned to each task:
            0      986        0     1017     1000        0      929      981
            0     1008      903        0     1005     1026        0      963
          959        0     1041     1001        0      934     1032        0
         1032      962        0     1035     1047        0      967      987
            0     1011      936        0      996     1023        0      931
          946        0     1032      978        0      904     1029        0
          972      899        0     1026     1026        0      907      978
            0     1020      956        0      969     1014        0     1017
          984        0     1002      993        0      993     1002        0
          990      993        0      984      987        0      996      945
            0      972     1008        0      944      985        0      972
          931        0      911      972        0      946      809        0
          955     1006        0      866      786        0      918      934
            0      763      831        0      985      869        0      788
          907        0     1005      843        0      746      940        0
          966      846        0      859      984        0      990      813
            0      955      996        0      971      864        0      969
         1017        0      872      982        0      990      986        0

Atom Distribution No.    44 at run step   14815:

  Count of atoms assigned to each task:
            0      974        0     1008     1000        0      910     1008
            0     1017      921        0     1017     1035        0      954
          952        0     1032     1002        0      921     1035        0
         1056      955        0      987     1041        0      957     1005
            0     1044      903        0     1041     1002        0      949
          931        0     1029      980        0      886     1029        0
         1008      893        0     1003     1011        0      937      978
            0     1020     1002        0      908     1014        0     1047
          955        0     1047     1020        0      966      990        0
          972      999        0      957      999        0      999      942
            0      996      993        0      965      955        0      990
          936        0      912      990        0     1010      811        0
          914     1033        0      856      787        0      928      943
            0      789      797        0      967      909        0      802
          840        0      996      852        0      755      918        0
          978      843        0      837      996        0      996      823
            0      908      996        0      980      858        0     1014
         1002        0      878      945        0      987      973        0

Atom Distribution No.    45 at run step   15171:

  Count of atoms assigned to each task:
            0      944        0     1017     1030        0      937      999
            0     1005      918        0      996     1023        0      955
          958        0     1026     1028        0      890     1038        0
         1026      946        0     1017     1044        0      952      999
            0     1008      933        0     1008     1023        0      937
          929        0     1029      967        0      893     1005        0
         1007      904        0     1012     1056        0      945      996
            0     1035      958        0      968     1002        0     1014
          948        0      996     1023        0      984     1005        0
          978      969        0      933      987        0     1008      963
            0     1005      987        0      950      977        0      999
          921        0      922      981        0      929      825        0
          916     1003        0      850      776        0     1002      939
            0      790      818        0      958      863        0      805
          928        0      981      852        0      754      906        0
          970      858        0      826     1005        0      999      820
            0      948     1017        0      962      846        0      993
         1005        0      901      997        0     1002      949        0

Atom Distribution No.    46 at run step   15532:

  Count of atoms assigned to each task:
            0      975        0     1029      999        0      904      999
            0      993      933        0     1020     1032        0      962
          953        0     1017     1014        0      910     1041        0
         1059      939        0     1029     1014        0      966     1017
            0     1002      944        0      993     1035        0      975
          948        0     1020      975        0      858     1008        0
         1029      915        0     1003     1014        0      926     1020
            0     1008      951        0      963      996        0      996
          975        0     1038     1023        0      969      981        0
          996      966        0      969     1008        0      981      963
            0      987      996        0      935      964        0      981
          940        0      902     1008        0      974      800        0
          901      997        0      886      780        0      930      947
            0      768      764        0      976      914        0      785
          909        0     1020      852        0      752      919        0
          997      854        0      819      993        0      978      835
            0      920      993        0      998      849        0     1023
         1005        0      901      930        0     1005      966        0

Atom Distribution No.    47 at run step   15894:

  Count of atoms assigned to each task:
            0      945        0      996     1005        0      918     1008
            0     1020      902        0      996      999        0      948
          983        0     1029     1029        0      894     1029        0
         1074      926        0     1032     1035        0      943     1008
            0     1047      934        0     1004     1029        0      939
          945        0     1014      999        0      883     1020        0
         1014      908        0     1024      987        0      952     1026
            0     1005      960        0      942     1035        0     1023
          927        0     1032     1017        0      963     1020        0
          996      984        0      954     1014        0      987      966
            0      984     1002        0      944      976        0      978
          908        0      892      966        0      991      793        0
          909     1003        0      885      784        0      925      944
            0      781      764        0      993      921        0      758
          920        0      996      866        0      769      922        0
          973      848        0      814      996        0      972      829
            0      921      975        0     1022      878        0      987
         1014        0      895      963        0     1020      956        0

Atom Distribution No.    48 at run step   16253:

  Count of atoms assigned to each task:
            0      927        0     1005     1000        0      941      978
            0      993      894        0     1032     1026        0      956
          937        0     1026     1029        0      884     1065        0
         1053      936        0     1032     1038        0      959     1032
            0     1014      921        0      996     1008        0      939
          926        0     1026      986        0      892     1029        0
         1028      903        0     1045      999        0      950     1004
            0     1011      959        0      922     1050        0     1035
          987        0     1014      984        0      954      993        0
         1023      987        0      972      975        0      999      942
            0      978      978        0      940      981        0      981
          944        0      917      975        0      980      801        0
          915     1016        0      877      778        0      908      947
            0      780      813        0      943      917        0      787
          872        0      989      863        0      744      943        0
         1018      850        0      817      988        0     1020      846
            0      914      981        0      980      876        0      975
          999        0      891      987        0     1008      973        0

Atom Distribution No.    49 at run step   16618:

  Count of atoms assigned to each task:
            0      956        0      990     1014        0      917      996
            0     1020      910        0     1011     1032        0      957
          963        0      996     1029        0      894     1059        0
         1035      948        0     1020     1026        0      943     1032
            0     1017      920        0     1005     1002        0      948
          892        0     1008     1008        0      892     1038        0
         1002      919        0     1013      990        0      945     1023
            0     1032      975        0      957     1032        0     1017
          960        0     1032     1029        0      948     1002        0
         1002      969        0      960     1020        0      996      951
            0      999      966        0      932      985        0      996
          929        0      905      981        0      990      821        0
          892      994        0      890      772        0      928      934
            0      778      785        0     1023      910        0      793
          867        0      982      844        0      762      959        0
          993      841        0      823     1001        0      987      836
            0      920     1005        0      986      870        0      990
          978        0      892      972        0      990      953        0

Atom Distribution No.    50 at run step   16978:

  Count of atoms assigned to each task:
            0      934        0      981      996        0      901     1005
            0     1008      922        0     1010     1008        0      970
          961        0     1026     1022        0      897     1011        0
         1029      953        0     1020     1044        0      959     1005
            0     1032      940        0      990     1005        0      918
          911        0     1014      992        0      865      994        0
         1005      951        0      998     1029        0      988      939
            0     1032     1023        0      904     1014        0     1005
          976        0     1002     1014        0      984     1002        0
         1008     1008        0      957     1011        0      984      918
            0      996      993        0      921      990        0     1029
          969        0      915      966        0      982      806        0
          910     1006        0      890      763        0      938      934
            0      779      830        0     1004      861        0      815
          884        0     1005      840        0      808      938        0
          965      832        0      837      989        0      978      851
            0      932     1005        0      974      871        0      957
         1008        0      871      985        0     1017      987        0

Atom Distribution No.    51 at run step   17337:

  Count of atoms assigned to each task:
            0      943        0      999      999        0      912     1002
            0     1035      921        0      989     1023        0      976
          960        0     1032     1014        0      914     1020        0
         1038      926        0     1008     1032        0      948     1029
            0     1023      947        0      977     1035        0      921
          909        0     1017     1031        0      871     1000        0
          996      931        0     1000     1011        0      981      910
            0     1035     1026        0      881     1029        0     1011
          946        0     1020     1041        0     1029      969        0
         1005      990        0      942     1017        0      996      930
            0      993      972        0      963      984        0     1008
          950        0      899      987        0      962      800        0
          904      982        0      903      796        0      956      928
            0      795      824        0      990      924        0      773
          891        0      985      866        0      779      912        0
          947      843        0      805      988        0     1005      837
            0      935      984        0      962      887        0      978
          999        0      894      974        0      993     1002        0

Atom Distribution No.    52 at run step   17698:

  Count of atoms assigned to each task:
            0      941        0      975      975        0      921      999
            0      999      938        0     1019     1035        0      970
          944        0     1029     1023        0      924     1029        0
         1035      959        0     1011     1026        0      976     1002
            0     1017      948        0      990     1044        0      948
          909        0     1020      972        0      883     1012        0
         1017      937        0      968     1020        0      968      919
            0     1038     1023        0      889     1029        0     1005
          946        0     1005     1029        0     1011      993        0
         1011      984        0      954      987        0      999      942
            0     1014      972        0      959     1012        0      999
          960        0      896     1014        0      986      811        0
          894      997        0      851      775        0      964      945
            0      793      836        0      984      883        0      811
          893        0      981      861        0      817      920        0
          972      821        0      821      999        0      951      843
            0      918      981        0      974      857        0      987
          993        0      846      989        0     1008      971        0

Atom Distribution No.    53 at run step   18057:

  Count of atoms assigned to each task:
            0      942        0      987      990        0      901     1035
            0     1014      928        0     1020     1020        0      960
          962        0     1020      975        0      906     1047        0
         1053      938        0      993     1020        0      948     1029
            0     1017      955        0      965     1014        0      971
          886        0     1023      982        0      893     1021        0
         1011      940        0      979     1014        0      981      914
            0      999     1020        0      917     1005        0     1017
          958        0     1017     1026        0     1023      963        0
          990     1020        0      951     1011        0      993      939
            0     1002      984        0      952      990        0      996
          961        0      894      966        0     1007      826        0
          927      994        0      885      776        0      944      914
            0      783      861        0      997      854        0      780
          900        0      988      832        0      802      936        0
          944      864        0      844     1020        0      978      840
            0      914      993        0      988      844        0      945
          993        0      873     1000        0      984     1028        0

Atom Distribution No.    54 at run step   18416:

  Count of atoms assigned to each task:
            0      938        0     1005     1029        0      877     1020
            0      984      944        0     1008     1020        0      933
          932        0     1068     1032        0      920     1005        0
         1017      930        0     1050     1002        0      958      993
            0     1011      962        0     1005     1002        0      939
          886        0     1026     1024        0      883     1015        0
         1011      955        0      913     1041        0      981      915
            0     1023     1011        0      932     1008        0     1032
          978        0     1017      996        0     1014      972        0
          999      990        0      954     1005        0      987      942
            0      996     1005        0      942      987        0     1008
          972        0      895      972        0      973      835        0
          920      997        0      879      774        0      945      931
            0      790      818        0      981      857        0      821
          903        0      998      855        0      822      936        0
          979      833        0      815     1010        0      980      835
            0      938      963        0      983      863        0      981
         1029        0      869      973        0      984      965        0

Atom Distribution No.    55 at run step   18779:

  Count of atoms assigned to each task:
            0      960        0      999      981        0      905     1011
            0     1017      904        0     1005      996        0      969
          974        0     1050     1008        0      917     1032        0
         1011      971        0     1026     1038        0      932      993
            0     1011      961        0      984     1002        0      930
          882        0     1017     1020        0      861      956        0
          993      967        0      933     1029        0      960      924
            0     1029      990        0      890     1023        0     1026
         1011        0      990     1011        0     1002      993        0
          993      984        0      930     1035        0      999      942
            0      978     1002        0      999      987        0      993
         1020        0      874      981        0      994      856        0
          903      997        0      916      763        0      978      929
            0      805      847        0      958      898        0      759
          916        0     1032      848        0      790      925        0
          950      845        0      836      978        0      977      825
            0      921      996        0      984      831        0     1002
         1017        0      862      969        0      999      989        0

Atom Distribution No.    56 at run step   19146:

  Count of atoms assigned to each task:
            0      942        0     1005      969        0      924     1029
            0     1017      901        0     1041     1017        0      942
          933        0     1026     1033        0      922     1005        0
         1020      968        0     1041     1008        0      977      999
            0     1029      931        0      966     1029        0      947
          907        0     1059      998        0      877      999        0
         1014      935        0      968     1023        0      988      909
            0      966     1011        0      897     1032        0     1026
          969        0      960     1023        0     1011      969        0
         1041      993        0      936     1005        0      993      930
            0      996     1038        0      945      990        0      990
          977        0      905      981        0     1002      812        0
          913      992        0      894      774        0      968      897
            0      793      782        0     1015      871        0      831
          876        0      972      838        0      770      920        0
          982      870        0      832      997        0     1015      823
            0      926     1005        0      980      849        0      996
          987        0      881      996        0      990      975        0

Atom Distribution No.    57 at run step   19508:

  Count of atoms assigned to each task:
            0      951        0     1014      999        0      900      999
            0      981      916        0     1037     1023        0      965
          957        0     1044     1007        0      923     1044        0
         1032      956        0     1020     1029        0      942      990
            0     1014      924        0     1022     1041        0      940
          915        0     1065      963        0      866      999        0
          990      937        0      994     1023        0      943      910
            0      987     1008        0      908     1032        0     1020
         1005        0      999     1014        0      996      960        0
         1026      987        0      918     1035        0      978      945
            0     1005     1002        0      969      996        0      978
          933        0      919     1002        0      971      820        0
          915      987        0      881      766        0      936      941
            0      793      822        0      992      926        0      745
          892        0      996      866        0      759      912        0
          990      847        0      813     1039        0     1001      841
            0      917     1002        0      987      873        0     1017
          990        0      889      939        0     1017      927        0

Atom Distribution No.    58 at run step   19861:

  Count of atoms assigned to each task:
            0      961        0     1020      996        0      917      978
            0     1011      914        0     1014     1020        0      947
          943        0     1020     1011        0      935     1050        0
         1044      926        0     1011     1038        0      970     1014
            0      993      929        0      991     1023        0      928
          895        0     1020      974        0      897      999        0
         1002      947        0      985     1002        0      931      935
            0     1011      999        0      900     1029        0     1026
         1005        0      990     1035        0      999      975        0
         1008      951        0      927     1011        0      999      951
            0     1008      984        0      981      999        0     1005
          993        0      889     1002        0      969      874        0
          893     1016        0      878      746        0      973      928
            0      771      833        0      937      938        0      768
          858        0     1014      869        0      763      925        0
          957      841        0      812     1033        0     1034      821
            0      908     1011        0      990      854        0      997
         1005        0      863      972        0      990      997        0

Atom Distribution No.    59 at run step   20223:

  Count of atoms assigned to each task:
            0      965        0     1020     1032        0      931      993
            0     1032      908        0     1047      996        0      964
          948        0     1026      996        0      907     1038        0
         1050      965        0     1005     1039        0      942     1008
            0     1023      913        0      991     1017        0      920
          913        0     1044     1011        0      858      957        0
         1002      928        0      972     1008        0      948      901
            0     1017     1035        0      912     1032        0     1005
          987        0     1014     1014        0      999      984        0
         1008      984        0      924      996        0      978      927
            0     1017     1017        0      990      972        0     1008
          963        0      903      990        0     1013      834        0
          905     1011        0      869      764        0      956      943
            0      776      784        0      957      946        0      768
          879        0     1014      874        0      760      920        0
          980      855        0      839      985        0     1022      821
            0      928     1020        0      994      845        0      996
          954        0      875      968        0      996      961        0

Atom Distribution No.    60 at run step   20584:

  Count of atoms assigned to each task:
            0      960        0     1014     1038        0      918     1008
            0     1023      914        0     1053     1023        0      944
          979        0     1035     1011        0      953     1041        0
         1017      937        0      987     1048        0      961     1014
            0     1011      915        0     1027     1014        0      947
          913        0     1041      975        0      836      984        0
         1011      941        0      966     1017        0      970      917
            0     1008     1038        0      894     1026        0     1005
          959        0     1026     1032        0      990      960        0
         1002      987        0      927      984        0      987      945
            0     1008     1008        0      971      976        0      996
          988        0      877      996        0     1002      824        0
          919      997        0      892      784        0      947      942
            0      820      814        0      972      910        0      762
          885        0      978      860        0      769      926        0
          962      853        0      835      986        0     1008      856
            0      919      999        0      961      850        0      969
          996        0      871      955        0      987      943        0

Atom Distribution No.    61 at run step   20943:

  Count of atoms assigned to each task:
            0      961        0     1047     1029        0      918      999
            0     1011      919        0     1044     1002        0      935
          956        0     1068     1004        0      936     1032        0
         1029      950        0     1026     1039        0      939     1005
            0      996      921        0     1017     1047        0      905
          947        0     1062      992        0      875      993        0
          987      907        0     1014     1017        0      959      902
            0      993     1011        0      909     1038        0     1011
          942        0     1020     1041        0      975      987        0
         1005      981        0      963     1017        0      987      927
            0      987     1002        0      942      954        0      984
          938        0      912     1005        0      993      818        0
          916      994        0      894      794        0     1003      948
            0      769      827        0     1014      830        0      812
          908        0      965      829        0      805      950        0
          963      839        0      870     1002        0      971      825
            0      922      987        0      966      825        0      975
          993        0      885      975        0      972      946        0

Atom Distribution No.    62 at run step   21303:

  Count of atoms assigned to each task:
            0      951        0     1035      996        0      926     1020
            0     1023      913        0     1023     1014        0      949
          958        0     1032      998        0      929     1071        0
         1041      967        0     1056     1031        0      969     1011
            0     1009      930        0     1008     1022        0      907
          946        0     1038      947        0      880     1011        0
         1002      908        0      985     1014        0      955      960
            0     1005      995        0      908     1005        0     1041
          975        0     1035     1017        0      969     1005        0
          978     1035        0      936     1014        0      984      942
            0      990     1002        0      951     1002        0     1002
          921        0      908     1002        0      982      822        0
          931     1021        0      866      785        0      999      865
            0      737      878        0      978      840        0      761
          914        0      949      861        0      778      967        0
          932      835        0      847      981        0      980      831
            0      939      996        0      968      841        0      963
         1014        0      860      967        0      987      974        0

Atom Distribution No.    63 at run step   21654:

  Count of atoms assigned to each task:
            0      932        0     1026     1014        0      915     1026
            0     1011      910        0     1029     1002        0      934
          985        0     1047      974        0      961     1065        0
         1002      972        0     1017     1037        0      962     1023
            0      972      917        0     1024     1017        0      934
          960        0     1023      921        0      887     1029        0
         1002      917        0      987     1038        0      930      996
            0     1002      994        0      934     1026        0     1005
          978        0     1011     1005        0      984      963        0
          999     1005        0      969     1020        0     1023      936
            0      990      996        0      969      987        0      981
          931        0      933     1014        0      940      816        0
          988      942        0      795      865        0     1024      884
            0      722      888        0      987      840        0      831
          931        0      921      786        0      820      958        0
          948      828        0      887      993        0      956      793
            0      937      987        0      999      880        0      960
          987        0      835      965        0      987      973        0

Atom Distribution No.    64 at run step   22013:

  Count of atoms assigned to each task:
            0      950        0     1014      996        0      926     1011
            0     1002      898        0     1019     1017        0      967
          972        0     1050     1014        0      953     1056        0
         1008      980        0     1014     1049        0      944      987
            0     1015      928        0     1017     1050        0      899
          921        0     1056      957        0      906     1014        0
         1008      886        0     1009     1005        0      955      969
            0      993      959        0      958     1023        0     1020
          969        0     1029     1017        0      945      984        0
          987     1020        0      972     1014        0     1011      954
            0     1011     1005        0      937     1008        0     1005
          898        0      945      996        0      944      799        0
          988      975        0      787      870        0      969      875
            0      730      903        0      996      823        0      808
          933        0      930      829        0      822      937        0
          935      798        0      905      996        0      954      803
            0      899      987        0      996      869        0     1008
          984        0      858     1004        0      951      959        0

Atom Distribution No.    65 at run step   22374:

  Count of atoms assigned to each task:
            0      929        0     1026     1002        0      912      993
            0      993      936        0     1065     1020        0      965
          952        0     1011     1014        0      950     1035        0
         1050      940        0     1035     1012        0      966      984
            0     1002      928        0     1018     1065        0      921
          955        0     1023      952        0      886     1026        0
         1005      912        0      999     1011        0      961      996
            0     1002      957        0      944     1044        0     1005
          951        0     1002     1014        0      999      987        0
          999     1002        0      972     1023        0     1014      927
            0     1014      996        0      951     1020        0      990
          878        0      952      969        0      921      764        0
          973      980        0      857      832        0      970      852
            0      764      861        0     1002      851        0      823
          920        0      921      847        0      802      944        0
          952      857        0      888     1014        0      941      803
            0      917      990        0      990      853        0      972
          975        0      846      997        0      990      975        0

Atom Distribution No.    66 at run step   22731:

  Count of atoms assigned to each task:
            0      935        0     1005      990        0      901     1008
            0     1017      936        0     1029      984        0      972
          964        0     1026     1020        0      935     1044        0
         1035      946        0     1029     1045        0      942     1005
            0     1032      912        0     1020     1023        0      920
          942        0     1038      972        0      908      990        0
          999      887        0     1033     1026        0      951     1008
            0     1020      949        0      957     1032        0     1026
          963        0      996     1020        0      975      978        0
         1014      999        0      966      984        0     1005      921
            0     1026     1023        0      930      984        0     1023
          907        0      949      993        0      929      806        0
          989      974        0      819      846        0     1000      869
            0      743      850        0      990      852        0      762
          912        0      929      833        0      809      926        0
          948      855        0      853      996        0      995      803
            0      935     1002        0      983      857        0     1005
          969        0      850      989        0      999      960        0

Atom Distribution No.    67 at run step   23084:

  Count of atoms assigned to each task:
            0      946        0     1020     1008        0      905     1002
            0     1023      933        0     1029     1041        0      948
          955        0     1032      998        0      917     1032        0
         1059      946        0     1008     1030        0      948     1014
            0     1020      916        0     1023     1014        0      946
          959        0     1014      974        0      876     1053        0
          984      906        0     1012     1020        0      966      999
            0     1038      969        0      940     1041        0     1026
          930        0     1011      996        0      978     1035        0
         1029      975        0      972      990        0     1014      951
            0      981     1005        0      922     1005        0     1002
          899        0      946     1005        0      943      794        0
          998      976        0      788      844        0      980      871
            0      758      859        0      961      854        0      802
          895        0      995      831        0      750      940        0
          917      868        0      858     1014        0      995      784
            0      923      948        0      986      837        0     1011
          978        0      851     1011        0      984      966        0

Atom Distribution No.    68 at run step   23443:

  Count of atoms assigned to each task:
            0      956        0     1002      990        0      916     1008
            0     1029      947        0     1005     1029        0      947
          930        0     1026     1020        0      949     1035        0
         1053      970        0     1014     1044        0      939     1011
            0     1017      903        0     1011     1017        0      960
          974        0     1014      962        0      912     1020        0
         1011      906        0     1011     1011        0      926     1008
            0     1023      967        0      933     1017        0     1038
          965        0     1023     1026        0      996      996        0
         1026      930        0     1005     1008        0      990      945
            0      990     1011        0      934     1002        0     1023
          883        0      952      987        0      933      791        0
          953      980        0      783      817        0     1007      862
            0      779      828        0      970      854        0      770
          918        0      947      803        0      811      935        0
          944      847        0      886     1002        0      989      832
            0      912      954        0      989      841        0     1029
          996        0      862      979        0      993      957        0

Atom Distribution No.    69 at run step   23806:

  Count of atoms assigned to each task:
            0      932        0     1026      987        0      949     1017
            0     1029      926        0     1011     1002        0      935
          945        0     1026     1020        0      905     1038        0
         1065      943        0     1014     1017        0      948      990
            0     1020      959        0     1017     1014        0      945
          931        0     1047      931        0      886     1009        0
         1005      935        0     1018     1020        0      912      988
            0     1002      969        0      977     1020        0     1020
          930        0     1020     1008        0      984     1002        0
         1008      957        0      966     1008        0     1023      939
            0     1023     1011        0      968      985        0     1005
          880        0      912     1002        0      953      811        0
          982      976        0      831      796        0      989      860
            0      760      824        0      979      846        0      778
          941        0      990      827        0      800      919        0
          980      842        0      853      992        0      965      846
            0      929     1017        0      986      837        0      997
         1011        0      889      970        0     1005      944        0

Atom Distribution No.    70 at run step   24163:

  Count of atoms assigned to each task:
            0      932        0     1011     1002        0      961     1026
            0     1005      914        0     1014     1002        0      953
          931        0     1044     1035        0      890     1029        0
         1038      944        0     1029     1035        0      935      999
            0     1020      947        0     1044     1026        0      931
          916        0     1029     1014        0      874      994        0
          999      908        0      979     1029        0      956      942
            0     1029     1033        0      906     1023        0     1020
          924        0     1029     1026        0      975     1023        0
          996      987        0      954      996        0     1005      984
            0      987      981        0      948      964        0     1017
          944        0      920      984        0      983      807        0
          919     1015        0      858      805        0      921      919
            0      779      759        0      979      923        0      767
          854        0      993      846        0      772      914        0
         1015      867        0      830      980        0      996      845
            0      924     1011        0      978      853        0      987
          999        0      879      965        0      996      976        0

Atom Distribution No.    71 at run step   24520:

  Count of atoms assigned to each task:
            0      971        0     1023     1023        0      907     1017
            0      990      905        0     1033     1023        0      958
          967        0     1038     1024        0      931     1035        0
         1038      946        0     1008     1026        0      942      984
            0     1020      931        0     1017     1026        0      941
          979        0     1026      945        0      884      988        0
         1014      890        0     1002     1029        0      936      955
            0     1011      996        0      929     1044        0     1002
          948        0     1017     1011        0      984      999        0
         1020      981        0      951     1011        0     1005      969
            0      993      990        0      946      973        0     1023
          916        0      945      993        0      969      803        0
          955      976        0      851      779        0      970      918
            0      749      843        0      982      892        0      799
          919        0      962      820        0      751      929        0
          996      838        0      839     1018        0      984      831
            0      901      990        0      972      850        0      984
          996        0      866      960        0     1008      977        0

Atom Distribution No.    72 at run step   24880:

  Count of atoms assigned to each task:
            0      973        0     1032     1030        0      940     1020
            0     1017      928        0     1017     1008        0      931
          972        0     1044      978        0      932     1035        0
         1032      914        0     1032     1029        0      934     1002
            0      999      932        0      998     1053        0      956
          937        0     1008      959        0      847     1006        0
         1011      905        0      990     1029        0      955      924
            0     1035     1002        0      905     1032        0      984
          966        0     1023     1023        0      993      993        0
         1008      999        0      960      987        0      993      918
            0     1008      984        0      931     1012        0      999
          952        0      922     1005        0      982      841        0
          976      992        0      858      773        0      977      913
            0      763      840        0      970      837        0      815
          892        0      981      832        0      827      953        0
          978      842        0      830     1002        0      980      826
            0      904     1002        0      957      876        0      993
          987        0      863      952        0      996      953        0

Atom Distribution No.    73 at run step   25236:

  Count of atoms assigned to each task:
            0      983        0     1011     1029        0      946      984
            0     1008      945        0     1055     1026        0      915
         1030        0     1029      954        0      930     1032        0
         1038      920        0     1026     1014        0      932     1002
            0     1041      903        0     1020     1002        0      934
          932        0     1026     1008        0      852     1005        0
          996      916        0      970     1023        0      937      929
            0     1029     1020        0      905     1026        0     1032
          981        0     1005     1017        0      993     1005        0
         1020      978        0      969      963        0      996      924
            0      978      990        0      970     1000        0     1002
          956        0      935      993        0      991      786        0
          918      976        0      834      783        0      980      914
            0      758      837        0      979      908        0      809
          857        0      994      835        0      824      955        0
          974      826        0      830      989        0      939      831
            0      938     1002        0      986      844        0      987
         1005        0      855      978        0      999      995        0

Atom Distribution No.    74 at run step   25594:

  Count of atoms assigned to each task:
            0      980        0     1023     1005        0      956     1011
            0     1008      888        0     1035     1038        0      947
          950        0     1035      953        0      934     1056        0
         1020      928        0     1050     1037        0      941     1011
            0     1017      935        0     1020     1011        0      942
          922        0     1005      977        0      870      988        0
          999      933        0     1000     1002        0      932      942
            0     1035     1017        0      905     1032        0     1017
          960        0     1014      993        0     1023      972        0
         1032      981        0      942     1032        0     1011      921
            0     1014      963        0      947      976        0      996
          971        0      910      999        0      996      788        0
          922      985        0      881      747        0      936      933
            0      807      807        0      973      912        0      781
          890        0      987      860        0      772      942        0
          963      858        0      809      986        0      981      834
            0      908      990        0      987      878        0      996
         1011        0      872      992        0     1011      947        0

Atom Distribution No.    75 at run step   25954:

  Count of atoms assigned to each task:
            0      939        0     1020     1027        0      922     1032
            0     1005      899        0     1051     1008        0      938
          963        0     1038      965        0      951     1047        0
         1026      956        0      993     1019        0      948     1041
            0     1041      909        0      990     1005        0      940
          961        0     1008     1008        0      835      988        0
         1026      932        0     1030     1008        0      924      917
            0     1026     1014        0      913     1038        0     1029
          936        0      990     1020        0     1008     1005        0
          993      999        0      963      993        0      993      936
            0     1005      981        0      958      994        0      993
          965        0      927      999        0      967      807        0
          927      979        0      862      765        0      925      933
            0      775      743        0      988      905        0      774
          906        0      993      876        0      784      904        0
         1005      870        0      815     1004        0      996      853
            0      910      993        0      954      880        0      993
         1014        0      888      963        0     1014      953        0

Atom Distribution No.    76 at run step   26311:

  Count of atoms assigned to each task:
            0      952        0     1005     1023        0      939     1035
            0      999      884        0     1041     1011        0      945
          962        0     1035      995        0      933     1044        0
         1026      960        0      996     1022        0      932     1020
            0     1047      919        0     1020     1026        0      944
          940        0     1032      942        0      883     1011        0
         1026      918        0     1000     1014        0      928      932
            0     1038     1026        0      931     1002        0      993
          975        0      987     1026        0      999      987        0
          984      999        0      930     1014        0     1005      918
            0      996      984        0      967     1018        0     1005
          950        0      934     1011        0      971      816        0
          906      976        0      861      778        0      911      916
            0      793      814        0      939      920        0      821
          861        0      954      901        0      755      967        0
         1004      843        0      846      978        0      968      844
            0      917     1008        0      980      886        0      984
         1014        0      847      965        0      999      943        0

Atom Distribution No.    77 at run step   26671:

  Count of atoms assigned to each task:
            0      932        0     1008     1024        0      935     1002
            0     1017      917        0     1036      987        0      934
          961        0     1008      996        0      915     1032        0
         1011      974        0     1047     1005        0      950     1029
            0     1044      932        0     1029     1038        0      937
          953        0     1032      990        0      891      990        0
          999      897        0      962     1005        0      951      926
            0     1026     1014        0      922     1044        0     1026
          972        0      990     1011        0      990      981        0
         1014      987        0      924      996        0     1017      918
            0     1008     1005        0      946     1012        0      993
          946        0      914      990        0      984      831        0
          898      964        0      850      794        0      941      924
            0      819      787        0      952      937        0      788
          872        0     1002      849        0      742      950        0
          975      853        0      832      977        0      978      832
            0      921     1014        0      959      857        0     1010
         1023        0      877      986        0     1005      981        0

Atom Distribution No.    78 at run step   27036:

  Count of atoms assigned to each task:
            0      948        0      996      999        0      930      990
            0     1014      932        0     1005     1029        0      939
          963        0     1041     1010        0      915     1044        0
         1011      977        0     1005     1040        0      925     1026
            0     1020      910        0      990     1032        0      965
          947        0     1005      942        0      906     1000        0
         1008      904        0     1011     1011        0      953      934
            0      999     1002        0      932     1023        0     1029
          933        0     1008     1002        0     1032      981        0
         1011      993        0      918     1005        0     1008      933
            0      981     1011        0      979      991        0     1014
          945        0      874     1026        0      949      814        0
          905      981        0      863      765        0      923      919
            0      793      779        0      967      950        0      781
          888        0      996      885        0      747      904        0
         1028      841        0      824      981        0      999      864
            0      925     1023        0      989      880        0      999
         1032        0      869      975        0     1005      956        0

Atom Distribution No.    79 at run step   27400:

  Count of atoms assigned to each task:
            0      964        0     1002     1029        0      947      987
            0      984      862        0     1005     1044        0      965
          960        0     1047     1007        0      908     1032        0
         1035      960        0     1017     1031        0      967     1005
            0     1035      925        0     1001     1023        0      951
          897        0      996      999        0      844     1036        0
         1011      947        0      994     1005        0      962      921
            0     1014     1011        0      913     1032        0     1011
          966        0     1023     1002        0      999      984        0
         1020      990        0      939      981        0     1005      921
            0     1023      993        0      961      979        0     1017
          928        0      885      996        0     1003      829        0
          916      985        0      873      793        0      946      956
            0      779      830        0      928      914        0      823
          852        0     1006      860        0      756      917        0
          984      834        0      844      999        0      982      815
            0      934      996        0      955      863        0     1002
         1002        0      883      991        0      999      959        0

Atom Distribution No.    80 at run step   27755:

  Count of atoms assigned to each task:
            0      953        0     1011     1012        0      925     1020
            0     1005      918        0     1011     1026        0      953
          959        0     1074     1022        0      923     1053        0
         1032      962        0     1005     1028        0      935      984
            0     1014      928        0      992     1041        0      959
          921        0      996     1017        0      868      997        0
         1002      893        0     1009     1032        0      948      933
            0     1032      993        0      940     1029        0     1029
          939        0     1005     1017        0      987     1002        0
         1017      987        0      963      978        0      990      942
            0     1005      987        0      959      988        0      999
          929        0      906      975        0      987      789        0
          906      991        0      865      769        0      964      939
            0      763      818        0     1009      863        0      814
          938        0      988      819        0      802      934        0
          951      818        0      875     1002        0      983      847
            0      930      978        0      931      868        0      973
          993        0      905      965        0     1014      956        0

Atom Distribution No.    81 at run step   28110:

  Count of atoms assigned to each task:
            0      978        0     1014     1015        0      913     1002
            0     1038      917        0     1038     1005        0      952
          943        0     1044     1023        0      900     1029        0
         1044      914        0     1026     1037        0      954      999
            0     1017      901        0     1019     1020        0      971
          951        0     1029     1008        0      851      991        0
          987      916        0     1009     1029        0      953      946
            0     1008     1020        0      912     1035        0     1023
          987        0     1017     1008        0      978     1020        0
         1008      978        0      948     1014        0     1005      945
            0     1005      990        0      955     1000        0      975
          941        0      915      984        0      959      815        0
          923     1005        0      858      808        0      976      926
            0      753      830        0      969      873        0      820
          897        0     1012      809        0      822      931        0
          959      833        0      855      996        0      945      798
            0      919      969        0      964      877        0      978
          975        0      859      951        0      996      992        0

Atom Distribution No.    82 at run step   28466:

  Count of atoms assigned to each task:
            0      962        0     1029     1009        0      888      999
            0     1014      907        0     1014     1017        0      953
          952        0     1041      987        0      928     1056        0
         1020      953        0     1023     1020        0      965      974
            0     1008      929        0      999     1056        0      948
          941        0     1014     1020        0      870      991        0
         1023      898        0     1014     1017        0      945      915
            0     1032      993        0      935     1017        0     1047
          999        0     1005     1005        0     1005     1005        0
         1011      960        0      960     1002        0     1008      954
            0     1002      975        0      971      976        0     1020
          934        0      914      996        0      931      832        0
          901     1024        0      890      769        0     1010      884
            0      761      826        0      993      874        0      769
          924        0      944      824        0      800      951        0
          946      849        0      867      999        0      959      827
            0      902      993        0      946      863        0      978
          978        0      889      983        0     1002      993        0

Atom Distribution No.    83 at run step   28819:

  Count of atoms assigned to each task:
            0      950        0     1011     1006        0      944     1005
            0     1041      913        0     1026     1020        0      937
          943        0     1038      997        0      917     1017        0
         1059      941        0      996      978        0      936     1008
            0     1041      929        0      981     1017        0      936
          886        0     1056     1005        0      858     1025        0
         1029      950        0      972     1014        0      921      933
            0     1011     1029        0      930     1044        0     1035
          981        0     1047      996        0      984      981        0
          975      993        0      948      990        0      990      936
            0     1005      969        0      966      984        0     1020
          925        0      912      990        0      994      825        0
          900      983        0      878      758        0      952      953
            0      787      816        0      982      872        0      815
          875        0     1011      832        0      825      929        0
          988      844        0      862      987        0      995      825
            0      921      978        0      974      852        0     1017
          996        0      873      973        0      972      985        0

Atom Distribution No.    84 at run step   29180:

  Count of atoms assigned to each task:
            0      936        0     1032      997        0      932     1011
            0      984      914        0     1035     1014        0      950
          949        0     1047     1020        0      930     1047        0
         1032      935        0      990     1020        0      920      981
            0     1011      943        0      993     1008        0      985
          907        0     1038     1017        0      882      997        0
         1023      931        0      989     1017        0      943      942
            0     1023     1014        0      909     1041        0     1047
          981        0     1023     1029        0      960      990        0
          960      990        0      948     1014        0      975      927
            0     1014      990        0      970      982        0      990
          929        0      927      996        0      995      826        0
          917     1009        0      870      769        0      932      958
            0      771      834        0      981      947        0      759
          889        0     1015      827        0      781      950        0
          945      829        0      809     1032        0      949      811
            0      924     1005        0      984      856        0      990
          990        0      858     1001        0      981      981        0

Atom Distribution No.    85 at run step   29535:

  Count of atoms assigned to each task:
            0      969        0     1017     1005        0      919     1002
            0     1008      908        0     1039     1032        0      923
          949        0     1032     1000        0      957     1017        0
         1032      939        0      999     1020        0      974     1011
            0      984      930        0     1009     1011        0      945
          889        0      996     1017        0      852     1053        0
         1020      937        0     1013     1020        0      914      967
            0     1008     1005        0      939     1041        0     1035
          975        0     1014      990        0      984     1014        0
         1005     1011        0      927     1002        0      993      945
            0     1014      999        0      964      976        0      984
          921        0      949      984        0      955      837        0
          895     1003        0      871      754        0      998      937
            0      779      843        0      993      867        0      730
          928        0     1003      840        0      767      973        0
          945      833        0      863      984        0      980      809
            0      930      981        0      969      853        0      996
         1056        0      853      983        0      969      941        0

Atom Distribution No.    86 at run step   29892:

  Count of atoms assigned to each task:
            0      942        0     1020      967        0      926     1014
            0     1023      923        0     1009     1044        0      950
          952        0     1020      993        0      925     1035        0
         1020      937        0      996     1020        0      968     1002
            0     1023      934        0      971     1017        0      970
          927        0     1041      989        0      841      989        0
         1020      937        0      973     1035        0      945      944
            0     1023     1035        0      943     1029        0     1032
          978        0     1017     1020        0      966      984        0
          999     1017        0      975      987        0      993      963
            0      984     1020        0      935      967        0     1008
          907        0      893      987        0      983      824        0
          927     1009        0      856      787        0      972      931
            0      756      843        0     1009      873        0      815
          904        0      990      832        0      806      930        0
          939      837        0      833      981        0      968      831
            0      921     1023        0      958      851        0     1005
          990        0      872     1011        0      966      969        0

Atom Distribution No.    87 at run step   30249:

  Count of atoms assigned to each task:
            0      934        0     1017     1036        0      906     1023
            0     1011      895        0     1035     1005        0      942
          939        0     1047      996        0      919     1038        0
         1008      945        0      993     1005        0      956     1016
            0     1011      980        0      977     1026        0      958
          869        0     1020     1013        0      847      991        0
         1011      944        0     1001     1044        0      957      961
            0     1038     1014        0      942     1008        0     1008
          981        0     1005     1005        0     1002      987        0
         1008      981        0      966     1020        0     1002      963
            0      999     1008        0      928      994        0     1041
          916        0      922      993        0      974      808        0
          903     1015        0      848      778        0      945      929
            0      770      816        0     1000      840        0      834
          877        0      976      837        0      806      955        0
          991      808        0      830      966        0     1011      814
            0      940      996        0      967      840        0      974
         1005        0      903     1005        0      978      960        0

Atom Distribution No.    88 at run step   30614:

  Count of atoms assigned to each task:
            0      937        0      981     1036        0      908     1026
            0     1014      917        0     1021      999        0      952
          950        0     1038     1016        0      947     1020        0
          999      969        0      996     1005        0      951      993
            0      996      958        0      950     1038        0      978
          902        0     1032      989        0      869      986        0
         1014      960        0      974     1041        0      949      948
            0     1002     1017        0      947     1017        0      999
          966        0     1014     1032        0     1008      990        0
         1005      975        0      948      999        0     1008      960
            0     1026     1014        0      944     1006        0     1005
          949        0      903      987        0      956      803        0
          900     1010        0      862      769        0      937      952
            0      761      756        0      974      905        0      781
          903        0      996      832        0      764      910        0
          978      856        0      805      986        0      981      857
            0      944     1008        0      991      888        0      977
         1002        0      915      987        0     1017      963        0

Atom Distribution No.    89 at run step   30978:

  Count of atoms assigned to each task:
            0      940        0     1053     1012        0      907     1011
            0      990      897        0     1012     1041        0      963
          957        0     1026      995        0      938     1029        0
          999      951        0     1014     1035        0      976     1005
            0     1002      961        0      972     1020        0      985
          901        0     1038     1002        0      864      966        0
         1026      951        0      968     1023        0      954      934
            0     1035     1014        0      948     1032        0     1026
          948        0     1005     1008        0     1029      990        0
         1005      999        0      930     1014        0      993      933
            0     1005     1008        0      957      982        0     1029
          912        0      915      981        0      960      787        0
          907      991        0      870      748        0      953      931
            0      793      810        0      988      905        0      802
          873        0      982      896        0      788      919        0
          991      867        0      818      963        0      998      829
            0      912      981        0      982      847        0      985
          990        0      873      961        0     1017      973        0

Atom Distribution No.    90 at run step   31348:

  Count of atoms assigned to each task:
            0      960        0     1008     1009        0      935      999
            0      990      913        0     1002     1026        0      956
          965        0     1017     1005        0      913     1044        0
         1065      944        0     1032     1066        0      956      975
            0      993      911        0      988     1017        0      964
          895        0     1026     1005        0      880     1032        0
          996      938        0      965     1020        0      956      921
            0     1029     1002        0      941     1038        0     1011
          966        0     1002      990        0     1029      990        0
          993     1002        0      942      996        0      999      927
            0     1008      993        0      962     1002        0     1008
          926        0      884      998        0      950      795        0
          916      996        0      893      806        0      923      928
            0      793      806        0      981      900        0      777
          904        0     1014      867        0      791      935        0
          964      836        0      858     1001        0      957      831
            0      893     1005        0      980      892        0      995
          987        0      884      964        0      990      969        0

Atom Distribution No.    91 at run step   31718:

  Count of atoms assigned to each task:
            0      965        0     1017     1003        0      889     1023
            0      999      904        0     1050     1020        0      929
          945        0     1038     1012        0      941     1044        0
         1047      918        0     1032     1021        0      965      990
            0     1038      929        0      973     1011        0      963
          885        0     1026      993        0      866     1010        0
         1026      937        0      992     1008        0      939      930
            0     1029     1011        0      924     1023        0     1017
          954        0     1020     1017        0     1035      984        0
          981      987        0      948      993        0      969      951
            0     1011     1014        0      951      987        0     1002
          929        0      912     1005        0      962      829        0
          912     1006        0      876      773        0      917      930
            0      762      814        0      982      923        0      803
          836        0     1002      872        0      747      952        0
         1002      834        0      826      980        0     1008      824
            0      933      996        0      950      865        0      993
          987        0      886      978        0     1008     1006        0

Atom Distribution No.    92 at run step   32070:

  Count of atoms assigned to each task:
            0      966        0     1023      985        0      917     1032
            0     1005      908        0     1062     1014        0      958
          972        0     1032     1006        0      896     1059        0
         1017      987        0     1023     1027        0      910     1014
            0     1026      916        0     1015     1014        0      933
          892        0     1023     1011        0      873      996        0
          996      946        0      962     1026        0      955      946
            0     1038     1020        0      915     1047        0     1023
          954        0     1014     1038        0      996     1002        0
         1002      951        0      972      987        0     1005      945
            0      975     1002        0      973     1024        0      996
          906        0      927      969        0      967      811        0
          947     1006        0      869      755        0      897      922
            0      798      846        0     1014      896        0      765
          891        0      992      841        0      753      922        0
          974      832        0      840      988        0      987      809
            0      948      996        0      989      838        0      987
          969        0      874      973        0     1011      975        0

Atom Distribution No.    93 at run step   32439:

  Count of atoms assigned to each task:
            0      942        0      999      976        0      919     1017
            0     1038      940        0     1078     1008        0      907
          946        0     1050      991        0      944     1038        0
         1026      938        0     1026     1000        0      940     1002
            0     1011      917        0     1010     1023        0      949
          920        0      984     1024        0      878     1011        0
         1014      947        0      957     1002        0      942      922
            0     1038     1008        0      927     1005        0     1050
          957        0     1005     1032        0     1005      963        0
         1002      972        0      993     1005        0     1008      936
            0     1005      993        0      949      978        0     1014
          923        0      902     1013        0      982      802        0
          932     1009        0      854      780        0      944      936
            0      757      834        0      997      876        0      806
          925        0      974      868        0      798      932        0
          955      843        0      842      981        0      983      805
            0      919      978        0      959      878        0      990
          975        0      890     1008        0     1008      967        0

Atom Distribution No.    94 at run step   32788:

  Count of atoms assigned to each task:
            0      943        0     1011     1012        0      916     1029
            0     1014      923        0     1045     1026        0      939
          953        0     1035     1032        0      935     1056        0
         1005      971        0     1005     1027        0      933     1005
            0     1014      919        0      980      984        0      971
          877        0     1023      987        0      875     1026        0
         1035      951        0      970     1011        0      930      899
            0     1023     1011        0      969     1014        0     1026
          966        0      999     1017        0     1002      948        0
          993     1020        0      978     1014        0     1011      945
            0      987      993        0      934      994        0     1026
          929        0      909     1005        0      931      838        0
          928     1003        0      889      776        0      918      927
            0      813      822        0      990      875        0      765
          879        0      987      858        0      775      930        0
          986      835        0      834     1020        0      978      804
            0      918      990        0      975      881        0      993
          978        0      894      987        0      978      971        0

Atom Distribution No.    95 at run step   33148:

  Count of atoms assigned to each task:
            0      960        0     1017      997        0      936      999
            0     1005      925        0     1054     1017        0      936
          946        0     1041      997        0      944     1023        0
         1032      946        0     1023     1024        0      964     1023
            0      999      910        0     1002      996        0      949
          876        0     1047     1017        0      891      996        0
         1017      923        0      995      999        0      942      944
            0     1011     1008        0      948     1038        0     1017
          972        0      984     1008        0      999      987        0
         1005      981        0      954     1014        0     1002      921
            0      981     1026        0      960      997        0      999
          952        0      934      990        0      946      847        0
          926      994        0      827      770        0      942      903
            0      767      842        0      981      858        0      819
          873        0      963      896        0      779      918        0
         1011      844        0      824     1023        0      972      824
            0      927     1011        0      955      881        0      981
          993        0      903      975        0      975      956        0

Atom Distribution No.    96 at run step   33514:

  Count of atoms assigned to each task:
            0      978        0      990     1015        0      926     1002
            0     1008      915        0     1009     1020        0      929
          946        0     1014     1013        0      953     1050        0
         1047      959        0     1026     1012        0      947     1002
            0     1020      928        0      967     1026        0      943
          868        0     1014     1002        0      868      993        0
         1005      946        0      965     1008        0      945      930
            0     1005     1035        0      939     1035        0     1026
          978        0      987      984        0      984      960        0
         1038      984        0      966      990        0      987      936
            0      999      981        0      967      975        0     1035
          950        0      890      996        0      955      821        0
          905      996        0      885      796        0      912      932
            0      816      789        0     1018      917        0      761
          891        0     1008      887        0      778      885        0
          992      871        0      837      983        0      981      838
            0      912      966        0      997      890        0     1018
         1002        0      904      971        0      990      986        0

Atom Distribution No.    97 at run step   33866:

  Count of atoms assigned to each task:
            0      947        0     1005     1015        0      900      984
            0     1014      903        0     1039     1023        0      935
          967        0     1029     1017        0      898     1023        0
         1008      965        0     1029     1029        0      933     1020
            0     1014      925        0      944     1008        0      945
          894        0     1017     1023        0      879      963        0
         1002      946        0      947     1017        0      984      914
            0     1026     1029        0      963     1020        0     1011
         1002        0      981     1011        0     1002     1008        0
         1041      969        0      954      996        0     1002      924
            0      996      963        0      968     1020        0     1020
          918        0      866     1014        0      992      846        0
          938      960        0      890      764        0      911      950
            0      764      786        0      960      926        0      812
          854        0      988      911        0      768      907        0
         1010      858        0      817      994        0      975      842
            0      934      984        0     1002      867        0      984
          984        0      902     1011        0     1005     1001        0

Atom Distribution No.    98 at run step   34227:

  Count of atoms assigned to each task:
            0      954        0     1005     1012        0      916     1002
            0     1023      905        0      997     1002        0      945
          947        0     1038     1023        0      901     1017        0
         1038      932        0     1011     1032        0      939     1014
            0     1044      941        0      942     1023        0      930
          880        0     1017      986        0      883      964        0
          990      957        0      923     1029        0     1038      944
            0     1017     1020        0      918     1017        0     1035
          987        0      978      999        0     1011      960        0
         1035      981        0      954     1020        0      993      945
            0     1005      993        0      955      984        0     1011
          937        0      872      992        0     1000      825        0
          929      984        0      871      774        0      923      924
            0      776      811        0     1012      942        0      800
          841        0      984      907        0      810      873        0
          990      862        0      811      978        0      987      886
            0      885     1005        0      991      884        0     1010
         1002        0      888      978        0     1005      995        0

Atom Distribution No.    99 at run step   34584:

  Count of atoms assigned to each task:
            0      944        0     1035      988        0      919      999
            0      999      912        0     1054     1038        0      919
          952        0     1020     1036        0      911      996        0
         1017      909        0     1017     1038        0      950      987
            0     1020      932        0      946     1026        0      997
          885        0     1020     1034        0      874      974        0
          993      977        0      924     1035        0     1003      928
            0     1020     1014        0      937     1026        0     1026
          978        0      999     1008        0      981      984        0
         1017      990        0      963     1008        0     1008      972
            0     1017      984        0      958      983        0      996
          980        0      835     1013        0     1007      803        0
          923      987        0      864      765        0      904      963
            0      796      793        0      951      915        0      768
          848        0     1005      862        0      801      911        0
          971      842        0      830      944        0     1008      868
            0      915      987        0      983      885        0     1021
         1014        0      886      984        0      987     1010        0

Atom Distribution No.   100 at run step   34946:

  Count of atoms assigned to each task:
            0      944        0     1023     1012        0      905      999
            0     1023      931        0     1024     1002        0      931
          976        0     1032     1048        0      910     1008        0
         1032      951        0      996     1026        0      924     1002
            0     1023      967        0      930     1005        0      954
          887        0     1041     1028        0      890      994        0
          999      941        0      960     1020        0      968      949
            0      996     1026        0      933     1023        0     1011
          975        0      975     1032        0     1011     1008        0
         1017      996        0      930     1014        0      984      963
            0      996      993        0      970     1011        0     1002
          949        0      887     1022        0      957      805        0
          911      993        0      873      773        0      926      926
            0      784      820        0      993      882        0      749
          894        0      999      851        0      776      946        0
          998      848        0      814     1004        0     1002      835
            0      888     1020        0      962      904        0      993
         1002        0      873      963        0      990      973        0

Atom Distribution No.   101 at run step   35308:

  Count of atoms assigned to each task:
            0      933        0     1023     1009        0      921     1011
            0     1008      911        0     1033      993        0      942
          955        0     1038     1030        0      903     1026        0
         1035      931        0     1026     1024        0      937     1029
            0     1020      927        0      960     1029        0      951
          891        0     1014      992        0      885     1026        0
          993      966        0      972     1035        0      917      985
            0     1005     1038        0      900     1038        0     1032
          960        0      984     1011        0      996      993        0
         1011      981        0      966      999        0     1002      969
            0     1005     1002        0      936      995        0      999
          947        0      904     1011        0      945      830        0
          900     1011        0      845      767        0      955      938
            0      817      856        0      987      845        0      779
          906        0      984      829        0      819      939        0
          970      844        0      838      999        0      975      815
            0      935      984        0      991      857        0     1002
          999        0      875      966        0      987      952        0

Atom Distribution No.   102 at run step   35676:

  Count of atoms assigned to each task:
            0      931        0     1011      985        0      895      981
            0     1032      931        0     1017     1038        0      951
          973        0     1023     1019        0      917     1026        0
         1047      962        0     1035     1024        0      933     1014
            0     1017      927        0      981      999        0      949
          887        0     1005     1013        0      909     1038        0
         1032      935        0      996     1035        0      926      967
            0     1008     1014        0      942     1035        0     1029
          945        0     1005     1017        0      954     1020        0
         1008      969        0      957      978        0      999      954
            0     1026      996        0      945     1001        0     1014
          897        0      902      984        0      940      833        0
          942     1011        0      861      772        0      936      908
            0      769      854        0      993      864        0      754
          944        0     1010      831        0      772      944        0
          950      824        0      866     1002        0      985      800
            0      934      981        0      960      862        0      992
         1023        0      859      987        0     1011      972        0

Atom Distribution No.   103 at run step   36041:

  Count of atoms assigned to each task:
            0      951        0     1023      988        0      897      969
            0     1002      917        0      978      993        0     1004
          949        0     1026     1035        0      917     1029        0
         1044      959        0     1050     1032        0      938     1026
            0      999      941        0      971     1017        0      901
          901        0     1023     1023        0      892     1038        0
         1014      929        0     1030     1038        0      935      915
            0      981     1047        0      900     1011        0     1014
          984        0     1008     1029        0      975      978        0
          999     1002        0      975     1005        0     1005      951
            0      999     1008        0      949     1013        0      981
          930        0      904      999        0      946      862        0
          885     1024        0      869      776        0     1014      912
            0      765      840        0      993      839        0      807
          901        0      980      877        0      781      936        0
          969      818        0      852      978        0      948      804
            0      941      984        0      966      869        0     1002
         1017        0      850      971        0     1017      972        0

Atom Distribution No.   104 at run step   36398:

  Count of atoms assigned to each task:
            0      954        0      993      991        0      918      984
            0     1005      922        0      988     1029        0      994
          923        0     1053      995        0      940     1062        0
         1035      932        0     1020     1030        0      912     1002
            0     1014      961        0      980     1035        0      944
          886        0     1008     1010        0      870     1023        0
         1008      939        0     1015     1026        0      954      953
            0     1008     1015        0      932     1011        0     1032
          969        0     1011     1014        0      999      981        0
          978     1002        0      963     1011        0     1023      936
            0     1005      984        0      949     1016        0     1029
          930        0      923     1008        0      938      834        0
          895      979        0      840      786        0      951      920
            0      770      864        0      981      862        0      752
          880        0      997      833        0      794      912        0
          985      843        0      834      960        0      966      830
            0      943     1014        0      986      902        0      998
         1005        0      846      990        0      996      983        0

Atom Distribution No.   105 at run step   36759:

  Count of atoms assigned to each task:
            0      932        0     1005      994        0      944     1011
            0     1008      920        0     1039      969        0      967
          960        0     1029     1028        0      941     1044        0
         1014      944        0      978     1024        0      942     1032
            0     1011      951        0      985     1032        0      945
          862        0     1044     1004        0      888     1020        0
         1020      913        0     1033     1020        0      936      965
            0     1005     1041        0      956     1008        0     1035
          954        0      975     1020        0      987      990        0
         1008      987        0      978     1008        0      963      981
            0      990      996        0      933     1008        0     1014
          920        0      914     1029        0      934      793        0
          919      997        0      838      778        0      944      916
            0      760      865        0      976      871        0      799
          830        0      980      874        0      775      920        0
          998      849        0      834      999        0      972      838
            0      905     1011        0      992      834        0      978
         1014        0      872     1013        0     1008      966        0

Atom Distribution No.   106 at run step   37119:

  Count of atoms assigned to each task:
            0      973        0      990      982        0      938      987
            0      990      921        0     1009     1032        0      957
          963        0     1047     1034        0      927     1023        0
         1023      947        0     1035     1024        0      918      996
            0     1020      943        0      987      993        0      952
          905        0     1041     1013        0      852      991        0
         1020      899        0     1033     1035        0      951      957
            0     1029     1014        0      954     1026        0     1041
          969        0      990     1020        0      957     1008        0
         1017      975        0      975     1002        0      999      960
            0      999     1023        0      911     1004        0     1002
          926        0      948      978        0      952      796        0
          910     1006        0      832      766        0      954      909
            0      766      857        0      979      870        0      766
          851        0      993      875        0      787      927        0
         1014      812        0      832      983        0      989      834
            0      910      978        0     1000      884        0      969
         1002        0      875      985        0      999     1009        0

Atom Distribution No.   107 at run step   37475:

  Count of atoms assigned to each task:
            0      936        0      990     1006        0      925     1005
            0      987      921        0     1021     1050        0      938
          960        0     1050     1004        0      932     1044        0
         1002      959        0     1005     1012        0      936     1002
            0     1044      925        0     1026     1005        0      957
          884        0     1038     1004        0      897     1006        0
         1005      908        0     1029     1032        0      914      928
            0     1032     1020        0      944     1032        0     1035
          939        0     1005     1017        0      993     1020        0
         1029      990        0      954     1002        0      981      975
            0      987     1002        0      928      990        0     1002
          925        0      906      981        0      924      840        0
          924     1006        0      830      770        0      927      945
            0      773      832        0      976      857        0      783
          887        0      974      875        0      797      905        0
         1017      854        0      842      990        0      960      816
            0      923     1011        0      967      885        0      992
         1014        0      850      984        0     1011      989        0

Atom Distribution No.   108 at run step   37839:

  Count of atoms assigned to each task:
            0      965        0      996     1006        0      914     1017
            0      978      945        0     1018     1053        0      929
          975        0      990     1016        0      952     1026        0
         1020      954        0      996     1033        0      951     1011
            0     1023      921        0     1001      984        0      957
          898        0     1014     1013        0      882     1030        0
          999      912        0      990     1020        0      970      923
            0     1029     1023        0      921     1044        0     1044
          957        0     1002     1017        0      981     1008        0
         1029      975        0      987      987        0      996      972
            0      999     1011        0      928      979        0      987
          897        0      917     1002        0      939      818        0
          945     1000        0      828      766        0      915      927
            0      775      829        0      991      900        0      771
          895        0      981      882        0      808      929        0
          980      818        0      844      989        0      996      826
            0      909      960        0      992      854        0     1006
         1020        0      864      992        0      996      987        0

Atom Distribution No.   109 at run step   38200:

  Count of atoms assigned to each task:
            0      962        0     1023      996        0      943     1017
            0     1032      916        0     1014     1023        0      937
          967        0      990     1028        0      934     1047        0
         1035      969        0     1011      989        0      949     1017
            0     1017      909        0     1008     1002        0      960
          887        0     1014     1007        0      884     1026        0
          996      922        0     1002     1020        0      949      953
            0     1032      985        0      953     1017        0     1035
          942        0     1023     1008        0      981     1017        0
         1032      990        0      951     1011        0     1011      950
            0      990      990        0      924     1021        0     1002
          895        0      945      999        0      958      811        0
          960      974        0      830      780        0      926      909
            0      777      842        0      972      839        0      785
          874        0     1006      855        0      771      902        0
         1007      833        0      841      988        0      960      826
            0      912     1002        0      994      868        0      969
         1002        0      879      995        0      999     1001        0

Atom Distribution No.   110 at run step   38558:

  Count of atoms assigned to each task:
            0      930        0     1005      997        0      926     1008
            0     1014      921        0     1012     1020        0      968
          966        0     1017     1013        0      931     1020        0
         1041      964        0     1011     1019        0      943     1035
            0     1029      911        0     1001     1023        0      927
          873        0      996     1010        0      881     1014        0
         1017      937        0      978     1017        0      957      955
            0     1041     1008        0      926     1029        0     1038
          948        0     1002     1038        0      984      996        0
          999      981        0      957      996        0     1002      951
            0      987     1002        0      957      985        0     1023
          941        0      940     1011        0      924      814        0
          972      937        0      835      762        0      958      902
            0      771      854        0      969      871        0      764
          882        0      990      858        0      765      936        0
          954      834        0      815      990        0     1014      838
            0      927     1044        0      991      870        0      960
         1017        0      873      992        0     1002      992        0

Atom Distribution No.   111 at run step   38920:

  Count of atoms assigned to each task:
            0      946        0     1002     1023        0      941     1026
            0     1017      885        0     1039     1011        0      966
          938        0     1023     1028        0      938     1017        0
         1026      910        0     1050     1025        0      933      987
            0      996      931        0     1033     1011        0      933
          867        0     1035     1000        0      891     1020        0
         1002      927        0      996     1038        0      943      927
            0     1026     1020        0      900     1032        0     1038
          957        0     1023     1005        0      987      993        0
         1050     1002        0      969     1002        0      999      939
            0     1002      981        0      947      984        0      999
          955        0      891     1011        0      932      837        0
          934      985        0      826      745        0      941      926
            0      775      789        0      960      935        0      780
          852        0     1001      887        0      778      952        0
         1001      856        0      797      984        0      972      831
            0      896     1032        0      975      857        0      978
         1014        0      875     1008        0     1008      994        0

Atom Distribution No.   112 at run step   39284:

  Count of atoms assigned to each task:
            0      974        0     1017      976        0      928      996
            0     1032      921        0     1005     1014        0      942
          951        0     1062     1011        0      939     1050        0
         1035      982        0     1023     1021        0      931     1002
            0     1005      942        0      988     1017        0      917
          894        0     1005     1028        0      870     1006        0
         1014      913        0      965     1032        0      945      932
            0     1044     1011        0      923     1032        0     1050
          972        0     1026     1014        0      963     1008        0
         1011      999        0      969      987        0     1017      972
            0      987     1002        0      908      990        0     1011
          925        0      912      990        0      947      808        0
          929      988        0      854      784        0      950      924
            0      784      823        0      993      884        0      798
          906        0      998      858        0      750      926        0
          987      826        0      839      962        0      978      815
            0      905     1032        0      977      914        0      972
          966        0      862      990        0      993      976        0

Atom Distribution No.   113 at run step   39634:

  Count of atoms assigned to each task:
            0      967        0     1026      985        0      917     1017
            0     1023      915        0     1011     1020        0      941
          981        0     1047     1027        0      970     1053        0
         1032      946        0     1035      994        0      924     1014
            0     1038      930        0      983      993        0      928
          941        0     1008     1001        0      870     1020        0
         1038      911        0     1003     1029        0      890      924
            0     1020     1017        0      938     1032        0     1044
          939        0     1008     1005        0      951     1014        0
         1029      999        0      966      996        0      993      975
            0      978     1026        0      943      984        0     1014
          921        0      908      999        0      944      811        0
          926     1004        0      822      781        0      988      950
            0      730      839        0     1008      863        0      798
          867        0      983      865        0      772      945        0
          985      834        0      830      984        0     1006      792
            0      935      984        0      988      861        0      981
          972        0      853      990        0      990      974        0

Atom Distribution No.   114 at run step   40001:

  Count of atoms assigned to each task:
            0      968        0     1029      985        0      936      984
            0     1035      926        0     1032     1014        0      921
          957        0     1026     1025        0      967     1032        0
         1038      946        0     1023     1016        0      935     1014
            0     1011      900        0      997     1044        0      949
          944        0     1032      958        0      904     1014        0
         1023      894        0     1009     1011        0      889      969
            0     1014      997        0      947     1008        0     1038
          960        0     1017     1032        0      954     1011        0
         1014      996        0      954     1026        0     1014      993
            0     1011     1008        0      923      966        0     1008
          926        0      904      999        0      942      800        0
          948      960        0      819      787        0     1009      884
            0      780      848        0      990      858        0      754
          906        0      993      849        0      769      927        0
          988      854        0      850      971        0      958      820
            0      915      993        0      971      867        0      990
         1008        0      871      998        0      978      974        0

Atom Distribution No.   115 at run step   40363:

  Count of atoms assigned to each task:
            0      967        0     1017     1027        0      926      981
            0     1005      930        0     1041     1014        0      955
          951        0     1023     1011        0      959     1026        0
         1053      942        0     1032     1030        0      930     1017
            0     1005      909        0     1003     1029        0      944
          928        0     1032     1004        0      866     1018        0
          990      889        0     1006     1020        0      920      939
            0     1029     1032        0      918     1014        0     1035
          981        0      996     1041        0      984      987        0
          999      984        0      960     1029        0      972      927
            0      984      987        0      954      990        0     1020
          937        0      910      984        0      945      801        0
          972      965        0      842      756        0      995      954
            0      774      862        0      993      845        0      803
          858        0      995      843        0      790      926        0
          987      855        0      820      970        0      984      862
            0      900      999        0      944      862        0      981
         1014        0      859      996        0      987      974        0

Atom Distribution No.   116 at run step   40721:

  Count of atoms assigned to each task:
            0      980        0      993     1000        0      908     1005
            0      999      934        0     1023     1026        0      952
          971        0     1035     1025        0      935     1044        0
         1047      995        0     1026     1031        0      915      996
            0     1020      960        0      992     1029        0      920
          957        0     1020     1015        0      829     1002        0
          966      903        0     1000     1020        0      937      963
            0     1047     1004        0      951     1014        0     1041
          948        0     1023     1005        0      960      996        0
         1011      978        0      978     1008        0      987      981
            0     1002      978        0      931     1011        0     1002
          906        0      924      987        0      957      799        0
          934      993        0      820      776        0      973      928
            0      757      860        0      990      874        0      742
          915        0      992      854        0      813      908        0
          992      819        0      804      988        0      963      837
            0      916     1035        0      988      877        0      969
          984        0      845      993        0      993      972        0

Atom Distribution No.   117 at run step   41086:

  Count of atoms assigned to each task:
            0      973        0      972     1000        0      908     1008
            0     1023      930        0      996     1044        0      929
          981        0     1026     1028        0      941     1044        0
         1020      943        0     1044     1025        0      921     1023
            0     1014      940        0     1022     1023        0      936
          937        0     1008      964        0      861     1015        0
         1002      894        0      987     1002        0      914      933
            0     1014     1017        0      929      993        0     1044
          966        0      975     1038        0     1011     1020        0
         1023      972        0      969      981        0      990      957
            0      993      993        0      956     1002        0     1002
          941        0      894     1002        0      942      823        0
          985      953        0      842      762        0      987      923
            0      770      856        0      978      845        0      801
          901        0      975      872        0      796      925        0
          989      848        0      825      984        0      990      830
            0      929     1008        0      987      883        0      987
          993        0      861      993        0     1011      939        0

Atom Distribution No.   118 at run step   41441:

  Count of atoms assigned to each task:
            0      947        0     1017     1018        0      915     1002
            0     1002      900        0     1020     1035        0      965
          931        0     1014     1046        0      936     1053        0
         1038      946        0     1020     1043        0      942     1029
            0     1017      936        0     1035     1026        0      905
          943        0     1020      999        0      887     1020        0
         1014      888        0      976     1029        0      921      938
            0      993     1014        0      941      993        0     1065
          969        0     1002     1041        0      984      993        0
          999      996        0      951      996        0      981      960
            0      975      993        0      954      984        0      999
          949        0      918      993        0      952      842        0
          923      995        0      823      756        0      960      917
            0      811      775        0     1005      925        0      792
          903        0      997      852        0      745      921        0
          960      844        0      839      977        0      993      829
            0      924      996        0      966      884        0      987
          993        0      883      975        0      969      977        0

Atom Distribution No.   119 at run step   41792:

  Count of atoms assigned to each task:
            0      926        0     1002      994        0      926     1014
            0     1023      927        0     1002      993        0      947
          945        0     1023     1050        0      943     1026        0
         1023      904        0     1032     1017        0      942     1048
            0     1011      925        0     1020     1041        0      922
          945        0     1032      982        0      874     1008        0
         1005      910        0     1004     1020        0      935      941
            0     1035     1023        0      915     1008        0     1026
          957        0     1008     1005        0      972      981        0
         1020     1023        0      960     1020        0     1014      969
            0     1017     1005        0      967      973        0      966
          928        0      937     1005        0      937      829        0
          950     1010        0      795      781        0      991      900
            0      763      847        0     1002      858        0      813
          831        0      960      830        0      757      925        0
         1017      831        0      832      965        0     1011      812
            0      946     1005        0      999      862        0     1005
          990        0      876      993        0      999      968        0

Atom Distribution No.   120 at run step   42156:

  Count of atoms assigned to each task:
            0      961        0     1017     1009        0      906     1020
            0     1002      931        0     1030      999        0      950
          964        0     1014     1014        0      909     1056        0
         1020      948        0     1035     1020        0      951     1009
            0     1020      927        0      978     1038        0      958
          912        0     1038     1009        0      862     1002        0
         1023      922        0     1003     1005        0      943      927
            0     1017      996        0      942     1002        0     1017
          966        0     1023     1023        0      981      999        0
         1014     1008        0      948      999        0     1029      945
            0     1008      978        0      901      970        0     1005
          918        0      888     1002        0     1006      790        0
          929     1001        0      801      810        0      935      940
            0      753      826        0      965      919        0      784
          847        0      966      858        0      832      915        0
          993      854        0      818      963        0      987      839
            0      939     1008        0      999      863        0      987
         1005        0      880      978        0      999     1006        0

Atom Distribution No.   121 at run step   42519:

  Count of atoms assigned to each task:
            0      968        0     1005     1006        0      923     1026
            0      975      926        0     1029     1017        0      950
          960        0     1002     1016        0      950     1011        0
         1020      935        0     1026     1047        0      940     1016
            0     1005      909        0      971     1017        0      969
          920        0     1038      993        0      865      996        0
         1008      915        0     1000     1017        0      960      930
            0     1023     1029        0      926     1032        0     1065
          960        0      999     1017        0      990     1017        0
          999      972        0      951      984        0     1011      942
            0      996      975        0      952     1002        0     1026
          936        0      904      980        0      975      789        0
          907      997        0      850      767        0      938      950
            0      763      766        0      957      910        0      822
          829        0      973      927        0      763      903        0
          993      900        0      825      933        0      978      905
            0      836      996        0      999      887        0     1005
         1026        0      889      988        0     1002     1009        0

Atom Distribution No.   122 at run step   42882:

  Count of atoms assigned to each task:
            0      963        0     1002      999        0      931      996
            0     1023      931        0     1041     1014        0      945
          973        0     1026     1004        0      938     1020        0
         1014      929        0     1002     1044        0      957     1023
            0      963      927        0      962     1032        0      950
          894        0     1023     1019        0      879     1034        0
         1032      954        0      976     1017        0      926      937
            0     1011     1020        0      924     1011        0     1038
          981        0     1005     1023        0      975     1011        0
          969      996        0      927     1014        0     1008      957
            0     1023      993        0      898     1008        0      996
          958        0      942     1008        0      954      822        0
          904      974        0      853      781        0      944      941
            0      766      827        0      942      918        0      752
          859        0      978      845        0      808      915        0
         1002      845        0      841      963        0      972      864
            0      932      990        0      978      884        0      969
         1041        0      880      993        0      999      974        0

Atom Distribution No.   123 at run step   43242:

  Count of atoms assigned to each task:
            0      999        0     1005     1012        0      915     1011
            0     1002      903        0     1038      999        0      923
          962        0     1020     1040        0      929     1014        0
         1017      930        0     1014     1047        0      968     1023
            0     1029      905        0      947     1008        0      950
          911        0     1029     1032        0      868      995        0
          999      951        0     1036     1032        0      972      925
            0     1011     1020        0      929     1026        0     1023
          969        0     1017      999        0      975     1014        0
          993     1020        0      948      981        0      999      921
            0     1017     1029        0      938     1032        0      996
          934        0      912      990        0      925      788        0
          922      989        0      803      783        0      985      943
            0      776      829        0      966      870        0      787
          915        0      994      853        0      760      917        0
          975      830        0      806      993        0      999      833
            0      924     1008        0      969      856        0     1017
         1008        0      878      983        0      999      970        0

Atom Distribution No.   124 at run step   43602:

  Count of atoms assigned to each task:
            0      964        0     1029     1009        0      916      987
            0     1005      921        0     1044     1029        0      948
          962        0     1038     1004        0      960     1044        0
         1014      904        0     1008     1011        0      959     1017
            0     1002      914        0      965     1017        0     1002
          919        0     1023     1014        0      863     1001        0
         1047      924        0     1027     1026        0      961      921
            0     1005     1041        0      911     1026        0     1020
          957        0     1026      993        0      987      996        0
         1017     1002        0      945     1005        0      972      945
            0     1014     1008        0      934     1009        0     1005
          930        0      947     1008        0      953      808        0
          930      982        0      823      781        0      957      939
            0      761      860        0      993      855        0      787
          897        0      981      839        0      768      920        0
          980      845        0      818     1020        0      973      815
            0      905     1017        0      954      885        0     1002
         1005        0      849      970        0      981      951        0

Atom Distribution No.   125 at run step   43968:

  Count of atoms assigned to each task:
            0      967        0     1020     1010        0      934     1014
            0     1011      921        0     1035     1035        0      922
          943        0     1032     1017        0      949     1026        0
         1023      949        0     1020     1041        0      928     1017
            0     1017      919        0      995     1011        0      960
          914        0     1029     1036        0      927     1005        0
         1008      884        0      991     1044        0      929      963
            0     1008     1009        0      977     1008        0     1014
          954        0     1029      993        0      990      996        0
          993      966        0      951     1011        0      993      957
            0      978      987        0      930     1009        0      999
          938        0      955     1008        0      925      795        0
          990      933        0      841      789        0     1001      886
            0      769      852        0      972      867        0      737
          925        0      973      872        0      749      949        0
          998      825        0      859      987        0      978      802
            0      964      990        0      955      873        0     1017
          993        0      855      954        0      975      957        0

Atom Distribution No.   126 at run step   44329:

  Count of atoms assigned to each task:
            0      940        0     1020      967        0      942      990
            0     1017      908        0     1059     1032        0      927
          966        0     1020      986        0      942     1047        0
         1023      919        0      984     1044        0      936      996
            0     1005      950        0      976     1035        0      955
          911        0     1023      994        0      889     1017        0
         1008      931        0      988     1023        0      940      975
            0     1014     1008        0      958     1011        0     1032
          936        0     1005     1020        0      996     1017        0
         1020      978        0      933      981        0     1014      991
            0     1020      999        0      932      995        0     1011
          927        0      937      990        0      941      806        0
          924      959        0      800      791        0      986      891
            0      759      863        0     1002      894        0      787
          926        0      990      838        0      765      934        0
          928      842        0      831     1032        0     1008      823
            0      919      993        0      964      885        0     1002
          996        0      859      992        0      999      967        0

Atom Distribution No.   127 at run step   44687:

  Count of atoms assigned to each task:
            0      928        0     1023     1003        0      943      993
            0     1011      925        0     1038     1017        0      917
          967        0     1035     1005        0      935     1023        0
         1035      934        0      999     1029        0      923     1014
            0     1038      927        0      972     1014        0      951
          893        0     1029     1009        0      876      993        0
         1044      916        0     1016     1029        0      940      977
            0     1002     1023        0      961     1008        0     1053
          957        0     1026      996        0      957      993        0
         1002      990        0      966     1005        0     1005      924
            0     1026      984        0      938     1006        0     1023
          935        0      935      993        0      953      781        0
          908      992        0      793      784        0      951      961
            0      816      817        0     1005      858        0      755
          897        0      972      849        0      795      940        0
          982      827        0      823     1011        0     1002      838
            0      906      987        0      982      864        0     1014
         1008        0      852     1002        0      978      974        0

Atom Distribution No.   128 at run step   45043:

  Count of atoms assigned to each task:
            0      940        0     1005     1000        0      932     1008
            0     1023      935        0     1041     1020        0      941
          949        0     1041      997        0      935     1053        0
         1026      919        0     1011     1053        0      931     1002
            0      984      911        0      979     1023        0      946
          925        0     1059     1033        0      894     1008        0
         1008      895        0     1020     1032        0      914      978
            0     1029     1012        0      943     1026        0     1044
          948        0      996     1014        0      975     1008        0
          993      969        0      996     1005        0      996      987
            0      990      999        0      936      999        0     1002
          884        0      900      990        0      959      772        0
          912      992        0      799      814        0      939      922
            0      773      831        0      999      890        0      770
          912        0      997      871        0      770      929        0
          964      840        0      839      963        0      990      817
            0      909     1002        0      965      885        0     1014
         1011        0      868     1005        0     1005      966        0

Atom Distribution No.   129 at run step   45399:

  Count of atoms assigned to each task:
            0      931        0     1044      985        0      928     1023
            0     1014      942        0     1039     1032        0      902
         1003        0     1035     1013        0      963     1014        0
         1041      905        0     1002     1029        0      932      999
            0     1023      903        0     1020     1023        0      980
          922        0     1011     1009        0      879     1026        0
          993      924        0     1041     1017        0      951      990
            0     1032      995        0      993     1011        0     1059
          939        0      960     1023        0      966     1017        0
         1011      975        0      999     1014        0      960      975
            0     1002      990        0      913      981        0     1032
          904        0      887      996        0      910      791        0
          935      987        0      806      774        0      925      927
            0      803      841        0      978      848        0      778
          907        0      990      854        0      804      945        0
          984      849        0      831     1014        0      988      789
            0      939      984        0      986      827        0      978
          978        0      878      997        0      978      981        0

Atom Distribution No.   130 at run step   45752:

  Count of atoms assigned to each task:
            0      938        0     1023      997        0      924      999
            0     1047      907        0     1039     1029        0      950
          967        0     1044     1004        0      942     1020        0
         1014      925        0     1005     1032        0      916     1004
            0     1014      925        0      999     1059        0      963
          862        0     1026     1027        0      895      976        0
         1014      920        0     1029     1056        0      941      993
            0     1011      991        0      992      999        0     1050
          972        0      999     1014        0      954     1008        0
          996      954        0      987      999        0     1011      936
            0      993     1014        0      943      990        0     1026
          911        0      915      987        0      928      800        0
          960      967        0      822      796        0      967      932
            0      780      846        0      948      851        0      756
          893        0      987      847        0      787      923        0
          997      835        0      812      977        0      959      862
            0      919     1020        0      953      885        0      999
         1014        0      889     1000        0      969      949        0

Atom Distribution No.   131 at run step   46119:

  Count of atoms assigned to each task:
            0      986        0     1017     1009        0      928     1008
            0     1008      947        0     1035     1020        0      929
          981        0     1029     1032        0      943     1026        0
         1047      973        0     1014     1034        0      908     1014
            0     1029      917        0     1005     1005        0      947
          916        0     1008     1034        0      873      996        0
         1023      902        0     1023     1035        0      928     1035
            0     1005      970        0      978     1029        0     1062
          963        0      996     1020        0      951      975        0
         1014      984        0      984      993        0     1002      963
            0      996      990        0      933      969        0      975
          932        0      906      999        0      924      833        0
          972      956        0      829      767        0      973      903
            0      751      838        0      990      846        0      776
          919        0      991      838        0      782      957        0
          955      843        0      845      972        0      979      796
            0      916     1008        0      960      865        0      981
         1002        0      878      976        0      990      942        0

Atom Distribution No.   132 at run step   46480:

  Count of atoms assigned to each task:
            0      970        0     1008     1006        0      922     1008
            0     1026      928        0     1062     1038        0      923
         1018        0     1047      939        0      960     1020        0
         1023      957        0     1023     1032        0      926     1035
            0     1020      898        0     1017     1032        0      943
          966        0     1035      971        0      928      996        0
          993      871        0     1011     1050        0      923     1026
            0     1032      975        0      975     1026        0     1026
          963        0     1005     1011        0      972      990        0
         1002      963        0     1002     1002        0      987      975
            0     1014      990        0      930      972        0      999
          898        0      931      972        0      921      807        0
          971      957        0      777      824        0      981      858
            0      769      830        0      996      853        0      759
          941        0      953      848        0      763      991        0
          939      829        0      862      999        0      959      808
            0      945      972        0      953      879        0      964
         1002        0      859      986        0      981     1007        0

Atom Distribution No.   133 at run step   46842:

  Count of atoms assigned to each task:
            0      949        0     1029     1024        0      910     1020
            0     1017      923        0     1029     1044        0      944
          971        0     1041      987        0      938     1053        0
         1017      941        0     1005     1053        0      908     1005
            0     1008      910        0     1004     1023        0      973
          934        0     1029      975        0      873     1005        0
          993      928        0     1023     1044        0      949     1005
            0     1032     1002        0      981     1002        0     1032
          933        0      999     1017        0      954      987        0
          981      945        0      987     1011        0      999      963
            0      984     1008        0      924      994        0     1005
          932        0      893      993        0      908      814        0
          929      962        0      858      773        0      988      900
            0      747      857        0      987      848        0      810
          932        0      992      849        0      784      930        0
          991      825        0      845     1008        0      964      854
            0      930      984        0      950      872        0      990
          975        0      887      963        0      984      974        0

Atom Distribution No.   134 at run step   47196:

  Count of atoms assigned to each task:
            0      902        0     1044     1018        0      939     1020
            0     1023      914        0     1033     1038        0      932
          966        0     1041     1008        0      928     1044        0
         1002      964        0     1014     1035        0      916      996
            0     1005      920        0     1015     1005        0      964
          869        0     1032     1036        0      893     1041        0
         1017      891        0     1000     1038        0      921     1002
            0     1053     1013        0      978     1011        0     1044
          939        0     1005     1029        0      966     1002        0
          984      972        0      984      990        0      993      945
            0     1005      963        0      930      990        0      996
          972        0      897     1011        0      939      801        0
          927      992        0      808      785        0      943      896
            0      788      823        0      963      888        0      762
          908        0      992      837        0      826      926        0
          993      835        0      837      993        0      975      836
            0      915     1008        0      970      880        0      996
          987        0      847      986        0      975      971        0

Atom Distribution No.   135 at run step   47551:

  Count of atoms assigned to each task:
            0      939        0     1032     1021        0      949      999
            0      993      908        0     1024     1053        0      921
          959        0     1059     1002        0      938     1035        0
         1041      964        0     1017     1032        0      914      987
            0     1020      923        0     1000     1026        0      917
          870        0     1038     1040        0      860     1009        0
         1035      906        0     1018     1029        0      940      972
            0     1044      980        0      978     1029        0     1020
          972        0      999     1002        0      957      993        0
         1005      969        0      987     1011        0     1005      915
            0     1020      996        0      916      990        0     1005
          919        0      916      999        0      928      817        0
          947     1019        0      820      769        0      941      913
            0      769      840        0      987      863        0      758
          900        0      982      868        0      793      906        0
          999      854        0      792      968        0      993      849
            0      926     1017        0      985      883        0     1007
         1008        0      839     1012        0      963      974        0

Atom Distribution No.   136 at run step   47909:

  Count of atoms assigned to each task:
            0      936        0     1032      958        0      967     1026
            0      987      907        0     1015     1020        0      958
          965        0     1059     1005        0      946     1020        0
         1047      954        0     1038     1011        0      935     1005
            0     1002      906        0      998     1032        0      925
          886        0     1005     1019        0      864      996        0
         1011      901        0     1030     1029        0      946      975
            0     1035     1014        0      987     1035        0     1008
          951        0     1002     1011        0      957      999        0
         1005      990        0      945      993        0     1008      954
            0     1017     1005        0      932     1003        0     1017
          953        0      918      996        0      890      802        0
          916     1025        0      823      794        0      972      894
            0      770      810        0      963      910        0      748
          896        0      994      849        0      778      928        0
          984      850        0      824     1014        0     1002      830
            0      920      999        0      992      843        0      985
         1032        0      884      982        0      978      974        0

Atom Distribution No.   137 at run step   48270:

  Count of atoms assigned to each task:
            0      952        0     1002      985        0      940     1047
            0      990      924        0     1012      999        0      951
          965        0     1038     1047        0      932     1032        0
         1032      965        0     1020     1029        0      941      978
            0     1005      937        0     1000     1017        0      945
          885        0     1041     1019        0      827      994        0
         1029      932        0     1009     1026        0      942      952
            0     1026      996        0      929     1041        0     1044
          954        0     1002      996        0      978     1014        0
         1008      978        0      942     1002        0      996      936
            0     1017      969        0      970      987        0     1023
          944        0      900      996        0      939      822        0
          934     1013        0      802      787        0      959      886
            0      792      827        0      996      890        0      756
          899        0      966      848        0      787      910        0
          992      853        0      826      984        0      999      841
            0      924      990        0      990      847        0     1022
          990        0      902      974        0     1002      968        0

Atom Distribution No.   138 at run step   48627:

  Count of atoms assigned to each task:
            0      970        0     1005     1021        0      920     1032
            0     1008      929        0     1021      990        0      951
          957        0     1029     1020        0      957     1011        0
         1050      950        0     1020     1023        0      951      984
            0     1029      932        0      984     1011        0      929
          901        0     1038     1006        0      896      990        0
         1029      920        0     1009     1014        0      931      950
            0     1044     1002        0      952     1020        0     1014
          948        0     1002     1029        0      981     1011        0
          990      984        0      939      978        0     1023      933
            0     1005      987        0      952      987        0     1032
          956        0      900     1017        0      941      832        0
          918      998        0      835      763        0      937      909
            0      794      842        0      975      866        0      763
          915        0      981      836        0      769      900        0
          981      840        0      821     1005        0      972      838
            0      934      999        0      979      881        0     1013
         1005        0      853      997        0     1008      952        0

Atom Distribution No.   139 at run step   48988:

  Count of atoms assigned to each task:
            0      937        0     1017      973        0      942      999
            0     1023      944        0     1036     1005        0      936
          972        0     1050     1020        0      940     1014        0
         1050      984        0      987     1053        0      933      996
            0     1020      930        0      995     1002        0      953
          889        0     1029      997        0      907     1020        0
         1020      913        0     1012     1005        0      929      965
            0      993      972        0      964     1035        0     1041
          975        0      975     1005        0      978      972        0
         1014      978        0      936      993        0     1008      939
            0     1023     1029        0      956      996        0      990
          964        0      915     1017        0      926      818        0
          917      997        0      825      773        0     1002      917
            0      755      853        0      978      829        0      760
          899        0      977      876        0      776      925        0
          984      837        0      802      990        0      981      819
            0      932      999        0      980      872        0      995
          987        0      872      983        0     1032      973        0

Atom Distribution No.   140 at run step   49351:

  Count of atoms assigned to each task:
            0      927        0     1023     1024        0      919     1020
            0     1005      927        0     1021     1014        0      962
          945        0     1035     1023        0      924     1035        0
         1056      929        0     1032     1017        0      937      990
            0     1002      928        0      965     1038        0      956
          893        0     1026     1019        0      889     1008        0
         1017      964        0     1009     1008        0      946      965
            0     1023      987        0      935     1005        0     1047
          966        0      975      993        0      987      960        0
         1041      987        0      942     1008        0     1008      942
            0      999      987        0      973      987        0     1008
          984        0      893      966        0      939      804        0
          937     1013        0      829      745        0      987      926
            0      752      811        0      975      855        0      804
          916        0      968      880        0      780      924        0
          988      852        0      803      993        0      993      835
            0      935      996        0      972      900        0      995
          981        0      887      988        0      984      958        0

Atom Distribution No.   141 at run step   49706:

  Count of atoms assigned to each task:
            0      953        0     1035     1026        0      921     1011
            0     1008      913        0     1036     1044        0      957
          945        0     1041     1011        0      915     1017        0
         1029      933        0      993     1041        0      943     1002
            0     1029      937        0      983     1056        0      933
          916        0     1023     1019        0      883     1023        0
          999      906        0     1009      984        0      936      972
            0     1050     1051        0      958     1032        0     1029
          969        0      969     1011        0      966      996        0
          993      972        0      951      996        0     1011      984
            0     1017      999        0      933      984        0     1020
          931        0      897      972        0      933      798        0
          941     1007        0      785      793        0      961      909
            0      797      843        0     1011      896        0      753
          897        0      963      859        0      760      936        0
          981      852        0      814      981        0      969      803
            0      930      999        0      984      880        0      999
         1026        0      862      962        0      990      959        0

Major Routine Parallel Profiling - NonSetup CPU Seconds:

           D                                                              
           a                                                              
           t                                                              
           a                              D                               
           D         N                    i                               
           i         o                    h                               
           s         n             A      e      S      R      O         T
   T       t         B      B      n      d      h      u      t         o
   a       r         o      o      g      r      a      n      h         t
   s       i         n      n      l      a      k      M      e         a
   k       b         d      d      e      l      e      D      r         l
------------------------------------------------------------------------------
   0   168.5      18.9    0.0    0.0    0.0    0.9    4.0    0.1     192.3
   1    58.1     122.4    0.1    0.5    1.5    1.5    7.4    0.7     192.2
   2    96.4      90.5    0.0    0.0    0.0    0.9    4.2    0.3     192.3
   3    54.8     126.8    0.2    0.1    0.1    1.5    8.0    0.7     192.2
   4    54.0     127.6    0.2    0.2    0.3    1.4    7.9    0.7     192.2
   5    96.1      91.0    0.0    0.0    0.0    0.8    4.1    0.3     192.2
   6    57.4     121.2    0.2    0.8    2.7    1.4    7.8    0.7     192.2
   7    54.5     127.3    0.1    0.1    0.1    1.4    7.9    0.7     192.2
   8    96.3      90.3    0.0    0.0    0.0    0.8    4.5    0.4     192.2
   9    54.6     127.2    0.1    0.1    0.1    1.4    8.0    0.7     192.2
  10    58.0     120.6    0.2    0.8    2.9    1.4    7.8    0.6     192.2
  11    98.2      87.4    0.0    0.0    0.0    0.8    5.3    0.6     192.3
  12    56.5     124.8    0.2    0.2    0.4    1.4    8.1    0.6     192.2
  13    55.4     126.5    0.1    0.1    0.1    1.4    8.0    0.6     192.2
  14    97.0      89.2    0.0    0.0    0.0    0.8    4.7    0.5     192.3
  15    57.7     121.3    0.2    0.8    2.5    1.4    7.8    0.6     192.2
  16    57.9     121.9    0.2    0.6    1.9    1.4    7.6    0.7     192.2
  17    97.3      89.3    0.0    0.0    0.0    0.8    4.4    0.5     192.2
  18    54.5     127.3    0.1    0.1    0.1    1.4    7.9    0.7     192.2
  19    55.0     126.4    0.2    0.2    0.4    1.4    8.0    0.7     192.2
  20    97.2      89.2    0.0    0.0    0.0    0.8    4.5    0.5     192.2
  21    59.2     120.3    0.2    0.7    2.2    1.3    7.8    0.6     192.2
  22    54.5     127.2    0.1    0.1    0.1    1.4    8.0    0.7     192.2
  23    96.3      90.3    0.0    0.0    0.0    0.8    4.4    0.5     192.2
  24    54.3     127.4    0.1    0.1    0.1    1.4    8.0    0.7     192.2
  25    58.6     122.2    0.2    0.4    1.0    1.3    7.9    0.6     192.3
  26    97.3      89.0    0.0    0.0    0.0    0.8    4.7    0.5     192.3
  27    55.4     126.5    0.1    0.1    0.1    1.4    7.9    0.7     192.2
  28    54.3     127.4    0.1    0.2    0.2    1.4    7.9    0.6     192.2
  29    97.4      89.3    0.0    0.0    0.0    0.7    4.4    0.4     192.3
  30    57.7     122.5    0.2    0.6    1.6    1.4    7.8    0.5     192.2
  31    57.8     124.0    0.1    0.1    0.2    1.4    8.0    0.7     192.2
  32    96.9      89.4    0.0    0.0    0.0    0.8    4.6    0.5     192.2
  33    55.5     126.2    0.2    0.2    0.2    1.4    8.0    0.7     192.3
  34    57.1     121.3    0.2    1.1    2.9    1.3    7.6    0.6     192.2
  35    96.4      90.3    0.0    0.0    0.0    0.7    4.3    0.4     192.3
  36    56.3     125.1    0.2    0.2    0.4    1.4    8.0    0.6     192.2
  37    55.4     126.3    0.1    0.1    0.1    1.4    8.0    0.6     192.2
  38    96.7      89.6    0.0    0.0    0.0    0.8    4.7    0.6     192.3
  39    57.8     121.0    0.2    0.8    2.6    1.4    7.7    0.6     192.2
  40    60.5     119.3    0.2    0.7    2.1    1.3    7.7    0.5     192.2
  41    97.2      89.2    0.0    0.0    0.0    0.8    4.6    0.5     192.3
  42    54.8     127.0    0.1    0.1    0.1    1.4    8.1    0.6     192.2
  43    56.0     124.5    0.2    0.4    1.1    1.4    7.9    0.7     192.2
  44    96.6      89.9    0.0    0.0    0.0    0.8    4.6    0.5     192.3
  45    59.7     117.9    0.2    1.1    4.0    1.3    7.5    0.6     192.3
  46    55.5     125.9    0.2    0.2    0.3    1.3    8.1    0.6     192.2
  47    96.4      90.1    0.0    0.0    0.0    0.8    4.5    0.5     192.3
  48    55.6     126.0    0.1    0.1    0.2    1.3    8.1    0.6     192.2
  49    59.2     120.2    0.2    0.7    2.4    1.3    7.6    0.6     192.2
  50    97.5      88.7    0.0    0.0    0.0    0.8    4.8    0.6     192.2
  51    55.1     126.5    0.2    0.2    0.4    1.4    7.9    0.6     192.3
  52    55.9     125.9    0.1    0.1    0.1    1.4    8.0    0.6     192.2
  53    96.8      89.9    0.0    0.0    0.0    0.7    4.4    0.4     192.3
  54    58.8     121.1    0.2    0.6    1.8    1.3    7.8    0.6     192.2
  55    59.2     122.1    0.2    0.3    0.9    1.4    7.6    0.5     192.2
  56    97.1      89.2    0.0    0.0    0.0    0.8    4.6    0.5     192.2
  57    55.3     126.6    0.1    0.1    0.1    1.4    8.0    0.6     192.3
  58    56.2     125.1    0.2    0.2    0.5    1.4    8.1    0.6     192.2
  59    96.3      90.2    0.0    0.0    0.0    0.7    4.5    0.5     192.3
  60    59.6     121.3    0.2    0.4    1.1    1.3    7.7    0.5     192.1
  61    55.1     126.7    0.1    0.1    0.1    1.4    8.1    0.6     192.2
  62    96.8      89.6    0.0    0.0    0.0    0.8    4.6    0.5     192.2
  63    55.7     126.2    0.1    0.1    0.1    1.4    8.0    0.6     192.2
  64    58.8     123.1    0.2    0.2    0.2    1.3    7.8    0.5     192.0
  65    97.1      89.4    0.0    0.0    0.0    0.8    4.5    0.5     192.3
  66    57.1     124.7    0.1    0.1    0.1    1.4    8.0    0.6     192.2
  67    55.6     126.2    0.1    0.1    0.1    1.4    8.0    0.6     192.3
  68    96.5      90.0    0.0    0.0    0.0    0.8    4.5    0.5     192.2
  69    57.8     124.3    0.2    0.1    0.1    1.3    7.9    0.5     192.2
  70    56.9     125.0    0.1    0.1    0.1    1.3    8.1    0.5     192.2
  71    95.5      91.1    0.0    0.0    0.0    0.7    4.5    0.5     192.3
  72    57.4     124.5    0.1    0.1    0.1    1.3    8.2    0.6     192.2
  73    57.4     125.4    0.1    0.1    0.1    1.4    7.1    0.5     192.2
  74    98.2      88.6    0.0    0.0    0.0    0.6    4.2    0.7     192.3
  75    61.3     121.7    0.1    0.1    0.1    1.4    7.0    0.6     192.2
  76    55.8     126.3    0.1    0.1    0.1    1.3    7.9    0.7     192.3
  77    99.0      88.6    0.0    0.0    0.0    0.7    3.5    0.4     192.2
  78    56.2     125.9    0.1    0.1    0.1    1.2    7.9    0.6     192.1
  79    60.7     122.3    0.1    0.1    0.1    1.4    6.9    0.5     192.2
  80    98.5      87.7    0.0    0.0    0.0    0.6    4.8    0.6     192.3
  81    57.9     125.4    0.1    0.1    0.1    1.4    6.8    0.4     192.2
  82    57.5     125.1    0.1    0.1    0.1    1.2    7.8    0.4     192.2
  83   102.3      84.7    0.0    0.0    0.0    0.7    4.1    0.4     192.2
  84    58.4     123.6    0.1    0.3    0.8    1.2    7.5    0.3     192.3
  85    57.5     125.3    0.1    0.2    0.4    1.4    6.9    0.4     192.2
  86    97.9      89.3    0.0    0.0    0.0    0.6    4.0    0.5     192.3
  87    57.5     125.3    0.1    0.1    0.1    1.4    7.0    0.6     192.2
  88    58.7     121.6    0.2    0.6    1.8    1.3    7.7    0.4     192.3
  89    98.7      89.3    0.0    0.0    0.0    0.7    3.2    0.3     192.2
  90    58.4     120.4    0.2    1.0    3.2    1.2    7.5    0.4     192.3
  91    57.9     124.8    0.1    0.1    0.2    1.4    7.1    0.6     192.2
  92    98.8      88.5    0.0    0.0    0.0    0.6    4.0    0.5     192.3
  93    58.7     122.7    0.1    0.4    1.3    1.4    6.9    0.6     192.2
  94    61.5     114.5    0.2    1.5    5.8    1.2    7.1    0.5     192.3
  95    98.1      89.6    0.0    0.0    0.0    0.7    3.4    0.3     192.2
  96    57.0     122.3    0.2    0.7    2.2    1.3    8.1    0.6     192.3
  97    57.5     124.6    0.1    0.3    0.7    1.5    6.9    0.6     192.2
  98    97.7      89.2    0.0    0.0    0.0    0.6    4.2    0.6     192.3
  99    62.9     112.5    0.2    1.7    6.7    1.4    6.2    0.6     192.2
 100    60.6     111.9    0.2    2.3    8.5    1.2    7.0    0.6     192.3
 101    99.1      88.5    0.0    0.0    0.0    0.7    3.5    0.4     192.2
 102    57.7     122.9    0.1    0.5    1.4    1.2    7.8    0.6     192.3
 103    59.5     119.4    0.2    1.0    3.4    1.4    6.7    0.6     192.2
 104    97.6      89.4    0.0    0.0    0.0    0.6    4.2    0.5     192.3
 105    62.9     110.3    0.2    2.2    8.7    1.4    5.9    0.6     192.2
 106    59.4     115.5    0.2    1.7    6.6    1.2    7.2    0.5     192.3
 107    97.6      90.3    0.0    0.0    0.0    0.7    3.3    0.3     192.2
 108    57.0     124.9    0.1    0.2    0.4    1.3    7.8    0.5     192.3
 109    60.4     117.4    0.2    1.3    4.6    1.4    6.4    0.6     192.2
 110    97.1      90.0    0.0    0.0    0.0    0.6    4.1    0.6     192.3
 111    62.5     111.3    0.2    2.2    8.1    1.4    6.0    0.6     192.2
 112    57.6     119.7    0.2    1.1    4.1    1.2    7.6    0.6     192.2
 113    99.2      88.1    0.0    0.0    0.0    0.7    3.7    0.5     192.2
 114    56.8     124.7    0.1    0.3    0.6    1.3    7.9    0.6     192.3
 115    61.2     115.0    0.2    1.6    5.9    1.4    6.3    0.6     192.2
 116    97.5      89.7    0.0    0.0    0.0    0.6    4.0    0.5     192.3
 117    62.5     111.3    0.2    2.1    8.1    1.4    6.1    0.5     192.2
 118    58.1     121.0    0.2    0.8    2.7    1.2    7.6    0.6     192.3
 119    97.2      90.8    0.0    0.0    0.0    0.7    3.2    0.3     192.2
 120    56.9     124.1    0.1    0.4    1.0    1.3    7.9    0.6     192.3
 121    61.1     114.9    0.2    1.7    6.2    1.4    6.1    0.6     192.2
 122    96.9      90.0    0.0    0.0    0.0    0.6    4.1    0.6     192.3
 123    61.0     115.3    0.2    1.5    5.9    1.4    6.4    0.5     192.2
 124    56.5     125.2    0.1    0.2    0.6    1.2    7.8    0.5     192.3
 125    99.0      88.4    0.0    0.0    0.0    0.7    3.6    0.5     192.2
 126    56.0     125.8    0.1    0.2    0.5    1.2    7.8    0.6     192.3
 127    62.0     114.6    0.2    1.5    5.6    1.4    6.3    0.5     192.2
 128    97.2      89.7    0.0    0.0    0.0    0.6    4.3    0.5     192.3
 129    60.2     119.4    0.2    0.9    3.1    1.4    6.5    0.6     192.2
 130    56.4     126.0    0.1    0.1    0.1    1.3    7.8    0.6     192.3
 131    97.3      90.7    0.0    0.0    0.0    0.7    3.2    0.3     192.2
 132    55.9     125.9    0.1    0.2    0.5    1.2    7.8    0.5     192.3
 133    61.6     116.2    0.2    1.2    4.7    1.4    6.4    0.5     192.2
 134    96.6      91.0    0.0    0.0    0.0    0.6    3.7    0.4     192.3
 135    57.5     125.2    0.1    0.2    0.3    1.4    6.9    0.5     192.2
 136    57.6     124.4    0.1    0.1    0.1    1.3    8.0    0.5     192.1
 137    97.8      90.4    0.0    0.0    0.0    0.7    3.1    0.2     192.2
 138    61.2     118.2    0.1    0.9    3.1    1.2    7.2    0.4     192.2
 139    58.0     124.0    0.2    0.4    0.9    1.5    6.8    0.6     192.2
 140    97.1      90.5    0.0    0.0    0.0    0.6    3.7    0.3     192.2
 141    57.9     125.1    0.1    0.1    0.1    1.4    7.0    0.5     192.2
 142    56.2     125.4    0.1    0.3    0.8    1.3    7.7    0.4     192.2
 143    98.2      89.4    0.0    0.0    0.0    0.7    3.5    0.4     192.2
------------------------------------------------------------------------------
 avg    71.7     110.9    0.1    0.4    1.1    1.1    6.4    0.5     192.2
         0.0
 min    54.0      18.9    0.0    0.0    0.0    0.6    3.1    0.1     192.0
         0.0
 max   168.5     127.6    0.2    2.3    8.7    1.5    8.2    0.7     192.3
         0.0
 std    20.5      17.8    0.1    0.5    2.0    0.3    1.7    0.1       0.0
         0.0
------------------------------------------------------------------------------

PME NonBond Parallel Profiling - NonSetup CPU Seconds:

                     D                           
           P         i         R                 
           a         r         e      L          
           i         e         c      o          
           r         c         i      a         T
   T       l         t         p      d         o
   a       i         F         F      B         t
   s       s         r         r      a         a
   k       t         c         c      l         l
-------------------------------------------------
   0    15.9       2.5       0.0    1.0      19.3
   1    32.0      88.8       0.0    1.0     121.8
   2    17.0       8.0      64.1    1.0      90.1
   3    32.6      92.3       0.0    1.0     125.9
   4    33.2      92.5       0.0    1.0     126.7
   5    16.6       7.9      64.9    1.0      90.4
   6    32.1      87.4       0.0    1.0     120.5
   7    33.0      92.4       0.0    1.1     126.4
   8    16.8       8.3      63.5    1.1      89.5
   9    32.9      92.3       0.0    1.0     126.2
  10    31.8      87.0       0.0    1.1     119.9
  11    15.5       8.2      61.9    1.0      86.5
  12    30.7      92.3       0.0    0.9     124.0
  13    32.6      92.0       0.0    1.1     125.7
  14    16.9       8.1      62.3    1.1      88.3
  15    31.7      87.8       0.0    1.1     120.6
  16    32.0      88.0       0.0    1.1     121.1
  17    16.6       7.8      63.1    1.0      88.5
  18    32.8      92.6       0.0    1.0     126.4
  19    32.5      92.0       0.0    1.0     125.5
  20    16.9       8.0      62.5    1.0      88.4
  21    31.4      87.1       0.0    1.0     119.6
  22    32.7      92.7       0.0    1.0     126.4
  23    16.3       8.2      64.1    1.0      89.5
  24    33.0      92.6       0.0    1.0     126.6
  25    31.8      88.6       0.0    1.0     121.5
  26    14.5       7.9      64.8    0.9      88.1
  27    32.3      92.4       0.0    1.0     125.7
  28    32.9      92.6       0.0    1.1     126.6
  29    15.2       8.1      64.4    0.9      88.6
  30    32.4      88.4       0.0    1.0     121.9
  31    30.9      91.4       0.0    0.9     123.2
  32    16.5       8.2      62.8    1.0      88.6
  33    32.4      91.8       0.0    1.1     125.3
  34    31.9      87.7       0.0    1.1     120.7
  35    16.7       8.0      63.9    1.0      89.6
  36    32.4      90.9       0.0    1.1     124.4
  37    32.4      92.0       0.0    1.0     125.5
  38    16.7       8.4      62.5    1.1      88.6
  39    31.4      87.8       0.0    1.1     120.3
  40    31.5      86.2       0.0    1.0     118.7
  41    16.8       8.1      62.5    1.0      88.3
  42    32.6      92.5       0.0    1.1     126.2
  43    32.4      90.2       0.0    1.0     123.7
  44    16.6       8.3      63.0    1.1      89.0
  45    31.0      85.3       0.0    1.0     117.3
  46    32.5      91.6       0.0    1.1     125.2
  47    16.7       8.2      63.5    1.0      89.3
  48    32.4      91.8       0.0    1.0     125.3
  49    31.6      87.0       0.0    1.0     119.5
  50    16.0       8.3      62.5    1.0      87.8
  51    33.0      91.7       0.0    1.0     125.7
  52    32.2      91.9       0.0    1.1     125.2
  53    16.9       8.1      63.2    1.0      89.1
  54    31.5      87.9       0.0    1.1     120.4
  55    32.2      88.2       0.0    1.0     121.5
  56    16.8       8.2      62.3    1.0      88.3
  57    32.6      92.2       0.0    1.0     125.8
  58    32.3      91.0       0.0    1.1     124.4
  59    16.5       8.3      63.7    1.0      89.5
  60    32.0      87.6       0.0    1.0     120.7
  61    32.8      92.1       0.0    1.0     126.0
  62    16.7       8.3      62.6    1.1      88.7
  63    32.5      91.9       0.0    1.0     125.5
  64    32.1      89.3       0.0    1.1     122.5
  65    16.8       8.1      62.7    1.0      88.5
  66    31.8      91.2       0.0    1.0     124.0
  67    32.7      91.7       0.0    1.0     125.4
  68    16.6       8.3      63.2    1.1      89.1
  69    32.3      90.3       0.0    1.1     123.7
  70    32.3      90.9       0.0    1.2     124.3
  71    15.5       8.0      65.7    1.1      90.3
  72    30.7      91.7       0.0    1.0     123.4
  73    32.4      91.2       0.0    1.2     124.8
  74    17.3       7.9      60.8    1.1      87.2
  75    30.8      89.3       0.0    1.0     121.1
  76    32.7      91.3       0.0    1.0     125.0
  77    16.1       7.3      63.5    1.1      88.0
  78    32.7      91.0       0.0    1.0     124.7
  79    31.9      88.9       0.0    1.0     121.8
  80    17.2       8.1      60.0    1.0      86.3
  81    32.3      91.6       0.0    1.0     125.0
  82    32.4      90.8       0.0    1.0     124.2
  83    16.6       7.5      59.1    1.0      84.2
  84    32.4      89.4       0.0    1.0     122.7
  85    32.3      91.5       0.0    1.0     124.8
  86    16.9       8.0      62.2    1.0      88.1
  87    32.4      91.3       0.0    1.1     124.7
  88    31.8      87.8       0.0    1.0     120.7
  89    16.6       7.1      64.0    1.0      88.8
  90    31.5      86.8       0.0    1.0     119.4
  91    32.1      91.1       0.0    1.0     124.2
  92    17.0       7.6      61.6    1.0      87.2
  93    31.8      89.2       0.0    1.1     122.1
  94    30.3      82.2       0.0    1.1     113.6
  95    16.5       7.4      64.2    1.0      89.1
  96    31.7      88.6       0.0    1.0     121.2
  97    32.0      90.9       0.0    1.1     124.0
  98    16.8       8.2      61.7    1.0      87.8
  99    28.4      82.7       0.0    0.9     112.0
 100    29.7      80.1       0.0    1.1     110.9
 101    16.7       7.2      63.0    1.0      87.9
 102    32.0      88.8       0.0    1.0     121.8
 103    31.1      86.7       0.0    1.0     118.8
 104    17.1       8.0      61.9    1.1      88.0
 105    29.3      79.4       0.0    1.1     109.8
 106    30.5      82.9       0.0    1.0     114.4
 107    16.7       7.3      64.8    1.0      89.9
 108    32.3      90.6       0.0    1.0     123.8
 109    30.6      85.2       0.0    1.0     116.8
 110    17.1       8.4      62.1    1.0      88.6
 111    29.3      80.5       0.0    1.0     110.8
 112    31.2      86.3       0.0    1.0     118.6
 113    16.3       7.4      62.7    1.0      87.4
 114    31.8      90.7       0.0    0.9     123.5
 115    29.9      83.5       0.0    1.0     114.4
 116    16.6       8.3      62.5    1.0      88.4
 117    29.5      80.3       0.0    1.0     110.8
 118    31.2      87.5       0.0    1.1     119.9
 119    15.1       7.3      67.0    0.9      90.4
 120    32.0      90.0       0.0    1.0     123.0
 121    30.1      83.2       0.0    1.0     114.4
 122    16.7       8.3      62.5    1.1      88.6
 123    30.4      83.3       0.0    1.1     114.8
 124    32.2      91.0       0.0    1.0     124.2
 125    16.5       7.4      62.8    1.0      87.7
 126    32.4      91.2       0.0    1.0     124.7
 127    30.2      82.9       0.0    1.0     114.1
 128    16.7       8.3      62.3    1.1      88.3
 129    30.4      87.5       0.0    1.0     118.9
 130    32.4      91.4       0.0    1.0     124.8
 131    16.3       7.6      65.4    1.0      90.3
 132    32.4      91.4       0.0    1.0     124.8
 133    30.7      84.1       0.0    1.0     115.8
 134    16.8       8.4      63.5    1.1      89.8
 135    32.2      91.4       0.0    1.0     124.6
 136    30.8      91.7       0.0    0.9     123.4
 137    16.5       7.7      64.8    1.0      89.9
 138    31.2      85.1       0.0    1.0     117.2
 139    31.9      90.5       0.0    1.0     123.4
 140    16.7       8.1      63.5    1.0      89.3
 141    32.2      91.3       0.0    1.0     124.5
 142    32.4      91.0       0.0    1.0     124.5
 143    16.5       7.4      63.9    1.0      88.8
-------------------------------------------------
 avg    26.6      61.4      21.0    1.0     110.1
-------------------------------------------------
