timestamp, power.draw [W], utilization.gpu [%]
2026/03/18 12:22:30.844, 231.08 W, 1 %
2026/03/18 12:22:30.945, 217.22 W, 1 %
2026/03/18 12:22:31.045, 202.82 W, 0 %
2026/03/18 12:22:31.146, 186.99 W, 0 %
2026/03/18 12:22:31.246, 173.83 W, 2 %
2026/03/18 12:22:31.346, 159.82 W, 2 %
2026/03/18 12:22:31.446, 145.24 W, 95 %
2026/03/18 12:22:31.546, 131.07 W, 95 %
2026/03/18 12:22:31.646, 114.18 W, 95 %
2026/03/18 12:22:31.746, 108.96 W, 95 %
2026/03/18 12:22:31.847, 109.03 W, 95 %
2026/03/18 12:22:31.947, 109.20 W, 95 %
2026/03/18 12:22:32.047, 109.36 W, 95 %
2026/03/18 12:22:32.147, 109.53 W, 95 %
2026/03/18 12:22:32.247, 109.83 W, 95 %
2026/03/18 12:22:32.347, 109.88 W, 95 %
2026/03/18 12:22:32.447, 109.83 W, 95 %
2026/03/18 12:22:32.548, 109.78 W, 95 %
2026/03/18 12:22:32.648, 109.74 W, 91 %
2026/03/18 12:22:32.748, 109.71 W, 91 %
2026/03/18 12:22:32.848, 109.69 W, 95 %
2026/03/18 12:22:32.948, 109.66 W, 95 %
2026/03/18 12:22:33.048, 109.63 W, 95 %
2026/03/18 12:22:33.148, 109.60 W, 95 %
2026/03/18 12:22:33.249, 109.59 W, 95 %
2026/03/18 12:22:33.349, 109.58 W, 95 %
2026/03/18 12:22:33.449, 109.60 W, 95 %
2026/03/18 12:22:33.549, 109.59 W, 95 %
2026/03/18 12:22:33.649, 109.57 W, 95 %
2026/03/18 12:22:33.749, 109.54 W, 95 %
2026/03/18 12:22:33.849, 109.53 W, 95 %
2026/03/18 12:22:33.950, 109.51 W, 95 %
2026/03/18 12:22:34.050, 109.50 W, 95 %
2026/03/18 12:22:34.150, 109.50 W, 95 %
2026/03/18 12:22:34.250, 109.49 W, 95 %
2026/03/18 12:22:34.350, 109.45 W, 95 %
2026/03/18 12:22:34.450, 109.42 W, 95 %
2026/03/18 12:22:34.550, 109.40 W, 95 %
2026/03/18 12:22:34.651, 109.39 W, 95 %
2026/03/18 12:22:34.751, 109.39 W, 95 %
2026/03/18 12:22:34.851, 109.38 W, 95 %
2026/03/18 12:22:34.951, 109.37 W, 95 %
2026/03/18 12:22:35.051, 109.35 W, 95 %
2026/03/18 12:22:35.151, 109.35 W, 95 %
2026/03/18 12:22:35.251, 109.33 W, 95 %
2026/03/18 12:22:35.352, 109.33 W, 95 %
2026/03/18 12:22:35.452, 109.34 W, 95 %
2026/03/18 12:22:35.552, 109.33 W, 95 %
2026/03/18 12:22:35.652, 109.31 W, 95 %
2026/03/18 12:22:35.752, 109.30 W, 95 %
2026/03/18 12:22:35.852, 109.28 W, 95 %
2026/03/18 12:22:35.952, 109.30 W, 95 %
2026/03/18 12:22:36.052, 109.30 W, 95 %
2026/03/18 12:22:36.153, 109.29 W, 95 %
2026/03/18 12:22:36.253, 109.27 W, 95 %
2026/03/18 12:22:36.353, 109.26 W, 95 %
2026/03/18 12:22:36.453, 109.26 W, 95 %
2026/03/18 12:22:36.553, 109.26 W, 95 %
2026/03/18 12:22:36.653, 109.28 W, 95 %
2026/03/18 12:22:36.753, 109.30 W, 95 %
2026/03/18 12:22:36.854, 109.32 W, 95 %
2026/03/18 12:22:36.954, 109.32 W, 95 %
2026/03/18 12:22:37.054, 109.32 W, 95 %
2026/03/18 12:22:37.154, 109.32 W, 95 %
2026/03/18 12:22:37.254, 109.32 W, 95 %
2026/03/18 12:22:37.354, 109.31 W, 95 %
2026/03/18 12:22:37.454, 109.31 W, 95 %
2026/03/18 12:22:37.555, 109.29 W, 95 %
2026/03/18 12:22:37.655, 109.28 W, 95 %
2026/03/18 12:22:37.755, 109.21 W, 95 %
2026/03/18 12:22:37.855, 109.20 W, 95 %
2026/03/18 12:22:37.955, 109.18 W, 95 %
2026/03/18 12:22:38.055, 109.18 W, 95 %
2026/03/18 12:22:38.155, 109.16 W, 95 %
2026/03/18 12:22:38.256, 109.16 W, 95 %
2026/03/18 12:22:38.356, 109.16 W, 95 %
2026/03/18 12:22:38.456, 109.17 W, 95 %
2026/03/18 12:22:38.556, 109.18 W, 95 %
2026/03/18 12:22:38.656, 109.20 W, 95 %
2026/03/18 12:22:38.756, 109.22 W, 95 %
2026/03/18 12:22:38.856, 109.22 W, 95 %
2026/03/18 12:22:38.957, 109.22 W, 95 %
2026/03/18 12:22:39.057, 109.23 W, 95 %
2026/03/18 12:22:39.157, 109.22 W, 95 %
2026/03/18 12:22:39.257, 109.23 W, 95 %
2026/03/18 12:22:39.357, 109.24 W, 95 %
2026/03/18 12:22:39.457, 109.22 W, 95 %
2026/03/18 12:22:39.557, 109.22 W, 95 %
2026/03/18 12:22:39.658, 109.22 W, 95 %
2026/03/18 12:22:39.758, 109.20 W, 95 %
2026/03/18 12:22:39.858, 109.20 W, 95 %
2026/03/18 12:22:39.958, 109.19 W, 95 %
2026/03/18 12:22:40.058, 109.19 W, 95 %
2026/03/18 12:22:40.158, 109.19 W, 95 %
2026/03/18 12:22:40.258, 109.17 W, 95 %
2026/03/18 12:22:40.359, 109.15 W, 95 %
2026/03/18 12:22:40.459, 109.16 W, 95 %
2026/03/18 12:22:40.559, 109.15 W, 95 %
2026/03/18 12:22:40.659, 109.14 W, 95 %
2026/03/18 12:22:40.759, 109.16 W, 95 %
2026/03/18 12:22:40.859, 109.17 W, 95 %
2026/03/18 12:22:40.959, 109.18 W, 95 %
2026/03/18 12:22:41.060, 109.18 W, 95 %
2026/03/18 12:22:41.160, 109.17 W, 95 %
2026/03/18 12:22:41.260, 109.17 W, 95 %
2026/03/18 12:22:41.360, 109.19 W, 95 %
2026/03/18 12:22:41.460, 109.20 W, 95 %
2026/03/18 12:22:41.560, 109.20 W, 95 %
2026/03/18 12:22:41.660, 109.18 W, 95 %
2026/03/18 12:22:41.761, 109.17 W, 95 %
2026/03/18 12:22:41.861, 109.15 W, 94 %
2026/03/18 12:22:41.961, 109.16 W, 94 %
2026/03/18 12:22:42.061, 109.15 W, 95 %
2026/03/18 12:22:42.161, 109.15 W, 95 %
2026/03/18 12:22:42.261, 109.15 W, 95 %
2026/03/18 12:22:42.361, 109.15 W, 95 %
2026/03/18 12:22:42.462, 109.15 W, 95 %
2026/03/18 12:22:42.562, 109.14 W, 95 %
2026/03/18 12:22:42.662, 109.15 W, 95 %
2026/03/18 12:22:42.762, 109.18 W, 95 %
2026/03/18 12:22:42.862, 109.17 W, 95 %
2026/03/18 12:22:42.962, 109.16 W, 95 %
2026/03/18 12:22:43.062, 109.18 W, 95 %
2026/03/18 12:22:43.163, 109.18 W, 95 %
2026/03/18 12:22:43.263, 109.17 W, 95 %
2026/03/18 12:22:43.363, 109.15 W, 95 %
2026/03/18 12:22:43.463, 109.15 W, 95 %
2026/03/18 12:22:43.563, 109.15 W, 95 %
2026/03/18 12:22:43.663, 109.17 W, 95 %
2026/03/18 12:22:43.763, 109.13 W, 95 %
2026/03/18 12:22:43.864, 109.12 W, 95 %
2026/03/18 12:22:43.964, 109.13 W, 95 %
2026/03/18 12:22:44.064, 109.11 W, 95 %
2026/03/18 12:22:44.164, 109.11 W, 95 %
2026/03/18 12:22:44.264, 109.11 W, 95 %
2026/03/18 12:22:44.364, 109.11 W, 95 %
2026/03/18 12:22:44.464, 109.14 W, 95 %
2026/03/18 12:22:44.565, 109.14 W, 95 %
2026/03/18 12:22:44.665, 109.10 W, 95 %
2026/03/18 12:22:44.765, 109.11 W, 95 %
2026/03/18 12:22:44.865, 109.11 W, 95 %
2026/03/18 12:22:44.965, 109.12 W, 95 %
2026/03/18 12:22:45.065, 109.13 W, 95 %
2026/03/18 12:22:45.165, 109.15 W, 95 %
2026/03/18 12:22:45.266, 109.15 W, 95 %
2026/03/18 12:22:45.366, 109.15 W, 95 %
2026/03/18 12:22:45.466, 109.13 W, 95 %
2026/03/18 12:22:45.566, 109.15 W, 95 %
2026/03/18 12:22:45.666, 109.17 W, 95 %
2026/03/18 12:22:45.766, 109.18 W, 95 %
2026/03/18 12:22:45.866, 109.19 W, 95 %
2026/03/18 12:22:45.967, 109.18 W, 95 %
2026/03/18 12:22:46.067, 109.19 W, 95 %
2026/03/18 12:22:46.167, 109.17 W, 95 %
2026/03/18 12:22:46.267, 109.18 W, 95 %
2026/03/18 12:22:46.367, 109.19 W, 95 %
2026/03/18 12:22:46.467, 109.18 W, 95 %
2026/03/18 12:22:46.567, 109.17 W, 95 %
2026/03/18 12:22:46.668, 109.14 W, 95 %
2026/03/18 12:22:46.768, 109.11 W, 95 %
2026/03/18 12:22:46.868, 109.13 W, 95 %
2026/03/18 12:22:46.968, 109.13 W, 95 %
2026/03/18 12:22:47.068, 109.12 W, 95 %
2026/03/18 12:22:47.168, 109.15 W, 95 %
2026/03/18 12:22:47.268, 109.13 W, 95 %
2026/03/18 12:22:47.368, 109.14 W, 95 %
2026/03/18 12:22:47.469, 109.14 W, 95 %
2026/03/18 12:22:47.569, 109.12 W, 95 %
2026/03/18 12:22:47.669, 109.14 W, 95 %
2026/03/18 12:22:47.769, 109.15 W, 95 %
2026/03/18 12:22:47.869, 109.15 W, 95 %
2026/03/18 12:22:47.969, 109.16 W, 95 %
2026/03/18 12:22:48.069, 109.16 W, 95 %
2026/03/18 12:22:48.170, 109.14 W, 95 %
2026/03/18 12:22:48.270, 109.14 W, 95 %
2026/03/18 12:22:48.370, 109.12 W, 95 %
2026/03/18 12:22:48.470, 109.11 W, 95 %
2026/03/18 12:22:48.570, 109.12 W, 95 %
2026/03/18 12:22:48.670, 109.14 W, 95 %
2026/03/18 12:22:48.770, 109.13 W, 95 %
2026/03/18 12:22:48.871, 109.09 W, 95 %
2026/03/18 12:22:48.971, 109.07 W, 95 %
2026/03/18 12:22:49.071, 109.07 W, 95 %
2026/03/18 12:22:49.171, 109.05 W, 95 %
2026/03/18 12:22:49.271, 109.03 W, 95 %
2026/03/18 12:22:49.371, 109.03 W, 95 %
2026/03/18 12:22:49.471, 109.02 W, 95 %
2026/03/18 12:22:49.572, 109.02 W, 95 %
2026/03/18 12:22:49.672, 109.00 W, 95 %
2026/03/18 12:22:49.772, 108.98 W, 95 %
2026/03/18 12:22:49.872, 109.01 W, 95 %
2026/03/18 12:22:49.972, 109.01 W, 95 %
2026/03/18 12:22:50.072, 109.03 W, 95 %
2026/03/18 12:22:50.172, 109.04 W, 95 %
2026/03/18 12:22:50.273, 109.04 W, 95 %
2026/03/18 12:22:50.373, 109.02 W, 95 %
2026/03/18 12:22:50.473, 109.03 W, 95 %
2026/03/18 12:22:50.573, 109.04 W, 95 %
2026/03/18 12:22:50.673, 109.04 W, 95 %
2026/03/18 12:22:50.773, 109.05 W, 95 %
2026/03/18 12:22:50.873, 109.03 W, 95 %
2026/03/18 12:22:50.974, 109.03 W, 95 %
2026/03/18 12:22:51.074, 109.01 W, 95 %
2026/03/18 12:22:51.174, 109.02 W, 95 %
2026/03/18 12:22:51.274, 109.04 W, 95 %
2026/03/18 12:22:51.374, 109.04 W, 95 %
2026/03/18 12:22:51.474, 109.06 W, 95 %
2026/03/18 12:22:51.574, 109.08 W, 95 %
2026/03/18 12:22:51.675, 109.07 W, 95 %
2026/03/18 12:22:51.775, 109.05 W, 95 %
2026/03/18 12:22:51.875, 109.05 W, 95 %
2026/03/18 12:22:51.975, 109.07 W, 95 %
2026/03/18 12:22:52.075, 109.09 W, 95 %
2026/03/18 12:22:52.175, 109.11 W, 95 %
2026/03/18 12:22:52.275, 109.08 W, 95 %
2026/03/18 12:22:52.376, 109.09 W, 95 %
2026/03/18 12:22:52.476, 109.08 W, 95 %
2026/03/18 12:22:52.576, 109.07 W, 95 %
2026/03/18 12:22:52.676, 109.09 W, 95 %
2026/03/18 12:22:52.776, 109.12 W, 95 %
2026/03/18 12:22:52.876, 109.12 W, 95 %
2026/03/18 12:22:52.976, 109.12 W, 95 %
2026/03/18 12:22:53.077, 109.11 W, 95 %
2026/03/18 12:22:53.177, 109.09 W, 95 %
2026/03/18 12:22:53.277, 109.10 W, 95 %
2026/03/18 12:22:53.377, 109.10 W, 95 %
2026/03/18 12:22:53.477, 109.10 W, 95 %
2026/03/18 12:22:53.577, 109.10 W, 95 %
2026/03/18 12:22:53.677, 109.08 W, 95 %
2026/03/18 12:22:53.778, 109.07 W, 95 %
2026/03/18 12:22:53.878, 109.06 W, 95 %
2026/03/18 12:22:53.978, 109.03 W, 95 %
2026/03/18 12:22:54.078, 109.04 W, 95 %
2026/03/18 12:22:54.178, 109.05 W, 95 %
2026/03/18 12:22:54.278, 109.06 W, 95 %
2026/03/18 12:22:54.378, 109.04 W, 95 %
2026/03/18 12:22:54.479, 109.05 W, 94 %
2026/03/18 12:22:54.579, 109.04 W, 94 %
2026/03/18 12:22:54.679, 109.05 W, 95 %
2026/03/18 12:22:54.779, 109.06 W, 95 %
2026/03/18 12:22:54.879, 109.08 W, 95 %
2026/03/18 12:22:54.979, 109.10 W, 95 %
2026/03/18 12:22:55.079, 109.11 W, 95 %
2026/03/18 12:22:55.180, 109.10 W, 95 %
2026/03/18 12:22:55.280, 109.10 W, 95 %
2026/03/18 12:22:55.380, 109.10 W, 95 %
2026/03/18 12:22:55.480, 109.11 W, 95 %
2026/03/18 12:22:55.580, 109.12 W, 95 %
2026/03/18 12:22:55.680, 109.11 W, 95 %
2026/03/18 12:22:55.780, 109.11 W, 95 %
2026/03/18 12:22:55.881, 109.10 W, 95 %
2026/03/18 12:22:55.981, 109.10 W, 95 %
2026/03/18 12:22:56.081, 109.08 W, 95 %
2026/03/18 12:22:56.181, 109.07 W, 95 %
2026/03/18 12:22:56.281, 109.08 W, 95 %
2026/03/18 12:22:56.381, 109.08 W, 95 %
2026/03/18 12:22:56.481, 109.07 W, 95 %
2026/03/18 12:22:56.582, 109.06 W, 95 %
2026/03/18 12:22:56.682, 109.05 W, 95 %
2026/03/18 12:22:56.782, 109.04 W, 95 %
2026/03/18 12:22:56.882, 109.04 W, 95 %
2026/03/18 12:22:56.982, 109.04 W, 95 %
2026/03/18 12:22:57.082, 109.04 W, 95 %
2026/03/18 12:22:57.182, 109.05 W, 95 %
2026/03/18 12:22:57.283, 109.03 W, 95 %
2026/03/18 12:22:57.383, 109.00 W, 95 %
2026/03/18 12:22:57.483, 109.00 W, 95 %
2026/03/18 12:22:57.583, 108.99 W, 95 %
2026/03/18 12:22:57.683, 109.00 W, 95 %
2026/03/18 12:22:57.783, 109.03 W, 95 %
2026/03/18 12:22:57.883, 109.02 W, 95 %
2026/03/18 12:22:57.983, 109.03 W, 95 %
2026/03/18 12:22:58.084, 109.03 W, 95 %
2026/03/18 12:22:58.184, 109.03 W, 95 %
2026/03/18 12:22:58.284, 109.04 W, 95 %
2026/03/18 12:22:58.384, 109.05 W, 95 %
2026/03/18 12:22:58.484, 109.05 W, 95 %
2026/03/18 12:22:58.584, 109.04 W, 95 %
2026/03/18 12:22:58.684, 109.02 W, 95 %
2026/03/18 12:22:58.785, 108.99 W, 95 %
2026/03/18 12:22:58.885, 109.00 W, 95 %
2026/03/18 12:22:58.985, 108.99 W, 95 %
2026/03/18 12:22:59.085, 108.99 W, 95 %
2026/03/18 12:22:59.185, 108.98 W, 95 %
2026/03/18 12:22:59.285, 108.97 W, 95 %
2026/03/18 12:22:59.385, 109.00 W, 95 %
2026/03/18 12:22:59.486, 108.99 W, 95 %
2026/03/18 12:22:59.586, 108.99 W, 95 %
2026/03/18 12:22:59.686, 109.00 W, 95 %
2026/03/18 12:22:59.786, 109.01 W, 95 %
2026/03/18 12:22:59.886, 109.00 W, 95 %
2026/03/18 12:22:59.986, 109.00 W, 95 %
2026/03/18 12:23:00.086, 108.98 W, 95 %
2026/03/18 12:23:00.187, 108.96 W, 95 %
2026/03/18 12:23:00.287, 108.96 W, 95 %
2026/03/18 12:23:00.387, 108.95 W, 95 %
2026/03/18 12:23:00.487, 108.93 W, 95 %
2026/03/18 12:23:00.587, 108.96 W, 95 %
2026/03/18 12:23:00.687, 108.96 W, 95 %
2026/03/18 12:23:00.787, 108.96 W, 95 %
2026/03/18 12:23:00.888, 108.94 W, 95 %
2026/03/18 12:23:00.988, 108.96 W, 95 %
2026/03/18 12:23:01.088, 108.94 W, 95 %
2026/03/18 12:23:01.188, 108.96 W, 95 %
2026/03/18 12:23:01.288, 108.96 W, 95 %
2026/03/18 12:23:01.388, 108.96 W, 95 %
2026/03/18 12:23:01.488, 108.99 W, 95 %
2026/03/18 12:23:01.589, 108.99 W, 95 %
2026/03/18 12:23:01.689, 108.99 W, 95 %
2026/03/18 12:23:01.789, 108.99 W, 95 %
2026/03/18 12:23:01.889, 109.01 W, 95 %
2026/03/18 12:23:01.989, 109.02 W, 95 %
2026/03/18 12:23:02.089, 109.05 W, 95 %
2026/03/18 12:23:02.189, 109.05 W, 95 %
2026/03/18 12:23:02.290, 109.05 W, 95 %
2026/03/18 12:23:02.390, 109.06 W, 95 %
2026/03/18 12:23:02.490, 109.07 W, 95 %
2026/03/18 12:23:02.590, 109.04 W, 95 %
2026/03/18 12:23:02.690, 109.05 W, 95 %
2026/03/18 12:23:02.790, 109.06 W, 95 %
2026/03/18 12:23:02.890, 109.06 W, 95 %
2026/03/18 12:23:02.991, 109.03 W, 95 %
2026/03/18 12:23:03.091, 109.01 W, 95 %
2026/03/18 12:23:03.191, 108.99 W, 95 %
2026/03/18 12:23:03.291, 108.98 W, 95 %
2026/03/18 12:23:03.391, 108.98 W, 95 %
2026/03/18 12:23:03.491, 108.96 W, 95 %
2026/03/18 12:23:03.591, 108.98 W, 95 %
2026/03/18 12:23:03.692, 108.97 W, 95 %
2026/03/18 12:23:03.792, 108.94 W, 95 %
2026/03/18 12:23:03.892, 108.95 W, 95 %
2026/03/18 12:23:03.992, 108.96 W, 95 %
2026/03/18 12:23:04.092, 108.95 W, 95 %
2026/03/18 12:23:04.192, 108.96 W, 95 %
2026/03/18 12:23:04.292, 108.97 W, 95 %
2026/03/18 12:23:04.393, 108.95 W, 95 %
2026/03/18 12:23:04.493, 108.93 W, 95 %
2026/03/18 12:23:04.593, 108.93 W, 95 %
2026/03/18 12:23:04.693, 108.93 W, 93 %
2026/03/18 12:23:04.793, 108.94 W, 93 %
2026/03/18 12:23:04.893, 108.94 W, 95 %
2026/03/18 12:23:04.993, 108.95 W, 95 %
2026/03/18 12:23:05.094, 108.95 W, 95 %
2026/03/18 12:23:05.194, 108.93 W, 95 %
2026/03/18 12:23:05.294, 108.95 W, 95 %
2026/03/18 12:23:05.394, 108.96 W, 95 %
2026/03/18 12:23:05.494, 108.99 W, 95 %
2026/03/18 12:23:05.594, 108.99 W, 95 %
2026/03/18 12:23:05.694, 109.03 W, 95 %
2026/03/18 12:23:05.795, 109.02 W, 95 %
2026/03/18 12:23:05.895, 109.01 W, 95 %
2026/03/18 12:23:05.995, 109.00 W, 95 %
2026/03/18 12:23:06.095, 109.00 W, 95 %
2026/03/18 12:23:06.195, 109.03 W, 95 %
2026/03/18 12:23:06.295, 109.00 W, 95 %
2026/03/18 12:23:06.395, 108.98 W, 95 %
2026/03/18 12:23:06.496, 108.97 W, 95 %
2026/03/18 12:23:06.596, 108.96 W, 95 %
2026/03/18 12:23:06.696, 108.94 W, 95 %
2026/03/18 12:23:06.796, 108.94 W, 95 %
2026/03/18 12:23:06.896, 108.96 W, 95 %
2026/03/18 12:23:06.996, 108.96 W, 95 %
2026/03/18 12:23:07.096, 108.98 W, 95 %
2026/03/18 12:23:07.197, 108.98 W, 95 %
2026/03/18 12:23:07.297, 108.98 W, 95 %
2026/03/18 12:23:07.397, 109.00 W, 95 %
2026/03/18 12:23:07.497, 109.00 W, 95 %
2026/03/18 12:23:07.597, 109.00 W, 95 %
2026/03/18 12:23:07.697, 109.00 W, 95 %
2026/03/18 12:23:07.797, 108.99 W, 95 %
2026/03/18 12:23:07.898, 108.99 W, 95 %
2026/03/18 12:23:07.998, 109.00 W, 95 %
2026/03/18 12:23:08.098, 109.01 W, 95 %
2026/03/18 12:23:08.198, 108.99 W, 95 %
2026/03/18 12:23:08.298, 109.01 W, 95 %
2026/03/18 12:23:08.398, 109.03 W, 95 %
2026/03/18 12:23:08.498, 109.03 W, 95 %
2026/03/18 12:23:08.598, 109.01 W, 95 %
2026/03/18 12:23:08.699, 109.00 W, 95 %
2026/03/18 12:23:08.799, 109.02 W, 95 %
2026/03/18 12:23:08.899, 109.00 W, 95 %
2026/03/18 12:23:08.999, 108.99 W, 95 %
2026/03/18 12:23:09.099, 108.96 W, 95 %
2026/03/18 12:23:09.199, 108.94 W, 95 %
2026/03/18 12:23:09.299, 108.92 W, 95 %
2026/03/18 12:23:09.400, 108.89 W, 95 %
2026/03/18 12:23:09.500, 108.87 W, 95 %
2026/03/18 12:23:09.600, 108.87 W, 95 %
2026/03/18 12:23:09.700, 108.89 W, 95 %
2026/03/18 12:23:09.800, 108.89 W, 95 %
2026/03/18 12:23:09.900, 108.90 W, 95 %
2026/03/18 12:23:10.000, 108.92 W, 95 %
2026/03/18 12:23:10.101, 108.94 W, 95 %
2026/03/18 12:23:10.201, 108.94 W, 95 %
2026/03/18 12:23:10.301, 108.97 W, 95 %
2026/03/18 12:23:10.401, 108.96 W, 95 %
2026/03/18 12:23:10.501, 108.94 W, 95 %
2026/03/18 12:23:10.601, 108.95 W, 95 %
2026/03/18 12:23:10.701, 108.94 W, 95 %
2026/03/18 12:23:10.802, 108.93 W, 95 %
2026/03/18 12:23:10.902, 108.94 W, 95 %
2026/03/18 12:23:11.002, 108.93 W, 95 %
2026/03/18 12:23:11.102, 108.92 W, 95 %
2026/03/18 12:23:11.202, 108.92 W, 95 %
2026/03/18 12:23:11.302, 108.91 W, 95 %
2026/03/18 12:23:11.403, 108.94 W, 95 %
2026/03/18 12:23:11.503, 108.94 W, 95 %
2026/03/18 12:23:11.603, 108.95 W, 95 %
2026/03/18 12:23:11.703, 108.97 W, 95 %
2026/03/18 12:23:11.803, 108.97 W, 95 %
2026/03/18 12:23:11.903, 108.93 W, 95 %
2026/03/18 12:23:12.003, 108.92 W, 95 %
2026/03/18 12:23:12.104, 108.94 W, 95 %
2026/03/18 12:23:12.204, 108.97 W, 95 %
2026/03/18 12:23:12.304, 108.99 W, 95 %
2026/03/18 12:23:12.404, 109.00 W, 95 %
2026/03/18 12:23:12.504, 109.00 W, 95 %
2026/03/18 12:23:12.604, 109.00 W, 95 %
2026/03/18 12:23:12.704, 109.02 W, 95 %
2026/03/18 12:23:12.805, 109.04 W, 95 %
2026/03/18 12:23:12.905, 109.07 W, 95 %
2026/03/18 12:23:13.005, 109.08 W, 95 %
2026/03/18 12:23:13.105, 109.07 W, 95 %
2026/03/18 12:23:13.205, 109.04 W, 95 %
2026/03/18 12:23:13.305, 109.02 W, 95 %
2026/03/18 12:23:13.405, 109.01 W, 95 %
2026/03/18 12:23:13.506, 109.01 W, 95 %
2026/03/18 12:23:13.606, 109.02 W, 95 %
2026/03/18 12:23:13.706, 108.99 W, 95 %
2026/03/18 12:23:13.806, 108.97 W, 95 %
2026/03/18 12:23:13.906, 108.98 W, 95 %
2026/03/18 12:23:14.006, 108.98 W, 95 %
2026/03/18 12:23:14.106, 109.00 W, 95 %
2026/03/18 12:23:14.207, 109.00 W, 95 %
2026/03/18 12:23:14.307, 109.03 W, 95 %
2026/03/18 12:23:14.407, 109.02 W, 95 %
2026/03/18 12:23:14.507, 109.00 W, 95 %
2026/03/18 12:23:14.607, 108.97 W, 95 %
2026/03/18 12:23:14.707, 108.96 W, 95 %
2026/03/18 12:23:14.807, 108.96 W, 95 %
2026/03/18 12:23:14.908, 108.94 W, 95 %
2026/03/18 12:23:15.008, 108.92 W, 95 %
2026/03/18 12:23:15.108, 108.90 W, 95 %
2026/03/18 12:23:15.208, 108.92 W, 95 %
2026/03/18 12:23:15.308, 108.92 W, 95 %
2026/03/18 12:23:15.408, 108.91 W, 95 %
2026/03/18 12:23:15.508, 108.91 W, 95 %
2026/03/18 12:23:15.609, 108.92 W, 95 %
2026/03/18 12:23:15.709, 108.95 W, 95 %
2026/03/18 12:23:15.809, 108.94 W, 95 %
2026/03/18 12:23:15.909, 108.94 W, 95 %
2026/03/18 12:23:16.009, 108.96 W, 95 %
2026/03/18 12:23:16.109, 108.94 W, 95 %
2026/03/18 12:23:16.209, 108.92 W, 95 %
2026/03/18 12:23:16.310, 108.89 W, 95 %
2026/03/18 12:23:16.410, 108.88 W, 95 %
2026/03/18 12:23:16.510, 108.90 W, 95 %
2026/03/18 12:23:16.610, 108.92 W, 95 %
2026/03/18 12:23:16.710, 108.88 W, 95 %
2026/03/18 12:23:16.810, 108.89 W, 95 %
2026/03/18 12:23:16.910, 108.92 W, 95 %
2026/03/18 12:23:17.011, 108.91 W, 95 %
2026/03/18 12:23:17.111, 108.93 W, 95 %
2026/03/18 12:23:17.211, 108.95 W, 95 %
2026/03/18 12:23:17.311, 108.97 W, 95 %
2026/03/18 12:23:17.411, 109.00 W, 95 %
2026/03/18 12:23:17.511, 108.99 W, 95 %
2026/03/18 12:23:17.611, 108.97 W, 95 %
2026/03/18 12:23:17.711, 109.00 W, 95 %
2026/03/18 12:23:17.812, 109.05 W, 95 %
2026/03/18 12:23:17.912, 109.04 W, 95 %
2026/03/18 12:23:18.012, 109.03 W, 95 %
2026/03/18 12:23:18.112, 109.02 W, 95 %
2026/03/18 12:23:18.212, 108.99 W, 95 %
2026/03/18 12:23:18.312, 109.02 W, 95 %
2026/03/18 12:23:18.412, 109.01 W, 95 %
2026/03/18 12:23:18.513, 109.02 W, 95 %
2026/03/18 12:23:18.613, 109.03 W, 95 %
2026/03/18 12:23:18.713, 109.01 W, 95 %
2026/03/18 12:23:18.813, 108.92 W, 95 %
2026/03/18 12:23:18.913, 108.93 W, 95 %
2026/03/18 12:23:19.013, 108.93 W, 95 %
2026/03/18 12:23:19.113, 108.94 W, 95 %
2026/03/18 12:23:19.214, 108.97 W, 95 %
2026/03/18 12:23:19.314, 108.94 W, 95 %
2026/03/18 12:23:19.414, 108.96 W, 95 %
2026/03/18 12:23:19.514, 108.97 W, 95 %
2026/03/18 12:23:19.614, 108.97 W, 95 %
2026/03/18 12:23:19.714, 108.99 W, 95 %
2026/03/18 12:23:19.814, 109.01 W, 95 %
2026/03/18 12:23:19.915, 109.04 W, 95 %
2026/03/18 12:23:20.015, 109.06 W, 95 %
2026/03/18 12:23:20.115, 109.05 W, 95 %
2026/03/18 12:23:20.215, 109.01 W, 95 %
2026/03/18 12:23:20.315, 109.03 W, 95 %
2026/03/18 12:23:20.415, 109.00 W, 95 %
2026/03/18 12:23:20.515, 109.00 W, 95 %
2026/03/18 12:23:20.616, 109.01 W, 95 %
2026/03/18 12:23:20.716, 108.98 W, 95 %
2026/03/18 12:23:20.816, 108.98 W, 95 %
2026/03/18 12:23:20.916, 108.97 W, 95 %
2026/03/18 12:23:21.016, 108.94 W, 95 %
2026/03/18 12:23:21.116, 108.98 W, 95 %
2026/03/18 12:23:21.216, 108.98 W, 95 %
2026/03/18 12:23:21.317, 108.94 W, 95 %
2026/03/18 12:23:21.417, 108.92 W, 95 %
2026/03/18 12:23:21.517, 108.91 W, 95 %
2026/03/18 12:23:21.617, 108.91 W, 95 %
2026/03/18 12:23:21.717, 108.92 W, 95 %
2026/03/18 12:23:21.817, 108.94 W, 95 %
2026/03/18 12:23:21.917, 108.92 W, 95 %
2026/03/18 12:23:22.018, 108.96 W, 95 %
2026/03/18 12:23:22.118, 108.95 W, 95 %
2026/03/18 12:23:22.218, 108.97 W, 95 %
2026/03/18 12:23:22.318, 109.00 W, 95 %
2026/03/18 12:23:22.418, 109.03 W, 95 %
2026/03/18 12:23:22.518, 109.01 W, 95 %
2026/03/18 12:23:22.618, 109.01 W, 95 %
2026/03/18 12:23:22.719, 109.01 W, 95 %
2026/03/18 12:23:22.819, 109.00 W, 95 %
2026/03/18 12:23:22.919, 109.00 W, 94 %
2026/03/18 12:23:23.019, 108.98 W, 94 %
2026/03/18 12:23:23.119, 108.94 W, 95 %
2026/03/18 12:23:23.219, 108.92 W, 95 %
2026/03/18 12:23:23.320, 108.89 W, 95 %
2026/03/18 12:23:23.420, 108.90 W, 95 %
2026/03/18 12:23:23.520, 108.89 W, 95 %
2026/03/18 12:23:23.620, 108.90 W, 95 %
2026/03/18 12:23:23.720, 108.89 W, 95 %
2026/03/18 12:23:23.820, 108.88 W, 95 %
2026/03/18 12:23:23.920, 108.85 W, 95 %
2026/03/18 12:23:24.020, 108.84 W, 95 %
2026/03/18 12:23:24.121, 108.87 W, 95 %
2026/03/18 12:23:24.221, 108.83 W, 95 %
2026/03/18 12:23:24.321, 108.84 W, 95 %
2026/03/18 12:23:24.421, 108.83 W, 95 %
2026/03/18 12:23:24.521, 108.82 W, 95 %
2026/03/18 12:23:24.621, 108.82 W, 95 %
2026/03/18 12:23:24.721, 108.84 W, 95 %
2026/03/18 12:23:24.822, 108.85 W, 95 %
2026/03/18 12:23:24.922, 108.84 W, 95 %
2026/03/18 12:23:25.022, 108.83 W, 95 %
2026/03/18 12:23:25.122, 108.84 W, 95 %
2026/03/18 12:23:25.222, 108.85 W, 95 %
2026/03/18 12:23:25.322, 108.84 W, 95 %
2026/03/18 12:23:25.422, 108.83 W, 95 %
2026/03/18 12:23:25.523, 108.83 W, 95 %
2026/03/18 12:23:25.623, 108.83 W, 95 %
2026/03/18 12:23:25.723, 108.85 W, 95 %
2026/03/18 12:23:25.823, 108.88 W, 95 %
2026/03/18 12:23:25.923, 108.88 W, 95 %
2026/03/18 12:23:26.023, 108.88 W, 95 %
2026/03/18 12:23:26.124, 108.86 W, 95 %
2026/03/18 12:23:26.224, 108.88 W, 95 %
2026/03/18 12:23:26.324, 108.91 W, 95 %
2026/03/18 12:23:26.424, 108.92 W, 95 %
2026/03/18 12:23:26.524, 108.93 W, 95 %
2026/03/18 12:23:26.624, 108.92 W, 95 %
2026/03/18 12:23:26.724, 108.92 W, 95 %
2026/03/18 12:23:26.825, 108.92 W, 95 %
2026/03/18 12:23:26.925, 108.91 W, 95 %
2026/03/18 12:23:27.025, 108.93 W, 95 %
2026/03/18 12:23:27.125, 108.96 W, 95 %
2026/03/18 12:23:27.225, 108.95 W, 95 %
2026/03/18 12:23:27.325, 108.93 W, 95 %
2026/03/18 12:23:27.425, 108.91 W, 95 %
2026/03/18 12:23:27.526, 108.93 W, 95 %
2026/03/18 12:23:27.626, 108.94 W, 95 %
2026/03/18 12:23:27.726, 108.95 W, 95 %
2026/03/18 12:23:27.826, 108.96 W, 95 %
2026/03/18 12:23:27.926, 108.96 W, 95 %
2026/03/18 12:23:28.026, 108.97 W, 95 %
2026/03/18 12:23:28.126, 109.00 W, 95 %
2026/03/18 12:23:28.227, 108.97 W, 95 %
2026/03/18 12:23:28.327, 108.98 W, 95 %
2026/03/18 12:23:28.427, 109.01 W, 95 %
2026/03/18 12:23:28.527, 109.00 W, 95 %
2026/03/18 12:23:28.627, 108.96 W, 95 %
2026/03/18 12:23:28.727, 108.94 W, 95 %
2026/03/18 12:23:28.827, 108.92 W, 95 %
2026/03/18 12:23:28.928, 108.93 W, 95 %
2026/03/18 12:23:29.028, 108.92 W, 95 %
2026/03/18 12:23:29.128, 108.87 W, 95 %
2026/03/18 12:23:29.228, 108.87 W, 95 %
2026/03/18 12:23:29.328, 108.85 W, 95 %
2026/03/18 12:23:29.428, 108.86 W, 95 %
2026/03/18 12:23:29.528, 108.89 W, 95 %
2026/03/18 12:23:29.629, 108.88 W, 95 %
2026/03/18 12:23:29.729, 108.88 W, 95 %
2026/03/18 12:23:29.829, 108.89 W, 95 %
2026/03/18 12:23:29.929, 108.90 W, 95 %
2026/03/18 12:23:30.029, 108.91 W, 95 %
2026/03/18 12:23:30.129, 108.94 W, 95 %
2026/03/18 12:23:30.229, 108.96 W, 95 %
2026/03/18 12:23:30.330, 108.98 W, 95 %
2026/03/18 12:23:30.430, 108.95 W, 95 %
2026/03/18 12:23:30.530, 108.93 W, 95 %
2026/03/18 12:23:30.630, 108.93 W, 95 %
2026/03/18 12:23:30.730, 108.96 W, 95 %
2026/03/18 12:23:30.830, 108.98 W, 95 %
2026/03/18 12:23:30.930, 108.98 W, 95 %
2026/03/18 12:23:31.031, 108.98 W, 95 %
2026/03/18 12:23:31.131, 108.96 W, 95 %
2026/03/18 12:23:31.231, 108.94 W, 95 %
2026/03/18 12:23:31.331, 108.94 W, 95 %
2026/03/18 12:23:31.431, 108.93 W, 95 %
2026/03/18 12:23:31.531, 108.93 W, 95 %
2026/03/18 12:23:31.631, 108.94 W, 95 %
2026/03/18 12:23:31.732, 108.93 W, 95 %
2026/03/18 12:23:31.832, 108.93 W, 95 %
2026/03/18 12:23:31.932, 108.94 W, 95 %
2026/03/18 12:23:32.032, 108.92 W, 95 %
2026/03/18 12:23:32.132, 108.92 W, 95 %
2026/03/18 12:23:32.232, 108.93 W, 95 %
2026/03/18 12:23:32.332, 108.95 W, 95 %
2026/03/18 12:23:32.433, 108.99 W, 95 %
2026/03/18 12:23:32.533, 108.98 W, 95 %
2026/03/18 12:23:32.633, 108.98 W, 95 %
2026/03/18 12:23:32.733, 108.99 W, 95 %
2026/03/18 12:23:32.833, 108.98 W, 95 %
2026/03/18 12:23:32.933, 109.00 W, 95 %
2026/03/18 12:23:33.033, 108.97 W, 95 %
2026/03/18 12:23:33.134, 108.97 W, 95 %
2026/03/18 12:23:33.234, 108.96 W, 95 %
2026/03/18 12:23:33.334, 108.95 W, 95 %
2026/03/18 12:23:33.434, 108.92 W, 95 %
2026/03/18 12:23:33.534, 108.93 W, 95 %
2026/03/18 12:23:33.634, 108.94 W, 95 %
2026/03/18 12:23:33.734, 108.94 W, 95 %
2026/03/18 12:23:33.835, 108.94 W, 95 %
2026/03/18 12:23:33.935, 108.94 W, 95 %
2026/03/18 12:23:34.035, 108.97 W, 95 %
2026/03/18 12:23:34.135, 108.95 W, 95 %
2026/03/18 12:23:34.235, 108.98 W, 95 %
2026/03/18 12:23:34.335, 108.97 W, 95 %
2026/03/18 12:23:34.435, 108.98 W, 95 %
2026/03/18 12:23:34.536, 108.95 W, 95 %
2026/03/18 12:23:34.636, 108.93 W, 95 %
2026/03/18 12:23:34.736, 108.91 W, 95 %
2026/03/18 12:23:34.836, 108.90 W, 95 %
2026/03/18 12:23:34.936, 108.85 W, 95 %
2026/03/18 12:23:35.036, 108.83 W, 95 %
2026/03/18 12:23:35.136, 108.84 W, 95 %
2026/03/18 12:23:35.237, 108.83 W, 95 %
2026/03/18 12:23:35.337, 108.85 W, 95 %
2026/03/18 12:23:35.437, 108.87 W, 95 %
2026/03/18 12:23:35.537, 108.89 W, 95 %
2026/03/18 12:23:35.637, 108.91 W, 95 %
2026/03/18 12:23:35.737, 108.91 W, 95 %
2026/03/18 12:23:35.837, 108.90 W, 95 %
2026/03/18 12:23:35.938, 108.94 W, 95 %
2026/03/18 12:23:36.038, 108.96 W, 95 %
2026/03/18 12:23:36.138, 108.97 W, 95 %
2026/03/18 12:23:36.238, 109.00 W, 95 %
2026/03/18 12:23:36.338, 108.95 W, 95 %
2026/03/18 12:23:36.438, 108.92 W, 95 %
2026/03/18 12:23:36.538, 108.91 W, 95 %
2026/03/18 12:23:36.639, 108.92 W, 95 %
2026/03/18 12:23:36.739, 108.92 W, 95 %
2026/03/18 12:23:36.839, 108.97 W, 95 %
2026/03/18 12:23:36.939, 108.99 W, 95 %
2026/03/18 12:23:37.039, 109.01 W, 95 %
2026/03/18 12:23:37.139, 109.00 W, 95 %
2026/03/18 12:23:37.239, 108.99 W, 95 %
2026/03/18 12:23:37.339, 109.01 W, 95 %
2026/03/18 12:23:37.440, 109.03 W, 95 %
2026/03/18 12:23:37.540, 109.02 W, 95 %
2026/03/18 12:23:37.640, 109.01 W, 95 %
2026/03/18 12:23:37.740, 109.01 W, 95 %
2026/03/18 12:23:37.840, 109.00 W, 95 %
2026/03/18 12:23:37.940, 108.97 W, 95 %
2026/03/18 12:23:38.040, 108.98 W, 95 %
2026/03/18 12:23:38.141, 109.00 W, 95 %
2026/03/18 12:23:38.241, 108.98 W, 95 %
2026/03/18 12:23:38.341, 108.98 W, 95 %
2026/03/18 12:23:38.441, 108.95 W, 95 %
2026/03/18 12:23:38.541, 108.96 W, 95 %
2026/03/18 12:23:38.641, 108.93 W, 95 %
2026/03/18 12:23:38.741, 108.95 W, 95 %
2026/03/18 12:23:38.842, 108.96 W, 95 %
2026/03/18 12:23:38.942, 108.97 W, 95 %
2026/03/18 12:23:39.042, 108.93 W, 95 %
2026/03/18 12:23:39.142, 108.96 W, 95 %
2026/03/18 12:23:39.242, 108.99 W, 95 %
2026/03/18 12:23:39.342, 108.97 W, 95 %
2026/03/18 12:23:39.442, 109.00 W, 95 %
2026/03/18 12:23:39.543, 108.96 W, 95 %
2026/03/18 12:23:39.643, 108.97 W, 95 %
2026/03/18 12:23:39.743, 108.95 W, 95 %
2026/03/18 12:23:39.843, 108.91 W, 95 %
2026/03/18 12:23:39.943, 108.93 W, 95 %
2026/03/18 12:23:40.043, 109.00 W, 95 %
2026/03/18 12:23:40.143, 108.93 W, 95 %
2026/03/18 12:23:40.244, 108.90 W, 95 %
2026/03/18 12:23:40.344, 108.91 W, 95 %
2026/03/18 12:23:40.444, 108.92 W, 95 %
2026/03/18 12:23:40.544, 108.97 W, 95 %
2026/03/18 12:23:40.644, 109.00 W, 95 %
2026/03/18 12:23:40.744, 108.98 W, 95 %
2026/03/18 12:23:40.844, 108.98 W, 95 %
2026/03/18 12:23:40.945, 108.94 W, 95 %
2026/03/18 12:23:41.045, 108.88 W, 95 %
2026/03/18 12:23:41.145, 108.87 W, 95 %
2026/03/18 12:23:41.245, 108.88 W, 95 %
2026/03/18 12:23:41.345, 108.87 W, 95 %
2026/03/18 12:23:41.445, 108.86 W, 95 %
2026/03/18 12:23:41.546, 108.83 W, 95 %
2026/03/18 12:23:41.646, 108.83 W, 95 %
2026/03/18 12:23:41.746, 108.83 W, 95 %
2026/03/18 12:23:41.846, 108.84 W, 95 %
2026/03/18 12:23:41.946, 108.83 W, 95 %
2026/03/18 12:23:42.046, 108.88 W, 95 %
2026/03/18 12:23:42.146, 108.88 W, 95 %
2026/03/18 12:23:42.247, 108.88 W, 95 %
2026/03/18 12:23:42.347, 108.86 W, 95 %
2026/03/18 12:23:42.447, 108.89 W, 95 %
2026/03/18 12:23:42.547, 108.93 W, 95 %
2026/03/18 12:23:42.647, 108.85 W, 95 %
2026/03/18 12:23:42.747, 108.91 W, 95 %
2026/03/18 12:23:42.847, 108.93 W, 95 %
2026/03/18 12:23:42.948, 108.95 W, 95 %
2026/03/18 12:23:43.048, 108.92 W, 95 %
2026/03/18 12:23:43.148, 108.90 W, 95 %
2026/03/18 12:23:43.248, 108.90 W, 95 %
2026/03/18 12:23:43.348, 108.90 W, 95 %
2026/03/18 12:23:43.448, 108.96 W, 95 %
2026/03/18 12:23:43.548, 108.92 W, 95 %
2026/03/18 12:23:43.649, 108.96 W, 95 %
2026/03/18 12:23:43.749, 108.97 W, 95 %
2026/03/18 12:23:43.849, 108.90 W, 95 %
2026/03/18 12:23:43.949, 108.93 W, 95 %
2026/03/18 12:23:44.049, 108.94 W, 95 %
2026/03/18 12:23:44.149, 109.00 W, 95 %
2026/03/18 12:23:44.249, 109.01 W, 95 %
2026/03/18 12:23:44.350, 109.04 W, 95 %
2026/03/18 12:23:44.450, 109.01 W, 95 %
2026/03/18 12:23:44.550, 108.96 W, 95 %
2026/03/18 12:23:44.650, 108.91 W, 95 %
2026/03/18 12:23:44.750, 108.90 W, 95 %
2026/03/18 12:23:44.850, 108.95 W, 95 %
2026/03/18 12:23:44.950, 108.89 W, 95 %
2026/03/18 12:23:45.051, 108.94 W, 95 %
2026/03/18 12:23:45.151, 108.90 W, 95 %
2026/03/18 12:23:45.251, 108.89 W, 95 %
2026/03/18 12:23:45.351, 108.85 W, 95 %
2026/03/18 12:23:45.451, 108.86 W, 95 %
2026/03/18 12:23:45.551, 108.92 W, 95 %
2026/03/18 12:23:45.651, 108.93 W, 95 %
2026/03/18 12:23:45.752, 108.92 W, 95 %
2026/03/18 12:23:45.852, 108.88 W, 95 %
2026/03/18 12:23:45.952, 108.91 W, 95 %
2026/03/18 12:23:46.052, 108.89 W, 95 %
2026/03/18 12:23:46.152, 108.89 W, 95 %
2026/03/18 12:23:46.252, 108.90 W, 95 %
2026/03/18 12:23:46.352, 108.92 W, 95 %
2026/03/18 12:23:46.453, 108.92 W, 95 %
2026/03/18 12:23:46.553, 108.92 W, 95 %
2026/03/18 12:23:46.653, 108.92 W, 95 %
2026/03/18 12:23:46.753, 108.91 W, 95 %
2026/03/18 12:23:46.853, 108.91 W, 95 %
2026/03/18 12:23:46.953, 108.92 W, 95 %
2026/03/18 12:23:47.053, 108.90 W, 95 %
2026/03/18 12:23:47.154, 108.94 W, 95 %
2026/03/18 12:23:47.254, 108.93 W, 95 %
2026/03/18 12:23:47.354, 108.94 W, 95 %
2026/03/18 12:23:47.454, 108.93 W, 95 %
2026/03/18 12:23:47.554, 108.89 W, 95 %
2026/03/18 12:23:47.654, 108.90 W, 95 %
2026/03/18 12:23:47.754, 108.97 W, 95 %
2026/03/18 12:23:47.855, 108.97 W, 95 %
2026/03/18 12:23:47.955, 109.03 W, 95 %
2026/03/18 12:23:48.055, 109.02 W, 95 %
2026/03/18 12:23:48.155, 109.04 W, 95 %
2026/03/18 12:23:48.255, 109.05 W, 95 %
2026/03/18 12:23:48.355, 109.05 W, 95 %
2026/03/18 12:23:48.455, 109.05 W, 95 %
2026/03/18 12:23:48.556, 109.06 W, 95 %
2026/03/18 12:23:48.656, 109.07 W, 95 %
2026/03/18 12:23:48.756, 109.01 W, 94 %
2026/03/18 12:23:48.856, 108.98 W, 94 %
2026/03/18 12:23:48.956, 108.93 W, 95 %
2026/03/18 12:23:49.056, 108.92 W, 95 %
2026/03/18 12:23:49.156, 108.90 W, 95 %
2026/03/18 12:23:49.257, 108.92 W, 95 %
2026/03/18 12:23:49.357, 108.92 W, 95 %
2026/03/18 12:23:49.457, 108.93 W, 95 %
2026/03/18 12:23:49.557, 108.93 W, 95 %
2026/03/18 12:23:49.657, 108.94 W, 95 %
2026/03/18 12:23:49.757, 108.95 W, 95 %
2026/03/18 12:23:49.857, 108.96 W, 95 %
2026/03/18 12:23:49.958, 109.00 W, 95 %
2026/03/18 12:23:50.058, 109.00 W, 95 %
2026/03/18 12:23:50.158, 109.04 W, 95 %
2026/03/18 12:23:50.258, 109.02 W, 95 %
2026/03/18 12:23:50.358, 109.01 W, 95 %
2026/03/18 12:23:50.458, 108.99 W, 95 %
2026/03/18 12:23:50.558, 108.97 W, 95 %
2026/03/18 12:23:50.659, 108.96 W, 95 %
2026/03/18 12:23:50.759, 108.98 W, 95 %
2026/03/18 12:23:50.859, 108.97 W, 95 %
2026/03/18 12:23:50.959, 108.91 W, 95 %
2026/03/18 12:23:51.059, 108.91 W, 95 %
2026/03/18 12:23:51.159, 108.90 W, 95 %
2026/03/18 12:23:51.259, 108.88 W, 95 %
2026/03/18 12:23:51.360, 108.87 W, 95 %
2026/03/18 12:23:51.460, 108.90 W, 95 %
2026/03/18 12:23:51.560, 108.90 W, 95 %
2026/03/18 12:23:51.660, 108.90 W, 95 %
2026/03/18 12:23:51.760, 108.88 W, 95 %
2026/03/18 12:23:51.860, 108.90 W, 95 %
2026/03/18 12:23:51.960, 108.96 W, 95 %
2026/03/18 12:23:52.061, 109.00 W, 95 %
2026/03/18 12:23:52.161, 109.01 W, 95 %
2026/03/18 12:23:52.261, 109.03 W, 95 %
2026/03/18 12:23:52.361, 109.07 W, 95 %
2026/03/18 12:23:52.461, 109.06 W, 95 %
2026/03/18 12:23:52.561, 109.04 W, 95 %
2026/03/18 12:23:52.661, 109.03 W, 95 %
2026/03/18 12:23:52.761, 109.03 W, 95 %
2026/03/18 12:23:52.862, 108.99 W, 95 %
2026/03/18 12:23:52.962, 108.96 W, 95 %
2026/03/18 12:23:53.062, 108.95 W, 95 %
2026/03/18 12:23:53.162, 108.96 W, 95 %
2026/03/18 12:23:53.262, 108.93 W, 95 %
2026/03/18 12:23:53.362, 108.90 W, 95 %
2026/03/18 12:23:53.463, 108.90 W, 95 %
2026/03/18 12:23:53.563, 108.93 W, 95 %
2026/03/18 12:23:53.663, 108.94 W, 95 %
2026/03/18 12:23:53.763, 108.96 W, 95 %
2026/03/18 12:23:53.863, 108.97 W, 95 %
2026/03/18 12:23:53.963, 108.99 W, 95 %
2026/03/18 12:23:54.063, 109.00 W, 95 %
2026/03/18 12:23:54.164, 108.98 W, 95 %
2026/03/18 12:23:54.264, 109.01 W, 95 %
2026/03/18 12:23:54.364, 109.02 W, 95 %
2026/03/18 12:23:54.464, 109.02 W, 95 %
2026/03/18 12:23:54.564, 109.00 W, 95 %
2026/03/18 12:23:54.664, 109.02 W, 95 %
2026/03/18 12:23:54.764, 109.02 W, 95 %
2026/03/18 12:23:54.865, 109.01 W, 95 %
2026/03/18 12:23:54.965, 108.98 W, 95 %
2026/03/18 12:23:55.065, 108.97 W, 95 %
2026/03/18 12:23:55.165, 108.98 W, 95 %
2026/03/18 12:23:55.265, 108.94 W, 95 %
2026/03/18 12:23:55.365, 108.96 W, 95 %
2026/03/18 12:23:55.465, 108.96 W, 95 %
2026/03/18 12:23:55.566, 108.96 W, 95 %
2026/03/18 12:23:55.666, 108.96 W, 95 %
2026/03/18 12:23:55.766, 108.98 W, 95 %
2026/03/18 12:23:55.866, 108.96 W, 95 %
2026/03/18 12:23:55.966, 108.95 W, 95 %
2026/03/18 12:23:56.066, 108.96 W, 95 %
2026/03/18 12:23:56.166, 108.94 W, 95 %
2026/03/18 12:23:56.267, 108.95 W, 95 %
2026/03/18 12:23:56.367, 108.97 W, 95 %
2026/03/18 12:23:56.467, 108.97 W, 95 %
2026/03/18 12:23:56.567, 108.98 W, 95 %
2026/03/18 12:23:56.667, 109.01 W, 95 %
2026/03/18 12:23:56.767, 109.01 W, 95 %
2026/03/18 12:23:56.867, 108.99 W, 95 %
2026/03/18 12:23:56.967, 108.99 W, 95 %
2026/03/18 12:23:57.068, 108.96 W, 95 %
2026/03/18 12:23:57.168, 108.94 W, 95 %
2026/03/18 12:23:57.268, 108.94 W, 95 %
2026/03/18 12:23:57.368, 108.94 W, 95 %
2026/03/18 12:23:57.468, 108.93 W, 95 %
2026/03/18 12:23:57.568, 108.94 W, 95 %
2026/03/18 12:23:57.668, 108.88 W, 95 %
2026/03/18 12:23:57.769, 108.85 W, 95 %
2026/03/18 12:23:57.869, 108.90 W, 95 %
2026/03/18 12:23:57.969, 108.89 W, 95 %
2026/03/18 12:23:58.069, 108.86 W, 95 %
2026/03/18 12:23:58.169, 108.88 W, 95 %
2026/03/18 12:23:58.269, 108.89 W, 95 %
2026/03/18 12:23:58.369, 108.87 W, 95 %
2026/03/18 12:23:58.470, 108.86 W, 95 %
2026/03/18 12:23:58.570, 108.85 W, 95 %
2026/03/18 12:23:58.670, 108.84 W, 95 %
2026/03/18 12:23:58.770, 108.88 W, 95 %
2026/03/18 12:23:58.870, 108.83 W, 95 %
2026/03/18 12:23:58.970, 108.86 W, 95 %
2026/03/18 12:23:59.070, 108.90 W, 95 %
2026/03/18 12:23:59.171, 108.89 W, 95 %
2026/03/18 12:23:59.271, 108.88 W, 95 %
2026/03/18 12:23:59.371, 108.89 W, 95 %
2026/03/18 12:23:59.471, 108.91 W, 95 %
2026/03/18 12:23:59.571, 108.92 W, 95 %
2026/03/18 12:23:59.671, 108.97 W, 95 %
2026/03/18 12:23:59.771, 108.97 W, 95 %
2026/03/18 12:23:59.872, 109.01 W, 95 %
2026/03/18 12:23:59.972, 108.97 W, 95 %
2026/03/18 12:24:00.072, 108.96 W, 95 %
2026/03/18 12:24:00.172, 108.96 W, 95 %
2026/03/18 12:24:00.272, 108.97 W, 95 %
2026/03/18 12:24:00.372, 108.98 W, 95 %
2026/03/18 12:24:00.472, 108.96 W, 95 %
2026/03/18 12:24:00.573, 108.94 W, 95 %
2026/03/18 12:24:00.673, 108.92 W, 95 %
2026/03/18 12:24:00.773, 108.92 W, 95 %
2026/03/18 12:24:00.873, 108.92 W, 95 %
2026/03/18 12:24:00.973, 108.93 W, 95 %
2026/03/18 12:24:01.073, 108.93 W, 95 %
2026/03/18 12:24:01.173, 108.98 W, 95 %
2026/03/18 12:24:01.274, 109.00 W, 95 %
2026/03/18 12:24:01.374, 108.99 W, 95 %
2026/03/18 12:24:01.474, 109.00 W, 95 %
2026/03/18 12:24:01.574, 109.01 W, 95 %
2026/03/18 12:24:01.674, 109.00 W, 95 %
2026/03/18 12:24:01.774, 109.04 W, 95 %
2026/03/18 12:24:01.874, 109.04 W, 95 %
2026/03/18 12:24:01.975, 109.06 W, 95 %
2026/03/18 12:24:02.075, 109.05 W, 95 %
2026/03/18 12:24:02.175, 109.05 W, 95 %
2026/03/18 12:24:02.275, 109.01 W, 95 %
2026/03/18 12:24:02.375, 109.03 W, 95 %
2026/03/18 12:24:02.475, 109.01 W, 95 %
2026/03/18 12:24:02.575, 109.02 W, 95 %
2026/03/18 12:24:02.676, 109.06 W, 95 %
2026/03/18 12:24:02.776, 109.01 W, 95 %
2026/03/18 12:24:02.876, 109.02 W, 95 %
2026/03/18 12:24:02.976, 109.01 W, 95 %
2026/03/18 12:24:03.076, 108.99 W, 95 %
2026/03/18 12:24:03.176, 109.03 W, 95 %
2026/03/18 12:24:03.276, 109.04 W, 95 %
2026/03/18 12:24:03.377, 109.02 W, 95 %
2026/03/18 12:24:03.477, 109.03 W, 95 %
2026/03/18 12:24:03.577, 109.01 W, 95 %
2026/03/18 12:24:03.677, 109.01 W, 95 %
2026/03/18 12:24:03.777, 109.01 W, 95 %
2026/03/18 12:24:03.877, 108.98 W, 95 %
2026/03/18 12:24:03.977, 109.01 W, 95 %
2026/03/18 12:24:04.078, 109.01 W, 95 %
2026/03/18 12:24:04.178, 108.97 W, 95 %
2026/03/18 12:24:04.278, 108.98 W, 95 %
2026/03/18 12:24:04.378, 108.96 W, 95 %
2026/03/18 12:24:04.478, 109.00 W, 95 %
2026/03/18 12:24:04.578, 109.01 W, 95 %
2026/03/18 12:24:04.678, 108.98 W, 95 %
2026/03/18 12:24:04.779, 108.97 W, 95 %
2026/03/18 12:24:04.879, 108.94 W, 95 %
2026/03/18 12:24:04.979, 108.93 W, 95 %
2026/03/18 12:24:05.079, 108.90 W, 95 %
2026/03/18 12:24:05.179, 108.88 W, 95 %
2026/03/18 12:24:05.279, 108.89 W, 95 %
2026/03/18 12:24:05.379, 108.88 W, 95 %
2026/03/18 12:24:05.480, 108.88 W, 95 %
2026/03/18 12:24:05.580, 108.88 W, 95 %
2026/03/18 12:24:05.680, 108.87 W, 95 %
2026/03/18 12:24:05.780, 108.83 W, 95 %
2026/03/18 12:24:05.880, 108.86 W, 95 %
2026/03/18 12:24:05.980, 108.88 W, 95 %
2026/03/18 12:24:06.080, 108.91 W, 95 %
2026/03/18 12:24:06.181, 108.89 W, 95 %
2026/03/18 12:24:06.281, 108.85 W, 95 %
2026/03/18 12:24:06.381, 108.90 W, 95 %
2026/03/18 12:24:06.481, 108.91 W, 95 %
2026/03/18 12:24:06.581, 108.87 W, 95 %
2026/03/18 12:24:06.681, 108.90 W, 95 %
2026/03/18 12:24:06.781, 108.93 W, 95 %
2026/03/18 12:24:06.882, 108.92 W, 95 %
2026/03/18 12:24:06.982, 108.88 W, 95 %
2026/03/18 12:24:07.082, 108.87 W, 95 %
2026/03/18 12:24:07.182, 108.82 W, 95 %
2026/03/18 12:24:07.282, 108.86 W, 95 %
2026/03/18 12:24:07.382, 108.81 W, 95 %
2026/03/18 12:24:07.482, 108.81 W, 95 %
2026/03/18 12:24:07.583, 108.85 W, 95 %
2026/03/18 12:24:07.683, 108.83 W, 95 %
2026/03/18 12:24:07.783, 108.88 W, 95 %
2026/03/18 12:24:07.883, 108.92 W, 95 %
2026/03/18 12:24:07.983, 108.97 W, 95 %
2026/03/18 12:24:08.083, 109.02 W, 95 %
2026/03/18 12:24:08.183, 109.04 W, 95 %
2026/03/18 12:24:08.283, 109.05 W, 95 %
2026/03/18 12:24:08.384, 109.10 W, 95 %
2026/03/18 12:24:08.484, 109.09 W, 95 %
2026/03/18 12:24:08.584, 109.09 W, 95 %
2026/03/18 12:24:08.684, 109.04 W, 95 %
2026/03/18 12:24:08.784, 109.00 W, 95 %
2026/03/18 12:24:08.884, 108.96 W, 95 %
2026/03/18 12:24:08.984, 108.97 W, 95 %
2026/03/18 12:24:09.085, 108.96 W, 95 %
2026/03/18 12:24:09.185, 109.01 W, 95 %
2026/03/18 12:24:09.285, 109.06 W, 95 %
2026/03/18 12:24:09.385, 109.06 W, 95 %
2026/03/18 12:24:09.485, 109.07 W, 95 %
2026/03/18 12:24:09.585, 109.03 W, 95 %
2026/03/18 12:24:09.685, 109.09 W, 95 %
2026/03/18 12:24:09.786, 109.11 W, 95 %
2026/03/18 12:24:09.886, 109.18 W, 95 %
2026/03/18 12:24:09.986, 109.16 W, 95 %
2026/03/18 12:24:10.086, 109.12 W, 95 %
2026/03/18 12:24:10.186, 109.12 W, 95 %
2026/03/18 12:24:10.286, 109.11 W, 95 %
2026/03/18 12:24:10.386, 109.06 W, 95 %
2026/03/18 12:24:10.487, 109.06 W, 95 %
2026/03/18 12:24:10.587, 109.07 W, 95 %
2026/03/18 12:24:10.687, 109.07 W, 95 %
2026/03/18 12:24:10.787, 109.02 W, 95 %
2026/03/18 12:24:10.887, 108.91 W, 95 %
2026/03/18 12:24:10.987, 108.96 W, 95 %
2026/03/18 12:24:11.087, 108.96 W, 95 %
2026/03/18 12:24:11.188, 108.96 W, 95 %
2026/03/18 12:24:11.288, 108.93 W, 95 %
2026/03/18 12:24:11.388, 108.93 W, 95 %
2026/03/18 12:24:11.488, 108.99 W, 95 %
2026/03/18 12:24:11.588, 108.96 W, 95 %
2026/03/18 12:24:11.688, 108.91 W, 95 %
2026/03/18 12:24:11.788, 108.92 W, 95 %
2026/03/18 12:24:11.889, 108.99 W, 95 %
2026/03/18 12:24:11.989, 108.99 W, 95 %
2026/03/18 12:24:12.089, 108.94 W, 95 %
2026/03/18 12:24:12.189, 108.92 W, 95 %
2026/03/18 12:24:12.289, 108.86 W, 95 %
2026/03/18 12:24:12.389, 108.85 W, 95 %
2026/03/18 12:24:12.489, 108.80 W, 95 %
2026/03/18 12:24:12.590, 108.82 W, 95 %
2026/03/18 12:24:12.690, 108.89 W, 95 %
2026/03/18 12:24:12.790, 108.90 W, 95 %
2026/03/18 12:24:12.890, 108.96 W, 95 %
2026/03/18 12:24:12.990, 108.89 W, 95 %
2026/03/18 12:24:13.090, 108.88 W, 95 %
2026/03/18 12:24:13.190, 108.93 W, 95 %
2026/03/18 12:24:13.291, 108.98 W, 95 %
2026/03/18 12:24:13.391, 109.01 W, 95 %
2026/03/18 12:24:13.491, 109.00 W, 95 %
2026/03/18 12:24:13.591, 109.05 W, 95 %
2026/03/18 12:24:13.691, 109.00 W, 95 %
2026/03/18 12:24:13.791, 109.00 W, 95 %
2026/03/18 12:24:13.891, 108.92 W, 95 %
2026/03/18 12:24:13.992, 108.93 W, 95 %
2026/03/18 12:24:14.092, 108.94 W, 95 %
2026/03/18 12:24:14.192, 108.90 W, 95 %
2026/03/18 12:24:14.292, 108.87 W, 95 %
2026/03/18 12:24:14.392, 108.91 W, 95 %
2026/03/18 12:24:14.492, 108.91 W, 95 %
2026/03/18 12:24:14.592, 108.92 W, 95 %
2026/03/18 12:24:14.693, 108.91 W, 95 %
2026/03/18 12:24:14.793, 108.86 W, 95 %
2026/03/18 12:24:14.893, 108.85 W, 95 %
2026/03/18 12:24:14.993, 108.83 W, 95 %
2026/03/18 12:24:15.093, 108.86 W, 95 %
2026/03/18 12:24:15.193, 108.88 W, 95 %
2026/03/18 12:24:15.293, 108.90 W, 95 %
2026/03/18 12:24:15.394, 108.87 W, 95 %
2026/03/18 12:24:15.494, 108.93 W, 95 %
2026/03/18 12:24:15.594, 108.92 W, 95 %
2026/03/18 12:24:15.694, 108.90 W, 95 %
2026/03/18 12:24:15.794, 108.96 W, 95 %
2026/03/18 12:24:15.894, 109.01 W, 95 %
2026/03/18 12:24:15.994, 109.05 W, 95 %
2026/03/18 12:24:16.095, 109.02 W, 95 %
2026/03/18 12:24:16.195, 108.92 W, 95 %
2026/03/18 12:24:16.295, 108.94 W, 95 %
2026/03/18 12:24:16.395, 108.97 W, 95 %
2026/03/18 12:24:16.495, 108.93 W, 95 %
2026/03/18 12:24:16.595, 108.93 W, 95 %
2026/03/18 12:24:16.695, 109.00 W, 95 %
2026/03/18 12:24:16.796, 109.01 W, 95 %
2026/03/18 12:24:16.896, 109.04 W, 95 %
2026/03/18 12:24:16.996, 109.04 W, 95 %
2026/03/18 12:24:17.096, 109.10 W, 95 %
2026/03/18 12:24:17.196, 109.19 W, 95 %
2026/03/18 12:24:17.296, 109.07 W, 95 %
2026/03/18 12:24:17.396, 109.08 W, 95 %
2026/03/18 12:24:17.497, 109.07 W, 95 %
2026/03/18 12:24:17.597, 109.04 W, 95 %
2026/03/18 12:24:17.697, 109.06 W, 95 %
2026/03/18 12:24:17.797, 109.01 W, 95 %
2026/03/18 12:24:17.897, 108.95 W, 95 %
2026/03/18 12:24:17.997, 108.95 W, 95 %
2026/03/18 12:24:18.097, 108.94 W, 95 %
2026/03/18 12:24:18.198, 108.96 W, 95 %
2026/03/18 12:24:18.298, 109.11 W, 95 %
2026/03/18 12:24:18.398, 109.03 W, 95 %
2026/03/18 12:24:18.498, 109.06 W, 95 %
2026/03/18 12:24:18.598, 109.09 W, 95 %
2026/03/18 12:24:18.698, 109.14 W, 95 %
2026/03/18 12:24:18.798, 109.16 W, 95 %
2026/03/18 12:24:18.899, 109.17 W, 95 %
2026/03/18 12:24:18.999, 109.08 W, 95 %
2026/03/18 12:24:19.099, 109.02 W, 95 %
2026/03/18 12:24:19.199, 108.99 W, 95 %
2026/03/18 12:24:19.299, 108.92 W, 95 %
2026/03/18 12:24:19.399, 108.96 W, 95 %
2026/03/18 12:24:19.499, 108.97 W, 95 %
2026/03/18 12:24:19.600, 108.93 W, 95 %
2026/03/18 12:24:19.700, 108.90 W, 95 %
2026/03/18 12:24:19.800, 108.88 W, 95 %
2026/03/18 12:24:19.900, 108.88 W, 95 %
2026/03/18 12:24:20.000, 108.96 W, 95 %
2026/03/18 12:24:20.100, 108.98 W, 95 %
2026/03/18 12:24:20.200, 108.94 W, 95 %
2026/03/18 12:24:20.301, 108.97 W, 95 %
2026/03/18 12:24:20.401, 108.96 W, 95 %
2026/03/18 12:24:20.501, 108.92 W, 95 %
2026/03/18 12:24:20.601, 108.94 W, 95 %
2026/03/18 12:24:20.701, 108.93 W, 95 %
2026/03/18 12:24:20.801, 108.93 W, 95 %
2026/03/18 12:24:20.901, 108.93 W, 95 %
2026/03/18 12:24:21.002, 108.92 W, 95 %
2026/03/18 12:24:21.102, 108.98 W, 95 %
2026/03/18 12:24:21.202, 109.06 W, 95 %
2026/03/18 12:24:21.302, 109.09 W, 95 %
2026/03/18 12:24:21.402, 109.00 W, 95 %
2026/03/18 12:24:21.502, 109.04 W, 95 %
2026/03/18 12:24:21.602, 109.07 W, 95 %
2026/03/18 12:24:21.703, 109.06 W, 95 %
2026/03/18 12:24:21.803, 109.06 W, 95 %
2026/03/18 12:24:21.903, 109.04 W, 95 %
2026/03/18 12:24:22.003, 109.06 W, 95 %
2026/03/18 12:24:22.103, 109.01 W, 95 %
2026/03/18 12:24:22.203, 108.97 W, 95 %
2026/03/18 12:24:22.303, 108.97 W, 95 %
2026/03/18 12:24:22.404, 109.01 W, 95 %
2026/03/18 12:24:22.504, 109.00 W, 95 %
2026/03/18 12:24:22.604, 109.01 W, 95 %
2026/03/18 12:24:22.704, 109.06 W, 95 %
2026/03/18 12:24:22.804, 108.95 W, 95 %
2026/03/18 12:24:22.904, 108.94 W, 95 %
2026/03/18 12:24:23.004, 108.93 W, 95 %
2026/03/18 12:24:23.105, 108.94 W, 95 %
2026/03/18 12:24:23.205, 108.92 W, 95 %
2026/03/18 12:24:23.305, 108.87 W, 95 %
2026/03/18 12:24:23.405, 108.89 W, 95 %
2026/03/18 12:24:23.505, 108.83 W, 95 %
2026/03/18 12:24:23.605, 108.84 W, 95 %
2026/03/18 12:24:23.705, 108.79 W, 95 %
2026/03/18 12:24:23.806, 108.92 W, 95 %
2026/03/18 12:24:23.906, 108.96 W, 95 %
2026/03/18 12:24:24.006, 108.99 W, 95 %
2026/03/18 12:24:24.106, 109.00 W, 95 %
2026/03/18 12:24:24.206, 108.96 W, 95 %
2026/03/18 12:24:24.306, 109.04 W, 95 %
2026/03/18 12:24:24.406, 109.02 W, 95 %
2026/03/18 12:24:24.507, 109.03 W, 95 %
2026/03/18 12:24:24.607, 109.03 W, 95 %
2026/03/18 12:24:24.707, 109.04 W, 95 %
2026/03/18 12:24:24.807, 108.98 W, 95 %
2026/03/18 12:24:24.907, 108.97 W, 95 %
2026/03/18 12:24:25.007, 108.93 W, 95 %
2026/03/18 12:24:25.107, 108.88 W, 95 %
2026/03/18 12:24:25.208, 108.91 W, 95 %
2026/03/18 12:24:25.308, 108.85 W, 95 %
2026/03/18 12:24:25.408, 108.84 W, 95 %
2026/03/18 12:24:25.508, 108.83 W, 95 %
2026/03/18 12:24:25.608, 108.84 W, 95 %
2026/03/18 12:24:25.708, 108.87 W, 95 %
2026/03/18 12:24:25.808, 108.92 W, 95 %
2026/03/18 12:24:25.909, 108.95 W, 95 %
2026/03/18 12:24:26.009, 108.92 W, 95 %
2026/03/18 12:24:26.109, 109.02 W, 95 %
2026/03/18 12:24:26.209, 109.03 W, 95 %
2026/03/18 12:24:26.309, 109.03 W, 95 %
2026/03/18 12:24:26.409, 109.06 W, 95 %
2026/03/18 12:24:26.509, 109.10 W, 95 %
2026/03/18 12:24:26.610, 109.06 W, 95 %
2026/03/18 12:24:26.710, 109.02 W, 95 %
2026/03/18 12:24:26.810, 108.98 W, 95 %
2026/03/18 12:24:26.910, 108.95 W, 95 %
2026/03/18 12:24:27.010, 108.99 W, 95 %
2026/03/18 12:24:27.110, 108.93 W, 95 %
2026/03/18 12:24:27.210, 108.92 W, 95 %
2026/03/18 12:24:27.310, 108.94 W, 95 %
2026/03/18 12:24:27.411, 108.97 W, 95 %
2026/03/18 12:24:27.511, 108.95 W, 95 %
2026/03/18 12:24:27.611, 109.00 W, 95 %
2026/03/18 12:24:27.711, 108.96 W, 95 %
2026/03/18 12:24:27.811, 108.96 W, 95 %
2026/03/18 12:24:27.911, 108.98 W, 95 %
2026/03/18 12:24:28.011, 109.00 W, 95 %
2026/03/18 12:24:28.112, 108.96 W, 95 %
2026/03/18 12:24:28.212, 108.93 W, 95 %
2026/03/18 12:24:28.312, 108.87 W, 95 %
2026/03/18 12:24:28.412, 108.88 W, 95 %
2026/03/18 12:24:28.512, 108.91 W, 95 %
2026/03/18 12:24:28.612, 108.88 W, 95 %
2026/03/18 12:24:28.712, 108.90 W, 95 %
2026/03/18 12:24:28.813, 108.95 W, 95 %
2026/03/18 12:24:28.913, 108.96 W, 95 %
2026/03/18 12:24:29.013, 108.98 W, 95 %
2026/03/18 12:24:29.113, 108.99 W, 95 %
2026/03/18 12:24:29.213, 108.99 W, 95 %
2026/03/18 12:24:29.313, 109.08 W, 95 %
2026/03/18 12:24:29.413, 109.05 W, 95 %
2026/03/18 12:24:29.514, 109.00 W, 95 %
2026/03/18 12:24:29.614, 109.04 W, 95 %
2026/03/18 12:24:29.714, 109.00 W, 95 %
2026/03/18 12:24:29.814, 108.96 W, 95 %
2026/03/18 12:24:29.914, 108.90 W, 95 %
2026/03/18 12:24:30.014, 108.88 W, 95 %
2026/03/18 12:24:30.114, 108.85 W, 95 %
2026/03/18 12:24:30.215, 108.95 W, 95 %
2026/03/18 12:24:30.315, 108.91 W, 95 %
2026/03/18 12:24:30.415, 108.89 W, 95 %
2026/03/18 12:24:30.515, 108.90 W, 95 %
2026/03/18 12:24:30.615, 108.88 W, 95 %
2026/03/18 12:24:30.715, 108.91 W, 95 %
2026/03/18 12:24:30.815, 108.93 W, 95 %
2026/03/18 12:24:30.916, 108.92 W, 95 %
2026/03/18 12:24:31.016, 108.92 W, 95 %
2026/03/18 12:24:31.116, 108.94 W, 95 %
2026/03/18 12:24:31.216, 108.89 W, 95 %
2026/03/18 12:24:31.316, 108.83 W, 95 %
2026/03/18 12:24:31.416, 108.85 W, 95 %
2026/03/18 12:24:31.516, 108.86 W, 95 %
2026/03/18 12:24:31.617, 108.90 W, 95 %
2026/03/18 12:24:31.717, 108.94 W, 95 %
2026/03/18 12:24:31.817, 108.93 W, 95 %
2026/03/18 12:24:31.917, 108.92 W, 95 %
2026/03/18 12:24:32.017, 108.97 W, 95 %
2026/03/18 12:24:32.117, 108.99 W, 95 %
2026/03/18 12:24:32.217, 109.03 W, 95 %
2026/03/18 12:24:32.318, 109.04 W, 95 %
2026/03/18 12:24:32.418, 109.01 W, 95 %
2026/03/18 12:24:32.518, 109.05 W, 95 %
2026/03/18 12:24:32.618, 109.05 W, 95 %
2026/03/18 12:24:32.718, 109.01 W, 95 %
2026/03/18 12:24:32.818, 108.99 W, 95 %
2026/03/18 12:24:32.918, 109.00 W, 95 %
2026/03/18 12:24:33.019, 108.96 W, 95 %
2026/03/18 12:24:33.119, 108.92 W, 95 %
2026/03/18 12:24:33.219, 108.88 W, 95 %
2026/03/18 12:24:33.319, 108.93 W, 95 %
2026/03/18 12:24:33.419, 108.90 W, 95 %
2026/03/18 12:24:33.519, 108.86 W, 95 %
2026/03/18 12:24:33.619, 108.88 W, 95 %
2026/03/18 12:24:33.720, 108.90 W, 95 %
2026/03/18 12:24:33.820, 108.91 W, 95 %
2026/03/18 12:24:33.920, 108.87 W, 95 %
2026/03/18 12:24:34.020, 108.86 W, 93 %
2026/03/18 12:24:34.120, 108.88 W, 93 %
2026/03/18 12:24:34.220, 108.90 W, 95 %
2026/03/18 12:24:34.320, 108.90 W, 95 %
2026/03/18 12:24:34.421, 108.95 W, 95 %
2026/03/18 12:24:34.521, 108.99 W, 95 %
2026/03/18 12:24:34.621, 108.93 W, 95 %
2026/03/18 12:24:34.721, 108.94 W, 95 %
2026/03/18 12:24:34.821, 108.98 W, 95 %
2026/03/18 12:24:34.921, 109.01 W, 95 %
2026/03/18 12:24:35.021, 109.02 W, 95 %
2026/03/18 12:24:35.122, 109.01 W, 95 %
2026/03/18 12:24:35.222, 109.02 W, 95 %
2026/03/18 12:24:35.322, 108.99 W, 95 %
2026/03/18 12:24:35.422, 108.97 W, 95 %
2026/03/18 12:24:35.522, 108.99 W, 95 %
2026/03/18 12:24:35.622, 109.03 W, 95 %
2026/03/18 12:24:35.722, 108.97 W, 95 %
2026/03/18 12:24:35.823, 109.03 W, 95 %
2026/03/18 12:24:35.923, 109.07 W, 95 %
2026/03/18 12:24:36.023, 109.10 W, 95 %
2026/03/18 12:24:36.123, 109.10 W, 95 %
2026/03/18 12:24:36.223, 109.07 W, 95 %
2026/03/18 12:24:36.323, 109.09 W, 95 %
2026/03/18 12:24:36.423, 109.17 W, 95 %
2026/03/18 12:24:36.524, 109.12 W, 95 %
2026/03/18 12:24:36.624, 109.13 W, 95 %
2026/03/18 12:24:36.724, 109.18 W, 95 %
2026/03/18 12:24:36.824, 109.13 W, 95 %
2026/03/18 12:24:36.924, 109.11 W, 95 %
2026/03/18 12:24:37.024, 109.11 W, 95 %
2026/03/18 12:24:37.124, 109.11 W, 95 %
2026/03/18 12:24:37.225, 109.09 W, 95 %
2026/03/18 12:24:37.325, 109.06 W, 95 %
2026/03/18 12:24:37.425, 109.03 W, 95 %
2026/03/18 12:24:37.525, 109.11 W, 95 %
2026/03/18 12:24:37.625, 109.10 W, 95 %
2026/03/18 12:24:37.725, 109.13 W, 95 %
2026/03/18 12:24:37.825, 109.07 W, 95 %
2026/03/18 12:24:37.925, 109.05 W, 95 %
2026/03/18 12:24:38.026, 109.06 W, 95 %
2026/03/18 12:24:38.126, 109.08 W, 95 %
2026/03/18 12:24:38.226, 109.06 W, 95 %
2026/03/18 12:24:38.326, 109.05 W, 95 %
2026/03/18 12:24:38.426, 109.02 W, 95 %
2026/03/18 12:24:38.526, 108.99 W, 95 %
2026/03/18 12:24:38.626, 108.99 W, 95 %
2026/03/18 12:24:38.727, 108.99 W, 95 %
2026/03/18 12:24:38.827, 108.99 W, 95 %
2026/03/18 12:24:38.927, 108.93 W, 95 %
2026/03/18 12:24:39.027, 108.93 W, 95 %
2026/03/18 12:24:39.127, 108.91 W, 95 %
2026/03/18 12:24:39.227, 108.96 W, 95 %
2026/03/18 12:24:39.327, 108.94 W, 95 %
2026/03/18 12:24:39.428, 108.95 W, 95 %
2026/03/18 12:24:39.528, 108.96 W, 95 %
2026/03/18 12:24:39.628, 108.92 W, 95 %
2026/03/18 12:24:39.728, 108.92 W, 95 %
2026/03/18 12:24:39.828, 108.94 W, 95 %
2026/03/18 12:24:39.928, 108.94 W, 95 %
2026/03/18 12:24:40.028, 108.94 W, 95 %
2026/03/18 12:24:40.129, 108.97 W, 95 %
2026/03/18 12:24:40.229, 108.98 W, 95 %
2026/03/18 12:24:40.329, 109.00 W, 94 %
2026/03/18 12:24:40.429, 109.05 W, 94 %
2026/03/18 12:24:40.529, 109.05 W, 95 %
2026/03/18 12:24:40.629, 109.06 W, 95 %
2026/03/18 12:24:40.729, 109.07 W, 95 %
2026/03/18 12:24:40.830, 109.07 W, 95 %
2026/03/18 12:24:40.930, 109.07 W, 95 %
2026/03/18 12:24:41.030, 109.09 W, 95 %
2026/03/18 12:24:41.130, 109.12 W, 95 %
2026/03/18 12:24:41.230, 109.10 W, 95 %
2026/03/18 12:24:41.330, 109.07 W, 95 %
2026/03/18 12:24:41.430, 109.02 W, 95 %
2026/03/18 12:24:41.531, 109.05 W, 95 %
2026/03/18 12:24:41.631, 109.04 W, 95 %
2026/03/18 12:24:41.731, 109.05 W, 95 %
2026/03/18 12:24:41.831, 109.09 W, 95 %
2026/03/18 12:24:41.931, 109.10 W, 95 %
2026/03/18 12:24:42.031, 109.09 W, 95 %
2026/03/18 12:24:42.131, 109.01 W, 95 %
2026/03/18 12:24:42.232, 109.01 W, 95 %
2026/03/18 12:24:42.332, 108.96 W, 95 %
2026/03/18 12:24:42.432, 108.93 W, 95 %
2026/03/18 12:24:42.532, 108.89 W, 95 %
2026/03/18 12:24:42.632, 108.82 W, 95 %
2026/03/18 12:24:42.732, 108.78 W, 95 %
2026/03/18 12:24:42.832, 108.76 W, 95 %
2026/03/18 12:24:42.933, 108.72 W, 95 %
2026/03/18 12:24:43.033, 108.68 W, 95 %
2026/03/18 12:24:43.133, 108.65 W, 95 %
2026/03/18 12:24:43.233, 108.66 W, 95 %
2026/03/18 12:24:43.333, 108.70 W, 95 %
2026/03/18 12:24:43.433, 108.77 W, 95 %
2026/03/18 12:24:43.533, 108.81 W, 95 %
2026/03/18 12:24:43.634, 108.88 W, 95 %
2026/03/18 12:24:43.734, 108.86 W, 95 %
2026/03/18 12:24:43.834, 108.85 W, 95 %
2026/03/18 12:24:43.934, 108.85 W, 95 %
2026/03/18 12:24:44.034, 108.94 W, 95 %
2026/03/18 12:24:44.134, 108.95 W, 95 %
2026/03/18 12:24:44.234, 108.99 W, 95 %
2026/03/18 12:24:44.335, 109.02 W, 95 %
2026/03/18 12:24:44.435, 108.98 W, 95 %
2026/03/18 12:24:44.535, 108.97 W, 95 %
2026/03/18 12:24:44.635, 108.97 W, 95 %
2026/03/18 12:24:44.735, 109.04 W, 95 %
2026/03/18 12:24:44.835, 109.10 W, 95 %
2026/03/18 12:24:44.935, 109.16 W, 95 %
2026/03/18 12:24:45.036, 109.11 W, 95 %
2026/03/18 12:24:45.136, 109.12 W, 95 %
2026/03/18 12:24:45.236, 109.12 W, 95 %
2026/03/18 12:24:45.336, 109.11 W, 95 %
2026/03/18 12:24:45.436, 109.10 W, 95 %
2026/03/18 12:24:45.536, 109.11 W, 95 %
2026/03/18 12:24:45.636, 109.18 W, 95 %
2026/03/18 12:24:45.737, 109.13 W, 95 %
2026/03/18 12:24:45.837, 109.12 W, 95 %
2026/03/18 12:24:45.937, 109.12 W, 95 %
2026/03/18 12:24:46.037, 109.14 W, 95 %
2026/03/18 12:24:46.137, 109.16 W, 95 %
2026/03/18 12:24:46.237, 109.14 W, 95 %
2026/03/18 12:24:46.337, 109.10 W, 95 %
2026/03/18 12:24:46.438, 109.14 W, 95 %
2026/03/18 12:24:46.538, 109.16 W, 95 %
2026/03/18 12:24:46.638, 109.12 W, 95 %
2026/03/18 12:24:46.738, 109.11 W, 95 %
2026/03/18 12:24:46.838, 109.07 W, 95 %
2026/03/18 12:24:46.938, 109.05 W, 95 %
2026/03/18 12:24:47.038, 109.01 W, 95 %
2026/03/18 12:24:47.139, 108.98 W, 95 %
2026/03/18 12:24:47.239, 108.99 W, 95 %
2026/03/18 12:24:47.339, 108.97 W, 95 %
2026/03/18 12:24:47.439, 108.96 W, 95 %
2026/03/18 12:24:47.539, 108.93 W, 95 %
2026/03/18 12:24:47.639, 108.90 W, 95 %
2026/03/18 12:24:47.739, 108.93 W, 95 %
2026/03/18 12:24:47.839, 108.99 W, 95 %
2026/03/18 12:24:47.940, 108.95 W, 95 %
2026/03/18 12:24:48.040, 108.92 W, 95 %
2026/03/18 12:24:48.140, 108.89 W, 95 %
2026/03/18 12:24:48.240, 108.89 W, 95 %
2026/03/18 12:24:48.340, 108.90 W, 95 %
2026/03/18 12:24:48.440, 108.93 W, 95 %
2026/03/18 12:24:48.540, 108.99 W, 95 %
2026/03/18 12:24:48.641, 109.02 W, 95 %
2026/03/18 12:24:48.741, 109.03 W, 95 %
2026/03/18 12:24:48.841, 108.97 W, 95 %
2026/03/18 12:24:48.941, 108.97 W, 95 %
2026/03/18 12:24:49.041, 108.98 W, 95 %
2026/03/18 12:24:49.141, 109.00 W, 95 %
2026/03/18 12:24:49.241, 108.93 W, 95 %
2026/03/18 12:24:49.342, 108.95 W, 95 %
2026/03/18 12:24:49.442, 109.00 W, 95 %
2026/03/18 12:24:49.542, 109.00 W, 95 %
2026/03/18 12:24:49.642, 108.99 W, 95 %
2026/03/18 12:24:49.742, 108.94 W, 95 %
2026/03/18 12:24:49.842, 109.02 W, 95 %
2026/03/18 12:24:49.942, 109.03 W, 95 %
2026/03/18 12:24:50.043, 109.06 W, 95 %
2026/03/18 12:24:50.143, 109.11 W, 95 %
2026/03/18 12:24:50.243, 109.23 W, 95 %
2026/03/18 12:24:50.343, 109.24 W, 95 %
2026/03/18 12:24:50.443, 109.19 W, 95 %
2026/03/18 12:24:50.543, 109.12 W, 95 %
2026/03/18 12:24:50.643, 109.11 W, 95 %
2026/03/18 12:24:50.744, 109.12 W, 95 %
2026/03/18 12:24:50.844, 109.09 W, 95 %
2026/03/18 12:24:50.944, 109.10 W, 95 %
2026/03/18 12:24:51.044, 109.03 W, 95 %
2026/03/18 12:24:51.144, 109.02 W, 95 %
2026/03/18 12:24:51.244, 108.99 W, 95 %
2026/03/18 12:24:51.344, 108.94 W, 95 %
2026/03/18 12:24:51.445, 108.93 W, 95 %
2026/03/18 12:24:51.545, 108.99 W, 95 %
2026/03/18 12:24:51.645, 109.02 W, 95 %
2026/03/18 12:24:51.745, 108.99 W, 95 %
2026/03/18 12:24:51.845, 109.05 W, 95 %
2026/03/18 12:24:51.945, 108.99 W, 95 %
2026/03/18 12:24:52.045, 109.05 W, 95 %
2026/03/18 12:24:52.146, 109.02 W, 95 %
2026/03/18 12:24:52.246, 108.99 W, 95 %
2026/03/18 12:24:52.346, 109.06 W, 95 %
2026/03/18 12:24:52.446, 108.99 W, 95 %
2026/03/18 12:24:52.546, 108.93 W, 95 %
2026/03/18 12:24:52.646, 108.92 W, 95 %
2026/03/18 12:24:52.746, 108.87 W, 95 %
2026/03/18 12:24:52.847, 108.81 W, 95 %
2026/03/18 12:24:52.947, 108.85 W, 95 %
2026/03/18 12:24:53.047, 108.86 W, 95 %
2026/03/18 12:24:53.147, 108.84 W, 95 %
2026/03/18 12:24:53.247, 108.91 W, 95 %
2026/03/18 12:24:53.347, 108.90 W, 95 %
2026/03/18 12:24:53.447, 108.92 W, 95 %
2026/03/18 12:24:53.548, 108.93 W, 95 %
2026/03/18 12:24:53.648, 108.95 W, 95 %
2026/03/18 12:24:53.748, 109.00 W, 95 %
2026/03/18 12:24:53.848, 109.00 W, 95 %
2026/03/18 12:24:53.948, 109.00 W, 95 %
2026/03/18 12:24:54.048, 108.98 W, 95 %
2026/03/18 12:24:54.148, 108.97 W, 95 %
2026/03/18 12:24:54.249, 108.93 W, 95 %
2026/03/18 12:24:54.349, 108.88 W, 95 %
2026/03/18 12:24:54.449, 108.90 W, 95 %
2026/03/18 12:24:54.549, 108.97 W, 95 %
2026/03/18 12:24:54.649, 109.00 W, 95 %
2026/03/18 12:24:54.749, 108.97 W, 95 %
2026/03/18 12:24:54.849, 109.03 W, 95 %
2026/03/18 12:24:54.950, 109.00 W, 95 %
2026/03/18 12:24:55.050, 109.03 W, 95 %
2026/03/18 12:24:55.150, 109.08 W, 95 %
2026/03/18 12:24:55.250, 109.09 W, 95 %
2026/03/18 12:24:55.350, 109.12 W, 95 %
2026/03/18 12:24:55.450, 109.08 W, 95 %
2026/03/18 12:24:55.550, 109.03 W, 95 %
2026/03/18 12:24:55.651, 108.98 W, 95 %
2026/03/18 12:24:55.751, 108.97 W, 95 %
2026/03/18 12:24:55.851, 108.92 W, 95 %
2026/03/18 12:24:55.951, 108.93 W, 95 %
2026/03/18 12:24:56.051, 108.91 W, 95 %
2026/03/18 12:24:56.151, 108.90 W, 95 %
2026/03/18 12:24:56.251, 108.89 W, 95 %
2026/03/18 12:24:56.352, 108.91 W, 95 %
2026/03/18 12:24:56.452, 108.96 W, 95 %
2026/03/18 12:24:56.552, 108.97 W, 95 %
2026/03/18 12:24:56.652, 108.93 W, 95 %
2026/03/18 12:24:56.752, 108.94 W, 95 %
2026/03/18 12:24:56.852, 108.97 W, 95 %
2026/03/18 12:24:56.952, 108.99 W, 95 %
2026/03/18 12:24:57.052, 109.03 W, 95 %
2026/03/18 12:24:57.153, 109.01 W, 95 %
2026/03/18 12:24:57.253, 109.02 W, 95 %
2026/03/18 12:24:57.353, 109.01 W, 95 %
2026/03/18 12:24:57.453, 109.03 W, 95 %
2026/03/18 12:24:57.553, 109.06 W, 95 %
2026/03/18 12:24:57.653, 109.06 W, 95 %
2026/03/18 12:24:57.753, 109.05 W, 95 %
2026/03/18 12:24:57.854, 109.09 W, 95 %
2026/03/18 12:24:57.954, 109.13 W, 95 %
2026/03/18 12:24:58.054, 109.10 W, 95 %
2026/03/18 12:24:58.154, 109.10 W, 95 %
2026/03/18 12:24:58.254, 109.07 W, 95 %
2026/03/18 12:24:58.354, 109.00 W, 95 %
2026/03/18 12:24:58.454, 108.98 W, 95 %
2026/03/18 12:24:58.555, 108.97 W, 95 %
2026/03/18 12:24:58.655, 108.92 W, 95 %
2026/03/18 12:24:58.755, 108.90 W, 95 %
2026/03/18 12:24:58.855, 108.85 W, 95 %
2026/03/18 12:24:58.955, 108.84 W, 95 %
2026/03/18 12:24:59.055, 108.83 W, 95 %
2026/03/18 12:24:59.155, 108.85 W, 95 %
2026/03/18 12:24:59.256, 108.87 W, 95 %
2026/03/18 12:24:59.356, 108.93 W, 95 %
2026/03/18 12:24:59.456, 108.94 W, 95 %
2026/03/18 12:24:59.556, 108.99 W, 95 %
2026/03/18 12:24:59.656, 109.04 W, 95 %
2026/03/18 12:24:59.756, 109.10 W, 95 %
2026/03/18 12:24:59.856, 109.15 W, 95 %
2026/03/18 12:24:59.957, 109.15 W, 95 %
2026/03/18 12:25:00.057, 109.15 W, 95 %
2026/03/18 12:25:00.157, 109.09 W, 95 %
2026/03/18 12:25:00.257, 109.09 W, 95 %
2026/03/18 12:25:00.357, 109.06 W, 95 %
2026/03/18 12:25:00.457, 109.09 W, 95 %
2026/03/18 12:25:00.557, 109.10 W, 95 %
2026/03/18 12:25:00.658, 109.07 W, 95 %
2026/03/18 12:25:00.758, 108.99 W, 95 %
2026/03/18 12:25:00.858, 108.91 W, 95 %
2026/03/18 12:25:00.958, 108.85 W, 95 %
2026/03/18 12:25:01.058, 108.81 W, 95 %
2026/03/18 12:25:01.158, 108.80 W, 95 %
2026/03/18 12:25:01.258, 108.79 W, 95 %
2026/03/18 12:25:01.359, 108.80 W, 95 %
2026/03/18 12:25:01.459, 108.78 W, 95 %
2026/03/18 12:25:01.559, 108.74 W, 95 %
2026/03/18 12:25:01.659, 108.74 W, 95 %
2026/03/18 12:25:01.759, 108.68 W, 95 %
2026/03/18 12:25:01.859, 108.81 W, 95 %
2026/03/18 12:25:01.959, 108.82 W, 95 %
2026/03/18 12:25:02.060, 108.84 W, 95 %
2026/03/18 12:25:02.160, 108.87 W, 95 %
2026/03/18 12:25:02.260, 108.85 W, 95 %
2026/03/18 12:25:02.360, 108.87 W, 95 %
2026/03/18 12:25:02.460, 108.88 W, 95 %
2026/03/18 12:25:02.560, 108.85 W, 95 %
2026/03/18 12:25:02.660, 108.86 W, 95 %
2026/03/18 12:25:02.761, 108.91 W, 95 %
2026/03/18 12:25:02.861, 108.88 W, 95 %
2026/03/18 12:25:02.961, 108.95 W, 95 %
2026/03/18 12:25:03.061, 108.90 W, 95 %
2026/03/18 12:25:03.161, 108.89 W, 95 %
2026/03/18 12:25:03.261, 108.89 W, 95 %
2026/03/18 12:25:03.361, 108.87 W, 95 %
2026/03/18 12:25:03.462, 108.89 W, 95 %
2026/03/18 12:25:03.562, 108.97 W, 95 %
2026/03/18 12:25:03.662, 108.99 W, 95 %
2026/03/18 12:25:03.762, 109.02 W, 95 %
2026/03/18 12:25:03.862, 109.02 W, 95 %
2026/03/18 12:25:03.962, 109.01 W, 95 %
2026/03/18 12:25:04.062, 109.04 W, 95 %
2026/03/18 12:25:04.163, 109.01 W, 95 %
2026/03/18 12:25:04.263, 109.05 W, 95 %
2026/03/18 12:25:04.363, 108.92 W, 95 %
2026/03/18 12:25:04.463, 108.91 W, 95 %
2026/03/18 12:25:04.563, 108.89 W, 95 %
2026/03/18 12:25:04.663, 108.81 W, 95 %
2026/03/18 12:25:04.763, 108.83 W, 95 %
2026/03/18 12:25:04.864, 108.82 W, 95 %
2026/03/18 12:25:04.964, 108.83 W, 95 %
2026/03/18 12:25:05.064, 108.81 W, 95 %
2026/03/18 12:25:05.164, 108.81 W, 95 %
2026/03/18 12:25:05.264, 108.86 W, 95 %
2026/03/18 12:25:05.364, 109.00 W, 95 %
2026/03/18 12:25:05.464, 108.99 W, 95 %
2026/03/18 12:25:05.565, 108.98 W, 95 %
2026/03/18 12:25:05.665, 108.95 W, 95 %
2026/03/18 12:25:05.765, 108.96 W, 95 %
2026/03/18 12:25:05.865, 108.94 W, 95 %
2026/03/18 12:25:05.965, 108.93 W, 95 %
2026/03/18 12:25:06.065, 108.99 W, 95 %
2026/03/18 12:25:06.165, 109.00 W, 95 %
2026/03/18 12:25:06.266, 109.05 W, 95 %
2026/03/18 12:25:06.366, 108.97 W, 95 %
2026/03/18 12:25:06.466, 108.96 W, 95 %
2026/03/18 12:25:06.566, 108.98 W, 95 %
2026/03/18 12:25:06.666, 108.97 W, 95 %
2026/03/18 12:25:06.766, 108.90 W, 95 %
2026/03/18 12:25:06.866, 108.83 W, 95 %
2026/03/18 12:25:06.967, 108.78 W, 95 %
2026/03/18 12:25:07.067, 108.80 W, 95 %
2026/03/18 12:25:07.167, 108.82 W, 95 %
2026/03/18 12:25:07.267, 108.78 W, 95 %
2026/03/18 12:25:07.367, 108.79 W, 95 %
2026/03/18 12:25:07.467, 108.79 W, 95 %
2026/03/18 12:25:07.567, 108.83 W, 95 %
2026/03/18 12:25:07.668, 108.90 W, 95 %
2026/03/18 12:25:07.768, 108.95 W, 95 %
2026/03/18 12:25:07.868, 109.00 W, 95 %
2026/03/18 12:25:07.968, 109.08 W, 95 %
2026/03/18 12:25:08.068, 109.06 W, 95 %
2026/03/18 12:25:08.168, 109.01 W, 95 %
2026/03/18 12:25:08.268, 109.00 W, 95 %
2026/03/18 12:25:08.368, 109.03 W, 95 %
2026/03/18 12:25:08.469, 109.03 W, 95 %
2026/03/18 12:25:08.569, 109.01 W, 95 %
2026/03/18 12:25:08.669, 109.03 W, 95 %
2026/03/18 12:25:08.769, 109.01 W, 95 %
2026/03/18 12:25:08.869, 109.04 W, 95 %
2026/03/18 12:25:08.969, 109.00 W, 95 %
2026/03/18 12:25:09.069, 108.96 W, 95 %
2026/03/18 12:25:09.170, 108.98 W, 95 %
2026/03/18 12:25:09.270, 109.02 W, 95 %
2026/03/18 12:25:09.370, 109.01 W, 95 %
2026/03/18 12:25:09.470, 109.03 W, 95 %
2026/03/18 12:25:09.570, 109.06 W, 95 %
2026/03/18 12:25:09.670, 109.03 W, 95 %
2026/03/18 12:25:09.770, 109.04 W, 95 %
2026/03/18 12:25:09.871, 109.04 W, 95 %
2026/03/18 12:25:09.971, 109.07 W, 95 %
2026/03/18 12:25:10.071, 109.06 W, 95 %
2026/03/18 12:25:10.171, 109.06 W, 95 %
2026/03/18 12:25:10.271, 108.99 W, 95 %
2026/03/18 12:25:10.371, 109.00 W, 95 %
2026/03/18 12:25:10.471, 108.95 W, 95 %
2026/03/18 12:25:10.572, 108.89 W, 95 %
2026/03/18 12:25:10.672, 108.89 W, 95 %
2026/03/18 12:25:10.772, 108.88 W, 95 %
2026/03/18 12:25:10.872, 108.91 W, 95 %
2026/03/18 12:25:10.972, 108.87 W, 95 %
2026/03/18 12:25:11.072, 108.91 W, 95 %
2026/03/18 12:25:11.172, 108.87 W, 95 %
2026/03/18 12:25:11.273, 108.93 W, 95 %
2026/03/18 12:25:11.373, 108.90 W, 95 %
2026/03/18 12:25:11.473, 108.96 W, 95 %
2026/03/18 12:25:11.573, 109.02 W, 95 %
2026/03/18 12:25:11.673, 108.98 W, 95 %
2026/03/18 12:25:11.773, 109.00 W, 95 %
2026/03/18 12:25:11.873, 108.92 W, 95 %
2026/03/18 12:25:11.974, 108.92 W, 95 %
2026/03/18 12:25:12.074, 108.84 W, 95 %
2026/03/18 12:25:12.174, 108.88 W, 95 %
2026/03/18 12:25:12.274, 108.87 W, 95 %
2026/03/18 12:25:12.374, 108.86 W, 95 %
2026/03/18 12:25:12.474, 108.89 W, 95 %
2026/03/18 12:25:12.574, 108.92 W, 95 %
2026/03/18 12:25:12.675, 108.96 W, 95 %
2026/03/18 12:25:12.775, 108.97 W, 95 %
2026/03/18 12:25:12.875, 109.07 W, 95 %
2026/03/18 12:25:12.975, 109.09 W, 95 %
2026/03/18 12:25:13.075, 109.17 W, 95 %
2026/03/18 12:25:13.175, 109.12 W, 95 %
2026/03/18 12:25:13.275, 109.13 W, 95 %
2026/03/18 12:25:13.376, 109.15 W, 95 %
2026/03/18 12:25:13.476, 109.14 W, 95 %
2026/03/18 12:25:13.576, 109.03 W, 95 %
2026/03/18 12:25:13.676, 109.04 W, 95 %
2026/03/18 12:25:13.776, 108.94 W, 95 %
2026/03/18 12:25:13.876, 108.86 W, 95 %
2026/03/18 12:25:13.976, 108.88 W, 95 %
2026/03/18 12:25:14.077, 108.80 W, 95 %
2026/03/18 12:25:14.177, 108.85 W, 95 %
2026/03/18 12:25:14.277, 108.85 W, 95 %
2026/03/18 12:25:14.377, 108.88 W, 95 %
2026/03/18 12:25:14.477, 108.76 W, 95 %
2026/03/18 12:25:14.577, 108.79 W, 95 %
2026/03/18 12:25:14.677, 108.75 W, 95 %
2026/03/18 12:25:14.778, 108.80 W, 95 %
2026/03/18 12:25:14.878, 108.93 W, 95 %
2026/03/18 12:25:14.978, 108.96 W, 95 %
2026/03/18 12:25:15.078, 108.95 W, 95 %
2026/03/18 12:25:15.178, 108.92 W, 95 %
2026/03/18 12:25:15.278, 108.88 W, 95 %
2026/03/18 12:25:15.378, 108.91 W, 95 %
2026/03/18 12:25:15.479, 109.01 W, 95 %
2026/03/18 12:25:15.579, 109.02 W, 95 %
2026/03/18 12:25:15.679, 108.96 W, 95 %
2026/03/18 12:25:15.779, 109.01 W, 95 %
2026/03/18 12:25:15.879, 108.90 W, 95 %
2026/03/18 12:25:15.979, 108.90 W, 95 %
2026/03/18 12:25:16.079, 108.90 W, 95 %
2026/03/18 12:25:16.180, 108.92 W, 95 %
2026/03/18 12:25:16.280, 108.86 W, 95 %
2026/03/18 12:25:16.380, 108.83 W, 95 %
2026/03/18 12:25:16.480, 108.76 W, 95 %
2026/03/18 12:25:16.580, 108.83 W, 95 %
2026/03/18 12:25:16.680, 108.90 W, 95 %
2026/03/18 12:25:16.780, 108.89 W, 95 %
2026/03/18 12:25:16.881, 108.90 W, 95 %
2026/03/18 12:25:16.981, 108.91 W, 95 %
2026/03/18 12:25:17.081, 108.80 W, 95 %
2026/03/18 12:25:17.181, 108.75 W, 95 %
2026/03/18 12:25:17.281, 108.82 W, 95 %
2026/03/18 12:25:17.381, 108.77 W, 95 %
2026/03/18 12:25:17.481, 108.83 W, 95 %
2026/03/18 12:25:17.582, 108.74 W, 95 %
2026/03/18 12:25:17.682, 108.72 W, 95 %
2026/03/18 12:25:17.782, 108.74 W, 95 %
2026/03/18 12:25:17.882, 108.70 W, 95 %
2026/03/18 12:25:17.982, 108.73 W, 95 %
2026/03/18 12:25:18.082, 108.74 W, 95 %
2026/03/18 12:25:18.182, 108.80 W, 95 %
2026/03/18 12:25:18.283, 108.84 W, 95 %
2026/03/18 12:25:18.383, 108.85 W, 95 %
2026/03/18 12:25:18.483, 108.79 W, 95 %
2026/03/18 12:25:18.583, 108.91 W, 95 %
2026/03/18 12:25:18.683, 108.90 W, 95 %
2026/03/18 12:25:18.783, 108.87 W, 95 %
2026/03/18 12:25:18.883, 108.91 W, 95 %
2026/03/18 12:25:18.984, 108.98 W, 95 %
2026/03/18 12:25:19.084, 109.02 W, 95 %
2026/03/18 12:25:19.184, 109.01 W, 95 %
2026/03/18 12:25:19.284, 108.99 W, 95 %
2026/03/18 12:25:19.384, 109.03 W, 95 %
2026/03/18 12:25:19.484, 109.12 W, 95 %
2026/03/18 12:25:19.584, 109.08 W, 95 %
2026/03/18 12:25:19.684, 109.01 W, 95 %
2026/03/18 12:25:19.785, 108.98 W, 95 %
2026/03/18 12:25:19.885, 109.04 W, 95 %
2026/03/18 12:25:19.985, 108.93 W, 95 %
2026/03/18 12:25:20.085, 108.94 W, 95 %
2026/03/18 12:25:20.185, 108.91 W, 95 %
2026/03/18 12:25:20.285, 108.94 W, 95 %
2026/03/18 12:25:20.386, 108.99 W, 95 %
2026/03/18 12:25:20.486, 109.02 W, 95 %
2026/03/18 12:25:20.586, 108.98 W, 95 %
2026/03/18 12:25:20.686, 109.02 W, 95 %
2026/03/18 12:25:20.786, 109.06 W, 95 %
2026/03/18 12:25:20.886, 109.00 W, 95 %
2026/03/18 12:25:20.986, 108.98 W, 95 %
2026/03/18 12:25:21.087, 108.98 W, 95 %
2026/03/18 12:25:21.187, 109.02 W, 95 %
2026/03/18 12:25:21.287, 108.94 W, 95 %
2026/03/18 12:25:21.387, 108.96 W, 95 %
2026/03/18 12:25:21.487, 108.93 W, 95 %
2026/03/18 12:25:21.587, 108.86 W, 95 %
2026/03/18 12:25:21.687, 108.87 W, 95 %
2026/03/18 12:25:21.788, 108.85 W, 95 %
2026/03/18 12:25:21.888, 108.88 W, 95 %
2026/03/18 12:25:21.988, 108.83 W, 95 %
2026/03/18 12:25:22.088, 108.85 W, 95 %
2026/03/18 12:25:22.188, 108.84 W, 95 %
2026/03/18 12:25:22.288, 108.89 W, 95 %
2026/03/18 12:25:22.388, 108.80 W, 95 %
2026/03/18 12:25:22.489, 108.74 W, 95 %
2026/03/18 12:25:22.589, 108.82 W, 95 %
2026/03/18 12:25:22.689, 108.84 W, 95 %
2026/03/18 12:25:22.789, 108.88 W, 95 %
2026/03/18 12:25:22.889, 108.89 W, 95 %
2026/03/18 12:25:22.989, 108.87 W, 95 %
2026/03/18 12:25:23.089, 108.93 W, 95 %
2026/03/18 12:25:23.190, 108.94 W, 95 %
2026/03/18 12:25:23.290, 108.90 W, 95 %
2026/03/18 12:25:23.390, 109.01 W, 95 %
2026/03/18 12:25:23.490, 109.06 W, 95 %
2026/03/18 12:25:23.590, 109.08 W, 95 %
2026/03/18 12:25:23.690, 109.05 W, 95 %
2026/03/18 12:25:23.790, 109.01 W, 95 %
2026/03/18 12:25:23.891, 109.03 W, 95 %
2026/03/18 12:25:23.991, 109.06 W, 95 %
2026/03/18 12:25:24.091, 108.94 W, 95 %
2026/03/18 12:25:24.191, 108.99 W, 95 %
2026/03/18 12:25:24.291, 108.87 W, 95 %
2026/03/18 12:25:24.391, 108.75 W, 95 %
2026/03/18 12:25:24.491, 108.75 W, 95 %
2026/03/18 12:25:24.592, 108.72 W, 95 %
2026/03/18 12:25:24.692, 108.72 W, 95 %
2026/03/18 12:25:24.792, 108.72 W, 95 %
2026/03/18 12:25:24.892, 108.68 W, 95 %
2026/03/18 12:25:24.992, 108.72 W, 95 %
2026/03/18 12:25:25.092, 108.67 W, 95 %
2026/03/18 12:25:25.192, 108.64 W, 95 %
2026/03/18 12:25:25.293, 108.83 W, 95 %
2026/03/18 12:25:25.393, 108.89 W, 95 %
2026/03/18 12:25:25.493, 108.87 W, 95 %
2026/03/18 12:25:25.593, 108.83 W, 95 %
2026/03/18 12:25:25.693, 108.89 W, 95 %
2026/03/18 12:25:25.793, 108.87 W, 95 %
2026/03/18 12:25:25.893, 108.92 W, 95 %
2026/03/18 12:25:25.994, 108.90 W, 95 %
2026/03/18 12:25:26.094, 108.99 W, 95 %
2026/03/18 12:25:26.194, 108.92 W, 95 %
2026/03/18 12:25:26.294, 108.95 W, 95 %
2026/03/18 12:25:26.394, 108.93 W, 95 %
2026/03/18 12:25:26.494, 108.97 W, 95 %
2026/03/18 12:25:26.594, 109.01 W, 95 %
2026/03/18 12:25:26.695, 109.01 W, 95 %
2026/03/18 12:25:26.795, 109.03 W, 95 %
2026/03/18 12:25:26.895, 109.05 W, 95 %
2026/03/18 12:25:26.995, 109.05 W, 95 %
2026/03/18 12:25:27.095, 108.99 W, 95 %
2026/03/18 12:25:27.195, 109.11 W, 95 %
2026/03/18 12:25:27.295, 109.06 W, 95 %
2026/03/18 12:25:27.396, 109.05 W, 95 %
2026/03/18 12:25:27.496, 109.05 W, 95 %
2026/03/18 12:25:27.596, 109.10 W, 95 %
2026/03/18 12:25:27.696, 109.06 W, 95 %
2026/03/18 12:25:27.796, 109.07 W, 95 %
2026/03/18 12:25:27.896, 109.05 W, 95 %
2026/03/18 12:25:27.996, 109.02 W, 95 %
2026/03/18 12:25:28.097, 109.04 W, 95 %
2026/03/18 12:25:28.197, 109.03 W, 95 %
2026/03/18 12:25:28.297, 109.07 W, 95 %
2026/03/18 12:25:28.397, 109.07 W, 95 %
2026/03/18 12:25:28.497, 109.07 W, 95 %
2026/03/18 12:25:28.597, 109.05 W, 95 %
2026/03/18 12:25:28.697, 109.04 W, 95 %
2026/03/18 12:25:28.798, 109.03 W, 95 %
2026/03/18 12:25:28.898, 109.01 W, 95 %
2026/03/18 12:25:28.998, 109.04 W, 95 %
2026/03/18 12:25:29.098, 109.01 W, 95 %
2026/03/18 12:25:29.198, 108.96 W, 95 %
2026/03/18 12:25:29.298, 108.94 W, 95 %
2026/03/18 12:25:29.398, 108.97 W, 95 %
2026/03/18 12:25:29.499, 108.99 W, 95 %
2026/03/18 12:25:29.599, 108.96 W, 95 %
2026/03/18 12:25:29.699, 108.94 W, 95 %
2026/03/18 12:25:29.799, 108.88 W, 95 %
2026/03/18 12:25:29.899, 108.94 W, 95 %
2026/03/18 12:25:29.999, 108.91 W, 95 %
2026/03/18 12:25:30.099, 108.93 W, 95 %
2026/03/18 12:25:30.200, 108.96 W, 95 %
2026/03/18 12:25:30.300, 108.93 W, 95 %
2026/03/18 12:25:30.400, 108.88 W, 95 %
2026/03/18 12:25:30.500, 108.93 W, 95 %
2026/03/18 12:25:30.600, 108.94 W, 95 %
2026/03/18 12:25:30.700, 108.94 W, 95 %
2026/03/18 12:25:30.800, 109.00 W, 95 %
2026/03/18 12:25:30.901, 108.90 W, 95 %
2026/03/18 12:25:31.001, 108.93 W, 95 %
2026/03/18 12:25:31.101, 108.89 W, 95 %
2026/03/18 12:25:31.201, 108.94 W, 95 %
2026/03/18 12:25:31.301, 108.96 W, 95 %
2026/03/18 12:25:31.401, 108.98 W, 95 %
2026/03/18 12:25:31.501, 108.88 W, 95 %
2026/03/18 12:25:31.602, 108.86 W, 95 %
2026/03/18 12:25:31.702, 108.87 W, 95 %
2026/03/18 12:25:31.802, 108.79 W, 95 %
2026/03/18 12:25:31.902, 108.83 W, 95 %
2026/03/18 12:25:32.002, 108.86 W, 95 %
2026/03/18 12:25:32.102, 108.92 W, 95 %
2026/03/18 12:25:32.202, 108.87 W, 95 %
2026/03/18 12:25:32.303, 108.91 W, 95 %
2026/03/18 12:25:32.403, 108.87 W, 95 %
2026/03/18 12:25:32.503, 108.86 W, 95 %
2026/03/18 12:25:32.603, 108.91 W, 95 %
2026/03/18 12:25:32.703, 108.94 W, 95 %
2026/03/18 12:25:32.803, 109.04 W, 95 %
2026/03/18 12:25:32.903, 109.06 W, 95 %
2026/03/18 12:25:33.004, 109.00 W, 95 %
2026/03/18 12:25:33.104, 108.97 W, 95 %
2026/03/18 12:25:33.204, 109.05 W, 95 %
2026/03/18 12:25:33.304, 109.08 W, 95 %
2026/03/18 12:25:33.404, 108.99 W, 93 %
2026/03/18 12:25:33.504, 109.01 W, 93 %
2026/03/18 12:25:33.604, 109.03 W, 95 %
2026/03/18 12:25:33.705, 108.97 W, 95 %
2026/03/18 12:25:33.805, 108.96 W, 95 %
2026/03/18 12:25:33.905, 108.95 W, 95 %
2026/03/18 12:25:34.005, 108.89 W, 95 %
2026/03/18 12:25:34.105, 108.90 W, 95 %
2026/03/18 12:25:34.205, 108.82 W, 95 %
2026/03/18 12:25:34.305, 108.66 W, 95 %
2026/03/18 12:25:34.406, 108.69 W, 95 %
2026/03/18 12:25:34.506, 108.75 W, 95 %
2026/03/18 12:25:34.606, 108.71 W, 95 %
2026/03/18 12:25:34.706, 108.76 W, 95 %
2026/03/18 12:25:34.806, 108.72 W, 95 %
2026/03/18 12:25:34.906, 108.66 W, 95 %
2026/03/18 12:25:35.006, 108.72 W, 95 %
2026/03/18 12:25:35.107, 108.70 W, 95 %
2026/03/18 12:25:35.207, 108.75 W, 95 %
2026/03/18 12:25:35.307, 108.84 W, 95 %
2026/03/18 12:25:35.407, 108.87 W, 95 %
2026/03/18 12:25:35.507, 108.83 W, 95 %
2026/03/18 12:25:35.607, 108.78 W, 95 %
2026/03/18 12:25:45.000, 103.70 W, 52 %
2026/03/18 12:25:45.100, 104.19 W, 52 %
2026/03/18 12:25:45.200, 104.77 W, 95 %
2026/03/18 12:25:45.300, 105.27 W, 95 %
2026/03/18 12:25:45.400, 105.80 W, 95 %
2026/03/18 12:25:45.500, 106.33 W, 95 %
2026/03/18 12:25:45.601, 106.93 W, 95 %
2026/03/18 12:25:45.701, 107.52 W, 95 %
2026/03/18 12:25:45.801, 107.94 W, 95 %
2026/03/18 12:25:45.901, 108.41 W, 95 %
2026/03/18 12:25:46.001, 108.69 W, 95 %
2026/03/18 12:25:46.101, 108.69 W, 95 %
2026/03/18 12:25:46.201, 108.72 W, 95 %
2026/03/18 12:25:46.302, 108.80 W, 95 %
2026/03/18 12:25:46.402, 108.77 W, 95 %
2026/03/18 12:25:46.502, 108.77 W, 95 %
2026/03/18 12:25:46.602, 108.76 W, 95 %
2026/03/18 12:25:46.702, 108.79 W, 95 %
2026/03/18 12:25:46.802, 108.83 W, 95 %
2026/03/18 12:25:46.902, 108.84 W, 95 %
2026/03/18 12:25:47.003, 108.88 W, 95 %
2026/03/18 12:25:47.103, 108.91 W, 95 %
2026/03/18 12:25:47.203, 108.94 W, 95 %
2026/03/18 12:25:47.303, 108.87 W, 95 %
2026/03/18 12:25:47.403, 108.87 W, 95 %
2026/03/18 12:25:47.503, 108.86 W, 95 %
2026/03/18 12:25:47.603, 108.87 W, 95 %
2026/03/18 12:25:47.704, 108.83 W, 95 %
2026/03/18 12:25:47.804, 108.79 W, 95 %
2026/03/18 12:25:47.904, 108.82 W, 95 %
2026/03/18 12:25:48.004, 108.81 W, 95 %
2026/03/18 12:25:48.104, 108.82 W, 95 %
2026/03/18 12:25:48.204, 108.82 W, 95 %
2026/03/18 12:25:48.304, 108.82 W, 95 %
2026/03/18 12:25:48.405, 108.83 W, 95 %
2026/03/18 12:25:48.505, 108.82 W, 95 %
2026/03/18 12:25:48.605, 108.83 W, 95 %
2026/03/18 12:25:48.705, 108.89 W, 95 %
2026/03/18 12:25:48.805, 108.91 W, 95 %
2026/03/18 12:25:48.905, 108.97 W, 95 %
2026/03/18 12:25:49.005, 108.98 W, 95 %
2026/03/18 12:25:49.106, 108.96 W, 95 %
2026/03/18 12:25:49.206, 108.99 W, 95 %
2026/03/18 12:25:49.306, 109.00 W, 95 %
2026/03/18 12:25:49.406, 109.02 W, 95 %
2026/03/18 12:25:49.506, 109.03 W, 95 %
2026/03/18 12:25:49.606, 109.01 W, 95 %
2026/03/18 12:25:49.706, 109.00 W, 95 %
2026/03/18 12:25:49.807, 109.00 W, 95 %
2026/03/18 12:25:49.907, 108.91 W, 95 %
2026/03/18 12:25:50.007, 108.91 W, 95 %
2026/03/18 12:25:50.107, 108.94 W, 95 %
2026/03/18 12:25:50.207, 108.95 W, 95 %
2026/03/18 12:25:50.307, 108.92 W, 95 %
2026/03/18 12:25:50.407, 108.92 W, 95 %
2026/03/18 12:25:50.508, 108.94 W, 95 %
2026/03/18 12:25:50.608, 108.90 W, 95 %
2026/03/18 12:25:50.708, 108.88 W, 95 %
2026/03/18 12:25:50.808, 108.89 W, 95 %
2026/03/18 12:25:50.908, 108.90 W, 95 %
2026/03/18 12:25:51.008, 108.91 W, 95 %
2026/03/18 12:25:51.108, 108.91 W, 95 %
2026/03/18 12:25:51.209, 108.84 W, 95 %
2026/03/18 12:25:51.309, 108.86 W, 95 %
2026/03/18 12:25:51.409, 108.89 W, 95 %
2026/03/18 12:25:51.509, 108.83 W, 95 %
2026/03/18 12:25:51.609, 108.80 W, 95 %
2026/03/18 12:25:51.709, 108.80 W, 95 %
2026/03/18 12:25:51.809, 108.76 W, 95 %
2026/03/18 12:25:51.910, 108.77 W, 95 %
2026/03/18 12:25:52.010, 108.76 W, 95 %
2026/03/18 12:25:52.110, 108.76 W, 95 %
2026/03/18 12:25:52.210, 108.75 W, 95 %
2026/03/18 12:25:52.310, 108.81 W, 95 %
2026/03/18 12:25:52.410, 108.83 W, 95 %
2026/03/18 12:25:52.510, 108.86 W, 95 %
2026/03/18 12:25:52.611, 108.94 W, 95 %
2026/03/18 12:25:52.711, 108.94 W, 95 %
2026/03/18 12:25:52.811, 109.00 W, 95 %
2026/03/18 12:25:52.911, 108.98 W, 95 %
2026/03/18 12:25:53.011, 108.98 W, 95 %
2026/03/18 12:25:53.111, 108.93 W, 95 %
2026/03/18 12:25:53.211, 108.98 W, 95 %
2026/03/18 12:25:53.312, 108.96 W, 95 %
2026/03/18 12:25:53.412, 108.94 W, 95 %
2026/03/18 12:25:53.512, 108.96 W, 95 %
2026/03/18 12:25:53.612, 108.92 W, 95 %
2026/03/18 12:25:53.712, 108.94 W, 95 %
2026/03/18 12:25:53.812, 108.96 W, 95 %
2026/03/18 12:25:53.912, 109.02 W, 95 %
2026/03/18 12:25:54.013, 109.00 W, 95 %
2026/03/18 12:25:54.113, 109.04 W, 95 %
2026/03/18 12:25:54.213, 108.98 W, 95 %
2026/03/18 12:25:54.313, 108.99 W, 95 %
2026/03/18 12:25:54.413, 108.97 W, 95 %
2026/03/18 12:25:54.513, 108.90 W, 95 %
2026/03/18 12:25:54.613, 108.92 W, 95 %
2026/03/18 12:25:54.714, 108.87 W, 95 %
2026/03/18 12:25:54.814, 108.79 W, 95 %
2026/03/18 12:25:54.914, 108.74 W, 95 %
2026/03/18 12:25:55.014, 108.80 W, 95 %
2026/03/18 12:25:55.114, 108.74 W, 95 %
2026/03/18 12:25:55.214, 108.80 W, 95 %
2026/03/18 12:25:55.314, 108.76 W, 95 %
2026/03/18 12:25:55.415, 108.75 W, 95 %
2026/03/18 12:25:55.515, 108.78 W, 95 %
2026/03/18 12:25:55.615, 108.72 W, 95 %
2026/03/18 12:25:55.715, 108.73 W, 95 %
2026/03/18 12:25:55.815, 108.78 W, 95 %
2026/03/18 12:25:55.915, 108.82 W, 95 %
2026/03/18 12:25:56.015, 108.81 W, 95 %
2026/03/18 12:25:56.116, 108.89 W, 95 %
2026/03/18 12:25:56.216, 108.90 W, 95 %
2026/03/18 12:25:56.316, 108.93 W, 95 %
2026/03/18 12:25:56.416, 108.93 W, 95 %
2026/03/18 12:25:56.516, 108.92 W, 95 %
2026/03/18 12:25:56.616, 109.01 W, 95 %
2026/03/18 12:25:56.716, 109.06 W, 95 %
2026/03/18 12:25:56.817, 109.08 W, 95 %
2026/03/18 12:25:56.917, 109.10 W, 95 %
2026/03/18 12:25:57.017, 109.08 W, 95 %
2026/03/18 12:25:57.117, 109.10 W, 95 %
2026/03/18 12:25:57.217, 109.04 W, 95 %
2026/03/18 12:25:57.317, 109.04 W, 95 %
2026/03/18 12:25:57.417, 109.01 W, 95 %
2026/03/18 12:25:57.518, 109.03 W, 95 %
2026/03/18 12:25:57.618, 108.97 W, 95 %
2026/03/18 12:25:57.718, 108.99 W, 95 %
2026/03/18 12:25:57.818, 108.93 W, 95 %
2026/03/18 12:25:57.918, 108.89 W, 95 %
2026/03/18 12:25:58.018, 108.87 W, 95 %
2026/03/18 12:25:58.118, 108.82 W, 95 %
2026/03/18 12:25:58.218, 108.83 W, 95 %
2026/03/18 12:25:58.319, 108.88 W, 95 %
2026/03/18 12:25:58.419, 108.95 W, 95 %
2026/03/18 12:25:58.519, 108.99 W, 95 %
2026/03/18 12:25:58.619, 108.97 W, 95 %
2026/03/18 12:25:58.719, 108.94 W, 95 %
2026/03/18 12:25:58.819, 108.99 W, 95 %
2026/03/18 12:25:58.919, 108.96 W, 95 %
2026/03/18 12:25:59.020, 108.98 W, 95 %
2026/03/18 12:25:59.120, 109.01 W, 95 %
2026/03/18 12:25:59.220, 109.03 W, 95 %
2026/03/18 12:25:59.320, 109.02 W, 95 %
2026/03/18 12:25:59.420, 108.93 W, 95 %
2026/03/18 12:25:59.520, 108.88 W, 95 %
2026/03/18 12:25:59.620, 108.94 W, 95 %
2026/03/18 12:25:59.721, 108.87 W, 95 %
2026/03/18 12:25:59.821, 108.92 W, 95 %
2026/03/18 12:25:59.921, 108.93 W, 95 %
2026/03/18 12:26:00.021, 108.93 W, 95 %
2026/03/18 12:26:00.121, 108.90 W, 95 %
2026/03/18 12:26:00.221, 108.88 W, 95 %
2026/03/18 12:26:00.321, 108.82 W, 95 %
2026/03/18 12:26:00.422, 108.86 W, 95 %
2026/03/18 12:26:00.522, 108.86 W, 95 %
2026/03/18 12:26:00.622, 108.84 W, 95 %
2026/03/18 12:26:00.722, 108.82 W, 95 %
2026/03/18 12:26:00.822, 108.79 W, 95 %
2026/03/18 12:26:00.922, 108.81 W, 95 %
2026/03/18 12:26:01.022, 108.86 W, 95 %
2026/03/18 12:26:01.123, 108.92 W, 95 %
2026/03/18 12:26:01.223, 108.93 W, 95 %
2026/03/18 12:26:01.323, 108.94 W, 95 %
2026/03/18 12:26:01.423, 108.94 W, 95 %
2026/03/18 12:26:01.523, 108.96 W, 95 %
2026/03/18 12:26:01.623, 108.89 W, 95 %
2026/03/18 12:26:01.724, 108.94 W, 95 %
2026/03/18 12:26:01.824, 108.95 W, 94 %
2026/03/18 12:26:01.924, 108.92 W, 94 %
2026/03/18 12:26:02.024, 108.96 W, 95 %
2026/03/18 12:26:02.124, 108.92 W, 95 %
2026/03/18 12:26:02.224, 108.85 W, 95 %
2026/03/18 12:26:02.324, 108.83 W, 95 %
2026/03/18 12:26:02.425, 108.82 W, 95 %
2026/03/18 12:26:02.525, 108.80 W, 95 %
2026/03/18 12:26:02.625, 108.86 W, 95 %
2026/03/18 12:26:02.725, 108.91 W, 95 %
2026/03/18 12:26:02.825, 108.84 W, 95 %
2026/03/18 12:26:02.925, 108.86 W, 95 %
2026/03/18 12:26:03.025, 108.78 W, 95 %
2026/03/18 12:26:03.126, 108.77 W, 95 %
2026/03/18 12:26:03.226, 108.82 W, 95 %
2026/03/18 12:26:03.326, 108.88 W, 95 %
2026/03/18 12:26:03.426, 108.93 W, 95 %
2026/03/18 12:26:03.526, 108.93 W, 95 %
2026/03/18 12:26:03.626, 108.95 W, 95 %
2026/03/18 12:26:03.726, 108.94 W, 95 %
2026/03/18 12:26:03.827, 108.98 W, 95 %
2026/03/18 12:26:03.927, 108.96 W, 95 %
2026/03/18 12:26:04.027, 108.97 W, 95 %
2026/03/18 12:26:04.127, 109.00 W, 95 %
2026/03/18 12:26:04.227, 109.03 W, 95 %
2026/03/18 12:26:04.327, 108.99 W, 95 %
2026/03/18 12:26:04.427, 108.92 W, 95 %
2026/03/18 12:26:04.528, 108.97 W, 95 %
2026/03/18 12:26:04.628, 108.91 W, 95 %
2026/03/18 12:26:04.728, 108.89 W, 95 %
2026/03/18 12:26:04.828, 108.93 W, 95 %
2026/03/18 12:26:04.928, 108.96 W, 95 %
2026/03/18 12:26:05.028, 109.01 W, 95 %
2026/03/18 12:26:05.128, 108.97 W, 95 %
2026/03/18 12:26:05.229, 108.94 W, 95 %
2026/03/18 12:26:05.329, 108.93 W, 95 %
2026/03/18 12:26:05.429, 108.94 W, 95 %
2026/03/18 12:26:05.529, 108.94 W, 95 %
2026/03/18 12:26:05.629, 108.89 W, 95 %
2026/03/18 12:26:05.729, 108.87 W, 95 %
2026/03/18 12:26:05.829, 108.83 W, 95 %
2026/03/18 12:26:05.930, 108.80 W, 95 %
2026/03/18 12:26:06.030, 108.74 W, 95 %
2026/03/18 12:26:06.130, 108.76 W, 95 %
2026/03/18 12:26:06.230, 108.77 W, 95 %
2026/03/18 12:26:06.330, 108.82 W, 95 %
2026/03/18 12:26:06.430, 108.81 W, 95 %
2026/03/18 12:26:06.530, 108.82 W, 95 %
2026/03/18 12:26:06.631, 108.86 W, 95 %
2026/03/18 12:26:06.731, 108.85 W, 95 %
2026/03/18 12:26:06.831, 108.85 W, 95 %
2026/03/18 12:26:06.931, 108.86 W, 95 %
2026/03/18 12:26:07.031, 108.88 W, 95 %
2026/03/18 12:26:07.131, 108.93 W, 95 %
2026/03/18 12:26:07.231, 108.98 W, 95 %
2026/03/18 12:26:07.331, 108.91 W, 95 %
2026/03/18 12:26:07.432, 108.93 W, 95 %
2026/03/18 12:26:07.532, 108.84 W, 95 %
2026/03/18 12:26:07.632, 108.86 W, 95 %
2026/03/18 12:26:07.732, 108.89 W, 95 %
2026/03/18 12:26:07.832, 108.85 W, 95 %
2026/03/18 12:26:07.932, 108.92 W, 95 %
2026/03/18 12:26:08.032, 108.91 W, 95 %
2026/03/18 12:26:08.133, 108.86 W, 95 %
2026/03/18 12:26:08.233, 108.84 W, 95 %
2026/03/18 12:26:08.333, 108.84 W, 95 %
2026/03/18 12:26:08.433, 108.80 W, 95 %
2026/03/18 12:26:08.533, 108.85 W, 95 %
2026/03/18 12:26:08.633, 108.84 W, 95 %
2026/03/18 12:26:08.733, 108.90 W, 95 %
2026/03/18 12:26:08.834, 108.96 W, 95 %
2026/03/18 12:26:08.934, 108.93 W, 95 %
2026/03/18 12:26:09.034, 108.96 W, 95 %
2026/03/18 12:26:09.134, 108.88 W, 95 %
2026/03/18 12:26:09.234, 108.88 W, 95 %
2026/03/18 12:26:09.334, 108.88 W, 95 %
2026/03/18 12:26:09.434, 108.89 W, 95 %
2026/03/18 12:26:09.535, 108.84 W, 95 %
2026/03/18 12:26:09.635, 108.85 W, 95 %
2026/03/18 12:26:09.735, 108.83 W, 95 %
2026/03/18 12:26:09.835, 108.79 W, 95 %
2026/03/18 12:26:09.935, 108.77 W, 95 %
2026/03/18 12:26:10.035, 108.73 W, 95 %
2026/03/18 12:26:10.135, 108.82 W, 95 %
2026/03/18 12:26:10.235, 108.79 W, 95 %
2026/03/18 12:26:10.336, 108.78 W, 95 %
2026/03/18 12:26:10.436, 108.82 W, 95 %
2026/03/18 12:26:10.536, 108.84 W, 95 %
2026/03/18 12:26:10.636, 108.89 W, 95 %
2026/03/18 12:26:10.736, 108.86 W, 95 %
2026/03/18 12:26:10.836, 108.88 W, 95 %
2026/03/18 12:26:10.936, 108.81 W, 95 %
2026/03/18 12:26:11.037, 108.80 W, 95 %
2026/03/18 12:26:11.137, 108.75 W, 95 %
2026/03/18 12:26:11.237, 108.72 W, 95 %
2026/03/18 12:26:11.337, 108.76 W, 95 %
2026/03/18 12:26:11.437, 108.73 W, 95 %
2026/03/18 12:26:11.537, 108.78 W, 95 %
2026/03/18 12:26:11.637, 108.77 W, 95 %
2026/03/18 12:26:11.738, 108.74 W, 95 %
2026/03/18 12:26:11.838, 108.76 W, 95 %
2026/03/18 12:26:11.938, 108.83 W, 95 %
2026/03/18 12:26:12.038, 108.86 W, 95 %
2026/03/18 12:26:12.138, 108.90 W, 95 %
2026/03/18 12:26:12.238, 108.93 W, 95 %
2026/03/18 12:26:12.339, 108.93 W, 95 %
2026/03/18 12:26:12.439, 108.94 W, 95 %
2026/03/18 12:26:12.539, 108.92 W, 95 %
2026/03/18 12:26:12.639, 108.89 W, 95 %
2026/03/18 12:26:12.739, 108.90 W, 95 %
2026/03/18 12:26:12.839, 108.90 W, 95 %
2026/03/18 12:26:12.939, 108.83 W, 95 %
2026/03/18 12:26:13.040, 108.86 W, 95 %
2026/03/18 12:26:13.140, 108.89 W, 95 %
2026/03/18 12:26:13.240, 108.93 W, 95 %
2026/03/18 12:26:13.340, 108.90 W, 95 %
2026/03/18 12:26:13.440, 108.86 W, 95 %
2026/03/18 12:26:13.540, 108.91 W, 95 %
2026/03/18 12:26:13.640, 108.94 W, 95 %
2026/03/18 12:26:13.741, 108.94 W, 95 %
2026/03/18 12:26:13.841, 109.02 W, 95 %
2026/03/18 12:26:13.941, 109.05 W, 95 %
2026/03/18 12:26:14.041, 109.06 W, 95 %
2026/03/18 12:26:14.141, 108.99 W, 95 %
2026/03/18 12:26:14.241, 108.95 W, 95 %
2026/03/18 12:26:14.341, 108.88 W, 95 %
2026/03/18 12:26:14.442, 108.89 W, 95 %
2026/03/18 12:26:14.542, 108.82 W, 95 %
2026/03/18 12:26:14.642, 108.80 W, 95 %
2026/03/18 12:26:14.742, 108.72 W, 95 %
2026/03/18 12:26:14.842, 108.77 W, 95 %
2026/03/18 12:26:14.942, 108.78 W, 95 %
2026/03/18 12:26:15.042, 108.78 W, 95 %
2026/03/18 12:26:15.143, 108.82 W, 95 %
2026/03/18 12:26:15.243, 108.86 W, 95 %
2026/03/18 12:26:15.343, 108.91 W, 95 %
2026/03/18 12:26:15.443, 109.01 W, 95 %
2026/03/18 12:26:15.543, 109.00 W, 95 %
2026/03/18 12:26:15.643, 108.95 W, 95 %
2026/03/18 12:26:15.743, 109.04 W, 95 %
2026/03/18 12:26:15.844, 108.95 W, 95 %
2026/03/18 12:26:15.944, 108.87 W, 95 %
2026/03/18 12:26:16.044, 108.83 W, 95 %
2026/03/18 12:26:16.144, 108.79 W, 95 %
2026/03/18 12:26:16.244, 108.77 W, 95 %
2026/03/18 12:26:16.344, 108.79 W, 95 %
2026/03/18 12:26:16.444, 108.68 W, 95 %
2026/03/18 12:26:16.545, 108.70 W, 95 %
2026/03/18 12:26:16.646, 108.78 W, 95 %
2026/03/18 12:26:16.746, 108.73 W, 95 %
2026/03/18 12:26:16.846, 108.76 W, 95 %
2026/03/18 12:26:16.946, 108.85 W, 95 %
2026/03/18 12:26:17.046, 108.88 W, 95 %
2026/03/18 12:26:17.146, 108.92 W, 95 %
2026/03/18 12:26:17.247, 108.95 W, 95 %
2026/03/18 12:26:17.347, 108.90 W, 95 %
2026/03/18 12:26:17.447, 108.91 W, 95 %
2026/03/18 12:26:17.547, 108.92 W, 95 %
2026/03/18 12:26:17.647, 108.88 W, 95 %
2026/03/18 12:26:17.747, 108.93 W, 95 %
2026/03/18 12:26:17.847, 108.94 W, 95 %
2026/03/18 12:26:17.947, 108.93 W, 95 %
2026/03/18 12:26:18.048, 108.89 W, 95 %
2026/03/18 12:26:18.148, 108.95 W, 95 %
2026/03/18 12:26:18.248, 108.96 W, 95 %
2026/03/18 12:26:18.348, 108.95 W, 95 %
2026/03/18 12:26:18.448, 109.03 W, 95 %
2026/03/18 12:26:18.548, 109.03 W, 95 %
2026/03/18 12:26:18.648, 109.04 W, 95 %
2026/03/18 12:26:18.749, 109.04 W, 95 %
2026/03/18 12:26:18.849, 109.07 W, 95 %
2026/03/18 12:26:18.949, 109.03 W, 95 %
2026/03/18 12:26:19.049, 109.01 W, 95 %
2026/03/18 12:26:19.149, 108.95 W, 95 %
2026/03/18 12:26:19.249, 108.87 W, 95 %
2026/03/18 12:26:19.349, 108.88 W, 95 %
2026/03/18 12:26:19.450, 108.81 W, 95 %
2026/03/18 12:26:19.550, 108.83 W, 95 %
2026/03/18 12:26:19.650, 108.87 W, 95 %
2026/03/18 12:26:19.750, 108.82 W, 95 %
2026/03/18 12:26:19.850, 108.78 W, 95 %
2026/03/18 12:26:19.950, 108.75 W, 95 %
2026/03/18 12:26:20.050, 108.75 W, 95 %
2026/03/18 12:26:20.151, 108.77 W, 95 %
2026/03/18 12:26:20.251, 108.81 W, 95 %
2026/03/18 12:26:20.351, 108.83 W, 95 %
2026/03/18 12:26:20.451, 108.88 W, 95 %
2026/03/18 12:26:20.551, 108.88 W, 95 %
2026/03/18 12:26:20.651, 108.91 W, 95 %
2026/03/18 12:26:20.751, 108.92 W, 95 %
2026/03/18 12:26:20.852, 108.98 W, 95 %
2026/03/18 12:26:20.952, 109.10 W, 95 %
2026/03/18 12:26:21.052, 109.12 W, 95 %
2026/03/18 12:26:21.152, 109.09 W, 95 %
2026/03/18 12:26:21.252, 109.14 W, 95 %
2026/03/18 12:26:21.352, 109.08 W, 95 %
2026/03/18 12:26:21.452, 109.11 W, 95 %
2026/03/18 12:26:21.553, 109.14 W, 95 %
2026/03/18 12:26:21.653, 109.10 W, 95 %
2026/03/18 12:26:21.753, 109.09 W, 95 %
2026/03/18 12:26:21.853, 109.06 W, 95 %
2026/03/18 12:26:21.953, 108.91 W, 95 %
2026/03/18 12:26:22.053, 108.88 W, 95 %
2026/03/18 12:26:22.153, 108.91 W, 95 %
2026/03/18 12:26:22.254, 108.84 W, 95 %
2026/03/18 12:26:22.354, 108.86 W, 95 %
2026/03/18 12:26:22.454, 108.76 W, 95 %
2026/03/18 12:26:22.554, 108.72 W, 95 %
2026/03/18 12:26:22.654, 108.70 W, 95 %
2026/03/18 12:26:22.754, 108.76 W, 95 %
2026/03/18 12:26:22.854, 108.77 W, 95 %
2026/03/18 12:26:22.955, 108.79 W, 95 %
2026/03/18 12:26:23.055, 108.80 W, 95 %
2026/03/18 12:26:23.155, 108.81 W, 95 %
2026/03/18 12:26:23.255, 108.78 W, 95 %
2026/03/18 12:26:23.355, 108.79 W, 95 %
2026/03/18 12:26:23.455, 108.84 W, 95 %
2026/03/18 12:26:23.555, 108.85 W, 95 %
2026/03/18 12:26:23.656, 108.81 W, 95 %
2026/03/18 12:26:23.756, 108.80 W, 95 %
2026/03/18 12:26:23.856, 108.78 W, 95 %
2026/03/18 12:26:23.956, 108.80 W, 95 %
2026/03/18 12:26:24.056, 108.81 W, 95 %
2026/03/18 12:26:24.156, 108.78 W, 95 %
2026/03/18 12:26:24.256, 108.79 W, 95 %
2026/03/18 12:26:24.357, 108.83 W, 95 %
2026/03/18 12:26:24.457, 108.85 W, 95 %
2026/03/18 12:26:24.557, 108.85 W, 95 %
2026/03/18 12:26:24.657, 108.88 W, 95 %
2026/03/18 12:26:24.757, 108.94 W, 95 %
2026/03/18 12:26:24.857, 108.98 W, 95 %
2026/03/18 12:26:24.957, 109.04 W, 95 %
2026/03/18 12:26:25.058, 109.08 W, 95 %
2026/03/18 12:26:25.158, 109.06 W, 95 %
2026/03/18 12:26:25.258, 109.08 W, 95 %
2026/03/18 12:26:25.358, 109.10 W, 95 %
2026/03/18 12:26:25.458, 109.08 W, 95 %
2026/03/18 12:26:25.558, 109.09 W, 95 %
2026/03/18 12:26:25.658, 109.08 W, 95 %
2026/03/18 12:26:25.759, 109.06 W, 95 %
2026/03/18 12:26:25.859, 109.02 W, 95 %
2026/03/18 12:26:25.959, 108.93 W, 95 %
2026/03/18 12:26:26.059, 108.93 W, 95 %
2026/03/18 12:26:26.159, 108.91 W, 95 %
2026/03/18 12:26:26.259, 108.93 W, 95 %
2026/03/18 12:26:26.359, 108.91 W, 95 %
2026/03/18 12:26:26.460, 108.86 W, 95 %
2026/03/18 12:26:26.560, 108.89 W, 95 %
2026/03/18 12:26:26.660, 108.85 W, 95 %
2026/03/18 12:26:26.760, 108.87 W, 95 %
2026/03/18 12:26:26.860, 108.94 W, 95 %
2026/03/18 12:26:26.960, 109.00 W, 95 %
2026/03/18 12:26:27.060, 108.99 W, 95 %
2026/03/18 12:26:27.160, 109.03 W, 95 %
2026/03/18 12:26:27.261, 109.00 W, 95 %
2026/03/18 12:26:27.361, 109.01 W, 95 %
2026/03/18 12:26:27.461, 109.05 W, 95 %
2026/03/18 12:26:27.561, 109.05 W, 95 %
2026/03/18 12:26:27.661, 109.04 W, 95 %
2026/03/18 12:26:27.761, 109.04 W, 95 %
2026/03/18 12:26:27.861, 108.99 W, 95 %
2026/03/18 12:26:27.962, 108.97 W, 95 %
2026/03/18 12:26:28.062, 108.98 W, 95 %
2026/03/18 12:26:28.162, 108.92 W, 95 %
2026/03/18 12:26:28.262, 108.91 W, 95 %
2026/03/18 12:26:28.362, 108.88 W, 95 %
2026/03/18 12:26:28.462, 108.81 W, 95 %
2026/03/18 12:26:28.562, 108.84 W, 95 %
2026/03/18 12:26:28.663, 108.83 W, 95 %
2026/03/18 12:26:28.763, 108.76 W, 95 %
2026/03/18 12:26:28.863, 108.74 W, 95 %
2026/03/18 12:26:28.963, 108.69 W, 95 %
2026/03/18 12:26:29.063, 108.63 W, 95 %
2026/03/18 12:26:29.163, 108.68 W, 95 %
2026/03/18 12:26:29.263, 108.71 W, 95 %
2026/03/18 12:26:29.364, 108.78 W, 95 %
2026/03/18 12:26:29.464, 108.82 W, 95 %
2026/03/18 12:26:29.564, 108.85 W, 95 %
2026/03/18 12:26:29.664, 108.88 W, 95 %
2026/03/18 12:26:29.764, 108.97 W, 95 %
2026/03/18 12:26:29.864, 109.00 W, 95 %
2026/03/18 12:26:29.964, 109.07 W, 95 %
2026/03/18 12:26:30.065, 109.06 W, 95 %
2026/03/18 12:26:30.165, 109.09 W, 95 %
2026/03/18 12:26:30.265, 109.06 W, 95 %
2026/03/18 12:26:30.365, 109.01 W, 95 %
2026/03/18 12:26:30.465, 109.01 W, 95 %
2026/03/18 12:26:30.565, 108.91 W, 95 %
2026/03/18 12:26:30.665, 108.94 W, 95 %
2026/03/18 12:26:30.766, 108.86 W, 95 %
2026/03/18 12:26:30.866, 108.82 W, 95 %
2026/03/18 12:26:30.966, 108.78 W, 95 %
2026/03/18 12:26:31.066, 108.77 W, 95 %
2026/03/18 12:26:31.166, 108.78 W, 95 %
2026/03/18 12:26:31.266, 108.78 W, 95 %
2026/03/18 12:26:31.366, 108.83 W, 95 %
2026/03/18 12:26:31.467, 108.86 W, 95 %
2026/03/18 12:26:31.567, 108.85 W, 95 %
2026/03/18 12:26:31.667, 108.79 W, 95 %
2026/03/18 12:26:31.767, 108.85 W, 95 %
2026/03/18 12:26:31.867, 108.92 W, 95 %
2026/03/18 12:26:31.967, 108.88 W, 95 %
2026/03/18 12:26:32.067, 108.86 W, 95 %
2026/03/18 12:26:32.168, 108.79 W, 95 %
2026/03/18 12:26:32.268, 108.86 W, 95 %
2026/03/18 12:26:32.368, 108.79 W, 95 %
2026/03/18 12:26:32.468, 108.79 W, 95 %
2026/03/18 12:26:32.568, 108.79 W, 95 %
2026/03/18 12:26:32.668, 108.85 W, 95 %
2026/03/18 12:26:32.768, 108.83 W, 95 %
2026/03/18 12:26:32.869, 108.80 W, 95 %
2026/03/18 12:26:32.969, 108.76 W, 95 %
2026/03/18 12:26:33.069, 108.75 W, 95 %
2026/03/18 12:26:33.169, 108.79 W, 95 %
2026/03/18 12:26:33.269, 108.79 W, 95 %
2026/03/18 12:26:33.369, 108.87 W, 95 %
2026/03/18 12:26:33.469, 108.91 W, 95 %
2026/03/18 12:26:33.570, 108.87 W, 95 %
2026/03/18 12:26:33.670, 108.86 W, 95 %
2026/03/18 12:26:33.770, 108.91 W, 95 %
2026/03/18 12:26:33.870, 108.89 W, 95 %
2026/03/18 12:26:33.970, 108.85 W, 95 %
2026/03/18 12:26:34.070, 108.87 W, 95 %
2026/03/18 12:26:34.170, 108.90 W, 95 %
2026/03/18 12:26:34.271, 108.80 W, 92 %
2026/03/18 12:26:34.371, 108.74 W, 92 %
2026/03/18 12:26:34.471, 108.78 W, 95 %
2026/03/18 12:26:34.571, 108.82 W, 95 %
2026/03/18 12:26:34.671, 108.82 W, 95 %
2026/03/18 12:26:34.771, 108.75 W, 95 %
2026/03/18 12:26:34.871, 108.73 W, 95 %
2026/03/18 12:26:34.972, 108.80 W, 95 %
2026/03/18 12:26:35.072, 108.77 W, 95 %
2026/03/18 12:26:35.172, 108.79 W, 95 %
2026/03/18 12:26:35.272, 108.88 W, 95 %
2026/03/18 12:26:35.372, 108.89 W, 95 %
2026/03/18 12:26:35.472, 108.88 W, 95 %
2026/03/18 12:26:35.572, 108.84 W, 95 %
2026/03/18 12:26:35.673, 108.85 W, 95 %
2026/03/18 12:26:35.773, 108.82 W, 95 %
2026/03/18 12:26:35.873, 108.83 W, 95 %
2026/03/18 12:26:35.973, 108.80 W, 95 %
2026/03/18 12:26:36.073, 108.83 W, 95 %
2026/03/18 12:26:36.173, 108.85 W, 95 %
2026/03/18 12:26:36.273, 108.83 W, 95 %
2026/03/18 12:26:36.374, 108.84 W, 95 %
2026/03/18 12:26:36.474, 108.83 W, 95 %
2026/03/18 12:26:36.574, 108.82 W, 95 %
2026/03/18 12:26:36.674, 108.82 W, 95 %
2026/03/18 12:26:36.774, 108.88 W, 95 %
2026/03/18 12:26:36.874, 108.85 W, 95 %
2026/03/18 12:26:36.974, 108.87 W, 95 %
2026/03/18 12:26:37.075, 108.85 W, 95 %
2026/03/18 12:26:37.175, 108.79 W, 95 %
2026/03/18 12:26:37.275, 108.80 W, 95 %
2026/03/18 12:26:37.375, 108.80 W, 95 %
2026/03/18 12:26:37.475, 108.82 W, 95 %
2026/03/18 12:26:37.575, 108.82 W, 95 %
2026/03/18 12:26:37.675, 108.83 W, 95 %
2026/03/18 12:26:37.776, 108.78 W, 95 %
2026/03/18 12:26:37.876, 108.83 W, 95 %
2026/03/18 12:26:37.976, 108.87 W, 95 %
2026/03/18 12:26:38.076, 108.86 W, 95 %
2026/03/18 12:26:38.176, 108.81 W, 95 %
2026/03/18 12:26:38.276, 108.85 W, 95 %
2026/03/18 12:26:38.376, 108.87 W, 95 %
2026/03/18 12:26:38.477, 108.83 W, 95 %
2026/03/18 12:26:38.577, 108.82 W, 95 %
2026/03/18 12:26:38.677, 108.81 W, 95 %
2026/03/18 12:26:38.777, 108.92 W, 95 %
2026/03/18 12:26:38.877, 108.94 W, 95 %
2026/03/18 12:26:38.977, 108.97 W, 95 %
2026/03/18 12:26:39.077, 108.99 W, 95 %
2026/03/18 12:26:39.178, 109.06 W, 95 %
2026/03/18 12:26:39.278, 109.02 W, 95 %
2026/03/18 12:26:39.378, 109.01 W, 95 %
2026/03/18 12:26:39.478, 108.98 W, 95 %
2026/03/18 12:26:39.578, 109.04 W, 95 %
2026/03/18 12:26:39.678, 109.01 W, 95 %
2026/03/18 12:26:39.778, 108.94 W, 95 %
2026/03/18 12:26:39.879, 108.91 W, 95 %
2026/03/18 12:26:39.979, 108.85 W, 95 %
2026/03/18 12:26:40.079, 108.84 W, 95 %
2026/03/18 12:26:40.179, 108.93 W, 95 %
2026/03/18 12:26:40.279, 108.95 W, 95 %
2026/03/18 12:26:40.379, 108.95 W, 95 %
2026/03/18 12:26:40.479, 109.01 W, 95 %
2026/03/18 12:26:40.579, 108.99 W, 95 %
2026/03/18 12:26:40.680, 109.03 W, 95 %
2026/03/18 12:26:40.780, 109.03 W, 95 %
2026/03/18 12:26:40.880, 109.10 W, 95 %
2026/03/18 12:26:40.980, 109.08 W, 95 %
2026/03/18 12:26:41.080, 109.14 W, 95 %
2026/03/18 12:26:41.180, 109.08 W, 95 %
2026/03/18 12:26:41.281, 109.14 W, 95 %
2026/03/18 12:26:41.381, 109.15 W, 95 %
2026/03/18 12:26:41.481, 109.06 W, 95 %
2026/03/18 12:26:41.581, 109.03 W, 95 %
2026/03/18 12:26:41.681, 109.01 W, 95 %
2026/03/18 12:26:41.781, 108.94 W, 95 %
2026/03/18 12:26:41.881, 108.91 W, 95 %
2026/03/18 12:26:41.982, 108.88 W, 95 %
2026/03/18 12:26:42.082, 108.86 W, 95 %
2026/03/18 12:26:42.182, 108.81 W, 95 %
2026/03/18 12:26:42.282, 108.73 W, 95 %
2026/03/18 12:26:42.382, 108.71 W, 95 %
2026/03/18 12:26:42.482, 108.74 W, 95 %
2026/03/18 12:26:42.582, 108.74 W, 95 %
2026/03/18 12:26:42.683, 108.79 W, 95 %
2026/03/18 12:26:42.783, 108.84 W, 95 %
2026/03/18 12:26:42.883, 108.78 W, 95 %
2026/03/18 12:26:42.983, 108.74 W, 95 %
2026/03/18 12:26:43.083, 108.72 W, 95 %
2026/03/18 12:26:43.183, 108.75 W, 95 %
2026/03/18 12:26:43.283, 108.74 W, 95 %
2026/03/18 12:26:43.384, 108.70 W, 95 %
2026/03/18 12:26:43.484, 108.71 W, 95 %
2026/03/18 12:26:43.584, 108.81 W, 95 %
2026/03/18 12:26:43.684, 108.83 W, 95 %
2026/03/18 12:26:43.784, 108.90 W, 95 %
2026/03/18 12:26:43.884, 108.93 W, 95 %
2026/03/18 12:26:43.984, 108.93 W, 95 %
2026/03/18 12:26:44.085, 108.94 W, 95 %
2026/03/18 12:26:44.185, 108.92 W, 95 %
2026/03/18 12:26:44.285, 109.00 W, 95 %
2026/03/18 12:26:44.385, 109.03 W, 95 %
2026/03/18 12:26:44.485, 109.02 W, 95 %
2026/03/18 12:26:44.585, 108.96 W, 95 %
2026/03/18 12:26:44.685, 108.91 W, 95 %
2026/03/18 12:26:44.786, 108.76 W, 95 %
2026/03/18 12:26:44.886, 108.75 W, 95 %
2026/03/18 12:26:44.986, 108.81 W, 95 %
2026/03/18 12:26:45.086, 108.77 W, 95 %
2026/03/18 12:26:45.186, 108.79 W, 95 %
2026/03/18 12:26:45.286, 108.81 W, 95 %
2026/03/18 12:26:45.386, 108.78 W, 95 %
2026/03/18 12:26:45.487, 108.85 W, 95 %
2026/03/18 12:26:45.587, 108.74 W, 95 %
2026/03/18 12:26:45.687, 108.77 W, 95 %
2026/03/18 12:26:45.787, 108.84 W, 95 %
2026/03/18 12:26:45.887, 108.82 W, 95 %
2026/03/18 12:26:45.987, 108.77 W, 95 %
2026/03/18 12:26:46.087, 108.85 W, 95 %
2026/03/18 12:26:46.188, 108.81 W, 95 %
2026/03/18 12:26:46.288, 108.83 W, 95 %
2026/03/18 12:26:46.388, 108.84 W, 95 %
2026/03/18 12:26:46.488, 108.84 W, 95 %
2026/03/18 12:26:46.588, 109.01 W, 95 %
2026/03/18 12:26:46.688, 109.00 W, 95 %
2026/03/18 12:26:46.788, 108.91 W, 95 %
2026/03/18 12:26:46.889, 108.92 W, 95 %
2026/03/18 12:26:46.989, 108.94 W, 95 %
2026/03/18 12:26:47.089, 108.97 W, 95 %
2026/03/18 12:26:47.189, 108.99 W, 95 %
2026/03/18 12:26:47.289, 108.94 W, 95 %
2026/03/18 12:26:47.389, 108.90 W, 95 %
2026/03/18 12:26:47.489, 108.96 W, 95 %
2026/03/18 12:26:47.590, 108.91 W, 95 %
2026/03/18 12:26:47.690, 108.93 W, 95 %
2026/03/18 12:26:47.790, 108.93 W, 95 %
2026/03/18 12:26:47.890, 108.96 W, 95 %
2026/03/18 12:26:47.990, 108.90 W, 95 %
2026/03/18 12:26:48.090, 108.88 W, 95 %
2026/03/18 12:26:48.190, 108.82 W, 95 %
2026/03/18 12:26:48.291, 108.74 W, 95 %
2026/03/18 12:26:48.391, 108.78 W, 95 %
2026/03/18 12:26:48.491, 108.57 W, 95 %
2026/03/18 12:26:48.591, 108.51 W, 95 %
2026/03/18 12:26:48.691, 108.46 W, 95 %
2026/03/18 12:26:48.791, 108.49 W, 95 %
2026/03/18 12:26:48.891, 108.49 W, 95 %
2026/03/18 12:26:48.992, 108.57 W, 95 %
2026/03/18 12:26:49.092, 108.62 W, 95 %
2026/03/18 12:26:49.192, 108.66 W, 95 %
2026/03/18 12:26:49.292, 108.75 W, 95 %
2026/03/18 12:26:49.392, 108.73 W, 95 %
2026/03/18 12:26:49.492, 108.81 W, 95 %
2026/03/18 12:26:49.592, 108.85 W, 95 %
2026/03/18 12:26:49.693, 108.88 W, 95 %
2026/03/18 12:26:49.793, 108.80 W, 95 %
2026/03/18 12:26:49.893, 108.83 W, 95 %
2026/03/18 12:26:49.993, 108.81 W, 95 %
2026/03/18 12:26:50.093, 108.80 W, 95 %
2026/03/18 12:26:50.193, 108.83 W, 95 %
2026/03/18 12:26:50.293, 108.86 W, 95 %
2026/03/18 12:26:50.394, 108.90 W, 95 %
2026/03/18 12:26:50.494, 108.89 W, 95 %
2026/03/18 12:26:50.594, 108.91 W, 95 %
2026/03/18 12:26:50.694, 108.92 W, 95 %
2026/03/18 12:26:50.794, 109.02 W, 95 %
2026/03/18 12:26:50.894, 108.95 W, 95 %
2026/03/18 12:26:50.994, 108.93 W, 95 %
2026/03/18 12:26:51.095, 108.91 W, 95 %
2026/03/18 12:26:51.195, 108.86 W, 95 %
2026/03/18 12:26:51.295, 108.84 W, 95 %
2026/03/18 12:26:51.395, 108.82 W, 95 %
2026/03/18 12:26:51.495, 108.84 W, 95 %
2026/03/18 12:26:51.595, 108.77 W, 95 %
2026/03/18 12:26:51.695, 108.76 W, 95 %
2026/03/18 12:26:51.796, 108.78 W, 95 %
2026/03/18 12:26:51.896, 108.83 W, 95 %
2026/03/18 12:26:51.996, 108.83 W, 95 %
2026/03/18 12:26:52.096, 108.83 W, 95 %
2026/03/18 12:26:52.196, 108.78 W, 95 %
2026/03/18 12:26:52.296, 108.83 W, 95 %
2026/03/18 12:26:52.396, 108.85 W, 95 %
2026/03/18 12:26:52.497, 108.88 W, 95 %
2026/03/18 12:26:52.597, 108.94 W, 95 %
2026/03/18 12:26:52.697, 108.98 W, 95 %
2026/03/18 12:26:52.797, 108.97 W, 95 %
2026/03/18 12:26:52.897, 108.97 W, 95 %
2026/03/18 12:26:52.997, 108.99 W, 95 %
2026/03/18 12:26:53.097, 108.98 W, 95 %
2026/03/18 12:26:53.198, 109.09 W, 95 %
2026/03/18 12:26:53.298, 109.09 W, 95 %
2026/03/18 12:26:53.398, 109.01 W, 95 %
2026/03/18 12:26:53.498, 108.97 W, 95 %
2026/03/18 12:26:53.598, 108.94 W, 95 %
2026/03/18 12:26:53.698, 108.96 W, 95 %
2026/03/18 12:26:53.798, 108.88 W, 95 %
2026/03/18 12:26:53.899, 108.84 W, 95 %
2026/03/18 12:26:53.999, 108.83 W, 95 %
2026/03/18 12:26:54.099, 108.84 W, 95 %
2026/03/18 12:26:54.199, 108.76 W, 95 %
2026/03/18 12:26:54.299, 108.74 W, 95 %
2026/03/18 12:26:54.399, 108.83 W, 95 %
2026/03/18 12:26:54.499, 108.84 W, 95 %
2026/03/18 12:26:54.600, 108.83 W, 95 %
2026/03/18 12:26:54.700, 108.81 W, 95 %
2026/03/18 12:26:54.800, 108.87 W, 95 %
2026/03/18 12:26:54.900, 108.89 W, 95 %
2026/03/18 12:26:55.000, 108.90 W, 95 %
2026/03/18 12:26:55.100, 108.94 W, 95 %
2026/03/18 12:26:55.200, 108.97 W, 95 %
2026/03/18 12:26:55.301, 109.00 W, 95 %
2026/03/18 12:26:55.401, 108.93 W, 95 %
2026/03/18 12:26:55.501, 108.90 W, 95 %
2026/03/18 12:26:55.601, 108.93 W, 95 %
2026/03/18 12:26:55.701, 108.92 W, 95 %
2026/03/18 12:26:55.801, 108.93 W, 95 %
2026/03/18 12:26:55.901, 108.94 W, 95 %
2026/03/18 12:26:56.002, 109.03 W, 95 %
2026/03/18 12:26:56.102, 109.00 W, 95 %
2026/03/18 12:26:56.202, 108.92 W, 95 %
2026/03/18 12:26:56.302, 108.96 W, 95 %
2026/03/18 12:26:56.402, 108.99 W, 95 %
2026/03/18 12:26:56.502, 108.99 W, 95 %
2026/03/18 12:26:56.602, 108.88 W, 95 %
2026/03/18 12:26:56.703, 108.89 W, 95 %
2026/03/18 12:26:56.803, 108.85 W, 95 %
2026/03/18 12:26:56.903, 108.83 W, 95 %
2026/03/18 12:26:57.003, 108.69 W, 95 %
2026/03/18 12:26:57.103, 108.79 W, 95 %
2026/03/18 12:26:57.203, 108.87 W, 95 %
2026/03/18 12:26:57.303, 108.86 W, 95 %
2026/03/18 12:26:57.403, 108.85 W, 95 %
2026/03/18 12:26:57.504, 108.89 W, 95 %
2026/03/18 12:26:57.604, 109.02 W, 95 %
2026/03/18 12:26:57.704, 109.06 W, 95 %
2026/03/18 12:26:57.804, 109.04 W, 95 %
2026/03/18 12:26:57.904, 109.07 W, 95 %
2026/03/18 12:26:58.004, 109.10 W, 95 %
2026/03/18 12:26:58.105, 109.03 W, 95 %
2026/03/18 12:26:58.205, 109.02 W, 95 %
2026/03/18 12:26:58.305, 109.11 W, 95 %
2026/03/18 12:26:58.405, 109.09 W, 95 %
2026/03/18 12:26:58.505, 109.14 W, 95 %
2026/03/18 12:26:58.605, 109.16 W, 95 %
2026/03/18 12:26:58.705, 109.05 W, 95 %
2026/03/18 12:26:58.805, 109.04 W, 95 %
2026/03/18 12:26:58.906, 109.02 W, 95 %
2026/03/18 12:26:59.006, 109.03 W, 95 %
2026/03/18 12:26:59.106, 109.06 W, 95 %
2026/03/18 12:26:59.206, 108.97 W, 95 %
2026/03/18 12:26:59.306, 108.91 W, 95 %
2026/03/18 12:26:59.406, 108.99 W, 95 %
2026/03/18 12:26:59.507, 108.93 W, 95 %
2026/03/18 12:26:59.607, 108.88 W, 95 %
2026/03/18 12:26:59.707, 108.86 W, 95 %
2026/03/18 12:26:59.807, 109.01 W, 95 %
2026/03/18 12:26:59.907, 109.00 W, 95 %
2026/03/18 12:27:00.007, 109.00 W, 95 %
2026/03/18 12:27:00.107, 109.02 W, 95 %
2026/03/18 12:27:00.208, 109.08 W, 95 %
2026/03/18 12:27:00.308, 109.08 W, 95 %
2026/03/18 12:27:00.408, 109.04 W, 95 %
2026/03/18 12:27:00.508, 109.00 W, 95 %
2026/03/18 12:27:00.608, 109.04 W, 95 %
2026/03/18 12:27:00.708, 109.11 W, 95 %
2026/03/18 12:27:00.808, 109.06 W, 95 %
2026/03/18 12:27:00.909, 109.06 W, 95 %
2026/03/18 12:27:01.009, 109.09 W, 95 %
2026/03/18 12:27:01.109, 109.06 W, 95 %
2026/03/18 12:27:01.209, 109.03 W, 95 %
2026/03/18 12:27:01.309, 109.04 W, 95 %
2026/03/18 12:27:01.409, 108.98 W, 95 %
2026/03/18 12:27:01.509, 109.07 W, 95 %
2026/03/18 12:27:01.610, 109.06 W, 95 %
2026/03/18 12:27:01.710, 108.96 W, 95 %
2026/03/18 12:27:01.810, 108.96 W, 95 %
2026/03/18 12:27:01.910, 108.92 W, 95 %
2026/03/18 12:27:02.010, 108.86 W, 95 %
2026/03/18 12:27:02.110, 108.93 W, 95 %
2026/03/18 12:27:02.210, 108.97 W, 95 %
2026/03/18 12:27:02.311, 108.97 W, 95 %
2026/03/18 12:27:02.411, 108.97 W, 95 %
2026/03/18 12:27:02.511, 108.94 W, 95 %
2026/03/18 12:27:02.611, 108.85 W, 95 %
2026/03/18 12:27:02.711, 108.84 W, 95 %
2026/03/18 12:27:02.811, 108.86 W, 95 %
2026/03/18 12:27:02.911, 108.86 W, 95 %
2026/03/18 12:27:03.012, 108.83 W, 95 %
2026/03/18 12:27:03.112, 108.78 W, 95 %
2026/03/18 12:27:03.212, 108.76 W, 95 %
2026/03/18 12:27:03.312, 108.71 W, 95 %
2026/03/18 12:27:03.412, 108.74 W, 95 %
2026/03/18 12:27:03.512, 108.76 W, 95 %
2026/03/18 12:27:03.612, 108.74 W, 95 %
2026/03/18 12:27:03.713, 108.78 W, 95 %
2026/03/18 12:27:03.813, 108.72 W, 95 %
2026/03/18 12:27:03.913, 108.74 W, 95 %
2026/03/18 12:27:04.013, 108.80 W, 95 %
2026/03/18 12:27:04.113, 108.75 W, 95 %
2026/03/18 12:27:04.213, 108.73 W, 95 %
2026/03/18 12:27:04.313, 108.79 W, 95 %
2026/03/18 12:27:04.414, 108.73 W, 95 %
2026/03/18 12:27:04.514, 108.70 W, 95 %
2026/03/18 12:27:04.614, 108.70 W, 95 %
2026/03/18 12:27:04.714, 108.72 W, 95 %
2026/03/18 12:27:04.814, 108.81 W, 95 %
2026/03/18 12:27:04.914, 108.76 W, 95 %
2026/03/18 12:27:05.014, 108.72 W, 95 %
2026/03/18 12:27:05.115, 108.73 W, 95 %
2026/03/18 12:27:05.215, 108.76 W, 95 %
2026/03/18 12:27:05.315, 108.76 W, 95 %
2026/03/18 12:27:05.415, 108.81 W, 95 %
2026/03/18 12:27:05.515, 108.79 W, 95 %
2026/03/18 12:27:05.615, 108.84 W, 95 %
2026/03/18 12:27:05.715, 108.89 W, 95 %
2026/03/18 12:27:05.816, 108.88 W, 95 %
2026/03/18 12:27:05.916, 108.88 W, 95 %
2026/03/18 12:27:06.016, 108.89 W, 95 %
2026/03/18 12:27:06.116, 108.83 W, 95 %
2026/03/18 12:27:06.216, 108.88 W, 95 %
2026/03/18 12:27:06.316, 108.82 W, 95 %
2026/03/18 12:27:06.416, 108.76 W, 95 %
2026/03/18 12:27:06.517, 108.77 W, 95 %
2026/03/18 12:27:06.617, 108.79 W, 95 %
2026/03/18 12:27:06.717, 108.74 W, 95 %
2026/03/18 12:27:06.817, 108.72 W, 95 %
2026/03/18 12:27:06.917, 108.77 W, 95 %
2026/03/18 12:27:07.017, 108.81 W, 95 %
2026/03/18 12:27:07.117, 108.92 W, 95 %
2026/03/18 12:27:07.218, 108.98 W, 95 %
2026/03/18 12:27:07.318, 109.04 W, 95 %
2026/03/18 12:27:07.418, 109.04 W, 95 %
2026/03/18 12:27:07.518, 109.11 W, 95 %
2026/03/18 12:27:07.618, 109.08 W, 95 %
2026/03/18 12:27:07.718, 109.06 W, 95 %
2026/03/18 12:27:07.818, 109.15 W, 95 %
2026/03/18 12:27:07.919, 109.16 W, 95 %
2026/03/18 12:27:08.019, 109.17 W, 95 %
2026/03/18 12:27:08.119, 109.11 W, 95 %
2026/03/18 12:27:08.219, 109.01 W, 95 %
2026/03/18 12:27:08.319, 108.95 W, 95 %
2026/03/18 12:27:08.419, 109.02 W, 95 %
2026/03/18 12:27:08.519, 108.90 W, 95 %
2026/03/18 12:27:08.620, 108.79 W, 95 %
2026/03/18 12:27:08.720, 108.75 W, 95 %
2026/03/18 12:27:08.820, 108.65 W, 95 %
2026/03/18 12:27:08.920, 108.61 W, 95 %
2026/03/18 12:27:09.020, 108.51 W, 95 %
2026/03/18 12:27:09.120, 108.54 W, 95 %
2026/03/18 12:27:09.220, 108.53 W, 95 %
2026/03/18 12:27:09.321, 108.61 W, 95 %
2026/03/18 12:27:09.421, 108.61 W, 95 %
2026/03/18 12:27:09.521, 108.62 W, 95 %
2026/03/18 12:27:09.621, 108.73 W, 95 %
2026/03/18 12:27:09.721, 108.74 W, 95 %
2026/03/18 12:27:09.821, 108.66 W, 95 %
2026/03/18 12:27:09.921, 108.57 W, 95 %
2026/03/18 12:27:10.022, 108.67 W, 95 %
2026/03/18 12:27:10.122, 108.65 W, 95 %
2026/03/18 12:27:10.222, 108.60 W, 95 %
2026/03/18 12:27:10.322, 108.59 W, 95 %
2026/03/18 12:27:10.422, 108.61 W, 95 %
2026/03/18 12:27:10.522, 108.60 W, 95 %
2026/03/18 12:27:10.622, 108.59 W, 95 %
2026/03/18 12:27:10.723, 108.65 W, 95 %
2026/03/18 12:27:10.823, 108.71 W, 95 %
2026/03/18 12:27:10.923, 108.85 W, 95 %
2026/03/18 12:27:11.023, 108.86 W, 95 %
2026/03/18 12:27:11.123, 108.83 W, 95 %
2026/03/18 12:27:11.223, 108.85 W, 95 %
2026/03/18 12:27:11.323, 108.89 W, 95 %
2026/03/18 12:27:11.424, 108.85 W, 95 %
2026/03/18 12:27:11.524, 108.91 W, 95 %
2026/03/18 12:27:11.624, 108.98 W, 95 %
2026/03/18 12:27:11.724, 108.94 W, 95 %
2026/03/18 12:27:11.824, 108.97 W, 95 %
2026/03/18 12:27:11.924, 108.88 W, 95 %
2026/03/18 12:27:12.024, 108.88 W, 95 %
2026/03/18 12:27:12.125, 108.92 W, 95 %
2026/03/18 12:27:12.225, 108.89 W, 95 %
2026/03/18 12:27:12.325, 108.89 W, 95 %
2026/03/18 12:27:12.425, 108.83 W, 95 %
2026/03/18 12:27:12.525, 108.77 W, 95 %
2026/03/18 12:27:12.625, 108.67 W, 95 %
2026/03/18 12:27:12.725, 108.73 W, 95 %
2026/03/18 12:27:12.826, 108.65 W, 95 %
2026/03/18 12:27:12.926, 108.70 W, 95 %
2026/03/18 12:27:13.026, 108.68 W, 95 %
2026/03/18 12:27:13.126, 108.66 W, 95 %
2026/03/18 12:27:13.226, 108.71 W, 95 %
2026/03/18 12:27:13.326, 108.65 W, 95 %
2026/03/18 12:27:13.426, 108.67 W, 95 %
2026/03/18 12:27:13.527, 108.70 W, 95 %
2026/03/18 12:27:13.627, 108.78 W, 95 %
2026/03/18 12:27:13.727, 108.73 W, 95 %
2026/03/18 12:27:13.827, 108.83 W, 95 %
2026/03/18 12:27:13.927, 108.88 W, 95 %
2026/03/18 12:27:14.027, 108.90 W, 95 %
2026/03/18 12:27:14.127, 108.89 W, 95 %
2026/03/18 12:27:14.228, 108.87 W, 95 %
2026/03/18 12:27:14.328, 108.82 W, 95 %
2026/03/18 12:27:14.428, 108.80 W, 95 %
2026/03/18 12:27:14.528, 108.74 W, 95 %
2026/03/18 12:27:14.628, 108.79 W, 95 %
2026/03/18 12:27:14.728, 108.78 W, 95 %
2026/03/18 12:27:14.828, 108.76 W, 95 %
2026/03/18 12:27:14.929, 108.76 W, 95 %
2026/03/18 12:27:15.029, 108.75 W, 95 %
2026/03/18 12:27:15.129, 108.75 W, 95 %
2026/03/18 12:27:15.229, 108.76 W, 95 %
2026/03/18 12:27:15.329, 108.80 W, 95 %
2026/03/18 12:27:15.429, 108.83 W, 95 %
2026/03/18 12:27:15.529, 108.93 W, 95 %
2026/03/18 12:27:15.630, 108.82 W, 95 %
2026/03/18 12:27:15.730, 108.79 W, 95 %
2026/03/18 12:27:15.830, 108.79 W, 95 %
2026/03/18 12:27:15.930, 108.76 W, 95 %
2026/03/18 12:27:16.030, 108.81 W, 95 %
2026/03/18 12:27:16.130, 108.72 W, 95 %
2026/03/18 12:27:16.230, 108.64 W, 95 %
2026/03/18 12:27:16.331, 108.60 W, 95 %
2026/03/18 12:27:16.431, 108.60 W, 95 %
2026/03/18 12:27:16.531, 108.53 W, 95 %
2026/03/18 12:27:16.631, 108.61 W, 95 %
2026/03/18 12:27:16.731, 108.60 W, 95 %
2026/03/18 12:27:16.831, 108.59 W, 95 %
2026/03/18 12:27:16.931, 108.59 W, 95 %
2026/03/18 12:27:17.032, 108.50 W, 95 %
2026/03/18 12:27:17.132, 108.60 W, 95 %
2026/03/18 12:27:17.232, 108.67 W, 95 %
2026/03/18 12:27:17.332, 108.75 W, 95 %
2026/03/18 12:27:17.432, 108.68 W, 95 %
2026/03/18 12:27:17.532, 108.59 W, 95 %
2026/03/18 12:27:17.632, 108.62 W, 95 %
2026/03/18 12:27:17.732, 108.60 W, 95 %
2026/03/18 12:27:17.833, 108.67 W, 95 %
2026/03/18 12:27:17.933, 108.64 W, 95 %
2026/03/18 12:27:18.033, 108.70 W, 95 %
2026/03/18 12:27:18.133, 108.67 W, 95 %
2026/03/18 12:27:18.233, 108.74 W, 95 %
2026/03/18 12:27:18.333, 108.74 W, 95 %
2026/03/18 12:27:18.433, 108.75 W, 95 %
2026/03/18 12:27:18.534, 108.77 W, 95 %
2026/03/18 12:27:18.634, 108.75 W, 95 %
2026/03/18 12:27:18.734, 108.77 W, 95 %
2026/03/18 12:27:18.834, 108.74 W, 95 %
2026/03/18 12:27:18.934, 108.74 W, 95 %
2026/03/18 12:27:19.034, 108.70 W, 95 %
2026/03/18 12:27:19.134, 108.70 W, 95 %
2026/03/18 12:27:19.235, 108.58 W, 95 %
2026/03/18 12:27:19.335, 108.61 W, 95 %
2026/03/18 12:27:19.435, 108.64 W, 95 %
2026/03/18 12:27:19.535, 108.78 W, 95 %
2026/03/18 12:27:19.635, 108.71 W, 95 %
2026/03/18 12:27:19.735, 108.75 W, 95 %
2026/03/18 12:27:19.835, 108.76 W, 95 %
2026/03/18 12:27:19.936, 108.80 W, 95 %
2026/03/18 12:27:20.036, 108.81 W, 95 %
2026/03/18 12:27:20.136, 108.84 W, 95 %
2026/03/18 12:27:20.236, 108.95 W, 95 %
2026/03/18 12:27:20.336, 108.91 W, 95 %
2026/03/18 12:27:20.436, 108.93 W, 95 %
2026/03/18 12:27:20.536, 108.89 W, 95 %
2026/03/18 12:27:20.637, 108.96 W, 95 %
2026/03/18 12:27:20.737, 108.96 W, 95 %
2026/03/18 12:27:20.837, 108.93 W, 95 %
2026/03/18 12:27:20.937, 108.89 W, 95 %
2026/03/18 12:27:21.037, 108.90 W, 95 %
2026/03/18 12:27:21.137, 108.87 W, 95 %
2026/03/18 12:27:21.237, 108.85 W, 95 %
2026/03/18 12:27:21.338, 108.88 W, 95 %
2026/03/18 12:27:21.438, 108.87 W, 95 %
2026/03/18 12:27:21.538, 108.82 W, 95 %
2026/03/18 12:27:21.638, 108.79 W, 95 %
2026/03/18 12:27:21.738, 108.76 W, 95 %
2026/03/18 12:27:21.838, 108.79 W, 95 %
2026/03/18 12:27:21.938, 108.73 W, 95 %
2026/03/18 12:27:22.039, 108.71 W, 95 %
2026/03/18 12:27:22.139, 108.71 W, 95 %
2026/03/18 12:27:22.239, 108.71 W, 95 %
2026/03/18 12:27:22.339, 108.68 W, 95 %
2026/03/18 12:27:22.439, 108.71 W, 95 %
2026/03/18 12:27:22.539, 108.71 W, 95 %
2026/03/18 12:27:22.639, 108.75 W, 95 %
2026/03/18 12:27:22.740, 108.76 W, 95 %
2026/03/18 12:27:22.840, 108.81 W, 95 %
2026/03/18 12:27:22.940, 108.81 W, 95 %
2026/03/18 12:27:23.040, 108.86 W, 95 %
2026/03/18 12:27:23.140, 108.87 W, 95 %
2026/03/18 12:27:23.240, 108.87 W, 95 %
2026/03/18 12:27:23.340, 108.85 W, 95 %
2026/03/18 12:27:23.441, 108.79 W, 95 %
2026/03/18 12:27:23.541, 108.86 W, 95 %
2026/03/18 12:27:23.641, 108.81 W, 95 %
2026/03/18 12:27:23.741, 108.91 W, 95 %
2026/03/18 12:27:23.841, 108.84 W, 95 %
2026/03/18 12:27:23.941, 108.86 W, 95 %
2026/03/18 12:27:24.041, 108.88 W, 95 %
2026/03/18 12:27:24.142, 108.79 W, 95 %
2026/03/18 12:27:24.242, 108.79 W, 95 %
2026/03/18 12:27:24.342, 108.77 W, 95 %
2026/03/18 12:27:24.442, 108.84 W, 95 %
2026/03/18 12:27:24.542, 108.85 W, 95 %
2026/03/18 12:27:24.642, 108.90 W, 95 %
2026/03/18 12:27:24.742, 108.88 W, 95 %
2026/03/18 12:27:24.843, 108.86 W, 95 %
2026/03/18 12:27:24.943, 108.89 W, 95 %
2026/03/18 12:27:25.043, 108.89 W, 95 %
2026/03/18 12:27:25.143, 108.89 W, 95 %
2026/03/18 12:27:25.243, 108.88 W, 95 %
2026/03/18 12:27:25.343, 108.83 W, 95 %
2026/03/18 12:27:25.443, 108.77 W, 95 %
2026/03/18 12:27:25.544, 108.70 W, 95 %
2026/03/18 12:27:25.644, 108.69 W, 95 %
2026/03/18 12:27:25.744, 108.63 W, 95 %
2026/03/18 12:27:25.844, 108.73 W, 95 %
2026/03/18 12:27:25.944, 108.74 W, 95 %
2026/03/18 12:27:26.044, 108.70 W, 95 %
2026/03/18 12:27:26.144, 108.68 W, 95 %
2026/03/18 12:27:26.245, 108.71 W, 95 %
2026/03/18 12:27:26.345, 108.73 W, 95 %
2026/03/18 12:27:26.445, 108.79 W, 95 %
2026/03/18 12:27:26.545, 108.87 W, 95 %
2026/03/18 12:27:26.645, 108.89 W, 95 %
2026/03/18 12:27:26.745, 108.91 W, 95 %
2026/03/18 12:27:26.845, 108.76 W, 95 %
2026/03/18 12:27:26.945, 108.78 W, 95 %
2026/03/18 12:27:27.046, 108.74 W, 95 %
2026/03/18 12:27:27.146, 108.75 W, 95 %
2026/03/18 12:27:27.246, 108.68 W, 95 %
2026/03/18 12:27:27.346, 108.76 W, 95 %
2026/03/18 12:27:27.446, 108.70 W, 95 %
2026/03/18 12:27:27.546, 108.58 W, 95 %
2026/03/18 12:27:27.646, 108.58 W, 95 %
2026/03/18 12:27:27.747, 108.50 W, 95 %
2026/03/18 12:27:27.847, 108.59 W, 95 %
2026/03/18 12:27:27.947, 108.66 W, 95 %
2026/03/18 12:27:28.047, 108.70 W, 95 %
2026/03/18 12:27:28.147, 108.70 W, 95 %
2026/03/18 12:27:28.247, 108.66 W, 95 %
2026/03/18 12:27:28.347, 108.54 W, 95 %
2026/03/18 12:27:28.448, 108.55 W, 95 %
2026/03/18 12:27:28.548, 108.67 W, 95 %
2026/03/18 12:27:28.648, 108.71 W, 95 %
2026/03/18 12:27:28.748, 108.75 W, 95 %
2026/03/18 12:27:28.848, 108.73 W, 95 %
2026/03/18 12:27:28.948, 108.70 W, 95 %
2026/03/18 12:27:29.048, 108.62 W, 95 %
2026/03/18 12:27:29.149, 108.59 W, 95 %
2026/03/18 12:27:29.249, 108.70 W, 95 %
2026/03/18 12:27:29.349, 108.72 W, 95 %
2026/03/18 12:27:29.449, 108.75 W, 95 %
2026/03/18 12:27:29.549, 108.73 W, 95 %
2026/03/18 12:27:29.649, 108.70 W, 95 %
2026/03/18 12:27:29.749, 108.72 W, 95 %
2026/03/18 12:27:29.850, 108.71 W, 95 %
2026/03/18 12:27:29.950, 108.64 W, 95 %
2026/03/18 12:27:30.050, 108.64 W, 95 %
2026/03/18 12:27:30.150, 108.73 W, 95 %
2026/03/18 12:27:30.250, 108.70 W, 95 %
2026/03/18 12:27:30.350, 108.79 W, 95 %
2026/03/18 12:27:30.450, 108.82 W, 95 %
2026/03/18 12:27:30.551, 108.85 W, 95 %
2026/03/18 12:27:30.651, 108.82 W, 95 %
2026/03/18 12:27:30.751, 108.78 W, 95 %
2026/03/18 12:27:30.851, 108.78 W, 95 %
2026/03/18 12:27:30.951, 108.82 W, 95 %
2026/03/18 12:27:31.051, 108.87 W, 95 %
2026/03/18 12:27:31.151, 108.72 W, 95 %
2026/03/18 12:27:31.252, 108.69 W, 95 %
2026/03/18 12:27:31.352, 108.60 W, 95 %
2026/03/18 12:27:31.452, 108.56 W, 95 %
2026/03/18 12:27:31.552, 108.61 W, 95 %
2026/03/18 12:27:31.652, 108.66 W, 95 %
2026/03/18 12:27:31.752, 108.77 W, 95 %
2026/03/18 12:27:31.852, 108.77 W, 95 %
2026/03/18 12:27:31.953, 108.83 W, 95 %
2026/03/18 12:27:32.053, 108.81 W, 95 %
2026/03/18 12:27:32.153, 108.90 W, 95 %
2026/03/18 12:27:32.253, 108.91 W, 95 %
2026/03/18 12:27:32.353, 109.00 W, 91 %
2026/03/18 12:27:32.453, 108.98 W, 91 %
2026/03/18 12:27:32.553, 108.89 W, 95 %
2026/03/18 12:27:32.654, 108.81 W, 95 %
2026/03/18 12:27:32.754, 108.77 W, 95 %
2026/03/18 12:27:32.854, 108.81 W, 95 %
2026/03/18 12:27:32.954, 108.72 W, 95 %
2026/03/18 12:27:33.054, 108.72 W, 95 %
2026/03/18 12:27:33.154, 108.61 W, 95 %
2026/03/18 12:27:33.254, 108.69 W, 95 %
2026/03/18 12:27:33.355, 108.66 W, 95 %
2026/03/18 12:27:33.455, 108.65 W, 95 %
2026/03/18 12:27:33.555, 108.63 W, 95 %
2026/03/18 12:27:33.655, 108.65 W, 95 %
2026/03/18 12:27:33.755, 108.59 W, 95 %
2026/03/18 12:27:33.855, 108.58 W, 95 %
2026/03/18 12:27:33.955, 108.62 W, 95 %
2026/03/18 12:27:34.056, 108.77 W, 95 %
2026/03/18 12:27:34.156, 108.86 W, 95 %
2026/03/18 12:27:34.256, 108.78 W, 95 %
2026/03/18 12:27:34.356, 108.85 W, 95 %
2026/03/18 12:27:34.456, 108.78 W, 95 %
2026/03/18 12:27:34.556, 108.85 W, 95 %
2026/03/18 12:27:34.656, 108.92 W, 95 %
2026/03/18 12:27:34.757, 108.93 W, 95 %
2026/03/18 12:27:34.857, 108.82 W, 95 %
2026/03/18 12:27:34.957, 108.88 W, 93 %
2026/03/18 12:27:35.057, 108.80 W, 93 %
2026/03/18 12:27:35.157, 108.73 W, 95 %
2026/03/18 12:27:35.257, 108.74 W, 95 %
2026/03/18 12:27:35.357, 108.70 W, 95 %
2026/03/18 12:27:35.458, 108.80 W, 95 %
2026/03/18 12:27:35.558, 108.78 W, 95 %
2026/03/18 12:27:35.658, 108.71 W, 95 %
2026/03/18 12:27:35.758, 108.70 W, 95 %
2026/03/18 12:27:35.858, 108.78 W, 95 %
2026/03/18 12:27:35.958, 108.73 W, 95 %
2026/03/18 12:27:36.058, 108.72 W, 95 %
2026/03/18 12:27:36.159, 108.76 W, 95 %
2026/03/18 12:27:36.259, 108.78 W, 95 %
2026/03/18 12:27:36.359, 108.80 W, 95 %
2026/03/18 12:27:36.459, 108.73 W, 95 %
2026/03/18 12:27:36.559, 108.74 W, 95 %
2026/03/18 12:27:36.659, 108.73 W, 95 %
2026/03/18 12:27:36.759, 108.69 W, 95 %
2026/03/18 12:27:36.860, 108.68 W, 95 %
2026/03/18 12:27:36.960, 108.66 W, 95 %
2026/03/18 12:27:37.060, 108.61 W, 95 %
2026/03/18 12:27:37.160, 108.53 W, 95 %
2026/03/18 12:27:37.260, 108.55 W, 95 %
2026/03/18 12:27:37.360, 108.55 W, 95 %
2026/03/18 12:27:37.460, 108.56 W, 95 %
2026/03/18 12:27:37.560, 108.56 W, 95 %
2026/03/18 12:27:37.661, 108.59 W, 95 %
2026/03/18 12:27:37.761, 108.58 W, 95 %
2026/03/18 12:27:37.861, 108.57 W, 95 %
2026/03/18 12:27:37.961, 108.59 W, 95 %
2026/03/18 12:27:38.061, 108.56 W, 95 %
2026/03/18 12:27:38.161, 108.57 W, 95 %
2026/03/18 12:27:38.261, 108.59 W, 95 %
2026/03/18 12:27:38.362, 108.56 W, 95 %
2026/03/18 12:27:38.462, 108.60 W, 95 %
2026/03/18 12:27:38.562, 108.72 W, 95 %
2026/03/18 12:27:38.662, 108.69 W, 95 %
2026/03/18 12:27:38.762, 108.73 W, 95 %
2026/03/18 12:27:38.862, 108.75 W, 95 %
2026/03/18 12:27:38.962, 108.71 W, 95 %
2026/03/18 12:27:39.063, 108.77 W, 95 %
2026/03/18 12:27:39.163, 108.86 W, 95 %
2026/03/18 12:27:39.263, 108.86 W, 95 %
2026/03/18 12:27:39.363, 108.89 W, 95 %
2026/03/18 12:27:39.463, 108.87 W, 95 %
2026/03/18 12:27:39.563, 108.86 W, 95 %
2026/03/18 12:27:39.663, 108.90 W, 95 %
2026/03/18 12:27:39.764, 108.96 W, 95 %
2026/03/18 12:27:39.864, 108.93 W, 95 %
2026/03/18 12:27:39.964, 109.02 W, 95 %
2026/03/18 12:27:40.064, 108.92 W, 95 %
2026/03/18 12:27:40.164, 108.91 W, 95 %
2026/03/18 12:27:40.264, 108.88 W, 95 %
2026/03/18 12:27:40.364, 108.86 W, 95 %
2026/03/18 12:27:40.465, 108.84 W, 95 %
2026/03/18 12:27:40.565, 108.80 W, 95 %
2026/03/18 12:27:40.665, 108.75 W, 95 %
2026/03/18 12:27:40.765, 108.87 W, 95 %
2026/03/18 12:27:40.865, 108.91 W, 95 %
2026/03/18 12:27:40.965, 108.89 W, 95 %
2026/03/18 12:27:41.065, 109.02 W, 95 %
2026/03/18 12:27:41.166, 109.05 W, 95 %
2026/03/18 12:27:41.266, 109.04 W, 95 %
2026/03/18 12:27:41.366, 109.06 W, 95 %
2026/03/18 12:27:41.466, 109.05 W, 95 %
2026/03/18 12:27:41.566, 109.03 W, 95 %
2026/03/18 12:27:41.666, 109.01 W, 95 %
2026/03/18 12:27:41.766, 108.86 W, 95 %
2026/03/18 12:27:41.867, 108.86 W, 95 %
2026/03/18 12:27:41.967, 108.77 W, 95 %
2026/03/18 12:27:42.067, 108.63 W, 95 %
2026/03/18 12:27:42.167, 108.65 W, 95 %
2026/03/18 12:27:42.267, 108.63 W, 95 %
2026/03/18 12:27:42.367, 108.61 W, 95 %
2026/03/18 12:27:42.467, 108.60 W, 95 %
2026/03/18 12:27:42.568, 108.60 W, 95 %
2026/03/18 12:27:42.668, 108.60 W, 95 %
2026/03/18 12:27:42.768, 108.66 W, 95 %
2026/03/18 12:27:42.868, 108.61 W, 95 %
2026/03/18 12:27:42.968, 108.58 W, 95 %
2026/03/18 12:27:43.068, 108.63 W, 95 %
2026/03/18 12:27:43.168, 108.57 W, 95 %
2026/03/18 12:27:43.269, 108.57 W, 95 %
2026/03/18 12:27:43.369, 108.50 W, 95 %
2026/03/18 12:27:43.469, 108.57 W, 95 %
2026/03/18 12:27:43.569, 108.59 W, 95 %
2026/03/18 12:27:43.669, 108.54 W, 95 %
2026/03/18 12:27:43.769, 108.49 W, 95 %
2026/03/18 12:27:43.869, 108.50 W, 95 %
2026/03/18 12:27:43.970, 108.46 W, 95 %
2026/03/18 12:27:44.070, 108.45 W, 95 %
2026/03/18 12:27:44.170, 108.47 W, 95 %
2026/03/18 12:27:44.270, 108.53 W, 95 %
2026/03/18 12:27:44.370, 108.60 W, 95 %
2026/03/18 12:27:44.470, 108.57 W, 95 %
2026/03/18 12:27:44.570, 108.54 W, 95 %
2026/03/18 12:27:44.671, 108.63 W, 95 %
2026/03/18 12:27:44.771, 108.66 W, 95 %
2026/03/18 12:27:44.871, 108.69 W, 95 %
2026/03/18 12:27:44.971, 108.74 W, 95 %
2026/03/18 12:27:45.071, 108.77 W, 95 %
2026/03/18 12:27:45.171, 108.79 W, 95 %
2026/03/18 12:27:45.271, 108.80 W, 95 %
2026/03/18 12:27:45.372, 108.81 W, 95 %
2026/03/18 12:27:45.472, 108.91 W, 95 %
2026/03/18 12:27:45.572, 108.99 W, 95 %
2026/03/18 12:27:45.672, 108.97 W, 95 %
2026/03/18 12:27:45.772, 108.96 W, 95 %
2026/03/18 12:27:45.872, 108.95 W, 95 %
2026/03/18 12:27:45.972, 108.96 W, 95 %
2026/03/18 12:27:46.073, 108.90 W, 95 %
2026/03/18 12:27:46.173, 108.86 W, 95 %
2026/03/18 12:27:46.273, 108.76 W, 95 %
2026/03/18 12:27:46.373, 108.75 W, 95 %
2026/03/18 12:27:46.473, 108.68 W, 95 %
2026/03/18 12:27:46.573, 108.65 W, 95 %
2026/03/18 12:27:46.673, 108.66 W, 95 %
2026/03/18 12:27:46.774, 108.69 W, 95 %
2026/03/18 12:27:46.874, 108.66 W, 95 %
2026/03/18 12:27:46.974, 108.71 W, 95 %
2026/03/18 12:27:47.074, 108.73 W, 95 %
2026/03/18 12:27:47.174, 108.76 W, 95 %
2026/03/18 12:27:47.274, 108.81 W, 95 %
2026/03/18 12:27:47.374, 108.83 W, 95 %
2026/03/18 12:27:47.475, 108.88 W, 95 %
2026/03/18 12:27:47.575, 108.90 W, 95 %
2026/03/18 12:27:47.675, 108.84 W, 95 %
2026/03/18 12:27:47.775, 108.83 W, 95 %
2026/03/18 12:27:47.875, 108.75 W, 95 %
2026/03/18 12:27:47.975, 108.72 W, 95 %
2026/03/18 12:27:48.075, 108.75 W, 95 %
2026/03/18 12:27:48.176, 108.75 W, 95 %
2026/03/18 12:27:48.276, 108.75 W, 95 %
2026/03/18 12:27:48.376, 108.73 W, 95 %
2026/03/18 12:27:48.476, 108.67 W, 95 %
2026/03/18 12:27:48.576, 108.67 W, 95 %
2026/03/18 12:27:48.676, 108.74 W, 95 %
2026/03/18 12:27:48.776, 108.82 W, 95 %
2026/03/18 12:27:48.877, 108.86 W, 95 %
2026/03/18 12:27:48.977, 108.81 W, 95 %
2026/03/18 12:27:49.077, 108.80 W, 95 %
2026/03/18 12:27:49.177, 108.80 W, 95 %
2026/03/18 12:27:49.277, 108.82 W, 95 %
2026/03/18 12:27:49.377, 108.86 W, 95 %
2026/03/18 12:27:49.477, 108.86 W, 95 %
2026/03/18 12:27:49.578, 108.81 W, 95 %
2026/03/18 12:27:49.678, 108.82 W, 95 %
2026/03/18 12:27:49.778, 108.84 W, 95 %
2026/03/18 12:27:49.878, 108.80 W, 95 %
2026/03/18 12:27:49.978, 108.84 W, 95 %
2026/03/18 12:27:50.078, 108.88 W, 95 %
2026/03/18 12:27:50.178, 109.33 W, 95 %
2026/03/18 12:27:50.279, 108.69 W, 95 %
2026/03/18 12:27:50.379, 108.74 W, 95 %
2026/03/18 12:27:50.479, 108.72 W, 95 %
2026/03/18 12:27:50.579, 108.77 W, 95 %
2026/03/18 12:27:50.679, 108.72 W, 95 %
2026/03/18 12:27:50.779, 108.69 W, 95 %
2026/03/18 12:27:50.879, 108.68 W, 95 %
2026/03/18 12:27:50.980, 108.70 W, 95 %
2026/03/18 12:27:51.080, 108.71 W, 95 %
2026/03/18 12:27:51.180, 108.74 W, 95 %
2026/03/18 12:27:51.280, 108.79 W, 95 %
2026/03/18 12:27:51.380, 108.79 W, 95 %
2026/03/18 12:27:51.480, 108.77 W, 95 %
2026/03/18 12:27:51.580, 108.83 W, 95 %
2026/03/18 12:27:51.681, 108.87 W, 95 %
2026/03/18 12:27:51.781, 108.84 W, 95 %
2026/03/18 12:27:51.881, 108.80 W, 95 %
2026/03/18 12:27:51.981, 108.71 W, 95 %
2026/03/18 12:27:52.081, 108.72 W, 95 %
2026/03/18 12:27:52.181, 108.75 W, 95 %
2026/03/18 12:27:52.281, 108.78 W, 95 %
2026/03/18 12:27:52.382, 108.73 W, 95 %
2026/03/18 12:27:52.482, 108.67 W, 95 %
2026/03/18 12:27:52.582, 108.52 W, 95 %
2026/03/18 12:27:52.682, 108.47 W, 95 %
2026/03/18 12:27:52.782, 108.46 W, 95 %
2026/03/18 12:27:52.882, 108.51 W, 95 %
2026/03/18 12:27:52.982, 108.60 W, 95 %
2026/03/18 12:27:53.083, 108.61 W, 95 %
2026/03/18 12:27:53.183, 108.58 W, 95 %
2026/03/18 12:27:53.283, 108.54 W, 95 %
2026/03/18 12:27:53.383, 108.55 W, 95 %
2026/03/18 12:27:53.483, 108.58 W, 95 %
2026/03/18 12:27:53.583, 108.67 W, 95 %
2026/03/18 12:27:53.683, 108.68 W, 95 %
2026/03/18 12:27:53.784, 108.70 W, 95 %
2026/03/18 12:27:53.884, 108.75 W, 95 %
2026/03/18 12:27:53.984, 108.77 W, 95 %
2026/03/18 12:27:54.084, 108.71 W, 95 %
2026/03/18 12:27:54.184, 108.73 W, 95 %
2026/03/18 12:27:54.284, 108.72 W, 95 %
2026/03/18 12:27:54.384, 108.77 W, 95 %
2026/03/18 12:27:54.485, 108.76 W, 95 %
2026/03/18 12:27:54.585, 108.76 W, 95 %
2026/03/18 12:27:54.685, 108.77 W, 95 %
2026/03/18 12:27:54.785, 108.77 W, 95 %
2026/03/18 12:27:54.885, 108.81 W, 95 %
2026/03/18 12:27:54.985, 108.78 W, 95 %
2026/03/18 12:27:55.085, 108.75 W, 95 %
2026/03/18 12:27:55.186, 108.70 W, 95 %
2026/03/18 12:27:55.286, 108.77 W, 95 %
2026/03/18 12:27:55.386, 108.68 W, 95 %
2026/03/18 12:27:55.486, 108.65 W, 95 %
2026/03/18 12:27:55.586, 108.62 W, 95 %
2026/03/18 12:27:55.686, 108.60 W, 95 %
2026/03/18 12:27:55.786, 108.54 W, 95 %
2026/03/18 12:27:55.887, 108.44 W, 95 %
2026/03/18 12:27:55.987, 108.48 W, 95 %
2026/03/18 12:27:56.087, 108.54 W, 95 %
2026/03/18 12:27:56.187, 108.53 W, 95 %
2026/03/18 12:27:56.287, 108.46 W, 95 %
2026/03/18 12:27:56.387, 108.51 W, 95 %
2026/03/18 12:27:56.487, 108.54 W, 95 %
2026/03/18 12:27:56.588, 108.66 W, 95 %
2026/03/18 12:27:56.688, 108.64 W, 95 %
2026/03/18 12:27:56.788, 108.70 W, 95 %
2026/03/18 12:27:56.888, 108.76 W, 95 %
2026/03/18 12:27:56.988, 108.78 W, 95 %
2026/03/18 12:27:57.088, 108.71 W, 95 %
2026/03/18 12:27:57.188, 108.76 W, 95 %
2026/03/18 12:27:57.289, 108.77 W, 95 %
2026/03/18 12:27:57.389, 108.72 W, 95 %
2026/03/18 12:27:57.489, 108.76 W, 95 %
2026/03/18 12:27:57.589, 108.70 W, 95 %
2026/03/18 12:27:57.689, 108.74 W, 95 %
2026/03/18 12:27:57.789, 108.76 W, 95 %
2026/03/18 12:27:57.889, 108.72 W, 95 %
2026/03/18 12:27:57.990, 108.61 W, 95 %
2026/03/18 12:27:58.090, 108.63 W, 95 %
2026/03/18 12:27:58.190, 108.62 W, 95 %
2026/03/18 12:27:58.290, 108.65 W, 95 %
2026/03/18 12:27:58.390, 108.64 W, 95 %
2026/03/18 12:27:58.490, 108.58 W, 95 %
2026/03/18 12:27:58.590, 108.61 W, 95 %
2026/03/18 12:27:58.691, 108.56 W, 95 %
2026/03/18 12:27:58.791, 108.57 W, 95 %
2026/03/18 12:27:58.891, 108.63 W, 95 %
2026/03/18 12:27:58.991, 108.68 W, 95 %
2026/03/18 12:27:59.091, 108.71 W, 95 %
2026/03/18 12:27:59.191, 108.72 W, 95 %
2026/03/18 12:27:59.291, 108.69 W, 95 %
2026/03/18 12:27:59.392, 108.68 W, 95 %
2026/03/18 12:27:59.492, 108.70 W, 95 %
2026/03/18 12:27:59.592, 108.64 W, 95 %
2026/03/18 12:27:59.692, 108.61 W, 95 %
2026/03/18 12:27:59.792, 108.61 W, 95 %
2026/03/18 12:27:59.892, 108.60 W, 95 %
2026/03/18 12:27:59.992, 108.63 W, 95 %
2026/03/18 12:28:00.093, 108.60 W, 95 %
2026/03/18 12:28:00.193, 108.64 W, 95 %
2026/03/18 12:28:00.293, 108.66 W, 95 %
2026/03/18 12:28:00.393, 108.69 W, 95 %
2026/03/18 12:28:00.493, 108.74 W, 95 %
2026/03/18 12:28:00.593, 108.80 W, 95 %
2026/03/18 12:28:00.693, 108.82 W, 95 %
2026/03/18 12:28:00.794, 108.84 W, 95 %
2026/03/18 12:28:00.894, 108.85 W, 95 %
2026/03/18 12:28:00.994, 108.82 W, 95 %
2026/03/18 12:28:01.094, 108.84 W, 95 %
2026/03/18 12:28:01.194, 108.81 W, 95 %
2026/03/18 12:28:01.294, 108.83 W, 95 %
2026/03/18 12:28:01.394, 108.78 W, 95 %
2026/03/18 12:28:01.495, 108.72 W, 95 %
2026/03/18 12:28:01.595, 108.67 W, 95 %
2026/03/18 12:28:01.695, 108.65 W, 95 %
2026/03/18 12:28:01.795, 108.62 W, 95 %
2026/03/18 12:28:01.895, 108.59 W, 95 %
2026/03/18 12:28:01.995, 108.62 W, 95 %
2026/03/18 12:28:02.095, 108.57 W, 95 %
2026/03/18 12:28:02.196, 108.54 W, 95 %
2026/03/18 12:28:02.296, 108.48 W, 95 %
2026/03/18 12:28:02.396, 108.52 W, 95 %
2026/03/18 12:28:02.496, 108.50 W, 95 %
2026/03/18 12:28:02.596, 108.50 W, 95 %
2026/03/18 12:28:02.696, 108.51 W, 95 %
2026/03/18 12:28:02.796, 108.54 W, 95 %
2026/03/18 12:28:02.897, 108.53 W, 95 %
2026/03/18 12:28:02.997, 108.49 W, 95 %
2026/03/18 12:28:03.097, 108.50 W, 95 %
2026/03/18 12:28:03.197, 108.50 W, 95 %
2026/03/18 12:28:03.297, 108.48 W, 91 %
2026/03/18 12:28:03.397, 108.52 W, 91 %
2026/03/18 12:28:03.497, 108.53 W, 95 %
2026/03/18 12:28:03.598, 108.59 W, 95 %
2026/03/18 12:28:03.698, 108.63 W, 95 %
2026/03/18 12:28:03.798, 108.60 W, 95 %
2026/03/18 12:28:03.898, 108.60 W, 95 %
2026/03/18 12:28:03.998, 108.60 W, 95 %
2026/03/18 12:28:04.098, 108.60 W, 95 %
2026/03/18 12:28:04.198, 108.61 W, 95 %
2026/03/18 12:28:04.299, 108.63 W, 95 %
2026/03/18 12:28:04.399, 108.58 W, 95 %
2026/03/18 12:28:04.499, 108.57 W, 95 %
2026/03/18 12:28:04.599, 108.55 W, 95 %
2026/03/18 12:28:04.699, 108.53 W, 95 %
2026/03/18 12:28:04.799, 108.60 W, 95 %
2026/03/18 12:28:04.899, 108.65 W, 95 %
2026/03/18 12:28:05.000, 108.67 W, 95 %
2026/03/18 12:28:05.100, 108.72 W, 95 %
2026/03/18 12:28:05.200, 108.74 W, 95 %
2026/03/18 12:28:05.300, 108.73 W, 95 %
2026/03/18 12:28:05.400, 108.81 W, 95 %
2026/03/18 12:28:05.500, 108.79 W, 95 %
2026/03/18 12:28:05.600, 108.78 W, 95 %
2026/03/18 12:28:05.701, 108.83 W, 95 %
2026/03/18 12:28:05.801, 108.78 W, 95 %
2026/03/18 12:28:05.901, 108.69 W, 95 %
2026/03/18 12:28:06.001, 108.73 W, 95 %
2026/03/18 12:28:06.101, 108.71 W, 95 %
2026/03/18 12:28:06.201, 108.74 W, 95 %
2026/03/18 12:28:06.301, 108.71 W, 95 %
2026/03/18 12:28:06.402, 108.68 W, 95 %
2026/03/18 12:28:06.502, 108.67 W, 95 %
2026/03/18 12:28:06.602, 108.61 W, 95 %
2026/03/18 12:28:06.702, 108.61 W, 95 %
2026/03/18 12:28:06.802, 108.60 W, 95 %
2026/03/18 12:28:06.902, 108.62 W, 95 %
2026/03/18 12:28:07.002, 108.56 W, 95 %
2026/03/18 12:28:07.102, 108.59 W, 95 %
2026/03/18 12:28:07.203, 108.61 W, 95 %
2026/03/18 12:28:07.303, 108.69 W, 95 %
2026/03/18 12:28:07.403, 108.69 W, 95 %
2026/03/18 12:28:07.503, 108.71 W, 95 %
2026/03/18 12:28:07.603, 108.72 W, 95 %
2026/03/18 12:28:07.703, 108.71 W, 95 %
2026/03/18 12:28:07.803, 108.68 W, 95 %
2026/03/18 12:28:07.904, 108.68 W, 95 %
2026/03/18 12:28:08.004, 108.69 W, 95 %
2026/03/18 12:28:08.104, 108.68 W, 95 %
2026/03/18 12:28:08.204, 108.66 W, 95 %
2026/03/18 12:28:08.304, 108.61 W, 95 %
2026/03/18 12:28:08.404, 108.61 W, 95 %
2026/03/18 12:28:08.504, 108.60 W, 95 %
2026/03/18 12:28:08.605, 108.61 W, 95 %
2026/03/18 12:28:08.705, 108.59 W, 95 %
2026/03/18 12:28:08.805, 108.65 W, 95 %
2026/03/18 12:28:08.905, 108.63 W, 95 %
2026/03/18 12:28:09.005, 108.64 W, 95 %
2026/03/18 12:28:09.105, 108.63 W, 95 %
2026/03/18 12:28:09.205, 108.55 W, 95 %
2026/03/18 12:28:09.306, 108.55 W, 95 %
2026/03/18 12:28:09.406, 108.56 W, 95 %
2026/03/18 12:28:09.506, 108.59 W, 95 %
2026/03/18 12:28:09.606, 108.60 W, 95 %
2026/03/18 12:28:09.706, 108.66 W, 95 %
2026/03/18 12:28:09.806, 108.64 W, 95 %
2026/03/18 12:28:09.906, 108.62 W, 95 %
2026/03/18 12:28:10.007, 108.59 W, 95 %
2026/03/18 12:28:10.107, 108.64 W, 95 %
2026/03/18 12:28:10.207, 108.69 W, 95 %
2026/03/18 12:28:10.307, 108.68 W, 95 %
2026/03/18 12:28:10.407, 108.71 W, 95 %
2026/03/18 12:28:10.507, 108.69 W, 95 %
2026/03/18 12:28:10.607, 108.67 W, 95 %
2026/03/18 12:28:10.708, 108.61 W, 95 %
2026/03/18 12:28:10.808, 108.66 W, 95 %
2026/03/18 12:28:10.908, 108.71 W, 95 %
2026/03/18 12:28:11.008, 108.71 W, 95 %
2026/03/18 12:28:11.108, 108.77 W, 95 %
2026/03/18 12:28:11.208, 108.69 W, 95 %
2026/03/18 12:28:11.308, 108.71 W, 95 %
2026/03/18 12:28:11.409, 108.71 W, 95 %
2026/03/18 12:28:11.509, 108.73 W, 95 %
2026/03/18 12:28:11.609, 108.75 W, 95 %
2026/03/18 12:28:11.709, 108.83 W, 95 %
2026/03/18 12:28:11.809, 108.82 W, 95 %
2026/03/18 12:28:11.909, 108.81 W, 95 %
2026/03/18 12:28:12.009, 108.79 W, 95 %
2026/03/18 12:28:12.110, 108.68 W, 95 %
2026/03/18 12:28:12.210, 108.59 W, 95 %
2026/03/18 12:28:12.310, 108.58 W, 95 %
2026/03/18 12:28:12.410, 108.47 W, 95 %
2026/03/18 12:28:12.510, 108.42 W, 95 %
2026/03/18 12:28:12.610, 108.37 W, 95 %
2026/03/18 12:28:12.710, 108.34 W, 95 %
2026/03/18 12:28:12.811, 108.29 W, 95 %
2026/03/18 12:28:12.911, 108.26 W, 95 %
2026/03/18 12:28:13.011, 108.21 W, 95 %
2026/03/18 12:28:13.111, 108.21 W, 95 %
2026/03/18 12:28:13.211, 108.18 W, 95 %
2026/03/18 12:28:13.311, 108.13 W, 95 %
2026/03/18 12:28:13.411, 108.14 W, 95 %
2026/03/18 12:28:13.512, 108.18 W, 95 %
2026/03/18 12:28:13.612, 108.16 W, 95 %
2026/03/18 12:28:13.712, 108.18 W, 95 %
2026/03/18 12:28:13.812, 108.16 W, 95 %
2026/03/18 12:28:13.912, 108.15 W, 95 %
2026/03/18 12:28:14.012, 108.16 W, 95 %
2026/03/18 12:28:14.112, 108.23 W, 95 %
2026/03/18 12:28:14.213, 108.28 W, 95 %
2026/03/18 12:28:14.313, 108.32 W, 95 %
2026/03/18 12:28:14.413, 108.33 W, 95 %
2026/03/18 12:28:14.513, 108.32 W, 95 %
2026/03/18 12:28:14.613, 108.32 W, 95 %
2026/03/18 12:28:14.713, 108.29 W, 95 %
2026/03/18 12:28:14.813, 108.33 W, 95 %
2026/03/18 12:28:14.914, 108.28 W, 94 %
2026/03/18 12:28:15.014, 108.29 W, 94 %
2026/03/18 12:28:15.114, 108.28 W, 95 %
2026/03/18 12:28:15.214, 108.24 W, 95 %
2026/03/18 12:28:15.314, 108.21 W, 95 %
2026/03/18 12:28:15.414, 108.19 W, 95 %
2026/03/18 12:28:15.514, 108.19 W, 95 %
2026/03/18 12:28:15.615, 108.27 W, 95 %
2026/03/18 12:28:15.715, 108.25 W, 95 %
2026/03/18 12:28:15.815, 108.22 W, 95 %
2026/03/18 12:28:15.915, 108.25 W, 95 %
2026/03/18 12:28:16.015, 108.23 W, 95 %
2026/03/18 12:28:16.115, 108.24 W, 95 %
2026/03/18 12:28:16.215, 108.30 W, 95 %
2026/03/18 12:28:16.316, 108.31 W, 95 %
2026/03/18 12:28:16.416, 108.30 W, 95 %
2026/03/18 12:28:16.516, 108.30 W, 95 %
2026/03/18 12:28:16.616, 108.25 W, 95 %
2026/03/18 12:28:16.716, 108.31 W, 95 %
2026/03/18 12:28:16.816, 108.33 W, 95 %
2026/03/18 12:28:16.916, 108.30 W, 95 %
2026/03/18 12:28:17.016, 108.32 W, 95 %
2026/03/18 12:28:17.117, 108.39 W, 95 %
2026/03/18 12:28:17.217, 108.42 W, 95 %
2026/03/18 12:28:17.317, 108.48 W, 95 %
2026/03/18 12:28:17.417, 108.53 W, 95 %
2026/03/18 12:28:17.517, 108.52 W, 95 %
2026/03/18 12:28:17.617, 108.52 W, 95 %
2026/03/18 12:28:17.717, 108.43 W, 95 %
2026/03/18 12:28:17.818, 108.41 W, 95 %
2026/03/18 12:28:17.918, 108.42 W, 95 %
2026/03/18 12:28:18.018, 108.40 W, 95 %
2026/03/18 12:28:18.118, 108.30 W, 95 %
2026/03/18 12:28:18.218, 108.23 W, 95 %
2026/03/18 12:28:18.318, 108.20 W, 95 %
2026/03/18 12:28:18.418, 108.16 W, 95 %
2026/03/18 12:28:18.519, 108.19 W, 95 %
2026/03/18 12:28:18.619, 108.18 W, 95 %
2026/03/18 12:28:18.719, 108.20 W, 95 %
2026/03/18 12:28:18.819, 108.19 W, 95 %
2026/03/18 12:28:18.919, 108.16 W, 95 %
2026/03/18 12:28:19.019, 108.17 W, 95 %
2026/03/18 12:28:19.119, 108.16 W, 95 %
2026/03/18 12:28:19.220, 108.16 W, 95 %
2026/03/18 12:28:19.320, 108.16 W, 95 %
2026/03/18 12:28:19.420, 108.22 W, 95 %
2026/03/18 12:28:19.520, 108.21 W, 95 %
2026/03/18 12:28:19.620, 108.25 W, 95 %
2026/03/18 12:28:19.720, 108.21 W, 95 %
2026/03/18 12:28:19.820, 108.21 W, 95 %
2026/03/18 12:28:19.921, 108.30 W, 95 %
2026/03/18 12:28:20.021, 108.29 W, 95 %
2026/03/18 12:28:20.121, 108.32 W, 95 %
2026/03/18 12:28:20.221, 108.36 W, 95 %
2026/03/18 12:28:20.321, 108.41 W, 95 %
2026/03/18 12:28:20.421, 108.39 W, 95 %
2026/03/18 12:28:20.521, 108.32 W, 95 %
2026/03/18 12:28:20.622, 108.31 W, 95 %
2026/03/18 12:28:20.722, 108.35 W, 95 %
2026/03/18 12:28:20.822, 108.36 W, 95 %
2026/03/18 12:28:20.922, 108.31 W, 95 %
2026/03/18 12:28:21.022, 108.25 W, 95 %
2026/03/18 12:28:21.122, 108.26 W, 95 %
2026/03/18 12:28:21.222, 108.26 W, 95 %
2026/03/18 12:28:21.323, 108.23 W, 95 %
2026/03/18 12:28:21.423, 108.24 W, 95 %
2026/03/18 12:28:21.523, 108.25 W, 95 %
2026/03/18 12:28:21.623, 108.27 W, 95 %
2026/03/18 12:28:21.723, 108.29 W, 95 %
2026/03/18 12:28:21.823, 108.32 W, 95 %
2026/03/18 12:28:21.923, 108.30 W, 95 %
2026/03/18 12:28:22.024, 108.35 W, 95 %
2026/03/18 12:28:22.124, 108.33 W, 95 %
2026/03/18 12:28:22.224, 108.33 W, 95 %
2026/03/18 12:28:22.324, 108.29 W, 95 %
2026/03/18 12:28:22.424, 108.27 W, 95 %
2026/03/18 12:28:22.524, 108.28 W, 95 %
2026/03/18 12:28:22.624, 108.25 W, 95 %
2026/03/18 12:28:22.725, 108.19 W, 95 %
2026/03/18 12:28:22.825, 108.17 W, 95 %
2026/03/18 12:28:22.925, 108.22 W, 95 %
2026/03/18 12:28:23.025, 108.19 W, 95 %
2026/03/18 12:28:23.125, 108.15 W, 95 %
2026/03/18 12:28:23.225, 108.17 W, 95 %
2026/03/18 12:28:23.325, 108.18 W, 95 %
2026/03/18 12:28:23.426, 108.17 W, 95 %
2026/03/18 12:28:23.526, 108.16 W, 95 %
2026/03/18 12:28:23.626, 108.18 W, 95 %
2026/03/18 12:28:23.726, 108.21 W, 95 %
2026/03/18 12:28:23.826, 108.26 W, 95 %
2026/03/18 12:28:23.926, 108.29 W, 95 %
2026/03/18 12:28:24.026, 108.28 W, 95 %
2026/03/18 12:28:24.127, 108.27 W, 95 %
2026/03/18 12:28:24.227, 108.30 W, 95 %
2026/03/18 12:28:24.327, 108.26 W, 95 %
2026/03/18 12:28:24.427, 108.25 W, 95 %
2026/03/18 12:28:24.527, 108.25 W, 95 %
2026/03/18 12:28:24.627, 108.27 W, 95 %
2026/03/18 12:28:24.727, 108.26 W, 95 %
2026/03/18 12:28:24.828, 108.18 W, 95 %
2026/03/18 12:28:24.928, 108.16 W, 95 %
2026/03/18 12:28:25.028, 108.18 W, 95 %
2026/03/18 12:28:25.128, 108.23 W, 95 %
2026/03/18 12:28:25.228, 108.21 W, 95 %
2026/03/18 12:28:25.328, 108.30 W, 95 %
2026/03/18 12:28:25.428, 108.30 W, 95 %
2026/03/18 12:28:25.529, 108.36 W, 95 %
2026/03/18 12:28:25.629, 108.37 W, 95 %
2026/03/18 12:28:25.729, 108.39 W, 95 %
2026/03/18 12:28:25.829, 108.36 W, 95 %
2026/03/18 12:28:25.929, 108.35 W, 95 %
2026/03/18 12:28:26.029, 108.32 W, 95 %
2026/03/18 12:28:26.129, 108.34 W, 95 %
2026/03/18 12:28:26.230, 108.34 W, 95 %
2026/03/18 12:28:26.330, 108.27 W, 95 %
2026/03/18 12:28:26.430, 108.26 W, 95 %
2026/03/18 12:28:26.530, 108.19 W, 95 %
2026/03/18 12:28:26.630, 108.15 W, 95 %
2026/03/18 12:28:26.730, 108.17 W, 95 %
2026/03/18 12:28:26.830, 108.13 W, 95 %
2026/03/18 12:28:26.931, 108.13 W, 95 %
2026/03/18 12:28:27.031, 108.21 W, 95 %
2026/03/18 12:28:27.131, 108.26 W, 95 %
2026/03/18 12:28:27.231, 108.24 W, 95 %
2026/03/18 12:28:27.331, 108.31 W, 95 %
2026/03/18 12:28:27.431, 108.37 W, 95 %
2026/03/18 12:28:27.531, 108.43 W, 95 %
2026/03/18 12:28:27.631, 108.48 W, 95 %
2026/03/18 12:28:27.732, 108.46 W, 95 %
2026/03/18 12:28:27.832, 108.45 W, 95 %
2026/03/18 12:28:27.932, 108.48 W, 95 %
2026/03/18 12:28:28.032, 108.45 W, 95 %
2026/03/18 12:28:28.132, 108.40 W, 95 %
2026/03/18 12:28:28.232, 108.35 W, 95 %
2026/03/18 12:28:28.332, 108.29 W, 95 %
2026/03/18 12:28:28.433, 108.24 W, 95 %
2026/03/18 12:28:28.533, 108.22 W, 95 %
2026/03/18 12:28:28.633, 108.21 W, 95 %
2026/03/18 12:28:28.733, 108.23 W, 95 %
2026/03/18 12:28:28.833, 108.24 W, 95 %
2026/03/18 12:28:28.933, 108.20 W, 95 %
2026/03/18 12:28:29.033, 108.27 W, 95 %
2026/03/18 12:28:29.134, 108.27 W, 95 %
2026/03/18 12:28:29.234, 108.31 W, 95 %
2026/03/18 12:28:29.334, 108.35 W, 95 %
2026/03/18 12:28:29.434, 108.33 W, 95 %
2026/03/18 12:28:29.534, 108.32 W, 95 %
2026/03/18 12:28:29.634, 108.25 W, 95 %
2026/03/18 12:28:29.734, 108.23 W, 95 %
2026/03/18 12:28:29.835, 108.21 W, 95 %
2026/03/18 12:28:29.935, 108.21 W, 95 %
2026/03/18 12:28:30.035, 108.14 W, 95 %
2026/03/18 12:28:30.135, 108.17 W, 95 %
2026/03/18 12:28:30.235, 108.21 W, 95 %
2026/03/18 12:28:30.335, 108.24 W, 95 %
2026/03/18 12:28:30.435, 108.29 W, 95 %
2026/03/18 12:28:30.536, 108.31 W, 95 %
2026/03/18 12:28:30.636, 108.35 W, 95 %
2026/03/18 12:28:30.736, 108.38 W, 95 %
2026/03/18 12:28:30.836, 108.44 W, 95 %
2026/03/18 12:28:30.936, 108.50 W, 95 %
2026/03/18 12:28:31.036, 108.54 W, 95 %
2026/03/18 12:28:31.136, 108.58 W, 95 %
2026/03/18 12:28:31.237, 108.50 W, 95 %
2026/03/18 12:28:31.337, 108.43 W, 95 %
2026/03/18 12:28:31.437, 108.40 W, 95 %
2026/03/18 12:28:31.537, 108.37 W, 95 %
2026/03/18 12:28:31.637, 108.36 W, 95 %
2026/03/18 12:28:31.737, 108.30 W, 95 %
2026/03/18 12:28:31.837, 108.23 W, 95 %
2026/03/18 12:28:31.938, 108.21 W, 95 %
2026/03/18 12:28:32.038, 108.12 W, 95 %
2026/03/18 12:28:32.138, 108.11 W, 95 %
2026/03/18 12:28:32.238, 108.11 W, 95 %
2026/03/18 12:28:32.338, 108.16 W, 95 %
2026/03/18 12:28:32.438, 108.14 W, 95 %
2026/03/18 12:28:32.538, 108.19 W, 95 %
2026/03/18 12:28:32.639, 108.20 W, 95 %
2026/03/18 12:28:32.739, 108.17 W, 95 %
2026/03/18 12:28:32.839, 108.17 W, 95 %
2026/03/18 12:28:32.939, 108.14 W, 95 %
2026/03/18 12:28:33.039, 108.18 W, 95 %
2026/03/18 12:28:33.139, 108.17 W, 95 %
2026/03/18 12:28:33.239, 108.21 W, 95 %
2026/03/18 12:28:33.340, 108.22 W, 95 %
2026/03/18 12:28:33.440, 108.30 W, 95 %
2026/03/18 12:28:33.540, 108.29 W, 95 %
2026/03/18 12:28:33.640, 108.28 W, 95 %
2026/03/18 12:28:33.740, 108.28 W, 95 %
2026/03/18 12:28:33.840, 108.30 W, 95 %
2026/03/18 12:28:33.940, 108.32 W, 95 %
2026/03/18 12:28:34.041, 108.36 W, 95 %
2026/03/18 12:28:34.141, 108.42 W, 95 %
2026/03/18 12:28:34.241, 108.39 W, 95 %
2026/03/18 12:28:34.341, 108.39 W, 95 %
2026/03/18 12:28:34.441, 108.39 W, 95 %
2026/03/18 12:28:34.541, 108.39 W, 95 %
2026/03/18 12:28:34.641, 108.41 W, 95 %
2026/03/18 12:28:34.742, 108.38 W, 95 %
2026/03/18 12:28:34.842, 108.38 W, 95 %
2026/03/18 12:28:34.942, 108.38 W, 95 %
2026/03/18 12:28:35.042, 108.38 W, 95 %
2026/03/18 12:28:35.142, 108.44 W, 95 %
2026/03/18 12:28:35.242, 108.39 W, 95 %
2026/03/18 12:28:35.342, 108.40 W, 95 %
2026/03/18 12:28:35.443, 108.38 W, 95 %
2026/03/18 12:28:35.543, 108.35 W, 95 %
2026/03/18 12:28:35.643, 108.32 W, 95 %
2026/03/18 12:28:35.743, 108.39 W, 95 %
2026/03/18 12:28:35.843, 108.40 W, 95 %
2026/03/18 12:28:35.943, 108.44 W, 95 %
2026/03/18 12:28:36.043, 108.44 W, 95 %
2026/03/18 12:28:36.144, 108.38 W, 95 %
2026/03/18 12:28:36.244, 108.38 W, 95 %
2026/03/18 12:28:36.344, 108.36 W, 95 %
2026/03/18 12:28:36.444, 108.33 W, 95 %
2026/03/18 12:28:36.544, 108.33 W, 95 %
2026/03/18 12:28:36.644, 108.34 W, 95 %
2026/03/18 12:28:36.744, 108.33 W, 95 %
2026/03/18 12:28:36.845, 108.32 W, 95 %
2026/03/18 12:28:36.945, 108.27 W, 95 %
2026/03/18 12:28:37.045, 108.29 W, 95 %
2026/03/18 12:28:37.145, 108.33 W, 95 %
2026/03/18 12:28:37.245, 108.32 W, 95 %
2026/03/18 12:28:37.345, 108.30 W, 95 %
2026/03/18 12:28:37.445, 108.28 W, 95 %
2026/03/18 12:28:37.545, 108.28 W, 95 %
2026/03/18 12:28:37.646, 108.29 W, 95 %
2026/03/18 12:28:37.746, 108.25 W, 95 %
2026/03/18 12:28:37.846, 108.29 W, 95 %
2026/03/18 12:28:37.946, 108.24 W, 95 %
2026/03/18 12:28:38.046, 108.20 W, 95 %
2026/03/18 12:28:38.146, 108.12 W, 95 %
2026/03/18 12:28:38.246, 108.11 W, 95 %
2026/03/18 12:28:38.347, 108.12 W, 95 %
2026/03/18 12:28:38.447, 108.17 W, 95 %
2026/03/18 12:28:38.547, 108.18 W, 95 %
2026/03/18 12:28:38.647, 108.19 W, 95 %
2026/03/18 12:28:38.747, 108.14 W, 95 %
2026/03/18 12:28:38.847, 108.12 W, 95 %
2026/03/18 12:28:38.947, 108.20 W, 95 %
2026/03/18 12:28:39.048, 108.22 W, 95 %
2026/03/18 12:28:39.148, 108.26 W, 95 %
2026/03/18 12:28:39.248, 108.25 W, 95 %
2026/03/18 12:28:39.348, 108.18 W, 95 %
2026/03/18 12:28:39.448, 108.21 W, 95 %
2026/03/18 12:28:39.548, 108.20 W, 95 %
2026/03/18 12:28:39.648, 108.19 W, 95 %
2026/03/18 12:28:39.749, 108.25 W, 95 %
2026/03/18 12:28:39.849, 108.20 W, 95 %
2026/03/18 12:28:39.949, 108.15 W, 95 %
2026/03/18 12:28:40.049, 108.17 W, 95 %
2026/03/18 12:28:40.149, 108.14 W, 95 %
2026/03/18 12:28:40.249, 108.21 W, 95 %
2026/03/18 12:28:40.349, 108.21 W, 95 %
2026/03/18 12:28:40.450, 108.21 W, 95 %
2026/03/18 12:28:40.550, 108.19 W, 95 %
2026/03/18 12:28:40.650, 108.23 W, 95 %
2026/03/18 12:28:40.750, 108.21 W, 95 %
2026/03/18 12:28:40.850, 108.30 W, 95 %
2026/03/18 12:28:40.950, 108.28 W, 95 %
2026/03/18 12:28:41.050, 108.25 W, 95 %
2026/03/18 12:28:41.151, 108.25 W, 95 %
2026/03/18 12:28:41.251, 108.19 W, 95 %
2026/03/18 12:28:41.351, 108.21 W, 95 %
2026/03/18 12:28:41.451, 108.19 W, 95 %
2026/03/18 12:28:41.551, 108.20 W, 95 %
2026/03/18 12:28:41.651, 108.16 W, 95 %
2026/03/18 12:28:41.751, 108.11 W, 95 %
2026/03/18 12:28:41.852, 108.07 W, 95 %
2026/03/18 12:28:41.952, 108.08 W, 95 %
2026/03/18 12:28:42.052, 108.12 W, 95 %
2026/03/18 12:28:42.152, 108.11 W, 95 %
2026/03/18 12:28:42.252, 108.12 W, 95 %
2026/03/18 12:28:42.352, 108.07 W, 95 %
2026/03/18 12:28:42.452, 108.07 W, 95 %
2026/03/18 12:28:42.553, 108.07 W, 95 %
2026/03/18 12:28:42.653, 108.13 W, 95 %
2026/03/18 12:28:42.753, 108.16 W, 95 %
2026/03/18 12:28:42.853, 108.16 W, 95 %
2026/03/18 12:28:42.953, 108.17 W, 95 %
2026/03/18 12:28:43.053, 108.17 W, 95 %
2026/03/18 12:28:43.153, 108.19 W, 95 %
2026/03/18 12:28:43.254, 108.19 W, 95 %
2026/03/18 12:28:43.354, 108.23 W, 95 %
2026/03/18 12:28:43.454, 108.25 W, 95 %
2026/03/18 12:28:43.554, 108.22 W, 95 %
2026/03/18 12:28:43.654, 108.18 W, 95 %
2026/03/18 12:28:43.754, 108.19 W, 95 %
2026/03/18 12:28:43.854, 108.20 W, 95 %
2026/03/18 12:28:43.955, 108.20 W, 95 %
2026/03/18 12:28:44.055, 108.15 W, 95 %
2026/03/18 12:28:44.155, 108.15 W, 95 %
2026/03/18 12:28:44.255, 108.21 W, 95 %
2026/03/18 12:28:44.355, 108.22 W, 95 %
2026/03/18 12:28:44.455, 108.21 W, 95 %
2026/03/18 12:28:44.555, 108.26 W, 95 %
2026/03/18 12:28:44.656, 108.26 W, 95 %
2026/03/18 12:28:44.756, 108.27 W, 95 %
2026/03/18 12:28:44.856, 108.26 W, 95 %
2026/03/18 12:28:44.956, 108.29 W, 95 %
2026/03/18 12:28:45.056, 108.32 W, 95 %
2026/03/18 12:28:45.156, 108.35 W, 95 %
2026/03/18 12:28:45.256, 108.31 W, 95 %
2026/03/18 12:28:45.357, 108.34 W, 95 %
2026/03/18 12:28:45.457, 108.32 W, 95 %
2026/03/18 12:28:45.557, 108.29 W, 95 %
2026/03/18 12:28:45.657, 108.28 W, 95 %
2026/03/18 12:28:45.757, 108.26 W, 95 %
2026/03/18 12:28:45.857, 108.27 W, 95 %
2026/03/18 12:28:45.957, 108.25 W, 95 %
2026/03/18 12:28:46.058, 108.23 W, 95 %
2026/03/18 12:28:46.158, 108.22 W, 95 %
2026/03/18 12:28:46.258, 108.24 W, 95 %
2026/03/18 12:28:46.358, 108.29 W, 95 %
2026/03/18 12:28:46.458, 108.27 W, 95 %
2026/03/18 12:28:46.558, 108.27 W, 95 %
2026/03/18 12:28:46.658, 108.28 W, 95 %
2026/03/18 12:28:46.759, 108.33 W, 95 %
2026/03/18 12:28:46.859, 108.34 W, 95 %
2026/03/18 12:28:46.959, 108.32 W, 95 %
2026/03/18 12:28:47.059, 108.38 W, 95 %
2026/03/18 12:28:47.159, 108.32 W, 95 %
2026/03/18 12:28:47.259, 108.25 W, 95 %
2026/03/18 12:28:47.359, 108.19 W, 95 %
2026/03/18 12:28:47.460, 108.22 W, 95 %
2026/03/18 12:28:47.560, 108.27 W, 95 %
2026/03/18 12:28:47.660, 108.31 W, 95 %
2026/03/18 12:28:47.760, 108.29 W, 95 %
2026/03/18 12:28:47.860, 108.33 W, 95 %
2026/03/18 12:28:47.960, 108.34 W, 95 %
2026/03/18 12:28:48.060, 108.28 W, 95 %
2026/03/18 12:28:48.160, 108.38 W, 95 %
2026/03/18 12:28:48.261, 108.45 W, 95 %
2026/03/18 12:28:48.361, 108.48 W, 95 %
2026/03/18 12:28:48.461, 108.50 W, 95 %
2026/03/18 12:28:48.561, 108.47 W, 95 %
2026/03/18 12:28:48.661, 108.51 W, 95 %
2026/03/18 12:28:48.761, 108.49 W, 95 %
2026/03/18 12:28:48.861, 108.42 W, 95 %
2026/03/18 12:28:48.962, 108.46 W, 95 %
2026/03/18 12:28:49.062, 108.48 W, 95 %
2026/03/18 12:28:49.162, 108.43 W, 95 %
2026/03/18 12:28:49.262, 108.38 W, 95 %
2026/03/18 12:28:49.362, 108.33 W, 95 %
2026/03/18 12:28:49.462, 108.32 W, 95 %
2026/03/18 12:28:49.563, 108.29 W, 95 %
2026/03/18 12:28:49.663, 108.26 W, 95 %
2026/03/18 12:28:49.763, 108.27 W, 95 %
2026/03/18 12:28:49.863, 108.31 W, 95 %
2026/03/18 12:28:49.963, 108.26 W, 95 %
2026/03/18 12:28:50.063, 108.26 W, 95 %
2026/03/18 12:28:50.163, 108.25 W, 95 %
2026/03/18 12:28:50.264, 108.24 W, 95 %
2026/03/18 12:28:50.364, 108.28 W, 95 %
2026/03/18 12:28:50.464, 108.23 W, 95 %
2026/03/18 12:28:50.564, 108.25 W, 95 %
2026/03/18 12:28:50.664, 108.28 W, 95 %
2026/03/18 12:28:50.764, 108.25 W, 95 %
2026/03/18 12:28:50.864, 108.25 W, 95 %
2026/03/18 12:28:50.965, 108.24 W, 95 %
2026/03/18 12:28:51.065, 108.30 W, 95 %
2026/03/18 12:28:51.165, 108.35 W, 95 %
2026/03/18 12:28:51.265, 108.36 W, 95 %
2026/03/18 12:28:51.365, 108.35 W, 95 %
2026/03/18 12:28:51.465, 108.39 W, 95 %
2026/03/18 12:28:51.565, 108.36 W, 95 %
2026/03/18 12:28:51.666, 108.30 W, 95 %
2026/03/18 12:28:51.766, 108.32 W, 95 %
2026/03/18 12:28:51.866, 108.35 W, 95 %
2026/03/18 12:28:51.966, 108.38 W, 95 %
2026/03/18 12:28:52.066, 108.37 W, 95 %
2026/03/18 12:28:52.166, 108.38 W, 95 %
2026/03/18 12:28:52.266, 108.38 W, 95 %
2026/03/18 12:28:52.367, 108.39 W, 95 %
2026/03/18 12:28:52.467, 108.43 W, 95 %
2026/03/18 12:28:52.567, 108.41 W, 95 %
2026/03/18 12:28:52.667, 108.44 W, 95 %
2026/03/18 12:28:52.767, 108.42 W, 95 %
2026/03/18 12:28:52.867, 108.40 W, 95 %
2026/03/18 12:28:52.967, 108.42 W, 95 %
2026/03/18 12:28:53.068, 108.39 W, 95 %
2026/03/18 12:28:53.168, 108.37 W, 95 %
2026/03/18 12:28:53.268, 108.31 W, 95 %
2026/03/18 12:28:53.368, 108.31 W, 95 %
2026/03/18 12:28:53.468, 108.26 W, 95 %
2026/03/18 12:28:53.568, 108.29 W, 95 %
2026/03/18 12:28:53.668, 108.28 W, 95 %
2026/03/18 12:28:53.769, 108.31 W, 95 %
2026/03/18 12:28:53.869, 108.28 W, 95 %
2026/03/18 12:28:53.969, 108.29 W, 95 %
2026/03/18 12:28:54.069, 108.28 W, 95 %
2026/03/18 12:28:54.169, 108.34 W, 95 %
2026/03/18 12:28:54.269, 108.38 W, 95 %
2026/03/18 12:28:54.369, 108.37 W, 95 %
2026/03/18 12:28:54.470, 108.41 W, 95 %
2026/03/18 12:28:54.570, 108.43 W, 95 %
2026/03/18 12:28:54.670, 108.45 W, 95 %
2026/03/18 12:28:54.770, 108.44 W, 95 %
2026/03/18 12:28:54.870, 108.45 W, 95 %
2026/03/18 12:28:54.970, 108.42 W, 95 %
2026/03/18 12:28:55.070, 108.41 W, 95 %
2026/03/18 12:28:55.171, 108.38 W, 95 %
2026/03/18 12:28:55.271, 108.43 W, 95 %
2026/03/18 12:28:55.371, 108.40 W, 95 %
2026/03/18 12:28:55.471, 108.43 W, 95 %
2026/03/18 12:28:55.571, 108.40 W, 95 %
2026/03/18 12:28:55.671, 108.43 W, 95 %
2026/03/18 12:28:55.771, 108.40 W, 95 %
2026/03/18 12:28:55.872, 108.40 W, 95 %
2026/03/18 12:28:55.972, 108.38 W, 95 %
2026/03/18 12:28:56.072, 108.38 W, 95 %
2026/03/18 12:28:56.172, 108.39 W, 95 %
2026/03/18 12:28:56.272, 108.35 W, 95 %
2026/03/18 12:28:56.372, 108.33 W, 95 %
2026/03/18 12:28:56.472, 108.30 W, 95 %
2026/03/18 12:28:56.573, 108.33 W, 95 %
2026/03/18 12:28:56.673, 108.27 W, 95 %
2026/03/18 12:28:56.773, 108.26 W, 95 %
2026/03/18 12:28:56.873, 108.29 W, 95 %
2026/03/18 12:28:56.973, 108.36 W, 95 %
2026/03/18 12:28:57.073, 108.33 W, 95 %
2026/03/18 12:28:57.173, 108.36 W, 95 %
2026/03/18 12:28:57.274, 108.36 W, 95 %
2026/03/18 12:28:57.374, 108.40 W, 95 %
2026/03/18 12:28:57.474, 108.42 W, 95 %
2026/03/18 12:28:57.574, 108.42 W, 95 %
2026/03/18 12:28:57.674, 108.50 W, 95 %
2026/03/18 12:28:57.774, 108.58 W, 95 %
2026/03/18 12:28:57.874, 108.54 W, 95 %
2026/03/18 12:28:57.974, 108.51 W, 95 %
2026/03/18 12:28:58.075, 108.51 W, 95 %
2026/03/18 12:28:58.175, 108.47 W, 95 %
2026/03/18 12:28:58.275, 108.48 W, 95 %
2026/03/18 12:28:58.375, 108.47 W, 95 %
2026/03/18 12:28:58.475, 108.47 W, 95 %
2026/03/18 12:28:58.575, 108.42 W, 95 %
2026/03/18 12:28:58.675, 108.33 W, 95 %
2026/03/18 12:28:58.776, 108.30 W, 95 %
2026/03/18 12:28:58.876, 108.28 W, 95 %
2026/03/18 12:28:58.976, 108.31 W, 95 %
2026/03/18 12:28:59.076, 108.36 W, 95 %
2026/03/18 12:28:59.176, 108.39 W, 95 %
2026/03/18 12:28:59.276, 108.38 W, 95 %
2026/03/18 12:28:59.376, 108.43 W, 95 %
2026/03/18 12:28:59.477, 108.43 W, 95 %
2026/03/18 12:28:59.577, 108.49 W, 95 %
2026/03/18 12:28:59.677, 108.53 W, 95 %
2026/03/18 12:28:59.777, 108.47 W, 95 %
2026/03/18 12:28:59.877, 108.49 W, 95 %
2026/03/18 12:28:59.977, 108.46 W, 95 %
2026/03/18 12:29:00.077, 108.42 W, 95 %
2026/03/18 12:29:00.177, 108.32 W, 95 %
2026/03/18 12:29:00.278, 108.38 W, 95 %
2026/03/18 12:29:00.378, 108.35 W, 95 %
2026/03/18 12:29:00.478, 108.38 W, 95 %
2026/03/18 12:29:00.578, 108.33 W, 95 %
2026/03/18 12:29:00.678, 108.35 W, 95 %
2026/03/18 12:29:00.778, 108.40 W, 95 %
2026/03/18 12:29:00.879, 108.40 W, 95 %
2026/03/18 12:29:00.979, 108.44 W, 95 %
2026/03/18 12:29:01.079, 108.40 W, 95 %
2026/03/18 12:29:01.179, 108.47 W, 95 %
2026/03/18 12:29:01.279, 108.47 W, 95 %
2026/03/18 12:29:01.379, 108.41 W, 95 %
2026/03/18 12:29:01.479, 108.34 W, 95 %
2026/03/18 12:29:01.579, 108.36 W, 95 %
2026/03/18 12:29:01.680, 108.33 W, 95 %
2026/03/18 12:29:01.780, 108.31 W, 95 %
2026/03/18 12:29:01.880, 108.34 W, 95 %
2026/03/18 12:29:01.980, 108.29 W, 95 %
2026/03/18 12:29:02.080, 108.28 W, 95 %
2026/03/18 12:29:02.180, 108.29 W, 95 %
2026/03/18 12:29:02.280, 108.26 W, 95 %
2026/03/18 12:29:02.381, 108.32 W, 95 %
2026/03/18 12:29:02.481, 108.38 W, 95 %
2026/03/18 12:29:02.581, 108.32 W, 95 %
2026/03/18 12:29:02.681, 108.35 W, 95 %
2026/03/18 12:29:02.781, 108.31 W, 95 %
2026/03/18 12:29:02.881, 108.29 W, 95 %
2026/03/18 12:29:02.981, 108.34 W, 95 %
2026/03/18 12:29:03.082, 108.28 W, 95 %
2026/03/18 12:29:03.182, 108.25 W, 95 %
2026/03/18 12:29:03.282, 108.21 W, 95 %
2026/03/18 12:29:03.382, 108.19 W, 95 %
2026/03/18 12:29:03.482, 108.20 W, 95 %
2026/03/18 12:29:03.582, 108.21 W, 95 %
2026/03/18 12:29:03.682, 108.34 W, 95 %
2026/03/18 12:29:03.783, 108.34 W, 95 %
2026/03/18 12:29:03.883, 108.36 W, 95 %
2026/03/18 12:29:03.983, 108.24 W, 95 %
2026/03/18 12:29:04.083, 108.29 W, 95 %
2026/03/18 12:29:04.183, 108.30 W, 95 %
2026/03/18 12:29:04.283, 108.42 W, 95 %
2026/03/18 12:29:04.383, 108.44 W, 95 %
2026/03/18 12:29:04.484, 108.44 W, 95 %
2026/03/18 12:29:04.584, 108.47 W, 95 %
2026/03/18 12:29:04.684, 108.35 W, 95 %
2026/03/18 12:29:04.784, 108.38 W, 95 %
2026/03/18 12:29:04.884, 108.34 W, 95 %
2026/03/18 12:29:04.984, 108.36 W, 95 %
2026/03/18 12:29:05.084, 108.37 W, 95 %
2026/03/18 12:29:05.185, 108.37 W, 95 %
2026/03/18 12:29:05.285, 108.34 W, 95 %
2026/03/18 12:29:05.385, 108.36 W, 95 %
2026/03/18 12:29:05.485, 108.33 W, 95 %
2026/03/18 12:29:05.585, 108.34 W, 95 %
2026/03/18 12:29:05.685, 108.29 W, 95 %
2026/03/18 12:29:05.785, 108.25 W, 95 %
2026/03/18 12:29:05.885, 108.27 W, 95 %
2026/03/18 12:29:05.986, 108.30 W, 95 %
2026/03/18 12:29:06.086, 108.26 W, 95 %
2026/03/18 12:29:06.186, 108.27 W, 95 %
2026/03/18 12:29:06.286, 108.30 W, 95 %
2026/03/18 12:29:06.386, 108.25 W, 95 %
2026/03/18 12:29:06.486, 108.19 W, 95 %
2026/03/18 12:29:06.586, 108.14 W, 94 %
2026/03/18 12:29:06.687, 108.13 W, 94 %
2026/03/18 12:29:06.787, 108.14 W, 95 %
2026/03/18 12:29:06.887, 108.17 W, 95 %
2026/03/18 12:29:06.987, 108.16 W, 95 %
2026/03/18 12:29:07.087, 108.22 W, 95 %
2026/03/18 12:29:07.187, 108.23 W, 95 %
2026/03/18 12:29:07.287, 108.18 W, 95 %
2026/03/18 12:29:07.388, 108.13 W, 95 %
2026/03/18 12:29:07.488, 108.21 W, 95 %
2026/03/18 12:29:07.588, 108.28 W, 95 %
2026/03/18 12:29:07.688, 108.35 W, 95 %
2026/03/18 12:29:07.788, 108.37 W, 95 %
2026/03/18 12:29:07.888, 108.37 W, 95 %
2026/03/18 12:29:07.988, 108.43 W, 95 %
2026/03/18 12:29:08.089, 108.42 W, 95 %
2026/03/18 12:29:08.189, 108.53 W, 95 %
2026/03/18 12:29:08.289, 108.55 W, 95 %
2026/03/18 12:29:08.389, 108.55 W, 95 %
2026/03/18 12:29:08.489, 108.55 W, 95 %
2026/03/18 12:29:08.589, 108.49 W, 95 %
2026/03/18 12:29:08.689, 108.42 W, 95 %
2026/03/18 12:29:08.790, 108.35 W, 95 %
2026/03/18 12:29:08.890, 108.32 W, 95 %
2026/03/18 12:29:08.990, 108.24 W, 95 %
2026/03/18 12:29:09.090, 108.22 W, 95 %
2026/03/18 12:29:09.190, 108.11 W, 95 %
2026/03/18 12:29:09.290, 108.09 W, 95 %
2026/03/18 12:29:09.390, 108.10 W, 95 %
2026/03/18 12:29:09.491, 108.10 W, 95 %
2026/03/18 12:29:09.591, 108.09 W, 95 %
2026/03/18 12:29:09.691, 108.14 W, 95 %
2026/03/18 12:29:09.791, 108.25 W, 95 %
2026/03/18 12:29:09.891, 108.29 W, 95 %
2026/03/18 12:29:09.991, 108.27 W, 95 %
2026/03/18 12:29:10.091, 108.31 W, 95 %
2026/03/18 12:29:10.192, 108.29 W, 95 %
2026/03/18 12:29:10.292, 108.31 W, 95 %
2026/03/18 12:29:10.392, 108.28 W, 95 %
2026/03/18 12:29:10.492, 108.25 W, 95 %
2026/03/18 12:29:10.592, 108.22 W, 95 %
2026/03/18 12:29:10.692, 108.19 W, 95 %
2026/03/18 12:29:10.792, 108.10 W, 95 %
2026/03/18 12:29:10.892, 108.13 W, 95 %
2026/03/18 12:29:10.993, 108.12 W, 95 %
2026/03/18 12:29:11.093, 108.13 W, 95 %
2026/03/18 12:29:11.193, 108.11 W, 95 %
2026/03/18 12:29:11.293, 108.12 W, 95 %
2026/03/18 12:29:11.393, 108.19 W, 95 %
2026/03/18 12:29:11.493, 108.21 W, 95 %
2026/03/18 12:29:11.593, 108.16 W, 95 %
2026/03/18 12:29:11.694, 108.18 W, 95 %
2026/03/18 12:29:11.794, 108.23 W, 95 %
2026/03/18 12:29:11.894, 108.17 W, 95 %
2026/03/18 12:29:11.994, 108.26 W, 95 %
2026/03/18 12:29:12.094, 108.22 W, 95 %
2026/03/18 12:29:12.194, 108.25 W, 95 %
2026/03/18 12:29:12.294, 108.26 W, 95 %
2026/03/18 12:29:12.395, 108.22 W, 95 %
2026/03/18 12:29:12.495, 108.21 W, 95 %
2026/03/18 12:29:12.595, 108.26 W, 95 %
2026/03/18 12:29:12.695, 108.28 W, 95 %
2026/03/18 12:29:12.795, 108.31 W, 95 %
2026/03/18 12:29:12.895, 108.36 W, 95 %
2026/03/18 12:29:12.996, 108.36 W, 95 %
2026/03/18 12:29:13.096, 108.38 W, 95 %
2026/03/18 12:29:13.196, 108.33 W, 95 %
2026/03/18 12:29:13.296, 108.31 W, 95 %
2026/03/18 12:29:13.396, 108.27 W, 95 %
2026/03/18 12:29:13.496, 108.27 W, 95 %
2026/03/18 12:29:13.596, 108.23 W, 95 %
2026/03/18 12:29:13.696, 108.22 W, 95 %
2026/03/18 12:29:13.797, 108.22 W, 95 %
2026/03/18 12:29:13.897, 108.18 W, 95 %
2026/03/18 12:29:13.997, 108.14 W, 95 %
2026/03/18 12:29:14.097, 108.14 W, 95 %
2026/03/18 12:29:14.197, 108.23 W, 95 %
2026/03/18 12:29:14.297, 108.27 W, 95 %
2026/03/18 12:29:14.397, 108.28 W, 95 %
2026/03/18 12:29:14.498, 108.29 W, 95 %
2026/03/18 12:29:14.598, 108.32 W, 95 %
2026/03/18 12:29:14.698, 108.30 W, 95 %
2026/03/18 12:29:14.798, 108.30 W, 95 %
2026/03/18 12:29:14.898, 108.35 W, 95 %
2026/03/18 12:29:14.998, 108.36 W, 95 %
2026/03/18 12:29:15.098, 108.29 W, 95 %
2026/03/18 12:29:15.199, 108.32 W, 95 %
2026/03/18 12:29:15.299, 108.32 W, 95 %
2026/03/18 12:29:15.399, 108.35 W, 95 %
2026/03/18 12:29:15.499, 108.32 W, 95 %
2026/03/18 12:29:15.599, 108.37 W, 95 %
2026/03/18 12:29:15.699, 108.42 W, 95 %
2026/03/18 12:29:15.799, 108.47 W, 95 %
2026/03/18 12:29:15.900, 108.49 W, 95 %
2026/03/18 12:29:16.000, 108.45 W, 95 %
2026/03/18 12:29:16.100, 108.43 W, 95 %
2026/03/18 12:29:16.200, 108.35 W, 95 %
2026/03/18 12:29:16.300, 108.31 W, 95 %
2026/03/18 12:29:16.400, 108.31 W, 95 %
2026/03/18 12:29:16.500, 108.34 W, 95 %
2026/03/18 12:29:16.601, 108.29 W, 95 %
2026/03/18 12:29:16.701, 108.25 W, 95 %
2026/03/18 12:29:16.801, 108.23 W, 95 %
2026/03/18 12:29:16.901, 108.21 W, 95 %
2026/03/18 12:29:17.001, 108.18 W, 94 %
2026/03/18 12:29:17.101, 108.23 W, 94 %
2026/03/18 12:29:17.201, 108.31 W, 95 %
2026/03/18 12:29:17.301, 108.28 W, 95 %
2026/03/18 12:29:17.402, 108.29 W, 95 %
2026/03/18 12:29:17.502, 108.25 W, 95 %
2026/03/18 12:29:17.602, 108.25 W, 95 %
2026/03/18 12:29:17.702, 108.30 W, 95 %
2026/03/18 12:29:17.802, 108.30 W, 95 %
2026/03/18 12:29:17.902, 108.26 W, 95 %
2026/03/18 12:29:18.002, 108.33 W, 95 %
2026/03/18 12:29:18.103, 108.33 W, 95 %
2026/03/18 12:29:18.203, 108.27 W, 95 %
2026/03/18 12:29:18.303, 108.26 W, 95 %
2026/03/18 12:29:18.403, 108.26 W, 95 %
2026/03/18 12:29:18.503, 108.28 W, 95 %
2026/03/18 12:29:18.603, 108.33 W, 95 %
2026/03/18 12:29:18.703, 108.31 W, 95 %
2026/03/18 12:29:18.804, 108.31 W, 95 %
2026/03/18 12:29:18.904, 108.34 W, 95 %
2026/03/18 12:29:19.004, 108.31 W, 95 %
2026/03/18 12:29:19.104, 108.29 W, 95 %
2026/03/18 12:29:19.204, 108.32 W, 95 %
2026/03/18 12:29:19.304, 108.29 W, 95 %
2026/03/18 12:29:19.404, 108.26 W, 95 %
2026/03/18 12:29:19.504, 108.31 W, 95 %
2026/03/18 12:29:19.605, 108.27 W, 95 %
2026/03/18 12:29:19.705, 108.31 W, 95 %
2026/03/18 12:29:19.805, 108.30 W, 95 %
2026/03/18 12:29:19.905, 108.26 W, 95 %
2026/03/18 12:29:20.005, 108.27 W, 95 %
2026/03/18 12:29:20.105, 108.31 W, 95 %
2026/03/18 12:29:20.205, 108.35 W, 95 %
2026/03/18 12:29:20.306, 108.33 W, 95 %
2026/03/18 12:29:20.406, 108.36 W, 95 %
2026/03/18 12:29:20.506, 108.33 W, 95 %
2026/03/18 12:29:20.606, 108.39 W, 95 %
2026/03/18 12:29:20.706, 108.33 W, 95 %
2026/03/18 12:29:20.806, 108.30 W, 95 %
2026/03/18 12:29:20.907, 108.35 W, 95 %
2026/03/18 12:29:21.007, 108.39 W, 95 %
2026/03/18 12:29:21.107, 108.39 W, 95 %
2026/03/18 12:29:21.207, 108.33 W, 95 %
2026/03/18 12:29:21.307, 108.34 W, 95 %
2026/03/18 12:29:21.407, 108.31 W, 95 %
2026/03/18 12:29:21.507, 108.35 W, 95 %
2026/03/18 12:29:21.608, 108.37 W, 95 %
2026/03/18 12:29:21.708, 108.34 W, 95 %
2026/03/18 12:29:21.808, 108.32 W, 95 %
2026/03/18 12:29:21.908, 108.31 W, 95 %
2026/03/18 12:29:22.008, 108.29 W, 95 %
2026/03/18 12:29:22.108, 108.23 W, 95 %
2026/03/18 12:29:22.208, 108.21 W, 95 %
2026/03/18 12:29:22.309, 108.29 W, 95 %
2026/03/18 12:29:22.409, 108.34 W, 95 %
2026/03/18 12:29:22.509, 108.26 W, 95 %
2026/03/18 12:29:22.609, 108.24 W, 95 %
2026/03/18 12:29:22.709, 108.31 W, 95 %
2026/03/18 12:29:22.809, 108.31 W, 95 %
2026/03/18 12:29:22.909, 108.35 W, 95 %
2026/03/18 12:29:23.009, 108.36 W, 95 %
2026/03/18 12:29:23.110, 108.42 W, 95 %
2026/03/18 12:29:23.210, 108.44 W, 95 %
2026/03/18 12:29:23.310, 108.41 W, 95 %
2026/03/18 12:29:23.410, 108.40 W, 95 %
2026/03/18 12:29:23.510, 108.52 W, 95 %
2026/03/18 12:29:23.610, 108.48 W, 95 %
2026/03/18 12:29:23.710, 108.48 W, 95 %
2026/03/18 12:29:23.811, 108.45 W, 95 %
2026/03/18 12:29:23.911, 108.47 W, 95 %
2026/03/18 12:29:24.011, 108.50 W, 95 %
2026/03/18 12:29:24.111, 108.49 W, 95 %
2026/03/18 12:29:24.211, 108.49 W, 95 %
2026/03/18 12:29:24.311, 108.52 W, 95 %
2026/03/18 12:29:24.411, 108.50 W, 95 %
2026/03/18 12:29:24.512, 108.41 W, 95 %
2026/03/18 12:29:24.612, 108.41 W, 95 %
2026/03/18 12:29:24.712, 108.38 W, 95 %
2026/03/18 12:29:24.812, 108.42 W, 95 %
2026/03/18 12:29:24.912, 108.33 W, 95 %
2026/03/18 12:29:25.012, 108.30 W, 95 %
2026/03/18 12:29:25.112, 108.27 W, 95 %
2026/03/18 12:29:25.213, 108.26 W, 95 %
2026/03/18 12:29:25.313, 108.27 W, 95 %
2026/03/18 12:29:25.413, 108.27 W, 95 %
2026/03/18 12:29:25.513, 108.25 W, 95 %
2026/03/18 12:29:25.613, 108.12 W, 95 %
2026/03/18 12:29:25.713, 108.17 W, 95 %
2026/03/18 12:29:25.813, 108.14 W, 95 %
2026/03/18 12:29:25.913, 108.17 W, 95 %
2026/03/18 12:29:26.014, 108.16 W, 95 %
2026/03/18 12:29:26.114, 108.14 W, 95 %
2026/03/18 12:29:26.214, 108.17 W, 95 %
2026/03/18 12:29:26.314, 108.18 W, 95 %
2026/03/18 12:29:26.414, 108.21 W, 95 %
2026/03/18 12:29:26.514, 108.31 W, 95 %
2026/03/18 12:29:26.614, 108.47 W, 95 %
2026/03/18 12:29:26.715, 108.50 W, 95 %
2026/03/18 12:29:26.815, 108.53 W, 95 %
2026/03/18 12:29:26.915, 108.53 W, 95 %
2026/03/18 12:29:27.015, 108.52 W, 95 %
2026/03/18 12:29:27.115, 108.54 W, 95 %
2026/03/18 12:29:27.215, 108.48 W, 95 %
2026/03/18 12:29:27.315, 108.44 W, 95 %
2026/03/18 12:29:27.416, 108.41 W, 95 %
2026/03/18 12:29:27.516, 108.32 W, 95 %
2026/03/18 12:29:27.616, 108.28 W, 95 %
2026/03/18 12:29:27.716, 108.20 W, 95 %
2026/03/18 12:29:27.816, 108.16 W, 95 %
2026/03/18 12:29:27.916, 108.18 W, 95 %
2026/03/18 12:29:28.016, 108.21 W, 95 %
2026/03/18 12:29:28.117, 108.19 W, 95 %
2026/03/18 12:29:28.217, 108.14 W, 95 %
2026/03/18 12:29:28.317, 108.13 W, 95 %
2026/03/18 12:29:28.417, 108.16 W, 95 %
2026/03/18 12:29:28.517, 108.21 W, 95 %
2026/03/18 12:29:28.617, 108.18 W, 95 %
2026/03/18 12:29:28.717, 108.22 W, 95 %
2026/03/18 12:29:28.817, 108.26 W, 95 %
2026/03/18 12:29:28.918, 108.27 W, 95 %
2026/03/18 12:29:29.018, 108.24 W, 95 %
2026/03/18 12:29:29.118, 108.22 W, 95 %
2026/03/18 12:29:29.218, 108.26 W, 95 %
2026/03/18 12:29:29.318, 108.27 W, 95 %
2026/03/18 12:29:29.418, 108.27 W, 95 %
2026/03/18 12:29:29.518, 108.27 W, 95 %
2026/03/18 12:29:29.619, 108.25 W, 95 %
2026/03/18 12:29:29.719, 108.33 W, 95 %
2026/03/18 12:29:29.819, 108.33 W, 95 %
2026/03/18 12:29:29.919, 108.27 W, 95 %
2026/03/18 12:29:30.019, 108.25 W, 95 %
2026/03/18 12:29:30.119, 108.25 W, 95 %
2026/03/18 12:29:30.219, 108.20 W, 95 %
2026/03/18 12:29:30.320, 108.23 W, 95 %
2026/03/18 12:29:30.420, 108.24 W, 95 %
2026/03/18 12:29:30.520, 108.24 W, 95 %
2026/03/18 12:29:30.620, 108.28 W, 95 %
2026/03/18 12:29:30.720, 108.24 W, 95 %
2026/03/18 12:29:30.820, 108.22 W, 95 %
2026/03/18 12:29:30.920, 108.28 W, 95 %
2026/03/18 12:29:31.021, 108.34 W, 95 %
2026/03/18 12:29:31.121, 108.32 W, 95 %
2026/03/18 12:29:31.221, 108.38 W, 95 %
2026/03/18 12:29:31.321, 108.45 W, 95 %
2026/03/18 12:29:31.421, 108.45 W, 95 %
2026/03/18 12:29:31.521, 108.41 W, 95 %
2026/03/18 12:29:31.621, 108.35 W, 95 %
2026/03/18 12:29:31.722, 108.36 W, 95 %
2026/03/18 12:29:31.822, 108.29 W, 95 %
2026/03/18 12:29:31.922, 108.23 W, 95 %
2026/03/18 12:29:32.022, 108.19 W, 95 %
2026/03/18 12:29:32.122, 108.26 W, 95 %
2026/03/18 12:29:32.222, 108.24 W, 95 %
2026/03/18 12:29:32.322, 108.19 W, 95 %
2026/03/18 12:29:32.423, 108.17 W, 95 %
2026/03/18 12:29:32.523, 108.18 W, 95 %
2026/03/18 12:29:32.623, 108.21 W, 95 %
2026/03/18 12:29:32.723, 108.26 W, 95 %
2026/03/18 12:29:32.823, 108.27 W, 95 %
2026/03/18 12:29:32.923, 108.29 W, 95 %
2026/03/18 12:29:33.023, 108.33 W, 95 %
2026/03/18 12:29:33.124, 108.36 W, 95 %
2026/03/18 12:29:33.224, 108.43 W, 95 %
2026/03/18 12:29:33.324, 108.44 W, 95 %
2026/03/18 12:29:33.424, 108.46 W, 95 %
2026/03/18 12:29:33.524, 108.44 W, 95 %
2026/03/18 12:29:33.624, 108.41 W, 95 %
2026/03/18 12:29:33.724, 108.40 W, 95 %
2026/03/18 12:29:33.825, 108.39 W, 95 %
2026/03/18 12:29:33.925, 108.40 W, 95 %
2026/03/18 12:29:34.025, 108.37 W, 95 %
2026/03/18 12:29:34.125, 108.29 W, 95 %
2026/03/18 12:29:34.225, 108.25 W, 95 %
2026/03/18 12:29:34.325, 108.31 W, 95 %
2026/03/18 12:29:34.425, 108.32 W, 95 %
2026/03/18 12:29:34.526, 108.32 W, 95 %
2026/03/18 12:29:34.626, 108.31 W, 95 %
2026/03/18 12:29:34.726, 108.27 W, 95 %
2026/03/18 12:29:34.826, 108.25 W, 95 %
2026/03/18 12:29:34.926, 108.32 W, 95 %
2026/03/18 12:29:35.026, 108.37 W, 95 %
2026/03/18 12:29:35.126, 108.40 W, 95 %
2026/03/18 12:29:35.226, 108.33 W, 95 %
2026/03/18 12:29:35.327, 108.25 W, 95 %
2026/03/18 12:29:35.427, 108.29 W, 95 %
2026/03/18 12:29:35.527, 108.23 W, 95 %
2026/03/18 12:29:35.627, 108.30 W, 95 %
2026/03/18 12:29:35.727, 108.31 W, 95 %
2026/03/18 12:29:35.827, 108.29 W, 95 %
2026/03/18 12:29:35.927, 108.40 W, 95 %
2026/03/18 12:29:36.028, 108.43 W, 95 %
2026/03/18 12:29:36.128, 108.34 W, 95 %
2026/03/18 12:29:36.228, 108.42 W, 95 %
2026/03/18 12:29:36.328, 108.50 W, 95 %
2026/03/18 12:29:36.428, 108.47 W, 95 %
2026/03/18 12:29:36.528, 108.57 W, 95 %
2026/03/18 12:29:36.628, 108.55 W, 95 %
2026/03/18 12:29:36.729, 108.62 W, 95 %
2026/03/18 12:29:36.829, 108.61 W, 95 %
2026/03/18 12:29:36.929, 108.57 W, 95 %
2026/03/18 12:29:37.029, 108.54 W, 95 %
2026/03/18 12:29:37.129, 108.61 W, 95 %
2026/03/18 12:29:37.229, 108.61 W, 95 %
2026/03/18 12:29:37.329, 108.58 W, 95 %
2026/03/18 12:29:37.430, 108.49 W, 95 %
2026/03/18 12:29:37.530, 108.51 W, 95 %
2026/03/18 12:29:37.630, 108.49 W, 95 %
2026/03/18 12:29:37.730, 108.41 W, 95 %
2026/03/18 12:29:37.830, 108.40 W, 95 %
2026/03/18 12:29:37.930, 108.39 W, 95 %
2026/03/18 12:29:38.030, 108.36 W, 95 %
2026/03/18 12:29:38.131, 108.41 W, 95 %
2026/03/18 12:29:38.231, 108.42 W, 95 %
2026/03/18 12:29:38.331, 108.41 W, 95 %
2026/03/18 12:29:38.431, 108.44 W, 95 %
2026/03/18 12:29:38.531, 108.38 W, 95 %
2026/03/18 12:29:38.631, 108.39 W, 95 %
2026/03/18 12:29:38.731, 108.41 W, 95 %
2026/03/18 12:29:38.831, 108.43 W, 95 %
2026/03/18 12:29:38.932, 108.41 W, 95 %
2026/03/18 12:29:39.032, 108.45 W, 95 %
2026/03/18 12:29:39.132, 108.34 W, 95 %
2026/03/18 12:29:39.232, 108.28 W, 95 %
2026/03/18 12:29:39.332, 108.26 W, 95 %
2026/03/18 12:29:39.432, 108.25 W, 95 %
2026/03/18 12:29:39.532, 108.29 W, 95 %
2026/03/18 12:29:39.633, 108.26 W, 95 %
2026/03/18 12:29:39.733, 108.27 W, 95 %
2026/03/18 12:29:39.833, 108.28 W, 95 %
2026/03/18 12:29:39.933, 108.27 W, 95 %
2026/03/18 12:29:40.033, 108.26 W, 95 %
2026/03/18 12:29:40.133, 108.33 W, 95 %
2026/03/18 12:29:40.233, 108.35 W, 95 %
2026/03/18 12:29:40.334, 108.32 W, 95 %
2026/03/18 12:29:40.434, 108.35 W, 95 %
2026/03/18 12:29:40.534, 108.37 W, 95 %
2026/03/18 12:29:40.634, 108.34 W, 95 %
2026/03/18 12:29:40.734, 108.34 W, 95 %
2026/03/18 12:29:40.834, 108.32 W, 95 %
2026/03/18 12:29:40.934, 108.29 W, 95 %
2026/03/18 12:29:41.035, 108.26 W, 95 %
2026/03/18 12:29:41.135, 108.24 W, 95 %
2026/03/18 12:29:41.235, 108.22 W, 95 %
2026/03/18 12:29:41.335, 108.30 W, 95 %
2026/03/18 12:29:41.435, 108.26 W, 95 %
2026/03/18 12:29:41.535, 108.23 W, 95 %
2026/03/18 12:29:41.635, 108.22 W, 95 %
2026/03/18 12:29:41.736, 108.18 W, 95 %
2026/03/18 12:29:41.836, 108.18 W, 95 %
2026/03/18 12:29:41.936, 108.18 W, 95 %
2026/03/18 12:29:42.036, 108.21 W, 95 %
2026/03/18 12:29:42.136, 108.22 W, 95 %
2026/03/18 12:29:42.236, 108.20 W, 95 %
2026/03/18 12:29:42.336, 108.13 W, 95 %
2026/03/18 12:29:42.437, 108.07 W, 95 %
2026/03/18 12:29:42.537, 108.03 W, 95 %
2026/03/18 12:29:42.637, 108.07 W, 95 %
2026/03/18 12:29:42.737, 108.12 W, 95 %
2026/03/18 12:29:42.837, 108.11 W, 95 %
2026/03/18 12:29:42.937, 108.13 W, 95 %
2026/03/18 12:29:43.037, 108.09 W, 95 %
2026/03/18 12:29:43.138, 108.10 W, 95 %
2026/03/18 12:29:43.238, 108.10 W, 95 %
2026/03/18 12:29:43.338, 108.12 W, 95 %
2026/03/18 12:29:43.438, 108.23 W, 95 %
2026/03/18 12:29:43.538, 108.27 W, 95 %
2026/03/18 12:29:43.638, 108.29 W, 95 %
2026/03/18 12:29:43.738, 108.28 W, 95 %
2026/03/18 12:29:43.839, 108.25 W, 95 %
2026/03/18 12:29:43.939, 108.25 W, 95 %
2026/03/18 12:29:44.039, 108.25 W, 95 %
2026/03/18 12:29:44.139, 108.22 W, 95 %
2026/03/18 12:29:44.239, 108.21 W, 95 %
2026/03/18 12:29:44.339, 108.23 W, 95 %
2026/03/18 12:29:44.439, 108.22 W, 95 %
2026/03/18 12:29:44.540, 108.19 W, 95 %
2026/03/18 12:29:44.640, 108.19 W, 95 %
2026/03/18 12:29:44.740, 108.22 W, 95 %
2026/03/18 12:29:44.840, 108.21 W, 95 %
2026/03/18 12:29:44.940, 108.21 W, 95 %
2026/03/18 12:29:45.040, 108.29 W, 95 %
2026/03/18 12:29:45.140, 108.38 W, 95 %
2026/03/18 12:29:45.241, 108.35 W, 95 %
2026/03/18 12:29:45.341, 108.39 W, 95 %
2026/03/18 12:29:45.441, 108.37 W, 95 %
2026/03/18 12:29:45.541, 108.36 W, 95 %
2026/03/18 12:29:45.641, 108.35 W, 95 %
2026/03/18 12:29:45.741, 108.36 W, 95 %
2026/03/18 12:29:45.841, 108.39 W, 95 %
2026/03/18 12:29:45.941, 108.41 W, 95 %
2026/03/18 12:29:46.042, 108.39 W, 95 %
2026/03/18 12:29:46.142, 108.33 W, 95 %
2026/03/18 12:29:46.242, 108.35 W, 95 %
2026/03/18 12:29:46.342, 108.37 W, 95 %
2026/03/18 12:29:46.442, 108.36 W, 95 %
2026/03/18 12:29:46.542, 108.42 W, 95 %
2026/03/18 12:29:46.642, 108.45 W, 95 %
2026/03/18 12:29:46.743, 108.44 W, 95 %
2026/03/18 12:29:46.843, 108.42 W, 95 %
2026/03/18 12:29:46.943, 108.42 W, 95 %
2026/03/18 12:29:47.043, 108.45 W, 95 %
2026/03/18 12:29:47.143, 108.48 W, 95 %
2026/03/18 12:29:47.243, 108.53 W, 95 %
2026/03/18 12:29:47.343, 108.50 W, 95 %
2026/03/18 12:29:47.444, 108.42 W, 95 %
2026/03/18 12:29:47.544, 108.43 W, 95 %
2026/03/18 12:29:47.644, 108.42 W, 95 %
2026/03/18 12:29:47.744, 108.38 W, 95 %
2026/03/18 12:29:47.844, 108.43 W, 95 %
2026/03/18 12:29:47.944, 108.47 W, 95 %
2026/03/18 12:29:48.044, 108.45 W, 95 %
2026/03/18 12:29:48.144, 108.38 W, 95 %
2026/03/18 12:29:48.245, 108.33 W, 95 %
2026/03/18 12:29:48.345, 108.29 W, 95 %
2026/03/18 12:29:48.445, 108.33 W, 95 %
2026/03/18 12:29:48.545, 108.31 W, 95 %
2026/03/18 12:29:48.645, 108.21 W, 95 %
2026/03/18 12:29:48.745, 108.24 W, 95 %
2026/03/18 12:29:48.845, 108.17 W, 95 %
2026/03/18 12:29:48.946, 108.15 W, 95 %
2026/03/18 12:29:49.046, 108.13 W, 95 %
2026/03/18 12:29:49.146, 108.18 W, 95 %
2026/03/18 12:29:49.246, 108.14 W, 95 %
2026/03/18 12:29:49.346, 108.17 W, 95 %
2026/03/18 12:29:49.446, 108.18 W, 95 %
2026/03/18 12:29:49.546, 108.15 W, 95 %
2026/03/18 12:29:49.647, 108.23 W, 95 %
2026/03/18 12:29:49.747, 108.21 W, 95 %
2026/03/18 12:29:49.847, 108.17 W, 95 %
2026/03/18 12:29:49.947, 108.18 W, 95 %
2026/03/18 12:29:50.047, 108.15 W, 95 %
2026/03/18 12:29:50.147, 108.09 W, 95 %
2026/03/18 12:29:50.247, 108.07 W, 95 %
2026/03/18 12:29:50.348, 108.11 W, 95 %
2026/03/18 12:29:50.448, 108.11 W, 95 %
2026/03/18 12:29:50.548, 108.08 W, 95 %
2026/03/18 12:29:50.648, 108.02 W, 95 %
2026/03/18 12:29:50.748, 108.11 W, 95 %
2026/03/18 12:29:50.848, 108.14 W, 95 %
2026/03/18 12:29:50.948, 108.13 W, 95 %
2026/03/18 12:29:51.049, 108.23 W, 95 %
2026/03/18 12:29:51.149, 108.28 W, 95 %
2026/03/18 12:29:51.249, 108.24 W, 95 %
2026/03/18 12:29:51.349, 108.18 W, 95 %
2026/03/18 12:29:51.449, 108.22 W, 95 %
2026/03/18 12:29:51.549, 108.22 W, 95 %
2026/03/18 12:29:51.649, 108.26 W, 95 %
2026/03/18 12:29:51.750, 108.26 W, 95 %
2026/03/18 12:29:51.850, 108.30 W, 95 %
2026/03/18 12:29:51.950, 108.37 W, 95 %
2026/03/18 12:29:52.050, 108.33 W, 95 %
2026/03/18 12:29:52.150, 108.34 W, 95 %
2026/03/18 12:29:52.250, 108.37 W, 95 %
2026/03/18 12:29:52.350, 108.37 W, 95 %
2026/03/18 12:29:52.450, 108.36 W, 95 %
2026/03/18 12:29:52.551, 108.47 W, 95 %
2026/03/18 12:29:52.651, 108.52 W, 95 %
2026/03/18 12:29:52.751, 108.46 W, 95 %
2026/03/18 12:29:52.851, 108.42 W, 95 %
2026/03/18 12:29:52.951, 108.34 W, 95 %
2026/03/18 12:29:53.051, 108.38 W, 95 %
2026/03/18 12:29:53.151, 108.31 W, 95 %
2026/03/18 12:29:53.252, 108.31 W, 95 %
2026/03/18 12:29:53.352, 108.33 W, 95 %
2026/03/18 12:29:53.452, 108.44 W, 95 %
2026/03/18 12:29:53.552, 108.31 W, 95 %
2026/03/18 12:29:53.652, 108.29 W, 95 %
2026/03/18 12:29:53.752, 108.32 W, 95 %
2026/03/18 12:29:53.852, 108.30 W, 95 %
2026/03/18 12:29:53.953, 108.32 W, 95 %
2026/03/18 12:29:54.053, 108.36 W, 95 %
2026/03/18 12:29:54.153, 108.50 W, 95 %
2026/03/18 12:29:54.253, 108.42 W, 95 %
2026/03/18 12:29:54.353, 108.43 W, 95 %
2026/03/18 12:29:54.453, 108.30 W, 95 %
2026/03/18 12:29:54.553, 108.29 W, 95 %
2026/03/18 12:29:54.654, 108.33 W, 95 %
2026/03/18 12:29:54.754, 108.29 W, 95 %
2026/03/18 12:29:54.854, 108.19 W, 95 %
2026/03/18 12:29:54.954, 108.22 W, 95 %
2026/03/18 12:29:55.054, 108.18 W, 95 %
2026/03/18 12:29:55.154, 108.11 W, 95 %
2026/03/18 12:29:55.254, 108.14 W, 95 %
2026/03/18 12:29:55.355, 108.19 W, 95 %
2026/03/18 12:29:55.455, 108.25 W, 95 %
2026/03/18 12:29:55.555, 108.33 W, 95 %
2026/03/18 12:29:55.655, 108.32 W, 95 %
2026/03/18 12:29:55.755, 108.31 W, 95 %
2026/03/18 12:29:55.855, 108.43 W, 95 %
2026/03/18 12:29:55.955, 108.49 W, 95 %
2026/03/18 12:29:56.055, 108.42 W, 95 %
2026/03/18 12:29:56.156, 108.42 W, 95 %
2026/03/18 12:29:56.256, 108.36 W, 95 %
2026/03/18 12:29:56.356, 108.30 W, 95 %
2026/03/18 12:29:56.456, 108.30 W, 95 %
2026/03/18 12:29:56.556, 108.26 W, 95 %
2026/03/18 12:29:56.656, 108.27 W, 95 %
2026/03/18 12:29:56.756, 108.28 W, 95 %
2026/03/18 12:29:56.857, 108.22 W, 95 %
2026/03/18 12:29:56.957, 108.17 W, 95 %
2026/03/18 12:29:57.057, 108.21 W, 95 %
2026/03/18 12:29:57.157, 108.19 W, 95 %
2026/03/18 12:29:57.257, 108.23 W, 95 %
2026/03/18 12:29:57.357, 108.23 W, 95 %
2026/03/18 12:29:57.457, 108.22 W, 95 %
2026/03/18 12:29:57.558, 108.23 W, 95 %
2026/03/18 12:29:57.658, 108.18 W, 95 %
2026/03/18 12:29:57.758, 108.15 W, 95 %
2026/03/18 12:29:57.858, 108.15 W, 95 %
2026/03/18 12:29:57.958, 108.20 W, 95 %
2026/03/18 12:29:58.058, 108.19 W, 95 %
2026/03/18 12:29:58.158, 108.15 W, 95 %
2026/03/18 12:29:58.259, 108.19 W, 95 %
2026/03/18 12:29:58.359, 108.17 W, 95 %
2026/03/18 12:29:58.459, 108.17 W, 95 %
2026/03/18 12:29:58.559, 108.14 W, 95 %
2026/03/18 12:29:58.659, 108.10 W, 95 %
2026/03/18 12:29:58.759, 108.21 W, 95 %
2026/03/18 12:29:58.859, 108.16 W, 95 %
2026/03/18 12:29:58.960, 108.06 W, 95 %
2026/03/18 12:29:59.060, 108.02 W, 95 %
2026/03/18 12:29:59.160, 108.06 W, 95 %
2026/03/18 12:29:59.260, 108.03 W, 95 %
2026/03/18 12:29:59.360, 108.05 W, 95 %
2026/03/18 12:29:59.460, 108.12 W, 95 %
2026/03/18 12:29:59.560, 108.19 W, 95 %
2026/03/18 12:29:59.660, 108.26 W, 95 %
2026/03/18 12:29:59.761, 108.25 W, 95 %
2026/03/18 12:29:59.861, 108.23 W, 95 %
2026/03/18 12:29:59.961, 108.27 W, 95 %
2026/03/18 12:30:00.061, 108.34 W, 95 %
2026/03/18 12:30:00.161, 108.36 W, 95 %
2026/03/18 12:30:00.261, 108.41 W, 95 %
2026/03/18 12:30:00.361, 108.42 W, 95 %
2026/03/18 12:30:00.462, 108.39 W, 95 %
2026/03/18 12:30:00.562, 108.41 W, 95 %
2026/03/18 12:30:00.662, 108.34 W, 95 %
2026/03/18 12:30:00.762, 108.32 W, 95 %
2026/03/18 12:30:00.862, 108.33 W, 95 %
2026/03/18 12:30:00.962, 108.39 W, 95 %
2026/03/18 12:30:01.062, 108.43 W, 95 %
2026/03/18 12:30:01.163, 108.46 W, 95 %
2026/03/18 12:30:01.263, 108.41 W, 95 %
2026/03/18 12:30:01.363, 108.40 W, 95 %
2026/03/18 12:30:01.463, 108.35 W, 95 %
2026/03/18 12:30:01.563, 108.35 W, 95 %
2026/03/18 12:30:01.663, 108.37 W, 95 %
2026/03/18 12:30:01.763, 108.34 W, 95 %
2026/03/18 12:30:01.864, 108.43 W, 95 %
2026/03/18 12:30:01.964, 108.40 W, 95 %
2026/03/18 12:30:02.064, 108.37 W, 95 %
2026/03/18 12:30:02.164, 108.32 W, 95 %
2026/03/18 12:30:02.264, 108.29 W, 95 %
2026/03/18 12:30:02.364, 108.29 W, 95 %
2026/03/18 12:30:02.464, 108.39 W, 95 %
2026/03/18 12:30:02.565, 108.32 W, 95 %
2026/03/18 12:30:02.665, 108.29 W, 95 %
2026/03/18 12:30:02.765, 108.32 W, 95 %
2026/03/18 12:30:02.865, 108.30 W, 95 %
2026/03/18 12:30:02.965, 108.28 W, 95 %
2026/03/18 12:30:03.065, 108.24 W, 95 %
2026/03/18 12:30:03.165, 108.29 W, 95 %
2026/03/18 12:30:03.266, 108.30 W, 95 %
2026/03/18 12:30:03.366, 108.37 W, 95 %
2026/03/18 12:30:03.466, 108.27 W, 95 %
2026/03/18 12:30:03.566, 108.21 W, 95 %
2026/03/18 12:30:03.666, 108.15 W, 95 %
2026/03/18 12:30:03.766, 108.09 W, 95 %
2026/03/18 12:30:03.866, 108.05 W, 95 %
2026/03/18 12:30:03.966, 108.04 W, 95 %
2026/03/18 12:30:04.067, 108.05 W, 95 %
2026/03/18 12:30:04.167, 108.02 W, 95 %
2026/03/18 12:30:04.267, 108.00 W, 95 %
2026/03/18 12:30:04.367, 107.98 W, 95 %
2026/03/18 12:30:04.467, 107.94 W, 95 %
2026/03/18 12:30:04.567, 108.04 W, 95 %
2026/03/18 12:30:04.667, 108.19 W, 95 %
2026/03/18 12:30:04.768, 108.22 W, 95 %
2026/03/18 12:30:04.868, 108.22 W, 95 %
2026/03/18 12:30:04.968, 108.22 W, 95 %
2026/03/18 12:30:05.068, 108.23 W, 95 %
2026/03/18 12:30:05.168, 108.21 W, 95 %
2026/03/18 12:30:05.268, 108.21 W, 95 %
2026/03/18 12:30:05.368, 108.18 W, 95 %
2026/03/18 12:30:05.469, 108.27 W, 95 %
2026/03/18 12:30:05.569, 108.23 W, 95 %
2026/03/18 12:30:05.669, 108.12 W, 95 %
2026/03/18 12:30:05.769, 108.10 W, 95 %
2026/03/18 12:30:05.869, 108.15 W, 95 %
2026/03/18 12:30:05.969, 108.15 W, 95 %
2026/03/18 12:30:06.069, 108.17 W, 95 %
2026/03/18 12:30:06.170, 108.15 W, 95 %
2026/03/18 12:30:06.270, 108.19 W, 95 %
2026/03/18 12:30:06.370, 108.20 W, 95 %
2026/03/18 12:30:06.470, 108.16 W, 95 %
2026/03/18 12:30:06.570, 108.14 W, 95 %
2026/03/18 12:30:06.670, 108.13 W, 95 %
2026/03/18 12:30:06.770, 108.23 W, 95 %
2026/03/18 12:30:06.871, 108.22 W, 95 %
2026/03/18 12:30:06.971, 108.23 W, 95 %
2026/03/18 12:30:07.171, 108.30 W, 95 %
2026/03/18 12:30:07.272, 108.26 W, 95 %
2026/03/18 12:30:07.372, 108.32 W, 95 %
2026/03/18 12:30:07.472, 108.31 W, 95 %
2026/03/18 12:30:07.572, 108.31 W, 95 %
2026/03/18 12:30:07.672, 108.39 W, 95 %
2026/03/18 12:30:07.772, 108.34 W, 95 %
2026/03/18 12:30:07.872, 108.31 W, 95 %
2026/03/18 12:30:07.973, 108.33 W, 95 %
2026/03/18 12:30:08.073, 108.29 W, 95 %
2026/03/18 12:30:08.173, 108.27 W, 95 %
2026/03/18 12:30:08.273, 108.27 W, 95 %
2026/03/18 12:30:08.373, 108.27 W, 95 %
2026/03/18 12:30:08.473, 108.31 W, 95 %
2026/03/18 12:30:08.573, 108.35 W, 95 %
2026/03/18 12:30:08.674, 108.31 W, 95 %
2026/03/18 12:30:08.774, 108.29 W, 95 %
2026/03/18 12:30:08.874, 108.29 W, 95 %
2026/03/18 12:30:08.974, 108.21 W, 95 %
2026/03/18 12:30:09.074, 108.21 W, 95 %
2026/03/18 12:30:09.174, 108.29 W, 95 %
2026/03/18 12:30:09.274, 108.33 W, 95 %
2026/03/18 12:30:09.375, 108.32 W, 95 %
2026/03/18 12:30:09.475, 108.27 W, 95 %
2026/03/18 12:30:09.575, 108.22 W, 95 %
2026/03/18 12:30:09.675, 108.19 W, 95 %
2026/03/18 12:30:09.775, 108.14 W, 95 %
2026/03/18 12:30:09.875, 108.17 W, 95 %
2026/03/18 12:30:09.975, 108.25 W, 95 %
2026/03/18 12:30:10.076, 108.25 W, 95 %
2026/03/18 12:30:10.176, 108.21 W, 95 %
2026/03/18 12:30:10.276, 108.18 W, 95 %
2026/03/18 12:30:10.376, 108.13 W, 95 %
2026/03/18 12:30:10.476, 108.19 W, 95 %
2026/03/18 12:30:10.576, 108.19 W, 95 %
2026/03/18 12:30:10.676, 108.26 W, 95 %
2026/03/18 12:30:10.777, 108.31 W, 95 %
2026/03/18 12:30:10.877, 108.34 W, 95 %
2026/03/18 12:30:10.977, 108.36 W, 95 %
2026/03/18 12:30:11.077, 108.40 W, 95 %
2026/03/18 12:30:11.177, 108.42 W, 95 %
2026/03/18 12:30:11.277, 108.43 W, 95 %
2026/03/18 12:30:11.377, 108.44 W, 95 %
2026/03/18 12:30:11.478, 108.41 W, 95 %
2026/03/18 12:30:11.578, 108.37 W, 95 %
2026/03/18 12:30:11.678, 108.27 W, 95 %
2026/03/18 12:30:11.778, 108.21 W, 95 %
2026/03/18 12:30:11.878, 108.22 W, 95 %
2026/03/18 12:30:11.978, 108.21 W, 95 %
2026/03/18 12:30:12.078, 108.15 W, 95 %
2026/03/18 12:30:12.179, 108.13 W, 95 %
2026/03/18 12:30:12.279, 108.13 W, 95 %
2026/03/18 12:30:12.379, 108.08 W, 95 %
2026/03/18 12:30:12.479, 108.08 W, 94 %
2026/03/18 12:30:12.579, 108.14 W, 94 %
2026/03/18 12:30:12.679, 108.22 W, 95 %
2026/03/18 12:30:12.779, 108.28 W, 95 %
2026/03/18 12:30:12.880, 108.24 W, 95 %
2026/03/18 12:30:12.980, 108.20 W, 95 %
2026/03/18 12:30:13.080, 108.18 W, 95 %
2026/03/18 12:30:13.180, 108.25 W, 95 %
2026/03/18 12:30:13.280, 108.29 W, 95 %
2026/03/18 12:30:13.380, 108.37 W, 95 %
2026/03/18 12:30:13.480, 108.32 W, 95 %
2026/03/18 12:30:13.581, 108.28 W, 95 %
2026/03/18 12:30:13.681, 108.29 W, 95 %
2026/03/18 12:30:13.781, 108.31 W, 95 %
2026/03/18 12:30:13.881, 108.30 W, 95 %
2026/03/18 12:30:13.981, 108.30 W, 95 %
2026/03/18 12:30:14.081, 108.32 W, 95 %
2026/03/18 12:30:14.181, 108.25 W, 95 %
2026/03/18 12:30:14.282, 108.24 W, 95 %
2026/03/18 12:30:14.382, 108.21 W, 95 %
2026/03/18 12:30:14.482, 108.24 W, 95 %
2026/03/18 12:30:14.582, 108.29 W, 95 %
2026/03/18 12:30:14.682, 108.26 W, 95 %
2026/03/18 12:30:14.782, 108.25 W, 95 %
2026/03/18 12:30:14.882, 108.25 W, 95 %
2026/03/18 12:30:14.983, 108.33 W, 95 %
2026/03/18 12:30:15.083, 108.27 W, 95 %
2026/03/18 12:30:15.183, 108.26 W, 95 %
2026/03/18 12:30:15.283, 108.23 W, 95 %
2026/03/18 12:30:15.383, 108.30 W, 95 %
2026/03/18 12:30:15.483, 108.28 W, 95 %
2026/03/18 12:30:15.583, 108.26 W, 95 %
2026/03/18 12:30:15.684, 108.33 W, 95 %
2026/03/18 12:30:15.784, 108.37 W, 95 %
2026/03/18 12:30:15.884, 108.44 W, 95 %
2026/03/18 12:30:15.984, 108.33 W, 95 %
2026/03/18 12:30:16.084, 108.44 W, 95 %
2026/03/18 12:30:16.184, 108.45 W, 95 %
2026/03/18 12:30:16.284, 108.43 W, 95 %
2026/03/18 12:30:16.385, 108.43 W, 95 %
2026/03/18 12:30:16.485, 108.43 W, 95 %
2026/03/18 12:30:16.585, 108.43 W, 95 %
2026/03/18 12:30:16.685, 108.39 W, 95 %
2026/03/18 12:30:16.785, 108.37 W, 95 %
2026/03/18 12:30:16.885, 108.44 W, 95 %
2026/03/18 12:30:16.985, 108.49 W, 95 %
2026/03/18 12:30:17.086, 108.44 W, 95 %
2026/03/18 12:30:17.186, 108.41 W, 95 %
2026/03/18 12:30:17.286, 108.37 W, 95 %
2026/03/18 12:30:17.386, 108.36 W, 95 %
2026/03/18 12:30:17.486, 108.30 W, 95 %
2026/03/18 12:30:17.586, 108.24 W, 95 %
2026/03/18 12:30:17.686, 108.23 W, 95 %
2026/03/18 12:30:17.787, 108.23 W, 95 %
2026/03/18 12:30:17.887, 108.15 W, 95 %
2026/03/18 12:30:17.987, 108.08 W, 95 %
2026/03/18 12:30:18.087, 108.03 W, 95 %
2026/03/18 12:30:18.187, 108.08 W, 95 %
2026/03/18 12:30:18.287, 108.22 W, 95 %
2026/03/18 12:30:18.387, 108.18 W, 95 %
2026/03/18 12:30:18.488, 108.13 W, 95 %
2026/03/18 12:30:18.588, 108.16 W, 95 %
2026/03/18 12:30:18.688, 108.11 W, 95 %
2026/03/18 12:30:18.788, 108.16 W, 95 %
2026/03/18 12:30:18.888, 108.13 W, 95 %
2026/03/18 12:30:18.988, 108.12 W, 95 %
2026/03/18 12:30:19.088, 108.13 W, 95 %
2026/03/18 12:30:19.189, 108.03 W, 95 %
2026/03/18 12:30:19.289, 107.93 W, 95 %
2026/03/18 12:30:19.389, 107.83 W, 95 %
2026/03/18 12:30:19.489, 107.93 W, 95 %
2026/03/18 12:30:19.589, 107.96 W, 95 %
2026/03/18 12:30:19.689, 108.01 W, 95 %
2026/03/18 12:30:19.789, 107.99 W, 95 %
2026/03/18 12:30:19.890, 107.98 W, 95 %
2026/03/18 12:30:19.990, 108.01 W, 95 %
2026/03/18 12:30:20.090, 108.12 W, 95 %
2026/03/18 12:30:20.190, 108.20 W, 95 %
2026/03/18 12:30:20.290, 108.24 W, 95 %
2026/03/18 12:30:20.390, 108.29 W, 95 %
2026/03/18 12:30:20.490, 108.21 W, 95 %
2026/03/18 12:30:20.591, 108.17 W, 95 %
2026/03/18 12:30:20.691, 108.16 W, 95 %
2026/03/18 12:30:20.791, 108.18 W, 95 %
2026/03/18 12:30:20.891, 108.24 W, 95 %
2026/03/18 12:30:20.991, 108.27 W, 95 %
2026/03/18 12:30:21.091, 108.17 W, 95 %
2026/03/18 12:30:21.191, 108.19 W, 95 %
2026/03/18 12:30:21.292, 108.24 W, 95 %
2026/03/18 12:30:21.392, 108.18 W, 95 %
2026/03/18 12:30:21.492, 108.17 W, 95 %
2026/03/18 12:30:21.592, 108.21 W, 95 %
2026/03/18 12:30:21.692, 108.24 W, 95 %
2026/03/18 12:30:21.792, 108.21 W, 95 %
2026/03/18 12:30:21.892, 108.26 W, 95 %
2026/03/18 12:30:21.993, 108.24 W, 95 %
2026/03/18 12:30:22.093, 108.23 W, 95 %
2026/03/18 12:30:22.193, 108.18 W, 95 %
2026/03/18 12:30:22.293, 108.15 W, 95 %
2026/03/18 12:30:22.393, 108.27 W, 95 %
2026/03/18 12:30:22.493, 108.31 W, 95 %
2026/03/18 12:30:22.593, 108.31 W, 95 %
2026/03/18 12:30:22.694, 108.26 W, 95 %
2026/03/18 12:30:22.794, 108.25 W, 95 %
2026/03/18 12:30:22.894, 108.21 W, 95 %
2026/03/18 12:30:22.994, 108.85 W, 95 %
2026/03/18 12:30:23.094, 108.41 W, 95 %
2026/03/18 12:30:23.194, 108.45 W, 95 %
2026/03/18 12:30:23.294, 108.45 W, 95 %
2026/03/18 12:30:23.395, 108.44 W, 95 %
2026/03/18 12:30:23.495, 108.39 W, 95 %
2026/03/18 12:30:23.595, 108.43 W, 95 %
2026/03/18 12:30:23.695, 108.39 W, 95 %
2026/03/18 12:30:23.795, 108.38 W, 95 %
2026/03/18 12:30:23.895, 108.30 W, 95 %
2026/03/18 12:30:23.995, 108.27 W, 95 %
2026/03/18 12:30:24.096, 108.29 W, 95 %
2026/03/18 12:30:24.196, 108.24 W, 95 %
2026/03/18 12:30:24.296, 108.24 W, 95 %
2026/03/18 12:30:24.396, 108.27 W, 95 %
2026/03/18 12:30:24.496, 108.33 W, 95 %
2026/03/18 12:30:24.596, 108.29 W, 95 %
2026/03/18 12:30:24.696, 108.33 W, 95 %
2026/03/18 12:30:24.797, 108.29 W, 95 %
2026/03/18 12:30:24.897, 108.26 W, 95 %
2026/03/18 12:30:24.997, 108.23 W, 95 %
2026/03/18 12:30:25.097, 108.22 W, 95 %
2026/03/18 12:30:25.197, 108.29 W, 95 %
2026/03/18 12:30:25.297, 108.36 W, 95 %
2026/03/18 12:30:25.397, 108.39 W, 95 %
2026/03/18 12:30:25.498, 108.38 W, 95 %
2026/03/18 12:30:25.598, 108.35 W, 95 %
2026/03/18 12:30:25.698, 108.25 W, 95 %
2026/03/18 12:30:25.798, 108.25 W, 95 %
2026/03/18 12:30:25.898, 108.21 W, 95 %
2026/03/18 12:30:25.998, 108.26 W, 95 %
2026/03/18 12:30:26.098, 108.15 W, 95 %
2026/03/18 12:30:26.199, 108.14 W, 95 %
2026/03/18 12:30:26.299, 107.95 W, 95 %
2026/03/18 12:30:26.399, 107.86 W, 95 %
2026/03/18 12:30:26.499, 107.83 W, 95 %
2026/03/18 12:30:26.599, 107.78 W, 95 %
2026/03/18 12:30:26.699, 107.89 W, 95 %
2026/03/18 12:30:26.799, 107.96 W, 95 %
2026/03/18 12:30:26.900, 108.00 W, 95 %
2026/03/18 12:30:27.000, 108.04 W, 95 %
2026/03/18 12:30:27.100, 108.06 W, 95 %
2026/03/18 12:30:27.200, 108.14 W, 95 %
2026/03/18 12:30:27.300, 108.25 W, 95 %
2026/03/18 12:30:27.400, 108.28 W, 95 %
2026/03/18 12:30:27.500, 108.34 W, 95 %
2026/03/18 12:30:27.601, 108.36 W, 95 %
2026/03/18 12:30:27.701, 108.30 W, 95 %
2026/03/18 12:30:27.801, 108.26 W, 95 %
2026/03/18 12:30:27.901, 108.27 W, 95 %
2026/03/18 12:30:28.001, 108.19 W, 95 %
2026/03/18 12:30:28.101, 108.21 W, 95 %
2026/03/18 12:30:28.201, 108.12 W, 95 %
2026/03/18 12:30:28.302, 108.16 W, 95 %
2026/03/18 12:30:28.402, 108.22 W, 95 %
2026/03/18 12:30:28.502, 108.26 W, 95 %
2026/03/18 12:30:28.602, 108.35 W, 95 %
2026/03/18 12:30:28.702, 108.43 W, 95 %
2026/03/18 12:30:28.802, 108.48 W, 95 %
2026/03/18 12:30:28.902, 108.50 W, 95 %
2026/03/18 12:30:29.002, 108.43 W, 95 %
2026/03/18 12:30:29.103, 108.54 W, 95 %
2026/03/18 12:30:29.203, 108.48 W, 95 %
2026/03/18 12:30:29.303, 108.39 W, 95 %
2026/03/18 12:30:29.403, 108.23 W, 95 %
2026/03/18 12:30:29.503, 108.18 W, 95 %
2026/03/18 12:30:29.603, 108.07 W, 95 %
2026/03/18 12:30:29.703, 108.08 W, 95 %
2026/03/18 12:30:29.804, 108.04 W, 95 %
2026/03/18 12:30:29.904, 108.12 W, 95 %
2026/03/18 12:30:30.004, 108.18 W, 95 %
2026/03/18 12:30:30.104, 108.19 W, 95 %
2026/03/18 12:30:30.204, 108.20 W, 95 %
2026/03/18 12:30:30.304, 108.28 W, 95 %
2026/03/18 12:30:30.404, 108.34 W, 95 %
2026/03/18 12:30:30.505, 108.30 W, 95 %
2026/03/18 12:30:30.605, 108.28 W, 95 %
2026/03/18 12:30:30.705, 108.25 W, 95 %
2026/03/18 12:30:30.805, 108.10 W, 95 %
2026/03/18 12:30:30.905, 107.99 W, 95 %
2026/03/18 12:30:31.005, 107.91 W, 95 %
2026/03/18 12:30:31.105, 107.85 W, 95 %
2026/03/18 12:30:31.206, 107.83 W, 95 %
2026/03/18 12:30:31.306, 107.85 W, 95 %
2026/03/18 12:30:31.406, 107.89 W, 95 %
2026/03/18 12:30:31.506, 107.91 W, 95 %
2026/03/18 12:30:31.606, 107.89 W, 95 %
2026/03/18 12:30:31.706, 107.94 W, 95 %
2026/03/18 12:30:31.806, 107.94 W, 95 %
2026/03/18 12:30:31.907, 107.96 W, 95 %
2026/03/18 12:30:32.007, 107.97 W, 95 %
2026/03/18 12:30:32.107, 107.97 W, 95 %
2026/03/18 12:30:32.207, 107.99 W, 95 %
2026/03/18 12:30:32.307, 108.00 W, 95 %
2026/03/18 12:30:32.407, 108.09 W, 95 %
2026/03/18 12:30:32.507, 108.09 W, 95 %
2026/03/18 12:30:32.608, 108.10 W, 95 %
2026/03/18 12:30:32.708, 108.11 W, 95 %
2026/03/18 12:30:32.808, 108.11 W, 95 %
2026/03/18 12:30:32.908, 108.21 W, 95 %
2026/03/18 12:30:33.008, 108.27 W, 94 %
2026/03/18 12:30:33.108, 108.28 W, 94 %
2026/03/18 12:30:33.209, 108.31 W, 95 %
2026/03/18 12:30:33.309, 108.32 W, 95 %
2026/03/18 12:30:33.409, 108.22 W, 95 %
2026/03/18 12:30:33.509, 108.12 W, 95 %
2026/03/18 12:30:33.609, 108.07 W, 95 %
2026/03/18 12:30:33.709, 108.15 W, 95 %
2026/03/18 12:30:33.809, 108.21 W, 95 %
2026/03/18 12:30:33.910, 108.13 W, 95 %
2026/03/18 12:30:34.010, 108.12 W, 95 %
2026/03/18 12:30:34.110, 108.09 W, 95 %
2026/03/18 12:30:34.210, 108.06 W, 95 %
2026/03/18 12:30:34.310, 108.06 W, 95 %
2026/03/18 12:30:34.410, 108.06 W, 95 %
2026/03/18 12:30:34.510, 108.09 W, 95 %
2026/03/18 12:30:34.611, 108.14 W, 95 %
2026/03/18 12:30:34.711, 108.03 W, 95 %
2026/03/18 12:30:34.811, 108.04 W, 95 %
2026/03/18 12:30:34.911, 108.08 W, 95 %
2026/03/18 12:30:35.011, 108.00 W, 95 %
2026/03/18 12:30:35.111, 108.02 W, 95 %
2026/03/18 12:30:35.211, 108.07 W, 95 %
2026/03/18 12:30:35.312, 108.12 W, 95 %
2026/03/18 12:30:35.412, 108.15 W, 95 %
2026/03/18 12:30:35.512, 108.21 W, 95 %
2026/03/18 12:30:35.612, 108.21 W, 95 %
2026/03/18 12:30:35.712, 108.20 W, 95 %
2026/03/18 12:30:35.812, 108.21 W, 95 %
2026/03/18 12:30:35.912, 108.25 W, 95 %
2026/03/18 12:30:36.013, 108.28 W, 95 %
2026/03/18 12:30:36.113, 108.30 W, 95 %
2026/03/18 12:30:36.213, 108.34 W, 95 %
2026/03/18 12:30:36.313, 108.32 W, 95 %
2026/03/18 12:30:36.413, 108.29 W, 95 %
2026/03/18 12:30:36.513, 108.31 W, 95 %
2026/03/18 12:30:36.613, 108.27 W, 95 %
2026/03/18 12:30:36.714, 108.33 W, 95 %
2026/03/18 12:30:36.814, 108.40 W, 95 %
2026/03/18 12:30:36.914, 108.28 W, 95 %
2026/03/18 12:30:37.014, 108.34 W, 95 %
2026/03/18 12:30:37.114, 108.31 W, 95 %
2026/03/18 12:30:37.214, 108.26 W, 95 %
2026/03/18 12:30:37.314, 108.19 W, 95 %
2026/03/18 12:30:37.414, 108.10 W, 95 %
2026/03/18 12:30:37.515, 108.11 W, 95 %
2026/03/18 12:30:37.615, 108.23 W, 95 %
2026/03/18 12:30:37.715, 108.22 W, 95 %
2026/03/18 12:30:37.815, 108.12 W, 95 %
2026/03/18 12:30:37.915, 108.16 W, 95 %
2026/03/18 12:30:38.015, 108.17 W, 95 %
2026/03/18 12:30:38.116, 108.15 W, 95 %
2026/03/18 12:30:38.216, 108.12 W, 95 %
2026/03/18 12:30:38.316, 108.16 W, 95 %
2026/03/18 12:30:38.416, 108.24 W, 95 %
2026/03/18 12:30:38.516, 108.30 W, 95 %
2026/03/18 12:30:38.616, 108.19 W, 95 %
2026/03/18 12:30:38.716, 108.11 W, 95 %
2026/03/18 12:30:38.816, 108.11 W, 95 %
2026/03/18 12:30:38.917, 108.12 W, 95 %
2026/03/18 12:30:39.017, 108.13 W, 95 %
2026/03/18 12:30:39.117, 108.22 W, 95 %
2026/03/18 12:30:39.217, 108.25 W, 95 %
2026/03/18 12:30:39.317, 108.21 W, 95 %
2026/03/18 12:30:39.417, 108.24 W, 95 %
2026/03/18 12:30:39.517, 108.17 W, 95 %
2026/03/18 12:30:39.618, 108.15 W, 95 %
2026/03/18 12:30:39.718, 108.18 W, 95 %
2026/03/18 12:30:39.818, 108.22 W, 95 %
2026/03/18 12:30:39.918, 108.29 W, 95 %
2026/03/18 12:30:40.018, 108.33 W, 95 %
2026/03/18 12:30:40.118, 108.28 W, 95 %
2026/03/18 12:30:40.218, 108.28 W, 95 %
2026/03/18 12:30:40.319, 108.29 W, 95 %
2026/03/18 12:30:40.419, 108.25 W, 95 %
2026/03/18 12:30:40.519, 108.36 W, 95 %
2026/03/18 12:30:40.619, 108.38 W, 95 %
2026/03/18 12:30:40.719, 108.39 W, 95 %
2026/03/18 12:30:40.819, 108.41 W, 95 %
2026/03/18 12:30:40.920, 108.34 W, 95 %
2026/03/18 12:30:41.020, 108.18 W, 95 %
2026/03/18 12:30:41.120, 108.25 W, 95 %
2026/03/18 12:30:41.220, 108.25 W, 95 %
2026/03/18 12:30:41.320, 108.30 W, 95 %
2026/03/18 12:30:41.420, 108.25 W, 95 %
2026/03/18 12:30:41.520, 108.24 W, 95 %
2026/03/18 12:30:41.621, 108.25 W, 95 %
2026/03/18 12:30:41.721, 108.22 W, 95 %
2026/03/18 12:30:41.821, 108.26 W, 95 %
2026/03/18 12:30:41.921, 108.27 W, 95 %
2026/03/18 12:30:42.021, 108.36 W, 95 %
2026/03/18 12:30:42.121, 108.37 W, 95 %
2026/03/18 12:30:42.221, 108.32 W, 95 %
2026/03/18 12:30:42.322, 108.26 W, 95 %
2026/03/18 12:30:42.422, 108.36 W, 95 %
2026/03/18 12:30:42.522, 108.26 W, 95 %
2026/03/18 12:30:42.622, 108.23 W, 95 %
2026/03/18 12:30:42.722, 108.21 W, 95 %
2026/03/18 12:30:42.822, 108.17 W, 95 %
2026/03/18 12:30:42.922, 108.11 W, 95 %
2026/03/18 12:30:43.023, 108.15 W, 95 %
2026/03/18 12:30:43.123, 108.12 W, 95 %
2026/03/18 12:30:43.223, 108.17 W, 95 %
2026/03/18 12:30:43.323, 108.17 W, 95 %
2026/03/18 12:30:43.423, 108.14 W, 95 %
2026/03/18 12:30:43.523, 108.18 W, 95 %
2026/03/18 12:30:43.623, 108.17 W, 95 %
2026/03/18 12:30:43.724, 108.21 W, 95 %
2026/03/18 12:30:43.824, 108.22 W, 95 %
2026/03/18 12:30:43.924, 108.33 W, 95 %
2026/03/18 12:30:44.024, 108.24 W, 95 %
2026/03/18 12:30:44.124, 108.22 W, 95 %
2026/03/18 12:30:44.224, 108.11 W, 95 %
2026/03/18 12:30:44.324, 108.13 W, 95 %
2026/03/18 12:30:44.425, 108.13 W, 95 %
2026/03/18 12:30:44.525, 108.13 W, 95 %
2026/03/18 12:30:44.625, 108.18 W, 95 %
2026/03/18 12:30:44.725, 108.22 W, 95 %
2026/03/18 12:30:44.825, 108.21 W, 95 %
2026/03/18 12:30:44.925, 108.18 W, 95 %
2026/03/18 12:30:45.025, 108.31 W, 95 %
2026/03/18 12:30:45.126, 108.28 W, 95 %
2026/03/18 12:30:45.226, 108.33 W, 95 %
2026/03/18 12:30:45.326, 108.32 W, 95 %
2026/03/18 12:30:45.426, 108.32 W, 95 %
2026/03/18 12:30:45.526, 108.34 W, 95 %
2026/03/18 12:30:45.626, 108.29 W, 95 %
2026/03/18 12:30:45.726, 108.27 W, 95 %
2026/03/18 12:30:45.827, 108.21 W, 95 %
2026/03/18 12:30:45.927, 108.22 W, 95 %
2026/03/18 12:30:46.027, 108.15 W, 95 %
2026/03/18 12:30:46.127, 108.15 W, 95 %
2026/03/18 12:30:46.227, 108.16 W, 95 %
2026/03/18 12:30:46.327, 108.16 W, 95 %
2026/03/18 12:30:46.427, 108.14 W, 95 %
2026/03/18 12:30:46.528, 108.12 W, 95 %
2026/03/18 12:30:46.628, 108.08 W, 95 %
2026/03/18 12:30:46.728, 108.09 W, 95 %
2026/03/18 12:30:46.828, 108.21 W, 95 %
2026/03/18 12:30:46.928, 108.22 W, 95 %
2026/03/18 12:30:47.028, 108.27 W, 95 %
2026/03/18 12:30:47.128, 108.24 W, 95 %
2026/03/18 12:30:47.229, 108.21 W, 95 %
2026/03/18 12:30:47.329, 108.24 W, 95 %
2026/03/18 12:30:47.429, 108.28 W, 95 %
2026/03/18 12:30:47.529, 108.24 W, 95 %
2026/03/18 12:30:47.629, 108.29 W, 95 %
2026/03/18 12:30:47.729, 108.19 W, 95 %
2026/03/18 12:30:47.829, 108.11 W, 95 %
2026/03/18 12:30:47.929, 108.06 W, 95 %
2026/03/18 12:30:48.030, 108.11 W, 95 %
2026/03/18 12:30:48.130, 108.15 W, 95 %
2026/03/18 12:30:48.230, 108.20 W, 95 %
2026/03/18 12:30:48.330, 108.28 W, 95 %
2026/03/18 12:30:48.430, 108.24 W, 95 %
2026/03/18 12:30:48.530, 108.25 W, 95 %
2026/03/18 12:30:48.630, 108.35 W, 95 %
2026/03/18 12:30:48.731, 108.43 W, 95 %
2026/03/18 12:30:48.831, 108.45 W, 95 %
2026/03/18 12:30:48.931, 108.50 W, 95 %
2026/03/18 12:30:49.031, 108.38 W, 95 %
2026/03/18 12:30:49.131, 108.40 W, 95 %
2026/03/18 12:30:49.231, 108.37 W, 95 %
2026/03/18 12:30:49.331, 108.29 W, 95 %
2026/03/18 12:30:49.432, 108.28 W, 95 %
2026/03/18 12:30:49.532, 108.29 W, 95 %
2026/03/18 12:30:49.632, 108.21 W, 95 %
2026/03/18 12:30:49.732, 108.21 W, 95 %
2026/03/18 12:30:49.832, 108.25 W, 95 %
2026/03/18 12:30:49.932, 108.29 W, 95 %
2026/03/18 12:30:50.032, 108.37 W, 95 %
2026/03/18 12:30:50.133, 108.29 W, 95 %
2026/03/18 12:30:50.233, 108.34 W, 95 %
2026/03/18 12:30:50.333, 108.26 W, 95 %
2026/03/18 12:30:50.433, 108.24 W, 95 %
2026/03/18 12:30:50.533, 108.25 W, 95 %
2026/03/18 12:30:50.633, 108.34 W, 95 %
2026/03/18 12:30:50.733, 108.29 W, 95 %
2026/03/18 12:30:50.834, 108.35 W, 95 %
2026/03/18 12:30:50.934, 108.24 W, 95 %
2026/03/18 12:30:51.034, 108.19 W, 95 %
2026/03/18 12:30:51.134, 108.18 W, 95 %
2026/03/18 12:30:51.234, 108.18 W, 95 %
2026/03/18 12:30:51.334, 108.16 W, 95 %
2026/03/18 12:30:51.434, 108.24 W, 95 %
2026/03/18 12:30:51.535, 108.27 W, 95 %
2026/03/18 12:30:51.635, 108.19 W, 95 %
2026/03/18 12:30:51.735, 108.26 W, 95 %
2026/03/18 12:30:51.835, 108.17 W, 95 %
2026/03/18 12:30:51.935, 108.17 W, 95 %
2026/03/18 12:30:52.035, 108.14 W, 95 %
2026/03/18 12:30:52.135, 108.17 W, 95 %
2026/03/18 12:30:52.236, 108.21 W, 95 %
2026/03/18 12:30:52.336, 108.29 W, 95 %
2026/03/18 12:30:52.436, 108.20 W, 95 %
2026/03/18 12:30:52.536, 108.11 W, 95 %
2026/03/18 12:30:52.636, 108.09 W, 95 %
2026/03/18 12:30:52.736, 108.03 W, 95 %
2026/03/18 12:30:52.836, 108.06 W, 95 %
2026/03/18 12:30:52.937, 108.19 W, 95 %
2026/03/18 12:30:53.037, 108.20 W, 95 %
2026/03/18 12:30:53.137, 108.18 W, 95 %
2026/03/18 12:30:53.237, 108.19 W, 95 %
2026/03/18 12:30:53.337, 108.12 W, 95 %
2026/03/18 12:30:53.437, 108.16 W, 95 %
2026/03/18 12:30:53.537, 108.22 W, 95 %
2026/03/18 12:30:53.638, 108.26 W, 95 %
2026/03/18 12:30:53.738, 108.29 W, 95 %
2026/03/18 12:30:53.838, 108.26 W, 95 %
2026/03/18 12:30:53.938, 108.19 W, 95 %
2026/03/18 12:30:54.038, 108.09 W, 95 %
2026/03/18 12:30:54.138, 108.11 W, 95 %
2026/03/18 12:30:54.238, 108.07 W, 95 %
2026/03/18 12:30:54.339, 108.08 W, 95 %
2026/03/18 12:30:54.439, 108.09 W, 95 %
2026/03/18 12:30:54.539, 108.11 W, 95 %
2026/03/18 12:30:54.639, 108.06 W, 95 %
2026/03/18 12:30:54.739, 108.02 W, 95 %
2026/03/18 12:30:54.839, 108.02 W, 95 %
2026/03/18 12:30:54.939, 108.07 W, 95 %
2026/03/18 12:30:55.040, 108.14 W, 95 %
2026/03/18 12:30:55.140, 108.10 W, 95 %
2026/03/18 12:30:55.240, 108.12 W, 95 %
2026/03/18 12:30:55.340, 108.23 W, 95 %
2026/03/18 12:30:55.440, 108.26 W, 95 %
2026/03/18 12:30:55.540, 108.15 W, 95 %
2026/03/18 12:30:55.640, 108.17 W, 95 %
2026/03/18 12:30:55.741, 108.19 W, 95 %
2026/03/18 12:30:55.841, 108.21 W, 95 %
2026/03/18 12:30:55.941, 108.21 W, 95 %
2026/03/18 12:30:56.041, 108.15 W, 95 %
2026/03/18 12:30:56.141, 108.24 W, 95 %
2026/03/18 12:30:56.241, 108.30 W, 95 %
2026/03/18 12:30:56.341, 108.14 W, 95 %
2026/03/18 12:30:56.442, 108.11 W, 95 %
2026/03/18 12:30:56.542, 108.19 W, 95 %
2026/03/18 12:30:56.642, 108.19 W, 95 %
2026/03/18 12:30:56.742, 108.21 W, 95 %
2026/03/18 12:30:56.842, 108.16 W, 95 %
2026/03/18 12:30:56.942, 108.17 W, 95 %
2026/03/18 12:30:57.042, 108.16 W, 95 %
2026/03/18 12:30:57.143, 108.21 W, 95 %
2026/03/18 12:30:57.243, 108.18 W, 95 %
2026/03/18 12:30:57.343, 108.30 W, 95 %
2026/03/18 12:30:57.443, 108.32 W, 95 %
2026/03/18 12:30:57.543, 108.35 W, 95 %
2026/03/18 12:30:57.643, 108.37 W, 95 %
2026/03/18 12:30:57.743, 108.32 W, 95 %
2026/03/18 12:30:57.844, 108.38 W, 95 %
2026/03/18 12:30:57.944, 108.36 W, 95 %
2026/03/18 12:30:58.044, 108.33 W, 95 %
2026/03/18 12:30:58.144, 108.36 W, 95 %
2026/03/18 12:30:58.245, 108.35 W, 95 %
2026/03/18 12:30:58.345, 108.35 W, 95 %
2026/03/18 12:30:58.446, 108.34 W, 95 %
2026/03/18 12:30:58.546, 108.22 W, 95 %
2026/03/18 12:30:58.646, 108.22 W, 95 %
2026/03/18 12:30:58.746, 108.27 W, 95 %
2026/03/18 12:30:58.846, 108.20 W, 95 %
2026/03/18 12:30:58.946, 108.15 W, 95 %
2026/03/18 12:30:59.046, 108.23 W, 95 %
2026/03/18 12:30:59.147, 108.29 W, 95 %
2026/03/18 12:30:59.247, 108.24 W, 95 %
2026/03/18 12:30:59.347, 108.27 W, 95 %
2026/03/18 12:30:59.447, 108.25 W, 95 %
2026/03/18 12:30:59.547, 108.36 W, 95 %
2026/03/18 12:30:59.647, 108.40 W, 95 %
2026/03/18 12:30:59.747, 108.36 W, 95 %
2026/03/18 12:30:59.848, 108.40 W, 95 %
2026/03/18 12:30:59.948, 108.45 W, 95 %
2026/03/18 12:31:00.048, 108.43 W, 95 %
2026/03/18 12:31:00.148, 108.31 W, 95 %
2026/03/18 12:31:00.248, 108.34 W, 95 %
2026/03/18 12:31:00.348, 108.29 W, 95 %
2026/03/18 12:31:00.448, 108.29 W, 95 %
2026/03/18 12:31:00.549, 108.32 W, 95 %
2026/03/18 12:31:00.649, 108.22 W, 95 %
2026/03/18 12:31:00.749, 108.33 W, 95 %
2026/03/18 12:31:00.849, 108.39 W, 95 %
2026/03/18 12:31:00.949, 108.40 W, 95 %
2026/03/18 12:31:01.049, 108.40 W, 95 %
2026/03/18 12:31:01.149, 108.40 W, 95 %
2026/03/18 12:31:01.250, 108.44 W, 95 %
2026/03/18 12:31:01.350, 108.39 W, 95 %
2026/03/18 12:31:01.450, 108.48 W, 95 %
2026/03/18 12:31:01.550, 108.49 W, 95 %
2026/03/18 12:31:01.650, 108.60 W, 95 %
2026/03/18 12:31:01.750, 108.49 W, 95 %
2026/03/18 12:31:01.850, 108.47 W, 95 %
2026/03/18 12:31:01.951, 108.35 W, 95 %
2026/03/18 12:31:02.051, 108.38 W, 95 %
2026/03/18 12:31:02.151, 108.43 W, 95 %
2026/03/18 12:31:02.251, 108.36 W, 95 %
2026/03/18 12:31:02.351, 108.30 W, 95 %
2026/03/18 12:31:02.451, 108.30 W, 95 %
2026/03/18 12:31:02.551, 108.23 W, 95 %
2026/03/18 12:31:02.652, 108.26 W, 95 %
2026/03/18 12:31:02.752, 108.25 W, 95 %
2026/03/18 12:31:02.852, 108.26 W, 95 %
2026/03/18 12:31:02.952, 108.38 W, 95 %
2026/03/18 12:31:03.052, 108.37 W, 95 %
2026/03/18 12:31:03.152, 108.31 W, 95 %
2026/03/18 12:31:03.252, 108.25 W, 95 %
2026/03/18 12:31:03.353, 108.27 W, 95 %
2026/03/18 12:31:03.453, 108.29 W, 95 %
2026/03/18 12:31:03.553, 108.43 W, 95 %
2026/03/18 12:31:03.653, 108.42 W, 95 %
2026/03/18 12:31:03.753, 108.43 W, 95 %
2026/03/18 12:31:03.853, 108.46 W, 95 %
2026/03/18 12:31:03.953, 108.48 W, 95 %
2026/03/18 12:31:04.054, 108.44 W, 94 %
2026/03/18 12:31:04.154, 108.50 W, 94 %
2026/03/18 12:31:04.254, 108.66 W, 95 %
2026/03/18 12:31:04.354, 108.71 W, 95 %
2026/03/18 12:31:04.454, 108.63 W, 95 %
2026/03/18 12:31:04.554, 108.55 W, 95 %
2026/03/18 12:31:04.654, 108.52 W, 95 %
2026/03/18 12:31:04.755, 108.46 W, 95 %
2026/03/18 12:31:04.855, 108.53 W, 95 %
2026/03/18 12:31:04.955, 108.45 W, 95 %
2026/03/18 12:31:05.055, 108.45 W, 95 %
2026/03/18 12:31:05.155, 108.43 W, 95 %
2026/03/18 12:31:05.255, 108.34 W, 95 %
2026/03/18 12:31:05.355, 108.39 W, 95 %
2026/03/18 12:31:05.456, 108.44 W, 95 %
2026/03/18 12:31:05.556, 108.46 W, 95 %
2026/03/18 12:31:05.656, 108.40 W, 95 %
2026/03/18 12:31:05.756, 108.42 W, 95 %
2026/03/18 12:31:05.856, 108.34 W, 95 %
2026/03/18 12:31:05.956, 108.30 W, 95 %
2026/03/18 12:31:06.056, 108.27 W, 95 %
2026/03/18 12:31:06.157, 108.24 W, 95 %
2026/03/18 12:31:06.257, 108.29 W, 95 %
2026/03/18 12:31:06.357, 108.20 W, 95 %
2026/03/18 12:31:06.457, 108.07 W, 95 %
2026/03/18 12:31:06.557, 108.11 W, 95 %
2026/03/18 12:31:06.657, 108.13 W, 95 %
2026/03/18 12:31:06.757, 108.18 W, 95 %
2026/03/18 12:31:06.858, 108.22 W, 95 %
2026/03/18 12:31:06.958, 108.24 W, 95 %
2026/03/18 12:31:07.058, 108.25 W, 95 %
2026/03/18 12:31:07.158, 108.28 W, 95 %
2026/03/18 12:31:07.258, 108.23 W, 95 %
2026/03/18 12:31:07.358, 108.28 W, 95 %
2026/03/18 12:31:07.458, 108.28 W, 95 %
2026/03/18 12:31:07.559, 108.26 W, 95 %
2026/03/18 12:31:07.659, 108.16 W, 95 %
2026/03/18 12:31:07.759, 108.13 W, 95 %
2026/03/18 12:31:07.859, 108.09 W, 95 %
2026/03/18 12:31:07.959, 108.18 W, 95 %
2026/03/18 12:31:08.059, 108.21 W, 95 %
2026/03/18 12:31:08.159, 108.23 W, 95 %
2026/03/18 12:31:08.260, 108.28 W, 95 %
2026/03/18 12:31:08.360, 108.28 W, 95 %
2026/03/18 12:31:08.460, 108.39 W, 95 %
2026/03/18 12:31:08.560, 108.46 W, 95 %
2026/03/18 12:31:08.660, 108.46 W, 95 %
2026/03/18 12:31:08.760, 108.54 W, 95 %
2026/03/18 12:31:08.860, 108.52 W, 95 %
2026/03/18 12:31:08.961, 108.50 W, 95 %
2026/03/18 12:31:09.061, 108.53 W, 95 %
2026/03/18 12:31:09.161, 108.48 W, 95 %
2026/03/18 12:31:09.261, 108.46 W, 95 %
2026/03/18 12:31:09.361, 108.44 W, 95 %
2026/03/18 12:31:09.461, 108.42 W, 95 %
2026/03/18 12:31:09.561, 108.38 W, 95 %
2026/03/18 12:31:09.662, 108.35 W, 95 %
2026/03/18 12:31:09.762, 108.25 W, 95 %
2026/03/18 12:31:09.862, 108.32 W, 95 %
2026/03/18 12:31:09.962, 108.26 W, 95 %
2026/03/18 12:31:10.062, 108.19 W, 95 %
2026/03/18 12:31:10.162, 108.18 W, 95 %
2026/03/18 12:31:10.262, 108.16 W, 95 %
2026/03/18 12:31:10.363, 108.16 W, 95 %
2026/03/18 12:31:10.463, 108.21 W, 95 %
2026/03/18 12:31:10.563, 108.11 W, 95 %
2026/03/18 12:31:10.663, 108.07 W, 95 %
2026/03/18 12:31:10.763, 108.04 W, 95 %
2026/03/18 12:31:10.863, 108.03 W, 95 %
2026/03/18 12:31:10.963, 108.12 W, 95 %
2026/03/18 12:31:11.064, 108.12 W, 95 %
2026/03/18 12:31:11.164, 108.11 W, 95 %
2026/03/18 12:31:11.264, 108.10 W, 95 %
2026/03/18 12:31:11.364, 108.11 W, 95 %
2026/03/18 12:31:11.464, 108.03 W, 95 %
2026/03/18 12:31:11.564, 108.03 W, 95 %
2026/03/18 12:31:11.664, 108.13 W, 95 %
2026/03/18 12:31:11.765, 108.13 W, 95 %
2026/03/18 12:31:11.865, 108.16 W, 95 %
2026/03/18 12:31:11.965, 108.15 W, 95 %
2026/03/18 12:31:12.065, 108.12 W, 95 %
2026/03/18 12:31:12.165, 108.25 W, 95 %
2026/03/18 12:31:12.265, 108.26 W, 95 %
2026/03/18 12:31:12.365, 108.25 W, 95 %
2026/03/18 12:31:12.466, 108.23 W, 95 %
2026/03/18 12:31:12.566, 108.29 W, 95 %
2026/03/18 12:31:12.666, 108.34 W, 95 %
2026/03/18 12:31:12.766, 108.39 W, 95 %
2026/03/18 12:31:12.866, 108.35 W, 95 %
2026/03/18 12:31:12.966, 108.32 W, 95 %
2026/03/18 12:31:13.066, 108.39 W, 95 %
2026/03/18 12:31:13.167, 108.33 W, 95 %
2026/03/18 12:31:13.267, 108.34 W, 95 %
2026/03/18 12:31:13.367, 108.34 W, 95 %
2026/03/18 12:31:13.467, 108.40 W, 95 %
2026/03/18 12:31:13.567, 108.38 W, 95 %
2026/03/18 12:31:13.667, 108.41 W, 95 %
2026/03/18 12:31:13.767, 108.42 W, 95 %
2026/03/18 12:31:13.868, 108.40 W, 95 %
2026/03/18 12:31:13.968, 108.39 W, 95 %
2026/03/18 12:31:14.068, 108.36 W, 95 %
2026/03/18 12:31:14.168, 108.28 W, 95 %
2026/03/18 12:31:14.268, 108.24 W, 95 %
2026/03/18 12:31:14.368, 108.25 W, 95 %
2026/03/18 12:31:14.468, 108.28 W, 95 %
2026/03/18 12:31:14.569, 108.30 W, 95 %
2026/03/18 12:31:14.669, 108.26 W, 95 %
2026/03/18 12:31:14.769, 108.26 W, 95 %
2026/03/18 12:31:14.869, 108.25 W, 95 %
2026/03/18 12:31:14.969, 108.25 W, 95 %
2026/03/18 12:31:15.069, 108.19 W, 95 %
2026/03/18 12:31:15.169, 108.29 W, 95 %
2026/03/18 12:31:15.270, 108.25 W, 95 %
2026/03/18 12:31:15.370, 108.31 W, 95 %
2026/03/18 12:31:15.470, 108.31 W, 95 %
2026/03/18 12:31:15.570, 108.28 W, 95 %
2026/03/18 12:31:15.670, 108.23 W, 95 %
2026/03/18 12:31:15.770, 108.25 W, 95 %
2026/03/18 12:31:15.870, 108.27 W, 95 %
2026/03/18 12:31:15.971, 108.33 W, 95 %
2026/03/18 12:31:16.071, 108.35 W, 95 %
2026/03/18 12:31:16.171, 108.29 W, 95 %
2026/03/18 12:31:16.271, 108.29 W, 95 %
2026/03/18 12:31:16.371, 108.33 W, 95 %
2026/03/18 12:31:16.471, 108.23 W, 95 %
2026/03/18 12:31:16.571, 108.28 W, 95 %
2026/03/18 12:31:16.672, 108.29 W, 95 %
2026/03/18 12:31:16.772, 108.26 W, 95 %
2026/03/18 12:31:16.872, 108.28 W, 95 %
2026/03/18 12:31:16.972, 108.23 W, 95 %
2026/03/18 12:31:17.072, 108.23 W, 95 %
2026/03/18 12:31:17.172, 108.18 W, 95 %
2026/03/18 12:31:17.272, 108.22 W, 95 %
2026/03/18 12:31:17.373, 108.18 W, 95 %
2026/03/18 12:31:17.473, 108.16 W, 95 %
2026/03/18 12:31:17.573, 108.10 W, 95 %
2026/03/18 12:31:17.673, 108.11 W, 95 %
2026/03/18 12:31:17.773, 108.15 W, 95 %
2026/03/18 12:31:17.873, 108.13 W, 95 %
2026/03/18 12:31:17.973, 108.18 W, 95 %
2026/03/18 12:31:18.074, 108.18 W, 95 %
2026/03/18 12:31:18.174, 108.24 W, 95 %
2026/03/18 12:31:18.274, 108.31 W, 95 %
2026/03/18 12:31:18.374, 108.24 W, 95 %
2026/03/18 12:31:18.474, 108.30 W, 95 %
2026/03/18 12:31:18.574, 108.30 W, 95 %
2026/03/18 12:31:18.674, 108.31 W, 95 %
2026/03/18 12:31:18.775, 108.27 W, 95 %
2026/03/18 12:31:18.875, 108.26 W, 95 %
2026/03/18 12:31:18.975, 108.18 W, 95 %
2026/03/18 12:31:19.075, 108.11 W, 95 %
2026/03/18 12:31:19.175, 108.05 W, 95 %
2026/03/18 12:31:19.275, 107.99 W, 95 %
2026/03/18 12:31:19.375, 108.06 W, 95 %
2026/03/18 12:31:19.476, 108.09 W, 95 %
2026/03/18 12:31:19.576, 108.06 W, 95 %
2026/03/18 12:31:19.676, 108.07 W, 95 %
2026/03/18 12:31:19.776, 108.12 W, 95 %
2026/03/18 12:31:19.876, 108.12 W, 95 %
2026/03/18 12:31:19.976, 108.15 W, 95 %
2026/03/18 12:31:20.076, 108.18 W, 95 %
2026/03/18 12:31:20.177, 108.18 W, 95 %
2026/03/18 12:31:20.277, 108.21 W, 95 %
2026/03/18 12:31:20.377, 108.14 W, 95 %
2026/03/18 12:31:20.477, 108.09 W, 95 %
2026/03/18 12:31:20.577, 108.16 W, 95 %
2026/03/18 12:31:20.677, 108.24 W, 95 %
2026/03/18 12:31:20.777, 108.26 W, 95 %
2026/03/18 12:31:20.878, 108.21 W, 95 %
2026/03/18 12:31:20.978, 108.24 W, 95 %
2026/03/18 12:31:21.078, 108.23 W, 95 %
2026/03/18 12:31:21.178, 108.22 W, 95 %
2026/03/18 12:31:21.278, 108.28 W, 95 %
2026/03/18 12:31:21.378, 108.33 W, 95 %
2026/03/18 12:31:21.478, 108.40 W, 95 %
2026/03/18 12:31:21.579, 108.32 W, 95 %
2026/03/18 12:31:21.679, 108.21 W, 95 %
2026/03/18 12:31:21.779, 108.14 W, 95 %
2026/03/18 12:31:21.879, 108.19 W, 95 %
2026/03/18 12:31:21.979, 108.25 W, 95 %
2026/03/18 12:31:22.079, 108.25 W, 95 %
2026/03/18 12:31:22.179, 108.30 W, 95 %
2026/03/18 12:31:22.280, 108.11 W, 95 %
2026/03/18 12:31:22.380, 108.12 W, 95 %
2026/03/18 12:31:22.480, 108.10 W, 95 %
2026/03/18 12:31:22.580, 108.07 W, 95 %
2026/03/18 12:31:22.680, 108.12 W, 95 %
2026/03/18 12:31:22.780, 108.20 W, 95 %
2026/03/18 12:31:22.880, 108.16 W, 95 %
2026/03/18 12:31:22.981, 108.08 W, 95 %
2026/03/18 12:31:23.081, 108.09 W, 95 %
2026/03/18 12:31:23.181, 108.05 W, 95 %
2026/03/18 12:31:23.281, 108.12 W, 95 %
2026/03/18 12:31:23.381, 108.13 W, 95 %
2026/03/18 12:31:23.481, 108.16 W, 95 %
2026/03/18 12:31:23.581, 108.25 W, 95 %
2026/03/18 12:31:23.682, 108.24 W, 95 %
2026/03/18 12:31:23.782, 108.24 W, 95 %
2026/03/18 12:31:23.882, 108.26 W, 95 %
2026/03/18 12:31:23.982, 108.25 W, 95 %
2026/03/18 12:31:24.082, 108.25 W, 95 %
2026/03/18 12:31:24.182, 108.36 W, 95 %
2026/03/18 12:31:24.283, 108.37 W, 95 %
2026/03/18 12:31:24.383, 108.42 W, 95 %
2026/03/18 12:31:24.483, 108.42 W, 95 %
2026/03/18 12:31:24.583, 108.40 W, 95 %
2026/03/18 12:31:24.683, 108.49 W, 95 %
2026/03/18 12:31:24.783, 108.49 W, 95 %
2026/03/18 12:31:24.883, 108.47 W, 95 %
2026/03/18 12:31:24.984, 108.48 W, 95 %
2026/03/18 12:31:25.084, 108.52 W, 95 %
2026/03/18 12:31:25.184, 108.43 W, 95 %
2026/03/18 12:31:25.284, 108.34 W, 95 %
2026/03/18 12:31:25.384, 108.29 W, 95 %
2026/03/18 12:31:25.484, 108.26 W, 95 %
2026/03/18 12:31:25.584, 108.21 W, 95 %
2026/03/18 12:31:25.685, 108.15 W, 95 %
2026/03/18 12:31:25.785, 108.08 W, 95 %
2026/03/18 12:31:25.885, 108.10 W, 95 %
2026/03/18 12:31:25.985, 108.11 W, 95 %
2026/03/18 12:31:26.085, 108.09 W, 95 %
2026/03/18 12:31:26.185, 108.14 W, 95 %
2026/03/18 12:31:26.285, 108.13 W, 95 %
2026/03/18 12:31:26.386, 108.28 W, 95 %
2026/03/18 12:31:26.486, 108.38 W, 95 %
2026/03/18 12:31:26.586, 108.42 W, 95 %
2026/03/18 12:31:26.686, 108.47 W, 95 %
2026/03/18 12:31:26.786, 108.51 W, 95 %
2026/03/18 12:31:26.886, 108.46 W, 95 %
2026/03/18 12:31:26.986, 108.50 W, 95 %
2026/03/18 12:31:27.087, 108.48 W, 95 %
2026/03/18 12:31:27.187, 108.44 W, 95 %
2026/03/18 12:31:27.287, 108.51 W, 95 %
2026/03/18 12:31:27.387, 108.54 W, 95 %
2026/03/18 12:31:27.487, 108.46 W, 95 %
2026/03/18 12:31:27.587, 108.44 W, 95 %
2026/03/18 12:31:27.687, 108.42 W, 95 %
2026/03/18 12:31:27.788, 108.43 W, 95 %
2026/03/18 12:31:27.888, 108.41 W, 95 %
2026/03/18 12:31:27.988, 108.34 W, 95 %
2026/03/18 12:31:28.088, 108.34 W, 95 %
2026/03/18 12:31:28.188, 108.40 W, 95 %
2026/03/18 12:31:28.288, 108.34 W, 95 %
2026/03/18 12:31:28.388, 108.26 W, 95 %
2026/03/18 12:31:28.489, 108.25 W, 95 %
2026/03/18 12:31:28.589, 108.17 W, 95 %
2026/03/18 12:31:28.689, 108.24 W, 95 %
2026/03/18 12:31:28.789, 108.23 W, 95 %
2026/03/18 12:31:28.889, 108.26 W, 95 %
2026/03/18 12:31:28.989, 108.36 W, 95 %
2026/03/18 12:31:29.089, 108.41 W, 95 %
2026/03/18 12:31:29.190, 108.43 W, 95 %
2026/03/18 12:31:29.290, 108.46 W, 95 %
2026/03/18 12:31:29.390, 108.50 W, 95 %
2026/03/18 12:31:29.490, 108.51 W, 95 %
2026/03/18 12:31:29.590, 108.46 W, 95 %
2026/03/18 12:31:29.690, 108.42 W, 95 %
2026/03/18 12:31:29.790, 108.39 W, 95 %
2026/03/18 12:31:29.891, 108.35 W, 95 %
2026/03/18 12:31:29.991, 108.29 W, 95 %
2026/03/18 12:31:30.091, 108.20 W, 95 %
2026/03/18 12:31:30.191, 108.19 W, 95 %
2026/03/18 12:31:30.291, 108.21 W, 95 %
2026/03/18 12:31:30.391, 108.17 W, 95 %
2026/03/18 12:31:30.491, 108.17 W, 95 %
2026/03/18 12:31:30.592, 108.28 W, 95 %
2026/03/18 12:31:30.692, 108.31 W, 95 %
2026/03/18 12:31:30.792, 108.32 W, 95 %
2026/03/18 12:31:30.892, 108.32 W, 95 %
2026/03/18 12:31:30.992, 108.32 W, 95 %
2026/03/18 12:31:31.092, 108.37 W, 95 %
2026/03/18 12:31:31.192, 108.39 W, 95 %
2026/03/18 12:31:31.293, 108.38 W, 95 %
2026/03/18 12:31:31.393, 108.46 W, 95 %
2026/03/18 12:31:31.493, 108.45 W, 95 %
2026/03/18 12:31:31.593, 108.36 W, 95 %
2026/03/18 12:31:31.693, 108.33 W, 95 %
2026/03/18 12:31:31.793, 108.35 W, 95 %
2026/03/18 12:31:31.893, 108.31 W, 95 %
2026/03/18 12:31:31.994, 108.30 W, 95 %
2026/03/18 12:31:32.094, 108.28 W, 95 %
2026/03/18 12:31:32.194, 108.24 W, 95 %
2026/03/18 12:31:32.294, 108.20 W, 95 %
2026/03/18 12:31:32.394, 108.15 W, 95 %
2026/03/18 12:31:32.494, 108.08 W, 95 %
2026/03/18 12:31:32.594, 108.16 W, 95 %
2026/03/18 12:31:32.695, 108.11 W, 95 %
2026/03/18 12:31:32.795, 108.11 W, 95 %
2026/03/18 12:31:32.895, 108.15 W, 95 %
2026/03/18 12:31:32.995, 108.13 W, 95 %
2026/03/18 12:31:33.095, 108.10 W, 95 %
2026/03/18 12:31:33.195, 108.12 W, 95 %
2026/03/18 12:31:33.295, 108.10 W, 95 %
2026/03/18 12:31:33.396, 108.18 W, 95 %
2026/03/18 12:31:33.496, 108.21 W, 95 %
2026/03/18 12:31:33.596, 108.22 W, 95 %
2026/03/18 12:31:33.696, 108.31 W, 95 %
2026/03/18 12:31:33.796, 108.32 W, 95 %
2026/03/18 12:31:33.896, 108.34 W, 95 %
2026/03/18 12:31:33.996, 108.41 W, 95 %
2026/03/18 12:31:34.097, 108.45 W, 95 %
2026/03/18 12:31:34.197, 108.34 W, 95 %
2026/03/18 12:31:34.297, 108.27 W, 95 %
2026/03/18 12:31:34.397, 108.21 W, 95 %
2026/03/18 12:31:34.497, 108.23 W, 95 %
2026/03/18 12:31:34.597, 108.18 W, 95 %
2026/03/18 12:31:34.697, 108.19 W, 95 %
2026/03/18 12:31:34.798, 108.16 W, 95 %
2026/03/18 12:31:34.898, 108.11 W, 95 %
2026/03/18 12:31:34.998, 108.18 W, 95 %
2026/03/18 12:31:35.098, 108.21 W, 95 %
2026/03/18 12:31:35.198, 108.36 W, 95 %
2026/03/18 12:31:35.298, 108.42 W, 95 %
2026/03/18 12:31:35.398, 108.46 W, 95 %
2026/03/18 12:31:35.499, 108.47 W, 95 %
2026/03/18 12:31:35.599, 108.45 W, 95 %
2026/03/18 12:31:35.699, 108.41 W, 95 %
2026/03/18 12:31:35.799, 108.42 W, 95 %
2026/03/18 12:31:35.899, 108.39 W, 95 %
2026/03/18 12:31:35.999, 108.32 W, 95 %
2026/03/18 12:31:36.099, 108.30 W, 95 %
2026/03/18 12:31:36.200, 108.19 W, 95 %
2026/03/18 12:31:36.300, 108.19 W, 95 %
2026/03/18 12:31:36.400, 108.16 W, 95 %
2026/03/18 12:31:36.500, 108.18 W, 95 %
2026/03/18 12:31:36.600, 108.19 W, 95 %
2026/03/18 12:31:36.700, 108.15 W, 95 %
2026/03/18 12:31:36.800, 108.23 W, 95 %
2026/03/18 12:31:36.901, 108.16 W, 95 %
2026/03/18 12:31:37.001, 108.22 W, 95 %
2026/03/18 12:31:37.101, 108.20 W, 95 %
2026/03/18 12:31:37.201, 108.20 W, 95 %
2026/03/18 12:31:37.301, 108.19 W, 95 %
2026/03/18 12:31:37.401, 108.18 W, 95 %
2026/03/18 12:31:37.501, 108.11 W, 95 %
2026/03/18 12:31:37.602, 108.00 W, 95 %
2026/03/18 12:31:37.702, 108.00 W, 95 %
2026/03/18 12:31:37.802, 108.00 W, 95 %
2026/03/18 12:31:37.902, 108.11 W, 95 %
2026/03/18 12:31:38.002, 108.06 W, 95 %
2026/03/18 12:31:38.102, 108.06 W, 95 %
2026/03/18 12:31:38.202, 108.11 W, 95 %
2026/03/18 12:31:38.303, 108.16 W, 95 %
2026/03/18 12:31:38.403, 108.13 W, 95 %
2026/03/18 12:31:38.503, 108.15 W, 95 %
2026/03/18 12:31:38.603, 108.29 W, 95 %
2026/03/18 12:31:38.703, 108.29 W, 95 %
2026/03/18 12:31:38.803, 108.23 W, 95 %
2026/03/18 12:31:38.903, 108.26 W, 95 %
2026/03/18 12:31:39.004, 108.37 W, 95 %
2026/03/18 12:31:39.104, 108.36 W, 95 %
2026/03/18 12:31:39.204, 108.31 W, 95 %
2026/03/18 12:31:39.304, 108.26 W, 95 %
2026/03/18 12:31:39.404, 108.25 W, 95 %
2026/03/18 12:31:39.504, 108.25 W, 95 %
2026/03/18 12:31:39.604, 108.26 W, 95 %
2026/03/18 12:31:39.705, 108.39 W, 95 %
2026/03/18 12:31:39.805, 108.48 W, 95 %
2026/03/18 12:31:39.905, 108.37 W, 95 %
2026/03/18 12:31:40.005, 108.31 W, 95 %
2026/03/18 12:31:40.105, 108.30 W, 95 %
2026/03/18 12:31:40.205, 108.37 W, 95 %
2026/03/18 12:31:40.305, 108.40 W, 95 %
2026/03/18 12:31:40.406, 108.42 W, 95 %
2026/03/18 12:31:40.506, 108.40 W, 95 %
2026/03/18 12:31:40.606, 108.37 W, 95 %
2026/03/18 12:31:40.706, 108.33 W, 95 %
2026/03/18 12:31:40.806, 108.30 W, 95 %
2026/03/18 12:31:40.906, 108.39 W, 95 %
2026/03/18 12:31:41.006, 108.38 W, 95 %
2026/03/18 12:31:41.107, 108.43 W, 95 %
2026/03/18 12:31:41.207, 108.44 W, 95 %
2026/03/18 12:31:41.307, 108.38 W, 95 %
2026/03/18 12:31:41.407, 108.41 W, 95 %
2026/03/18 12:31:41.507, 108.43 W, 95 %
2026/03/18 12:31:41.607, 108.46 W, 95 %
2026/03/18 12:31:41.707, 108.36 W, 95 %
2026/03/18 12:31:41.808, 108.36 W, 95 %
2026/03/18 12:31:41.908, 108.33 W, 95 %
2026/03/18 12:31:42.008, 108.27 W, 95 %
2026/03/18 12:31:42.108, 108.24 W, 95 %
2026/03/18 12:31:42.208, 108.19 W, 95 %
2026/03/18 12:31:42.308, 108.22 W, 95 %
2026/03/18 12:31:42.408, 108.23 W, 95 %
2026/03/18 12:31:42.509, 108.26 W, 95 %
2026/03/18 12:31:42.609, 108.24 W, 95 %
2026/03/18 12:31:42.709, 108.34 W, 95 %
2026/03/18 12:31:42.809, 108.38 W, 95 %
2026/03/18 12:31:42.909, 108.39 W, 95 %
2026/03/18 12:31:43.009, 108.45 W, 95 %
2026/03/18 12:31:43.109, 108.39 W, 95 %
2026/03/18 12:31:43.210, 108.41 W, 95 %
2026/03/18 12:31:43.310, 108.36 W, 95 %
2026/03/18 12:31:43.410, 108.43 W, 95 %
2026/03/18 12:31:43.510, 108.39 W, 95 %
2026/03/18 12:31:43.610, 108.39 W, 95 %
2026/03/18 12:31:43.710, 108.38 W, 95 %
2026/03/18 12:31:43.810, 108.21 W, 95 %
2026/03/18 12:31:43.911, 108.17 W, 95 %
2026/03/18 12:31:44.011, 108.13 W, 95 %
2026/03/18 12:31:44.111, 108.18 W, 95 %
2026/03/18 12:31:44.211, 108.16 W, 95 %
2026/03/18 12:31:44.311, 108.18 W, 95 %
2026/03/18 12:31:44.411, 108.15 W, 95 %
2026/03/18 12:31:44.511, 108.14 W, 95 %
2026/03/18 12:31:44.612, 108.13 W, 95 %
2026/03/18 12:31:44.712, 108.14 W, 95 %
2026/03/18 12:31:44.812, 108.24 W, 95 %
2026/03/18 12:31:44.912, 108.28 W, 95 %
2026/03/18 12:31:45.012, 108.28 W, 95 %
2026/03/18 12:31:45.112, 108.21 W, 95 %
2026/03/18 12:31:45.212, 108.30 W, 95 %
2026/03/18 12:31:45.313, 108.31 W, 95 %
2026/03/18 12:31:45.413, 108.30 W, 95 %
2026/03/18 12:31:45.513, 108.37 W, 95 %
2026/03/18 12:31:45.613, 108.29 W, 95 %
2026/03/18 12:31:45.713, 108.28 W, 95 %
2026/03/18 12:31:45.813, 108.27 W, 95 %
2026/03/18 12:31:45.913, 108.31 W, 95 %
2026/03/18 12:31:46.014, 108.26 W, 95 %
2026/03/18 12:31:46.114, 108.29 W, 95 %
2026/03/18 12:31:46.214, 108.22 W, 95 %
2026/03/18 12:31:46.314, 108.19 W, 95 %
2026/03/18 12:31:46.414, 108.23 W, 95 %
2026/03/18 12:31:46.514, 108.19 W, 95 %
2026/03/18 12:31:46.614, 108.25 W, 95 %
2026/03/18 12:31:46.715, 108.37 W, 95 %
2026/03/18 12:31:46.815, 108.36 W, 95 %
2026/03/18 12:31:46.915, 108.30 W, 95 %
2026/03/18 12:31:47.015, 108.32 W, 95 %
2026/03/18 12:31:47.115, 108.34 W, 95 %
2026/03/18 12:31:47.215, 108.48 W, 95 %
2026/03/18 12:31:47.315, 108.50 W, 95 %
2026/03/18 12:31:47.416, 108.48 W, 95 %
2026/03/18 12:31:47.516, 108.52 W, 95 %
2026/03/18 12:31:47.616, 108.52 W, 95 %
2026/03/18 12:31:47.716, 108.40 W, 95 %
2026/03/18 12:31:47.816, 108.39 W, 95 %
2026/03/18 12:31:47.916, 108.42 W, 95 %
2026/03/18 12:31:48.016, 108.43 W, 95 %
2026/03/18 12:31:48.117, 108.43 W, 95 %
2026/03/18 12:31:48.217, 108.41 W, 95 %
2026/03/18 12:31:48.317, 108.33 W, 95 %
2026/03/18 12:31:48.417, 108.26 W, 95 %
2026/03/18 12:31:48.517, 108.26 W, 95 %
2026/03/18 12:31:48.617, 108.24 W, 95 %
2026/03/18 12:31:48.717, 108.25 W, 95 %
2026/03/18 12:31:48.818, 108.30 W, 95 %
2026/03/18 12:31:48.918, 108.26 W, 95 %
2026/03/18 12:31:49.018, 108.25 W, 95 %
2026/03/18 12:31:49.118, 108.25 W, 95 %
2026/03/18 12:31:49.218, 108.25 W, 95 %
2026/03/18 12:31:49.318, 108.27 W, 95 %
2026/03/18 12:31:49.418, 108.34 W, 95 %
2026/03/18 12:31:49.519, 108.28 W, 95 %
2026/03/18 12:31:49.619, 108.32 W, 95 %
2026/03/18 12:31:49.719, 108.34 W, 95 %
2026/03/18 12:31:49.819, 108.32 W, 95 %
2026/03/18 12:31:49.919, 108.25 W, 95 %
2026/03/18 12:31:50.019, 108.26 W, 95 %
2026/03/18 12:31:50.119, 108.21 W, 95 %
2026/03/18 12:31:50.220, 108.14 W, 95 %
2026/03/18 12:31:50.320, 108.20 W, 95 %
2026/03/18 12:31:50.420, 108.16 W, 95 %
2026/03/18 12:31:50.520, 108.15 W, 91 %
2026/03/18 12:31:50.620, 108.14 W, 91 %
2026/03/18 12:31:50.720, 108.10 W, 95 %
2026/03/18 12:31:50.820, 108.13 W, 95 %
2026/03/18 12:31:50.921, 108.15 W, 95 %
2026/03/18 12:31:51.021, 108.14 W, 95 %
2026/03/18 12:31:51.121, 108.15 W, 95 %
2026/03/18 12:31:51.221, 108.21 W, 95 %
2026/03/18 12:31:51.321, 108.21 W, 95 %
2026/03/18 12:31:51.421, 108.23 W, 95 %
2026/03/18 12:31:51.521, 108.35 W, 95 %
2026/03/18 12:31:51.622, 108.33 W, 95 %
2026/03/18 12:31:51.722, 108.25 W, 95 %
2026/03/18 12:31:51.822, 108.22 W, 95 %
2026/03/18 12:31:51.922, 108.26 W, 95 %
2026/03/18 12:31:52.022, 108.37 W, 95 %
2026/03/18 12:31:52.122, 108.32 W, 95 %
2026/03/18 12:31:52.222, 108.29 W, 95 %
2026/03/18 12:31:52.323, 108.26 W, 95 %
2026/03/18 12:31:52.423, 108.20 W, 95 %
2026/03/18 12:31:52.523, 108.12 W, 95 %
2026/03/18 12:31:52.623, 108.11 W, 95 %
2026/03/18 12:31:52.723, 108.11 W, 95 %
2026/03/18 12:31:52.823, 108.13 W, 95 %
2026/03/18 12:31:52.923, 108.10 W, 95 %
2026/03/18 12:31:53.024, 108.11 W, 95 %
2026/03/18 12:31:53.124, 108.17 W, 95 %
2026/03/18 12:31:53.224, 108.19 W, 95 %
2026/03/18 12:31:53.324, 108.23 W, 95 %
2026/03/18 12:31:53.424, 108.26 W, 95 %
2026/03/18 12:31:53.524, 108.29 W, 95 %
2026/03/18 12:31:53.624, 108.36 W, 95 %
2026/03/18 12:31:53.725, 108.44 W, 95 %
2026/03/18 12:31:53.825, 108.46 W, 95 %
2026/03/18 12:31:53.925, 108.48 W, 95 %
2026/03/18 12:31:54.025, 108.41 W, 95 %
2026/03/18 12:31:54.125, 108.49 W, 95 %
2026/03/18 12:31:54.225, 108.52 W, 95 %
2026/03/18 12:31:54.325, 108.46 W, 95 %
2026/03/18 12:31:54.426, 108.46 W, 95 %
2026/03/18 12:31:54.526, 108.46 W, 95 %
2026/03/18 12:31:54.626, 108.35 W, 95 %
2026/03/18 12:31:54.726, 108.29 W, 95 %
2026/03/18 12:31:54.826, 108.28 W, 95 %
2026/03/18 12:31:54.926, 108.27 W, 95 %
2026/03/18 12:31:55.027, 108.21 W, 95 %
2026/03/18 12:31:55.127, 108.22 W, 95 %
2026/03/18 12:31:55.227, 108.10 W, 95 %
2026/03/18 12:31:55.327, 108.17 W, 95 %
2026/03/18 12:31:55.427, 108.15 W, 95 %
2026/03/18 12:31:55.527, 108.23 W, 95 %
2026/03/18 12:31:55.627, 108.27 W, 95 %
2026/03/18 12:31:55.728, 108.26 W, 94 %
2026/03/18 12:31:55.828, 108.30 W, 94 %
2026/03/18 12:31:55.928, 108.29 W, 95 %
2026/03/18 12:31:56.028, 108.35 W, 95 %
2026/03/18 12:31:56.128, 108.34 W, 95 %
2026/03/18 12:31:56.228, 108.38 W, 95 %
2026/03/18 12:31:56.328, 108.36 W, 95 %
2026/03/18 12:31:56.429, 108.32 W, 95 %
2026/03/18 12:31:56.529, 108.31 W, 95 %
2026/03/18 12:31:56.629, 108.31 W, 95 %
2026/03/18 12:31:56.729, 108.33 W, 95 %
2026/03/18 12:31:56.829, 108.35 W, 95 %
2026/03/18 12:31:56.929, 108.38 W, 95 %
2026/03/18 12:31:57.029, 108.35 W, 95 %
2026/03/18 12:31:57.130, 108.34 W, 95 %
2026/03/18 12:31:57.230, 108.39 W, 95 %
2026/03/18 12:31:57.330, 108.39 W, 95 %
2026/03/18 12:31:57.430, 108.53 W, 95 %
2026/03/18 12:31:57.530, 108.50 W, 95 %
2026/03/18 12:31:57.630, 108.48 W, 95 %
2026/03/18 12:31:57.730, 108.44 W, 95 %
2026/03/18 12:31:57.831, 108.43 W, 95 %
2026/03/18 12:31:57.931, 108.46 W, 95 %
2026/03/18 12:31:58.031, 108.48 W, 95 %
2026/03/18 12:31:58.131, 108.46 W, 95 %
2026/03/18 12:31:58.231, 108.45 W, 95 %
2026/03/18 12:31:58.331, 108.40 W, 95 %
2026/03/18 12:31:58.431, 108.24 W, 95 %
2026/03/18 12:31:58.532, 108.23 W, 95 %
2026/03/18 12:31:58.632, 108.18 W, 95 %
2026/03/18 12:31:58.732, 108.20 W, 95 %
2026/03/18 12:31:58.832, 108.17 W, 95 %
2026/03/18 12:31:58.932, 108.13 W, 95 %
2026/03/18 12:31:59.032, 108.15 W, 95 %
2026/03/18 12:31:59.132, 108.14 W, 95 %
2026/03/18 12:31:59.233, 108.05 W, 95 %
2026/03/18 12:31:59.333, 108.07 W, 95 %
2026/03/18 12:31:59.433, 108.16 W, 95 %
2026/03/18 12:31:59.533, 108.12 W, 95 %
2026/03/18 12:31:59.633, 108.17 W, 95 %
2026/03/18 12:31:59.733, 108.21 W, 95 %
2026/03/18 12:31:59.833, 108.21 W, 95 %
2026/03/18 12:31:59.934, 108.22 W, 95 %
2026/03/18 12:32:00.034, 108.23 W, 95 %
2026/03/18 12:32:00.134, 108.25 W, 95 %
2026/03/18 12:32:00.234, 108.23 W, 95 %
2026/03/18 12:32:00.334, 108.25 W, 95 %
2026/03/18 12:32:00.434, 108.33 W, 95 %
2026/03/18 12:32:00.534, 108.36 W, 95 %
2026/03/18 12:32:00.635, 108.32 W, 95 %
2026/03/18 12:32:00.735, 108.29 W, 95 %
2026/03/18 12:32:00.835, 108.24 W, 95 %
2026/03/18 12:32:00.935, 108.32 W, 95 %
2026/03/18 12:32:01.035, 108.33 W, 95 %
2026/03/18 12:32:01.135, 108.39 W, 95 %
2026/03/18 12:32:01.235, 108.43 W, 95 %
2026/03/18 12:32:01.336, 108.42 W, 95 %
2026/03/18 12:32:01.436, 108.34 W, 95 %
2026/03/18 12:32:01.536, 108.32 W, 95 %
2026/03/18 12:32:01.636, 108.37 W, 95 %
2026/03/18 12:32:01.736, 108.35 W, 95 %
2026/03/18 12:32:01.836, 108.42 W, 95 %
2026/03/18 12:32:01.936, 108.34 W, 95 %
2026/03/18 12:32:02.037, 108.28 W, 95 %
2026/03/18 12:32:02.137, 108.26 W, 95 %
2026/03/18 12:32:02.237, 108.21 W, 95 %
2026/03/18 12:32:02.337, 108.14 W, 95 %
2026/03/18 12:32:02.437, 108.16 W, 95 %
2026/03/18 12:32:02.537, 108.18 W, 95 %
2026/03/18 12:32:02.637, 108.17 W, 95 %
2026/03/18 12:32:02.738, 108.23 W, 95 %
2026/03/18 12:32:02.838, 108.14 W, 95 %
2026/03/18 12:32:02.938, 108.07 W, 95 %
2026/03/18 12:32:03.038, 107.95 W, 95 %
2026/03/18 12:32:03.138, 107.90 W, 95 %
2026/03/18 12:32:03.238, 107.93 W, 95 %
2026/03/18 12:32:03.338, 107.85 W, 95 %
2026/03/18 12:32:03.439, 107.80 W, 95 %
2026/03/18 12:32:03.539, 107.79 W, 95 %
2026/03/18 12:32:03.639, 107.75 W, 95 %
2026/03/18 12:32:03.739, 107.72 W, 95 %
2026/03/18 12:32:03.839, 107.75 W, 95 %
2026/03/18 12:32:03.939, 107.90 W, 95 %
2026/03/18 12:32:04.039, 108.04 W, 95 %
2026/03/18 12:32:04.140, 108.10 W, 95 %
2026/03/18 12:32:04.240, 108.15 W, 95 %
2026/03/18 12:32:04.340, 108.27 W, 95 %
2026/03/18 12:32:04.440, 108.30 W, 95 %
2026/03/18 12:32:04.540, 108.33 W, 95 %
2026/03/18 12:32:04.640, 108.32 W, 95 %
2026/03/18 12:32:04.740, 108.32 W, 95 %
2026/03/18 12:32:04.841, 108.29 W, 95 %
2026/03/18 12:32:04.941, 108.25 W, 95 %
2026/03/18 12:32:05.041, 108.22 W, 95 %
2026/03/18 12:32:05.141, 108.17 W, 95 %
2026/03/18 12:32:05.241, 108.17 W, 95 %
2026/03/18 12:32:05.341, 108.23 W, 95 %
2026/03/18 12:32:05.441, 108.18 W, 95 %
2026/03/18 12:32:05.542, 108.19 W, 95 %
2026/03/18 12:32:05.642, 108.25 W, 95 %
2026/03/18 12:32:05.742, 108.21 W, 95 %
2026/03/18 12:32:05.842, 108.24 W, 95 %
2026/03/18 12:32:05.942, 108.20 W, 95 %
2026/03/18 12:32:06.042, 108.17 W, 95 %
2026/03/18 12:32:06.143, 108.21 W, 95 %
2026/03/18 12:32:06.243, 108.18 W, 95 %
2026/03/18 12:32:06.343, 108.16 W, 95 %
2026/03/18 12:32:06.443, 108.28 W, 95 %
2026/03/18 12:32:06.543, 108.32 W, 95 %
2026/03/18 12:32:06.643, 108.32 W, 95 %
2026/03/18 12:32:06.743, 108.30 W, 95 %
2026/03/18 12:32:06.844, 108.35 W, 95 %
2026/03/18 12:32:06.944, 108.36 W, 95 %
2026/03/18 12:32:07.044, 108.47 W, 95 %
2026/03/18 12:32:07.144, 108.43 W, 95 %
2026/03/18 12:32:07.244, 108.43 W, 95 %
2026/03/18 12:32:07.344, 108.40 W, 95 %
2026/03/18 12:32:07.444, 108.33 W, 95 %
2026/03/18 12:32:07.544, 108.36 W, 95 %
2026/03/18 12:32:07.645, 108.29 W, 95 %
2026/03/18 12:32:07.745, 108.27 W, 95 %
2026/03/18 12:32:07.845, 108.26 W, 95 %
2026/03/18 12:32:07.945, 108.28 W, 95 %
2026/03/18 12:32:08.045, 108.25 W, 95 %
2026/03/18 12:32:08.145, 108.22 W, 95 %
2026/03/18 12:32:08.246, 108.26 W, 95 %
2026/03/18 12:32:08.346, 108.31 W, 95 %
2026/03/18 12:32:08.446, 108.41 W, 95 %
2026/03/18 12:32:08.546, 108.37 W, 95 %
2026/03/18 12:32:08.646, 108.38 W, 95 %
2026/03/18 12:32:08.746, 108.46 W, 95 %
2026/03/18 12:32:08.846, 108.50 W, 95 %
2026/03/18 12:32:08.946, 108.49 W, 95 %
2026/03/18 12:32:09.047, 108.50 W, 95 %
2026/03/18 12:32:09.147, 108.49 W, 95 %
2026/03/18 12:32:09.247, 108.52 W, 95 %
2026/03/18 12:32:09.347, 108.54 W, 95 %
2026/03/18 12:32:09.447, 108.49 W, 95 %
2026/03/18 12:32:09.547, 108.55 W, 95 %
2026/03/18 12:32:09.647, 108.60 W, 95 %
2026/03/18 12:32:09.748, 108.67 W, 95 %
2026/03/18 12:32:09.848, 108.57 W, 95 %
2026/03/18 12:32:09.948, 108.56 W, 95 %
2026/03/18 12:32:10.048, 108.57 W, 95 %
2026/03/18 12:32:10.148, 108.57 W, 95 %
2026/03/18 12:32:10.248, 108.57 W, 95 %
2026/03/18 12:32:10.349, 108.47 W, 95 %
2026/03/18 12:32:10.449, 108.44 W, 95 %
2026/03/18 12:32:10.549, 108.50 W, 95 %
2026/03/18 12:32:10.649, 108.38 W, 95 %
2026/03/18 12:32:10.749, 108.34 W, 95 %
2026/03/18 12:32:10.849, 108.43 W, 95 %
2026/03/18 12:32:10.949, 108.50 W, 95 %
2026/03/18 12:32:11.050, 108.45 W, 95 %
2026/03/18 12:32:11.150, 108.46 W, 95 %
2026/03/18 12:32:11.250, 108.40 W, 95 %
2026/03/18 12:32:11.350, 108.38 W, 95 %
2026/03/18 12:32:11.450, 108.43 W, 95 %
2026/03/18 12:32:11.550, 108.42 W, 95 %
2026/03/18 12:32:11.650, 108.46 W, 95 %
2026/03/18 12:32:11.751, 108.53 W, 95 %
2026/03/18 12:32:11.851, 108.42 W, 95 %
2026/03/18 12:32:11.951, 108.37 W, 95 %
2026/03/18 12:32:12.051, 108.32 W, 95 %
2026/03/18 12:32:12.151, 108.34 W, 95 %
2026/03/18 12:32:12.251, 108.34 W, 95 %
2026/03/18 12:32:12.351, 108.35 W, 95 %
2026/03/18 12:32:12.452, 108.36 W, 95 %
2026/03/18 12:32:12.552, 108.33 W, 95 %
2026/03/18 12:32:12.652, 108.32 W, 95 %
2026/03/18 12:32:12.752, 108.24 W, 95 %
2026/03/18 12:32:12.852, 108.23 W, 95 %
2026/03/18 12:32:12.952, 108.23 W, 95 %
2026/03/18 12:32:13.052, 108.24 W, 95 %
2026/03/18 12:32:13.153, 108.25 W, 95 %
2026/03/18 12:32:13.253, 108.24 W, 95 %
2026/03/18 12:32:13.353, 108.21 W, 95 %
2026/03/18 12:32:13.453, 108.22 W, 95 %
2026/03/18 12:32:13.553, 108.16 W, 95 %
2026/03/18 12:32:13.653, 108.11 W, 95 %
2026/03/18 12:32:13.753, 108.13 W, 95 %
2026/03/18 12:32:13.854, 108.17 W, 95 %
2026/03/18 12:32:13.954, 108.21 W, 95 %
2026/03/18 12:32:14.054, 108.26 W, 95 %
2026/03/18 12:32:14.154, 108.23 W, 95 %
2026/03/18 12:32:14.254, 108.31 W, 95 %
2026/03/18 12:32:14.354, 108.37 W, 95 %
2026/03/18 12:32:14.454, 108.31 W, 95 %
2026/03/18 12:32:14.555, 108.33 W, 95 %
2026/03/18 12:32:14.655, 108.30 W, 95 %
2026/03/18 12:32:14.755, 108.32 W, 95 %
2026/03/18 12:32:14.855, 108.26 W, 95 %
2026/03/18 12:32:14.955, 108.21 W, 95 %
2026/03/18 12:32:15.055, 108.23 W, 95 %
2026/03/18 12:32:15.155, 108.16 W, 95 %
2026/03/18 12:32:15.256, 108.15 W, 95 %
2026/03/18 12:32:15.356, 108.17 W, 95 %
2026/03/18 12:32:15.456, 108.14 W, 95 %
2026/03/18 12:32:15.556, 108.08 W, 95 %
2026/03/18 12:32:15.656, 108.12 W, 95 %
2026/03/18 12:32:15.756, 108.09 W, 95 %
2026/03/18 12:32:15.856, 108.17 W, 95 %
2026/03/18 12:32:15.957, 108.20 W, 95 %
2026/03/18 12:32:16.057, 108.21 W, 95 %
2026/03/18 12:32:16.157, 108.30 W, 95 %
2026/03/18 12:32:16.257, 108.35 W, 95 %
2026/03/18 12:32:16.357, 108.38 W, 95 %
2026/03/18 12:32:16.457, 108.38 W, 95 %
2026/03/18 12:32:16.557, 108.48 W, 95 %
2026/03/18 12:32:16.658, 108.55 W, 95 %
2026/03/18 12:32:16.758, 108.47 W, 95 %
2026/03/18 12:32:16.858, 108.30 W, 95 %
2026/03/18 12:32:16.958, 108.28 W, 95 %
2026/03/18 12:32:17.058, 108.40 W, 95 %
2026/03/18 12:32:17.158, 108.38 W, 95 %
2026/03/18 12:32:17.258, 108.37 W, 95 %
2026/03/18 12:32:17.359, 108.29 W, 95 %
2026/03/18 12:32:17.459, 108.21 W, 95 %
2026/03/18 12:32:17.559, 108.19 W, 95 %
2026/03/18 12:32:17.659, 108.13 W, 95 %
2026/03/18 12:32:17.759, 108.25 W, 95 %
2026/03/18 12:32:17.859, 108.33 W, 95 %
2026/03/18 12:32:17.959, 108.38 W, 95 %
2026/03/18 12:32:18.060, 108.33 W, 95 %
2026/03/18 12:32:18.160, 108.28 W, 95 %
2026/03/18 12:32:18.260, 108.24 W, 95 %
2026/03/18 12:32:18.360, 108.26 W, 95 %
2026/03/18 12:32:18.460, 108.29 W, 95 %
2026/03/18 12:32:18.560, 108.22 W, 95 %
2026/03/18 12:32:18.660, 108.25 W, 95 %
2026/03/18 12:32:18.761, 108.29 W, 95 %
2026/03/18 12:32:18.861, 108.38 W, 95 %
2026/03/18 12:32:18.961, 108.30 W, 95 %
2026/03/18 12:32:19.061, 108.35 W, 95 %
2026/03/18 12:32:19.161, 108.32 W, 95 %
2026/03/18 12:32:19.261, 108.38 W, 95 %
2026/03/18 12:32:19.361, 108.44 W, 95 %
2026/03/18 12:32:19.462, 108.48 W, 95 %
2026/03/18 12:32:19.562, 108.52 W, 95 %
2026/03/18 12:32:19.662, 108.39 W, 95 %
2026/03/18 12:32:19.762, 108.40 W, 95 %
2026/03/18 12:32:19.862, 108.39 W, 95 %
2026/03/18 12:32:19.962, 108.37 W, 95 %
2026/03/18 12:32:20.062, 108.32 W, 95 %
2026/03/18 12:32:20.163, 108.29 W, 95 %
2026/03/18 12:32:20.263, 108.27 W, 95 %
2026/03/18 12:32:20.363, 108.19 W, 95 %
2026/03/18 12:32:20.463, 108.12 W, 95 %
2026/03/18 12:32:20.563, 108.07 W, 95 %
2026/03/18 12:32:20.663, 108.19 W, 95 %
2026/03/18 12:32:20.763, 108.24 W, 95 %
2026/03/18 12:32:20.864, 108.14 W, 95 %
2026/03/18 12:32:20.964, 108.18 W, 95 %
2026/03/18 12:32:21.064, 108.17 W, 95 %
2026/03/18 12:32:21.164, 108.25 W, 95 %
2026/03/18 12:32:21.264, 108.29 W, 95 %
2026/03/18 12:32:21.364, 108.22 W, 95 %
2026/03/18 12:32:21.464, 108.29 W, 95 %
2026/03/18 12:32:21.565, 108.28 W, 95 %
2026/03/18 12:32:21.665, 108.27 W, 95 %
2026/03/18 12:32:21.765, 108.15 W, 95 %
2026/03/18 12:32:21.865, 108.15 W, 95 %
2026/03/18 12:32:21.965, 108.08 W, 95 %
2026/03/18 12:32:22.065, 108.16 W, 95 %
2026/03/18 12:32:22.165, 108.08 W, 95 %
2026/03/18 12:32:22.266, 108.06 W, 95 %
2026/03/18 12:32:22.366, 108.04 W, 95 %
2026/03/18 12:32:22.466, 108.07 W, 95 %
2026/03/18 12:32:22.566, 108.21 W, 95 %
2026/03/18 12:32:22.666, 108.22 W, 95 %
2026/03/18 12:32:22.766, 108.22 W, 95 %
2026/03/18 12:32:22.866, 108.30 W, 95 %
2026/03/18 12:32:22.967, 108.36 W, 95 %
2026/03/18 12:32:23.067, 108.27 W, 95 %
2026/03/18 12:32:23.167, 108.23 W, 95 %
2026/03/18 12:32:23.267, 108.27 W, 95 %
2026/03/18 12:32:23.367, 108.41 W, 95 %
2026/03/18 12:32:23.467, 108.37 W, 95 %
2026/03/18 12:32:23.567, 108.32 W, 95 %
2026/03/18 12:32:23.668, 108.28 W, 95 %
2026/03/18 12:32:23.768, 108.34 W, 95 %
2026/03/18 12:32:23.868, 108.31 W, 95 %
2026/03/18 12:32:23.968, 108.28 W, 95 %
2026/03/18 12:32:24.068, 108.31 W, 95 %
2026/03/18 12:32:24.168, 108.31 W, 95 %
2026/03/18 12:32:24.268, 108.34 W, 95 %
2026/03/18 12:32:24.369, 108.24 W, 95 %
2026/03/18 12:32:24.469, 108.24 W, 95 %
2026/03/18 12:32:24.569, 108.20 W, 95 %
2026/03/18 12:32:24.669, 108.25 W, 95 %
2026/03/18 12:32:24.769, 108.21 W, 95 %
2026/03/18 12:32:24.869, 108.13 W, 95 %
2026/03/18 12:32:24.969, 108.19 W, 95 %
2026/03/18 12:32:25.070, 108.23 W, 95 %
2026/03/18 12:32:25.170, 108.28 W, 95 %
2026/03/18 12:32:25.270, 108.25 W, 95 %
2026/03/18 12:32:25.370, 108.30 W, 95 %
2026/03/18 12:32:25.470, 108.20 W, 95 %
2026/03/18 12:32:25.570, 108.21 W, 95 %
2026/03/18 12:32:25.670, 108.22 W, 95 %
2026/03/18 12:32:25.771, 108.26 W, 95 %
2026/03/18 12:32:25.871, 108.28 W, 95 %
2026/03/18 12:32:25.971, 108.29 W, 95 %
2026/03/18 12:32:26.071, 108.29 W, 95 %
2026/03/18 12:32:26.171, 108.37 W, 95 %
2026/03/18 12:32:26.271, 108.43 W, 95 %
2026/03/18 12:32:26.371, 108.38 W, 95 %
2026/03/18 12:32:26.472, 108.44 W, 95 %
2026/03/18 12:32:26.572, 108.36 W, 95 %
2026/03/18 12:32:26.672, 108.36 W, 95 %
2026/03/18 12:32:26.772, 108.38 W, 95 %
2026/03/18 12:32:26.872, 108.50 W, 95 %
2026/03/18 12:32:26.972, 108.42 W, 95 %
2026/03/18 12:32:27.072, 108.40 W, 95 %
2026/03/18 12:32:27.173, 108.31 W, 95 %
2026/03/18 12:32:27.273, 108.29 W, 95 %
2026/03/18 12:32:27.373, 108.21 W, 95 %
2026/03/18 12:32:27.473, 108.19 W, 95 %
2026/03/18 12:32:27.573, 108.33 W, 95 %
2026/03/18 12:32:27.673, 108.32 W, 95 %
2026/03/18 12:32:27.773, 108.35 W, 95 %
2026/03/18 12:32:27.874, 108.30 W, 95 %
2026/03/18 12:32:27.974, 108.34 W, 95 %
2026/03/18 12:32:28.074, 108.37 W, 95 %
2026/03/18 12:32:28.174, 108.40 W, 95 %
2026/03/18 12:32:28.274, 108.39 W, 95 %
2026/03/18 12:32:28.374, 108.45 W, 95 %
2026/03/18 12:32:28.474, 108.55 W, 95 %
2026/03/18 12:32:28.574, 108.46 W, 95 %
2026/03/18 12:32:28.675, 108.51 W, 95 %
2026/03/18 12:32:28.775, 108.44 W, 95 %
2026/03/18 12:32:28.875, 108.43 W, 95 %
2026/03/18 12:32:28.975, 108.32 W, 95 %
2026/03/18 12:32:29.075, 108.29 W, 95 %
2026/03/18 12:32:29.175, 108.19 W, 95 %
2026/03/18 12:32:29.275, 108.24 W, 95 %
2026/03/18 12:32:29.376, 108.15 W, 95 %
2026/03/18 12:32:29.476, 108.07 W, 95 %
2026/03/18 12:32:29.576, 108.04 W, 95 %
2026/03/18 12:32:29.676, 107.97 W, 95 %
2026/03/18 12:32:29.776, 107.98 W, 95 %
2026/03/18 12:32:29.876, 108.02 W, 95 %
2026/03/18 12:32:29.976, 108.15 W, 95 %
2026/03/18 12:32:30.077, 108.28 W, 95 %
2026/03/18 12:32:30.177, 108.37 W, 95 %
2026/03/18 12:32:30.277, 108.37 W, 95 %
2026/03/18 12:32:30.377, 108.43 W, 95 %
2026/03/18 12:32:30.477, 108.39 W, 95 %
2026/03/18 12:32:30.577, 108.41 W, 95 %
2026/03/18 12:32:30.677, 108.38 W, 95 %
2026/03/18 12:32:30.778, 108.45 W, 95 %
2026/03/18 12:32:30.878, 108.46 W, 95 %
2026/03/18 12:32:30.978, 108.44 W, 95 %
2026/03/18 12:32:31.078, 108.37 W, 95 %
2026/03/18 12:32:31.178, 108.40 W, 95 %
2026/03/18 12:32:31.278, 108.45 W, 95 %
2026/03/18 12:32:31.379, 108.44 W, 95 %
2026/03/18 12:32:31.479, 108.38 W, 95 %
2026/03/18 12:32:31.579, 108.40 W, 95 %
2026/03/18 12:32:31.679, 108.34 W, 95 %
2026/03/18 12:32:31.779, 108.28 W, 95 %
2026/03/18 12:32:31.879, 108.26 W, 95 %
2026/03/18 12:32:31.979, 108.30 W, 95 %
2026/03/18 12:32:32.080, 108.32 W, 95 %
2026/03/18 12:32:32.180, 108.25 W, 95 %
2026/03/18 12:32:32.280, 108.18 W, 95 %
2026/03/18 12:32:32.380, 108.21 W, 95 %
2026/03/18 12:32:32.480, 108.24 W, 95 %
2026/03/18 12:32:32.580, 108.26 W, 95 %
2026/03/18 12:32:32.680, 108.28 W, 95 %
2026/03/18 12:32:32.781, 108.28 W, 95 %
2026/03/18 12:32:32.881, 108.31 W, 95 %
2026/03/18 12:32:32.981, 108.25 W, 95 %
2026/03/18 12:32:33.081, 108.23 W, 95 %
2026/03/18 12:32:33.181, 108.22 W, 92 %
2026/03/18 12:32:33.281, 108.35 W, 92 %
2026/03/18 12:32:33.381, 108.37 W, 95 %
2026/03/18 12:32:33.482, 108.39 W, 95 %
2026/03/18 12:32:33.582, 108.34 W, 95 %
2026/03/18 12:32:33.682, 108.41 W, 95 %
2026/03/18 12:32:33.782, 108.34 W, 95 %
2026/03/18 12:32:33.882, 108.31 W, 95 %
2026/03/18 12:32:33.982, 108.36 W, 95 %
2026/03/18 12:32:34.082, 108.45 W, 95 %
2026/03/18 12:32:34.183, 108.47 W, 95 %
2026/03/18 12:32:34.283, 108.50 W, 95 %
2026/03/18 12:32:34.383, 108.46 W, 95 %
2026/03/18 12:32:34.483, 108.43 W, 95 %
2026/03/18 12:32:34.583, 108.45 W, 95 %
2026/03/18 12:32:34.683, 108.43 W, 95 %
2026/03/18 12:32:34.783, 108.49 W, 95 %
2026/03/18 12:32:34.884, 108.45 W, 95 %
2026/03/18 12:32:34.984, 108.40 W, 95 %
2026/03/18 12:32:35.084, 108.30 W, 95 %
2026/03/18 12:32:35.184, 108.24 W, 95 %
2026/03/18 12:32:35.284, 108.12 W, 95 %
2026/03/18 12:32:35.384, 108.17 W, 95 %
2026/03/18 12:32:35.484, 108.26 W, 95 %
2026/03/18 12:32:35.585, 108.24 W, 95 %
2026/03/18 12:32:35.685, 108.28 W, 95 %
2026/03/18 12:32:35.785, 108.30 W, 95 %
2026/03/18 12:32:35.885, 108.38 W, 95 %
2026/03/18 12:32:35.985, 108.32 W, 95 %
2026/03/18 12:32:36.085, 108.31 W, 95 %
2026/03/18 12:32:36.185, 108.29 W, 95 %
2026/03/18 12:32:36.286, 108.30 W, 95 %
2026/03/18 12:32:36.386, 108.36 W, 95 %
2026/03/18 12:32:36.486, 108.33 W, 95 %
2026/03/18 12:32:36.586, 108.39 W, 95 %
2026/03/18 12:32:36.686, 108.29 W, 95 %
2026/03/18 12:32:36.786, 108.25 W, 95 %
2026/03/18 12:32:36.886, 108.22 W, 95 %
2026/03/18 12:32:36.987, 108.26 W, 95 %
2026/03/18 12:32:37.087, 108.34 W, 95 %
2026/03/18 12:32:37.187, 108.37 W, 95 %
2026/03/18 12:32:37.287, 108.38 W, 95 %
2026/03/18 12:32:37.387, 108.29 W, 95 %
2026/03/18 12:32:37.487, 108.22 W, 95 %
2026/03/18 12:32:37.587, 108.31 W, 95 %
2026/03/18 12:32:37.688, 108.37 W, 95 %
2026/03/18 12:32:37.788, 108.45 W, 95 %
2026/03/18 12:32:37.888, 108.45 W, 95 %
2026/03/18 12:32:37.988, 108.45 W, 95 %
2026/03/18 12:32:38.088, 108.38 W, 95 %
2026/03/18 12:32:38.188, 108.37 W, 95 %
2026/03/18 12:32:38.288, 108.35 W, 95 %
2026/03/18 12:32:38.389, 108.49 W, 95 %
2026/03/18 12:32:38.489, 108.49 W, 95 %
2026/03/18 12:32:38.589, 108.47 W, 95 %
2026/03/18 12:32:38.689, 108.40 W, 95 %
2026/03/18 12:32:38.789, 108.39 W, 95 %
2026/03/18 12:32:38.889, 108.38 W, 95 %
2026/03/18 12:32:38.989, 108.38 W, 95 %
2026/03/18 12:32:39.090, 108.41 W, 95 %
2026/03/18 12:32:39.190, 108.38 W, 95 %
2026/03/18 12:32:39.290, 108.35 W, 95 %
2026/03/18 12:32:39.390, 108.28 W, 95 %
2026/03/18 12:32:39.490, 108.40 W, 95 %
2026/03/18 12:32:39.590, 108.40 W, 95 %
2026/03/18 12:32:39.690, 108.43 W, 95 %
2026/03/18 12:32:39.791, 108.44 W, 95 %
2026/03/18 12:32:39.891, 108.34 W, 95 %
2026/03/18 12:32:39.991, 108.32 W, 95 %
2026/03/18 12:32:40.091, 108.31 W, 95 %
2026/03/18 12:32:40.191, 108.40 W, 95 %
2026/03/18 12:32:40.291, 108.46 W, 95 %
2026/03/18 12:32:40.391, 108.47 W, 95 %
2026/03/18 12:32:40.492, 108.45 W, 95 %
2026/03/18 12:32:40.592, 108.39 W, 95 %
2026/03/18 12:32:40.692, 108.39 W, 95 %
2026/03/18 12:32:40.792, 108.46 W, 95 %
2026/03/18 12:32:40.892, 108.56 W, 95 %
2026/03/18 12:32:40.992, 108.56 W, 95 %
2026/03/18 12:32:41.092, 108.51 W, 95 %
2026/03/18 12:32:41.193, 108.48 W, 95 %
2026/03/18 12:32:41.293, 108.55 W, 95 %
2026/03/18 12:32:41.393, 108.54 W, 95 %
2026/03/18 12:32:41.493, 108.46 W, 95 %
2026/03/18 12:32:41.593, 108.47 W, 95 %
2026/03/18 12:32:41.693, 108.49 W, 95 %
2026/03/18 12:32:41.793, 108.44 W, 95 %
2026/03/18 12:32:41.894, 108.35 W, 95 %
2026/03/18 12:32:41.994, 108.37 W, 95 %
2026/03/18 12:32:42.094, 108.43 W, 95 %
2026/03/18 12:32:42.194, 108.40 W, 95 %
2026/03/18 12:32:42.294, 108.32 W, 95 %
2026/03/18 12:32:42.394, 108.36 W, 95 %
2026/03/18 12:32:42.494, 108.41 W, 95 %
2026/03/18 12:32:42.595, 108.40 W, 95 %
2026/03/18 12:32:42.695, 108.31 W, 95 %
2026/03/18 12:32:42.795, 108.32 W, 95 %
2026/03/18 12:32:42.895, 108.30 W, 95 %
2026/03/18 12:32:42.995, 108.26 W, 95 %
2026/03/18 12:32:43.095, 108.24 W, 95 %
2026/03/18 12:32:43.195, 108.24 W, 95 %
2026/03/18 12:32:43.296, 108.31 W, 95 %
2026/03/18 12:32:43.396, 108.30 W, 95 %
2026/03/18 12:32:43.496, 108.29 W, 95 %
2026/03/18 12:32:43.596, 108.33 W, 95 %
2026/03/18 12:32:43.696, 108.44 W, 95 %
2026/03/18 12:32:43.796, 108.43 W, 95 %
2026/03/18 12:32:43.896, 108.46 W, 95 %
2026/03/18 12:32:43.997, 108.54 W, 95 %
2026/03/18 12:32:44.097, 108.56 W, 95 %
2026/03/18 12:32:44.197, 108.60 W, 95 %
2026/03/18 12:32:44.297, 108.49 W, 95 %
2026/03/18 12:32:44.397, 108.52 W, 95 %
2026/03/18 12:32:44.497, 108.57 W, 95 %
2026/03/18 12:32:44.597, 108.58 W, 95 %
2026/03/18 12:32:44.698, 108.52 W, 95 %
2026/03/18 12:32:44.798, 108.55 W, 95 %
2026/03/18 12:32:44.898, 108.50 W, 95 %
2026/03/18 12:32:44.998, 108.50 W, 95 %
2026/03/18 12:32:45.098, 108.48 W, 95 %
2026/03/18 12:32:45.198, 108.46 W, 95 %
2026/03/18 12:32:45.298, 108.52 W, 95 %
2026/03/18 12:32:45.399, 108.43 W, 95 %
2026/03/18 12:32:45.499, 108.36 W, 95 %
2026/03/18 12:32:45.599, 108.34 W, 95 %
2026/03/18 12:32:45.699, 108.32 W, 95 %
2026/03/18 12:32:45.799, 108.31 W, 95 %
2026/03/18 12:32:45.899, 108.38 W, 95 %
2026/03/18 12:32:45.999, 108.36 W, 95 %
2026/03/18 12:32:46.100, 108.36 W, 95 %
2026/03/18 12:32:46.200, 108.46 W, 95 %
2026/03/18 12:32:46.300, 108.44 W, 95 %
2026/03/18 12:32:46.400, 108.43 W, 95 %
2026/03/18 12:32:46.500, 108.45 W, 95 %
2026/03/18 12:32:46.600, 108.45 W, 95 %
2026/03/18 12:32:46.700, 108.52 W, 95 %
2026/03/18 12:32:46.801, 108.54 W, 95 %
2026/03/18 12:32:46.901, 108.63 W, 95 %
2026/03/18 12:32:47.001, 108.62 W, 95 %
2026/03/18 12:32:47.101, 108.65 W, 95 %
2026/03/18 12:32:47.201, 108.58 W, 95 %
2026/03/18 12:32:47.301, 108.57 W, 95 %
2026/03/18 12:32:47.401, 108.53 W, 95 %
2026/03/18 12:32:47.502, 108.49 W, 95 %
2026/03/18 12:32:47.602, 108.42 W, 95 %
2026/03/18 12:32:47.702, 108.34 W, 95 %
2026/03/18 12:32:47.802, 108.30 W, 95 %
2026/03/18 12:32:47.902, 108.27 W, 95 %
2026/03/18 12:32:48.002, 108.37 W, 95 %
2026/03/18 12:32:48.102, 108.33 W, 95 %
2026/03/18 12:32:48.203, 108.26 W, 95 %
2026/03/18 12:32:48.303, 108.28 W, 95 %
2026/03/18 12:32:48.403, 108.38 W, 95 %
2026/03/18 12:32:48.503, 108.44 W, 95 %
2026/03/18 12:32:48.603, 108.47 W, 95 %
2026/03/18 12:32:48.703, 108.51 W, 95 %
2026/03/18 12:32:48.803, 108.42 W, 95 %
2026/03/18 12:32:48.904, 108.39 W, 95 %
2026/03/18 12:32:49.004, 108.23 W, 95 %
2026/03/18 12:32:49.104, 108.28 W, 95 %
2026/03/18 12:32:49.204, 108.37 W, 95 %
2026/03/18 12:32:49.304, 108.41 W, 95 %
2026/03/18 12:32:49.404, 108.33 W, 95 %
2026/03/18 12:32:49.504, 108.28 W, 95 %
2026/03/18 12:32:49.605, 108.33 W, 95 %
2026/03/18 12:32:49.705, 108.31 W, 95 %
2026/03/18 12:32:49.805, 108.39 W, 95 %
2026/03/18 12:32:49.905, 108.45 W, 95 %
2026/03/18 12:32:50.005, 108.58 W, 95 %
2026/03/18 12:32:50.105, 108.59 W, 95 %
2026/03/18 12:32:50.205, 108.57 W, 95 %
2026/03/18 12:32:50.306, 108.46 W, 95 %
2026/03/18 12:32:50.406, 108.45 W, 95 %
2026/03/18 12:32:50.506, 108.48 W, 95 %
2026/03/18 12:32:50.606, 108.37 W, 95 %
2026/03/18 12:32:50.706, 108.31 W, 95 %
2026/03/18 12:32:50.806, 108.23 W, 95 %
2026/03/18 12:32:50.906, 108.26 W, 95 %
2026/03/18 12:32:51.007, 108.24 W, 95 %
2026/03/18 12:32:51.107, 108.25 W, 95 %
2026/03/18 12:32:51.207, 108.23 W, 95 %
2026/03/18 12:32:51.307, 108.19 W, 95 %
2026/03/18 12:32:51.407, 108.17 W, 95 %
2026/03/18 12:32:51.507, 108.19 W, 95 %
2026/03/18 12:32:51.607, 108.23 W, 95 %
2026/03/18 12:32:51.708, 108.30 W, 95 %
2026/03/18 12:32:51.808, 108.32 W, 95 %
2026/03/18 12:32:51.908, 108.21 W, 95 %
2026/03/18 12:32:52.008, 108.13 W, 95 %
2026/03/18 12:32:52.108, 108.12 W, 95 %
2026/03/18 12:32:52.208, 108.10 W, 95 %
2026/03/18 12:32:52.308, 108.18 W, 95 %
2026/03/18 12:32:52.409, 108.18 W, 95 %
2026/03/18 12:32:52.509, 108.17 W, 95 %
2026/03/18 12:32:52.609, 108.20 W, 95 %
2026/03/18 12:32:52.709, 108.21 W, 95 %
2026/03/18 12:32:52.809, 108.25 W, 95 %
2026/03/18 12:32:52.909, 108.31 W, 95 %
2026/03/18 12:32:53.009, 108.21 W, 95 %
2026/03/18 12:32:53.110, 108.24 W, 95 %
2026/03/18 12:32:53.210, 108.28 W, 95 %
2026/03/18 12:32:53.310, 108.37 W, 95 %
2026/03/18 12:32:53.410, 108.37 W, 95 %
2026/03/18 12:32:53.510, 108.39 W, 95 %
2026/03/18 12:32:53.610, 108.36 W, 95 %
2026/03/18 12:32:53.710, 108.33 W, 95 %
2026/03/18 12:32:53.811, 108.34 W, 95 %
2026/03/18 12:32:53.911, 108.34 W, 95 %
2026/03/18 12:32:54.011, 108.45 W, 95 %
2026/03/18 12:32:54.111, 108.46 W, 95 %
2026/03/18 12:32:54.211, 108.43 W, 95 %
2026/03/18 12:32:54.311, 108.41 W, 95 %
2026/03/18 12:32:54.411, 108.41 W, 95 %
2026/03/18 12:32:54.512, 108.43 W, 95 %
2026/03/18 12:32:54.612, 108.43 W, 95 %
2026/03/18 12:32:54.712, 108.44 W, 95 %
2026/03/18 12:32:54.812, 108.46 W, 95 %
2026/03/18 12:32:54.912, 108.44 W, 95 %
2026/03/18 12:32:55.012, 108.41 W, 95 %
2026/03/18 12:32:55.112, 108.51 W, 95 %
2026/03/18 12:32:55.213, 108.45 W, 95 %
2026/03/18 12:32:55.313, 108.47 W, 95 %
2026/03/18 12:32:55.413, 108.40 W, 95 %
2026/03/18 12:32:55.513, 108.39 W, 95 %
2026/03/18 12:32:55.613, 108.38 W, 95 %
2026/03/18 12:32:55.713, 108.55 W, 95 %
2026/03/18 12:32:55.813, 108.56 W, 95 %
2026/03/18 12:32:55.914, 108.71 W, 95 %
2026/03/18 12:32:56.014, 108.68 W, 95 %
2026/03/18 12:32:56.114, 108.61 W, 95 %
2026/03/18 12:32:56.214, 108.62 W, 95 %
2026/03/18 12:32:56.314, 108.53 W, 95 %
2026/03/18 12:32:56.414, 108.54 W, 95 %
2026/03/18 12:32:56.514, 108.47 W, 95 %
2026/03/18 12:32:56.615, 108.35 W, 95 %
2026/03/18 12:32:56.715, 108.28 W, 95 %
2026/03/18 12:32:56.815, 108.25 W, 95 %
2026/03/18 12:32:56.915, 108.16 W, 95 %
2026/03/18 12:32:57.015, 108.20 W, 95 %
2026/03/18 12:32:57.115, 108.25 W, 95 %
2026/03/18 12:32:57.215, 108.26 W, 95 %
2026/03/18 12:32:57.316, 108.29 W, 95 %
2026/03/18 12:32:57.416, 108.31 W, 95 %
2026/03/18 12:32:57.516, 108.39 W, 95 %
2026/03/18 12:32:57.616, 108.46 W, 95 %
2026/03/18 12:32:57.716, 108.50 W, 95 %
2026/03/18 12:32:57.816, 108.52 W, 95 %
2026/03/18 12:32:57.916, 108.50 W, 95 %
2026/03/18 12:32:58.017, 108.49 W, 95 %
2026/03/18 12:32:58.117, 108.42 W, 95 %
2026/03/18 12:32:58.217, 108.43 W, 95 %
2026/03/18 12:32:58.317, 108.43 W, 95 %
2026/03/18 12:32:58.417, 108.40 W, 95 %
2026/03/18 12:32:58.517, 108.44 W, 95 %
2026/03/18 12:32:58.617, 108.49 W, 95 %
2026/03/18 12:32:58.718, 108.47 W, 95 %
2026/03/18 12:32:58.818, 108.34 W, 95 %
2026/03/18 12:32:58.918, 108.36 W, 95 %
2026/03/18 12:32:59.018, 108.40 W, 95 %
2026/03/18 12:32:59.118, 108.46 W, 95 %
2026/03/18 12:32:59.218, 108.48 W, 95 %
2026/03/18 12:32:59.318, 108.45 W, 95 %
2026/03/18 12:32:59.419, 108.43 W, 95 %
2026/03/18 12:32:59.519, 108.35 W, 95 %
2026/03/18 12:32:59.619, 108.34 W, 95 %
2026/03/18 12:32:59.719, 108.38 W, 95 %
2026/03/18 12:32:59.819, 108.33 W, 95 %
2026/03/18 12:32:59.919, 108.32 W, 95 %
2026/03/18 12:33:00.019, 108.21 W, 95 %
2026/03/18 12:33:00.120, 108.19 W, 95 %
2026/03/18 12:33:00.220, 108.12 W, 95 %
2026/03/18 12:33:00.320, 108.11 W, 95 %
2026/03/18 12:33:00.420, 108.16 W, 95 %
2026/03/18 12:33:00.520, 108.27 W, 95 %
2026/03/18 12:33:00.620, 108.23 W, 95 %
2026/03/18 12:33:00.720, 108.26 W, 95 %
2026/03/18 12:33:00.821, 108.31 W, 95 %
2026/03/18 12:33:00.921, 108.28 W, 95 %
2026/03/18 12:33:01.021, 108.32 W, 95 %
2026/03/18 12:33:01.121, 108.25 W, 95 %
2026/03/18 12:33:01.221, 108.20 W, 95 %
2026/03/18 12:33:01.321, 108.23 W, 95 %
2026/03/18 12:33:01.421, 108.22 W, 95 %
2026/03/18 12:33:01.522, 108.17 W, 95 %
2026/03/18 12:33:01.622, 108.11 W, 95 %
2026/03/18 12:33:01.722, 108.08 W, 95 %
2026/03/18 12:33:01.822, 108.14 W, 95 %
2026/03/18 12:33:01.922, 108.14 W, 95 %
2026/03/18 12:33:02.022, 108.15 W, 95 %
2026/03/18 12:33:02.122, 108.22 W, 95 %
2026/03/18 12:33:02.223, 108.31 W, 95 %
2026/03/18 12:33:02.323, 108.32 W, 95 %
2026/03/18 12:33:02.423, 108.34 W, 95 %
2026/03/18 12:33:02.523, 108.36 W, 95 %
2026/03/18 12:33:02.623, 108.36 W, 95 %
2026/03/18 12:33:02.723, 108.37 W, 95 %
2026/03/18 12:33:02.823, 108.38 W, 95 %
2026/03/18 12:33:02.924, 108.34 W, 95 %
2026/03/18 12:33:03.024, 108.37 W, 95 %
2026/03/18 12:33:03.124, 108.36 W, 95 %
2026/03/18 12:33:03.224, 108.38 W, 95 %
2026/03/18 12:33:03.324, 108.36 W, 95 %
2026/03/18 12:33:03.424, 108.37 W, 95 %
2026/03/18 12:33:03.524, 108.29 W, 95 %
2026/03/18 12:33:03.625, 108.29 W, 95 %
2026/03/18 12:33:03.725, 108.32 W, 95 %
2026/03/18 12:33:03.825, 108.27 W, 95 %
2026/03/18 12:33:03.925, 108.27 W, 95 %
2026/03/18 12:33:04.025, 108.18 W, 95 %
2026/03/18 12:33:04.125, 108.18 W, 95 %
2026/03/18 12:33:04.225, 108.18 W, 95 %
2026/03/18 12:33:04.326, 108.19 W, 95 %
2026/03/18 12:33:04.426, 108.19 W, 95 %
2026/03/18 12:33:04.526, 108.25 W, 95 %
2026/03/18 12:33:04.626, 108.28 W, 95 %
2026/03/18 12:33:04.726, 108.24 W, 95 %
2026/03/18 12:33:04.826, 108.22 W, 95 %
2026/03/18 12:33:04.926, 108.22 W, 95 %
2026/03/18 12:33:05.027, 108.25 W, 95 %
2026/03/18 12:33:05.127, 108.20 W, 95 %
2026/03/18 12:33:05.227, 108.22 W, 95 %
2026/03/18 12:33:05.327, 108.22 W, 95 %
2026/03/18 12:33:05.427, 108.19 W, 95 %
2026/03/18 12:33:05.527, 108.11 W, 95 %
2026/03/18 12:33:05.627, 108.12 W, 95 %
2026/03/18 12:33:05.728, 108.13 W, 95 %
2026/03/18 12:33:05.828, 108.13 W, 95 %
2026/03/18 12:33:05.928, 108.16 W, 95 %
2026/03/18 12:33:06.028, 108.19 W, 95 %
2026/03/18 12:33:06.128, 108.31 W, 95 %
2026/03/18 12:33:06.228, 108.28 W, 95 %
2026/03/18 12:33:06.328, 108.31 W, 95 %
2026/03/18 12:33:06.429, 108.38 W, 95 %
2026/03/18 12:33:06.529, 108.47 W, 95 %
2026/03/18 12:33:06.629, 108.48 W, 95 %
2026/03/18 12:33:06.729, 108.46 W, 95 %
2026/03/18 12:33:06.829, 108.56 W, 95 %
2026/03/18 12:33:06.929, 108.49 W, 95 %
2026/03/18 12:33:07.029, 108.53 W, 95 %
2026/03/18 12:33:07.130, 108.51 W, 95 %
2026/03/18 12:33:07.230, 108.52 W, 95 %
2026/03/18 12:33:07.330, 108.58 W, 95 %
2026/03/18 12:33:07.430, 108.51 W, 95 %
2026/03/18 12:33:07.530, 108.46 W, 95 %
2026/03/18 12:33:07.630, 108.44 W, 95 %
2026/03/18 12:33:07.730, 108.50 W, 95 %
2026/03/18 12:33:07.831, 108.47 W, 95 %
2026/03/18 12:33:07.931, 108.48 W, 95 %
2026/03/18 12:33:08.031, 108.46 W, 95 %
2026/03/18 12:33:08.131, 108.46 W, 95 %
2026/03/18 12:33:08.231, 108.45 W, 95 %
2026/03/18 12:33:08.331, 108.38 W, 95 %
2026/03/18 12:33:08.431, 108.31 W, 95 %
2026/03/18 12:33:08.532, 108.30 W, 95 %
2026/03/18 12:33:08.632, 108.30 W, 95 %
2026/03/18 12:33:08.732, 108.30 W, 95 %
2026/03/18 12:33:08.832, 108.25 W, 95 %
2026/03/18 12:33:08.932, 108.25 W, 95 %
2026/03/18 12:33:09.032, 108.21 W, 95 %
2026/03/18 12:33:09.132, 108.19 W, 95 %
2026/03/18 12:33:09.233, 108.22 W, 95 %
2026/03/18 12:33:09.333, 108.18 W, 95 %
2026/03/18 12:33:09.433, 108.29 W, 95 %
2026/03/18 12:33:09.533, 108.30 W, 95 %
2026/03/18 12:33:09.633, 108.32 W, 95 %
2026/03/18 12:33:09.733, 108.28 W, 95 %
2026/03/18 12:33:09.833, 108.22 W, 95 %
2026/03/18 12:33:09.934, 108.19 W, 95 %
2026/03/18 12:33:10.034, 108.31 W, 95 %
2026/03/18 12:33:10.134, 108.31 W, 95 %
2026/03/18 12:33:10.234, 108.29 W, 95 %
2026/03/18 12:33:10.334, 108.39 W, 95 %
2026/03/18 12:33:10.434, 108.40 W, 95 %
2026/03/18 12:33:10.534, 108.40 W, 95 %
2026/03/18 12:33:10.635, 108.42 W, 95 %
2026/03/18 12:33:10.735, 108.44 W, 95 %
2026/03/18 12:33:10.835, 108.56 W, 95 %
2026/03/18 12:33:10.935, 108.60 W, 95 %
2026/03/18 12:33:11.035, 108.57 W, 95 %
2026/03/18 12:33:11.135, 108.55 W, 95 %
2026/03/18 12:33:11.235, 108.51 W, 95 %
2026/03/18 12:33:11.336, 108.50 W, 95 %
2026/03/18 12:33:11.436, 108.42 W, 95 %
2026/03/18 12:33:11.536, 108.49 W, 95 %
2026/03/18 12:33:11.636, 108.43 W, 95 %
2026/03/18 12:33:11.736, 108.40 W, 95 %
2026/03/18 12:33:11.836, 108.44 W, 95 %
2026/03/18 12:33:11.936, 108.41 W, 95 %
2026/03/18 12:33:12.037, 108.35 W, 95 %
2026/03/18 12:33:12.137, 108.42 W, 95 %
2026/03/18 12:33:12.237, 108.39 W, 95 %
2026/03/18 12:33:12.337, 108.32 W, 95 %
2026/03/18 12:33:12.437, 108.38 W, 95 %
2026/03/18 12:33:12.537, 108.34 W, 95 %
2026/03/18 12:33:12.637, 108.31 W, 95 %
2026/03/18 12:33:12.738, 108.28 W, 95 %
2026/03/18 12:33:12.838, 108.21 W, 95 %
2026/03/18 12:33:12.938, 108.34 W, 95 %
2026/03/18 12:33:13.038, 108.39 W, 95 %
2026/03/18 12:33:13.138, 108.41 W, 95 %
2026/03/18 12:33:13.238, 108.46 W, 95 %
2026/03/18 12:33:13.338, 108.46 W, 95 %
2026/03/18 12:33:13.439, 108.42 W, 95 %
2026/03/18 12:33:13.539, 108.40 W, 95 %
2026/03/18 12:33:13.639, 108.47 W, 95 %
2026/03/18 12:33:13.739, 108.51 W, 95 %
2026/03/18 12:33:13.839, 108.60 W, 95 %
2026/03/18 12:33:13.939, 108.46 W, 95 %
2026/03/18 12:33:14.039, 108.39 W, 95 %
2026/03/18 12:33:14.140, 108.42 W, 95 %
2026/03/18 12:33:14.240, 108.47 W, 95 %
2026/03/18 12:33:14.340, 108.45 W, 95 %
2026/03/18 12:33:14.440, 108.43 W, 95 %
2026/03/18 12:33:14.540, 108.46 W, 95 %
2026/03/18 12:33:14.640, 108.39 W, 95 %
2026/03/18 12:33:14.740, 108.27 W, 95 %
2026/03/18 12:33:14.841, 108.27 W, 95 %
2026/03/18 12:33:14.941, 108.35 W, 95 %
2026/03/18 12:33:15.041, 108.36 W, 95 %
2026/03/18 12:33:15.141, 108.28 W, 95 %
2026/03/18 12:33:15.241, 108.18 W, 95 %
2026/03/18 12:33:15.341, 108.32 W, 95 %
2026/03/18 12:33:15.441, 108.35 W, 95 %
2026/03/18 12:33:15.542, 108.25 W, 95 %
2026/03/18 12:33:15.642, 108.29 W, 95 %
2026/03/18 12:33:15.742, 108.35 W, 95 %
2026/03/18 12:33:15.842, 108.29 W, 95 %
2026/03/18 12:33:15.942, 108.23 W, 95 %
2026/03/18 12:33:16.042, 108.27 W, 95 %
2026/03/18 12:33:16.142, 108.28 W, 95 %
2026/03/18 12:33:16.243, 108.36 W, 95 %
2026/03/18 12:33:16.343, 108.33 W, 95 %
2026/03/18 12:33:16.443, 108.34 W, 95 %
2026/03/18 12:33:16.543, 108.38 W, 95 %
2026/03/18 12:33:16.643, 108.43 W, 95 %
2026/03/18 12:33:16.743, 108.45 W, 95 %
2026/03/18 12:33:16.843, 108.42 W, 95 %
2026/03/18 12:33:16.944, 108.50 W, 95 %
2026/03/18 12:33:17.044, 108.48 W, 95 %
2026/03/18 12:33:17.144, 108.49 W, 95 %
2026/03/18 12:33:17.244, 108.47 W, 95 %
2026/03/18 12:33:17.344, 108.45 W, 95 %
2026/03/18 12:33:17.444, 108.40 W, 95 %
2026/03/18 12:33:17.544, 108.44 W, 95 %
2026/03/18 12:33:17.644, 108.48 W, 95 %
2026/03/18 12:33:17.745, 108.46 W, 95 %
2026/03/18 12:33:17.845, 108.52 W, 95 %
2026/03/18 12:33:17.945, 108.49 W, 95 %
2026/03/18 12:33:18.045, 108.50 W, 95 %
2026/03/18 12:33:18.145, 108.44 W, 95 %
2026/03/18 12:33:18.245, 108.39 W, 95 %
2026/03/18 12:33:18.345, 108.40 W, 95 %
2026/03/18 12:33:18.446, 108.46 W, 95 %
2026/03/18 12:33:18.546, 108.40 W, 95 %
2026/03/18 12:33:18.646, 108.30 W, 95 %
2026/03/18 12:33:18.746, 108.34 W, 95 %
2026/03/18 12:33:18.846, 108.35 W, 95 %
2026/03/18 12:33:18.946, 108.41 W, 95 %
2026/03/18 12:33:19.046, 108.38 W, 95 %
2026/03/18 12:33:19.147, 108.41 W, 95 %
2026/03/18 12:33:19.247, 108.47 W, 95 %
2026/03/18 12:33:19.347, 108.36 W, 95 %
2026/03/18 12:33:19.447, 108.28 W, 95 %
2026/03/18 12:33:19.547, 108.27 W, 95 %
2026/03/18 12:33:19.647, 108.32 W, 95 %
2026/03/18 12:33:19.747, 108.32 W, 95 %
2026/03/18 12:33:19.848, 108.30 W, 95 %
2026/03/18 12:33:19.948, 108.24 W, 95 %
2026/03/18 12:33:20.048, 108.30 W, 95 %
2026/03/18 12:33:20.148, 108.32 W, 95 %
2026/03/18 12:33:20.248, 108.35 W, 95 %
2026/03/18 12:33:20.348, 108.46 W, 95 %
2026/03/18 12:33:20.449, 108.56 W, 95 %
2026/03/18 12:33:20.549, 108.55 W, 95 %
2026/03/18 12:33:20.649, 108.50 W, 95 %
2026/03/18 12:33:20.749, 108.48 W, 95 %
2026/03/18 12:33:20.849, 108.49 W, 95 %
2026/03/18 12:33:20.949, 108.50 W, 95 %
2026/03/18 12:33:21.049, 108.52 W, 95 %
2026/03/18 12:33:21.150, 108.48 W, 95 %
2026/03/18 12:33:21.250, 108.48 W, 95 %
2026/03/18 12:33:21.350, 108.47 W, 95 %
2026/03/18 12:33:21.450, 108.46 W, 95 %
2026/03/18 12:33:21.550, 108.49 W, 95 %
2026/03/18 12:33:21.650, 108.47 W, 95 %
2026/03/18 12:33:21.750, 108.53 W, 95 %
2026/03/18 12:33:21.851, 108.54 W, 95 %
2026/03/18 12:33:21.951, 108.53 W, 95 %
2026/03/18 12:33:22.051, 108.52 W, 95 %
2026/03/18 12:33:22.151, 108.50 W, 95 %
2026/03/18 12:33:22.251, 108.46 W, 95 %
2026/03/18 12:33:22.351, 108.47 W, 95 %
2026/03/18 12:33:22.451, 108.48 W, 95 %
2026/03/18 12:33:22.552, 108.38 W, 95 %
2026/03/18 12:33:22.652, 108.36 W, 95 %
2026/03/18 12:33:22.752, 108.37 W, 95 %
2026/03/18 12:33:22.852, 108.41 W, 95 %
2026/03/18 12:33:22.952, 108.42 W, 95 %
2026/03/18 12:33:23.052, 108.50 W, 95 %
2026/03/18 12:33:23.152, 108.54 W, 95 %
2026/03/18 12:33:23.253, 108.54 W, 95 %
2026/03/18 12:33:23.353, 108.46 W, 95 %
2026/03/18 12:33:23.453, 108.41 W, 95 %
2026/03/18 12:33:23.553, 108.42 W, 95 %
2026/03/18 12:33:23.653, 108.40 W, 95 %
2026/03/18 12:33:23.753, 108.41 W, 95 %
2026/03/18 12:33:23.853, 108.36 W, 95 %
2026/03/18 12:33:23.954, 108.37 W, 95 %
2026/03/18 12:33:24.054, 108.35 W, 95 %
2026/03/18 12:33:24.154, 108.32 W, 95 %
2026/03/18 12:33:24.254, 108.39 W, 95 %
2026/03/18 12:33:24.354, 108.41 W, 95 %
2026/03/18 12:33:24.454, 108.45 W, 95 %
2026/03/18 12:33:24.554, 108.50 W, 95 %
2026/03/18 12:33:24.655, 108.52 W, 95 %
2026/03/18 12:33:24.755, 108.57 W, 95 %
2026/03/18 12:33:24.855, 108.72 W, 95 %
2026/03/18 12:33:24.955, 108.73 W, 95 %
2026/03/18 12:33:25.055, 108.74 W, 95 %
2026/03/18 12:33:25.155, 108.72 W, 95 %
2026/03/18 12:33:25.255, 108.73 W, 95 %
2026/03/18 12:33:25.356, 108.72 W, 95 %
2026/03/18 12:33:25.456, 108.74 W, 95 %
2026/03/18 12:33:25.556, 108.70 W, 95 %
2026/03/18 12:33:25.656, 108.72 W, 95 %
2026/03/18 12:33:25.756, 108.65 W, 95 %
2026/03/18 12:33:25.856, 108.46 W, 95 %
2026/03/18 12:33:25.956, 108.39 W, 95 %
2026/03/18 12:33:26.057, 108.10 W, 95 %
2026/03/18 12:33:26.157, 108.09 W, 43 %
2026/03/18 12:33:26.257, 108.02 W, 43 %
2026/03/18 12:33:26.357, 108.07 W, 95 %
2026/03/18 12:33:26.457, 108.00 W, 95 %
2026/03/18 12:33:26.557, 107.99 W, 95 %
2026/03/18 12:33:26.657, 107.97 W, 95 %
2026/03/18 12:33:26.758, 107.95 W, 95 %
2026/03/18 12:33:26.858, 108.03 W, 95 %
2026/03/18 12:33:26.958, 108.10 W, 95 %
2026/03/18 12:33:27.058, 108.28 W, 95 %
2026/03/18 12:33:27.158, 108.30 W, 95 %
2026/03/18 12:33:27.258, 108.35 W, 95 %
2026/03/18 12:33:27.358, 108.34 W, 95 %
2026/03/18 12:33:27.459, 108.31 W, 95 %
2026/03/18 12:33:27.559, 108.32 W, 95 %
2026/03/18 12:33:27.659, 108.42 W, 95 %
2026/03/18 12:33:27.759, 108.48 W, 95 %
2026/03/18 12:33:27.859, 108.40 W, 95 %
2026/03/18 12:33:27.959, 108.46 W, 95 %
2026/03/18 12:33:28.059, 108.50 W, 95 %
2026/03/18 12:33:28.159, 108.53 W, 95 %
2026/03/18 12:33:28.260, 108.53 W, 95 %
2026/03/18 12:33:28.360, 108.52 W, 95 %
2026/03/18 12:33:28.460, 108.60 W, 95 %
2026/03/18 12:33:28.560, 108.63 W, 95 %
2026/03/18 12:33:28.660, 108.59 W, 95 %
2026/03/18 12:33:28.760, 108.55 W, 95 %
2026/03/18 12:33:28.860, 108.57 W, 95 %
2026/03/18 12:33:28.961, 108.55 W, 95 %
2026/03/18 12:33:29.061, 108.51 W, 95 %
2026/03/18 12:33:29.161, 108.51 W, 95 %
2026/03/18 12:33:29.261, 108.48 W, 95 %
2026/03/18 12:33:29.361, 108.51 W, 95 %
2026/03/18 12:33:29.461, 108.51 W, 95 %
2026/03/18 12:33:29.561, 108.46 W, 95 %
2026/03/18 12:33:29.662, 108.50 W, 95 %
2026/03/18 12:33:29.762, 108.53 W, 95 %
2026/03/18 12:33:29.862, 108.51 W, 95 %
2026/03/18 12:33:29.962, 108.49 W, 95 %
2026/03/18 12:33:30.062, 108.45 W, 95 %
2026/03/18 12:33:30.162, 108.40 W, 95 %
2026/03/18 12:33:30.262, 108.38 W, 95 %
2026/03/18 12:33:30.363, 108.32 W, 95 %
2026/03/18 12:33:30.463, 108.38 W, 95 %
2026/03/18 12:33:30.563, 108.40 W, 95 %
2026/03/18 12:33:30.663, 108.38 W, 95 %
2026/03/18 12:33:30.763, 108.34 W, 95 %
2026/03/18 12:33:30.863, 108.41 W, 95 %
2026/03/18 12:33:30.963, 108.41 W, 95 %
2026/03/18 12:33:31.064, 108.41 W, 95 %
2026/03/18 12:33:31.164, 108.47 W, 95 %
2026/03/18 12:33:31.264, 108.50 W, 95 %
2026/03/18 12:33:31.364, 108.50 W, 95 %
2026/03/18 12:33:31.464, 108.50 W, 95 %
2026/03/18 12:33:31.564, 108.48 W, 95 %
2026/03/18 12:33:31.664, 108.49 W, 95 %
2026/03/18 12:33:31.764, 108.49 W, 95 %
2026/03/18 12:33:31.865, 108.44 W, 95 %
2026/03/18 12:33:31.965, 108.43 W, 95 %
2026/03/18 12:33:32.065, 108.41 W, 95 %
2026/03/18 12:33:32.165, 108.33 W, 95 %
2026/03/18 12:33:32.265, 108.26 W, 95 %
2026/03/18 12:33:32.365, 108.28 W, 95 %
2026/03/18 12:33:32.466, 108.23 W, 95 %
2026/03/18 12:33:32.566, 108.19 W, 95 %
2026/03/18 12:33:32.666, 108.20 W, 95 %
2026/03/18 12:33:32.766, 108.16 W, 95 %
2026/03/18 12:33:32.866, 108.19 W, 95 %
2026/03/18 12:33:32.966, 108.22 W, 95 %
2026/03/18 12:33:33.066, 108.21 W, 95 %
2026/03/18 12:33:33.166, 108.25 W, 95 %
2026/03/18 12:33:33.267, 108.35 W, 95 %
2026/03/18 12:33:33.367, 108.39 W, 95 %
2026/03/18 12:33:33.467, 108.42 W, 95 %
2026/03/18 12:33:33.567, 108.45 W, 95 %
2026/03/18 12:33:33.667, 108.44 W, 95 %
2026/03/18 12:33:33.767, 108.46 W, 95 %
2026/03/18 12:33:33.867, 108.48 W, 95 %
2026/03/18 12:33:33.968, 108.49 W, 95 %
2026/03/18 12:33:34.068, 108.52 W, 95 %
2026/03/18 12:33:34.168, 108.51 W, 95 %
2026/03/18 12:33:34.268, 108.51 W, 95 %
2026/03/18 12:33:34.368, 108.46 W, 95 %
2026/03/18 12:33:34.468, 108.47 W, 95 %
2026/03/18 12:33:34.568, 108.53 W, 95 %
2026/03/18 12:33:34.669, 108.55 W, 95 %
2026/03/18 12:33:34.769, 108.62 W, 95 %
2026/03/18 12:33:34.869, 108.58 W, 95 %
2026/03/18 12:33:34.969, 108.53 W, 95 %
2026/03/18 12:33:35.069, 108.51 W, 95 %
2026/03/18 12:33:35.169, 108.54 W, 95 %
2026/03/18 12:33:35.269, 108.55 W, 95 %
2026/03/18 12:33:35.370, 108.57 W, 95 %
2026/03/18 12:33:35.470, 108.54 W, 95 %
2026/03/18 12:33:35.570, 108.47 W, 95 %
2026/03/18 12:33:35.670, 108.48 W, 95 %
2026/03/18 12:33:35.770, 108.38 W, 95 %
2026/03/18 12:33:35.870, 108.32 W, 95 %
2026/03/18 12:33:35.970, 108.38 W, 95 %
2026/03/18 12:33:36.071, 108.43 W, 95 %
2026/03/18 12:33:36.171, 108.45 W, 95 %
2026/03/18 12:33:36.271, 108.46 W, 95 %
2026/03/18 12:33:36.371, 108.43 W, 95 %
2026/03/18 12:33:36.471, 108.49 W, 95 %
2026/03/18 12:33:36.571, 108.51 W, 95 %
2026/03/18 12:33:36.671, 108.54 W, 95 %
2026/03/18 12:33:36.772, 108.60 W, 95 %
2026/03/18 12:33:36.872, 108.61 W, 95 %
2026/03/18 12:33:36.972, 108.63 W, 95 %
2026/03/18 12:33:37.072, 108.64 W, 95 %
2026/03/18 12:33:37.172, 108.61 W, 95 %
2026/03/18 12:33:37.272, 108.58 W, 95 %
2026/03/18 12:33:37.372, 108.58 W, 95 %
2026/03/18 12:33:37.473, 108.58 W, 95 %
2026/03/18 12:33:37.573, 108.60 W, 95 %
2026/03/18 12:33:37.673, 108.60 W, 95 %
2026/03/18 12:33:37.773, 108.59 W, 95 %
2026/03/18 12:33:37.873, 108.61 W, 95 %
2026/03/18 12:33:37.973, 108.53 W, 95 %
2026/03/18 12:33:38.073, 108.57 W, 95 %
2026/03/18 12:33:38.173, 108.52 W, 95 %
2026/03/18 12:33:38.274, 108.55 W, 95 %
2026/03/18 12:33:38.374, 108.58 W, 95 %
2026/03/18 12:33:38.474, 108.55 W, 95 %
2026/03/18 12:33:38.574, 108.54 W, 95 %
2026/03/18 12:33:38.674, 108.53 W, 95 %
2026/03/18 12:33:38.774, 108.54 W, 95 %
2026/03/18 12:33:38.874, 108.51 W, 95 %
2026/03/18 12:33:38.975, 108.50 W, 95 %
2026/03/18 12:33:39.075, 108.44 W, 95 %
2026/03/18 12:33:39.175, 108.54 W, 95 %
2026/03/18 12:33:39.275, 108.55 W, 95 %
2026/03/18 12:33:39.375, 108.54 W, 95 %
2026/03/18 12:33:39.475, 108.52 W, 95 %
2026/03/18 12:33:39.575, 108.45 W, 95 %
2026/03/18 12:33:39.676, 108.37 W, 95 %
2026/03/18 12:33:39.776, 108.38 W, 95 %
2026/03/18 12:33:39.876, 108.37 W, 95 %
2026/03/18 12:33:39.976, 108.36 W, 95 %
2026/03/18 12:33:40.076, 108.37 W, 95 %
2026/03/18 12:33:40.176, 108.26 W, 95 %
2026/03/18 12:33:40.276, 108.23 W, 95 %
2026/03/18 12:33:40.377, 108.27 W, 95 %
2026/03/18 12:33:40.477, 108.26 W, 95 %
2026/03/18 12:33:40.577, 108.33 W, 95 %
2026/03/18 12:33:40.677, 108.39 W, 95 %
2026/03/18 12:33:40.777, 108.29 W, 95 %
2026/03/18 12:33:40.877, 108.26 W, 95 %
2026/03/18 12:33:40.977, 108.35 W, 95 %
2026/03/18 12:33:41.078, 108.38 W, 95 %
2026/03/18 12:33:41.178, 108.43 W, 95 %
2026/03/18 12:33:41.278, 108.50 W, 95 %
2026/03/18 12:33:41.378, 108.42 W, 95 %
2026/03/18 12:33:41.478, 108.33 W, 95 %
2026/03/18 12:33:41.578, 108.36 W, 95 %
2026/03/18 12:33:41.678, 108.40 W, 95 %
2026/03/18 12:33:41.779, 108.42 W, 95 %
2026/03/18 12:33:41.879, 108.45 W, 95 %
2026/03/18 12:33:41.979, 108.38 W, 95 %
2026/03/18 12:33:42.079, 108.34 W, 95 %
2026/03/18 12:33:42.179, 108.32 W, 95 %
2026/03/18 12:33:42.279, 108.32 W, 95 %
2026/03/18 12:33:42.379, 108.42 W, 95 %
2026/03/18 12:33:42.480, 108.52 W, 95 %
2026/03/18 12:33:42.580, 108.54 W, 95 %
2026/03/18 12:33:42.680, 108.51 W, 95 %
2026/03/18 12:33:42.780, 108.53 W, 95 %
2026/03/18 12:33:42.880, 108.54 W, 95 %
2026/03/18 12:33:42.980, 108.63 W, 94 %
2026/03/18 12:33:43.080, 108.64 W, 94 %
2026/03/18 12:33:43.181, 108.68 W, 95 %
2026/03/18 12:33:43.281, 108.62 W, 95 %
2026/03/18 12:33:43.381, 108.50 W, 95 %
2026/03/18 12:33:43.481, 108.52 W, 95 %
2026/03/18 12:33:43.581, 108.46 W, 95 %
2026/03/18 12:33:43.681, 108.48 W, 95 %
2026/03/18 12:33:43.781, 108.46 W, 95 %
2026/03/18 12:33:43.882, 108.39 W, 95 %
2026/03/18 12:33:43.982, 108.39 W, 95 %
2026/03/18 12:33:44.082, 108.39 W, 95 %
2026/03/18 12:33:44.182, 108.39 W, 95 %
2026/03/18 12:33:44.282, 108.40 W, 95 %
2026/03/18 12:33:44.382, 108.42 W, 95 %
2026/03/18 12:33:44.482, 108.36 W, 95 %
2026/03/18 12:33:44.582, 108.35 W, 95 %
2026/03/18 12:33:44.683, 108.37 W, 95 %
2026/03/18 12:33:44.783, 108.39 W, 95 %
2026/03/18 12:33:44.883, 108.45 W, 95 %
2026/03/18 12:33:44.983, 108.41 W, 95 %
2026/03/18 12:33:45.083, 108.39 W, 95 %
2026/03/18 12:33:45.183, 108.45 W, 95 %
2026/03/18 12:33:45.283, 108.55 W, 95 %
2026/03/18 12:33:45.384, 108.52 W, 95 %
2026/03/18 12:33:45.484, 108.59 W, 95 %
2026/03/18 12:33:45.584, 108.62 W, 95 %
2026/03/18 12:33:45.684, 108.54 W, 95 %
2026/03/18 12:33:45.784, 108.52 W, 95 %
2026/03/18 12:33:45.884, 108.49 W, 95 %
2026/03/18 12:33:45.984, 108.46 W, 95 %
2026/03/18 12:33:46.085, 108.45 W, 95 %
2026/03/18 12:33:46.185, 108.44 W, 95 %
2026/03/18 12:33:46.285, 108.31 W, 95 %
2026/03/18 12:33:46.385, 108.38 W, 95 %
2026/03/18 12:33:46.485, 108.37 W, 95 %
2026/03/18 12:33:46.585, 108.41 W, 95 %
2026/03/18 12:33:46.685, 108.42 W, 95 %
2026/03/18 12:33:46.786, 108.40 W, 95 %
2026/03/18 12:33:46.886, 108.38 W, 95 %
2026/03/18 12:33:46.986, 108.47 W, 95 %
2026/03/18 12:33:47.086, 108.53 W, 95 %
2026/03/18 12:33:47.186, 108.54 W, 95 %
2026/03/18 12:33:47.286, 108.55 W, 95 %
2026/03/18 12:33:47.386, 108.50 W, 95 %
2026/03/18 12:33:47.487, 108.50 W, 95 %
2026/03/18 12:33:47.587, 108.43 W, 95 %
2026/03/18 12:33:47.687, 108.45 W, 95 %
2026/03/18 12:33:47.787, 108.41 W, 95 %
2026/03/18 12:33:47.887, 108.43 W, 95 %
2026/03/18 12:33:47.987, 108.41 W, 95 %
2026/03/18 12:33:48.087, 108.39 W, 95 %
2026/03/18 12:33:48.188, 108.43 W, 95 %
2026/03/18 12:33:48.288, 108.45 W, 95 %
2026/03/18 12:33:48.388, 108.44 W, 95 %
2026/03/18 12:33:48.488, 108.46 W, 95 %
2026/03/18 12:33:48.588, 108.44 W, 95 %
2026/03/18 12:33:48.688, 108.52 W, 95 %
2026/03/18 12:33:48.788, 108.53 W, 95 %
2026/03/18 12:33:48.889, 108.55 W, 95 %
2026/03/18 12:33:48.989, 108.57 W, 95 %
2026/03/18 12:33:49.089, 108.57 W, 95 %
2026/03/18 12:33:49.189, 108.57 W, 95 %
2026/03/18 12:33:49.289, 108.56 W, 95 %
2026/03/18 12:33:49.389, 108.57 W, 95 %
2026/03/18 12:33:49.489, 108.57 W, 95 %
2026/03/18 12:33:49.590, 108.59 W, 95 %
2026/03/18 12:33:49.690, 108.55 W, 95 %
2026/03/18 12:33:49.790, 108.59 W, 95 %
2026/03/18 12:33:49.890, 108.61 W, 95 %
2026/03/18 12:33:49.990, 108.59 W, 95 %
2026/03/18 12:33:50.090, 108.55 W, 95 %
2026/03/18 12:33:50.190, 108.51 W, 95 %
2026/03/18 12:33:50.291, 108.54 W, 95 %
2026/03/18 12:33:50.391, 108.48 W, 95 %
2026/03/18 12:33:50.491, 108.48 W, 95 %
2026/03/18 12:33:50.591, 108.44 W, 95 %
2026/03/18 12:33:50.691, 108.42 W, 95 %
2026/03/18 12:33:50.791, 108.39 W, 95 %
2026/03/18 12:33:50.891, 108.37 W, 95 %
2026/03/18 12:33:50.991, 108.38 W, 95 %
2026/03/18 12:33:51.092, 108.40 W, 95 %
2026/03/18 12:33:51.192, 108.34 W, 95 %
2026/03/18 12:33:51.292, 108.36 W, 95 %
2026/03/18 12:33:51.392, 108.43 W, 95 %
2026/03/18 12:33:51.492, 108.48 W, 95 %
2026/03/18 12:33:51.592, 108.46 W, 95 %
2026/03/18 12:33:51.692, 108.47 W, 95 %
2026/03/18 12:33:51.793, 108.49 W, 95 %
2026/03/18 12:33:51.893, 108.49 W, 95 %
2026/03/18 12:33:51.993, 108.44 W, 95 %
2026/03/18 12:33:52.093, 108.44 W, 95 %
2026/03/18 12:33:52.193, 108.43 W, 95 %
2026/03/18 12:33:52.293, 108.44 W, 95 %
2026/03/18 12:33:52.393, 108.39 W, 95 %
2026/03/18 12:33:52.494, 108.33 W, 95 %
2026/03/18 12:33:52.594, 108.34 W, 95 %
2026/03/18 12:33:52.694, 108.38 W, 95 %
2026/03/18 12:33:52.794, 108.33 W, 95 %
2026/03/18 12:33:52.894, 108.33 W, 95 %
2026/03/18 12:33:52.994, 108.36 W, 95 %
2026/03/18 12:33:53.094, 108.40 W, 95 %
2026/03/18 12:33:53.195, 108.45 W, 95 %
2026/03/18 12:33:53.295, 108.40 W, 95 %
2026/03/18 12:33:53.395, 108.38 W, 94 %
2026/03/18 12:33:53.495, 108.36 W, 94 %
2026/03/18 12:33:53.595, 108.38 W, 95 %
2026/03/18 12:33:53.695, 108.39 W, 95 %
2026/03/18 12:33:53.795, 108.42 W, 95 %
2026/03/18 12:33:53.896, 108.36 W, 95 %
2026/03/18 12:33:53.996, 108.35 W, 95 %
2026/03/18 12:33:54.096, 108.30 W, 95 %
2026/03/18 12:33:54.196, 108.33 W, 95 %
2026/03/18 12:33:54.296, 108.38 W, 95 %
2026/03/18 12:33:54.396, 108.44 W, 95 %
2026/03/18 12:33:54.496, 108.39 W, 95 %
2026/03/18 12:33:54.597, 108.40 W, 95 %
2026/03/18 12:33:54.697, 108.42 W, 95 %
2026/03/18 12:33:54.797, 108.47 W, 95 %
2026/03/18 12:33:54.897, 108.48 W, 95 %
2026/03/18 12:33:54.997, 108.47 W, 95 %
2026/03/18 12:33:55.097, 108.45 W, 95 %
2026/03/18 12:33:55.197, 108.44 W, 95 %
2026/03/18 12:33:55.298, 108.42 W, 95 %
2026/03/18 12:33:55.398, 108.36 W, 95 %
2026/03/18 12:33:55.498, 108.37 W, 95 %
2026/03/18 12:33:55.598, 108.40 W, 95 %
2026/03/18 12:33:55.698, 108.40 W, 95 %
2026/03/18 12:33:55.798, 108.32 W, 95 %
2026/03/18 12:33:55.898, 108.31 W, 95 %
2026/03/18 12:33:55.999, 108.31 W, 95 %
2026/03/18 12:33:56.099, 108.39 W, 95 %
2026/03/18 12:33:56.199, 108.40 W, 95 %
2026/03/18 12:33:56.299, 108.37 W, 95 %
2026/03/18 12:33:56.399, 108.35 W, 95 %
2026/03/18 12:33:56.499, 108.37 W, 95 %
2026/03/18 12:33:56.599, 108.41 W, 95 %
2026/03/18 12:33:56.700, 108.40 W, 95 %
2026/03/18 12:33:56.800, 108.42 W, 95 %
2026/03/18 12:33:56.900, 108.48 W, 95 %
2026/03/18 12:33:57.000, 108.49 W, 95 %
2026/03/18 12:33:57.100, 108.52 W, 95 %
2026/03/18 12:33:57.200, 108.53 W, 95 %
2026/03/18 12:33:57.300, 108.53 W, 95 %
2026/03/18 12:33:57.400, 108.56 W, 95 %
2026/03/18 12:33:57.501, 108.63 W, 95 %
2026/03/18 12:33:57.601, 108.58 W, 95 %
2026/03/18 12:33:57.701, 108.54 W, 95 %
2026/03/18 12:33:57.801, 108.53 W, 95 %
2026/03/18 12:33:57.901, 108.54 W, 95 %
2026/03/18 12:33:58.001, 108.53 W, 95 %
2026/03/18 12:33:58.101, 108.46 W, 95 %
2026/03/18 12:33:58.202, 108.44 W, 95 %
2026/03/18 12:33:58.302, 108.47 W, 95 %
2026/03/18 12:33:58.402, 108.48 W, 95 %
2026/03/18 12:33:58.502, 108.40 W, 95 %
2026/03/18 12:33:58.602, 108.42 W, 95 %
2026/03/18 12:33:58.702, 108.44 W, 95 %
2026/03/18 12:33:58.802, 108.39 W, 95 %
2026/03/18 12:33:58.903, 108.39 W, 95 %
2026/03/18 12:33:59.003, 108.41 W, 95 %
2026/03/18 12:33:59.103, 108.38 W, 95 %
2026/03/18 12:33:59.203, 108.38 W, 95 %
2026/03/18 12:33:59.303, 108.34 W, 95 %
2026/03/18 12:33:59.403, 108.26 W, 95 %
2026/03/18 12:33:59.503, 108.22 W, 95 %
2026/03/18 12:33:59.604, 108.28 W, 95 %
2026/03/18 12:33:59.704, 108.24 W, 95 %
2026/03/18 12:33:59.804, 108.24 W, 95 %
2026/03/18 12:33:59.904, 108.29 W, 95 %
2026/03/18 12:34:00.004, 108.18 W, 95 %
2026/03/18 12:34:00.104, 108.25 W, 95 %
2026/03/18 12:34:00.204, 108.21 W, 95 %
2026/03/18 12:34:00.304, 108.25 W, 95 %
2026/03/18 12:34:00.405, 108.29 W, 95 %
2026/03/18 12:34:00.505, 108.40 W, 95 %
2026/03/18 12:34:00.605, 108.42 W, 95 %
2026/03/18 12:34:00.705, 108.43 W, 95 %
2026/03/18 12:34:00.805, 108.48 W, 95 %
2026/03/18 12:34:00.905, 108.42 W, 95 %
2026/03/18 12:34:01.005, 108.50 W, 95 %
2026/03/18 12:34:01.106, 108.46 W, 95 %
2026/03/18 12:34:01.206, 108.51 W, 95 %
2026/03/18 12:34:01.306, 108.48 W, 95 %
2026/03/18 12:34:01.406, 108.45 W, 95 %
2026/03/18 12:34:01.506, 108.47 W, 95 %
2026/03/18 12:34:01.606, 108.42 W, 95 %
2026/03/18 12:34:01.706, 108.42 W, 95 %
2026/03/18 12:34:01.807, 108.44 W, 95 %
2026/03/18 12:34:01.907, 108.50 W, 95 %
2026/03/18 12:34:02.007, 108.47 W, 95 %
2026/03/18 12:34:02.107, 108.51 W, 95 %
2026/03/18 12:34:02.207, 108.49 W, 95 %
2026/03/18 12:34:02.307, 108.46 W, 95 %
2026/03/18 12:34:02.407, 108.58 W, 95 %
2026/03/18 12:34:02.508, 108.59 W, 95 %
2026/03/18 12:34:02.608, 108.55 W, 95 %
2026/03/18 12:34:02.708, 108.56 W, 95 %
2026/03/18 12:34:02.808, 108.60 W, 95 %
2026/03/18 12:34:02.908, 108.55 W, 95 %
2026/03/18 12:34:03.008, 108.49 W, 95 %
2026/03/18 12:34:03.108, 108.53 W, 95 %
2026/03/18 12:34:03.209, 108.53 W, 95 %
2026/03/18 12:34:03.309, 108.53 W, 95 %
2026/03/18 12:34:03.409, 108.47 W, 95 %
2026/03/18 12:34:03.509, 108.44 W, 95 %
2026/03/18 12:34:03.609, 108.47 W, 95 %
2026/03/18 12:34:03.709, 108.48 W, 95 %
2026/03/18 12:34:03.809, 108.42 W, 94 %
2026/03/18 12:34:03.910, 108.39 W, 94 %
2026/03/18 12:34:04.010, 108.44 W, 95 %
2026/03/18 12:34:04.110, 108.37 W, 95 %
2026/03/18 12:34:04.210, 108.35 W, 95 %
2026/03/18 12:34:04.310, 108.35 W, 95 %
2026/03/18 12:34:04.410, 108.42 W, 95 %
2026/03/18 12:34:04.510, 108.47 W, 95 %
2026/03/18 12:34:04.611, 108.47 W, 95 %
2026/03/18 12:34:04.711, 108.46 W, 95 %
2026/03/18 12:34:04.811, 108.47 W, 95 %
2026/03/18 12:34:04.911, 108.51 W, 95 %
2026/03/18 12:34:05.011, 108.52 W, 95 %
2026/03/18 12:34:05.111, 108.56 W, 95 %
2026/03/18 12:34:05.211, 108.49 W, 95 %
2026/03/18 12:34:05.312, 108.53 W, 95 %
2026/03/18 12:34:05.412, 108.48 W, 95 %
2026/03/18 12:34:05.512, 108.42 W, 95 %
2026/03/18 12:34:05.612, 108.38 W, 95 %
2026/03/18 12:34:05.712, 108.39 W, 95 %
2026/03/18 12:34:05.812, 108.38 W, 95 %
2026/03/18 12:34:05.912, 108.31 W, 95 %
2026/03/18 12:34:06.012, 108.23 W, 95 %
2026/03/18 12:34:06.113, 108.25 W, 95 %
2026/03/18 12:34:06.213, 108.24 W, 95 %
2026/03/18 12:34:06.313, 108.24 W, 95 %
2026/03/18 12:34:06.413, 108.23 W, 95 %
2026/03/18 12:34:06.513, 108.24 W, 95 %
2026/03/18 12:34:06.613, 108.25 W, 95 %
2026/03/18 12:34:06.713, 108.25 W, 95 %
2026/03/18 12:34:06.814, 108.25 W, 95 %
2026/03/18 12:34:06.914, 108.30 W, 95 %
2026/03/18 12:34:07.014, 108.35 W, 95 %
2026/03/18 12:34:07.114, 108.39 W, 95 %
2026/03/18 12:34:07.214, 108.39 W, 95 %
2026/03/18 12:34:07.314, 108.43 W, 95 %
2026/03/18 12:34:07.414, 108.48 W, 95 %
2026/03/18 12:34:07.515, 108.49 W, 95 %
2026/03/18 12:34:07.615, 108.55 W, 95 %
2026/03/18 12:34:07.715, 108.53 W, 95 %
2026/03/18 12:34:07.815, 108.54 W, 95 %
2026/03/18 12:34:07.915, 108.49 W, 95 %
2026/03/18 12:34:08.015, 108.48 W, 95 %
2026/03/18 12:34:08.115, 108.48 W, 95 %
2026/03/18 12:34:08.216, 108.48 W, 95 %
2026/03/18 12:34:08.316, 108.42 W, 95 %
2026/03/18 12:34:08.416, 108.44 W, 95 %
2026/03/18 12:34:08.516, 108.46 W, 95 %
2026/03/18 12:34:08.616, 108.50 W, 95 %
2026/03/18 12:34:08.716, 108.52 W, 95 %
2026/03/18 12:34:08.816, 108.55 W, 95 %
2026/03/18 12:34:08.917, 108.63 W, 95 %
2026/03/18 12:34:09.017, 108.63 W, 95 %
2026/03/18 12:34:09.117, 108.62 W, 95 %
2026/03/18 12:34:09.217, 108.57 W, 95 %
2026/03/18 12:34:09.317, 108.56 W, 95 %
2026/03/18 12:34:09.417, 108.53 W, 95 %
2026/03/18 12:34:09.517, 108.50 W, 95 %
2026/03/18 12:34:09.618, 108.46 W, 95 %
2026/03/18 12:34:09.718, 108.38 W, 95 %
2026/03/18 12:34:09.818, 108.37 W, 95 %
2026/03/18 12:34:09.918, 108.35 W, 95 %
2026/03/18 12:34:10.018, 108.35 W, 95 %
2026/03/18 12:34:10.118, 108.31 W, 95 %
2026/03/18 12:34:10.218, 108.40 W, 95 %
2026/03/18 12:34:10.319, 108.51 W, 95 %
2026/03/18 12:34:10.419, 108.52 W, 95 %
2026/03/18 12:34:10.519, 108.53 W, 95 %
2026/03/18 12:34:10.619, 108.51 W, 95 %
2026/03/18 12:34:10.719, 108.59 W, 95 %
2026/03/18 12:34:10.819, 108.58 W, 95 %
2026/03/18 12:34:10.919, 108.56 W, 95 %
2026/03/18 12:34:11.020, 108.50 W, 95 %
2026/03/18 12:34:11.120, 108.53 W, 95 %
2026/03/18 12:34:11.220, 108.47 W, 95 %
2026/03/18 12:34:11.320, 108.46 W, 95 %
2026/03/18 12:34:11.420, 108.44 W, 95 %
2026/03/18 12:34:11.520, 108.47 W, 95 %
2026/03/18 12:34:11.620, 108.46 W, 95 %
2026/03/18 12:34:11.721, 108.40 W, 95 %
2026/03/18 12:34:11.821, 108.38 W, 95 %
2026/03/18 12:34:11.921, 108.37 W, 95 %
2026/03/18 12:34:12.021, 108.35 W, 95 %
2026/03/18 12:34:12.121, 108.31 W, 95 %
2026/03/18 12:34:12.221, 108.34 W, 95 %
2026/03/18 12:34:12.321, 108.38 W, 95 %
2026/03/18 12:34:12.422, 108.39 W, 95 %
2026/03/18 12:34:12.522, 108.40 W, 95 %
2026/03/18 12:34:12.622, 108.44 W, 95 %
2026/03/18 12:34:12.722, 108.47 W, 95 %
2026/03/18 12:34:12.822, 108.45 W, 95 %
2026/03/18 12:34:12.922, 108.47 W, 95 %
2026/03/18 12:34:13.022, 108.51 W, 95 %
2026/03/18 12:34:13.123, 108.55 W, 95 %
2026/03/18 12:34:13.223, 108.58 W, 95 %
2026/03/18 12:34:13.323, 108.54 W, 95 %
2026/03/18 12:34:13.423, 108.50 W, 95 %
2026/03/18 12:34:13.523, 108.50 W, 95 %
2026/03/18 12:34:13.623, 108.45 W, 95 %
2026/03/18 12:34:13.723, 108.45 W, 95 %
2026/03/18 12:34:13.824, 108.49 W, 95 %
2026/03/18 12:34:13.924, 108.53 W, 95 %
2026/03/18 12:34:14.024, 108.54 W, 95 %
2026/03/18 12:34:14.124, 108.53 W, 95 %
2026/03/18 12:34:14.224, 108.52 W, 95 %
2026/03/18 12:34:14.324, 108.54 W, 95 %
2026/03/18 12:34:14.424, 108.53 W, 95 %
2026/03/18 12:34:14.525, 108.44 W, 95 %
2026/03/18 12:34:14.625, 108.48 W, 95 %
2026/03/18 12:34:14.725, 108.46 W, 95 %
2026/03/18 12:34:14.825, 108.43 W, 95 %
2026/03/18 12:34:14.925, 108.45 W, 95 %
2026/03/18 12:34:15.025, 108.36 W, 95 %
2026/03/18 12:34:15.125, 108.35 W, 95 %
2026/03/18 12:34:15.226, 108.36 W, 95 %
2026/03/18 12:34:15.326, 108.36 W, 95 %
2026/03/18 12:34:15.426, 108.34 W, 95 %
2026/03/18 12:34:15.526, 108.39 W, 95 %
2026/03/18 12:34:15.626, 108.41 W, 95 %
2026/03/18 12:34:15.726, 108.43 W, 95 %
2026/03/18 12:34:15.826, 108.45 W, 95 %
2026/03/18 12:34:15.927, 108.44 W, 95 %
2026/03/18 12:34:16.027, 108.48 W, 95 %
2026/03/18 12:34:16.127, 108.49 W, 95 %
2026/03/18 12:34:16.227, 108.42 W, 95 %
2026/03/18 12:34:16.327, 108.47 W, 95 %
2026/03/18 12:34:16.427, 108.53 W, 95 %
2026/03/18 12:34:16.527, 108.50 W, 95 %
2026/03/18 12:34:16.628, 108.50 W, 95 %
2026/03/18 12:34:16.728, 108.48 W, 95 %
2026/03/18 12:34:16.828, 108.41 W, 95 %
2026/03/18 12:34:16.928, 108.42 W, 95 %
2026/03/18 12:34:17.028, 108.48 W, 95 %
2026/03/18 12:34:17.128, 108.49 W, 95 %
2026/03/18 12:34:17.228, 108.53 W, 95 %
2026/03/18 12:34:17.329, 108.53 W, 95 %
2026/03/18 12:34:17.429, 108.45 W, 95 %
2026/03/18 12:34:17.529, 108.47 W, 95 %
2026/03/18 12:34:17.629, 108.43 W, 95 %
2026/03/18 12:34:17.729, 108.45 W, 95 %
2026/03/18 12:34:17.829, 108.47 W, 95 %
2026/03/18 12:34:17.929, 108.44 W, 95 %
2026/03/18 12:34:18.030, 108.44 W, 95 %
2026/03/18 12:34:18.130, 108.45 W, 95 %
2026/03/18 12:34:18.230, 108.46 W, 95 %
2026/03/18 12:34:18.330, 108.46 W, 95 %
2026/03/18 12:34:18.430, 108.46 W, 95 %
2026/03/18 12:34:18.530, 108.52 W, 95 %
2026/03/18 12:34:18.630, 108.50 W, 95 %
2026/03/18 12:34:18.731, 108.48 W, 95 %
2026/03/18 12:34:18.831, 108.54 W, 95 %
2026/03/18 12:34:18.931, 108.53 W, 95 %
2026/03/18 12:34:19.031, 108.49 W, 95 %
2026/03/18 12:34:19.131, 108.47 W, 95 %
2026/03/18 12:34:19.231, 108.46 W, 95 %
2026/03/18 12:34:19.331, 108.44 W, 95 %
2026/03/18 12:34:19.432, 108.40 W, 95 %
2026/03/18 12:34:19.532, 108.40 W, 95 %
2026/03/18 12:34:19.632, 108.41 W, 95 %
2026/03/18 12:34:19.732, 108.37 W, 95 %
2026/03/18 12:34:19.832, 108.32 W, 95 %
2026/03/18 12:34:19.932, 108.28 W, 95 %
2026/03/18 12:34:20.032, 108.30 W, 95 %
2026/03/18 12:34:20.133, 108.34 W, 95 %
2026/03/18 12:34:20.233, 108.36 W, 95 %
2026/03/18 12:34:20.333, 108.43 W, 95 %
2026/03/18 12:34:20.433, 108.49 W, 95 %
2026/03/18 12:34:20.533, 108.47 W, 95 %
2026/03/18 12:34:20.633, 108.47 W, 95 %
2026/03/18 12:34:20.733, 108.49 W, 95 %
2026/03/18 12:34:20.834, 108.49 W, 95 %
2026/03/18 12:34:20.934, 108.53 W, 95 %
2026/03/18 12:34:21.034, 108.56 W, 95 %
2026/03/18 12:34:21.134, 108.58 W, 95 %
2026/03/18 12:34:21.234, 108.56 W, 95 %
2026/03/18 12:34:21.334, 108.56 W, 95 %
2026/03/18 12:34:21.434, 108.53 W, 95 %
2026/03/18 12:34:21.535, 108.50 W, 95 %
2026/03/18 12:34:21.635, 108.47 W, 95 %
2026/03/18 12:34:21.735, 108.53 W, 95 %
2026/03/18 12:34:21.835, 108.58 W, 95 %
2026/03/18 12:34:21.935, 108.57 W, 95 %
2026/03/18 12:34:22.035, 108.58 W, 95 %
2026/03/18 12:34:22.135, 108.57 W, 95 %
2026/03/18 12:34:22.236, 108.53 W, 95 %
2026/03/18 12:34:22.336, 108.48 W, 95 %
2026/03/18 12:34:22.436, 108.45 W, 95 %
2026/03/18 12:34:22.536, 108.46 W, 95 %
2026/03/18 12:34:22.636, 108.43 W, 95 %
2026/03/18 12:34:22.736, 108.43 W, 95 %
2026/03/18 12:34:22.836, 108.38 W, 95 %
2026/03/18 12:34:22.937, 108.37 W, 95 %
2026/03/18 12:34:23.037, 108.35 W, 95 %
2026/03/18 12:34:23.137, 108.35 W, 95 %
2026/03/18 12:34:23.237, 108.34 W, 95 %
2026/03/18 12:34:23.337, 108.42 W, 95 %
2026/03/18 12:34:23.437, 108.53 W, 95 %
2026/03/18 12:34:23.537, 108.57 W, 95 %
2026/03/18 12:34:23.638, 108.57 W, 95 %
2026/03/18 12:34:23.738, 108.56 W, 95 %
2026/03/18 12:34:23.838, 108.59 W, 95 %
2026/03/18 12:34:23.938, 108.64 W, 95 %
2026/03/18 12:34:24.038, 108.60 W, 95 %
2026/03/18 12:34:24.138, 108.64 W, 95 %
2026/03/18 12:34:24.238, 108.65 W, 95 %
2026/03/18 12:34:24.339, 108.64 W, 95 %
2026/03/18 12:34:24.439, 108.59 W, 95 %
2026/03/18 12:34:24.539, 108.60 W, 95 %
2026/03/18 12:34:24.639, 108.62 W, 95 %
2026/03/18 12:34:24.739, 108.65 W, 95 %
2026/03/18 12:34:24.839, 108.66 W, 95 %
2026/03/18 12:34:24.939, 108.65 W, 95 %
2026/03/18 12:34:25.040, 108.68 W, 95 %
2026/03/18 12:34:25.140, 108.63 W, 95 %
2026/03/18 12:34:25.240, 108.64 W, 95 %
2026/03/18 12:34:25.340, 108.62 W, 95 %
2026/03/18 12:34:25.440, 108.57 W, 95 %
2026/03/18 12:34:25.540, 108.54 W, 95 %
2026/03/18 12:34:25.640, 108.57 W, 95 %
2026/03/18 12:34:25.741, 108.55 W, 95 %
2026/03/18 12:34:25.841, 108.51 W, 95 %
2026/03/18 12:34:25.941, 108.53 W, 95 %
2026/03/18 12:34:26.041, 108.55 W, 95 %
2026/03/18 12:34:26.141, 108.50 W, 95 %
2026/03/18 12:34:26.241, 108.48 W, 95 %
2026/03/18 12:34:26.341, 108.55 W, 95 %
2026/03/18 12:34:26.442, 108.53 W, 95 %
2026/03/18 12:34:26.542, 108.53 W, 95 %
2026/03/18 12:34:26.642, 108.52 W, 95 %
2026/03/18 12:34:26.742, 108.51 W, 95 %
2026/03/18 12:34:26.842, 108.50 W, 95 %
2026/03/18 12:34:26.942, 108.46 W, 95 %
2026/03/18 12:34:27.042, 108.43 W, 95 %
2026/03/18 12:34:27.143, 108.48 W, 95 %
2026/03/18 12:34:27.243, 108.54 W, 95 %
2026/03/18 12:34:27.343, 108.42 W, 95 %
2026/03/18 12:34:27.443, 108.47 W, 95 %
2026/03/18 12:34:27.543, 108.51 W, 95 %
2026/03/18 12:34:27.643, 108.53 W, 95 %
2026/03/18 12:34:27.743, 108.58 W, 95 %
2026/03/18 12:34:27.844, 108.60 W, 95 %
2026/03/18 12:34:27.944, 108.65 W, 95 %
2026/03/18 12:34:28.044, 108.65 W, 95 %
2026/03/18 12:34:28.144, 108.66 W, 95 %
2026/03/18 12:34:28.244, 108.58 W, 95 %
2026/03/18 12:34:28.344, 108.65 W, 95 %
2026/03/18 12:34:28.444, 108.56 W, 95 %
2026/03/18 12:34:28.545, 108.55 W, 95 %
2026/03/18 12:34:28.645, 108.53 W, 95 %
2026/03/18 12:34:28.745, 108.49 W, 95 %
2026/03/18 12:34:28.845, 108.50 W, 95 %
2026/03/18 12:34:28.945, 108.50 W, 95 %
2026/03/18 12:34:29.045, 108.46 W, 95 %
2026/03/18 12:34:29.145, 108.47 W, 95 %
2026/03/18 12:34:29.246, 108.49 W, 95 %
2026/03/18 12:34:29.346, 108.42 W, 95 %
2026/03/18 12:34:29.446, 108.45 W, 95 %
2026/03/18 12:34:29.546, 108.46 W, 95 %
2026/03/18 12:34:29.646, 108.49 W, 95 %
2026/03/18 12:34:29.746, 108.52 W, 95 %
2026/03/18 12:34:29.846, 108.48 W, 95 %
2026/03/18 12:34:29.947, 108.42 W, 95 %
2026/03/18 12:34:30.047, 108.47 W, 95 %
2026/03/18 12:34:30.147, 108.45 W, 95 %
2026/03/18 12:34:30.247, 108.43 W, 95 %
2026/03/18 12:34:30.347, 108.44 W, 95 %
2026/03/18 12:34:30.447, 108.44 W, 95 %
2026/03/18 12:34:30.547, 108.37 W, 95 %
2026/03/18 12:34:30.648, 108.39 W, 95 %
2026/03/18 12:34:30.748, 108.40 W, 95 %
2026/03/18 12:34:30.848, 108.39 W, 95 %
2026/03/18 12:34:30.948, 108.45 W, 95 %
2026/03/18 12:34:31.048, 108.46 W, 95 %
2026/03/18 12:34:31.148, 108.47 W, 95 %
2026/03/18 12:34:31.248, 108.51 W, 95 %
2026/03/18 12:34:31.349, 108.52 W, 95 %
2026/03/18 12:34:31.449, 108.52 W, 95 %
2026/03/18 12:34:31.549, 108.53 W, 95 %
2026/03/18 12:34:31.649, 108.58 W, 95 %
2026/03/18 12:34:31.749, 108.54 W, 95 %
2026/03/18 12:34:31.849, 108.53 W, 95 %
2026/03/18 12:34:31.949, 108.53 W, 95 %
2026/03/18 12:34:32.050, 108.49 W, 95 %
2026/03/18 12:34:32.150, 108.46 W, 95 %
2026/03/18 12:34:32.250, 108.44 W, 95 %
2026/03/18 12:34:32.350, 108.48 W, 95 %
2026/03/18 12:34:32.450, 108.50 W, 95 %
2026/03/18 12:34:32.550, 108.52 W, 95 %
2026/03/18 12:34:32.650, 108.50 W, 95 %
2026/03/18 12:34:32.751, 108.50 W, 95 %
2026/03/18 12:34:32.851, 108.53 W, 95 %
2026/03/18 12:34:32.951, 108.52 W, 95 %
2026/03/18 12:34:33.051, 108.49 W, 95 %
2026/03/18 12:34:33.151, 108.50 W, 95 %
2026/03/18 12:34:33.251, 108.52 W, 95 %
2026/03/18 12:34:33.351, 108.47 W, 95 %
2026/03/18 12:34:33.452, 108.45 W, 95 %
2026/03/18 12:34:33.552, 108.45 W, 95 %
2026/03/18 12:34:33.652, 108.38 W, 95 %
2026/03/18 12:34:33.752, 108.36 W, 95 %
2026/03/18 12:34:33.852, 108.35 W, 95 %
2026/03/18 12:34:33.952, 108.39 W, 95 %
2026/03/18 12:34:34.052, 108.40 W, 95 %
2026/03/18 12:34:34.153, 108.39 W, 95 %
2026/03/18 12:34:34.253, 108.36 W, 95 %
2026/03/18 12:34:34.353, 108.35 W, 95 %
2026/03/18 12:34:34.453, 108.35 W, 95 %
2026/03/18 12:34:34.553, 108.43 W, 95 %
2026/03/18 12:34:34.653, 108.46 W, 95 %
2026/03/18 12:34:34.753, 108.49 W, 95 %
2026/03/18 12:34:34.854, 108.53 W, 95 %
2026/03/18 12:34:34.954, 108.45 W, 95 %
2026/03/18 12:34:35.054, 108.47 W, 95 %
2026/03/18 12:34:35.154, 108.49 W, 95 %
2026/03/18 12:34:35.254, 108.45 W, 95 %
2026/03/18 12:34:35.354, 108.49 W, 95 %
2026/03/18 12:34:35.454, 108.47 W, 95 %
2026/03/18 12:34:35.555, 108.41 W, 95 %
2026/03/18 12:34:35.655, 108.44 W, 95 %
2026/03/18 12:34:35.755, 108.48 W, 95 %
2026/03/18 12:34:35.855, 108.46 W, 95 %
2026/03/18 12:34:35.955, 108.45 W, 95 %
2026/03/18 12:34:36.055, 108.45 W, 92 %
2026/03/18 12:34:36.155, 108.38 W, 92 %
2026/03/18 12:34:36.256, 108.43 W, 95 %
2026/03/18 12:34:36.356, 108.43 W, 95 %
2026/03/18 12:34:36.456, 108.45 W, 95 %
2026/03/18 12:34:36.556, 108.46 W, 95 %
2026/03/18 12:34:36.656, 108.40 W, 95 %
2026/03/18 12:34:36.756, 108.35 W, 95 %
2026/03/18 12:34:36.856, 108.32 W, 95 %
2026/03/18 12:34:36.957, 108.35 W, 95 %
2026/03/18 12:34:37.057, 108.34 W, 95 %
2026/03/18 12:34:37.157, 108.40 W, 95 %
2026/03/18 12:34:37.257, 108.43 W, 95 %
2026/03/18 12:34:37.357, 108.40 W, 95 %
2026/03/18 12:34:37.457, 108.41 W, 95 %
2026/03/18 12:34:37.557, 108.40 W, 95 %
2026/03/18 12:34:37.657, 108.39 W, 95 %
2026/03/18 12:34:37.758, 108.46 W, 95 %
2026/03/18 12:34:37.858, 108.44 W, 95 %
2026/03/18 12:34:37.958, 108.46 W, 95 %
2026/03/18 12:34:38.058, 108.45 W, 95 %
2026/03/18 12:34:38.158, 108.47 W, 95 %
2026/03/18 12:34:38.258, 108.38 W, 95 %
2026/03/18 12:34:38.359, 108.35 W, 95 %
2026/03/18 12:34:38.459, 108.34 W, 95 %
2026/03/18 12:34:38.559, 108.30 W, 95 %
2026/03/18 12:34:38.659, 108.32 W, 95 %
2026/03/18 12:34:38.759, 108.30 W, 95 %
2026/03/18 12:34:38.859, 108.33 W, 95 %
2026/03/18 12:34:38.959, 108.39 W, 95 %
2026/03/18 12:34:39.060, 108.38 W, 95 %
2026/03/18 12:34:39.160, 108.35 W, 95 %
2026/03/18 12:34:39.260, 108.38 W, 95 %
2026/03/18 12:34:39.360, 108.41 W, 95 %
2026/03/18 12:34:39.460, 108.47 W, 95 %
2026/03/18 12:34:39.560, 108.58 W, 95 %
2026/03/18 12:34:39.660, 108.55 W, 95 %
2026/03/18 12:34:39.761, 108.51 W, 95 %
2026/03/18 12:34:39.861, 108.49 W, 95 %
2026/03/18 12:34:39.961, 108.45 W, 95 %
2026/03/18 12:34:40.061, 108.51 W, 95 %
2026/03/18 12:34:40.161, 108.55 W, 95 %
2026/03/18 12:34:40.261, 108.54 W, 95 %
2026/03/18 12:34:40.361, 108.53 W, 95 %
2026/03/18 12:34:40.462, 108.52 W, 95 %
2026/03/18 12:34:40.562, 108.47 W, 95 %
2026/03/18 12:34:40.662, 108.48 W, 95 %
2026/03/18 12:34:40.762, 108.50 W, 95 %
2026/03/18 12:34:40.862, 108.47 W, 95 %
2026/03/18 12:34:40.962, 108.46 W, 95 %
2026/03/18 12:34:41.062, 108.39 W, 95 %
2026/03/18 12:34:41.163, 108.33 W, 95 %
2026/03/18 12:34:41.263, 108.34 W, 95 %
2026/03/18 12:34:41.363, 108.35 W, 95 %
2026/03/18 12:34:41.463, 108.37 W, 95 %
2026/03/18 12:34:41.563, 108.40 W, 95 %
2026/03/18 12:34:41.663, 108.38 W, 95 %
2026/03/18 12:34:41.763, 108.40 W, 95 %
2026/03/18 12:34:41.864, 108.44 W, 95 %
2026/03/18 12:34:41.964, 108.43 W, 95 %
2026/03/18 12:34:42.064, 108.47 W, 95 %
2026/03/18 12:34:42.164, 108.46 W, 95 %
2026/03/18 12:34:42.264, 108.47 W, 95 %
2026/03/18 12:34:42.364, 108.50 W, 95 %
2026/03/18 12:34:42.464, 108.44 W, 95 %
2026/03/18 12:34:42.565, 108.43 W, 95 %
2026/03/18 12:34:42.665, 108.45 W, 95 %
2026/03/18 12:34:42.765, 108.48 W, 95 %
2026/03/18 12:34:42.865, 108.51 W, 95 %
2026/03/18 12:34:42.965, 108.52 W, 95 %
2026/03/18 12:34:43.065, 108.51 W, 95 %
2026/03/18 12:34:43.165, 108.48 W, 95 %
2026/03/18 12:34:43.266, 108.46 W, 95 %
2026/03/18 12:34:43.366, 108.44 W, 95 %
2026/03/18 12:34:43.466, 108.44 W, 95 %
2026/03/18 12:34:43.566, 108.38 W, 95 %
2026/03/18 12:34:43.666, 108.35 W, 95 %
2026/03/18 12:34:43.766, 108.32 W, 95 %
2026/03/18 12:34:43.866, 108.28 W, 95 %
2026/03/18 12:34:43.967, 108.28 W, 95 %
2026/03/18 12:34:44.067, 108.25 W, 95 %
2026/03/18 12:34:44.167, 108.29 W, 95 %
2026/03/18 12:34:44.267, 108.32 W, 95 %
2026/03/18 12:34:44.367, 108.34 W, 95 %
2026/03/18 12:34:44.467, 108.42 W, 95 %
2026/03/18 12:34:44.567, 108.46 W, 95 %
2026/03/18 12:34:44.668, 108.52 W, 95 %
2026/03/18 12:34:44.768, 108.58 W, 95 %
2026/03/18 12:34:44.868, 108.62 W, 95 %
2026/03/18 12:34:44.968, 108.59 W, 95 %
2026/03/18 12:34:45.068, 108.66 W, 95 %
2026/03/18 12:34:45.168, 108.67 W, 95 %
2026/03/18 12:34:45.268, 108.67 W, 95 %
2026/03/18 12:34:45.369, 108.59 W, 95 %
2026/03/18 12:34:45.469, 108.58 W, 95 %
2026/03/18 12:34:45.569, 108.56 W, 95 %
2026/03/18 12:34:45.669, 108.57 W, 95 %
2026/03/18 12:34:45.769, 108.54 W, 95 %
2026/03/18 12:34:45.869, 108.49 W, 95 %
2026/03/18 12:34:45.969, 108.49 W, 95 %
2026/03/18 12:34:46.070, 108.50 W, 95 %
2026/03/18 12:34:46.170, 108.57 W, 95 %
2026/03/18 12:34:46.270, 108.59 W, 95 %
2026/03/18 12:34:46.370, 108.59 W, 95 %
2026/03/18 12:34:46.470, 108.53 W, 95 %
2026/03/18 12:34:46.570, 108.57 W, 95 %
2026/03/18 12:34:46.670, 108.56 W, 95 %
2026/03/18 12:34:46.771, 108.54 W, 95 %
2026/03/18 12:34:46.871, 108.48 W, 95 %
2026/03/18 12:34:46.971, 108.50 W, 95 %
2026/03/18 12:34:47.071, 108.46 W, 95 %
2026/03/18 12:34:47.171, 108.36 W, 95 %
2026/03/18 12:34:47.271, 108.32 W, 95 %
2026/03/18 12:34:47.371, 108.34 W, 95 %
2026/03/18 12:34:47.472, 108.38 W, 95 %
2026/03/18 12:34:47.572, 108.34 W, 95 %
2026/03/18 12:34:47.672, 108.31 W, 95 %
2026/03/18 12:34:47.772, 108.32 W, 95 %
2026/03/18 12:34:47.872, 108.36 W, 95 %
2026/03/18 12:34:47.972, 108.36 W, 95 %
2026/03/18 12:34:48.072, 108.37 W, 95 %
2026/03/18 12:34:48.173, 108.36 W, 95 %
2026/03/18 12:34:48.273, 108.41 W, 95 %
2026/03/18 12:34:48.373, 108.41 W, 95 %
2026/03/18 12:34:48.473, 108.43 W, 95 %
2026/03/18 12:34:48.573, 108.38 W, 95 %
2026/03/18 12:34:48.673, 108.43 W, 95 %
2026/03/18 12:34:48.773, 108.38 W, 95 %
2026/03/18 12:34:48.874, 108.35 W, 95 %
2026/03/18 12:34:48.974, 108.37 W, 95 %
2026/03/18 12:34:49.074, 108.41 W, 95 %
2026/03/18 12:34:49.174, 108.44 W, 95 %
2026/03/18 12:34:49.274, 108.40 W, 95 %
2026/03/18 12:34:49.374, 108.47 W, 95 %
2026/03/18 12:34:49.474, 108.49 W, 95 %
2026/03/18 12:34:49.575, 108.52 W, 95 %
2026/03/18 12:34:49.675, 108.49 W, 95 %
2026/03/18 12:34:49.775, 108.53 W, 95 %
2026/03/18 12:34:49.875, 108.58 W, 95 %
2026/03/18 12:34:49.975, 108.57 W, 95 %
2026/03/18 12:34:50.075, 108.57 W, 95 %
2026/03/18 12:34:50.175, 108.59 W, 95 %
2026/03/18 12:34:50.276, 108.55 W, 95 %
2026/03/18 12:34:50.376, 108.50 W, 95 %
2026/03/18 12:34:50.476, 108.41 W, 95 %
2026/03/18 12:34:50.576, 108.42 W, 95 %
2026/03/18 12:34:50.676, 108.42 W, 95 %
2026/03/18 12:34:50.776, 108.44 W, 95 %
2026/03/18 12:34:50.876, 108.37 W, 95 %
2026/03/18 12:34:50.977, 108.38 W, 95 %
2026/03/18 12:34:51.077, 108.35 W, 95 %
2026/03/18 12:34:51.177, 108.31 W, 95 %
2026/03/18 12:34:51.277, 108.32 W, 95 %
2026/03/18 12:34:51.377, 108.31 W, 95 %
2026/03/18 12:34:51.477, 108.35 W, 95 %
2026/03/18 12:34:51.577, 108.40 W, 95 %
2026/03/18 12:34:51.678, 108.40 W, 95 %
2026/03/18 12:34:51.778, 108.35 W, 95 %
2026/03/18 12:34:51.878, 108.35 W, 95 %
2026/03/18 12:34:51.978, 108.35 W, 95 %
2026/03/18 12:34:52.078, 108.41 W, 95 %
2026/03/18 12:34:52.178, 108.47 W, 95 %
2026/03/18 12:34:52.278, 108.55 W, 95 %
2026/03/18 12:34:52.379, 108.59 W, 95 %
2026/03/18 12:34:52.479, 108.62 W, 95 %
2026/03/18 12:34:52.579, 108.57 W, 95 %
2026/03/18 12:34:52.679, 108.58 W, 95 %
2026/03/18 12:34:52.779, 108.58 W, 95 %
2026/03/18 12:34:52.879, 108.60 W, 95 %
2026/03/18 12:34:52.979, 108.63 W, 95 %
2026/03/18 12:34:53.080, 108.58 W, 95 %
2026/03/18 12:34:53.180, 108.54 W, 95 %
2026/03/18 12:34:53.280, 108.51 W, 95 %
2026/03/18 12:34:53.380, 108.53 W, 95 %
2026/03/18 12:34:53.480, 108.48 W, 95 %
2026/03/18 12:34:53.580, 108.46 W, 95 %
2026/03/18 12:34:53.680, 108.43 W, 95 %
2026/03/18 12:34:53.781, 108.48 W, 95 %
2026/03/18 12:34:53.881, 108.45 W, 95 %
2026/03/18 12:34:53.981, 108.48 W, 95 %
2026/03/18 12:34:54.081, 108.47 W, 95 %
2026/03/18 12:34:54.181, 108.51 W, 95 %
2026/03/18 12:34:54.281, 108.48 W, 95 %
2026/03/18 12:34:54.381, 108.44 W, 95 %
2026/03/18 12:34:54.482, 108.49 W, 95 %
2026/03/18 12:34:54.582, 108.56 W, 95 %
2026/03/18 12:34:54.682, 108.56 W, 95 %
2026/03/18 12:34:54.782, 108.56 W, 95 %
2026/03/18 12:34:54.882, 108.59 W, 95 %
2026/03/18 12:34:54.982, 108.62 W, 95 %
2026/03/18 12:34:55.082, 108.62 W, 95 %
2026/03/18 12:34:55.183, 108.60 W, 95 %
2026/03/18 12:34:55.283, 108.63 W, 95 %
2026/03/18 12:34:55.383, 108.66 W, 95 %
2026/03/18 12:34:55.483, 108.64 W, 95 %
2026/03/18 12:34:55.583, 108.60 W, 95 %
2026/03/18 12:34:55.683, 108.61 W, 95 %
2026/03/18 12:34:55.783, 108.61 W, 95 %
2026/03/18 12:34:55.884, 108.60 W, 95 %
2026/03/18 12:34:55.984, 108.53 W, 95 %
2026/03/18 12:34:56.084, 108.58 W, 95 %
2026/03/18 12:34:56.184, 108.60 W, 95 %
2026/03/18 12:34:56.284, 108.57 W, 95 %
2026/03/18 12:34:56.384, 108.53 W, 95 %
2026/03/18 12:34:56.484, 108.54 W, 95 %
2026/03/18 12:34:56.585, 108.56 W, 95 %
2026/03/18 12:34:56.685, 108.55 W, 95 %
2026/03/18 12:34:56.785, 108.57 W, 95 %
2026/03/18 12:34:56.885, 108.55 W, 95 %
2026/03/18 12:34:56.985, 108.57 W, 95 %
2026/03/18 12:34:57.085, 108.52 W, 95 %
2026/03/18 12:34:57.185, 108.49 W, 95 %
2026/03/18 12:34:57.285, 108.49 W, 95 %
2026/03/18 12:34:57.386, 108.47 W, 95 %
2026/03/18 12:34:57.486, 108.46 W, 95 %
2026/03/18 12:34:57.586, 108.42 W, 95 %
2026/03/18 12:34:57.686, 108.43 W, 95 %
2026/03/18 12:34:57.786, 108.41 W, 95 %
2026/03/18 12:34:57.886, 108.41 W, 95 %
2026/03/18 12:34:57.986, 108.45 W, 95 %
2026/03/18 12:34:58.087, 108.47 W, 95 %
2026/03/18 12:34:58.187, 108.50 W, 95 %
2026/03/18 12:34:58.287, 108.57 W, 95 %
2026/03/18 12:34:58.387, 108.57 W, 95 %
2026/03/18 12:34:58.487, 108.57 W, 95 %
2026/03/18 12:34:58.587, 108.57 W, 95 %
2026/03/18 12:34:58.687, 108.52 W, 95 %
2026/03/18 12:34:58.788, 108.51 W, 95 %
2026/03/18 12:34:58.888, 108.52 W, 95 %
2026/03/18 12:34:58.988, 108.54 W, 95 %
2026/03/18 12:34:59.088, 108.55 W, 95 %
2026/03/18 12:34:59.188, 108.56 W, 95 %
2026/03/18 12:34:59.288, 108.53 W, 95 %
2026/03/18 12:34:59.389, 108.50 W, 95 %
2026/03/18 12:34:59.489, 108.51 W, 95 %
2026/03/18 12:34:59.589, 108.51 W, 95 %
2026/03/18 12:34:59.689, 108.52 W, 95 %
2026/03/18 12:34:59.789, 108.55 W, 95 %
2026/03/18 12:34:59.889, 108.55 W, 95 %
2026/03/18 12:34:59.989, 108.50 W, 95 %
2026/03/18 12:35:00.090, 108.46 W, 95 %
2026/03/18 12:35:00.190, 108.41 W, 95 %
2026/03/18 12:35:00.290, 108.39 W, 95 %
2026/03/18 12:35:00.390, 108.46 W, 95 %
2026/03/18 12:35:00.490, 108.43 W, 95 %
2026/03/18 12:35:00.590, 108.39 W, 95 %
2026/03/18 12:35:00.690, 108.39 W, 95 %
2026/03/18 12:35:00.791, 108.42 W, 95 %
2026/03/18 12:35:00.891, 108.41 W, 95 %
2026/03/18 12:35:00.991, 108.44 W, 95 %
2026/03/18 12:35:01.091, 108.48 W, 95 %
2026/03/18 12:35:01.191, 108.52 W, 95 %
2026/03/18 12:35:01.291, 108.55 W, 95 %
2026/03/18 12:35:01.391, 108.55 W, 95 %
2026/03/18 12:35:01.492, 108.55 W, 95 %
2026/03/18 12:35:01.592, 108.55 W, 95 %
2026/03/18 12:35:01.692, 108.51 W, 95 %
2026/03/18 12:35:01.792, 108.48 W, 95 %
2026/03/18 12:35:01.892, 108.42 W, 95 %
2026/03/18 12:35:01.992, 108.36 W, 95 %
2026/03/18 12:35:02.092, 108.37 W, 95 %
2026/03/18 12:35:02.193, 108.30 W, 95 %
2026/03/18 12:35:02.293, 108.27 W, 95 %
2026/03/18 12:35:02.393, 108.20 W, 95 %
2026/03/18 12:35:02.493, 108.18 W, 95 %
2026/03/18 12:35:02.593, 108.24 W, 95 %
2026/03/18 12:35:02.693, 108.27 W, 95 %
2026/03/18 12:35:02.793, 108.31 W, 95 %
2026/03/18 12:35:02.894, 108.32 W, 95 %
2026/03/18 12:35:02.994, 108.34 W, 95 %
2026/03/18 12:35:03.094, 108.31 W, 95 %
2026/03/18 12:35:03.194, 108.32 W, 95 %
2026/03/18 12:35:03.294, 108.31 W, 95 %
2026/03/18 12:35:03.394, 108.36 W, 95 %
2026/03/18 12:35:03.494, 108.36 W, 95 %
2026/03/18 12:35:03.595, 108.36 W, 95 %
2026/03/18 12:35:03.695, 108.34 W, 95 %
2026/03/18 12:35:03.795, 108.36 W, 95 %
2026/03/18 12:35:03.895, 108.37 W, 95 %
2026/03/18 12:35:03.995, 108.35 W, 95 %
2026/03/18 12:35:04.095, 108.31 W, 95 %
2026/03/18 12:35:04.195, 108.34 W, 95 %
2026/03/18 12:35:04.296, 108.35 W, 95 %
2026/03/18 12:35:04.396, 108.36 W, 95 %
2026/03/18 12:35:04.496, 108.39 W, 94 %
2026/03/18 12:35:04.596, 108.41 W, 94 %
2026/03/18 12:35:04.696, 108.44 W, 95 %
2026/03/18 12:35:04.796, 108.44 W, 95 %
2026/03/18 12:35:04.896, 108.48 W, 95 %
2026/03/18 12:35:04.997, 108.51 W, 95 %
2026/03/18 12:35:05.097, 108.55 W, 95 %
2026/03/18 12:35:05.197, 108.51 W, 95 %
2026/03/18 12:35:05.297, 108.56 W, 95 %
2026/03/18 12:35:05.397, 108.58 W, 95 %
2026/03/18 12:35:05.497, 108.61 W, 95 %
2026/03/18 12:35:05.597, 108.62 W, 95 %
2026/03/18 12:35:05.698, 108.62 W, 95 %
2026/03/18 12:35:05.798, 108.61 W, 95 %
2026/03/18 12:35:05.898, 108.60 W, 95 %
2026/03/18 12:35:05.998, 108.64 W, 95 %
2026/03/18 12:35:06.098, 108.67 W, 95 %
2026/03/18 12:35:06.198, 108.73 W, 95 %
2026/03/18 12:35:06.298, 108.69 W, 95 %
2026/03/18 12:35:06.399, 108.62 W, 95 %
2026/03/18 12:35:06.499, 108.59 W, 95 %
2026/03/18 12:35:06.599, 108.56 W, 95 %
2026/03/18 12:35:06.699, 108.54 W, 95 %
2026/03/18 12:35:06.799, 108.55 W, 95 %
2026/03/18 12:35:06.899, 108.52 W, 95 %
2026/03/18 12:35:06.999, 108.48 W, 95 %
2026/03/18 12:35:07.100, 108.44 W, 95 %
2026/03/18 12:35:07.200, 108.46 W, 95 %
2026/03/18 12:35:07.300, 108.53 W, 95 %
2026/03/18 12:35:07.400, 108.59 W, 95 %
2026/03/18 12:35:07.500, 108.60 W, 95 %
2026/03/18 12:35:07.600, 108.62 W, 95 %
2026/03/18 12:35:07.700, 108.63 W, 95 %
2026/03/18 12:35:07.800, 108.66 W, 95 %
2026/03/18 12:35:07.901, 108.64 W, 95 %
2026/03/18 12:35:08.001, 108.68 W, 95 %
2026/03/18 12:35:08.101, 108.70 W, 95 %
2026/03/18 12:35:08.201, 108.71 W, 95 %
2026/03/18 12:35:08.301, 108.62 W, 95 %
2026/03/18 12:35:08.401, 108.55 W, 95 %
2026/03/18 12:35:08.501, 108.56 W, 95 %
2026/03/18 12:35:08.602, 108.52 W, 95 %
2026/03/18 12:35:08.702, 108.48 W, 95 %
2026/03/18 12:35:08.802, 108.48 W, 95 %
2026/03/18 12:35:08.902, 108.46 W, 95 %
2026/03/18 12:35:09.002, 108.49 W, 95 %
2026/03/18 12:35:09.102, 108.49 W, 95 %
2026/03/18 12:35:09.203, 108.41 W, 95 %
2026/03/18 12:35:09.303, 108.41 W, 95 %
2026/03/18 12:35:09.403, 108.44 W, 95 %
2026/03/18 12:35:09.503, 108.42 W, 95 %
2026/03/18 12:35:09.603, 108.41 W, 95 %
2026/03/18 12:35:09.703, 108.43 W, 95 %
2026/03/18 12:35:09.803, 108.41 W, 95 %
2026/03/18 12:35:09.904, 108.43 W, 95 %
2026/03/18 12:35:10.004, 108.36 W, 95 %
2026/03/18 12:35:10.104, 108.36 W, 95 %
2026/03/18 12:35:10.204, 108.39 W, 95 %
2026/03/18 12:35:10.304, 108.39 W, 95 %
2026/03/18 12:35:10.404, 108.42 W, 95 %
2026/03/18 12:35:10.504, 108.39 W, 95 %
2026/03/18 12:35:10.605, 108.44 W, 95 %
2026/03/18 12:35:10.705, 108.45 W, 95 %
2026/03/18 12:35:10.805, 108.48 W, 95 %
2026/03/18 12:35:10.905, 108.50 W, 95 %
2026/03/18 12:35:11.005, 108.53 W, 95 %
2026/03/18 12:35:11.105, 108.57 W, 95 %
2026/03/18 12:35:11.205, 108.57 W, 95 %
2026/03/18 12:35:11.306, 108.58 W, 95 %
2026/03/18 12:35:11.406, 108.56 W, 95 %
2026/03/18 12:35:11.506, 108.58 W, 95 %
2026/03/18 12:35:11.606, 108.58 W, 95 %
2026/03/18 12:35:11.706, 108.61 W, 95 %
2026/03/18 12:35:11.806, 108.64 W, 95 %
2026/03/18 12:35:11.906, 108.71 W, 95 %
2026/03/18 12:35:12.007, 108.74 W, 95 %
2026/03/18 12:35:12.107, 108.67 W, 95 %
2026/03/18 12:35:12.207, 108.71 W, 95 %
2026/03/18 12:35:12.307, 108.68 W, 95 %
2026/03/18 12:35:12.407, 108.73 W, 95 %
2026/03/18 12:35:12.507, 108.71 W, 95 %
2026/03/18 12:35:12.607, 108.71 W, 95 %
2026/03/18 12:35:12.708, 108.66 W, 95 %
2026/03/18 12:35:12.808, 108.66 W, 95 %
2026/03/18 12:35:12.908, 108.65 W, 95 %
2026/03/18 12:35:13.008, 108.59 W, 95 %
2026/03/18 12:35:13.108, 108.63 W, 95 %
2026/03/18 12:35:13.208, 108.62 W, 95 %
2026/03/18 12:35:13.308, 108.61 W, 95 %
2026/03/18 12:35:13.409, 108.57 W, 95 %
2026/03/18 12:35:13.509, 108.58 W, 95 %
2026/03/18 12:35:13.609, 108.53 W, 95 %
2026/03/18 12:35:13.709, 108.56 W, 95 %
2026/03/18 12:35:13.809, 108.60 W, 95 %
2026/03/18 12:35:13.909, 108.53 W, 95 %
2026/03/18 12:35:14.009, 108.53 W, 95 %
2026/03/18 12:35:14.110, 108.51 W, 95 %
2026/03/18 12:35:14.210, 108.48 W, 95 %
2026/03/18 12:35:14.310, 108.50 W, 95 %
2026/03/18 12:35:14.410, 108.53 W, 95 %
2026/03/18 12:35:14.510, 108.49 W, 95 %
2026/03/18 12:35:14.610, 108.46 W, 95 %
2026/03/18 12:35:14.710, 108.46 W, 95 %
2026/03/18 12:35:14.811, 108.33 W, 95 %
2026/03/18 12:35:14.911, 108.32 W, 95 %
2026/03/18 12:35:15.011, 108.31 W, 95 %
2026/03/18 12:35:15.111, 108.31 W, 95 %
2026/03/18 12:35:15.211, 108.34 W, 95 %
2026/03/18 12:35:15.311, 108.34 W, 95 %
2026/03/18 12:35:15.411, 108.40 W, 95 %
2026/03/18 12:35:15.512, 108.44 W, 95 %
2026/03/18 12:35:15.612, 108.45 W, 95 %
2026/03/18 12:35:15.712, 108.50 W, 95 %
2026/03/18 12:35:15.812, 108.52 W, 95 %
2026/03/18 12:35:15.912, 108.60 W, 95 %
2026/03/18 12:35:16.012, 108.60 W, 95 %
2026/03/18 12:35:16.112, 108.56 W, 95 %
2026/03/18 12:35:16.213, 108.54 W, 95 %
2026/03/18 12:35:16.313, 108.54 W, 95 %
2026/03/18 12:35:16.413, 108.51 W, 95 %
2026/03/18 12:35:16.513, 108.56 W, 95 %
2026/03/18 12:35:16.613, 108.54 W, 95 %
2026/03/18 12:35:16.713, 108.52 W, 95 %
2026/03/18 12:35:16.813, 108.54 W, 95 %
2026/03/18 12:35:16.914, 108.50 W, 95 %
2026/03/18 12:35:17.014, 108.49 W, 95 %
2026/03/18 12:35:17.114, 108.44 W, 95 %
2026/03/18 12:35:17.214, 108.42 W, 95 %
2026/03/18 12:35:17.314, 108.49 W, 95 %
2026/03/18 12:35:17.414, 108.44 W, 95 %
2026/03/18 12:35:17.514, 108.41 W, 95 %
2026/03/18 12:35:17.614, 108.41 W, 95 %
2026/03/18 12:35:17.715, 108.45 W, 95 %
2026/03/18 12:35:17.815, 108.44 W, 95 %
2026/03/18 12:35:17.915, 108.50 W, 95 %
2026/03/18 12:35:18.015, 108.48 W, 95 %
2026/03/18 12:35:18.115, 108.53 W, 95 %
2026/03/18 12:35:18.215, 108.49 W, 95 %
2026/03/18 12:35:18.316, 108.47 W, 95 %
2026/03/18 12:35:18.416, 108.51 W, 95 %
2026/03/18 12:35:18.516, 108.50 W, 95 %
2026/03/18 12:35:18.616, 108.53 W, 95 %
2026/03/18 12:35:18.716, 108.49 W, 95 %
2026/03/18 12:35:18.816, 108.51 W, 95 %
2026/03/18 12:35:18.916, 108.48 W, 95 %
2026/03/18 12:35:19.017, 108.52 W, 95 %
2026/03/18 12:35:19.117, 108.54 W, 95 %
2026/03/18 12:35:19.217, 108.54 W, 95 %
2026/03/18 12:35:19.317, 108.55 W, 95 %
2026/03/18 12:35:19.417, 108.54 W, 95 %
2026/03/18 12:35:19.517, 108.52 W, 95 %
2026/03/18 12:35:19.617, 108.50 W, 95 %
2026/03/18 12:35:19.718, 108.53 W, 95 %
2026/03/18 12:35:19.818, 108.43 W, 95 %
2026/03/18 12:35:19.918, 108.44 W, 95 %
2026/03/18 12:35:20.018, 108.42 W, 95 %
2026/03/18 12:35:20.118, 108.43 W, 95 %
2026/03/18 12:35:20.218, 108.43 W, 95 %
2026/03/18 12:35:20.318, 108.46 W, 95 %
2026/03/18 12:35:20.419, 108.49 W, 95 %
2026/03/18 12:35:20.519, 108.55 W, 95 %
2026/03/18 12:35:20.619, 108.57 W, 95 %
2026/03/18 12:35:20.719, 108.51 W, 95 %
2026/03/18 12:35:20.819, 108.53 W, 95 %
2026/03/18 12:35:20.919, 108.52 W, 95 %
2026/03/18 12:35:21.019, 108.54 W, 95 %
2026/03/18 12:35:21.120, 108.50 W, 95 %
2026/03/18 12:35:21.220, 108.53 W, 95 %
2026/03/18 12:35:21.320, 108.50 W, 95 %
2026/03/18 12:35:21.420, 108.47 W, 95 %
2026/03/18 12:35:21.520, 108.40 W, 95 %
2026/03/18 12:35:21.620, 108.38 W, 95 %
2026/03/18 12:35:21.720, 108.42 W, 95 %
2026/03/18 12:35:21.821, 108.48 W, 95 %
2026/03/18 12:35:21.921, 108.50 W, 95 %
2026/03/18 12:35:22.021, 108.47 W, 95 %
2026/03/18 12:35:22.121, 108.47 W, 95 %
2026/03/18 12:35:22.221, 108.51 W, 95 %
2026/03/18 12:35:22.321, 108.51 W, 95 %
2026/03/18 12:35:22.421, 108.52 W, 95 %
2026/03/18 12:35:22.522, 108.58 W, 95 %
2026/03/18 12:35:22.622, 108.64 W, 95 %
2026/03/18 12:35:22.722, 108.63 W, 95 %
2026/03/18 12:35:22.822, 108.62 W, 95 %
2026/03/18 12:35:22.922, 108.62 W, 95 %
2026/03/18 12:35:23.022, 108.63 W, 95 %
2026/03/18 12:35:23.122, 108.65 W, 95 %
2026/03/18 12:35:23.223, 108.65 W, 95 %
2026/03/18 12:35:23.323, 108.66 W, 95 %
2026/03/18 12:35:23.423, 108.69 W, 95 %
2026/03/18 12:35:23.523, 108.65 W, 95 %
2026/03/18 12:35:23.623, 108.65 W, 95 %
2026/03/18 12:35:23.723, 108.69 W, 95 %
2026/03/18 12:35:23.823, 108.66 W, 95 %
2026/03/18 12:35:23.924, 108.63 W, 95 %
2026/03/18 12:35:24.024, 108.63 W, 95 %
2026/03/18 12:35:24.124, 108.62 W, 95 %
2026/03/18 12:35:24.224, 108.57 W, 95 %
2026/03/18 12:35:24.324, 108.60 W, 95 %
2026/03/18 12:35:24.424, 108.63 W, 95 %
2026/03/18 12:35:25.062, 107.95 W, 5 %
2026/03/18 12:35:25.162, 108.02 W, 5 %
2026/03/18 12:35:25.262, 107.97 W, 95 %
2026/03/18 12:35:25.362, 107.93 W, 95 %
2026/03/18 12:35:25.462, 107.89 W, 95 %
2026/03/18 12:35:25.562, 107.93 W, 95 %
2026/03/18 12:35:25.663, 107.93 W, 95 %
2026/03/18 12:35:25.763, 107.99 W, 95 %
2026/03/18 12:35:25.863, 108.03 W, 95 %
2026/03/18 12:35:25.963, 108.23 W, 95 %
2026/03/18 12:35:26.063, 108.64 W, 95 %
2026/03/18 12:35:26.163, 108.57 W, 95 %
2026/03/18 12:35:26.263, 108.60 W, 95 %
2026/03/18 12:35:26.364, 108.60 W, 95 %
2026/03/18 12:35:26.464, 108.57 W, 95 %
2026/03/18 12:35:26.564, 108.54 W, 95 %
2026/03/18 12:35:26.664, 108.56 W, 95 %
2026/03/18 12:35:26.764, 108.50 W, 95 %
2026/03/18 12:35:26.864, 108.51 W, 95 %
2026/03/18 12:35:26.964, 108.45 W, 95 %
2026/03/18 12:35:27.065, 108.45 W, 95 %
2026/03/18 12:35:27.165, 108.47 W, 95 %
2026/03/18 12:35:27.265, 108.44 W, 95 %
2026/03/18 12:35:27.365, 108.47 W, 95 %
2026/03/18 12:35:27.465, 108.56 W, 95 %
2026/03/18 12:35:27.565, 108.59 W, 95 %
2026/03/18 12:35:27.665, 108.52 W, 95 %
2026/03/18 12:35:27.766, 108.60 W, 95 %
2026/03/18 12:35:27.866, 108.56 W, 95 %
2026/03/18 12:35:27.966, 108.54 W, 95 %
2026/03/18 12:35:28.066, 108.52 W, 95 %
2026/03/18 12:35:28.166, 108.55 W, 95 %
2026/03/18 12:35:28.266, 108.53 W, 95 %
2026/03/18 12:35:28.366, 108.48 W, 95 %
2026/03/18 12:35:28.466, 108.43 W, 95 %
2026/03/18 12:35:28.567, 108.41 W, 95 %
2026/03/18 12:35:28.667, 108.49 W, 95 %
2026/03/18 12:35:28.767, 108.45 W, 95 %
2026/03/18 12:35:28.867, 108.42 W, 95 %
2026/03/18 12:35:28.967, 108.45 W, 95 %
2026/03/18 12:35:29.067, 108.48 W, 95 %
2026/03/18 12:35:29.167, 108.46 W, 95 %
2026/03/18 12:35:29.268, 108.55 W, 95 %
2026/03/18 12:35:29.368, 108.57 W, 95 %
2026/03/18 12:35:29.468, 108.57 W, 95 %
2026/03/18 12:35:29.568, 108.62 W, 95 %
2026/03/18 12:35:29.668, 108.55 W, 95 %
2026/03/18 12:35:29.768, 108.53 W, 95 %
2026/03/18 12:35:29.868, 108.54 W, 95 %
2026/03/18 12:35:29.969, 108.48 W, 95 %
2026/03/18 12:35:30.069, 108.46 W, 95 %
2026/03/18 12:35:30.169, 108.48 W, 95 %
2026/03/18 12:35:30.269, 108.46 W, 95 %
2026/03/18 12:35:30.369, 108.47 W, 95 %
2026/03/18 12:35:30.469, 108.50 W, 95 %
2026/03/18 12:35:30.569, 108.49 W, 95 %
2026/03/18 12:35:30.670, 108.49 W, 95 %
2026/03/18 12:35:30.770, 108.51 W, 95 %
2026/03/18 12:35:30.870, 108.50 W, 95 %
2026/03/18 12:35:30.970, 108.50 W, 95 %
2026/03/18 12:35:31.070, 108.54 W, 95 %
2026/03/18 12:35:31.170, 108.54 W, 95 %
2026/03/18 12:35:31.270, 108.53 W, 95 %
2026/03/18 12:35:31.371, 108.48 W, 95 %
2026/03/18 12:35:31.471, 108.50 W, 95 %
2026/03/18 12:35:31.571, 108.49 W, 95 %
2026/03/18 12:35:31.671, 108.43 W, 95 %
2026/03/18 12:35:31.771, 108.40 W, 95 %
2026/03/18 12:35:31.871, 108.39 W, 95 %
2026/03/18 12:35:31.972, 108.45 W, 95 %
2026/03/18 12:35:32.072, 108.44 W, 95 %
2026/03/18 12:35:32.172, 108.46 W, 95 %
2026/03/18 12:35:32.272, 108.47 W, 95 %
2026/03/18 12:35:32.372, 108.50 W, 95 %
2026/03/18 12:35:32.472, 108.48 W, 95 %
2026/03/18 12:35:32.572, 108.44 W, 95 %
2026/03/18 12:35:32.673, 108.47 W, 95 %
2026/03/18 12:35:32.773, 108.45 W, 95 %
2026/03/18 12:35:32.873, 108.52 W, 95 %
2026/03/18 12:35:32.973, 108.44 W, 95 %
2026/03/18 12:35:33.073, 108.46 W, 95 %
2026/03/18 12:35:33.173, 108.41 W, 95 %
2026/03/18 12:35:33.273, 108.35 W, 95 %
2026/03/18 12:35:33.374, 108.35 W, 95 %
2026/03/18 12:35:33.474, 108.40 W, 95 %
2026/03/18 12:35:33.574, 108.45 W, 95 %
2026/03/18 12:35:33.674, 108.44 W, 95 %
2026/03/18 12:35:33.774, 108.44 W, 95 %
2026/03/18 12:35:33.874, 108.47 W, 95 %
2026/03/18 12:35:33.974, 108.50 W, 95 %
2026/03/18 12:35:34.075, 108.47 W, 95 %
2026/03/18 12:35:34.175, 108.51 W, 95 %
2026/03/18 12:35:34.275, 108.54 W, 95 %
2026/03/18 12:35:34.375, 108.50 W, 95 %
2026/03/18 12:35:34.475, 108.50 W, 95 %
2026/03/18 12:35:34.575, 108.54 W, 95 %
2026/03/18 12:35:34.675, 108.54 W, 95 %
2026/03/18 12:35:34.776, 108.50 W, 95 %
2026/03/18 12:35:34.876, 108.47 W, 95 %
2026/03/18 12:35:34.976, 108.49 W, 95 %
2026/03/18 12:35:35.076, 108.47 W, 95 %
2026/03/18 12:35:35.176, 108.51 W, 95 %
2026/03/18 12:35:35.276, 108.54 W, 95 %
2026/03/18 12:35:35.376, 108.60 W, 95 %
2026/03/18 12:35:35.477, 108.56 W, 95 %
2026/03/18 12:35:35.577, 108.56 W, 95 %
2026/03/18 12:35:35.677, 108.64 W, 95 %
2026/03/18 12:35:35.777, 108.72 W, 95 %
2026/03/18 12:35:35.877, 108.73 W, 95 %
2026/03/18 12:35:35.977, 108.71 W, 95 %
2026/03/18 12:35:36.077, 108.73 W, 95 %
2026/03/18 12:35:36.178, 108.77 W, 95 %
2026/03/18 12:35:36.278, 108.79 W, 95 %
2026/03/18 12:35:36.378, 108.71 W, 95 %
2026/03/18 12:35:36.478, 108.68 W, 95 %
2026/03/18 12:35:36.578, 108.65 W, 95 %
2026/03/18 12:35:36.678, 108.57 W, 95 %
2026/03/18 12:35:36.778, 108.57 W, 95 %
2026/03/18 12:35:36.879, 108.58 W, 95 %
2026/03/18 12:35:36.979, 108.53 W, 95 %
2026/03/18 12:35:37.079, 108.47 W, 95 %
2026/03/18 12:35:37.179, 108.47 W, 95 %
2026/03/18 12:35:37.279, 108.45 W, 95 %
2026/03/18 12:35:37.379, 108.50 W, 95 %
2026/03/18 12:35:37.479, 108.52 W, 95 %
2026/03/18 12:35:37.580, 108.53 W, 95 %
2026/03/18 12:35:37.680, 108.55 W, 95 %
2026/03/18 12:35:37.780, 108.54 W, 95 %
2026/03/18 12:35:37.880, 108.51 W, 95 %
2026/03/18 12:35:37.980, 108.51 W, 95 %
2026/03/18 12:35:38.080, 108.50 W, 95 %
2026/03/18 12:35:38.180, 108.53 W, 95 %
2026/03/18 12:35:38.281, 108.54 W, 95 %
2026/03/18 12:35:38.381, 108.53 W, 95 %
2026/03/18 12:35:38.481, 108.54 W, 95 %
2026/03/18 12:35:38.581, 108.54 W, 95 %
2026/03/18 12:35:38.681, 108.54 W, 95 %
2026/03/18 12:35:38.781, 108.59 W, 95 %
2026/03/18 12:35:38.881, 108.57 W, 95 %
2026/03/18 12:35:38.982, 108.61 W, 95 %
2026/03/18 12:35:39.082, 108.69 W, 95 %
2026/03/18 12:35:39.182, 108.65 W, 95 %
2026/03/18 12:35:39.282, 108.62 W, 95 %
2026/03/18 12:35:39.382, 108.56 W, 95 %
2026/03/18 12:35:39.482, 108.52 W, 95 %
2026/03/18 12:35:39.582, 108.52 W, 95 %
2026/03/18 12:35:39.683, 108.54 W, 95 %
2026/03/18 12:35:39.783, 108.48 W, 95 %
2026/03/18 12:35:39.883, 108.48 W, 95 %
2026/03/18 12:35:39.983, 108.44 W, 95 %
2026/03/18 12:35:40.083, 108.40 W, 95 %
2026/03/18 12:35:40.183, 108.45 W, 95 %
2026/03/18 12:35:40.283, 108.46 W, 95 %
2026/03/18 12:35:40.384, 108.45 W, 95 %
2026/03/18 12:35:40.484, 108.45 W, 95 %
2026/03/18 12:35:40.584, 108.47 W, 95 %
2026/03/18 12:35:40.684, 108.44 W, 95 %
2026/03/18 12:35:40.784, 108.44 W, 95 %
2026/03/18 12:35:40.884, 108.43 W, 95 %
2026/03/18 12:35:40.984, 108.48 W, 95 %
2026/03/18 12:35:41.085, 108.51 W, 95 %
2026/03/18 12:35:41.185, 108.44 W, 95 %
2026/03/18 12:35:41.285, 108.42 W, 95 %
2026/03/18 12:35:41.385, 108.44 W, 95 %
2026/03/18 12:35:41.485, 108.47 W, 95 %
2026/03/18 12:35:41.585, 108.48 W, 95 %
2026/03/18 12:35:41.685, 108.52 W, 95 %
2026/03/18 12:35:41.786, 108.52 W, 95 %
2026/03/18 12:35:41.886, 108.50 W, 95 %
2026/03/18 12:35:41.986, 108.50 W, 95 %
2026/03/18 12:35:42.086, 108.47 W, 95 %
2026/03/18 12:35:42.186, 108.47 W, 95 %
2026/03/18 12:35:42.286, 108.43 W, 95 %
2026/03/18 12:35:42.386, 108.40 W, 95 %
2026/03/18 12:35:42.487, 108.37 W, 95 %
2026/03/18 12:35:42.587, 108.33 W, 95 %
2026/03/18 12:35:42.687, 108.34 W, 95 %
2026/03/18 12:35:42.787, 108.37 W, 95 %
2026/03/18 12:35:42.887, 108.36 W, 95 %
2026/03/18 12:35:42.987, 108.42 W, 95 %
2026/03/18 12:35:43.087, 108.46 W, 95 %
2026/03/18 12:35:43.188, 108.48 W, 95 %
2026/03/18 12:35:43.288, 108.51 W, 95 %
2026/03/18 12:35:43.388, 108.58 W, 95 %
2026/03/18 12:35:43.488, 108.58 W, 95 %
2026/03/18 12:35:43.588, 108.66 W, 95 %
2026/03/18 12:35:43.688, 108.60 W, 95 %
2026/03/18 12:35:43.788, 108.64 W, 95 %
2026/03/18 12:35:43.889, 108.60 W, 95 %
2026/03/18 12:35:43.989, 108.53 W, 95 %
2026/03/18 12:35:44.089, 108.48 W, 95 %
2026/03/18 12:35:44.189, 108.50 W, 95 %
2026/03/18 12:35:44.289, 108.41 W, 95 %
2026/03/18 12:35:44.389, 108.45 W, 95 %
2026/03/18 12:35:44.489, 108.46 W, 95 %
2026/03/18 12:35:44.590, 108.42 W, 95 %
2026/03/18 12:35:44.690, 108.43 W, 95 %
2026/03/18 12:35:44.790, 108.45 W, 95 %
2026/03/18 12:35:44.890, 108.46 W, 95 %
2026/03/18 12:35:44.990, 108.45 W, 95 %
2026/03/18 12:35:45.090, 108.49 W, 95 %
2026/03/18 12:35:45.190, 108.51 W, 95 %
2026/03/18 12:35:45.291, 108.55 W, 95 %
2026/03/18 12:35:45.391, 108.47 W, 95 %
2026/03/18 12:35:45.491, 108.43 W, 95 %
2026/03/18 12:35:45.591, 108.47 W, 95 %
2026/03/18 12:35:45.691, 108.45 W, 95 %
2026/03/18 12:35:45.791, 108.44 W, 95 %
2026/03/18 12:35:45.891, 108.46 W, 95 %
2026/03/18 12:35:45.992, 108.52 W, 95 %
2026/03/18 12:35:46.092, 108.48 W, 95 %
2026/03/18 12:35:46.192, 108.44 W, 95 %
2026/03/18 12:35:46.292, 108.42 W, 95 %
2026/03/18 12:35:46.392, 108.45 W, 95 %
2026/03/18 12:35:46.492, 108.53 W, 95 %
2026/03/18 12:35:46.592, 108.43 W, 95 %
2026/03/18 12:35:46.693, 108.42 W, 95 %
2026/03/18 12:35:46.793, 108.39 W, 95 %
2026/03/18 12:35:46.893, 108.34 W, 95 %
2026/03/18 12:35:46.993, 108.31 W, 95 %
2026/03/18 12:35:47.093, 108.37 W, 95 %
2026/03/18 12:35:47.193, 108.36 W, 95 %
2026/03/18 12:35:47.293, 108.38 W, 95 %
2026/03/18 12:35:47.394, 108.37 W, 95 %
2026/03/18 12:35:47.494, 108.39 W, 95 %
2026/03/18 12:35:47.594, 108.45 W, 95 %
2026/03/18 12:35:47.694, 108.49 W, 95 %
2026/03/18 12:35:47.794, 108.53 W, 95 %
2026/03/18 12:35:47.894, 108.58 W, 95 %
2026/03/18 12:35:47.994, 108.59 W, 95 %
2026/03/18 12:35:48.095, 108.55 W, 95 %
2026/03/18 12:35:48.195, 108.56 W, 95 %
2026/03/18 12:35:48.295, 108.60 W, 95 %
2026/03/18 12:35:48.395, 108.55 W, 95 %
2026/03/18 12:35:48.495, 108.53 W, 95 %
2026/03/18 12:35:48.595, 108.51 W, 95 %
2026/03/18 12:35:48.695, 108.56 W, 95 %
2026/03/18 12:35:48.796, 108.51 W, 95 %
2026/03/18 12:35:48.896, 108.49 W, 95 %
2026/03/18 12:35:48.996, 108.48 W, 95 %
2026/03/18 12:35:49.096, 108.51 W, 95 %
2026/03/18 12:35:49.196, 108.52 W, 95 %
2026/03/18 12:35:49.296, 108.53 W, 95 %
2026/03/18 12:35:49.396, 108.54 W, 95 %
2026/03/18 12:35:49.497, 108.60 W, 95 %
2026/03/18 12:35:49.597, 108.68 W, 95 %
2026/03/18 12:35:49.697, 108.66 W, 95 %
2026/03/18 12:35:49.797, 108.75 W, 95 %
2026/03/18 12:35:49.897, 108.80 W, 95 %
2026/03/18 12:35:49.997, 108.79 W, 95 %
2026/03/18 12:35:50.097, 108.77 W, 95 %
2026/03/18 12:35:50.198, 108.73 W, 95 %
2026/03/18 12:35:50.298, 108.71 W, 95 %
2026/03/18 12:35:50.398, 108.74 W, 95 %
2026/03/18 12:35:50.498, 108.65 W, 95 %
2026/03/18 12:35:50.598, 108.60 W, 95 %
2026/03/18 12:35:50.698, 108.58 W, 95 %
2026/03/18 12:35:50.798, 108.58 W, 95 %
2026/03/18 12:35:50.899, 108.54 W, 95 %
2026/03/18 12:35:50.999, 108.57 W, 95 %
2026/03/18 12:35:51.099, 108.56 W, 95 %
2026/03/18 12:35:51.199, 108.54 W, 95 %
2026/03/18 12:35:51.299, 108.46 W, 95 %
2026/03/18 12:35:51.399, 108.46 W, 95 %
2026/03/18 12:35:51.499, 108.46 W, 95 %
2026/03/18 12:35:51.600, 108.43 W, 95 %
2026/03/18 12:35:51.700, 108.39 W, 95 %
2026/03/18 12:35:51.800, 108.36 W, 95 %
2026/03/18 12:35:51.900, 108.34 W, 95 %
2026/03/18 12:35:52.000, 108.34 W, 95 %
2026/03/18 12:35:52.100, 108.30 W, 95 %
2026/03/18 12:35:52.200, 108.35 W, 95 %
2026/03/18 12:35:52.301, 108.43 W, 95 %
2026/03/18 12:35:52.401, 108.43 W, 95 %
2026/03/18 12:35:52.501, 108.50 W, 95 %
2026/03/18 12:35:52.601, 108.55 W, 95 %
2026/03/18 12:35:52.701, 108.65 W, 95 %
2026/03/18 12:35:52.801, 108.65 W, 95 %
2026/03/18 12:35:52.901, 108.61 W, 95 %
2026/03/18 12:35:53.002, 108.62 W, 95 %
2026/03/18 12:35:53.102, 108.63 W, 95 %
2026/03/18 12:35:53.202, 108.63 W, 95 %
2026/03/18 12:35:53.302, 108.61 W, 95 %
2026/03/18 12:35:53.402, 108.60 W, 95 %
2026/03/18 12:35:53.502, 108.61 W, 95 %
2026/03/18 12:35:53.602, 108.65 W, 95 %
2026/03/18 12:35:53.703, 108.64 W, 95 %
2026/03/18 12:35:53.803, 108.71 W, 95 %
2026/03/18 12:35:53.903, 108.73 W, 95 %
2026/03/18 12:35:54.003, 108.66 W, 95 %
2026/03/18 12:35:54.103, 108.58 W, 95 %
2026/03/18 12:35:54.203, 108.62 W, 95 %
2026/03/18 12:35:54.303, 108.63 W, 95 %
2026/03/18 12:35:54.404, 108.65 W, 95 %
2026/03/18 12:35:54.504, 108.68 W, 95 %
2026/03/18 12:35:54.604, 108.64 W, 95 %
2026/03/18 12:35:54.704, 108.57 W, 95 %
2026/03/18 12:35:54.804, 108.58 W, 95 %
2026/03/18 12:35:54.904, 108.59 W, 95 %
2026/03/18 12:35:55.004, 108.57 W, 95 %
2026/03/18 12:35:55.105, 108.55 W, 95 %
2026/03/18 12:35:55.206, 108.56 W, 95 %
2026/03/18 12:35:55.306, 108.57 W, 95 %
2026/03/18 12:35:55.406, 108.53 W, 95 %
2026/03/18 12:35:55.506, 108.50 W, 95 %
2026/03/18 12:35:55.606, 108.48 W, 95 %
2026/03/18 12:35:55.706, 108.47 W, 95 %
2026/03/18 12:35:55.807, 108.43 W, 95 %
2026/03/18 12:35:55.907, 108.34 W, 95 %
2026/03/18 12:35:56.007, 108.38 W, 95 %
2026/03/18 12:35:56.107, 108.46 W, 95 %
2026/03/18 12:35:56.207, 108.38 W, 95 %
2026/03/18 12:35:56.307, 108.41 W, 95 %
2026/03/18 12:35:56.407, 108.46 W, 95 %
2026/03/18 12:35:56.508, 108.44 W, 95 %
2026/03/18 12:35:56.608, 108.46 W, 95 %
2026/03/18 12:35:56.708, 108.48 W, 95 %
2026/03/18 12:35:56.808, 108.49 W, 95 %
2026/03/18 12:35:56.908, 108.60 W, 95 %
2026/03/18 12:35:57.008, 108.64 W, 95 %
2026/03/18 12:35:57.108, 108.61 W, 95 %
2026/03/18 12:35:57.208, 108.68 W, 95 %
2026/03/18 12:35:57.309, 108.63 W, 95 %
2026/03/18 12:35:57.409, 108.61 W, 95 %
2026/03/18 12:35:57.509, 108.61 W, 95 %
2026/03/18 12:35:57.609, 108.60 W, 95 %
2026/03/18 12:35:57.709, 108.59 W, 95 %
2026/03/18 12:35:57.809, 108.60 W, 95 %
2026/03/18 12:35:57.909, 108.60 W, 95 %
2026/03/18 12:35:58.010, 108.61 W, 95 %
2026/03/18 12:35:58.110, 108.59 W, 95 %
2026/03/18 12:35:58.210, 108.62 W, 95 %
2026/03/18 12:35:58.310, 108.64 W, 95 %
2026/03/18 12:35:58.410, 108.61 W, 95 %
2026/03/18 12:35:58.510, 108.63 W, 95 %
2026/03/18 12:35:58.610, 108.63 W, 95 %
2026/03/18 12:35:58.711, 108.54 W, 95 %
2026/03/18 12:35:58.811, 108.55 W, 95 %
2026/03/18 12:35:58.911, 108.56 W, 95 %
2026/03/18 12:35:59.011, 108.57 W, 95 %
2026/03/18 12:35:59.111, 108.57 W, 95 %
2026/03/18 12:35:59.211, 108.55 W, 95 %
2026/03/18 12:35:59.311, 108.54 W, 95 %
2026/03/18 12:35:59.412, 108.50 W, 95 %
2026/03/18 12:35:59.512, 108.49 W, 95 %
2026/03/18 12:35:59.612, 108.44 W, 95 %
2026/03/18 12:35:59.712, 108.49 W, 95 %
2026/03/18 12:35:59.812, 108.51 W, 95 %
2026/03/18 12:35:59.912, 108.50 W, 95 %
2026/03/18 12:36:00.012, 108.49 W, 95 %
2026/03/18 12:36:00.112, 108.52 W, 95 %
2026/03/18 12:36:00.213, 108.55 W, 95 %
2026/03/18 12:36:00.313, 108.52 W, 95 %
2026/03/18 12:36:00.413, 108.62 W, 95 %
2026/03/18 12:36:00.513, 108.62 W, 95 %
2026/03/18 12:36:00.613, 108.67 W, 95 %
2026/03/18 12:36:00.713, 108.68 W, 95 %
2026/03/18 12:36:00.814, 108.68 W, 95 %
2026/03/18 12:36:00.914, 108.63 W, 95 %
2026/03/18 12:36:01.014, 108.50 W, 95 %
2026/03/18 12:36:01.114, 108.45 W, 95 %
2026/03/18 12:36:01.214, 108.49 W, 95 %
2026/03/18 12:36:01.314, 108.46 W, 95 %
2026/03/18 12:36:01.414, 108.49 W, 95 %
2026/03/18 12:36:01.515, 108.52 W, 95 %
2026/03/18 12:36:01.615, 108.55 W, 95 %
2026/03/18 12:36:01.715, 108.50 W, 95 %
2026/03/18 12:36:01.815, 108.51 W, 95 %
2026/03/18 12:36:01.915, 108.56 W, 95 %
2026/03/18 12:36:02.015, 108.59 W, 95 %
2026/03/18 12:36:02.115, 108.51 W, 95 %
2026/03/18 12:36:02.216, 108.49 W, 95 %
2026/03/18 12:36:02.316, 108.54 W, 95 %
2026/03/18 12:36:02.416, 108.48 W, 95 %
2026/03/18 12:36:02.516, 108.42 W, 95 %
2026/03/18 12:36:02.616, 108.39 W, 95 %
2026/03/18 12:36:02.716, 108.38 W, 95 %
2026/03/18 12:36:02.816, 108.35 W, 95 %
2026/03/18 12:36:02.917, 108.32 W, 95 %
2026/03/18 12:36:03.017, 108.33 W, 95 %
2026/03/18 12:36:03.117, 108.40 W, 95 %
2026/03/18 12:36:03.217, 108.36 W, 95 %
2026/03/18 12:36:03.317, 108.36 W, 95 %
2026/03/18 12:36:03.417, 108.36 W, 95 %
2026/03/18 12:36:03.517, 108.48 W, 95 %
2026/03/18 12:36:03.618, 108.45 W, 95 %
2026/03/18 12:36:03.718, 108.48 W, 95 %
2026/03/18 12:36:03.818, 108.49 W, 95 %
2026/03/18 12:36:03.918, 108.54 W, 95 %
2026/03/18 12:36:04.018, 108.54 W, 95 %
2026/03/18 12:36:04.118, 108.62 W, 95 %
2026/03/18 12:36:04.218, 108.68 W, 95 %
2026/03/18 12:36:04.319, 108.68 W, 95 %
2026/03/18 12:36:04.419, 108.76 W, 95 %
2026/03/18 12:36:04.519, 108.69 W, 95 %
2026/03/18 12:36:04.619, 108.71 W, 95 %
2026/03/18 12:36:04.719, 108.66 W, 95 %
2026/03/18 12:36:04.819, 108.58 W, 95 %
2026/03/18 12:36:04.919, 108.53 W, 95 %
2026/03/18 12:36:05.020, 108.54 W, 95 %
2026/03/18 12:36:05.120, 108.41 W, 95 %
2026/03/18 12:36:05.220, 108.40 W, 95 %
2026/03/18 12:36:05.320, 108.37 W, 95 %
2026/03/18 12:36:05.420, 108.37 W, 95 %
2026/03/18 12:36:05.520, 108.33 W, 95 %
2026/03/18 12:36:05.620, 108.31 W, 95 %
2026/03/18 12:36:05.721, 108.38 W, 95 %
2026/03/18 12:36:05.821, 108.39 W, 95 %
2026/03/18 12:36:05.921, 108.41 W, 95 %
2026/03/18 12:36:06.021, 108.42 W, 95 %
2026/03/18 12:36:06.121, 108.48 W, 95 %
2026/03/18 12:36:06.221, 108.52 W, 95 %
2026/03/18 12:36:06.321, 108.46 W, 95 %
2026/03/18 12:36:06.422, 108.43 W, 95 %
2026/03/18 12:36:06.522, 108.56 W, 95 %
2026/03/18 12:36:06.622, 108.58 W, 95 %
2026/03/18 12:36:06.722, 108.59 W, 94 %
2026/03/18 12:36:06.822, 108.67 W, 94 %
2026/03/18 12:36:06.922, 108.64 W, 95 %
2026/03/18 12:36:07.022, 108.69 W, 95 %
2026/03/18 12:36:07.123, 108.70 W, 95 %
2026/03/18 12:36:07.223, 108.64 W, 95 %
2026/03/18 12:36:07.323, 108.71 W, 95 %
2026/03/18 12:36:07.423, 108.71 W, 95 %
2026/03/18 12:36:07.523, 108.68 W, 95 %
2026/03/18 12:36:07.623, 108.59 W, 95 %
2026/03/18 12:36:07.723, 108.56 W, 95 %
2026/03/18 12:36:07.824, 108.48 W, 95 %
2026/03/18 12:36:07.924, 108.51 W, 95 %
2026/03/18 12:36:08.024, 108.47 W, 95 %
2026/03/18 12:36:08.124, 108.40 W, 95 %
2026/03/18 12:36:08.224, 108.44 W, 95 %
2026/03/18 12:36:08.324, 108.40 W, 95 %
2026/03/18 12:36:08.424, 108.34 W, 95 %
2026/03/18 12:36:08.525, 108.23 W, 95 %
2026/03/18 12:36:08.625, 108.19 W, 95 %
2026/03/18 12:36:08.725, 108.16 W, 95 %
2026/03/18 12:36:08.825, 108.15 W, 95 %
2026/03/18 12:36:08.925, 108.16 W, 95 %
2026/03/18 12:36:09.025, 108.13 W, 95 %
2026/03/18 12:36:09.125, 108.13 W, 95 %
2026/03/18 12:36:09.226, 108.11 W, 95 %
2026/03/18 12:36:09.326, 108.13 W, 95 %
2026/03/18 12:36:09.426, 108.15 W, 95 %
2026/03/18 12:36:09.526, 108.22 W, 95 %
2026/03/18 12:36:09.626, 108.34 W, 95 %
2026/03/18 12:36:09.726, 108.40 W, 95 %
2026/03/18 12:36:09.826, 108.41 W, 95 %
2026/03/18 12:36:09.926, 108.44 W, 95 %
2026/03/18 12:36:10.027, 108.44 W, 95 %
2026/03/18 12:36:10.127, 108.39 W, 95 %
2026/03/18 12:36:10.227, 108.39 W, 95 %
2026/03/18 12:36:10.327, 108.43 W, 95 %
2026/03/18 12:36:10.427, 108.49 W, 95 %
2026/03/18 12:36:10.527, 108.48 W, 95 %
2026/03/18 12:36:10.628, 108.39 W, 95 %
2026/03/18 12:36:10.728, 108.41 W, 95 %
2026/03/18 12:36:10.828, 108.46 W, 95 %
2026/03/18 12:36:10.928, 108.43 W, 95 %
2026/03/18 12:36:11.028, 108.52 W, 95 %
2026/03/18 12:36:11.128, 108.58 W, 95 %
2026/03/18 12:36:11.228, 108.61 W, 95 %
2026/03/18 12:36:11.329, 108.59 W, 95 %
2026/03/18 12:36:11.429, 108.54 W, 95 %
2026/03/18 12:36:11.529, 108.50 W, 95 %
2026/03/18 12:36:11.629, 108.51 W, 95 %
2026/03/18 12:36:11.729, 108.47 W, 95 %
2026/03/18 12:36:11.829, 108.50 W, 95 %
2026/03/18 12:36:11.929, 108.46 W, 95 %
2026/03/18 12:36:12.030, 108.49 W, 95 %
2026/03/18 12:36:12.130, 108.53 W, 95 %
2026/03/18 12:36:12.230, 108.49 W, 95 %
2026/03/18 12:36:12.330, 108.49 W, 95 %
2026/03/18 12:36:12.430, 108.47 W, 95 %
2026/03/18 12:36:12.530, 108.46 W, 95 %
2026/03/18 12:36:12.630, 108.50 W, 95 %
2026/03/18 12:36:12.731, 108.54 W, 95 %
2026/03/18 12:36:12.831, 108.51 W, 95 %
2026/03/18 12:36:12.931, 108.59 W, 95 %
2026/03/18 12:36:13.031, 108.53 W, 95 %
2026/03/18 12:36:13.131, 108.47 W, 95 %
2026/03/18 12:36:13.231, 108.44 W, 95 %
2026/03/18 12:36:13.331, 108.45 W, 95 %
2026/03/18 12:36:13.432, 108.55 W, 95 %
2026/03/18 12:36:13.532, 108.58 W, 95 %
2026/03/18 12:36:13.632, 108.58 W, 95 %
2026/03/18 12:36:13.732, 108.49 W, 95 %
2026/03/18 12:36:13.832, 108.51 W, 95 %
2026/03/18 12:36:13.932, 108.46 W, 95 %
2026/03/18 12:36:14.032, 108.45 W, 95 %
2026/03/18 12:36:14.133, 108.45 W, 95 %
2026/03/18 12:36:14.233, 108.54 W, 95 %
2026/03/18 12:36:14.333, 108.57 W, 95 %
2026/03/18 12:36:14.433, 108.48 W, 95 %
2026/03/18 12:36:14.533, 108.42 W, 95 %
2026/03/18 12:36:14.633, 108.43 W, 95 %
2026/03/18 12:36:14.733, 108.51 W, 95 %
2026/03/18 12:36:14.834, 108.46 W, 95 %
2026/03/18 12:36:14.934, 108.53 W, 95 %
2026/03/18 12:36:15.034, 108.54 W, 95 %
2026/03/18 12:36:15.134, 108.55 W, 95 %
2026/03/18 12:36:15.234, 108.46 W, 95 %
2026/03/18 12:36:15.334, 108.49 W, 95 %
2026/03/18 12:36:15.434, 108.53 W, 95 %
2026/03/18 12:36:15.535, 108.59 W, 95 %
2026/03/18 12:36:15.635, 108.61 W, 95 %
2026/03/18 12:36:15.735, 108.62 W, 95 %
2026/03/18 12:36:15.835, 108.67 W, 95 %
2026/03/18 12:36:15.935, 108.64 W, 95 %
2026/03/18 12:36:16.035, 108.71 W, 95 %
2026/03/18 12:36:16.135, 108.77 W, 95 %
2026/03/18 12:36:16.236, 108.79 W, 95 %
2026/03/18 12:36:16.336, 108.69 W, 95 %
2026/03/18 12:36:16.436, 108.65 W, 95 %
2026/03/18 12:36:16.536, 108.70 W, 95 %
2026/03/18 12:36:16.636, 108.60 W, 95 %
2026/03/18 12:36:16.736, 108.55 W, 95 %
2026/03/18 12:36:16.836, 108.49 W, 95 %
2026/03/18 12:36:16.937, 108.47 W, 95 %
2026/03/18 12:36:17.037, 108.39 W, 95 %
2026/03/18 12:36:17.137, 108.34 W, 95 %
2026/03/18 12:36:17.237, 108.31 W, 95 %
2026/03/18 12:36:17.337, 108.37 W, 95 %
2026/03/18 12:36:17.437, 108.40 W, 95 %
2026/03/18 12:36:17.537, 108.32 W, 95 %
2026/03/18 12:36:17.638, 108.38 W, 95 %
2026/03/18 12:36:17.738, 108.46 W, 95 %
2026/03/18 12:36:17.838, 108.52 W, 95 %
2026/03/18 12:36:17.938, 108.54 W, 95 %
2026/03/18 12:36:18.038, 108.56 W, 95 %
2026/03/18 12:36:18.138, 108.63 W, 95 %
2026/03/18 12:36:18.238, 108.66 W, 95 %
2026/03/18 12:36:18.339, 108.73 W, 95 %
2026/03/18 12:36:18.439, 108.72 W, 95 %
2026/03/18 12:36:18.539, 108.72 W, 95 %
2026/03/18 12:36:18.639, 108.68 W, 95 %
2026/03/18 12:36:18.739, 108.61 W, 95 %
2026/03/18 12:36:18.839, 108.63 W, 95 %
2026/03/18 12:36:18.939, 108.62 W, 95 %
2026/03/18 12:36:19.040, 108.59 W, 95 %
2026/03/18 12:36:19.140, 108.56 W, 95 %
2026/03/18 12:36:19.240, 108.49 W, 95 %
2026/03/18 12:36:19.340, 108.48 W, 95 %
2026/03/18 12:36:19.440, 108.45 W, 95 %
2026/03/18 12:36:19.540, 108.42 W, 95 %
2026/03/18 12:36:19.640, 108.49 W, 95 %
2026/03/18 12:36:19.740, 108.50 W, 95 %
2026/03/18 12:36:19.841, 108.49 W, 95 %
2026/03/18 12:36:19.941, 108.50 W, 95 %
2026/03/18 12:36:20.041, 108.47 W, 95 %
2026/03/18 12:36:20.141, 108.50 W, 95 %
2026/03/18 12:36:20.241, 108.45 W, 95 %
2026/03/18 12:36:20.341, 108.42 W, 95 %
2026/03/18 12:36:20.442, 108.44 W, 95 %
2026/03/18 12:36:20.542, 108.42 W, 95 %
2026/03/18 12:36:20.642, 108.38 W, 95 %
2026/03/18 12:36:20.742, 108.35 W, 95 %
2026/03/18 12:36:20.842, 108.34 W, 95 %
2026/03/18 12:36:20.942, 108.30 W, 95 %
2026/03/18 12:36:21.042, 108.34 W, 95 %
2026/03/18 12:36:21.143, 108.32 W, 95 %
2026/03/18 12:36:21.243, 108.41 W, 95 %
2026/03/18 12:36:21.343, 108.42 W, 95 %
2026/03/18 12:36:21.443, 108.42 W, 95 %
2026/03/18 12:36:21.543, 108.43 W, 95 %
2026/03/18 12:36:21.643, 108.45 W, 95 %
2026/03/18 12:36:21.743, 108.51 W, 95 %
2026/03/18 12:36:21.844, 108.56 W, 95 %
2026/03/18 12:36:21.944, 108.64 W, 95 %
2026/03/18 12:36:22.044, 108.62 W, 95 %
2026/03/18 12:36:22.144, 108.54 W, 95 %
2026/03/18 12:36:22.244, 108.51 W, 95 %
2026/03/18 12:36:22.344, 108.46 W, 95 %
2026/03/18 12:36:22.444, 108.50 W, 95 %
2026/03/18 12:36:22.545, 108.51 W, 95 %
2026/03/18 12:36:22.645, 108.45 W, 95 %
2026/03/18 12:36:22.745, 108.44 W, 95 %
2026/03/18 12:36:22.845, 108.42 W, 95 %
2026/03/18 12:36:22.945, 108.44 W, 95 %
2026/03/18 12:36:23.045, 108.38 W, 95 %
2026/03/18 12:36:23.145, 108.51 W, 95 %
2026/03/18 12:36:23.246, 108.53 W, 95 %
2026/03/18 12:36:23.346, 108.62 W, 95 %
2026/03/18 12:36:23.446, 108.53 W, 95 %
2026/03/18 12:36:23.546, 108.39 W, 95 %
2026/03/18 12:36:23.646, 108.51 W, 95 %
2026/03/18 12:36:23.746, 108.53 W, 95 %
2026/03/18 12:36:23.846, 108.50 W, 95 %
2026/03/18 12:36:23.947, 108.40 W, 95 %
2026/03/18 12:36:24.047, 108.42 W, 95 %
2026/03/18 12:36:24.147, 108.41 W, 95 %
2026/03/18 12:36:24.247, 108.40 W, 95 %
2026/03/18 12:36:24.347, 108.40 W, 95 %
2026/03/18 12:36:24.447, 108.50 W, 95 %
2026/03/18 12:36:24.547, 108.63 W, 95 %
2026/03/18 12:36:24.648, 108.57 W, 95 %
2026/03/18 12:36:24.748, 108.53 W, 95 %
2026/03/18 12:36:24.848, 108.52 W, 95 %
2026/03/18 12:36:24.948, 108.54 W, 95 %
2026/03/18 12:36:25.048, 108.53 W, 95 %
2026/03/18 12:36:25.148, 108.51 W, 95 %
2026/03/18 12:36:25.248, 108.52 W, 95 %
2026/03/18 12:36:25.349, 108.42 W, 95 %
2026/03/18 12:36:25.449, 108.38 W, 95 %
2026/03/18 12:36:25.549, 108.38 W, 95 %
2026/03/18 12:36:25.649, 108.34 W, 95 %
2026/03/18 12:36:25.749, 108.32 W, 95 %
2026/03/18 12:36:25.849, 108.37 W, 95 %
2026/03/18 12:36:25.949, 108.40 W, 95 %
2026/03/18 12:36:26.050, 108.44 W, 95 %
2026/03/18 12:36:26.150, 108.43 W, 95 %
2026/03/18 12:36:26.250, 108.38 W, 95 %
2026/03/18 12:36:26.350, 108.40 W, 95 %
2026/03/18 12:36:26.450, 108.37 W, 95 %
2026/03/18 12:36:26.550, 108.32 W, 95 %
2026/03/18 12:36:26.650, 108.40 W, 95 %
2026/03/18 12:36:26.751, 108.41 W, 95 %
2026/03/18 12:36:26.851, 108.35 W, 95 %
2026/03/18 12:36:26.951, 108.31 W, 95 %
2026/03/18 12:36:27.051, 108.27 W, 95 %
2026/03/18 12:36:27.151, 108.32 W, 95 %
2026/03/18 12:36:27.251, 108.40 W, 95 %
2026/03/18 12:36:27.351, 108.38 W, 95 %
2026/03/18 12:36:27.451, 108.40 W, 95 %
2026/03/18 12:36:27.552, 108.49 W, 95 %
2026/03/18 12:36:27.652, 108.49 W, 95 %
2026/03/18 12:36:27.752, 108.46 W, 95 %
2026/03/18 12:36:27.852, 108.48 W, 95 %
2026/03/18 12:36:27.952, 108.54 W, 95 %
2026/03/18 12:36:28.052, 108.53 W, 95 %
2026/03/18 12:36:28.152, 108.53 W, 95 %
2026/03/18 12:36:28.253, 108.49 W, 95 %
2026/03/18 12:36:28.353, 108.50 W, 95 %
2026/03/18 12:36:28.453, 108.53 W, 95 %
2026/03/18 12:36:28.553, 108.52 W, 95 %
2026/03/18 12:36:28.653, 108.46 W, 95 %
2026/03/18 12:36:28.753, 108.54 W, 95 %
2026/03/18 12:36:28.853, 108.52 W, 95 %
2026/03/18 12:36:28.954, 108.48 W, 95 %
2026/03/18 12:36:29.054, 108.52 W, 95 %
2026/03/18 12:36:29.154, 108.51 W, 95 %
2026/03/18 12:36:29.254, 108.35 W, 95 %
2026/03/18 12:36:29.354, 108.26 W, 95 %
2026/03/18 12:36:29.454, 108.21 W, 95 %
2026/03/18 12:36:29.554, 108.23 W, 95 %
2026/03/18 12:36:29.655, 108.26 W, 95 %
2026/03/18 12:36:29.755, 108.23 W, 95 %
2026/03/18 12:36:29.855, 108.27 W, 95 %
2026/03/18 12:36:29.955, 108.30 W, 95 %
2026/03/18 12:36:30.055, 108.29 W, 95 %
2026/03/18 12:36:30.155, 108.28 W, 95 %
2026/03/18 12:36:30.255, 108.38 W, 95 %
2026/03/18 12:36:30.356, 108.52 W, 95 %
2026/03/18 12:36:30.456, 108.58 W, 95 %
2026/03/18 12:36:30.556, 108.56 W, 95 %
2026/03/18 12:36:30.656, 108.50 W, 95 %
2026/03/18 12:36:30.756, 108.46 W, 95 %
2026/03/18 12:36:30.856, 108.44 W, 95 %
2026/03/18 12:36:30.956, 108.43 W, 95 %
2026/03/18 12:36:31.057, 108.35 W, 95 %
2026/03/18 12:36:31.157, 108.36 W, 95 %
2026/03/18 12:36:31.257, 108.36 W, 95 %
2026/03/18 12:36:31.357, 108.28 W, 95 %
2026/03/18 12:36:31.457, 108.19 W, 95 %
2026/03/18 12:36:31.557, 108.14 W, 95 %
2026/03/18 12:36:31.657, 108.22 W, 95 %
2026/03/18 12:36:31.758, 108.36 W, 95 %
2026/03/18 12:36:31.858, 108.37 W, 95 %
2026/03/18 12:36:31.958, 108.35 W, 95 %
2026/03/18 12:36:32.058, 108.43 W, 95 %
2026/03/18 12:36:32.158, 108.37 W, 95 %
2026/03/18 12:36:32.258, 108.37 W, 95 %
2026/03/18 12:36:32.358, 108.39 W, 95 %
2026/03/18 12:36:32.459, 108.42 W, 95 %
2026/03/18 12:36:32.559, 108.43 W, 95 %
2026/03/18 12:36:32.659, 108.44 W, 95 %
2026/03/18 12:36:32.759, 108.32 W, 95 %
2026/03/18 12:36:32.859, 108.31 W, 95 %
2026/03/18 12:36:32.959, 108.37 W, 95 %
2026/03/18 12:36:33.059, 108.36 W, 95 %
2026/03/18 12:36:33.160, 108.37 W, 95 %
2026/03/18 12:36:33.260, 108.46 W, 95 %
2026/03/18 12:36:33.360, 108.49 W, 95 %
2026/03/18 12:36:33.460, 108.48 W, 95 %
2026/03/18 12:36:33.560, 108.50 W, 95 %
2026/03/18 12:36:33.660, 108.42 W, 95 %
2026/03/18 12:36:33.760, 108.46 W, 95 %
2026/03/18 12:36:33.861, 108.44 W, 95 %
2026/03/18 12:36:33.961, 108.42 W, 95 %
2026/03/18 12:36:34.061, 108.45 W, 95 %
2026/03/18 12:36:34.161, 108.52 W, 95 %
2026/03/18 12:36:34.261, 108.56 W, 95 %
2026/03/18 12:36:34.361, 108.56 W, 95 %
2026/03/18 12:36:34.461, 108.55 W, 95 %
2026/03/18 12:36:34.562, 108.55 W, 95 %
2026/03/18 12:36:34.662, 108.60 W, 95 %
2026/03/18 12:36:34.762, 108.64 W, 95 %
2026/03/18 12:36:34.862, 108.66 W, 95 %
2026/03/18 12:36:34.962, 108.60 W, 95 %
2026/03/18 12:36:35.062, 108.51 W, 95 %
2026/03/18 12:36:35.162, 108.50 W, 95 %
2026/03/18 12:36:35.263, 108.36 W, 95 %
2026/03/18 12:36:35.363, 108.36 W, 95 %
2026/03/18 12:36:35.463, 108.36 W, 95 %
2026/03/18 12:36:35.563, 108.40 W, 95 %
2026/03/18 12:36:35.663, 108.48 W, 95 %
2026/03/18 12:36:35.763, 108.49 W, 95 %
2026/03/18 12:36:35.863, 108.47 W, 95 %
2026/03/18 12:36:35.964, 108.54 W, 95 %
2026/03/18 12:36:36.064, 108.49 W, 95 %
2026/03/18 12:36:36.164, 108.47 W, 95 %
2026/03/18 12:36:36.264, 108.57 W, 95 %
2026/03/18 12:36:36.364, 108.56 W, 94 %
2026/03/18 12:36:36.464, 108.60 W, 94 %
2026/03/18 12:36:36.564, 108.57 W, 95 %
2026/03/18 12:36:36.665, 108.52 W, 95 %
2026/03/18 12:36:36.765, 108.59 W, 95 %
2026/03/18 12:36:36.865, 108.55 W, 95 %
2026/03/18 12:36:36.965, 108.45 W, 95 %
2026/03/18 12:36:37.065, 108.43 W, 95 %
2026/03/18 12:36:37.165, 108.52 W, 95 %
2026/03/18 12:36:37.265, 108.54 W, 95 %
2026/03/18 12:36:37.365, 108.58 W, 95 %
2026/03/18 12:36:37.466, 108.50 W, 95 %
2026/03/18 12:36:37.566, 108.47 W, 95 %
2026/03/18 12:36:37.666, 108.48 W, 95 %
2026/03/18 12:36:37.766, 108.44 W, 95 %
2026/03/18 12:36:37.866, 108.40 W, 95 %
2026/03/18 12:36:37.966, 108.46 W, 95 %
2026/03/18 12:36:38.066, 108.49 W, 95 %
2026/03/18 12:36:38.167, 108.44 W, 95 %
2026/03/18 12:36:38.267, 108.47 W, 95 %
2026/03/18 12:36:38.367, 108.43 W, 95 %
2026/03/18 12:36:38.467, 108.47 W, 95 %
2026/03/18 12:36:38.567, 108.46 W, 95 %
2026/03/18 12:36:38.667, 108.49 W, 95 %
2026/03/18 12:36:38.768, 108.44 W, 95 %
2026/03/18 12:36:38.868, 108.49 W, 95 %
2026/03/18 12:36:38.968, 108.48 W, 95 %
2026/03/18 12:36:39.068, 108.48 W, 95 %
2026/03/18 12:36:39.168, 108.59 W, 95 %
2026/03/18 12:36:39.268, 108.50 W, 95 %
2026/03/18 12:36:39.368, 108.54 W, 95 %
2026/03/18 12:36:39.468, 108.52 W, 95 %
2026/03/18 12:36:39.569, 108.53 W, 95 %
2026/03/18 12:36:39.669, 108.52 W, 95 %
2026/03/18 12:36:39.769, 108.47 W, 95 %
2026/03/18 12:36:39.869, 108.47 W, 95 %
2026/03/18 12:36:39.969, 108.53 W, 95 %
2026/03/18 12:36:40.069, 108.58 W, 95 %
2026/03/18 12:36:40.169, 108.57 W, 95 %
2026/03/18 12:36:40.270, 108.57 W, 95 %
2026/03/18 12:36:40.370, 108.57 W, 95 %
2026/03/18 12:36:40.470, 108.53 W, 95 %
2026/03/18 12:36:40.570, 108.59 W, 95 %
2026/03/18 12:36:40.670, 108.56 W, 95 %
2026/03/18 12:36:40.770, 108.55 W, 95 %
2026/03/18 12:36:40.870, 108.56 W, 95 %
2026/03/18 12:36:40.971, 108.52 W, 95 %
2026/03/18 12:36:41.071, 108.47 W, 95 %
2026/03/18 12:36:41.171, 108.43 W, 95 %
2026/03/18 12:36:41.271, 108.44 W, 95 %
2026/03/18 12:36:41.371, 108.50 W, 95 %
2026/03/18 12:36:41.471, 108.51 W, 95 %
2026/03/18 12:36:41.571, 108.47 W, 95 %
2026/03/18 12:36:41.672, 108.50 W, 95 %
2026/03/18 12:36:41.772, 108.54 W, 95 %
2026/03/18 12:36:41.872, 108.54 W, 95 %
2026/03/18 12:36:41.972, 108.54 W, 95 %
2026/03/18 12:36:42.072, 108.64 W, 95 %
2026/03/18 12:36:42.172, 108.57 W, 95 %
2026/03/18 12:36:42.272, 108.54 W, 95 %
2026/03/18 12:36:42.373, 108.56 W, 95 %
2026/03/18 12:36:42.473, 108.58 W, 95 %
2026/03/18 12:36:42.573, 108.67 W, 95 %
2026/03/18 12:36:42.673, 108.66 W, 95 %
2026/03/18 12:36:42.773, 108.69 W, 95 %
2026/03/18 12:36:42.873, 108.73 W, 95 %
2026/03/18 12:36:42.973, 108.76 W, 95 %
2026/03/18 12:36:43.074, 108.74 W, 95 %
2026/03/18 12:36:43.174, 108.79 W, 95 %
2026/03/18 12:36:43.274, 108.82 W, 95 %
2026/03/18 12:36:43.374, 108.78 W, 95 %
2026/03/18 12:36:43.474, 108.80 W, 95 %
2026/03/18 12:36:43.574, 108.75 W, 95 %
2026/03/18 12:36:43.674, 108.72 W, 95 %
2026/03/18 12:36:43.775, 108.65 W, 95 %
2026/03/18 12:36:43.875, 108.64 W, 95 %
2026/03/18 12:36:43.975, 108.54 W, 95 %
2026/03/18 12:36:44.075, 108.50 W, 95 %
2026/03/18 12:36:44.175, 108.56 W, 95 %
2026/03/18 12:36:44.275, 108.57 W, 95 %
2026/03/18 12:36:44.375, 108.57 W, 95 %
2026/03/18 12:36:44.476, 108.48 W, 95 %
2026/03/18 12:36:44.576, 108.48 W, 95 %
2026/03/18 12:36:44.676, 108.46 W, 95 %
2026/03/18 12:36:44.776, 108.53 W, 95 %
2026/03/18 12:36:44.876, 108.51 W, 95 %
2026/03/18 12:36:44.976, 108.50 W, 95 %
2026/03/18 12:36:45.076, 108.53 W, 95 %
2026/03/18 12:36:45.177, 108.51 W, 95 %
2026/03/18 12:36:45.277, 108.47 W, 95 %
2026/03/18 12:36:45.377, 108.49 W, 95 %
2026/03/18 12:36:45.477, 108.60 W, 95 %
2026/03/18 12:36:45.577, 108.61 W, 95 %
2026/03/18 12:36:45.677, 108.55 W, 95 %
2026/03/18 12:36:45.777, 108.52 W, 95 %
2026/03/18 12:36:45.878, 108.54 W, 95 %
2026/03/18 12:36:45.978, 108.62 W, 95 %
2026/03/18 12:36:46.078, 108.65 W, 95 %
2026/03/18 12:36:46.178, 108.67 W, 95 %
2026/03/18 12:36:46.278, 108.69 W, 95 %
2026/03/18 12:36:46.378, 108.70 W, 95 %
2026/03/18 12:36:46.479, 108.61 W, 95 %
2026/03/18 12:36:46.579, 108.56 W, 95 %
2026/03/18 12:36:46.679, 108.59 W, 95 %
2026/03/18 12:36:46.779, 108.64 W, 94 %
2026/03/18 12:36:46.879, 108.60 W, 94 %
2026/03/18 12:36:46.979, 108.50 W, 95 %
2026/03/18 12:36:47.079, 108.47 W, 95 %
2026/03/18 12:36:47.180, 108.46 W, 95 %
2026/03/18 12:36:47.280, 108.45 W, 95 %
2026/03/18 12:36:47.380, 108.37 W, 95 %
2026/03/18 12:36:47.480, 108.41 W, 95 %
2026/03/18 12:36:47.580, 108.42 W, 95 %
2026/03/18 12:36:47.680, 108.45 W, 95 %
2026/03/18 12:36:47.780, 108.38 W, 95 %
2026/03/18 12:36:47.880, 108.38 W, 95 %
2026/03/18 12:36:47.981, 108.36 W, 95 %
2026/03/18 12:36:48.081, 108.38 W, 95 %
2026/03/18 12:36:48.181, 108.40 W, 95 %
2026/03/18 12:36:48.281, 108.38 W, 95 %
2026/03/18 12:36:48.381, 108.46 W, 95 %
2026/03/18 12:36:48.481, 108.47 W, 95 %
2026/03/18 12:36:48.582, 108.43 W, 95 %
2026/03/18 12:36:48.682, 108.42 W, 95 %
2026/03/18 12:36:48.782, 108.42 W, 95 %
2026/03/18 12:36:48.882, 108.45 W, 95 %
2026/03/18 12:36:48.982, 108.53 W, 95 %
2026/03/18 12:36:49.082, 108.47 W, 95 %
2026/03/18 12:36:49.182, 108.53 W, 95 %
2026/03/18 12:36:49.283, 108.62 W, 95 %
2026/03/18 12:36:49.383, 108.61 W, 95 %
2026/03/18 12:36:49.483, 108.57 W, 95 %
2026/03/18 12:36:49.583, 108.62 W, 95 %
2026/03/18 12:36:49.683, 108.56 W, 95 %
2026/03/18 12:36:49.783, 108.61 W, 95 %
2026/03/18 12:36:49.883, 108.64 W, 95 %
2026/03/18 12:36:49.984, 108.61 W, 95 %
2026/03/18 12:36:50.084, 108.63 W, 95 %
2026/03/18 12:36:50.184, 108.56 W, 95 %
2026/03/18 12:36:50.284, 108.49 W, 95 %
2026/03/18 12:36:50.384, 108.50 W, 95 %
2026/03/18 12:36:50.484, 108.52 W, 95 %
2026/03/18 12:36:50.584, 108.51 W, 95 %
2026/03/18 12:36:50.685, 108.57 W, 95 %
2026/03/18 12:36:50.785, 108.55 W, 95 %
2026/03/18 12:36:50.885, 108.54 W, 95 %
2026/03/18 12:36:50.985, 108.54 W, 95 %
2026/03/18 12:36:51.085, 108.57 W, 95 %
2026/03/18 12:36:51.185, 108.60 W, 95 %
2026/03/18 12:36:51.285, 108.61 W, 95 %
2026/03/18 12:36:51.386, 108.60 W, 95 %
2026/03/18 12:36:51.486, 108.59 W, 95 %
2026/03/18 12:36:51.586, 108.60 W, 95 %
2026/03/18 12:36:51.686, 108.58 W, 95 %
2026/03/18 12:36:51.786, 108.64 W, 95 %
2026/03/18 12:36:51.886, 108.66 W, 95 %
2026/03/18 12:36:51.986, 108.66 W, 95 %
2026/03/18 12:36:52.087, 108.65 W, 95 %
2026/03/18 12:36:52.187, 108.63 W, 95 %
2026/03/18 12:36:52.287, 108.65 W, 95 %
2026/03/18 12:36:52.387, 108.71 W, 95 %
2026/03/18 12:36:52.487, 108.72 W, 95 %
2026/03/18 12:36:52.587, 108.68 W, 95 %
2026/03/18 12:36:52.687, 108.62 W, 95 %
2026/03/18 12:36:52.788, 108.52 W, 95 %
2026/03/18 12:36:52.888, 108.50 W, 95 %
2026/03/18 12:36:52.988, 108.48 W, 95 %
2026/03/18 12:36:53.088, 108.45 W, 95 %
2026/03/18 12:36:53.188, 108.51 W, 95 %
2026/03/18 12:36:53.288, 108.58 W, 95 %
2026/03/18 12:36:53.388, 108.51 W, 95 %
2026/03/18 12:36:53.489, 108.45 W, 95 %
2026/03/18 12:36:53.589, 108.43 W, 95 %
2026/03/18 12:36:53.689, 108.50 W, 95 %
2026/03/18 12:36:53.789, 108.52 W, 95 %
2026/03/18 12:36:53.889, 108.56 W, 95 %
2026/03/18 12:36:53.989, 108.64 W, 95 %
2026/03/18 12:36:54.089, 108.67 W, 95 %
2026/03/18 12:36:54.190, 108.61 W, 95 %
2026/03/18 12:36:54.290, 108.52 W, 95 %
2026/03/18 12:36:54.390, 108.52 W, 95 %
2026/03/18 12:36:54.490, 108.54 W, 95 %
2026/03/18 12:36:54.590, 108.56 W, 95 %
2026/03/18 12:36:54.690, 108.46 W, 95 %
2026/03/18 12:36:54.790, 108.47 W, 95 %
2026/03/18 12:36:54.891, 108.46 W, 95 %
2026/03/18 12:36:54.991, 108.39 W, 95 %
2026/03/18 12:36:55.091, 108.37 W, 95 %
2026/03/18 12:36:55.191, 108.41 W, 95 %
2026/03/18 12:36:55.291, 108.37 W, 95 %
2026/03/18 12:36:55.391, 108.36 W, 95 %
2026/03/18 12:36:55.491, 108.37 W, 95 %
2026/03/18 12:36:55.592, 108.36 W, 95 %
2026/03/18 12:36:55.692, 108.43 W, 95 %
2026/03/18 12:36:55.792, 108.42 W, 95 %
2026/03/18 12:36:55.892, 108.47 W, 95 %
2026/03/18 12:36:55.992, 108.49 W, 95 %
2026/03/18 12:36:56.092, 108.46 W, 95 %
2026/03/18 12:36:56.192, 108.49 W, 95 %
2026/03/18 12:36:56.293, 108.51 W, 95 %
2026/03/18 12:36:56.393, 108.56 W, 95 %
2026/03/18 12:36:56.493, 108.59 W, 95 %
2026/03/18 12:36:56.593, 108.57 W, 95 %
2026/03/18 12:36:56.693, 108.52 W, 95 %
2026/03/18 12:36:56.793, 108.54 W, 95 %
2026/03/18 12:36:56.893, 108.55 W, 95 %
2026/03/18 12:36:56.994, 108.54 W, 95 %
2026/03/18 12:36:57.094, 108.62 W, 95 %
2026/03/18 12:36:57.194, 108.61 W, 95 %
2026/03/18 12:36:57.294, 108.60 W, 95 %
2026/03/18 12:36:57.394, 108.64 W, 95 %
2026/03/18 12:36:57.494, 108.68 W, 95 %
2026/03/18 12:36:57.594, 108.68 W, 95 %
2026/03/18 12:36:57.695, 108.81 W, 95 %
2026/03/18 12:36:57.795, 108.88 W, 95 %
2026/03/18 12:36:57.895, 108.79 W, 95 %
2026/03/18 12:36:57.995, 108.85 W, 95 %
2026/03/18 12:36:58.095, 108.78 W, 95 %
2026/03/18 12:36:58.195, 108.74 W, 95 %
2026/03/18 12:36:58.295, 108.73 W, 95 %
2026/03/18 12:36:58.395, 108.69 W, 95 %
2026/03/18 12:36:58.496, 108.59 W, 95 %
2026/03/18 12:36:58.596, 108.60 W, 95 %
2026/03/18 12:36:58.696, 108.53 W, 95 %
2026/03/18 12:36:58.796, 108.46 W, 95 %
2026/03/18 12:36:58.896, 108.48 W, 95 %
2026/03/18 12:36:58.996, 108.40 W, 95 %
2026/03/18 12:36:59.096, 108.46 W, 95 %
2026/03/18 12:36:59.197, 108.50 W, 95 %
2026/03/18 12:36:59.297, 108.50 W, 95 %
2026/03/18 12:36:59.397, 108.54 W, 95 %
2026/03/18 12:36:59.497, 108.52 W, 95 %
2026/03/18 12:36:59.597, 108.47 W, 95 %
2026/03/18 12:36:59.697, 108.53 W, 95 %
2026/03/18 12:36:59.797, 108.54 W, 95 %
2026/03/18 12:36:59.898, 108.50 W, 95 %
2026/03/18 12:36:59.998, 108.55 W, 95 %
2026/03/18 12:37:00.098, 108.51 W, 95 %
2026/03/18 12:37:00.198, 108.57 W, 95 %
2026/03/18 12:37:00.298, 108.64 W, 95 %
2026/03/18 12:37:00.398, 108.57 W, 95 %
2026/03/18 12:37:00.498, 108.61 W, 95 %
2026/03/18 12:37:00.599, 108.64 W, 95 %
2026/03/18 12:37:00.699, 108.68 W, 95 %
2026/03/18 12:37:00.799, 108.69 W, 95 %
2026/03/18 12:37:00.899, 108.74 W, 95 %
2026/03/18 12:37:00.999, 108.79 W, 95 %
2026/03/18 12:37:01.099, 108.74 W, 95 %
2026/03/18 12:37:01.199, 108.65 W, 95 %
2026/03/18 12:37:01.300, 108.57 W, 95 %
2026/03/18 12:37:01.400, 108.57 W, 95 %
2026/03/18 12:37:01.500, 108.61 W, 95 %
2026/03/18 12:37:01.600, 108.61 W, 95 %
2026/03/18 12:37:01.700, 108.50 W, 95 %
2026/03/18 12:37:01.800, 108.46 W, 95 %
2026/03/18 12:37:01.900, 108.41 W, 95 %
2026/03/18 12:37:02.001, 108.47 W, 95 %
2026/03/18 12:37:02.101, 108.49 W, 95 %
2026/03/18 12:37:02.201, 108.46 W, 95 %
2026/03/18 12:37:02.301, 108.43 W, 95 %
2026/03/18 12:37:02.401, 108.39 W, 95 %
2026/03/18 12:37:02.501, 108.36 W, 95 %
2026/03/18 12:37:02.601, 108.36 W, 95 %
2026/03/18 12:37:02.702, 108.36 W, 95 %
2026/03/18 12:37:02.802, 108.30 W, 95 %
2026/03/18 12:37:02.902, 108.33 W, 95 %
2026/03/18 12:37:03.002, 108.31 W, 95 %
2026/03/18 12:37:03.102, 108.29 W, 95 %
2026/03/18 12:37:03.202, 108.32 W, 95 %
2026/03/18 12:37:03.302, 108.37 W, 95 %
2026/03/18 12:37:03.403, 108.40 W, 95 %
2026/03/18 12:37:03.503, 108.46 W, 95 %
2026/03/18 12:37:03.603, 108.42 W, 95 %
2026/03/18 12:37:03.703, 108.45 W, 95 %
2026/03/18 12:37:03.803, 108.53 W, 95 %
2026/03/18 12:37:03.903, 108.46 W, 95 %
2026/03/18 12:37:04.003, 108.45 W, 95 %
2026/03/18 12:37:04.104, 108.42 W, 95 %
2026/03/18 12:37:04.204, 108.44 W, 95 %
2026/03/18 12:37:04.304, 108.36 W, 95 %
2026/03/18 12:37:04.404, 108.41 W, 95 %
2026/03/18 12:37:04.504, 108.40 W, 95 %
2026/03/18 12:37:04.604, 108.42 W, 95 %
2026/03/18 12:37:04.704, 108.40 W, 95 %
2026/03/18 12:37:04.805, 108.40 W, 95 %
2026/03/18 12:37:04.905, 108.46 W, 95 %
2026/03/18 12:37:05.005, 108.46 W, 95 %
2026/03/18 12:37:05.105, 108.48 W, 95 %
2026/03/18 12:37:05.205, 108.41 W, 95 %
2026/03/18 12:37:05.305, 108.44 W, 95 %
2026/03/18 12:37:05.405, 108.45 W, 95 %
2026/03/18 12:37:05.506, 108.47 W, 95 %
2026/03/18 12:37:05.606, 108.49 W, 95 %
2026/03/18 12:37:05.706, 108.51 W, 95 %
2026/03/18 12:37:05.806, 108.45 W, 95 %
2026/03/18 12:37:05.906, 108.41 W, 95 %
2026/03/18 12:37:06.006, 108.44 W, 95 %
2026/03/18 12:37:06.106, 108.48 W, 95 %
2026/03/18 12:37:06.207, 108.47 W, 95 %
2026/03/18 12:37:06.307, 108.52 W, 95 %
2026/03/18 12:37:06.407, 108.50 W, 95 %
2026/03/18 12:37:06.507, 108.48 W, 95 %
2026/03/18 12:37:06.607, 108.52 W, 95 %
2026/03/18 12:37:06.707, 108.53 W, 95 %
2026/03/18 12:37:06.807, 108.59 W, 95 %
2026/03/18 12:37:06.908, 108.57 W, 95 %
2026/03/18 12:37:07.008, 108.53 W, 95 %
2026/03/18 12:37:07.108, 108.49 W, 95 %
2026/03/18 12:37:07.208, 108.53 W, 95 %
2026/03/18 12:37:07.308, 108.48 W, 95 %
2026/03/18 12:37:07.408, 108.48 W, 95 %
2026/03/18 12:37:07.508, 108.43 W, 95 %
2026/03/18 12:37:07.608, 108.44 W, 95 %
2026/03/18 12:37:07.709, 108.34 W, 95 %
2026/03/18 12:37:07.809, 108.30 W, 95 %
2026/03/18 12:37:07.909, 108.29 W, 95 %
2026/03/18 12:37:08.009, 108.26 W, 95 %
2026/03/18 12:37:08.109, 108.19 W, 95 %
2026/03/18 12:37:08.209, 108.19 W, 95 %
2026/03/18 12:37:08.309, 108.17 W, 95 %
2026/03/18 12:37:08.410, 108.20 W, 95 %
2026/03/18 12:37:08.510, 108.25 W, 95 %
2026/03/18 12:37:08.610, 108.21 W, 95 %
2026/03/18 12:37:08.710, 108.24 W, 95 %
2026/03/18 12:37:08.810, 108.24 W, 95 %
2026/03/18 12:37:08.910, 108.32 W, 95 %
2026/03/18 12:37:09.010, 108.34 W, 95 %
2026/03/18 12:37:09.111, 108.39 W, 95 %
2026/03/18 12:37:09.211, 108.38 W, 95 %
2026/03/18 12:37:09.311, 108.46 W, 95 %
2026/03/18 12:37:09.411, 108.45 W, 95 %
2026/03/18 12:37:09.511, 108.44 W, 95 %
2026/03/18 12:37:09.611, 108.46 W, 95 %
2026/03/18 12:37:09.711, 108.48 W, 95 %
2026/03/18 12:37:09.812, 108.43 W, 95 %
2026/03/18 12:37:09.912, 108.45 W, 95 %
2026/03/18 12:37:10.012, 108.45 W, 95 %
2026/03/18 12:37:10.112, 108.44 W, 95 %
2026/03/18 12:37:10.212, 108.44 W, 95 %
2026/03/18 12:37:10.312, 108.41 W, 95 %
2026/03/18 12:37:10.412, 108.42 W, 95 %
2026/03/18 12:37:10.513, 108.39 W, 95 %
2026/03/18 12:37:10.613, 108.34 W, 95 %
2026/03/18 12:37:10.713, 108.37 W, 95 %
2026/03/18 12:37:10.813, 108.43 W, 95 %
2026/03/18 12:37:10.913, 108.35 W, 95 %
2026/03/18 12:37:11.013, 108.32 W, 95 %
2026/03/18 12:37:11.113, 108.34 W, 95 %
2026/03/18 12:37:11.214, 108.38 W, 95 %
2026/03/18 12:37:11.314, 108.35 W, 95 %
2026/03/18 12:37:11.414, 108.37 W, 95 %
2026/03/18 12:37:11.514, 108.41 W, 95 %
2026/03/18 12:37:11.614, 108.42 W, 95 %
2026/03/18 12:37:11.714, 108.44 W, 95 %
2026/03/18 12:37:11.814, 108.45 W, 95 %
2026/03/18 12:37:11.915, 108.46 W, 95 %
2026/03/18 12:37:12.015, 108.49 W, 95 %
2026/03/18 12:37:12.115, 108.48 W, 95 %
2026/03/18 12:37:12.215, 108.49 W, 95 %
2026/03/18 12:37:12.315, 108.55 W, 95 %
2026/03/18 12:37:12.415, 108.53 W, 95 %
2026/03/18 12:37:12.515, 108.51 W, 95 %
2026/03/18 12:37:12.616, 108.49 W, 95 %
2026/03/18 12:37:12.716, 108.45 W, 95 %
2026/03/18 12:37:12.816, 108.49 W, 95 %
2026/03/18 12:37:12.916, 108.49 W, 95 %
2026/03/18 12:37:13.016, 108.50 W, 95 %
2026/03/18 12:37:13.116, 108.47 W, 95 %
2026/03/18 12:37:13.216, 108.49 W, 95 %
2026/03/18 12:37:13.317, 108.47 W, 95 %
2026/03/18 12:37:13.417, 108.44 W, 95 %
2026/03/18 12:37:13.517, 108.43 W, 95 %
2026/03/18 12:37:13.617, 108.45 W, 95 %
2026/03/18 12:37:13.717, 108.52 W, 95 %
2026/03/18 12:37:13.817, 108.44 W, 95 %
2026/03/18 12:37:13.917, 108.42 W, 95 %
2026/03/18 12:37:14.018, 108.44 W, 95 %
2026/03/18 12:37:14.118, 108.46 W, 95 %
2026/03/18 12:37:14.218, 108.44 W, 95 %
2026/03/18 12:37:14.318, 108.42 W, 95 %
2026/03/18 12:37:14.418, 108.43 W, 95 %
2026/03/18 12:37:14.518, 108.46 W, 95 %
2026/03/18 12:37:14.618, 108.43 W, 95 %
2026/03/18 12:37:14.719, 108.38 W, 95 %
2026/03/18 12:37:14.819, 108.40 W, 95 %
2026/03/18 12:37:14.919, 108.40 W, 95 %
2026/03/18 12:37:15.019, 108.38 W, 95 %
2026/03/18 12:37:15.119, 108.36 W, 95 %
2026/03/18 12:37:15.219, 108.39 W, 95 %
2026/03/18 12:37:15.319, 108.39 W, 95 %
2026/03/18 12:37:15.420, 108.38 W, 95 %
2026/03/18 12:37:15.520, 108.36 W, 95 %
2026/03/18 12:37:15.620, 108.43 W, 95 %
2026/03/18 12:37:15.720, 108.42 W, 95 %
2026/03/18 12:37:15.820, 108.39 W, 95 %
2026/03/18 12:37:15.920, 108.42 W, 95 %
2026/03/18 12:37:16.020, 108.41 W, 95 %
2026/03/18 12:37:16.121, 108.38 W, 95 %
2026/03/18 12:37:16.221, 108.35 W, 95 %
2026/03/18 12:37:16.321, 108.31 W, 95 %
2026/03/18 12:37:16.421, 108.30 W, 95 %
2026/03/18 12:37:16.521, 108.36 W, 95 %
2026/03/18 12:37:16.621, 108.31 W, 95 %
2026/03/18 12:37:16.721, 108.31 W, 95 %
2026/03/18 12:37:16.822, 108.35 W, 95 %
2026/03/18 12:37:16.922, 108.33 W, 95 %
2026/03/18 12:37:17.022, 108.26 W, 95 %
2026/03/18 12:37:17.122, 108.35 W, 95 %
2026/03/18 12:37:17.222, 108.40 W, 95 %
2026/03/18 12:37:17.322, 108.42 W, 95 %
2026/03/18 12:37:17.422, 108.48 W, 95 %
2026/03/18 12:37:17.523, 108.49 W, 95 %
2026/03/18 12:37:17.623, 108.47 W, 95 %
2026/03/18 12:37:17.723, 108.46 W, 95 %
2026/03/18 12:37:17.823, 108.43 W, 95 %
2026/03/18 12:37:17.923, 108.39 W, 95 %
2026/03/18 12:37:18.023, 108.47 W, 95 %
2026/03/18 12:37:18.123, 108.48 W, 95 %
2026/03/18 12:37:18.224, 108.49 W, 95 %
2026/03/18 12:37:18.324, 108.50 W, 95 %
2026/03/18 12:37:18.424, 108.50 W, 95 %
2026/03/18 12:37:18.524, 108.48 W, 95 %
2026/03/18 12:37:18.624, 108.49 W, 95 %
2026/03/18 12:37:18.724, 108.52 W, 95 %
2026/03/18 12:37:18.824, 108.54 W, 95 %
2026/03/18 12:37:18.925, 108.58 W, 95 %
2026/03/18 12:37:19.025, 108.56 W, 95 %
2026/03/18 12:37:19.125, 108.57 W, 95 %
2026/03/18 12:37:19.225, 108.57 W, 95 %
2026/03/18 12:37:19.325, 108.57 W, 95 %
2026/03/18 12:37:19.425, 108.56 W, 95 %
2026/03/18 12:37:19.525, 108.55 W, 95 %
2026/03/18 12:37:19.626, 108.55 W, 95 %
2026/03/18 12:37:19.726, 108.49 W, 95 %
2026/03/18 12:37:19.826, 108.51 W, 95 %
2026/03/18 12:37:19.926, 108.50 W, 95 %
2026/03/18 12:37:20.026, 108.45 W, 95 %
2026/03/18 12:37:20.126, 108.46 W, 95 %
2026/03/18 12:37:20.226, 108.47 W, 95 %
2026/03/18 12:37:20.327, 108.44 W, 95 %
2026/03/18 12:37:20.427, 108.38 W, 95 %
2026/03/18 12:37:20.527, 108.42 W, 95 %
2026/03/18 12:37:20.627, 108.47 W, 95 %
2026/03/18 12:37:20.727, 108.47 W, 95 %
2026/03/18 12:37:20.827, 108.43 W, 95 %
2026/03/18 12:37:20.927, 108.43 W, 95 %
2026/03/18 12:37:21.028, 108.42 W, 95 %
2026/03/18 12:37:21.128, 108.45 W, 95 %
2026/03/18 12:37:21.228, 108.43 W, 95 %
2026/03/18 12:37:21.328, 108.44 W, 95 %
2026/03/18 12:37:21.428, 108.50 W, 95 %
2026/03/18 12:37:21.528, 108.47 W, 95 %
2026/03/18 12:37:21.628, 108.49 W, 95 %
2026/03/18 12:37:21.729, 108.54 W, 95 %
2026/03/18 12:37:21.829, 108.54 W, 95 %
2026/03/18 12:37:21.929, 108.57 W, 95 %
2026/03/18 12:37:22.029, 108.60 W, 95 %
2026/03/18 12:37:22.129, 108.57 W, 95 %
2026/03/18 12:37:22.229, 108.60 W, 95 %
2026/03/18 12:37:22.329, 108.55 W, 95 %
2026/03/18 12:37:22.430, 108.59 W, 95 %
2026/03/18 12:37:22.530, 108.54 W, 95 %
2026/03/18 12:37:22.630, 108.46 W, 95 %
2026/03/18 12:37:22.730, 108.39 W, 94 %
2026/03/18 12:37:22.830, 108.36 W, 94 %
2026/03/18 12:37:22.930, 108.32 W, 95 %
2026/03/18 12:37:23.030, 108.29 W, 95 %
2026/03/18 12:37:23.131, 108.24 W, 95 %
2026/03/18 12:37:23.231, 108.25 W, 95 %
2026/03/18 12:37:23.331, 108.21 W, 95 %
2026/03/18 12:37:23.431, 108.21 W, 95 %
2026/03/18 12:37:23.531, 108.19 W, 95 %
2026/03/18 12:37:23.631, 108.25 W, 95 %
2026/03/18 12:37:23.731, 108.24 W, 95 %
2026/03/18 12:37:23.832, 108.30 W, 95 %
2026/03/18 12:37:23.932, 108.29 W, 95 %
2026/03/18 12:37:24.032, 108.32 W, 95 %
2026/03/18 12:37:24.132, 108.39 W, 95 %
2026/03/18 12:37:24.232, 108.37 W, 95 %
2026/03/18 12:37:24.332, 108.42 W, 95 %
2026/03/18 12:37:24.432, 108.39 W, 95 %
2026/03/18 12:37:24.533, 108.32 W, 95 %
2026/03/18 12:37:24.633, 108.29 W, 95 %
2026/03/18 12:37:24.733, 108.28 W, 95 %
2026/03/18 12:37:24.833, 108.27 W, 95 %
2026/03/18 12:37:24.933, 108.37 W, 95 %
2026/03/18 12:37:25.033, 108.36 W, 95 %
2026/03/18 12:37:25.133, 108.40 W, 95 %
2026/03/18 12:37:25.234, 108.35 W, 95 %
2026/03/18 12:37:25.334, 108.34 W, 95 %
2026/03/18 12:37:25.434, 108.41 W, 95 %
2026/03/18 12:37:25.534, 108.46 W, 95 %
2026/03/18 12:37:25.634, 108.47 W, 95 %
2026/03/18 12:37:25.734, 108.49 W, 95 %
2026/03/18 12:37:25.834, 108.48 W, 95 %
2026/03/18 12:37:25.935, 108.42 W, 95 %
2026/03/18 12:37:26.035, 108.41 W, 95 %
2026/03/18 12:37:26.135, 108.33 W, 95 %
2026/03/18 12:37:26.235, 108.33 W, 95 %
2026/03/18 12:37:26.335, 108.32 W, 95 %
2026/03/18 12:37:26.435, 108.30 W, 95 %
2026/03/18 12:37:26.535, 108.29 W, 95 %
2026/03/18 12:37:26.636, 108.31 W, 95 %
2026/03/18 12:37:26.736, 108.29 W, 95 %
2026/03/18 12:37:26.836, 108.36 W, 95 %
2026/03/18 12:37:26.936, 108.34 W, 95 %
2026/03/18 12:37:27.036, 108.36 W, 95 %
2026/03/18 12:37:27.136, 108.42 W, 95 %
2026/03/18 12:37:27.236, 108.41 W, 95 %
2026/03/18 12:37:27.337, 108.38 W, 95 %
2026/03/18 12:37:27.437, 108.41 W, 95 %
2026/03/18 12:37:27.537, 108.41 W, 95 %
2026/03/18 12:37:27.637, 108.30 W, 95 %
2026/03/18 12:37:27.737, 108.31 W, 95 %
2026/03/18 12:37:27.837, 108.23 W, 95 %
2026/03/18 12:37:27.937, 108.28 W, 94 %
2026/03/18 12:37:28.038, 108.25 W, 94 %
2026/03/18 12:37:28.138, 108.19 W, 95 %
2026/03/18 12:37:28.238, 108.23 W, 95 %
2026/03/18 12:37:28.338, 108.30 W, 95 %
2026/03/18 12:37:28.438, 108.24 W, 95 %
2026/03/18 12:37:28.538, 108.25 W, 95 %
2026/03/18 12:37:28.638, 108.40 W, 95 %
2026/03/18 12:37:28.739, 108.41 W, 95 %
2026/03/18 12:37:28.839, 108.47 W, 95 %
2026/03/18 12:37:28.939, 108.46 W, 95 %
2026/03/18 12:37:29.039, 108.45 W, 95 %
2026/03/18 12:37:29.139, 108.46 W, 95 %
2026/03/18 12:37:29.239, 108.48 W, 95 %
2026/03/18 12:37:29.339, 108.45 W, 95 %
2026/03/18 12:37:29.440, 108.45 W, 95 %
2026/03/18 12:37:29.540, 108.48 W, 95 %
2026/03/18 12:37:29.640, 108.44 W, 95 %
2026/03/18 12:37:29.740, 108.42 W, 95 %
2026/03/18 12:37:29.840, 108.40 W, 95 %
2026/03/18 12:37:29.940, 108.44 W, 95 %
2026/03/18 12:37:30.040, 108.45 W, 95 %
2026/03/18 12:37:30.140, 108.49 W, 95 %
2026/03/18 12:37:30.241, 108.47 W, 95 %
2026/03/18 12:37:30.341, 108.50 W, 95 %
2026/03/18 12:37:30.441, 108.44 W, 95 %
2026/03/18 12:37:30.541, 108.40 W, 95 %
2026/03/18 12:37:30.641, 108.32 W, 95 %
2026/03/18 12:37:30.741, 108.35 W, 95 %
2026/03/18 12:37:30.841, 108.44 W, 95 %
2026/03/18 12:37:30.942, 108.39 W, 95 %
2026/03/18 12:37:31.042, 108.38 W, 95 %
2026/03/18 12:37:31.142, 108.34 W, 95 %
2026/03/18 12:37:31.242, 108.30 W, 95 %
2026/03/18 12:37:31.342, 108.29 W, 95 %
2026/03/18 12:37:31.442, 108.28 W, 95 %
2026/03/18 12:37:31.542, 108.32 W, 95 %
2026/03/18 12:37:31.643, 108.37 W, 95 %
2026/03/18 12:37:31.743, 108.40 W, 95 %
2026/03/18 12:37:31.843, 108.34 W, 95 %
2026/03/18 12:37:31.943, 108.38 W, 95 %
2026/03/18 12:37:32.043, 108.45 W, 95 %
2026/03/18 12:37:32.143, 108.36 W, 95 %
2026/03/18 12:37:32.243, 108.45 W, 95 %
2026/03/18 12:37:32.344, 108.44 W, 95 %
2026/03/18 12:37:32.444, 108.42 W, 95 %
2026/03/18 12:37:32.544, 108.45 W, 95 %
2026/03/18 12:37:32.644, 108.39 W, 95 %
2026/03/18 12:37:32.744, 108.38 W, 95 %
2026/03/18 12:37:32.844, 108.36 W, 95 %
2026/03/18 12:37:32.945, 108.30 W, 95 %
2026/03/18 12:37:33.045, 108.21 W, 95 %
2026/03/18 12:37:33.145, 108.24 W, 95 %
2026/03/18 12:37:33.245, 108.29 W, 95 %
2026/03/18 12:37:33.345, 108.25 W, 95 %
2026/03/18 12:37:33.445, 108.26 W, 95 %
2026/03/18 12:37:33.545, 108.23 W, 95 %
2026/03/18 12:37:33.646, 108.22 W, 95 %
2026/03/18 12:37:33.746, 108.20 W, 95 %
2026/03/18 12:37:33.846, 108.19 W, 95 %
2026/03/18 12:37:33.946, 108.25 W, 95 %
2026/03/18 12:37:34.046, 108.33 W, 95 %
2026/03/18 12:37:34.146, 108.39 W, 95 %
2026/03/18 12:37:34.246, 108.36 W, 95 %
2026/03/18 12:37:34.347, 108.37 W, 95 %
2026/03/18 12:37:34.447, 108.36 W, 95 %
2026/03/18 12:37:34.547, 108.37 W, 95 %
2026/03/18 12:37:34.647, 108.40 W, 95 %
2026/03/18 12:37:34.747, 108.44 W, 95 %
2026/03/18 12:37:34.847, 108.49 W, 95 %
2026/03/18 12:37:34.947, 108.39 W, 95 %
2026/03/18 12:37:35.048, 108.38 W, 95 %
2026/03/18 12:37:35.148, 108.37 W, 95 %
2026/03/18 12:37:35.248, 108.35 W, 95 %
2026/03/18 12:37:35.348, 108.35 W, 95 %
2026/03/18 12:37:35.448, 108.35 W, 95 %
2026/03/18 12:37:35.548, 108.36 W, 95 %
2026/03/18 12:37:35.648, 108.37 W, 95 %
2026/03/18 12:37:35.749, 108.36 W, 95 %
2026/03/18 12:37:35.849, 108.29 W, 95 %
2026/03/18 12:37:35.949, 108.34 W, 95 %
2026/03/18 12:37:36.049, 108.30 W, 95 %
2026/03/18 12:37:36.149, 108.28 W, 95 %
2026/03/18 12:37:36.249, 108.29 W, 95 %
2026/03/18 12:37:36.349, 108.28 W, 95 %
2026/03/18 12:37:36.450, 108.26 W, 95 %
2026/03/18 12:37:36.550, 108.25 W, 95 %
2026/03/18 12:37:36.650, 108.27 W, 95 %
2026/03/18 12:37:36.750, 108.28 W, 95 %
2026/03/18 12:37:36.850, 108.35 W, 95 %
2026/03/18 12:37:36.950, 108.27 W, 95 %
2026/03/18 12:37:37.050, 108.27 W, 95 %
2026/03/18 12:37:37.151, 108.29 W, 95 %
2026/03/18 12:37:37.251, 108.26 W, 95 %
2026/03/18 12:37:37.351, 108.25 W, 95 %
2026/03/18 12:37:37.451, 108.29 W, 95 %
2026/03/18 12:37:37.551, 108.29 W, 95 %
2026/03/18 12:37:37.651, 108.27 W, 95 %
2026/03/18 12:37:37.751, 108.29 W, 95 %
2026/03/18 12:37:37.852, 108.30 W, 95 %
2026/03/18 12:37:37.952, 108.36 W, 95 %
2026/03/18 12:37:38.052, 108.41 W, 95 %
2026/03/18 12:37:38.152, 108.37 W, 95 %
2026/03/18 12:37:38.252, 108.33 W, 95 %
2026/03/18 12:37:38.352, 108.35 W, 95 %
2026/03/18 12:37:38.452, 108.38 W, 95 %
2026/03/18 12:37:38.553, 108.44 W, 95 %
2026/03/18 12:37:38.653, 108.46 W, 95 %
2026/03/18 12:37:38.753, 108.44 W, 95 %
2026/03/18 12:37:38.853, 108.42 W, 95 %
2026/03/18 12:37:38.953, 108.36 W, 95 %
2026/03/18 12:37:39.053, 108.30 W, 95 %
2026/03/18 12:37:39.153, 108.30 W, 95 %
2026/03/18 12:37:39.254, 108.32 W, 95 %
2026/03/18 12:37:39.354, 108.34 W, 95 %
2026/03/18 12:37:39.454, 108.37 W, 95 %
2026/03/18 12:37:39.554, 108.32 W, 95 %
2026/03/18 12:37:39.654, 108.28 W, 95 %
2026/03/18 12:37:39.754, 108.30 W, 95 %
2026/03/18 12:37:39.854, 108.29 W, 95 %
2026/03/18 12:37:39.955, 108.35 W, 95 %
2026/03/18 12:37:40.055, 108.41 W, 95 %
2026/03/18 12:37:40.155, 108.45 W, 95 %
2026/03/18 12:37:40.255, 108.52 W, 95 %
2026/03/18 12:37:40.355, 108.53 W, 95 %
2026/03/18 12:37:40.455, 108.52 W, 95 %
2026/03/18 12:37:40.555, 108.51 W, 95 %
2026/03/18 12:37:40.656, 108.59 W, 95 %
2026/03/18 12:37:40.756, 108.59 W, 95 %
2026/03/18 12:37:40.856, 108.63 W, 95 %
2026/03/18 12:37:40.956, 108.62 W, 95 %
2026/03/18 12:37:41.056, 108.64 W, 95 %
2026/03/18 12:37:41.156, 108.60 W, 95 %
2026/03/18 12:37:41.256, 108.57 W, 95 %
2026/03/18 12:37:41.357, 108.53 W, 95 %
2026/03/18 12:37:41.457, 108.52 W, 95 %
2026/03/18 12:37:41.557, 108.54 W, 95 %
2026/03/18 12:37:41.657, 108.56 W, 95 %
2026/03/18 12:37:41.757, 108.60 W, 95 %
2026/03/18 12:37:41.857, 108.58 W, 95 %
2026/03/18 12:37:41.957, 108.56 W, 95 %
2026/03/18 12:37:42.058, 108.55 W, 95 %
2026/03/18 12:37:42.158, 108.54 W, 95 %
2026/03/18 12:37:42.258, 108.55 W, 95 %
2026/03/18 12:37:42.358, 108.61 W, 95 %
2026/03/18 12:37:42.458, 108.56 W, 95 %
2026/03/18 12:37:42.558, 108.53 W, 95 %
2026/03/18 12:37:42.658, 108.51 W, 95 %
2026/03/18 12:37:42.759, 108.51 W, 95 %
2026/03/18 12:37:42.859, 108.50 W, 95 %
2026/03/18 12:37:42.959, 108.55 W, 95 %
2026/03/18 12:37:43.059, 108.58 W, 95 %
2026/03/18 12:37:43.159, 108.55 W, 95 %
2026/03/18 12:37:43.259, 108.57 W, 95 %
2026/03/18 12:37:43.359, 108.56 W, 95 %
2026/03/18 12:37:43.460, 108.55 W, 95 %
2026/03/18 12:37:43.560, 108.64 W, 95 %
2026/03/18 12:37:43.660, 108.59 W, 95 %
2026/03/18 12:37:43.760, 108.53 W, 95 %
2026/03/18 12:37:43.860, 108.50 W, 95 %
2026/03/18 12:37:43.960, 108.45 W, 95 %
2026/03/18 12:37:44.060, 108.41 W, 95 %
2026/03/18 12:37:44.161, 108.44 W, 95 %
2026/03/18 12:37:44.261, 108.40 W, 95 %
2026/03/18 12:37:44.361, 108.36 W, 95 %
2026/03/18 12:37:44.461, 108.40 W, 95 %
2026/03/18 12:37:44.561, 108.40 W, 95 %
2026/03/18 12:37:44.661, 108.43 W, 95 %
2026/03/18 12:37:44.761, 108.49 W, 95 %
2026/03/18 12:37:44.862, 108.50 W, 95 %
2026/03/18 12:37:44.962, 108.55 W, 95 %
2026/03/18 12:37:45.062, 108.53 W, 95 %
2026/03/18 12:37:45.162, 108.51 W, 95 %
2026/03/18 12:37:45.262, 108.53 W, 95 %
2026/03/18 12:37:45.362, 108.58 W, 95 %
2026/03/18 12:37:45.462, 108.61 W, 95 %
2026/03/18 12:37:45.563, 108.56 W, 95 %
2026/03/18 12:37:45.663, 108.54 W, 95 %
2026/03/18 12:37:45.763, 108.49 W, 95 %
2026/03/18 12:37:45.863, 108.49 W, 95 %
2026/03/18 12:37:45.963, 108.43 W, 95 %
2026/03/18 12:37:46.063, 108.51 W, 95 %
2026/03/18 12:37:46.164, 108.50 W, 95 %
2026/03/18 12:37:46.264, 108.45 W, 95 %
2026/03/18 12:37:46.364, 108.35 W, 95 %
2026/03/18 12:37:46.464, 108.24 W, 95 %
2026/03/18 12:37:46.564, 108.19 W, 95 %
2026/03/18 12:37:46.664, 108.18 W, 95 %
2026/03/18 12:37:46.764, 108.18 W, 95 %
2026/03/18 12:37:46.865, 108.11 W, 95 %
2026/03/18 12:37:46.965, 108.09 W, 95 %
2026/03/18 12:37:47.065, 108.02 W, 95 %
2026/03/18 12:37:47.165, 108.09 W, 95 %
2026/03/18 12:37:47.265, 108.05 W, 95 %
2026/03/18 12:37:47.365, 108.11 W, 95 %
2026/03/18 12:37:47.465, 108.18 W, 95 %
2026/03/18 12:37:47.566, 108.28 W, 95 %
2026/03/18 12:37:47.666, 108.28 W, 95 %
2026/03/18 12:37:47.766, 108.33 W, 95 %
2026/03/18 12:37:47.866, 108.35 W, 95 %
2026/03/18 12:37:47.966, 108.38 W, 95 %
2026/03/18 12:37:48.066, 108.38 W, 95 %
2026/03/18 12:37:48.166, 108.37 W, 95 %
2026/03/18 12:37:48.267, 108.43 W, 95 %
2026/03/18 12:37:48.367, 108.49 W, 95 %
2026/03/18 12:37:48.467, 108.55 W, 95 %
2026/03/18 12:37:48.567, 108.49 W, 95 %
2026/03/18 12:37:48.667, 108.43 W, 95 %
2026/03/18 12:37:48.767, 108.36 W, 95 %
2026/03/18 12:37:48.867, 108.36 W, 95 %
2026/03/18 12:37:48.968, 108.36 W, 95 %
2026/03/18 12:37:49.068, 108.28 W, 95 %
2026/03/18 12:37:49.168, 108.28 W, 95 %
2026/03/18 12:37:49.268, 108.30 W, 95 %
2026/03/18 12:37:49.368, 108.27 W, 95 %
2026/03/18 12:37:49.468, 108.25 W, 95 %
2026/03/18 12:37:49.568, 108.28 W, 95 %
2026/03/18 12:37:49.669, 108.33 W, 95 %
2026/03/18 12:37:49.769, 108.37 W, 95 %
2026/03/18 12:37:49.869, 108.37 W, 95 %
2026/03/18 12:37:49.969, 108.38 W, 95 %
2026/03/18 12:37:50.069, 108.41 W, 95 %
2026/03/18 12:37:50.169, 108.43 W, 95 %
2026/03/18 12:37:50.269, 108.42 W, 95 %
2026/03/18 12:37:50.370, 108.40 W, 95 %
2026/03/18 12:37:50.470, 108.34 W, 95 %
2026/03/18 12:37:50.570, 108.29 W, 95 %
2026/03/18 12:37:50.670, 108.26 W, 95 %
2026/03/18 12:37:50.770, 108.24 W, 95 %
2026/03/18 12:37:50.870, 108.29 W, 95 %
2026/03/18 12:37:50.970, 108.39 W, 95 %
2026/03/18 12:37:51.071, 108.42 W, 95 %
2026/03/18 12:37:51.171, 108.41 W, 95 %
2026/03/18 12:37:51.271, 108.35 W, 95 %
2026/03/18 12:37:51.371, 108.39 W, 95 %
2026/03/18 12:37:51.471, 108.45 W, 95 %
2026/03/18 12:37:51.571, 108.44 W, 95 %
2026/03/18 12:37:51.671, 108.51 W, 95 %
2026/03/18 12:37:51.772, 108.50 W, 95 %
2026/03/18 12:37:51.872, 108.44 W, 95 %
2026/03/18 12:37:51.972, 108.38 W, 95 %
2026/03/18 12:37:52.072, 108.33 W, 95 %
2026/03/18 12:37:52.172, 108.38 W, 95 %
2026/03/18 12:37:52.272, 108.43 W, 95 %
2026/03/18 12:37:52.372, 108.40 W, 95 %
2026/03/18 12:37:52.473, 108.42 W, 95 %
2026/03/18 12:37:52.573, 108.41 W, 95 %
2026/03/18 12:37:52.673, 108.41 W, 95 %
2026/03/18 12:37:52.773, 108.39 W, 95 %
2026/03/18 12:37:52.873, 108.43 W, 95 %
2026/03/18 12:37:52.973, 108.46 W, 95 %
2026/03/18 12:37:53.073, 108.47 W, 95 %
2026/03/18 12:37:53.174, 108.42 W, 95 %
2026/03/18 12:37:53.274, 108.43 W, 95 %
2026/03/18 12:37:53.374, 108.40 W, 95 %
2026/03/18 12:37:53.474, 108.36 W, 95 %
2026/03/18 12:37:53.574, 108.32 W, 95 %
2026/03/18 12:37:53.674, 108.28 W, 95 %
2026/03/18 12:37:53.774, 108.30 W, 95 %
2026/03/18 12:37:53.875, 108.32 W, 95 %
2026/03/18 12:37:53.975, 108.37 W, 95 %
2026/03/18 12:37:54.075, 108.45 W, 95 %
2026/03/18 12:37:54.175, 108.39 W, 95 %
2026/03/18 12:37:54.275, 108.43 W, 95 %
2026/03/18 12:37:54.375, 108.39 W, 95 %
2026/03/18 12:37:54.475, 108.42 W, 95 %
2026/03/18 12:37:54.576, 108.50 W, 95 %
2026/03/18 12:37:54.676, 108.51 W, 95 %
2026/03/18 12:37:54.776, 108.54 W, 95 %
2026/03/18 12:37:54.876, 108.50 W, 95 %
2026/03/18 12:37:54.976, 108.45 W, 95 %
2026/03/18 12:37:55.076, 108.39 W, 95 %
2026/03/18 12:37:55.177, 108.36 W, 95 %
2026/03/18 12:37:55.277, 108.36 W, 95 %
2026/03/18 12:37:55.377, 108.37 W, 95 %
2026/03/18 12:37:55.477, 108.41 W, 95 %
2026/03/18 12:37:55.577, 108.40 W, 95 %
2026/03/18 12:37:55.677, 108.36 W, 95 %
2026/03/18 12:37:55.777, 108.37 W, 95 %
2026/03/18 12:37:55.878, 108.38 W, 95 %
2026/03/18 12:37:55.978, 108.40 W, 95 %
2026/03/18 12:37:56.078, 108.39 W, 95 %
2026/03/18 12:37:56.178, 108.45 W, 95 %
2026/03/18 12:37:56.278, 108.39 W, 95 %
2026/03/18 12:37:56.378, 108.44 W, 95 %
2026/03/18 12:37:56.478, 108.39 W, 95 %
2026/03/18 12:37:56.579, 108.41 W, 95 %
2026/03/18 12:37:56.679, 108.38 W, 95 %
2026/03/18 12:37:56.779, 108.40 W, 95 %
2026/03/18 12:37:56.879, 108.37 W, 95 %
2026/03/18 12:37:56.979, 108.35 W, 95 %
2026/03/18 12:37:57.079, 108.35 W, 95 %
2026/03/18 12:37:57.179, 108.34 W, 95 %
2026/03/18 12:37:57.280, 108.35 W, 95 %
2026/03/18 12:37:57.380, 108.37 W, 95 %
2026/03/18 12:37:57.480, 108.45 W, 95 %
2026/03/18 12:37:57.580, 108.45 W, 95 %
2026/03/18 12:37:57.680, 108.52 W, 95 %
2026/03/18 12:37:57.780, 108.50 W, 95 %
2026/03/18 12:37:57.880, 108.45 W, 95 %
2026/03/18 12:37:57.981, 108.44 W, 95 %
2026/03/18 12:37:58.081, 108.33 W, 95 %
2026/03/18 12:37:58.181, 108.39 W, 95 %
2026/03/18 12:37:58.281, 108.45 W, 95 %
2026/03/18 12:37:58.381, 108.45 W, 95 %
2026/03/18 12:37:58.481, 108.44 W, 95 %
2026/03/18 12:37:58.581, 108.44 W, 95 %
2026/03/18 12:37:58.682, 108.39 W, 95 %
2026/03/18 12:37:58.782, 108.39 W, 95 %
2026/03/18 12:37:58.882, 108.45 W, 95 %
2026/03/18 12:37:58.982, 108.44 W, 95 %
2026/03/18 12:37:59.082, 108.57 W, 95 %
2026/03/18 12:37:59.182, 108.48 W, 95 %
2026/03/18 12:37:59.282, 108.40 W, 95 %
2026/03/18 12:37:59.383, 108.38 W, 95 %
2026/03/18 12:37:59.483, 108.37 W, 95 %
2026/03/18 12:37:59.583, 108.31 W, 95 %
2026/03/18 12:37:59.683, 108.29 W, 95 %
2026/03/18 12:37:59.783, 108.28 W, 95 %
2026/03/18 12:37:59.883, 108.29 W, 95 %
2026/03/18 12:37:59.983, 108.27 W, 95 %
2026/03/18 12:38:00.084, 108.27 W, 95 %
2026/03/18 12:38:00.184, 108.33 W, 95 %
2026/03/18 12:38:00.284, 108.35 W, 95 %
2026/03/18 12:38:00.384, 108.34 W, 95 %
2026/03/18 12:38:00.484, 108.29 W, 95 %
2026/03/18 12:38:00.584, 108.30 W, 95 %
2026/03/18 12:38:00.684, 108.38 W, 95 %
2026/03/18 12:38:00.785, 108.36 W, 95 %
2026/03/18 12:38:00.885, 108.38 W, 95 %
2026/03/18 12:38:00.985, 108.45 W, 95 %
2026/03/18 12:38:01.085, 108.47 W, 95 %
2026/03/18 12:38:01.185, 108.46 W, 95 %
2026/03/18 12:38:01.285, 108.49 W, 95 %
2026/03/18 12:38:01.385, 108.53 W, 95 %
2026/03/18 12:38:01.486, 108.59 W, 95 %
2026/03/18 12:38:01.586, 108.63 W, 95 %
2026/03/18 12:38:01.686, 108.55 W, 95 %
2026/03/18 12:38:01.786, 108.59 W, 95 %
2026/03/18 12:38:01.886, 108.56 W, 95 %
2026/03/18 12:38:01.986, 108.52 W, 95 %
2026/03/18 12:38:02.086, 108.48 W, 95 %
2026/03/18 12:38:02.187, 108.49 W, 95 %
2026/03/18 12:38:02.287, 108.45 W, 95 %
2026/03/18 12:38:02.387, 108.33 W, 95 %
2026/03/18 12:38:02.487, 108.28 W, 95 %
2026/03/18 12:38:02.587, 108.23 W, 95 %
2026/03/18 12:38:02.687, 108.21 W, 95 %
2026/03/18 12:38:02.787, 108.21 W, 95 %
2026/03/18 12:38:02.888, 108.23 W, 95 %
2026/03/18 12:38:02.988, 108.26 W, 95 %
2026/03/18 12:38:03.088, 108.28 W, 95 %
2026/03/18 12:38:03.188, 108.23 W, 95 %
2026/03/18 12:38:03.288, 108.21 W, 95 %
2026/03/18 12:38:03.388, 108.33 W, 95 %
2026/03/18 12:38:03.488, 108.38 W, 95 %
2026/03/18 12:38:03.589, 108.41 W, 95 %
2026/03/18 12:38:03.689, 108.43 W, 95 %
2026/03/18 12:38:03.789, 108.43 W, 95 %
2026/03/18 12:38:03.889, 108.37 W, 95 %
2026/03/18 12:38:03.989, 108.39 W, 95 %
2026/03/18 12:38:04.089, 108.32 W, 95 %
2026/03/18 12:38:04.189, 108.41 W, 95 %
2026/03/18 12:38:04.290, 108.40 W, 95 %
2026/03/18 12:38:04.390, 108.40 W, 95 %
2026/03/18 12:38:04.490, 108.40 W, 95 %
2026/03/18 12:38:04.590, 108.34 W, 95 %
2026/03/18 12:38:04.690, 108.33 W, 95 %
2026/03/18 12:38:04.790, 108.28 W, 95 %
2026/03/18 12:38:04.890, 108.34 W, 95 %
2026/03/18 12:38:04.991, 108.36 W, 95 %
2026/03/18 12:38:05.091, 108.41 W, 95 %
2026/03/18 12:38:05.191, 108.39 W, 95 %
2026/03/18 12:38:05.291, 108.42 W, 95 %
2026/03/18 12:38:05.391, 108.41 W, 95 %
2026/03/18 12:38:05.491, 108.43 W, 95 %
2026/03/18 12:38:05.591, 108.40 W, 95 %
2026/03/18 12:38:05.692, 108.41 W, 95 %
2026/03/18 12:38:05.792, 108.45 W, 95 %
2026/03/18 12:38:05.892, 108.46 W, 95 %
2026/03/18 12:38:05.992, 108.45 W, 95 %
2026/03/18 12:38:06.092, 108.46 W, 95 %
2026/03/18 12:38:06.192, 108.47 W, 95 %
2026/03/18 12:38:06.293, 108.40 W, 95 %
2026/03/18 12:38:06.393, 108.41 W, 95 %
2026/03/18 12:38:06.493, 108.37 W, 95 %
2026/03/18 12:38:06.593, 108.42 W, 95 %
2026/03/18 12:38:06.693, 108.39 W, 95 %
2026/03/18 12:38:06.793, 108.32 W, 95 %
2026/03/18 12:38:06.893, 108.29 W, 95 %
2026/03/18 12:38:06.994, 108.20 W, 95 %
2026/03/18 12:38:07.094, 108.25 W, 95 %
2026/03/18 12:38:07.194, 108.23 W, 95 %
2026/03/18 12:38:07.294, 108.29 W, 95 %
2026/03/18 12:38:07.394, 108.28 W, 95 %
2026/03/18 12:38:07.494, 108.32 W, 95 %
2026/03/18 12:38:07.594, 108.33 W, 95 %
2026/03/18 12:38:07.695, 108.38 W, 95 %
2026/03/18 12:38:07.795, 108.45 W, 95 %
2026/03/18 12:38:07.895, 108.53 W, 95 %
2026/03/18 12:38:07.995, 108.56 W, 95 %
2026/03/18 12:38:08.095, 108.54 W, 95 %
2026/03/18 12:38:08.195, 108.54 W, 95 %
2026/03/18 12:38:08.295, 108.53 W, 95 %
2026/03/18 12:38:08.396, 108.54 W, 95 %
2026/03/18 12:38:08.496, 108.50 W, 95 %
2026/03/18 12:38:08.596, 108.47 W, 95 %
2026/03/18 12:38:08.696, 108.45 W, 95 %
2026/03/18 12:38:08.796, 108.46 W, 95 %
2026/03/18 12:38:08.896, 108.47 W, 95 %
2026/03/18 12:38:08.996, 108.47 W, 95 %
2026/03/18 12:38:09.097, 108.48 W, 95 %
2026/03/18 12:38:09.197, 108.47 W, 95 %
2026/03/18 12:38:09.297, 108.44 W, 95 %
2026/03/18 12:38:09.397, 108.44 W, 95 %
2026/03/18 12:38:09.497, 108.47 W, 95 %
2026/03/18 12:38:09.597, 108.43 W, 95 %
2026/03/18 12:38:09.697, 108.40 W, 95 %
2026/03/18 12:38:09.798, 108.40 W, 95 %
2026/03/18 12:38:09.898, 108.38 W, 95 %
2026/03/18 12:38:09.998, 108.40 W, 95 %
2026/03/18 12:38:10.098, 108.39 W, 95 %
2026/03/18 12:38:10.198, 108.41 W, 95 %
2026/03/18 12:38:10.298, 108.43 W, 95 %
2026/03/18 12:38:10.398, 108.42 W, 95 %
2026/03/18 12:38:10.499, 108.44 W, 95 %
2026/03/18 12:38:10.599, 108.46 W, 95 %
2026/03/18 12:38:10.699, 108.50 W, 95 %
2026/03/18 12:38:10.799, 108.52 W, 95 %
2026/03/18 12:38:10.899, 108.51 W, 95 %
2026/03/18 12:38:10.999, 108.46 W, 95 %
2026/03/18 12:38:11.099, 108.46 W, 95 %
2026/03/18 12:38:11.200, 108.44 W, 95 %
2026/03/18 12:38:11.300, 108.41 W, 95 %
2026/03/18 12:38:11.400, 108.38 W, 95 %
2026/03/18 12:38:11.500, 108.37 W, 95 %
2026/03/18 12:38:11.600, 108.32 W, 95 %
2026/03/18 12:38:11.700, 108.29 W, 95 %
2026/03/18 12:38:11.800, 108.23 W, 95 %
2026/03/18 12:38:11.901, 108.17 W, 95 %
2026/03/18 12:38:12.001, 108.21 W, 95 %
2026/03/18 12:38:12.101, 108.25 W, 95 %
2026/03/18 12:38:12.201, 108.34 W, 95 %
2026/03/18 12:38:12.301, 108.32 W, 95 %
2026/03/18 12:38:12.401, 108.39 W, 95 %
2026/03/18 12:38:12.501, 108.43 W, 95 %
2026/03/18 12:38:12.602, 108.47 W, 95 %
2026/03/18 12:38:12.702, 108.48 W, 95 %
2026/03/18 12:38:12.802, 108.51 W, 95 %
2026/03/18 12:38:12.902, 108.52 W, 95 %
2026/03/18 12:38:13.002, 108.53 W, 95 %
2026/03/18 12:38:13.102, 108.46 W, 95 %
2026/03/18 12:38:13.202, 108.37 W, 95 %
2026/03/18 12:38:13.303, 108.39 W, 95 %
2026/03/18 12:38:13.403, 108.35 W, 95 %
2026/03/18 12:38:13.503, 108.33 W, 95 %
2026/03/18 12:38:13.603, 108.34 W, 95 %
2026/03/18 12:38:13.703, 108.32 W, 95 %
2026/03/18 12:38:13.803, 108.35 W, 95 %
2026/03/18 12:38:13.903, 108.41 W, 95 %
2026/03/18 12:38:14.004, 108.42 W, 95 %
2026/03/18 12:38:14.104, 108.39 W, 95 %
2026/03/18 12:38:14.204, 108.43 W, 95 %
2026/03/18 12:38:14.304, 108.48 W, 95 %
2026/03/18 12:38:14.404, 108.40 W, 95 %
2026/03/18 12:38:14.504, 108.41 W, 95 %
2026/03/18 12:38:14.604, 108.36 W, 95 %
2026/03/18 12:38:14.705, 108.37 W, 95 %
2026/03/18 12:38:14.805, 108.36 W, 95 %
2026/03/18 12:38:14.905, 108.31 W, 95 %
2026/03/18 12:38:15.005, 108.32 W, 95 %
2026/03/18 12:38:15.105, 108.37 W, 95 %
2026/03/18 12:38:15.205, 108.36 W, 95 %
2026/03/18 12:38:15.306, 108.27 W, 95 %
2026/03/18 12:38:15.406, 108.32 W, 95 %
2026/03/18 12:38:15.506, 108.32 W, 95 %
2026/03/18 12:38:15.606, 108.36 W, 95 %
2026/03/18 12:38:15.706, 108.38 W, 95 %
2026/03/18 12:38:15.806, 108.40 W, 95 %
2026/03/18 12:38:15.906, 108.42 W, 95 %
2026/03/18 12:38:16.007, 108.40 W, 95 %
2026/03/18 12:38:16.107, 108.39 W, 95 %
2026/03/18 12:38:16.207, 108.37 W, 95 %
2026/03/18 12:38:16.307, 108.42 W, 95 %
2026/03/18 12:38:16.407, 108.41 W, 95 %
2026/03/18 12:38:16.507, 108.37 W, 95 %
2026/03/18 12:38:16.607, 108.36 W, 95 %
2026/03/18 12:38:16.708, 108.39 W, 95 %
2026/03/18 12:38:16.808, 108.34 W, 95 %
2026/03/18 12:38:16.908, 108.32 W, 95 %
2026/03/18 12:38:17.008, 108.33 W, 95 %
2026/03/18 12:38:17.108, 108.34 W, 95 %
2026/03/18 12:38:17.208, 108.37 W, 95 %
2026/03/18 12:38:17.308, 108.36 W, 95 %
2026/03/18 12:38:17.409, 108.38 W, 95 %
2026/03/18 12:38:17.509, 108.43 W, 95 %
2026/03/18 12:38:17.609, 108.45 W, 95 %
2026/03/18 12:38:17.709, 108.45 W, 95 %
2026/03/18 12:38:17.809, 108.46 W, 95 %
2026/03/18 12:38:17.909, 108.45 W, 95 %
2026/03/18 12:38:18.009, 108.48 W, 95 %
2026/03/18 12:38:18.110, 108.52 W, 95 %
2026/03/18 12:38:18.210, 108.51 W, 95 %
2026/03/18 12:38:18.310, 108.51 W, 95 %
2026/03/18 12:38:18.410, 108.52 W, 95 %
2026/03/18 12:38:18.510, 108.49 W, 95 %
2026/03/18 12:38:18.610, 108.47 W, 95 %
2026/03/18 12:38:18.710, 108.43 W, 95 %
2026/03/18 12:38:18.811, 108.49 W, 95 %
2026/03/18 12:38:18.911, 108.55 W, 95 %
2026/03/18 12:38:19.011, 108.50 W, 95 %
2026/03/18 12:38:19.111, 108.42 W, 95 %
2026/03/18 12:38:19.211, 108.45 W, 95 %
2026/03/18 12:38:19.311, 108.40 W, 95 %
2026/03/18 12:38:19.411, 108.39 W, 95 %
2026/03/18 12:38:19.512, 108.40 W, 95 %
2026/03/18 12:38:19.612, 108.42 W, 95 %
2026/03/18 12:38:19.712, 108.45 W, 95 %
2026/03/18 12:38:19.812, 108.36 W, 95 %
2026/03/18 12:38:19.912, 108.27 W, 95 %
2026/03/18 12:38:20.012, 108.25 W, 95 %
2026/03/18 12:38:20.112, 108.30 W, 95 %
2026/03/18 12:38:20.213, 108.24 W, 95 %
2026/03/18 12:38:20.313, 108.31 W, 95 %
2026/03/18 12:38:20.413, 108.33 W, 95 %
2026/03/18 12:38:20.513, 108.38 W, 95 %
2026/03/18 12:38:20.613, 108.43 W, 95 %
2026/03/18 12:38:20.713, 108.46 W, 95 %
2026/03/18 12:38:20.813, 108.49 W, 95 %
2026/03/18 12:38:20.914, 108.53 W, 95 %
2026/03/18 12:38:21.014, 108.57 W, 95 %
2026/03/18 12:38:21.114, 108.52 W, 95 %
2026/03/18 12:38:21.214, 108.54 W, 95 %
2026/03/18 12:38:21.314, 108.45 W, 95 %
2026/03/18 12:38:21.414, 108.42 W, 95 %
2026/03/18 12:38:21.514, 108.37 W, 95 %
2026/03/18 12:38:21.615, 108.33 W, 95 %
2026/03/18 12:38:21.715, 108.32 W, 95 %
2026/03/18 12:38:21.815, 108.32 W, 95 %
2026/03/18 12:38:21.915, 108.35 W, 95 %
2026/03/18 12:38:22.015, 108.36 W, 95 %
2026/03/18 12:38:22.115, 108.40 W, 95 %
2026/03/18 12:38:22.215, 108.48 W, 95 %
2026/03/18 12:38:22.316, 108.54 W, 95 %
2026/03/18 12:38:22.416, 108.54 W, 95 %
2026/03/18 12:38:22.516, 108.50 W, 95 %
2026/03/18 12:38:22.616, 108.51 W, 95 %
2026/03/18 12:38:22.716, 108.49 W, 95 %
2026/03/18 12:38:22.816, 108.50 W, 95 %
2026/03/18 12:38:22.916, 108.46 W, 95 %
2026/03/18 12:38:23.017, 108.44 W, 95 %
2026/03/18 12:38:23.117, 108.41 W, 95 %
2026/03/18 12:38:23.217, 108.36 W, 95 %
2026/03/18 12:38:23.317, 108.30 W, 95 %
2026/03/18 12:38:23.417, 108.30 W, 95 %
2026/03/18 12:38:23.517, 108.41 W, 95 %
2026/03/18 12:38:23.617, 108.43 W, 95 %
2026/03/18 12:38:23.718, 108.43 W, 95 %
2026/03/18 12:38:23.818, 108.43 W, 95 %
2026/03/18 12:38:23.918, 108.46 W, 95 %
2026/03/18 12:38:24.018, 108.49 W, 95 %
2026/03/18 12:38:24.118, 108.48 W, 95 %
2026/03/18 12:38:24.218, 108.47 W, 95 %
2026/03/18 12:38:24.318, 108.51 W, 95 %
2026/03/18 12:38:24.419, 108.55 W, 95 %
2026/03/18 12:38:24.519, 108.52 W, 95 %
2026/03/18 12:38:24.619, 108.53 W, 95 %
2026/03/18 12:38:24.719, 108.46 W, 95 %
2026/03/18 12:38:24.819, 108.39 W, 95 %
2026/03/18 12:38:24.919, 108.39 W, 95 %
2026/03/18 12:38:25.020, 108.39 W, 95 %
2026/03/18 12:38:25.120, 108.39 W, 95 %
2026/03/18 12:38:25.220, 108.40 W, 95 %
2026/03/18 12:38:25.320, 108.42 W, 95 %
2026/03/18 12:38:25.420, 108.37 W, 95 %
2026/03/18 12:38:25.520, 108.36 W, 95 %
2026/03/18 12:38:25.620, 108.27 W, 95 %
2026/03/18 12:38:25.721, 108.31 W, 95 %
2026/03/18 12:38:25.821, 108.31 W, 95 %
2026/03/18 12:38:25.921, 108.33 W, 95 %
2026/03/18 12:38:26.021, 108.31 W, 95 %
2026/03/18 12:38:26.121, 108.29 W, 95 %
2026/03/18 12:38:26.221, 108.29 W, 95 %
2026/03/18 12:38:26.321, 108.32 W, 95 %
2026/03/18 12:38:26.422, 108.36 W, 95 %
2026/03/18 12:38:26.522, 108.32 W, 95 %
2026/03/18 12:38:26.622, 108.36 W, 95 %
2026/03/18 12:38:26.722, 108.38 W, 95 %
2026/03/18 12:38:26.822, 108.38 W, 95 %
2026/03/18 12:38:26.922, 108.38 W, 95 %
2026/03/18 12:38:27.022, 108.39 W, 95 %
2026/03/18 12:38:27.123, 108.41 W, 95 %
2026/03/18 12:38:27.223, 108.38 W, 95 %
2026/03/18 12:38:27.323, 108.40 W, 95 %
2026/03/18 12:38:27.423, 108.36 W, 95 %
2026/03/18 12:38:27.523, 108.34 W, 95 %
2026/03/18 12:38:27.623, 108.33 W, 95 %
2026/03/18 12:38:27.723, 108.32 W, 95 %
2026/03/18 12:38:27.824, 108.31 W, 95 %
2026/03/18 12:38:27.924, 108.28 W, 95 %
2026/03/18 12:38:28.024, 108.32 W, 95 %
2026/03/18 12:38:28.124, 108.30 W, 95 %
2026/03/18 12:38:28.224, 108.36 W, 95 %
2026/03/18 12:38:28.324, 108.35 W, 95 %
2026/03/18 12:38:28.424, 108.41 W, 95 %
2026/03/18 12:38:28.525, 108.50 W, 95 %
2026/03/18 12:38:28.625, 108.48 W, 95 %
2026/03/18 12:38:28.725, 108.50 W, 95 %
2026/03/18 12:38:28.825, 108.57 W, 95 %
2026/03/18 12:38:28.925, 108.58 W, 95 %
2026/03/18 12:38:29.025, 108.53 W, 95 %
2026/03/18 12:38:29.125, 108.53 W, 95 %
2026/03/18 12:38:29.226, 108.45 W, 95 %
2026/03/18 12:38:29.326, 108.43 W, 95 %
2026/03/18 12:38:29.426, 108.45 W, 95 %
2026/03/18 12:38:29.526, 108.41 W, 95 %
2026/03/18 12:38:29.626, 108.47 W, 95 %
2026/03/18 12:38:29.726, 108.47 W, 95 %
2026/03/18 12:38:29.826, 108.51 W, 95 %
2026/03/18 12:38:29.927, 108.48 W, 95 %
2026/03/18 12:38:30.027, 108.53 W, 95 %
2026/03/18 12:38:30.127, 108.58 W, 95 %
2026/03/18 12:38:30.227, 108.63 W, 95 %
2026/03/18 12:38:30.327, 108.65 W, 95 %
2026/03/18 12:38:30.427, 108.65 W, 95 %
2026/03/18 12:38:30.527, 108.62 W, 95 %
2026/03/18 12:38:30.628, 108.59 W, 95 %
2026/03/18 12:38:30.728, 108.59 W, 95 %
2026/03/18 12:38:30.828, 108.53 W, 95 %
2026/03/18 12:38:30.928, 108.54 W, 95 %
2026/03/18 12:38:31.028, 108.50 W, 95 %
2026/03/18 12:38:31.128, 108.46 W, 95 %
2026/03/18 12:38:31.228, 108.52 W, 95 %
2026/03/18 12:38:31.329, 108.51 W, 95 %
2026/03/18 12:38:31.429, 108.51 W, 95 %
2026/03/18 12:38:31.529, 108.60 W, 95 %
2026/03/18 12:38:31.629, 108.65 W, 95 %
2026/03/18 12:38:31.729, 108.67 W, 95 %
2026/03/18 12:38:31.829, 108.70 W, 95 %
2026/03/18 12:38:31.929, 108.74 W, 95 %
2026/03/18 12:38:32.030, 108.69 W, 95 %
2026/03/18 12:38:32.130, 108.72 W, 95 %
2026/03/18 12:38:32.230, 108.76 W, 95 %
2026/03/18 12:38:32.330, 108.74 W, 95 %
2026/03/18 12:38:32.430, 108.72 W, 95 %
2026/03/18 12:38:32.530, 108.67 W, 95 %
2026/03/18 12:38:32.630, 108.64 W, 95 %
2026/03/18 12:38:32.731, 108.62 W, 95 %
2026/03/18 12:38:32.831, 108.58 W, 95 %
2026/03/18 12:38:32.931, 108.54 W, 95 %
2026/03/18 12:38:33.031, 108.58 W, 95 %
2026/03/18 12:38:33.131, 108.58 W, 95 %
2026/03/18 12:38:33.231, 108.52 W, 95 %
2026/03/18 12:38:33.331, 108.50 W, 95 %
2026/03/18 12:38:33.432, 108.45 W, 95 %
2026/03/18 12:38:33.532, 108.48 W, 95 %
2026/03/18 12:38:33.632, 108.42 W, 95 %
2026/03/18 12:38:33.732, 108.45 W, 95 %
2026/03/18 12:38:33.832, 108.45 W, 95 %
2026/03/18 12:38:33.932, 108.46 W, 95 %
2026/03/18 12:38:34.032, 108.42 W, 95 %
2026/03/18 12:38:34.133, 108.42 W, 95 %
2026/03/18 12:38:34.233, 108.40 W, 95 %
2026/03/18 12:38:34.333, 108.46 W, 95 %
2026/03/18 12:38:34.433, 108.48 W, 95 %
2026/03/18 12:38:34.533, 108.44 W, 95 %
2026/03/18 12:38:34.633, 108.50 W, 95 %
2026/03/18 12:38:34.733, 108.42 W, 95 %
2026/03/18 12:38:34.834, 108.40 W, 95 %
2026/03/18 12:38:34.934, 108.40 W, 95 %
2026/03/18 12:38:35.034, 108.44 W, 95 %
2026/03/18 12:38:35.134, 108.46 W, 95 %
2026/03/18 12:38:35.234, 108.47 W, 95 %
2026/03/18 12:38:35.334, 108.40 W, 95 %
2026/03/18 12:38:35.434, 108.41 W, 95 %
2026/03/18 12:38:35.535, 108.39 W, 95 %
2026/03/18 12:38:35.635, 108.40 W, 95 %
2026/03/18 12:38:35.735, 108.43 W, 95 %
2026/03/18 12:38:35.835, 108.49 W, 95 %
2026/03/18 12:38:35.935, 108.45 W, 95 %
2026/03/18 12:38:36.035, 108.46 W, 95 %
2026/03/18 12:38:36.135, 108.40 W, 95 %
2026/03/18 12:38:36.236, 108.39 W, 95 %
2026/03/18 12:38:36.336, 108.39 W, 95 %
2026/03/18 12:38:36.436, 108.41 W, 95 %
2026/03/18 12:38:36.536, 108.49 W, 95 %
2026/03/18 12:38:36.636, 108.48 W, 95 %
2026/03/18 12:38:36.736, 108.43 W, 95 %
2026/03/18 12:38:36.836, 108.34 W, 95 %
2026/03/18 12:38:36.937, 108.32 W, 95 %
2026/03/18 12:38:37.037, 108.33 W, 95 %
2026/03/18 12:38:37.137, 108.35 W, 95 %
2026/03/18 12:38:37.237, 108.33 W, 95 %
2026/03/18 12:38:37.337, 108.35 W, 95 %
2026/03/18 12:38:37.437, 108.35 W, 95 %
2026/03/18 12:38:37.537, 108.26 W, 95 %
2026/03/18 12:38:37.638, 108.27 W, 95 %
2026/03/18 12:38:37.738, 108.32 W, 95 %
2026/03/18 12:38:37.838, 108.46 W, 95 %
2026/03/18 12:38:37.938, 108.45 W, 95 %
2026/03/18 12:38:38.038, 108.46 W, 95 %
2026/03/18 12:38:38.138, 108.47 W, 95 %
2026/03/18 12:38:38.238, 108.52 W, 95 %
2026/03/18 12:38:38.339, 108.50 W, 95 %
2026/03/18 12:38:38.439, 108.48 W, 95 %
2026/03/18 12:38:38.539, 108.55 W, 95 %
2026/03/18 12:38:38.639, 108.52 W, 95 %
2026/03/18 12:38:38.739, 108.47 W, 95 %
2026/03/18 12:38:38.839, 108.42 W, 95 %
2026/03/18 12:38:38.939, 108.51 W, 95 %
2026/03/18 12:38:39.040, 108.54 W, 95 %
2026/03/18 12:38:39.140, 108.55 W, 95 %
2026/03/18 12:38:39.240, 108.49 W, 95 %
2026/03/18 12:38:39.340, 108.50 W, 95 %
2026/03/18 12:38:39.440, 108.51 W, 95 %
2026/03/18 12:38:39.540, 108.53 W, 95 %
2026/03/18 12:38:39.640, 108.53 W, 95 %
2026/03/18 12:38:39.741, 108.54 W, 95 %
2026/03/18 12:38:39.841, 108.51 W, 95 %
2026/03/18 12:38:39.941, 108.39 W, 95 %
2026/03/18 12:38:40.041, 108.29 W, 95 %
2026/03/18 12:38:40.141, 108.28 W, 95 %
2026/03/18 12:38:40.241, 108.30 W, 95 %
2026/03/18 12:38:40.341, 108.24 W, 95 %
2026/03/18 12:38:40.442, 108.23 W, 95 %
2026/03/18 12:38:40.542, 108.18 W, 95 %
2026/03/18 12:38:40.642, 108.16 W, 95 %
2026/03/18 12:38:40.742, 108.19 W, 95 %
2026/03/18 12:38:40.842, 108.14 W, 95 %
2026/03/18 12:38:40.942, 108.22 W, 95 %
2026/03/18 12:38:41.042, 108.30 W, 95 %
2026/03/18 12:38:41.143, 108.31 W, 95 %
2026/03/18 12:38:41.243, 108.31 W, 95 %
2026/03/18 12:38:41.343, 108.35 W, 95 %
2026/03/18 12:38:41.443, 108.37 W, 95 %
2026/03/18 12:38:41.543, 108.37 W, 95 %
2026/03/18 12:38:41.643, 108.34 W, 95 %
2026/03/18 12:38:41.743, 108.30 W, 95 %
2026/03/18 12:38:41.844, 108.35 W, 95 %
2026/03/18 12:38:41.944, 108.35 W, 95 %
2026/03/18 12:38:42.044, 108.32 W, 95 %
2026/03/18 12:38:42.144, 108.30 W, 95 %
2026/03/18 12:38:42.244, 108.37 W, 95 %
2026/03/18 12:38:42.344, 108.39 W, 95 %
2026/03/18 12:38:42.444, 108.38 W, 95 %
2026/03/18 12:38:42.545, 108.39 W, 95 %
2026/03/18 12:38:42.645, 108.43 W, 95 %
2026/03/18 12:38:42.745, 108.46 W, 95 %
2026/03/18 12:38:42.845, 108.45 W, 95 %
2026/03/18 12:38:42.945, 108.47 W, 95 %
2026/03/18 12:38:43.045, 108.50 W, 95 %
2026/03/18 12:38:43.145, 108.52 W, 95 %
2026/03/18 12:38:43.246, 108.45 W, 95 %
2026/03/18 12:38:43.346, 108.44 W, 95 %
2026/03/18 12:38:43.446, 108.45 W, 95 %
2026/03/18 12:38:43.546, 108.37 W, 95 %
2026/03/18 12:38:43.646, 108.36 W, 95 %
2026/03/18 12:38:43.746, 108.33 W, 95 %
2026/03/18 12:38:43.846, 108.31 W, 95 %
2026/03/18 12:38:43.947, 108.37 W, 95 %
2026/03/18 12:38:44.047, 108.31 W, 95 %
2026/03/18 12:38:44.147, 108.35 W, 95 %
2026/03/18 12:38:44.247, 108.39 W, 95 %
2026/03/18 12:38:44.347, 108.41 W, 95 %
2026/03/18 12:38:44.447, 108.38 W, 95 %
2026/03/18 12:38:44.547, 108.53 W, 95 %
2026/03/18 12:38:44.648, 108.54 W, 95 %
2026/03/18 12:38:44.748, 108.58 W, 95 %
2026/03/18 12:38:44.848, 108.59 W, 95 %
2026/03/18 12:38:44.948, 108.66 W, 95 %
2026/03/18 12:38:45.048, 108.71 W, 95 %
2026/03/18 12:38:45.148, 108.71 W, 95 %
2026/03/18 12:38:45.249, 108.71 W, 95 %
2026/03/18 12:38:45.349, 108.70 W, 95 %
2026/03/18 12:38:45.449, 108.66 W, 95 %
2026/03/18 12:38:45.549, 108.67 W, 95 %
2026/03/18 12:38:45.649, 108.68 W, 95 %
2026/03/18 12:38:45.749, 108.73 W, 95 %
2026/03/18 12:38:45.849, 108.77 W, 95 %
2026/03/18 12:38:45.950, 108.74 W, 95 %
2026/03/18 12:38:46.050, 108.75 W, 95 %
2026/03/18 12:38:46.150, 108.71 W, 95 %
2026/03/18 12:38:46.250, 108.71 W, 95 %
2026/03/18 12:38:46.350, 108.71 W, 95 %
2026/03/18 12:38:46.450, 108.71 W, 95 %
2026/03/18 12:38:46.550, 108.63 W, 95 %
2026/03/18 12:38:46.651, 108.54 W, 95 %
2026/03/18 12:38:46.751, 108.50 W, 95 %
2026/03/18 12:38:46.851, 108.50 W, 95 %
2026/03/18 12:38:46.951, 108.47 W, 95 %
2026/03/18 12:38:47.051, 108.44 W, 95 %
2026/03/18 12:38:47.151, 108.39 W, 95 %
2026/03/18 12:38:47.251, 108.37 W, 95 %
2026/03/18 12:38:47.352, 108.32 W, 95 %
2026/03/18 12:38:47.452, 108.34 W, 95 %
2026/03/18 12:38:47.552, 108.37 W, 95 %
2026/03/18 12:38:47.652, 108.38 W, 95 %
2026/03/18 12:38:47.752, 108.31 W, 95 %
2026/03/18 12:38:47.852, 108.33 W, 95 %
2026/03/18 12:38:47.952, 108.41 W, 95 %
2026/03/18 12:38:48.053, 108.41 W, 95 %
2026/03/18 12:38:48.153, 108.39 W, 95 %
2026/03/18 12:38:48.253, 108.38 W, 95 %
2026/03/18 12:38:48.353, 108.40 W, 95 %
2026/03/18 12:38:48.453, 108.37 W, 95 %
2026/03/18 12:38:48.553, 108.39 W, 95 %
2026/03/18 12:38:48.653, 108.42 W, 95 %
2026/03/18 12:38:48.754, 108.44 W, 95 %
2026/03/18 12:38:48.854, 108.44 W, 95 %
2026/03/18 12:38:48.954, 108.34 W, 95 %
2026/03/18 12:38:49.054, 108.30 W, 95 %
2026/03/18 12:38:49.154, 108.36 W, 95 %
2026/03/18 12:38:49.254, 108.40 W, 92 %
2026/03/18 12:38:49.354, 108.39 W, 92 %
2026/03/18 12:38:49.455, 108.42 W, 95 %
2026/03/18 12:38:49.555, 108.41 W, 95 %
2026/03/18 12:38:49.655, 108.48 W, 95 %
2026/03/18 12:38:49.755, 108.49 W, 95 %
2026/03/18 12:38:49.855, 108.43 W, 95 %
2026/03/18 12:38:49.955, 108.47 W, 95 %
2026/03/18 12:38:50.055, 108.50 W, 95 %
2026/03/18 12:38:50.156, 108.49 W, 95 %
2026/03/18 12:38:50.256, 108.48 W, 95 %
2026/03/18 12:38:50.356, 108.51 W, 95 %
2026/03/18 12:38:50.456, 108.45 W, 95 %
2026/03/18 12:38:50.556, 108.50 W, 95 %
2026/03/18 12:38:50.656, 108.41 W, 95 %
2026/03/18 12:38:50.756, 108.46 W, 95 %
2026/03/18 12:38:50.857, 108.49 W, 95 %
2026/03/18 12:38:50.957, 108.51 W, 95 %
2026/03/18 12:38:51.057, 108.48 W, 95 %
2026/03/18 12:38:51.157, 108.45 W, 95 %
2026/03/18 12:38:51.257, 108.49 W, 95 %
2026/03/18 12:38:51.357, 108.50 W, 95 %
2026/03/18 12:38:51.457, 108.49 W, 95 %
2026/03/18 12:38:51.558, 108.44 W, 95 %
2026/03/18 12:38:51.658, 108.44 W, 95 %
2026/03/18 12:38:51.758, 108.38 W, 95 %
2026/03/18 12:38:51.858, 108.36 W, 95 %
2026/03/18 12:38:51.958, 108.31 W, 95 %
2026/03/18 12:38:52.058, 108.25 W, 95 %
2026/03/18 12:38:52.158, 108.24 W, 95 %
2026/03/18 12:38:52.259, 108.21 W, 95 %
2026/03/18 12:38:52.359, 108.20 W, 95 %
2026/03/18 12:38:52.459, 108.25 W, 95 %
2026/03/18 12:38:52.559, 108.24 W, 95 %
2026/03/18 12:38:52.659, 108.31 W, 95 %
2026/03/18 12:38:52.759, 108.33 W, 95 %
2026/03/18 12:38:52.859, 108.34 W, 95 %
2026/03/18 12:38:52.960, 108.39 W, 95 %
2026/03/18 12:38:53.060, 108.42 W, 95 %
2026/03/18 12:38:53.160, 108.42 W, 95 %
2026/03/18 12:38:53.260, 108.45 W, 95 %
2026/03/18 12:38:53.360, 108.41 W, 95 %
2026/03/18 12:38:53.460, 108.37 W, 95 %
2026/03/18 12:38:53.560, 108.37 W, 95 %
2026/03/18 12:38:53.661, 108.37 W, 95 %
2026/03/18 12:38:53.761, 108.40 W, 95 %
2026/03/18 12:38:53.861, 108.46 W, 95 %
2026/03/18 12:38:53.961, 108.51 W, 95 %
2026/03/18 12:38:54.061, 108.54 W, 95 %
2026/03/18 12:38:54.161, 108.56 W, 95 %
2026/03/18 12:38:54.261, 108.55 W, 95 %
2026/03/18 12:38:54.362, 108.51 W, 95 %
2026/03/18 12:38:54.462, 108.52 W, 95 %
2026/03/18 12:38:54.562, 108.46 W, 95 %
2026/03/18 12:38:54.662, 108.48 W, 95 %
2026/03/18 12:38:54.762, 108.41 W, 95 %
2026/03/18 12:38:54.862, 108.41 W, 95 %
2026/03/18 12:38:54.962, 108.38 W, 95 %
2026/03/18 12:38:55.063, 108.37 W, 95 %
2026/03/18 12:38:55.163, 108.32 W, 95 %
2026/03/18 12:38:55.263, 108.35 W, 95 %
2026/03/18 12:38:55.363, 108.38 W, 95 %
2026/03/18 12:38:55.463, 108.37 W, 95 %
2026/03/18 12:38:55.563, 108.51 W, 95 %
2026/03/18 12:38:55.663, 108.50 W, 95 %
2026/03/18 12:38:55.764, 108.50 W, 95 %
2026/03/18 12:38:55.864, 108.53 W, 95 %
2026/03/18 12:38:55.964, 108.55 W, 95 %
2026/03/18 12:38:56.064, 108.54 W, 95 %
2026/03/18 12:38:56.164, 108.53 W, 95 %
2026/03/18 12:38:56.264, 108.51 W, 95 %
2026/03/18 12:38:56.364, 108.55 W, 95 %
2026/03/18 12:38:56.465, 108.52 W, 95 %
2026/03/18 12:38:56.565, 108.44 W, 95 %
2026/03/18 12:38:56.665, 108.46 W, 95 %
2026/03/18 12:38:56.765, 108.46 W, 95 %
2026/03/18 12:38:56.865, 108.41 W, 95 %
2026/03/18 12:38:56.965, 108.40 W, 95 %
2026/03/18 12:38:57.065, 108.38 W, 95 %
2026/03/18 12:38:57.166, 108.47 W, 95 %
2026/03/18 12:38:57.266, 108.50 W, 95 %
2026/03/18 12:38:57.366, 108.43 W, 95 %
2026/03/18 12:38:57.466, 108.47 W, 95 %
2026/03/18 12:38:57.566, 108.47 W, 95 %
2026/03/18 12:38:57.666, 108.52 W, 95 %
2026/03/18 12:38:57.766, 108.55 W, 95 %
2026/03/18 12:38:57.867, 108.63 W, 95 %
2026/03/18 12:38:57.967, 108.64 W, 95 %
2026/03/18 12:38:58.067, 108.65 W, 95 %
2026/03/18 12:38:58.167, 108.61 W, 95 %
2026/03/18 12:38:58.267, 108.58 W, 95 %
2026/03/18 12:38:58.367, 108.56 W, 95 %
2026/03/18 12:38:58.467, 108.59 W, 95 %
2026/03/18 12:38:58.568, 108.63 W, 95 %
2026/03/18 12:38:58.668, 108.61 W, 95 %
2026/03/18 12:38:58.768, 108.56 W, 95 %
2026/03/18 12:38:58.868, 108.52 W, 95 %
2026/03/18 12:38:58.968, 108.57 W, 95 %
2026/03/18 12:38:59.068, 108.55 W, 95 %
2026/03/18 12:38:59.168, 108.54 W, 95 %
2026/03/18 12:38:59.269, 108.55 W, 95 %
2026/03/18 12:38:59.369, 108.60 W, 95 %
2026/03/18 12:38:59.469, 108.55 W, 95 %
2026/03/18 12:38:59.569, 108.54 W, 95 %
2026/03/18 12:38:59.669, 108.61 W, 95 %
2026/03/18 12:38:59.769, 108.56 W, 95 %
2026/03/18 12:38:59.869, 108.54 W, 95 %
2026/03/18 12:38:59.970, 108.48 W, 95 %
2026/03/18 12:39:00.070, 108.50 W, 95 %
2026/03/18 12:39:00.170, 108.51 W, 95 %
2026/03/18 12:39:00.270, 108.54 W, 95 %
2026/03/18 12:39:00.370, 108.54 W, 95 %
2026/03/18 12:39:00.470, 108.59 W, 95 %
2026/03/18 12:39:00.570, 108.61 W, 95 %
2026/03/18 12:39:00.671, 108.59 W, 95 %
2026/03/18 12:39:00.771, 108.58 W, 95 %
2026/03/18 12:39:00.871, 108.58 W, 95 %
2026/03/18 12:39:00.971, 108.56 W, 95 %
2026/03/18 12:39:01.071, 108.53 W, 95 %
2026/03/18 12:39:01.171, 108.53 W, 95 %
2026/03/18 12:39:01.271, 108.49 W, 95 %
2026/03/18 12:39:01.372, 108.46 W, 95 %
2026/03/18 12:39:01.472, 108.42 W, 95 %
2026/03/18 12:39:01.572, 108.38 W, 95 %
2026/03/18 12:39:01.672, 108.36 W, 95 %
2026/03/18 12:39:01.772, 108.41 W, 95 %
2026/03/18 12:39:01.872, 108.45 W, 95 %
2026/03/18 12:39:01.972, 108.51 W, 95 %
2026/03/18 12:39:02.073, 108.53 W, 95 %
2026/03/18 12:39:02.173, 108.50 W, 95 %
2026/03/18 12:39:02.273, 108.46 W, 95 %
2026/03/18 12:39:02.373, 108.51 W, 95 %
2026/03/18 12:39:02.473, 108.62 W, 95 %
2026/03/18 12:39:02.573, 108.64 W, 95 %
2026/03/18 12:39:02.673, 108.57 W, 95 %
2026/03/18 12:39:02.774, 108.54 W, 95 %
2026/03/18 12:39:02.874, 108.53 W, 95 %
2026/03/18 12:39:02.974, 108.47 W, 95 %
2026/03/18 12:39:03.074, 108.46 W, 95 %
2026/03/18 12:39:03.174, 108.49 W, 95 %
2026/03/18 12:39:03.274, 108.42 W, 95 %
2026/03/18 12:39:03.374, 108.39 W, 95 %
2026/03/18 12:39:03.475, 108.33 W, 95 %
2026/03/18 12:39:03.575, 108.35 W, 95 %
2026/03/18 12:39:03.675, 108.40 W, 95 %
2026/03/18 12:39:03.775, 108.43 W, 95 %
2026/03/18 12:39:03.875, 108.46 W, 95 %
2026/03/18 12:39:03.975, 108.50 W, 95 %
2026/03/18 12:39:04.075, 108.48 W, 95 %
2026/03/18 12:39:04.176, 108.51 W, 95 %
2026/03/18 12:39:04.276, 108.54 W, 95 %
2026/03/18 12:39:04.376, 108.54 W, 95 %
2026/03/18 12:39:04.476, 108.57 W, 95 %
2026/03/18 12:39:04.576, 108.61 W, 95 %
2026/03/18 12:39:04.676, 108.67 W, 95 %
2026/03/18 12:39:04.776, 108.61 W, 95 %
2026/03/18 12:39:04.877, 108.64 W, 95 %
2026/03/18 12:39:04.977, 108.65 W, 95 %
2026/03/18 12:39:05.077, 108.61 W, 95 %
2026/03/18 12:39:05.177, 108.61 W, 95 %
2026/03/18 12:39:05.277, 108.58 W, 95 %
2026/03/18 12:39:05.377, 108.60 W, 95 %
2026/03/18 12:39:05.478, 108.59 W, 95 %
2026/03/18 12:39:05.578, 108.61 W, 95 %
2026/03/18 12:39:05.678, 108.51 W, 95 %
2026/03/18 12:39:05.778, 108.58 W, 95 %
2026/03/18 12:39:05.878, 108.49 W, 95 %
2026/03/18 12:39:05.978, 108.56 W, 95 %
2026/03/18 12:39:06.078, 108.58 W, 95 %
2026/03/18 12:39:06.179, 108.64 W, 95 %
2026/03/18 12:39:06.279, 108.77 W, 95 %
2026/03/18 12:39:06.379, 108.80 W, 95 %
2026/03/18 12:39:06.479, 108.77 W, 95 %
2026/03/18 12:39:06.579, 108.65 W, 95 %
2026/03/18 12:39:06.679, 108.76 W, 95 %
2026/03/18 12:39:06.779, 108.71 W, 95 %
2026/03/18 12:39:06.880, 108.71 W, 95 %
2026/03/18 12:39:06.980, 108.71 W, 95 %
2026/03/18 12:39:07.080, 108.65 W, 95 %
2026/03/18 12:39:07.180, 108.65 W, 95 %
2026/03/18 12:39:07.280, 108.60 W, 95 %
2026/03/18 12:39:07.380, 108.58 W, 95 %
2026/03/18 12:39:07.480, 108.54 W, 95 %
2026/03/18 12:39:07.581, 108.59 W, 95 %
2026/03/18 12:39:07.681, 108.51 W, 95 %
2026/03/18 12:39:07.781, 108.53 W, 95 %
2026/03/18 12:39:07.881, 108.56 W, 95 %
2026/03/18 12:39:07.981, 108.49 W, 95 %
2026/03/18 12:39:08.081, 108.49 W, 95 %
2026/03/18 12:39:08.181, 108.46 W, 95 %
2026/03/18 12:39:08.282, 108.46 W, 95 %
2026/03/18 12:39:08.382, 108.45 W, 95 %
2026/03/18 12:39:08.482, 108.45 W, 95 %
2026/03/18 12:39:08.582, 108.50 W, 95 %
2026/03/18 12:39:08.682, 108.51 W, 95 %
2026/03/18 12:39:08.782, 108.47 W, 95 %
2026/03/18 12:39:08.882, 108.44 W, 95 %
2026/03/18 12:39:08.983, 108.44 W, 95 %
2026/03/18 12:39:09.083, 108.50 W, 95 %
2026/03/18 12:39:09.183, 108.43 W, 95 %
2026/03/18 12:39:09.283, 108.38 W, 95 %
2026/03/18 12:39:09.383, 108.33 W, 95 %
2026/03/18 12:39:09.483, 108.33 W, 95 %
2026/03/18 12:39:09.583, 108.32 W, 95 %
2026/03/18 12:39:09.684, 108.25 W, 95 %
2026/03/18 12:39:09.784, 108.27 W, 95 %
2026/03/18 12:39:09.884, 108.31 W, 95 %
2026/03/18 12:39:09.984, 108.31 W, 95 %
2026/03/18 12:39:10.084, 108.30 W, 95 %
2026/03/18 12:39:10.184, 108.39 W, 95 %
2026/03/18 12:39:10.284, 108.41 W, 95 %
2026/03/18 12:39:10.385, 108.45 W, 95 %
2026/03/18 12:39:10.485, 108.46 W, 95 %
2026/03/18 12:39:10.585, 108.43 W, 95 %
2026/03/18 12:39:10.685, 108.52 W, 95 %
2026/03/18 12:39:10.785, 108.54 W, 95 %
2026/03/18 12:39:10.885, 108.47 W, 95 %
2026/03/18 12:39:10.985, 108.43 W, 95 %
2026/03/18 12:39:11.086, 108.45 W, 95 %
2026/03/18 12:39:11.186, 108.42 W, 95 %
2026/03/18 12:39:11.286, 108.38 W, 95 %
2026/03/18 12:39:11.386, 108.38 W, 95 %
2026/03/18 12:39:11.486, 108.38 W, 95 %
2026/03/18 12:39:11.586, 108.47 W, 95 %
2026/03/18 12:39:11.686, 108.43 W, 95 %
2026/03/18 12:39:11.787, 108.38 W, 95 %
2026/03/18 12:39:11.887, 108.47 W, 95 %
2026/03/18 12:39:11.987, 108.51 W, 95 %
2026/03/18 12:39:12.087, 108.47 W, 95 %
2026/03/18 12:39:12.187, 108.49 W, 95 %
2026/03/18 12:39:12.287, 108.50 W, 95 %
2026/03/18 12:39:12.387, 108.54 W, 95 %
2026/03/18 12:39:12.488, 108.57 W, 95 %
2026/03/18 12:39:12.588, 108.51 W, 95 %
2026/03/18 12:39:12.688, 108.59 W, 95 %
2026/03/18 12:39:12.788, 108.54 W, 95 %
2026/03/18 12:39:12.888, 108.46 W, 95 %
2026/03/18 12:39:12.988, 108.37 W, 95 %
2026/03/18 12:39:13.088, 108.45 W, 95 %
2026/03/18 12:39:13.189, 108.44 W, 95 %
2026/03/18 12:39:13.289, 108.47 W, 95 %
2026/03/18 12:39:13.389, 108.38 W, 95 %
2026/03/18 12:39:13.489, 108.38 W, 95 %
2026/03/18 12:39:13.589, 108.37 W, 95 %
2026/03/18 12:39:13.689, 108.27 W, 95 %
2026/03/18 12:39:13.789, 108.39 W, 95 %
2026/03/18 12:39:13.890, 108.46 W, 95 %
2026/03/18 12:39:13.990, 108.54 W, 95 %
2026/03/18 12:39:14.090, 108.53 W, 95 %
2026/03/18 12:39:14.190, 108.51 W, 95 %
2026/03/18 12:39:14.290, 108.47 W, 95 %
2026/03/18 12:39:14.390, 108.45 W, 95 %
2026/03/18 12:39:14.491, 108.40 W, 95 %
2026/03/18 12:39:14.591, 108.41 W, 95 %
2026/03/18 12:39:14.691, 108.41 W, 95 %
2026/03/18 12:39:14.791, 108.33 W, 95 %
2026/03/18 12:39:14.891, 108.35 W, 95 %
2026/03/18 12:39:14.991, 108.40 W, 95 %
2026/03/18 12:39:15.091, 108.40 W, 94 %
2026/03/18 12:39:15.192, 108.43 W, 94 %
2026/03/18 12:39:15.292, 108.36 W, 95 %
2026/03/18 12:39:15.392, 108.52 W, 95 %
2026/03/18 12:39:15.492, 108.54 W, 95 %
2026/03/18 12:39:15.592, 108.50 W, 95 %
2026/03/18 12:39:15.692, 108.47 W, 95 %
2026/03/18 12:39:15.792, 108.51 W, 95 %
2026/03/18 12:39:15.893, 108.46 W, 95 %
2026/03/18 12:39:15.993, 108.44 W, 95 %
2026/03/18 12:39:16.093, 108.43 W, 95 %
2026/03/18 12:39:16.193, 108.39 W, 95 %
2026/03/18 12:39:16.293, 108.42 W, 95 %
2026/03/18 12:39:16.393, 108.49 W, 95 %
2026/03/18 12:39:16.493, 108.54 W, 95 %
2026/03/18 12:39:16.594, 108.59 W, 95 %
2026/03/18 12:39:16.694, 108.62 W, 95 %
2026/03/18 12:39:16.794, 108.69 W, 95 %
2026/03/18 12:39:16.894, 108.78 W, 95 %
2026/03/18 12:39:16.994, 108.79 W, 95 %
2026/03/18 12:39:17.094, 108.77 W, 95 %
2026/03/18 12:39:17.194, 108.74 W, 95 %
2026/03/18 12:39:17.295, 108.78 W, 95 %
2026/03/18 12:39:17.395, 108.64 W, 95 %
2026/03/18 12:39:17.495, 108.56 W, 95 %
2026/03/18 12:39:17.595, 108.62 W, 95 %
2026/03/18 12:39:17.695, 108.59 W, 95 %
2026/03/18 12:39:17.795, 108.56 W, 95 %
2026/03/18 12:39:17.895, 108.46 W, 95 %
2026/03/18 12:39:17.996, 108.43 W, 95 %
2026/03/18 12:39:18.096, 108.47 W, 95 %
2026/03/18 12:39:18.196, 108.51 W, 95 %
2026/03/18 12:39:18.296, 108.53 W, 95 %
2026/03/18 12:39:18.396, 108.55 W, 95 %
2026/03/18 12:39:18.496, 108.58 W, 95 %
2026/03/18 12:39:18.596, 108.58 W, 95 %
2026/03/18 12:39:18.697, 108.59 W, 95 %
2026/03/18 12:39:18.797, 108.53 W, 95 %
2026/03/18 12:39:18.897, 108.57 W, 95 %
2026/03/18 12:39:18.997, 108.59 W, 95 %
2026/03/18 12:39:19.097, 108.57 W, 95 %
2026/03/18 12:39:19.197, 108.58 W, 95 %
2026/03/18 12:39:19.297, 108.59 W, 95 %
2026/03/18 12:39:19.398, 108.58 W, 95 %
2026/03/18 12:39:19.498, 108.55 W, 95 %
2026/03/18 12:39:19.598, 108.52 W, 95 %
2026/03/18 12:39:19.698, 108.42 W, 95 %
2026/03/18 12:39:19.798, 108.45 W, 95 %
2026/03/18 12:39:19.898, 108.48 W, 95 %
2026/03/18 12:39:19.998, 108.40 W, 95 %
2026/03/18 12:39:20.099, 108.42 W, 95 %
2026/03/18 12:39:20.199, 108.37 W, 95 %
2026/03/18 12:39:20.299, 108.34 W, 95 %
2026/03/18 12:39:20.399, 108.36 W, 95 %
2026/03/18 12:39:20.499, 108.39 W, 95 %
2026/03/18 12:39:20.599, 108.36 W, 95 %
2026/03/18 12:39:20.699, 108.46 W, 95 %
2026/03/18 12:39:20.800, 108.47 W, 95 %
2026/03/18 12:39:20.900, 108.43 W, 95 %
2026/03/18 12:39:21.000, 108.49 W, 95 %
2026/03/18 12:39:21.100, 108.52 W, 95 %
2026/03/18 12:39:21.200, 108.55 W, 95 %
2026/03/18 12:39:21.300, 108.57 W, 95 %
2026/03/18 12:39:21.400, 108.48 W, 95 %
2026/03/18 12:39:21.501, 108.51 W, 95 %
2026/03/18 12:39:21.601, 108.53 W, 95 %
2026/03/18 12:39:21.701, 108.48 W, 95 %
2026/03/18 12:39:21.801, 108.43 W, 95 %
2026/03/18 12:39:21.901, 108.49 W, 95 %
2026/03/18 12:39:22.001, 108.52 W, 95 %
2026/03/18 12:39:22.101, 108.52 W, 95 %
2026/03/18 12:39:22.202, 108.52 W, 95 %
2026/03/18 12:39:22.302, 108.42 W, 95 %
2026/03/18 12:39:22.402, 108.39 W, 95 %
2026/03/18 12:39:22.502, 108.38 W, 95 %
2026/03/18 12:39:22.602, 108.42 W, 95 %
2026/03/18 12:39:22.702, 108.41 W, 95 %
2026/03/18 12:39:22.802, 108.43 W, 95 %
2026/03/18 12:39:22.903, 108.42 W, 95 %
2026/03/18 12:39:23.003, 108.40 W, 95 %
2026/03/18 12:39:23.103, 108.33 W, 95 %
2026/03/18 12:39:23.203, 108.33 W, 95 %
2026/03/18 12:39:23.303, 108.40 W, 95 %
2026/03/18 12:39:23.403, 108.40 W, 95 %
2026/03/18 12:39:23.503, 108.35 W, 95 %
2026/03/18 12:39:23.604, 108.36 W, 95 %
2026/03/18 12:39:23.704, 108.36 W, 95 %
2026/03/18 12:39:23.804, 108.44 W, 95 %
2026/03/18 12:39:23.904, 108.45 W, 95 %
2026/03/18 12:39:24.004, 108.46 W, 95 %
2026/03/18 12:39:24.104, 108.46 W, 95 %
2026/03/18 12:39:24.204, 108.44 W, 95 %
2026/03/18 12:39:24.305, 108.41 W, 95 %
2026/03/18 12:39:24.405, 108.44 W, 95 %
2026/03/18 12:39:24.505, 108.47 W, 95 %
2026/03/18 12:39:24.605, 108.49 W, 95 %
2026/03/18 12:39:24.705, 108.46 W, 95 %
2026/03/18 12:39:24.805, 108.38 W, 95 %
2026/03/18 12:39:24.905, 108.43 W, 95 %
2026/03/18 12:39:25.006, 108.50 W, 95 %
2026/03/18 12:39:25.106, 108.44 W, 95 %
2026/03/18 12:39:25.206, 108.47 W, 95 %
2026/03/18 12:39:25.306, 108.53 W, 95 %
2026/03/18 12:39:25.406, 108.48 W, 95 %
2026/03/18 12:39:25.506, 108.48 W, 95 %
2026/03/18 12:39:25.606, 108.49 W, 95 %
2026/03/18 12:39:25.707, 108.49 W, 95 %
2026/03/18 12:39:25.807, 108.50 W, 95 %
2026/03/18 12:39:25.907, 108.37 W, 95 %
2026/03/18 12:39:26.007, 108.36 W, 95 %
2026/03/18 12:39:26.107, 108.43 W, 95 %
2026/03/18 12:39:26.207, 108.51 W, 95 %
2026/03/18 12:39:26.307, 108.48 W, 95 %
2026/03/18 12:39:26.408, 108.50 W, 95 %
2026/03/18 12:39:26.508, 108.49 W, 95 %
2026/03/18 12:39:26.608, 108.49 W, 95 %
2026/03/18 12:39:26.708, 108.56 W, 95 %
2026/03/18 12:39:26.808, 108.57 W, 95 %
2026/03/18 12:39:26.908, 108.64 W, 95 %
2026/03/18 12:39:27.009, 108.61 W, 95 %
2026/03/18 12:39:27.109, 108.55 W, 95 %
2026/03/18 12:39:27.209, 108.49 W, 95 %
2026/03/18 12:39:27.309, 108.46 W, 95 %
2026/03/18 12:39:27.409, 108.52 W, 95 %
2026/03/18 12:39:27.509, 108.54 W, 95 %
2026/03/18 12:39:27.609, 108.54 W, 95 %
2026/03/18 12:39:27.710, 108.50 W, 95 %
2026/03/18 12:39:27.810, 108.45 W, 95 %
2026/03/18 12:39:27.910, 108.41 W, 95 %
2026/03/18 12:39:28.010, 108.39 W, 95 %
2026/03/18 12:39:28.110, 108.48 W, 95 %
2026/03/18 12:39:28.210, 108.51 W, 95 %
2026/03/18 12:39:28.310, 108.55 W, 95 %
2026/03/18 12:39:28.411, 108.56 W, 95 %
2026/03/18 12:39:28.511, 108.48 W, 95 %
2026/03/18 12:39:28.611, 108.44 W, 95 %
2026/03/18 12:39:28.711, 108.47 W, 95 %
2026/03/18 12:39:28.811, 108.51 W, 95 %
2026/03/18 12:39:28.911, 108.57 W, 95 %
2026/03/18 12:39:29.011, 108.61 W, 95 %
2026/03/18 12:39:29.112, 108.58 W, 95 %
2026/03/18 12:39:29.212, 108.53 W, 95 %
2026/03/18 12:39:29.312, 108.46 W, 95 %
2026/03/18 12:39:29.412, 108.45 W, 95 %
2026/03/18 12:39:29.512, 108.50 W, 95 %
2026/03/18 12:39:29.612, 108.47 W, 95 %
2026/03/18 12:39:29.712, 108.46 W, 95 %
2026/03/18 12:39:29.813, 108.50 W, 95 %
2026/03/18 12:39:29.913, 108.49 W, 95 %
2026/03/18 12:39:30.013, 108.43 W, 95 %
2026/03/18 12:39:30.113, 108.39 W, 95 %
2026/03/18 12:39:30.213, 108.38 W, 95 %
2026/03/18 12:39:30.313, 108.43 W, 95 %
2026/03/18 12:39:30.413, 108.44 W, 95 %
2026/03/18 12:39:30.514, 108.42 W, 95 %
2026/03/18 12:39:30.614, 108.46 W, 95 %
2026/03/18 12:39:30.714, 108.45 W, 95 %
2026/03/18 12:39:30.814, 108.41 W, 95 %
2026/03/18 12:39:30.914, 108.41 W, 95 %
2026/03/18 12:39:31.014, 108.45 W, 95 %
2026/03/18 12:39:31.114, 108.41 W, 95 %
2026/03/18 12:39:31.215, 108.43 W, 95 %
2026/03/18 12:39:31.315, 108.39 W, 95 %
2026/03/18 12:39:31.415, 108.39 W, 95 %
2026/03/18 12:39:31.515, 108.34 W, 95 %
2026/03/18 12:39:31.615, 108.29 W, 95 %
2026/03/18 12:39:31.715, 108.29 W, 95 %
2026/03/18 12:39:31.815, 108.23 W, 95 %
2026/03/18 12:39:31.916, 108.22 W, 95 %
2026/03/18 12:39:32.016, 108.26 W, 95 %
2026/03/18 12:39:32.116, 108.25 W, 95 %
2026/03/18 12:39:32.216, 108.30 W, 95 %
2026/03/18 12:39:32.316, 108.25 W, 95 %
2026/03/18 12:39:32.416, 108.24 W, 95 %
2026/03/18 12:39:32.516, 108.30 W, 95 %
2026/03/18 12:39:32.617, 108.34 W, 95 %
2026/03/18 12:39:32.717, 108.34 W, 95 %
2026/03/18 12:39:32.817, 108.38 W, 95 %
2026/03/18 12:39:32.917, 108.34 W, 95 %
2026/03/18 12:39:33.017, 108.33 W, 95 %
2026/03/18 12:39:33.117, 108.30 W, 95 %
2026/03/18 12:39:33.217, 108.24 W, 95 %
2026/03/18 12:39:33.318, 108.24 W, 95 %
2026/03/18 12:39:33.418, 108.28 W, 95 %
2026/03/18 12:39:33.518, 108.32 W, 95 %
2026/03/18 12:39:33.618, 108.41 W, 95 %
2026/03/18 12:39:33.718, 108.41 W, 95 %
2026/03/18 12:39:33.818, 108.34 W, 95 %
2026/03/18 12:39:33.918, 108.41 W, 95 %
2026/03/18 12:39:34.019, 108.40 W, 95 %
2026/03/18 12:39:34.119, 108.41 W, 95 %
2026/03/18 12:39:34.219, 108.45 W, 95 %
2026/03/18 12:39:34.319, 108.48 W, 95 %
2026/03/18 12:39:34.419, 108.47 W, 95 %
2026/03/18 12:39:34.519, 108.45 W, 95 %
2026/03/18 12:39:34.619, 108.36 W, 95 %
2026/03/18 12:39:34.720, 108.37 W, 95 %
2026/03/18 12:39:34.820, 108.39 W, 95 %
2026/03/18 12:39:34.920, 108.38 W, 95 %
2026/03/18 12:39:35.020, 108.42 W, 95 %
2026/03/18 12:39:35.120, 108.41 W, 95 %
2026/03/18 12:39:35.220, 108.39 W, 95 %
2026/03/18 12:39:35.320, 108.39 W, 95 %
2026/03/18 12:39:35.421, 108.33 W, 95 %
2026/03/18 12:39:35.521, 108.30 W, 95 %
2026/03/18 12:39:35.621, 108.38 W, 95 %
2026/03/18 12:39:35.721, 108.31 W, 95 %
2026/03/18 12:39:35.821, 108.32 W, 95 %
2026/03/18 12:39:35.921, 108.31 W, 95 %
2026/03/18 12:39:36.021, 108.24 W, 95 %
2026/03/18 12:39:36.122, 108.26 W, 95 %
2026/03/18 12:39:36.222, 108.29 W, 95 %
2026/03/18 12:39:36.322, 108.31 W, 95 %
2026/03/18 12:39:36.422, 108.40 W, 95 %
2026/03/18 12:39:36.522, 108.43 W, 95 %
2026/03/18 12:39:36.622, 108.40 W, 95 %
2026/03/18 12:39:36.722, 108.40 W, 95 %
2026/03/18 12:39:36.823, 108.38 W, 95 %
2026/03/18 12:39:36.923, 108.36 W, 95 %
2026/03/18 12:39:37.023, 108.40 W, 93 %
2026/03/18 12:39:37.123, 108.35 W, 93 %
2026/03/18 12:39:37.223, 108.34 W, 95 %
2026/03/18 12:39:37.323, 108.24 W, 95 %
2026/03/18 12:39:37.423, 108.19 W, 95 %
2026/03/18 12:39:37.524, 108.15 W, 95 %
2026/03/18 12:39:37.624, 108.13 W, 95 %
2026/03/18 12:39:37.724, 108.10 W, 95 %
2026/03/18 12:39:37.824, 108.07 W, 95 %
2026/03/18 12:39:37.924, 108.11 W, 95 %
2026/03/18 12:39:38.024, 108.11 W, 95 %
2026/03/18 12:39:38.124, 108.14 W, 95 %
2026/03/18 12:39:38.225, 108.15 W, 95 %
2026/03/18 12:39:38.325, 108.27 W, 95 %
2026/03/18 12:39:38.425, 108.26 W, 95 %
2026/03/18 12:39:38.525, 108.27 W, 95 %
2026/03/18 12:39:38.625, 108.29 W, 95 %
2026/03/18 12:39:38.725, 108.44 W, 95 %
2026/03/18 12:39:38.825, 108.52 W, 95 %
2026/03/18 12:39:38.926, 108.54 W, 95 %
2026/03/18 12:39:39.026, 108.53 W, 95 %
2026/03/18 12:39:39.126, 108.56 W, 95 %
2026/03/18 12:39:39.226, 108.53 W, 95 %
2026/03/18 12:39:39.326, 108.48 W, 95 %
2026/03/18 12:39:39.426, 108.40 W, 95 %
2026/03/18 12:39:39.526, 108.42 W, 95 %
2026/03/18 12:39:39.627, 108.52 W, 95 %
2026/03/18 12:39:39.727, 108.43 W, 95 %
2026/03/18 12:39:39.827, 108.42 W, 95 %
2026/03/18 12:39:39.927, 108.36 W, 95 %
2026/03/18 12:39:40.027, 108.33 W, 95 %
2026/03/18 12:39:40.127, 108.32 W, 95 %
2026/03/18 12:39:40.227, 108.36 W, 95 %
2026/03/18 12:39:40.328, 108.35 W, 95 %
2026/03/18 12:39:40.428, 108.40 W, 95 %
2026/03/18 12:39:40.528, 108.43 W, 95 %
2026/03/18 12:39:40.628, 108.41 W, 95 %
2026/03/18 12:39:40.728, 108.41 W, 95 %
2026/03/18 12:39:40.828, 108.37 W, 95 %
2026/03/18 12:39:40.928, 108.45 W, 95 %
2026/03/18 12:39:41.029, 108.51 W, 95 %
2026/03/18 12:39:41.129, 108.52 W, 95 %
2026/03/18 12:39:41.229, 108.53 W, 95 %
2026/03/18 12:39:41.329, 108.53 W, 95 %
2026/03/18 12:39:41.429, 108.59 W, 95 %
2026/03/18 12:39:41.529, 108.55 W, 95 %
2026/03/18 12:39:41.629, 108.53 W, 95 %
2026/03/18 12:39:41.730, 108.54 W, 95 %
2026/03/18 12:39:41.830, 108.55 W, 95 %
2026/03/18 12:39:41.930, 108.52 W, 95 %
2026/03/18 12:39:42.030, 108.54 W, 95 %
2026/03/18 12:39:42.130, 108.50 W, 95 %
2026/03/18 12:39:42.230, 108.53 W, 95 %
2026/03/18 12:39:42.330, 108.55 W, 95 %
2026/03/18 12:39:42.431, 108.56 W, 95 %
2026/03/18 12:39:42.531, 108.59 W, 95 %
2026/03/18 12:39:42.631, 108.61 W, 95 %
2026/03/18 12:39:42.731, 108.57 W, 95 %
2026/03/18 12:39:42.831, 108.55 W, 95 %
2026/03/18 12:39:42.931, 108.55 W, 95 %
2026/03/18 12:39:43.031, 108.53 W, 95 %
2026/03/18 12:39:43.132, 108.56 W, 95 %
2026/03/18 12:39:43.232, 108.60 W, 95 %
2026/03/18 12:39:43.332, 108.55 W, 95 %
2026/03/18 12:39:43.432, 108.59 W, 95 %
2026/03/18 12:39:43.532, 108.57 W, 95 %
2026/03/18 12:39:43.632, 108.56 W, 95 %
2026/03/18 12:39:43.732, 108.54 W, 95 %
2026/03/18 12:39:43.833, 108.56 W, 95 %
2026/03/18 12:39:43.933, 108.54 W, 95 %
2026/03/18 12:39:44.033, 108.52 W, 95 %
2026/03/18 12:39:44.133, 108.51 W, 95 %
2026/03/18 12:39:44.233, 108.47 W, 95 %
2026/03/18 12:39:44.333, 108.51 W, 95 %
2026/03/18 12:39:44.433, 108.55 W, 95 %
2026/03/18 12:39:44.534, 108.49 W, 95 %
2026/03/18 12:39:44.634, 108.48 W, 95 %
2026/03/18 12:39:44.734, 108.44 W, 95 %
2026/03/18 12:39:44.834, 108.40 W, 95 %
2026/03/18 12:39:44.934, 108.42 W, 95 %
2026/03/18 12:39:45.034, 108.41 W, 95 %
2026/03/18 12:39:45.134, 108.40 W, 95 %
2026/03/18 12:39:45.235, 108.33 W, 95 %
2026/03/18 12:39:45.335, 108.35 W, 95 %
2026/03/18 12:39:45.435, 108.32 W, 95 %
2026/03/18 12:39:45.535, 108.36 W, 95 %
2026/03/18 12:39:45.635, 108.39 W, 95 %
2026/03/18 12:39:45.735, 108.40 W, 95 %
2026/03/18 12:39:45.835, 108.39 W, 95 %
2026/03/18 12:39:45.936, 108.37 W, 95 %
2026/03/18 12:39:46.036, 108.34 W, 95 %
2026/03/18 12:39:46.136, 108.38 W, 95 %
2026/03/18 12:39:46.236, 108.42 W, 95 %
2026/03/18 12:39:46.336, 108.45 W, 95 %
2026/03/18 12:39:46.436, 108.36 W, 95 %
2026/03/18 12:39:46.536, 108.39 W, 95 %
2026/03/18 12:39:46.637, 108.39 W, 95 %
2026/03/18 12:39:46.737, 108.36 W, 95 %
2026/03/18 12:39:46.837, 108.31 W, 95 %
2026/03/18 12:39:46.937, 108.32 W, 95 %
2026/03/18 12:39:47.037, 108.33 W, 95 %
2026/03/18 12:39:47.137, 108.34 W, 95 %
2026/03/18 12:39:47.237, 108.28 W, 95 %
2026/03/18 12:39:47.338, 108.26 W, 95 %
2026/03/18 12:39:47.438, 108.28 W, 95 %
2026/03/18 12:39:47.538, 108.29 W, 95 %
2026/03/18 12:39:47.638, 108.35 W, 95 %
2026/03/18 12:39:47.738, 108.34 W, 95 %
2026/03/18 12:39:47.838, 108.39 W, 95 %
2026/03/18 12:39:47.938, 108.49 W, 95 %
2026/03/18 12:39:48.039, 108.48 W, 95 %
2026/03/18 12:39:48.139, 108.50 W, 95 %
2026/03/18 12:39:48.239, 108.46 W, 95 %
2026/03/18 12:39:48.339, 108.46 W, 95 %
2026/03/18 12:39:48.439, 108.43 W, 95 %
2026/03/18 12:39:48.539, 108.43 W, 95 %
2026/03/18 12:39:48.639, 108.38 W, 95 %
2026/03/18 12:39:48.740, 108.44 W, 95 %
2026/03/18 12:39:48.840, 108.52 W, 95 %
2026/03/18 12:39:48.940, 108.45 W, 95 %
2026/03/18 12:39:49.040, 108.46 W, 95 %
2026/03/18 12:39:49.140, 108.46 W, 95 %
2026/03/18 12:39:49.240, 108.50 W, 95 %
2026/03/18 12:39:49.340, 108.47 W, 95 %
2026/03/18 12:39:49.441, 108.50 W, 95 %
2026/03/18 12:39:49.541, 108.48 W, 95 %
2026/03/18 12:39:49.641, 108.45 W, 95 %
2026/03/18 12:39:49.741, 108.37 W, 95 %
2026/03/18 12:39:49.841, 108.34 W, 95 %
2026/03/18 12:39:49.941, 108.35 W, 95 %
2026/03/18 12:39:50.041, 108.42 W, 95 %
2026/03/18 12:39:50.142, 108.48 W, 95 %
2026/03/18 12:39:50.242, 108.50 W, 95 %
2026/03/18 12:39:50.342, 108.57 W, 95 %
2026/03/18 12:39:50.442, 108.67 W, 95 %
2026/03/18 12:39:50.542, 108.73 W, 95 %
2026/03/18 12:39:50.642, 108.74 W, 95 %
2026/03/18 12:39:50.742, 108.72 W, 95 %
2026/03/18 12:39:50.843, 108.74 W, 95 %
2026/03/18 12:39:50.943, 108.70 W, 95 %
2026/03/18 12:39:51.043, 108.67 W, 95 %
2026/03/18 12:39:51.143, 108.62 W, 95 %
2026/03/18 12:39:51.243, 108.59 W, 95 %
2026/03/18 12:39:51.343, 108.56 W, 95 %
2026/03/18 12:39:51.443, 108.44 W, 95 %
2026/03/18 12:39:51.544, 108.41 W, 95 %
2026/03/18 12:39:51.644, 108.35 W, 95 %
2026/03/18 12:39:51.744, 108.41 W, 95 %
2026/03/18 12:39:51.844, 108.36 W, 95 %
2026/03/18 12:39:51.944, 108.45 W, 95 %
2026/03/18 12:39:52.044, 108.44 W, 95 %
2026/03/18 12:39:52.144, 108.41 W, 95 %
2026/03/18 12:39:52.245, 108.37 W, 95 %
2026/03/18 12:39:52.345, 108.36 W, 95 %
2026/03/18 12:39:52.445, 108.38 W, 95 %
2026/03/18 12:39:52.545, 108.33 W, 95 %
2026/03/18 12:39:52.645, 108.40 W, 95 %
2026/03/18 12:39:52.745, 108.35 W, 95 %
2026/03/18 12:39:52.845, 108.38 W, 95 %
2026/03/18 12:39:52.946, 108.31 W, 95 %
2026/03/18 12:39:53.046, 108.26 W, 95 %
2026/03/18 12:39:53.146, 108.29 W, 95 %
2026/03/18 12:39:53.246, 108.32 W, 95 %
2026/03/18 12:39:53.346, 108.34 W, 95 %
2026/03/18 12:39:53.446, 108.35 W, 95 %
2026/03/18 12:39:53.546, 108.36 W, 95 %
2026/03/18 12:39:53.647, 108.39 W, 95 %
2026/03/18 12:39:53.747, 108.41 W, 95 %
2026/03/18 12:39:53.847, 108.48 W, 95 %
2026/03/18 12:39:53.947, 108.49 W, 95 %
2026/03/18 12:39:54.047, 108.56 W, 95 %
2026/03/18 12:39:54.147, 108.59 W, 95 %
2026/03/18 12:39:54.247, 108.57 W, 95 %
2026/03/18 12:39:54.348, 108.58 W, 95 %
2026/03/18 12:39:54.448, 108.61 W, 95 %
2026/03/18 12:39:54.548, 108.64 W, 95 %
2026/03/18 12:39:54.648, 108.62 W, 95 %
2026/03/18 12:39:54.748, 108.60 W, 95 %
2026/03/18 12:39:54.848, 108.58 W, 95 %
2026/03/18 12:39:54.948, 108.54 W, 95 %
2026/03/18 12:39:55.049, 108.55 W, 95 %
2026/03/18 12:39:55.149, 108.53 W, 95 %
2026/03/18 12:39:55.249, 108.52 W, 95 %
2026/03/18 12:39:55.349, 108.54 W, 95 %
2026/03/18 12:39:55.449, 108.49 W, 95 %
2026/03/18 12:39:55.549, 108.45 W, 95 %
2026/03/18 12:39:55.649, 108.43 W, 95 %
2026/03/18 12:39:55.750, 108.42 W, 95 %
2026/03/18 12:39:55.850, 108.42 W, 95 %
2026/03/18 12:39:55.950, 108.40 W, 95 %
2026/03/18 12:39:56.050, 108.40 W, 95 %
2026/03/18 12:39:56.150, 108.37 W, 95 %
2026/03/18 12:39:56.250, 108.40 W, 95 %
2026/03/18 12:39:56.350, 108.36 W, 95 %
2026/03/18 12:39:56.451, 108.36 W, 95 %
2026/03/18 12:39:56.551, 108.36 W, 95 %
2026/03/18 12:39:56.651, 108.32 W, 95 %
2026/03/18 12:39:56.751, 108.35 W, 95 %
2026/03/18 12:39:56.851, 108.28 W, 95 %
2026/03/18 12:39:56.951, 108.26 W, 95 %
2026/03/18 12:39:57.051, 108.31 W, 95 %
2026/03/18 12:39:57.152, 108.33 W, 95 %
2026/03/18 12:39:57.252, 108.30 W, 95 %
2026/03/18 12:39:57.352, 108.37 W, 95 %
2026/03/18 12:39:57.452, 108.40 W, 95 %
2026/03/18 12:39:57.552, 108.43 W, 95 %
2026/03/18 12:39:57.652, 108.47 W, 95 %
2026/03/18 12:39:57.752, 108.45 W, 95 %
2026/03/18 12:39:57.853, 108.52 W, 95 %
2026/03/18 12:39:57.953, 108.53 W, 95 %
2026/03/18 12:39:58.053, 108.49 W, 95 %
2026/03/18 12:39:58.153, 108.43 W, 95 %
2026/03/18 12:39:58.253, 108.47 W, 95 %
2026/03/18 12:39:58.353, 108.46 W, 95 %
2026/03/18 12:39:58.453, 108.50 W, 95 %
2026/03/18 12:39:58.554, 108.48 W, 95 %
2026/03/18 12:39:58.654, 108.49 W, 95 %
2026/03/18 12:39:58.754, 108.58 W, 95 %
2026/03/18 12:39:58.854, 108.57 W, 95 %
2026/03/18 12:39:58.954, 108.51 W, 95 %
2026/03/18 12:39:59.054, 108.47 W, 95 %
2026/03/18 12:39:59.154, 108.56 W, 95 %
2026/03/18 12:39:59.255, 108.54 W, 95 %
2026/03/18 12:39:59.355, 108.50 W, 95 %
2026/03/18 12:39:59.455, 108.44 W, 95 %
2026/03/18 12:39:59.555, 108.42 W, 95 %
2026/03/18 12:39:59.655, 108.44 W, 95 %
2026/03/18 12:39:59.755, 108.37 W, 95 %
2026/03/18 12:39:59.855, 108.33 W, 95 %
2026/03/18 12:39:59.956, 108.42 W, 95 %
2026/03/18 12:40:00.056, 108.51 W, 95 %
2026/03/18 12:40:00.156, 108.61 W, 95 %
2026/03/18 12:40:00.256, 108.61 W, 95 %
2026/03/18 12:40:00.356, 108.62 W, 95 %
2026/03/18 12:40:00.456, 108.65 W, 95 %
2026/03/18 12:40:00.556, 108.62 W, 95 %
2026/03/18 12:40:00.657, 108.62 W, 95 %
2026/03/18 12:40:00.757, 108.65 W, 95 %
2026/03/18 12:40:00.857, 108.66 W, 95 %
2026/03/18 12:40:00.957, 108.70 W, 95 %
2026/03/18 12:40:01.057, 108.71 W, 95 %
2026/03/18 12:40:01.157, 108.64 W, 95 %
2026/03/18 12:40:01.257, 108.62 W, 95 %
2026/03/18 12:40:01.358, 108.61 W, 95 %
2026/03/18 12:40:01.458, 108.60 W, 95 %
2026/03/18 12:40:01.558, 108.55 W, 95 %
2026/03/18 12:40:01.658, 108.54 W, 95 %
2026/03/18 12:40:01.758, 108.47 W, 95 %
2026/03/18 12:40:01.858, 108.46 W, 95 %
2026/03/18 12:40:01.958, 108.42 W, 95 %
2026/03/18 12:40:02.059, 108.44 W, 95 %
2026/03/18 12:40:02.159, 108.40 W, 95 %
2026/03/18 12:40:02.259, 108.35 W, 95 %
2026/03/18 12:40:02.359, 108.33 W, 95 %
2026/03/18 12:40:02.459, 108.30 W, 95 %
2026/03/18 12:40:02.559, 108.33 W, 95 %
2026/03/18 12:40:02.659, 108.32 W, 95 %
2026/03/18 12:40:02.760, 108.37 W, 95 %
2026/03/18 12:40:02.860, 108.39 W, 95 %
2026/03/18 12:40:02.960, 108.38 W, 95 %
2026/03/18 12:40:03.060, 108.38 W, 95 %
2026/03/18 12:40:03.160, 108.42 W, 95 %
2026/03/18 12:40:03.260, 108.53 W, 95 %
2026/03/18 12:40:03.360, 108.55 W, 95 %
2026/03/18 12:40:03.461, 108.58 W, 95 %
2026/03/18 12:40:03.561, 108.54 W, 95 %
2026/03/18 12:40:03.661, 108.57 W, 95 %
2026/03/18 12:40:03.761, 108.56 W, 95 %
2026/03/18 12:40:03.861, 108.50 W, 95 %
2026/03/18 12:40:03.961, 108.55 W, 95 %
2026/03/18 12:40:04.061, 108.54 W, 95 %
2026/03/18 12:40:04.162, 108.49 W, 95 %
2026/03/18 12:40:04.262, 108.40 W, 95 %
2026/03/18 12:40:04.362, 108.40 W, 95 %
2026/03/18 12:40:04.462, 108.35 W, 95 %
2026/03/18 12:40:04.562, 108.39 W, 95 %
2026/03/18 12:40:04.662, 108.40 W, 95 %
2026/03/18 12:40:04.762, 108.47 W, 95 %
2026/03/18 12:40:04.863, 108.44 W, 95 %
2026/03/18 12:40:04.963, 108.47 W, 95 %
2026/03/18 12:40:05.063, 108.47 W, 95 %
2026/03/18 12:40:05.163, 108.51 W, 95 %
2026/03/18 12:40:05.263, 108.47 W, 95 %
2026/03/18 12:40:05.363, 108.48 W, 95 %
2026/03/18 12:40:05.463, 108.55 W, 95 %
2026/03/18 12:40:05.564, 108.59 W, 95 %
2026/03/18 12:40:05.664, 108.62 W, 95 %
2026/03/18 12:40:05.764, 108.56 W, 95 %
2026/03/18 12:40:05.864, 108.55 W, 95 %
2026/03/18 12:40:05.964, 108.49 W, 95 %
2026/03/18 12:40:06.064, 108.39 W, 95 %
2026/03/18 12:40:06.164, 108.35 W, 95 %
2026/03/18 12:40:06.265, 108.40 W, 95 %
2026/03/18 12:40:06.365, 108.38 W, 95 %
2026/03/18 12:40:06.465, 108.33 W, 95 %
2026/03/18 12:40:06.565, 108.36 W, 95 %
2026/03/18 12:40:06.665, 108.27 W, 95 %
2026/03/18 12:40:06.765, 108.20 W, 95 %
2026/03/18 12:40:06.866, 108.27 W, 95 %
2026/03/18 12:40:06.966, 108.27 W, 95 %
2026/03/18 12:40:07.066, 108.30 W, 95 %
2026/03/18 12:40:07.166, 108.28 W, 95 %
2026/03/18 12:40:07.266, 108.28 W, 95 %
2026/03/18 12:40:07.366, 108.23 W, 95 %
2026/03/18 12:40:07.466, 108.25 W, 95 %
2026/03/18 12:40:07.567, 108.28 W, 95 %
2026/03/18 12:40:07.667, 108.31 W, 95 %
2026/03/18 12:40:07.767, 108.39 W, 95 %
2026/03/18 12:40:07.867, 108.38 W, 95 %
2026/03/18 12:40:07.967, 108.37 W, 95 %
2026/03/18 12:40:08.067, 108.41 W, 95 %
2026/03/18 12:40:08.167, 108.43 W, 95 %
2026/03/18 12:40:08.268, 108.46 W, 95 %
2026/03/18 12:40:08.368, 108.51 W, 95 %
2026/03/18 12:40:08.468, 108.56 W, 95 %
2026/03/18 12:40:08.568, 108.52 W, 95 %
2026/03/18 12:40:08.668, 108.53 W, 95 %
2026/03/18 12:40:08.768, 108.46 W, 95 %
2026/03/18 12:40:08.868, 108.45 W, 95 %
2026/03/18 12:40:08.969, 108.47 W, 95 %
2026/03/18 12:40:09.069, 108.43 W, 95 %
2026/03/18 12:40:09.169, 108.42 W, 95 %
2026/03/18 12:40:09.269, 108.42 W, 95 %
2026/03/18 12:40:09.369, 108.36 W, 95 %
2026/03/18 12:40:09.469, 108.33 W, 95 %
2026/03/18 12:40:09.569, 108.34 W, 95 %
2026/03/18 12:40:09.670, 108.36 W, 95 %
2026/03/18 12:40:09.770, 108.39 W, 95 %
2026/03/18 12:40:09.870, 108.39 W, 95 %
2026/03/18 12:40:09.970, 108.41 W, 95 %
2026/03/18 12:40:10.070, 108.40 W, 95 %
2026/03/18 12:40:10.170, 108.43 W, 95 %
2026/03/18 12:40:10.270, 108.41 W, 95 %
2026/03/18 12:40:10.371, 108.44 W, 95 %
2026/03/18 12:40:10.471, 108.52 W, 95 %
2026/03/18 12:40:10.571, 108.53 W, 95 %
2026/03/18 12:40:10.671, 108.53 W, 95 %
2026/03/18 12:40:10.771, 108.49 W, 95 %
2026/03/18 12:40:10.871, 108.50 W, 95 %
2026/03/18 12:40:10.971, 108.48 W, 95 %
2026/03/18 12:40:11.072, 108.54 W, 95 %
2026/03/18 12:40:11.172, 108.56 W, 95 %
2026/03/18 12:40:11.272, 108.55 W, 95 %
2026/03/18 12:40:11.372, 108.58 W, 95 %
2026/03/18 12:40:11.472, 108.53 W, 95 %
2026/03/18 12:40:11.572, 108.53 W, 95 %
2026/03/18 12:40:11.672, 108.54 W, 95 %
2026/03/18 12:40:11.773, 108.58 W, 95 %
2026/03/18 12:40:11.873, 108.58 W, 95 %
2026/03/18 12:40:11.973, 108.56 W, 95 %
2026/03/18 12:40:12.073, 108.53 W, 95 %
2026/03/18 12:40:12.173, 108.48 W, 95 %
2026/03/18 12:40:12.273, 108.46 W, 95 %
2026/03/18 12:40:12.373, 108.43 W, 95 %
2026/03/18 12:40:12.474, 108.47 W, 95 %
2026/03/18 12:40:12.574, 108.50 W, 95 %
2026/03/18 12:40:12.674, 108.45 W, 95 %
2026/03/18 12:40:12.774, 108.46 W, 95 %
2026/03/18 12:40:12.874, 108.46 W, 95 %
2026/03/18 12:40:12.974, 108.58 W, 95 %
2026/03/18 12:40:13.074, 108.57 W, 95 %
2026/03/18 12:40:13.175, 108.58 W, 95 %
2026/03/18 12:40:13.275, 108.56 W, 95 %
2026/03/18 12:40:13.375, 108.55 W, 95 %
2026/03/18 12:40:13.475, 108.54 W, 95 %
2026/03/18 12:40:13.575, 108.47 W, 95 %
2026/03/18 12:40:13.675, 108.46 W, 95 %
2026/03/18 12:40:13.775, 108.44 W, 95 %
2026/03/18 12:40:13.876, 108.47 W, 95 %
2026/03/18 12:40:13.976, 108.41 W, 95 %
2026/03/18 12:40:14.076, 108.46 W, 95 %
2026/03/18 12:40:14.176, 108.44 W, 95 %
2026/03/18 12:40:14.276, 108.47 W, 95 %
2026/03/18 12:40:14.376, 108.52 W, 95 %
2026/03/18 12:40:14.476, 108.55 W, 95 %
2026/03/18 12:40:14.577, 108.62 W, 95 %
2026/03/18 12:40:14.677, 108.64 W, 95 %
2026/03/18 12:40:14.777, 108.61 W, 95 %
2026/03/18 12:40:14.877, 108.54 W, 95 %
2026/03/18 12:40:14.977, 108.50 W, 95 %
2026/03/18 12:40:15.077, 108.47 W, 95 %
2026/03/18 12:40:15.177, 108.41 W, 95 %
2026/03/18 12:40:15.278, 108.38 W, 95 %
2026/03/18 12:40:15.378, 108.33 W, 95 %
2026/03/18 12:40:15.478, 108.24 W, 95 %
2026/03/18 12:40:15.578, 108.16 W, 95 %
2026/03/18 12:40:15.678, 108.13 W, 95 %
2026/03/18 12:40:15.778, 108.18 W, 95 %
2026/03/18 12:40:15.878, 108.22 W, 95 %
2026/03/18 12:40:15.979, 108.26 W, 95 %
2026/03/18 12:40:16.079, 108.25 W, 95 %
2026/03/18 12:40:16.179, 108.30 W, 95 %
2026/03/18 12:40:16.279, 108.33 W, 95 %
2026/03/18 12:40:16.379, 108.33 W, 95 %
2026/03/18 12:40:16.479, 108.36 W, 95 %
2026/03/18 12:40:16.579, 108.41 W, 95 %
2026/03/18 12:40:16.680, 108.47 W, 95 %
2026/03/18 12:40:16.780, 108.51 W, 95 %
2026/03/18 12:40:16.880, 108.52 W, 95 %
2026/03/18 12:40:16.980, 108.49 W, 95 %
2026/03/18 12:40:17.080, 108.47 W, 95 %
2026/03/18 12:40:17.180, 108.45 W, 95 %
2026/03/18 12:40:17.280, 108.42 W, 95 %
2026/03/18 12:40:17.381, 108.46 W, 95 %
2026/03/18 12:40:17.481, 108.53 W, 95 %
2026/03/18 12:40:17.581, 108.51 W, 95 %
2026/03/18 12:40:17.681, 108.55 W, 95 %
2026/03/18 12:40:17.781, 108.43 W, 95 %
2026/03/18 12:40:17.881, 108.30 W, 95 %
2026/03/18 12:40:17.981, 108.37 W, 95 %
2026/03/18 12:40:18.082, 108.36 W, 95 %
2026/03/18 12:40:18.182, 108.39 W, 95 %
2026/03/18 12:40:18.282, 108.40 W, 95 %
2026/03/18 12:40:18.382, 108.41 W, 95 %
2026/03/18 12:40:18.482, 108.36 W, 95 %
2026/03/18 12:40:18.582, 108.38 W, 95 %
2026/03/18 12:40:18.682, 108.36 W, 95 %
2026/03/18 12:40:18.783, 108.41 W, 95 %
2026/03/18 12:40:18.883, 108.52 W, 95 %
2026/03/18 12:40:18.983, 108.54 W, 95 %
2026/03/18 12:40:19.083, 108.52 W, 95 %
2026/03/18 12:40:19.183, 108.52 W, 95 %
2026/03/18 12:40:19.283, 108.47 W, 95 %
2026/03/18 12:40:19.383, 108.47 W, 95 %
2026/03/18 12:40:19.484, 108.47 W, 95 %
2026/03/18 12:40:19.584, 108.46 W, 95 %
2026/03/18 12:40:19.684, 108.49 W, 95 %
2026/03/18 12:40:19.784, 108.50 W, 95 %
2026/03/18 12:40:19.884, 108.47 W, 95 %
2026/03/18 12:40:19.984, 108.37 W, 95 %
2026/03/18 12:40:20.084, 108.43 W, 95 %
2026/03/18 12:40:20.185, 108.46 W, 95 %
2026/03/18 12:40:20.285, 108.56 W, 95 %
2026/03/18 12:40:20.385, 108.56 W, 95 %
2026/03/18 12:40:20.485, 108.57 W, 95 %
2026/03/18 12:40:20.585, 108.64 W, 95 %
2026/03/18 12:40:20.685, 108.57 W, 95 %
2026/03/18 12:40:20.785, 108.61 W, 95 %
2026/03/18 12:40:20.886, 108.65 W, 95 %
2026/03/18 12:40:20.986, 108.68 W, 95 %
2026/03/18 12:40:21.086, 108.60 W, 95 %
2026/03/18 12:40:21.186, 108.52 W, 95 %
2026/03/18 12:40:21.286, 108.48 W, 95 %
2026/03/18 12:40:21.386, 108.50 W, 95 %
2026/03/18 12:40:21.486, 108.48 W, 95 %
2026/03/18 12:40:21.587, 108.41 W, 95 %
2026/03/18 12:40:21.687, 108.39 W, 95 %
2026/03/18 12:40:21.787, 108.29 W, 95 %
2026/03/18 12:40:21.887, 108.29 W, 95 %
2026/03/18 12:40:21.987, 108.27 W, 95 %
2026/03/18 12:40:22.087, 108.25 W, 95 %
2026/03/18 12:40:22.187, 108.29 W, 95 %
2026/03/18 12:40:22.288, 108.33 W, 95 %
2026/03/18 12:40:22.388, 108.38 W, 95 %
2026/03/18 12:40:22.488, 108.37 W, 95 %
2026/03/18 12:40:22.588, 108.35 W, 95 %
2026/03/18 12:40:22.688, 108.40 W, 95 %
2026/03/18 12:40:22.788, 108.44 W, 95 %
2026/03/18 12:40:22.888, 108.35 W, 95 %
2026/03/18 12:40:22.989, 108.28 W, 95 %
2026/03/18 12:40:23.089, 108.34 W, 95 %
2026/03/18 12:40:23.189, 108.38 W, 95 %
2026/03/18 12:40:23.289, 108.27 W, 95 %
2026/03/18 12:40:23.389, 108.24 W, 95 %
2026/03/18 12:40:23.489, 108.23 W, 95 %
2026/03/18 12:40:23.589, 108.30 W, 95 %
2026/03/18 12:40:23.690, 108.27 W, 95 %
2026/03/18 12:40:23.790, 108.24 W, 95 %
2026/03/18 12:40:23.890, 108.34 W, 95 %
2026/03/18 12:40:23.990, 108.40 W, 95 %
2026/03/18 12:40:24.090, 108.42 W, 95 %
2026/03/18 12:40:24.190, 108.43 W, 95 %
2026/03/18 12:40:24.290, 108.46 W, 95 %
2026/03/18 12:40:24.391, 108.45 W, 95 %
2026/03/18 12:40:24.491, 108.44 W, 95 %
2026/03/18 12:40:24.591, 108.40 W, 95 %
2026/03/18 12:40:24.691, 108.36 W, 95 %
2026/03/18 12:40:24.791, 108.36 W, 95 %
2026/03/18 12:40:24.891, 108.38 W, 95 %
2026/03/18 12:40:24.991, 108.34 W, 95 %
2026/03/18 12:40:25.092, 108.37 W, 95 %
2026/03/18 12:40:25.192, 108.39 W, 95 %
2026/03/18 12:40:25.292, 108.38 W, 95 %
2026/03/18 12:40:25.392, 108.35 W, 95 %
2026/03/18 12:40:25.492, 108.39 W, 95 %
2026/03/18 12:40:25.592, 108.40 W, 95 %
2026/03/18 12:40:25.692, 108.52 W, 95 %
2026/03/18 12:40:25.793, 108.48 W, 95 %
2026/03/18 12:40:25.893, 108.45 W, 95 %
2026/03/18 12:40:25.993, 108.49 W, 95 %
2026/03/18 12:40:26.093, 108.46 W, 95 %
2026/03/18 12:40:26.193, 108.47 W, 95 %
2026/03/18 12:40:26.293, 108.46 W, 95 %
2026/03/18 12:40:26.393, 108.43 W, 95 %
2026/03/18 12:40:26.494, 108.44 W, 95 %
2026/03/18 12:40:26.594, 108.43 W, 95 %
2026/03/18 12:40:26.694, 108.29 W, 95 %
2026/03/18 12:40:26.794, 108.27 W, 95 %
2026/03/18 12:40:26.894, 108.30 W, 95 %
2026/03/18 12:40:26.994, 108.30 W, 95 %
2026/03/18 12:40:27.094, 108.26 W, 95 %
2026/03/18 12:40:27.195, 108.30 W, 95 %
2026/03/18 12:40:27.295, 108.25 W, 95 %
2026/03/18 12:40:27.395, 108.27 W, 95 %
2026/03/18 12:40:27.495, 108.25 W, 94 %
2026/03/18 12:40:27.595, 108.23 W, 94 %
2026/03/18 12:40:27.695, 108.30 W, 95 %
2026/03/18 12:40:27.795, 108.34 W, 95 %
2026/03/18 12:40:27.896, 108.36 W, 95 %
2026/03/18 12:40:27.996, 108.41 W, 95 %
2026/03/18 12:40:28.096, 108.40 W, 95 %
2026/03/18 12:40:28.196, 108.41 W, 95 %
2026/03/18 12:40:28.296, 108.47 W, 95 %
2026/03/18 12:40:28.396, 108.55 W, 95 %
2026/03/18 12:40:28.496, 108.57 W, 95 %
2026/03/18 12:40:28.597, 108.66 W, 95 %
2026/03/18 12:40:28.697, 108.68 W, 95 %
2026/03/18 12:40:28.797, 108.72 W, 95 %
2026/03/18 12:40:28.897, 108.68 W, 95 %
2026/03/18 12:40:28.997, 108.68 W, 95 %
2026/03/18 12:40:29.097, 108.67 W, 95 %
2026/03/18 12:40:29.197, 108.62 W, 95 %
2026/03/18 12:40:29.298, 108.55 W, 95 %
2026/03/18 12:40:29.398, 108.51 W, 95 %
2026/03/18 12:40:29.498, 108.44 W, 95 %
2026/03/18 12:40:29.598, 108.35 W, 95 %
2026/03/18 12:40:29.698, 108.29 W, 95 %
2026/03/18 12:40:29.798, 108.31 W, 95 %
2026/03/18 12:40:29.898, 108.31 W, 95 %
2026/03/18 12:40:29.999, 108.25 W, 95 %
2026/03/18 12:40:30.099, 108.36 W, 95 %
2026/03/18 12:40:30.199, 108.38 W, 95 %
2026/03/18 12:40:30.299, 108.45 W, 95 %
2026/03/18 12:40:30.399, 108.42 W, 95 %
2026/03/18 12:40:30.499, 108.48 W, 95 %
2026/03/18 12:40:30.599, 108.55 W, 95 %
2026/03/18 12:40:30.700, 108.58 W, 95 %
2026/03/18 12:40:30.800, 108.50 W, 95 %
2026/03/18 12:40:30.900, 108.50 W, 95 %
2026/03/18 12:40:31.000, 108.50 W, 95 %
2026/03/18 12:40:31.100, 108.49 W, 95 %
2026/03/18 12:40:31.200, 108.40 W, 95 %
2026/03/18 12:40:31.300, 108.42 W, 95 %
2026/03/18 12:40:31.401, 108.50 W, 95 %
2026/03/18 12:40:31.501, 108.51 W, 95 %
2026/03/18 12:40:31.601, 108.46 W, 95 %
2026/03/18 12:40:31.701, 108.44 W, 95 %
2026/03/18 12:40:31.801, 108.48 W, 95 %
2026/03/18 12:40:31.901, 108.49 W, 95 %
2026/03/18 12:40:32.001, 108.49 W, 95 %
2026/03/18 12:40:32.102, 108.47 W, 95 %
2026/03/18 12:40:32.202, 108.50 W, 95 %
2026/03/18 12:40:32.302, 108.48 W, 95 %
2026/03/18 12:40:32.402, 108.38 W, 95 %
2026/03/18 12:40:32.502, 108.39 W, 95 %
2026/03/18 12:40:32.602, 108.41 W, 95 %
2026/03/18 12:40:32.702, 108.47 W, 95 %
2026/03/18 12:40:32.803, 108.51 W, 95 %
2026/03/18 12:40:32.903, 108.52 W, 95 %
2026/03/18 12:40:33.003, 108.54 W, 95 %
2026/03/18 12:40:33.103, 108.46 W, 95 %
2026/03/18 12:40:33.203, 108.51 W, 95 %
2026/03/18 12:40:33.303, 108.47 W, 95 %
2026/03/18 12:40:33.403, 108.46 W, 95 %
2026/03/18 12:40:33.504, 108.43 W, 95 %
2026/03/18 12:40:33.604, 108.42 W, 95 %
2026/03/18 12:40:33.704, 108.43 W, 95 %
2026/03/18 12:40:33.804, 108.40 W, 95 %
2026/03/18 12:40:33.904, 108.34 W, 95 %
2026/03/18 12:40:34.004, 108.38 W, 95 %
2026/03/18 12:40:34.104, 108.39 W, 95 %
2026/03/18 12:40:34.205, 108.33 W, 95 %
2026/03/18 12:40:34.305, 108.36 W, 95 %
2026/03/18 12:40:34.405, 108.46 W, 95 %
2026/03/18 12:40:34.505, 108.47 W, 95 %
2026/03/18 12:40:34.605, 108.44 W, 95 %
2026/03/18 12:40:34.705, 108.44 W, 95 %
2026/03/18 12:40:34.805, 108.49 W, 95 %
2026/03/18 12:40:34.906, 108.52 W, 95 %
2026/03/18 12:40:35.006, 108.50 W, 95 %
2026/03/18 12:40:35.106, 108.56 W, 95 %
2026/03/18 12:40:35.206, 108.61 W, 95 %
2026/03/18 12:40:35.306, 108.59 W, 95 %
2026/03/18 12:40:35.406, 108.47 W, 95 %
2026/03/18 12:40:35.506, 108.48 W, 95 %
2026/03/18 12:40:35.607, 108.49 W, 95 %
2026/03/18 12:40:35.707, 108.46 W, 95 %
2026/03/18 12:40:35.807, 108.45 W, 95 %
2026/03/18 12:40:35.907, 108.48 W, 95 %
2026/03/18 12:40:36.007, 108.52 W, 95 %
2026/03/18 12:40:36.107, 108.44 W, 95 %
2026/03/18 12:40:36.207, 108.46 W, 95 %
2026/03/18 12:40:36.308, 108.45 W, 95 %
2026/03/18 12:40:36.408, 108.45 W, 95 %
2026/03/18 12:40:36.508, 108.47 W, 94 %
2026/03/18 12:40:36.608, 108.45 W, 94 %
2026/03/18 12:40:36.708, 108.43 W, 95 %
2026/03/18 12:40:36.808, 108.37 W, 95 %
2026/03/18 12:40:36.908, 108.39 W, 95 %
2026/03/18 12:40:37.009, 108.33 W, 95 %
2026/03/18 12:40:37.109, 108.33 W, 95 %
2026/03/18 12:40:37.209, 108.28 W, 95 %
2026/03/18 12:40:37.309, 108.32 W, 95 %
2026/03/18 12:40:37.409, 108.34 W, 95 %
2026/03/18 12:40:37.509, 108.35 W, 95 %
2026/03/18 12:40:37.609, 108.33 W, 95 %
2026/03/18 12:40:37.710, 108.35 W, 95 %
2026/03/18 12:40:37.810, 108.36 W, 95 %
2026/03/18 12:40:37.910, 108.39 W, 95 %
2026/03/18 12:40:38.010, 108.38 W, 95 %
2026/03/18 12:40:38.110, 108.45 W, 95 %
2026/03/18 12:40:38.210, 108.50 W, 95 %
2026/03/18 12:40:38.310, 108.49 W, 95 %
2026/03/18 12:40:38.411, 108.49 W, 95 %
2026/03/18 12:40:38.511, 108.41 W, 95 %
2026/03/18 12:40:38.611, 108.47 W, 95 %
2026/03/18 12:40:38.711, 108.50 W, 95 %
2026/03/18 12:40:38.811, 108.52 W, 95 %
2026/03/18 12:40:38.911, 108.48 W, 95 %
2026/03/18 12:40:39.011, 108.51 W, 95 %
2026/03/18 12:40:39.112, 108.43 W, 95 %
2026/03/18 12:40:39.212, 108.40 W, 95 %
2026/03/18 12:40:39.312, 108.40 W, 95 %
2026/03/18 12:40:39.412, 108.38 W, 95 %
2026/03/18 12:40:39.512, 108.43 W, 95 %
2026/03/18 12:40:39.612, 108.38 W, 95 %
2026/03/18 12:40:39.712, 108.39 W, 95 %
2026/03/18 12:40:39.813, 108.39 W, 95 %
2026/03/18 12:40:39.913, 108.42 W, 95 %
2026/03/18 12:40:40.013, 108.45 W, 95 %
2026/03/18 12:40:40.113, 108.47 W, 95 %
2026/03/18 12:40:40.213, 108.47 W, 95 %
2026/03/18 12:40:40.313, 108.50 W, 95 %
2026/03/18 12:40:40.413, 108.46 W, 95 %
2026/03/18 12:40:40.514, 108.54 W, 95 %
2026/03/18 12:40:40.614, 108.43 W, 95 %
2026/03/18 12:40:40.714, 108.50 W, 95 %
2026/03/18 12:40:40.814, 108.52 W, 95 %
2026/03/18 12:40:40.914, 108.48 W, 95 %
2026/03/18 12:40:41.014, 108.45 W, 95 %
2026/03/18 12:40:41.114, 108.49 W, 95 %
2026/03/18 12:40:41.215, 108.48 W, 95 %
2026/03/18 12:40:41.315, 108.48 W, 95 %
2026/03/18 12:40:41.415, 108.46 W, 95 %
2026/03/18 12:40:41.515, 108.45 W, 95 %
2026/03/18 12:40:41.615, 108.57 W, 95 %
2026/03/18 12:40:41.715, 108.48 W, 95 %
2026/03/18 12:40:41.815, 108.45 W, 95 %
2026/03/18 12:40:41.916, 108.49 W, 95 %
2026/03/18 12:40:42.016, 108.50 W, 95 %
2026/03/18 12:40:42.116, 108.45 W, 95 %
2026/03/18 12:40:42.216, 108.48 W, 95 %
2026/03/18 12:40:42.316, 108.48 W, 95 %
2026/03/18 12:40:42.416, 108.50 W, 95 %
2026/03/18 12:40:42.516, 108.47 W, 95 %
2026/03/18 12:40:42.617, 108.42 W, 95 %
2026/03/18 12:40:42.717, 108.45 W, 95 %
2026/03/18 12:40:42.817, 108.47 W, 95 %
2026/03/18 12:40:42.917, 108.43 W, 94 %
2026/03/18 12:40:43.017, 108.36 W, 94 %
2026/03/18 12:40:43.117, 108.34 W, 95 %
2026/03/18 12:40:43.217, 108.32 W, 95 %
2026/03/18 12:40:43.318, 108.30 W, 95 %
2026/03/18 12:40:43.418, 108.26 W, 95 %
2026/03/18 12:40:43.518, 108.25 W, 95 %
2026/03/18 12:40:43.618, 108.31 W, 95 %
2026/03/18 12:40:43.718, 108.31 W, 95 %
2026/03/18 12:40:43.818, 108.27 W, 95 %
2026/03/18 12:40:43.918, 108.31 W, 95 %
2026/03/18 12:40:44.019, 108.34 W, 95 %
2026/03/18 12:40:44.119, 108.39 W, 95 %
2026/03/18 12:40:44.219, 108.36 W, 95 %
2026/03/18 12:40:44.319, 108.33 W, 95 %
2026/03/18 12:40:44.419, 108.36 W, 95 %
2026/03/18 12:40:44.519, 108.44 W, 95 %
2026/03/18 12:40:44.619, 108.44 W, 95 %
2026/03/18 12:40:44.720, 108.39 W, 95 %
2026/03/18 12:40:44.820, 108.43 W, 95 %
2026/03/18 12:40:44.920, 108.49 W, 95 %
2026/03/18 12:40:45.020, 108.47 W, 95 %
2026/03/18 12:40:45.120, 108.41 W, 95 %
2026/03/18 12:40:45.220, 108.38 W, 95 %
2026/03/18 12:40:45.320, 108.35 W, 95 %
2026/03/18 12:40:45.421, 108.35 W, 95 %
2026/03/18 12:40:45.521, 108.26 W, 95 %
2026/03/18 12:40:45.621, 108.27 W, 95 %
2026/03/18 12:40:45.721, 108.32 W, 95 %
2026/03/18 12:40:45.821, 108.38 W, 95 %
2026/03/18 12:40:45.921, 108.31 W, 95 %
2026/03/18 12:40:46.021, 108.28 W, 95 %
2026/03/18 12:40:46.122, 108.28 W, 95 %
2026/03/18 12:40:46.222, 108.25 W, 95 %
2026/03/18 12:40:46.322, 108.33 W, 95 %
2026/03/18 12:40:46.422, 108.29 W, 95 %
2026/03/18 12:40:46.522, 108.34 W, 95 %
2026/03/18 12:40:46.622, 108.39 W, 95 %
2026/03/18 12:40:46.722, 108.41 W, 95 %
2026/03/18 12:40:46.823, 108.36 W, 95 %
2026/03/18 12:40:46.923, 108.30 W, 95 %
2026/03/18 12:40:47.023, 108.41 W, 95 %
2026/03/18 12:40:47.123, 108.40 W, 95 %
2026/03/18 12:40:47.223, 108.51 W, 95 %
2026/03/18 12:40:47.323, 108.43 W, 95 %
2026/03/18 12:40:47.423, 108.45 W, 95 %
2026/03/18 12:40:47.524, 108.46 W, 95 %
2026/03/18 12:40:47.624, 108.44 W, 95 %
2026/03/18 12:40:47.724, 108.44 W, 95 %
2026/03/18 12:40:47.824, 108.50 W, 95 %
2026/03/18 12:40:47.924, 108.56 W, 95 %
2026/03/18 12:40:48.024, 108.49 W, 95 %
2026/03/18 12:40:48.124, 108.56 W, 95 %
2026/03/18 12:40:48.225, 108.58 W, 95 %
2026/03/18 12:40:48.325, 108.67 W, 95 %
2026/03/18 12:40:48.425, 108.70 W, 95 %
2026/03/18 12:40:48.525, 108.76 W, 95 %
2026/03/18 12:40:48.625, 108.72 W, 95 %
2026/03/18 12:40:48.725, 108.71 W, 95 %
2026/03/18 12:40:48.825, 108.65 W, 95 %
2026/03/18 12:40:48.926, 108.65 W, 95 %
2026/03/18 12:40:49.026, 108.65 W, 95 %
2026/03/18 12:40:49.126, 108.62 W, 95 %
2026/03/18 12:40:49.226, 108.60 W, 95 %
2026/03/18 12:40:49.326, 108.63 W, 95 %
2026/03/18 12:40:49.426, 108.59 W, 95 %
2026/03/18 12:40:49.526, 108.57 W, 95 %
2026/03/18 12:40:49.627, 108.58 W, 95 %
2026/03/18 12:40:49.727, 108.58 W, 95 %
2026/03/18 12:40:49.827, 108.53 W, 95 %
2026/03/18 12:40:49.927, 108.53 W, 95 %
2026/03/18 12:40:50.027, 108.55 W, 95 %
2026/03/18 12:40:50.127, 108.50 W, 95 %
2026/03/18 12:40:50.227, 108.42 W, 95 %
2026/03/18 12:40:50.328, 108.43 W, 95 %
2026/03/18 12:40:50.428, 108.41 W, 95 %
2026/03/18 12:40:50.528, 108.45 W, 95 %
2026/03/18 12:40:50.628, 108.48 W, 95 %
2026/03/18 12:40:50.728, 108.49 W, 95 %
2026/03/18 12:40:50.828, 108.56 W, 95 %
2026/03/18 12:40:50.928, 108.56 W, 95 %
2026/03/18 12:40:51.029, 108.56 W, 95 %
2026/03/18 12:40:51.129, 108.53 W, 95 %
2026/03/18 12:40:51.229, 108.55 W, 95 %
2026/03/18 12:40:51.329, 108.43 W, 95 %
2026/03/18 12:40:51.429, 108.51 W, 95 %
2026/03/18 12:40:51.529, 108.42 W, 95 %
2026/03/18 12:40:51.629, 108.42 W, 95 %
2026/03/18 12:40:51.730, 108.43 W, 95 %
2026/03/18 12:40:51.830, 108.43 W, 95 %
2026/03/18 12:40:51.930, 108.36 W, 95 %
2026/03/18 12:40:52.030, 108.39 W, 95 %
2026/03/18 12:40:52.130, 108.40 W, 95 %
2026/03/18 12:40:52.230, 108.42 W, 95 %
2026/03/18 12:40:52.330, 108.47 W, 95 %
2026/03/18 12:40:52.431, 108.41 W, 95 %
2026/03/18 12:40:52.531, 108.47 W, 95 %
2026/03/18 12:40:52.631, 108.47 W, 95 %
2026/03/18 12:40:52.731, 108.44 W, 95 %
2026/03/18 12:40:52.831, 108.45 W, 95 %
2026/03/18 12:40:52.931, 108.50 W, 95 %
2026/03/18 12:40:53.031, 108.48 W, 95 %
2026/03/18 12:40:53.132, 108.51 W, 95 %
2026/03/18 12:40:53.232, 108.51 W, 95 %
2026/03/18 12:40:53.332, 108.52 W, 95 %
2026/03/18 12:40:53.432, 108.59 W, 95 %
2026/03/18 12:40:53.532, 108.57 W, 95 %
2026/03/18 12:40:53.632, 108.54 W, 95 %
2026/03/18 12:40:53.732, 108.55 W, 95 %
2026/03/18 12:40:53.833, 108.53 W, 95 %
2026/03/18 12:40:53.933, 108.55 W, 95 %
2026/03/18 12:40:54.033, 108.49 W, 95 %
2026/03/18 12:40:54.133, 108.46 W, 95 %
2026/03/18 12:40:54.233, 108.43 W, 95 %
2026/03/18 12:40:54.333, 108.44 W, 95 %
2026/03/18 12:40:54.433, 108.36 W, 95 %
2026/03/18 12:40:54.534, 108.33 W, 95 %
2026/03/18 12:40:54.634, 108.34 W, 95 %
2026/03/18 12:40:54.734, 108.27 W, 95 %
2026/03/18 12:40:54.834, 108.25 W, 95 %
2026/03/18 12:40:54.934, 108.27 W, 95 %
2026/03/18 12:40:55.034, 108.32 W, 95 %
2026/03/18 12:40:55.134, 108.34 W, 95 %
2026/03/18 12:40:55.235, 108.34 W, 95 %
2026/03/18 12:40:55.335, 108.35 W, 95 %
2026/03/18 12:40:55.435, 108.39 W, 95 %
2026/03/18 12:40:55.535, 108.40 W, 95 %
2026/03/18 12:40:55.635, 108.43 W, 95 %
2026/03/18 12:40:55.735, 108.44 W, 95 %
2026/03/18 12:40:55.835, 108.47 W, 95 %
2026/03/18 12:40:55.936, 108.46 W, 95 %
2026/03/18 12:40:56.036, 108.51 W, 95 %
2026/03/18 12:40:56.136, 108.49 W, 95 %
2026/03/18 12:40:56.236, 108.50 W, 95 %
2026/03/18 12:40:56.336, 108.46 W, 95 %
2026/03/18 12:40:56.436, 108.43 W, 95 %
2026/03/18 12:40:56.536, 108.45 W, 95 %
2026/03/18 12:40:56.637, 108.46 W, 95 %
2026/03/18 12:40:56.737, 108.50 W, 95 %
2026/03/18 12:40:56.837, 108.47 W, 95 %
2026/03/18 12:40:56.937, 108.41 W, 95 %
2026/03/18 12:40:57.037, 108.39 W, 95 %
2026/03/18 12:40:57.137, 108.41 W, 95 %
2026/03/18 12:40:57.237, 108.42 W, 95 %
2026/03/18 12:40:57.338, 108.44 W, 95 %
2026/03/18 12:40:57.438, 108.44 W, 95 %
2026/03/18 12:40:57.538, 108.51 W, 95 %
2026/03/18 12:40:57.638, 108.44 W, 95 %
2026/03/18 12:40:57.738, 108.42 W, 95 %
2026/03/18 12:40:57.838, 108.42 W, 95 %
2026/03/18 12:40:57.938, 108.45 W, 95 %
2026/03/18 12:40:58.039, 108.40 W, 95 %
2026/03/18 12:40:58.139, 108.40 W, 95 %
2026/03/18 12:40:58.239, 108.42 W, 95 %
2026/03/18 12:40:58.339, 108.42 W, 95 %
2026/03/18 12:40:58.439, 108.45 W, 95 %
2026/03/18 12:40:58.539, 108.32 W, 95 %
2026/03/18 12:40:58.639, 108.34 W, 95 %
2026/03/18 12:40:58.740, 108.36 W, 95 %
2026/03/18 12:40:58.840, 108.35 W, 95 %
2026/03/18 12:40:58.940, 108.37 W, 95 %
2026/03/18 12:40:59.040, 108.41 W, 95 %
2026/03/18 12:40:59.140, 108.45 W, 95 %
2026/03/18 12:40:59.240, 108.43 W, 95 %
2026/03/18 12:40:59.340, 108.47 W, 95 %
2026/03/18 12:40:59.441, 108.46 W, 95 %
2026/03/18 12:40:59.541, 108.52 W, 95 %
2026/03/18 12:40:59.641, 108.54 W, 95 %
2026/03/18 12:40:59.741, 108.50 W, 95 %
2026/03/18 12:40:59.841, 108.50 W, 95 %
2026/03/18 12:40:59.941, 108.47 W, 95 %
2026/03/18 12:41:00.041, 108.49 W, 95 %
2026/03/18 12:41:00.142, 108.54 W, 95 %
2026/03/18 12:41:00.242, 108.52 W, 95 %
2026/03/18 12:41:00.342, 108.53 W, 95 %
2026/03/18 12:41:00.442, 108.50 W, 95 %
2026/03/18 12:41:00.542, 108.48 W, 95 %
2026/03/18 12:41:00.642, 108.47 W, 95 %
2026/03/18 12:41:00.742, 108.51 W, 95 %
2026/03/18 12:41:00.843, 108.45 W, 95 %
2026/03/18 12:41:00.943, 108.47 W, 95 %
2026/03/18 12:41:01.043, 108.49 W, 95 %
2026/03/18 12:41:01.143, 108.42 W, 95 %
2026/03/18 12:41:01.243, 108.45 W, 95 %
2026/03/18 12:41:01.343, 108.39 W, 95 %
2026/03/18 12:41:01.443, 108.40 W, 95 %
2026/03/18 12:41:01.544, 108.38 W, 95 %
2026/03/18 12:41:01.644, 108.38 W, 95 %
2026/03/18 12:41:01.744, 108.37 W, 95 %
2026/03/18 12:41:01.844, 108.39 W, 95 %
2026/03/18 12:41:01.944, 108.40 W, 95 %
2026/03/18 12:41:02.044, 108.41 W, 95 %
2026/03/18 12:41:02.144, 108.43 W, 95 %
2026/03/18 12:41:02.245, 108.38 W, 95 %
2026/03/18 12:41:02.345, 108.47 W, 95 %
2026/03/18 12:41:02.445, 108.41 W, 95 %
2026/03/18 12:41:02.545, 108.41 W, 95 %
2026/03/18 12:41:02.645, 108.42 W, 95 %
2026/03/18 12:41:02.745, 108.37 W, 95 %
2026/03/18 12:41:02.845, 108.39 W, 95 %
2026/03/18 12:41:02.946, 108.38 W, 95 %
2026/03/18 12:41:03.046, 108.35 W, 95 %
2026/03/18 12:41:03.146, 108.28 W, 95 %
2026/03/18 12:41:03.246, 108.27 W, 95 %
2026/03/18 12:41:03.346, 108.22 W, 95 %
2026/03/18 12:41:03.446, 108.25 W, 95 %
2026/03/18 12:41:03.546, 108.28 W, 95 %
2026/03/18 12:41:03.647, 108.27 W, 95 %
2026/03/18 12:41:03.747, 108.31 W, 95 %
2026/03/18 12:41:03.847, 108.26 W, 95 %
2026/03/18 12:41:03.947, 108.29 W, 95 %
2026/03/18 12:41:04.047, 108.37 W, 95 %
2026/03/18 12:41:04.147, 108.45 W, 95 %
2026/03/18 12:41:04.247, 108.49 W, 95 %
2026/03/18 12:41:04.348, 108.49 W, 95 %
2026/03/18 12:41:04.448, 108.43 W, 95 %
2026/03/18 12:41:04.548, 108.40 W, 95 %
2026/03/18 12:41:04.648, 108.43 W, 95 %
2026/03/18 12:41:04.748, 108.42 W, 95 %
2026/03/18 12:41:04.848, 108.53 W, 95 %
2026/03/18 12:41:04.948, 108.51 W, 95 %
2026/03/18 12:41:05.049, 108.49 W, 95 %
2026/03/18 12:41:05.149, 108.46 W, 95 %
2026/03/18 12:41:05.249, 108.49 W, 95 %
2026/03/18 12:41:05.349, 108.47 W, 95 %
2026/03/18 12:41:05.449, 108.57 W, 95 %
2026/03/18 12:41:05.549, 108.63 W, 95 %
2026/03/18 12:41:05.649, 108.61 W, 95 %
2026/03/18 12:41:05.750, 108.61 W, 95 %
2026/03/18 12:41:05.850, 108.58 W, 95 %
2026/03/18 12:41:05.950, 108.62 W, 95 %
2026/03/18 12:41:06.050, 108.67 W, 95 %
2026/03/18 12:41:06.150, 108.65 W, 95 %
2026/03/18 12:41:06.250, 108.63 W, 95 %
2026/03/18 12:41:06.350, 108.63 W, 95 %
2026/03/18 12:41:06.451, 108.63 W, 95 %
2026/03/18 12:41:06.551, 108.58 W, 95 %
2026/03/18 12:41:06.651, 108.58 W, 95 %
2026/03/18 12:41:06.751, 108.59 W, 95 %
2026/03/18 12:41:06.851, 108.58 W, 95 %
2026/03/18 12:41:06.951, 108.49 W, 95 %
2026/03/18 12:41:07.051, 108.44 W, 95 %
2026/03/18 12:41:07.152, 108.44 W, 95 %
2026/03/18 12:41:07.252, 108.48 W, 95 %
2026/03/18 12:41:07.352, 108.45 W, 95 %
2026/03/18 12:41:07.452, 108.46 W, 95 %
2026/03/18 12:41:07.552, 108.38 W, 95 %
2026/03/18 12:41:07.652, 108.36 W, 95 %
2026/03/18 12:41:07.752, 108.35 W, 95 %
2026/03/18 12:41:07.853, 108.36 W, 95 %
2026/03/18 12:41:07.953, 108.43 W, 95 %
2026/03/18 12:41:08.053, 108.40 W, 95 %
2026/03/18 12:41:08.153, 108.38 W, 95 %
2026/03/18 12:41:08.253, 108.32 W, 95 %
2026/03/18 12:41:08.353, 108.36 W, 95 %
2026/03/18 12:41:08.453, 108.35 W, 95 %
2026/03/18 12:41:08.554, 108.41 W, 95 %
2026/03/18 12:41:08.654, 108.40 W, 95 %
2026/03/18 12:41:08.754, 108.43 W, 95 %
2026/03/18 12:41:08.854, 108.45 W, 95 %
2026/03/18 12:41:08.954, 108.41 W, 95 %
2026/03/18 12:41:09.054, 108.45 W, 95 %
2026/03/18 12:41:09.154, 108.47 W, 95 %
2026/03/18 12:41:09.255, 108.51 W, 95 %
2026/03/18 12:41:09.355, 108.52 W, 95 %
2026/03/18 12:41:09.455, 108.45 W, 95 %
2026/03/18 12:41:09.555, 108.46 W, 95 %
2026/03/18 12:41:09.655, 108.45 W, 95 %
2026/03/18 12:41:09.755, 108.38 W, 95 %
2026/03/18 12:41:09.855, 108.38 W, 95 %
2026/03/18 12:41:09.956, 108.37 W, 95 %
2026/03/18 12:41:10.056, 108.36 W, 95 %
2026/03/18 12:41:10.156, 108.36 W, 95 %
2026/03/18 12:41:10.256, 108.36 W, 95 %
2026/03/18 12:41:10.356, 108.35 W, 95 %
2026/03/18 12:41:10.456, 108.40 W, 95 %
2026/03/18 12:41:10.556, 108.37 W, 95 %
2026/03/18 12:41:10.657, 108.33 W, 95 %
2026/03/18 12:41:10.757, 108.38 W, 95 %
2026/03/18 12:41:10.857, 108.34 W, 95 %
2026/03/18 12:41:10.957, 108.34 W, 95 %
2026/03/18 12:41:11.057, 108.36 W, 95 %
2026/03/18 12:41:11.157, 108.33 W, 95 %
2026/03/18 12:41:11.257, 108.28 W, 95 %
2026/03/18 12:41:11.358, 108.19 W, 95 %
2026/03/18 12:41:11.458, 108.16 W, 95 %
2026/03/18 12:41:11.558, 108.13 W, 95 %
2026/03/18 12:41:11.658, 108.18 W, 95 %
2026/03/18 12:41:11.758, 108.18 W, 95 %
2026/03/18 12:41:11.858, 108.22 W, 95 %
2026/03/18 12:41:11.958, 108.26 W, 95 %
2026/03/18 12:41:12.059, 108.28 W, 95 %
2026/03/18 12:41:12.159, 108.26 W, 95 %
2026/03/18 12:41:12.259, 108.30 W, 95 %
2026/03/18 12:41:12.359, 108.30 W, 95 %
2026/03/18 12:41:12.459, 108.36 W, 95 %
2026/03/18 12:41:12.559, 108.38 W, 95 %
2026/03/18 12:41:12.659, 108.33 W, 95 %
2026/03/18 12:41:12.760, 108.30 W, 95 %
2026/03/18 12:41:12.860, 108.31 W, 95 %
2026/03/18 12:41:12.960, 108.24 W, 95 %
2026/03/18 12:41:13.060, 108.21 W, 95 %
2026/03/18 12:41:13.160, 108.26 W, 95 %
2026/03/18 12:41:13.260, 108.33 W, 95 %
2026/03/18 12:41:13.360, 108.33 W, 95 %
2026/03/18 12:41:13.461, 108.31 W, 95 %
2026/03/18 12:41:13.561, 108.39 W, 95 %
2026/03/18 12:41:13.661, 108.44 W, 95 %
2026/03/18 12:41:13.761, 108.53 W, 95 %
2026/03/18 12:41:13.861, 108.54 W, 95 %
2026/03/18 12:41:13.961, 108.56 W, 95 %
2026/03/18 12:41:14.061, 108.65 W, 95 %
2026/03/18 12:41:14.162, 108.64 W, 95 %
2026/03/18 12:41:14.262, 108.58 W, 95 %
2026/03/18 12:41:14.362, 108.54 W, 95 %
2026/03/18 12:41:14.462, 108.57 W, 95 %
2026/03/18 12:41:14.562, 108.49 W, 95 %
2026/03/18 12:41:14.662, 108.44 W, 95 %
2026/03/18 12:41:14.762, 108.48 W, 95 %
2026/03/18 12:41:14.863, 108.49 W, 95 %
2026/03/18 12:41:14.963, 108.46 W, 95 %
2026/03/18 12:41:15.063, 108.40 W, 95 %
2026/03/18 12:41:15.163, 108.40 W, 95 %
2026/03/18 12:41:15.263, 108.35 W, 95 %
2026/03/18 12:41:15.363, 108.39 W, 95 %
2026/03/18 12:41:15.463, 108.32 W, 95 %
2026/03/18 12:41:15.564, 108.33 W, 95 %
2026/03/18 12:41:15.664, 108.39 W, 95 %
2026/03/18 12:41:15.764, 108.29 W, 95 %
2026/03/18 12:41:15.864, 108.24 W, 95 %
2026/03/18 12:41:15.964, 108.24 W, 95 %
2026/03/18 12:41:16.064, 108.24 W, 95 %
2026/03/18 12:41:16.164, 108.22 W, 95 %
2026/03/18 12:41:16.265, 108.26 W, 95 %
2026/03/18 12:41:16.365, 108.30 W, 95 %
2026/03/18 12:41:16.465, 108.39 W, 95 %
2026/03/18 12:41:16.565, 108.39 W, 95 %
2026/03/18 12:41:16.665, 108.34 W, 95 %
2026/03/18 12:41:16.765, 108.40 W, 95 %
2026/03/18 12:41:16.865, 108.41 W, 95 %
2026/03/18 12:41:16.966, 108.43 W, 95 %
2026/03/18 12:41:17.066, 108.44 W, 95 %
2026/03/18 12:41:17.166, 108.48 W, 95 %
2026/03/18 12:41:17.266, 108.45 W, 95 %
2026/03/18 12:41:17.366, 108.41 W, 95 %
2026/03/18 12:41:17.466, 108.33 W, 95 %
2026/03/18 12:41:17.566, 108.36 W, 95 %
2026/03/18 12:41:17.667, 108.37 W, 95 %
2026/03/18 12:41:17.767, 108.31 W, 95 %
2026/03/18 12:41:17.867, 108.32 W, 95 %
2026/03/18 12:41:17.967, 108.31 W, 95 %
2026/03/18 12:41:18.067, 108.32 W, 95 %
2026/03/18 12:41:18.167, 108.30 W, 95 %
2026/03/18 12:41:18.267, 108.30 W, 95 %
2026/03/18 12:41:18.368, 108.33 W, 95 %
2026/03/18 12:41:18.468, 108.34 W, 95 %
2026/03/18 12:41:18.568, 108.36 W, 95 %
2026/03/18 12:41:18.668, 108.36 W, 95 %
2026/03/18 12:41:18.768, 108.42 W, 95 %
2026/03/18 12:41:18.868, 108.52 W, 95 %
2026/03/18 12:41:18.968, 108.55 W, 95 %
2026/03/18 12:41:19.069, 108.55 W, 95 %
2026/03/18 12:41:19.169, 108.52 W, 95 %
2026/03/18 12:41:19.269, 108.53 W, 95 %
2026/03/18 12:41:19.369, 108.54 W, 95 %
2026/03/18 12:41:19.469, 108.58 W, 95 %
2026/03/18 12:41:19.569, 108.60 W, 95 %
2026/03/18 12:41:19.669, 108.62 W, 95 %
2026/03/18 12:41:19.770, 108.56 W, 95 %
2026/03/18 12:41:19.870, 108.46 W, 95 %
2026/03/18 12:41:19.970, 108.46 W, 95 %
2026/03/18 12:41:20.070, 108.43 W, 95 %
2026/03/18 12:41:20.170, 108.39 W, 95 %
2026/03/18 12:41:20.270, 108.36 W, 95 %
2026/03/18 12:41:20.370, 108.34 W, 95 %
2026/03/18 12:41:20.471, 108.29 W, 95 %
2026/03/18 12:41:20.571, 108.26 W, 95 %
2026/03/18 12:41:20.671, 108.23 W, 95 %
2026/03/18 12:41:20.771, 108.25 W, 95 %
2026/03/18 12:41:20.871, 108.26 W, 95 %
2026/03/18 12:41:20.971, 108.24 W, 95 %
2026/03/18 12:41:21.071, 108.21 W, 95 %
2026/03/18 12:41:21.172, 108.30 W, 95 %
2026/03/18 12:41:21.272, 108.37 W, 95 %
2026/03/18 12:41:21.372, 108.40 W, 95 %
2026/03/18 12:41:21.472, 108.38 W, 95 %
2026/03/18 12:41:21.572, 108.44 W, 95 %
2026/03/18 12:41:21.672, 108.48 W, 95 %
2026/03/18 12:41:21.772, 108.47 W, 95 %
2026/03/18 12:41:21.873, 108.47 W, 95 %
2026/03/18 12:41:21.973, 108.53 W, 95 %
2026/03/18 12:41:22.073, 108.51 W, 95 %
2026/03/18 12:41:22.173, 108.45 W, 95 %
2026/03/18 12:41:22.273, 108.43 W, 95 %
2026/03/18 12:41:22.373, 108.39 W, 95 %
2026/03/18 12:41:22.473, 108.42 W, 95 %
2026/03/18 12:41:22.574, 108.41 W, 95 %
2026/03/18 12:41:22.674, 108.38 W, 95 %
2026/03/18 12:41:22.774, 108.35 W, 95 %
2026/03/18 12:41:22.874, 108.31 W, 95 %
2026/03/18 12:41:22.974, 108.29 W, 95 %
2026/03/18 12:41:23.074, 108.28 W, 95 %
2026/03/18 12:41:23.174, 108.37 W, 95 %
2026/03/18 12:41:23.275, 108.27 W, 95 %
2026/03/18 12:41:23.375, 108.33 W, 95 %
2026/03/18 12:41:23.475, 108.36 W, 95 %
2026/03/18 12:41:23.575, 108.36 W, 95 %
2026/03/18 12:41:23.675, 108.33 W, 95 %
2026/03/18 12:41:23.775, 108.33 W, 95 %
2026/03/18 12:41:23.875, 108.42 W, 95 %
2026/03/18 12:41:23.976, 108.45 W, 95 %
2026/03/18 12:41:24.076, 108.48 W, 95 %
2026/03/18 12:41:24.176, 108.47 W, 95 %
2026/03/18 12:41:24.276, 108.59 W, 95 %
2026/03/18 12:41:24.376, 108.52 W, 95 %
2026/03/18 12:41:24.476, 108.47 W, 95 %
2026/03/18 12:41:24.576, 108.49 W, 95 %
2026/03/18 12:41:24.677, 108.55 W, 95 %
2026/03/18 12:41:24.777, 108.55 W, 95 %
2026/03/18 12:41:24.877, 108.51 W, 95 %
2026/03/18 12:41:24.977, 108.46 W, 95 %
2026/03/18 12:41:25.077, 108.42 W, 95 %
2026/03/18 12:41:25.177, 108.37 W, 95 %
2026/03/18 12:41:25.277, 108.38 W, 95 %
2026/03/18 12:41:25.378, 108.48 W, 95 %
2026/03/18 12:41:25.478, 108.52 W, 95 %
2026/03/18 12:41:25.578, 108.51 W, 95 %
2026/03/18 12:41:25.678, 108.49 W, 95 %
2026/03/18 12:41:25.778, 108.47 W, 95 %
2026/03/18 12:41:25.878, 108.48 W, 95 %
2026/03/18 12:41:25.978, 108.46 W, 95 %
2026/03/18 12:41:26.079, 108.50 W, 95 %
2026/03/18 12:41:26.179, 108.51 W, 95 %
2026/03/18 12:41:26.279, 108.49 W, 95 %
2026/03/18 12:41:26.379, 108.51 W, 95 %
2026/03/18 12:41:26.479, 108.39 W, 95 %
2026/03/18 12:41:26.579, 108.31 W, 95 %
2026/03/18 12:41:26.679, 108.24 W, 95 %
2026/03/18 12:41:26.780, 108.22 W, 95 %
2026/03/18 12:41:26.880, 108.21 W, 95 %
2026/03/18 12:41:26.980, 108.17 W, 95 %
2026/03/18 12:41:27.080, 108.15 W, 95 %
2026/03/18 12:41:27.180, 108.19 W, 95 %
2026/03/18 12:41:27.280, 108.25 W, 95 %
2026/03/18 12:41:27.380, 108.18 W, 95 %
2026/03/18 12:41:27.481, 108.28 W, 95 %
2026/03/18 12:41:27.581, 108.37 W, 95 %
2026/03/18 12:41:27.681, 108.36 W, 95 %
2026/03/18 12:41:27.781, 108.42 W, 95 %
2026/03/18 12:41:27.881, 108.43 W, 95 %
2026/03/18 12:41:27.981, 108.51 W, 95 %
2026/03/18 12:41:28.081, 108.55 W, 95 %
2026/03/18 12:41:28.182, 108.52 W, 95 %
2026/03/18 12:41:28.282, 108.52 W, 95 %
2026/03/18 12:41:28.382, 108.48 W, 95 %
2026/03/18 12:41:28.482, 108.42 W, 95 %
2026/03/18 12:41:28.582, 108.44 W, 95 %
2026/03/18 12:41:28.682, 108.54 W, 95 %
2026/03/18 12:41:28.782, 108.54 W, 95 %
2026/03/18 12:41:28.883, 108.59 W, 95 %
2026/03/18 12:41:28.983, 108.57 W, 95 %
2026/03/18 12:41:29.083, 108.49 W, 95 %
2026/03/18 12:41:29.183, 108.47 W, 95 %
2026/03/18 12:41:29.283, 108.42 W, 95 %
2026/03/18 12:41:29.383, 108.41 W, 95 %
2026/03/18 12:41:29.483, 108.38 W, 95 %
2026/03/18 12:41:29.584, 108.32 W, 95 %
2026/03/18 12:41:29.684, 108.22 W, 95 %
2026/03/18 12:41:29.784, 108.15 W, 95 %
2026/03/18 12:41:29.884, 108.17 W, 95 %
2026/03/18 12:41:29.984, 108.18 W, 95 %
2026/03/18 12:41:30.084, 108.21 W, 95 %
2026/03/18 12:41:30.184, 108.33 W, 95 %
2026/03/18 12:41:30.285, 108.41 W, 95 %
2026/03/18 12:41:30.385, 108.44 W, 95 %
2026/03/18 12:41:30.485, 108.52 W, 95 %
2026/03/18 12:41:30.585, 108.53 W, 95 %
2026/03/18 12:41:30.685, 108.61 W, 95 %
2026/03/18 12:41:30.785, 108.64 W, 95 %
2026/03/18 12:41:30.885, 108.56 W, 95 %
2026/03/18 12:41:30.986, 108.51 W, 95 %
2026/03/18 12:41:31.086, 108.51 W, 95 %
2026/03/18 12:41:31.186, 108.45 W, 95 %
2026/03/18 12:41:31.286, 108.41 W, 95 %
2026/03/18 12:41:31.386, 108.37 W, 95 %
2026/03/18 12:41:31.486, 108.38 W, 95 %
2026/03/18 12:41:31.586, 108.39 W, 95 %
2026/03/18 12:41:31.687, 108.37 W, 95 %
2026/03/18 12:41:31.787, 108.30 W, 95 %
2026/03/18 12:41:31.887, 108.34 W, 95 %
2026/03/18 12:41:31.987, 108.34 W, 95 %
2026/03/18 12:41:32.087, 108.35 W, 95 %
2026/03/18 12:41:32.187, 108.34 W, 95 %
2026/03/18 12:41:32.287, 108.37 W, 95 %
2026/03/18 12:41:32.388, 108.40 W, 95 %
2026/03/18 12:41:32.488, 108.43 W, 95 %
2026/03/18 12:41:32.588, 108.37 W, 95 %
2026/03/18 12:41:32.688, 108.38 W, 95 %
2026/03/18 12:41:32.788, 108.44 W, 95 %
2026/03/18 12:41:32.888, 108.44 W, 95 %
2026/03/18 12:41:32.988, 108.44 W, 95 %
2026/03/18 12:41:33.089, 108.43 W, 95 %
2026/03/18 12:41:33.189, 108.46 W, 95 %
2026/03/18 12:41:33.289, 108.42 W, 95 %
2026/03/18 12:41:33.389, 108.42 W, 95 %
2026/03/18 12:41:33.489, 108.40 W, 95 %
2026/03/18 12:41:33.589, 108.43 W, 95 %
2026/03/18 12:41:33.689, 108.37 W, 95 %
2026/03/18 12:41:33.790, 108.42 W, 95 %
2026/03/18 12:41:33.890, 108.42 W, 95 %
2026/03/18 12:41:33.990, 108.43 W, 95 %
2026/03/18 12:41:34.090, 108.46 W, 95 %
2026/03/18 12:41:34.190, 108.36 W, 95 %
2026/03/18 12:41:34.290, 108.32 W, 95 %
2026/03/18 12:41:34.390, 108.33 W, 95 %
2026/03/18 12:41:34.491, 108.34 W, 95 %
2026/03/18 12:41:34.591, 108.34 W, 95 %
2026/03/18 12:41:34.691, 108.40 W, 95 %
2026/03/18 12:41:34.791, 108.39 W, 95 %
2026/03/18 12:41:34.891, 108.35 W, 95 %
2026/03/18 12:41:34.991, 108.40 W, 95 %
2026/03/18 12:41:35.091, 108.37 W, 95 %
2026/03/18 12:41:35.192, 108.39 W, 95 %
2026/03/18 12:41:35.292, 108.44 W, 95 %
2026/03/18 12:41:35.392, 108.47 W, 95 %
2026/03/18 12:41:35.492, 108.46 W, 95 %
2026/03/18 12:41:35.592, 108.42 W, 95 %
2026/03/18 12:41:35.692, 108.41 W, 95 %
2026/03/18 12:41:35.792, 108.43 W, 95 %
2026/03/18 12:41:35.893, 108.39 W, 95 %
2026/03/18 12:41:35.993, 108.43 W, 95 %
2026/03/18 12:41:36.093, 108.43 W, 95 %
2026/03/18 12:41:36.193, 108.45 W, 95 %
2026/03/18 12:41:36.293, 108.46 W, 95 %
2026/03/18 12:41:36.393, 108.44 W, 95 %
2026/03/18 12:41:36.493, 108.45 W, 95 %
2026/03/18 12:41:36.594, 108.54 W, 95 %
2026/03/18 12:41:36.694, 108.52 W, 95 %
2026/03/18 12:41:36.794, 108.50 W, 95 %
2026/03/18 12:41:36.894, 108.52 W, 95 %
2026/03/18 12:41:36.994, 108.52 W, 95 %
2026/03/18 12:41:37.094, 108.51 W, 95 %
2026/03/18 12:41:37.194, 108.52 W, 92 %
2026/03/18 12:41:37.295, 108.53 W, 92 %
2026/03/18 12:41:37.395, 108.48 W, 95 %
2026/03/18 12:41:37.495, 108.37 W, 95 %
2026/03/18 12:41:37.595, 108.27 W, 95 %
2026/03/18 12:41:37.695, 108.30 W, 95 %
2026/03/18 12:41:37.795, 108.22 W, 95 %
2026/03/18 12:41:37.895, 108.29 W, 95 %
2026/03/18 12:41:37.996, 108.24 W, 95 %
2026/03/18 12:41:38.096, 108.30 W, 95 %
2026/03/18 12:41:38.196, 108.34 W, 95 %
2026/03/18 12:41:38.296, 108.36 W, 95 %
2026/03/18 12:41:38.396, 108.46 W, 95 %
2026/03/18 12:41:38.496, 108.52 W, 95 %
2026/03/18 12:41:38.596, 108.53 W, 95 %
2026/03/18 12:41:38.697, 108.53 W, 95 %
2026/03/18 12:41:38.797, 108.57 W, 95 %
2026/03/18 12:41:38.897, 108.57 W, 95 %
2026/03/18 12:41:38.997, 108.62 W, 95 %
2026/03/18 12:41:39.097, 108.60 W, 95 %
2026/03/18 12:41:39.197, 108.56 W, 95 %
2026/03/18 12:41:39.298, 108.45 W, 95 %
2026/03/18 12:41:39.398, 108.50 W, 95 %
2026/03/18 12:41:39.498, 108.55 W, 95 %
2026/03/18 12:41:39.598, 108.60 W, 95 %
2026/03/18 12:41:39.698, 108.55 W, 95 %
2026/03/18 12:41:39.798, 108.60 W, 95 %
2026/03/18 12:41:39.898, 108.57 W, 95 %
2026/03/18 12:41:39.999, 108.57 W, 95 %
2026/03/18 12:41:40.099, 108.49 W, 95 %
2026/03/18 12:41:40.199, 108.51 W, 95 %
2026/03/18 12:41:40.299, 108.56 W, 95 %
2026/03/18 12:41:40.399, 108.53 W, 95 %
2026/03/18 12:41:40.499, 108.46 W, 95 %
2026/03/18 12:41:40.599, 108.44 W, 95 %
2026/03/18 12:41:40.700, 108.50 W, 95 %
2026/03/18 12:41:40.800, 108.45 W, 95 %
2026/03/18 12:41:40.900, 108.49 W, 95 %
2026/03/18 12:41:41.000, 108.48 W, 95 %
2026/03/18 12:41:41.100, 108.52 W, 95 %
2026/03/18 12:41:41.200, 108.50 W, 95 %
2026/03/18 12:41:41.300, 108.51 W, 95 %
2026/03/18 12:41:41.401, 108.52 W, 95 %
2026/03/18 12:41:41.501, 108.47 W, 95 %
2026/03/18 12:41:41.601, 108.51 W, 95 %
2026/03/18 12:41:41.701, 108.42 W, 95 %
2026/03/18 12:41:41.801, 108.44 W, 95 %
2026/03/18 12:41:41.901, 108.40 W, 95 %
2026/03/18 12:41:42.001, 108.39 W, 95 %
2026/03/18 12:41:42.102, 108.37 W, 95 %
2026/03/18 12:41:42.202, 108.39 W, 95 %
2026/03/18 12:41:42.302, 108.45 W, 95 %
2026/03/18 12:41:42.402, 108.40 W, 95 %
2026/03/18 12:41:42.502, 108.49 W, 95 %
2026/03/18 12:41:42.602, 108.48 W, 95 %
2026/03/18 12:41:42.702, 108.49 W, 95 %
2026/03/18 12:41:42.803, 108.51 W, 95 %
2026/03/18 12:41:42.903, 108.47 W, 95 %
2026/03/18 12:41:43.003, 108.56 W, 95 %
2026/03/18 12:41:43.103, 108.51 W, 95 %
2026/03/18 12:41:43.203, 108.48 W, 95 %
2026/03/18 12:41:43.303, 108.46 W, 95 %
2026/03/18 12:41:43.403, 108.47 W, 95 %
2026/03/18 12:41:43.504, 108.36 W, 95 %
2026/03/18 12:41:43.604, 108.36 W, 95 %
2026/03/18 12:41:43.704, 108.39 W, 95 %
2026/03/18 12:41:43.804, 108.39 W, 95 %
2026/03/18 12:41:43.904, 108.45 W, 95 %
2026/03/18 12:41:44.004, 108.38 W, 95 %
2026/03/18 12:41:44.104, 108.40 W, 95 %
2026/03/18 12:41:44.205, 108.43 W, 95 %
2026/03/18 12:41:44.305, 108.46 W, 95 %
2026/03/18 12:41:44.405, 108.43 W, 95 %
2026/03/18 12:41:44.505, 108.46 W, 95 %
2026/03/18 12:41:44.605, 108.43 W, 95 %
2026/03/18 12:41:44.705, 108.45 W, 95 %
2026/03/18 12:41:44.805, 108.43 W, 95 %
2026/03/18 12:41:44.906, 108.34 W, 95 %
2026/03/18 12:41:45.006, 108.36 W, 95 %
2026/03/18 12:41:45.106, 108.36 W, 95 %
2026/03/18 12:41:45.206, 108.31 W, 95 %
2026/03/18 12:41:45.306, 108.29 W, 95 %
2026/03/18 12:41:45.406, 108.32 W, 95 %
2026/03/18 12:41:45.506, 108.40 W, 95 %
2026/03/18 12:41:45.607, 108.41 W, 95 %
2026/03/18 12:41:45.707, 108.36 W, 95 %
2026/03/18 12:41:45.807, 108.37 W, 95 %
2026/03/18 12:41:45.907, 108.43 W, 95 %
2026/03/18 12:41:46.007, 108.43 W, 95 %
2026/03/18 12:41:46.107, 108.45 W, 95 %
2026/03/18 12:41:46.207, 108.51 W, 95 %
2026/03/18 12:41:46.308, 108.46 W, 95 %
2026/03/18 12:41:46.408, 108.46 W, 95 %
2026/03/18 12:41:46.508, 108.43 W, 95 %
2026/03/18 12:41:46.608, 108.47 W, 95 %
2026/03/18 12:41:46.708, 108.45 W, 95 %
2026/03/18 12:41:46.808, 108.48 W, 95 %
2026/03/18 12:41:46.908, 108.49 W, 95 %
2026/03/18 12:41:47.009, 108.51 W, 95 %
2026/03/18 12:41:47.109, 108.48 W, 95 %
2026/03/18 12:41:47.209, 108.47 W, 95 %
2026/03/18 12:41:47.309, 108.51 W, 95 %
2026/03/18 12:41:47.409, 108.47 W, 95 %
2026/03/18 12:41:47.509, 108.46 W, 95 %
2026/03/18 12:41:47.609, 108.45 W, 95 %
2026/03/18 12:41:47.710, 108.53 W, 95 %
2026/03/18 12:41:47.810, 108.47 W, 95 %
2026/03/18 12:41:47.910, 108.47 W, 95 %
2026/03/18 12:41:48.010, 108.43 W, 95 %
2026/03/18 12:41:48.110, 108.41 W, 95 %
2026/03/18 12:41:48.210, 108.38 W, 95 %
2026/03/18 12:41:48.310, 108.37 W, 95 %
2026/03/18 12:41:48.411, 108.39 W, 95 %
2026/03/18 12:41:48.511, 108.42 W, 95 %
2026/03/18 12:41:48.611, 108.38 W, 95 %
2026/03/18 12:41:48.711, 108.35 W, 95 %
2026/03/18 12:41:48.811, 108.40 W, 95 %
2026/03/18 12:41:48.911, 108.35 W, 95 %
2026/03/18 12:41:49.012, 108.36 W, 95 %
2026/03/18 12:41:49.112, 108.34 W, 95 %
2026/03/18 12:41:49.212, 108.33 W, 95 %
2026/03/18 12:41:49.312, 108.31 W, 95 %
2026/03/18 12:41:49.412, 108.33 W, 95 %
2026/03/18 12:41:49.512, 108.32 W, 95 %
2026/03/18 12:41:49.612, 108.33 W, 95 %
2026/03/18 12:41:49.713, 108.28 W, 95 %
2026/03/18 12:41:49.813, 108.33 W, 95 %
2026/03/18 12:41:49.913, 108.36 W, 95 %
2026/03/18 12:41:50.013, 108.37 W, 95 %
2026/03/18 12:41:50.113, 108.39 W, 95 %
2026/03/18 12:41:50.213, 108.39 W, 95 %
2026/03/18 12:41:50.313, 108.43 W, 95 %
2026/03/18 12:41:50.414, 108.40 W, 95 %
2026/03/18 12:41:50.514, 108.42 W, 95 %
2026/03/18 12:41:50.614, 108.37 W, 95 %
2026/03/18 12:41:50.714, 108.43 W, 95 %
2026/03/18 12:41:50.814, 108.38 W, 95 %
2026/03/18 12:41:50.914, 108.42 W, 95 %
2026/03/18 12:41:51.014, 108.39 W, 95 %
2026/03/18 12:41:51.115, 108.45 W, 95 %
2026/03/18 12:41:51.215, 108.46 W, 95 %
2026/03/18 12:41:51.315, 108.40 W, 95 %
2026/03/18 12:41:51.415, 108.41 W, 95 %
2026/03/18 12:41:51.515, 108.46 W, 95 %
2026/03/18 12:41:51.615, 108.49 W, 95 %
2026/03/18 12:41:51.715, 108.46 W, 95 %
2026/03/18 12:41:51.816, 108.55 W, 95 %
2026/03/18 12:41:51.916, 108.53 W, 95 %
2026/03/18 12:41:52.016, 108.57 W, 95 %
2026/03/18 12:41:52.116, 108.50 W, 95 %
2026/03/18 12:41:52.216, 108.46 W, 95 %
2026/03/18 12:41:52.316, 108.46 W, 95 %
2026/03/18 12:41:52.416, 108.42 W, 95 %
2026/03/18 12:41:52.517, 108.35 W, 95 %
2026/03/18 12:41:52.617, 108.32 W, 95 %
2026/03/18 12:41:52.717, 108.39 W, 95 %
2026/03/18 12:41:52.817, 108.35 W, 95 %
2026/03/18 12:41:52.917, 108.33 W, 95 %
2026/03/18 12:41:53.017, 108.32 W, 95 %
2026/03/18 12:41:53.117, 108.37 W, 95 %
2026/03/18 12:41:53.218, 108.41 W, 95 %
2026/03/18 12:41:53.318, 108.43 W, 95 %
2026/03/18 12:41:53.418, 108.51 W, 95 %
2026/03/18 12:41:53.518, 108.59 W, 95 %
2026/03/18 12:41:53.618, 108.62 W, 95 %
2026/03/18 12:41:53.718, 108.67 W, 95 %
2026/03/18 12:41:53.818, 108.65 W, 95 %
2026/03/18 12:41:53.919, 108.63 W, 95 %
2026/03/18 12:41:54.019, 108.62 W, 95 %
2026/03/18 12:41:54.119, 108.51 W, 95 %
2026/03/18 12:41:54.219, 108.50 W, 95 %
2026/03/18 12:41:54.319, 108.53 W, 95 %
2026/03/18 12:41:54.419, 108.54 W, 95 %
2026/03/18 12:41:54.519, 108.49 W, 95 %
2026/03/18 12:41:54.620, 108.45 W, 95 %
2026/03/18 12:41:54.720, 108.31 W, 95 %
2026/03/18 12:41:54.820, 108.23 W, 95 %
2026/03/18 12:41:54.920, 108.25 W, 95 %
2026/03/18 12:41:55.020, 108.26 W, 95 %
2026/03/18 12:41:55.120, 108.28 W, 95 %
2026/03/18 12:41:55.220, 108.29 W, 95 %
2026/03/18 12:41:55.321, 108.28 W, 95 %
2026/03/18 12:41:55.421, 108.20 W, 95 %
2026/03/18 12:41:55.521, 108.16 W, 95 %
2026/03/18 12:41:55.621, 108.20 W, 95 %
2026/03/18 12:41:55.721, 108.37 W, 95 %
2026/03/18 12:41:55.821, 108.44 W, 95 %
2026/03/18 12:41:55.921, 108.51 W, 95 %
2026/03/18 12:41:56.022, 108.55 W, 95 %
2026/03/18 12:41:56.122, 108.64 W, 95 %
2026/03/18 12:41:56.222, 108.66 W, 95 %
2026/03/18 12:41:56.322, 108.56 W, 95 %
2026/03/18 12:41:56.422, 108.64 W, 95 %
2026/03/18 12:41:56.522, 108.67 W, 95 %
2026/03/18 12:41:56.622, 108.65 W, 95 %
2026/03/18 12:41:56.723, 108.62 W, 95 %
2026/03/18 12:41:56.823, 108.63 W, 95 %
2026/03/18 12:41:56.923, 108.59 W, 95 %
2026/03/18 12:41:57.023, 108.57 W, 95 %
2026/03/18 12:41:57.123, 108.44 W, 95 %
2026/03/18 12:41:57.223, 108.44 W, 95 %
2026/03/18 12:41:57.323, 108.43 W, 95 %
2026/03/18 12:41:57.424, 108.44 W, 95 %
2026/03/18 12:41:57.524, 108.49 W, 95 %
2026/03/18 12:41:57.624, 108.49 W, 95 %
2026/03/18 12:41:57.724, 108.48 W, 95 %
2026/03/18 12:41:57.824, 108.44 W, 95 %
2026/03/18 12:41:57.924, 108.45 W, 95 %
2026/03/18 12:41:58.024, 108.43 W, 95 %
2026/03/18 12:41:58.125, 108.43 W, 95 %
2026/03/18 12:41:58.225, 108.46 W, 95 %
2026/03/18 12:41:58.325, 108.49 W, 95 %
2026/03/18 12:41:58.425, 108.52 W, 95 %
2026/03/18 12:41:58.525, 108.47 W, 95 %
2026/03/18 12:41:58.625, 108.48 W, 95 %
2026/03/18 12:41:58.726, 108.44 W, 95 %
2026/03/18 12:41:58.826, 108.45 W, 95 %
2026/03/18 12:41:58.926, 108.45 W, 95 %
2026/03/18 12:41:59.026, 108.41 W, 95 %
2026/03/18 12:41:59.127, 108.48 W, 95 %
2026/03/18 12:41:59.227, 108.47 W, 95 %
2026/03/18 12:41:59.327, 108.46 W, 95 %
2026/03/18 12:41:59.427, 108.47 W, 95 %
2026/03/18 12:41:59.527, 108.50 W, 95 %
2026/03/18 12:41:59.627, 108.45 W, 95 %
2026/03/18 12:41:59.727, 108.52 W, 95 %
2026/03/18 12:41:59.828, 108.52 W, 95 %
2026/03/18 12:41:59.928, 108.46 W, 95 %
2026/03/18 12:42:00.028, 108.46 W, 95 %
2026/03/18 12:42:00.128, 108.41 W, 95 %
2026/03/18 12:42:00.228, 108.37 W, 95 %
2026/03/18 12:42:00.328, 108.38 W, 95 %
2026/03/18 12:42:00.428, 108.40 W, 95 %
2026/03/18 12:42:00.529, 108.38 W, 95 %
2026/03/18 12:42:00.629, 108.39 W, 95 %
2026/03/18 12:42:00.729, 108.25 W, 95 %
2026/03/18 12:42:00.829, 108.25 W, 95 %
2026/03/18 12:42:00.929, 108.26 W, 95 %
2026/03/18 12:42:01.029, 108.28 W, 95 %
2026/03/18 12:42:01.129, 108.68 W, 95 %
2026/03/18 12:42:01.230, 108.42 W, 95 %
2026/03/18 12:42:01.330, 108.40 W, 95 %
2026/03/18 12:42:01.430, 108.41 W, 95 %
2026/03/18 12:42:01.530, 108.43 W, 95 %
2026/03/18 12:42:01.630, 108.41 W, 95 %
2026/03/18 12:42:01.730, 108.53 W, 95 %
2026/03/18 12:42:01.830, 108.53 W, 95 %
2026/03/18 12:42:01.931, 108.61 W, 95 %
2026/03/18 12:42:02.031, 108.59 W, 95 %
2026/03/18 12:42:02.131, 108.61 W, 95 %
2026/03/18 12:42:02.231, 108.64 W, 95 %
2026/03/18 12:42:02.331, 108.59 W, 95 %
2026/03/18 12:42:02.431, 108.63 W, 95 %
2026/03/18 12:42:02.531, 108.63 W, 95 %
2026/03/18 12:42:02.632, 108.63 W, 95 %
2026/03/18 12:42:02.732, 108.73 W, 95 %
2026/03/18 12:42:02.832, 108.67 W, 95 %
2026/03/18 12:42:02.932, 108.59 W, 95 %
2026/03/18 12:42:03.032, 108.62 W, 95 %
2026/03/18 12:42:03.132, 108.57 W, 95 %
2026/03/18 12:42:03.232, 108.57 W, 95 %
2026/03/18 12:42:03.333, 108.53 W, 95 %
2026/03/18 12:42:03.433, 108.49 W, 95 %
2026/03/18 12:42:03.533, 108.48 W, 95 %
2026/03/18 12:42:03.633, 108.43 W, 95 %
2026/03/18 12:42:03.733, 108.37 W, 95 %
2026/03/18 12:42:03.833, 108.32 W, 95 %
2026/03/18 12:42:03.933, 108.37 W, 95 %
2026/03/18 12:42:04.034, 108.29 W, 95 %
2026/03/18 12:42:04.134, 108.37 W, 95 %
2026/03/18 12:42:04.234, 108.35 W, 95 %
2026/03/18 12:42:04.334, 108.44 W, 95 %
2026/03/18 12:42:04.434, 108.50 W, 95 %
2026/03/18 12:42:04.534, 108.48 W, 95 %
2026/03/18 12:42:04.634, 108.56 W, 95 %
2026/03/18 12:42:04.735, 108.60 W, 95 %
2026/03/18 12:42:04.835, 108.62 W, 95 %
2026/03/18 12:42:04.935, 108.61 W, 95 %
2026/03/18 12:42:05.035, 108.66 W, 95 %
2026/03/18 12:42:05.135, 108.64 W, 95 %
2026/03/18 12:42:05.235, 108.62 W, 95 %
2026/03/18 12:42:05.335, 108.66 W, 95 %
2026/03/18 12:42:05.436, 108.60 W, 95 %
2026/03/18 12:42:05.536, 108.59 W, 95 %
2026/03/18 12:42:05.636, 108.54 W, 95 %
2026/03/18 12:42:05.736, 108.59 W, 95 %
2026/03/18 12:42:05.836, 108.55 W, 95 %
2026/03/18 12:42:05.936, 108.54 W, 95 %
2026/03/18 12:42:06.036, 108.55 W, 95 %
2026/03/18 12:42:06.137, 108.53 W, 95 %
2026/03/18 12:42:06.237, 108.52 W, 95 %
2026/03/18 12:42:06.337, 108.47 W, 95 %
2026/03/18 12:42:06.437, 108.50 W, 95 %
2026/03/18 12:42:06.537, 108.55 W, 95 %
2026/03/18 12:42:06.637, 108.58 W, 95 %
2026/03/18 12:42:06.737, 108.51 W, 95 %
2026/03/18 12:42:06.838, 108.57 W, 95 %
2026/03/18 12:42:06.938, 108.57 W, 95 %
2026/03/18 12:42:07.038, 108.55 W, 95 %
2026/03/18 12:42:07.138, 108.66 W, 95 %
2026/03/18 12:42:07.238, 108.73 W, 95 %
2026/03/18 12:42:07.338, 108.71 W, 95 %
2026/03/18 12:42:07.438, 108.69 W, 95 %
2026/03/18 12:42:07.539, 108.62 W, 95 %
2026/03/18 12:42:07.639, 108.67 W, 95 %
2026/03/18 12:42:07.739, 108.64 W, 95 %
2026/03/18 12:42:07.839, 108.67 W, 95 %
2026/03/18 12:42:07.939, 108.65 W, 95 %
2026/03/18 12:42:08.039, 108.67 W, 95 %
2026/03/18 12:42:08.139, 108.58 W, 95 %
2026/03/18 12:42:08.240, 108.57 W, 95 %
2026/03/18 12:42:08.340, 108.54 W, 95 %
2026/03/18 12:42:08.440, 108.55 W, 95 %
2026/03/18 12:42:08.540, 108.61 W, 95 %
2026/03/18 12:42:08.640, 108.56 W, 95 %
2026/03/18 12:42:08.740, 108.59 W, 95 %
2026/03/18 12:42:08.840, 108.49 W, 95 %
2026/03/18 12:42:08.941, 108.51 W, 95 %
2026/03/18 12:42:09.041, 108.50 W, 95 %
2026/03/18 12:42:09.141, 108.47 W, 95 %
2026/03/18 12:42:09.241, 108.42 W, 95 %
2026/03/18 12:42:09.341, 108.33 W, 95 %
2026/03/18 12:42:09.441, 108.38 W, 95 %
2026/03/18 12:42:09.541, 108.41 W, 91 %
2026/03/18 12:42:09.642, 108.36 W, 91 %
2026/03/18 12:42:09.742, 108.37 W, 95 %
2026/03/18 12:42:09.842, 108.46 W, 95 %
2026/03/18 12:42:09.942, 108.41 W, 95 %
2026/03/18 12:42:10.042, 108.33 W, 95 %
2026/03/18 12:42:10.142, 108.37 W, 95 %
2026/03/18 12:42:10.242, 108.39 W, 95 %
2026/03/18 12:42:10.343, 108.51 W, 95 %
2026/03/18 12:42:10.443, 108.43 W, 95 %
2026/03/18 12:42:10.543, 108.37 W, 95 %
2026/03/18 12:42:10.643, 108.36 W, 95 %
2026/03/18 12:42:10.743, 108.44 W, 95 %
2026/03/18 12:42:10.843, 108.41 W, 95 %
2026/03/18 12:42:10.943, 108.44 W, 95 %
2026/03/18 12:42:11.044, 108.50 W, 95 %
2026/03/18 12:42:11.144, 108.50 W, 95 %
2026/03/18 12:42:11.244, 108.51 W, 95 %
2026/03/18 12:42:11.344, 108.48 W, 95 %
2026/03/18 12:42:11.444, 108.44 W, 95 %
2026/03/18 12:42:11.544, 108.45 W, 95 %
2026/03/18 12:42:11.644, 108.33 W, 95 %
2026/03/18 12:42:11.745, 108.31 W, 95 %
2026/03/18 12:42:11.845, 108.36 W, 95 %
2026/03/18 12:42:11.945, 108.35 W, 95 %
2026/03/18 12:42:12.045, 108.34 W, 95 %
2026/03/18 12:42:12.145, 108.26 W, 95 %
2026/03/18 12:42:12.245, 108.24 W, 95 %
2026/03/18 12:42:12.345, 108.33 W, 95 %
2026/03/18 12:42:12.446, 108.38 W, 95 %
2026/03/18 12:42:12.546, 108.40 W, 95 %
2026/03/18 12:42:12.646, 108.51 W, 95 %
2026/03/18 12:42:12.746, 108.54 W, 95 %
2026/03/18 12:42:12.846, 108.50 W, 95 %
2026/03/18 12:42:12.946, 108.51 W, 95 %
2026/03/18 12:42:13.046, 108.47 W, 95 %
2026/03/18 12:42:13.147, 108.49 W, 95 %
2026/03/18 12:42:13.247, 108.53 W, 95 %
2026/03/18 12:42:13.347, 108.48 W, 95 %
2026/03/18 12:42:13.447, 108.50 W, 95 %
2026/03/18 12:42:13.547, 108.50 W, 95 %
2026/03/18 12:42:13.647, 108.48 W, 95 %
2026/03/18 12:42:13.747, 108.47 W, 95 %
2026/03/18 12:42:13.848, 108.50 W, 95 %
2026/03/18 12:42:13.948, 108.44 W, 95 %
2026/03/18 12:42:14.048, 108.50 W, 95 %
2026/03/18 12:42:14.148, 108.50 W, 95 %
2026/03/18 12:42:14.248, 108.49 W, 95 %
2026/03/18 12:42:14.348, 108.51 W, 95 %
2026/03/18 12:42:14.448, 108.47 W, 95 %
2026/03/18 12:42:14.549, 108.44 W, 95 %
2026/03/18 12:42:14.649, 108.47 W, 95 %
2026/03/18 12:42:14.749, 108.52 W, 94 %
2026/03/18 12:42:14.849, 108.51 W, 94 %
2026/03/18 12:42:14.949, 108.59 W, 95 %
2026/03/18 12:42:15.049, 108.61 W, 95 %
2026/03/18 12:42:15.149, 108.59 W, 95 %
2026/03/18 12:42:15.250, 108.60 W, 95 %
2026/03/18 12:42:15.350, 108.57 W, 95 %
2026/03/18 12:42:15.450, 108.55 W, 95 %
2026/03/18 12:42:15.550, 108.56 W, 95 %
2026/03/18 12:42:15.650, 108.57 W, 95 %
2026/03/18 12:42:15.750, 108.58 W, 95 %
2026/03/18 12:42:15.850, 108.58 W, 95 %
2026/03/18 12:42:15.951, 108.54 W, 95 %
2026/03/18 12:42:16.051, 108.47 W, 95 %
2026/03/18 12:42:16.151, 108.49 W, 95 %
2026/03/18 12:42:16.251, 108.53 W, 95 %
2026/03/18 12:42:16.351, 108.55 W, 95 %
2026/03/18 12:42:16.451, 108.54 W, 95 %
2026/03/18 12:42:16.551, 108.52 W, 95 %
2026/03/18 12:42:16.652, 108.51 W, 95 %
2026/03/18 12:42:16.752, 108.45 W, 95 %
2026/03/18 12:42:16.852, 108.46 W, 95 %
2026/03/18 12:42:16.952, 108.44 W, 95 %
2026/03/18 12:42:17.052, 108.53 W, 95 %
2026/03/18 12:42:17.152, 108.58 W, 95 %
2026/03/18 12:42:17.252, 108.59 W, 95 %
2026/03/18 12:42:17.353, 108.54 W, 95 %
2026/03/18 12:42:17.453, 108.51 W, 95 %
2026/03/18 12:42:17.553, 108.54 W, 95 %
2026/03/18 12:42:17.653, 108.50 W, 95 %
2026/03/18 12:42:17.753, 108.52 W, 95 %
2026/03/18 12:42:17.853, 108.48 W, 95 %
2026/03/18 12:42:17.953, 108.46 W, 95 %
2026/03/18 12:42:18.054, 108.43 W, 95 %
2026/03/18 12:42:18.154, 108.34 W, 95 %
2026/03/18 12:42:18.254, 108.32 W, 95 %
2026/03/18 12:42:18.354, 108.28 W, 95 %
2026/03/18 12:42:18.454, 108.28 W, 95 %
2026/03/18 12:42:18.554, 108.14 W, 95 %
2026/03/18 12:42:18.654, 108.22 W, 95 %
2026/03/18 12:42:18.755, 108.27 W, 95 %
2026/03/18 12:42:18.855, 108.27 W, 95 %
2026/03/18 12:42:18.955, 108.29 W, 95 %
2026/03/18 12:42:19.055, 108.22 W, 95 %
2026/03/18 12:42:19.155, 108.24 W, 95 %
2026/03/18 12:42:19.255, 108.27 W, 95 %
2026/03/18 12:42:19.355, 108.37 W, 95 %
2026/03/18 12:42:19.456, 108.42 W, 95 %
2026/03/18 12:42:19.556, 108.53 W, 95 %
2026/03/18 12:42:19.656, 108.48 W, 95 %
2026/03/18 12:42:19.756, 108.42 W, 95 %
2026/03/18 12:42:19.856, 108.47 W, 95 %
2026/03/18 12:42:19.956, 108.51 W, 95 %
2026/03/18 12:42:20.056, 108.51 W, 95 %
2026/03/18 12:42:20.157, 108.57 W, 95 %
2026/03/18 12:42:20.257, 108.57 W, 95 %
2026/03/18 12:42:20.357, 108.54 W, 95 %
2026/03/18 12:42:20.457, 108.52 W, 95 %
2026/03/18 12:42:20.557, 108.61 W, 95 %
2026/03/18 12:42:20.657, 108.64 W, 95 %
2026/03/18 12:42:20.757, 108.70 W, 95 %
2026/03/18 12:42:20.858, 108.64 W, 95 %
2026/03/18 12:42:20.958, 108.55 W, 95 %
2026/03/18 12:42:21.058, 108.62 W, 95 %
2026/03/18 12:42:21.158, 108.59 W, 95 %
2026/03/18 12:42:21.258, 108.56 W, 95 %
2026/03/18 12:42:21.358, 108.47 W, 95 %
2026/03/18 12:42:21.458, 108.45 W, 95 %
2026/03/18 12:42:21.559, 108.36 W, 95 %
2026/03/18 12:42:21.659, 108.35 W, 95 %
2026/03/18 12:42:21.759, 108.44 W, 95 %
2026/03/18 12:42:21.859, 108.46 W, 95 %
2026/03/18 12:42:21.959, 108.48 W, 95 %
2026/03/18 12:42:22.059, 108.43 W, 95 %
2026/03/18 12:42:22.160, 108.39 W, 95 %
2026/03/18 12:42:22.260, 108.34 W, 95 %
2026/03/18 12:42:22.360, 108.42 W, 95 %
2026/03/18 12:42:22.460, 108.39 W, 95 %
2026/03/18 12:42:22.560, 108.40 W, 95 %
2026/03/18 12:42:22.660, 108.37 W, 95 %
2026/03/18 12:42:22.760, 108.35 W, 95 %
2026/03/18 12:42:22.861, 108.31 W, 95 %
2026/03/18 12:42:22.961, 108.29 W, 95 %
2026/03/18 12:42:23.061, 108.27 W, 95 %
2026/03/18 12:42:23.161, 108.39 W, 95 %
2026/03/18 12:42:23.261, 108.44 W, 95 %
2026/03/18 12:42:23.361, 108.43 W, 95 %
2026/03/18 12:42:23.461, 108.45 W, 95 %
2026/03/18 12:42:23.562, 108.44 W, 95 %
2026/03/18 12:42:23.662, 108.49 W, 95 %
2026/03/18 12:42:23.762, 108.41 W, 95 %
2026/03/18 12:42:23.862, 108.38 W, 95 %
2026/03/18 12:42:23.962, 108.38 W, 95 %
2026/03/18 12:42:24.062, 108.41 W, 95 %
2026/03/18 12:42:24.162, 108.34 W, 95 %
2026/03/18 12:42:24.263, 108.34 W, 95 %
2026/03/18 12:42:24.363, 108.36 W, 95 %
2026/03/18 12:42:24.463, 108.36 W, 95 %
2026/03/18 12:42:24.563, 108.34 W, 95 %
2026/03/18 12:42:24.663, 108.43 W, 95 %
2026/03/18 12:42:24.763, 108.50 W, 95 %
2026/03/18 12:42:24.863, 108.56 W, 95 %
2026/03/18 12:42:24.964, 108.51 W, 95 %
2026/03/18 12:42:25.064, 108.52 W, 95 %
2026/03/18 12:42:25.164, 108.53 W, 95 %
2026/03/18 12:42:25.264, 108.47 W, 95 %
2026/03/18 12:42:25.364, 108.42 W, 95 %
2026/03/18 12:42:25.464, 108.41 W, 95 %
2026/03/18 12:42:25.564, 108.38 W, 95 %
2026/03/18 12:42:25.665, 108.30 W, 95 %
2026/03/18 12:42:25.765, 108.23 W, 95 %
2026/03/18 12:42:25.865, 108.14 W, 95 %
2026/03/18 12:42:25.965, 108.20 W, 95 %
2026/03/18 12:42:26.065, 108.26 W, 95 %
2026/03/18 12:42:26.165, 108.29 W, 95 %
2026/03/18 12:42:26.266, 108.35 W, 95 %
2026/03/18 12:42:26.366, 108.38 W, 95 %
2026/03/18 12:42:26.466, 108.51 W, 95 %
2026/03/18 12:42:26.566, 108.54 W, 95 %
2026/03/18 12:42:26.666, 108.54 W, 95 %
2026/03/18 12:42:26.766, 108.55 W, 95 %
2026/03/18 12:42:26.866, 108.57 W, 95 %
2026/03/18 12:42:26.967, 108.58 W, 95 %
2026/03/18 12:42:27.067, 108.57 W, 95 %
2026/03/18 12:42:27.167, 108.58 W, 95 %
2026/03/18 12:42:27.267, 108.49 W, 95 %
2026/03/18 12:42:27.367, 108.50 W, 95 %
2026/03/18 12:42:27.467, 108.38 W, 95 %
2026/03/18 12:42:27.567, 108.39 W, 95 %
2026/03/18 12:42:27.668, 108.39 W, 95 %
2026/03/18 12:42:27.768, 108.42 W, 95 %
2026/03/18 12:42:27.868, 108.54 W, 95 %
2026/03/18 12:42:27.968, 108.57 W, 95 %
2026/03/18 12:42:28.068, 108.56 W, 95 %
2026/03/18 12:42:28.168, 108.59 W, 95 %
2026/03/18 12:42:28.268, 108.59 W, 95 %
2026/03/18 12:42:28.369, 108.58 W, 95 %
2026/03/18 12:42:28.469, 108.58 W, 95 %
2026/03/18 12:42:28.569, 108.63 W, 95 %
2026/03/18 12:42:28.669, 108.60 W, 95 %
2026/03/18 12:42:28.769, 108.63 W, 95 %
2026/03/18 12:42:28.869, 108.55 W, 95 %
2026/03/18 12:42:28.969, 108.50 W, 95 %
2026/03/18 12:42:29.070, 108.48 W, 95 %
2026/03/18 12:42:29.170, 108.48 W, 95 %
2026/03/18 12:42:29.270, 108.48 W, 95 %
2026/03/18 12:42:29.370, 108.49 W, 95 %
2026/03/18 12:42:29.470, 108.50 W, 95 %
2026/03/18 12:42:29.570, 108.46 W, 95 %
2026/03/18 12:42:29.670, 108.46 W, 95 %
2026/03/18 12:42:29.771, 108.42 W, 95 %
2026/03/18 12:42:29.871, 108.46 W, 95 %
2026/03/18 12:42:29.971, 108.44 W, 95 %
2026/03/18 12:42:30.071, 108.43 W, 95 %
2026/03/18 12:42:30.171, 108.43 W, 95 %
2026/03/18 12:42:30.271, 108.45 W, 95 %
2026/03/18 12:42:30.371, 108.44 W, 95 %
2026/03/18 12:42:30.472, 108.43 W, 95 %
2026/03/18 12:42:30.572, 108.50 W, 95 %
2026/03/18 12:42:30.672, 108.54 W, 95 %
2026/03/18 12:42:30.772, 108.59 W, 95 %
2026/03/18 12:42:30.872, 108.64 W, 95 %
2026/03/18 12:42:30.972, 108.69 W, 95 %
2026/03/18 12:42:31.072, 108.70 W, 95 %
2026/03/18 12:42:31.173, 108.62 W, 95 %
2026/03/18 12:42:31.273, 108.61 W, 95 %
2026/03/18 12:42:31.373, 108.64 W, 95 %
2026/03/18 12:42:31.473, 108.71 W, 95 %
2026/03/18 12:42:31.573, 108.68 W, 95 %
2026/03/18 12:42:31.673, 108.69 W, 95 %
2026/03/18 12:42:31.773, 108.66 W, 95 %
2026/03/18 12:42:31.874, 108.60 W, 95 %
2026/03/18 12:42:31.974, 108.61 W, 95 %
2026/03/18 12:42:32.074, 108.59 W, 95 %
2026/03/18 12:42:32.174, 108.65 W, 95 %
2026/03/18 12:42:32.274, 108.67 W, 95 %
2026/03/18 12:42:32.374, 108.64 W, 95 %
2026/03/18 12:42:32.474, 108.61 W, 95 %
2026/03/18 12:42:32.575, 108.61 W, 95 %
2026/03/18 12:42:32.675, 108.56 W, 95 %
2026/03/18 12:42:32.775, 108.52 W, 95 %
2026/03/18 12:42:32.875, 108.53 W, 95 %
2026/03/18 12:42:32.975, 108.57 W, 95 %
2026/03/18 12:42:33.075, 108.55 W, 95 %
2026/03/18 12:42:33.175, 108.53 W, 95 %
2026/03/18 12:42:33.276, 108.45 W, 95 %
2026/03/18 12:42:33.376, 108.41 W, 95 %
2026/03/18 12:42:33.476, 108.47 W, 95 %
2026/03/18 12:42:33.576, 108.40 W, 95 %
2026/03/18 12:42:33.676, 108.49 W, 95 %
2026/03/18 12:42:33.776, 108.52 W, 95 %
2026/03/18 12:42:33.876, 108.45 W, 95 %
2026/03/18 12:42:33.977, 108.47 W, 95 %
2026/03/18 12:42:34.077, 108.42 W, 95 %
2026/03/18 12:42:34.177, 108.42 W, 95 %
2026/03/18 12:42:34.277, 108.49 W, 95 %
2026/03/18 12:42:34.377, 108.36 W, 95 %
2026/03/18 12:42:34.477, 108.31 W, 95 %
2026/03/18 12:42:34.577, 108.34 W, 95 %
2026/03/18 12:42:34.678, 108.37 W, 95 %
2026/03/18 12:42:34.778, 108.34 W, 95 %
2026/03/18 12:42:34.878, 108.42 W, 95 %
2026/03/18 12:42:34.978, 108.40 W, 95 %
2026/03/18 12:42:35.078, 108.45 W, 95 %
2026/03/18 12:42:35.178, 108.50 W, 95 %
2026/03/18 12:42:35.279, 108.50 W, 95 %
2026/03/18 12:42:35.379, 108.58 W, 91 %
2026/03/18 12:42:35.479, 108.58 W, 91 %
2026/03/18 12:42:35.579, 108.57 W, 95 %
2026/03/18 12:42:35.679, 108.55 W, 95 %
2026/03/18 12:42:35.779, 108.56 W, 95 %
2026/03/18 12:42:35.879, 108.56 W, 95 %
2026/03/18 12:42:35.980, 108.51 W, 95 %
2026/03/18 12:42:36.080, 108.43 W, 95 %
2026/03/18 12:42:36.180, 108.42 W, 95 %
2026/03/18 12:42:36.280, 108.50 W, 95 %
2026/03/18 12:42:36.380, 108.54 W, 95 %
2026/03/18 12:42:36.480, 108.52 W, 95 %
2026/03/18 12:42:36.580, 108.49 W, 95 %
2026/03/18 12:42:36.681, 108.43 W, 95 %
2026/03/18 12:42:36.781, 108.49 W, 95 %
2026/03/18 12:42:36.881, 108.49 W, 95 %
2026/03/18 12:42:36.981, 108.50 W, 95 %
2026/03/18 12:42:37.081, 108.49 W, 95 %
2026/03/18 12:42:37.181, 108.51 W, 95 %
2026/03/18 12:42:37.281, 108.48 W, 95 %
2026/03/18 12:42:37.382, 108.49 W, 95 %
2026/03/18 12:42:37.482, 108.50 W, 95 %
2026/03/18 12:42:37.582, 108.52 W, 95 %
2026/03/18 12:42:37.682, 108.45 W, 95 %
2026/03/18 12:42:37.782, 108.44 W, 95 %
2026/03/18 12:42:37.882, 108.34 W, 95 %
2026/03/18 12:42:37.982, 108.30 W, 92 %
2026/03/18 12:42:38.083, 108.32 W, 92 %
2026/03/18 12:42:38.183, 108.27 W, 95 %
2026/03/18 12:42:38.283, 108.28 W, 95 %
2026/03/18 12:42:38.383, 108.30 W, 95 %
2026/03/18 12:42:38.483, 108.33 W, 95 %
2026/03/18 12:42:38.583, 108.31 W, 95 %
2026/03/18 12:42:38.683, 108.38 W, 95 %
2026/03/18 12:42:38.784, 108.36 W, 95 %
2026/03/18 12:42:38.884, 108.43 W, 95 %
2026/03/18 12:42:38.984, 108.47 W, 95 %
2026/03/18 12:42:39.084, 108.50 W, 95 %
2026/03/18 12:42:39.184, 108.54 W, 95 %
2026/03/18 12:42:39.284, 108.52 W, 95 %
2026/03/18 12:42:39.384, 108.53 W, 95 %
2026/03/18 12:42:39.485, 108.50 W, 95 %
2026/03/18 12:42:39.585, 108.53 W, 95 %
2026/03/18 12:42:39.686, 108.50 W, 95 %
2026/03/18 12:42:39.786, 108.48 W, 95 %
2026/03/18 12:42:39.886, 108.47 W, 95 %
2026/03/18 12:42:39.986, 108.51 W, 95 %
2026/03/18 12:42:40.086, 108.51 W, 95 %
2026/03/18 12:42:40.186, 108.47 W, 95 %
2026/03/18 12:42:40.287, 108.45 W, 95 %
2026/03/18 12:42:40.387, 108.42 W, 95 %
2026/03/18 12:42:40.487, 108.47 W, 95 %
2026/03/18 12:42:40.587, 108.48 W, 94 %
2026/03/18 12:42:40.687, 108.52 W, 94 %
2026/03/18 12:42:40.787, 108.55 W, 95 %
2026/03/18 12:42:40.888, 108.48 W, 95 %
2026/03/18 12:42:40.988, 108.44 W, 95 %
2026/03/18 12:42:41.088, 108.45 W, 95 %
2026/03/18 12:42:41.188, 108.46 W, 95 %
2026/03/18 12:42:41.288, 108.55 W, 95 %
2026/03/18 12:42:41.388, 108.66 W, 95 %
2026/03/18 12:42:41.488, 108.62 W, 95 %
2026/03/18 12:42:41.589, 108.60 W, 95 %
2026/03/18 12:42:41.689, 108.56 W, 95 %
2026/03/18 12:42:41.789, 108.57 W, 95 %
2026/03/18 12:42:41.889, 108.60 W, 95 %
2026/03/18 12:42:41.989, 108.66 W, 95 %
2026/03/18 12:42:42.089, 108.66 W, 95 %
2026/03/18 12:42:42.189, 108.66 W, 95 %
2026/03/18 12:42:42.290, 108.63 W, 95 %
2026/03/18 12:42:42.390, 108.53 W, 95 %
2026/03/18 12:42:42.490, 108.52 W, 95 %
2026/03/18 12:42:42.590, 108.56 W, 95 %
2026/03/18 12:42:42.690, 108.59 W, 95 %
2026/03/18 12:42:42.790, 108.58 W, 95 %
2026/03/18 12:42:42.890, 108.61 W, 95 %
2026/03/18 12:42:42.991, 108.54 W, 95 %
2026/03/18 12:42:43.091, 108.53 W, 95 %
2026/03/18 12:42:43.191, 108.50 W, 95 %
2026/03/18 12:42:43.291, 108.47 W, 95 %
2026/03/18 12:42:43.391, 108.43 W, 95 %
2026/03/18 12:42:43.491, 108.40 W, 95 %
2026/03/18 12:42:43.591, 108.39 W, 95 %
2026/03/18 12:42:43.692, 108.44 W, 95 %
2026/03/18 12:42:43.792, 108.38 W, 95 %
2026/03/18 12:42:43.892, 108.38 W, 95 %
2026/03/18 12:42:43.992, 108.48 W, 95 %
2026/03/18 12:42:44.092, 108.47 W, 95 %
2026/03/18 12:42:44.192, 108.51 W, 95 %
2026/03/18 12:42:44.292, 108.48 W, 95 %
2026/03/18 12:42:44.393, 108.53 W, 95 %
2026/03/18 12:42:44.493, 108.54 W, 95 %
2026/03/18 12:42:44.593, 108.54 W, 95 %
2026/03/18 12:42:44.693, 108.51 W, 95 %
2026/03/18 12:42:44.793, 108.45 W, 95 %
2026/03/18 12:42:44.893, 108.40 W, 95 %
2026/03/18 12:42:44.993, 108.37 W, 95 %
2026/03/18 12:42:45.094, 108.42 W, 95 %
2026/03/18 12:42:45.194, 108.38 W, 95 %
2026/03/18 12:42:45.294, 108.45 W, 95 %
2026/03/18 12:42:45.394, 108.42 W, 95 %
2026/03/18 12:42:45.494, 108.41 W, 95 %
2026/03/18 12:42:45.594, 108.38 W, 95 %
2026/03/18 12:42:45.694, 108.36 W, 95 %
2026/03/18 12:42:45.795, 108.47 W, 94 %
2026/03/18 12:42:45.895, 108.44 W, 94 %
2026/03/18 12:42:45.995, 108.42 W, 95 %
2026/03/18 12:42:46.095, 108.42 W, 95 %
2026/03/18 12:42:46.195, 108.40 W, 95 %
2026/03/18 12:42:46.295, 108.36 W, 95 %
2026/03/18 12:42:46.395, 108.36 W, 95 %
2026/03/18 12:42:46.496, 108.27 W, 95 %
2026/03/18 12:42:46.596, 108.38 W, 95 %
2026/03/18 12:42:46.696, 108.33 W, 95 %
2026/03/18 12:42:46.796, 108.27 W, 95 %
2026/03/18 12:42:46.896, 108.35 W, 95 %
2026/03/18 12:42:46.996, 108.36 W, 95 %
2026/03/18 12:42:47.096, 108.37 W, 95 %
2026/03/18 12:42:47.197, 108.42 W, 95 %
2026/03/18 12:42:47.297, 108.44 W, 95 %
2026/03/18 12:42:47.397, 108.40 W, 95 %
2026/03/18 12:42:47.497, 108.51 W, 95 %
2026/03/18 12:42:47.597, 108.46 W, 95 %
2026/03/18 12:42:47.697, 108.46 W, 95 %
2026/03/18 12:42:47.797, 108.56 W, 95 %
2026/03/18 12:42:47.898, 108.61 W, 95 %
2026/03/18 12:42:47.998, 108.66 W, 95 %
2026/03/18 12:42:48.098, 108.61 W, 95 %
2026/03/18 12:42:48.198, 108.60 W, 95 %
2026/03/18 12:42:48.298, 108.60 W, 95 %
2026/03/18 12:42:48.398, 108.64 W, 95 %
2026/03/18 12:42:48.498, 108.69 W, 95 %
2026/03/18 12:42:48.599, 108.64 W, 95 %
2026/03/18 12:42:48.699, 108.69 W, 95 %
2026/03/18 12:42:48.799, 108.63 W, 95 %
2026/03/18 12:42:48.899, 108.61 W, 95 %
2026/03/18 12:42:48.999, 108.57 W, 95 %
2026/03/18 12:42:49.099, 108.61 W, 95 %
2026/03/18 12:42:49.199, 108.63 W, 95 %
2026/03/18 12:42:49.300, 108.64 W, 95 %
2026/03/18 12:42:49.400, 108.55 W, 95 %
2026/03/18 12:42:49.500, 108.54 W, 95 %
2026/03/18 12:42:49.600, 108.49 W, 95 %
2026/03/18 12:42:49.700, 108.42 W, 95 %
2026/03/18 12:42:49.800, 108.40 W, 95 %
2026/03/18 12:42:49.900, 108.48 W, 95 %
2026/03/18 12:42:50.001, 108.48 W, 95 %
2026/03/18 12:42:50.101, 108.43 W, 95 %
2026/03/18 12:42:50.201, 108.41 W, 95 %
2026/03/18 12:42:50.301, 108.46 W, 95 %
2026/03/18 12:42:50.401, 108.50 W, 95 %
2026/03/18 12:42:50.501, 108.48 W, 95 %
2026/03/18 12:42:50.601, 108.57 W, 95 %
2026/03/18 12:42:50.702, 108.64 W, 95 %
2026/03/18 12:42:50.802, 108.67 W, 95 %
2026/03/18 12:42:50.902, 108.61 W, 95 %
2026/03/18 12:42:51.002, 108.61 W, 95 %
2026/03/18 12:42:51.102, 108.64 W, 95 %
2026/03/18 12:42:51.202, 108.67 W, 95 %
2026/03/18 12:42:51.302, 108.62 W, 95 %
2026/03/18 12:42:51.403, 108.69 W, 95 %
2026/03/18 12:42:51.503, 108.69 W, 95 %
2026/03/18 12:42:51.603, 108.63 W, 95 %
2026/03/18 12:42:51.703, 108.58 W, 95 %
2026/03/18 12:42:51.803, 108.56 W, 95 %
2026/03/18 12:42:51.903, 108.51 W, 95 %
2026/03/18 12:42:52.003, 108.56 W, 95 %
2026/03/18 12:42:52.104, 108.54 W, 95 %
2026/03/18 12:42:52.204, 108.51 W, 95 %
2026/03/18 12:42:52.304, 108.52 W, 95 %
2026/03/18 12:42:52.404, 108.49 W, 95 %
2026/03/18 12:42:52.504, 108.52 W, 95 %
2026/03/18 12:42:52.604, 108.49 W, 95 %
2026/03/18 12:42:52.704, 108.50 W, 95 %
2026/03/18 12:42:52.805, 108.57 W, 95 %
2026/03/18 12:42:52.905, 108.62 W, 95 %
2026/03/18 12:42:53.005, 108.62 W, 95 %
2026/03/18 12:42:53.105, 108.60 W, 95 %
2026/03/18 12:42:53.205, 108.57 W, 95 %
2026/03/18 12:42:53.305, 108.57 W, 95 %
2026/03/18 12:42:53.405, 108.62 W, 95 %
2026/03/18 12:42:53.506, 108.60 W, 95 %
2026/03/18 12:42:53.606, 108.67 W, 95 %
2026/03/18 12:42:53.706, 108.69 W, 95 %
2026/03/18 12:42:53.806, 108.58 W, 95 %
2026/03/18 12:42:53.906, 108.55 W, 95 %
2026/03/18 12:42:54.006, 108.51 W, 95 %
2026/03/18 12:42:54.106, 108.49 W, 95 %
2026/03/18 12:42:54.207, 108.48 W, 95 %
2026/03/18 12:42:54.307, 108.50 W, 95 %
2026/03/18 12:42:54.407, 108.44 W, 95 %
2026/03/18 12:42:54.507, 108.47 W, 95 %
2026/03/18 12:42:54.607, 108.47 W, 95 %
2026/03/18 12:42:54.707, 108.44 W, 95 %
2026/03/18 12:42:54.807, 108.49 W, 95 %
2026/03/18 12:42:54.908, 108.49 W, 95 %
2026/03/18 12:42:55.008, 108.52 W, 95 %
2026/03/18 12:42:55.108, 108.59 W, 95 %
2026/03/18 12:42:55.208, 108.63 W, 95 %
2026/03/18 12:42:55.308, 108.61 W, 95 %
2026/03/18 12:42:55.408, 108.65 W, 95 %
2026/03/18 12:42:55.508, 108.59 W, 95 %
2026/03/18 12:42:55.609, 108.56 W, 95 %
2026/03/18 12:42:55.709, 108.55 W, 95 %
2026/03/18 12:42:55.809, 108.52 W, 95 %
2026/03/18 12:42:55.909, 108.57 W, 95 %
2026/03/18 12:42:56.009, 108.60 W, 95 %
2026/03/18 12:42:56.109, 108.63 W, 95 %
2026/03/18 12:42:56.209, 108.61 W, 95 %
2026/03/18 12:42:56.310, 108.61 W, 95 %
2026/03/18 12:42:56.410, 108.57 W, 95 %
2026/03/18 12:42:56.510, 108.58 W, 95 %
2026/03/18 12:42:56.610, 108.63 W, 95 %
2026/03/18 12:42:56.710, 108.69 W, 95 %
2026/03/18 12:42:56.810, 108.74 W, 95 %
2026/03/18 12:42:56.910, 108.67 W, 95 %
2026/03/18 12:42:57.011, 108.65 W, 95 %
2026/03/18 12:42:57.111, 108.59 W, 95 %
2026/03/18 12:42:57.211, 108.56 W, 95 %
2026/03/18 12:42:57.311, 108.61 W, 95 %
2026/03/18 12:42:57.411, 108.62 W, 95 %
2026/03/18 12:42:57.511, 108.54 W, 95 %
2026/03/18 12:42:57.611, 108.51 W, 95 %
2026/03/18 12:42:57.712, 108.42 W, 95 %
2026/03/18 12:42:57.812, 108.37 W, 95 %
2026/03/18 12:42:57.912, 108.41 W, 95 %
2026/03/18 12:42:58.012, 108.39 W, 95 %
2026/03/18 12:42:58.112, 108.39 W, 95 %
2026/03/18 12:42:58.212, 108.41 W, 95 %
2026/03/18 12:42:58.312, 108.36 W, 95 %
2026/03/18 12:42:58.413, 108.36 W, 95 %
2026/03/18 12:42:58.513, 108.38 W, 95 %
2026/03/18 12:42:58.613, 108.44 W, 95 %
2026/03/18 12:42:58.713, 108.48 W, 95 %
2026/03/18 12:42:58.813, 108.48 W, 95 %
2026/03/18 12:42:58.913, 108.50 W, 95 %
2026/03/18 12:42:59.013, 108.46 W, 95 %
2026/03/18 12:42:59.114, 108.42 W, 95 %
2026/03/18 12:42:59.214, 108.45 W, 95 %
2026/03/18 12:42:59.314, 108.45 W, 95 %
2026/03/18 12:42:59.414, 108.40 W, 95 %
2026/03/18 12:42:59.514, 108.37 W, 95 %
2026/03/18 12:42:59.614, 108.33 W, 95 %
2026/03/18 12:42:59.714, 108.28 W, 95 %
2026/03/18 12:42:59.815, 108.28 W, 95 %
2026/03/18 12:42:59.915, 108.26 W, 95 %
2026/03/18 12:43:00.015, 108.26 W, 95 %
2026/03/18 12:43:00.115, 108.27 W, 95 %
2026/03/18 12:43:00.215, 108.26 W, 95 %
2026/03/18 12:43:00.315, 108.25 W, 95 %
2026/03/18 12:43:00.415, 108.24 W, 95 %
2026/03/18 12:43:00.516, 108.25 W, 95 %
2026/03/18 12:43:00.616, 108.31 W, 95 %
2026/03/18 12:43:00.716, 108.35 W, 95 %
2026/03/18 12:43:00.816, 108.41 W, 95 %
2026/03/18 12:43:00.916, 108.44 W, 95 %
2026/03/18 12:43:01.016, 108.48 W, 95 %
2026/03/18 12:43:01.116, 108.54 W, 95 %
2026/03/18 12:43:01.217, 108.57 W, 94 %
2026/03/18 12:43:01.317, 108.60 W, 94 %
2026/03/18 12:43:01.417, 108.66 W, 95 %
2026/03/18 12:43:01.517, 108.73 W, 95 %
2026/03/18 12:43:01.617, 108.70 W, 95 %
2026/03/18 12:43:01.717, 108.66 W, 95 %
2026/03/18 12:43:01.817, 108.63 W, 95 %
2026/03/18 12:43:01.918, 108.58 W, 95 %
2026/03/18 12:43:02.018, 108.59 W, 95 %
2026/03/18 12:43:02.118, 108.57 W, 95 %
2026/03/18 12:43:02.218, 108.54 W, 95 %
2026/03/18 12:43:02.318, 108.51 W, 95 %
2026/03/18 12:43:02.418, 108.43 W, 95 %
2026/03/18 12:43:02.518, 108.38 W, 95 %
2026/03/18 12:43:02.619, 108.38 W, 95 %
2026/03/18 12:43:02.719, 108.37 W, 95 %
2026/03/18 12:43:02.819, 108.40 W, 95 %
2026/03/18 12:43:02.919, 108.46 W, 95 %
2026/03/18 12:43:03.019, 108.41 W, 95 %
2026/03/18 12:43:03.119, 108.43 W, 95 %
2026/03/18 12:43:03.219, 108.44 W, 95 %
2026/03/18 12:43:03.320, 108.45 W, 95 %
2026/03/18 12:43:03.420, 108.51 W, 95 %
2026/03/18 12:43:03.520, 108.51 W, 95 %
2026/03/18 12:43:03.620, 108.49 W, 95 %
2026/03/18 12:43:03.720, 108.50 W, 95 %
2026/03/18 12:43:03.820, 108.45 W, 95 %
2026/03/18 12:43:03.920, 108.44 W, 95 %
2026/03/18 12:43:04.021, 108.48 W, 95 %
2026/03/18 12:43:04.121, 108.41 W, 95 %
2026/03/18 12:43:04.221, 108.43 W, 95 %
2026/03/18 12:43:04.321, 108.41 W, 95 %
2026/03/18 12:43:04.421, 108.39 W, 95 %
2026/03/18 12:43:04.521, 108.42 W, 95 %
2026/03/18 12:43:04.621, 108.43 W, 95 %
2026/03/18 12:43:04.722, 108.41 W, 95 %
2026/03/18 12:43:04.822, 108.48 W, 95 %
2026/03/18 12:43:04.922, 108.50 W, 95 %
2026/03/18 12:43:05.022, 108.51 W, 95 %
2026/03/18 12:43:05.122, 108.60 W, 95 %
2026/03/18 12:43:05.222, 108.63 W, 95 %
2026/03/18 12:43:05.322, 108.59 W, 95 %
2026/03/18 12:43:05.423, 108.62 W, 95 %
2026/03/18 12:43:05.523, 108.66 W, 95 %
2026/03/18 12:43:05.623, 108.69 W, 95 %
2026/03/18 12:43:05.723, 108.66 W, 95 %
2026/03/18 12:43:05.823, 108.62 W, 95 %
2026/03/18 12:43:05.923, 108.61 W, 95 %
2026/03/18 12:43:06.023, 108.55 W, 95 %
2026/03/18 12:43:06.124, 108.50 W, 95 %
2026/03/18 12:43:06.224, 108.48 W, 95 %
2026/03/18 12:43:06.324, 108.53 W, 95 %
2026/03/18 12:43:06.424, 108.46 W, 95 %
2026/03/18 12:43:06.524, 108.46 W, 95 %
2026/03/18 12:43:06.624, 108.44 W, 95 %
2026/03/18 12:43:06.725, 108.54 W, 95 %
2026/03/18 12:43:06.825, 108.56 W, 95 %
2026/03/18 12:43:06.925, 108.55 W, 95 %
2026/03/18 12:43:07.025, 108.55 W, 95 %
2026/03/18 12:43:07.125, 108.54 W, 95 %
2026/03/18 12:43:07.225, 108.56 W, 95 %
2026/03/18 12:43:07.325, 108.47 W, 95 %
2026/03/18 12:43:07.425, 108.56 W, 95 %
2026/03/18 12:43:07.526, 108.59 W, 95 %
2026/03/18 12:43:07.626, 108.62 W, 95 %
2026/03/18 12:43:07.726, 108.51 W, 95 %
2026/03/18 12:43:07.826, 108.47 W, 95 %
2026/03/18 12:43:07.926, 108.44 W, 95 %
2026/03/18 12:43:08.026, 108.47 W, 95 %
2026/03/18 12:43:08.126, 108.43 W, 95 %
2026/03/18 12:43:08.227, 108.40 W, 95 %
2026/03/18 12:43:08.327, 108.40 W, 95 %
2026/03/18 12:43:08.427, 108.40 W, 95 %
2026/03/18 12:43:08.527, 108.37 W, 95 %
2026/03/18 12:43:08.627, 108.39 W, 95 %
2026/03/18 12:43:08.727, 108.43 W, 95 %
2026/03/18 12:43:08.827, 108.48 W, 95 %
2026/03/18 12:43:08.928, 108.54 W, 95 %
2026/03/18 12:43:09.028, 108.50 W, 95 %
2026/03/18 12:43:09.128, 108.53 W, 95 %
2026/03/18 12:43:09.228, 108.56 W, 95 %
2026/03/18 12:43:09.328, 108.55 W, 95 %
2026/03/18 12:43:09.428, 108.55 W, 95 %
2026/03/18 12:43:09.528, 108.46 W, 95 %
2026/03/18 12:43:09.629, 108.47 W, 95 %
2026/03/18 12:43:09.729, 108.41 W, 95 %
2026/03/18 12:43:09.829, 108.37 W, 95 %
2026/03/18 12:43:09.929, 108.34 W, 95 %
2026/03/18 12:43:10.029, 108.35 W, 95 %
2026/03/18 12:43:10.129, 108.34 W, 95 %
2026/03/18 12:43:10.230, 108.32 W, 95 %
2026/03/18 12:43:10.330, 108.32 W, 95 %
2026/03/18 12:43:10.430, 108.31 W, 95 %
2026/03/18 12:43:10.530, 108.36 W, 95 %
2026/03/18 12:43:10.630, 108.41 W, 95 %
2026/03/18 12:43:10.730, 108.40 W, 95 %
2026/03/18 12:43:10.830, 108.37 W, 95 %
2026/03/18 12:43:10.931, 108.38 W, 95 %
2026/03/18 12:43:11.031, 108.29 W, 95 %
2026/03/18 12:43:11.131, 108.27 W, 95 %
2026/03/18 12:43:11.231, 108.27 W, 95 %
2026/03/18 12:43:11.331, 108.32 W, 95 %
2026/03/18 12:43:11.431, 108.37 W, 95 %
2026/03/18 12:43:11.531, 108.41 W, 95 %
2026/03/18 12:43:11.632, 108.37 W, 95 %
2026/03/18 12:43:11.732, 108.42 W, 95 %
2026/03/18 12:43:11.832, 108.42 W, 95 %
2026/03/18 12:43:11.932, 108.38 W, 95 %
2026/03/18 12:43:12.032, 108.41 W, 95 %
2026/03/18 12:43:12.132, 108.49 W, 95 %
2026/03/18 12:43:12.232, 108.48 W, 95 %
2026/03/18 12:43:12.333, 108.54 W, 95 %
2026/03/18 12:43:12.433, 108.54 W, 95 %
2026/03/18 12:43:12.533, 108.47 W, 95 %
2026/03/18 12:43:12.633, 108.47 W, 95 %
2026/03/18 12:43:12.733, 108.45 W, 95 %
2026/03/18 12:43:12.833, 108.47 W, 95 %
2026/03/18 12:43:12.934, 108.49 W, 95 %
2026/03/18 12:43:13.034, 108.49 W, 95 %
2026/03/18 12:43:13.134, 108.46 W, 95 %
2026/03/18 12:43:13.234, 108.45 W, 95 %
2026/03/18 12:43:13.334, 108.44 W, 95 %
2026/03/18 12:43:13.434, 108.48 W, 95 %
2026/03/18 12:43:13.534, 108.55 W, 95 %
2026/03/18 12:43:13.635, 108.51 W, 95 %
2026/03/18 12:43:13.735, 108.50 W, 95 %
2026/03/18 12:43:13.835, 108.50 W, 95 %
2026/03/18 12:43:13.935, 108.44 W, 95 %
2026/03/18 12:43:14.035, 108.44 W, 95 %
2026/03/18 12:43:14.135, 108.44 W, 95 %
2026/03/18 12:43:14.235, 108.46 W, 95 %
2026/03/18 12:43:14.336, 108.47 W, 95 %
2026/03/18 12:43:14.436, 108.47 W, 95 %
2026/03/18 12:43:14.536, 108.39 W, 95 %
2026/03/18 12:43:14.636, 108.41 W, 95 %
2026/03/18 12:43:14.736, 108.47 W, 95 %
2026/03/18 12:43:14.836, 108.48 W, 95 %
2026/03/18 12:43:14.936, 108.56 W, 95 %
2026/03/18 12:43:15.037, 108.60 W, 95 %
2026/03/18 12:43:15.137, 108.60 W, 95 %
2026/03/18 12:43:15.237, 108.64 W, 95 %
2026/03/18 12:43:15.337, 108.66 W, 95 %
2026/03/18 12:43:15.437, 108.57 W, 95 %
2026/03/18 12:43:15.537, 108.52 W, 95 %
2026/03/18 12:43:15.637, 108.63 W, 95 %
2026/03/18 12:43:15.738, 108.57 W, 95 %
2026/03/18 12:43:15.838, 108.59 W, 95 %
2026/03/18 12:43:15.938, 108.54 W, 95 %
2026/03/18 12:43:16.038, 108.54 W, 95 %
2026/03/18 12:43:16.138, 108.50 W, 95 %
2026/03/18 12:43:16.238, 108.43 W, 95 %
2026/03/18 12:43:16.338, 108.43 W, 95 %
2026/03/18 12:43:16.439, 108.43 W, 95 %
2026/03/18 12:43:16.539, 108.41 W, 95 %
2026/03/18 12:43:16.639, 108.39 W, 94 %
2026/03/18 12:43:16.739, 108.35 W, 94 %
2026/03/18 12:43:16.839, 108.32 W, 95 %
2026/03/18 12:43:16.939, 108.27 W, 95 %
2026/03/18 12:43:17.039, 108.30 W, 95 %
2026/03/18 12:43:17.140, 108.29 W, 95 %
2026/03/18 12:43:17.240, 108.31 W, 95 %
2026/03/18 12:43:17.340, 108.33 W, 95 %
2026/03/18 12:43:17.440, 108.31 W, 95 %
2026/03/18 12:43:17.540, 108.36 W, 95 %
2026/03/18 12:43:17.640, 108.39 W, 95 %
2026/03/18 12:43:17.740, 108.44 W, 95 %
2026/03/18 12:43:17.841, 108.46 W, 95 %
2026/03/18 12:43:17.941, 108.45 W, 95 %
2026/03/18 12:43:18.041, 108.49 W, 95 %
2026/03/18 12:43:18.141, 108.50 W, 95 %
2026/03/18 12:43:18.241, 108.51 W, 95 %
2026/03/18 12:43:18.341, 108.44 W, 95 %
2026/03/18 12:43:18.441, 108.45 W, 95 %
2026/03/18 12:43:18.542, 108.47 W, 95 %
2026/03/18 12:43:18.642, 108.41 W, 95 %
2026/03/18 12:43:18.742, 108.40 W, 95 %
2026/03/18 12:43:18.842, 108.47 W, 95 %
2026/03/18 12:43:18.942, 108.53 W, 95 %
2026/03/18 12:43:19.042, 108.50 W, 95 %
2026/03/18 12:43:19.142, 108.55 W, 95 %
2026/03/18 12:43:19.243, 108.54 W, 95 %
2026/03/18 12:43:19.343, 108.56 W, 95 %
2026/03/18 12:43:19.443, 108.58 W, 95 %
2026/03/18 12:43:19.543, 108.57 W, 95 %
2026/03/18 12:43:19.643, 108.65 W, 95 %
2026/03/18 12:43:19.743, 108.69 W, 95 %
2026/03/18 12:43:19.843, 108.62 W, 95 %
2026/03/18 12:43:19.944, 108.56 W, 95 %
2026/03/18 12:43:20.044, 108.53 W, 95 %
2026/03/18 12:43:20.144, 108.57 W, 95 %
2026/03/18 12:43:20.244, 108.58 W, 95 %
2026/03/18 12:43:20.344, 108.57 W, 95 %
2026/03/18 12:43:20.444, 108.52 W, 95 %
2026/03/18 12:43:20.544, 108.51 W, 95 %
2026/03/18 12:43:20.646, 108.50 W, 95 %
2026/03/18 12:43:20.746, 108.42 W, 95 %
2026/03/18 12:43:20.847, 108.46 W, 95 %
2026/03/18 12:43:20.947, 108.43 W, 95 %
2026/03/18 12:43:21.047, 108.48 W, 95 %
2026/03/18 12:43:21.147, 108.43 W, 95 %
2026/03/18 12:43:21.247, 108.41 W, 95 %
2026/03/18 12:43:21.347, 108.43 W, 95 %
2026/03/18 12:43:21.447, 108.49 W, 95 %
2026/03/18 12:43:21.548, 108.48 W, 95 %
2026/03/18 12:43:21.648, 108.45 W, 95 %
2026/03/18 12:43:21.748, 108.44 W, 95 %
2026/03/18 12:43:21.848, 108.41 W, 95 %
2026/03/18 12:43:21.948, 108.42 W, 95 %
2026/03/18 12:43:22.048, 108.38 W, 95 %
2026/03/18 12:43:22.148, 108.42 W, 95 %
2026/03/18 12:43:22.249, 108.47 W, 95 %
2026/03/18 12:43:22.349, 108.50 W, 95 %
2026/03/18 12:43:22.449, 108.44 W, 95 %
2026/03/18 12:43:22.549, 108.52 W, 95 %
2026/03/18 12:43:22.649, 108.52 W, 95 %
2026/03/18 12:43:22.749, 108.59 W, 95 %
2026/03/18 12:43:22.849, 108.61 W, 95 %
2026/03/18 12:43:22.950, 108.57 W, 95 %
2026/03/18 12:43:23.050, 108.55 W, 95 %
2026/03/18 12:43:23.150, 108.45 W, 95 %
2026/03/18 12:43:23.250, 108.43 W, 95 %
2026/03/18 12:43:23.350, 108.35 W, 95 %
2026/03/18 12:43:23.450, 108.35 W, 95 %
2026/03/18 12:43:23.550, 108.31 W, 95 %
2026/03/18 12:43:23.651, 108.25 W, 95 %
2026/03/18 12:43:23.751, 108.20 W, 95 %
2026/03/18 12:43:23.851, 108.22 W, 95 %
2026/03/18 12:43:23.951, 108.23 W, 95 %
2026/03/18 12:43:24.051, 108.22 W, 95 %
2026/03/18 12:43:24.151, 108.30 W, 95 %
2026/03/18 12:43:24.251, 108.25 W, 95 %
2026/03/18 12:43:24.352, 108.31 W, 95 %
2026/03/18 12:43:24.452, 108.39 W, 95 %
2026/03/18 12:43:24.552, 108.41 W, 95 %
2026/03/18 12:43:24.652, 108.48 W, 95 %
2026/03/18 12:43:24.752, 108.47 W, 95 %
2026/03/18 12:43:24.852, 108.43 W, 95 %
2026/03/18 12:43:24.952, 108.42 W, 95 %
2026/03/18 12:43:25.053, 108.40 W, 95 %
2026/03/18 12:43:25.153, 108.40 W, 95 %
2026/03/18 12:43:25.253, 108.41 W, 95 %
2026/03/18 12:43:25.353, 108.38 W, 95 %
2026/03/18 12:43:25.453, 108.30 W, 95 %
2026/03/18 12:43:25.553, 108.32 W, 95 %
2026/03/18 12:43:25.653, 108.28 W, 95 %
2026/03/18 12:43:25.754, 108.29 W, 95 %
2026/03/18 12:43:25.854, 108.26 W, 95 %
2026/03/18 12:43:25.954, 108.26 W, 95 %
2026/03/18 12:43:26.054, 108.28 W, 95 %
2026/03/18 12:43:26.154, 108.30 W, 95 %
2026/03/18 12:43:26.254, 108.34 W, 95 %
2026/03/18 12:43:26.354, 108.44 W, 95 %
2026/03/18 12:43:26.455, 108.48 W, 95 %
2026/03/18 12:43:26.555, 108.47 W, 95 %
2026/03/18 12:43:26.655, 108.47 W, 95 %
2026/03/18 12:43:26.755, 108.42 W, 95 %
2026/03/18 12:43:26.855, 108.41 W, 95 %
2026/03/18 12:43:26.955, 108.48 W, 95 %
2026/03/18 12:43:27.055, 108.49 W, 95 %
2026/03/18 12:43:27.156, 108.52 W, 95 %
2026/03/18 12:43:27.256, 108.51 W, 95 %
2026/03/18 12:43:27.356, 108.44 W, 95 %
2026/03/18 12:43:27.456, 108.42 W, 95 %
2026/03/18 12:43:27.556, 108.37 W, 95 %
2026/03/18 12:43:27.656, 108.35 W, 95 %
2026/03/18 12:43:27.756, 108.43 W, 95 %
2026/03/18 12:43:27.857, 108.49 W, 95 %
2026/03/18 12:43:27.957, 108.49 W, 95 %
2026/03/18 12:43:28.057, 108.47 W, 95 %
2026/03/18 12:43:28.157, 108.42 W, 95 %
2026/03/18 12:43:28.257, 108.43 W, 95 %
2026/03/18 12:43:28.357, 108.44 W, 95 %
2026/03/18 12:43:28.457, 108.45 W, 95 %
2026/03/18 12:43:28.558, 108.46 W, 95 %
2026/03/18 12:43:28.658, 108.54 W, 95 %
2026/03/18 12:43:28.758, 108.55 W, 95 %
2026/03/18 12:43:28.858, 108.48 W, 95 %
2026/03/18 12:43:28.958, 108.49 W, 95 %
2026/03/18 12:43:29.058, 108.51 W, 95 %
2026/03/18 12:43:29.158, 108.56 W, 95 %
2026/03/18 12:43:29.259, 108.54 W, 95 %
2026/03/18 12:43:29.359, 108.58 W, 95 %
2026/03/18 12:43:29.459, 108.61 W, 95 %
2026/03/18 12:43:29.559, 108.61 W, 95 %
2026/03/18 12:43:29.659, 108.55 W, 95 %
2026/03/18 12:43:29.759, 108.56 W, 95 %
2026/03/18 12:43:29.860, 108.50 W, 95 %
2026/03/18 12:43:29.960, 108.57 W, 95 %
2026/03/18 12:43:30.060, 108.54 W, 95 %
2026/03/18 12:43:30.160, 108.50 W, 95 %
2026/03/18 12:43:30.260, 108.51 W, 95 %
2026/03/18 12:43:30.360, 108.49 W, 95 %
2026/03/18 12:43:30.460, 108.47 W, 95 %
2026/03/18 12:43:30.561, 108.47 W, 95 %
2026/03/18 12:43:30.661, 108.49 W, 95 %
2026/03/18 12:43:30.761, 108.46 W, 95 %
2026/03/18 12:43:30.861, 108.47 W, 95 %
2026/03/18 12:43:30.961, 108.44 W, 95 %
2026/03/18 12:43:31.061, 108.39 W, 95 %
2026/03/18 12:43:31.161, 108.36 W, 95 %
2026/03/18 12:43:31.262, 108.28 W, 95 %
2026/03/18 12:43:31.362, 108.26 W, 95 %
2026/03/18 12:43:31.462, 108.22 W, 95 %
2026/03/18 12:43:31.562, 108.20 W, 95 %
2026/03/18 12:43:31.662, 108.18 W, 95 %
2026/03/18 12:43:31.762, 108.21 W, 95 %
2026/03/18 12:43:31.862, 108.25 W, 95 %
2026/03/18 12:43:31.963, 108.27 W, 95 %
2026/03/18 12:43:32.063, 108.28 W, 95 %
2026/03/18 12:43:32.163, 108.34 W, 95 %
2026/03/18 12:43:32.263, 108.38 W, 95 %
2026/03/18 12:43:32.363, 108.41 W, 95 %
2026/03/18 12:43:32.463, 108.44 W, 95 %
2026/03/18 12:43:32.563, 108.43 W, 95 %
2026/03/18 12:43:32.664, 108.44 W, 95 %
2026/03/18 12:43:32.764, 108.42 W, 95 %
2026/03/18 12:43:32.864, 108.42 W, 95 %
2026/03/18 12:43:32.964, 108.41 W, 95 %
2026/03/18 12:43:33.064, 108.43 W, 95 %
2026/03/18 12:43:33.164, 108.45 W, 95 %
2026/03/18 12:43:33.264, 108.46 W, 95 %
2026/03/18 12:43:33.365, 108.44 W, 95 %
2026/03/18 12:43:33.465, 108.47 W, 95 %
2026/03/18 12:43:33.565, 108.47 W, 95 %
2026/03/18 12:43:33.665, 108.45 W, 95 %
2026/03/18 12:43:33.765, 108.46 W, 95 %
2026/03/18 12:43:33.865, 108.46 W, 95 %
2026/03/18 12:43:33.965, 108.44 W, 95 %
2026/03/18 12:43:34.066, 108.42 W, 95 %
2026/03/18 12:43:34.166, 108.39 W, 95 %
2026/03/18 12:43:34.266, 108.40 W, 95 %
2026/03/18 12:43:34.366, 108.45 W, 95 %
2026/03/18 12:43:34.466, 108.42 W, 95 %
2026/03/18 12:43:34.566, 108.44 W, 95 %
2026/03/18 12:43:34.666, 108.43 W, 95 %
2026/03/18 12:43:34.767, 108.50 W, 95 %
2026/03/18 12:43:34.867, 108.52 W, 95 %
2026/03/18 12:43:34.967, 108.51 W, 95 %
2026/03/18 12:43:35.067, 108.49 W, 95 %
2026/03/18 12:43:35.167, 108.55 W, 95 %
2026/03/18 12:43:35.267, 108.57 W, 95 %
2026/03/18 12:43:35.367, 108.53 W, 95 %
2026/03/18 12:43:35.468, 108.55 W, 95 %
2026/03/18 12:43:35.568, 108.56 W, 95 %
2026/03/18 12:43:35.668, 108.59 W, 95 %
2026/03/18 12:43:35.768, 108.56 W, 95 %
2026/03/18 12:43:35.868, 108.58 W, 95 %
2026/03/18 12:43:35.968, 108.58 W, 95 %
2026/03/18 12:43:36.068, 108.61 W, 95 %
2026/03/18 12:43:36.169, 108.56 W, 95 %
2026/03/18 12:43:36.269, 108.51 W, 95 %
2026/03/18 12:43:36.369, 108.54 W, 95 %
2026/03/18 12:43:36.469, 108.51 W, 95 %
2026/03/18 12:43:36.569, 108.46 W, 95 %
2026/03/18 12:43:36.669, 108.48 W, 95 %
2026/03/18 12:43:36.769, 108.47 W, 95 %
2026/03/18 12:43:36.870, 108.40 W, 95 %
2026/03/18 12:43:36.970, 108.39 W, 95 %
2026/03/18 12:43:37.070, 108.39 W, 95 %
2026/03/18 12:43:37.170, 108.45 W, 95 %
2026/03/18 12:43:37.270, 108.42 W, 91 %
2026/03/18 12:43:37.370, 108.44 W, 91 %
2026/03/18 12:43:37.470, 108.42 W, 95 %
2026/03/18 12:43:37.571, 108.45 W, 95 %
2026/03/18 12:43:37.671, 108.44 W, 95 %
2026/03/18 12:43:37.771, 108.49 W, 95 %
2026/03/18 12:43:37.871, 108.52 W, 95 %
2026/03/18 12:43:37.971, 108.51 W, 95 %
2026/03/18 12:43:38.071, 108.52 W, 95 %
2026/03/18 12:43:38.171, 108.48 W, 95 %
2026/03/18 12:43:38.272, 108.47 W, 95 %
2026/03/18 12:43:38.372, 108.42 W, 95 %
2026/03/18 12:43:38.472, 108.49 W, 95 %
2026/03/18 12:43:38.572, 108.54 W, 95 %
2026/03/18 12:43:38.672, 108.60 W, 95 %
2026/03/18 12:43:38.772, 108.53 W, 95 %
2026/03/18 12:43:38.872, 108.50 W, 95 %
2026/03/18 12:43:38.973, 108.52 W, 95 %
2026/03/18 12:43:39.073, 108.51 W, 95 %
2026/03/18 12:43:39.173, 108.59 W, 95 %
2026/03/18 12:43:39.273, 108.65 W, 95 %
2026/03/18 12:43:39.373, 108.70 W, 95 %
2026/03/18 12:43:39.473, 108.66 W, 95 %
2026/03/18 12:43:39.573, 108.63 W, 95 %
2026/03/18 12:43:39.674, 108.56 W, 95 %
2026/03/18 12:43:39.774, 108.60 W, 95 %
2026/03/18 12:43:39.874, 108.60 W, 95 %
2026/03/18 12:43:39.974, 108.57 W, 95 %
2026/03/18 12:43:40.074, 108.61 W, 95 %
2026/03/18 12:43:40.174, 108.52 W, 95 %
2026/03/18 12:43:40.274, 108.48 W, 95 %
2026/03/18 12:43:40.375, 108.42 W, 95 %
2026/03/18 12:43:40.475, 108.39 W, 95 %
2026/03/18 12:43:40.575, 108.37 W, 95 %
2026/03/18 12:43:40.675, 108.39 W, 95 %
2026/03/18 12:43:40.775, 108.36 W, 95 %
2026/03/18 12:43:40.875, 108.40 W, 95 %
2026/03/18 12:43:40.975, 108.44 W, 95 %
2026/03/18 12:43:41.076, 108.44 W, 95 %
2026/03/18 12:43:41.176, 108.40 W, 95 %
2026/03/18 12:43:41.276, 108.45 W, 95 %
2026/03/18 12:43:41.376, 108.47 W, 95 %
2026/03/18 12:43:41.476, 108.50 W, 95 %
2026/03/18 12:43:41.576, 108.58 W, 95 %
2026/03/18 12:43:41.676, 108.62 W, 95 %
2026/03/18 12:43:41.777, 108.63 W, 95 %
2026/03/18 12:43:41.877, 108.62 W, 95 %
2026/03/18 12:43:41.977, 108.59 W, 95 %
2026/03/18 12:43:42.077, 108.56 W, 95 %
2026/03/18 12:43:42.177, 108.58 W, 95 %
2026/03/18 12:43:42.277, 108.55 W, 95 %
2026/03/18 12:43:42.377, 108.53 W, 95 %
2026/03/18 12:43:42.478, 108.49 W, 94 %
2026/03/18 12:43:42.578, 108.41 W, 94 %
2026/03/18 12:43:42.678, 108.29 W, 95 %
2026/03/18 12:43:42.778, 108.28 W, 95 %
2026/03/18 12:43:42.878, 108.30 W, 95 %
2026/03/18 12:43:42.978, 108.38 W, 95 %
2026/03/18 12:43:43.078, 108.45 W, 95 %
2026/03/18 12:43:43.179, 108.44 W, 95 %
2026/03/18 12:43:43.279, 108.44 W, 95 %
2026/03/18 12:43:43.379, 108.46 W, 95 %
2026/03/18 12:43:43.479, 108.49 W, 95 %
2026/03/18 12:43:43.579, 108.51 W, 95 %
2026/03/18 12:43:43.679, 108.54 W, 95 %
2026/03/18 12:43:43.779, 108.56 W, 95 %
2026/03/18 12:43:43.880, 108.53 W, 95 %
2026/03/18 12:43:43.980, 108.49 W, 95 %
2026/03/18 12:43:44.080, 108.45 W, 95 %
2026/03/18 12:43:44.180, 108.44 W, 95 %
2026/03/18 12:43:44.280, 108.42 W, 95 %
2026/03/18 12:43:44.380, 108.41 W, 95 %
2026/03/18 12:43:44.480, 108.42 W, 95 %
2026/03/18 12:43:44.581, 108.37 W, 95 %
2026/03/18 12:43:44.681, 108.47 W, 95 %
2026/03/18 12:43:44.781, 108.45 W, 95 %
2026/03/18 12:43:44.881, 108.41 W, 95 %
2026/03/18 12:43:44.981, 108.49 W, 95 %
2026/03/18 12:43:45.081, 108.48 W, 95 %
2026/03/18 12:43:45.182, 108.51 W, 95 %
2026/03/18 12:43:45.282, 108.49 W, 95 %
2026/03/18 12:43:45.382, 108.49 W, 95 %
2026/03/18 12:43:45.482, 108.51 W, 95 %
2026/03/18 12:43:45.582, 108.56 W, 95 %
2026/03/18 12:43:45.682, 108.54 W, 95 %
2026/03/18 12:43:45.782, 108.57 W, 95 %
2026/03/18 12:43:45.883, 108.62 W, 95 %
2026/03/18 12:43:45.983, 108.56 W, 95 %
2026/03/18 12:43:46.083, 108.60 W, 95 %
2026/03/18 12:43:46.183, 108.55 W, 95 %
2026/03/18 12:43:46.283, 108.55 W, 95 %
2026/03/18 12:43:46.383, 108.52 W, 95 %
2026/03/18 12:43:46.483, 108.55 W, 95 %
2026/03/18 12:43:46.584, 108.52 W, 95 %
2026/03/18 12:43:46.684, 108.48 W, 95 %
2026/03/18 12:43:46.784, 108.47 W, 95 %
2026/03/18 12:43:46.884, 108.43 W, 95 %
2026/03/18 12:43:46.984, 108.44 W, 95 %
2026/03/18 12:43:47.084, 108.44 W, 95 %
2026/03/18 12:43:47.184, 108.47 W, 95 %
2026/03/18 12:43:47.284, 108.46 W, 95 %
2026/03/18 12:43:47.385, 108.47 W, 95 %
2026/03/18 12:43:47.485, 108.42 W, 95 %
2026/03/18 12:43:47.585, 108.45 W, 95 %
2026/03/18 12:43:47.685, 108.45 W, 95 %
2026/03/18 12:43:47.785, 108.46 W, 95 %
2026/03/18 12:43:47.885, 108.52 W, 95 %
2026/03/18 12:43:47.985, 108.49 W, 95 %
2026/03/18 12:43:48.086, 108.52 W, 95 %
2026/03/18 12:43:48.186, 108.45 W, 95 %
2026/03/18 12:43:48.286, 108.45 W, 95 %
2026/03/18 12:43:48.386, 108.49 W, 95 %
2026/03/18 12:43:48.486, 108.52 W, 95 %
2026/03/18 12:43:48.586, 108.51 W, 95 %
2026/03/18 12:43:48.687, 108.57 W, 95 %
2026/03/18 12:43:48.787, 108.55 W, 95 %
2026/03/18 12:43:48.887, 108.55 W, 95 %
2026/03/18 12:43:48.987, 108.59 W, 95 %
2026/03/18 12:43:49.087, 108.56 W, 95 %
2026/03/18 12:43:49.187, 108.51 W, 95 %
2026/03/18 12:43:49.287, 108.54 W, 95 %
2026/03/18 12:43:49.388, 108.54 W, 95 %
2026/03/18 12:43:49.488, 108.55 W, 95 %
2026/03/18 12:43:49.588, 108.61 W, 95 %
2026/03/18 12:43:49.688, 108.60 W, 95 %
2026/03/18 12:43:49.788, 108.59 W, 95 %
2026/03/18 12:43:49.888, 108.57 W, 95 %
2026/03/18 12:43:49.988, 108.61 W, 95 %
2026/03/18 12:43:50.089, 108.57 W, 95 %
2026/03/18 12:43:50.189, 108.61 W, 95 %
2026/03/18 12:43:50.289, 108.65 W, 95 %
2026/03/18 12:43:50.389, 108.64 W, 95 %
2026/03/18 12:43:50.489, 108.59 W, 95 %
2026/03/18 12:43:50.589, 108.51 W, 95 %
2026/03/18 12:43:50.689, 108.47 W, 95 %
2026/03/18 12:43:50.790, 108.46 W, 95 %
2026/03/18 12:43:50.890, 108.44 W, 95 %
2026/03/18 12:43:50.990, 108.34 W, 95 %
2026/03/18 12:43:51.090, 108.37 W, 95 %
2026/03/18 12:43:51.190, 108.34 W, 95 %
2026/03/18 12:43:51.290, 108.35 W, 95 %
2026/03/18 12:43:51.390, 108.36 W, 95 %
2026/03/18 12:43:51.491, 108.35 W, 95 %
2026/03/18 12:43:51.591, 108.38 W, 95 %
2026/03/18 12:43:51.691, 108.33 W, 95 %
2026/03/18 12:43:51.791, 108.33 W, 95 %
2026/03/18 12:43:51.891, 108.34 W, 95 %
2026/03/18 12:43:51.991, 108.36 W, 95 %
2026/03/18 12:43:52.091, 108.36 W, 95 %
2026/03/18 12:43:52.192, 108.31 W, 95 %
2026/03/18 12:43:52.292, 108.25 W, 95 %
2026/03/18 12:43:52.392, 108.26 W, 95 %
2026/03/18 12:43:52.492, 108.30 W, 95 %
2026/03/18 12:43:52.592, 108.32 W, 95 %
2026/03/18 12:43:52.692, 108.35 W, 95 %
2026/03/18 12:43:52.792, 108.36 W, 95 %
2026/03/18 12:43:52.893, 108.35 W, 95 %
2026/03/18 12:43:52.993, 108.35 W, 95 %
2026/03/18 12:43:53.093, 108.39 W, 95 %
2026/03/18 12:43:53.193, 108.42 W, 95 %
2026/03/18 12:43:53.293, 108.43 W, 95 %
2026/03/18 12:43:53.393, 108.46 W, 95 %
2026/03/18 12:43:53.493, 108.45 W, 95 %
2026/03/18 12:43:53.594, 108.43 W, 95 %
2026/03/18 12:43:53.694, 108.41 W, 95 %
2026/03/18 12:43:53.794, 108.43 W, 95 %
2026/03/18 12:43:53.894, 108.41 W, 95 %
2026/03/18 12:43:53.994, 108.43 W, 95 %
2026/03/18 12:43:54.094, 108.40 W, 95 %
2026/03/18 12:43:54.194, 108.46 W, 95 %
2026/03/18 12:43:54.295, 108.45 W, 95 %
2026/03/18 12:43:54.395, 108.42 W, 95 %
2026/03/18 12:43:54.495, 108.42 W, 95 %
2026/03/18 12:43:54.595, 108.46 W, 95 %
2026/03/18 12:43:54.695, 108.45 W, 95 %
2026/03/18 12:43:54.795, 108.46 W, 95 %
2026/03/18 12:43:54.895, 108.53 W, 95 %
2026/03/18 12:43:54.996, 108.53 W, 95 %
2026/03/18 12:43:55.096, 108.54 W, 95 %
2026/03/18 12:43:55.196, 108.52 W, 95 %
2026/03/18 12:43:55.296, 108.52 W, 95 %
2026/03/18 12:43:55.396, 108.58 W, 95 %
2026/03/18 12:43:55.496, 108.57 W, 95 %
2026/03/18 12:43:55.596, 108.49 W, 95 %
2026/03/18 12:43:55.697, 108.54 W, 95 %
2026/03/18 12:43:55.797, 108.53 W, 95 %
2026/03/18 12:43:55.897, 108.54 W, 95 %
2026/03/18 12:43:55.997, 108.55 W, 95 %
2026/03/18 12:43:56.097, 108.51 W, 95 %
2026/03/18 12:43:56.197, 108.50 W, 95 %
2026/03/18 12:43:56.297, 108.52 W, 95 %
2026/03/18 12:43:56.398, 108.43 W, 95 %
2026/03/18 12:43:56.498, 108.44 W, 95 %
2026/03/18 12:43:56.598, 108.47 W, 95 %
2026/03/18 12:43:56.698, 108.41 W, 95 %
2026/03/18 12:43:56.798, 108.34 W, 95 %
2026/03/18 12:43:56.898, 108.29 W, 95 %
2026/03/18 12:43:56.998, 108.29 W, 95 %
2026/03/18 12:43:57.099, 108.31 W, 95 %
2026/03/18 12:43:57.199, 108.34 W, 95 %
2026/03/18 12:43:57.299, 108.32 W, 95 %
2026/03/18 12:43:57.399, 108.38 W, 95 %
2026/03/18 12:43:57.499, 108.40 W, 95 %
2026/03/18 12:43:57.599, 108.43 W, 95 %
2026/03/18 12:43:57.699, 108.48 W, 95 %
2026/03/18 12:43:57.800, 108.48 W, 95 %
2026/03/18 12:43:57.900, 108.45 W, 95 %
2026/03/18 12:43:58.000, 108.51 W, 95 %
2026/03/18 12:43:58.100, 108.50 W, 95 %
2026/03/18 12:43:58.200, 108.42 W, 95 %
2026/03/18 12:43:58.300, 108.51 W, 95 %
2026/03/18 12:43:58.400, 108.51 W, 95 %
2026/03/18 12:43:58.501, 108.43 W, 95 %
2026/03/18 12:43:58.601, 108.46 W, 95 %
2026/03/18 12:43:58.701, 108.45 W, 95 %
2026/03/18 12:43:58.801, 108.46 W, 95 %
2026/03/18 12:43:58.901, 108.56 W, 95 %
2026/03/18 12:43:59.001, 108.52 W, 95 %
2026/03/18 12:43:59.101, 108.60 W, 95 %
2026/03/18 12:43:59.202, 108.65 W, 95 %
2026/03/18 12:43:59.302, 108.52 W, 95 %
2026/03/18 12:43:59.402, 108.48 W, 95 %
2026/03/18 12:43:59.502, 108.48 W, 95 %
2026/03/18 12:43:59.602, 108.44 W, 95 %
2026/03/18 12:43:59.702, 108.43 W, 95 %
2026/03/18 12:43:59.802, 108.41 W, 95 %
2026/03/18 12:43:59.903, 108.36 W, 95 %
2026/03/18 12:44:00.003, 108.39 W, 95 %
2026/03/18 12:44:00.103, 108.39 W, 95 %
2026/03/18 12:44:00.203, 108.38 W, 95 %
2026/03/18 12:44:00.303, 108.39 W, 95 %
2026/03/18 12:44:00.403, 108.46 W, 95 %
2026/03/18 12:44:00.503, 108.52 W, 95 %
2026/03/18 12:44:00.604, 108.49 W, 95 %
2026/03/18 12:44:00.704, 108.45 W, 95 %
2026/03/18 12:44:00.804, 108.43 W, 95 %
2026/03/18 12:44:00.904, 108.45 W, 95 %
2026/03/18 12:44:01.004, 108.37 W, 95 %
2026/03/18 12:44:01.104, 108.35 W, 95 %
2026/03/18 12:44:01.204, 108.36 W, 95 %
2026/03/18 12:44:01.305, 108.41 W, 95 %
2026/03/18 12:44:01.405, 108.42 W, 95 %
2026/03/18 12:44:01.505, 108.44 W, 95 %
2026/03/18 12:44:01.606, 108.43 W, 95 %
2026/03/18 12:44:01.706, 108.47 W, 95 %
2026/03/18 12:44:01.806, 108.44 W, 95 %
2026/03/18 12:44:01.907, 108.39 W, 95 %
2026/03/18 12:44:02.007, 108.40 W, 95 %
2026/03/18 12:44:02.107, 108.43 W, 95 %
2026/03/18 12:44:02.207, 108.42 W, 95 %
2026/03/18 12:44:02.307, 108.37 W, 95 %
2026/03/18 12:44:02.407, 108.35 W, 95 %
2026/03/18 12:44:02.508, 108.39 W, 95 %
2026/03/18 12:44:02.608, 108.41 W, 95 %
2026/03/18 12:44:02.708, 108.47 W, 95 %
2026/03/18 12:44:02.808, 108.54 W, 95 %
2026/03/18 12:44:02.908, 108.65 W, 95 %
2026/03/18 12:44:03.008, 108.66 W, 95 %
2026/03/18 12:44:03.108, 108.63 W, 95 %
2026/03/18 12:44:03.209, 108.63 W, 95 %
2026/03/18 12:44:03.309, 108.66 W, 95 %
2026/03/18 12:44:03.409, 108.64 W, 95 %
2026/03/18 12:44:03.509, 108.56 W, 95 %
2026/03/18 12:44:03.609, 108.49 W, 95 %
2026/03/18 12:44:03.709, 108.47 W, 95 %
2026/03/18 12:44:03.809, 108.46 W, 95 %
2026/03/18 12:44:03.910, 108.41 W, 95 %
2026/03/18 12:44:04.010, 108.41 W, 95 %
2026/03/18 12:44:04.110, 108.45 W, 95 %
2026/03/18 12:44:04.210, 108.46 W, 95 %
2026/03/18 12:44:04.310, 108.49 W, 95 %
2026/03/18 12:44:04.410, 108.47 W, 95 %
2026/03/18 12:44:04.510, 108.47 W, 95 %
2026/03/18 12:44:04.611, 108.49 W, 95 %
2026/03/18 12:44:04.711, 108.53 W, 95 %
2026/03/18 12:44:04.811, 108.47 W, 95 %
2026/03/18 12:44:04.911, 108.45 W, 95 %
2026/03/18 12:44:05.011, 108.50 W, 95 %
2026/03/18 12:44:05.111, 108.54 W, 95 %
2026/03/18 12:44:05.211, 108.52 W, 95 %
2026/03/18 12:44:05.312, 108.43 W, 95 %
2026/03/18 12:44:05.412, 108.45 W, 95 %
2026/03/18 12:44:05.512, 108.51 W, 95 %
2026/03/18 12:44:05.612, 108.50 W, 95 %
2026/03/18 12:44:05.712, 108.50 W, 95 %
2026/03/18 12:44:05.812, 108.53 W, 95 %
2026/03/18 12:44:05.912, 108.50 W, 95 %
2026/03/18 12:44:06.013, 108.52 W, 95 %
2026/03/18 12:44:06.113, 108.52 W, 95 %
2026/03/18 12:44:06.213, 108.55 W, 95 %
2026/03/18 12:44:06.313, 108.54 W, 95 %
2026/03/18 12:44:06.413, 108.48 W, 95 %
2026/03/18 12:44:06.513, 108.44 W, 95 %
2026/03/18 12:44:06.613, 108.46 W, 95 %
2026/03/18 12:44:06.714, 108.44 W, 95 %
2026/03/18 12:44:06.814, 108.43 W, 95 %
2026/03/18 12:44:06.914, 108.46 W, 94 %
2026/03/18 12:44:07.014, 108.37 W, 94 %
2026/03/18 12:44:07.114, 108.33 W, 95 %
2026/03/18 12:44:07.214, 108.34 W, 95 %
2026/03/18 12:44:07.314, 108.48 W, 95 %
2026/03/18 12:44:07.415, 108.56 W, 95 %
2026/03/18 12:44:07.515, 108.51 W, 95 %
2026/03/18 12:44:07.615, 108.50 W, 95 %
2026/03/18 12:44:07.715, 108.51 W, 95 %
2026/03/18 12:44:07.815, 108.51 W, 95 %
2026/03/18 12:44:07.915, 108.50 W, 95 %
2026/03/18 12:44:08.015, 108.52 W, 95 %
2026/03/18 12:44:08.116, 108.57 W, 95 %
2026/03/18 12:44:08.216, 108.49 W, 95 %
2026/03/18 12:44:08.316, 108.42 W, 95 %
2026/03/18 12:44:08.416, 108.35 W, 95 %
2026/03/18 12:44:08.516, 108.39 W, 95 %
2026/03/18 12:44:08.616, 108.36 W, 95 %
2026/03/18 12:44:08.716, 108.36 W, 95 %
2026/03/18 12:44:08.817, 108.37 W, 95 %
2026/03/18 12:44:08.917, 108.41 W, 95 %
2026/03/18 12:44:09.017, 108.38 W, 95 %
2026/03/18 12:44:09.117, 108.34 W, 95 %
2026/03/18 12:44:09.217, 108.39 W, 95 %
2026/03/18 12:44:09.317, 108.42 W, 95 %
2026/03/18 12:44:09.418, 108.31 W, 95 %
2026/03/18 12:44:09.518, 108.28 W, 95 %
2026/03/18 12:44:09.618, 108.31 W, 95 %
2026/03/18 12:44:09.718, 108.28 W, 95 %
2026/03/18 12:44:09.818, 108.23 W, 95 %
2026/03/18 12:44:09.918, 108.17 W, 95 %
2026/03/18 12:44:10.018, 108.17 W, 95 %
2026/03/18 12:44:10.119, 108.20 W, 95 %
2026/03/18 12:44:10.219, 108.14 W, 95 %
2026/03/18 12:44:10.319, 108.16 W, 95 %
2026/03/18 12:44:10.419, 108.25 W, 95 %
2026/03/18 12:44:10.519, 108.26 W, 95 %
2026/03/18 12:44:10.619, 108.23 W, 95 %
2026/03/18 12:44:10.719, 108.26 W, 95 %
2026/03/18 12:44:10.820, 108.29 W, 95 %
2026/03/18 12:44:10.920, 108.33 W, 95 %
2026/03/18 12:44:11.020, 108.36 W, 95 %
2026/03/18 12:44:11.120, 108.39 W, 95 %
2026/03/18 12:44:11.220, 108.43 W, 95 %
2026/03/18 12:44:11.320, 108.35 W, 95 %
2026/03/18 12:44:11.420, 108.38 W, 95 %
2026/03/18 12:44:11.521, 108.33 W, 95 %
2026/03/18 12:44:11.621, 108.35 W, 95 %
2026/03/18 12:44:11.721, 108.36 W, 95 %
2026/03/18 12:44:11.821, 108.39 W, 95 %
2026/03/18 12:44:11.921, 108.40 W, 95 %
2026/03/18 12:44:12.021, 108.38 W, 95 %
