timestamp, power.draw [W], utilization.gpu [%]
2026/03/20 08:32:29.582, 86.11 W, 13 %
2026/03/20 08:32:29.683, 84.06 W, 3 %
2026/03/20 08:32:29.783, 80.52 W, 3 %
2026/03/20 08:32:29.884, 78.70 W, 0 %
2026/03/20 08:32:29.984, 77.09 W, 0 %
2026/03/20 08:32:30.084, 75.11 W, 0 %
2026/03/20 08:32:30.184, 73.23 W, 0 %
2026/03/20 08:32:30.284, 71.24 W, 12 %
2026/03/20 08:32:30.384, 72.64 W, 12 %
2026/03/20 08:32:30.484, 74.46 W, 95 %
2026/03/20 08:32:30.585, 76.11 W, 95 %
2026/03/20 08:32:30.685, 77.74 W, 95 %
2026/03/20 08:32:30.785, 79.81 W, 95 %
2026/03/20 08:32:30.885, 81.69 W, 95 %
2026/03/20 08:32:30.985, 83.48 W, 95 %
2026/03/20 08:32:31.085, 85.29 W, 95 %
2026/03/20 08:32:31.185, 86.95 W, 95 %
2026/03/20 08:32:31.286, 88.98 W, 95 %
2026/03/20 08:32:31.386, 89.14 W, 95 %
2026/03/20 08:32:31.486, 89.07 W, 95 %
2026/03/20 08:32:31.586, 89.07 W, 95 %
2026/03/20 08:32:31.686, 89.23 W, 95 %
2026/03/20 08:32:31.786, 89.24 W, 95 %
2026/03/20 08:32:31.886, 89.20 W, 89 %
2026/03/20 08:32:31.987, 89.04 W, 89 %
2026/03/20 08:32:32.087, 89.14 W, 95 %
2026/03/20 08:32:32.187, 89.14 W, 95 %
2026/03/20 08:32:32.287, 89.18 W, 95 %
2026/03/20 08:32:32.387, 89.08 W, 95 %
2026/03/20 08:32:32.487, 88.92 W, 95 %
2026/03/20 08:32:32.587, 89.05 W, 95 %
2026/03/20 08:32:32.688, 89.01 W, 95 %
2026/03/20 08:32:32.788, 88.98 W, 95 %
2026/03/20 08:32:32.888, 88.90 W, 95 %
2026/03/20 08:32:32.988, 89.14 W, 95 %
2026/03/20 08:32:33.088, 89.17 W, 95 %
2026/03/20 08:32:33.188, 89.16 W, 95 %
2026/03/20 08:32:33.288, 89.00 W, 95 %
2026/03/20 08:32:33.388, 88.98 W, 95 %
2026/03/20 08:32:33.489, 89.25 W, 95 %
2026/03/20 08:32:33.589, 89.25 W, 95 %
2026/03/20 08:32:33.689, 89.24 W, 95 %
2026/03/20 08:32:33.789, 89.12 W, 95 %
2026/03/20 08:32:33.889, 89.25 W, 95 %
2026/03/20 08:32:33.989, 89.23 W, 95 %
2026/03/20 08:32:34.089, 89.09 W, 95 %
2026/03/20 08:32:34.190, 88.95 W, 95 %
2026/03/20 08:32:34.290, 89.06 W, 95 %
2026/03/20 08:32:34.390, 89.11 W, 95 %
2026/03/20 08:32:34.490, 89.09 W, 95 %
2026/03/20 08:32:34.590, 88.91 W, 95 %
2026/03/20 08:32:34.690, 88.78 W, 95 %
2026/03/20 08:32:34.790, 88.96 W, 95 %
2026/03/20 08:32:34.891, 88.97 W, 94 %
2026/03/20 08:32:34.991, 88.91 W, 94 %
2026/03/20 08:32:35.091, 88.85 W, 95 %
2026/03/20 08:32:35.191, 88.96 W, 95 %
2026/03/20 08:32:35.291, 89.01 W, 95 %
2026/03/20 08:32:35.391, 89.01 W, 95 %
2026/03/20 08:32:35.491, 88.97 W, 95 %
2026/03/20 08:32:35.591, 89.07 W, 95 %
2026/03/20 08:32:35.692, 89.32 W, 95 %
2026/03/20 08:32:35.792, 89.40 W, 95 %
2026/03/20 08:32:35.892, 89.33 W, 95 %
2026/03/20 08:32:35.992, 89.38 W, 95 %
2026/03/20 08:32:36.092, 89.47 W, 95 %
2026/03/20 08:32:36.192, 89.60 W, 95 %
2026/03/20 08:32:36.292, 89.50 W, 95 %
2026/03/20 08:32:36.393, 89.43 W, 95 %
2026/03/20 08:32:36.493, 89.37 W, 95 %
2026/03/20 08:32:36.593, 89.43 W, 95 %
2026/03/20 08:32:36.693, 89.44 W, 95 %
2026/03/20 08:32:36.793, 89.28 W, 95 %
2026/03/20 08:32:36.893, 89.20 W, 95 %
2026/03/20 08:32:36.993, 89.17 W, 95 %
2026/03/20 08:32:37.094, 89.19 W, 95 %
2026/03/20 08:32:37.194, 89.12 W, 95 %
2026/03/20 08:32:37.294, 89.13 W, 95 %
2026/03/20 08:32:37.394, 89.21 W, 95 %
2026/03/20 08:32:37.494, 89.23 W, 95 %
2026/03/20 08:32:37.594, 89.30 W, 95 %
2026/03/20 08:32:37.694, 89.14 W, 95 %
2026/03/20 08:32:37.794, 89.15 W, 95 %
2026/03/20 08:32:37.895, 89.17 W, 94 %
2026/03/20 08:32:37.995, 89.30 W, 94 %
2026/03/20 08:32:38.095, 89.20 W, 95 %
2026/03/20 08:32:38.195, 89.08 W, 95 %
2026/03/20 08:32:38.295, 89.02 W, 95 %
2026/03/20 08:32:38.395, 89.01 W, 95 %
2026/03/20 08:32:38.495, 89.08 W, 95 %
2026/03/20 08:32:38.596, 88.93 W, 95 %
2026/03/20 08:32:38.696, 88.88 W, 95 %
2026/03/20 08:32:38.796, 88.97 W, 95 %
2026/03/20 08:32:38.896, 89.07 W, 95 %
2026/03/20 08:32:38.996, 88.99 W, 95 %
2026/03/20 08:32:39.096, 89.01 W, 95 %
2026/03/20 08:32:39.196, 89.19 W, 95 %
2026/03/20 08:32:39.297, 89.34 W, 95 %
2026/03/20 08:32:39.397, 89.35 W, 95 %
2026/03/20 08:32:39.497, 89.17 W, 93 %
2026/03/20 08:32:39.597, 89.32 W, 93 %
2026/03/20 08:32:39.697, 89.37 W, 95 %
2026/03/20 08:32:39.797, 89.48 W, 95 %
2026/03/20 08:32:39.897, 89.45 W, 95 %
2026/03/20 08:32:39.998, 89.38 W, 95 %
2026/03/20 08:32:40.098, 89.36 W, 93 %
2026/03/20 08:32:40.198, 89.39 W, 93 %
2026/03/20 08:32:40.298, 89.40 W, 95 %
2026/03/20 08:32:40.398, 89.28 W, 95 %
2026/03/20 08:32:40.498, 89.35 W, 95 %
2026/03/20 08:32:40.598, 89.21 W, 95 %
2026/03/20 08:32:40.698, 89.29 W, 95 %
2026/03/20 08:32:40.799, 89.09 W, 95 %
2026/03/20 08:32:40.899, 89.01 W, 95 %
2026/03/20 08:32:40.999, 89.11 W, 95 %
2026/03/20 08:32:41.099, 89.24 W, 95 %
2026/03/20 08:32:41.199, 89.19 W, 95 %
2026/03/20 08:32:41.299, 89.09 W, 95 %
2026/03/20 08:32:41.399, 89.20 W, 95 %
2026/03/20 08:32:41.500, 89.39 W, 95 %
2026/03/20 08:32:41.600, 89.50 W, 95 %
2026/03/20 08:32:41.700, 89.30 W, 95 %
2026/03/20 08:32:41.800, 89.33 W, 95 %
2026/03/20 08:32:41.900, 89.40 W, 95 %
2026/03/20 08:32:42.000, 89.47 W, 95 %
2026/03/20 08:32:42.100, 89.42 W, 95 %
2026/03/20 08:32:42.201, 89.31 W, 95 %
2026/03/20 08:32:42.301, 89.28 W, 95 %
2026/03/20 08:32:42.401, 89.25 W, 95 %
2026/03/20 08:32:42.501, 89.24 W, 95 %
2026/03/20 08:32:42.601, 89.05 W, 95 %
2026/03/20 08:32:42.701, 89.22 W, 95 %
2026/03/20 08:32:42.801, 89.34 W, 95 %
2026/03/20 08:32:42.901, 89.37 W, 95 %
2026/03/20 08:32:43.002, 89.25 W, 95 %
2026/03/20 08:32:43.102, 89.12 W, 95 %
2026/03/20 08:32:43.202, 89.06 W, 95 %
2026/03/20 08:32:43.302, 89.16 W, 95 %
2026/03/20 08:32:43.402, 89.23 W, 95 %
2026/03/20 08:32:43.502, 89.05 W, 95 %
2026/03/20 08:32:43.602, 89.15 W, 95 %
2026/03/20 08:32:43.703, 89.30 W, 95 %
2026/03/20 08:32:43.803, 89.31 W, 95 %
2026/03/20 08:32:43.903, 89.18 W, 94 %
2026/03/20 08:32:44.003, 89.11 W, 94 %
2026/03/20 08:32:44.103, 89.16 W, 95 %
2026/03/20 08:32:44.203, 89.23 W, 95 %
2026/03/20 08:32:44.303, 89.16 W, 95 %
2026/03/20 08:32:44.403, 89.09 W, 95 %
2026/03/20 08:32:44.504, 89.23 W, 95 %
2026/03/20 08:32:44.604, 89.15 W, 95 %
2026/03/20 08:32:44.704, 89.13 W, 95 %
2026/03/20 08:32:44.804, 88.91 W, 95 %
2026/03/20 08:32:44.904, 88.97 W, 95 %
2026/03/20 08:32:45.004, 89.04 W, 95 %
2026/03/20 08:32:45.104, 89.13 W, 95 %
2026/03/20 08:32:45.205, 89.11 W, 95 %
2026/03/20 08:32:45.305, 89.06 W, 95 %
2026/03/20 08:32:45.405, 89.04 W, 95 %
2026/03/20 08:32:45.505, 89.09 W, 95 %
2026/03/20 08:32:45.605, 89.23 W, 95 %
2026/03/20 08:32:45.705, 89.20 W, 95 %
2026/03/20 08:32:45.805, 89.16 W, 95 %
2026/03/20 08:32:45.906, 89.16 W, 95 %
2026/03/20 08:32:46.006, 89.21 W, 95 %
2026/03/20 08:32:46.106, 89.24 W, 95 %
2026/03/20 08:32:46.206, 89.26 W, 95 %
2026/03/20 08:32:46.306, 89.23 W, 95 %
2026/03/20 08:32:46.406, 89.31 W, 95 %
2026/03/20 08:32:46.506, 89.33 W, 95 %
2026/03/20 08:32:46.606, 89.18 W, 95 %
2026/03/20 08:32:46.707, 89.16 W, 95 %
2026/03/20 08:32:46.807, 89.20 W, 95 %
2026/03/20 08:32:46.907, 89.29 W, 94 %
2026/03/20 08:32:47.007, 89.30 W, 94 %
2026/03/20 08:32:47.107, 89.20 W, 95 %
2026/03/20 08:32:47.207, 89.18 W, 95 %
2026/03/20 08:32:47.307, 89.36 W, 95 %
2026/03/20 08:32:47.408, 89.40 W, 95 %
2026/03/20 08:32:47.508, 89.31 W, 95 %
2026/03/20 08:32:47.608, 89.33 W, 95 %
2026/03/20 08:32:47.708, 89.36 W, 95 %
2026/03/20 08:32:47.808, 89.45 W, 95 %
2026/03/20 08:32:47.908, 89.32 W, 95 %
2026/03/20 08:32:48.008, 89.21 W, 95 %
2026/03/20 08:32:48.109, 89.25 W, 95 %
2026/03/20 08:32:48.209, 89.40 W, 95 %
2026/03/20 08:32:48.309, 89.33 W, 95 %
2026/03/20 08:32:48.409, 89.17 W, 95 %
2026/03/20 08:32:48.509, 89.19 W, 95 %
2026/03/20 08:32:48.609, 89.19 W, 95 %
2026/03/20 08:32:48.709, 89.07 W, 95 %
2026/03/20 08:32:48.810, 89.17 W, 95 %
2026/03/20 08:32:48.910, 89.19 W, 95 %
2026/03/20 08:32:49.010, 89.31 W, 95 %
2026/03/20 08:32:49.110, 89.43 W, 95 %
2026/03/20 08:32:49.210, 89.18 W, 95 %
2026/03/20 08:32:49.310, 89.12 W, 95 %
2026/03/20 08:32:49.410, 89.18 W, 95 %
2026/03/20 08:32:49.510, 89.11 W, 95 %
2026/03/20 08:32:49.611, 89.25 W, 95 %
2026/03/20 08:32:49.711, 89.27 W, 95 %
2026/03/20 08:32:49.811, 89.20 W, 95 %
2026/03/20 08:32:49.911, 89.27 W, 95 %
2026/03/20 08:32:50.011, 89.43 W, 95 %
2026/03/20 08:32:50.111, 89.21 W, 94 %
2026/03/20 08:32:50.211, 89.21 W, 94 %
2026/03/20 08:32:50.312, 89.36 W, 95 %
2026/03/20 08:32:50.412, 89.37 W, 95 %
2026/03/20 08:32:50.512, 89.36 W, 95 %
2026/03/20 08:32:50.612, 89.28 W, 95 %
2026/03/20 08:32:50.712, 89.41 W, 95 %
2026/03/20 08:32:50.812, 89.41 W, 95 %
2026/03/20 08:32:50.912, 89.47 W, 95 %
2026/03/20 08:32:51.013, 89.25 W, 95 %
2026/03/20 08:32:51.113, 89.29 W, 95 %
2026/03/20 08:32:51.213, 89.33 W, 95 %
2026/03/20 08:32:51.313, 89.37 W, 94 %
2026/03/20 08:32:51.413, 89.39 W, 94 %
2026/03/20 08:32:51.513, 89.36 W, 95 %
2026/03/20 08:32:51.613, 89.37 W, 95 %
2026/03/20 08:32:51.714, 89.32 W, 95 %
2026/03/20 08:32:51.814, 89.38 W, 95 %
2026/03/20 08:32:51.914, 89.12 W, 95 %
2026/03/20 08:32:52.014, 89.11 W, 95 %
2026/03/20 08:32:52.114, 89.20 W, 95 %
2026/03/20 08:32:52.214, 89.34 W, 95 %
2026/03/20 08:32:52.314, 89.18 W, 95 %
2026/03/20 08:32:52.414, 89.19 W, 95 %
2026/03/20 08:32:52.515, 89.34 W, 95 %
2026/03/20 08:32:52.615, 89.23 W, 95 %
2026/03/20 08:32:52.715, 89.23 W, 95 %
2026/03/20 08:32:52.815, 89.13 W, 95 %
2026/03/20 08:32:52.915, 89.26 W, 95 %
2026/03/20 08:32:53.015, 89.33 W, 95 %
2026/03/20 08:32:53.115, 89.35 W, 95 %
2026/03/20 08:32:53.216, 89.21 W, 95 %
2026/03/20 08:32:53.316, 89.19 W, 95 %
2026/03/20 08:32:53.416, 89.29 W, 95 %
2026/03/20 08:32:53.516, 89.43 W, 95 %
2026/03/20 08:32:53.616, 89.59 W, 95 %
2026/03/20 08:32:53.716, 89.55 W, 95 %
2026/03/20 08:32:53.816, 89.46 W, 95 %
2026/03/20 08:32:53.916, 89.47 W, 95 %
2026/03/20 08:32:54.017, 89.55 W, 95 %
2026/03/20 08:32:54.117, 89.34 W, 95 %
2026/03/20 08:32:54.217, 89.43 W, 95 %
2026/03/20 08:32:54.317, 89.39 W, 94 %
2026/03/20 08:32:54.417, 89.41 W, 94 %
2026/03/20 08:32:54.517, 89.20 W, 95 %
2026/03/20 08:32:54.617, 89.17 W, 95 %
2026/03/20 08:32:54.718, 89.25 W, 95 %
2026/03/20 08:32:54.818, 89.38 W, 95 %
2026/03/20 08:32:54.918, 89.36 W, 95 %
2026/03/20 08:32:55.018, 89.22 W, 95 %
2026/03/20 08:32:55.118, 89.19 W, 95 %
2026/03/20 08:32:55.218, 89.25 W, 95 %
2026/03/20 08:32:55.318, 89.54 W, 95 %
2026/03/20 08:32:55.419, 89.50 W, 95 %
2026/03/20 08:32:55.519, 89.38 W, 95 %
2026/03/20 08:32:55.619, 89.36 W, 95 %
2026/03/20 08:32:55.719, 89.37 W, 95 %
2026/03/20 08:32:55.819, 89.34 W, 95 %
2026/03/20 08:32:55.919, 89.18 W, 95 %
2026/03/20 08:32:56.019, 89.35 W, 95 %
2026/03/20 08:32:56.120, 89.51 W, 95 %
2026/03/20 08:32:56.220, 89.64 W, 95 %
2026/03/20 08:32:56.320, 89.38 W, 95 %
2026/03/20 08:32:56.420, 89.39 W, 95 %
2026/03/20 08:32:56.520, 89.33 W, 95 %
2026/03/20 08:32:56.620, 89.36 W, 95 %
2026/03/20 08:32:56.720, 89.35 W, 95 %
2026/03/20 08:32:56.820, 89.34 W, 95 %
2026/03/20 08:32:56.921, 89.29 W, 95 %
2026/03/20 08:32:57.021, 89.33 W, 95 %
2026/03/20 08:32:57.121, 89.31 W, 95 %
2026/03/20 08:32:57.221, 89.14 W, 95 %
2026/03/20 08:32:57.321, 89.10 W, 93 %
2026/03/20 08:32:57.421, 89.03 W, 93 %
2026/03/20 08:32:57.521, 89.13 W, 95 %
2026/03/20 08:32:57.622, 89.10 W, 95 %
2026/03/20 08:32:57.722, 88.93 W, 95 %
2026/03/20 08:32:57.822, 88.96 W, 95 %
2026/03/20 08:32:57.922, 89.14 W, 95 %
2026/03/20 08:32:58.022, 89.37 W, 95 %
2026/03/20 08:32:58.122, 89.12 W, 95 %
2026/03/20 08:32:58.222, 89.03 W, 95 %
2026/03/20 08:32:58.323, 89.13 W, 95 %
2026/03/20 08:32:58.423, 89.31 W, 95 %
2026/03/20 08:32:58.523, 89.38 W, 95 %
2026/03/20 08:32:58.623, 89.32 W, 95 %
2026/03/20 08:32:58.723, 89.39 W, 95 %
2026/03/20 08:32:58.823, 89.42 W, 95 %
2026/03/20 08:32:58.923, 89.55 W, 95 %
2026/03/20 08:32:59.024, 89.26 W, 95 %
2026/03/20 08:32:59.124, 89.29 W, 95 %
2026/03/20 08:32:59.224, 89.43 W, 95 %
2026/03/20 08:32:59.324, 89.55 W, 95 %
2026/03/20 08:32:59.424, 89.29 W, 95 %
2026/03/20 08:32:59.524, 89.18 W, 95 %
2026/03/20 08:32:59.624, 89.16 W, 95 %
2026/03/20 08:32:59.724, 89.20 W, 95 %
2026/03/20 08:32:59.825, 89.25 W, 95 %
2026/03/20 08:32:59.925, 88.88 W, 95 %
2026/03/20 08:33:00.025, 89.00 W, 95 %
2026/03/20 08:33:00.125, 89.16 W, 95 %
2026/03/20 08:33:00.225, 89.16 W, 95 %
2026/03/20 08:33:00.325, 88.94 W, 94 %
2026/03/20 08:33:00.425, 89.05 W, 94 %
2026/03/20 08:33:00.526, 89.01 W, 95 %
2026/03/20 08:33:00.626, 89.16 W, 95 %
2026/03/20 08:33:00.726, 89.04 W, 95 %
2026/03/20 08:33:00.826, 89.00 W, 95 %
2026/03/20 08:33:00.926, 89.11 W, 95 %
2026/03/20 08:33:01.026, 89.11 W, 95 %
2026/03/20 08:33:01.126, 89.19 W, 95 %
2026/03/20 08:33:01.227, 89.25 W, 95 %
2026/03/20 08:33:01.327, 89.29 W, 95 %
2026/03/20 08:33:01.427, 89.23 W, 95 %
2026/03/20 08:33:01.527, 89.32 W, 95 %
2026/03/20 08:33:01.627, 89.37 W, 95 %
2026/03/20 08:33:01.727, 89.44 W, 95 %
2026/03/20 08:33:01.827, 89.31 W, 95 %
2026/03/20 08:33:01.928, 89.24 W, 95 %
2026/03/20 08:33:02.028, 89.09 W, 95 %
2026/03/20 08:33:02.128, 88.85 W, 95 %
2026/03/20 08:33:02.228, 88.86 W, 95 %
2026/03/20 08:33:02.328, 89.02 W, 95 %
2026/03/20 08:33:02.428, 89.25 W, 95 %
2026/03/20 08:33:02.528, 89.24 W, 95 %
2026/03/20 08:33:02.628, 89.14 W, 95 %
2026/03/20 08:33:02.729, 89.15 W, 95 %
2026/03/20 08:33:02.829, 89.49 W, 95 %
2026/03/20 08:33:02.929, 89.60 W, 95 %
2026/03/20 08:33:03.029, 89.75 W, 95 %
2026/03/20 08:33:03.129, 89.77 W, 95 %
2026/03/20 08:33:03.229, 89.56 W, 95 %
2026/03/20 08:33:03.329, 89.54 W, 94 %
2026/03/20 08:33:03.430, 89.37 W, 94 %
2026/03/20 08:33:03.530, 89.23 W, 95 %
2026/03/20 08:33:03.630, 89.35 W, 95 %
2026/03/20 08:33:03.730, 89.35 W, 95 %
2026/03/20 08:33:03.830, 89.27 W, 95 %
2026/03/20 08:33:03.930, 89.13 W, 95 %
2026/03/20 08:33:04.030, 88.99 W, 95 %
2026/03/20 08:33:04.131, 89.12 W, 95 %
2026/03/20 08:33:04.231, 89.45 W, 95 %
2026/03/20 08:33:04.331, 89.41 W, 95 %
2026/03/20 08:33:04.431, 89.31 W, 95 %
2026/03/20 08:33:04.531, 89.60 W, 95 %
2026/03/20 08:33:04.631, 89.66 W, 95 %
2026/03/20 08:33:04.731, 89.57 W, 95 %
2026/03/20 08:33:04.831, 89.38 W, 95 %
2026/03/20 08:33:04.932, 89.55 W, 95 %
2026/03/20 08:33:05.032, 89.76 W, 95 %
2026/03/20 08:33:05.132, 89.70 W, 95 %
2026/03/20 08:33:05.232, 89.39 W, 95 %
2026/03/20 08:33:05.332, 89.29 W, 95 %
2026/03/20 08:33:05.432, 89.37 W, 95 %
2026/03/20 08:33:05.532, 89.37 W, 95 %
2026/03/20 08:33:05.633, 89.11 W, 95 %
2026/03/20 08:33:05.733, 89.03 W, 95 %
2026/03/20 08:33:05.833, 89.27 W, 95 %
2026/03/20 08:33:05.933, 89.25 W, 95 %
2026/03/20 08:33:06.033, 89.34 W, 95 %
2026/03/20 08:33:06.133, 89.20 W, 95 %
2026/03/20 08:33:06.233, 89.35 W, 95 %
2026/03/20 08:33:06.334, 89.50 W, 94 %
2026/03/20 08:33:06.434, 89.56 W, 94 %
2026/03/20 08:33:06.534, 89.49 W, 95 %
2026/03/20 08:33:06.634, 89.56 W, 95 %
2026/03/20 08:33:06.734, 89.68 W, 95 %
2026/03/20 08:33:06.834, 89.54 W, 95 %
2026/03/20 08:33:06.934, 89.54 W, 95 %
2026/03/20 08:33:07.034, 89.44 W, 95 %
2026/03/20 08:33:07.135, 89.66 W, 95 %
2026/03/20 08:33:07.235, 89.73 W, 95 %
2026/03/20 08:33:07.335, 89.57 W, 95 %
2026/03/20 08:33:07.435, 89.31 W, 95 %
2026/03/20 08:33:07.535, 89.21 W, 95 %
2026/03/20 08:33:07.635, 89.22 W, 95 %
2026/03/20 08:33:07.735, 89.38 W, 94 %
2026/03/20 08:33:07.836, 89.48 W, 94 %
2026/03/20 08:33:07.936, 89.38 W, 95 %
2026/03/20 08:33:08.036, 89.40 W, 95 %
2026/03/20 08:33:08.136, 89.29 W, 95 %
2026/03/20 08:33:08.236, 89.22 W, 95 %
2026/03/20 08:33:08.336, 89.27 W, 95 %
2026/03/20 08:33:08.436, 89.34 W, 95 %
2026/03/20 08:33:08.537, 89.27 W, 95 %
2026/03/20 08:33:08.637, 89.40 W, 95 %
2026/03/20 08:33:08.737, 89.21 W, 95 %
2026/03/20 08:33:08.837, 89.20 W, 95 %
2026/03/20 08:33:08.937, 89.26 W, 95 %
2026/03/20 08:33:09.037, 89.25 W, 95 %
2026/03/20 08:33:09.137, 89.29 W, 95 %
2026/03/20 08:33:09.238, 89.17 W, 95 %
2026/03/20 08:33:09.338, 89.06 W, 95 %
2026/03/20 08:33:09.438, 89.14 W, 95 %
2026/03/20 08:33:09.538, 89.39 W, 95 %
2026/03/20 08:33:09.638, 89.25 W, 95 %
2026/03/20 08:33:09.738, 89.33 W, 95 %
2026/03/20 08:33:09.838, 89.38 W, 95 %
2026/03/20 08:33:09.938, 89.43 W, 95 %
2026/03/20 08:33:10.039, 89.49 W, 95 %
2026/03/20 08:33:10.139, 89.36 W, 95 %
2026/03/20 08:33:10.239, 89.41 W, 95 %
2026/03/20 08:33:10.339, 89.54 W, 95 %
2026/03/20 08:33:10.439, 89.65 W, 95 %
2026/03/20 08:33:10.539, 89.47 W, 95 %
2026/03/20 08:33:10.639, 89.27 W, 95 %
2026/03/20 08:33:10.740, 89.30 W, 93 %
2026/03/20 08:33:10.840, 89.31 W, 93 %
2026/03/20 08:33:10.940, 89.32 W, 95 %
2026/03/20 08:33:11.040, 89.24 W, 95 %
2026/03/20 08:33:11.140, 89.24 W, 95 %
2026/03/20 08:33:11.240, 89.40 W, 95 %
2026/03/20 08:33:11.340, 89.32 W, 95 %
2026/03/20 08:33:11.441, 89.13 W, 95 %
2026/03/20 08:33:11.541, 89.20 W, 95 %
2026/03/20 08:33:11.641, 89.39 W, 95 %
2026/03/20 08:33:11.741, 89.33 W, 95 %
2026/03/20 08:33:11.841, 89.09 W, 95 %
2026/03/20 08:33:11.941, 88.90 W, 95 %
2026/03/20 08:33:12.041, 88.82 W, 95 %
2026/03/20 08:33:12.142, 89.01 W, 95 %
2026/03/20 08:33:12.242, 88.85 W, 95 %
2026/03/20 08:33:12.342, 88.80 W, 95 %
2026/03/20 08:33:12.442, 88.83 W, 95 %
2026/03/20 08:33:12.542, 88.86 W, 95 %
2026/03/20 08:33:12.642, 88.87 W, 95 %
2026/03/20 08:33:12.742, 88.90 W, 95 %
2026/03/20 08:33:12.843, 88.91 W, 95 %
2026/03/20 08:33:12.943, 89.03 W, 95 %
2026/03/20 08:33:13.043, 89.25 W, 95 %
2026/03/20 08:33:13.143, 89.06 W, 95 %
2026/03/20 08:33:13.243, 89.02 W, 95 %
2026/03/20 08:33:13.343, 89.13 W, 95 %
2026/03/20 08:33:13.443, 89.17 W, 95 %
2026/03/20 08:33:13.543, 89.28 W, 95 %
2026/03/20 08:33:13.644, 89.01 W, 95 %
2026/03/20 08:33:13.744, 88.90 W, 94 %
2026/03/20 08:33:13.844, 89.03 W, 94 %
2026/03/20 08:33:13.944, 89.00 W, 95 %
2026/03/20 08:33:14.044, 88.94 W, 95 %
2026/03/20 08:33:14.144, 88.88 W, 95 %
2026/03/20 08:33:14.244, 89.02 W, 95 %
2026/03/20 08:33:14.345, 89.14 W, 95 %
2026/03/20 08:33:14.445, 89.14 W, 95 %
2026/03/20 08:33:14.545, 88.94 W, 95 %
2026/03/20 08:33:14.645, 88.96 W, 95 %
2026/03/20 08:33:14.745, 89.05 W, 95 %
2026/03/20 08:33:14.845, 88.97 W, 95 %
2026/03/20 08:33:14.945, 89.00 W, 95 %
2026/03/20 08:33:15.045, 89.04 W, 95 %
2026/03/20 08:33:15.146, 89.13 W, 95 %
2026/03/20 08:33:15.246, 89.09 W, 95 %
2026/03/20 08:33:15.346, 88.88 W, 95 %
2026/03/20 08:33:15.446, 88.82 W, 95 %
2026/03/20 08:33:15.546, 88.90 W, 95 %
2026/03/20 08:33:15.646, 89.12 W, 95 %
2026/03/20 08:33:15.746, 89.33 W, 95 %
2026/03/20 08:33:15.847, 89.53 W, 95 %
2026/03/20 08:33:15.947, 89.59 W, 95 %
2026/03/20 08:33:16.047, 89.56 W, 95 %
2026/03/20 08:33:16.147, 89.65 W, 95 %
2026/03/20 08:33:16.247, 89.86 W, 95 %
2026/03/20 08:33:16.347, 89.87 W, 95 %
2026/03/20 08:33:16.447, 90.04 W, 95 %
2026/03/20 08:33:16.548, 90.06 W, 95 %
2026/03/20 08:33:16.648, 89.98 W, 95 %
2026/03/20 08:33:16.748, 89.85 W, 94 %
2026/03/20 08:33:16.848, 89.61 W, 94 %
2026/03/20 08:33:16.948, 89.69 W, 95 %
2026/03/20 08:33:17.048, 89.67 W, 95 %
2026/03/20 08:33:17.148, 89.60 W, 95 %
2026/03/20 08:33:17.249, 89.39 W, 95 %
2026/03/20 08:33:17.349, 89.31 W, 95 %
2026/03/20 08:33:17.449, 89.32 W, 95 %
2026/03/20 08:33:17.549, 89.29 W, 95 %
2026/03/20 08:33:17.649, 89.21 W, 95 %
2026/03/20 08:33:17.749, 89.18 W, 95 %
2026/03/20 08:33:17.849, 89.22 W, 95 %
2026/03/20 08:33:17.949, 89.27 W, 95 %
2026/03/20 08:33:18.050, 89.18 W, 95 %
2026/03/20 08:33:18.150, 89.04 W, 95 %
2026/03/20 08:33:18.250, 88.85 W, 95 %
2026/03/20 08:33:18.350, 88.86 W, 95 %
2026/03/20 08:33:18.450, 88.85 W, 95 %
2026/03/20 08:33:18.550, 88.68 W, 95 %
2026/03/20 08:33:18.650, 88.79 W, 95 %
2026/03/20 08:33:18.751, 88.82 W, 95 %
2026/03/20 08:33:18.851, 88.88 W, 95 %
2026/03/20 08:33:18.951, 88.87 W, 95 %
2026/03/20 08:33:19.051, 88.94 W, 95 %
2026/03/20 08:33:19.151, 88.98 W, 95 %
2026/03/20 08:33:19.251, 89.33 W, 95 %
2026/03/20 08:33:19.351, 89.50 W, 95 %
2026/03/20 08:33:19.452, 89.32 W, 95 %
2026/03/20 08:33:19.552, 89.47 W, 95 %
2026/03/20 08:33:19.652, 89.49 W, 95 %
2026/03/20 08:33:19.752, 89.43 W, 94 %
2026/03/20 08:33:19.852, 89.44 W, 94 %
2026/03/20 08:33:19.952, 89.29 W, 95 %
2026/03/20 08:33:20.052, 89.26 W, 95 %
2026/03/20 08:33:20.152, 89.24 W, 95 %
2026/03/20 08:33:20.253, 89.08 W, 95 %
2026/03/20 08:33:20.353, 88.92 W, 95 %
2026/03/20 08:33:20.453, 89.05 W, 95 %
2026/03/20 08:33:20.553, 89.08 W, 95 %
2026/03/20 08:33:20.653, 89.15 W, 95 %
2026/03/20 08:33:20.753, 89.21 W, 95 %
2026/03/20 08:33:20.853, 89.09 W, 95 %
2026/03/20 08:33:20.954, 89.18 W, 95 %
2026/03/20 08:33:21.054, 89.16 W, 95 %
2026/03/20 08:33:21.154, 89.21 W, 95 %
2026/03/20 08:33:21.254, 89.25 W, 95 %
2026/03/20 08:33:21.354, 89.11 W, 95 %
2026/03/20 08:33:21.454, 89.03 W, 95 %
2026/03/20 08:33:21.554, 89.18 W, 95 %
2026/03/20 08:33:21.655, 88.83 W, 95 %
2026/03/20 08:33:21.755, 88.85 W, 95 %
2026/03/20 08:33:21.855, 88.92 W, 95 %
2026/03/20 08:33:21.955, 88.97 W, 95 %
2026/03/20 08:33:22.055, 88.83 W, 95 %
2026/03/20 08:33:22.155, 88.83 W, 95 %
2026/03/20 08:33:22.255, 88.75 W, 95 %
2026/03/20 08:33:22.356, 88.96 W, 95 %
2026/03/20 08:33:22.456, 89.07 W, 95 %
2026/03/20 08:33:22.556, 88.89 W, 95 %
2026/03/20 08:33:22.656, 89.04 W, 95 %
2026/03/20 08:33:22.756, 89.12 W, 95 %
2026/03/20 08:33:22.856, 89.27 W, 95 %
2026/03/20 08:33:22.956, 89.21 W, 95 %
2026/03/20 08:33:23.057, 89.23 W, 95 %
2026/03/20 08:33:23.157, 89.26 W, 95 %
2026/03/20 08:33:23.257, 89.49 W, 95 %
2026/03/20 08:33:23.357, 89.65 W, 95 %
2026/03/20 08:33:23.457, 89.47 W, 95 %
2026/03/20 08:33:23.557, 89.40 W, 95 %
2026/03/20 08:33:23.657, 89.60 W, 95 %
2026/03/20 08:33:23.757, 89.73 W, 95 %
2026/03/20 08:33:23.858, 89.46 W, 95 %
2026/03/20 08:33:23.958, 89.36 W, 95 %
2026/03/20 08:33:24.058, 89.26 W, 95 %
2026/03/20 08:33:24.158, 89.42 W, 94 %
2026/03/20 08:33:24.258, 89.44 W, 94 %
2026/03/20 08:33:24.358, 89.09 W, 95 %
2026/03/20 08:33:24.458, 89.13 W, 95 %
2026/03/20 08:33:24.559, 89.23 W, 95 %
2026/03/20 08:33:24.659, 89.18 W, 95 %
2026/03/20 08:33:24.759, 88.99 W, 95 %
2026/03/20 08:33:24.859, 89.25 W, 95 %
2026/03/20 08:33:24.959, 89.30 W, 95 %
2026/03/20 08:33:25.059, 89.55 W, 95 %
2026/03/20 08:33:25.159, 89.51 W, 95 %
2026/03/20 08:33:25.259, 89.25 W, 95 %
2026/03/20 08:33:25.360, 89.41 W, 95 %
2026/03/20 08:33:25.460, 89.48 W, 95 %
2026/03/20 08:33:25.560, 89.37 W, 95 %
2026/03/20 08:33:25.660, 89.31 W, 95 %
2026/03/20 08:33:25.760, 89.32 W, 95 %
2026/03/20 08:33:25.860, 89.28 W, 95 %
2026/03/20 08:33:25.960, 89.39 W, 94 %
2026/03/20 08:33:26.061, 89.21 W, 94 %
2026/03/20 08:33:26.161, 89.12 W, 95 %
2026/03/20 08:33:26.261, 89.27 W, 95 %
2026/03/20 08:33:26.361, 89.34 W, 95 %
2026/03/20 08:33:26.461, 89.38 W, 95 %
2026/03/20 08:33:26.561, 89.44 W, 95 %
2026/03/20 08:33:26.661, 89.33 W, 95 %
2026/03/20 08:33:26.762, 89.48 W, 95 %
2026/03/20 08:33:26.862, 89.58 W, 95 %
2026/03/20 08:33:26.962, 89.49 W, 95 %
2026/03/20 08:33:27.062, 89.54 W, 95 %
2026/03/20 08:33:27.162, 89.50 W, 94 %
2026/03/20 08:33:27.262, 89.61 W, 94 %
2026/03/20 08:33:27.362, 89.65 W, 95 %
2026/03/20 08:33:27.463, 89.58 W, 95 %
2026/03/20 08:33:27.563, 89.56 W, 95 %
2026/03/20 08:33:27.663, 89.86 W, 95 %
2026/03/20 08:33:27.763, 89.82 W, 95 %
2026/03/20 08:33:27.863, 89.56 W, 95 %
2026/03/20 08:33:27.963, 89.54 W, 95 %
2026/03/20 08:33:28.063, 89.61 W, 95 %
2026/03/20 08:33:28.164, 89.74 W, 95 %
2026/03/20 08:33:28.264, 89.68 W, 95 %
2026/03/20 08:33:28.364, 89.64 W, 95 %
2026/03/20 08:33:28.464, 89.69 W, 95 %
2026/03/20 08:33:28.564, 89.84 W, 95 %
2026/03/20 08:33:28.664, 89.78 W, 95 %
2026/03/20 08:33:28.764, 89.65 W, 95 %
2026/03/20 08:33:28.864, 89.71 W, 95 %
2026/03/20 08:33:28.965, 89.83 W, 95 %
2026/03/20 08:33:29.065, 89.79 W, 95 %
2026/03/20 08:33:29.165, 89.60 W, 95 %
2026/03/20 08:33:29.265, 89.50 W, 95 %
2026/03/20 08:33:29.365, 89.48 W, 95 %
2026/03/20 08:33:29.465, 89.56 W, 95 %
2026/03/20 08:33:29.565, 89.48 W, 95 %
2026/03/20 08:33:29.666, 89.33 W, 95 %
2026/03/20 08:33:29.766, 89.30 W, 95 %
2026/03/20 08:33:29.866, 89.27 W, 95 %
2026/03/20 08:33:29.966, 89.27 W, 95 %
2026/03/20 08:33:30.066, 89.12 W, 95 %
2026/03/20 08:33:30.166, 89.11 W, 94 %
2026/03/20 08:33:30.266, 89.08 W, 94 %
2026/03/20 08:33:30.367, 89.04 W, 95 %
2026/03/20 08:33:30.467, 89.05 W, 95 %
2026/03/20 08:33:30.567, 88.89 W, 95 %
2026/03/20 08:33:30.667, 88.89 W, 95 %
2026/03/20 08:33:30.767, 88.87 W, 95 %
2026/03/20 08:33:30.867, 89.06 W, 95 %
2026/03/20 08:33:30.967, 88.85 W, 95 %
2026/03/20 08:33:31.068, 88.89 W, 95 %
2026/03/20 08:33:31.168, 88.97 W, 95 %
2026/03/20 08:33:31.268, 89.08 W, 95 %
2026/03/20 08:33:31.368, 88.96 W, 95 %
2026/03/20 08:33:31.468, 88.64 W, 95 %
2026/03/20 08:33:31.568, 88.77 W, 91 %
2026/03/20 08:33:31.668, 88.85 W, 91 %
2026/03/20 08:33:31.769, 88.96 W, 95 %
2026/03/20 08:33:31.869, 88.85 W, 95 %
2026/03/20 08:33:31.969, 88.86 W, 95 %
2026/03/20 08:33:32.069, 89.04 W, 95 %
2026/03/20 08:33:32.169, 89.14 W, 95 %
2026/03/20 08:33:32.269, 89.04 W, 95 %
2026/03/20 08:33:32.369, 89.09 W, 95 %
2026/03/20 08:33:32.469, 89.31 W, 95 %
2026/03/20 08:33:32.570, 89.40 W, 95 %
2026/03/20 08:33:32.670, 89.45 W, 95 %
2026/03/20 08:33:32.770, 89.32 W, 95 %
2026/03/20 08:33:32.870, 89.37 W, 95 %
2026/03/20 08:33:32.970, 89.52 W, 95 %
2026/03/20 08:33:33.070, 89.42 W, 95 %
2026/03/20 08:33:33.170, 89.39 W, 95 %
2026/03/20 08:33:33.271, 89.38 W, 95 %
2026/03/20 08:33:33.371, 89.61 W, 95 %
2026/03/20 08:33:33.471, 89.64 W, 95 %
2026/03/20 08:33:33.571, 89.57 W, 95 %
2026/03/20 08:33:33.671, 89.43 W, 95 %
2026/03/20 08:33:33.771, 89.36 W, 95 %
2026/03/20 08:33:33.871, 89.42 W, 95 %
2026/03/20 08:33:33.971, 89.35 W, 95 %
2026/03/20 08:33:34.072, 89.28 W, 95 %
2026/03/20 08:33:34.172, 89.31 W, 95 %
2026/03/20 08:33:34.272, 89.29 W, 95 %
2026/03/20 08:33:34.372, 89.27 W, 95 %
2026/03/20 08:33:34.472, 89.17 W, 95 %
2026/03/20 08:33:34.572, 89.04 W, 94 %
2026/03/20 08:33:34.672, 89.14 W, 94 %
2026/03/20 08:33:34.773, 89.33 W, 95 %
2026/03/20 08:33:34.873, 89.50 W, 95 %
2026/03/20 08:33:34.973, 89.45 W, 95 %
2026/03/20 08:33:35.073, 89.36 W, 95 %
2026/03/20 08:33:35.173, 89.45 W, 95 %
2026/03/20 08:33:35.273, 89.52 W, 95 %
2026/03/20 08:33:35.373, 89.48 W, 95 %
2026/03/20 08:33:35.473, 89.40 W, 95 %
2026/03/20 08:33:35.574, 89.53 W, 95 %
2026/03/20 08:33:35.674, 89.61 W, 95 %
2026/03/20 08:33:35.774, 89.62 W, 95 %
2026/03/20 08:33:35.874, 89.36 W, 95 %
2026/03/20 08:33:35.974, 89.40 W, 95 %
2026/03/20 08:33:36.074, 89.49 W, 95 %
2026/03/20 08:33:36.174, 89.51 W, 95 %
2026/03/20 08:33:36.275, 89.41 W, 95 %
2026/03/20 08:33:36.375, 89.37 W, 95 %
2026/03/20 08:33:36.475, 89.39 W, 95 %
2026/03/20 08:33:36.575, 89.43 W, 95 %
2026/03/20 08:33:36.675, 89.37 W, 95 %
2026/03/20 08:33:36.775, 89.21 W, 95 %
2026/03/20 08:33:36.875, 89.32 W, 95 %
2026/03/20 08:33:36.976, 89.40 W, 95 %
2026/03/20 08:33:37.076, 89.49 W, 95 %
2026/03/20 08:33:37.176, 89.48 W, 95 %
2026/03/20 08:33:37.276, 89.60 W, 95 %
2026/03/20 08:33:37.376, 89.58 W, 95 %
2026/03/20 08:33:37.476, 89.73 W, 95 %
2026/03/20 08:33:37.576, 89.68 W, 93 %
2026/03/20 08:33:37.676, 89.56 W, 93 %
2026/03/20 08:33:37.777, 89.45 W, 95 %
2026/03/20 08:33:37.877, 89.46 W, 95 %
2026/03/20 08:33:37.977, 89.51 W, 95 %
2026/03/20 08:33:38.077, 89.28 W, 95 %
2026/03/20 08:33:38.177, 89.21 W, 95 %
2026/03/20 08:33:38.277, 89.28 W, 95 %
2026/03/20 08:33:38.377, 89.41 W, 95 %
2026/03/20 08:33:38.478, 89.23 W, 95 %
2026/03/20 08:33:38.578, 89.22 W, 95 %
2026/03/20 08:33:38.678, 89.08 W, 95 %
2026/03/20 08:33:38.778, 89.33 W, 95 %
2026/03/20 08:33:38.878, 89.37 W, 95 %
2026/03/20 08:33:38.978, 89.17 W, 95 %
2026/03/20 08:33:39.078, 89.20 W, 95 %
2026/03/20 08:33:39.179, 89.18 W, 95 %
2026/03/20 08:33:39.279, 89.11 W, 95 %
2026/03/20 08:33:39.379, 89.03 W, 95 %
2026/03/20 08:33:39.479, 89.01 W, 95 %
2026/03/20 08:33:39.579, 88.99 W, 95 %
2026/03/20 08:33:39.679, 89.32 W, 95 %
2026/03/20 08:33:39.779, 89.27 W, 95 %
2026/03/20 08:33:39.880, 89.31 W, 95 %
2026/03/20 08:33:39.980, 89.18 W, 95 %
2026/03/20 08:33:40.080, 89.39 W, 95 %
2026/03/20 08:33:40.180, 89.59 W, 95 %
2026/03/20 08:33:40.280, 89.52 W, 95 %
2026/03/20 08:33:40.380, 89.53 W, 95 %
2026/03/20 08:33:40.480, 89.69 W, 95 %
2026/03/20 08:33:40.581, 89.79 W, 94 %
2026/03/20 08:33:40.681, 89.64 W, 94 %
2026/03/20 08:33:40.781, 89.66 W, 95 %
2026/03/20 08:33:40.881, 89.83 W, 95 %
2026/03/20 08:33:40.981, 89.97 W, 95 %
2026/03/20 08:33:41.081, 90.02 W, 95 %
2026/03/20 08:33:41.181, 89.92 W, 95 %
2026/03/20 08:33:41.281, 89.79 W, 95 %
2026/03/20 08:33:41.382, 89.93 W, 95 %
2026/03/20 08:33:41.482, 89.93 W, 95 %
2026/03/20 08:33:41.582, 89.78 W, 94 %
2026/03/20 08:33:41.682, 89.79 W, 94 %
2026/03/20 08:33:41.782, 89.75 W, 95 %
2026/03/20 08:33:41.882, 89.75 W, 95 %
2026/03/20 08:33:41.982, 89.77 W, 94 %
2026/03/20 08:33:42.083, 89.62 W, 94 %
2026/03/20 08:33:42.183, 89.54 W, 95 %
2026/03/20 08:33:42.283, 89.74 W, 95 %
2026/03/20 08:33:42.383, 89.78 W, 95 %
2026/03/20 08:33:42.483, 89.73 W, 95 %
2026/03/20 08:33:42.583, 89.65 W, 94 %
2026/03/20 08:33:42.683, 89.62 W, 94 %
2026/03/20 08:33:42.784, 89.64 W, 95 %
2026/03/20 08:33:42.884, 89.54 W, 95 %
2026/03/20 08:33:42.984, 89.48 W, 95 %
2026/03/20 08:33:43.084, 89.42 W, 95 %
2026/03/20 08:33:43.184, 89.41 W, 95 %
2026/03/20 08:33:43.284, 89.44 W, 95 %
2026/03/20 08:33:43.384, 89.18 W, 95 %
2026/03/20 08:33:43.484, 88.95 W, 95 %
2026/03/20 08:33:43.585, 89.09 W, 95 %
2026/03/20 08:33:43.685, 89.09 W, 95 %
2026/03/20 08:33:43.785, 89.10 W, 95 %
2026/03/20 08:33:43.885, 88.99 W, 95 %
2026/03/20 08:33:43.985, 88.95 W, 95 %
2026/03/20 08:33:44.085, 88.96 W, 95 %
2026/03/20 08:33:44.185, 89.06 W, 95 %
2026/03/20 08:33:44.286, 89.00 W, 95 %
2026/03/20 08:33:44.386, 88.98 W, 95 %
2026/03/20 08:33:44.486, 89.12 W, 95 %
2026/03/20 08:33:44.586, 89.23 W, 95 %
2026/03/20 08:33:44.686, 89.32 W, 95 %
2026/03/20 08:33:44.786, 89.19 W, 95 %
2026/03/20 08:33:44.886, 89.32 W, 95 %
2026/03/20 08:33:44.987, 89.45 W, 94 %
2026/03/20 08:33:45.087, 89.44 W, 94 %
2026/03/20 08:33:45.187, 89.39 W, 95 %
2026/03/20 08:33:45.287, 89.35 W, 95 %
2026/03/20 08:33:45.387, 89.56 W, 95 %
2026/03/20 08:33:45.487, 89.65 W, 95 %
2026/03/20 08:33:45.587, 89.53 W, 95 %
2026/03/20 08:33:45.687, 89.40 W, 95 %
2026/03/20 08:33:45.788, 89.49 W, 95 %
2026/03/20 08:33:45.888, 89.58 W, 95 %
2026/03/20 08:33:45.988, 89.40 W, 95 %
2026/03/20 08:33:46.088, 89.42 W, 95 %
2026/03/20 08:33:46.188, 89.34 W, 95 %
2026/03/20 08:33:46.288, 89.54 W, 95 %
2026/03/20 08:33:46.388, 89.35 W, 95 %
2026/03/20 08:33:46.489, 89.19 W, 95 %
2026/03/20 08:33:46.589, 89.16 W, 95 %
2026/03/20 08:33:46.689, 89.27 W, 95 %
2026/03/20 08:33:46.789, 89.35 W, 95 %
2026/03/20 08:33:46.889, 89.25 W, 95 %
2026/03/20 08:33:46.989, 89.13 W, 95 %
2026/03/20 08:33:47.089, 89.14 W, 95 %
2026/03/20 08:33:47.190, 89.22 W, 95 %
2026/03/20 08:33:47.290, 89.02 W, 95 %
2026/03/20 08:33:47.390, 89.01 W, 95 %
2026/03/20 08:33:47.490, 89.14 W, 95 %
2026/03/20 08:33:47.590, 89.35 W, 95 %
2026/03/20 08:33:47.690, 89.41 W, 95 %
2026/03/20 08:33:47.790, 89.32 W, 95 %
2026/03/20 08:33:47.891, 89.32 W, 95 %
2026/03/20 08:33:47.991, 89.48 W, 94 %
2026/03/20 08:33:48.091, 89.60 W, 94 %
2026/03/20 08:33:48.191, 89.65 W, 95 %
2026/03/20 08:33:48.291, 89.74 W, 95 %
2026/03/20 08:33:48.391, 89.81 W, 95 %
2026/03/20 08:33:48.491, 89.75 W, 95 %
2026/03/20 08:33:48.591, 89.64 W, 95 %
2026/03/20 08:33:48.692, 89.55 W, 95 %
2026/03/20 08:33:48.792, 89.44 W, 95 %
2026/03/20 08:33:48.892, 89.36 W, 95 %
2026/03/20 08:33:48.992, 89.44 W, 95 %
2026/03/20 08:33:49.092, 89.32 W, 95 %
2026/03/20 08:33:49.192, 89.18 W, 95 %
2026/03/20 08:33:49.292, 89.13 W, 95 %
2026/03/20 08:33:49.393, 89.17 W, 95 %
2026/03/20 08:33:49.493, 89.23 W, 95 %
2026/03/20 08:33:49.593, 89.15 W, 95 %
2026/03/20 08:33:49.693, 89.08 W, 95 %
2026/03/20 08:33:49.793, 89.04 W, 95 %
2026/03/20 08:33:49.893, 89.14 W, 95 %
2026/03/20 08:33:49.993, 89.25 W, 95 %
2026/03/20 08:33:50.094, 89.07 W, 95 %
2026/03/20 08:33:50.194, 88.97 W, 95 %
2026/03/20 08:33:50.294, 88.94 W, 95 %
2026/03/20 08:33:50.394, 89.00 W, 95 %
2026/03/20 08:33:50.494, 89.05 W, 95 %
2026/03/20 08:33:50.594, 89.24 W, 95 %
2026/03/20 08:33:50.694, 89.36 W, 95 %
2026/03/20 08:33:50.795, 89.51 W, 95 %
2026/03/20 08:33:50.895, 89.33 W, 95 %
2026/03/20 08:33:50.995, 89.09 W, 94 %
2026/03/20 08:33:51.095, 89.16 W, 94 %
2026/03/20 08:33:51.195, 89.33 W, 95 %
2026/03/20 08:33:51.295, 89.51 W, 95 %
2026/03/20 08:33:51.395, 89.27 W, 95 %
2026/03/20 08:33:51.495, 89.15 W, 95 %
2026/03/20 08:33:51.596, 88.94 W, 95 %
2026/03/20 08:33:51.696, 88.95 W, 95 %
2026/03/20 08:33:51.796, 88.82 W, 95 %
2026/03/20 08:33:51.896, 89.01 W, 95 %
2026/03/20 08:33:51.996, 89.05 W, 95 %
2026/03/20 08:33:52.096, 89.18 W, 95 %
2026/03/20 08:33:52.196, 89.24 W, 95 %
2026/03/20 08:33:52.297, 89.12 W, 95 %
2026/03/20 08:33:52.397, 89.25 W, 95 %
2026/03/20 08:33:52.497, 89.40 W, 95 %
2026/03/20 08:33:52.597, 89.45 W, 95 %
2026/03/20 08:33:52.697, 89.22 W, 95 %
2026/03/20 08:33:52.797, 89.23 W, 94 %
2026/03/20 08:33:52.897, 89.21 W, 94 %
2026/03/20 08:33:52.998, 89.24 W, 95 %
2026/03/20 08:33:53.098, 89.21 W, 95 %
2026/03/20 08:33:53.198, 89.16 W, 95 %
2026/03/20 08:33:53.298, 89.11 W, 95 %
2026/03/20 08:33:53.398, 89.28 W, 95 %
2026/03/20 08:33:53.498, 89.24 W, 95 %
2026/03/20 08:33:53.598, 89.25 W, 95 %
2026/03/20 08:33:53.699, 89.45 W, 95 %
2026/03/20 08:33:53.799, 89.60 W, 95 %
2026/03/20 08:33:53.899, 89.63 W, 95 %
2026/03/20 08:33:53.999, 89.71 W, 94 %
2026/03/20 08:33:54.099, 89.55 W, 94 %
2026/03/20 08:33:54.199, 89.36 W, 95 %
2026/03/20 08:33:54.299, 89.42 W, 95 %
2026/03/20 08:33:54.399, 89.30 W, 95 %
2026/03/20 08:33:54.500, 89.19 W, 95 %
2026/03/20 08:33:54.600, 89.32 W, 95 %
2026/03/20 08:33:54.700, 89.22 W, 95 %
2026/03/20 08:33:54.800, 89.21 W, 95 %
2026/03/20 08:33:54.900, 89.32 W, 95 %
2026/03/20 08:33:55.000, 89.29 W, 95 %
2026/03/20 08:33:55.100, 89.27 W, 95 %
2026/03/20 08:33:55.201, 89.51 W, 95 %
2026/03/20 08:33:55.301, 89.65 W, 95 %
2026/03/20 08:33:55.401, 89.58 W, 94 %
2026/03/20 08:33:55.501, 89.57 W, 94 %
2026/03/20 08:33:55.601, 89.61 W, 95 %
2026/03/20 08:33:55.701, 89.65 W, 95 %
2026/03/20 08:33:55.801, 89.68 W, 95 %
2026/03/20 08:33:55.902, 89.47 W, 95 %
2026/03/20 08:33:56.002, 89.35 W, 95 %
2026/03/20 08:33:56.102, 89.50 W, 95 %
2026/03/20 08:33:56.202, 89.44 W, 95 %
2026/03/20 08:33:56.302, 89.14 W, 95 %
2026/03/20 08:33:56.402, 89.14 W, 95 %
2026/03/20 08:33:56.502, 89.27 W, 95 %
2026/03/20 08:33:56.603, 89.27 W, 95 %
2026/03/20 08:33:56.703, 89.14 W, 95 %
2026/03/20 08:33:56.803, 88.96 W, 95 %
2026/03/20 08:33:56.903, 89.15 W, 95 %
2026/03/20 08:33:57.003, 89.32 W, 95 %
2026/03/20 08:33:57.103, 89.42 W, 95 %
2026/03/20 08:33:57.203, 89.44 W, 95 %
2026/03/20 08:33:57.303, 89.61 W, 95 %
2026/03/20 08:33:57.404, 89.71 W, 95 %
2026/03/20 08:33:57.504, 89.71 W, 95 %
2026/03/20 08:33:57.604, 89.55 W, 95 %
2026/03/20 08:33:57.704, 89.59 W, 95 %
2026/03/20 08:33:57.804, 89.61 W, 95 %
2026/03/20 08:33:57.904, 89.56 W, 95 %
2026/03/20 08:33:58.004, 89.39 W, 95 %
2026/03/20 08:33:58.105, 89.25 W, 95 %
2026/03/20 08:33:58.205, 89.14 W, 95 %
2026/03/20 08:33:58.305, 89.11 W, 95 %
2026/03/20 08:33:58.405, 88.97 W, 94 %
2026/03/20 08:33:58.505, 88.88 W, 94 %
2026/03/20 08:33:58.605, 88.92 W, 95 %
2026/03/20 08:33:58.705, 88.94 W, 95 %
2026/03/20 08:33:58.806, 89.08 W, 95 %
2026/03/20 08:33:58.906, 89.10 W, 95 %
2026/03/20 08:33:59.006, 89.13 W, 95 %
2026/03/20 08:33:59.106, 89.11 W, 95 %
2026/03/20 08:33:59.206, 89.27 W, 95 %
2026/03/20 08:33:59.306, 89.28 W, 95 %
2026/03/20 08:33:59.406, 89.31 W, 95 %
2026/03/20 08:33:59.507, 89.27 W, 95 %
2026/03/20 08:33:59.607, 89.40 W, 95 %
2026/03/20 08:33:59.707, 89.42 W, 95 %
2026/03/20 08:33:59.807, 89.16 W, 95 %
2026/03/20 08:33:59.907, 89.10 W, 95 %
2026/03/20 08:34:00.007, 89.04 W, 95 %
2026/03/20 08:34:00.107, 89.17 W, 95 %
2026/03/20 08:34:00.207, 89.20 W, 95 %
2026/03/20 08:34:00.308, 88.99 W, 95 %
2026/03/20 08:34:00.408, 89.01 W, 95 %
2026/03/20 08:34:00.508, 89.02 W, 95 %
2026/03/20 08:34:00.608, 89.13 W, 95 %
2026/03/20 08:34:00.708, 89.17 W, 95 %
2026/03/20 08:34:00.808, 89.32 W, 95 %
2026/03/20 08:34:00.908, 89.28 W, 95 %
2026/03/20 08:34:01.009, 89.43 W, 95 %
2026/03/20 08:34:01.109, 89.50 W, 95 %
2026/03/20 08:34:01.209, 89.30 W, 95 %
2026/03/20 08:34:01.309, 89.43 W, 95 %
2026/03/20 08:34:01.409, 89.46 W, 94 %
2026/03/20 08:34:01.509, 89.52 W, 94 %
2026/03/20 08:34:01.609, 89.40 W, 95 %
2026/03/20 08:34:01.710, 89.28 W, 95 %
2026/03/20 08:34:01.810, 89.27 W, 95 %
2026/03/20 08:34:01.910, 89.44 W, 95 %
2026/03/20 08:34:02.010, 89.33 W, 95 %
2026/03/20 08:34:02.110, 89.17 W, 95 %
2026/03/20 08:34:02.210, 89.18 W, 95 %
2026/03/20 08:34:02.310, 89.32 W, 95 %
2026/03/20 08:34:02.411, 89.35 W, 95 %
2026/03/20 08:34:02.511, 89.18 W, 95 %
2026/03/20 08:34:02.611, 89.12 W, 95 %
2026/03/20 08:34:02.711, 89.24 W, 95 %
2026/03/20 08:34:02.811, 89.29 W, 95 %
2026/03/20 08:34:02.911, 89.26 W, 95 %
2026/03/20 08:34:03.011, 89.27 W, 95 %
2026/03/20 08:34:03.111, 89.40 W, 95 %
2026/03/20 08:34:03.212, 89.50 W, 95 %
2026/03/20 08:34:03.312, 89.44 W, 95 %
2026/03/20 08:34:03.412, 89.37 W, 95 %
2026/03/20 08:34:03.512, 89.48 W, 95 %
2026/03/20 08:34:03.612, 89.62 W, 95 %
2026/03/20 08:34:03.712, 89.47 W, 95 %
2026/03/20 08:34:03.812, 89.37 W, 95 %
2026/03/20 08:34:03.913, 89.32 W, 95 %
2026/03/20 08:34:04.013, 89.45 W, 95 %
2026/03/20 08:34:04.113, 89.47 W, 95 %
2026/03/20 08:34:04.213, 89.45 W, 95 %
2026/03/20 08:34:04.313, 89.38 W, 95 %
2026/03/20 08:34:04.413, 89.47 W, 94 %
2026/03/20 08:34:04.513, 89.53 W, 94 %
2026/03/20 08:34:04.613, 89.43 W, 95 %
2026/03/20 08:34:04.714, 89.46 W, 95 %
2026/03/20 08:34:04.814, 89.35 W, 95 %
2026/03/20 08:34:04.914, 89.53 W, 95 %
2026/03/20 08:34:05.014, 89.53 W, 95 %
2026/03/20 08:34:05.114, 89.47 W, 95 %
2026/03/20 08:34:05.214, 89.42 W, 95 %
2026/03/20 08:34:05.314, 89.50 W, 95 %
2026/03/20 08:34:05.415, 89.52 W, 95 %
2026/03/20 08:34:05.515, 89.54 W, 95 %
2026/03/20 08:34:05.615, 89.45 W, 95 %
2026/03/20 08:34:05.715, 89.52 W, 95 %
2026/03/20 08:34:05.815, 89.53 W, 94 %
2026/03/20 08:34:05.915, 89.49 W, 94 %
2026/03/20 08:34:06.015, 89.38 W, 95 %
2026/03/20 08:34:06.116, 89.21 W, 95 %
2026/03/20 08:34:06.216, 89.21 W, 95 %
2026/03/20 08:34:06.316, 89.30 W, 95 %
2026/03/20 08:34:06.416, 89.15 W, 95 %
2026/03/20 08:34:06.516, 89.07 W, 95 %
2026/03/20 08:34:06.616, 89.10 W, 95 %
2026/03/20 08:34:06.716, 89.13 W, 95 %
2026/03/20 08:34:06.816, 89.27 W, 95 %
2026/03/20 08:34:06.917, 89.14 W, 95 %
2026/03/20 08:34:07.017, 89.12 W, 95 %
2026/03/20 08:34:07.117, 89.20 W, 95 %
2026/03/20 08:34:07.217, 89.27 W, 95 %
2026/03/20 08:34:07.317, 89.09 W, 95 %
2026/03/20 08:34:07.417, 89.19 W, 95 %
2026/03/20 08:34:07.517, 89.25 W, 95 %
2026/03/20 08:34:07.618, 89.27 W, 95 %
2026/03/20 08:34:07.718, 89.29 W, 95 %
2026/03/20 08:34:07.818, 89.15 W, 95 %
2026/03/20 08:34:07.918, 89.28 W, 95 %
2026/03/20 08:34:08.018, 89.29 W, 95 %
2026/03/20 08:34:08.118, 89.34 W, 95 %
2026/03/20 08:34:08.218, 89.29 W, 95 %
2026/03/20 08:34:08.319, 89.35 W, 95 %
2026/03/20 08:34:08.419, 89.41 W, 95 %
2026/03/20 08:34:08.519, 89.45 W, 95 %
2026/03/20 08:34:08.619, 89.36 W, 95 %
2026/03/20 08:34:08.719, 89.26 W, 95 %
2026/03/20 08:34:08.819, 89.34 W, 94 %
2026/03/20 08:34:08.919, 89.33 W, 94 %
2026/03/20 08:34:09.020, 89.28 W, 95 %
2026/03/20 08:34:09.120, 89.22 W, 95 %
2026/03/20 08:34:09.220, 89.13 W, 95 %
2026/03/20 08:34:09.320, 89.24 W, 95 %
2026/03/20 08:34:09.420, 89.10 W, 95 %
2026/03/20 08:34:09.520, 89.01 W, 95 %
2026/03/20 08:34:09.620, 88.99 W, 95 %
2026/03/20 08:34:09.720, 88.97 W, 95 %
2026/03/20 08:34:09.821, 89.12 W, 95 %
2026/03/20 08:34:09.921, 89.06 W, 95 %
2026/03/20 08:34:10.021, 89.01 W, 95 %
2026/03/20 08:34:10.121, 89.04 W, 95 %
2026/03/20 08:34:10.221, 89.04 W, 95 %
2026/03/20 08:34:10.321, 89.08 W, 95 %
2026/03/20 08:34:10.421, 89.08 W, 95 %
2026/03/20 08:34:10.522, 88.91 W, 95 %
2026/03/20 08:34:10.622, 89.02 W, 95 %
2026/03/20 08:34:10.722, 89.07 W, 95 %
2026/03/20 08:34:10.822, 89.09 W, 95 %
2026/03/20 08:34:10.922, 89.10 W, 95 %
2026/03/20 08:34:11.022, 89.15 W, 95 %
2026/03/20 08:34:11.122, 89.20 W, 95 %
2026/03/20 08:34:11.223, 89.33 W, 95 %
2026/03/20 08:34:11.323, 89.35 W, 95 %
2026/03/20 08:34:11.423, 89.39 W, 95 %
2026/03/20 08:34:11.523, 89.62 W, 95 %
2026/03/20 08:34:11.623, 89.52 W, 95 %
2026/03/20 08:34:11.723, 89.47 W, 95 %
2026/03/20 08:34:11.823, 89.44 W, 94 %
2026/03/20 08:34:11.924, 89.42 W, 94 %
2026/03/20 08:34:12.024, 89.47 W, 95 %
2026/03/20 08:34:12.124, 89.56 W, 95 %
2026/03/20 08:34:12.224, 89.43 W, 95 %
2026/03/20 08:34:12.324, 89.31 W, 95 %
2026/03/20 08:34:12.424, 89.39 W, 95 %
2026/03/20 08:34:12.524, 89.39 W, 95 %
2026/03/20 08:34:12.624, 89.56 W, 95 %
2026/03/20 08:34:12.725, 89.59 W, 95 %
2026/03/20 08:34:12.825, 89.51 W, 95 %
2026/03/20 08:34:12.925, 89.62 W, 95 %
2026/03/20 08:34:13.025, 89.71 W, 95 %
2026/03/20 08:34:13.125, 89.65 W, 95 %
2026/03/20 08:34:13.225, 89.51 W, 95 %
2026/03/20 08:34:13.325, 89.71 W, 95 %
2026/03/20 08:34:13.426, 89.74 W, 95 %
2026/03/20 08:34:13.526, 89.71 W, 95 %
2026/03/20 08:34:13.626, 89.57 W, 95 %
2026/03/20 08:34:13.726, 89.54 W, 95 %
2026/03/20 08:34:13.826, 89.68 W, 95 %
2026/03/20 08:34:13.926, 89.65 W, 95 %
2026/03/20 08:34:14.026, 89.48 W, 95 %
2026/03/20 08:34:14.126, 89.49 W, 95 %
2026/03/20 08:34:14.227, 89.57 W, 95 %
2026/03/20 08:34:14.327, 89.64 W, 95 %
2026/03/20 08:34:14.427, 89.49 W, 95 %
2026/03/20 08:34:14.527, 89.40 W, 95 %
2026/03/20 08:34:14.627, 89.42 W, 95 %
2026/03/20 08:34:14.727, 89.57 W, 95 %
2026/03/20 08:34:14.827, 89.51 W, 95 %
2026/03/20 08:34:14.928, 89.51 W, 95 %
2026/03/20 08:34:15.028, 89.57 W, 95 %
2026/03/20 08:34:15.128, 89.60 W, 95 %
2026/03/20 08:34:15.228, 89.73 W, 95 %
2026/03/20 08:34:15.328, 89.69 W, 95 %
2026/03/20 08:34:15.428, 89.60 W, 95 %
2026/03/20 08:34:15.528, 89.66 W, 95 %
2026/03/20 08:34:15.629, 89.74 W, 95 %
2026/03/20 08:34:15.729, 89.63 W, 95 %
2026/03/20 08:34:15.829, 89.59 W, 95 %
2026/03/20 08:34:15.929, 89.56 W, 95 %
2026/03/20 08:34:16.029, 89.50 W, 95 %
2026/03/20 08:34:16.129, 89.49 W, 95 %
2026/03/20 08:34:16.229, 89.32 W, 94 %
2026/03/20 08:34:16.330, 89.07 W, 94 %
2026/03/20 08:34:16.430, 89.15 W, 95 %
2026/03/20 08:34:16.530, 89.12 W, 95 %
2026/03/20 08:34:16.630, 89.03 W, 95 %
2026/03/20 08:34:16.730, 89.09 W, 95 %
2026/03/20 08:34:16.830, 89.14 W, 95 %
2026/03/20 08:34:16.930, 89.25 W, 95 %
2026/03/20 08:34:17.031, 89.40 W, 95 %
2026/03/20 08:34:17.131, 89.38 W, 95 %
2026/03/20 08:34:17.231, 89.39 W, 95 %
2026/03/20 08:34:17.331, 89.58 W, 95 %
2026/03/20 08:34:17.431, 89.64 W, 95 %
2026/03/20 08:34:17.531, 89.72 W, 95 %
2026/03/20 08:34:17.631, 89.78 W, 94 %
2026/03/20 08:34:17.731, 89.74 W, 94 %
2026/03/20 08:34:17.832, 89.86 W, 95 %
2026/03/20 08:34:17.932, 89.78 W, 95 %
2026/03/20 08:34:18.032, 89.69 W, 95 %
2026/03/20 08:34:18.132, 89.69 W, 95 %
2026/03/20 08:34:18.232, 89.90 W, 95 %
2026/03/20 08:34:18.332, 89.87 W, 95 %
2026/03/20 08:34:18.432, 89.80 W, 95 %
2026/03/20 08:34:18.533, 89.79 W, 95 %
2026/03/20 08:34:18.633, 89.70 W, 95 %
2026/03/20 08:34:18.733, 89.75 W, 95 %
2026/03/20 08:34:18.833, 89.65 W, 95 %
2026/03/20 08:34:18.933, 89.52 W, 95 %
2026/03/20 08:34:19.033, 89.48 W, 95 %
2026/03/20 08:34:19.133, 89.55 W, 95 %
2026/03/20 08:34:19.234, 89.60 W, 95 %
2026/03/20 08:34:19.334, 89.47 W, 95 %
2026/03/20 08:34:19.434, 89.43 W, 95 %
2026/03/20 08:34:19.534, 89.46 W, 95 %
2026/03/20 08:34:19.634, 89.61 W, 95 %
2026/03/20 08:34:19.734, 89.40 W, 95 %
2026/03/20 08:34:19.834, 89.45 W, 95 %
2026/03/20 08:34:19.935, 89.45 W, 95 %
2026/03/20 08:34:20.035, 89.46 W, 95 %
2026/03/20 08:34:20.135, 89.40 W, 95 %
2026/03/20 08:34:20.235, 89.37 W, 95 %
2026/03/20 08:34:20.335, 89.32 W, 95 %
2026/03/20 08:34:20.435, 89.46 W, 95 %
2026/03/20 08:34:20.535, 89.55 W, 95 %
2026/03/20 08:34:20.635, 89.38 W, 95 %
2026/03/20 08:34:20.736, 89.36 W, 95 %
2026/03/20 08:34:20.836, 89.34 W, 95 %
2026/03/20 08:34:20.936, 89.41 W, 95 %
2026/03/20 08:34:21.036, 89.38 W, 95 %
2026/03/20 08:34:21.136, 89.32 W, 95 %
2026/03/20 08:34:21.236, 89.26 W, 95 %
2026/03/20 08:34:21.336, 89.33 W, 95 %
2026/03/20 08:34:21.437, 89.24 W, 95 %
2026/03/20 08:34:21.537, 89.23 W, 95 %
2026/03/20 08:34:21.637, 89.20 W, 95 %
2026/03/20 08:34:21.737, 89.35 W, 95 %
2026/03/20 08:34:21.837, 89.49 W, 95 %
2026/03/20 08:34:21.937, 89.38 W, 95 %
2026/03/20 08:34:22.037, 89.27 W, 94 %
2026/03/20 08:34:22.138, 89.22 W, 94 %
2026/03/20 08:34:22.238, 89.39 W, 95 %
2026/03/20 08:34:22.338, 89.34 W, 95 %
2026/03/20 08:34:22.438, 89.28 W, 94 %
2026/03/20 08:34:22.538, 89.07 W, 94 %
2026/03/20 08:34:22.638, 89.13 W, 95 %
2026/03/20 08:34:22.738, 89.08 W, 95 %
2026/03/20 08:34:22.839, 89.04 W, 95 %
2026/03/20 08:34:22.939, 88.91 W, 95 %
2026/03/20 08:34:23.039, 88.94 W, 95 %
2026/03/20 08:34:23.139, 89.12 W, 95 %
2026/03/20 08:34:23.239, 89.10 W, 95 %
2026/03/20 08:34:23.339, 89.00 W, 95 %
2026/03/20 08:34:23.439, 89.16 W, 95 %
2026/03/20 08:34:23.539, 89.22 W, 95 %
2026/03/20 08:34:23.640, 89.20 W, 95 %
2026/03/20 08:34:23.740, 89.21 W, 95 %
2026/03/20 08:34:23.840, 89.22 W, 95 %
2026/03/20 08:34:23.940, 89.27 W, 95 %
2026/03/20 08:34:24.040, 89.41 W, 95 %
2026/03/20 08:34:24.140, 89.47 W, 95 %
2026/03/20 08:34:24.240, 89.23 W, 95 %
2026/03/20 08:34:24.341, 89.30 W, 95 %
2026/03/20 08:34:24.441, 89.38 W, 95 %
2026/03/20 08:34:24.541, 89.53 W, 95 %
2026/03/20 08:34:24.641, 89.65 W, 95 %
2026/03/20 08:34:24.741, 89.59 W, 95 %
2026/03/20 08:34:24.841, 89.45 W, 95 %
2026/03/20 08:34:24.941, 89.57 W, 95 %
2026/03/20 08:34:25.042, 89.59 W, 94 %
2026/03/20 08:34:25.142, 89.41 W, 94 %
2026/03/20 08:34:25.242, 89.51 W, 95 %
2026/03/20 08:34:25.342, 89.65 W, 95 %
2026/03/20 08:34:25.442, 89.54 W, 95 %
2026/03/20 08:34:25.542, 89.51 W, 95 %
2026/03/20 08:34:25.642, 89.24 W, 95 %
2026/03/20 08:34:25.743, 89.38 W, 95 %
2026/03/20 08:34:25.843, 89.42 W, 95 %
2026/03/20 08:34:25.943, 89.30 W, 95 %
2026/03/20 08:34:26.043, 89.15 W, 95 %
2026/03/20 08:34:26.143, 89.38 W, 95 %
2026/03/20 08:34:26.243, 89.42 W, 95 %
2026/03/20 08:34:26.343, 89.31 W, 95 %
2026/03/20 08:34:26.444, 89.15 W, 95 %
2026/03/20 08:34:26.544, 89.07 W, 95 %
2026/03/20 08:34:26.644, 89.26 W, 95 %
2026/03/20 08:34:26.744, 89.33 W, 95 %
2026/03/20 08:34:26.844, 89.43 W, 95 %
2026/03/20 08:34:26.944, 89.47 W, 95 %
2026/03/20 08:34:27.044, 89.56 W, 95 %
2026/03/20 08:34:27.144, 89.58 W, 95 %
2026/03/20 08:34:27.245, 89.62 W, 95 %
2026/03/20 08:34:27.345, 89.54 W, 95 %
2026/03/20 08:34:27.445, 89.63 W, 95 %
2026/03/20 08:34:27.545, 89.66 W, 95 %
2026/03/20 08:34:27.645, 89.57 W, 95 %
2026/03/20 08:34:27.745, 89.45 W, 95 %
2026/03/20 08:34:27.845, 89.32 W, 95 %
2026/03/20 08:34:27.946, 89.45 W, 95 %
2026/03/20 08:34:28.046, 89.56 W, 94 %
2026/03/20 08:34:28.146, 89.57 W, 94 %
2026/03/20 08:34:28.246, 89.38 W, 95 %
2026/03/20 08:34:28.346, 89.45 W, 95 %
2026/03/20 08:34:28.446, 89.56 W, 95 %
2026/03/20 08:34:28.546, 89.61 W, 95 %
2026/03/20 08:34:28.647, 89.72 W, 95 %
2026/03/20 08:34:28.747, 89.66 W, 95 %
2026/03/20 08:34:28.847, 89.78 W, 95 %
2026/03/20 08:34:28.947, 89.80 W, 95 %
2026/03/20 08:34:29.047, 89.70 W, 95 %
2026/03/20 08:34:29.147, 89.60 W, 95 %
2026/03/20 08:34:29.247, 89.61 W, 95 %
2026/03/20 08:34:29.347, 89.61 W, 95 %
2026/03/20 08:34:29.448, 89.66 W, 95 %
2026/03/20 08:34:29.548, 89.67 W, 95 %
2026/03/20 08:34:29.648, 89.53 W, 95 %
2026/03/20 08:34:29.748, 89.75 W, 95 %
2026/03/20 08:34:29.848, 89.62 W, 95 %
2026/03/20 08:34:29.948, 89.52 W, 95 %
2026/03/20 08:34:30.048, 89.48 W, 95 %
2026/03/20 08:34:30.149, 89.51 W, 95 %
2026/03/20 08:34:30.249, 89.59 W, 95 %
2026/03/20 08:34:30.349, 89.62 W, 95 %
2026/03/20 08:34:30.449, 89.47 W, 95 %
2026/03/20 08:34:30.549, 89.37 W, 95 %
2026/03/20 08:34:30.649, 89.49 W, 95 %
2026/03/20 08:34:30.749, 89.33 W, 95 %
2026/03/20 08:34:30.850, 89.44 W, 95 %
2026/03/20 08:34:30.950, 89.34 W, 95 %
2026/03/20 08:34:31.050, 89.34 W, 95 %
2026/03/20 08:34:31.150, 89.33 W, 95 %
2026/03/20 08:34:31.250, 89.27 W, 95 %
2026/03/20 08:34:31.350, 89.24 W, 95 %
2026/03/20 08:34:31.450, 89.27 W, 95 %
2026/03/20 08:34:31.551, 89.39 W, 95 %
2026/03/20 08:34:31.651, 89.34 W, 95 %
2026/03/20 08:34:31.751, 89.24 W, 95 %
2026/03/20 08:34:31.851, 89.12 W, 95 %
2026/03/20 08:34:31.951, 89.20 W, 95 %
2026/03/20 08:34:32.051, 89.21 W, 95 %
2026/03/20 08:34:32.151, 89.20 W, 95 %
2026/03/20 08:34:32.252, 89.07 W, 95 %
2026/03/20 08:34:32.352, 89.00 W, 95 %
2026/03/20 08:34:32.452, 88.86 W, 90 %
2026/03/20 08:34:32.552, 88.68 W, 90 %
2026/03/20 08:34:32.652, 88.71 W, 95 %
2026/03/20 08:34:32.752, 88.66 W, 95 %
2026/03/20 08:34:32.852, 88.83 W, 95 %
2026/03/20 08:34:32.952, 88.94 W, 95 %
2026/03/20 08:34:33.053, 88.89 W, 95 %
2026/03/20 08:34:33.153, 88.85 W, 95 %
2026/03/20 08:34:33.253, 89.00 W, 95 %
2026/03/20 08:34:33.353, 89.15 W, 95 %
2026/03/20 08:34:33.453, 89.34 W, 95 %
2026/03/20 08:34:33.553, 89.36 W, 95 %
2026/03/20 08:34:33.653, 89.27 W, 95 %
2026/03/20 08:34:33.754, 89.36 W, 95 %
2026/03/20 08:34:33.854, 89.43 W, 95 %
2026/03/20 08:34:33.954, 89.40 W, 95 %
2026/03/20 08:34:34.054, 89.35 W, 95 %
2026/03/20 08:34:34.154, 89.33 W, 95 %
2026/03/20 08:34:34.254, 89.35 W, 95 %
2026/03/20 08:34:34.354, 89.25 W, 95 %
2026/03/20 08:34:34.455, 89.05 W, 95 %
2026/03/20 08:34:34.555, 89.10 W, 95 %
2026/03/20 08:34:34.655, 89.34 W, 95 %
2026/03/20 08:34:34.755, 89.20 W, 95 %
2026/03/20 08:34:34.855, 89.09 W, 95 %
2026/03/20 08:34:34.955, 89.05 W, 95 %
2026/03/20 08:34:35.055, 89.24 W, 95 %
2026/03/20 08:34:35.155, 89.26 W, 95 %
2026/03/20 08:34:35.256, 89.28 W, 95 %
2026/03/20 08:34:35.356, 89.18 W, 95 %
2026/03/20 08:34:35.456, 89.16 W, 94 %
2026/03/20 08:34:35.556, 89.14 W, 94 %
2026/03/20 08:34:35.656, 88.99 W, 95 %
2026/03/20 08:34:35.756, 88.97 W, 95 %
2026/03/20 08:34:35.856, 88.86 W, 95 %
2026/03/20 08:34:35.957, 88.96 W, 95 %
2026/03/20 08:34:36.057, 88.68 W, 95 %
2026/03/20 08:34:36.157, 88.85 W, 95 %
2026/03/20 08:34:36.257, 88.93 W, 95 %
2026/03/20 08:34:36.357, 89.05 W, 95 %
2026/03/20 08:34:36.457, 89.31 W, 95 %
2026/03/20 08:34:36.557, 89.38 W, 95 %
2026/03/20 08:34:36.658, 89.37 W, 95 %
2026/03/20 08:34:36.758, 89.33 W, 95 %
2026/03/20 08:34:36.858, 89.47 W, 95 %
2026/03/20 08:34:36.958, 89.45 W, 95 %
2026/03/20 08:34:37.058, 89.57 W, 95 %
2026/03/20 08:34:37.158, 89.39 W, 95 %
2026/03/20 08:34:37.258, 89.27 W, 95 %
2026/03/20 08:34:37.359, 89.32 W, 95 %
2026/03/20 08:34:37.459, 89.19 W, 95 %
2026/03/20 08:34:37.559, 89.07 W, 95 %
2026/03/20 08:34:37.659, 88.97 W, 95 %
2026/03/20 08:34:37.759, 89.17 W, 95 %
2026/03/20 08:34:37.859, 89.19 W, 95 %
2026/03/20 08:34:37.959, 89.20 W, 95 %
2026/03/20 08:34:38.060, 89.16 W, 95 %
2026/03/20 08:34:38.160, 89.17 W, 95 %
2026/03/20 08:34:38.260, 89.28 W, 95 %
2026/03/20 08:34:38.360, 89.21 W, 95 %
2026/03/20 08:34:38.460, 89.19 W, 94 %
2026/03/20 08:34:38.560, 89.36 W, 94 %
2026/03/20 08:34:38.660, 89.51 W, 95 %
2026/03/20 08:34:38.760, 89.40 W, 95 %
2026/03/20 08:34:38.861, 89.41 W, 95 %
2026/03/20 08:34:38.961, 89.31 W, 95 %
2026/03/20 08:34:39.061, 89.47 W, 95 %
2026/03/20 08:34:39.161, 89.53 W, 95 %
2026/03/20 08:34:39.261, 89.43 W, 95 %
2026/03/20 08:34:39.361, 89.42 W, 95 %
2026/03/20 08:34:39.461, 89.36 W, 95 %
2026/03/20 08:34:39.562, 89.39 W, 95 %
2026/03/20 08:34:39.662, 89.46 W, 95 %
2026/03/20 08:34:39.762, 89.50 W, 95 %
2026/03/20 08:34:39.862, 89.40 W, 95 %
2026/03/20 08:34:39.962, 89.42 W, 95 %
2026/03/20 08:34:40.062, 89.50 W, 95 %
2026/03/20 08:34:40.162, 89.59 W, 95 %
2026/03/20 08:34:40.263, 89.61 W, 95 %
2026/03/20 08:34:40.363, 89.70 W, 95 %
2026/03/20 08:34:40.463, 89.87 W, 95 %
2026/03/20 08:34:40.563, 89.82 W, 95 %
2026/03/20 08:34:40.663, 89.70 W, 95 %
2026/03/20 08:34:40.763, 89.64 W, 95 %
2026/03/20 08:34:40.863, 89.73 W, 95 %
2026/03/20 08:34:40.964, 89.90 W, 95 %
2026/03/20 08:34:41.064, 89.78 W, 95 %
2026/03/20 08:34:41.164, 89.59 W, 95 %
2026/03/20 08:34:41.264, 89.64 W, 95 %
2026/03/20 08:34:41.364, 89.72 W, 95 %
2026/03/20 08:34:41.464, 89.45 W, 94 %
2026/03/20 08:34:41.564, 89.46 W, 94 %
2026/03/20 08:34:41.665, 89.31 W, 95 %
2026/03/20 08:34:41.765, 89.21 W, 95 %
2026/03/20 08:34:41.865, 89.14 W, 95 %
2026/03/20 08:34:41.965, 89.11 W, 95 %
2026/03/20 08:34:42.065, 88.96 W, 95 %
2026/03/20 08:34:42.165, 89.11 W, 95 %
2026/03/20 08:34:42.265, 89.14 W, 95 %
2026/03/20 08:34:42.365, 89.22 W, 95 %
2026/03/20 08:34:42.466, 89.22 W, 95 %
2026/03/20 08:34:42.566, 89.29 W, 95 %
2026/03/20 08:34:42.666, 89.42 W, 95 %
2026/03/20 08:34:42.766, 89.60 W, 95 %
2026/03/20 08:34:42.866, 89.51 W, 95 %
2026/03/20 08:34:42.966, 89.30 W, 95 %
2026/03/20 08:34:43.066, 89.44 W, 95 %
2026/03/20 08:34:43.167, 89.49 W, 95 %
2026/03/20 08:34:43.267, 89.40 W, 95 %
2026/03/20 08:34:43.367, 89.18 W, 95 %
2026/03/20 08:34:43.467, 89.14 W, 95 %
2026/03/20 08:34:43.567, 89.31 W, 95 %
2026/03/20 08:34:43.667, 89.27 W, 95 %
2026/03/20 08:34:43.767, 89.26 W, 95 %
2026/03/20 08:34:43.868, 89.21 W, 95 %
2026/03/20 08:34:43.968, 89.25 W, 95 %
2026/03/20 08:34:44.068, 89.36 W, 95 %
2026/03/20 08:34:44.168, 89.34 W, 95 %
2026/03/20 08:34:44.268, 89.28 W, 95 %
2026/03/20 08:34:44.368, 89.43 W, 95 %
2026/03/20 08:34:44.468, 89.49 W, 93 %
2026/03/20 08:34:44.569, 89.40 W, 93 %
2026/03/20 08:34:44.669, 89.39 W, 95 %
2026/03/20 08:34:44.769, 89.39 W, 95 %
2026/03/20 08:34:44.869, 89.47 W, 95 %
2026/03/20 08:34:44.969, 89.63 W, 95 %
2026/03/20 08:34:45.069, 89.68 W, 95 %
2026/03/20 08:34:45.169, 89.60 W, 95 %
2026/03/20 08:34:45.270, 89.49 W, 95 %
2026/03/20 08:34:45.370, 89.46 W, 95 %
2026/03/20 08:34:45.470, 89.48 W, 95 %
2026/03/20 08:34:45.570, 89.28 W, 95 %
2026/03/20 08:34:45.670, 89.24 W, 95 %
2026/03/20 08:34:45.770, 89.29 W, 95 %
2026/03/20 08:34:45.870, 89.18 W, 94 %
2026/03/20 08:34:45.970, 89.10 W, 94 %
2026/03/20 08:34:46.071, 88.88 W, 95 %
2026/03/20 08:34:46.171, 88.92 W, 95 %
2026/03/20 08:34:46.271, 89.06 W, 95 %
2026/03/20 08:34:46.371, 89.11 W, 95 %
2026/03/20 08:34:46.471, 89.05 W, 95 %
2026/03/20 08:34:46.571, 89.07 W, 95 %
2026/03/20 08:34:46.672, 89.34 W, 95 %
2026/03/20 08:34:46.772, 89.18 W, 95 %
2026/03/20 08:34:46.872, 89.29 W, 95 %
2026/03/20 08:34:46.972, 89.32 W, 95 %
2026/03/20 08:34:47.072, 89.48 W, 95 %
2026/03/20 08:34:47.172, 89.50 W, 95 %
2026/03/20 08:34:47.272, 89.46 W, 95 %
2026/03/20 08:34:47.373, 89.42 W, 95 %
2026/03/20 08:34:47.473, 89.46 W, 95 %
2026/03/20 08:34:47.573, 89.51 W, 95 %
2026/03/20 08:34:47.673, 89.33 W, 95 %
2026/03/20 08:34:47.773, 89.36 W, 95 %
2026/03/20 08:34:47.873, 89.27 W, 95 %
2026/03/20 08:34:47.973, 89.27 W, 95 %
2026/03/20 08:34:48.073, 89.30 W, 95 %
2026/03/20 08:34:48.174, 89.32 W, 95 %
2026/03/20 08:34:48.274, 89.29 W, 95 %
2026/03/20 08:34:48.374, 89.36 W, 95 %
2026/03/20 08:34:48.474, 89.40 W, 95 %
2026/03/20 08:34:48.574, 89.38 W, 95 %
2026/03/20 08:34:48.674, 89.31 W, 95 %
2026/03/20 08:34:48.774, 89.40 W, 95 %
2026/03/20 08:34:48.875, 89.52 W, 94 %
2026/03/20 08:34:48.975, 89.68 W, 94 %
2026/03/20 08:34:49.075, 89.69 W, 95 %
2026/03/20 08:34:49.175, 89.59 W, 95 %
2026/03/20 08:34:49.275, 89.62 W, 95 %
2026/03/20 08:34:49.375, 89.65 W, 95 %
2026/03/20 08:34:49.475, 89.52 W, 95 %
2026/03/20 08:34:49.576, 89.50 W, 95 %
2026/03/20 08:34:49.676, 89.60 W, 95 %
2026/03/20 08:34:49.776, 89.62 W, 95 %
2026/03/20 08:34:49.876, 89.50 W, 95 %
2026/03/20 08:34:49.976, 89.35 W, 95 %
2026/03/20 08:34:50.076, 89.27 W, 95 %
2026/03/20 08:34:50.176, 89.33 W, 95 %
2026/03/20 08:34:50.277, 89.38 W, 95 %
2026/03/20 08:34:50.377, 89.25 W, 95 %
2026/03/20 08:34:50.477, 89.29 W, 95 %
2026/03/20 08:34:50.577, 89.19 W, 95 %
2026/03/20 08:34:50.677, 89.22 W, 95 %
2026/03/20 08:34:50.777, 89.16 W, 95 %
2026/03/20 08:34:50.877, 89.09 W, 95 %
2026/03/20 08:34:50.978, 89.08 W, 95 %
2026/03/20 08:34:51.078, 89.11 W, 95 %
2026/03/20 08:34:51.178, 89.07 W, 95 %
2026/03/20 08:34:51.278, 88.97 W, 95 %
2026/03/20 08:34:51.378, 88.86 W, 95 %
2026/03/20 08:34:51.478, 88.84 W, 95 %
2026/03/20 08:34:51.578, 89.10 W, 95 %
2026/03/20 08:34:51.679, 89.09 W, 95 %
2026/03/20 08:34:51.779, 89.09 W, 95 %
2026/03/20 08:34:51.879, 89.00 W, 94 %
2026/03/20 08:34:51.979, 89.16 W, 94 %
2026/03/20 08:34:52.079, 89.11 W, 95 %
2026/03/20 08:34:52.179, 89.13 W, 95 %
2026/03/20 08:34:52.279, 89.17 W, 95 %
2026/03/20 08:34:52.380, 89.34 W, 95 %
2026/03/20 08:34:52.480, 89.37 W, 95 %
2026/03/20 08:34:52.580, 89.16 W, 95 %
2026/03/20 08:34:52.680, 89.03 W, 95 %
2026/03/20 08:34:52.780, 89.06 W, 95 %
2026/03/20 08:34:52.880, 89.41 W, 95 %
2026/03/20 08:34:52.980, 89.28 W, 95 %
2026/03/20 08:34:53.081, 89.36 W, 95 %
2026/03/20 08:34:53.181, 89.40 W, 95 %
2026/03/20 08:34:53.281, 89.47 W, 95 %
2026/03/20 08:34:53.381, 89.53 W, 95 %
2026/03/20 08:34:53.481, 89.55 W, 95 %
2026/03/20 08:34:53.581, 89.49 W, 95 %
2026/03/20 08:34:53.681, 89.54 W, 95 %
2026/03/20 08:34:53.782, 89.53 W, 95 %
2026/03/20 08:34:53.882, 89.40 W, 95 %
2026/03/20 08:34:53.982, 89.40 W, 95 %
2026/03/20 08:34:54.082, 89.39 W, 95 %
2026/03/20 08:34:54.182, 89.37 W, 95 %
2026/03/20 08:34:54.282, 89.38 W, 95 %
2026/03/20 08:34:54.382, 89.29 W, 95 %
2026/03/20 08:34:54.482, 89.28 W, 95 %
2026/03/20 08:34:54.583, 89.30 W, 95 %
2026/03/20 08:34:54.683, 89.41 W, 95 %
2026/03/20 08:34:54.783, 89.45 W, 95 %
2026/03/20 08:34:54.883, 89.40 W, 94 %
2026/03/20 08:34:54.983, 89.51 W, 94 %
2026/03/20 08:34:55.083, 89.63 W, 95 %
2026/03/20 08:34:55.183, 89.57 W, 95 %
2026/03/20 08:34:55.284, 89.60 W, 95 %
2026/03/20 08:34:55.384, 89.56 W, 95 %
2026/03/20 08:34:55.484, 89.69 W, 95 %
2026/03/20 08:34:55.584, 89.76 W, 95 %
2026/03/20 08:34:55.684, 89.72 W, 95 %
2026/03/20 08:34:55.784, 89.56 W, 95 %
2026/03/20 08:34:55.884, 89.62 W, 95 %
2026/03/20 08:34:55.985, 89.45 W, 95 %
2026/03/20 08:34:56.085, 89.34 W, 95 %
2026/03/20 08:34:56.185, 89.35 W, 95 %
2026/03/20 08:34:56.285, 89.29 W, 95 %
2026/03/20 08:34:56.385, 89.37 W, 95 %
2026/03/20 08:34:56.485, 89.33 W, 95 %
2026/03/20 08:34:56.585, 89.16 W, 95 %
2026/03/20 08:34:56.686, 89.08 W, 95 %
2026/03/20 08:34:56.786, 89.17 W, 95 %
2026/03/20 08:34:56.886, 89.10 W, 95 %
2026/03/20 08:34:56.986, 89.19 W, 95 %
2026/03/20 08:34:57.086, 89.10 W, 95 %
2026/03/20 08:34:57.186, 89.07 W, 95 %
2026/03/20 08:34:57.286, 89.03 W, 95 %
2026/03/20 08:34:57.387, 89.07 W, 95 %
2026/03/20 08:34:57.487, 88.81 W, 95 %
2026/03/20 08:34:57.587, 88.93 W, 95 %
2026/03/20 08:34:57.687, 88.95 W, 95 %
2026/03/20 08:34:57.787, 88.89 W, 95 %
2026/03/20 08:34:57.887, 88.92 W, 94 %
2026/03/20 08:34:57.987, 88.95 W, 94 %
2026/03/20 08:34:58.088, 88.92 W, 95 %
2026/03/20 08:34:58.188, 88.84 W, 95 %
2026/03/20 08:34:58.288, 89.03 W, 95 %
2026/03/20 08:34:58.388, 89.01 W, 95 %
2026/03/20 08:34:58.488, 89.13 W, 95 %
2026/03/20 08:34:58.588, 89.25 W, 95 %
2026/03/20 08:34:58.688, 89.54 W, 95 %
2026/03/20 08:34:58.789, 89.50 W, 95 %
2026/03/20 08:34:58.889, 89.51 W, 95 %
2026/03/20 08:34:58.989, 89.54 W, 95 %
2026/03/20 08:34:59.089, 89.71 W, 95 %
2026/03/20 08:34:59.189, 89.94 W, 95 %
2026/03/20 08:34:59.289, 89.38 W, 82 %
2026/03/20 08:34:59.389, 89.17 W, 82 %
2026/03/20 08:34:59.490, 89.14 W, 95 %
2026/03/20 08:34:59.590, 89.13 W, 95 %
2026/03/20 08:34:59.690, 88.81 W, 95 %
2026/03/20 08:34:59.790, 88.92 W, 95 %
2026/03/20 08:34:59.890, 88.91 W, 95 %
2026/03/20 08:34:59.990, 88.96 W, 95 %
2026/03/20 08:35:00.090, 88.90 W, 95 %
2026/03/20 08:35:00.191, 88.70 W, 95 %
2026/03/20 08:35:00.291, 89.13 W, 95 %
2026/03/20 08:35:00.391, 89.19 W, 95 %
2026/03/20 08:35:00.491, 89.35 W, 95 %
2026/03/20 08:35:00.591, 89.25 W, 95 %
2026/03/20 08:35:00.691, 89.27 W, 95 %
2026/03/20 08:35:00.791, 89.36 W, 95 %
2026/03/20 08:35:00.892, 89.33 W, 94 %
2026/03/20 08:35:00.992, 89.32 W, 94 %
2026/03/20 08:35:01.092, 89.19 W, 95 %
2026/03/20 08:35:01.192, 89.24 W, 95 %
2026/03/20 08:35:01.292, 89.27 W, 95 %
2026/03/20 08:35:01.392, 89.30 W, 95 %
2026/03/20 08:35:01.492, 89.26 W, 95 %
2026/03/20 08:35:01.593, 89.21 W, 95 %
2026/03/20 08:35:01.693, 89.30 W, 95 %
2026/03/20 08:35:01.793, 89.21 W, 95 %
2026/03/20 08:35:01.893, 89.27 W, 95 %
2026/03/20 08:35:01.993, 89.23 W, 95 %
2026/03/20 08:35:02.093, 89.19 W, 95 %
2026/03/20 08:35:02.193, 89.16 W, 95 %
2026/03/20 08:35:02.294, 89.12 W, 94 %
2026/03/20 08:35:02.394, 89.14 W, 94 %
2026/03/20 08:35:02.494, 89.17 W, 95 %
2026/03/20 08:35:02.594, 89.21 W, 95 %
2026/03/20 08:35:02.694, 89.18 W, 95 %
2026/03/20 08:35:02.794, 89.17 W, 95 %
2026/03/20 08:35:02.894, 88.99 W, 95 %
2026/03/20 08:35:02.995, 88.95 W, 95 %
2026/03/20 08:35:03.095, 89.26 W, 95 %
2026/03/20 08:35:03.195, 89.30 W, 95 %
2026/03/20 08:35:03.295, 89.25 W, 95 %
2026/03/20 08:35:03.395, 89.27 W, 95 %
2026/03/20 08:35:03.495, 89.26 W, 95 %
2026/03/20 08:35:03.595, 89.24 W, 95 %
2026/03/20 08:35:03.696, 89.31 W, 95 %
2026/03/20 08:35:03.796, 89.25 W, 95 %
2026/03/20 08:35:03.896, 89.23 W, 95 %
2026/03/20 08:35:03.996, 89.43 W, 95 %
2026/03/20 08:35:04.096, 89.24 W, 95 %
2026/03/20 08:35:04.196, 89.19 W, 95 %
2026/03/20 08:35:04.296, 89.31 W, 95 %
2026/03/20 08:35:04.397, 89.39 W, 95 %
2026/03/20 08:35:04.497, 89.52 W, 95 %
2026/03/20 08:35:04.597, 89.63 W, 95 %
2026/03/20 08:35:04.697, 89.44 W, 95 %
2026/03/20 08:35:04.797, 89.54 W, 95 %
2026/03/20 08:35:04.897, 89.69 W, 95 %
2026/03/20 08:35:04.997, 89.68 W, 95 %
2026/03/20 08:35:05.098, 89.76 W, 95 %
2026/03/20 08:35:05.198, 89.69 W, 95 %
2026/03/20 08:35:05.298, 89.79 W, 94 %
2026/03/20 08:35:05.398, 89.74 W, 94 %
2026/03/20 08:35:05.498, 89.56 W, 95 %
2026/03/20 08:35:05.598, 89.40 W, 95 %
2026/03/20 08:35:05.698, 89.36 W, 95 %
2026/03/20 08:35:05.799, 89.38 W, 95 %
2026/03/20 08:35:05.899, 89.46 W, 95 %
2026/03/20 08:35:05.999, 89.31 W, 95 %
2026/03/20 08:35:06.099, 89.25 W, 95 %
2026/03/20 08:35:06.199, 89.23 W, 95 %
2026/03/20 08:35:06.299, 89.07 W, 95 %
2026/03/20 08:35:06.399, 89.04 W, 95 %
2026/03/20 08:35:06.500, 89.16 W, 95 %
2026/03/20 08:35:06.600, 89.23 W, 95 %
2026/03/20 08:35:06.700, 89.28 W, 95 %
2026/03/20 08:35:06.800, 89.27 W, 95 %
2026/03/20 08:35:06.900, 89.01 W, 95 %
2026/03/20 08:35:07.000, 89.14 W, 95 %
2026/03/20 08:35:07.100, 89.20 W, 95 %
2026/03/20 08:35:07.200, 89.23 W, 95 %
2026/03/20 08:35:07.301, 89.17 W, 95 %
2026/03/20 08:35:07.401, 89.01 W, 95 %
2026/03/20 08:35:07.501, 89.07 W, 95 %
2026/03/20 08:35:07.601, 89.10 W, 95 %
2026/03/20 08:35:07.701, 88.99 W, 95 %
2026/03/20 08:35:07.801, 89.06 W, 95 %
2026/03/20 08:35:07.901, 89.00 W, 95 %
2026/03/20 08:35:08.002, 89.06 W, 95 %
2026/03/20 08:35:08.102, 89.04 W, 95 %
2026/03/20 08:35:08.202, 88.96 W, 95 %
2026/03/20 08:35:08.302, 89.04 W, 94 %
2026/03/20 08:35:08.402, 89.14 W, 94 %
2026/03/20 08:35:08.502, 89.04 W, 95 %
2026/03/20 08:35:08.602, 88.93 W, 95 %
2026/03/20 08:35:08.703, 89.08 W, 95 %
2026/03/20 08:35:08.803, 89.17 W, 95 %
2026/03/20 08:35:08.903, 89.45 W, 95 %
2026/03/20 08:35:09.003, 89.34 W, 95 %
2026/03/20 08:35:09.103, 89.37 W, 95 %
2026/03/20 08:35:09.203, 89.45 W, 95 %
2026/03/20 08:35:09.303, 89.65 W, 95 %
2026/03/20 08:35:09.404, 89.55 W, 95 %
2026/03/20 08:35:09.504, 89.50 W, 95 %
2026/03/20 08:35:09.604, 89.58 W, 95 %
2026/03/20 08:35:09.704, 89.63 W, 95 %
2026/03/20 08:35:09.804, 89.63 W, 95 %
2026/03/20 08:35:09.904, 89.32 W, 95 %
2026/03/20 08:35:10.004, 89.29 W, 95 %
2026/03/20 08:35:10.105, 89.24 W, 95 %
2026/03/20 08:35:10.205, 89.21 W, 95 %
2026/03/20 08:35:10.305, 89.14 W, 95 %
2026/03/20 08:35:10.405, 89.14 W, 95 %
2026/03/20 08:35:10.505, 89.18 W, 95 %
2026/03/20 08:35:10.605, 89.18 W, 95 %
2026/03/20 08:35:10.705, 89.19 W, 95 %
2026/03/20 08:35:10.806, 89.17 W, 95 %
2026/03/20 08:35:10.906, 89.17 W, 95 %
2026/03/20 08:35:11.006, 89.20 W, 95 %
2026/03/20 08:35:11.106, 89.24 W, 95 %
2026/03/20 08:35:11.206, 89.28 W, 95 %
2026/03/20 08:35:11.306, 89.09 W, 94 %
2026/03/20 08:35:11.406, 89.00 W, 94 %
2026/03/20 08:35:11.507, 89.03 W, 95 %
2026/03/20 08:35:11.607, 89.11 W, 95 %
2026/03/20 08:35:11.707, 89.20 W, 95 %
2026/03/20 08:35:11.807, 89.23 W, 95 %
2026/03/20 08:35:11.907, 89.47 W, 95 %
2026/03/20 08:35:12.007, 89.47 W, 95 %
2026/03/20 08:35:12.107, 89.44 W, 95 %
2026/03/20 08:35:12.208, 89.36 W, 95 %
2026/03/20 08:35:12.308, 89.36 W, 95 %
2026/03/20 08:35:12.408, 89.52 W, 95 %
2026/03/20 08:35:12.508, 89.59 W, 95 %
2026/03/20 08:35:12.608, 89.46 W, 95 %
2026/03/20 08:35:12.708, 89.34 W, 94 %
2026/03/20 08:35:12.808, 89.24 W, 94 %
2026/03/20 08:35:12.909, 88.94 W, 95 %
2026/03/20 08:35:13.009, 88.83 W, 95 %
2026/03/20 08:35:13.109, 89.00 W, 95 %
2026/03/20 08:35:13.209, 88.96 W, 95 %
2026/03/20 08:35:13.309, 89.13 W, 95 %
2026/03/20 08:35:13.409, 89.20 W, 95 %
2026/03/20 08:35:13.509, 89.17 W, 95 %
2026/03/20 08:35:13.610, 89.18 W, 95 %
2026/03/20 08:35:13.710, 89.24 W, 95 %
2026/03/20 08:35:13.810, 89.29 W, 95 %
2026/03/20 08:35:13.910, 89.44 W, 95 %
2026/03/20 08:35:14.010, 89.49 W, 95 %
2026/03/20 08:35:14.110, 89.44 W, 95 %
2026/03/20 08:35:14.210, 89.54 W, 95 %
2026/03/20 08:35:14.311, 89.45 W, 95 %
2026/03/20 08:35:14.411, 89.42 W, 95 %
2026/03/20 08:35:14.511, 89.37 W, 95 %
2026/03/20 08:35:14.611, 89.45 W, 95 %
2026/03/20 08:35:14.711, 89.51 W, 95 %
2026/03/20 08:35:14.811, 89.41 W, 95 %
2026/03/20 08:35:14.911, 89.35 W, 95 %
2026/03/20 08:35:15.012, 89.35 W, 95 %
2026/03/20 08:35:15.112, 89.27 W, 95 %
2026/03/20 08:35:15.212, 89.10 W, 95 %
2026/03/20 08:35:15.312, 89.10 W, 95 %
2026/03/20 08:35:15.412, 89.06 W, 95 %
2026/03/20 08:35:15.512, 89.06 W, 95 %
2026/03/20 08:35:15.612, 89.06 W, 95 %
2026/03/20 08:35:15.713, 88.96 W, 94 %
2026/03/20 08:35:15.813, 89.00 W, 94 %
2026/03/20 08:35:15.913, 89.13 W, 95 %
2026/03/20 08:35:16.013, 89.24 W, 95 %
2026/03/20 08:35:16.113, 89.31 W, 95 %
2026/03/20 08:35:16.213, 89.37 W, 95 %
2026/03/20 08:35:16.313, 89.44 W, 95 %
2026/03/20 08:35:16.414, 89.51 W, 95 %
2026/03/20 08:35:16.514, 89.53 W, 95 %
2026/03/20 08:35:16.614, 89.34 W, 95 %
2026/03/20 08:35:16.714, 89.43 W, 95 %
2026/03/20 08:35:16.814, 89.41 W, 95 %
2026/03/20 08:35:16.914, 89.32 W, 95 %
2026/03/20 08:35:17.014, 89.19 W, 95 %
2026/03/20 08:35:17.115, 89.06 W, 95 %
2026/03/20 08:35:17.215, 89.02 W, 95 %
2026/03/20 08:35:17.315, 89.06 W, 95 %
2026/03/20 08:35:17.415, 88.91 W, 95 %
2026/03/20 08:35:17.515, 88.90 W, 95 %
2026/03/20 08:35:17.615, 88.92 W, 95 %
2026/03/20 08:35:17.715, 88.89 W, 95 %
2026/03/20 08:35:17.816, 88.93 W, 95 %
2026/03/20 08:35:17.916, 88.88 W, 95 %
2026/03/20 08:35:18.016, 88.81 W, 95 %
2026/03/20 08:35:18.116, 88.80 W, 95 %
2026/03/20 08:35:18.216, 88.98 W, 95 %
2026/03/20 08:35:18.316, 88.96 W, 95 %
2026/03/20 08:35:18.416, 88.96 W, 95 %
2026/03/20 08:35:18.517, 89.09 W, 95 %
2026/03/20 08:35:18.617, 89.35 W, 95 %
2026/03/20 08:35:18.717, 89.42 W, 94 %
2026/03/20 08:35:18.817, 89.32 W, 94 %
2026/03/20 08:35:18.917, 89.39 W, 95 %
2026/03/20 08:35:19.017, 89.51 W, 95 %
2026/03/20 08:35:19.117, 89.65 W, 95 %
2026/03/20 08:35:19.218, 89.48 W, 95 %
2026/03/20 08:35:19.318, 89.48 W, 95 %
2026/03/20 08:35:19.418, 89.46 W, 95 %
2026/03/20 08:35:19.518, 89.56 W, 95 %
2026/03/20 08:35:19.618, 89.45 W, 95 %
2026/03/20 08:35:19.718, 89.42 W, 95 %
2026/03/20 08:35:19.818, 89.31 W, 95 %
2026/03/20 08:35:19.919, 89.43 W, 95 %
2026/03/20 08:35:20.019, 89.50 W, 95 %
2026/03/20 08:35:20.119, 89.51 W, 95 %
2026/03/20 08:35:20.219, 89.42 W, 95 %
2026/03/20 08:35:20.319, 89.38 W, 95 %
2026/03/20 08:35:20.419, 89.36 W, 95 %
2026/03/20 08:35:20.519, 89.24 W, 95 %
2026/03/20 08:35:20.620, 89.15 W, 95 %
2026/03/20 08:35:20.720, 89.03 W, 95 %
2026/03/20 08:35:20.820, 89.22 W, 95 %
2026/03/20 08:35:20.920, 89.24 W, 95 %
2026/03/20 08:35:21.020, 89.05 W, 95 %
2026/03/20 08:35:21.120, 89.00 W, 95 %
2026/03/20 08:35:21.220, 89.13 W, 95 %
2026/03/20 08:35:21.321, 89.22 W, 95 %
2026/03/20 08:35:21.421, 89.15 W, 95 %
2026/03/20 08:35:21.521, 89.01 W, 95 %
2026/03/20 08:35:21.621, 88.99 W, 95 %
2026/03/20 08:35:21.721, 89.02 W, 94 %
2026/03/20 08:35:21.821, 88.89 W, 94 %
2026/03/20 08:35:21.921, 88.85 W, 95 %
2026/03/20 08:35:22.022, 88.88 W, 95 %
2026/03/20 08:35:22.122, 88.92 W, 95 %
2026/03/20 08:35:22.222, 88.92 W, 95 %
2026/03/20 08:35:22.322, 88.86 W, 95 %
2026/03/20 08:35:22.422, 88.89 W, 95 %
2026/03/20 08:35:22.522, 88.98 W, 95 %
2026/03/20 08:35:22.622, 89.16 W, 95 %
2026/03/20 08:35:22.723, 89.20 W, 95 %
2026/03/20 08:35:22.823, 89.24 W, 95 %
2026/03/20 08:35:22.923, 89.21 W, 95 %
2026/03/20 08:35:23.023, 89.22 W, 95 %
2026/03/20 08:35:23.123, 89.14 W, 95 %
2026/03/20 08:35:23.223, 89.11 W, 95 %
2026/03/20 08:35:23.323, 89.05 W, 95 %
2026/03/20 08:35:23.424, 89.13 W, 95 %
2026/03/20 08:35:23.524, 89.25 W, 95 %
2026/03/20 08:35:23.624, 89.17 W, 95 %
2026/03/20 08:35:23.724, 89.08 W, 95 %
2026/03/20 08:35:23.824, 89.08 W, 95 %
2026/03/20 08:35:23.924, 89.18 W, 95 %
2026/03/20 08:35:24.024, 89.25 W, 95 %
2026/03/20 08:35:24.125, 89.38 W, 95 %
2026/03/20 08:35:24.225, 89.37 W, 95 %
2026/03/20 08:35:24.325, 89.43 W, 95 %
2026/03/20 08:35:24.425, 89.46 W, 95 %
2026/03/20 08:35:24.525, 89.35 W, 95 %
2026/03/20 08:35:24.625, 89.28 W, 95 %
2026/03/20 08:35:24.725, 89.28 W, 94 %
2026/03/20 08:35:24.826, 89.36 W, 94 %
2026/03/20 08:35:24.926, 89.22 W, 95 %
2026/03/20 08:35:25.026, 89.03 W, 95 %
2026/03/20 08:35:25.126, 88.91 W, 95 %
2026/03/20 08:35:25.226, 88.98 W, 95 %
2026/03/20 08:35:25.326, 89.08 W, 95 %
2026/03/20 08:35:25.426, 89.02 W, 95 %
2026/03/20 08:35:25.527, 89.06 W, 95 %
2026/03/20 08:35:25.627, 89.12 W, 95 %
2026/03/20 08:35:25.727, 89.17 W, 95 %
2026/03/20 08:35:25.827, 89.09 W, 95 %
2026/03/20 08:35:25.927, 89.06 W, 95 %
2026/03/20 08:35:26.027, 89.27 W, 95 %
2026/03/20 08:35:26.127, 89.47 W, 95 %
2026/03/20 08:35:26.228, 89.47 W, 95 %
2026/03/20 08:35:26.328, 89.38 W, 95 %
2026/03/20 08:35:26.428, 89.38 W, 95 %
2026/03/20 08:35:26.528, 89.37 W, 95 %
2026/03/20 08:35:26.628, 89.40 W, 95 %
2026/03/20 08:35:26.728, 89.45 W, 95 %
2026/03/20 08:35:26.828, 89.45 W, 95 %
2026/03/20 08:35:26.929, 89.54 W, 95 %
2026/03/20 08:35:27.029, 89.43 W, 95 %
2026/03/20 08:35:27.129, 89.39 W, 95 %
2026/03/20 08:35:27.229, 89.30 W, 95 %
2026/03/20 08:35:27.329, 89.15 W, 95 %
2026/03/20 08:35:27.429, 89.07 W, 95 %
2026/03/20 08:35:27.529, 89.15 W, 95 %
2026/03/20 08:35:27.630, 89.13 W, 95 %
2026/03/20 08:35:27.730, 88.99 W, 94 %
2026/03/20 08:35:27.830, 88.93 W, 94 %
2026/03/20 08:35:27.930, 89.01 W, 95 %
2026/03/20 08:35:28.030, 88.96 W, 95 %
2026/03/20 08:35:28.130, 88.85 W, 95 %
2026/03/20 08:35:28.230, 88.87 W, 95 %
2026/03/20 08:35:28.331, 88.96 W, 95 %
2026/03/20 08:35:28.431, 88.99 W, 95 %
2026/03/20 08:35:28.531, 89.06 W, 95 %
2026/03/20 08:35:28.631, 89.03 W, 95 %
2026/03/20 08:35:28.731, 89.10 W, 95 %
2026/03/20 08:35:28.831, 89.24 W, 95 %
2026/03/20 08:35:28.931, 89.24 W, 95 %
2026/03/20 08:35:29.031, 89.21 W, 95 %
2026/03/20 08:35:29.132, 89.30 W, 95 %
2026/03/20 08:35:29.232, 89.31 W, 95 %
2026/03/20 08:35:29.332, 89.42 W, 95 %
2026/03/20 08:35:29.432, 89.44 W, 95 %
2026/03/20 08:35:29.532, 89.37 W, 95 %
2026/03/20 08:35:29.632, 89.45 W, 95 %
2026/03/20 08:35:29.732, 89.43 W, 95 %
2026/03/20 08:35:29.833, 89.42 W, 95 %
2026/03/20 08:35:29.933, 89.37 W, 95 %
2026/03/20 08:35:30.033, 89.49 W, 95 %
2026/03/20 08:35:30.133, 89.49 W, 95 %
2026/03/20 08:35:30.233, 89.61 W, 95 %
2026/03/20 08:35:30.333, 89.67 W, 95 %
2026/03/20 08:35:30.433, 89.58 W, 95 %
2026/03/20 08:35:30.534, 89.67 W, 95 %
2026/03/20 08:35:30.634, 89.63 W, 95 %
2026/03/20 08:35:30.734, 89.64 W, 94 %
2026/03/20 08:35:30.834, 89.64 W, 94 %
2026/03/20 08:35:30.934, 89.61 W, 95 %
2026/03/20 08:35:31.034, 89.71 W, 95 %
2026/03/20 08:35:31.134, 89.68 W, 95 %
2026/03/20 08:35:31.235, 89.61 W, 95 %
2026/03/20 08:35:31.335, 89.43 W, 95 %
2026/03/20 08:35:31.435, 89.55 W, 95 %
2026/03/20 08:35:31.535, 89.59 W, 95 %
2026/03/20 08:35:31.635, 89.41 W, 95 %
2026/03/20 08:35:31.735, 89.53 W, 95 %
2026/03/20 08:35:31.835, 89.43 W, 95 %
2026/03/20 08:35:31.936, 89.40 W, 95 %
2026/03/20 08:35:32.036, 89.39 W, 95 %
2026/03/20 08:35:32.136, 89.37 W, 95 %
2026/03/20 08:35:32.236, 89.31 W, 95 %
2026/03/20 08:35:32.336, 89.40 W, 95 %
2026/03/20 08:35:32.436, 89.37 W, 95 %
2026/03/20 08:35:32.536, 89.21 W, 95 %
2026/03/20 08:35:32.637, 89.27 W, 95 %
2026/03/20 08:35:32.737, 89.18 W, 95 %
2026/03/20 08:35:32.837, 89.29 W, 95 %
2026/03/20 08:35:32.937, 89.29 W, 95 %
2026/03/20 08:35:33.037, 89.22 W, 95 %
2026/03/20 08:35:33.137, 89.30 W, 95 %
2026/03/20 08:35:33.237, 89.27 W, 95 %
2026/03/20 08:35:33.338, 89.17 W, 95 %
2026/03/20 08:35:33.438, 89.14 W, 95 %
2026/03/20 08:35:33.538, 89.21 W, 95 %
2026/03/20 08:35:33.638, 89.20 W, 95 %
2026/03/20 08:35:33.738, 89.15 W, 94 %
2026/03/20 08:35:33.838, 89.10 W, 94 %
2026/03/20 08:35:33.938, 89.12 W, 95 %
2026/03/20 08:35:34.039, 89.01 W, 95 %
2026/03/20 08:35:34.139, 88.97 W, 93 %
2026/03/20 08:35:34.239, 88.99 W, 93 %
2026/03/20 08:35:34.339, 89.09 W, 95 %
2026/03/20 08:35:34.439, 89.14 W, 95 %
2026/03/20 08:35:34.539, 89.10 W, 95 %
2026/03/20 08:35:34.639, 89.11 W, 95 %
2026/03/20 08:35:34.740, 89.20 W, 95 %
2026/03/20 08:35:34.840, 89.15 W, 95 %
2026/03/20 08:35:34.940, 89.12 W, 95 %
2026/03/20 08:35:35.040, 89.24 W, 95 %
2026/03/20 08:35:35.140, 89.28 W, 95 %
2026/03/20 08:35:35.240, 89.19 W, 95 %
2026/03/20 08:35:35.340, 89.07 W, 95 %
2026/03/20 08:35:35.441, 88.95 W, 95 %
2026/03/20 08:35:35.541, 89.09 W, 95 %
2026/03/20 08:35:35.641, 89.01 W, 95 %
2026/03/20 08:35:35.741, 88.99 W, 95 %
2026/03/20 08:35:35.841, 89.07 W, 95 %
2026/03/20 08:35:35.941, 89.14 W, 95 %
2026/03/20 08:35:36.041, 89.13 W, 95 %
2026/03/20 08:35:36.142, 88.96 W, 95 %
2026/03/20 08:35:36.242, 89.11 W, 95 %
2026/03/20 08:35:36.342, 89.07 W, 95 %
2026/03/20 08:35:36.442, 89.14 W, 95 %
2026/03/20 08:35:36.542, 89.03 W, 95 %
2026/03/20 08:35:36.642, 88.98 W, 95 %
2026/03/20 08:35:36.742, 88.99 W, 94 %
2026/03/20 08:35:36.843, 89.12 W, 94 %
2026/03/20 08:35:36.943, 89.19 W, 95 %
2026/03/20 08:35:37.043, 89.06 W, 95 %
2026/03/20 08:35:37.143, 89.14 W, 95 %
2026/03/20 08:35:37.243, 89.12 W, 95 %
2026/03/20 08:35:37.343, 89.34 W, 95 %
2026/03/20 08:35:37.443, 89.27 W, 95 %
2026/03/20 08:35:37.544, 89.35 W, 95 %
2026/03/20 08:35:37.644, 89.49 W, 95 %
2026/03/20 08:35:37.744, 89.45 W, 95 %
2026/03/20 08:35:37.844, 89.42 W, 95 %
2026/03/20 08:35:37.944, 89.31 W, 95 %
2026/03/20 08:35:38.044, 89.37 W, 95 %
2026/03/20 08:35:38.144, 89.35 W, 95 %
2026/03/20 08:35:38.245, 89.40 W, 95 %
2026/03/20 08:35:38.345, 89.28 W, 95 %
2026/03/20 08:35:38.445, 89.35 W, 95 %
2026/03/20 08:35:38.545, 89.36 W, 95 %
2026/03/20 08:35:38.645, 89.38 W, 95 %
2026/03/20 08:35:38.745, 89.28 W, 95 %
2026/03/20 08:35:38.845, 89.19 W, 95 %
2026/03/20 08:35:38.946, 89.22 W, 95 %
2026/03/20 08:35:39.046, 89.29 W, 95 %
2026/03/20 08:35:39.146, 89.31 W, 95 %
2026/03/20 08:35:39.246, 89.20 W, 95 %
2026/03/20 08:35:39.346, 89.21 W, 95 %
2026/03/20 08:35:39.446, 89.28 W, 95 %
2026/03/20 08:35:39.546, 89.24 W, 95 %
2026/03/20 08:35:39.647, 89.10 W, 95 %
2026/03/20 08:35:39.747, 89.14 W, 94 %
2026/03/20 08:35:39.847, 89.18 W, 94 %
2026/03/20 08:35:39.947, 89.21 W, 95 %
2026/03/20 08:35:40.047, 89.12 W, 95 %
2026/03/20 08:35:40.147, 89.04 W, 95 %
2026/03/20 08:35:40.247, 89.10 W, 95 %
2026/03/20 08:35:40.348, 89.16 W, 95 %
2026/03/20 08:35:40.448, 89.15 W, 95 %
2026/03/20 08:35:40.548, 89.16 W, 95 %
2026/03/20 08:35:40.648, 89.21 W, 95 %
2026/03/20 08:35:40.748, 89.34 W, 95 %
2026/03/20 08:35:40.848, 89.36 W, 95 %
2026/03/20 08:35:40.948, 89.33 W, 95 %
2026/03/20 08:35:41.049, 89.27 W, 95 %
2026/03/20 08:35:41.149, 89.50 W, 95 %
2026/03/20 08:35:41.249, 89.43 W, 95 %
2026/03/20 08:35:41.349, 89.31 W, 95 %
2026/03/20 08:35:41.449, 89.24 W, 95 %
2026/03/20 08:35:41.549, 89.14 W, 95 %
2026/03/20 08:35:41.649, 89.31 W, 95 %
2026/03/20 08:35:41.749, 89.23 W, 95 %
2026/03/20 08:35:41.850, 89.22 W, 95 %
2026/03/20 08:35:41.950, 89.25 W, 95 %
2026/03/20 08:35:42.050, 89.25 W, 95 %
2026/03/20 08:35:42.150, 89.25 W, 95 %
2026/03/20 08:35:42.250, 89.15 W, 95 %
2026/03/20 08:35:42.350, 89.22 W, 95 %
2026/03/20 08:35:42.450, 89.26 W, 95 %
2026/03/20 08:35:42.551, 89.31 W, 95 %
2026/03/20 08:35:42.651, 89.16 W, 95 %
2026/03/20 08:35:42.751, 89.14 W, 94 %
2026/03/20 08:35:42.851, 89.16 W, 94 %
2026/03/20 08:35:42.951, 89.15 W, 95 %
2026/03/20 08:35:43.051, 89.26 W, 95 %
2026/03/20 08:35:43.151, 89.17 W, 95 %
2026/03/20 08:35:43.252, 89.18 W, 95 %
2026/03/20 08:35:43.352, 89.11 W, 95 %
2026/03/20 08:35:43.452, 89.13 W, 95 %
2026/03/20 08:35:43.552, 89.16 W, 95 %
2026/03/20 08:35:43.652, 89.04 W, 95 %
2026/03/20 08:35:43.752, 89.06 W, 95 %
2026/03/20 08:35:43.852, 89.07 W, 95 %
2026/03/20 08:35:43.953, 89.09 W, 95 %
2026/03/20 08:35:44.053, 88.94 W, 95 %
2026/03/20 08:35:44.153, 88.83 W, 95 %
2026/03/20 08:35:44.253, 88.87 W, 95 %
2026/03/20 08:35:44.353, 88.93 W, 95 %
2026/03/20 08:35:44.453, 88.85 W, 95 %
2026/03/20 08:35:44.553, 88.71 W, 95 %
2026/03/20 08:35:44.654, 88.84 W, 95 %
2026/03/20 08:35:44.754, 88.92 W, 95 %
2026/03/20 08:35:44.854, 88.83 W, 95 %
2026/03/20 08:35:44.954, 88.82 W, 95 %
2026/03/20 08:35:45.054, 88.76 W, 95 %
2026/03/20 08:35:45.154, 88.93 W, 95 %
2026/03/20 08:35:45.254, 88.99 W, 95 %
2026/03/20 08:35:45.355, 88.93 W, 95 %
2026/03/20 08:35:45.455, 88.86 W, 95 %
2026/03/20 08:35:45.555, 88.98 W, 95 %
2026/03/20 08:35:45.655, 88.89 W, 95 %
2026/03/20 08:35:45.755, 88.93 W, 94 %
2026/03/20 08:35:45.855, 88.91 W, 94 %
2026/03/20 08:35:45.955, 88.73 W, 95 %
2026/03/20 08:35:46.056, 88.82 W, 95 %
2026/03/20 08:35:46.156, 88.76 W, 95 %
2026/03/20 08:35:46.256, 88.71 W, 95 %
2026/03/20 08:35:46.356, 88.71 W, 95 %
2026/03/20 08:35:46.456, 88.74 W, 95 %
2026/03/20 08:35:46.556, 88.86 W, 95 %
2026/03/20 08:35:46.656, 88.86 W, 95 %
2026/03/20 08:35:46.757, 88.79 W, 95 %
2026/03/20 08:35:46.857, 88.87 W, 95 %
2026/03/20 08:35:46.957, 89.06 W, 95 %
2026/03/20 08:35:47.057, 89.20 W, 95 %
2026/03/20 08:35:47.157, 89.16 W, 95 %
2026/03/20 08:35:47.257, 89.10 W, 95 %
2026/03/20 08:35:47.357, 89.12 W, 95 %
2026/03/20 08:35:47.458, 89.19 W, 95 %
2026/03/20 08:35:47.558, 89.21 W, 95 %
2026/03/20 08:35:47.658, 89.15 W, 95 %
2026/03/20 08:35:47.758, 89.12 W, 95 %
2026/03/20 08:35:47.858, 89.15 W, 95 %
2026/03/20 08:35:47.958, 89.19 W, 95 %
2026/03/20 08:35:48.058, 89.06 W, 95 %
2026/03/20 08:35:48.159, 89.18 W, 95 %
2026/03/20 08:35:48.259, 89.24 W, 95 %
2026/03/20 08:35:48.359, 89.34 W, 95 %
2026/03/20 08:35:48.459, 89.28 W, 95 %
2026/03/20 08:35:48.559, 89.14 W, 95 %
2026/03/20 08:35:48.659, 89.19 W, 95 %
2026/03/20 08:35:48.759, 89.19 W, 94 %
2026/03/20 08:35:48.860, 89.18 W, 94 %
2026/03/20 08:35:48.960, 89.11 W, 95 %
2026/03/20 08:35:49.060, 89.02 W, 95 %
2026/03/20 08:35:49.160, 88.94 W, 95 %
2026/03/20 08:35:49.260, 89.02 W, 95 %
2026/03/20 08:35:49.360, 88.88 W, 95 %
2026/03/20 08:35:49.460, 88.83 W, 95 %
2026/03/20 08:35:49.561, 88.89 W, 95 %
2026/03/20 08:35:49.661, 88.97 W, 95 %
2026/03/20 08:35:49.761, 89.04 W, 95 %
2026/03/20 08:35:49.861, 89.00 W, 95 %
2026/03/20 08:35:49.961, 88.98 W, 95 %
2026/03/20 08:35:50.061, 89.20 W, 95 %
2026/03/20 08:35:50.161, 89.34 W, 95 %
2026/03/20 08:35:50.262, 89.09 W, 95 %
2026/03/20 08:35:50.362, 89.12 W, 95 %
2026/03/20 08:35:50.462, 89.24 W, 95 %
2026/03/20 08:35:50.562, 89.33 W, 95 %
2026/03/20 08:35:50.662, 89.30 W, 95 %
2026/03/20 08:35:50.762, 89.31 W, 95 %
2026/03/20 08:35:50.862, 89.28 W, 95 %
2026/03/20 08:35:50.963, 89.39 W, 95 %
2026/03/20 08:35:51.063, 89.33 W, 95 %
2026/03/20 08:35:51.163, 89.24 W, 95 %
2026/03/20 08:35:51.263, 89.46 W, 95 %
2026/03/20 08:35:51.363, 89.39 W, 95 %
2026/03/20 08:35:51.463, 89.53 W, 95 %
2026/03/20 08:35:51.563, 89.44 W, 95 %
2026/03/20 08:35:51.664, 89.38 W, 95 %
2026/03/20 08:35:51.764, 89.35 W, 94 %
2026/03/20 08:35:51.864, 89.45 W, 94 %
2026/03/20 08:35:51.964, 89.36 W, 95 %
2026/03/20 08:35:52.064, 89.23 W, 95 %
2026/03/20 08:35:52.164, 89.28 W, 95 %
2026/03/20 08:35:52.264, 89.40 W, 95 %
2026/03/20 08:35:52.365, 89.46 W, 95 %
2026/03/20 08:35:52.465, 89.33 W, 95 %
2026/03/20 08:35:52.565, 89.40 W, 95 %
2026/03/20 08:35:52.665, 89.51 W, 95 %
2026/03/20 08:35:52.765, 89.53 W, 95 %
2026/03/20 08:35:52.865, 89.46 W, 95 %
2026/03/20 08:35:52.965, 89.45 W, 95 %
2026/03/20 08:35:53.066, 89.44 W, 95 %
2026/03/20 08:35:53.166, 89.39 W, 95 %
2026/03/20 08:35:53.266, 89.27 W, 95 %
2026/03/20 08:35:53.366, 89.32 W, 95 %
2026/03/20 08:35:53.466, 89.35 W, 95 %
2026/03/20 08:35:53.566, 89.32 W, 95 %
2026/03/20 08:35:53.666, 89.35 W, 95 %
2026/03/20 08:35:53.767, 89.38 W, 95 %
2026/03/20 08:35:53.867, 89.45 W, 95 %
2026/03/20 08:35:53.967, 89.41 W, 95 %
2026/03/20 08:35:54.067, 89.56 W, 95 %
2026/03/20 08:35:54.167, 89.67 W, 95 %
2026/03/20 08:35:54.267, 89.47 W, 95 %
2026/03/20 08:35:54.367, 89.29 W, 95 %
2026/03/20 08:35:54.467, 89.35 W, 95 %
2026/03/20 08:35:54.568, 89.39 W, 95 %
2026/03/20 08:35:54.668, 89.24 W, 95 %
2026/03/20 08:35:54.768, 89.18 W, 94 %
2026/03/20 08:35:54.868, 89.20 W, 94 %
2026/03/20 08:35:54.968, 89.36 W, 95 %
2026/03/20 08:35:55.068, 89.38 W, 95 %
2026/03/20 08:35:55.168, 89.29 W, 95 %
2026/03/20 08:35:55.269, 89.45 W, 95 %
2026/03/20 08:35:55.369, 89.60 W, 95 %
2026/03/20 08:35:55.469, 89.55 W, 95 %
2026/03/20 08:35:55.569, 89.54 W, 95 %
2026/03/20 08:35:55.669, 89.58 W, 95 %
2026/03/20 08:35:55.769, 89.53 W, 95 %
2026/03/20 08:35:55.869, 89.64 W, 95 %
2026/03/20 08:35:55.970, 89.50 W, 95 %
2026/03/20 08:35:56.070, 89.54 W, 95 %
2026/03/20 08:35:56.170, 89.47 W, 95 %
2026/03/20 08:35:56.270, 89.54 W, 95 %
2026/03/20 08:35:56.370, 89.40 W, 95 %
2026/03/20 08:35:56.470, 89.49 W, 95 %
2026/03/20 08:35:56.570, 89.60 W, 95 %
2026/03/20 08:35:56.671, 89.69 W, 95 %
2026/03/20 08:35:56.771, 89.71 W, 95 %
2026/03/20 08:35:56.871, 89.67 W, 95 %
2026/03/20 08:35:56.971, 89.56 W, 95 %
2026/03/20 08:35:57.071, 89.52 W, 95 %
2026/03/20 08:35:57.171, 89.68 W, 95 %
2026/03/20 08:35:57.271, 89.65 W, 95 %
2026/03/20 08:35:57.372, 89.46 W, 95 %
2026/03/20 08:35:57.472, 89.54 W, 95 %
2026/03/20 08:35:57.572, 89.48 W, 95 %
2026/03/20 08:35:57.672, 89.54 W, 95 %
2026/03/20 08:35:57.772, 89.57 W, 94 %
2026/03/20 08:35:57.872, 89.38 W, 94 %
2026/03/20 08:35:57.972, 89.38 W, 95 %
2026/03/20 08:35:58.073, 89.48 W, 95 %
2026/03/20 08:35:58.173, 89.37 W, 95 %
2026/03/20 08:35:58.273, 89.36 W, 95 %
2026/03/20 08:35:58.373, 89.47 W, 95 %
2026/03/20 08:35:58.473, 89.34 W, 95 %
2026/03/20 08:35:58.573, 89.17 W, 95 %
2026/03/20 08:35:58.673, 89.02 W, 95 %
2026/03/20 08:35:58.774, 88.92 W, 95 %
2026/03/20 08:35:58.874, 89.03 W, 95 %
2026/03/20 08:35:58.974, 89.17 W, 95 %
2026/03/20 08:35:59.074, 89.09 W, 95 %
2026/03/20 08:35:59.174, 89.21 W, 94 %
2026/03/20 08:35:59.274, 89.33 W, 94 %
2026/03/20 08:35:59.374, 89.40 W, 95 %
2026/03/20 08:35:59.475, 89.54 W, 95 %
2026/03/20 08:35:59.575, 89.50 W, 95 %
2026/03/20 08:35:59.675, 89.45 W, 95 %
2026/03/20 08:35:59.775, 89.62 W, 95 %
2026/03/20 08:35:59.875, 89.77 W, 95 %
2026/03/20 08:35:59.975, 89.57 W, 95 %
2026/03/20 08:36:00.075, 89.68 W, 95 %
2026/03/20 08:36:00.176, 89.61 W, 95 %
2026/03/20 08:36:00.276, 89.68 W, 95 %
2026/03/20 08:36:00.376, 89.58 W, 95 %
2026/03/20 08:36:00.476, 89.45 W, 95 %
2026/03/20 08:36:00.576, 89.46 W, 95 %
2026/03/20 08:36:00.676, 89.56 W, 95 %
2026/03/20 08:36:00.776, 89.55 W, 95 %
2026/03/20 08:36:00.877, 89.42 W, 95 %
2026/03/20 08:36:00.977, 89.53 W, 95 %
2026/03/20 08:36:01.077, 89.37 W, 95 %
2026/03/20 08:36:01.177, 89.46 W, 95 %
2026/03/20 08:36:01.277, 89.49 W, 95 %
2026/03/20 08:36:01.377, 89.57 W, 95 %
2026/03/20 08:36:01.477, 89.67 W, 95 %
2026/03/20 08:36:01.578, 89.79 W, 95 %
2026/03/20 08:36:01.678, 89.90 W, 95 %
2026/03/20 08:36:01.778, 89.95 W, 95 %
2026/03/20 08:36:01.878, 89.94 W, 95 %
2026/03/20 08:36:01.978, 89.88 W, 95 %
2026/03/20 08:36:02.078, 89.85 W, 95 %
2026/03/20 08:36:02.178, 89.73 W, 94 %
2026/03/20 08:36:02.279, 89.54 W, 94 %
2026/03/20 08:36:02.379, 89.53 W, 95 %
2026/03/20 08:36:02.479, 89.61 W, 95 %
2026/03/20 08:36:02.579, 89.52 W, 95 %
2026/03/20 08:36:02.679, 89.32 W, 95 %
2026/03/20 08:36:02.779, 89.21 W, 95 %
2026/03/20 08:36:02.879, 89.31 W, 95 %
2026/03/20 08:36:02.980, 89.35 W, 95 %
2026/03/20 08:36:03.080, 89.25 W, 95 %
2026/03/20 08:36:03.180, 89.15 W, 95 %
2026/03/20 08:36:03.280, 89.12 W, 95 %
2026/03/20 08:36:03.380, 89.16 W, 95 %
2026/03/20 08:36:03.480, 89.21 W, 95 %
2026/03/20 08:36:03.580, 89.09 W, 95 %
2026/03/20 08:36:03.681, 89.12 W, 95 %
2026/03/20 08:36:03.781, 89.10 W, 95 %
2026/03/20 08:36:03.881, 89.06 W, 95 %
2026/03/20 08:36:03.981, 89.13 W, 95 %
2026/03/20 08:36:04.081, 89.14 W, 95 %
2026/03/20 08:36:04.181, 89.34 W, 95 %
2026/03/20 08:36:04.281, 89.37 W, 95 %
2026/03/20 08:36:04.382, 89.24 W, 95 %
2026/03/20 08:36:04.482, 89.18 W, 95 %
2026/03/20 08:36:04.582, 89.14 W, 95 %
2026/03/20 08:36:04.682, 89.25 W, 95 %
2026/03/20 08:36:04.782, 89.42 W, 95 %
2026/03/20 08:36:04.882, 89.37 W, 95 %
2026/03/20 08:36:04.982, 89.22 W, 95 %
2026/03/20 08:36:05.083, 89.34 W, 95 %
2026/03/20 08:36:05.183, 89.29 W, 94 %
2026/03/20 08:36:05.283, 89.35 W, 94 %
2026/03/20 08:36:05.383, 89.30 W, 95 %
2026/03/20 08:36:05.483, 89.34 W, 95 %
2026/03/20 08:36:05.583, 89.23 W, 95 %
2026/03/20 08:36:05.683, 89.18 W, 95 %
2026/03/20 08:36:05.784, 89.03 W, 95 %
2026/03/20 08:36:05.884, 88.88 W, 95 %
2026/03/20 08:36:05.984, 88.96 W, 95 %
2026/03/20 08:36:06.084, 89.03 W, 95 %
2026/03/20 08:36:06.184, 88.99 W, 95 %
2026/03/20 08:36:06.284, 88.94 W, 95 %
2026/03/20 08:36:06.384, 88.98 W, 95 %
2026/03/20 08:36:06.485, 89.00 W, 95 %
2026/03/20 08:36:06.585, 89.02 W, 95 %
2026/03/20 08:36:06.685, 89.04 W, 95 %
2026/03/20 08:36:06.785, 88.94 W, 95 %
2026/03/20 08:36:06.885, 89.12 W, 95 %
2026/03/20 08:36:06.985, 89.11 W, 95 %
2026/03/20 08:36:07.085, 89.07 W, 95 %
2026/03/20 08:36:07.186, 89.20 W, 95 %
2026/03/20 08:36:07.286, 89.13 W, 95 %
2026/03/20 08:36:07.386, 89.25 W, 95 %
2026/03/20 08:36:07.486, 89.25 W, 95 %
2026/03/20 08:36:07.586, 89.38 W, 95 %
2026/03/20 08:36:07.686, 89.34 W, 95 %
2026/03/20 08:36:07.786, 89.38 W, 95 %
2026/03/20 08:36:07.887, 89.38 W, 95 %
2026/03/20 08:36:07.987, 89.51 W, 95 %
2026/03/20 08:36:08.087, 89.36 W, 95 %
2026/03/20 08:36:08.187, 89.08 W, 94 %
2026/03/20 08:36:08.287, 89.12 W, 94 %
2026/03/20 08:36:08.387, 89.18 W, 95 %
2026/03/20 08:36:08.487, 89.19 W, 95 %
2026/03/20 08:36:08.588, 89.23 W, 95 %
2026/03/20 08:36:08.688, 89.42 W, 95 %
2026/03/20 08:36:08.788, 89.35 W, 95 %
2026/03/20 08:36:08.888, 89.39 W, 95 %
2026/03/20 08:36:08.988, 89.34 W, 95 %
2026/03/20 08:36:09.088, 89.54 W, 95 %
2026/03/20 08:36:09.188, 89.81 W, 95 %
2026/03/20 08:36:09.289, 90.01 W, 95 %
2026/03/20 08:36:09.389, 89.90 W, 95 %
2026/03/20 08:36:09.489, 89.88 W, 95 %
2026/03/20 08:36:09.589, 89.74 W, 95 %
2026/03/20 08:36:09.689, 89.67 W, 95 %
2026/03/20 08:36:09.789, 89.69 W, 95 %
2026/03/20 08:36:09.889, 89.61 W, 95 %
2026/03/20 08:36:09.989, 89.62 W, 95 %
2026/03/20 08:36:10.090, 89.59 W, 95 %
2026/03/20 08:36:10.190, 89.49 W, 95 %
2026/03/20 08:36:10.290, 89.50 W, 95 %
2026/03/20 08:36:10.390, 89.62 W, 95 %
2026/03/20 08:36:10.490, 89.61 W, 95 %
2026/03/20 08:36:10.590, 89.58 W, 95 %
2026/03/20 08:36:10.690, 89.64 W, 95 %
2026/03/20 08:36:10.791, 89.69 W, 95 %
2026/03/20 08:36:10.891, 89.67 W, 95 %
2026/03/20 08:36:10.991, 89.55 W, 95 %
2026/03/20 08:36:11.091, 89.43 W, 95 %
2026/03/20 08:36:11.191, 89.38 W, 95 %
2026/03/20 08:36:11.291, 89.37 W, 95 %
2026/03/20 08:36:11.391, 89.16 W, 95 %
2026/03/20 08:36:11.492, 89.18 W, 95 %
2026/03/20 08:36:11.592, 89.32 W, 95 %
2026/03/20 08:36:11.692, 89.18 W, 95 %
2026/03/20 08:36:11.792, 89.13 W, 95 %
2026/03/20 08:36:11.892, 89.24 W, 95 %
2026/03/20 08:36:11.992, 89.34 W, 95 %
2026/03/20 08:36:12.092, 89.42 W, 95 %
2026/03/20 08:36:12.193, 89.41 W, 95 %
2026/03/20 08:36:12.293, 89.24 W, 95 %
2026/03/20 08:36:12.393, 89.31 W, 95 %
2026/03/20 08:36:12.493, 89.25 W, 95 %
2026/03/20 08:36:12.593, 89.12 W, 95 %
2026/03/20 08:36:12.693, 89.31 W, 95 %
2026/03/20 08:36:12.793, 89.36 W, 95 %
2026/03/20 08:36:12.894, 89.22 W, 95 %
2026/03/20 08:36:12.994, 89.18 W, 95 %
2026/03/20 08:36:13.094, 89.25 W, 95 %
2026/03/20 08:36:13.194, 89.27 W, 95 %
2026/03/20 08:36:13.294, 89.35 W, 95 %
2026/03/20 08:36:13.394, 89.33 W, 95 %
2026/03/20 08:36:13.494, 89.40 W, 95 %
2026/03/20 08:36:13.595, 89.35 W, 95 %
2026/03/20 08:36:13.695, 89.29 W, 95 %
2026/03/20 08:36:13.795, 89.18 W, 95 %
2026/03/20 08:36:13.895, 89.27 W, 95 %
2026/03/20 08:36:13.995, 89.26 W, 94 %
2026/03/20 08:36:14.095, 89.25 W, 94 %
2026/03/20 08:36:14.195, 89.39 W, 95 %
2026/03/20 08:36:14.296, 89.32 W, 95 %
2026/03/20 08:36:14.396, 89.44 W, 95 %
2026/03/20 08:36:14.496, 89.36 W, 95 %
2026/03/20 08:36:14.596, 89.43 W, 95 %
2026/03/20 08:36:14.696, 89.29 W, 95 %
2026/03/20 08:36:14.796, 89.32 W, 95 %
2026/03/20 08:36:14.896, 89.21 W, 95 %
2026/03/20 08:36:14.997, 89.27 W, 95 %
2026/03/20 08:36:15.097, 89.31 W, 95 %
2026/03/20 08:36:15.197, 89.13 W, 95 %
2026/03/20 08:36:15.297, 89.17 W, 95 %
2026/03/20 08:36:15.397, 89.16 W, 95 %
2026/03/20 08:36:15.497, 89.13 W, 95 %
2026/03/20 08:36:15.597, 89.13 W, 95 %
2026/03/20 08:36:15.698, 89.37 W, 95 %
2026/03/20 08:36:15.798, 89.38 W, 95 %
2026/03/20 08:36:15.898, 89.52 W, 95 %
2026/03/20 08:36:15.998, 89.39 W, 95 %
2026/03/20 08:36:16.098, 89.36 W, 95 %
2026/03/20 08:36:16.198, 89.49 W, 95 %
2026/03/20 08:36:16.298, 89.36 W, 95 %
2026/03/20 08:36:16.399, 89.33 W, 95 %
2026/03/20 08:36:16.499, 89.41 W, 95 %
2026/03/20 08:36:16.599, 89.31 W, 95 %
2026/03/20 08:36:16.699, 89.20 W, 95 %
2026/03/20 08:36:16.799, 89.14 W, 95 %
2026/03/20 08:36:16.899, 88.92 W, 95 %
2026/03/20 08:36:16.999, 88.83 W, 94 %
2026/03/20 08:36:17.100, 88.83 W, 94 %
2026/03/20 08:36:17.200, 88.65 W, 95 %
2026/03/20 08:36:17.300, 88.78 W, 95 %
2026/03/20 08:36:17.400, 88.66 W, 95 %
2026/03/20 08:36:17.500, 88.66 W, 95 %
2026/03/20 08:36:17.600, 88.74 W, 95 %
2026/03/20 08:36:17.700, 88.69 W, 95 %
2026/03/20 08:36:17.801, 88.71 W, 95 %
2026/03/20 08:36:17.901, 88.94 W, 95 %
2026/03/20 08:36:18.001, 89.21 W, 95 %
2026/03/20 08:36:18.101, 89.38 W, 95 %
2026/03/20 08:36:18.201, 89.47 W, 95 %
2026/03/20 08:36:18.301, 89.65 W, 95 %
2026/03/20 08:36:18.401, 89.74 W, 95 %
2026/03/20 08:36:18.502, 89.90 W, 95 %
2026/03/20 08:36:18.602, 89.72 W, 95 %
2026/03/20 08:36:18.702, 89.77 W, 95 %
2026/03/20 08:36:18.802, 89.87 W, 95 %
2026/03/20 08:36:18.902, 89.79 W, 95 %
2026/03/20 08:36:19.002, 89.71 W, 95 %
2026/03/20 08:36:19.102, 89.54 W, 95 %
2026/03/20 08:36:19.203, 89.33 W, 95 %
2026/03/20 08:36:19.303, 89.33 W, 95 %
2026/03/20 08:36:19.403, 89.34 W, 95 %
2026/03/20 08:36:19.503, 89.11 W, 95 %
2026/03/20 08:36:19.603, 89.04 W, 95 %
2026/03/20 08:36:19.703, 88.98 W, 95 %
2026/03/20 08:36:19.803, 88.94 W, 95 %
2026/03/20 08:36:19.904, 88.96 W, 95 %
2026/03/20 08:36:20.004, 88.75 W, 94 %
2026/03/20 08:36:20.104, 88.91 W, 94 %
2026/03/20 08:36:20.204, 89.03 W, 95 %
2026/03/20 08:36:20.304, 89.16 W, 95 %
2026/03/20 08:36:20.404, 89.18 W, 95 %
2026/03/20 08:36:20.504, 89.46 W, 95 %
2026/03/20 08:36:20.605, 89.66 W, 95 %
2026/03/20 08:36:20.705, 89.90 W, 95 %
2026/03/20 08:36:20.805, 90.03 W, 95 %
2026/03/20 08:36:20.905, 89.91 W, 95 %
2026/03/20 08:36:21.005, 90.17 W, 95 %
2026/03/20 08:36:21.105, 90.18 W, 95 %
2026/03/20 08:36:21.205, 90.21 W, 95 %
2026/03/20 08:36:21.306, 90.01 W, 95 %
2026/03/20 08:36:21.406, 89.82 W, 95 %
2026/03/20 08:36:21.506, 89.65 W, 95 %
2026/03/20 08:36:21.606, 89.62 W, 95 %
2026/03/20 08:36:21.706, 89.47 W, 95 %
2026/03/20 08:36:21.806, 89.17 W, 95 %
2026/03/20 08:36:21.906, 89.29 W, 95 %
2026/03/20 08:36:22.007, 89.26 W, 95 %
2026/03/20 08:36:22.107, 89.21 W, 95 %
2026/03/20 08:36:22.207, 89.25 W, 95 %
2026/03/20 08:36:22.307, 89.26 W, 95 %
2026/03/20 08:36:22.407, 89.38 W, 95 %
2026/03/20 08:36:22.507, 89.57 W, 95 %
2026/03/20 08:36:22.607, 89.60 W, 95 %
2026/03/20 08:36:22.708, 89.53 W, 95 %
2026/03/20 08:36:22.808, 89.61 W, 95 %
2026/03/20 08:36:22.908, 89.62 W, 95 %
2026/03/20 08:36:23.008, 89.57 W, 95 %
2026/03/20 08:36:23.108, 89.42 W, 95 %
2026/03/20 08:36:23.208, 89.42 W, 95 %
2026/03/20 08:36:23.308, 89.38 W, 95 %
2026/03/20 08:36:23.409, 89.40 W, 95 %
2026/03/20 08:36:23.509, 89.33 W, 95 %
2026/03/20 08:36:23.609, 89.21 W, 95 %
2026/03/20 08:36:23.709, 89.28 W, 95 %
2026/03/20 08:36:23.809, 89.27 W, 95 %
2026/03/20 08:36:23.909, 89.32 W, 95 %
2026/03/20 08:36:24.009, 89.32 W, 95 %
2026/03/20 08:36:24.110, 89.45 W, 95 %
2026/03/20 08:36:24.210, 89.38 W, 95 %
2026/03/20 08:36:24.310, 89.31 W, 95 %
2026/03/20 08:36:24.410, 89.34 W, 94 %
2026/03/20 08:36:24.510, 89.41 W, 94 %
2026/03/20 08:36:24.610, 89.38 W, 95 %
2026/03/20 08:36:24.710, 89.33 W, 95 %
2026/03/20 08:36:24.810, 89.25 W, 95 %
2026/03/20 08:36:24.911, 89.09 W, 95 %
2026/03/20 08:36:25.011, 89.06 W, 95 %
2026/03/20 08:36:25.111, 89.02 W, 95 %
2026/03/20 08:36:25.211, 88.99 W, 95 %
2026/03/20 08:36:25.311, 89.12 W, 95 %
2026/03/20 08:36:25.411, 89.07 W, 95 %
2026/03/20 08:36:25.511, 89.21 W, 95 %
2026/03/20 08:36:25.612, 89.18 W, 95 %
2026/03/20 08:36:25.712, 89.42 W, 95 %
2026/03/20 08:36:25.812, 89.49 W, 95 %
2026/03/20 08:36:25.912, 89.57 W, 95 %
2026/03/20 08:36:26.012, 89.68 W, 95 %
2026/03/20 08:36:26.112, 89.75 W, 95 %
2026/03/20 08:36:26.212, 89.74 W, 95 %
2026/03/20 08:36:26.313, 89.57 W, 95 %
2026/03/20 08:36:26.413, 89.45 W, 95 %
2026/03/20 08:36:26.513, 89.37 W, 95 %
2026/03/20 08:36:26.613, 89.41 W, 95 %
2026/03/20 08:36:26.713, 89.28 W, 95 %
2026/03/20 08:36:26.813, 89.27 W, 95 %
2026/03/20 08:36:26.913, 89.29 W, 95 %
2026/03/20 08:36:27.014, 89.23 W, 95 %
2026/03/20 08:36:27.114, 89.08 W, 95 %
2026/03/20 08:36:27.214, 89.27 W, 95 %
2026/03/20 08:36:27.314, 89.44 W, 95 %
2026/03/20 08:36:27.414, 89.27 W, 94 %
2026/03/20 08:36:27.514, 89.42 W, 94 %
2026/03/20 08:36:27.614, 89.35 W, 95 %
2026/03/20 08:36:27.715, 89.42 W, 95 %
2026/03/20 08:36:27.815, 89.38 W, 95 %
2026/03/20 08:36:27.915, 89.43 W, 95 %
2026/03/20 08:36:28.015, 89.47 W, 95 %
2026/03/20 08:36:28.115, 89.62 W, 95 %
2026/03/20 08:36:28.215, 89.56 W, 95 %
2026/03/20 08:36:28.315, 89.50 W, 95 %
2026/03/20 08:36:28.416, 89.65 W, 95 %
2026/03/20 08:36:28.516, 89.70 W, 95 %
2026/03/20 08:36:28.616, 89.75 W, 95 %
2026/03/20 08:36:28.716, 89.74 W, 95 %
2026/03/20 08:36:28.816, 89.67 W, 95 %
2026/03/20 08:36:28.916, 89.48 W, 95 %
2026/03/20 08:36:29.016, 89.48 W, 95 %
2026/03/20 08:36:29.117, 89.39 W, 95 %
2026/03/20 08:36:29.217, 89.18 W, 95 %
2026/03/20 08:36:29.317, 89.23 W, 95 %
2026/03/20 08:36:29.417, 89.16 W, 95 %
2026/03/20 08:36:29.517, 89.18 W, 95 %
2026/03/20 08:36:29.617, 89.11 W, 95 %
2026/03/20 08:36:29.717, 88.89 W, 95 %
2026/03/20 08:36:29.818, 88.94 W, 95 %
2026/03/20 08:36:29.918, 88.95 W, 95 %
2026/03/20 08:36:30.018, 89.00 W, 95 %
2026/03/20 08:36:30.118, 89.04 W, 95 %
2026/03/20 08:36:30.218, 89.18 W, 95 %
2026/03/20 08:36:30.318, 89.24 W, 95 %
2026/03/20 08:36:30.418, 89.34 W, 94 %
2026/03/20 08:36:30.519, 89.33 W, 94 %
2026/03/20 08:36:30.619, 89.30 W, 95 %
2026/03/20 08:36:30.719, 89.32 W, 95 %
2026/03/20 08:36:30.819, 89.37 W, 95 %
2026/03/20 08:36:30.919, 89.53 W, 95 %
2026/03/20 08:36:31.019, 89.52 W, 95 %
2026/03/20 08:36:31.119, 89.50 W, 95 %
2026/03/20 08:36:31.220, 89.45 W, 95 %
2026/03/20 08:36:31.320, 89.53 W, 95 %
2026/03/20 08:36:31.420, 89.57 W, 95 %
2026/03/20 08:36:31.520, 89.67 W, 95 %
2026/03/20 08:36:31.620, 89.57 W, 95 %
2026/03/20 08:36:31.720, 89.85 W, 95 %
2026/03/20 08:36:31.820, 89.78 W, 95 %
2026/03/20 08:36:31.921, 89.79 W, 95 %
2026/03/20 08:36:32.021, 89.67 W, 95 %
2026/03/20 08:36:32.121, 89.61 W, 95 %
2026/03/20 08:36:32.221, 89.57 W, 95 %
2026/03/20 08:36:32.321, 89.53 W, 95 %
2026/03/20 08:36:32.421, 89.44 W, 95 %
2026/03/20 08:36:32.521, 89.41 W, 95 %
2026/03/20 08:36:32.622, 89.46 W, 95 %
2026/03/20 08:36:32.722, 89.31 W, 95 %
2026/03/20 08:36:32.822, 89.31 W, 95 %
2026/03/20 08:36:32.922, 89.11 W, 95 %
2026/03/20 08:36:33.022, 89.25 W, 95 %
2026/03/20 08:36:33.122, 89.32 W, 95 %
2026/03/20 08:36:33.222, 89.33 W, 95 %
2026/03/20 08:36:33.323, 89.18 W, 95 %
2026/03/20 08:36:33.423, 89.06 W, 91 %
2026/03/20 08:36:33.523, 89.09 W, 91 %
2026/03/20 08:36:33.623, 89.07 W, 95 %
2026/03/20 08:36:33.723, 89.12 W, 95 %
2026/03/20 08:36:33.823, 89.11 W, 95 %
2026/03/20 08:36:33.923, 89.31 W, 95 %
2026/03/20 08:36:34.024, 89.27 W, 95 %
2026/03/20 08:36:34.124, 89.21 W, 95 %
2026/03/20 08:36:34.224, 89.17 W, 95 %
2026/03/20 08:36:34.324, 89.24 W, 95 %
2026/03/20 08:36:34.424, 89.44 W, 95 %
2026/03/20 08:36:34.524, 89.35 W, 95 %
2026/03/20 08:36:34.624, 89.29 W, 95 %
2026/03/20 08:36:34.725, 89.32 W, 95 %
2026/03/20 08:36:34.825, 89.30 W, 95 %
2026/03/20 08:36:34.925, 89.14 W, 95 %
2026/03/20 08:36:35.025, 89.19 W, 95 %
2026/03/20 08:36:35.125, 89.10 W, 95 %
2026/03/20 08:36:35.225, 89.05 W, 95 %
2026/03/20 08:36:35.325, 89.16 W, 95 %
2026/03/20 08:36:35.426, 89.19 W, 95 %
2026/03/20 08:36:35.526, 89.18 W, 95 %
2026/03/20 08:36:35.626, 89.19 W, 95 %
2026/03/20 08:36:35.726, 89.14 W, 95 %
2026/03/20 08:36:35.826, 89.11 W, 95 %
2026/03/20 08:36:35.926, 89.14 W, 95 %
2026/03/20 08:36:36.026, 89.11 W, 95 %
2026/03/20 08:36:36.127, 89.24 W, 95 %
2026/03/20 08:36:36.227, 89.27 W, 95 %
2026/03/20 08:36:36.327, 89.26 W, 95 %
2026/03/20 08:36:36.427, 89.03 W, 94 %
2026/03/20 08:36:36.527, 88.97 W, 94 %
2026/03/20 08:36:36.627, 88.98 W, 95 %
2026/03/20 08:36:36.727, 88.93 W, 95 %
2026/03/20 08:36:36.828, 88.89 W, 95 %
2026/03/20 08:36:36.928, 88.97 W, 95 %
2026/03/20 08:36:37.028, 89.08 W, 95 %
2026/03/20 08:36:37.128, 89.01 W, 95 %
2026/03/20 08:36:37.228, 88.90 W, 95 %
2026/03/20 08:36:37.328, 88.79 W, 95 %
2026/03/20 08:36:37.428, 88.89 W, 95 %
2026/03/20 08:36:37.529, 88.93 W, 95 %
2026/03/20 08:36:37.629, 88.94 W, 95 %
2026/03/20 08:36:37.729, 88.92 W, 95 %
2026/03/20 08:36:37.829, 88.89 W, 95 %
2026/03/20 08:36:37.929, 88.94 W, 95 %
2026/03/20 08:36:38.029, 88.90 W, 95 %
2026/03/20 08:36:38.129, 88.93 W, 95 %
2026/03/20 08:36:38.230, 88.93 W, 95 %
2026/03/20 08:36:38.330, 88.99 W, 95 %
2026/03/20 08:36:38.430, 89.02 W, 95 %
2026/03/20 08:36:38.530, 89.02 W, 95 %
2026/03/20 08:36:38.630, 89.02 W, 95 %
2026/03/20 08:36:38.730, 89.21 W, 95 %
2026/03/20 08:36:38.830, 89.41 W, 95 %
2026/03/20 08:36:38.931, 89.37 W, 95 %
2026/03/20 08:36:39.031, 89.26 W, 95 %
2026/03/20 08:36:39.131, 89.08 W, 95 %
2026/03/20 08:36:39.231, 89.22 W, 95 %
2026/03/20 08:36:39.331, 89.19 W, 95 %
2026/03/20 08:36:39.431, 89.13 W, 94 %
2026/03/20 08:36:39.531, 89.19 W, 94 %
2026/03/20 08:36:39.632, 89.29 W, 95 %
2026/03/20 08:36:39.732, 89.30 W, 95 %
2026/03/20 08:36:39.832, 89.05 W, 95 %
2026/03/20 08:36:39.932, 89.12 W, 95 %
2026/03/20 08:36:40.032, 89.18 W, 95 %
2026/03/20 08:36:40.132, 89.28 W, 95 %
2026/03/20 08:36:40.232, 89.32 W, 95 %
2026/03/20 08:36:40.333, 89.49 W, 95 %
2026/03/20 08:36:40.433, 89.46 W, 95 %
2026/03/20 08:36:40.533, 89.47 W, 95 %
2026/03/20 08:36:40.633, 89.56 W, 95 %
2026/03/20 08:36:40.733, 89.57 W, 95 %
2026/03/20 08:36:40.833, 89.58 W, 95 %
2026/03/20 08:36:40.933, 89.60 W, 95 %
2026/03/20 08:36:41.034, 89.58 W, 95 %
2026/03/20 08:36:41.134, 89.51 W, 95 %
2026/03/20 08:36:41.234, 89.51 W, 95 %
2026/03/20 08:36:41.334, 89.47 W, 95 %
2026/03/20 08:36:41.434, 89.52 W, 95 %
2026/03/20 08:36:41.534, 89.51 W, 95 %
2026/03/20 08:36:41.634, 89.31 W, 95 %
2026/03/20 08:36:41.734, 89.26 W, 95 %
2026/03/20 08:36:41.835, 89.30 W, 95 %
2026/03/20 08:36:41.935, 89.37 W, 95 %
2026/03/20 08:36:42.035, 89.26 W, 95 %
2026/03/20 08:36:42.135, 89.41 W, 95 %
2026/03/20 08:36:42.235, 89.37 W, 95 %
2026/03/20 08:36:42.335, 89.38 W, 95 %
2026/03/20 08:36:42.435, 89.17 W, 95 %
2026/03/20 08:36:42.536, 89.27 W, 95 %
2026/03/20 08:36:42.636, 89.35 W, 95 %
2026/03/20 08:36:42.736, 89.22 W, 95 %
2026/03/20 08:36:42.836, 89.31 W, 95 %
2026/03/20 08:36:42.936, 89.24 W, 95 %
2026/03/20 08:36:43.036, 89.18 W, 95 %
2026/03/20 08:36:43.136, 89.27 W, 95 %
2026/03/20 08:36:43.237, 89.41 W, 95 %
2026/03/20 08:36:43.337, 89.37 W, 95 %
2026/03/20 08:36:43.437, 89.46 W, 95 %
2026/03/20 08:36:43.537, 89.28 W, 95 %
2026/03/20 08:36:43.637, 89.25 W, 95 %
2026/03/20 08:36:43.737, 89.29 W, 95 %
2026/03/20 08:36:43.837, 89.32 W, 94 %
2026/03/20 08:36:43.938, 89.24 W, 94 %
2026/03/20 08:36:44.038, 89.38 W, 95 %
2026/03/20 08:36:44.138, 89.23 W, 95 %
2026/03/20 08:36:44.238, 89.14 W, 95 %
2026/03/20 08:36:44.338, 89.21 W, 95 %
2026/03/20 08:36:44.438, 89.19 W, 95 %
2026/03/20 08:36:44.538, 89.37 W, 95 %
2026/03/20 08:36:44.639, 89.42 W, 95 %
2026/03/20 08:36:44.739, 89.41 W, 95 %
2026/03/20 08:36:44.839, 89.31 W, 95 %
2026/03/20 08:36:44.939, 89.20 W, 95 %
2026/03/20 08:36:45.039, 89.34 W, 95 %
2026/03/20 08:36:45.139, 89.34 W, 95 %
2026/03/20 08:36:45.239, 89.33 W, 95 %
2026/03/20 08:36:45.340, 89.39 W, 95 %
2026/03/20 08:36:45.440, 89.39 W, 95 %
2026/03/20 08:36:45.540, 89.38 W, 95 %
2026/03/20 08:36:45.640, 89.28 W, 95 %
2026/03/20 08:36:45.740, 89.10 W, 95 %
2026/03/20 08:36:45.840, 89.23 W, 95 %
2026/03/20 08:36:45.940, 89.50 W, 95 %
2026/03/20 08:36:46.041, 89.39 W, 95 %
2026/03/20 08:36:46.141, 89.46 W, 95 %
2026/03/20 08:36:46.241, 89.33 W, 95 %
2026/03/20 08:36:46.341, 89.25 W, 95 %
2026/03/20 08:36:46.441, 89.28 W, 95 %
2026/03/20 08:36:46.541, 89.25 W, 95 %
2026/03/20 08:36:46.641, 89.32 W, 95 %
2026/03/20 08:36:46.742, 89.46 W, 95 %
2026/03/20 08:36:46.842, 89.42 W, 94 %
2026/03/20 08:36:46.942, 89.31 W, 94 %
2026/03/20 08:36:47.042, 89.35 W, 95 %
2026/03/20 08:36:47.142, 89.38 W, 95 %
2026/03/20 08:36:47.242, 89.33 W, 95 %
2026/03/20 08:36:47.342, 89.46 W, 95 %
2026/03/20 08:36:47.443, 89.37 W, 95 %
2026/03/20 08:36:47.543, 89.37 W, 95 %
2026/03/20 08:36:47.643, 89.31 W, 95 %
2026/03/20 08:36:47.743, 89.35 W, 95 %
2026/03/20 08:36:47.843, 89.32 W, 95 %
2026/03/20 08:36:47.943, 89.36 W, 95 %
2026/03/20 08:36:48.043, 89.28 W, 95 %
2026/03/20 08:36:48.144, 89.27 W, 95 %
2026/03/20 08:36:48.244, 89.34 W, 95 %
2026/03/20 08:36:48.344, 89.20 W, 95 %
2026/03/20 08:36:48.444, 89.25 W, 95 %
2026/03/20 08:36:48.544, 89.19 W, 95 %
2026/03/20 08:36:48.644, 89.36 W, 95 %
2026/03/20 08:36:48.744, 89.42 W, 95 %
2026/03/20 08:36:48.845, 89.37 W, 95 %
2026/03/20 08:36:48.945, 89.37 W, 95 %
2026/03/20 08:36:49.045, 89.26 W, 95 %
2026/03/20 08:36:49.145, 89.19 W, 95 %
2026/03/20 08:36:49.245, 89.31 W, 95 %
2026/03/20 08:36:49.345, 89.26 W, 95 %
2026/03/20 08:36:49.445, 89.17 W, 95 %
2026/03/20 08:36:49.546, 89.20 W, 95 %
2026/03/20 08:36:49.646, 89.12 W, 95 %
2026/03/20 08:36:49.746, 88.89 W, 95 %
2026/03/20 08:36:49.846, 89.05 W, 94 %
2026/03/20 08:36:49.946, 89.04 W, 94 %
2026/03/20 08:36:50.046, 88.97 W, 95 %
2026/03/20 08:36:50.146, 89.16 W, 95 %
2026/03/20 08:36:50.247, 89.11 W, 95 %
2026/03/20 08:36:50.347, 89.15 W, 95 %
2026/03/20 08:36:50.447, 89.20 W, 95 %
2026/03/20 08:36:50.547, 89.15 W, 95 %
2026/03/20 08:36:50.647, 89.20 W, 95 %
2026/03/20 08:36:50.747, 89.39 W, 95 %
2026/03/20 08:36:50.847, 89.29 W, 95 %
2026/03/20 08:36:50.948, 89.39 W, 95 %
2026/03/20 08:36:51.048, 89.35 W, 95 %
2026/03/20 08:36:51.148, 89.44 W, 95 %
2026/03/20 08:36:51.248, 89.46 W, 95 %
2026/03/20 08:36:51.348, 89.42 W, 95 %
2026/03/20 08:36:51.448, 89.48 W, 95 %
2026/03/20 08:36:51.548, 89.60 W, 95 %
2026/03/20 08:36:51.649, 89.65 W, 95 %
2026/03/20 08:36:51.749, 89.58 W, 95 %
2026/03/20 08:36:51.849, 89.54 W, 95 %
2026/03/20 08:36:51.949, 89.39 W, 95 %
2026/03/20 08:36:52.049, 89.42 W, 95 %
2026/03/20 08:36:52.149, 89.24 W, 95 %
2026/03/20 08:36:52.249, 89.25 W, 95 %
2026/03/20 08:36:52.350, 89.25 W, 95 %
2026/03/20 08:36:52.450, 89.01 W, 95 %
2026/03/20 08:36:52.550, 89.09 W, 95 %
2026/03/20 08:36:52.650, 89.00 W, 95 %
2026/03/20 08:36:52.750, 88.98 W, 95 %
2026/03/20 08:36:52.850, 89.05 W, 94 %
2026/03/20 08:36:52.950, 89.14 W, 94 %
2026/03/20 08:36:53.051, 89.19 W, 95 %
2026/03/20 08:36:53.151, 89.14 W, 95 %
2026/03/20 08:36:53.251, 89.07 W, 95 %
2026/03/20 08:36:53.351, 89.29 W, 95 %
2026/03/20 08:36:53.451, 89.51 W, 95 %
2026/03/20 08:36:53.551, 89.42 W, 95 %
2026/03/20 08:36:53.651, 89.41 W, 95 %
2026/03/20 08:36:53.752, 89.56 W, 95 %
2026/03/20 08:36:53.852, 89.58 W, 95 %
2026/03/20 08:36:53.952, 89.59 W, 95 %
2026/03/20 08:36:54.052, 89.59 W, 95 %
2026/03/20 08:36:54.152, 89.49 W, 95 %
2026/03/20 08:36:54.252, 89.50 W, 94 %
2026/03/20 08:36:54.352, 89.41 W, 94 %
2026/03/20 08:36:54.452, 89.36 W, 95 %
2026/03/20 08:36:54.553, 89.25 W, 95 %
2026/03/20 08:36:54.653, 89.19 W, 95 %
2026/03/20 08:36:54.753, 89.12 W, 95 %
2026/03/20 08:36:54.853, 88.94 W, 95 %
2026/03/20 08:36:54.953, 88.96 W, 95 %
2026/03/20 08:36:55.053, 88.97 W, 95 %
2026/03/20 08:36:55.153, 89.01 W, 95 %
2026/03/20 08:36:55.254, 89.21 W, 95 %
2026/03/20 08:36:55.354, 89.23 W, 95 %
2026/03/20 08:36:55.454, 89.12 W, 95 %
2026/03/20 08:36:55.554, 89.12 W, 95 %
2026/03/20 08:36:55.654, 89.19 W, 95 %
2026/03/20 08:36:55.754, 89.18 W, 95 %
2026/03/20 08:36:55.854, 89.18 W, 95 %
2026/03/20 08:36:55.955, 89.43 W, 95 %
2026/03/20 08:36:56.055, 89.38 W, 95 %
2026/03/20 08:36:56.155, 89.43 W, 95 %
2026/03/20 08:36:56.255, 89.49 W, 95 %
2026/03/20 08:36:56.355, 89.37 W, 95 %
2026/03/20 08:36:56.455, 89.51 W, 95 %
2026/03/20 08:36:56.555, 89.60 W, 95 %
2026/03/20 08:36:56.656, 89.70 W, 95 %
2026/03/20 08:36:56.756, 89.54 W, 95 %
2026/03/20 08:36:56.856, 89.54 W, 95 %
2026/03/20 08:36:56.956, 89.65 W, 95 %
2026/03/20 08:36:57.056, 89.67 W, 95 %
2026/03/20 08:36:57.156, 89.61 W, 95 %
2026/03/20 08:36:57.256, 89.49 W, 94 %
2026/03/20 08:36:57.357, 89.65 W, 94 %
2026/03/20 08:36:57.457, 89.68 W, 95 %
2026/03/20 08:36:57.557, 89.53 W, 95 %
2026/03/20 08:36:57.657, 89.47 W, 95 %
2026/03/20 08:36:57.757, 89.55 W, 95 %
2026/03/20 08:36:57.857, 89.55 W, 95 %
2026/03/20 08:36:57.957, 89.32 W, 95 %
2026/03/20 08:36:58.058, 89.26 W, 95 %
2026/03/20 08:36:58.158, 89.25 W, 95 %
2026/03/20 08:36:58.258, 89.26 W, 95 %
2026/03/20 08:36:58.358, 89.20 W, 95 %
2026/03/20 08:36:58.458, 89.20 W, 95 %
2026/03/20 08:36:58.558, 89.05 W, 95 %
2026/03/20 08:36:58.658, 88.95 W, 95 %
2026/03/20 08:36:58.759, 88.95 W, 95 %
2026/03/20 08:36:58.859, 88.95 W, 95 %
2026/03/20 08:36:58.959, 89.05 W, 95 %
2026/03/20 08:36:59.059, 89.16 W, 95 %
2026/03/20 08:36:59.159, 89.15 W, 95 %
2026/03/20 08:36:59.259, 89.16 W, 95 %
2026/03/20 08:36:59.359, 89.02 W, 95 %
2026/03/20 08:36:59.460, 89.00 W, 95 %
2026/03/20 08:36:59.560, 89.10 W, 95 %
2026/03/20 08:36:59.660, 89.25 W, 95 %
2026/03/20 08:36:59.760, 89.21 W, 95 %
2026/03/20 08:36:59.860, 89.21 W, 95 %
2026/03/20 08:36:59.960, 89.10 W, 95 %
2026/03/20 08:37:00.060, 89.07 W, 95 %
2026/03/20 08:37:00.161, 89.08 W, 95 %
2026/03/20 08:37:00.261, 89.14 W, 94 %
2026/03/20 08:37:00.361, 89.25 W, 94 %
2026/03/20 08:37:00.461, 89.17 W, 95 %
2026/03/20 08:37:00.561, 89.14 W, 95 %
2026/03/20 08:37:00.661, 89.10 W, 95 %
2026/03/20 08:37:00.761, 89.19 W, 95 %
2026/03/20 08:37:00.862, 89.19 W, 95 %
2026/03/20 08:37:00.962, 89.29 W, 95 %
2026/03/20 08:37:01.062, 89.48 W, 95 %
2026/03/20 08:37:01.162, 89.39 W, 95 %
2026/03/20 08:37:01.262, 89.39 W, 95 %
2026/03/20 08:37:01.362, 89.43 W, 95 %
2026/03/20 08:37:01.462, 89.41 W, 95 %
2026/03/20 08:37:01.563, 89.51 W, 95 %
2026/03/20 08:37:01.663, 89.45 W, 95 %
2026/03/20 08:37:01.763, 89.47 W, 95 %
2026/03/20 08:37:01.863, 89.47 W, 95 %
2026/03/20 08:37:01.963, 89.40 W, 95 %
2026/03/20 08:37:02.063, 89.21 W, 95 %
2026/03/20 08:37:02.163, 89.21 W, 95 %
2026/03/20 08:37:02.264, 89.27 W, 95 %
2026/03/20 08:37:02.364, 89.33 W, 95 %
2026/03/20 08:37:02.464, 89.11 W, 95 %
2026/03/20 08:37:02.564, 89.13 W, 95 %
2026/03/20 08:37:02.664, 88.97 W, 95 %
2026/03/20 08:37:02.764, 89.10 W, 95 %
2026/03/20 08:37:02.864, 89.16 W, 95 %
2026/03/20 08:37:02.965, 89.04 W, 95 %
2026/03/20 08:37:03.065, 89.16 W, 95 %
2026/03/20 08:37:03.165, 89.15 W, 95 %
2026/03/20 08:37:03.265, 89.18 W, 95 %
2026/03/20 08:37:03.365, 89.35 W, 94 %
2026/03/20 08:37:03.465, 89.21 W, 94 %
2026/03/20 08:37:03.565, 89.24 W, 95 %
2026/03/20 08:37:03.666, 89.34 W, 95 %
2026/03/20 08:37:03.766, 89.17 W, 95 %
2026/03/20 08:37:03.866, 89.17 W, 95 %
2026/03/20 08:37:03.966, 89.24 W, 95 %
2026/03/20 08:37:04.066, 89.11 W, 95 %
2026/03/20 08:37:04.166, 89.10 W, 95 %
2026/03/20 08:37:04.266, 89.25 W, 95 %
2026/03/20 08:37:04.367, 89.15 W, 95 %
2026/03/20 08:37:04.467, 89.17 W, 95 %
2026/03/20 08:37:04.567, 89.38 W, 95 %
2026/03/20 08:37:04.667, 89.45 W, 95 %
2026/03/20 08:37:04.767, 89.32 W, 94 %
2026/03/20 08:37:04.867, 89.35 W, 94 %
2026/03/20 08:37:04.967, 89.43 W, 95 %
2026/03/20 08:37:05.068, 89.62 W, 95 %
2026/03/20 08:37:05.168, 89.50 W, 95 %
2026/03/20 08:37:05.268, 89.28 W, 95 %
2026/03/20 08:37:05.368, 89.25 W, 95 %
2026/03/20 08:37:05.468, 89.38 W, 95 %
2026/03/20 08:37:05.568, 89.28 W, 95 %
2026/03/20 08:37:05.668, 89.25 W, 95 %
2026/03/20 08:37:05.768, 89.32 W, 95 %
2026/03/20 08:37:05.869, 89.23 W, 95 %
2026/03/20 08:37:05.969, 89.22 W, 95 %
2026/03/20 08:37:06.069, 89.11 W, 95 %
2026/03/20 08:37:06.169, 89.22 W, 95 %
2026/03/20 08:37:06.269, 89.35 W, 95 %
2026/03/20 08:37:06.369, 89.40 W, 95 %
2026/03/20 08:37:06.469, 89.46 W, 95 %
2026/03/20 08:37:06.570, 89.37 W, 95 %
2026/03/20 08:37:06.670, 89.39 W, 95 %
2026/03/20 08:37:06.770, 89.36 W, 95 %
2026/03/20 08:37:06.870, 89.58 W, 95 %
2026/03/20 08:37:06.970, 89.54 W, 95 %
2026/03/20 08:37:07.070, 89.46 W, 95 %
2026/03/20 08:37:07.170, 89.45 W, 95 %
2026/03/20 08:37:07.271, 89.39 W, 95 %
2026/03/20 08:37:07.371, 89.31 W, 95 %
2026/03/20 08:37:07.471, 89.25 W, 95 %
2026/03/20 08:37:07.571, 89.17 W, 95 %
2026/03/20 08:37:07.671, 89.29 W, 95 %
2026/03/20 08:37:07.771, 89.32 W, 94 %
2026/03/20 08:37:07.871, 89.19 W, 94 %
2026/03/20 08:37:07.972, 89.25 W, 95 %
2026/03/20 08:37:08.072, 89.20 W, 95 %
2026/03/20 08:37:08.172, 89.27 W, 95 %
2026/03/20 08:37:08.272, 89.12 W, 95 %
2026/03/20 08:37:08.372, 89.15 W, 95 %
2026/03/20 08:37:08.472, 89.21 W, 95 %
2026/03/20 08:37:08.572, 89.37 W, 95 %
2026/03/20 08:37:08.673, 89.30 W, 95 %
2026/03/20 08:37:08.773, 89.30 W, 95 %
2026/03/20 08:37:08.873, 89.31 W, 95 %
2026/03/20 08:37:08.973, 89.24 W, 95 %
2026/03/20 08:37:09.073, 89.37 W, 95 %
2026/03/20 08:37:09.173, 89.25 W, 94 %
2026/03/20 08:37:09.273, 89.26 W, 94 %
2026/03/20 08:37:09.374, 89.17 W, 95 %
2026/03/20 08:37:09.474, 89.10 W, 95 %
2026/03/20 08:37:09.574, 88.95 W, 95 %
2026/03/20 08:37:09.674, 88.91 W, 95 %
2026/03/20 08:37:09.774, 88.83 W, 95 %
2026/03/20 08:37:09.874, 88.93 W, 95 %
2026/03/20 08:37:09.974, 89.12 W, 95 %
2026/03/20 08:37:10.075, 89.15 W, 95 %
2026/03/20 08:37:10.175, 89.09 W, 95 %
2026/03/20 08:37:10.275, 89.24 W, 95 %
2026/03/20 08:37:10.375, 89.46 W, 95 %
2026/03/20 08:37:10.475, 89.38 W, 95 %
2026/03/20 08:37:10.575, 89.43 W, 95 %
2026/03/20 08:37:10.675, 89.31 W, 95 %
2026/03/20 08:37:10.776, 89.42 W, 95 %
2026/03/20 08:37:10.876, 89.35 W, 95 %
2026/03/20 08:37:10.976, 89.36 W, 95 %
2026/03/20 08:37:11.076, 89.23 W, 95 %
2026/03/20 08:37:11.176, 89.28 W, 95 %
2026/03/20 08:37:11.276, 89.37 W, 95 %
2026/03/20 08:37:11.376, 89.27 W, 95 %
2026/03/20 08:37:11.477, 89.36 W, 95 %
2026/03/20 08:37:11.577, 89.34 W, 95 %
2026/03/20 08:37:11.677, 89.46 W, 95 %
2026/03/20 08:37:11.777, 89.38 W, 95 %
2026/03/20 08:37:11.877, 89.35 W, 95 %
2026/03/20 08:37:11.977, 89.10 W, 95 %
2026/03/20 08:37:12.077, 89.21 W, 95 %
2026/03/20 08:37:12.177, 89.22 W, 94 %
2026/03/20 08:37:12.278, 88.98 W, 94 %
2026/03/20 08:37:12.378, 88.82 W, 95 %
2026/03/20 08:37:12.478, 88.77 W, 95 %
2026/03/20 08:37:12.578, 88.85 W, 95 %
2026/03/20 08:37:12.678, 88.76 W, 95 %
2026/03/20 08:37:12.778, 88.70 W, 95 %
2026/03/20 08:37:12.878, 88.63 W, 95 %
2026/03/20 08:37:12.979, 88.75 W, 95 %
2026/03/20 08:37:13.079, 88.75 W, 95 %
2026/03/20 08:37:13.179, 88.72 W, 95 %
2026/03/20 08:37:13.279, 88.78 W, 95 %
2026/03/20 08:37:13.379, 88.90 W, 95 %
2026/03/20 08:37:13.479, 88.84 W, 95 %
2026/03/20 08:37:13.579, 88.89 W, 95 %
2026/03/20 08:37:13.680, 88.95 W, 95 %
2026/03/20 08:37:13.780, 88.95 W, 95 %
2026/03/20 08:37:13.880, 88.94 W, 95 %
2026/03/20 08:37:13.980, 88.85 W, 95 %
2026/03/20 08:37:14.080, 88.97 W, 95 %
2026/03/20 08:37:14.180, 89.11 W, 95 %
2026/03/20 08:37:14.280, 89.12 W, 95 %
2026/03/20 08:37:14.381, 89.13 W, 95 %
2026/03/20 08:37:14.481, 89.24 W, 95 %
2026/03/20 08:37:14.581, 89.27 W, 95 %
2026/03/20 08:37:14.681, 89.27 W, 95 %
2026/03/20 08:37:14.781, 89.35 W, 95 %
2026/03/20 08:37:14.881, 89.62 W, 95 %
2026/03/20 08:37:14.981, 89.59 W, 95 %
2026/03/20 08:37:15.082, 89.49 W, 95 %
2026/03/20 08:37:15.182, 89.39 W, 95 %
2026/03/20 08:37:15.282, 89.46 W, 95 %
2026/03/20 08:37:15.382, 89.36 W, 95 %
2026/03/20 08:37:15.482, 89.16 W, 95 %
2026/03/20 08:37:15.582, 89.08 W, 95 %
2026/03/20 08:37:15.682, 88.96 W, 95 %
2026/03/20 08:37:15.783, 88.91 W, 95 %
2026/03/20 08:37:15.883, 88.82 W, 95 %
2026/03/20 08:37:15.983, 88.91 W, 95 %
2026/03/20 08:37:16.083, 89.01 W, 95 %
2026/03/20 08:37:16.183, 88.98 W, 95 %
2026/03/20 08:37:16.283, 88.92 W, 95 %
2026/03/20 08:37:16.383, 89.06 W, 95 %
2026/03/20 08:37:16.483, 89.13 W, 95 %
2026/03/20 08:37:16.584, 89.30 W, 94 %
2026/03/20 08:37:16.684, 89.20 W, 94 %
2026/03/20 08:37:16.784, 89.35 W, 95 %
2026/03/20 08:37:16.884, 89.20 W, 95 %
2026/03/20 08:37:16.984, 89.18 W, 95 %
2026/03/20 08:37:17.084, 89.11 W, 95 %
2026/03/20 08:37:17.184, 89.15 W, 95 %
2026/03/20 08:37:17.285, 89.29 W, 95 %
2026/03/20 08:37:17.385, 89.23 W, 95 %
2026/03/20 08:37:17.485, 89.13 W, 95 %
2026/03/20 08:37:17.585, 89.01 W, 95 %
2026/03/20 08:37:17.685, 89.15 W, 95 %
2026/03/20 08:37:17.785, 89.00 W, 95 %
2026/03/20 08:37:17.885, 89.12 W, 95 %
2026/03/20 08:37:17.986, 89.11 W, 95 %
2026/03/20 08:37:18.086, 89.17 W, 95 %
2026/03/20 08:37:18.186, 89.04 W, 95 %
2026/03/20 08:37:18.286, 88.84 W, 95 %
2026/03/20 08:37:18.386, 89.07 W, 95 %
2026/03/20 08:37:18.486, 89.23 W, 95 %
2026/03/20 08:37:18.586, 89.32 W, 95 %
2026/03/20 08:37:18.687, 89.21 W, 95 %
2026/03/20 08:37:18.787, 89.36 W, 95 %
2026/03/20 08:37:18.887, 89.42 W, 95 %
2026/03/20 08:37:18.987, 89.35 W, 95 %
2026/03/20 08:37:19.087, 89.24 W, 95 %
2026/03/20 08:37:19.187, 89.47 W, 95 %
2026/03/20 08:37:19.287, 89.56 W, 95 %
2026/03/20 08:37:19.388, 89.36 W, 95 %
2026/03/20 08:37:19.488, 89.33 W, 95 %
2026/03/20 08:37:19.588, 89.17 W, 94 %
2026/03/20 08:37:19.688, 89.32 W, 94 %
2026/03/20 08:37:19.788, 89.38 W, 95 %
2026/03/20 08:37:19.888, 89.32 W, 95 %
2026/03/20 08:37:19.988, 89.35 W, 95 %
2026/03/20 08:37:20.089, 89.33 W, 95 %
2026/03/20 08:37:20.189, 89.23 W, 95 %
2026/03/20 08:37:20.289, 89.23 W, 95 %
2026/03/20 08:37:20.389, 89.21 W, 95 %
2026/03/20 08:37:20.489, 89.09 W, 95 %
2026/03/20 08:37:20.589, 89.35 W, 95 %
2026/03/20 08:37:20.689, 89.39 W, 95 %
2026/03/20 08:37:20.790, 89.36 W, 95 %
2026/03/20 08:37:20.890, 89.33 W, 95 %
2026/03/20 08:37:20.990, 89.37 W, 95 %
2026/03/20 08:37:21.090, 89.34 W, 95 %
2026/03/20 08:37:21.190, 89.35 W, 95 %
2026/03/20 08:37:21.290, 89.27 W, 95 %
2026/03/20 08:37:21.390, 89.36 W, 95 %
2026/03/20 08:37:21.491, 89.47 W, 95 %
2026/03/20 08:37:21.591, 89.49 W, 95 %
2026/03/20 08:37:21.691, 89.45 W, 95 %
2026/03/20 08:37:21.791, 89.37 W, 95 %
2026/03/20 08:37:21.891, 89.38 W, 95 %
2026/03/20 08:37:21.991, 89.43 W, 95 %
2026/03/20 08:37:22.091, 89.39 W, 95 %
2026/03/20 08:37:22.192, 89.45 W, 95 %
2026/03/20 08:37:22.292, 89.54 W, 95 %
2026/03/20 08:37:22.392, 89.54 W, 95 %
2026/03/20 08:37:22.492, 89.45 W, 95 %
2026/03/20 08:37:22.592, 89.40 W, 95 %
2026/03/20 08:37:22.692, 89.33 W, 95 %
2026/03/20 08:37:22.792, 89.38 W, 95 %
2026/03/20 08:37:22.893, 89.41 W, 95 %
2026/03/20 08:37:22.993, 89.42 W, 95 %
2026/03/20 08:37:23.093, 89.41 W, 95 %
2026/03/20 08:37:23.193, 89.46 W, 95 %
2026/03/20 08:37:23.293, 89.50 W, 95 %
2026/03/20 08:37:23.393, 89.45 W, 95 %
2026/03/20 08:37:23.493, 89.42 W, 95 %
2026/03/20 08:37:23.594, 89.46 W, 95 %
2026/03/20 08:37:23.694, 89.35 W, 95 %
2026/03/20 08:37:23.794, 89.34 W, 95 %
2026/03/20 08:37:23.894, 89.33 W, 95 %
2026/03/20 08:37:23.994, 89.35 W, 94 %
2026/03/20 08:37:24.094, 89.40 W, 94 %
2026/03/20 08:37:24.194, 89.47 W, 95 %
2026/03/20 08:37:24.295, 89.40 W, 95 %
2026/03/20 08:37:24.395, 89.42 W, 95 %
2026/03/20 08:37:24.495, 89.55 W, 95 %
2026/03/20 08:37:24.595, 89.55 W, 95 %
2026/03/20 08:37:24.695, 89.65 W, 95 %
2026/03/20 08:37:24.795, 89.74 W, 95 %
2026/03/20 08:37:24.895, 89.58 W, 95 %
2026/03/20 08:37:24.996, 89.63 W, 95 %
2026/03/20 08:37:25.096, 89.54 W, 95 %
2026/03/20 08:37:25.196, 89.47 W, 95 %
2026/03/20 08:37:25.296, 89.36 W, 95 %
2026/03/20 08:37:25.396, 89.39 W, 95 %
2026/03/20 08:37:25.496, 89.37 W, 95 %
2026/03/20 08:37:25.596, 89.33 W, 95 %
2026/03/20 08:37:25.697, 89.24 W, 95 %
2026/03/20 08:37:25.797, 89.17 W, 95 %
2026/03/20 08:37:25.897, 89.35 W, 95 %
2026/03/20 08:37:25.997, 89.38 W, 95 %
2026/03/20 08:37:26.097, 89.29 W, 95 %
2026/03/20 08:37:26.197, 89.31 W, 95 %
2026/03/20 08:37:26.297, 89.44 W, 95 %
2026/03/20 08:37:26.398, 89.56 W, 95 %
2026/03/20 08:37:26.498, 89.49 W, 95 %
2026/03/20 08:37:26.598, 89.41 W, 95 %
2026/03/20 08:37:26.698, 89.38 W, 95 %
2026/03/20 08:37:26.798, 89.31 W, 95 %
2026/03/20 08:37:26.898, 89.22 W, 95 %
2026/03/20 08:37:26.998, 89.27 W, 94 %
2026/03/20 08:37:27.099, 89.21 W, 94 %
2026/03/20 08:37:27.199, 89.23 W, 95 %
2026/03/20 08:37:27.299, 89.24 W, 95 %
2026/03/20 08:37:27.399, 89.22 W, 95 %
2026/03/20 08:37:27.499, 89.21 W, 95 %
2026/03/20 08:37:27.599, 89.15 W, 95 %
2026/03/20 08:37:27.699, 89.26 W, 95 %
2026/03/20 08:37:27.800, 89.35 W, 95 %
2026/03/20 08:37:27.900, 89.25 W, 95 %
2026/03/20 08:37:28.000, 89.22 W, 95 %
2026/03/20 08:37:28.100, 89.32 W, 95 %
2026/03/20 08:37:28.200, 89.47 W, 95 %
2026/03/20 08:37:28.300, 89.43 W, 95 %
2026/03/20 08:37:28.400, 89.14 W, 95 %
2026/03/20 08:37:28.501, 89.16 W, 95 %
2026/03/20 08:37:28.601, 89.29 W, 95 %
2026/03/20 08:37:28.701, 89.27 W, 95 %
2026/03/20 08:37:28.801, 89.15 W, 95 %
2026/03/20 08:37:28.901, 89.23 W, 95 %
2026/03/20 08:37:29.001, 89.24 W, 95 %
2026/03/20 08:37:29.101, 89.26 W, 95 %
2026/03/20 08:37:29.202, 89.20 W, 95 %
2026/03/20 08:37:29.302, 89.10 W, 95 %
2026/03/20 08:37:29.402, 89.19 W, 95 %
2026/03/20 08:37:29.502, 89.42 W, 95 %
2026/03/20 08:37:29.602, 89.29 W, 95 %
2026/03/20 08:37:29.702, 89.33 W, 95 %
2026/03/20 08:37:29.802, 89.28 W, 95 %
2026/03/20 08:37:29.903, 89.32 W, 95 %
2026/03/20 08:37:30.003, 89.29 W, 95 %
2026/03/20 08:37:30.103, 89.18 W, 95 %
2026/03/20 08:37:30.203, 89.13 W, 95 %
2026/03/20 08:37:30.303, 89.24 W, 95 %
2026/03/20 08:37:30.403, 89.31 W, 95 %
2026/03/20 08:37:30.503, 89.31 W, 95 %
2026/03/20 08:37:30.604, 89.36 W, 95 %
2026/03/20 08:37:30.704, 89.41 W, 95 %
2026/03/20 08:37:30.804, 89.67 W, 95 %
2026/03/20 08:37:30.904, 89.57 W, 95 %
2026/03/20 08:37:31.004, 89.59 W, 95 %
2026/03/20 08:37:31.104, 89.65 W, 95 %
2026/03/20 08:37:31.204, 89.65 W, 95 %
2026/03/20 08:37:31.305, 89.67 W, 95 %
2026/03/20 08:37:31.405, 89.30 W, 91 %
2026/03/20 08:37:31.505, 89.29 W, 91 %
2026/03/20 08:37:31.605, 89.32 W, 95 %
2026/03/20 08:37:31.705, 89.33 W, 95 %
2026/03/20 08:37:31.805, 89.06 W, 95 %
2026/03/20 08:37:31.905, 89.08 W, 95 %
2026/03/20 08:37:32.006, 88.86 W, 95 %
2026/03/20 08:37:32.106, 88.93 W, 95 %
2026/03/20 08:37:32.206, 88.88 W, 95 %
2026/03/20 08:37:32.306, 88.86 W, 95 %
2026/03/20 08:37:32.406, 89.07 W, 95 %
2026/03/20 08:37:32.506, 89.14 W, 95 %
2026/03/20 08:37:32.606, 89.15 W, 95 %
2026/03/20 08:37:32.706, 89.15 W, 95 %
2026/03/20 08:37:32.807, 89.16 W, 95 %
2026/03/20 08:37:32.907, 89.10 W, 95 %
2026/03/20 08:37:33.007, 89.38 W, 95 %
2026/03/20 08:37:33.107, 89.29 W, 95 %
2026/03/20 08:37:33.207, 89.34 W, 95 %
2026/03/20 08:37:33.307, 89.33 W, 95 %
2026/03/20 08:37:33.407, 89.45 W, 95 %
2026/03/20 08:37:33.508, 89.53 W, 95 %
2026/03/20 08:37:33.608, 89.46 W, 95 %
2026/03/20 08:37:33.708, 89.44 W, 95 %
2026/03/20 08:37:33.808, 89.57 W, 95 %
2026/03/20 08:37:33.908, 89.78 W, 95 %
2026/03/20 08:37:34.008, 89.70 W, 95 %
2026/03/20 08:37:34.108, 89.58 W, 95 %
2026/03/20 08:37:34.209, 89.55 W, 95 %
2026/03/20 08:37:34.309, 89.59 W, 95 %
2026/03/20 08:37:34.409, 89.56 W, 90 %
2026/03/20 08:37:34.509, 89.41 W, 90 %
2026/03/20 08:37:34.609, 89.27 W, 95 %
2026/03/20 08:37:34.709, 89.25 W, 95 %
2026/03/20 08:37:34.809, 89.34 W, 95 %
2026/03/20 08:37:34.910, 89.21 W, 95 %
2026/03/20 08:37:35.010, 89.01 W, 95 %
2026/03/20 08:37:35.110, 89.11 W, 95 %
2026/03/20 08:37:35.210, 89.09 W, 95 %
2026/03/20 08:37:35.310, 89.01 W, 95 %
2026/03/20 08:37:35.410, 88.99 W, 95 %
2026/03/20 08:37:35.510, 89.09 W, 95 %
2026/03/20 08:37:35.611, 89.08 W, 95 %
2026/03/20 08:37:35.711, 89.09 W, 95 %
2026/03/20 08:37:35.811, 88.82 W, 95 %
2026/03/20 08:37:35.911, 89.03 W, 95 %
2026/03/20 08:37:36.011, 89.14 W, 95 %
2026/03/20 08:37:36.111, 89.21 W, 95 %
2026/03/20 08:37:36.211, 89.17 W, 95 %
2026/03/20 08:37:36.312, 89.30 W, 95 %
2026/03/20 08:37:36.412, 89.30 W, 95 %
2026/03/20 08:37:36.512, 89.33 W, 95 %
2026/03/20 08:37:36.612, 89.58 W, 95 %
2026/03/20 08:37:36.712, 89.51 W, 95 %
2026/03/20 08:37:36.812, 89.61 W, 95 %
2026/03/20 08:37:36.912, 89.57 W, 95 %
2026/03/20 08:37:37.013, 89.57 W, 95 %
2026/03/20 08:37:37.113, 89.40 W, 95 %
2026/03/20 08:37:37.213, 89.52 W, 95 %
2026/03/20 08:37:37.313, 89.37 W, 95 %
2026/03/20 08:37:37.413, 89.48 W, 94 %
2026/03/20 08:37:37.513, 89.40 W, 94 %
2026/03/20 08:37:37.613, 89.27 W, 95 %
2026/03/20 08:37:37.714, 89.30 W, 95 %
2026/03/20 08:37:37.814, 89.28 W, 95 %
2026/03/20 08:37:37.914, 89.22 W, 95 %
2026/03/20 08:37:38.014, 89.19 W, 95 %
2026/03/20 08:37:38.114, 89.33 W, 95 %
2026/03/20 08:37:38.214, 89.30 W, 95 %
2026/03/20 08:37:38.314, 89.51 W, 95 %
2026/03/20 08:37:38.415, 89.38 W, 95 %
2026/03/20 08:37:38.515, 89.37 W, 95 %
2026/03/20 08:37:38.615, 89.32 W, 95 %
2026/03/20 08:37:38.715, 89.39 W, 95 %
2026/03/20 08:37:38.815, 89.51 W, 94 %
2026/03/20 08:37:38.915, 89.49 W, 94 %
2026/03/20 08:37:39.015, 89.56 W, 95 %
2026/03/20 08:37:39.116, 89.52 W, 95 %
2026/03/20 08:37:39.216, 89.48 W, 95 %
2026/03/20 08:37:39.316, 89.47 W, 95 %
2026/03/20 08:37:39.416, 89.40 W, 95 %
2026/03/20 08:37:39.516, 89.27 W, 95 %
2026/03/20 08:37:39.616, 89.44 W, 95 %
2026/03/20 08:37:39.716, 89.50 W, 95 %
2026/03/20 08:37:39.817, 89.37 W, 95 %
2026/03/20 08:37:39.917, 89.23 W, 95 %
2026/03/20 08:37:40.017, 89.24 W, 95 %
2026/03/20 08:37:40.117, 89.43 W, 95 %
2026/03/20 08:37:40.217, 89.29 W, 95 %
2026/03/20 08:37:40.317, 89.28 W, 95 %
2026/03/20 08:37:40.417, 89.17 W, 95 %
2026/03/20 08:37:40.518, 89.34 W, 95 %
2026/03/20 08:37:40.618, 89.37 W, 95 %
2026/03/20 08:37:40.718, 89.24 W, 95 %
2026/03/20 08:37:40.818, 89.24 W, 95 %
2026/03/20 08:37:40.918, 89.33 W, 95 %
2026/03/20 08:37:41.018, 89.50 W, 95 %
2026/03/20 08:37:41.118, 89.39 W, 95 %
2026/03/20 08:37:41.219, 89.27 W, 95 %
2026/03/20 08:37:41.319, 89.36 W, 95 %
2026/03/20 08:37:41.419, 89.53 W, 95 %
2026/03/20 08:37:41.519, 89.47 W, 95 %
2026/03/20 08:37:41.619, 89.40 W, 95 %
2026/03/20 08:37:41.719, 89.34 W, 95 %
2026/03/20 08:37:41.819, 89.40 W, 94 %
2026/03/20 08:37:41.920, 89.53 W, 94 %
2026/03/20 08:37:42.020, 89.41 W, 95 %
2026/03/20 08:37:42.120, 89.34 W, 95 %
2026/03/20 08:37:42.220, 89.55 W, 95 %
2026/03/20 08:37:42.320, 89.40 W, 95 %
2026/03/20 08:37:42.420, 89.37 W, 95 %
2026/03/20 08:37:42.520, 89.44 W, 95 %
2026/03/20 08:37:42.621, 89.38 W, 95 %
2026/03/20 08:37:42.721, 89.49 W, 95 %
2026/03/20 08:37:42.821, 89.64 W, 95 %
2026/03/20 08:37:42.921, 89.47 W, 95 %
2026/03/20 08:37:43.021, 89.35 W, 95 %
2026/03/20 08:37:43.121, 89.36 W, 95 %
2026/03/20 08:37:43.221, 89.33 W, 95 %
2026/03/20 08:37:43.322, 89.36 W, 95 %
2026/03/20 08:37:43.422, 89.35 W, 95 %
2026/03/20 08:37:43.522, 89.38 W, 95 %
2026/03/20 08:37:43.622, 89.39 W, 95 %
2026/03/20 08:37:43.722, 89.49 W, 95 %
2026/03/20 08:37:43.822, 89.40 W, 95 %
2026/03/20 08:37:43.922, 89.42 W, 95 %
2026/03/20 08:37:44.023, 89.50 W, 95 %
2026/03/20 08:37:44.123, 89.54 W, 95 %
2026/03/20 08:37:44.223, 89.54 W, 95 %
2026/03/20 08:37:44.323, 89.61 W, 95 %
2026/03/20 08:37:44.423, 89.48 W, 95 %
2026/03/20 08:37:44.523, 89.46 W, 95 %
2026/03/20 08:37:44.623, 89.54 W, 95 %
2026/03/20 08:37:44.724, 89.41 W, 95 %
2026/03/20 08:37:44.824, 89.35 W, 94 %
2026/03/20 08:37:44.924, 89.44 W, 94 %
2026/03/20 08:37:45.024, 89.53 W, 95 %
2026/03/20 08:37:45.124, 89.51 W, 95 %
2026/03/20 08:37:45.224, 89.55 W, 95 %
2026/03/20 08:37:45.324, 89.43 W, 95 %
2026/03/20 08:37:45.425, 89.60 W, 95 %
2026/03/20 08:37:45.525, 89.58 W, 95 %
2026/03/20 08:37:45.625, 89.48 W, 95 %
2026/03/20 08:37:45.725, 89.51 W, 95 %
2026/03/20 08:37:45.825, 89.62 W, 95 %
2026/03/20 08:37:45.925, 89.69 W, 95 %
2026/03/20 08:37:46.025, 89.54 W, 95 %
2026/03/20 08:37:46.126, 89.44 W, 95 %
2026/03/20 08:37:46.226, 89.39 W, 94 %
2026/03/20 08:37:46.326, 89.57 W, 94 %
2026/03/20 08:37:46.426, 89.47 W, 95 %
2026/03/20 08:37:46.526, 89.51 W, 95 %
2026/03/20 08:37:46.626, 89.43 W, 95 %
2026/03/20 08:37:46.726, 89.42 W, 95 %
2026/03/20 08:37:46.827, 89.43 W, 95 %
2026/03/20 08:37:46.927, 89.32 W, 95 %
2026/03/20 08:37:47.027, 89.29 W, 95 %
2026/03/20 08:37:47.127, 89.32 W, 95 %
2026/03/20 08:37:47.227, 89.42 W, 95 %
2026/03/20 08:37:47.327, 89.27 W, 95 %
2026/03/20 08:37:47.427, 89.22 W, 95 %
2026/03/20 08:37:47.528, 89.17 W, 95 %
2026/03/20 08:37:47.628, 89.44 W, 95 %
2026/03/20 08:37:47.728, 89.36 W, 95 %
2026/03/20 08:37:47.828, 89.27 W, 95 %
2026/03/20 08:37:47.928, 89.22 W, 95 %
2026/03/20 08:37:48.028, 89.34 W, 95 %
2026/03/20 08:37:48.128, 89.42 W, 95 %
2026/03/20 08:37:48.229, 89.38 W, 95 %
2026/03/20 08:37:48.329, 89.33 W, 95 %
2026/03/20 08:37:48.429, 89.47 W, 95 %
2026/03/20 08:37:48.529, 89.61 W, 95 %
2026/03/20 08:37:48.629, 89.45 W, 95 %
2026/03/20 08:37:48.729, 89.54 W, 95 %
2026/03/20 08:37:48.829, 89.51 W, 95 %
2026/03/20 08:37:48.930, 89.64 W, 95 %
2026/03/20 08:37:49.030, 89.60 W, 95 %
2026/03/20 08:37:49.130, 89.45 W, 95 %
2026/03/20 08:37:49.230, 89.49 W, 94 %
2026/03/20 08:37:49.330, 89.52 W, 94 %
2026/03/20 08:37:49.430, 89.56 W, 95 %
2026/03/20 08:37:49.530, 89.43 W, 95 %
2026/03/20 08:37:49.631, 89.35 W, 95 %
2026/03/20 08:37:49.731, 89.32 W, 95 %
2026/03/20 08:37:49.831, 89.46 W, 95 %
2026/03/20 08:37:49.931, 89.44 W, 95 %
2026/03/20 08:37:50.031, 89.38 W, 95 %
2026/03/20 08:37:50.131, 89.40 W, 95 %
2026/03/20 08:37:50.231, 89.57 W, 95 %
2026/03/20 08:37:50.332, 89.54 W, 95 %
2026/03/20 08:37:50.432, 89.47 W, 95 %
2026/03/20 08:37:50.532, 89.56 W, 95 %
2026/03/20 08:37:50.632, 89.55 W, 95 %
2026/03/20 08:37:50.732, 89.69 W, 95 %
2026/03/20 08:37:50.832, 89.69 W, 95 %
2026/03/20 08:37:50.932, 89.68 W, 95 %
2026/03/20 08:37:51.033, 89.77 W, 95 %
2026/03/20 08:37:51.133, 89.71 W, 95 %
2026/03/20 08:37:51.233, 89.72 W, 95 %
2026/03/20 08:37:51.333, 89.71 W, 95 %
2026/03/20 08:37:51.433, 89.73 W, 95 %
2026/03/20 08:37:51.533, 89.56 W, 95 %
2026/03/20 08:37:51.633, 89.66 W, 95 %
2026/03/20 08:37:51.734, 89.64 W, 95 %
2026/03/20 08:37:51.834, 89.61 W, 95 %
2026/03/20 08:37:51.934, 89.53 W, 95 %
2026/03/20 08:37:52.034, 89.51 W, 95 %
2026/03/20 08:37:52.134, 89.55 W, 95 %
2026/03/20 08:37:52.234, 89.48 W, 94 %
2026/03/20 08:37:52.334, 89.42 W, 94 %
2026/03/20 08:37:52.435, 89.23 W, 95 %
2026/03/20 08:37:52.535, 89.51 W, 95 %
2026/03/20 08:37:52.635, 89.40 W, 95 %
2026/03/20 08:37:52.735, 89.31 W, 95 %
2026/03/20 08:37:52.835, 89.20 W, 95 %
2026/03/20 08:37:52.935, 89.40 W, 95 %
2026/03/20 08:37:53.035, 89.49 W, 95 %
2026/03/20 08:37:53.136, 89.40 W, 95 %
2026/03/20 08:37:53.236, 89.32 W, 95 %
2026/03/20 08:37:53.336, 89.33 W, 95 %
2026/03/20 08:37:53.436, 89.60 W, 95 %
2026/03/20 08:37:53.536, 89.47 W, 95 %
2026/03/20 08:37:53.636, 89.51 W, 94 %
2026/03/20 08:37:53.736, 89.56 W, 94 %
2026/03/20 08:37:53.837, 89.59 W, 95 %
2026/03/20 08:37:53.937, 89.46 W, 95 %
2026/03/20 08:37:54.037, 89.30 W, 95 %
2026/03/20 08:37:54.137, 89.36 W, 95 %
2026/03/20 08:37:54.237, 89.46 W, 95 %
2026/03/20 08:37:54.337, 89.62 W, 95 %
2026/03/20 08:37:54.437, 89.54 W, 95 %
2026/03/20 08:37:54.537, 89.58 W, 95 %
2026/03/20 08:37:54.638, 89.53 W, 95 %
2026/03/20 08:37:54.738, 89.52 W, 95 %
2026/03/20 08:37:54.838, 89.70 W, 95 %
2026/03/20 08:37:54.938, 89.73 W, 95 %
2026/03/20 08:37:55.038, 89.77 W, 95 %
2026/03/20 08:37:55.138, 89.73 W, 95 %
2026/03/20 08:37:55.238, 89.88 W, 95 %
2026/03/20 08:37:55.339, 89.76 W, 95 %
2026/03/20 08:37:55.439, 89.65 W, 95 %
2026/03/20 08:37:55.539, 89.61 W, 95 %
2026/03/20 08:37:55.639, 89.64 W, 95 %
2026/03/20 08:37:55.739, 89.56 W, 95 %
2026/03/20 08:37:55.839, 89.46 W, 95 %
2026/03/20 08:37:55.939, 89.38 W, 95 %
2026/03/20 08:37:56.040, 89.43 W, 95 %
2026/03/20 08:37:56.140, 89.47 W, 95 %
2026/03/20 08:37:56.240, 89.36 W, 95 %
2026/03/20 08:37:56.340, 89.29 W, 95 %
2026/03/20 08:37:56.440, 89.24 W, 95 %
2026/03/20 08:37:56.540, 89.29 W, 95 %
2026/03/20 08:37:56.640, 89.24 W, 94 %
2026/03/20 08:37:56.741, 89.18 W, 94 %
2026/03/20 08:37:56.841, 89.10 W, 95 %
2026/03/20 08:37:56.941, 89.19 W, 95 %
2026/03/20 08:37:57.041, 89.29 W, 95 %
2026/03/20 08:37:57.141, 89.29 W, 95 %
2026/03/20 08:37:57.241, 89.26 W, 95 %
2026/03/20 08:37:57.341, 89.37 W, 95 %
2026/03/20 08:37:57.441, 89.50 W, 95 %
2026/03/20 08:37:57.542, 89.42 W, 95 %
2026/03/20 08:37:57.642, 89.46 W, 95 %
2026/03/20 08:37:57.742, 89.60 W, 95 %
2026/03/20 08:37:57.842, 89.84 W, 95 %
2026/03/20 08:37:57.942, 89.86 W, 95 %
2026/03/20 08:37:58.042, 89.63 W, 95 %
2026/03/20 08:37:58.142, 89.58 W, 95 %
2026/03/20 08:37:58.243, 89.67 W, 95 %
2026/03/20 08:37:58.343, 89.58 W, 95 %
2026/03/20 08:37:58.443, 89.60 W, 95 %
2026/03/20 08:37:58.543, 89.70 W, 95 %
2026/03/20 08:37:58.643, 89.66 W, 95 %
2026/03/20 08:37:58.743, 89.66 W, 95 %
2026/03/20 08:37:58.843, 89.58 W, 95 %
2026/03/20 08:37:58.944, 89.50 W, 95 %
2026/03/20 08:37:59.044, 89.41 W, 95 %
2026/03/20 08:37:59.144, 89.38 W, 95 %
2026/03/20 08:37:59.244, 89.16 W, 95 %
2026/03/20 08:37:59.344, 89.23 W, 95 %
2026/03/20 08:37:59.444, 89.11 W, 95 %
2026/03/20 08:37:59.544, 88.93 W, 95 %
2026/03/20 08:37:59.645, 89.03 W, 94 %
2026/03/20 08:37:59.745, 88.94 W, 94 %
2026/03/20 08:37:59.845, 88.80 W, 95 %
2026/03/20 08:37:59.945, 88.74 W, 95 %
2026/03/20 08:38:00.045, 88.92 W, 95 %
2026/03/20 08:38:00.145, 88.93 W, 95 %
2026/03/20 08:38:00.245, 89.00 W, 95 %
2026/03/20 08:38:00.345, 88.88 W, 95 %
2026/03/20 08:38:00.446, 88.98 W, 95 %
2026/03/20 08:38:00.546, 89.19 W, 95 %
2026/03/20 08:38:00.646, 89.13 W, 95 %
2026/03/20 08:38:00.746, 89.08 W, 95 %
2026/03/20 08:38:00.846, 89.04 W, 95 %
2026/03/20 08:38:00.946, 89.21 W, 95 %
2026/03/20 08:38:01.046, 89.24 W, 95 %
2026/03/20 08:38:01.147, 89.28 W, 95 %
2026/03/20 08:38:01.247, 89.32 W, 95 %
2026/03/20 08:38:01.347, 89.28 W, 95 %
2026/03/20 08:38:01.447, 89.35 W, 95 %
2026/03/20 08:38:01.547, 89.24 W, 95 %
2026/03/20 08:38:01.647, 89.16 W, 95 %
2026/03/20 08:38:01.747, 89.17 W, 95 %
2026/03/20 08:38:01.848, 89.27 W, 95 %
2026/03/20 08:38:01.948, 89.18 W, 95 %
2026/03/20 08:38:02.048, 89.23 W, 95 %
2026/03/20 08:38:02.148, 89.22 W, 95 %
2026/03/20 08:38:02.248, 89.19 W, 95 %
2026/03/20 08:38:02.348, 89.41 W, 95 %
2026/03/20 08:38:02.448, 89.17 W, 95 %
2026/03/20 08:38:02.549, 89.09 W, 95 %
2026/03/20 08:38:02.649, 89.22 W, 95 %
2026/03/20 08:38:02.749, 89.29 W, 95 %
2026/03/20 08:38:02.849, 89.23 W, 95 %
2026/03/20 08:38:02.949, 89.38 W, 95 %
2026/03/20 08:38:03.049, 89.22 W, 95 %
2026/03/20 08:38:03.149, 89.10 W, 95 %
2026/03/20 08:38:03.249, 89.20 W, 95 %
2026/03/20 08:38:03.350, 89.18 W, 95 %
2026/03/20 08:38:03.450, 89.26 W, 95 %
2026/03/20 08:38:03.550, 89.39 W, 95 %
2026/03/20 08:38:03.650, 89.45 W, 95 %
2026/03/20 08:38:03.750, 89.44 W, 95 %
2026/03/20 08:38:03.850, 89.44 W, 95 %
2026/03/20 08:38:03.950, 89.34 W, 95 %
2026/03/20 08:38:04.050, 89.47 W, 94 %
2026/03/20 08:38:04.151, 89.46 W, 94 %
2026/03/20 08:38:04.251, 89.35 W, 95 %
2026/03/20 08:38:04.351, 89.29 W, 95 %
2026/03/20 08:38:04.451, 89.31 W, 95 %
2026/03/20 08:38:04.551, 89.33 W, 95 %
2026/03/20 08:38:04.651, 89.30 W, 95 %
2026/03/20 08:38:04.751, 89.30 W, 95 %
2026/03/20 08:38:04.852, 89.43 W, 95 %
2026/03/20 08:38:04.952, 89.46 W, 95 %
2026/03/20 08:38:05.052, 89.54 W, 95 %
2026/03/20 08:38:05.152, 89.54 W, 95 %
2026/03/20 08:38:05.252, 89.56 W, 95 %
2026/03/20 08:38:05.352, 89.56 W, 95 %
2026/03/20 08:38:05.452, 89.42 W, 95 %
2026/03/20 08:38:05.553, 89.37 W, 95 %
2026/03/20 08:38:05.653, 89.38 W, 95 %
2026/03/20 08:38:05.753, 89.34 W, 95 %
2026/03/20 08:38:05.853, 89.17 W, 95 %
2026/03/20 08:38:05.953, 89.20 W, 95 %
2026/03/20 08:38:06.053, 89.05 W, 95 %
2026/03/20 08:38:06.153, 89.12 W, 95 %
2026/03/20 08:38:06.254, 88.95 W, 95 %
2026/03/20 08:38:06.354, 89.17 W, 95 %
2026/03/20 08:38:06.454, 89.35 W, 95 %
2026/03/20 08:38:06.554, 89.32 W, 95 %
2026/03/20 08:38:06.654, 89.20 W, 95 %
2026/03/20 08:38:06.754, 89.30 W, 95 %
2026/03/20 08:38:06.854, 89.30 W, 95 %
2026/03/20 08:38:06.954, 89.19 W, 95 %
2026/03/20 08:38:07.055, 89.14 W, 95 %
2026/03/20 08:38:07.155, 89.31 W, 95 %
2026/03/20 08:38:07.255, 89.35 W, 95 %
2026/03/20 08:38:07.355, 89.16 W, 95 %
2026/03/20 08:38:07.455, 89.04 W, 95 %
2026/03/20 08:38:07.555, 88.99 W, 95 %
2026/03/20 08:38:07.655, 89.12 W, 95 %
2026/03/20 08:38:07.756, 89.10 W, 95 %
2026/03/20 08:38:07.856, 89.23 W, 95 %
2026/03/20 08:38:07.956, 89.27 W, 95 %
2026/03/20 08:38:08.056, 89.42 W, 95 %
2026/03/20 08:38:08.156, 89.21 W, 95 %
2026/03/20 08:38:08.256, 89.33 W, 95 %
2026/03/20 08:38:08.356, 89.37 W, 95 %
2026/03/20 08:38:08.457, 89.44 W, 94 %
2026/03/20 08:38:08.557, 89.76 W, 94 %
2026/03/20 08:38:08.657, 89.71 W, 95 %
2026/03/20 08:38:08.757, 89.58 W, 95 %
2026/03/20 08:38:08.857, 89.39 W, 95 %
2026/03/20 08:38:08.957, 89.48 W, 95 %
2026/03/20 08:38:09.057, 89.42 W, 95 %
2026/03/20 08:38:09.157, 89.41 W, 95 %
2026/03/20 08:38:09.258, 89.32 W, 95 %
2026/03/20 08:38:09.358, 89.39 W, 95 %
2026/03/20 08:38:09.458, 89.44 W, 95 %
2026/03/20 08:38:09.558, 89.16 W, 95 %
2026/03/20 08:38:09.658, 89.26 W, 95 %
2026/03/20 08:38:09.758, 89.38 W, 95 %
2026/03/20 08:38:09.858, 89.63 W, 95 %
2026/03/20 08:38:09.959, 89.50 W, 95 %
2026/03/20 08:38:10.059, 89.51 W, 95 %
2026/03/20 08:38:10.159, 89.58 W, 95 %
2026/03/20 08:38:10.259, 89.72 W, 95 %
2026/03/20 08:38:10.359, 89.62 W, 95 %
2026/03/20 08:38:10.459, 89.70 W, 95 %
2026/03/20 08:38:10.559, 89.60 W, 95 %
2026/03/20 08:38:10.660, 89.55 W, 95 %
2026/03/20 08:38:10.760, 89.62 W, 95 %
2026/03/20 08:38:10.860, 89.39 W, 95 %
2026/03/20 08:38:10.960, 89.50 W, 95 %
2026/03/20 08:38:11.060, 89.47 W, 95 %
2026/03/20 08:38:11.160, 89.58 W, 95 %
2026/03/20 08:38:11.260, 89.36 W, 95 %
2026/03/20 08:38:11.360, 89.28 W, 95 %
2026/03/20 08:38:11.461, 89.07 W, 94 %
2026/03/20 08:38:11.561, 89.15 W, 94 %
2026/03/20 08:38:11.661, 89.28 W, 95 %
2026/03/20 08:38:11.761, 89.12 W, 95 %
2026/03/20 08:38:11.861, 89.14 W, 95 %
2026/03/20 08:38:11.961, 89.14 W, 95 %
2026/03/20 08:38:12.061, 89.21 W, 95 %
2026/03/20 08:38:12.162, 89.09 W, 95 %
2026/03/20 08:38:12.262, 89.25 W, 95 %
2026/03/20 08:38:12.362, 89.42 W, 95 %
2026/03/20 08:38:12.462, 89.44 W, 95 %
2026/03/20 08:38:12.562, 89.70 W, 95 %
2026/03/20 08:38:12.662, 89.59 W, 95 %
2026/03/20 08:38:12.762, 89.61 W, 95 %
2026/03/20 08:38:12.863, 89.62 W, 94 %
2026/03/20 08:38:12.963, 89.74 W, 94 %
2026/03/20 08:38:13.063, 89.70 W, 95 %
2026/03/20 08:38:13.163, 89.76 W, 95 %
2026/03/20 08:38:13.263, 89.83 W, 95 %
2026/03/20 08:38:13.363, 89.79 W, 95 %
2026/03/20 08:38:13.463, 89.81 W, 95 %
2026/03/20 08:38:13.563, 89.68 W, 95 %
2026/03/20 08:38:13.664, 89.67 W, 95 %
2026/03/20 08:38:13.764, 89.65 W, 95 %
2026/03/20 08:38:13.864, 89.73 W, 95 %
2026/03/20 08:38:13.964, 89.67 W, 95 %
2026/03/20 08:38:14.064, 89.51 W, 95 %
2026/03/20 08:38:14.164, 89.36 W, 95 %
2026/03/20 08:38:14.264, 89.33 W, 95 %
2026/03/20 08:38:14.365, 89.26 W, 95 %
2026/03/20 08:38:14.465, 89.27 W, 95 %
2026/03/20 08:38:14.565, 89.26 W, 95 %
2026/03/20 08:38:14.665, 89.13 W, 95 %
2026/03/20 08:38:14.765, 89.25 W, 95 %
2026/03/20 08:38:14.865, 89.21 W, 95 %
2026/03/20 08:38:14.965, 89.06 W, 95 %
2026/03/20 08:38:15.065, 89.16 W, 95 %
2026/03/20 08:38:15.166, 89.43 W, 95 %
2026/03/20 08:38:15.266, 89.44 W, 95 %
2026/03/20 08:38:15.366, 89.40 W, 95 %
2026/03/20 08:38:15.466, 89.35 W, 95 %
2026/03/20 08:38:15.566, 89.33 W, 95 %
2026/03/20 08:38:15.666, 89.61 W, 95 %
2026/03/20 08:38:15.766, 89.51 W, 95 %
2026/03/20 08:38:15.867, 89.49 W, 94 %
2026/03/20 08:38:15.967, 89.58 W, 94 %
2026/03/20 08:38:16.067, 89.69 W, 95 %
2026/03/20 08:38:16.167, 89.57 W, 95 %
2026/03/20 08:38:16.267, 89.45 W, 95 %
2026/03/20 08:38:16.367, 89.55 W, 95 %
2026/03/20 08:38:16.467, 89.67 W, 95 %
2026/03/20 08:38:16.568, 89.86 W, 95 %
2026/03/20 08:38:16.668, 89.64 W, 95 %
2026/03/20 08:38:16.768, 89.65 W, 95 %
2026/03/20 08:38:16.868, 89.61 W, 95 %
2026/03/20 08:38:16.968, 89.67 W, 95 %
2026/03/20 08:38:17.068, 89.65 W, 95 %
2026/03/20 08:38:17.168, 89.66 W, 95 %
2026/03/20 08:38:17.269, 89.58 W, 95 %
2026/03/20 08:38:17.369, 89.57 W, 95 %
2026/03/20 08:38:17.469, 89.58 W, 95 %
2026/03/20 08:38:17.569, 89.49 W, 95 %
2026/03/20 08:38:17.669, 89.46 W, 95 %
2026/03/20 08:38:17.769, 89.50 W, 95 %
2026/03/20 08:38:17.869, 89.64 W, 95 %
2026/03/20 08:38:17.970, 89.59 W, 95 %
2026/03/20 08:38:18.070, 89.48 W, 95 %
2026/03/20 08:38:18.170, 89.40 W, 95 %
2026/03/20 08:38:18.270, 89.38 W, 95 %
2026/03/20 08:38:18.370, 89.40 W, 95 %
2026/03/20 08:38:18.470, 89.26 W, 95 %
2026/03/20 08:38:18.570, 89.21 W, 95 %
2026/03/20 08:38:18.670, 89.22 W, 95 %
2026/03/20 08:38:18.771, 89.31 W, 95 %
2026/03/20 08:38:18.871, 89.32 W, 94 %
2026/03/20 08:38:18.971, 89.39 W, 94 %
2026/03/20 08:38:19.071, 89.42 W, 95 %
2026/03/20 08:38:19.171, 89.64 W, 95 %
2026/03/20 08:38:19.271, 89.70 W, 95 %
2026/03/20 08:38:19.371, 89.67 W, 95 %
2026/03/20 08:38:19.472, 89.68 W, 95 %
2026/03/20 08:38:19.572, 89.77 W, 95 %
2026/03/20 08:38:19.672, 89.79 W, 95 %
2026/03/20 08:38:19.772, 89.83 W, 95 %
2026/03/20 08:38:19.872, 89.79 W, 95 %
2026/03/20 08:38:19.972, 89.68 W, 95 %
2026/03/20 08:38:20.072, 89.71 W, 95 %
2026/03/20 08:38:20.173, 89.59 W, 95 %
2026/03/20 08:38:20.273, 89.56 W, 94 %
2026/03/20 08:38:20.373, 89.70 W, 94 %
2026/03/20 08:38:20.473, 89.82 W, 95 %
2026/03/20 08:38:20.573, 89.80 W, 95 %
2026/03/20 08:38:20.673, 89.67 W, 95 %
2026/03/20 08:38:20.773, 89.60 W, 95 %
2026/03/20 08:38:20.873, 89.62 W, 95 %
2026/03/20 08:38:20.974, 89.69 W, 95 %
2026/03/20 08:38:21.074, 89.55 W, 95 %
2026/03/20 08:38:21.174, 89.50 W, 95 %
2026/03/20 08:38:21.274, 89.41 W, 95 %
2026/03/20 08:38:21.374, 89.35 W, 95 %
2026/03/20 08:38:21.474, 89.22 W, 95 %
2026/03/20 08:38:21.574, 89.34 W, 95 %
2026/03/20 08:38:21.675, 89.36 W, 95 %
2026/03/20 08:38:21.775, 89.39 W, 95 %
2026/03/20 08:38:21.875, 89.38 W, 95 %
2026/03/20 08:38:21.975, 89.25 W, 95 %
2026/03/20 08:38:22.075, 89.35 W, 95 %
2026/03/20 08:38:22.175, 89.42 W, 95 %
2026/03/20 08:38:22.275, 89.63 W, 95 %
2026/03/20 08:38:22.376, 89.40 W, 95 %
2026/03/20 08:38:22.476, 89.46 W, 95 %
2026/03/20 08:38:22.576, 89.37 W, 95 %
2026/03/20 08:38:22.676, 89.41 W, 95 %
2026/03/20 08:38:22.776, 89.53 W, 95 %
2026/03/20 08:38:22.876, 89.49 W, 95 %
2026/03/20 08:38:22.976, 89.59 W, 95 %
2026/03/20 08:38:23.076, 89.51 W, 95 %
2026/03/20 08:38:23.177, 89.69 W, 95 %
2026/03/20 08:38:23.277, 89.46 W, 94 %
2026/03/20 08:38:23.377, 89.63 W, 94 %
2026/03/20 08:38:23.477, 89.61 W, 95 %
2026/03/20 08:38:23.577, 89.66 W, 95 %
2026/03/20 08:38:23.677, 89.54 W, 95 %
2026/03/20 08:38:23.777, 89.51 W, 95 %
2026/03/20 08:38:23.878, 89.44 W, 95 %
2026/03/20 08:38:23.978, 89.43 W, 95 %
2026/03/20 08:38:24.078, 89.57 W, 95 %
2026/03/20 08:38:24.178, 89.27 W, 95 %
2026/03/20 08:38:24.278, 89.38 W, 95 %
2026/03/20 08:38:24.378, 89.25 W, 95 %
2026/03/20 08:38:24.478, 89.34 W, 95 %
2026/03/20 08:38:24.579, 89.37 W, 95 %
2026/03/20 08:38:24.679, 89.35 W, 95 %
2026/03/20 08:38:24.779, 89.31 W, 95 %
2026/03/20 08:38:24.879, 89.29 W, 95 %
2026/03/20 08:38:24.979, 89.43 W, 95 %
2026/03/20 08:38:25.079, 89.25 W, 95 %
2026/03/20 08:38:25.179, 89.37 W, 95 %
2026/03/20 08:38:25.280, 89.23 W, 95 %
2026/03/20 08:38:25.380, 89.38 W, 95 %
2026/03/20 08:38:25.480, 89.33 W, 95 %
2026/03/20 08:38:25.580, 89.34 W, 95 %
2026/03/20 08:38:25.680, 89.31 W, 95 %
2026/03/20 08:38:25.780, 89.49 W, 95 %
2026/03/20 08:38:25.880, 89.48 W, 95 %
2026/03/20 08:38:25.980, 89.20 W, 95 %
2026/03/20 08:38:26.081, 89.27 W, 95 %
2026/03/20 08:38:26.181, 89.43 W, 95 %
2026/03/20 08:38:26.281, 89.57 W, 94 %
2026/03/20 08:38:26.381, 89.59 W, 94 %
2026/03/20 08:38:26.481, 89.60 W, 95 %
2026/03/20 08:38:26.581, 89.41 W, 95 %
2026/03/20 08:38:26.681, 89.46 W, 95 %
2026/03/20 08:38:26.782, 89.44 W, 95 %
2026/03/20 08:38:26.882, 89.34 W, 95 %
2026/03/20 08:38:26.982, 89.46 W, 95 %
2026/03/20 08:38:27.082, 89.37 W, 95 %
2026/03/20 08:38:27.182, 89.40 W, 95 %
2026/03/20 08:38:27.282, 89.38 W, 95 %
2026/03/20 08:38:27.382, 89.29 W, 95 %
2026/03/20 08:38:27.483, 89.29 W, 95 %
2026/03/20 08:38:27.583, 89.44 W, 95 %
2026/03/20 08:38:27.683, 89.41 W, 94 %
2026/03/20 08:38:27.783, 89.30 W, 94 %
2026/03/20 08:38:27.883, 89.33 W, 95 %
2026/03/20 08:38:27.983, 89.39 W, 95 %
2026/03/20 08:38:28.083, 89.49 W, 95 %
2026/03/20 08:38:28.184, 89.43 W, 95 %
2026/03/20 08:38:28.284, 89.52 W, 94 %
2026/03/20 08:38:28.384, 89.44 W, 94 %
2026/03/20 08:38:28.484, 89.51 W, 95 %
2026/03/20 08:38:28.584, 89.50 W, 95 %
2026/03/20 08:38:28.684, 89.42 W, 95 %
2026/03/20 08:38:28.784, 89.54 W, 95 %
2026/03/20 08:38:28.884, 89.55 W, 95 %
2026/03/20 08:38:28.985, 89.59 W, 95 %
2026/03/20 08:38:29.085, 89.47 W, 95 %
2026/03/20 08:38:29.185, 89.47 W, 95 %
2026/03/20 08:38:29.285, 89.34 W, 95 %
2026/03/20 08:38:29.385, 89.47 W, 95 %
2026/03/20 08:38:29.485, 89.42 W, 95 %
2026/03/20 08:38:29.585, 89.34 W, 95 %
2026/03/20 08:38:29.686, 89.42 W, 95 %
2026/03/20 08:38:29.786, 89.39 W, 95 %
2026/03/20 08:38:29.886, 89.50 W, 95 %
2026/03/20 08:38:29.986, 89.48 W, 95 %
2026/03/20 08:38:30.086, 89.47 W, 95 %
2026/03/20 08:38:30.186, 89.53 W, 95 %
2026/03/20 08:38:30.286, 89.62 W, 95 %
2026/03/20 08:38:30.387, 89.60 W, 95 %
2026/03/20 08:38:30.487, 89.57 W, 95 %
2026/03/20 08:38:30.587, 89.58 W, 95 %
2026/03/20 08:38:30.687, 89.61 W, 94 %
2026/03/20 08:38:30.787, 89.66 W, 94 %
2026/03/20 08:38:30.887, 89.49 W, 95 %
2026/03/20 08:38:30.987, 89.54 W, 95 %
2026/03/20 08:38:31.087, 89.48 W, 95 %
2026/03/20 08:38:31.188, 89.57 W, 95 %
2026/03/20 08:38:31.288, 89.56 W, 95 %
2026/03/20 08:38:31.388, 89.52 W, 95 %
2026/03/20 08:38:31.488, 89.47 W, 95 %
2026/03/20 08:38:31.588, 89.57 W, 95 %
2026/03/20 08:38:31.688, 89.65 W, 95 %
2026/03/20 08:38:31.788, 89.51 W, 95 %
2026/03/20 08:38:31.889, 89.42 W, 95 %
2026/03/20 08:38:31.989, 89.46 W, 95 %
2026/03/20 08:38:32.089, 89.63 W, 95 %
2026/03/20 08:38:32.189, 89.43 W, 95 %
2026/03/20 08:38:32.289, 89.30 W, 95 %
2026/03/20 08:38:32.389, 89.14 W, 95 %
2026/03/20 08:38:32.489, 89.20 W, 95 %
2026/03/20 08:38:32.590, 89.12 W, 95 %
2026/03/20 08:38:32.690, 89.06 W, 95 %
2026/03/20 08:38:32.790, 89.18 W, 95 %
2026/03/20 08:38:32.890, 89.33 W, 95 %
2026/03/20 08:38:32.990, 89.34 W, 95 %
2026/03/20 08:38:33.090, 89.15 W, 95 %
2026/03/20 08:38:33.190, 89.07 W, 95 %
2026/03/20 08:38:33.291, 89.14 W, 95 %
2026/03/20 08:38:33.391, 89.50 W, 95 %
2026/03/20 08:38:33.491, 89.41 W, 95 %
2026/03/20 08:38:33.591, 89.35 W, 95 %
2026/03/20 08:38:33.691, 89.33 W, 94 %
2026/03/20 08:38:33.791, 89.33 W, 94 %
2026/03/20 08:38:33.891, 89.48 W, 95 %
2026/03/20 08:38:33.991, 89.29 W, 95 %
2026/03/20 08:38:34.092, 89.30 W, 95 %
2026/03/20 08:38:34.192, 89.39 W, 95 %
2026/03/20 08:38:34.292, 89.39 W, 95 %
2026/03/20 08:38:34.392, 89.15 W, 95 %
2026/03/20 08:38:34.492, 89.21 W, 95 %
2026/03/20 08:38:34.592, 89.27 W, 95 %
2026/03/20 08:38:34.692, 89.29 W, 95 %
2026/03/20 08:38:34.793, 89.23 W, 95 %
2026/03/20 08:38:34.893, 89.04 W, 95 %
2026/03/20 08:38:34.993, 89.07 W, 95 %
2026/03/20 08:38:35.093, 89.05 W, 93 %
2026/03/20 08:38:35.193, 89.24 W, 93 %
2026/03/20 08:38:35.293, 89.21 W, 95 %
2026/03/20 08:38:35.393, 89.41 W, 95 %
2026/03/20 08:38:35.494, 89.45 W, 95 %
2026/03/20 08:38:35.594, 89.53 W, 95 %
2026/03/20 08:38:35.694, 89.58 W, 95 %
2026/03/20 08:38:35.794, 89.51 W, 95 %
2026/03/20 08:38:35.894, 89.56 W, 95 %
2026/03/20 08:38:35.994, 89.53 W, 95 %
2026/03/20 08:38:36.094, 89.61 W, 95 %
2026/03/20 08:38:36.194, 89.51 W, 95 %
2026/03/20 08:38:36.295, 89.47 W, 95 %
2026/03/20 08:38:36.395, 89.40 W, 95 %
2026/03/20 08:38:36.495, 89.38 W, 95 %
2026/03/20 08:38:36.595, 89.25 W, 95 %
2026/03/20 08:38:36.695, 89.06 W, 95 %
2026/03/20 08:38:36.795, 89.08 W, 95 %
2026/03/20 08:38:36.895, 89.20 W, 95 %
2026/03/20 08:38:36.996, 89.26 W, 95 %
2026/03/20 08:38:37.096, 89.18 W, 95 %
2026/03/20 08:38:37.196, 89.25 W, 95 %
2026/03/20 08:38:37.296, 89.29 W, 95 %
2026/03/20 08:38:37.396, 89.34 W, 95 %
2026/03/20 08:38:37.496, 89.33 W, 95 %
2026/03/20 08:38:37.596, 89.39 W, 95 %
2026/03/20 08:38:37.697, 89.43 W, 95 %
2026/03/20 08:38:37.797, 89.60 W, 95 %
2026/03/20 08:38:37.897, 89.58 W, 95 %
2026/03/20 08:38:37.997, 89.59 W, 95 %
2026/03/20 08:38:38.097, 89.57 W, 94 %
2026/03/20 08:38:38.197, 89.44 W, 94 %
2026/03/20 08:38:38.297, 89.51 W, 95 %
2026/03/20 08:38:38.398, 89.52 W, 95 %
2026/03/20 08:38:38.498, 89.50 W, 94 %
2026/03/20 08:38:38.598, 89.44 W, 94 %
2026/03/20 08:38:38.698, 89.49 W, 95 %
2026/03/20 08:38:38.798, 89.50 W, 95 %
2026/03/20 08:38:38.898, 89.40 W, 95 %
2026/03/20 08:38:38.998, 89.41 W, 95 %
2026/03/20 08:38:39.098, 89.44 W, 95 %
2026/03/20 08:38:39.199, 89.58 W, 95 %
2026/03/20 08:38:39.299, 89.46 W, 95 %
2026/03/20 08:38:39.399, 89.37 W, 95 %
2026/03/20 08:38:39.499, 89.25 W, 95 %
2026/03/20 08:38:39.599, 89.47 W, 95 %
2026/03/20 08:38:39.699, 89.48 W, 95 %
2026/03/20 08:38:39.799, 89.27 W, 95 %
2026/03/20 08:38:39.900, 89.09 W, 95 %
2026/03/20 08:38:40.000, 89.12 W, 95 %
2026/03/20 08:38:40.100, 89.15 W, 95 %
2026/03/20 08:38:40.200, 89.11 W, 95 %
2026/03/20 08:38:40.300, 89.13 W, 95 %
2026/03/20 08:38:40.400, 89.26 W, 95 %
2026/03/20 08:38:40.500, 89.34 W, 95 %
2026/03/20 08:38:40.601, 89.28 W, 95 %
2026/03/20 08:38:40.701, 89.29 W, 95 %
2026/03/20 08:38:40.801, 89.37 W, 95 %
2026/03/20 08:38:40.901, 89.54 W, 95 %
2026/03/20 08:38:41.001, 89.43 W, 95 %
2026/03/20 08:38:41.101, 89.34 W, 94 %
2026/03/20 08:38:41.201, 89.28 W, 94 %
2026/03/20 08:38:41.301, 89.25 W, 95 %
2026/03/20 08:38:41.402, 89.21 W, 95 %
2026/03/20 08:38:41.502, 89.22 W, 95 %
2026/03/20 08:38:41.602, 89.20 W, 95 %
2026/03/20 08:38:41.702, 89.28 W, 95 %
2026/03/20 08:38:41.802, 89.40 W, 95 %
2026/03/20 08:38:41.902, 89.37 W, 95 %
2026/03/20 08:38:42.002, 89.58 W, 95 %
2026/03/20 08:38:42.103, 89.57 W, 95 %
2026/03/20 08:38:42.203, 89.70 W, 95 %
2026/03/20 08:38:42.303, 89.89 W, 95 %
2026/03/20 08:38:42.403, 89.81 W, 95 %
2026/03/20 08:38:42.503, 89.74 W, 95 %
2026/03/20 08:38:42.603, 89.69 W, 95 %
2026/03/20 08:38:42.703, 89.69 W, 95 %
2026/03/20 08:38:42.804, 89.66 W, 95 %
2026/03/20 08:38:42.904, 89.64 W, 95 %
2026/03/20 08:38:43.004, 89.56 W, 95 %
2026/03/20 08:38:43.104, 89.55 W, 95 %
2026/03/20 08:38:43.204, 89.50 W, 95 %
2026/03/20 08:38:43.304, 89.35 W, 95 %
2026/03/20 08:38:43.404, 89.16 W, 95 %
2026/03/20 08:38:43.504, 89.08 W, 95 %
2026/03/20 08:38:43.605, 89.28 W, 95 %
2026/03/20 08:38:43.705, 89.14 W, 95 %
2026/03/20 08:38:43.805, 89.08 W, 95 %
2026/03/20 08:38:43.905, 89.21 W, 95 %
2026/03/20 08:38:44.005, 89.20 W, 95 %
2026/03/20 08:38:44.105, 89.26 W, 95 %
2026/03/20 08:38:44.205, 89.23 W, 95 %
2026/03/20 08:38:44.306, 89.23 W, 95 %
2026/03/20 08:38:44.406, 89.45 W, 95 %
2026/03/20 08:38:44.506, 89.62 W, 95 %
2026/03/20 08:38:44.606, 89.49 W, 95 %
2026/03/20 08:38:44.706, 89.52 W, 95 %
2026/03/20 08:38:44.806, 89.54 W, 95 %
2026/03/20 08:38:44.906, 89.45 W, 95 %
2026/03/20 08:38:45.007, 89.43 W, 95 %
2026/03/20 08:38:45.107, 89.34 W, 95 %
2026/03/20 08:38:45.207, 89.39 W, 95 %
2026/03/20 08:38:45.307, 89.46 W, 95 %
2026/03/20 08:38:45.407, 89.50 W, 95 %
2026/03/20 08:38:45.507, 89.35 W, 94 %
2026/03/20 08:38:45.607, 89.40 W, 94 %
2026/03/20 08:38:45.707, 89.41 W, 95 %
2026/03/20 08:38:45.808, 89.59 W, 95 %
2026/03/20 08:38:45.908, 89.55 W, 95 %
2026/03/20 08:38:46.008, 89.48 W, 95 %
2026/03/20 08:38:46.108, 89.44 W, 95 %
2026/03/20 08:38:46.208, 89.50 W, 95 %
2026/03/20 08:38:46.308, 89.59 W, 95 %
2026/03/20 08:38:46.408, 89.55 W, 95 %
2026/03/20 08:38:46.509, 89.49 W, 95 %
2026/03/20 08:38:46.609, 89.43 W, 95 %
2026/03/20 08:38:46.709, 89.61 W, 95 %
2026/03/20 08:38:46.809, 89.47 W, 95 %
2026/03/20 08:38:46.909, 89.39 W, 95 %
2026/03/20 08:38:47.009, 89.37 W, 95 %
2026/03/20 08:38:47.109, 89.50 W, 95 %
2026/03/20 08:38:47.210, 89.49 W, 95 %
2026/03/20 08:38:47.310, 89.36 W, 95 %
2026/03/20 08:38:47.410, 89.30 W, 95 %
2026/03/20 08:38:47.510, 89.35 W, 95 %
2026/03/20 08:38:47.610, 89.42 W, 95 %
2026/03/20 08:38:47.710, 89.27 W, 95 %
2026/03/20 08:38:47.810, 89.15 W, 95 %
2026/03/20 08:38:47.911, 89.12 W, 95 %
2026/03/20 08:38:48.011, 89.28 W, 95 %
2026/03/20 08:38:48.111, 89.29 W, 95 %
2026/03/20 08:38:48.211, 89.23 W, 95 %
2026/03/20 08:38:48.311, 89.18 W, 95 %
2026/03/20 08:38:48.411, 89.24 W, 95 %
2026/03/20 08:38:48.511, 89.36 W, 94 %
2026/03/20 08:38:48.611, 89.38 W, 94 %
2026/03/20 08:38:48.712, 89.44 W, 95 %
2026/03/20 08:38:48.812, 89.52 W, 95 %
2026/03/20 08:38:48.912, 89.74 W, 95 %
2026/03/20 08:38:49.012, 89.63 W, 95 %
2026/03/20 08:38:49.112, 89.56 W, 95 %
2026/03/20 08:38:49.212, 89.44 W, 95 %
2026/03/20 08:38:49.312, 89.67 W, 95 %
2026/03/20 08:38:49.413, 89.75 W, 95 %
2026/03/20 08:38:49.513, 89.62 W, 95 %
2026/03/20 08:38:49.613, 89.53 W, 95 %
2026/03/20 08:38:49.713, 89.50 W, 95 %
2026/03/20 08:38:49.813, 89.53 W, 95 %
2026/03/20 08:38:49.913, 89.35 W, 95 %
2026/03/20 08:38:50.013, 89.32 W, 95 %
2026/03/20 08:38:50.114, 89.29 W, 95 %
2026/03/20 08:38:50.214, 89.51 W, 95 %
2026/03/20 08:38:50.314, 89.56 W, 95 %
2026/03/20 08:38:50.414, 89.44 W, 95 %
2026/03/20 08:38:50.514, 89.45 W, 95 %
2026/03/20 08:38:50.614, 89.40 W, 95 %
2026/03/20 08:38:50.714, 89.53 W, 95 %
2026/03/20 08:38:50.814, 89.53 W, 95 %
2026/03/20 08:38:50.915, 89.65 W, 95 %
2026/03/20 08:38:51.015, 89.61 W, 95 %
2026/03/20 08:38:51.115, 89.79 W, 95 %
2026/03/20 08:38:51.215, 89.65 W, 95 %
2026/03/20 08:38:51.315, 89.47 W, 95 %
2026/03/20 08:38:51.415, 89.28 W, 95 %
2026/03/20 08:38:51.515, 89.53 W, 94 %
2026/03/20 08:38:51.616, 89.76 W, 94 %
2026/03/20 08:38:51.716, 89.70 W, 95 %
2026/03/20 08:38:51.816, 89.56 W, 95 %
2026/03/20 08:38:51.916, 89.49 W, 95 %
2026/03/20 08:38:52.016, 89.55 W, 95 %
2026/03/20 08:38:52.116, 89.51 W, 95 %
2026/03/20 08:38:52.216, 89.46 W, 95 %
2026/03/20 08:38:52.317, 89.47 W, 95 %
2026/03/20 08:38:52.417, 89.61 W, 95 %
2026/03/20 08:38:52.517, 89.68 W, 95 %
2026/03/20 08:38:52.617, 89.52 W, 95 %
2026/03/20 08:38:52.717, 89.43 W, 95 %
2026/03/20 08:38:52.817, 89.36 W, 95 %
2026/03/20 08:38:52.917, 89.41 W, 94 %
2026/03/20 08:38:53.017, 89.50 W, 94 %
2026/03/20 08:38:53.118, 89.43 W, 95 %
2026/03/20 08:38:53.218, 89.50 W, 95 %
2026/03/20 08:38:53.318, 89.58 W, 95 %
2026/03/20 08:38:53.418, 89.62 W, 95 %
2026/03/20 08:38:53.518, 89.50 W, 95 %
2026/03/20 08:38:53.618, 89.54 W, 95 %
2026/03/20 08:38:53.718, 89.51 W, 95 %
2026/03/20 08:38:53.819, 89.67 W, 95 %
2026/03/20 08:38:53.919, 89.79 W, 95 %
2026/03/20 08:38:54.019, 89.67 W, 95 %
2026/03/20 08:38:54.119, 89.74 W, 95 %
2026/03/20 08:38:54.219, 89.67 W, 95 %
2026/03/20 08:38:54.319, 89.73 W, 95 %
2026/03/20 08:38:54.419, 89.58 W, 95 %
2026/03/20 08:38:54.520, 89.52 W, 95 %
2026/03/20 08:38:54.620, 89.44 W, 95 %
2026/03/20 08:38:54.720, 89.60 W, 95 %
2026/03/20 08:38:54.820, 89.38 W, 95 %
2026/03/20 08:38:54.920, 89.11 W, 95 %
2026/03/20 08:38:55.020, 89.11 W, 95 %
2026/03/20 08:38:55.120, 89.25 W, 95 %
2026/03/20 08:38:55.220, 89.35 W, 95 %
2026/03/20 08:38:55.321, 89.17 W, 95 %
2026/03/20 08:38:55.421, 89.08 W, 95 %
2026/03/20 08:38:55.521, 89.13 W, 95 %
2026/03/20 08:38:55.621, 89.20 W, 95 %
2026/03/20 08:38:55.721, 89.05 W, 95 %
2026/03/20 08:38:55.821, 89.14 W, 95 %
2026/03/20 08:38:55.921, 89.37 W, 94 %
2026/03/20 08:38:56.022, 89.38 W, 94 %
2026/03/20 08:38:56.122, 89.29 W, 95 %
2026/03/20 08:38:56.222, 89.18 W, 95 %
2026/03/20 08:38:56.322, 89.18 W, 95 %
2026/03/20 08:38:56.422, 89.31 W, 95 %
2026/03/20 08:38:56.522, 89.37 W, 95 %
2026/03/20 08:38:56.622, 89.33 W, 95 %
2026/03/20 08:38:56.723, 89.43 W, 95 %
2026/03/20 08:38:56.823, 89.46 W, 95 %
2026/03/20 08:38:56.923, 89.49 W, 95 %
2026/03/20 08:38:57.023, 89.44 W, 95 %
2026/03/20 08:38:57.123, 89.54 W, 95 %
2026/03/20 08:38:57.223, 89.53 W, 95 %
2026/03/20 08:38:57.323, 89.62 W, 95 %
2026/03/20 08:38:57.423, 89.68 W, 95 %
2026/03/20 08:38:57.524, 89.51 W, 95 %
2026/03/20 08:38:57.624, 89.45 W, 95 %
2026/03/20 08:38:57.724, 89.58 W, 95 %
2026/03/20 08:38:57.824, 89.67 W, 95 %
2026/03/20 08:38:57.924, 89.55 W, 95 %
2026/03/20 08:38:58.024, 89.59 W, 95 %
2026/03/20 08:38:58.124, 89.34 W, 95 %
2026/03/20 08:38:58.225, 89.21 W, 95 %
2026/03/20 08:38:58.325, 89.34 W, 95 %
2026/03/20 08:38:58.425, 89.27 W, 95 %
2026/03/20 08:38:58.525, 89.36 W, 95 %
2026/03/20 08:38:58.625, 89.39 W, 95 %
2026/03/20 08:38:58.725, 89.47 W, 95 %
2026/03/20 08:38:58.825, 89.39 W, 95 %
2026/03/20 08:38:58.926, 89.41 W, 94 %
2026/03/20 08:38:59.026, 89.38 W, 94 %
2026/03/20 08:38:59.126, 89.57 W, 95 %
2026/03/20 08:38:59.226, 89.67 W, 95 %
2026/03/20 08:38:59.326, 89.50 W, 95 %
2026/03/20 08:38:59.426, 89.39 W, 95 %
2026/03/20 08:38:59.526, 89.57 W, 95 %
2026/03/20 08:38:59.626, 89.58 W, 95 %
2026/03/20 08:38:59.727, 89.34 W, 95 %
2026/03/20 08:38:59.827, 89.28 W, 95 %
2026/03/20 08:38:59.927, 89.34 W, 95 %
2026/03/20 08:39:00.027, 89.43 W, 95 %
2026/03/20 08:39:00.127, 89.38 W, 95 %
2026/03/20 08:39:00.227, 89.43 W, 95 %
2026/03/20 08:39:00.327, 89.47 W, 95 %
2026/03/20 08:39:00.428, 89.48 W, 95 %
2026/03/20 08:39:00.528, 89.32 W, 95 %
2026/03/20 08:39:00.628, 89.24 W, 95 %
2026/03/20 08:39:00.728, 89.29 W, 95 %
2026/03/20 08:39:00.828, 89.19 W, 95 %
2026/03/20 08:39:00.928, 89.14 W, 95 %
2026/03/20 08:39:01.028, 89.01 W, 95 %
2026/03/20 08:39:01.129, 88.95 W, 95 %
2026/03/20 08:39:01.229, 88.82 W, 95 %
2026/03/20 08:39:01.329, 88.85 W, 95 %
2026/03/20 08:39:01.429, 88.93 W, 95 %
2026/03/20 08:39:01.529, 88.91 W, 95 %
2026/03/20 08:39:01.629, 88.83 W, 95 %
2026/03/20 08:39:01.729, 88.98 W, 95 %
2026/03/20 08:39:01.829, 89.21 W, 95 %
2026/03/20 08:39:01.930, 89.13 W, 95 %
2026/03/20 08:39:02.030, 89.06 W, 95 %
2026/03/20 08:39:02.130, 88.95 W, 95 %
2026/03/20 08:39:02.230, 89.04 W, 95 %
2026/03/20 08:39:02.330, 89.16 W, 95 %
2026/03/20 08:39:02.430, 89.06 W, 95 %
2026/03/20 08:39:02.530, 89.01 W, 95 %
2026/03/20 08:39:02.631, 89.19 W, 95 %
2026/03/20 08:39:02.731, 89.25 W, 95 %
2026/03/20 08:39:02.831, 89.24 W, 95 %
2026/03/20 08:39:02.931, 89.28 W, 95 %
2026/03/20 08:39:03.031, 89.39 W, 95 %
2026/03/20 08:39:03.131, 89.62 W, 95 %
2026/03/20 08:39:03.231, 89.69 W, 95 %
2026/03/20 08:39:03.332, 89.53 W, 94 %
2026/03/20 08:39:03.432, 89.49 W, 94 %
2026/03/20 08:39:03.532, 89.72 W, 95 %
2026/03/20 08:39:03.632, 89.71 W, 95 %
2026/03/20 08:39:03.732, 89.54 W, 95 %
2026/03/20 08:39:03.832, 89.36 W, 95 %
2026/03/20 08:39:03.932, 89.32 W, 95 %
2026/03/20 08:39:04.032, 89.48 W, 95 %
2026/03/20 08:39:04.133, 89.46 W, 95 %
2026/03/20 08:39:04.233, 89.32 W, 95 %
2026/03/20 08:39:04.333, 89.36 W, 95 %
2026/03/20 08:39:04.433, 89.61 W, 95 %
2026/03/20 08:39:04.533, 89.59 W, 95 %
2026/03/20 08:39:04.633, 89.36 W, 95 %
2026/03/20 08:39:04.733, 89.35 W, 94 %
2026/03/20 08:39:04.834, 89.31 W, 94 %
2026/03/20 08:39:04.934, 89.51 W, 95 %
2026/03/20 08:39:05.034, 89.37 W, 95 %
2026/03/20 08:39:05.134, 89.31 W, 95 %
2026/03/20 08:39:05.234, 89.42 W, 95 %
2026/03/20 08:39:05.334, 89.45 W, 95 %
2026/03/20 08:39:05.434, 89.41 W, 95 %
2026/03/20 08:39:05.535, 89.23 W, 95 %
2026/03/20 08:39:05.635, 89.29 W, 95 %
2026/03/20 08:39:05.735, 89.37 W, 95 %
2026/03/20 08:39:05.835, 89.63 W, 95 %
2026/03/20 08:39:05.935, 89.41 W, 95 %
2026/03/20 08:39:06.035, 89.40 W, 95 %
2026/03/20 08:39:06.135, 89.49 W, 95 %
2026/03/20 08:39:06.236, 89.41 W, 95 %
2026/03/20 08:39:06.336, 89.37 W, 95 %
2026/03/20 08:39:06.436, 89.26 W, 95 %
2026/03/20 08:39:06.536, 89.30 W, 95 %
2026/03/20 08:39:06.636, 89.22 W, 95 %
2026/03/20 08:39:06.736, 89.21 W, 95 %
2026/03/20 08:39:06.836, 89.08 W, 95 %
2026/03/20 08:39:06.936, 89.05 W, 95 %
2026/03/20 08:39:07.037, 89.07 W, 95 %
2026/03/20 08:39:07.137, 89.12 W, 95 %
2026/03/20 08:39:07.237, 89.20 W, 95 %
2026/03/20 08:39:07.337, 89.21 W, 95 %
2026/03/20 08:39:07.437, 89.37 W, 95 %
2026/03/20 08:39:07.537, 89.43 W, 95 %
2026/03/20 08:39:07.637, 89.39 W, 95 %
2026/03/20 08:39:07.738, 89.33 W, 94 %
2026/03/20 08:39:07.838, 89.34 W, 94 %
2026/03/20 08:39:07.938, 89.31 W, 95 %
2026/03/20 08:39:08.038, 89.32 W, 95 %
2026/03/20 08:39:08.138, 89.27 W, 95 %
2026/03/20 08:39:08.238, 89.29 W, 95 %
2026/03/20 08:39:08.338, 89.07 W, 95 %
2026/03/20 08:39:08.439, 88.90 W, 95 %
2026/03/20 08:39:08.539, 89.07 W, 95 %
2026/03/20 08:39:08.639, 89.10 W, 95 %
2026/03/20 08:39:08.739, 89.13 W, 95 %
2026/03/20 08:39:08.839, 88.97 W, 95 %
2026/03/20 08:39:08.939, 89.09 W, 95 %
2026/03/20 08:39:09.039, 89.08 W, 95 %
2026/03/20 08:39:09.139, 88.96 W, 95 %
2026/03/20 08:39:09.240, 88.88 W, 95 %
2026/03/20 08:39:09.340, 89.14 W, 95 %
2026/03/20 08:39:09.440, 89.25 W, 95 %
2026/03/20 08:39:09.540, 89.11 W, 95 %
2026/03/20 08:39:09.640, 89.19 W, 95 %
2026/03/20 08:39:09.740, 89.32 W, 95 %
2026/03/20 08:39:09.840, 89.58 W, 95 %
2026/03/20 08:39:09.941, 89.48 W, 95 %
2026/03/20 08:39:10.041, 89.31 W, 95 %
2026/03/20 08:39:10.141, 89.48 W, 95 %
2026/03/20 08:39:10.241, 89.78 W, 95 %
2026/03/20 08:39:10.341, 89.65 W, 95 %
2026/03/20 08:39:10.441, 89.67 W, 95 %
2026/03/20 08:39:10.541, 89.73 W, 95 %
2026/03/20 08:39:10.642, 89.72 W, 95 %
2026/03/20 08:39:10.742, 89.73 W, 94 %
2026/03/20 08:39:10.842, 89.54 W, 94 %
2026/03/20 08:39:10.942, 89.49 W, 95 %
2026/03/20 08:39:11.042, 89.58 W, 95 %
2026/03/20 08:39:11.142, 89.56 W, 95 %
2026/03/20 08:39:11.242, 89.36 W, 95 %
2026/03/20 08:39:11.342, 89.33 W, 95 %
2026/03/20 08:39:11.443, 89.31 W, 95 %
2026/03/20 08:39:11.543, 89.24 W, 95 %
2026/03/20 08:39:11.643, 89.22 W, 95 %
2026/03/20 08:39:11.743, 89.04 W, 95 %
2026/03/20 08:39:11.843, 89.10 W, 95 %
2026/03/20 08:39:11.943, 89.01 W, 95 %
2026/03/20 08:39:12.043, 89.14 W, 95 %
2026/03/20 08:39:12.144, 88.88 W, 94 %
2026/03/20 08:39:12.244, 88.87 W, 94 %
2026/03/20 08:39:12.344, 88.90 W, 95 %
2026/03/20 08:39:12.444, 88.88 W, 95 %
2026/03/20 08:39:12.544, 88.78 W, 95 %
2026/03/20 08:39:12.644, 88.76 W, 95 %
2026/03/20 08:39:12.744, 88.69 W, 95 %
2026/03/20 08:39:12.845, 88.61 W, 95 %
2026/03/20 08:39:12.945, 88.87 W, 95 %
2026/03/20 08:39:13.045, 88.72 W, 95 %
2026/03/20 08:39:13.145, 88.83 W, 95 %
2026/03/20 08:39:13.245, 88.81 W, 95 %
2026/03/20 08:39:13.345, 89.04 W, 95 %
2026/03/20 08:39:13.445, 89.16 W, 95 %
2026/03/20 08:39:13.545, 89.35 W, 95 %
2026/03/20 08:39:13.646, 89.33 W, 95 %
2026/03/20 08:39:13.746, 89.43 W, 95 %
2026/03/20 08:39:13.846, 89.50 W, 95 %
2026/03/20 08:39:13.946, 89.47 W, 95 %
2026/03/20 08:39:14.046, 89.44 W, 95 %
2026/03/20 08:39:14.146, 89.48 W, 95 %
2026/03/20 08:39:14.246, 89.72 W, 95 %
2026/03/20 08:39:14.347, 89.57 W, 95 %
2026/03/20 08:39:14.447, 89.51 W, 95 %
2026/03/20 08:39:14.547, 89.40 W, 95 %
2026/03/20 08:39:14.647, 89.49 W, 95 %
2026/03/20 08:39:14.747, 89.55 W, 95 %
2026/03/20 08:39:14.847, 89.50 W, 95 %
2026/03/20 08:39:14.947, 89.44 W, 95 %
2026/03/20 08:39:15.048, 89.51 W, 95 %
2026/03/20 08:39:15.148, 89.63 W, 94 %
2026/03/20 08:39:15.248, 89.43 W, 94 %
2026/03/20 08:39:15.348, 89.23 W, 95 %
2026/03/20 08:39:15.448, 89.11 W, 95 %
2026/03/20 08:39:15.548, 89.17 W, 95 %
2026/03/20 08:39:15.648, 89.09 W, 95 %
2026/03/20 08:39:15.748, 88.99 W, 95 %
2026/03/20 08:39:15.849, 88.97 W, 95 %
2026/03/20 08:39:15.949, 88.87 W, 95 %
2026/03/20 08:39:16.049, 88.84 W, 95 %
2026/03/20 08:39:16.149, 88.67 W, 95 %
2026/03/20 08:39:16.249, 88.69 W, 95 %
2026/03/20 08:39:16.349, 88.89 W, 95 %
2026/03/20 08:39:16.449, 88.92 W, 95 %
2026/03/20 08:39:16.550, 88.81 W, 95 %
2026/03/20 08:39:16.650, 88.75 W, 95 %
2026/03/20 08:39:16.750, 88.86 W, 95 %
2026/03/20 08:39:16.850, 88.82 W, 95 %
2026/03/20 08:39:16.950, 88.96 W, 95 %
2026/03/20 08:39:17.050, 89.07 W, 95 %
2026/03/20 08:39:17.150, 89.13 W, 95 %
2026/03/20 08:39:17.251, 88.96 W, 95 %
2026/03/20 08:39:17.351, 89.11 W, 95 %
2026/03/20 08:39:17.451, 89.31 W, 95 %
2026/03/20 08:39:17.551, 89.39 W, 95 %
2026/03/20 08:39:17.651, 89.55 W, 95 %
2026/03/20 08:39:17.751, 89.67 W, 95 %
2026/03/20 08:39:17.851, 89.90 W, 95 %
2026/03/20 08:39:17.951, 89.86 W, 95 %
2026/03/20 08:39:18.052, 89.82 W, 95 %
2026/03/20 08:39:18.152, 89.78 W, 94 %
2026/03/20 08:39:18.252, 89.90 W, 94 %
2026/03/20 08:39:18.352, 89.69 W, 95 %
2026/03/20 08:39:18.452, 89.40 W, 95 %
2026/03/20 08:39:18.552, 89.26 W, 95 %
2026/03/20 08:39:18.652, 89.17 W, 95 %
2026/03/20 08:39:18.753, 89.12 W, 95 %
2026/03/20 08:39:18.853, 89.04 W, 95 %
2026/03/20 08:39:18.953, 89.04 W, 95 %
2026/03/20 08:39:19.053, 88.86 W, 95 %
2026/03/20 08:39:19.153, 89.01 W, 95 %
2026/03/20 08:39:19.253, 88.98 W, 95 %
2026/03/20 08:39:19.353, 89.06 W, 95 %
2026/03/20 08:39:19.454, 89.03 W, 95 %
2026/03/20 08:39:19.554, 89.17 W, 95 %
2026/03/20 08:39:19.654, 89.03 W, 95 %
2026/03/20 08:39:19.754, 88.87 W, 95 %
2026/03/20 08:39:19.854, 89.00 W, 95 %
2026/03/20 08:39:19.954, 89.13 W, 95 %
2026/03/20 08:39:20.054, 89.35 W, 95 %
2026/03/20 08:39:20.155, 89.35 W, 95 %
2026/03/20 08:39:20.255, 89.19 W, 95 %
2026/03/20 08:39:20.355, 89.16 W, 95 %
2026/03/20 08:39:20.455, 89.19 W, 95 %
2026/03/20 08:39:20.555, 88.90 W, 95 %
2026/03/20 08:39:20.655, 88.91 W, 95 %
2026/03/20 08:39:20.755, 89.13 W, 95 %
2026/03/20 08:39:20.855, 89.19 W, 95 %
2026/03/20 08:39:20.956, 89.24 W, 95 %
2026/03/20 08:39:21.056, 89.22 W, 95 %
2026/03/20 08:39:21.156, 89.12 W, 94 %
2026/03/20 08:39:21.256, 89.20 W, 94 %
2026/03/20 08:39:21.356, 89.43 W, 95 %
2026/03/20 08:39:21.456, 89.46 W, 95 %
2026/03/20 08:39:21.556, 89.52 W, 95 %
2026/03/20 08:39:21.657, 89.72 W, 95 %
2026/03/20 08:39:21.757, 89.72 W, 95 %
2026/03/20 08:39:21.857, 89.53 W, 95 %
2026/03/20 08:39:21.957, 89.31 W, 95 %
2026/03/20 08:39:22.057, 89.21 W, 95 %
2026/03/20 08:39:22.157, 89.27 W, 95 %
2026/03/20 08:39:22.257, 89.57 W, 95 %
2026/03/20 08:39:22.358, 89.58 W, 95 %
2026/03/20 08:39:22.458, 89.52 W, 95 %
2026/03/20 08:39:22.558, 89.50 W, 95 %
2026/03/20 08:39:22.658, 89.53 W, 95 %
2026/03/20 08:39:22.758, 89.50 W, 95 %
2026/03/20 08:39:22.858, 89.61 W, 95 %
2026/03/20 08:39:22.958, 89.63 W, 95 %
2026/03/20 08:39:23.058, 89.69 W, 95 %
2026/03/20 08:39:23.159, 89.63 W, 95 %
2026/03/20 08:39:23.259, 89.46 W, 95 %
2026/03/20 08:39:23.359, 89.33 W, 95 %
2026/03/20 08:39:23.459, 89.32 W, 95 %
2026/03/20 08:39:23.559, 89.52 W, 95 %
2026/03/20 08:39:23.659, 89.36 W, 95 %
2026/03/20 08:39:23.759, 89.26 W, 95 %
2026/03/20 08:39:23.860, 89.23 W, 95 %
2026/03/20 08:39:23.960, 89.47 W, 95 %
2026/03/20 08:39:24.060, 89.40 W, 95 %
2026/03/20 08:39:24.160, 89.45 W, 95 %
2026/03/20 08:39:24.260, 89.46 W, 95 %
2026/03/20 08:39:24.360, 89.40 W, 95 %
2026/03/20 08:39:24.460, 89.55 W, 95 %
2026/03/20 08:39:24.561, 89.43 W, 95 %
2026/03/20 08:39:24.661, 89.40 W, 95 %
2026/03/20 08:39:24.761, 89.43 W, 95 %
2026/03/20 08:39:24.861, 89.38 W, 95 %
2026/03/20 08:39:24.961, 89.38 W, 95 %
2026/03/20 08:39:25.061, 89.30 W, 95 %
2026/03/20 08:39:25.161, 89.29 W, 95 %
2026/03/20 08:39:25.261, 89.25 W, 95 %
2026/03/20 08:39:25.362, 89.40 W, 95 %
2026/03/20 08:39:25.462, 89.13 W, 95 %
2026/03/20 08:39:25.562, 89.16 W, 94 %
2026/03/20 08:39:25.662, 89.13 W, 94 %
2026/03/20 08:39:25.762, 89.29 W, 95 %
2026/03/20 08:39:25.862, 89.41 W, 95 %
2026/03/20 08:39:25.962, 89.20 W, 95 %
2026/03/20 08:39:26.063, 89.21 W, 95 %
2026/03/20 08:39:26.163, 89.22 W, 95 %
2026/03/20 08:39:26.263, 89.29 W, 95 %
2026/03/20 08:39:26.363, 89.13 W, 95 %
2026/03/20 08:39:26.463, 89.27 W, 95 %
2026/03/20 08:39:26.563, 89.32 W, 95 %
2026/03/20 08:39:26.663, 89.48 W, 95 %
2026/03/20 08:39:26.764, 89.38 W, 95 %
2026/03/20 08:39:26.864, 89.35 W, 95 %
2026/03/20 08:39:26.964, 89.49 W, 95 %
2026/03/20 08:39:27.064, 89.43 W, 95 %
2026/03/20 08:39:27.164, 89.50 W, 95 %
2026/03/20 08:39:27.264, 89.46 W, 95 %
2026/03/20 08:39:27.364, 89.43 W, 95 %
2026/03/20 08:39:27.464, 89.40 W, 95 %
2026/03/20 08:39:27.565, 89.39 W, 95 %
2026/03/20 08:39:27.665, 89.38 W, 95 %
2026/03/20 08:39:27.765, 89.21 W, 95 %
2026/03/20 08:39:27.865, 89.12 W, 95 %
2026/03/20 08:39:27.965, 89.11 W, 95 %
2026/03/20 08:39:28.065, 89.23 W, 95 %
2026/03/20 08:39:28.165, 89.29 W, 95 %
2026/03/20 08:39:28.266, 89.22 W, 95 %
2026/03/20 08:39:28.366, 89.32 W, 95 %
2026/03/20 08:39:28.466, 89.46 W, 95 %
2026/03/20 08:39:28.566, 89.38 W, 94 %
2026/03/20 08:39:28.666, 89.28 W, 94 %
2026/03/20 08:39:28.766, 89.39 W, 95 %
2026/03/20 08:39:28.866, 89.44 W, 95 %
2026/03/20 08:39:28.967, 89.53 W, 95 %
2026/03/20 08:39:29.067, 89.24 W, 95 %
2026/03/20 08:39:29.167, 89.22 W, 95 %
2026/03/20 08:39:29.267, 89.18 W, 95 %
2026/03/20 08:39:29.367, 89.29 W, 95 %
2026/03/20 08:39:29.467, 89.18 W, 95 %
2026/03/20 08:39:29.567, 89.22 W, 95 %
2026/03/20 08:39:29.667, 89.29 W, 95 %
2026/03/20 08:39:29.768, 89.40 W, 95 %
2026/03/20 08:39:29.868, 89.37 W, 95 %
2026/03/20 08:39:29.968, 89.16 W, 95 %
2026/03/20 08:39:30.068, 89.19 W, 95 %
2026/03/20 08:39:30.168, 89.29 W, 95 %
2026/03/20 08:39:30.268, 89.36 W, 95 %
2026/03/20 08:39:30.368, 89.17 W, 95 %
2026/03/20 08:39:30.469, 89.11 W, 95 %
2026/03/20 08:39:30.569, 89.04 W, 95 %
2026/03/20 08:39:30.669, 89.05 W, 95 %
2026/03/20 08:39:30.769, 88.98 W, 95 %
2026/03/20 08:39:30.869, 88.95 W, 95 %
2026/03/20 08:39:30.969, 89.13 W, 95 %
2026/03/20 08:39:31.069, 89.14 W, 95 %
2026/03/20 08:39:31.170, 89.29 W, 95 %
2026/03/20 08:39:31.270, 89.21 W, 95 %
2026/03/20 08:39:31.370, 89.30 W, 95 %
2026/03/20 08:39:31.470, 89.37 W, 95 %
2026/03/20 08:39:31.570, 89.37 W, 95 %
2026/03/20 08:39:31.670, 89.34 W, 95 %
2026/03/20 08:39:31.770, 89.24 W, 95 %
2026/03/20 08:39:31.870, 89.23 W, 95 %
2026/03/20 08:39:31.971, 89.26 W, 95 %
2026/03/20 08:39:32.071, 89.25 W, 95 %
2026/03/20 08:39:32.171, 89.03 W, 95 %
2026/03/20 08:39:32.271, 89.03 W, 95 %
2026/03/20 08:39:32.371, 89.10 W, 95 %
2026/03/20 08:39:32.471, 89.25 W, 95 %
2026/03/20 08:39:32.571, 89.25 W, 95 %
2026/03/20 08:39:32.672, 89.27 W, 95 %
2026/03/20 08:39:32.772, 89.41 W, 95 %
2026/03/20 08:39:32.872, 89.44 W, 95 %
2026/03/20 08:39:32.972, 89.23 W, 94 %
2026/03/20 08:39:33.072, 89.28 W, 94 %
2026/03/20 08:39:33.172, 89.34 W, 95 %
2026/03/20 08:39:33.272, 89.43 W, 95 %
2026/03/20 08:39:33.373, 89.48 W, 95 %
2026/03/20 08:39:33.473, 89.31 W, 95 %
2026/03/20 08:39:33.573, 89.28 W, 95 %
2026/03/20 08:39:33.673, 89.32 W, 95 %
2026/03/20 08:39:33.773, 89.22 W, 95 %
2026/03/20 08:39:33.873, 89.15 W, 95 %
2026/03/20 08:39:33.973, 89.30 W, 95 %
2026/03/20 08:39:34.073, 89.31 W, 95 %
2026/03/20 08:39:34.174, 89.36 W, 95 %
2026/03/20 08:39:34.274, 89.34 W, 95 %
2026/03/20 08:39:34.374, 89.18 W, 95 %
2026/03/20 08:39:34.474, 89.02 W, 95 %
2026/03/20 08:39:34.574, 89.03 W, 95 %
2026/03/20 08:39:34.674, 89.04 W, 95 %
2026/03/20 08:39:34.774, 89.08 W, 95 %
2026/03/20 08:39:34.875, 89.07 W, 95 %
2026/03/20 08:39:34.975, 89.03 W, 95 %
2026/03/20 08:39:35.075, 89.11 W, 95 %
2026/03/20 08:39:35.175, 89.07 W, 95 %
2026/03/20 08:39:35.275, 89.08 W, 95 %
2026/03/20 08:39:35.375, 89.07 W, 95 %
2026/03/20 08:39:35.475, 89.33 W, 95 %
2026/03/20 08:39:35.576, 89.42 W, 95 %
2026/03/20 08:39:35.676, 89.31 W, 95 %
2026/03/20 08:39:35.776, 89.24 W, 95 %
2026/03/20 08:39:35.876, 89.40 W, 95 %
2026/03/20 08:39:35.976, 89.57 W, 94 %
2026/03/20 08:39:36.076, 89.58 W, 94 %
2026/03/20 08:39:36.176, 89.65 W, 95 %
2026/03/20 08:39:36.276, 89.69 W, 95 %
2026/03/20 08:39:36.377, 89.79 W, 95 %
2026/03/20 08:39:36.477, 89.79 W, 95 %
2026/03/20 08:39:36.577, 89.72 W, 95 %
2026/03/20 08:39:36.677, 89.62 W, 95 %
2026/03/20 08:39:36.777, 89.75 W, 95 %
2026/03/20 08:39:36.877, 89.78 W, 95 %
2026/03/20 08:39:36.977, 89.54 W, 95 %
2026/03/20 08:39:37.078, 89.64 W, 95 %
2026/03/20 08:39:37.178, 89.60 W, 95 %
2026/03/20 08:39:37.278, 89.63 W, 95 %
2026/03/20 08:39:37.378, 89.64 W, 95 %
2026/03/20 08:39:37.478, 89.48 W, 95 %
2026/03/20 08:39:37.578, 89.39 W, 95 %
2026/03/20 08:39:37.678, 89.35 W, 95 %
2026/03/20 08:39:37.779, 89.32 W, 95 %
2026/03/20 08:39:37.879, 89.35 W, 95 %
2026/03/20 08:39:37.979, 89.23 W, 95 %
2026/03/20 08:39:38.079, 89.05 W, 95 %
2026/03/20 08:39:38.179, 89.08 W, 95 %
2026/03/20 08:39:38.279, 89.08 W, 95 %
2026/03/20 08:39:38.379, 88.99 W, 95 %
2026/03/20 08:39:38.479, 89.07 W, 95 %
2026/03/20 08:39:38.580, 89.24 W, 95 %
2026/03/20 08:39:38.680, 89.48 W, 95 %
2026/03/20 08:39:38.780, 89.44 W, 95 %
2026/03/20 08:39:38.880, 89.34 W, 95 %
2026/03/20 08:39:38.980, 89.42 W, 94 %
2026/03/20 08:39:39.080, 89.50 W, 94 %
2026/03/20 08:39:39.180, 89.42 W, 95 %
2026/03/20 08:39:39.281, 89.36 W, 95 %
2026/03/20 08:39:39.381, 89.40 W, 95 %
2026/03/20 08:39:39.481, 89.42 W, 95 %
2026/03/20 08:39:39.581, 89.21 W, 95 %
2026/03/20 08:39:39.681, 89.14 W, 95 %
2026/03/20 08:39:39.781, 89.14 W, 95 %
2026/03/20 08:39:39.881, 89.19 W, 95 %
2026/03/20 08:39:39.982, 89.29 W, 95 %
2026/03/20 08:39:40.082, 89.11 W, 95 %
2026/03/20 08:39:40.182, 89.09 W, 95 %
2026/03/20 08:39:40.282, 89.10 W, 95 %
2026/03/20 08:39:40.382, 89.17 W, 95 %
2026/03/20 08:39:40.482, 89.13 W, 95 %
2026/03/20 08:39:40.582, 89.26 W, 95 %
2026/03/20 08:39:40.682, 89.22 W, 95 %
2026/03/20 08:39:40.783, 89.14 W, 95 %
2026/03/20 08:39:40.883, 89.27 W, 95 %
2026/03/20 08:39:40.983, 89.22 W, 95 %
2026/03/20 08:39:41.083, 89.47 W, 95 %
2026/03/20 08:39:41.183, 89.56 W, 95 %
2026/03/20 08:39:41.283, 89.78 W, 95 %
2026/03/20 08:39:41.383, 89.82 W, 95 %
2026/03/20 08:39:41.484, 89.87 W, 95 %
2026/03/20 08:39:41.584, 89.85 W, 95 %
2026/03/20 08:39:41.684, 89.94 W, 95 %
2026/03/20 08:39:41.784, 90.00 W, 95 %
2026/03/20 08:39:41.884, 89.90 W, 95 %
2026/03/20 08:39:41.984, 89.82 W, 94 %
2026/03/20 08:39:42.084, 89.78 W, 94 %
2026/03/20 08:39:42.185, 89.81 W, 95 %
2026/03/20 08:39:42.285, 89.63 W, 95 %
2026/03/20 08:39:42.385, 89.68 W, 95 %
2026/03/20 08:39:42.485, 89.59 W, 95 %
2026/03/20 08:39:42.585, 89.66 W, 95 %
2026/03/20 08:39:42.685, 89.70 W, 95 %
2026/03/20 08:39:42.785, 89.60 W, 95 %
2026/03/20 08:39:42.885, 89.44 W, 95 %
2026/03/20 08:39:42.986, 89.43 W, 95 %
2026/03/20 08:39:43.086, 89.43 W, 95 %
2026/03/20 08:39:43.186, 89.40 W, 95 %
2026/03/20 08:39:43.286, 89.32 W, 95 %
2026/03/20 08:39:43.386, 89.10 W, 94 %
2026/03/20 08:39:43.486, 89.25 W, 94 %
2026/03/20 08:39:43.586, 89.23 W, 95 %
2026/03/20 08:39:43.687, 89.06 W, 95 %
2026/03/20 08:39:43.787, 89.04 W, 95 %
2026/03/20 08:39:43.887, 89.31 W, 95 %
2026/03/20 08:39:43.987, 89.50 W, 95 %
2026/03/20 08:39:44.087, 89.41 W, 95 %
2026/03/20 08:39:44.187, 89.30 W, 95 %
2026/03/20 08:39:44.287, 89.41 W, 95 %
2026/03/20 08:39:44.388, 89.53 W, 95 %
2026/03/20 08:39:44.488, 89.45 W, 95 %
2026/03/20 08:39:44.588, 89.35 W, 95 %
2026/03/20 08:39:44.688, 89.27 W, 95 %
2026/03/20 08:39:44.788, 89.22 W, 95 %
2026/03/20 08:39:44.888, 89.19 W, 95 %
2026/03/20 08:39:44.988, 89.01 W, 95 %
2026/03/20 08:39:45.088, 89.11 W, 95 %
2026/03/20 08:39:45.189, 89.11 W, 95 %
2026/03/20 08:39:45.289, 89.21 W, 95 %
2026/03/20 08:39:45.389, 89.17 W, 95 %
2026/03/20 08:39:45.489, 89.23 W, 95 %
2026/03/20 08:39:45.589, 89.22 W, 95 %
2026/03/20 08:39:45.689, 89.41 W, 95 %
2026/03/20 08:39:45.789, 89.55 W, 95 %
2026/03/20 08:39:45.890, 89.71 W, 95 %
2026/03/20 08:39:45.990, 89.74 W, 95 %
2026/03/20 08:39:46.090, 89.57 W, 95 %
2026/03/20 08:39:46.190, 89.61 W, 95 %
2026/03/20 08:39:46.290, 89.59 W, 95 %
2026/03/20 08:39:46.390, 89.36 W, 94 %
2026/03/20 08:39:46.490, 89.41 W, 94 %
2026/03/20 08:39:46.591, 89.45 W, 95 %
2026/03/20 08:39:46.691, 89.46 W, 95 %
2026/03/20 08:39:46.791, 89.43 W, 95 %
2026/03/20 08:39:46.891, 89.20 W, 95 %
2026/03/20 08:39:46.991, 89.14 W, 95 %
2026/03/20 08:39:47.091, 89.43 W, 95 %
2026/03/20 08:39:47.191, 89.40 W, 95 %
2026/03/20 08:39:47.291, 89.17 W, 95 %
2026/03/20 08:39:47.392, 89.33 W, 95 %
2026/03/20 08:39:47.492, 89.29 W, 95 %
2026/03/20 08:39:47.592, 89.23 W, 95 %
2026/03/20 08:39:47.692, 89.17 W, 95 %
2026/03/20 08:39:47.792, 89.14 W, 95 %
2026/03/20 08:39:47.892, 89.22 W, 95 %
2026/03/20 08:39:47.992, 89.26 W, 95 %
2026/03/20 08:39:48.093, 89.15 W, 95 %
2026/03/20 08:39:48.193, 89.16 W, 95 %
2026/03/20 08:39:48.293, 89.30 W, 95 %
2026/03/20 08:39:48.393, 89.45 W, 95 %
2026/03/20 08:39:48.493, 89.50 W, 95 %
2026/03/20 08:39:48.593, 89.36 W, 95 %
2026/03/20 08:39:48.693, 89.39 W, 95 %
2026/03/20 08:39:48.794, 89.34 W, 95 %
2026/03/20 08:39:48.894, 89.26 W, 95 %
2026/03/20 08:39:48.994, 89.20 W, 95 %
2026/03/20 08:39:49.094, 89.13 W, 95 %
2026/03/20 08:39:49.194, 89.03 W, 95 %
2026/03/20 08:39:49.294, 89.23 W, 95 %
2026/03/20 08:39:49.394, 89.06 W, 94 %
2026/03/20 08:39:49.495, 89.02 W, 94 %
2026/03/20 08:39:49.595, 89.03 W, 95 %
2026/03/20 08:39:49.695, 89.16 W, 95 %
2026/03/20 08:39:49.795, 89.13 W, 95 %
2026/03/20 08:39:49.895, 89.30 W, 95 %
2026/03/20 08:39:49.995, 89.27 W, 95 %
2026/03/20 08:39:50.095, 89.37 W, 95 %
2026/03/20 08:39:50.195, 89.59 W, 95 %
2026/03/20 08:39:50.296, 89.62 W, 95 %
2026/03/20 08:39:50.396, 89.56 W, 95 %
2026/03/20 08:39:50.496, 89.59 W, 95 %
2026/03/20 08:39:50.596, 89.65 W, 95 %
2026/03/20 08:39:50.696, 89.70 W, 95 %
2026/03/20 08:39:50.796, 89.72 W, 95 %
2026/03/20 08:39:50.896, 89.59 W, 95 %
2026/03/20 08:39:50.997, 89.62 W, 95 %
2026/03/20 08:39:51.097, 89.63 W, 95 %
2026/03/20 08:39:51.197, 89.51 W, 95 %
2026/03/20 08:39:51.297, 89.38 W, 95 %
2026/03/20 08:39:51.397, 89.26 W, 95 %
2026/03/20 08:39:51.497, 89.24 W, 95 %
2026/03/20 08:39:51.597, 89.21 W, 95 %
2026/03/20 08:39:51.698, 89.28 W, 95 %
2026/03/20 08:39:51.798, 89.17 W, 95 %
2026/03/20 08:39:51.898, 89.15 W, 95 %
2026/03/20 08:39:51.998, 89.20 W, 95 %
2026/03/20 08:39:52.098, 89.13 W, 95 %
2026/03/20 08:39:52.198, 89.11 W, 95 %
2026/03/20 08:39:52.298, 89.03 W, 95 %
2026/03/20 08:39:52.399, 89.21 W, 94 %
2026/03/20 08:39:52.499, 89.28 W, 94 %
2026/03/20 08:39:52.599, 89.34 W, 95 %
2026/03/20 08:39:52.699, 88.99 W, 95 %
2026/03/20 08:39:52.799, 89.09 W, 95 %
2026/03/20 08:39:52.899, 89.21 W, 95 %
2026/03/20 08:39:52.999, 89.20 W, 95 %
2026/03/20 08:39:53.099, 89.31 W, 95 %
2026/03/20 08:39:53.200, 89.40 W, 95 %
2026/03/20 08:39:53.300, 89.57 W, 95 %
2026/03/20 08:39:53.400, 89.46 W, 95 %
2026/03/20 08:39:53.500, 89.36 W, 95 %
2026/03/20 08:39:53.600, 89.52 W, 95 %
2026/03/20 08:39:53.700, 89.68 W, 95 %
2026/03/20 08:39:53.800, 89.68 W, 94 %
2026/03/20 08:39:53.901, 89.68 W, 94 %
2026/03/20 08:39:54.001, 89.60 W, 95 %
2026/03/20 08:39:54.101, 89.64 W, 95 %
2026/03/20 08:39:54.201, 89.61 W, 95 %
2026/03/20 08:39:54.301, 89.40 W, 95 %
2026/03/20 08:39:54.401, 89.37 W, 95 %
2026/03/20 08:39:54.501, 89.39 W, 95 %
2026/03/20 08:39:54.601, 89.36 W, 95 %
2026/03/20 08:39:54.702, 89.36 W, 95 %
2026/03/20 08:39:54.802, 89.21 W, 95 %
2026/03/20 08:39:54.902, 89.26 W, 95 %
2026/03/20 08:39:55.002, 89.26 W, 95 %
2026/03/20 08:39:55.102, 89.19 W, 95 %
2026/03/20 08:39:55.202, 89.06 W, 95 %
2026/03/20 08:39:55.302, 88.97 W, 95 %
2026/03/20 08:39:55.403, 89.00 W, 95 %
2026/03/20 08:39:55.503, 89.11 W, 95 %
2026/03/20 08:39:55.603, 89.12 W, 95 %
2026/03/20 08:39:55.703, 89.16 W, 95 %
2026/03/20 08:39:55.803, 89.23 W, 95 %
2026/03/20 08:39:55.903, 89.35 W, 95 %
2026/03/20 08:39:56.003, 89.42 W, 95 %
2026/03/20 08:39:56.104, 89.35 W, 95 %
2026/03/20 08:39:56.204, 89.26 W, 95 %
2026/03/20 08:39:56.304, 89.31 W, 95 %
2026/03/20 08:39:56.404, 89.42 W, 95 %
2026/03/20 08:39:56.504, 89.43 W, 95 %
2026/03/20 08:39:56.604, 89.42 W, 95 %
2026/03/20 08:39:56.704, 89.14 W, 95 %
2026/03/20 08:39:56.805, 89.12 W, 85 %
2026/03/20 08:39:56.905, 89.04 W, 85 %
2026/03/20 08:39:57.005, 89.06 W, 95 %
2026/03/20 08:39:57.105, 89.06 W, 95 %
2026/03/20 08:39:57.205, 89.24 W, 95 %
2026/03/20 08:39:57.305, 89.47 W, 95 %
2026/03/20 08:39:57.405, 89.27 W, 95 %
2026/03/20 08:39:57.505, 89.27 W, 95 %
2026/03/20 08:39:57.606, 89.20 W, 95 %
2026/03/20 08:39:57.706, 89.50 W, 95 %
2026/03/20 08:39:57.806, 89.48 W, 95 %
2026/03/20 08:39:57.906, 89.55 W, 95 %
2026/03/20 08:39:58.006, 89.44 W, 95 %
2026/03/20 08:39:58.106, 89.44 W, 95 %
2026/03/20 08:39:58.206, 89.35 W, 95 %
2026/03/20 08:39:58.307, 89.25 W, 95 %
2026/03/20 08:39:58.407, 89.34 W, 95 %
2026/03/20 08:39:58.507, 89.28 W, 95 %
2026/03/20 08:39:58.607, 89.27 W, 95 %
2026/03/20 08:39:58.707, 89.25 W, 95 %
2026/03/20 08:39:58.807, 89.27 W, 95 %
2026/03/20 08:39:58.907, 89.25 W, 95 %
2026/03/20 08:39:59.008, 89.21 W, 95 %
2026/03/20 08:39:59.108, 89.28 W, 95 %
2026/03/20 08:39:59.208, 89.25 W, 95 %
2026/03/20 08:39:59.308, 89.15 W, 95 %
2026/03/20 08:39:59.408, 89.29 W, 95 %
2026/03/20 08:39:59.508, 89.42 W, 95 %
2026/03/20 08:39:59.608, 89.53 W, 95 %
2026/03/20 08:39:59.708, 89.40 W, 95 %
2026/03/20 08:39:59.809, 89.27 W, 94 %
2026/03/20 08:39:59.909, 89.32 W, 94 %
2026/03/20 08:40:00.009, 89.31 W, 95 %
2026/03/20 08:40:00.109, 89.32 W, 95 %
2026/03/20 08:40:00.209, 89.31 W, 95 %
2026/03/20 08:40:00.309, 89.57 W, 95 %
2026/03/20 08:40:00.409, 89.57 W, 95 %
2026/03/20 08:40:00.510, 89.50 W, 95 %
2026/03/20 08:40:00.610, 89.36 W, 95 %
2026/03/20 08:40:00.710, 89.37 W, 95 %
2026/03/20 08:40:00.810, 89.53 W, 95 %
2026/03/20 08:40:00.910, 89.49 W, 95 %
2026/03/20 08:40:01.010, 89.47 W, 95 %
2026/03/20 08:40:01.110, 89.44 W, 95 %
2026/03/20 08:40:01.211, 89.51 W, 95 %
2026/03/20 08:40:01.311, 89.34 W, 95 %
2026/03/20 08:40:01.411, 89.21 W, 95 %
2026/03/20 08:40:01.511, 89.05 W, 95 %
2026/03/20 08:40:01.611, 89.18 W, 95 %
2026/03/20 08:40:01.711, 89.33 W, 95 %
2026/03/20 08:40:01.811, 89.42 W, 95 %
2026/03/20 08:40:01.912, 89.43 W, 95 %
2026/03/20 08:40:02.012, 89.50 W, 95 %
2026/03/20 08:40:02.112, 89.36 W, 95 %
2026/03/20 08:40:02.212, 89.29 W, 95 %
2026/03/20 08:40:02.312, 89.30 W, 95 %
2026/03/20 08:40:02.412, 89.32 W, 95 %
2026/03/20 08:40:02.512, 89.40 W, 95 %
2026/03/20 08:40:02.612, 89.44 W, 94 %
2026/03/20 08:40:02.713, 89.39 W, 94 %
2026/03/20 08:40:02.813, 89.33 W, 95 %
2026/03/20 08:40:02.913, 89.22 W, 95 %
2026/03/20 08:40:03.013, 89.14 W, 95 %
2026/03/20 08:40:03.113, 89.38 W, 95 %
2026/03/20 08:40:03.213, 89.65 W, 95 %
2026/03/20 08:40:03.313, 89.52 W, 95 %
2026/03/20 08:40:03.414, 89.54 W, 95 %
2026/03/20 08:40:03.514, 89.62 W, 95 %
2026/03/20 08:40:03.614, 89.50 W, 95 %
2026/03/20 08:40:03.714, 89.53 W, 95 %
2026/03/20 08:40:03.814, 89.38 W, 95 %
2026/03/20 08:40:03.914, 89.43 W, 95 %
2026/03/20 08:40:04.014, 89.40 W, 95 %
2026/03/20 08:40:04.114, 89.32 W, 95 %
2026/03/20 08:40:04.215, 89.10 W, 95 %
2026/03/20 08:40:04.315, 89.19 W, 95 %
2026/03/20 08:40:04.415, 89.17 W, 95 %
2026/03/20 08:40:04.515, 89.20 W, 95 %
2026/03/20 08:40:04.615, 89.24 W, 95 %
2026/03/20 08:40:04.715, 89.28 W, 95 %
2026/03/20 08:40:04.815, 89.40 W, 95 %
2026/03/20 08:40:04.916, 89.37 W, 95 %
2026/03/20 08:40:05.016, 89.50 W, 95 %
2026/03/20 08:40:05.116, 89.44 W, 95 %
2026/03/20 08:40:05.216, 89.46 W, 95 %
2026/03/20 08:40:05.316, 89.33 W, 95 %
2026/03/20 08:40:05.416, 89.37 W, 95 %
2026/03/20 08:40:05.516, 89.34 W, 95 %
2026/03/20 08:40:05.617, 89.31 W, 94 %
2026/03/20 08:40:05.717, 89.42 W, 94 %
2026/03/20 08:40:05.817, 89.38 W, 95 %
2026/03/20 08:40:05.917, 89.46 W, 95 %
2026/03/20 08:40:06.017, 89.29 W, 95 %
2026/03/20 08:40:06.117, 89.46 W, 95 %
2026/03/20 08:40:06.217, 89.69 W, 95 %
2026/03/20 08:40:06.317, 89.68 W, 95 %
2026/03/20 08:40:06.418, 89.68 W, 95 %
2026/03/20 08:40:06.518, 89.50 W, 95 %
2026/03/20 08:40:06.618, 89.53 W, 95 %
2026/03/20 08:40:06.718, 89.51 W, 95 %
2026/03/20 08:40:06.818, 89.56 W, 95 %
2026/03/20 08:40:06.918, 89.56 W, 95 %
2026/03/20 08:40:07.018, 89.66 W, 95 %
2026/03/20 08:40:07.119, 89.56 W, 95 %
2026/03/20 08:40:07.219, 89.36 W, 95 %
2026/03/20 08:40:07.319, 89.35 W, 95 %
2026/03/20 08:40:07.419, 89.34 W, 95 %
2026/03/20 08:40:07.519, 89.55 W, 95 %
2026/03/20 08:40:07.619, 89.59 W, 95 %
2026/03/20 08:40:07.719, 89.59 W, 95 %
2026/03/20 08:40:07.820, 89.34 W, 95 %
2026/03/20 08:40:07.920, 89.43 W, 95 %
2026/03/20 08:40:08.020, 89.21 W, 95 %
2026/03/20 08:40:08.120, 89.11 W, 95 %
2026/03/20 08:40:08.220, 89.03 W, 95 %
2026/03/20 08:40:08.320, 89.12 W, 95 %
2026/03/20 08:40:08.420, 89.16 W, 95 %
2026/03/20 08:40:08.521, 89.04 W, 95 %
2026/03/20 08:40:08.621, 88.89 W, 94 %
2026/03/20 08:40:08.721, 88.83 W, 94 %
2026/03/20 08:40:08.821, 89.02 W, 95 %
2026/03/20 08:40:08.921, 89.01 W, 95 %
2026/03/20 08:40:09.021, 89.00 W, 95 %
2026/03/20 08:40:09.121, 89.19 W, 95 %
2026/03/20 08:40:09.221, 89.35 W, 95 %
2026/03/20 08:40:09.322, 89.38 W, 95 %
2026/03/20 08:40:09.422, 89.37 W, 95 %
2026/03/20 08:40:09.522, 89.34 W, 95 %
2026/03/20 08:40:09.622, 89.42 W, 95 %
2026/03/20 08:40:09.722, 89.36 W, 95 %
2026/03/20 08:40:09.822, 89.42 W, 95 %
2026/03/20 08:40:09.922, 89.34 W, 95 %
2026/03/20 08:40:10.023, 89.34 W, 95 %
2026/03/20 08:40:10.123, 89.40 W, 95 %
2026/03/20 08:40:10.223, 89.36 W, 95 %
2026/03/20 08:40:10.323, 89.38 W, 95 %
2026/03/20 08:40:10.423, 89.28 W, 95 %
2026/03/20 08:40:10.523, 89.21 W, 95 %
2026/03/20 08:40:10.623, 89.32 W, 94 %
2026/03/20 08:40:10.724, 89.36 W, 94 %
2026/03/20 08:40:10.824, 89.27 W, 95 %
2026/03/20 08:40:10.924, 89.27 W, 95 %
2026/03/20 08:40:11.024, 89.48 W, 95 %
2026/03/20 08:40:11.124, 89.46 W, 95 %
2026/03/20 08:40:11.224, 89.53 W, 95 %
2026/03/20 08:40:11.324, 89.45 W, 95 %
2026/03/20 08:40:11.424, 89.65 W, 95 %
2026/03/20 08:40:11.525, 89.78 W, 95 %
2026/03/20 08:40:11.625, 89.58 W, 94 %
2026/03/20 08:40:11.725, 89.61 W, 94 %
2026/03/20 08:40:11.825, 89.55 W, 95 %
2026/03/20 08:40:11.925, 89.59 W, 95 %
2026/03/20 08:40:12.025, 89.43 W, 95 %
2026/03/20 08:40:12.125, 89.37 W, 95 %
2026/03/20 08:40:12.226, 89.09 W, 95 %
2026/03/20 08:40:12.326, 89.20 W, 95 %
2026/03/20 08:40:12.426, 89.14 W, 95 %
2026/03/20 08:40:12.526, 89.21 W, 95 %
2026/03/20 08:40:12.626, 89.19 W, 95 %
2026/03/20 08:40:12.726, 89.17 W, 95 %
2026/03/20 08:40:12.826, 89.36 W, 95 %
2026/03/20 08:40:12.927, 89.34 W, 95 %
2026/03/20 08:40:13.027, 89.32 W, 95 %
2026/03/20 08:40:13.127, 89.36 W, 95 %
2026/03/20 08:40:13.227, 89.59 W, 95 %
2026/03/20 08:40:13.327, 89.53 W, 95 %
2026/03/20 08:40:13.427, 89.58 W, 95 %
2026/03/20 08:40:13.527, 89.48 W, 95 %
2026/03/20 08:40:13.627, 89.41 W, 95 %
2026/03/20 08:40:13.728, 89.46 W, 95 %
2026/03/20 08:40:13.828, 89.23 W, 95 %
2026/03/20 08:40:13.928, 89.27 W, 95 %
2026/03/20 08:40:14.028, 89.33 W, 95 %
2026/03/20 08:40:14.128, 89.31 W, 95 %
2026/03/20 08:40:14.228, 89.36 W, 95 %
2026/03/20 08:40:14.328, 89.39 W, 95 %
2026/03/20 08:40:14.429, 89.23 W, 95 %
2026/03/20 08:40:14.529, 89.21 W, 95 %
2026/03/20 08:40:14.629, 89.33 W, 95 %
2026/03/20 08:40:14.729, 89.30 W, 95 %
2026/03/20 08:40:14.829, 89.30 W, 95 %
2026/03/20 08:40:14.929, 89.36 W, 95 %
2026/03/20 08:40:15.029, 89.42 W, 95 %
2026/03/20 08:40:15.130, 89.41 W, 95 %
2026/03/20 08:40:15.230, 89.29 W, 95 %
2026/03/20 08:40:15.330, 89.19 W, 95 %
2026/03/20 08:40:15.430, 89.25 W, 95 %
2026/03/20 08:40:15.530, 89.31 W, 95 %
2026/03/20 08:40:15.630, 89.24 W, 95 %
2026/03/20 08:40:15.730, 89.21 W, 95 %
2026/03/20 08:40:15.830, 89.19 W, 95 %
2026/03/20 08:40:15.931, 89.23 W, 95 %
2026/03/20 08:40:16.031, 89.15 W, 94 %
2026/03/20 08:40:16.131, 89.02 W, 94 %
2026/03/20 08:40:16.231, 89.17 W, 95 %
2026/03/20 08:40:16.331, 89.29 W, 95 %
2026/03/20 08:40:16.431, 89.34 W, 95 %
2026/03/20 08:40:16.531, 89.30 W, 95 %
2026/03/20 08:40:16.632, 89.31 W, 95 %
2026/03/20 08:40:16.732, 89.43 W, 95 %
2026/03/20 08:40:16.832, 89.55 W, 95 %
2026/03/20 08:40:16.932, 89.48 W, 95 %
2026/03/20 08:40:17.032, 89.56 W, 95 %
2026/03/20 08:40:17.132, 89.76 W, 95 %
2026/03/20 08:40:17.232, 89.79 W, 95 %
2026/03/20 08:40:17.333, 89.75 W, 95 %
2026/03/20 08:40:17.433, 89.64 W, 95 %
2026/03/20 08:40:17.533, 89.61 W, 95 %
2026/03/20 08:40:17.633, 89.64 W, 95 %
2026/03/20 08:40:17.733, 89.68 W, 95 %
2026/03/20 08:40:17.833, 89.61 W, 95 %
2026/03/20 08:40:17.933, 89.57 W, 95 %
2026/03/20 08:40:18.033, 89.60 W, 95 %
2026/03/20 08:40:18.134, 89.58 W, 95 %
2026/03/20 08:40:18.234, 89.55 W, 95 %
2026/03/20 08:40:18.334, 89.46 W, 95 %
2026/03/20 08:40:18.434, 89.48 W, 95 %
2026/03/20 08:40:18.534, 89.57 W, 95 %
2026/03/20 08:40:18.634, 89.61 W, 95 %
2026/03/20 08:40:18.734, 89.75 W, 95 %
2026/03/20 08:40:18.835, 89.71 W, 95 %
2026/03/20 08:40:18.935, 89.73 W, 95 %
2026/03/20 08:40:19.035, 89.83 W, 94 %
2026/03/20 08:40:19.135, 89.79 W, 94 %
2026/03/20 08:40:19.235, 89.78 W, 95 %
2026/03/20 08:40:19.335, 89.71 W, 95 %
2026/03/20 08:40:19.435, 89.79 W, 95 %
2026/03/20 08:40:19.536, 89.87 W, 95 %
2026/03/20 08:40:19.636, 89.70 W, 95 %
2026/03/20 08:40:19.736, 89.52 W, 95 %
2026/03/20 08:40:19.836, 89.55 W, 95 %
2026/03/20 08:40:19.936, 89.62 W, 95 %
2026/03/20 08:40:20.036, 89.61 W, 95 %
2026/03/20 08:40:20.136, 89.42 W, 95 %
2026/03/20 08:40:20.236, 89.35 W, 95 %
2026/03/20 08:40:20.337, 89.52 W, 95 %
2026/03/20 08:40:20.437, 89.46 W, 94 %
2026/03/20 08:40:20.537, 89.47 W, 94 %
2026/03/20 08:40:20.637, 89.47 W, 95 %
2026/03/20 08:40:20.737, 89.54 W, 95 %
2026/03/20 08:40:20.837, 89.65 W, 95 %
2026/03/20 08:40:20.937, 89.47 W, 95 %
2026/03/20 08:40:21.038, 89.43 W, 95 %
2026/03/20 08:40:21.138, 89.49 W, 95 %
2026/03/20 08:40:21.238, 89.56 W, 95 %
2026/03/20 08:40:21.338, 89.62 W, 95 %
2026/03/20 08:40:21.438, 89.51 W, 95 %
2026/03/20 08:40:21.538, 89.49 W, 95 %
2026/03/20 08:40:21.638, 89.41 W, 95 %
2026/03/20 08:40:21.739, 89.38 W, 95 %
2026/03/20 08:40:21.839, 89.29 W, 95 %
2026/03/20 08:40:21.939, 89.33 W, 95 %
2026/03/20 08:40:22.039, 89.34 W, 95 %
2026/03/20 08:40:22.139, 89.44 W, 95 %
2026/03/20 08:40:22.239, 89.46 W, 95 %
2026/03/20 08:40:22.339, 89.41 W, 95 %
2026/03/20 08:40:22.440, 89.39 W, 95 %
2026/03/20 08:40:22.540, 89.48 W, 95 %
2026/03/20 08:40:22.640, 89.68 W, 95 %
2026/03/20 08:40:22.740, 89.63 W, 95 %
2026/03/20 08:40:22.840, 89.50 W, 95 %
2026/03/20 08:40:22.940, 89.47 W, 95 %
2026/03/20 08:40:23.040, 89.60 W, 95 %
2026/03/20 08:40:23.140, 89.61 W, 95 %
2026/03/20 08:40:23.241, 89.57 W, 95 %
2026/03/20 08:40:23.341, 89.42 W, 95 %
2026/03/20 08:40:23.441, 89.42 W, 94 %
2026/03/20 08:40:23.541, 89.44 W, 94 %
2026/03/20 08:40:23.641, 89.52 W, 95 %
2026/03/20 08:40:23.741, 89.48 W, 95 %
2026/03/20 08:40:23.841, 89.58 W, 95 %
2026/03/20 08:40:23.942, 89.66 W, 95 %
2026/03/20 08:40:24.042, 89.58 W, 95 %
2026/03/20 08:40:24.142, 89.34 W, 95 %
2026/03/20 08:40:24.242, 89.33 W, 95 %
2026/03/20 08:40:24.342, 89.50 W, 95 %
2026/03/20 08:40:24.442, 89.51 W, 95 %
2026/03/20 08:40:24.542, 89.45 W, 95 %
2026/03/20 08:40:24.642, 89.27 W, 95 %
2026/03/20 08:40:24.743, 89.34 W, 95 %
2026/03/20 08:40:24.843, 89.39 W, 95 %
2026/03/20 08:40:24.943, 89.37 W, 95 %
2026/03/20 08:40:25.043, 89.43 W, 95 %
2026/03/20 08:40:25.143, 89.48 W, 95 %
2026/03/20 08:40:25.243, 89.60 W, 95 %
2026/03/20 08:40:25.343, 89.63 W, 95 %
2026/03/20 08:40:25.444, 89.45 W, 95 %
2026/03/20 08:40:25.544, 89.42 W, 95 %
2026/03/20 08:40:25.644, 89.57 W, 95 %
2026/03/20 08:40:25.744, 89.58 W, 95 %
2026/03/20 08:40:25.844, 89.53 W, 95 %
2026/03/20 08:40:25.944, 89.44 W, 95 %
2026/03/20 08:40:26.044, 89.34 W, 95 %
2026/03/20 08:40:26.145, 89.52 W, 95 %
2026/03/20 08:40:26.245, 89.45 W, 95 %
2026/03/20 08:40:26.345, 89.37 W, 95 %
2026/03/20 08:40:26.445, 89.33 W, 95 %
2026/03/20 08:40:26.545, 89.36 W, 95 %
2026/03/20 08:40:26.645, 89.28 W, 95 %
2026/03/20 08:40:26.745, 89.18 W, 95 %
2026/03/20 08:40:26.846, 89.23 W, 95 %
2026/03/20 08:40:26.946, 89.18 W, 95 %
2026/03/20 08:40:27.046, 89.32 W, 95 %
2026/03/20 08:40:27.146, 89.12 W, 95 %
2026/03/20 08:40:27.246, 89.04 W, 95 %
2026/03/20 08:40:27.346, 89.09 W, 95 %
2026/03/20 08:40:27.446, 89.23 W, 95 %
2026/03/20 08:40:27.546, 89.42 W, 95 %
2026/03/20 08:40:27.647, 89.43 W, 95 %
2026/03/20 08:40:27.747, 89.24 W, 95 %
2026/03/20 08:40:27.847, 89.22 W, 94 %
2026/03/20 08:40:27.947, 89.21 W, 94 %
2026/03/20 08:40:28.047, 89.07 W, 95 %
2026/03/20 08:40:28.147, 89.12 W, 95 %
2026/03/20 08:40:28.247, 89.06 W, 95 %
2026/03/20 08:40:28.348, 89.19 W, 95 %
2026/03/20 08:40:28.448, 89.23 W, 95 %
2026/03/20 08:40:28.548, 89.14 W, 95 %
2026/03/20 08:40:28.648, 89.24 W, 95 %
2026/03/20 08:40:28.748, 89.38 W, 95 %
2026/03/20 08:40:28.848, 89.40 W, 95 %
2026/03/20 08:40:28.948, 89.62 W, 95 %
2026/03/20 08:40:29.049, 89.59 W, 95 %
2026/03/20 08:40:29.149, 89.58 W, 95 %
2026/03/20 08:40:29.249, 89.72 W, 95 %
2026/03/20 08:40:29.349, 89.43 W, 95 %
2026/03/20 08:40:29.449, 89.35 W, 95 %
2026/03/20 08:40:29.549, 89.15 W, 95 %
2026/03/20 08:40:29.649, 89.26 W, 95 %
2026/03/20 08:40:29.749, 89.25 W, 95 %
2026/03/20 08:40:29.850, 89.22 W, 95 %
2026/03/20 08:40:29.950, 89.05 W, 95 %
2026/03/20 08:40:30.050, 89.20 W, 95 %
2026/03/20 08:40:30.150, 89.31 W, 95 %
2026/03/20 08:40:30.250, 89.40 W, 95 %
2026/03/20 08:40:30.350, 89.54 W, 95 %
2026/03/20 08:40:30.450, 89.49 W, 95 %
2026/03/20 08:40:30.551, 89.72 W, 95 %
2026/03/20 08:40:30.651, 89.64 W, 95 %
2026/03/20 08:40:30.751, 89.57 W, 95 %
2026/03/20 08:40:30.851, 89.52 W, 94 %
2026/03/20 08:40:30.951, 89.59 W, 94 %
2026/03/20 08:40:31.051, 89.52 W, 95 %
2026/03/20 08:40:31.151, 89.60 W, 95 %
2026/03/20 08:40:31.252, 89.45 W, 95 %
2026/03/20 08:40:31.352, 89.42 W, 95 %
2026/03/20 08:40:31.452, 89.53 W, 95 %
2026/03/20 08:40:31.552, 89.52 W, 95 %
2026/03/20 08:40:31.652, 89.44 W, 95 %
2026/03/20 08:40:31.752, 89.38 W, 95 %
2026/03/20 08:40:31.852, 89.56 W, 95 %
2026/03/20 08:40:31.952, 89.54 W, 95 %
2026/03/20 08:40:32.053, 89.62 W, 95 %
2026/03/20 08:40:32.153, 89.52 W, 95 %
2026/03/20 08:40:32.253, 89.50 W, 95 %
2026/03/20 08:40:32.353, 89.53 W, 95 %
2026/03/20 08:40:32.453, 89.45 W, 95 %
2026/03/20 08:40:32.553, 89.43 W, 95 %
2026/03/20 08:40:32.653, 89.39 W, 95 %
2026/03/20 08:40:32.754, 89.56 W, 95 %
2026/03/20 08:40:32.854, 89.46 W, 95 %
2026/03/20 08:40:32.954, 89.49 W, 95 %
2026/03/20 08:40:33.054, 89.41 W, 95 %
2026/03/20 08:40:33.154, 89.40 W, 95 %
2026/03/20 08:40:33.254, 89.41 W, 95 %
2026/03/20 08:40:33.354, 89.41 W, 95 %
2026/03/20 08:40:33.455, 89.40 W, 95 %
2026/03/20 08:40:33.555, 89.43 W, 95 %
2026/03/20 08:40:33.655, 89.47 W, 95 %
2026/03/20 08:40:33.755, 89.32 W, 95 %
2026/03/20 08:40:33.855, 89.33 W, 94 %
2026/03/20 08:40:33.955, 89.26 W, 94 %
2026/03/20 08:40:34.055, 89.33 W, 95 %
2026/03/20 08:40:34.155, 89.36 W, 95 %
2026/03/20 08:40:34.256, 89.41 W, 95 %
2026/03/20 08:40:34.356, 89.30 W, 95 %
2026/03/20 08:40:34.456, 89.34 W, 95 %
2026/03/20 08:40:34.556, 89.45 W, 95 %
2026/03/20 08:40:34.656, 89.48 W, 95 %
2026/03/20 08:40:34.756, 89.34 W, 95 %
2026/03/20 08:40:34.856, 89.34 W, 95 %
2026/03/20 08:40:34.957, 89.40 W, 95 %
2026/03/20 08:40:35.057, 89.33 W, 95 %
2026/03/20 08:40:35.157, 89.08 W, 95 %
2026/03/20 08:40:35.257, 88.87 W, 88 %
2026/03/20 08:40:35.357, 88.96 W, 88 %
2026/03/20 08:40:35.457, 88.96 W, 95 %
2026/03/20 08:40:35.557, 88.88 W, 95 %
2026/03/20 08:40:35.658, 88.83 W, 95 %
2026/03/20 08:40:35.758, 88.99 W, 95 %
2026/03/20 08:40:35.858, 89.19 W, 95 %
2026/03/20 08:40:35.958, 89.16 W, 95 %
2026/03/20 08:40:36.058, 89.23 W, 95 %
2026/03/20 08:40:36.158, 89.31 W, 95 %
2026/03/20 08:40:36.258, 89.58 W, 95 %
2026/03/20 08:40:36.358, 89.72 W, 95 %
2026/03/20 08:40:36.459, 89.81 W, 95 %
2026/03/20 08:40:36.559, 89.77 W, 95 %
2026/03/20 08:40:36.659, 89.68 W, 95 %
2026/03/20 08:40:36.759, 89.71 W, 95 %
2026/03/20 08:40:36.859, 89.60 W, 95 %
2026/03/20 08:40:36.959, 89.61 W, 95 %
2026/03/20 08:40:37.059, 89.45 W, 95 %
2026/03/20 08:40:37.160, 89.55 W, 95 %
2026/03/20 08:40:37.260, 89.55 W, 95 %
2026/03/20 08:40:37.360, 89.41 W, 95 %
2026/03/20 08:40:37.460, 89.33 W, 95 %
2026/03/20 08:40:37.560, 89.33 W, 95 %
2026/03/20 08:40:37.660, 89.41 W, 95 %
2026/03/20 08:40:37.760, 89.47 W, 95 %
2026/03/20 08:40:37.861, 89.42 W, 95 %
2026/03/20 08:40:37.961, 89.35 W, 95 %
2026/03/20 08:40:38.061, 89.45 W, 95 %
2026/03/20 08:40:38.161, 89.44 W, 95 %
2026/03/20 08:40:38.261, 89.36 W, 94 %
2026/03/20 08:40:38.361, 89.31 W, 94 %
2026/03/20 08:40:38.461, 89.33 W, 95 %
2026/03/20 08:40:38.562, 89.47 W, 95 %
2026/03/20 08:40:38.662, 89.46 W, 95 %
2026/03/20 08:40:38.762, 89.36 W, 95 %
2026/03/20 08:40:38.862, 89.27 W, 95 %
2026/03/20 08:40:38.962, 89.42 W, 95 %
2026/03/20 08:40:39.062, 89.46 W, 95 %
2026/03/20 08:40:39.162, 89.55 W, 95 %
2026/03/20 08:40:39.262, 89.62 W, 95 %
2026/03/20 08:40:39.363, 89.75 W, 95 %
2026/03/20 08:40:39.463, 89.79 W, 95 %
2026/03/20 08:40:39.563, 89.71 W, 95 %
2026/03/20 08:40:39.663, 89.62 W, 95 %
2026/03/20 08:40:39.763, 89.65 W, 95 %
2026/03/20 08:40:39.863, 89.72 W, 95 %
2026/03/20 08:40:39.963, 89.67 W, 95 %
2026/03/20 08:40:40.064, 89.83 W, 95 %
2026/03/20 08:40:40.164, 89.55 W, 95 %
2026/03/20 08:40:40.264, 89.58 W, 95 %
2026/03/20 08:40:40.364, 89.56 W, 95 %
2026/03/20 08:40:40.464, 89.50 W, 95 %
2026/03/20 08:40:40.564, 89.50 W, 95 %
2026/03/20 08:40:40.664, 89.41 W, 95 %
2026/03/20 08:40:40.765, 89.49 W, 95 %
2026/03/20 08:40:40.865, 89.53 W, 95 %
2026/03/20 08:40:40.965, 89.54 W, 95 %
2026/03/20 08:40:41.065, 89.36 W, 95 %
2026/03/20 08:40:41.165, 89.45 W, 95 %
2026/03/20 08:40:41.265, 89.54 W, 94 %
2026/03/20 08:40:41.365, 89.44 W, 94 %
2026/03/20 08:40:41.465, 89.44 W, 95 %
2026/03/20 08:40:41.566, 89.43 W, 95 %
2026/03/20 08:40:41.666, 89.62 W, 95 %
2026/03/20 08:40:41.766, 89.57 W, 95 %
2026/03/20 08:40:41.866, 89.48 W, 95 %
2026/03/20 08:40:41.966, 89.49 W, 95 %
2026/03/20 08:40:42.066, 89.50 W, 95 %
2026/03/20 08:40:42.166, 89.54 W, 95 %
2026/03/20 08:40:42.267, 89.44 W, 95 %
2026/03/20 08:40:42.367, 89.45 W, 95 %
2026/03/20 08:40:42.467, 89.37 W, 95 %
2026/03/20 08:40:42.567, 89.47 W, 95 %
2026/03/20 08:40:42.667, 89.32 W, 94 %
2026/03/20 08:40:42.767, 89.35 W, 94 %
2026/03/20 08:40:42.867, 89.36 W, 95 %
2026/03/20 08:40:42.968, 89.48 W, 95 %
2026/03/20 08:40:43.068, 89.49 W, 95 %
2026/03/20 08:40:43.168, 89.40 W, 95 %
2026/03/20 08:40:43.268, 89.36 W, 95 %
2026/03/20 08:40:43.368, 89.36 W, 95 %
2026/03/20 08:40:43.468, 89.52 W, 95 %
2026/03/20 08:40:43.568, 89.51 W, 95 %
2026/03/20 08:40:43.668, 89.53 W, 95 %
2026/03/20 08:40:43.769, 89.52 W, 95 %
2026/03/20 08:40:43.869, 89.58 W, 95 %
2026/03/20 08:40:43.969, 89.54 W, 95 %
2026/03/20 08:40:44.069, 89.54 W, 95 %
2026/03/20 08:40:44.169, 89.46 W, 95 %
2026/03/20 08:40:44.269, 89.54 W, 95 %
2026/03/20 08:40:44.369, 89.55 W, 95 %
2026/03/20 08:40:44.470, 89.64 W, 95 %
2026/03/20 08:40:44.570, 89.50 W, 95 %
2026/03/20 08:40:44.670, 89.57 W, 95 %
2026/03/20 08:40:44.770, 89.67 W, 95 %
2026/03/20 08:40:44.870, 89.74 W, 95 %
2026/03/20 08:40:44.970, 89.75 W, 95 %
2026/03/20 08:40:45.070, 89.67 W, 95 %
2026/03/20 08:40:45.171, 89.76 W, 95 %
2026/03/20 08:40:45.271, 89.85 W, 95 %
2026/03/20 08:40:45.371, 89.85 W, 95 %
2026/03/20 08:40:45.471, 89.82 W, 95 %
2026/03/20 08:40:45.571, 89.84 W, 95 %
2026/03/20 08:40:45.671, 89.77 W, 94 %
2026/03/20 08:40:45.771, 89.57 W, 94 %
2026/03/20 08:40:45.871, 89.36 W, 95 %
2026/03/20 08:40:45.972, 89.24 W, 95 %
2026/03/20 08:40:46.072, 89.34 W, 95 %
2026/03/20 08:40:46.172, 89.28 W, 95 %
2026/03/20 08:40:46.272, 89.20 W, 95 %
2026/03/20 08:40:46.372, 89.21 W, 95 %
2026/03/20 08:40:46.472, 89.16 W, 95 %
2026/03/20 08:40:46.572, 89.21 W, 95 %
2026/03/20 08:40:46.673, 89.18 W, 95 %
2026/03/20 08:40:46.773, 89.29 W, 95 %
2026/03/20 08:40:46.873, 89.38 W, 95 %
2026/03/20 08:40:46.973, 89.58 W, 95 %
2026/03/20 08:40:47.073, 89.43 W, 95 %
2026/03/20 08:40:47.173, 89.56 W, 95 %
2026/03/20 08:40:47.273, 89.49 W, 95 %
2026/03/20 08:40:47.374, 89.60 W, 95 %
2026/03/20 08:40:47.474, 89.58 W, 95 %
2026/03/20 08:40:47.574, 89.47 W, 95 %
2026/03/20 08:40:47.674, 89.46 W, 95 %
2026/03/20 08:40:47.774, 89.48 W, 95 %
2026/03/20 08:40:47.874, 89.51 W, 95 %
2026/03/20 08:40:47.974, 89.43 W, 95 %
2026/03/20 08:40:48.074, 89.37 W, 95 %
2026/03/20 08:40:48.175, 89.37 W, 95 %
2026/03/20 08:40:48.275, 89.46 W, 95 %
2026/03/20 08:40:48.375, 89.42 W, 95 %
2026/03/20 08:40:48.475, 89.42 W, 95 %
2026/03/20 08:40:48.575, 89.36 W, 95 %
2026/03/20 08:40:48.675, 89.33 W, 95 %
2026/03/20 08:40:48.775, 89.32 W, 95 %
2026/03/20 08:40:48.876, 89.33 W, 95 %
2026/03/20 08:40:48.976, 89.39 W, 95 %
2026/03/20 08:40:49.076, 89.52 W, 95 %
2026/03/20 08:40:49.176, 89.54 W, 95 %
2026/03/20 08:40:49.276, 89.56 W, 95 %
2026/03/20 08:40:49.376, 89.57 W, 95 %
2026/03/20 08:40:49.476, 89.40 W, 95 %
2026/03/20 08:40:49.577, 89.42 W, 95 %
2026/03/20 08:40:49.677, 89.53 W, 95 %
2026/03/20 08:40:49.777, 89.50 W, 95 %
2026/03/20 08:40:49.877, 89.32 W, 95 %
2026/03/20 08:40:49.977, 89.23 W, 95 %
2026/03/20 08:40:50.077, 89.23 W, 94 %
2026/03/20 08:40:50.177, 89.25 W, 94 %
2026/03/20 08:40:50.277, 89.21 W, 95 %
2026/03/20 08:40:50.378, 89.15 W, 95 %
2026/03/20 08:40:50.478, 89.24 W, 95 %
2026/03/20 08:40:50.578, 89.35 W, 95 %
2026/03/20 08:40:50.678, 89.31 W, 95 %
2026/03/20 08:40:50.778, 89.29 W, 95 %
2026/03/20 08:40:50.878, 89.44 W, 95 %
2026/03/20 08:40:50.978, 89.36 W, 95 %
2026/03/20 08:40:51.079, 89.34 W, 95 %
2026/03/20 08:40:51.179, 89.37 W, 95 %
2026/03/20 08:40:51.279, 89.19 W, 95 %
2026/03/20 08:40:51.379, 89.19 W, 95 %
2026/03/20 08:40:51.479, 89.18 W, 95 %
2026/03/20 08:40:51.579, 89.31 W, 95 %
2026/03/20 08:40:51.679, 89.27 W, 95 %
2026/03/20 08:40:51.780, 89.28 W, 95 %
2026/03/20 08:40:51.880, 89.39 W, 95 %
2026/03/20 08:40:51.980, 89.45 W, 95 %
2026/03/20 08:40:52.080, 89.50 W, 95 %
2026/03/20 08:40:52.180, 89.50 W, 95 %
2026/03/20 08:40:52.280, 89.58 W, 95 %
2026/03/20 08:40:52.380, 89.63 W, 95 %
2026/03/20 08:40:52.480, 89.69 W, 95 %
2026/03/20 08:40:52.581, 89.46 W, 95 %
2026/03/20 08:40:52.681, 89.44 W, 95 %
2026/03/20 08:40:52.781, 89.61 W, 95 %
2026/03/20 08:40:52.881, 89.44 W, 95 %
2026/03/20 08:40:52.981, 89.49 W, 95 %
2026/03/20 08:40:53.081, 89.38 W, 94 %
2026/03/20 08:40:53.181, 89.35 W, 94 %
2026/03/20 08:40:53.282, 89.37 W, 95 %
2026/03/20 08:40:53.382, 89.28 W, 95 %
2026/03/20 08:40:53.482, 89.15 W, 95 %
2026/03/20 08:40:53.582, 89.21 W, 95 %
2026/03/20 08:40:53.682, 89.36 W, 95 %
2026/03/20 08:40:53.782, 89.27 W, 95 %
2026/03/20 08:40:53.882, 89.14 W, 95 %
2026/03/20 08:40:53.983, 89.12 W, 95 %
2026/03/20 08:40:54.083, 89.21 W, 95 %
2026/03/20 08:40:54.183, 89.05 W, 95 %
2026/03/20 08:40:54.283, 89.07 W, 95 %
2026/03/20 08:40:54.383, 89.08 W, 95 %
2026/03/20 08:40:54.483, 89.16 W, 95 %
2026/03/20 08:40:54.583, 89.31 W, 95 %
2026/03/20 08:40:54.683, 89.22 W, 95 %
2026/03/20 08:40:54.784, 89.24 W, 95 %
2026/03/20 08:40:54.884, 89.32 W, 95 %
2026/03/20 08:40:54.984, 89.32 W, 95 %
2026/03/20 08:40:55.084, 89.12 W, 95 %
2026/03/20 08:40:55.184, 89.12 W, 95 %
2026/03/20 08:40:55.284, 89.05 W, 95 %
2026/03/20 08:40:55.384, 88.96 W, 95 %
2026/03/20 08:40:55.485, 88.96 W, 95 %
2026/03/20 08:40:55.585, 88.82 W, 95 %
2026/03/20 08:40:55.685, 88.83 W, 95 %
2026/03/20 08:40:55.785, 88.79 W, 95 %
2026/03/20 08:40:55.885, 88.79 W, 95 %
2026/03/20 08:40:55.985, 88.71 W, 95 %
2026/03/20 08:40:56.085, 88.91 W, 94 %
2026/03/20 08:40:56.186, 88.87 W, 94 %
2026/03/20 08:40:56.286, 89.03 W, 95 %
2026/03/20 08:40:56.386, 89.19 W, 95 %
2026/03/20 08:40:56.486, 89.19 W, 95 %
2026/03/20 08:40:56.586, 89.42 W, 95 %
2026/03/20 08:40:56.686, 89.36 W, 95 %
2026/03/20 08:40:56.786, 89.50 W, 95 %
2026/03/20 08:40:56.886, 89.44 W, 95 %
2026/03/20 08:40:56.987, 89.46 W, 95 %
2026/03/20 08:40:57.087, 89.33 W, 95 %
2026/03/20 08:40:57.187, 89.45 W, 95 %
2026/03/20 08:40:57.287, 89.41 W, 95 %
2026/03/20 08:40:57.387, 89.32 W, 95 %
2026/03/20 08:40:57.487, 89.32 W, 95 %
2026/03/20 08:40:57.587, 89.37 W, 95 %
2026/03/20 08:40:57.688, 89.42 W, 95 %
2026/03/20 08:40:57.788, 89.36 W, 95 %
2026/03/20 08:40:57.888, 89.21 W, 95 %
2026/03/20 08:40:57.988, 89.21 W, 95 %
2026/03/20 08:40:58.088, 89.41 W, 95 %
2026/03/20 08:40:58.188, 89.29 W, 95 %
2026/03/20 08:40:58.288, 89.30 W, 95 %
2026/03/20 08:40:58.389, 89.34 W, 95 %
2026/03/20 08:40:58.489, 89.41 W, 95 %
2026/03/20 08:40:58.589, 89.19 W, 95 %
2026/03/20 08:40:58.689, 89.17 W, 95 %
2026/03/20 08:40:58.789, 89.16 W, 95 %
2026/03/20 08:40:58.889, 89.21 W, 95 %
2026/03/20 08:40:58.989, 89.27 W, 95 %
2026/03/20 08:40:59.089, 89.39 W, 94 %
2026/03/20 08:40:59.190, 89.37 W, 94 %
2026/03/20 08:40:59.290, 89.29 W, 95 %
2026/03/20 08:40:59.390, 89.30 W, 95 %
2026/03/20 08:40:59.490, 89.32 W, 95 %
2026/03/20 08:40:59.590, 89.28 W, 95 %
2026/03/20 08:40:59.690, 89.27 W, 95 %
2026/03/20 08:40:59.790, 89.15 W, 95 %
2026/03/20 08:40:59.891, 89.34 W, 95 %
2026/03/20 08:40:59.991, 89.43 W, 95 %
2026/03/20 08:41:00.091, 89.33 W, 95 %
2026/03/20 08:41:00.191, 89.26 W, 95 %
2026/03/20 08:41:00.291, 89.20 W, 95 %
2026/03/20 08:41:00.391, 89.19 W, 95 %
2026/03/20 08:41:00.491, 89.04 W, 95 %
2026/03/20 08:41:00.591, 89.02 W, 95 %
2026/03/20 08:41:00.692, 89.00 W, 95 %
2026/03/20 08:41:00.792, 89.07 W, 95 %
2026/03/20 08:41:00.892, 88.95 W, 95 %
2026/03/20 08:41:00.992, 88.82 W, 95 %
2026/03/20 08:41:01.092, 88.62 W, 95 %
2026/03/20 08:41:01.192, 88.80 W, 95 %
2026/03/20 08:41:01.292, 88.97 W, 95 %
2026/03/20 08:41:01.393, 88.98 W, 95 %
2026/03/20 08:41:01.493, 89.15 W, 95 %
2026/03/20 08:41:01.593, 89.23 W, 95 %
2026/03/20 08:41:01.693, 89.33 W, 95 %
2026/03/20 08:41:01.793, 89.40 W, 95 %
2026/03/20 08:41:01.893, 89.44 W, 94 %
2026/03/20 08:41:01.993, 89.56 W, 94 %
2026/03/20 08:41:02.094, 89.86 W, 95 %
2026/03/20 08:41:02.194, 89.81 W, 95 %
2026/03/20 08:41:02.294, 89.72 W, 95 %
2026/03/20 08:41:02.394, 89.55 W, 95 %
2026/03/20 08:41:02.494, 89.59 W, 95 %
2026/03/20 08:41:02.594, 89.60 W, 95 %
2026/03/20 08:41:02.694, 89.59 W, 95 %
2026/03/20 08:41:02.794, 89.42 W, 95 %
2026/03/20 08:41:02.895, 89.14 W, 95 %
2026/03/20 08:41:02.995, 89.16 W, 95 %
2026/03/20 08:41:03.095, 89.14 W, 95 %
2026/03/20 08:41:03.195, 89.14 W, 95 %
2026/03/20 08:41:03.295, 89.18 W, 95 %
2026/03/20 08:41:03.395, 89.32 W, 95 %
2026/03/20 08:41:03.495, 89.29 W, 95 %
2026/03/20 08:41:03.596, 89.17 W, 95 %
2026/03/20 08:41:03.696, 89.10 W, 95 %
2026/03/20 08:41:03.796, 89.11 W, 95 %
2026/03/20 08:41:03.896, 89.19 W, 95 %
2026/03/20 08:41:03.996, 89.08 W, 95 %
2026/03/20 08:41:04.096, 89.12 W, 95 %
2026/03/20 08:41:04.196, 89.08 W, 95 %
2026/03/20 08:41:04.296, 89.11 W, 95 %
2026/03/20 08:41:04.397, 89.20 W, 95 %
2026/03/20 08:41:04.497, 89.34 W, 95 %
2026/03/20 08:41:04.597, 89.35 W, 95 %
2026/03/20 08:41:04.697, 89.27 W, 95 %
2026/03/20 08:41:04.797, 89.29 W, 95 %
2026/03/20 08:41:04.897, 89.43 W, 94 %
2026/03/20 08:41:04.997, 89.47 W, 94 %
2026/03/20 08:41:05.098, 89.36 W, 95 %
2026/03/20 08:41:05.198, 89.32 W, 95 %
2026/03/20 08:41:05.298, 89.21 W, 95 %
2026/03/20 08:41:05.398, 89.10 W, 95 %
2026/03/20 08:41:05.498, 88.93 W, 95 %
2026/03/20 08:41:05.598, 88.96 W, 95 %
2026/03/20 08:41:05.698, 89.01 W, 95 %
2026/03/20 08:41:05.799, 89.14 W, 95 %
2026/03/20 08:41:05.899, 88.99 W, 95 %
2026/03/20 08:41:05.999, 89.17 W, 95 %
2026/03/20 08:41:06.099, 89.14 W, 95 %
2026/03/20 08:41:06.199, 89.19 W, 95 %
2026/03/20 08:41:06.299, 89.32 W, 95 %
2026/03/20 08:41:06.399, 89.40 W, 95 %
2026/03/20 08:41:06.500, 89.53 W, 95 %
2026/03/20 08:41:06.600, 89.57 W, 95 %
2026/03/20 08:41:06.700, 89.60 W, 95 %
2026/03/20 08:41:06.800, 89.51 W, 95 %
2026/03/20 08:41:06.900, 89.55 W, 95 %
2026/03/20 08:41:07.000, 89.51 W, 95 %
2026/03/20 08:41:07.100, 89.60 W, 95 %
2026/03/20 08:41:07.201, 89.49 W, 95 %
2026/03/20 08:41:07.301, 89.42 W, 95 %
2026/03/20 08:41:07.401, 89.48 W, 95 %
2026/03/20 08:41:07.501, 89.36 W, 95 %
2026/03/20 08:41:07.601, 89.34 W, 95 %
2026/03/20 08:41:07.701, 89.38 W, 95 %
2026/03/20 08:41:07.801, 89.44 W, 95 %
2026/03/20 08:41:07.901, 89.39 W, 94 %
2026/03/20 08:41:08.002, 89.40 W, 94 %
2026/03/20 08:41:08.102, 89.37 W, 95 %
2026/03/20 08:41:08.202, 89.51 W, 95 %
2026/03/20 08:41:08.302, 89.62 W, 95 %
2026/03/20 08:41:08.402, 89.56 W, 95 %
2026/03/20 08:41:08.502, 89.63 W, 95 %
2026/03/20 08:41:08.602, 89.51 W, 95 %
2026/03/20 08:41:08.703, 89.56 W, 95 %
2026/03/20 08:41:08.803, 89.54 W, 95 %
2026/03/20 08:41:08.903, 89.68 W, 95 %
2026/03/20 08:41:09.003, 89.57 W, 95 %
2026/03/20 08:41:09.103, 89.53 W, 95 %
2026/03/20 08:41:09.203, 89.48 W, 95 %
2026/03/20 08:41:09.303, 89.39 W, 94 %
2026/03/20 08:41:09.404, 89.42 W, 94 %
2026/03/20 08:41:09.504, 89.24 W, 95 %
2026/03/20 08:41:09.604, 89.39 W, 95 %
2026/03/20 08:41:09.704, 89.48 W, 95 %
2026/03/20 08:41:09.804, 89.47 W, 95 %
2026/03/20 08:41:09.904, 89.28 W, 95 %
2026/03/20 08:41:10.004, 89.45 W, 95 %
2026/03/20 08:41:10.104, 89.48 W, 95 %
2026/03/20 08:41:10.205, 89.35 W, 95 %
2026/03/20 08:41:10.305, 89.40 W, 95 %
2026/03/20 08:41:10.405, 89.44 W, 95 %
2026/03/20 08:41:10.505, 89.54 W, 95 %
2026/03/20 08:41:10.605, 89.46 W, 95 %
2026/03/20 08:41:10.705, 89.45 W, 95 %
2026/03/20 08:41:10.805, 89.45 W, 95 %
2026/03/20 08:41:10.906, 89.62 W, 95 %
2026/03/20 08:41:11.006, 89.65 W, 95 %
2026/03/20 08:41:11.106, 89.69 W, 95 %
2026/03/20 08:41:11.206, 89.73 W, 95 %
2026/03/20 08:41:11.306, 89.82 W, 95 %
2026/03/20 08:41:11.406, 89.77 W, 95 %
2026/03/20 08:41:11.506, 89.71 W, 95 %
2026/03/20 08:41:11.607, 89.82 W, 95 %
2026/03/20 08:41:11.707, 89.62 W, 95 %
2026/03/20 08:41:11.807, 89.68 W, 95 %
2026/03/20 08:41:11.907, 89.57 W, 95 %
2026/03/20 08:41:12.007, 89.41 W, 95 %
2026/03/20 08:41:12.107, 89.35 W, 95 %
2026/03/20 08:41:12.207, 89.33 W, 95 %
2026/03/20 08:41:12.307, 89.32 W, 94 %
2026/03/20 08:41:12.408, 89.30 W, 94 %
2026/03/20 08:41:12.508, 89.44 W, 95 %
2026/03/20 08:41:12.608, 89.22 W, 95 %
2026/03/20 08:41:12.708, 89.40 W, 95 %
2026/03/20 08:41:12.808, 89.36 W, 95 %
2026/03/20 08:41:12.908, 89.53 W, 95 %
2026/03/20 08:41:13.008, 89.37 W, 95 %
2026/03/20 08:41:13.109, 89.34 W, 95 %
2026/03/20 08:41:13.209, 89.55 W, 95 %
2026/03/20 08:41:13.309, 89.42 W, 95 %
2026/03/20 08:41:13.409, 89.46 W, 95 %
2026/03/20 08:41:13.509, 89.41 W, 95 %
2026/03/20 08:41:13.609, 89.53 W, 95 %
2026/03/20 08:41:13.709, 89.53 W, 95 %
2026/03/20 08:41:13.810, 89.41 W, 95 %
2026/03/20 08:41:13.910, 89.27 W, 95 %
2026/03/20 08:41:14.010, 89.39 W, 95 %
2026/03/20 08:41:14.110, 89.39 W, 95 %
2026/03/20 08:41:14.210, 89.29 W, 95 %
2026/03/20 08:41:14.310, 89.28 W, 95 %
2026/03/20 08:41:14.410, 89.33 W, 95 %
2026/03/20 08:41:14.510, 89.27 W, 95 %
2026/03/20 08:41:14.611, 89.21 W, 95 %
2026/03/20 08:41:14.711, 89.23 W, 95 %
2026/03/20 08:41:14.811, 88.97 W, 95 %
2026/03/20 08:41:14.911, 89.01 W, 95 %
2026/03/20 08:41:15.011, 89.05 W, 95 %
2026/03/20 08:41:15.111, 89.17 W, 95 %
2026/03/20 08:41:15.211, 89.01 W, 95 %
2026/03/20 08:41:15.312, 88.99 W, 94 %
2026/03/20 08:41:15.412, 89.05 W, 94 %
2026/03/20 08:41:15.512, 89.12 W, 95 %
2026/03/20 08:41:15.612, 89.08 W, 95 %
2026/03/20 08:41:15.712, 89.08 W, 95 %
2026/03/20 08:41:15.812, 89.34 W, 95 %
2026/03/20 08:41:15.912, 89.26 W, 95 %
2026/03/20 08:41:16.013, 89.29 W, 95 %
2026/03/20 08:41:16.113, 89.33 W, 95 %
2026/03/20 08:41:16.213, 89.34 W, 95 %
2026/03/20 08:41:16.313, 89.66 W, 95 %
2026/03/20 08:41:16.413, 89.42 W, 95 %
2026/03/20 08:41:16.513, 89.25 W, 95 %
2026/03/20 08:41:16.613, 89.03 W, 95 %
2026/03/20 08:41:16.713, 89.30 W, 95 %
2026/03/20 08:41:16.814, 89.19 W, 95 %
2026/03/20 08:41:16.914, 89.35 W, 95 %
2026/03/20 08:41:17.014, 89.19 W, 95 %
2026/03/20 08:41:17.114, 89.06 W, 95 %
2026/03/20 08:41:17.214, 89.09 W, 95 %
2026/03/20 08:41:17.314, 88.96 W, 95 %
2026/03/20 08:41:17.414, 89.05 W, 95 %
2026/03/20 08:41:17.515, 89.08 W, 95 %
2026/03/20 08:41:17.615, 89.22 W, 95 %
2026/03/20 08:41:17.715, 89.08 W, 95 %
2026/03/20 08:41:17.815, 89.20 W, 95 %
2026/03/20 08:41:17.915, 89.05 W, 95 %
2026/03/20 08:41:18.015, 89.14 W, 95 %
2026/03/20 08:41:18.115, 89.25 W, 95 %
2026/03/20 08:41:18.216, 89.17 W, 95 %
2026/03/20 08:41:18.316, 89.01 W, 94 %
2026/03/20 08:41:18.416, 88.87 W, 94 %
2026/03/20 08:41:18.516, 88.94 W, 95 %
2026/03/20 08:41:18.616, 88.95 W, 95 %
2026/03/20 08:41:18.716, 88.99 W, 95 %
2026/03/20 08:41:18.816, 88.80 W, 95 %
2026/03/20 08:41:18.916, 88.86 W, 95 %
2026/03/20 08:41:19.017, 88.82 W, 95 %
2026/03/20 08:41:19.117, 88.78 W, 95 %
2026/03/20 08:41:19.217, 88.91 W, 95 %
2026/03/20 08:41:19.317, 88.91 W, 95 %
2026/03/20 08:41:19.417, 89.07 W, 95 %
2026/03/20 08:41:19.517, 89.10 W, 95 %
2026/03/20 08:41:19.617, 89.10 W, 95 %
2026/03/20 08:41:19.718, 88.94 W, 94 %
2026/03/20 08:41:19.818, 89.07 W, 94 %
2026/03/20 08:41:19.918, 89.20 W, 95 %
2026/03/20 08:41:20.018, 89.14 W, 95 %
2026/03/20 08:41:20.118, 89.21 W, 95 %
2026/03/20 08:41:20.218, 89.30 W, 95 %
2026/03/20 08:41:20.318, 89.42 W, 95 %
2026/03/20 08:41:20.419, 89.54 W, 95 %
2026/03/20 08:41:20.519, 89.44 W, 95 %
2026/03/20 08:41:20.619, 89.42 W, 95 %
2026/03/20 08:41:20.719, 89.46 W, 95 %
2026/03/20 08:41:20.819, 89.40 W, 95 %
2026/03/20 08:41:20.919, 89.33 W, 95 %
2026/03/20 08:41:21.019, 89.39 W, 95 %
2026/03/20 08:41:21.119, 89.35 W, 95 %
2026/03/20 08:41:21.220, 89.15 W, 95 %
2026/03/20 08:41:21.320, 89.32 W, 95 %
2026/03/20 08:41:21.420, 89.34 W, 95 %
2026/03/20 08:41:21.520, 89.45 W, 95 %
2026/03/20 08:41:21.620, 89.57 W, 95 %
2026/03/20 08:41:21.720, 89.65 W, 95 %
2026/03/20 08:41:21.820, 89.71 W, 95 %
2026/03/20 08:41:21.921, 89.73 W, 95 %
2026/03/20 08:41:22.021, 89.76 W, 95 %
2026/03/20 08:41:22.121, 89.79 W, 95 %
2026/03/20 08:41:22.221, 89.91 W, 95 %
2026/03/20 08:41:22.321, 89.91 W, 95 %
2026/03/20 08:41:22.421, 89.39 W, 95 %
2026/03/20 08:41:22.521, 89.43 W, 95 %
2026/03/20 08:41:22.622, 89.34 W, 95 %
2026/03/20 08:41:22.722, 89.43 W, 94 %
2026/03/20 08:41:22.822, 89.27 W, 94 %
2026/03/20 08:41:22.922, 89.44 W, 95 %
2026/03/20 08:41:23.022, 89.42 W, 95 %
2026/03/20 08:41:23.122, 89.47 W, 95 %
2026/03/20 08:41:23.222, 89.37 W, 95 %
2026/03/20 08:41:23.322, 89.57 W, 95 %
2026/03/20 08:41:23.423, 89.80 W, 95 %
2026/03/20 08:41:23.523, 89.86 W, 95 %
2026/03/20 08:41:23.623, 89.92 W, 95 %
2026/03/20 08:41:23.723, 89.80 W, 95 %
2026/03/20 08:41:23.823, 89.91 W, 95 %
2026/03/20 08:41:23.923, 89.81 W, 95 %
2026/03/20 08:41:24.023, 89.82 W, 95 %
2026/03/20 08:41:24.124, 89.82 W, 95 %
2026/03/20 08:41:24.224, 89.85 W, 95 %
2026/03/20 08:41:24.324, 89.78 W, 95 %
2026/03/20 08:41:24.424, 89.75 W, 95 %
2026/03/20 08:41:24.524, 89.72 W, 95 %
2026/03/20 08:41:24.624, 89.70 W, 95 %
2026/03/20 08:41:24.724, 89.86 W, 95 %
2026/03/20 08:41:24.824, 89.73 W, 95 %
2026/03/20 08:41:24.925, 89.61 W, 95 %
2026/03/20 08:41:25.025, 89.48 W, 95 %
2026/03/20 08:41:25.125, 89.55 W, 95 %
2026/03/20 08:41:25.225, 89.53 W, 95 %
2026/03/20 08:41:25.325, 89.46 W, 95 %
2026/03/20 08:41:25.425, 89.34 W, 95 %
2026/03/20 08:41:25.525, 89.08 W, 95 %
2026/03/20 08:41:25.626, 88.96 W, 95 %
2026/03/20 08:41:25.726, 88.80 W, 94 %
2026/03/20 08:41:25.826, 88.99 W, 94 %
2026/03/20 08:41:25.926, 89.00 W, 95 %
2026/03/20 08:41:26.026, 89.16 W, 95 %
2026/03/20 08:41:26.126, 89.23 W, 95 %
2026/03/20 08:41:26.226, 89.30 W, 95 %
2026/03/20 08:41:26.327, 89.28 W, 95 %
2026/03/20 08:41:26.427, 89.24 W, 95 %
2026/03/20 08:41:26.527, 89.53 W, 95 %
2026/03/20 08:41:26.627, 89.68 W, 95 %
2026/03/20 08:41:26.727, 89.81 W, 95 %
2026/03/20 08:41:26.827, 89.71 W, 95 %
2026/03/20 08:41:26.927, 89.66 W, 95 %
2026/03/20 08:41:27.027, 89.59 W, 95 %
2026/03/20 08:41:27.128, 89.49 W, 95 %
2026/03/20 08:41:27.228, 89.41 W, 95 %
2026/03/20 08:41:27.328, 89.62 W, 95 %
2026/03/20 08:41:27.428, 89.80 W, 95 %
2026/03/20 08:41:27.528, 89.80 W, 95 %
2026/03/20 08:41:27.628, 89.62 W, 95 %
2026/03/20 08:41:27.728, 89.62 W, 95 %
2026/03/20 08:41:27.829, 89.57 W, 95 %
2026/03/20 08:41:27.929, 89.64 W, 95 %
2026/03/20 08:41:28.029, 89.60 W, 95 %
2026/03/20 08:41:28.129, 89.49 W, 95 %
2026/03/20 08:41:28.229, 89.56 W, 95 %
2026/03/20 08:41:28.329, 89.54 W, 95 %
2026/03/20 08:41:28.429, 89.25 W, 95 %
2026/03/20 08:41:28.530, 89.02 W, 95 %
2026/03/20 08:41:28.630, 89.00 W, 95 %
2026/03/20 08:41:28.730, 88.97 W, 94 %
2026/03/20 08:41:28.830, 89.08 W, 94 %
2026/03/20 08:41:28.930, 89.17 W, 95 %
2026/03/20 08:41:29.030, 89.14 W, 95 %
2026/03/20 08:41:29.130, 89.22 W, 95 %
2026/03/20 08:41:29.230, 89.28 W, 95 %
2026/03/20 08:41:29.331, 89.13 W, 95 %
2026/03/20 08:41:29.431, 89.23 W, 95 %
2026/03/20 08:41:29.531, 89.40 W, 95 %
2026/03/20 08:41:29.631, 89.50 W, 95 %
2026/03/20 08:41:29.731, 89.47 W, 95 %
2026/03/20 08:41:29.831, 89.41 W, 95 %
2026/03/20 08:41:29.931, 89.43 W, 95 %
2026/03/20 08:41:30.032, 89.51 W, 95 %
2026/03/20 08:41:30.132, 89.38 W, 94 %
2026/03/20 08:41:30.232, 89.32 W, 94 %
2026/03/20 08:41:30.332, 89.43 W, 95 %
2026/03/20 08:41:30.432, 89.49 W, 95 %
2026/03/20 08:41:30.532, 89.45 W, 95 %
2026/03/20 08:41:30.632, 89.45 W, 95 %
2026/03/20 08:41:30.732, 89.60 W, 95 %
2026/03/20 08:41:30.833, 89.61 W, 95 %
2026/03/20 08:41:30.933, 89.59 W, 95 %
2026/03/20 08:41:31.033, 89.53 W, 95 %
2026/03/20 08:41:31.133, 89.54 W, 95 %
2026/03/20 08:41:31.233, 89.52 W, 95 %
2026/03/20 08:41:31.333, 89.52 W, 95 %
2026/03/20 08:41:31.433, 89.50 W, 95 %
2026/03/20 08:41:31.534, 89.45 W, 95 %
2026/03/20 08:41:31.634, 89.45 W, 95 %
2026/03/20 08:41:31.734, 89.29 W, 95 %
2026/03/20 08:41:31.834, 89.31 W, 95 %
2026/03/20 08:41:31.934, 89.40 W, 95 %
2026/03/20 08:41:32.034, 89.47 W, 95 %
2026/03/20 08:41:32.134, 89.57 W, 95 %
2026/03/20 08:41:32.235, 89.50 W, 95 %
2026/03/20 08:41:32.335, 89.50 W, 95 %
2026/03/20 08:41:32.435, 89.55 W, 95 %
2026/03/20 08:41:32.535, 89.51 W, 94 %
2026/03/20 08:41:32.635, 89.68 W, 94 %
2026/03/20 08:41:32.735, 89.81 W, 95 %
2026/03/20 08:41:32.835, 89.78 W, 95 %
2026/03/20 08:41:32.935, 89.72 W, 95 %
2026/03/20 08:41:33.036, 89.56 W, 95 %
2026/03/20 08:41:33.136, 89.44 W, 94 %
2026/03/20 08:41:33.236, 89.56 W, 94 %
2026/03/20 08:41:33.336, 89.56 W, 94 %
2026/03/20 08:41:33.436, 89.36 W, 95 %
2026/03/20 08:41:33.536, 89.32 W, 95 %
2026/03/20 08:41:33.636, 89.30 W, 95 %
2026/03/20 08:41:33.737, 89.27 W, 95 %
2026/03/20 08:41:33.837, 89.31 W, 95 %
2026/03/20 08:41:33.937, 89.29 W, 95 %
2026/03/20 08:41:34.037, 89.43 W, 95 %
2026/03/20 08:41:34.137, 89.42 W, 95 %
2026/03/20 08:41:34.237, 89.54 W, 95 %
2026/03/20 08:41:34.337, 89.54 W, 95 %
2026/03/20 08:41:34.437, 89.61 W, 95 %
2026/03/20 08:41:34.538, 89.58 W, 95 %
2026/03/20 08:41:34.638, 89.31 W, 95 %
2026/03/20 08:41:34.738, 89.33 W, 95 %
2026/03/20 08:41:34.838, 89.22 W, 95 %
2026/03/20 08:41:34.938, 89.26 W, 95 %
2026/03/20 08:41:35.038, 89.27 W, 95 %
2026/03/20 08:41:35.138, 89.26 W, 95 %
2026/03/20 08:41:35.239, 89.13 W, 95 %
2026/03/20 08:41:35.339, 89.13 W, 95 %
2026/03/20 08:41:35.439, 89.28 W, 95 %
2026/03/20 08:41:35.539, 89.43 W, 95 %
2026/03/20 08:41:35.639, 89.54 W, 95 %
2026/03/20 08:41:35.739, 89.51 W, 95 %
2026/03/20 08:41:35.839, 89.49 W, 95 %
2026/03/20 08:41:35.940, 89.40 W, 95 %
2026/03/20 08:41:36.040, 89.30 W, 95 %
2026/03/20 08:41:36.140, 89.36 W, 92 %
2026/03/20 08:41:36.240, 89.43 W, 92 %
2026/03/20 08:41:36.340, 89.43 W, 92 %
2026/03/20 08:41:36.440, 89.31 W, 95 %
2026/03/20 08:41:36.540, 89.10 W, 95 %
2026/03/20 08:41:36.640, 89.17 W, 95 %
2026/03/20 08:41:36.741, 89.24 W, 95 %
2026/03/20 08:41:36.841, 89.25 W, 95 %
2026/03/20 08:41:36.941, 89.41 W, 95 %
2026/03/20 08:41:37.041, 89.48 W, 95 %
2026/03/20 08:41:37.141, 89.49 W, 95 %
2026/03/20 08:41:37.241, 89.42 W, 95 %
2026/03/20 08:41:37.341, 89.42 W, 95 %
2026/03/20 08:41:37.442, 89.38 W, 95 %
2026/03/20 08:41:37.542, 89.43 W, 95 %
2026/03/20 08:41:37.643, 89.47 W, 94 %
2026/03/20 08:41:37.743, 89.55 W, 95 %
2026/03/20 08:41:37.843, 89.58 W, 95 %
2026/03/20 08:41:37.943, 89.50 W, 95 %
2026/03/20 08:41:38.043, 89.59 W, 95 %
2026/03/20 08:41:38.144, 89.55 W, 95 %
2026/03/20 08:41:38.244, 89.54 W, 95 %
2026/03/20 08:41:38.344, 89.54 W, 95 %
2026/03/20 08:41:38.444, 89.53 W, 95 %
2026/03/20 08:41:38.544, 89.54 W, 95 %
2026/03/20 08:41:38.644, 89.52 W, 95 %
2026/03/20 08:41:38.744, 89.40 W, 95 %
2026/03/20 08:41:38.845, 89.41 W, 95 %
2026/03/20 08:41:38.945, 89.36 W, 95 %
2026/03/20 08:41:39.045, 89.30 W, 95 %
2026/03/20 08:41:39.145, 89.26 W, 95 %
2026/03/20 08:41:39.245, 89.26 W, 95 %
2026/03/20 08:41:39.345, 89.26 W, 95 %
2026/03/20 08:41:39.445, 89.49 W, 95 %
2026/03/20 08:41:39.546, 89.49 W, 95 %
2026/03/20 08:41:39.646, 89.53 W, 95 %
2026/03/20 08:41:39.746, 89.53 W, 95 %
2026/03/20 08:41:39.846, 89.59 W, 95 %
2026/03/20 08:41:39.946, 89.57 W, 95 %
2026/03/20 08:41:40.046, 89.57 W, 95 %
2026/03/20 08:41:40.146, 89.58 W, 95 %
2026/03/20 08:41:40.246, 89.79 W, 95 %
2026/03/20 08:41:40.347, 89.79 W, 95 %
2026/03/20 08:41:40.447, 89.64 W, 95 %
2026/03/20 08:41:40.547, 89.46 W, 95 %
2026/03/20 08:41:40.647, 89.46 W, 94 %
2026/03/20 08:41:40.747, 89.42 W, 94 %
2026/03/20 08:41:40.847, 89.45 W, 95 %
2026/03/20 08:41:40.947, 89.51 W, 95 %
2026/03/20 08:41:41.048, 89.43 W, 95 %
2026/03/20 08:41:41.148, 89.53 W, 95 %
2026/03/20 08:41:41.248, 89.32 W, 95 %
2026/03/20 08:41:41.348, 89.32 W, 95 %
2026/03/20 08:41:41.448, 89.31 W, 95 %
2026/03/20 08:41:41.548, 89.35 W, 95 %
2026/03/20 08:41:41.648, 89.36 W, 95 %
2026/03/20 08:41:41.749, 89.47 W, 95 %
2026/03/20 08:41:41.849, 89.48 W, 95 %
2026/03/20 08:41:41.949, 89.35 W, 95 %
2026/03/20 08:41:42.049, 89.44 W, 95 %
2026/03/20 08:41:42.149, 89.43 W, 95 %
2026/03/20 08:41:42.249, 89.56 W, 95 %
2026/03/20 08:41:42.349, 89.56 W, 95 %
2026/03/20 08:41:42.449, 89.51 W, 95 %
2026/03/20 08:41:42.550, 89.64 W, 95 %
2026/03/20 08:41:42.650, 89.67 W, 95 %
2026/03/20 08:41:42.750, 89.63 W, 95 %
2026/03/20 08:41:42.850, 89.52 W, 95 %
2026/03/20 08:41:42.950, 89.52 W, 95 %
2026/03/20 08:41:43.050, 89.53 W, 95 %
2026/03/20 08:41:43.150, 89.38 W, 95 %
2026/03/20 08:41:43.251, 89.39 W, 95 %
2026/03/20 08:41:43.351, 89.38 W, 95 %
2026/03/20 08:41:43.451, 89.44 W, 95 %
2026/03/20 08:41:43.551, 89.35 W, 95 %
2026/03/20 08:41:43.651, 89.38 W, 94 %
2026/03/20 08:41:43.751, 89.37 W, 94 %
2026/03/20 08:41:43.851, 89.41 W, 95 %
2026/03/20 08:41:43.951, 89.46 W, 95 %
2026/03/20 08:41:44.052, 89.43 W, 95 %
2026/03/20 08:41:44.152, 89.57 W, 95 %
2026/03/20 08:41:44.252, 89.61 W, 95 %
2026/03/20 08:41:44.352, 89.59 W, 95 %
2026/03/20 08:41:44.452, 89.67 W, 95 %
2026/03/20 08:41:44.552, 89.82 W, 95 %
2026/03/20 08:41:44.652, 89.70 W, 95 %
2026/03/20 08:41:44.752, 89.68 W, 95 %
2026/03/20 08:41:44.853, 89.79 W, 95 %
2026/03/20 08:41:44.953, 89.77 W, 95 %
2026/03/20 08:41:45.053, 89.76 W, 94 %
2026/03/20 08:41:45.153, 89.60 W, 94 %
2026/03/20 08:41:45.253, 89.53 W, 95 %
2026/03/20 08:41:45.353, 89.61 W, 95 %
2026/03/20 08:41:45.453, 89.49 W, 95 %
2026/03/20 08:41:45.554, 89.39 W, 95 %
2026/03/20 08:41:45.654, 89.53 W, 95 %
2026/03/20 08:41:45.754, 89.54 W, 95 %
2026/03/20 08:41:45.854, 89.42 W, 95 %
2026/03/20 08:41:45.954, 89.42 W, 95 %
2026/03/20 08:41:46.054, 89.25 W, 95 %
2026/03/20 08:41:46.154, 89.45 W, 95 %
2026/03/20 08:41:46.255, 89.48 W, 95 %
2026/03/20 08:41:46.355, 89.50 W, 95 %
2026/03/20 08:41:46.455, 89.45 W, 95 %
2026/03/20 08:41:46.555, 89.41 W, 95 %
2026/03/20 08:41:46.655, 89.32 W, 95 %
2026/03/20 08:41:46.755, 89.39 W, 95 %
2026/03/20 08:41:46.855, 89.32 W, 95 %
2026/03/20 08:41:46.955, 89.42 W, 95 %
2026/03/20 08:41:47.056, 89.59 W, 95 %
2026/03/20 08:41:47.156, 89.59 W, 95 %
2026/03/20 08:41:47.256, 89.32 W, 95 %
2026/03/20 08:41:47.356, 89.21 W, 95 %
2026/03/20 08:41:47.456, 89.19 W, 95 %
2026/03/20 08:41:47.556, 89.23 W, 95 %
2026/03/20 08:41:47.656, 89.20 W, 95 %
2026/03/20 08:41:47.757, 89.23 W, 95 %
2026/03/20 08:41:47.857, 89.31 W, 95 %
2026/03/20 08:41:47.957, 89.28 W, 95 %
2026/03/20 08:41:48.057, 89.28 W, 94 %
2026/03/20 08:41:48.157, 89.18 W, 94 %
2026/03/20 08:41:48.257, 89.23 W, 95 %
2026/03/20 08:41:48.357, 89.31 W, 95 %
2026/03/20 08:41:48.458, 89.25 W, 95 %
2026/03/20 08:41:48.558, 89.33 W, 95 %
2026/03/20 08:41:48.658, 89.42 W, 95 %
2026/03/20 08:41:48.758, 89.39 W, 95 %
2026/03/20 08:41:48.858, 89.16 W, 95 %
2026/03/20 08:41:48.958, 89.29 W, 95 %
2026/03/20 08:41:49.058, 89.24 W, 95 %
2026/03/20 08:41:49.159, 89.23 W, 95 %
2026/03/20 08:41:49.259, 89.34 W, 95 %
2026/03/20 08:41:49.359, 89.36 W, 95 %
2026/03/20 08:41:49.459, 89.27 W, 95 %
2026/03/20 08:41:49.559, 89.25 W, 95 %
2026/03/20 08:41:49.659, 89.24 W, 95 %
2026/03/20 08:41:49.759, 89.12 W, 95 %
2026/03/20 08:41:49.859, 89.33 W, 95 %
2026/03/20 08:41:49.960, 89.24 W, 95 %
2026/03/20 08:41:50.060, 89.34 W, 95 %
2026/03/20 08:41:50.160, 89.47 W, 95 %
2026/03/20 08:41:50.260, 89.54 W, 95 %
2026/03/20 08:41:50.360, 89.48 W, 95 %
2026/03/20 08:41:50.460, 89.60 W, 95 %
2026/03/20 08:41:50.560, 89.56 W, 95 %
2026/03/20 08:41:50.661, 89.51 W, 95 %
2026/03/20 08:41:50.761, 89.68 W, 95 %
2026/03/20 08:41:50.861, 89.71 W, 95 %
2026/03/20 08:41:50.961, 89.87 W, 95 %
2026/03/20 08:41:51.061, 89.74 W, 94 %
2026/03/20 08:41:51.161, 89.73 W, 94 %
2026/03/20 08:41:51.261, 89.68 W, 95 %
2026/03/20 08:41:51.362, 89.72 W, 95 %
2026/03/20 08:41:51.462, 89.79 W, 95 %
2026/03/20 08:41:51.562, 89.73 W, 95 %
2026/03/20 08:41:51.662, 89.77 W, 95 %
2026/03/20 08:41:51.762, 89.78 W, 95 %
2026/03/20 08:41:51.862, 89.64 W, 95 %
2026/03/20 08:41:51.962, 89.64 W, 95 %
2026/03/20 08:41:52.062, 89.59 W, 95 %
2026/03/20 08:41:52.163, 89.51 W, 95 %
2026/03/20 08:41:52.263, 89.44 W, 95 %
2026/03/20 08:41:52.363, 89.34 W, 95 %
2026/03/20 08:41:52.463, 89.18 W, 94 %
2026/03/20 08:41:52.563, 89.24 W, 94 %
2026/03/20 08:41:52.663, 89.16 W, 95 %
2026/03/20 08:41:52.763, 89.07 W, 95 %
2026/03/20 08:41:52.864, 89.03 W, 95 %
2026/03/20 08:41:52.964, 88.99 W, 95 %
2026/03/20 08:41:53.064, 89.00 W, 95 %
2026/03/20 08:41:53.164, 89.26 W, 95 %
2026/03/20 08:41:53.264, 89.24 W, 95 %
2026/03/20 08:41:53.364, 89.25 W, 95 %
2026/03/20 08:41:53.464, 89.30 W, 95 %
2026/03/20 08:41:53.565, 89.27 W, 95 %
2026/03/20 08:41:53.665, 89.33 W, 95 %
2026/03/20 08:41:53.765, 89.27 W, 95 %
2026/03/20 08:41:53.865, 89.39 W, 95 %
2026/03/20 08:41:53.965, 89.43 W, 95 %
2026/03/20 08:41:54.065, 89.46 W, 95 %
2026/03/20 08:41:54.165, 89.30 W, 95 %
2026/03/20 08:41:54.265, 89.37 W, 95 %
2026/03/20 08:41:54.366, 89.49 W, 95 %
2026/03/20 08:41:54.466, 89.43 W, 95 %
2026/03/20 08:41:54.566, 89.42 W, 95 %
2026/03/20 08:41:54.666, 89.38 W, 95 %
2026/03/20 08:41:54.766, 89.49 W, 95 %
2026/03/20 08:41:54.866, 89.46 W, 95 %
2026/03/20 08:41:54.966, 89.38 W, 95 %
2026/03/20 08:41:55.067, 89.42 W, 95 %
2026/03/20 08:41:55.167, 89.42 W, 95 %
2026/03/20 08:41:55.267, 89.26 W, 95 %
2026/03/20 08:41:55.367, 89.19 W, 95 %
2026/03/20 08:41:55.467, 89.29 W, 95 %
2026/03/20 08:41:55.567, 89.24 W, 95 %
2026/03/20 08:41:55.667, 89.40 W, 95 %
2026/03/20 08:41:55.768, 89.35 W, 95 %
2026/03/20 08:41:55.868, 89.31 W, 95 %
2026/03/20 08:41:55.968, 89.28 W, 95 %
2026/03/20 08:41:56.068, 89.34 W, 95 %
2026/03/20 08:41:56.168, 89.24 W, 95 %
2026/03/20 08:41:56.268, 89.31 W, 95 %
2026/03/20 08:41:56.368, 89.36 W, 95 %
2026/03/20 08:41:56.468, 89.33 W, 95 %
2026/03/20 08:41:56.569, 89.47 W, 95 %
2026/03/20 08:41:56.669, 89.43 W, 95 %
2026/03/20 08:41:56.769, 89.52 W, 95 %
2026/03/20 08:41:56.869, 89.51 W, 94 %
2026/03/20 08:41:56.969, 89.45 W, 94 %
2026/03/20 08:41:57.069, 89.37 W, 95 %
2026/03/20 08:41:57.169, 89.42 W, 95 %
2026/03/20 08:41:57.270, 89.48 W, 95 %
2026/03/20 08:41:57.370, 89.46 W, 95 %
2026/03/20 08:41:57.470, 89.30 W, 95 %
2026/03/20 08:41:57.570, 89.16 W, 95 %
2026/03/20 08:41:57.670, 89.21 W, 95 %
2026/03/20 08:41:57.770, 89.16 W, 95 %
2026/03/20 08:41:57.870, 89.31 W, 95 %
2026/03/20 08:41:57.971, 89.39 W, 95 %
2026/03/20 08:41:58.071, 89.51 W, 95 %
2026/03/20 08:41:58.171, 89.58 W, 95 %
2026/03/20 08:41:58.271, 89.54 W, 95 %
2026/03/20 08:41:58.371, 89.46 W, 95 %
2026/03/20 08:41:58.471, 89.58 W, 95 %
2026/03/20 08:41:58.571, 89.76 W, 95 %
2026/03/20 08:41:58.671, 89.75 W, 95 %
2026/03/20 08:41:58.772, 89.65 W, 95 %
2026/03/20 08:41:58.872, 89.56 W, 95 %
2026/03/20 08:41:58.972, 89.46 W, 95 %
2026/03/20 08:41:59.072, 89.39 W, 95 %
2026/03/20 08:41:59.172, 89.36 W, 95 %
2026/03/20 08:41:59.272, 89.41 W, 95 %
2026/03/20 08:41:59.372, 89.45 W, 95 %
2026/03/20 08:41:59.473, 89.48 W, 95 %
2026/03/20 08:41:59.573, 89.14 W, 95 %
2026/03/20 08:41:59.673, 89.17 W, 95 %
2026/03/20 08:41:59.773, 89.13 W, 95 %
2026/03/20 08:41:59.873, 89.05 W, 94 %
2026/03/20 08:41:59.973, 89.13 W, 94 %
2026/03/20 08:42:00.073, 89.36 W, 95 %
2026/03/20 08:42:00.174, 89.33 W, 95 %
2026/03/20 08:42:00.274, 89.21 W, 95 %
2026/03/20 08:42:00.374, 89.18 W, 95 %
2026/03/20 08:42:00.474, 89.20 W, 95 %
2026/03/20 08:42:00.574, 89.33 W, 95 %
2026/03/20 08:42:00.674, 89.26 W, 95 %
2026/03/20 08:42:00.774, 89.29 W, 95 %
2026/03/20 08:42:00.874, 89.35 W, 95 %
2026/03/20 08:42:00.975, 89.47 W, 95 %
2026/03/20 08:42:01.075, 89.22 W, 95 %
2026/03/20 08:42:01.175, 89.37 W, 95 %
2026/03/20 08:42:01.275, 89.36 W, 95 %
2026/03/20 08:42:01.375, 89.47 W, 95 %
2026/03/20 08:42:01.475, 89.41 W, 95 %
2026/03/20 08:42:01.575, 89.32 W, 95 %
2026/03/20 08:42:01.676, 89.27 W, 95 %
2026/03/20 08:42:01.776, 89.43 W, 95 %
2026/03/20 08:42:01.876, 89.36 W, 95 %
2026/03/20 08:42:01.976, 89.39 W, 95 %
2026/03/20 08:42:02.076, 89.38 W, 95 %
2026/03/20 08:42:02.176, 89.11 W, 95 %
2026/03/20 08:42:02.276, 89.06 W, 95 %
2026/03/20 08:42:02.376, 88.84 W, 95 %
2026/03/20 08:42:02.477, 89.00 W, 95 %
2026/03/20 08:42:02.577, 88.98 W, 95 %
2026/03/20 08:42:02.677, 89.11 W, 95 %
2026/03/20 08:42:02.777, 88.94 W, 95 %
2026/03/20 08:42:02.877, 88.88 W, 95 %
2026/03/20 08:42:02.977, 88.82 W, 95 %
2026/03/20 08:42:03.077, 88.76 W, 95 %
2026/03/20 08:42:03.178, 88.97 W, 95 %
2026/03/20 08:42:03.278, 88.93 W, 95 %
2026/03/20 08:42:03.378, 89.14 W, 95 %
2026/03/20 08:42:03.478, 89.10 W, 95 %
2026/03/20 08:42:03.578, 89.16 W, 95 %
2026/03/20 08:42:03.678, 89.06 W, 95 %
2026/03/20 08:42:03.778, 89.12 W, 95 %
2026/03/20 08:42:03.878, 89.19 W, 95 %
2026/03/20 08:42:03.979, 89.09 W, 95 %
2026/03/20 08:42:04.079, 89.14 W, 95 %
2026/03/20 08:42:04.179, 89.17 W, 95 %
2026/03/20 08:42:04.279, 89.14 W, 93 %
2026/03/20 08:42:04.379, 89.07 W, 93 %
2026/03/20 08:42:04.479, 89.09 W, 95 %
2026/03/20 08:42:04.579, 89.23 W, 95 %
2026/03/20 08:42:04.680, 89.17 W, 95 %
2026/03/20 08:42:04.780, 89.21 W, 95 %
2026/03/20 08:42:04.880, 89.15 W, 95 %
2026/03/20 08:42:04.980, 89.24 W, 95 %
2026/03/20 08:42:05.080, 89.21 W, 95 %
2026/03/20 08:42:05.180, 89.22 W, 95 %
2026/03/20 08:42:05.280, 89.28 W, 95 %
2026/03/20 08:42:05.381, 89.28 W, 95 %
2026/03/20 08:42:05.481, 89.24 W, 95 %
2026/03/20 08:42:05.581, 89.07 W, 95 %
2026/03/20 08:42:05.681, 89.06 W, 95 %
2026/03/20 08:42:05.781, 89.08 W, 95 %
2026/03/20 08:42:05.881, 89.08 W, 95 %
2026/03/20 08:42:05.981, 89.16 W, 95 %
2026/03/20 08:42:06.081, 89.14 W, 95 %
2026/03/20 08:42:06.182, 89.04 W, 95 %
2026/03/20 08:42:06.282, 89.12 W, 95 %
2026/03/20 08:42:06.382, 89.07 W, 95 %
2026/03/20 08:42:06.482, 89.12 W, 95 %
2026/03/20 08:42:06.582, 89.11 W, 95 %
2026/03/20 08:42:06.682, 89.18 W, 95 %
2026/03/20 08:42:06.782, 89.17 W, 95 %
2026/03/20 08:42:06.883, 89.26 W, 95 %
2026/03/20 08:42:06.983, 89.26 W, 95 %
2026/03/20 08:42:07.083, 89.28 W, 95 %
2026/03/20 08:42:07.183, 89.37 W, 95 %
2026/03/20 08:42:07.283, 89.27 W, 94 %
2026/03/20 08:42:07.383, 89.36 W, 94 %
2026/03/20 08:42:07.483, 89.30 W, 95 %
2026/03/20 08:42:07.584, 89.26 W, 95 %
2026/03/20 08:42:07.684, 89.29 W, 95 %
2026/03/20 08:42:07.784, 89.34 W, 95 %
2026/03/20 08:42:07.884, 89.19 W, 95 %
2026/03/20 08:42:07.984, 89.11 W, 95 %
2026/03/20 08:42:08.084, 89.33 W, 95 %
2026/03/20 08:42:08.184, 89.30 W, 95 %
2026/03/20 08:42:08.284, 89.34 W, 95 %
2026/03/20 08:42:08.385, 89.27 W, 95 %
2026/03/20 08:42:08.485, 89.40 W, 95 %
2026/03/20 08:42:08.585, 89.55 W, 95 %
2026/03/20 08:42:08.685, 89.45 W, 95 %
2026/03/20 08:42:08.785, 89.39 W, 95 %
2026/03/20 08:42:08.885, 89.44 W, 95 %
2026/03/20 08:42:08.985, 89.51 W, 95 %
2026/03/20 08:42:09.086, 89.23 W, 95 %
2026/03/20 08:42:09.186, 89.23 W, 95 %
2026/03/20 08:42:09.286, 89.20 W, 95 %
2026/03/20 08:42:09.386, 89.20 W, 95 %
2026/03/20 08:42:09.486, 89.10 W, 95 %
2026/03/20 08:42:09.586, 89.22 W, 95 %
2026/03/20 08:42:09.686, 89.27 W, 95 %
2026/03/20 08:42:09.787, 89.38 W, 95 %
2026/03/20 08:42:09.887, 89.46 W, 95 %
2026/03/20 08:42:09.987, 89.48 W, 95 %
2026/03/20 08:42:10.087, 89.58 W, 95 %
2026/03/20 08:42:10.187, 89.61 W, 95 %
2026/03/20 08:42:10.287, 89.68 W, 94 %
2026/03/20 08:42:10.387, 89.67 W, 94 %
2026/03/20 08:42:10.487, 89.61 W, 95 %
2026/03/20 08:42:10.588, 89.41 W, 95 %
2026/03/20 08:42:10.688, 89.46 W, 95 %
2026/03/20 08:42:10.788, 89.37 W, 95 %
2026/03/20 08:42:10.888, 89.25 W, 95 %
2026/03/20 08:42:10.988, 89.34 W, 95 %
2026/03/20 08:42:11.088, 89.29 W, 95 %
2026/03/20 08:42:11.188, 89.22 W, 95 %
2026/03/20 08:42:11.289, 89.23 W, 95 %
2026/03/20 08:42:11.389, 89.32 W, 95 %
2026/03/20 08:42:11.489, 89.27 W, 95 %
2026/03/20 08:42:11.589, 89.38 W, 95 %
2026/03/20 08:42:11.689, 89.35 W, 95 %
2026/03/20 08:42:11.789, 89.32 W, 95 %
2026/03/20 08:42:11.889, 89.33 W, 95 %
2026/03/20 08:42:11.990, 89.26 W, 95 %
2026/03/20 08:42:12.090, 89.29 W, 95 %
2026/03/20 08:42:12.190, 89.24 W, 95 %
2026/03/20 08:42:12.290, 89.26 W, 95 %
2026/03/20 08:42:12.390, 89.17 W, 95 %
2026/03/20 08:42:12.490, 89.29 W, 95 %
2026/03/20 08:42:12.590, 89.38 W, 95 %
2026/03/20 08:42:12.690, 89.37 W, 95 %
2026/03/20 08:42:12.791, 89.36 W, 95 %
2026/03/20 08:42:12.891, 89.45 W, 95 %
2026/03/20 08:42:12.991, 89.41 W, 95 %
2026/03/20 08:42:13.091, 89.37 W, 95 %
2026/03/20 08:42:13.191, 89.47 W, 95 %
2026/03/20 08:42:13.291, 89.46 W, 94 %
2026/03/20 08:42:13.391, 89.54 W, 94 %
2026/03/20 08:42:13.492, 89.52 W, 95 %
2026/03/20 08:42:13.592, 89.48 W, 95 %
2026/03/20 08:42:13.692, 89.47 W, 95 %
2026/03/20 08:42:13.792, 89.43 W, 95 %
2026/03/20 08:42:13.892, 89.36 W, 95 %
2026/03/20 08:42:13.992, 89.39 W, 95 %
2026/03/20 08:42:14.092, 89.47 W, 95 %
2026/03/20 08:42:14.192, 89.53 W, 95 %
2026/03/20 08:42:14.293, 89.61 W, 95 %
2026/03/20 08:42:14.393, 89.67 W, 95 %
2026/03/20 08:42:14.493, 89.65 W, 95 %
2026/03/20 08:42:14.593, 89.62 W, 95 %
2026/03/20 08:42:14.693, 89.68 W, 94 %
2026/03/20 08:42:14.793, 89.77 W, 94 %
2026/03/20 08:42:14.893, 89.85 W, 95 %
2026/03/20 08:42:14.993, 89.84 W, 95 %
2026/03/20 08:42:15.094, 89.67 W, 95 %
2026/03/20 08:42:15.194, 89.55 W, 95 %
2026/03/20 08:42:15.294, 89.41 W, 95 %
2026/03/20 08:42:15.394, 89.44 W, 95 %
2026/03/20 08:42:15.494, 89.33 W, 95 %
2026/03/20 08:42:15.594, 89.27 W, 95 %
2026/03/20 08:42:15.694, 89.21 W, 95 %
2026/03/20 08:42:15.795, 89.20 W, 95 %
2026/03/20 08:42:15.895, 89.19 W, 95 %
2026/03/20 08:42:15.995, 89.10 W, 95 %
2026/03/20 08:42:16.095, 89.15 W, 95 %
2026/03/20 08:42:16.195, 89.24 W, 95 %
2026/03/20 08:42:16.295, 89.32 W, 95 %
2026/03/20 08:42:16.395, 89.40 W, 95 %
2026/03/20 08:42:16.495, 89.48 W, 95 %
2026/03/20 08:42:16.596, 89.61 W, 95 %
2026/03/20 08:42:16.696, 89.53 W, 95 %
2026/03/20 08:42:16.796, 89.55 W, 95 %
2026/03/20 08:42:16.896, 89.64 W, 95 %
2026/03/20 08:42:16.996, 89.62 W, 95 %
2026/03/20 08:42:17.096, 89.59 W, 95 %
2026/03/20 08:42:17.196, 89.57 W, 95 %
2026/03/20 08:42:17.297, 89.58 W, 95 %
2026/03/20 08:42:17.397, 89.40 W, 95 %
2026/03/20 08:42:17.497, 89.33 W, 95 %
2026/03/20 08:42:17.597, 89.36 W, 95 %
2026/03/20 08:42:17.697, 89.43 W, 94 %
2026/03/20 08:42:17.797, 89.59 W, 94 %
2026/03/20 08:42:17.897, 89.57 W, 95 %
2026/03/20 08:42:17.998, 89.64 W, 95 %
2026/03/20 08:42:18.098, 89.84 W, 95 %
2026/03/20 08:42:18.198, 89.87 W, 95 %
2026/03/20 08:42:18.298, 89.85 W, 95 %
2026/03/20 08:42:18.398, 89.85 W, 95 %
2026/03/20 08:42:18.498, 89.83 W, 95 %
2026/03/20 08:42:18.598, 89.60 W, 95 %
2026/03/20 08:42:18.699, 89.54 W, 95 %
2026/03/20 08:42:18.799, 89.47 W, 95 %
2026/03/20 08:42:18.899, 89.36 W, 95 %
2026/03/20 08:42:18.999, 89.35 W, 95 %
2026/03/20 08:42:19.099, 89.25 W, 95 %
2026/03/20 08:42:19.199, 89.18 W, 95 %
2026/03/20 08:42:19.299, 89.17 W, 95 %
2026/03/20 08:42:19.399, 89.23 W, 95 %
2026/03/20 08:42:19.500, 89.22 W, 95 %
2026/03/20 08:42:19.600, 89.49 W, 95 %
2026/03/20 08:42:19.700, 89.44 W, 95 %
2026/03/20 08:42:19.800, 89.52 W, 95 %
2026/03/20 08:42:19.900, 89.50 W, 95 %
2026/03/20 08:42:20.000, 89.47 W, 95 %
2026/03/20 08:42:20.100, 89.42 W, 95 %
2026/03/20 08:42:20.201, 89.48 W, 95 %
2026/03/20 08:42:20.301, 89.36 W, 95 %
2026/03/20 08:42:20.401, 89.37 W, 95 %
2026/03/20 08:42:20.501, 89.41 W, 95 %
2026/03/20 08:42:20.601, 89.33 W, 95 %
2026/03/20 08:42:20.701, 89.41 W, 94 %
2026/03/20 08:42:20.801, 89.44 W, 94 %
2026/03/20 08:42:20.902, 89.38 W, 95 %
2026/03/20 08:42:21.002, 89.46 W, 95 %
2026/03/20 08:42:21.102, 89.36 W, 95 %
2026/03/20 08:42:21.202, 89.36 W, 95 %
2026/03/20 08:42:21.302, 89.41 W, 95 %
2026/03/20 08:42:21.402, 89.32 W, 95 %
2026/03/20 08:42:21.502, 89.21 W, 95 %
2026/03/20 08:42:21.602, 89.21 W, 95 %
2026/03/20 08:42:21.703, 89.18 W, 95 %
2026/03/20 08:42:21.803, 89.09 W, 95 %
2026/03/20 08:42:21.903, 89.15 W, 95 %
2026/03/20 08:42:22.003, 89.06 W, 95 %
2026/03/20 08:42:22.103, 89.13 W, 95 %
2026/03/20 08:42:22.203, 89.15 W, 95 %
2026/03/20 08:42:22.303, 89.23 W, 95 %
2026/03/20 08:42:22.404, 89.25 W, 95 %
2026/03/20 08:42:22.504, 89.24 W, 95 %
2026/03/20 08:42:22.604, 89.12 W, 95 %
2026/03/20 08:42:22.704, 89.12 W, 95 %
2026/03/20 08:42:22.804, 89.16 W, 95 %
2026/03/20 08:42:22.904, 89.18 W, 95 %
2026/03/20 08:42:23.004, 89.14 W, 95 %
2026/03/20 08:42:23.104, 89.16 W, 95 %
2026/03/20 08:42:23.205, 89.07 W, 95 %
2026/03/20 08:42:23.305, 88.93 W, 95 %
2026/03/20 08:42:23.405, 88.95 W, 95 %
2026/03/20 08:42:23.505, 89.09 W, 95 %
2026/03/20 08:42:23.605, 89.21 W, 95 %
2026/03/20 08:42:23.705, 89.21 W, 94 %
2026/03/20 08:42:23.805, 89.19 W, 94 %
2026/03/20 08:42:23.906, 89.02 W, 95 %
2026/03/20 08:42:24.006, 89.10 W, 95 %
2026/03/20 08:42:24.106, 89.13 W, 95 %
2026/03/20 08:42:24.206, 89.06 W, 95 %
2026/03/20 08:42:24.306, 89.19 W, 95 %
2026/03/20 08:42:24.406, 89.26 W, 95 %
2026/03/20 08:42:24.506, 89.13 W, 95 %
2026/03/20 08:42:24.607, 88.98 W, 95 %
2026/03/20 08:42:24.707, 88.94 W, 95 %
2026/03/20 08:42:24.807, 88.96 W, 95 %
2026/03/20 08:42:24.907, 89.04 W, 95 %
2026/03/20 08:42:25.007, 88.98 W, 95 %
2026/03/20 08:42:25.107, 88.23 W, 95 %
