                      :-) GROMACS - gmx mdrun, 2024.4 (-:

Copyright 1991-2024 The GROMACS Authors.
GROMACS is free software; you can redistribute it and/or modify it
under the terms of the GNU Lesser General Public License
as published by the Free Software Foundation; either version 2.1
of the License, or (at your option) any later version.

                         Current GROMACS contributors:
       Mark Abraham           Andrey Alekseenko           Vladimir Basov      
      Cathrine Bergh            Eliane Briand               Ania Brown        
      Mahesh Doijade            Giacomo Fiorin          Stefan Fleischmann    
      Sergey Gorelov         Gilles Gouaillardet            Alan Gray         
     M. Eric Irrgang         Farzaneh Jalalypour            Joe Jordan        
     Carsten Kutzner           Justin A. Lemkul          Magnus Lundborg      
       Pascal Merz              Vedran Miletic            Dmitry Morozov      
       Julien Nabet              Szilard Pall        Andrea Pasquadibisceglie 
    Michele Pellegrino          Hubert Santuz             Roland Schulz       
     Tatiana Shugaeva          Alexey Shvetsov            Philip Turner       
     Alessandra Villa      Sebastian Wingbermuehle  

                         Previous GROMACS contributors:
        Emile Apol             Rossen Apostolov           James Barnett       
        Paul Bauer          Herman J.C. Berendsen          Par Bjelkmar       
      Christian Blau          Viacheslav Bolnykh            Kevin Boyd        
    Aldert van Buuren          Carlo Camilloni           Rudi van Drunen      
      Anton Feenstra           Oliver Fleetwood            Vytas Gapsys       
       Gaurav Garg             Gerrit Groenhof            Bert de Groot       
      Anca Hamuraru           Vincent Hindriksen          Victor Holanda      
     Aleksei Iupinov          Christoph Junghans        Prashanth Kanduri     
   Dimitrios Karkoulis           Peter Kasson             Sebastian Kehl      
     Sebastian Keller             Jiri Kraus               Per Larsson        
      Viveca Lindahl            Erik Marklund           Pieter Meulenhoff     
      Teemu Murtola              Sander Pronk             Michael Shirts      
      Alfons Sijbers            Balint Soproni         David van der Spoel    
      Peter Tieleman            Carsten Uphoff             Jon Vincent        
     Teemu Virolainen         Christian Wennberg           Maarten Wolf       
      Artem Zhmurov       

                  Coordinated by the GROMACS project leaders:
                           Berk Hess and Erik Lindahl

GROMACS:      gmx mdrun, version 2024.4
Executable:   /apps/SPACK/0.19.1/opt/linux-almalinux8-zen2/gcc-11.2.0/gromacs-2024.4-lgzojyyz7ofekkqwrygaorygrcub2ejr/bin/gmx
Data prefix:  /apps/SPACK/0.19.1/opt/linux-almalinux8-zen2/gcc-11.2.0/gromacs-2024.4-lgzojyyz7ofekkqwrygaorygrcub2ejr
Working dir:  /home/hpc/ihpc/ihpc161h/GROMACS-BAthesis/runs/gromacs_A40_freq/7251-870
Process ID:   614510
Command line:
  gmx mdrun -nsteps 200000 -maxh 0.2 -ntomp 16 -bonded gpu -update gpu -pme gpu -nb gpu -ntmpi 1 -pin on -pinstride 1 -s /home/hpc/ihpc/ihpc161h/GROMACS-BAthesis/inputs/2md_start0.tpr -deffnm 2md_start0_7251-870_a0228.nhr.fau.de_perflog -g 2md_start0__a0228.nhr.fau.de_perflog.log

GROMACS version:     2024.4
Precision:           mixed
Memory model:        64 bit
MPI library:         thread_mpi
OpenMP support:      enabled (GMX_OPENMP_MAX_THREADS = 128)
GPU support:         CUDA
NBNxM GPU setup:     super-cluster 2x2x2 / cluster 8
SIMD instructions:   AVX2_256
CPU FFT library:     Intel MKL version 2023.0.2 Build 20230613
GPU FFT library:     cuFFT
Multi-GPU FFT:       none
RDTSCP usage:        enabled
TNG support:         enabled
Hwloc support:       hwloc-2.8.0
Tracing support:     disabled
C compiler:          /apps/SPACK/0.19.1/lib/spack/env/gcc/gcc GNU 11.2.0
C compiler flags:    -fexcess-precision=fast -funroll-all-loops -mavx2 -mfma -Wno-missing-field-initializers -O3 -DNDEBUG
C++ compiler:        /apps/SPACK/0.19.1/lib/spack/env/gcc/g++ GNU 11.2.0
C++ compiler flags:  -fexcess-precision=fast -funroll-all-loops -mavx2 -mfma -Wno-missing-field-initializers -Wno-cast-function-type-strict -fopenmp -O3 -DNDEBUG
BLAS library:        Internal
LAPACK library:      Internal
CUDA compiler:       /apps/SPACK/0.19.1/opt/linux-almalinux8-zen/gcc-8.5.0/cuda-11.8.0-qrwohrlyazyilia56tybqfm5k3k6kiom/bin/nvcc nvcc: NVIDIA (R) Cuda compiler driver;Copyright (c) 2005-2022 NVIDIA Corporation;Built on Wed_Sep_21_10:33:58_PDT_2022;Cuda compilation tools, release 11.8, V11.8.89;Build cuda_11.8.r11.8/compiler.31833905_0
CUDA compiler flags:-std=c++17;--generate-code=arch=compute_35,code=sm_35;--generate-code=arch=compute_37,code=sm_37;--generate-code=arch=compute_50,code=sm_50;--generate-code=arch=compute_52,code=sm_52;--generate-code=arch=compute_60,code=sm_60;--generate-code=arch=compute_61,code=sm_61;--generate-code=arch=compute_70,code=sm_70;--generate-code=arch=compute_75,code=sm_75;--generate-code=arch=compute_80,code=sm_80;--generate-code=arch=compute_86,code=sm_86;--generate-code=arch=compute_89,code=sm_89;--generate-code=arch=compute_90,code=sm_90;-Wno-deprecated-gpu-targets;--generate-code=arch=compute_53,code=sm_53;--generate-code=arch=compute_80,code=sm_80;-use_fast_math;-Xptxas;-warn-double-usage;-Xptxas;-Werror;-D_FORCE_INLINES;-Xcompiler;-fopenmp;-fexcess-precision=fast -funroll-all-loops -mavx2 -mfma -Wno-missing-field-initializers -Wno-cast-function-type-strict -fopenmp -O3 -DNDEBUG
CUDA driver:         13.20
CUDA runtime:        11.80


Running on 1 node with total 16 cores, 16 processing units, 1 compatible GPU
Hardware detected on host a0228.nhr.fau.de:
  CPU info:
    Vendor: AMD
    Brand:  AMD EPYC 7713 64-Core Processor                
    Family: 25   Model: 1   Stepping: 1
    Features: aes amd apic avx avx2 clfsh cmov cx8 cx16 f16c fma htt lahf misalignsse mmx msr nonstop_tsc pcid pclmuldq pdpe1gb popcnt pse rdrnd rdtscp sha sse2 sse3 sse4a sse4.1 sse4.2 ssse3
  Hardware topology: Full, with devices
    Packages, cores, and logical processors:
    [indices refer to OS logical processors]
      Package  0:
      Package  1: [  64] [  65] [  66] [  67] [  68] [  69] [  70] [  71] [  72] [  73] [  74] [  75] [  76] [  77] [  78] [  79]
    CPU limit set by OS: -1   Recommended max number of threads: 16
    Numa nodes:
      Node  0 (67443343360 bytes mem):
      Node  1 (67594518528 bytes mem):
      Node  2 (67640332288 bytes mem):
      Node  3 (67627749376 bytes mem):
      Node  4 (67640332288 bytes mem):  64  65  66  67  68  69  70  71  72  73  74  75  76  77  78  79
      Node  5 (67640332288 bytes mem):
      Node  6 (67640332288 bytes mem):
      Node  7 (67638435840 bytes mem):
      Latency:
               0     1     2     3     4     5     6     7
         0  1.00  1.20  1.20  1.20  3.20  3.20  3.20  3.20
         1  1.20  1.00  1.20  1.20  3.20  3.20  3.20  3.20
         2  1.20  1.20  1.00  1.20  3.20  3.20  3.20  3.20
         3  1.20  1.20  1.20  1.00  3.20  3.20  3.20  3.20
         4  3.20  3.20  3.20  3.20  1.00  1.20  1.20  1.20
         5  3.20  3.20  3.20  3.20  1.20  1.00  1.20  1.20
         6  3.20  3.20  3.20  3.20  1.20  1.20  1.00  1.20
         7  3.20  3.20  3.20  3.20  1.20  1.20  1.20  1.00
    Caches:
      L1: 32768 bytes, linesize 64 bytes, assoc. 8, shared 1 ways
      L2: 524288 bytes, linesize 64 bytes, assoc. 8, shared 1 ways
      L3: 33554432 bytes, linesize 64 bytes, assoc. 16, shared 8 ways
    PCI devices:
      0000:61:00.0  Id: 10de:2235  Class: 0x0302  Numa: 0
      0000:63:00.0  Id: 1a03:2000  Class: 0x0300  Numa: 0
      0000:41:00.0  Id: 10de:2235  Class: 0x0302  Numa: 1
      0000:21:00.0  Id: 8086:0b60  Class: 0x0108  Numa: 2
      0000:25:00.0  Id: 10de:2235  Class: 0x0302  Numa: 2
      0000:01:00.0  Id: 10de:2235  Class: 0x0302  Numa: 3
      0000:e1:00.0  Id: 10de:2235  Class: 0x0302  Numa: 4
      0000:c1:00.0  Id: 10de:2235  Class: 0x0302  Numa: 5
      0000:c2:00.0  Id: 1000:00af  Class: 0x0107  Numa: 5
      0000:c3:00.0  Id: 15b3:101f  Class: 0x0200  Numa: 5
      0000:c3:00.1  Id: 15b3:101f  Class: 0x0200  Numa: 5
      0000:a1:00.0  Id: 10de:2235  Class: 0x0302  Numa: 6
      0000:81:00.0  Id: 10de:2235  Class: 0x0302  Numa: 7
  GPU info:
    Number of GPUs detected: 1
    #0: NVIDIA NVIDIA A40, compute cap.: 8.6, ECC:  no, stat: compatible


++++ PLEASE READ AND CITE THE FOLLOWING REFERENCE ++++
M. J. Abraham, T. Murtola, R. Schulz, S. Páll, J. C. Smith, B. Hess, E.
Lindahl
GROMACS: High performance molecular simulations through multi-level
parallelism from laptops to supercomputers
SoftwareX 1 (2015) pp. 19-25
-------- -------- --- Thank You --- -------- --------


++++ PLEASE READ AND CITE THE FOLLOWING REFERENCE ++++
S. Páll, M. J. Abraham, C. Kutzner, B. Hess, E. Lindahl
Tackling Exascale Software Challenges in Molecular Dynamics Simulations with
GROMACS
In S. Markidis & E. Laure (Eds.), Solving Software Challenges for Exascale 8759 (2015) pp. 3-27
-------- -------- --- Thank You --- -------- --------


++++ PLEASE READ AND CITE THE FOLLOWING REFERENCE ++++
S. Pronk, S. Páll, R. Schulz, P. Larsson, P. Bjelkmar, R. Apostolov, M. R.
Shirts, J. C. Smith, P. M. Kasson, D. van der Spoel, B. Hess, and E. Lindahl
GROMACS 4.5: a high-throughput and highly parallel open source molecular
simulation toolkit
Bioinformatics 29 (2013) pp. 845-54
-------- -------- --- Thank You --- -------- --------


++++ PLEASE READ AND CITE THE FOLLOWING REFERENCE ++++
B. Hess and C. Kutzner and D. van der Spoel and E. Lindahl
GROMACS 4: Algorithms for highly efficient, load-balanced, and scalable
molecular simulation
J. Chem. Theory Comput. 4 (2008) pp. 435-447
-------- -------- --- Thank You --- -------- --------


++++ PLEASE READ AND CITE THE FOLLOWING REFERENCE ++++
D. van der Spoel, E. Lindahl, B. Hess, G. Groenhof, A. E. Mark and H. J. C.
Berendsen
GROMACS: Fast, Flexible and Free
J. Comp. Chem. 26 (2005) pp. 1701-1719
-------- -------- --- Thank You --- -------- --------


++++ PLEASE READ AND CITE THE FOLLOWING REFERENCE ++++
E. Lindahl and B. Hess and D. van der Spoel
GROMACS 3.0: A package for molecular simulation and trajectory analysis
J. Mol. Mod. 7 (2001) pp. 306-317
-------- -------- --- Thank You --- -------- --------


++++ PLEASE READ AND CITE THE FOLLOWING REFERENCE ++++
H. J. C. Berendsen, D. van der Spoel and R. van Drunen
GROMACS: A message-passing parallel molecular dynamics implementation
Comp. Phys. Comm. 91 (1995) pp. 43-56
-------- -------- --- Thank You --- -------- --------


++++ PLEASE CITE THE DOI FOR THIS VERSION OF GROMACS ++++
https://doi.org/10.5281/zenodo.14016590
-------- -------- --- Thank You --- -------- --------

This run uses the 'GPU buffer ops' feature, enabled by the GMX_USE_GPU_BUFFER_OPS environment variable.
Input Parameters:
   integrator                     = md
   tinit                          = 0
   dt                             = 0.002
   nsteps                         = 100000000
   init-step                      = 0
   simulation-part                = 1
   mts                            = false
   mass-repartition-factor        = 1
   comm-mode                      = Linear
   nstcomm                        = 100
   bd-fric                        = 0
   ld-seed                        = 1576281888
   emtol                          = 10
   emstep                         = 0.01
   niter                          = 20
   fcstep                         = 0
   nstcgsteep                     = 1000
   nbfgscorr                      = 10
   rtpi                           = 0.05
   nstxout                        = 250000
   nstvout                        = 250000
   nstfout                        = 0
   nstlog                         = 500
   nstcalcenergy                  = 100
   nstenergy                      = 250000
   nstxout-compressed             = 50000
   compressed-x-precision         = 1000
   cutoff-scheme                  = Verlet
   nstlist                        = 20
   pbc                            = xyz
   periodic-molecules             = false
   verlet-buffer-tolerance        = 0.005
   verlet-buffer-pressure-tolerance = -1
   rlist                          = 1.207
   coulombtype                    = PME
   coulomb-modifier               = Potential-shift
   rcoulomb-switch                = 0
   rcoulomb                       = 1.2
   epsilon-r                      = 1
   epsilon-rf                     = inf
   vdw-type                       = Cut-off
   vdw-modifier                   = Force-switch
   rvdw-switch                    = 1
   rvdw                           = 1.2
   DispCorr                       = EnerPres
   table-extension                = 1
   fourierspacing                 = 0.16
   fourier-nx                     = 52
   fourier-ny                     = 52
   fourier-nz                     = 80
   pme-order                      = 4
   ewald-rtol                     = 1e-05
   ewald-rtol-lj                  = 0.001
   lj-pme-comb-rule               = Geometric
   ewald-geometry                 = 3d
   epsilon-surface                = 0
   ensemble-temperature-setting   = constant
   ensemble-temperature           = 310
   tcoupl                         = V-rescale
   nsttcouple                     = 20
   nh-chain-length                = 0
   print-nose-hoover-chain-variables = false
   pcoupl                         = Berendsen
   pcoupltype                     = Surface-Tension
   nstpcouple                     = 20
   tau-p                          = 5
   compressibility (3x3):
      compressibility[    0]={ 4.50000e-05,  0.00000e+00,  0.00000e+00}
      compressibility[    1]={ 0.00000e+00,  4.50000e-05,  0.00000e+00}
      compressibility[    2]={ 0.00000e+00,  0.00000e+00,  4.50000e-05}
   ref-p (3x3):
      ref-p[    0]={ 2.20000e+00,  0.00000e+00,  0.00000e+00}
      ref-p[    1]={ 0.00000e+00,  2.20000e+00,  0.00000e+00}
      ref-p[    2]={ 0.00000e+00,  0.00000e+00,  1.00000e+00}
   refcoord-scaling               = No
   posres-com (3):
      posres-com[0]= 0.00000e+00
      posres-com[1]= 0.00000e+00
      posres-com[2]= 0.00000e+00
   posres-comB (3):
      posres-comB[0]= 0.00000e+00
      posres-comB[1]= 0.00000e+00
      posres-comB[2]= 0.00000e+00
   QMMM                           = false
qm-opts:
   ngQM                           = 0
   constraint-algorithm           = Lincs
   continuation                   = false
   Shake-SOR                      = false
   shake-tol                      = 0.0001
   lincs-order                    = 4
   lincs-iter                     = 1
   lincs-warnangle                = 30
   nwall                          = 0
   wall-type                      = 9-3
   wall-r-linpot                  = -1
   wall-atomtype[0]               = -1
   wall-atomtype[1]               = -1
   wall-density[0]                = 0
   wall-density[1]                = 0
   wall-ewald-zfac                = 3
   pull                           = false
   awh                            = false
   rotation                       = false
   interactiveMD                  = false
   disre                          = No
   disre-weighting                = Conservative
   disre-mixed                    = false
   dr-fc                          = 1000
   dr-tau                         = 0
   nstdisreout                    = 100
   orire-fc                       = 0
   orire-tau                      = 0
   nstorireout                    = 100
   free-energy                    = no
   cos-acceleration               = 0
   deform (3x3):
      deform[    0]={ 0.00000e+00,  0.00000e+00,  0.00000e+00}
      deform[    1]={ 0.00000e+00,  0.00000e+00,  0.00000e+00}
      deform[    2]={ 0.00000e+00,  0.00000e+00,  0.00000e+00}
   simulated-tempering            = false
   swapcoords                     = no
   userint1                       = 0
   userint2                       = 0
   userint3                       = 0
   userint4                       = 0
   userreal1                      = 0
   userreal2                      = 0
   userreal3                      = 0
   userreal4                      = 0
   applied-forces:
     electric-field:
       x:
         E0                       = 0
         omega                    = 0
         t0                       = 0
         sigma                    = 0
       y:
         E0                       = 0
         omega                    = 0
         t0                       = 0
         sigma                    = 0
       z:
         E0                       = 0
         omega                    = 0
         t0                       = 0
         sigma                    = 0
grpopts:
   nrdf:       15982      105420       50817
   ref-t:         310         310         310
   tau-t:         0.1         0.1         0.1
annealing:          No          No          No
annealing-npoints:           0           0           0
   acc:	           0           0           0
   nfreeze:           N           N           N
   energygrp-flags[  0]: 0


The -nsteps functionality is deprecated, and may be removed in a future version. Consider using gmx convert-tpr -nsteps or changing the appropriate .mdp file field.

Overriding nsteps with value passed on the command line: 200000 steps, 400 ps
Changing nstlist from 20 to 100, rlist from 1.207 to 1.324


Update groups can not be used for this system because atoms that are (in)directly constrained together are interdispersed with other atoms

1 GPU selected for this run.
Mapping of GPU IDs to the 2 GPU tasks in the 1 rank on this node:
  PP:0,PME:0
PP tasks will do (non-perturbed) short-ranged and most bonded interactions on the GPU
PP task will update and constrain coordinates on the GPU
PME tasks will do all aspects on the GPU
Using 1 MPI thread
Using 16 OpenMP threads 

System total charge: 0.000
Will do PME sum in reciprocal space for electrostatic interactions.

++++ PLEASE READ AND CITE THE FOLLOWING REFERENCE ++++
U. Essmann, L. Perera, M. L. Berkowitz, T. Darden, H. Lee and L. G. Pedersen 
A smooth particle mesh Ewald method
J. Chem. Phys. 103 (1995) pp. 8577-8592
-------- -------- --- Thank You --- -------- --------

Using a Gaussian width (1/beta) of 0.384195 nm for Ewald
Potential shift: LJ r^-12: -2.648e-01 r^-6: -5.349e-01, Ewald -8.333e-06
Initialized non-bonded Coulomb Ewald tables, spacing: 1.02e-03 size: 1176

Generated table with 1162 data points for 1-4 COUL.
Tabscale = 500 points/nm
Generated table with 1162 data points for 1-4 LJ6.
Tabscale = 500 points/nm
Generated table with 1162 data points for 1-4 LJ12.
Tabscale = 500 points/nm
Long Range LJ corr.: <C6> 4.0294e-04


Using GPU 8x8 nonbonded short-range kernels

Using a dual 8x8 pair-list setup updated with dynamic, rolling pruning:
  outer list: updated every 100 steps, buffer 0.124 nm, rlist 1.324 nm
  inner list: updated every  16 steps, buffer 0.001 nm, rlist 1.201 nm
At tolerance 0.005 kJ/mol/ps per atom, equivalent classical 1x1 list would be:
  outer list: updated every 100 steps, buffer 0.285 nm, rlist 1.485 nm
  inner list: updated every  16 steps, buffer 0.068 nm, rlist 1.268 nm

The average pressure is off by at most 1.10 bar due to missing LJ interactions
Removing pbc first time

Overriding thread affinity set outside gmx mdrun

Pinning threads with a user-specified logical cpu stride of 1

Initializing LINear Constraint Solver

++++ PLEASE READ AND CITE THE FOLLOWING REFERENCE ++++
B. Hess and H. Bekker and H. J. C. Berendsen and J. G. E. M. Fraaije
LINCS: A Linear Constraint Solver for molecular simulations
J. Comp. Chem. 18 (1997) pp. 1463-1472
-------- -------- --- Thank You --- -------- --------

The number of constraints is 16151

++++ PLEASE READ AND CITE THE FOLLOWING REFERENCE ++++
S. Miyamoto and P. A. Kollman
SETTLE: An Analytical Version of the SHAKE and RATTLE Algorithms for Rigid
Water Models
J. Comp. Chem. 13 (1992) pp. 952-962
-------- -------- --- Thank You --- -------- --------


++++ PLEASE READ AND CITE THE FOLLOWING REFERENCE ++++
G. Bussi, D. Donadio and M. Parrinello
Canonical sampling through velocity rescaling
J. Chem. Phys. 126 (2007) pp. 014101
-------- -------- --- Thank You --- -------- --------

There are: 80289 Atoms

Updating coordinates and applying constraints on the GPU.

Constraining the starting coordinates (step 0)

Constraining the coordinates at t0-dt (step 0)
Center of mass motion removal mode is Linear
We have the following groups for center of mass motion removal:
  0:  Protein_MOL
  1:  SOL_Ion
  2:  dop
RMS relative constraint deviation after constraining: 3.84e-06
Initial temperature: 312.283 K

Started mdrun on rank 0 Tue May  5 18:05:15 2026

           Step           Time
              0        0.00000

   Energies (kJ/mol)
           Bond          Angle Ryckaert-Bell.          LJ-14     Coulomb-14
    1.65369e+04    5.91322e+04    5.91454e+04    1.61898e+04    5.75446e+04
        LJ (SR)  Disper. corr.   Coulomb (SR)   Coul. recip.      Potential
    1.08654e+05   -1.01050e+04   -1.25202e+06    4.71201e+03   -9.40213e+05
    Kinetic En.   Total Energy  Conserved En.    Temperature Pres. DC (bar)
    2.23440e+05   -7.16773e+05   -7.16782e+05    3.12087e+02   -2.14968e+02
 Pressure (bar)   Constr. rmsd
    1.81429e+02    3.84140e-06

           Step           Time
            500        1.00000

   Energies (kJ/mol)
           Bond          Angle Ryckaert-Bell.          LJ-14     Coulomb-14
    1.62907e+04    5.89625e+04    5.87180e+04    1.58668e+04    5.75199e+04
        LJ (SR)  Disper. corr.   Coulomb (SR)   Coul. recip.      Potential
    1.06980e+05   -1.01085e+04   -1.25109e+06    4.75307e+03   -9.42104e+05
    Kinetic En.   Total Energy  Conserved En.    Temperature Pres. DC (bar)
    2.22679e+05   -7.19425e+05   -7.16808e+05    3.11024e+02   -2.15117e+02
 Pressure (bar)   Constr. rmsd
   -1.09208e+02    3.84140e-06

           Step           Time
           1000        2.00000

   Energies (kJ/mol)
           Bond          Angle Ryckaert-Bell.          LJ-14     Coulomb-14
    1.63165e+04    5.95719e+04    5.91080e+04    1.59845e+04    5.72451e+04
        LJ (SR)  Disper. corr.   Coulomb (SR)   Coul. recip.      Potential
    1.06569e+05   -1.01105e+04   -1.24912e+06    4.68337e+03   -9.39757e+05
    Kinetic En.   Total Energy  Conserved En.    Temperature Pres. DC (bar)
    2.23080e+05   -7.16676e+05   -7.16822e+05    3.11585e+02   -2.15199e+02
 Pressure (bar)   Constr. rmsd
   -2.51002e+02    3.84140e-06

           Step           Time
           1500        3.00000

   Energies (kJ/mol)
           Bond          Angle Ryckaert-Bell.          LJ-14     Coulomb-14
    1.59036e+04    5.87028e+04    5.88282e+04    1.59189e+04    5.72034e+04
        LJ (SR)  Disper. corr.   Coulomb (SR)   Coul. recip.      Potential
    1.10082e+05   -1.01111e+04   -1.25520e+06    4.67227e+03   -9.43996e+05
    Kinetic En.   Total Energy  Conserved En.    Temperature Pres. DC (bar)
    2.20980e+05   -7.23016e+05   -7.16809e+05    3.08652e+02   -2.15228e+02
 Pressure (bar)   Constr. rmsd
    1.40038e+02    3.84140e-06

           Step           Time
           2000        4.00000

   Energies (kJ/mol)
           Bond          Angle Ryckaert-Bell.          LJ-14     Coulomb-14
    1.56031e+04    5.98730e+04    5.90636e+04    1.61679e+04    5.73752e+04
        LJ (SR)  Disper. corr.   Coulomb (SR)   Coul. recip.      Potential
    1.08392e+05   -1.01118e+04   -1.25205e+06    4.74492e+03   -9.40943e+05
    Kinetic En.   Total Energy  Conserved En.    Temperature Pres. DC (bar)
    2.22713e+05   -7.18230e+05   -7.16855e+05    3.11072e+02   -2.15256e+02
 Pressure (bar)   Constr. rmsd
    1.64426e+02    3.84140e-06

           Step           Time
           2500        5.00000

   Energies (kJ/mol)
           Bond          Angle Ryckaert-Bell.          LJ-14     Coulomb-14
    1.61192e+04    5.90644e+04    5.88025e+04    1.60644e+04    5.73734e+04
        LJ (SR)  Disper. corr.   Coulomb (SR)   Coul. recip.      Potential
    1.08447e+05   -1.01077e+04   -1.25218e+06    4.77855e+03   -9.41634e+05
    Kinetic En.   Total Energy  Conserved En.    Temperature Pres. DC (bar)
    2.23420e+05   -7.18213e+05   -7.16859e+05    3.12059e+02   -2.15083e+02
 Pressure (bar)   Constr. rmsd
   -1.12788e+01    3.84140e-06

           Step           Time
           3000        6.00000

   Energies (kJ/mol)
           Bond          Angle Ryckaert-Bell.          LJ-14     Coulomb-14
    1.65074e+04    5.92179e+04    5.88982e+04    1.58584e+04    5.72940e+04
        LJ (SR)  Disper. corr.   Coulomb (SR)   Coul. recip.      Potential
    1.07674e+05   -1.01069e+04   -1.25305e+06    4.65444e+03   -9.43053e+05
    Kinetic En.   Total Energy  Conserved En.    Temperature Pres. DC (bar)
    2.22211e+05   -7.20842e+05   -7.16780e+05    3.10371e+02   -2.15048e+02
 Pressure (bar)   Constr. rmsd
   -3.24801e+02    3.84140e-06

           Step           Time
           3500        7.00000

   Energies (kJ/mol)
           Bond          Angle Ryckaert-Bell.          LJ-14     Coulomb-14
    1.57828e+04    5.87225e+04    5.88042e+04    1.61798e+04    5.74559e+04
        LJ (SR)  Disper. corr.   Coulomb (SR)   Coul. recip.      Potential
    1.07873e+05   -1.01064e+04   -1.25180e+06    4.73304e+03   -9.42355e+05
    Kinetic En.   Total Energy  Conserved En.    Temperature Pres. DC (bar)
    2.21566e+05   -7.20789e+05   -7.16860e+05    3.09469e+02   -2.15025e+02
 Pressure (bar)   Constr. rmsd
    1.24797e+02    3.84140e-06

           Step           Time
           4000        8.00000

   Energies (kJ/mol)
           Bond          Angle Ryckaert-Bell.          LJ-14     Coulomb-14
    1.62672e+04    5.80743e+04    5.88111e+04    1.60879e+04    5.73566e+04
        LJ (SR)  Disper. corr.   Coulomb (SR)   Coul. recip.      Potential
    1.07305e+05   -1.01040e+04   -1.25290e+06    4.71036e+03   -9.44387e+05
    Kinetic En.   Total Energy  Conserved En.    Temperature Pres. DC (bar)
    2.20895e+05   -7.23492e+05   -7.16896e+05    3.08532e+02   -2.14924e+02
 Pressure (bar)   Constr. rmsd
    2.27839e+00    3.84140e-06

step 4500: timed with pme grid 52 52 80, coulomb cutoff 1.200: 226.9 M-cycles
           Step           Time
           4500        9.00000

   Energies (kJ/mol)
           Bond          Angle Ryckaert-Bell.          LJ-14     Coulomb-14
    1.60446e+04    5.85263e+04    5.88201e+04    1.61053e+04    5.70591e+04
        LJ (SR)  Disper. corr.   Coulomb (SR)   Coul. recip.      Potential
    1.10318e+05   -1.00998e+04   -1.25439e+06    3.30609e+03   -9.44312e+05
    Kinetic En.   Total Energy  Conserved En.    Temperature Pres. DC (bar)
    2.21604e+05   -7.22708e+05   -7.16860e+05    3.09523e+02   -2.14744e+02
 Pressure (bar)   Constr. rmsd
    2.42903e+02    3.84140e-06

step 4700: timed with pme grid 44 44 72, coulomb cutoff 1.342: 274.2 M-cycles
step 4900: timed with pme grid 48 48 72, coulomb cutoff 1.312: 259.8 M-cycles
           Step           Time
           5000       10.00000

   Energies (kJ/mol)
           Bond          Angle Ryckaert-Bell.          LJ-14     Coulomb-14
    1.57861e+04    5.89709e+04    5.91158e+04    1.59855e+04    5.74761e+04
        LJ (SR)  Disper. corr.   Coulomb (SR)   Coul. recip.      Potential
    1.10103e+05   -1.00998e+04   -1.25578e+06    4.23566e+03   -9.44205e+05
    Kinetic En.   Total Energy  Conserved En.    Temperature Pres. DC (bar)
    2.21319e+05   -7.22886e+05   -7.16901e+05    3.09124e+02   -2.14747e+02
 Pressure (bar)   Constr. rmsd
    5.93003e+01    3.84140e-06

step 5100: timed with pme grid 48 48 80, coulomb cutoff 1.230: 235.5 M-cycles
step 5300: timed with pme grid 52 52 80, coulomb cutoff 1.200: 229.4 M-cycles
              optimal pme grid 52 52 80, coulomb cutoff 1.200
           Step           Time
           5500       11.00000

   Energies (kJ/mol)
           Bond          Angle Ryckaert-Bell.          LJ-14     Coulomb-14
    1.63306e+04    5.90258e+04    5.88531e+04    1.60788e+04    5.74244e+04
        LJ (SR)  Disper. corr.   Coulomb (SR)   Coul. recip.      Potential
    1.08344e+05   -1.01023e+04   -1.25315e+06    4.69282e+03   -9.42505e+05
    Kinetic En.   Total Energy  Conserved En.    Temperature Pres. DC (bar)
    2.23562e+05   -7.18944e+05   -7.16855e+05    3.12257e+02   -2.14851e+02
 Pressure (bar)   Constr. rmsd
    1.40942e+01    3.84140e-06

           Step           Time
           6000       12.00000

   Energies (kJ/mol)
           Bond          Angle Ryckaert-Bell.          LJ-14     Coulomb-14
    1.61463e+04    5.88734e+04    5.91674e+04    1.59215e+04    5.71369e+04
        LJ (SR)  Disper. corr.   Coulomb (SR)   Coul. recip.      Potential
    1.08373e+05   -1.01033e+04   -1.25137e+06    4.52058e+03   -9.41330e+05
    Kinetic En.   Total Energy  Conserved En.    Temperature Pres. DC (bar)
    2.21115e+05   -7.20215e+05   -7.16875e+05    3.08839e+02   -2.14895e+02
 Pressure (bar)   Constr. rmsd
   -1.01989e+02    3.84140e-06

           Step           Time
           6500       13.00000

   Energies (kJ/mol)
           Bond          Angle Ryckaert-Bell.          LJ-14     Coulomb-14
    1.61798e+04    5.88013e+04    5.88119e+04    1.61437e+04    5.76082e+04
        LJ (SR)  Disper. corr.   Coulomb (SR)   Coul. recip.      Potential
    1.08933e+05   -1.01035e+04   -1.25413e+06    4.67522e+03   -9.43076e+05
    Kinetic En.   Total Energy  Conserved En.    Temperature Pres. DC (bar)
    2.21193e+05   -7.21884e+05   -7.16870e+05    3.08948e+02   -2.14905e+02
 Pressure (bar)   Constr. rmsd
   -8.83724e+01    3.84140e-06

           Step           Time
           7000       14.00000

   Energies (kJ/mol)
           Bond          Angle Ryckaert-Bell.          LJ-14     Coulomb-14
    1.60991e+04    5.87404e+04    5.91268e+04    1.61676e+04    5.74091e+04
        LJ (SR)  Disper. corr.   Coulomb (SR)   Coul. recip.      Potential
    1.09206e+05   -1.01028e+04   -1.25274e+06    4.63526e+03   -9.41459e+05
    Kinetic En.   Total Energy  Conserved En.    Temperature Pres. DC (bar)
    2.22592e+05   -7.18866e+05   -7.16918e+05    3.10903e+02   -2.14875e+02
 Pressure (bar)   Constr. rmsd
    1.50563e+02    3.84140e-06

           Step           Time
           7500       15.00000

   Energies (kJ/mol)
           Bond          Angle Ryckaert-Bell.          LJ-14     Coulomb-14
    1.60808e+04    5.86022e+04    5.87575e+04    1.59696e+04    5.71262e+04
        LJ (SR)  Disper. corr.   Coulomb (SR)   Coul. recip.      Potential
    1.09478e+05   -1.01030e+04   -1.25412e+06    4.69007e+03   -9.43522e+05
    Kinetic En.   Total Energy  Conserved En.    Temperature Pres. DC (bar)
    2.21373e+05   -7.22149e+05   -7.16886e+05    3.09201e+02   -2.14882e+02
 Pressure (bar)   Constr. rmsd
   -3.92468e+01    3.84140e-06

           Step           Time
           8000       16.00000

   Energies (kJ/mol)
           Bond          Angle Ryckaert-Bell.          LJ-14     Coulomb-14
    1.62103e+04    5.86134e+04    5.86935e+04    1.59762e+04    5.71074e+04
        LJ (SR)  Disper. corr.   Coulomb (SR)   Coul. recip.      Potential
    1.09673e+05   -1.01029e+04   -1.25326e+06    4.72347e+03   -9.42362e+05
    Kinetic En.   Total Energy  Conserved En.    Temperature Pres. DC (bar)
    2.20882e+05   -7.21481e+05   -7.16912e+05    3.08514e+02   -2.14876e+02
 Pressure (bar)   Constr. rmsd
    6.74064e+01    3.84140e-06

           Step           Time
           8500       17.00000

   Energies (kJ/mol)
           Bond          Angle Ryckaert-Bell.          LJ-14     Coulomb-14
    1.60335e+04    5.94567e+04    5.90770e+04    1.62145e+04    5.74999e+04
        LJ (SR)  Disper. corr.   Coulomb (SR)   Coul. recip.      Potential
    1.08446e+05   -1.00962e+04   -1.25072e+06    4.76063e+03   -9.39328e+05
    Kinetic En.   Total Energy  Conserved En.    Temperature Pres. DC (bar)
    2.20446e+05   -7.18882e+05   -7.16805e+05    3.07905e+02   -2.14592e+02
 Pressure (bar)   Constr. rmsd
    3.08380e+02    3.84140e-06

           Step           Time
           9000       18.00000

   Energies (kJ/mol)
           Bond          Angle Ryckaert-Bell.          LJ-14     Coulomb-14
    1.59898e+04    5.92748e+04    5.90795e+04    1.61676e+04    5.71270e+04
        LJ (SR)  Disper. corr.   Coulomb (SR)   Coul. recip.      Potential
    1.07481e+05   -1.00894e+04   -1.25065e+06    4.68480e+03   -9.40936e+05
    Kinetic En.   Total Energy  Conserved En.    Temperature Pres. DC (bar)
    2.22294e+05   -7.18641e+05   -7.16931e+05    3.10487e+02   -2.14304e+02
 Pressure (bar)   Constr. rmsd
    2.47681e+02    3.84140e-06

           Step           Time
           9500       19.00000

   Energies (kJ/mol)
           Bond          Angle Ryckaert-Bell.          LJ-14     Coulomb-14
    1.63127e+04    5.94977e+04    5.91751e+04    1.60455e+04    5.70671e+04
        LJ (SR)  Disper. corr.   Coulomb (SR)   Coul. recip.      Potential
    1.08425e+05   -1.00881e+04   -1.25081e+06    4.77055e+03   -9.39602e+05
    Kinetic En.   Total Energy  Conserved En.    Temperature Pres. DC (bar)
    2.22092e+05   -7.17510e+05   -7.16895e+05    3.10204e+02   -2.14250e+02
 Pressure (bar)   Constr. rmsd
   -1.32246e+02    3.84140e-06

           Step           Time
          10000       20.00000

   Energies (kJ/mol)
           Bond          Angle Ryckaert-Bell.          LJ-14     Coulomb-14
    1.60668e+04    5.95020e+04    5.90821e+04    1.59452e+04    5.69987e+04
        LJ (SR)  Disper. corr.   Coulomb (SR)   Coul. recip.      Potential
    1.07600e+05   -1.00908e+04   -1.24980e+06    4.80587e+03   -9.39887e+05
    Kinetic En.   Total Energy  Conserved En.    Temperature Pres. DC (bar)
    2.20856e+05   -7.19031e+05   -7.16847e+05    3.08478e+02   -2.14363e+02
 Pressure (bar)   Constr. rmsd
   -2.03131e+01    3.84140e-06

           Step           Time
          10500       21.00000

   Energies (kJ/mol)
           Bond          Angle Ryckaert-Bell.          LJ-14     Coulomb-14
    1.59416e+04    5.91061e+04    5.88417e+04    1.60667e+04    5.69996e+04
        LJ (SR)  Disper. corr.   Coulomb (SR)   Coul. recip.      Potential
    1.09220e+05   -1.00860e+04   -1.25167e+06    4.76201e+03   -9.40822e+05
    Kinetic En.   Total Energy  Conserved En.    Temperature Pres. DC (bar)
    2.20535e+05   -7.20287e+05   -7.16863e+05    3.08029e+02   -2.14162e+02
 Pressure (bar)   Constr. rmsd
    1.38002e+02    3.84140e-06

           Step           Time
          11000       22.00000

   Energies (kJ/mol)
           Bond          Angle Ryckaert-Bell.          LJ-14     Coulomb-14
    1.60167e+04    5.82538e+04    5.85766e+04    1.59950e+04    5.69679e+04
        LJ (SR)  Disper. corr.   Coulomb (SR)   Coul. recip.      Potential
    1.08726e+05   -1.00889e+04   -1.25355e+06    4.72882e+03   -9.44379e+05
    Kinetic En.   Total Energy  Conserved En.    Temperature Pres. DC (bar)
    2.20856e+05   -7.23523e+05   -7.16969e+05    3.08478e+02   -2.14285e+02
 Pressure (bar)   Constr. rmsd
    5.95326e+01    3.84140e-06

           Step           Time
          11500       23.00000

   Energies (kJ/mol)
           Bond          Angle Ryckaert-Bell.          LJ-14     Coulomb-14
    1.64409e+04    5.91180e+04    5.87537e+04    1.59671e+04    5.72549e+04
        LJ (SR)  Disper. corr.   Coulomb (SR)   Coul. recip.      Potential
    1.08287e+05   -1.00903e+04   -1.25141e+06    4.74573e+03   -9.40932e+05
    Kinetic En.   Total Energy  Conserved En.    Temperature Pres. DC (bar)
    2.23164e+05   -7.17768e+05   -7.16922e+05    3.11702e+02   -2.14341e+02
 Pressure (bar)   Constr. rmsd
   -1.00107e+02    3.84140e-06

           Step           Time
          12000       24.00000

   Energies (kJ/mol)
           Bond          Angle Ryckaert-Bell.          LJ-14     Coulomb-14
    1.64080e+04    5.92526e+04    5.86174e+04    1.60900e+04    5.71363e+04
        LJ (SR)  Disper. corr.   Coulomb (SR)   Coul. recip.      Potential
    1.09564e+05   -1.00934e+04   -1.25191e+06    4.65392e+03   -9.40282e+05
    Kinetic En.   Total Energy  Conserved En.    Temperature Pres. DC (bar)
    2.21495e+05   -7.18787e+05   -7.16867e+05    3.09371e+02   -2.14474e+02
 Pressure (bar)   Constr. rmsd
    6.15270e+01    3.84140e-06

           Step           Time
          12500       25.00000

   Energies (kJ/mol)
           Bond          Angle Ryckaert-Bell.          LJ-14     Coulomb-14
    1.62404e+04    5.96420e+04    5.87060e+04    1.59640e+04    5.74859e+04
        LJ (SR)  Disper. corr.   Coulomb (SR)   Coul. recip.      Potential
    1.07620e+05   -1.00870e+04   -1.25010e+06    4.72258e+03   -9.39804e+05
    Kinetic En.   Total Energy  Conserved En.    Temperature Pres. DC (bar)
    2.22715e+05   -7.17088e+05   -7.16961e+05    3.11075e+02   -2.14201e+02
 Pressure (bar)   Constr. rmsd
    1.23241e+02    3.84140e-06

           Step           Time
          13000       26.00000

   Energies (kJ/mol)
           Bond          Angle Ryckaert-Bell.          LJ-14     Coulomb-14
    1.60434e+04    5.92701e+04    5.91593e+04    1.61983e+04    5.77266e+04
        LJ (SR)  Disper. corr.   Coulomb (SR)   Coul. recip.      Potential
    1.07487e+05   -1.00823e+04   -1.25043e+06    4.72976e+03   -9.39897e+05
    Kinetic En.   Total Energy  Conserved En.    Temperature Pres. DC (bar)
    2.20995e+05   -7.18902e+05   -7.16962e+05    3.08672e+02   -2.14001e+02
 Pressure (bar)   Constr. rmsd
   -2.37212e+01    3.84140e-06

           Step           Time
          13500       27.00000

   Energies (kJ/mol)
           Bond          Angle Ryckaert-Bell.          LJ-14     Coulomb-14
    1.62982e+04    5.86165e+04    5.88302e+04    1.59668e+04    5.75346e+04
        LJ (SR)  Disper. corr.   Coulomb (SR)   Coul. recip.      Potential
    1.08136e+05   -1.00837e+04   -1.25050e+06    4.76394e+03   -9.40435e+05
    Kinetic En.   Total Energy  Conserved En.    Temperature Pres. DC (bar)
    2.21701e+05   -7.18734e+05   -7.16951e+05    3.09658e+02   -2.14062e+02
 Pressure (bar)   Constr. rmsd
   -1.50209e+01    3.84140e-06

           Step           Time
          14000       28.00000

   Energies (kJ/mol)
           Bond          Angle Ryckaert-Bell.          LJ-14     Coulomb-14
    1.60399e+04    5.85403e+04    5.86648e+04    1.59959e+04    5.73030e+04
        LJ (SR)  Disper. corr.   Coulomb (SR)   Coul. recip.      Potential
    1.08696e+05   -1.00815e+04   -1.25264e+06    4.81345e+03   -9.42665e+05
    Kinetic En.   Total Energy  Conserved En.    Temperature Pres. DC (bar)
    2.22096e+05   -7.20569e+05   -7.16997e+05    3.10210e+02   -2.13969e+02
 Pressure (bar)   Constr. rmsd
   -1.04621e+02    3.84140e-06

           Step           Time
          14500       29.00000

   Energies (kJ/mol)
           Bond          Angle Ryckaert-Bell.          LJ-14     Coulomb-14
    1.62489e+04    5.99438e+04    5.90768e+04    1.60960e+04    5.70255e+04
        LJ (SR)  Disper. corr.   Coulomb (SR)   Coul. recip.      Potential
    1.08576e+05   -1.00844e+04   -1.25310e+06    4.84569e+03   -9.41373e+05
    Kinetic En.   Total Energy  Conserved En.    Temperature Pres. DC (bar)
    2.23485e+05   -7.17888e+05   -7.16969e+05    3.12149e+02   -2.14092e+02
 Pressure (bar)   Constr. rmsd
   -1.99791e+01    3.84140e-06

           Step           Time
          15000       30.00000

   Energies (kJ/mol)
           Bond          Angle Ryckaert-Bell.          LJ-14     Coulomb-14
    1.61596e+04    5.94310e+04    5.88071e+04    1.60821e+04    5.70701e+04
        LJ (SR)  Disper. corr.   Coulomb (SR)   Coul. recip.      Potential
    1.08921e+05   -1.00880e+04   -1.25306e+06    4.73004e+03   -9.41945e+05
    Kinetic En.   Total Energy  Conserved En.    Temperature Pres. DC (bar)
    2.22238e+05   -7.19708e+05   -7.16969e+05    3.10408e+02   -2.14243e+02
 Pressure (bar)   Constr. rmsd
   -7.92195e+01    3.84140e-06

           Step           Time
          15500       31.00000

   Energies (kJ/mol)
           Bond          Angle Ryckaert-Bell.          LJ-14     Coulomb-14
    1.60119e+04    5.87533e+04    5.86440e+04    1.59827e+04    5.72999e+04
        LJ (SR)  Disper. corr.   Coulomb (SR)   Coul. recip.      Potential
    1.09383e+05   -1.00920e+04   -1.25613e+06    4.60604e+03   -9.45543e+05
    Kinetic En.   Total Energy  Conserved En.    Temperature Pres. DC (bar)
    2.21778e+05   -7.23765e+05   -7.17047e+05    3.09765e+02   -2.14412e+02
 Pressure (bar)   Constr. rmsd
    6.71702e+01    3.84140e-06

           Step           Time
          16000       32.00000

   Energies (kJ/mol)
           Bond          Angle Ryckaert-Bell.          LJ-14     Coulomb-14
    1.61370e+04    5.94951e+04    5.87894e+04    1.59307e+04    5.71849e+04
        LJ (SR)  Disper. corr.   Coulomb (SR)   Coul. recip.      Potential
    1.08001e+05   -1.00931e+04   -1.25092e+06    4.73142e+03   -9.40748e+05
    Kinetic En.   Total Energy  Conserved En.    Temperature Pres. DC (bar)
    2.21807e+05   -7.18940e+05   -7.16959e+05    3.09807e+02   -2.14461e+02
 Pressure (bar)   Constr. rmsd
   -1.21354e+02    3.84140e-06

           Step           Time
          16500       33.00000

   Energies (kJ/mol)
           Bond          Angle Ryckaert-Bell.          LJ-14     Coulomb-14
    1.62248e+04    5.86976e+04    5.87323e+04    1.60351e+04    5.73221e+04
        LJ (SR)  Disper. corr.   Coulomb (SR)   Coul. recip.      Potential
    1.09716e+05   -1.00877e+04   -1.25437e+06    4.78278e+03   -9.42948e+05
    Kinetic En.   Total Energy  Conserved En.    Temperature Pres. DC (bar)
    2.21935e+05   -7.21013e+05   -7.17001e+05    3.09985e+02   -2.14231e+02
 Pressure (bar)   Constr. rmsd
    1.42187e+02    3.84140e-06

           Step           Time
          17000       34.00000

   Energies (kJ/mol)
           Bond          Angle Ryckaert-Bell.          LJ-14     Coulomb-14
    1.63696e+04    5.94621e+04    5.89111e+04    1.59296e+04    5.73031e+04
        LJ (SR)  Disper. corr.   Coulomb (SR)   Coul. recip.      Potential
    1.09071e+05   -1.00945e+04   -1.25319e+06    4.75785e+03   -9.41476e+05
    Kinetic En.   Total Energy  Conserved En.    Temperature Pres. DC (bar)
    2.22668e+05   -7.18807e+05   -7.17002e+05    3.11009e+02   -2.14518e+02
 Pressure (bar)   Constr. rmsd
   -2.09441e+01    3.84140e-06

           Step           Time
          17500       35.00000

   Energies (kJ/mol)
           Bond          Angle Ryckaert-Bell.          LJ-14     Coulomb-14
    1.63470e+04    5.90937e+04    5.88968e+04    1.60135e+04    5.72321e+04
        LJ (SR)  Disper. corr.   Coulomb (SR)   Coul. recip.      Potential
    1.09350e+05   -1.00976e+04   -1.25418e+06    4.62445e+03   -9.42718e+05
    Kinetic En.   Total Energy  Conserved En.    Temperature Pres. DC (bar)
    2.23059e+05   -7.19659e+05   -7.17060e+05    3.11554e+02   -2.14654e+02
 Pressure (bar)   Constr. rmsd
   -8.46434e+00    3.84140e-06

           Step           Time
          18000       36.00000

   Energies (kJ/mol)
           Bond          Angle Ryckaert-Bell.          LJ-14     Coulomb-14
    1.60116e+04    5.91125e+04    5.87163e+04    1.58522e+04    5.72907e+04
        LJ (SR)  Disper. corr.   Coulomb (SR)   Coul. recip.      Potential
    1.07796e+05   -1.00959e+04   -1.25302e+06    4.66159e+03   -9.43678e+05
    Kinetic En.   Total Energy  Conserved En.    Temperature Pres. DC (bar)
    2.20005e+05   -7.23673e+05   -7.17010e+05    3.07289e+02   -2.14581e+02
 Pressure (bar)   Constr. rmsd
   -1.23424e+02    3.84140e-06

           Step           Time
          18500       37.00000

   Energies (kJ/mol)
           Bond          Angle Ryckaert-Bell.          LJ-14     Coulomb-14
    1.60465e+04    5.99244e+04    5.89084e+04    1.59377e+04    5.73923e+04
        LJ (SR)  Disper. corr.   Coulomb (SR)   Coul. recip.      Potential
    1.07919e+05   -1.00986e+04   -1.25170e+06    4.80935e+03   -9.40861e+05
    Kinetic En.   Total Energy  Conserved En.    Temperature Pres. DC (bar)
    2.23525e+05   -7.17336e+05   -7.17047e+05    3.12206e+02   -2.14695e+02
 Pressure (bar)   Constr. rmsd
    2.26732e+02    3.84140e-06

           Step           Time
          19000       38.00000

   Energies (kJ/mol)
           Bond          Angle Ryckaert-Bell.          LJ-14     Coulomb-14
    1.59562e+04    5.92479e+04    5.87420e+04    1.59069e+04    5.72549e+04
        LJ (SR)  Disper. corr.   Coulomb (SR)   Coul. recip.      Potential
    1.07737e+05   -1.00975e+04   -1.25193e+06    4.68433e+03   -9.42502e+05
    Kinetic En.   Total Energy  Conserved En.    Temperature Pres. DC (bar)
    2.22064e+05   -7.20438e+05   -7.17061e+05    3.10165e+02   -2.14646e+02
 Pressure (bar)   Constr. rmsd
   -1.80728e+01    3.84140e-06

           Step           Time
          19500       39.00000

   Energies (kJ/mol)
           Bond          Angle Ryckaert-Bell.          LJ-14     Coulomb-14
    1.61887e+04    5.88567e+04    5.88191e+04    1.60364e+04    5.73023e+04
        LJ (SR)  Disper. corr.   Coulomb (SR)   Coul. recip.      Potential
    1.09500e+05   -1.01063e+04   -1.25478e+06    4.67499e+03   -9.43512e+05
    Kinetic En.   Total Energy  Conserved En.    Temperature Pres. DC (bar)
    2.21690e+05   -7.21822e+05   -7.17096e+05    3.09643e+02   -2.15020e+02
 Pressure (bar)   Constr. rmsd
    6.51994e+00    3.84140e-06

           Step           Time
          20000       40.00000

   Energies (kJ/mol)
           Bond          Angle Ryckaert-Bell.          LJ-14     Coulomb-14
    1.65054e+04    5.92156e+04    5.88307e+04    1.60394e+04    5.70674e+04
        LJ (SR)  Disper. corr.   Coulomb (SR)   Coul. recip.      Potential
    1.08380e+05   -1.01061e+04   -1.25139e+06    4.70425e+03   -9.40758e+05
    Kinetic En.   Total Energy  Conserved En.    Temperature Pres. DC (bar)
    2.20366e+05   -7.20391e+05   -7.17020e+05    3.07794e+02   -2.15015e+02
 Pressure (bar)   Constr. rmsd
    2.31033e+01    3.84140e-06

           Step           Time
          20500       41.00000

   Energies (kJ/mol)
           Bond          Angle Ryckaert-Bell.          LJ-14     Coulomb-14
    1.60945e+04    5.94571e+04    5.87982e+04    1.61953e+04    5.74421e+04
        LJ (SR)  Disper. corr.   Coulomb (SR)   Coul. recip.      Potential
    1.06310e+05   -1.01109e+04   -1.24993e+06    4.77751e+03   -9.40964e+05
    Kinetic En.   Total Energy  Conserved En.    Temperature Pres. DC (bar)
    2.22790e+05   -7.18174e+05   -7.17094e+05    3.11179e+02   -2.15217e+02
 Pressure (bar)   Constr. rmsd
   -9.25925e+01    3.84140e-06

           Step           Time
          21000       42.00000

   Energies (kJ/mol)
           Bond          Angle Ryckaert-Bell.          LJ-14     Coulomb-14
    1.60819e+04    5.98976e+04    5.91253e+04    1.58398e+04    5.68691e+04
        LJ (SR)  Disper. corr.   Coulomb (SR)   Coul. recip.      Potential
    1.07100e+05   -1.01117e+04   -1.25053e+06    4.80679e+03   -9.40925e+05
    Kinetic En.   Total Energy  Conserved En.    Temperature Pres. DC (bar)
    2.23234e+05   -7.17690e+05   -7.17070e+05    3.11799e+02   -2.15252e+02
 Pressure (bar)   Constr. rmsd
   -2.34698e+02    3.84140e-06

           Step           Time
          21500       43.00000

   Energies (kJ/mol)
           Bond          Angle Ryckaert-Bell.          LJ-14     Coulomb-14
    1.60796e+04    5.94399e+04    5.88977e+04    1.59571e+04    5.69521e+04
        LJ (SR)  Disper. corr.   Coulomb (SR)   Coul. recip.      Potential
    1.08705e+05   -1.01130e+04   -1.25206e+06    4.79175e+03   -9.41350e+05
    Kinetic En.   Total Energy  Conserved En.    Temperature Pres. DC (bar)
    2.23570e+05   -7.17780e+05   -7.17119e+05    3.12269e+02   -2.15308e+02
 Pressure (bar)   Constr. rmsd
   -3.09337e+02    3.84140e-06

           Step           Time
          22000       44.00000

   Energies (kJ/mol)
           Bond          Angle Ryckaert-Bell.          LJ-14     Coulomb-14
    1.63359e+04    5.93227e+04    5.92252e+04    1.60226e+04    5.75225e+04
        LJ (SR)  Disper. corr.   Coulomb (SR)   Coul. recip.      Potential
    1.08463e+05   -1.01115e+04   -1.25246e+06    4.63271e+03   -9.41046e+05
    Kinetic En.   Total Energy  Conserved En.    Temperature Pres. DC (bar)
    2.23703e+05   -7.17343e+05   -7.17120e+05    3.12454e+02   -2.15245e+02
 Pressure (bar)   Constr. rmsd
    3.58551e+01    3.84140e-06

           Step           Time
          22500       45.00000

   Energies (kJ/mol)
           Bond          Angle Ryckaert-Bell.          LJ-14     Coulomb-14
    1.59738e+04    5.88106e+04    5.89175e+04    1.62003e+04    5.73351e+04
        LJ (SR)  Disper. corr.   Coulomb (SR)   Coul. recip.      Potential
    1.08157e+05   -1.01074e+04   -1.25295e+06    4.85418e+03   -9.42813e+05
    Kinetic En.   Total Energy  Conserved En.    Temperature Pres. DC (bar)
    2.21236e+05   -7.21577e+05   -7.17138e+05    3.09008e+02   -2.15068e+02
 Pressure (bar)   Constr. rmsd
    1.89577e+02    3.84140e-06

           Step           Time
          23000       46.00000

   Energies (kJ/mol)
           Bond          Angle Ryckaert-Bell.          LJ-14     Coulomb-14
    1.64310e+04    5.91610e+04    5.89473e+04    1.61576e+04    5.70702e+04
        LJ (SR)  Disper. corr.   Coulomb (SR)   Coul. recip.      Potential
    1.07880e+05   -1.01055e+04   -1.25128e+06    4.84630e+03   -9.40887e+05
    Kinetic En.   Total Energy  Conserved En.    Temperature Pres. DC (bar)
    2.21377e+05   -7.19510e+05   -7.17139e+05    3.09205e+02   -2.14990e+02
 Pressure (bar)   Constr. rmsd
    3.48231e+01    3.84140e-06

           Step           Time
          23500       47.00000

   Energies (kJ/mol)
           Bond          Angle Ryckaert-Bell.          LJ-14     Coulomb-14
    1.67703e+04    5.81864e+04    5.87783e+04    1.60836e+04    5.72318e+04
        LJ (SR)  Disper. corr.   Coulomb (SR)   Coul. recip.      Potential
    1.09125e+05   -1.01074e+04   -1.25384e+06    4.78082e+03   -9.42993e+05
    Kinetic En.   Total Energy  Conserved En.    Temperature Pres. DC (bar)
    2.20429e+05   -7.22564e+05   -7.17145e+05    3.07881e+02   -2.15067e+02
 Pressure (bar)   Constr. rmsd
    1.25319e+02    3.84140e-06

           Step           Time
          24000       48.00000

   Energies (kJ/mol)
           Bond          Angle Ryckaert-Bell.          LJ-14     Coulomb-14
    1.63409e+04    5.90584e+04    5.90511e+04    1.62463e+04    5.72524e+04
        LJ (SR)  Disper. corr.   Coulomb (SR)   Coul. recip.      Potential
    1.07789e+05   -1.00993e+04   -1.25101e+06    4.65504e+03   -9.40714e+05
    Kinetic En.   Total Energy  Conserved En.    Temperature Pres. DC (bar)
    2.22557e+05   -7.18156e+05   -7.17160e+05    3.10854e+02   -2.14725e+02
 Pressure (bar)   Constr. rmsd
    9.28607e+01    3.84140e-06

           Step           Time
          24500       49.00000

   Energies (kJ/mol)
           Bond          Angle Ryckaert-Bell.          LJ-14     Coulomb-14
    1.58571e+04    5.92700e+04    5.85305e+04    1.60452e+04    5.73065e+04
        LJ (SR)  Disper. corr.   Coulomb (SR)   Coul. recip.      Potential
    1.07799e+05   -1.00966e+04   -1.25255e+06    4.68739e+03   -9.43151e+05
    Kinetic En.   Total Energy  Conserved En.    Temperature Pres. DC (bar)
    2.21371e+05   -7.21780e+05   -7.17194e+05    3.09197e+02   -2.14608e+02
 Pressure (bar)   Constr. rmsd
    9.56001e+01    3.84140e-06

           Step           Time
          25000       50.00000

   Energies (kJ/mol)
           Bond          Angle Ryckaert-Bell.          LJ-14     Coulomb-14
    1.62314e+04    5.93347e+04    5.91327e+04    1.62188e+04    5.72275e+04
        LJ (SR)  Disper. corr.   Coulomb (SR)   Coul. recip.      Potential
    1.07430e+05   -1.00943e+04   -1.25060e+06    4.69909e+03   -9.40417e+05
    Kinetic En.   Total Energy  Conserved En.    Temperature Pres. DC (bar)
    2.21649e+05   -7.18767e+05   -7.17140e+05    3.09586e+02   -2.14511e+02
 Pressure (bar)   Constr. rmsd
    6.09147e+01    3.84140e-06

           Step           Time
          25500       51.00000

   Energies (kJ/mol)
           Bond          Angle Ryckaert-Bell.          LJ-14     Coulomb-14
    1.63737e+04    5.87936e+04    5.88493e+04    1.59087e+04    5.74341e+04
        LJ (SR)  Disper. corr.   Coulomb (SR)   Coul. recip.      Potential
    1.09569e+05   -1.00991e+04   -1.25410e+06    4.71561e+03   -9.42556e+05
    Kinetic En.   Total Energy  Conserved En.    Temperature Pres. DC (bar)
    2.22334e+05   -7.20222e+05   -7.17183e+05    3.10542e+02   -2.14715e+02
 Pressure (bar)   Constr. rmsd
   -1.17246e+02    3.84140e-06

           Step           Time
          26000       52.00000

   Energies (kJ/mol)
           Bond          Angle Ryckaert-Bell.          LJ-14     Coulomb-14
    1.62640e+04    5.94058e+04    5.87635e+04    1.60135e+04    5.72519e+04
        LJ (SR)  Disper. corr.   Coulomb (SR)   Coul. recip.      Potential
    1.05937e+05   -1.00980e+04   -1.25168e+06    4.74315e+03   -9.43400e+05
    Kinetic En.   Total Energy  Conserved En.    Temperature Pres. DC (bar)
    2.21201e+05   -7.22199e+05   -7.17166e+05    3.08959e+02   -2.14669e+02
 Pressure (bar)   Constr. rmsd
   -2.53893e+02    3.84140e-06

           Step           Time
          26500       53.00000

   Energies (kJ/mol)
           Bond          Angle Ryckaert-Bell.          LJ-14     Coulomb-14
    1.60022e+04    5.87675e+04    5.88793e+04    1.60352e+04    5.70396e+04
        LJ (SR)  Disper. corr.   Coulomb (SR)   Coul. recip.      Potential
    1.07506e+05   -1.00955e+04   -1.25312e+06    4.67676e+03   -9.44310e+05
    Kinetic En.   Total Energy  Conserved En.    Temperature Pres. DC (bar)
    2.20331e+05   -7.23979e+05   -7.17207e+05    3.07745e+02   -2.14563e+02
 Pressure (bar)   Constr. rmsd
    1.84724e+01    3.84140e-06

           Step           Time
          27000       54.00000

   Energies (kJ/mol)
           Bond          Angle Ryckaert-Bell.          LJ-14     Coulomb-14
    1.60066e+04    5.85811e+04    5.88759e+04    1.61419e+04    5.73444e+04
        LJ (SR)  Disper. corr.   Coulomb (SR)   Coul. recip.      Potential
    1.09000e+05   -1.01026e+04   -1.25397e+06    4.59510e+03   -9.43527e+05
    Kinetic En.   Total Energy  Conserved En.    Temperature Pres. DC (bar)
    2.20222e+05   -7.23306e+05   -7.17193e+05    3.07592e+02   -2.14866e+02
 Pressure (bar)   Constr. rmsd
    8.77089e+01    3.84140e-06

           Step           Time
          27500       55.00000

   Energies (kJ/mol)
           Bond          Angle Ryckaert-Bell.          LJ-14     Coulomb-14
    1.61771e+04    5.90781e+04    5.90678e+04    1.58814e+04    5.74043e+04
        LJ (SR)  Disper. corr.   Coulomb (SR)   Coul. recip.      Potential
    1.09064e+05   -1.01064e+04   -1.25411e+06    4.74652e+03   -9.42800e+05
    Kinetic En.   Total Energy  Conserved En.    Temperature Pres. DC (bar)
    2.21681e+05   -7.21119e+05   -7.17221e+05    3.09630e+02   -2.15027e+02
 Pressure (bar)   Constr. rmsd
    2.06860e+01    3.84140e-06

           Step           Time
          28000       56.00000

   Energies (kJ/mol)
           Bond          Angle Ryckaert-Bell.          LJ-14     Coulomb-14
    1.61679e+04    5.94738e+04    5.88852e+04    1.61549e+04    5.73519e+04
        LJ (SR)  Disper. corr.   Coulomb (SR)   Coul. recip.      Potential
    1.09359e+05   -1.01028e+04   -1.25337e+06    4.63765e+03   -9.41443e+05
    Kinetic En.   Total Energy  Conserved En.    Temperature Pres. DC (bar)
    2.21687e+05   -7.19755e+05   -7.17180e+05    3.09639e+02   -2.14873e+02
 Pressure (bar)   Constr. rmsd
    1.80210e+02    3.84140e-06

           Step           Time
          28500       57.00000

   Energies (kJ/mol)
           Bond          Angle Ryckaert-Bell.          LJ-14     Coulomb-14
    1.63447e+04    5.91725e+04    5.92493e+04    1.61652e+04    5.75797e+04
        LJ (SR)  Disper. corr.   Coulomb (SR)   Coul. recip.      Potential
    1.08059e+05   -1.01012e+04   -1.25358e+06    4.85169e+03   -9.42256e+05
    Kinetic En.   Total Energy  Conserved En.    Temperature Pres. DC (bar)
    2.24087e+05   -7.18169e+05   -7.17272e+05    3.12991e+02   -2.14807e+02
 Pressure (bar)   Constr. rmsd
    7.23623e+00    3.84140e-06

           Step           Time
          29000       58.00000

   Energies (kJ/mol)
           Bond          Angle Ryckaert-Bell.          LJ-14     Coulomb-14
    1.62990e+04    5.92420e+04    5.89341e+04    1.59914e+04    5.76715e+04
        LJ (SR)  Disper. corr.   Coulomb (SR)   Coul. recip.      Potential
    1.07969e+05   -1.00950e+04   -1.25309e+06    4.72373e+03   -9.42355e+05
    Kinetic En.   Total Energy  Conserved En.    Temperature Pres. DC (bar)
    2.22591e+05   -7.19764e+05   -7.17206e+05    3.10901e+02   -2.14542e+02
 Pressure (bar)   Constr. rmsd
    7.57559e+01    3.84140e-06

           Step           Time
          29500       59.00000

   Energies (kJ/mol)
           Bond          Angle Ryckaert-Bell.          LJ-14     Coulomb-14
    1.63525e+04    5.84592e+04    5.87868e+04    1.60512e+04    5.73278e+04
        LJ (SR)  Disper. corr.   Coulomb (SR)   Coul. recip.      Potential
    1.06501e+05   -1.00928e+04   -1.25076e+06    4.70382e+03   -9.42674e+05
    Kinetic En.   Total Energy  Conserved En.    Temperature Pres. DC (bar)
    2.22174e+05   -7.20499e+05   -7.17288e+05    3.10319e+02   -2.14447e+02
 Pressure (bar)   Constr. rmsd
   -2.00396e+02    3.84140e-06

           Step           Time
          30000       60.00000

   Energies (kJ/mol)
           Bond          Angle Ryckaert-Bell.          LJ-14     Coulomb-14
    1.60240e+04    5.85221e+04    5.87479e+04    1.61357e+04    5.74910e+04
        LJ (SR)  Disper. corr.   Coulomb (SR)   Coul. recip.      Potential
    1.08783e+05   -1.00938e+04   -1.25318e+06    4.64490e+03   -9.42926e+05
    Kinetic En.   Total Energy  Conserved En.    Temperature Pres. DC (bar)
    2.20492e+05   -7.22434e+05   -7.17315e+05    3.07970e+02   -2.14491e+02
 Pressure (bar)   Constr. rmsd
   -1.00351e+01    3.84140e-06

           Step           Time
          30500       61.00000

   Energies (kJ/mol)
           Bond          Angle Ryckaert-Bell.          LJ-14     Coulomb-14
    1.59499e+04    5.90708e+04    5.88981e+04    1.58115e+04    5.70526e+04
        LJ (SR)  Disper. corr.   Coulomb (SR)   Coul. recip.      Potential
    1.08388e+05   -1.00950e+04   -1.25171e+06    4.74067e+03   -9.41897e+05
    Kinetic En.   Total Energy  Conserved En.    Temperature Pres. DC (bar)
    2.21379e+05   -7.20518e+05   -7.17300e+05    3.09209e+02   -2.14541e+02
 Pressure (bar)   Constr. rmsd
   -2.17469e+02    3.84140e-06

           Step           Time
          31000       62.00000

   Energies (kJ/mol)
           Bond          Angle Ryckaert-Bell.          LJ-14     Coulomb-14
    1.59642e+04    5.87643e+04    5.87466e+04    1.59922e+04    5.74092e+04
        LJ (SR)  Disper. corr.   Coulomb (SR)   Coul. recip.      Potential
    1.08249e+05   -1.00894e+04   -1.25269e+06    4.75240e+03   -9.42901e+05
    Kinetic En.   Total Energy  Conserved En.    Temperature Pres. DC (bar)
    2.21690e+05   -7.21212e+05   -7.17355e+05    3.09642e+02   -2.14303e+02
 Pressure (bar)   Constr. rmsd
   -6.10551e+01    3.84140e-06

           Step           Time
          31500       63.00000

   Energies (kJ/mol)
           Bond          Angle Ryckaert-Bell.          LJ-14     Coulomb-14
    1.64466e+04    5.92464e+04    5.86897e+04    1.60246e+04    5.74137e+04
        LJ (SR)  Disper. corr.   Coulomb (SR)   Coul. recip.      Potential
    1.09533e+05   -1.00884e+04   -1.25293e+06    4.65545e+03   -9.41014e+05
    Kinetic En.   Total Energy  Conserved En.    Temperature Pres. DC (bar)
    2.21581e+05   -7.19433e+05   -7.17261e+05    3.09491e+02   -2.14260e+02
 Pressure (bar)   Constr. rmsd
   -5.85608e+01    3.84140e-06

           Step           Time
          32000       64.00000

   Energies (kJ/mol)
           Bond          Angle Ryckaert-Bell.          LJ-14     Coulomb-14
    1.62599e+04    5.84234e+04    5.88938e+04    1.60384e+04    5.72720e+04
        LJ (SR)  Disper. corr.   Coulomb (SR)   Coul. recip.      Potential
    1.08354e+05   -1.00885e+04   -1.25231e+06    4.63705e+03   -9.42521e+05
    Kinetic En.   Total Energy  Conserved En.    Temperature Pres. DC (bar)
    2.20352e+05   -7.22169e+05   -7.17287e+05    3.07774e+02   -2.14267e+02
 Pressure (bar)   Constr. rmsd
    9.40116e+01    3.84140e-06

           Step           Time
          32500       65.00000

   Energies (kJ/mol)
           Bond          Angle Ryckaert-Bell.          LJ-14     Coulomb-14
    1.59104e+04    5.87113e+04    5.87322e+04    1.60474e+04    5.77369e+04
        LJ (SR)  Disper. corr.   Coulomb (SR)   Coul. recip.      Potential
    1.08493e+05   -1.00914e+04   -1.25347e+06    4.79249e+03   -9.43134e+05
    Kinetic En.   Total Energy  Conserved En.    Temperature Pres. DC (bar)
    2.19866e+05   -7.23267e+05   -7.17229e+05    3.07096e+02   -2.14390e+02
 Pressure (bar)   Constr. rmsd
   -2.16719e+02    3.84140e-06

           Step           Time
          33000       66.00000

   Energies (kJ/mol)
           Bond          Angle Ryckaert-Bell.          LJ-14     Coulomb-14
    1.62884e+04    5.92105e+04    5.87257e+04    1.61556e+04    5.71564e+04
        LJ (SR)  Disper. corr.   Coulomb (SR)   Coul. recip.      Potential
    1.08979e+05   -1.00944e+04   -1.25287e+06    4.75461e+03   -9.41689e+05
    Kinetic En.   Total Energy  Conserved En.    Temperature Pres. DC (bar)
    2.23318e+05   -7.18371e+05   -7.17351e+05    3.11917e+02   -2.14518e+02
 Pressure (bar)   Constr. rmsd
    8.16574e+01    3.84140e-06

           Step           Time
          33500       67.00000

   Energies (kJ/mol)
           Bond          Angle Ryckaert-Bell.          LJ-14     Coulomb-14
    1.62882e+04    5.92348e+04    5.86091e+04    1.61517e+04    5.72450e+04
        LJ (SR)  Disper. corr.   Coulomb (SR)   Coul. recip.      Potential
    1.07325e+05   -1.00951e+04   -1.25062e+06    4.75001e+03   -9.41110e+05
    Kinetic En.   Total Energy  Conserved En.    Temperature Pres. DC (bar)
    2.22718e+05   -7.18392e+05   -7.17300e+05    3.11079e+02   -2.14545e+02
 Pressure (bar)   Constr. rmsd
   -4.14534e+01    3.84140e-06

           Step           Time
          34000       68.00000

   Energies (kJ/mol)
           Bond          Angle Ryckaert-Bell.          LJ-14     Coulomb-14
    1.63705e+04    5.90528e+04    5.90118e+04    1.60977e+04    5.74564e+04
        LJ (SR)  Disper. corr.   Coulomb (SR)   Coul. recip.      Potential
    1.07930e+05   -1.01025e+04   -1.25176e+06    4.74491e+03   -9.41198e+05
    Kinetic En.   Total Energy  Conserved En.    Temperature Pres. DC (bar)
    2.22571e+05   -7.18627e+05   -7.17309e+05    3.10874e+02   -2.14859e+02
 Pressure (bar)   Constr. rmsd
    5.24357e+01    3.84140e-06

           Step           Time
          34500       69.00000

   Energies (kJ/mol)
           Bond          Angle Ryckaert-Bell.          LJ-14     Coulomb-14
    1.63134e+04    5.93073e+04    5.87728e+04    1.58430e+04    5.68476e+04
        LJ (SR)  Disper. corr.   Coulomb (SR)   Coul. recip.      Potential
    1.07901e+05   -1.01057e+04   -1.25143e+06    4.71715e+03   -9.41837e+05
    Kinetic En.   Total Energy  Conserved En.    Temperature Pres. DC (bar)
    2.20829e+05   -7.21008e+05   -7.17329e+05    3.08440e+02   -2.14998e+02
 Pressure (bar)   Constr. rmsd
   -2.22846e+02    3.84140e-06

           Step           Time
          35000       70.00000

   Energies (kJ/mol)
           Bond          Angle Ryckaert-Bell.          LJ-14     Coulomb-14
    1.60998e+04    5.96196e+04    5.88812e+04    1.61474e+04    5.72369e+04
        LJ (SR)  Disper. corr.   Coulomb (SR)   Coul. recip.      Potential
    1.08167e+05   -1.01034e+04   -1.25280e+06    4.62630e+03   -9.42126e+05
    Kinetic En.   Total Energy  Conserved En.    Temperature Pres. DC (bar)
    2.22785e+05   -7.19340e+05   -7.17315e+05    3.11173e+02   -2.14900e+02
 Pressure (bar)   Constr. rmsd
    1.48887e+02    3.84140e-06

           Step           Time
          35500       71.00000

   Energies (kJ/mol)
           Bond          Angle Ryckaert-Bell.          LJ-14     Coulomb-14
    1.61790e+04    6.00733e+04    5.87398e+04    1.58181e+04    5.74831e+04
        LJ (SR)  Disper. corr.   Coulomb (SR)   Coul. recip.      Potential
    1.08321e+05   -1.01024e+04   -1.25242e+06    4.78611e+03   -9.41126e+05
    Kinetic En.   Total Energy  Conserved En.    Temperature Pres. DC (bar)
    2.24550e+05   -7.16576e+05   -7.17396e+05    3.13638e+02   -2.14855e+02
 Pressure (bar)   Constr. rmsd
   -8.71246e+01    3.84140e-06

           Step           Time
          36000       72.00000

   Energies (kJ/mol)
           Bond          Angle Ryckaert-Bell.          LJ-14     Coulomb-14
    1.63026e+04    5.88087e+04    5.90227e+04    1.60538e+04    5.72407e+04
        LJ (SR)  Disper. corr.   Coulomb (SR)   Coul. recip.      Potential
    1.08263e+05   -1.01033e+04   -1.25289e+06    4.72143e+03   -9.42582e+05
    Kinetic En.   Total Energy  Conserved En.    Temperature Pres. DC (bar)
    2.22363e+05   -7.20219e+05   -7.17358e+05    3.10583e+02   -2.14893e+02
 Pressure (bar)   Constr. rmsd
   -5.86986e+01    3.84140e-06

           Step           Time
          36500       73.00000

   Energies (kJ/mol)
           Bond          Angle Ryckaert-Bell.          LJ-14     Coulomb-14
    1.60277e+04    5.89650e+04    5.89553e+04    1.59807e+04    5.72231e+04
        LJ (SR)  Disper. corr.   Coulomb (SR)   Coul. recip.      Potential
    1.07556e+05   -1.01036e+04   -1.25339e+06    4.78309e+03   -9.44006e+05
    Kinetic En.   Total Energy  Conserved En.    Temperature Pres. DC (bar)
    2.21053e+05   -7.22953e+05   -7.17368e+05    3.08753e+02   -2.14906e+02
 Pressure (bar)   Constr. rmsd
    5.41742e+01    3.84140e-06

           Step           Time
          37000       74.00000

   Energies (kJ/mol)
           Bond          Angle Ryckaert-Bell.          LJ-14     Coulomb-14
    1.57720e+04    5.94010e+04    5.84725e+04    1.61463e+04    5.73154e+04
        LJ (SR)  Disper. corr.   Coulomb (SR)   Coul. recip.      Potential
    1.08064e+05   -1.01087e+04   -1.25366e+06    4.70603e+03   -9.43894e+05
    Kinetic En.   Total Energy  Conserved En.    Temperature Pres. DC (bar)
    2.21048e+05   -7.22846e+05   -7.17353e+05    3.08747e+02   -2.15122e+02
 Pressure (bar)   Constr. rmsd
    1.00644e+02    3.84140e-06

           Step           Time
          37500       75.00000

   Energies (kJ/mol)
           Bond          Angle Ryckaert-Bell.          LJ-14     Coulomb-14
    1.62934e+04    5.96911e+04    5.86917e+04    1.61605e+04    5.72772e+04
        LJ (SR)  Disper. corr.   Coulomb (SR)   Coul. recip.      Potential
    1.06943e+05   -1.01050e+04   -1.25088e+06    4.69049e+03   -9.41233e+05
    Kinetic En.   Total Energy  Conserved En.    Temperature Pres. DC (bar)
    2.22403e+05   -7.18830e+05   -7.17388e+05    3.10638e+02   -2.14967e+02
 Pressure (bar)   Constr. rmsd
    2.60929e+02    3.84140e-06

           Step           Time
          38000       76.00000

   Energies (kJ/mol)
           Bond          Angle Ryckaert-Bell.          LJ-14     Coulomb-14
    1.59292e+04    5.94722e+04    5.88411e+04    1.61221e+04    5.71500e+04
        LJ (SR)  Disper. corr.   Coulomb (SR)   Coul. recip.      Potential
    1.07573e+05   -1.01081e+04   -1.25175e+06    4.72958e+03   -9.42036e+05
    Kinetic En.   Total Energy  Conserved En.    Temperature Pres. DC (bar)
    2.21917e+05   -7.20119e+05   -7.17383e+05    3.09960e+02   -2.15098e+02
 Pressure (bar)   Constr. rmsd
    2.30663e+01    3.84140e-06

           Step           Time
          38500       77.00000

   Energies (kJ/mol)
           Bond          Angle Ryckaert-Bell.          LJ-14     Coulomb-14
    1.61462e+04    5.87013e+04    5.91237e+04    1.58948e+04    5.72085e+04
        LJ (SR)  Disper. corr.   Coulomb (SR)   Coul. recip.      Potential
    1.07902e+05   -1.01070e+04   -1.25219e+06    4.70062e+03   -9.42617e+05
    Kinetic En.   Total Energy  Conserved En.    Temperature Pres. DC (bar)
    2.21393e+05   -7.21224e+05   -7.17457e+05    3.09228e+02   -2.15052e+02
 Pressure (bar)   Constr. rmsd
   -9.77576e+01    3.84140e-06

           Step           Time
          39000       78.00000

   Energies (kJ/mol)
           Bond          Angle Ryckaert-Bell.          LJ-14     Coulomb-14
    1.61315e+04    5.95386e+04    5.89308e+04    1.59827e+04    5.74169e+04
        LJ (SR)  Disper. corr.   Coulomb (SR)   Coul. recip.      Potential
    1.07981e+05   -1.01018e+04   -1.25183e+06    4.69734e+03   -9.41250e+05
    Kinetic En.   Total Energy  Conserved En.    Temperature Pres. DC (bar)
    2.22165e+05   -7.19084e+05   -7.17407e+05    3.10307e+02   -2.14831e+02
 Pressure (bar)   Constr. rmsd
   -7.88187e+01    3.84140e-06

           Step           Time
          39500       79.00000

   Energies (kJ/mol)
           Bond          Angle Ryckaert-Bell.          LJ-14     Coulomb-14
    1.61033e+04    5.89410e+04    5.87458e+04    1.59252e+04    5.71966e+04
        LJ (SR)  Disper. corr.   Coulomb (SR)   Coul. recip.      Potential
    1.09184e+05   -1.01000e+04   -1.25393e+06    4.60942e+03   -9.43326e+05
    Kinetic En.   Total Energy  Conserved En.    Temperature Pres. DC (bar)
    2.22178e+05   -7.21148e+05   -7.17420e+05    3.10324e+02   -2.14753e+02
 Pressure (bar)   Constr. rmsd
    1.02640e+02    3.84140e-06

           Step           Time
          40000       80.00000

   Energies (kJ/mol)
           Bond          Angle Ryckaert-Bell.          LJ-14     Coulomb-14
    1.59299e+04    5.96183e+04    5.87997e+04    1.58611e+04    5.74518e+04
        LJ (SR)  Disper. corr.   Coulomb (SR)   Coul. recip.      Potential
    1.09571e+05   -1.00998e+04   -1.25543e+06    4.71760e+03   -9.43577e+05
    Kinetic En.   Total Energy  Conserved En.    Temperature Pres. DC (bar)
    2.23083e+05   -7.20494e+05   -7.17431e+05    3.11588e+02   -2.14744e+02
 Pressure (bar)   Constr. rmsd
    1.40528e+01    3.84140e-06

           Step           Time
          40500       81.00000

   Energies (kJ/mol)
           Bond          Angle Ryckaert-Bell.          LJ-14     Coulomb-14
    1.63673e+04    5.88467e+04    5.88501e+04    1.60080e+04    5.69086e+04
        LJ (SR)  Disper. corr.   Coulomb (SR)   Coul. recip.      Potential
    1.08891e+05   -1.01014e+04   -1.25249e+06    4.71786e+03   -9.41999e+05
    Kinetic En.   Total Energy  Conserved En.    Temperature Pres. DC (bar)
    2.22414e+05   -7.19585e+05   -7.17452e+05    3.10654e+02   -2.14814e+02
 Pressure (bar)   Constr. rmsd
    2.68561e+02    3.84140e-06

           Step           Time
          41000       82.00000

   Energies (kJ/mol)
           Bond          Angle Ryckaert-Bell.          LJ-14     Coulomb-14
    1.59011e+04    5.94404e+04    5.89498e+04    1.61828e+04    5.72522e+04
        LJ (SR)  Disper. corr.   Coulomb (SR)   Coul. recip.      Potential
    1.06660e+05   -1.01028e+04   -1.25021e+06    4.75485e+03   -9.41171e+05
    Kinetic En.   Total Energy  Conserved En.    Temperature Pres. DC (bar)
    2.22572e+05   -7.18599e+05   -7.17434e+05    3.10874e+02   -2.14871e+02
 Pressure (bar)   Constr. rmsd
    2.38533e+01    3.84140e-06

           Step           Time
          41500       83.00000

   Energies (kJ/mol)
           Bond          Angle Ryckaert-Bell.          LJ-14     Coulomb-14
    1.61820e+04    5.87892e+04    5.86391e+04    1.60089e+04    5.76283e+04
        LJ (SR)  Disper. corr.   Coulomb (SR)   Coul. recip.      Potential
    1.10206e+05   -1.01018e+04   -1.25502e+06    4.60469e+03   -9.43061e+05
    Kinetic En.   Total Energy  Conserved En.    Temperature Pres. DC (bar)
    2.21069e+05   -7.21992e+05   -7.17409e+05    3.08775e+02   -2.14829e+02
 Pressure (bar)   Constr. rmsd
    1.44175e+02    3.84140e-06

           Step           Time
          42000       84.00000

   Energies (kJ/mol)
           Bond          Angle Ryckaert-Bell.          LJ-14     Coulomb-14
    1.60785e+04    5.93529e+04    5.88473e+04    1.59062e+04    5.71225e+04
        LJ (SR)  Disper. corr.   Coulomb (SR)   Coul. recip.      Potential
    1.08220e+05   -1.01030e+04   -1.25224e+06    4.70381e+03   -9.42113e+05
    Kinetic En.   Total Energy  Conserved En.    Temperature Pres. DC (bar)
    2.22553e+05   -7.19560e+05   -7.17410e+05    3.10848e+02   -2.14882e+02
 Pressure (bar)   Constr. rmsd
    6.66384e+00    3.84140e-06

           Step           Time
          42500       85.00000

   Energies (kJ/mol)
           Bond          Angle Ryckaert-Bell.          LJ-14     Coulomb-14
    1.64808e+04    5.89564e+04    5.89915e+04    1.59288e+04    5.71224e+04
        LJ (SR)  Disper. corr.   Coulomb (SR)   Coul. recip.      Potential
    1.08834e+05   -1.01012e+04   -1.25212e+06    4.70087e+03   -9.41205e+05
    Kinetic En.   Total Energy  Conserved En.    Temperature Pres. DC (bar)
    2.22409e+05   -7.18796e+05   -7.17406e+05    3.10648e+02   -2.14806e+02
 Pressure (bar)   Constr. rmsd
    1.14011e+02    3.84140e-06

           Step           Time
          43000       86.00000

   Energies (kJ/mol)
           Bond          Angle Ryckaert-Bell.          LJ-14     Coulomb-14
    1.64845e+04    5.90021e+04    5.88951e+04    1.61115e+04    5.74276e+04
        LJ (SR)  Disper. corr.   Coulomb (SR)   Coul. recip.      Potential
    1.09210e+05   -1.01071e+04   -1.25395e+06    4.64804e+03   -9.42275e+05
    Kinetic En.   Total Energy  Conserved En.    Temperature Pres. DC (bar)
    2.22431e+05   -7.19843e+05   -7.17468e+05    3.10678e+02   -2.15056e+02
 Pressure (bar)   Constr. rmsd
    1.07307e+02    3.84140e-06

           Step           Time
          43500       87.00000

   Energies (kJ/mol)
           Bond          Angle Ryckaert-Bell.          LJ-14     Coulomb-14
    1.61757e+04    5.84966e+04    5.91009e+04    1.61452e+04    5.78618e+04
        LJ (SR)  Disper. corr.   Coulomb (SR)   Coul. recip.      Potential
    1.06794e+05   -1.01100e+04   -1.25259e+06    4.64965e+03   -9.43477e+05
    Kinetic En.   Total Energy  Conserved En.    Temperature Pres. DC (bar)
    2.22958e+05   -7.20519e+05   -7.17522e+05    3.11414e+02   -2.15178e+02
 Pressure (bar)   Constr. rmsd
   -1.08614e+02    3.84140e-06

           Step           Time
          44000       88.00000

   Energies (kJ/mol)
           Bond          Angle Ryckaert-Bell.          LJ-14     Coulomb-14
    1.62314e+04    5.94671e+04    5.86228e+04    1.60659e+04    5.72651e+04
        LJ (SR)  Disper. corr.   Coulomb (SR)   Coul. recip.      Potential
    1.06897e+05   -1.01168e+04   -1.25098e+06    4.62151e+03   -9.41923e+05
    Kinetic En.   Total Energy  Conserved En.    Temperature Pres. DC (bar)
    2.22048e+05   -7.19875e+05   -7.17462e+05    3.10142e+02   -2.15469e+02
 Pressure (bar)   Constr. rmsd
   -1.96525e+02    3.84140e-06

           Step           Time
          44500       89.00000

   Energies (kJ/mol)
           Bond          Angle Ryckaert-Bell.          LJ-14     Coulomb-14
    1.61546e+04    5.95559e+04    5.87416e+04    1.60918e+04    5.73430e+04
        LJ (SR)  Disper. corr.   Coulomb (SR)   Coul. recip.      Potential
    1.08955e+05   -1.01178e+04   -1.25259e+06    4.63559e+03   -9.41234e+05
    Kinetic En.   Total Energy  Conserved En.    Temperature Pres. DC (bar)
    2.22555e+05   -7.18680e+05   -7.17490e+05    3.10850e+02   -2.15512e+02
 Pressure (bar)   Constr. rmsd
    1.02273e+02    3.84140e-06

           Step           Time
          45000       90.00000

   Energies (kJ/mol)
           Bond          Angle Ryckaert-Bell.          LJ-14     Coulomb-14
    1.61986e+04    5.98202e+04    5.88835e+04    1.59941e+04    5.75258e+04
        LJ (SR)  Disper. corr.   Coulomb (SR)   Coul. recip.      Potential
    1.07742e+05   -1.01182e+04   -1.25245e+06    4.64392e+03   -9.41759e+05
    Kinetic En.   Total Energy  Conserved En.    Temperature Pres. DC (bar)
    2.22327e+05   -7.19432e+05   -7.17466e+05    3.10533e+02   -2.15529e+02
 Pressure (bar)   Constr. rmsd
   -9.38756e+01    3.84140e-06

           Step           Time
          45500       91.00000

   Energies (kJ/mol)
           Bond          Angle Ryckaert-Bell.          LJ-14     Coulomb-14
    1.62816e+04    5.92347e+04    5.86721e+04    1.60102e+04    5.73009e+04
        LJ (SR)  Disper. corr.   Coulomb (SR)   Coul. recip.      Potential
    1.08198e+05   -1.01147e+04   -1.25203e+06    4.67068e+03   -9.41771e+05
    Kinetic En.   Total Energy  Conserved En.    Temperature Pres. DC (bar)
    2.21358e+05   -7.20413e+05   -7.17525e+05    3.09179e+02   -2.15381e+02
 Pressure (bar)   Constr. rmsd
   -1.21680e+02    3.84140e-06

           Step           Time
          46000       92.00000

   Energies (kJ/mol)
           Bond          Angle Ryckaert-Bell.          LJ-14     Coulomb-14
    1.61717e+04    5.87835e+04    5.85437e+04    1.62444e+04    5.73719e+04
        LJ (SR)  Disper. corr.   Coulomb (SR)   Coul. recip.      Potential
    1.07434e+05   -1.01074e+04   -1.25057e+06    4.64575e+03   -9.41484e+05
    Kinetic En.   Total Energy  Conserved En.    Temperature Pres. DC (bar)
    2.21258e+05   -7.20226e+05   -7.17514e+05    3.09039e+02   -2.15069e+02
 Pressure (bar)   Constr. rmsd
    1.00737e+02    3.84140e-06

           Step           Time
          46500       93.00000

   Energies (kJ/mol)
           Bond          Angle Ryckaert-Bell.          LJ-14     Coulomb-14
    1.59655e+04    5.88847e+04    5.87243e+04    1.60332e+04    5.72317e+04
        LJ (SR)  Disper. corr.   Coulomb (SR)   Coul. recip.      Potential
    1.07677e+05   -1.01031e+04   -1.25078e+06    4.70074e+03   -9.41666e+05
    Kinetic En.   Total Energy  Conserved En.    Temperature Pres. DC (bar)
    2.22100e+05   -7.19566e+05   -7.17627e+05    3.10216e+02   -2.14885e+02
 Pressure (bar)   Constr. rmsd
   -7.64135e+01    3.84140e-06

           Step           Time
          47000       94.00000

   Energies (kJ/mol)
           Bond          Angle Ryckaert-Bell.          LJ-14     Coulomb-14
    1.60407e+04    5.87822e+04    5.86913e+04    1.60425e+04    5.73607e+04
        LJ (SR)  Disper. corr.   Coulomb (SR)   Coul. recip.      Potential
    1.09561e+05   -1.01020e+04   -1.25380e+06    4.72350e+03   -9.42695e+05
    Kinetic En.   Total Energy  Conserved En.    Temperature Pres. DC (bar)
    2.21244e+05   -7.21450e+05   -7.17623e+05    3.09020e+02   -2.14837e+02
 Pressure (bar)   Constr. rmsd
    1.08595e+02    3.84140e-06

           Step           Time
          47500       95.00000

   Energies (kJ/mol)
           Bond          Angle Ryckaert-Bell.          LJ-14     Coulomb-14
    1.60104e+04    5.95421e+04    5.89286e+04    1.59941e+04    5.70791e+04
        LJ (SR)  Disper. corr.   Coulomb (SR)   Coul. recip.      Potential
    1.07678e+05   -1.01013e+04   -1.25018e+06    4.80976e+03   -9.40244e+05
    Kinetic En.   Total Energy  Conserved En.    Temperature Pres. DC (bar)
    2.23670e+05   -7.16574e+05   -7.17607e+05    3.12408e+02   -2.14810e+02
 Pressure (bar)   Constr. rmsd
    1.31623e+02    3.84140e-06

           Step           Time
          48000       96.00000

   Energies (kJ/mol)
           Bond          Angle Ryckaert-Bell.          LJ-14     Coulomb-14
    1.60492e+04    5.94709e+04    5.87170e+04    1.60452e+04    5.72136e+04
        LJ (SR)  Disper. corr.   Coulomb (SR)   Coul. recip.      Potential
    1.08394e+05   -1.00996e+04   -1.25169e+06    4.69531e+03   -9.41204e+05
    Kinetic En.   Total Energy  Conserved En.    Temperature Pres. DC (bar)
    2.21698e+05   -7.19506e+05   -7.17596e+05    3.09654e+02   -2.14736e+02
 Pressure (bar)   Constr. rmsd
    1.20244e+01    3.84140e-06

           Step           Time
          48500       97.00000

   Energies (kJ/mol)
           Bond          Angle Ryckaert-Bell.          LJ-14     Coulomb-14
    1.58732e+04    5.92387e+04    5.87657e+04    1.61738e+04    5.73059e+04
        LJ (SR)  Disper. corr.   Coulomb (SR)   Coul. recip.      Potential
    1.09932e+05   -1.01022e+04   -1.25358e+06    4.71508e+03   -9.41678e+05
    Kinetic En.   Total Energy  Conserved En.    Temperature Pres. DC (bar)
    2.20650e+05   -7.21028e+05   -7.17522e+05    3.08190e+02   -2.14848e+02
 Pressure (bar)   Constr. rmsd
    2.44968e+02    3.84140e-06

           Step           Time
          49000       98.00000

   Energies (kJ/mol)
           Bond          Angle Ryckaert-Bell.          LJ-14     Coulomb-14
    1.62630e+04    5.83871e+04    5.87365e+04    1.61094e+04    5.75796e+04
        LJ (SR)  Disper. corr.   Coulomb (SR)   Coul. recip.      Potential
    1.08343e+05   -1.01034e+04   -1.25361e+06    4.69151e+03   -9.43605e+05
    Kinetic En.   Total Energy  Conserved En.    Temperature Pres. DC (bar)
    2.23040e+05   -7.20565e+05   -7.17623e+05    3.11528e+02   -2.14900e+02
 Pressure (bar)   Constr. rmsd
   -2.26071e+02    3.84140e-06

           Step           Time
          49500       99.00000

   Energies (kJ/mol)
           Bond          Angle Ryckaert-Bell.          LJ-14     Coulomb-14
    1.63162e+04    5.88722e+04    5.85331e+04    1.59720e+04    5.71637e+04
        LJ (SR)  Disper. corr.   Coulomb (SR)   Coul. recip.      Potential
    1.07367e+05   -1.01124e+04   -1.25254e+06    4.63867e+03   -9.43792e+05
    Kinetic En.   Total Energy  Conserved En.    Temperature Pres. DC (bar)
    2.22329e+05   -7.21463e+05   -7.17548e+05    3.10535e+02   -2.15283e+02
 Pressure (bar)   Constr. rmsd
   -4.18577e+01    3.84140e-06

           Step           Time
          50000      100.00000

   Energies (kJ/mol)
           Bond          Angle Ryckaert-Bell.          LJ-14     Coulomb-14
    1.60072e+04    5.90563e+04    5.88809e+04    1.59909e+04    5.72709e+04
        LJ (SR)  Disper. corr.   Coulomb (SR)   Coul. recip.      Potential
    1.07192e+05   -1.01102e+04   -1.25158e+06    4.65334e+03   -9.42643e+05
    Kinetic En.   Total Energy  Conserved En.    Temperature Pres. DC (bar)
    2.21741e+05   -7.20902e+05   -7.17598e+05    3.09715e+02   -2.15187e+02
 Pressure (bar)   Constr. rmsd
   -1.46399e+01    3.84140e-06

           Step           Time
          50500      101.00000

   Energies (kJ/mol)
           Bond          Angle Ryckaert-Bell.          LJ-14     Coulomb-14
    1.64880e+04    5.94679e+04    5.86202e+04    1.59837e+04    5.74612e+04
        LJ (SR)  Disper. corr.   Coulomb (SR)   Coul. recip.      Potential
    1.07983e+05   -1.01096e+04   -1.25176e+06    4.65669e+03   -9.41208e+05
    Kinetic En.   Total Energy  Conserved En.    Temperature Pres. DC (bar)
    2.21522e+05   -7.19686e+05   -7.17530e+05    3.09408e+02   -2.15163e+02
 Pressure (bar)   Constr. rmsd
    6.84087e+01    3.84140e-06

           Step           Time
          51000      102.00000

   Energies (kJ/mol)
           Bond          Angle Ryckaert-Bell.          LJ-14     Coulomb-14
    1.64375e+04    5.89558e+04    5.90534e+04    1.61677e+04    5.72718e+04
        LJ (SR)  Disper. corr.   Coulomb (SR)   Coul. recip.      Potential
    1.06856e+05   -1.01067e+04   -1.24943e+06    4.74463e+03   -9.40052e+05
    Kinetic En.   Total Energy  Conserved En.    Temperature Pres. DC (bar)
    2.23803e+05   -7.16248e+05   -7.17584e+05    3.12595e+02   -2.15038e+02
 Pressure (bar)   Constr. rmsd
   -6.99299e+00    3.84140e-06

           Step           Time
          51500      103.00000

   Energies (kJ/mol)
           Bond          Angle Ryckaert-Bell.          LJ-14     Coulomb-14
    1.62417e+04    5.92408e+04    5.89216e+04    1.60640e+04    5.69944e+04
        LJ (SR)  Disper. corr.   Coulomb (SR)   Coul. recip.      Potential
    1.07156e+05   -1.01078e+04   -1.25033e+06    4.66100e+03   -9.41155e+05
    Kinetic En.   Total Energy  Conserved En.    Temperature Pres. DC (bar)
    2.23029e+05   -7.18126e+05   -7.17594e+05    3.11514e+02   -2.15086e+02
 Pressure (bar)   Constr. rmsd
    7.01932e+01    3.84140e-06

           Step           Time
          52000      104.00000

   Energies (kJ/mol)
           Bond          Angle Ryckaert-Bell.          LJ-14     Coulomb-14
    1.63276e+04    5.85536e+04    5.87105e+04    1.60933e+04    5.72692e+04
        LJ (SR)  Disper. corr.   Coulomb (SR)   Coul. recip.      Potential
    1.08761e+05   -1.01044e+04   -1.25201e+06    4.74611e+03   -9.41651e+05
    Kinetic En.   Total Energy  Conserved En.    Temperature Pres. DC (bar)
    2.22017e+05   -7.19634e+05   -7.17619e+05    3.10100e+02   -2.14940e+02
 Pressure (bar)   Constr. rmsd
    4.12125e+00    3.84140e-06

           Step           Time
          52500      105.00000

   Energies (kJ/mol)
           Bond          Angle Ryckaert-Bell.          LJ-14     Coulomb-14
    1.64758e+04    5.90609e+04    5.87572e+04    1.60286e+04    5.73672e+04
        LJ (SR)  Disper. corr.   Coulomb (SR)   Coul. recip.      Potential
    1.09598e+05   -1.00990e+04   -1.25479e+06    4.78599e+03   -9.42813e+05
    Kinetic En.   Total Energy  Conserved En.    Temperature Pres. DC (bar)
    2.23189e+05   -7.19624e+05   -7.17641e+05    3.11736e+02   -2.14712e+02
 Pressure (bar)   Constr. rmsd
   -6.18829e+01    3.84140e-06

           Step           Time
          53000      106.00000

   Energies (kJ/mol)
           Bond          Angle Ryckaert-Bell.          LJ-14     Coulomb-14
    1.58354e+04    6.01850e+04    5.89646e+04    1.62701e+04    5.71899e+04
        LJ (SR)  Disper. corr.   Coulomb (SR)   Coul. recip.      Potential
    1.07882e+05   -1.00953e+04   -1.25240e+06    4.78300e+03   -9.41381e+05
    Kinetic En.   Total Energy  Conserved En.    Temperature Pres. DC (bar)
    2.21710e+05   -7.19670e+05   -7.17602e+05    3.09671e+02   -2.14556e+02
 Pressure (bar)   Constr. rmsd
    2.20507e+02    3.84140e-06

           Step           Time
          53500      107.00000

   Energies (kJ/mol)
           Bond          Angle Ryckaert-Bell.          LJ-14     Coulomb-14
    1.62782e+04    5.87303e+04    5.85624e+04    1.59792e+04    5.75333e+04
        LJ (SR)  Disper. corr.   Coulomb (SR)   Coul. recip.      Potential
    1.09615e+05   -1.01005e+04   -1.25487e+06    4.73949e+03   -9.43527e+05
    Kinetic En.   Total Energy  Conserved En.    Temperature Pres. DC (bar)
    2.21012e+05   -7.22516e+05   -7.17609e+05    3.08695e+02   -2.14775e+02
 Pressure (bar)   Constr. rmsd
   -4.97360e+01    3.84140e-06

           Step           Time
          54000      108.00000

   Energies (kJ/mol)
           Bond          Angle Ryckaert-Bell.          LJ-14     Coulomb-14
    1.56765e+04    5.91946e+04    5.86281e+04    1.58571e+04    5.73812e+04
        LJ (SR)  Disper. corr.   Coulomb (SR)   Coul. recip.      Potential
    1.08822e+05   -1.00997e+04   -1.25459e+06    4.75095e+03   -9.44374e+05
    Kinetic En.   Total Energy  Conserved En.    Temperature Pres. DC (bar)
    2.23422e+05   -7.20952e+05   -7.17686e+05    3.12062e+02   -2.14743e+02
 Pressure (bar)   Constr. rmsd
   -1.07255e+02    3.84140e-06

           Step           Time
          54500      109.00000

   Energies (kJ/mol)
           Bond          Angle Ryckaert-Bell.          LJ-14     Coulomb-14
    1.60304e+04    5.84857e+04    5.89837e+04    1.60311e+04    5.71903e+04
        LJ (SR)  Disper. corr.   Coulomb (SR)   Coul. recip.      Potential
    1.08710e+05   -1.01000e+04   -1.25413e+06    4.78398e+03   -9.44017e+05
    Kinetic En.   Total Energy  Conserved En.    Temperature Pres. DC (bar)
    2.20970e+05   -7.23047e+05   -7.17681e+05    3.08638e+02   -2.14755e+02
 Pressure (bar)   Constr. rmsd
    3.18653e+01    3.84140e-06

           Step           Time
          55000      110.00000

   Energies (kJ/mol)
           Bond          Angle Ryckaert-Bell.          LJ-14     Coulomb-14
    1.58699e+04    5.79895e+04    5.84400e+04    1.60458e+04    5.74774e+04
        LJ (SR)  Disper. corr.   Coulomb (SR)   Coul. recip.      Potential
    1.09261e+05   -1.00962e+04   -1.25432e+06    4.68550e+03   -9.44644e+05
    Kinetic En.   Total Energy  Conserved En.    Temperature Pres. DC (bar)
    2.21340e+05   -7.23304e+05   -7.17700e+05    3.09155e+02   -2.14593e+02
 Pressure (bar)   Constr. rmsd
    9.43606e+01    3.84140e-06

           Step           Time
          55500      111.00000

   Energies (kJ/mol)
           Bond          Angle Ryckaert-Bell.          LJ-14     Coulomb-14
    1.63132e+04    5.93952e+04    5.90806e+04    1.61490e+04    5.72525e+04
        LJ (SR)  Disper. corr.   Coulomb (SR)   Coul. recip.      Potential
    1.09024e+05   -1.00997e+04   -1.25368e+06    4.66111e+03   -9.41906e+05
    Kinetic En.   Total Energy  Conserved En.    Temperature Pres. DC (bar)
    2.23526e+05   -7.18380e+05   -7.17704e+05    3.12207e+02   -2.14742e+02
 Pressure (bar)   Constr. rmsd
    1.43591e+02    3.84140e-06

           Step           Time
          56000      112.00000

   Energies (kJ/mol)
           Bond          Angle Ryckaert-Bell.          LJ-14     Coulomb-14
    1.61198e+04    5.89284e+04    5.88061e+04    1.62057e+04    5.72193e+04
        LJ (SR)  Disper. corr.   Coulomb (SR)   Coul. recip.      Potential
    1.09041e+05   -1.00966e+04   -1.25401e+06    4.69864e+03   -9.43089e+05
    Kinetic En.   Total Energy  Conserved En.    Temperature Pres. DC (bar)
    2.21737e+05   -7.21352e+05   -7.17654e+05    3.09708e+02   -2.14608e+02
 Pressure (bar)   Constr. rmsd
    1.69204e+02    3.84140e-06

           Step           Time
          56500      113.00000

   Energies (kJ/mol)
           Bond          Angle Ryckaert-Bell.          LJ-14     Coulomb-14
    1.65655e+04    5.97925e+04    5.90170e+04    1.60862e+04    5.73042e+04
        LJ (SR)  Disper. corr.   Coulomb (SR)   Coul. recip.      Potential
    1.08653e+05   -1.00934e+04   -1.25199e+06    4.73142e+03   -9.39932e+05
    Kinetic En.   Total Energy  Conserved En.    Temperature Pres. DC (bar)
    2.22677e+05   -7.17255e+05   -7.17651e+05    3.11022e+02   -2.14475e+02
 Pressure (bar)   Constr. rmsd
   -6.79149e+01    3.84140e-06

           Step           Time
          57000      114.00000

   Energies (kJ/mol)
           Bond          Angle Ryckaert-Bell.          LJ-14     Coulomb-14
    1.63674e+04    5.91115e+04    5.88313e+04    1.59333e+04    5.73671e+04
        LJ (SR)  Disper. corr.   Coulomb (SR)   Coul. recip.      Potential
    1.05680e+05   -1.00929e+04   -1.24889e+06    4.58660e+03   -9.41103e+05
    Kinetic En.   Total Energy  Conserved En.    Temperature Pres. DC (bar)
    2.22674e+05   -7.18429e+05   -7.17763e+05    3.11017e+02   -2.14451e+02
 Pressure (bar)   Constr. rmsd
   -3.07208e+02    3.84140e-06

           Step           Time
          57500      115.00000

   Energies (kJ/mol)
           Bond          Angle Ryckaert-Bell.          LJ-14     Coulomb-14
    1.62090e+04    5.86696e+04    5.90417e+04    1.60721e+04    5.73574e+04
        LJ (SR)  Disper. corr.   Coulomb (SR)   Coul. recip.      Potential
    1.06851e+05   -1.00971e+04   -1.25198e+06    4.77861e+03   -9.43102e+05
    Kinetic En.   Total Energy  Conserved En.    Temperature Pres. DC (bar)
    2.22315e+05   -7.20787e+05   -7.17786e+05    3.10516e+02   -2.14632e+02
 Pressure (bar)   Constr. rmsd
   -5.68269e+01    3.84140e-06

           Step           Time
          58000      116.00000

   Energies (kJ/mol)
           Bond          Angle Ryckaert-Bell.          LJ-14     Coulomb-14
    1.62702e+04    5.92541e+04    5.85800e+04    1.61752e+04    5.70797e+04
        LJ (SR)  Disper. corr.   Coulomb (SR)   Coul. recip.      Potential
    1.08769e+05   -1.00984e+04   -1.25289e+06    4.67988e+03   -9.42179e+05
    Kinetic En.   Total Energy  Conserved En.    Temperature Pres. DC (bar)
    2.20877e+05   -7.21302e+05   -7.17666e+05    3.08507e+02   -2.14686e+02
 Pressure (bar)   Constr. rmsd
    1.43061e+02    3.84140e-06

           Step           Time
          58500      117.00000

   Energies (kJ/mol)
           Bond          Angle Ryckaert-Bell.          LJ-14     Coulomb-14
    1.60605e+04    5.93614e+04    5.87290e+04    1.60830e+04    5.74516e+04
        LJ (SR)  Disper. corr.   Coulomb (SR)   Coul. recip.      Potential
    1.07567e+05   -1.01023e+04   -1.25224e+06    4.77745e+03   -9.42309e+05
    Kinetic En.   Total Energy  Conserved En.    Temperature Pres. DC (bar)
    2.20494e+05   -7.21815e+05   -7.17717e+05    3.07972e+02   -2.14853e+02
 Pressure (bar)   Constr. rmsd
   -1.12808e+02    3.84140e-06

           Step           Time
          59000      118.00000

   Energies (kJ/mol)
           Bond          Angle Ryckaert-Bell.          LJ-14     Coulomb-14
    1.60861e+04    5.92598e+04    5.93085e+04    1.61188e+04    5.72794e+04
        LJ (SR)  Disper. corr.   Coulomb (SR)   Coul. recip.      Potential
    1.06827e+05   -1.00992e+04   -1.25134e+06    4.69800e+03   -9.41864e+05
    Kinetic En.   Total Energy  Conserved En.    Temperature Pres. DC (bar)
    2.22443e+05   -7.19421e+05   -7.17724e+05    3.10694e+02   -2.14719e+02
 Pressure (bar)   Constr. rmsd
   -1.44787e+02    3.84140e-06

           Step           Time
          59500      119.00000

   Energies (kJ/mol)
           Bond          Angle Ryckaert-Bell.          LJ-14     Coulomb-14
    1.62502e+04    5.87237e+04    5.89296e+04    1.59973e+04    5.74181e+04
        LJ (SR)  Disper. corr.   Coulomb (SR)   Coul. recip.      Potential
    1.07693e+05   -1.01003e+04   -1.25059e+06    4.70481e+03   -9.40976e+05
    Kinetic En.   Total Energy  Conserved En.    Temperature Pres. DC (bar)
    2.23054e+05   -7.17921e+05   -7.17793e+05    3.11548e+02   -2.14766e+02
 Pressure (bar)   Constr. rmsd
   -3.72948e+01    3.84140e-06

           Step           Time
          60000      120.00000

   Energies (kJ/mol)
           Bond          Angle Ryckaert-Bell.          LJ-14     Coulomb-14
    1.58742e+04    5.89650e+04    5.90487e+04    1.61276e+04    5.72722e+04
        LJ (SR)  Disper. corr.   Coulomb (SR)   Coul. recip.      Potential
    1.08361e+05   -1.01022e+04   -1.25290e+06    4.83006e+03   -9.42525e+05
    Kinetic En.   Total Energy  Conserved En.    Temperature Pres. DC (bar)
    2.23047e+05   -7.19478e+05   -7.17772e+05    3.11538e+02   -2.14848e+02
 Pressure (bar)   Constr. rmsd
    2.35301e+01    3.84140e-06

           Step           Time
          60500      121.00000

   Energies (kJ/mol)
           Bond          Angle Ryckaert-Bell.          LJ-14     Coulomb-14
    1.60017e+04    5.90644e+04    5.86325e+04    1.60236e+04    5.71264e+04
        LJ (SR)  Disper. corr.   Coulomb (SR)   Coul. recip.      Potential
    1.06825e+05   -1.01005e+04   -1.25143e+06    4.79708e+03   -9.43060e+05
    Kinetic En.   Total Energy  Conserved En.    Temperature Pres. DC (bar)
    2.21293e+05   -7.21767e+05   -7.17715e+05    3.09088e+02   -2.14774e+02
 Pressure (bar)   Constr. rmsd
   -1.12283e+02    3.84140e-06

           Step           Time
          61000      122.00000

   Energies (kJ/mol)
           Bond          Angle Ryckaert-Bell.          LJ-14     Coulomb-14
    1.62266e+04    5.89633e+04    5.90580e+04    1.60199e+04    5.74502e+04
        LJ (SR)  Disper. corr.   Coulomb (SR)   Coul. recip.      Potential
    1.08323e+05   -1.01018e+04   -1.25282e+06    4.73480e+03   -9.42144e+05
    Kinetic En.   Total Energy  Conserved En.    Temperature Pres. DC (bar)
    2.21883e+05   -7.20261e+05   -7.17756e+05    3.09912e+02   -2.14829e+02
 Pressure (bar)   Constr. rmsd
   -2.10755e+02    3.84140e-06

           Step           Time
          61500      123.00000

   Energies (kJ/mol)
           Bond          Angle Ryckaert-Bell.          LJ-14     Coulomb-14
    1.62351e+04    5.94422e+04    5.84343e+04    1.59269e+04    5.73742e+04
        LJ (SR)  Disper. corr.   Coulomb (SR)   Coul. recip.      Potential
    1.06977e+05   -1.01030e+04   -1.25156e+06    4.70784e+03   -9.42568e+05
    Kinetic En.   Total Energy  Conserved En.    Temperature Pres. DC (bar)
    2.21011e+05   -7.21556e+05   -7.17786e+05    3.08695e+02   -2.14880e+02
 Pressure (bar)   Constr. rmsd
   -1.44264e+02    3.84140e-06

           Step           Time
          62000      124.00000

   Energies (kJ/mol)
           Bond          Angle Ryckaert-Bell.          LJ-14     Coulomb-14
    1.63302e+04    5.90051e+04    5.87166e+04    1.58540e+04    5.72590e+04
        LJ (SR)  Disper. corr.   Coulomb (SR)   Coul. recip.      Potential
    1.06857e+05   -1.01042e+04   -1.25125e+06    4.61233e+03   -9.42719e+05
    Kinetic En.   Total Energy  Conserved En.    Temperature Pres. DC (bar)
    2.21776e+05   -7.20943e+05   -7.17763e+05    3.09763e+02   -2.14935e+02
 Pressure (bar)   Constr. rmsd
   -1.92760e+02    3.84140e-06

           Step           Time
          62500      125.00000

   Energies (kJ/mol)
           Bond          Angle Ryckaert-Bell.          LJ-14     Coulomb-14
    1.62994e+04    5.84437e+04    5.84877e+04    1.62179e+04    5.72530e+04
        LJ (SR)  Disper. corr.   Coulomb (SR)   Coul. recip.      Potential
    1.08048e+05   -1.00987e+04   -1.25207e+06    4.69420e+03   -9.42726e+05
    Kinetic En.   Total Energy  Conserved En.    Temperature Pres. DC (bar)
    2.23279e+05   -7.19447e+05   -7.17842e+05    3.11863e+02   -2.14701e+02
 Pressure (bar)   Constr. rmsd
   -1.21809e+02    3.84140e-06

           Step           Time
          63000      126.00000

   Energies (kJ/mol)
           Bond          Angle Ryckaert-Bell.          LJ-14     Coulomb-14
    1.58214e+04    5.91823e+04    5.88324e+04    1.60345e+04    5.72525e+04
        LJ (SR)  Disper. corr.   Coulomb (SR)   Coul. recip.      Potential
    1.08512e+05   -1.01062e+04   -1.25322e+06    4.66089e+03   -9.43026e+05
    Kinetic En.   Total Energy  Conserved En.    Temperature Pres. DC (bar)
    2.21228e+05   -7.21798e+05   -7.17841e+05    3.08997e+02   -2.15017e+02
 Pressure (bar)   Constr. rmsd
   -6.45589e+01    3.84140e-06

           Step           Time
          63500      127.00000

   Energies (kJ/mol)
           Bond          Angle Ryckaert-Bell.          LJ-14     Coulomb-14
    1.61660e+04    5.96480e+04    5.89701e+04    1.61266e+04    5.75669e+04
        LJ (SR)  Disper. corr.   Coulomb (SR)   Coul. recip.      Potential
    1.08499e+05   -1.01062e+04   -1.25109e+06    4.79686e+03   -9.39419e+05
    Kinetic En.   Total Energy  Conserved En.    Temperature Pres. DC (bar)
    2.22702e+05   -7.16717e+05   -7.17789e+05    3.11056e+02   -2.15016e+02
 Pressure (bar)   Constr. rmsd
    1.88206e+01    3.84140e-06

           Step           Time
          64000      128.00000

   Energies (kJ/mol)
           Bond          Angle Ryckaert-Bell.          LJ-14     Coulomb-14
    1.62866e+04    5.87703e+04    5.88436e+04    1.60069e+04    5.74005e+04
        LJ (SR)  Disper. corr.   Coulomb (SR)   Coul. recip.      Potential
    1.07093e+05   -1.01157e+04   -1.25186e+06    4.74175e+03   -9.42837e+05
    Kinetic En.   Total Energy  Conserved En.    Temperature Pres. DC (bar)
    2.20593e+05   -7.22244e+05   -7.17776e+05    3.08110e+02   -2.15423e+02
 Pressure (bar)   Constr. rmsd
   -8.46160e+01    3.84140e-06

           Step           Time
          64500      129.00000

   Energies (kJ/mol)
           Bond          Angle Ryckaert-Bell.          LJ-14     Coulomb-14
    1.60976e+04    5.91988e+04    5.89239e+04    1.59551e+04    5.72771e+04
        LJ (SR)  Disper. corr.   Coulomb (SR)   Coul. recip.      Potential
    1.07592e+05   -1.01096e+04   -1.25182e+06    4.80399e+03   -9.42076e+05
    Kinetic En.   Total Energy  Conserved En.    Temperature Pres. DC (bar)
    2.22680e+05   -7.19396e+05   -7.17806e+05    3.11026e+02   -2.15161e+02
 Pressure (bar)   Constr. rmsd
    6.01961e+01    3.84140e-06

           Step           Time
          65000      130.00000

   Energies (kJ/mol)
           Bond          Angle Ryckaert-Bell.          LJ-14     Coulomb-14
    1.62662e+04    5.97075e+04    5.89650e+04    1.60001e+04    5.70106e+04
        LJ (SR)  Disper. corr.   Coulomb (SR)   Coul. recip.      Potential
    1.07057e+05   -1.01096e+04   -1.25052e+06    4.66764e+03   -9.40957e+05
    Kinetic En.   Total Energy  Conserved En.    Temperature Pres. DC (bar)
    2.22403e+05   -7.18554e+05   -7.17803e+05    3.10638e+02   -2.15163e+02
 Pressure (bar)   Constr. rmsd
   -1.16922e+02    3.84140e-06

           Step           Time
          65500      131.00000

   Energies (kJ/mol)
           Bond          Angle Ryckaert-Bell.          LJ-14     Coulomb-14
    1.61678e+04    5.90263e+04    5.85476e+04    1.62391e+04    5.74323e+04
        LJ (SR)  Disper. corr.   Coulomb (SR)   Coul. recip.      Potential
    1.08463e+05   -1.01108e+04   -1.25357e+06    4.62326e+03   -9.43184e+05
    Kinetic En.   Total Energy  Conserved En.    Temperature Pres. DC (bar)
    2.23189e+05   -7.19996e+05   -7.17855e+05    3.11736e+02   -2.15211e+02
 Pressure (bar)   Constr. rmsd
    5.67923e+00    3.84140e-06

           Step           Time
          66000      132.00000

   Energies (kJ/mol)
           Bond          Angle Ryckaert-Bell.          LJ-14     Coulomb-14
    1.61599e+04    5.99014e+04    5.87146e+04    1.62749e+04    5.73046e+04
        LJ (SR)  Disper. corr.   Coulomb (SR)   Coul. recip.      Potential
    1.06480e+05   -1.01047e+04   -1.24858e+06    4.69090e+03   -9.39156e+05
    Kinetic En.   Total Energy  Conserved En.    Temperature Pres. DC (bar)
    2.23742e+05   -7.15414e+05   -7.17807e+05    3.12509e+02   -2.14956e+02
 Pressure (bar)   Constr. rmsd
    7.30834e+01    3.84140e-06

           Step           Time
          66500      133.00000

   Energies (kJ/mol)
           Bond          Angle Ryckaert-Bell.          LJ-14     Coulomb-14
    1.62000e+04    5.96980e+04    5.88911e+04    1.59961e+04    5.76039e+04
        LJ (SR)  Disper. corr.   Coulomb (SR)   Coul. recip.      Potential
    1.07736e+05   -1.01036e+04   -1.25143e+06    4.64444e+03   -9.40768e+05
    Kinetic En.   Total Energy  Conserved En.    Temperature Pres. DC (bar)
    2.22995e+05   -7.17773e+05   -7.17816e+05    3.11465e+02   -2.14909e+02
 Pressure (bar)   Constr. rmsd
   -1.53267e+02    3.84140e-06

           Step           Time
          67000      134.00000

   Energies (kJ/mol)
           Bond          Angle Ryckaert-Bell.          LJ-14     Coulomb-14
    1.60028e+04    5.90926e+04    5.87954e+04    1.62272e+04    5.72032e+04
        LJ (SR)  Disper. corr.   Coulomb (SR)   Coul. recip.      Potential
    1.07728e+05   -1.01045e+04   -1.25219e+06    4.73116e+03   -9.42517e+05
    Kinetic En.   Total Energy  Conserved En.    Temperature Pres. DC (bar)
    2.23951e+05   -7.18566e+05   -7.17923e+05    3.12801e+02   -2.14945e+02
 Pressure (bar)   Constr. rmsd
   -3.04907e+01    3.84140e-06

           Step           Time
          67500      135.00000

   Energies (kJ/mol)
           Bond          Angle Ryckaert-Bell.          LJ-14     Coulomb-14
    1.58942e+04    5.91200e+04    5.87894e+04    1.62172e+04    5.75802e+04
        LJ (SR)  Disper. corr.   Coulomb (SR)   Coul. recip.      Potential
    1.08279e+05   -1.01034e+04   -1.25148e+06    4.74005e+03   -9.40965e+05
    Kinetic En.   Total Energy  Conserved En.    Temperature Pres. DC (bar)
    2.24413e+05   -7.16552e+05   -7.17988e+05    3.13446e+02   -2.14898e+02
 Pressure (bar)   Constr. rmsd
    1.86218e+02    3.84140e-06

           Step           Time
          68000      136.00000

   Energies (kJ/mol)
           Bond          Angle Ryckaert-Bell.          LJ-14     Coulomb-14
    1.61109e+04    5.89627e+04    5.87896e+04    1.61326e+04    5.74662e+04
        LJ (SR)  Disper. corr.   Coulomb (SR)   Coul. recip.      Potential
    1.09056e+05   -1.01065e+04   -1.25292e+06    4.59287e+03   -9.41916e+05
    Kinetic En.   Total Energy  Conserved En.    Temperature Pres. DC (bar)
    2.22554e+05   -7.19361e+05   -7.17905e+05    3.10850e+02   -2.15031e+02
 Pressure (bar)   Constr. rmsd
    4.36858e+01    3.84140e-06

           Step           Time
          68500      137.00000

   Energies (kJ/mol)
           Bond          Angle Ryckaert-Bell.          LJ-14     Coulomb-14
    1.62805e+04    5.87332e+04    5.87856e+04    1.60471e+04    5.71532e+04
        LJ (SR)  Disper. corr.   Coulomb (SR)   Coul. recip.      Potential
    1.06858e+05   -1.01121e+04   -1.25167e+06    4.64383e+03   -9.43285e+05
    Kinetic En.   Total Energy  Conserved En.    Temperature Pres. DC (bar)
    2.21561e+05   -7.21724e+05   -7.17849e+05    3.09463e+02   -2.15266e+02
 Pressure (bar)   Constr. rmsd
   -1.52808e+02    3.84140e-06

           Step           Time
          69000      138.00000

   Energies (kJ/mol)
           Bond          Angle Ryckaert-Bell.          LJ-14     Coulomb-14
    1.60793e+04    5.95566e+04    5.89338e+04    1.61057e+04    5.75346e+04
        LJ (SR)  Disper. corr.   Coulomb (SR)   Coul. recip.      Potential
    1.07022e+05   -1.01125e+04   -1.25102e+06    4.71529e+03   -9.41186e+05
    Kinetic En.   Total Energy  Conserved En.    Temperature Pres. DC (bar)
    2.22147e+05   -7.19039e+05   -7.17876e+05    3.10281e+02   -2.15285e+02
 Pressure (bar)   Constr. rmsd
   -1.47738e+02    3.84140e-06

           Step           Time
          69500      139.00000

   Energies (kJ/mol)
           Bond          Angle Ryckaert-Bell.          LJ-14     Coulomb-14
    1.67000e+04    5.95631e+04    5.86775e+04    1.60573e+04    5.69734e+04
        LJ (SR)  Disper. corr.   Coulomb (SR)   Coul. recip.      Potential
    1.05922e+05   -1.01115e+04   -1.24851e+06    4.71351e+03   -9.40012e+05
    Kinetic En.   Total Energy  Conserved En.    Temperature Pres. DC (bar)
    2.21844e+05   -7.18168e+05   -7.17891e+05    3.09857e+02   -2.15244e+02
 Pressure (bar)   Constr. rmsd
   -2.62617e+01    3.84140e-06

           Step           Time
          70000      140.00000

   Energies (kJ/mol)
           Bond          Angle Ryckaert-Bell.          LJ-14     Coulomb-14
    1.59856e+04    5.91714e+04    5.84387e+04    1.59363e+04    5.70663e+04
        LJ (SR)  Disper. corr.   Coulomb (SR)   Coul. recip.      Potential
    1.07880e+05   -1.01090e+04   -1.25272e+06    4.69364e+03   -9.43660e+05
    Kinetic En.   Total Energy  Conserved En.    Temperature Pres. DC (bar)
    2.21230e+05   -7.22430e+05   -7.17935e+05    3.09001e+02   -2.15138e+02
 Pressure (bar)   Constr. rmsd
    8.06256e+01    3.84140e-06

           Step           Time
          70500      141.00000

   Energies (kJ/mol)
           Bond          Angle Ryckaert-Bell.          LJ-14     Coulomb-14
    1.62554e+04    5.99862e+04    5.90711e+04    1.60376e+04    5.70650e+04
        LJ (SR)  Disper. corr.   Coulomb (SR)   Coul. recip.      Potential
    1.07385e+05   -1.01094e+04   -1.24929e+06    4.77889e+03   -9.38825e+05
    Kinetic En.   Total Energy  Conserved En.    Temperature Pres. DC (bar)
    2.24570e+05   -7.14254e+05   -7.17985e+05    3.13666e+02   -2.15155e+02
 Pressure (bar)   Constr. rmsd
    8.38935e+01    3.84140e-06

           Step           Time
          71000      142.00000

   Energies (kJ/mol)
           Bond          Angle Ryckaert-Bell.          LJ-14     Coulomb-14
    1.65875e+04    5.92164e+04    5.87469e+04    1.60168e+04    5.72755e+04
        LJ (SR)  Disper. corr.   Coulomb (SR)   Coul. recip.      Potential
    1.06816e+05   -1.01104e+04   -1.25121e+06    4.62829e+03   -9.42032e+05
    Kinetic En.   Total Energy  Conserved En.    Temperature Pres. DC (bar)
    2.22631e+05   -7.19400e+05   -7.17897e+05    3.10957e+02   -2.15195e+02
 Pressure (bar)   Constr. rmsd
   -1.82190e+02    3.84140e-06

           Step           Time
          71500      143.00000

   Energies (kJ/mol)
           Bond          Angle Ryckaert-Bell.          LJ-14     Coulomb-14
    1.62820e+04    6.02238e+04    5.89427e+04    1.60193e+04    5.69636e+04
        LJ (SR)  Disper. corr.   Coulomb (SR)   Coul. recip.      Potential
    1.06160e+05   -1.01104e+04   -1.24906e+06    4.75364e+03   -9.39828e+05
    Kinetic En.   Total Energy  Conserved En.    Temperature Pres. DC (bar)
    2.22235e+05   -7.17594e+05   -7.17903e+05    3.10403e+02   -2.15198e+02
 Pressure (bar)   Constr. rmsd
   -2.72325e+02    3.84140e-06

           Step           Time
          72000      144.00000

   Energies (kJ/mol)
           Bond          Angle Ryckaert-Bell.          LJ-14     Coulomb-14
    1.58625e+04    5.88396e+04    5.88653e+04    1.59887e+04    5.75287e+04
        LJ (SR)  Disper. corr.   Coulomb (SR)   Coul. recip.      Potential
    1.08176e+05   -1.01153e+04   -1.25282e+06    4.60272e+03   -9.43073e+05
    Kinetic En.   Total Energy  Conserved En.    Temperature Pres. DC (bar)
    2.21065e+05   -7.22008e+05   -7.17956e+05    3.08770e+02   -2.15405e+02
 Pressure (bar)   Constr. rmsd
    1.14441e+02    3.84140e-06

           Step           Time
          72500      145.00000

   Energies (kJ/mol)
           Bond          Angle Ryckaert-Bell.          LJ-14     Coulomb-14
    1.58403e+04    5.92981e+04    5.85718e+04    1.59469e+04    5.69063e+04
        LJ (SR)  Disper. corr.   Coulomb (SR)   Coul. recip.      Potential
    1.06146e+05   -1.01152e+04   -1.24943e+06    4.62932e+03   -9.42210e+05
    Kinetic En.   Total Energy  Conserved En.    Temperature Pres. DC (bar)
    2.22940e+05   -7.19269e+05   -7.18017e+05    3.11389e+02   -2.15401e+02
 Pressure (bar)   Constr. rmsd
    2.23291e+01    3.84140e-06

           Step           Time
          73000      146.00000

   Energies (kJ/mol)
           Bond          Angle Ryckaert-Bell.          LJ-14     Coulomb-14
    1.64177e+04    5.94935e+04    5.91169e+04    1.57887e+04    5.72716e+04
        LJ (SR)  Disper. corr.   Coulomb (SR)   Coul. recip.      Potential
    1.05705e+05   -1.01089e+04   -1.24904e+06    4.70650e+03   -9.40651e+05
    Kinetic En.   Total Energy  Conserved En.    Temperature Pres. DC (bar)
    2.23552e+05   -7.17099e+05   -7.17966e+05    3.12244e+02   -2.15134e+02
 Pressure (bar)   Constr. rmsd
   -2.17970e+02    3.84140e-06

           Step           Time
          73500      147.00000

   Energies (kJ/mol)
           Bond          Angle Ryckaert-Bell.          LJ-14     Coulomb-14
    1.61764e+04    5.86278e+04    5.87621e+04    1.59672e+04    5.74958e+04
        LJ (SR)  Disper. corr.   Coulomb (SR)   Coul. recip.      Potential
    1.08308e+05   -1.01119e+04   -1.25218e+06    4.50748e+03   -9.42443e+05
    Kinetic En.   Total Energy  Conserved En.    Temperature Pres. DC (bar)
    2.22509e+05   -7.19934e+05   -7.18056e+05    3.10786e+02   -2.15259e+02
 Pressure (bar)   Constr. rmsd
   -1.14274e+01    3.84140e-06

           Step           Time
          74000      148.00000

   Energies (kJ/mol)
           Bond          Angle Ryckaert-Bell.          LJ-14     Coulomb-14
    1.60610e+04    5.96830e+04    5.87639e+04    1.59313e+04    5.72048e+04
        LJ (SR)  Disper. corr.   Coulomb (SR)   Coul. recip.      Potential
    1.09310e+05   -1.01146e+04   -1.25426e+06    4.70680e+03   -9.42712e+05
    Kinetic En.   Total Energy  Conserved En.    Temperature Pres. DC (bar)
    2.22703e+05   -7.20009e+05   -7.18023e+05    3.11057e+02   -2.15373e+02
 Pressure (bar)   Constr. rmsd
    1.01832e+02    3.84140e-06

           Step           Time
          74500      149.00000

   Energies (kJ/mol)
           Bond          Angle Ryckaert-Bell.          LJ-14     Coulomb-14
    1.59005e+04    5.90159e+04    5.88592e+04    1.60908e+04    5.70251e+04
        LJ (SR)  Disper. corr.   Coulomb (SR)   Coul. recip.      Potential
    1.07398e+05   -1.01121e+04   -1.25099e+06    4.71671e+03   -9.42100e+05
    Kinetic En.   Total Energy  Conserved En.    Temperature Pres. DC (bar)
    2.22496e+05   -7.19604e+05   -7.18014e+05    3.10768e+02   -2.15268e+02
 Pressure (bar)   Constr. rmsd
   -1.65017e+01    3.84140e-06

           Step           Time
          75000      150.00000

   Energies (kJ/mol)
           Bond          Angle Ryckaert-Bell.          LJ-14     Coulomb-14
    1.63059e+04    5.88551e+04    5.84176e+04    1.61231e+04    5.74891e+04
        LJ (SR)  Disper. corr.   Coulomb (SR)   Coul. recip.      Potential
    1.07122e+05   -1.01112e+04   -1.25091e+06    4.69210e+03   -9.42013e+05
    Kinetic En.   Total Energy  Conserved En.    Temperature Pres. DC (bar)
    2.21808e+05   -7.20205e+05   -7.17963e+05    3.09808e+02   -2.15230e+02
 Pressure (bar)   Constr. rmsd
    1.16563e+02    3.84140e-06

           Step           Time
          75500      151.00000

   Energies (kJ/mol)
           Bond          Angle Ryckaert-Bell.          LJ-14     Coulomb-14
    1.59053e+04    5.92564e+04    5.85385e+04    1.61642e+04    5.73848e+04
        LJ (SR)  Disper. corr.   Coulomb (SR)   Coul. recip.      Potential
    1.09198e+05   -1.01091e+04   -1.25522e+06    4.74158e+03   -9.44142e+05
    Kinetic En.   Total Energy  Conserved En.    Temperature Pres. DC (bar)
    2.21980e+05   -7.22162e+05   -7.18002e+05    3.10048e+02   -2.15142e+02
 Pressure (bar)   Constr. rmsd
    2.49815e+02    3.84140e-06

           Step           Time
          76000      152.00000

   Energies (kJ/mol)
           Bond          Angle Ryckaert-Bell.          LJ-14     Coulomb-14
    1.61599e+04    5.93788e+04    5.89338e+04    1.60095e+04    5.70525e+04
        LJ (SR)  Disper. corr.   Coulomb (SR)   Coul. recip.      Potential
    1.07574e+05   -1.01072e+04   -1.25205e+06    4.63068e+03   -9.42417e+05
    Kinetic En.   Total Energy  Conserved En.    Temperature Pres. DC (bar)
    2.23500e+05   -7.18917e+05   -7.18033e+05    3.12171e+02   -2.15061e+02
 Pressure (bar)   Constr. rmsd
   -7.17094e+01    3.84140e-06

           Step           Time
          76500      153.00000

   Energies (kJ/mol)
           Bond          Angle Ryckaert-Bell.          LJ-14     Coulomb-14
    1.63129e+04    5.88515e+04    5.86660e+04    1.58877e+04    5.72042e+04
        LJ (SR)  Disper. corr.   Coulomb (SR)   Coul. recip.      Potential
    1.08452e+05   -1.01058e+04   -1.25186e+06    4.76197e+03   -9.41829e+05
    Kinetic En.   Total Energy  Conserved En.    Temperature Pres. DC (bar)
    2.22294e+05   -7.19535e+05   -7.18043e+05    3.10486e+02   -2.15001e+02
 Pressure (bar)   Constr. rmsd
   -4.12854e+01    3.84140e-06

           Step           Time
          77000      154.00000

   Energies (kJ/mol)
           Bond          Angle Ryckaert-Bell.          LJ-14     Coulomb-14
    1.62815e+04    5.92396e+04    5.86178e+04    1.61542e+04    5.73563e+04
        LJ (SR)  Disper. corr.   Coulomb (SR)   Coul. recip.      Potential
    1.07313e+05   -1.01064e+04   -1.25089e+06    4.81807e+03   -9.41215e+05
    Kinetic En.   Total Energy  Conserved En.    Temperature Pres. DC (bar)
    2.21557e+05   -7.19658e+05   -7.18001e+05    3.09457e+02   -2.15028e+02
 Pressure (bar)   Constr. rmsd
   -6.07523e+01    3.84140e-06

           Step           Time
          77500      155.00000

   Energies (kJ/mol)
           Bond          Angle Ryckaert-Bell.          LJ-14     Coulomb-14
    1.57793e+04    5.87379e+04    5.86261e+04    1.61359e+04    5.74914e+04
        LJ (SR)  Disper. corr.   Coulomb (SR)   Coul. recip.      Potential
    1.08136e+05   -1.01080e+04   -1.25407e+06    4.72270e+03   -9.44549e+05
    Kinetic En.   Total Energy  Conserved En.    Temperature Pres. DC (bar)
    2.20638e+05   -7.23912e+05   -7.18027e+05    3.08173e+02   -2.15093e+02
 Pressure (bar)   Constr. rmsd
   -3.02305e+01    3.84140e-06

           Step           Time
          78000      156.00000

   Energies (kJ/mol)
           Bond          Angle Ryckaert-Bell.          LJ-14     Coulomb-14
    1.62576e+04    5.94325e+04    5.86072e+04    1.61881e+04    5.73351e+04
        LJ (SR)  Disper. corr.   Coulomb (SR)   Coul. recip.      Potential
    1.08120e+05   -1.01040e+04   -1.25207e+06    4.73937e+03   -9.41497e+05
    Kinetic En.   Total Energy  Conserved En.    Temperature Pres. DC (bar)
    2.22764e+05   -7.18733e+05   -7.18032e+05    3.11142e+02   -2.14923e+02
 Pressure (bar)   Constr. rmsd
    9.52251e+01    3.84140e-06

           Step           Time
          78500      157.00000

   Energies (kJ/mol)
           Bond          Angle Ryckaert-Bell.          LJ-14     Coulomb-14
    1.61372e+04    5.81550e+04    5.85745e+04    1.60569e+04    5.72895e+04
        LJ (SR)  Disper. corr.   Coulomb (SR)   Coul. recip.      Potential
    1.07759e+05   -1.00946e+04   -1.25268e+06    4.77750e+03   -9.44022e+05
    Kinetic En.   Total Energy  Conserved En.    Temperature Pres. DC (bar)
    2.18712e+05   -7.25310e+05   -7.18003e+05    3.05483e+02   -2.14524e+02
 Pressure (bar)   Constr. rmsd
   -1.10981e+02    3.84140e-06

           Step           Time
          79000      158.00000

   Energies (kJ/mol)
           Bond          Angle Ryckaert-Bell.          LJ-14     Coulomb-14
    1.65274e+04    5.87108e+04    5.88339e+04    1.59402e+04    5.70159e+04
        LJ (SR)  Disper. corr.   Coulomb (SR)   Coul. recip.      Potential
    1.09840e+05   -1.00945e+04   -1.25539e+06    4.77776e+03   -9.43836e+05
    Kinetic En.   Total Energy  Conserved En.    Temperature Pres. DC (bar)
    2.21283e+05   -7.22553e+05   -7.18009e+05    3.09074e+02   -2.14520e+02
 Pressure (bar)   Constr. rmsd
   -2.30320e+02    3.84140e-06

           Step           Time
          79500      159.00000

   Energies (kJ/mol)
           Bond          Angle Ryckaert-Bell.          LJ-14     Coulomb-14
    1.64002e+04    5.95229e+04    5.87822e+04    1.59496e+04    5.71549e+04
        LJ (SR)  Disper. corr.   Coulomb (SR)   Coul. recip.      Potential
    1.09253e+05   -1.00971e+04   -1.25374e+06    4.82529e+03   -9.41945e+05
    Kinetic En.   Total Energy  Conserved En.    Temperature Pres. DC (bar)
    2.20690e+05   -7.21256e+05   -7.18006e+05    3.08245e+02   -2.14633e+02
 Pressure (bar)   Constr. rmsd
   -3.95120e+01    3.84140e-06

           Step           Time
          80000      160.00000

   Energies (kJ/mol)
           Bond          Angle Ryckaert-Bell.          LJ-14     Coulomb-14
    1.62017e+04    5.90158e+04    5.85830e+04    1.60649e+04    5.75215e+04
        LJ (SR)  Disper. corr.   Coulomb (SR)   Coul. recip.      Potential
    1.09684e+05   -1.00957e+04   -1.25472e+06    4.72792e+03   -9.43019e+05
    Kinetic En.   Total Energy  Conserved En.    Temperature Pres. DC (bar)
    2.22186e+05   -7.20833e+05   -7.18012e+05    3.10336e+02   -2.14572e+02
 Pressure (bar)   Constr. rmsd
    8.75964e+01    3.84140e-06

           Step           Time
          80500      161.00000

   Energies (kJ/mol)
           Bond          Angle Ryckaert-Bell.          LJ-14     Coulomb-14
    1.64388e+04    5.87439e+04    5.90507e+04    1.60252e+04    5.68898e+04
        LJ (SR)  Disper. corr.   Coulomb (SR)   Coul. recip.      Potential
    1.06534e+05   -1.00980e+04   -1.24918e+06    4.73532e+03   -9.40859e+05
    Kinetic En.   Total Energy  Conserved En.    Temperature Pres. DC (bar)
    2.23570e+05   -7.17289e+05   -7.18114e+05    3.12269e+02   -2.14667e+02
 Pressure (bar)   Constr. rmsd
   -2.24741e+02    3.84140e-06

           Step           Time
          81000      162.00000

   Energies (kJ/mol)
           Bond          Angle Ryckaert-Bell.          LJ-14     Coulomb-14
    1.60243e+04    5.90500e+04    5.86057e+04    1.61042e+04    5.71719e+04
        LJ (SR)  Disper. corr.   Coulomb (SR)   Coul. recip.      Potential
    1.06120e+05   -1.00950e+04   -1.24957e+06    4.67021e+03   -9.41922e+05
    Kinetic En.   Total Energy  Conserved En.    Temperature Pres. DC (bar)
    2.21315e+05   -7.20608e+05   -7.18025e+05    3.09119e+02   -2.14540e+02
 Pressure (bar)   Constr. rmsd
    1.60564e+01    3.84140e-06

           Step           Time
          81500      163.00000

   Energies (kJ/mol)
           Bond          Angle Ryckaert-Bell.          LJ-14     Coulomb-14
    1.60245e+04    5.94768e+04    5.82776e+04    1.59981e+04    5.73575e+04
        LJ (SR)  Disper. corr.   Coulomb (SR)   Coul. recip.      Potential
    1.06787e+05   -1.00963e+04   -1.25043e+06    4.69168e+03   -9.41916e+05
    Kinetic En.   Total Energy  Conserved En.    Temperature Pres. DC (bar)
    2.21601e+05   -7.20315e+05   -7.18018e+05    3.09518e+02   -2.14597e+02
 Pressure (bar)   Constr. rmsd
   -7.65482e+01    3.84140e-06

           Step           Time
          82000      164.00000

   Energies (kJ/mol)
           Bond          Angle Ryckaert-Bell.          LJ-14     Coulomb-14
    1.61211e+04    5.94246e+04    5.87203e+04    1.61433e+04    5.74524e+04
        LJ (SR)  Disper. corr.   Coulomb (SR)   Coul. recip.      Potential
    1.07996e+05   -1.00966e+04   -1.25258e+06    4.65447e+03   -9.42164e+05
    Kinetic En.   Total Energy  Conserved En.    Temperature Pres. DC (bar)
    2.22820e+05   -7.19344e+05   -7.18088e+05    3.11221e+02   -2.14611e+02
 Pressure (bar)   Constr. rmsd
   -9.78874e+01    3.84140e-06

           Step           Time
          82500      165.00000

   Energies (kJ/mol)
           Bond          Angle Ryckaert-Bell.          LJ-14     Coulomb-14
    1.60509e+04    5.85114e+04    5.86755e+04    1.61409e+04    5.74119e+04
        LJ (SR)  Disper. corr.   Coulomb (SR)   Coul. recip.      Potential
    1.08635e+05   -1.00989e+04   -1.25257e+06    4.68787e+03   -9.42556e+05
    Kinetic En.   Total Energy  Conserved En.    Temperature Pres. DC (bar)
    2.20719e+05   -7.21837e+05   -7.18191e+05    3.08287e+02   -2.14708e+02
 Pressure (bar)   Constr. rmsd
   -9.01251e-01    3.84140e-06

           Step           Time
          83000      166.00000

   Energies (kJ/mol)
           Bond          Angle Ryckaert-Bell.          LJ-14     Coulomb-14
    1.61431e+04    5.88608e+04    5.86697e+04    1.60257e+04    5.71357e+04
        LJ (SR)  Disper. corr.   Coulomb (SR)   Coul. recip.      Potential
    1.07355e+05   -1.00987e+04   -1.25155e+06    4.71305e+03   -9.42742e+05
    Kinetic En.   Total Energy  Conserved En.    Temperature Pres. DC (bar)
    2.24115e+05   -7.18627e+05   -7.18176e+05    3.13030e+02   -2.14699e+02
 Pressure (bar)   Constr. rmsd
   -6.01353e+01    3.84140e-06

           Step           Time
          83500      167.00000

   Energies (kJ/mol)
           Bond          Angle Ryckaert-Bell.          LJ-14     Coulomb-14
    1.60926e+04    5.91215e+04    5.85557e+04    1.61460e+04    5.76994e+04
        LJ (SR)  Disper. corr.   Coulomb (SR)   Coul. recip.      Potential
    1.05428e+05   -1.01028e+04   -1.24931e+06    4.70206e+03   -9.41669e+05
    Kinetic En.   Total Energy  Conserved En.    Temperature Pres. DC (bar)
    2.22064e+05   -7.19605e+05   -7.18114e+05    3.10166e+02   -2.14875e+02
 Pressure (bar)   Constr. rmsd
   -1.32799e+02    3.84140e-06

           Step           Time
          84000      168.00000

   Energies (kJ/mol)
           Bond          Angle Ryckaert-Bell.          LJ-14     Coulomb-14
    1.63796e+04    5.93389e+04    5.85504e+04    1.59919e+04    5.72534e+04
        LJ (SR)  Disper. corr.   Coulomb (SR)   Coul. recip.      Potential
    1.07073e+05   -1.01022e+04   -1.25139e+06    4.71020e+03   -9.42199e+05
    Kinetic En.   Total Energy  Conserved En.    Temperature Pres. DC (bar)
    2.23250e+05   -7.18949e+05   -7.18106e+05    3.11821e+02   -2.14848e+02
 Pressure (bar)   Constr. rmsd
   -1.70479e+02    3.84140e-06

           Step           Time
          84500      169.00000

   Energies (kJ/mol)
           Bond          Angle Ryckaert-Bell.          LJ-14     Coulomb-14
    1.62848e+04    5.93427e+04    5.87136e+04    1.59091e+04    5.71387e+04
        LJ (SR)  Disper. corr.   Coulomb (SR)   Coul. recip.      Potential
    1.08706e+05   -1.01052e+04   -1.25329e+06    4.83363e+03   -9.42471e+05
    Kinetic En.   Total Energy  Conserved En.    Temperature Pres. DC (bar)
    2.20944e+05   -7.21527e+05   -7.18050e+05    3.08600e+02   -2.14976e+02
 Pressure (bar)   Constr. rmsd
   -2.25817e+01    3.84140e-06

           Step           Time
          85000      170.00000

   Energies (kJ/mol)
           Bond          Angle Ryckaert-Bell.          LJ-14     Coulomb-14
    1.58615e+04    5.84083e+04    5.86946e+04    1.61503e+04    5.76692e+04
        LJ (SR)  Disper. corr.   Coulomb (SR)   Coul. recip.      Potential
    1.09565e+05   -1.01037e+04   -1.25447e+06    4.61516e+03   -9.43605e+05
    Kinetic En.   Total Energy  Conserved En.    Temperature Pres. DC (bar)
    2.21073e+05   -7.22532e+05   -7.18174e+05    3.08780e+02   -2.14913e+02
 Pressure (bar)   Constr. rmsd
    2.19319e+02    3.84140e-06

           Step           Time
          85500      171.00000

   Energies (kJ/mol)
           Bond          Angle Ryckaert-Bell.          LJ-14     Coulomb-14
    1.61284e+04    5.90438e+04    5.83688e+04    1.59679e+04    5.70706e+04
        LJ (SR)  Disper. corr.   Coulomb (SR)   Coul. recip.      Potential
    1.07803e+05   -1.01023e+04   -1.25006e+06    4.61343e+03   -9.41165e+05
    Kinetic En.   Total Energy  Conserved En.    Temperature Pres. DC (bar)
    2.21575e+05   -7.19590e+05   -7.18223e+05    3.09482e+02   -2.14854e+02
 Pressure (bar)   Constr. rmsd
   -1.99750e+01    3.84140e-06

           Step           Time
          86000      172.00000

   Energies (kJ/mol)
           Bond          Angle Ryckaert-Bell.          LJ-14     Coulomb-14
    1.65659e+04    5.95395e+04    5.87132e+04    1.60902e+04    5.72859e+04
        LJ (SR)  Disper. corr.   Coulomb (SR)   Coul. recip.      Potential
    1.07635e+05   -1.01030e+04   -1.25120e+06    4.70023e+03   -9.40769e+05
    Kinetic En.   Total Energy  Conserved En.    Temperature Pres. DC (bar)
    2.23612e+05   -7.17157e+05   -7.18176e+05    3.12327e+02   -2.14883e+02
 Pressure (bar)   Constr. rmsd
    6.58250e+01    3.84140e-06

           Step           Time
          86500      173.00000

   Energies (kJ/mol)
           Bond          Angle Ryckaert-Bell.          LJ-14     Coulomb-14
    1.60585e+04    5.90071e+04    5.85551e+04    1.60477e+04    5.69915e+04
        LJ (SR)  Disper. corr.   Coulomb (SR)   Coul. recip.      Potential
    1.08193e+05   -1.01087e+04   -1.25231e+06    4.61793e+03   -9.42943e+05
    Kinetic En.   Total Energy  Conserved En.    Temperature Pres. DC (bar)
    2.22239e+05   -7.20704e+05   -7.18206e+05    3.10409e+02   -2.15125e+02
 Pressure (bar)   Constr. rmsd
    3.17281e+01    3.84140e-06

           Step           Time
          87000      174.00000

   Energies (kJ/mol)
           Bond          Angle Ryckaert-Bell.          LJ-14     Coulomb-14
    1.65538e+04    5.87560e+04    5.87515e+04    1.59658e+04    5.73657e+04
        LJ (SR)  Disper. corr.   Coulomb (SR)   Coul. recip.      Potential
    1.09757e+05   -1.01113e+04   -1.25417e+06    4.75552e+03   -9.42374e+05
    Kinetic En.   Total Energy  Conserved En.    Temperature Pres. DC (bar)
    2.20883e+05   -7.21491e+05   -7.18164e+05    3.08515e+02   -2.15235e+02
 Pressure (bar)   Constr. rmsd
    3.53997e+00    3.84140e-06

           Step           Time
          87500      175.00000

   Energies (kJ/mol)
           Bond          Angle Ryckaert-Bell.          LJ-14     Coulomb-14
    1.65872e+04    5.87761e+04    5.86079e+04    1.61397e+04    5.72174e+04
        LJ (SR)  Disper. corr.   Coulomb (SR)   Coul. recip.      Potential
    1.07915e+05   -1.01131e+04   -1.25178e+06    4.75461e+03   -9.41890e+05
    Kinetic En.   Total Energy  Conserved En.    Temperature Pres. DC (bar)
    2.21139e+05   -7.20751e+05   -7.18214e+05    3.08873e+02   -2.15309e+02
 Pressure (bar)   Constr. rmsd
    1.52552e+02    3.84140e-06

           Step           Time
          88000      176.00000

   Energies (kJ/mol)
           Bond          Angle Ryckaert-Bell.          LJ-14     Coulomb-14
    1.60357e+04    6.00537e+04    5.89478e+04    1.60113e+04    5.72306e+04
        LJ (SR)  Disper. corr.   Coulomb (SR)   Coul. recip.      Potential
    1.08125e+05   -1.01120e+04   -1.25212e+06    4.63159e+03   -9.41195e+05
    Kinetic En.   Total Energy  Conserved En.    Temperature Pres. DC (bar)
    2.22338e+05   -7.18857e+05   -7.18162e+05    3.10548e+02   -2.15262e+02
 Pressure (bar)   Constr. rmsd
    1.78680e+02    3.84140e-06

           Step           Time
          88500      177.00000

   Energies (kJ/mol)
           Bond          Angle Ryckaert-Bell.          LJ-14     Coulomb-14
    1.62370e+04    5.93730e+04    5.87835e+04    1.59662e+04    5.71491e+04
        LJ (SR)  Disper. corr.   Coulomb (SR)   Coul. recip.      Potential
    1.08244e+05   -1.01105e+04   -1.25439e+06    4.62344e+03   -9.44121e+05
    Kinetic En.   Total Energy  Conserved En.    Temperature Pres. DC (bar)
    2.21121e+05   -7.23000e+05   -7.18113e+05    3.08848e+02   -2.15201e+02
 Pressure (bar)   Constr. rmsd
    1.00583e+02    3.84140e-06

           Step           Time
          89000      178.00000

   Energies (kJ/mol)
           Bond          Angle Ryckaert-Bell.          LJ-14     Coulomb-14
    1.64723e+04    5.93543e+04    5.85528e+04    1.57555e+04    5.69624e+04
        LJ (SR)  Disper. corr.   Coulomb (SR)   Coul. recip.      Potential
    1.09953e+05   -1.01105e+04   -1.25415e+06    4.65526e+03   -9.42555e+05
    Kinetic En.   Total Energy  Conserved En.    Temperature Pres. DC (bar)
    2.21941e+05   -7.20614e+05   -7.18206e+05    3.09993e+02   -2.15201e+02
 Pressure (bar)   Constr. rmsd
    5.13263e+01    3.84140e-06

           Step           Time
          89500      179.00000

   Energies (kJ/mol)
           Bond          Angle Ryckaert-Bell.          LJ-14     Coulomb-14
    1.62417e+04    5.92261e+04    5.88200e+04    1.61258e+04    5.72595e+04
        LJ (SR)  Disper. corr.   Coulomb (SR)   Coul. recip.      Potential
    1.09144e+05   -1.01130e+04   -1.25266e+06    4.68636e+03   -9.41266e+05
    Kinetic En.   Total Energy  Conserved En.    Temperature Pres. DC (bar)
    2.20749e+05   -7.20516e+05   -7.18165e+05    3.08329e+02   -2.15309e+02
 Pressure (bar)   Constr. rmsd
    2.17790e+02    3.84140e-06

           Step           Time
          90000      180.00000

   Energies (kJ/mol)
           Bond          Angle Ryckaert-Bell.          LJ-14     Coulomb-14
    1.64739e+04    5.91142e+04    5.86009e+04    1.60167e+04    5.75498e+04
        LJ (SR)  Disper. corr.   Coulomb (SR)   Coul. recip.      Potential
    1.06028e+05   -1.01136e+04   -1.25003e+06    4.58681e+03   -9.41772e+05
    Kinetic En.   Total Energy  Conserved En.    Temperature Pres. DC (bar)
    2.24004e+05   -7.17768e+05   -7.18260e+05    3.12875e+02   -2.15333e+02
 Pressure (bar)   Constr. rmsd
   -1.29536e+02    3.84140e-06

           Step           Time
          90500      181.00000

   Energies (kJ/mol)
           Bond          Angle Ryckaert-Bell.          LJ-14     Coulomb-14
    1.61668e+04    5.93382e+04    5.87077e+04    1.59763e+04    5.74416e+04
        LJ (SR)  Disper. corr.   Coulomb (SR)   Coul. recip.      Potential
    1.09759e+05   -1.01211e+04   -1.25367e+06    4.71707e+03   -9.41685e+05
    Kinetic En.   Total Energy  Conserved En.    Temperature Pres. DC (bar)
    2.25097e+05   -7.16587e+05   -7.18291e+05    3.14402e+02   -2.15651e+02
 Pressure (bar)   Constr. rmsd
    2.19997e+01    3.84140e-06

           Step           Time
          91000      182.00000

   Energies (kJ/mol)
           Bond          Angle Ryckaert-Bell.          LJ-14     Coulomb-14
    1.62077e+04    5.88678e+04    5.86718e+04    1.59573e+04    5.71653e+04
        LJ (SR)  Disper. corr.   Coulomb (SR)   Coul. recip.      Potential
    1.06011e+05   -1.01175e+04   -1.24973e+06    4.60662e+03   -9.42365e+05
    Kinetic En.   Total Energy  Conserved En.    Temperature Pres. DC (bar)
    2.19935e+05   -7.22430e+05   -7.18228e+05    3.07191e+02   -2.15500e+02
 Pressure (bar)   Constr. rmsd
   -2.29126e+02    3.84140e-06

           Step           Time
          91500      183.00000

   Energies (kJ/mol)
           Bond          Angle Ryckaert-Bell.          LJ-14     Coulomb-14
    1.61949e+04    5.92538e+04    5.88697e+04    1.61551e+04    5.72448e+04
        LJ (SR)  Disper. corr.   Coulomb (SR)   Coul. recip.      Potential
    1.05973e+05   -1.01194e+04   -1.24973e+06    4.58517e+03   -9.41576e+05
    Kinetic En.   Total Energy  Conserved En.    Temperature Pres. DC (bar)
    2.21621e+05   -7.19954e+05   -7.18219e+05    3.09547e+02   -2.15579e+02
 Pressure (bar)   Constr. rmsd
    2.96387e+00    3.84140e-06

           Step           Time
          92000      184.00000

   Energies (kJ/mol)
           Bond          Angle Ryckaert-Bell.          LJ-14     Coulomb-14
    1.61214e+04    5.86531e+04    5.85208e+04    1.61207e+04    5.74949e+04
        LJ (SR)  Disper. corr.   Coulomb (SR)   Coul. recip.      Potential
    1.07353e+05   -1.01275e+04   -1.25229e+06    4.56863e+03   -9.43584e+05
    Kinetic En.   Total Energy  Conserved En.    Temperature Pres. DC (bar)
    2.21497e+05   -7.22088e+05   -7.18268e+05    3.09373e+02   -2.15923e+02
 Pressure (bar)   Constr. rmsd
    2.84031e+00    3.84140e-06

           Step           Time
          92500      185.00000

   Energies (kJ/mol)
           Bond          Angle Ryckaert-Bell.          LJ-14     Coulomb-14
    1.63639e+04    5.94871e+04    5.88451e+04    1.59808e+04    5.73861e+04
        LJ (SR)  Disper. corr.   Coulomb (SR)   Coul. recip.      Potential
    1.09196e+05   -1.01275e+04   -1.25515e+06    4.78416e+03   -9.43234e+05
    Kinetic En.   Total Energy  Conserved En.    Temperature Pres. DC (bar)
    2.21946e+05   -7.21289e+05   -7.18236e+05    3.10000e+02   -2.15924e+02
 Pressure (bar)   Constr. rmsd
    7.47244e+01    3.84140e-06

           Step           Time
          93000      186.00000

   Energies (kJ/mol)
           Bond          Angle Ryckaert-Bell.          LJ-14     Coulomb-14
    1.60390e+04    5.91562e+04    5.86130e+04    1.61892e+04    5.69619e+04
        LJ (SR)  Disper. corr.   Coulomb (SR)   Coul. recip.      Potential
    1.09408e+05   -1.01211e+04   -1.25510e+06    4.71801e+03   -9.44131e+05
    Kinetic En.   Total Energy  Conserved En.    Temperature Pres. DC (bar)
    2.20607e+05   -7.23524e+05   -7.18216e+05    3.08130e+02   -2.15651e+02
 Pressure (bar)   Constr. rmsd
    2.86156e+02    3.84140e-06

           Step           Time
          93500      187.00000

   Energies (kJ/mol)
           Bond          Angle Ryckaert-Bell.          LJ-14     Coulomb-14
    1.61137e+04    5.94426e+04    5.86316e+04    1.58791e+04    5.74685e+04
        LJ (SR)  Disper. corr.   Coulomb (SR)   Coul. recip.      Potential
    1.09166e+05   -1.01166e+04   -1.25280e+06    4.63239e+03   -9.41580e+05
    Kinetic En.   Total Energy  Conserved En.    Temperature Pres. DC (bar)
    2.22057e+05   -7.19522e+05   -7.18289e+05    3.10155e+02   -2.15461e+02
 Pressure (bar)   Constr. rmsd
    1.32227e+02    3.84140e-06

           Step           Time
          94000      188.00000

   Energies (kJ/mol)
           Bond          Angle Ryckaert-Bell.          LJ-14     Coulomb-14
    1.58727e+04    5.88224e+04    5.84526e+04    1.57747e+04    5.70711e+04
        LJ (SR)  Disper. corr.   Coulomb (SR)   Coul. recip.      Potential
    1.08334e+05   -1.01227e+04   -1.25335e+06    4.69199e+03   -9.44454e+05
    Kinetic En.   Total Energy  Conserved En.    Temperature Pres. DC (bar)
    2.21911e+05   -7.22543e+05   -7.18300e+05    3.09951e+02   -2.15719e+02
 Pressure (bar)   Constr. rmsd
    1.42973e+02    3.84140e-06

           Step           Time
          94500      189.00000

   Energies (kJ/mol)
           Bond          Angle Ryckaert-Bell.          LJ-14     Coulomb-14
    1.60420e+04    5.95347e+04    5.89606e+04    1.61933e+04    5.71138e+04
        LJ (SR)  Disper. corr.   Coulomb (SR)   Coul. recip.      Potential
    1.07265e+05   -1.01121e+04   -1.25146e+06    4.55516e+03   -9.41906e+05
    Kinetic En.   Total Energy  Conserved En.    Temperature Pres. DC (bar)
    2.20897e+05   -7.21009e+05   -7.18215e+05    3.08535e+02   -2.15270e+02
 Pressure (bar)   Constr. rmsd
    3.11699e+01    3.84140e-06

           Step           Time
          95000      190.00000

   Energies (kJ/mol)
           Bond          Angle Ryckaert-Bell.          LJ-14     Coulomb-14
    1.64167e+04    5.91104e+04    5.87279e+04    1.58790e+04    5.68520e+04
        LJ (SR)  Disper. corr.   Coulomb (SR)   Coul. recip.      Potential
    1.06334e+05   -1.01193e+04   -1.24921e+06    4.68005e+03   -9.41334e+05
    Kinetic En.   Total Energy  Conserved En.    Temperature Pres. DC (bar)
    2.22523e+05   -7.18811e+05   -7.18292e+05    3.10807e+02   -2.15574e+02
 Pressure (bar)   Constr. rmsd
   -3.08180e+02    3.84140e-06

           Step           Time
          95500      191.00000

   Energies (kJ/mol)
           Bond          Angle Ryckaert-Bell.          LJ-14     Coulomb-14
    1.63256e+04    5.86346e+04    5.88443e+04    1.63238e+04    5.70953e+04
        LJ (SR)  Disper. corr.   Coulomb (SR)   Coul. recip.      Potential
    1.08485e+05   -1.01230e+04   -1.25284e+06    4.59944e+03   -9.42657e+05
    Kinetic En.   Total Energy  Conserved En.    Temperature Pres. DC (bar)
    2.22168e+05   -7.20489e+05   -7.18286e+05    3.10311e+02   -2.15732e+02
 Pressure (bar)   Constr. rmsd
    1.99509e+02    3.84140e-06

           Step           Time
          96000      192.00000

   Energies (kJ/mol)
           Bond          Angle Ryckaert-Bell.          LJ-14     Coulomb-14
    1.59576e+04    5.82725e+04    5.88906e+04    1.61877e+04    5.68672e+04
        LJ (SR)  Disper. corr.   Coulomb (SR)   Coul. recip.      Potential
    1.08650e+05   -1.01247e+04   -1.25407e+06    4.62691e+03   -9.44740e+05
    Kinetic En.   Total Energy  Conserved En.    Temperature Pres. DC (bar)
    2.21232e+05   -7.23508e+05   -7.18330e+05    3.09003e+02   -2.15806e+02
 Pressure (bar)   Constr. rmsd
    1.30963e+02    3.84140e-06

           Step           Time
          96500      193.00000

   Energies (kJ/mol)
           Bond          Angle Ryckaert-Bell.          LJ-14     Coulomb-14
    1.61181e+04    5.95623e+04    5.90598e+04    1.61691e+04    5.72375e+04
        LJ (SR)  Disper. corr.   Coulomb (SR)   Coul. recip.      Potential
    1.09078e+05   -1.01187e+04   -1.25313e+06    4.70800e+03   -9.41314e+05
    Kinetic En.   Total Energy  Conserved En.    Temperature Pres. DC (bar)
    2.21931e+05   -7.19383e+05   -7.18206e+05    3.09979e+02   -2.15548e+02
 Pressure (bar)   Constr. rmsd
    5.68678e+01    3.84140e-06

           Step           Time
          97000      194.00000

   Energies (kJ/mol)
           Bond          Angle Ryckaert-Bell.          LJ-14     Coulomb-14
    1.65644e+04    5.94328e+04    5.89499e+04    1.60858e+04    5.71626e+04
        LJ (SR)  Disper. corr.   Coulomb (SR)   Coul. recip.      Potential
    1.08604e+05   -1.01166e+04   -1.25290e+06    4.65404e+03   -9.41560e+05
    Kinetic En.   Total Energy  Conserved En.    Temperature Pres. DC (bar)
    2.21810e+05   -7.19750e+05   -7.18259e+05    3.09810e+02   -2.15458e+02
 Pressure (bar)   Constr. rmsd
    1.44312e+02    3.84140e-06

           Step           Time
          97500      195.00000

   Energies (kJ/mol)
           Bond          Angle Ryckaert-Bell.          LJ-14     Coulomb-14
    1.63973e+04    5.85950e+04    5.93790e+04    1.61213e+04    5.70999e+04
        LJ (SR)  Disper. corr.   Coulomb (SR)   Coul. recip.      Potential
    1.08933e+05   -1.01129e+04   -1.25229e+06    4.63230e+03   -9.41248e+05
    Kinetic En.   Total Energy  Conserved En.    Temperature Pres. DC (bar)
    2.22917e+05   -7.18331e+05   -7.18307e+05    3.11357e+02   -2.15302e+02
 Pressure (bar)   Constr. rmsd
    4.40757e+00    3.84140e-06

           Step           Time
          98000      196.00000

   Energies (kJ/mol)
           Bond          Angle Ryckaert-Bell.          LJ-14     Coulomb-14
    1.59560e+04    5.80528e+04    5.87419e+04    1.59591e+04    5.70129e+04
        LJ (SR)  Disper. corr.   Coulomb (SR)   Coul. recip.      Potential
    1.08635e+05   -1.01099e+04   -1.25499e+06    4.63877e+03   -9.46106e+05
    Kinetic En.   Total Energy  Conserved En.    Temperature Pres. DC (bar)
    2.20092e+05   -7.26013e+05   -7.18322e+05    3.07411e+02   -2.15173e+02
 Pressure (bar)   Constr. rmsd
   -1.14264e+02    3.84140e-06

           Step           Time
          98500      197.00000

   Energies (kJ/mol)
           Bond          Angle Ryckaert-Bell.          LJ-14     Coulomb-14
    1.56171e+04    5.82865e+04    5.89158e+04    1.59180e+04    5.72633e+04
        LJ (SR)  Disper. corr.   Coulomb (SR)   Coul. recip.      Potential
    1.09083e+05   -1.01076e+04   -1.25522e+06    4.57847e+03   -9.45667e+05
    Kinetic En.   Total Energy  Conserved En.    Temperature Pres. DC (bar)
    2.20656e+05   -7.25011e+05   -7.18342e+05    3.08199e+02   -2.15076e+02
 Pressure (bar)   Constr. rmsd
    1.27863e+02    3.84140e-06

           Step           Time
          99000      198.00000

   Energies (kJ/mol)
           Bond          Angle Ryckaert-Bell.          LJ-14     Coulomb-14
    1.62679e+04    5.80904e+04    5.89987e+04    1.61384e+04    5.71804e+04
        LJ (SR)  Disper. corr.   Coulomb (SR)   Coul. recip.      Potential
    1.07729e+05   -1.01031e+04   -1.25157e+06    4.69257e+03   -9.42574e+05
    Kinetic En.   Total Energy  Conserved En.    Temperature Pres. DC (bar)
    2.21633e+05   -7.20941e+05   -7.18362e+05    3.09563e+02   -2.14888e+02
 Pressure (bar)   Constr. rmsd
    7.52711e+01    3.84140e-06

           Step           Time
          99500      199.00000

   Energies (kJ/mol)
           Bond          Angle Ryckaert-Bell.          LJ-14     Coulomb-14
    1.61969e+04    5.93069e+04    5.90688e+04    1.59660e+04    5.71177e+04
        LJ (SR)  Disper. corr.   Coulomb (SR)   Coul. recip.      Potential
    1.05416e+05   -1.01015e+04   -1.24789e+06    4.66547e+03   -9.40257e+05
    Kinetic En.   Total Energy  Conserved En.    Temperature Pres. DC (bar)
    2.22242e+05   -7.18015e+05   -7.18293e+05    3.10413e+02   -2.14816e+02
 Pressure (bar)   Constr. rmsd
   -2.01358e+02    3.84140e-06

           Step           Time
         100000      200.00000

   Energies (kJ/mol)
           Bond          Angle Ryckaert-Bell.          LJ-14     Coulomb-14
    1.61418e+04    5.92891e+04    5.92980e+04    1.63630e+04    5.73310e+04
        LJ (SR)  Disper. corr.   Coulomb (SR)   Coul. recip.      Potential
    1.09554e+05   -1.01067e+04   -1.25212e+06    4.62234e+03   -9.39630e+05
    Kinetic En.   Total Energy  Conserved En.    Temperature Pres. DC (bar)
    2.25035e+05   -7.14595e+05   -7.18363e+05    3.14315e+02   -2.15039e+02
 Pressure (bar)   Constr. rmsd
    3.53370e+02    3.84140e-06

           Step           Time
         100500      201.00000

   Energies (kJ/mol)
           Bond          Angle Ryckaert-Bell.          LJ-14     Coulomb-14
    1.61766e+04    5.85230e+04    5.89683e+04    1.59657e+04    5.71332e+04
        LJ (SR)  Disper. corr.   Coulomb (SR)   Coul. recip.      Potential
    1.08841e+05   -1.01065e+04   -1.25261e+06    4.66578e+03   -9.42448e+05
    Kinetic En.   Total Energy  Conserved En.    Temperature Pres. DC (bar)
    2.22532e+05   -7.19916e+05   -7.18358e+05    3.10819e+02   -2.15030e+02
 Pressure (bar)   Constr. rmsd
    3.72894e+00    3.84140e-06

           Step           Time
         101000      202.00000

   Energies (kJ/mol)
           Bond          Angle Ryckaert-Bell.          LJ-14     Coulomb-14
    1.61614e+04    5.88136e+04    5.88704e+04    1.59969e+04    5.73308e+04
        LJ (SR)  Disper. corr.   Coulomb (SR)   Coul. recip.      Potential
    1.08372e+05   -1.01040e+04   -1.25288e+06    4.71423e+03   -9.42724e+05
    Kinetic En.   Total Energy  Conserved En.    Temperature Pres. DC (bar)
    2.22225e+05   -7.20498e+05   -7.18369e+05    3.10391e+02   -2.14922e+02
 Pressure (bar)   Constr. rmsd
    1.84216e+01    3.84140e-06

           Step           Time
         101500      203.00000

   Energies (kJ/mol)
           Bond          Angle Ryckaert-Bell.          LJ-14     Coulomb-14
    1.62405e+04    5.94300e+04    5.90467e+04    1.59067e+04    5.72595e+04
        LJ (SR)  Disper. corr.   Coulomb (SR)   Coul. recip.      Potential
    1.07895e+05   -1.00998e+04   -1.25169e+06    4.71306e+03   -9.41295e+05
    Kinetic En.   Total Energy  Conserved En.    Temperature Pres. DC (bar)
    2.22824e+05   -7.18471e+05   -7.18343e+05    3.11226e+02   -2.14747e+02
 Pressure (bar)   Constr. rmsd
   -6.48870e+01    3.84140e-06

           Step           Time
         102000      204.00000

   Energies (kJ/mol)
           Bond          Angle Ryckaert-Bell.          LJ-14     Coulomb-14
    1.68084e+04    5.89654e+04    5.88359e+04    1.58707e+04    5.70106e+04
        LJ (SR)  Disper. corr.   Coulomb (SR)   Coul. recip.      Potential
    1.07106e+05   -1.00989e+04   -1.25023e+06    4.63887e+03   -9.41088e+05
    Kinetic En.   Total Energy  Conserved En.    Temperature Pres. DC (bar)
    2.22765e+05   -7.18323e+05   -7.18364e+05    3.11144e+02   -2.14706e+02
 Pressure (bar)   Constr. rmsd
   -1.87831e+02    3.84140e-06

           Step           Time
         102500      205.00000

   Energies (kJ/mol)
           Bond          Angle Ryckaert-Bell.          LJ-14     Coulomb-14
    1.61168e+04    5.82466e+04    5.89504e+04    1.61713e+04    5.78038e+04
        LJ (SR)  Disper. corr.   Coulomb (SR)   Coul. recip.      Potential
    1.06760e+05   -1.00973e+04   -1.25242e+06    4.59246e+03   -9.43877e+05
    Kinetic En.   Total Energy  Conserved En.    Temperature Pres. DC (bar)
    2.21047e+05   -7.22830e+05   -7.18379e+05    3.08745e+02   -2.14639e+02
 Pressure (bar)   Constr. rmsd
   -3.57281e+01    3.84140e-06

           Step           Time
         103000      206.00000

   Energies (kJ/mol)
           Bond          Angle Ryckaert-Bell.          LJ-14     Coulomb-14
    1.61764e+04    5.89889e+04    5.89129e+04    1.58693e+04    5.76732e+04
        LJ (SR)  Disper. corr.   Coulomb (SR)   Coul. recip.      Potential
    1.08206e+05   -1.00960e+04   -1.25193e+06    4.70519e+03   -9.41490e+05
    Kinetic En.   Total Energy  Conserved En.    Temperature Pres. DC (bar)
    2.21962e+05   -7.19528e+05   -7.18385e+05    3.10023e+02   -2.14585e+02
 Pressure (bar)   Constr. rmsd
   -5.80764e+01    3.84140e-06

           Step           Time
         103500      207.00000

   Energies (kJ/mol)
           Bond          Angle Ryckaert-Bell.          LJ-14     Coulomb-14
    1.59730e+04    5.94762e+04    5.88422e+04    1.61272e+04    5.70109e+04
        LJ (SR)  Disper. corr.   Coulomb (SR)   Coul. recip.      Potential
    1.08506e+05   -1.00964e+04   -1.25158e+06    4.74021e+03   -9.41000e+05
    Kinetic En.   Total Energy  Conserved En.    Temperature Pres. DC (bar)
    2.24442e+05   -7.16558e+05   -7.18430e+05    3.13487e+02   -2.14600e+02
 Pressure (bar)   Constr. rmsd
    2.75889e+02    3.84140e-06

           Step           Time
         104000      208.00000

   Energies (kJ/mol)
           Bond          Angle Ryckaert-Bell.          LJ-14     Coulomb-14
    1.62787e+04    5.95293e+04    5.87153e+04    1.60081e+04    5.73199e+04
        LJ (SR)  Disper. corr.   Coulomb (SR)   Coul. recip.      Potential
    1.08591e+05   -1.00964e+04   -1.25248e+06    4.71824e+03   -9.41415e+05
    Kinetic En.   Total Energy  Conserved En.    Temperature Pres. DC (bar)
    2.22952e+05   -7.18463e+05   -7.18383e+05    3.11406e+02   -2.14601e+02
 Pressure (bar)   Constr. rmsd
    8.39858e+01    3.84140e-06

           Step           Time
         104500      209.00000

   Energies (kJ/mol)
           Bond          Angle Ryckaert-Bell.          LJ-14     Coulomb-14
    1.62418e+04    5.98646e+04    5.86192e+04    1.60696e+04    5.73711e+04
        LJ (SR)  Disper. corr.   Coulomb (SR)   Coul. recip.      Potential
    1.08962e+05   -1.00956e+04   -1.25370e+06    4.63138e+03   -9.42037e+05
    Kinetic En.   Total Energy  Conserved En.    Temperature Pres. DC (bar)
    2.23260e+05   -7.18776e+05   -7.18388e+05    3.11836e+02   -2.14568e+02
 Pressure (bar)   Constr. rmsd
   -5.05292e+00    3.84140e-06

           Step           Time
         105000      210.00000

   Energies (kJ/mol)
           Bond          Angle Ryckaert-Bell.          LJ-14     Coulomb-14
    1.63845e+04    5.88666e+04    5.89410e+04    1.61624e+04    5.71052e+04
        LJ (SR)  Disper. corr.   Coulomb (SR)   Coul. recip.      Potential
    1.07263e+05   -1.00988e+04   -1.25103e+06    4.64517e+03   -9.41765e+05
    Kinetic En.   Total Energy  Conserved En.    Temperature Pres. DC (bar)
    2.22625e+05   -7.19139e+05   -7.18445e+05    3.10949e+02   -2.14704e+02
 Pressure (bar)   Constr. rmsd
    6.24004e+01    3.84140e-06

           Step           Time
         105500      211.00000

   Energies (kJ/mol)
           Bond          Angle Ryckaert-Bell.          LJ-14     Coulomb-14
    1.61769e+04    5.87022e+04    5.90286e+04    1.58873e+04    5.70770e+04
        LJ (SR)  Disper. corr.   Coulomb (SR)   Coul. recip.      Potential
    1.09026e+05   -1.00975e+04   -1.25385e+06    4.63669e+03   -9.43409e+05
    Kinetic En.   Total Energy  Conserved En.    Temperature Pres. DC (bar)
    2.22127e+05   -7.21282e+05   -7.18464e+05    3.10253e+02   -2.14647e+02
 Pressure (bar)   Constr. rmsd
   -2.21885e+01    3.84140e-06

           Step           Time
         106000      212.00000

   Energies (kJ/mol)
           Bond          Angle Ryckaert-Bell.          LJ-14     Coulomb-14
    1.61066e+04    5.85780e+04    5.88428e+04    1.60046e+04    5.73872e+04
        LJ (SR)  Disper. corr.   Coulomb (SR)   Coul. recip.      Potential
    1.08209e+05   -1.01046e+04   -1.25311e+06    4.47237e+03   -9.43610e+05
    Kinetic En.   Total Energy  Conserved En.    Temperature Pres. DC (bar)
    2.21623e+05   -7.21987e+05   -7.18448e+05    3.09549e+02   -2.14950e+02
 Pressure (bar)   Constr. rmsd
   -1.01039e+02    3.84140e-06

           Step           Time
         106500      213.00000

   Energies (kJ/mol)
           Bond          Angle Ryckaert-Bell.          LJ-14     Coulomb-14
    1.61271e+04    5.89046e+04    5.85748e+04    1.57770e+04    5.74128e+04
        LJ (SR)  Disper. corr.   Coulomb (SR)   Coul. recip.      Potential
    1.09434e+05   -1.01034e+04   -1.25521e+06    4.62829e+03   -9.44452e+05
    Kinetic En.   Total Energy  Conserved En.    Temperature Pres. DC (bar)
    2.19401e+05   -7.25051e+05   -7.18373e+05    3.06446e+02   -2.14901e+02
 Pressure (bar)   Constr. rmsd
   -1.74175e+02    3.84140e-06

           Step           Time
         107000      214.00000

   Energies (kJ/mol)
           Bond          Angle Ryckaert-Bell.          LJ-14     Coulomb-14
    1.61800e+04    5.93919e+04    5.90511e+04    1.59466e+04    5.76697e+04
        LJ (SR)  Disper. corr.   Coulomb (SR)   Coul. recip.      Potential
    1.09446e+05   -1.01040e+04   -1.25488e+06    4.69359e+03   -9.42601e+05
    Kinetic En.   Total Energy  Conserved En.    Temperature Pres. DC (bar)
    2.23042e+05   -7.19559e+05   -7.18463e+05    3.11531e+02   -2.14922e+02
 Pressure (bar)   Constr. rmsd
   -7.94372e+00    3.84140e-06

           Step           Time
         107500      215.00000

   Energies (kJ/mol)
           Bond          Angle Ryckaert-Bell.          LJ-14     Coulomb-14
    1.60903e+04    5.84575e+04    5.89147e+04    1.59922e+04    5.75308e+04
        LJ (SR)  Disper. corr.   Coulomb (SR)   Coul. recip.      Potential
    1.08810e+05   -1.01091e+04   -1.25573e+06    4.72964e+03   -9.45314e+05
    Kinetic En.   Total Energy  Conserved En.    Temperature Pres. DC (bar)
    2.21040e+05   -7.24275e+05   -7.18418e+05    3.08734e+02   -2.15140e+02
 Pressure (bar)   Constr. rmsd
   -1.20402e+02    3.84140e-06

           Step           Time
         108000      216.00000

   Energies (kJ/mol)
           Bond          Angle Ryckaert-Bell.          LJ-14     Coulomb-14
    1.66756e+04    5.92215e+04    5.88720e+04    1.61976e+04    5.74996e+04
        LJ (SR)  Disper. corr.   Coulomb (SR)   Coul. recip.      Potential
    1.08714e+05   -1.01124e+04   -1.25331e+06    4.67778e+03   -9.41567e+05
    Kinetic En.   Total Energy  Conserved En.    Temperature Pres. DC (bar)
    2.23754e+05   -7.17814e+05   -7.18429e+05    3.12525e+02   -2.15283e+02
 Pressure (bar)   Constr. rmsd
   -6.62894e+01    3.84140e-06

           Step           Time
         108500      217.00000

   Energies (kJ/mol)
           Bond          Angle Ryckaert-Bell.          LJ-14     Coulomb-14
    1.62917e+04    5.84662e+04    5.88749e+04    1.59940e+04    5.71229e+04
        LJ (SR)  Disper. corr.   Coulomb (SR)   Coul. recip.      Potential
    1.08013e+05   -1.01072e+04   -1.25212e+06    4.67333e+03   -9.42790e+05
    Kinetic En.   Total Energy  Conserved En.    Temperature Pres. DC (bar)
    2.21860e+05   -7.20929e+05   -7.18487e+05    3.09880e+02   -2.15062e+02
 Pressure (bar)   Constr. rmsd
   -2.85088e+01    3.84140e-06

           Step           Time
         109000      218.00000

   Energies (kJ/mol)
           Bond          Angle Ryckaert-Bell.          LJ-14     Coulomb-14
    1.60799e+04    5.97263e+04    5.86306e+04    1.60605e+04    5.69496e+04
        LJ (SR)  Disper. corr.   Coulomb (SR)   Coul. recip.      Potential
    1.07301e+05   -1.00973e+04   -1.25149e+06    4.68647e+03   -9.42157e+05
    Kinetic En.   Total Energy  Conserved En.    Temperature Pres. DC (bar)
    2.22338e+05   -7.19820e+05   -7.18475e+05    3.10547e+02   -2.14640e+02
 Pressure (bar)   Constr. rmsd
    9.90753e+00    3.84140e-06

           Step           Time
         109500      219.00000

   Energies (kJ/mol)
           Bond          Angle Ryckaert-Bell.          LJ-14     Coulomb-14
    1.61969e+04    5.96032e+04    5.87272e+04    1.60440e+04    5.71026e+04
        LJ (SR)  Disper. corr.   Coulomb (SR)   Coul. recip.      Potential
    1.06473e+05   -1.01054e+04   -1.24970e+06    4.76601e+03   -9.40893e+05
    Kinetic En.   Total Energy  Conserved En.    Temperature Pres. DC (bar)
    2.21518e+05   -7.19375e+05   -7.18443e+05    3.09402e+02   -2.14983e+02
 Pressure (bar)   Constr. rmsd
   -3.79124e+01    3.84140e-06

           Step           Time
         110000      220.00000

   Energies (kJ/mol)
           Bond          Angle Ryckaert-Bell.          LJ-14     Coulomb-14
    1.61939e+04    5.96090e+04    5.85132e+04    1.58408e+04    5.74978e+04
        LJ (SR)  Disper. corr.   Coulomb (SR)   Coul. recip.      Potential
    1.05308e+05   -1.01126e+04   -1.24875e+06    4.67792e+03   -9.41218e+05
    Kinetic En.   Total Energy  Conserved En.    Temperature Pres. DC (bar)
    2.22036e+05   -7.19181e+05   -7.18527e+05    3.10126e+02   -2.15291e+02
 Pressure (bar)   Constr. rmsd
   -1.41065e+02    3.84140e-06

           Step           Time
         110500      221.00000

   Energies (kJ/mol)
           Bond          Angle Ryckaert-Bell.          LJ-14     Coulomb-14
    1.58437e+04    5.92237e+04    5.90396e+04    1.60753e+04    5.72132e+04
        LJ (SR)  Disper. corr.   Coulomb (SR)   Coul. recip.      Potential
    1.07326e+05   -1.01180e+04   -1.25146e+06    4.70704e+03   -9.42146e+05
    Kinetic En.   Total Energy  Conserved En.    Temperature Pres. DC (bar)
    2.21527e+05   -7.20619e+05   -7.18519e+05    3.09415e+02   -2.15519e+02
 Pressure (bar)   Constr. rmsd
    2.75944e+01    3.84140e-06

           Step           Time
         111000      222.00000

   Energies (kJ/mol)
           Bond          Angle Ryckaert-Bell.          LJ-14     Coulomb-14
    1.62475e+04    5.88801e+04    5.91115e+04    1.59867e+04    5.70558e+04
        LJ (SR)  Disper. corr.   Coulomb (SR)   Coul. recip.      Potential
    1.07148e+05   -1.01196e+04   -1.25044e+06    4.71415e+03   -9.41419e+05
    Kinetic En.   Total Energy  Conserved En.    Temperature Pres. DC (bar)
    2.22003e+05   -7.19416e+05   -7.18514e+05    3.10080e+02   -2.15587e+02
 Pressure (bar)   Constr. rmsd
    1.70402e+01    3.84140e-06

           Step           Time
         111500      223.00000

   Energies (kJ/mol)
           Bond          Angle Ryckaert-Bell.          LJ-14     Coulomb-14
    1.60344e+04    5.92687e+04    5.90053e+04    1.60888e+04    5.72093e+04
        LJ (SR)  Disper. corr.   Coulomb (SR)   Coul. recip.      Potential
    1.09243e+05   -1.01205e+04   -1.25434e+06    4.70788e+03   -9.42904e+05
    Kinetic En.   Total Energy  Conserved En.    Temperature Pres. DC (bar)
    2.20975e+05   -7.21930e+05   -7.18487e+05    3.08644e+02   -2.15626e+02
 Pressure (bar)   Constr. rmsd
    3.11617e+01    3.84140e-06

           Step           Time
         112000      224.00000

   Energies (kJ/mol)
           Bond          Angle Ryckaert-Bell.          LJ-14     Coulomb-14
    1.58793e+04    5.93653e+04    5.87618e+04    1.61989e+04    5.71386e+04
        LJ (SR)  Disper. corr.   Coulomb (SR)   Coul. recip.      Potential
    1.07575e+05   -1.01242e+04   -1.25149e+06    4.71188e+03   -9.41983e+05
    Kinetic En.   Total Energy  Conserved En.    Temperature Pres. DC (bar)
    2.22416e+05   -7.19567e+05   -7.18494e+05    3.10657e+02   -2.15784e+02
 Pressure (bar)   Constr. rmsd
    1.89952e+02    3.84140e-06

           Step           Time
         112500      225.00000

   Energies (kJ/mol)
           Bond          Angle Ryckaert-Bell.          LJ-14     Coulomb-14
    1.63989e+04    5.94999e+04    5.90070e+04    1.61011e+04    5.69200e+04
        LJ (SR)  Disper. corr.   Coulomb (SR)   Coul. recip.      Potential
    1.08275e+05   -1.01232e+04   -1.25122e+06    4.75006e+03   -9.40390e+05
    Kinetic En.   Total Energy  Conserved En.    Temperature Pres. DC (bar)
    2.22602e+05   -7.17788e+05   -7.18508e+05    3.10916e+02   -2.15743e+02
 Pressure (bar)   Constr. rmsd
    1.33132e+02    3.84140e-06

           Step           Time
         113000      226.00000

   Energies (kJ/mol)
           Bond          Angle Ryckaert-Bell.          LJ-14     Coulomb-14
    1.61560e+04    5.86951e+04    5.89558e+04    1.59885e+04    5.72707e+04
        LJ (SR)  Disper. corr.   Coulomb (SR)   Coul. recip.      Potential
    1.08022e+05   -1.01194e+04   -1.25344e+06    4.73627e+03   -9.43740e+05
    Kinetic En.   Total Energy  Conserved En.    Temperature Pres. DC (bar)
    2.22147e+05   -7.21593e+05   -7.18491e+05    3.10280e+02   -2.15579e+02
 Pressure (bar)   Constr. rmsd
   -7.19146e+01    3.84140e-06

           Step           Time
         113500      227.00000

   Energies (kJ/mol)
           Bond          Angle Ryckaert-Bell.          LJ-14     Coulomb-14
    1.61003e+04    5.90432e+04    5.90685e+04    1.61670e+04    5.73163e+04
        LJ (SR)  Disper. corr.   Coulomb (SR)   Coul. recip.      Potential
    1.06735e+05   -1.01176e+04   -1.25130e+06    4.67081e+03   -9.42315e+05
    Kinetic En.   Total Energy  Conserved En.    Temperature Pres. DC (bar)
    2.22608e+05   -7.19707e+05   -7.18489e+05    3.10925e+02   -2.15505e+02
 Pressure (bar)   Constr. rmsd
    5.98481e+00    3.84140e-06

           Step           Time
         114000      228.00000

   Energies (kJ/mol)
           Bond          Angle Ryckaert-Bell.          LJ-14     Coulomb-14
    1.62456e+04    5.89109e+04    5.90987e+04    1.59634e+04    5.74334e+04
        LJ (SR)  Disper. corr.   Coulomb (SR)   Coul. recip.      Potential
    1.09540e+05   -1.01208e+04   -1.25487e+06    4.76246e+03   -9.43038e+05
    Kinetic En.   Total Energy  Conserved En.    Temperature Pres. DC (bar)
    2.22781e+05   -7.20256e+05   -7.18532e+05    3.11167e+02   -2.15638e+02
 Pressure (bar)   Constr. rmsd
   -7.20166e+00    3.84140e-06

           Step           Time
         114500      229.00000

   Energies (kJ/mol)
           Bond          Angle Ryckaert-Bell.          LJ-14     Coulomb-14
    1.61274e+04    5.91986e+04    5.89566e+04    1.59578e+04    5.73162e+04
        LJ (SR)  Disper. corr.   Coulomb (SR)   Coul. recip.      Potential
    1.07284e+05   -1.01143e+04   -1.25139e+06    4.77588e+03   -9.41889e+05
    Kinetic En.   Total Energy  Conserved En.    Temperature Pres. DC (bar)
    2.21822e+05   -7.20067e+05   -7.18553e+05    3.09827e+02   -2.15361e+02
 Pressure (bar)   Constr. rmsd
   -5.42955e+01    3.84140e-06

           Step           Time
         115000      230.00000

   Energies (kJ/mol)
           Bond          Angle Ryckaert-Bell.          LJ-14     Coulomb-14
    1.60758e+04    5.96617e+04    5.90661e+04    1.60580e+04    5.73051e+04
        LJ (SR)  Disper. corr.   Coulomb (SR)   Coul. recip.      Potential
    1.08772e+05   -1.01140e+04   -1.25435e+06    4.72702e+03   -9.42801e+05
    Kinetic En.   Total Energy  Conserved En.    Temperature Pres. DC (bar)
    2.21597e+05   -7.21205e+05   -7.18513e+05    3.09512e+02   -2.15351e+02
 Pressure (bar)   Constr. rmsd
    1.51827e+02    3.84140e-06

           Step           Time
         115500      231.00000

   Energies (kJ/mol)
           Bond          Angle Ryckaert-Bell.          LJ-14     Coulomb-14
    1.58900e+04    5.96205e+04    5.89919e+04    1.61267e+04    5.74297e+04
        LJ (SR)  Disper. corr.   Coulomb (SR)   Coul. recip.      Potential
    1.09483e+05   -1.01148e+04   -1.25285e+06    4.80187e+03   -9.40622e+05
    Kinetic En.   Total Energy  Conserved En.    Temperature Pres. DC (bar)
    2.22458e+05   -7.18164e+05   -7.18536e+05    3.10715e+02   -2.15385e+02
 Pressure (bar)   Constr. rmsd
    3.30624e+02    3.84140e-06

           Step           Time
         116000      232.00000

   Energies (kJ/mol)
           Bond          Angle Ryckaert-Bell.          LJ-14     Coulomb-14
    1.60143e+04    5.87086e+04    5.85725e+04    1.61176e+04    5.72297e+04
        LJ (SR)  Disper. corr.   Coulomb (SR)   Coul. recip.      Potential
    1.09841e+05   -1.01087e+04   -1.25529e+06    4.69305e+03   -9.44225e+05
    Kinetic En.   Total Energy  Conserved En.    Temperature Pres. DC (bar)
    2.21589e+05   -7.22636e+05   -7.18568e+05    3.09501e+02   -2.15126e+02
 Pressure (bar)   Constr. rmsd
    3.44355e+02    3.84140e-06

           Step           Time
         116500      233.00000

   Energies (kJ/mol)
           Bond          Angle Ryckaert-Bell.          LJ-14     Coulomb-14
    1.60346e+04    5.91413e+04    5.86295e+04    1.60715e+04    5.72393e+04
        LJ (SR)  Disper. corr.   Coulomb (SR)   Coul. recip.      Potential
    1.08251e+05   -1.01064e+04   -1.25399e+06    4.77630e+03   -9.43954e+05
    Kinetic En.   Total Energy  Conserved En.    Temperature Pres. DC (bar)
    2.21078e+05   -7.22875e+05   -7.18531e+05    3.08788e+02   -2.15028e+02
 Pressure (bar)   Constr. rmsd
    1.91851e+01    3.84140e-06

           Step           Time
         117000      234.00000

   Energies (kJ/mol)
           Bond          Angle Ryckaert-Bell.          LJ-14     Coulomb-14
    1.62056e+04    5.94234e+04    5.92698e+04    1.61488e+04    5.70402e+04
        LJ (SR)  Disper. corr.   Coulomb (SR)   Coul. recip.      Potential
    1.08340e+05   -1.01060e+04   -1.25331e+06    4.71646e+03   -9.42267e+05
    Kinetic En.   Total Energy  Conserved En.    Temperature Pres. DC (bar)
    2.24132e+05   -7.18135e+05   -7.18633e+05    3.13053e+02   -2.15009e+02
 Pressure (bar)   Constr. rmsd
    1.48370e+01    3.84140e-06

           Step           Time
         117500      235.00000

   Energies (kJ/mol)
           Bond          Angle Ryckaert-Bell.          LJ-14     Coulomb-14
    1.62677e+04    5.88739e+04    5.90011e+04    1.60342e+04    5.71503e+04
        LJ (SR)  Disper. corr.   Coulomb (SR)   Coul. recip.      Potential
    1.09027e+05   -1.01058e+04   -1.25279e+06    4.74863e+03   -9.41794e+05
    Kinetic En.   Total Energy  Conserved En.    Temperature Pres. DC (bar)
    2.19880e+05   -7.21915e+05   -7.18563e+05    3.07114e+02   -2.14999e+02
 Pressure (bar)   Constr. rmsd
    7.29493e+00    3.84140e-06

           Step           Time
         118000      236.00000

   Energies (kJ/mol)
           Bond          Angle Ryckaert-Bell.          LJ-14     Coulomb-14
    1.59648e+04    5.88198e+04    5.89337e+04    1.59035e+04    5.72535e+04
        LJ (SR)  Disper. corr.   Coulomb (SR)   Coul. recip.      Potential
    1.06710e+05   -1.01023e+04   -1.25236e+06    4.69537e+03   -9.44184e+05
    Kinetic En.   Total Energy  Conserved En.    Temperature Pres. DC (bar)
    2.22095e+05   -7.22089e+05   -7.18603e+05    3.10208e+02   -2.14851e+02
 Pressure (bar)   Constr. rmsd
    2.48200e+01    3.84140e-06

           Step           Time
         118500      237.00000

   Energies (kJ/mol)
           Bond          Angle Ryckaert-Bell.          LJ-14     Coulomb-14
    1.64360e+04    5.79301e+04    5.89077e+04    1.60918e+04    5.73232e+04
        LJ (SR)  Disper. corr.   Coulomb (SR)   Coul. recip.      Potential
    1.09060e+05   -1.01044e+04   -1.25425e+06    4.79519e+03   -9.43808e+05
    Kinetic En.   Total Energy  Conserved En.    Temperature Pres. DC (bar)
    2.19871e+05   -7.23937e+05   -7.18566e+05    3.07102e+02   -2.14940e+02
 Pressure (bar)   Constr. rmsd
   -4.62092e+01    3.84140e-06

           Step           Time
         119000      238.00000

   Energies (kJ/mol)
           Bond          Angle Ryckaert-Bell.          LJ-14     Coulomb-14
    1.59107e+04    5.95587e+04    5.91615e+04    1.60666e+04    5.70471e+04
        LJ (SR)  Disper. corr.   Coulomb (SR)   Coul. recip.      Potential
    1.09915e+05   -1.01084e+04   -1.25395e+06    4.67257e+03   -9.41727e+05
    Kinetic En.   Total Energy  Conserved En.    Temperature Pres. DC (bar)
    2.22871e+05   -7.18856e+05   -7.18599e+05    3.11292e+02   -2.15113e+02
 Pressure (bar)   Constr. rmsd
    3.86882e+01    3.84140e-06

           Step           Time
         119500      239.00000

   Energies (kJ/mol)
           Bond          Angle Ryckaert-Bell.          LJ-14     Coulomb-14
    1.60024e+04    5.85088e+04    5.88582e+04    1.60021e+04    5.71308e+04
        LJ (SR)  Disper. corr.   Coulomb (SR)   Coul. recip.      Potential
    1.08450e+05   -1.01063e+04   -1.25313e+06    4.75444e+03   -9.43525e+05
    Kinetic En.   Total Energy  Conserved En.    Temperature Pres. DC (bar)
    2.20229e+05   -7.23296e+05   -7.18616e+05    3.07602e+02   -2.15021e+02
 Pressure (bar)   Constr. rmsd
    3.78373e+01    3.84140e-06

           Step           Time
         120000      240.00000

   Energies (kJ/mol)
           Bond          Angle Ryckaert-Bell.          LJ-14     Coulomb-14
    1.63869e+04    5.94453e+04    5.90078e+04    1.60414e+04    5.70079e+04
        LJ (SR)  Disper. corr.   Coulomb (SR)   Coul. recip.      Potential
    1.07240e+05   -1.01017e+04   -1.25191e+06    4.57124e+03   -9.42310e+05
    Kinetic En.   Total Energy  Conserved En.    Temperature Pres. DC (bar)
    2.23912e+05   -7.18398e+05   -7.18622e+05    3.12746e+02   -2.14828e+02
 Pressure (bar)   Constr. rmsd
   -9.59300e+01    3.84140e-06

           Step           Time
         120500      241.00000

   Energies (kJ/mol)
           Bond          Angle Ryckaert-Bell.          LJ-14     Coulomb-14
    1.59875e+04    5.89998e+04    5.92704e+04    1.59688e+04    5.71750e+04
        LJ (SR)  Disper. corr.   Coulomb (SR)   Coul. recip.      Potential
    1.09277e+05   -1.01004e+04   -1.25499e+06    4.75188e+03   -9.43656e+05
    Kinetic En.   Total Energy  Conserved En.    Temperature Pres. DC (bar)
    2.25436e+05   -7.18220e+05   -7.18731e+05    3.14875e+02   -2.14772e+02
 Pressure (bar)   Constr. rmsd
    2.94526e+00    3.84140e-06

           Step           Time
         121000      242.00000

   Energies (kJ/mol)
           Bond          Angle Ryckaert-Bell.          LJ-14     Coulomb-14
    1.59853e+04    5.85152e+04    5.87383e+04    1.60935e+04    5.71991e+04
        LJ (SR)  Disper. corr.   Coulomb (SR)   Coul. recip.      Potential
    1.07685e+05   -1.01024e+04   -1.25216e+06    4.56224e+03   -9.43480e+05
    Kinetic En.   Total Energy  Conserved En.    Temperature Pres. DC (bar)
    2.22780e+05   -7.20700e+05   -7.18721e+05    3.11166e+02   -2.14856e+02
 Pressure (bar)   Constr. rmsd
    6.22553e+01    3.84140e-06

           Step           Time
         121500      243.00000

   Energies (kJ/mol)
           Bond          Angle Ryckaert-Bell.          LJ-14     Coulomb-14
    1.60067e+04    5.90188e+04    5.91238e+04    1.59302e+04    5.71022e+04
        LJ (SR)  Disper. corr.   Coulomb (SR)   Coul. recip.      Potential
    1.07332e+05   -1.01089e+04   -1.25172e+06    4.72099e+03   -9.42593e+05
    Kinetic En.   Total Energy  Conserved En.    Temperature Pres. DC (bar)
    2.20300e+05   -7.22293e+05   -7.18647e+05    3.07701e+02   -2.15133e+02
 Pressure (bar)   Constr. rmsd
   -1.01279e+02    3.84140e-06

           Step           Time
         122000      244.00000

   Energies (kJ/mol)
           Bond          Angle Ryckaert-Bell.          LJ-14     Coulomb-14
    1.62488e+04    5.88120e+04    5.89278e+04    1.59743e+04    5.73667e+04
        LJ (SR)  Disper. corr.   Coulomb (SR)   Coul. recip.      Potential
    1.08591e+05   -1.01148e+04   -1.25459e+06    4.62097e+03   -9.44162e+05
    Kinetic En.   Total Energy  Conserved En.    Temperature Pres. DC (bar)
    2.20802e+05   -7.23359e+05   -7.18615e+05    3.08403e+02   -2.15385e+02
 Pressure (bar)   Constr. rmsd
   -9.80626e+01    3.84140e-06

           Step           Time
         122500      245.00000

   Energies (kJ/mol)
           Bond          Angle Ryckaert-Bell.          LJ-14     Coulomb-14
    1.58169e+04    5.86396e+04    5.88474e+04    1.61716e+04    5.71560e+04
        LJ (SR)  Disper. corr.   Coulomb (SR)   Coul. recip.      Potential
    1.09074e+05   -1.01244e+04   -1.25365e+06    4.67876e+03   -9.43388e+05
    Kinetic En.   Total Energy  Conserved En.    Temperature Pres. DC (bar)
    2.21976e+05   -7.21412e+05   -7.18719e+05    3.10042e+02   -2.15791e+02
 Pressure (bar)   Constr. rmsd
    2.17125e+02    3.84140e-06

           Step           Time
         123000      246.00000

   Energies (kJ/mol)
           Bond          Angle Ryckaert-Bell.          LJ-14     Coulomb-14
    1.59072e+04    5.87395e+04    5.88779e+04    1.58627e+04    5.72119e+04
        LJ (SR)  Disper. corr.   Coulomb (SR)   Coul. recip.      Potential
    1.08169e+05   -1.01255e+04   -1.25388e+06    4.77429e+03   -9.44465e+05
    Kinetic En.   Total Energy  Conserved En.    Temperature Pres. DC (bar)
    2.21235e+05   -7.23230e+05   -7.18657e+05    3.09007e+02   -2.15838e+02
 Pressure (bar)   Constr. rmsd
   -3.93842e+01    3.84140e-06

           Step           Time
         123500      247.00000

   Energies (kJ/mol)
           Bond          Angle Ryckaert-Bell.          LJ-14     Coulomb-14
    1.63461e+04    6.01863e+04    5.86598e+04    1.59018e+04    5.72563e+04
        LJ (SR)  Disper. corr.   Coulomb (SR)   Coul. recip.      Potential
    1.06914e+05   -1.01253e+04   -1.25129e+06    4.74583e+03   -9.41405e+05
    Kinetic En.   Total Energy  Conserved En.    Temperature Pres. DC (bar)
    2.21968e+05   -7.19437e+05   -7.18615e+05    3.10031e+02   -2.15831e+02
 Pressure (bar)   Constr. rmsd
   -1.43740e+02    3.84140e-06

           Step           Time
         124000      248.00000

   Energies (kJ/mol)
           Bond          Angle Ryckaert-Bell.          LJ-14     Coulomb-14
    1.61998e+04    5.90236e+04    5.88853e+04    1.59308e+04    5.69596e+04
        LJ (SR)  Disper. corr.   Coulomb (SR)   Coul. recip.      Potential
    1.08372e+05   -1.01182e+04   -1.25377e+06    4.61822e+03   -9.43897e+05
    Kinetic En.   Total Energy  Conserved En.    Temperature Pres. DC (bar)
    2.23187e+05   -7.20710e+05   -7.18703e+05    3.11733e+02   -2.15527e+02
 Pressure (bar)   Constr. rmsd
    3.70487e+01    3.84140e-06

           Step           Time
         124500      249.00000

   Energies (kJ/mol)
           Bond          Angle Ryckaert-Bell.          LJ-14     Coulomb-14
    1.62188e+04    5.89845e+04    5.90506e+04    1.58930e+04    5.69732e+04
        LJ (SR)  Disper. corr.   Coulomb (SR)   Coul. recip.      Potential
    1.06962e+05   -1.01138e+04   -1.25136e+06    4.67885e+03   -9.42712e+05
    Kinetic En.   Total Energy  Conserved En.    Temperature Pres. DC (bar)
    2.23090e+05   -7.19623e+05   -7.18734e+05    3.11598e+02   -2.15342e+02
 Pressure (bar)   Constr. rmsd
   -8.97700e+01    3.84140e-06

           Step           Time
         125000      250.00000

   Energies (kJ/mol)
           Bond          Angle Ryckaert-Bell.          LJ-14     Coulomb-14
    1.61846e+04    5.91904e+04    5.88686e+04    1.60941e+04    5.71836e+04
        LJ (SR)  Disper. corr.   Coulomb (SR)   Coul. recip.      Potential
    1.07641e+05   -1.01123e+04   -1.25329e+06    4.61983e+03   -9.43615e+05
    Kinetic En.   Total Energy  Conserved En.    Temperature Pres. DC (bar)
    2.21433e+05   -7.22183e+05   -7.18728e+05    3.09283e+02   -2.15277e+02
 Pressure (bar)   Constr. rmsd
    9.23380e+01    3.84140e-06

           Step           Time
         125500      251.00000

   Energies (kJ/mol)
           Bond          Angle Ryckaert-Bell.          LJ-14     Coulomb-14
    1.60460e+04    5.91512e+04    5.90036e+04    1.60342e+04    5.71834e+04
        LJ (SR)  Disper. corr.   Coulomb (SR)   Coul. recip.      Potential
    1.07069e+05   -1.01172e+04   -1.25291e+06    4.63409e+03   -9.43902e+05
    Kinetic En.   Total Energy  Conserved En.    Temperature Pres. DC (bar)
    2.22974e+05   -7.20928e+05   -7.18741e+05    3.11436e+02   -2.15484e+02
 Pressure (bar)   Constr. rmsd
   -1.37826e+01    3.84140e-06

           Step           Time
         126000      252.00000

   Energies (kJ/mol)
           Bond          Angle Ryckaert-Bell.          LJ-14     Coulomb-14
    1.55080e+04    5.90873e+04    5.89429e+04    1.59907e+04    5.75196e+04
        LJ (SR)  Disper. corr.   Coulomb (SR)   Coul. recip.      Potential
    1.06116e+05   -1.01197e+04   -1.24957e+06    4.67004e+03   -9.41859e+05
    Kinetic En.   Total Energy  Conserved En.    Temperature Pres. DC (bar)
    2.22483e+05   -7.19376e+05   -7.18775e+05    3.10750e+02   -2.15593e+02
 Pressure (bar)   Constr. rmsd
    7.01642e+01    3.84140e-06

           Step           Time
         126500      253.00000

   Energies (kJ/mol)
           Bond          Angle Ryckaert-Bell.          LJ-14     Coulomb-14
    1.62072e+04    5.95388e+04    5.89338e+04    1.60814e+04    5.69938e+04
        LJ (SR)  Disper. corr.   Coulomb (SR)   Coul. recip.      Potential
    1.08501e+05   -1.01242e+04   -1.25334e+06    4.79834e+03   -9.42412e+05
    Kinetic En.   Total Energy  Conserved En.    Temperature Pres. DC (bar)
    2.21890e+05   -7.20522e+05   -7.18690e+05    3.09922e+02   -2.15783e+02
 Pressure (bar)   Constr. rmsd
    1.40980e+02    3.84140e-06

           Step           Time
         127000      254.00000

   Energies (kJ/mol)
           Bond          Angle Ryckaert-Bell.          LJ-14     Coulomb-14
    1.58484e+04    5.86529e+04    5.88812e+04    1.59654e+04    5.70504e+04
        LJ (SR)  Disper. corr.   Coulomb (SR)   Coul. recip.      Potential
    1.09393e+05   -1.01172e+04   -1.25495e+06    4.61436e+03   -9.44663e+05
    Kinetic En.   Total Energy  Conserved En.    Temperature Pres. DC (bar)
    2.21343e+05   -7.23320e+05   -7.18736e+05    3.09157e+02   -2.15484e+02
 Pressure (bar)   Constr. rmsd
    1.65196e+02    3.84140e-06

           Step           Time
         127500      255.00000

   Energies (kJ/mol)
           Bond          Angle Ryckaert-Bell.          LJ-14     Coulomb-14
    1.61018e+04    5.88371e+04    5.88925e+04    1.60831e+04    5.68436e+04
        LJ (SR)  Disper. corr.   Coulomb (SR)   Coul. recip.      Potential
    1.08323e+05   -1.01134e+04   -1.25435e+06    4.72345e+03   -9.44663e+05
    Kinetic En.   Total Energy  Conserved En.    Temperature Pres. DC (bar)
    2.20410e+05   -7.24253e+05   -7.18709e+05    3.07855e+02   -2.15326e+02
 Pressure (bar)   Constr. rmsd
    5.29441e+01    3.84140e-06

           Step           Time
         128000      256.00000

   Energies (kJ/mol)
           Bond          Angle Ryckaert-Bell.          LJ-14     Coulomb-14
    1.63402e+04    5.96964e+04    5.90859e+04    1.59358e+04    5.72081e+04
        LJ (SR)  Disper. corr.   Coulomb (SR)   Coul. recip.      Potential
    1.08009e+05   -1.01081e+04   -1.25222e+06    4.59761e+03   -9.41458e+05
    Kinetic En.   Total Energy  Conserved En.    Temperature Pres. DC (bar)
    2.21871e+05   -7.19588e+05   -7.18741e+05    3.09895e+02   -2.15098e+02
 Pressure (bar)   Constr. rmsd
   -5.23445e+00    3.84140e-06

           Step           Time
         128500      257.00000

   Energies (kJ/mol)
           Bond          Angle Ryckaert-Bell.          LJ-14     Coulomb-14
    1.60644e+04    5.96022e+04    5.89163e+04    1.61110e+04    5.73167e+04
        LJ (SR)  Disper. corr.   Coulomb (SR)   Coul. recip.      Potential
    1.11209e+05   -1.01084e+04   -1.25650e+06    4.67752e+03   -9.42712e+05
    Kinetic En.   Total Energy  Conserved En.    Temperature Pres. DC (bar)
    2.22701e+05   -7.20012e+05   -7.18723e+05    3.11054e+02   -2.15111e+02
 Pressure (bar)   Constr. rmsd
    2.81403e+02    3.84140e-06

           Step           Time
         129000      258.00000

   Energies (kJ/mol)
           Bond          Angle Ryckaert-Bell.          LJ-14     Coulomb-14
    1.60096e+04    5.91214e+04    5.89692e+04    1.61793e+04    5.70878e+04
        LJ (SR)  Disper. corr.   Coulomb (SR)   Coul. recip.      Potential
    1.07371e+05   -1.01058e+04   -1.25297e+06    4.66455e+03   -9.43678e+05
    Kinetic En.   Total Energy  Conserved En.    Temperature Pres. DC (bar)
    2.22210e+05   -7.21468e+05   -7.18829e+05    3.10369e+02   -2.14999e+02
 Pressure (bar)   Constr. rmsd
    8.69704e+01    3.84140e-06

           Step           Time
         129500      259.00000

   Energies (kJ/mol)
           Bond          Angle Ryckaert-Bell.          LJ-14     Coulomb-14
    1.63173e+04    5.88262e+04    5.88967e+04    1.59589e+04    5.70682e+04
        LJ (SR)  Disper. corr.   Coulomb (SR)   Coul. recip.      Potential
    1.08094e+05   -1.01018e+04   -1.25120e+06    4.75662e+03   -9.41386e+05
    Kinetic En.   Total Energy  Conserved En.    Temperature Pres. DC (bar)
    2.21691e+05   -7.19695e+05   -7.18762e+05    3.09644e+02   -2.14831e+02
 Pressure (bar)   Constr. rmsd
   -1.73713e+02    3.84140e-06

           Step           Time
         130000      260.00000

   Energies (kJ/mol)
           Bond          Angle Ryckaert-Bell.          LJ-14     Coulomb-14
    1.60857e+04    5.94124e+04    5.89364e+04    1.60854e+04    5.70791e+04
        LJ (SR)  Disper. corr.   Coulomb (SR)   Coul. recip.      Potential
    1.09015e+05   -1.01053e+04   -1.25309e+06    4.70378e+03   -9.41879e+05
    Kinetic En.   Total Energy  Conserved En.    Temperature Pres. DC (bar)
    2.21615e+05   -7.20263e+05   -7.18792e+05    3.09539e+02   -2.14979e+02
 Pressure (bar)   Constr. rmsd
    6.70027e+01    3.84140e-06

           Step           Time
         130500      261.00000

   Energies (kJ/mol)
           Bond          Angle Ryckaert-Bell.          LJ-14     Coulomb-14
    1.60733e+04    5.91495e+04    5.88637e+04    1.59812e+04    5.71751e+04
        LJ (SR)  Disper. corr.   Coulomb (SR)   Coul. recip.      Potential
    1.09274e+05   -1.01052e+04   -1.25432e+06    4.72046e+03   -9.43188e+05
    Kinetic En.   Total Energy  Conserved En.    Temperature Pres. DC (bar)
    2.21039e+05   -7.22149e+05   -7.18786e+05    3.08734e+02   -2.14976e+02
 Pressure (bar)   Constr. rmsd
   -7.75453e+01    3.84140e-06

           Step           Time
         131000      262.00000

   Energies (kJ/mol)
           Bond          Angle Ryckaert-Bell.          LJ-14     Coulomb-14
    1.64546e+04    5.85129e+04    5.92096e+04    1.58637e+04    5.68937e+04
        LJ (SR)  Disper. corr.   Coulomb (SR)   Coul. recip.      Potential
    1.08386e+05   -1.01051e+04   -1.25376e+06    4.83110e+03   -9.43712e+05
    Kinetic En.   Total Energy  Conserved En.    Temperature Pres. DC (bar)
    2.19935e+05   -7.23776e+05   -7.18800e+05    3.07192e+02   -2.14972e+02
 Pressure (bar)   Constr. rmsd
   -2.46572e+02    3.84140e-06

           Step           Time
         131500      263.00000

   Energies (kJ/mol)
           Bond          Angle Ryckaert-Bell.          LJ-14     Coulomb-14
    1.63164e+04    5.90842e+04    5.90667e+04    1.57435e+04    5.70735e+04
        LJ (SR)  Disper. corr.   Coulomb (SR)   Coul. recip.      Potential
    1.08814e+05   -1.01043e+04   -1.25349e+06    4.74281e+03   -9.42750e+05
    Kinetic En.   Total Energy  Conserved En.    Temperature Pres. DC (bar)
    2.22797e+05   -7.19954e+05   -7.18873e+05    3.11189e+02   -2.14938e+02
 Pressure (bar)   Constr. rmsd
   -5.82732e+01    3.84140e-06

           Step           Time
         132000      264.00000

   Energies (kJ/mol)
           Bond          Angle Ryckaert-Bell.          LJ-14     Coulomb-14
    1.60042e+04    5.87070e+04    5.90158e+04    1.61534e+04    5.69404e+04
        LJ (SR)  Disper. corr.   Coulomb (SR)   Coul. recip.      Potential
    1.08272e+05   -1.01029e+04   -1.25321e+06    4.68404e+03   -9.43538e+05
    Kinetic En.   Total Energy  Conserved En.    Temperature Pres. DC (bar)
    2.21158e+05   -7.22380e+05   -7.18890e+05    3.08899e+02   -2.14875e+02
 Pressure (bar)   Constr. rmsd
    1.14662e+02    3.84140e-06

           Step           Time
         132500      265.00000

   Energies (kJ/mol)
           Bond          Angle Ryckaert-Bell.          LJ-14     Coulomb-14
    1.60031e+04    5.90383e+04    5.90019e+04    1.59978e+04    5.72460e+04
        LJ (SR)  Disper. corr.   Coulomb (SR)   Coul. recip.      Potential
    1.09113e+05   -1.01053e+04   -1.25451e+06    4.69897e+03   -9.43514e+05
    Kinetic En.   Total Energy  Conserved En.    Temperature Pres. DC (bar)
    2.21500e+05   -7.22014e+05   -7.18868e+05    3.09377e+02   -2.14979e+02
 Pressure (bar)   Constr. rmsd
    1.57816e+02    3.84140e-06

           Step           Time
         133000      266.00000

   Energies (kJ/mol)
           Bond          Angle Ryckaert-Bell.          LJ-14     Coulomb-14
    1.64632e+04    5.88413e+04    5.89389e+04    1.59929e+04    5.69545e+04
        LJ (SR)  Disper. corr.   Coulomb (SR)   Coul. recip.      Potential
    1.09276e+05   -1.01078e+04   -1.25463e+06    4.68533e+03   -9.43581e+05
    Kinetic En.   Total Energy  Conserved En.    Temperature Pres. DC (bar)
    2.22858e+05   -7.20724e+05   -7.18865e+05    3.11274e+02   -2.15088e+02
 Pressure (bar)   Constr. rmsd
   -8.84594e+01    3.84140e-06

           Step           Time
         133500      267.00000

   Energies (kJ/mol)
           Bond          Angle Ryckaert-Bell.          LJ-14     Coulomb-14
    1.60416e+04    5.89612e+04    5.89994e+04    1.63134e+04    5.71505e+04
        LJ (SR)  Disper. corr.   Coulomb (SR)   Coul. recip.      Potential
    1.08118e+05   -1.01035e+04   -1.25219e+06    4.56322e+03   -9.42144e+05
    Kinetic En.   Total Energy  Conserved En.    Temperature Pres. DC (bar)
    2.20509e+05   -7.21635e+05   -7.18838e+05    3.07993e+02   -2.14904e+02
 Pressure (bar)   Constr. rmsd
    1.61330e+02    3.84140e-06

           Step           Time
         134000      268.00000

   Energies (kJ/mol)
           Bond          Angle Ryckaert-Bell.          LJ-14     Coulomb-14
    1.61783e+04    5.88325e+04    5.90879e+04    1.60857e+04    5.70773e+04
        LJ (SR)  Disper. corr.   Coulomb (SR)   Coul. recip.      Potential
    1.09469e+05   -1.01037e+04   -1.25230e+06    4.61120e+03   -9.41058e+05
    Kinetic En.   Total Energy  Conserved En.    Temperature Pres. DC (bar)
    2.22043e+05   -7.19015e+05   -7.18894e+05    3.10136e+02   -2.14913e+02
 Pressure (bar)   Constr. rmsd
    7.22085e+01    3.84140e-06

           Step           Time
         134500      269.00000

   Energies (kJ/mol)
           Bond          Angle Ryckaert-Bell.          LJ-14     Coulomb-14
    1.60758e+04    5.89940e+04    5.89519e+04    1.60596e+04    5.72043e+04
        LJ (SR)  Disper. corr.   Coulomb (SR)   Coul. recip.      Potential
    1.09472e+05   -1.00936e+04   -1.25350e+06    4.82166e+03   -9.42019e+05
    Kinetic En.   Total Energy  Conserved En.    Temperature Pres. DC (bar)
    2.20276e+05   -7.21744e+05   -7.18891e+05    3.07667e+02   -2.14482e+02
 Pressure (bar)   Constr. rmsd
    1.09728e+02    3.84140e-06

           Step           Time
         135000      270.00000

   Energies (kJ/mol)
           Bond          Angle Ryckaert-Bell.          LJ-14     Coulomb-14
    1.63996e+04    5.96402e+04    5.87377e+04    1.59245e+04    5.67450e+04
        LJ (SR)  Disper. corr.   Coulomb (SR)   Coul. recip.      Potential
    1.09918e+05   -1.00874e+04   -1.25185e+06    4.65706e+03   -9.39919e+05
    Kinetic En.   Total Energy  Conserved En.    Temperature Pres. DC (bar)
    2.22592e+05   -7.17328e+05   -7.18920e+05    3.10902e+02   -2.14220e+02
 Pressure (bar)   Constr. rmsd
    6.22774e+01    3.84140e-06

           Step           Time
         135500      271.00000

   Energies (kJ/mol)
           Bond          Angle Ryckaert-Bell.          LJ-14     Coulomb-14
    1.56250e+04    5.84344e+04    5.87760e+04    1.60074e+04    5.73988e+04
        LJ (SR)  Disper. corr.   Coulomb (SR)   Coul. recip.      Potential
    1.08720e+05   -1.00853e+04   -1.25296e+06    4.72164e+03   -9.43365e+05
    Kinetic En.   Total Energy  Conserved En.    Temperature Pres. DC (bar)
    2.21800e+05   -7.21565e+05   -7.18920e+05    3.09796e+02   -2.14132e+02
 Pressure (bar)   Constr. rmsd
    4.68674e+01    3.84140e-06

           Step           Time
         136000      272.00000

   Energies (kJ/mol)
           Bond          Angle Ryckaert-Bell.          LJ-14     Coulomb-14
    1.65294e+04    5.95790e+04    5.89038e+04    1.60536e+04    5.71453e+04
        LJ (SR)  Disper. corr.   Coulomb (SR)   Coul. recip.      Potential
    1.07166e+05   -1.00875e+04   -1.25035e+06    4.75778e+03   -9.40300e+05
    Kinetic En.   Total Energy  Conserved En.    Temperature Pres. DC (bar)
    2.23934e+05   -7.16366e+05   -7.18879e+05    3.12776e+02   -2.14222e+02
 Pressure (bar)   Constr. rmsd
   -9.38003e+01    3.84140e-06

           Step           Time
         136500      273.00000

   Energies (kJ/mol)
           Bond          Angle Ryckaert-Bell.          LJ-14     Coulomb-14
    1.62153e+04    5.93406e+04    5.88214e+04    1.59815e+04    5.71087e+04
        LJ (SR)  Disper. corr.   Coulomb (SR)   Coul. recip.      Potential
    1.08442e+05   -1.00899e+04   -1.25291e+06    4.63994e+03   -9.42451e+05
    Kinetic En.   Total Energy  Conserved En.    Temperature Pres. DC (bar)
    2.22472e+05   -7.19979e+05   -7.18877e+05    3.10735e+02   -2.14327e+02
 Pressure (bar)   Constr. rmsd
   -8.21754e+01    3.84140e-06

           Step           Time
         137000      274.00000

   Energies (kJ/mol)
           Bond          Angle Ryckaert-Bell.          LJ-14     Coulomb-14
    1.65741e+04    5.92039e+04    5.89072e+04    1.60260e+04    5.72999e+04
        LJ (SR)  Disper. corr.   Coulomb (SR)   Coul. recip.      Potential
    1.09197e+05   -1.00903e+04   -1.25360e+06    4.63908e+03   -9.41844e+05
    Kinetic En.   Total Energy  Conserved En.    Temperature Pres. DC (bar)
    2.21687e+05   -7.20157e+05   -7.18855e+05    3.09638e+02   -2.14342e+02
 Pressure (bar)   Constr. rmsd
   -2.34702e+02    3.84140e-06

           Step           Time
         137500      275.00000

   Energies (kJ/mol)
           Bond          Angle Ryckaert-Bell.          LJ-14     Coulomb-14
    1.61393e+04    5.88023e+04    5.87897e+04    1.60467e+04    5.72301e+04
        LJ (SR)  Disper. corr.   Coulomb (SR)   Coul. recip.      Potential
    1.07917e+05   -1.00925e+04   -1.25109e+06    4.59555e+03   -9.41664e+05
    Kinetic En.   Total Energy  Conserved En.    Temperature Pres. DC (bar)
    2.22395e+05   -7.19270e+05   -7.19032e+05    3.10627e+02   -2.14436e+02
 Pressure (bar)   Constr. rmsd
    5.84249e+01    3.84140e-06

           Step           Time
         138000      276.00000

   Energies (kJ/mol)
           Bond          Angle Ryckaert-Bell.          LJ-14     Coulomb-14
    1.63489e+04    5.90296e+04    5.87059e+04    1.61699e+04    5.70393e+04
        LJ (SR)  Disper. corr.   Coulomb (SR)   Coul. recip.      Potential
    1.07254e+05   -1.00967e+04   -1.25096e+06    4.80358e+03   -9.41701e+05
    Kinetic En.   Total Energy  Conserved En.    Temperature Pres. DC (bar)
    2.22983e+05   -7.18719e+05   -7.18967e+05    3.11448e+02   -2.14616e+02
 Pressure (bar)   Constr. rmsd
    9.70990e+01    3.84140e-06

           Step           Time
         138500      277.00000

   Energies (kJ/mol)
           Bond          Angle Ryckaert-Bell.          LJ-14     Coulomb-14
    1.57484e+04    5.94611e+04    5.89508e+04    1.60659e+04    5.72157e+04
        LJ (SR)  Disper. corr.   Coulomb (SR)   Coul. recip.      Potential
    1.07711e+05   -1.00921e+04   -1.25258e+06    4.80400e+03   -9.42712e+05
    Kinetic En.   Total Energy  Conserved En.    Temperature Pres. DC (bar)
    2.21262e+05   -7.21450e+05   -7.18902e+05    3.09045e+02   -2.14418e+02
 Pressure (bar)   Constr. rmsd
   -6.02932e+01    3.84140e-06

           Step           Time
         139000      278.00000

   Energies (kJ/mol)
           Bond          Angle Ryckaert-Bell.          LJ-14     Coulomb-14
    1.60832e+04    5.92127e+04    5.90720e+04    1.60173e+04    5.72691e+04
        LJ (SR)  Disper. corr.   Coulomb (SR)   Coul. recip.      Potential
    1.07479e+05   -1.00937e+04   -1.25244e+06    4.96141e+03   -9.42439e+05
    Kinetic En.   Total Energy  Conserved En.    Temperature Pres. DC (bar)
    2.22108e+05   -7.20331e+05   -7.18890e+05    3.10227e+02   -2.14487e+02
 Pressure (bar)   Constr. rmsd
   -1.55215e+02    3.84140e-06

           Step           Time
         139500      279.00000

   Energies (kJ/mol)
           Bond          Angle Ryckaert-Bell.          LJ-14     Coulomb-14
    1.59362e+04    6.02166e+04    5.91811e+04    1.60330e+04    5.70895e+04
        LJ (SR)  Disper. corr.   Coulomb (SR)   Coul. recip.      Potential
    1.07406e+05   -1.00931e+04   -1.25150e+06    4.78672e+03   -9.40943e+05
    Kinetic En.   Total Energy  Conserved En.    Temperature Pres. DC (bar)
    2.21977e+05   -7.18966e+05   -7.18918e+05    3.10043e+02   -2.14461e+02
 Pressure (bar)   Constr. rmsd
   -5.28548e+01    3.84140e-06

           Step           Time
         140000      280.00000

   Energies (kJ/mol)
           Bond          Angle Ryckaert-Bell.          LJ-14     Coulomb-14
    1.58672e+04    5.91988e+04    5.87550e+04    1.59268e+04    5.69577e+04
        LJ (SR)  Disper. corr.   Coulomb (SR)   Coul. recip.      Potential
    1.07973e+05   -1.00960e+04   -1.25365e+06    4.76739e+03   -9.44296e+05
    Kinetic En.   Total Energy  Conserved En.    Temperature Pres. DC (bar)
    2.21799e+05   -7.22498e+05   -7.18982e+05    3.09794e+02   -2.14586e+02
 Pressure (bar)   Constr. rmsd
   -1.18197e+02    3.84140e-06

           Step           Time
         140500      281.00000

   Energies (kJ/mol)
           Bond          Angle Ryckaert-Bell.          LJ-14     Coulomb-14
    1.60540e+04    5.95741e+04    5.89776e+04    1.60507e+04    5.73444e+04
        LJ (SR)  Disper. corr.   Coulomb (SR)   Coul. recip.      Potential
    1.08619e+05   -1.01002e+04   -1.25290e+06    4.79741e+03   -9.41587e+05
    Kinetic En.   Total Energy  Conserved En.    Temperature Pres. DC (bar)
    2.19965e+05   -7.21621e+05   -7.18911e+05    3.07234e+02   -2.14761e+02
 Pressure (bar)   Constr. rmsd
    3.59453e+01    3.84140e-06

           Step           Time
         141000      282.00000

   Energies (kJ/mol)
           Bond          Angle Ryckaert-Bell.          LJ-14     Coulomb-14
    1.63243e+04    5.87108e+04    5.89862e+04    1.59644e+04    5.73409e+04
        LJ (SR)  Disper. corr.   Coulomb (SR)   Coul. recip.      Potential
    1.08199e+05   -1.00968e+04   -1.25252e+06    4.64159e+03   -9.42450e+05
    Kinetic En.   Total Energy  Conserved En.    Temperature Pres. DC (bar)
    2.20039e+05   -7.22411e+05   -7.18930e+05    3.07337e+02   -2.14616e+02
 Pressure (bar)   Constr. rmsd
   -6.40189e+01    3.84140e-06

           Step           Time
         141500      283.00000

   Energies (kJ/mol)
           Bond          Angle Ryckaert-Bell.          LJ-14     Coulomb-14
    1.60195e+04    5.88991e+04    5.85906e+04    1.59558e+04    5.67776e+04
        LJ (SR)  Disper. corr.   Coulomb (SR)   Coul. recip.      Potential
    1.08263e+05   -1.00960e+04   -1.25261e+06    4.74496e+03   -9.43456e+05
    Kinetic En.   Total Energy  Conserved En.    Temperature Pres. DC (bar)
    2.21697e+05   -7.21759e+05   -7.19014e+05    3.09652e+02   -2.14585e+02
 Pressure (bar)   Constr. rmsd
    2.20391e+01    3.84140e-06

           Step           Time
         142000      284.00000

   Energies (kJ/mol)
           Bond          Angle Ryckaert-Bell.          LJ-14     Coulomb-14
    1.61815e+04    5.99193e+04    5.91046e+04    1.59647e+04    5.74474e+04
        LJ (SR)  Disper. corr.   Coulomb (SR)   Coul. recip.      Potential
    1.07885e+05   -1.00976e+04   -1.25257e+06    4.69928e+03   -9.41468e+05
    Kinetic En.   Total Energy  Conserved En.    Temperature Pres. DC (bar)
    2.22381e+05   -7.19087e+05   -7.18962e+05    3.10607e+02   -2.14654e+02
 Pressure (bar)   Constr. rmsd
   -1.74534e+02    3.84140e-06

           Step           Time
         142500      285.00000

   Energies (kJ/mol)
           Bond          Angle Ryckaert-Bell.          LJ-14     Coulomb-14
    1.59830e+04    5.90549e+04    5.90299e+04    1.59812e+04    5.70029e+04
        LJ (SR)  Disper. corr.   Coulomb (SR)   Coul. recip.      Potential
    1.08459e+05   -1.00986e+04   -1.25265e+06    4.73904e+03   -9.42501e+05
    Kinetic En.   Total Energy  Conserved En.    Temperature Pres. DC (bar)
    2.21148e+05   -7.21353e+05   -7.19074e+05    3.08886e+02   -2.14695e+02
 Pressure (bar)   Constr. rmsd
    3.55558e+01    3.84140e-06

           Step           Time
         143000      286.00000

   Energies (kJ/mol)
           Bond          Angle Ryckaert-Bell.          LJ-14     Coulomb-14
    1.62318e+04    5.87694e+04    5.91943e+04    1.60709e+04    5.71824e+04
        LJ (SR)  Disper. corr.   Coulomb (SR)   Coul. recip.      Potential
    1.06686e+05   -1.00988e+04   -1.24939e+06    4.65588e+03   -9.40701e+05
    Kinetic En.   Total Energy  Conserved En.    Temperature Pres. DC (bar)
    2.22404e+05   -7.18297e+05   -7.19068e+05    3.10640e+02   -2.14704e+02
 Pressure (bar)   Constr. rmsd
   -1.57904e+02    3.84140e-06

           Step           Time
         143500      287.00000

   Energies (kJ/mol)
           Bond          Angle Ryckaert-Bell.          LJ-14     Coulomb-14
    1.61175e+04    5.94234e+04    5.89829e+04    1.60205e+04    5.69789e+04
        LJ (SR)  Disper. corr.   Coulomb (SR)   Coul. recip.      Potential
    1.08162e+05   -1.00991e+04   -1.25325e+06    4.77041e+03   -9.42890e+05
    Kinetic En.   Total Energy  Conserved En.    Temperature Pres. DC (bar)
    2.23503e+05   -7.19387e+05   -7.19054e+05    3.12174e+02   -2.14715e+02
 Pressure (bar)   Constr. rmsd
   -1.76210e+02    3.84140e-06

           Step           Time
         144000      288.00000

   Energies (kJ/mol)
           Bond          Angle Ryckaert-Bell.          LJ-14     Coulomb-14
    1.58935e+04    5.85337e+04    5.88193e+04    1.60277e+04    5.71316e+04
        LJ (SR)  Disper. corr.   Coulomb (SR)   Coul. recip.      Potential
    1.07915e+05   -1.00932e+04   -1.25179e+06    4.64421e+03   -9.42917e+05
    Kinetic En.   Total Energy  Conserved En.    Temperature Pres. DC (bar)
    2.21071e+05   -7.21847e+05   -7.19084e+05    3.08778e+02   -2.14466e+02
 Pressure (bar)   Constr. rmsd
   -8.53189e+01    3.84140e-06

           Step           Time
         144500      289.00000

   Energies (kJ/mol)
           Bond          Angle Ryckaert-Bell.          LJ-14     Coulomb-14
    1.66771e+04    5.94618e+04    5.89938e+04    1.59405e+04    5.73379e+04
        LJ (SR)  Disper. corr.   Coulomb (SR)   Coul. recip.      Potential
    1.07813e+05   -1.00920e+04   -1.25012e+06    4.73588e+03   -9.39253e+05
    Kinetic En.   Total Energy  Conserved En.    Temperature Pres. DC (bar)
    2.23932e+05   -7.15321e+05   -7.19091e+05    3.12775e+02   -2.14414e+02
 Pressure (bar)   Constr. rmsd
   -1.31136e+02    3.84140e-06

           Step           Time
         145000      290.00000

   Energies (kJ/mol)
           Bond          Angle Ryckaert-Bell.          LJ-14     Coulomb-14
    1.65618e+04    5.92736e+04    5.86503e+04    1.59730e+04    5.72762e+04
        LJ (SR)  Disper. corr.   Coulomb (SR)   Coul. recip.      Potential
    1.07735e+05   -1.00917e+04   -1.25255e+06    4.67544e+03   -9.42497e+05
    Kinetic En.   Total Energy  Conserved En.    Temperature Pres. DC (bar)
    2.22626e+05   -7.19871e+05   -7.18977e+05    3.10950e+02   -2.14403e+02
 Pressure (bar)   Constr. rmsd
    9.22743e+00    3.84140e-06

           Step           Time
         145500      291.00000

   Energies (kJ/mol)
           Bond          Angle Ryckaert-Bell.          LJ-14     Coulomb-14
    1.61562e+04    5.91014e+04    5.86261e+04    1.59736e+04    5.74883e+04
        LJ (SR)  Disper. corr.   Coulomb (SR)   Coul. recip.      Potential
    1.09365e+05   -1.00909e+04   -1.25331e+06    4.63008e+03   -9.42056e+05
    Kinetic En.   Total Energy  Conserved En.    Temperature Pres. DC (bar)
    2.22165e+05   -7.19891e+05   -7.19058e+05    3.10306e+02   -2.14366e+02
 Pressure (bar)   Constr. rmsd
    3.95442e+01    3.84140e-06

           Step           Time
         146000      292.00000

   Energies (kJ/mol)
           Bond          Angle Ryckaert-Bell.          LJ-14     Coulomb-14
    1.63385e+04    5.93147e+04    5.89652e+04    1.59665e+04    5.73736e+04
        LJ (SR)  Disper. corr.   Coulomb (SR)   Coul. recip.      Potential
    1.08635e+05   -1.00922e+04   -1.25247e+06    4.66301e+03   -9.41310e+05
    Kinetic En.   Total Energy  Conserved En.    Temperature Pres. DC (bar)
    2.22161e+05   -7.19149e+05   -7.19019e+05    3.10301e+02   -2.14423e+02
 Pressure (bar)   Constr. rmsd
   -1.79929e+02    3.84140e-06

           Step           Time
         146500      293.00000

   Energies (kJ/mol)
           Bond          Angle Ryckaert-Bell.          LJ-14     Coulomb-14
    1.62691e+04    5.86707e+04    5.87572e+04    1.59997e+04    5.72022e+04
        LJ (SR)  Disper. corr.   Coulomb (SR)   Coul. recip.      Potential
    1.07041e+05   -1.00967e+04   -1.25174e+06    4.66133e+03   -9.43233e+05
    Kinetic En.   Total Energy  Conserved En.    Temperature Pres. DC (bar)
    2.22162e+05   -7.21072e+05   -7.19080e+05    3.10301e+02   -2.14612e+02
 Pressure (bar)   Constr. rmsd
   -1.43970e+02    3.84140e-06

           Step           Time
         147000      294.00000

   Energies (kJ/mol)
           Bond          Angle Ryckaert-Bell.          LJ-14     Coulomb-14
    1.61775e+04    5.96438e+04    5.89204e+04    1.59787e+04    5.73319e+04
        LJ (SR)  Disper. corr.   Coulomb (SR)   Coul. recip.      Potential
    1.07618e+05   -1.00986e+04   -1.25073e+06    4.58692e+03   -9.40567e+05
    Kinetic En.   Total Energy  Conserved En.    Temperature Pres. DC (bar)
    2.21417e+05   -7.19151e+05   -7.19028e+05    3.09261e+02   -2.14694e+02
 Pressure (bar)   Constr. rmsd
   -6.21500e+01    3.84140e-06

           Step           Time
         147500      295.00000

   Energies (kJ/mol)
           Bond          Angle Ryckaert-Bell.          LJ-14     Coulomb-14
    1.59237e+04    5.91831e+04    5.89961e+04    1.61107e+04    5.73908e+04
        LJ (SR)  Disper. corr.   Coulomb (SR)   Coul. recip.      Potential
    1.08050e+05   -1.00984e+04   -1.25169e+06    4.67218e+03   -9.41467e+05
    Kinetic En.   Total Energy  Conserved En.    Temperature Pres. DC (bar)
    2.21621e+05   -7.19846e+05   -7.19099e+05    3.09546e+02   -2.14688e+02
 Pressure (bar)   Constr. rmsd
    8.97891e+01    3.84140e-06

           Step           Time
         148000      296.00000

   Energies (kJ/mol)
           Bond          Angle Ryckaert-Bell.          LJ-14     Coulomb-14
    1.57567e+04    5.90829e+04    5.85800e+04    1.60662e+04    5.71363e+04
        LJ (SR)  Disper. corr.   Coulomb (SR)   Coul. recip.      Potential
    1.08381e+05   -1.00990e+04   -1.25194e+06    4.73915e+03   -9.42297e+05
    Kinetic En.   Total Energy  Conserved En.    Temperature Pres. DC (bar)
    2.22389e+05   -7.19909e+05   -7.19140e+05    3.10618e+02   -2.14711e+02
 Pressure (bar)   Constr. rmsd
    2.40344e+02    3.84140e-06

           Step           Time
         148500      297.00000

   Energies (kJ/mol)
           Bond          Angle Ryckaert-Bell.          LJ-14     Coulomb-14
    1.62674e+04    5.96947e+04    5.89159e+04    1.61028e+04    5.74752e+04
        LJ (SR)  Disper. corr.   Coulomb (SR)   Coul. recip.      Potential
    1.09064e+05   -1.01011e+04   -1.25187e+06    4.70737e+03   -9.39749e+05
    Kinetic En.   Total Energy  Conserved En.    Temperature Pres. DC (bar)
    2.23155e+05   -7.16594e+05   -7.19073e+05    3.11689e+02   -2.14800e+02
 Pressure (bar)   Constr. rmsd
    1.92172e+02    3.84140e-06

           Step           Time
         149000      298.00000

   Energies (kJ/mol)
           Bond          Angle Ryckaert-Bell.          LJ-14     Coulomb-14
    1.58439e+04    5.86120e+04    5.89508e+04    1.60973e+04    5.76017e+04
        LJ (SR)  Disper. corr.   Coulomb (SR)   Coul. recip.      Potential
    1.07446e+05   -1.01013e+04   -1.25014e+06    4.79987e+03   -9.40894e+05
    Kinetic En.   Total Energy  Conserved En.    Temperature Pres. DC (bar)
    2.20607e+05   -7.20287e+05   -7.19113e+05    3.08130e+02   -2.14808e+02
 Pressure (bar)   Constr. rmsd
    1.06935e+01    3.84140e-06

           Step           Time
         149500      299.00000

   Energies (kJ/mol)
           Bond          Angle Ryckaert-Bell.          LJ-14     Coulomb-14
    1.58855e+04    5.90909e+04    5.89181e+04    1.60025e+04    5.71868e+04
        LJ (SR)  Disper. corr.   Coulomb (SR)   Coul. recip.      Potential
    1.08284e+05   -1.01035e+04   -1.25248e+06    4.62156e+03   -9.42596e+05
    Kinetic En.   Total Energy  Conserved En.    Temperature Pres. DC (bar)
    2.23963e+05   -7.18633e+05   -7.19186e+05    3.12818e+02   -2.14904e+02
 Pressure (bar)   Constr. rmsd
    1.98020e+02    3.84140e-06

           Step           Time
         150000      300.00000

   Energies (kJ/mol)
           Bond          Angle Ryckaert-Bell.          LJ-14     Coulomb-14
    1.56745e+04    5.94738e+04    5.88808e+04    1.60586e+04    5.73276e+04
        LJ (SR)  Disper. corr.   Coulomb (SR)   Coul. recip.      Potential
    1.07890e+05   -1.00978e+04   -1.25271e+06    4.74849e+03   -9.42756e+05
    Kinetic En.   Total Energy  Conserved En.    Temperature Pres. DC (bar)
    2.22008e+05   -7.20748e+05   -7.19106e+05    3.10087e+02   -2.14661e+02
 Pressure (bar)   Constr. rmsd
   -1.21523e+02    3.84140e-06

           Step           Time
         150500      301.00000

   Energies (kJ/mol)
           Bond          Angle Ryckaert-Bell.          LJ-14     Coulomb-14
    1.59822e+04    5.92283e+04    5.87902e+04    1.59954e+04    5.73069e+04
        LJ (SR)  Disper. corr.   Coulomb (SR)   Coul. recip.      Potential
    1.08037e+05   -1.01012e+04   -1.25197e+06    4.76853e+03   -9.41961e+05
    Kinetic En.   Total Energy  Conserved En.    Temperature Pres. DC (bar)
    2.20099e+05   -7.21863e+05   -7.19100e+05    3.07420e+02   -2.14806e+02
 Pressure (bar)   Constr. rmsd
   -7.79482e+01    3.84140e-06

           Step           Time
         151000      302.00000

   Energies (kJ/mol)
           Bond          Angle Ryckaert-Bell.          LJ-14     Coulomb-14
    1.60320e+04    5.90879e+04    5.88999e+04    1.59814e+04    5.72494e+04
        LJ (SR)  Disper. corr.   Coulomb (SR)   Coul. recip.      Potential
    1.06872e+05   -1.01036e+04   -1.24936e+06    4.75183e+03   -9.40594e+05
    Kinetic En.   Total Energy  Conserved En.    Temperature Pres. DC (bar)
    2.23332e+05   -7.17262e+05   -7.19214e+05    3.11936e+02   -2.14908e+02
 Pressure (bar)   Constr. rmsd
   -1.22868e+01    3.84140e-06

           Step           Time
         151500      303.00000

   Energies (kJ/mol)
           Bond          Angle Ryckaert-Bell.          LJ-14     Coulomb-14
    1.66704e+04    5.92035e+04    5.86694e+04    1.61730e+04    5.70930e+04
        LJ (SR)  Disper. corr.   Coulomb (SR)   Coul. recip.      Potential
    1.07526e+05   -1.01031e+04   -1.25052e+06    4.70330e+03   -9.40583e+05
    Kinetic En.   Total Energy  Conserved En.    Temperature Pres. DC (bar)
    2.22431e+05   -7.18152e+05   -7.19094e+05    3.10678e+02   -2.14887e+02
 Pressure (bar)   Constr. rmsd
   -4.15442e+01    3.84140e-06

           Step           Time
         152000      304.00000

   Energies (kJ/mol)
           Bond          Angle Ryckaert-Bell.          LJ-14     Coulomb-14
    1.60623e+04    5.93444e+04    5.87531e+04    1.60272e+04    5.72105e+04
        LJ (SR)  Disper. corr.   Coulomb (SR)   Coul. recip.      Potential
    1.08742e+05   -1.01036e+04   -1.25208e+06    4.67145e+03   -9.41374e+05
    Kinetic En.   Total Energy  Conserved En.    Temperature Pres. DC (bar)
    2.21367e+05   -7.20007e+05   -7.19183e+05    3.09191e+02   -2.14908e+02
 Pressure (bar)   Constr. rmsd
    6.09027e+01    3.84140e-06

           Step           Time
         152500      305.00000

   Energies (kJ/mol)
           Bond          Angle Ryckaert-Bell.          LJ-14     Coulomb-14
    1.63604e+04    5.96164e+04    5.90589e+04    1.61513e+04    5.68426e+04
        LJ (SR)  Disper. corr.   Coulomb (SR)   Coul. recip.      Potential
    1.07207e+05   -1.01002e+04   -1.24971e+06    4.65523e+03   -9.39919e+05
    Kinetic En.   Total Energy  Conserved En.    Temperature Pres. DC (bar)
    2.23304e+05   -7.16616e+05   -7.19181e+05    3.11897e+02   -2.14764e+02
 Pressure (bar)   Constr. rmsd
    2.83100e+01    3.84140e-06

           Step           Time
         153000      306.00000

   Energies (kJ/mol)
           Bond          Angle Ryckaert-Bell.          LJ-14     Coulomb-14
    1.62670e+04    5.92391e+04    5.91082e+04    1.61352e+04    5.73789e+04
        LJ (SR)  Disper. corr.   Coulomb (SR)   Coul. recip.      Potential
    1.07887e+05   -1.00965e+04   -1.25111e+06    4.70850e+03   -9.40482e+05
    Kinetic En.   Total Energy  Conserved En.    Temperature Pres. DC (bar)
    2.23833e+05   -7.16649e+05   -7.19194e+05    3.12635e+02   -2.14607e+02
 Pressure (bar)   Constr. rmsd
    1.78063e+02    3.84140e-06

           Step           Time
         153500      307.00000

   Energies (kJ/mol)
           Bond          Angle Ryckaert-Bell.          LJ-14     Coulomb-14
    1.61883e+04    5.89804e+04    5.91184e+04    1.59995e+04    5.72592e+04
        LJ (SR)  Disper. corr.   Coulomb (SR)   Coul. recip.      Potential
    1.06134e+05   -1.00997e+04   -1.24938e+06    4.69880e+03   -9.41102e+05
    Kinetic En.   Total Energy  Conserved En.    Temperature Pres. DC (bar)
    2.23375e+05   -7.17727e+05   -7.19248e+05    3.11996e+02   -2.14739e+02
 Pressure (bar)   Constr. rmsd
   -1.57650e+02    3.84140e-06

           Step           Time
         154000      308.00000

   Energies (kJ/mol)
           Bond          Angle Ryckaert-Bell.          LJ-14     Coulomb-14
    1.63740e+04    5.91530e+04    5.88230e+04    1.58871e+04    5.73315e+04
        LJ (SR)  Disper. corr.   Coulomb (SR)   Coul. recip.      Potential
    1.08898e+05   -1.01062e+04   -1.25301e+06    4.58378e+03   -9.42064e+05
    Kinetic En.   Total Energy  Conserved En.    Temperature Pres. DC (bar)
    2.21852e+05   -7.20212e+05   -7.19165e+05    3.09869e+02   -2.15019e+02
 Pressure (bar)   Constr. rmsd
   -5.48759e+01    3.84140e-06

           Step           Time
         154500      309.00000

   Energies (kJ/mol)
           Bond          Angle Ryckaert-Bell.          LJ-14     Coulomb-14
    1.61884e+04    5.96879e+04    5.89101e+04    1.61892e+04    5.72926e+04
        LJ (SR)  Disper. corr.   Coulomb (SR)   Coul. recip.      Potential
    1.08242e+05   -1.01045e+04   -1.25071e+06    4.79685e+03   -9.39510e+05
    Kinetic En.   Total Energy  Conserved En.    Temperature Pres. DC (bar)
    2.22483e+05   -7.17026e+05   -7.19199e+05    3.10751e+02   -2.14944e+02
 Pressure (bar)   Constr. rmsd
    2.04694e+02    3.84140e-06

           Step           Time
         155000      310.00000

   Energies (kJ/mol)
           Bond          Angle Ryckaert-Bell.          LJ-14     Coulomb-14
    1.58443e+04    5.95051e+04    5.88631e+04    1.59388e+04    5.71120e+04
        LJ (SR)  Disper. corr.   Coulomb (SR)   Coul. recip.      Potential
    1.07871e+05   -1.01036e+04   -1.25118e+06    4.76787e+03   -9.41378e+05
    Kinetic En.   Total Energy  Conserved En.    Temperature Pres. DC (bar)
    2.22480e+05   -7.18898e+05   -7.19237e+05    3.10747e+02   -2.14905e+02
 Pressure (bar)   Constr. rmsd
   -1.98244e+01    3.84140e-06

           Step           Time
         155500      311.00000

   Energies (kJ/mol)
           Bond          Angle Ryckaert-Bell.          LJ-14     Coulomb-14
    1.62153e+04    5.96340e+04    5.86052e+04    1.58285e+04    5.71681e+04
        LJ (SR)  Disper. corr.   Coulomb (SR)   Coul. recip.      Potential
    1.07126e+05   -1.01048e+04   -1.24980e+06    4.68777e+03   -9.40635e+05
    Kinetic En.   Total Energy  Conserved En.    Temperature Pres. DC (bar)
    2.20132e+05   -7.20502e+05   -7.19199e+05    3.07467e+02   -2.14958e+02
 Pressure (bar)   Constr. rmsd
   -6.13707e+01    3.84140e-06

           Step           Time
         156000      312.00000

   Energies (kJ/mol)
           Bond          Angle Ryckaert-Bell.          LJ-14     Coulomb-14
    1.63652e+04    6.02660e+04    5.89297e+04    1.59887e+04    5.72342e+04
        LJ (SR)  Disper. corr.   Coulomb (SR)   Coul. recip.      Potential
    1.08433e+05   -1.01044e+04   -1.25300e+06    4.71608e+03   -9.41169e+05
    Kinetic En.   Total Energy  Conserved En.    Temperature Pres. DC (bar)
    2.23652e+05   -7.17516e+05   -7.19215e+05    3.12384e+02   -2.14940e+02
 Pressure (bar)   Constr. rmsd
    9.70324e+01    3.84140e-06

           Step           Time
         156500      313.00000

   Energies (kJ/mol)
           Bond          Angle Ryckaert-Bell.          LJ-14     Coulomb-14
    1.63516e+04    5.95457e+04    5.90642e+04    1.59508e+04    5.72630e+04
        LJ (SR)  Disper. corr.   Coulomb (SR)   Coul. recip.      Potential
    1.07367e+05   -1.01093e+04   -1.25159e+06    4.76752e+03   -9.41394e+05
    Kinetic En.   Total Energy  Conserved En.    Temperature Pres. DC (bar)
    2.20480e+05   -7.20914e+05   -7.19177e+05    3.07953e+02   -2.15148e+02
 Pressure (bar)   Constr. rmsd
   -1.10055e+02    3.84140e-06

           Step           Time
         157000      314.00000

   Energies (kJ/mol)
           Bond          Angle Ryckaert-Bell.          LJ-14     Coulomb-14
    1.59091e+04    5.96912e+04    5.90008e+04    1.61709e+04    5.76147e+04
        LJ (SR)  Disper. corr.   Coulomb (SR)   Coul. recip.      Potential
    1.09033e+05   -1.01113e+04   -1.25345e+06    4.78725e+03   -9.41349e+05
    Kinetic En.   Total Energy  Conserved En.    Temperature Pres. DC (bar)
    2.21820e+05   -7.19529e+05   -7.19267e+05    3.09825e+02   -2.15233e+02
 Pressure (bar)   Constr. rmsd
    1.20588e+02    3.84140e-06

           Step           Time
         157500      315.00000

   Energies (kJ/mol)
           Bond          Angle Ryckaert-Bell.          LJ-14     Coulomb-14
    1.59659e+04    5.89460e+04    5.88797e+04    1.59878e+04    5.73827e+04
        LJ (SR)  Disper. corr.   Coulomb (SR)   Coul. recip.      Potential
    1.08016e+05   -1.01110e+04   -1.25150e+06    4.68298e+03   -9.41748e+05
    Kinetic En.   Total Energy  Conserved En.    Temperature Pres. DC (bar)
    2.20688e+05   -7.21061e+05   -7.19228e+05    3.08243e+02   -2.15223e+02
 Pressure (bar)   Constr. rmsd
   -8.78859e+00    3.84140e-06

           Step           Time
         158000      316.00000

   Energies (kJ/mol)
           Bond          Angle Ryckaert-Bell.          LJ-14     Coulomb-14
    1.59410e+04    5.91825e+04    5.88632e+04    1.60176e+04    5.72232e+04
        LJ (SR)  Disper. corr.   Coulomb (SR)   Coul. recip.      Potential
    1.06888e+05   -1.01130e+04   -1.25118e+06    4.53819e+03   -9.42643e+05
    Kinetic En.   Total Energy  Conserved En.    Temperature Pres. DC (bar)
    2.20505e+05   -7.22138e+05   -7.19236e+05    3.07987e+02   -2.15307e+02
 Pressure (bar)   Constr. rmsd
    7.07941e+01    3.84140e-06

           Step           Time
         158500      317.00000

   Energies (kJ/mol)
           Bond          Angle Ryckaert-Bell.          LJ-14     Coulomb-14
    1.62582e+04    5.87765e+04    5.88070e+04    1.60476e+04    5.73819e+04
        LJ (SR)  Disper. corr.   Coulomb (SR)   Coul. recip.      Potential
    1.09084e+05   -1.01084e+04   -1.25239e+06    4.76869e+03   -9.41377e+05
    Kinetic En.   Total Energy  Conserved En.    Temperature Pres. DC (bar)
    2.21928e+05   -7.19449e+05   -7.19209e+05    3.09975e+02   -2.15111e+02
 Pressure (bar)   Constr. rmsd
    4.00546e+01    3.84140e-06

           Step           Time
         159000      318.00000

   Energies (kJ/mol)
           Bond          Angle Ryckaert-Bell.          LJ-14     Coulomb-14
    1.62007e+04    5.94101e+04    5.87385e+04    1.61389e+04    5.71491e+04
        LJ (SR)  Disper. corr.   Coulomb (SR)   Coul. recip.      Potential
    1.07870e+05   -1.01103e+04   -1.25278e+06    4.67013e+03   -9.42713e+05
    Kinetic En.   Total Energy  Conserved En.    Temperature Pres. DC (bar)
    2.21601e+05   -7.21112e+05   -7.19215e+05    3.09519e+02   -2.15194e+02
 Pressure (bar)   Constr. rmsd
    1.31933e+02    3.84140e-06

           Step           Time
         159500      319.00000

   Energies (kJ/mol)
           Bond          Angle Ryckaert-Bell.          LJ-14     Coulomb-14
    1.61644e+04    5.87431e+04    5.89714e+04    1.58970e+04    5.70708e+04
        LJ (SR)  Disper. corr.   Coulomb (SR)   Coul. recip.      Potential
    1.07340e+05   -1.01124e+04   -1.25192e+06    4.69306e+03   -9.43151e+05
    Kinetic En.   Total Energy  Conserved En.    Temperature Pres. DC (bar)
    2.20845e+05   -7.22306e+05   -7.19272e+05    3.08462e+02   -2.15281e+02
 Pressure (bar)   Constr. rmsd
   -1.66236e+02    3.84140e-06

           Step           Time
         160000      320.00000

   Energies (kJ/mol)
           Bond          Angle Ryckaert-Bell.          LJ-14     Coulomb-14
    1.63463e+04    5.95069e+04    5.87856e+04    1.59173e+04    5.72171e+04
        LJ (SR)  Disper. corr.   Coulomb (SR)   Coul. recip.      Potential
    1.08328e+05   -1.01147e+04   -1.25319e+06    4.60810e+03   -9.42593e+05
    Kinetic En.   Total Energy  Conserved En.    Temperature Pres. DC (bar)
    2.24428e+05   -7.18165e+05   -7.19285e+05    3.13468e+02   -2.15380e+02
 Pressure (bar)   Constr. rmsd
   -3.67546e+00    3.84140e-06

           Step           Time
         160500      321.00000

   Energies (kJ/mol)
           Bond          Angle Ryckaert-Bell.          LJ-14     Coulomb-14
    1.61562e+04    5.94523e+04    5.91238e+04    1.58898e+04    5.70942e+04
        LJ (SR)  Disper. corr.   Coulomb (SR)   Coul. recip.      Potential
    1.07461e+05   -1.01111e+04   -1.25113e+06    4.68221e+03   -9.41386e+05
    Kinetic En.   Total Energy  Conserved En.    Temperature Pres. DC (bar)
    2.22086e+05   -7.19300e+05   -7.19273e+05    3.10196e+02   -2.15227e+02
 Pressure (bar)   Constr. rmsd
   -9.16327e+01    3.84140e-06

           Step           Time
         161000      322.00000

   Energies (kJ/mol)
           Bond          Angle Ryckaert-Bell.          LJ-14     Coulomb-14
    1.62589e+04    5.85959e+04    5.84304e+04    1.59501e+04    5.71724e+04
        LJ (SR)  Disper. corr.   Coulomb (SR)   Coul. recip.      Potential
    1.07916e+05   -1.01155e+04   -1.25286e+06    4.73751e+03   -9.43915e+05
    Kinetic En.   Total Energy  Conserved En.    Temperature Pres. DC (bar)
    2.22205e+05   -7.21710e+05   -7.19320e+05    3.10362e+02   -2.15414e+02
 Pressure (bar)   Constr. rmsd
   -8.54406e+01    3.84140e-06

           Step           Time
         161500      323.00000

   Energies (kJ/mol)
           Bond          Angle Ryckaert-Bell.          LJ-14     Coulomb-14
    1.62368e+04    5.89529e+04    5.85369e+04    1.59379e+04    5.71370e+04
        LJ (SR)  Disper. corr.   Coulomb (SR)   Coul. recip.      Potential
    1.08129e+05   -1.01198e+04   -1.25231e+06    4.58886e+03   -9.42908e+05
    Kinetic En.   Total Energy  Conserved En.    Temperature Pres. DC (bar)
    2.20710e+05   -7.22198e+05   -7.19297e+05    3.08273e+02   -2.15597e+02
 Pressure (bar)   Constr. rmsd
   -5.06387e+01    3.84140e-06

           Step           Time
         162000      324.00000

   Energies (kJ/mol)
           Bond          Angle Ryckaert-Bell.          LJ-14     Coulomb-14
    1.62009e+04    5.88544e+04    5.85528e+04    1.61249e+04    5.72108e+04
        LJ (SR)  Disper. corr.   Coulomb (SR)   Coul. recip.      Potential
    1.07643e+05   -1.01199e+04   -1.25359e+06    4.62847e+03   -9.44493e+05
    Kinetic En.   Total Energy  Conserved En.    Temperature Pres. DC (bar)
    2.21488e+05   -7.23005e+05   -7.19302e+05    3.09360e+02   -2.15599e+02
 Pressure (bar)   Constr. rmsd
   -5.87162e+01    3.84140e-06

           Step           Time
         162500      325.00000

   Energies (kJ/mol)
           Bond          Angle Ryckaert-Bell.          LJ-14     Coulomb-14
    1.64633e+04    5.91953e+04    5.89123e+04    1.58896e+04    5.70523e+04
        LJ (SR)  Disper. corr.   Coulomb (SR)   Coul. recip.      Potential
    1.05716e+05   -1.01220e+04   -1.24994e+06    4.73818e+03   -9.42099e+05
    Kinetic En.   Total Energy  Conserved En.    Temperature Pres. DC (bar)
    2.20721e+05   -7.21379e+05   -7.19173e+05    3.08289e+02   -2.15692e+02
 Pressure (bar)   Constr. rmsd
   -3.17474e+02    3.84140e-06

           Step           Time
         163000      326.00000

   Energies (kJ/mol)
           Bond          Angle Ryckaert-Bell.          LJ-14     Coulomb-14
    1.62998e+04    5.90515e+04    5.87994e+04    1.58454e+04    5.74254e+04
        LJ (SR)  Disper. corr.   Coulomb (SR)   Coul. recip.      Potential
    1.08302e+05   -1.01199e+04   -1.25305e+06    4.67461e+03   -9.42771e+05
    Kinetic En.   Total Energy  Conserved En.    Temperature Pres. DC (bar)
    2.22876e+05   -7.19895e+05   -7.19325e+05    3.11299e+02   -2.15601e+02
 Pressure (bar)   Constr. rmsd
   -1.13689e+01    3.84140e-06

           Step           Time
         163500      327.00000

   Energies (kJ/mol)
           Bond          Angle Ryckaert-Bell.          LJ-14     Coulomb-14
    1.59411e+04    5.95298e+04    5.87916e+04    1.59771e+04    5.69012e+04
        LJ (SR)  Disper. corr.   Coulomb (SR)   Coul. recip.      Potential
    1.09905e+05   -1.01180e+04   -1.25378e+06    4.69668e+03   -9.42157e+05
    Kinetic En.   Total Energy  Conserved En.    Temperature Pres. DC (bar)
    2.22253e+05   -7.19903e+05   -7.19298e+05    3.10429e+02   -2.15521e+02
 Pressure (bar)   Constr. rmsd
    2.38397e+02    3.84140e-06

           Step           Time
         164000      328.00000

   Energies (kJ/mol)
           Bond          Angle Ryckaert-Bell.          LJ-14     Coulomb-14
    1.61935e+04    5.93424e+04    5.87532e+04    1.60519e+04    5.73802e+04
        LJ (SR)  Disper. corr.   Coulomb (SR)   Coul. recip.      Potential
    1.08302e+05   -1.01210e+04   -1.25183e+06    4.63960e+03   -9.41290e+05
    Kinetic En.   Total Energy  Conserved En.    Temperature Pres. DC (bar)
    2.23444e+05   -7.17846e+05   -7.19304e+05    3.12092e+02   -2.15647e+02
 Pressure (bar)   Constr. rmsd
    9.50623e+01    3.84140e-06

           Step           Time
         164500      329.00000

   Energies (kJ/mol)
           Bond          Angle Ryckaert-Bell.          LJ-14     Coulomb-14
    1.56676e+04    5.90016e+04    5.88345e+04    1.60425e+04    5.73159e+04
        LJ (SR)  Disper. corr.   Coulomb (SR)   Coul. recip.      Potential
    1.06971e+05   -1.01158e+04   -1.25084e+06    4.68850e+03   -9.42430e+05
    Kinetic En.   Total Energy  Conserved En.    Temperature Pres. DC (bar)
    2.21350e+05   -7.21080e+05   -7.19322e+05    3.09168e+02   -2.15424e+02
 Pressure (bar)   Constr. rmsd
    4.15709e+01    3.84140e-06

           Step           Time
         165000      330.00000

   Energies (kJ/mol)
           Bond          Angle Ryckaert-Bell.          LJ-14     Coulomb-14
    1.62217e+04    5.81702e+04    5.90140e+04    1.60253e+04    5.71873e+04
        LJ (SR)  Disper. corr.   Coulomb (SR)   Coul. recip.      Potential
    1.08058e+05   -1.01210e+04   -1.25317e+06    4.70301e+03   -9.43913e+05
    Kinetic En.   Total Energy  Conserved En.    Temperature Pres. DC (bar)
    2.20784e+05   -7.23130e+05   -7.19364e+05    3.08377e+02   -2.15648e+02
 Pressure (bar)   Constr. rmsd
   -3.67528e+01    3.84140e-06

           Step           Time
         165500      331.00000

   Energies (kJ/mol)
           Bond          Angle Ryckaert-Bell.          LJ-14     Coulomb-14
    1.60935e+04    5.88102e+04    5.87391e+04    1.60257e+04    5.71755e+04
        LJ (SR)  Disper. corr.   Coulomb (SR)   Coul. recip.      Potential
    1.06888e+05   -1.01185e+04   -1.25129e+06    4.64840e+03   -9.43030e+05
    Kinetic En.   Total Energy  Conserved En.    Temperature Pres. DC (bar)
    2.22132e+05   -7.20898e+05   -7.19329e+05    3.10260e+02   -2.15541e+02
 Pressure (bar)   Constr. rmsd
   -1.35788e+02    3.84140e-06

           Step           Time
         166000      332.00000

   Energies (kJ/mol)
           Bond          Angle Ryckaert-Bell.          LJ-14     Coulomb-14
    1.60003e+04    5.90456e+04    5.88412e+04    1.60800e+04    5.72281e+04
        LJ (SR)  Disper. corr.   Coulomb (SR)   Coul. recip.      Potential
    1.08291e+05   -1.01189e+04   -1.25410e+06    4.71612e+03   -9.44021e+05
    Kinetic En.   Total Energy  Conserved En.    Temperature Pres. DC (bar)
    2.22005e+05   -7.22016e+05   -7.19364e+05    3.10083e+02   -2.15559e+02
 Pressure (bar)   Constr. rmsd
    4.08777e+01    3.84140e-06

           Step           Time
         166500      333.00000

   Energies (kJ/mol)
           Bond          Angle Ryckaert-Bell.          LJ-14     Coulomb-14
    1.62188e+04    5.96799e+04    5.91560e+04    1.60550e+04    5.72602e+04
        LJ (SR)  Disper. corr.   Coulomb (SR)   Coul. recip.      Potential
    1.08841e+05   -1.01168e+04   -1.25421e+06    4.62991e+03   -9.42487e+05
    Kinetic En.   Total Energy  Conserved En.    Temperature Pres. DC (bar)
    2.22869e+05   -7.19618e+05   -7.19334e+05    3.11290e+02   -2.15469e+02
 Pressure (bar)   Constr. rmsd
    5.44699e+01    3.84140e-06

           Step           Time
         167000      334.00000

   Energies (kJ/mol)
           Bond          Angle Ryckaert-Bell.          LJ-14     Coulomb-14
    1.60092e+04    5.94924e+04    5.86609e+04    1.60047e+04    5.71673e+04
        LJ (SR)  Disper. corr.   Coulomb (SR)   Coul. recip.      Potential
    1.08548e+05   -1.01109e+04   -1.25295e+06    4.69922e+03   -9.42479e+05
    Kinetic En.   Total Energy  Conserved En.    Temperature Pres. DC (bar)
    2.21098e+05   -7.21381e+05   -7.19316e+05    3.08816e+02   -2.15218e+02
 Pressure (bar)   Constr. rmsd
   -5.99228e+01    3.84140e-06

           Step           Time
         167500      335.00000

   Energies (kJ/mol)
           Bond          Angle Ryckaert-Bell.          LJ-14     Coulomb-14
    1.59452e+04    5.88662e+04    5.86872e+04    1.60151e+04    5.70682e+04
        LJ (SR)  Disper. corr.   Coulomb (SR)   Coul. recip.      Potential
    1.07718e+05   -1.01103e+04   -1.25326e+06    4.64197e+03   -9.44431e+05
    Kinetic En.   Total Energy  Conserved En.    Temperature Pres. DC (bar)
    2.20981e+05   -7.23449e+05   -7.19323e+05    3.08653e+02   -2.15191e+02
 Pressure (bar)   Constr. rmsd
   -3.79456e+01    3.84140e-06

           Step           Time
         168000      336.00000

   Energies (kJ/mol)
           Bond          Angle Ryckaert-Bell.          LJ-14     Coulomb-14
    1.58860e+04    5.92296e+04    5.88666e+04    1.58326e+04    5.66178e+04
        LJ (SR)  Disper. corr.   Coulomb (SR)   Coul. recip.      Potential
    1.08308e+05   -1.01071e+04   -1.25254e+06    4.66900e+03   -9.43236e+05
    Kinetic En.   Total Energy  Conserved En.    Temperature Pres. DC (bar)
    2.23239e+05   -7.19997e+05   -7.19406e+05    3.11807e+02   -2.15055e+02
 Pressure (bar)   Constr. rmsd
    2.37276e+01    3.84140e-06

           Step           Time
         168500      337.00000

   Energies (kJ/mol)
           Bond          Angle Ryckaert-Bell.          LJ-14     Coulomb-14
    1.60109e+04    5.91654e+04    5.89535e+04    1.59005e+04    5.71944e+04
        LJ (SR)  Disper. corr.   Coulomb (SR)   Coul. recip.      Potential
    1.07394e+05   -1.01007e+04   -1.25174e+06    4.60093e+03   -9.42616e+05
    Kinetic En.   Total Energy  Conserved En.    Temperature Pres. DC (bar)
    2.24341e+05   -7.18275e+05   -7.19440e+05    3.13345e+02   -2.14784e+02
 Pressure (bar)   Constr. rmsd
    8.81453e+01    3.84140e-06

           Step           Time
         169000      338.00000

   Energies (kJ/mol)
           Bond          Angle Ryckaert-Bell.          LJ-14     Coulomb-14
    1.57327e+04    5.85162e+04    5.85433e+04    1.59003e+04    5.71657e+04
        LJ (SR)  Disper. corr.   Coulomb (SR)   Coul. recip.      Potential
    1.05204e+05   -1.01014e+04   -1.24909e+06    4.71433e+03   -9.43410e+05
    Kinetic En.   Total Energy  Conserved En.    Temperature Pres. DC (bar)
    2.21564e+05   -7.21846e+05   -7.19414e+05    3.09467e+02   -2.14814e+02
 Pressure (bar)   Constr. rmsd
   -3.50322e+02    3.84140e-06

           Step           Time
         169500      339.00000

   Energies (kJ/mol)
           Bond          Angle Ryckaert-Bell.          LJ-14     Coulomb-14
    1.61095e+04    5.92980e+04    5.88243e+04    1.58687e+04    5.70359e+04
        LJ (SR)  Disper. corr.   Coulomb (SR)   Coul. recip.      Potential
    1.09659e+05   -1.00999e+04   -1.25570e+06    4.66502e+03   -9.44336e+05
    Kinetic En.   Total Energy  Conserved En.    Temperature Pres. DC (bar)
    2.21839e+05   -7.22497e+05   -7.19378e+05    3.09851e+02   -2.14748e+02
 Pressure (bar)   Constr. rmsd
   -3.03503e+01    3.84140e-06

           Step           Time
         170000      340.00000

   Energies (kJ/mol)
           Bond          Angle Ryckaert-Bell.          LJ-14     Coulomb-14
    1.60984e+04    5.94343e+04    5.90785e+04    1.58005e+04    5.70709e+04
        LJ (SR)  Disper. corr.   Coulomb (SR)   Coul. recip.      Potential
    1.08053e+05   -1.01022e+04   -1.25163e+06    4.78076e+03   -9.41415e+05
    Kinetic En.   Total Energy  Conserved En.    Temperature Pres. DC (bar)
    2.22560e+05   -7.18855e+05   -7.19407e+05    3.10857e+02   -2.14846e+02
 Pressure (bar)   Constr. rmsd
   -1.28414e+02    3.84140e-06

           Step           Time
         170500      341.00000

   Energies (kJ/mol)
           Bond          Angle Ryckaert-Bell.          LJ-14     Coulomb-14
    1.62652e+04    5.88092e+04    5.91157e+04    1.61648e+04    5.73972e+04
        LJ (SR)  Disper. corr.   Coulomb (SR)   Coul. recip.      Potential
    1.07995e+05   -1.01030e+04   -1.25110e+06    4.79301e+03   -9.40666e+05
    Kinetic En.   Total Energy  Conserved En.    Temperature Pres. DC (bar)
    2.21616e+05   -7.19050e+05   -7.19390e+05    3.09539e+02   -2.14882e+02
 Pressure (bar)   Constr. rmsd
    8.44625e+01    3.84140e-06

           Step           Time
         171000      342.00000

   Energies (kJ/mol)
           Bond          Angle Ryckaert-Bell.          LJ-14     Coulomb-14
    1.57321e+04    5.87237e+04    5.88109e+04    1.61381e+04    5.72260e+04
        LJ (SR)  Disper. corr.   Coulomb (SR)   Coul. recip.      Potential
    1.07896e+05   -1.00967e+04   -1.25190e+06    4.74601e+03   -9.42723e+05
    Kinetic En.   Total Energy  Conserved En.    Temperature Pres. DC (bar)
    2.21993e+05   -7.20730e+05   -7.19443e+05    3.10066e+02   -2.14615e+02
 Pressure (bar)   Constr. rmsd
    1.14016e+02    3.84140e-06

           Step           Time
         171500      343.00000

   Energies (kJ/mol)
           Bond          Angle Ryckaert-Bell.          LJ-14     Coulomb-14
    1.56902e+04    5.84956e+04    5.89606e+04    1.61595e+04    5.71603e+04
        LJ (SR)  Disper. corr.   Coulomb (SR)   Coul. recip.      Potential
    1.07504e+05   -1.00934e+04   -1.25207e+06    4.75226e+03   -9.43445e+05
    Kinetic En.   Total Energy  Conserved En.    Temperature Pres. DC (bar)
    2.21899e+05   -7.21546e+05   -7.19427e+05    3.09935e+02   -2.14475e+02
 Pressure (bar)   Constr. rmsd
    1.81630e+02    3.84140e-06

           Step           Time
         172000      344.00000

   Energies (kJ/mol)
           Bond          Angle Ryckaert-Bell.          LJ-14     Coulomb-14
    1.63429e+04    5.92991e+04    5.88394e+04    1.59586e+04    5.73776e+04
        LJ (SR)  Disper. corr.   Coulomb (SR)   Coul. recip.      Potential
    1.07745e+05   -1.00930e+04   -1.25323e+06    4.75834e+03   -9.43005e+05
    Kinetic En.   Total Energy  Conserved En.    Temperature Pres. DC (bar)
    2.21386e+05   -7.21619e+05   -7.19369e+05    3.09219e+02   -2.14456e+02
 Pressure (bar)   Constr. rmsd
   -1.07483e+02    3.84140e-06

           Step           Time
         172500      345.00000

   Energies (kJ/mol)
           Bond          Angle Ryckaert-Bell.          LJ-14     Coulomb-14
    1.64022e+04    5.93232e+04    5.91781e+04    1.59024e+04    5.70190e+04
        LJ (SR)  Disper. corr.   Coulomb (SR)   Coul. recip.      Potential
    1.07200e+05   -1.00961e+04   -1.25187e+06    4.79415e+03   -9.42142e+05
    Kinetic En.   Total Energy  Conserved En.    Temperature Pres. DC (bar)
    2.22802e+05   -7.19340e+05   -7.19439e+05    3.11196e+02   -2.14588e+02
 Pressure (bar)   Constr. rmsd
   -1.29749e+02    3.84140e-06

           Step           Time
         173000      346.00000

   Energies (kJ/mol)
           Bond          Angle Ryckaert-Bell.          LJ-14     Coulomb-14
    1.60956e+04    5.96254e+04    5.87004e+04    1.61622e+04    5.72477e+04
        LJ (SR)  Disper. corr.   Coulomb (SR)   Coul. recip.      Potential
    1.08074e+05   -1.01002e+04   -1.25372e+06    4.69877e+03   -9.43215e+05
    Kinetic En.   Total Energy  Conserved En.    Temperature Pres. DC (bar)
    2.21997e+05   -7.21218e+05   -7.19408e+05    3.10072e+02   -2.14762e+02
 Pressure (bar)   Constr. rmsd
    9.61178e+01    3.84140e-06

           Step           Time
         173500      347.00000

   Energies (kJ/mol)
           Bond          Angle Ryckaert-Bell.          LJ-14     Coulomb-14
    1.61311e+04    5.90899e+04    5.89750e+04    1.61945e+04    5.72313e+04
        LJ (SR)  Disper. corr.   Coulomb (SR)   Coul. recip.      Potential
    1.07619e+05   -1.01038e+04   -1.25198e+06    4.69848e+03   -9.42140e+05
    Kinetic En.   Total Energy  Conserved En.    Temperature Pres. DC (bar)
    2.21588e+05   -7.20552e+05   -7.19470e+05    3.09500e+02   -2.14914e+02
 Pressure (bar)   Constr. rmsd
    1.16750e+02    3.84140e-06

           Step           Time
         174000      348.00000

   Energies (kJ/mol)
           Bond          Angle Ryckaert-Bell.          LJ-14     Coulomb-14
    1.63059e+04    5.85370e+04    5.85735e+04    1.60191e+04    5.70513e+04
        LJ (SR)  Disper. corr.   Coulomb (SR)   Coul. recip.      Potential
    1.08721e+05   -1.01012e+04   -1.25427e+06    4.81125e+03   -9.44352e+05
    Kinetic En.   Total Energy  Conserved En.    Temperature Pres. DC (bar)
    2.22054e+05   -7.22298e+05   -7.19472e+05    3.10152e+02   -2.14806e+02
 Pressure (bar)   Constr. rmsd
   -6.60005e+01    3.84140e-06

           Step           Time
         174500      349.00000

   Energies (kJ/mol)
           Bond          Angle Ryckaert-Bell.          LJ-14     Coulomb-14
    1.64372e+04    5.92985e+04    5.90591e+04    1.57993e+04    5.66915e+04
        LJ (SR)  Disper. corr.   Coulomb (SR)   Coul. recip.      Potential
    1.08026e+05   -1.01013e+04   -1.25203e+06    4.80331e+03   -9.42021e+05
    Kinetic En.   Total Energy  Conserved En.    Temperature Pres. DC (bar)
    2.20903e+05   -7.21118e+05   -7.19450e+05    3.08543e+02   -2.14810e+02
 Pressure (bar)   Constr. rmsd
   -1.30785e+02    3.84140e-06

           Step           Time
         175000      350.00000

   Energies (kJ/mol)
           Bond          Angle Ryckaert-Bell.          LJ-14     Coulomb-14
    1.58280e+04    5.88866e+04    5.88919e+04    1.61572e+04    5.72492e+04
        LJ (SR)  Disper. corr.   Coulomb (SR)   Coul. recip.      Potential
    1.07618e+05   -1.01009e+04   -1.25285e+06    4.80732e+03   -9.43515e+05
    Kinetic En.   Total Energy  Conserved En.    Temperature Pres. DC (bar)
    2.21455e+05   -7.22060e+05   -7.19465e+05    3.09314e+02   -2.14794e+02
 Pressure (bar)   Constr. rmsd
   -6.23649e+01    3.84140e-06

           Step           Time
         175500      351.00000

   Energies (kJ/mol)
           Bond          Angle Ryckaert-Bell.          LJ-14     Coulomb-14
    1.59795e+04    5.96556e+04    5.91284e+04    1.62976e+04    5.73164e+04
        LJ (SR)  Disper. corr.   Coulomb (SR)   Coul. recip.      Potential
    1.07689e+05   -1.01024e+04   -1.25128e+06    4.68248e+03   -9.40631e+05
    Kinetic En.   Total Energy  Conserved En.    Temperature Pres. DC (bar)
    2.22793e+05   -7.17838e+05   -7.19505e+05    3.11183e+02   -2.14856e+02
 Pressure (bar)   Constr. rmsd
    1.37013e+02    3.84140e-06

           Step           Time
         176000      352.00000

   Energies (kJ/mol)
           Bond          Angle Ryckaert-Bell.          LJ-14     Coulomb-14
    1.58926e+04    5.93933e+04    5.87758e+04    1.60124e+04    5.70836e+04
        LJ (SR)  Disper. corr.   Coulomb (SR)   Coul. recip.      Potential
    1.08144e+05   -1.01070e+04   -1.25208e+06    4.59574e+03   -9.42292e+05
    Kinetic En.   Total Energy  Conserved En.    Temperature Pres. DC (bar)
    2.21691e+05   -7.20600e+05   -7.19516e+05    3.09644e+02   -2.15050e+02
 Pressure (bar)   Constr. rmsd
   -8.66446e+00    3.84140e-06

           Step           Time
         176500      353.00000

   Energies (kJ/mol)
           Bond          Angle Ryckaert-Bell.          LJ-14     Coulomb-14
    1.62074e+04    5.91367e+04    5.85867e+04    1.60196e+04    5.71572e+04
        LJ (SR)  Disper. corr.   Coulomb (SR)   Coul. recip.      Potential
    1.06643e+05   -1.01071e+04   -1.25043e+06    4.69449e+03   -9.42090e+05
    Kinetic En.   Total Energy  Conserved En.    Temperature Pres. DC (bar)
    2.20603e+05   -7.21486e+05   -7.19464e+05    3.08125e+02   -2.15057e+02
 Pressure (bar)   Constr. rmsd
    7.99539e+00    3.84140e-06

           Step           Time
         177000      354.00000

   Energies (kJ/mol)
           Bond          Angle Ryckaert-Bell.          LJ-14     Coulomb-14
    1.61653e+04    5.93081e+04    5.88789e+04    1.59832e+04    5.75446e+04
        LJ (SR)  Disper. corr.   Coulomb (SR)   Coul. recip.      Potential
    1.06537e+05   -1.01058e+04   -1.24941e+06    4.63534e+03   -9.40468e+05
    Kinetic En.   Total Energy  Conserved En.    Temperature Pres. DC (bar)
    2.22677e+05   -7.17791e+05   -7.19507e+05    3.11021e+02   -2.15000e+02
 Pressure (bar)   Constr. rmsd
   -2.78263e+01    3.84140e-06

           Step           Time
         177500      355.00000

   Energies (kJ/mol)
           Bond          Angle Ryckaert-Bell.          LJ-14     Coulomb-14
    1.62507e+04    5.91661e+04    5.88084e+04    1.59248e+04    5.70745e+04
        LJ (SR)  Disper. corr.   Coulomb (SR)   Coul. recip.      Potential
    1.07193e+05   -1.01070e+04   -1.25137e+06    4.76558e+03   -9.42290e+05
    Kinetic En.   Total Energy  Conserved En.    Temperature Pres. DC (bar)
    2.21774e+05   -7.20516e+05   -7.19551e+05    3.09760e+02   -2.15050e+02
 Pressure (bar)   Constr. rmsd
    1.79972e+01    3.84140e-06

           Step           Time
         178000      356.00000

   Energies (kJ/mol)
           Bond          Angle Ryckaert-Bell.          LJ-14     Coulomb-14
    1.61698e+04    5.88471e+04    5.87777e+04    1.60738e+04    5.71292e+04
        LJ (SR)  Disper. corr.   Coulomb (SR)   Coul. recip.      Potential
    1.07145e+05   -1.01081e+04   -1.25090e+06    4.74002e+03   -9.42121e+05
    Kinetic En.   Total Energy  Conserved En.    Temperature Pres. DC (bar)
    2.22114e+05   -7.20007e+05   -7.19526e+05    3.10235e+02   -2.15100e+02
 Pressure (bar)   Constr. rmsd
   -3.70575e+01    3.84140e-06

           Step           Time
         178500      357.00000

   Energies (kJ/mol)
           Bond          Angle Ryckaert-Bell.          LJ-14     Coulomb-14
    1.63353e+04    5.87404e+04    5.90469e+04    1.59499e+04    5.72936e+04
        LJ (SR)  Disper. corr.   Coulomb (SR)   Coul. recip.      Potential
    1.08040e+05   -1.01088e+04   -1.25222e+06    4.69138e+03   -9.42235e+05
    Kinetic En.   Total Energy  Conserved En.    Temperature Pres. DC (bar)
    2.22138e+05   -7.20096e+05   -7.19562e+05    3.10269e+02   -2.15129e+02
 Pressure (bar)   Constr. rmsd
   -1.97197e+02    3.84140e-06

           Step           Time
         179000      358.00000

   Energies (kJ/mol)
           Bond          Angle Ryckaert-Bell.          LJ-14     Coulomb-14
    1.57314e+04    5.93421e+04    5.90018e+04    1.59714e+04    5.71414e+04
        LJ (SR)  Disper. corr.   Coulomb (SR)   Coul. recip.      Potential
    1.08317e+05   -1.01074e+04   -1.25226e+06    4.71276e+03   -9.42149e+05
    Kinetic En.   Total Energy  Conserved En.    Temperature Pres. DC (bar)
    2.22246e+05   -7.19903e+05   -7.19584e+05    3.10420e+02   -2.15069e+02
 Pressure (bar)   Constr. rmsd
    7.72927e+01    3.84140e-06

           Step           Time
         179500      359.00000

   Energies (kJ/mol)
           Bond          Angle Ryckaert-Bell.          LJ-14     Coulomb-14
    1.61982e+04    5.90258e+04    5.87665e+04    1.59966e+04    5.71410e+04
        LJ (SR)  Disper. corr.   Coulomb (SR)   Coul. recip.      Potential
    1.08593e+05   -1.01148e+04   -1.25463e+06    4.77929e+03   -9.44241e+05
    Kinetic En.   Total Energy  Conserved En.    Temperature Pres. DC (bar)
    2.21063e+05   -7.23178e+05   -7.19569e+05    3.08767e+02   -2.15382e+02
 Pressure (bar)   Constr. rmsd
   -6.24127e+01    3.84140e-06

           Step           Time
         180000      360.00000

   Energies (kJ/mol)
           Bond          Angle Ryckaert-Bell.          LJ-14     Coulomb-14
    1.63729e+04    5.90665e+04    5.89450e+04    1.58174e+04    5.70729e+04
        LJ (SR)  Disper. corr.   Coulomb (SR)   Coul. recip.      Potential
    1.08136e+05   -1.01127e+04   -1.25278e+06    4.69517e+03   -9.42786e+05
    Kinetic En.   Total Energy  Conserved En.    Temperature Pres. DC (bar)
    2.23093e+05   -7.19693e+05   -7.19657e+05    3.11602e+02   -2.15294e+02
 Pressure (bar)   Constr. rmsd
   -1.41524e+02    3.84140e-06

           Step           Time
         180500      361.00000

   Energies (kJ/mol)
           Bond          Angle Ryckaert-Bell.          LJ-14     Coulomb-14
    1.60565e+04    5.94983e+04    5.87747e+04    1.57703e+04    5.71907e+04
        LJ (SR)  Disper. corr.   Coulomb (SR)   Coul. recip.      Potential
    1.07831e+05   -1.01165e+04   -1.25312e+06    4.68293e+03   -9.43430e+05
    Kinetic En.   Total Energy  Conserved En.    Temperature Pres. DC (bar)
    2.22131e+05   -7.21299e+05   -7.19569e+05    3.10259e+02   -2.15457e+02
 Pressure (bar)   Constr. rmsd
   -1.92610e+02    3.84140e-06

           Step           Time
         181000      362.00000

   Energies (kJ/mol)
           Bond          Angle Ryckaert-Bell.          LJ-14     Coulomb-14
    1.57250e+04    5.92565e+04    5.88502e+04    1.62047e+04    5.74490e+04
        LJ (SR)  Disper. corr.   Coulomb (SR)   Coul. recip.      Potential
    1.08568e+05   -1.01211e+04   -1.25321e+06    4.70005e+03   -9.42581e+05
    Kinetic En.   Total Energy  Conserved En.    Temperature Pres. DC (bar)
    2.20801e+05   -7.21780e+05   -7.19576e+05    3.08401e+02   -2.15651e+02
 Pressure (bar)   Constr. rmsd
    1.79250e+02    3.84140e-06

           Step           Time
         181500      363.00000

   Energies (kJ/mol)
           Bond          Angle Ryckaert-Bell.          LJ-14     Coulomb-14
    1.60137e+04    5.93777e+04    5.88852e+04    1.60941e+04    5.69060e+04
        LJ (SR)  Disper. corr.   Coulomb (SR)   Coul. recip.      Potential
    1.07191e+05   -1.01193e+04   -1.25218e+06    4.69133e+03   -9.43138e+05
    Kinetic En.   Total Energy  Conserved En.    Temperature Pres. DC (bar)
    2.22145e+05   -7.20993e+05   -7.19561e+05    3.10278e+02   -2.15575e+02
 Pressure (bar)   Constr. rmsd
   -1.72644e+01    3.84140e-06

           Step           Time
         182000      364.00000

   Energies (kJ/mol)
           Bond          Angle Ryckaert-Bell.          LJ-14     Coulomb-14
    1.56470e+04    5.92767e+04    5.88270e+04    1.62248e+04    5.73246e+04
        LJ (SR)  Disper. corr.   Coulomb (SR)   Coul. recip.      Potential
    1.06616e+05   -1.01215e+04   -1.25144e+06    4.70303e+03   -9.42944e+05
    Kinetic En.   Total Energy  Conserved En.    Temperature Pres. DC (bar)
    2.20588e+05   -7.22355e+05   -7.19558e+05    3.08104e+02   -2.15668e+02
 Pressure (bar)   Constr. rmsd
    4.66924e+01    3.84140e-06

           Step           Time
         182500      365.00000

   Energies (kJ/mol)
           Bond          Angle Ryckaert-Bell.          LJ-14     Coulomb-14
    1.66159e+04    5.95328e+04    5.89353e+04    1.58766e+04    5.70207e+04
        LJ (SR)  Disper. corr.   Coulomb (SR)   Coul. recip.      Potential
    1.07022e+05   -1.01233e+04   -1.25093e+06    4.65757e+03   -9.41388e+05
    Kinetic En.   Total Energy  Conserved En.    Temperature Pres. DC (bar)
    2.20578e+05   -7.20810e+05   -7.19537e+05    3.08090e+02   -2.15746e+02
 Pressure (bar)   Constr. rmsd
   -1.99780e+02    3.84140e-06

           Step           Time
         183000      366.00000

   Energies (kJ/mol)
           Bond          Angle Ryckaert-Bell.          LJ-14     Coulomb-14
    1.69303e+04    5.96068e+04    5.89264e+04    1.59504e+04    5.71508e+04
        LJ (SR)  Disper. corr.   Coulomb (SR)   Coul. recip.      Potential
    1.08681e+05   -1.01224e+04   -1.25256e+06    4.68712e+03   -9.40752e+05
    Kinetic En.   Total Energy  Conserved En.    Temperature Pres. DC (bar)
    2.23520e+05   -7.17233e+05   -7.19552e+05    3.12198e+02   -2.15709e+02
 Pressure (bar)   Constr. rmsd
   -1.51915e+01    3.84140e-06

           Step           Time
         183500      367.00000

   Energies (kJ/mol)
           Bond          Angle Ryckaert-Bell.          LJ-14     Coulomb-14
    1.59726e+04    5.89397e+04    5.86407e+04    1.60867e+04    5.69173e+04
        LJ (SR)  Disper. corr.   Coulomb (SR)   Coul. recip.      Potential
    1.07839e+05   -1.01159e+04   -1.25112e+06    4.64631e+03   -9.42198e+05
    Kinetic En.   Total Energy  Conserved En.    Temperature Pres. DC (bar)
    2.21935e+05   -7.20262e+05   -7.19639e+05    3.09985e+02   -2.15430e+02
 Pressure (bar)   Constr. rmsd
    1.11669e+02    3.84140e-06

           Step           Time
         184000      368.00000

   Energies (kJ/mol)
           Bond          Angle Ryckaert-Bell.          LJ-14     Coulomb-14
    1.59295e+04    5.84651e+04    5.89315e+04    1.58479e+04    5.69368e+04
        LJ (SR)  Disper. corr.   Coulomb (SR)   Coul. recip.      Potential
    1.09298e+05   -1.01163e+04   -1.25357e+06    4.70269e+03   -9.43573e+05
    Kinetic En.   Total Energy  Conserved En.    Temperature Pres. DC (bar)
    2.21126e+05   -7.22448e+05   -7.19653e+05    3.08855e+02   -2.15447e+02
 Pressure (bar)   Constr. rmsd
    7.15960e+01    3.84140e-06

           Step           Time
         184500      369.00000

   Energies (kJ/mol)
           Bond          Angle Ryckaert-Bell.          LJ-14     Coulomb-14
    1.62567e+04    5.89996e+04    5.86222e+04    1.61049e+04    5.73025e+04
        LJ (SR)  Disper. corr.   Coulomb (SR)   Coul. recip.      Potential
    1.08097e+05   -1.01145e+04   -1.25318e+06    4.70376e+03   -9.43209e+05
    Kinetic En.   Total Energy  Conserved En.    Temperature Pres. DC (bar)
    2.22477e+05   -7.20732e+05   -7.19647e+05    3.10742e+02   -2.15373e+02
 Pressure (bar)   Constr. rmsd
   -3.29930e+01    3.84140e-06

           Step           Time
         185000      370.00000

   Energies (kJ/mol)
           Bond          Angle Ryckaert-Bell.          LJ-14     Coulomb-14
    1.62611e+04    5.90371e+04    5.88494e+04    1.59815e+04    5.70332e+04
        LJ (SR)  Disper. corr.   Coulomb (SR)   Coul. recip.      Potential
    1.08605e+05   -1.01144e+04   -1.25497e+06    4.66716e+03   -9.44651e+05
    Kinetic En.   Total Energy  Conserved En.    Temperature Pres. DC (bar)
    2.22050e+05   -7.22600e+05   -7.19615e+05    3.10146e+02   -2.15367e+02
 Pressure (bar)   Constr. rmsd
    2.56411e+01    3.84140e-06

           Step           Time
         185500      371.00000

   Energies (kJ/mol)
           Bond          Angle Ryckaert-Bell.          LJ-14     Coulomb-14
    1.62739e+04    5.96928e+04    5.89069e+04    1.58620e+04    5.68716e+04
        LJ (SR)  Disper. corr.   Coulomb (SR)   Coul. recip.      Potential
    1.08117e+05   -1.01124e+04   -1.25287e+06    4.60613e+03   -9.42654e+05
    Kinetic En.   Total Energy  Conserved En.    Temperature Pres. DC (bar)
    2.21834e+05   -7.20819e+05   -7.19610e+05    3.09845e+02   -2.15281e+02
 Pressure (bar)   Constr. rmsd
   -1.92325e+02    3.84140e-06

           Step           Time
         186000      372.00000

   Energies (kJ/mol)
           Bond          Angle Ryckaert-Bell.          LJ-14     Coulomb-14
    1.58865e+04    5.96553e+04    5.89332e+04    1.59207e+04    5.70128e+04
        LJ (SR)  Disper. corr.   Coulomb (SR)   Coul. recip.      Potential
    1.08152e+05   -1.01129e+04   -1.25147e+06    4.66848e+03   -9.41357e+05
    Kinetic En.   Total Energy  Conserved En.    Temperature Pres. DC (bar)
    2.20590e+05   -7.20766e+05   -7.19610e+05    3.08107e+02   -2.15302e+02
 Pressure (bar)   Constr. rmsd
   -1.07414e+02    3.84140e-06

           Step           Time
         186500      373.00000

   Energies (kJ/mol)
           Bond          Angle Ryckaert-Bell.          LJ-14     Coulomb-14
    1.62911e+04    5.95734e+04    5.88608e+04    1.59219e+04    5.70425e+04
        LJ (SR)  Disper. corr.   Coulomb (SR)   Coul. recip.      Potential
    1.07396e+05   -1.01079e+04   -1.25032e+06    4.69364e+03   -9.40650e+05
    Kinetic En.   Total Energy  Conserved En.    Temperature Pres. DC (bar)
    2.22202e+05   -7.18447e+05   -7.19681e+05    3.10359e+02   -2.15089e+02
 Pressure (bar)   Constr. rmsd
   -6.64867e+01    3.84140e-06

           Step           Time
         187000      374.00000

   Energies (kJ/mol)
           Bond          Angle Ryckaert-Bell.          LJ-14     Coulomb-14
    1.61152e+04    5.93735e+04    5.89179e+04    1.61363e+04    5.71096e+04
        LJ (SR)  Disper. corr.   Coulomb (SR)   Coul. recip.      Potential
    1.07947e+05   -1.01050e+04   -1.25235e+06    4.72484e+03   -9.42132e+05
    Kinetic En.   Total Energy  Conserved En.    Temperature Pres. DC (bar)
    2.22811e+05   -7.19321e+05   -7.19662e+05    3.11209e+02   -2.14968e+02
 Pressure (bar)   Constr. rmsd
    1.50012e+02    3.84140e-06

           Step           Time
         187500      375.00000

   Energies (kJ/mol)
           Bond          Angle Ryckaert-Bell.          LJ-14     Coulomb-14
    1.61806e+04    5.92971e+04    5.88919e+04    1.59220e+04    5.73372e+04
        LJ (SR)  Disper. corr.   Coulomb (SR)   Coul. recip.      Potential
    1.08335e+05   -1.01054e+04   -1.25282e+06    4.71087e+03   -9.42246e+05
    Kinetic En.   Total Energy  Conserved En.    Temperature Pres. DC (bar)
    2.21900e+05   -7.20346e+05   -7.19647e+05    3.09936e+02   -2.14983e+02
 Pressure (bar)   Constr. rmsd
   -1.33578e+02    3.84140e-06

           Step           Time
         188000      376.00000

   Energies (kJ/mol)
           Bond          Angle Ryckaert-Bell.          LJ-14     Coulomb-14
    1.59852e+04    5.85909e+04    5.87588e+04    1.61678e+04    5.69384e+04
        LJ (SR)  Disper. corr.   Coulomb (SR)   Coul. recip.      Potential
    1.08794e+05   -1.01085e+04   -1.25354e+06    4.71081e+03   -9.43699e+05
    Kinetic En.   Total Energy  Conserved En.    Temperature Pres. DC (bar)
    2.20021e+05   -7.23679e+05   -7.19666e+05    3.07311e+02   -2.15116e+02
 Pressure (bar)   Constr. rmsd
    2.50588e+02    3.84140e-06

           Step           Time
         188500      377.00000

   Energies (kJ/mol)
           Bond          Angle Ryckaert-Bell.          LJ-14     Coulomb-14
    1.64334e+04    5.92241e+04    5.88358e+04    1.59727e+04    5.72731e+04
        LJ (SR)  Disper. corr.   Coulomb (SR)   Coul. recip.      Potential
    1.07051e+05   -1.01053e+04   -1.25198e+06    4.64442e+03   -9.42652e+05
    Kinetic En.   Total Energy  Conserved En.    Temperature Pres. DC (bar)
    2.22162e+05   -7.20490e+05   -7.19655e+05    3.10302e+02   -2.14981e+02
 Pressure (bar)   Constr. rmsd
   -3.57124e+02    3.84140e-06

           Step           Time
         189000      378.00000

   Energies (kJ/mol)
           Bond          Angle Ryckaert-Bell.          LJ-14     Coulomb-14
    1.61729e+04    5.84600e+04    5.85516e+04    1.57563e+04    5.73420e+04
        LJ (SR)  Disper. corr.   Coulomb (SR)   Coul. recip.      Potential
    1.09790e+05   -1.01037e+04   -1.25480e+06    4.55118e+03   -9.44277e+05
    Kinetic En.   Total Energy  Conserved En.    Temperature Pres. DC (bar)
    2.21778e+05   -7.22500e+05   -7.19720e+05    3.09765e+02   -2.14912e+02
 Pressure (bar)   Constr. rmsd
   -3.19499e+01    3.84140e-06

           Step           Time
         189500      379.00000

   Energies (kJ/mol)
           Bond          Angle Ryckaert-Bell.          LJ-14     Coulomb-14
    1.58825e+04    5.90681e+04    5.87379e+04    1.61814e+04    5.70462e+04
        LJ (SR)  Disper. corr.   Coulomb (SR)   Coul. recip.      Potential
    1.07888e+05   -1.01020e+04   -1.25215e+06    4.59728e+03   -9.42855e+05
    Kinetic En.   Total Energy  Conserved En.    Temperature Pres. DC (bar)
    2.22747e+05   -7.20108e+05   -7.19776e+05    3.11119e+02   -2.14838e+02
 Pressure (bar)   Constr. rmsd
    1.75127e+02    3.84140e-06

           Step           Time
         190000      380.00000

   Energies (kJ/mol)
           Bond          Angle Ryckaert-Bell.          LJ-14     Coulomb-14
    1.60139e+04    5.95229e+04    5.89271e+04    1.60109e+04    5.68929e+04
        LJ (SR)  Disper. corr.   Coulomb (SR)   Coul. recip.      Potential
    1.07043e+05   -1.01036e+04   -1.25208e+06    4.65886e+03   -9.43111e+05
    Kinetic En.   Total Energy  Conserved En.    Temperature Pres. DC (bar)
    2.20338e+05   -7.22772e+05   -7.19691e+05    3.07755e+02   -2.14907e+02
 Pressure (bar)   Constr. rmsd
   -1.01565e+02    3.84140e-06

           Step           Time
         190500      381.00000

   Energies (kJ/mol)
           Bond          Angle Ryckaert-Bell.          LJ-14     Coulomb-14
    1.60731e+04    5.95024e+04    5.86243e+04    1.59514e+04    5.73488e+04
        LJ (SR)  Disper. corr.   Coulomb (SR)   Coul. recip.      Potential
    1.09601e+05   -1.00978e+04   -1.25373e+06    4.69798e+03   -9.42026e+05
    Kinetic En.   Total Energy  Conserved En.    Temperature Pres. DC (bar)
    2.21257e+05   -7.20769e+05   -7.19671e+05    3.09038e+02   -2.14658e+02
 Pressure (bar)   Constr. rmsd
    6.84730e+01    3.84140e-06

           Step           Time
         191000      382.00000

   Energies (kJ/mol)
           Bond          Angle Ryckaert-Bell.          LJ-14     Coulomb-14
    1.60513e+04    5.90584e+04    5.86101e+04    1.59205e+04    5.72632e+04
        LJ (SR)  Disper. corr.   Coulomb (SR)   Coul. recip.      Potential
    1.10306e+05   -1.00954e+04   -1.25524e+06    4.69482e+03   -9.43433e+05
    Kinetic En.   Total Energy  Conserved En.    Temperature Pres. DC (bar)
    2.21266e+05   -7.22167e+05   -7.19718e+05    3.09050e+02   -2.14560e+02
 Pressure (bar)   Constr. rmsd
    2.86810e+01    3.84140e-06

           Step           Time
         191500      383.00000

   Energies (kJ/mol)
           Bond          Angle Ryckaert-Bell.          LJ-14     Coulomb-14
    1.65649e+04    5.94367e+04    5.88371e+04    1.60161e+04    5.72065e+04
        LJ (SR)  Disper. corr.   Coulomb (SR)   Coul. recip.      Potential
    1.10311e+05   -1.00902e+04   -1.25583e+06    4.69203e+03   -9.42857e+05
    Kinetic En.   Total Energy  Conserved En.    Temperature Pres. DC (bar)
    2.22071e+05   -7.20786e+05   -7.19705e+05    3.10175e+02   -2.14337e+02
 Pressure (bar)   Constr. rmsd
    6.50650e-01    3.84140e-06

           Step           Time
         192000      384.00000

   Energies (kJ/mol)
           Bond          Angle Ryckaert-Bell.          LJ-14     Coulomb-14
    1.61486e+04    5.92574e+04    5.87771e+04    1.59256e+04    5.71391e+04
        LJ (SR)  Disper. corr.   Coulomb (SR)   Coul. recip.      Potential
    1.08837e+05   -1.00936e+04   -1.25406e+06    4.66173e+03   -9.43404e+05
    Kinetic En.   Total Energy  Conserved En.    Temperature Pres. DC (bar)
    2.23368e+05   -7.20036e+05   -7.19757e+05    3.11987e+02   -2.14481e+02
 Pressure (bar)   Constr. rmsd
   -1.69562e+01    3.84140e-06

           Step           Time
         192500      385.00000

   Energies (kJ/mol)
           Bond          Angle Ryckaert-Bell.          LJ-14     Coulomb-14
    1.55423e+04    5.98926e+04    5.89357e+04    1.59701e+04    5.73074e+04
        LJ (SR)  Disper. corr.   Coulomb (SR)   Coul. recip.      Potential
    1.07868e+05   -1.00971e+04   -1.25219e+06    4.74703e+03   -9.42027e+05
    Kinetic En.   Total Energy  Conserved En.    Temperature Pres. DC (bar)
    2.20456e+05   -7.21571e+05   -7.19721e+05    3.07919e+02   -2.14630e+02
 Pressure (bar)   Constr. rmsd
   -1.67881e+02    3.84140e-06

           Step           Time
         193000      386.00000

   Energies (kJ/mol)
           Bond          Angle Ryckaert-Bell.          LJ-14     Coulomb-14
    1.58241e+04    5.90866e+04    5.90916e+04    1.61167e+04    5.70498e+04
        LJ (SR)  Disper. corr.   Coulomb (SR)   Coul. recip.      Potential
    1.08256e+05   -1.00927e+04   -1.25444e+06    4.56172e+03   -9.44551e+05
    Kinetic En.   Total Energy  Conserved En.    Temperature Pres. DC (bar)
    2.21280e+05   -7.23270e+05   -7.19746e+05    3.09070e+02   -2.14443e+02
 Pressure (bar)   Constr. rmsd
    2.14637e+02    3.84140e-06

           Step           Time
         193500      387.00000

   Energies (kJ/mol)
           Bond          Angle Ryckaert-Bell.          LJ-14     Coulomb-14
    1.58457e+04    5.87049e+04    5.86688e+04    1.59191e+04    5.71619e+04
        LJ (SR)  Disper. corr.   Coulomb (SR)   Coul. recip.      Potential
    1.08567e+05   -1.00936e+04   -1.25400e+06    4.74215e+03   -9.44484e+05
    Kinetic En.   Total Energy  Conserved En.    Temperature Pres. DC (bar)
    2.21278e+05   -7.23206e+05   -7.19781e+05    3.09068e+02   -2.14483e+02
 Pressure (bar)   Constr. rmsd
   -7.69630e+01    3.84140e-06

           Step           Time
         194000      388.00000

   Energies (kJ/mol)
           Bond          Angle Ryckaert-Bell.          LJ-14     Coulomb-14
    1.60511e+04    5.82516e+04    5.90049e+04    1.57450e+04    5.71934e+04
        LJ (SR)  Disper. corr.   Coulomb (SR)   Coul. recip.      Potential
    1.09156e+05   -1.00983e+04   -1.25567e+06    4.69463e+03   -9.45667e+05
    Kinetic En.   Total Energy  Conserved En.    Temperature Pres. DC (bar)
    2.21067e+05   -7.24600e+05   -7.19801e+05    3.08773e+02   -2.14680e+02
 Pressure (bar)   Constr. rmsd
   -1.25794e+02    3.84140e-06

           Step           Time
         194500      389.00000

   Energies (kJ/mol)
           Bond          Angle Ryckaert-Bell.          LJ-14     Coulomb-14
    1.59255e+04    5.99375e+04    5.87938e+04    1.61068e+04    5.72116e+04
        LJ (SR)  Disper. corr.   Coulomb (SR)   Coul. recip.      Potential
    1.07587e+05   -1.00985e+04   -1.25211e+06    4.71322e+03   -9.41935e+05
    Kinetic En.   Total Energy  Conserved En.    Temperature Pres. DC (bar)
    2.22621e+05   -7.19315e+05   -7.19752e+05    3.10942e+02   -2.14689e+02
 Pressure (bar)   Constr. rmsd
    6.24117e+01    3.84140e-06

           Step           Time
         195000      390.00000

   Energies (kJ/mol)
           Bond          Angle Ryckaert-Bell.          LJ-14     Coulomb-14
    1.62215e+04    5.97831e+04    5.88657e+04    1.61562e+04    5.73825e+04
        LJ (SR)  Disper. corr.   Coulomb (SR)   Coul. recip.      Potential
    1.08452e+05   -1.00954e+04   -1.25207e+06    4.78110e+03   -9.40522e+05
    Kinetic En.   Total Energy  Conserved En.    Temperature Pres. DC (bar)
    2.25282e+05   -7.15240e+05   -7.19809e+05    3.14659e+02   -2.14558e+02
 Pressure (bar)   Constr. rmsd
    1.23947e+02    3.84140e-06

           Step           Time
         195500      391.00000

   Energies (kJ/mol)
           Bond          Angle Ryckaert-Bell.          LJ-14     Coulomb-14
    1.59878e+04    5.85106e+04    5.88098e+04    1.60477e+04    5.70915e+04
        LJ (SR)  Disper. corr.   Coulomb (SR)   Coul. recip.      Potential
    1.09020e+05   -1.00953e+04   -1.25383e+06    4.70221e+03   -9.43757e+05
    Kinetic En.   Total Energy  Conserved En.    Temperature Pres. DC (bar)
    2.21920e+05   -7.21837e+05   -7.19803e+05    3.09964e+02   -2.14556e+02
 Pressure (bar)   Constr. rmsd
   -4.84070e+01    3.84140e-06

           Step           Time
         196000      392.00000

   Energies (kJ/mol)
           Bond          Angle Ryckaert-Bell.          LJ-14     Coulomb-14
    1.60267e+04    5.88767e+04    5.89871e+04    1.57203e+04    5.75416e+04
        LJ (SR)  Disper. corr.   Coulomb (SR)   Coul. recip.      Potential
    1.09045e+05   -1.00950e+04   -1.25509e+06    4.69169e+03   -9.44297e+05
    Kinetic En.   Total Energy  Conserved En.    Temperature Pres. DC (bar)
    2.21531e+05   -7.22766e+05   -7.19798e+05    3.09420e+02   -2.14541e+02
 Pressure (bar)   Constr. rmsd
   -4.00256e+01    3.84140e-06

           Step           Time
         196500      393.00000

   Energies (kJ/mol)
           Bond          Angle Ryckaert-Bell.          LJ-14     Coulomb-14
    1.63030e+04    5.98052e+04    5.91861e+04    1.62143e+04    5.72343e+04
        LJ (SR)  Disper. corr.   Coulomb (SR)   Coul. recip.      Potential
    1.06816e+05   -1.00965e+04   -1.24974e+06    4.67440e+03   -9.39602e+05
    Kinetic En.   Total Energy  Conserved En.    Temperature Pres. DC (bar)
    2.22362e+05   -7.17240e+05   -7.19786e+05    3.10582e+02   -2.14607e+02
 Pressure (bar)   Constr. rmsd
    9.77857e+01    3.84140e-06

           Step           Time
         197000      394.00000

   Energies (kJ/mol)
           Bond          Angle Ryckaert-Bell.          LJ-14     Coulomb-14
    1.60102e+04    5.91558e+04    5.89730e+04    1.58403e+04    5.71443e+04
        LJ (SR)  Disper. corr.   Coulomb (SR)   Coul. recip.      Potential
    1.05987e+05   -1.00991e+04   -1.25179e+06    4.66179e+03   -9.44116e+05
    Kinetic En.   Total Energy  Conserved En.    Temperature Pres. DC (bar)
    2.20734e+05   -7.23382e+05   -7.19803e+05    3.08308e+02   -2.14716e+02
 Pressure (bar)   Constr. rmsd
   -2.22237e+02    3.84140e-06

           Step           Time
         197500      395.00000

   Energies (kJ/mol)
           Bond          Angle Ryckaert-Bell.          LJ-14     Coulomb-14
    1.59721e+04    5.91609e+04    5.89677e+04    1.60127e+04    5.74047e+04
        LJ (SR)  Disper. corr.   Coulomb (SR)   Coul. recip.      Potential
    1.07251e+05   -1.01060e+04   -1.25221e+06    4.67049e+03   -9.42878e+05
    Kinetic En.   Total Energy  Conserved En.    Temperature Pres. DC (bar)
    2.23362e+05   -7.19515e+05   -7.19854e+05    3.11979e+02   -2.15010e+02
 Pressure (bar)   Constr. rmsd
    1.18155e+01    3.84140e-06

           Step           Time
         198000      396.00000

   Energies (kJ/mol)
           Bond          Angle Ryckaert-Bell.          LJ-14     Coulomb-14
    1.60489e+04    5.94894e+04    5.87178e+04    1.60652e+04    5.72491e+04
        LJ (SR)  Disper. corr.   Coulomb (SR)   Coul. recip.      Potential
    1.08083e+05   -1.01057e+04   -1.25233e+06    4.69705e+03   -9.42080e+05
    Kinetic En.   Total Energy  Conserved En.    Temperature Pres. DC (bar)
    2.20966e+05   -7.21114e+05   -7.19859e+05    3.08632e+02   -2.14996e+02
 Pressure (bar)   Constr. rmsd
    2.38718e+02    3.84140e-06

           Step           Time
         198500      397.00000

   Energies (kJ/mol)
           Bond          Angle Ryckaert-Bell.          LJ-14     Coulomb-14
    1.59631e+04    5.99504e+04    5.88963e+04    1.61205e+04    5.74759e+04
        LJ (SR)  Disper. corr.   Coulomb (SR)   Coul. recip.      Potential
    1.04962e+05   -1.01031e+04   -1.24761e+06    4.71701e+03   -9.39625e+05
    Kinetic En.   Total Energy  Conserved En.    Temperature Pres. DC (bar)
    2.21503e+05   -7.18122e+05   -7.19793e+05    3.09381e+02   -2.14887e+02
 Pressure (bar)   Constr. rmsd
   -1.68279e+02    3.84140e-06

           Step           Time
         199000      398.00000

   Energies (kJ/mol)
           Bond          Angle Ryckaert-Bell.          LJ-14     Coulomb-14
    1.62444e+04    5.94518e+04    5.88157e+04    1.59635e+04    5.76026e+04
        LJ (SR)  Disper. corr.   Coulomb (SR)   Coul. recip.      Potential
    1.07520e+05   -1.01054e+04   -1.25185e+06    4.76975e+03   -9.41588e+05
    Kinetic En.   Total Energy  Conserved En.    Temperature Pres. DC (bar)
    2.23092e+05   -7.18496e+05   -7.19871e+05    3.11600e+02   -2.14983e+02
 Pressure (bar)   Constr. rmsd
   -9.17654e+01    3.84140e-06

           Step           Time
         199500      399.00000

   Energies (kJ/mol)
           Bond          Angle Ryckaert-Bell.          LJ-14     Coulomb-14
    1.59025e+04    5.87626e+04    5.82860e+04    1.61067e+04    5.73162e+04
        LJ (SR)  Disper. corr.   Coulomb (SR)   Coul. recip.      Potential
    1.07427e+05   -1.01014e+04   -1.25125e+06    4.79207e+03   -9.42760e+05
    Kinetic En.   Total Energy  Conserved En.    Temperature Pres. DC (bar)
    2.21650e+05   -7.21110e+05   -7.19963e+05    3.09587e+02   -2.14813e+02
 Pressure (bar)   Constr. rmsd
    2.01189e+01    3.84140e-06

           Step           Time
         200000      400.00000

Writing checkpoint, step 200000 at Tue May  5 18:09:03 2026


   Energies (kJ/mol)
           Bond          Angle Ryckaert-Bell.          LJ-14     Coulomb-14
    1.61667e+04    5.99026e+04    5.86228e+04    1.58870e+04    5.74443e+04
        LJ (SR)  Disper. corr.   Coulomb (SR)   Coul. recip.      Potential
    1.08802e+05   -1.01081e+04   -1.25367e+06    4.75002e+03   -9.42202e+05
    Kinetic En.   Total Energy  Conserved En.    Temperature Pres. DC (bar)
    2.22579e+05   -7.19623e+05   -7.19908e+05    3.10884e+02   -2.15099e+02
 Pressure (bar)   Constr. rmsd
    7.97501e+00    3.84140e-06


Energy conservation over simulation part #1 of length 400 ps, time 0 to 400 ps
  Conserved energy drift: -9.74e-05 kJ/mol/ps per atom


	<======  ###############  ==>
	<====  A V E R A G E S  ====>
	<==  ###############  ======>

	Statistics over 200001 steps using 2001 frames

   Energies (kJ/mol)
           Bond          Angle Ryckaert-Bell.          LJ-14     Coulomb-14
    1.61432e+04    5.90964e+04    5.88570e+04    1.60395e+04    5.72388e+04
        LJ (SR)  Disper. corr.   Coulomb (SR)   Coul. recip.      Potential
    1.08086e+05   -1.01047e+04   -1.25235e+06    4.69539e+03   -9.42302e+05
    Kinetic En.   Total Energy  Conserved En.    Temperature Pres. DC (bar)
    2.21932e+05   -7.20370e+05   -7.18342e+05    3.09980e+02   -2.14954e+02
 Pressure (bar)   Constr. rmsd
   -1.55361e+00    0.00000e+00

          Box-X          Box-Y          Box-Z
    7.84345e+00    7.84345e+00    1.26996e+01

   Total Virial (kJ/mol)
    7.35283e+04   -1.65871e+02   -3.36070e+01
   -1.65886e+02    7.38823e+04   -2.75186e+02
   -3.36309e+01   -2.75187e+02    7.46314e+04

   Pressure (bar)
   -2.52490e-01    6.58070e+00    2.92001e-01
    6.58138e+00   -1.04740e+01    8.14738e+00
    2.93018e-01    8.14742e+00    6.06567e+00

  T-Protein_MOL      T-SOL_Ion          T-dop
    3.09955e+02    3.09967e+02    3.10017e+02


	M E G A - F L O P S   A C C O U N T I N G

 NB=Group-cutoff nonbonded kernels    NxN=N-by-N cluster Verlet kernels
 RF=Reaction-Field  VdW=Van der Waals  QSTab=quadratic-spline table
 W3=SPC/TIP3p  W4=TIP4p (single or pairs)
 V&F=Potential and force  V=Potential only  F=Force only

 Computing:                               M-Number         M-Flops  % Flops
-----------------------------------------------------------------------------
 Pair Search distance check           19131.783840      172186.055     0.0
 NxN Ewald Elec. + LJ [F]          20058173.182080  1564537508.202    98.3
 NxN Ewald Elec. + LJ [V&F]          202709.151808    26149480.583     1.6
 Shift-X                                160.658289         963.950     0.0
 Virial                                 803.420334       14461.566     0.0
 Stop-CM                                160.738578        1607.386     0.0
 P-Coupling                             802.970289        4817.822     0.0
 Calc-Ekin                             1605.940578       43360.396     0.0
 Lincs                                    0.032302           1.938     0.0
 Lincs-Mat                                0.208128           0.833     0.0
 Constraint-V                             0.084790           0.763     0.0
 Settle                                   0.034992          12.947     0.0
-----------------------------------------------------------------------------
 Total                                              1590924402.440   100.0
-----------------------------------------------------------------------------


      R E A L   C Y C L E   A N D   T I M E   A C C O U N T I N G

On 1 MPI rank, each using 16 OpenMP threads

 Activity:              Num   Num      Call    Wall time         Giga-Cycles
                        Ranks Threads  Count      (s)         total sum    %
--------------------------------------------------------------------------------
 Neighbor search           1   16       2001       7.037        224.751   3.1
 Launch PP GPU ops.        1   16     398001       6.422        205.130   2.8
 Force                     1   16     200001       0.225          7.182   0.1
 PME GPU mesh              1   16     200001      10.602        338.610   4.7
 Wait Bonded GPU           1   16       2001       0.003          0.095   0.0
 Wait GPU NB local         1   16     200001       8.822        281.773   3.9
 Wait GPU state copy       1   16      38003     190.810       6094.395  83.8
 NB X/F buffer ops.        1   16      10001       0.609         19.455   0.3
 Write traj.               1   16          5       0.181          5.795   0.1
 Constraints               1   16          2       0.001          0.022   0.0
 Rest                                              3.044         97.232   1.3
--------------------------------------------------------------------------------
 Total                                           227.756       7274.439 100.0
--------------------------------------------------------------------------------
 Breakdown of PME mesh activities
--------------------------------------------------------------------------------
 Wait PME GPU gather       1   16     200001       2.900         92.638   1.3
 Reduce GPU PME F          1   16     200001       0.249          7.960   0.1
 Launch PME GPU ops.       1   16    1800009       6.617        211.345   2.9
--------------------------------------------------------------------------------

               Core t (s)   Wall t (s)        (%)
       Time:     3642.996      227.756     1599.5
                 (ns/day)    (hour/ns)
Performance:      151.742        0.158
Finished mdrun on rank 0 Tue May  5 18:09:03 2026

