timestamp, power.draw [W], utilization.gpu [%]
2025/12/07 21:15:27.871, 244.08 W, 22 %
2025/12/07 21:15:27.973, 232.33 W, 22 %
2025/12/07 21:15:28.073, 214.29 W, 0 %
2025/12/07 21:15:28.173, 197.20 W, 0 %
2025/12/07 21:15:28.273, 179.50 W, 1 %
2025/12/07 21:15:28.373, 161.76 W, 1 %
2025/12/07 21:15:28.474, 143.78 W, 0 %
2025/12/07 21:15:28.574, 125.63 W, 0 %
2025/12/07 21:15:28.674, 107.67 W, 0 %
2025/12/07 21:15:28.774, 98.81 W, 0 %
2025/12/07 21:15:28.874, 97.84 W, 0 %
2025/12/07 21:15:28.974, 96.82 W, 0 %
2025/12/07 21:15:29.074, 96.57 W, 0 %
2025/12/07 21:15:29.175, 96.14 W, 0 %
2025/12/07 21:15:29.275, 95.50 W, 0 %
2025/12/07 21:15:29.375, 95.18 W, 0 %
2025/12/07 21:15:29.475, 95.02 W, 0 %
2025/12/07 21:15:29.576, 95.11 W, 0 %
2025/12/07 21:15:29.676, 96.53 W, 54 %
2025/12/07 21:15:29.776, 96.40 W, 54 %
2025/12/07 21:15:29.876, 96.38 W, 0 %
2025/12/07 21:15:29.976, 96.14 W, 0 %
2025/12/07 21:15:30.076, 96.10 W, 0 %
2025/12/07 21:15:30.176, 95.90 W, 0 %
2025/12/07 21:15:30.276, 95.89 W, 0 %
2025/12/07 21:15:30.377, 95.65 W, 0 %
2025/12/07 21:15:30.477, 95.55 W, 0 %
2025/12/07 21:15:30.577, 95.50 W, 0 %
2025/12/07 21:15:30.677, 95.78 W, 4 %
2025/12/07 21:15:30.777, 114.64 W, 4 %
2025/12/07 21:15:30.877, 135.05 W, 99 %
2025/12/07 21:15:30.978, 149.39 W, 99 %
2025/12/07 21:15:31.078, 167.93 W, 99 %
2025/12/07 21:15:31.178, 186.14 W, 99 %
2025/12/07 21:15:31.278, 204.87 W, 98 %
2025/12/07 21:15:31.378, 235.81 W, 98 %
2025/12/07 21:15:31.478, 241.21 W, 99 %
2025/12/07 21:15:31.578, 259.58 W, 99 %
2025/12/07 21:15:31.679, 276.76 W, 99 %
2025/12/07 21:15:31.779, 294.70 W, 99 %
2025/12/07 21:15:31.879, 294.35 W, 99 %
2025/12/07 21:15:31.979, 293.98 W, 99 %
2025/12/07 21:15:32.079, 293.95 W, 99 %
2025/12/07 21:15:32.179, 293.92 W, 99 %
2025/12/07 21:15:32.279, 294.03 W, 99 %
2025/12/07 21:15:32.380, 293.41 W, 99 %
2025/12/07 21:15:32.480, 293.96 W, 99 %
2025/12/07 21:15:32.580, 293.92 W, 99 %
2025/12/07 21:15:32.680, 293.10 W, 99 %
2025/12/07 21:15:32.780, 294.05 W, 99 %
2025/12/07 21:15:32.880, 293.98 W, 99 %
2025/12/07 21:15:32.980, 293.67 W, 99 %
2025/12/07 21:15:33.081, 293.83 W, 99 %
2025/12/07 21:15:33.181, 293.71 W, 99 %
2025/12/07 21:15:33.281, 293.60 W, 99 %
2025/12/07 21:15:33.381, 293.23 W, 99 %
2025/12/07 21:15:33.481, 292.52 W, 99 %
2025/12/07 21:15:33.581, 292.30 W, 99 %
2025/12/07 21:15:33.681, 292.29 W, 99 %
2025/12/07 21:15:33.782, 292.84 W, 99 %
2025/12/07 21:15:33.882, 292.55 W, 99 %
2025/12/07 21:15:33.982, 292.57 W, 99 %
2025/12/07 21:15:34.082, 292.73 W, 99 %
2025/12/07 21:15:34.182, 292.51 W, 99 %
2025/12/07 21:15:34.282, 292.01 W, 70 %
2025/12/07 21:15:34.382, 292.35 W, 70 %
2025/12/07 21:15:34.483, 292.94 W, 99 %
2025/12/07 21:15:34.583, 293.17 W, 99 %
2025/12/07 21:15:34.683, 293.76 W, 99 %
2025/12/07 21:15:34.783, 293.80 W, 99 %
2025/12/07 21:15:34.883, 294.23 W, 99 %
2025/12/07 21:15:34.983, 294.52 W, 99 %
2025/12/07 21:15:35.083, 294.75 W, 99 %
2025/12/07 21:15:35.184, 294.39 W, 99 %
2025/12/07 21:15:35.284, 294.36 W, 99 %
2025/12/07 21:15:35.384, 294.71 W, 99 %
2025/12/07 21:15:35.484, 294.09 W, 99 %
2025/12/07 21:15:35.584, 294.02 W, 99 %
2025/12/07 21:15:35.685, 294.14 W, 98 %
2025/12/07 21:15:35.785, 293.86 W, 98 %
2025/12/07 21:15:35.885, 293.98 W, 99 %
2025/12/07 21:15:35.985, 293.34 W, 99 %
2025/12/07 21:15:36.085, 293.20 W, 99 %
2025/12/07 21:15:36.185, 293.09 W, 99 %
2025/12/07 21:15:36.285, 293.08 W, 99 %
2025/12/07 21:15:36.386, 293.61 W, 99 %
2025/12/07 21:15:36.486, 293.48 W, 99 %
2025/12/07 21:15:36.586, 293.38 W, 99 %
2025/12/07 21:15:36.686, 293.26 W, 99 %
2025/12/07 21:15:36.786, 293.33 W, 99 %
2025/12/07 21:15:36.886, 293.53 W, 99 %
2025/12/07 21:15:36.986, 293.62 W, 99 %
2025/12/07 21:15:37.087, 293.77 W, 99 %
2025/12/07 21:15:37.187, 293.82 W, 99 %
2025/12/07 21:15:37.287, 294.06 W, 99 %
2025/12/07 21:15:37.387, 294.33 W, 99 %
2025/12/07 21:15:37.488, 293.75 W, 99 %
2025/12/07 21:15:37.588, 293.50 W, 99 %
2025/12/07 21:15:37.688, 294.16 W, 99 %
2025/12/07 21:15:37.788, 281.01 W, 99 %
2025/12/07 21:15:37.888, 282.84 W, 99 %
2025/12/07 21:15:37.988, 282.95 W, 99 %
2025/12/07 21:15:38.088, 283.20 W, 99 %
2025/12/07 21:15:38.189, 283.06 W, 99 %
2025/12/07 21:15:38.289, 283.33 W, 99 %
2025/12/07 21:15:38.389, 283.92 W, 99 %
2025/12/07 21:15:38.489, 283.94 W, 99 %
2025/12/07 21:15:38.589, 284.37 W, 99 %
2025/12/07 21:15:38.689, 284.45 W, 99 %
2025/12/07 21:15:38.789, 283.43 W, 99 %
2025/12/07 21:15:38.890, 294.56 W, 99 %
2025/12/07 21:15:38.990, 293.86 W, 99 %
2025/12/07 21:15:39.090, 293.79 W, 99 %
2025/12/07 21:15:39.190, 293.08 W, 99 %
2025/12/07 21:15:39.290, 293.51 W, 99 %
2025/12/07 21:15:39.390, 293.11 W, 99 %
2025/12/07 21:15:39.490, 292.21 W, 99 %
2025/12/07 21:15:39.591, 292.08 W, 99 %
2025/12/07 21:15:39.691, 291.93 W, 99 %
2025/12/07 21:15:39.791, 292.16 W, 99 %
2025/12/07 21:15:39.891, 292.72 W, 99 %
2025/12/07 21:15:39.991, 293.05 W, 99 %
2025/12/07 21:15:40.091, 293.17 W, 99 %
2025/12/07 21:15:40.191, 293.02 W, 99 %
2025/12/07 21:15:40.292, 293.35 W, 99 %
2025/12/07 21:15:40.392, 293.40 W, 99 %
2025/12/07 21:15:40.492, 293.45 W, 99 %
2025/12/07 21:15:40.592, 293.42 W, 99 %
2025/12/07 21:15:40.692, 293.31 W, 99 %
2025/12/07 21:15:40.793, 293.20 W, 99 %
2025/12/07 21:15:40.893, 292.95 W, 99 %
2025/12/07 21:15:40.993, 293.41 W, 99 %
2025/12/07 21:15:41.093, 293.33 W, 99 %
2025/12/07 21:15:41.193, 293.70 W, 99 %
2025/12/07 21:15:41.293, 293.60 W, 99 %
2025/12/07 21:15:41.393, 294.40 W, 99 %
2025/12/07 21:15:41.494, 294.58 W, 99 %
2025/12/07 21:15:41.594, 294.49 W, 99 %
2025/12/07 21:15:41.694, 294.40 W, 99 %
2025/12/07 21:15:41.794, 294.13 W, 99 %
2025/12/07 21:15:41.894, 294.31 W, 99 %
2025/12/07 21:15:41.994, 293.95 W, 99 %
2025/12/07 21:15:42.094, 293.98 W, 99 %
2025/12/07 21:15:42.195, 293.72 W, 99 %
2025/12/07 21:15:42.295, 293.75 W, 99 %
2025/12/07 21:15:42.395, 294.24 W, 99 %
2025/12/07 21:15:42.495, 292.66 W, 99 %
2025/12/07 21:15:42.595, 292.79 W, 99 %
2025/12/07 21:15:42.695, 293.52 W, 99 %
2025/12/07 21:15:42.796, 293.93 W, 99 %
2025/12/07 21:15:42.896, 294.23 W, 99 %
2025/12/07 21:15:42.996, 294.25 W, 99 %
2025/12/07 21:15:43.096, 293.79 W, 99 %
2025/12/07 21:15:43.196, 293.65 W, 99 %
2025/12/07 21:15:43.296, 293.60 W, 99 %
2025/12/07 21:15:43.396, 293.10 W, 99 %
2025/12/07 21:15:43.497, 293.09 W, 99 %
2025/12/07 21:15:43.597, 293.28 W, 99 %
2025/12/07 21:15:43.697, 293.36 W, 99 %
2025/12/07 21:15:43.797, 293.42 W, 99 %
2025/12/07 21:15:43.897, 293.07 W, 99 %
2025/12/07 21:15:43.997, 293.43 W, 99 %
2025/12/07 21:15:44.097, 293.33 W, 99 %
2025/12/07 21:15:44.198, 293.59 W, 99 %
2025/12/07 21:15:44.298, 293.69 W, 99 %
2025/12/07 21:15:44.398, 293.71 W, 99 %
2025/12/07 21:15:44.498, 294.26 W, 99 %
2025/12/07 21:15:44.598, 294.19 W, 99 %
2025/12/07 21:15:44.698, 294.27 W, 99 %
2025/12/07 21:15:44.798, 293.38 W, 99 %
2025/12/07 21:15:44.899, 286.06 W, 75 %
2025/12/07 21:15:44.999, 286.62 W, 75 %
2025/12/07 21:15:45.099, 286.76 W, 99 %
2025/12/07 21:15:45.199, 286.85 W, 99 %
2025/12/07 21:15:45.299, 286.38 W, 99 %
2025/12/07 21:15:45.399, 287.12 W, 99 %
2025/12/07 21:15:45.499, 287.15 W, 99 %
2025/12/07 21:15:45.600, 286.93 W, 99 %
2025/12/07 21:15:45.700, 286.71 W, 99 %
2025/12/07 21:15:45.800, 286.46 W, 99 %
2025/12/07 21:15:45.900, 286.36 W, 99 %
2025/12/07 21:15:46.000, 292.80 W, 99 %
2025/12/07 21:15:46.100, 292.19 W, 99 %
2025/12/07 21:15:46.200, 292.25 W, 99 %
2025/12/07 21:15:46.301, 292.54 W, 99 %
2025/12/07 21:15:46.401, 292.61 W, 99 %
2025/12/07 21:15:46.501, 292.42 W, 99 %
2025/12/07 21:15:46.601, 292.35 W, 99 %
2025/12/07 21:15:46.701, 292.26 W, 99 %
2025/12/07 21:15:46.801, 292.14 W, 99 %
2025/12/07 21:15:46.901, 292.25 W, 99 %
2025/12/07 21:15:47.002, 292.49 W, 99 %
2025/12/07 21:15:47.102, 292.61 W, 99 %
2025/12/07 21:15:47.202, 293.01 W, 99 %
2025/12/07 21:15:47.302, 292.93 W, 99 %
2025/12/07 21:15:47.402, 292.65 W, 99 %
2025/12/07 21:15:47.502, 292.30 W, 99 %
2025/12/07 21:15:47.602, 292.52 W, 99 %
2025/12/07 21:15:47.703, 292.52 W, 99 %
2025/12/07 21:15:47.803, 292.66 W, 99 %
2025/12/07 21:15:47.903, 292.61 W, 99 %
2025/12/07 21:15:48.003, 292.64 W, 99 %
2025/12/07 21:15:48.103, 292.59 W, 99 %
2025/12/07 21:15:48.203, 292.59 W, 99 %
2025/12/07 21:15:48.303, 292.79 W, 99 %
2025/12/07 21:15:48.404, 292.79 W, 99 %
2025/12/07 21:15:48.504, 294.39 W, 99 %
2025/12/07 21:15:48.604, 294.39 W, 99 %
2025/12/07 21:15:48.704, 294.24 W, 99 %
2025/12/07 21:15:48.804, 294.24 W, 99 %
2025/12/07 21:15:48.904, 294.09 W, 99 %
2025/12/07 21:15:49.005, 294.57 W, 99 %
2025/12/07 21:15:49.105, 294.61 W, 99 %
2025/12/07 21:15:49.205, 294.32 W, 99 %
2025/12/07 21:15:49.305, 293.77 W, 99 %
2025/12/07 21:15:49.405, 293.67 W, 99 %
2025/12/07 21:15:49.505, 292.90 W, 99 %
2025/12/07 21:15:49.605, 292.63 W, 99 %
2025/12/07 21:15:49.706, 293.06 W, 99 %
2025/12/07 21:15:49.806, 292.67 W, 99 %
2025/12/07 21:15:49.906, 292.67 W, 99 %
2025/12/07 21:15:50.006, 292.27 W, 99 %
2025/12/07 21:15:50.106, 292.15 W, 99 %
2025/12/07 21:15:50.206, 292.76 W, 99 %
2025/12/07 21:15:50.306, 293.02 W, 99 %
2025/12/07 21:15:50.407, 293.18 W, 99 %
2025/12/07 21:15:50.507, 293.30 W, 99 %
2025/12/07 21:15:50.607, 292.65 W, 99 %
2025/12/07 21:15:50.707, 292.86 W, 99 %
2025/12/07 21:15:50.807, 292.66 W, 99 %
2025/12/07 21:15:50.907, 292.78 W, 99 %
2025/12/07 21:15:51.007, 292.79 W, 99 %
2025/12/07 21:15:51.108, 292.78 W, 99 %
2025/12/07 21:15:51.208, 292.81 W, 99 %
2025/12/07 21:15:51.308, 292.36 W, 99 %
2025/12/07 21:15:51.408, 292.37 W, 99 %
2025/12/07 21:15:51.508, 291.82 W, 99 %
2025/12/07 21:15:51.608, 291.96 W, 99 %
2025/12/07 21:15:51.708, 292.00 W, 99 %
2025/12/07 21:15:51.809, 292.07 W, 99 %
2025/12/07 21:15:51.909, 288.76 W, 75 %
2025/12/07 21:15:52.009, 289.00 W, 75 %
2025/12/07 21:15:52.109, 289.82 W, 99 %
2025/12/07 21:15:52.209, 290.27 W, 99 %
2025/12/07 21:15:52.309, 290.25 W, 99 %
2025/12/07 21:15:52.409, 290.54 W, 99 %
2025/12/07 21:15:52.510, 290.68 W, 99 %
2025/12/07 21:15:52.610, 290.81 W, 99 %
2025/12/07 21:15:52.710, 290.51 W, 99 %
2025/12/07 21:15:52.810, 290.61 W, 99 %
2025/12/07 21:15:52.910, 290.80 W, 99 %
2025/12/07 21:15:53.010, 294.01 W, 99 %
2025/12/07 21:15:53.110, 293.24 W, 99 %
2025/12/07 21:15:53.211, 293.37 W, 99 %
2025/12/07 21:15:53.311, 293.18 W, 99 %
2025/12/07 21:15:53.411, 293.34 W, 99 %
2025/12/07 21:15:53.511, 293.42 W, 99 %
2025/12/07 21:15:53.611, 293.30 W, 99 %
2025/12/07 21:15:53.711, 293.67 W, 99 %
2025/12/07 21:15:53.811, 294.08 W, 99 %
2025/12/07 21:15:53.912, 294.15 W, 99 %
2025/12/07 21:15:54.012, 293.89 W, 99 %
2025/12/07 21:15:54.112, 293.67 W, 99 %
2025/12/07 21:15:54.212, 293.56 W, 99 %
2025/12/07 21:15:54.312, 293.54 W, 99 %
2025/12/07 21:15:54.412, 293.68 W, 99 %
2025/12/07 21:15:54.512, 293.47 W, 99 %
2025/12/07 21:15:54.613, 293.42 W, 99 %
2025/12/07 21:15:54.713, 293.44 W, 99 %
2025/12/07 21:15:54.813, 293.38 W, 99 %
2025/12/07 21:15:54.913, 293.38 W, 99 %
2025/12/07 21:15:55.013, 293.48 W, 99 %
2025/12/07 21:15:55.113, 293.53 W, 99 %
2025/12/07 21:15:55.213, 293.60 W, 99 %
2025/12/07 21:15:55.314, 293.61 W, 99 %
2025/12/07 21:15:55.414, 293.50 W, 99 %
2025/12/07 21:15:55.514, 294.47 W, 76 %
2025/12/07 21:15:55.614, 294.28 W, 76 %
2025/12/07 21:15:55.714, 294.23 W, 99 %
2025/12/07 21:15:55.814, 294.33 W, 99 %
2025/12/07 21:15:55.914, 294.24 W, 99 %
2025/12/07 21:15:56.015, 294.04 W, 99 %
2025/12/07 21:15:56.115, 293.40 W, 99 %
2025/12/07 21:15:56.215, 293.50 W, 99 %
2025/12/07 21:15:56.315, 293.68 W, 99 %
2025/12/07 21:15:56.415, 294.00 W, 99 %
2025/12/07 21:15:56.515, 294.29 W, 99 %
2025/12/07 21:15:56.615, 293.15 W, 99 %
2025/12/07 21:15:56.716, 293.32 W, 99 %
2025/12/07 21:15:56.816, 293.55 W, 99 %
2025/12/07 21:15:56.916, 293.41 W, 99 %
2025/12/07 21:15:57.016, 293.68 W, 99 %
2025/12/07 21:15:57.116, 293.77 W, 99 %
2025/12/07 21:15:57.216, 294.30 W, 99 %
2025/12/07 21:15:57.316, 294.52 W, 99 %
2025/12/07 21:15:57.417, 294.55 W, 99 %
2025/12/07 21:15:57.517, 294.74 W, 99 %
2025/12/07 21:15:57.617, 294.42 W, 99 %
2025/12/07 21:15:57.717, 294.14 W, 99 %
2025/12/07 21:15:57.817, 294.02 W, 99 %
2025/12/07 21:15:57.917, 293.78 W, 99 %
2025/12/07 21:15:58.017, 293.89 W, 99 %
2025/12/07 21:15:58.118, 293.51 W, 99 %
2025/12/07 21:15:58.218, 293.44 W, 99 %
2025/12/07 21:15:58.318, 293.48 W, 99 %
2025/12/07 21:15:58.418, 292.85 W, 99 %
2025/12/07 21:15:58.518, 293.04 W, 99 %
2025/12/07 21:15:58.618, 292.35 W, 99 %
2025/12/07 21:15:58.719, 292.42 W, 99 %
2025/12/07 21:15:58.819, 292.88 W, 99 %
2025/12/07 21:15:58.919, 292.85 W, 99 %
2025/12/07 21:15:59.019, 277.28 W, 99 %
2025/12/07 21:15:59.119, 277.33 W, 97 %
2025/12/07 21:15:59.219, 278.35 W, 97 %
2025/12/07 21:15:59.319, 277.95 W, 99 %
2025/12/07 21:15:59.420, 277.71 W, 99 %
2025/12/07 21:15:59.520, 277.75 W, 99 %
2025/12/07 21:15:59.620, 277.66 W, 99 %
2025/12/07 21:15:59.720, 277.90 W, 99 %
2025/12/07 21:15:59.820, 277.67 W, 99 %
2025/12/07 21:15:59.920, 277.70 W, 99 %
2025/12/07 21:16:00.020, 278.08 W, 99 %
2025/12/07 21:16:00.121, 293.33 W, 99 %
2025/12/07 21:16:00.221, 292.15 W, 99 %
2025/12/07 21:16:00.321, 292.38 W, 99 %
2025/12/07 21:16:00.421, 292.78 W, 99 %
2025/12/07 21:16:00.521, 292.99 W, 99 %
2025/12/07 21:16:00.621, 293.50 W, 99 %
2025/12/07 21:16:00.721, 293.55 W, 99 %
2025/12/07 21:16:00.822, 294.32 W, 99 %
2025/12/07 21:16:00.922, 294.45 W, 99 %
2025/12/07 21:16:01.022, 294.29 W, 99 %
2025/12/07 21:16:01.122, 293.77 W, 99 %
2025/12/07 21:16:01.222, 293.99 W, 99 %
2025/12/07 21:16:01.322, 294.50 W, 99 %
2025/12/07 21:16:01.422, 294.15 W, 99 %
2025/12/07 21:16:01.523, 294.00 W, 99 %
2025/12/07 21:16:01.623, 293.75 W, 99 %
2025/12/07 21:16:01.723, 293.71 W, 99 %
2025/12/07 21:16:01.823, 293.86 W, 99 %
2025/12/07 21:16:01.923, 293.39 W, 99 %
2025/12/07 21:16:02.023, 293.33 W, 99 %
2025/12/07 21:16:02.123, 293.68 W, 99 %
2025/12/07 21:16:02.224, 293.56 W, 99 %
2025/12/07 21:16:02.324, 293.23 W, 99 %
2025/12/07 21:16:02.424, 292.95 W, 99 %
2025/12/07 21:16:02.524, 292.88 W, 99 %
2025/12/07 21:16:02.624, 293.44 W, 99 %
2025/12/07 21:16:02.724, 293.62 W, 99 %
2025/12/07 21:16:02.825, 293.00 W, 99 %
2025/12/07 21:16:02.925, 292.71 W, 99 %
2025/12/07 21:16:03.025, 293.28 W, 99 %
2025/12/07 21:16:03.125, 293.15 W, 99 %
2025/12/07 21:16:03.225, 292.80 W, 99 %
2025/12/07 21:16:03.325, 293.02 W, 99 %
2025/12/07 21:16:03.425, 293.14 W, 99 %
2025/12/07 21:16:03.526, 293.18 W, 99 %
2025/12/07 21:16:03.626, 293.58 W, 99 %
2025/12/07 21:16:03.726, 293.23 W, 99 %
2025/12/07 21:16:03.826, 293.37 W, 99 %
2025/12/07 21:16:03.926, 293.41 W, 99 %
2025/12/07 21:16:04.026, 293.42 W, 99 %
2025/12/07 21:16:04.126, 293.45 W, 99 %
2025/12/07 21:16:04.227, 293.10 W, 99 %
2025/12/07 21:16:04.327, 293.22 W, 99 %
2025/12/07 21:16:04.427, 293.15 W, 99 %
2025/12/07 21:16:04.527, 293.20 W, 99 %
2025/12/07 21:16:04.627, 293.61 W, 99 %
2025/12/07 21:16:04.727, 293.36 W, 99 %
2025/12/07 21:16:04.827, 293.23 W, 99 %
2025/12/07 21:16:04.928, 293.20 W, 99 %
2025/12/07 21:16:05.028, 293.08 W, 99 %
2025/12/07 21:16:05.128, 293.03 W, 99 %
2025/12/07 21:16:05.228, 292.56 W, 99 %
2025/12/07 21:16:05.328, 292.96 W, 99 %
2025/12/07 21:16:05.428, 292.53 W, 99 %
2025/12/07 21:16:05.528, 292.81 W, 99 %
2025/12/07 21:16:05.629, 292.61 W, 99 %
2025/12/07 21:16:05.729, 292.84 W, 99 %
2025/12/07 21:16:05.829, 293.13 W, 99 %
2025/12/07 21:16:05.929, 293.26 W, 99 %
2025/12/07 21:16:06.029, 293.22 W, 99 %
2025/12/07 21:16:06.129, 293.32 W, 99 %
2025/12/07 21:16:06.229, 294.40 W, 99 %
2025/12/07 21:16:06.330, 294.79 W, 99 %
2025/12/07 21:16:06.430, 294.68 W, 99 %
2025/12/07 21:16:06.530, 295.28 W, 99 %
2025/12/07 21:16:06.630, 295.23 W, 99 %
2025/12/07 21:16:06.730, 295.08 W, 99 %
2025/12/07 21:16:06.830, 294.88 W, 99 %
2025/12/07 21:16:06.930, 294.58 W, 99 %
2025/12/07 21:16:07.031, 294.47 W, 99 %
2025/12/07 21:16:07.131, 294.84 W, 99 %
2025/12/07 21:16:07.231, 294.68 W, 99 %
2025/12/07 21:16:07.331, 293.37 W, 99 %
2025/12/07 21:16:07.431, 293.60 W, 99 %
2025/12/07 21:16:07.531, 293.13 W, 99 %
2025/12/07 21:16:07.631, 293.34 W, 99 %
2025/12/07 21:16:07.732, 293.08 W, 99 %
2025/12/07 21:16:07.832, 293.24 W, 99 %
2025/12/07 21:16:07.932, 293.33 W, 99 %
2025/12/07 21:16:08.032, 293.70 W, 99 %
2025/12/07 21:16:08.132, 293.66 W, 99 %
2025/12/07 21:16:08.232, 293.42 W, 99 %
2025/12/07 21:16:08.332, 293.32 W, 99 %
2025/12/07 21:16:08.433, 293.58 W, 99 %
2025/12/07 21:16:08.533, 293.54 W, 99 %
2025/12/07 21:16:08.633, 293.52 W, 99 %
2025/12/07 21:16:08.733, 293.20 W, 99 %
2025/12/07 21:16:08.833, 293.52 W, 99 %
2025/12/07 21:16:08.933, 293.42 W, 99 %
2025/12/07 21:16:09.034, 293.52 W, 99 %
2025/12/07 21:16:09.134, 293.04 W, 99 %
2025/12/07 21:16:09.234, 293.32 W, 99 %
2025/12/07 21:16:09.334, 293.70 W, 99 %
2025/12/07 21:16:09.434, 293.68 W, 99 %
2025/12/07 21:16:09.534, 293.66 W, 99 %
2025/12/07 21:16:09.634, 293.44 W, 99 %
2025/12/07 21:16:09.735, 286.70 W, 77 %
2025/12/07 21:16:09.835, 287.48 W, 77 %
2025/12/07 21:16:09.935, 286.49 W, 99 %
2025/12/07 21:16:10.035, 287.20 W, 99 %
2025/12/07 21:16:10.135, 287.40 W, 99 %
2025/12/07 21:16:10.235, 287.58 W, 99 %
2025/12/07 21:16:10.335, 287.32 W, 99 %
2025/12/07 21:16:10.436, 286.51 W, 99 %
2025/12/07 21:16:10.536, 287.19 W, 99 %
2025/12/07 21:16:10.636, 286.80 W, 99 %
2025/12/07 21:16:10.736, 287.37 W, 99 %
2025/12/07 21:16:10.836, 293.84 W, 99 %
2025/12/07 21:16:10.936, 293.48 W, 99 %
2025/12/07 21:16:11.036, 293.54 W, 99 %
2025/12/07 21:16:11.137, 293.39 W, 99 %
2025/12/07 21:16:11.237, 293.30 W, 99 %
2025/12/07 21:16:11.337, 293.12 W, 99 %
2025/12/07 21:16:11.437, 293.21 W, 99 %
2025/12/07 21:16:11.537, 293.59 W, 99 %
2025/12/07 21:16:11.637, 293.40 W, 99 %
2025/12/07 21:16:11.737, 293.24 W, 99 %
2025/12/07 21:16:11.838, 293.06 W, 99 %
2025/12/07 21:16:11.938, 292.76 W, 99 %
2025/12/07 21:16:12.038, 292.84 W, 99 %
2025/12/07 21:16:12.138, 292.99 W, 99 %
2025/12/07 21:16:12.238, 293.33 W, 99 %
2025/12/07 21:16:12.338, 293.11 W, 99 %
2025/12/07 21:16:12.438, 293.48 W, 99 %
2025/12/07 21:16:12.539, 293.32 W, 99 %
2025/12/07 21:16:12.639, 293.26 W, 99 %
2025/12/07 21:16:12.739, 293.51 W, 99 %
2025/12/07 21:16:12.839, 293.32 W, 99 %
2025/12/07 21:16:12.939, 294.30 W, 99 %
2025/12/07 21:16:13.039, 294.55 W, 99 %
2025/12/07 21:16:13.140, 294.29 W, 99 %
2025/12/07 21:16:13.240, 294.30 W, 99 %
2025/12/07 21:16:13.340, 294.53 W, 77 %
2025/12/07 21:16:13.440, 294.54 W, 77 %
2025/12/07 21:16:13.540, 294.97 W, 99 %
2025/12/07 21:16:13.640, 295.04 W, 99 %
2025/12/07 21:16:13.740, 294.69 W, 99 %
2025/12/07 21:16:13.841, 295.23 W, 99 %
2025/12/07 21:16:13.941, 295.00 W, 99 %
2025/12/07 21:16:14.041, 294.38 W, 99 %
2025/12/07 21:16:14.141, 294.25 W, 99 %
2025/12/07 21:16:14.241, 294.13 W, 99 %
2025/12/07 21:16:14.341, 293.99 W, 99 %
2025/12/07 21:16:14.441, 293.49 W, 99 %
2025/12/07 21:16:14.542, 292.82 W, 99 %
2025/12/07 21:16:14.642, 293.35 W, 99 %
2025/12/07 21:16:14.742, 293.37 W, 99 %
2025/12/07 21:16:14.842, 293.64 W, 99 %
2025/12/07 21:16:14.942, 293.46 W, 99 %
2025/12/07 21:16:15.042, 293.40 W, 99 %
2025/12/07 21:16:15.142, 293.73 W, 99 %
2025/12/07 21:16:15.243, 293.82 W, 99 %
2025/12/07 21:16:15.343, 294.06 W, 99 %
2025/12/07 21:16:15.443, 294.09 W, 99 %
2025/12/07 21:16:15.543, 294.08 W, 99 %
2025/12/07 21:16:15.643, 294.07 W, 99 %
2025/12/07 21:16:15.743, 293.46 W, 99 %
2025/12/07 21:16:15.843, 293.34 W, 99 %
2025/12/07 21:16:15.944, 293.39 W, 99 %
2025/12/07 21:16:16.044, 293.20 W, 99 %
2025/12/07 21:16:16.144, 293.15 W, 99 %
2025/12/07 21:16:16.244, 293.25 W, 99 %
2025/12/07 21:16:16.344, 293.13 W, 99 %
2025/12/07 21:16:16.444, 293.09 W, 99 %
2025/12/07 21:16:16.544, 293.12 W, 99 %
2025/12/07 21:16:16.645, 292.93 W, 99 %
2025/12/07 21:16:16.745, 292.94 W, 99 %
2025/12/07 21:16:16.845, 292.22 W, 99 %
2025/12/07 21:16:16.945, 292.75 W, 75 %
2025/12/07 21:16:17.045, 293.03 W, 75 %
2025/12/07 21:16:17.145, 293.89 W, 99 %
2025/12/07 21:16:17.245, 294.48 W, 99 %
2025/12/07 21:16:17.346, 294.75 W, 99 %
2025/12/07 21:16:17.446, 294.71 W, 99 %
2025/12/07 21:16:17.546, 294.82 W, 99 %
2025/12/07 21:16:17.646, 294.87 W, 99 %
2025/12/07 21:16:17.746, 294.97 W, 99 %
2025/12/07 21:16:17.846, 294.97 W, 99 %
2025/12/07 21:16:17.947, 295.38 W, 99 %
2025/12/07 21:16:18.047, 294.78 W, 99 %
2025/12/07 21:16:18.147, 293.45 W, 99 %
2025/12/07 21:16:18.247, 292.91 W, 99 %
2025/12/07 21:16:18.347, 292.56 W, 99 %
2025/12/07 21:16:18.447, 292.33 W, 99 %
2025/12/07 21:16:18.547, 292.60 W, 99 %
2025/12/07 21:16:18.648, 292.74 W, 99 %
2025/12/07 21:16:18.748, 292.75 W, 99 %
2025/12/07 21:16:18.848, 292.55 W, 99 %
2025/12/07 21:16:18.948, 292.52 W, 99 %
2025/12/07 21:16:19.048, 292.51 W, 99 %
2025/12/07 21:16:19.148, 292.90 W, 99 %
2025/12/07 21:16:19.248, 292.77 W, 99 %
2025/12/07 21:16:19.349, 292.61 W, 99 %
2025/12/07 21:16:19.449, 292.99 W, 99 %
2025/12/07 21:16:19.549, 292.81 W, 99 %
2025/12/07 21:16:19.649, 292.20 W, 99 %
2025/12/07 21:16:19.749, 292.07 W, 99 %
2025/12/07 21:16:19.849, 291.78 W, 99 %
2025/12/07 21:16:19.949, 292.25 W, 99 %
2025/12/07 21:16:20.050, 292.68 W, 99 %
2025/12/07 21:16:20.150, 292.65 W, 99 %
2025/12/07 21:16:20.250, 292.58 W, 99 %
2025/12/07 21:16:20.350, 292.65 W, 99 %
2025/12/07 21:16:20.450, 287.51 W, 99 %
2025/12/07 21:16:20.550, 287.66 W, 99 %
2025/12/07 21:16:20.650, 288.12 W, 99 %
2025/12/07 21:16:20.751, 288.79 W, 99 %
2025/12/07 21:16:20.851, 288.86 W, 99 %
2025/12/07 21:16:20.951, 289.31 W, 99 %
2025/12/07 21:16:21.051, 289.02 W, 99 %
2025/12/07 21:16:21.151, 288.75 W, 99 %
2025/12/07 21:16:21.251, 288.72 W, 99 %
2025/12/07 21:16:21.351, 288.82 W, 99 %
2025/12/07 21:16:21.452, 289.08 W, 99 %
2025/12/07 21:16:21.552, 294.34 W, 99 %
2025/12/07 21:16:21.652, 293.83 W, 99 %
2025/12/07 21:16:21.752, 293.26 W, 99 %
2025/12/07 21:16:21.852, 293.20 W, 99 %
2025/12/07 21:16:21.952, 292.90 W, 99 %
2025/12/07 21:16:22.053, 292.44 W, 99 %
2025/12/07 21:16:22.153, 292.64 W, 99 %
2025/12/07 21:16:22.253, 292.50 W, 99 %
2025/12/07 21:16:22.353, 292.88 W, 99 %
2025/12/07 21:16:22.453, 293.08 W, 99 %
2025/12/07 21:16:22.553, 292.73 W, 99 %
2025/12/07 21:16:22.653, 292.65 W, 99 %
2025/12/07 21:16:22.754, 292.58 W, 99 %
2025/12/07 21:16:22.854, 292.84 W, 99 %
2025/12/07 21:16:22.954, 293.03 W, 99 %
2025/12/07 21:16:23.054, 293.65 W, 99 %
2025/12/07 21:16:23.154, 293.34 W, 99 %
2025/12/07 21:16:23.254, 293.53 W, 99 %
2025/12/07 21:16:23.354, 293.51 W, 99 %
2025/12/07 21:16:23.455, 293.06 W, 99 %
2025/12/07 21:16:23.555, 292.79 W, 99 %
2025/12/07 21:16:23.655, 293.29 W, 99 %
2025/12/07 21:16:23.755, 293.55 W, 99 %
2025/12/07 21:16:23.855, 293.46 W, 99 %
2025/12/07 21:16:23.955, 293.50 W, 99 %
2025/12/07 21:16:24.055, 294.19 W, 99 %
2025/12/07 21:16:24.156, 294.28 W, 99 %
2025/12/07 21:16:24.256, 294.19 W, 99 %
2025/12/07 21:16:24.356, 293.98 W, 99 %
2025/12/07 21:16:24.456, 293.99 W, 99 %
2025/12/07 21:16:24.556, 294.80 W, 99 %
2025/12/07 21:16:24.656, 294.92 W, 99 %
2025/12/07 21:16:24.756, 295.05 W, 99 %
2025/12/07 21:16:24.857, 294.82 W, 99 %
2025/12/07 21:16:24.957, 294.82 W, 99 %
2025/12/07 21:16:25.057, 294.74 W, 99 %
2025/12/07 21:16:25.157, 293.83 W, 99 %
2025/12/07 21:16:25.257, 294.10 W, 99 %
2025/12/07 21:16:25.357, 293.93 W, 99 %
2025/12/07 21:16:25.458, 293.98 W, 99 %
2025/12/07 21:16:25.558, 294.00 W, 99 %
2025/12/07 21:16:25.658, 293.66 W, 99 %
2025/12/07 21:16:25.758, 293.46 W, 99 %
2025/12/07 21:16:25.858, 293.53 W, 99 %
2025/12/07 21:16:25.958, 293.45 W, 99 %
2025/12/07 21:16:26.058, 293.59 W, 99 %
2025/12/07 21:16:26.159, 293.99 W, 99 %
2025/12/07 21:16:26.259, 293.96 W, 99 %
2025/12/07 21:16:26.359, 294.09 W, 99 %
2025/12/07 21:16:26.459, 294.26 W, 99 %
2025/12/07 21:16:26.559, 294.11 W, 99 %
2025/12/07 21:16:26.659, 294.19 W, 99 %
2025/12/07 21:16:26.759, 294.23 W, 99 %
2025/12/07 21:16:26.860, 293.58 W, 99 %
2025/12/07 21:16:26.960, 293.82 W, 98 %
2025/12/07 21:16:27.060, 293.97 W, 98 %
2025/12/07 21:16:27.160, 293.77 W, 99 %
2025/12/07 21:16:27.260, 293.42 W, 99 %
2025/12/07 21:16:27.360, 293.47 W, 99 %
2025/12/07 21:16:27.460, 293.38 W, 99 %
2025/12/07 21:16:27.561, 284.63 W, 94 %
2025/12/07 21:16:27.661, 285.20 W, 94 %
2025/12/07 21:16:27.761, 285.05 W, 99 %
2025/12/07 21:16:27.861, 284.98 W, 99 %
2025/12/07 21:16:27.961, 285.22 W, 99 %
2025/12/07 21:16:28.061, 285.03 W, 99 %
2025/12/07 21:16:28.161, 284.74 W, 99 %
2025/12/07 21:16:28.262, 284.90 W, 99 %
2025/12/07 21:16:28.362, 283.76 W, 99 %
2025/12/07 21:16:28.462, 283.87 W, 99 %
2025/12/07 21:16:28.562, 284.59 W, 99 %
2025/12/07 21:16:28.662, 293.26 W, 99 %
2025/12/07 21:16:28.762, 292.52 W, 99 %
2025/12/07 21:16:28.862, 292.79 W, 99 %
2025/12/07 21:16:28.963, 293.02 W, 99 %
2025/12/07 21:16:29.063, 292.97 W, 99 %
2025/12/07 21:16:29.163, 292.92 W, 99 %
2025/12/07 21:16:29.263, 293.26 W, 99 %
2025/12/07 21:16:29.363, 293.06 W, 99 %
2025/12/07 21:16:29.463, 293.18 W, 99 %
2025/12/07 21:16:29.564, 293.04 W, 99 %
2025/12/07 21:16:29.664, 293.17 W, 99 %
2025/12/07 21:16:29.764, 293.50 W, 99 %
2025/12/07 21:16:29.864, 293.79 W, 99 %
2025/12/07 21:16:29.964, 293.46 W, 99 %
2025/12/07 21:16:30.064, 293.34 W, 99 %
2025/12/07 21:16:30.164, 293.55 W, 99 %
2025/12/07 21:16:30.265, 293.46 W, 99 %
2025/12/07 21:16:30.365, 293.21 W, 99 %
2025/12/07 21:16:30.465, 293.55 W, 99 %
2025/12/07 21:16:30.565, 294.18 W, 99 %
2025/12/07 21:16:30.665, 293.91 W, 99 %
2025/12/07 21:16:30.765, 293.60 W, 99 %
2025/12/07 21:16:30.865, 293.78 W, 99 %
2025/12/07 21:16:30.966, 293.77 W, 99 %
2025/12/07 21:16:31.066, 293.77 W, 99 %
2025/12/07 21:16:31.166, 278.55 W, 80 %
2025/12/07 21:16:31.266, 278.73 W, 80 %
2025/12/07 21:16:31.366, 278.71 W, 99 %
2025/12/07 21:16:31.466, 278.74 W, 99 %
2025/12/07 21:16:31.566, 278.84 W, 99 %
2025/12/07 21:16:31.667, 278.63 W, 99 %
2025/12/07 21:16:31.767, 279.12 W, 99 %
2025/12/07 21:16:31.867, 278.97 W, 99 %
2025/12/07 21:16:31.967, 277.09 W, 99 %
2025/12/07 21:16:32.067, 278.42 W, 99 %
2025/12/07 21:16:32.167, 278.07 W, 99 %
2025/12/07 21:16:32.267, 293.09 W, 99 %
2025/12/07 21:16:32.368, 293.13 W, 99 %
2025/12/07 21:16:32.468, 293.10 W, 99 %
2025/12/07 21:16:32.568, 293.08 W, 99 %
2025/12/07 21:16:32.668, 293.05 W, 99 %
2025/12/07 21:16:32.768, 292.82 W, 99 %
2025/12/07 21:16:32.868, 292.56 W, 99 %
2025/12/07 21:16:32.968, 292.77 W, 99 %
2025/12/07 21:16:33.069, 293.15 W, 99 %
2025/12/07 21:16:33.169, 293.21 W, 99 %
2025/12/07 21:16:33.269, 293.53 W, 99 %
2025/12/07 21:16:33.369, 293.59 W, 99 %
2025/12/07 21:16:33.469, 293.55 W, 99 %
2025/12/07 21:16:33.569, 293.80 W, 99 %
2025/12/07 21:16:33.669, 293.74 W, 99 %
2025/12/07 21:16:33.770, 293.30 W, 99 %
2025/12/07 21:16:33.870, 293.16 W, 99 %
2025/12/07 21:16:33.970, 293.42 W, 99 %
2025/12/07 21:16:34.070, 293.53 W, 99 %
2025/12/07 21:16:34.170, 293.76 W, 99 %
2025/12/07 21:16:34.270, 293.93 W, 99 %
2025/12/07 21:16:34.371, 293.75 W, 99 %
2025/12/07 21:16:34.471, 293.55 W, 99 %
2025/12/07 21:16:34.571, 293.54 W, 99 %
2025/12/07 21:16:34.671, 293.97 W, 99 %
2025/12/07 21:16:34.771, 291.78 W, 73 %
2025/12/07 21:16:34.871, 292.87 W, 73 %
2025/12/07 21:16:34.971, 293.57 W, 99 %
2025/12/07 21:16:35.072, 293.53 W, 99 %
2025/12/07 21:16:35.172, 293.83 W, 99 %
2025/12/07 21:16:35.272, 293.68 W, 99 %
2025/12/07 21:16:35.372, 293.61 W, 99 %
2025/12/07 21:16:35.472, 293.42 W, 99 %
2025/12/07 21:16:35.572, 293.61 W, 99 %
2025/12/07 21:16:35.672, 292.65 W, 99 %
2025/12/07 21:16:35.773, 292.08 W, 99 %
2025/12/07 21:16:35.873, 293.53 W, 99 %
2025/12/07 21:16:35.973, 292.69 W, 99 %
2025/12/07 21:16:36.073, 292.85 W, 99 %
2025/12/07 21:16:36.173, 292.26 W, 99 %
2025/12/07 21:16:36.273, 291.94 W, 99 %
2025/12/07 21:16:36.373, 292.29 W, 99 %
2025/12/07 21:16:36.474, 292.05 W, 99 %
2025/12/07 21:16:36.574, 292.36 W, 99 %
2025/12/07 21:16:36.674, 292.75 W, 99 %
2025/12/07 21:16:36.774, 293.75 W, 99 %
2025/12/07 21:16:36.874, 294.27 W, 99 %
2025/12/07 21:16:36.974, 294.27 W, 99 %
2025/12/07 21:16:37.074, 294.51 W, 99 %
2025/12/07 21:16:37.175, 294.09 W, 99 %
2025/12/07 21:16:37.275, 294.33 W, 99 %
2025/12/07 21:16:37.375, 294.42 W, 99 %
2025/12/07 21:16:37.475, 294.59 W, 99 %
2025/12/07 21:16:37.575, 294.62 W, 99 %
2025/12/07 21:16:37.675, 294.22 W, 99 %
2025/12/07 21:16:37.775, 293.78 W, 99 %
2025/12/07 21:16:37.876, 293.52 W, 99 %
2025/12/07 21:16:37.976, 293.14 W, 99 %
2025/12/07 21:16:38.076, 293.15 W, 99 %
2025/12/07 21:16:38.176, 293.41 W, 99 %
2025/12/07 21:16:38.276, 293.44 W, 99 %
2025/12/07 21:16:38.376, 293.67 W, 76 %
2025/12/07 21:16:38.477, 294.29 W, 76 %
2025/12/07 21:16:38.577, 294.42 W, 99 %
2025/12/07 21:16:38.677, 294.73 W, 99 %
2025/12/07 21:16:38.777, 295.12 W, 99 %
2025/12/07 21:16:38.877, 295.78 W, 99 %
2025/12/07 21:16:38.977, 295.27 W, 99 %
2025/12/07 21:16:39.077, 295.74 W, 99 %
2025/12/07 21:16:39.178, 295.48 W, 99 %
2025/12/07 21:16:39.278, 294.57 W, 99 %
2025/12/07 21:16:39.378, 294.38 W, 99 %
2025/12/07 21:16:39.478, 293.46 W, 99 %
2025/12/07 21:16:39.578, 293.19 W, 99 %
2025/12/07 21:16:39.678, 293.18 W, 99 %
2025/12/07 21:16:39.778, 293.34 W, 99 %
2025/12/07 21:16:39.879, 293.60 W, 99 %
2025/12/07 21:16:39.979, 293.47 W, 99 %
2025/12/07 21:16:40.079, 293.85 W, 99 %
2025/12/07 21:16:40.179, 293.70 W, 99 %
2025/12/07 21:16:40.279, 293.84 W, 99 %
2025/12/07 21:16:40.379, 294.54 W, 99 %
2025/12/07 21:16:40.479, 294.53 W, 99 %
2025/12/07 21:16:40.580, 294.55 W, 99 %
2025/12/07 21:16:40.680, 294.54 W, 99 %
2025/12/07 21:16:40.780, 294.40 W, 99 %
2025/12/07 21:16:40.880, 294.45 W, 99 %
2025/12/07 21:16:40.980, 294.08 W, 99 %
2025/12/07 21:16:41.080, 294.20 W, 99 %
2025/12/07 21:16:41.180, 294.17 W, 99 %
2025/12/07 21:16:41.281, 294.34 W, 99 %
2025/12/07 21:16:41.381, 294.29 W, 99 %
2025/12/07 21:16:41.481, 294.01 W, 99 %
2025/12/07 21:16:41.581, 294.12 W, 99 %
2025/12/07 21:16:41.681, 294.02 W, 99 %
2025/12/07 21:16:41.781, 294.01 W, 99 %
2025/12/07 21:16:41.882, 292.82 W, 99 %
2025/12/07 21:16:41.982, 275.21 W, 8 %
2025/12/07 21:16:42.082, 275.61 W, 8 %
2025/12/07 21:16:42.182, 275.76 W, 99 %
2025/12/07 21:16:42.282, 276.39 W, 99 %
2025/12/07 21:16:42.382, 276.32 W, 99 %
2025/12/07 21:16:42.482, 274.73 W, 99 %
2025/12/07 21:16:42.583, 276.15 W, 99 %
2025/12/07 21:16:42.683, 276.17 W, 99 %
2025/12/07 21:16:42.783, 273.87 W, 99 %
2025/12/07 21:16:42.883, 275.20 W, 99 %
2025/12/07 21:16:42.983, 275.83 W, 99 %
2025/12/07 21:16:43.083, 292.45 W, 99 %
2025/12/07 21:16:43.183, 292.15 W, 99 %
2025/12/07 21:16:43.284, 292.16 W, 99 %
2025/12/07 21:16:43.384, 291.20 W, 99 %
2025/12/07 21:16:43.484, 291.25 W, 99 %
2025/12/07 21:16:43.584, 291.35 W, 99 %
2025/12/07 21:16:43.684, 291.36 W, 99 %
2025/12/07 21:16:43.784, 291.08 W, 99 %
2025/12/07 21:16:43.884, 291.76 W, 99 %
2025/12/07 21:16:43.985, 291.83 W, 99 %
2025/12/07 21:16:44.085, 292.04 W, 99 %
2025/12/07 21:16:44.185, 292.48 W, 99 %
2025/12/07 21:16:44.285, 292.23 W, 99 %
2025/12/07 21:16:44.385, 292.26 W, 99 %
2025/12/07 21:16:44.485, 292.34 W, 99 %
2025/12/07 21:16:44.585, 291.96 W, 99 %
2025/12/07 21:16:44.685, 291.99 W, 99 %
2025/12/07 21:16:44.786, 292.15 W, 99 %
2025/12/07 21:16:44.886, 292.45 W, 99 %
2025/12/07 21:16:44.986, 292.50 W, 99 %
2025/12/07 21:16:45.086, 292.80 W, 99 %
2025/12/07 21:16:45.186, 292.98 W, 99 %
2025/12/07 21:16:45.286, 292.87 W, 99 %
2025/12/07 21:16:45.387, 293.35 W, 99 %
2025/12/07 21:16:45.487, 293.28 W, 99 %
2025/12/07 21:16:45.587, 292.80 W, 76 %
2025/12/07 21:16:45.687, 293.01 W, 76 %
2025/12/07 21:16:45.787, 293.32 W, 99 %
2025/12/07 21:16:45.887, 293.49 W, 99 %
2025/12/07 21:16:45.987, 293.36 W, 99 %
2025/12/07 21:16:46.088, 293.43 W, 99 %
2025/12/07 21:16:46.188, 293.28 W, 99 %
2025/12/07 21:16:46.288, 293.24 W, 99 %
2025/12/07 21:16:46.388, 293.24 W, 99 %
2025/12/07 21:16:46.488, 293.20 W, 99 %
2025/12/07 21:16:46.588, 293.03 W, 99 %
2025/12/07 21:16:46.688, 293.74 W, 99 %
2025/12/07 21:16:46.789, 293.90 W, 99 %
2025/12/07 21:16:46.889, 293.91 W, 99 %
2025/12/07 21:16:46.989, 294.40 W, 99 %
2025/12/07 21:16:47.089, 294.52 W, 99 %
2025/12/07 21:16:47.189, 294.46 W, 99 %
2025/12/07 21:16:47.289, 294.37 W, 99 %
2025/12/07 21:16:47.390, 294.36 W, 99 %
2025/12/07 21:16:47.490, 294.36 W, 99 %
2025/12/07 21:16:47.590, 294.01 W, 99 %
2025/12/07 21:16:47.690, 294.50 W, 99 %
2025/12/07 21:16:47.790, 294.50 W, 99 %
2025/12/07 21:16:47.890, 294.69 W, 99 %
2025/12/07 21:16:47.990, 294.52 W, 99 %
2025/12/07 21:16:48.091, 294.17 W, 99 %
2025/12/07 21:16:48.191, 293.93 W, 99 %
2025/12/07 21:16:48.291, 293.95 W, 99 %
2025/12/07 21:16:48.391, 293.79 W, 99 %
2025/12/07 21:16:48.491, 293.67 W, 99 %
2025/12/07 21:16:48.591, 293.89 W, 99 %
2025/12/07 21:16:48.691, 294.08 W, 99 %
2025/12/07 21:16:48.792, 293.99 W, 99 %
2025/12/07 21:16:48.892, 294.35 W, 99 %
2025/12/07 21:16:48.992, 294.06 W, 99 %
2025/12/07 21:16:49.092, 294.23 W, 99 %
2025/12/07 21:16:49.192, 295.36 W, 77 %
2025/12/07 21:16:49.292, 295.20 W, 77 %
2025/12/07 21:16:49.392, 295.09 W, 99 %
2025/12/07 21:16:49.493, 295.24 W, 99 %
2025/12/07 21:16:49.593, 295.10 W, 99 %
2025/12/07 21:16:49.693, 295.48 W, 99 %
2025/12/07 21:16:49.793, 295.56 W, 99 %
2025/12/07 21:16:49.893, 295.39 W, 99 %
2025/12/07 21:16:49.993, 295.35 W, 99 %
2025/12/07 21:16:50.093, 294.93 W, 99 %
2025/12/07 21:16:50.194, 294.96 W, 99 %
2025/12/07 21:16:50.294, 294.03 W, 99 %
2025/12/07 21:16:50.394, 294.02 W, 99 %
2025/12/07 21:16:50.494, 293.85 W, 99 %
2025/12/07 21:16:50.594, 293.78 W, 99 %
2025/12/07 21:16:50.694, 294.01 W, 99 %
2025/12/07 21:16:50.794, 293.79 W, 99 %
2025/12/07 21:16:50.895, 293.46 W, 99 %
2025/12/07 21:16:50.995, 293.44 W, 99 %
2025/12/07 21:16:51.095, 293.55 W, 99 %
2025/12/07 21:16:51.195, 293.81 W, 99 %
2025/12/07 21:16:51.295, 293.44 W, 99 %
2025/12/07 21:16:51.395, 293.78 W, 99 %
2025/12/07 21:16:51.496, 293.68 W, 99 %
2025/12/07 21:16:51.596, 293.78 W, 99 %
2025/12/07 21:16:51.696, 293.65 W, 99 %
2025/12/07 21:16:51.796, 293.66 W, 99 %
2025/12/07 21:16:51.896, 293.50 W, 99 %
2025/12/07 21:16:51.996, 293.54 W, 99 %
2025/12/07 21:16:52.096, 293.40 W, 99 %
2025/12/07 21:16:52.197, 293.47 W, 99 %
2025/12/07 21:16:52.297, 293.29 W, 99 %
2025/12/07 21:16:52.397, 293.42 W, 99 %
2025/12/07 21:16:52.497, 292.97 W, 99 %
2025/12/07 21:16:52.597, 292.98 W, 99 %
2025/12/07 21:16:52.697, 282.35 W, 99 %
2025/12/07 21:16:52.797, 282.53 W, 82 %
2025/12/07 21:16:52.898, 282.81 W, 82 %
2025/12/07 21:16:52.998, 282.68 W, 99 %
2025/12/07 21:16:53.098, 282.00 W, 99 %
2025/12/07 21:16:53.198, 282.99 W, 99 %
2025/12/07 21:16:53.298, 282.63 W, 99 %
2025/12/07 21:16:53.398, 282.98 W, 99 %
2025/12/07 21:16:53.498, 283.22 W, 99 %
2025/12/07 21:16:53.599, 283.34 W, 99 %
2025/12/07 21:16:53.699, 283.63 W, 99 %
2025/12/07 21:16:53.799, 294.22 W, 99 %
2025/12/07 21:16:53.899, 294.19 W, 99 %
2025/12/07 21:16:53.999, 294.14 W, 99 %
2025/12/07 21:16:54.099, 294.20 W, 99 %
2025/12/07 21:16:54.199, 294.29 W, 99 %
2025/12/07 21:16:54.300, 294.52 W, 99 %
2025/12/07 21:16:54.400, 294.55 W, 99 %
2025/12/07 21:16:54.500, 294.37 W, 99 %
2025/12/07 21:16:54.600, 294.33 W, 99 %
2025/12/07 21:16:54.700, 294.46 W, 99 %
2025/12/07 21:16:54.800, 294.00 W, 99 %
2025/12/07 21:16:54.900, 293.95 W, 99 %
2025/12/07 21:16:55.001, 294.05 W, 99 %
2025/12/07 21:16:55.101, 294.40 W, 99 %
2025/12/07 21:16:55.201, 294.42 W, 99 %
2025/12/07 21:16:55.301, 294.15 W, 99 %
2025/12/07 21:16:55.401, 293.84 W, 99 %
2025/12/07 21:16:55.501, 294.06 W, 99 %
2025/12/07 21:16:55.602, 294.45 W, 99 %
2025/12/07 21:16:55.702, 294.25 W, 99 %
2025/12/07 21:16:55.802, 294.25 W, 99 %
2025/12/07 21:16:55.902, 294.46 W, 99 %
2025/12/07 21:16:56.002, 294.46 W, 99 %
2025/12/07 21:16:56.102, 293.93 W, 99 %
2025/12/07 21:16:56.202, 285.59 W, 77 %
2025/12/07 21:16:56.303, 286.26 W, 77 %
2025/12/07 21:16:56.403, 286.44 W, 99 %
2025/12/07 21:16:56.503, 286.01 W, 99 %
2025/12/07 21:16:56.603, 285.76 W, 99 %
2025/12/07 21:16:56.703, 285.98 W, 99 %
2025/12/07 21:16:56.803, 285.69 W, 99 %
2025/12/07 21:16:56.903, 285.11 W, 99 %
2025/12/07 21:16:57.004, 285.95 W, 99 %
2025/12/07 21:16:57.104, 286.15 W, 99 %
2025/12/07 21:16:57.204, 286.62 W, 99 %
2025/12/07 21:16:57.304, 294.70 W, 99 %
2025/12/07 21:16:57.404, 294.31 W, 99 %
2025/12/07 21:16:57.504, 294.18 W, 99 %
2025/12/07 21:16:57.604, 294.68 W, 99 %
2025/12/07 21:16:57.705, 294.84 W, 99 %
2025/12/07 21:16:57.805, 295.04 W, 99 %
2025/12/07 21:16:57.905, 295.02 W, 99 %
2025/12/07 21:16:58.005, 295.29 W, 99 %
2025/12/07 21:16:58.105, 295.16 W, 99 %
2025/12/07 21:16:58.205, 295.02 W, 99 %
2025/12/07 21:16:58.305, 294.77 W, 99 %
2025/12/07 21:16:58.406, 294.51 W, 99 %
2025/12/07 21:16:58.506, 294.29 W, 99 %
2025/12/07 21:16:58.606, 294.23 W, 99 %
2025/12/07 21:16:58.706, 293.95 W, 99 %
2025/12/07 21:16:58.806, 293.11 W, 99 %
2025/12/07 21:16:58.906, 293.45 W, 99 %
2025/12/07 21:16:59.006, 293.40 W, 99 %
2025/12/07 21:16:59.107, 293.10 W, 99 %
2025/12/07 21:16:59.207, 293.29 W, 99 %
2025/12/07 21:16:59.307, 293.55 W, 99 %
2025/12/07 21:16:59.407, 293.70 W, 99 %
2025/12/07 21:16:59.507, 294.18 W, 99 %
2025/12/07 21:16:59.607, 294.58 W, 99 %
2025/12/07 21:16:59.707, 294.46 W, 99 %
2025/12/07 21:16:59.808, 293.68 W, 77 %
2025/12/07 21:16:59.908, 294.64 W, 77 %
2025/12/07 21:17:00.008, 294.50 W, 99 %
2025/12/07 21:17:00.108, 294.50 W, 99 %
2025/12/07 21:17:00.208, 294.70 W, 99 %
2025/12/07 21:17:00.308, 294.27 W, 99 %
2025/12/07 21:17:00.409, 294.39 W, 99 %
2025/12/07 21:17:00.509, 294.23 W, 99 %
2025/12/07 21:17:00.609, 293.90 W, 99 %
2025/12/07 21:17:00.709, 293.41 W, 99 %
2025/12/07 21:17:00.809, 293.41 W, 99 %
2025/12/07 21:17:00.909, 294.29 W, 99 %
2025/12/07 21:17:01.009, 293.44 W, 99 %
2025/12/07 21:17:01.110, 293.21 W, 99 %
2025/12/07 21:17:01.210, 293.38 W, 99 %
2025/12/07 21:17:01.310, 293.33 W, 99 %
2025/12/07 21:17:01.410, 293.84 W, 99 %
2025/12/07 21:17:01.510, 293.81 W, 99 %
2025/12/07 21:17:01.610, 293.82 W, 99 %
2025/12/07 21:17:01.710, 294.38 W, 99 %
2025/12/07 21:17:01.811, 294.36 W, 99 %
2025/12/07 21:17:01.911, 294.29 W, 99 %
2025/12/07 21:17:02.011, 294.44 W, 99 %
2025/12/07 21:17:02.111, 294.79 W, 99 %
2025/12/07 21:17:02.211, 294.87 W, 99 %
2025/12/07 21:17:02.311, 294.83 W, 99 %
2025/12/07 21:17:02.411, 294.49 W, 99 %
2025/12/07 21:17:02.512, 294.56 W, 99 %
2025/12/07 21:17:02.612, 294.38 W, 99 %
2025/12/07 21:17:02.712, 294.51 W, 99 %
2025/12/07 21:17:02.812, 294.24 W, 99 %
2025/12/07 21:17:02.912, 294.07 W, 99 %
2025/12/07 21:17:03.012, 293.94 W, 99 %
2025/12/07 21:17:03.113, 293.48 W, 99 %
2025/12/07 21:17:03.213, 293.25 W, 99 %
2025/12/07 21:17:03.313, 293.23 W, 99 %
2025/12/07 21:17:03.413, 294.06 W, 77 %
2025/12/07 21:17:03.513, 294.35 W, 77 %
2025/12/07 21:17:03.613, 294.51 W, 99 %
2025/12/07 21:17:03.713, 294.36 W, 99 %
2025/12/07 21:17:03.814, 294.58 W, 99 %
2025/12/07 21:17:03.914, 294.40 W, 99 %
2025/12/07 21:17:04.014, 294.65 W, 99 %
2025/12/07 21:17:04.114, 294.62 W, 99 %
2025/12/07 21:17:04.214, 294.79 W, 99 %
2025/12/07 21:17:04.314, 294.73 W, 99 %
2025/12/07 21:17:04.414, 294.95 W, 99 %
2025/12/07 21:17:04.515, 293.43 W, 99 %
2025/12/07 21:17:04.615, 293.35 W, 99 %
2025/12/07 21:17:04.715, 293.59 W, 99 %
2025/12/07 21:17:04.815, 293.60 W, 99 %
2025/12/07 21:17:04.915, 293.40 W, 99 %
2025/12/07 21:17:05.015, 293.58 W, 99 %
2025/12/07 21:17:05.115, 293.38 W, 99 %
2025/12/07 21:17:05.216, 293.15 W, 99 %
2025/12/07 21:17:05.316, 293.31 W, 99 %
2025/12/07 21:17:05.416, 293.51 W, 99 %
2025/12/07 21:17:05.516, 293.62 W, 99 %
2025/12/07 21:17:05.616, 293.74 W, 99 %
2025/12/07 21:17:05.716, 293.20 W, 99 %
2025/12/07 21:17:05.816, 293.40 W, 99 %
2025/12/07 21:17:05.917, 293.15 W, 99 %
2025/12/07 21:17:06.017, 293.37 W, 99 %
2025/12/07 21:17:06.117, 293.02 W, 99 %
2025/12/07 21:17:06.217, 293.37 W, 99 %
2025/12/07 21:17:06.317, 293.88 W, 99 %
2025/12/07 21:17:06.417, 293.65 W, 99 %
2025/12/07 21:17:06.517, 293.23 W, 99 %
2025/12/07 21:17:06.618, 293.57 W, 99 %
2025/12/07 21:17:06.718, 294.01 W, 99 %
2025/12/07 21:17:06.818, 293.83 W, 99 %
2025/12/07 21:17:06.918, 291.62 W, 99 %
2025/12/07 21:17:07.018, 292.83 W, 77 %
2025/12/07 21:17:07.118, 293.12 W, 77 %
2025/12/07 21:17:07.219, 293.79 W, 99 %
2025/12/07 21:17:07.319, 293.93 W, 99 %
2025/12/07 21:17:07.419, 293.50 W, 99 %
2025/12/07 21:17:07.519, 293.71 W, 99 %
2025/12/07 21:17:07.619, 293.84 W, 99 %
2025/12/07 21:17:07.719, 293.70 W, 99 %
2025/12/07 21:17:07.819, 293.81 W, 99 %
2025/12/07 21:17:07.920, 293.75 W, 99 %
2025/12/07 21:17:08.020, 295.39 W, 99 %
2025/12/07 21:17:08.120, 294.10 W, 99 %
2025/12/07 21:17:08.220, 293.62 W, 99 %
2025/12/07 21:17:08.320, 293.48 W, 99 %
2025/12/07 21:17:08.420, 293.61 W, 99 %
2025/12/07 21:17:08.520, 293.72 W, 99 %
2025/12/07 21:17:08.621, 293.83 W, 99 %
2025/12/07 21:17:08.721, 294.04 W, 99 %
2025/12/07 21:17:08.821, 294.11 W, 99 %
2025/12/07 21:17:08.921, 294.25 W, 99 %
2025/12/07 21:17:09.021, 294.28 W, 99 %
2025/12/07 21:17:09.121, 295.17 W, 99 %
2025/12/07 21:17:09.221, 295.22 W, 99 %
2025/12/07 21:17:09.322, 294.95 W, 99 %
2025/12/07 21:17:09.422, 294.85 W, 99 %
2025/12/07 21:17:09.522, 295.12 W, 99 %
2025/12/07 21:17:09.622, 294.98 W, 99 %
2025/12/07 21:17:09.722, 294.47 W, 99 %
2025/12/07 21:17:09.822, 294.49 W, 99 %
2025/12/07 21:17:09.922, 294.56 W, 99 %
2025/12/07 21:17:10.023, 294.38 W, 99 %
2025/12/07 21:17:10.123, 294.49 W, 99 %
2025/12/07 21:17:10.223, 294.14 W, 99 %
2025/12/07 21:17:10.323, 294.23 W, 99 %
2025/12/07 21:17:10.423, 294.45 W, 99 %
2025/12/07 21:17:10.523, 279.15 W, 99 %
2025/12/07 21:17:10.624, 279.32 W, 97 %
2025/12/07 21:17:10.724, 279.45 W, 97 %
2025/12/07 21:17:10.824, 279.32 W, 99 %
2025/12/07 21:17:10.924, 278.78 W, 99 %
2025/12/07 21:17:11.024, 278.56 W, 99 %
2025/12/07 21:17:11.124, 278.51 W, 99 %
2025/12/07 21:17:11.224, 277.20 W, 99 %
2025/12/07 21:17:11.325, 278.30 W, 99 %
2025/12/07 21:17:11.425, 277.87 W, 99 %
2025/12/07 21:17:11.525, 277.74 W, 99 %
2025/12/07 21:17:11.625, 292.93 W, 99 %
2025/12/07 21:17:11.725, 292.55 W, 99 %
2025/12/07 21:17:11.825, 292.30 W, 99 %
2025/12/07 21:17:11.925, 292.51 W, 99 %
2025/12/07 21:17:12.026, 292.70 W, 99 %
2025/12/07 21:17:12.126, 292.59 W, 99 %
2025/12/07 21:17:12.226, 292.76 W, 99 %
2025/12/07 21:17:12.326, 292.91 W, 99 %
2025/12/07 21:17:12.426, 293.43 W, 99 %
2025/12/07 21:17:12.526, 293.66 W, 99 %
2025/12/07 21:17:12.626, 293.54 W, 99 %
2025/12/07 21:17:12.727, 293.63 W, 99 %
2025/12/07 21:17:12.827, 293.30 W, 99 %
2025/12/07 21:17:12.927, 293.30 W, 99 %
2025/12/07 21:17:13.027, 293.57 W, 99 %
2025/12/07 21:17:13.127, 293.83 W, 99 %
2025/12/07 21:17:13.227, 294.27 W, 99 %
2025/12/07 21:17:13.327, 293.95 W, 99 %
2025/12/07 21:17:13.428, 293.72 W, 99 %
2025/12/07 21:17:13.528, 293.76 W, 99 %
2025/12/07 21:17:13.628, 293.87 W, 99 %
2025/12/07 21:17:13.728, 293.74 W, 99 %
2025/12/07 21:17:13.828, 293.73 W, 99 %
2025/12/07 21:17:13.928, 294.73 W, 99 %
2025/12/07 21:17:14.029, 294.49 W, 99 %
2025/12/07 21:17:14.129, 293.03 W, 99 %
2025/12/07 21:17:14.229, 292.48 W, 99 %
2025/12/07 21:17:14.329, 292.43 W, 99 %
2025/12/07 21:17:14.429, 292.31 W, 99 %
2025/12/07 21:17:14.529, 292.40 W, 99 %
2025/12/07 21:17:14.629, 292.05 W, 99 %
2025/12/07 21:17:14.730, 292.54 W, 99 %
2025/12/07 21:17:14.830, 292.71 W, 99 %
2025/12/07 21:17:14.930, 292.76 W, 99 %
2025/12/07 21:17:15.030, 292.44 W, 99 %
2025/12/07 21:17:15.130, 292.37 W, 99 %
2025/12/07 21:17:15.230, 293.76 W, 99 %
2025/12/07 21:17:15.330, 294.12 W, 99 %
2025/12/07 21:17:15.431, 294.34 W, 99 %
2025/12/07 21:17:15.531, 294.68 W, 99 %
2025/12/07 21:17:15.631, 294.77 W, 99 %
2025/12/07 21:17:15.731, 294.66 W, 99 %
2025/12/07 21:17:15.831, 294.64 W, 99 %
2025/12/07 21:17:15.931, 294.42 W, 99 %
2025/12/07 21:17:16.031, 294.06 W, 99 %
2025/12/07 21:17:16.132, 293.96 W, 99 %
2025/12/07 21:17:16.232, 294.06 W, 99 %
2025/12/07 21:17:16.332, 293.92 W, 99 %
2025/12/07 21:17:16.432, 294.24 W, 99 %
2025/12/07 21:17:16.532, 293.96 W, 99 %
2025/12/07 21:17:16.632, 293.65 W, 99 %
2025/12/07 21:17:16.732, 293.56 W, 99 %
2025/12/07 21:17:16.833, 292.95 W, 99 %
2025/12/07 21:17:16.933, 293.02 W, 99 %
2025/12/07 21:17:17.033, 293.19 W, 99 %
2025/12/07 21:17:17.133, 293.70 W, 99 %
2025/12/07 21:17:17.233, 293.57 W, 99 %
2025/12/07 21:17:17.333, 293.43 W, 99 %
2025/12/07 21:17:17.433, 293.40 W, 99 %
2025/12/07 21:17:17.534, 293.04 W, 99 %
2025/12/07 21:17:17.634, 292.96 W, 99 %
2025/12/07 21:17:17.734, 293.75 W, 99 %
2025/12/07 21:17:17.834, 293.70 W, 99 %
2025/12/07 21:17:17.934, 293.79 W, 99 %
2025/12/07 21:17:18.034, 293.59 W, 99 %
2025/12/07 21:17:18.135, 292.93 W, 99 %
2025/12/07 21:17:18.235, 293.33 W, 99 %
2025/12/07 21:17:18.335, 293.28 W, 99 %
2025/12/07 21:17:18.435, 293.39 W, 99 %
2025/12/07 21:17:18.535, 293.67 W, 99 %
2025/12/07 21:17:18.635, 293.48 W, 99 %
2025/12/07 21:17:18.735, 293.45 W, 99 %
2025/12/07 21:17:18.836, 292.62 W, 99 %
2025/12/07 21:17:18.936, 292.67 W, 99 %
2025/12/07 21:17:19.036, 292.50 W, 99 %
2025/12/07 21:17:19.136, 292.83 W, 99 %
2025/12/07 21:17:19.236, 293.27 W, 99 %
2025/12/07 21:17:19.336, 292.83 W, 99 %
2025/12/07 21:17:19.436, 292.78 W, 99 %
2025/12/07 21:17:19.537, 292.87 W, 99 %
2025/12/07 21:17:19.637, 293.07 W, 99 %
2025/12/07 21:17:19.737, 293.04 W, 99 %
2025/12/07 21:17:19.837, 293.08 W, 99 %
2025/12/07 21:17:19.937, 293.35 W, 99 %
2025/12/07 21:17:20.037, 293.16 W, 99 %
2025/12/07 21:17:20.137, 293.49 W, 99 %
2025/12/07 21:17:20.238, 293.14 W, 99 %
2025/12/07 21:17:20.338, 293.25 W, 99 %
2025/12/07 21:17:20.438, 293.45 W, 99 %
2025/12/07 21:17:20.538, 293.61 W, 99 %
2025/12/07 21:17:20.638, 292.79 W, 99 %
2025/12/07 21:17:20.738, 292.79 W, 99 %
2025/12/07 21:17:20.838, 293.19 W, 99 %
2025/12/07 21:17:20.939, 293.41 W, 99 %
2025/12/07 21:17:21.039, 293.33 W, 99 %
2025/12/07 21:17:21.139, 293.40 W, 99 %
2025/12/07 21:17:21.239, 293.46 W, 99 %
2025/12/07 21:17:21.339, 294.34 W, 99 %
2025/12/07 21:17:21.439, 294.62 W, 99 %
2025/12/07 21:17:21.540, 294.81 W, 99 %
2025/12/07 21:17:21.640, 294.88 W, 99 %
2025/12/07 21:17:21.740, 294.90 W, 99 %
2025/12/07 21:17:21.840, 294.95 W, 99 %
2025/12/07 21:17:21.940, 294.88 W, 99 %
2025/12/07 21:17:22.040, 295.09 W, 99 %
2025/12/07 21:17:22.140, 295.25 W, 99 %
2025/12/07 21:17:22.241, 295.22 W, 99 %
2025/12/07 21:17:22.341, 295.21 W, 99 %
2025/12/07 21:17:22.441, 294.67 W, 99 %
2025/12/07 21:17:22.541, 294.51 W, 99 %
2025/12/07 21:17:22.641, 294.07 W, 99 %
2025/12/07 21:17:22.741, 294.35 W, 99 %
2025/12/07 21:17:22.841, 294.08 W, 99 %
2025/12/07 21:17:22.942, 294.22 W, 99 %
2025/12/07 21:17:23.042, 294.18 W, 99 %
2025/12/07 21:17:23.142, 293.97 W, 99 %
2025/12/07 21:17:23.242, 293.89 W, 99 %
2025/12/07 21:17:23.342, 293.60 W, 99 %
2025/12/07 21:17:23.442, 293.15 W, 99 %
2025/12/07 21:17:23.542, 293.25 W, 99 %
2025/12/07 21:17:23.643, 292.80 W, 99 %
2025/12/07 21:17:23.743, 292.97 W, 99 %
2025/12/07 21:17:23.843, 292.88 W, 99 %
2025/12/07 21:17:23.943, 292.94 W, 99 %
2025/12/07 21:17:24.043, 292.62 W, 99 %
2025/12/07 21:17:24.143, 292.36 W, 99 %
2025/12/07 21:17:24.243, 292.18 W, 99 %
2025/12/07 21:17:24.344, 292.96 W, 99 %
2025/12/07 21:17:24.444, 293.08 W, 99 %
2025/12/07 21:17:24.544, 293.39 W, 99 %
2025/12/07 21:17:24.644, 293.05 W, 99 %
2025/12/07 21:17:24.744, 293.03 W, 99 %
2025/12/07 21:17:24.844, 292.82 W, 99 %
2025/12/07 21:17:24.945, 293.76 W, 99 %
2025/12/07 21:17:25.045, 293.74 W, 99 %
2025/12/07 21:17:25.145, 293.95 W, 99 %
2025/12/07 21:17:25.245, 294.04 W, 99 %
2025/12/07 21:17:25.345, 294.28 W, 99 %
2025/12/07 21:17:25.445, 293.90 W, 99 %
2025/12/07 21:17:25.545, 293.51 W, 99 %
2025/12/07 21:17:25.646, 293.85 W, 99 %
2025/12/07 21:17:25.746, 294.13 W, 99 %
2025/12/07 21:17:25.846, 294.10 W, 99 %
2025/12/07 21:17:25.946, 294.33 W, 99 %
2025/12/07 21:17:26.046, 293.53 W, 99 %
2025/12/07 21:17:26.146, 293.42 W, 99 %
2025/12/07 21:17:26.246, 293.31 W, 99 %
2025/12/07 21:17:26.347, 293.23 W, 99 %
2025/12/07 21:17:26.447, 293.04 W, 99 %
2025/12/07 21:17:26.547, 292.82 W, 99 %
2025/12/07 21:17:26.647, 292.84 W, 99 %
2025/12/07 21:17:26.747, 292.82 W, 99 %
2025/12/07 21:17:26.847, 293.01 W, 99 %
2025/12/07 21:17:26.947, 292.98 W, 99 %
2025/12/07 21:17:27.048, 292.83 W, 99 %
2025/12/07 21:17:27.148, 292.84 W, 99 %
2025/12/07 21:17:27.248, 293.02 W, 99 %
2025/12/07 21:17:27.348, 292.80 W, 99 %
2025/12/07 21:17:27.448, 292.66 W, 99 %
2025/12/07 21:17:27.548, 292.70 W, 99 %
2025/12/07 21:17:27.648, 292.79 W, 99 %
2025/12/07 21:17:27.749, 292.98 W, 99 %
2025/12/07 21:17:27.849, 292.92 W, 99 %
2025/12/07 21:17:27.949, 292.85 W, 99 %
2025/12/07 21:17:28.049, 292.91 W, 99 %
2025/12/07 21:17:28.149, 292.97 W, 99 %
2025/12/07 21:17:28.249, 292.84 W, 99 %
2025/12/07 21:17:28.349, 292.85 W, 99 %
2025/12/07 21:17:28.450, 279.42 W, 88 %
2025/12/07 21:17:28.550, 279.99 W, 88 %
2025/12/07 21:17:28.650, 279.96 W, 99 %
2025/12/07 21:17:28.750, 279.94 W, 99 %
2025/12/07 21:17:28.850, 279.10 W, 99 %
2025/12/07 21:17:28.950, 278.95 W, 99 %
2025/12/07 21:17:29.050, 279.13 W, 99 %
2025/12/07 21:17:29.151, 280.55 W, 99 %
2025/12/07 21:17:29.251, 280.60 W, 99 %
2025/12/07 21:17:29.351, 279.75 W, 99 %
2025/12/07 21:17:29.451, 281.17 W, 99 %
2025/12/07 21:17:29.551, 294.92 W, 99 %
2025/12/07 21:17:29.651, 294.99 W, 99 %
2025/12/07 21:17:29.752, 294.54 W, 99 %
2025/12/07 21:17:29.852, 294.47 W, 99 %
2025/12/07 21:17:29.952, 294.08 W, 99 %
2025/12/07 21:17:30.052, 294.26 W, 99 %
2025/12/07 21:17:30.152, 294.05 W, 99 %
2025/12/07 21:17:30.252, 293.79 W, 99 %
2025/12/07 21:17:30.352, 293.60 W, 99 %
2025/12/07 21:17:30.453, 293.34 W, 99 %
2025/12/07 21:17:30.553, 293.22 W, 99 %
2025/12/07 21:17:30.653, 292.83 W, 99 %
2025/12/07 21:17:30.753, 292.64 W, 99 %
2025/12/07 21:17:30.853, 292.93 W, 99 %
2025/12/07 21:17:30.953, 292.81 W, 99 %
2025/12/07 21:17:31.053, 292.59 W, 99 %
2025/12/07 21:17:31.154, 292.67 W, 99 %
2025/12/07 21:17:31.254, 292.89 W, 99 %
2025/12/07 21:17:31.354, 292.81 W, 99 %
2025/12/07 21:17:31.454, 293.10 W, 99 %
2025/12/07 21:17:31.554, 292.46 W, 99 %
2025/12/07 21:17:31.654, 292.70 W, 99 %
2025/12/07 21:17:31.754, 293.26 W, 99 %
2025/12/07 21:17:31.855, 293.13 W, 99 %
2025/12/07 21:17:31.955, 293.17 W, 99 %
2025/12/07 21:17:32.055, 279.77 W, 87 %
2025/12/07 21:17:32.155, 280.50 W, 87 %
2025/12/07 21:17:32.255, 278.59 W, 99 %
2025/12/07 21:17:32.355, 278.62 W, 99 %
2025/12/07 21:17:32.456, 280.15 W, 99 %
2025/12/07 21:17:32.556, 280.26 W, 99 %
2025/12/07 21:17:32.656, 280.77 W, 99 %
2025/12/07 21:17:32.756, 280.45 W, 99 %
2025/12/07 21:17:32.856, 280.18 W, 99 %
2025/12/07 21:17:32.956, 280.19 W, 99 %
2025/12/07 21:17:33.056, 280.16 W, 99 %
2025/12/07 21:17:33.157, 292.99 W, 99 %
2025/12/07 21:17:33.257, 292.95 W, 99 %
2025/12/07 21:17:33.357, 293.19 W, 99 %
2025/12/07 21:17:33.457, 293.44 W, 99 %
2025/12/07 21:17:33.557, 293.16 W, 99 %
2025/12/07 21:17:33.657, 292.24 W, 99 %
2025/12/07 21:17:33.757, 292.45 W, 99 %
2025/12/07 21:17:33.858, 292.88 W, 99 %
2025/12/07 21:17:33.958, 292.88 W, 99 %
2025/12/07 21:17:34.058, 292.81 W, 99 %
2025/12/07 21:17:34.158, 292.64 W, 99 %
2025/12/07 21:17:34.258, 292.60 W, 99 %
2025/12/07 21:17:34.358, 293.13 W, 99 %
2025/12/07 21:17:34.458, 293.00 W, 99 %
2025/12/07 21:17:34.559, 292.90 W, 99 %
2025/12/07 21:17:34.659, 293.11 W, 99 %
2025/12/07 21:17:34.759, 293.47 W, 99 %
2025/12/07 21:17:34.859, 293.23 W, 99 %
2025/12/07 21:17:34.959, 293.12 W, 99 %
2025/12/07 21:17:35.059, 293.09 W, 99 %
2025/12/07 21:17:35.159, 293.86 W, 99 %
2025/12/07 21:17:35.260, 293.87 W, 99 %
2025/12/07 21:17:35.360, 293.90 W, 99 %
2025/12/07 21:17:35.460, 293.38 W, 99 %
2025/12/07 21:17:35.560, 293.38 W, 99 %
2025/12/07 21:17:35.660, 281.10 W, 73 %
2025/12/07 21:17:35.760, 281.44 W, 73 %
2025/12/07 21:17:35.861, 281.85 W, 99 %
2025/12/07 21:17:35.961, 281.81 W, 99 %
2025/12/07 21:17:36.061, 281.10 W, 99 %
2025/12/07 21:17:36.161, 282.37 W, 99 %
2025/12/07 21:17:36.261, 281.96 W, 99 %
2025/12/07 21:17:36.361, 281.94 W, 99 %
2025/12/07 21:17:36.461, 282.01 W, 99 %
2025/12/07 21:17:36.562, 282.02 W, 99 %
2025/12/07 21:17:36.662, 294.60 W, 99 %
2025/12/07 21:17:36.762, 294.25 W, 99 %
2025/12/07 21:17:36.862, 293.99 W, 99 %
2025/12/07 21:17:36.962, 293.99 W, 99 %
2025/12/07 21:17:37.062, 293.66 W, 99 %
2025/12/07 21:17:37.162, 293.22 W, 99 %
2025/12/07 21:17:37.263, 292.99 W, 99 %
2025/12/07 21:17:37.363, 293.57 W, 99 %
2025/12/07 21:17:37.463, 293.98 W, 99 %
2025/12/07 21:17:37.563, 294.02 W, 99 %
2025/12/07 21:17:37.663, 294.24 W, 99 %
2025/12/07 21:17:37.763, 294.54 W, 99 %
2025/12/07 21:17:37.863, 294.33 W, 99 %
2025/12/07 21:17:37.964, 294.21 W, 99 %
2025/12/07 21:17:38.064, 294.20 W, 99 %
2025/12/07 21:17:38.164, 294.50 W, 99 %
2025/12/07 21:17:38.264, 294.87 W, 99 %
2025/12/07 21:17:38.364, 294.76 W, 99 %
2025/12/07 21:17:38.464, 294.23 W, 99 %
2025/12/07 21:17:38.565, 293.96 W, 99 %
2025/12/07 21:17:38.665, 293.68 W, 99 %
2025/12/07 21:17:38.765, 293.28 W, 99 %
2025/12/07 21:17:38.865, 293.47 W, 99 %
2025/12/07 21:17:38.965, 293.12 W, 99 %
2025/12/07 21:17:39.065, 293.24 W, 99 %
2025/12/07 21:17:39.165, 293.14 W, 99 %
2025/12/07 21:17:39.266, 287.07 W, 77 %
2025/12/07 21:17:39.366, 287.06 W, 77 %
2025/12/07 21:17:39.466, 287.15 W, 99 %
2025/12/07 21:17:39.566, 287.36 W, 99 %
2025/12/07 21:17:39.666, 287.31 W, 99 %
2025/12/07 21:17:39.766, 287.29 W, 99 %
2025/12/07 21:17:39.867, 287.25 W, 99 %
2025/12/07 21:17:39.967, 287.33 W, 99 %
2025/12/07 21:17:40.067, 287.42 W, 99 %
2025/12/07 21:17:40.167, 287.04 W, 99 %
2025/12/07 21:17:40.267, 287.39 W, 99 %
2025/12/07 21:17:40.367, 293.70 W, 99 %
2025/12/07 21:17:40.467, 293.60 W, 99 %
2025/12/07 21:17:40.568, 293.81 W, 99 %
2025/12/07 21:17:40.668, 293.77 W, 99 %
2025/12/07 21:17:40.768, 293.73 W, 99 %
2025/12/07 21:17:40.868, 293.93 W, 99 %
2025/12/07 21:17:40.968, 294.11 W, 99 %
2025/12/07 21:17:41.068, 294.20 W, 99 %
2025/12/07 21:17:41.168, 294.43 W, 99 %
2025/12/07 21:17:41.269, 294.75 W, 99 %
2025/12/07 21:17:41.369, 294.14 W, 99 %
2025/12/07 21:17:41.469, 293.88 W, 99 %
2025/12/07 21:17:41.569, 294.31 W, 99 %
2025/12/07 21:17:41.669, 294.52 W, 99 %
2025/12/07 21:17:41.769, 294.76 W, 99 %
2025/12/07 21:17:41.869, 294.69 W, 99 %
2025/12/07 21:17:41.970, 294.35 W, 99 %
2025/12/07 21:17:42.070, 294.24 W, 99 %
2025/12/07 21:17:42.170, 294.07 W, 99 %
2025/12/07 21:17:42.270, 294.13 W, 99 %
2025/12/07 21:17:42.370, 294.12 W, 99 %
2025/12/07 21:17:42.470, 293.85 W, 99 %
2025/12/07 21:17:42.570, 294.03 W, 99 %
2025/12/07 21:17:42.671, 293.86 W, 99 %
2025/12/07 21:17:42.771, 293.97 W, 99 %
2025/12/07 21:17:42.871, 293.77 W, 78 %
2025/12/07 21:17:42.971, 293.84 W, 78 %
2025/12/07 21:17:43.071, 293.98 W, 99 %
2025/12/07 21:17:43.171, 294.22 W, 99 %
2025/12/07 21:17:43.271, 294.00 W, 99 %
2025/12/07 21:17:43.372, 293.81 W, 99 %
2025/12/07 21:17:43.472, 293.97 W, 99 %
2025/12/07 21:17:43.572, 293.98 W, 99 %
2025/12/07 21:17:43.672, 293.77 W, 99 %
2025/12/07 21:17:43.772, 293.25 W, 99 %
2025/12/07 21:17:43.872, 293.67 W, 99 %
2025/12/07 21:17:43.972, 293.57 W, 99 %
2025/12/07 21:17:44.073, 293.31 W, 99 %
2025/12/07 21:17:44.173, 293.20 W, 99 %
2025/12/07 21:17:44.273, 292.66 W, 99 %
2025/12/07 21:17:44.373, 292.72 W, 99 %
2025/12/07 21:17:44.473, 292.71 W, 99 %
2025/12/07 21:17:44.573, 292.78 W, 99 %
2025/12/07 21:17:44.673, 292.83 W, 99 %
2025/12/07 21:17:44.774, 292.85 W, 99 %
2025/12/07 21:17:44.874, 293.13 W, 99 %
2025/12/07 21:17:44.974, 292.70 W, 99 %
2025/12/07 21:17:45.074, 292.67 W, 99 %
2025/12/07 21:17:45.174, 292.85 W, 99 %
2025/12/07 21:17:45.274, 292.77 W, 99 %
2025/12/07 21:17:45.375, 293.04 W, 99 %
2025/12/07 21:17:45.475, 293.06 W, 99 %
2025/12/07 21:17:45.575, 293.08 W, 99 %
2025/12/07 21:17:45.675, 292.98 W, 99 %
2025/12/07 21:17:45.775, 292.75 W, 99 %
2025/12/07 21:17:45.875, 292.92 W, 99 %
2025/12/07 21:17:45.975, 292.87 W, 99 %
2025/12/07 21:17:46.076, 293.25 W, 99 %
2025/12/07 21:17:46.176, 293.33 W, 99 %
2025/12/07 21:17:46.276, 293.17 W, 99 %
2025/12/07 21:17:46.376, 293.85 W, 99 %
2025/12/07 21:17:46.476, 294.17 W, 77 %
2025/12/07 21:17:46.576, 294.61 W, 77 %
2025/12/07 21:17:46.676, 295.26 W, 99 %
2025/12/07 21:17:46.777, 295.61 W, 99 %
2025/12/07 21:17:46.877, 295.74 W, 99 %
2025/12/07 21:17:46.977, 295.67 W, 99 %
2025/12/07 21:17:47.077, 295.71 W, 99 %
2025/12/07 21:17:47.177, 295.43 W, 99 %
2025/12/07 21:17:47.277, 295.77 W, 99 %
2025/12/07 21:17:47.377, 295.24 W, 99 %
2025/12/07 21:17:47.478, 294.57 W, 99 %
2025/12/07 21:17:47.578, 293.99 W, 99 %
2025/12/07 21:17:47.678, 293.64 W, 99 %
2025/12/07 21:17:47.778, 293.76 W, 99 %
2025/12/07 21:17:47.878, 293.73 W, 99 %
2025/12/07 21:17:47.978, 294.09 W, 99 %
2025/12/07 21:17:48.078, 293.85 W, 99 %
2025/12/07 21:17:48.179, 293.62 W, 99 %
2025/12/07 21:17:48.279, 293.64 W, 99 %
2025/12/07 21:17:48.379, 293.74 W, 99 %
2025/12/07 21:17:48.479, 294.38 W, 99 %
2025/12/07 21:17:48.579, 294.67 W, 99 %
2025/12/07 21:17:48.679, 294.38 W, 99 %
2025/12/07 21:17:48.779, 294.28 W, 99 %
2025/12/07 21:17:48.880, 294.18 W, 99 %
2025/12/07 21:17:48.980, 294.13 W, 99 %
2025/12/07 21:17:49.080, 293.78 W, 99 %
2025/12/07 21:17:49.180, 293.98 W, 99 %
2025/12/07 21:17:49.280, 294.00 W, 99 %
2025/12/07 21:17:49.380, 293.92 W, 99 %
2025/12/07 21:17:49.481, 293.60 W, 99 %
2025/12/07 21:17:49.581, 293.60 W, 99 %
2025/12/07 21:17:49.681, 293.85 W, 99 %
2025/12/07 21:17:49.781, 294.34 W, 99 %
2025/12/07 21:17:49.881, 294.32 W, 99 %
2025/12/07 21:17:49.981, 294.12 W, 99 %
2025/12/07 21:17:50.081, 295.09 W, 75 %
2025/12/07 21:17:50.182, 294.92 W, 75 %
2025/12/07 21:17:50.282, 295.26 W, 99 %
2025/12/07 21:17:50.382, 295.22 W, 99 %
2025/12/07 21:17:50.482, 294.80 W, 99 %
2025/12/07 21:17:50.582, 294.77 W, 99 %
2025/12/07 21:17:50.682, 294.47 W, 99 %
2025/12/07 21:17:50.782, 294.13 W, 99 %
2025/12/07 21:17:50.883, 293.69 W, 99 %
2025/12/07 21:17:50.983, 293.99 W, 99 %
2025/12/07 21:17:51.083, 294.03 W, 99 %
2025/12/07 21:17:51.183, 293.40 W, 99 %
2025/12/07 21:17:51.283, 293.31 W, 99 %
2025/12/07 21:17:51.383, 293.11 W, 99 %
2025/12/07 21:17:51.483, 293.31 W, 99 %
2025/12/07 21:17:51.584, 293.23 W, 99 %
2025/12/07 21:17:51.684, 293.20 W, 99 %
2025/12/07 21:17:51.784, 293.54 W, 99 %
2025/12/07 21:17:51.884, 293.60 W, 99 %
2025/12/07 21:17:51.984, 293.42 W, 99 %
2025/12/07 21:17:52.084, 293.07 W, 99 %
2025/12/07 21:17:52.184, 293.20 W, 99 %
2025/12/07 21:17:52.285, 292.50 W, 99 %
2025/12/07 21:17:52.385, 292.62 W, 99 %
2025/12/07 21:17:52.485, 292.96 W, 99 %
2025/12/07 21:17:52.585, 293.26 W, 99 %
2025/12/07 21:17:52.685, 293.23 W, 99 %
2025/12/07 21:17:52.785, 293.66 W, 99 %
2025/12/07 21:17:52.886, 293.34 W, 99 %
2025/12/07 21:17:52.986, 293.32 W, 99 %
2025/12/07 21:17:53.086, 293.36 W, 99 %
2025/12/07 21:17:53.186, 293.31 W, 99 %
2025/12/07 21:17:53.286, 292.91 W, 99 %
2025/12/07 21:17:53.386, 293.25 W, 99 %
2025/12/07 21:17:53.486, 292.92 W, 99 %
2025/12/07 21:17:53.587, 292.52 W, 99 %
2025/12/07 21:17:53.687, 275.56 W, 19 %
2025/12/07 21:17:53.787, 276.21 W, 19 %
2025/12/07 21:17:53.887, 276.61 W, 99 %
2025/12/07 21:17:53.987, 275.37 W, 99 %
2025/12/07 21:17:54.087, 275.52 W, 99 %
2025/12/07 21:17:54.187, 275.87 W, 99 %
2025/12/07 21:17:54.288, 276.19 W, 99 %
2025/12/07 21:17:54.388, 276.55 W, 99 %
2025/12/07 21:17:54.488, 277.17 W, 99 %
2025/12/07 21:17:54.588, 277.11 W, 99 %
2025/12/07 21:17:54.688, 278.70 W, 99 %
2025/12/07 21:17:54.788, 295.70 W, 99 %
2025/12/07 21:17:54.888, 294.68 W, 99 %
2025/12/07 21:17:54.989, 294.58 W, 99 %
2025/12/07 21:17:55.089, 294.33 W, 99 %
2025/12/07 21:17:55.189, 294.13 W, 99 %
2025/12/07 21:17:55.289, 293.93 W, 99 %
2025/12/07 21:17:55.389, 294.19 W, 99 %
2025/12/07 21:17:55.489, 294.22 W, 99 %
2025/12/07 21:17:55.589, 293.91 W, 99 %
2025/12/07 21:17:55.690, 293.91 W, 99 %
2025/12/07 21:17:55.790, 293.80 W, 99 %
2025/12/07 21:17:55.890, 293.51 W, 99 %
2025/12/07 21:17:55.990, 293.35 W, 99 %
2025/12/07 21:17:56.090, 293.28 W, 99 %
2025/12/07 21:17:56.190, 293.28 W, 99 %
2025/12/07 21:17:56.291, 293.36 W, 99 %
2025/12/07 21:17:56.391, 293.17 W, 99 %
2025/12/07 21:17:56.491, 293.09 W, 99 %
2025/12/07 21:17:56.591, 292.98 W, 99 %
2025/12/07 21:17:56.691, 293.07 W, 99 %
2025/12/07 21:17:56.791, 293.31 W, 99 %
2025/12/07 21:17:56.891, 293.36 W, 99 %
2025/12/07 21:17:56.992, 293.42 W, 99 %
2025/12/07 21:17:57.092, 293.26 W, 99 %
2025/12/07 21:17:57.192, 293.06 W, 99 %
2025/12/07 21:17:57.292, 287.91 W, 77 %
2025/12/07 21:17:57.392, 288.20 W, 77 %
2025/12/07 21:17:57.492, 288.40 W, 99 %
2025/12/07 21:17:57.592, 287.55 W, 99 %
2025/12/07 21:17:57.693, 288.23 W, 99 %
2025/12/07 21:17:57.793, 287.22 W, 99 %
2025/12/07 21:17:57.893, 287.89 W, 99 %
2025/12/07 21:17:57.993, 287.10 W, 99 %
2025/12/07 21:17:58.093, 287.31 W, 99 %
2025/12/07 21:17:58.193, 287.71 W, 99 %
2025/12/07 21:17:58.293, 288.29 W, 99 %
2025/12/07 21:17:58.394, 293.67 W, 99 %
2025/12/07 21:17:58.494, 293.46 W, 99 %
2025/12/07 21:17:58.594, 293.29 W, 99 %
2025/12/07 21:17:58.694, 293.15 W, 99 %
2025/12/07 21:17:58.794, 293.01 W, 99 %
2025/12/07 21:17:58.894, 293.16 W, 99 %
2025/12/07 21:17:58.994, 293.01 W, 99 %
2025/12/07 21:17:59.095, 293.03 W, 99 %
2025/12/07 21:17:59.195, 293.20 W, 99 %
2025/12/07 21:17:59.295, 293.29 W, 99 %
2025/12/07 21:17:59.395, 293.77 W, 99 %
2025/12/07 21:17:59.495, 293.37 W, 99 %
2025/12/07 21:17:59.595, 293.76 W, 99 %
2025/12/07 21:17:59.696, 294.31 W, 99 %
2025/12/07 21:17:59.796, 294.03 W, 99 %
2025/12/07 21:17:59.896, 294.02 W, 99 %
2025/12/07 21:17:59.996, 294.74 W, 99 %
2025/12/07 21:18:00.096, 294.61 W, 99 %
2025/12/07 21:18:00.196, 294.70 W, 99 %
2025/12/07 21:18:00.296, 294.39 W, 99 %
2025/12/07 21:18:00.397, 294.11 W, 99 %
2025/12/07 21:18:00.497, 293.63 W, 99 %
2025/12/07 21:18:00.597, 293.82 W, 99 %
2025/12/07 21:18:00.697, 293.24 W, 99 %
2025/12/07 21:18:00.797, 293.19 W, 99 %
2025/12/07 21:18:00.897, 290.85 W, 77 %
2025/12/07 21:18:00.997, 290.97 W, 77 %
2025/12/07 21:18:01.098, 290.34 W, 99 %
2025/12/07 21:18:01.198, 290.23 W, 99 %
2025/12/07 21:18:01.298, 290.81 W, 99 %
2025/12/07 21:18:01.398, 291.13 W, 99 %
2025/12/07 21:18:01.498, 291.55 W, 99 %
2025/12/07 21:18:01.598, 291.76 W, 99 %
2025/12/07 21:18:01.698, 292.05 W, 99 %
2025/12/07 21:18:01.799, 292.39 W, 99 %
2025/12/07 21:18:01.899, 292.61 W, 99 %
2025/12/07 21:18:01.999, 295.24 W, 99 %
2025/12/07 21:18:02.099, 295.24 W, 99 %
2025/12/07 21:18:02.199, 295.62 W, 99 %
2025/12/07 21:18:02.299, 295.83 W, 99 %
2025/12/07 21:18:02.399, 295.28 W, 99 %
2025/12/07 21:18:02.500, 295.10 W, 99 %
2025/12/07 21:18:02.600, 294.96 W, 99 %
2025/12/07 21:18:02.700, 294.28 W, 99 %
2025/12/07 21:18:02.800, 294.14 W, 99 %
2025/12/07 21:18:02.900, 294.17 W, 99 %
2025/12/07 21:18:03.000, 293.96 W, 99 %
2025/12/07 21:18:03.101, 293.98 W, 99 %
2025/12/07 21:18:03.201, 293.99 W, 99 %
2025/12/07 21:18:03.301, 293.59 W, 99 %
2025/12/07 21:18:03.401, 293.78 W, 99 %
2025/12/07 21:18:03.501, 293.86 W, 99 %
2025/12/07 21:18:03.601, 293.92 W, 99 %
2025/12/07 21:18:03.701, 294.25 W, 99 %
2025/12/07 21:18:03.802, 294.25 W, 99 %
2025/12/07 21:18:03.902, 294.07 W, 99 %
2025/12/07 21:18:04.002, 294.07 W, 99 %
2025/12/07 21:18:04.102, 294.29 W, 99 %
2025/12/07 21:18:04.202, 294.67 W, 99 %
2025/12/07 21:18:04.302, 294.42 W, 99 %
2025/12/07 21:18:04.402, 291.01 W, 99 %
2025/12/07 21:18:04.503, 291.99 W, 99 %
2025/12/07 21:18:04.603, 292.39 W, 99 %
2025/12/07 21:18:04.703, 292.49 W, 99 %
2025/12/07 21:18:04.803, 292.41 W, 99 %
2025/12/07 21:18:04.903, 292.33 W, 99 %
2025/12/07 21:18:05.003, 292.16 W, 99 %
2025/12/07 21:18:05.103, 292.03 W, 99 %
2025/12/07 21:18:05.204, 291.59 W, 99 %
2025/12/07 21:18:05.304, 291.12 W, 99 %
2025/12/07 21:18:05.404, 291.61 W, 99 %
2025/12/07 21:18:05.504, 294.71 W, 99 %
2025/12/07 21:18:05.604, 293.33 W, 99 %
2025/12/07 21:18:05.704, 293.41 W, 99 %
2025/12/07 21:18:05.804, 293.30 W, 99 %
2025/12/07 21:18:05.905, 293.87 W, 99 %
2025/12/07 21:18:06.005, 293.98 W, 99 %
2025/12/07 21:18:06.105, 294.24 W, 99 %
2025/12/07 21:18:06.205, 294.09 W, 99 %
2025/12/07 21:18:06.305, 294.63 W, 99 %
2025/12/07 21:18:06.405, 294.27 W, 99 %
2025/12/07 21:18:06.505, 294.26 W, 99 %
2025/12/07 21:18:06.606, 294.11 W, 99 %
2025/12/07 21:18:06.706, 294.19 W, 99 %
2025/12/07 21:18:06.806, 294.02 W, 99 %
2025/12/07 21:18:06.906, 293.95 W, 99 %
2025/12/07 21:18:07.006, 293.43 W, 99 %
2025/12/07 21:18:07.106, 293.41 W, 99 %
2025/12/07 21:18:07.206, 293.11 W, 99 %
2025/12/07 21:18:07.307, 292.95 W, 99 %
2025/12/07 21:18:07.407, 292.65 W, 99 %
2025/12/07 21:18:07.507, 292.53 W, 99 %
2025/12/07 21:18:07.607, 292.42 W, 99 %
2025/12/07 21:18:07.707, 292.65 W, 99 %
2025/12/07 21:18:07.807, 292.44 W, 99 %
2025/12/07 21:18:07.907, 292.54 W, 99 %
2025/12/07 21:18:08.008, 290.90 W, 99 %
2025/12/07 21:18:08.108, 291.33 W, 99 %
2025/12/07 21:18:08.208, 291.31 W, 99 %
2025/12/07 21:18:08.308, 291.81 W, 99 %
2025/12/07 21:18:08.408, 292.08 W, 99 %
2025/12/07 21:18:08.508, 291.91 W, 99 %
2025/12/07 21:18:08.609, 292.07 W, 99 %
2025/12/07 21:18:08.709, 292.36 W, 99 %
2025/12/07 21:18:08.809, 292.38 W, 99 %
2025/12/07 21:18:08.909, 292.62 W, 99 %
2025/12/07 21:18:09.009, 292.54 W, 99 %
2025/12/07 21:18:09.109, 293.89 W, 99 %
2025/12/07 21:18:09.209, 294.04 W, 99 %
2025/12/07 21:18:09.310, 294.05 W, 99 %
2025/12/07 21:18:09.410, 293.80 W, 99 %
2025/12/07 21:18:09.510, 294.15 W, 99 %
2025/12/07 21:18:09.610, 294.34 W, 99 %
2025/12/07 21:18:09.710, 294.51 W, 99 %
2025/12/07 21:18:09.810, 294.19 W, 99 %
2025/12/07 21:18:09.910, 294.33 W, 99 %
2025/12/07 21:18:10.011, 293.90 W, 99 %
2025/12/07 21:18:10.111, 293.80 W, 99 %
2025/12/07 21:18:10.211, 293.49 W, 99 %
2025/12/07 21:18:10.311, 293.28 W, 99 %
2025/12/07 21:18:10.411, 293.37 W, 99 %
2025/12/07 21:18:10.511, 292.75 W, 99 %
2025/12/07 21:18:10.611, 292.92 W, 99 %
2025/12/07 21:18:10.712, 293.11 W, 99 %
2025/12/07 21:18:10.812, 293.21 W, 99 %
2025/12/07 21:18:10.912, 292.99 W, 99 %
2025/12/07 21:18:11.012, 293.05 W, 99 %
2025/12/07 21:18:11.112, 293.04 W, 99 %
2025/12/07 21:18:11.212, 293.51 W, 99 %
2025/12/07 21:18:11.312, 293.72 W, 99 %
2025/12/07 21:18:11.413, 293.75 W, 99 %
2025/12/07 21:18:11.513, 293.84 W, 99 %
2025/12/07 21:18:11.613, 293.44 W, 99 %
2025/12/07 21:18:11.713, 293.65 W, 99 %
2025/12/07 21:18:11.813, 294.07 W, 99 %
2025/12/07 21:18:11.913, 293.69 W, 99 %
2025/12/07 21:18:12.014, 293.91 W, 99 %
2025/12/07 21:18:12.114, 293.92 W, 99 %
2025/12/07 21:18:12.214, 294.11 W, 99 %
2025/12/07 21:18:12.314, 293.71 W, 99 %
2025/12/07 21:18:12.414, 293.99 W, 99 %
2025/12/07 21:18:12.514, 293.87 W, 99 %
2025/12/07 21:18:12.614, 293.77 W, 99 %
2025/12/07 21:18:12.715, 293.95 W, 99 %
2025/12/07 21:18:12.815, 293.04 W, 99 %
2025/12/07 21:18:12.915, 293.18 W, 99 %
2025/12/07 21:18:13.015, 293.38 W, 99 %
2025/12/07 21:18:13.115, 293.27 W, 99 %
2025/12/07 21:18:13.215, 293.33 W, 99 %
2025/12/07 21:18:13.315, 293.28 W, 99 %
2025/12/07 21:18:13.416, 293.10 W, 99 %
2025/12/07 21:18:13.516, 293.34 W, 99 %
2025/12/07 21:18:13.616, 293.44 W, 99 %
2025/12/07 21:18:13.716, 293.64 W, 99 %
2025/12/07 21:18:13.816, 293.97 W, 99 %
2025/12/07 21:18:13.916, 293.98 W, 99 %
2025/12/07 21:18:14.016, 294.04 W, 99 %
2025/12/07 21:18:14.117, 294.13 W, 99 %
2025/12/07 21:18:14.217, 293.79 W, 99 %
2025/12/07 21:18:14.317, 293.69 W, 99 %
2025/12/07 21:18:14.419, 293.75 W, 99 %
2025/12/07 21:18:14.519, 293.84 W, 99 %
2025/12/07 21:18:14.619, 293.90 W, 99 %
2025/12/07 21:18:14.719, 293.68 W, 99 %
2025/12/07 21:18:14.819, 293.50 W, 99 %
2025/12/07 21:18:14.919, 293.44 W, 99 %
2025/12/07 21:18:15.019, 293.44 W, 99 %
2025/12/07 21:18:15.120, 293.20 W, 99 %
2025/12/07 21:18:15.220, 293.01 W, 99 %
2025/12/07 21:18:15.320, 293.55 W, 99 %
2025/12/07 21:18:15.420, 293.90 W, 99 %
2025/12/07 21:18:15.520, 294.01 W, 99 %
2025/12/07 21:18:15.620, 293.84 W, 99 %
2025/12/07 21:18:15.720, 293.62 W, 99 %
2025/12/07 21:18:15.821, 293.29 W, 99 %
2025/12/07 21:18:15.921, 293.39 W, 99 %
2025/12/07 21:18:16.021, 293.63 W, 99 %
2025/12/07 21:18:16.121, 292.98 W, 99 %
2025/12/07 21:18:16.221, 293.11 W, 99 %
2025/12/07 21:18:16.321, 293.06 W, 99 %
2025/12/07 21:18:16.422, 292.89 W, 99 %
2025/12/07 21:18:16.522, 292.82 W, 99 %
2025/12/07 21:18:16.622, 292.79 W, 99 %
2025/12/07 21:18:16.722, 293.07 W, 99 %
2025/12/07 21:18:16.822, 293.11 W, 99 %
2025/12/07 21:18:16.922, 293.28 W, 99 %
2025/12/07 21:18:17.022, 293.20 W, 99 %
2025/12/07 21:18:17.123, 292.87 W, 99 %
2025/12/07 21:18:17.223, 293.89 W, 99 %
2025/12/07 21:18:17.323, 294.10 W, 99 %
2025/12/07 21:18:17.423, 293.83 W, 99 %
2025/12/07 21:18:17.523, 293.76 W, 99 %
2025/12/07 21:18:17.623, 294.05 W, 99 %
2025/12/07 21:18:17.723, 294.24 W, 99 %
2025/12/07 21:18:17.824, 294.03 W, 99 %
2025/12/07 21:18:17.924, 293.77 W, 99 %
2025/12/07 21:18:18.024, 293.42 W, 99 %
2025/12/07 21:18:18.124, 293.42 W, 99 %
2025/12/07 21:18:18.224, 293.46 W, 99 %
2025/12/07 21:18:18.324, 293.20 W, 99 %
2025/12/07 21:18:18.424, 293.45 W, 99 %
2025/12/07 21:18:18.525, 293.70 W, 99 %
2025/12/07 21:18:18.625, 293.45 W, 99 %
2025/12/07 21:18:18.725, 293.37 W, 99 %
2025/12/07 21:18:18.825, 293.82 W, 99 %
2025/12/07 21:18:18.925, 294.39 W, 99 %
2025/12/07 21:18:19.025, 294.44 W, 99 %
2025/12/07 21:18:19.125, 294.67 W, 99 %
2025/12/07 21:18:19.226, 294.80 W, 99 %
2025/12/07 21:18:19.326, 294.58 W, 99 %
2025/12/07 21:18:19.426, 294.29 W, 99 %
2025/12/07 21:18:19.526, 294.04 W, 99 %
2025/12/07 21:18:19.626, 293.85 W, 99 %
2025/12/07 21:18:19.726, 293.95 W, 99 %
2025/12/07 21:18:19.827, 293.60 W, 99 %
2025/12/07 21:18:19.927, 293.15 W, 99 %
2025/12/07 21:18:20.027, 293.31 W, 99 %
2025/12/07 21:18:20.127, 293.62 W, 99 %
2025/12/07 21:18:20.227, 293.71 W, 99 %
2025/12/07 21:18:20.327, 294.01 W, 99 %
2025/12/07 21:18:20.427, 294.26 W, 99 %
2025/12/07 21:18:20.528, 294.24 W, 99 %
2025/12/07 21:18:20.628, 294.38 W, 99 %
2025/12/07 21:18:20.728, 294.18 W, 99 %
2025/12/07 21:18:20.828, 294.53 W, 99 %
2025/12/07 21:18:20.928, 294.46 W, 99 %
2025/12/07 21:18:21.028, 294.20 W, 99 %
2025/12/07 21:18:21.128, 294.00 W, 99 %
2025/12/07 21:18:21.229, 293.82 W, 99 %
2025/12/07 21:18:21.329, 293.63 W, 99 %
2025/12/07 21:18:21.429, 293.36 W, 99 %
2025/12/07 21:18:21.529, 293.60 W, 99 %
2025/12/07 21:18:21.629, 293.83 W, 99 %
2025/12/07 21:18:21.729, 293.61 W, 99 %
2025/12/07 21:18:21.829, 293.73 W, 99 %
2025/12/07 21:18:21.930, 293.42 W, 99 %
2025/12/07 21:18:22.030, 293.26 W, 99 %
2025/12/07 21:18:22.130, 293.31 W, 99 %
2025/12/07 21:18:22.230, 293.27 W, 99 %
2025/12/07 21:18:22.330, 293.50 W, 99 %
2025/12/07 21:18:22.430, 294.30 W, 99 %
2025/12/07 21:18:22.530, 294.24 W, 99 %
2025/12/07 21:18:22.631, 294.06 W, 99 %
2025/12/07 21:18:22.731, 293.75 W, 99 %
2025/12/07 21:18:22.831, 293.91 W, 99 %
2025/12/07 21:18:22.931, 293.62 W, 99 %
2025/12/07 21:18:23.031, 293.56 W, 99 %
2025/12/07 21:18:23.131, 293.61 W, 99 %
2025/12/07 21:18:23.232, 293.75 W, 99 %
2025/12/07 21:18:23.332, 293.70 W, 99 %
2025/12/07 21:18:23.432, 293.63 W, 99 %
2025/12/07 21:18:23.532, 292.79 W, 99 %
2025/12/07 21:18:23.632, 292.69 W, 99 %
2025/12/07 21:18:23.732, 292.88 W, 99 %
2025/12/07 21:18:23.832, 292.88 W, 99 %
2025/12/07 21:18:23.933, 293.04 W, 99 %
2025/12/07 21:18:24.033, 293.25 W, 99 %
2025/12/07 21:18:24.133, 293.13 W, 99 %
2025/12/07 21:18:24.233, 293.13 W, 99 %
2025/12/07 21:18:24.333, 293.00 W, 99 %
2025/12/07 21:18:24.433, 293.06 W, 99 %
2025/12/07 21:18:24.533, 293.02 W, 99 %
2025/12/07 21:18:24.634, 292.89 W, 99 %
2025/12/07 21:18:24.734, 293.40 W, 99 %
2025/12/07 21:18:24.834, 293.38 W, 99 %
2025/12/07 21:18:24.934, 293.33 W, 99 %
2025/12/07 21:18:25.034, 293.44 W, 99 %
2025/12/07 21:18:25.134, 293.41 W, 99 %
2025/12/07 21:18:25.234, 293.70 W, 99 %
2025/12/07 21:18:25.335, 293.64 W, 99 %
2025/12/07 21:18:25.435, 293.52 W, 99 %
2025/12/07 21:18:25.535, 293.36 W, 99 %
2025/12/07 21:18:25.635, 293.42 W, 99 %
2025/12/07 21:18:25.735, 293.59 W, 99 %
2025/12/07 21:18:25.835, 293.14 W, 99 %
2025/12/07 21:18:25.936, 293.08 W, 99 %
2025/12/07 21:18:26.036, 293.73 W, 99 %
2025/12/07 21:18:26.136, 293.18 W, 99 %
2025/12/07 21:18:26.236, 293.60 W, 99 %
2025/12/07 21:18:26.336, 292.95 W, 99 %
2025/12/07 21:18:26.436, 292.76 W, 99 %
2025/12/07 21:18:26.536, 293.19 W, 99 %
2025/12/07 21:18:26.637, 293.83 W, 99 %
2025/12/07 21:18:26.737, 293.91 W, 99 %
2025/12/07 21:18:26.837, 294.27 W, 99 %
2025/12/07 21:18:26.937, 294.28 W, 99 %
2025/12/07 21:18:27.037, 294.54 W, 99 %
2025/12/07 21:18:27.137, 293.99 W, 99 %
2025/12/07 21:18:27.237, 294.56 W, 99 %
2025/12/07 21:18:27.338, 294.31 W, 99 %
2025/12/07 21:18:27.438, 294.49 W, 99 %
2025/12/07 21:18:27.538, 294.74 W, 99 %
2025/12/07 21:18:27.638, 294.53 W, 99 %
2025/12/07 21:18:27.738, 294.30 W, 99 %
2025/12/07 21:18:27.838, 294.26 W, 99 %
2025/12/07 21:18:27.938, 293.95 W, 99 %
2025/12/07 21:18:28.039, 294.11 W, 99 %
2025/12/07 21:18:28.139, 294.10 W, 99 %
2025/12/07 21:18:28.239, 294.06 W, 99 %
2025/12/07 21:18:28.339, 294.14 W, 99 %
2025/12/07 21:18:28.439, 294.21 W, 99 %
2025/12/07 21:18:28.539, 294.19 W, 99 %
2025/12/07 21:18:28.639, 294.21 W, 99 %
2025/12/07 21:18:28.740, 293.82 W, 99 %
2025/12/07 21:18:28.840, 293.55 W, 99 %
2025/12/07 21:18:28.940, 293.36 W, 99 %
2025/12/07 21:18:29.040, 293.50 W, 99 %
2025/12/07 21:18:29.140, 293.31 W, 99 %
2025/12/07 21:18:29.240, 293.34 W, 99 %
2025/12/07 21:18:29.340, 293.31 W, 99 %
2025/12/07 21:18:29.441, 293.00 W, 99 %
2025/12/07 21:18:29.541, 293.00 W, 99 %
2025/12/07 21:18:29.641, 294.32 W, 99 %
2025/12/07 21:18:29.741, 294.45 W, 99 %
2025/12/07 21:18:29.841, 294.23 W, 99 %
2025/12/07 21:18:29.941, 294.30 W, 99 %
2025/12/07 21:18:30.042, 294.45 W, 99 %
2025/12/07 21:18:30.142, 294.00 W, 99 %
2025/12/07 21:18:30.242, 293.96 W, 99 %
2025/12/07 21:18:30.342, 293.75 W, 99 %
2025/12/07 21:18:30.442, 293.46 W, 99 %
2025/12/07 21:18:30.542, 293.27 W, 99 %
2025/12/07 21:18:30.642, 293.49 W, 99 %
2025/12/07 21:18:30.743, 292.87 W, 99 %
2025/12/07 21:18:30.843, 292.80 W, 99 %
2025/12/07 21:18:30.943, 292.97 W, 99 %
2025/12/07 21:18:31.043, 292.85 W, 99 %
2025/12/07 21:18:31.143, 292.72 W, 99 %
2025/12/07 21:18:31.243, 292.93 W, 99 %
2025/12/07 21:18:31.343, 292.62 W, 99 %
2025/12/07 21:18:31.444, 292.76 W, 99 %
2025/12/07 21:18:31.544, 292.66 W, 99 %
2025/12/07 21:18:31.644, 293.04 W, 99 %
2025/12/07 21:18:31.744, 292.59 W, 99 %
2025/12/07 21:18:31.844, 292.02 W, 99 %
2025/12/07 21:18:31.944, 292.17 W, 99 %
2025/12/07 21:18:32.044, 292.13 W, 99 %
2025/12/07 21:18:32.145, 292.37 W, 99 %
2025/12/07 21:18:32.245, 292.39 W, 99 %
2025/12/07 21:18:32.345, 292.79 W, 99 %
2025/12/07 21:18:32.445, 293.35 W, 99 %
2025/12/07 21:18:32.545, 293.28 W, 99 %
2025/12/07 21:18:32.645, 293.91 W, 99 %
2025/12/07 21:18:32.745, 293.89 W, 99 %
2025/12/07 21:18:32.846, 294.33 W, 99 %
2025/12/07 21:18:32.946, 294.22 W, 99 %
2025/12/07 21:18:33.046, 294.51 W, 99 %
2025/12/07 21:18:33.146, 294.40 W, 99 %
2025/12/07 21:18:33.246, 295.40 W, 99 %
2025/12/07 21:18:33.346, 295.48 W, 99 %
2025/12/07 21:18:33.447, 295.25 W, 99 %
2025/12/07 21:18:33.547, 295.09 W, 99 %
2025/12/07 21:18:33.647, 294.92 W, 99 %
2025/12/07 21:18:33.747, 294.46 W, 99 %
2025/12/07 21:18:33.847, 294.20 W, 99 %
2025/12/07 21:18:33.947, 293.67 W, 99 %
2025/12/07 21:18:34.047, 294.29 W, 99 %
2025/12/07 21:18:34.148, 293.33 W, 99 %
2025/12/07 21:18:34.248, 293.20 W, 99 %
2025/12/07 21:18:34.348, 292.18 W, 99 %
2025/12/07 21:18:34.448, 292.42 W, 99 %
2025/12/07 21:18:34.548, 292.31 W, 99 %
2025/12/07 21:18:34.648, 292.34 W, 99 %
2025/12/07 21:18:34.748, 292.61 W, 99 %
2025/12/07 21:18:34.849, 292.81 W, 99 %
2025/12/07 21:18:34.949, 292.94 W, 99 %
2025/12/07 21:18:35.049, 293.50 W, 99 %
2025/12/07 21:18:35.149, 293.02 W, 99 %
2025/12/07 21:18:35.249, 294.08 W, 99 %
2025/12/07 21:18:35.349, 293.86 W, 99 %
2025/12/07 21:18:35.449, 293.64 W, 99 %
2025/12/07 21:18:35.550, 293.33 W, 99 %
2025/12/07 21:18:35.650, 293.25 W, 99 %
2025/12/07 21:18:35.750, 293.74 W, 99 %
2025/12/07 21:18:35.850, 293.16 W, 99 %
2025/12/07 21:18:35.950, 293.52 W, 99 %
2025/12/07 21:18:36.050, 293.70 W, 99 %
2025/12/07 21:18:36.150, 293.70 W, 99 %
2025/12/07 21:18:36.251, 294.03 W, 99 %
2025/12/07 21:18:36.351, 293.84 W, 99 %
2025/12/07 21:18:36.451, 294.32 W, 99 %
2025/12/07 21:18:36.551, 294.17 W, 99 %
2025/12/07 21:18:36.651, 294.33 W, 99 %
2025/12/07 21:18:36.751, 294.19 W, 99 %
2025/12/07 21:18:36.852, 294.65 W, 99 %
2025/12/07 21:18:36.952, 295.31 W, 99 %
2025/12/07 21:18:37.052, 295.10 W, 99 %
2025/12/07 21:18:37.152, 294.95 W, 99 %
2025/12/07 21:18:37.252, 294.86 W, 99 %
2025/12/07 21:18:37.352, 294.60 W, 99 %
2025/12/07 21:18:37.452, 294.55 W, 99 %
2025/12/07 21:18:37.553, 294.52 W, 99 %
2025/12/07 21:18:37.653, 294.67 W, 99 %
2025/12/07 21:18:37.753, 294.68 W, 99 %
2025/12/07 21:18:37.853, 294.68 W, 99 %
2025/12/07 21:18:37.953, 294.45 W, 99 %
2025/12/07 21:18:38.053, 294.05 W, 99 %
2025/12/07 21:18:38.153, 294.08 W, 99 %
2025/12/07 21:18:38.254, 293.61 W, 99 %
2025/12/07 21:18:38.354, 293.50 W, 99 %
2025/12/07 21:18:38.454, 293.62 W, 99 %
2025/12/07 21:18:38.554, 293.60 W, 99 %
2025/12/07 21:18:38.654, 293.47 W, 99 %
2025/12/07 21:18:38.754, 293.28 W, 99 %
2025/12/07 21:18:38.855, 293.30 W, 99 %
2025/12/07 21:18:38.955, 293.44 W, 99 %
2025/12/07 21:18:39.055, 293.14 W, 99 %
2025/12/07 21:18:39.155, 293.02 W, 99 %
2025/12/07 21:18:39.255, 292.98 W, 99 %
2025/12/07 21:18:39.355, 293.03 W, 99 %
2025/12/07 21:18:39.455, 293.15 W, 99 %
2025/12/07 21:18:39.556, 293.04 W, 99 %
2025/12/07 21:18:39.656, 293.01 W, 99 %
2025/12/07 21:18:39.756, 292.99 W, 99 %
2025/12/07 21:18:39.856, 293.17 W, 99 %
2025/12/07 21:18:39.956, 293.06 W, 99 %
2025/12/07 21:18:40.056, 293.00 W, 99 %
2025/12/07 21:18:40.156, 293.46 W, 99 %
2025/12/07 21:18:40.257, 293.04 W, 99 %
2025/12/07 21:18:40.357, 293.40 W, 99 %
2025/12/07 21:18:40.457, 294.14 W, 99 %
2025/12/07 21:18:40.557, 293.99 W, 99 %
2025/12/07 21:18:40.657, 294.10 W, 99 %
2025/12/07 21:18:40.757, 293.98 W, 99 %
2025/12/07 21:18:40.857, 294.05 W, 99 %
2025/12/07 21:18:40.958, 294.17 W, 99 %
2025/12/07 21:18:41.058, 294.14 W, 99 %
2025/12/07 21:18:41.158, 294.48 W, 99 %
2025/12/07 21:18:41.258, 294.36 W, 99 %
2025/12/07 21:18:41.358, 294.38 W, 99 %
2025/12/07 21:18:41.458, 293.90 W, 99 %
2025/12/07 21:18:41.558, 293.15 W, 99 %
2025/12/07 21:18:41.659, 293.46 W, 99 %
2025/12/07 21:18:41.759, 293.46 W, 99 %
2025/12/07 21:18:41.859, 293.27 W, 99 %
2025/12/07 21:18:41.959, 293.28 W, 99 %
2025/12/07 21:18:42.059, 293.11 W, 99 %
2025/12/07 21:18:42.159, 292.62 W, 99 %
2025/12/07 21:18:42.259, 292.39 W, 99 %
2025/12/07 21:18:42.360, 292.08 W, 99 %
2025/12/07 21:18:42.460, 292.36 W, 99 %
2025/12/07 21:18:42.560, 292.24 W, 99 %
2025/12/07 21:18:42.660, 292.31 W, 99 %
2025/12/07 21:18:42.760, 292.08 W, 99 %
2025/12/07 21:18:42.860, 292.33 W, 99 %
2025/12/07 21:18:42.961, 292.67 W, 99 %
2025/12/07 21:18:43.061, 292.89 W, 99 %
2025/12/07 21:18:43.161, 292.88 W, 99 %
2025/12/07 21:18:43.261, 293.41 W, 99 %
2025/12/07 21:18:43.361, 293.28 W, 99 %
2025/12/07 21:18:43.461, 293.35 W, 99 %
2025/12/07 21:18:43.561, 293.69 W, 99 %
2025/12/07 21:18:43.662, 293.85 W, 99 %
2025/12/07 21:18:43.762, 294.27 W, 99 %
2025/12/07 21:18:43.862, 294.21 W, 99 %
2025/12/07 21:18:43.962, 294.15 W, 99 %
2025/12/07 21:18:44.062, 294.92 W, 99 %
2025/12/07 21:18:44.162, 295.02 W, 99 %
2025/12/07 21:18:44.262, 294.69 W, 99 %
2025/12/07 21:18:44.363, 294.69 W, 99 %
2025/12/07 21:18:44.463, 295.25 W, 99 %
2025/12/07 21:18:44.563, 295.17 W, 99 %
2025/12/07 21:18:44.663, 294.83 W, 99 %
2025/12/07 21:18:44.763, 294.77 W, 99 %
2025/12/07 21:18:44.863, 294.60 W, 99 %
2025/12/07 21:18:44.964, 294.52 W, 99 %
2025/12/07 21:18:45.064, 294.46 W, 99 %
2025/12/07 21:18:45.164, 293.46 W, 99 %
2025/12/07 21:18:45.264, 293.45 W, 99 %
2025/12/07 21:18:45.364, 293.38 W, 99 %
2025/12/07 21:18:45.464, 292.71 W, 99 %
2025/12/07 21:18:45.564, 292.59 W, 99 %
2025/12/07 21:18:45.665, 292.57 W, 99 %
2025/12/07 21:18:45.765, 292.77 W, 99 %
2025/12/07 21:18:45.865, 292.40 W, 99 %
2025/12/07 21:18:45.965, 292.66 W, 99 %
2025/12/07 21:18:46.065, 292.64 W, 99 %
2025/12/07 21:18:46.165, 292.66 W, 99 %
2025/12/07 21:18:46.265, 292.72 W, 99 %
2025/12/07 21:18:46.366, 292.86 W, 99 %
2025/12/07 21:18:46.466, 292.89 W, 99 %
2025/12/07 21:18:46.566, 292.85 W, 99 %
2025/12/07 21:18:46.666, 293.01 W, 99 %
2025/12/07 21:18:46.766, 292.96 W, 99 %
2025/12/07 21:18:46.866, 292.97 W, 99 %
2025/12/07 21:18:46.966, 292.77 W, 99 %
2025/12/07 21:18:47.067, 293.04 W, 99 %
2025/12/07 21:18:47.167, 293.12 W, 99 %
2025/12/07 21:18:47.267, 293.01 W, 99 %
2025/12/07 21:18:47.367, 292.92 W, 99 %
2025/12/07 21:18:47.467, 292.97 W, 99 %
2025/12/07 21:18:47.567, 293.12 W, 99 %
2025/12/07 21:18:47.668, 294.01 W, 99 %
2025/12/07 21:18:47.768, 293.75 W, 99 %
2025/12/07 21:18:47.868, 293.77 W, 99 %
2025/12/07 21:18:47.968, 293.78 W, 99 %
2025/12/07 21:18:48.068, 294.10 W, 99 %
2025/12/07 21:18:48.168, 293.98 W, 99 %
2025/12/07 21:18:48.268, 293.89 W, 99 %
2025/12/07 21:18:48.369, 293.93 W, 99 %
2025/12/07 21:18:48.469, 293.90 W, 99 %
2025/12/07 21:18:48.569, 294.04 W, 99 %
2025/12/07 21:18:48.669, 294.12 W, 99 %
2025/12/07 21:18:48.769, 293.53 W, 99 %
2025/12/07 21:18:48.869, 293.73 W, 99 %
2025/12/07 21:18:48.969, 293.71 W, 99 %
2025/12/07 21:18:49.070, 293.56 W, 99 %
2025/12/07 21:18:49.170, 293.29 W, 99 %
2025/12/07 21:18:49.270, 293.01 W, 99 %
2025/12/07 21:18:49.370, 293.14 W, 99 %
2025/12/07 21:18:49.470, 293.46 W, 99 %
2025/12/07 21:18:49.570, 293.41 W, 99 %
2025/12/07 21:18:49.670, 292.98 W, 99 %
2025/12/07 21:18:49.771, 292.71 W, 99 %
2025/12/07 21:18:49.871, 292.84 W, 99 %
2025/12/07 21:18:49.971, 293.01 W, 99 %
2025/12/07 21:18:50.071, 293.23 W, 99 %
2025/12/07 21:18:50.171, 293.53 W, 99 %
2025/12/07 21:18:50.271, 293.88 W, 99 %
2025/12/07 21:18:50.371, 293.93 W, 99 %
2025/12/07 21:18:50.472, 293.79 W, 99 %
2025/12/07 21:18:50.572, 293.64 W, 99 %
2025/12/07 21:18:50.672, 294.08 W, 99 %
2025/12/07 21:18:50.772, 293.99 W, 99 %
2025/12/07 21:18:50.872, 294.09 W, 99 %
2025/12/07 21:18:50.972, 293.58 W, 99 %
2025/12/07 21:18:51.073, 293.30 W, 99 %
2025/12/07 21:18:51.173, 293.62 W, 99 %
2025/12/07 21:18:51.273, 294.21 W, 99 %
2025/12/07 21:18:51.373, 294.03 W, 99 %
2025/12/07 21:18:51.473, 294.35 W, 99 %
2025/12/07 21:18:51.573, 294.24 W, 99 %
2025/12/07 21:18:51.673, 294.15 W, 99 %
2025/12/07 21:18:51.774, 294.34 W, 99 %
2025/12/07 21:18:51.874, 294.61 W, 99 %
2025/12/07 21:18:51.974, 295.01 W, 99 %
2025/12/07 21:18:52.074, 295.25 W, 99 %
2025/12/07 21:18:52.174, 295.40 W, 99 %
2025/12/07 21:18:52.274, 295.15 W, 99 %
2025/12/07 21:18:52.374, 294.51 W, 99 %
2025/12/07 21:18:52.475, 294.41 W, 99 %
2025/12/07 21:18:52.575, 294.44 W, 99 %
2025/12/07 21:18:52.675, 294.33 W, 99 %
2025/12/07 21:18:52.775, 294.47 W, 99 %
2025/12/07 21:18:52.875, 294.23 W, 99 %
2025/12/07 21:18:52.975, 293.81 W, 99 %
2025/12/07 21:18:53.075, 293.71 W, 99 %
2025/12/07 21:18:53.176, 293.58 W, 99 %
2025/12/07 21:18:53.276, 293.55 W, 99 %
2025/12/07 21:18:53.376, 293.44 W, 99 %
2025/12/07 21:18:53.476, 293.31 W, 99 %
2025/12/07 21:18:53.576, 293.05 W, 99 %
2025/12/07 21:18:53.676, 293.45 W, 99 %
2025/12/07 21:18:53.776, 293.72 W, 99 %
2025/12/07 21:18:53.877, 293.74 W, 99 %
2025/12/07 21:18:53.977, 293.75 W, 99 %
2025/12/07 21:18:54.077, 294.02 W, 99 %
2025/12/07 21:18:54.177, 293.49 W, 99 %
2025/12/07 21:18:54.277, 293.82 W, 99 %
2025/12/07 21:18:54.377, 293.96 W, 99 %
2025/12/07 21:18:54.478, 293.85 W, 99 %
2025/12/07 21:18:54.578, 294.05 W, 99 %
2025/12/07 21:18:54.678, 293.97 W, 99 %
2025/12/07 21:18:54.778, 293.71 W, 99 %
2025/12/07 21:18:54.878, 294.77 W, 99 %
2025/12/07 21:18:54.978, 294.51 W, 99 %
2025/12/07 21:18:55.078, 294.63 W, 99 %
2025/12/07 21:18:55.179, 294.33 W, 99 %
2025/12/07 21:18:55.279, 294.25 W, 99 %
2025/12/07 21:18:55.379, 294.04 W, 99 %
2025/12/07 21:18:55.479, 294.03 W, 99 %
2025/12/07 21:18:55.579, 294.24 W, 99 %
2025/12/07 21:18:55.679, 294.48 W, 99 %
2025/12/07 21:18:55.779, 294.59 W, 99 %
2025/12/07 21:18:55.880, 294.37 W, 99 %
2025/12/07 21:18:55.980, 293.21 W, 99 %
2025/12/07 21:18:56.080, 293.36 W, 99 %
2025/12/07 21:18:56.180, 293.06 W, 99 %
2025/12/07 21:18:56.280, 293.11 W, 99 %
2025/12/07 21:18:56.380, 293.09 W, 99 %
2025/12/07 21:18:56.480, 293.33 W, 99 %
2025/12/07 21:18:56.581, 293.12 W, 99 %
2025/12/07 21:18:56.681, 293.09 W, 99 %
2025/12/07 21:18:56.781, 293.04 W, 99 %
2025/12/07 21:18:56.881, 292.79 W, 99 %
2025/12/07 21:18:56.981, 292.83 W, 99 %
2025/12/07 21:18:57.081, 292.74 W, 99 %
2025/12/07 21:18:57.181, 292.67 W, 99 %
2025/12/07 21:18:57.282, 292.99 W, 99 %
2025/12/07 21:18:57.382, 292.93 W, 99 %
2025/12/07 21:18:57.482, 293.08 W, 99 %
2025/12/07 21:18:57.582, 292.74 W, 99 %
2025/12/07 21:18:57.682, 292.77 W, 99 %
2025/12/07 21:18:57.782, 292.79 W, 99 %
2025/12/07 21:18:57.882, 293.23 W, 99 %
2025/12/07 21:18:57.983, 293.18 W, 99 %
2025/12/07 21:18:58.083, 293.55 W, 99 %
2025/12/07 21:18:58.183, 293.56 W, 99 %
2025/12/07 21:18:58.283, 293.45 W, 99 %
2025/12/07 21:18:58.383, 293.45 W, 99 %
2025/12/07 21:18:58.483, 294.54 W, 99 %
2025/12/07 21:18:58.584, 295.09 W, 99 %
2025/12/07 21:18:58.684, 295.58 W, 99 %
2025/12/07 21:18:58.784, 295.55 W, 99 %
2025/12/07 21:18:58.884, 295.48 W, 99 %
2025/12/07 21:18:58.984, 295.09 W, 99 %
2025/12/07 21:18:59.084, 295.61 W, 99 %
2025/12/07 21:18:59.184, 295.46 W, 99 %
2025/12/07 21:18:59.285, 295.64 W, 99 %
2025/12/07 21:18:59.385, 295.66 W, 99 %
2025/12/07 21:18:59.485, 295.55 W, 99 %
2025/12/07 21:18:59.585, 294.64 W, 99 %
2025/12/07 21:18:59.685, 294.26 W, 99 %
2025/12/07 21:18:59.785, 293.72 W, 99 %
2025/12/07 21:18:59.885, 294.08 W, 99 %
2025/12/07 21:18:59.986, 294.27 W, 99 %
2025/12/07 21:19:00.086, 293.62 W, 99 %
2025/12/07 21:19:00.186, 293.66 W, 99 %
2025/12/07 21:19:00.286, 293.41 W, 99 %
2025/12/07 21:19:00.386, 293.34 W, 99 %
2025/12/07 21:19:00.486, 293.47 W, 99 %
2025/12/07 21:19:00.587, 293.26 W, 99 %
2025/12/07 21:19:00.687, 293.08 W, 99 %
2025/12/07 21:19:00.787, 293.13 W, 99 %
2025/12/07 21:19:00.887, 293.35 W, 99 %
2025/12/07 21:19:00.987, 293.09 W, 99 %
2025/12/07 21:19:01.087, 293.25 W, 99 %
2025/12/07 21:19:01.187, 293.08 W, 99 %
2025/12/07 21:19:01.288, 292.93 W, 99 %
2025/12/07 21:19:01.388, 292.82 W, 99 %
2025/12/07 21:19:01.488, 292.75 W, 99 %
2025/12/07 21:19:01.588, 292.95 W, 99 %
2025/12/07 21:19:01.688, 293.31 W, 99 %
2025/12/07 21:19:01.788, 293.73 W, 99 %
2025/12/07 21:19:01.888, 293.95 W, 99 %
2025/12/07 21:19:01.989, 293.71 W, 99 %
2025/12/07 21:19:02.089, 294.18 W, 99 %
2025/12/07 21:19:02.189, 294.39 W, 99 %
2025/12/07 21:19:02.289, 294.67 W, 99 %
2025/12/07 21:19:02.389, 294.54 W, 99 %
2025/12/07 21:19:02.489, 295.02 W, 99 %
2025/12/07 21:19:02.589, 294.76 W, 99 %
2025/12/07 21:19:02.690, 294.59 W, 99 %
2025/12/07 21:19:02.790, 294.10 W, 99 %
2025/12/07 21:19:02.890, 293.76 W, 99 %
2025/12/07 21:19:02.990, 293.21 W, 99 %
2025/12/07 21:19:03.090, 293.18 W, 99 %
2025/12/07 21:19:03.190, 292.39 W, 99 %
2025/12/07 21:19:03.290, 292.65 W, 99 %
2025/12/07 21:19:03.391, 292.10 W, 99 %
2025/12/07 21:19:03.491, 292.34 W, 99 %
2025/12/07 21:19:03.591, 292.23 W, 99 %
2025/12/07 21:19:03.691, 292.07 W, 99 %
2025/12/07 21:19:03.791, 292.04 W, 99 %
2025/12/07 21:19:03.891, 292.16 W, 99 %
2025/12/07 21:19:03.991, 291.95 W, 99 %
2025/12/07 21:19:04.092, 292.03 W, 99 %
2025/12/07 21:19:04.192, 292.25 W, 99 %
2025/12/07 21:19:04.292, 291.94 W, 99 %
2025/12/07 21:19:04.392, 292.64 W, 99 %
2025/12/07 21:19:04.492, 292.53 W, 99 %
2025/12/07 21:19:04.592, 292.81 W, 99 %
2025/12/07 21:19:04.692, 292.76 W, 99 %
2025/12/07 21:19:04.793, 292.68 W, 99 %
2025/12/07 21:19:04.893, 292.81 W, 99 %
2025/12/07 21:19:04.993, 293.01 W, 99 %
2025/12/07 21:19:05.093, 293.36 W, 99 %
2025/12/07 21:19:05.193, 293.57 W, 99 %
2025/12/07 21:19:05.293, 293.60 W, 99 %
2025/12/07 21:19:05.394, 293.41 W, 99 %
2025/12/07 21:19:05.494, 293.38 W, 99 %
2025/12/07 21:19:05.594, 293.57 W, 99 %
2025/12/07 21:19:05.694, 281.54 W, 99 %
2025/12/07 21:19:05.794, 282.05 W, 99 %
2025/12/07 21:19:05.894, 282.51 W, 99 %
2025/12/07 21:19:05.994, 282.61 W, 99 %
2025/12/07 21:19:06.095, 282.71 W, 99 %
2025/12/07 21:19:06.195, 282.75 W, 99 %
2025/12/07 21:19:06.295, 282.51 W, 99 %
2025/12/07 21:19:06.395, 282.34 W, 99 %
2025/12/07 21:19:06.495, 282.28 W, 99 %
2025/12/07 21:19:06.595, 282.32 W, 99 %
2025/12/07 21:19:06.695, 282.40 W, 99 %
2025/12/07 21:19:06.796, 293.83 W, 99 %
2025/12/07 21:19:06.896, 294.20 W, 99 %
2025/12/07 21:19:06.996, 293.88 W, 99 %
2025/12/07 21:19:07.096, 293.51 W, 99 %
2025/12/07 21:19:07.196, 293.44 W, 99 %
2025/12/07 21:19:07.296, 293.25 W, 99 %
2025/12/07 21:19:07.396, 293.69 W, 99 %
2025/12/07 21:19:07.497, 293.85 W, 99 %
2025/12/07 21:19:07.597, 294.10 W, 99 %
2025/12/07 21:19:07.697, 293.83 W, 99 %
2025/12/07 21:19:07.797, 293.48 W, 99 %
2025/12/07 21:19:07.897, 293.62 W, 99 %
2025/12/07 21:19:07.997, 293.22 W, 99 %
2025/12/07 21:19:08.097, 293.21 W, 99 %
2025/12/07 21:19:08.198, 292.96 W, 99 %
2025/12/07 21:19:08.298, 293.20 W, 99 %
2025/12/07 21:19:08.398, 293.34 W, 99 %
2025/12/07 21:19:08.498, 292.72 W, 99 %
2025/12/07 21:19:08.598, 292.47 W, 99 %
2025/12/07 21:19:08.698, 292.24 W, 99 %
2025/12/07 21:19:08.798, 292.26 W, 99 %
2025/12/07 21:19:08.899, 292.69 W, 99 %
2025/12/07 21:19:08.999, 292.69 W, 99 %
2025/12/07 21:19:09.099, 292.81 W, 99 %
2025/12/07 21:19:09.199, 293.02 W, 77 %
2025/12/07 21:19:09.299, 284.94 W, 77 %
2025/12/07 21:19:09.399, 285.09 W, 99 %
2025/12/07 21:19:09.499, 285.25 W, 99 %
2025/12/07 21:19:09.600, 285.53 W, 99 %
2025/12/07 21:19:09.700, 285.46 W, 99 %
2025/12/07 21:19:09.800, 285.46 W, 99 %
2025/12/07 21:19:09.900, 284.93 W, 99 %
2025/12/07 21:19:10.000, 284.93 W, 99 %
2025/12/07 21:19:10.100, 285.49 W, 99 %
2025/12/07 21:19:10.200, 285.83 W, 99 %
2025/12/07 21:19:10.301, 294.38 W, 99 %
2025/12/07 21:19:10.401, 293.93 W, 99 %
2025/12/07 21:19:10.501, 294.18 W, 99 %
2025/12/07 21:19:10.601, 293.83 W, 99 %
2025/12/07 21:19:10.701, 293.60 W, 99 %
2025/12/07 21:19:10.801, 293.48 W, 99 %
2025/12/07 21:19:10.901, 293.61 W, 99 %
2025/12/07 21:19:11.002, 293.45 W, 99 %
2025/12/07 21:19:11.102, 293.57 W, 99 %
2025/12/07 21:19:11.202, 293.95 W, 99 %
2025/12/07 21:19:11.302, 293.62 W, 99 %
2025/12/07 21:19:11.402, 293.65 W, 99 %
2025/12/07 21:19:11.502, 293.51 W, 99 %
2025/12/07 21:19:11.602, 293.20 W, 99 %
2025/12/07 21:19:11.703, 293.35 W, 99 %
2025/12/07 21:19:11.803, 293.79 W, 99 %
2025/12/07 21:19:11.903, 294.02 W, 99 %
2025/12/07 21:19:12.003, 293.69 W, 99 %
2025/12/07 21:19:12.103, 293.51 W, 99 %
2025/12/07 21:19:12.203, 293.82 W, 99 %
2025/12/07 21:19:12.304, 293.33 W, 99 %
2025/12/07 21:19:12.404, 293.56 W, 99 %
2025/12/07 21:19:12.504, 293.28 W, 99 %
2025/12/07 21:19:12.604, 293.75 W, 99 %
2025/12/07 21:19:12.704, 293.85 W, 99 %
2025/12/07 21:19:12.804, 284.77 W, 77 %
2025/12/07 21:19:12.904, 284.82 W, 77 %
2025/12/07 21:19:13.005, 285.25 W, 99 %
2025/12/07 21:19:13.105, 285.21 W, 99 %
2025/12/07 21:19:13.205, 285.39 W, 99 %
2025/12/07 21:19:13.305, 284.89 W, 99 %
2025/12/07 21:19:13.405, 285.09 W, 99 %
2025/12/07 21:19:13.505, 284.89 W, 99 %
2025/12/07 21:19:13.605, 285.00 W, 99 %
2025/12/07 21:19:13.706, 284.76 W, 99 %
2025/12/07 21:19:13.806, 284.58 W, 99 %
2025/12/07 21:19:13.906, 293.26 W, 99 %
2025/12/07 21:19:14.006, 292.54 W, 99 %
2025/12/07 21:19:14.106, 292.69 W, 99 %
2025/12/07 21:19:14.206, 292.67 W, 99 %
2025/12/07 21:19:14.306, 292.70 W, 99 %
2025/12/07 21:19:14.407, 292.60 W, 99 %
2025/12/07 21:19:14.507, 292.96 W, 99 %
2025/12/07 21:19:14.607, 293.14 W, 99 %
2025/12/07 21:19:14.707, 293.28 W, 99 %
2025/12/07 21:19:14.807, 292.94 W, 99 %
2025/12/07 21:19:14.907, 293.57 W, 99 %
2025/12/07 21:19:15.007, 293.73 W, 99 %
2025/12/07 21:19:15.108, 293.76 W, 99 %
2025/12/07 21:19:15.208, 293.78 W, 99 %
2025/12/07 21:19:15.308, 293.85 W, 99 %
2025/12/07 21:19:15.408, 294.22 W, 99 %
2025/12/07 21:19:15.508, 294.24 W, 99 %
2025/12/07 21:19:15.608, 293.82 W, 99 %
2025/12/07 21:19:15.708, 293.74 W, 99 %
2025/12/07 21:19:15.809, 293.37 W, 99 %
2025/12/07 21:19:15.909, 293.29 W, 99 %
2025/12/07 21:19:16.009, 293.29 W, 99 %
2025/12/07 21:19:16.109, 293.50 W, 99 %
2025/12/07 21:19:16.209, 293.45 W, 99 %
2025/12/07 21:19:16.309, 292.97 W, 99 %
2025/12/07 21:19:16.409, 280.04 W, 76 %
2025/12/07 21:19:16.510, 279.88 W, 76 %
2025/12/07 21:19:16.610, 279.89 W, 99 %
2025/12/07 21:19:16.710, 279.84 W, 99 %
2025/12/07 21:19:16.810, 279.61 W, 99 %
2025/12/07 21:19:16.910, 279.92 W, 99 %
2025/12/07 21:19:17.010, 278.52 W, 99 %
2025/12/07 21:19:17.110, 278.00 W, 99 %
2025/12/07 21:19:17.211, 278.42 W, 99 %
2025/12/07 21:19:17.311, 278.53 W, 99 %
2025/12/07 21:19:17.411, 279.87 W, 99 %
2025/12/07 21:19:17.511, 292.40 W, 99 %
2025/12/07 21:19:17.611, 292.61 W, 99 %
2025/12/07 21:19:17.711, 292.71 W, 99 %
2025/12/07 21:19:17.811, 292.65 W, 99 %
2025/12/07 21:19:17.912, 292.85 W, 99 %
2025/12/07 21:19:18.012, 292.77 W, 99 %
2025/12/07 21:19:18.112, 293.05 W, 99 %
2025/12/07 21:19:18.212, 293.68 W, 99 %
2025/12/07 21:19:18.312, 293.47 W, 99 %
2025/12/07 21:19:18.412, 293.79 W, 99 %
2025/12/07 21:19:18.513, 293.84 W, 99 %
2025/12/07 21:19:18.613, 293.91 W, 99 %
2025/12/07 21:19:18.713, 294.02 W, 99 %
2025/12/07 21:19:18.813, 294.46 W, 99 %
2025/12/07 21:19:18.913, 294.24 W, 99 %
2025/12/07 21:19:19.013, 294.28 W, 99 %
2025/12/07 21:19:19.113, 294.17 W, 99 %
2025/12/07 21:19:19.214, 294.08 W, 99 %
2025/12/07 21:19:19.314, 293.41 W, 99 %
2025/12/07 21:19:19.414, 293.44 W, 99 %
2025/12/07 21:19:19.514, 293.24 W, 99 %
2025/12/07 21:19:19.614, 293.48 W, 99 %
2025/12/07 21:19:19.714, 293.47 W, 99 %
2025/12/07 21:19:19.814, 293.07 W, 99 %
2025/12/07 21:19:19.915, 292.97 W, 99 %
2025/12/07 21:19:20.015, 278.66 W, 84 %
2025/12/07 21:19:20.115, 278.55 W, 84 %
2025/12/07 21:19:20.215, 278.91 W, 99 %
2025/12/07 21:19:20.315, 278.88 W, 99 %
2025/12/07 21:19:20.415, 279.08 W, 99 %
2025/12/07 21:19:20.515, 279.13 W, 99 %
2025/12/07 21:19:20.616, 279.16 W, 99 %
2025/12/07 21:19:20.716, 279.27 W, 99 %
2025/12/07 21:19:20.816, 279.45 W, 99 %
2025/12/07 21:19:20.916, 279.73 W, 99 %
2025/12/07 21:19:21.016, 279.89 W, 99 %
2025/12/07 21:19:21.116, 294.27 W, 99 %
2025/12/07 21:19:21.216, 294.41 W, 99 %
2025/12/07 21:19:21.317, 294.22 W, 99 %
2025/12/07 21:19:21.417, 293.87 W, 99 %
2025/12/07 21:19:21.517, 293.62 W, 99 %
2025/12/07 21:19:21.617, 293.56 W, 99 %
2025/12/07 21:19:21.717, 293.49 W, 99 %
2025/12/07 21:19:21.817, 293.21 W, 99 %
2025/12/07 21:19:21.917, 292.96 W, 99 %
2025/12/07 21:19:22.018, 292.54 W, 99 %
2025/12/07 21:19:22.118, 292.49 W, 99 %
2025/12/07 21:19:22.218, 292.63 W, 99 %
2025/12/07 21:19:22.318, 292.56 W, 99 %
2025/12/07 21:19:22.418, 292.62 W, 99 %
2025/12/07 21:19:22.518, 293.00 W, 99 %
2025/12/07 21:19:22.618, 293.33 W, 99 %
2025/12/07 21:19:22.719, 293.67 W, 99 %
2025/12/07 21:19:22.819, 293.75 W, 99 %
2025/12/07 21:19:22.919, 293.93 W, 99 %
2025/12/07 21:19:23.019, 294.32 W, 99 %
2025/12/07 21:19:23.119, 294.63 W, 99 %
2025/12/07 21:19:23.219, 294.44 W, 99 %
2025/12/07 21:19:23.320, 294.64 W, 99 %
2025/12/07 21:19:23.420, 294.68 W, 99 %
2025/12/07 21:19:23.520, 294.49 W, 99 %
2025/12/07 21:19:23.620, 280.74 W, 86 %
2025/12/07 21:19:23.720, 281.06 W, 86 %
2025/12/07 21:19:23.820, 280.42 W, 99 %
2025/12/07 21:19:23.920, 280.77 W, 99 %
2025/12/07 21:19:24.021, 280.39 W, 99 %
2025/12/07 21:19:24.121, 280.06 W, 99 %
2025/12/07 21:19:24.221, 280.15 W, 99 %
2025/12/07 21:19:24.321, 279.84 W, 99 %
2025/12/07 21:19:24.421, 279.42 W, 99 %
2025/12/07 21:19:24.521, 279.51 W, 99 %
2025/12/07 21:19:24.621, 293.42 W, 99 %
2025/12/07 21:19:24.722, 293.21 W, 99 %
2025/12/07 21:19:24.822, 292.88 W, 99 %
2025/12/07 21:19:24.922, 292.77 W, 99 %
2025/12/07 21:19:25.022, 292.53 W, 99 %
2025/12/07 21:19:25.122, 292.62 W, 99 %
2025/12/07 21:19:25.222, 292.55 W, 99 %
2025/12/07 21:19:25.322, 292.50 W, 99 %
2025/12/07 21:19:25.423, 292.79 W, 99 %
2025/12/07 21:19:25.523, 292.73 W, 99 %
2025/12/07 21:19:25.623, 292.51 W, 99 %
2025/12/07 21:19:25.723, 292.64 W, 99 %
2025/12/07 21:19:25.823, 293.07 W, 99 %
2025/12/07 21:19:25.923, 292.93 W, 99 %
2025/12/07 21:19:26.023, 293.04 W, 99 %
2025/12/07 21:19:26.124, 293.49 W, 99 %
2025/12/07 21:19:26.224, 293.63 W, 99 %
2025/12/07 21:19:26.324, 293.68 W, 99 %
2025/12/07 21:19:26.424, 293.56 W, 99 %
2025/12/07 21:19:26.524, 294.08 W, 99 %
2025/12/07 21:19:26.624, 294.42 W, 99 %
2025/12/07 21:19:26.724, 294.56 W, 99 %
2025/12/07 21:19:26.825, 294.55 W, 99 %
2025/12/07 21:19:26.925, 294.45 W, 99 %
2025/12/07 21:19:27.025, 294.57 W, 99 %
2025/12/07 21:19:27.125, 294.77 W, 99 %
2025/12/07 21:19:27.225, 283.73 W, 93 %
2025/12/07 21:19:27.325, 284.04 W, 93 %
2025/12/07 21:19:27.425, 283.26 W, 99 %
2025/12/07 21:19:27.526, 284.15 W, 99 %
2025/12/07 21:19:27.626, 283.47 W, 99 %
2025/12/07 21:19:27.726, 283.02 W, 99 %
2025/12/07 21:19:27.826, 283.17 W, 99 %
2025/12/07 21:19:27.926, 282.95 W, 99 %
2025/12/07 21:19:28.026, 282.46 W, 99 %
2025/12/07 21:19:28.127, 282.55 W, 99 %
2025/12/07 21:19:28.227, 282.63 W, 99 %
2025/12/07 21:19:28.327, 293.42 W, 99 %
2025/12/07 21:19:28.427, 292.73 W, 99 %
2025/12/07 21:19:28.527, 292.71 W, 99 %
2025/12/07 21:19:28.627, 292.85 W, 99 %
2025/12/07 21:19:28.727, 292.69 W, 99 %
2025/12/07 21:19:28.828, 293.20 W, 99 %
2025/12/07 21:19:28.928, 292.96 W, 99 %
2025/12/07 21:19:29.028, 293.24 W, 99 %
2025/12/07 21:19:29.128, 293.40 W, 99 %
2025/12/07 21:19:29.228, 293.67 W, 99 %
2025/12/07 21:19:29.328, 293.67 W, 99 %
2025/12/07 21:19:29.428, 293.99 W, 99 %
2025/12/07 21:19:29.529, 294.00 W, 99 %
2025/12/07 21:19:29.629, 293.93 W, 99 %
2025/12/07 21:19:29.729, 293.87 W, 99 %
2025/12/07 21:19:29.829, 294.23 W, 99 %
2025/12/07 21:19:29.929, 294.11 W, 99 %
2025/12/07 21:19:30.029, 294.09 W, 99 %
2025/12/07 21:19:30.129, 294.16 W, 99 %
2025/12/07 21:19:30.230, 293.96 W, 99 %
2025/12/07 21:19:30.330, 293.73 W, 99 %
2025/12/07 21:19:30.430, 293.90 W, 99 %
2025/12/07 21:19:30.530, 293.69 W, 99 %
2025/12/07 21:19:30.630, 293.85 W, 99 %
2025/12/07 21:19:30.730, 294.15 W, 99 %
2025/12/07 21:19:30.830, 280.99 W, 91 %
2025/12/07 21:19:30.931, 282.76 W, 91 %
2025/12/07 21:19:31.031, 283.14 W, 99 %
2025/12/07 21:19:31.131, 283.24 W, 99 %
2025/12/07 21:19:31.231, 282.11 W, 99 %
2025/12/07 21:19:31.331, 282.96 W, 99 %
2025/12/07 21:19:31.431, 282.54 W, 99 %
2025/12/07 21:19:31.531, 281.98 W, 99 %
2025/12/07 21:19:31.632, 280.47 W, 99 %
2025/12/07 21:19:31.732, 281.90 W, 99 %
2025/12/07 21:19:31.832, 281.77 W, 99 %
2025/12/07 21:19:31.932, 293.59 W, 99 %
2025/12/07 21:19:32.032, 293.14 W, 99 %
2025/12/07 21:19:32.132, 293.11 W, 99 %
2025/12/07 21:19:32.232, 292.87 W, 99 %
2025/12/07 21:19:32.333, 293.12 W, 99 %
2025/12/07 21:19:32.433, 293.15 W, 99 %
2025/12/07 21:19:32.533, 293.27 W, 99 %
2025/12/07 21:19:32.633, 293.33 W, 99 %
2025/12/07 21:19:32.733, 293.30 W, 99 %
2025/12/07 21:19:32.833, 293.05 W, 99 %
2025/12/07 21:19:32.933, 292.92 W, 99 %
2025/12/07 21:19:33.034, 292.34 W, 99 %
2025/12/07 21:19:33.134, 292.08 W, 99 %
2025/12/07 21:19:33.234, 292.08 W, 99 %
2025/12/07 21:19:33.334, 291.96 W, 99 %
2025/12/07 21:19:33.434, 291.85 W, 99 %
2025/12/07 21:19:33.534, 291.74 W, 99 %
2025/12/07 21:19:33.634, 291.80 W, 99 %
2025/12/07 21:19:33.735, 291.87 W, 99 %
2025/12/07 21:19:33.835, 291.83 W, 99 %
2025/12/07 21:19:33.935, 292.02 W, 99 %
2025/12/07 21:19:34.035, 292.03 W, 99 %
2025/12/07 21:19:34.135, 292.36 W, 99 %
2025/12/07 21:19:34.235, 292.37 W, 99 %
2025/12/07 21:19:34.336, 292.85 W, 99 %
2025/12/07 21:19:34.436, 281.11 W, 92 %
2025/12/07 21:19:34.536, 281.73 W, 92 %
2025/12/07 21:19:34.636, 281.08 W, 99 %
2025/12/07 21:19:34.736, 282.16 W, 99 %
2025/12/07 21:19:34.836, 282.22 W, 99 %
2025/12/07 21:19:34.936, 282.73 W, 99 %
2025/12/07 21:19:35.037, 282.77 W, 99 %
2025/12/07 21:19:35.137, 281.53 W, 99 %
2025/12/07 21:19:35.237, 282.59 W, 99 %
2025/12/07 21:19:35.337, 282.63 W, 99 %
2025/12/07 21:19:35.437, 282.37 W, 99 %
2025/12/07 21:19:35.537, 294.13 W, 99 %
2025/12/07 21:19:35.637, 293.30 W, 99 %
2025/12/07 21:19:35.738, 293.04 W, 99 %
2025/12/07 21:19:35.838, 293.07 W, 99 %
2025/12/07 21:19:35.938, 292.52 W, 99 %
2025/12/07 21:19:36.038, 292.29 W, 99 %
2025/12/07 21:19:36.138, 292.42 W, 99 %
2025/12/07 21:19:36.238, 292.32 W, 99 %
2025/12/07 21:19:36.338, 291.94 W, 99 %
2025/12/07 21:19:36.439, 291.65 W, 99 %
2025/12/07 21:19:36.539, 291.94 W, 99 %
2025/12/07 21:19:36.639, 291.70 W, 99 %
2025/12/07 21:19:36.739, 291.96 W, 99 %
2025/12/07 21:19:36.839, 292.11 W, 99 %
2025/12/07 21:19:36.939, 292.51 W, 99 %
2025/12/07 21:19:37.039, 293.09 W, 99 %
2025/12/07 21:19:37.140, 293.01 W, 99 %
2025/12/07 21:19:37.240, 293.09 W, 99 %
2025/12/07 21:19:37.340, 292.98 W, 99 %
2025/12/07 21:19:37.440, 293.42 W, 99 %
2025/12/07 21:19:37.540, 293.65 W, 99 %
2025/12/07 21:19:37.640, 293.22 W, 99 %
2025/12/07 21:19:37.740, 293.51 W, 99 %
2025/12/07 21:19:37.841, 293.41 W, 99 %
2025/12/07 21:19:37.941, 293.23 W, 99 %
2025/12/07 21:19:38.041, 286.07 W, 97 %
2025/12/07 21:19:38.141, 286.54 W, 97 %
2025/12/07 21:19:38.241, 286.44 W, 99 %
2025/12/07 21:19:38.341, 286.54 W, 99 %
2025/12/07 21:19:38.441, 286.83 W, 99 %
2025/12/07 21:19:38.542, 286.64 W, 99 %
2025/12/07 21:19:38.642, 286.48 W, 99 %
2025/12/07 21:19:38.742, 286.58 W, 99 %
2025/12/07 21:19:38.842, 286.46 W, 99 %
2025/12/07 21:19:38.942, 286.44 W, 99 %
2025/12/07 21:19:39.042, 286.48 W, 99 %
2025/12/07 21:19:39.142, 293.63 W, 99 %
2025/12/07 21:19:39.243, 292.70 W, 99 %
2025/12/07 21:19:39.343, 292.71 W, 99 %
2025/12/07 21:19:39.443, 292.85 W, 99 %
2025/12/07 21:19:39.543, 292.68 W, 99 %
2025/12/07 21:19:39.643, 292.72 W, 99 %
2025/12/07 21:19:39.743, 292.94 W, 99 %
2025/12/07 21:19:39.844, 293.28 W, 99 %
2025/12/07 21:19:39.944, 293.20 W, 99 %
2025/12/07 21:19:40.044, 293.12 W, 99 %
2025/12/07 21:19:40.144, 293.05 W, 99 %
2025/12/07 21:19:40.244, 292.85 W, 99 %
2025/12/07 21:19:40.344, 293.20 W, 99 %
2025/12/07 21:19:40.444, 293.24 W, 99 %
2025/12/07 21:19:40.545, 292.64 W, 99 %
2025/12/07 21:19:40.645, 292.53 W, 99 %
2025/12/07 21:19:40.745, 292.55 W, 99 %
2025/12/07 21:19:40.845, 292.07 W, 99 %
2025/12/07 21:19:40.945, 292.43 W, 99 %
2025/12/07 21:19:41.045, 292.66 W, 99 %
2025/12/07 21:19:41.145, 292.73 W, 99 %
2025/12/07 21:19:41.246, 292.66 W, 99 %
2025/12/07 21:19:41.346, 292.38 W, 99 %
2025/12/07 21:19:41.446, 292.64 W, 99 %
2025/12/07 21:19:41.546, 293.16 W, 99 %
2025/12/07 21:19:41.646, 293.86 W, 99 %
2025/12/07 21:19:41.746, 293.89 W, 99 %
2025/12/07 21:19:41.846, 293.97 W, 99 %
2025/12/07 21:19:41.947, 294.00 W, 99 %
2025/12/07 21:19:42.047, 293.87 W, 99 %
2025/12/07 21:19:42.147, 294.19 W, 99 %
2025/12/07 21:19:42.247, 294.18 W, 99 %
2025/12/07 21:19:42.347, 294.64 W, 99 %
2025/12/07 21:19:42.447, 294.77 W, 99 %
2025/12/07 21:19:42.547, 294.59 W, 99 %
2025/12/07 21:19:42.648, 294.38 W, 99 %
2025/12/07 21:19:42.748, 294.18 W, 99 %
2025/12/07 21:19:42.848, 294.06 W, 99 %
2025/12/07 21:19:42.948, 293.87 W, 99 %
2025/12/07 21:19:43.048, 294.22 W, 99 %
2025/12/07 21:19:43.148, 294.23 W, 99 %
2025/12/07 21:19:43.248, 294.10 W, 99 %
2025/12/07 21:19:43.349, 294.18 W, 99 %
2025/12/07 21:19:43.449, 294.07 W, 99 %
2025/12/07 21:19:43.549, 293.68 W, 99 %
2025/12/07 21:19:43.649, 293.64 W, 99 %
2025/12/07 21:19:43.749, 293.79 W, 99 %
2025/12/07 21:19:43.849, 293.45 W, 99 %
2025/12/07 21:19:43.949, 293.72 W, 99 %
2025/12/07 21:19:44.050, 293.81 W, 99 %
2025/12/07 21:19:44.150, 293.37 W, 99 %
2025/12/07 21:19:44.250, 293.24 W, 99 %
2025/12/07 21:19:44.350, 293.33 W, 99 %
2025/12/07 21:19:44.450, 292.99 W, 99 %
2025/12/07 21:19:44.550, 292.69 W, 99 %
2025/12/07 21:19:44.650, 293.08 W, 99 %
2025/12/07 21:19:44.751, 293.01 W, 99 %
2025/12/07 21:19:44.851, 293.03 W, 99 %
2025/12/07 21:19:44.951, 292.86 W, 99 %
2025/12/07 21:19:45.051, 292.92 W, 99 %
2025/12/07 21:19:45.151, 293.08 W, 99 %
2025/12/07 21:19:45.251, 293.49 W, 99 %
2025/12/07 21:19:45.351, 293.35 W, 99 %
2025/12/07 21:19:45.452, 293.65 W, 99 %
2025/12/07 21:19:45.552, 294.38 W, 99 %
2025/12/07 21:19:45.652, 294.19 W, 99 %
2025/12/07 21:19:45.752, 293.91 W, 99 %
2025/12/07 21:19:45.852, 294.42 W, 99 %
2025/12/07 21:19:45.952, 294.23 W, 99 %
2025/12/07 21:19:46.052, 294.80 W, 99 %
2025/12/07 21:19:46.153, 294.59 W, 99 %
2025/12/07 21:19:46.253, 294.31 W, 99 %
2025/12/07 21:19:46.353, 294.69 W, 99 %
2025/12/07 21:19:46.453, 294.55 W, 99 %
2025/12/07 21:19:46.553, 294.57 W, 99 %
2025/12/07 21:19:46.653, 294.67 W, 99 %
2025/12/07 21:19:46.753, 294.56 W, 99 %
2025/12/07 21:19:46.854, 294.96 W, 99 %
2025/12/07 21:19:46.954, 294.40 W, 99 %
2025/12/07 21:19:47.054, 294.38 W, 99 %
2025/12/07 21:19:47.154, 294.49 W, 99 %
2025/12/07 21:19:47.254, 294.52 W, 99 %
2025/12/07 21:19:47.354, 294.85 W, 99 %
2025/12/07 21:19:47.454, 294.38 W, 99 %
2025/12/07 21:19:47.555, 293.99 W, 99 %
2025/12/07 21:19:47.655, 293.59 W, 99 %
2025/12/07 21:19:47.755, 293.63 W, 99 %
2025/12/07 21:19:47.855, 293.66 W, 99 %
2025/12/07 21:19:47.955, 293.16 W, 99 %
2025/12/07 21:19:48.055, 293.32 W, 99 %
2025/12/07 21:19:48.156, 293.30 W, 99 %
2025/12/07 21:19:48.256, 293.00 W, 99 %
2025/12/07 21:19:48.356, 293.34 W, 99 %
2025/12/07 21:19:48.456, 293.05 W, 99 %
2025/12/07 21:19:48.556, 293.47 W, 99 %
2025/12/07 21:19:48.656, 293.28 W, 99 %
2025/12/07 21:19:48.756, 293.12 W, 99 %
2025/12/07 21:19:48.857, 292.97 W, 99 %
2025/12/07 21:19:48.957, 291.39 W, 99 %
2025/12/07 21:19:49.057, 292.08 W, 99 %
2025/12/07 21:19:49.157, 292.32 W, 99 %
2025/12/07 21:19:49.257, 292.05 W, 99 %
2025/12/07 21:19:49.357, 292.13 W, 99 %
2025/12/07 21:19:49.457, 291.91 W, 99 %
2025/12/07 21:19:49.558, 292.20 W, 99 %
2025/12/07 21:19:49.658, 292.15 W, 99 %
2025/12/07 21:19:49.758, 292.40 W, 99 %
2025/12/07 21:19:49.858, 292.21 W, 99 %
2025/12/07 21:19:49.958, 292.21 W, 99 %
2025/12/07 21:19:50.058, 293.56 W, 99 %
2025/12/07 21:19:50.158, 293.43 W, 99 %
2025/12/07 21:19:50.259, 293.19 W, 99 %
2025/12/07 21:19:50.359, 293.72 W, 99 %
2025/12/07 21:19:50.459, 293.81 W, 99 %
2025/12/07 21:19:50.559, 293.90 W, 99 %
2025/12/07 21:19:50.659, 293.62 W, 99 %
2025/12/07 21:19:50.759, 293.42 W, 99 %
2025/12/07 21:19:50.859, 293.27 W, 99 %
2025/12/07 21:19:50.960, 293.73 W, 99 %
2025/12/07 21:19:51.060, 293.56 W, 99 %
2025/12/07 21:19:51.160, 293.46 W, 99 %
2025/12/07 21:19:51.260, 293.82 W, 99 %
2025/12/07 21:19:51.360, 293.45 W, 99 %
2025/12/07 21:19:51.460, 293.52 W, 99 %
2025/12/07 21:19:51.560, 293.35 W, 99 %
2025/12/07 21:19:51.661, 293.20 W, 99 %
2025/12/07 21:19:51.761, 293.25 W, 99 %
2025/12/07 21:19:51.861, 293.43 W, 99 %
2025/12/07 21:19:51.961, 293.07 W, 99 %
2025/12/07 21:19:52.061, 292.81 W, 99 %
2025/12/07 21:19:52.161, 292.97 W, 99 %
2025/12/07 21:19:52.261, 293.01 W, 99 %
2025/12/07 21:19:52.362, 292.51 W, 99 %
2025/12/07 21:19:52.462, 292.73 W, 99 %
2025/12/07 21:19:52.562, 290.98 W, 99 %
2025/12/07 21:19:52.662, 291.30 W, 99 %
2025/12/07 21:19:52.762, 291.02 W, 99 %
2025/12/07 21:19:52.862, 291.29 W, 99 %
2025/12/07 21:19:52.962, 291.12 W, 99 %
2025/12/07 21:19:53.063, 291.46 W, 99 %
2025/12/07 21:19:53.163, 291.54 W, 99 %
2025/12/07 21:19:53.263, 291.40 W, 99 %
2025/12/07 21:19:53.363, 291.98 W, 99 %
2025/12/07 21:19:53.463, 291.99 W, 99 %
2025/12/07 21:19:53.563, 291.92 W, 99 %
2025/12/07 21:19:53.663, 293.69 W, 99 %
2025/12/07 21:19:53.764, 293.58 W, 99 %
2025/12/07 21:19:53.864, 293.52 W, 99 %
2025/12/07 21:19:53.964, 293.70 W, 99 %
2025/12/07 21:19:54.064, 293.55 W, 99 %
2025/12/07 21:19:54.164, 293.57 W, 99 %
2025/12/07 21:19:54.264, 294.03 W, 99 %
2025/12/07 21:19:54.364, 293.80 W, 99 %
2025/12/07 21:19:54.465, 293.49 W, 99 %
2025/12/07 21:19:54.565, 293.28 W, 99 %
2025/12/07 21:19:54.665, 293.22 W, 99 %
2025/12/07 21:19:54.765, 293.01 W, 99 %
2025/12/07 21:19:54.865, 293.22 W, 99 %
2025/12/07 21:19:54.965, 293.03 W, 99 %
2025/12/07 21:19:55.065, 292.53 W, 99 %
2025/12/07 21:19:55.166, 292.91 W, 99 %
2025/12/07 21:19:55.266, 292.71 W, 99 %
2025/12/07 21:19:55.366, 292.09 W, 99 %
2025/12/07 21:19:55.466, 292.39 W, 99 %
2025/12/07 21:19:55.566, 292.73 W, 99 %
2025/12/07 21:19:55.666, 292.99 W, 99 %
2025/12/07 21:19:55.767, 292.86 W, 99 %
2025/12/07 21:19:55.867, 292.90 W, 99 %
2025/12/07 21:19:55.967, 292.83 W, 99 %
2025/12/07 21:19:56.067, 293.28 W, 99 %
2025/12/07 21:19:56.167, 291.42 W, 99 %
2025/12/07 21:19:56.267, 291.21 W, 99 %
2025/12/07 21:19:56.367, 291.17 W, 99 %
2025/12/07 21:19:56.468, 291.33 W, 99 %
2025/12/07 21:19:56.568, 291.47 W, 99 %
2025/12/07 21:19:56.668, 291.25 W, 99 %
2025/12/07 21:19:56.768, 291.76 W, 99 %
2025/12/07 21:19:56.868, 291.86 W, 99 %
2025/12/07 21:19:56.968, 291.81 W, 99 %
2025/12/07 21:19:57.068, 291.52 W, 99 %
2025/12/07 21:19:57.169, 291.69 W, 99 %
2025/12/07 21:19:57.269, 294.19 W, 99 %
2025/12/07 21:19:57.369, 293.93 W, 99 %
2025/12/07 21:19:57.469, 293.93 W, 99 %
2025/12/07 21:19:57.569, 294.55 W, 99 %
2025/12/07 21:19:57.669, 294.54 W, 99 %
2025/12/07 21:19:57.769, 294.67 W, 99 %
2025/12/07 21:19:57.870, 294.57 W, 99 %
2025/12/07 21:19:57.970, 294.35 W, 99 %
2025/12/07 21:19:58.070, 294.24 W, 99 %
2025/12/07 21:19:58.170, 294.46 W, 99 %
2025/12/07 21:19:58.270, 294.40 W, 99 %
2025/12/07 21:19:58.370, 294.74 W, 99 %
2025/12/07 21:19:58.470, 294.32 W, 99 %
2025/12/07 21:19:58.571, 294.58 W, 99 %
2025/12/07 21:19:58.671, 294.27 W, 99 %
2025/12/07 21:19:58.771, 293.93 W, 99 %
2025/12/07 21:19:58.871, 293.57 W, 99 %
2025/12/07 21:19:58.971, 293.32 W, 99 %
2025/12/07 21:19:59.071, 293.23 W, 99 %
2025/12/07 21:19:59.171, 292.77 W, 99 %
2025/12/07 21:19:59.272, 292.75 W, 99 %
2025/12/07 21:19:59.372, 292.75 W, 99 %
2025/12/07 21:19:59.472, 292.86 W, 99 %
2025/12/07 21:19:59.572, 293.07 W, 99 %
2025/12/07 21:19:59.672, 292.55 W, 99 %
2025/12/07 21:19:59.772, 287.87 W, 99 %
2025/12/07 21:19:59.872, 288.42 W, 99 %
2025/12/07 21:19:59.973, 288.20 W, 99 %
2025/12/07 21:20:00.073, 288.80 W, 99 %
2025/12/07 21:20:00.173, 289.04 W, 99 %
2025/12/07 21:20:00.273, 289.48 W, 99 %
2025/12/07 21:20:00.373, 289.63 W, 99 %
2025/12/07 21:20:00.473, 289.67 W, 99 %
2025/12/07 21:20:00.573, 289.20 W, 99 %
2025/12/07 21:20:00.674, 289.32 W, 99 %
2025/12/07 21:20:00.774, 289.46 W, 99 %
2025/12/07 21:20:00.874, 294.20 W, 99 %
2025/12/07 21:20:00.974, 293.82 W, 99 %
2025/12/07 21:20:01.074, 293.98 W, 99 %
2025/12/07 21:20:01.174, 293.80 W, 99 %
2025/12/07 21:20:01.274, 293.66 W, 99 %
2025/12/07 21:20:01.375, 293.48 W, 99 %
2025/12/07 21:20:01.475, 293.42 W, 99 %
2025/12/07 21:20:01.575, 293.42 W, 99 %
2025/12/07 21:20:01.675, 293.17 W, 99 %
2025/12/07 21:20:01.775, 293.34 W, 99 %
2025/12/07 21:20:01.875, 292.96 W, 99 %
2025/12/07 21:20:01.976, 292.60 W, 99 %
2025/12/07 21:20:02.076, 292.39 W, 99 %
2025/12/07 21:20:02.176, 292.48 W, 99 %
2025/12/07 21:20:02.276, 292.76 W, 99 %
2025/12/07 21:20:02.376, 293.20 W, 99 %
2025/12/07 21:20:02.476, 292.91 W, 99 %
2025/12/07 21:20:02.576, 292.83 W, 99 %
2025/12/07 21:20:02.677, 292.91 W, 99 %
2025/12/07 21:20:02.777, 292.89 W, 99 %
2025/12/07 21:20:02.877, 293.40 W, 99 %
2025/12/07 21:20:02.977, 293.94 W, 99 %
2025/12/07 21:20:03.077, 294.33 W, 99 %
2025/12/07 21:20:03.177, 294.63 W, 99 %
2025/12/07 21:20:03.277, 294.60 W, 99 %
2025/12/07 21:20:03.378, 289.44 W, 99 %
2025/12/07 21:20:03.478, 288.71 W, 99 %
2025/12/07 21:20:03.578, 289.09 W, 99 %
2025/12/07 21:20:03.678, 289.09 W, 99 %
2025/12/07 21:20:03.778, 288.61 W, 99 %
2025/12/07 21:20:03.878, 288.21 W, 99 %
2025/12/07 21:20:03.978, 288.64 W, 99 %
2025/12/07 21:20:04.079, 288.48 W, 99 %
2025/12/07 21:20:04.179, 288.51 W, 99 %
2025/12/07 21:20:04.279, 288.36 W, 99 %
2025/12/07 21:20:04.379, 288.12 W, 99 %
2025/12/07 21:20:04.479, 292.87 W, 99 %
2025/12/07 21:20:04.579, 293.57 W, 99 %
2025/12/07 21:20:04.679, 293.70 W, 99 %
2025/12/07 21:20:04.780, 293.56 W, 99 %
2025/12/07 21:20:04.880, 293.54 W, 99 %
2025/12/07 21:20:04.980, 293.26 W, 99 %
2025/12/07 21:20:05.080, 293.69 W, 99 %
2025/12/07 21:20:05.180, 293.88 W, 99 %
2025/12/07 21:20:05.280, 293.80 W, 99 %
2025/12/07 21:20:05.380, 293.72 W, 99 %
2025/12/07 21:20:05.481, 294.06 W, 99 %
2025/12/07 21:20:05.581, 294.22 W, 99 %
2025/12/07 21:20:05.681, 293.76 W, 99 %
2025/12/07 21:20:05.781, 293.56 W, 99 %
2025/12/07 21:20:05.881, 293.82 W, 99 %
2025/12/07 21:20:05.981, 294.12 W, 99 %
2025/12/07 21:20:06.081, 293.93 W, 99 %
2025/12/07 21:20:06.182, 293.56 W, 99 %
2025/12/07 21:20:06.282, 293.40 W, 99 %
2025/12/07 21:20:06.382, 293.88 W, 99 %
2025/12/07 21:20:06.482, 293.79 W, 99 %
2025/12/07 21:20:06.582, 293.31 W, 99 %
2025/12/07 21:20:06.682, 293.31 W, 99 %
2025/12/07 21:20:06.783, 293.17 W, 99 %
2025/12/07 21:20:06.883, 293.20 W, 99 %
2025/12/07 21:20:06.983, 290.00 W, 99 %
2025/12/07 21:20:07.083, 290.60 W, 99 %
2025/12/07 21:20:07.183, 290.90 W, 99 %
2025/12/07 21:20:07.283, 291.25 W, 99 %
2025/12/07 21:20:07.383, 291.15 W, 99 %
2025/12/07 21:20:07.484, 291.25 W, 99 %
2025/12/07 21:20:07.584, 291.53 W, 99 %
2025/12/07 21:20:07.684, 291.85 W, 99 %
2025/12/07 21:20:07.784, 291.97 W, 99 %
2025/12/07 21:20:07.884, 292.20 W, 99 %
2025/12/07 21:20:07.984, 292.27 W, 99 %
2025/12/07 21:20:08.084, 294.73 W, 99 %
2025/12/07 21:20:08.185, 294.83 W, 99 %
2025/12/07 21:20:08.285, 294.38 W, 99 %
2025/12/07 21:20:08.385, 294.15 W, 99 %
2025/12/07 21:20:08.485, 293.69 W, 99 %
2025/12/07 21:20:08.585, 293.65 W, 99 %
2025/12/07 21:20:08.685, 293.62 W, 99 %
2025/12/07 21:20:08.785, 293.41 W, 99 %
2025/12/07 21:20:08.886, 293.31 W, 99 %
2025/12/07 21:20:08.986, 293.38 W, 99 %
2025/12/07 21:20:09.086, 293.27 W, 99 %
2025/12/07 21:20:09.186, 293.93 W, 99 %
2025/12/07 21:20:09.286, 293.51 W, 99 %
2025/12/07 21:20:09.386, 293.39 W, 99 %
2025/12/07 21:20:09.486, 293.48 W, 99 %
2025/12/07 21:20:09.587, 293.67 W, 99 %
2025/12/07 21:20:09.687, 293.55 W, 99 %
2025/12/07 21:20:09.787, 293.61 W, 99 %
2025/12/07 21:20:09.887, 293.87 W, 99 %
2025/12/07 21:20:09.987, 293.90 W, 99 %
2025/12/07 21:20:10.087, 293.99 W, 99 %
2025/12/07 21:20:10.187, 293.83 W, 99 %
2025/12/07 21:20:10.288, 293.61 W, 99 %
2025/12/07 21:20:10.388, 293.94 W, 99 %
2025/12/07 21:20:10.488, 294.08 W, 99 %
2025/12/07 21:20:10.588, 285.89 W, 99 %
2025/12/07 21:20:10.688, 286.54 W, 99 %
2025/12/07 21:20:10.788, 285.94 W, 99 %
2025/12/07 21:20:10.889, 286.86 W, 99 %
2025/12/07 21:20:10.989, 286.80 W, 99 %
2025/12/07 21:20:11.089, 286.60 W, 99 %
2025/12/07 21:20:11.189, 286.25 W, 99 %
2025/12/07 21:20:11.289, 286.14 W, 99 %
2025/12/07 21:20:11.389, 286.08 W, 99 %
2025/12/07 21:20:11.489, 285.94 W, 99 %
2025/12/07 21:20:11.590, 285.83 W, 99 %
2025/12/07 21:20:11.690, 293.31 W, 99 %
2025/12/07 21:20:11.790, 293.40 W, 99 %
2025/12/07 21:20:11.890, 293.21 W, 99 %
2025/12/07 21:20:11.990, 293.06 W, 99 %
2025/12/07 21:20:12.090, 293.10 W, 99 %
2025/12/07 21:20:12.190, 293.42 W, 99 %
2025/12/07 21:20:12.291, 293.95 W, 99 %
2025/12/07 21:20:12.391, 293.72 W, 99 %
2025/12/07 21:20:12.491, 293.83 W, 99 %
2025/12/07 21:20:12.591, 293.96 W, 99 %
2025/12/07 21:20:12.691, 294.09 W, 99 %
2025/12/07 21:20:12.791, 294.11 W, 99 %
2025/12/07 21:20:12.891, 293.69 W, 99 %
2025/12/07 21:20:12.992, 293.56 W, 99 %
2025/12/07 21:20:13.092, 293.75 W, 99 %
2025/12/07 21:20:13.192, 293.76 W, 99 %
2025/12/07 21:20:13.292, 293.85 W, 99 %
2025/12/07 21:20:13.392, 293.91 W, 99 %
2025/12/07 21:20:13.492, 293.69 W, 99 %
2025/12/07 21:20:13.592, 293.87 W, 99 %
2025/12/07 21:20:13.693, 293.81 W, 99 %
2025/12/07 21:20:13.793, 293.91 W, 99 %
2025/12/07 21:20:13.893, 293.69 W, 99 %
2025/12/07 21:20:13.993, 293.95 W, 99 %
2025/12/07 21:20:14.093, 293.83 W, 76 %
2025/12/07 21:20:14.193, 285.30 W, 76 %
2025/12/07 21:20:14.293, 285.19 W, 99 %
2025/12/07 21:20:14.394, 284.88 W, 99 %
2025/12/07 21:20:14.494, 285.33 W, 99 %
2025/12/07 21:20:14.594, 285.33 W, 99 %
2025/12/07 21:20:14.694, 285.03 W, 99 %
2025/12/07 21:20:14.794, 284.85 W, 99 %
2025/12/07 21:20:14.894, 284.58 W, 99 %
2025/12/07 21:20:14.994, 284.83 W, 99 %
2025/12/07 21:20:15.095, 284.83 W, 99 %
2025/12/07 21:20:15.195, 284.60 W, 99 %
2025/12/07 21:20:15.295, 292.57 W, 99 %
2025/12/07 21:20:15.395, 292.66 W, 99 %
2025/12/07 21:20:15.495, 292.74 W, 99 %
2025/12/07 21:20:15.595, 292.94 W, 99 %
2025/12/07 21:20:15.695, 292.84 W, 99 %
2025/12/07 21:20:15.796, 293.23 W, 99 %
2025/12/07 21:20:15.896, 293.61 W, 99 %
2025/12/07 21:20:15.996, 293.63 W, 99 %
2025/12/07 21:20:16.096, 293.42 W, 99 %
2025/12/07 21:20:16.196, 293.25 W, 99 %
2025/12/07 21:20:16.296, 293.23 W, 99 %
2025/12/07 21:20:16.397, 293.36 W, 99 %
2025/12/07 21:20:16.497, 293.38 W, 99 %
2025/12/07 21:20:16.597, 293.12 W, 99 %
2025/12/07 21:20:16.697, 293.00 W, 99 %
2025/12/07 21:20:16.797, 292.67 W, 99 %
2025/12/07 21:20:16.897, 292.29 W, 99 %
2025/12/07 21:20:16.997, 292.85 W, 99 %
2025/12/07 21:20:17.098, 292.92 W, 99 %
2025/12/07 21:20:17.198, 293.07 W, 99 %
2025/12/07 21:20:17.298, 293.42 W, 99 %
2025/12/07 21:20:17.398, 293.58 W, 99 %
2025/12/07 21:20:17.498, 293.28 W, 99 %
2025/12/07 21:20:17.598, 293.52 W, 99 %
2025/12/07 21:20:17.698, 278.02 W, 78 %
2025/12/07 21:20:17.799, 260.76 W, 78 %
