
Initial FFT Block Distribution Based on Workload Estimate:

  FFT blocks assigned to   32 tasks

Image Distribution at run step       0:

  Count of images assigned to each task:
            0      128      129      129      128      129        0      129
          129      128      129      129      129        0      128      129
          129      128      129      129        0      129      128      129
          129      129        0      128      129      129      129      128
          129        0      129      128      129      129      129      128
            0      129      129      129      128      129      129        0
          129      128      129      129      128        0      129      129
          129      128      129      129        0      129      128      129
          129      129      128        0      129      129      128      129
          129      129        0      128      129      129      129      128
            0      129      129      128      129      129      129        0
          128      129      129      129      128      129        0      129
          129      128      129      129      128        0      129      129
          129      128      129        0      129      129      128      129
          129      129        0      128      129      129      128      129
          129        0      129      128      129      129      129      128
            0      129      129      129      128      129        0      129
          128      129      129      129      128        0      129      129
          129      128      129      129        0      128      129      129
          129      128      129        0      129      129      128      129
          129        0      129      128      129      129      128      129
            0      129      129      128      129      129      129        0
          128      129      129      129      128      129        0      129
          128      129      129      129        0      128      129      129
          129      128      129        0      129      129      128      129
          129      128        0      129      129      129      128      129
          129        0      129      128      129      129      129        0

First FFT Block Distribution Based on Actual Workload:

  FFT blocks assigned to  112 tasks

Atom Distribution No.     4 at run step     338:

  Count of atoms assigned to each task:
            0        0      161        0      181        0      205        0
          239        0      255        0      249        0      207        0
          168        0      174        0      190        0      199        0
          231        0        0      245        0      252        0      240
            0      213        0      188        0      167        0      187
            0      220        0      221        0      232        0      261
            0      279        0      219        0        0      215        0
          228        0      242        0      246        0      255        0
          240        0      240        0      243        0      237        0
          237        0      239        0      252        0      249        0
            0      240        0      264        0      261        0      246
            0      252        0      246        0      258        0      264
            0      261        0      249        0      258        0      252
            0      255        0        0      237        0      252        0
          237        0      231        0      231        0      222        0
          258        0      243        0      234        0      249        0
          249        0      231        0      240        0        0      249
            0      270        0      237        0      270        0      255
            0      246        0      240        0      249        0      237
            0      237        0      255        0      238        0      240
            0        0      189        0      204        0      228        0
          222        0      216        0      221        0      233        0
          200        0      201        0      154        0      201        0
          225        0      219        0        0      250        0      229
            0      193        0      214        0      158        0      164
            0      207        0      228        0      243        0      237
            0      191        0      188        0      194        0        0

Atom Distribution No.     5 at run step     628:

  Count of atoms assigned to each task:
            0        0      197        0      181        0      180        0
          225        0      255        0      240        0      225        0
          179        0      204        0      193        0      181        0
          203        0        0      195        0      246        0      246
            0      261        0      243        0      193        0      184
            0      189        0      186        0      226        0      249
            0      249        0      270        0        0      236        0
          196        0      212        0      231        0      276        0
          225        0      243        0      258        0      255        0
          225        0      236        0      267        0      243        0
            0      249        0      249        0      243        0      282
            0      246        0      264        0      249        0      267
            0      258        0      273        0      234        0      261
            0      249        0        0      243        0      237        0
          255        0      243        0      243        0      234        0
          234        0      252        0      237        0      243        0
          237        0      252        0      252        0        0      252
            0      261        0      243        0      252        0      273
            0      234        0      246        0      249        0      240
            0      246        0      243        0      223        0      229
            0        0      201        0      207        0      210        0
          237        0      201        0      235        0      198        0
          178        0      170        0      220        0      195        0
          201        0      210        0        0      256        0      217
            0      182        0      191        0      170        0      183
            0      204        0      258        0      252        0      249
            0      188        0      177        0      188        0        0

Atom Distribution No.     6 at run step     922:

  Count of atoms assigned to each task:
            0        0      185        0      190        0      182        0
          240        0      252        0      243        0      223        0
          194        0      181        0      172        0      202        0
          191        0        0      188        0      239        0      264
            0      267        0      230        0      190        0      192
            0      187        0      218        0      239        0      246
            0      252        0      237        0        0      248        0
          180        0      188        0      254        0      264        0
          246        0      246        0      237        0      246        0
          243        0      236        0      249        0      249        0
            0      252        0      249        0      255        0      252
            0      243        0      276        0      270        0      243
            0      255        0      267        0      246        0      246
            0      234        0        0      255        0      240        0
          243        0      240        0      246        0      249        0
          249        0      246        0      246        0      240        0
          243        0      249        0      246        0        0      273
            0      252        0      261        0      261        0      249
            0      252        0      240        0      243        0      249
            0      243        0      248        0      237        0      230
            0        0      213        0      204        0      207        0
          252        0      198        0      227        0      179        0
          158        0      172        0      225        0      204        0
          192        0      204        0        0      243        0      200
            0      181        0      198        0      167        0      184
            0      187        0      258        0      267        0      261
            0      183        0      184        0      202        0        0

Atom Distribution No.     7 at run step    1211:

  Count of atoms assigned to each task:
            0        0      195        0      195        0      181        0
          222        0      252        0      255        0      203        0
          198        0      189        0      177        0      196        0
          196        0        0      184        0      240        0      252
            0      243        0      251        0      183        0      186
            0      179        0      192        0      235        0      240
            0      261        0      252        0        0      230        0
          190        0      192        0      234        0      264        0
          255        0      243        0      252        0      249        0
          237        0      251        0      255        0      264        0
            0      255        0      267        0      255        0      234
            0      252        0      270        0      258        0      258
            0      267        0      258        0      264        0      246
            0      261        0        0      240        0      255        0
          252        0      252        0      255        0      252        0
          231        0      231        0      237        0      228        0
          231        0      240        0      249        0        0      255
            0      258        0      255        0      252        0      273
            0      246        0      246        0      267        0      246
            0      246        0      237        0      223        0      243
            0        0      216        0      204        0      210        0
          261        0      198        0      234        0      175        0
          157        0      179        0      220        0      204        0
          201        0      207        0        0      249        0      205
            0      178        0      186        0      172        0      182
            0      183        0      246        0      258        0      243
            0      216        0      174        0      182        0        0

Atom Distribution No.     8 at run step    1503:

  Count of atoms assigned to each task:
            0        0      165        0      191        0      206        0
          225        0      246        0      240        0      216        0
          197        0      181        0      180        0      175        0
          189        0        0      196        0      223        0      246
            0      240        0      233        0      180        0      199
            0      179        0      199        0      202        0      220
            0      231        0      249        0        0      234        0
          208        0      206        0      210        0      226        0
          240        0      240        0      255        0      243        0
          252        0      234        0      253        0      258        0
            0      270        0      261        0      264        0      264
            0      258        0      246        0      264        0      279
            0      279        0      243        0      258        0      252
            0      267        0        0      243        0      252        0
          249        0      243        0      261        0      246        0
          240        0      252        0      252        0      243        0
          240        0      258        0      249        0        0      273
            0      252        0      234        0      243        0      252
            0      249        0      243        0      255        0      252
            0      234        0      237        0      226        0      244
            0        0      240        0      228        0      234        0
          234        0      213        0      223        0      169        0
          161        0      189        0      227        0      207        0
          222        0      234        0        0      215        0      224
            0      194        0      196        0      167        0      181
            0      225        0      237        0      231        0      246
            0      216        0      177        0      174        0        0

Atom Distribution No.     9 at run step    1799:

  Count of atoms assigned to each task:
            0        0      173        0      196        0      188        0
          237        0      246        0      228        0      219        0
          200        0      184        0      187        0      168        0
          192        0        0      210        0      227        0      249
            0      249        0      239        0      210        0      179
            0      174        0      214        0      214        0      232
            0      243        0      240        0        0      237        0
          220        0      210        0      213        0      227        0
          222        0      243        0      228        0      237        0
          240        0      235        0      246        0      258        0
            0      258        0      261        0      264        0      255
            0      261        0      249        0      252        0      267
            0      255        0      264        0      243        0      264
            0      264        0        0      258        0      252        0
          234        0      261        0      249        0      255        0
          252        0      249        0      240        0      246        0
          249        0      246        0      255        0        0      237
            0      258        0      255        0      264        0      255
            0      234        0      231        0      261        0      237
            0      222        0      240        0      225        0      214
            0        0      235        0      231        0      219        0
          240        0      219        0      220        0      198        0
          161        0      158        0      208        0      231        0
          240        0      234        0        0      222        0      207
            0      209        0      195        0      184        0      188
            0      213        0      225        0      240        0      243
            0      222        0      186        0      180        0        0

Atom Distribution No.    10 at run step    2097:

  Count of atoms assigned to each task:
            0        0      169        0      182        0      206        0
          231        0      234        0      219        0      218        0
          197        0      187        0      189        0      190        0
          193        0        0      204        0      235        0      246
            0      261        0      236        0      205        0      185
            0      213        0      182        0      209        0      233
            0      255        0      246        0        0      218        0
          223        0      206        0      219        0      228        0
          255        0      237        0      240        0      240        0
          237        0      235        0      243        0      267        0
            0      252        0      255        0      270        0      258
            0      255        0      243        0      252        0      255
            0      264        0      258        0      243        0      246
            0      261        0        0      234        0      243        0
          249        0      240        0      255        0      258        0
          240        0      246        0      243        0      243        0
          252        0      255        0      240        0        0      249
            0      258        0      243        0      270        0      264
            0      237        0      240        0      240        0      243
            0      234        0      231        0      221        0      228
            0        0      223        0      213        0      228        0
          234        0      213        0      231        0      206        0
          173        0      179        0      215        0      231        0
          225        0      219        0        0      252        0      224
            0      208        0      191        0      150        0      184
            0      213        0      243        0      249        0      225
            0      216        0      185        0      187        0        0

Atom Distribution No.    11 at run step    2387:

  Count of atoms assigned to each task:
            0        0      168        0      192        0      193        0
          240        0      237        0      240        0      215        0
          188        0      175        0      177        0      179        0
          164        0        0      218        0      229        0      252
            0      246        0      233        0      200        0      206
            0      182        0      210        0      213        0      243
            0      246        0      237        0        0      240        0
          211        0      217        0      218        0      239        0
          246        0      234        0      240        0      237        0
          237        0      234        0      247        0      228        0
            0      249        0      282        0      267        0      240
            0      249        0      258        0      258        0      261
            0      240        0      264        0      255        0      237
            0      258        0        0      243        0      255        0
          228        0      243        0      243        0      246        0
          243        0      237        0      231        0      246        0
          258        0      240        0      261        0        0      252
            0      249        0      252        0      249        0      267
            0      252        0      237        0      246        0      228
            0      255        0      237        0      224        0      228
            0        0      217        0      234        0      237        0
          234        0      222        0      231        0      219        0
          193        0      170        0      213        0      246        0
          225        0      228        0        0      244        0      221
            0      202        0      185        0      175        0      173
            0      219        0      246        0      225        0      234
            0      221        0      172        0      193        0        0

Atom Distribution No.    12 at run step    2685:

  Count of atoms assigned to each task:
            0        0      191        0      196        0      184        0
          234        0      249        0      222        0      219        0
          197        0      188        0      180        0      161        0
          184        0        0      196        0      226        0      258
            0      240        0      221        0      186        0      182
            0      173        0      196        0      213        0      243
            0      249        0      240        0        0      249        0
          210        0      216        0      228        0      232        0
          231        0      249        0      246        0      240        0
          252        0      233        0      225        0      237        0
            0      255        0      267        0      252        0      252
            0      264        0      261        0      267        0      273
            0      246        0      258        0      270        0      255
            0      249        0        0      231        0      240        0
          261        0      237        0      249        0      228        0
          231        0      264        0      243        0      243        0
          240        0      246        0      249        0        0      246
            0      243        0      237        0      267        0      252
            0      237        0      231        0      237        0      225
            0      255        0      231        0      242        0      242
            0        0      211        0      237        0      243        0
          240        0      231        0      222        0      230        0
          180        0      170        0      187        0      231        0
          243        0      237        0        0      231        0      226
            0      205        0      168        0      185        0      189
            0      233        0      225        0      246        0      246
            0      223        0      184        0      183        0        0

Atom Distribution No.    13 at run step    2991:

  Count of atoms assigned to each task:
            0        0      176        0      184        0      199        0
          228        0      243        0      237        0      212        0
          178        0      192        0      191        0      172        0
          188        0        0      204        0      237        0      240
            0      240        0      227        0      206        0      191
            0      178        0      202        0      208        0      227
            0      234        0      237        0        0      243        0
          226        0      209        0      216        0      234        0
          243        0      237        0      237        0      234        0
          249        0      222        0      248        0      246        0
            0      273        0      252        0      243        0      252
            0      255        0      249        0      264        0      255
            0      267        0      258        0      261        0      273
            0      258        0        0      237        0      231        0
          243        0      240        0      246        0      255        0
          231        0      270        0      234        0      243        0
          246        0      249        0      234        0        0      249
            0      258        0      255        0      258        0      252
            0      237        0      240        0      246        0      240
            0      234        0      216        0      245        0      220
            0        0      201        0      246        0      228        0
          234        0      228        0      243        0      221        0
          160        0      192        0      201        0      240        0
          234        0      243        0        0      232        0      211
            0      199        0      181        0      196        0      183
            0      226        0      264        0      231        0      243
            0      222        0      185        0      170        0        0

Atom Distribution No.    14 at run step    3285:

  Count of atoms assigned to each task:
            0        0      177        0      187        0      169        0
          219        0      234        0      225        0      218        0
          201        0      200        0      190        0      185        0
          186        0        0      194        0      237        0      246
            0      249        0      233        0      207        0      183
            0      175        0      209        0      210        0      238
            0      243        0      249        0        0      219        0
          229        0      194        0      213        0      231        0
          237        0      234        0      228        0      228        0
          246        0      243        0      239        0      258        0
            0      258        0      237        0      252        0      249
            0      252        0      270        0      243        0      273
            0      240        0      252        0      258        0      249
            0      267        0        0      240        0      231        0
          264        0      252        0      237        0      273        0
          246        0      246        0      246        0      240        0
          258        0      255        0      243        0        0      258
            0      264        0      264        0      249        0      249
            0      246        0      255        0      237        0      243
            0      234        0      249        0      253        0      232
            0        0      222        0      225        0      231        0
          237        0      222        0      223        0      216        0
          193        0      163        0      208        0      231        0
          234        0      231        0        0      236        0      224
            0      199        0      185        0      156        0      208
            0      225        0      246        0      240        0      235
            0      198        0      178        0      165        0        0

Atom Distribution No.    15 at run step    3582:

  Count of atoms assigned to each task:
            0        0      164        0      196        0      183        0
          237        0      228        0      234        0      222        0
          204        0      158        0      182        0      195        0
          187        0        0      190        0      242        0      249
            0      261        0      242        0      207        0      190
            0      174        0      193        0      201        0      251
            0      246        0      246        0        0      231        0
          226        0      204        0      225        0      225        0
          231        0      237        0      261        0      222        0
          246        0      231        0      242        0      258        0
            0      258        0      252        0      252        0      243
            0      258        0      252        0      255        0      261
            0      258        0      246        0      267        0      264
            0      249        0        0      249        0      243        0
          246        0      246        0      249        0      228        0
          258        0      255        0      258        0      243        0
          261        0      243        0      243        0        0      261
            0      249        0      246        0      264        0      255
            0      243        0      237        0      240        0      231
            0      234        0      243        0      221        0      211
            0        0      231        0      231        0      249        0
          240        0      240        0      225        0      213        0
          181        0      169        0      220        0      231        0
          231        0      240        0        0      229        0      215
            0      202        0      163        0      158        0      189
            0      228        0      252        0      228        0      232
            0      206        0      172        0      190        0        0

Atom Distribution No.    16 at run step    3885:

  Count of atoms assigned to each task:
            0        0      169        0      184        0      191        0
          231        0      222        0      237        0      231        0
          199        0      181        0      169        0      178        0
          189        0        0      167        0      238        0      258
            0      252        0      228        0      212        0      195
            0      167        0      227        0      210        0      221
            0      246        0      243        0        0      246        0
          229        0      197        0      216        0      229        0
          234        0      252        0      255        0      234        0
          252        0      243        0      224        0      237        0
            0      255        0      261        0      249        0      252
            0      252        0      255        0      273        0      249
            0      267        0      258        0      249        0      258
            0      249        0        0      237        0      234        0
          249        0      240        0      258        0      252        0
          249        0      231        0      264        0      261        0
          252        0      246        0      225        0        0      270
            0      264        0      249        0      252        0      261
            0      240        0      252        0      243        0      240
            0      231        0      216        0      226        0      232
            0        0      225        0      240        0      243        0
          225        0      228        0      243        0      216        0
          162        0      188        0      219        0      228        0
          237        0      225        0        0      231        0      231
            0      205        0      166        0      159        0      182
            0      229        0      243        0      243        0      222
            0      200        0      181        0      193        0        0

Atom Distribution No.    17 at run step    4184:

  Count of atoms assigned to each task:
            0        0      171        0      180        0      186        0
          243        0      225        0      234        0      238        0
          225        0      182        0      175        0      193        0
          177        0        0      177        0      222        0      252
            0      255        0      239        0      209        0      193
            0      166        0      210        0      204        0      234
            0      255        0      240        0        0      248        0
          209        0      216        0      228        0      227        0
          234        0      243        0      246        0      237        0
          243        0      240        0      228        0      240        0
            0      243        0      252        0      246        0      249
            0      252        0      261        0      252        0      246
            0      249        0      264        0      249        0      255
            0      252        0        0      237        0      243        0
          255        0      249        0      237        0      264        0
          234        0      243        0      255        0      246        0
          234        0      249        0      234        0        0      255
            0      270        0      246        0      252        0      243
            0      240        0      249        0      240        0      249
            0      246        0      240        0      234        0      224
            0        0      227        0      246        0      234        0
          240        0      228        0      237        0      220        0
          157        0      155        0      201        0      234        0
          243        0      225        0        0      256        0      219
            0      217        0      180        0      173        0      190
            0      224        0      240        0      243        0      234
            0      230        0      163        0      180        0        0

Atom Distribution No.    18 at run step    4480:

  Count of atoms assigned to each task:
            0        0      173        0      183        0      186        0
          222        0      243        0      231        0      233        0
          195        0      180        0      169        0      191        0
          183        0        0      183        0      253        0      231
            0      258        0      239        0      199        0      181
            0      192        0      208        0      211        0      231
            0      240        0      249        0        0      242        0
          217        0      217        0      218        0      225        0
          234        0      237        0      252        0      240        0
          231        0      240        0      237        0      234        0
            0      255        0      246        0      234        0      252
            0      264        0      252        0      249        0      267
            0      252        0      264        0      267        0      264
            0      246        0        0      246        0      234        0
          231        0      234        0      240        0      243        0
          252        0      243        0      246        0      246        0
          237        0      243        0      237        0        0      252
            0      270        0      240        0      237        0      252
            0      243        0      252        0      249        0      237
            0      243        0      258        0      238        0      224
            0        0      222        0      219        0      228        0
          222        0      231        0      249        0      220        0
          197        0      164        0      215        0      228        0
          240        0      234        0        0      243        0      215
            0      212        0      195        0      167        0      174
            0      233        0      243        0      246        0      249
            0      230        0      176        0      179        0        0

Atom Distribution No.    19 at run step    4771:

  Count of atoms assigned to each task:
            0        0      194        0      187        0      172        0
          225        0      237        0      237        0      219        0
          187        0      197        0      174        0      164        0
          177        0        0      201        0      228        0      255
            0      249        0      242        0      216        0      178
            0      179        0      207        0      208        0      245
            0      231        0      243        0        0      225        0
          217        0      228        0      216        0      241        0
          243        0      240        0      246        0      237        0
          240        0      236        0      237        0      237        0
            0      267        0      240        0      249        0      255
            0      252        0      264        0      237        0      237
            0      258        0      264        0      264        0      255
            0      255        0        0      243        0      246        0
          237        0      240        0      243        0      240        0
          249        0      243        0      246        0      228        0
          243        0      234        0      243        0        0      249
            0      279        0      249        0      237        0      264
            0      249        0      261        0      252        0      237
            0      249        0      237        0      253        0      222
            0        0      220        0      222        0      240        0
          231        0      237        0      234        0      224        0
          210        0      153        0      187        0      240        0
          231        0      237        0        0      240        0      231
            0      202        0      180        0      168        0      194
            0      218        0      240        0      252        0      231
            0      216        0      168        0      187        0        0

Atom Distribution No.    20 at run step    5072:

  Count of atoms assigned to each task:
            0        0      170        0      186        0      189        0
          216        0      219        0      243        0      228        0
          204        0      190        0      196        0      178        0
          188        0        0      171        0      223        0      252
            0      237        0      227        0      218        0      196
            0      162        0      215        0      218        0      230
            0      252        0      246        0        0      228        0
          218        0      209        0      224        0      235        0
          234        0      246        0      243        0      258        0
          237        0      233        0      243        0      234        0
            0      249        0      243        0      246        0      255
            0      252        0      255        0      255        0      261
            0      273        0      240        0      261        0      255
            0      255        0        0      246        0      234        0
          237        0      225        0      252        0      249        0
          243        0      246        0      246        0      249        0
          243        0      249        0      228        0        0      261
            0      249        0      258        0      261        0      267
            0      243        0      243        0      264        0      252
            0      246        0      219        0      228        0      231
            0        0      228        0      228        0      231        0
          237        0      234        0      219        0      231        0
          157        0      184        0      196        0      228        0
          234        0      225        0        0      252        0      229
            0      205        0      185        0      170        0      191
            0      239        0      258        0      234        0      237
            0      213        0      186        0      162        0        0

Atom Distribution No.    21 at run step    5369:

  Count of atoms assigned to each task:
            0        0      182        0      178        0      180        0
          216        0      255        0      243        0      225        0
          204        0      204        0      156        0      179        0
          183        0        0      186        0      232        0      243
            0      252        0      232        0      195        0      192
            0      179        0      211        0      208        0      235
            0      264        0      252        0        0      237        0
          218        0      216        0      211        0      231        0
          240        0      255        0      231        0      243        0
          234        0      248        0      249        0      243        0
            0      264        0      234        0      246        0      261
            0      258        0      249        0      252        0      261
            0      261        0      270        0      249        0      261
            0      237        0        0      237        0      228        0
          237        0      237        0      243        0      258        0
          252        0      231        0      255        0      243        0
          249        0      240        0      249        0        0      255
            0      246        0      252        0      258        0      267
            0      246        0      249        0      234        0      252
            0      240        0      237        0      232        0      224
            0        0      218        0      234        0      243        0
          231        0      225        0      243        0      208        0
          169        0      157        0      202        0      235        0
          234        0      240        0        0      249        0      228
            0      191        0      185        0      183        0      194
            0      223        0      234        0      228        0      240
            0      213        0      176        0      179        0        0

Atom Distribution No.    22 at run step    5666:

  Count of atoms assigned to each task:
            0        0      180        0      182        0      170        0
          219        0      252        0      234        0      223        0
          174        0      179        0      180        0      178        0
          191        0        0      201        0      249        0      246
            0      267        0      233        0      206        0      187
            0      184        0      206        0      217        0      246
            0      255        0      246        0        0      244        0
          222        0      223        0      221        0      249        0
          231        0      249        0      234        0      249        0
          246        0      230        0      234        0      234        0
            0      249        0      267        0      255        0      246
            0      255        0      252        0      249        0      267
            0      258        0      252        0      252        0      276
            0      261        0        0      249        0      240        0
          240        0      252        0      234        0      252        0
          243        0      231        0      240        0      243        0
          240        0      243        0      237        0        0      255
            0      258        0      249        0      243        0      258
            0      246        0      234        0      237        0      249
            0      237        0      252        0      234        0      213
            0        0      213        0      231        0      237        0
          237        0      228        0      240        0      214        0
          171        0      159        0      192        0      207        0
          249        0      213        0        0      246        0      217
            0      196        0      184        0      180        0      193
            0      232        0      231        0      249        0      252
            0      226        0      167        0      175        0        0

Atom Distribution No.    23 at run step    5965:

  Count of atoms assigned to each task:
            0        0      183        0      189        0      188        0
          228        0      240        0      228        0      217        0
          205        0      198        0      181        0      182        0
          206        0        0      212        0      240        0      246
            0      255        0      235        0      193        0      172
            0      160        0      201        0      221        0      247
            0      252        0      243        0        0      236        0
          212        0      210        0      228        0      234        0
          237        0      252        0      249        0      225        0
          225        0      242        0      228        0      249        0
            0      246        0      249        0      267        0      261
            0      273        0      264        0      264        0      255
            0      255        0      258        0      258        0      264
            0      261        0        0      237        0      243        0
          225        0      246        0      261        0      237        0
          234        0      237        0      246        0      240        0
          252        0      246        0      255        0        0      243
            0      252        0      252        0      243        0      255
            0      231        0      240        0      234        0      246
            0      240        0      240        0      232        0      214
            0        0      222        0      228        0      228        0
          237        0      234        0      237        0      219        0
          197        0      156        0      200        0      204        0
          231        0      222        0        0      225        0      232
            0      191        0      182        0      182        0      188
            0      228        0      243        0      261        0      243
            0      209        0      182        0      172        0        0

Atom Distribution No.    24 at run step    6261:

  Count of atoms assigned to each task:
            0        0      192        0      178        0      175        0
          246        0      222        0      237        0      219        0
          179        0      171        0      183        0      191        0
          190        0        0      229        0      241        0      270
            0      246        0      230        0      174        0      181
            0      184        0      203        0      233        0      241
            0      231        0      240        0        0      231        0
          208        0      229        0      215        0      244        0
          243        0      246        0      243        0      234        0
          237        0      212        0      234        0      258        0
            0      264        0      243        0      264        0      255
            0      255        0      264        0      252        0      249
            0      249        0      279        0      246        0      261
            0      258        0        0      234        0      258        0
          243        0      261        0      240        0      240        0
          252        0      240        0      255        0      240        0
          249        0      246        0      246        0        0      258
            0      261        0      258        0      252        0      255
            0      234        0      243        0      240        0      231
            0      246        0      228        0      215        0      227
            0        0      214        0      222        0      231        0
          228        0      240        0      214        0      217        0
          159        0      163        0      206        0      234        0
          240        0      231        0        0      243        0      226
            0      196        0      169        0      176        0      204
            0      234        0      234        0      237        0      234
            0      224        0      193        0      178        0        0

Atom Distribution No.    25 at run step    6565:

  Count of atoms assigned to each task:
            0        0      193        0      175        0      182        0
          234        0      234        0      237        0      225        0
          202        0      177        0      192        0      177        0
          202        0        0      178        0      232        0      240
            0      243        0      236        0      204        0      184
            0      172        0      193        0      221        0      240
            0      237        0      246        0        0      231        0
          220        0      205        0      209        0      238        0
          240        0      243        0      246        0      246        0
          255        0      234        0      247        0      255        0
            0      258        0      243        0      246        0      252
            0      255        0      249        0      258        0      246
            0      261        0      258        0      255        0      252
            0      249        0        0      246        0      246        0
          252        0      267        0      249        0      255        0
          261        0      234        0      243        0      243        0
          249        0      240        0      249        0        0      261
            0      255        0      252        0      264        0      267
            0      240        0      261        0      255        0      237
            0      261        0      249        0      208        0      223
            0        0      218        0      234        0      222        0
          225        0      237        0      208        0      214        0
          162        0      193        0      213        0      225        0
          237        0      222        0        0      233        0      229
            0      185        0      178        0      153        0      208
            0      207        0      252        0      228        0      231
            0      216        0      183        0      171        0        0

Atom Distribution No.    26 at run step    6861:

  Count of atoms assigned to each task:
            0        0      167        0      190        0      180        0
          234        0      240        0      234        0      229        0
          176        0      197        0      186        0      193        0
          168        0        0      204        0      227        0      249
            0      225        0      225        0      208        0      182
            0      189        0      206        0      199        0      236
            0      243        0      246        0        0      240        0
          214        0      194        0      223        0      217        0
          237        0      252        0      237        0      249        0
          243        0      249        0      222        0      258        0
            0      258        0      249        0      243        0      249
            0      252        0      252        0      240        0      255
            0      255        0      249        0      258        0      246
            0      255        0        0      240        0      255        0
          243        0      258        0      243        0      252        0
          243        0      246        0      249        0      228        0
          258        0      237        0      243        0        0      255
            0      267        0      249        0      261        0      261
            0      255        0      255        0      240        0      240
            0      237        0      246        0      241        0      233
            0        0      237        0      219        0      219        0
          243        0      228        0      225        0      209        0
          174        0      165        0      233        0      220        0
          228        0      228        0        0      243        0      223
            0      206        0      194        0      176        0      191
            0      228        0      237        0      240        0      240
            0      221        0      187        0      180        0        0

Atom Distribution No.    27 at run step    7165:

  Count of atoms assigned to each task:
            0        0      190        0      173        0      185        0
          225        0      219        0      228        0      214        0
          190        0      183        0      195        0      178        0
          203        0        0      209        0      239        0      255
            0      243        0      225        0      199        0      183
            0      185        0      197        0      209        0      224
            0      243        0      258        0        0      238        0
          219        0      216        0      216        0      225        0
          240        0      246        0      243        0      231        0
          234        0      251        0      222        0      261        0
            0      252        0      258        0      279        0      255
            0      246        0      249        0      237        0      243
            0      255        0      270        0      246        0      252
            0      255        0        0      237        0      252        0
          252        0      246        0      240        0      240        0
          225        0      237        0      255        0      243        0
          231        0      231        0      234        0        0      249
            0      264        0      261        0      243        0      255
            0      258        0      243        0      243        0      246
            0      240        0      246        0      239        0      229
            0        0      217        0      231        0      216        0
          231        0      243        0      231        0      235        0
          202        0      160        0      220        0      216        0
          225        0      234        0        0      252        0      224
            0      197        0      180        0      165        0      203
            0      221        0      237        0      249        0      243
            0      231        0      181        0      184        0        0

Atom Distribution No.    28 at run step    7459:

  Count of atoms assigned to each task:
            0        0      182        0      176        0      186        0
          234        0      237        0      234        0      225        0
          178        0      194        0      192        0      170        0
          189        0        0      208        0      233        0      249
            0      258        0      242        0      196        0      169
            0      193        0      197        0      218        0      260
            0      246        0      243        0        0      235        0
          211        0      222        0      220        0      246        0
          237        0      255        0      234        0      225        0
          234        0      219        0      243        0      249        0
            0      255        0      261        0      249        0      252
            0      249        0      249        0      258        0      258
            0      264        0      240        0      243        0      267
            0      243        0        0      246        0      234        0
          252        0      237        0      261        0      234        0
          240        0      249        0      237        0      246        0
          237        0      243        0      243        0        0      261
            0      267        0      264        0      267        0      264
            0      228        0      240        0      225        0      231
            0      264        0      246        0      238        0      216
            0        0      208        0      216        0      225        0
          231        0      234        0      234        0      215        0
          209        0      175        0      216        0      222        0
          249        0      249        0        0      250        0      215
            0      181        0      172        0      180        0      191
            0      218        0      234        0      246        0      237
            0      197        0      188        0      169        0        0

Atom Distribution No.    29 at run step    7763:

  Count of atoms assigned to each task:
            0        0      188        0      192        0      194        0
          234        0      246        0      240        0      203        0
          179        0      188        0      157        0      182        0
          187        0        0      213        0      254        0      249
            0      240        0      237        0      199        0      177
            0      187        0      207        0      226        0      240
            0      243        0      240        0        0      217        0
          206        0      202        0      213        0      252        0
          240        0      249        0      237        0      237        0
          243        0      218        0      240        0      243        0
            0      261        0      246        0      252        0      252
            0      258        0      252        0      249        0      264
            0      246        0      264        0      246        0      264
            0      264        0        0      240        0      246        0
          237        0      249        0      243        0      246        0
          228        0      246        0      249        0      240        0
          237        0      243        0      252        0        0      249
            0      273        0      249        0      246        0      264
            0      255        0      246        0      237        0      258
            0      252        0      240        0      215        0      229
            0        0      218        0      203        0      240        0
          228        0      246        0      225        0      196        0
          184        0      174        0      215        0      222        0
          219        0      249        0        0      246        0      221
            0      214        0      174        0      173        0      198
            0      216        0      252        0      240        0      237
            0      213        0      180        0      189        0        0

Atom Distribution No.    30 at run step    8060:

  Count of atoms assigned to each task:
            0        0      166        0      197        0      206        0
          240        0      219        0      231        0      211        0
          188        0      181        0      186        0      164        0
          203        0        0      217        0      240        0      249
            0      246        0      211        0      173        0      183
            0      188        0      205        0      225        0      248
            0      249        0      246        0        0      237        0
          222        0      214        0      226        0      243        0
          243        0      255        0      252        0      246        0
          237        0      221        0      239        0      249        0
            0      246        0      255        0      240        0      255
            0      252        0      243        0      237        0      240
            0      246        0      258        0      246        0      261
            0      255        0        0      252        0      243        0
          234        0      237        0      240        0      255        0
          243        0      252        0      240        0      240        0
          249        0      240        0      243        0        0      270
            0      252        0      267        0      246        0      270
            0      246        0      249        0      240        0      234
            0      240        0      243        0      221        0      219
            0        0      214        0      231        0      237        0
          249        0      237        0      240        0      211        0
          177        0      187        0      215        0      231        0
          234        0      234        0        0      237        0      216
            0      201        0      175        0      163        0      195
            0      228        0      252        0      249        0      231
            0      196        0      194        0      169        0        0

Atom Distribution No.    31 at run step    8357:

  Count of atoms assigned to each task:
            0        0      173        0      176        0      202        0
          231        0      228        0      225        0      223        0
          168        0      201        0      178        0      178        0
          209        0        0      200        0      237        0      273
            0      237        0      225        0      199        0      181
            0      193        0      206        0      216        0      255
            0      249        0      261        0        0      222        0
          218        0      214        0      227        0      240        0
          249        0      237        0      234        0      234        0
          252        0      213        0      222        0      246        0
            0      246        0      258        0      243        0      246
            0      237        0      255        0      252        0      237
            0      252        0      246        0      261        0      258
            0      249        0        0      237        0      243        0
          258        0      228        0      252        0      240        0
          243        0      249        0      231        0      243        0
          234        0      246        0      225        0        0      267
            0      255        0      249        0      243        0      270
            0      231        0      243        0      258        0      243
            0      234        0      246        0      240        0      222
            0        0      226        0      236        0      234        0
          231        0      249        0      225        0      231        0
          178        0      168        0      216        0      222        0
          252        0      255        0        0      219        0      219
            0      204        0      174        0      167        0      199
            0      244        0      240        0      249        0      216
            0      228        0      185        0      189        0        0

Atom Distribution No.    32 at run step    8652:

  Count of atoms assigned to each task:
            0        0      162        0      182        0      201        0
          231        0      243        0      240        0      220        0
          185        0      209        0      182        0      188        0
          188        0        0      229        0      257        0      243
            0      252        0      218        0      186        0      183
            0      184        0      199        0      219        0      249
            0      255        0      249        0        0      232        0
          209        0      199        0      233        0      249        0
          249        0      249        0      240        0      246        0
          222        0      242        0      240        0      240        0
            0      237        0      249        0      252        0      249
            0      249        0      249        0      243        0      264
            0      258        0      246        0      270        0      267
            0      243        0        0      240        0      258        0
          237        0      258        0      228        0      252        0
          243        0      231        0      240        0      234        0
          243        0      240        0      237        0        0      276
            0      270        0      252        0      270        0      255
            0      249        0      249        0      243        0      246
            0      249        0      234        0      226        0      227
            0        0      227        0      225        0      231        0
          240        0      225        0      227        0      199        0
          168        0      185        0      211        0      219        0
          240        0      231        0        0      222        0      219
            0      206        0      176        0      166        0      185
            0      228        0      243        0      243        0      222
            0      194        0      186        0      173        0        0

Atom Distribution No.    33 at run step    8946:

  Count of atoms assigned to each task:
            0        0      171        0      194        0      195        0
          230        0      225        0      234        0      191        0
          188        0      204        0      180        0      181        0
          203        0        0      211        0      242        0      246
            0      243        0      231        0      190        0      167
            0      193        0      206        0      232        0      239
            0      258        0      249        0        0      224        0
          216        0      228        0      218        0      246        0
          240        0      246        0      246        0      243        0
          231        0      232        0      243        0      243        0
            0      258        0      261        0      240        0      246
            0      261        0      240        0      276        0      240
            0      261        0      264        0      279        0      252
            0      246        0        0      249        0      243        0
          252        0      237        0      246        0      234        0
          240        0      252        0      240        0      246        0
          246        0      255        0      234        0        0      273
            0      270        0      234        0      249        0      273
            0      240        0      231        0      237        0      246
            0      240        0      237        0      223        0      241
            0        0      216        0      231        0      234        0
          237        0      219        0      221        0      196        0
          180        0      204        0      207        0      237        0
          231        0      240        0        0      226        0      211
            0      159        0      169        0      172        0      211
            0      237        0      240        0      240        0      249
            0      198        0      181        0      161        0        0

Atom Distribution No.    34 at run step    9243:

  Count of atoms assigned to each task:
            0        0      188        0      183        0      226        0
          240        0      234        0      234        0      213        0
          181        0      175        0      200        0      187        0
          191        0        0      205        0      236        0      234
            0      249        0      239        0      203        0      182
            0      188        0      193        0      225        0      237
            0      261        0      249        0        0      236        0
          218        0      191        0      211        0      246        0
          255        0      258        0      243        0      255        0
          228        0      223        0      237        0      234        0
            0      249        0      279        0      249        0      258
            0      234        0      243        0      255        0      261
            0      267        0      246        0      264        0      249
            0      261        0        0      255        0      249        0
          237        0      261        0      222        0      234        0
          246        0      249        0      243        0      246        0
          243        0      234        0      258        0        0      261
            0      246        0      246        0      252        0      249
            0      258        0      228        0      234        0      258
            0      237        0      234        0      241        0      222
            0        0      237        0      249        0      216        0
          228        0      222        0      216        0      199        0
          169        0      213        0      224        0      222        0
          231        0      234        0        0      234        0      218
            0      172        0      171        0      183        0      177
            0      233        0      249        0      246        0      237
            0      186        0      171        0      175        0        0

Atom Distribution No.    35 at run step    9543:

  Count of atoms assigned to each task:
            0        0      191        0      191        0      223        0
          231        0      240        0      255        0      211        0
          179        0      188        0      174        0      174        0
          182        0        0      226        0      249        0      252
            0      249        0      220        0      181        0      182
            0      191        0      201        0      228        0      234
            0      264        0      252        0        0      223        0
          205        0      213        0      220        0      216        0
          258        0      228        0      249        0      225        0
          249        0      217        0      234        0      246        0
            0      255        0      258        0      240        0      264
            0      246        0      261        0      255        0      273
            0      270        0      255        0      249        0      255
            0      255        0        0      243        0      246        0
          249        0      240        0      246        0      243        0
          243        0      237        0      252        0      228        0
          240        0      249        0      243        0        0      255
            0      252        0      255        0      255        0      267
            0      234        0      240        0      240        0      240
            0      246        0      234        0      233        0      215
            0        0      231        0      237        0      237        0
          231        0      222        0      232        0      207        0
          167        0      180        0      210        0      246        0
          219        0      240        0        0      218        0      214
            0      198        0      203        0      174        0      170
            0      238        0      237        0      240        0      237
            0      198        0      187        0      173        0        0

Atom Distribution No.    36 at run step    9837:

  Count of atoms assigned to each task:
            0        0      167        0      166        0      198        0
          222        0      237        0      225        0      207        0
          196        0      194        0      184        0      192        0
          191        0        0      209        0      255        0      255
            0      258        0      230        0      190        0      186
            0      196        0      208        0      232        0      246
            0      249        0      261        0        0      227        0
          204        0      198        0      243        0      237        0
          225        0      234        0      240        0      231        0
          252        0      220        0      240        0      240        0
            0      252        0      246        0      246        0      252
            0      231        0      255        0      255        0      255
            0      252        0      264        0      249        0      276
            0      240        0        0      249        0      237        0
          243        0      264        0      258        0      240        0
          258        0      234        0      252        0      246        0
          243        0      240        0      255        0        0      261
            0      255        0      252        0      243        0      267
            0      255        0      243        0      252        0      231
            0      231        0      244        0      214        0      209
            0        0      237        0      231        0      225        0
          237        0      231        0      223        0      215        0
          181        0      178        0      201        0      237        0
          240        0      225        0        0      207        0      232
            0      202        0      157        0      170        0      221
            0      213        0      249        0      252        0      248
            0      206        0      172        0      174        0        0

Atom Distribution No.    37 at run step   10130:

  Count of atoms assigned to each task:
            0        0      195        0      190        0      206        0
          225        0      243        0      231        0      212        0
          173        0      164        0      182        0      171        0
          184        0        0      219        0      233        0      237
            0      249        0      222        0      182        0      161
            0      187        0      206        0      224        0      251
            0      252        0      237        0        0      232        0
          210        0      215        0      231        0      251        0
          225        0      231        0      249        0      231        0
          258        0      239        0      242        0      240        0
            0      246        0      249        0      267        0      243
            0      249        0      237        0      255        0      252
            0      273        0      258        0      252        0      261
            0      255        0        0      246        0      249        0
          237        0      264        0      273        0      255        0
          246        0      243        0      249        0      240        0
          222        0      246        0      243        0        0      264
            0      261        0      246        0      249        0      258
            0      246        0      243        0      261        0      243
            0      240        0      246        0      216        0      241
            0        0      225        0      237        0      234        0
          225        0      219        0      231        0      217        0
          174        0      182        0      207        0      234        0
          219        0      240        0        0      238        0      204
            0      175        0      177        0      176        0      195
            0      250        0      237        0      237        0      234
            0      209        0      192        0      176        0        0

Atom Distribution No.    38 at run step   10429:

  Count of atoms assigned to each task:
            0        0      177        0      179        0      215        0
          225        0      231        0      234        0      217        0
          188        0      194        0      182        0      173        0
          193        0        0      178        0      236        0      225
            0      243        0      223        0      203        0      198
            0      183        0      202        0      209        0      249
            0      237        0      249        0        0      248        0
          201        0      218        0      231        0      234        0
          243        0      240        0      234        0      252        0
          246        0      234        0      228        0      237        0
            0      267        0      252        0      258        0      246
            0      252        0      255        0      255        0      252
            0      279        0      255        0      246        0      246
            0      252        0        0      255        0      246        0
          246        0      240        0      255        0      240        0
          246        0      237        0      240        0      243        0
          234        0      258        0      249        0        0      270
            0      270        0      243        0      270        0      246
            0      243        0      246        0      261        0      240
            0      228        0      255        0      224        0      234
            0        0      228        0      228        0      225        0
          237        0      219        0      226        0      207        0
          169        0      166        0      211        0      246        0
          222        0      249        0        0      218        0      227
            0      183        0      179        0      192        0      175
            0      237        0      255        0      243        0      240
            0      198        0      184        0      171        0        0

Atom Distribution No.    39 at run step   10728:

  Count of atoms assigned to each task:
            0        0      173        0      186        0      194        0
          225        0      231        0      246        0      208        0
          192        0      165        0      173        0      187        0
          179        0        0      222        0      246        0      249
            0      243        0      232        0      194        0      204
            0      174        0      197        0      227        0      232
            0      252        0      246        0        0      234        0
          211        0      218        0      215        0      223        0
          252        0      246        0      231        0      237        0
          252        0      210        0      250        0      240        0
            0      258        0      261        0      258        0      258
            0      249        0      261        0      267        0      243
            0      273        0      261        0      255        0      261
            0      255        0        0      246        0      237        0
          231        0      258        0      243        0      252        0
          240        0      240        0      234        0      243        0
          246        0      246        0      249        0        0      273
            0      270        0      249        0      258        0      264
            0      243        0      231        0      240        0      246
            0      225        0      240        0      232        0      231
            0        0      228        0      237        0      243        0
          222        0      224        0      216        0      222        0
          168        0      200        0      218        0      231        0
          252        0      228        0        0      215        0      204
            0      191        0      181        0      165        0      175
            0      230        0      240        0      240        0      234
            0      196        0      188        0      187        0        0

Atom Distribution No.    40 at run step   11029:

  Count of atoms assigned to each task:
            0        0      159        0      201        0      213        0
          240        0      228        0      237        0      224        0
          187        0      180        0      177        0      189        0
          178        0        0      206        0      226        0      237
            0      255        0      238        0      209        0      200
            0      179        0      194        0      212        0      247
            0      252        0      240        0        0      212        0
          218        0      218        0      211        0      220        0
          243        0      243        0      231        0      243        0
          228        0      234        0      241        0      243        0
            0      255        0      246        0      261        0      246
            0      255        0      249        0      231        0      249
            0      255        0      267        0      258        0      249
            0      279        0        0      243        0      249        0
          231        0      246        0      246        0      264        0
          255        0      240        0      225        0      231        0
          246        0      240        0      258        0        0      285
            0      246        0      249        0      240        0      249
            0      264        0      234        0      234        0      246
            0      243        0      228        0      233        0      241
            0        0      233        0      216        0      240        0
          237        0      225        0      233        0      219        0
          203        0      159        0      207        0      232        0
          234        0      231        0        0      231        0      223
            0      200        0      176        0      180        0      196
            0      240        0      240        0      252        0      219
            0      202        0      192        0      179        0        0

Atom Distribution No.    41 at run step   11326:

  Count of atoms assigned to each task:
            0        0      179        0      183        0      194        0
          240        0      231        0      240        0      222        0
          185        0      183        0      166        0      178        0
          184        0        0      204        0      238        0      240
            0      243        0      229        0      212        0      213
            0      180        0      195        0      214        0      240
            0      234        0      240        0        0      243        0
          199        0      216        0      217        0      223        0
          234        0      246        0      231        0      243        0
          231        0      249        0      239        0      237        0
            0      255        0      249        0      258        0      252
            0      270        0      252        0      264        0      246
            0      252        0      279        0      264        0      264
            0      261        0        0      258        0      255        0
          225        0      249        0      246        0      261        0
          246        0      246        0      222        0      225        0
          237        0      246        0      246        0        0      261
            0      270        0      246        0      240        0      264
            0      258        0      246        0      258        0      237
            0      243        0      216        0      242        0      217
            0        0      213        0      228        0      228        0
          228        0      243        0      233        0      213        0
          193        0      181        0      208        0      225        0
          234        0      231        0        0      231        0      215
            0      181        0      186        0      170        0      192
            0      217        0      249        0      249        0      234
            0      204        0      193        0      178        0        0

Atom Distribution No.    42 at run step   11626:

  Count of atoms assigned to each task:
            0        0      179        0      182        0      211        0
          240        0      261        0      231        0      228        0
          191        0      183        0      172        0      170        0
          190        0        0      218        0      236        0      237
            0      240        0      229        0      203        0      213
            0      185        0      191        0      221        0      231
            0      246        0      240        0        0      239        0
          218        0      209        0      225        0      226        0
          255        0      237        0      234        0      219        0
          246        0      237        0      229        0      231        0
            0      234        0      258        0      246        0      255
            0      249        0      261        0      255        0      249
            0      258        0      258        0      270        0      255
            0      252        0        0      240        0      234        0
          231        0      249        0      249        0      252        0
          237        0      252        0      246        0      222        0
          225        0      249        0      228        0        0      270
            0      264        0      249        0      255        0      255
            0      258        0      240        0      246        0      240
            0      234        0      237        0      245        0      222
            0        0      226        0      219        0      231        0
          222        0      216        0      248        0      214        0
          209        0      173        0      192        0      234        0
          243        0      237        0        0      237        0      229
            0      197        0      172        0      171        0      197
            0      221        0      231        0      252        0      243
            0      226        0      177        0      179        0        0

Atom Distribution No.    43 at run step   11924:

  Count of atoms assigned to each task:
            0        0      168        0      198        0      207        0
          240        0      252        0      243        0      218        0
          182        0      180        0      186        0      185        0
          176        0        0      227        0      254        0      240
            0      258        0      220        0      199        0      180
            0      190        0      200        0      239        0      225
            0      237        0      234        0        0      224        0
          204        0      224        0      226        0      242        0
          246        0      249        0      237        0      231        0
          240        0      229        0      222        0      246        0
            0      255        0      252        0      252        0      255
            0      255        0      273        0      252        0      255
            0      258        0      264        0      261        0      255
            0      267        0        0      231        0      249        0
          240        0      243        0      243        0      243        0
          243        0      240        0      231        0      234        0
          231        0      243        0      231        0        0      258
            0      258        0      240        0      267        0      240
            0      249        0      249        0      237        0      237
            0      240        0      240        0      222        0      237
            0        0      222        0      208        0      225        0
          231        0      240        0      233        0      237        0
          208        0      177        0      191        0      210        0
          234        0      225        0        0      258        0      224
            0      190        0      173        0      180        0      184
            0      213        0      240        0      240        0      246
            0      201        0      203        0      177        0        0

Atom Distribution No.    44 at run step   12223:

  Count of atoms assigned to each task:
            0        0      159        0      186        0      208        0
          249        0      249        0      234        0      229        0
          188        0      195        0      196        0      163        0
          186        0        0      212        0      258        0      231
            0      249        0      220        0      198        0      181
            0      192        0      209        0      210        0      244
            0      249        0      252        0        0      222        0
          215        0      215        0      213        0      232        0
          249        0      243        0      258        0      225        0
          255        0      226        0      255        0      234        0
            0      261        0      249        0      246        0      252
            0      258        0      240        0      246        0      270
            0      255        0      264        0      249        0      258
            0      249        0        0      234        0      255        0
          249        0      240        0      240        0      246        0
          267        0      243        0      234        0      237        0
          246        0      240        0      252        0        0      252
            0      276        0      243        0      249        0      255
            0      234        0      237        0      240        0      243
            0      240        0      222        0      226        0      218
            0        0      210        0      228        0      222        0
          234        0      233        0      243        0      219        0
          203        0      150        0      217        0      219        0
          240        0      222        0        0      246        0      220
            0      191        0      203        0      178        0      199
            0      218        0      222        0      243        0      240
            0      187        0      191        0      176        0        0

Atom Distribution No.    45 at run step   12517:

  Count of atoms assigned to each task:
            0        0      185        0      174        0      205        0
          255        0      228        0      261        0      223        0
          171        0      193        0      172        0      191        0
          198        0        0      209        0      219        0      228
            0      246        0      235        0      207        0      175
            0      173        0      203        0      211        0      244
            0      255        0      252        0        0      233        0
          211        0      223        0      216        0      219        0
          252        0      240        0      243        0      234        0
          234        0      237        0      261        0      231        0
            0      261        0      267        0      255        0      255
            0      255        0      255        0      243        0      255
            0      264        0      249        0      252        0      252
            0      270        0        0      243        0      252        0
          255        0      240        0      246        0      246        0
          246        0      237        0      237        0      246        0
          237        0      258        0      243        0        0      270
            0      249        0      252        0      246        0      261
            0      252        0      246        0      246        0      246
            0      258        0      222        0      223        0      212
            0        0      216        0      213        0      240        0
          231        0      228        0      242        0      226        0
          199        0      180        0      213        0      228        0
          231        0      234        0        0      219        0      198
            0      186        0      190        0      148        0      193
            0      210        0      249        0      249        0      228
            0      196        0      192        0      170        0        0

Atom Distribution No.    46 at run step   12814:

  Count of atoms assigned to each task:
            0        0      151        0      189        0      209        0
          222        0      246        0      231        0      219        0
          185        0      198        0      178        0      178        0
          178        0        0      227        0      245        0      240
            0      258        0      240        0      201        0      182
            0      180        0      208        0      221        0      238
            0      246        0      252        0        0      232        0
          234        0      189        0      220        0      225        0
          252        0      231        0      240        0      228        0
          234        0      230        0      246        0      252        0
            0      264        0      258        0      258        0      261
            0      258        0      261        0      258        0      234
            0      258        0      273        0      264        0      267
            0      249        0        0      243        0      243        0
          255        0      240        0      252        0      237        0
          249        0      234        0      243        0      240        0
          243        0      243        0      237        0        0      261
            0      249        0      255        0      258        0      252
            0      249        0      246        0      243        0      237
            0      243        0      225        0      215        0      232
            0        0      225        0      228        0      243        0
          222        0      234        0      232        0      206        0
          181        0      173        0      203        0      228        0
          225        0      222        0        0      232        0      222
            0      194        0      166        0      170        0      186
            0      235        0      252        0      234        0      249
            0      198        0      182        0      194        0        0

Atom Distribution No.    47 at run step   13109:

  Count of atoms assigned to each task:
            0        0      158        0      184        0      197        0
          231        0      228        0      225        0      234        0
          185        0      196        0      182        0      180        0
          178        0        0      214        0      239        0      240
            0      267        0      234        0      191        0      178
            0      191        0      207        0      224        0      252
            0      261        0      234        0        0      238        0
          214        0      205        0      215        0      247        0
          246        0      249        0      243        0      246        0
          234        0      232        0      258        0      264        0
            0      249        0      252        0      267        0      249
            0      255        0      249        0      237        0      255
            0      273        0      261        0      243        0      258
            0      267        0        0      231        0      258        0
          252        0      240        0      246        0      252        0
          267        0      225        0      255        0      243        0
          246        0      246        0      243        0        0      240
            0      273        0      255        0      243        0      240
            0      231        0      243        0      258        0      231
            0      249        0      228        0      235        0      221
            0        0      237        0      225        0      234        0
          219        0      230        0      234        0      206        0
          174        0      159        0      210        0      237        0
          234        0      252        0        0      209        0      208
            0      199        0      182        0      146        0      188
            0      229        0      249        0      237        0      237
            0      197        0      188        0      171        0        0

Atom Distribution No.    48 at run step   13408:

  Count of atoms assigned to each task:
            0        0      163        0      185        0      197        0
          228        0      237        0      249        0      228        0
          175        0      168        0      192        0      176        0
          170        0        0      205        0      234        0      240
            0      246        0      230        0      213        0      190
            0      205        0      215        0      222        0      234
            0      258        0      231        0        0      245        0
          191        0      207        0      211        0      247        0
          249        0      255        0      240        0      240        0
          237        0      227        0      237        0      252        0
            0      243        0      261        0      252        0      255
            0      261        0      255        0      243        0      255
            0      264        0      261        0      249        0      246
            0      255        0        0      246        0      231        0
          237        0      231        0      243        0      255        0
          228        0      240        0      252        0      240        0
          240        0      234        0      243        0        0      249
            0      255        0      258        0      252        0      234
            0      261        0      234        0      234        0      240
            0      246        0      246        0      230        0      225
            0        0      216        0      224        0      255        0
          222        0      234        0      230        0      215        0
          193        0      182        0      216        0      231        0
          240        0      228        0        0      228        0      225
            0      208        0      181        0      185        0      185
            0      223        0      234        0      252        0      249
            0      206        0      196        0      187        0        0

Atom Distribution No.    49 at run step   13705:

  Count of atoms assigned to each task:
            0        0      166        0      171        0      202        0
          225        0      225        0      228        0      218        0
          186        0      167        0      195        0      177        0
          184        0        0      210        0      231        0      237
            0      255        0      217        0      210        0      181
            0      182        0      205        0      222        0      241
            0      246        0      258        0        0      222        0
          210        0      207        0      213        0      241        0
          240        0      240        0      243        0      222        0
          240        0      231        0      242        0      249        0
            0      240        0      273        0      249        0      267
            0      264        0      282        0      252        0      246
            0      255        0      264        0      258        0      255
            0      258        0        0      267        0      225        0
          240        0      237        0      252        0      237        0
          258        0      249        0      237        0      243        0
          243        0      234        0      255        0        0      258
            0      261        0      258        0      246        0      252
            0      249        0      231        0      222        0      237
            0      222        0      255        0      233        0      221
            0        0      215        0      228        0      234        0
          240        0      237        0      228        0      229        0
          214        0      181        0      196        0      225        0
          237        0      222        0        0      234        0      220
            0      227        0      175        0      161        0      190
            0      220        0      243        0      255        0      249
            0      226        0      177        0      171        0        0

Atom Distribution No.    50 at run step   14008:

  Count of atoms assigned to each task:
            0        0      169        0      178        0      193        0
          249        0      228        0      258        0      219        0
          193        0      170        0      199        0      171        0
          192        0        0      198        0      241        0      240
            0      252        0      213        0      215        0      193
            0      169        0      200        0      219        0      232
            0      249        0      240        0        0      237        0
          225        0      194        0      219        0      231        0
          241        0      243        0      228        0      246        0
          237        0      237        0      209        0      249        0
            0      246        0      243        0      267        0      237
            0      276        0      252        0      261        0      252
            0      276        0      267        0      255        0      243
            0      258        0        0      246        0      249        0
          231        0      246        0      240        0      255        0
          249        0      252        0      240        0      240        0
          246        0      231        0      240        0        0      276
            0      252        0      249        0      243        0      276
            0      237        0      234        0      228        0      225
            0      228        0      225        0      235        0      218
            0        0      218        0      231        0      240        0
          231        0      228        0      239        0      216        0
          221        0      193        0      209        0      222        0
          225        0      249        0        0      249        0      200
            0      225        0      185        0      177        0      182
            0      219        0      255        0      246        0      234
            0      206        0      176        0      182        0        0

Atom Distribution No.    51 at run step   14311:

  Count of atoms assigned to each task:
            0        0      172        0      192        0      206        0
          252        0      222        0      228        0      217        0
          178        0      179        0      212        0      181        0
          182        0        0      214        0      237        0      240
            0      243        0      233        0      209        0      185
            0      176        0      203        0      212        0      226
            0      243        0      246        0        0      238        0
          209        0      219        0      211        0      208        0
          231        0      234        0      240        0      249        0
          243        0      230        0      222        0      243        0
            0      249        0      255        0      255        0      261
            0      270        0      243        0      255        0      222
            0      249        0      267        0      252        0      264
            0      255        0        0      261        0      246        0
          246        0      243        0      237        0      261        0
          255        0      252        0      225        0      228        0
          249        0      243        0      252        0        0      249
            0      255        0      264        0      264        0      255
            0      255        0      237        0      246        0      237
            0      237        0      222        0      224        0      222
            0        0      222        0      243        0      231        0
          234        0      219        0      236        0      226        0
          215        0      181        0      208        0      228        0
          222        0      237        0        0      229        0      226
            0      221        0      188        0      172        0      191
            0      214        0      240        0      243        0      246
            0      208        0      168        0      183        0        0

Atom Distribution No.    52 at run step   14616:

  Count of atoms assigned to each task:
            0        0      171        0      181        0      216        0
          228        0      234        0      243        0      213        0
          183        0      182        0      199        0      173        0
          181        0        0      228        0      228        0      252
            0      222        0      213        0      224        0      181
            0      188        0      205        0      207        0      208
            0      243        0      246        0        0      237        0
          228        0      217        0      239        0      217        0
          240        0      243        0      234        0      243        0
          249        0      225        0      221        0      240        0
            0      264        0      255        0      264        0      252
            0      258        0      258        0      246        0      255
            0      267        0      255        0      273        0      249
            0      258        0        0      249        0      234        0
          246        0      246        0      261        0      246        0
          270        0      237        0      243        0      246        0
          246        0      237        0      258        0        0      252
            0      258        0      258        0      240        0      252
            0      243        0      237        0      246        0      243
            0      237        0      228        0      231        0      229
            0        0      225        0      225        0      240        0
          231        0      228        0      221        0      203        0
          168        0      168        0      198        0      237        0
          231        0      222        0        0      225        0      217
            0      218        0      194        0      168        0      199
            0      234        0      243        0      246        0      231
            0      225        0      180        0      172        0        0

Atom Distribution No.    53 at run step   14912:

  Count of atoms assigned to each task:
            0        0      179        0      188        0      199        0
          234        0      234        0      234        0      215        0
          189        0      202        0      194        0      176        0
          184        0        0      215        0      246        0      234
            0      243        0      231        0      197        0      192
            0      176        0      212        0      218        0      226
            0      249        0      237        0        0      259        0
          221        0      229        0      231        0      238        0
          243        0      240        0      234        0      243        0
          230        0      228        0      231        0      246        0
            0      246        0      261        0      240        0      246
            0      249        0      258        0      261        0      261
            0      270        0      258        0      234        0      276
            0      258        0        0      237        0      222        0
          237        0      237        0      261        0      237        0
          252        0      261        0      240        0      228        0
          252        0      258        0      237        0        0      264
            0      240        0      264        0      255        0      264
            0      234        0      243        0      243        0      249
            0      237        0      232        0      221        0      203
            0        0      220        0      225        0      237        0
          228        0      243        0      222        0      217        0
          179        0      159        0      200        0      231        0
          237        0      234        0        0      232        0      208
            0      229        0      178        0      156        0      203
            0      218        0      240        0      255        0      231
            0      214        0      181        0      178        0        0

Atom Distribution No.    54 at run step   15202:

  Count of atoms assigned to each task:
            0        0      167        0      172        0      212        0
          231        0      234        0      240        0      219        0
          170        0      195        0      182        0      185        0
          188        0        0      215        0      242        0      240
            0      246        0      242        0      198        0      179
            0      196        0      204        0      222        0      234
            0      234        0      237        0        0      216        0
          217        0      211        0      213        0      242        0
          243        0      237        0      246        0      252        0
          240        0      243        0      228        0      231        0
            0      273        0      231        0      258        0      276
            0      249        0      267        0      240        0      264
            0      273        0      267        0      240        0      246
            0      255        0        0      237        0      243        0
          255        0      240        0      249        0      240        0
          261        0      264        0      240        0      240        0
          252        0      249        0      252        0        0      258
            0      270        0      258        0      249        0      258
            0      231        0      243        0      258        0      240
            0      225        0      234        0      228        0      243
            0        0      203        0      231        0      234        0
          219        0      236        0      221        0      204        0
          173        0      189        0      211        0      216        0
          210        0      243        0        0      231        0      212
            0      214        0      179        0      159        0      191
            0      206        0      243        0      246        0      240
            0      208        0      189        0      191        0        0

Atom Distribution No.    55 at run step   15498:

  Count of atoms assigned to each task:
            0        0      169        0      184        0      208        0
          219        0      243        0      243        0      214        0
          165        0      207        0      180        0      183        0
          176        0        0      219        0      239        0      240
            0      252        0      221        0      194        0      179
            0      171        0      208        0      213        0      228
            0      246        0      249        0        0      225        0
          225        0      229        0      223        0      229        0
          234        0      228        0      234        0      252        0
          240        0      225        0      233        0      240        0
            0      258        0      258        0      255        0      255
            0      252        0      249        0      249        0      267
            0      261        0      273        0      255        0      261
            0      255        0        0      240        0      249        0
          252        0      261        0      249        0      243        0
          255        0      255        0      249        0      243        0
          237        0      246        0      246        0        0      264
            0      252        0      240        0      255        0      258
            0      258        0      252        0      234        0      237
            0      240        0      234        0      231        0      209
            0        0      234        0      237        0      234        0
          240        0      240        0      214        0      216        0
          167        0      200        0      216        0      231        0
          210        0      234        0        0      219        0      212
            0      214        0      186        0      165        0      170
            0      227        0      237        0      231        0      231
            0      217        0      182        0      190        0        0

Atom Distribution No.    56 at run step   15790:

  Count of atoms assigned to each task:
            0        0      181        0      173        0      213        0
          225        0      240        0      228        0      212        0
          185        0      167        0      180        0      186        0
          202        0        0      216        0      216        0      249
            0      249        0      224        0      214        0      193
            0      186        0      207        0      202        0      244
            0      231        0      243        0        0      242        0
          218        0      229        0      209        0      226        0
          243        0      237        0      252        0      246        0
          243        0      230        0      246        0      237        0
            0      270        0      261        0      255        0      243
            0      246        0      240        0      258        0      258
            0      258        0      258        0      252        0      261
            0      258        0        0      243        0      255        0
          258        0      237        0      252        0      231        0
          252        0      246        0      240        0      246        0
          231        0      240        0      237        0        0      264
            0      270        0      258        0      237        0      261
            0      246        0      231        0      246        0      237
            0      243        0      246        0      222        0      237
            0        0      231        0      234        0      240        0
          237        0      234        0      199        0      220        0
          183        0      180        0      204        0      228        0
          219        0      225        0        0      219        0      204
            0      226        0      184        0      181        0      184
            0      233        0      228        0      234        0      246
            0      206        0      187        0      184        0        0

Atom Distribution No.    57 at run step   16083:

  Count of atoms assigned to each task:
            0        0      169        0      193        0      222        0
          213        0      240        0      237        0      214        0
          173        0      189        0      186        0      173        0
          185        0        0      218        0      240        0      246
            0      237        0      243        0      192        0      171
            0      180        0      201        0      220        0      228
            0      240        0      258        0        0      215        0
          211        0      220        0      219        0      237        0
          234        0      237        0      231        0      249        0
          246        0      222        0      230        0      240        0
            0      249        0      276        0      255        0      240
            0      252        0      243        0      252        0      267
            0      276        0      252        0      270        0      264
            0      249        0        0      243        0      252        0
          243        0      258        0      246        0      228        0
          258        0      255        0      234        0      243        0
          243        0      243        0      231        0        0      279
            0      264        0      255        0      267        0      261
            0      246        0      246        0      255        0      228
            0      246        0      237        0      233        0      222
            0        0      234        0      225        0      240        0
          234        0      222        0      210        0      213        0
          165        0      186        0      204        0      231        0
          216        0      225        0        0      233        0      212
            0      225        0      193        0      158        0      185
            0      235        0      237        0      246        0      240
            0      209        0      195        0      165        0        0

Atom Distribution No.    58 at run step   16382:

  Count of atoms assigned to each task:
            0        0      167        0      175        0      211        0
          222        0      237        0      231        0      217        0
          206        0      173        0      184        0      187        0
          187        0        0      208        0      245        0      240
            0      246        0      234        0      208        0      194
            0      183        0      206        0      213        0      247
            0      225        0      246        0        0      224        0
          213        0      215        0      224        0      232        0
          237        0      240        0      252        0      234        0
          258        0      240        0      218        0      246        0
            0      252        0      267        0      255        0      240
            0      249        0      234        0      264        0      279
            0      258        0      246        0      249        0      273
            0      255        0        0      240        0      234        0
          258        0      249        0      240        0      243        0
          255        0      237        0      246        0      240        0
          246        0      252        0      237        0        0      273
            0      261        0      258        0      237        0      270
            0      258        0      249        0      243        0      240
            0      240        0      219        0      228        0      228
            0        0      228        0      231        0      219        0
          240        0      234        0      215        0      223        0
          180        0      171        0      213        0      228        0
          213        0      216        0        0      237        0      205
            0      217        0      180        0      170        0      199
            0      223        0      246        0      240        0      240
            0      200        0      173        0      190        0        0

Atom Distribution No.    59 at run step   16676:

  Count of atoms assigned to each task:
            0        0      166        0      203        0      203        0
          231        0      246        0      228        0      218        0
          188        0      191        0      183        0      175        0
          198        0        0      193        0      243        0      237
            0      246        0      226        0      195        0      196
            0      179        0      189        0      228        0      228
            0      264        0      240        0        0      233        0
          210        0      217        0      224        0      224        0
          249        0      240        0      234        0      231        0
          234        0      252        0      228        0      258        0
            0      249        0      255        0      264        0      252
            0      249        0      246        0      273        0      264
            0      276        0      255        0      249        0      252
            0      258        0        0      228        0      240        0
          240        0      261        0      243        0      234        0
          249        0      243        0      240        0      225        0
          252        0      246        0      255        0        0      270
            0      273        0      246        0      255        0      255
            0      228        0      258        0      237        0      243
            0      252        0      234        0      216        0      215
            0        0      234        0      219        0      240        0
          243        0      216        0      227        0      228        0
          173        0      175        0      191        0      231        0
          231        0      225        0        0      236        0      209
            0      220        0      175        0      167        0      182
            0      231        0      246        0      237        0      243
            0      198        0      187        0      186        0        0

Atom Distribution No.    60 at run step   16971:

  Count of atoms assigned to each task:
            0        0      177        0      178        0      205        0
          243        0      237        0      228        0      221        0
          179        0      176        0      186        0      186        0
          186        0        0      213        0      251        0      264
            0      240        0      223        0      210        0      173
            0      185        0      207        0      215        0      241
            0      255        0      243        0        0      228        0
          213        0      213        0      225        0      238        0
          234        0      246        0      246        0      228        0
          246        0      234        0      237        0      255        0
            0      261        0      252        0      267        0      258
            0      264        0      234        0      255        0      264
            0      267        0      252        0      255        0      252
            0      252        0        0      261        0      243        0
          261        0      261        0      228        0      234        0
          243        0      246        0      234        0      225        0
          249        0      234        0      258        0        0      264
            0      264        0      240        0      261        0      252
            0      252        0      249        0      228        0      237
            0      234        0      225        0      233        0      225
            0        0      219        0      231        0      243        0
          222        0      233        0      234        0      213        0
          180        0      187        0      195        0      237        0
          219        0      219        0        0      221        0      225
            0      203        0      169        0      173        0      191
            0      236        0      228        0      246        0      249
            0      188        0      168        0      190        0        0

Atom Distribution No.    61 at run step   17267:

  Count of atoms assigned to each task:
            0        0      159        0      184        0      213        0
          225        0      234        0      210        0      218        0
          190        0      171        0      173        0      206        0
          186        0        0      221        0      243        0      264
            0      243        0      225        0      198        0      168
            0      182        0      205        0      236        0      244
            0      240        0      270        0        0      219        0
          213        0      217        0      241        0      238        0
          237        0      252        0      240        0      243        0
          246        0      233        0      234        0      237        0
            0      264        0      267        0      255        0      243
            0      231        0      234        0      273        0      255
            0      261        0      231        0      264        0      249
            0      246        0        0      282        0      246        0
          243        0      237        0      249        0      231        0
          243        0      249        0      237        0      240        0
          243        0      243        0      252        0        0      270
            0      246        0      261        0      240        0      255
            0      255        0      258        0      243        0      240
            0      234        0      246        0      212        0      233
            0        0      216        0      228        0      231        0
          222        0      219        0      238        0      202        0
          190        0      190        0      231        0      225        0
          246        0      213        0        0      227        0      205
            0      205        0      177        0      172        0      182
            0      237        0      240        0      252        0      234
            0      189        0      179        0      189        0        0

Atom Distribution No.    62 at run step   17571:

  Count of atoms assigned to each task:
            0        0      163        0      186        0      207        0
          243        0      234        0      231        0      225        0
          194        0      195        0      182        0      160        0
          189        0        0      206        0      231        0      234
            0      228        0      239        0      189        0      190
            0      194        0      222        0      208        0      244
            0      243        0      267        0        0      210        0
          236        0      178        0      241        0      238        0
          246        0      246        0      249        0      243        0
          252        0      213        0      237        0      243        0
            0      258        0      255        0      252        0      255
            0      249        0      246        0      252        0      282
            0      258        0      258        0      246        0      270
            0      231        0        0      249        0      252        0
          246        0      246        0      234        0      249        0
          255        0      258        0      252        0      240        0
          249        0      237        0      240        0        0      270
            0      252        0      249        0      252        0      255
            0      255        0      246        0      255        0      240
            0      231        0      210        0      222        0      233
            0        0      216        0      234        0      222        0
          240        0      225        0      225        0      218        0
          159        0      204        0      208        0      237        0
          231        0      219        0        0      230        0      212
            0      192        0      180        0      170        0      185
            0      216        0      237        0      249        0      252
            0      192        0      199        0      181        0        0

Atom Distribution No.    63 at run step   17873:

  Count of atoms assigned to each task:
            0        0      166        0      184        0      227        0
          231        0      246        0      231        0      206        0
          188        0      173        0      179        0      179        0
          186        0        0      203        0      228        0      252
            0      252        0      224        0      217        0      205
            0      178        0      199        0      239        0      240
            0      231        0      243        0        0      225        0
          218        0      215        0      221        0      229        0
          249        0      252        0      258        0      237        0
          243        0      230        0      243        0      237        0
            0      258        0      273        0      240        0      270
            0      246        0      249        0      249        0      273
            0      261        0      249        0      261        0      243
            0      255        0        0      246        0      255        0
          246        0      249        0      243        0      240        0
          261        0      252        0      237        0      246        0
          255        0      237        0      252        0        0      246
            0      261        0      246        0      264        0      258
            0      258        0      240        0      228        0      243
            0      246        0      225        0      209        0      237
            0        0      212        0      228        0      231        0
          234        0      227        0      208        0      219        0
          160        0      182        0      207        0      255        0
          246        0      219        0        0      229        0      206
            0      205        0      176        0      160        0      195
            0      217        0      252        0      240        0      237
            0      199        0      174        0      169        0        0

Atom Distribution No.    64 at run step   18171:

  Count of atoms assigned to each task:
            0        0      171        0      187        0      211        0
          219        0      246        0      228        0      220        0
          174        0      202        0      166        0      176        0
          210        0        0      196        0      228        0      243
            0      234        0      237        0      211        0      197
            0      190        0      193        0      227        0      241
            0      243        0      264        0        0      228        0
          226        0      212        0      220        0      244        0
          237        0      249        0      246        0      234        0
          237        0      240        0      237        0      246        0
            0      261        0      258        0      252        0      255
            0      249        0      261        0      258        0      261
            0      267        0      255        0      255        0      261
            0      258        0        0      228        0      255        0
          252        0      246        0      246        0      246        0
          240        0      243        0      240        0      258        0
          234        0      237        0      219        0        0      270
            0      264        0      249        0      264        0      255
            0      243        0      234        0      246        0      237
            0      243        0      234        0      215        0      233
            0        0      225        0      225        0      228        0
          222        0      225        0      206        0      218        0
          162        0      181        0      205        0      246        0
          240        0      225        0        0      235        0      201
            0      214        0      171        0      161        0      180
            0      243        0      252        0      249        0      231
            0      212        0      176        0      173        0        0

Atom Distribution No.    65 at run step   18466:

  Count of atoms assigned to each task:
            0        0      177        0      192        0      209        0
          237        0      240        0      249        0      224        0
          208        0      195        0      185        0      181        0
          189        0        0      212        0      230        0      243
            0      249        0      231        0      210        0      183
            0      190        0      205        0      216        0      252
            0      246        0      243        0        0      220        0
          214        0      221        0      219        0      244        0
          255        0      243        0      237        0      243        0
          243        0      232        0      252        0      246        0
            0      249        0      249        0      261        0      258
            0      249        0      240        0      252        0      261
            0      264        0      258        0      261        0      261
            0      246        0        0      252        0      234        0
          243        0      237        0      237        0      240        0
          243        0      225        0      246        0      243        0
          237        0      255        0      228        0        0      255
            0      261        0      243        0      255        0      267
            0      237        0      237        0      249        0      237
            0      243        0      225        0      222        0      227
            0        0      234        0      225        0      234        0
          213        0      246        0      224        0      212        0
          168        0      173        0      223        0      240        0
          228        0      231        0        0      218        0      226
            0      209        0      186        0      172        0      185
            0      223        0      234        0      234        0      240
            0      179        0      186        0      163        0        0

Atom Distribution No.    66 at run step   18775:

  Count of atoms assigned to each task:
            0        0      165        0      183        0      201        0
          225        0      237        0      249        0      218        0
          181        0      218        0      174        0      180        0
          200        0        0      217        0      231        0      255
            0      249        0      228        0      189        0      181
            0      202        0      195        0      219        0      252
            0      246        0      252        0        0      240        0
          209        0      200        0      254        0      237        0
          255        0      228        0      258        0      243        0
          237        0      231        0      234        0      255        0
            0      237        0      252        0      249        0      255
            0      252        0      258        0      270        0      252
            0      246        0      243        0      276        0      246
            0      246        0        0      243        0      234        0
          234        0      252        0      252        0      249        0
          231        0      243        0      228        0      234        0
          225        0      240        0      249        0        0      234
            0      267        0      240        0      252        0      258
            0      246        0      261        0      255        0      246
            0      246        0      240        0      229        0      227
            0        0      231        0      225        0      213        0
          237        0      222        0      227        0      214        0
          168        0      197        0      214        0      231        0
          222        0      225        0        0      237        0      205
            0      201        0      189        0      192        0      180
            0      219        0      234        0      252        0      237
            0      194        0      191        0      176        0        0

Atom Distribution No.    67 at run step   19071:

  Count of atoms assigned to each task:
            0        0      164        0      192        0      195        0
          228        0      237        0      246        0      213        0
          174        0      184        0      178        0      186        0
          172        0        0      208        0      239        0      264
            0      240        0      244        0      197        0      187
            0      168        0      205        0      201        0      244
            0      246        0      237        0        0      231        0
          216        0      209        0      227        0      232        0
          237        0      249        0      252        0      237        0
          249        0      229        0      243        0      243        0
            0      258        0      258        0      264        0      267
            0      258        0      246        0      264        0      258
            0      258        0      261        0      267        0      249
            0      255        0        0      252        0      246        0
          237        0      252        0      246        0      249        0
          243        0      249        0      234        0      237        0
          252        0      258        0      249        0        0      243
            0      258        0      252        0      246        0      264
            0      243        0      249        0      243        0      240
            0      240        0      222        0      225        0      221
            0        0      228        0      234        0      225        0
          222        0      228        0      233        0      247        0
          171        0      186        0      220        0      219        0
          219        0      225        0        0      231        0      215
            0      204        0      170        0      151        0      176
            0      226        0      243        0      261        0      243
            0      206        0      188        0      171        0        0

Atom Distribution No.    68 at run step   19368:

  Count of atoms assigned to each task:
            0        0      172        0      186        0      190        0
          231        0      231        0      219        0      225        0
          185        0      202        0      178        0      186        0
          177        0        0      199        0      254        0      249
            0      252        0      234        0      207        0      180
            0      186        0      195        0      212        0      240
            0      249        0      237        0        0      249        0
          218        0      215        0      217        0      225        0
          243        0      225        0      246        0      234        0
          231        0      227        0      231        0      231        0
            0      267        0      249        0      255        0      255
            0      246        0      255        0      264        0      252
            0      246        0      261        0      249        0      255
            0      255        0        0      216        0      255        0
          246        0      255        0      252        0      258        0
          261        0      249        0      228        0      258        0
          249        0      252        0      240        0        0      270
            0      270        0      249        0      258        0      258
            0      234        0      261        0      258        0      231
            0      243        0      231        0      224        0      235
            0        0      231        0      231        0      228        0
          237        0      216        0      220        0      216        0
          163        0      183        0      215        0      228        0
          213        0      225        0        0      234        0      208
            0      218        0      180        0      186        0      196
            0      210        0      246        0      246        0      240
            0      206        0      191        0      173        0        0

Atom Distribution No.    69 at run step   19664:

  Count of atoms assigned to each task:
            0        0      167        0      173        0      207        0
          225        0      222        0      231        0      227        0
          184        0      170        0      198        0      186        0
          188        0        0      227        0      245        0      240
            0      246        0      235        0      192        0      165
            0      195        0      218        0      241        0      240
            0      246        0      243        0        0      222        0
          219        0      208        0      218        0      225        0
          261        0      237        0      222        0      255        0
          246        0      232        0      252        0      237        0
            0      234        0      255        0      249        0      243
            0      255        0      252        0      249        0      264
            0      258        0      252        0      279        0      246
            0      252        0        0      234        0      246        0
          240        0      249        0      243        0      255        0
          219        0      240        0      231        0      249        0
          249        0      255        0      243        0        0      270
            0      270        0      252        0      255        0      267
            0      237        0      252        0      249        0      237
            0      249        0      237        0      229        0      220
            0        0      222        0      225        0      228        0
          246        0      225        0      221        0      215        0
          178        0      170        0      234        0      222        0
          237        0      219        0        0      237        0      202
            0      211        0      166        0      190        0      173
            0      232        0      255        0      240        0      240
            0      202        0      192        0      166        0        0

Atom Distribution No.    70 at run step   19965:

  Count of atoms assigned to each task:
            0        0      180        0      185        0      194        0
          237        0      228        0      237        0      227        0
          201        0      179        0      178        0      182        0
          180        0        0      217        0      230        0      267
            0      240        0      231        0      182        0      181
            0      190        0      190        0      232        0      261
            0      234        0      255        0        0      225        0
          201        0      205        0      224        0      236        0
          231        0      255        0      243        0      240        0
          237        0      233        0      243        0      243        0
            0      258        0      240        0      252        0      261
            0      258        0      264        0      243        0      261
            0      267        0      255        0      252        0      249
            0      273        0        0      222        0      237        0
          243        0      249        0      237        0      246        0
          237        0      243        0      255        0      249        0
          252        0      234        0      252        0        0      279
            0      252        0      252        0      255        0      273
            0      246        0      243        0      231        0      234
            0      240        0      237        0      251        0      205
            0        0      219        0      225        0      234        0
          225        0      234        0      224        0      217        0
          162        0      166        0      213        0      219        0
          237        0      228        0        0      242        0      216
            0      209        0      181        0      180        0      185
            0      224        0      252        0      231        0      240
            0      212        0      195        0      167        0        0

Atom Distribution No.    71 at run step   20257:

  Count of atoms assigned to each task:
            0        0      175        0      187        0      196        0
          228        0      237        0      228        0      219        0
          177        0      195        0      180        0      186        0
          192        0        0      197        0      227        0      252
            0      252        0      244        0      200        0      201
            0      172        0      193        0      222        0      263
            0      249        0      249        0        0      224        0
          213        0      216        0      210        0      243        0
          237        0      240        0      243        0      237        0
          225        0      240        0      234        0      243        0
            0      246        0      246        0      258        0      246
            0      273        0      270        0      243        0      258
            0      255        0      246        0      255        0      261
            0      243        0        0      246        0      240        0
          252        0      228        0      255        0      246        0
          228        0      252        0      249        0      243        0
          243        0      237        0      246        0        0      264
            0      270        0      249        0      276        0      258
            0      240        0      237        0      234        0      231
            0      246        0      240        0      231        0      226
            0        0      231        0      231        0      237        0
          225        0      231        0      230        0      232        0
          174        0      217        0      192        0      234        0
          231        0      228        0        0      231        0      222
            0      200        0      180        0      174        0      174
            0      230        0      240        0      246        0      231
            0      202        0      167        0      175        0        0

Atom Distribution No.    72 at run step   20552:

  Count of atoms assigned to each task:
            0        0      172        0      188        0      203        0
          225        0      243        0      231        0      224        0
          199        0      169        0      177        0      179        0
          180        0        0      202        0      242        0      249
            0      279        0      216        0      202        0      212
            0      211        0      190        0      224        0      246
            0      255        0      231        0        0      245        0
          193        0      198        0      223        0      225        0
          237        0      243        0      240        0      234        0
          234        0      232        0      249        0      249        0
            0      258        0      234        0      249        0      264
            0      246        0      252        0      261        0      255
            0      264        0      249        0      255        0      261
            0      246        0        0      249        0      255        0
          240        0      243        0      231        0      258        0
          231        0      258        0      237        0      231        0
          240        0      252        0      252        0        0      264
            0      273        0      252        0      261        0      258
            0      249        0      255        0      237        0      234
            0      258        0      234        0      216        0      220
            0        0      226        0      239        0      234        0
          234        0      219        0      230        0      216        0
          169        0      172        0      226        0      228        0
          225        0      204        0        0      237        0      211
            0      207        0      172        0      185        0      171
            0      213        0      246        0      255        0      234
            0      206        0      183        0      183        0        0

Atom Distribution No.    73 at run step   20845:

  Count of atoms assigned to each task:
            0        0      180        0      165        0      209        0
          225        0      237        0      228        0      219        0
          198        0      200        0      181        0      189        0
          184        0        0      194        0      234        0      240
            0      252        0      229        0      211        0      170
            0      186        0      204        0      233        0      251
            0      252        0      243        0        0      232        0
          214        0      213        0      208        0      240        0
          228        0      249        0      252        0      243        0
          228        0      226        0      240        0      270        0
            0      249        0      252        0      255        0      249
            0      255        0      267        0      270        0      264
            0      252        0      255        0      264        0      240
            0      258        0        0      252        0      240        0
          243        0      243        0      243        0      252        0
          246        0      240        0      246        0      237        0
          240        0      255        0      234        0        0      273
            0      258        0      243        0      246        0      261
            0      240        0      237        0      258        0      240
            0      246        0      228        0      211        0      229
            0        0      222        0      222        0      249        0
          228        0      230        0      232        0      213        0
          165        0      176        0      202        0      228        0
          222        0      225        0        0      240        0      203
            0      221        0      174        0      188        0      178
            0      223        0      234        0      255        0      260
            0      193        0      175        0      172        0        0

Atom Distribution No.    74 at run step   21138:

  Count of atoms assigned to each task:
            0        0      167        0      196        0      219        0
          243        0      219        0      237        0      224        0
          187        0      164        0      176        0      182        0
          197        0        0      207        0      245        0      246
            0      246        0      222        0      220        0      182
            0      197        0      190        0      222        0      231
            0      246        0      252        0        0      222        0
          227        0      212        0      215        0      241        0
          246        0      237        0      237        0      255        0
          222        0      223        0      237        0      243        0
            0      267        0      261        0      243        0      255
            0      252        0      258        0      252        0      258
            0      255        0      255        0      258        0      246
            0      258        0        0      243        0      243        0
          246        0      252        0      243        0      255        0
          246        0      240        0      237        0      240        0
          261        0      240        0      249        0        0      240
            0      249        0      246        0      258        0      252
            0      249        0      255        0      246        0      237
            0      252        0      225        0      233        0      210
            0        0      222        0      222        0      246        0
          231        0      221        0      224        0      220        0
          168        0      185        0      216        0      228        0
          228        0      231        0        0      236        0      217
            0      215        0      166        0      169        0      189
            0      239        0      231        0      255        0      237
            0      197        0      173        0      193        0        0

Atom Distribution No.    75 at run step   21434:

  Count of atoms assigned to each task:
            0        0      183        0      176        0      202        0
          231        0      237        0      240        0      219        0
          201        0      179        0      166        0      178        0
          182        0        0      185        0      219        0      237
            0      246        0      240        0      204        0      194
            0      208        0      206        0      208        0      238
            0      231        0      258        0        0      231        0
          214        0      212        0      206        0      223        0
          228        0      228        0      240        0      240        0
          243        0      216        0      253        0      246        0
            0      264        0      270        0      273        0      258
            0      249        0      273        0      246        0      261
            0      270        0      246        0      249        0      252
            0      267        0        0      243        0      234        0
          264        0      246        0      243        0      240        0
          249        0      252        0      237        0      243        0
          249        0      249        0      237        0        0      285
            0      243        0      258        0      279        0      252
            0      258        0      231        0      243        0      240
            0      243        0      237        0      220        0      220
            0        0      213        0      240        0      237        0
          225        0      221        0      229        0      226        0
          171        0      198        0      203        0      207        0
          243        0      231        0        0      232        0      209
            0      217        0      185        0      171        0      199
            0      208        0      234        0      246        0      242
            0      191        0      192        0      167        0        0

Atom Distribution No.    76 at run step   21726:

  Count of atoms assigned to each task:
            0        0      168        0      180        0      188        0
          223        0      237        0      237        0      224        0
          208        0      188        0      188        0      179        0
          184        0        0      190        0      235        0      243
            0      240        0      241        0      204        0      179
            0      190        0      215        0      212        0      234
            0      222        0      252        0        0      245        0
          211        0      235        0      219        0      216        0
          246        0      234        0      246        0      249        0
          243        0      237        0      228        0      255        0
            0      249        0      264        0      267        0      252
            0      249        0      243        0      249        0      252
            0      261        0      270        0      246        0      270
            0      261        0        0      249        0      237        0
          258        0      252        0      237        0      231        0
          243        0      228        0      249        0      255        0
          237        0      243        0      231        0        0      267
            0      255        0      240        0      264        0      267
            0      246        0      252        0      243        0      228
            0      249        0      249        0      220        0      220
            0        0      221        0      239        0      240        0
          222        0      230        0      200        0      229        0
          164        0      191        0      209        0      234        0
          228        0      219        0        0      239        0      205
            0      217        0      184        0      175        0      183
            0      241        0      240        0      261        0      228
            0      207        0      175        0      169        0        0

Atom Distribution No.    77 at run step   22020:

  Count of atoms assigned to each task:
            0        0      184        0      180        0      210        0
          219        0      216        0      240        0      216        0
          207        0      173        0      170        0      172        0
          171        0        0      200        0      227        0      234
            0      252        0      239        0      206        0      185
            0      185        0      213        0      211        0      221
            0      255        0      249        0        0      228        0
          224        0      217        0      207        0      221        0
          252        0      243        0      246        0      252        0
          234        0      230        0      255        0      240        0
            0      255        0      243        0      255        0      261
            0      258        0      249        0      234        0      255
            0      258        0      270        0      267        0      237
            0      270        0        0      249        0      246        0
          246        0      261        0      231        0      243        0
          252        0      228        0      237        0      246        0
          252        0      246        0      231        0        0      261
            0      264        0      255        0      258        0      270
            0      246        0      258        0      249        0      240
            0      246        0      237        0      229        0      228
            0        0      226        0      222        0      240        0
          213        0      227        0      215        0      201        0
          192        0      195        0      218        0      240        0
          231        0      237        0        0      220        0      226
            0      201        0      186        0      180        0      168
            0      231        0      237        0      237        0      240
            0      212        0      168        0      190        0        0

Atom Distribution No.    78 at run step   22315:

  Count of atoms assigned to each task:
            0        0      177        0      194        0      195        0
          220        0      240        0      240        0      224        0
          192        0      175        0      175        0      169        0
          184        0        0      194        0      243        0      231
            0      258        0      234        0      195        0      189
            0      197        0      213        0      207        0      220
            0      249        0      246        0        0      246        0
          226        0      216        0      216        0      245        0
          258        0      234        0      243        0      234        0
          264        0      228        0      216        0      237        0
            0      237        0      264        0      264        0      264
            0      249        0      246        0      249        0      249
            0      270        0      255        0      267        0      258
            0      267        0        0      243        0      243        0
          246        0      237        0      240        0      243        0
          258        0      231        0      255        0      249        0
          231        0      246        0      243        0        0      261
            0      261        0      258        0      258        0      267
            0      252        0      243        0      249        0      240
            0      228        0      237        0      235        0      227
            0        0      218        0      242        0      231        0
          225        0      215        0      206        0      228        0
          176        0      166        0      223        0      243        0
          240        0      234        0        0      226        0      204
            0      203        0      170        0      177        0      190
            0      223        0      237        0      243        0      245
            0      198        0      176        0      175        0        0

Atom Distribution No.    79 at run step   22615:

  Count of atoms assigned to each task:
            0        0      173        0      187        0      195        0
          222        0      240        0      228        0      230        0
          211        0      183        0      188        0      181        0
          185        0        0      188        0      218        0      252
            0      234        0      237        0      195        0      183
            0      180        0      209        0      201        0      248
            0      264        0      252        0        0      236        0
          217        0      231        0      205        0      239        0
          255        0      219        0      237        0      255        0
          237        0      238        0      234        0      228        0
            0      252        0      252        0      264        0      258
            0      261        0      261        0      258        0      249
            0      258        0      264        0      252        0      261
            0      255        0        0      231        0      237        0
          243        0      246        0      237        0      237        0
          237        0      252        0      252        0      243        0
          246        0      246        0      258        0        0      243
            0      264        0      255        0      246        0      261
            0      255        0      252        0      243        0      246
            0      249        0      219        0      243        0      237
            0        0      224        0      228        0      234        0
          228        0      227        0      217        0      220        0
          164        0      190        0      199        0      219        0
          243        0      234        0        0      223        0      215
            0      206        0      166        0      177        0      180
            0      248        0      249        0      252        0      226
            0      194        0      184        0      173        0        0

Atom Distribution No.    80 at run step   22911:

  Count of atoms assigned to each task:
            0        0      177        0      194        0      184        0
          232        0      237        0      231        0      229        0
          201        0      170        0      185        0      183        0
          184        0        0      189        0      247        0      228
            0      255        0      230        0      203        0      197
            0      196        0      207        0      212        0      219
            0      246        0      240        0        0      231        0
          212        0      207        0      208        0      235        0
          249        0      246        0      249        0      234        0
          243        0      219        0      243        0      237        0
            0      249        0      252        0      258        0      258
            0      255        0      267        0      249        0      249
            0      261        0      261        0      249        0      255
            0      255        0        0      237        0      255        0
          255        0      234        0      246        0      243        0
          228        0      252        0      255        0      231        0
          255        0      258        0      240        0        0      258
            0      264        0      267        0      249        0      267
            0      258        0      255        0      264        0      234
            0      240        0      237        0      236        0      223
            0        0      218        0      228        0      243        0
          213        0      239        0      209        0      214        0
          165        0      184        0      218        0      213        0
          225        0      234        0        0      224        0      210
            0      209        0      186        0      170        0      211
            0      226        0      237        0      243        0      229
            0      187        0      179        0      196        0        0

Atom Distribution No.    81 at run step   23216:

  Count of atoms assigned to each task:
            0        0      163        0      199        0      205        0
          230        0      225        0      234        0      232        0
          197        0      173        0      187        0      194        0
          185        0        0      209        0      236        0      243
            0      228        0      241        0      204        0      192
            0      190        0      203        0      221        0      236
            0      246        0      231        0        0      230        0
          216        0      212        0      214        0      252        0
          249        0      246        0      252        0      243        0
          240        0      237        0      249        0      231        0
            0      258        0      261        0      258        0      273
            0      249        0      258        0      252        0      264
            0      264        0      255        0      258        0      255
            0      249        0        0      249        0      237        0
          252        0      237        0      249        0      231        0
          243        0      255        0      234        0      249        0
          237        0      249        0      228        0        0      246
            0      261        0      249        0      273        0      261
            0      249        0      234        0      255        0      228
            0      222        0      237        0      221        0      212
            0        0      231        0      218        0      237        0
          231        0      242        0      194        0      224        0
          170        0      167        0      224        0      222        0
          237        0      222        0        0      230        0      214
            0      208        0      176        0      174        0      188
            0      259        0      240        0      249        0      231
            0      199        0      172        0      172        0        0

Atom Distribution No.    82 at run step   23513:

  Count of atoms assigned to each task:
            0        0      175        0      187        0      208        0
          212        0      231        0      225        0      225        0
          193        0      177        0      192        0      192        0
          177        0        0      222        0      252        0      249
            0      246        0      239        0      192        0      168
            0      182        0      194        0      242        0      227
            0      261        0      249        0        0      226        0
          207        0      217        0      238        0      243        0
          234        0      222        0      234        0      234        0
          249        0      233        0      240        0      249        0
            0      258        0      264        0      270        0      246
            0      249        0      249        0      270        0      255
            0      276        0      258        0      246        0      273
            0      258        0        0      234        0      237        0
          243        0      240        0      249        0      243        0
          246        0      243        0      237        0      240        0
          240        0      255        0      225        0        0      261
            0      261        0      261        0      270        0      264
            0      249        0      246        0      255        0      231
            0      234        0      226        0      217        0      225
            0        0      211        0      228        0      243        0
          210        0      244        0      206        0      212        0
          164        0      173        0      221        0      228        0
          228        0      243        0        0      220        0      189
            0      218        0      169        0      199        0      189
            0      230        0      264        0      246        0      229
            0      205        0      177        0      165        0        0

Atom Distribution No.    83 at run step   23815:

  Count of atoms assigned to each task:
            0        0      177        0      181        0      211        0
          210        0      243        0      225        0      230        0
          192        0      166        0      179        0      170        0
          187        0        0      206        0      257        0      231
            0      258        0      235        0      185        0      185
            0      198        0      207        0      222        0      224
            0      255        0      240        0        0      220        0
          231        0      193        0      230        0      235        0
          237        0      231        0      249        0      246        0
          240        0      231        0      243        0      252        0
            0      264        0      261        0      240        0      261
            0      258        0      240        0      249        0      252
            0      279        0      246        0      273        0      264
            0      258        0        0      225        0      243        0
          249        0      252        0      249        0      240        0
          234        0      240        0      246        0      234        0
          231        0      243        0      252        0        0      255
            0      261        0      261        0      255        0      270
            0      249        0      231        0      243        0      255
            0      222        0      240        0      217        0      215
            0        0      212        0      234        0      246        0
          243        0      224        0      215        0      225        0
          179        0      181        0      219        0      231        0
          240        0      228        0        0      224        0      212
            0      212        0      188        0      182        0      214
            0      235        0      231        0      240        0      226
            0      187        0      184        0      177        0        0

Atom Distribution No.    84 at run step   24109:

  Count of atoms assigned to each task:
            0        0      176        0      192        0      212        0
          226        0      219        0      231        0      219        0
          203        0      198        0      167        0      188        0
          183        0        0      212        0      225        0      237
            0      258        0      221        0      186        0      191
            0      209        0      196        0      216        0      246
            0      249        0      246        0        0      224        0
          222        0      205        0      214        0      228        0
          237        0      240        0      237        0      237        0
          240        0      235        0      240        0      258        0
            0      258        0      246        0      252        0      258
            0      267        0      252        0      270        0      246
            0      261        0      273        0      258        0      273
            0      249        0        0      234        0      249        0
          246        0      249        0      252        0      240        0
          243        0      231        0      246        0      243        0
          243        0      222        0      252        0        0      249
            0      273        0      252        0      264        0      258
            0      249        0      258        0      249        0      246
            0      243        0      228        0      224        0      225
            0        0      213        0      225        0      246        0
          231        0      238        0      222        0      219        0
          168        0      162        0      210        0      240        0
          246        0      240        0        0      214        0      205
            0      190        0      175        0      175        0      197
            0      244        0      243        0      234        0      219
            0      191        0      185        0      172        0        0

Atom Distribution No.    85 at run step   24409:

  Count of atoms assigned to each task:
            0        0      167        0      197        0      213        0
          217        0      234        0      222        0      219        0
          190        0      199        0      197        0      184        0
          193        0        0      210        0      222        0      246
            0      249        0      227        0      199        0      173
            0      200        0      222        0      234        0      222
            0      249        0      249        0        0      227        0
          204        0      212        0      206        0      252        0
          237        0      246        0      246        0      243        0
          234        0      223        0      255        0      225        0
            0      267        0      258        0      243        0      273
            0      264        0      246        0      243        0      261
            0      279        0      252        0      267        0      252
            0      261        0        0      237        0      252        0
          243        0      246        0      255        0      240        0
          249        0      234        0      237        0      228        0
          249        0      261        0      240        0        0      285
            0      246        0      255        0      240        0      258
            0      243        0      252        0      249        0      249
            0      237        0      250        0      225        0      223
            0        0      230        0      222        0      231        0
          222        0      214        0      216        0      204        0
          173        0      163        0      214        0      225        0
          240        0      231        0        0      223        0      195
            0      207        0      192        0      175        0      194
            0      238        0      246        0      240        0      231
            0      173        0      191        0      175        0        0

Atom Distribution No.    86 at run step   24708:

  Count of atoms assigned to each task:
            0        0      195        0      175        0      202        0
          216        0      240        0      222        0      212        0
          209        0      202        0      182        0      181        0
          200        0        0      211        0      240        0      234
            0      243        0      245        0      205        0      165
            0      207        0      222        0      234        0      243
            0      255        0      258        0        0      215        0
          209        0      199        0      219        0      252        0
          237        0      231        0      249        0      228        0
          237        0      228        0      243        0      240        0
            0      258        0      249        0      243        0      267
            0      255        0      252        0      237        0      264
            0      291        0      255        0      246        0      261
            0      249        0        0      252        0      234        0
          249        0      234        0      252        0      240        0
          237        0      240        0      243        0      234        0
          249        0      246        0      240        0        0      264
            0      246        0      270        0      243        0      276
            0      246        0      261        0      243        0      246
            0      240        0      220        0      225        0      210
            0        0      214        0      219        0      255        0
          234        0      211        0      203        0      211        0
          186        0      183        0      208        0      234        0
          228        0      216        0        0      234        0      211
            0      211        0      178        0      179        0      191
            0      223        0      255        0      246        0      229
            0      201        0      176        0      170        0        0

Atom Distribution No.    87 at run step   25001:

  Count of atoms assigned to each task:
            0        0      168        0      193        0      205        0
          229        0      234        0      237        0      213        0
          184        0      170        0      175        0      178        0
          194        0        0      224        0      241        0      225
            0      249        0      247        0      173        0      192
            0      205        0      216        0      241        0      249
            0      240        0      234        0        0      234        0
          205        0      208        0      229        0      236        0
          243        0      228        0      243        0      234        0
          228        0      240        0      231        0      246        0
            0      246        0      261        0      255        0      261
            0      267        0      252        0      258        0      261
            0      258        0      255        0      249        0      270
            0      243        0        0      243        0      237        0
          261        0      246        0      240        0      249        0
          246        0      240        0      234        0      246        0
          258        0      252        0      243        0        0      255
            0      276        0      237        0      246        0      240
            0      234        0      258        0      243        0      249
            0      216        0      264        0      215        0      211
            0        0      217        0      230        0      252        0
          237        0      227        0      212        0      213        0
          176        0      204        0      217        0      231        0
          243        0      243        0        0      226        0      204
            0      184        0      182        0      184        0      202
            0      246        0      240        0      234        0      224
            0      191        0      181        0      162        0        0

Atom Distribution No.    88 at run step   25299:

  Count of atoms assigned to each task:
            0        0      189        0      193        0      198        0
          229        0      225        0      252        0      231        0
          192        0      184        0      166        0      192        0
          175        0        0      202        0      228        0      249
            0      243        0      242        0      182        0      198
            0      181        0      205        0      223        0      242
            0      228        0      240        0        0      224        0
          225        0      215        0      236        0      230        0
          240        0      249        0      237        0      261        0
          246        0      222        0      240        0      240        0
            0      264        0      249        0      273        0      243
            0      264        0      255        0      240        0      240
            0      255        0      261        0      270        0      255
            0      255        0        0      237        0      246        0
          243        0      249        0      237        0      243        0
          252        0      240        0      234        0      240        0
          243        0      234        0      249        0        0      261
            0      252        0      246        0      249        0      255
            0      255        0      243        0      267        0      234
            0      231        0      243        0      238        0      212
            0        0      228        0      233        0      240        0
          249        0      233        0      218        0      211        0
          169        0      181        0      218        0      216        0
          240        0      222        0        0      228        0      216
            0      196        0      172        0      188        0      188
            0      245        0      240        0      243        0      239
            0      179        0      181        0      174        0        0

Atom Distribution No.    89 at run step   25601:

  Count of atoms assigned to each task:
            0        0      195        0      195        0      203        0
          210        0      246        0      237        0      225        0
          202        0      190        0      183        0      188        0
          178        0        0      198        0      236        0      246
            0      255        0      233        0      197        0      192
            0      195        0      201        0      230        0      222
            0      237        0      246        0        0      235        0
          232        0      216        0      214        0      240        0
          237        0      231        0      243        0      225        0
          252        0      219        0      255        0      243        0
            0      246        0      252        0      246        0      273
            0      267        0      249        0      246        0      243
            0      258        0      246        0      252        0      246
            0      261        0        0      240        0      243        0
          261        0      246        0      246        0      255        0
          249        0      240        0      237        0      234        0
          234        0      249        0      237        0        0      267
            0      249        0      261        0      252        0      246
            0      249        0      234        0      252        0      246
            0      246        0      255        0      230        0      199
            0        0      224        0      234        0      243        0
          225        0      239        0      220        0      230        0
          171        0      187        0      222        0      228        0
          249        0      219        0        0      217        0      201
            0      191        0      186        0      163        0      199
            0      222        0      243        0      234        0      229
            0      182        0      205        0      171        0        0

Atom Distribution No.    90 at run step   25903:

  Count of atoms assigned to each task:
            0        0      174        0      179        0      202        0
          223        0      246        0      225        0      219        0
          192        0      196        0      187        0      176        0
          190        0        0      212        0      238        0      252
            0      231        0      227        0      191        0      196
            0      181        0      210        0      257        0      246
            0      237        0      243        0        0      245        0
          209        0      210        0      225        0      237        0
          243        0      234        0      246        0      243        0
          243        0      236        0      237        0      258        0
            0      249        0      249        0      249        0      258
            0      264        0      252        0      231        0      243
            0      267        0      252        0      249        0      258
            0      252        0        0      240        0      240        0
          255        0      240        0      240        0      255        0
          249        0      243        0      231        0      249        0
          243        0      231        0      252        0        0      267
            0      252        0      252        0      255        0      255
            0      252        0      243        0      246        0      252
            0      234        0      252        0      223        0      227
            0        0      220        0      225        0      240        0
          237        0      218        0      224        0      202        0
          158        0      173        0      213        0      246        0
          237        0      225        0        0      214        0      214
            0      203        0      199        0      166        0      202
            0      234        0      249        0      246        0      229
            0      182        0      186        0      169        0        0

Atom Distribution No.    91 at run step   26204:

  Count of atoms assigned to each task:
            0        0      186        0      172        0      207        0
          235        0      228        0      237        0      216        0
          212        0      156        0      169        0      198        0
          171        0        0      209        0      223        0      249
            0      234        0      231        0      202        0      200
            0      193        0      203        0      233        0      240
            0      258        0      246        0        0      220        0
          227        0      224        0      219        0      232        0
          228        0      237        0      237        0      234        0
          231        0      229        0      246        0      246        0
            0      252        0      249        0      264        0      264
            0      264        0      249        0      261        0      261
            0      252        0      252        0      261        0      264
            0      258        0        0      240        0      240        0
          252        0      243        0      258        0      249        0
          225        0      243        0      246        0      249        0
          246        0      240        0      234        0        0      261
            0      276        0      231        0      261        0      261
            0      237        0      252        0      252        0      258
            0      231        0      246        0      220        0      224
            0        0      224        0      237        0      222        0
          210        0      230        0      208        0      208        0
          170        0      183        0      221        0      240        0
          234        0      222        0        0      236        0      207
            0      208        0      167        0      181        0      192
            0      232        0      243        0      249        0      237
            0      192        0      182        0      179        0        0

Atom Distribution No.    92 at run step   26499:

  Count of atoms assigned to each task:
            0        0      183        0      196        0      207        0
          221        0      228        0      234        0      216        0
          210        0      190        0      182        0      175        0
          168        0        0      218        0      230        0      231
            0      255        0      230        0      218        0      183
            0      187        0      224        0      235        0      251
            0      243        0      234        0        0      235        0
          200        0      219        0      217        0      222        0
          234        0      246        0      246        0      234        0
          246        0      248        0      243        0      240        0
            0      258        0      246        0      264        0      258
            0      258        0      231        0      258        0      255
            0      255        0      255        0      252        0      255
            0      261        0        0      243        0      258        0
          246        0      252        0      246        0      252        0
          246        0      234        0      264        0      234        0
          255        0      249        0      237        0        0      255
            0      270        0      246        0      243        0      246
            0      234        0      243        0      261        0      234
            0      228        0      240        0      231        0      228
            0        0      232        0      231        0      228        0
          237        0      224        0      213        0      206        0
          172        0      190        0      219        0      231        0
          240        0      225        0        0      215        0      206
            0      204        0      190        0      152        0      198
            0      230        0      246        0      240        0      238
            0      185        0      177        0      169        0        0

Atom Distribution No.    93 at run step   26798:

  Count of atoms assigned to each task:
            0        0      194        0      196        0      212        0
          232        0      234        0      237        0      219        0
          208        0      170        0      163        0      182        0
          172        0        0      214        0      217        0      231
            0      246        0      227        0      203        0      193
            0      196        0      222        0      239        0      240
            0      240        0      237        0        0      222        0
          230        0      221        0      209        0      243        0
          237        0      240        0      249        0      234        0
          249        0      220        0      229        0      243        0
            0      252        0      270        0      237        0      261
            0      255        0      261        0      249        0      249
            0      270        0      249        0      249        0      255
            0      246        0        0      243        0      252        0
          249        0      231        0      255        0      246        0
          237        0      240        0      249        0      231        0
          252        0      246        0      249        0        0      258
            0      258        0      249        0      258        0      249
            0      234        0      249        0      243        0      252
            0      228        0      252        0      198        0      229
            0        0      231        0      227        0      216        0
          219        0      230        0      205        0      211        0
          176        0      177        0      207        0      236        0
          234        0      237        0        0      219        0      205
            0      210        0      183        0      191        0      189
            0      256        0      243        0      249        0      234
            0      198        0      211        0      174        0        0

Atom Distribution No.    94 at run step   27100:

  Count of atoms assigned to each task:
            0        0      169        0      210        0      207        0
          223        0      234        0      252        0      227        0
          207        0      189        0      184        0      184        0
          172        0        0      199        0      236        0      252
            0      231        0      233        0      196        0      204
            0      211        0      221        0      207        0      225
            0      240        0      243        0        0      232        0
          217        0      202        0      217        0      219        0
          246        0      237        0      246        0      255        0
          243        0      220        0      232        0      249        0
            0      279        0      255        0      252        0      264
            0      243        0      249        0      252        0      255
            0      252        0      246        0      264        0      264
            0      249        0        0      249        0      240        0
          243        0      240        0      249        0      255        0
          237        0      237        0      237        0      249        0
          240        0      258        0      246        0        0      282
            0      249        0      240        0      279        0      261
            0      237        0      234        0      234        0      237
            0      237        0      248        0      218        0      223
            0        0      226        0      222        0      240        0
          231        0      227        0      230        0      201        0
          162        0      182        0      151        0      222        0
          240        0      219        0        0      246        0      226
            0      166        0      230        0      177        0      213
            0      228        0      249        0      237        0      248
            0      198        0      167        0      166        0        0

Atom Distribution No.    95 at run step   27394:

  Count of atoms assigned to each task:
            0        0      181        0      201        0      195        0
          239        0      228        0      231        0      217        0
          197        0      166        0      162        0      185        0
          200        0        0      207        0      235        0      246
            0      237        0      237        0      209        0      207
            0      180        0      208        0      212        0      255
            0      249        0      246        0        0      224        0
          219        0      208        0      223        0      240        0
          240        0      228        0      234        0      243        0
          249        0      226        0      222        0      255        0
            0      249        0      252        0      261        0      255
            0      255        0      255        0      270        0      270
            0      252        0      261        0      279        0      255
            0      261        0        0      240        0      243        0
          258        0      243        0      246        0      246        0
          234        0      243        0      234        0      243        0
          237        0      252        0      258        0        0      258
            0      264        0      243        0      270        0      261
            0      243        0      249        0      243        0      237
            0      234        0      244        0      209        0      209
            0        0      233        0      225        0      231        0
          234        0      232        0      197        0      212        0
          196        0      171        0      189        0      219        0
          219        0      219        0        0      227        0      201
            0      197        0      195        0      188        0      190
            0      237        0      255        0      252        0      224
            0      194        0      186        0      178        0        0

Atom Distribution No.    96 at run step   27695:

  Count of atoms assigned to each task:
            0        0      175        0      201        0      203        0
          228        0      231        0      246        0      231        0
          185        0      188        0      172        0      174        0
          175        0        0      192        0      250        0      243
            0      249        0      237        0      201        0      202
            0      186        0      210        0      246        0      248
            0      246        0      240        0        0      246        0
          221        0      217        0      230        0      252        0
          231        0      225        0      243        0      246        0
          243        0      216        0      225        0      267        0
            0      249        0      258        0      264        0      264
            0      255        0      252        0      264        0      264
            0      267        0      243        0      273        0      264
            0      252        0        0      255        0      252        0
          234        0      240        0      267        0      234        0
          243        0      240        0      240        0      240        0
          243        0      249        0      237        0        0      252
            0      255        0      240        0      255        0      261
            0      255        0      234        0      237        0      252
            0      240        0      237        0      216        0      224
            0        0      215        0      216        0      225        0
          237        0      222        0      214        0      210        0
          175        0      169        0      209        0      222        0
          234        0      228        0        0      231        0      217
            0      201        0      176        0      159        0      197
            0      217        0      234        0      252        0      242
            0      177        0      180        0      177        0        0

Atom Distribution No.    97 at run step   27995:

  Count of atoms assigned to each task:
            0        0      172        0      195        0      208        0
          221        0      231        0      246        0      222        0
          216        0      188        0      176        0      189        0
          156        0        0      214        0      231        0      243
            0      240        0      227        0      205        0      181
            0      209        0      221        0      225        0      234
            0      252        0      249        0        0      242        0
          214        0      233        0      220        0      255        0
          246        0      243        0      252        0      243        0
          238        0      223        0      258        0      261        0
            0      240        0      267        0      255        0      261
            0      258        0      246        0      258        0      249
            0      258        0      258        0      264        0      246
            0      246        0        0      243        0      252        0
          237        0      255        0      243        0      258        0
          231        0      249        0      249        0      246        0
          237        0      249        0      243        0        0      240
            0      252        0      252        0      231        0      246
            0      228        0      240        0      255        0      228
            0      252        0      236        0      224        0      225
            0        0      217        0      246        0      228        0
          231        0      225        0      211        0      190        0
          175        0      182        0      201        0      213        0
          222        0      225        0        0      223        0      217
            0      214        0      158        0      191        0      193
            0      221        0      264        0      222        0      249
            0      208        0      175        0      171        0        0

Atom Distribution No.    98 at run step   28296:

  Count of atoms assigned to each task:
            0        0      178        0      184        0      210        0
          234        0      237        0      234        0      225        0
          204        0      167        0      179        0      183        0
          192        0        0      215        0      238        0      246
            0      219        0      224        0      216        0      180
            0      209        0      229        0      210        0      258
            0      252        0      249        0        0      236        0
          209        0      212        0      226        0      259        0
          234        0      252        0      246        0      246        0
          228        0      234        0      252        0      261        0
            0      243        0      276        0      252        0      261
            0      249        0      258        0      246        0      255
            0      255        0      240        0      258        0      276
            0      243        0        0      243        0      264        0
          240        0      237        0      243        0      261        0
          246        0      252        0      237        0      246        0
          237        0      246        0      252        0        0      252
            0      249        0      261        0      252        0      252
            0      231        0      225        0      252        0      225
            0      249        0      228        0      233        0      232
            0        0      213        0      237        0      225        0
          228        0      230        0      215        0      191        0
          165        0      179        0      200        0      219        0
          228        0      228        0        0      243        0      226
            0      212        0      172        0      169        0      166
            0      239        0      231        0      240        0      245
            0      191        0      173        0      169        0        0

Atom Distribution No.    99 at run step   28593:

  Count of atoms assigned to each task:
            0        0      178        0      181        0      199        0
          235        0      237        0      225        0      232        0
          212        0      179        0      191        0      188        0
          169        0        0      210        0      219        0      246
            0      252        0      210        0      213        0      192
            0      196        0      223        0      231        0      255
            0      264        0      239        0        0      225        0
          217        0      202        0      230        0      237        0
          231        0      249        0      234        0      252        0
          246        0      222        0      240        0      237        0
            0      270        0      240        0      255        0      240
            0      258        0      264        0      249        0      273
            0      252        0      246        0      270        0      243
            0      273        0        0      258        0      261        0
          240        0      237        0      252        0      252        0
          252        0      228        0      243        0      261        0
          237        0      240        0      231        0        0      255
            0      243        0      267        0      243        0      240
            0      255        0      219        0      249        0      228
            0      258        0      236        0      209        0      224
            0        0      222        0      222        0      234        0
          240        0      232        0      205        0      196        0
          171        0      178        0      197        0      234        0
          216        0      222        0        0      234        0      229
            0      206        0      176        0      176        0      207
            0      222        0      237        0      273        0      233
            0      197        0      179        0      171        0        0

Atom Distribution No.   100 at run step   28890:

  Count of atoms assigned to each task:
            0        0      180        0      173        0      206        0
          213        0      246        0      249        0      225        0
          187        0      200        0      162        0      193        0
          179        0        0      221        0      255        0      237
            0      252        0      205        0      177        0      210
            0      198        0      240        0      252        0      243
            0      267        0      239        0        0      209        0
          214        0      231        0      232        0      264        0
          255        0      240        0      228        0      234        0
          232        0      238        0      231        0      261        0
            0      258        0      249        0      240        0      258
            0      255        0      264        0      258        0      258
            0      267        0      261        0      255        0      270
            0      249        0        0      237        0      243        0
          252        0      240        0      246        0      243        0
          243        0      252        0      228        0      243        0
          249        0      240        0      246        0        0      261
            0      240        0      249        0      258        0      264
            0      228        0      231        0      249        0      237
            0      237        0      240        0      209        0      207
            0        0      218        0      237        0      237        0
          239        0      218        0      219        0      193        0
          170        0      175        0      207        0      228        0
          222        0      249        0        0      220        0      215
            0      215        0      183        0      178        0      183
            0      228        0      249        0      237        0      235
            0      177        0      171        0      163        0        0

Atom Distribution No.   101 at run step   29183:

  Count of atoms assigned to each task:
            0        0      175        0      182        0      195        0
          222        0      237        0      246        0      216        0
          191        0      171        0      171        0      170        0
          199        0        0      210        0      238        0      243
            0      234        0      223        0      182        0      169
            0      218        0      208        0      250        0      265
            0      240        0      243        0        0      227        0
          205        0      217        0      230        0      244        0
          249        0      237        0      255        0      255        0
          222        0      223        0      229        0      270        0
            0      267        0      243        0      270        0      249
            0      249        0      261        0      237        0      267
            0      252        0      258        0      252        0      255
            0      237        0        0      240        0      246        0
          243        0      249        0      246        0      237        0
          246        0      243        0      252        0      240        0
          243        0      240        0      240        0        0      267
            0      252        0      255        0      252        0      255
            0      246        0      234        0      255        0      240
            0      234        0      234        0      231        0      233
            0        0      236        0      237        0      234        0
          234        0      246        0      217        0      185        0
          180        0      191        0      220        0      228        0
          234        0      219        0        0      236        0      225
            0      175        0      173        0      178        0      208
            0      237        0      237        0      243        0      222
            0      193        0      175        0      184        0        0

Atom Distribution No.   102 at run step   29483:

  Count of atoms assigned to each task:
            0        0      166        0      189        0      200        0
          219        0      234        0      228        0      228        0
          208        0      191        0      160        0      167        0
          173        0        0      223        0      227        0      240
            0      252        0      218        0      198        0      199
            0      214        0      192        0      240        0      239
            0      246        0      245        0        0      240        0
          218        0      216        0      226        0      250        0
          252        0      246        0      237        0      240        0
          228        0      238        0      234        0      255        0
            0      252        0      258        0      240        0      249
            0      270        0      246        0      261        0      267
            0      261        0      264        0      264        0      255
            0      222        0        0      249        0      243        0
          234        0      255        0      252        0      240        0
          240        0      246        0      231        0      231        0
          237        0      255        0      249        0        0      261
            0      261        0      243        0      261        0      264
            0      240        0      246        0      252        0      252
            0      231        0      240        0      233        0      222
            0        0      224        0      228        0      231        0
          234        0      219        0      227        0      188        0
          174        0      188        0      205        0      231        0
          243        0      225        0        0      226        0      210
            0      182        0      192        0      176        0      180
            0      240        0      252        0      240        0      242
            0      182        0      181        0      185        0        0

Atom Distribution No.   103 at run step   29767:

  Count of atoms assigned to each task:
            0        0      172        0      198        0      208        0
          216        0      246        0      237        0      216        0
          181        0      173        0      174        0      182        0
          213        0        0      217        0      240        0      234
            0      243        0      235        0      191        0      203
            0      196        0      223        0      225        0      258
            0      240        0      236        0        0      238        0
          217        0      224        0      235        0      253        0
          228        0      246        0      225        0      243        0
          243        0      214        0      253        0      234        0
            0      270        0      249        0      249        0      261
            0      243        0      240        0      249        0      267
            0      270        0      264        0      261        0      246
            0      258        0        0      237        0      252        0
          240        0      231        0      246        0      252        0
          243        0      255        0      255        0      231        0
          225        0      255        0      252        0        0      255
            0      261        0      252        0      255        0      270
            0      267        0      222        0      252        0      225
            0      243        0      257        0      221        0      220
            0        0      220        0      222        0      243        0
          222        0      227        0      221        0      197        0
          158        0      195        0      219        0      225        0
          237        0      219        0        0      224        0      211
            0      198        0      178        0      183        0      190
            0      234        0      219        0      240        0      227
            0      203        0      167        0      168        0        0

Atom Distribution No.   104 at run step   30060:

  Count of atoms assigned to each task:
            0        0      162        0      193        0      198        0
          205        0      231        0      243        0      237        0
          217        0      178        0      168        0      165        0
          170        0        0      195        0      228        0      246
            0      243        0      213        0      208        0      196
            0      191        0      215        0      231        0      232
            0      249        0      243        0        0      249        0
          214        0      211        0      226        0      242        0
          255        0      249        0      228        0      225        0
          252        0      216        0      239        0      252        0
            0      264        0      255        0      246        0      261
            0      234        0      252        0      246        0      252
            0      267        0      264        0      258        0      258
            0      243        0        0      243        0      246        0
          246        0      246        0      249        0      246        0
          246        0      240        0      246        0      246        0
          225        0      237        0      252        0        0      249
            0      255        0      246        0      270        0      270
            0      249        0      246        0      252        0      258
            0      240        0      237        0      223        0      217
            0        0      227        0      245        0      234        0
          234        0      213        0      228        0      193        0
          200        0      205        0      213        0      234        0
          237        0      228        0        0      231        0      212
            0      198        0      177        0      182        0      187
            0      235        0      240        0      240        0      231
            0      182        0      187        0      170        0        0

Atom Distribution No.   105 at run step   30356:

  Count of atoms assigned to each task:
            0        0      172        0      193        0      192        0
          208        0      234        0      246        0      225        0
          211        0      186        0      181        0      184        0
          170        0        0      184        0      222        0      246
            0      240        0      254        0      203        0      176
            0      204        0      215        0      216        0      238
            0      246        0      237        0        0      224        0
          226        0      215        0      220        0      244        0
          240        0      249        0      222        0      252        0
          231        0      218        0      225        0      243        0
            0      273        0      264        0      252        0      255
            0      261        0      246        0      264        0      252
            0      246        0      246        0      255        0      261
            0      252        0        0      243        0      246        0
          243        0      264        0      243        0      243        0
          264        0      234        0      237        0      243        0
          246        0      243        0      240        0        0      267
            0      243        0      240        0      264        0      282
            0      240        0      246        0      246        0      237
            0      234        0      252        0      218        0      217
            0        0      233        0      225        0      231        0
          234        0      213        0      215        0      217        0
          158        0      170        0      217        0      222        0
          249        0      228        0        0      243        0      217
            0      210        0      182        0      195        0      201
            0      237        0      234        0      225        0      261
            0      198        0      165        0      184        0        0

Atom Distribution No.   106 at run step   30645:

  Count of atoms assigned to each task:
            0        0      176        0      187        0      195        0
          226        0      225        0      240        0      225        0
          222        0      184        0      174        0      190        0
          170        0        0      203        0      222        0      243
            0      246        0      233        0      199        0      191
            0      204        0      208        0      227        0      237
            0      222        0      240        0        0      237        0
          215        0      208        0      216        0      226        0
          231        0      228        0      246        0      240        0
          234        0      222        0      238        0      252        0
            0      267        0      276        0      249        0      252
            0      267        0      246        0      273        0      258
            0      276        0      264        0      255        0      279
            0      243        0        0      240        0      234        0
          240        0      243        0      237        0      246        0
          252        0      231        0      249        0      249        0
          246        0      255        0      237        0        0      267
            0      258        0      252        0      258        0      279
            0      237        0      249        0      219        0      255
            0      234        0      242        0      216        0      223
            0        0      223        0      234        0      246        0
          228        0      236        0      215        0      220        0
          176        0      175        0      210        0      225        0
          231        0      219        0        0      239        0      205
            0      211        0      160        0      179        0      204
            0      218        0      237        0      240        0      240
            0      200        0      158        0      194        0        0

Atom Distribution No.   107 at run step   30947:

  Count of atoms assigned to each task:
            0        0      175        0      190        0      187        0
          225        0      228        0      237        0      207        0
          211        0      179        0      185        0      183        0
          176        0        0      206        0      225        0      225
            0      249        0      228        0      208        0      202
            0      200        0      207        0      215        0      232
            0      246        0      246        0        0      215        0
          215        0      215        0      222        0      242        0
          243        0      243        0      225        0      246        0
          252        0      229        0      244        0      252        0
            0      252        0      273        0      264        0      252
            0      267        0      252        0      252        0      249
            0      264        0      258        0      234        0      276
            0      252        0        0      243        0      243        0
          252        0      249        0      240        0      231        0
          246        0      252        0      255        0      237        0
          228        0      249        0      249        0        0      273
            0      267        0      234        0      261        0      267
            0      255        0      234        0      240        0      249
            0      237        0      246        0      219        0      223
            0        0      221        0      225        0      237        0
          240        0      237        0      210        0      217        0
          184        0      200        0      215        0      222        0
          225        0      222        0        0      216        0      203
            0      204        0      178        0      171        0      180
            0      230        0      249        0      243        0      240
            0      203        0      178        0      169        0        0

Atom Distribution No.   108 at run step   31237:

  Count of atoms assigned to each task:
            0        0      173        0      184        0      186        0
          216        0      234        0      234        0      231        0
          200        0      179        0      151        0      175        0
          164        0        0      198        0      230        0      243
            0      246        0      249        0      200        0      198
            0      197        0      213        0      218        0      238
            0      234        0      246        0        0      235        0
          219        0      227        0      222        0      236        0
          246        0      225        0      237        0      234        0
          246        0      218        0      241        0      255        0
            0      255        0      255        0      261        0      258
            0      264        0      255        0      246        0      264
            0      264        0      252        0      255        0      261
            0      258        0        0      255        0      237        0
          261        0      243        0      255        0      255        0
          243        0      246        0      234        0      246        0
          249        0      264        0      258        0        0      267
            0      258        0      240        0      252        0      264
            0      246        0      255        0      210        0      231
            0      249        0      233        0      214        0      223
            0        0      209        0      213        0      237        0
          231        0      240        0      204        0      209        0
          167        0      179        0      211        0      243        0
          228        0      228        0        0      225        0      190
            0      220        0      178        0      178        0      171
            0      247        0      230        0      249        0      261
            0      211        0      179        0      206        0        0

Atom Distribution No.   109 at run step   31533:

  Count of atoms assigned to each task:
            0        0      179        0      174        0      201        0
          220        0      237        0      225        0      240        0
          193        0      193        0      182        0      157        0
          177        0        0      194        0      228        0      261
            0      234        0      219        0      224        0      187
            0      186        0      192        0      214        0      250
            0      231        0      258        0        0      214        0
          223        0      225        0      210        0      251        0
          246        0      252        0      243        0      252        0
          243        0      230        0      238        0      255        0
            0      264        0      261        0      258        0      252
            0      255        0      255        0      261        0      255
            0      258        0      258        0      255        0      264
            0      249        0        0      237        0      243        0
          243        0      237        0      249        0      240        0
          258        0      222        0      255        0      246        0
          243        0      264        0      264        0        0      249
            0      267        0      255        0      240        0      255
            0      252        0      234        0      228        0      252
            0      228        0      239        0      220        0      227
            0        0      225        0      225        0      246        0
          222        0      233        0      216        0      205        0
          194        0      178        0      212        0      237        0
          225        0      228        0        0      216        0      207
            0      204        0      175        0      175        0      203
            0      213        0      225        0      252        0      249
            0      210        0      164        0      189        0        0

Atom Distribution No.   110 at run step   31831:

  Count of atoms assigned to each task:
            0        0      184        0      199        0      204        0
          230        0      231        0      231        0      230        0
          206        0      172        0      162        0      186        0
          191        0        0      199        0      228        0      243
            0      243        0      219        0      199        0      189
            0      199        0      221        0      215        0      232
            0      237        0      237        0        0      236        0
          223        0      219        0      216        0      248        0
          240        0      234        0      234        0      243        0
          231        0      232        0      250        0      240        0
            0      273        0      243        0      258        0      243
            0      264        0      267        0      273        0      246
            0      258        0      252        0      267        0      258
            0      246        0        0      234        0      234        0
          258        0      258        0      255        0      255        0
          249        0      243        0      249        0      258        0
          246        0      240        0      243        0        0      273
            0      267        0      237        0      258        0      255
            0      255        0      222        0      234        0      243
            0      237        0      239        0      234        0      217
            0        0      218        0      234        0      240        0
          237        0      230        0      203        0      216        0
          176        0      188        0      210        0      228        0
          228        0      213        0        0      220        0      219
            0      198        0      159        0      186        0      193
            0      227        0      240        0      246        0      238
            0      199        0      173        0      165        0        0

Atom Distribution No.   111 at run step   32121:

  Count of atoms assigned to each task:
            0        0      205        0      186        0      208        0
          227        0      225        0      228        0      221        0
          203        0      196        0      164        0      166        0
          171        0        0      204        0      225        0      234
            0      237        0      232        0      212        0      191
            0      208        0      203        0      217        0      235
            0      237        0      243        0        0      234        0
          210        0      224        0      215        0      235        0
          252        0      231        0      249        0      237        0
          243        0      248        0      232        0      249        0
            0      261        0      258        0      258        0      261
            0      249        0      234        0      273        0      252
            0      279        0      252        0      264        0      264
            0      255        0        0      243        0      252        0
          243        0      258        0      237        0      234        0
          258        0      237        0      249        0      261        0
          261        0      246        0      234        0        0      264
            0      243        0      255        0      249        0      267
            0      249        0      237        0      255        0      231
            0      246        0      239        0      221        0      211
            0        0      224        0      237        0      234        0
          231        0      227        0      205        0      216        0
          179        0      180        0      238        0      210        0
          225        0      222        0        0      244        0      204
            0      210        0      163        0      179        0      187
            0      224        0      258        0      231        0      219
            0      194        0      157        0      183        0        0

Atom Distribution No.   112 at run step   32416:

  Count of atoms assigned to each task:
            0        0      153        0      195        0      207        0
          225        0      225        0      237        0      216        0
          190        0      159        0      180        0      166        0
          185        0        0      204        0      229        0      228
            0      246        0      227        0      206        0      207
            0      196        0      219        0      205        0      237
            0      231        0      240        0        0      237        0
          220        0      211        0      226        0      250        0
          237        0      246        0      228        0      246        0
          267        0      225        0      232        0      234        0
            0      261        0      261        0      282        0      261
            0      237        0      267        0      252        0      267
            0      240        0      252        0      258        0      270
            0      243        0        0      237        0      246        0
          261        0      234        0      261        0      246        0
          252        0      240        0      249        0      255        0
          267        0      234        0      234        0        0      267
            0      252        0      267        0      261        0      255
            0      240        0      243        0      234        0      261
            0      243        0      239        0      218        0      217
            0        0      245        0      237        0      234        0
          228        0      221        0      206        0      208        0
          203        0      198        0      197        0      231        0
          213        0      240        0        0      235        0      190
            0      170        0      180        0      174        0      207
            0      245        0      234        0      243        0      227
            0      208        0      181        0      167        0        0

Atom Distribution No.   113 at run step   32712:

  Count of atoms assigned to each task:
            0        0      181        0      189        0      202        0
          225        0      234        0      228        0      222        0
          212        0      187        0      174        0      187        0
          177        0        0      210        0      219        0      246
            0      243        0      212        0      220        0      189
            0      202        0      202        0      227        0      235
            0      249        0      234        0        0      229        0
          211        0      237        0      216        0      232        0
          228        0      240        0      240        0      240        0
          258        0      232        0      232        0      258        0
            0      246        0      255        0      270        0      255
            0      246        0      261        0      264        0      249
            0      267        0      255        0      246        0      252
            0      261        0        0      246        0      237        0
          237        0      243        0      255        0      255        0
          243        0      228        0      246        0      246        0
          252        0      231        0      240        0        0      273
            0      255        0      252        0      243        0      276
            0      243        0      237        0      255        0      228
            0      243        0      236        0      225        0      218
            0        0      221        0      234        0      237        0
          222        0      228        0      217        0      206        0
          199        0      195        0      220        0      222        0
          225        0      222        0        0      244        0      191
            0      208        0      152        0      189        0      210
            0      223        0      246        0      246        0      231
            0      188        0      169        0      184        0        0

Atom Distribution No.   114 at run step   33009:

  Count of atoms assigned to each task:
            0        0      157        0      188        0      197        0
          228        0      240        0      237        0      228        0
          197        0      182        0      167        0      183        0
          209        0        0      201        0      238        0      243
            0      246        0      233        0      210        0      194
            0      182        0      188        0      238        0      225
            0      243        0      249        0        0      207        0
          231        0      205        0      229        0      253        0
          228        0      234        0      243        0      252        0
          231        0      251        0      227        0      243        0
            0      255        0      261        0      258        0      258
            0      252        0      264        0      261        0      270
            0      258        0      240        0      252        0      267
            0      255        0        0      246        0      243        0
          222        0      243        0      255        0      246        0
          255        0      243        0      240        0      243        0
          234        0      240        0      255        0        0      267
            0      261        0      252        0      255        0      249
            0      243        0      249        0      258        0      240
            0      243        0      236        0      216        0      235
            0        0      245        0      237        0      240        0
          231        0      222        0      214        0      209        0
          173        0      182        0      208        0      240        0
          222        0      213        0        0      247        0      188
            0      169        0      178        0      183        0      209
            0      240        0      228        0      252        0      236
            0      185        0      183        0      167        0        0

Atom Distribution No.   115 at run step   33306:

  Count of atoms assigned to each task:
            0        0      173        0      185        0      214        0
          225        0      237        0      234        0      216        0
          212        0      182        0      177        0      166        0
          216        0        0      214        0      218        0      222
            0      249        0      215        0      219        0      191
            0      195        0      204        0      218        0      227
            0      243        0      234        0        0      233        0
          223        0      224        0      229        0      232        0
          234        0      249        0      237        0      243        0
          246        0      238        0      232        0      258        0
            0      255        0      249        0      264        0      270
            0      246        0      273        0      255        0      237
            0      258        0      261        0      249        0      270
            0      273        0        0      258        0      240        0
          225        0      261        0      240        0      246        0
          249        0      252        0      252        0      258        0
          252        0      237        0      261        0        0      252
            0      240        0      240        0      249        0      270
            0      261        0      240        0      246        0      234
            0      240        0      251        0      215        0      224
            0        0      212        0      231        0      231        0
          222        0      234        0      205        0      203        0
          174        0      183        0      209        0      231        0
          228        0      219        0        0      220        0      207
            0      209        0      175        0      203        0      168
            0      235        0      234        0      243        0      231
            0      201        0      168        0      165        0        0

Atom Distribution No.   116 at run step   33605:

  Count of atoms assigned to each task:
            0        0      166        0      167        0      224        0
          219        0      222        0      228        0      216        0
          215        0      173        0      175        0      177        0
          209        0        0      231        0      218        0      246
            0      246        0      210        0      200        0      203
            0      203        0      209        0      215        0      239
            0      240        0      240        0        0      230        0
          218        0      217        0      233        0      231        0
          225        0      240        0      258        0      231        0
          231        0      223        0      238        0      246        0
            0      243        0      267        0      255        0      261
            0      261        0      267        0      255        0      258
            0      264        0      258        0      243        0      261
            0      252        0        0      249        0      246        0
          228        0      252        0      246        0      240        0
          258        0      255        0      231        0      255        0
          246        0      246        0      237        0        0      252
            0      264        0      249        0      279        0      270
            0      243        0      237        0      249        0      243
            0      240        0      245        0      229        0      222
            0        0      224        0      237        0      240        0
          210        0      228        0      218        0      207        0
          162        0      183        0      208        0      228        0
          219        0      213        0        0      235        0      207
            0      211        0      183        0      196        0      196
            0      224        0      243        0      249        0      225
            0      197        0      183        0      164        0        0

Atom Distribution No.   117 at run step   33892:

  Count of atoms assigned to each task:
            0        0      167        0      179        0      202        0
          216        0      231        0      234        0      228        0
          209        0      180        0      180        0      187        0
          182        0        0      196        0      239        0      246
            0      243        0      215        0      217        0      206
            0      183        0      207        0      222        0      224
            0      252        0      234        0        0      238        0
          225        0      207        0      226        0      223        0
          240        0      258        0      240        0      255        0
          249        0      230        0      234        0      270        0
            0      252        0      255        0      255        0      258
            0      237        0      258        0      249        0      246
            0      261        0      252        0      246        0      270
            0      246        0        0      261        0      237        0
          234        0      240        0      246        0      240        0
          252        0      249        0      240        0      249        0
          234        0      258        0      240        0        0      270
            0      273        0      258        0      267        0      267
            0      243        0      222        0      243        0      243
            0      225        0      218        0      226        0      215
            0        0      230        0      231        0      225        0
          234        0      234        0      214        0      226        0
          199        0      184        0      207        0      237        0
          237        0      222        0        0      216        0      214
            0      212        0      186        0      175        0      181
            0      226        0      228        0      225        0      231
            0      204        0      183        0      188        0        0

Atom Distribution No.   118 at run step   34186:

  Count of atoms assigned to each task:
            0        0      180        0      173        0      208        0
          223        0      240        0      231        0      238        0
          192        0      205        0      185        0      191        0
          212        0        0      209        0      237        0      252
            0      248        0      219        0      188        0      189
            0      202        0      213        0      222        0      231
            0      258        0      237        0        0      235        0
          244        0      225        0      221        0      234        0
          225        0      231        0      249        0      243        0
          243        0      222        0      240        0      249        0
            0      264        0      255        0      276        0      246
            0      240        0      258        0      267        0      246
            0      255        0      258        0      261        0      258
            0      255        0        0      249        0      243        0
          243        0      237        0      234        0      249        0
          240        0      243        0      243        0      246        0
          228        0      240        0      258        0        0      264
            0      276        0      264        0      243        0      249
            0      243        0      243        0      240        0      243
            0      228        0      236        0      217        0      210
            0        0      227        0      210        0      216        0
          225        0      216        0      215        0      216        0
          201        0      176        0      204        0      234        0
          222        0      228        0        0      220        0      215
            0      204        0      187        0      169        0      186
            0      221        0      234        0      243        0      240
            0      199        0      196        0      162        0        0

Atom Distribution No.   119 at run step   34485:

  Count of atoms assigned to each task:
            0        0      172        0      192        0      201        0
          227        0      249        0      252        0      218        0
          207        0      189        0      179        0      188        0
          206        0        0      224        0      246        0      246
            0      236        0      214        0      219        0      192
            0      190        0      204        0      224        0      231
            0      258        0      222        0        0      252        0
          220        0      211        0      220        0      222        0
          240        0      237        0      243        0      240        0
          234        0      237        0      234        0      249        0
            0      261        0      252        0      261        0      264
            0      255        0      267        0      243        0      255
            0      246        0      279        0      258        0      252
            0      252        0        0      234        0      246        0
          231        0      243        0      240        0      243        0
          252        0      246        0      246        0      237        0
          234        0      240        0      240        0        0      267
            0      249        0      273        0      252        0      264
            0      225        0      252        0      246        0      252
            0      237        0      229        0      197        0      236
            0        0      233        0      219        0      216        0
          234        0      217        0      211        0      220        0
          195        0      173        0      199        0      234        0
          231        0      213        0        0      227        0      214
            0      213        0      172        0      194        0      191
            0      212        0      243        0      240        0      225
            0      197        0      170        0      184        0        0

Atom Distribution No.   120 at run step   34787:

  Count of atoms assigned to each task:
            0        0      163        0      172        0      211        0
          227        0      243        0      231        0      228        0
          185        0      187        0      171        0      200        0
          198        0        0      211        0      242        0      249
            0      249        0      221        0      191        0      186
            0      210        0      213        0      234        0      236
            0      246        0      252        0        0      224        0
          239        0      217        0      226        0      243        0
          228        0      246        0      240        0      240        0
          234        0      233        0      237        0      237        0
            0      273        0      267        0      255        0      246
            0      243        0      246        0      258        0      252
            0      258        0      249        0      270        0      255
            0      258        0        0      255        0      240        0
          258        0      231        0      231        0      237        0
          249        0      252        0      258        0      249        0
          237        0      234        0      249        0        0      264
            0      258        0      240        0      252        0      264
            0      231        0      261        0      237        0      237
            0      222        0      236        0      214        0      217
            0        0      224        0      228        0      237        0
          222        0      228        0      215        0      207        0
          180        0      178        0      211        0      234        0
          228        0      228        0        0      234        0      204
            0      211        0      186        0      186        0      200
            0      202        0      234        0      264        0      228
            0      213        0      170        0      163        0        0

Atom Distribution No.   121 at run step   35077:

  Count of atoms assigned to each task:
            0        0      163        0      183        0      217        0
          230        0      222        0      240        0      225        0
          213        0      174        0      170        0      180        0
          176        0        0      225        0      218        0      252
            0      246        0      221        0      204        0      204
            0      210        0      211        0      222        0      243
            0      252        0      234        0        0      224        0
          234        0      191        0      223        0      223        0
          237        0      243        0      243        0      246        0
          243        0      233        0      234        0      246        0
            0      252        0      258        0      249        0      267
            0      243        0      255        0      258        0      246
            0      267        0      267        0      261        0      267
            0      252        0        0      252        0      237        0
          258        0      246        0      228        0      240        0
          249        0      249        0      252        0      237        0
          246        0      234        0      261        0        0      264
            0      267        0      261        0      252        0      258
            0      231        0      255        0      246        0      246
            0      237        0      231        0      221        0      210
            0        0      239        0      219        0      234        0
          231        0      218        0      207        0      220        0
          179        0      170        0      220        0      231        0
          237        0      228        0        0      219        0      209
            0      206        0      176        0      180        0      161
            0      219        0      240        0      240        0      237
            0      212        0      174        0      187        0        0

Atom Distribution No.   122 at run step   35372:

  Count of atoms assigned to each task:
            0        0      162        0      181        0      213        0
          234        0      210        0      228        0      225        0
          197        0      184        0      174        0      180        0
          166        0        0      216        0      233        0      240
            0      249        0      233        0      198        0      216
            0      196        0      204        0      221        0      243
            0      240        0      252        0        0      230        0
          234        0      208        0      233        0      229        0
          231        0      255        0      246        0      231        0
          240        0      237        0      220        0      237        0
            0      267        0      261        0      249        0      264
            0      246        0      267        0      252        0      252
            0      261        0      255        0      270        0      258
            0      243        0        0      255        0      255        0
          258        0      249        0      240        0      249        0
          246        0      243        0      255        0      243        0
          237        0      246        0      252        0        0      270
            0      249        0      261        0      270        0      264
            0      240        0      240        0      240        0      255
            0      231        0      233        0      225        0      218
            0        0      221        0      225        0      249        0
          236        0      232        0      218        0      206        0
          186        0      165        0      212        0      222        0
          240        0      225        0        0      222        0      203
            0      201        0      178        0      172        0      196
            0      212        0      237        0      240        0      235
            0      187        0      191        0      152        0        0

Atom Distribution No.   123 at run step   35665:

  Count of atoms assigned to each task:
            0        0      158        0      192        0      222        0
          223        0      225        0      246        0      225        0
          220        0      175        0      179        0      159        0
          181        0        0      201        0      223        0      225
            0      240        0      228        0      200        0      209
            0      199        0      204        0      210        0      241
            0      261        0      246        0        0      228        0
          231        0      205        0      225        0      210        0
          258        0      240        0      252        0      237        0
          264        0      226        0      238        0      246        0
            0      264        0      258        0      249        0      258
            0      249        0      246        0      258        0      270
            0      267        0      261        0      258        0      258
            0      255        0        0      249        0      252        0
          249        0      237        0      246        0      261        0
          234        0      243        0      243        0      246        0
          240        0      225        0      264        0        0      276
            0      264        0      255        0      270        0      267
            0      234        0      240        0      231        0      243
            0      240        0      212        0      221        0      223
            0        0      229        0      213        0      246        0
          224        0      218        0      228        0      208        0
          181        0      175        0      216        0      219        0
          234        0      228        0        0      229        0      201
            0      172        0      185        0      191        0      195
            0      229        0      228        0      252        0      237
            0      195        0      180        0      177        0        0

Atom Distribution No.   124 at run step   35953:

  Count of atoms assigned to each task:
            0        0      176        0      173        0      212        0
          217        0      216        0      249        0      234        0
          171        0      186        0      194        0      188        0
          181        0        0      196        0      220        0      246
            0      249        0      213        0      223        0      223
            0      195        0      203        0      222        0      247
            0      246        0      240        0        0      225        0
          218        0      217        0      207        0      228        0
          252        0      246        0      225        0      237        0
          267        0      234        0      238        0      228        0
            0      252        0      258        0      261        0      261
            0      237        0      243        0      270        0      279
            0      249        0      267        0      249        0      267
            0      261        0        0      258        0      243        0
          267        0      231        0      246        0      237        0
          240        0      258        0      222        0      252        0
          240        0      243        0      243        0        0      258
            0      258        0      240        0      270        0      270
            0      225        0      252        0      234        0      240
            0      240        0      239        0      232        0      210
            0        0      227        0      231        0      237        0
          234        0      216        0      228        0      195        0
          172        0      181        0      217        0      225        0
          234        0      240        0        0      225        0      212
            0      214        0      176        0      183        0      169
            0      228        0      243        0      237        0      240
            0      213        0      183        0      154        0        0

Atom Distribution No.   125 at run step   36254:

  Count of atoms assigned to each task:
            0        0      182        0      192        0      196        0
          247        0      237        0      240        0      231        0
          232        0      182        0      165        0      163        0
          180        0        0      200        0      228        0      252
            0      237        0      225        0      199        0      211
            0      180        0      192        0      224        0      246
            0      243        0      249        0        0      229        0
          245        0      207        0      224        0      234        0
          240        0      252        0      243        0      225        0
          246        0      229        0      226        0      243        0
            0      243        0      255        0      261        0      252
            0      246        0      261        0      261        0      267
            0      255        0      264        0      249        0      261
            0      255        0        0      255        0      234        0
          240        0      252        0      234        0      270        0
          237        0      255        0      246        0      240        0
          249        0      249        0      252        0        0      231
            0      264        0      249        0      249        0      264
            0      249        0      240        0      246        0      243
            0      234        0      240        0      222        0      208
            0        0      217        0      225        0      231        0
          231        0      212        0      204        0      216        0
          181        0      170        0      211        0      228        0
          243        0      231        0        0      232        0      214
            0      199        0      170        0      183        0      179
            0      230        0      243        0      240        0      246
            0      215        0      170        0      179        0        0

Atom Distribution No.   126 at run step   36548:

  Count of atoms assigned to each task:
            0        0      181        0      184        0      220        0
          223        0      225        0      246        0      228        0
          208        0      175        0      162        0      190        0
          183        0        0      203        0      246        0      222
            0      240        0      222        0      220        0      191
            0      203        0      185        0      229        0      255
            0      249        0      246        0        0      230        0
          215        0      215        0      214        0      226        0
          243        0      234        0      234        0      252        0
          249        0      223        0      235        0      261        0
            0      237        0      267        0      261        0      246
            0      267        0      261        0      249        0      255
            0      249        0      267        0      249        0      270
            0      255        0        0      243        0      246        0
          249        0      249        0      240        0      252        0
          246        0      249        0      240        0      237        0
          243        0      240        0      255        0        0      246
            0      261        0      237        0      261        0      240
            0      246        0      234        0      243        0      231
            0      234        0      234        0      210        0      237
            0        0      217        0      223        0      249        0
          231        0      227        0      207        0      219        0
          180        0      180        0      206        0      225        0
          231        0      243        0        0      247        0      213
            0      209        0      180        0      183        0      177
            0      226        0      222        0      249        0      237
            0      220        0      182        0      172        0        0

Atom Distribution No.   127 at run step   36844:

  Count of atoms assigned to each task:
            0        0      163        0      197        0      207        0
          225        0      228        0      234        0      228        0
          187        0      190        0      170        0      174        0
          208        0        0      200        0      248        0      231
            0      249        0      216        0      197        0      220
            0      182        0      191        0      222        0      222
            0      258        0      234        0        0      227        0
          224        0      214        0      221        0      219        0
          240        0      249        0      234        0      234        0
          252        0      238        0      235        0      249        0
            0      261        0      264        0      264        0      252
            0      267        0      249        0      252        0      267
            0      285        0      258        0      258        0      270
            0      240        0        0      225        0      249        0
          237        0      243        0      246        0      255        0
          246        0      246        0      246        0      243        0
          237        0      249        0      261        0        0      258
            0      267        0      255        0      249        0      267
            0      231        0      240        0      237        0      237
            0      231        0      249        0      211        0      231
            0        0      221        0      225        0      231        0
          225        0      252        0      189        0      222        0
          172        0      176        0      195        0      213        0
          243        0      246        0        0      229        0      207
            0      207        0      182        0      174        0      188
            0      225        0      246        0      237        0      231
            0      218        0      178        0      176        0        0

Atom Distribution No.   128 at run step   37141:

  Count of atoms assigned to each task:
            0        0      173        0      195        0      197        0
          220        0      237        0      216        0      234        0
          208        0      190        0      188        0      173        0
          198        0        0      223        0      233        0      252
            0      246        0      215        0      202        0      202
            0      195        0      198        0      207        0      249
            0      255        0      254        0        0      225        0
          231        0      224        0      222        0      235        0
          240        0      240        0      246        0      246        0
          249        0      230        0      243        0      252        0
            0      255        0      258        0      249        0      255
            0      246        0      255        0      240        0      249
            0      267        0      264        0      249        0      261
            0      264        0        0      249        0      246        0
          246        0      249        0      243        0      255        0
          243        0      234        0      237        0      240        0
          249        0      252        0      255        0        0      264
            0      246        0      258        0      261        0      252
            0      234        0      231        0      231        0      243
            0      228        0      221        0      243        0      223
            0        0      214        0      228        0      231        0
          230        0      211        0      214        0      212        0
          201        0      186        0      198        0      231        0
          231        0      234        0        0      208        0      218
            0      209        0      184        0      161        0      182
            0      224        0      231        0      231        0      237
            0      209        0      179        0      176        0        0

Atom Distribution No.   129 at run step   37438:

  Count of atoms assigned to each task:
            0        0      177        0      177        0      210        0
          208        0      234        0      231        0      222        0
          208        0      185        0      165        0      189        0
          184        0        0      209        0      230        0      243
            0      252        0      226        0      214        0      180
            0      206        0      197        0      225        0      235
            0      249        0      240        0        0      238        0
          219        0      221        0      233        0      243        0
          243        0      246        0      231        0      243        0
          237        0      219        0      242        0      240        0
            0      264        0      264        0      264        0      261
            0      249        0      246        0      270        0      255
            0      279        0      276        0      240        0      255
            0      258        0        0      249        0      246        0
          240        0      240        0      240        0      249        0
          243        0      243        0      252        0      267        0
          246        0      237        0      234        0        0      261
            0      267        0      264        0      252        0      255
            0      255        0      249        0      252        0      240
            0      231        0      214        0      236        0      230
            0        0      219        0      225        0      240        0
          236        0      205        0      226        0      230        0
          163        0      204        0      215        0      231        0
          231        0      234        0        0      228        0      198
            0      162        0      182        0      167        0      192
            0      191        0      246        0      225        0      231
            0      212        0      183        0      158        0        0

Atom Distribution No.   130 at run step   37737:

  Count of atoms assigned to each task:
            0        0      171        0      190        0      213        0
          214        0      240        0      228        0      231        0
          217        0      182        0      165        0      185        0
          182        0        0      208        0      233        0      246
            0      255        0      212        0      203        0      211
            0      187        0      190        0      232        0      249
            0      231        0      255        0        0      235        0
          210        0      228        0      230        0      244        0
          246        0      228        0      240        0      234        0
          252        0      219        0      239        0      258        0
            0      252        0      282        0      261        0      255
            0      249        0      249        0      255        0      258
            0      270        0      255        0      255        0      252
            0      258        0        0      249        0      258        0
          255        0      252        0      231        0      240        0
          255        0      246        0      243        0      249        0
          246        0      237        0      240        0        0      252
            0      255        0      252        0      267        0      264
            0      246        0      231        0      243        0      246
            0      234        0      230        0      217        0      223
            0        0      223        0      240        0      243        0
          224        0      229        0      223        0      166        0
          172        0      217        0      213        0      228        0
          219        0      237        0        0      231        0      178
            0      170        0      192        0      192        0      192
            0      227        0      243        0      231        0      225
            0      205        0      154        0      179        0        0

Atom Distribution No.   131 at run step   38028:

  Count of atoms assigned to each task:
            0        0      182        0      199        0      201        0
          226        0      225        0      258        0      234        0
          223        0      188        0      193        0      162        0
          178        0        0      199        0      224        0      243
            0      231        0      226        0      195        0      225
            0      200        0      200        0      219        0      234
            0      240        0      243        0        0      229        0
          226        0      230        0      244        0      221        0
          237        0      231        0      249        0      234        0
          246        0      232        0      244        0      249        0
            0      261        0      255        0      270        0      261
            0      252        0      240        0      267        0      255
            0      267        0      267        0      258        0      261
            0      252        0        0      258        0      261        0
          264        0      255        0      222        0      252        0
          231        0      255        0      240        0      243        0
          255        0      243        0      246        0        0      264
            0      255        0      258        0      252        0      285
            0      240        0      231        0      249        0      228
            0      239        0      223        0      224        0      229
            0        0      220        0      237        0      246        0
          219        0      209        0      222        0      198        0
          175        0      166        0      214        0      216        0
          225        0      219        0        0      223        0      192
            0      177        0      183        0      175        0      180
            0      228        0      231        0      249        0      237
            0      190        0      179        0      160        0        0

Atom Distribution No.   132 at run step   38322:

  Count of atoms assigned to each task:
            0        0      162        0      184        0      206        0
          226        0      237        0      255        0      225        0
          221        0      179        0      157        0      180        0
          189        0        0      201        0      216        0      237
            0      234        0      226        0      207        0      221
            0      207        0      200        0      237        0      243
            0      246        0      246        0        0      229        0
          226        0      214        0      241        0      231        0
          237        0      249        0      240        0      249        0
          240        0      225        0      237        0      237        0
            0      246        0      270        0      255        0      258
            0      249        0      258        0      246        0      276
            0      267        0      267        0      255        0      252
            0      246        0        0      261        0      258        0
          237        0      255        0      246        0      252        0
          234        0      258        0      237        0      252        0
          252        0      246        0      234        0        0      264
            0      255        0      255        0      264        0      270
            0      243        0      243        0      243        0      246
            0      227        0      221        0      211        0      216
            0        0      226        0      237        0      240        0
          225        0      214        0      210        0      210        0
          173        0      185        0      204        0      219        0
          234        0      216        0        0      236        0      184
            0      207        0      170        0      188        0      175
            0      235        0      237        0      237        0      237
            0      197        0      176        0      164        0        0

Atom Distribution No.   133 at run step   38618:

  Count of atoms assigned to each task:
            0        0      158        0      173        0      205        0
          234        0      237        0      231        0      228        0
          185        0      180        0      181        0      167        0
          181        0        0      206        0      230        0      246
            0      237        0      231        0      212        0      207
            0      209        0      198        0      224        0      246
            0      240        0      246        0        0      243        0
          223        0      184        0      232        0      232        0
          252        0      237        0      249        0      246        0
          234        0      230        0      256        0      255        0
            0      267        0      249        0      255        0      261
            0      255        0      249        0      255        0      243
            0      264        0      264        0      252        0      261
            0      252        0        0      240        0      255        0
          249        0      243        0      243        0      246        0
          234        0      240        0      258        0      249        0
          243        0      225        0      234        0        0      267
            0      252        0      249        0      261        0      264
            0      243        0      234        0      255        0      243
            0      239        0      222        0      212        0      227
            0        0      231        0      221        0      252        0
          228        0      224        0      212        0      212        0
          185        0      183        0      208        0      218        0
          225        0      228        0        0      232        0      200
            0      210        0      176        0      201        0      176
            0      235        0      252        0      240        0      231
            0      202        0      177        0      180        0        0

Atom Distribution No.   134 at run step   38909:

  Count of atoms assigned to each task:
            0        0      164        0      182        0      201        0
          231        0      237        0      234        0      232        0
          206        0      206        0      174        0      163        0
          191        0        0      206        0      233        0      228
            0      237        0      233        0      213        0      199
            0      215        0      206        0      214        0      243
            0      252        0      252        0        0      240        0
          201        0      218        0      228        0      238        0
          234        0      240        0      228        0      237        0
          243        0      206        0      253        0      246        0
            0      249        0      255        0      249        0      273
            0      267        0      252        0      252        0      267
            0      258        0      267        0      252        0      249
            0      255        0        0      237        0      243        0
          240        0      234        0      228        0      243        0
          234        0      237        0      234        0      243        0
          249        0      225        0      252        0        0      258
            0      264        0      252        0      255        0      264
            0      243        0      231        0      243        0      261
            0      254        0      231        0      208        0      230
            0        0      221        0      223        0      240        0
          234        0      227        0      212        0      210        0
          180        0      182        0      215        0      221        0
          246        0      225        0        0      228        0      193
            0      222        0      188        0      188        0      185
            0      223        0      246        0      240        0      234
            0      219        0      170        0      184        0        0

Atom Distribution No.   135 at run step   39205:

  Count of atoms assigned to each task:
            0        0      179        0      174        0      226        0
          233        0      234        0      228        0      228        0
          159        0      190        0      173        0      171        0
          186        0        0      205        0      212        0      240
            0      252        0      221        0      207        0      213
            0      200        0      207        0      213        0      235
            0      240        0      249        0        0      231        0
          222        0      203        0      225        0      223        0
          249        0      234        0      243        0      246        0
          231        0      234        0      237        0      243        0
            0      252        0      264        0      261        0      249
            0      261        0      258        0      246        0      264
            0      267        0      252        0      270        0      267
            0      255        0        0      255        0      249        0
          255        0      234        0      243        0      228        0
          243        0      246        0      243        0      240        0
          243        0      243        0      240        0        0      258
            0      261        0      255        0      264        0      267
            0      240        0      240        0      228        0      243
            0      242        0      237        0      228        0      220
            0        0      223        0      226        0      225        0
          231        0      239        0      213        0      196        0
          184        0      179        0      215        0      221        0
          231        0      219        0        0      238        0      207
            0      225        0      198        0      196        0      184
            0      227        0      249        0      237        0      246
            0      194        0      183        0      165        0        0

Atom Distribution No.   136 at run step   39503:

  Count of atoms assigned to each task:
            0        0      169        0      193        0      219        0
          219        0      222        0      243        0      234        0
          214        0      186        0      176        0      186        0
          198        0        0      197        0      234        0      237
            0      243        0      230        0      199        0      204
            0      198        0      197        0      229        0      237
            0      240        0      249        0        0      229        0
          222        0      210        0      217        0      234        0
          243        0      243        0      255        0      234        0
          246        0      237        0      246        0      252        0
            0      258        0      270        0      258        0      261
            0      255        0      255        0      240        0      258
            0      243        0      255        0      255        0      267
            0      258        0        0      237        0      252        0
          252        0      243        0      243        0      246        0
          258        0      234        0      246        0      258        0
          243        0      237        0      249        0        0      255
            0      249        0      258        0      252        0      258
            0      243        0      237        0      237        0      255
            0      236        0      236        0      222        0      202
            0        0      223        0      216        0      225        0
          240        0      213        0      196        0      203        0
          169        0      186        0      211        0      201        0
          225        0      219        0        0      222        0      212
            0      220        0      183        0      195        0      171
            0      236        0      246        0      249        0      234
            0      209        0      181        0      181        0        0

Atom Distribution No.   137 at run step   39798:

  Count of atoms assigned to each task:
            0        0      183        0      193        0      203        0
          222        0      231        0      240        0      254        0
          196        0      186        0      166        0      174        0
          183        0        0      214        0      243        0      240
            0      234        0      227        0      216        0      180
            0      200        0      212        0      213        0      234
            0      249        0      255        0        0      247        0
          201        0      216        0      233        0      243        0
          240        0      240        0      258        0      237        0
          216        0      227        0      249        0      246        0
            0      261        0      267        0      264        0      261
            0      249        0      255        0      255        0      255
            0      279        0      252        0      273        0      261
            0      246        0        0      231        0      243        0
          243        0      237        0      246        0      246        0
          243        0      249        0      249        0      231        0
          252        0      225        0      243        0        0      279
            0      246        0      243        0      252        0      267
            0      240        0      237        0      237        0      240
            0      251        0      229        0      221        0      212
            0        0      212        0      207        0      237        0
          219        0      222        0      198        0      201        0
          201        0      183        0      216        0      221        0
          210        0      237        0        0      214        0      214
            0      234        0      197        0      190        0      183
            0      221        0      240        0      243        0      234
            0      223        0      168        0      162        0        0

Atom Distribution No.   138 at run step   40098:

  Count of atoms assigned to each task:
            0        0      191        0      171        0      222        0
          215        0      237        0      243        0      235        0
          201        0      175        0      169        0      187        0
          173        0        0      201        0      237        0      252
            0      252        0      223        0      222        0      194
            0      203        0      204        0      223        0      249
            0      240        0      258        0        0      244        0
          207        0      229        0      220        0      234        0
          240        0      258        0      243        0      255        0
          225        0      249        0      240        0      261        0
            0      258        0      249        0      261        0      249
            0      243        0      279        0      258        0      258
            0      270        0      252        0      258        0      261
            0      234        0        0      240        0      246        0
          228        0      255        0      249        0      237        0
          249        0      246        0      222        0      240        0
          258        0      234        0      234        0        0      252
            0      252        0      267        0      252        0      255
            0      249        0      234        0      249        0      258
            0      230        0      239        0      209        0      226
            0        0      205        0      219        0      231        0
          216        0      230        0      191        0      185        0
          177        0      176        0      230        0      234        0
          228        0      237        0        0      224        0      193
            0      223        0      195        0      187        0      200
            0      226        0      234        0      231        0      222
            0      214        0      158        0      170        0        0

Atom Distribution No.   139 at run step   40395:

  Count of atoms assigned to each task:
            0        0      166        0      202        0      214        0
          227        0      231        0      243        0      223        0
          198        0      191        0      189        0      172        0
          182        0        0      216        0      225        0      255
            0      234        0      219        0      218        0      170
            0      190        0      208        0      228        0      243
            0      237        0      237        0        0      246        0
          241        0      212        0      223        0      231        0
          255        0      264        0      240        0      243        0
          234        0      234        0      252        0      243        0
            0      267        0      255        0      261        0      267
            0      252        0      240        0      246        0      249
            0      258        0      249        0      255        0      273
            0      273        0        0      249        0      258        0
          240        0      243        0      240        0      255        0
          237        0      228        0      237        0      240        0
          234        0      258        0      234        0        0      264
            0      252        0      249        0      255        0      270
            0      243        0      234        0      258        0      251
            0      245        0      236        0      224        0      224
            0        0      223        0      219        0      225        0
          222        0      222        0      200        0      168        0
          178        0      184        0      225        0      219        0
          216        0      216        0        0      219        0      208
            0      215        0      194        0      182        0      168
            0      236        0      231        0      246        0      237
            0      209        0      175        0      182        0        0

Atom Distribution No.   140 at run step   40696:

  Count of atoms assigned to each task:
            0        0      177        0      182        0      214        0
          224        0      240        0      240        0      237        0
          198        0      172        0      163        0      192        0
          194        0        0      214        0      237        0      249
            0      239        0      205        0      211        0      193
            0      194        0      194        0      232        0      246
            0      246        0      231        0        0      246        0
          222        0      208        0      220        0      249        0
          237        0      237        0      258        0      240        0
          240        0      230        0      243        0      246        0
            0      240        0      252        0      261        0      249
            0      267        0      261        0      258        0      252
            0      258        0      243        0      249        0      267
            0      249        0        0      228        0      240        0
          255        0      258        0      249        0      249        0
          258        0      243        0      234        0      234        0
          243        0      255        0      246        0        0      264
            0      252        0      246        0      255        0      279
            0      243        0      255        0      240        0      237
            0      239        0      229        0      216        0      223
            0        0      235        0      243        0      231        0
          213        0      225        0      191        0      183        0
          195        0      176        0      213        0      227        0
          231        0      207        0        0      222        0      214
            0      214        0      175        0      198        0      182
            0      223        0      222        0      243        0      240
            0      221        0      188        0      170        0        0

Atom Distribution No.   141 at run step   40994:

  Count of atoms assigned to each task:
            0        0      185        0      174        0      213        0
          240        0      240        0      246        0      251        0
          208        0      188        0      175        0      179        0
          176        0        0      226        0      255        0      231
            0      245        0      212        0      203        0      176
            0      197        0      216        0      217        0      261
            0      243        0      228        0        0      234        0
          227        0      202        0      223        0      249        0
          243        0      243        0      234        0      243        0
          237        0      229        0      234        0      237        0
            0      252        0      252        0      267        0      258
            0      246        0      261        0      258        0      261
            0      273        0      270        0      261        0      264
            0      252        0        0      237        0      252        0
          261        0      246        0      240        0      252        0
          228        0      234        0      234        0      252        0
          261        0      258        0      243        0        0      246
            0      258        0      246        0      252        0      264
            0      234        0      237        0      219        0      255
            0      221        0      236        0      227        0      220
            0        0      218        0      234        0      225        0
          219        0      213        0      199        0      190        0
          179        0      193        0      223        0      224        0
          231        0      225        0        0      231        0      188
            0      202        0      190        0      188        0      176
            0      216        0      240        0      237        0      243
            0      204        0      198        0      164        0        0

Atom Distribution No.   142 at run step   41290:

  Count of atoms assigned to each task:
            0        0      183        0      198        0      222        0
          236        0      240        0      243        0      240        0
          207        0      181        0      158        0      170        0
          183        0        0      208        0      246        0      240
            0      233        0      234        0      206        0      184
            0      196        0      231        0      226        0      261
            0      240        0      237        0        0      238        0
          218        0      215        0      238        0      237        0
          237        0      258        0      237        0      246        0
          237        0      219        0      240        0      237        0
            0      273        0      264        0      258        0      249
            0      237        0      228        0      249        0      264
            0      267        0      273        0      267        0      258
            0      249        0        0      234        0      243        0
          240        0      246        0      240        0      240        0
          240        0      255        0      237        0      249        0
          243        0      246        0      237        0        0      252
            0      252        0      234        0      255        0      273
            0      240        0      246        0      234        0      243
            0      237        0      222        0      220        0      213
            0        0      218        0      225        0      219        0
          246        0      201        0      201        0      213        0
          183        0      165        0      209        0      239        0
          225        0      216        0        0      246        0      227
            0      166        0      202        0      194        0      178
            0      226        0      234        0      249        0      246
            0      206        0      190        0      167        0        0

Atom Distribution No.   143 at run step   41595:

  Count of atoms assigned to each task:
            0        0      183        0      187        0      217        0
          243        0      228        0      231        0      229        0
          193        0      173        0      164        0      181        0
          180        0        0      203        0      252        0      243
            0      252        0      220        0      217        0      197
            0      195        0      206        0      233        0      267
            0      243        0      243        0        0      237        0
          213        0      212        0      235        0      228        0
          234        0      243        0      255        0      240        0
          237        0      229        0      231        0      243        0
            0      252        0      279        0      252        0      249
            0      258        0      237        0      258        0      258
            0      270        0      252        0      261        0      255
            0      249        0        0      237        0      240        0
          264        0      234        0      243        0      246        0
          222        0      252        0      255        0      243        0
          246        0      243        0      234        0        0      255
            0      288        0      264        0      240        0      270
            0      255        0      228        0      234        0      228
            0      236        0      245        0      218        0      231
            0        0      209        0      216        0      243        0
          222        0      219        0      192        0      205        0
          185        0      183        0      223        0      215        0
          228        0      228        0        0      234        0      181
            0      192        0      210        0      184        0      184
            0      225        0      243        0      249        0      249
            0      211        0      168        0      162        0        0

Atom Distribution No.   144 at run step   41899:

  Count of atoms assigned to each task:
            0        0      177        0      188        0      205        0
          240        0      252        0      234        0      229        0
          212        0      173        0      151        0      191        0
          200        0        0      206        0      252        0      240
            0      240        0      216        0      212        0      195
            0      204        0      194        0      223        0      255
            0      234        0      261        0        0      234        0
          224        0      205        0      226        0      243        0
          255        0      243        0      255        0      246        0
          237        0      222        0      231        0      249        0
            0      267        0      252        0      234        0      246
            0      246        0      276        0      258        0      264
            0      255        0      258        0      258        0      255
            0      237        0        0      246        0      240        0
          255        0      252        0      240        0      228        0
          246        0      249        0      240        0      252        0
          243        0      246        0      237        0        0      270
            0      240        0      270        0      249        0      261
            0      255        0      237        0      252        0      222
            0      227        0      241        0      228        0      215
            0        0      215        0      225        0      249        0
          231        0      231        0      198        0      222        0
          196        0      168        0      195        0      230        0
          225        0      231        0        0      231        0      203
            0      170        0      172        0      180        0      182
            0      217        0      243        0      243        0      249
            0      197        0      181        0      173        0        0

Atom Distribution No.   145 at run step   42195:

  Count of atoms assigned to each task:
            0        0      178        0      180        0      216        0
          219        0      249        0      237        0      225        0
          194        0      195        0      167        0      176        0
          184        0        0      206        0      249        0      237
            0      234        0      220        0      214        0      186
            0      206        0      212        0      220        0      246
            0      231        0      243        0        0      228        0
          208        0      214        0      220        0      264        0
          243        0      240        0      243        0      246        0
          243        0      240        0      237        0      258        0
            0      249        0      261        0      258        0      252
            0      246        0      252        0      243        0      249
            0      258        0      258        0      261        0      255
            0      246        0        0      249        0      252        0
          252        0      237        0      243        0      243        0
          225        0      243        0      264        0      243        0
          246        0      249        0      240        0        0      252
            0      270        0      237        0      249        0      264
            0      246        0      234        0      258        0      243
            0      256        0      237        0      210        0      230
            0        0      223        0      240        0      234        0
          231        0      231        0      197        0      217        0
          176        0      174        0      194        0      219        0
          231        0      225        0        0      218        0      203
            0      218        0      184        0      181        0      201
            0      223        0      240        0      246        0      252
            0      200        0      164        0      168        0        0

Atom Distribution No.   146 at run step   42494:

  Count of atoms assigned to each task:
            0        0      190        0      186        0      212        0
          207        0      234        0      234        0      228        0
          215        0      183        0      178        0      168        0
          185        0        0      188        0      246        0      243
            0      234        0      220        0      216        0      206
            0      203        0      213        0      235        0      252
            0      246        0      255        0        0      228        0
          224        0      220        0      232        0      243        0
          258        0      243        0      243        0      237        0
          240        0      228        0      243        0      252        0
            0      246        0      270        0      264        0      246
            0      240        0      231        0      264        0      270
            0      270        0      246        0      264        0      237
            0      246        0        0      255        0      252        0
          240        0      240        0      249        0      249        0
          231        0      249        0      231        0      243        0
          243        0      261        0      243        0        0      258
            0      246        0      270        0      243        0      270
            0      231        0      231        0      258        0      243
            0      217        0      233        0      215        0      242
            0        0      217        0      234        0      231        0
          228        0      198        0      216        0      225        0
          183        0      191        0      203        0      231        0
          222        0      231        0        0      220        0      170
            0      209        0      181        0      188        0      161
            0      234        0      255        0      234        0      237
            0      211        0      181        0      162        0        0

Atom Distribution No.   147 at run step   42796:

  Count of atoms assigned to each task:
            0        0      184        0      172        0      210        0
          235        0      228        0      240        0      237        0
          213        0      188        0      176        0      169        0
          182        0        0      198        0      234        0      234
            0      237        0      215        0      211        0      195
            0      199        0      191        0      212        0      250
            0      255        0      234        0        0      249        0
          216        0      235        0      237        0      237        0
          234        0      243        0      234        0      240        0
          240        0      227        0      237        0      249        0
            0      252        0      279        0      264        0      246
            0      258        0      246        0      261        0      261
            0      246        0      252        0      270        0      246
            0      255        0        0      252        0      243        0
          258        0      252        0      243        0      243        0
          243        0      249        0      228        0      246        0
          243        0      252        0      243        0        0      261
            0      246        0      255        0      252        0      258
            0      234        0      240        0      255        0      243
            0      227        0      238        0      209        0      232
            0        0      224        0      225        0      240        0
          234        0      211        0      219        0      204        0
          185        0      197        0      198        0      227        0
          222        0      225        0        0      224        0      196
            0      196        0      173        0      175        0      180
            0      231        0      233        0      252        0      252
            0      211        0      176        0      190        0        0

Atom Distribution No.   148 at run step   43095:

  Count of atoms assigned to each task:
            0        0      179        0      184        0      205        0
          219        0      234        0      231        0      240        0
          200        0      182        0      162        0      177        0
          176        0        0      214        0      240        0      246
            0      246        0      221        0      216        0      201
            0      200        0      206        0      235        0      231
            0      249        0      240        0        0      216        0
          229        0      229        0      211        0      249        0
          228        0      237        0      237        0      252        0
          246        0      249        0      261        0      237        0
            0      252        0      255        0      267        0      246
            0      258        0      234        0      258        0      249
            0      252        0      261        0      264        0      267
            0      249        0        0      240        0      246        0
          249        0      246        0      249        0      237        0
          246        0      237        0      252        0      234        0
          252        0      252        0      240        0        0      246
            0      258        0      246        0      264        0      258
            0      249        0      240        0      231        0      240
            0      242        0      234        0      221        0      221
            0        0      228        0      219        0      237        0
          234        0      207        0      213        0      220        0
          179        0      195        0      203        0      243        0
          225        0      225        0        0      223        0      180
            0      203        0      174        0      186        0      195
            0      216        0      222        0      246        0      258
            0      216        0      170        0      184        0        0

Atom Distribution No.   149 at run step   43392:

  Count of atoms assigned to each task:
            0        0      170        0      187        0      206        0
          219        0      237        0      243        0      225        0
          216        0      178        0      170        0      184        0
          178        0        0      210        0      234        0      237
            0      252        0      211        0      209        0      209
            0      206        0      212        0      210        0      249
            0      258        0      234        0        0      265        0
          223        0      190        0      224        0      252        0
          240        0      228        0      231        0      240        0
          231        0      230        0      247        0      240        0
            0      246        0      252        0      282        0      270
            0      237        0      246        0      258        0      252
            0      267        0      255        0      249        0      267
            0      255        0        0      243        0      237        0
          240        0      246        0      231        0      255        0
          234        0      249        0      246        0      240        0
          255        0      249        0      246        0        0      252
            0      270        0      240        0      255        0      273
            0      240        0      228        0      246        0      249
            0      230        0      223        0      239        0      224
            0        0      241        0      225        0      234        0
          228        0      237        0      207        0      206        0
          168        0      184        0      222        0      213        0
          234        0      210        0        0      226        0      172
            0      224        0      181        0      205        0      196
            0      211        0      246        0      240        0      231
            0      213        0      174        0      169        0        0

Atom Distribution No.   150 at run step   43692:

  Count of atoms assigned to each task:
            0        0      163        0      191        0      203        0
          240        0      243        0      210        0      244        0
          203        0      196        0      177        0      188        0
          166        0        0      219        0      243        0      231
            0      262        0      210        0      205        0      205
            0      212        0      226        0      222        0      270
            0      249        0      240        0        0      232        0
          223        0      192        0      234        0      237        0
          246        0      237        0      252        0      228        0
          239        0      220        0      237        0      249        0
            0      273        0      252        0      264        0      255
            0      270        0      258        0      264        0      246
            0      264        0      261        0      258        0      234
            0      252        0        0      234        0      234        0
          231        0      240        0      246        0      240        0
          243        0      246        0      228        0      252        0
          237        0      246        0      243        0        0      252
            0      261        0      237        0      273        0      276
            0      240        0      246        0      234        0      222
            0      242        0      237        0      226        0      228
            0        0      211        0      219        0      228        0
          237        0      222        0      200        0      225        0
          172        0      187        0      201        0      219        0
          228        0      240        0        0      225        0      178
            0      210        0      186        0      176        0      205
            0      212        0      246        0      249        0      240
            0      214        0      168        0      171        0        0

Atom Distribution No.   151 at run step   43990:

  Count of atoms assigned to each task:
            0        0      188        0      189        0      217        0
          225        0      228        0      234        0      221        0
          216        0      175        0      180        0      159        0
          176        0        0      208        0      254        0      270
            0      256        0      205        0      203        0      186
            0      229        0      217        0      251        0      261
            0      252        0      246        0        0      228        0
          225        0      209        0      255        0      246        0
          246        0      231        0      252        0      234        0
          228        0      237        0      240        0      246        0
            0      243        0      264        0      246        0      258
            0      255        0      243        0      258        0      261
            0      240        0      255        0      258        0      246
            0      249        0        0      231        0      249        0
          249        0      243        0      252        0      237        0
          261        0      237        0      243        0      255        0
          225        0      243        0      243        0        0      270
            0      225        0      243        0      255        0      267
            0      249        0      243        0      237        0      231
            0      241        0      230        0      227        0      240
            0        0      230        0      234        0      231        0
          231        0      201        0      210        0      180        0
          179        0      175        0      197        0      207        0
          216        0      237        0        0      226        0      204
            0      164        0      208        0      194        0      197
            0      226        0      255        0      231        0      249
            0      212        0      167        0      172        0        0

Atom Distribution No.   152 at run step   44288:

  Count of atoms assigned to each task:
            0        0      172        0      179        0      218        0
          231        0      243        0      246        0      224        0
          198        0      180        0      155        0      175        0
          194        0        0      199        0      237        0      264
            0      223        0      218        0      212        0      191
            0      208        0      230        0      247        0      246
            0      252        0      255        0        0      212        0
          215        0      230        0      235        0      249        0
          243        0      252        0      240        0      237        0
          230        0      244        0      234        0      240        0
            0      258        0      255        0      246        0      258
            0      237        0      264        0      252        0      273
            0      249        0      264        0      252        0      261
            0      255        0        0      216        0      243        0
          243        0      249        0      249        0      249        0
          258        0      234        0      237        0      234        0
          255        0      240        0      228        0        0      258
            0      258        0      231        0      264        0      258
            0      240        0      249        0      252        0      237
            0      227        0      239        0      235        0      214
            0        0      224        0      238        0      231        0
          225        0      204        0      203        0      183        0
          195        0      168        0      199        0      218        0
          237        0      231        0        0      234        0      167
            0      198        0      201        0      181        0      189
            0      223        0      258        0      243        0      246
            0      217        0      190        0      176        0        0

Atom Distribution No.   153 at run step   44584:

  Count of atoms assigned to each task:
            0        0      181        0      190        0      212        0
          236        0      234        0      243        0      221        0
          196        0      177        0      180        0      176        0
          193        0        0      203        0      234        0      252
            0      229        0      228        0      212        0      195
            0      195        0      219        0      240        0      252
            0      228        0      231        0        0      234        0
          199        0      223        0      242        0      225        0
          237        0      243        0      234        0      240        0
          234        0      236        0      255        0      258        0
            0      252        0      261        0      255        0      261
            0      252        0      243        0      243        0      252
            0      249        0      249        0      264        0      261
            0      264        0        0      234        0      249        0
          252        0      255        0      258        0      261        0
          243        0      240        0      258        0      237        0
          243        0      243        0      237        0        0      252
            0      264        0      258        0      273        0      249
            0      249        0      246        0      252        0      243
            0      236        0      243        0      217        0      232
            0        0      218        0      228        0      234        0
          207        0      230        0      199        0      187        0
          168        0      201        0      161        0      222        0
          234        0      240        0        0      243        0      189
            0      190        0      169        0      174        0      212
            0      214        0      240        0      261        0      252
            0      203        0      167        0      168        0        0

Atom Distribution No.   154 at run step   44884:

  Count of atoms assigned to each task:
            0        0      182        0      194        0      214        0
          221        0      225        0      231        0      213        0
          185        0      174        0      166        0      188        0
          188        0        0      222        0      243        0      234
            0      252        0      212        0      213        0      208
            0      193        0      225        0      215        0      261
            0      234        0      237        0        0      243        0
          214        0      217        0      225        0      243        0
          246        0      252        0      237        0      225        0
          231        0      236        0      249        0      243        0
            0      276        0      267        0      258        0      258
            0      246        0      252        0      252        0      261
            0      258        0      243        0      264        0      264
            0      258        0        0      234        0      243        0
          237        0      252        0      252        0      243        0
          246        0      243        0      231        0      252        0
          249        0      222        0      240        0        0      279
            0      252        0      252        0      264        0      249
            0      231        0      255        0      243        0      222
            0      239        0      225        0      205        0      229
            0        0      224        0      222        0      243        0
          240        0      223        0      197        0      192        0
          188        0      173        0      196        0      240        0
          237        0      237        0        0      234        0      199
            0      179        0      179        0      182        0      195
            0      217        0      249        0      246        0      252
            0      211        0      182        0      184        0        0

Atom Distribution No.   155 at run step   45175:

  Count of atoms assigned to each task:
            0        0      181        0      182        0      209        0
          223        0      255        0      228        0      220        0
          214        0      173        0      162        0      183        0
          178        0        0      208        0      237        0      246
            0      240        0      218        0      200        0      203
            0      206        0      216        0      213        0      261
            0      243        0      234        0        0      237        0
          224        0      225        0      226        0      249        0
          231        0      249        0      240        0      234        0
          227        0      240        0      252        0      249        0
            0      258        0      258        0      258        0      252
            0      240        0      246        0      249        0      255
            0      267        0      270        0      264        0      282
            0      252        0        0      249        0      255        0
          249        0      252        0      249        0      240        0
          246        0      243        0      234        0      234        0
          240        0      240        0      252        0        0      255
            0      255        0      234        0      267        0      273
            0      243        0      252        0      243        0      234
            0      229        0      243        0      226        0      217
            0        0      220        0      228        0      240        0
          234        0      215        0      189        0      170        0
          166        0      173        0      203        0      233        0
          234        0      222        0        0      237        0      192
            0      171        0      195        0      188        0      193
            0      242        0      237        0      252        0      246
            0      208        0      166        0      183        0        0

Atom Distribution No.   156 at run step   45470:

  Count of atoms assigned to each task:
            0        0      177        0      197        0      199        0
          208        0      243        0      228        0      225        0
          202        0      190        0      175        0      178        0
          188        0        0      213        0      234        0      246
            0      240        0      224        0      219        0      203
            0      199        0      209        0      230        0      252
            0      276        0      255        0        0      231        0
          216        0      195        0      220        0      258        0
          216        0      237        0      243        0      222        0
          236        0      238        0      243        0      252        0
            0      252        0      261        0      258        0      246
            0      258        0      249        0      258        0      267
            0      279        0      255        0      264        0      249
            0      246        0        0      252        0      255        0
          264        0      249        0      243        0      246        0
          249        0      249        0      237        0      240        0
          252        0      240        0      246        0        0      252
            0      249        0      246        0      261        0      255
            0      246        0      249        0      228        0      240
            0      232        0      239        0      215        0      213
            0        0      226        0      228        0      219        0
          240        0      211        0      198        0      185        0
          193        0      167        0      211        0      236        0
          207        0      234        0        0      225        0      186
            0      196        0      198        0      167        0      209
            0      232        0      240        0      246        0      246
            0      207        0      180        0      165        0        0

Atom Distribution No.   157 at run step   45765:

  Count of atoms assigned to each task:
            0        0      195        0      179        0      212        0
          207        0      249        0      255        0      237        0
          205        0      187        0      172        0      166        0
          175        0        0      192        0      252        0      249
            0      243        0      221        0      200        0      202
            0      209        0      192        0      233        0      240
            0      252        0      258        0        0      225        0
          207        0      227        0      229        0      261        0
          231        0      237        0      237        0      240        0
          242        0      243        0      243        0      261        0
            0      267        0      255        0      261        0      252
            0      255        0      246        0      252        0      273
            0      255        0      255        0      273        0      264
            0      255        0        0      240        0      252        0
          237        0      249        0      237        0      231        0
          249        0      240        0      246        0      255        0
          243        0      252        0      249        0        0      264
            0      246        0      255        0      270        0      252
            0      243        0      237        0      234        0      243
            0      221        0      224        0      228        0      237
            0        0      226        0      222        0      225        0
          222        0      218        0      211        0      165        0
          183        0      173        0      207        0      215        0
          231        0      228        0        0      224        0      188
            0      168        0      201        0      164        0      204
            0      233        0      237        0      234        0      243
            0      200        0      188        0      186        0        0

Atom Distribution No.   158 at run step   46060:

  Count of atoms assigned to each task:
            0        0      181        0      189        0      212        0
          216        0      234        0      234        0      238        0
          211        0      179        0      159        0      178        0
          174        0        0      214        0      234        0      264
            0      240        0      212        0      205        0      205
            0      193        0      218        0      223        0      237
            0      243        0      246        0        0      243        0
          225        0      224        0      229        0      234        0
          243        0      252        0      255        0      222        0
          224        0      225        0      226        0      240        0
            0      252        0      270        0      246        0      264
            0      258        0      264        0      258        0      270
            0      249        0      261        0      249        0      258
            0      252        0        0      231        0      240        0
          231        0      237        0      243        0      237        0
          237        0      228        0      243        0      252        0
          240        0      246        0      255        0        0      267
            0      258        0      258        0      270        0      252
            0      252        0      246        0      246        0      255
            0      236        0      234        0      218        0      232
            0        0      233        0      243        0      234        0
          231        0      218        0      191        0      177        0
          193        0      163        0      206        0      221        0
          228        0      222        0        0      225        0      201
            0      182        0      204        0      179        0      206
            0      236        0      240        0      246        0      252
            0      210        0      157        0      184        0        0

Atom Distribution No.   159 at run step   46352:

  Count of atoms assigned to each task:
            0        0      177        0      186        0      219        0
          232        0      240        0      243        0      249        0
          205        0      175        0      181        0      167        0
          194        0        0      213        0      219        0      249
            0      255        0      214        0      206        0      190
            0      205        0      208        0      232        0      234
            0      243        0      240        0        0      237        0
          195        0      230        0      235        0      234        0
          255        0      240        0      240        0      243        0
          237        0      239        0      231        0      249        0
            0      246        0      264        0      249        0      264
            0      279        0      252        0      246        0      255
            0      270        0      267        0      264        0      252
            0      258        0        0      237        0      243        0
          237        0      243        0      225        0      237        0
          249        0      234        0      240        0      249        0
          255        0      243        0      246        0        0      276
            0      258        0      258        0      273        0      249
            0      261        0      240        0      246        0      270
            0      235        0      215        0      226        0      223
            0        0      229        0      222        0      225        0
          237        0      212        0      207        0      180        0
          175        0      179        0      202        0      221        0
          249        0      222        0        0      241        0      171
            0      174        0      188        0      198        0      174
            0      229        0      234        0      234        0      236
            0      195        0      165        0      184        0        0

Atom Distribution No.   160 at run step   46640:

  Count of atoms assigned to each task:
            0        0      180        0      198        0      214        0
          237        0      240        0      252        0      233        0
          208        0      176        0      160        0      181        0
          174        0        0      220        0      231        0      237
            0      241        0      206        0      216        0      216
            0      194        0      235        0      220        0      252
            0      234        0      243        0        0      226        0
          236        0      210        0      220        0      243        0
          240        0      237        0      252        0      240        0
          237        0      224        0      249        0      243        0
            0      255        0      264        0      258        0      270
            0      255        0      255        0      222        0      255
            0      261        0      258        0      252        0      249
            0      264        0        0      237        0      258        0
          243        0      243        0      237        0      255        0
          240        0      237        0      246        0      234        0
          237        0      252        0      243        0        0      255
            0      267        0      255        0      258        0      249
            0      246        0      240        0      255        0      252
            0      244        0      226        0      217        0      231
            0        0      222        0      228        0      243        0
          222        0      213        0      215        0      198        0
          176        0      175        0      216        0      237        0
          213        0      213        0        0      243        0      180
            0      187        0      197        0      185        0      188
            0      224        0      234        0      237        0      246
            0      187        0      186        0      163        0        0

Atom Distribution No.   161 at run step   46942:

  Count of atoms assigned to each task:
            0        0      197        0      188        0      224        0
          229        0      249        0      243        0      219        0
          212        0      191        0      185        0      169        0
          217        0        0      197        0      249        0      237
            0      235        0      199        0      212        0      191
            0      201        0      202        0      233        0      237
            0      231        0      246        0        0      240        0
          219        0      236        0      211        0      243        0
          240        0      246        0      243        0      240        0
          225        0      237        0      240        0      258        0
            0      252        0      270        0      255        0      264
            0      273        0      255        0      246        0      255
            0      255        0      255        0      258        0      255
            0      249        0        0      240        0      240        0
          237        0      246        0      231        0      249        0
          228        0      240        0      246        0      246        0
          237        0      246        0      240        0        0      273
            0      258        0      249        0      264        0      258
            0      237        0      246        0      264        0      237
            0      238        0      223        0      220        0      219
            0        0      233        0      228        0      222        0
          210        0      217        0      196        0      211        0
          182        0      172        0      214        0      228        0
          219        0      225        0        0      227        0      195
            0      176        0      172        0      197        0      190
            0      239        0      246        0      243        0      243
            0      208        0      168        0      172        0        0

Atom Distribution No.   162 at run step   47247:

  Count of atoms assigned to each task:
            0        0      183        0      193        0      205        0
          214        0      237        0      240        0      217        0
          190        0      192        0      168        0      185        0
          186        0        0      237        0      249        0      258
            0      239        0      222        0      194        0      188
            0      220        0      223        0      226        0      258
            0      240        0      252        0        0      234        0
          225        0      209        0      229        0      249        0
          240        0      237        0      246        0      243        0
          240        0      219        0      246        0      261        0
            0      258        0      255        0      267        0      258
            0      261        0      252        0      267        0      261
            0      267        0      261        0      246        0      252
            0      261        0        0      222        0      246        0
          255        0      246        0      240        0      252        0
          240        0      249        0      240        0      228        0
          234        0      240        0      246        0        0      255
            0      243        0      246        0      240        0      285
            0      261        0      240        0      255        0      230
            0      233        0      232        0      220        0      220
            0        0      213        0      222        0      246        0
          231        0      201        0      201        0      202        0
          187        0      186        0      211        0      234        0
          219        0      219        0        0      218        0      190
            0      196        0      199        0      172        0      176
            0      220        0      246        0      240        0      246
            0      199        0      154        0      172        0        0

Atom Distribution No.   163 at run step   47550:

  Count of atoms assigned to each task:
            0        0      193        0      189        0      199        0
          228        0      243        0      228        0      230        0
          203        0      177        0      157        0      180        0
          194        0        0      215        0      237        0      270
            0      233        0      225        0      206        0      184
            0      222        0      226        0      255        0      237
            0      243        0      249        0        0      231        0
          218        0      216        0      232        0      234        0
          246        0      249        0      243        0      243        0
          225        0      252        0      246        0      243        0
            0      270        0      255        0      258        0      258
            0      258        0      243        0      246        0      261
            0      264        0      267        0      246        0      246
            0      237        0        0      243        0      234        0
          258        0      231        0      231        0      255        0
          237        0      240        0      246        0      252        0
          228        0      231        0      243        0        0      264
            0      267        0      252        0      243        0      252
            0      261        0      258        0      255        0      231
            0      235        0      226        0      230        0      234
            0        0      237        0      225        0      231        0
          213        0      203        0      203        0      209        0
          179        0      162        0      220        0      225        0
          237        0      222        0        0      222        0      176
            0      186        0      175        0      205        0      189
            0      220        0      252        0      234        0      252
            0      195        0      172        0      167        0        0

Atom Distribution No.   164 at run step   47844:

  Count of atoms assigned to each task:
            0        0      174        0      184        0      207        0
          235        0      234        0      240        0      233        0
          207        0      181        0      180        0      178        0
          192        0        0      204        0      258        0      264
            0      224        0      224        0      213        0      185
            0      199        0      233        0      269        0      246
            0      240        0      240        0        0      223        0
          226        0      226        0      232        0      249        0
          228        0      246        0      234        0      252        0
          218        0      253        0      231        0      255        0
            0      255        0      264        0      249        0      258
            0      237        0      240        0      252        0      264
            0      258        0      243        0      258        0      255
            0      249        0        0      228        0      255        0
          237        0      252        0      228        0      249        0
          252        0      246        0      240        0      252        0
          246        0      231        0      249        0        0      237
            0      246        0      255        0      267        0      252
            0      255        0      246        0      234        0      249
            0      244        0      217        0      212        0      218
            0        0      214        0      234        0      225        0
          234        0      216        0      186        0      213        0
          180        0      173        0      210        0      231        0
          228        0      237        0        0      235        0      187
            0      189        0      189        0      201        0      173
            0      227        0      252        0      255        0      240
            0      184        0      166        0      183        0        0

Atom Distribution No.   165 at run step   48139:

  Count of atoms assigned to each task:
            0        0      182        0      181        0      204        0
          234        0      258        0      249        0      226        0
          204        0      164        0      176        0      177        0
          202        0        0      204        0      246        0      246
            0      233        0      216        0      194        0      192
            0      192        0      226        0      232        0      243
            0      243        0      237        0        0      219        0
          201        0      225        0      231        0      238        0
          246        0      237        0      237        0      246        0
          231        0      232        0      243        0      252        0
            0      258        0      264        0      258        0      267
            0      264        0      243        0      258        0      252
            0      255        0      273        0      246        0      258
            0      246        0        0      234        0      231        0
          240        0      249        0      237        0      249        0
          255        0      225        0      237        0      237        0
          252        0      243        0      240        0        0      264
            0      267        0      246        0      267        0      264
            0      240        0      240        0      243        0      237
            0      245        0      245        0      219        0      209
            0        0      237        0      231        0      231        0
          240        0      219        0      188        0      190        0
          200        0      171        0      217        0      240        0
          225        0      240        0        0      228        0      178
            0      207        0      192        0      179        0      190
            0      228        0      237        0      255        0      225
            0      194        0      180        0      180        0        0

Atom Distribution No.   166 at run step   48438:

  Count of atoms assigned to each task:
            0        0      187        0      180        0      207        0
          228        0      228        0      246        0      219        0
          211        0      196        0      158        0      183        0
          195        0        0      209        0      234        0      246
            0      225        0      225        0      211        0      204
            0      192        0      214        0      228        0      213
            0      249        0      234        0        0      222        0
          213        0      230        0      225        0      241        0
          231        0      258        0      231        0      252        0
          228        0      215        0      224        0      243        0
            0      270        0      249        0      255        0      258
            0      252        0      249        0      246        0      255
            0      246        0      276        0      258        0      255
            0      258        0        0      252        0      252        0
          240        0      255        0      240        0      258        0
          237        0      237        0      234        0      234        0
          231        0      231        0      258        0        0      249
            0      261        0      267        0      258        0      261
            0      243        0      243        0      237        0      255
            0      239        0      239        0      212        0      231
            0        0      220        0      232        0      240        0
          231        0      230        0      197        0      204        0
          179        0      174        0      216        0      243        0
          228        0      213        0        0      214        0      190
            0      213        0      200        0      181        0      203
            0      242        0      237        0      261        0      234
            0      188        0      178        0      194        0        0

Atom Distribution No.   167 at run step   48735:

  Count of atoms assigned to each task:
            0        0      181        0      188        0      221        0
          230        0      246        0      249        0      225        0
          212        0      165        0      166        0      170        0
          188        0        0      192        0      243        0      234
            0      228        0      227        0      209        0      194
            0      199        0      227        0      230        0      237
            0      234        0      252        0        0      234        0
          219        0      228        0      225        0      228        0
          234        0      252        0      237        0      225        0
          255        0      218        0      244        0      234        0
            0      276        0      270        0      258        0      258
            0      237        0      243        0      240        0      249
            0      243        0      276        0      267        0      258
            0      270        0        0      240        0      243        0
          246        0      243        0      261        0      240        0
          246        0      246        0      237        0      255        0
          243        0      243        0      240        0        0      261
            0      261        0      252        0      237        0      261
            0      243        0      246        0      249        0      246
            0      245        0      241        0      230        0      222
            0        0      225        0      222        0      231        0
          243        0      228        0      184        0      213        0
          182        0      195        0      213        0      204        0
          246        0      228        0        0      232        0      201
            0      169        0      170        0      192        0      198
            0      224        0      240        0      234        0      242
            0      197        0      170        0      173        0        0

Atom Distribution No.   168 at run step   49034:

  Count of atoms assigned to each task:
            0        0      175        0      192        0      197        0
          212        0      237        0      231        0      219        0
          204        0      197        0      156        0      194        0
          196        0        0      209        0      246        0      252
            0      246        0      223        0      215        0      221
            0      204        0      215        0      218        0      252
            0      237        0      216        0        0      235        0
          236        0      216        0      223        0      249        0
          243        0      213        0      243        0      231        0
          240        0      230        0      228        0      249        0
            0      261        0      255        0      261        0      231
            0      270        0      246        0      249        0      249
            0      261        0      261        0      270        0      243
            0      249        0        0      246        0      237        0
          255        0      255        0      246        0      249        0
          228        0      240        0      240        0      237        0
          240        0      240        0      252        0        0      264
            0      273        0      252        0      255        0      267
            0      252        0      243        0      258        0      243
            0      227        0      234        0      246        0      217
            0        0      239        0      231        0      240        0
          222        0      218        0      172        0      202        0
          182        0      182        0      214        0      225        0
          234        0      225        0        0      232        0      200
            0      184        0      187        0      183        0      180
            0      233        0      231        0      255        0      234
            0      189        0      160        0      202        0        0

Atom Distribution No.   169 at run step   49334:

  Count of atoms assigned to each task:
            0        0      177        0      178        0      208        0
          212        0      231        0      225        0      230        0
          216        0      175        0      172        0      181        0
          189        0        0      217        0      246        0      255
            0      242        0      220        0      214        0      187
            0      202        0      229        0      234        0      228
            0      240        0      231        0        0      231        0
          213        0      220        0      226        0      249        0
          237        0      237        0      231        0      243        0
          236        0      238        0      234        0      249        0
            0      261        0      267        0      255        0      252
            0      249        0      240        0      243        0      264
            0      258        0      252        0      282        0      261
            0      258        0        0      249        0      246        0
          249        0      246        0      252        0      246        0
          240        0      246        0      252        0      252        0
          249        0      240        0      258        0        0      255
            0      264        0      246        0      264        0      267
            0      258        0      234        0      243        0      237
            0      247        0      238        0      214        0      233
            0        0      225        0      222        0      228        0
          219        0      218        0      174        0      205        0
          182        0      172        0      198        0      231        0
          228        0      237        0        0      236        0      173
            0      198        0      194        0      181        0      195
            0      233        0      246        0      252        0      242
            0      199        0      166        0      154        0        0

Atom Distribution No.   170 at run step   49626:

  Count of atoms assigned to each task:
            0        0      183        0      184        0      192        0
          224        0      225        0      228        0      224        0
          207        0      187        0      161        0      179        0
          181        0        0      207        0      252        0      270
            0      245        0      226        0      214        0      190
            0      196        0      225        0      230        0      273
            0      231        0      237        0        0      230        0
          233        0      219        0      243        0      240        0
          255        0      237        0      240        0      237        0
          235        0      237        0      237        0      243        0
            0      258        0      243        0      255        0      249
            0      243        0      243        0      255        0      264
            0      258        0      264        0      261        0      252
            0      240        0        0      249        0      246        0
          249        0      231        0      252        0      240        0
          222        0      246        0      249        0      255        0
          228        0      240        0      237        0        0      261
            0      255        0      258        0      276        0      249
            0      252        0      237        0      252        0      237
            0      238        0      220        0      229        0      220
            0        0      234        0      219        0      231        0
          240        0      202        0      192        0      211        0
          171        0      185        0      199        0      231        0
          237        0      222        0        0      251        0      171
            0      197        0      167        0      190        0      206
            0      237        0      246        0      243        0      240
            0      200        0      182        0      184        0        0

Atom Distribution No.   171 at run step   49920:

  Count of atoms assigned to each task:
            0        0      176        0      195        0      209        0
          210        0      246        0      234        0      225        0
          207        0      188        0      163        0      185        0
          192        0        0      225        0      240        0      255
            0      254        0      217        0      202        0      175
            0      213        0      229        0      228        0      252
            0      234        0      234        0        0      226        0
          232        0      224        0      235        0      240        0
          228        0      243        0      252        0      252        0
          220        0      249        0      240        0      240        0
            0      264        0      255        0      255        0      240
            0      255        0      252        0      243        0      279
            0      237        0      255        0      267        0      249
            0      243        0        0      237        0      240        0
          252        0      252        0      258        0      240        0
          243        0      255        0      246        0      255        0
          228        0      228        0      222        0        0      258
            0      255        0      258        0      270        0      258
            0      240        0      228        0      246        0      257
            0      224        0      218        0      222        0      224
            0        0      223        0      240        0      237        0
          231        0      214        0      194        0      208        0
          178        0      177        0      213        0      222        0
          225        0      234        0        0      217        0      173
            0      208        0      179        0      184        0      199
            0      230        0      249        0      249        0      236
            0      222        0      162        0      177        0        0

Major Routine Parallel Profiling - NonSetup CPU Seconds:

           D                                                              
           a                                                              
           t                                                              
           a                              D                               
           D         N                    i                               
           i         o                    h                               
           s         n             A      e      S      R      O         T
   T       t         B      B      n      d      h      u      t         o
   a       r         o      o      g      r      a      n      h         t
   s       i         n      n      l      a      k      M      e         a
   k       b         d      d      e      l      e      D      r         l
------------------------------------------------------------------------------
   0    62.8       5.4    0.0    0.0    0.0    0.9    3.5    0.1      72.8
   1    35.9      31.9    0.0    0.0    0.0    0.8    3.9    0.4      72.8
   2    30.8      29.7    0.5    1.2    3.6    1.1    5.3    0.6      72.8
   3    35.9      31.9    0.0    0.0    0.0    0.8    3.9    0.4      72.8
   4    30.9      30.1    0.5    1.2    3.2    1.0    5.2    0.6      72.8
   5    35.7      32.1    0.0    0.0    0.0    0.8    3.9    0.4      72.8
   6    28.5      33.6    0.6    1.0    2.3    1.0    5.1    0.6      72.8
   7    35.4      32.3    0.0    0.0    0.0    0.8    3.9    0.4      72.8
   8    29.2      35.1    0.6    0.6    0.7    1.0    5.1    0.6      72.8
   9    35.7      32.2    0.0    0.0    0.0    0.8    3.8    0.4      72.8
  10    29.4      35.3    0.6    0.5    0.4    0.9    5.0    0.6      72.8
  11    37.4      29.7    0.0    0.0    0.0    0.8    4.4    0.5      72.8
  12    29.4      35.4    0.5    0.4    0.4    1.0    5.2    0.6      72.8
  13    35.8      32.1    0.0    0.0    0.0    0.8    3.8    0.4      72.8
  14    29.3      34.8    0.6    0.6    0.8    0.9    5.1    0.6      72.8
  15    35.5      32.3    0.0    0.0    0.0    0.8    3.9    0.4      72.8
  16    29.5      32.6    0.6    1.1    2.4    1.0    5.1    0.6      72.8
  17    35.6      31.7    0.0    0.0    0.0    0.8    4.2    0.5      72.8
  18    30.8      30.0    0.5    1.3    3.6    1.0    5.0    0.6      72.8
  19    35.3      32.3    0.0    0.0    0.0    0.8    4.1    0.4      72.8
  20    30.6      30.0    0.6    1.3    3.6    1.0    5.1    0.6      72.8
  21    34.2      33.8    0.0    0.0    0.0    0.8    3.7    0.4      72.8
  22    31.1      30.1    0.6    1.3    3.4    0.9    5.0    0.5      72.8
  23    34.4      33.4    0.0    0.0    0.0    0.8    3.9    0.4      72.8
  24    30.6      30.7    0.6    1.2    3.1    0.9    5.1    0.5      72.8
  25    35.1      32.9    0.0    0.0    0.0    0.7    3.7    0.4      72.8
  26    34.3      33.0    0.0    0.0    0.0    0.8    4.2    0.5      72.8
  27    30.2      33.0    0.5    0.9    2.0    1.0    4.8    0.5      72.8
  28    34.6      32.6    0.0    0.0    0.0    0.8    4.4    0.5      72.8
  29    30.4      34.8    0.4    0.4    0.5    1.0    4.8    0.5      72.8
  30    34.2      33.1    0.0    0.0    0.0    0.8    4.3    0.5      72.8
  31    30.3      35.2    0.4    0.4    0.3    1.0    4.9    0.5      72.8
  32    34.5      32.8    0.0    0.0    0.0    0.8    4.3    0.5      72.8
  33    30.2      35.2    0.4    0.4    0.3    1.0    4.9    0.5      72.8
  34    34.5      33.1    0.0    0.0    0.0    0.8    4.0    0.4      72.8
  35    30.3      34.3    0.5    0.6    0.9    1.0    4.8    0.5      72.8
  36    34.5      32.8    0.0    0.0    0.0    0.8    4.2    0.5      72.8
  37    29.8      33.2    0.5    0.9    2.0    1.0    4.8    0.5      72.8
  38    34.6      32.6    0.0    0.0    0.0    0.8    4.4    0.5      72.8
  39    30.5      31.6    0.6    1.1    2.8    1.0    4.8    0.5      72.8
  40    35.1      32.0    0.0    0.0    0.0    0.8    4.4    0.5      72.8
  41    30.0      32.3    0.6    1.0    2.7    1.0    4.8    0.4      72.8
  42    34.9      32.3    0.0    0.0    0.0    0.7    4.4    0.5      72.8
  43    29.2      33.7    0.5    0.9    2.1    1.0    4.9    0.5      72.8
  44    34.7      32.4    0.0    0.0    0.0    0.8    4.4    0.5      72.8
  45    29.9      34.1    0.5    0.7    1.3    1.0    4.9    0.5      72.8
  46    34.7      32.4    0.0    0.0    0.0    0.8    4.4    0.5      72.8
  47    30.0      35.1    0.4    0.4    0.5    1.0    4.9    0.5      72.8
  48    33.6      33.5    0.0    0.0    0.0    0.8    4.4    0.5      72.8
  49    30.2      35.1    0.4    0.4    0.4    1.0    4.9    0.5      72.8
  50    33.2      34.3    0.0    0.0    0.0    0.8    4.1    0.4      72.8
  51    30.2      35.1    0.4    0.4    0.4    1.0    4.9    0.5      72.8
  52    33.7      33.5    0.0    0.0    0.0    0.8    4.4    0.5      72.8
  53    35.9      31.3    0.0    0.0    0.0    0.7    4.4    0.5      72.8
  54    29.2      35.1    0.5    0.6    0.7    0.9    5.1    0.6      72.8
  55    37.6      29.3    0.0    0.0    0.0    0.7    4.6    0.5      72.8
  56    28.9      34.8    0.6    0.7    1.2    0.9    5.2    0.6      72.8
  57    35.5      32.4    0.0    0.0    0.0    0.7    3.8    0.4      72.8
  58    28.6      34.4    0.6    0.8    1.8    0.9    5.1    0.6      72.8
  59    37.5      29.4    0.0    0.0    0.0    0.7    4.6    0.5      72.8
  60    28.9      35.1    0.5    0.6    1.0    0.9    5.2    0.6      72.8
  61    38.0      28.8    0.0    0.0    0.0    0.7    4.7    0.5      72.8
  62    29.3      35.4    0.5    0.5    0.5    0.9    5.1    0.6      72.8
  63    38.2      28.7    0.0    0.0    0.0    0.7    4.7    0.5      72.8
  64    29.8      35.2    0.5    0.4    0.4    0.9    5.0    0.6      72.8
  65    36.4      30.9    0.0    0.0    0.0    0.7    4.2    0.5      72.8
  66    29.4      35.4    0.5    0.5    0.4    0.9    5.1    0.6      72.8
  67    37.5      29.6    0.0    0.0    0.0    0.7    4.5    0.5      72.8
  68    29.5      35.3    0.5    0.5    0.4    0.9    5.1    0.6      72.8
  69    38.0      29.1    0.0    0.0    0.0    0.7    4.5    0.5      72.8
  70    29.8      35.1    0.5    0.4    0.4    0.9    5.0    0.6      72.8
  71    37.3      29.7    0.0    0.0    0.0    0.7    4.5    0.5      72.8
  72    28.8      36.4    0.3    0.3    0.2    0.7    5.5    0.6      72.7
  73    36.3      32.0    0.0    0.0    0.0    0.6    3.4    0.4      72.8
  74    28.9      36.0    0.4    0.4    0.6    0.7    5.3    0.6      72.8
  75    35.9      32.8    0.0    0.0    0.0    0.6    3.1    0.3      72.8
  76    29.0      36.5    0.3    0.3    0.3    0.7    5.3    0.5      72.8
  77    36.4      31.9    0.0    0.0    0.0    0.6    3.5    0.4      72.8
  78    29.2      36.3    0.3    0.2    0.2    0.7    5.3    0.6      72.8
  79    37.9      30.3    0.0    0.0    0.0    0.6    3.5    0.4      72.8
  80    35.0      31.7    0.0    0.0    0.0    0.6    4.7    0.8      72.8
  81    30.7      35.1    0.4    0.4    0.4    0.8    4.4    0.5      72.8
  82    35.3      31.4    0.0    0.0    0.0    0.5    4.7    0.9      72.8
  83    30.7      35.1    0.4    0.4    0.4    0.8    4.4    0.5      72.8
  84    36.3      30.1    0.0    0.0    0.0    0.5    5.1    0.7      72.8
  85    31.0      34.9    0.4    0.4    0.4    0.8    4.3    0.5      72.8
  86    36.0      30.6    0.0    0.0    0.0    0.5    4.9    0.8      72.8
  87    30.9      35.0    0.4    0.4    0.4    0.8    4.3    0.5      72.8
  88    35.6      31.1    0.0    0.0    0.0    0.5    4.7    0.9      72.8
  89    30.9      35.1    0.4    0.4    0.4    0.8    4.3    0.5      72.8
  90    35.5      31.5    0.0    0.0    0.0    0.5    4.4    0.8      72.8
  91    30.8      35.3    0.4    0.4    0.3    0.8    4.3    0.4      72.8
  92    36.2      30.2    0.0    0.0    0.0    0.5    5.1    0.9      72.8
  93    30.8      35.3    0.4    0.4    0.3    0.8    4.4    0.4      72.8
  94    36.9      29.4    0.0    0.0    0.0    0.5    5.1    0.9      72.8
  95    30.8      35.2    0.4    0.4    0.3    0.8    4.4    0.4      72.8
  96    36.5      29.6    0.0    0.0    0.0    0.6    5.3    0.9      72.8
  97    30.7      35.3    0.4    0.4    0.3    0.8    4.4    0.5      72.8
  98    36.6      29.7    0.0    0.0    0.0    0.5    5.1    0.9      72.8
  99    30.7      35.2    0.4    0.4    0.4    0.8    4.4    0.5      72.8
 100    36.5      29.6    0.0    0.0    0.0    0.6    5.3    0.8      72.8
 101    30.8      35.2    0.4    0.4    0.4    0.8    4.4    0.5      72.8
 102    34.6      31.7    0.0    0.0    0.0    0.5    5.2    0.8      72.8
 103    30.6      35.3    0.4    0.4    0.4    0.8    4.4    0.5      72.8
 104    33.9      32.7    0.0    0.0    0.0    0.5    4.8    0.9      72.8
 105    30.7      35.4    0.4    0.4    0.3    0.8    4.3    0.4      72.8
 106    33.8      33.2    0.0    0.0    0.0    0.5    4.5    0.8      72.8
 107    37.0      30.8    0.0    0.0    0.0    0.6    3.8    0.5      72.8
 108    29.3      36.6    0.3    0.2    0.2    0.7    5.1    0.4      72.8
 109    38.9      29.1    0.0    0.0    0.0    0.6    3.7    0.5      72.8
 110    29.6      36.3    0.3    0.2    0.2    0.7    5.1    0.5      72.8
 111    38.8      29.2    0.0    0.0    0.0    0.6    3.7    0.5      72.8
 112    28.7      36.5    0.3    0.3    0.2    0.7    5.5    0.5      72.8
 113    38.7      29.4    0.0    0.0    0.0    0.6    3.6    0.5      72.8
 114    29.0      36.4    0.3    0.3    0.2    0.7    5.3    0.5      72.8
 115    38.5      29.5    0.0    0.0    0.0    0.6    3.7    0.5      72.8
 116    28.9      36.5    0.3    0.3    0.2    0.7    5.4    0.5      72.8
 117    38.7      29.3    0.0    0.0    0.0    0.6    3.7    0.5      72.8
 118    29.5      36.2    0.3    0.3    0.2    0.7    5.1    0.5      72.8
 119    38.1      30.4    0.0    0.0    0.0    0.6    3.3    0.4      72.8
 120    29.0      36.5    0.3    0.3    0.2    0.7    5.4    0.5      72.8
 121    38.2      30.2    0.0    0.0    0.0    0.6    3.4    0.4      72.8
 122    29.5      36.4    0.3    0.2    0.2    0.7    5.0    0.5      72.8
 123    38.6      29.5    0.0    0.0    0.0    0.6    3.7    0.5      72.8
 124    29.1      36.6    0.3    0.2    0.2    0.7    5.2    0.5      72.7
 125    36.9      31.0    0.0    0.0    0.0    0.6    3.8    0.5      72.8
 126    29.5      36.2    0.3    0.3    0.2    0.7    5.1    0.5      72.8
 127    37.0      30.9    0.0    0.0    0.0    0.6    3.8    0.5      72.8
 128    28.6      36.5    0.4    0.3    0.2    0.7    5.6    0.5      72.8
 129    36.6      31.4    0.0    0.0    0.0    0.6    3.7    0.5      72.8
 130    29.0      36.4    0.4    0.3    0.2    0.7    5.4    0.6      72.8
 131    36.6      31.5    0.0    0.0    0.0    0.6    3.6    0.5      72.8
 132    28.9      36.4    0.4    0.3    0.2    0.7    5.4    0.6      72.8
 133    38.2      29.7    0.0    0.0    0.0    0.6    3.7    0.5      72.8
 134    36.3      30.1    0.0    0.0    0.0    0.5    5.1    0.8      72.8
 135    31.1      34.9    0.4    0.4    0.4    0.8    4.3    0.5      72.8
 136    36.4      29.9    0.0    0.0    0.0    0.6    5.2    0.7      72.8
 137    31.0      35.0    0.4    0.4    0.4    0.8    4.3    0.5      72.8
 138    36.9      29.7    0.0    0.0    0.0    0.5    5.1    0.7      72.8
 139    31.2      34.9    0.4    0.4    0.3    0.8    4.3    0.5      72.8
 140    39.2      27.6    0.0    0.0    0.0    0.5    5.0    0.5      72.8
 141    31.3      35.0    0.4    0.3    0.3    0.8    4.2    0.4      72.8
 142    39.8      27.0    0.0    0.0    0.0    0.5    5.0    0.5      72.8
 143    31.4      34.9    0.4    0.3    0.3    0.8    4.2    0.4      72.8
 144    33.3      31.8    0.0    0.0    0.0    0.9    6.0    0.9      72.8
 145    27.5      35.8    0.5    0.4    0.3    1.1    6.4    0.8      72.8
 146    33.3      31.9    0.0    0.0    0.0    0.9    5.9    0.9      72.8
 147    27.5      35.8    0.5    0.4    0.4    1.1    6.4    0.8      72.8
 148    34.6      30.4    0.0    0.0    0.0    0.9    6.0    0.9      72.8
 149    27.7      35.7    0.5    0.4    0.3    1.1    6.3    0.8      72.8
 150    34.6      30.7    0.0    0.0    0.0    0.9    5.7    0.9      72.8
 151    27.6      35.7    0.5    0.4    0.4    1.1    6.3    0.8      72.8
 152    34.4      30.6    0.0    0.0    0.0    0.9    6.0    0.9      72.8
 153    27.9      35.6    0.5    0.4    0.4    1.1    6.2    0.7      72.8
 154    34.5      30.5    0.0    0.0    0.0    0.9    6.1    0.9      72.8
 155    27.8      35.6    0.4    0.4    0.5    1.1    6.2    0.7      72.8
 156    32.8      32.1    0.0    0.0    0.0    0.9    6.2    0.9      72.8
 157    27.5      35.1    0.5    0.6    1.1    1.1    6.2    0.7      72.8
 158    32.8      32.1    0.0    0.0    0.0    0.9    6.1    0.9      72.8
 159    27.4      34.9    0.5    0.7    1.2    1.1    6.3    0.7      72.8
 160    32.8      32.0    0.0    0.0    0.0    0.9    6.2    0.9      72.8
 161    35.6      29.6    0.0    0.0    0.0    0.9    5.9    0.8      72.8
 162    27.2      35.4    0.6    0.6    0.7    1.1    6.5    0.7      72.8
 163    38.0      27.2    0.0    0.0    0.0    0.9    6.0    0.8      72.8
 164    27.4      35.5    0.6    0.5    0.4    1.1    6.6    0.7      72.8
 165    37.2      28.3    0.0    0.0    0.0    0.9    5.6    0.9      72.8
 166    27.5      35.7    0.6    0.4    0.3    1.1    6.5    0.7      72.8
 167    36.6      29.2    0.0    0.0    0.0    0.9    5.3    0.8      72.8
 168    27.4      35.8    0.6    0.4    0.3    1.0    6.6    0.7      72.8
 169    37.8      27.3    0.0    0.0    0.0    0.9    6.0    0.8      72.8
 170    27.4      35.4    0.6    0.5    0.6    1.1    6.5    0.7      72.8
 171    37.5      27.8    0.0    0.0    0.0    0.9    5.8    0.9      72.8
 172    27.3      35.2    0.6    0.6    0.9    1.1    6.5    0.6      72.8
 173    36.7      29.3    0.0    0.0    0.0    0.9    5.1    0.8      72.8
 174    27.3      34.8    0.6    0.7    1.4    1.1    6.4    0.6      72.8
 175    36.1      30.2    0.0    0.0    0.0    0.9    4.9    0.7      72.8
 176    28.3      31.7    0.8    1.2    2.5    1.1    6.5    0.6      72.8
 177    36.8      29.1    0.0    0.0    0.0    0.9    5.3    0.7      72.8
 178    28.6      31.6    0.8    1.2    2.4    1.1    6.4    0.7      72.8
 179    34.7      31.4    0.0    0.0    0.0    0.9    5.1    0.7      72.8
 180    27.5      34.6    0.6    0.7    1.1    1.1    6.4    0.7      72.8
 181    35.0      30.9    0.0    0.0    0.0    0.9    5.2    0.8      72.8
 182    27.9      35.3    0.6    0.5    0.4    1.1    6.5    0.7      72.8
 183    35.0      30.9    0.0    0.0    0.0    0.9    5.2    0.8      72.8
 184    27.8      35.3    0.6    0.5    0.4    1.1    6.5    0.7      72.8
 185    34.6      31.7    0.0    0.0    0.0    0.9    4.9    0.7      72.8
 186    28.0      35.3    0.6    0.5    0.3    1.1    6.4    0.7      72.8
 187    35.5      31.5    0.0    0.0    0.0    0.9    4.5    0.5      72.8
 188    33.1      33.5    0.0    0.0    0.0    0.9    4.7    0.6      72.8
 189    27.3      35.3    0.5    0.6    0.9    1.1    6.3    0.7      72.8
 190    33.3      32.8    0.0    0.0    0.0    0.9    5.1    0.7      72.8
 191    27.4      33.7    0.6    0.9    2.0    1.2    6.3    0.7      72.8
 192    32.8      32.8    0.0    0.0    0.0    1.0    5.5    0.8      72.8
 193    27.4      33.6    0.6    0.9    2.1    1.2    6.3    0.7      72.8
 194    32.9      32.6    0.0    0.0    0.0    0.9    5.5    0.8      72.8
 195    28.8      31.0    0.7    1.2    3.0    1.2    6.3    0.7      72.8
 196    32.9      32.5    0.0    0.0    0.0    1.0    5.6    0.8      72.8
 197    28.9      30.6    0.7    1.3    3.2    1.1    6.3    0.8      72.8
 198    32.9      32.8    0.0    0.0    0.0    0.9    5.4    0.8      72.8
 199    28.1      32.1    0.7    1.1    2.5    1.2    6.3    0.8      72.8
 200    32.7      33.3    0.0    0.0    0.0    0.9    5.2    0.7      72.8
 201    27.3      35.0    0.5    0.6    1.2    1.1    6.3    0.7      72.8
 202    32.4      33.6    0.0    0.0    0.0    0.9    5.3    0.8      72.8
 203    27.6      35.7    0.5    0.4    0.3    1.1    6.4    0.7      72.8
 204    32.5      33.1    0.0    0.0    0.0    0.9    5.4    0.8      72.8
 205    27.6      35.9    0.4    0.4    0.3    1.1    6.3    0.7      72.8
 206    32.5      33.2    0.0    0.0    0.0    0.9    5.4    0.8      72.8
 207    27.5      35.6    0.5    0.5    0.5    1.1    6.3    0.8      72.8
 208    32.9      32.3    0.0    0.0    0.0    0.9    5.8    0.8      72.8
 209    27.4      33.7    0.6    0.9    2.1    1.1    6.3    0.7      72.8
 210    33.1      32.0    0.0    0.0    0.0    0.9    6.0    0.7      72.8
 211    29.1      30.7    0.7    1.3    3.0    1.1    6.2    0.7      72.8
 212    32.9      32.3    0.0    0.0    0.0    0.9    6.0    0.7      72.8
 213    29.3      30.7    0.7    1.3    2.9    1.1    6.2    0.7      72.8
 214    32.9      32.3    0.0    0.0    0.0    0.9    6.0    0.7      72.8
 215    35.5      29.6    0.0    0.0    0.0    0.9    6.1    0.7      72.8
------------------------------------------------------------------------------
 avg    32.7      32.7    0.2    0.3    0.5    0.8    5.0    0.6      72.8
         0.0
 min    27.2       5.4    0.0    0.0    0.0    0.5    3.1    0.1      72.7
         0.0
 max    62.8      36.6    0.8    1.3    3.6    1.2    6.6    0.9      72.8
         0.0
 std     4.1       3.0    0.3    0.4    0.8    0.2    0.9    0.2       0.0
         0.0
------------------------------------------------------------------------------

PME NonBond Parallel Profiling - NonSetup CPU Seconds:

                     D                           
           P         i         R                 
           a         r         e      L          
           i         e         c      o          
           r         c         i      a         T
   T       l         t         p      d         o
   a       i         F         F      B         t
   s       s         r         r      a         a
   k       t         c         c      l         l
-------------------------------------------------
   0     2.8       2.2       0.0    0.4       5.5
   1     3.1       7.2      20.1    0.4      30.8
   2     7.1      21.3       0.0    0.3      28.7
   3     3.2       7.0      20.2    0.4      30.8
   4     7.2      21.5       0.0    0.3      29.0
   5     3.2       7.2      20.2    0.4      31.0
   6     7.7      24.3       0.0    0.3      32.4
   7     3.2       7.4      20.2    0.4      31.1
   8     8.0      25.4       0.0    0.3      33.8
   9     3.2       7.1      20.5    0.4      31.1
  10     8.1      25.6       0.0    0.3      34.1
  11     3.1       6.9      18.3    0.4      28.6
  12     8.1      25.7       0.0    0.3      34.2
  13     3.2       7.1      20.4    0.4      31.0
  14     7.9      25.3       0.0    0.3      33.5
  15     3.2       7.4      20.2    0.4      31.1
  16     7.5      23.6       0.0    0.3      31.4
  17     3.2       7.6      19.4    0.4      30.6
  18     7.0      21.5       0.0    0.4      28.9
  19     3.2       7.6      20.1    0.4      31.2
  20     7.0      21.6       0.0    0.4      29.0
  21     3.2       7.6      21.5    0.4      32.7
  22     6.9      21.7       0.0    0.4      29.0
  23     3.2       7.6      21.1    0.4      32.3
  24     7.2      22.1       0.0    0.4      29.7
  25     3.2       7.3      20.9    0.4      31.8
  26     3.1       8.1      20.0    0.4      31.6
  27     7.5      24.1       0.0    0.4      32.0
  28     3.3       8.2      19.3    0.3      31.2
  29     8.1      25.4       0.0    0.4      33.9
  30     3.1       8.2      20.0    0.4      31.7
  31     8.1      25.8       0.0    0.4      34.3
  32     3.3       8.1      19.8    0.3      31.4
  33     8.1      25.8       0.0    0.4      34.3
  34     3.3       7.9      20.3    0.3      31.9
  35     7.9      25.1       0.0    0.4      33.3
  36     3.4       8.2      19.6    0.3      31.5
  37     7.6      24.3       0.0    0.3      32.3
  38     3.4       8.3      19.2    0.3      31.2
  39     7.4      22.8       0.0    0.3      30.6
  40     3.5       8.0      18.7    0.3      30.6
  41     7.6      23.5       0.0    0.3      31.4
  42     3.5       8.2      18.9    0.3      30.9
  43     7.8      24.6       0.0    0.3      32.8
  44     3.5       8.2      18.9    0.3      31.0
  45     8.0      24.8       0.0    0.3      33.1
  46     3.4       8.4      18.9    0.3      31.0
  47     8.3      25.5       0.0    0.3      34.2
  48     3.1       8.4      20.1    0.4      32.1
  49     8.1      25.6       0.0    0.4      34.1
  50     3.3       8.4      20.9    0.3      33.0
  51     8.1      25.7       0.0    0.4      34.2
  52     3.4       8.4      19.9    0.3      32.1
  53     3.3       7.6      19.0    0.3      30.1
  54     8.1      25.6       0.0    0.3      34.0
  55     3.4       7.3      17.2    0.3      28.2
  56     8.0      25.3       0.0    0.4      33.7
  57     3.4       7.4      20.2    0.3      31.3
  58     7.9      25.0       0.0    0.3      33.2
  59     3.4       7.3      17.2    0.3      28.2
  60     8.1      25.5       0.0    0.3      34.0
  61     3.4       7.3      16.7    0.3      27.7
  62     8.2      25.7       0.0    0.3      34.3
  63     3.4       7.2      16.7    0.3      27.6
  64     7.9      25.7       0.0    0.4      34.1
  65     3.1       7.3      18.9    0.4      29.8
  66     8.1      25.7       0.0    0.4      34.2
  67     3.2       7.1      17.8    0.4      28.4
  68     8.1      25.7       0.0    0.4      34.1
  69     3.1       7.1      17.4    0.4      28.0
  70     8.0      25.7       0.0    0.4      34.0
  71     3.1       7.3      17.8    0.4      28.6
  72     8.1      26.6       0.0    0.3      35.0
  73     3.4       6.6      20.7    0.3      31.0
  74     8.0      26.3       0.0    0.3      34.6
  75     3.4       6.5      21.7    0.4      31.9
  76     8.2      26.7       0.0    0.3      35.2
  77     3.4       6.6      20.5    0.3      30.8
  78     8.2      26.6       0.0    0.3      35.0
  79     3.4       6.1      19.5    0.4      29.3
  80     3.2       8.2      17.8    0.3      29.6
  81     8.5      25.3       0.0    0.3      34.2
  82     3.2       8.1      17.5    0.4      29.2
  83     8.4      25.3       0.0    0.3      34.1
  84     3.1       7.9      16.8    0.4      28.1
  85     8.3      25.3       0.0    0.4      34.0
  86     3.1       7.7      17.4    0.4      28.6
  87     8.4      25.3       0.0    0.4      34.1
  88     3.2       7.9      17.6    0.3      29.0
  89     8.5      25.3       0.0    0.4      34.2
  90     3.1       7.9      18.0    0.4      29.4
  91     8.6      25.5       0.0    0.4      34.4
  92     3.2       7.8      16.7    0.4      28.1
  93     8.6      25.4       0.0    0.4      34.4
  94     3.2       7.4      16.4    0.3      27.5
  95     8.5      25.5       0.0    0.4      34.4
  96     3.3       7.6      16.4    0.3      27.6
  97     8.6      25.5       0.0    0.3      34.4
  98     3.3       7.7      16.4    0.3      27.7
  99     8.5      25.5       0.0    0.3      34.3
 100     3.3       7.7      16.3    0.3      27.6
 101     8.5      25.5       0.0    0.4      34.3
 102     3.2       8.6      17.5    0.4      29.6
 103     8.6      25.5       0.0    0.4      34.5
 104     3.2       8.7      18.4    0.3      30.6
 105     8.6      25.6       0.0    0.4      34.6
 106     3.1       8.6      19.0    0.4      31.1
 107     3.4       6.6      19.4    0.3      29.7
 108     8.2      26.8       0.0    0.4      35.4
 109     3.2       5.8      18.7    0.4      28.1
 110     8.0      26.6       0.0    0.4      35.0
 111     3.3       5.8      18.7    0.3      28.1
 112     8.1      26.7       0.0    0.3      35.2
 113     3.1       5.8      19.1    0.4      28.4
 114     8.2      26.6       0.0    0.3      35.1
 115     3.1       6.0      18.9    0.4      28.4
 116     8.2      26.7       0.0    0.3      35.1
 117     3.3       5.8      18.8    0.3      28.3
 118     7.9      26.6       0.0    0.4      34.9
 119     3.3       5.7      20.1    0.3      29.5
 120     8.2      26.7       0.0    0.3      35.2
 121     3.3       5.9      19.7    0.3      29.3
 122     8.0      26.7       0.0    0.4      35.1
 123     3.3       5.9      18.9    0.3      28.4
 124     8.3      26.7       0.0    0.3      35.4
 125     3.3       6.6      19.6    0.4      29.9
 126     8.0      26.5       0.0    0.4      34.9
 127     3.3       6.6      19.5    0.3      29.8
 128     8.1      26.7       0.0    0.3      35.1
 129     3.1       6.5      20.3    0.4      30.3
 130     8.2      26.5       0.0    0.3      35.0
 131     3.1       6.7      20.2    0.4      30.4
 132     8.1      26.6       0.0    0.3      35.0
 133     3.3       6.2      18.8    0.4      28.6
 134     3.4       7.9      16.4    0.3      28.1
 135     8.4      25.3       0.0    0.4      34.0
 136     3.4       7.9      16.3    0.3      27.9
 137     8.4      25.4       0.0    0.4      34.1
 138     3.4       7.9      16.2    0.3      27.8
 139     8.4      25.4       0.0    0.4      34.1
 140     3.3       7.2      15.2    0.3      26.1
 141     8.5      25.3       0.0    0.4      34.2
 142     3.3       6.9      15.0    0.3      25.6
 143     8.4      25.3       0.0    0.4      34.1
 144     3.3       9.8      16.4    0.3      29.9
 145     8.2      26.2       0.0    0.3      34.7
 146     3.3       9.8      16.5    0.3      30.0
 147     8.2      26.1       0.0    0.3      34.6
 148     3.4       9.1      15.7    0.3      28.6
 149     8.1      26.1       0.0    0.3      34.6
 150     3.2       8.9      16.4    0.4      28.9
 151     8.1      26.1       0.0    0.4      34.5
 152     3.4       9.3      15.7    0.3      28.7
 153     7.9      26.1       0.0    0.4      34.4
 154     3.4       9.4      15.5    0.3      28.6
 155     8.0      26.2       0.0    0.4      34.5
 156     3.4      10.2      16.3    0.3      30.2
 157     8.0      25.7       0.0    0.3      34.0
 158     3.4      10.1      16.4    0.3      30.2
 159     7.8      25.5       0.0    0.3      33.7
 160     3.2      10.1      16.5    0.3      30.1
 161     3.4       8.2      16.1    0.3      28.1
 162     7.8      26.0       0.0    0.3      34.1
 163     3.5       7.3      14.7    0.3      25.9
 164     7.9      26.1       0.0    0.3      34.3
 165     3.3       7.5      15.8    0.4      26.9
 166     7.9      26.2       0.0    0.3      34.4
 167     3.2       7.5      16.6    0.4      27.8
 168     7.8      26.4       0.0    0.3      34.5
 169     3.4       7.5      14.8    0.3      25.9
 170     7.8      26.1       0.0    0.3      34.2
 171     3.3       7.4      15.3    0.3      26.4
 172     7.8      25.9       0.0    0.3      33.9
 173     3.3       7.5      16.9    0.4      28.0
 174     7.6      25.7       0.0    0.3      33.6
 175     3.3       7.7      17.5    0.3      28.8
 176     7.1      22.9       0.0    0.3      30.3
 177     3.3       7.5      16.7    0.3      27.9
 178     7.0      22.9       0.0    0.3      30.2
 179     3.4       8.4      17.6    0.3      29.8
 180     7.3      25.6       0.0    0.4      33.3
 181     3.4       8.3      17.3    0.3      29.3
 182     7.6      26.1       0.0    0.4      34.1
 183     3.3       8.4      17.3    0.3      29.3
 184     7.6      26.0       0.0    0.4      34.0
 185     3.4       8.4      18.2    0.3      30.2
 186     7.6      26.1       0.0    0.4      34.0
 187     3.3       7.7      19.1    0.3      30.4
 188     3.2       9.6      18.7    0.4      31.8
 189     7.9      25.9       0.0    0.3      34.1
 190     3.2       9.8      17.7    0.3      31.0
 191     7.6      24.8       0.0    0.3      32.6
 192     3.1       9.9      17.6    0.3      31.0
 193     7.6      24.5       0.0    0.3      32.4
 194     3.2       9.8      17.5    0.3      30.7
 195     7.1      22.4       0.0    0.3      29.9
 196     3.3       9.8      17.3    0.3      30.7
 197     7.1      22.0       0.0    0.3      29.4
 198     3.2       9.8      17.5    0.3      30.8
 199     7.4      23.2       0.0    0.3      30.9
 200     3.2       9.9      17.9    0.3      31.4
 201     7.9      25.6       0.0    0.3      33.9
 202     3.2      10.0      18.1    0.3      31.7
 203     8.1      26.2       0.0    0.3      34.6
 204     3.2       9.9      17.8    0.3      31.2
 205     8.2      26.3       0.0    0.3      34.8
 206     3.2      10.0      17.8    0.3      31.3
 207     8.1      26.1       0.0    0.3      34.5
 208     3.2      10.0      17.0    0.3      30.5
 209     7.5      24.6       0.0    0.4      32.5
 210     3.2       9.7      17.2    0.3      30.4
 211     7.0      22.2       0.0    0.4      29.5
 212     3.2       9.8      17.4    0.3      30.7
 213     6.9      22.2       0.0    0.4      29.5
 214     3.1       9.7      17.5    0.4      30.7
 215     3.1       8.1      16.7    0.3      28.3
-------------------------------------------------
 avg     5.5      16.1       9.4    0.3      31.4
-------------------------------------------------
