timestamp, power.draw [W], utilization.gpu [%]
2026/03/17 03:10:08.902, 316.05 W, 92 %
2026/03/17 03:10:09.004, 295.95 W, 0 %
2026/03/17 03:10:09.105, 275.48 W, 0 %
2026/03/17 03:10:09.205, 255.62 W, 0 %
2026/03/17 03:10:09.305, 236.57 W, 0 %
2026/03/17 03:10:09.405, 216.79 W, 0 %
2026/03/17 03:10:09.505, 196.54 W, 0 %
2026/03/17 03:10:09.605, 177.24 W, 95 %
2026/03/17 03:10:09.706, 160.94 W, 95 %
2026/03/17 03:10:09.806, 141.93 W, 95 %
2026/03/17 03:10:09.906, 132.25 W, 95 %
2026/03/17 03:10:10.006, 132.67 W, 95 %
2026/03/17 03:10:10.106, 133.12 W, 95 %
2026/03/17 03:10:10.207, 133.49 W, 95 %
2026/03/17 03:10:10.307, 133.94 W, 95 %
2026/03/17 03:10:10.407, 134.41 W, 95 %
2026/03/17 03:10:10.507, 134.90 W, 95 %
2026/03/17 03:10:10.607, 134.74 W, 94 %
2026/03/17 03:10:10.707, 134.54 W, 94 %
2026/03/17 03:10:10.808, 134.33 W, 95 %
2026/03/17 03:10:10.908, 134.18 W, 95 %
2026/03/17 03:10:11.008, 134.00 W, 95 %
2026/03/17 03:10:11.108, 133.80 W, 95 %
2026/03/17 03:10:11.208, 133.55 W, 95 %
2026/03/17 03:10:11.308, 133.49 W, 95 %
2026/03/17 03:10:11.409, 133.45 W, 95 %
2026/03/17 03:10:11.509, 133.42 W, 95 %
2026/03/17 03:10:11.609, 133.46 W, 95 %
2026/03/17 03:10:11.709, 133.46 W, 95 %
2026/03/17 03:10:11.809, 133.48 W, 95 %
2026/03/17 03:10:11.909, 133.51 W, 95 %
2026/03/17 03:10:12.010, 133.58 W, 95 %
2026/03/17 03:10:12.110, 133.63 W, 95 %
2026/03/17 03:10:12.210, 133.70 W, 95 %
2026/03/17 03:10:12.310, 133.73 W, 95 %
2026/03/17 03:10:12.410, 133.74 W, 95 %
2026/03/17 03:10:12.510, 133.74 W, 95 %
2026/03/17 03:10:12.611, 133.75 W, 95 %
2026/03/17 03:10:12.711, 133.73 W, 95 %
2026/03/17 03:10:12.811, 133.68 W, 95 %
2026/03/17 03:10:12.911, 133.64 W, 95 %
2026/03/17 03:10:13.011, 133.60 W, 95 %
2026/03/17 03:10:13.111, 133.55 W, 95 %
2026/03/17 03:10:13.212, 133.51 W, 95 %
2026/03/17 03:10:13.312, 133.48 W, 95 %
2026/03/17 03:10:13.412, 133.50 W, 95 %
2026/03/17 03:10:13.512, 133.55 W, 95 %
2026/03/17 03:10:13.612, 133.57 W, 95 %
2026/03/17 03:10:13.712, 133.61 W, 95 %
2026/03/17 03:10:13.813, 133.67 W, 95 %
2026/03/17 03:10:13.913, 133.73 W, 95 %
2026/03/17 03:10:14.013, 133.77 W, 95 %
2026/03/17 03:10:14.113, 133.80 W, 95 %
2026/03/17 03:10:14.213, 133.80 W, 95 %
2026/03/17 03:10:14.313, 133.76 W, 95 %
2026/03/17 03:10:14.414, 133.69 W, 95 %
2026/03/17 03:10:14.514, 133.59 W, 95 %
2026/03/17 03:10:14.614, 133.50 W, 95 %
2026/03/17 03:10:14.714, 133.40 W, 95 %
2026/03/17 03:10:14.814, 133.28 W, 95 %
2026/03/17 03:10:14.914, 133.18 W, 95 %
2026/03/17 03:10:15.015, 133.07 W, 95 %
2026/03/17 03:10:15.115, 133.00 W, 95 %
2026/03/17 03:10:15.215, 132.97 W, 95 %
2026/03/17 03:10:15.315, 132.91 W, 95 %
2026/03/17 03:10:15.415, 132.88 W, 95 %
2026/03/17 03:10:15.515, 132.88 W, 95 %
2026/03/17 03:10:15.616, 132.89 W, 95 %
2026/03/17 03:10:15.716, 132.94 W, 95 %
2026/03/17 03:10:15.816, 132.98 W, 95 %
2026/03/17 03:10:15.916, 133.06 W, 95 %
2026/03/17 03:10:16.016, 133.12 W, 95 %
2026/03/17 03:10:16.116, 133.18 W, 95 %
2026/03/17 03:10:16.217, 133.21 W, 95 %
2026/03/17 03:10:16.317, 133.26 W, 95 %
2026/03/17 03:10:16.417, 133.32 W, 95 %
2026/03/17 03:10:16.517, 133.37 W, 95 %
2026/03/17 03:10:16.617, 133.39 W, 95 %
2026/03/17 03:10:16.718, 133.41 W, 95 %
2026/03/17 03:10:16.818, 133.40 W, 95 %
2026/03/17 03:10:16.918, 133.37 W, 95 %
2026/03/17 03:10:17.018, 133.34 W, 95 %
2026/03/17 03:10:17.118, 133.28 W, 95 %
2026/03/17 03:10:17.218, 133.26 W, 95 %
2026/03/17 03:10:17.319, 133.24 W, 95 %
2026/03/17 03:10:17.419, 133.22 W, 95 %
2026/03/17 03:10:17.519, 133.18 W, 95 %
2026/03/17 03:10:17.619, 133.17 W, 95 %
2026/03/17 03:10:17.719, 133.16 W, 95 %
2026/03/17 03:10:17.819, 133.19 W, 95 %
2026/03/17 03:10:17.920, 133.23 W, 95 %
2026/03/17 03:10:18.020, 133.30 W, 95 %
2026/03/17 03:10:18.120, 133.36 W, 95 %
2026/03/17 03:10:18.220, 133.43 W, 95 %
2026/03/17 03:10:18.320, 133.48 W, 95 %
2026/03/17 03:10:18.420, 133.51 W, 95 %
2026/03/17 03:10:18.521, 133.58 W, 95 %
2026/03/17 03:10:18.621, 133.59 W, 95 %
2026/03/17 03:10:18.721, 133.59 W, 95 %
2026/03/17 03:10:18.821, 133.55 W, 95 %
2026/03/17 03:10:18.921, 133.48 W, 95 %
2026/03/17 03:10:19.021, 133.40 W, 95 %
2026/03/17 03:10:19.122, 133.30 W, 95 %
2026/03/17 03:10:19.222, 133.19 W, 95 %
2026/03/17 03:10:19.322, 133.08 W, 95 %
2026/03/17 03:10:19.422, 132.98 W, 95 %
2026/03/17 03:10:19.522, 132.88 W, 95 %
2026/03/17 03:10:19.623, 132.80 W, 95 %
2026/03/17 03:10:19.723, 132.73 W, 95 %
2026/03/17 03:10:19.823, 132.68 W, 95 %
2026/03/17 03:10:19.923, 132.66 W, 95 %
2026/03/17 03:10:20.023, 132.66 W, 95 %
2026/03/17 03:10:20.123, 132.67 W, 95 %
2026/03/17 03:10:20.224, 132.67 W, 95 %
2026/03/17 03:10:20.324, 132.72 W, 95 %
2026/03/17 03:10:20.424, 132.78 W, 95 %
2026/03/17 03:10:20.524, 132.83 W, 95 %
2026/03/17 03:10:20.624, 132.88 W, 95 %
2026/03/17 03:10:20.724, 132.94 W, 95 %
2026/03/17 03:10:20.825, 133.00 W, 95 %
2026/03/17 03:10:20.925, 133.05 W, 95 %
2026/03/17 03:10:21.025, 133.10 W, 95 %
2026/03/17 03:10:21.125, 133.15 W, 95 %
2026/03/17 03:10:21.225, 133.20 W, 95 %
2026/03/17 03:10:21.325, 133.21 W, 95 %
2026/03/17 03:10:21.426, 133.20 W, 95 %
2026/03/17 03:10:21.526, 133.19 W, 95 %
2026/03/17 03:10:21.626, 133.18 W, 95 %
2026/03/17 03:10:21.726, 133.17 W, 95 %
2026/03/17 03:10:21.826, 133.14 W, 95 %
2026/03/17 03:10:21.926, 133.09 W, 95 %
2026/03/17 03:10:22.027, 133.06 W, 95 %
2026/03/17 03:10:22.127, 133.04 W, 95 %
2026/03/17 03:10:22.227, 133.03 W, 95 %
2026/03/17 03:10:22.330, 133.02 W, 95 %
2026/03/17 03:10:22.431, 133.03 W, 95 %
2026/03/17 03:10:22.531, 133.06 W, 95 %
2026/03/17 03:10:22.631, 133.09 W, 95 %
2026/03/17 03:10:22.731, 133.14 W, 95 %
2026/03/17 03:10:22.831, 133.18 W, 95 %
2026/03/17 03:10:22.931, 133.25 W, 95 %
2026/03/17 03:10:23.031, 133.33 W, 95 %
2026/03/17 03:10:23.132, 133.38 W, 95 %
2026/03/17 03:10:23.232, 133.46 W, 95 %
2026/03/17 03:10:23.332, 133.51 W, 95 %
2026/03/17 03:10:23.432, 133.57 W, 95 %
2026/03/17 03:10:23.532, 133.57 W, 95 %
2026/03/17 03:10:23.633, 133.54 W, 95 %
2026/03/17 03:10:23.733, 133.51 W, 95 %
2026/03/17 03:10:23.833, 133.46 W, 95 %
2026/03/17 03:10:23.933, 133.38 W, 95 %
2026/03/17 03:10:24.033, 133.30 W, 95 %
2026/03/17 03:10:24.133, 133.19 W, 95 %
2026/03/17 03:10:24.233, 133.08 W, 95 %
2026/03/17 03:10:24.334, 132.95 W, 95 %
2026/03/17 03:10:24.434, 132.85 W, 95 %
2026/03/17 03:10:24.534, 132.74 W, 95 %
2026/03/17 03:10:24.634, 132.67 W, 95 %
2026/03/17 03:10:24.734, 132.61 W, 95 %
2026/03/17 03:10:24.835, 132.58 W, 95 %
2026/03/17 03:10:24.935, 132.56 W, 95 %
2026/03/17 03:10:25.035, 132.55 W, 95 %
2026/03/17 03:10:25.135, 132.56 W, 95 %
2026/03/17 03:10:25.235, 132.60 W, 95 %
2026/03/17 03:10:25.335, 132.62 W, 95 %
2026/03/17 03:10:25.436, 132.64 W, 95 %
2026/03/17 03:10:25.536, 132.70 W, 95 %
2026/03/17 03:10:25.636, 132.74 W, 95 %
2026/03/17 03:10:25.736, 132.77 W, 95 %
2026/03/17 03:10:25.836, 132.83 W, 95 %
2026/03/17 03:10:25.936, 132.85 W, 95 %
2026/03/17 03:10:26.037, 132.88 W, 95 %
2026/03/17 03:10:26.137, 132.92 W, 95 %
2026/03/17 03:10:26.237, 132.94 W, 95 %
2026/03/17 03:10:26.337, 132.99 W, 95 %
2026/03/17 03:10:26.437, 133.04 W, 95 %
2026/03/17 03:10:26.537, 133.05 W, 95 %
2026/03/17 03:10:26.638, 133.07 W, 95 %
2026/03/17 03:10:26.738, 133.06 W, 95 %
2026/03/17 03:10:26.838, 133.06 W, 95 %
2026/03/17 03:10:26.938, 133.05 W, 95 %
2026/03/17 03:10:27.038, 133.02 W, 95 %
2026/03/17 03:10:27.138, 132.98 W, 95 %
2026/03/17 03:10:27.239, 132.97 W, 95 %
2026/03/17 03:10:27.339, 132.92 W, 95 %
2026/03/17 03:10:27.439, 132.90 W, 95 %
2026/03/17 03:10:27.539, 132.86 W, 95 %
2026/03/17 03:10:27.639, 132.86 W, 95 %
2026/03/17 03:10:27.739, 132.87 W, 95 %
2026/03/17 03:10:27.840, 132.86 W, 95 %
2026/03/17 03:10:27.940, 132.91 W, 95 %
2026/03/17 03:10:28.040, 132.98 W, 95 %
2026/03/17 03:10:28.140, 133.05 W, 95 %
2026/03/17 03:10:28.240, 133.09 W, 95 %
2026/03/17 03:10:28.340, 133.18 W, 95 %
2026/03/17 03:10:28.441, 133.25 W, 95 %
2026/03/17 03:10:28.541, 133.30 W, 95 %
2026/03/17 03:10:28.641, 133.34 W, 95 %
2026/03/17 03:10:28.741, 133.38 W, 95 %
2026/03/17 03:10:28.841, 133.41 W, 95 %
2026/03/17 03:10:28.941, 133.41 W, 95 %
2026/03/17 03:10:29.042, 133.40 W, 95 %
2026/03/17 03:10:29.142, 133.37 W, 95 %
2026/03/17 03:10:29.242, 133.35 W, 95 %
2026/03/17 03:10:29.342, 133.29 W, 95 %
2026/03/17 03:10:29.442, 133.24 W, 95 %
2026/03/17 03:10:29.543, 133.17 W, 95 %
2026/03/17 03:10:29.643, 133.12 W, 95 %
2026/03/17 03:10:29.743, 133.04 W, 95 %
2026/03/17 03:10:29.843, 132.93 W, 95 %
2026/03/17 03:10:29.943, 132.83 W, 95 %
2026/03/17 03:10:30.043, 132.74 W, 95 %
2026/03/17 03:10:30.144, 132.68 W, 95 %
2026/03/17 03:10:30.244, 132.61 W, 95 %
2026/03/17 03:10:30.344, 132.54 W, 95 %
2026/03/17 03:10:30.444, 132.51 W, 95 %
2026/03/17 03:10:30.544, 132.48 W, 95 %
2026/03/17 03:10:30.645, 132.45 W, 95 %
2026/03/17 03:10:30.745, 132.44 W, 95 %
2026/03/17 03:10:30.845, 132.46 W, 95 %
2026/03/17 03:10:30.945, 132.51 W, 95 %
2026/03/17 03:10:31.045, 132.56 W, 95 %
2026/03/17 03:10:31.145, 132.60 W, 95 %
2026/03/17 03:10:31.246, 132.64 W, 95 %
2026/03/17 03:10:31.346, 132.69 W, 95 %
2026/03/17 03:10:31.446, 132.75 W, 95 %
2026/03/17 03:10:31.546, 132.79 W, 95 %
2026/03/17 03:10:31.646, 132.85 W, 95 %
2026/03/17 03:10:31.746, 132.93 W, 95 %
2026/03/17 03:10:31.847, 132.99 W, 95 %
2026/03/17 03:10:31.947, 133.02 W, 95 %
2026/03/17 03:10:32.047, 133.05 W, 95 %
2026/03/17 03:10:32.147, 133.09 W, 95 %
2026/03/17 03:10:32.247, 133.13 W, 95 %
2026/03/17 03:10:32.347, 133.15 W, 95 %
2026/03/17 03:10:32.448, 133.16 W, 95 %
2026/03/17 03:10:32.548, 133.13 W, 95 %
2026/03/17 03:10:32.648, 133.12 W, 95 %
2026/03/17 03:10:32.748, 133.09 W, 95 %
2026/03/17 03:10:32.848, 133.05 W, 95 %
2026/03/17 03:10:32.948, 133.01 W, 95 %
2026/03/17 03:10:33.049, 132.96 W, 95 %
2026/03/17 03:10:33.149, 132.90 W, 94 %
2026/03/17 03:10:33.249, 132.85 W, 94 %
2026/03/17 03:10:33.349, 132.81 W, 95 %
2026/03/17 03:10:33.449, 132.77 W, 95 %
2026/03/17 03:10:33.550, 132.78 W, 95 %
2026/03/17 03:10:33.650, 132.80 W, 95 %
2026/03/17 03:10:33.750, 132.82 W, 95 %
2026/03/17 03:10:33.850, 132.82 W, 95 %
2026/03/17 03:10:33.950, 132.87 W, 95 %
2026/03/17 03:10:34.050, 132.93 W, 95 %
2026/03/17 03:10:34.150, 132.99 W, 95 %
2026/03/17 03:10:34.251, 133.05 W, 95 %
2026/03/17 03:10:34.351, 133.13 W, 95 %
2026/03/17 03:10:34.451, 133.20 W, 95 %
2026/03/17 03:10:34.551, 133.22 W, 95 %
2026/03/17 03:10:34.651, 133.24 W, 95 %
2026/03/17 03:10:34.752, 133.28 W, 95 %
2026/03/17 03:10:34.852, 133.33 W, 95 %
2026/03/17 03:10:34.952, 133.34 W, 95 %
2026/03/17 03:10:35.052, 133.34 W, 95 %
2026/03/17 03:10:35.152, 133.32 W, 95 %
2026/03/17 03:10:35.252, 133.33 W, 95 %
2026/03/17 03:10:35.353, 133.29 W, 95 %
2026/03/17 03:10:35.453, 133.27 W, 95 %
2026/03/17 03:10:35.553, 133.21 W, 95 %
2026/03/17 03:10:35.653, 133.13 W, 95 %
2026/03/17 03:10:35.753, 133.05 W, 95 %
2026/03/17 03:10:35.853, 132.96 W, 95 %
2026/03/17 03:10:35.954, 132.87 W, 95 %
2026/03/17 03:10:36.054, 132.79 W, 95 %
2026/03/17 03:10:36.154, 132.69 W, 95 %
2026/03/17 03:10:36.254, 132.55 W, 95 %
2026/03/17 03:10:36.354, 132.45 W, 95 %
2026/03/17 03:10:36.454, 132.38 W, 95 %
2026/03/17 03:10:36.555, 132.33 W, 95 %
2026/03/17 03:10:36.655, 132.29 W, 95 %
2026/03/17 03:10:36.755, 132.26 W, 95 %
2026/03/17 03:10:36.855, 132.24 W, 95 %
2026/03/17 03:10:36.955, 132.24 W, 95 %
2026/03/17 03:10:37.055, 132.26 W, 95 %
2026/03/17 03:10:37.156, 132.29 W, 95 %
2026/03/17 03:10:37.256, 132.32 W, 95 %
2026/03/17 03:10:37.356, 132.36 W, 95 %
2026/03/17 03:10:37.456, 132.40 W, 95 %
2026/03/17 03:10:37.556, 132.43 W, 95 %
2026/03/17 03:10:37.656, 132.49 W, 95 %
2026/03/17 03:10:37.757, 132.55 W, 95 %
2026/03/17 03:10:37.857, 132.61 W, 95 %
2026/03/17 03:10:37.957, 132.67 W, 95 %
2026/03/17 03:10:38.057, 132.71 W, 95 %
2026/03/17 03:10:38.157, 132.76 W, 95 %
2026/03/17 03:10:38.258, 132.82 W, 95 %
2026/03/17 03:10:38.358, 132.85 W, 95 %
2026/03/17 03:10:38.458, 132.87 W, 95 %
2026/03/17 03:10:38.558, 132.92 W, 95 %
2026/03/17 03:10:38.658, 132.97 W, 95 %
2026/03/17 03:10:38.758, 132.99 W, 95 %
2026/03/17 03:10:38.859, 133.01 W, 95 %
2026/03/17 03:10:38.959, 133.00 W, 95 %
2026/03/17 03:10:39.059, 133.01 W, 95 %
2026/03/17 03:10:39.159, 133.02 W, 95 %
2026/03/17 03:10:39.259, 133.03 W, 95 %
2026/03/17 03:10:39.359, 133.01 W, 95 %
2026/03/17 03:10:39.460, 132.99 W, 95 %
2026/03/17 03:10:39.560, 132.96 W, 95 %
2026/03/17 03:10:39.660, 132.93 W, 95 %
2026/03/17 03:10:39.760, 132.88 W, 95 %
2026/03/17 03:10:39.860, 132.85 W, 95 %
2026/03/17 03:10:39.960, 132.82 W, 95 %
2026/03/17 03:10:40.061, 132.79 W, 95 %
2026/03/17 03:10:40.161, 132.76 W, 95 %
2026/03/17 03:10:40.261, 132.74 W, 95 %
2026/03/17 03:10:40.361, 132.76 W, 95 %
2026/03/17 03:10:40.461, 132.77 W, 95 %
2026/03/17 03:10:40.561, 132.79 W, 95 %
2026/03/17 03:10:40.662, 132.81 W, 95 %
2026/03/17 03:10:40.762, 132.85 W, 95 %
2026/03/17 03:10:40.862, 132.90 W, 95 %
2026/03/17 03:10:40.962, 132.95 W, 95 %
2026/03/17 03:10:41.062, 133.01 W, 95 %
2026/03/17 03:10:41.163, 133.08 W, 95 %
2026/03/17 03:10:41.263, 133.16 W, 95 %
2026/03/17 03:10:41.363, 133.22 W, 95 %
2026/03/17 03:10:41.463, 133.28 W, 95 %
2026/03/17 03:10:41.563, 133.34 W, 95 %
2026/03/17 03:10:41.663, 133.39 W, 95 %
2026/03/17 03:10:41.764, 133.45 W, 95 %
2026/03/17 03:10:41.864, 133.48 W, 95 %
2026/03/17 03:10:41.964, 133.51 W, 95 %
2026/03/17 03:10:42.064, 133.51 W, 95 %
2026/03/17 03:10:42.164, 133.48 W, 95 %
2026/03/17 03:10:42.264, 133.41 W, 95 %
2026/03/17 03:10:42.365, 133.35 W, 95 %
2026/03/17 03:10:42.465, 133.29 W, 95 %
2026/03/17 03:10:42.565, 133.23 W, 95 %
2026/03/17 03:10:42.665, 133.13 W, 95 %
2026/03/17 03:10:42.765, 133.01 W, 95 %
2026/03/17 03:10:42.865, 132.94 W, 95 %
2026/03/17 03:10:42.966, 132.83 W, 95 %
2026/03/17 03:10:43.066, 132.75 W, 95 %
2026/03/17 03:10:43.166, 132.66 W, 95 %
2026/03/17 03:10:43.266, 132.58 W, 95 %
2026/03/17 03:10:43.366, 132.51 W, 94 %
2026/03/17 03:10:43.466, 132.45 W, 94 %
2026/03/17 03:10:43.567, 132.40 W, 95 %
2026/03/17 03:10:43.667, 132.35 W, 95 %
2026/03/17 03:10:43.767, 132.33 W, 95 %
2026/03/17 03:10:43.867, 132.29 W, 95 %
2026/03/17 03:10:43.967, 132.29 W, 95 %
2026/03/17 03:10:44.067, 132.30 W, 95 %
2026/03/17 03:10:44.168, 132.31 W, 95 %
2026/03/17 03:10:44.268, 132.34 W, 95 %
2026/03/17 03:10:44.368, 132.34 W, 95 %
2026/03/17 03:10:44.468, 132.36 W, 95 %
2026/03/17 03:10:44.568, 132.40 W, 95 %
2026/03/17 03:10:44.668, 132.42 W, 95 %
2026/03/17 03:10:44.769, 132.46 W, 95 %
2026/03/17 03:10:44.869, 132.48 W, 95 %
2026/03/17 03:10:44.969, 132.53 W, 95 %
2026/03/17 03:10:45.069, 132.56 W, 95 %
2026/03/17 03:10:45.169, 132.62 W, 95 %
2026/03/17 03:10:45.269, 132.68 W, 95 %
2026/03/17 03:10:45.369, 132.73 W, 95 %
2026/03/17 03:10:45.470, 132.76 W, 95 %
2026/03/17 03:10:45.570, 132.81 W, 95 %
2026/03/17 03:10:45.670, 132.83 W, 95 %
2026/03/17 03:10:45.770, 132.86 W, 95 %
2026/03/17 03:10:45.870, 132.89 W, 95 %
2026/03/17 03:10:45.971, 132.91 W, 95 %
2026/03/17 03:10:46.071, 132.92 W, 95 %
2026/03/17 03:10:46.171, 132.93 W, 95 %
2026/03/17 03:10:46.271, 132.94 W, 95 %
2026/03/17 03:10:46.371, 132.94 W, 95 %
2026/03/17 03:10:46.471, 132.94 W, 95 %
2026/03/17 03:10:46.572, 132.91 W, 95 %
2026/03/17 03:10:46.672, 132.92 W, 95 %
2026/03/17 03:10:46.772, 132.91 W, 95 %
2026/03/17 03:10:46.872, 132.90 W, 95 %
2026/03/17 03:10:46.972, 132.88 W, 95 %
2026/03/17 03:10:47.072, 132.87 W, 95 %
2026/03/17 03:10:47.173, 132.85 W, 95 %
2026/03/17 03:10:47.273, 132.83 W, 95 %
2026/03/17 03:10:47.373, 132.79 W, 95 %
2026/03/17 03:10:47.473, 132.77 W, 95 %
2026/03/17 03:10:47.573, 132.76 W, 95 %
2026/03/17 03:10:47.674, 132.74 W, 95 %
2026/03/17 03:10:47.774, 132.74 W, 95 %
2026/03/17 03:10:47.874, 132.75 W, 95 %
2026/03/17 03:10:47.974, 132.76 W, 95 %
2026/03/17 03:10:48.074, 132.76 W, 95 %
2026/03/17 03:10:48.174, 132.77 W, 95 %
2026/03/17 03:10:48.275, 132.78 W, 95 %
2026/03/17 03:10:48.375, 132.82 W, 95 %
2026/03/17 03:10:48.475, 132.86 W, 95 %
2026/03/17 03:10:48.575, 132.91 W, 95 %
2026/03/17 03:10:48.675, 132.98 W, 95 %
2026/03/17 03:10:48.775, 133.04 W, 95 %
2026/03/17 03:10:48.876, 133.09 W, 95 %
2026/03/17 03:10:48.976, 133.14 W, 95 %
2026/03/17 03:10:49.076, 133.21 W, 95 %
2026/03/17 03:10:49.176, 133.26 W, 95 %
2026/03/17 03:10:49.276, 133.30 W, 95 %
2026/03/17 03:10:49.376, 133.35 W, 95 %
2026/03/17 03:10:49.477, 133.39 W, 95 %
2026/03/17 03:10:49.577, 133.41 W, 95 %
2026/03/17 03:10:49.677, 133.40 W, 95 %
2026/03/17 03:10:49.777, 133.36 W, 95 %
2026/03/17 03:10:49.877, 133.32 W, 95 %
2026/03/17 03:10:49.978, 133.31 W, 95 %
2026/03/17 03:10:50.078, 133.25 W, 95 %
2026/03/17 03:10:50.178, 133.22 W, 95 %
2026/03/17 03:10:50.278, 133.15 W, 95 %
2026/03/17 03:10:50.378, 133.07 W, 95 %
2026/03/17 03:10:50.478, 133.00 W, 95 %
2026/03/17 03:10:50.579, 132.93 W, 95 %
2026/03/17 03:10:50.679, 132.88 W, 95 %
2026/03/17 03:10:50.779, 132.81 W, 95 %
2026/03/17 03:10:50.879, 132.76 W, 95 %
2026/03/17 03:10:50.979, 132.68 W, 95 %
2026/03/17 03:10:51.079, 132.62 W, 95 %
2026/03/17 03:10:51.180, 132.53 W, 95 %
2026/03/17 03:10:51.280, 132.47 W, 95 %
2026/03/17 03:10:51.380, 132.42 W, 95 %
2026/03/17 03:10:51.480, 132.37 W, 95 %
2026/03/17 03:10:51.580, 132.33 W, 95 %
2026/03/17 03:10:51.680, 132.29 W, 95 %
2026/03/17 03:10:51.781, 132.29 W, 95 %
2026/03/17 03:10:51.881, 132.24 W, 95 %
2026/03/17 03:10:51.981, 132.24 W, 95 %
2026/03/17 03:10:52.081, 132.21 W, 95 %
2026/03/17 03:10:52.181, 132.23 W, 95 %
2026/03/17 03:10:52.281, 132.25 W, 95 %
2026/03/17 03:10:52.382, 132.26 W, 95 %
2026/03/17 03:10:52.482, 132.29 W, 95 %
2026/03/17 03:10:52.582, 132.30 W, 95 %
2026/03/17 03:10:52.682, 132.32 W, 95 %
2026/03/17 03:10:52.782, 132.35 W, 95 %
2026/03/17 03:10:52.882, 132.40 W, 95 %
2026/03/17 03:10:52.983, 132.44 W, 95 %
2026/03/17 03:10:53.083, 132.47 W, 95 %
2026/03/17 03:10:53.183, 132.49 W, 95 %
2026/03/17 03:10:53.283, 132.52 W, 95 %
2026/03/17 03:10:53.383, 132.56 W, 95 %
2026/03/17 03:10:53.483, 132.58 W, 95 %
2026/03/17 03:10:53.584, 132.62 W, 94 %
2026/03/17 03:10:53.684, 132.65 W, 94 %
2026/03/17 03:10:53.784, 132.70 W, 95 %
2026/03/17 03:10:53.884, 132.75 W, 95 %
2026/03/17 03:10:53.984, 132.77 W, 95 %
2026/03/17 03:10:54.084, 132.82 W, 95 %
2026/03/17 03:10:54.185, 132.84 W, 95 %
2026/03/17 03:10:54.285, 132.87 W, 95 %
2026/03/17 03:10:54.385, 132.92 W, 95 %
2026/03/17 03:10:54.485, 132.94 W, 95 %
2026/03/17 03:10:54.585, 132.95 W, 95 %
2026/03/17 03:10:54.685, 132.96 W, 95 %
2026/03/17 03:10:54.786, 132.95 W, 95 %
2026/03/17 03:10:54.886, 132.95 W, 95 %
2026/03/17 03:10:54.986, 132.94 W, 95 %
2026/03/17 03:10:55.086, 132.93 W, 95 %
2026/03/17 03:10:55.186, 132.95 W, 95 %
2026/03/17 03:10:55.286, 132.93 W, 95 %
2026/03/17 03:10:55.387, 132.91 W, 95 %
2026/03/17 03:10:55.487, 132.90 W, 95 %
2026/03/17 03:10:55.587, 132.88 W, 95 %
2026/03/17 03:10:55.687, 132.86 W, 95 %
2026/03/17 03:10:55.787, 132.85 W, 95 %
2026/03/17 03:10:55.888, 132.82 W, 95 %
2026/03/17 03:10:55.988, 132.82 W, 95 %
2026/03/17 03:10:56.088, 132.79 W, 95 %
2026/03/17 03:10:56.188, 132.74 W, 95 %
2026/03/17 03:10:56.288, 132.72 W, 95 %
2026/03/17 03:10:56.388, 132.70 W, 95 %
2026/03/17 03:10:56.489, 132.69 W, 95 %
2026/03/17 03:10:56.589, 132.70 W, 95 %
2026/03/17 03:10:56.689, 132.71 W, 95 %
2026/03/17 03:10:56.789, 132.70 W, 95 %
2026/03/17 03:10:56.889, 132.70 W, 95 %
2026/03/17 03:10:56.989, 132.71 W, 95 %
2026/03/17 03:10:57.090, 132.74 W, 95 %
2026/03/17 03:10:57.190, 132.78 W, 95 %
2026/03/17 03:10:57.290, 132.80 W, 95 %
2026/03/17 03:10:57.390, 132.83 W, 95 %
2026/03/17 03:10:57.490, 132.86 W, 95 %
2026/03/17 03:10:57.590, 132.90 W, 95 %
2026/03/17 03:10:57.691, 132.93 W, 95 %
2026/03/17 03:10:57.791, 132.97 W, 95 %
2026/03/17 03:10:57.891, 133.02 W, 95 %
2026/03/17 03:10:57.991, 133.07 W, 95 %
2026/03/17 03:10:58.091, 133.10 W, 95 %
2026/03/17 03:10:58.191, 133.15 W, 95 %
2026/03/17 03:10:58.292, 133.21 W, 95 %
2026/03/17 03:10:58.392, 133.26 W, 95 %
2026/03/17 03:10:58.492, 133.29 W, 95 %
2026/03/17 03:10:58.592, 133.29 W, 95 %
2026/03/17 03:10:58.692, 133.32 W, 95 %
2026/03/17 03:10:58.792, 133.33 W, 95 %
2026/03/17 03:10:58.893, 133.31 W, 95 %
2026/03/17 03:10:58.993, 133.28 W, 95 %
2026/03/17 03:10:59.093, 133.26 W, 95 %
2026/03/17 03:10:59.193, 133.24 W, 95 %
2026/03/17 03:10:59.293, 133.19 W, 95 %
2026/03/17 03:10:59.393, 133.16 W, 95 %
2026/03/17 03:10:59.494, 133.10 W, 95 %
2026/03/17 03:10:59.594, 133.07 W, 95 %
2026/03/17 03:10:59.694, 133.00 W, 95 %
2026/03/17 03:10:59.794, 132.94 W, 95 %
2026/03/17 03:10:59.894, 132.88 W, 95 %
2026/03/17 03:10:59.995, 132.82 W, 95 %
2026/03/17 03:11:00.095, 132.76 W, 95 %
2026/03/17 03:11:00.195, 132.69 W, 95 %
2026/03/17 03:11:00.295, 132.64 W, 95 %
2026/03/17 03:11:00.395, 132.59 W, 95 %
2026/03/17 03:11:00.495, 132.55 W, 95 %
2026/03/17 03:11:00.596, 132.48 W, 95 %
2026/03/17 03:11:00.696, 132.45 W, 95 %
2026/03/17 03:11:00.796, 132.39 W, 95 %
2026/03/17 03:11:00.896, 132.36 W, 95 %
2026/03/17 03:11:00.996, 132.32 W, 95 %
2026/03/17 03:11:01.097, 132.27 W, 95 %
2026/03/17 03:11:01.197, 132.26 W, 95 %
2026/03/17 03:11:01.297, 132.24 W, 95 %
2026/03/17 03:11:01.397, 132.20 W, 95 %
2026/03/17 03:11:01.497, 132.19 W, 95 %
2026/03/17 03:11:01.597, 132.19 W, 95 %
2026/03/17 03:11:01.698, 132.19 W, 95 %
2026/03/17 03:11:01.798, 132.19 W, 95 %
2026/03/17 03:11:01.898, 132.20 W, 95 %
2026/03/17 03:11:01.998, 132.21 W, 95 %
2026/03/17 03:11:02.098, 132.24 W, 95 %
2026/03/17 03:11:02.198, 132.28 W, 95 %
2026/03/17 03:11:02.299, 132.30 W, 95 %
2026/03/17 03:11:02.399, 132.33 W, 95 %
2026/03/17 03:11:02.499, 132.35 W, 95 %
2026/03/17 03:11:02.599, 132.37 W, 95 %
2026/03/17 03:11:02.699, 132.41 W, 95 %
2026/03/17 03:11:02.799, 132.45 W, 95 %
2026/03/17 03:11:02.900, 132.49 W, 95 %
2026/03/17 03:11:03.000, 132.53 W, 95 %
2026/03/17 03:11:03.100, 132.56 W, 95 %
2026/03/17 03:11:03.200, 132.59 W, 95 %
2026/03/17 03:11:03.314, 132.61 W, 95 %
2026/03/17 03:11:03.414, 132.63 W, 95 %
2026/03/17 03:11:03.515, 132.66 W, 95 %
2026/03/17 03:11:03.615, 132.68 W, 95 %
2026/03/17 03:11:03.715, 132.70 W, 95 %
2026/03/17 03:11:03.815, 132.73 W, 95 %
2026/03/17 03:11:03.915, 132.74 W, 95 %
2026/03/17 03:11:04.015, 132.76 W, 95 %
2026/03/17 03:11:04.116, 132.78 W, 95 %
2026/03/17 03:11:04.216, 132.80 W, 95 %
2026/03/17 03:11:04.316, 132.83 W, 95 %
2026/03/17 03:11:04.416, 132.87 W, 95 %
2026/03/17 03:11:04.516, 132.88 W, 95 %
2026/03/17 03:11:04.616, 132.89 W, 95 %
2026/03/17 03:11:04.717, 132.92 W, 95 %
2026/03/17 03:11:04.817, 132.94 W, 95 %
2026/03/17 03:11:04.917, 132.95 W, 95 %
2026/03/17 03:11:05.017, 132.96 W, 95 %
2026/03/17 03:11:05.117, 132.96 W, 95 %
2026/03/17 03:11:05.217, 132.96 W, 95 %
2026/03/17 03:11:05.318, 132.94 W, 95 %
2026/03/17 03:11:05.418, 132.91 W, 95 %
2026/03/17 03:11:05.518, 132.90 W, 95 %
2026/03/17 03:11:05.618, 132.90 W, 95 %
2026/03/17 03:11:05.718, 132.87 W, 95 %
2026/03/17 03:11:05.818, 132.83 W, 95 %
2026/03/17 03:11:05.919, 132.81 W, 95 %
2026/03/17 03:11:06.019, 132.77 W, 95 %
2026/03/17 03:11:06.119, 132.75 W, 95 %
2026/03/17 03:11:06.219, 132.71 W, 95 %
2026/03/17 03:11:06.319, 132.68 W, 95 %
2026/03/17 03:11:06.420, 132.66 W, 95 %
2026/03/17 03:11:06.520, 132.65 W, 95 %
2026/03/17 03:11:06.620, 132.62 W, 95 %
2026/03/17 03:11:06.720, 132.61 W, 95 %
2026/03/17 03:11:06.820, 132.59 W, 95 %
2026/03/17 03:11:06.920, 132.59 W, 95 %
2026/03/17 03:11:07.021, 132.60 W, 95 %
2026/03/17 03:11:07.121, 132.62 W, 95 %
2026/03/17 03:11:07.221, 132.65 W, 95 %
2026/03/17 03:11:07.321, 132.67 W, 95 %
2026/03/17 03:11:07.421, 132.68 W, 95 %
2026/03/17 03:11:07.521, 132.70 W, 95 %
2026/03/17 03:11:07.622, 132.73 W, 95 %
2026/03/17 03:11:07.722, 132.75 W, 95 %
2026/03/17 03:11:07.822, 132.79 W, 95 %
2026/03/17 03:11:07.922, 132.81 W, 95 %
2026/03/17 03:11:08.022, 132.84 W, 95 %
2026/03/17 03:11:08.122, 132.87 W, 95 %
2026/03/17 03:11:08.223, 132.89 W, 95 %
2026/03/17 03:11:08.323, 132.92 W, 95 %
2026/03/17 03:11:08.423, 132.96 W, 95 %
2026/03/17 03:11:08.523, 133.02 W, 95 %
2026/03/17 03:11:08.623, 133.08 W, 95 %
2026/03/17 03:11:08.724, 133.14 W, 95 %
2026/03/17 03:11:08.824, 133.18 W, 95 %
2026/03/17 03:11:08.924, 133.20 W, 95 %
2026/03/17 03:11:09.024, 133.19 W, 95 %
2026/03/17 03:11:09.124, 133.24 W, 95 %
2026/03/17 03:11:09.224, 133.26 W, 95 %
2026/03/17 03:11:09.325, 133.27 W, 95 %
2026/03/17 03:11:09.425, 133.28 W, 95 %
2026/03/17 03:11:09.525, 133.27 W, 95 %
2026/03/17 03:11:09.625, 133.25 W, 95 %
2026/03/17 03:11:09.725, 133.21 W, 95 %
2026/03/17 03:11:09.825, 133.19 W, 95 %
2026/03/17 03:11:09.926, 133.21 W, 95 %
2026/03/17 03:11:10.026, 133.24 W, 95 %
2026/03/17 03:11:10.126, 133.20 W, 95 %
2026/03/17 03:11:10.226, 133.17 W, 95 %
2026/03/17 03:11:10.326, 133.18 W, 95 %
2026/03/17 03:11:10.426, 133.16 W, 95 %
2026/03/17 03:11:10.527, 133.15 W, 95 %
2026/03/17 03:11:10.627, 133.12 W, 95 %
2026/03/17 03:11:10.727, 133.11 W, 95 %
2026/03/17 03:11:10.827, 133.06 W, 92 %
2026/03/17 03:11:10.927, 133.01 W, 92 %
2026/03/17 03:11:11.028, 132.95 W, 95 %
2026/03/17 03:11:11.128, 132.90 W, 95 %
2026/03/17 03:11:11.228, 132.85 W, 95 %
2026/03/17 03:11:11.328, 132.77 W, 95 %
2026/03/17 03:11:11.428, 132.69 W, 95 %
2026/03/17 03:11:11.528, 132.63 W, 95 %
2026/03/17 03:11:11.629, 132.57 W, 95 %
2026/03/17 03:11:11.729, 132.51 W, 95 %
2026/03/17 03:11:11.829, 132.46 W, 95 %
2026/03/17 03:11:11.929, 132.44 W, 95 %
2026/03/17 03:11:12.029, 132.41 W, 95 %
2026/03/17 03:11:12.129, 132.38 W, 95 %
2026/03/17 03:11:12.230, 132.36 W, 95 %
2026/03/17 03:11:12.330, 132.32 W, 95 %
2026/03/17 03:11:12.430, 132.31 W, 95 %
2026/03/17 03:11:12.530, 132.30 W, 95 %
2026/03/17 03:11:12.630, 132.29 W, 95 %
2026/03/17 03:11:12.730, 132.27 W, 95 %
2026/03/17 03:11:12.831, 132.26 W, 95 %
2026/03/17 03:11:12.931, 132.22 W, 95 %
2026/03/17 03:11:13.031, 132.20 W, 95 %
2026/03/17 03:11:13.131, 132.18 W, 95 %
2026/03/17 03:11:13.231, 132.18 W, 95 %
2026/03/17 03:11:13.331, 132.18 W, 95 %
2026/03/17 03:11:13.432, 132.18 W, 95 %
2026/03/17 03:11:13.532, 132.17 W, 95 %
2026/03/17 03:11:13.632, 132.18 W, 95 %
2026/03/17 03:11:13.732, 132.20 W, 95 %
2026/03/17 03:11:13.832, 132.21 W, 95 %
2026/03/17 03:11:13.932, 132.23 W, 95 %
2026/03/17 03:11:14.033, 132.24 W, 95 %
2026/03/17 03:11:14.133, 132.25 W, 95 %
2026/03/17 03:11:14.233, 132.26 W, 95 %
2026/03/17 03:11:14.333, 132.28 W, 95 %
2026/03/17 03:11:14.433, 132.30 W, 95 %
2026/03/17 03:11:14.533, 132.31 W, 95 %
2026/03/17 03:11:14.634, 132.32 W, 95 %
2026/03/17 03:11:14.734, 132.32 W, 95 %
2026/03/17 03:11:14.834, 132.35 W, 95 %
2026/03/17 03:11:14.934, 132.38 W, 95 %
2026/03/17 03:11:15.034, 132.43 W, 95 %
2026/03/17 03:11:15.134, 132.46 W, 95 %
2026/03/17 03:11:15.235, 132.52 W, 95 %
2026/03/17 03:11:15.335, 132.57 W, 95 %
2026/03/17 03:11:15.435, 132.60 W, 95 %
2026/03/17 03:11:15.535, 132.63 W, 95 %
2026/03/17 03:11:15.635, 132.65 W, 95 %
2026/03/17 03:11:15.735, 132.69 W, 95 %
2026/03/17 03:11:15.836, 132.69 W, 95 %
2026/03/17 03:11:15.936, 132.71 W, 95 %
2026/03/17 03:11:16.036, 132.73 W, 95 %
2026/03/17 03:11:16.136, 132.74 W, 95 %
2026/03/17 03:11:16.236, 132.71 W, 95 %
2026/03/17 03:11:16.337, 132.70 W, 95 %
2026/03/17 03:11:16.437, 132.71 W, 95 %
2026/03/17 03:11:16.537, 132.73 W, 95 %
2026/03/17 03:11:16.637, 132.76 W, 95 %
2026/03/17 03:11:16.737, 132.78 W, 95 %
2026/03/17 03:11:16.837, 132.82 W, 95 %
2026/03/17 03:11:16.938, 132.82 W, 95 %
2026/03/17 03:11:17.038, 132.82 W, 95 %
2026/03/17 03:11:17.138, 132.84 W, 95 %
2026/03/17 03:11:17.238, 132.87 W, 95 %
2026/03/17 03:11:17.338, 132.88 W, 95 %
2026/03/17 03:11:17.438, 132.90 W, 95 %
2026/03/17 03:11:17.539, 132.91 W, 95 %
2026/03/17 03:11:17.639, 132.90 W, 95 %
2026/03/17 03:11:17.739, 132.90 W, 95 %
2026/03/17 03:11:17.839, 132.86 W, 95 %
2026/03/17 03:11:17.939, 132.85 W, 95 %
2026/03/17 03:11:18.039, 132.84 W, 95 %
2026/03/17 03:11:18.140, 132.83 W, 95 %
2026/03/17 03:11:18.240, 132.81 W, 95 %
2026/03/17 03:11:18.340, 132.80 W, 95 %
2026/03/17 03:11:18.440, 132.79 W, 95 %
2026/03/17 03:11:18.540, 132.76 W, 95 %
2026/03/17 03:11:18.640, 132.73 W, 95 %
2026/03/17 03:11:18.741, 132.70 W, 95 %
2026/03/17 03:11:18.841, 132.68 W, 95 %
2026/03/17 03:11:18.941, 132.65 W, 95 %
2026/03/17 03:11:19.041, 132.62 W, 95 %
2026/03/17 03:11:19.141, 132.59 W, 95 %
2026/03/17 03:11:19.241, 132.57 W, 95 %
2026/03/17 03:11:19.342, 132.54 W, 95 %
2026/03/17 03:11:19.442, 132.53 W, 95 %
2026/03/17 03:11:19.542, 132.52 W, 95 %
2026/03/17 03:11:19.642, 132.51 W, 95 %
2026/03/17 03:11:19.742, 132.50 W, 95 %
2026/03/17 03:11:19.842, 132.53 W, 95 %
2026/03/17 03:11:19.943, 132.54 W, 95 %
2026/03/17 03:11:20.043, 132.54 W, 95 %
2026/03/17 03:11:20.143, 132.56 W, 95 %
2026/03/17 03:11:20.243, 132.57 W, 95 %
2026/03/17 03:11:20.343, 132.57 W, 95 %
2026/03/17 03:11:20.444, 132.60 W, 95 %
2026/03/17 03:11:20.544, 132.61 W, 95 %
2026/03/17 03:11:20.644, 132.64 W, 95 %
2026/03/17 03:11:20.744, 132.66 W, 95 %
2026/03/17 03:11:20.844, 132.67 W, 95 %
2026/03/17 03:11:20.944, 132.71 W, 95 %
2026/03/17 03:11:21.045, 132.75 W, 95 %
2026/03/17 03:11:21.145, 132.79 W, 95 %
2026/03/17 03:11:21.245, 132.84 W, 95 %
2026/03/17 03:11:21.345, 132.86 W, 95 %
2026/03/17 03:11:21.445, 132.89 W, 95 %
2026/03/17 03:11:21.545, 132.90 W, 95 %
2026/03/17 03:11:21.646, 132.93 W, 95 %
2026/03/17 03:11:21.746, 132.95 W, 95 %
2026/03/17 03:11:21.846, 132.99 W, 95 %
2026/03/17 03:11:21.946, 133.00 W, 95 %
2026/03/17 03:11:22.046, 133.02 W, 95 %
2026/03/17 03:11:22.147, 133.06 W, 95 %
2026/03/17 03:11:22.247, 133.10 W, 95 %
2026/03/17 03:11:22.347, 133.15 W, 95 %
2026/03/17 03:11:22.447, 133.17 W, 95 %
2026/03/17 03:11:22.547, 133.20 W, 95 %
2026/03/17 03:11:22.647, 133.23 W, 95 %
2026/03/17 03:11:22.747, 133.27 W, 95 %
2026/03/17 03:11:22.848, 133.29 W, 95 %
2026/03/17 03:11:22.948, 133.32 W, 95 %
2026/03/17 03:11:23.048, 133.31 W, 95 %
2026/03/17 03:11:23.148, 133.30 W, 95 %
2026/03/17 03:11:23.248, 133.27 W, 95 %
2026/03/17 03:11:23.348, 133.26 W, 95 %
2026/03/17 03:11:23.449, 133.25 W, 95 %
2026/03/17 03:11:23.549, 133.25 W, 95 %
2026/03/17 03:11:23.649, 133.22 W, 95 %
2026/03/17 03:11:23.749, 133.18 W, 95 %
2026/03/17 03:11:23.849, 133.15 W, 95 %
2026/03/17 03:11:23.949, 133.13 W, 95 %
2026/03/17 03:11:24.050, 133.09 W, 95 %
2026/03/17 03:11:24.150, 133.08 W, 95 %
2026/03/17 03:11:24.250, 133.04 W, 95 %
2026/03/17 03:11:24.350, 133.00 W, 95 %
2026/03/17 03:11:24.450, 132.96 W, 95 %
2026/03/17 03:11:24.550, 132.90 W, 95 %
2026/03/17 03:11:24.651, 132.86 W, 95 %
2026/03/17 03:11:24.751, 132.82 W, 95 %
2026/03/17 03:11:24.851, 132.76 W, 95 %
2026/03/17 03:11:24.951, 132.70 W, 95 %
2026/03/17 03:11:25.051, 132.66 W, 95 %
2026/03/17 03:11:25.152, 132.61 W, 95 %
2026/03/17 03:11:25.252, 132.58 W, 95 %
2026/03/17 03:11:25.352, 132.53 W, 95 %
2026/03/17 03:11:25.452, 132.50 W, 95 %
2026/03/17 03:11:25.552, 132.48 W, 95 %
2026/03/17 03:11:25.652, 132.45 W, 95 %
2026/03/17 03:11:25.753, 132.40 W, 95 %
2026/03/17 03:11:25.853, 132.36 W, 95 %
2026/03/17 03:11:25.953, 132.34 W, 95 %
2026/03/17 03:11:26.053, 132.31 W, 95 %
2026/03/17 03:11:26.153, 132.30 W, 95 %
2026/03/17 03:11:26.253, 132.24 W, 95 %
2026/03/17 03:11:26.354, 132.21 W, 95 %
2026/03/17 03:11:26.454, 132.17 W, 95 %
2026/03/17 03:11:26.554, 132.14 W, 95 %
2026/03/17 03:11:26.654, 132.11 W, 95 %
2026/03/17 03:11:26.754, 132.10 W, 95 %
2026/03/17 03:11:26.854, 132.08 W, 95 %
2026/03/17 03:11:26.955, 132.07 W, 95 %
2026/03/17 03:11:27.055, 132.05 W, 95 %
2026/03/17 03:11:27.155, 132.04 W, 95 %
2026/03/17 03:11:27.255, 132.04 W, 95 %
2026/03/17 03:11:27.355, 132.05 W, 95 %
2026/03/17 03:11:27.455, 132.06 W, 95 %
2026/03/17 03:11:27.556, 132.04 W, 95 %
2026/03/17 03:11:27.656, 132.04 W, 95 %
2026/03/17 03:11:27.756, 132.04 W, 95 %
2026/03/17 03:11:27.856, 132.05 W, 95 %
2026/03/17 03:11:27.956, 132.04 W, 95 %
2026/03/17 03:11:28.056, 132.03 W, 95 %
2026/03/17 03:11:28.157, 132.03 W, 95 %
2026/03/17 03:11:28.257, 132.03 W, 95 %
2026/03/17 03:11:28.357, 132.03 W, 95 %
2026/03/17 03:11:28.457, 132.03 W, 95 %
2026/03/17 03:11:28.557, 132.05 W, 95 %
2026/03/17 03:11:28.658, 132.06 W, 95 %
2026/03/17 03:11:28.758, 132.09 W, 95 %
2026/03/17 03:11:28.858, 132.10 W, 95 %
2026/03/17 03:11:28.958, 132.12 W, 95 %
2026/03/17 03:11:29.058, 132.15 W, 95 %
2026/03/17 03:11:29.158, 132.17 W, 95 %
2026/03/17 03:11:29.259, 132.18 W, 95 %
2026/03/17 03:11:29.359, 132.18 W, 95 %
2026/03/17 03:11:29.459, 132.19 W, 95 %
2026/03/17 03:11:29.559, 132.23 W, 95 %
2026/03/17 03:11:29.659, 132.25 W, 95 %
2026/03/17 03:11:29.759, 132.24 W, 95 %
2026/03/17 03:11:29.860, 132.26 W, 95 %
2026/03/17 03:11:29.960, 132.28 W, 95 %
2026/03/17 03:11:30.060, 132.29 W, 95 %
2026/03/17 03:11:30.160, 132.33 W, 95 %
2026/03/17 03:11:30.260, 132.35 W, 95 %
2026/03/17 03:11:30.360, 132.38 W, 95 %
2026/03/17 03:11:30.461, 132.42 W, 95 %
2026/03/17 03:11:30.561, 132.42 W, 95 %
2026/03/17 03:11:30.661, 132.43 W, 95 %
2026/03/17 03:11:30.761, 132.47 W, 95 %
2026/03/17 03:11:30.861, 132.51 W, 95 %
2026/03/17 03:11:30.962, 132.53 W, 95 %
2026/03/17 03:11:31.062, 132.55 W, 95 %
2026/03/17 03:11:31.162, 132.57 W, 95 %
2026/03/17 03:11:31.262, 132.61 W, 95 %
2026/03/17 03:11:31.362, 132.61 W, 95 %
2026/03/17 03:11:31.462, 132.63 W, 95 %
2026/03/17 03:11:31.563, 132.67 W, 95 %
2026/03/17 03:11:31.663, 132.68 W, 95 %
2026/03/17 03:11:31.763, 132.72 W, 95 %
2026/03/17 03:11:31.863, 132.73 W, 95 %
2026/03/17 03:11:31.963, 132.76 W, 95 %
2026/03/17 03:11:32.063, 132.78 W, 95 %
2026/03/17 03:11:32.164, 132.80 W, 95 %
2026/03/17 03:11:32.264, 132.80 W, 95 %
2026/03/17 03:11:32.364, 132.82 W, 95 %
2026/03/17 03:11:32.464, 132.85 W, 95 %
2026/03/17 03:11:32.564, 132.85 W, 95 %
2026/03/17 03:11:32.664, 132.85 W, 95 %
2026/03/17 03:11:32.765, 132.85 W, 95 %
2026/03/17 03:11:32.865, 132.83 W, 95 %
2026/03/17 03:11:32.965, 132.83 W, 95 %
2026/03/17 03:11:33.065, 132.83 W, 95 %
2026/03/17 03:11:33.165, 132.82 W, 95 %
2026/03/17 03:11:33.265, 132.83 W, 95 %
2026/03/17 03:11:33.366, 132.85 W, 95 %
2026/03/17 03:11:33.466, 132.85 W, 95 %
2026/03/17 03:11:33.566, 132.84 W, 95 %
2026/03/17 03:11:33.666, 132.86 W, 95 %
2026/03/17 03:11:33.766, 132.84 W, 95 %
2026/03/17 03:11:33.866, 132.84 W, 95 %
2026/03/17 03:11:33.967, 132.83 W, 95 %
2026/03/17 03:11:34.067, 132.84 W, 95 %
2026/03/17 03:11:34.167, 132.81 W, 95 %
2026/03/17 03:11:34.267, 132.81 W, 95 %
2026/03/17 03:11:34.367, 132.79 W, 95 %
2026/03/17 03:11:34.467, 132.77 W, 95 %
2026/03/17 03:11:34.568, 132.77 W, 95 %
2026/03/17 03:11:34.668, 132.76 W, 95 %
2026/03/17 03:11:34.768, 132.77 W, 95 %
2026/03/17 03:11:34.868, 132.77 W, 95 %
2026/03/17 03:11:34.968, 132.76 W, 95 %
2026/03/17 03:11:35.068, 132.75 W, 95 %
2026/03/17 03:11:35.169, 132.75 W, 95 %
2026/03/17 03:11:35.269, 132.74 W, 95 %
2026/03/17 03:11:35.369, 132.71 W, 95 %
2026/03/17 03:11:35.469, 132.70 W, 95 %
2026/03/17 03:11:35.569, 132.71 W, 95 %
2026/03/17 03:11:35.669, 132.68 W, 95 %
2026/03/17 03:11:35.770, 132.62 W, 95 %
2026/03/17 03:11:35.870, 132.59 W, 95 %
2026/03/17 03:11:35.970, 132.56 W, 95 %
2026/03/17 03:11:36.070, 132.54 W, 95 %
2026/03/17 03:11:36.170, 132.52 W, 95 %
2026/03/17 03:11:36.271, 132.53 W, 95 %
2026/03/17 03:11:36.371, 132.53 W, 95 %
2026/03/17 03:11:36.471, 132.49 W, 95 %
2026/03/17 03:11:36.571, 132.49 W, 95 %
2026/03/17 03:11:36.671, 132.49 W, 95 %
2026/03/17 03:11:36.771, 132.51 W, 95 %
2026/03/17 03:11:36.872, 132.52 W, 95 %
2026/03/17 03:11:36.972, 132.52 W, 95 %
2026/03/17 03:11:37.072, 132.54 W, 95 %
2026/03/17 03:11:37.172, 132.55 W, 95 %
2026/03/17 03:11:37.272, 132.58 W, 95 %
2026/03/17 03:11:37.372, 132.61 W, 95 %
2026/03/17 03:11:37.473, 132.63 W, 95 %
2026/03/17 03:11:37.573, 132.63 W, 95 %
2026/03/17 03:11:37.673, 132.67 W, 95 %
2026/03/17 03:11:37.773, 132.65 W, 95 %
2026/03/17 03:11:37.873, 132.67 W, 95 %
2026/03/17 03:11:37.974, 132.71 W, 95 %
2026/03/17 03:11:38.074, 132.73 W, 95 %
2026/03/17 03:11:38.174, 132.73 W, 95 %
2026/03/17 03:11:38.274, 132.73 W, 95 %
2026/03/17 03:11:38.374, 132.76 W, 95 %
2026/03/17 03:11:38.474, 132.79 W, 95 %
2026/03/17 03:11:38.575, 132.81 W, 95 %
2026/03/17 03:11:38.675, 132.84 W, 95 %
2026/03/17 03:11:38.775, 132.89 W, 95 %
2026/03/17 03:11:38.875, 132.91 W, 95 %
2026/03/17 03:11:38.975, 132.93 W, 95 %
2026/03/17 03:11:39.075, 132.94 W, 95 %
2026/03/17 03:11:39.176, 132.98 W, 95 %
2026/03/17 03:11:39.276, 133.00 W, 95 %
2026/03/17 03:11:39.376, 133.01 W, 95 %
2026/03/17 03:11:39.476, 133.03 W, 95 %
2026/03/17 03:11:39.576, 133.06 W, 95 %
2026/03/17 03:11:39.676, 133.07 W, 95 %
2026/03/17 03:11:39.777, 133.09 W, 95 %
2026/03/17 03:11:39.877, 133.11 W, 95 %
2026/03/17 03:11:39.977, 133.12 W, 95 %
2026/03/17 03:11:40.077, 133.15 W, 95 %
2026/03/17 03:11:40.177, 133.16 W, 95 %
2026/03/17 03:11:40.277, 133.19 W, 95 %
2026/03/17 03:11:40.378, 133.21 W, 95 %
2026/03/17 03:11:40.478, 133.24 W, 95 %
2026/03/17 03:11:40.578, 133.27 W, 95 %
2026/03/17 03:11:40.678, 133.31 W, 95 %
2026/03/17 03:11:40.778, 133.29 W, 95 %
2026/03/17 03:11:40.878, 133.31 W, 95 %
2026/03/17 03:11:40.979, 133.31 W, 95 %
2026/03/17 03:11:41.079, 133.30 W, 95 %
2026/03/17 03:11:41.179, 133.28 W, 95 %
2026/03/17 03:11:41.279, 133.26 W, 95 %
2026/03/17 03:11:41.379, 133.22 W, 95 %
2026/03/17 03:11:41.480, 133.21 W, 95 %
2026/03/17 03:11:41.580, 133.19 W, 95 %
2026/03/17 03:11:41.680, 133.14 W, 95 %
2026/03/17 03:11:41.780, 133.13 W, 95 %
2026/03/17 03:11:41.880, 133.12 W, 95 %
2026/03/17 03:11:41.980, 133.13 W, 95 %
2026/03/17 03:11:42.081, 133.11 W, 95 %
2026/03/17 03:11:42.181, 133.10 W, 95 %
2026/03/17 03:11:42.281, 133.10 W, 95 %
2026/03/17 03:11:42.381, 133.09 W, 95 %
2026/03/17 03:11:42.481, 133.04 W, 95 %
2026/03/17 03:11:42.581, 132.99 W, 95 %
2026/03/17 03:11:42.682, 132.98 W, 95 %
2026/03/17 03:11:42.782, 132.94 W, 95 %
2026/03/17 03:11:42.882, 132.92 W, 95 %
2026/03/17 03:11:42.982, 132.87 W, 95 %
2026/03/17 03:11:43.082, 132.85 W, 95 %
2026/03/17 03:11:43.182, 132.81 W, 95 %
2026/03/17 03:11:43.283, 132.76 W, 95 %
2026/03/17 03:11:43.383, 132.73 W, 95 %
2026/03/17 03:11:43.483, 132.70 W, 95 %
2026/03/17 03:11:43.583, 132.70 W, 95 %
2026/03/17 03:11:43.683, 132.68 W, 95 %
2026/03/17 03:11:43.783, 132.65 W, 95 %
2026/03/17 03:11:43.884, 132.58 W, 95 %
2026/03/17 03:11:43.984, 132.53 W, 95 %
2026/03/17 03:11:44.084, 132.49 W, 95 %
2026/03/17 03:11:44.184, 132.45 W, 95 %
2026/03/17 03:11:44.284, 132.42 W, 95 %
2026/03/17 03:11:44.384, 132.39 W, 95 %
2026/03/17 03:11:44.485, 132.34 W, 95 %
2026/03/17 03:11:44.585, 132.30 W, 95 %
2026/03/17 03:11:44.685, 132.26 W, 95 %
2026/03/17 03:11:44.785, 132.26 W, 95 %
2026/03/17 03:11:44.885, 132.27 W, 95 %
2026/03/17 03:11:44.985, 132.24 W, 95 %
2026/03/17 03:11:45.086, 132.23 W, 95 %
2026/03/17 03:11:45.186, 132.22 W, 95 %
2026/03/17 03:11:45.286, 132.21 W, 95 %
2026/03/17 03:11:45.386, 132.18 W, 95 %
2026/03/17 03:11:45.486, 132.19 W, 95 %
2026/03/17 03:11:45.586, 132.16 W, 95 %
2026/03/17 03:11:45.687, 132.14 W, 95 %
2026/03/17 03:11:45.787, 132.11 W, 95 %
2026/03/17 03:11:45.887, 132.10 W, 95 %
2026/03/17 03:11:45.987, 132.11 W, 95 %
2026/03/17 03:11:46.087, 132.11 W, 95 %
2026/03/17 03:11:46.187, 132.08 W, 95 %
2026/03/17 03:11:46.288, 132.07 W, 95 %
2026/03/17 03:11:46.388, 132.06 W, 95 %
2026/03/17 03:11:46.488, 132.06 W, 95 %
2026/03/17 03:11:46.588, 132.05 W, 95 %
2026/03/17 03:11:46.688, 132.04 W, 95 %
2026/03/17 03:11:46.788, 132.02 W, 95 %
2026/03/17 03:11:46.889, 132.01 W, 95 %
2026/03/17 03:11:46.989, 132.01 W, 95 %
2026/03/17 03:11:47.089, 132.00 W, 95 %
2026/03/17 03:11:47.189, 132.01 W, 95 %
2026/03/17 03:11:47.289, 131.98 W, 95 %
2026/03/17 03:11:47.389, 131.98 W, 95 %
2026/03/17 03:11:47.490, 131.98 W, 95 %
2026/03/17 03:11:47.590, 131.97 W, 95 %
2026/03/17 03:11:47.690, 131.98 W, 95 %
2026/03/17 03:11:47.790, 131.97 W, 95 %
2026/03/17 03:11:47.890, 131.97 W, 95 %
2026/03/17 03:11:47.990, 131.98 W, 95 %
2026/03/17 03:11:48.091, 131.98 W, 95 %
2026/03/17 03:11:48.191, 131.99 W, 95 %
2026/03/17 03:11:48.291, 132.01 W, 95 %
2026/03/17 03:11:48.391, 132.02 W, 95 %
2026/03/17 03:11:48.491, 132.05 W, 95 %
2026/03/17 03:11:48.591, 132.07 W, 95 %
2026/03/17 03:11:48.692, 132.09 W, 95 %
2026/03/17 03:11:48.792, 132.14 W, 95 %
2026/03/17 03:11:48.892, 132.16 W, 95 %
2026/03/17 03:11:48.992, 132.15 W, 95 %
2026/03/17 03:11:49.092, 132.18 W, 95 %
2026/03/17 03:11:49.193, 132.18 W, 95 %
2026/03/17 03:11:49.293, 132.20 W, 95 %
2026/03/17 03:11:49.393, 132.21 W, 95 %
2026/03/17 03:11:49.493, 132.22 W, 95 %
2026/03/17 03:11:49.593, 132.24 W, 95 %
2026/03/17 03:11:49.693, 132.26 W, 95 %
2026/03/17 03:11:49.794, 132.27 W, 95 %
2026/03/17 03:11:49.894, 132.29 W, 95 %
2026/03/17 03:11:49.994, 132.31 W, 95 %
2026/03/17 03:11:50.094, 132.32 W, 95 %
2026/03/17 03:11:50.194, 132.35 W, 95 %
2026/03/17 03:11:50.294, 132.37 W, 95 %
2026/03/17 03:11:50.395, 132.38 W, 95 %
2026/03/17 03:11:50.495, 132.38 W, 95 %
2026/03/17 03:11:50.595, 132.41 W, 95 %
2026/03/17 03:11:50.695, 132.40 W, 95 %
2026/03/17 03:11:50.795, 132.39 W, 95 %
2026/03/17 03:11:50.895, 132.39 W, 95 %
2026/03/17 03:11:50.996, 132.40 W, 95 %
2026/03/17 03:11:51.096, 132.41 W, 95 %
2026/03/17 03:11:51.196, 132.44 W, 95 %
2026/03/17 03:11:51.296, 132.46 W, 95 %
2026/03/17 03:11:51.396, 132.49 W, 95 %
2026/03/17 03:11:51.497, 132.50 W, 95 %
2026/03/17 03:11:51.597, 132.52 W, 95 %
2026/03/17 03:11:51.697, 132.53 W, 95 %
2026/03/17 03:11:51.797, 132.56 W, 95 %
2026/03/17 03:11:51.897, 132.60 W, 95 %
2026/03/17 03:11:51.997, 132.63 W, 95 %
2026/03/17 03:11:52.098, 132.66 W, 95 %
2026/03/17 03:11:52.198, 132.65 W, 95 %
2026/03/17 03:11:52.298, 132.65 W, 95 %
2026/03/17 03:11:52.398, 132.67 W, 95 %
2026/03/17 03:11:52.498, 132.67 W, 95 %
2026/03/17 03:11:52.598, 132.69 W, 95 %
2026/03/17 03:11:52.699, 132.71 W, 95 %
2026/03/17 03:11:52.799, 132.72 W, 95 %
2026/03/17 03:11:52.899, 132.71 W, 95 %
2026/03/17 03:11:52.999, 132.71 W, 95 %
2026/03/17 03:11:53.099, 132.70 W, 95 %
2026/03/17 03:11:53.199, 132.72 W, 95 %
2026/03/17 03:11:53.300, 132.74 W, 95 %
2026/03/17 03:11:53.400, 132.75 W, 95 %
2026/03/17 03:11:53.500, 132.75 W, 95 %
2026/03/17 03:11:53.600, 132.73 W, 95 %
2026/03/17 03:11:53.700, 132.73 W, 95 %
2026/03/17 03:11:53.800, 132.74 W, 95 %
2026/03/17 03:11:53.901, 132.74 W, 95 %
2026/03/17 03:11:54.001, 132.74 W, 95 %
2026/03/17 03:11:54.101, 132.73 W, 95 %
2026/03/17 03:11:54.201, 132.74 W, 95 %
2026/03/17 03:11:54.301, 132.76 W, 95 %
2026/03/17 03:11:54.401, 132.76 W, 95 %
2026/03/17 03:11:54.502, 132.78 W, 95 %
2026/03/17 03:11:54.602, 132.79 W, 95 %
2026/03/17 03:11:54.702, 132.82 W, 95 %
2026/03/17 03:11:54.802, 132.81 W, 95 %
2026/03/17 03:11:54.902, 132.82 W, 95 %
2026/03/17 03:11:55.002, 132.84 W, 95 %
2026/03/17 03:11:55.103, 132.86 W, 95 %
2026/03/17 03:11:55.203, 132.87 W, 95 %
2026/03/17 03:11:55.303, 132.85 W, 95 %
2026/03/17 03:11:55.403, 132.85 W, 95 %
2026/03/17 03:11:55.503, 132.86 W, 95 %
2026/03/17 03:11:55.603, 132.87 W, 95 %
2026/03/17 03:11:55.704, 132.87 W, 95 %
2026/03/17 03:11:55.804, 132.85 W, 95 %
2026/03/17 03:11:55.904, 132.84 W, 95 %
2026/03/17 03:11:56.004, 132.86 W, 95 %
2026/03/17 03:11:56.104, 132.84 W, 95 %
2026/03/17 03:11:56.205, 132.82 W, 95 %
2026/03/17 03:11:56.305, 132.82 W, 95 %
2026/03/17 03:11:56.405, 132.81 W, 95 %
2026/03/17 03:11:56.505, 132.79 W, 95 %
2026/03/17 03:11:56.605, 132.77 W, 95 %
2026/03/17 03:11:56.705, 132.77 W, 95 %
2026/03/17 03:11:56.806, 132.80 W, 95 %
2026/03/17 03:11:56.906, 132.78 W, 95 %
2026/03/17 03:11:57.006, 132.74 W, 95 %
2026/03/17 03:11:57.106, 132.73 W, 95 %
2026/03/17 03:11:57.206, 132.75 W, 95 %
2026/03/17 03:11:57.306, 132.76 W, 95 %
2026/03/17 03:11:57.407, 132.77 W, 95 %
2026/03/17 03:11:57.507, 132.78 W, 95 %
2026/03/17 03:11:57.607, 132.79 W, 95 %
2026/03/17 03:11:57.707, 132.77 W, 95 %
2026/03/17 03:11:57.807, 132.75 W, 95 %
2026/03/17 03:11:57.907, 132.74 W, 95 %
2026/03/17 03:11:58.008, 132.74 W, 95 %
2026/03/17 03:11:58.108, 132.73 W, 95 %
2026/03/17 03:11:58.208, 132.71 W, 95 %
2026/03/17 03:11:58.308, 132.71 W, 95 %
2026/03/17 03:11:58.408, 132.68 W, 95 %
2026/03/17 03:11:58.508, 132.66 W, 95 %
2026/03/17 03:11:58.609, 132.64 W, 95 %
2026/03/17 03:11:58.709, 132.61 W, 95 %
2026/03/17 03:11:58.809, 132.60 W, 95 %
2026/03/17 03:11:58.909, 132.60 W, 95 %
2026/03/17 03:11:59.009, 132.62 W, 95 %
2026/03/17 03:11:59.110, 132.60 W, 95 %
2026/03/17 03:11:59.210, 132.57 W, 95 %
2026/03/17 03:11:59.310, 132.53 W, 95 %
2026/03/17 03:11:59.410, 132.51 W, 95 %
2026/03/17 03:11:59.510, 132.49 W, 95 %
2026/03/17 03:11:59.610, 132.46 W, 95 %
2026/03/17 03:11:59.711, 132.46 W, 95 %
2026/03/17 03:11:59.811, 132.44 W, 95 %
2026/03/17 03:11:59.911, 132.41 W, 95 %
2026/03/17 03:12:00.011, 132.38 W, 95 %
2026/03/17 03:12:00.111, 132.35 W, 95 %
2026/03/17 03:12:00.211, 132.35 W, 95 %
2026/03/17 03:12:00.312, 132.35 W, 95 %
2026/03/17 03:12:00.412, 132.34 W, 95 %
2026/03/17 03:12:00.512, 132.33 W, 95 %
2026/03/17 03:12:00.612, 132.35 W, 95 %
2026/03/17 03:12:00.712, 132.35 W, 95 %
2026/03/17 03:12:00.813, 132.35 W, 95 %
2026/03/17 03:12:00.913, 132.35 W, 95 %
2026/03/17 03:12:01.013, 132.32 W, 95 %
2026/03/17 03:12:01.113, 132.33 W, 95 %
2026/03/17 03:12:01.213, 132.33 W, 95 %
2026/03/17 03:12:01.313, 132.35 W, 95 %
2026/03/17 03:12:01.414, 132.38 W, 95 %
2026/03/17 03:12:01.514, 132.40 W, 95 %
2026/03/17 03:12:01.614, 132.42 W, 95 %
2026/03/17 03:12:01.714, 132.43 W, 95 %
2026/03/17 03:12:01.814, 132.45 W, 95 %
2026/03/17 03:12:01.914, 132.50 W, 95 %
2026/03/17 03:12:02.015, 132.52 W, 95 %
2026/03/17 03:12:02.115, 132.53 W, 95 %
2026/03/17 03:12:02.215, 132.55 W, 95 %
2026/03/17 03:12:02.315, 132.56 W, 95 %
2026/03/17 03:12:02.415, 132.58 W, 95 %
2026/03/17 03:12:02.515, 132.57 W, 95 %
2026/03/17 03:12:02.616, 132.57 W, 95 %
2026/03/17 03:12:02.716, 132.56 W, 95 %
2026/03/17 03:12:02.816, 132.56 W, 95 %
2026/03/17 03:12:02.916, 132.56 W, 95 %
2026/03/17 03:12:03.016, 132.57 W, 95 %
2026/03/17 03:12:03.116, 132.57 W, 95 %
2026/03/17 03:12:03.217, 132.58 W, 95 %
2026/03/17 03:12:03.317, 132.57 W, 95 %
2026/03/17 03:12:03.417, 132.56 W, 95 %
2026/03/17 03:12:03.517, 132.57 W, 95 %
2026/03/17 03:12:03.617, 132.59 W, 95 %
2026/03/17 03:12:03.717, 132.61 W, 95 %
2026/03/17 03:12:03.818, 132.62 W, 95 %
2026/03/17 03:12:03.918, 132.62 W, 95 %
2026/03/17 03:12:04.018, 132.63 W, 95 %
2026/03/17 03:12:04.118, 132.64 W, 95 %
2026/03/17 03:12:04.218, 132.65 W, 95 %
2026/03/17 03:12:04.318, 132.68 W, 95 %
2026/03/17 03:12:04.419, 132.71 W, 95 %
2026/03/17 03:12:04.519, 132.74 W, 95 %
2026/03/17 03:12:04.619, 132.75 W, 95 %
2026/03/17 03:12:04.719, 132.77 W, 95 %
2026/03/17 03:12:04.819, 132.80 W, 95 %
2026/03/17 03:12:04.919, 132.86 W, 95 %
2026/03/17 03:12:05.020, 132.90 W, 95 %
2026/03/17 03:12:05.120, 132.91 W, 95 %
2026/03/17 03:12:05.220, 132.95 W, 95 %
2026/03/17 03:12:05.320, 132.97 W, 95 %
2026/03/17 03:12:05.420, 133.00 W, 95 %
2026/03/17 03:12:05.520, 133.01 W, 95 %
2026/03/17 03:12:05.620, 133.02 W, 95 %
2026/03/17 03:12:05.721, 133.02 W, 95 %
2026/03/17 03:12:05.821, 133.04 W, 95 %
2026/03/17 03:12:05.921, 133.06 W, 95 %
2026/03/17 03:12:06.021, 133.09 W, 95 %
2026/03/17 03:12:06.121, 133.12 W, 95 %
2026/03/17 03:12:06.222, 133.13 W, 95 %
2026/03/17 03:12:06.322, 133.15 W, 95 %
2026/03/17 03:12:06.422, 133.15 W, 95 %
2026/03/17 03:12:06.522, 133.17 W, 95 %
2026/03/17 03:12:06.622, 133.19 W, 95 %
2026/03/17 03:12:06.722, 133.20 W, 95 %
2026/03/17 03:12:06.823, 133.18 W, 95 %
2026/03/17 03:12:06.923, 133.16 W, 95 %
2026/03/17 03:12:07.023, 133.14 W, 95 %
2026/03/17 03:12:07.123, 133.13 W, 95 %
2026/03/17 03:12:07.223, 133.11 W, 95 %
2026/03/17 03:12:07.323, 133.10 W, 95 %
2026/03/17 03:12:07.424, 133.10 W, 95 %
2026/03/17 03:12:07.524, 133.12 W, 95 %
2026/03/17 03:12:07.624, 133.14 W, 95 %
2026/03/17 03:12:07.724, 133.16 W, 95 %
2026/03/17 03:12:07.824, 133.17 W, 95 %
2026/03/17 03:12:07.924, 133.18 W, 95 %
2026/03/17 03:12:08.025, 133.20 W, 95 %
2026/03/17 03:12:08.125, 133.21 W, 95 %
2026/03/17 03:12:08.225, 133.24 W, 95 %
2026/03/17 03:12:08.325, 133.24 W, 95 %
2026/03/17 03:12:08.425, 133.26 W, 95 %
2026/03/17 03:12:08.525, 133.24 W, 95 %
2026/03/17 03:12:08.626, 133.22 W, 95 %
2026/03/17 03:12:08.726, 133.21 W, 95 %
2026/03/17 03:12:08.826, 133.24 W, 95 %
2026/03/17 03:12:08.926, 133.24 W, 95 %
2026/03/17 03:12:09.026, 133.22 W, 95 %
2026/03/17 03:12:09.127, 133.21 W, 95 %
2026/03/17 03:12:09.227, 133.21 W, 95 %
2026/03/17 03:12:09.327, 133.22 W, 95 %
2026/03/17 03:12:09.427, 133.20 W, 95 %
2026/03/17 03:12:09.527, 133.20 W, 95 %
2026/03/17 03:12:09.627, 133.18 W, 95 %
2026/03/17 03:12:09.728, 133.17 W, 95 %
2026/03/17 03:12:09.828, 133.16 W, 95 %
2026/03/17 03:12:09.928, 133.16 W, 95 %
2026/03/17 03:12:10.028, 133.14 W, 95 %
2026/03/17 03:12:10.128, 133.12 W, 95 %
2026/03/17 03:12:10.228, 133.10 W, 95 %
2026/03/17 03:12:10.329, 133.09 W, 95 %
2026/03/17 03:12:10.429, 133.09 W, 95 %
2026/03/17 03:12:10.529, 133.11 W, 95 %
2026/03/17 03:12:10.629, 133.14 W, 95 %
2026/03/17 03:12:10.729, 133.13 W, 95 %
2026/03/17 03:12:10.829, 133.11 W, 95 %
2026/03/17 03:12:10.930, 133.09 W, 95 %
2026/03/17 03:12:11.030, 133.11 W, 95 %
2026/03/17 03:12:11.130, 133.12 W, 95 %
2026/03/17 03:12:11.230, 133.14 W, 95 %
2026/03/17 03:12:11.330, 133.13 W, 95 %
2026/03/17 03:12:11.431, 133.11 W, 95 %
2026/03/17 03:12:11.531, 133.09 W, 95 %
2026/03/17 03:12:11.631, 133.06 W, 95 %
2026/03/17 03:12:11.731, 133.05 W, 95 %
2026/03/17 03:12:11.831, 133.05 W, 95 %
2026/03/17 03:12:11.931, 133.04 W, 95 %
2026/03/17 03:12:12.032, 133.02 W, 95 %
2026/03/17 03:12:12.132, 132.98 W, 95 %
2026/03/17 03:12:12.232, 132.97 W, 95 %
2026/03/17 03:12:12.332, 132.95 W, 95 %
2026/03/17 03:12:12.432, 132.92 W, 95 %
2026/03/17 03:12:12.532, 132.88 W, 95 %
2026/03/17 03:12:12.633, 132.85 W, 95 %
2026/03/17 03:12:12.733, 132.82 W, 95 %
2026/03/17 03:12:12.833, 132.80 W, 95 %
2026/03/17 03:12:12.933, 132.77 W, 95 %
2026/03/17 03:12:13.033, 132.75 W, 95 %
2026/03/17 03:12:13.133, 132.73 W, 95 %
2026/03/17 03:12:13.234, 132.68 W, 95 %
2026/03/17 03:12:13.334, 132.68 W, 95 %
2026/03/17 03:12:13.434, 132.66 W, 95 %
2026/03/17 03:12:13.534, 132.65 W, 95 %
2026/03/17 03:12:13.634, 132.62 W, 95 %
2026/03/17 03:12:13.735, 132.62 W, 95 %
2026/03/17 03:12:13.835, 132.62 W, 95 %
2026/03/17 03:12:13.935, 132.62 W, 95 %
2026/03/17 03:12:14.035, 132.60 W, 95 %
2026/03/17 03:12:14.135, 132.58 W, 95 %
2026/03/17 03:12:14.235, 132.58 W, 95 %
2026/03/17 03:12:14.335, 132.57 W, 95 %
2026/03/17 03:12:14.436, 132.56 W, 95 %
2026/03/17 03:12:14.536, 132.56 W, 95 %
2026/03/17 03:12:14.636, 132.55 W, 95 %
2026/03/17 03:12:14.736, 132.52 W, 95 %
2026/03/17 03:12:14.836, 132.49 W, 95 %
2026/03/17 03:12:14.937, 132.47 W, 95 %
2026/03/17 03:12:15.037, 132.46 W, 95 %
2026/03/17 03:12:15.137, 132.46 W, 95 %
2026/03/17 03:12:15.237, 132.48 W, 95 %
2026/03/17 03:12:15.337, 132.46 W, 95 %
2026/03/17 03:12:15.437, 132.43 W, 95 %
2026/03/17 03:12:15.538, 132.42 W, 95 %
2026/03/17 03:12:15.638, 132.40 W, 95 %
2026/03/17 03:12:15.738, 132.40 W, 95 %
2026/03/17 03:12:15.838, 132.40 W, 95 %
2026/03/17 03:12:15.938, 132.38 W, 95 %
2026/03/17 03:12:16.038, 132.36 W, 95 %
2026/03/17 03:12:16.139, 132.33 W, 95 %
2026/03/17 03:12:16.239, 132.30 W, 95 %
2026/03/17 03:12:16.339, 132.28 W, 95 %
2026/03/17 03:12:16.439, 132.27 W, 95 %
2026/03/17 03:12:16.539, 132.25 W, 95 %
2026/03/17 03:12:16.639, 132.25 W, 95 %
2026/03/17 03:12:16.740, 132.22 W, 95 %
2026/03/17 03:12:16.840, 132.19 W, 95 %
2026/03/17 03:12:16.940, 132.18 W, 95 %
2026/03/17 03:12:17.040, 132.16 W, 95 %
2026/03/17 03:12:17.140, 132.14 W, 95 %
2026/03/17 03:12:17.240, 132.13 W, 95 %
2026/03/17 03:12:17.341, 132.12 W, 95 %
2026/03/17 03:12:17.441, 132.10 W, 95 %
2026/03/17 03:12:17.541, 132.10 W, 95 %
2026/03/17 03:12:17.641, 132.08 W, 95 %
2026/03/17 03:12:17.741, 132.06 W, 95 %
2026/03/17 03:12:17.842, 132.05 W, 95 %
2026/03/17 03:12:17.942, 132.05 W, 95 %
2026/03/17 03:12:18.042, 132.08 W, 95 %
2026/03/17 03:12:18.142, 132.09 W, 95 %
2026/03/17 03:12:18.242, 132.09 W, 95 %
2026/03/17 03:12:18.342, 132.07 W, 95 %
2026/03/17 03:12:18.443, 132.08 W, 95 %
2026/03/17 03:12:18.543, 132.08 W, 95 %
2026/03/17 03:12:18.643, 132.09 W, 95 %
2026/03/17 03:12:18.743, 132.10 W, 95 %
2026/03/17 03:12:18.843, 132.11 W, 95 %
2026/03/17 03:12:18.943, 132.11 W, 95 %
2026/03/17 03:12:19.044, 132.10 W, 95 %
2026/03/17 03:12:19.144, 132.09 W, 95 %
2026/03/17 03:12:19.244, 132.09 W, 95 %
2026/03/17 03:12:19.344, 132.07 W, 95 %
2026/03/17 03:12:19.444, 132.05 W, 95 %
2026/03/17 03:12:19.544, 132.05 W, 95 %
2026/03/17 03:12:19.645, 132.05 W, 95 %
2026/03/17 03:12:19.745, 132.05 W, 95 %
2026/03/17 03:12:19.845, 132.04 W, 95 %
2026/03/17 03:12:19.945, 132.03 W, 95 %
2026/03/17 03:12:20.045, 132.01 W, 95 %
2026/03/17 03:12:20.146, 132.00 W, 95 %
2026/03/17 03:12:20.246, 132.01 W, 95 %
2026/03/17 03:12:20.346, 132.01 W, 95 %
2026/03/17 03:12:20.446, 132.01 W, 95 %
2026/03/17 03:12:20.546, 132.00 W, 95 %
2026/03/17 03:12:20.646, 132.02 W, 95 %
2026/03/17 03:12:20.747, 132.00 W, 95 %
2026/03/17 03:12:20.847, 132.01 W, 95 %
2026/03/17 03:12:20.947, 132.02 W, 95 %
2026/03/17 03:12:21.047, 132.04 W, 95 %
2026/03/17 03:12:21.147, 132.04 W, 95 %
2026/03/17 03:12:21.247, 132.03 W, 95 %
2026/03/17 03:12:21.348, 132.04 W, 95 %
2026/03/17 03:12:21.448, 132.07 W, 95 %
2026/03/17 03:12:21.548, 132.09 W, 95 %
2026/03/17 03:12:21.648, 132.07 W, 95 %
2026/03/17 03:12:21.748, 132.07 W, 95 %
2026/03/17 03:12:21.848, 132.05 W, 95 %
2026/03/17 03:12:21.949, 132.05 W, 95 %
2026/03/17 03:12:22.049, 132.04 W, 95 %
2026/03/17 03:12:22.149, 132.05 W, 95 %
2026/03/17 03:12:22.249, 132.05 W, 95 %
2026/03/17 03:12:22.349, 132.02 W, 95 %
2026/03/17 03:12:22.449, 132.00 W, 95 %
2026/03/17 03:12:22.550, 132.00 W, 95 %
2026/03/17 03:12:22.650, 132.00 W, 95 %
2026/03/17 03:12:22.750, 132.00 W, 95 %
2026/03/17 03:12:22.850, 131.98 W, 95 %
2026/03/17 03:12:22.950, 131.97 W, 95 %
2026/03/17 03:12:23.050, 131.98 W, 95 %
2026/03/17 03:12:23.151, 131.96 W, 95 %
2026/03/17 03:12:23.251, 131.96 W, 95 %
2026/03/17 03:12:23.351, 131.98 W, 95 %
2026/03/17 03:12:23.451, 131.98 W, 95 %
2026/03/17 03:12:23.551, 131.98 W, 95 %
2026/03/17 03:12:23.651, 131.99 W, 95 %
2026/03/17 03:12:23.752, 132.02 W, 95 %
2026/03/17 03:12:23.852, 132.04 W, 95 %
2026/03/17 03:12:23.952, 132.06 W, 95 %
2026/03/17 03:12:24.052, 132.07 W, 95 %
2026/03/17 03:12:24.152, 132.09 W, 95 %
2026/03/17 03:12:24.252, 132.08 W, 95 %
2026/03/17 03:12:24.353, 132.08 W, 95 %
2026/03/17 03:12:24.453, 132.09 W, 95 %
2026/03/17 03:12:24.553, 132.10 W, 95 %
2026/03/17 03:12:24.653, 132.10 W, 95 %
2026/03/17 03:12:24.753, 132.08 W, 95 %
2026/03/17 03:12:24.853, 132.07 W, 95 %
2026/03/17 03:12:24.954, 132.06 W, 95 %
2026/03/17 03:12:25.054, 132.05 W, 95 %
2026/03/17 03:12:25.154, 132.03 W, 95 %
2026/03/17 03:12:25.254, 132.04 W, 95 %
2026/03/17 03:12:25.354, 132.04 W, 95 %
2026/03/17 03:12:25.454, 132.06 W, 95 %
2026/03/17 03:12:25.555, 132.05 W, 95 %
2026/03/17 03:12:25.655, 132.03 W, 95 %
2026/03/17 03:12:25.755, 132.03 W, 95 %
2026/03/17 03:12:25.855, 132.02 W, 95 %
2026/03/17 03:12:25.955, 132.03 W, 95 %
2026/03/17 03:12:26.055, 132.05 W, 95 %
2026/03/17 03:12:26.156, 132.07 W, 95 %
2026/03/17 03:12:26.256, 132.05 W, 95 %
2026/03/17 03:12:26.356, 132.06 W, 95 %
2026/03/17 03:12:26.456, 132.04 W, 95 %
2026/03/17 03:12:26.556, 132.05 W, 95 %
2026/03/17 03:12:26.656, 132.07 W, 95 %
2026/03/17 03:12:26.757, 132.07 W, 95 %
2026/03/17 03:12:26.857, 132.08 W, 95 %
2026/03/17 03:12:26.957, 132.10 W, 95 %
2026/03/17 03:12:27.057, 132.10 W, 95 %
2026/03/17 03:12:27.157, 132.10 W, 95 %
2026/03/17 03:12:27.257, 132.14 W, 95 %
2026/03/17 03:12:27.358, 132.14 W, 95 %
2026/03/17 03:12:27.458, 132.17 W, 95 %
2026/03/17 03:12:27.558, 132.15 W, 95 %
2026/03/17 03:12:27.658, 132.13 W, 95 %
2026/03/17 03:12:27.758, 132.14 W, 95 %
2026/03/17 03:12:27.859, 132.17 W, 95 %
2026/03/17 03:12:27.959, 132.18 W, 95 %
2026/03/17 03:12:28.059, 132.20 W, 95 %
2026/03/17 03:12:28.159, 132.21 W, 95 %
2026/03/17 03:12:28.259, 132.21 W, 95 %
2026/03/17 03:12:28.359, 132.23 W, 95 %
2026/03/17 03:12:28.460, 132.21 W, 95 %
2026/03/17 03:12:28.560, 132.22 W, 95 %
2026/03/17 03:12:28.660, 132.24 W, 95 %
2026/03/17 03:12:28.760, 132.23 W, 95 %
2026/03/17 03:12:28.860, 132.23 W, 95 %
2026/03/17 03:12:28.960, 132.22 W, 95 %
2026/03/17 03:12:29.061, 132.20 W, 95 %
2026/03/17 03:12:29.161, 132.19 W, 95 %
2026/03/17 03:12:29.261, 132.17 W, 95 %
2026/03/17 03:12:29.361, 132.15 W, 95 %
2026/03/17 03:12:29.461, 132.17 W, 95 %
2026/03/17 03:12:29.561, 132.19 W, 95 %
2026/03/17 03:12:29.662, 132.18 W, 95 %
2026/03/17 03:12:29.762, 132.18 W, 95 %
2026/03/17 03:12:29.862, 132.16 W, 95 %
2026/03/17 03:12:29.962, 132.15 W, 95 %
2026/03/17 03:12:30.062, 132.18 W, 95 %
2026/03/17 03:12:30.162, 132.20 W, 95 %
2026/03/17 03:12:30.263, 132.21 W, 95 %
2026/03/17 03:12:30.363, 132.22 W, 95 %
2026/03/17 03:12:30.463, 132.24 W, 95 %
2026/03/17 03:12:30.563, 132.24 W, 95 %
2026/03/17 03:12:30.663, 132.25 W, 95 %
2026/03/17 03:12:30.764, 132.26 W, 95 %
2026/03/17 03:12:30.864, 132.30 W, 95 %
2026/03/17 03:12:30.964, 132.31 W, 95 %
2026/03/17 03:12:31.064, 132.31 W, 95 %
2026/03/17 03:12:31.164, 132.31 W, 95 %
2026/03/17 03:12:31.264, 132.32 W, 95 %
2026/03/17 03:12:31.365, 132.35 W, 95 %
2026/03/17 03:12:31.465, 132.35 W, 95 %
2026/03/17 03:12:31.565, 132.36 W, 95 %
2026/03/17 03:12:31.665, 132.35 W, 95 %
2026/03/17 03:12:31.765, 132.37 W, 95 %
2026/03/17 03:12:31.865, 132.37 W, 95 %
2026/03/17 03:12:31.966, 132.38 W, 95 %
2026/03/17 03:12:32.066, 132.37 W, 95 %
2026/03/17 03:12:32.166, 132.38 W, 95 %
2026/03/17 03:12:32.266, 132.39 W, 95 %
2026/03/17 03:12:32.366, 132.39 W, 95 %
2026/03/17 03:12:32.467, 132.42 W, 95 %
2026/03/17 03:12:32.567, 132.41 W, 95 %
2026/03/17 03:12:32.667, 132.43 W, 95 %
2026/03/17 03:12:32.767, 132.45 W, 95 %
2026/03/17 03:12:32.867, 132.45 W, 95 %
2026/03/17 03:12:32.967, 132.46 W, 95 %
2026/03/17 03:12:33.067, 132.46 W, 95 %
2026/03/17 03:12:33.168, 132.45 W, 95 %
2026/03/17 03:12:33.268, 132.42 W, 95 %
2026/03/17 03:12:33.368, 132.41 W, 95 %
2026/03/17 03:12:33.468, 132.40 W, 95 %
2026/03/17 03:12:33.568, 132.43 W, 95 %
2026/03/17 03:12:33.669, 132.43 W, 95 %
2026/03/17 03:12:33.769, 132.43 W, 95 %
2026/03/17 03:12:33.869, 132.43 W, 95 %
2026/03/17 03:12:33.969, 132.42 W, 95 %
2026/03/17 03:12:34.069, 132.44 W, 95 %
2026/03/17 03:12:34.169, 132.46 W, 95 %
2026/03/17 03:12:34.269, 132.47 W, 95 %
2026/03/17 03:12:34.370, 132.48 W, 95 %
2026/03/17 03:12:34.470, 132.48 W, 95 %
2026/03/17 03:12:34.570, 132.47 W, 95 %
2026/03/17 03:12:34.670, 132.48 W, 95 %
2026/03/17 03:12:34.770, 132.48 W, 95 %
2026/03/17 03:12:34.870, 132.49 W, 95 %
2026/03/17 03:12:34.971, 132.50 W, 95 %
2026/03/17 03:12:35.071, 132.50 W, 95 %
2026/03/17 03:12:35.171, 132.52 W, 95 %
2026/03/17 03:12:35.271, 132.57 W, 95 %
2026/03/17 03:12:35.371, 132.58 W, 95 %
2026/03/17 03:12:35.471, 132.58 W, 95 %
2026/03/17 03:12:35.572, 132.59 W, 95 %
2026/03/17 03:12:35.672, 132.59 W, 95 %
2026/03/17 03:12:35.772, 132.61 W, 95 %
2026/03/17 03:12:35.872, 132.60 W, 95 %
2026/03/17 03:12:35.972, 132.60 W, 95 %
2026/03/17 03:12:36.073, 132.58 W, 95 %
2026/03/17 03:12:36.173, 132.56 W, 95 %
2026/03/17 03:12:36.273, 132.52 W, 95 %
2026/03/17 03:12:36.373, 132.53 W, 95 %
2026/03/17 03:12:36.473, 132.51 W, 95 %
2026/03/17 03:12:36.573, 132.51 W, 95 %
2026/03/17 03:12:36.674, 132.50 W, 95 %
2026/03/17 03:12:36.774, 132.49 W, 95 %
2026/03/17 03:12:36.874, 132.52 W, 95 %
2026/03/17 03:12:36.974, 132.53 W, 95 %
2026/03/17 03:12:37.074, 132.55 W, 95 %
2026/03/17 03:12:37.174, 132.56 W, 95 %
2026/03/17 03:12:37.275, 132.59 W, 95 %
2026/03/17 03:12:37.375, 132.59 W, 95 %
2026/03/17 03:12:37.475, 132.62 W, 95 %
2026/03/17 03:12:37.575, 132.61 W, 95 %
2026/03/17 03:12:37.675, 132.61 W, 95 %
2026/03/17 03:12:37.775, 132.60 W, 95 %
2026/03/17 03:12:37.876, 132.59 W, 95 %
2026/03/17 03:12:37.976, 132.57 W, 95 %
2026/03/17 03:12:38.076, 132.57 W, 95 %
2026/03/17 03:12:38.176, 132.58 W, 95 %
2026/03/17 03:12:38.276, 132.59 W, 95 %
2026/03/17 03:12:38.376, 132.60 W, 95 %
2026/03/17 03:12:38.477, 132.57 W, 95 %
2026/03/17 03:12:38.577, 132.57 W, 95 %
2026/03/17 03:12:38.677, 132.58 W, 95 %
2026/03/17 03:12:38.777, 132.58 W, 95 %
2026/03/17 03:12:38.877, 132.60 W, 95 %
2026/03/17 03:12:38.977, 132.59 W, 95 %
2026/03/17 03:12:39.078, 132.57 W, 95 %
2026/03/17 03:12:39.178, 132.55 W, 95 %
2026/03/17 03:12:39.278, 132.54 W, 95 %
2026/03/17 03:12:39.378, 132.56 W, 95 %
2026/03/17 03:12:39.478, 132.59 W, 95 %
2026/03/17 03:12:39.578, 132.60 W, 95 %
2026/03/17 03:12:39.679, 132.59 W, 95 %
2026/03/17 03:12:39.779, 132.59 W, 95 %
2026/03/17 03:12:39.879, 132.60 W, 95 %
2026/03/17 03:12:39.979, 132.62 W, 95 %
2026/03/17 03:12:40.079, 132.65 W, 95 %
2026/03/17 03:12:40.180, 132.64 W, 95 %
2026/03/17 03:12:40.280, 132.64 W, 95 %
2026/03/17 03:12:40.380, 132.64 W, 95 %
2026/03/17 03:12:40.480, 132.65 W, 95 %
2026/03/17 03:12:40.580, 132.65 W, 95 %
2026/03/17 03:12:40.680, 132.65 W, 95 %
2026/03/17 03:12:40.781, 132.65 W, 95 %
2026/03/17 03:12:40.881, 132.64 W, 95 %
2026/03/17 03:12:40.981, 132.64 W, 95 %
2026/03/17 03:12:41.081, 132.62 W, 95 %
2026/03/17 03:12:41.181, 132.66 W, 95 %
2026/03/17 03:12:41.281, 132.67 W, 95 %
2026/03/17 03:12:41.382, 132.64 W, 95 %
2026/03/17 03:12:41.482, 132.62 W, 95 %
2026/03/17 03:12:41.582, 132.63 W, 95 %
2026/03/17 03:12:41.682, 132.65 W, 95 %
2026/03/17 03:12:41.782, 132.66 W, 95 %
2026/03/17 03:12:41.882, 132.67 W, 95 %
2026/03/17 03:12:41.983, 132.68 W, 95 %
2026/03/17 03:12:42.083, 132.69 W, 95 %
2026/03/17 03:12:42.183, 132.68 W, 95 %
2026/03/17 03:12:42.283, 132.67 W, 95 %
2026/03/17 03:12:42.383, 132.68 W, 95 %
2026/03/17 03:12:42.484, 132.68 W, 95 %
2026/03/17 03:12:42.584, 132.66 W, 95 %
2026/03/17 03:12:42.684, 132.66 W, 95 %
2026/03/17 03:12:42.784, 132.65 W, 95 %
2026/03/17 03:12:42.884, 132.65 W, 95 %
2026/03/17 03:12:42.984, 132.67 W, 95 %
2026/03/17 03:12:43.085, 132.67 W, 95 %
2026/03/17 03:12:43.185, 132.68 W, 95 %
2026/03/17 03:12:43.285, 132.67 W, 95 %
2026/03/17 03:12:43.385, 132.67 W, 95 %
2026/03/17 03:12:43.485, 132.68 W, 95 %
2026/03/17 03:12:43.585, 132.71 W, 95 %
2026/03/17 03:12:43.686, 132.70 W, 95 %
2026/03/17 03:12:43.786, 132.71 W, 95 %
2026/03/17 03:12:43.886, 132.69 W, 95 %
2026/03/17 03:12:43.986, 132.70 W, 95 %
2026/03/17 03:12:44.086, 132.69 W, 95 %
2026/03/17 03:12:44.186, 132.67 W, 95 %
2026/03/17 03:12:44.287, 132.68 W, 95 %
2026/03/17 03:12:44.387, 132.68 W, 95 %
2026/03/17 03:12:44.487, 132.69 W, 95 %
2026/03/17 03:12:44.587, 132.69 W, 95 %
2026/03/17 03:12:44.687, 132.69 W, 95 %
2026/03/17 03:12:44.787, 132.67 W, 95 %
2026/03/17 03:12:44.888, 132.66 W, 95 %
2026/03/17 03:12:44.988, 132.64 W, 95 %
2026/03/17 03:12:45.088, 132.65 W, 95 %
2026/03/17 03:12:45.188, 132.67 W, 95 %
2026/03/17 03:12:45.288, 132.67 W, 95 %
2026/03/17 03:12:45.388, 132.67 W, 95 %
2026/03/17 03:12:45.489, 132.69 W, 95 %
2026/03/17 03:12:45.589, 132.68 W, 95 %
2026/03/17 03:12:45.689, 132.69 W, 95 %
2026/03/17 03:12:45.789, 132.72 W, 95 %
2026/03/17 03:12:45.889, 132.74 W, 95 %
2026/03/17 03:12:45.989, 132.75 W, 95 %
2026/03/17 03:12:46.090, 132.76 W, 95 %
2026/03/17 03:12:46.190, 132.74 W, 95 %
2026/03/17 03:12:46.290, 132.74 W, 95 %
2026/03/17 03:12:46.390, 132.76 W, 95 %
2026/03/17 03:12:46.490, 132.75 W, 95 %
2026/03/17 03:12:46.590, 132.74 W, 95 %
2026/03/17 03:12:46.691, 132.74 W, 95 %
2026/03/17 03:12:46.791, 132.73 W, 95 %
2026/03/17 03:12:46.891, 132.71 W, 95 %
2026/03/17 03:12:46.991, 132.71 W, 95 %
2026/03/17 03:12:47.091, 132.69 W, 95 %
2026/03/17 03:12:47.192, 132.69 W, 95 %
2026/03/17 03:12:47.292, 132.68 W, 95 %
2026/03/17 03:12:47.392, 132.67 W, 95 %
2026/03/17 03:12:47.492, 132.67 W, 95 %
2026/03/17 03:12:47.592, 132.69 W, 95 %
2026/03/17 03:12:47.692, 132.68 W, 95 %
2026/03/17 03:12:47.793, 132.69 W, 95 %
2026/03/17 03:12:47.893, 132.70 W, 95 %
2026/03/17 03:12:47.993, 132.70 W, 95 %
2026/03/17 03:12:48.093, 132.73 W, 95 %
2026/03/17 03:12:48.193, 132.74 W, 95 %
2026/03/17 03:12:48.293, 132.76 W, 95 %
2026/03/17 03:12:48.394, 132.76 W, 95 %
2026/03/17 03:12:48.494, 132.76 W, 95 %
2026/03/17 03:12:48.594, 132.74 W, 95 %
2026/03/17 03:12:48.694, 132.75 W, 95 %
2026/03/17 03:12:48.794, 132.74 W, 95 %
2026/03/17 03:12:48.894, 132.75 W, 95 %
2026/03/17 03:12:48.995, 132.76 W, 95 %
2026/03/17 03:12:49.095, 132.75 W, 95 %
2026/03/17 03:12:49.195, 132.73 W, 95 %
2026/03/17 03:12:49.295, 132.74 W, 95 %
2026/03/17 03:12:49.395, 132.73 W, 95 %
2026/03/17 03:12:49.495, 132.73 W, 95 %
2026/03/17 03:12:49.596, 132.74 W, 95 %
2026/03/17 03:12:49.696, 132.74 W, 95 %
2026/03/17 03:12:49.796, 132.74 W, 95 %
2026/03/17 03:12:49.896, 132.75 W, 95 %
2026/03/17 03:12:49.996, 132.74 W, 95 %
2026/03/17 03:12:50.097, 132.74 W, 95 %
2026/03/17 03:12:50.197, 132.74 W, 95 %
2026/03/17 03:12:50.297, 132.74 W, 95 %
2026/03/17 03:12:50.397, 132.75 W, 95 %
2026/03/17 03:12:50.497, 132.77 W, 95 %
2026/03/17 03:12:50.597, 132.77 W, 95 %
2026/03/17 03:12:50.698, 132.77 W, 95 %
2026/03/17 03:12:50.798, 132.77 W, 95 %
2026/03/17 03:12:50.898, 132.75 W, 95 %
2026/03/17 03:12:50.998, 132.76 W, 95 %
2026/03/17 03:12:51.098, 132.77 W, 95 %
2026/03/17 03:12:51.198, 132.76 W, 95 %
2026/03/17 03:12:51.299, 132.74 W, 95 %
2026/03/17 03:12:51.399, 132.73 W, 95 %
2026/03/17 03:12:51.499, 132.71 W, 95 %
2026/03/17 03:12:51.599, 132.71 W, 95 %
2026/03/17 03:12:51.699, 132.69 W, 95 %
2026/03/17 03:12:51.799, 132.70 W, 95 %
2026/03/17 03:12:51.900, 132.69 W, 95 %
2026/03/17 03:12:52.000, 132.68 W, 95 %
2026/03/17 03:12:52.100, 132.66 W, 95 %
2026/03/17 03:12:52.200, 132.67 W, 95 %
2026/03/17 03:12:52.300, 132.68 W, 95 %
2026/03/17 03:12:52.400, 132.70 W, 95 %
2026/03/17 03:12:52.501, 132.68 W, 95 %
2026/03/17 03:12:52.601, 132.70 W, 95 %
2026/03/17 03:12:52.701, 132.71 W, 95 %
2026/03/17 03:12:52.801, 132.73 W, 95 %
2026/03/17 03:12:52.901, 132.74 W, 95 %
2026/03/17 03:12:53.001, 132.75 W, 95 %
2026/03/17 03:12:53.102, 132.76 W, 95 %
2026/03/17 03:12:53.202, 132.73 W, 95 %
2026/03/17 03:12:53.302, 132.72 W, 95 %
2026/03/17 03:12:53.402, 132.72 W, 95 %
2026/03/17 03:12:53.502, 132.72 W, 95 %
2026/03/17 03:12:53.602, 132.71 W, 95 %
2026/03/17 03:12:53.703, 132.72 W, 95 %
2026/03/17 03:12:53.803, 132.70 W, 95 %
2026/03/17 03:12:53.903, 132.70 W, 95 %
2026/03/17 03:12:54.003, 132.70 W, 95 %
2026/03/17 03:12:54.103, 132.71 W, 95 %
2026/03/17 03:12:54.203, 132.72 W, 95 %
2026/03/17 03:12:54.303, 132.72 W, 95 %
2026/03/17 03:12:54.404, 132.72 W, 95 %
2026/03/17 03:12:54.504, 132.74 W, 95 %
2026/03/17 03:12:54.604, 132.73 W, 95 %
2026/03/17 03:12:54.704, 132.72 W, 95 %
2026/03/17 03:12:54.804, 132.73 W, 95 %
2026/03/17 03:12:54.905, 132.70 W, 95 %
2026/03/17 03:12:55.005, 132.71 W, 95 %
2026/03/17 03:12:55.105, 132.72 W, 95 %
2026/03/17 03:12:55.205, 132.74 W, 95 %
2026/03/17 03:12:55.305, 132.76 W, 95 %
2026/03/17 03:12:55.405, 132.76 W, 95 %
2026/03/17 03:12:55.506, 132.74 W, 95 %
2026/03/17 03:12:55.606, 132.74 W, 95 %
2026/03/17 03:12:55.706, 132.75 W, 95 %
2026/03/17 03:12:55.806, 132.76 W, 95 %
2026/03/17 03:12:55.906, 132.77 W, 95 %
2026/03/17 03:12:56.006, 132.74 W, 95 %
2026/03/17 03:12:56.107, 132.72 W, 95 %
2026/03/17 03:12:56.207, 132.71 W, 95 %
2026/03/17 03:12:56.307, 132.71 W, 95 %
2026/03/17 03:12:56.407, 132.70 W, 95 %
2026/03/17 03:12:56.507, 132.70 W, 95 %
2026/03/17 03:12:56.607, 132.71 W, 95 %
2026/03/17 03:12:56.708, 132.71 W, 95 %
2026/03/17 03:12:56.808, 132.70 W, 95 %
2026/03/17 03:12:56.908, 132.71 W, 95 %
2026/03/17 03:12:57.008, 132.72 W, 95 %
2026/03/17 03:12:57.108, 132.71 W, 95 %
2026/03/17 03:12:57.209, 132.72 W, 95 %
2026/03/17 03:12:57.309, 132.71 W, 95 %
2026/03/17 03:12:57.409, 132.70 W, 95 %
2026/03/17 03:12:57.509, 132.71 W, 95 %
2026/03/17 03:12:57.609, 132.69 W, 95 %
2026/03/17 03:12:57.709, 132.67 W, 95 %
2026/03/17 03:12:57.810, 132.64 W, 95 %
2026/03/17 03:12:57.910, 132.64 W, 95 %
2026/03/17 03:12:58.010, 132.64 W, 95 %
2026/03/17 03:12:58.110, 132.64 W, 95 %
2026/03/17 03:12:58.210, 132.61 W, 95 %
2026/03/17 03:12:58.310, 132.59 W, 95 %
2026/03/17 03:12:58.411, 132.58 W, 95 %
2026/03/17 03:12:58.511, 132.56 W, 95 %
2026/03/17 03:12:58.611, 132.58 W, 95 %
2026/03/17 03:12:58.711, 132.58 W, 95 %
2026/03/17 03:12:58.811, 132.61 W, 95 %
2026/03/17 03:12:58.912, 132.60 W, 95 %
2026/03/17 03:12:59.012, 132.59 W, 95 %
2026/03/17 03:12:59.112, 132.60 W, 95 %
2026/03/17 03:12:59.212, 132.61 W, 95 %
2026/03/17 03:12:59.312, 132.62 W, 95 %
2026/03/17 03:12:59.412, 132.63 W, 95 %
2026/03/17 03:12:59.513, 132.62 W, 95 %
2026/03/17 03:12:59.613, 132.63 W, 95 %
2026/03/17 03:12:59.713, 132.63 W, 95 %
2026/03/17 03:12:59.813, 132.63 W, 95 %
2026/03/17 03:12:59.913, 132.62 W, 95 %
2026/03/17 03:13:00.013, 132.62 W, 95 %
2026/03/17 03:13:00.114, 132.61 W, 95 %
2026/03/17 03:13:00.214, 132.59 W, 95 %
2026/03/17 03:13:00.314, 132.61 W, 95 %
2026/03/17 03:13:00.414, 132.59 W, 95 %
2026/03/17 03:13:00.514, 132.60 W, 95 %
2026/03/17 03:13:00.615, 132.60 W, 95 %
2026/03/17 03:13:00.715, 132.58 W, 95 %
2026/03/17 03:13:00.815, 132.58 W, 95 %
2026/03/17 03:13:00.915, 132.59 W, 95 %
2026/03/17 03:13:01.015, 132.61 W, 95 %
2026/03/17 03:13:01.115, 132.64 W, 95 %
2026/03/17 03:13:01.216, 132.66 W, 95 %
2026/03/17 03:13:01.316, 132.67 W, 95 %
2026/03/17 03:13:01.416, 132.71 W, 95 %
2026/03/17 03:13:01.516, 132.69 W, 95 %
2026/03/17 03:13:01.616, 132.68 W, 95 %
2026/03/17 03:13:01.716, 132.72 W, 95 %
2026/03/17 03:13:01.817, 132.73 W, 95 %
2026/03/17 03:13:01.917, 132.73 W, 95 %
2026/03/17 03:13:02.017, 132.74 W, 95 %
2026/03/17 03:13:02.117, 132.73 W, 95 %
2026/03/17 03:13:02.217, 132.73 W, 95 %
2026/03/17 03:13:02.317, 132.71 W, 95 %
2026/03/17 03:13:02.418, 132.68 W, 95 %
2026/03/17 03:13:02.518, 132.70 W, 95 %
2026/03/17 03:13:02.618, 132.72 W, 95 %
2026/03/17 03:13:02.718, 132.71 W, 95 %
2026/03/17 03:13:02.818, 132.69 W, 95 %
2026/03/17 03:13:02.919, 132.67 W, 95 %
2026/03/17 03:13:03.019, 132.65 W, 95 %
2026/03/17 03:13:03.119, 132.64 W, 95 %
2026/03/17 03:13:03.219, 132.62 W, 95 %
2026/03/17 03:13:03.319, 132.63 W, 95 %
2026/03/17 03:13:03.419, 132.63 W, 95 %
2026/03/17 03:13:03.520, 132.60 W, 95 %
2026/03/17 03:13:03.620, 132.59 W, 95 %
2026/03/17 03:13:03.720, 132.58 W, 95 %
2026/03/17 03:13:03.820, 132.59 W, 95 %
2026/03/17 03:13:03.920, 132.61 W, 95 %
2026/03/17 03:13:04.020, 132.62 W, 95 %
2026/03/17 03:13:04.121, 132.60 W, 95 %
2026/03/17 03:13:04.221, 132.61 W, 95 %
2026/03/17 03:13:04.321, 132.61 W, 95 %
2026/03/17 03:13:04.421, 132.62 W, 95 %
2026/03/17 03:13:04.521, 132.65 W, 95 %
2026/03/17 03:13:04.621, 132.64 W, 95 %
2026/03/17 03:13:04.722, 132.65 W, 95 %
2026/03/17 03:13:04.822, 132.66 W, 95 %
2026/03/17 03:13:04.922, 132.64 W, 95 %
2026/03/17 03:13:05.022, 132.65 W, 95 %
2026/03/17 03:13:05.122, 132.68 W, 95 %
2026/03/17 03:13:05.222, 132.68 W, 95 %
2026/03/17 03:13:05.323, 132.68 W, 95 %
2026/03/17 03:13:05.423, 132.68 W, 95 %
2026/03/17 03:13:05.523, 132.68 W, 95 %
2026/03/17 03:13:05.623, 132.71 W, 95 %
2026/03/17 03:13:05.723, 132.73 W, 95 %
2026/03/17 03:13:05.823, 132.71 W, 95 %
2026/03/17 03:13:05.924, 132.74 W, 95 %
2026/03/17 03:13:06.024, 132.75 W, 95 %
2026/03/17 03:13:06.124, 132.74 W, 95 %
2026/03/17 03:13:06.224, 132.75 W, 95 %
2026/03/17 03:13:06.324, 132.76 W, 95 %
2026/03/17 03:13:06.424, 132.74 W, 95 %
2026/03/17 03:13:06.525, 132.72 W, 95 %
2026/03/17 03:13:06.625, 132.70 W, 95 %
2026/03/17 03:13:06.725, 132.69 W, 95 %
2026/03/17 03:13:06.825, 132.70 W, 95 %
2026/03/17 03:13:06.925, 132.67 W, 95 %
2026/03/17 03:13:07.025, 132.65 W, 95 %
2026/03/17 03:13:07.126, 132.65 W, 95 %
2026/03/17 03:13:07.226, 132.64 W, 95 %
2026/03/17 03:13:07.326, 132.62 W, 95 %
2026/03/17 03:13:07.426, 132.63 W, 95 %
2026/03/17 03:13:07.526, 132.65 W, 95 %
2026/03/17 03:13:07.627, 132.63 W, 95 %
2026/03/17 03:13:07.727, 132.62 W, 95 %
2026/03/17 03:13:07.827, 132.62 W, 95 %
2026/03/17 03:13:07.927, 132.62 W, 95 %
2026/03/17 03:13:08.027, 132.62 W, 95 %
2026/03/17 03:13:08.127, 132.62 W, 95 %
2026/03/17 03:13:08.228, 132.62 W, 95 %
2026/03/17 03:13:08.328, 132.62 W, 95 %
2026/03/17 03:13:08.428, 132.62 W, 95 %
2026/03/17 03:13:08.528, 132.63 W, 95 %
2026/03/17 03:13:08.628, 132.66 W, 95 %
2026/03/17 03:13:08.728, 132.67 W, 95 %
2026/03/17 03:13:08.829, 132.68 W, 95 %
2026/03/17 03:13:08.929, 132.69 W, 95 %
2026/03/17 03:13:09.029, 132.69 W, 95 %
2026/03/17 03:13:09.129, 132.68 W, 95 %
2026/03/17 03:13:09.229, 132.68 W, 95 %
2026/03/17 03:13:09.329, 132.68 W, 95 %
2026/03/17 03:13:09.430, 132.68 W, 95 %
2026/03/17 03:13:09.530, 132.66 W, 95 %
2026/03/17 03:13:09.630, 132.65 W, 95 %
2026/03/17 03:13:09.730, 132.64 W, 95 %
2026/03/17 03:13:09.830, 132.64 W, 95 %
2026/03/17 03:13:09.930, 132.65 W, 95 %
2026/03/17 03:13:10.031, 132.63 W, 95 %
2026/03/17 03:13:10.131, 132.65 W, 95 %
2026/03/17 03:13:10.231, 132.67 W, 95 %
2026/03/17 03:13:10.331, 132.67 W, 95 %
2026/03/17 03:13:10.431, 132.67 W, 95 %
2026/03/17 03:13:10.531, 132.68 W, 95 %
2026/03/17 03:13:10.632, 132.66 W, 95 %
2026/03/17 03:13:10.732, 132.66 W, 95 %
2026/03/17 03:13:10.832, 132.67 W, 95 %
2026/03/17 03:13:10.932, 132.67 W, 95 %
2026/03/17 03:13:11.032, 132.68 W, 95 %
2026/03/17 03:13:11.132, 132.66 W, 95 %
2026/03/17 03:13:11.233, 132.65 W, 95 %
2026/03/17 03:13:11.333, 132.59 W, 93 %
2026/03/17 03:13:11.433, 132.60 W, 93 %
2026/03/17 03:13:11.533, 132.60 W, 95 %
2026/03/17 03:13:11.633, 132.61 W, 95 %
2026/03/17 03:13:11.734, 132.60 W, 95 %
2026/03/17 03:13:11.834, 132.58 W, 95 %
2026/03/17 03:13:11.934, 132.58 W, 95 %
2026/03/17 03:13:12.034, 132.58 W, 95 %
2026/03/17 03:13:12.134, 132.60 W, 95 %
2026/03/17 03:13:12.234, 132.58 W, 95 %
2026/03/17 03:13:12.335, 132.62 W, 95 %
2026/03/17 03:13:12.435, 132.62 W, 95 %
2026/03/17 03:13:12.535, 132.62 W, 95 %
2026/03/17 03:13:12.635, 132.63 W, 95 %
2026/03/17 03:13:12.735, 132.63 W, 95 %
2026/03/17 03:13:12.835, 132.63 W, 95 %
2026/03/17 03:13:12.936, 132.62 W, 95 %
2026/03/17 03:13:13.036, 132.63 W, 95 %
2026/03/17 03:13:13.136, 132.63 W, 95 %
2026/03/17 03:13:13.236, 132.66 W, 95 %
2026/03/17 03:13:13.336, 132.66 W, 95 %
2026/03/17 03:13:13.436, 132.68 W, 95 %
2026/03/17 03:13:13.537, 132.66 W, 95 %
2026/03/17 03:13:13.637, 132.66 W, 95 %
2026/03/17 03:13:13.737, 132.67 W, 95 %
2026/03/17 03:13:13.837, 132.67 W, 95 %
2026/03/17 03:13:13.937, 132.69 W, 95 %
2026/03/17 03:13:14.037, 132.68 W, 95 %
2026/03/17 03:13:14.138, 132.68 W, 95 %
2026/03/17 03:13:14.238, 132.68 W, 95 %
2026/03/17 03:13:14.338, 132.69 W, 95 %
2026/03/17 03:13:14.438, 132.69 W, 95 %
2026/03/17 03:13:14.538, 132.70 W, 95 %
2026/03/17 03:13:14.638, 132.71 W, 95 %
2026/03/17 03:13:14.739, 132.70 W, 95 %
2026/03/17 03:13:14.839, 132.70 W, 95 %
2026/03/17 03:13:14.939, 132.71 W, 95 %
2026/03/17 03:13:15.039, 132.74 W, 95 %
2026/03/17 03:13:15.139, 132.73 W, 95 %
2026/03/17 03:13:15.239, 132.74 W, 95 %
2026/03/17 03:13:15.340, 132.75 W, 95 %
2026/03/17 03:13:15.440, 132.75 W, 95 %
2026/03/17 03:13:15.540, 132.76 W, 95 %
2026/03/17 03:13:15.640, 132.74 W, 95 %
2026/03/17 03:13:15.740, 132.76 W, 95 %
2026/03/17 03:13:15.840, 132.75 W, 95 %
2026/03/17 03:13:15.941, 132.76 W, 95 %
2026/03/17 03:13:16.041, 132.74 W, 95 %
2026/03/17 03:13:16.141, 132.74 W, 95 %
2026/03/17 03:13:16.241, 132.74 W, 95 %
2026/03/17 03:13:16.341, 132.72 W, 95 %
2026/03/17 03:13:16.442, 132.71 W, 95 %
2026/03/17 03:13:16.542, 132.70 W, 95 %
2026/03/17 03:13:16.642, 132.72 W, 95 %
2026/03/17 03:13:16.742, 132.72 W, 95 %
2026/03/17 03:13:16.842, 132.72 W, 95 %
2026/03/17 03:13:16.942, 132.69 W, 95 %
2026/03/17 03:13:17.043, 132.71 W, 95 %
2026/03/17 03:13:17.143, 132.70 W, 95 %
2026/03/17 03:13:17.243, 132.71 W, 95 %
2026/03/17 03:13:17.343, 132.71 W, 95 %
2026/03/17 03:13:17.443, 132.71 W, 95 %
2026/03/17 03:13:17.543, 132.71 W, 95 %
2026/03/17 03:13:17.644, 132.71 W, 95 %
2026/03/17 03:13:17.744, 132.69 W, 95 %
2026/03/17 03:13:17.844, 132.71 W, 95 %
2026/03/17 03:13:17.944, 132.74 W, 95 %
2026/03/17 03:13:18.044, 132.74 W, 95 %
2026/03/17 03:13:18.144, 132.74 W, 95 %
2026/03/17 03:13:18.245, 132.73 W, 95 %
2026/03/17 03:13:18.345, 132.73 W, 95 %
2026/03/17 03:13:18.445, 132.73 W, 95 %
2026/03/17 03:13:18.545, 132.74 W, 95 %
2026/03/17 03:13:18.645, 132.76 W, 95 %
2026/03/17 03:13:18.745, 132.74 W, 95 %
2026/03/17 03:13:18.846, 132.73 W, 95 %
2026/03/17 03:13:18.946, 132.72 W, 95 %
2026/03/17 03:13:19.046, 132.72 W, 95 %
2026/03/17 03:13:19.146, 132.72 W, 95 %
2026/03/17 03:13:19.246, 132.71 W, 95 %
2026/03/17 03:13:19.347, 132.72 W, 95 %
2026/03/17 03:13:19.447, 132.73 W, 95 %
2026/03/17 03:13:19.547, 132.74 W, 95 %
2026/03/17 03:13:19.647, 132.73 W, 95 %
2026/03/17 03:13:19.747, 132.75 W, 95 %
2026/03/17 03:13:19.847, 132.74 W, 95 %
2026/03/17 03:13:19.948, 132.73 W, 95 %
2026/03/17 03:13:20.048, 132.75 W, 95 %
2026/03/17 03:13:20.148, 132.76 W, 95 %
2026/03/17 03:13:20.248, 132.78 W, 95 %
2026/03/17 03:13:20.348, 132.79 W, 95 %
2026/03/17 03:13:20.448, 132.78 W, 95 %
2026/03/17 03:13:20.549, 132.77 W, 95 %
2026/03/17 03:13:20.649, 132.77 W, 95 %
2026/03/17 03:13:20.749, 132.78 W, 95 %
2026/03/17 03:13:20.849, 132.82 W, 95 %
2026/03/17 03:13:20.949, 132.83 W, 95 %
2026/03/17 03:13:21.049, 132.84 W, 95 %
2026/03/17 03:13:21.150, 132.83 W, 95 %
2026/03/17 03:13:21.250, 132.84 W, 95 %
2026/03/17 03:13:21.350, 132.85 W, 95 %
2026/03/17 03:13:21.450, 132.85 W, 95 %
2026/03/17 03:13:21.550, 132.82 W, 95 %
2026/03/17 03:13:21.651, 132.81 W, 95 %
2026/03/17 03:13:21.751, 132.81 W, 95 %
2026/03/17 03:13:21.851, 132.81 W, 95 %
2026/03/17 03:13:21.951, 132.80 W, 95 %
2026/03/17 03:13:22.051, 132.80 W, 95 %
2026/03/17 03:13:22.151, 132.80 W, 95 %
2026/03/17 03:13:22.252, 132.81 W, 95 %
2026/03/17 03:13:22.352, 132.82 W, 95 %
2026/03/17 03:13:22.452, 132.84 W, 95 %
2026/03/17 03:13:22.552, 132.84 W, 95 %
2026/03/17 03:13:22.652, 132.85 W, 95 %
2026/03/17 03:13:22.752, 132.84 W, 95 %
2026/03/17 03:13:22.852, 132.82 W, 95 %
2026/03/17 03:13:22.953, 132.83 W, 95 %
2026/03/17 03:13:23.053, 132.83 W, 95 %
2026/03/17 03:13:23.153, 132.83 W, 95 %
2026/03/17 03:13:23.253, 132.80 W, 95 %
2026/03/17 03:13:23.353, 132.78 W, 95 %
2026/03/17 03:13:23.454, 132.77 W, 95 %
2026/03/17 03:13:23.554, 132.80 W, 95 %
2026/03/17 03:13:23.654, 132.79 W, 95 %
2026/03/17 03:13:23.754, 132.79 W, 95 %
2026/03/17 03:13:23.854, 132.81 W, 95 %
2026/03/17 03:13:23.954, 132.79 W, 95 %
2026/03/17 03:13:24.054, 132.78 W, 95 %
2026/03/17 03:13:24.155, 132.78 W, 95 %
2026/03/17 03:13:24.255, 132.78 W, 95 %
2026/03/17 03:13:24.355, 132.79 W, 95 %
2026/03/17 03:13:24.455, 132.78 W, 95 %
2026/03/17 03:13:24.555, 132.76 W, 95 %
2026/03/17 03:13:24.656, 132.77 W, 95 %
2026/03/17 03:13:24.756, 132.76 W, 95 %
2026/03/17 03:13:24.856, 132.76 W, 95 %
2026/03/17 03:13:24.956, 132.77 W, 95 %
2026/03/17 03:13:25.056, 132.77 W, 95 %
2026/03/17 03:13:25.156, 132.78 W, 95 %
2026/03/17 03:13:25.256, 132.79 W, 95 %
2026/03/17 03:13:25.357, 132.78 W, 95 %
2026/03/17 03:13:25.457, 132.78 W, 95 %
2026/03/17 03:13:25.557, 132.77 W, 95 %
2026/03/17 03:13:25.657, 132.74 W, 95 %
2026/03/17 03:13:25.757, 132.74 W, 95 %
2026/03/17 03:13:25.858, 132.73 W, 95 %
2026/03/17 03:13:25.958, 132.74 W, 95 %
2026/03/17 03:13:26.058, 132.73 W, 95 %
2026/03/17 03:13:26.158, 132.72 W, 95 %
2026/03/17 03:13:26.258, 132.69 W, 95 %
2026/03/17 03:13:26.358, 132.69 W, 95 %
2026/03/17 03:13:26.459, 132.69 W, 95 %
2026/03/17 03:13:26.559, 132.70 W, 95 %
2026/03/17 03:13:26.659, 132.71 W, 95 %
2026/03/17 03:13:26.759, 132.72 W, 95 %
2026/03/17 03:13:26.859, 132.73 W, 95 %
2026/03/17 03:13:26.959, 132.73 W, 95 %
2026/03/17 03:13:27.060, 132.75 W, 95 %
2026/03/17 03:13:27.160, 132.78 W, 95 %
2026/03/17 03:13:27.260, 132.79 W, 95 %
2026/03/17 03:13:27.360, 132.80 W, 95 %
2026/03/17 03:13:27.460, 132.80 W, 95 %
2026/03/17 03:13:27.560, 132.80 W, 95 %
2026/03/17 03:13:27.661, 132.79 W, 95 %
2026/03/17 03:13:27.761, 132.80 W, 95 %
2026/03/17 03:13:27.861, 132.79 W, 95 %
2026/03/17 03:13:27.961, 132.76 W, 95 %
2026/03/17 03:13:28.061, 132.74 W, 95 %
2026/03/17 03:13:28.161, 132.73 W, 95 %
2026/03/17 03:13:28.261, 132.73 W, 95 %
2026/03/17 03:13:28.362, 132.73 W, 95 %
2026/03/17 03:13:28.462, 132.74 W, 95 %
2026/03/17 03:13:28.562, 132.73 W, 95 %
2026/03/17 03:13:28.662, 132.73 W, 95 %
2026/03/17 03:13:28.762, 132.72 W, 95 %
2026/03/17 03:13:28.863, 132.71 W, 95 %
2026/03/17 03:13:28.963, 132.74 W, 95 %
2026/03/17 03:13:29.063, 132.76 W, 95 %
2026/03/17 03:13:29.163, 132.74 W, 95 %
2026/03/17 03:13:29.263, 132.73 W, 95 %
2026/03/17 03:13:29.363, 132.71 W, 95 %
2026/03/17 03:13:29.464, 132.72 W, 95 %
2026/03/17 03:13:29.564, 132.73 W, 95 %
2026/03/17 03:13:29.664, 132.74 W, 95 %
2026/03/17 03:13:29.764, 132.75 W, 95 %
2026/03/17 03:13:29.864, 132.75 W, 95 %
2026/03/17 03:13:29.964, 132.76 W, 95 %
2026/03/17 03:13:30.065, 132.76 W, 95 %
2026/03/17 03:13:30.165, 132.78 W, 95 %
2026/03/17 03:13:30.265, 132.78 W, 95 %
2026/03/17 03:13:30.365, 132.80 W, 95 %
2026/03/17 03:13:30.465, 132.79 W, 95 %
2026/03/17 03:13:30.565, 132.79 W, 95 %
2026/03/17 03:13:30.666, 132.80 W, 95 %
2026/03/17 03:13:30.766, 132.80 W, 95 %
2026/03/17 03:13:30.866, 132.79 W, 95 %
2026/03/17 03:13:30.966, 132.78 W, 95 %
2026/03/17 03:13:31.066, 132.79 W, 95 %
2026/03/17 03:13:31.166, 132.80 W, 95 %
2026/03/17 03:13:31.267, 132.83 W, 95 %
2026/03/17 03:13:31.367, 132.82 W, 95 %
2026/03/17 03:13:31.467, 132.82 W, 95 %
2026/03/17 03:13:31.567, 132.83 W, 95 %
2026/03/17 03:13:31.667, 132.82 W, 95 %
2026/03/17 03:13:31.767, 132.83 W, 95 %
2026/03/17 03:13:31.868, 132.85 W, 95 %
2026/03/17 03:13:31.968, 132.85 W, 95 %
2026/03/17 03:13:32.068, 132.82 W, 95 %
2026/03/17 03:13:32.168, 132.81 W, 95 %
2026/03/17 03:13:32.268, 132.80 W, 95 %
2026/03/17 03:13:32.369, 132.79 W, 95 %
2026/03/17 03:13:32.469, 132.79 W, 95 %
2026/03/17 03:13:32.569, 132.77 W, 95 %
2026/03/17 03:13:32.669, 132.78 W, 95 %
2026/03/17 03:13:32.769, 132.78 W, 95 %
2026/03/17 03:13:32.869, 132.79 W, 95 %
2026/03/17 03:13:32.970, 132.79 W, 95 %
2026/03/17 03:13:33.070, 132.80 W, 95 %
2026/03/17 03:13:33.170, 132.81 W, 95 %
2026/03/17 03:13:33.270, 132.80 W, 95 %
2026/03/17 03:13:33.370, 132.79 W, 95 %
2026/03/17 03:13:33.470, 132.79 W, 95 %
2026/03/17 03:13:33.571, 132.79 W, 95 %
2026/03/17 03:13:33.671, 132.79 W, 95 %
2026/03/17 03:13:33.771, 132.77 W, 95 %
2026/03/17 03:13:33.871, 132.74 W, 95 %
2026/03/17 03:13:33.971, 132.72 W, 95 %
2026/03/17 03:13:34.071, 132.73 W, 95 %
2026/03/17 03:13:34.172, 132.74 W, 95 %
2026/03/17 03:13:34.272, 132.75 W, 95 %
2026/03/17 03:13:34.372, 132.76 W, 95 %
2026/03/17 03:13:34.472, 132.75 W, 95 %
2026/03/17 03:13:34.572, 132.74 W, 95 %
2026/03/17 03:13:34.672, 132.74 W, 95 %
2026/03/17 03:13:34.773, 132.75 W, 95 %
2026/03/17 03:13:34.873, 132.77 W, 95 %
2026/03/17 03:13:34.973, 132.76 W, 95 %
2026/03/17 03:13:35.073, 132.73 W, 95 %
2026/03/17 03:13:35.173, 132.71 W, 95 %
2026/03/17 03:13:35.273, 132.72 W, 95 %
2026/03/17 03:13:35.374, 132.71 W, 95 %
2026/03/17 03:13:35.474, 132.72 W, 95 %
2026/03/17 03:13:35.574, 132.72 W, 95 %
2026/03/17 03:13:35.674, 132.69 W, 95 %
2026/03/17 03:13:35.774, 132.67 W, 95 %
2026/03/17 03:13:35.875, 132.68 W, 95 %
2026/03/17 03:13:35.975, 132.68 W, 95 %
2026/03/17 03:13:36.075, 132.69 W, 95 %
2026/03/17 03:13:36.175, 132.67 W, 95 %
2026/03/17 03:13:36.275, 132.65 W, 95 %
2026/03/17 03:13:36.375, 132.64 W, 95 %
2026/03/17 03:13:36.476, 132.64 W, 95 %
2026/03/17 03:13:36.576, 132.64 W, 95 %
2026/03/17 03:13:36.676, 132.65 W, 95 %
2026/03/17 03:13:36.776, 132.65 W, 95 %
2026/03/17 03:13:36.876, 132.63 W, 95 %
2026/03/17 03:13:36.976, 132.62 W, 95 %
2026/03/17 03:13:37.077, 132.62 W, 95 %
2026/03/17 03:13:37.177, 132.65 W, 95 %
2026/03/17 03:13:37.277, 132.65 W, 95 %
2026/03/17 03:13:37.377, 132.65 W, 95 %
2026/03/17 03:13:37.477, 132.65 W, 95 %
2026/03/17 03:13:37.577, 132.66 W, 95 %
2026/03/17 03:13:37.678, 132.66 W, 95 %
2026/03/17 03:13:37.778, 132.66 W, 95 %
2026/03/17 03:13:37.878, 132.66 W, 95 %
2026/03/17 03:13:37.978, 132.67 W, 95 %
2026/03/17 03:13:38.078, 132.67 W, 95 %
2026/03/17 03:13:38.178, 132.66 W, 95 %
2026/03/17 03:13:38.279, 132.66 W, 95 %
2026/03/17 03:13:38.379, 132.67 W, 95 %
2026/03/17 03:13:38.479, 132.65 W, 95 %
2026/03/17 03:13:38.579, 132.64 W, 95 %
2026/03/17 03:13:38.679, 132.64 W, 95 %
2026/03/17 03:13:38.779, 132.64 W, 95 %
2026/03/17 03:13:38.880, 132.65 W, 95 %
2026/03/17 03:13:38.980, 132.65 W, 95 %
2026/03/17 03:13:39.080, 132.65 W, 95 %
2026/03/17 03:13:39.180, 132.66 W, 95 %
2026/03/17 03:13:39.280, 132.67 W, 95 %
2026/03/17 03:13:39.380, 132.67 W, 95 %
2026/03/17 03:13:39.481, 132.68 W, 95 %
2026/03/17 03:13:39.581, 132.71 W, 95 %
2026/03/17 03:13:39.681, 132.70 W, 95 %
2026/03/17 03:13:39.781, 132.71 W, 95 %
2026/03/17 03:13:39.881, 132.72 W, 95 %
2026/03/17 03:13:39.981, 132.70 W, 95 %
2026/03/17 03:13:40.082, 132.72 W, 95 %
2026/03/17 03:13:40.182, 132.71 W, 95 %
2026/03/17 03:13:40.282, 132.68 W, 95 %
2026/03/17 03:13:40.382, 132.69 W, 95 %
2026/03/17 03:13:40.482, 132.71 W, 95 %
2026/03/17 03:13:40.583, 132.69 W, 95 %
2026/03/17 03:13:40.683, 132.68 W, 95 %
2026/03/17 03:13:40.783, 132.66 W, 95 %
2026/03/17 03:13:40.883, 132.66 W, 95 %
2026/03/17 03:13:40.983, 132.64 W, 95 %
2026/03/17 03:13:41.083, 132.62 W, 95 %
2026/03/17 03:13:41.184, 132.61 W, 95 %
2026/03/17 03:13:41.284, 132.62 W, 95 %
2026/03/17 03:13:41.384, 132.61 W, 95 %
2026/03/17 03:13:41.484, 132.60 W, 95 %
2026/03/17 03:13:41.584, 132.60 W, 95 %
2026/03/17 03:13:41.684, 132.61 W, 95 %
2026/03/17 03:13:41.785, 132.63 W, 95 %
2026/03/17 03:13:41.885, 132.64 W, 95 %
2026/03/17 03:13:41.985, 132.64 W, 95 %
2026/03/17 03:13:42.085, 132.66 W, 95 %
2026/03/17 03:13:42.185, 132.66 W, 95 %
2026/03/17 03:13:42.285, 132.66 W, 95 %
2026/03/17 03:13:42.386, 132.66 W, 95 %
2026/03/17 03:13:42.486, 132.65 W, 95 %
2026/03/17 03:13:42.586, 132.64 W, 95 %
2026/03/17 03:13:42.686, 132.63 W, 95 %
2026/03/17 03:13:42.786, 132.62 W, 95 %
2026/03/17 03:13:42.886, 132.62 W, 95 %
2026/03/17 03:13:42.987, 132.63 W, 95 %
2026/03/17 03:13:43.087, 132.62 W, 95 %
2026/03/17 03:13:43.187, 132.62 W, 95 %
2026/03/17 03:13:43.287, 132.59 W, 95 %
2026/03/17 03:13:43.387, 132.56 W, 95 %
2026/03/17 03:13:43.488, 132.56 W, 95 %
2026/03/17 03:13:43.588, 132.57 W, 95 %
2026/03/17 03:13:43.688, 132.57 W, 95 %
2026/03/17 03:13:43.788, 132.54 W, 95 %
2026/03/17 03:13:43.888, 132.52 W, 95 %
2026/03/17 03:13:43.988, 132.50 W, 95 %
2026/03/17 03:13:44.089, 132.49 W, 95 %
2026/03/17 03:13:44.189, 132.49 W, 95 %
2026/03/17 03:13:44.289, 132.50 W, 95 %
2026/03/17 03:13:44.389, 132.49 W, 95 %
2026/03/17 03:13:44.489, 132.47 W, 95 %
2026/03/17 03:13:44.589, 132.46 W, 95 %
2026/03/17 03:13:44.690, 132.46 W, 95 %
2026/03/17 03:13:44.790, 132.48 W, 95 %
2026/03/17 03:13:44.890, 132.49 W, 95 %
2026/03/17 03:13:44.990, 132.48 W, 95 %
2026/03/17 03:13:45.090, 132.49 W, 95 %
2026/03/17 03:13:45.190, 132.50 W, 95 %
2026/03/17 03:13:45.291, 132.50 W, 95 %
2026/03/17 03:13:45.391, 132.50 W, 95 %
2026/03/17 03:13:45.491, 132.53 W, 95 %
2026/03/17 03:13:45.591, 132.51 W, 95 %
2026/03/17 03:13:45.691, 132.50 W, 95 %
2026/03/17 03:13:45.791, 132.49 W, 95 %
2026/03/17 03:13:45.892, 132.49 W, 95 %
2026/03/17 03:13:45.992, 132.49 W, 95 %
2026/03/17 03:13:46.092, 132.48 W, 95 %
2026/03/17 03:13:46.192, 132.46 W, 95 %
2026/03/17 03:13:46.292, 132.47 W, 95 %
2026/03/17 03:13:46.393, 132.46 W, 95 %
2026/03/17 03:13:46.493, 132.47 W, 95 %
2026/03/17 03:13:46.593, 132.46 W, 95 %
2026/03/17 03:13:46.693, 132.46 W, 95 %
2026/03/17 03:13:46.793, 132.43 W, 95 %
2026/03/17 03:13:46.893, 132.42 W, 95 %
2026/03/17 03:13:46.994, 132.44 W, 95 %
2026/03/17 03:13:47.094, 132.45 W, 95 %
2026/03/17 03:13:47.194, 132.44 W, 95 %
2026/03/17 03:13:47.294, 132.42 W, 95 %
2026/03/17 03:13:47.394, 132.41 W, 95 %
2026/03/17 03:13:47.495, 132.38 W, 95 %
2026/03/17 03:13:47.595, 132.38 W, 95 %
2026/03/17 03:13:47.695, 132.39 W, 95 %
2026/03/17 03:13:47.795, 132.43 W, 95 %
2026/03/17 03:13:47.895, 132.43 W, 95 %
2026/03/17 03:13:47.995, 132.42 W, 95 %
2026/03/17 03:13:48.096, 132.40 W, 95 %
2026/03/17 03:13:48.196, 132.40 W, 95 %
2026/03/17 03:13:48.296, 132.41 W, 95 %
2026/03/17 03:13:48.396, 132.40 W, 95 %
2026/03/17 03:13:48.496, 132.41 W, 95 %
2026/03/17 03:13:48.596, 132.40 W, 95 %
2026/03/17 03:13:48.697, 132.39 W, 95 %
2026/03/17 03:13:48.797, 132.35 W, 95 %
2026/03/17 03:13:48.897, 132.33 W, 95 %
2026/03/17 03:13:48.997, 132.33 W, 95 %
2026/03/17 03:13:49.097, 132.31 W, 95 %
2026/03/17 03:13:49.198, 132.31 W, 95 %
2026/03/17 03:13:49.298, 132.30 W, 95 %
2026/03/17 03:13:49.398, 132.30 W, 95 %
2026/03/17 03:13:49.498, 132.33 W, 95 %
2026/03/17 03:13:49.598, 132.32 W, 95 %
2026/03/17 03:13:49.698, 132.32 W, 95 %
2026/03/17 03:13:49.799, 132.33 W, 95 %
2026/03/17 03:13:49.899, 132.34 W, 95 %
2026/03/17 03:13:49.999, 132.35 W, 95 %
2026/03/17 03:13:50.099, 132.35 W, 95 %
2026/03/17 03:13:50.199, 132.34 W, 95 %
2026/03/17 03:13:50.299, 132.32 W, 95 %
2026/03/17 03:13:50.400, 132.33 W, 95 %
2026/03/17 03:13:50.500, 132.29 W, 95 %
2026/03/17 03:13:50.600, 132.29 W, 95 %
2026/03/17 03:13:50.700, 132.28 W, 95 %
2026/03/17 03:13:50.800, 132.28 W, 95 %
2026/03/17 03:13:50.901, 132.29 W, 95 %
2026/03/17 03:13:51.001, 132.27 W, 95 %
2026/03/17 03:13:51.101, 132.29 W, 95 %
2026/03/17 03:13:51.201, 132.30 W, 95 %
2026/03/17 03:13:51.301, 132.30 W, 95 %
2026/03/17 03:13:51.401, 132.28 W, 95 %
2026/03/17 03:13:51.502, 132.28 W, 95 %
2026/03/17 03:13:51.602, 132.28 W, 95 %
2026/03/17 03:13:51.702, 132.30 W, 95 %
2026/03/17 03:13:51.802, 132.29 W, 95 %
2026/03/17 03:13:51.902, 132.29 W, 95 %
2026/03/17 03:13:52.002, 132.29 W, 95 %
2026/03/17 03:13:52.103, 132.29 W, 95 %
2026/03/17 03:13:52.203, 132.30 W, 95 %
2026/03/17 03:13:52.303, 132.29 W, 95 %
2026/03/17 03:13:52.403, 132.30 W, 95 %
2026/03/17 03:13:52.503, 132.31 W, 95 %
2026/03/17 03:13:52.603, 132.32 W, 95 %
2026/03/17 03:13:52.704, 132.30 W, 95 %
2026/03/17 03:13:52.804, 132.30 W, 95 %
2026/03/17 03:13:52.904, 132.30 W, 95 %
2026/03/17 03:13:53.004, 132.29 W, 95 %
2026/03/17 03:13:53.104, 132.28 W, 95 %
2026/03/17 03:13:53.204, 132.26 W, 95 %
2026/03/17 03:13:53.305, 132.24 W, 95 %
2026/03/17 03:13:53.405, 132.25 W, 95 %
2026/03/17 03:13:53.505, 132.26 W, 95 %
2026/03/17 03:13:53.605, 132.24 W, 95 %
2026/03/17 03:13:53.705, 132.25 W, 95 %
2026/03/17 03:13:53.805, 132.23 W, 95 %
2026/03/17 03:13:53.906, 132.24 W, 95 %
2026/03/17 03:13:54.006, 132.23 W, 95 %
2026/03/17 03:13:54.106, 132.24 W, 95 %
2026/03/17 03:13:54.206, 132.24 W, 95 %
2026/03/17 03:13:54.306, 132.27 W, 95 %
2026/03/17 03:13:54.406, 132.27 W, 95 %
2026/03/17 03:13:54.507, 132.25 W, 95 %
2026/03/17 03:13:54.607, 132.27 W, 95 %
2026/03/17 03:13:54.707, 132.26 W, 95 %
2026/03/17 03:13:54.807, 132.29 W, 95 %
2026/03/17 03:13:54.907, 132.26 W, 95 %
2026/03/17 03:13:55.007, 132.26 W, 95 %
2026/03/17 03:13:55.108, 132.26 W, 95 %
2026/03/17 03:13:55.208, 132.28 W, 95 %
2026/03/17 03:13:55.308, 132.28 W, 95 %
2026/03/17 03:13:55.408, 132.28 W, 95 %
2026/03/17 03:13:55.508, 132.29 W, 95 %
2026/03/17 03:13:55.609, 132.26 W, 95 %
2026/03/17 03:13:55.709, 132.28 W, 95 %
2026/03/17 03:13:55.809, 132.26 W, 95 %
2026/03/17 03:13:55.909, 132.26 W, 95 %
2026/03/17 03:13:56.009, 132.25 W, 95 %
2026/03/17 03:13:56.109, 132.23 W, 95 %
2026/03/17 03:13:56.210, 132.19 W, 95 %
2026/03/17 03:13:56.310, 132.17 W, 95 %
2026/03/17 03:13:56.410, 132.18 W, 95 %
2026/03/17 03:13:56.510, 132.18 W, 95 %
2026/03/17 03:13:56.610, 132.19 W, 95 %
2026/03/17 03:13:56.710, 132.17 W, 95 %
2026/03/17 03:13:56.811, 132.17 W, 95 %
2026/03/17 03:13:56.911, 132.18 W, 95 %
2026/03/17 03:13:57.011, 132.20 W, 95 %
2026/03/17 03:13:57.111, 132.21 W, 95 %
2026/03/17 03:13:57.211, 132.22 W, 95 %
2026/03/17 03:13:57.311, 132.20 W, 95 %
2026/03/17 03:13:57.412, 132.18 W, 95 %
2026/03/17 03:13:57.512, 132.17 W, 95 %
2026/03/17 03:13:57.612, 132.17 W, 95 %
2026/03/17 03:13:57.712, 132.18 W, 95 %
2026/03/17 03:13:57.812, 132.17 W, 95 %
2026/03/17 03:13:57.912, 132.16 W, 95 %
2026/03/17 03:13:58.013, 132.14 W, 95 %
2026/03/17 03:13:58.113, 132.13 W, 95 %
2026/03/17 03:13:58.213, 132.13 W, 95 %
2026/03/17 03:13:58.313, 132.15 W, 95 %
2026/03/17 03:13:58.413, 132.15 W, 95 %
2026/03/17 03:13:58.514, 132.14 W, 95 %
2026/03/17 03:13:58.614, 132.13 W, 95 %
2026/03/17 03:13:58.714, 132.11 W, 95 %
2026/03/17 03:13:58.814, 132.12 W, 95 %
2026/03/17 03:13:58.914, 132.12 W, 95 %
2026/03/17 03:13:59.014, 132.13 W, 95 %
2026/03/17 03:13:59.115, 132.13 W, 95 %
2026/03/17 03:13:59.215, 132.14 W, 95 %
2026/03/17 03:13:59.315, 132.13 W, 95 %
2026/03/17 03:13:59.415, 132.15 W, 95 %
2026/03/17 03:13:59.515, 132.15 W, 95 %
2026/03/17 03:13:59.615, 132.13 W, 95 %
2026/03/17 03:13:59.716, 132.14 W, 95 %
2026/03/17 03:13:59.816, 132.13 W, 95 %
2026/03/17 03:13:59.916, 132.12 W, 95 %
2026/03/17 03:14:00.016, 132.10 W, 95 %
2026/03/17 03:14:00.116, 132.08 W, 95 %
2026/03/17 03:14:00.216, 132.05 W, 95 %
2026/03/17 03:14:00.317, 132.04 W, 95 %
2026/03/17 03:14:00.417, 132.01 W, 95 %
2026/03/17 03:14:00.517, 132.01 W, 95 %
2026/03/17 03:14:00.617, 132.02 W, 95 %
2026/03/17 03:14:00.717, 132.01 W, 95 %
2026/03/17 03:14:00.818, 132.01 W, 95 %
2026/03/17 03:14:00.918, 132.01 W, 95 %
2026/03/17 03:14:01.018, 132.01 W, 95 %
2026/03/17 03:14:01.118, 132.03 W, 95 %
2026/03/17 03:14:01.218, 132.04 W, 95 %
2026/03/17 03:14:01.318, 132.05 W, 95 %
2026/03/17 03:14:01.419, 132.06 W, 95 %
2026/03/17 03:14:01.519, 132.05 W, 95 %
2026/03/17 03:14:01.619, 132.06 W, 95 %
2026/03/17 03:14:01.719, 132.07 W, 95 %
2026/03/17 03:14:01.819, 132.06 W, 95 %
2026/03/17 03:14:01.919, 132.06 W, 95 %
2026/03/17 03:14:02.020, 132.06 W, 95 %
2026/03/17 03:14:02.120, 132.06 W, 95 %
2026/03/17 03:14:02.220, 132.08 W, 95 %
2026/03/17 03:14:02.320, 132.08 W, 95 %
2026/03/17 03:14:02.420, 132.09 W, 95 %
2026/03/17 03:14:02.521, 132.09 W, 95 %
2026/03/17 03:14:02.621, 132.08 W, 95 %
2026/03/17 03:14:02.721, 132.08 W, 95 %
2026/03/17 03:14:02.821, 132.07 W, 95 %
2026/03/17 03:14:02.921, 132.05 W, 95 %
2026/03/17 03:14:03.021, 132.04 W, 95 %
2026/03/17 03:14:03.121, 132.02 W, 95 %
2026/03/17 03:14:03.222, 132.00 W, 95 %
2026/03/17 03:14:03.322, 131.98 W, 95 %
2026/03/17 03:14:03.422, 131.98 W, 95 %
2026/03/17 03:14:03.522, 131.99 W, 95 %
2026/03/17 03:14:03.622, 132.00 W, 95 %
2026/03/17 03:14:03.723, 131.98 W, 95 %
2026/03/17 03:14:03.823, 131.99 W, 95 %
2026/03/17 03:14:03.923, 132.02 W, 95 %
2026/03/17 03:14:04.023, 132.04 W, 95 %
2026/03/17 03:14:04.123, 132.06 W, 95 %
2026/03/17 03:14:04.223, 132.08 W, 95 %
2026/03/17 03:14:04.323, 132.10 W, 95 %
2026/03/17 03:14:04.424, 132.10 W, 95 %
2026/03/17 03:14:04.524, 132.09 W, 95 %
2026/03/17 03:14:04.624, 132.07 W, 95 %
2026/03/17 03:14:04.724, 132.08 W, 95 %
2026/03/17 03:14:04.824, 132.08 W, 95 %
2026/03/17 03:14:04.925, 132.08 W, 95 %
2026/03/17 03:14:05.025, 132.07 W, 95 %
2026/03/17 03:14:05.125, 132.08 W, 95 %
2026/03/17 03:14:05.225, 132.09 W, 95 %
2026/03/17 03:14:05.325, 132.06 W, 95 %
2026/03/17 03:14:05.425, 132.03 W, 95 %
2026/03/17 03:14:05.526, 132.01 W, 95 %
2026/03/17 03:14:05.626, 132.04 W, 95 %
2026/03/17 03:14:05.726, 132.05 W, 95 %
2026/03/17 03:14:05.826, 132.05 W, 95 %
2026/03/17 03:14:05.926, 132.05 W, 95 %
2026/03/17 03:14:06.026, 132.04 W, 95 %
2026/03/17 03:14:06.127, 132.03 W, 95 %
2026/03/17 03:14:06.227, 132.00 W, 95 %
2026/03/17 03:14:06.327, 132.00 W, 95 %
2026/03/17 03:14:06.427, 132.04 W, 95 %
2026/03/17 03:14:06.527, 132.06 W, 95 %
2026/03/17 03:14:06.628, 132.06 W, 95 %
2026/03/17 03:14:06.728, 132.02 W, 95 %
2026/03/17 03:14:06.828, 132.01 W, 95 %
2026/03/17 03:14:06.928, 132.01 W, 95 %
2026/03/17 03:14:07.028, 132.00 W, 95 %
2026/03/17 03:14:07.128, 132.01 W, 95 %
2026/03/17 03:14:07.229, 132.00 W, 95 %
2026/03/17 03:14:07.329, 132.01 W, 95 %
2026/03/17 03:14:07.429, 132.01 W, 95 %
2026/03/17 03:14:07.529, 132.01 W, 95 %
2026/03/17 03:14:07.629, 131.99 W, 95 %
2026/03/17 03:14:07.729, 132.00 W, 95 %
2026/03/17 03:14:07.830, 132.01 W, 95 %
2026/03/17 03:14:07.930, 132.01 W, 95 %
2026/03/17 03:14:08.030, 132.02 W, 95 %
2026/03/17 03:14:08.130, 132.03 W, 95 %
2026/03/17 03:14:08.230, 132.03 W, 95 %
2026/03/17 03:14:08.331, 132.03 W, 95 %
2026/03/17 03:14:08.431, 131.99 W, 95 %
2026/03/17 03:14:08.531, 132.00 W, 95 %
2026/03/17 03:14:08.631, 132.00 W, 95 %
2026/03/17 03:14:08.731, 132.00 W, 95 %
2026/03/17 03:14:08.831, 132.01 W, 95 %
2026/03/17 03:14:08.932, 132.02 W, 95 %
2026/03/17 03:14:09.032, 132.02 W, 95 %
2026/03/17 03:14:09.132, 132.03 W, 95 %
2026/03/17 03:14:09.232, 132.03 W, 95 %
2026/03/17 03:14:09.332, 132.03 W, 95 %
2026/03/17 03:14:09.432, 132.06 W, 95 %
2026/03/17 03:14:09.533, 132.07 W, 95 %
2026/03/17 03:14:09.633, 132.07 W, 95 %
2026/03/17 03:14:09.733, 132.06 W, 95 %
2026/03/17 03:14:09.833, 132.06 W, 95 %
2026/03/17 03:14:09.933, 132.07 W, 95 %
2026/03/17 03:14:10.033, 132.08 W, 95 %
2026/03/17 03:14:10.134, 132.08 W, 95 %
2026/03/17 03:14:10.234, 132.07 W, 95 %
2026/03/17 03:14:10.334, 132.08 W, 95 %
2026/03/17 03:14:10.434, 132.08 W, 95 %
2026/03/17 03:14:10.534, 132.09 W, 95 %
2026/03/17 03:14:10.635, 132.11 W, 95 %
2026/03/17 03:14:10.735, 132.11 W, 95 %
2026/03/17 03:14:10.835, 132.12 W, 95 %
2026/03/17 03:14:10.935, 132.12 W, 95 %
2026/03/17 03:14:11.035, 132.13 W, 95 %
2026/03/17 03:14:11.135, 132.14 W, 95 %
2026/03/17 03:14:11.236, 132.16 W, 95 %
2026/03/17 03:14:11.336, 132.15 W, 95 %
2026/03/17 03:14:11.436, 132.13 W, 95 %
2026/03/17 03:14:11.536, 132.13 W, 93 %
2026/03/17 03:14:11.636, 132.12 W, 93 %
2026/03/17 03:14:11.736, 132.15 W, 95 %
2026/03/17 03:14:11.837, 132.16 W, 95 %
2026/03/17 03:14:11.937, 132.16 W, 95 %
2026/03/17 03:14:12.037, 132.18 W, 95 %
2026/03/17 03:14:12.137, 132.16 W, 95 %
2026/03/17 03:14:12.237, 132.18 W, 95 %
2026/03/17 03:14:12.337, 132.19 W, 95 %
2026/03/17 03:14:12.438, 132.22 W, 95 %
2026/03/17 03:14:12.538, 132.24 W, 95 %
2026/03/17 03:14:12.638, 132.24 W, 95 %
2026/03/17 03:14:12.738, 132.23 W, 95 %
2026/03/17 03:14:12.838, 132.25 W, 95 %
2026/03/17 03:14:12.938, 132.26 W, 95 %
2026/03/17 03:14:13.039, 132.25 W, 95 %
2026/03/17 03:14:13.139, 132.26 W, 95 %
2026/03/17 03:14:13.239, 132.26 W, 95 %
2026/03/17 03:14:13.339, 132.28 W, 95 %
2026/03/17 03:14:13.439, 132.28 W, 95 %
2026/03/17 03:14:13.539, 132.29 W, 95 %
2026/03/17 03:14:13.640, 132.30 W, 95 %
2026/03/17 03:14:13.740, 132.32 W, 95 %
2026/03/17 03:14:13.840, 132.31 W, 95 %
2026/03/17 03:14:13.940, 132.30 W, 95 %
2026/03/17 03:14:14.040, 132.33 W, 95 %
2026/03/17 03:14:14.140, 132.33 W, 95 %
2026/03/17 03:14:14.241, 132.34 W, 95 %
2026/03/17 03:14:14.341, 132.33 W, 95 %
2026/03/17 03:14:14.441, 132.34 W, 95 %
2026/03/17 03:14:14.541, 132.33 W, 95 %
2026/03/17 03:14:14.641, 132.34 W, 95 %
2026/03/17 03:14:14.741, 132.34 W, 95 %
2026/03/17 03:14:14.842, 132.37 W, 95 %
2026/03/17 03:14:14.942, 132.36 W, 95 %
2026/03/17 03:14:15.042, 132.35 W, 95 %
2026/03/17 03:14:15.142, 132.38 W, 95 %
2026/03/17 03:14:15.242, 132.40 W, 95 %
2026/03/17 03:14:15.342, 132.40 W, 95 %
2026/03/17 03:14:15.443, 132.40 W, 95 %
2026/03/17 03:14:15.543, 132.38 W, 95 %
2026/03/17 03:14:15.643, 132.38 W, 95 %
2026/03/17 03:14:15.743, 132.38 W, 95 %
2026/03/17 03:14:15.843, 132.37 W, 95 %
2026/03/17 03:14:15.943, 132.40 W, 95 %
2026/03/17 03:14:16.044, 132.40 W, 95 %
2026/03/17 03:14:16.144, 132.38 W, 95 %
2026/03/17 03:14:16.244, 132.39 W, 95 %
2026/03/17 03:14:16.344, 132.42 W, 95 %
2026/03/17 03:14:16.444, 132.42 W, 95 %
2026/03/17 03:14:16.545, 132.45 W, 95 %
2026/03/17 03:14:16.645, 132.45 W, 95 %
2026/03/17 03:14:16.745, 132.48 W, 95 %
2026/03/17 03:14:16.845, 132.49 W, 95 %
2026/03/17 03:14:16.945, 132.52 W, 95 %
2026/03/17 03:14:17.045, 132.53 W, 95 %
2026/03/17 03:14:17.146, 132.57 W, 95 %
2026/03/17 03:14:17.246, 132.55 W, 95 %
2026/03/17 03:14:17.346, 132.54 W, 95 %
2026/03/17 03:14:17.446, 132.54 W, 95 %
2026/03/17 03:14:17.546, 132.56 W, 95 %
2026/03/17 03:14:17.646, 132.56 W, 95 %
2026/03/17 03:14:17.747, 132.55 W, 95 %
2026/03/17 03:14:17.847, 132.54 W, 95 %
2026/03/17 03:14:17.947, 132.52 W, 95 %
2026/03/17 03:14:18.047, 132.51 W, 95 %
2026/03/17 03:14:18.147, 132.50 W, 95 %
2026/03/17 03:14:18.247, 132.52 W, 95 %
2026/03/17 03:14:18.348, 132.54 W, 95 %
2026/03/17 03:14:18.448, 132.53 W, 95 %
2026/03/17 03:14:18.548, 132.55 W, 95 %
2026/03/17 03:14:18.648, 132.57 W, 95 %
2026/03/17 03:14:18.748, 132.58 W, 95 %
2026/03/17 03:14:18.849, 132.58 W, 95 %
2026/03/17 03:14:18.949, 132.59 W, 95 %
2026/03/17 03:14:19.049, 132.61 W, 95 %
2026/03/17 03:14:19.149, 132.62 W, 95 %
2026/03/17 03:14:19.249, 132.61 W, 95 %
2026/03/17 03:14:19.349, 132.61 W, 95 %
2026/03/17 03:14:19.450, 132.66 W, 95 %
2026/03/17 03:14:19.550, 132.66 W, 95 %
2026/03/17 03:14:19.650, 132.68 W, 95 %
2026/03/17 03:14:19.750, 132.69 W, 95 %
2026/03/17 03:14:19.850, 132.71 W, 95 %
2026/03/17 03:14:19.950, 132.74 W, 95 %
2026/03/17 03:14:20.051, 132.76 W, 95 %
2026/03/17 03:14:20.151, 132.79 W, 95 %
2026/03/17 03:14:20.251, 132.80 W, 95 %
2026/03/17 03:14:20.351, 132.82 W, 95 %
2026/03/17 03:14:20.451, 132.80 W, 95 %
2026/03/17 03:14:20.551, 132.83 W, 95 %
2026/03/17 03:14:20.652, 132.84 W, 95 %
2026/03/17 03:14:20.752, 132.87 W, 95 %
2026/03/17 03:14:20.852, 132.89 W, 95 %
2026/03/17 03:14:20.952, 132.89 W, 95 %
2026/03/17 03:14:21.052, 132.90 W, 95 %
2026/03/17 03:14:21.153, 132.91 W, 95 %
2026/03/17 03:14:21.253, 132.92 W, 95 %
2026/03/17 03:14:21.353, 132.92 W, 95 %
2026/03/17 03:14:21.453, 132.92 W, 95 %
2026/03/17 03:14:21.553, 132.93 W, 95 %
2026/03/17 03:14:21.653, 132.93 W, 95 %
2026/03/17 03:14:21.754, 132.91 W, 95 %
2026/03/17 03:14:21.854, 132.91 W, 95 %
2026/03/17 03:14:21.954, 132.88 W, 95 %
2026/03/17 03:14:22.054, 132.89 W, 95 %
2026/03/17 03:14:22.154, 132.87 W, 95 %
2026/03/17 03:14:22.254, 132.87 W, 95 %
2026/03/17 03:14:22.355, 132.90 W, 95 %
2026/03/17 03:14:22.455, 132.93 W, 95 %
2026/03/17 03:14:22.555, 132.93 W, 95 %
2026/03/17 03:14:22.655, 132.94 W, 95 %
2026/03/17 03:14:22.755, 132.93 W, 95 %
2026/03/17 03:14:22.855, 132.95 W, 95 %
2026/03/17 03:14:22.956, 132.99 W, 95 %
2026/03/17 03:14:23.056, 133.00 W, 95 %
2026/03/17 03:14:23.156, 133.01 W, 95 %
2026/03/17 03:14:23.256, 133.01 W, 95 %
2026/03/17 03:14:23.356, 133.00 W, 95 %
2026/03/17 03:14:23.456, 133.00 W, 95 %
2026/03/17 03:14:23.557, 133.01 W, 95 %
2026/03/17 03:14:23.657, 133.02 W, 95 %
2026/03/17 03:14:23.757, 133.05 W, 95 %
2026/03/17 03:14:23.857, 133.06 W, 95 %
2026/03/17 03:14:23.957, 133.07 W, 95 %
2026/03/17 03:14:24.057, 133.09 W, 95 %
2026/03/17 03:14:24.158, 133.13 W, 95 %
2026/03/17 03:14:24.258, 133.14 W, 95 %
2026/03/17 03:14:24.358, 133.16 W, 95 %
2026/03/17 03:14:24.458, 133.18 W, 95 %
2026/03/17 03:14:24.558, 133.20 W, 95 %
2026/03/17 03:14:24.658, 133.19 W, 95 %
2026/03/17 03:14:24.759, 133.19 W, 95 %
2026/03/17 03:14:24.859, 133.20 W, 95 %
2026/03/17 03:14:24.959, 133.19 W, 95 %
2026/03/17 03:14:25.059, 133.18 W, 95 %
2026/03/17 03:14:25.159, 133.17 W, 95 %
2026/03/17 03:14:25.260, 133.18 W, 95 %
2026/03/17 03:14:25.360, 133.20 W, 95 %
2026/03/17 03:14:25.460, 133.20 W, 95 %
2026/03/17 03:14:25.560, 133.18 W, 95 %
2026/03/17 03:14:25.660, 133.20 W, 95 %
2026/03/17 03:14:25.760, 133.21 W, 95 %
2026/03/17 03:14:25.861, 133.23 W, 95 %
2026/03/17 03:14:25.961, 133.22 W, 95 %
2026/03/17 03:14:26.061, 133.23 W, 95 %
2026/03/17 03:14:26.161, 133.25 W, 95 %
2026/03/17 03:14:26.261, 133.24 W, 95 %
2026/03/17 03:14:26.361, 133.25 W, 95 %
2026/03/17 03:14:26.462, 133.23 W, 95 %
2026/03/17 03:14:26.562, 133.24 W, 95 %
2026/03/17 03:14:26.662, 133.24 W, 95 %
2026/03/17 03:14:26.762, 133.24 W, 95 %
2026/03/17 03:14:26.862, 133.24 W, 95 %
2026/03/17 03:14:26.962, 133.26 W, 95 %
2026/03/17 03:14:27.063, 133.28 W, 95 %
2026/03/17 03:14:27.163, 133.31 W, 95 %
2026/03/17 03:14:27.263, 133.29 W, 95 %
2026/03/17 03:14:27.363, 133.28 W, 95 %
2026/03/17 03:14:27.463, 133.28 W, 95 %
2026/03/17 03:14:27.563, 133.29 W, 95 %
2026/03/17 03:14:27.664, 133.27 W, 95 %
2026/03/17 03:14:27.764, 133.26 W, 95 %
2026/03/17 03:14:27.864, 133.22 W, 95 %
2026/03/17 03:14:27.964, 133.19 W, 95 %
2026/03/17 03:14:28.064, 133.15 W, 95 %
2026/03/17 03:14:28.165, 133.12 W, 95 %
2026/03/17 03:14:28.265, 133.11 W, 95 %
2026/03/17 03:14:28.365, 133.12 W, 95 %
2026/03/17 03:14:28.465, 133.12 W, 95 %
2026/03/17 03:14:28.565, 133.13 W, 95 %
2026/03/17 03:14:28.665, 133.13 W, 95 %
2026/03/17 03:14:28.766, 133.16 W, 95 %
2026/03/17 03:14:28.866, 133.19 W, 95 %
2026/03/17 03:14:28.966, 133.22 W, 95 %
2026/03/17 03:14:29.066, 133.25 W, 95 %
2026/03/17 03:14:29.166, 133.26 W, 95 %
2026/03/17 03:14:29.266, 133.26 W, 95 %
2026/03/17 03:14:29.367, 133.26 W, 95 %
2026/03/17 03:14:29.467, 133.25 W, 95 %
2026/03/17 03:14:29.567, 133.23 W, 95 %
2026/03/17 03:14:29.667, 133.23 W, 95 %
2026/03/17 03:14:29.767, 133.23 W, 95 %
2026/03/17 03:14:29.868, 133.22 W, 95 %
2026/03/17 03:14:29.968, 133.22 W, 95 %
2026/03/17 03:14:30.068, 133.22 W, 95 %
2026/03/17 03:14:30.168, 133.21 W, 95 %
2026/03/17 03:14:30.268, 133.20 W, 95 %
2026/03/17 03:14:30.368, 133.19 W, 95 %
2026/03/17 03:14:30.469, 133.20 W, 95 %
2026/03/17 03:14:30.569, 133.21 W, 95 %
2026/03/17 03:14:30.669, 133.21 W, 95 %
2026/03/17 03:14:30.769, 133.15 W, 95 %
2026/03/17 03:14:30.869, 133.12 W, 95 %
2026/03/17 03:14:30.969, 133.09 W, 95 %
2026/03/17 03:14:31.070, 133.08 W, 95 %
2026/03/17 03:14:31.170, 133.05 W, 95 %
2026/03/17 03:14:31.270, 133.06 W, 95 %
2026/03/17 03:14:31.370, 133.04 W, 95 %
2026/03/17 03:14:31.470, 133.05 W, 95 %
2026/03/17 03:14:31.570, 133.05 W, 95 %
2026/03/17 03:14:31.671, 133.05 W, 95 %
2026/03/17 03:14:31.771, 133.07 W, 95 %
2026/03/17 03:14:31.871, 133.08 W, 95 %
2026/03/17 03:14:31.971, 133.09 W, 95 %
2026/03/17 03:14:32.071, 133.08 W, 95 %
2026/03/17 03:14:32.171, 133.08 W, 95 %
2026/03/17 03:14:32.272, 133.07 W, 95 %
2026/03/17 03:14:32.372, 133.07 W, 95 %
2026/03/17 03:14:32.472, 133.04 W, 95 %
2026/03/17 03:14:32.572, 133.03 W, 95 %
2026/03/17 03:14:32.672, 133.00 W, 95 %
2026/03/17 03:14:32.773, 133.02 W, 95 %
2026/03/17 03:14:32.873, 133.01 W, 95 %
2026/03/17 03:14:32.973, 133.01 W, 95 %
2026/03/17 03:14:33.073, 133.01 W, 95 %
2026/03/17 03:14:33.173, 133.01 W, 95 %
2026/03/17 03:14:33.273, 132.99 W, 95 %
2026/03/17 03:14:33.374, 132.99 W, 95 %
2026/03/17 03:14:33.474, 133.01 W, 95 %
2026/03/17 03:14:33.574, 133.01 W, 95 %
2026/03/17 03:14:33.674, 133.01 W, 95 %
2026/03/17 03:14:33.774, 132.97 W, 95 %
2026/03/17 03:14:33.874, 132.97 W, 95 %
2026/03/17 03:14:33.975, 132.97 W, 95 %
2026/03/17 03:14:34.075, 132.96 W, 95 %
2026/03/17 03:14:34.175, 132.93 W, 95 %
2026/03/17 03:14:34.275, 132.93 W, 95 %
2026/03/17 03:14:34.375, 132.94 W, 95 %
2026/03/17 03:14:34.476, 132.92 W, 95 %
2026/03/17 03:14:34.576, 132.92 W, 95 %
2026/03/17 03:14:34.676, 132.92 W, 95 %
2026/03/17 03:14:34.776, 132.94 W, 95 %
2026/03/17 03:14:34.876, 132.93 W, 95 %
2026/03/17 03:14:34.976, 132.90 W, 95 %
2026/03/17 03:14:35.077, 132.87 W, 95 %
2026/03/17 03:14:35.177, 132.89 W, 95 %
2026/03/17 03:14:35.277, 132.89 W, 95 %
2026/03/17 03:14:35.377, 132.88 W, 95 %
2026/03/17 03:14:35.477, 132.85 W, 95 %
2026/03/17 03:14:35.577, 132.81 W, 95 %
2026/03/17 03:14:35.678, 132.80 W, 95 %
2026/03/17 03:14:35.778, 132.80 W, 95 %
2026/03/17 03:14:35.878, 132.80 W, 95 %
2026/03/17 03:14:35.978, 132.80 W, 95 %
2026/03/17 03:14:36.078, 132.81 W, 95 %
2026/03/17 03:14:36.178, 132.81 W, 95 %
2026/03/17 03:14:36.279, 132.78 W, 95 %
2026/03/17 03:14:36.379, 132.77 W, 95 %
2026/03/17 03:14:36.479, 132.79 W, 95 %
2026/03/17 03:14:36.579, 132.81 W, 95 %
2026/03/17 03:14:36.679, 132.79 W, 95 %
2026/03/17 03:14:36.779, 132.75 W, 95 %
2026/03/17 03:14:36.880, 132.73 W, 95 %
2026/03/17 03:14:36.980, 132.71 W, 95 %
2026/03/17 03:14:37.080, 132.68 W, 95 %
2026/03/17 03:14:37.180, 132.66 W, 95 %
2026/03/17 03:14:37.280, 132.66 W, 95 %
2026/03/17 03:14:37.381, 132.65 W, 95 %
2026/03/17 03:14:37.481, 132.64 W, 95 %
2026/03/17 03:14:37.581, 132.63 W, 95 %
2026/03/17 03:14:37.681, 132.63 W, 95 %
2026/03/17 03:14:37.781, 132.62 W, 95 %
2026/03/17 03:14:37.881, 132.61 W, 95 %
2026/03/17 03:14:37.982, 132.59 W, 95 %
2026/03/17 03:14:38.082, 132.59 W, 95 %
2026/03/17 03:14:38.182, 132.59 W, 95 %
2026/03/17 03:14:38.282, 132.60 W, 95 %
2026/03/17 03:14:38.382, 132.59 W, 95 %
2026/03/17 03:14:38.482, 132.56 W, 95 %
2026/03/17 03:14:38.583, 132.56 W, 95 %
2026/03/17 03:14:38.683, 132.58 W, 95 %
2026/03/17 03:14:38.783, 132.60 W, 95 %
2026/03/17 03:14:38.883, 132.60 W, 95 %
2026/03/17 03:14:38.983, 132.60 W, 95 %
2026/03/17 03:14:39.083, 132.59 W, 95 %
2026/03/17 03:14:39.184, 132.59 W, 95 %
2026/03/17 03:14:39.284, 132.57 W, 95 %
2026/03/17 03:14:39.384, 132.57 W, 95 %
2026/03/17 03:14:39.484, 132.58 W, 95 %
2026/03/17 03:14:39.584, 132.58 W, 95 %
2026/03/17 03:14:39.685, 132.57 W, 95 %
2026/03/17 03:14:39.785, 132.56 W, 95 %
2026/03/17 03:14:39.885, 132.56 W, 95 %
2026/03/17 03:14:39.985, 132.58 W, 95 %
2026/03/17 03:14:40.085, 132.57 W, 95 %
2026/03/17 03:14:40.185, 132.57 W, 95 %
2026/03/17 03:14:40.286, 132.56 W, 95 %
2026/03/17 03:14:40.386, 132.58 W, 95 %
2026/03/17 03:14:40.486, 132.56 W, 95 %
2026/03/17 03:14:40.586, 132.54 W, 95 %
2026/03/17 03:14:40.686, 132.53 W, 95 %
2026/03/17 03:14:40.786, 132.50 W, 95 %
2026/03/17 03:14:40.887, 132.49 W, 95 %
2026/03/17 03:14:40.987, 132.48 W, 95 %
2026/03/17 03:14:41.087, 132.48 W, 95 %
2026/03/17 03:14:41.187, 132.46 W, 95 %
2026/03/17 03:14:41.287, 132.45 W, 95 %
2026/03/17 03:14:41.388, 132.43 W, 95 %
2026/03/17 03:14:41.488, 132.41 W, 95 %
2026/03/17 03:14:41.588, 132.40 W, 95 %
2026/03/17 03:14:41.688, 132.39 W, 95 %
2026/03/17 03:14:41.788, 132.39 W, 95 %
2026/03/17 03:14:41.888, 132.39 W, 95 %
2026/03/17 03:14:41.989, 132.37 W, 95 %
2026/03/17 03:14:42.089, 132.36 W, 95 %
2026/03/17 03:14:42.189, 132.35 W, 95 %
2026/03/17 03:14:42.289, 132.36 W, 95 %
2026/03/17 03:14:42.389, 132.39 W, 95 %
2026/03/17 03:14:42.489, 132.38 W, 95 %
2026/03/17 03:14:42.590, 132.41 W, 95 %
2026/03/17 03:14:42.690, 132.44 W, 95 %
2026/03/17 03:14:42.790, 132.45 W, 95 %
2026/03/17 03:14:42.890, 132.44 W, 95 %
2026/03/17 03:14:42.990, 132.47 W, 95 %
2026/03/17 03:14:43.090, 132.47 W, 95 %
2026/03/17 03:14:43.191, 132.49 W, 95 %
2026/03/17 03:14:43.291, 132.49 W, 95 %
2026/03/17 03:14:43.391, 132.49 W, 95 %
2026/03/17 03:14:43.491, 132.51 W, 95 %
2026/03/17 03:14:43.591, 132.50 W, 95 %
2026/03/17 03:14:43.691, 132.49 W, 95 %
2026/03/17 03:14:43.792, 132.48 W, 95 %
2026/03/17 03:14:43.892, 132.49 W, 95 %
2026/03/17 03:14:43.992, 132.49 W, 95 %
2026/03/17 03:14:44.092, 132.50 W, 95 %
2026/03/17 03:14:44.192, 132.49 W, 95 %
2026/03/17 03:14:44.292, 132.51 W, 95 %
2026/03/17 03:14:44.393, 132.48 W, 95 %
2026/03/17 03:14:44.493, 132.47 W, 95 %
2026/03/17 03:14:44.593, 132.47 W, 95 %
2026/03/17 03:14:44.693, 132.48 W, 95 %
2026/03/17 03:14:44.793, 132.49 W, 95 %
2026/03/17 03:14:44.893, 132.49 W, 95 %
2026/03/17 03:14:44.994, 132.49 W, 95 %
2026/03/17 03:14:45.094, 132.49 W, 95 %
2026/03/17 03:14:45.194, 132.49 W, 95 %
2026/03/17 03:14:45.294, 132.51 W, 95 %
2026/03/17 03:14:45.394, 132.52 W, 95 %
2026/03/17 03:14:45.495, 132.51 W, 95 %
2026/03/17 03:14:45.595, 132.50 W, 95 %
2026/03/17 03:14:45.695, 132.50 W, 95 %
2026/03/17 03:14:45.795, 132.50 W, 95 %
2026/03/17 03:14:45.895, 132.49 W, 95 %
2026/03/17 03:14:45.995, 132.50 W, 95 %
2026/03/17 03:14:46.096, 132.50 W, 95 %
2026/03/17 03:14:46.196, 132.47 W, 95 %
2026/03/17 03:14:46.296, 132.45 W, 95 %
2026/03/17 03:14:46.396, 132.46 W, 95 %
2026/03/17 03:14:46.496, 132.50 W, 95 %
2026/03/17 03:14:46.596, 132.52 W, 95 %
2026/03/17 03:14:46.697, 132.53 W, 95 %
2026/03/17 03:14:46.797, 132.54 W, 95 %
2026/03/17 03:14:46.897, 132.55 W, 95 %
2026/03/17 03:14:46.997, 132.56 W, 95 %
2026/03/17 03:14:47.097, 132.57 W, 95 %
2026/03/17 03:14:47.197, 132.60 W, 95 %
2026/03/17 03:14:47.298, 132.59 W, 95 %
2026/03/17 03:14:47.398, 132.58 W, 95 %
2026/03/17 03:14:47.498, 132.57 W, 95 %
2026/03/17 03:14:47.598, 132.56 W, 95 %
2026/03/17 03:14:47.698, 132.59 W, 95 %
2026/03/17 03:14:47.799, 132.61 W, 95 %
2026/03/17 03:14:47.899, 132.58 W, 95 %
2026/03/17 03:14:47.999, 132.58 W, 95 %
2026/03/17 03:14:48.099, 132.59 W, 95 %
2026/03/17 03:14:48.199, 132.59 W, 95 %
2026/03/17 03:14:48.299, 132.61 W, 95 %
2026/03/17 03:14:48.400, 132.64 W, 95 %
2026/03/17 03:14:48.500, 132.67 W, 95 %
2026/03/17 03:14:48.600, 132.67 W, 95 %
2026/03/17 03:14:48.700, 132.67 W, 95 %
2026/03/17 03:14:48.800, 132.66 W, 95 %
2026/03/17 03:14:48.900, 132.67 W, 95 %
2026/03/17 03:14:49.001, 132.68 W, 95 %
2026/03/17 03:14:49.101, 132.67 W, 95 %
2026/03/17 03:14:49.201, 132.67 W, 95 %
2026/03/17 03:14:49.301, 132.69 W, 95 %
2026/03/17 03:14:49.401, 132.70 W, 95 %
2026/03/17 03:14:49.501, 132.70 W, 95 %
2026/03/17 03:14:49.602, 132.70 W, 95 %
2026/03/17 03:14:49.702, 132.70 W, 95 %
2026/03/17 03:14:49.802, 132.71 W, 95 %
2026/03/17 03:14:49.902, 132.72 W, 95 %
2026/03/17 03:14:50.002, 132.73 W, 95 %
2026/03/17 03:14:50.103, 132.74 W, 95 %
2026/03/17 03:14:50.203, 132.72 W, 95 %
2026/03/17 03:14:50.303, 132.70 W, 95 %
2026/03/17 03:14:50.403, 132.69 W, 95 %
2026/03/17 03:14:50.503, 132.70 W, 95 %
2026/03/17 03:14:50.603, 132.71 W, 95 %
2026/03/17 03:14:50.704, 132.71 W, 95 %
2026/03/17 03:14:50.804, 132.71 W, 95 %
2026/03/17 03:14:50.904, 132.71 W, 95 %
2026/03/17 03:14:51.004, 132.72 W, 95 %
2026/03/17 03:14:51.104, 132.73 W, 95 %
2026/03/17 03:14:51.205, 132.75 W, 95 %
2026/03/17 03:14:51.305, 132.76 W, 95 %
2026/03/17 03:14:51.405, 132.77 W, 95 %
2026/03/17 03:14:51.505, 132.78 W, 95 %
2026/03/17 03:14:51.605, 132.77 W, 95 %
2026/03/17 03:14:51.705, 132.78 W, 95 %
2026/03/17 03:14:51.806, 132.78 W, 95 %
2026/03/17 03:14:51.906, 132.80 W, 95 %
2026/03/17 03:14:52.006, 132.79 W, 95 %
2026/03/17 03:14:52.106, 132.78 W, 95 %
2026/03/17 03:14:52.206, 132.79 W, 95 %
2026/03/17 03:14:52.306, 132.79 W, 95 %
2026/03/17 03:14:52.407, 132.80 W, 95 %
2026/03/17 03:14:52.507, 132.79 W, 95 %
2026/03/17 03:14:52.607, 132.77 W, 95 %
2026/03/17 03:14:52.707, 132.77 W, 95 %
2026/03/17 03:14:52.807, 132.75 W, 95 %
2026/03/17 03:14:52.907, 132.75 W, 95 %
2026/03/17 03:14:53.008, 132.75 W, 95 %
2026/03/17 03:14:53.108, 132.77 W, 95 %
2026/03/17 03:14:53.208, 132.77 W, 95 %
2026/03/17 03:14:53.308, 132.76 W, 95 %
2026/03/17 03:14:53.408, 132.77 W, 95 %
2026/03/17 03:14:53.508, 132.77 W, 95 %
2026/03/17 03:14:53.609, 132.80 W, 95 %
2026/03/17 03:14:53.709, 132.81 W, 95 %
2026/03/17 03:14:53.809, 132.83 W, 95 %
2026/03/17 03:14:53.909, 132.84 W, 95 %
2026/03/17 03:14:54.009, 132.85 W, 95 %
2026/03/17 03:14:54.109, 132.87 W, 95 %
2026/03/17 03:14:54.210, 132.86 W, 95 %
2026/03/17 03:14:54.310, 132.85 W, 95 %
2026/03/17 03:14:54.410, 132.85 W, 95 %
2026/03/17 03:14:54.510, 132.88 W, 95 %
2026/03/17 03:14:54.610, 132.89 W, 95 %
2026/03/17 03:14:54.710, 132.89 W, 95 %
2026/03/17 03:14:54.811, 132.90 W, 95 %
2026/03/17 03:14:54.911, 132.90 W, 95 %
2026/03/17 03:14:55.011, 132.91 W, 95 %
2026/03/17 03:14:55.111, 132.89 W, 95 %
2026/03/17 03:14:55.211, 132.90 W, 95 %
2026/03/17 03:14:55.311, 132.93 W, 95 %
2026/03/17 03:14:55.412, 132.92 W, 95 %
2026/03/17 03:14:55.512, 132.90 W, 95 %
2026/03/17 03:14:55.612, 132.88 W, 95 %
2026/03/17 03:14:55.712, 132.87 W, 95 %
2026/03/17 03:14:55.812, 132.87 W, 95 %
2026/03/17 03:14:55.913, 132.89 W, 95 %
2026/03/17 03:14:56.013, 132.88 W, 95 %
2026/03/17 03:14:56.113, 132.88 W, 95 %
2026/03/17 03:14:56.213, 132.86 W, 95 %
2026/03/17 03:14:56.313, 132.84 W, 95 %
2026/03/17 03:14:56.413, 132.83 W, 95 %
2026/03/17 03:14:56.514, 132.82 W, 95 %
2026/03/17 03:14:56.614, 132.84 W, 95 %
2026/03/17 03:14:56.714, 132.82 W, 95 %
2026/03/17 03:14:56.814, 132.81 W, 95 %
2026/03/17 03:14:56.914, 132.79 W, 95 %
2026/03/17 03:14:57.014, 132.80 W, 95 %
2026/03/17 03:14:57.115, 132.81 W, 95 %
2026/03/17 03:14:57.215, 132.81 W, 95 %
2026/03/17 03:14:57.315, 132.82 W, 95 %
2026/03/17 03:14:57.415, 132.82 W, 95 %
2026/03/17 03:14:57.515, 132.84 W, 95 %
2026/03/17 03:14:57.615, 132.83 W, 95 %
2026/03/17 03:14:57.716, 132.83 W, 95 %
2026/03/17 03:14:57.816, 132.82 W, 95 %
2026/03/17 03:14:57.916, 132.81 W, 95 %
2026/03/17 03:14:58.016, 132.76 W, 95 %
2026/03/17 03:14:58.116, 132.75 W, 95 %
2026/03/17 03:14:58.216, 132.75 W, 95 %
2026/03/17 03:14:58.317, 132.73 W, 95 %
2026/03/17 03:14:58.417, 132.71 W, 95 %
2026/03/17 03:14:58.517, 132.69 W, 95 %
2026/03/17 03:14:58.617, 132.67 W, 95 %
2026/03/17 03:14:58.717, 132.67 W, 95 %
2026/03/17 03:14:58.818, 132.68 W, 95 %
2026/03/17 03:14:58.918, 132.68 W, 95 %
2026/03/17 03:14:59.018, 132.70 W, 95 %
2026/03/17 03:14:59.118, 132.70 W, 95 %
2026/03/17 03:14:59.218, 132.70 W, 95 %
2026/03/17 03:14:59.318, 132.70 W, 95 %
2026/03/17 03:14:59.419, 132.70 W, 95 %
2026/03/17 03:14:59.519, 132.71 W, 95 %
2026/03/17 03:14:59.619, 132.70 W, 95 %
2026/03/17 03:14:59.719, 132.68 W, 95 %
2026/03/17 03:14:59.819, 132.68 W, 95 %
2026/03/17 03:14:59.919, 132.66 W, 95 %
2026/03/17 03:15:00.020, 132.67 W, 95 %
2026/03/17 03:15:00.120, 132.65 W, 95 %
2026/03/17 03:15:00.220, 132.64 W, 95 %
2026/03/17 03:15:00.320, 132.62 W, 95 %
2026/03/17 03:15:00.420, 132.62 W, 95 %
2026/03/17 03:15:00.520, 132.62 W, 95 %
2026/03/17 03:15:00.621, 132.63 W, 95 %
2026/03/17 03:15:00.721, 132.63 W, 95 %
2026/03/17 03:15:00.821, 132.62 W, 95 %
2026/03/17 03:15:00.921, 132.62 W, 95 %
2026/03/17 03:15:01.021, 132.62 W, 95 %
2026/03/17 03:15:01.121, 132.63 W, 95 %
2026/03/17 03:15:01.222, 132.63 W, 95 %
2026/03/17 03:15:01.322, 132.64 W, 95 %
2026/03/17 03:15:01.422, 132.62 W, 95 %
2026/03/17 03:15:01.522, 132.59 W, 95 %
2026/03/17 03:15:01.622, 132.58 W, 95 %
2026/03/17 03:15:01.722, 132.58 W, 95 %
2026/03/17 03:15:01.823, 132.60 W, 95 %
2026/03/17 03:15:01.923, 132.60 W, 95 %
2026/03/17 03:15:02.023, 132.57 W, 95 %
2026/03/17 03:15:02.123, 132.55 W, 95 %
2026/03/17 03:15:02.223, 132.53 W, 95 %
2026/03/17 03:15:02.324, 132.53 W, 95 %
2026/03/17 03:15:02.424, 132.54 W, 95 %
2026/03/17 03:15:02.524, 132.55 W, 95 %
2026/03/17 03:15:02.624, 132.54 W, 95 %
2026/03/17 03:15:02.724, 132.51 W, 95 %
2026/03/17 03:15:02.824, 132.47 W, 95 %
2026/03/17 03:15:02.924, 132.45 W, 95 %
2026/03/17 03:15:03.025, 132.45 W, 95 %
2026/03/17 03:15:03.125, 132.45 W, 95 %
2026/03/17 03:15:03.225, 132.43 W, 95 %
2026/03/17 03:15:03.325, 132.41 W, 95 %
2026/03/17 03:15:03.425, 132.39 W, 95 %
2026/03/17 03:15:03.525, 132.38 W, 95 %
2026/03/17 03:15:03.626, 132.37 W, 95 %
2026/03/17 03:15:03.726, 132.38 W, 95 %
2026/03/17 03:15:03.826, 132.37 W, 95 %
2026/03/17 03:15:03.926, 132.36 W, 95 %
2026/03/17 03:15:04.026, 132.34 W, 95 %
2026/03/17 03:15:04.126, 132.34 W, 95 %
2026/03/17 03:15:04.227, 132.37 W, 95 %
2026/03/17 03:15:04.327, 132.35 W, 95 %
2026/03/17 03:15:04.427, 132.35 W, 95 %
2026/03/17 03:15:04.527, 132.35 W, 95 %
2026/03/17 03:15:04.627, 132.33 W, 95 %
2026/03/17 03:15:04.728, 132.34 W, 95 %
2026/03/17 03:15:04.828, 132.35 W, 95 %
2026/03/17 03:15:04.928, 132.36 W, 95 %
2026/03/17 03:15:05.028, 132.33 W, 95 %
2026/03/17 03:15:05.128, 132.33 W, 95 %
2026/03/17 03:15:05.228, 132.32 W, 95 %
2026/03/17 03:15:05.329, 132.31 W, 95 %
2026/03/17 03:15:05.429, 132.29 W, 95 %
2026/03/17 03:15:05.529, 132.29 W, 95 %
2026/03/17 03:15:05.629, 132.28 W, 95 %
2026/03/17 03:15:05.729, 132.26 W, 95 %
2026/03/17 03:15:05.829, 132.26 W, 95 %
2026/03/17 03:15:05.930, 132.27 W, 95 %
2026/03/17 03:15:06.030, 132.25 W, 95 %
2026/03/17 03:15:06.130, 132.24 W, 95 %
2026/03/17 03:15:06.230, 132.21 W, 95 %
2026/03/17 03:15:06.330, 132.21 W, 95 %
2026/03/17 03:15:06.431, 132.22 W, 95 %
2026/03/17 03:15:06.531, 132.23 W, 95 %
2026/03/17 03:15:06.631, 132.22 W, 95 %
2026/03/17 03:15:06.731, 132.21 W, 95 %
2026/03/17 03:15:06.831, 132.21 W, 95 %
2026/03/17 03:15:06.931, 132.20 W, 95 %
2026/03/17 03:15:07.032, 132.21 W, 95 %
2026/03/17 03:15:07.132, 132.21 W, 95 %
2026/03/17 03:15:07.232, 132.20 W, 95 %
2026/03/17 03:15:07.332, 132.19 W, 95 %
2026/03/17 03:15:07.432, 132.16 W, 95 %
2026/03/17 03:15:07.533, 132.16 W, 95 %
2026/03/17 03:15:07.633, 132.15 W, 95 %
2026/03/17 03:15:07.733, 132.15 W, 95 %
2026/03/17 03:15:07.833, 132.12 W, 95 %
2026/03/17 03:15:07.933, 132.12 W, 95 %
2026/03/17 03:15:08.033, 132.11 W, 95 %
2026/03/17 03:15:08.134, 132.12 W, 95 %
2026/03/17 03:15:08.234, 132.12 W, 95 %
2026/03/17 03:15:08.334, 132.12 W, 95 %
2026/03/17 03:15:08.434, 132.12 W, 95 %
2026/03/17 03:15:08.534, 132.10 W, 95 %
2026/03/17 03:15:08.634, 132.11 W, 95 %
2026/03/17 03:15:08.735, 132.12 W, 95 %
2026/03/17 03:15:08.835, 132.13 W, 95 %
2026/03/17 03:15:08.935, 132.12 W, 95 %
2026/03/17 03:15:09.035, 132.12 W, 95 %
2026/03/17 03:15:09.135, 132.10 W, 95 %
2026/03/17 03:15:09.236, 132.08 W, 95 %
2026/03/17 03:15:09.336, 132.09 W, 95 %
2026/03/17 03:15:09.436, 132.08 W, 95 %
2026/03/17 03:15:09.536, 132.08 W, 95 %
2026/03/17 03:15:09.636, 132.06 W, 95 %
2026/03/17 03:15:09.736, 132.07 W, 95 %
2026/03/17 03:15:09.837, 132.04 W, 95 %
2026/03/17 03:15:09.937, 132.04 W, 95 %
2026/03/17 03:15:10.037, 132.04 W, 95 %
2026/03/17 03:15:10.137, 132.03 W, 95 %
2026/03/17 03:15:10.237, 132.03 W, 95 %
2026/03/17 03:15:10.337, 132.02 W, 95 %
2026/03/17 03:15:10.438, 132.02 W, 95 %
2026/03/17 03:15:10.538, 131.98 W, 89 %
2026/03/17 03:15:10.638, 131.97 W, 89 %
2026/03/17 03:15:10.738, 131.94 W, 95 %
2026/03/17 03:15:10.838, 131.96 W, 95 %
2026/03/17 03:15:10.938, 131.94 W, 95 %
2026/03/17 03:15:11.039, 131.95 W, 95 %
2026/03/17 03:15:11.139, 131.97 W, 95 %
2026/03/17 03:15:11.239, 131.97 W, 95 %
2026/03/17 03:15:11.339, 131.96 W, 95 %
2026/03/17 03:15:11.439, 131.96 W, 95 %
2026/03/17 03:15:11.539, 132.00 W, 95 %
2026/03/17 03:15:11.640, 132.01 W, 95 %
2026/03/17 03:15:11.740, 132.01 W, 93 %
2026/03/17 03:15:11.840, 131.99 W, 93 %
2026/03/17 03:15:11.940, 131.99 W, 95 %
2026/03/17 03:15:12.040, 131.98 W, 95 %
2026/03/17 03:15:12.140, 131.96 W, 95 %
2026/03/17 03:15:12.241, 131.95 W, 95 %
2026/03/17 03:15:12.341, 131.97 W, 95 %
2026/03/17 03:15:12.441, 131.97 W, 95 %
2026/03/17 03:15:12.541, 131.94 W, 95 %
2026/03/17 03:15:12.641, 131.92 W, 95 %
2026/03/17 03:15:12.741, 131.93 W, 95 %
2026/03/17 03:15:12.842, 131.94 W, 95 %
2026/03/17 03:15:12.942, 131.96 W, 95 %
2026/03/17 03:15:13.042, 131.96 W, 95 %
2026/03/17 03:15:13.142, 131.97 W, 95 %
2026/03/17 03:15:13.242, 131.98 W, 95 %
2026/03/17 03:15:13.342, 131.96 W, 95 %
2026/03/17 03:15:13.443, 131.96 W, 95 %
2026/03/17 03:15:13.543, 131.97 W, 95 %
2026/03/17 03:15:13.643, 131.97 W, 95 %
2026/03/17 03:15:13.743, 131.96 W, 95 %
2026/03/17 03:15:13.843, 131.95 W, 95 %
2026/03/17 03:15:13.943, 131.94 W, 95 %
2026/03/17 03:15:14.044, 131.95 W, 95 %
2026/03/17 03:15:14.144, 131.94 W, 95 %
2026/03/17 03:15:14.244, 131.93 W, 95 %
2026/03/17 03:15:14.344, 131.93 W, 95 %
2026/03/17 03:15:14.444, 131.92 W, 95 %
2026/03/17 03:15:14.544, 131.91 W, 95 %
2026/03/17 03:15:14.645, 131.91 W, 95 %
2026/03/17 03:15:14.745, 131.94 W, 95 %
2026/03/17 03:15:14.845, 131.95 W, 95 %
2026/03/17 03:15:14.945, 131.96 W, 95 %
2026/03/17 03:15:15.045, 131.95 W, 95 %
2026/03/17 03:15:15.145, 131.96 W, 95 %
2026/03/17 03:15:15.245, 131.98 W, 95 %
2026/03/17 03:15:15.346, 131.97 W, 95 %
2026/03/17 03:15:15.446, 132.00 W, 95 %
2026/03/17 03:15:15.546, 132.01 W, 95 %
2026/03/17 03:15:15.646, 132.01 W, 95 %
2026/03/17 03:15:15.746, 132.02 W, 95 %
2026/03/17 03:15:15.847, 132.02 W, 95 %
2026/03/17 03:15:15.947, 132.02 W, 95 %
2026/03/17 03:15:16.047, 132.02 W, 95 %
2026/03/17 03:15:16.147, 132.02 W, 95 %
2026/03/17 03:15:16.247, 131.99 W, 95 %
2026/03/17 03:15:16.347, 132.02 W, 95 %
2026/03/17 03:15:16.448, 132.00 W, 95 %
2026/03/17 03:15:16.548, 132.00 W, 95 %
2026/03/17 03:15:16.648, 131.98 W, 95 %
2026/03/17 03:15:16.748, 131.98 W, 95 %
2026/03/17 03:15:16.848, 131.96 W, 95 %
2026/03/17 03:15:16.948, 131.97 W, 95 %
2026/03/17 03:15:17.049, 131.97 W, 95 %
2026/03/17 03:15:17.149, 131.97 W, 95 %
2026/03/17 03:15:17.249, 131.97 W, 95 %
2026/03/17 03:15:17.349, 131.96 W, 95 %
2026/03/17 03:15:17.449, 131.96 W, 95 %
2026/03/17 03:15:17.550, 131.96 W, 95 %
2026/03/17 03:15:17.650, 131.97 W, 95 %
2026/03/17 03:15:17.750, 131.98 W, 95 %
2026/03/17 03:15:17.850, 132.00 W, 95 %
2026/03/17 03:15:17.950, 132.01 W, 95 %
2026/03/17 03:15:18.050, 132.00 W, 95 %
2026/03/17 03:15:18.151, 132.02 W, 95 %
2026/03/17 03:15:18.251, 132.06 W, 95 %
2026/03/17 03:15:18.351, 132.08 W, 95 %
2026/03/17 03:15:18.451, 132.09 W, 95 %
2026/03/17 03:15:18.551, 132.09 W, 95 %
2026/03/17 03:15:18.651, 132.12 W, 95 %
2026/03/17 03:15:18.752, 132.14 W, 95 %
2026/03/17 03:15:18.852, 132.14 W, 95 %
2026/03/17 03:15:18.952, 132.14 W, 95 %
2026/03/17 03:15:19.052, 132.16 W, 95 %
2026/03/17 03:15:19.152, 132.16 W, 95 %
2026/03/17 03:15:19.252, 132.15 W, 95 %
2026/03/17 03:15:19.353, 132.15 W, 95 %
2026/03/17 03:15:19.453, 132.16 W, 95 %
2026/03/17 03:15:19.553, 132.18 W, 95 %
2026/03/17 03:15:19.653, 132.18 W, 95 %
2026/03/17 03:15:19.753, 132.18 W, 95 %
2026/03/17 03:15:19.854, 132.19 W, 95 %
2026/03/17 03:15:19.954, 132.23 W, 95 %
2026/03/17 03:15:20.054, 132.24 W, 95 %
2026/03/17 03:15:20.154, 132.22 W, 95 %
2026/03/17 03:15:20.254, 132.24 W, 95 %
2026/03/17 03:15:20.354, 132.26 W, 95 %
2026/03/17 03:15:20.455, 132.29 W, 95 %
2026/03/17 03:15:20.555, 132.29 W, 95 %
2026/03/17 03:15:20.655, 132.30 W, 95 %
2026/03/17 03:15:20.755, 132.31 W, 95 %
2026/03/17 03:15:20.855, 132.31 W, 95 %
2026/03/17 03:15:20.955, 132.28 W, 95 %
2026/03/17 03:15:21.056, 132.28 W, 95 %
2026/03/17 03:15:21.156, 132.32 W, 95 %
2026/03/17 03:15:21.256, 132.31 W, 95 %
2026/03/17 03:15:21.356, 132.32 W, 95 %
2026/03/17 03:15:21.456, 132.32 W, 95 %
2026/03/17 03:15:21.556, 132.32 W, 95 %
2026/03/17 03:15:21.657, 132.34 W, 95 %
2026/03/17 03:15:21.757, 132.35 W, 95 %
2026/03/17 03:15:21.857, 132.36 W, 95 %
2026/03/17 03:15:21.957, 132.38 W, 95 %
2026/03/17 03:15:22.057, 132.41 W, 95 %
2026/03/17 03:15:22.158, 132.44 W, 95 %
2026/03/17 03:15:22.258, 132.48 W, 95 %
2026/03/17 03:15:22.358, 132.49 W, 95 %
2026/03/17 03:15:22.458, 132.52 W, 95 %
2026/03/17 03:15:22.558, 132.56 W, 95 %
2026/03/17 03:15:22.658, 132.54 W, 95 %
2026/03/17 03:15:22.759, 132.56 W, 95 %
2026/03/17 03:15:22.859, 132.58 W, 95 %
2026/03/17 03:15:22.959, 132.63 W, 95 %
2026/03/17 03:15:23.059, 132.66 W, 95 %
2026/03/17 03:15:23.159, 132.64 W, 95 %
2026/03/17 03:15:23.259, 132.64 W, 95 %
2026/03/17 03:15:23.360, 132.68 W, 95 %
2026/03/17 03:15:23.460, 132.67 W, 95 %
2026/03/17 03:15:23.560, 132.67 W, 95 %
2026/03/17 03:15:23.660, 132.71 W, 95 %
2026/03/17 03:15:23.760, 132.71 W, 95 %
2026/03/17 03:15:23.860, 132.72 W, 95 %
2026/03/17 03:15:23.961, 132.72 W, 95 %
2026/03/17 03:15:24.061, 132.71 W, 95 %
2026/03/17 03:15:24.161, 132.71 W, 95 %
2026/03/17 03:15:24.261, 132.72 W, 95 %
2026/03/17 03:15:24.361, 132.73 W, 95 %
2026/03/17 03:15:24.461, 132.74 W, 95 %
2026/03/17 03:15:24.562, 132.76 W, 95 %
2026/03/17 03:15:24.662, 132.76 W, 95 %
2026/03/17 03:15:24.762, 132.80 W, 95 %
2026/03/17 03:15:24.862, 132.79 W, 95 %
2026/03/17 03:15:24.962, 132.79 W, 95 %
2026/03/17 03:15:25.062, 132.80 W, 95 %
2026/03/17 03:15:25.163, 132.83 W, 95 %
2026/03/17 03:15:25.263, 132.86 W, 95 %
2026/03/17 03:15:25.363, 132.87 W, 95 %
2026/03/17 03:15:25.463, 132.86 W, 95 %
2026/03/17 03:15:25.563, 132.87 W, 95 %
2026/03/17 03:15:25.663, 132.87 W, 95 %
2026/03/17 03:15:25.764, 132.88 W, 95 %
2026/03/17 03:15:25.864, 132.90 W, 95 %
2026/03/17 03:15:25.964, 132.95 W, 95 %
2026/03/17 03:15:26.064, 132.97 W, 95 %
2026/03/17 03:15:26.164, 132.98 W, 95 %
2026/03/17 03:15:26.264, 132.99 W, 95 %
2026/03/17 03:15:26.365, 133.01 W, 95 %
2026/03/17 03:15:26.465, 133.06 W, 95 %
2026/03/17 03:15:26.565, 133.07 W, 95 %
2026/03/17 03:15:26.665, 133.08 W, 95 %
2026/03/17 03:15:26.765, 133.10 W, 95 %
2026/03/17 03:15:26.866, 133.11 W, 95 %
2026/03/17 03:15:26.966, 133.12 W, 95 %
2026/03/17 03:15:27.066, 133.13 W, 95 %
2026/03/17 03:15:27.166, 133.13 W, 95 %
2026/03/17 03:15:27.266, 133.14 W, 95 %
2026/03/17 03:15:27.366, 133.15 W, 95 %
2026/03/17 03:15:27.467, 133.15 W, 95 %
2026/03/17 03:15:27.567, 133.15 W, 95 %
2026/03/17 03:15:27.667, 133.18 W, 95 %
2026/03/17 03:15:27.767, 133.19 W, 95 %
2026/03/17 03:15:27.867, 133.18 W, 95 %
2026/03/17 03:15:27.968, 133.16 W, 95 %
2026/03/17 03:15:28.068, 133.16 W, 95 %
2026/03/17 03:15:28.168, 133.18 W, 95 %
2026/03/17 03:15:28.268, 133.14 W, 95 %
2026/03/17 03:15:28.368, 133.10 W, 95 %
2026/03/17 03:15:28.468, 133.09 W, 95 %
2026/03/17 03:15:28.569, 133.07 W, 95 %
2026/03/17 03:15:28.669, 133.05 W, 95 %
2026/03/17 03:15:28.769, 133.03 W, 95 %
2026/03/17 03:15:28.869, 133.05 W, 95 %
2026/03/17 03:15:28.969, 133.05 W, 95 %
2026/03/17 03:15:29.069, 133.06 W, 95 %
2026/03/17 03:15:29.170, 133.07 W, 95 %
2026/03/17 03:15:29.270, 133.07 W, 95 %
2026/03/17 03:15:29.370, 133.10 W, 95 %
2026/03/17 03:15:29.470, 133.12 W, 95 %
2026/03/17 03:15:29.570, 133.13 W, 95 %
2026/03/17 03:15:29.671, 133.15 W, 95 %
2026/03/17 03:15:29.771, 133.16 W, 95 %
2026/03/17 03:15:29.871, 133.18 W, 95 %
2026/03/17 03:15:29.971, 133.17 W, 95 %
2026/03/17 03:15:30.071, 133.16 W, 95 %
2026/03/17 03:15:30.171, 133.14 W, 95 %
2026/03/17 03:15:30.272, 133.14 W, 95 %
2026/03/17 03:15:30.372, 133.16 W, 95 %
2026/03/17 03:15:30.472, 133.17 W, 95 %
2026/03/17 03:15:30.572, 133.16 W, 95 %
2026/03/17 03:15:30.672, 133.16 W, 95 %
2026/03/17 03:15:30.772, 133.15 W, 95 %
2026/03/17 03:15:30.873, 133.14 W, 95 %
2026/03/17 03:15:30.973, 133.12 W, 95 %
2026/03/17 03:15:31.073, 133.14 W, 95 %
2026/03/17 03:15:31.173, 133.15 W, 95 %
2026/03/17 03:15:31.273, 133.15 W, 95 %
2026/03/17 03:15:31.373, 133.13 W, 95 %
2026/03/17 03:15:31.474, 133.12 W, 95 %
2026/03/17 03:15:31.574, 133.09 W, 95 %
2026/03/17 03:15:31.674, 133.03 W, 95 %
2026/03/17 03:15:31.774, 133.04 W, 95 %
2026/03/17 03:15:31.874, 133.02 W, 95 %
2026/03/17 03:15:31.974, 133.03 W, 95 %
2026/03/17 03:15:32.075, 133.04 W, 95 %
2026/03/17 03:15:32.175, 133.03 W, 95 %
2026/03/17 03:15:32.275, 133.02 W, 95 %
2026/03/17 03:15:32.375, 133.01 W, 95 %
2026/03/17 03:15:32.475, 133.01 W, 95 %
2026/03/17 03:15:32.575, 133.01 W, 95 %
2026/03/17 03:15:32.676, 133.04 W, 95 %
2026/03/17 03:15:32.776, 133.04 W, 95 %
2026/03/17 03:15:32.876, 133.03 W, 95 %
2026/03/17 03:15:32.976, 133.02 W, 95 %
2026/03/17 03:15:33.076, 132.99 W, 95 %
2026/03/17 03:15:33.177, 132.96 W, 95 %
2026/03/17 03:15:33.277, 132.96 W, 95 %
2026/03/17 03:15:33.377, 132.97 W, 95 %
2026/03/17 03:15:33.477, 132.98 W, 95 %
2026/03/17 03:15:33.577, 132.96 W, 95 %
2026/03/17 03:15:33.677, 132.98 W, 95 %
2026/03/17 03:15:33.778, 132.96 W, 95 %
2026/03/17 03:15:33.878, 132.94 W, 95 %
2026/03/17 03:15:33.978, 132.94 W, 95 %
2026/03/17 03:15:34.078, 132.93 W, 95 %
2026/03/17 03:15:34.178, 132.92 W, 95 %
2026/03/17 03:15:34.278, 132.89 W, 95 %
2026/03/17 03:15:34.379, 132.86 W, 95 %
2026/03/17 03:15:34.479, 132.83 W, 95 %
2026/03/17 03:15:34.579, 132.83 W, 95 %
2026/03/17 03:15:34.679, 132.81 W, 95 %
2026/03/17 03:15:34.779, 132.80 W, 95 %
2026/03/17 03:15:34.879, 132.80 W, 95 %
2026/03/17 03:15:34.980, 132.76 W, 95 %
2026/03/17 03:15:35.080, 132.76 W, 95 %
2026/03/17 03:15:35.180, 132.75 W, 95 %
2026/03/17 03:15:35.280, 132.75 W, 95 %
2026/03/17 03:15:35.380, 132.76 W, 95 %
2026/03/17 03:15:35.480, 132.76 W, 95 %
2026/03/17 03:15:35.581, 132.75 W, 95 %
2026/03/17 03:15:35.681, 132.74 W, 95 %
2026/03/17 03:15:35.781, 132.76 W, 95 %
2026/03/17 03:15:35.881, 132.75 W, 95 %
2026/03/17 03:15:35.981, 132.76 W, 95 %
2026/03/17 03:15:36.081, 132.73 W, 95 %
2026/03/17 03:15:36.182, 132.70 W, 95 %
2026/03/17 03:15:36.282, 132.70 W, 95 %
2026/03/17 03:15:36.382, 132.69 W, 95 %
2026/03/17 03:15:36.482, 132.68 W, 95 %
2026/03/17 03:15:36.582, 132.66 W, 95 %
2026/03/17 03:15:36.682, 132.65 W, 95 %
2026/03/17 03:15:36.783, 132.63 W, 95 %
2026/03/17 03:15:36.883, 132.61 W, 95 %
2026/03/17 03:15:36.983, 132.58 W, 95 %
2026/03/17 03:15:37.083, 132.59 W, 95 %
2026/03/17 03:15:37.183, 132.61 W, 95 %
2026/03/17 03:15:37.284, 132.57 W, 95 %
2026/03/17 03:15:37.384, 132.53 W, 95 %
2026/03/17 03:15:37.484, 132.49 W, 95 %
2026/03/17 03:15:37.584, 132.46 W, 95 %
2026/03/17 03:15:37.684, 132.45 W, 95 %
2026/03/17 03:15:37.784, 132.45 W, 95 %
2026/03/17 03:15:37.885, 132.43 W, 95 %
2026/03/17 03:15:37.985, 132.43 W, 95 %
2026/03/17 03:15:38.085, 132.41 W, 95 %
2026/03/17 03:15:38.185, 132.40 W, 95 %
2026/03/17 03:15:38.285, 132.42 W, 95 %
2026/03/17 03:15:38.385, 132.45 W, 95 %
2026/03/17 03:15:38.486, 132.46 W, 95 %
2026/03/17 03:15:38.586, 132.46 W, 95 %
2026/03/17 03:15:38.686, 132.45 W, 95 %
2026/03/17 03:15:38.786, 132.43 W, 95 %
2026/03/17 03:15:38.886, 132.43 W, 95 %
2026/03/17 03:15:38.987, 132.42 W, 95 %
2026/03/17 03:15:39.087, 132.40 W, 95 %
2026/03/17 03:15:39.187, 132.40 W, 95 %
2026/03/17 03:15:39.287, 132.39 W, 95 %
2026/03/17 03:15:39.387, 132.38 W, 95 %
2026/03/17 03:15:39.487, 132.38 W, 95 %
2026/03/17 03:15:39.588, 132.38 W, 95 %
2026/03/17 03:15:39.688, 132.39 W, 95 %
2026/03/17 03:15:39.788, 132.41 W, 95 %
2026/03/17 03:15:39.888, 132.40 W, 95 %
2026/03/17 03:15:39.988, 132.40 W, 95 %
2026/03/17 03:15:40.088, 132.42 W, 95 %
2026/03/17 03:15:40.189, 132.41 W, 95 %
2026/03/17 03:15:40.289, 132.37 W, 95 %
2026/03/17 03:15:40.389, 132.36 W, 95 %
2026/03/17 03:15:40.489, 132.35 W, 95 %
2026/03/17 03:15:40.589, 132.35 W, 95 %
2026/03/17 03:15:40.690, 132.34 W, 95 %
2026/03/17 03:15:40.790, 132.33 W, 95 %
2026/03/17 03:15:40.890, 132.31 W, 95 %
2026/03/17 03:15:40.990, 132.32 W, 95 %
2026/03/17 03:15:41.090, 132.32 W, 95 %
2026/03/17 03:15:41.190, 132.31 W, 95 %
2026/03/17 03:15:41.291, 132.32 W, 95 %
2026/03/17 03:15:41.391, 132.34 W, 95 %
2026/03/17 03:15:41.491, 132.34 W, 95 %
2026/03/17 03:15:41.591, 132.32 W, 95 %
2026/03/17 03:15:41.691, 132.33 W, 95 %
2026/03/17 03:15:41.791, 132.32 W, 95 %
2026/03/17 03:15:41.892, 132.35 W, 95 %
2026/03/17 03:15:41.992, 132.31 W, 95 %
2026/03/17 03:15:42.092, 132.31 W, 95 %
2026/03/17 03:15:42.192, 132.30 W, 95 %
2026/03/17 03:15:42.292, 132.30 W, 95 %
2026/03/17 03:15:42.392, 132.31 W, 95 %
2026/03/17 03:15:42.493, 132.31 W, 95 %
2026/03/17 03:15:42.593, 132.31 W, 95 %
2026/03/17 03:15:42.693, 132.29 W, 95 %
2026/03/17 03:15:42.793, 132.29 W, 95 %
2026/03/17 03:15:42.893, 132.29 W, 95 %
2026/03/17 03:15:42.993, 132.34 W, 95 %
2026/03/17 03:15:43.094, 132.34 W, 95 %
2026/03/17 03:15:43.194, 132.35 W, 95 %
2026/03/17 03:15:43.294, 132.35 W, 95 %
2026/03/17 03:15:43.394, 132.35 W, 95 %
2026/03/17 03:15:43.494, 132.36 W, 95 %
2026/03/17 03:15:43.594, 132.37 W, 95 %
2026/03/17 03:15:43.695, 132.39 W, 95 %
2026/03/17 03:15:43.795, 132.40 W, 95 %
2026/03/17 03:15:43.895, 132.41 W, 95 %
2026/03/17 03:15:43.995, 132.40 W, 95 %
2026/03/17 03:15:44.095, 132.39 W, 95 %
2026/03/17 03:15:44.195, 132.41 W, 95 %
2026/03/17 03:15:44.296, 132.41 W, 95 %
2026/03/17 03:15:44.396, 132.42 W, 95 %
2026/03/17 03:15:44.496, 132.40 W, 95 %
2026/03/17 03:15:44.596, 132.39 W, 95 %
2026/03/17 03:15:44.696, 132.40 W, 95 %
2026/03/17 03:15:44.796, 132.42 W, 95 %
2026/03/17 03:15:44.897, 132.42 W, 95 %
2026/03/17 03:15:44.997, 132.42 W, 95 %
2026/03/17 03:15:45.097, 132.41 W, 95 %
2026/03/17 03:15:45.197, 132.43 W, 95 %
2026/03/17 03:15:45.297, 132.46 W, 95 %
2026/03/17 03:15:45.397, 132.50 W, 95 %
2026/03/17 03:15:45.497, 132.51 W, 95 %
2026/03/17 03:15:45.598, 132.54 W, 95 %
2026/03/17 03:15:45.698, 132.55 W, 95 %
2026/03/17 03:15:45.798, 132.55 W, 95 %
2026/03/17 03:15:45.898, 132.57 W, 95 %
2026/03/17 03:15:45.998, 132.59 W, 95 %
2026/03/17 03:15:46.099, 132.61 W, 95 %
2026/03/17 03:15:46.199, 132.60 W, 95 %
2026/03/17 03:15:46.299, 132.59 W, 95 %
2026/03/17 03:15:46.399, 132.57 W, 95 %
2026/03/17 03:15:46.499, 132.57 W, 95 %
2026/03/17 03:15:46.599, 132.57 W, 95 %
2026/03/17 03:15:46.700, 132.57 W, 95 %
2026/03/17 03:15:46.800, 132.56 W, 95 %
2026/03/17 03:15:46.900, 132.56 W, 95 %
2026/03/17 03:15:47.000, 132.56 W, 95 %
2026/03/17 03:15:47.100, 132.55 W, 95 %
2026/03/17 03:15:47.200, 132.57 W, 95 %
2026/03/17 03:15:47.301, 132.56 W, 95 %
2026/03/17 03:15:47.401, 132.58 W, 95 %
2026/03/17 03:15:47.501, 132.57 W, 95 %
2026/03/17 03:15:47.601, 132.58 W, 95 %
2026/03/17 03:15:47.701, 132.61 W, 95 %
2026/03/17 03:15:47.801, 132.63 W, 95 %
2026/03/17 03:15:47.902, 132.64 W, 95 %
2026/03/17 03:15:48.002, 132.65 W, 95 %
2026/03/17 03:15:48.102, 132.66 W, 95 %
2026/03/17 03:15:48.202, 132.67 W, 95 %
2026/03/17 03:15:48.302, 132.69 W, 95 %
2026/03/17 03:15:48.403, 132.70 W, 95 %
2026/03/17 03:15:48.503, 132.71 W, 95 %
2026/03/17 03:15:48.603, 132.71 W, 95 %
2026/03/17 03:15:48.703, 132.71 W, 95 %
2026/03/17 03:15:48.803, 132.71 W, 95 %
2026/03/17 03:15:48.903, 132.70 W, 95 %
2026/03/17 03:15:49.004, 132.70 W, 95 %
2026/03/17 03:15:49.104, 132.71 W, 95 %
2026/03/17 03:15:49.204, 132.69 W, 95 %
2026/03/17 03:15:49.304, 132.68 W, 95 %
2026/03/17 03:15:49.404, 132.69 W, 95 %
2026/03/17 03:15:49.504, 132.70 W, 95 %
2026/03/17 03:15:49.605, 132.70 W, 95 %
2026/03/17 03:15:49.705, 132.68 W, 95 %
2026/03/17 03:15:49.805, 132.68 W, 95 %
2026/03/17 03:15:49.905, 132.68 W, 95 %
2026/03/17 03:15:50.005, 132.67 W, 95 %
2026/03/17 03:15:50.105, 132.68 W, 95 %
2026/03/17 03:15:50.206, 132.68 W, 95 %
2026/03/17 03:15:50.306, 132.67 W, 95 %
2026/03/17 03:15:50.406, 132.68 W, 95 %
2026/03/17 03:15:50.506, 132.66 W, 95 %
2026/03/17 03:15:50.606, 132.67 W, 95 %
2026/03/17 03:15:50.706, 132.69 W, 95 %
2026/03/17 03:15:50.807, 132.69 W, 95 %
2026/03/17 03:15:50.907, 132.67 W, 95 %
2026/03/17 03:15:51.007, 132.66 W, 95 %
2026/03/17 03:15:51.107, 132.64 W, 95 %
2026/03/17 03:15:51.207, 132.65 W, 95 %
2026/03/17 03:15:51.307, 132.65 W, 95 %
2026/03/17 03:15:51.408, 132.62 W, 95 %
2026/03/17 03:15:51.508, 132.60 W, 95 %
2026/03/17 03:15:51.608, 132.58 W, 95 %
2026/03/17 03:15:51.708, 132.57 W, 95 %
2026/03/17 03:15:51.808, 132.56 W, 95 %
2026/03/17 03:15:51.909, 132.59 W, 95 %
2026/03/17 03:15:52.009, 132.62 W, 95 %
2026/03/17 03:15:52.109, 132.63 W, 95 %
2026/03/17 03:15:52.209, 132.64 W, 95 %
2026/03/17 03:15:52.309, 132.64 W, 95 %
2026/03/17 03:15:52.409, 132.66 W, 95 %
2026/03/17 03:15:52.510, 132.67 W, 95 %
2026/03/17 03:15:52.610, 132.66 W, 95 %
2026/03/17 03:15:52.710, 132.65 W, 95 %
2026/03/17 03:15:52.810, 132.65 W, 95 %
2026/03/17 03:15:52.910, 132.61 W, 95 %
2026/03/17 03:15:53.010, 132.60 W, 95 %
2026/03/17 03:15:53.111, 132.59 W, 95 %
2026/03/17 03:15:53.211, 132.56 W, 95 %
2026/03/17 03:15:53.311, 132.57 W, 95 %
2026/03/17 03:15:53.411, 132.56 W, 95 %
2026/03/17 03:15:53.511, 132.55 W, 95 %
2026/03/17 03:15:53.611, 132.54 W, 95 %
2026/03/17 03:15:53.712, 132.54 W, 95 %
2026/03/17 03:15:53.812, 132.53 W, 95 %
2026/03/17 03:15:53.912, 132.52 W, 95 %
2026/03/17 03:15:54.012, 132.51 W, 95 %
2026/03/17 03:15:54.112, 132.50 W, 95 %
2026/03/17 03:15:54.212, 132.51 W, 95 %
2026/03/17 03:15:54.313, 132.49 W, 95 %
2026/03/17 03:15:54.413, 132.46 W, 95 %
2026/03/17 03:15:54.513, 132.45 W, 95 %
2026/03/17 03:15:54.613, 132.44 W, 95 %
2026/03/17 03:15:54.713, 132.43 W, 95 %
2026/03/17 03:15:54.813, 132.43 W, 95 %
2026/03/17 03:15:54.914, 132.44 W, 95 %
2026/03/17 03:15:55.014, 132.42 W, 95 %
2026/03/17 03:15:55.114, 132.40 W, 95 %
2026/03/17 03:15:55.214, 132.41 W, 95 %
2026/03/17 03:15:55.314, 132.41 W, 95 %
2026/03/17 03:15:55.414, 132.40 W, 95 %
2026/03/17 03:15:55.514, 132.40 W, 95 %
2026/03/17 03:15:55.615, 132.39 W, 95 %
2026/03/17 03:15:55.715, 132.38 W, 95 %
2026/03/17 03:15:55.815, 132.36 W, 95 %
2026/03/17 03:15:55.915, 132.37 W, 95 %
2026/03/17 03:15:56.015, 132.38 W, 95 %
2026/03/17 03:15:56.116, 132.38 W, 95 %
2026/03/17 03:15:56.216, 132.35 W, 95 %
2026/03/17 03:15:56.316, 132.35 W, 95 %
2026/03/17 03:15:56.416, 132.37 W, 95 %
2026/03/17 03:15:56.516, 132.38 W, 95 %
2026/03/17 03:15:56.616, 132.40 W, 95 %
2026/03/17 03:15:56.717, 132.41 W, 95 %
2026/03/17 03:15:56.817, 132.42 W, 95 %
2026/03/17 03:15:56.917, 132.40 W, 95 %
2026/03/17 03:15:57.017, 132.39 W, 95 %
2026/03/17 03:15:57.117, 132.38 W, 95 %
2026/03/17 03:15:57.217, 132.39 W, 95 %
2026/03/17 03:15:57.318, 132.38 W, 95 %
2026/03/17 03:15:57.418, 132.33 W, 95 %
2026/03/17 03:15:57.518, 132.31 W, 95 %
2026/03/17 03:15:57.618, 132.27 W, 95 %
2026/03/17 03:15:57.718, 132.24 W, 95 %
2026/03/17 03:15:57.819, 132.24 W, 95 %
2026/03/17 03:15:57.919, 132.23 W, 95 %
2026/03/17 03:15:58.019, 132.23 W, 95 %
2026/03/17 03:15:58.119, 132.25 W, 95 %
2026/03/17 03:15:58.219, 132.24 W, 95 %
2026/03/17 03:15:58.319, 132.23 W, 95 %
2026/03/17 03:15:58.420, 132.24 W, 95 %
2026/03/17 03:15:58.520, 132.23 W, 95 %
2026/03/17 03:15:58.620, 132.22 W, 95 %
2026/03/17 03:15:58.720, 132.23 W, 95 %
2026/03/17 03:15:58.820, 132.23 W, 95 %
2026/03/17 03:15:58.920, 132.24 W, 95 %
2026/03/17 03:15:59.021, 132.23 W, 95 %
2026/03/17 03:15:59.121, 132.19 W, 95 %
2026/03/17 03:15:59.221, 132.16 W, 95 %
2026/03/17 03:15:59.321, 132.16 W, 95 %
2026/03/17 03:15:59.421, 132.18 W, 95 %
2026/03/17 03:15:59.521, 132.19 W, 95 %
2026/03/17 03:15:59.622, 132.18 W, 95 %
2026/03/17 03:15:59.722, 132.16 W, 95 %
2026/03/17 03:15:59.822, 132.15 W, 95 %
2026/03/17 03:15:59.922, 132.11 W, 95 %
2026/03/17 03:16:00.022, 132.10 W, 95 %
2026/03/17 03:16:00.123, 132.12 W, 95 %
2026/03/17 03:16:00.223, 132.12 W, 95 %
2026/03/17 03:16:00.323, 132.11 W, 95 %
2026/03/17 03:16:00.423, 132.09 W, 95 %
2026/03/17 03:16:00.523, 132.08 W, 95 %
2026/03/17 03:16:00.623, 132.08 W, 95 %
2026/03/17 03:16:00.724, 132.07 W, 95 %
2026/03/17 03:16:00.824, 132.07 W, 95 %
2026/03/17 03:16:00.924, 132.08 W, 95 %
2026/03/17 03:16:01.024, 132.05 W, 95 %
2026/03/17 03:16:01.124, 132.02 W, 95 %
2026/03/17 03:16:01.224, 132.04 W, 95 %
2026/03/17 03:16:01.325, 132.04 W, 95 %
2026/03/17 03:16:01.425, 132.02 W, 95 %
2026/03/17 03:16:01.525, 132.01 W, 95 %
2026/03/17 03:16:01.625, 132.00 W, 95 %
2026/03/17 03:16:01.725, 132.00 W, 95 %
2026/03/17 03:16:01.825, 132.00 W, 95 %
2026/03/17 03:16:01.926, 132.00 W, 95 %
2026/03/17 03:16:02.026, 132.00 W, 95 %
2026/03/17 03:16:02.126, 132.00 W, 95 %
2026/03/17 03:16:02.226, 131.97 W, 95 %
2026/03/17 03:16:02.326, 131.96 W, 95 %
2026/03/17 03:16:02.426, 131.96 W, 95 %
2026/03/17 03:16:02.527, 131.96 W, 95 %
2026/03/17 03:16:02.627, 131.96 W, 95 %
2026/03/17 03:16:02.727, 131.96 W, 95 %
2026/03/17 03:16:02.827, 131.95 W, 95 %
2026/03/17 03:16:02.927, 131.93 W, 95 %
2026/03/17 03:16:03.027, 131.95 W, 95 %
2026/03/17 03:16:03.128, 131.97 W, 95 %
2026/03/17 03:16:03.228, 132.00 W, 95 %
2026/03/17 03:16:03.328, 132.00 W, 95 %
2026/03/17 03:16:03.428, 132.00 W, 95 %
2026/03/17 03:16:03.528, 132.00 W, 95 %
2026/03/17 03:16:03.628, 132.00 W, 95 %
2026/03/17 03:16:03.729, 132.01 W, 95 %
2026/03/17 03:16:03.829, 132.02 W, 95 %
2026/03/17 03:16:03.929, 132.00 W, 95 %
2026/03/17 03:16:04.029, 131.99 W, 95 %
2026/03/17 03:16:04.129, 131.98 W, 95 %
2026/03/17 03:16:04.229, 131.96 W, 95 %
2026/03/17 03:16:04.330, 131.96 W, 95 %
2026/03/17 03:16:04.430, 131.95 W, 95 %
2026/03/17 03:16:04.530, 131.95 W, 95 %
2026/03/17 03:16:04.630, 131.94 W, 95 %
2026/03/17 03:16:04.730, 131.92 W, 95 %
2026/03/17 03:16:04.830, 131.92 W, 95 %
2026/03/17 03:16:04.931, 131.93 W, 95 %
2026/03/17 03:16:05.031, 131.94 W, 95 %
2026/03/17 03:16:05.131, 131.94 W, 95 %
2026/03/17 03:16:05.231, 131.94 W, 95 %
2026/03/17 03:16:05.331, 131.97 W, 95 %
2026/03/17 03:16:05.431, 131.97 W, 95 %
2026/03/17 03:16:05.532, 131.97 W, 95 %
2026/03/17 03:16:05.632, 131.96 W, 95 %
2026/03/17 03:16:05.732, 131.95 W, 95 %
2026/03/17 03:16:05.832, 131.94 W, 95 %
2026/03/17 03:16:05.932, 131.93 W, 95 %
2026/03/17 03:16:06.032, 131.92 W, 95 %
2026/03/17 03:16:06.133, 131.91 W, 95 %
2026/03/17 03:16:06.233, 131.91 W, 95 %
2026/03/17 03:16:06.333, 131.88 W, 95 %
2026/03/17 03:16:06.433, 131.88 W, 95 %
2026/03/17 03:16:06.533, 131.88 W, 95 %
2026/03/17 03:16:06.633, 131.90 W, 95 %
2026/03/17 03:16:06.734, 131.92 W, 95 %
2026/03/17 03:16:06.834, 131.94 W, 95 %
2026/03/17 03:16:06.934, 131.96 W, 95 %
2026/03/17 03:16:07.034, 131.95 W, 95 %
2026/03/17 03:16:07.134, 131.97 W, 95 %
2026/03/17 03:16:07.234, 131.99 W, 95 %
2026/03/17 03:16:07.335, 132.01 W, 95 %
2026/03/17 03:16:07.435, 132.02 W, 95 %
2026/03/17 03:16:07.535, 132.04 W, 95 %
2026/03/17 03:16:07.635, 132.05 W, 95 %
2026/03/17 03:16:07.735, 132.05 W, 95 %
2026/03/17 03:16:07.835, 132.07 W, 95 %
2026/03/17 03:16:07.936, 132.08 W, 95 %
2026/03/17 03:16:08.036, 132.08 W, 95 %
2026/03/17 03:16:08.136, 132.07 W, 95 %
2026/03/17 03:16:08.236, 132.07 W, 95 %
2026/03/17 03:16:08.336, 132.07 W, 95 %
2026/03/17 03:16:08.437, 132.08 W, 95 %
2026/03/17 03:16:08.537, 132.08 W, 95 %
2026/03/17 03:16:08.637, 132.08 W, 95 %
2026/03/17 03:16:08.737, 132.09 W, 95 %
2026/03/17 03:16:08.837, 132.10 W, 95 %
2026/03/17 03:16:08.937, 132.11 W, 95 %
2026/03/17 03:16:09.038, 132.13 W, 95 %
2026/03/17 03:16:09.138, 132.14 W, 95 %
2026/03/17 03:16:09.238, 132.15 W, 95 %
2026/03/17 03:16:09.338, 132.18 W, 95 %
2026/03/17 03:16:09.438, 132.18 W, 95 %
2026/03/17 03:16:09.538, 132.19 W, 95 %
2026/03/17 03:16:09.639, 132.23 W, 95 %
2026/03/17 03:16:09.739, 132.22 W, 95 %
2026/03/17 03:16:09.839, 132.25 W, 95 %
2026/03/17 03:16:09.939, 132.27 W, 95 %
2026/03/17 03:16:10.039, 132.31 W, 95 %
2026/03/17 03:16:10.140, 132.37 W, 95 %
2026/03/17 03:16:10.240, 132.40 W, 95 %
2026/03/17 03:16:10.340, 132.40 W, 95 %
2026/03/17 03:16:10.440, 132.42 W, 95 %
2026/03/17 03:16:10.540, 132.45 W, 95 %
2026/03/17 03:16:10.640, 132.47 W, 95 %
2026/03/17 03:16:10.741, 132.51 W, 95 %
2026/03/17 03:16:10.841, 132.53 W, 95 %
2026/03/17 03:16:10.941, 132.54 W, 95 %
2026/03/17 03:16:11.041, 132.55 W, 95 %
2026/03/17 03:16:11.141, 132.55 W, 95 %
2026/03/17 03:16:11.241, 132.57 W, 95 %
2026/03/17 03:16:11.342, 132.59 W, 95 %
2026/03/17 03:16:11.442, 132.61 W, 95 %
2026/03/17 03:16:11.542, 132.62 W, 95 %
2026/03/17 03:16:11.642, 132.63 W, 95 %
2026/03/17 03:16:11.742, 132.63 W, 95 %
2026/03/17 03:16:11.842, 132.64 W, 95 %
2026/03/17 03:16:11.943, 132.62 W, 95 %
2026/03/17 03:16:12.043, 132.63 W, 93 %
2026/03/17 03:16:12.143, 132.64 W, 93 %
2026/03/17 03:16:12.243, 132.62 W, 95 %
2026/03/17 03:16:12.343, 132.62 W, 95 %
2026/03/17 03:16:12.443, 132.62 W, 95 %
2026/03/17 03:16:12.544, 132.63 W, 95 %
2026/03/17 03:16:12.644, 132.65 W, 95 %
2026/03/17 03:16:12.744, 132.66 W, 95 %
2026/03/17 03:16:12.844, 132.68 W, 95 %
2026/03/17 03:16:12.944, 132.72 W, 95 %
2026/03/17 03:16:13.044, 132.74 W, 95 %
2026/03/17 03:16:13.145, 132.77 W, 95 %
2026/03/17 03:16:13.245, 132.82 W, 95 %
2026/03/17 03:16:13.345, 132.83 W, 95 %
2026/03/17 03:16:13.445, 132.87 W, 95 %
2026/03/17 03:16:13.545, 132.88 W, 95 %
2026/03/17 03:16:13.645, 132.91 W, 95 %
2026/03/17 03:16:13.746, 132.93 W, 95 %
2026/03/17 03:16:13.846, 132.96 W, 95 %
2026/03/17 03:16:13.946, 132.97 W, 95 %
2026/03/17 03:16:14.046, 132.97 W, 95 %
2026/03/17 03:16:14.146, 132.96 W, 95 %
2026/03/17 03:16:14.246, 132.97 W, 95 %
2026/03/17 03:16:14.347, 132.99 W, 95 %
2026/03/17 03:16:14.447, 133.00 W, 95 %
2026/03/17 03:16:14.547, 133.01 W, 95 %
2026/03/17 03:16:14.647, 133.01 W, 95 %
2026/03/17 03:16:14.747, 133.01 W, 95 %
2026/03/17 03:16:14.847, 132.99 W, 95 %
2026/03/17 03:16:14.948, 133.01 W, 95 %
2026/03/17 03:16:15.048, 133.03 W, 95 %
2026/03/17 03:16:15.148, 133.03 W, 95 %
2026/03/17 03:16:15.248, 133.04 W, 95 %
2026/03/17 03:16:15.348, 133.02 W, 95 %
2026/03/17 03:16:15.448, 133.02 W, 95 %
2026/03/17 03:16:15.549, 133.02 W, 95 %
2026/03/17 03:16:15.649, 133.02 W, 95 %
2026/03/17 03:16:15.749, 133.02 W, 95 %
2026/03/17 03:16:15.849, 133.02 W, 95 %
2026/03/17 03:16:15.949, 133.03 W, 95 %
2026/03/17 03:16:16.050, 133.05 W, 95 %
2026/03/17 03:16:16.150, 133.06 W, 95 %
2026/03/17 03:16:16.250, 133.04 W, 95 %
2026/03/17 03:16:16.350, 133.05 W, 95 %
2026/03/17 03:16:16.450, 133.05 W, 95 %
2026/03/17 03:16:16.550, 133.04 W, 95 %
2026/03/17 03:16:16.651, 133.05 W, 95 %
2026/03/17 03:16:16.751, 133.03 W, 95 %
2026/03/17 03:16:16.851, 133.02 W, 95 %
2026/03/17 03:16:16.951, 133.00 W, 95 %
2026/03/17 03:16:17.051, 132.96 W, 95 %
2026/03/17 03:16:17.151, 132.95 W, 95 %
2026/03/17 03:16:17.252, 132.97 W, 95 %
2026/03/17 03:16:17.352, 132.97 W, 95 %
2026/03/17 03:16:17.452, 132.97 W, 95 %
2026/03/17 03:16:17.552, 132.97 W, 95 %
2026/03/17 03:16:17.652, 132.98 W, 95 %
2026/03/17 03:16:17.752, 132.99 W, 95 %
2026/03/17 03:16:17.853, 132.99 W, 95 %
2026/03/17 03:16:17.953, 133.00 W, 95 %
2026/03/17 03:16:18.053, 133.00 W, 95 %
2026/03/17 03:16:18.153, 133.01 W, 95 %
2026/03/17 03:16:18.253, 132.99 W, 95 %
2026/03/17 03:16:18.353, 132.99 W, 95 %
2026/03/17 03:16:18.454, 132.99 W, 95 %
2026/03/17 03:16:18.554, 132.98 W, 95 %
2026/03/17 03:16:18.654, 132.97 W, 95 %
2026/03/17 03:16:18.754, 132.96 W, 95 %
2026/03/17 03:16:18.854, 132.96 W, 95 %
2026/03/17 03:16:18.955, 132.97 W, 95 %
2026/03/17 03:16:19.055, 133.01 W, 95 %
2026/03/17 03:16:19.155, 133.02 W, 95 %
2026/03/17 03:16:19.255, 133.01 W, 95 %
2026/03/17 03:16:19.355, 133.01 W, 95 %
2026/03/17 03:16:19.455, 132.99 W, 95 %
2026/03/17 03:16:19.556, 132.99 W, 95 %
2026/03/17 03:16:19.656, 132.98 W, 95 %
2026/03/17 03:16:19.756, 132.96 W, 95 %
2026/03/17 03:16:19.856, 132.95 W, 95 %
2026/03/17 03:16:19.956, 132.92 W, 95 %
2026/03/17 03:16:20.056, 132.87 W, 95 %
2026/03/17 03:16:20.157, 132.84 W, 95 %
2026/03/17 03:16:20.257, 132.82 W, 95 %
2026/03/17 03:16:20.357, 132.81 W, 95 %
2026/03/17 03:16:20.457, 132.80 W, 95 %
2026/03/17 03:16:20.557, 132.79 W, 95 %
2026/03/17 03:16:20.657, 132.80 W, 95 %
2026/03/17 03:16:20.758, 132.78 W, 95 %
2026/03/17 03:16:20.858, 132.77 W, 95 %
2026/03/17 03:16:20.958, 132.76 W, 95 %
2026/03/17 03:16:21.058, 132.73 W, 95 %
2026/03/17 03:16:21.158, 132.71 W, 95 %
2026/03/17 03:16:21.258, 132.68 W, 95 %
2026/03/17 03:16:21.359, 132.66 W, 95 %
2026/03/17 03:16:21.459, 132.66 W, 95 %
2026/03/17 03:16:21.559, 132.62 W, 95 %
2026/03/17 03:16:21.659, 132.59 W, 95 %
2026/03/17 03:16:21.759, 132.58 W, 95 %
2026/03/17 03:16:21.860, 132.56 W, 95 %
2026/03/17 03:16:21.960, 132.55 W, 95 %
2026/03/17 03:16:22.060, 132.58 W, 95 %
2026/03/17 03:16:22.160, 132.57 W, 95 %
2026/03/17 03:16:22.260, 132.56 W, 95 %
2026/03/17 03:16:22.360, 132.54 W, 95 %
2026/03/17 03:16:22.461, 132.54 W, 95 %
2026/03/17 03:16:22.561, 132.52 W, 95 %
2026/03/17 03:16:22.661, 132.51 W, 95 %
2026/03/17 03:16:22.761, 132.47 W, 95 %
2026/03/17 03:16:22.861, 132.47 W, 95 %
2026/03/17 03:16:22.961, 132.46 W, 95 %
2026/03/17 03:16:23.062, 132.43 W, 95 %
2026/03/17 03:16:23.162, 132.44 W, 95 %
2026/03/17 03:16:23.262, 132.43 W, 95 %
2026/03/17 03:16:23.362, 132.44 W, 95 %
2026/03/17 03:16:23.462, 132.41 W, 95 %
2026/03/17 03:16:23.562, 132.40 W, 95 %
2026/03/17 03:16:23.663, 132.38 W, 95 %
2026/03/17 03:16:23.763, 132.38 W, 95 %
2026/03/17 03:16:23.863, 132.37 W, 95 %
2026/03/17 03:16:23.963, 132.35 W, 95 %
2026/03/17 03:16:24.063, 132.33 W, 95 %
2026/03/17 03:16:24.163, 132.32 W, 95 %
2026/03/17 03:16:24.264, 132.32 W, 95 %
2026/03/17 03:16:24.364, 132.29 W, 95 %
2026/03/17 03:16:24.464, 132.28 W, 95 %
2026/03/17 03:16:24.564, 132.29 W, 95 %
2026/03/17 03:16:24.664, 132.30 W, 95 %
2026/03/17 03:16:24.764, 132.29 W, 95 %
2026/03/17 03:16:24.865, 132.29 W, 95 %
2026/03/17 03:16:24.965, 132.31 W, 95 %
2026/03/17 03:16:25.065, 132.34 W, 95 %
2026/03/17 03:16:25.165, 132.33 W, 95 %
2026/03/17 03:16:25.265, 132.34 W, 95 %
2026/03/17 03:16:25.365, 132.37 W, 95 %
2026/03/17 03:16:25.466, 132.37 W, 95 %
2026/03/17 03:16:25.566, 132.38 W, 95 %
2026/03/17 03:16:25.666, 132.39 W, 95 %
2026/03/17 03:16:25.766, 132.40 W, 95 %
2026/03/17 03:16:25.866, 132.40 W, 95 %
2026/03/17 03:16:25.966, 132.39 W, 95 %
2026/03/17 03:16:26.067, 132.35 W, 95 %
2026/03/17 03:16:26.167, 132.37 W, 95 %
2026/03/17 03:16:26.267, 132.37 W, 95 %
2026/03/17 03:16:26.367, 132.37 W, 95 %
2026/03/17 03:16:26.467, 132.39 W, 95 %
2026/03/17 03:16:26.567, 132.39 W, 95 %
2026/03/17 03:16:26.668, 132.41 W, 95 %
2026/03/17 03:16:26.768, 132.43 W, 95 %
2026/03/17 03:16:26.868, 132.42 W, 95 %
2026/03/17 03:16:26.968, 132.42 W, 95 %
2026/03/17 03:16:27.068, 132.43 W, 95 %
2026/03/17 03:16:27.168, 132.42 W, 95 %
2026/03/17 03:16:27.269, 132.42 W, 95 %
2026/03/17 03:16:27.369, 132.43 W, 95 %
2026/03/17 03:16:27.469, 132.41 W, 95 %
2026/03/17 03:16:27.569, 132.40 W, 95 %
2026/03/17 03:16:27.669, 132.38 W, 95 %
2026/03/17 03:16:27.770, 132.37 W, 95 %
2026/03/17 03:16:27.870, 132.40 W, 95 %
2026/03/17 03:16:27.970, 132.41 W, 95 %
2026/03/17 03:16:28.070, 132.44 W, 95 %
2026/03/17 03:16:28.170, 132.45 W, 95 %
2026/03/17 03:16:28.270, 132.44 W, 95 %
2026/03/17 03:16:28.371, 132.44 W, 95 %
2026/03/17 03:16:28.471, 132.46 W, 95 %
2026/03/17 03:16:28.571, 132.48 W, 95 %
2026/03/17 03:16:28.671, 132.49 W, 95 %
2026/03/17 03:16:28.771, 132.50 W, 95 %
2026/03/17 03:16:28.871, 132.50 W, 95 %
2026/03/17 03:16:28.972, 132.48 W, 95 %
2026/03/17 03:16:29.072, 132.48 W, 95 %
2026/03/17 03:16:29.172, 132.49 W, 95 %
2026/03/17 03:16:29.272, 132.51 W, 95 %
2026/03/17 03:16:29.372, 132.52 W, 95 %
2026/03/17 03:16:29.472, 132.52 W, 95 %
2026/03/17 03:16:29.573, 132.50 W, 95 %
2026/03/17 03:16:29.673, 132.50 W, 95 %
2026/03/17 03:16:29.773, 132.51 W, 95 %
2026/03/17 03:16:29.873, 132.52 W, 95 %
2026/03/17 03:16:29.973, 132.54 W, 95 %
2026/03/17 03:16:30.074, 132.53 W, 95 %
2026/03/17 03:16:30.174, 132.53 W, 95 %
2026/03/17 03:16:30.274, 132.54 W, 95 %
2026/03/17 03:16:30.374, 132.53 W, 95 %
2026/03/17 03:16:30.474, 132.54 W, 95 %
2026/03/17 03:16:30.574, 132.54 W, 95 %
2026/03/17 03:16:30.675, 132.56 W, 95 %
2026/03/17 03:16:30.775, 132.57 W, 95 %
2026/03/17 03:16:30.875, 132.58 W, 95 %
2026/03/17 03:16:30.975, 132.62 W, 95 %
2026/03/17 03:16:31.075, 132.64 W, 95 %
2026/03/17 03:16:31.175, 132.63 W, 95 %
2026/03/17 03:16:31.276, 132.64 W, 95 %
2026/03/17 03:16:31.376, 132.64 W, 95 %
2026/03/17 03:16:31.476, 132.67 W, 95 %
2026/03/17 03:16:31.576, 132.68 W, 95 %
2026/03/17 03:16:31.676, 132.66 W, 95 %
2026/03/17 03:16:31.776, 132.66 W, 95 %
2026/03/17 03:16:31.877, 132.64 W, 95 %
2026/03/17 03:16:31.977, 132.61 W, 95 %
2026/03/17 03:16:32.077, 132.61 W, 95 %
2026/03/17 03:16:32.177, 132.60 W, 95 %
2026/03/17 03:16:32.277, 132.62 W, 95 %
2026/03/17 03:16:32.378, 132.62 W, 95 %
2026/03/17 03:16:32.478, 132.60 W, 95 %
2026/03/17 03:16:32.578, 132.59 W, 95 %
2026/03/17 03:16:32.678, 132.60 W, 95 %
2026/03/17 03:16:32.778, 132.61 W, 95 %
2026/03/17 03:16:32.878, 132.61 W, 95 %
2026/03/17 03:16:32.979, 132.62 W, 95 %
2026/03/17 03:16:33.079, 132.63 W, 95 %
2026/03/17 03:16:33.179, 132.63 W, 95 %
2026/03/17 03:16:33.279, 132.63 W, 95 %
2026/03/17 03:16:33.379, 132.65 W, 95 %
2026/03/17 03:16:33.479, 132.65 W, 95 %
2026/03/17 03:16:33.580, 132.66 W, 95 %
2026/03/17 03:16:33.680, 132.65 W, 95 %
2026/03/17 03:16:33.780, 132.65 W, 95 %
2026/03/17 03:16:33.880, 132.64 W, 95 %
2026/03/17 03:16:33.980, 132.65 W, 95 %
2026/03/17 03:16:34.080, 132.64 W, 95 %
2026/03/17 03:16:34.181, 132.61 W, 95 %
2026/03/17 03:16:34.281, 132.60 W, 95 %
2026/03/17 03:16:34.381, 132.61 W, 95 %
2026/03/17 03:16:34.481, 132.62 W, 95 %
2026/03/17 03:16:34.581, 132.62 W, 95 %
2026/03/17 03:16:34.681, 132.63 W, 95 %
2026/03/17 03:16:34.782, 132.62 W, 95 %
2026/03/17 03:16:34.882, 132.62 W, 95 %
2026/03/17 03:16:34.982, 132.60 W, 95 %
2026/03/17 03:16:35.082, 132.60 W, 95 %
2026/03/17 03:16:35.182, 132.64 W, 95 %
2026/03/17 03:16:35.282, 132.64 W, 95 %
2026/03/17 03:16:35.383, 132.62 W, 95 %
2026/03/17 03:16:35.483, 132.61 W, 95 %
2026/03/17 03:16:35.583, 132.60 W, 95 %
2026/03/17 03:16:35.683, 132.61 W, 95 %
2026/03/17 03:16:35.783, 132.61 W, 95 %
2026/03/17 03:16:35.883, 132.60 W, 95 %
2026/03/17 03:16:35.984, 132.62 W, 95 %
2026/03/17 03:16:36.084, 132.62 W, 95 %
2026/03/17 03:16:36.184, 132.60 W, 95 %
2026/03/17 03:16:36.284, 132.59 W, 95 %
2026/03/17 03:16:36.384, 132.58 W, 95 %
2026/03/17 03:16:36.484, 132.59 W, 95 %
2026/03/17 03:16:36.585, 132.59 W, 95 %
2026/03/17 03:16:36.685, 132.57 W, 95 %
2026/03/17 03:16:36.785, 132.55 W, 95 %
2026/03/17 03:16:36.885, 132.56 W, 95 %
2026/03/17 03:16:36.985, 132.54 W, 95 %
2026/03/17 03:16:37.086, 132.52 W, 95 %
2026/03/17 03:16:37.186, 132.54 W, 95 %
2026/03/17 03:16:37.286, 132.54 W, 95 %
2026/03/17 03:16:37.386, 132.54 W, 95 %
2026/03/17 03:16:37.486, 132.52 W, 95 %
2026/03/17 03:16:37.586, 132.52 W, 95 %
2026/03/17 03:16:37.687, 132.49 W, 95 %
2026/03/17 03:16:37.787, 132.49 W, 95 %
2026/03/17 03:16:37.887, 132.49 W, 95 %
2026/03/17 03:16:37.987, 132.48 W, 95 %
2026/03/17 03:16:38.087, 132.46 W, 95 %
2026/03/17 03:16:38.187, 132.43 W, 95 %
2026/03/17 03:16:38.288, 132.40 W, 95 %
2026/03/17 03:16:38.388, 132.37 W, 95 %
2026/03/17 03:16:38.488, 132.35 W, 95 %
2026/03/17 03:16:38.588, 132.34 W, 95 %
2026/03/17 03:16:38.688, 132.34 W, 95 %
2026/03/17 03:16:38.788, 132.30 W, 95 %
2026/03/17 03:16:38.889, 132.27 W, 95 %
2026/03/17 03:16:38.989, 132.27 W, 95 %
2026/03/17 03:16:39.089, 132.27 W, 95 %
2026/03/17 03:16:39.189, 132.27 W, 95 %
2026/03/17 03:16:39.289, 132.26 W, 95 %
2026/03/17 03:16:39.390, 132.25 W, 95 %
2026/03/17 03:16:39.490, 132.24 W, 95 %
2026/03/17 03:16:39.590, 132.22 W, 95 %
2026/03/17 03:16:39.690, 132.20 W, 95 %
2026/03/17 03:16:39.790, 132.20 W, 95 %
2026/03/17 03:16:39.890, 132.19 W, 95 %
2026/03/17 03:16:39.991, 132.18 W, 95 %
2026/03/17 03:16:40.091, 132.15 W, 95 %
2026/03/17 03:16:40.191, 132.15 W, 95 %
2026/03/17 03:16:40.291, 132.15 W, 95 %
2026/03/17 03:16:40.391, 132.18 W, 95 %
2026/03/17 03:16:40.491, 132.17 W, 95 %
2026/03/17 03:16:40.592, 132.15 W, 95 %
2026/03/17 03:16:40.692, 132.14 W, 95 %
2026/03/17 03:16:40.792, 132.16 W, 95 %
2026/03/17 03:16:40.892, 132.14 W, 95 %
2026/03/17 03:16:40.992, 132.09 W, 95 %
2026/03/17 03:16:41.092, 132.09 W, 95 %
2026/03/17 03:16:41.195, 132.07 W, 95 %
2026/03/17 03:16:41.295, 132.06 W, 95 %
2026/03/17 03:16:41.395, 132.02 W, 95 %
2026/03/17 03:16:41.495, 132.03 W, 95 %
2026/03/17 03:16:41.595, 132.04 W, 95 %
2026/03/17 03:16:41.696, 132.05 W, 95 %
2026/03/17 03:16:41.796, 132.04 W, 95 %
2026/03/17 03:16:41.896, 132.03 W, 95 %
2026/03/17 03:16:41.996, 132.06 W, 95 %
2026/03/17 03:16:42.096, 132.07 W, 95 %
2026/03/17 03:16:42.196, 132.05 W, 95 %
2026/03/17 03:16:42.297, 132.04 W, 95 %
2026/03/17 03:16:42.397, 132.04 W, 95 %
2026/03/17 03:16:42.497, 132.02 W, 95 %
2026/03/17 03:16:42.597, 131.99 W, 95 %
2026/03/17 03:16:42.697, 131.98 W, 95 %
2026/03/17 03:16:42.797, 131.96 W, 95 %
2026/03/17 03:16:42.898, 131.96 W, 95 %
2026/03/17 03:16:42.998, 131.96 W, 95 %
2026/03/17 03:16:43.098, 131.94 W, 95 %
2026/03/17 03:16:43.198, 131.95 W, 95 %
2026/03/17 03:16:43.298, 131.95 W, 95 %
2026/03/17 03:16:43.398, 131.94 W, 95 %
2026/03/17 03:16:43.499, 131.95 W, 95 %
2026/03/17 03:16:43.599, 131.95 W, 95 %
2026/03/17 03:16:43.699, 131.96 W, 95 %
2026/03/17 03:16:43.799, 131.96 W, 95 %
2026/03/17 03:16:43.899, 131.96 W, 95 %
2026/03/17 03:16:43.999, 131.96 W, 95 %
2026/03/17 03:16:44.100, 131.97 W, 95 %
2026/03/17 03:16:44.200, 131.96 W, 95 %
2026/03/17 03:16:44.300, 131.95 W, 95 %
2026/03/17 03:16:44.400, 131.96 W, 95 %
2026/03/17 03:16:44.500, 131.96 W, 95 %
2026/03/17 03:16:44.600, 131.97 W, 95 %
2026/03/17 03:16:44.701, 131.96 W, 95 %
2026/03/17 03:16:44.801, 131.95 W, 95 %
2026/03/17 03:16:44.901, 131.96 W, 95 %
2026/03/17 03:16:45.001, 131.94 W, 95 %
2026/03/17 03:16:45.101, 131.93 W, 95 %
2026/03/17 03:16:45.201, 131.91 W, 95 %
2026/03/17 03:16:45.302, 131.93 W, 95 %
2026/03/17 03:16:45.402, 131.93 W, 95 %
2026/03/17 03:16:45.502, 131.90 W, 95 %
2026/03/17 03:16:45.602, 131.88 W, 95 %
2026/03/17 03:16:45.702, 131.87 W, 95 %
2026/03/17 03:16:45.803, 131.89 W, 95 %
2026/03/17 03:16:45.903, 131.88 W, 95 %
2026/03/17 03:16:46.003, 131.87 W, 95 %
2026/03/17 03:16:46.103, 131.91 W, 95 %
2026/03/17 03:16:46.203, 131.92 W, 95 %
2026/03/17 03:16:46.303, 131.91 W, 95 %
2026/03/17 03:16:46.404, 131.94 W, 95 %
2026/03/17 03:16:46.504, 131.93 W, 95 %
2026/03/17 03:16:46.604, 131.95 W, 95 %
2026/03/17 03:16:46.704, 131.97 W, 95 %
2026/03/17 03:16:46.804, 131.97 W, 95 %
2026/03/17 03:16:46.904, 131.99 W, 95 %
2026/03/17 03:16:47.005, 132.00 W, 95 %
2026/03/17 03:16:47.105, 131.99 W, 95 %
2026/03/17 03:16:47.205, 131.99 W, 95 %
2026/03/17 03:16:47.305, 132.00 W, 95 %
2026/03/17 03:16:47.405, 131.98 W, 95 %
2026/03/17 03:16:47.505, 132.01 W, 95 %
2026/03/17 03:16:47.606, 132.01 W, 95 %
2026/03/17 03:16:47.706, 132.02 W, 95 %
2026/03/17 03:16:47.806, 132.02 W, 95 %
2026/03/17 03:16:47.906, 132.03 W, 95 %
2026/03/17 03:16:48.006, 132.07 W, 95 %
2026/03/17 03:16:48.106, 132.08 W, 95 %
2026/03/17 03:16:48.207, 132.09 W, 95 %
2026/03/17 03:16:48.307, 132.08 W, 95 %
2026/03/17 03:16:48.407, 132.07 W, 95 %
2026/03/17 03:16:48.507, 132.09 W, 95 %
2026/03/17 03:16:48.607, 132.09 W, 95 %
2026/03/17 03:16:48.708, 132.06 W, 95 %
2026/03/17 03:16:48.808, 132.08 W, 95 %
2026/03/17 03:16:48.908, 132.06 W, 95 %
2026/03/17 03:16:49.008, 132.03 W, 95 %
2026/03/17 03:16:49.108, 132.02 W, 95 %
2026/03/17 03:16:49.208, 132.04 W, 95 %
2026/03/17 03:16:49.309, 132.07 W, 95 %
2026/03/17 03:16:49.409, 132.09 W, 95 %
2026/03/17 03:16:49.509, 132.10 W, 95 %
2026/03/17 03:16:49.609, 132.13 W, 95 %
2026/03/17 03:16:49.709, 132.16 W, 95 %
2026/03/17 03:16:49.809, 132.20 W, 95 %
2026/03/17 03:16:49.910, 132.22 W, 95 %
2026/03/17 03:16:50.010, 132.24 W, 95 %
2026/03/17 03:16:50.110, 132.26 W, 95 %
2026/03/17 03:16:50.210, 132.29 W, 95 %
2026/03/17 03:16:50.310, 132.31 W, 95 %
2026/03/17 03:16:50.411, 132.35 W, 95 %
2026/03/17 03:16:50.511, 132.37 W, 95 %
2026/03/17 03:16:50.611, 132.40 W, 95 %
2026/03/17 03:16:50.711, 132.42 W, 95 %
2026/03/17 03:16:50.811, 132.43 W, 95 %
2026/03/17 03:16:50.911, 132.47 W, 95 %
2026/03/17 03:16:51.012, 132.52 W, 95 %
2026/03/17 03:16:51.112, 132.55 W, 95 %
2026/03/17 03:16:51.212, 132.57 W, 95 %
2026/03/17 03:16:51.312, 132.59 W, 95 %
2026/03/17 03:16:51.412, 132.59 W, 95 %
2026/03/17 03:16:51.512, 132.62 W, 95 %
2026/03/17 03:16:51.613, 132.63 W, 95 %
2026/03/17 03:16:51.713, 132.65 W, 95 %
2026/03/17 03:16:51.813, 132.66 W, 95 %
2026/03/17 03:16:51.913, 132.65 W, 95 %
2026/03/17 03:16:52.013, 132.65 W, 95 %
2026/03/17 03:16:52.113, 132.66 W, 95 %
2026/03/17 03:16:52.214, 132.67 W, 95 %
2026/03/17 03:16:52.314, 132.69 W, 95 %
2026/03/17 03:16:52.414, 132.71 W, 95 %
2026/03/17 03:16:52.514, 132.70 W, 95 %
2026/03/17 03:16:52.614, 132.73 W, 95 %
2026/03/17 03:16:52.714, 132.74 W, 95 %
2026/03/17 03:16:52.815, 132.76 W, 95 %
2026/03/17 03:16:52.915, 132.77 W, 95 %
2026/03/17 03:16:53.015, 132.79 W, 95 %
2026/03/17 03:16:53.115, 132.81 W, 95 %
2026/03/17 03:16:53.215, 132.82 W, 95 %
2026/03/17 03:16:53.315, 132.83 W, 95 %
2026/03/17 03:16:53.416, 132.84 W, 95 %
2026/03/17 03:16:53.516, 132.86 W, 95 %
2026/03/17 03:16:53.616, 132.88 W, 95 %
2026/03/17 03:16:53.716, 132.89 W, 95 %
2026/03/17 03:16:53.816, 132.91 W, 95 %
2026/03/17 03:16:53.916, 132.96 W, 95 %
2026/03/17 03:16:54.017, 132.99 W, 95 %
2026/03/17 03:16:54.117, 133.00 W, 95 %
2026/03/17 03:16:54.217, 133.01 W, 95 %
2026/03/17 03:16:54.317, 133.05 W, 95 %
2026/03/17 03:16:54.417, 133.08 W, 95 %
2026/03/17 03:16:54.517, 133.11 W, 95 %
2026/03/17 03:16:54.618, 133.10 W, 95 %
2026/03/17 03:16:54.718, 133.09 W, 95 %
2026/03/17 03:16:54.818, 133.09 W, 95 %
2026/03/17 03:16:54.918, 133.10 W, 95 %
2026/03/17 03:16:55.018, 133.11 W, 95 %
2026/03/17 03:16:55.118, 133.13 W, 95 %
2026/03/17 03:16:55.219, 133.16 W, 95 %
2026/03/17 03:16:55.319, 133.18 W, 95 %
2026/03/17 03:16:55.419, 133.16 W, 95 %
2026/03/17 03:16:55.519, 133.15 W, 95 %
2026/03/17 03:16:55.619, 133.16 W, 95 %
2026/03/17 03:16:55.719, 133.18 W, 95 %
2026/03/17 03:16:55.820, 133.18 W, 95 %
2026/03/17 03:16:55.920, 133.15 W, 95 %
2026/03/17 03:16:56.020, 133.13 W, 95 %
2026/03/17 03:16:56.120, 133.13 W, 95 %
2026/03/17 03:16:56.220, 133.11 W, 95 %
2026/03/17 03:16:56.320, 133.10 W, 95 %
2026/03/17 03:16:56.421, 133.09 W, 95 %
2026/03/17 03:16:56.521, 133.07 W, 95 %
2026/03/17 03:16:56.621, 133.07 W, 95 %
2026/03/17 03:16:56.721, 133.06 W, 95 %
2026/03/17 03:16:56.821, 133.06 W, 95 %
2026/03/17 03:16:56.921, 133.07 W, 95 %
2026/03/17 03:16:57.022, 133.09 W, 95 %
2026/03/17 03:16:57.122, 133.06 W, 95 %
2026/03/17 03:16:57.222, 133.04 W, 95 %
2026/03/17 03:16:57.322, 133.03 W, 95 %
2026/03/17 03:16:57.422, 133.03 W, 95 %
2026/03/17 03:16:57.523, 133.04 W, 95 %
2026/03/17 03:16:57.623, 133.02 W, 95 %
2026/03/17 03:16:57.723, 133.00 W, 95 %
2026/03/17 03:16:57.823, 132.98 W, 95 %
2026/03/17 03:16:57.923, 132.98 W, 95 %
2026/03/17 03:16:58.023, 132.97 W, 95 %
2026/03/17 03:16:58.124, 132.97 W, 95 %
2026/03/17 03:16:58.224, 132.99 W, 95 %
2026/03/17 03:16:58.324, 133.00 W, 95 %
2026/03/17 03:16:58.424, 132.98 W, 95 %
2026/03/17 03:16:58.524, 132.97 W, 95 %
2026/03/17 03:16:58.624, 132.97 W, 95 %
2026/03/17 03:16:58.725, 132.98 W, 95 %
2026/03/17 03:16:58.825, 132.98 W, 95 %
2026/03/17 03:16:58.925, 132.96 W, 95 %
2026/03/17 03:16:59.025, 132.93 W, 95 %
2026/03/17 03:16:59.125, 132.92 W, 95 %
2026/03/17 03:16:59.226, 132.91 W, 95 %
2026/03/17 03:16:59.326, 132.88 W, 95 %
2026/03/17 03:16:59.426, 132.86 W, 95 %
2026/03/17 03:16:59.526, 132.86 W, 95 %
2026/03/17 03:16:59.626, 132.84 W, 95 %
2026/03/17 03:16:59.726, 132.82 W, 95 %
2026/03/17 03:16:59.827, 132.80 W, 95 %
2026/03/17 03:16:59.927, 132.80 W, 95 %
2026/03/17 03:17:00.027, 132.78 W, 95 %
2026/03/17 03:17:00.127, 132.74 W, 95 %
2026/03/17 03:17:00.227, 132.71 W, 95 %
2026/03/17 03:17:00.327, 132.69 W, 95 %
2026/03/17 03:17:00.428, 132.68 W, 95 %
2026/03/17 03:17:00.528, 132.66 W, 95 %
2026/03/17 03:17:00.628, 132.63 W, 95 %
2026/03/17 03:17:00.728, 132.60 W, 95 %
2026/03/17 03:17:00.828, 132.55 W, 95 %
2026/03/17 03:17:00.928, 132.53 W, 95 %
2026/03/17 03:17:01.029, 132.50 W, 95 %
2026/03/17 03:17:01.129, 132.51 W, 95 %
2026/03/17 03:17:01.229, 132.50 W, 95 %
2026/03/17 03:17:01.329, 132.49 W, 95 %
2026/03/17 03:17:01.429, 132.46 W, 95 %
2026/03/17 03:17:01.530, 132.45 W, 95 %
2026/03/17 03:17:01.630, 132.45 W, 95 %
2026/03/17 03:17:01.730, 132.45 W, 95 %
2026/03/17 03:17:01.830, 132.46 W, 95 %
2026/03/17 03:17:01.930, 132.45 W, 95 %
2026/03/17 03:17:02.030, 132.45 W, 95 %
2026/03/17 03:17:02.131, 132.43 W, 95 %
2026/03/17 03:17:02.231, 132.42 W, 95 %
2026/03/17 03:17:02.331, 132.41 W, 95 %
2026/03/17 03:17:02.431, 132.41 W, 95 %
2026/03/17 03:17:02.531, 132.38 W, 95 %
2026/03/17 03:17:02.631, 132.34 W, 95 %
2026/03/17 03:17:02.732, 132.33 W, 95 %
2026/03/17 03:17:02.832, 132.34 W, 95 %
2026/03/17 03:17:02.932, 132.32 W, 95 %
2026/03/17 03:17:03.032, 132.31 W, 95 %
2026/03/17 03:17:03.132, 132.30 W, 95 %
2026/03/17 03:17:03.232, 132.29 W, 95 %
2026/03/17 03:17:03.333, 132.31 W, 95 %
2026/03/17 03:17:03.433, 132.29 W, 95 %
2026/03/17 03:17:03.533, 132.29 W, 95 %
2026/03/17 03:17:03.633, 132.30 W, 95 %
2026/03/17 03:17:03.733, 132.30 W, 95 %
2026/03/17 03:17:03.833, 132.30 W, 95 %
2026/03/17 03:17:03.934, 132.31 W, 95 %
2026/03/17 03:17:04.034, 132.33 W, 95 %
2026/03/17 03:17:04.134, 132.33 W, 95 %
2026/03/17 03:17:04.234, 132.35 W, 95 %
2026/03/17 03:17:04.334, 132.34 W, 95 %
2026/03/17 03:17:04.434, 132.33 W, 95 %
2026/03/17 03:17:04.535, 132.35 W, 95 %
2026/03/17 03:17:04.635, 132.38 W, 95 %
2026/03/17 03:17:04.735, 132.36 W, 95 %
2026/03/17 03:17:04.835, 132.37 W, 95 %
2026/03/17 03:17:04.935, 132.36 W, 95 %
2026/03/17 03:17:05.035, 132.37 W, 95 %
2026/03/17 03:17:05.135, 132.39 W, 95 %
2026/03/17 03:17:05.236, 132.39 W, 95 %
2026/03/17 03:17:05.336, 132.40 W, 95 %
2026/03/17 03:17:05.436, 132.41 W, 95 %
2026/03/17 03:17:05.536, 132.42 W, 95 %
2026/03/17 03:17:05.636, 132.43 W, 95 %
2026/03/17 03:17:05.736, 132.46 W, 95 %
2026/03/17 03:17:05.837, 132.47 W, 95 %
2026/03/17 03:17:05.937, 132.48 W, 95 %
2026/03/17 03:17:06.037, 132.46 W, 95 %
2026/03/17 03:17:06.137, 132.45 W, 95 %
2026/03/17 03:17:06.237, 132.46 W, 95 %
2026/03/17 03:17:06.338, 132.48 W, 95 %
2026/03/17 03:17:06.438, 132.48 W, 95 %
2026/03/17 03:17:06.538, 132.49 W, 95 %
2026/03/17 03:17:06.638, 132.49 W, 95 %
2026/03/17 03:17:06.738, 132.51 W, 95 %
2026/03/17 03:17:06.838, 132.52 W, 95 %
2026/03/17 03:17:06.939, 132.54 W, 95 %
2026/03/17 03:17:07.039, 132.55 W, 95 %
2026/03/17 03:17:07.139, 132.57 W, 95 %
2026/03/17 03:17:07.239, 132.57 W, 95 %
2026/03/17 03:17:07.339, 132.58 W, 95 %
2026/03/17 03:17:07.439, 132.59 W, 95 %
2026/03/17 03:17:07.540, 132.58 W, 95 %
2026/03/17 03:17:07.640, 132.59 W, 95 %
2026/03/17 03:17:07.740, 132.58 W, 95 %
2026/03/17 03:17:07.840, 132.57 W, 95 %
2026/03/17 03:17:07.940, 132.57 W, 95 %
2026/03/17 03:17:08.040, 132.59 W, 95 %
2026/03/17 03:17:08.141, 132.60 W, 95 %
2026/03/17 03:17:08.241, 132.61 W, 95 %
2026/03/17 03:17:08.341, 132.60 W, 95 %
2026/03/17 03:17:08.441, 132.61 W, 95 %
2026/03/17 03:17:08.541, 132.63 W, 95 %
2026/03/17 03:17:08.641, 132.63 W, 95 %
2026/03/17 03:17:08.742, 132.63 W, 95 %
2026/03/17 03:17:08.842, 132.66 W, 95 %
2026/03/17 03:17:08.942, 132.66 W, 95 %
2026/03/17 03:17:09.042, 132.66 W, 95 %
2026/03/17 03:17:09.142, 132.67 W, 95 %
2026/03/17 03:17:09.242, 132.69 W, 95 %
2026/03/17 03:17:09.343, 132.71 W, 95 %
2026/03/17 03:17:09.443, 132.72 W, 95 %
2026/03/17 03:17:09.543, 132.72 W, 95 %
2026/03/17 03:17:09.643, 132.73 W, 95 %
2026/03/17 03:17:09.743, 132.73 W, 95 %
2026/03/17 03:17:09.844, 132.72 W, 95 %
2026/03/17 03:17:09.944, 132.73 W, 95 %
2026/03/17 03:17:10.044, 132.74 W, 95 %
2026/03/17 03:17:10.144, 132.74 W, 95 %
2026/03/17 03:17:10.244, 132.73 W, 95 %
2026/03/17 03:17:10.344, 132.73 W, 95 %
2026/03/17 03:17:10.445, 132.72 W, 95 %
2026/03/17 03:17:10.545, 132.75 W, 95 %
2026/03/17 03:17:10.645, 132.76 W, 95 %
2026/03/17 03:17:10.745, 132.76 W, 95 %
2026/03/17 03:17:10.845, 132.76 W, 95 %
2026/03/17 03:17:10.945, 132.74 W, 95 %
2026/03/17 03:17:11.046, 132.77 W, 95 %
2026/03/17 03:17:11.146, 132.77 W, 95 %
2026/03/17 03:17:11.246, 132.76 W, 95 %
2026/03/17 03:17:11.346, 132.75 W, 95 %
2026/03/17 03:17:11.446, 132.75 W, 95 %
2026/03/17 03:17:11.546, 132.73 W, 95 %
2026/03/17 03:17:11.647, 132.73 W, 95 %
2026/03/17 03:17:11.747, 132.74 W, 95 %
2026/03/17 03:17:11.847, 132.74 W, 95 %
2026/03/17 03:17:11.947, 132.75 W, 95 %
2026/03/17 03:17:12.047, 132.75 W, 95 %
2026/03/17 03:17:12.147, 132.68 W, 95 %
2026/03/17 03:17:12.248, 132.71 W, 94 %
2026/03/17 03:17:12.348, 132.72 W, 94 %
2026/03/17 03:17:12.448, 132.72 W, 95 %
2026/03/17 03:17:12.548, 132.72 W, 95 %
2026/03/17 03:17:12.648, 132.71 W, 95 %
2026/03/17 03:17:12.748, 132.72 W, 95 %
2026/03/17 03:17:12.849, 132.71 W, 95 %
2026/03/17 03:17:12.949, 132.69 W, 95 %
2026/03/17 03:17:13.049, 132.68 W, 95 %
2026/03/17 03:17:13.149, 132.71 W, 95 %
2026/03/17 03:17:13.249, 132.69 W, 95 %
2026/03/17 03:17:13.349, 132.65 W, 95 %
2026/03/17 03:17:13.450, 132.64 W, 95 %
2026/03/17 03:17:13.550, 132.66 W, 95 %
2026/03/17 03:17:13.650, 132.65 W, 95 %
2026/03/17 03:17:13.750, 132.62 W, 95 %
2026/03/17 03:17:13.850, 132.60 W, 95 %
2026/03/17 03:17:13.950, 132.61 W, 95 %
2026/03/17 03:17:14.051, 132.59 W, 95 %
2026/03/17 03:17:14.151, 132.58 W, 95 %
2026/03/17 03:17:14.251, 132.57 W, 95 %
2026/03/17 03:17:14.351, 132.57 W, 95 %
2026/03/17 03:17:14.451, 132.55 W, 95 %
2026/03/17 03:17:14.551, 132.53 W, 95 %
2026/03/17 03:17:14.652, 132.51 W, 95 %
2026/03/17 03:17:14.752, 132.50 W, 95 %
2026/03/17 03:17:14.852, 132.49 W, 95 %
2026/03/17 03:17:14.952, 132.48 W, 95 %
2026/03/17 03:17:15.052, 132.47 W, 95 %
2026/03/17 03:17:15.152, 132.49 W, 95 %
2026/03/17 03:17:15.253, 132.51 W, 95 %
2026/03/17 03:17:15.353, 132.51 W, 95 %
2026/03/17 03:17:15.453, 132.51 W, 95 %
2026/03/17 03:17:15.553, 132.51 W, 95 %
2026/03/17 03:17:15.653, 132.49 W, 95 %
2026/03/17 03:17:15.753, 132.51 W, 95 %
2026/03/17 03:17:15.854, 132.51 W, 95 %
2026/03/17 03:17:15.954, 132.51 W, 95 %
2026/03/17 03:17:16.054, 132.51 W, 95 %
2026/03/17 03:17:16.154, 132.47 W, 95 %
2026/03/17 03:17:16.254, 132.43 W, 95 %
2026/03/17 03:17:16.354, 132.41 W, 95 %
2026/03/17 03:17:16.455, 132.42 W, 95 %
2026/03/17 03:17:16.555, 132.40 W, 95 %
2026/03/17 03:17:16.655, 132.39 W, 95 %
2026/03/17 03:17:16.755, 132.36 W, 95 %
2026/03/17 03:17:16.855, 132.33 W, 95 %
2026/03/17 03:17:16.955, 132.33 W, 95 %
2026/03/17 03:17:17.056, 132.34 W, 95 %
2026/03/17 03:17:17.156, 132.34 W, 95 %
2026/03/17 03:17:17.256, 132.34 W, 95 %
2026/03/17 03:17:17.356, 132.31 W, 95 %
2026/03/17 03:17:17.456, 132.27 W, 95 %
2026/03/17 03:17:17.557, 132.26 W, 95 %
2026/03/17 03:17:17.657, 132.25 W, 95 %
2026/03/17 03:17:17.757, 132.24 W, 95 %
2026/03/17 03:17:17.857, 132.24 W, 95 %
2026/03/17 03:17:17.957, 132.22 W, 95 %
2026/03/17 03:17:18.057, 132.19 W, 95 %
2026/03/17 03:17:18.158, 132.19 W, 95 %
2026/03/17 03:17:18.258, 132.20 W, 95 %
2026/03/17 03:17:18.358, 132.20 W, 95 %
2026/03/17 03:17:18.458, 132.20 W, 95 %
2026/03/17 03:17:18.558, 132.20 W, 95 %
2026/03/17 03:17:18.658, 132.20 W, 95 %
2026/03/17 03:17:18.759, 132.21 W, 95 %
2026/03/17 03:17:18.859, 132.20 W, 95 %
2026/03/17 03:17:18.959, 132.18 W, 95 %
2026/03/17 03:17:19.059, 132.18 W, 95 %
2026/03/17 03:17:19.159, 132.15 W, 95 %
2026/03/17 03:17:19.259, 132.12 W, 95 %
2026/03/17 03:17:19.360, 132.13 W, 95 %
2026/03/17 03:17:19.460, 132.11 W, 95 %
2026/03/17 03:17:19.560, 132.09 W, 95 %
2026/03/17 03:17:19.660, 132.09 W, 95 %
2026/03/17 03:17:19.760, 132.06 W, 95 %
2026/03/17 03:17:19.861, 132.06 W, 95 %
2026/03/17 03:17:19.961, 132.05 W, 95 %
2026/03/17 03:17:20.061, 132.07 W, 95 %
2026/03/17 03:17:20.161, 132.06 W, 95 %
2026/03/17 03:17:20.261, 132.06 W, 95 %
2026/03/17 03:17:20.361, 132.06 W, 95 %
2026/03/17 03:17:20.462, 132.05 W, 95 %
2026/03/17 03:17:20.562, 132.05 W, 95 %
2026/03/17 03:17:20.662, 132.05 W, 95 %
2026/03/17 03:17:20.762, 132.05 W, 95 %
2026/03/17 03:17:20.862, 132.04 W, 95 %
2026/03/17 03:17:20.962, 132.04 W, 95 %
2026/03/17 03:17:21.063, 132.01 W, 95 %
2026/03/17 03:17:21.163, 132.03 W, 95 %
2026/03/17 03:17:21.263, 132.04 W, 95 %
2026/03/17 03:17:21.363, 132.03 W, 95 %
2026/03/17 03:17:21.463, 132.02 W, 95 %
2026/03/17 03:17:21.563, 132.01 W, 95 %
2026/03/17 03:17:21.664, 132.01 W, 95 %
2026/03/17 03:17:21.764, 132.03 W, 95 %
2026/03/17 03:17:21.864, 132.04 W, 95 %
2026/03/17 03:17:21.964, 132.04 W, 95 %
2026/03/17 03:17:22.064, 132.04 W, 95 %
2026/03/17 03:17:22.164, 132.02 W, 95 %
2026/03/17 03:17:22.265, 132.01 W, 95 %
2026/03/17 03:17:22.365, 132.01 W, 95 %
2026/03/17 03:17:22.465, 132.02 W, 95 %
2026/03/17 03:17:22.565, 132.03 W, 95 %
2026/03/17 03:17:22.665, 132.03 W, 95 %
2026/03/17 03:17:22.765, 132.01 W, 95 %
2026/03/17 03:17:22.866, 131.98 W, 95 %
2026/03/17 03:17:22.966, 131.99 W, 95 %
2026/03/17 03:17:23.066, 131.99 W, 95 %
2026/03/17 03:17:23.166, 131.98 W, 95 %
2026/03/17 03:17:23.266, 131.97 W, 95 %
2026/03/17 03:17:23.366, 131.96 W, 95 %
2026/03/17 03:17:23.467, 131.93 W, 95 %
2026/03/17 03:17:23.567, 131.93 W, 95 %
2026/03/17 03:17:23.667, 131.91 W, 95 %
2026/03/17 03:17:23.767, 131.91 W, 95 %
2026/03/17 03:17:23.867, 131.93 W, 95 %
2026/03/17 03:17:23.967, 131.93 W, 95 %
2026/03/17 03:17:24.068, 131.93 W, 95 %
2026/03/17 03:17:24.168, 131.97 W, 95 %
2026/03/17 03:17:24.268, 131.97 W, 95 %
2026/03/17 03:17:24.368, 131.98 W, 95 %
2026/03/17 03:17:24.468, 131.99 W, 95 %
2026/03/17 03:17:24.568, 132.02 W, 95 %
2026/03/17 03:17:24.669, 132.04 W, 95 %
2026/03/17 03:17:24.769, 132.07 W, 95 %
2026/03/17 03:17:24.869, 132.07 W, 95 %
2026/03/17 03:17:24.969, 132.07 W, 95 %
2026/03/17 03:17:25.069, 132.10 W, 95 %
2026/03/17 03:17:25.169, 132.13 W, 95 %
2026/03/17 03:17:25.270, 132.17 W, 95 %
2026/03/17 03:17:25.370, 132.19 W, 95 %
2026/03/17 03:17:25.470, 132.20 W, 95 %
2026/03/17 03:17:25.570, 132.21 W, 95 %
2026/03/17 03:17:25.670, 132.20 W, 95 %
2026/03/17 03:17:25.771, 132.21 W, 95 %
2026/03/17 03:17:25.871, 132.23 W, 95 %
2026/03/17 03:17:25.971, 132.26 W, 95 %
2026/03/17 03:17:26.071, 132.27 W, 95 %
2026/03/17 03:17:26.171, 132.26 W, 95 %
2026/03/17 03:17:26.271, 132.26 W, 95 %
2026/03/17 03:17:26.372, 132.28 W, 95 %
2026/03/17 03:17:26.472, 132.31 W, 95 %
2026/03/17 03:17:26.572, 132.33 W, 95 %
2026/03/17 03:17:26.672, 132.39 W, 95 %
2026/03/17 03:17:26.772, 132.39 W, 95 %
2026/03/17 03:17:26.872, 132.39 W, 95 %
2026/03/17 03:17:26.973, 132.40 W, 95 %
2026/03/17 03:17:27.073, 132.42 W, 95 %
2026/03/17 03:17:27.173, 132.45 W, 95 %
2026/03/17 03:17:27.275, 132.47 W, 95 %
2026/03/17 03:17:27.375, 132.50 W, 95 %
2026/03/17 03:17:27.475, 132.51 W, 95 %
2026/03/17 03:17:27.575, 132.51 W, 95 %
2026/03/17 03:17:27.675, 132.55 W, 95 %
2026/03/17 03:17:27.775, 132.58 W, 95 %
2026/03/17 03:17:27.876, 132.60 W, 95 %
2026/03/17 03:17:27.976, 132.63 W, 95 %
2026/03/17 03:17:28.076, 132.63 W, 95 %
2026/03/17 03:17:28.176, 132.63 W, 95 %
2026/03/17 03:17:28.276, 132.64 W, 95 %
2026/03/17 03:17:28.376, 132.66 W, 95 %
2026/03/17 03:17:28.477, 132.70 W, 95 %
2026/03/17 03:17:28.577, 132.72 W, 95 %
2026/03/17 03:17:28.677, 132.70 W, 95 %
2026/03/17 03:17:28.777, 132.71 W, 95 %
2026/03/17 03:17:28.877, 132.75 W, 95 %
2026/03/17 03:17:28.977, 132.78 W, 95 %
2026/03/17 03:17:29.078, 132.80 W, 95 %
2026/03/17 03:17:29.178, 132.82 W, 95 %
2026/03/17 03:17:29.278, 132.85 W, 95 %
2026/03/17 03:17:29.378, 132.88 W, 95 %
2026/03/17 03:17:29.478, 132.86 W, 95 %
2026/03/17 03:17:29.578, 132.89 W, 95 %
2026/03/17 03:17:29.679, 132.90 W, 95 %
2026/03/17 03:17:29.779, 132.92 W, 95 %
2026/03/17 03:17:29.879, 132.95 W, 95 %
2026/03/17 03:17:29.979, 132.95 W, 95 %
2026/03/17 03:17:30.079, 132.98 W, 95 %
2026/03/17 03:17:30.179, 133.02 W, 95 %
2026/03/17 03:17:30.280, 133.02 W, 95 %
2026/03/17 03:17:30.380, 133.03 W, 95 %
2026/03/17 03:17:30.480, 133.05 W, 95 %
2026/03/17 03:17:30.580, 133.06 W, 95 %
2026/03/17 03:17:30.680, 133.10 W, 95 %
2026/03/17 03:17:30.780, 133.12 W, 95 %
2026/03/17 03:17:30.881, 133.10 W, 95 %
2026/03/17 03:17:30.981, 133.10 W, 95 %
2026/03/17 03:17:31.081, 133.10 W, 95 %
2026/03/17 03:17:31.181, 133.06 W, 95 %
2026/03/17 03:17:31.281, 133.08 W, 95 %
2026/03/17 03:17:31.382, 133.11 W, 95 %
2026/03/17 03:17:31.482, 133.12 W, 95 %
2026/03/17 03:17:31.582, 133.13 W, 95 %
2026/03/17 03:17:31.682, 133.13 W, 95 %
2026/03/17 03:17:31.782, 133.13 W, 95 %
2026/03/17 03:17:31.882, 133.17 W, 95 %
2026/03/17 03:17:31.983, 133.19 W, 95 %
2026/03/17 03:17:32.083, 133.17 W, 95 %
2026/03/17 03:17:32.183, 133.18 W, 95 %
2026/03/17 03:17:32.283, 133.19 W, 95 %
2026/03/17 03:17:32.383, 133.18 W, 95 %
2026/03/17 03:17:32.484, 133.18 W, 95 %
2026/03/17 03:17:32.584, 133.17 W, 95 %
2026/03/17 03:17:32.684, 133.17 W, 95 %
2026/03/17 03:17:32.784, 133.16 W, 95 %
2026/03/17 03:17:32.884, 133.17 W, 95 %
2026/03/17 03:17:32.984, 133.16 W, 95 %
2026/03/17 03:17:33.085, 133.18 W, 95 %
2026/03/17 03:17:33.185, 133.20 W, 95 %
2026/03/17 03:17:33.285, 133.19 W, 95 %
2026/03/17 03:17:33.385, 133.16 W, 95 %
2026/03/17 03:17:33.485, 133.16 W, 95 %
2026/03/17 03:17:33.585, 133.15 W, 95 %
2026/03/17 03:17:33.686, 133.15 W, 95 %
2026/03/17 03:17:33.786, 133.15 W, 95 %
2026/03/17 03:17:33.886, 133.12 W, 95 %
2026/03/17 03:17:33.986, 133.12 W, 95 %
2026/03/17 03:17:34.086, 133.10 W, 95 %
2026/03/17 03:17:34.186, 133.09 W, 95 %
2026/03/17 03:17:34.287, 133.10 W, 95 %
2026/03/17 03:17:34.387, 133.10 W, 95 %
2026/03/17 03:17:34.487, 133.09 W, 95 %
2026/03/17 03:17:34.587, 133.09 W, 95 %
2026/03/17 03:17:34.687, 133.07 W, 95 %
2026/03/17 03:17:34.787, 133.06 W, 95 %
2026/03/17 03:17:34.888, 133.07 W, 95 %
2026/03/17 03:17:34.988, 133.04 W, 95 %
2026/03/17 03:17:35.088, 133.02 W, 95 %
2026/03/17 03:17:35.188, 133.00 W, 95 %
2026/03/17 03:17:35.288, 132.98 W, 95 %
2026/03/17 03:17:35.388, 132.97 W, 95 %
2026/03/17 03:17:35.489, 132.94 W, 95 %
2026/03/17 03:17:35.589, 132.91 W, 95 %
2026/03/17 03:17:35.689, 132.88 W, 95 %
2026/03/17 03:17:35.789, 132.85 W, 95 %
2026/03/17 03:17:35.889, 132.84 W, 95 %
2026/03/17 03:17:35.989, 132.84 W, 95 %
2026/03/17 03:17:36.090, 132.80 W, 95 %
2026/03/17 03:17:36.190, 132.80 W, 95 %
2026/03/17 03:17:36.290, 132.77 W, 95 %
2026/03/17 03:17:36.390, 132.75 W, 95 %
2026/03/17 03:17:36.490, 132.74 W, 95 %
2026/03/17 03:17:36.590, 132.76 W, 95 %
2026/03/17 03:17:36.691, 132.76 W, 95 %
2026/03/17 03:17:36.791, 132.74 W, 95 %
2026/03/17 03:17:36.891, 132.70 W, 95 %
2026/03/17 03:17:36.991, 132.69 W, 95 %
2026/03/17 03:17:37.091, 132.67 W, 95 %
2026/03/17 03:17:37.191, 132.64 W, 95 %
2026/03/17 03:17:37.292, 132.62 W, 95 %
2026/03/17 03:17:37.392, 132.59 W, 95 %
2026/03/17 03:17:37.492, 132.58 W, 95 %
2026/03/17 03:17:37.592, 132.55 W, 95 %
2026/03/17 03:17:37.692, 132.52 W, 95 %
2026/03/17 03:17:37.793, 132.51 W, 95 %
2026/03/17 03:17:37.893, 132.51 W, 95 %
2026/03/17 03:17:37.993, 132.50 W, 95 %
2026/03/17 03:17:38.093, 132.48 W, 95 %
2026/03/17 03:17:38.193, 132.48 W, 95 %
2026/03/17 03:17:38.293, 132.49 W, 95 %
2026/03/17 03:17:38.394, 132.51 W, 95 %
2026/03/17 03:17:38.494, 132.50 W, 95 %
2026/03/17 03:17:38.594, 132.47 W, 95 %
2026/03/17 03:17:38.694, 132.45 W, 95 %
2026/03/17 03:17:38.794, 132.46 W, 95 %
2026/03/17 03:17:38.894, 132.45 W, 95 %
2026/03/17 03:17:38.995, 132.45 W, 95 %
2026/03/17 03:17:39.095, 132.46 W, 95 %
2026/03/17 03:17:39.195, 132.45 W, 95 %
2026/03/17 03:17:39.295, 132.43 W, 95 %
2026/03/17 03:17:39.395, 132.43 W, 95 %
2026/03/17 03:17:39.495, 132.42 W, 95 %
2026/03/17 03:17:39.596, 132.43 W, 95 %
2026/03/17 03:17:39.696, 132.43 W, 95 %
2026/03/17 03:17:39.796, 132.41 W, 95 %
2026/03/17 03:17:39.896, 132.41 W, 95 %
2026/03/17 03:17:39.996, 132.42 W, 95 %
2026/03/17 03:17:40.097, 132.41 W, 95 %
2026/03/17 03:17:40.197, 132.40 W, 95 %
2026/03/17 03:17:40.297, 132.42 W, 95 %
2026/03/17 03:17:40.397, 132.40 W, 95 %
2026/03/17 03:17:40.497, 132.38 W, 95 %
2026/03/17 03:17:40.597, 132.38 W, 95 %
2026/03/17 03:17:40.698, 132.38 W, 95 %
2026/03/17 03:17:40.798, 132.39 W, 95 %
2026/03/17 03:17:40.898, 132.38 W, 95 %
2026/03/17 03:17:40.998, 132.37 W, 95 %
2026/03/17 03:17:41.098, 132.36 W, 95 %
2026/03/17 03:17:41.198, 132.35 W, 95 %
2026/03/17 03:17:41.299, 132.36 W, 95 %
2026/03/17 03:17:41.399, 132.39 W, 95 %
2026/03/17 03:17:41.499, 132.39 W, 95 %
2026/03/17 03:17:41.599, 132.38 W, 95 %
2026/03/17 03:17:41.699, 132.38 W, 95 %
2026/03/17 03:17:41.799, 132.38 W, 95 %
2026/03/17 03:17:41.900, 132.40 W, 95 %
2026/03/17 03:17:42.000, 132.42 W, 95 %
2026/03/17 03:17:42.100, 132.45 W, 95 %
2026/03/17 03:17:42.200, 132.48 W, 95 %
2026/03/17 03:17:42.300, 132.47 W, 95 %
2026/03/17 03:17:42.400, 132.48 W, 95 %
2026/03/17 03:17:42.501, 132.52 W, 95 %
2026/03/17 03:17:42.601, 132.54 W, 95 %
2026/03/17 03:17:42.701, 132.55 W, 95 %
2026/03/17 03:17:42.801, 132.56 W, 95 %
2026/03/17 03:17:42.901, 132.57 W, 95 %
2026/03/17 03:17:43.001, 132.56 W, 95 %
2026/03/17 03:17:43.102, 132.57 W, 95 %
2026/03/17 03:17:43.202, 132.57 W, 95 %
2026/03/17 03:17:43.302, 132.56 W, 95 %
2026/03/17 03:17:43.402, 132.56 W, 95 %
2026/03/17 03:17:43.502, 132.55 W, 95 %
2026/03/17 03:17:43.602, 132.57 W, 95 %
2026/03/17 03:17:43.703, 132.61 W, 95 %
2026/03/17 03:17:43.803, 132.61 W, 95 %
2026/03/17 03:17:43.903, 132.61 W, 95 %
2026/03/17 03:17:44.003, 132.62 W, 95 %
2026/03/17 03:17:44.103, 132.62 W, 95 %
2026/03/17 03:17:44.203, 132.62 W, 95 %
2026/03/17 03:17:44.304, 132.63 W, 95 %
2026/03/17 03:17:44.404, 132.65 W, 95 %
2026/03/17 03:17:44.504, 132.65 W, 95 %
2026/03/17 03:17:44.604, 132.63 W, 95 %
2026/03/17 03:17:44.704, 132.62 W, 95 %
2026/03/17 03:17:44.804, 132.63 W, 95 %
2026/03/17 03:17:44.905, 132.63 W, 95 %
2026/03/17 03:17:45.005, 132.64 W, 95 %
2026/03/17 03:17:45.105, 132.63 W, 95 %
2026/03/17 03:17:45.205, 132.65 W, 95 %
2026/03/17 03:17:45.305, 132.65 W, 95 %
2026/03/17 03:17:45.405, 132.66 W, 95 %
2026/03/17 03:17:45.506, 132.68 W, 95 %
2026/03/17 03:17:45.606, 132.70 W, 95 %
2026/03/17 03:17:45.706, 132.72 W, 95 %
2026/03/17 03:17:45.806, 132.71 W, 95 %
2026/03/17 03:17:45.906, 132.72 W, 95 %
2026/03/17 03:17:46.006, 132.73 W, 95 %
2026/03/17 03:17:46.107, 132.75 W, 95 %
2026/03/17 03:17:46.207, 132.76 W, 95 %
2026/03/17 03:17:46.307, 132.76 W, 95 %
2026/03/17 03:17:46.407, 132.76 W, 95 %
2026/03/17 03:17:46.507, 132.76 W, 95 %
2026/03/17 03:17:46.608, 132.74 W, 95 %
2026/03/17 03:17:46.708, 132.73 W, 95 %
2026/03/17 03:17:46.808, 132.72 W, 95 %
2026/03/17 03:17:46.908, 132.71 W, 95 %
2026/03/17 03:17:47.008, 132.72 W, 95 %
2026/03/17 03:17:47.108, 132.72 W, 95 %
2026/03/17 03:17:47.209, 132.72 W, 95 %
2026/03/17 03:17:47.309, 132.73 W, 95 %
2026/03/17 03:17:47.409, 132.73 W, 95 %
2026/03/17 03:17:47.509, 132.74 W, 95 %
2026/03/17 03:17:47.609, 132.74 W, 95 %
2026/03/17 03:17:47.709, 132.74 W, 95 %
2026/03/17 03:17:47.810, 132.76 W, 95 %
2026/03/17 03:17:47.910, 132.77 W, 95 %
2026/03/17 03:17:48.010, 132.76 W, 95 %
2026/03/17 03:17:48.110, 132.74 W, 95 %
2026/03/17 03:17:48.210, 132.73 W, 95 %
2026/03/17 03:17:48.310, 132.73 W, 95 %
2026/03/17 03:17:48.411, 132.73 W, 95 %
2026/03/17 03:17:48.511, 132.71 W, 95 %
2026/03/17 03:17:48.611, 132.71 W, 95 %
2026/03/17 03:17:48.711, 132.71 W, 95 %
2026/03/17 03:17:48.811, 132.69 W, 95 %
2026/03/17 03:17:48.912, 132.69 W, 95 %
2026/03/17 03:17:49.012, 132.71 W, 95 %
2026/03/17 03:17:49.112, 132.72 W, 95 %
2026/03/17 03:17:49.212, 132.71 W, 95 %
2026/03/17 03:17:49.312, 132.70 W, 95 %
2026/03/17 03:17:49.412, 132.67 W, 95 %
2026/03/17 03:17:49.513, 132.67 W, 95 %
2026/03/17 03:17:49.613, 132.66 W, 95 %
2026/03/17 03:17:49.713, 132.66 W, 95 %
2026/03/17 03:17:49.813, 132.67 W, 95 %
2026/03/17 03:17:49.913, 132.66 W, 95 %
2026/03/17 03:17:50.013, 132.66 W, 95 %
2026/03/17 03:17:50.114, 132.65 W, 95 %
2026/03/17 03:17:50.214, 132.66 W, 95 %
2026/03/17 03:17:50.314, 132.67 W, 95 %
2026/03/17 03:17:50.414, 132.67 W, 95 %
2026/03/17 03:17:50.514, 132.65 W, 95 %
2026/03/17 03:17:50.614, 132.64 W, 95 %
2026/03/17 03:17:50.715, 132.62 W, 95 %
2026/03/17 03:17:50.815, 132.60 W, 95 %
2026/03/17 03:17:50.915, 132.60 W, 95 %
2026/03/17 03:17:51.015, 132.57 W, 95 %
2026/03/17 03:17:51.115, 132.53 W, 95 %
2026/03/17 03:17:51.215, 132.50 W, 95 %
2026/03/17 03:17:51.316, 132.46 W, 95 %
2026/03/17 03:17:51.416, 132.46 W, 95 %
2026/03/17 03:17:51.516, 132.46 W, 95 %
2026/03/17 03:17:51.616, 132.45 W, 95 %
2026/03/17 03:17:51.716, 132.44 W, 95 %
2026/03/17 03:17:51.816, 132.43 W, 95 %
2026/03/17 03:17:51.917, 132.41 W, 95 %
2026/03/17 03:17:52.017, 132.41 W, 95 %
2026/03/17 03:17:52.117, 132.40 W, 95 %
2026/03/17 03:17:52.217, 132.40 W, 95 %
2026/03/17 03:17:52.317, 132.38 W, 95 %
2026/03/17 03:17:52.418, 132.38 W, 95 %
2026/03/17 03:17:52.518, 132.39 W, 95 %
2026/03/17 03:17:52.618, 132.38 W, 95 %
2026/03/17 03:17:52.718, 132.38 W, 95 %
2026/03/17 03:17:52.818, 132.35 W, 95 %
2026/03/17 03:17:52.918, 132.33 W, 95 %
2026/03/17 03:17:53.019, 132.33 W, 95 %
2026/03/17 03:17:53.119, 132.32 W, 95 %
2026/03/17 03:17:53.219, 132.32 W, 95 %
2026/03/17 03:17:53.319, 132.35 W, 95 %
2026/03/17 03:17:53.419, 132.33 W, 95 %
2026/03/17 03:17:53.519, 132.32 W, 95 %
2026/03/17 03:17:53.620, 132.31 W, 95 %
2026/03/17 03:17:53.720, 132.29 W, 95 %
2026/03/17 03:17:53.820, 132.30 W, 95 %
2026/03/17 03:17:53.920, 132.29 W, 95 %
2026/03/17 03:17:54.020, 132.29 W, 95 %
2026/03/17 03:17:54.120, 132.28 W, 95 %
2026/03/17 03:17:54.221, 132.26 W, 95 %
2026/03/17 03:17:54.321, 132.24 W, 95 %
2026/03/17 03:17:54.421, 132.24 W, 95 %
2026/03/17 03:17:54.521, 132.23 W, 95 %
2026/03/17 03:17:54.621, 132.22 W, 95 %
2026/03/17 03:17:54.721, 132.21 W, 95 %
2026/03/17 03:17:54.822, 132.21 W, 95 %
2026/03/17 03:17:54.922, 132.23 W, 95 %
2026/03/17 03:17:55.022, 132.22 W, 95 %
2026/03/17 03:17:55.122, 132.21 W, 95 %
2026/03/17 03:17:55.222, 132.21 W, 95 %
2026/03/17 03:17:55.322, 132.19 W, 95 %
2026/03/17 03:17:55.423, 132.18 W, 95 %
2026/03/17 03:17:55.523, 132.17 W, 95 %
2026/03/17 03:17:55.623, 132.16 W, 95 %
2026/03/17 03:17:55.723, 132.15 W, 95 %
2026/03/17 03:17:55.823, 132.14 W, 95 %
2026/03/17 03:17:55.923, 132.11 W, 95 %
2026/03/17 03:17:56.024, 132.11 W, 95 %
2026/03/17 03:17:56.124, 132.11 W, 95 %
2026/03/17 03:17:56.224, 132.09 W, 95 %
2026/03/17 03:17:56.324, 132.09 W, 95 %
2026/03/17 03:17:56.424, 132.07 W, 95 %
2026/03/17 03:17:56.525, 132.05 W, 95 %
2026/03/17 03:17:56.625, 132.03 W, 95 %
2026/03/17 03:17:56.725, 132.02 W, 95 %
2026/03/17 03:17:56.825, 131.99 W, 95 %
2026/03/17 03:17:56.925, 131.96 W, 95 %
2026/03/17 03:17:57.025, 131.95 W, 95 %
2026/03/17 03:17:57.126, 131.94 W, 95 %
2026/03/17 03:17:57.226, 131.93 W, 95 %
2026/03/17 03:17:57.326, 131.93 W, 95 %
2026/03/17 03:17:57.426, 131.93 W, 95 %
2026/03/17 03:17:57.526, 131.93 W, 95 %
2026/03/17 03:17:57.626, 131.94 W, 95 %
2026/03/17 03:17:57.727, 131.94 W, 95 %
2026/03/17 03:17:57.827, 131.96 W, 95 %
2026/03/17 03:17:57.927, 131.98 W, 95 %
2026/03/17 03:17:58.027, 131.99 W, 95 %
2026/03/17 03:17:58.127, 131.99 W, 95 %
2026/03/17 03:17:58.227, 132.00 W, 95 %
2026/03/17 03:17:58.328, 131.99 W, 95 %
2026/03/17 03:17:58.428, 132.00 W, 95 %
2026/03/17 03:17:58.528, 132.00 W, 95 %
2026/03/17 03:17:58.628, 132.00 W, 95 %
2026/03/17 03:17:58.728, 132.00 W, 95 %
2026/03/17 03:17:58.829, 131.99 W, 95 %
2026/03/17 03:17:58.929, 131.99 W, 95 %
2026/03/17 03:17:59.029, 131.98 W, 95 %
2026/03/17 03:17:59.129, 131.99 W, 95 %
2026/03/17 03:17:59.229, 131.97 W, 95 %
2026/03/17 03:17:59.329, 131.99 W, 95 %
2026/03/17 03:17:59.430, 131.98 W, 95 %
2026/03/17 03:17:59.530, 131.97 W, 95 %
2026/03/17 03:17:59.630, 131.96 W, 95 %
2026/03/17 03:17:59.730, 131.98 W, 95 %
2026/03/17 03:17:59.830, 131.98 W, 95 %
2026/03/17 03:17:59.930, 131.97 W, 95 %
2026/03/17 03:18:00.031, 131.96 W, 95 %
2026/03/17 03:18:00.131, 131.98 W, 95 %
2026/03/17 03:18:00.231, 132.00 W, 95 %
2026/03/17 03:18:00.331, 132.02 W, 95 %
2026/03/17 03:18:00.431, 132.02 W, 95 %
2026/03/17 03:18:00.531, 132.04 W, 95 %
2026/03/17 03:18:00.632, 132.04 W, 95 %
2026/03/17 03:18:00.732, 132.04 W, 95 %
2026/03/17 03:18:00.832, 132.05 W, 95 %
2026/03/17 03:18:00.932, 132.07 W, 95 %
2026/03/17 03:18:01.032, 132.08 W, 95 %
2026/03/17 03:18:01.132, 132.07 W, 95 %
2026/03/17 03:18:01.233, 132.06 W, 95 %
2026/03/17 03:18:01.333, 132.06 W, 95 %
2026/03/17 03:18:01.433, 132.06 W, 95 %
2026/03/17 03:18:01.533, 132.07 W, 95 %
2026/03/17 03:18:01.633, 132.05 W, 95 %
2026/03/17 03:18:01.734, 132.05 W, 95 %
2026/03/17 03:18:01.834, 132.05 W, 95 %
2026/03/17 03:18:01.934, 132.06 W, 95 %
2026/03/17 03:18:02.034, 132.08 W, 95 %
2026/03/17 03:18:02.134, 132.11 W, 95 %
2026/03/17 03:18:02.234, 132.12 W, 95 %
2026/03/17 03:18:02.335, 132.12 W, 95 %
2026/03/17 03:18:02.435, 132.15 W, 95 %
2026/03/17 03:18:02.535, 132.17 W, 95 %
2026/03/17 03:18:02.635, 132.23 W, 95 %
2026/03/17 03:18:02.735, 132.26 W, 95 %
2026/03/17 03:18:02.835, 132.27 W, 95 %
2026/03/17 03:18:02.936, 132.29 W, 95 %
2026/03/17 03:18:03.036, 132.30 W, 95 %
2026/03/17 03:18:03.136, 132.30 W, 95 %
2026/03/17 03:18:03.236, 132.33 W, 95 %
2026/03/17 03:18:03.336, 132.37 W, 95 %
2026/03/17 03:18:03.437, 132.38 W, 95 %
2026/03/17 03:18:03.537, 132.40 W, 95 %
2026/03/17 03:18:03.637, 132.39 W, 95 %
2026/03/17 03:18:03.737, 132.41 W, 95 %
2026/03/17 03:18:03.837, 132.44 W, 95 %
2026/03/17 03:18:03.937, 132.50 W, 95 %
2026/03/17 03:18:04.038, 132.54 W, 95 %
2026/03/17 03:18:04.138, 132.56 W, 95 %
2026/03/17 03:18:04.238, 132.57 W, 95 %
2026/03/17 03:18:04.338, 132.57 W, 95 %
2026/03/17 03:18:04.438, 132.59 W, 95 %
2026/03/17 03:18:04.538, 132.63 W, 95 %
2026/03/17 03:18:04.639, 132.64 W, 95 %
2026/03/17 03:18:04.739, 132.66 W, 95 %
2026/03/17 03:18:04.839, 132.68 W, 95 %
2026/03/17 03:18:04.939, 132.71 W, 95 %
2026/03/17 03:18:05.039, 132.71 W, 95 %
2026/03/17 03:18:05.139, 132.74 W, 95 %
2026/03/17 03:18:05.239, 132.76 W, 95 %
2026/03/17 03:18:05.340, 132.80 W, 95 %
2026/03/17 03:18:05.440, 132.79 W, 95 %
2026/03/17 03:18:05.540, 132.77 W, 95 %
2026/03/17 03:18:05.640, 132.79 W, 95 %
2026/03/17 03:18:05.740, 132.81 W, 95 %
2026/03/17 03:18:05.841, 132.80 W, 95 %
2026/03/17 03:18:05.941, 132.77 W, 95 %
2026/03/17 03:18:06.041, 132.77 W, 95 %
2026/03/17 03:18:06.141, 132.78 W, 95 %
2026/03/17 03:18:06.241, 132.81 W, 95 %
2026/03/17 03:18:06.341, 132.82 W, 95 %
2026/03/17 03:18:06.442, 132.87 W, 95 %
2026/03/17 03:18:06.542, 132.90 W, 95 %
2026/03/17 03:18:06.642, 132.93 W, 95 %
2026/03/17 03:18:06.742, 132.95 W, 95 %
2026/03/17 03:18:06.842, 133.01 W, 95 %
2026/03/17 03:18:06.942, 133.04 W, 95 %
2026/03/17 03:18:07.043, 133.05 W, 95 %
2026/03/17 03:18:07.143, 133.07 W, 95 %
2026/03/17 03:18:07.243, 133.06 W, 95 %
2026/03/17 03:18:07.343, 133.05 W, 95 %
2026/03/17 03:18:07.443, 133.05 W, 95 %
2026/03/17 03:18:07.543, 133.05 W, 95 %
2026/03/17 03:18:07.644, 133.05 W, 95 %
2026/03/17 03:18:07.744, 133.07 W, 95 %
2026/03/17 03:18:07.844, 133.07 W, 95 %
2026/03/17 03:18:07.944, 133.12 W, 95 %
2026/03/17 03:18:08.044, 133.14 W, 95 %
2026/03/17 03:18:08.145, 133.15 W, 95 %
2026/03/17 03:18:08.245, 133.18 W, 95 %
2026/03/17 03:18:08.345, 133.21 W, 95 %
2026/03/17 03:18:08.445, 133.21 W, 95 %
2026/03/17 03:18:08.545, 133.23 W, 95 %
2026/03/17 03:18:08.645, 133.25 W, 95 %
2026/03/17 03:18:08.746, 133.27 W, 95 %
2026/03/17 03:18:08.846, 133.26 W, 95 %
2026/03/17 03:18:08.946, 133.22 W, 95 %
2026/03/17 03:18:09.046, 133.20 W, 95 %
2026/03/17 03:18:09.146, 133.21 W, 95 %
2026/03/17 03:18:09.246, 133.21 W, 95 %
2026/03/17 03:18:09.347, 133.20 W, 95 %
2026/03/17 03:18:09.447, 133.18 W, 95 %
2026/03/17 03:18:09.547, 133.18 W, 95 %
2026/03/17 03:18:09.647, 133.19 W, 95 %
2026/03/17 03:18:09.747, 133.15 W, 95 %
2026/03/17 03:18:09.847, 133.12 W, 95 %
2026/03/17 03:18:09.948, 133.14 W, 95 %
2026/03/17 03:18:10.048, 133.14 W, 95 %
2026/03/17 03:18:10.148, 133.12 W, 95 %
2026/03/17 03:18:10.248, 133.10 W, 95 %
2026/03/17 03:18:10.348, 133.09 W, 95 %
2026/03/17 03:18:10.449, 133.07 W, 95 %
2026/03/17 03:18:10.549, 133.06 W, 95 %
2026/03/17 03:18:10.649, 133.03 W, 95 %
2026/03/17 03:18:10.749, 133.03 W, 95 %
2026/03/17 03:18:10.849, 133.06 W, 95 %
2026/03/17 03:18:10.949, 133.06 W, 95 %
2026/03/17 03:18:11.050, 133.06 W, 95 %
2026/03/17 03:18:11.150, 133.06 W, 95 %
2026/03/17 03:18:11.250, 133.07 W, 95 %
2026/03/17 03:18:11.350, 133.07 W, 95 %
2026/03/17 03:18:11.450, 133.07 W, 95 %
2026/03/17 03:18:11.550, 133.06 W, 95 %
2026/03/17 03:18:11.651, 133.06 W, 95 %
2026/03/17 03:18:11.751, 133.05 W, 95 %
2026/03/17 03:18:11.851, 133.00 W, 95 %
2026/03/17 03:18:11.951, 132.96 W, 95 %
2026/03/17 03:18:12.051, 132.93 W, 95 %
2026/03/17 03:18:12.152, 132.92 W, 95 %
2026/03/17 03:18:12.252, 132.93 W, 95 %
2026/03/17 03:18:12.352, 132.87 W, 93 %
2026/03/17 03:18:12.452, 132.85 W, 93 %
2026/03/17 03:18:12.552, 132.84 W, 95 %
2026/03/17 03:18:12.652, 132.81 W, 95 %
2026/03/17 03:18:12.753, 132.80 W, 95 %
2026/03/17 03:18:12.853, 132.80 W, 95 %
2026/03/17 03:18:12.953, 132.82 W, 95 %
2026/03/17 03:18:13.053, 132.79 W, 95 %
2026/03/17 03:18:13.153, 132.76 W, 95 %
2026/03/17 03:18:13.253, 132.70 W, 95 %
2026/03/17 03:18:13.354, 132.72 W, 95 %
2026/03/17 03:18:13.455, 132.70 W, 95 %
2026/03/17 03:18:13.555, 132.68 W, 95 %
2026/03/17 03:18:13.655, 132.68 W, 95 %
2026/03/17 03:18:13.755, 132.66 W, 95 %
2026/03/17 03:18:13.855, 132.63 W, 95 %
2026/03/17 03:18:13.955, 132.61 W, 95 %
2026/03/17 03:18:14.055, 132.61 W, 95 %
2026/03/17 03:18:14.156, 132.61 W, 95 %
2026/03/17 03:18:14.256, 132.60 W, 95 %
2026/03/17 03:18:14.356, 132.59 W, 95 %
2026/03/17 03:18:14.456, 132.59 W, 95 %
2026/03/17 03:18:14.556, 132.57 W, 95 %
2026/03/17 03:18:14.656, 132.57 W, 95 %
2026/03/17 03:18:14.757, 132.55 W, 95 %
2026/03/17 03:18:14.857, 132.55 W, 95 %
2026/03/17 03:18:14.957, 132.53 W, 95 %
2026/03/17 03:18:15.057, 132.53 W, 95 %
2026/03/17 03:18:15.157, 132.53 W, 95 %
2026/03/17 03:18:15.257, 132.54 W, 95 %
2026/03/17 03:18:15.358, 132.54 W, 95 %
2026/03/17 03:18:15.458, 132.52 W, 95 %
2026/03/17 03:18:15.558, 132.52 W, 95 %
2026/03/17 03:18:15.658, 132.52 W, 95 %
2026/03/17 03:18:15.758, 132.51 W, 95 %
2026/03/17 03:18:15.859, 132.51 W, 95 %
2026/03/17 03:18:15.959, 132.51 W, 95 %
2026/03/17 03:18:16.059, 132.49 W, 95 %
2026/03/17 03:18:16.159, 132.47 W, 95 %
2026/03/17 03:18:16.259, 132.44 W, 95 %
2026/03/17 03:18:16.359, 132.43 W, 95 %
2026/03/17 03:18:16.460, 132.44 W, 95 %
2026/03/17 03:18:16.560, 132.43 W, 95 %
2026/03/17 03:18:16.660, 132.43 W, 95 %
2026/03/17 03:18:16.760, 132.42 W, 95 %
2026/03/17 03:18:16.860, 132.41 W, 95 %
2026/03/17 03:18:16.960, 132.42 W, 95 %
2026/03/17 03:18:17.061, 132.42 W, 95 %
2026/03/17 03:18:17.161, 132.43 W, 95 %
2026/03/17 03:18:17.261, 132.43 W, 95 %
2026/03/17 03:18:17.361, 132.43 W, 95 %
2026/03/17 03:18:17.461, 132.43 W, 95 %
2026/03/17 03:18:17.561, 132.43 W, 95 %
2026/03/17 03:18:17.662, 132.42 W, 95 %
2026/03/17 03:18:17.762, 132.44 W, 95 %
2026/03/17 03:18:17.862, 132.42 W, 95 %
2026/03/17 03:18:17.962, 132.41 W, 95 %
2026/03/17 03:18:18.062, 132.39 W, 95 %
2026/03/17 03:18:18.162, 132.41 W, 95 %
2026/03/17 03:18:18.263, 132.43 W, 95 %
2026/03/17 03:18:18.363, 132.42 W, 95 %
2026/03/17 03:18:18.463, 132.40 W, 95 %
2026/03/17 03:18:18.563, 132.41 W, 95 %
2026/03/17 03:18:18.663, 132.42 W, 95 %
2026/03/17 03:18:18.763, 132.42 W, 95 %
2026/03/17 03:18:18.864, 132.45 W, 95 %
2026/03/17 03:18:18.964, 132.45 W, 95 %
2026/03/17 03:18:19.064, 132.48 W, 95 %
2026/03/17 03:18:19.164, 132.48 W, 95 %
2026/03/17 03:18:19.264, 132.47 W, 95 %
2026/03/17 03:18:19.365, 132.50 W, 95 %
2026/03/17 03:18:19.465, 132.50 W, 95 %
2026/03/17 03:18:19.565, 132.50 W, 95 %
2026/03/17 03:18:19.665, 132.51 W, 95 %
2026/03/17 03:18:19.765, 132.54 W, 95 %
2026/03/17 03:18:19.865, 132.55 W, 95 %
2026/03/17 03:18:19.966, 132.58 W, 95 %
2026/03/17 03:18:20.066, 132.57 W, 95 %
2026/03/17 03:18:20.166, 132.58 W, 95 %
2026/03/17 03:18:20.266, 132.58 W, 95 %
2026/03/17 03:18:20.366, 132.59 W, 95 %
2026/03/17 03:18:20.466, 132.62 W, 95 %
2026/03/17 03:18:20.567, 132.64 W, 95 %
2026/03/17 03:18:20.667, 132.65 W, 95 %
2026/03/17 03:18:20.767, 132.63 W, 95 %
2026/03/17 03:18:20.867, 132.62 W, 95 %
2026/03/17 03:18:20.967, 132.61 W, 95 %
2026/03/17 03:18:21.068, 132.65 W, 95 %
2026/03/17 03:18:21.168, 132.66 W, 95 %
2026/03/17 03:18:21.268, 132.67 W, 95 %
2026/03/17 03:18:21.368, 132.65 W, 95 %
2026/03/17 03:18:21.468, 132.65 W, 95 %
2026/03/17 03:18:21.568, 132.64 W, 95 %
2026/03/17 03:18:21.669, 132.64 W, 95 %
2026/03/17 03:18:21.769, 132.65 W, 95 %
2026/03/17 03:18:21.869, 132.64 W, 95 %
2026/03/17 03:18:21.969, 132.66 W, 95 %
2026/03/17 03:18:22.069, 132.65 W, 95 %
2026/03/17 03:18:22.170, 132.64 W, 95 %
2026/03/17 03:18:22.270, 132.67 W, 95 %
2026/03/17 03:18:22.370, 132.70 W, 95 %
2026/03/17 03:18:22.470, 132.71 W, 95 %
2026/03/17 03:18:22.570, 132.71 W, 95 %
2026/03/17 03:18:22.670, 132.73 W, 95 %
2026/03/17 03:18:22.770, 132.75 W, 95 %
2026/03/17 03:18:22.871, 132.77 W, 95 %
2026/03/17 03:18:22.971, 132.78 W, 95 %
2026/03/17 03:18:23.071, 132.79 W, 95 %
2026/03/17 03:18:23.171, 132.79 W, 95 %
2026/03/17 03:18:23.271, 132.79 W, 95 %
2026/03/17 03:18:23.372, 132.78 W, 95 %
2026/03/17 03:18:23.472, 132.81 W, 95 %
2026/03/17 03:18:23.572, 132.82 W, 95 %
2026/03/17 03:18:23.672, 132.82 W, 95 %
2026/03/17 03:18:23.772, 132.79 W, 95 %
2026/03/17 03:18:23.872, 132.78 W, 95 %
2026/03/17 03:18:23.973, 132.76 W, 95 %
2026/03/17 03:18:24.073, 132.77 W, 95 %
2026/03/17 03:18:24.173, 132.79 W, 95 %
2026/03/17 03:18:24.273, 132.78 W, 95 %
2026/03/17 03:18:24.373, 132.76 W, 95 %
2026/03/17 03:18:24.473, 132.75 W, 95 %
2026/03/17 03:18:24.574, 132.74 W, 95 %
2026/03/17 03:18:24.674, 132.74 W, 95 %
2026/03/17 03:18:24.774, 132.77 W, 95 %
2026/03/17 03:18:24.874, 132.76 W, 95 %
2026/03/17 03:18:24.974, 132.76 W, 95 %
2026/03/17 03:18:25.074, 132.74 W, 95 %
2026/03/17 03:18:25.175, 132.72 W, 95 %
2026/03/17 03:18:25.275, 132.74 W, 95 %
2026/03/17 03:18:25.375, 132.74 W, 95 %
2026/03/17 03:18:25.475, 132.72 W, 95 %
2026/03/17 03:18:25.575, 132.70 W, 95 %
2026/03/17 03:18:25.675, 132.67 W, 95 %
2026/03/17 03:18:25.776, 132.66 W, 95 %
2026/03/17 03:18:25.876, 132.63 W, 95 %
2026/03/17 03:18:25.976, 132.62 W, 95 %
2026/03/17 03:18:26.076, 132.59 W, 95 %
2026/03/17 03:18:26.176, 132.58 W, 95 %
2026/03/17 03:18:26.276, 132.56 W, 95 %
2026/03/17 03:18:26.377, 132.55 W, 95 %
2026/03/17 03:18:26.477, 132.56 W, 95 %
2026/03/17 03:18:26.577, 132.55 W, 95 %
2026/03/17 03:18:26.677, 132.54 W, 95 %
2026/03/17 03:18:26.777, 132.53 W, 95 %
2026/03/17 03:18:26.878, 132.54 W, 95 %
2026/03/17 03:18:26.978, 132.54 W, 95 %
2026/03/17 03:18:27.078, 132.55 W, 95 %
2026/03/17 03:18:27.178, 132.52 W, 95 %
2026/03/17 03:18:27.278, 132.49 W, 95 %
2026/03/17 03:18:27.378, 132.47 W, 95 %
2026/03/17 03:18:27.479, 132.46 W, 95 %
2026/03/17 03:18:27.579, 132.45 W, 95 %
2026/03/17 03:18:27.679, 132.44 W, 95 %
2026/03/17 03:18:27.779, 132.43 W, 95 %
2026/03/17 03:18:27.879, 132.41 W, 95 %
2026/03/17 03:18:27.979, 132.39 W, 95 %
2026/03/17 03:18:28.079, 132.38 W, 95 %
2026/03/17 03:18:28.180, 132.38 W, 95 %
2026/03/17 03:18:28.280, 132.39 W, 95 %
2026/03/17 03:18:28.380, 132.39 W, 95 %
2026/03/17 03:18:28.480, 132.38 W, 95 %
2026/03/17 03:18:28.580, 132.37 W, 95 %
2026/03/17 03:18:28.681, 132.36 W, 95 %
2026/03/17 03:18:28.781, 132.36 W, 95 %
2026/03/17 03:18:28.881, 132.36 W, 95 %
2026/03/17 03:18:28.981, 132.35 W, 95 %
2026/03/17 03:18:29.081, 132.33 W, 95 %
2026/03/17 03:18:29.181, 132.32 W, 95 %
2026/03/17 03:18:29.282, 132.29 W, 95 %
2026/03/17 03:18:29.382, 132.28 W, 95 %
2026/03/17 03:18:29.482, 132.26 W, 95 %
2026/03/17 03:18:29.582, 132.23 W, 95 %
2026/03/17 03:18:29.682, 132.23 W, 95 %
2026/03/17 03:18:29.782, 132.21 W, 95 %
2026/03/17 03:18:29.883, 132.18 W, 95 %
2026/03/17 03:18:29.983, 132.18 W, 95 %
2026/03/17 03:18:30.083, 132.19 W, 95 %
2026/03/17 03:18:30.183, 132.18 W, 95 %
2026/03/17 03:18:30.283, 132.12 W, 95 %
2026/03/17 03:18:30.383, 132.12 W, 95 %
2026/03/17 03:18:30.484, 132.13 W, 95 %
2026/03/17 03:18:30.584, 132.12 W, 95 %
2026/03/17 03:18:30.684, 132.12 W, 95 %
2026/03/17 03:18:30.784, 132.08 W, 95 %
2026/03/17 03:18:30.884, 132.07 W, 95 %
2026/03/17 03:18:30.984, 132.05 W, 95 %
2026/03/17 03:18:31.084, 132.05 W, 95 %
2026/03/17 03:18:31.185, 132.07 W, 95 %
2026/03/17 03:18:31.285, 132.08 W, 95 %
2026/03/17 03:18:31.385, 132.07 W, 95 %
2026/03/17 03:18:31.485, 132.06 W, 95 %
2026/03/17 03:18:31.585, 132.07 W, 95 %
2026/03/17 03:18:31.685, 132.08 W, 95 %
2026/03/17 03:18:31.786, 132.07 W, 95 %
2026/03/17 03:18:31.886, 132.08 W, 95 %
2026/03/17 03:18:31.986, 132.06 W, 95 %
2026/03/17 03:18:32.086, 132.05 W, 95 %
2026/03/17 03:18:32.186, 132.02 W, 95 %
2026/03/17 03:18:32.286, 132.00 W, 95 %
2026/03/17 03:18:32.387, 131.99 W, 95 %
2026/03/17 03:18:32.487, 131.99 W, 95 %
2026/03/17 03:18:32.587, 131.96 W, 95 %
2026/03/17 03:18:32.687, 131.97 W, 95 %
2026/03/17 03:18:32.787, 131.97 W, 95 %
2026/03/17 03:18:32.887, 131.95 W, 95 %
2026/03/17 03:18:32.988, 131.95 W, 95 %
2026/03/17 03:18:33.088, 131.94 W, 95 %
2026/03/17 03:18:33.188, 131.92 W, 95 %
2026/03/17 03:18:33.288, 131.91 W, 95 %
2026/03/17 03:18:33.388, 131.90 W, 95 %
2026/03/17 03:18:33.488, 131.90 W, 95 %
2026/03/17 03:18:33.588, 131.91 W, 95 %
2026/03/17 03:18:33.689, 131.89 W, 95 %
2026/03/17 03:18:33.789, 131.90 W, 95 %
2026/03/17 03:18:33.889, 131.90 W, 95 %
2026/03/17 03:18:33.989, 131.90 W, 95 %
2026/03/17 03:18:34.089, 131.91 W, 95 %
2026/03/17 03:18:34.189, 131.93 W, 95 %
2026/03/17 03:18:34.290, 131.95 W, 95 %
2026/03/17 03:18:34.390, 131.95 W, 95 %
2026/03/17 03:18:34.490, 131.95 W, 95 %
2026/03/17 03:18:34.590, 131.93 W, 95 %
2026/03/17 03:18:34.690, 131.93 W, 95 %
2026/03/17 03:18:34.790, 131.93 W, 95 %
2026/03/17 03:18:34.891, 131.91 W, 95 %
2026/03/17 03:18:34.991, 131.93 W, 95 %
2026/03/17 03:18:35.091, 131.93 W, 95 %
2026/03/17 03:18:35.191, 131.96 W, 95 %
2026/03/17 03:18:35.291, 131.96 W, 95 %
2026/03/17 03:18:35.391, 131.97 W, 95 %
2026/03/17 03:18:35.492, 131.99 W, 95 %
2026/03/17 03:18:35.592, 132.01 W, 95 %
2026/03/17 03:18:35.692, 132.02 W, 95 %
2026/03/17 03:18:35.792, 132.04 W, 95 %
2026/03/17 03:18:35.892, 132.07 W, 95 %
2026/03/17 03:18:35.992, 132.10 W, 95 %
2026/03/17 03:18:36.093, 132.09 W, 95 %
2026/03/17 03:18:36.193, 132.07 W, 95 %
2026/03/17 03:18:36.293, 132.06 W, 95 %
2026/03/17 03:18:36.393, 132.07 W, 95 %
2026/03/17 03:18:36.493, 132.11 W, 95 %
2026/03/17 03:18:36.593, 132.12 W, 95 %
2026/03/17 03:18:36.694, 132.13 W, 95 %
2026/03/17 03:18:36.794, 132.13 W, 95 %
2026/03/17 03:18:36.894, 132.15 W, 95 %
2026/03/17 03:18:36.994, 132.16 W, 95 %
2026/03/17 03:18:37.094, 132.20 W, 95 %
2026/03/17 03:18:37.194, 132.22 W, 95 %
2026/03/17 03:18:37.295, 132.24 W, 95 %
2026/03/17 03:18:37.395, 132.26 W, 95 %
2026/03/17 03:18:37.495, 132.29 W, 95 %
2026/03/17 03:18:37.595, 132.30 W, 95 %
2026/03/17 03:18:37.695, 132.32 W, 95 %
2026/03/17 03:18:37.795, 132.36 W, 95 %
2026/03/17 03:18:37.896, 132.36 W, 95 %
2026/03/17 03:18:37.996, 132.36 W, 95 %
2026/03/17 03:18:38.096, 132.38 W, 95 %
2026/03/17 03:18:38.196, 132.43 W, 95 %
2026/03/17 03:18:38.296, 132.46 W, 95 %
2026/03/17 03:18:38.396, 132.48 W, 95 %
2026/03/17 03:18:38.497, 132.48 W, 95 %
2026/03/17 03:18:38.597, 132.50 W, 95 %
2026/03/17 03:18:38.697, 132.52 W, 95 %
2026/03/17 03:18:38.797, 132.54 W, 95 %
2026/03/17 03:18:38.897, 132.56 W, 95 %
2026/03/17 03:18:38.997, 132.59 W, 95 %
2026/03/17 03:18:39.098, 132.59 W, 95 %
2026/03/17 03:18:39.198, 132.58 W, 95 %
2026/03/17 03:18:39.298, 132.59 W, 95 %
2026/03/17 03:18:39.398, 132.60 W, 95 %
2026/03/17 03:18:39.498, 132.65 W, 95 %
2026/03/17 03:18:39.598, 132.68 W, 95 %
2026/03/17 03:18:39.699, 132.69 W, 95 %
2026/03/17 03:18:39.799, 132.71 W, 95 %
2026/03/17 03:18:39.899, 132.74 W, 95 %
2026/03/17 03:18:39.999, 132.77 W, 95 %
2026/03/17 03:18:40.099, 132.81 W, 95 %
2026/03/17 03:18:40.199, 132.83 W, 95 %
2026/03/17 03:18:40.300, 132.87 W, 95 %
2026/03/17 03:18:40.400, 132.88 W, 95 %
2026/03/17 03:18:40.500, 132.89 W, 95 %
2026/03/17 03:18:40.600, 132.90 W, 95 %
2026/03/17 03:18:40.700, 132.92 W, 95 %
2026/03/17 03:18:40.800, 132.91 W, 95 %
2026/03/17 03:18:40.901, 132.94 W, 95 %
2026/03/17 03:18:41.001, 132.95 W, 95 %
2026/03/17 03:18:41.101, 132.95 W, 95 %
2026/03/17 03:18:41.201, 132.97 W, 95 %
2026/03/17 03:18:41.301, 132.97 W, 95 %
2026/03/17 03:18:41.401, 132.98 W, 95 %
2026/03/17 03:18:41.501, 132.99 W, 95 %
2026/03/17 03:18:41.602, 133.02 W, 95 %
2026/03/17 03:18:41.702, 133.02 W, 95 %
2026/03/17 03:18:41.802, 133.05 W, 95 %
2026/03/17 03:18:41.902, 133.06 W, 95 %
2026/03/17 03:18:42.002, 133.04 W, 95 %
2026/03/17 03:18:42.102, 133.03 W, 95 %
2026/03/17 03:18:42.203, 133.03 W, 95 %
2026/03/17 03:18:42.303, 133.04 W, 95 %
2026/03/17 03:18:42.403, 133.06 W, 95 %
2026/03/17 03:18:42.503, 133.10 W, 95 %
2026/03/17 03:18:42.603, 133.09 W, 95 %
2026/03/17 03:18:42.703, 133.09 W, 95 %
2026/03/17 03:18:42.804, 133.09 W, 95 %
2026/03/17 03:18:42.904, 133.11 W, 95 %
2026/03/17 03:18:43.004, 133.12 W, 95 %
2026/03/17 03:18:43.104, 133.15 W, 95 %
2026/03/17 03:18:43.204, 133.15 W, 95 %
2026/03/17 03:18:43.304, 133.17 W, 95 %
2026/03/17 03:18:43.405, 133.15 W, 95 %
2026/03/17 03:18:43.505, 133.12 W, 95 %
2026/03/17 03:18:43.605, 133.10 W, 95 %
2026/03/17 03:18:43.705, 133.11 W, 95 %
2026/03/17 03:18:43.805, 133.09 W, 95 %
2026/03/17 03:18:43.905, 133.07 W, 95 %
2026/03/17 03:18:44.006, 133.07 W, 95 %
2026/03/17 03:18:44.106, 133.07 W, 95 %
2026/03/17 03:18:44.206, 133.09 W, 95 %
2026/03/17 03:18:44.306, 133.08 W, 95 %
2026/03/17 03:18:44.406, 133.07 W, 95 %
2026/03/17 03:18:44.506, 133.07 W, 95 %
2026/03/17 03:18:44.606, 133.08 W, 95 %
2026/03/17 03:18:44.707, 133.06 W, 95 %
2026/03/17 03:18:44.807, 133.05 W, 95 %
2026/03/17 03:18:44.907, 133.06 W, 95 %
2026/03/17 03:18:45.007, 133.03 W, 95 %
2026/03/17 03:18:45.107, 133.00 W, 95 %
2026/03/17 03:18:45.208, 132.97 W, 95 %
2026/03/17 03:18:45.308, 132.97 W, 95 %
2026/03/17 03:18:45.408, 132.96 W, 95 %
2026/03/17 03:18:45.508, 132.95 W, 95 %
2026/03/17 03:18:45.608, 132.94 W, 95 %
2026/03/17 03:18:45.708, 132.93 W, 95 %
2026/03/17 03:18:45.809, 132.92 W, 95 %
2026/03/17 03:18:45.909, 132.92 W, 95 %
2026/03/17 03:18:46.009, 132.91 W, 95 %
2026/03/17 03:18:46.109, 132.90 W, 95 %
2026/03/17 03:18:46.209, 132.90 W, 95 %
2026/03/17 03:18:46.309, 132.87 W, 95 %
2026/03/17 03:18:46.409, 132.85 W, 95 %
2026/03/17 03:18:46.510, 132.81 W, 95 %
2026/03/17 03:18:46.610, 132.77 W, 95 %
2026/03/17 03:18:46.710, 132.72 W, 95 %
2026/03/17 03:18:46.810, 132.70 W, 95 %
2026/03/17 03:18:46.910, 132.67 W, 95 %
2026/03/17 03:18:47.010, 132.66 W, 95 %
2026/03/17 03:18:47.111, 132.65 W, 95 %
2026/03/17 03:18:47.211, 132.63 W, 95 %
2026/03/17 03:18:47.311, 132.61 W, 95 %
2026/03/17 03:18:47.411, 132.59 W, 95 %
2026/03/17 03:18:47.511, 132.59 W, 95 %
2026/03/17 03:18:47.611, 132.59 W, 95 %
2026/03/17 03:18:47.712, 132.60 W, 95 %
2026/03/17 03:18:47.812, 132.60 W, 95 %
2026/03/17 03:18:47.912, 132.60 W, 95 %
2026/03/17 03:18:48.012, 132.57 W, 95 %
2026/03/17 03:18:48.112, 132.53 W, 95 %
2026/03/17 03:18:48.212, 132.52 W, 95 %
2026/03/17 03:18:48.313, 132.51 W, 95 %
2026/03/17 03:18:48.413, 132.52 W, 95 %
2026/03/17 03:18:48.513, 132.50 W, 95 %
2026/03/17 03:18:48.613, 132.50 W, 95 %
2026/03/17 03:18:48.713, 132.48 W, 95 %
2026/03/17 03:18:48.813, 132.48 W, 95 %
2026/03/17 03:18:48.914, 132.46 W, 95 %
2026/03/17 03:18:49.014, 132.45 W, 95 %
2026/03/17 03:18:49.114, 132.45 W, 95 %
2026/03/17 03:18:49.214, 132.43 W, 95 %
2026/03/17 03:18:49.314, 132.41 W, 95 %
2026/03/17 03:18:49.414, 132.38 W, 95 %
2026/03/17 03:18:49.514, 132.37 W, 95 %
2026/03/17 03:18:49.615, 132.33 W, 95 %
2026/03/17 03:18:49.715, 132.30 W, 95 %
2026/03/17 03:18:49.815, 132.28 W, 95 %
2026/03/17 03:18:49.915, 132.28 W, 95 %
2026/03/17 03:18:50.015, 132.28 W, 95 %
2026/03/17 03:18:50.115, 132.28 W, 95 %
2026/03/17 03:18:50.216, 132.29 W, 95 %
2026/03/17 03:18:50.316, 132.30 W, 95 %
2026/03/17 03:18:50.416, 132.29 W, 95 %
2026/03/17 03:18:50.516, 132.30 W, 95 %
2026/03/17 03:18:50.616, 132.32 W, 95 %
2026/03/17 03:18:50.717, 132.34 W, 95 %
2026/03/17 03:18:50.817, 132.35 W, 95 %
2026/03/17 03:18:50.917, 132.35 W, 95 %
2026/03/17 03:18:51.017, 132.33 W, 95 %
2026/03/17 03:18:51.117, 132.33 W, 95 %
2026/03/17 03:18:51.217, 132.34 W, 95 %
2026/03/17 03:18:51.318, 132.34 W, 95 %
2026/03/17 03:18:51.418, 132.34 W, 95 %
2026/03/17 03:18:51.518, 132.35 W, 95 %
2026/03/17 03:18:51.618, 132.37 W, 95 %
2026/03/17 03:18:51.718, 132.36 W, 95 %
2026/03/17 03:18:51.818, 132.35 W, 95 %
2026/03/17 03:18:51.918, 132.34 W, 95 %
2026/03/17 03:18:52.019, 132.36 W, 95 %
2026/03/17 03:18:52.119, 132.38 W, 95 %
2026/03/17 03:18:52.219, 132.37 W, 95 %
2026/03/17 03:18:52.319, 132.38 W, 95 %
2026/03/17 03:18:52.419, 132.38 W, 95 %
2026/03/17 03:18:52.519, 132.39 W, 95 %
2026/03/17 03:18:52.620, 132.38 W, 95 %
2026/03/17 03:18:52.720, 132.40 W, 95 %
2026/03/17 03:18:52.820, 132.42 W, 95 %
2026/03/17 03:18:52.920, 132.43 W, 95 %
2026/03/17 03:18:53.020, 132.44 W, 95 %
2026/03/17 03:18:53.120, 132.44 W, 95 %
2026/03/17 03:18:53.221, 132.47 W, 95 %
2026/03/17 03:18:53.321, 132.45 W, 95 %
2026/03/17 03:18:53.421, 132.47 W, 95 %
2026/03/17 03:18:53.521, 132.48 W, 95 %
2026/03/17 03:18:53.621, 132.48 W, 95 %
2026/03/17 03:18:53.721, 132.51 W, 95 %
2026/03/17 03:18:53.822, 132.51 W, 95 %
2026/03/17 03:18:53.922, 132.52 W, 95 %
2026/03/17 03:18:54.022, 132.51 W, 95 %
2026/03/17 03:18:54.122, 132.51 W, 95 %
2026/03/17 03:18:54.222, 132.51 W, 95 %
2026/03/17 03:18:54.322, 132.52 W, 95 %
2026/03/17 03:18:54.423, 132.54 W, 95 %
2026/03/17 03:18:54.523, 132.51 W, 95 %
2026/03/17 03:18:54.623, 132.51 W, 95 %
2026/03/17 03:18:54.723, 132.50 W, 95 %
2026/03/17 03:18:54.823, 132.50 W, 95 %
2026/03/17 03:18:54.923, 132.51 W, 95 %
2026/03/17 03:18:55.023, 132.53 W, 95 %
2026/03/17 03:18:55.124, 132.55 W, 95 %
2026/03/17 03:18:55.224, 132.57 W, 95 %
2026/03/17 03:18:55.324, 132.61 W, 95 %
2026/03/17 03:18:55.424, 132.62 W, 95 %
2026/03/17 03:18:55.524, 132.65 W, 95 %
2026/03/17 03:18:55.625, 132.67 W, 95 %
2026/03/17 03:18:55.725, 132.68 W, 95 %
2026/03/17 03:18:55.825, 132.68 W, 95 %
2026/03/17 03:18:55.925, 132.70 W, 95 %
2026/03/17 03:18:56.025, 132.71 W, 95 %
2026/03/17 03:18:56.125, 132.71 W, 95 %
2026/03/17 03:18:56.226, 132.69 W, 95 %
2026/03/17 03:18:56.326, 132.66 W, 95 %
2026/03/17 03:18:56.426, 132.60 W, 95 %
2026/03/17 03:18:56.526, 132.63 W, 95 %
2026/03/17 03:18:56.626, 132.62 W, 95 %
2026/03/17 03:18:56.726, 132.62 W, 95 %
2026/03/17 03:18:56.827, 132.64 W, 95 %
2026/03/17 03:18:56.927, 132.63 W, 95 %
2026/03/17 03:18:57.027, 132.63 W, 95 %
2026/03/17 03:18:57.127, 132.62 W, 95 %
2026/03/17 03:18:57.227, 132.63 W, 95 %
2026/03/17 03:18:57.327, 132.66 W, 95 %
2026/03/17 03:18:57.428, 132.71 W, 95 %
2026/03/17 03:18:57.528, 132.71 W, 95 %
2026/03/17 03:18:57.628, 132.70 W, 95 %
2026/03/17 03:18:57.728, 132.70 W, 95 %
2026/03/17 03:18:57.828, 132.69 W, 95 %
2026/03/17 03:18:57.928, 132.69 W, 95 %
2026/03/17 03:18:58.028, 132.66 W, 95 %
2026/03/17 03:18:58.129, 132.66 W, 95 %
2026/03/17 03:18:58.229, 132.67 W, 95 %
2026/03/17 03:18:58.329, 132.67 W, 95 %
2026/03/17 03:18:58.429, 132.65 W, 95 %
2026/03/17 03:18:58.529, 132.65 W, 95 %
2026/03/17 03:18:58.630, 132.65 W, 95 %
2026/03/17 03:18:58.730, 132.65 W, 95 %
2026/03/17 03:18:58.830, 132.64 W, 95 %
2026/03/17 03:18:58.930, 132.64 W, 95 %
2026/03/17 03:18:59.030, 132.64 W, 95 %
2026/03/17 03:18:59.130, 132.63 W, 95 %
2026/03/17 03:18:59.231, 132.62 W, 95 %
2026/03/17 03:18:59.331, 132.62 W, 95 %
2026/03/17 03:18:59.431, 132.62 W, 95 %
2026/03/17 03:18:59.531, 132.61 W, 95 %
2026/03/17 03:18:59.631, 132.62 W, 95 %
2026/03/17 03:18:59.731, 132.62 W, 95 %
2026/03/17 03:18:59.832, 132.63 W, 95 %
2026/03/17 03:18:59.932, 132.61 W, 95 %
2026/03/17 03:19:00.032, 132.60 W, 95 %
2026/03/17 03:19:00.132, 132.58 W, 95 %
2026/03/17 03:19:00.232, 132.58 W, 95 %
2026/03/17 03:19:00.332, 132.57 W, 95 %
2026/03/17 03:19:00.432, 132.54 W, 95 %
2026/03/17 03:19:00.533, 132.51 W, 95 %
2026/03/17 03:19:00.633, 132.47 W, 95 %
2026/03/17 03:19:00.733, 132.46 W, 95 %
2026/03/17 03:19:00.833, 132.44 W, 95 %
2026/03/17 03:19:00.933, 132.45 W, 95 %
2026/03/17 03:19:01.033, 132.44 W, 95 %
2026/03/17 03:19:01.134, 132.43 W, 95 %
2026/03/17 03:19:01.234, 132.43 W, 95 %
2026/03/17 03:19:01.334, 132.41 W, 95 %
2026/03/17 03:19:01.434, 132.41 W, 95 %
2026/03/17 03:19:01.534, 132.40 W, 95 %
2026/03/17 03:19:01.634, 132.39 W, 95 %
2026/03/17 03:19:01.735, 132.37 W, 95 %
2026/03/17 03:19:01.835, 132.35 W, 95 %
2026/03/17 03:19:01.935, 132.32 W, 95 %
2026/03/17 03:19:02.035, 132.30 W, 95 %
2026/03/17 03:19:02.135, 132.28 W, 95 %
2026/03/17 03:19:02.235, 132.25 W, 95 %
2026/03/17 03:19:02.336, 132.23 W, 95 %
2026/03/17 03:19:02.436, 132.21 W, 95 %
2026/03/17 03:19:02.536, 132.22 W, 95 %
2026/03/17 03:19:02.636, 132.22 W, 95 %
2026/03/17 03:19:02.736, 132.22 W, 95 %
2026/03/17 03:19:02.836, 132.22 W, 95 %
2026/03/17 03:19:02.937, 132.22 W, 95 %
2026/03/17 03:19:03.037, 132.21 W, 95 %
2026/03/17 03:19:03.137, 132.22 W, 95 %
2026/03/17 03:19:03.237, 132.22 W, 95 %
2026/03/17 03:19:03.337, 132.21 W, 95 %
2026/03/17 03:19:03.437, 132.21 W, 95 %
2026/03/17 03:19:03.538, 132.19 W, 95 %
2026/03/17 03:19:03.638, 132.16 W, 95 %
2026/03/17 03:19:03.738, 132.13 W, 95 %
2026/03/17 03:19:03.838, 132.13 W, 95 %
2026/03/17 03:19:03.938, 132.13 W, 95 %
2026/03/17 03:19:04.038, 132.12 W, 95 %
2026/03/17 03:19:04.138, 132.09 W, 95 %
2026/03/17 03:19:04.239, 132.06 W, 95 %
2026/03/17 03:19:04.339, 132.06 W, 95 %
2026/03/17 03:19:04.439, 132.06 W, 95 %
2026/03/17 03:19:04.539, 132.04 W, 95 %
2026/03/17 03:19:04.639, 132.05 W, 95 %
2026/03/17 03:19:04.739, 132.05 W, 95 %
2026/03/17 03:19:04.840, 132.02 W, 95 %
2026/03/17 03:19:04.940, 131.98 W, 95 %
2026/03/17 03:19:05.040, 131.98 W, 95 %
2026/03/17 03:19:05.140, 131.97 W, 95 %
2026/03/17 03:19:05.240, 131.98 W, 95 %
2026/03/17 03:19:05.340, 131.96 W, 95 %
2026/03/17 03:19:05.441, 131.95 W, 95 %
2026/03/17 03:19:05.541, 131.95 W, 95 %
2026/03/17 03:19:05.641, 131.95 W, 95 %
2026/03/17 03:19:05.741, 131.97 W, 95 %
2026/03/17 03:19:05.841, 131.98 W, 95 %
2026/03/17 03:19:05.941, 132.00 W, 95 %
2026/03/17 03:19:06.042, 132.00 W, 95 %
2026/03/17 03:19:06.142, 132.00 W, 95 %
2026/03/17 03:19:06.242, 132.00 W, 95 %
2026/03/17 03:19:06.342, 132.02 W, 95 %
2026/03/17 03:19:06.442, 132.02 W, 95 %
2026/03/17 03:19:06.542, 132.01 W, 95 %
2026/03/17 03:19:06.643, 132.00 W, 95 %
2026/03/17 03:19:06.743, 131.98 W, 95 %
2026/03/17 03:19:06.843, 131.97 W, 95 %
2026/03/17 03:19:06.943, 131.96 W, 95 %
2026/03/17 03:19:07.043, 131.96 W, 95 %
2026/03/17 03:19:07.143, 131.95 W, 95 %
2026/03/17 03:19:07.244, 131.95 W, 95 %
2026/03/17 03:19:07.344, 131.93 W, 95 %
2026/03/17 03:19:07.444, 131.94 W, 95 %
2026/03/17 03:19:07.544, 131.95 W, 95 %
2026/03/17 03:19:07.644, 131.94 W, 95 %
2026/03/17 03:19:07.744, 131.94 W, 95 %
2026/03/17 03:19:07.845, 131.94 W, 95 %
2026/03/17 03:19:07.945, 131.95 W, 95 %
2026/03/17 03:19:08.045, 131.94 W, 95 %
2026/03/17 03:19:08.145, 131.94 W, 95 %
2026/03/17 03:19:08.245, 131.96 W, 95 %
2026/03/17 03:19:08.345, 131.98 W, 95 %
2026/03/17 03:19:08.446, 131.97 W, 95 %
2026/03/17 03:19:08.546, 131.97 W, 95 %
2026/03/17 03:19:08.646, 131.98 W, 95 %
2026/03/17 03:19:08.746, 131.97 W, 95 %
2026/03/17 03:19:08.846, 131.99 W, 95 %
2026/03/17 03:19:08.946, 132.01 W, 95 %
2026/03/17 03:19:09.047, 132.01 W, 95 %
2026/03/17 03:19:09.147, 132.03 W, 95 %
2026/03/17 03:19:09.247, 132.03 W, 95 %
2026/03/17 03:19:09.347, 132.02 W, 95 %
2026/03/17 03:19:09.447, 132.03 W, 95 %
2026/03/17 03:19:09.547, 132.04 W, 95 %
2026/03/17 03:19:09.648, 132.05 W, 95 %
2026/03/17 03:19:09.748, 132.07 W, 95 %
2026/03/17 03:19:09.848, 132.10 W, 95 %
2026/03/17 03:19:09.948, 132.11 W, 95 %
2026/03/17 03:19:10.048, 132.12 W, 95 %
2026/03/17 03:19:10.148, 132.14 W, 95 %
2026/03/17 03:19:10.249, 132.19 W, 95 %
2026/03/17 03:19:10.349, 132.21 W, 95 %
2026/03/17 03:19:10.449, 132.23 W, 95 %
2026/03/17 03:19:10.549, 132.25 W, 95 %
2026/03/17 03:19:10.649, 132.28 W, 95 %
2026/03/17 03:19:10.749, 132.28 W, 95 %
2026/03/17 03:19:10.850, 132.31 W, 95 %
2026/03/17 03:19:10.950, 132.34 W, 95 %
2026/03/17 03:19:11.050, 132.36 W, 95 %
2026/03/17 03:19:11.150, 132.37 W, 95 %
2026/03/17 03:19:11.250, 132.38 W, 95 %
2026/03/17 03:19:11.350, 132.40 W, 95 %
2026/03/17 03:19:11.451, 132.44 W, 95 %
2026/03/17 03:19:11.551, 132.47 W, 95 %
2026/03/17 03:19:11.651, 132.51 W, 95 %
2026/03/17 03:19:11.751, 132.54 W, 95 %
2026/03/17 03:19:11.851, 132.55 W, 95 %
2026/03/17 03:19:11.951, 132.55 W, 95 %
2026/03/17 03:19:12.052, 132.56 W, 95 %
2026/03/17 03:19:12.152, 132.59 W, 95 %
2026/03/17 03:19:12.252, 132.61 W, 95 %
2026/03/17 03:19:12.352, 132.63 W, 95 %
2026/03/17 03:19:12.452, 132.63 W, 95 %
2026/03/17 03:19:12.552, 132.63 W, 95 %
2026/03/17 03:19:12.653, 132.64 W, 95 %
2026/03/17 03:19:12.753, 132.69 W, 95 %
2026/03/17 03:19:12.853, 132.71 W, 95 %
2026/03/17 03:19:12.953, 132.73 W, 95 %
2026/03/17 03:19:13.053, 132.75 W, 95 %
2026/03/17 03:19:13.153, 132.77 W, 95 %
2026/03/17 03:19:13.254, 132.80 W, 95 %
2026/03/17 03:19:13.354, 132.81 W, 95 %
2026/03/17 03:19:13.454, 132.85 W, 95 %
2026/03/17 03:19:13.554, 132.87 W, 95 %
2026/03/17 03:19:13.654, 132.89 W, 95 %
2026/03/17 03:19:13.754, 132.91 W, 95 %
2026/03/17 03:19:13.854, 132.93 W, 95 %
2026/03/17 03:19:13.955, 132.95 W, 95 %
2026/03/17 03:19:14.055, 132.96 W, 95 %
2026/03/17 03:19:14.155, 132.95 W, 95 %
2026/03/17 03:19:14.255, 132.96 W, 95 %
2026/03/17 03:19:14.355, 132.98 W, 95 %
2026/03/17 03:19:14.455, 133.00 W, 95 %
2026/03/17 03:19:14.556, 133.00 W, 95 %
2026/03/17 03:19:14.656, 133.01 W, 95 %
2026/03/17 03:19:14.756, 133.02 W, 95 %
2026/03/17 03:19:14.856, 133.03 W, 95 %
2026/03/17 03:19:14.956, 133.05 W, 95 %
2026/03/17 03:19:15.056, 133.07 W, 95 %
2026/03/17 03:19:15.157, 133.09 W, 95 %
2026/03/17 03:19:15.257, 133.12 W, 95 %
2026/03/17 03:19:15.357, 133.11 W, 95 %
2026/03/17 03:19:15.457, 133.10 W, 95 %
2026/03/17 03:19:15.557, 133.12 W, 95 %
2026/03/17 03:19:15.657, 133.14 W, 95 %
2026/03/17 03:19:15.758, 133.15 W, 95 %
2026/03/17 03:19:15.858, 133.15 W, 95 %
2026/03/17 03:19:15.958, 133.15 W, 95 %
2026/03/17 03:19:16.058, 133.14 W, 95 %
2026/03/17 03:19:16.158, 133.15 W, 95 %
2026/03/17 03:19:16.258, 133.15 W, 95 %
2026/03/17 03:19:16.359, 133.16 W, 95 %
2026/03/17 03:19:16.459, 133.17 W, 95 %
2026/03/17 03:19:16.559, 133.18 W, 95 %
2026/03/17 03:19:16.659, 133.17 W, 95 %
2026/03/17 03:19:16.759, 133.15 W, 95 %
2026/03/17 03:19:16.859, 133.14 W, 95 %
2026/03/17 03:19:16.959, 133.17 W, 95 %
2026/03/17 03:19:17.060, 133.15 W, 95 %
2026/03/17 03:19:17.160, 133.12 W, 95 %
2026/03/17 03:19:17.260, 133.13 W, 95 %
2026/03/17 03:19:17.360, 133.12 W, 95 %
2026/03/17 03:19:17.460, 133.14 W, 95 %
2026/03/17 03:19:17.561, 133.12 W, 95 %
2026/03/17 03:19:17.661, 133.12 W, 95 %
2026/03/17 03:19:17.761, 133.12 W, 95 %
2026/03/17 03:19:17.861, 133.12 W, 95 %
2026/03/17 03:19:17.961, 133.10 W, 95 %
2026/03/17 03:19:18.061, 133.11 W, 95 %
2026/03/17 03:19:18.162, 133.12 W, 95 %
2026/03/17 03:19:18.262, 133.09 W, 95 %
2026/03/17 03:19:18.362, 133.04 W, 95 %
2026/03/17 03:19:18.462, 132.99 W, 95 %
2026/03/17 03:19:18.562, 132.95 W, 95 %
2026/03/17 03:19:18.662, 132.94 W, 95 %
2026/03/17 03:19:18.763, 132.93 W, 95 %
2026/03/17 03:19:18.863, 132.88 W, 95 %
2026/03/17 03:19:18.963, 132.84 W, 95 %
2026/03/17 03:19:19.063, 132.81 W, 95 %
2026/03/17 03:19:19.163, 132.78 W, 95 %
2026/03/17 03:19:19.263, 132.78 W, 95 %
2026/03/17 03:19:19.364, 132.78 W, 95 %
2026/03/17 03:19:19.464, 132.78 W, 95 %
2026/03/17 03:19:19.564, 132.78 W, 95 %
2026/03/17 03:19:19.664, 132.74 W, 95 %
2026/03/17 03:19:19.764, 132.71 W, 95 %
2026/03/17 03:19:19.864, 132.71 W, 95 %
2026/03/17 03:19:19.964, 132.70 W, 95 %
2026/03/17 03:19:20.065, 132.68 W, 95 %
2026/03/17 03:19:20.165, 132.66 W, 95 %
2026/03/17 03:19:20.265, 132.63 W, 95 %
2026/03/17 03:19:20.365, 132.62 W, 95 %
2026/03/17 03:19:20.465, 132.62 W, 95 %
2026/03/17 03:19:20.565, 132.61 W, 95 %
2026/03/17 03:19:20.666, 132.60 W, 95 %
2026/03/17 03:19:20.766, 132.59 W, 95 %
2026/03/17 03:19:20.866, 132.57 W, 95 %
2026/03/17 03:19:20.966, 132.55 W, 95 %
2026/03/17 03:19:21.066, 132.53 W, 95 %
2026/03/17 03:19:21.167, 132.52 W, 95 %
2026/03/17 03:19:21.267, 132.51 W, 95 %
2026/03/17 03:19:21.367, 132.47 W, 95 %
2026/03/17 03:19:21.467, 132.44 W, 95 %
2026/03/17 03:19:21.567, 132.43 W, 95 %
2026/03/17 03:19:21.667, 132.42 W, 95 %
2026/03/17 03:19:21.768, 132.42 W, 95 %
2026/03/17 03:19:21.868, 132.42 W, 95 %
2026/03/17 03:19:21.968, 132.39 W, 95 %
2026/03/17 03:19:22.068, 132.41 W, 95 %
2026/03/17 03:19:22.168, 132.41 W, 95 %
2026/03/17 03:19:22.268, 132.42 W, 95 %
2026/03/17 03:19:22.368, 132.44 W, 95 %
2026/03/17 03:19:22.469, 132.45 W, 95 %
2026/03/17 03:19:22.569, 132.44 W, 95 %
2026/03/17 03:19:22.669, 132.43 W, 95 %
2026/03/17 03:19:22.769, 132.42 W, 95 %
2026/03/17 03:19:22.869, 132.43 W, 95 %
2026/03/17 03:19:22.969, 132.43 W, 95 %
2026/03/17 03:19:23.070, 132.41 W, 95 %
2026/03/17 03:19:23.170, 132.41 W, 95 %
2026/03/17 03:19:23.270, 132.39 W, 95 %
2026/03/17 03:19:23.370, 132.39 W, 95 %
2026/03/17 03:19:23.470, 132.39 W, 95 %
2026/03/17 03:19:23.570, 132.39 W, 95 %
2026/03/17 03:19:23.671, 132.38 W, 95 %
2026/03/17 03:19:23.771, 132.39 W, 95 %
2026/03/17 03:19:23.871, 132.39 W, 95 %
2026/03/17 03:19:23.971, 132.39 W, 95 %
2026/03/17 03:19:24.071, 132.42 W, 95 %
2026/03/17 03:19:24.171, 132.41 W, 95 %
2026/03/17 03:19:24.271, 132.41 W, 95 %
2026/03/17 03:19:24.372, 132.40 W, 95 %
2026/03/17 03:19:24.472, 132.40 W, 95 %
2026/03/17 03:19:24.572, 132.42 W, 95 %
2026/03/17 03:19:24.672, 132.45 W, 95 %
2026/03/17 03:19:24.772, 132.49 W, 95 %
2026/03/17 03:19:24.872, 132.49 W, 95 %
2026/03/17 03:19:24.973, 132.51 W, 95 %
2026/03/17 03:19:25.073, 132.53 W, 95 %
2026/03/17 03:19:25.173, 132.57 W, 95 %
2026/03/17 03:19:25.273, 132.61 W, 95 %
2026/03/17 03:19:25.373, 132.61 W, 95 %
2026/03/17 03:19:25.473, 132.60 W, 95 %
2026/03/17 03:19:25.574, 132.60 W, 95 %
2026/03/17 03:19:25.674, 132.58 W, 95 %
2026/03/17 03:19:25.774, 132.57 W, 95 %
2026/03/17 03:19:25.874, 132.56 W, 95 %
2026/03/17 03:19:25.974, 132.55 W, 95 %
2026/03/17 03:19:26.074, 132.53 W, 95 %
2026/03/17 03:19:26.175, 132.51 W, 95 %
2026/03/17 03:19:26.275, 132.50 W, 95 %
2026/03/17 03:19:26.375, 132.52 W, 95 %
2026/03/17 03:19:26.475, 132.54 W, 95 %
2026/03/17 03:19:26.575, 132.55 W, 95 %
2026/03/17 03:19:26.675, 132.55 W, 95 %
2026/03/17 03:19:26.776, 132.56 W, 95 %
2026/03/17 03:19:26.876, 132.60 W, 95 %
2026/03/17 03:19:26.976, 132.63 W, 95 %
2026/03/17 03:19:27.076, 132.66 W, 95 %
2026/03/17 03:19:27.176, 132.67 W, 95 %
2026/03/17 03:19:27.276, 132.68 W, 95 %
2026/03/17 03:19:27.376, 132.69 W, 95 %
2026/03/17 03:19:27.477, 132.71 W, 95 %
2026/03/17 03:19:27.577, 132.74 W, 95 %
2026/03/17 03:19:27.677, 132.75 W, 95 %
2026/03/17 03:19:27.777, 132.74 W, 95 %
2026/03/17 03:19:27.877, 132.71 W, 95 %
2026/03/17 03:19:27.977, 132.70 W, 95 %
2026/03/17 03:19:28.078, 132.70 W, 95 %
2026/03/17 03:19:28.178, 132.69 W, 95 %
2026/03/17 03:19:28.278, 132.70 W, 95 %
2026/03/17 03:19:28.378, 132.69 W, 95 %
2026/03/17 03:19:28.478, 132.70 W, 95 %
2026/03/17 03:19:28.578, 132.69 W, 95 %
2026/03/17 03:19:28.679, 132.70 W, 95 %
2026/03/17 03:19:28.779, 132.70 W, 95 %
2026/03/17 03:19:28.879, 132.71 W, 95 %
2026/03/17 03:19:28.979, 132.72 W, 95 %
2026/03/17 03:19:29.079, 132.74 W, 95 %
2026/03/17 03:19:29.179, 132.74 W, 95 %
2026/03/17 03:19:29.280, 132.74 W, 95 %
2026/03/17 03:19:29.380, 132.74 W, 95 %
2026/03/17 03:19:29.480, 132.73 W, 95 %
2026/03/17 03:19:29.580, 132.70 W, 95 %
2026/03/17 03:19:29.680, 132.70 W, 95 %
2026/03/17 03:19:29.780, 132.71 W, 95 %
2026/03/17 03:19:29.881, 132.72 W, 95 %
2026/03/17 03:19:29.981, 132.72 W, 95 %
2026/03/17 03:19:30.081, 132.71 W, 95 %
2026/03/17 03:19:30.181, 132.70 W, 95 %
2026/03/17 03:19:30.281, 132.70 W, 95 %
2026/03/17 03:19:30.381, 132.68 W, 95 %
2026/03/17 03:19:30.482, 132.68 W, 95 %
2026/03/17 03:19:30.582, 132.70 W, 95 %
2026/03/17 03:19:30.682, 132.69 W, 95 %
2026/03/17 03:19:30.782, 132.67 W, 95 %
2026/03/17 03:19:30.882, 132.65 W, 95 %
2026/03/17 03:19:30.982, 132.63 W, 95 %
2026/03/17 03:19:31.083, 132.63 W, 95 %
2026/03/17 03:19:31.183, 132.63 W, 95 %
2026/03/17 03:19:31.283, 132.64 W, 95 %
2026/03/17 03:19:31.383, 132.63 W, 95 %
2026/03/17 03:19:31.483, 132.65 W, 95 %
2026/03/17 03:19:31.583, 132.65 W, 95 %
2026/03/17 03:19:31.684, 132.65 W, 95 %
2026/03/17 03:19:31.784, 132.65 W, 95 %
2026/03/17 03:19:31.884, 132.64 W, 95 %
2026/03/17 03:19:31.984, 132.63 W, 95 %
2026/03/17 03:19:32.084, 132.62 W, 95 %
2026/03/17 03:19:32.184, 132.61 W, 95 %
2026/03/17 03:19:32.285, 132.59 W, 95 %
2026/03/17 03:19:32.385, 132.59 W, 95 %
2026/03/17 03:19:32.485, 132.58 W, 95 %
2026/03/17 03:19:32.585, 132.55 W, 95 %
2026/03/17 03:19:32.685, 132.53 W, 95 %
2026/03/17 03:19:32.785, 132.52 W, 95 %
2026/03/17 03:19:32.885, 132.52 W, 95 %
2026/03/17 03:19:32.986, 132.52 W, 95 %
2026/03/17 03:19:33.086, 132.51 W, 95 %
2026/03/17 03:19:33.186, 132.50 W, 95 %
2026/03/17 03:19:33.286, 132.48 W, 95 %
2026/03/17 03:19:33.386, 132.46 W, 95 %
2026/03/17 03:19:33.487, 132.45 W, 95 %
2026/03/17 03:19:33.587, 132.44 W, 95 %
2026/03/17 03:19:33.687, 132.42 W, 95 %
2026/03/17 03:19:33.787, 132.37 W, 95 %
2026/03/17 03:19:33.887, 132.34 W, 95 %
2026/03/17 03:19:33.987, 132.31 W, 95 %
2026/03/17 03:19:34.087, 132.30 W, 95 %
2026/03/17 03:19:34.188, 132.29 W, 95 %
2026/03/17 03:19:34.288, 132.26 W, 95 %
2026/03/17 03:19:34.388, 132.23 W, 95 %
2026/03/17 03:19:34.488, 132.22 W, 95 %
2026/03/17 03:19:34.588, 132.21 W, 95 %
2026/03/17 03:19:34.688, 132.20 W, 95 %
2026/03/17 03:19:34.789, 132.22 W, 95 %
2026/03/17 03:19:34.889, 132.20 W, 95 %
2026/03/17 03:19:34.989, 132.18 W, 95 %
2026/03/17 03:19:35.089, 132.17 W, 95 %
2026/03/17 03:19:35.189, 132.16 W, 95 %
2026/03/17 03:19:35.289, 132.19 W, 95 %
2026/03/17 03:19:35.390, 132.17 W, 95 %
2026/03/17 03:19:35.490, 132.15 W, 95 %
2026/03/17 03:19:35.590, 132.13 W, 95 %
2026/03/17 03:19:35.690, 132.12 W, 95 %
2026/03/17 03:19:35.790, 132.09 W, 95 %
2026/03/17 03:19:35.890, 132.10 W, 95 %
2026/03/17 03:19:35.991, 132.11 W, 95 %
2026/03/17 03:19:36.091, 132.10 W, 95 %
2026/03/17 03:19:36.191, 132.10 W, 95 %
2026/03/17 03:19:36.291, 132.07 W, 95 %
2026/03/17 03:19:36.391, 132.06 W, 95 %
2026/03/17 03:19:36.491, 132.05 W, 95 %
2026/03/17 03:19:36.592, 132.04 W, 95 %
2026/03/17 03:19:36.692, 132.03 W, 95 %
2026/03/17 03:19:36.792, 132.02 W, 95 %
2026/03/17 03:19:36.892, 132.02 W, 95 %
2026/03/17 03:19:36.992, 132.00 W, 95 %
2026/03/17 03:19:37.092, 132.00 W, 95 %
2026/03/17 03:19:37.193, 131.98 W, 95 %
2026/03/17 03:19:37.293, 131.98 W, 95 %
2026/03/17 03:19:37.393, 131.97 W, 95 %
2026/03/17 03:19:37.493, 131.97 W, 95 %
2026/03/17 03:19:37.593, 131.99 W, 95 %
2026/03/17 03:19:37.693, 132.00 W, 95 %
2026/03/17 03:19:37.794, 132.01 W, 95 %
2026/03/17 03:19:37.894, 132.00 W, 95 %
2026/03/17 03:19:37.994, 131.99 W, 95 %
2026/03/17 03:19:38.094, 131.96 W, 95 %
2026/03/17 03:19:38.194, 131.96 W, 95 %
2026/03/17 03:19:38.294, 131.95 W, 95 %
2026/03/17 03:19:38.395, 131.96 W, 95 %
2026/03/17 03:19:38.495, 131.96 W, 95 %
2026/03/17 03:19:38.595, 131.95 W, 95 %
2026/03/17 03:19:38.695, 131.94 W, 95 %
2026/03/17 03:19:38.795, 131.95 W, 95 %
2026/03/17 03:19:38.895, 131.96 W, 95 %
2026/03/17 03:19:38.995, 131.97 W, 95 %
2026/03/17 03:19:39.096, 131.98 W, 95 %
2026/03/17 03:19:39.196, 131.99 W, 95 %
2026/03/17 03:19:39.296, 132.01 W, 95 %
2026/03/17 03:19:39.396, 132.01 W, 95 %
2026/03/17 03:19:39.496, 131.99 W, 95 %
2026/03/17 03:19:39.597, 131.99 W, 95 %
2026/03/17 03:19:39.697, 131.97 W, 95 %
2026/03/17 03:19:39.797, 131.94 W, 95 %
2026/03/17 03:19:39.897, 131.93 W, 95 %
2026/03/17 03:19:39.997, 131.92 W, 95 %
2026/03/17 03:19:40.097, 131.92 W, 95 %
2026/03/17 03:19:40.198, 131.90 W, 95 %
2026/03/17 03:19:40.298, 131.87 W, 95 %
2026/03/17 03:19:40.398, 131.85 W, 95 %
2026/03/17 03:19:40.498, 131.88 W, 95 %
2026/03/17 03:19:40.598, 131.88 W, 95 %
2026/03/17 03:19:40.698, 131.89 W, 95 %
2026/03/17 03:19:40.799, 131.90 W, 95 %
2026/03/17 03:19:40.899, 131.91 W, 95 %
2026/03/17 03:19:40.999, 131.91 W, 95 %
2026/03/17 03:19:41.099, 131.93 W, 95 %
2026/03/17 03:19:41.199, 131.96 W, 95 %
2026/03/17 03:19:41.299, 131.98 W, 95 %
2026/03/17 03:19:41.399, 132.00 W, 95 %
2026/03/17 03:19:41.500, 131.99 W, 95 %
2026/03/17 03:19:41.600, 132.00 W, 95 %
2026/03/17 03:19:41.700, 132.03 W, 95 %
2026/03/17 03:19:41.800, 132.06 W, 95 %
2026/03/17 03:19:41.900, 132.09 W, 95 %
2026/03/17 03:19:42.000, 132.10 W, 95 %
2026/03/17 03:19:42.101, 132.09 W, 95 %
2026/03/17 03:19:42.201, 132.10 W, 95 %
2026/03/17 03:19:42.301, 132.11 W, 95 %
2026/03/17 03:19:42.401, 132.13 W, 95 %
2026/03/17 03:19:42.501, 132.17 W, 95 %
2026/03/17 03:19:42.602, 132.16 W, 95 %
2026/03/17 03:19:42.702, 132.14 W, 95 %
2026/03/17 03:19:42.802, 132.14 W, 95 %
2026/03/17 03:19:42.902, 132.15 W, 95 %
2026/03/17 03:19:43.002, 132.18 W, 95 %
2026/03/17 03:19:43.102, 132.21 W, 95 %
2026/03/17 03:19:43.202, 132.24 W, 95 %
2026/03/17 03:19:43.303, 132.24 W, 95 %
2026/03/17 03:19:43.403, 132.27 W, 95 %
2026/03/17 03:19:43.503, 132.30 W, 95 %
2026/03/17 03:19:43.603, 132.32 W, 95 %
2026/03/17 03:19:43.703, 132.37 W, 95 %
2026/03/17 03:19:43.803, 132.38 W, 95 %
2026/03/17 03:19:43.904, 132.39 W, 95 %
2026/03/17 03:19:44.004, 132.40 W, 95 %
2026/03/17 03:19:44.104, 132.44 W, 95 %
2026/03/17 03:19:44.204, 132.46 W, 95 %
2026/03/17 03:19:44.304, 132.50 W, 95 %
2026/03/17 03:19:44.404, 132.53 W, 95 %
2026/03/17 03:19:44.505, 132.54 W, 95 %
2026/03/17 03:19:44.605, 132.58 W, 95 %
2026/03/17 03:19:44.705, 132.62 W, 95 %
2026/03/17 03:19:44.805, 132.66 W, 95 %
2026/03/17 03:19:44.905, 132.72 W, 95 %
2026/03/17 03:19:45.005, 132.74 W, 95 %
2026/03/17 03:19:45.106, 132.75 W, 95 %
2026/03/17 03:19:45.206, 132.78 W, 95 %
2026/03/17 03:19:45.306, 132.81 W, 95 %
2026/03/17 03:19:45.406, 132.82 W, 95 %
2026/03/17 03:19:45.506, 132.84 W, 95 %
2026/03/17 03:19:45.606, 132.86 W, 95 %
2026/03/17 03:19:45.707, 132.86 W, 95 %
2026/03/17 03:19:45.807, 132.85 W, 95 %
2026/03/17 03:19:45.907, 132.84 W, 95 %
2026/03/17 03:19:46.007, 132.86 W, 95 %
2026/03/17 03:19:46.107, 132.90 W, 95 %
2026/03/17 03:19:46.207, 132.91 W, 95 %
2026/03/17 03:19:46.308, 132.92 W, 95 %
2026/03/17 03:19:46.408, 132.95 W, 95 %
2026/03/17 03:19:46.508, 132.98 W, 95 %
2026/03/17 03:19:46.608, 132.99 W, 95 %
2026/03/17 03:19:46.708, 133.00 W, 95 %
2026/03/17 03:19:46.808, 133.03 W, 95 %
2026/03/17 03:19:46.908, 133.07 W, 95 %
2026/03/17 03:19:47.009, 133.06 W, 95 %
2026/03/17 03:19:47.109, 133.03 W, 95 %
2026/03/17 03:19:47.209, 133.02 W, 95 %
2026/03/17 03:19:47.309, 133.04 W, 95 %
2026/03/17 03:19:47.409, 133.02 W, 95 %
2026/03/17 03:19:47.509, 133.01 W, 95 %
2026/03/17 03:19:47.610, 133.02 W, 95 %
2026/03/17 03:19:47.710, 133.05 W, 95 %
2026/03/17 03:19:47.810, 133.09 W, 95 %
2026/03/17 03:19:47.910, 133.10 W, 95 %
2026/03/17 03:19:48.010, 133.11 W, 95 %
2026/03/17 03:19:48.110, 133.16 W, 95 %
2026/03/17 03:19:48.211, 133.19 W, 95 %
2026/03/17 03:19:48.311, 133.20 W, 95 %
2026/03/17 03:19:48.411, 133.19 W, 95 %
2026/03/17 03:19:48.511, 133.21 W, 95 %
2026/03/17 03:19:48.611, 133.22 W, 95 %
2026/03/17 03:19:48.711, 133.18 W, 95 %
2026/03/17 03:19:48.812, 133.16 W, 95 %
2026/03/17 03:19:48.912, 133.14 W, 95 %
2026/03/17 03:19:49.012, 133.14 W, 95 %
2026/03/17 03:19:49.112, 133.15 W, 95 %
2026/03/17 03:19:49.212, 133.13 W, 95 %
2026/03/17 03:19:49.312, 133.13 W, 95 %
2026/03/17 03:19:49.413, 133.14 W, 95 %
2026/03/17 03:19:49.513, 133.14 W, 95 %
2026/03/17 03:19:49.613, 133.12 W, 95 %
2026/03/17 03:19:49.713, 133.14 W, 95 %
2026/03/17 03:19:49.813, 133.13 W, 95 %
2026/03/17 03:19:49.913, 133.14 W, 95 %
2026/03/17 03:19:50.014, 133.12 W, 95 %
2026/03/17 03:19:50.114, 133.10 W, 95 %
2026/03/17 03:19:50.214, 133.09 W, 95 %
2026/03/17 03:19:50.314, 133.07 W, 95 %
2026/03/17 03:19:50.414, 133.04 W, 95 %
2026/03/17 03:19:50.514, 133.04 W, 95 %
2026/03/17 03:19:50.615, 133.05 W, 95 %
2026/03/17 03:19:50.715, 133.04 W, 95 %
2026/03/17 03:19:50.815, 133.05 W, 95 %
2026/03/17 03:19:50.915, 133.04 W, 95 %
2026/03/17 03:19:51.015, 133.03 W, 95 %
2026/03/17 03:19:51.115, 133.01 W, 95 %
2026/03/17 03:19:51.216, 133.02 W, 95 %
2026/03/17 03:19:51.316, 133.01 W, 95 %
2026/03/17 03:19:51.416, 132.98 W, 95 %
2026/03/17 03:19:51.516, 132.96 W, 95 %
2026/03/17 03:19:51.616, 132.94 W, 95 %
2026/03/17 03:19:51.716, 132.89 W, 95 %
2026/03/17 03:19:51.816, 132.84 W, 95 %
2026/03/17 03:19:51.917, 132.81 W, 95 %
2026/03/17 03:19:52.017, 132.82 W, 95 %
2026/03/17 03:19:52.117, 132.81 W, 95 %
2026/03/17 03:19:52.217, 132.79 W, 95 %
2026/03/17 03:19:52.317, 132.76 W, 95 %
2026/03/17 03:19:52.417, 132.76 W, 95 %
2026/03/17 03:19:52.518, 132.76 W, 95 %
2026/03/17 03:19:52.618, 132.73 W, 95 %
2026/03/17 03:19:52.718, 132.71 W, 95 %
2026/03/17 03:19:52.818, 132.71 W, 95 %
2026/03/17 03:19:52.918, 132.69 W, 95 %
2026/03/17 03:19:53.018, 132.65 W, 95 %
2026/03/17 03:19:53.119, 132.64 W, 95 %
2026/03/17 03:19:53.219, 132.63 W, 95 %
2026/03/17 03:19:53.319, 132.62 W, 95 %
2026/03/17 03:19:53.419, 132.59 W, 95 %
2026/03/17 03:19:53.519, 132.57 W, 95 %
2026/03/17 03:19:53.619, 132.56 W, 95 %
2026/03/17 03:19:53.720, 132.58 W, 95 %
2026/03/17 03:19:53.820, 132.56 W, 95 %
2026/03/17 03:19:53.920, 132.54 W, 95 %
2026/03/17 03:19:54.020, 132.52 W, 95 %
2026/03/17 03:19:54.120, 132.49 W, 95 %
2026/03/17 03:19:54.220, 132.50 W, 95 %
2026/03/17 03:19:54.320, 132.49 W, 95 %
2026/03/17 03:19:54.421, 132.48 W, 95 %
2026/03/17 03:19:54.521, 132.46 W, 95 %
2026/03/17 03:19:54.621, 132.43 W, 95 %
2026/03/17 03:19:54.721, 132.39 W, 95 %
2026/03/17 03:19:54.821, 132.37 W, 95 %
2026/03/17 03:19:54.921, 132.38 W, 95 %
2026/03/17 03:19:55.022, 132.37 W, 95 %
2026/03/17 03:19:55.122, 132.36 W, 95 %
2026/03/17 03:19:55.222, 132.33 W, 95 %
2026/03/17 03:19:55.322, 132.31 W, 95 %
2026/03/17 03:19:55.422, 132.32 W, 95 %
2026/03/17 03:19:55.522, 132.31 W, 95 %
2026/03/17 03:19:55.623, 132.33 W, 95 %
2026/03/17 03:19:55.723, 132.33 W, 95 %
2026/03/17 03:19:55.823, 132.34 W, 95 %
2026/03/17 03:19:55.923, 132.34 W, 95 %
2026/03/17 03:19:56.023, 132.35 W, 95 %
2026/03/17 03:19:56.123, 132.35 W, 95 %
2026/03/17 03:19:56.224, 132.35 W, 95 %
2026/03/17 03:19:56.324, 132.36 W, 95 %
2026/03/17 03:19:56.424, 132.35 W, 95 %
2026/03/17 03:19:56.524, 132.35 W, 95 %
2026/03/17 03:19:56.624, 132.37 W, 95 %
2026/03/17 03:19:56.724, 132.40 W, 95 %
2026/03/17 03:19:56.825, 132.41 W, 95 %
2026/03/17 03:19:56.925, 132.40 W, 95 %
2026/03/17 03:19:57.025, 132.38 W, 95 %
2026/03/17 03:19:57.125, 132.40 W, 95 %
2026/03/17 03:19:57.225, 132.43 W, 95 %
2026/03/17 03:19:57.325, 132.44 W, 95 %
2026/03/17 03:19:57.426, 132.45 W, 95 %
2026/03/17 03:19:57.526, 132.46 W, 95 %
2026/03/17 03:19:57.626, 132.47 W, 95 %
2026/03/17 03:19:57.726, 132.47 W, 95 %
2026/03/17 03:19:57.826, 132.48 W, 95 %
2026/03/17 03:19:57.926, 132.51 W, 95 %
2026/03/17 03:19:58.026, 132.54 W, 95 %
2026/03/17 03:19:58.127, 132.55 W, 95 %
2026/03/17 03:19:58.227, 132.56 W, 95 %
2026/03/17 03:19:58.327, 132.58 W, 95 %
2026/03/17 03:19:58.427, 132.60 W, 95 %
2026/03/17 03:19:58.527, 132.62 W, 95 %
2026/03/17 03:19:58.627, 132.62 W, 95 %
2026/03/17 03:19:58.728, 132.60 W, 95 %
2026/03/17 03:19:58.828, 132.60 W, 95 %
2026/03/17 03:19:58.928, 132.62 W, 95 %
2026/03/17 03:19:59.028, 132.61 W, 95 %
2026/03/17 03:19:59.128, 132.60 W, 95 %
2026/03/17 03:19:59.228, 132.59 W, 95 %
2026/03/17 03:19:59.329, 132.59 W, 95 %
2026/03/17 03:19:59.429, 132.57 W, 95 %
2026/03/17 03:19:59.529, 132.58 W, 95 %
2026/03/17 03:19:59.629, 132.59 W, 95 %
2026/03/17 03:19:59.729, 132.63 W, 95 %
2026/03/17 03:19:59.829, 132.64 W, 95 %
2026/03/17 03:19:59.930, 132.65 W, 95 %
2026/03/17 03:20:00.030, 132.65 W, 95 %
2026/03/17 03:20:00.130, 132.67 W, 95 %
2026/03/17 03:20:00.230, 132.70 W, 95 %
2026/03/17 03:20:00.330, 132.72 W, 95 %
2026/03/17 03:20:00.430, 132.72 W, 95 %
2026/03/17 03:20:00.531, 132.74 W, 95 %
2026/03/17 03:20:00.631, 132.75 W, 95 %
2026/03/17 03:20:00.731, 132.75 W, 95 %
2026/03/17 03:20:00.831, 132.77 W, 95 %
2026/03/17 03:20:00.931, 132.78 W, 95 %
2026/03/17 03:20:01.031, 132.80 W, 95 %
2026/03/17 03:20:01.132, 132.80 W, 95 %
2026/03/17 03:20:01.232, 132.80 W, 95 %
2026/03/17 03:20:01.332, 132.79 W, 95 %
2026/03/17 03:20:01.432, 132.81 W, 95 %
2026/03/17 03:20:01.532, 132.79 W, 95 %
2026/03/17 03:20:01.632, 132.78 W, 95 %
2026/03/17 03:20:01.733, 132.77 W, 95 %
2026/03/17 03:20:01.833, 132.76 W, 95 %
2026/03/17 03:20:01.933, 132.75 W, 95 %
2026/03/17 03:20:02.033, 132.74 W, 95 %
2026/03/17 03:20:02.133, 132.73 W, 95 %
2026/03/17 03:20:02.233, 132.73 W, 95 %
2026/03/17 03:20:02.333, 132.71 W, 95 %
2026/03/17 03:20:02.434, 132.69 W, 95 %
2026/03/17 03:20:02.534, 132.67 W, 95 %
2026/03/17 03:20:02.634, 132.68 W, 95 %
2026/03/17 03:20:02.734, 132.68 W, 95 %
2026/03/17 03:20:02.834, 132.66 W, 95 %
2026/03/17 03:20:02.934, 132.67 W, 95 %
2026/03/17 03:20:03.035, 132.66 W, 95 %
2026/03/17 03:20:03.135, 132.67 W, 95 %
2026/03/17 03:20:03.235, 132.68 W, 95 %
2026/03/17 03:20:03.335, 132.70 W, 95 %
2026/03/17 03:20:03.435, 132.71 W, 95 %
2026/03/17 03:20:03.535, 132.71 W, 95 %
2026/03/17 03:20:03.636, 132.71 W, 95 %
2026/03/17 03:20:03.736, 132.70 W, 95 %
2026/03/17 03:20:03.836, 132.69 W, 95 %
2026/03/17 03:20:03.936, 132.70 W, 95 %
2026/03/17 03:20:04.036, 132.68 W, 95 %
2026/03/17 03:20:04.136, 132.66 W, 95 %
2026/03/17 03:20:04.236, 132.64 W, 95 %
2026/03/17 03:20:04.337, 132.61 W, 95 %
2026/03/17 03:20:04.437, 132.60 W, 95 %
2026/03/17 03:20:04.537, 132.60 W, 95 %
2026/03/17 03:20:04.637, 132.58 W, 95 %
2026/03/17 03:20:04.737, 132.59 W, 95 %
2026/03/17 03:20:04.837, 132.59 W, 95 %
2026/03/17 03:20:04.938, 132.59 W, 95 %
2026/03/17 03:20:05.038, 132.57 W, 95 %
2026/03/17 03:20:05.138, 132.54 W, 95 %
2026/03/17 03:20:05.238, 132.53 W, 95 %
2026/03/17 03:20:05.338, 132.52 W, 95 %
2026/03/17 03:20:05.438, 132.51 W, 95 %
2026/03/17 03:20:05.539, 132.49 W, 95 %
2026/03/17 03:20:05.639, 132.46 W, 95 %
2026/03/17 03:20:05.739, 132.43 W, 95 %
2026/03/17 03:20:05.839, 132.38 W, 95 %
2026/03/17 03:20:05.939, 132.36 W, 95 %
2026/03/17 03:20:06.039, 132.34 W, 95 %
2026/03/17 03:20:06.140, 132.36 W, 95 %
2026/03/17 03:20:06.240, 132.37 W, 95 %
2026/03/17 03:20:06.340, 132.32 W, 95 %
2026/03/17 03:20:06.440, 132.29 W, 95 %
2026/03/17 03:20:06.540, 132.27 W, 95 %
2026/03/17 03:20:06.640, 132.26 W, 95 %
2026/03/17 03:20:06.741, 132.25 W, 95 %
2026/03/17 03:20:06.841, 132.25 W, 95 %
2026/03/17 03:20:06.941, 132.24 W, 95 %
2026/03/17 03:20:07.041, 132.21 W, 95 %
2026/03/17 03:20:07.141, 132.18 W, 95 %
2026/03/17 03:20:07.241, 132.18 W, 95 %
2026/03/17 03:20:07.341, 132.18 W, 95 %
2026/03/17 03:20:07.442, 132.20 W, 95 %
2026/03/17 03:20:07.542, 132.19 W, 95 %
2026/03/17 03:20:07.642, 132.20 W, 95 %
2026/03/17 03:20:07.742, 132.21 W, 95 %
2026/03/17 03:20:07.842, 132.20 W, 95 %
2026/03/17 03:20:07.942, 132.20 W, 95 %
2026/03/17 03:20:08.043, 132.22 W, 95 %
2026/03/17 03:20:08.143, 132.22 W, 95 %
2026/03/17 03:20:08.243, 132.20 W, 95 %
2026/03/17 03:20:08.343, 132.17 W, 95 %
2026/03/17 03:20:08.443, 132.16 W, 95 %
2026/03/17 03:20:08.543, 132.14 W, 95 %
2026/03/17 03:20:08.644, 132.13 W, 95 %
2026/03/17 03:20:08.744, 132.11 W, 95 %
2026/03/17 03:20:08.844, 132.10 W, 95 %
2026/03/17 03:20:08.944, 132.07 W, 95 %
2026/03/17 03:20:09.044, 132.07 W, 95 %
2026/03/17 03:20:09.144, 132.05 W, 95 %
2026/03/17 03:20:09.245, 132.03 W, 95 %
2026/03/17 03:20:09.345, 132.02 W, 95 %
2026/03/17 03:20:09.445, 132.01 W, 95 %
2026/03/17 03:20:09.545, 132.02 W, 95 %
2026/03/17 03:20:09.645, 132.03 W, 95 %
2026/03/17 03:20:09.745, 132.02 W, 95 %
2026/03/17 03:20:09.846, 132.01 W, 95 %
2026/03/17 03:20:09.946, 132.02 W, 95 %
2026/03/17 03:20:10.046, 131.99 W, 95 %
2026/03/17 03:20:10.146, 131.98 W, 95 %
2026/03/17 03:20:10.246, 131.98 W, 95 %
2026/03/17 03:20:10.346, 131.99 W, 95 %
2026/03/17 03:20:10.447, 131.93 W, 91 %
2026/03/17 03:20:10.547, 131.92 W, 91 %
2026/03/17 03:20:10.647, 131.90 W, 95 %
2026/03/17 03:20:10.747, 131.90 W, 95 %
2026/03/17 03:20:10.847, 131.90 W, 95 %
2026/03/17 03:20:10.947, 131.90 W, 95 %
2026/03/17 03:20:11.047, 131.93 W, 95 %
2026/03/17 03:20:11.148, 131.93 W, 95 %
2026/03/17 03:20:11.248, 131.94 W, 95 %
2026/03/17 03:20:11.348, 131.93 W, 95 %
2026/03/17 03:20:11.448, 131.97 W, 95 %
2026/03/17 03:20:11.548, 131.96 W, 95 %
2026/03/17 03:20:11.648, 131.92 W, 92 %
2026/03/17 03:20:11.749, 131.93 W, 92 %
2026/03/17 03:20:11.849, 131.92 W, 95 %
2026/03/17 03:20:11.949, 131.92 W, 95 %
2026/03/17 03:20:12.049, 131.91 W, 95 %
2026/03/17 03:20:12.149, 131.91 W, 95 %
2026/03/17 03:20:12.250, 131.93 W, 95 %
2026/03/17 03:20:12.350, 131.90 W, 95 %
2026/03/17 03:20:12.450, 131.91 W, 95 %
2026/03/17 03:20:12.550, 131.91 W, 95 %
2026/03/17 03:20:12.650, 131.92 W, 95 %
2026/03/17 03:20:12.750, 131.90 W, 95 %
2026/03/17 03:20:12.850, 131.85 W, 93 %
2026/03/17 03:20:12.951, 131.83 W, 93 %
2026/03/17 03:20:13.051, 131.84 W, 95 %
2026/03/17 03:20:13.151, 131.83 W, 95 %
2026/03/17 03:20:13.251, 131.82 W, 95 %
2026/03/17 03:20:13.351, 131.85 W, 95 %
2026/03/17 03:20:13.451, 131.88 W, 95 %
2026/03/17 03:20:13.552, 131.91 W, 95 %
2026/03/17 03:20:13.652, 131.92 W, 95 %
2026/03/17 03:20:13.752, 131.95 W, 95 %
2026/03/17 03:20:13.852, 132.01 W, 95 %
2026/03/17 03:20:13.952, 132.05 W, 95 %
2026/03/17 03:20:14.052, 132.04 W, 95 %
2026/03/17 03:20:14.153, 132.06 W, 95 %
2026/03/17 03:20:14.253, 132.08 W, 95 %
2026/03/17 03:20:14.353, 132.09 W, 95 %
2026/03/17 03:20:14.453, 132.09 W, 95 %
2026/03/17 03:20:14.553, 132.10 W, 95 %
2026/03/17 03:20:14.653, 132.10 W, 95 %
2026/03/17 03:20:14.754, 132.11 W, 95 %
2026/03/17 03:20:14.854, 132.15 W, 95 %
2026/03/17 03:20:14.954, 132.16 W, 95 %
2026/03/17 03:20:15.054, 132.21 W, 95 %
2026/03/17 03:20:15.154, 132.25 W, 95 %
2026/03/17 03:20:15.254, 132.28 W, 95 %
2026/03/17 03:20:15.355, 132.29 W, 95 %
2026/03/17 03:20:15.455, 132.31 W, 95 %
2026/03/17 03:20:15.555, 132.34 W, 95 %
2026/03/17 03:20:15.655, 132.37 W, 95 %
2026/03/17 03:20:15.755, 132.40 W, 95 %
2026/03/17 03:20:15.855, 132.41 W, 95 %
2026/03/17 03:20:15.956, 132.42 W, 95 %
2026/03/17 03:20:16.056, 132.44 W, 95 %
2026/03/17 03:20:16.156, 132.44 W, 95 %
2026/03/17 03:20:16.256, 132.44 W, 95 %
2026/03/17 03:20:16.356, 132.46 W, 95 %
2026/03/17 03:20:16.456, 132.49 W, 95 %
2026/03/17 03:20:16.557, 132.51 W, 95 %
2026/03/17 03:20:16.657, 132.54 W, 95 %
2026/03/17 03:20:16.757, 132.56 W, 95 %
2026/03/17 03:20:16.857, 132.58 W, 95 %
2026/03/17 03:20:16.957, 132.59 W, 95 %
2026/03/17 03:20:17.057, 132.62 W, 95 %
2026/03/17 03:20:17.158, 132.63 W, 95 %
2026/03/17 03:20:17.258, 132.66 W, 95 %
2026/03/17 03:20:17.358, 132.67 W, 95 %
2026/03/17 03:20:17.458, 132.67 W, 95 %
2026/03/17 03:20:17.558, 132.69 W, 95 %
2026/03/17 03:20:17.658, 132.70 W, 95 %
2026/03/17 03:20:17.759, 132.70 W, 95 %
2026/03/17 03:20:17.859, 132.70 W, 95 %
2026/03/17 03:20:17.959, 132.73 W, 95 %
2026/03/17 03:20:18.059, 132.75 W, 95 %
2026/03/17 03:20:18.159, 132.80 W, 95 %
2026/03/17 03:20:18.259, 132.81 W, 95 %
2026/03/17 03:20:18.360, 132.82 W, 95 %
2026/03/17 03:20:18.460, 132.84 W, 95 %
2026/03/17 03:20:18.560, 132.87 W, 95 %
2026/03/17 03:20:18.660, 132.90 W, 95 %
2026/03/17 03:20:18.760, 132.94 W, 95 %
2026/03/17 03:20:18.860, 132.97 W, 95 %
2026/03/17 03:20:18.961, 132.98 W, 95 %
2026/03/17 03:20:19.061, 132.98 W, 95 %
2026/03/17 03:20:19.161, 132.97 W, 95 %
2026/03/17 03:20:19.261, 132.99 W, 95 %
2026/03/17 03:20:19.361, 133.02 W, 95 %
2026/03/17 03:20:19.461, 133.05 W, 95 %
2026/03/17 03:20:19.561, 133.05 W, 95 %
2026/03/17 03:20:19.662, 133.04 W, 95 %
2026/03/17 03:20:19.762, 133.04 W, 95 %
2026/03/17 03:20:19.862, 133.06 W, 95 %
2026/03/17 03:20:19.962, 133.07 W, 95 %
2026/03/17 03:20:20.062, 133.07 W, 95 %
2026/03/17 03:20:20.162, 133.09 W, 95 %
2026/03/17 03:20:20.263, 133.10 W, 95 %
2026/03/17 03:20:20.363, 133.09 W, 95 %
2026/03/17 03:20:20.463, 133.09 W, 95 %
2026/03/17 03:20:20.563, 133.10 W, 95 %
2026/03/17 03:20:20.663, 133.12 W, 95 %
2026/03/17 03:20:20.764, 133.12 W, 95 %
2026/03/17 03:20:20.864, 133.10 W, 95 %
2026/03/17 03:20:20.964, 133.11 W, 95 %
2026/03/17 03:20:21.064, 133.13 W, 95 %
2026/03/17 03:20:21.164, 133.15 W, 95 %
2026/03/17 03:20:21.264, 133.15 W, 95 %
2026/03/17 03:20:21.365, 133.16 W, 95 %
2026/03/17 03:20:21.465, 133.16 W, 95 %
2026/03/17 03:20:21.565, 133.16 W, 95 %
2026/03/17 03:20:21.665, 133.16 W, 95 %
2026/03/17 03:20:21.765, 133.16 W, 95 %
2026/03/17 03:20:21.865, 133.16 W, 95 %
2026/03/17 03:20:21.965, 133.13 W, 95 %
2026/03/17 03:20:22.066, 133.09 W, 95 %
2026/03/17 03:20:22.166, 133.08 W, 95 %
2026/03/17 03:20:22.266, 133.05 W, 95 %
2026/03/17 03:20:22.366, 133.04 W, 95 %
2026/03/17 03:20:22.466, 133.03 W, 95 %
2026/03/17 03:20:22.566, 133.02 W, 95 %
2026/03/17 03:20:22.667, 133.00 W, 95 %
2026/03/17 03:20:22.767, 133.00 W, 95 %
2026/03/17 03:20:22.867, 133.01 W, 95 %
2026/03/17 03:20:22.967, 132.99 W, 95 %
2026/03/17 03:20:23.067, 132.98 W, 95 %
2026/03/17 03:20:23.167, 132.97 W, 95 %
2026/03/17 03:20:23.268, 132.96 W, 95 %
2026/03/17 03:20:23.368, 132.95 W, 95 %
2026/03/17 03:20:23.468, 132.92 W, 95 %
2026/03/17 03:20:23.568, 132.89 W, 95 %
2026/03/17 03:20:23.668, 132.87 W, 95 %
2026/03/17 03:20:23.768, 132.83 W, 95 %
2026/03/17 03:20:23.869, 132.80 W, 95 %
2026/03/17 03:20:23.969, 132.79 W, 95 %
2026/03/17 03:20:24.069, 132.79 W, 95 %
2026/03/17 03:20:24.169, 132.76 W, 95 %
2026/03/17 03:20:24.269, 132.73 W, 95 %
2026/03/17 03:20:24.369, 132.72 W, 95 %
2026/03/17 03:20:24.470, 132.72 W, 95 %
2026/03/17 03:20:24.570, 132.71 W, 95 %
2026/03/17 03:20:24.670, 132.70 W, 95 %
2026/03/17 03:20:24.770, 132.70 W, 95 %
2026/03/17 03:20:24.870, 132.64 W, 95 %
2026/03/17 03:20:24.970, 132.60 W, 95 %
2026/03/17 03:20:25.070, 132.58 W, 95 %
2026/03/17 03:20:25.171, 132.58 W, 95 %
2026/03/17 03:20:25.271, 132.57 W, 95 %
2026/03/17 03:20:25.371, 132.55 W, 95 %
2026/03/17 03:20:25.471, 132.54 W, 95 %
2026/03/17 03:20:25.571, 132.53 W, 95 %
2026/03/17 03:20:25.671, 132.52 W, 95 %
2026/03/17 03:20:25.772, 132.54 W, 95 %
2026/03/17 03:20:25.872, 132.53 W, 95 %
2026/03/17 03:20:25.972, 132.53 W, 95 %
2026/03/17 03:20:26.072, 132.52 W, 95 %
2026/03/17 03:20:26.172, 132.52 W, 95 %
2026/03/17 03:20:26.272, 132.52 W, 95 %
2026/03/17 03:20:26.373, 132.52 W, 95 %
2026/03/17 03:20:26.477, 132.51 W, 95 %
2026/03/17 03:20:26.577, 132.50 W, 95 %
2026/03/17 03:20:26.677, 132.51 W, 95 %
2026/03/17 03:20:26.778, 132.49 W, 95 %
2026/03/17 03:20:26.878, 132.49 W, 95 %
2026/03/17 03:20:26.978, 132.50 W, 95 %
2026/03/17 03:20:27.078, 132.51 W, 95 %
2026/03/17 03:20:27.178, 132.50 W, 95 %
2026/03/17 03:20:27.278, 132.49 W, 95 %
2026/03/17 03:20:27.379, 132.49 W, 95 %
2026/03/17 03:20:27.479, 132.48 W, 95 %
2026/03/17 03:20:27.579, 132.46 W, 95 %
2026/03/17 03:20:27.679, 132.46 W, 95 %
2026/03/17 03:20:27.779, 132.44 W, 95 %
2026/03/17 03:20:27.879, 132.42 W, 95 %
2026/03/17 03:20:27.980, 132.42 W, 95 %
2026/03/17 03:20:28.080, 132.41 W, 95 %
2026/03/17 03:20:28.180, 132.40 W, 95 %
2026/03/17 03:20:28.280, 132.40 W, 95 %
2026/03/17 03:20:28.380, 132.38 W, 95 %
2026/03/17 03:20:28.480, 132.37 W, 95 %
2026/03/17 03:20:28.581, 132.37 W, 95 %
2026/03/17 03:20:28.681, 132.37 W, 95 %
2026/03/17 03:20:28.781, 132.38 W, 95 %
2026/03/17 03:20:28.881, 132.37 W, 95 %
2026/03/17 03:20:28.981, 132.37 W, 95 %
2026/03/17 03:20:29.081, 132.36 W, 95 %
2026/03/17 03:20:29.182, 132.37 W, 95 %
2026/03/17 03:20:29.282, 132.35 W, 95 %
2026/03/17 03:20:29.382, 132.36 W, 95 %
2026/03/17 03:20:29.482, 132.39 W, 95 %
2026/03/17 03:20:29.582, 132.41 W, 95 %
2026/03/17 03:20:29.683, 132.41 W, 95 %
2026/03/17 03:20:29.783, 132.41 W, 95 %
2026/03/17 03:20:29.883, 132.43 W, 95 %
2026/03/17 03:20:29.983, 132.46 W, 95 %
2026/03/17 03:20:30.083, 132.50 W, 95 %
2026/03/17 03:20:30.183, 132.49 W, 95 %
2026/03/17 03:20:30.283, 132.52 W, 95 %
2026/03/17 03:20:30.384, 132.54 W, 95 %
2026/03/17 03:20:30.484, 132.55 W, 95 %
2026/03/17 03:20:30.584, 132.56 W, 95 %
2026/03/17 03:20:30.684, 132.58 W, 95 %
2026/03/17 03:20:30.784, 132.58 W, 95 %
2026/03/17 03:20:30.885, 132.59 W, 95 %
2026/03/17 03:20:30.985, 132.60 W, 95 %
2026/03/17 03:20:31.085, 132.57 W, 95 %
2026/03/17 03:20:31.185, 132.57 W, 95 %
2026/03/17 03:20:31.285, 132.59 W, 95 %
2026/03/17 03:20:31.385, 132.59 W, 95 %
2026/03/17 03:20:31.486, 132.57 W, 95 %
2026/03/17 03:20:31.586, 132.58 W, 95 %
2026/03/17 03:20:31.686, 132.60 W, 95 %
2026/03/17 03:20:31.786, 132.61 W, 95 %
2026/03/17 03:20:31.886, 132.62 W, 95 %
2026/03/17 03:20:31.986, 132.64 W, 95 %
2026/03/17 03:20:32.087, 132.67 W, 95 %
2026/03/17 03:20:32.187, 132.71 W, 95 %
2026/03/17 03:20:32.287, 132.74 W, 95 %
2026/03/17 03:20:32.387, 132.75 W, 95 %
2026/03/17 03:20:32.487, 132.77 W, 95 %
2026/03/17 03:20:32.587, 132.78 W, 95 %
2026/03/17 03:20:32.688, 132.78 W, 95 %
2026/03/17 03:20:32.788, 132.79 W, 95 %
2026/03/17 03:20:32.888, 132.80 W, 95 %
2026/03/17 03:20:32.988, 132.79 W, 95 %
2026/03/17 03:20:33.088, 132.76 W, 95 %
2026/03/17 03:20:33.188, 132.73 W, 95 %
2026/03/17 03:20:33.288, 132.72 W, 95 %
2026/03/17 03:20:33.389, 132.73 W, 95 %
2026/03/17 03:20:33.489, 132.73 W, 95 %
2026/03/17 03:20:33.589, 132.73 W, 95 %
2026/03/17 03:20:33.689, 132.74 W, 95 %
2026/03/17 03:20:33.789, 132.73 W, 95 %
2026/03/17 03:20:33.889, 132.71 W, 95 %
2026/03/17 03:20:33.990, 132.73 W, 95 %
2026/03/17 03:20:34.090, 132.74 W, 95 %
2026/03/17 03:20:34.190, 132.76 W, 95 %
2026/03/17 03:20:34.290, 132.75 W, 95 %
2026/03/17 03:20:34.390, 132.72 W, 95 %
2026/03/17 03:20:34.491, 132.72 W, 95 %
2026/03/17 03:20:34.591, 132.71 W, 95 %
2026/03/17 03:20:34.691, 132.69 W, 95 %
2026/03/17 03:20:34.791, 132.70 W, 95 %
2026/03/17 03:20:34.891, 132.68 W, 95 %
2026/03/17 03:20:34.991, 132.67 W, 95 %
2026/03/17 03:20:35.091, 132.67 W, 95 %
2026/03/17 03:20:35.192, 132.68 W, 95 %
2026/03/17 03:20:35.292, 132.69 W, 95 %
2026/03/17 03:20:35.392, 132.70 W, 95 %
2026/03/17 03:20:35.492, 132.71 W, 95 %
2026/03/17 03:20:35.592, 132.70 W, 95 %
2026/03/17 03:20:35.692, 132.69 W, 95 %
2026/03/17 03:20:35.793, 132.68 W, 95 %
2026/03/17 03:20:35.893, 132.69 W, 95 %
2026/03/17 03:20:35.993, 132.67 W, 95 %
2026/03/17 03:20:36.093, 132.66 W, 95 %
2026/03/17 03:20:36.193, 132.62 W, 95 %
2026/03/17 03:20:36.293, 132.62 W, 95 %
2026/03/17 03:20:36.394, 132.61 W, 95 %
2026/03/17 03:20:36.494, 132.58 W, 95 %
2026/03/17 03:20:36.594, 132.59 W, 95 %
2026/03/17 03:20:36.694, 132.60 W, 95 %
2026/03/17 03:20:36.794, 132.59 W, 95 %
2026/03/17 03:20:36.894, 132.58 W, 95 %
2026/03/17 03:20:36.995, 132.56 W, 95 %
2026/03/17 03:20:37.095, 132.57 W, 95 %
2026/03/17 03:20:37.195, 132.56 W, 95 %
2026/03/17 03:20:37.295, 132.53 W, 95 %
2026/03/17 03:20:37.395, 132.48 W, 95 %
2026/03/17 03:20:37.495, 132.48 W, 95 %
2026/03/17 03:20:37.596, 132.44 W, 95 %
2026/03/17 03:20:37.696, 132.43 W, 95 %
2026/03/17 03:20:37.796, 132.40 W, 95 %
2026/03/17 03:20:37.896, 132.40 W, 95 %
2026/03/17 03:20:37.996, 132.41 W, 95 %
2026/03/17 03:20:38.096, 132.40 W, 95 %
2026/03/17 03:20:38.197, 132.40 W, 95 %
2026/03/17 03:20:38.297, 132.39 W, 95 %
2026/03/17 03:20:38.397, 132.40 W, 95 %
2026/03/17 03:20:38.497, 132.37 W, 95 %
2026/03/17 03:20:38.597, 132.36 W, 95 %
2026/03/17 03:20:38.697, 132.32 W, 95 %
2026/03/17 03:20:38.797, 132.32 W, 95 %
2026/03/17 03:20:38.898, 132.29 W, 95 %
2026/03/17 03:20:38.998, 132.24 W, 95 %
2026/03/17 03:20:39.098, 132.22 W, 95 %
2026/03/17 03:20:39.198, 132.19 W, 95 %
2026/03/17 03:20:39.298, 132.19 W, 95 %
2026/03/17 03:20:39.398, 132.18 W, 95 %
2026/03/17 03:20:39.499, 132.19 W, 95 %
2026/03/17 03:20:39.599, 132.18 W, 95 %
2026/03/17 03:20:39.699, 132.19 W, 95 %
2026/03/17 03:20:39.799, 132.17 W, 95 %
2026/03/17 03:20:39.899, 132.17 W, 95 %
2026/03/17 03:20:39.999, 132.15 W, 95 %
2026/03/17 03:20:40.100, 132.14 W, 95 %
2026/03/17 03:20:40.200, 132.13 W, 95 %
2026/03/17 03:20:40.300, 132.12 W, 95 %
2026/03/17 03:20:40.400, 132.09 W, 95 %
2026/03/17 03:20:40.500, 132.07 W, 95 %
2026/03/17 03:20:40.600, 132.07 W, 95 %
2026/03/17 03:20:40.701, 132.08 W, 95 %
2026/03/17 03:20:40.801, 132.07 W, 95 %
2026/03/17 03:20:40.901, 132.07 W, 95 %
2026/03/17 03:20:41.001, 132.08 W, 95 %
2026/03/17 03:20:41.101, 132.10 W, 95 %
2026/03/17 03:20:41.201, 132.11 W, 95 %
2026/03/17 03:20:41.302, 132.09 W, 95 %
2026/03/17 03:20:41.402, 132.09 W, 95 %
2026/03/17 03:20:41.502, 132.09 W, 95 %
2026/03/17 03:20:41.602, 132.06 W, 95 %
2026/03/17 03:20:41.702, 132.04 W, 95 %
2026/03/17 03:20:41.802, 132.03 W, 95 %
2026/03/17 03:20:41.903, 132.03 W, 95 %
2026/03/17 03:20:42.003, 132.01 W, 95 %
2026/03/17 03:20:42.103, 131.97 W, 95 %
2026/03/17 03:20:42.203, 131.96 W, 95 %
2026/03/17 03:20:42.303, 131.97 W, 95 %
2026/03/17 03:20:42.403, 131.98 W, 95 %
2026/03/17 03:20:42.504, 131.97 W, 95 %
2026/03/17 03:20:42.604, 131.96 W, 95 %
2026/03/17 03:20:42.704, 131.98 W, 95 %
2026/03/17 03:20:42.804, 131.97 W, 95 %
2026/03/17 03:20:42.904, 131.98 W, 95 %
2026/03/17 03:20:43.004, 131.99 W, 95 %
2026/03/17 03:20:43.105, 132.01 W, 95 %
2026/03/17 03:20:43.205, 132.00 W, 95 %
2026/03/17 03:20:43.305, 132.00 W, 95 %
2026/03/17 03:20:43.405, 131.99 W, 95 %
2026/03/17 03:20:43.505, 132.00 W, 95 %
2026/03/17 03:20:43.605, 132.02 W, 95 %
2026/03/17 03:20:43.705, 132.02 W, 95 %
2026/03/17 03:20:43.806, 132.02 W, 95 %
2026/03/17 03:20:43.906, 132.00 W, 95 %
2026/03/17 03:20:44.006, 132.00 W, 95 %
2026/03/17 03:20:44.106, 131.98 W, 95 %
2026/03/17 03:20:44.206, 131.99 W, 95 %
2026/03/17 03:20:44.306, 131.99 W, 95 %
2026/03/17 03:20:44.407, 131.98 W, 95 %
2026/03/17 03:20:44.507, 131.96 W, 95 %
2026/03/17 03:20:44.607, 131.95 W, 95 %
2026/03/17 03:20:44.707, 131.95 W, 95 %
2026/03/17 03:20:44.807, 131.94 W, 95 %
2026/03/17 03:20:44.907, 131.93 W, 95 %
2026/03/17 03:20:45.008, 131.92 W, 95 %
2026/03/17 03:20:45.108, 131.91 W, 95 %
2026/03/17 03:20:45.208, 131.90 W, 95 %
2026/03/17 03:20:45.308, 131.90 W, 95 %
2026/03/17 03:20:45.408, 131.91 W, 95 %
2026/03/17 03:20:45.508, 131.93 W, 95 %
2026/03/17 03:20:45.608, 131.94 W, 95 %
2026/03/17 03:20:45.709, 131.94 W, 95 %
2026/03/17 03:20:45.809, 131.96 W, 95 %
2026/03/17 03:20:45.909, 131.97 W, 95 %
2026/03/17 03:20:46.009, 131.98 W, 95 %
2026/03/17 03:20:46.109, 132.00 W, 95 %
2026/03/17 03:20:46.209, 132.02 W, 95 %
2026/03/17 03:20:46.310, 132.02 W, 95 %
2026/03/17 03:20:46.410, 132.03 W, 95 %
2026/03/17 03:20:46.510, 132.04 W, 95 %
2026/03/17 03:20:46.610, 132.04 W, 95 %
2026/03/17 03:20:46.710, 132.06 W, 95 %
2026/03/17 03:20:46.810, 132.07 W, 95 %
2026/03/17 03:20:46.911, 132.08 W, 95 %
2026/03/17 03:20:47.011, 132.10 W, 95 %
2026/03/17 03:20:47.111, 132.13 W, 95 %
2026/03/17 03:20:47.211, 132.14 W, 95 %
2026/03/17 03:20:47.311, 132.17 W, 95 %
2026/03/17 03:20:47.411, 132.18 W, 95 %
2026/03/17 03:20:47.512, 132.22 W, 95 %
2026/03/17 03:20:47.612, 132.25 W, 95 %
2026/03/17 03:20:47.712, 132.30 W, 95 %
2026/03/17 03:20:47.812, 132.32 W, 95 %
2026/03/17 03:20:47.912, 132.35 W, 95 %
2026/03/17 03:20:48.012, 132.36 W, 95 %
2026/03/17 03:20:48.113, 132.39 W, 95 %
2026/03/17 03:20:48.213, 132.43 W, 95 %
2026/03/17 03:20:48.313, 132.47 W, 95 %
2026/03/17 03:20:48.413, 132.52 W, 95 %
2026/03/17 03:20:48.513, 132.54 W, 95 %
2026/03/17 03:20:48.613, 132.57 W, 95 %
2026/03/17 03:20:48.714, 132.57 W, 95 %
2026/03/17 03:20:48.814, 132.61 W, 95 %
2026/03/17 03:20:48.914, 132.63 W, 95 %
2026/03/17 03:20:49.014, 132.68 W, 95 %
2026/03/17 03:20:49.114, 132.69 W, 95 %
2026/03/17 03:20:49.214, 132.71 W, 95 %
2026/03/17 03:20:49.314, 132.72 W, 95 %
2026/03/17 03:20:49.415, 132.70 W, 95 %
2026/03/17 03:20:49.515, 132.72 W, 95 %
2026/03/17 03:20:49.615, 132.75 W, 95 %
2026/03/17 03:20:49.715, 132.78 W, 95 %
2026/03/17 03:20:49.815, 132.80 W, 95 %
2026/03/17 03:20:49.916, 132.84 W, 95 %
2026/03/17 03:20:50.016, 132.87 W, 95 %
2026/03/17 03:20:50.116, 132.90 W, 95 %
2026/03/17 03:20:50.216, 132.93 W, 95 %
2026/03/17 03:20:50.316, 132.95 W, 95 %
2026/03/17 03:20:50.416, 132.98 W, 95 %
2026/03/17 03:20:50.517, 133.02 W, 95 %
2026/03/17 03:20:50.617, 133.02 W, 95 %
2026/03/17 03:20:50.717, 133.02 W, 95 %
2026/03/17 03:20:50.817, 133.03 W, 95 %
2026/03/17 03:20:50.917, 133.03 W, 95 %
2026/03/17 03:20:51.017, 133.03 W, 95 %
2026/03/17 03:20:51.118, 133.04 W, 95 %
2026/03/17 03:20:51.218, 133.05 W, 95 %
2026/03/17 03:20:51.318, 133.09 W, 95 %
2026/03/17 03:20:51.418, 133.12 W, 95 %
2026/03/17 03:20:51.518, 133.12 W, 95 %
2026/03/17 03:20:51.618, 133.13 W, 95 %
2026/03/17 03:20:51.719, 133.15 W, 95 %
2026/03/17 03:20:51.819, 133.16 W, 95 %
2026/03/17 03:20:51.919, 133.17 W, 95 %
2026/03/17 03:20:52.019, 133.17 W, 95 %
2026/03/17 03:20:52.119, 133.16 W, 95 %
2026/03/17 03:20:52.219, 133.15 W, 95 %
2026/03/17 03:20:52.320, 133.15 W, 95 %
2026/03/17 03:20:52.420, 133.13 W, 95 %
2026/03/17 03:20:52.520, 133.10 W, 95 %
2026/03/17 03:20:52.620, 133.12 W, 95 %
2026/03/17 03:20:52.720, 133.12 W, 95 %
2026/03/17 03:20:52.820, 133.12 W, 95 %
2026/03/17 03:20:52.921, 133.12 W, 95 %
2026/03/17 03:20:53.021, 133.12 W, 95 %
2026/03/17 03:20:53.121, 133.14 W, 95 %
2026/03/17 03:20:53.221, 133.13 W, 95 %
2026/03/17 03:20:53.321, 133.10 W, 95 %
2026/03/17 03:20:53.421, 133.10 W, 95 %
2026/03/17 03:20:53.522, 133.10 W, 95 %
2026/03/17 03:20:53.622, 133.08 W, 95 %
2026/03/17 03:20:53.722, 133.07 W, 95 %
2026/03/17 03:20:53.822, 133.04 W, 95 %
2026/03/17 03:20:53.922, 133.02 W, 95 %
2026/03/17 03:20:54.022, 133.01 W, 95 %
2026/03/17 03:20:54.122, 132.97 W, 95 %
2026/03/17 03:20:54.223, 132.98 W, 95 %
2026/03/17 03:20:54.323, 132.98 W, 95 %
2026/03/17 03:20:54.423, 132.97 W, 95 %
2026/03/17 03:20:54.523, 132.95 W, 95 %
2026/03/17 03:20:54.623, 132.94 W, 95 %
2026/03/17 03:20:54.723, 132.93 W, 95 %
2026/03/17 03:20:54.824, 132.92 W, 95 %
2026/03/17 03:20:54.924, 132.91 W, 95 %
2026/03/17 03:20:55.024, 132.90 W, 95 %
2026/03/17 03:20:55.124, 132.90 W, 95 %
2026/03/17 03:20:55.224, 132.87 W, 95 %
2026/03/17 03:20:55.324, 132.84 W, 95 %
2026/03/17 03:20:55.425, 132.82 W, 95 %
2026/03/17 03:20:55.525, 132.81 W, 95 %
2026/03/17 03:20:55.625, 132.81 W, 95 %
2026/03/17 03:20:55.725, 132.79 W, 95 %
2026/03/17 03:20:55.825, 132.76 W, 95 %
2026/03/17 03:20:55.925, 132.74 W, 95 %
2026/03/17 03:20:56.026, 132.75 W, 95 %
2026/03/17 03:20:56.126, 132.74 W, 95 %
2026/03/17 03:20:56.226, 132.72 W, 95 %
2026/03/17 03:20:56.326, 132.69 W, 95 %
2026/03/17 03:20:56.426, 132.68 W, 95 %
2026/03/17 03:20:56.526, 132.65 W, 95 %
2026/03/17 03:20:56.627, 132.63 W, 95 %
2026/03/17 03:20:56.727, 132.61 W, 95 %
2026/03/17 03:20:56.827, 132.59 W, 95 %
2026/03/17 03:20:56.927, 132.57 W, 95 %
2026/03/17 03:20:57.027, 132.54 W, 95 %
2026/03/17 03:20:57.127, 132.52 W, 95 %
2026/03/17 03:20:57.228, 132.51 W, 95 %
2026/03/17 03:20:57.328, 132.52 W, 95 %
2026/03/17 03:20:57.428, 132.52 W, 95 %
2026/03/17 03:20:57.528, 132.49 W, 95 %
2026/03/17 03:20:57.628, 132.46 W, 95 %
2026/03/17 03:20:57.728, 132.49 W, 95 %
2026/03/17 03:20:57.829, 132.48 W, 95 %
2026/03/17 03:20:57.929, 132.49 W, 95 %
2026/03/17 03:20:58.029, 132.49 W, 95 %
2026/03/17 03:20:58.129, 132.48 W, 95 %
2026/03/17 03:20:58.229, 132.48 W, 95 %
2026/03/17 03:20:58.329, 132.46 W, 95 %
2026/03/17 03:20:58.430, 132.45 W, 95 %
2026/03/17 03:20:58.530, 132.47 W, 95 %
2026/03/17 03:20:58.630, 132.45 W, 95 %
2026/03/17 03:20:58.730, 132.44 W, 95 %
2026/03/17 03:20:58.830, 132.43 W, 95 %
2026/03/17 03:20:58.930, 132.43 W, 95 %
2026/03/17 03:20:59.031, 132.43 W, 95 %
2026/03/17 03:20:59.131, 132.43 W, 95 %
2026/03/17 03:20:59.231, 132.41 W, 95 %
2026/03/17 03:20:59.331, 132.38 W, 95 %
2026/03/17 03:20:59.431, 132.38 W, 95 %
2026/03/17 03:20:59.531, 132.37 W, 95 %
2026/03/17 03:20:59.632, 132.37 W, 95 %
2026/03/17 03:20:59.732, 132.36 W, 95 %
2026/03/17 03:20:59.832, 132.34 W, 95 %
2026/03/17 03:20:59.932, 132.33 W, 95 %
2026/03/17 03:21:00.032, 132.33 W, 95 %
2026/03/17 03:21:00.132, 132.35 W, 95 %
2026/03/17 03:21:00.233, 132.35 W, 95 %
2026/03/17 03:21:00.333, 132.36 W, 95 %
2026/03/17 03:21:00.433, 132.35 W, 95 %
2026/03/17 03:21:00.533, 132.34 W, 95 %
2026/03/17 03:21:00.633, 132.34 W, 95 %
2026/03/17 03:21:00.733, 132.35 W, 95 %
2026/03/17 03:21:00.834, 132.36 W, 95 %
2026/03/17 03:21:00.934, 132.36 W, 95 %
2026/03/17 03:21:01.034, 132.36 W, 95 %
2026/03/17 03:21:01.134, 132.35 W, 95 %
2026/03/17 03:21:01.234, 132.36 W, 95 %
2026/03/17 03:21:01.334, 132.38 W, 95 %
2026/03/17 03:21:01.435, 132.38 W, 95 %
2026/03/17 03:21:01.535, 132.41 W, 95 %
2026/03/17 03:21:01.635, 132.42 W, 95 %
2026/03/17 03:21:01.735, 132.44 W, 95 %
2026/03/17 03:21:01.835, 132.46 W, 95 %
2026/03/17 03:21:01.935, 132.48 W, 95 %
2026/03/17 03:21:02.036, 132.49 W, 95 %
2026/03/17 03:21:02.136, 132.50 W, 95 %
2026/03/17 03:21:02.236, 132.49 W, 95 %
2026/03/17 03:21:02.336, 132.50 W, 95 %
2026/03/17 03:21:02.436, 132.52 W, 95 %
2026/03/17 03:21:02.536, 132.54 W, 95 %
2026/03/17 03:21:02.636, 132.55 W, 95 %
2026/03/17 03:21:02.737, 132.56 W, 95 %
2026/03/17 03:21:02.837, 132.55 W, 95 %
2026/03/17 03:21:02.937, 132.57 W, 95 %
2026/03/17 03:21:03.037, 132.59 W, 95 %
2026/03/17 03:21:03.137, 132.60 W, 95 %
2026/03/17 03:21:03.237, 132.63 W, 95 %
2026/03/17 03:21:03.338, 132.63 W, 95 %
2026/03/17 03:21:03.438, 132.62 W, 95 %
2026/03/17 03:21:03.538, 132.62 W, 95 %
2026/03/17 03:21:03.638, 132.63 W, 95 %
2026/03/17 03:21:03.738, 132.67 W, 95 %
2026/03/17 03:21:03.838, 132.69 W, 95 %
2026/03/17 03:21:03.939, 132.69 W, 95 %
2026/03/17 03:21:04.039, 132.69 W, 95 %
2026/03/17 03:21:04.139, 132.72 W, 95 %
2026/03/17 03:21:04.239, 132.71 W, 95 %
2026/03/17 03:21:04.339, 132.71 W, 95 %
2026/03/17 03:21:04.439, 132.74 W, 95 %
2026/03/17 03:21:04.540, 132.77 W, 95 %
2026/03/17 03:21:04.640, 132.77 W, 95 %
2026/03/17 03:21:04.740, 132.77 W, 95 %
2026/03/17 03:21:04.840, 132.77 W, 95 %
2026/03/17 03:21:04.940, 132.81 W, 95 %
2026/03/17 03:21:05.040, 132.80 W, 95 %
2026/03/17 03:21:05.141, 132.81 W, 95 %
2026/03/17 03:21:05.241, 132.84 W, 95 %
2026/03/17 03:21:05.341, 132.83 W, 95 %
2026/03/17 03:21:05.441, 132.83 W, 95 %
2026/03/17 03:21:05.541, 132.81 W, 95 %
2026/03/17 03:21:05.641, 132.82 W, 95 %
2026/03/17 03:21:05.741, 132.81 W, 95 %
2026/03/17 03:21:05.842, 132.80 W, 95 %
2026/03/17 03:21:05.942, 132.77 W, 95 %
2026/03/17 03:21:06.042, 132.79 W, 95 %
2026/03/17 03:21:06.142, 132.79 W, 95 %
2026/03/17 03:21:06.242, 132.75 W, 95 %
2026/03/17 03:21:06.343, 132.74 W, 95 %
2026/03/17 03:21:06.443, 132.73 W, 95 %
2026/03/17 03:21:06.543, 132.72 W, 95 %
2026/03/17 03:21:06.643, 132.71 W, 95 %
2026/03/17 03:21:06.743, 132.71 W, 95 %
2026/03/17 03:21:06.843, 132.71 W, 95 %
2026/03/17 03:21:06.944, 132.68 W, 95 %
2026/03/17 03:21:07.044, 132.66 W, 95 %
2026/03/17 03:21:07.144, 132.64 W, 95 %
2026/03/17 03:21:07.244, 132.64 W, 95 %
2026/03/17 03:21:07.344, 132.65 W, 95 %
2026/03/17 03:21:07.444, 132.68 W, 95 %
2026/03/17 03:21:07.545, 132.70 W, 95 %
2026/03/17 03:21:07.645, 132.69 W, 95 %
2026/03/17 03:21:07.745, 132.68 W, 95 %
2026/03/17 03:21:07.845, 132.67 W, 95 %
2026/03/17 03:21:07.945, 132.69 W, 95 %
2026/03/17 03:21:08.045, 132.69 W, 95 %
2026/03/17 03:21:08.145, 132.69 W, 95 %
2026/03/17 03:21:08.246, 132.67 W, 95 %
2026/03/17 03:21:08.346, 132.66 W, 95 %
2026/03/17 03:21:08.446, 132.65 W, 95 %
2026/03/17 03:21:08.546, 132.63 W, 95 %
2026/03/17 03:21:08.646, 132.62 W, 95 %
2026/03/17 03:21:08.747, 132.61 W, 95 %
2026/03/17 03:21:08.847, 132.59 W, 95 %
2026/03/17 03:21:08.947, 132.57 W, 95 %
2026/03/17 03:21:09.047, 132.57 W, 95 %
2026/03/17 03:21:09.147, 132.54 W, 95 %
2026/03/17 03:21:09.247, 132.54 W, 95 %
2026/03/17 03:21:09.348, 132.50 W, 95 %
2026/03/17 03:21:09.448, 132.46 W, 95 %
2026/03/17 03:21:09.548, 132.44 W, 95 %
2026/03/17 03:21:09.648, 132.45 W, 95 %
2026/03/17 03:21:09.748, 132.43 W, 95 %
2026/03/17 03:21:09.848, 132.43 W, 95 %
2026/03/17 03:21:09.949, 132.41 W, 95 %
2026/03/17 03:21:10.049, 132.39 W, 95 %
2026/03/17 03:21:10.149, 132.40 W, 95 %
2026/03/17 03:21:10.249, 132.38 W, 95 %
2026/03/17 03:21:10.349, 132.39 W, 95 %
2026/03/17 03:21:10.449, 132.40 W, 95 %
2026/03/17 03:21:10.550, 132.40 W, 95 %
2026/03/17 03:21:10.650, 132.38 W, 95 %
2026/03/17 03:21:10.750, 132.35 W, 95 %
2026/03/17 03:21:10.850, 132.32 W, 95 %
2026/03/17 03:21:10.950, 132.32 W, 95 %
2026/03/17 03:21:11.050, 132.31 W, 95 %
2026/03/17 03:21:11.150, 132.29 W, 95 %
2026/03/17 03:21:11.251, 132.26 W, 95 %
2026/03/17 03:21:11.351, 132.24 W, 95 %
2026/03/17 03:21:11.451, 132.21 W, 95 %
2026/03/17 03:21:11.551, 132.19 W, 95 %
2026/03/17 03:21:11.651, 132.19 W, 95 %
2026/03/17 03:21:11.752, 132.17 W, 95 %
2026/03/17 03:21:11.852, 132.16 W, 95 %
2026/03/17 03:21:11.952, 132.14 W, 95 %
2026/03/17 03:21:12.052, 132.13 W, 95 %
2026/03/17 03:21:12.152, 132.12 W, 95 %
2026/03/17 03:21:12.252, 132.11 W, 95 %
2026/03/17 03:21:12.353, 132.11 W, 95 %
2026/03/17 03:21:12.453, 132.11 W, 95 %
2026/03/17 03:21:12.554, 132.10 W, 95 %
2026/03/17 03:21:12.654, 132.10 W, 95 %
2026/03/17 03:21:12.754, 132.10 W, 95 %
2026/03/17 03:21:12.854, 132.09 W, 95 %
2026/03/17 03:21:12.955, 132.07 W, 95 %
2026/03/17 03:21:13.055, 132.05 W, 95 %
2026/03/17 03:21:13.155, 132.04 W, 95 %
2026/03/17 03:21:13.255, 132.04 W, 95 %
2026/03/17 03:21:13.355, 132.04 W, 95 %
2026/03/17 03:21:13.455, 132.03 W, 95 %
2026/03/17 03:21:13.556, 132.00 W, 95 %
2026/03/17 03:21:13.656, 131.99 W, 95 %
2026/03/17 03:21:13.756, 131.98 W, 95 %
2026/03/17 03:21:13.856, 131.98 W, 95 %
2026/03/17 03:21:13.956, 131.98 W, 95 %
2026/03/17 03:21:14.056, 131.97 W, 95 %
2026/03/17 03:21:14.156, 131.97 W, 95 %
2026/03/17 03:21:14.257, 131.97 W, 95 %
2026/03/17 03:21:14.357, 131.95 W, 95 %
2026/03/17 03:21:14.457, 131.95 W, 95 %
2026/03/17 03:21:14.557, 131.95 W, 95 %
2026/03/17 03:21:14.657, 131.96 W, 95 %
2026/03/17 03:21:14.757, 131.95 W, 95 %
2026/03/17 03:21:14.858, 131.95 W, 95 %
2026/03/17 03:21:14.958, 131.95 W, 95 %
2026/03/17 03:21:15.058, 131.96 W, 95 %
2026/03/17 03:21:15.158, 131.98 W, 95 %
2026/03/17 03:21:15.258, 131.99 W, 95 %
2026/03/17 03:21:15.359, 132.00 W, 95 %
2026/03/17 03:21:15.459, 131.99 W, 95 %
2026/03/17 03:21:15.559, 131.99 W, 95 %
2026/03/17 03:21:15.659, 131.98 W, 95 %
2026/03/17 03:21:15.759, 131.97 W, 95 %
2026/03/17 03:21:15.859, 131.98 W, 95 %
2026/03/17 03:21:15.960, 131.96 W, 95 %
2026/03/17 03:21:16.060, 131.95 W, 95 %
2026/03/17 03:21:16.160, 131.93 W, 95 %
2026/03/17 03:21:16.260, 131.92 W, 95 %
2026/03/17 03:21:16.360, 131.91 W, 95 %
2026/03/17 03:21:16.460, 131.91 W, 95 %
2026/03/17 03:21:16.561, 131.90 W, 95 %
2026/03/17 03:21:16.661, 131.89 W, 95 %
2026/03/17 03:21:16.761, 131.90 W, 95 %
2026/03/17 03:21:16.861, 131.89 W, 95 %
2026/03/17 03:21:16.961, 131.89 W, 95 %
2026/03/17 03:21:17.061, 131.89 W, 95 %
2026/03/17 03:21:17.162, 131.91 W, 95 %
2026/03/17 03:21:17.262, 131.92 W, 95 %
2026/03/17 03:21:17.362, 131.92 W, 95 %
2026/03/17 03:21:17.462, 131.94 W, 95 %
2026/03/17 03:21:17.562, 131.95 W, 95 %
2026/03/17 03:21:17.662, 131.98 W, 95 %
2026/03/17 03:21:17.763, 131.99 W, 95 %
2026/03/17 03:21:17.863, 132.00 W, 95 %
2026/03/17 03:21:17.963, 132.01 W, 95 %
2026/03/17 03:21:18.063, 132.03 W, 95 %
2026/03/17 03:21:18.163, 132.04 W, 95 %
2026/03/17 03:21:18.263, 132.04 W, 95 %
2026/03/17 03:21:18.364, 132.04 W, 95 %
2026/03/17 03:21:18.464, 132.05 W, 95 %
2026/03/17 03:21:18.564, 132.05 W, 95 %
2026/03/17 03:21:18.664, 132.07 W, 95 %
2026/03/17 03:21:18.764, 132.09 W, 95 %
2026/03/17 03:21:18.864, 132.11 W, 95 %
2026/03/17 03:21:18.964, 132.13 W, 95 %
2026/03/17 03:21:19.065, 132.17 W, 95 %
2026/03/17 03:21:19.165, 132.17 W, 95 %
2026/03/17 03:21:19.265, 132.19 W, 95 %
2026/03/17 03:21:19.365, 132.21 W, 95 %
2026/03/17 03:21:19.465, 132.24 W, 95 %
2026/03/17 03:21:19.565, 132.27 W, 95 %
2026/03/17 03:21:19.666, 132.28 W, 95 %
2026/03/17 03:21:19.766, 132.29 W, 95 %
2026/03/17 03:21:19.866, 132.31 W, 95 %
2026/03/17 03:21:19.966, 132.33 W, 95 %
2026/03/17 03:21:20.066, 132.34 W, 95 %
2026/03/17 03:21:20.167, 132.38 W, 95 %
2026/03/17 03:21:20.267, 132.40 W, 95 %
2026/03/17 03:21:20.367, 132.43 W, 95 %
2026/03/17 03:21:20.467, 132.45 W, 95 %
2026/03/17 03:21:20.567, 132.48 W, 95 %
2026/03/17 03:21:20.667, 132.51 W, 95 %
2026/03/17 03:21:20.768, 132.56 W, 95 %
2026/03/17 03:21:20.868, 132.58 W, 95 %
2026/03/17 03:21:20.968, 132.59 W, 95 %
2026/03/17 03:21:21.068, 132.61 W, 95 %
2026/03/17 03:21:21.168, 132.60 W, 95 %
2026/03/17 03:21:21.268, 132.62 W, 95 %
2026/03/17 03:21:21.369, 132.66 W, 95 %
2026/03/17 03:21:21.469, 132.68 W, 95 %
2026/03/17 03:21:21.569, 132.69 W, 95 %
2026/03/17 03:21:21.669, 132.72 W, 95 %
2026/03/17 03:21:21.769, 132.74 W, 95 %
2026/03/17 03:21:21.869, 132.74 W, 95 %
2026/03/17 03:21:21.969, 132.76 W, 95 %
2026/03/17 03:21:22.070, 132.80 W, 95 %
2026/03/17 03:21:22.170, 132.84 W, 95 %
2026/03/17 03:21:22.270, 132.86 W, 95 %
2026/03/17 03:21:22.370, 132.87 W, 95 %
2026/03/17 03:21:22.470, 132.88 W, 95 %
2026/03/17 03:21:22.570, 132.90 W, 95 %
2026/03/17 03:21:22.671, 132.89 W, 95 %
2026/03/17 03:21:22.771, 132.90 W, 95 %
2026/03/17 03:21:22.871, 132.92 W, 95 %
2026/03/17 03:21:22.971, 132.93 W, 95 %
2026/03/17 03:21:23.071, 132.95 W, 95 %
2026/03/17 03:21:23.172, 132.96 W, 95 %
2026/03/17 03:21:23.272, 132.98 W, 95 %
2026/03/17 03:21:23.372, 133.01 W, 95 %
2026/03/17 03:21:23.472, 133.05 W, 95 %
2026/03/17 03:21:23.572, 133.06 W, 95 %
2026/03/17 03:21:23.672, 133.09 W, 95 %
2026/03/17 03:21:23.772, 133.09 W, 95 %
2026/03/17 03:21:23.873, 133.10 W, 95 %
2026/03/17 03:21:23.973, 133.10 W, 95 %
2026/03/17 03:21:24.073, 133.09 W, 95 %
2026/03/17 03:21:24.173, 133.10 W, 95 %
2026/03/17 03:21:24.273, 133.10 W, 95 %
2026/03/17 03:21:24.373, 133.10 W, 95 %
2026/03/17 03:21:24.474, 133.09 W, 95 %
2026/03/17 03:21:24.574, 133.09 W, 95 %
2026/03/17 03:21:24.674, 133.11 W, 95 %
2026/03/17 03:21:24.774, 133.14 W, 95 %
2026/03/17 03:21:24.874, 133.15 W, 95 %
2026/03/17 03:21:24.974, 133.16 W, 95 %
2026/03/17 03:21:25.075, 133.17 W, 95 %
2026/03/17 03:21:25.175, 133.17 W, 95 %
2026/03/17 03:21:25.275, 133.19 W, 95 %
2026/03/17 03:21:25.375, 133.17 W, 95 %
2026/03/17 03:21:25.475, 133.15 W, 95 %
2026/03/17 03:21:25.575, 133.12 W, 95 %
2026/03/17 03:21:25.676, 133.08 W, 95 %
2026/03/17 03:21:25.776, 133.06 W, 95 %
2026/03/17 03:21:25.876, 133.05 W, 95 %
2026/03/17 03:21:25.976, 133.04 W, 95 %
2026/03/17 03:21:26.076, 133.02 W, 95 %
2026/03/17 03:21:26.176, 133.01 W, 95 %
2026/03/17 03:21:26.277, 132.99 W, 95 %
2026/03/17 03:21:26.377, 133.00 W, 95 %
2026/03/17 03:21:26.477, 132.99 W, 95 %
2026/03/17 03:21:26.577, 132.98 W, 95 %
2026/03/17 03:21:26.677, 133.00 W, 95 %
2026/03/17 03:21:26.777, 132.99 W, 95 %
2026/03/17 03:21:26.878, 132.97 W, 95 %
2026/03/17 03:21:26.978, 132.96 W, 95 %
2026/03/17 03:21:27.078, 132.95 W, 95 %
2026/03/17 03:21:27.178, 132.93 W, 95 %
2026/03/17 03:21:27.278, 132.91 W, 95 %
2026/03/17 03:21:27.378, 132.88 W, 95 %
2026/03/17 03:21:27.479, 132.88 W, 95 %
2026/03/17 03:21:27.579, 132.88 W, 95 %
2026/03/17 03:21:27.679, 132.85 W, 95 %
2026/03/17 03:21:27.779, 132.81 W, 95 %
2026/03/17 03:21:27.879, 132.81 W, 95 %
2026/03/17 03:21:27.979, 132.79 W, 95 %
2026/03/17 03:21:28.080, 132.76 W, 95 %
2026/03/17 03:21:28.180, 132.74 W, 95 %
2026/03/17 03:21:28.280, 132.74 W, 95 %
2026/03/17 03:21:28.380, 132.72 W, 95 %
2026/03/17 03:21:28.480, 132.70 W, 95 %
2026/03/17 03:21:28.580, 132.66 W, 95 %
2026/03/17 03:21:28.681, 132.64 W, 95 %
2026/03/17 03:21:28.781, 132.63 W, 95 %
2026/03/17 03:21:28.881, 132.61 W, 95 %
2026/03/17 03:21:28.981, 132.58 W, 95 %
2026/03/17 03:21:29.081, 132.56 W, 95 %
2026/03/17 03:21:29.181, 132.53 W, 95 %
2026/03/17 03:21:29.282, 132.52 W, 95 %
2026/03/17 03:21:29.382, 132.50 W, 95 %
2026/03/17 03:21:29.482, 132.48 W, 95 %
2026/03/17 03:21:29.582, 132.46 W, 95 %
2026/03/17 03:21:29.682, 132.44 W, 95 %
2026/03/17 03:21:29.782, 132.43 W, 95 %
2026/03/17 03:21:29.883, 132.41 W, 95 %
2026/03/17 03:21:29.983, 132.40 W, 95 %
2026/03/17 03:21:30.083, 132.39 W, 95 %
2026/03/17 03:21:30.183, 132.38 W, 95 %
2026/03/17 03:21:30.283, 132.36 W, 95 %
2026/03/17 03:21:30.383, 132.36 W, 95 %
2026/03/17 03:21:30.484, 132.38 W, 95 %
2026/03/17 03:21:30.584, 132.39 W, 95 %
2026/03/17 03:21:30.684, 132.39 W, 95 %
2026/03/17 03:21:30.784, 132.38 W, 95 %
2026/03/17 03:21:30.884, 132.36 W, 95 %
2026/03/17 03:21:30.984, 132.36 W, 95 %
2026/03/17 03:21:31.085, 132.38 W, 95 %
2026/03/17 03:21:31.185, 132.37 W, 95 %
2026/03/17 03:21:31.285, 132.38 W, 95 %
2026/03/17 03:21:31.385, 132.35 W, 95 %
2026/03/17 03:21:31.485, 132.34 W, 95 %
2026/03/17 03:21:31.585, 132.33 W, 95 %
2026/03/17 03:21:31.686, 132.33 W, 95 %
2026/03/17 03:21:31.786, 132.34 W, 95 %
2026/03/17 03:21:31.886, 132.36 W, 95 %
2026/03/17 03:21:31.986, 132.37 W, 95 %
2026/03/17 03:21:32.086, 132.36 W, 95 %
2026/03/17 03:21:32.186, 132.38 W, 95 %
2026/03/17 03:21:32.287, 132.39 W, 95 %
2026/03/17 03:21:32.387, 132.44 W, 95 %
2026/03/17 03:21:32.487, 132.43 W, 95 %
2026/03/17 03:21:32.587, 132.45 W, 95 %
2026/03/17 03:21:32.687, 132.46 W, 95 %
2026/03/17 03:21:32.787, 132.48 W, 95 %
2026/03/17 03:21:32.887, 132.49 W, 95 %
2026/03/17 03:21:32.988, 132.51 W, 95 %
2026/03/17 03:21:33.088, 132.52 W, 95 %
2026/03/17 03:21:33.188, 132.53 W, 95 %
2026/03/17 03:21:33.288, 132.54 W, 95 %
2026/03/17 03:21:33.388, 132.56 W, 95 %
2026/03/17 03:21:33.489, 132.59 W, 95 %
2026/03/17 03:21:33.589, 132.60 W, 95 %
2026/03/17 03:21:33.689, 132.60 W, 95 %
2026/03/17 03:21:33.789, 132.60 W, 95 %
2026/03/17 03:21:33.889, 132.61 W, 95 %
2026/03/17 03:21:33.989, 132.63 W, 95 %
2026/03/17 03:21:34.090, 132.62 W, 95 %
2026/03/17 03:21:34.190, 132.65 W, 95 %
2026/03/17 03:21:34.290, 132.65 W, 95 %
2026/03/17 03:21:34.390, 132.64 W, 95 %
2026/03/17 03:21:34.490, 132.62 W, 95 %
2026/03/17 03:21:34.590, 132.62 W, 95 %
2026/03/17 03:21:34.691, 132.62 W, 95 %
2026/03/17 03:21:34.791, 132.63 W, 95 %
2026/03/17 03:21:34.891, 132.63 W, 95 %
2026/03/17 03:21:34.991, 132.62 W, 95 %
2026/03/17 03:21:35.091, 132.64 W, 95 %
2026/03/17 03:21:35.191, 132.62 W, 95 %
2026/03/17 03:21:35.292, 132.64 W, 95 %
2026/03/17 03:21:35.392, 132.65 W, 95 %
2026/03/17 03:21:35.492, 132.67 W, 95 %
2026/03/17 03:21:35.592, 132.67 W, 95 %
2026/03/17 03:21:35.692, 132.67 W, 95 %
2026/03/17 03:21:35.792, 132.68 W, 95 %
2026/03/17 03:21:35.893, 132.71 W, 95 %
2026/03/17 03:21:35.993, 132.71 W, 95 %
2026/03/17 03:21:36.093, 132.70 W, 95 %
2026/03/17 03:21:36.193, 132.71 W, 95 %
2026/03/17 03:21:36.293, 132.69 W, 95 %
2026/03/17 03:21:36.393, 132.70 W, 95 %
2026/03/17 03:21:36.494, 132.72 W, 95 %
2026/03/17 03:21:36.594, 132.73 W, 95 %
2026/03/17 03:21:36.694, 132.73 W, 95 %
2026/03/17 03:21:36.794, 132.73 W, 95 %
2026/03/17 03:21:36.894, 132.72 W, 95 %
2026/03/17 03:21:36.994, 132.74 W, 95 %
2026/03/17 03:21:37.095, 132.78 W, 95 %
2026/03/17 03:21:37.195, 132.80 W, 95 %
2026/03/17 03:21:37.295, 132.80 W, 95 %
2026/03/17 03:21:37.395, 132.81 W, 95 %
2026/03/17 03:21:37.495, 132.81 W, 95 %
2026/03/17 03:21:37.595, 132.80 W, 95 %
2026/03/17 03:21:37.696, 132.79 W, 95 %
2026/03/17 03:21:37.796, 132.79 W, 95 %
2026/03/17 03:21:37.896, 132.78 W, 95 %
2026/03/17 03:21:37.996, 132.76 W, 95 %
2026/03/17 03:21:38.096, 132.73 W, 95 %
2026/03/17 03:21:38.196, 132.69 W, 95 %
2026/03/17 03:21:38.297, 132.68 W, 95 %
2026/03/17 03:21:38.397, 132.67 W, 95 %
2026/03/17 03:21:38.497, 132.66 W, 95 %
2026/03/17 03:21:38.597, 132.64 W, 95 %
2026/03/17 03:21:38.697, 132.65 W, 95 %
2026/03/17 03:21:38.797, 132.66 W, 95 %
2026/03/17 03:21:38.898, 132.66 W, 95 %
2026/03/17 03:21:38.998, 132.65 W, 95 %
2026/03/17 03:21:39.098, 132.67 W, 95 %
2026/03/17 03:21:39.198, 132.68 W, 95 %
2026/03/17 03:21:39.298, 132.68 W, 95 %
2026/03/17 03:21:39.398, 132.68 W, 95 %
2026/03/17 03:21:39.499, 132.68 W, 95 %
2026/03/17 03:21:39.599, 132.68 W, 95 %
2026/03/17 03:21:39.699, 132.66 W, 95 %
2026/03/17 03:21:39.799, 132.65 W, 95 %
2026/03/17 03:21:39.899, 132.65 W, 95 %
2026/03/17 03:21:39.999, 132.66 W, 95 %
2026/03/17 03:21:40.100, 132.65 W, 95 %
2026/03/17 03:21:40.200, 132.62 W, 95 %
2026/03/17 03:21:40.300, 132.60 W, 95 %
2026/03/17 03:21:40.400, 132.59 W, 95 %
2026/03/17 03:21:40.500, 132.57 W, 95 %
2026/03/17 03:21:40.600, 132.56 W, 95 %
2026/03/17 03:21:40.701, 132.56 W, 95 %
2026/03/17 03:21:40.801, 132.55 W, 95 %
2026/03/17 03:21:40.901, 132.54 W, 95 %
2026/03/17 03:21:41.001, 132.51 W, 95 %
2026/03/17 03:21:41.101, 132.51 W, 95 %
2026/03/17 03:21:41.201, 132.51 W, 95 %
2026/03/17 03:21:41.301, 132.51 W, 95 %
2026/03/17 03:21:41.402, 132.49 W, 95 %
2026/03/17 03:21:41.502, 132.49 W, 95 %
2026/03/17 03:21:41.602, 132.49 W, 95 %
2026/03/17 03:21:41.702, 132.49 W, 95 %
2026/03/17 03:21:41.802, 132.47 W, 95 %
2026/03/17 03:21:41.903, 132.46 W, 95 %
2026/03/17 03:21:42.003, 132.43 W, 95 %
2026/03/17 03:21:42.103, 132.40 W, 95 %
2026/03/17 03:21:42.203, 132.40 W, 95 %
2026/03/17 03:21:42.303, 132.40 W, 95 %
2026/03/17 03:21:42.403, 132.40 W, 95 %
2026/03/17 03:21:42.504, 132.36 W, 95 %
2026/03/17 03:21:42.604, 132.34 W, 95 %
2026/03/17 03:21:42.704, 132.32 W, 95 %
2026/03/17 03:21:42.804, 132.30 W, 95 %
2026/03/17 03:21:42.904, 132.31 W, 95 %
2026/03/17 03:21:43.004, 132.33 W, 95 %
2026/03/17 03:21:43.104, 132.32 W, 95 %
2026/03/17 03:21:43.205, 132.31 W, 95 %
2026/03/17 03:21:43.305, 132.27 W, 95 %
2026/03/17 03:21:43.405, 132.26 W, 95 %
2026/03/17 03:21:43.505, 132.26 W, 95 %
2026/03/17 03:21:43.605, 132.27 W, 95 %
2026/03/17 03:21:43.705, 132.26 W, 95 %
2026/03/17 03:21:43.806, 132.26 W, 95 %
2026/03/17 03:21:43.906, 132.23 W, 95 %
2026/03/17 03:21:44.006, 132.22 W, 95 %
2026/03/17 03:21:44.106, 132.23 W, 95 %
2026/03/17 03:21:44.206, 132.22 W, 95 %
2026/03/17 03:21:44.306, 132.25 W, 95 %
2026/03/17 03:21:44.407, 132.26 W, 95 %
2026/03/17 03:21:44.507, 132.25 W, 95 %
2026/03/17 03:21:44.607, 132.24 W, 95 %
2026/03/17 03:21:44.707, 132.23 W, 95 %
2026/03/17 03:21:44.807, 132.23 W, 95 %
2026/03/17 03:21:44.907, 132.22 W, 95 %
2026/03/17 03:21:45.008, 132.20 W, 95 %
2026/03/17 03:21:45.108, 132.17 W, 95 %
2026/03/17 03:21:45.208, 132.16 W, 95 %
2026/03/17 03:21:45.308, 132.14 W, 95 %
2026/03/17 03:21:45.408, 132.12 W, 95 %
2026/03/17 03:21:45.508, 132.10 W, 95 %
2026/03/17 03:21:45.609, 132.09 W, 95 %
2026/03/17 03:21:45.709, 132.05 W, 95 %
2026/03/17 03:21:45.809, 132.03 W, 95 %
2026/03/17 03:21:45.909, 132.04 W, 95 %
2026/03/17 03:21:46.009, 132.06 W, 95 %
2026/03/17 03:21:46.109, 132.06 W, 95 %
2026/03/17 03:21:46.210, 132.05 W, 95 %
2026/03/17 03:21:46.310, 132.04 W, 95 %
2026/03/17 03:21:46.410, 132.03 W, 95 %
2026/03/17 03:21:46.510, 132.04 W, 95 %
2026/03/17 03:21:46.610, 132.04 W, 95 %
2026/03/17 03:21:46.710, 132.06 W, 95 %
2026/03/17 03:21:46.811, 132.05 W, 95 %
2026/03/17 03:21:46.911, 132.02 W, 95 %
2026/03/17 03:21:47.011, 132.00 W, 95 %
2026/03/17 03:21:47.111, 131.99 W, 95 %
2026/03/17 03:21:47.211, 131.99 W, 95 %
2026/03/17 03:21:47.312, 131.99 W, 95 %
2026/03/17 03:21:47.412, 131.98 W, 95 %
2026/03/17 03:21:47.512, 131.96 W, 95 %
2026/03/17 03:21:47.612, 131.96 W, 95 %
2026/03/17 03:21:47.712, 131.97 W, 95 %
2026/03/17 03:21:47.812, 131.99 W, 95 %
2026/03/17 03:21:47.913, 132.00 W, 95 %
2026/03/17 03:21:48.013, 132.02 W, 95 %
2026/03/17 03:21:48.113, 132.01 W, 95 %
2026/03/17 03:21:48.213, 132.01 W, 95 %
2026/03/17 03:21:48.313, 132.02 W, 95 %
2026/03/17 03:21:48.413, 132.01 W, 95 %
2026/03/17 03:21:48.514, 132.02 W, 95 %
2026/03/17 03:21:48.614, 132.03 W, 95 %
2026/03/17 03:21:48.714, 132.02 W, 95 %
2026/03/17 03:21:48.814, 132.02 W, 95 %
2026/03/17 03:21:48.914, 132.02 W, 95 %
2026/03/17 03:21:49.014, 132.02 W, 95 %
2026/03/17 03:21:49.114, 132.04 W, 95 %
2026/03/17 03:21:49.215, 132.03 W, 95 %
2026/03/17 03:21:49.315, 132.02 W, 95 %
2026/03/17 03:21:49.415, 132.03 W, 95 %
2026/03/17 03:21:49.515, 132.05 W, 95 %
2026/03/17 03:21:49.615, 132.05 W, 95 %
2026/03/17 03:21:49.716, 132.05 W, 95 %
2026/03/17 03:21:49.816, 132.06 W, 95 %
2026/03/17 03:21:49.916, 132.05 W, 95 %
2026/03/17 03:21:50.016, 132.05 W, 95 %
2026/03/17 03:21:50.116, 132.07 W, 95 %
2026/03/17 03:21:50.216, 132.09 W, 95 %
2026/03/17 03:21:50.317, 132.11 W, 95 %
2026/03/17 03:21:50.417, 132.12 W, 95 %
2026/03/17 03:21:50.517, 132.13 W, 95 %
2026/03/17 03:21:50.617, 132.14 W, 95 %
2026/03/17 03:21:50.717, 132.16 W, 95 %
2026/03/17 03:21:50.817, 132.16 W, 95 %
2026/03/17 03:21:50.918, 132.16 W, 95 %
2026/03/17 03:21:51.018, 132.16 W, 95 %
2026/03/17 03:21:51.118, 132.16 W, 95 %
2026/03/17 03:21:51.218, 132.16 W, 95 %
2026/03/17 03:21:51.318, 132.15 W, 95 %
2026/03/17 03:21:51.418, 132.18 W, 95 %
2026/03/17 03:21:51.519, 132.17 W, 95 %
2026/03/17 03:21:51.619, 132.16 W, 95 %
2026/03/17 03:21:51.719, 132.16 W, 95 %
2026/03/17 03:21:51.819, 132.19 W, 95 %
2026/03/17 03:21:51.919, 132.23 W, 95 %
2026/03/17 03:21:52.019, 132.27 W, 95 %
2026/03/17 03:21:52.119, 132.30 W, 95 %
2026/03/17 03:21:52.220, 132.33 W, 95 %
2026/03/17 03:21:52.320, 132.38 W, 95 %
2026/03/17 03:21:52.420, 132.40 W, 95 %
2026/03/17 03:21:52.520, 132.44 W, 95 %
2026/03/17 03:21:52.620, 132.47 W, 95 %
2026/03/17 03:21:52.720, 132.50 W, 95 %
2026/03/17 03:21:52.821, 132.51 W, 95 %
2026/03/17 03:21:52.921, 132.51 W, 95 %
2026/03/17 03:21:53.021, 132.53 W, 95 %
2026/03/17 03:21:53.121, 132.54 W, 95 %
2026/03/17 03:21:53.221, 132.55 W, 95 %
2026/03/17 03:21:53.321, 132.57 W, 95 %
2026/03/17 03:21:53.422, 132.56 W, 95 %
2026/03/17 03:21:53.522, 132.59 W, 95 %
2026/03/17 03:21:53.622, 132.62 W, 95 %
2026/03/17 03:21:53.722, 132.66 W, 95 %
2026/03/17 03:21:53.822, 132.69 W, 95 %
2026/03/17 03:21:53.922, 132.71 W, 95 %
2026/03/17 03:21:54.023, 132.73 W, 95 %
2026/03/17 03:21:54.123, 132.77 W, 95 %
2026/03/17 03:21:54.223, 132.78 W, 95 %
2026/03/17 03:21:54.323, 132.79 W, 95 %
2026/03/17 03:21:54.423, 132.82 W, 95 %
2026/03/17 03:21:54.523, 132.84 W, 95 %
2026/03/17 03:21:54.624, 132.85 W, 95 %
2026/03/17 03:21:54.724, 132.86 W, 95 %
2026/03/17 03:21:54.824, 132.88 W, 95 %
2026/03/17 03:21:54.924, 132.92 W, 95 %
2026/03/17 03:21:55.024, 132.94 W, 95 %
2026/03/17 03:21:55.124, 132.95 W, 95 %
2026/03/17 03:21:55.225, 132.97 W, 95 %
2026/03/17 03:21:55.325, 133.00 W, 95 %
2026/03/17 03:21:55.425, 133.03 W, 95 %
2026/03/17 03:21:55.525, 133.03 W, 95 %
2026/03/17 03:21:55.625, 133.05 W, 95 %
2026/03/17 03:21:55.725, 133.05 W, 95 %
2026/03/17 03:21:55.826, 133.07 W, 95 %
2026/03/17 03:21:55.926, 133.07 W, 95 %
2026/03/17 03:21:56.026, 133.07 W, 95 %
2026/03/17 03:21:56.126, 133.09 W, 95 %
2026/03/17 03:21:56.226, 133.11 W, 95 %
2026/03/17 03:21:56.326, 133.13 W, 95 %
2026/03/17 03:21:56.427, 133.12 W, 95 %
2026/03/17 03:21:56.527, 133.14 W, 95 %
2026/03/17 03:21:56.627, 133.15 W, 95 %
2026/03/17 03:21:56.727, 133.18 W, 95 %
2026/03/17 03:21:56.827, 133.16 W, 95 %
2026/03/17 03:21:56.927, 133.16 W, 95 %
2026/03/17 03:21:57.028, 133.16 W, 95 %
2026/03/17 03:21:57.128, 133.16 W, 95 %
2026/03/17 03:21:57.228, 133.14 W, 95 %
2026/03/17 03:21:57.328, 133.12 W, 95 %
2026/03/17 03:21:57.428, 133.09 W, 95 %
2026/03/17 03:21:57.528, 133.07 W, 95 %
2026/03/17 03:21:57.628, 133.04 W, 95 %
2026/03/17 03:21:57.729, 133.01 W, 95 %
2026/03/17 03:21:57.829, 133.01 W, 95 %
2026/03/17 03:21:57.929, 133.02 W, 95 %
2026/03/17 03:21:58.029, 133.02 W, 95 %
2026/03/17 03:21:58.129, 133.01 W, 95 %
2026/03/17 03:21:58.230, 132.99 W, 95 %
2026/03/17 03:21:58.330, 132.98 W, 95 %
2026/03/17 03:21:58.430, 132.98 W, 95 %
2026/03/17 03:21:58.530, 132.98 W, 95 %
2026/03/17 03:21:58.630, 132.99 W, 95 %
2026/03/17 03:21:58.730, 132.97 W, 95 %
2026/03/17 03:21:58.831, 132.94 W, 95 %
2026/03/17 03:21:58.931, 132.92 W, 95 %
2026/03/17 03:21:59.031, 132.89 W, 95 %
2026/03/17 03:21:59.131, 132.87 W, 95 %
2026/03/17 03:21:59.231, 132.87 W, 95 %
2026/03/17 03:21:59.331, 132.89 W, 95 %
2026/03/17 03:21:59.432, 132.89 W, 95 %
2026/03/17 03:21:59.532, 132.87 W, 95 %
2026/03/17 03:21:59.632, 132.87 W, 95 %
2026/03/17 03:21:59.732, 132.86 W, 95 %
2026/03/17 03:21:59.832, 132.85 W, 95 %
2026/03/17 03:21:59.932, 132.83 W, 95 %
2026/03/17 03:22:00.032, 132.81 W, 95 %
2026/03/17 03:22:00.133, 132.80 W, 95 %
2026/03/17 03:22:00.233, 132.78 W, 95 %
2026/03/17 03:22:00.333, 132.76 W, 95 %
2026/03/17 03:22:00.433, 132.71 W, 95 %
2026/03/17 03:22:00.533, 132.68 W, 95 %
2026/03/17 03:22:00.634, 132.65 W, 95 %
2026/03/17 03:22:00.734, 132.63 W, 95 %
2026/03/17 03:22:00.834, 132.62 W, 95 %
2026/03/17 03:22:00.934, 132.64 W, 95 %
2026/03/17 03:22:01.034, 132.64 W, 95 %
2026/03/17 03:22:01.134, 132.62 W, 95 %
2026/03/17 03:22:01.235, 132.59 W, 95 %
2026/03/17 03:22:01.335, 132.57 W, 95 %
2026/03/17 03:22:01.435, 132.58 W, 95 %
2026/03/17 03:22:01.535, 132.59 W, 95 %
2026/03/17 03:22:01.635, 132.58 W, 95 %
2026/03/17 03:22:01.735, 132.56 W, 95 %
2026/03/17 03:22:01.836, 132.53 W, 95 %
2026/03/17 03:22:01.936, 132.51 W, 95 %
2026/03/17 03:22:02.036, 132.49 W, 95 %
2026/03/17 03:22:02.136, 132.49 W, 95 %
2026/03/17 03:22:02.236, 132.50 W, 95 %
2026/03/17 03:22:02.336, 132.48 W, 95 %
2026/03/17 03:22:02.437, 132.45 W, 95 %
2026/03/17 03:22:02.537, 132.43 W, 95 %
2026/03/17 03:22:02.637, 132.42 W, 95 %
2026/03/17 03:22:02.737, 132.42 W, 95 %
2026/03/17 03:22:02.837, 132.41 W, 95 %
2026/03/17 03:22:02.937, 132.39 W, 95 %
2026/03/17 03:22:03.037, 132.36 W, 95 %
2026/03/17 03:22:03.138, 132.37 W, 95 %
2026/03/17 03:22:03.238, 132.32 W, 95 %
2026/03/17 03:22:03.338, 132.32 W, 95 %
2026/03/17 03:22:03.438, 132.30 W, 95 %
2026/03/17 03:22:03.538, 132.29 W, 95 %
2026/03/17 03:22:03.639, 132.31 W, 95 %
2026/03/17 03:22:03.739, 132.31 W, 95 %
2026/03/17 03:22:03.839, 132.32 W, 95 %
2026/03/17 03:22:03.939, 132.34 W, 95 %
2026/03/17 03:22:04.039, 132.35 W, 95 %
2026/03/17 03:22:04.139, 132.34 W, 95 %
2026/03/17 03:22:04.239, 132.35 W, 95 %
2026/03/17 03:22:04.340, 132.38 W, 95 %
2026/03/17 03:22:04.440, 132.42 W, 95 %
2026/03/17 03:22:04.540, 132.42 W, 95 %
2026/03/17 03:22:04.640, 132.40 W, 95 %
2026/03/17 03:22:04.740, 132.39 W, 95 %
2026/03/17 03:22:04.840, 132.40 W, 95 %
2026/03/17 03:22:04.941, 132.40 W, 95 %
2026/03/17 03:22:05.041, 132.44 W, 95 %
2026/03/17 03:22:05.141, 132.47 W, 95 %
2026/03/17 03:22:05.241, 132.47 W, 95 %
2026/03/17 03:22:05.341, 132.49 W, 95 %
2026/03/17 03:22:05.441, 132.48 W, 95 %
2026/03/17 03:22:05.542, 132.50 W, 95 %
2026/03/17 03:22:05.642, 132.50 W, 95 %
2026/03/17 03:22:05.742, 132.48 W, 95 %
2026/03/17 03:22:05.842, 132.48 W, 95 %
2026/03/17 03:22:05.942, 132.47 W, 95 %
2026/03/17 03:22:06.042, 132.44 W, 95 %
2026/03/17 03:22:06.143, 132.44 W, 95 %
2026/03/17 03:22:06.243, 132.46 W, 95 %
2026/03/17 03:22:06.343, 132.44 W, 95 %
2026/03/17 03:22:06.443, 132.43 W, 95 %
2026/03/17 03:22:06.543, 132.45 W, 95 %
2026/03/17 03:22:06.644, 132.47 W, 95 %
2026/03/17 03:22:06.744, 132.55 W, 95 %
2026/03/17 03:22:06.844, 132.55 W, 95 %
2026/03/17 03:22:06.944, 132.56 W, 95 %
2026/03/17 03:22:07.044, 132.58 W, 95 %
2026/03/17 03:22:07.144, 132.58 W, 95 %
2026/03/17 03:22:07.245, 132.57 W, 95 %
2026/03/17 03:22:07.345, 132.58 W, 95 %
2026/03/17 03:22:07.445, 132.62 W, 95 %
2026/03/17 03:22:07.545, 132.63 W, 95 %
2026/03/17 03:22:07.645, 132.64 W, 95 %
2026/03/17 03:22:07.745, 132.63 W, 95 %
2026/03/17 03:22:07.845, 132.65 W, 95 %
2026/03/17 03:22:07.946, 132.66 W, 95 %
2026/03/17 03:22:08.046, 132.66 W, 95 %
2026/03/17 03:22:08.146, 132.67 W, 95 %
2026/03/17 03:22:08.246, 132.69 W, 95 %
2026/03/17 03:22:08.346, 132.68 W, 95 %
2026/03/17 03:22:08.446, 132.65 W, 95 %
2026/03/17 03:22:08.547, 132.61 W, 95 %
2026/03/17 03:22:08.647, 132.62 W, 95 %
2026/03/17 03:22:08.747, 132.64 W, 95 %
2026/03/17 03:22:08.847, 132.63 W, 95 %
2026/03/17 03:22:08.947, 132.63 W, 95 %
2026/03/17 03:22:09.048, 132.64 W, 95 %
2026/03/17 03:22:09.148, 132.65 W, 95 %
2026/03/17 03:22:09.248, 132.66 W, 95 %
2026/03/17 03:22:09.348, 132.66 W, 95 %
2026/03/17 03:22:09.448, 132.65 W, 95 %
2026/03/17 03:22:09.548, 132.67 W, 95 %
2026/03/17 03:22:09.649, 132.68 W, 95 %
2026/03/17 03:22:09.749, 132.67 W, 95 %
2026/03/17 03:22:09.849, 132.68 W, 95 %
2026/03/17 03:22:09.949, 132.68 W, 95 %
2026/03/17 03:22:10.049, 132.67 W, 95 %
2026/03/17 03:22:10.149, 132.65 W, 95 %
2026/03/17 03:22:10.249, 132.66 W, 95 %
2026/03/17 03:22:10.350, 132.67 W, 95 %
2026/03/17 03:22:10.450, 132.65 W, 95 %
2026/03/17 03:22:10.550, 132.63 W, 95 %
2026/03/17 03:22:10.650, 132.62 W, 95 %
2026/03/17 03:22:10.750, 132.61 W, 95 %
2026/03/17 03:22:10.850, 132.61 W, 95 %
2026/03/17 03:22:10.951, 132.61 W, 95 %
2026/03/17 03:22:11.051, 132.60 W, 95 %
2026/03/17 03:22:11.151, 132.58 W, 95 %
2026/03/17 03:22:11.251, 132.57 W, 95 %
2026/03/17 03:22:11.351, 132.56 W, 95 %
2026/03/17 03:22:11.451, 132.58 W, 95 %
2026/03/17 03:22:11.552, 132.57 W, 95 %
2026/03/17 03:22:11.652, 132.58 W, 95 %
2026/03/17 03:22:11.752, 132.57 W, 95 %
2026/03/17 03:22:11.852, 132.57 W, 95 %
2026/03/17 03:22:11.952, 132.54 W, 95 %
2026/03/17 03:22:12.052, 132.55 W, 95 %
2026/03/17 03:22:12.153, 132.53 W, 95 %
2026/03/17 03:22:12.253, 132.53 W, 95 %
2026/03/17 03:22:12.353, 132.51 W, 95 %
2026/03/17 03:22:12.453, 132.49 W, 95 %
2026/03/17 03:22:12.553, 132.46 W, 95 %
2026/03/17 03:22:12.653, 132.43 W, 95 %
2026/03/17 03:22:12.754, 132.41 W, 95 %
2026/03/17 03:22:12.854, 132.39 W, 95 %
2026/03/17 03:22:12.954, 132.38 W, 95 %
2026/03/17 03:22:13.054, 132.35 W, 95 %
2026/03/17 03:22:13.154, 132.36 W, 95 %
2026/03/17 03:22:13.254, 132.34 W, 95 %
2026/03/17 03:22:13.355, 132.34 W, 95 %
2026/03/17 03:22:13.455, 132.32 W, 95 %
2026/03/17 03:22:13.555, 132.30 W, 95 %
2026/03/17 03:22:13.655, 132.28 W, 95 %
2026/03/17 03:22:13.755, 132.28 W, 95 %
2026/03/17 03:22:13.855, 132.26 W, 95 %
2026/03/17 03:22:13.955, 132.27 W, 95 %
2026/03/17 03:22:14.056, 132.25 W, 95 %
2026/03/17 03:22:14.156, 132.23 W, 95 %
2026/03/17 03:22:14.256, 132.21 W, 95 %
2026/03/17 03:22:14.356, 132.20 W, 95 %
2026/03/17 03:22:14.456, 132.21 W, 95 %
2026/03/17 03:22:14.556, 132.21 W, 95 %
2026/03/17 03:22:14.657, 132.21 W, 95 %
2026/03/17 03:22:14.757, 132.19 W, 95 %
2026/03/17 03:22:14.857, 132.20 W, 95 %
2026/03/17 03:22:14.957, 132.18 W, 95 %
2026/03/17 03:22:15.057, 132.18 W, 95 %
2026/03/17 03:22:15.157, 132.19 W, 95 %
2026/03/17 03:22:15.258, 132.19 W, 95 %
2026/03/17 03:22:15.358, 132.15 W, 95 %
2026/03/17 03:22:15.458, 132.14 W, 95 %
2026/03/17 03:22:15.558, 132.12 W, 95 %
2026/03/17 03:22:15.658, 132.11 W, 95 %
2026/03/17 03:22:15.758, 132.10 W, 95 %
2026/03/17 03:22:15.859, 132.08 W, 95 %
2026/03/17 03:22:15.959, 132.07 W, 95 %
2026/03/17 03:22:16.059, 132.05 W, 95 %
2026/03/17 03:22:16.159, 132.05 W, 95 %
2026/03/17 03:22:16.259, 132.05 W, 95 %
2026/03/17 03:22:16.359, 132.07 W, 95 %
2026/03/17 03:22:16.459, 132.04 W, 95 %
2026/03/17 03:22:16.560, 132.03 W, 95 %
2026/03/17 03:22:16.660, 132.04 W, 95 %
2026/03/17 03:22:16.760, 132.05 W, 95 %
2026/03/17 03:22:16.860, 132.07 W, 95 %
2026/03/17 03:22:16.960, 132.07 W, 95 %
2026/03/17 03:22:17.061, 132.06 W, 95 %
2026/03/17 03:22:17.161, 132.04 W, 95 %
2026/03/17 03:22:17.261, 132.02 W, 95 %
2026/03/17 03:22:17.361, 132.02 W, 95 %
2026/03/17 03:22:17.461, 132.03 W, 95 %
2026/03/17 03:22:17.561, 132.05 W, 95 %
2026/03/17 03:22:17.662, 132.03 W, 95 %
2026/03/17 03:22:17.762, 132.01 W, 95 %
2026/03/17 03:22:17.862, 131.98 W, 95 %
2026/03/17 03:22:17.962, 131.99 W, 95 %
2026/03/17 03:22:18.062, 131.99 W, 95 %
2026/03/17 03:22:18.162, 132.00 W, 95 %
2026/03/17 03:22:18.263, 131.99 W, 95 %
2026/03/17 03:22:18.363, 131.98 W, 95 %
2026/03/17 03:22:18.463, 131.97 W, 95 %
2026/03/17 03:22:18.563, 131.96 W, 95 %
2026/03/17 03:22:18.663, 131.94 W, 95 %
2026/03/17 03:22:18.763, 131.94 W, 95 %
2026/03/17 03:22:18.864, 131.94 W, 95 %
2026/03/17 03:22:18.964, 131.94 W, 95 %
2026/03/17 03:22:19.064, 131.93 W, 95 %
2026/03/17 03:22:19.164, 131.94 W, 95 %
2026/03/17 03:22:19.264, 131.92 W, 95 %
2026/03/17 03:22:19.364, 131.92 W, 95 %
2026/03/17 03:22:19.465, 131.90 W, 95 %
2026/03/17 03:22:19.565, 131.89 W, 95 %
2026/03/17 03:22:19.665, 131.89 W, 95 %
2026/03/17 03:22:19.765, 131.88 W, 95 %
2026/03/17 03:22:19.865, 131.89 W, 95 %
2026/03/17 03:22:19.965, 131.87 W, 95 %
2026/03/17 03:22:20.066, 131.87 W, 95 %
2026/03/17 03:22:20.166, 131.87 W, 95 %
2026/03/17 03:22:20.266, 131.88 W, 95 %
2026/03/17 03:22:20.366, 131.88 W, 95 %
2026/03/17 03:22:20.466, 131.89 W, 95 %
2026/03/17 03:22:20.566, 131.90 W, 95 %
2026/03/17 03:22:20.667, 131.90 W, 95 %
2026/03/17 03:22:20.767, 131.92 W, 95 %
2026/03/17 03:22:20.867, 131.92 W, 95 %
2026/03/17 03:22:20.967, 131.94 W, 95 %
2026/03/17 03:22:21.067, 131.95 W, 95 %
2026/03/17 03:22:21.167, 131.95 W, 95 %
2026/03/17 03:22:21.268, 131.93 W, 95 %
2026/03/17 03:22:21.368, 131.92 W, 95 %
2026/03/17 03:22:21.468, 131.94 W, 95 %
2026/03/17 03:22:21.568, 131.95 W, 95 %
2026/03/17 03:22:21.668, 131.97 W, 95 %
2026/03/17 03:22:21.768, 131.97 W, 95 %
2026/03/17 03:22:21.869, 131.98 W, 95 %
2026/03/17 03:22:21.969, 131.99 W, 95 %
2026/03/17 03:22:22.069, 132.01 W, 95 %
2026/03/17 03:22:22.169, 132.04 W, 95 %
2026/03/17 03:22:22.269, 132.06 W, 95 %
2026/03/17 03:22:22.369, 132.09 W, 95 %
2026/03/17 03:22:22.470, 132.11 W, 95 %
2026/03/17 03:22:22.570, 132.13 W, 95 %
2026/03/17 03:22:22.670, 132.16 W, 95 %
2026/03/17 03:22:22.770, 132.19 W, 95 %
2026/03/17 03:22:22.870, 132.24 W, 95 %
2026/03/17 03:22:22.970, 132.26 W, 95 %
2026/03/17 03:22:23.071, 132.27 W, 95 %
2026/03/17 03:22:23.171, 132.31 W, 95 %
2026/03/17 03:22:23.271, 132.34 W, 95 %
2026/03/17 03:22:23.371, 132.39 W, 95 %
2026/03/17 03:22:23.471, 132.42 W, 95 %
2026/03/17 03:22:23.571, 132.44 W, 95 %
2026/03/17 03:22:23.672, 132.43 W, 95 %
2026/03/17 03:22:23.772, 132.43 W, 95 %
2026/03/17 03:22:23.872, 132.44 W, 95 %
2026/03/17 03:22:23.972, 132.49 W, 95 %
2026/03/17 03:22:24.072, 132.49 W, 95 %
2026/03/17 03:22:24.172, 132.49 W, 95 %
2026/03/17 03:22:24.273, 132.51 W, 95 %
2026/03/17 03:22:24.373, 132.53 W, 95 %
2026/03/17 03:22:24.473, 132.52 W, 95 %
2026/03/17 03:22:24.573, 132.54 W, 95 %
2026/03/17 03:22:24.673, 132.57 W, 95 %
2026/03/17 03:22:24.773, 132.60 W, 95 %
2026/03/17 03:22:24.874, 132.63 W, 95 %
2026/03/17 03:22:24.974, 132.64 W, 95 %
2026/03/17 03:22:25.074, 132.67 W, 95 %
2026/03/17 03:22:25.174, 132.71 W, 95 %
2026/03/17 03:22:25.274, 132.76 W, 95 %
2026/03/17 03:22:25.374, 132.77 W, 95 %
2026/03/17 03:22:25.475, 132.79 W, 95 %
2026/03/17 03:22:25.575, 132.82 W, 95 %
2026/03/17 03:22:25.675, 132.86 W, 95 %
2026/03/17 03:22:25.775, 132.88 W, 95 %
2026/03/17 03:22:25.875, 132.91 W, 95 %
2026/03/17 03:22:25.975, 132.90 W, 95 %
2026/03/17 03:22:26.076, 132.92 W, 95 %
2026/03/17 03:22:26.176, 132.90 W, 95 %
2026/03/17 03:22:26.276, 132.89 W, 95 %
2026/03/17 03:22:26.376, 132.90 W, 95 %
2026/03/17 03:22:26.476, 132.92 W, 95 %
2026/03/17 03:22:26.576, 132.96 W, 95 %
2026/03/17 03:22:26.677, 132.96 W, 95 %
2026/03/17 03:22:26.777, 132.98 W, 95 %
2026/03/17 03:22:26.877, 132.99 W, 95 %
2026/03/17 03:22:26.977, 133.04 W, 95 %
2026/03/17 03:22:27.077, 133.05 W, 95 %
2026/03/17 03:22:27.177, 133.08 W, 95 %
2026/03/17 03:22:27.277, 133.09 W, 95 %
2026/03/17 03:22:27.378, 133.11 W, 95 %
2026/03/17 03:22:27.478, 133.10 W, 95 %
2026/03/17 03:22:27.578, 133.09 W, 95 %
2026/03/17 03:22:27.678, 133.06 W, 95 %
2026/03/17 03:22:27.778, 133.07 W, 95 %
2026/03/17 03:22:27.879, 133.07 W, 95 %
2026/03/17 03:22:27.979, 133.09 W, 95 %
2026/03/17 03:22:28.079, 133.11 W, 95 %
2026/03/17 03:22:28.179, 133.10 W, 95 %
2026/03/17 03:22:28.279, 133.12 W, 95 %
2026/03/17 03:22:28.379, 133.10 W, 95 %
2026/03/17 03:22:28.480, 133.11 W, 95 %
2026/03/17 03:22:28.580, 133.11 W, 95 %
2026/03/17 03:22:28.680, 133.14 W, 95 %
2026/03/17 03:22:28.780, 133.12 W, 95 %
2026/03/17 03:22:28.880, 133.11 W, 95 %
2026/03/17 03:22:28.980, 133.08 W, 95 %
2026/03/17 03:22:29.081, 133.06 W, 95 %
2026/03/17 03:22:29.181, 133.05 W, 95 %
2026/03/17 03:22:29.281, 133.01 W, 95 %
2026/03/17 03:22:29.381, 133.02 W, 95 %
2026/03/17 03:22:29.481, 133.02 W, 95 %
2026/03/17 03:22:29.581, 133.03 W, 95 %
2026/03/17 03:22:29.681, 133.01 W, 95 %
2026/03/17 03:22:29.782, 133.01 W, 95 %
2026/03/17 03:22:29.882, 133.01 W, 95 %
2026/03/17 03:22:29.982, 133.01 W, 95 %
2026/03/17 03:22:30.082, 133.01 W, 95 %
2026/03/17 03:22:30.182, 133.00 W, 95 %
2026/03/17 03:22:30.282, 133.00 W, 95 %
2026/03/17 03:22:30.383, 132.99 W, 95 %
2026/03/17 03:22:30.483, 132.97 W, 95 %
2026/03/17 03:22:30.583, 132.93 W, 95 %
2026/03/17 03:22:30.683, 132.92 W, 95 %
2026/03/17 03:22:30.783, 132.88 W, 95 %
2026/03/17 03:22:30.884, 132.86 W, 95 %
2026/03/17 03:22:30.984, 132.87 W, 95 %
2026/03/17 03:22:31.084, 132.85 W, 95 %
2026/03/17 03:22:31.184, 132.85 W, 95 %
2026/03/17 03:22:31.284, 132.83 W, 95 %
2026/03/17 03:22:31.384, 132.80 W, 95 %
2026/03/17 03:22:31.485, 132.78 W, 95 %
2026/03/17 03:22:31.585, 132.77 W, 95 %
2026/03/17 03:22:31.685, 132.77 W, 95 %
2026/03/17 03:22:31.785, 132.76 W, 95 %
2026/03/17 03:22:31.885, 132.73 W, 95 %
2026/03/17 03:22:31.985, 132.69 W, 95 %
2026/03/17 03:22:32.086, 132.66 W, 95 %
2026/03/17 03:22:32.186, 132.63 W, 95 %
2026/03/17 03:22:32.286, 132.59 W, 95 %
2026/03/17 03:22:32.386, 132.58 W, 95 %
2026/03/17 03:22:32.486, 132.57 W, 95 %
2026/03/17 03:22:32.586, 132.55 W, 95 %
2026/03/17 03:22:32.686, 132.51 W, 95 %
2026/03/17 03:22:32.787, 132.50 W, 95 %
2026/03/17 03:22:32.887, 132.48 W, 95 %
2026/03/17 03:22:32.987, 132.48 W, 95 %
2026/03/17 03:22:33.087, 132.45 W, 95 %
2026/03/17 03:22:33.187, 132.43 W, 95 %
2026/03/17 03:22:33.287, 132.43 W, 95 %
2026/03/17 03:22:33.388, 132.43 W, 95 %
2026/03/17 03:22:33.488, 132.43 W, 95 %
2026/03/17 03:22:33.588, 132.40 W, 95 %
2026/03/17 03:22:33.688, 132.38 W, 95 %
2026/03/17 03:22:33.788, 132.38 W, 95 %
2026/03/17 03:22:33.889, 132.38 W, 95 %
2026/03/17 03:22:33.989, 132.37 W, 95 %
2026/03/17 03:22:34.089, 132.38 W, 95 %
2026/03/17 03:22:34.189, 132.36 W, 95 %
2026/03/17 03:22:34.289, 132.36 W, 95 %
2026/03/17 03:22:34.389, 132.33 W, 95 %
2026/03/17 03:22:34.490, 132.32 W, 95 %
2026/03/17 03:22:34.590, 132.32 W, 95 %
2026/03/17 03:22:34.690, 132.35 W, 95 %
2026/03/17 03:22:34.790, 132.32 W, 95 %
2026/03/17 03:22:34.890, 132.32 W, 95 %
2026/03/17 03:22:34.990, 132.31 W, 95 %
2026/03/17 03:22:35.090, 132.32 W, 95 %
2026/03/17 03:22:35.191, 132.32 W, 95 %
2026/03/17 03:22:35.291, 132.31 W, 95 %
2026/03/17 03:22:35.391, 132.33 W, 95 %
2026/03/17 03:22:35.491, 132.30 W, 95 %
2026/03/17 03:22:35.591, 132.29 W, 95 %
2026/03/17 03:22:35.691, 132.27 W, 95 %
2026/03/17 03:22:35.792, 132.29 W, 95 %
2026/03/17 03:22:35.892, 132.30 W, 95 %
2026/03/17 03:22:35.992, 132.32 W, 95 %
2026/03/17 03:22:36.092, 132.29 W, 95 %
2026/03/17 03:22:36.192, 132.32 W, 95 %
2026/03/17 03:22:36.292, 132.31 W, 95 %
2026/03/17 03:22:36.393, 132.32 W, 95 %
2026/03/17 03:22:36.493, 132.34 W, 95 %
2026/03/17 03:22:36.593, 132.36 W, 95 %
2026/03/17 03:22:36.693, 132.39 W, 95 %
2026/03/17 03:22:36.793, 132.38 W, 95 %
2026/03/17 03:22:36.894, 132.39 W, 95 %
2026/03/17 03:22:36.994, 132.40 W, 95 %
2026/03/17 03:22:37.094, 132.42 W, 95 %
2026/03/17 03:22:37.194, 132.43 W, 95 %
2026/03/17 03:22:37.294, 132.46 W, 95 %
2026/03/17 03:22:37.394, 132.45 W, 95 %
2026/03/17 03:22:37.495, 132.46 W, 95 %
2026/03/17 03:22:37.595, 132.48 W, 95 %
2026/03/17 03:22:37.695, 132.47 W, 95 %
2026/03/17 03:22:37.795, 132.49 W, 95 %
2026/03/17 03:22:37.895, 132.49 W, 95 %
2026/03/17 03:22:37.995, 132.48 W, 95 %
2026/03/17 03:22:38.095, 132.48 W, 95 %
2026/03/17 03:22:38.196, 132.48 W, 95 %
2026/03/17 03:22:38.296, 132.49 W, 95 %
2026/03/17 03:22:38.396, 132.49 W, 95 %
2026/03/17 03:22:38.496, 132.50 W, 95 %
2026/03/17 03:22:38.596, 132.49 W, 95 %
2026/03/17 03:22:38.697, 132.49 W, 95 %
2026/03/17 03:22:38.797, 132.50 W, 95 %
2026/03/17 03:22:38.897, 132.51 W, 95 %
2026/03/17 03:22:38.997, 132.52 W, 95 %
2026/03/17 03:22:39.097, 132.52 W, 95 %
2026/03/17 03:22:39.197, 132.52 W, 95 %
2026/03/17 03:22:39.298, 132.53 W, 95 %
2026/03/17 03:22:39.398, 132.54 W, 95 %
2026/03/17 03:22:39.498, 132.56 W, 95 %
2026/03/17 03:22:39.598, 132.59 W, 95 %
2026/03/17 03:22:39.698, 132.58 W, 95 %
2026/03/17 03:22:39.798, 132.61 W, 95 %
2026/03/17 03:22:39.899, 132.63 W, 95 %
2026/03/17 03:22:39.999, 132.63 W, 95 %
2026/03/17 03:22:40.099, 132.65 W, 95 %
2026/03/17 03:22:40.199, 132.67 W, 95 %
2026/03/17 03:22:40.299, 132.68 W, 95 %
2026/03/17 03:22:40.399, 132.69 W, 95 %
2026/03/17 03:22:40.500, 132.69 W, 95 %
2026/03/17 03:22:40.600, 132.70 W, 95 %
2026/03/17 03:22:40.700, 132.72 W, 95 %
2026/03/17 03:22:40.800, 132.71 W, 95 %
2026/03/17 03:22:40.900, 132.71 W, 95 %
2026/03/17 03:22:41.000, 132.71 W, 95 %
2026/03/17 03:22:41.100, 132.72 W, 95 %
2026/03/17 03:22:41.201, 132.71 W, 95 %
2026/03/17 03:22:41.301, 132.70 W, 95 %
2026/03/17 03:22:41.401, 132.70 W, 95 %
2026/03/17 03:22:41.501, 132.70 W, 95 %
2026/03/17 03:22:41.601, 132.67 W, 95 %
2026/03/17 03:22:41.701, 132.66 W, 95 %
2026/03/17 03:22:41.802, 132.65 W, 95 %
2026/03/17 03:22:41.902, 132.67 W, 95 %
2026/03/17 03:22:42.002, 132.67 W, 95 %
2026/03/17 03:22:42.102, 132.66 W, 95 %
2026/03/17 03:22:42.202, 132.66 W, 95 %
2026/03/17 03:22:42.302, 132.66 W, 95 %
2026/03/17 03:22:42.403, 132.68 W, 95 %
2026/03/17 03:22:42.503, 132.64 W, 95 %
2026/03/17 03:22:42.603, 132.66 W, 95 %
2026/03/17 03:22:42.703, 132.65 W, 95 %
2026/03/17 03:22:42.803, 132.63 W, 95 %
2026/03/17 03:22:42.903, 132.60 W, 95 %
2026/03/17 03:22:43.003, 132.59 W, 95 %
2026/03/17 03:22:43.104, 132.58 W, 95 %
2026/03/17 03:22:43.204, 132.58 W, 95 %
2026/03/17 03:22:43.304, 132.55 W, 95 %
2026/03/17 03:22:43.404, 132.54 W, 95 %
2026/03/17 03:22:43.504, 132.54 W, 95 %
2026/03/17 03:22:43.604, 132.54 W, 95 %
2026/03/17 03:22:43.705, 132.54 W, 95 %
2026/03/17 03:22:43.805, 132.52 W, 95 %
2026/03/17 03:22:43.905, 132.51 W, 95 %
2026/03/17 03:22:44.005, 132.51 W, 95 %
2026/03/17 03:22:44.105, 132.49 W, 95 %
2026/03/17 03:22:44.205, 132.49 W, 95 %
2026/03/17 03:22:44.306, 132.49 W, 95 %
2026/03/17 03:22:44.406, 132.49 W, 95 %
2026/03/17 03:22:44.506, 132.48 W, 95 %
2026/03/17 03:22:44.606, 132.45 W, 95 %
2026/03/17 03:22:44.706, 132.43 W, 95 %
2026/03/17 03:22:44.806, 132.42 W, 95 %
2026/03/17 03:22:44.907, 132.41 W, 95 %
2026/03/17 03:22:45.007, 132.38 W, 95 %
2026/03/17 03:22:45.107, 132.35 W, 95 %
2026/03/17 03:22:45.207, 132.35 W, 95 %
2026/03/17 03:22:45.307, 132.35 W, 95 %
2026/03/17 03:22:45.407, 132.34 W, 95 %
2026/03/17 03:22:45.508, 132.33 W, 95 %
2026/03/17 03:22:45.608, 132.31 W, 95 %
2026/03/17 03:22:45.708, 132.31 W, 95 %
2026/03/17 03:22:45.808, 132.31 W, 95 %
2026/03/17 03:22:45.908, 132.30 W, 95 %
2026/03/17 03:22:46.008, 132.29 W, 95 %
2026/03/17 03:22:46.108, 132.30 W, 95 %
2026/03/17 03:22:46.209, 132.25 W, 95 %
2026/03/17 03:22:46.309, 132.20 W, 95 %
2026/03/17 03:22:46.409, 132.18 W, 95 %
2026/03/17 03:22:46.509, 132.20 W, 95 %
2026/03/17 03:22:46.609, 132.20 W, 95 %
2026/03/17 03:22:46.709, 132.20 W, 95 %
2026/03/17 03:22:46.810, 132.20 W, 95 %
2026/03/17 03:22:46.910, 132.20 W, 95 %
2026/03/17 03:22:47.010, 132.20 W, 95 %
2026/03/17 03:22:47.110, 132.20 W, 95 %
2026/03/17 03:22:47.210, 132.21 W, 95 %
2026/03/17 03:22:47.310, 132.23 W, 95 %
2026/03/17 03:22:47.411, 132.22 W, 95 %
2026/03/17 03:22:47.511, 132.19 W, 95 %
2026/03/17 03:22:47.611, 132.18 W, 95 %
2026/03/17 03:22:47.711, 132.16 W, 95 %
2026/03/17 03:22:47.811, 132.13 W, 95 %
2026/03/17 03:22:47.912, 132.12 W, 95 %
2026/03/17 03:22:48.012, 132.10 W, 95 %
2026/03/17 03:22:48.112, 132.09 W, 95 %
2026/03/17 03:22:48.212, 132.09 W, 95 %
2026/03/17 03:22:48.312, 132.09 W, 95 %
2026/03/17 03:22:48.412, 132.08 W, 95 %
2026/03/17 03:22:48.513, 132.05 W, 95 %
2026/03/17 03:22:48.613, 132.04 W, 95 %
2026/03/17 03:22:48.713, 132.04 W, 95 %
2026/03/17 03:22:48.813, 132.02 W, 95 %
2026/03/17 03:22:48.913, 132.02 W, 95 %
2026/03/17 03:22:49.013, 132.01 W, 95 %
2026/03/17 03:22:49.113, 132.00 W, 95 %
2026/03/17 03:22:49.214, 131.98 W, 95 %
2026/03/17 03:22:49.314, 131.96 W, 95 %
2026/03/17 03:22:49.414, 131.95 W, 95 %
2026/03/17 03:22:49.514, 131.97 W, 95 %
2026/03/17 03:22:49.614, 131.97 W, 95 %
2026/03/17 03:22:49.714, 131.97 W, 95 %
2026/03/17 03:22:49.815, 131.98 W, 95 %
2026/03/17 03:22:49.915, 131.97 W, 95 %
2026/03/17 03:22:50.015, 131.98 W, 95 %
2026/03/17 03:22:50.115, 131.97 W, 95 %
2026/03/17 03:22:50.215, 131.99 W, 95 %
2026/03/17 03:22:50.316, 131.98 W, 95 %
2026/03/17 03:22:50.416, 131.98 W, 95 %
2026/03/17 03:22:50.516, 131.96 W, 95 %
2026/03/17 03:22:50.616, 131.96 W, 95 %
2026/03/17 03:22:50.716, 131.96 W, 95 %
2026/03/17 03:22:50.816, 131.95 W, 95 %
2026/03/17 03:22:50.917, 131.96 W, 95 %
2026/03/17 03:22:51.017, 131.95 W, 95 %
2026/03/17 03:22:51.117, 131.95 W, 95 %
2026/03/17 03:22:51.217, 131.94 W, 95 %
2026/03/17 03:22:51.317, 131.94 W, 95 %
2026/03/17 03:22:51.417, 131.93 W, 95 %
2026/03/17 03:22:51.517, 131.92 W, 95 %
2026/03/17 03:22:51.618, 131.89 W, 95 %
2026/03/17 03:22:51.718, 131.89 W, 95 %
2026/03/17 03:22:51.818, 131.90 W, 95 %
2026/03/17 03:22:51.918, 131.89 W, 95 %
2026/03/17 03:22:52.018, 131.90 W, 95 %
2026/03/17 03:22:52.118, 131.89 W, 95 %
2026/03/17 03:22:52.219, 131.90 W, 95 %
2026/03/17 03:22:52.319, 131.93 W, 95 %
2026/03/17 03:22:52.419, 131.94 W, 95 %
2026/03/17 03:22:52.519, 131.97 W, 95 %
2026/03/17 03:22:52.619, 132.00 W, 95 %
2026/03/17 03:22:52.719, 132.00 W, 95 %
2026/03/17 03:22:52.820, 132.02 W, 95 %
2026/03/17 03:22:52.920, 132.02 W, 95 %
2026/03/17 03:22:53.020, 132.03 W, 95 %
2026/03/17 03:22:53.120, 132.05 W, 95 %
2026/03/17 03:22:53.220, 132.07 W, 95 %
2026/03/17 03:22:53.320, 132.05 W, 95 %
2026/03/17 03:22:53.421, 132.07 W, 95 %
2026/03/17 03:22:53.521, 132.07 W, 95 %
2026/03/17 03:22:53.621, 132.07 W, 95 %
2026/03/17 03:22:53.721, 132.09 W, 95 %
2026/03/17 03:22:53.821, 132.12 W, 95 %
2026/03/17 03:22:53.921, 132.14 W, 95 %
2026/03/17 03:22:54.022, 132.15 W, 95 %
2026/03/17 03:22:54.122, 132.15 W, 95 %
2026/03/17 03:22:54.222, 132.16 W, 95 %
2026/03/17 03:22:54.322, 132.19 W, 95 %
2026/03/17 03:22:54.422, 132.22 W, 95 %
2026/03/17 03:22:54.522, 132.24 W, 95 %
2026/03/17 03:22:54.623, 132.25 W, 95 %
2026/03/17 03:22:54.723, 132.27 W, 95 %
2026/03/17 03:22:54.823, 132.27 W, 95 %
2026/03/17 03:22:54.923, 132.29 W, 95 %
2026/03/17 03:22:55.023, 132.32 W, 95 %
2026/03/17 03:22:55.123, 132.36 W, 95 %
2026/03/17 03:22:55.224, 132.40 W, 95 %
2026/03/17 03:22:55.324, 132.43 W, 95 %
2026/03/17 03:22:55.424, 132.46 W, 95 %
2026/03/17 03:22:55.524, 132.49 W, 95 %
2026/03/17 03:22:55.624, 132.54 W, 95 %
2026/03/17 03:22:55.724, 132.57 W, 95 %
2026/03/17 03:22:55.825, 132.60 W, 95 %
2026/03/17 03:22:55.925, 132.62 W, 95 %
2026/03/17 03:22:56.025, 132.66 W, 95 %
2026/03/17 03:22:56.125, 132.68 W, 95 %
2026/03/17 03:22:56.225, 132.67 W, 95 %
2026/03/17 03:22:56.325, 132.70 W, 95 %
2026/03/17 03:22:56.426, 132.72 W, 95 %
2026/03/17 03:22:56.526, 132.73 W, 95 %
2026/03/17 03:22:56.626, 132.74 W, 95 %
2026/03/17 03:22:56.726, 132.75 W, 95 %
2026/03/17 03:22:56.826, 132.80 W, 95 %
2026/03/17 03:22:56.926, 132.83 W, 95 %
2026/03/17 03:22:57.026, 132.84 W, 95 %
2026/03/17 03:22:57.127, 132.85 W, 95 %
2026/03/17 03:22:57.227, 132.88 W, 95 %
2026/03/17 03:22:57.327, 132.91 W, 95 %
2026/03/17 03:22:57.427, 132.92 W, 95 %
2026/03/17 03:22:57.527, 132.93 W, 95 %
2026/03/17 03:22:57.628, 132.95 W, 95 %
2026/03/17 03:22:57.728, 132.96 W, 95 %
2026/03/17 03:22:57.828, 132.95 W, 95 %
2026/03/17 03:22:57.928, 132.95 W, 95 %
2026/03/17 03:22:58.028, 132.96 W, 95 %
2026/03/17 03:22:58.128, 132.96 W, 95 %
2026/03/17 03:22:58.229, 132.96 W, 95 %
2026/03/17 03:22:58.329, 132.95 W, 95 %
2026/03/17 03:22:58.429, 132.99 W, 95 %
2026/03/17 03:22:58.529, 133.01 W, 95 %
2026/03/17 03:22:58.629, 133.01 W, 95 %
2026/03/17 03:22:58.729, 132.99 W, 95 %
2026/03/17 03:22:58.830, 133.01 W, 95 %
2026/03/17 03:22:58.930, 133.02 W, 95 %
2026/03/17 03:22:59.030, 133.02 W, 95 %
2026/03/17 03:22:59.130, 133.03 W, 95 %
2026/03/17 03:22:59.230, 133.03 W, 95 %
2026/03/17 03:22:59.330, 133.02 W, 95 %
2026/03/17 03:22:59.431, 133.02 W, 95 %
2026/03/17 03:22:59.531, 132.98 W, 95 %
2026/03/17 03:22:59.631, 132.99 W, 95 %
2026/03/17 03:22:59.731, 133.02 W, 95 %
2026/03/17 03:22:59.831, 133.02 W, 95 %
2026/03/17 03:22:59.931, 133.03 W, 95 %
2026/03/17 03:23:00.032, 133.04 W, 95 %
2026/03/17 03:23:00.132, 133.05 W, 95 %
2026/03/17 03:23:00.232, 133.05 W, 95 %
2026/03/17 03:23:00.332, 133.08 W, 95 %
2026/03/17 03:23:00.432, 133.06 W, 95 %
2026/03/17 03:23:00.532, 133.05 W, 95 %
2026/03/17 03:23:00.633, 133.07 W, 95 %
2026/03/17 03:23:00.733, 133.07 W, 95 %
2026/03/17 03:23:00.833, 133.05 W, 95 %
2026/03/17 03:23:00.933, 133.01 W, 95 %
2026/03/17 03:23:01.033, 132.97 W, 95 %
2026/03/17 03:23:01.133, 132.96 W, 95 %
2026/03/17 03:23:01.234, 132.97 W, 95 %
2026/03/17 03:23:01.334, 132.94 W, 95 %
2026/03/17 03:23:01.434, 132.93 W, 95 %
2026/03/17 03:23:01.534, 132.94 W, 95 %
2026/03/17 03:23:01.634, 132.92 W, 95 %
2026/03/17 03:23:01.734, 132.85 W, 95 %
2026/03/17 03:23:01.835, 132.84 W, 95 %
2026/03/17 03:23:01.935, 132.84 W, 95 %
2026/03/17 03:23:02.035, 132.85 W, 95 %
2026/03/17 03:23:02.135, 132.84 W, 95 %
2026/03/17 03:23:02.235, 132.79 W, 95 %
2026/03/17 03:23:02.335, 132.75 W, 95 %
2026/03/17 03:23:02.435, 132.75 W, 95 %
2026/03/17 03:23:02.536, 132.74 W, 95 %
2026/03/17 03:23:02.636, 132.74 W, 95 %
2026/03/17 03:23:02.736, 132.74 W, 95 %
2026/03/17 03:23:02.836, 132.75 W, 95 %
2026/03/17 03:23:02.936, 132.75 W, 95 %
2026/03/17 03:23:03.036, 132.72 W, 95 %
2026/03/17 03:23:03.137, 132.72 W, 95 %
2026/03/17 03:23:03.237, 132.73 W, 95 %
2026/03/17 03:23:03.337, 132.74 W, 95 %
2026/03/17 03:23:03.437, 132.72 W, 95 %
2026/03/17 03:23:03.537, 132.68 W, 95 %
2026/03/17 03:23:03.637, 132.68 W, 95 %
2026/03/17 03:23:03.738, 132.66 W, 95 %
2026/03/17 03:23:03.838, 132.63 W, 95 %
2026/03/17 03:23:03.938, 132.59 W, 95 %
2026/03/17 03:23:04.038, 132.55 W, 95 %
2026/03/17 03:23:04.138, 132.53 W, 95 %
2026/03/17 03:23:04.238, 132.52 W, 95 %
2026/03/17 03:23:04.339, 132.50 W, 95 %
2026/03/17 03:23:04.439, 132.49 W, 95 %
2026/03/17 03:23:04.539, 132.48 W, 95 %
2026/03/17 03:23:04.639, 132.46 W, 95 %
2026/03/17 03:23:04.739, 132.44 W, 95 %
2026/03/17 03:23:04.839, 132.40 W, 95 %
2026/03/17 03:23:04.939, 132.41 W, 95 %
2026/03/17 03:23:05.040, 132.41 W, 95 %
2026/03/17 03:23:05.140, 132.41 W, 95 %
2026/03/17 03:23:05.240, 132.37 W, 95 %
2026/03/17 03:23:05.340, 132.35 W, 95 %
2026/03/17 03:23:05.440, 132.33 W, 95 %
2026/03/17 03:23:05.540, 132.32 W, 95 %
2026/03/17 03:23:05.641, 132.31 W, 95 %
2026/03/17 03:23:05.741, 132.29 W, 95 %
2026/03/17 03:23:05.841, 132.30 W, 95 %
2026/03/17 03:23:05.941, 132.28 W, 95 %
2026/03/17 03:23:06.041, 132.27 W, 95 %
2026/03/17 03:23:06.141, 132.26 W, 95 %
2026/03/17 03:23:06.242, 132.25 W, 95 %
2026/03/17 03:23:06.342, 132.25 W, 95 %
2026/03/17 03:23:06.442, 132.24 W, 95 %
2026/03/17 03:23:06.542, 132.22 W, 95 %
2026/03/17 03:23:06.642, 132.22 W, 95 %
2026/03/17 03:23:06.743, 132.22 W, 95 %
2026/03/17 03:23:06.843, 132.24 W, 95 %
2026/03/17 03:23:06.943, 132.24 W, 95 %
2026/03/17 03:23:07.043, 132.23 W, 95 %
2026/03/17 03:23:07.143, 132.23 W, 95 %
2026/03/17 03:23:07.243, 132.26 W, 95 %
2026/03/17 03:23:07.344, 132.27 W, 95 %
2026/03/17 03:23:07.444, 132.30 W, 95 %
2026/03/17 03:23:07.544, 132.32 W, 95 %
2026/03/17 03:23:07.644, 132.34 W, 95 %
2026/03/17 03:23:07.744, 132.33 W, 95 %
2026/03/17 03:23:07.844, 132.34 W, 95 %
2026/03/17 03:23:07.944, 132.36 W, 95 %
2026/03/17 03:23:08.045, 132.39 W, 95 %
2026/03/17 03:23:08.145, 132.39 W, 95 %
2026/03/17 03:23:08.245, 132.38 W, 95 %
2026/03/17 03:23:08.345, 132.38 W, 95 %
2026/03/17 03:23:08.445, 132.38 W, 95 %
2026/03/17 03:23:08.545, 132.41 W, 95 %
2026/03/17 03:23:08.646, 132.42 W, 95 %
2026/03/17 03:23:08.746, 132.44 W, 95 %
2026/03/17 03:23:08.846, 132.44 W, 95 %
2026/03/17 03:23:08.946, 132.44 W, 95 %
2026/03/17 03:23:09.046, 132.44 W, 95 %
2026/03/17 03:23:09.146, 132.46 W, 95 %
2026/03/17 03:23:09.247, 132.49 W, 95 %
2026/03/17 03:23:09.347, 132.49 W, 95 %
2026/03/17 03:23:09.447, 132.48 W, 95 %
2026/03/17 03:23:09.547, 132.47 W, 95 %
2026/03/17 03:23:09.647, 132.47 W, 95 %
2026/03/17 03:23:09.748, 132.48 W, 95 %
2026/03/17 03:23:09.848, 132.49 W, 95 %
2026/03/17 03:23:09.948, 132.51 W, 95 %
2026/03/17 03:23:10.048, 132.51 W, 95 %
2026/03/17 03:23:10.148, 132.51 W, 95 %
2026/03/17 03:23:10.248, 132.51 W, 95 %
2026/03/17 03:23:10.348, 132.53 W, 95 %
2026/03/17 03:23:10.449, 132.54 W, 95 %
2026/03/17 03:23:10.549, 132.55 W, 95 %
2026/03/17 03:23:10.649, 132.57 W, 95 %
2026/03/17 03:23:10.749, 132.57 W, 95 %
2026/03/17 03:23:10.849, 132.60 W, 95 %
2026/03/17 03:23:10.949, 132.63 W, 95 %
2026/03/17 03:23:11.050, 132.64 W, 95 %
2026/03/17 03:23:11.150, 132.64 W, 95 %
2026/03/17 03:23:11.250, 132.64 W, 95 %
2026/03/17 03:23:11.350, 132.65 W, 95 %
2026/03/17 03:23:11.450, 132.65 W, 95 %
2026/03/17 03:23:11.550, 132.67 W, 95 %
2026/03/17 03:23:11.651, 132.68 W, 95 %
2026/03/17 03:23:11.751, 132.67 W, 95 %
2026/03/17 03:23:11.851, 132.67 W, 95 %
2026/03/17 03:23:11.951, 132.66 W, 95 %
2026/03/17 03:23:12.051, 132.66 W, 95 %
2026/03/17 03:23:12.151, 132.66 W, 95 %
2026/03/17 03:23:12.252, 132.67 W, 95 %
2026/03/17 03:23:12.352, 132.66 W, 95 %
2026/03/17 03:23:12.452, 132.67 W, 95 %
2026/03/17 03:23:12.552, 132.62 W, 92 %
2026/03/17 03:23:12.652, 132.62 W, 92 %
2026/03/17 03:23:12.752, 132.62 W, 95 %
2026/03/17 03:23:12.853, 132.62 W, 95 %
2026/03/17 03:23:12.953, 132.62 W, 95 %
2026/03/17 03:23:13.053, 132.61 W, 95 %
2026/03/17 03:23:13.153, 132.61 W, 95 %
2026/03/17 03:23:13.253, 132.59 W, 95 %
2026/03/17 03:23:13.353, 132.61 W, 95 %
2026/03/17 03:23:13.453, 132.59 W, 95 %
2026/03/17 03:23:13.554, 132.62 W, 95 %
2026/03/17 03:23:13.654, 132.61 W, 95 %
2026/03/17 03:23:13.754, 132.60 W, 95 %
2026/03/17 03:23:13.854, 132.60 W, 95 %
2026/03/17 03:23:13.954, 132.58 W, 95 %
2026/03/17 03:23:14.054, 132.59 W, 95 %
2026/03/17 03:23:14.155, 132.58 W, 95 %
2026/03/17 03:23:14.255, 132.58 W, 95 %
2026/03/17 03:23:14.355, 132.56 W, 95 %
2026/03/17 03:23:14.455, 132.56 W, 95 %
2026/03/17 03:23:14.555, 132.57 W, 95 %
2026/03/17 03:23:14.655, 132.56 W, 95 %
2026/03/17 03:23:14.756, 132.56 W, 95 %
2026/03/17 03:23:14.856, 132.56 W, 95 %
2026/03/17 03:23:14.956, 132.54 W, 95 %
2026/03/17 03:23:15.056, 132.53 W, 95 %
2026/03/17 03:23:15.156, 132.53 W, 95 %
2026/03/17 03:23:15.256, 132.54 W, 95 %
2026/03/17 03:23:15.357, 132.54 W, 95 %
2026/03/17 03:23:15.457, 132.52 W, 95 %
2026/03/17 03:23:15.557, 132.52 W, 95 %
2026/03/17 03:23:15.657, 132.54 W, 95 %
2026/03/17 03:23:15.757, 132.54 W, 95 %
2026/03/17 03:23:15.857, 132.50 W, 95 %
2026/03/17 03:23:15.957, 132.49 W, 95 %
2026/03/17 03:23:16.058, 132.49 W, 95 %
2026/03/17 03:23:16.158, 132.47 W, 95 %
2026/03/17 03:23:16.258, 132.43 W, 95 %
2026/03/17 03:23:16.358, 132.40 W, 95 %
2026/03/17 03:23:16.458, 132.40 W, 95 %
2026/03/17 03:23:16.559, 132.36 W, 95 %
2026/03/17 03:23:16.659, 132.35 W, 95 %
2026/03/17 03:23:16.759, 132.31 W, 95 %
2026/03/17 03:23:16.859, 132.32 W, 95 %
2026/03/17 03:23:16.959, 132.33 W, 95 %
2026/03/17 03:23:17.059, 132.31 W, 95 %
2026/03/17 03:23:17.160, 132.29 W, 95 %
2026/03/17 03:23:17.260, 132.29 W, 95 %
2026/03/17 03:23:17.360, 132.28 W, 95 %
2026/03/17 03:23:17.460, 132.27 W, 95 %
2026/03/17 03:23:17.560, 132.28 W, 95 %
2026/03/17 03:23:17.660, 132.25 W, 95 %
2026/03/17 03:23:17.761, 132.26 W, 95 %
2026/03/17 03:23:17.861, 132.24 W, 95 %
2026/03/17 03:23:17.961, 132.21 W, 95 %
2026/03/17 03:23:18.061, 132.20 W, 95 %
2026/03/17 03:23:18.161, 132.18 W, 95 %
2026/03/17 03:23:18.261, 132.19 W, 95 %
2026/03/17 03:23:18.361, 132.18 W, 95 %
2026/03/17 03:23:18.462, 132.17 W, 95 %
2026/03/17 03:23:18.562, 132.16 W, 95 %
2026/03/17 03:23:18.662, 132.16 W, 95 %
2026/03/17 03:23:18.762, 132.15 W, 95 %
2026/03/17 03:23:18.862, 132.14 W, 95 %
2026/03/17 03:23:18.962, 132.14 W, 95 %
2026/03/17 03:23:19.063, 132.13 W, 95 %
2026/03/17 03:23:19.163, 132.13 W, 95 %
2026/03/17 03:23:19.263, 132.11 W, 95 %
2026/03/17 03:23:19.363, 132.08 W, 95 %
2026/03/17 03:23:19.463, 132.08 W, 95 %
2026/03/17 03:23:19.563, 132.05 W, 95 %
2026/03/17 03:23:19.664, 132.03 W, 95 %
2026/03/17 03:23:19.764, 132.00 W, 95 %
2026/03/17 03:23:19.864, 132.00 W, 95 %
2026/03/17 03:23:19.964, 132.01 W, 95 %
2026/03/17 03:23:20.064, 132.00 W, 95 %
2026/03/17 03:23:20.164, 131.99 W, 95 %
2026/03/17 03:23:20.265, 131.99 W, 95 %
2026/03/17 03:23:20.365, 131.99 W, 95 %
2026/03/17 03:23:20.465, 131.99 W, 95 %
2026/03/17 03:23:20.565, 131.98 W, 95 %
2026/03/17 03:23:20.665, 131.98 W, 95 %
2026/03/17 03:23:20.765, 131.97 W, 95 %
2026/03/17 03:23:20.866, 131.96 W, 95 %
2026/03/17 03:23:20.966, 131.93 W, 95 %
2026/03/17 03:23:21.066, 131.95 W, 95 %
2026/03/17 03:23:21.166, 131.94 W, 95 %
2026/03/17 03:23:21.266, 131.93 W, 95 %
2026/03/17 03:23:21.366, 131.93 W, 95 %
2026/03/17 03:23:21.467, 131.94 W, 95 %
2026/03/17 03:23:21.567, 131.94 W, 95 %
2026/03/17 03:23:21.667, 131.95 W, 95 %
2026/03/17 03:23:21.767, 131.94 W, 95 %
2026/03/17 03:23:21.867, 131.95 W, 95 %
2026/03/17 03:23:21.967, 131.95 W, 95 %
2026/03/17 03:23:22.068, 131.94 W, 95 %
2026/03/17 03:23:22.168, 131.94 W, 95 %
2026/03/17 03:23:22.268, 131.95 W, 95 %
2026/03/17 03:23:22.368, 131.93 W, 95 %
2026/03/17 03:23:22.468, 131.92 W, 95 %
2026/03/17 03:23:22.568, 131.91 W, 95 %
2026/03/17 03:23:22.669, 131.91 W, 95 %
2026/03/17 03:23:22.769, 131.93 W, 95 %
2026/03/17 03:23:22.869, 131.93 W, 95 %
2026/03/17 03:23:22.969, 131.94 W, 95 %
2026/03/17 03:23:23.069, 131.93 W, 95 %
2026/03/17 03:23:23.169, 131.94 W, 95 %
2026/03/17 03:23:23.269, 131.96 W, 95 %
2026/03/17 03:23:23.370, 131.98 W, 95 %
2026/03/17 03:23:23.470, 132.00 W, 95 %
2026/03/17 03:23:23.570, 132.02 W, 95 %
2026/03/17 03:23:23.670, 132.01 W, 95 %
2026/03/17 03:23:23.770, 132.01 W, 95 %
2026/03/17 03:23:23.870, 132.03 W, 95 %
2026/03/17 03:23:23.971, 132.03 W, 95 %
2026/03/17 03:23:24.071, 132.05 W, 95 %
2026/03/17 03:23:24.171, 132.06 W, 95 %
2026/03/17 03:23:24.271, 132.06 W, 95 %
2026/03/17 03:23:24.371, 132.07 W, 95 %
2026/03/17 03:23:24.471, 132.08 W, 95 %
2026/03/17 03:23:24.572, 132.10 W, 95 %
2026/03/17 03:23:24.672, 132.13 W, 95 %
2026/03/17 03:23:24.772, 132.15 W, 95 %
2026/03/17 03:23:24.872, 132.15 W, 95 %
2026/03/17 03:23:24.972, 132.17 W, 95 %
2026/03/17 03:23:25.072, 132.19 W, 95 %
2026/03/17 03:23:25.173, 132.21 W, 95 %
2026/03/17 03:23:25.273, 132.25 W, 95 %
2026/03/17 03:23:25.373, 132.28 W, 95 %
2026/03/17 03:23:25.473, 132.30 W, 95 %
2026/03/17 03:23:25.573, 132.34 W, 95 %
2026/03/17 03:23:25.674, 132.35 W, 95 %
2026/03/17 03:23:25.774, 132.38 W, 95 %
2026/03/17 03:23:25.875, 132.43 W, 95 %
2026/03/17 03:23:25.975, 132.47 W, 95 %
2026/03/17 03:23:26.075, 132.49 W, 95 %
2026/03/17 03:23:26.175, 132.52 W, 95 %
2026/03/17 03:23:26.275, 132.52 W, 95 %
2026/03/17 03:23:26.375, 132.55 W, 95 %
2026/03/17 03:23:26.476, 132.56 W, 95 %
2026/03/17 03:23:26.576, 132.57 W, 95 %
2026/03/17 03:23:26.676, 132.59 W, 95 %
2026/03/17 03:23:26.776, 132.61 W, 95 %
2026/03/17 03:23:26.876, 132.62 W, 95 %
2026/03/17 03:23:26.976, 132.64 W, 95 %
2026/03/17 03:23:27.076, 132.67 W, 95 %
2026/03/17 03:23:27.177, 132.70 W, 95 %
2026/03/17 03:23:27.277, 132.73 W, 95 %
2026/03/17 03:23:27.377, 132.74 W, 95 %
2026/03/17 03:23:27.477, 132.77 W, 95 %
2026/03/17 03:23:27.577, 132.81 W, 95 %
2026/03/17 03:23:27.677, 132.82 W, 95 %
2026/03/17 03:23:27.778, 132.84 W, 95 %
2026/03/17 03:23:27.878, 132.85 W, 95 %
2026/03/17 03:23:27.978, 132.87 W, 95 %
2026/03/17 03:23:28.078, 132.88 W, 95 %
2026/03/17 03:23:28.178, 132.89 W, 95 %
2026/03/17 03:23:28.279, 132.89 W, 95 %
2026/03/17 03:23:28.379, 132.90 W, 95 %
2026/03/17 03:23:28.479, 132.91 W, 95 %
2026/03/17 03:23:28.579, 132.90 W, 95 %
2026/03/17 03:23:28.679, 132.92 W, 95 %
2026/03/17 03:23:28.779, 132.93 W, 95 %
2026/03/17 03:23:28.879, 132.95 W, 95 %
2026/03/17 03:23:28.980, 132.98 W, 95 %
2026/03/17 03:23:29.080, 132.97 W, 95 %
2026/03/17 03:23:29.180, 132.98 W, 95 %
2026/03/17 03:23:29.280, 133.01 W, 95 %
2026/03/17 03:23:29.380, 133.04 W, 95 %
2026/03/17 03:23:29.480, 133.04 W, 95 %
2026/03/17 03:23:29.581, 133.05 W, 95 %
2026/03/17 03:23:29.681, 133.04 W, 95 %
2026/03/17 03:23:29.781, 133.06 W, 95 %
2026/03/17 03:23:29.881, 133.05 W, 95 %
2026/03/17 03:23:29.981, 133.04 W, 95 %
2026/03/17 03:23:30.081, 133.07 W, 95 %
2026/03/17 03:23:30.182, 133.09 W, 95 %
2026/03/17 03:23:30.282, 133.09 W, 95 %
2026/03/17 03:23:30.382, 133.09 W, 95 %
2026/03/17 03:23:30.482, 133.10 W, 95 %
2026/03/17 03:23:30.582, 133.12 W, 95 %
2026/03/17 03:23:30.683, 133.12 W, 95 %
2026/03/17 03:23:30.783, 133.11 W, 95 %
2026/03/17 03:23:30.883, 133.12 W, 95 %
2026/03/17 03:23:30.983, 133.12 W, 95 %
2026/03/17 03:23:31.083, 133.10 W, 95 %
2026/03/17 03:23:31.183, 133.08 W, 95 %
2026/03/17 03:23:31.284, 133.07 W, 95 %
2026/03/17 03:23:31.384, 133.03 W, 95 %
2026/03/17 03:23:31.484, 133.03 W, 95 %
2026/03/17 03:23:31.584, 133.05 W, 95 %
2026/03/17 03:23:31.684, 133.05 W, 95 %
2026/03/17 03:23:31.784, 133.04 W, 95 %
2026/03/17 03:23:31.885, 133.04 W, 95 %
2026/03/17 03:23:31.985, 133.04 W, 95 %
2026/03/17 03:23:32.085, 133.04 W, 95 %
2026/03/17 03:23:32.185, 133.02 W, 95 %
2026/03/17 03:23:32.285, 133.01 W, 95 %
2026/03/17 03:23:32.385, 133.02 W, 95 %
2026/03/17 03:23:32.485, 133.00 W, 95 %
2026/03/17 03:23:32.586, 132.96 W, 95 %
2026/03/17 03:23:32.686, 132.93 W, 95 %
2026/03/17 03:23:32.786, 132.90 W, 95 %
2026/03/17 03:23:32.886, 132.88 W, 95 %
2026/03/17 03:23:32.986, 132.85 W, 95 %
2026/03/17 03:23:33.087, 132.83 W, 95 %
2026/03/17 03:23:33.187, 132.81 W, 95 %
2026/03/17 03:23:33.287, 132.80 W, 95 %
2026/03/17 03:23:33.387, 132.77 W, 95 %
2026/03/17 03:23:33.487, 132.75 W, 95 %
2026/03/17 03:23:33.587, 132.75 W, 95 %
2026/03/17 03:23:33.688, 132.73 W, 95 %
2026/03/17 03:23:33.788, 132.71 W, 95 %
2026/03/17 03:23:33.888, 132.68 W, 95 %
2026/03/17 03:23:33.988, 132.65 W, 95 %
2026/03/17 03:23:34.088, 132.64 W, 95 %
2026/03/17 03:23:34.188, 132.60 W, 95 %
2026/03/17 03:23:34.288, 132.59 W, 95 %
2026/03/17 03:23:34.389, 132.55 W, 95 %
2026/03/17 03:23:34.489, 132.52 W, 95 %
2026/03/17 03:23:34.589, 132.51 W, 95 %
2026/03/17 03:23:34.689, 132.51 W, 95 %
2026/03/17 03:23:34.789, 132.48 W, 95 %
2026/03/17 03:23:34.889, 132.48 W, 95 %
2026/03/17 03:23:34.990, 132.48 W, 95 %
2026/03/17 03:23:35.090, 132.46 W, 95 %
2026/03/17 03:23:35.190, 132.46 W, 95 %
2026/03/17 03:23:35.290, 132.46 W, 95 %
2026/03/17 03:23:35.390, 132.47 W, 95 %
2026/03/17 03:23:35.490, 132.46 W, 95 %
2026/03/17 03:23:35.591, 132.40 W, 95 %
2026/03/17 03:23:35.691, 132.37 W, 95 %
2026/03/17 03:23:35.791, 132.37 W, 95 %
2026/03/17 03:23:35.891, 132.37 W, 95 %
2026/03/17 03:23:35.991, 132.34 W, 95 %
2026/03/17 03:23:36.091, 132.32 W, 95 %
2026/03/17 03:23:36.192, 132.32 W, 95 %
2026/03/17 03:23:36.292, 132.30 W, 95 %
2026/03/17 03:23:36.392, 132.28 W, 95 %
2026/03/17 03:23:36.492, 132.27 W, 95 %
2026/03/17 03:23:36.592, 132.28 W, 95 %
2026/03/17 03:23:36.692, 132.29 W, 95 %
2026/03/17 03:23:36.793, 132.28 W, 95 %
2026/03/17 03:23:36.893, 132.25 W, 95 %
2026/03/17 03:23:36.993, 132.25 W, 95 %
2026/03/17 03:23:37.093, 132.25 W, 95 %
2026/03/17 03:23:37.193, 132.24 W, 95 %
2026/03/17 03:23:37.293, 132.24 W, 95 %
2026/03/17 03:23:37.394, 132.24 W, 95 %
2026/03/17 03:23:37.494, 132.22 W, 95 %
2026/03/17 03:23:37.594, 132.22 W, 95 %
2026/03/17 03:23:37.694, 132.24 W, 95 %
2026/03/17 03:23:37.794, 132.23 W, 95 %
2026/03/17 03:23:37.894, 132.24 W, 95 %
2026/03/17 03:23:37.994, 132.24 W, 95 %
2026/03/17 03:23:38.095, 132.24 W, 95 %
2026/03/17 03:23:38.195, 132.26 W, 95 %
2026/03/17 03:23:38.295, 132.27 W, 95 %
2026/03/17 03:23:38.395, 132.30 W, 95 %
2026/03/17 03:23:38.495, 132.31 W, 95 %
2026/03/17 03:23:38.596, 132.33 W, 95 %
2026/03/17 03:23:38.696, 132.33 W, 95 %
2026/03/17 03:23:38.796, 132.34 W, 95 %
2026/03/17 03:23:38.896, 132.36 W, 95 %
2026/03/17 03:23:38.996, 132.38 W, 95 %
2026/03/17 03:23:39.096, 132.38 W, 95 %
2026/03/17 03:23:39.197, 132.39 W, 95 %
2026/03/17 03:23:39.297, 132.39 W, 95 %
2026/03/17 03:23:39.397, 132.39 W, 95 %
2026/03/17 03:23:39.497, 132.40 W, 95 %
2026/03/17 03:23:39.597, 132.41 W, 95 %
2026/03/17 03:23:39.697, 132.42 W, 95 %
2026/03/17 03:23:39.798, 132.42 W, 95 %
2026/03/17 03:23:39.898, 132.41 W, 95 %
2026/03/17 03:23:39.998, 132.45 W, 95 %
2026/03/17 03:23:40.098, 132.45 W, 95 %
2026/03/17 03:23:40.198, 132.45 W, 95 %
2026/03/17 03:23:40.298, 132.46 W, 95 %
2026/03/17 03:23:40.399, 132.46 W, 95 %
2026/03/17 03:23:40.499, 132.47 W, 95 %
2026/03/17 03:23:40.599, 132.48 W, 95 %
2026/03/17 03:23:40.699, 132.47 W, 95 %
2026/03/17 03:23:40.799, 132.51 W, 95 %
2026/03/17 03:23:40.899, 132.51 W, 95 %
2026/03/17 03:23:41.000, 132.49 W, 95 %
2026/03/17 03:23:41.100, 132.50 W, 95 %
2026/03/17 03:23:41.200, 132.52 W, 95 %
2026/03/17 03:23:41.300, 132.55 W, 95 %
2026/03/17 03:23:41.400, 132.58 W, 95 %
2026/03/17 03:23:41.500, 132.59 W, 95 %
2026/03/17 03:23:41.601, 132.60 W, 95 %
2026/03/17 03:23:41.701, 132.63 W, 95 %
2026/03/17 03:23:41.801, 132.63 W, 95 %
2026/03/17 03:23:41.901, 132.65 W, 95 %
2026/03/17 03:23:42.001, 132.67 W, 95 %
2026/03/17 03:23:42.101, 132.67 W, 95 %
2026/03/17 03:23:42.202, 132.67 W, 95 %
2026/03/17 03:23:42.302, 132.66 W, 95 %
2026/03/17 03:23:42.402, 132.66 W, 95 %
2026/03/17 03:23:42.502, 132.66 W, 95 %
2026/03/17 03:23:42.602, 132.68 W, 95 %
2026/03/17 03:23:42.702, 132.69 W, 95 %
2026/03/17 03:23:42.802, 132.70 W, 95 %
2026/03/17 03:23:42.903, 132.71 W, 95 %
2026/03/17 03:23:43.003, 132.71 W, 95 %
2026/03/17 03:23:43.103, 132.72 W, 95 %
2026/03/17 03:23:43.203, 132.72 W, 95 %
2026/03/17 03:23:43.303, 132.73 W, 95 %
2026/03/17 03:23:43.403, 132.72 W, 95 %
2026/03/17 03:23:43.504, 132.72 W, 95 %
2026/03/17 03:23:43.604, 132.72 W, 95 %
2026/03/17 03:23:43.704, 132.71 W, 95 %
2026/03/17 03:23:43.804, 132.70 W, 95 %
2026/03/17 03:23:43.904, 132.69 W, 95 %
2026/03/17 03:23:44.004, 132.70 W, 95 %
2026/03/17 03:23:44.105, 132.68 W, 95 %
2026/03/17 03:23:44.205, 132.69 W, 95 %
2026/03/17 03:23:44.305, 132.69 W, 95 %
2026/03/17 03:23:44.405, 132.70 W, 95 %
2026/03/17 03:23:44.505, 132.69 W, 95 %
2026/03/17 03:23:44.605, 132.67 W, 95 %
2026/03/17 03:23:44.706, 132.66 W, 95 %
2026/03/17 03:23:44.806, 132.63 W, 95 %
2026/03/17 03:23:44.906, 132.64 W, 95 %
2026/03/17 03:23:45.006, 132.62 W, 95 %
2026/03/17 03:23:45.106, 132.63 W, 95 %
2026/03/17 03:23:45.206, 132.62 W, 95 %
2026/03/17 03:23:45.307, 132.61 W, 95 %
2026/03/17 03:23:45.407, 132.59 W, 95 %
2026/03/17 03:23:45.507, 132.58 W, 95 %
2026/03/17 03:23:45.607, 132.57 W, 95 %
2026/03/17 03:23:45.707, 132.56 W, 95 %
2026/03/17 03:23:45.807, 132.55 W, 95 %
2026/03/17 03:23:45.907, 132.52 W, 95 %
2026/03/17 03:23:46.008, 132.50 W, 95 %
2026/03/17 03:23:46.108, 132.48 W, 95 %
2026/03/17 03:23:46.208, 132.45 W, 95 %
2026/03/17 03:23:46.308, 132.43 W, 95 %
2026/03/17 03:23:46.408, 132.41 W, 95 %
2026/03/17 03:23:46.509, 132.39 W, 95 %
2026/03/17 03:23:46.609, 132.38 W, 95 %
2026/03/17 03:23:46.709, 132.38 W, 95 %
2026/03/17 03:23:46.809, 132.38 W, 95 %
2026/03/17 03:23:46.909, 132.37 W, 95 %
2026/03/17 03:23:47.009, 132.34 W, 95 %
2026/03/17 03:23:47.110, 132.34 W, 95 %
2026/03/17 03:23:47.210, 132.34 W, 95 %
2026/03/17 03:23:47.310, 132.34 W, 95 %
2026/03/17 03:23:47.410, 132.32 W, 95 %
2026/03/17 03:23:47.510, 132.31 W, 95 %
2026/03/17 03:23:47.610, 132.30 W, 95 %
2026/03/17 03:23:47.711, 132.29 W, 95 %
2026/03/17 03:23:47.811, 132.28 W, 95 %
2026/03/17 03:23:47.911, 132.27 W, 95 %
2026/03/17 03:23:48.011, 132.29 W, 95 %
2026/03/17 03:23:48.111, 132.27 W, 95 %
2026/03/17 03:23:48.211, 132.24 W, 95 %
2026/03/17 03:23:48.312, 132.22 W, 95 %
2026/03/17 03:23:48.412, 132.22 W, 95 %
2026/03/17 03:23:48.512, 132.21 W, 95 %
2026/03/17 03:23:48.612, 132.21 W, 95 %
2026/03/17 03:23:48.712, 132.19 W, 95 %
2026/03/17 03:23:48.812, 132.16 W, 95 %
2026/03/17 03:23:48.912, 132.15 W, 95 %
2026/03/17 03:23:49.013, 132.14 W, 95 %
2026/03/17 03:23:49.113, 132.14 W, 95 %
2026/03/17 03:23:49.213, 132.11 W, 95 %
2026/03/17 03:23:49.313, 132.10 W, 95 %
2026/03/17 03:23:49.413, 132.06 W, 95 %
2026/03/17 03:23:49.514, 132.04 W, 95 %
2026/03/17 03:23:49.614, 132.01 W, 95 %
2026/03/17 03:23:49.714, 131.98 W, 95 %
2026/03/17 03:23:49.814, 131.95 W, 95 %
2026/03/17 03:23:49.914, 131.93 W, 95 %
2026/03/17 03:23:50.014, 131.91 W, 95 %
2026/03/17 03:23:50.115, 131.88 W, 95 %
2026/03/17 03:23:50.215, 131.87 W, 95 %
2026/03/17 03:23:50.315, 131.88 W, 95 %
2026/03/17 03:23:50.415, 131.89 W, 95 %
2026/03/17 03:23:50.515, 131.88 W, 95 %
2026/03/17 03:23:50.615, 131.88 W, 95 %
2026/03/17 03:23:50.716, 131.88 W, 95 %
2026/03/17 03:23:50.816, 131.90 W, 95 %
2026/03/17 03:23:50.916, 131.90 W, 95 %
2026/03/17 03:23:51.016, 131.89 W, 95 %
2026/03/17 03:23:51.116, 131.88 W, 95 %
2026/03/17 03:23:51.216, 131.87 W, 95 %
2026/03/17 03:23:51.316, 131.84 W, 95 %
2026/03/17 03:23:51.417, 131.85 W, 95 %
2026/03/17 03:23:51.517, 131.85 W, 95 %
2026/03/17 03:23:51.617, 131.85 W, 95 %
2026/03/17 03:23:51.717, 131.84 W, 95 %
2026/03/17 03:23:51.817, 131.82 W, 95 %
2026/03/17 03:23:51.917, 131.82 W, 95 %
2026/03/17 03:23:52.018, 131.83 W, 95 %
2026/03/17 03:23:52.118, 131.81 W, 95 %
2026/03/17 03:23:52.218, 131.81 W, 95 %
2026/03/17 03:23:52.318, 131.82 W, 95 %
2026/03/17 03:23:52.418, 131.80 W, 95 %
2026/03/17 03:23:52.519, 131.80 W, 95 %
2026/03/17 03:23:52.619, 131.78 W, 95 %
2026/03/17 03:23:52.719, 131.78 W, 95 %
2026/03/17 03:23:52.819, 131.79 W, 95 %
2026/03/17 03:23:52.919, 131.79 W, 95 %
2026/03/17 03:23:53.019, 131.79 W, 95 %
2026/03/17 03:23:53.119, 131.81 W, 95 %
2026/03/17 03:23:53.220, 131.82 W, 95 %
2026/03/17 03:23:53.320, 131.83 W, 95 %
2026/03/17 03:23:53.420, 131.84 W, 95 %
2026/03/17 03:23:53.520, 131.85 W, 95 %
2026/03/17 03:23:53.620, 131.85 W, 95 %
2026/03/17 03:23:53.720, 131.85 W, 95 %
2026/03/17 03:23:53.821, 131.87 W, 95 %
2026/03/17 03:23:53.921, 131.87 W, 95 %
2026/03/17 03:23:54.021, 131.87 W, 95 %
2026/03/17 03:23:54.121, 131.87 W, 95 %
2026/03/17 03:23:54.221, 131.87 W, 95 %
2026/03/17 03:23:54.321, 131.89 W, 95 %
2026/03/17 03:23:54.422, 131.90 W, 95 %
2026/03/17 03:23:54.522, 131.93 W, 95 %
2026/03/17 03:23:54.622, 131.98 W, 95 %
2026/03/17 03:23:54.722, 131.99 W, 95 %
2026/03/17 03:23:54.822, 132.02 W, 95 %
2026/03/17 03:23:54.922, 132.06 W, 95 %
2026/03/17 03:23:55.023, 132.10 W, 95 %
2026/03/17 03:23:55.123, 132.14 W, 95 %
2026/03/17 03:23:55.223, 132.20 W, 95 %
2026/03/17 03:23:55.323, 132.22 W, 95 %
2026/03/17 03:23:55.423, 132.23 W, 95 %
2026/03/17 03:23:55.523, 132.24 W, 95 %
2026/03/17 03:23:55.623, 132.23 W, 95 %
2026/03/17 03:23:55.724, 132.24 W, 95 %
2026/03/17 03:23:55.824, 132.23 W, 95 %
2026/03/17 03:23:55.924, 132.25 W, 95 %
2026/03/17 03:23:56.024, 132.28 W, 95 %
2026/03/17 03:23:56.124, 132.31 W, 95 %
2026/03/17 03:23:56.224, 132.31 W, 95 %
2026/03/17 03:23:56.325, 132.34 W, 95 %
2026/03/17 03:23:56.425, 132.37 W, 95 %
2026/03/17 03:23:56.525, 132.41 W, 95 %
2026/03/17 03:23:56.625, 132.47 W, 95 %
2026/03/17 03:23:56.725, 132.52 W, 95 %
2026/03/17 03:23:56.825, 132.57 W, 95 %
2026/03/17 03:23:56.926, 132.60 W, 95 %
2026/03/17 03:23:57.026, 132.59 W, 95 %
2026/03/17 03:23:57.126, 132.60 W, 95 %
2026/03/17 03:23:57.226, 132.60 W, 95 %
2026/03/17 03:23:57.326, 132.60 W, 95 %
2026/03/17 03:23:57.427, 132.61 W, 95 %
2026/03/17 03:23:57.527, 132.62 W, 95 %
2026/03/17 03:23:57.627, 132.64 W, 95 %
2026/03/17 03:23:57.727, 132.64 W, 95 %
2026/03/17 03:23:57.827, 132.67 W, 95 %
2026/03/17 03:23:57.927, 132.68 W, 95 %
2026/03/17 03:23:58.028, 132.73 W, 95 %
2026/03/17 03:23:58.128, 132.76 W, 95 %
2026/03/17 03:23:58.228, 132.79 W, 95 %
2026/03/17 03:23:58.328, 132.83 W, 95 %
2026/03/17 03:23:58.428, 132.86 W, 95 %
2026/03/17 03:23:58.528, 132.88 W, 95 %
2026/03/17 03:23:58.629, 132.90 W, 95 %
2026/03/17 03:23:58.729, 132.92 W, 95 %
2026/03/17 03:23:58.829, 132.96 W, 95 %
2026/03/17 03:23:58.929, 132.99 W, 95 %
2026/03/17 03:23:59.029, 133.00 W, 95 %
2026/03/17 03:23:59.129, 133.02 W, 95 %
2026/03/17 03:23:59.229, 133.04 W, 95 %
2026/03/17 03:23:59.330, 133.06 W, 95 %
2026/03/17 03:23:59.430, 133.05 W, 95 %
2026/03/17 03:23:59.530, 133.09 W, 95 %
2026/03/17 03:23:59.630, 133.08 W, 95 %
2026/03/17 03:23:59.730, 133.08 W, 95 %
2026/03/17 03:23:59.830, 133.05 W, 95 %
2026/03/17 03:23:59.931, 133.04 W, 95 %
2026/03/17 03:24:00.031, 133.03 W, 95 %
2026/03/17 03:24:00.131, 133.01 W, 95 %
2026/03/17 03:24:00.231, 132.99 W, 95 %
2026/03/17 03:24:00.331, 132.98 W, 95 %
2026/03/17 03:24:00.431, 133.00 W, 95 %
2026/03/17 03:24:00.532, 133.01 W, 95 %
2026/03/17 03:24:00.632, 133.01 W, 95 %
2026/03/17 03:24:00.732, 133.02 W, 95 %
2026/03/17 03:24:00.832, 133.03 W, 95 %
2026/03/17 03:24:00.932, 133.06 W, 95 %
2026/03/17 03:24:01.033, 133.07 W, 95 %
2026/03/17 03:24:01.133, 133.08 W, 95 %
2026/03/17 03:24:01.233, 133.08 W, 95 %
2026/03/17 03:24:01.333, 133.07 W, 95 %
2026/03/17 03:24:01.433, 133.04 W, 95 %
2026/03/17 03:24:01.533, 133.01 W, 95 %
2026/03/17 03:24:01.633, 132.98 W, 95 %
2026/03/17 03:24:01.734, 132.94 W, 95 %
2026/03/17 03:24:01.834, 132.93 W, 95 %
2026/03/17 03:24:01.934, 132.93 W, 95 %
2026/03/17 03:24:02.034, 132.90 W, 95 %
2026/03/17 03:24:02.134, 132.92 W, 95 %
2026/03/17 03:24:02.234, 132.92 W, 94 %
2026/03/17 03:24:02.335, 132.90 W, 95 %
2026/03/17 03:24:02.435, 132.90 W, 95 %
2026/03/17 03:24:02.535, 132.91 W, 95 %
2026/03/17 03:24:02.635, 132.93 W, 95 %
2026/03/17 03:24:02.735, 132.91 W, 95 %
2026/03/17 03:24:02.835, 132.89 W, 95 %
2026/03/17 03:24:02.936, 132.89 W, 95 %
2026/03/17 03:24:03.036, 132.86 W, 95 %
2026/03/17 03:24:03.136, 132.83 W, 95 %
2026/03/17 03:24:03.236, 132.84 W, 95 %
2026/03/17 03:24:03.336, 132.83 W, 95 %
2026/03/17 03:24:03.436, 132.83 W, 95 %
2026/03/17 03:24:03.537, 132.80 W, 95 %
2026/03/17 03:24:03.637, 132.78 W, 95 %
2026/03/17 03:24:03.737, 132.78 W, 95 %
2026/03/17 03:24:03.837, 132.75 W, 95 %
2026/03/17 03:24:03.937, 132.72 W, 95 %
2026/03/17 03:24:04.037, 132.70 W, 95 %
2026/03/17 03:24:04.137, 132.66 W, 95 %
2026/03/17 03:24:04.238, 132.63 W, 95 %
2026/03/17 03:24:04.338, 132.60 W, 95 %
2026/03/17 03:24:04.438, 132.58 W, 95 %
2026/03/17 03:24:04.538, 132.55 W, 95 %
2026/03/17 03:24:04.638, 132.54 W, 95 %
2026/03/17 03:24:04.738, 132.50 W, 95 %
2026/03/17 03:24:04.839, 132.50 W, 95 %
2026/03/17 03:24:04.939, 132.49 W, 95 %
2026/03/17 03:24:05.039, 132.50 W, 95 %
2026/03/17 03:24:05.139, 132.51 W, 95 %
2026/03/17 03:24:05.239, 132.50 W, 95 %
2026/03/17 03:24:05.339, 132.50 W, 95 %
2026/03/17 03:24:05.440, 132.50 W, 95 %
2026/03/17 03:24:05.540, 132.51 W, 95 %
2026/03/17 03:24:05.640, 132.51 W, 95 %
2026/03/17 03:24:05.740, 132.52 W, 95 %
2026/03/17 03:24:05.840, 132.51 W, 95 %
2026/03/17 03:24:05.940, 132.51 W, 95 %
2026/03/17 03:24:06.040, 132.46 W, 95 %
2026/03/17 03:24:06.141, 132.44 W, 95 %
2026/03/17 03:24:06.241, 132.44 W, 95 %
2026/03/17 03:24:06.341, 132.46 W, 95 %
2026/03/17 03:24:06.441, 132.44 W, 95 %
2026/03/17 03:24:06.541, 132.43 W, 95 %
2026/03/17 03:24:06.641, 132.43 W, 95 %
2026/03/17 03:24:06.742, 132.45 W, 95 %
2026/03/17 03:24:06.842, 132.45 W, 95 %
2026/03/17 03:24:06.942, 132.43 W, 95 %
2026/03/17 03:24:07.042, 132.42 W, 95 %
2026/03/17 03:24:07.142, 132.43 W, 95 %
2026/03/17 03:24:07.242, 132.40 W, 95 %
2026/03/17 03:24:07.343, 132.38 W, 95 %
2026/03/17 03:24:07.443, 132.38 W, 95 %
2026/03/17 03:24:07.543, 132.37 W, 95 %
2026/03/17 03:24:07.643, 132.37 W, 95 %
2026/03/17 03:24:07.743, 132.38 W, 95 %
2026/03/17 03:24:07.843, 132.37 W, 95 %
2026/03/17 03:24:07.944, 132.40 W, 95 %
2026/03/17 03:24:08.044, 132.46 W, 95 %
2026/03/17 03:24:08.144, 132.47 W, 95 %
2026/03/17 03:24:08.244, 132.51 W, 95 %
2026/03/17 03:24:08.344, 132.53 W, 95 %
2026/03/17 03:24:08.444, 132.55 W, 95 %
2026/03/17 03:24:08.545, 132.58 W, 95 %
2026/03/17 03:24:08.645, 132.59 W, 95 %
2026/03/17 03:24:08.745, 132.60 W, 95 %
2026/03/17 03:24:08.845, 132.60 W, 95 %
2026/03/17 03:24:08.945, 132.61 W, 95 %
2026/03/17 03:24:09.045, 132.59 W, 95 %
2026/03/17 03:24:09.146, 132.60 W, 95 %
2026/03/17 03:24:09.246, 132.59 W, 95 %
2026/03/17 03:24:09.346, 132.60 W, 95 %
2026/03/17 03:24:09.446, 132.60 W, 95 %
2026/03/17 03:24:09.546, 132.60 W, 95 %
2026/03/17 03:24:09.647, 132.59 W, 95 %
2026/03/17 03:24:09.747, 132.59 W, 95 %
2026/03/17 03:24:09.847, 132.61 W, 95 %
2026/03/17 03:24:09.947, 132.60 W, 95 %
2026/03/17 03:24:10.047, 132.62 W, 95 %
2026/03/17 03:24:10.147, 132.63 W, 95 %
2026/03/17 03:24:10.247, 132.65 W, 95 %
2026/03/17 03:24:10.348, 132.65 W, 95 %
2026/03/17 03:24:10.448, 132.65 W, 95 %
2026/03/17 03:24:10.548, 132.65 W, 95 %
2026/03/17 03:24:10.648, 132.65 W, 95 %
2026/03/17 03:24:10.748, 132.64 W, 95 %
2026/03/17 03:24:10.849, 132.62 W, 95 %
2026/03/17 03:24:10.949, 132.63 W, 95 %
2026/03/17 03:24:11.049, 132.61 W, 95 %
2026/03/17 03:24:11.149, 132.60 W, 95 %
2026/03/17 03:24:11.249, 132.59 W, 95 %
2026/03/17 03:24:11.349, 132.60 W, 95 %
2026/03/17 03:24:11.450, 132.63 W, 95 %
2026/03/17 03:24:11.550, 132.66 W, 95 %
2026/03/17 03:24:11.650, 132.67 W, 95 %
2026/03/17 03:24:11.750, 132.67 W, 95 %
2026/03/17 03:24:11.850, 132.67 W, 95 %
2026/03/17 03:24:11.950, 132.68 W, 95 %
2026/03/17 03:24:12.051, 132.71 W, 95 %
2026/03/17 03:24:12.151, 132.73 W, 95 %
2026/03/17 03:24:12.251, 132.71 W, 95 %
2026/03/17 03:24:12.351, 132.72 W, 95 %
2026/03/17 03:24:12.451, 132.70 W, 95 %
2026/03/17 03:24:12.551, 132.65 W, 92 %
2026/03/17 03:24:12.651, 132.65 W, 92 %
2026/03/17 03:24:12.752, 132.67 W, 95 %
2026/03/17 03:24:12.852, 132.70 W, 95 %
2026/03/17 03:24:12.952, 132.72 W, 95 %
2026/03/17 03:24:13.052, 132.71 W, 95 %
2026/03/17 03:24:13.152, 132.72 W, 95 %
2026/03/17 03:24:13.252, 132.74 W, 95 %
2026/03/17 03:24:13.353, 132.73 W, 95 %
2026/03/17 03:24:13.453, 132.73 W, 95 %
2026/03/17 03:24:13.553, 132.76 W, 95 %
2026/03/17 03:24:13.653, 132.77 W, 95 %
2026/03/17 03:24:13.753, 132.76 W, 95 %
2026/03/17 03:24:13.853, 132.75 W, 95 %
2026/03/17 03:24:13.954, 132.73 W, 95 %
2026/03/17 03:24:14.054, 132.70 W, 95 %
2026/03/17 03:24:14.154, 132.69 W, 95 %
2026/03/17 03:24:14.254, 132.67 W, 95 %
2026/03/17 03:24:14.354, 132.65 W, 95 %
2026/03/17 03:24:14.454, 132.65 W, 95 %
2026/03/17 03:24:14.555, 132.65 W, 95 %
2026/03/17 03:24:14.655, 132.63 W, 95 %
2026/03/17 03:24:14.755, 132.61 W, 95 %
2026/03/17 03:24:14.855, 132.59 W, 95 %
2026/03/17 03:24:14.955, 132.58 W, 95 %
2026/03/17 03:24:15.055, 132.57 W, 95 %
2026/03/17 03:24:15.156, 132.56 W, 95 %
2026/03/17 03:24:15.256, 132.54 W, 95 %
2026/03/17 03:24:15.356, 132.54 W, 95 %
2026/03/17 03:24:15.456, 132.52 W, 95 %
2026/03/17 03:24:15.556, 132.47 W, 95 %
2026/03/17 03:24:15.656, 132.47 W, 95 %
2026/03/17 03:24:15.757, 132.47 W, 95 %
2026/03/17 03:24:15.857, 132.46 W, 95 %
2026/03/17 03:24:15.957, 132.45 W, 95 %
2026/03/17 03:24:16.057, 132.44 W, 95 %
2026/03/17 03:24:16.157, 132.41 W, 95 %
2026/03/17 03:24:16.257, 132.37 W, 95 %
2026/03/17 03:24:16.358, 132.35 W, 95 %
2026/03/17 03:24:16.458, 132.36 W, 95 %
2026/03/17 03:24:16.558, 132.35 W, 95 %
2026/03/17 03:24:16.658, 132.33 W, 95 %
2026/03/17 03:24:16.758, 132.31 W, 95 %
2026/03/17 03:24:16.858, 132.31 W, 95 %
2026/03/17 03:24:16.959, 132.29 W, 95 %
2026/03/17 03:24:17.059, 132.28 W, 95 %
2026/03/17 03:24:17.159, 132.29 W, 95 %
2026/03/17 03:24:17.259, 132.30 W, 95 %
2026/03/17 03:24:17.359, 132.28 W, 95 %
2026/03/17 03:24:17.459, 132.26 W, 95 %
2026/03/17 03:24:17.560, 132.25 W, 95 %
2026/03/17 03:24:17.660, 132.23 W, 95 %
2026/03/17 03:24:17.760, 132.20 W, 95 %
2026/03/17 03:24:17.860, 132.19 W, 95 %
2026/03/17 03:24:17.960, 132.18 W, 95 %
2026/03/17 03:24:18.060, 132.15 W, 95 %
2026/03/17 03:24:18.161, 132.12 W, 95 %
2026/03/17 03:24:18.261, 132.10 W, 95 %
2026/03/17 03:24:18.361, 132.10 W, 95 %
2026/03/17 03:24:18.461, 132.08 W, 95 %
2026/03/17 03:24:18.561, 132.05 W, 95 %
2026/03/17 03:24:18.661, 132.04 W, 95 %
2026/03/17 03:24:18.762, 132.05 W, 95 %
2026/03/17 03:24:18.862, 132.05 W, 95 %
2026/03/17 03:24:18.962, 132.01 W, 95 %
2026/03/17 03:24:19.062, 131.99 W, 95 %
2026/03/17 03:24:19.162, 131.99 W, 95 %
2026/03/17 03:24:19.262, 131.98 W, 95 %
2026/03/17 03:24:19.363, 131.96 W, 95 %
2026/03/17 03:24:19.463, 131.96 W, 95 %
2026/03/17 03:24:19.563, 131.94 W, 95 %
2026/03/17 03:24:19.663, 131.93 W, 95 %
2026/03/17 03:24:19.763, 131.91 W, 95 %
2026/03/17 03:24:19.863, 131.89 W, 95 %
2026/03/17 03:24:19.964, 131.90 W, 95 %
2026/03/17 03:24:20.064, 131.90 W, 95 %
2026/03/17 03:24:20.164, 131.89 W, 95 %
2026/03/17 03:24:20.264, 131.88 W, 95 %
2026/03/17 03:24:20.364, 131.86 W, 95 %
2026/03/17 03:24:20.464, 131.87 W, 95 %
2026/03/17 03:24:20.565, 131.88 W, 95 %
2026/03/17 03:24:20.665, 131.88 W, 95 %
2026/03/17 03:24:20.765, 131.88 W, 95 %
2026/03/17 03:24:20.865, 131.87 W, 95 %
2026/03/17 03:24:20.965, 131.87 W, 95 %
2026/03/17 03:24:21.065, 131.87 W, 95 %
2026/03/17 03:24:21.166, 131.87 W, 95 %
2026/03/17 03:24:21.266, 131.88 W, 95 %
2026/03/17 03:24:21.366, 131.88 W, 95 %
2026/03/17 03:24:21.466, 131.87 W, 95 %
2026/03/17 03:24:21.566, 131.84 W, 95 %
2026/03/17 03:24:21.666, 131.85 W, 95 %
2026/03/17 03:24:21.767, 131.87 W, 95 %
2026/03/17 03:24:21.867, 131.89 W, 95 %
2026/03/17 03:24:21.967, 131.91 W, 95 %
2026/03/17 03:24:22.067, 131.91 W, 95 %
2026/03/17 03:24:22.167, 131.94 W, 95 %
2026/03/17 03:24:22.267, 131.96 W, 95 %
2026/03/17 03:24:22.368, 131.97 W, 95 %
2026/03/17 03:24:22.468, 131.99 W, 95 %
2026/03/17 03:24:22.568, 132.02 W, 95 %
2026/03/17 03:24:22.668, 132.03 W, 95 %
2026/03/17 03:24:22.768, 132.03 W, 95 %
2026/03/17 03:24:22.868, 132.04 W, 95 %
2026/03/17 03:24:22.968, 132.05 W, 95 %
2026/03/17 03:24:23.069, 132.06 W, 95 %
2026/03/17 03:24:23.169, 132.06 W, 95 %
2026/03/17 03:24:23.269, 132.05 W, 95 %
2026/03/17 03:24:23.369, 132.06 W, 95 %
2026/03/17 03:24:23.469, 132.06 W, 95 %
2026/03/17 03:24:23.569, 132.06 W, 95 %
2026/03/17 03:24:23.670, 132.06 W, 95 %
2026/03/17 03:24:23.770, 132.07 W, 95 %
2026/03/17 03:24:23.870, 132.05 W, 95 %
2026/03/17 03:24:23.970, 132.07 W, 95 %
2026/03/17 03:24:24.070, 132.07 W, 95 %
2026/03/17 03:24:24.170, 132.09 W, 95 %
2026/03/17 03:24:24.271, 132.11 W, 95 %
2026/03/17 03:24:24.371, 132.13 W, 95 %
2026/03/17 03:24:24.471, 132.15 W, 95 %
2026/03/17 03:24:24.571, 132.17 W, 95 %
2026/03/17 03:24:24.671, 132.21 W, 95 %
2026/03/17 03:24:24.771, 132.25 W, 95 %
2026/03/17 03:24:24.872, 132.29 W, 95 %
2026/03/17 03:24:24.972, 132.30 W, 95 %
2026/03/17 03:24:25.072, 132.33 W, 95 %
2026/03/17 03:24:25.172, 132.35 W, 95 %
2026/03/17 03:24:25.272, 132.40 W, 95 %
2026/03/17 03:24:25.372, 132.43 W, 95 %
2026/03/17 03:24:25.473, 132.45 W, 95 %
2026/03/17 03:24:25.573, 132.46 W, 95 %
2026/03/17 03:24:25.673, 132.47 W, 95 %
2026/03/17 03:24:25.773, 132.49 W, 95 %
2026/03/17 03:24:25.873, 132.48 W, 95 %
2026/03/17 03:24:25.973, 132.51 W, 95 %
2026/03/17 03:24:26.074, 132.52 W, 95 %
2026/03/17 03:24:26.174, 132.55 W, 95 %
2026/03/17 03:24:26.274, 132.55 W, 95 %
2026/03/17 03:24:26.374, 132.55 W, 95 %
2026/03/17 03:24:26.474, 132.60 W, 95 %
2026/03/17 03:24:26.574, 132.63 W, 95 %
2026/03/17 03:24:26.675, 132.66 W, 95 %
2026/03/17 03:24:26.775, 132.69 W, 95 %
2026/03/17 03:24:26.875, 132.74 W, 95 %
2026/03/17 03:24:26.975, 132.78 W, 95 %
2026/03/17 03:24:27.075, 132.81 W, 95 %
2026/03/17 03:24:27.175, 132.80 W, 95 %
2026/03/17 03:24:27.276, 132.81 W, 95 %
2026/03/17 03:24:27.376, 132.85 W, 95 %
2026/03/17 03:24:27.476, 132.84 W, 95 %
2026/03/17 03:24:27.576, 132.87 W, 95 %
2026/03/17 03:24:27.676, 132.92 W, 95 %
2026/03/17 03:24:27.776, 132.95 W, 95 %
2026/03/17 03:24:27.877, 132.99 W, 95 %
2026/03/17 03:24:27.977, 132.99 W, 95 %
2026/03/17 03:24:28.077, 133.01 W, 95 %
2026/03/17 03:24:28.177, 133.05 W, 95 %
2026/03/17 03:24:28.277, 133.10 W, 95 %
2026/03/17 03:24:28.377, 133.13 W, 95 %
2026/03/17 03:24:28.478, 133.15 W, 95 %
2026/03/17 03:24:28.578, 133.14 W, 95 %
2026/03/17 03:24:28.678, 133.13 W, 95 %
2026/03/17 03:24:28.778, 133.11 W, 95 %
2026/03/17 03:24:28.878, 133.08 W, 95 %
2026/03/17 03:24:28.978, 133.07 W, 95 %
2026/03/17 03:24:29.079, 133.09 W, 95 %
2026/03/17 03:24:29.179, 133.06 W, 95 %
2026/03/17 03:24:29.279, 133.07 W, 95 %
2026/03/17 03:24:29.379, 133.07 W, 95 %
2026/03/17 03:24:29.479, 133.08 W, 95 %
2026/03/17 03:24:29.579, 133.06 W, 95 %
2026/03/17 03:24:29.680, 133.08 W, 95 %
2026/03/17 03:24:29.780, 133.07 W, 95 %
2026/03/17 03:24:29.880, 133.09 W, 95 %
2026/03/17 03:24:29.980, 133.08 W, 95 %
2026/03/17 03:24:30.080, 133.07 W, 95 %
2026/03/17 03:24:30.180, 133.05 W, 95 %
2026/03/17 03:24:30.281, 133.02 W, 95 %
2026/03/17 03:24:30.381, 133.00 W, 95 %
2026/03/17 03:24:30.481, 132.99 W, 95 %
2026/03/17 03:24:30.581, 133.01 W, 95 %
2026/03/17 03:24:30.681, 133.03 W, 95 %
2026/03/17 03:24:30.782, 133.02 W, 95 %
2026/03/17 03:24:30.882, 132.99 W, 95 %
2026/03/17 03:24:30.982, 132.97 W, 95 %
2026/03/17 03:24:31.082, 132.96 W, 95 %
2026/03/17 03:24:31.182, 132.97 W, 95 %
2026/03/17 03:24:31.282, 132.97 W, 95 %
2026/03/17 03:24:31.383, 132.93 W, 95 %
2026/03/17 03:24:31.483, 132.90 W, 95 %
2026/03/17 03:24:31.583, 132.88 W, 95 %
2026/03/17 03:24:31.683, 132.84 W, 95 %
2026/03/17 03:24:31.783, 132.83 W, 95 %
2026/03/17 03:24:31.883, 132.81 W, 95 %
2026/03/17 03:24:31.983, 132.80 W, 95 %
2026/03/17 03:24:32.084, 132.77 W, 95 %
2026/03/17 03:24:32.184, 132.75 W, 95 %
2026/03/17 03:24:32.284, 132.73 W, 95 %
2026/03/17 03:24:32.384, 132.74 W, 95 %
2026/03/17 03:24:32.484, 132.74 W, 95 %
2026/03/17 03:24:32.584, 132.70 W, 95 %
2026/03/17 03:24:32.685, 132.66 W, 95 %
2026/03/17 03:24:32.785, 132.65 W, 95 %
2026/03/17 03:24:32.885, 132.64 W, 95 %
2026/03/17 03:24:32.985, 132.63 W, 95 %
2026/03/17 03:24:33.085, 132.63 W, 95 %
2026/03/17 03:24:33.186, 132.63 W, 95 %
2026/03/17 03:24:33.286, 132.60 W, 95 %
2026/03/17 03:24:33.386, 132.58 W, 95 %
2026/03/17 03:24:33.486, 132.56 W, 95 %
2026/03/17 03:24:33.586, 132.57 W, 95 %
2026/03/17 03:24:33.686, 132.56 W, 95 %
2026/03/17 03:24:33.787, 132.52 W, 95 %
2026/03/17 03:24:33.887, 132.51 W, 95 %
2026/03/17 03:24:33.987, 132.50 W, 95 %
2026/03/17 03:24:34.087, 132.48 W, 95 %
2026/03/17 03:24:34.187, 132.49 W, 95 %
2026/03/17 03:24:34.287, 132.50 W, 95 %
2026/03/17 03:24:34.387, 132.50 W, 95 %
2026/03/17 03:24:34.488, 132.48 W, 95 %
2026/03/17 03:24:34.588, 132.46 W, 95 %
2026/03/17 03:24:34.688, 132.46 W, 95 %
2026/03/17 03:24:34.788, 132.46 W, 95 %
2026/03/17 03:24:34.888, 132.46 W, 95 %
2026/03/17 03:24:34.988, 132.46 W, 95 %
2026/03/17 03:24:35.089, 132.43 W, 95 %
2026/03/17 03:24:35.189, 132.42 W, 95 %
2026/03/17 03:24:35.289, 132.39 W, 95 %
2026/03/17 03:24:35.389, 132.41 W, 95 %
2026/03/17 03:24:35.489, 132.40 W, 95 %
2026/03/17 03:24:35.589, 132.38 W, 95 %
2026/03/17 03:24:35.690, 132.39 W, 95 %
2026/03/17 03:24:35.790, 132.43 W, 95 %
2026/03/17 03:24:35.890, 132.43 W, 95 %
2026/03/17 03:24:35.990, 132.44 W, 95 %
2026/03/17 03:24:36.090, 132.45 W, 95 %
2026/03/17 03:24:36.191, 132.46 W, 95 %
2026/03/17 03:24:36.291, 132.47 W, 95 %
2026/03/17 03:24:36.391, 132.47 W, 95 %
2026/03/17 03:24:36.491, 132.50 W, 95 %
2026/03/17 03:24:36.591, 132.54 W, 95 %
2026/03/17 03:24:36.691, 132.55 W, 95 %
2026/03/17 03:24:36.792, 132.55 W, 95 %
2026/03/17 03:24:36.892, 132.55 W, 95 %
2026/03/17 03:24:36.992, 132.51 W, 95 %
2026/03/17 03:24:37.092, 132.50 W, 95 %
2026/03/17 03:24:37.192, 132.51 W, 95 %
2026/03/17 03:24:37.292, 132.51 W, 95 %
2026/03/17 03:24:37.393, 132.49 W, 95 %
2026/03/17 03:24:37.493, 132.50 W, 95 %
2026/03/17 03:24:37.593, 132.50 W, 95 %
2026/03/17 03:24:37.693, 132.49 W, 95 %
2026/03/17 03:24:37.793, 132.50 W, 95 %
2026/03/17 03:24:37.893, 132.50 W, 95 %
2026/03/17 03:24:37.993, 132.54 W, 95 %
2026/03/17 03:24:38.094, 132.58 W, 95 %
2026/03/17 03:24:38.194, 132.58 W, 95 %
2026/03/17 03:24:38.294, 132.57 W, 95 %
2026/03/17 03:24:38.394, 132.61 W, 95 %
2026/03/17 03:24:38.494, 132.60 W, 95 %
2026/03/17 03:24:38.595, 132.61 W, 95 %
2026/03/17 03:24:38.695, 132.63 W, 95 %
2026/03/17 03:24:38.795, 132.62 W, 95 %
2026/03/17 03:24:38.895, 132.61 W, 95 %
2026/03/17 03:24:38.995, 132.63 W, 95 %
2026/03/17 03:24:39.095, 132.61 W, 95 %
2026/03/17 03:24:39.196, 132.63 W, 95 %
2026/03/17 03:24:39.296, 132.65 W, 95 %
2026/03/17 03:24:39.396, 132.64 W, 95 %
2026/03/17 03:24:39.496, 132.65 W, 95 %
2026/03/17 03:24:39.596, 132.63 W, 95 %
2026/03/17 03:24:39.696, 132.63 W, 95 %
2026/03/17 03:24:39.796, 132.63 W, 95 %
2026/03/17 03:24:39.897, 132.62 W, 95 %
2026/03/17 03:24:39.997, 132.62 W, 95 %
2026/03/17 03:24:40.097, 132.62 W, 95 %
2026/03/17 03:24:40.197, 132.63 W, 95 %
2026/03/17 03:24:40.297, 132.61 W, 95 %
2026/03/17 03:24:40.397, 132.62 W, 95 %
2026/03/17 03:24:40.498, 132.62 W, 95 %
2026/03/17 03:24:40.598, 132.65 W, 95 %
2026/03/17 03:24:40.698, 132.66 W, 95 %
2026/03/17 03:24:40.798, 132.67 W, 95 %
2026/03/17 03:24:40.898, 132.70 W, 95 %
2026/03/17 03:24:40.999, 132.69 W, 95 %
2026/03/17 03:24:41.099, 132.69 W, 95 %
2026/03/17 03:24:41.199, 132.69 W, 95 %
2026/03/17 03:24:41.299, 132.71 W, 95 %
2026/03/17 03:24:41.399, 132.72 W, 95 %
2026/03/17 03:24:41.499, 132.74 W, 95 %
2026/03/17 03:24:41.600, 132.72 W, 95 %
2026/03/17 03:24:41.700, 132.73 W, 95 %
2026/03/17 03:24:41.800, 132.75 W, 95 %
2026/03/17 03:24:41.900, 132.75 W, 95 %
2026/03/17 03:24:42.000, 132.76 W, 95 %
2026/03/17 03:24:42.100, 132.76 W, 95 %
2026/03/17 03:24:42.201, 132.75 W, 95 %
2026/03/17 03:24:42.301, 132.73 W, 95 %
2026/03/17 03:24:42.401, 132.71 W, 95 %
2026/03/17 03:24:42.501, 132.71 W, 95 %
2026/03/17 03:24:42.601, 132.70 W, 95 %
2026/03/17 03:24:42.701, 132.69 W, 95 %
2026/03/17 03:24:42.801, 132.63 W, 95 %
2026/03/17 03:24:42.902, 132.61 W, 95 %
2026/03/17 03:24:43.002, 132.59 W, 95 %
2026/03/17 03:24:43.102, 132.60 W, 95 %
2026/03/17 03:24:43.202, 132.61 W, 95 %
2026/03/17 03:24:43.302, 132.60 W, 95 %
2026/03/17 03:24:43.402, 132.58 W, 95 %
2026/03/17 03:24:43.503, 132.56 W, 95 %
2026/03/17 03:24:43.603, 132.54 W, 95 %
2026/03/17 03:24:43.703, 132.54 W, 95 %
2026/03/17 03:24:43.803, 132.53 W, 95 %
2026/03/17 03:24:43.903, 132.55 W, 95 %
2026/03/17 03:24:44.003, 132.54 W, 95 %
2026/03/17 03:24:44.104, 132.51 W, 95 %
2026/03/17 03:24:44.204, 132.47 W, 95 %
2026/03/17 03:24:44.304, 132.44 W, 95 %
2026/03/17 03:24:44.404, 132.42 W, 95 %
2026/03/17 03:24:44.504, 132.40 W, 95 %
2026/03/17 03:24:44.604, 132.37 W, 95 %
2026/03/17 03:24:44.705, 132.35 W, 95 %
2026/03/17 03:24:44.805, 132.34 W, 95 %
2026/03/17 03:24:44.905, 132.33 W, 95 %
2026/03/17 03:24:45.005, 132.31 W, 95 %
2026/03/17 03:24:45.105, 132.28 W, 95 %
2026/03/17 03:24:45.205, 132.26 W, 95 %
2026/03/17 03:24:45.306, 132.27 W, 95 %
2026/03/17 03:24:45.406, 132.28 W, 95 %
2026/03/17 03:24:45.506, 132.26 W, 95 %
2026/03/17 03:24:45.606, 132.24 W, 95 %
2026/03/17 03:24:45.706, 132.23 W, 95 %
2026/03/17 03:24:45.806, 132.22 W, 95 %
2026/03/17 03:24:45.907, 132.19 W, 95 %
2026/03/17 03:24:46.007, 132.16 W, 95 %
2026/03/17 03:24:46.107, 132.17 W, 95 %
2026/03/17 03:24:46.207, 132.16 W, 95 %
2026/03/17 03:24:46.307, 132.14 W, 95 %
2026/03/17 03:24:46.407, 132.09 W, 95 %
2026/03/17 03:24:46.508, 132.08 W, 95 %
2026/03/17 03:24:46.608, 132.08 W, 95 %
2026/03/17 03:24:46.708, 132.06 W, 95 %
2026/03/17 03:24:46.808, 132.03 W, 95 %
2026/03/17 03:24:46.908, 132.02 W, 95 %
2026/03/17 03:24:47.008, 132.00 W, 95 %
2026/03/17 03:24:47.109, 131.99 W, 95 %
2026/03/17 03:24:47.209, 131.97 W, 95 %
2026/03/17 03:24:47.309, 131.95 W, 95 %
2026/03/17 03:24:47.409, 131.96 W, 95 %
2026/03/17 03:24:47.509, 131.96 W, 95 %
2026/03/17 03:24:47.609, 131.96 W, 95 %
2026/03/17 03:24:47.710, 131.95 W, 95 %
2026/03/17 03:24:47.810, 131.95 W, 95 %
2026/03/17 03:24:47.910, 131.96 W, 95 %
2026/03/17 03:24:48.010, 131.98 W, 95 %
2026/03/17 03:24:48.110, 131.99 W, 95 %
2026/03/17 03:24:48.210, 132.00 W, 95 %
2026/03/17 03:24:48.311, 132.00 W, 95 %
2026/03/17 03:24:48.411, 132.02 W, 95 %
2026/03/17 03:24:48.511, 132.01 W, 95 %
2026/03/17 03:24:48.611, 132.02 W, 95 %
2026/03/17 03:24:48.711, 132.02 W, 95 %
2026/03/17 03:24:48.811, 132.02 W, 95 %
2026/03/17 03:24:48.912, 132.02 W, 95 %
2026/03/17 03:24:49.012, 132.02 W, 95 %
2026/03/17 03:24:49.112, 132.02 W, 95 %
2026/03/17 03:24:49.212, 132.03 W, 95 %
2026/03/17 03:24:49.312, 132.04 W, 95 %
2026/03/17 03:24:49.412, 132.03 W, 95 %
2026/03/17 03:24:49.513, 132.02 W, 95 %
2026/03/17 03:24:49.613, 132.04 W, 95 %
2026/03/17 03:24:49.713, 132.04 W, 95 %
2026/03/17 03:24:49.813, 132.03 W, 95 %
2026/03/17 03:24:49.913, 132.04 W, 95 %
2026/03/17 03:24:50.013, 132.02 W, 95 %
2026/03/17 03:24:50.114, 132.00 W, 95 %
2026/03/17 03:24:50.214, 131.99 W, 95 %
2026/03/17 03:24:50.314, 131.99 W, 95 %
2026/03/17 03:24:50.414, 132.01 W, 95 %
2026/03/17 03:24:50.514, 132.02 W, 95 %
2026/03/17 03:24:50.614, 132.00 W, 95 %
2026/03/17 03:24:50.715, 132.00 W, 95 %
2026/03/17 03:24:50.815, 132.01 W, 95 %
2026/03/17 03:24:50.915, 132.03 W, 95 %
2026/03/17 03:24:51.015, 132.04 W, 95 %
2026/03/17 03:24:51.115, 132.04 W, 95 %
2026/03/17 03:24:51.215, 132.04 W, 95 %
2026/03/17 03:24:51.316, 132.05 W, 95 %
2026/03/17 03:24:51.416, 132.04 W, 95 %
2026/03/17 03:24:51.516, 132.05 W, 95 %
2026/03/17 03:24:51.616, 132.05 W, 95 %
2026/03/17 03:24:51.716, 132.07 W, 95 %
2026/03/17 03:24:51.816, 132.07 W, 95 %
2026/03/17 03:24:51.917, 132.07 W, 95 %
2026/03/17 03:24:52.017, 132.10 W, 95 %
2026/03/17 03:24:52.117, 132.11 W, 95 %
2026/03/17 03:24:52.217, 132.14 W, 95 %
2026/03/17 03:24:52.317, 132.16 W, 95 %
2026/03/17 03:24:52.417, 132.20 W, 95 %
2026/03/17 03:24:52.518, 132.22 W, 95 %
2026/03/17 03:24:52.618, 132.27 W, 95 %
2026/03/17 03:24:52.718, 132.31 W, 95 %
2026/03/17 03:24:52.818, 132.35 W, 95 %
2026/03/17 03:24:52.918, 132.38 W, 95 %
2026/03/17 03:24:53.018, 132.40 W, 95 %
2026/03/17 03:24:53.119, 132.42 W, 95 %
2026/03/17 03:24:53.219, 132.44 W, 95 %
2026/03/17 03:24:53.319, 132.48 W, 95 %
2026/03/17 03:24:53.419, 132.51 W, 95 %
2026/03/17 03:24:53.519, 132.55 W, 95 %
2026/03/17 03:24:53.619, 132.55 W, 95 %
2026/03/17 03:24:53.720, 132.57 W, 95 %
2026/03/17 03:24:53.820, 132.60 W, 95 %
2026/03/17 03:24:53.920, 132.65 W, 95 %
2026/03/17 03:24:54.020, 132.67 W, 95 %
2026/03/17 03:24:54.120, 132.71 W, 95 %
2026/03/17 03:24:54.220, 132.73 W, 95 %
2026/03/17 03:24:54.320, 132.75 W, 95 %
2026/03/17 03:24:54.421, 132.76 W, 95 %
2026/03/17 03:24:54.521, 132.77 W, 95 %
2026/03/17 03:24:54.621, 132.80 W, 95 %
2026/03/17 03:24:54.721, 132.83 W, 95 %
2026/03/17 03:24:54.821, 132.85 W, 95 %
2026/03/17 03:24:54.921, 132.86 W, 95 %
2026/03/17 03:24:55.022, 132.89 W, 95 %
2026/03/17 03:24:55.122, 132.92 W, 95 %
2026/03/17 03:24:55.222, 132.96 W, 95 %
2026/03/17 03:24:55.322, 132.98 W, 95 %
2026/03/17 03:24:55.422, 133.01 W, 95 %
2026/03/17 03:24:55.522, 133.04 W, 95 %
2026/03/17 03:24:55.623, 133.05 W, 95 %
2026/03/17 03:24:55.723, 133.07 W, 95 %
2026/03/17 03:24:55.823, 133.09 W, 95 %
2026/03/17 03:24:55.923, 133.11 W, 95 %
2026/03/17 03:24:56.023, 133.11 W, 95 %
2026/03/17 03:24:56.123, 133.11 W, 95 %
2026/03/17 03:24:56.224, 133.13 W, 95 %
2026/03/17 03:24:56.324, 133.17 W, 95 %
2026/03/17 03:24:56.424, 133.18 W, 95 %
2026/03/17 03:24:56.524, 133.17 W, 95 %
2026/03/17 03:24:56.624, 133.18 W, 95 %
2026/03/17 03:24:56.724, 133.20 W, 95 %
2026/03/17 03:24:56.825, 133.21 W, 95 %
2026/03/17 03:24:56.925, 133.21 W, 95 %
2026/03/17 03:24:57.025, 133.21 W, 95 %
2026/03/17 03:24:57.125, 133.23 W, 95 %
2026/03/17 03:24:57.225, 133.23 W, 95 %
2026/03/17 03:24:57.325, 133.21 W, 95 %
2026/03/17 03:24:57.426, 133.22 W, 95 %
2026/03/17 03:24:57.526, 133.21 W, 95 %
2026/03/17 03:24:57.626, 133.20 W, 95 %
2026/03/17 03:24:57.726, 133.19 W, 95 %
2026/03/17 03:24:57.826, 133.18 W, 95 %
2026/03/17 03:24:57.926, 133.17 W, 95 %
2026/03/17 03:24:58.027, 133.18 W, 95 %
2026/03/17 03:24:58.127, 133.18 W, 95 %
2026/03/17 03:24:58.227, 133.16 W, 95 %
2026/03/17 03:24:58.327, 133.15 W, 95 %
2026/03/17 03:24:58.427, 133.13 W, 95 %
2026/03/17 03:24:58.527, 133.13 W, 95 %
2026/03/17 03:24:58.628, 133.11 W, 95 %
2026/03/17 03:24:58.728, 133.10 W, 95 %
2026/03/17 03:24:58.828, 133.07 W, 95 %
2026/03/17 03:24:58.928, 133.06 W, 95 %
2026/03/17 03:24:59.028, 133.03 W, 95 %
2026/03/17 03:24:59.128, 132.99 W, 95 %
2026/03/17 03:24:59.229, 132.96 W, 95 %
2026/03/17 03:24:59.329, 132.95 W, 95 %
2026/03/17 03:24:59.429, 132.94 W, 95 %
2026/03/17 03:24:59.529, 132.90 W, 95 %
2026/03/17 03:24:59.629, 132.90 W, 95 %
2026/03/17 03:24:59.729, 132.90 W, 95 %
2026/03/17 03:24:59.830, 132.91 W, 95 %
2026/03/17 03:24:59.930, 132.90 W, 95 %
2026/03/17 03:25:00.030, 132.88 W, 95 %
2026/03/17 03:25:00.130, 132.88 W, 95 %
2026/03/17 03:25:00.230, 132.88 W, 95 %
2026/03/17 03:25:00.330, 132.86 W, 95 %
2026/03/17 03:25:00.431, 132.82 W, 95 %
2026/03/17 03:25:00.531, 132.80 W, 95 %
2026/03/17 03:25:00.631, 132.76 W, 95 %
2026/03/17 03:25:00.731, 132.72 W, 95 %
2026/03/17 03:25:00.831, 132.69 W, 95 %
2026/03/17 03:25:00.931, 132.67 W, 95 %
2026/03/17 03:25:01.032, 132.64 W, 95 %
2026/03/17 03:25:01.132, 132.63 W, 95 %
2026/03/17 03:25:01.232, 132.62 W, 95 %
2026/03/17 03:25:01.332, 132.60 W, 95 %
2026/03/17 03:25:01.432, 132.59 W, 95 %
2026/03/17 03:25:01.532, 132.60 W, 95 %
2026/03/17 03:25:01.633, 132.61 W, 95 %
2026/03/17 03:25:01.733, 132.60 W, 95 %
2026/03/17 03:25:01.833, 132.57 W, 95 %
2026/03/17 03:25:01.933, 132.55 W, 95 %
2026/03/17 03:25:02.033, 132.53 W, 95 %
2026/03/17 03:25:02.133, 132.52 W, 95 %
2026/03/17 03:25:02.234, 132.51 W, 95 %
2026/03/17 03:25:02.334, 132.52 W, 95 %
2026/03/17 03:25:02.434, 132.52 W, 95 %
2026/03/17 03:25:02.534, 132.48 W, 95 %
2026/03/17 03:25:02.634, 132.45 W, 95 %
2026/03/17 03:25:02.734, 132.43 W, 95 %
2026/03/17 03:25:02.835, 132.42 W, 95 %
2026/03/17 03:25:02.935, 132.40 W, 95 %
2026/03/17 03:25:03.035, 132.38 W, 95 %
2026/03/17 03:25:03.135, 132.37 W, 95 %
2026/03/17 03:25:03.235, 132.35 W, 95 %
2026/03/17 03:25:03.335, 132.33 W, 95 %
2026/03/17 03:25:03.436, 132.32 W, 95 %
2026/03/17 03:25:03.536, 132.32 W, 95 %
2026/03/17 03:25:03.636, 132.32 W, 95 %
2026/03/17 03:25:03.736, 132.33 W, 95 %
2026/03/17 03:25:03.836, 132.33 W, 95 %
2026/03/17 03:25:03.936, 132.35 W, 95 %
2026/03/17 03:25:04.037, 132.36 W, 95 %
2026/03/17 03:25:04.137, 132.36 W, 95 %
2026/03/17 03:25:04.237, 132.35 W, 95 %
2026/03/17 03:25:04.337, 132.33 W, 95 %
2026/03/17 03:25:04.437, 132.34 W, 95 %
2026/03/17 03:25:04.537, 132.33 W, 95 %
2026/03/17 03:25:04.638, 132.35 W, 95 %
2026/03/17 03:25:04.738, 132.34 W, 95 %
2026/03/17 03:25:04.838, 132.35 W, 95 %
2026/03/17 03:25:04.938, 132.34 W, 95 %
2026/03/17 03:25:05.038, 132.34 W, 95 %
2026/03/17 03:25:05.138, 132.35 W, 95 %
2026/03/17 03:25:05.239, 132.38 W, 95 %
2026/03/17 03:25:05.339, 132.40 W, 95 %
2026/03/17 03:25:05.439, 132.41 W, 95 %
2026/03/17 03:25:05.539, 132.43 W, 95 %
2026/03/17 03:25:05.639, 132.42 W, 95 %
2026/03/17 03:25:05.739, 132.47 W, 95 %
2026/03/17 03:25:05.840, 132.49 W, 95 %
2026/03/17 03:25:05.940, 132.51 W, 95 %
2026/03/17 03:25:06.040, 132.54 W, 95 %
2026/03/17 03:25:06.140, 132.57 W, 95 %
2026/03/17 03:25:06.240, 132.58 W, 95 %
2026/03/17 03:25:06.340, 132.57 W, 95 %
2026/03/17 03:25:06.441, 132.60 W, 95 %
2026/03/17 03:25:06.541, 132.59 W, 95 %
2026/03/17 03:25:06.641, 132.59 W, 95 %
2026/03/17 03:25:06.741, 132.59 W, 95 %
2026/03/17 03:25:06.841, 132.59 W, 95 %
2026/03/17 03:25:06.941, 132.59 W, 95 %
2026/03/17 03:25:07.042, 132.60 W, 95 %
2026/03/17 03:25:07.142, 132.60 W, 95 %
2026/03/17 03:25:07.242, 132.60 W, 95 %
2026/03/17 03:25:07.342, 132.62 W, 95 %
2026/03/17 03:25:07.442, 132.63 W, 95 %
2026/03/17 03:25:07.542, 132.68 W, 95 %
2026/03/17 03:25:07.643, 132.69 W, 95 %
2026/03/17 03:25:07.743, 132.69 W, 95 %
2026/03/17 03:25:07.843, 132.69 W, 95 %
2026/03/17 03:25:07.943, 132.70 W, 95 %
2026/03/17 03:25:08.043, 132.70 W, 95 %
2026/03/17 03:25:08.143, 132.71 W, 95 %
2026/03/17 03:25:08.244, 132.72 W, 95 %
2026/03/17 03:25:08.344, 132.73 W, 95 %
2026/03/17 03:25:08.444, 132.74 W, 95 %
2026/03/17 03:25:08.544, 132.72 W, 95 %
2026/03/17 03:25:08.644, 132.72 W, 95 %
2026/03/17 03:25:08.744, 132.75 W, 95 %
2026/03/17 03:25:08.845, 132.75 W, 95 %
2026/03/17 03:25:08.945, 132.73 W, 95 %
2026/03/17 03:25:09.045, 132.71 W, 95 %
2026/03/17 03:25:09.145, 132.71 W, 95 %
2026/03/17 03:25:09.245, 132.73 W, 95 %
2026/03/17 03:25:09.345, 132.70 W, 95 %
2026/03/17 03:25:09.446, 132.68 W, 95 %
2026/03/17 03:25:09.546, 132.68 W, 95 %
2026/03/17 03:25:09.646, 132.68 W, 95 %
2026/03/17 03:25:09.746, 132.65 W, 95 %
2026/03/17 03:25:09.846, 132.66 W, 95 %
2026/03/17 03:25:09.946, 132.67 W, 95 %
2026/03/17 03:25:10.047, 132.68 W, 95 %
2026/03/17 03:25:10.147, 132.67 W, 95 %
2026/03/17 03:25:10.247, 132.65 W, 95 %
2026/03/17 03:25:10.347, 132.66 W, 95 %
2026/03/17 03:25:10.447, 132.66 W, 95 %
2026/03/17 03:25:10.547, 132.66 W, 95 %
2026/03/17 03:25:10.648, 132.65 W, 95 %
2026/03/17 03:25:10.748, 132.64 W, 95 %
2026/03/17 03:25:10.848, 132.62 W, 95 %
2026/03/17 03:25:10.948, 132.61 W, 95 %
2026/03/17 03:25:11.048, 132.51 W, 92 %
2026/03/17 03:25:11.148, 132.51 W, 92 %
2026/03/17 03:25:11.249, 132.50 W, 95 %
2026/03/17 03:25:11.349, 132.48 W, 95 %
2026/03/17 03:25:11.449, 132.45 W, 95 %
2026/03/17 03:25:11.549, 132.42 W, 95 %
2026/03/17 03:25:11.649, 132.41 W, 95 %
2026/03/17 03:25:11.749, 132.42 W, 95 %
2026/03/17 03:25:11.850, 132.42 W, 95 %
2026/03/17 03:25:11.950, 132.39 W, 95 %
2026/03/17 03:25:12.050, 132.45 W, 95 %
2026/03/17 03:25:12.150, 132.43 W, 95 %
2026/03/17 03:25:12.250, 132.36 W, 95 %
2026/03/17 03:25:12.350, 132.34 W, 95 %
2026/03/17 03:25:12.451, 132.35 W, 95 %
2026/03/17 03:25:12.551, 132.35 W, 95 %
2026/03/17 03:25:12.651, 132.33 W, 95 %
2026/03/17 03:25:12.751, 132.30 W, 95 %
2026/03/17 03:25:12.851, 132.27 W, 95 %
2026/03/17 03:25:12.951, 132.26 W, 95 %
2026/03/17 03:25:13.052, 132.27 W, 95 %
2026/03/17 03:25:13.152, 132.25 W, 95 %
2026/03/17 03:25:13.252, 132.28 W, 95 %
2026/03/17 03:25:13.352, 132.30 W, 95 %
2026/03/17 03:25:13.452, 132.31 W, 95 %
2026/03/17 03:25:13.552, 132.29 W, 95 %
2026/03/17 03:25:13.653, 132.28 W, 95 %
2026/03/17 03:25:13.753, 132.27 W, 95 %
2026/03/17 03:25:13.853, 132.27 W, 95 %
2026/03/17 03:25:13.953, 132.26 W, 95 %
2026/03/17 03:25:14.053, 132.25 W, 95 %
2026/03/17 03:25:14.153, 132.27 W, 95 %
2026/03/17 03:25:14.254, 132.26 W, 95 %
2026/03/17 03:25:14.354, 132.24 W, 95 %
2026/03/17 03:25:14.454, 132.23 W, 95 %
2026/03/17 03:25:14.554, 132.20 W, 95 %
2026/03/17 03:25:14.654, 132.17 W, 95 %
2026/03/17 03:25:14.754, 132.16 W, 95 %
2026/03/17 03:25:14.855, 132.15 W, 95 %
2026/03/17 03:25:14.955, 132.15 W, 95 %
2026/03/17 03:25:15.055, 132.13 W, 95 %
2026/03/17 03:25:15.155, 132.09 W, 95 %
2026/03/17 03:25:15.255, 132.10 W, 95 %
2026/03/17 03:25:15.355, 132.09 W, 95 %
2026/03/17 03:25:15.455, 132.06 W, 95 %
2026/03/17 03:25:15.556, 132.04 W, 95 %
2026/03/17 03:25:15.656, 132.04 W, 95 %
2026/03/17 03:25:15.756, 132.03 W, 95 %
2026/03/17 03:25:15.856, 132.01 W, 95 %
2026/03/17 03:25:15.956, 131.99 W, 95 %
2026/03/17 03:25:16.057, 131.99 W, 95 %
2026/03/17 03:25:16.157, 131.98 W, 95 %
2026/03/17 03:25:16.257, 131.97 W, 95 %
2026/03/17 03:25:16.357, 131.97 W, 95 %
2026/03/17 03:25:16.457, 131.96 W, 95 %
2026/03/17 03:25:16.557, 131.98 W, 95 %
2026/03/17 03:25:16.658, 131.99 W, 95 %
2026/03/17 03:25:16.758, 131.99 W, 95 %
2026/03/17 03:25:16.858, 131.99 W, 95 %
2026/03/17 03:25:16.958, 131.99 W, 95 %
2026/03/17 03:25:17.058, 131.99 W, 95 %
2026/03/17 03:25:17.158, 131.99 W, 95 %
2026/03/17 03:25:17.259, 131.97 W, 95 %
2026/03/17 03:25:17.359, 131.94 W, 95 %
2026/03/17 03:25:17.459, 131.93 W, 95 %
2026/03/17 03:25:17.559, 131.91 W, 95 %
2026/03/17 03:25:17.659, 131.90 W, 95 %
2026/03/17 03:25:17.759, 131.92 W, 95 %
2026/03/17 03:25:17.860, 131.92 W, 95 %
2026/03/17 03:25:17.960, 131.92 W, 95 %
2026/03/17 03:25:18.060, 131.92 W, 95 %
2026/03/17 03:25:18.160, 131.93 W, 95 %
2026/03/17 03:25:18.260, 131.94 W, 95 %
2026/03/17 03:25:18.360, 131.98 W, 95 %
2026/03/17 03:25:18.461, 131.99 W, 95 %
2026/03/17 03:25:18.561, 132.00 W, 95 %
2026/03/17 03:25:18.661, 132.01 W, 95 %
2026/03/17 03:25:18.761, 131.99 W, 95 %
2026/03/17 03:25:18.861, 131.99 W, 95 %
2026/03/17 03:25:18.961, 132.00 W, 95 %
2026/03/17 03:25:19.062, 132.01 W, 95 %
2026/03/17 03:25:19.162, 132.02 W, 95 %
2026/03/17 03:25:19.262, 132.02 W, 95 %
2026/03/17 03:25:19.362, 132.04 W, 95 %
2026/03/17 03:25:19.462, 132.06 W, 95 %
2026/03/17 03:25:19.562, 132.08 W, 95 %
2026/03/17 03:25:19.663, 132.10 W, 95 %
2026/03/17 03:25:19.763, 132.12 W, 95 %
2026/03/17 03:25:19.863, 132.12 W, 95 %
2026/03/17 03:25:19.963, 132.14 W, 95 %
2026/03/17 03:25:20.063, 132.17 W, 95 %
2026/03/17 03:25:20.163, 132.19 W, 95 %
2026/03/17 03:25:20.264, 132.20 W, 95 %
2026/03/17 03:25:20.364, 132.20 W, 95 %
2026/03/17 03:25:20.464, 132.19 W, 95 %
2026/03/17 03:25:20.564, 132.21 W, 95 %
2026/03/17 03:25:20.664, 132.25 W, 95 %
2026/03/17 03:25:20.764, 132.27 W, 95 %
2026/03/17 03:25:20.865, 132.32 W, 95 %
2026/03/17 03:25:20.965, 132.35 W, 95 %
2026/03/17 03:25:21.065, 132.35 W, 95 %
2026/03/17 03:25:21.165, 132.38 W, 95 %
2026/03/17 03:25:21.265, 132.40 W, 95 %
2026/03/17 03:25:21.365, 132.43 W, 95 %
2026/03/17 03:25:21.465, 132.47 W, 95 %
2026/03/17 03:25:21.566, 132.49 W, 95 %
2026/03/17 03:25:21.666, 132.52 W, 95 %
2026/03/17 03:25:21.766, 132.53 W, 95 %
2026/03/17 03:25:21.866, 132.54 W, 95 %
2026/03/17 03:25:21.966, 132.56 W, 95 %
2026/03/17 03:25:22.067, 132.60 W, 95 %
2026/03/17 03:25:22.167, 132.62 W, 95 %
2026/03/17 03:25:22.267, 132.65 W, 95 %
2026/03/17 03:25:22.367, 132.69 W, 95 %
2026/03/17 03:25:22.467, 132.71 W, 95 %
2026/03/17 03:25:22.567, 132.72 W, 95 %
2026/03/17 03:25:22.668, 132.74 W, 95 %
2026/03/17 03:25:22.768, 132.75 W, 95 %
2026/03/17 03:25:22.868, 132.78 W, 95 %
2026/03/17 03:25:22.968, 132.80 W, 95 %
2026/03/17 03:25:23.068, 132.83 W, 95 %
2026/03/17 03:25:23.168, 132.85 W, 95 %
2026/03/17 03:25:23.268, 132.87 W, 95 %
2026/03/17 03:25:23.369, 132.87 W, 95 %
2026/03/17 03:25:23.469, 132.86 W, 95 %
2026/03/17 03:25:23.569, 132.89 W, 95 %
2026/03/17 03:25:23.669, 132.93 W, 95 %
2026/03/17 03:25:23.769, 132.99 W, 95 %
2026/03/17 03:25:23.869, 133.04 W, 95 %
2026/03/17 03:25:23.970, 133.07 W, 95 %
2026/03/17 03:25:24.070, 133.10 W, 95 %
2026/03/17 03:25:24.170, 133.12 W, 95 %
2026/03/17 03:25:24.270, 133.14 W, 95 %
2026/03/17 03:25:24.370, 133.18 W, 95 %
2026/03/17 03:25:24.470, 133.21 W, 95 %
2026/03/17 03:25:24.571, 133.24 W, 95 %
2026/03/17 03:25:24.671, 133.22 W, 95 %
2026/03/17 03:25:24.771, 133.21 W, 95 %
2026/03/17 03:25:24.871, 133.18 W, 95 %
2026/03/17 03:25:24.971, 133.19 W, 95 %
2026/03/17 03:25:25.071, 133.18 W, 95 %
2026/03/17 03:25:25.172, 133.20 W, 95 %
2026/03/17 03:25:25.272, 133.23 W, 95 %
2026/03/17 03:25:25.372, 133.26 W, 95 %
2026/03/17 03:25:25.472, 133.28 W, 95 %
2026/03/17 03:25:25.572, 133.29 W, 95 %
2026/03/17 03:25:25.673, 133.30 W, 95 %
2026/03/17 03:25:25.773, 133.31 W, 95 %
2026/03/17 03:25:25.873, 133.32 W, 95 %
2026/03/17 03:25:25.973, 133.32 W, 95 %
2026/03/17 03:25:26.073, 133.31 W, 95 %
2026/03/17 03:25:26.173, 133.30 W, 95 %
2026/03/17 03:25:26.273, 133.26 W, 95 %
2026/03/17 03:25:26.374, 133.22 W, 95 %
2026/03/17 03:25:26.474, 133.21 W, 95 %
2026/03/17 03:25:26.574, 133.20 W, 95 %
2026/03/17 03:25:26.674, 133.22 W, 95 %
2026/03/17 03:25:26.774, 133.21 W, 95 %
2026/03/17 03:25:26.874, 133.19 W, 95 %
2026/03/17 03:25:26.975, 133.16 W, 95 %
2026/03/17 03:25:27.075, 133.16 W, 95 %
2026/03/17 03:25:27.175, 133.17 W, 95 %
2026/03/17 03:25:27.275, 133.17 W, 95 %
2026/03/17 03:25:27.375, 133.16 W, 95 %
2026/03/17 03:25:27.475, 133.15 W, 95 %
2026/03/17 03:25:27.576, 133.13 W, 95 %
2026/03/17 03:25:27.676, 133.09 W, 95 %
2026/03/17 03:25:27.776, 133.06 W, 95 %
2026/03/17 03:25:27.876, 133.05 W, 95 %
2026/03/17 03:25:27.976, 133.03 W, 95 %
2026/03/17 03:25:28.077, 133.03 W, 95 %
2026/03/17 03:25:28.177, 132.99 W, 95 %
2026/03/17 03:25:28.277, 132.98 W, 95 %
2026/03/17 03:25:28.377, 132.97 W, 95 %
2026/03/17 03:25:28.477, 132.97 W, 95 %
2026/03/17 03:25:28.577, 132.94 W, 95 %
2026/03/17 03:25:28.678, 132.92 W, 95 %
2026/03/17 03:25:28.778, 132.91 W, 95 %
2026/03/17 03:25:28.878, 132.88 W, 95 %
2026/03/17 03:25:28.978, 132.88 W, 95 %
2026/03/17 03:25:29.078, 132.85 W, 95 %
2026/03/17 03:25:29.178, 132.83 W, 95 %
2026/03/17 03:25:29.278, 132.79 W, 95 %
2026/03/17 03:25:29.379, 132.75 W, 95 %
2026/03/17 03:25:29.479, 132.72 W, 95 %
2026/03/17 03:25:29.579, 132.72 W, 95 %
2026/03/17 03:25:29.679, 132.71 W, 95 %
2026/03/17 03:25:29.779, 132.70 W, 95 %
2026/03/17 03:25:29.880, 132.68 W, 95 %
2026/03/17 03:25:29.980, 132.65 W, 95 %
2026/03/17 03:25:30.080, 132.66 W, 95 %
2026/03/17 03:25:30.180, 132.63 W, 95 %
2026/03/17 03:25:30.280, 132.62 W, 95 %
2026/03/17 03:25:30.380, 132.59 W, 95 %
2026/03/17 03:25:30.481, 132.50 W, 95 %
2026/03/17 03:25:30.581, 132.46 W, 95 %
2026/03/17 03:25:30.681, 132.43 W, 95 %
2026/03/17 03:25:30.781, 132.39 W, 95 %
2026/03/17 03:25:30.881, 132.38 W, 95 %
2026/03/17 03:25:30.981, 132.36 W, 95 %
2026/03/17 03:25:31.082, 132.34 W, 95 %
2026/03/17 03:25:31.182, 132.34 W, 95 %
2026/03/17 03:25:31.282, 132.33 W, 95 %
2026/03/17 03:25:31.382, 132.35 W, 95 %
2026/03/17 03:25:31.482, 132.40 W, 95 %
2026/03/17 03:25:31.582, 132.41 W, 95 %
2026/03/17 03:25:31.683, 132.38 W, 95 %
2026/03/17 03:25:31.783, 132.39 W, 95 %
2026/03/17 03:25:31.883, 132.38 W, 95 %
2026/03/17 03:25:31.983, 132.37 W, 95 %
2026/03/17 03:25:32.083, 132.36 W, 95 %
2026/03/17 03:25:32.183, 132.37 W, 95 %
2026/03/17 03:25:32.284, 132.37 W, 95 %
2026/03/17 03:25:32.384, 132.36 W, 95 %
2026/03/17 03:25:32.484, 132.38 W, 95 %
2026/03/17 03:25:32.584, 132.38 W, 95 %
2026/03/17 03:25:32.684, 132.40 W, 95 %
2026/03/17 03:25:32.784, 132.40 W, 95 %
2026/03/17 03:25:32.885, 132.41 W, 95 %
2026/03/17 03:25:32.985, 132.43 W, 95 %
2026/03/17 03:25:33.085, 132.43 W, 95 %
2026/03/17 03:25:33.185, 132.44 W, 95 %
2026/03/17 03:25:33.285, 132.44 W, 95 %
2026/03/17 03:25:33.385, 132.45 W, 95 %
2026/03/17 03:25:33.486, 132.45 W, 95 %
2026/03/17 03:25:33.586, 132.46 W, 95 %
2026/03/17 03:25:33.686, 132.48 W, 95 %
2026/03/17 03:25:33.786, 132.48 W, 95 %
2026/03/17 03:25:33.886, 132.50 W, 95 %
2026/03/17 03:25:33.986, 132.52 W, 95 %
2026/03/17 03:25:34.087, 132.54 W, 95 %
2026/03/17 03:25:34.187, 132.56 W, 95 %
2026/03/17 03:25:34.287, 132.59 W, 95 %
2026/03/17 03:25:34.387, 132.60 W, 95 %
2026/03/17 03:25:34.487, 132.64 W, 95 %
2026/03/17 03:25:34.587, 132.65 W, 95 %
2026/03/17 03:25:34.687, 132.65 W, 95 %
2026/03/17 03:25:34.788, 132.68 W, 95 %
2026/03/17 03:25:34.888, 132.72 W, 95 %
2026/03/17 03:25:34.988, 132.73 W, 95 %
2026/03/17 03:25:35.088, 132.74 W, 95 %
2026/03/17 03:25:35.188, 132.74 W, 95 %
2026/03/17 03:25:35.289, 132.76 W, 95 %
2026/03/17 03:25:35.389, 132.75 W, 95 %
2026/03/17 03:25:35.489, 132.75 W, 95 %
2026/03/17 03:25:35.589, 132.77 W, 95 %
2026/03/17 03:25:35.689, 132.78 W, 95 %
2026/03/17 03:25:35.789, 132.78 W, 95 %
2026/03/17 03:25:35.890, 132.78 W, 95 %
2026/03/17 03:25:35.990, 132.77 W, 95 %
2026/03/17 03:25:36.090, 132.78 W, 95 %
2026/03/17 03:25:36.190, 132.81 W, 95 %
2026/03/17 03:25:36.290, 132.82 W, 95 %
2026/03/17 03:25:36.390, 132.84 W, 95 %
2026/03/17 03:25:36.491, 132.85 W, 95 %
2026/03/17 03:25:36.591, 132.86 W, 95 %
2026/03/17 03:25:36.691, 132.86 W, 95 %
2026/03/17 03:25:36.791, 132.88 W, 95 %
2026/03/17 03:25:36.891, 132.89 W, 95 %
2026/03/17 03:25:36.991, 132.91 W, 95 %
2026/03/17 03:25:37.091, 132.90 W, 95 %
2026/03/17 03:25:37.192, 132.89 W, 95 %
2026/03/17 03:25:37.292, 132.87 W, 95 %
2026/03/17 03:25:37.392, 132.85 W, 95 %
2026/03/17 03:25:37.492, 132.87 W, 95 %
2026/03/17 03:25:37.592, 132.88 W, 95 %
2026/03/17 03:25:37.692, 132.88 W, 95 %
2026/03/17 03:25:37.793, 132.87 W, 95 %
2026/03/17 03:25:37.893, 132.87 W, 95 %
2026/03/17 03:25:37.993, 132.86 W, 95 %
2026/03/17 03:25:38.093, 132.86 W, 95 %
2026/03/17 03:25:38.193, 132.87 W, 95 %
2026/03/17 03:25:38.294, 132.86 W, 95 %
2026/03/17 03:25:38.394, 132.87 W, 95 %
2026/03/17 03:25:38.494, 132.85 W, 95 %
2026/03/17 03:25:38.594, 132.83 W, 95 %
2026/03/17 03:25:38.694, 132.81 W, 95 %
2026/03/17 03:25:38.795, 132.79 W, 95 %
2026/03/17 03:25:38.895, 132.77 W, 95 %
2026/03/17 03:25:38.995, 132.77 W, 95 %
2026/03/17 03:25:39.095, 132.75 W, 95 %
2026/03/17 03:25:39.195, 132.74 W, 95 %
2026/03/17 03:25:39.295, 132.72 W, 95 %
2026/03/17 03:25:39.396, 132.71 W, 95 %
2026/03/17 03:25:39.496, 132.68 W, 95 %
2026/03/17 03:25:39.596, 132.69 W, 95 %
2026/03/17 03:25:39.696, 132.67 W, 95 %
2026/03/17 03:25:39.796, 132.65 W, 95 %
2026/03/17 03:25:39.896, 132.65 W, 95 %
2026/03/17 03:25:39.997, 132.62 W, 95 %
2026/03/17 03:25:40.097, 132.60 W, 95 %
2026/03/17 03:25:40.197, 132.58 W, 95 %
2026/03/17 03:25:40.297, 132.58 W, 95 %
2026/03/17 03:25:40.397, 132.57 W, 95 %
2026/03/17 03:25:40.497, 132.55 W, 95 %
2026/03/17 03:25:40.598, 132.52 W, 95 %
2026/03/17 03:25:40.698, 132.50 W, 95 %
2026/03/17 03:25:40.798, 132.48 W, 95 %
2026/03/17 03:25:40.898, 132.49 W, 95 %
2026/03/17 03:25:40.998, 132.46 W, 95 %
2026/03/17 03:25:41.098, 132.44 W, 95 %
2026/03/17 03:25:41.199, 132.43 W, 95 %
2026/03/17 03:25:41.299, 132.40 W, 95 %
2026/03/17 03:25:41.399, 132.38 W, 95 %
2026/03/17 03:25:41.499, 132.37 W, 95 %
2026/03/17 03:25:41.599, 132.36 W, 95 %
2026/03/17 03:25:41.699, 132.34 W, 95 %
2026/03/17 03:25:41.800, 132.33 W, 95 %
2026/03/17 03:25:41.900, 132.29 W, 95 %
2026/03/17 03:25:42.000, 132.31 W, 95 %
2026/03/17 03:25:42.100, 132.31 W, 95 %
2026/03/17 03:25:42.200, 132.32 W, 95 %
2026/03/17 03:25:42.300, 132.33 W, 95 %
2026/03/17 03:25:42.401, 132.31 W, 95 %
2026/03/17 03:25:42.501, 132.31 W, 95 %
2026/03/17 03:25:42.601, 132.30 W, 95 %
2026/03/17 03:25:42.701, 132.31 W, 95 %
2026/03/17 03:25:42.801, 132.29 W, 95 %
2026/03/17 03:25:42.901, 132.28 W, 95 %
2026/03/17 03:25:43.001, 132.24 W, 95 %
2026/03/17 03:25:43.102, 132.20 W, 95 %
2026/03/17 03:25:43.202, 132.18 W, 95 %
2026/03/17 03:25:43.302, 132.18 W, 95 %
2026/03/17 03:25:43.402, 132.16 W, 95 %
2026/03/17 03:25:43.502, 132.15 W, 95 %
2026/03/17 03:25:43.602, 132.13 W, 95 %
2026/03/17 03:25:43.703, 132.12 W, 95 %
2026/03/17 03:25:43.803, 132.10 W, 95 %
2026/03/17 03:25:43.903, 132.10 W, 95 %
2026/03/17 03:25:44.003, 132.10 W, 95 %
2026/03/17 03:25:44.103, 132.10 W, 95 %
2026/03/17 03:25:44.203, 132.07 W, 95 %
2026/03/17 03:25:44.304, 132.05 W, 95 %
2026/03/17 03:25:44.404, 132.04 W, 95 %
2026/03/17 03:25:44.504, 132.02 W, 95 %
2026/03/17 03:25:44.604, 132.04 W, 95 %
2026/03/17 03:25:44.704, 132.02 W, 95 %
2026/03/17 03:25:44.804, 132.02 W, 95 %
2026/03/17 03:25:44.905, 132.02 W, 95 %
2026/03/17 03:25:45.005, 131.99 W, 95 %
2026/03/17 03:25:45.105, 132.00 W, 95 %
2026/03/17 03:25:45.205, 131.98 W, 95 %
2026/03/17 03:25:45.305, 131.99 W, 95 %
2026/03/17 03:25:45.405, 132.00 W, 95 %
2026/03/17 03:25:45.506, 132.00 W, 95 %
2026/03/17 03:25:45.606, 131.98 W, 95 %
2026/03/17 03:25:45.706, 131.97 W, 95 %
2026/03/17 03:25:45.806, 131.96 W, 95 %
2026/03/17 03:25:45.906, 131.97 W, 95 %
2026/03/17 03:25:46.006, 131.97 W, 95 %
2026/03/17 03:25:46.107, 131.96 W, 95 %
2026/03/17 03:25:46.207, 131.98 W, 95 %
2026/03/17 03:25:46.307, 131.98 W, 95 %
2026/03/17 03:25:46.407, 131.99 W, 95 %
2026/03/17 03:25:46.507, 131.99 W, 95 %
2026/03/17 03:25:46.607, 131.99 W, 95 %
2026/03/17 03:25:46.708, 131.99 W, 95 %
2026/03/17 03:25:46.808, 132.00 W, 95 %
2026/03/17 03:25:46.908, 132.00 W, 95 %
2026/03/17 03:25:47.008, 132.00 W, 95 %
2026/03/17 03:25:47.108, 131.99 W, 95 %
2026/03/17 03:25:47.208, 131.98 W, 95 %
2026/03/17 03:25:47.309, 131.98 W, 95 %
2026/03/17 03:25:47.409, 131.95 W, 95 %
2026/03/17 03:25:47.509, 131.96 W, 95 %
2026/03/17 03:25:47.609, 131.93 W, 95 %
2026/03/17 03:25:47.709, 131.94 W, 95 %
2026/03/17 03:25:47.809, 131.94 W, 95 %
2026/03/17 03:25:47.910, 131.94 W, 95 %
2026/03/17 03:25:48.010, 131.96 W, 95 %
2026/03/17 03:25:48.110, 131.98 W, 95 %
2026/03/17 03:25:48.210, 131.99 W, 95 %
2026/03/17 03:25:48.310, 132.01 W, 95 %
2026/03/17 03:25:48.410, 132.02 W, 95 %
2026/03/17 03:25:48.511, 132.01 W, 95 %
2026/03/17 03:25:48.611, 132.04 W, 95 %
2026/03/17 03:25:48.711, 132.05 W, 95 %
2026/03/17 03:25:48.811, 132.08 W, 95 %
2026/03/17 03:25:48.911, 132.08 W, 95 %
2026/03/17 03:25:49.012, 132.07 W, 95 %
2026/03/17 03:25:49.112, 132.08 W, 95 %
2026/03/17 03:25:49.212, 132.09 W, 95 %
2026/03/17 03:25:49.312, 132.11 W, 95 %
2026/03/17 03:25:49.412, 132.15 W, 95 %
2026/03/17 03:25:49.512, 132.19 W, 95 %
2026/03/17 03:25:49.613, 132.22 W, 95 %
2026/03/17 03:25:49.713, 132.25 W, 95 %
2026/03/17 03:25:49.813, 132.27 W, 95 %
2026/03/17 03:25:49.913, 132.30 W, 95 %
2026/03/17 03:25:50.013, 132.35 W, 95 %
2026/03/17 03:25:50.113, 132.38 W, 95 %
2026/03/17 03:25:50.214, 132.42 W, 95 %
2026/03/17 03:25:50.314, 132.43 W, 95 %
2026/03/17 03:25:50.414, 132.45 W, 95 %
2026/03/17 03:25:50.514, 132.47 W, 95 %
2026/03/17 03:25:50.614, 132.49 W, 95 %
2026/03/17 03:25:50.714, 132.50 W, 95 %
2026/03/17 03:25:50.815, 132.51 W, 95 %
2026/03/17 03:25:50.915, 132.52 W, 95 %
2026/03/17 03:25:51.015, 132.56 W, 95 %
2026/03/17 03:25:51.115, 132.62 W, 95 %
2026/03/17 03:25:51.215, 132.65 W, 95 %
2026/03/17 03:25:51.315, 132.66 W, 95 %
2026/03/17 03:25:51.416, 132.66 W, 95 %
2026/03/17 03:25:51.516, 132.69 W, 95 %
2026/03/17 03:25:51.616, 132.72 W, 95 %
2026/03/17 03:25:51.716, 132.75 W, 95 %
2026/03/17 03:25:51.816, 132.78 W, 95 %
2026/03/17 03:25:51.916, 132.80 W, 95 %
2026/03/17 03:25:52.017, 132.79 W, 95 %
2026/03/17 03:25:52.117, 132.78 W, 95 %
2026/03/17 03:25:52.217, 132.79 W, 95 %
2026/03/17 03:25:52.317, 132.83 W, 95 %
2026/03/17 03:25:52.417, 132.88 W, 95 %
2026/03/17 03:25:52.517, 132.90 W, 95 %
2026/03/17 03:25:52.618, 132.91 W, 95 %
2026/03/17 03:25:52.718, 132.95 W, 95 %
2026/03/17 03:25:52.818, 132.98 W, 95 %
2026/03/17 03:25:52.918, 133.00 W, 95 %
2026/03/17 03:25:53.018, 133.02 W, 95 %
2026/03/17 03:25:53.118, 133.05 W, 95 %
2026/03/17 03:25:53.219, 133.07 W, 95 %
2026/03/17 03:25:53.319, 133.05 W, 95 %
2026/03/17 03:25:53.419, 133.08 W, 95 %
2026/03/17 03:25:53.519, 133.10 W, 95 %
2026/03/17 03:25:53.619, 133.09 W, 95 %
2026/03/17 03:25:53.719, 133.10 W, 95 %
2026/03/17 03:25:53.819, 133.10 W, 95 %
2026/03/17 03:25:53.920, 133.14 W, 95 %
2026/03/17 03:25:54.020, 133.14 W, 95 %
2026/03/17 03:25:54.120, 133.14 W, 95 %
2026/03/17 03:25:54.220, 133.14 W, 95 %
2026/03/17 03:25:54.320, 133.15 W, 95 %
2026/03/17 03:25:54.420, 133.15 W, 95 %
2026/03/17 03:25:54.521, 133.15 W, 95 %
2026/03/17 03:25:54.621, 133.15 W, 95 %
2026/03/17 03:25:54.721, 133.15 W, 95 %
2026/03/17 03:25:54.821, 133.16 W, 95 %
2026/03/17 03:25:54.921, 133.13 W, 95 %
2026/03/17 03:25:55.021, 133.11 W, 95 %
2026/03/17 03:25:55.122, 133.11 W, 95 %
2026/03/17 03:25:55.222, 133.12 W, 95 %
2026/03/17 03:25:55.322, 133.13 W, 95 %
2026/03/17 03:25:55.422, 133.11 W, 95 %
2026/03/17 03:25:55.522, 133.10 W, 95 %
2026/03/17 03:25:55.623, 133.12 W, 95 %
2026/03/17 03:25:55.723, 133.11 W, 95 %
2026/03/17 03:25:55.823, 133.12 W, 95 %
2026/03/17 03:25:55.923, 133.10 W, 95 %
2026/03/17 03:25:56.023, 133.10 W, 95 %
2026/03/17 03:25:56.123, 133.07 W, 95 %
2026/03/17 03:25:56.223, 133.04 W, 95 %
2026/03/17 03:25:56.324, 133.02 W, 95 %
2026/03/17 03:25:56.424, 133.01 W, 95 %
2026/03/17 03:25:56.524, 132.97 W, 95 %
2026/03/17 03:25:56.624, 132.95 W, 95 %
2026/03/17 03:25:56.724, 132.93 W, 95 %
2026/03/17 03:25:56.825, 132.90 W, 95 %
2026/03/17 03:25:56.925, 132.90 W, 95 %
2026/03/17 03:25:57.025, 132.91 W, 95 %
2026/03/17 03:25:57.125, 132.90 W, 95 %
2026/03/17 03:25:57.225, 132.87 W, 95 %
2026/03/17 03:25:57.325, 132.85 W, 95 %
2026/03/17 03:25:57.426, 132.84 W, 95 %
2026/03/17 03:25:57.526, 132.82 W, 95 %
2026/03/17 03:25:57.626, 132.81 W, 95 %
2026/03/17 03:25:57.726, 132.78 W, 95 %
2026/03/17 03:25:57.826, 132.75 W, 95 %
2026/03/17 03:25:57.926, 132.70 W, 95 %
2026/03/17 03:25:58.027, 132.68 W, 95 %
2026/03/17 03:25:58.127, 132.66 W, 95 %
2026/03/17 03:25:58.227, 132.66 W, 95 %
2026/03/17 03:25:58.327, 132.65 W, 95 %
2026/03/17 03:25:58.427, 132.63 W, 95 %
2026/03/17 03:25:58.527, 132.61 W, 95 %
2026/03/17 03:25:58.628, 132.61 W, 95 %
2026/03/17 03:25:58.728, 132.61 W, 95 %
2026/03/17 03:25:58.828, 132.59 W, 95 %
2026/03/17 03:25:58.928, 132.57 W, 95 %
2026/03/17 03:25:59.028, 132.55 W, 95 %
2026/03/17 03:25:59.128, 132.54 W, 95 %
2026/03/17 03:25:59.228, 132.52 W, 95 %
2026/03/17 03:25:59.329, 132.51 W, 95 %
2026/03/17 03:25:59.429, 132.49 W, 95 %
2026/03/17 03:25:59.529, 132.46 W, 95 %
2026/03/17 03:25:59.629, 132.42 W, 95 %
2026/03/17 03:25:59.729, 132.38 W, 95 %
2026/03/17 03:25:59.830, 132.39 W, 95 %
2026/03/17 03:25:59.930, 132.41 W, 95 %
2026/03/17 03:26:00.030, 132.42 W, 95 %
2026/03/17 03:26:00.130, 132.41 W, 95 %
2026/03/17 03:26:00.230, 132.41 W, 95 %
2026/03/17 03:26:00.330, 132.41 W, 95 %
2026/03/17 03:26:00.431, 132.40 W, 95 %
2026/03/17 03:26:00.531, 132.42 W, 95 %
2026/03/17 03:26:00.631, 132.44 W, 95 %
2026/03/17 03:26:00.731, 132.44 W, 95 %
2026/03/17 03:26:00.831, 132.43 W, 95 %
2026/03/17 03:26:00.931, 132.40 W, 95 %
2026/03/17 03:26:01.032, 132.39 W, 95 %
2026/03/17 03:26:01.132, 132.41 W, 95 %
2026/03/17 03:26:01.232, 132.40 W, 95 %
2026/03/17 03:26:01.332, 132.39 W, 95 %
2026/03/17 03:26:01.432, 132.39 W, 95 %
2026/03/17 03:26:01.532, 132.39 W, 95 %
2026/03/17 03:26:01.632, 132.40 W, 95 %
2026/03/17 03:26:01.733, 132.40 W, 95 %
2026/03/17 03:26:01.833, 132.41 W, 95 %
2026/03/17 03:26:01.933, 132.42 W, 95 %
2026/03/17 03:26:02.033, 132.43 W, 95 %
2026/03/17 03:26:02.133, 132.44 W, 95 %
2026/03/17 03:26:02.233, 132.44 W, 95 %
2026/03/17 03:26:02.334, 132.45 W, 95 %
2026/03/17 03:26:02.434, 132.45 W, 95 %
2026/03/17 03:26:02.534, 132.45 W, 95 %
2026/03/17 03:26:02.634, 132.43 W, 95 %
2026/03/17 03:26:02.734, 132.45 W, 95 %
2026/03/17 03:26:02.834, 132.47 W, 95 %
2026/03/17 03:26:02.935, 132.48 W, 95 %
2026/03/17 03:26:03.035, 132.50 W, 95 %
2026/03/17 03:26:03.135, 132.50 W, 95 %
2026/03/17 03:26:03.235, 132.51 W, 95 %
2026/03/17 03:26:03.335, 132.53 W, 95 %
2026/03/17 03:26:03.436, 132.54 W, 95 %
2026/03/17 03:26:03.536, 132.58 W, 95 %
2026/03/17 03:26:03.636, 132.60 W, 95 %
2026/03/17 03:26:03.736, 132.60 W, 95 %
2026/03/17 03:26:03.836, 132.59 W, 95 %
2026/03/17 03:26:03.936, 132.60 W, 95 %
2026/03/17 03:26:04.036, 132.61 W, 95 %
2026/03/17 03:26:04.137, 132.62 W, 95 %
2026/03/17 03:26:04.237, 132.64 W, 95 %
2026/03/17 03:26:04.337, 132.65 W, 95 %
2026/03/17 03:26:04.437, 132.64 W, 95 %
2026/03/17 03:26:04.537, 132.64 W, 95 %
2026/03/17 03:26:04.637, 132.66 W, 95 %
2026/03/17 03:26:04.738, 132.66 W, 95 %
2026/03/17 03:26:04.838, 132.67 W, 95 %
2026/03/17 03:26:04.938, 132.67 W, 95 %
2026/03/17 03:26:05.038, 132.67 W, 95 %
2026/03/17 03:26:05.138, 132.68 W, 95 %
2026/03/17 03:26:05.238, 132.70 W, 95 %
2026/03/17 03:26:05.339, 132.71 W, 95 %
2026/03/17 03:26:05.439, 132.74 W, 95 %
2026/03/17 03:26:05.539, 132.75 W, 95 %
2026/03/17 03:26:05.639, 132.75 W, 95 %
2026/03/17 03:26:05.739, 132.76 W, 95 %
2026/03/17 03:26:05.839, 132.76 W, 95 %
2026/03/17 03:26:05.940, 132.77 W, 95 %
2026/03/17 03:26:06.040, 132.77 W, 95 %
2026/03/17 03:26:06.140, 132.76 W, 95 %
2026/03/17 03:26:06.240, 132.73 W, 95 %
2026/03/17 03:26:06.340, 132.71 W, 95 %
2026/03/17 03:26:06.440, 132.73 W, 95 %
2026/03/17 03:26:06.541, 132.72 W, 95 %
2026/03/17 03:26:06.641, 132.73 W, 95 %
2026/03/17 03:26:06.741, 132.74 W, 95 %
2026/03/17 03:26:06.841, 132.74 W, 95 %
2026/03/17 03:26:06.941, 132.74 W, 95 %
2026/03/17 03:26:07.041, 132.74 W, 95 %
2026/03/17 03:26:07.142, 132.76 W, 95 %
2026/03/17 03:26:07.242, 132.77 W, 95 %
2026/03/17 03:26:07.342, 132.76 W, 95 %
2026/03/17 03:26:07.442, 132.75 W, 95 %
2026/03/17 03:26:07.542, 132.74 W, 95 %
2026/03/17 03:26:07.642, 132.74 W, 95 %
2026/03/17 03:26:07.743, 132.74 W, 95 %
2026/03/17 03:26:07.843, 132.73 W, 95 %
2026/03/17 03:26:07.943, 132.72 W, 95 %
2026/03/17 03:26:08.043, 132.73 W, 95 %
2026/03/17 03:26:08.143, 132.74 W, 95 %
2026/03/17 03:26:08.243, 132.74 W, 95 %
2026/03/17 03:26:08.344, 132.74 W, 95 %
2026/03/17 03:26:08.444, 132.73 W, 95 %
2026/03/17 03:26:08.544, 132.73 W, 95 %
2026/03/17 03:26:08.644, 132.72 W, 95 %
2026/03/17 03:26:08.744, 132.72 W, 95 %
2026/03/17 03:26:08.844, 132.72 W, 95 %
2026/03/17 03:26:08.945, 132.71 W, 95 %
2026/03/17 03:26:09.045, 132.69 W, 95 %
2026/03/17 03:26:09.145, 132.66 W, 95 %
2026/03/17 03:26:09.245, 132.65 W, 95 %
2026/03/17 03:26:09.345, 132.65 W, 95 %
2026/03/17 03:26:09.445, 132.64 W, 95 %
2026/03/17 03:26:09.546, 132.64 W, 95 %
2026/03/17 03:26:09.646, 132.63 W, 95 %
2026/03/17 03:26:09.746, 132.59 W, 95 %
2026/03/17 03:26:09.846, 132.57 W, 95 %
2026/03/17 03:26:09.946, 132.56 W, 95 %
2026/03/17 03:26:10.046, 132.53 W, 95 %
2026/03/17 03:26:10.147, 132.52 W, 95 %
2026/03/17 03:26:10.247, 132.51 W, 95 %
2026/03/17 03:26:10.347, 132.48 W, 95 %
2026/03/17 03:26:10.447, 132.46 W, 95 %
2026/03/17 03:26:10.547, 132.43 W, 95 %
2026/03/17 03:26:10.648, 132.42 W, 95 %
2026/03/17 03:26:10.748, 132.43 W, 95 %
2026/03/17 03:26:10.848, 132.42 W, 95 %
2026/03/17 03:26:10.948, 132.42 W, 95 %
2026/03/17 03:26:11.048, 132.44 W, 95 %
2026/03/17 03:26:11.148, 132.45 W, 95 %
2026/03/17 03:26:11.249, 132.46 W, 95 %
2026/03/17 03:26:11.349, 132.44 W, 95 %
2026/03/17 03:26:11.449, 132.45 W, 95 %
2026/03/17 03:26:11.549, 132.43 W, 95 %
2026/03/17 03:26:11.649, 132.41 W, 95 %
2026/03/17 03:26:11.749, 132.38 W, 95 %
2026/03/17 03:26:11.850, 132.38 W, 95 %
2026/03/17 03:26:11.950, 132.37 W, 95 %
2026/03/17 03:26:12.050, 132.35 W, 95 %
2026/03/17 03:26:12.150, 132.32 W, 95 %
2026/03/17 03:26:12.250, 132.29 W, 95 %
2026/03/17 03:26:12.350, 132.30 W, 95 %
2026/03/17 03:26:12.450, 132.29 W, 95 %
2026/03/17 03:26:12.551, 132.29 W, 95 %
2026/03/17 03:26:12.651, 132.29 W, 95 %
2026/03/17 03:26:12.751, 132.29 W, 95 %
2026/03/17 03:26:12.851, 132.27 W, 95 %
2026/03/17 03:26:12.951, 132.25 W, 95 %
2026/03/17 03:26:13.051, 132.21 W, 95 %
2026/03/17 03:26:13.152, 132.15 W, 95 %
2026/03/17 03:26:13.252, 132.11 W, 93 %
2026/03/17 03:26:13.352, 132.07 W, 93 %
2026/03/17 03:26:13.452, 132.05 W, 95 %
2026/03/17 03:26:13.552, 132.03 W, 95 %
2026/03/17 03:26:13.652, 132.02 W, 95 %
2026/03/17 03:26:13.753, 132.00 W, 95 %
2026/03/17 03:26:13.853, 131.96 W, 95 %
2026/03/17 03:26:13.953, 131.95 W, 95 %
2026/03/17 03:26:14.053, 131.94 W, 95 %
2026/03/17 03:26:14.153, 131.98 W, 95 %
2026/03/17 03:26:14.253, 131.99 W, 95 %
2026/03/17 03:26:14.354, 132.00 W, 95 %
2026/03/17 03:26:14.454, 131.99 W, 95 %
2026/03/17 03:26:14.554, 131.98 W, 95 %
2026/03/17 03:26:14.672, 131.96 W, 95 %
2026/03/17 03:26:14.772, 131.98 W, 95 %
2026/03/17 03:26:14.872, 131.99 W, 95 %
2026/03/17 03:26:14.972, 131.97 W, 95 %
2026/03/17 03:26:15.073, 131.96 W, 95 %
2026/03/17 03:26:15.173, 131.97 W, 95 %
2026/03/17 03:26:15.273, 131.98 W, 95 %
2026/03/17 03:26:15.373, 131.96 W, 95 %
2026/03/17 03:26:15.473, 131.97 W, 95 %
2026/03/17 03:26:15.573, 131.97 W, 95 %
2026/03/17 03:26:15.674, 131.96 W, 95 %
2026/03/17 03:26:15.774, 131.95 W, 95 %
2026/03/17 03:26:15.874, 131.95 W, 95 %
2026/03/17 03:26:15.974, 131.97 W, 95 %
2026/03/17 03:26:16.074, 131.96 W, 95 %
2026/03/17 03:26:16.174, 131.95 W, 95 %
2026/03/17 03:26:16.275, 131.93 W, 95 %
2026/03/17 03:26:16.375, 131.93 W, 95 %
2026/03/17 03:26:16.475, 131.93 W, 95 %
2026/03/17 03:26:16.575, 131.93 W, 95 %
2026/03/17 03:26:16.675, 131.95 W, 95 %
2026/03/17 03:26:16.775, 131.95 W, 95 %
2026/03/17 03:26:16.876, 131.95 W, 95 %
2026/03/17 03:26:16.976, 131.96 W, 95 %
2026/03/17 03:26:17.076, 131.98 W, 95 %
2026/03/17 03:26:17.176, 132.00 W, 95 %
2026/03/17 03:26:17.276, 132.02 W, 95 %
2026/03/17 03:26:17.376, 132.02 W, 95 %
2026/03/17 03:26:17.477, 132.03 W, 95 %
2026/03/17 03:26:17.577, 132.04 W, 95 %
2026/03/17 03:26:17.677, 132.04 W, 95 %
2026/03/17 03:26:17.777, 132.05 W, 95 %
2026/03/17 03:26:17.877, 132.08 W, 95 %
2026/03/17 03:26:17.977, 132.10 W, 95 %
2026/03/17 03:26:18.077, 132.12 W, 95 %
2026/03/17 03:26:18.178, 132.12 W, 95 %
2026/03/17 03:26:18.278, 132.13 W, 95 %
2026/03/17 03:26:18.378, 132.16 W, 95 %
2026/03/17 03:26:18.478, 132.20 W, 95 %
2026/03/17 03:26:18.578, 132.21 W, 95 %
2026/03/17 03:26:18.678, 132.24 W, 95 %
2026/03/17 03:26:18.779, 132.27 W, 95 %
2026/03/17 03:26:18.879, 132.28 W, 95 %
2026/03/17 03:26:18.979, 132.30 W, 95 %
2026/03/17 03:26:19.079, 132.31 W, 95 %
2026/03/17 03:26:19.179, 132.33 W, 95 %
2026/03/17 03:26:19.280, 132.35 W, 95 %
2026/03/17 03:26:19.380, 132.35 W, 95 %
2026/03/17 03:26:19.480, 132.36 W, 95 %
2026/03/17 03:26:19.580, 132.40 W, 95 %
2026/03/17 03:26:19.680, 132.42 W, 95 %
2026/03/17 03:26:19.780, 132.44 W, 95 %
2026/03/17 03:26:19.881, 132.48 W, 95 %
2026/03/17 03:26:19.981, 132.51 W, 95 %
2026/03/17 03:26:20.081, 132.56 W, 95 %
2026/03/17 03:26:20.181, 132.59 W, 95 %
2026/03/17 03:26:20.281, 132.62 W, 95 %
2026/03/17 03:26:20.381, 132.65 W, 95 %
2026/03/17 03:26:20.482, 132.67 W, 95 %
2026/03/17 03:26:20.582, 132.69 W, 95 %
2026/03/17 03:26:20.682, 132.70 W, 95 %
2026/03/17 03:26:20.782, 132.73 W, 95 %
2026/03/17 03:26:20.882, 132.74 W, 95 %
2026/03/17 03:26:20.982, 132.74 W, 95 %
2026/03/17 03:26:21.083, 132.73 W, 95 %
2026/03/17 03:26:21.183, 132.74 W, 95 %
2026/03/17 03:26:21.283, 132.76 W, 95 %
2026/03/17 03:26:21.383, 132.80 W, 95 %
2026/03/17 03:26:21.483, 132.84 W, 95 %
2026/03/17 03:26:21.583, 132.84 W, 95 %
2026/03/17 03:26:21.683, 132.86 W, 95 %
2026/03/17 03:26:21.784, 132.88 W, 95 %
2026/03/17 03:26:21.884, 132.90 W, 95 %
2026/03/17 03:26:21.984, 132.91 W, 95 %
2026/03/17 03:26:22.084, 132.96 W, 95 %
2026/03/17 03:26:22.184, 132.98 W, 95 %
2026/03/17 03:26:22.285, 132.99 W, 95 %
2026/03/17 03:26:22.385, 132.99 W, 95 %
2026/03/17 03:26:22.485, 133.00 W, 95 %
2026/03/17 03:26:22.585, 133.04 W, 95 %
2026/03/17 03:26:22.685, 133.08 W, 95 %
2026/03/17 03:26:22.785, 133.08 W, 95 %
2026/03/17 03:26:22.886, 133.11 W, 95 %
2026/03/17 03:26:22.986, 133.13 W, 95 %
2026/03/17 03:26:23.086, 133.15 W, 95 %
2026/03/17 03:26:23.186, 133.16 W, 95 %
2026/03/17 03:26:23.286, 133.18 W, 95 %
2026/03/17 03:26:23.386, 133.19 W, 95 %
2026/03/17 03:26:23.487, 133.16 W, 95 %
2026/03/17 03:26:23.587, 133.14 W, 95 %
2026/03/17 03:26:23.687, 133.13 W, 95 %
2026/03/17 03:26:23.787, 133.14 W, 95 %
2026/03/17 03:26:23.887, 133.14 W, 95 %
2026/03/17 03:26:23.987, 133.14 W, 95 %
2026/03/17 03:26:24.087, 133.13 W, 95 %
2026/03/17 03:26:24.188, 133.12 W, 95 %
2026/03/17 03:26:24.288, 133.14 W, 95 %
2026/03/17 03:26:24.388, 133.16 W, 95 %
2026/03/17 03:26:24.488, 133.15 W, 95 %
2026/03/17 03:26:24.588, 133.15 W, 95 %
2026/03/17 03:26:24.689, 133.15 W, 95 %
2026/03/17 03:26:24.789, 133.17 W, 95 %
2026/03/17 03:26:24.889, 133.16 W, 95 %
2026/03/17 03:26:24.989, 133.15 W, 95 %
2026/03/17 03:26:25.089, 133.13 W, 95 %
2026/03/17 03:26:25.189, 133.12 W, 95 %
2026/03/17 03:26:25.290, 133.10 W, 95 %
2026/03/17 03:26:25.390, 133.10 W, 95 %
2026/03/17 03:26:25.490, 133.11 W, 95 %
2026/03/17 03:26:25.590, 133.13 W, 95 %
2026/03/17 03:26:25.690, 133.13 W, 95 %
2026/03/17 03:26:25.790, 133.10 W, 95 %
2026/03/17 03:26:25.891, 133.11 W, 95 %
2026/03/17 03:26:25.991, 133.12 W, 95 %
2026/03/17 03:26:26.091, 133.12 W, 95 %
2026/03/17 03:26:26.191, 133.12 W, 95 %
2026/03/17 03:26:26.291, 133.09 W, 95 %
2026/03/17 03:26:26.391, 133.08 W, 95 %
2026/03/17 03:26:26.492, 133.05 W, 95 %
2026/03/17 03:26:26.592, 133.01 W, 95 %
2026/03/17 03:26:26.692, 132.99 W, 95 %
2026/03/17 03:26:26.792, 132.96 W, 95 %
2026/03/17 03:26:26.892, 132.95 W, 95 %
2026/03/17 03:26:26.992, 132.93 W, 95 %
2026/03/17 03:26:27.092, 132.91 W, 95 %
2026/03/17 03:26:27.193, 132.89 W, 95 %
2026/03/17 03:26:27.293, 132.89 W, 95 %
2026/03/17 03:26:27.393, 132.88 W, 95 %
2026/03/17 03:26:27.493, 132.86 W, 95 %
2026/03/17 03:26:27.593, 132.85 W, 95 %
2026/03/17 03:26:27.694, 132.83 W, 95 %
2026/03/17 03:26:27.794, 132.81 W, 95 %
2026/03/17 03:26:27.894, 132.80 W, 95 %
2026/03/17 03:26:27.994, 132.76 W, 95 %
2026/03/17 03:26:28.094, 132.73 W, 95 %
2026/03/17 03:26:28.194, 132.71 W, 95 %
2026/03/17 03:26:28.295, 132.63 W, 95 %
2026/03/17 03:26:28.395, 132.55 W, 95 %
2026/03/17 03:26:28.495, 132.55 W, 95 %
2026/03/17 03:26:28.595, 132.55 W, 95 %
2026/03/17 03:26:28.695, 132.53 W, 95 %
2026/03/17 03:26:28.795, 132.51 W, 95 %
2026/03/17 03:26:28.896, 132.50 W, 95 %
2026/03/17 03:26:28.996, 132.51 W, 95 %
2026/03/17 03:26:29.096, 132.52 W, 95 %
2026/03/17 03:26:29.196, 132.54 W, 95 %
2026/03/17 03:26:29.296, 132.57 W, 95 %
2026/03/17 03:26:29.396, 132.61 W, 95 %
2026/03/17 03:26:29.496, 132.57 W, 95 %
2026/03/17 03:26:29.597, 132.54 W, 95 %
2026/03/17 03:26:29.697, 132.53 W, 95 %
2026/03/17 03:26:29.797, 132.52 W, 95 %
2026/03/17 03:26:29.897, 132.50 W, 95 %
2026/03/17 03:26:29.997, 132.48 W, 95 %
2026/03/17 03:26:30.098, 132.48 W, 95 %
2026/03/17 03:26:30.198, 132.46 W, 95 %
2026/03/17 03:26:30.298, 132.45 W, 95 %
2026/03/17 03:26:30.398, 132.44 W, 95 %
2026/03/17 03:26:30.498, 132.43 W, 95 %
2026/03/17 03:26:30.598, 132.40 W, 95 %
2026/03/17 03:26:30.699, 132.40 W, 95 %
2026/03/17 03:26:30.799, 132.39 W, 95 %
2026/03/17 03:26:30.899, 132.39 W, 95 %
2026/03/17 03:26:30.999, 132.38 W, 95 %
2026/03/17 03:26:31.099, 132.35 W, 95 %
2026/03/17 03:26:31.199, 132.33 W, 95 %
2026/03/17 03:26:31.300, 132.32 W, 95 %
2026/03/17 03:26:31.400, 132.31 W, 95 %
2026/03/17 03:26:31.500, 132.32 W, 95 %
2026/03/17 03:26:31.600, 132.35 W, 95 %
2026/03/17 03:26:31.700, 132.38 W, 95 %
2026/03/17 03:26:31.800, 132.38 W, 95 %
2026/03/17 03:26:31.900, 132.40 W, 95 %
2026/03/17 03:26:32.001, 132.43 W, 95 %
2026/03/17 03:26:32.101, 132.46 W, 95 %
2026/03/17 03:26:32.201, 132.48 W, 95 %
2026/03/17 03:26:32.301, 132.50 W, 95 %
2026/03/17 03:26:32.401, 132.53 W, 95 %
2026/03/17 03:26:32.501, 132.55 W, 95 %
2026/03/17 03:26:32.602, 132.55 W, 95 %
2026/03/17 03:26:32.702, 132.54 W, 95 %
2026/03/17 03:26:32.802, 132.55 W, 95 %
2026/03/17 03:26:32.902, 132.55 W, 95 %
2026/03/17 03:26:33.002, 132.55 W, 95 %
2026/03/17 03:26:33.102, 132.55 W, 95 %
2026/03/17 03:26:33.203, 132.57 W, 95 %
2026/03/17 03:26:33.303, 132.60 W, 95 %
2026/03/17 03:26:33.403, 132.61 W, 95 %
2026/03/17 03:26:33.503, 132.60 W, 95 %
2026/03/17 03:26:33.603, 132.61 W, 95 %
2026/03/17 03:26:33.703, 132.62 W, 95 %
2026/03/17 03:26:33.804, 132.64 W, 95 %
2026/03/17 03:26:33.904, 132.65 W, 95 %
2026/03/17 03:26:34.004, 132.64 W, 95 %
2026/03/17 03:26:34.104, 132.63 W, 95 %
2026/03/17 03:26:34.204, 132.62 W, 95 %
2026/03/17 03:26:34.304, 132.61 W, 95 %
2026/03/17 03:26:34.405, 132.60 W, 95 %
2026/03/17 03:26:34.505, 132.61 W, 95 %
2026/03/17 03:26:34.605, 132.60 W, 95 %
2026/03/17 03:26:34.705, 132.58 W, 95 %
2026/03/17 03:26:34.805, 132.57 W, 95 %
2026/03/17 03:26:34.905, 132.59 W, 95 %
2026/03/17 03:26:35.005, 132.61 W, 95 %
2026/03/17 03:26:35.106, 132.64 W, 95 %
2026/03/17 03:26:35.206, 132.67 W, 95 %
2026/03/17 03:26:35.306, 132.69 W, 95 %
2026/03/17 03:26:35.406, 132.70 W, 95 %
2026/03/17 03:26:35.506, 132.71 W, 95 %
2026/03/17 03:26:35.607, 132.72 W, 95 %
2026/03/17 03:26:35.707, 132.75 W, 95 %
2026/03/17 03:26:35.807, 132.76 W, 95 %
2026/03/17 03:26:35.907, 132.76 W, 95 %
2026/03/17 03:26:36.007, 132.77 W, 95 %
2026/03/17 03:26:36.107, 132.75 W, 95 %
2026/03/17 03:26:36.208, 132.72 W, 95 %
2026/03/17 03:26:36.308, 132.72 W, 95 %
2026/03/17 03:26:36.408, 132.72 W, 95 %
2026/03/17 03:26:36.508, 132.73 W, 95 %
2026/03/17 03:26:36.608, 132.73 W, 95 %
2026/03/17 03:26:36.708, 132.74 W, 95 %
2026/03/17 03:26:36.809, 132.75 W, 95 %
2026/03/17 03:26:36.909, 132.74 W, 95 %
2026/03/17 03:26:37.009, 132.73 W, 95 %
2026/03/17 03:26:37.109, 132.74 W, 95 %
2026/03/17 03:26:37.209, 132.73 W, 95 %
2026/03/17 03:26:37.309, 132.72 W, 95 %
2026/03/17 03:26:37.410, 132.73 W, 95 %
2026/03/17 03:26:37.510, 132.72 W, 95 %
2026/03/17 03:26:37.610, 132.71 W, 95 %
2026/03/17 03:26:37.710, 132.70 W, 95 %
2026/03/17 03:26:37.810, 132.67 W, 95 %
2026/03/17 03:26:37.910, 132.66 W, 95 %
2026/03/17 03:26:38.011, 132.66 W, 95 %
2026/03/17 03:26:38.111, 132.66 W, 95 %
2026/03/17 03:26:38.211, 132.67 W, 95 %
2026/03/17 03:26:38.311, 132.65 W, 95 %
2026/03/17 03:26:38.411, 132.63 W, 95 %
2026/03/17 03:26:38.511, 132.64 W, 95 %
2026/03/17 03:26:38.612, 132.63 W, 95 %
2026/03/17 03:26:38.712, 132.61 W, 95 %
2026/03/17 03:26:38.812, 132.61 W, 95 %
2026/03/17 03:26:38.912, 132.62 W, 95 %
2026/03/17 03:26:39.012, 132.61 W, 95 %
2026/03/17 03:26:39.112, 132.60 W, 95 %
2026/03/17 03:26:39.213, 132.60 W, 95 %
2026/03/17 03:26:39.313, 132.60 W, 95 %
2026/03/17 03:26:39.413, 132.58 W, 95 %
2026/03/17 03:26:39.513, 132.57 W, 95 %
2026/03/17 03:26:39.613, 132.56 W, 95 %
2026/03/17 03:26:39.713, 132.57 W, 95 %
2026/03/17 03:26:39.814, 132.57 W, 95 %
2026/03/17 03:26:39.914, 132.56 W, 95 %
2026/03/17 03:26:40.014, 132.54 W, 95 %
2026/03/17 03:26:40.114, 132.51 W, 95 %
2026/03/17 03:26:40.214, 132.49 W, 95 %
2026/03/17 03:26:40.314, 132.49 W, 95 %
2026/03/17 03:26:40.415, 132.49 W, 95 %
2026/03/17 03:26:40.515, 132.47 W, 95 %
2026/03/17 03:26:40.615, 132.46 W, 95 %
2026/03/17 03:26:40.715, 132.43 W, 95 %
2026/03/17 03:26:40.815, 132.42 W, 95 %
2026/03/17 03:26:40.915, 132.41 W, 95 %
2026/03/17 03:26:41.016, 132.42 W, 95 %
2026/03/17 03:26:41.116, 132.43 W, 95 %
2026/03/17 03:26:41.216, 132.41 W, 95 %
2026/03/17 03:26:41.316, 132.40 W, 95 %
2026/03/17 03:26:41.416, 132.40 W, 95 %
2026/03/17 03:26:41.516, 132.40 W, 95 %
2026/03/17 03:26:41.617, 132.38 W, 95 %
2026/03/17 03:26:41.717, 132.40 W, 95 %
2026/03/17 03:26:41.817, 132.40 W, 95 %
2026/03/17 03:26:41.917, 132.38 W, 95 %
2026/03/17 03:26:42.017, 132.36 W, 95 %
2026/03/17 03:26:42.117, 132.35 W, 95 %
2026/03/17 03:26:42.218, 132.33 W, 95 %
2026/03/17 03:26:42.318, 132.32 W, 95 %
2026/03/17 03:26:42.418, 132.31 W, 95 %
2026/03/17 03:26:42.518, 132.29 W, 95 %
2026/03/17 03:26:42.618, 132.28 W, 95 %
2026/03/17 03:26:42.718, 132.27 W, 95 %
2026/03/17 03:26:42.818, 132.24 W, 95 %
2026/03/17 03:26:42.919, 132.19 W, 95 %
2026/03/17 03:26:43.019, 132.17 W, 95 %
2026/03/17 03:26:43.119, 132.13 W, 95 %
2026/03/17 03:26:43.219, 132.12 W, 95 %
2026/03/17 03:26:43.319, 132.10 W, 95 %
2026/03/17 03:26:43.419, 132.08 W, 95 %
2026/03/17 03:26:43.520, 132.05 W, 95 %
2026/03/17 03:26:43.620, 132.03 W, 95 %
2026/03/17 03:26:43.720, 132.02 W, 95 %
2026/03/17 03:26:43.820, 132.00 W, 95 %
2026/03/17 03:26:43.920, 132.01 W, 95 %
2026/03/17 03:26:44.020, 132.03 W, 95 %
2026/03/17 03:26:44.121, 132.02 W, 95 %
2026/03/17 03:26:44.221, 132.02 W, 95 %
2026/03/17 03:26:44.321, 132.03 W, 95 %
2026/03/17 03:26:44.421, 132.03 W, 95 %
2026/03/17 03:26:44.521, 132.03 W, 95 %
2026/03/17 03:26:44.621, 132.04 W, 95 %
2026/03/17 03:26:44.722, 132.04 W, 95 %
2026/03/17 03:26:44.822, 132.03 W, 95 %
2026/03/17 03:26:44.922, 132.04 W, 95 %
2026/03/17 03:26:45.022, 132.02 W, 95 %
2026/03/17 03:26:45.122, 132.01 W, 95 %
2026/03/17 03:26:45.222, 132.00 W, 95 %
2026/03/17 03:26:45.323, 131.99 W, 95 %
2026/03/17 03:26:45.423, 131.97 W, 95 %
2026/03/17 03:26:45.523, 131.95 W, 95 %
2026/03/17 03:26:45.623, 131.93 W, 95 %
2026/03/17 03:26:45.723, 131.91 W, 95 %
2026/03/17 03:26:45.823, 131.91 W, 95 %
2026/03/17 03:26:45.924, 131.91 W, 95 %
2026/03/17 03:26:46.024, 131.90 W, 95 %
2026/03/17 03:26:46.124, 131.90 W, 95 %
2026/03/17 03:26:46.224, 131.90 W, 95 %
2026/03/17 03:26:46.324, 131.88 W, 95 %
2026/03/17 03:26:46.425, 131.90 W, 95 %
2026/03/17 03:26:46.525, 131.90 W, 95 %
2026/03/17 03:26:46.625, 131.90 W, 95 %
2026/03/17 03:26:46.725, 131.91 W, 95 %
2026/03/17 03:26:46.825, 131.90 W, 95 %
2026/03/17 03:26:46.925, 131.89 W, 95 %
2026/03/17 03:26:47.026, 131.92 W, 95 %
2026/03/17 03:26:47.126, 131.93 W, 95 %
2026/03/17 03:26:47.226, 131.94 W, 95 %
2026/03/17 03:26:47.326, 131.95 W, 95 %
2026/03/17 03:26:47.426, 131.96 W, 95 %
2026/03/17 03:26:47.526, 131.98 W, 95 %
2026/03/17 03:26:47.627, 132.00 W, 95 %
2026/03/17 03:26:47.727, 132.01 W, 95 %
2026/03/17 03:26:47.827, 132.03 W, 95 %
2026/03/17 03:26:47.927, 132.04 W, 95 %
2026/03/17 03:26:48.027, 132.04 W, 95 %
2026/03/17 03:26:48.127, 132.04 W, 95 %
2026/03/17 03:26:48.227, 132.06 W, 95 %
2026/03/17 03:26:48.328, 132.06 W, 95 %
2026/03/17 03:26:48.428, 132.05 W, 95 %
2026/03/17 03:26:48.528, 132.05 W, 95 %
2026/03/17 03:26:48.628, 132.06 W, 95 %
2026/03/17 03:26:48.728, 132.08 W, 95 %
2026/03/17 03:26:48.828, 132.08 W, 95 %
2026/03/17 03:26:48.929, 132.10 W, 95 %
2026/03/17 03:26:49.029, 132.09 W, 95 %
2026/03/17 03:26:49.129, 132.12 W, 95 %
2026/03/17 03:26:49.229, 132.15 W, 95 %
2026/03/17 03:26:49.329, 132.17 W, 95 %
2026/03/17 03:26:49.429, 132.20 W, 95 %
2026/03/17 03:26:49.530, 132.20 W, 95 %
2026/03/17 03:26:49.630, 132.22 W, 95 %
2026/03/17 03:26:49.730, 132.23 W, 95 %
2026/03/17 03:26:49.830, 132.24 W, 95 %
2026/03/17 03:26:49.930, 132.25 W, 95 %
2026/03/17 03:26:50.030, 132.30 W, 95 %
2026/03/17 03:26:50.131, 132.30 W, 95 %
2026/03/17 03:26:50.231, 132.30 W, 95 %
2026/03/17 03:26:50.331, 132.32 W, 95 %
2026/03/17 03:26:50.431, 132.34 W, 95 %
2026/03/17 03:26:50.531, 132.38 W, 95 %
2026/03/17 03:26:50.631, 132.39 W, 95 %
2026/03/17 03:26:50.732, 132.43 W, 95 %
2026/03/17 03:26:50.832, 132.44 W, 95 %
2026/03/17 03:26:50.932, 132.43 W, 95 %
2026/03/17 03:26:51.032, 132.44 W, 95 %
2026/03/17 03:26:51.132, 132.46 W, 95 %
2026/03/17 03:26:51.232, 132.49 W, 95 %
2026/03/17 03:26:51.333, 132.51 W, 95 %
2026/03/17 03:26:51.433, 132.51 W, 95 %
2026/03/17 03:26:51.533, 132.54 W, 95 %
2026/03/17 03:26:51.633, 132.58 W, 95 %
2026/03/17 03:26:51.733, 132.63 W, 95 %
2026/03/17 03:26:51.833, 132.66 W, 95 %
2026/03/17 03:26:51.934, 132.70 W, 95 %
2026/03/17 03:26:52.034, 132.75 W, 95 %
2026/03/17 03:26:52.134, 132.79 W, 95 %
2026/03/17 03:26:52.234, 132.81 W, 95 %
2026/03/17 03:26:52.334, 132.83 W, 95 %
2026/03/17 03:26:52.434, 132.86 W, 95 %
2026/03/17 03:26:52.535, 132.90 W, 95 %
2026/03/17 03:26:52.635, 132.90 W, 95 %
2026/03/17 03:26:52.735, 132.90 W, 95 %
2026/03/17 03:26:52.835, 132.92 W, 95 %
2026/03/17 03:26:52.935, 132.97 W, 95 %
2026/03/17 03:26:53.035, 133.00 W, 95 %
2026/03/17 03:26:53.136, 133.02 W, 95 %
2026/03/17 03:26:53.236, 133.05 W, 95 %
2026/03/17 03:26:53.336, 133.08 W, 95 %
2026/03/17 03:26:53.436, 133.13 W, 95 %
2026/03/17 03:26:53.536, 133.15 W, 95 %
2026/03/17 03:26:53.636, 133.16 W, 95 %
2026/03/17 03:26:53.737, 133.18 W, 95 %
2026/03/17 03:26:53.837, 133.19 W, 95 %
2026/03/17 03:26:53.937, 133.18 W, 95 %
2026/03/17 03:26:54.037, 133.18 W, 95 %
2026/03/17 03:26:54.137, 133.16 W, 95 %
2026/03/17 03:26:54.237, 133.15 W, 95 %
2026/03/17 03:26:54.338, 133.17 W, 95 %
2026/03/17 03:26:54.438, 133.17 W, 95 %
2026/03/17 03:26:54.538, 133.17 W, 95 %
2026/03/17 03:26:54.638, 133.20 W, 95 %
2026/03/17 03:26:54.738, 133.22 W, 95 %
2026/03/17 03:26:54.838, 133.21 W, 95 %
2026/03/17 03:26:54.939, 133.21 W, 95 %
2026/03/17 03:26:55.039, 133.21 W, 95 %
2026/03/17 03:26:55.139, 133.24 W, 95 %
2026/03/17 03:26:55.239, 133.26 W, 95 %
2026/03/17 03:26:55.339, 133.25 W, 95 %
2026/03/17 03:26:55.439, 133.23 W, 95 %
2026/03/17 03:26:55.540, 133.23 W, 95 %
2026/03/17 03:26:55.640, 133.21 W, 95 %
2026/03/17 03:26:55.740, 133.19 W, 95 %
2026/03/17 03:26:55.840, 133.22 W, 95 %
2026/03/17 03:26:55.940, 133.23 W, 95 %
2026/03/17 03:26:56.040, 133.25 W, 95 %
2026/03/17 03:26:56.141, 133.23 W, 95 %
2026/03/17 03:26:56.241, 133.20 W, 95 %
2026/03/17 03:26:56.341, 133.18 W, 95 %
2026/03/17 03:26:56.441, 133.19 W, 95 %
2026/03/17 03:26:56.541, 133.15 W, 95 %
2026/03/17 03:26:56.641, 133.12 W, 95 %
2026/03/17 03:26:56.742, 133.10 W, 95 %
2026/03/17 03:26:56.842, 133.06 W, 95 %
2026/03/17 03:26:56.942, 133.02 W, 95 %
2026/03/17 03:26:57.042, 132.98 W, 95 %
2026/03/17 03:26:57.142, 132.95 W, 95 %
2026/03/17 03:26:57.242, 132.93 W, 95 %
2026/03/17 03:26:57.343, 132.93 W, 95 %
2026/03/17 03:26:57.443, 132.92 W, 95 %
2026/03/17 03:26:57.543, 132.92 W, 95 %
2026/03/17 03:26:57.643, 132.93 W, 95 %
2026/03/17 03:26:57.743, 132.94 W, 95 %
2026/03/17 03:26:57.843, 132.94 W, 95 %
2026/03/17 03:26:57.944, 132.93 W, 95 %
2026/03/17 03:26:58.044, 132.91 W, 95 %
2026/03/17 03:26:58.144, 132.90 W, 95 %
2026/03/17 03:26:58.244, 132.88 W, 95 %
2026/03/17 03:26:58.344, 132.86 W, 95 %
2026/03/17 03:26:58.444, 132.83 W, 95 %
2026/03/17 03:26:58.545, 132.80 W, 95 %
2026/03/17 03:26:58.645, 132.74 W, 95 %
2026/03/17 03:26:58.745, 132.71 W, 95 %
2026/03/17 03:26:58.845, 132.71 W, 95 %
2026/03/17 03:26:58.945, 132.71 W, 95 %
2026/03/17 03:26:59.045, 132.71 W, 95 %
2026/03/17 03:26:59.146, 132.69 W, 95 %
2026/03/17 03:26:59.246, 132.67 W, 95 %
2026/03/17 03:26:59.346, 132.65 W, 95 %
2026/03/17 03:26:59.446, 132.64 W, 95 %
2026/03/17 03:26:59.546, 132.60 W, 95 %
2026/03/17 03:26:59.646, 132.60 W, 95 %
2026/03/17 03:26:59.746, 132.57 W, 95 %
2026/03/17 03:26:59.847, 132.52 W, 95 %
2026/03/17 03:26:59.947, 132.48 W, 95 %
2026/03/17 03:27:00.047, 132.45 W, 95 %
2026/03/17 03:27:00.147, 132.44 W, 95 %
2026/03/17 03:27:00.247, 132.44 W, 95 %
2026/03/17 03:27:00.348, 132.43 W, 95 %
2026/03/17 03:27:00.448, 132.42 W, 95 %
2026/03/17 03:27:00.548, 132.43 W, 95 %
2026/03/17 03:27:00.648, 132.43 W, 95 %
2026/03/17 03:27:00.748, 132.45 W, 95 %
2026/03/17 03:27:00.848, 132.46 W, 95 %
2026/03/17 03:27:00.949, 132.44 W, 95 %
2026/03/17 03:27:01.049, 132.43 W, 95 %
2026/03/17 03:27:01.149, 132.43 W, 95 %
2026/03/17 03:27:01.249, 132.43 W, 95 %
2026/03/17 03:27:01.349, 132.43 W, 95 %
2026/03/17 03:27:01.449, 132.43 W, 95 %
2026/03/17 03:27:01.550, 132.41 W, 95 %
2026/03/17 03:27:01.650, 132.41 W, 95 %
2026/03/17 03:27:01.750, 132.40 W, 95 %
2026/03/17 03:27:01.850, 132.38 W, 95 %
2026/03/17 03:27:01.950, 132.40 W, 95 %
2026/03/17 03:27:02.050, 132.42 W, 95 %
2026/03/17 03:27:02.150, 132.42 W, 95 %
2026/03/17 03:27:02.251, 132.40 W, 95 %
2026/03/17 03:27:02.351, 132.41 W, 95 %
2026/03/17 03:27:02.451, 132.42 W, 95 %
2026/03/17 03:27:02.551, 132.45 W, 95 %
2026/03/17 03:27:02.651, 132.47 W, 95 %
2026/03/17 03:27:02.752, 132.48 W, 95 %
2026/03/17 03:27:02.852, 132.51 W, 95 %
2026/03/17 03:27:02.952, 132.54 W, 95 %
2026/03/17 03:27:03.052, 132.55 W, 95 %
2026/03/17 03:27:03.152, 132.56 W, 95 %
2026/03/17 03:27:03.252, 132.59 W, 95 %
2026/03/17 03:27:03.353, 132.61 W, 95 %
2026/03/17 03:27:03.453, 132.62 W, 95 %
2026/03/17 03:27:03.553, 132.65 W, 95 %
2026/03/17 03:27:03.653, 132.68 W, 95 %
2026/03/17 03:27:03.753, 132.66 W, 95 %
2026/03/17 03:27:03.853, 132.66 W, 95 %
2026/03/17 03:27:03.953, 132.66 W, 95 %
2026/03/17 03:27:04.054, 132.68 W, 95 %
2026/03/17 03:27:04.154, 132.71 W, 95 %
2026/03/17 03:27:04.254, 132.71 W, 95 %
2026/03/17 03:27:04.354, 132.71 W, 95 %
2026/03/17 03:27:04.454, 132.70 W, 95 %
2026/03/17 03:27:04.554, 132.69 W, 95 %
2026/03/17 03:27:04.655, 132.69 W, 95 %
2026/03/17 03:27:04.755, 132.71 W, 95 %
2026/03/17 03:27:04.855, 132.72 W, 95 %
2026/03/17 03:27:04.955, 132.75 W, 95 %
2026/03/17 03:27:05.055, 132.73 W, 95 %
2026/03/17 03:27:05.155, 132.71 W, 95 %
2026/03/17 03:27:05.256, 132.74 W, 95 %
2026/03/17 03:27:05.356, 132.77 W, 95 %
2026/03/17 03:27:05.456, 132.79 W, 95 %
2026/03/17 03:27:05.556, 132.80 W, 95 %
2026/03/17 03:27:05.656, 132.80 W, 95 %
2026/03/17 03:27:05.756, 132.81 W, 95 %
2026/03/17 03:27:05.857, 132.81 W, 95 %
2026/03/17 03:27:05.957, 132.80 W, 95 %
2026/03/17 03:27:06.057, 132.82 W, 95 %
2026/03/17 03:27:06.157, 132.84 W, 95 %
2026/03/17 03:27:06.257, 132.83 W, 95 %
2026/03/17 03:27:06.357, 132.80 W, 95 %
2026/03/17 03:27:06.458, 132.81 W, 95 %
2026/03/17 03:27:06.558, 132.81 W, 95 %
2026/03/17 03:27:06.658, 132.80 W, 95 %
2026/03/17 03:27:06.758, 132.79 W, 95 %
2026/03/17 03:27:06.858, 132.77 W, 95 %
2026/03/17 03:27:06.958, 132.77 W, 95 %
2026/03/17 03:27:07.059, 132.77 W, 95 %
2026/03/17 03:27:07.159, 132.77 W, 95 %
2026/03/17 03:27:07.259, 132.76 W, 95 %
2026/03/17 03:27:07.359, 132.74 W, 95 %
2026/03/17 03:27:07.459, 132.71 W, 95 %
2026/03/17 03:27:07.559, 132.68 W, 95 %
2026/03/17 03:27:07.659, 132.69 W, 95 %
2026/03/17 03:27:07.760, 132.68 W, 95 %
2026/03/17 03:27:07.860, 132.68 W, 95 %
2026/03/17 03:27:07.960, 132.65 W, 95 %
2026/03/17 03:27:08.060, 132.62 W, 95 %
2026/03/17 03:27:08.160, 132.60 W, 95 %
2026/03/17 03:27:08.261, 132.59 W, 95 %
2026/03/17 03:27:08.361, 132.61 W, 95 %
2026/03/17 03:27:08.461, 132.61 W, 95 %
2026/03/17 03:27:08.561, 132.61 W, 95 %
2026/03/17 03:27:08.661, 132.59 W, 95 %
2026/03/17 03:27:08.761, 132.59 W, 95 %
2026/03/17 03:27:08.862, 132.60 W, 95 %
2026/03/17 03:27:08.962, 132.60 W, 95 %
2026/03/17 03:27:09.062, 132.60 W, 95 %
2026/03/17 03:27:09.162, 132.61 W, 95 %
2026/03/17 03:27:09.262, 132.60 W, 95 %
2026/03/17 03:27:09.362, 132.58 W, 95 %
2026/03/17 03:27:09.463, 132.55 W, 95 %
2026/03/17 03:27:09.563, 132.55 W, 95 %
2026/03/17 03:27:09.663, 132.55 W, 95 %
2026/03/17 03:27:09.763, 132.54 W, 95 %
2026/03/17 03:27:09.863, 132.52 W, 95 %
2026/03/17 03:27:09.963, 132.53 W, 95 %
2026/03/17 03:27:10.064, 132.54 W, 95 %
2026/03/17 03:27:10.164, 132.54 W, 95 %
2026/03/17 03:27:10.264, 132.54 W, 95 %
2026/03/17 03:27:10.364, 132.55 W, 95 %
2026/03/17 03:27:10.464, 132.55 W, 95 %
2026/03/17 03:27:10.564, 132.54 W, 95 %
2026/03/17 03:27:10.665, 132.54 W, 95 %
2026/03/17 03:27:10.765, 132.54 W, 95 %
2026/03/17 03:27:10.865, 132.53 W, 95 %
2026/03/17 03:27:10.965, 132.51 W, 95 %
2026/03/17 03:27:11.065, 132.48 W, 95 %
2026/03/17 03:27:11.165, 132.46 W, 95 %
2026/03/17 03:27:11.266, 132.45 W, 95 %
2026/03/17 03:27:11.366, 132.46 W, 95 %
2026/03/17 03:27:11.466, 132.44 W, 95 %
2026/03/17 03:27:11.566, 132.43 W, 95 %
2026/03/17 03:27:11.666, 132.42 W, 95 %
2026/03/17 03:27:11.766, 132.42 W, 95 %
2026/03/17 03:27:11.867, 132.38 W, 95 %
2026/03/17 03:27:11.967, 132.38 W, 95 %
2026/03/17 03:27:12.067, 132.39 W, 95 %
2026/03/17 03:27:12.167, 132.39 W, 95 %
2026/03/17 03:27:12.267, 132.36 W, 95 %
2026/03/17 03:27:12.367, 132.32 W, 95 %
2026/03/17 03:27:12.468, 132.31 W, 95 %
2026/03/17 03:27:12.568, 132.30 W, 95 %
2026/03/17 03:27:12.668, 132.29 W, 95 %
2026/03/17 03:27:12.768, 132.27 W, 95 %
2026/03/17 03:27:12.868, 132.26 W, 95 %
2026/03/17 03:27:12.968, 132.26 W, 95 %
2026/03/17 03:27:13.068, 132.26 W, 95 %
2026/03/17 03:27:13.169, 132.24 W, 95 %
2026/03/17 03:27:13.269, 132.24 W, 95 %
2026/03/17 03:27:13.369, 132.21 W, 95 %
2026/03/17 03:27:13.469, 132.22 W, 95 %
2026/03/17 03:27:13.569, 132.19 W, 95 %
2026/03/17 03:27:13.670, 132.16 W, 95 %
2026/03/17 03:27:13.770, 132.15 W, 95 %
2026/03/17 03:27:13.870, 132.13 W, 95 %
2026/03/17 03:27:13.970, 132.11 W, 95 %
2026/03/17 03:27:14.070, 132.07 W, 95 %
2026/03/17 03:27:14.170, 131.96 W, 89 %
2026/03/17 03:27:14.271, 131.94 W, 89 %
2026/03/17 03:27:14.371, 131.92 W, 95 %
2026/03/17 03:27:14.471, 131.90 W, 95 %
2026/03/17 03:27:14.571, 131.88 W, 95 %
2026/03/17 03:27:14.671, 131.88 W, 95 %
2026/03/17 03:27:14.771, 131.88 W, 95 %
2026/03/17 03:27:14.872, 131.87 W, 95 %
2026/03/17 03:27:14.972, 131.88 W, 95 %
2026/03/17 03:27:15.072, 131.88 W, 95 %
2026/03/17 03:27:15.172, 131.97 W, 95 %
2026/03/17 03:27:15.272, 131.98 W, 95 %
2026/03/17 03:27:15.372, 131.99 W, 95 %
2026/03/17 03:27:15.472, 132.00 W, 95 %
2026/03/17 03:27:15.573, 132.00 W, 95 %
2026/03/17 03:27:15.673, 132.01 W, 95 %
2026/03/17 03:27:15.773, 132.00 W, 95 %
2026/03/17 03:27:15.873, 132.01 W, 95 %
2026/03/17 03:27:15.973, 132.00 W, 95 %
2026/03/17 03:27:16.074, 132.00 W, 95 %
2026/03/17 03:27:16.174, 131.99 W, 95 %
2026/03/17 03:27:16.274, 131.99 W, 95 %
2026/03/17 03:27:16.375, 131.98 W, 95 %
2026/03/17 03:27:16.475, 131.97 W, 95 %
2026/03/17 03:27:16.575, 131.96 W, 95 %
2026/03/17 03:27:16.675, 131.93 W, 95 %
2026/03/17 03:27:16.775, 131.93 W, 95 %
2026/03/17 03:27:16.875, 131.93 W, 95 %
2026/03/17 03:27:16.976, 131.92 W, 95 %
2026/03/17 03:27:17.076, 131.92 W, 95 %
2026/03/17 03:27:17.176, 131.94 W, 95 %
2026/03/17 03:27:17.276, 131.94 W, 95 %
2026/03/17 03:27:17.376, 131.94 W, 95 %
2026/03/17 03:27:17.476, 131.95 W, 95 %
2026/03/17 03:27:17.577, 131.94 W, 95 %
2026/03/17 03:27:17.677, 131.97 W, 95 %
2026/03/17 03:27:17.777, 131.98 W, 95 %
2026/03/17 03:27:17.877, 131.99 W, 95 %
2026/03/17 03:27:17.977, 132.02 W, 95 %
2026/03/17 03:27:18.077, 132.02 W, 95 %
2026/03/17 03:27:18.177, 132.02 W, 95 %
2026/03/17 03:27:18.278, 132.01 W, 95 %
2026/03/17 03:27:18.378, 132.03 W, 95 %
2026/03/17 03:27:18.478, 132.06 W, 95 %
2026/03/17 03:27:18.578, 132.07 W, 95 %
2026/03/17 03:27:18.678, 132.07 W, 95 %
2026/03/17 03:27:18.778, 132.08 W, 95 %
2026/03/17 03:27:18.879, 132.08 W, 95 %
2026/03/17 03:27:18.979, 132.10 W, 95 %
2026/03/17 03:27:19.079, 132.14 W, 95 %
2026/03/17 03:27:19.179, 132.16 W, 95 %
2026/03/17 03:27:19.279, 132.21 W, 95 %
2026/03/17 03:27:19.379, 132.21 W, 95 %
2026/03/17 03:27:19.480, 132.22 W, 95 %
2026/03/17 03:27:19.580, 132.25 W, 95 %
2026/03/17 03:27:19.680, 132.30 W, 95 %
2026/03/17 03:27:19.780, 132.31 W, 95 %
2026/03/17 03:27:19.880, 132.35 W, 95 %
2026/03/17 03:27:19.980, 132.38 W, 95 %
2026/03/17 03:27:20.081, 132.36 W, 95 %
2026/03/17 03:27:20.181, 132.38 W, 95 %
2026/03/17 03:27:20.281, 132.39 W, 95 %
2026/03/17 03:27:20.381, 132.42 W, 95 %
2026/03/17 03:27:20.481, 132.46 W, 95 %
2026/03/17 03:27:20.581, 132.48 W, 95 %
2026/03/17 03:27:20.682, 132.48 W, 95 %
2026/03/17 03:27:20.782, 132.52 W, 95 %
2026/03/17 03:27:20.882, 132.55 W, 95 %
2026/03/17 03:27:20.982, 132.56 W, 95 %
2026/03/17 03:27:21.082, 132.59 W, 95 %
2026/03/17 03:27:21.182, 132.61 W, 95 %
2026/03/17 03:27:21.283, 132.62 W, 95 %
2026/03/17 03:27:21.383, 132.63 W, 95 %
2026/03/17 03:27:21.483, 132.65 W, 95 %
2026/03/17 03:27:21.583, 132.69 W, 95 %
2026/03/17 03:27:21.683, 132.71 W, 95 %
2026/03/17 03:27:21.783, 132.73 W, 95 %
2026/03/17 03:27:21.884, 132.75 W, 95 %
2026/03/17 03:27:21.984, 132.79 W, 95 %
2026/03/17 03:27:22.084, 132.85 W, 95 %
2026/03/17 03:27:22.184, 132.85 W, 95 %
2026/03/17 03:27:22.284, 132.89 W, 95 %
2026/03/17 03:27:22.384, 132.93 W, 95 %
2026/03/17 03:27:22.485, 132.94 W, 95 %
2026/03/17 03:27:22.585, 132.96 W, 95 %
2026/03/17 03:27:22.685, 132.98 W, 95 %
2026/03/17 03:27:22.785, 132.99 W, 95 %
2026/03/17 03:27:22.885, 132.99 W, 95 %
2026/03/17 03:27:22.985, 132.99 W, 95 %
2026/03/17 03:27:23.086, 133.01 W, 95 %
2026/03/17 03:27:23.186, 133.04 W, 95 %
2026/03/17 03:27:23.286, 133.08 W, 95 %
2026/03/17 03:27:23.386, 133.09 W, 95 %
2026/03/17 03:27:23.486, 133.10 W, 95 %
2026/03/17 03:27:23.586, 133.12 W, 95 %
2026/03/17 03:27:23.687, 133.13 W, 95 %
2026/03/17 03:27:23.787, 133.14 W, 95 %
2026/03/17 03:27:23.887, 133.14 W, 95 %
2026/03/17 03:27:23.987, 133.16 W, 95 %
2026/03/17 03:27:24.087, 133.15 W, 95 %
2026/03/17 03:27:24.187, 133.14 W, 95 %
2026/03/17 03:27:24.288, 133.13 W, 95 %
2026/03/17 03:27:24.388, 133.13 W, 95 %
2026/03/17 03:27:24.488, 133.13 W, 95 %
2026/03/17 03:27:24.588, 133.15 W, 95 %
2026/03/17 03:27:24.688, 133.16 W, 95 %
2026/03/17 03:27:24.788, 133.17 W, 95 %
2026/03/17 03:27:24.889, 133.18 W, 95 %
2026/03/17 03:27:24.989, 133.18 W, 95 %
2026/03/17 03:27:25.089, 133.18 W, 95 %
2026/03/17 03:27:25.189, 133.19 W, 95 %
2026/03/17 03:27:25.289, 133.18 W, 95 %
2026/03/17 03:27:25.389, 133.16 W, 95 %
2026/03/17 03:27:25.490, 133.12 W, 95 %
2026/03/17 03:27:25.590, 133.09 W, 95 %
2026/03/17 03:27:25.690, 133.07 W, 95 %
2026/03/17 03:27:25.790, 133.04 W, 95 %
2026/03/17 03:27:25.890, 133.01 W, 95 %
2026/03/17 03:27:25.990, 132.99 W, 95 %
2026/03/17 03:27:26.091, 132.99 W, 95 %
2026/03/17 03:27:26.191, 132.96 W, 95 %
2026/03/17 03:27:26.291, 132.96 W, 95 %
2026/03/17 03:27:26.391, 132.94 W, 95 %
2026/03/17 03:27:26.491, 132.92 W, 95 %
2026/03/17 03:27:26.591, 132.91 W, 95 %
2026/03/17 03:27:26.692, 132.90 W, 95 %
2026/03/17 03:27:26.792, 132.88 W, 95 %
2026/03/17 03:27:26.892, 132.86 W, 95 %
2026/03/17 03:27:26.992, 132.82 W, 95 %
2026/03/17 03:27:27.092, 132.78 W, 95 %
2026/03/17 03:27:27.192, 132.75 W, 95 %
2026/03/17 03:27:27.293, 132.71 W, 95 %
2026/03/17 03:27:27.393, 132.68 W, 95 %
2026/03/17 03:27:27.493, 132.67 W, 95 %
2026/03/17 03:27:27.593, 132.64 W, 95 %
2026/03/17 03:27:27.693, 132.63 W, 95 %
2026/03/17 03:27:27.794, 132.61 W, 95 %
2026/03/17 03:27:27.894, 132.61 W, 95 %
2026/03/17 03:27:27.994, 132.62 W, 95 %
2026/03/17 03:27:28.094, 132.60 W, 95 %
2026/03/17 03:27:28.194, 132.59 W, 95 %
2026/03/17 03:27:28.294, 132.59 W, 95 %
2026/03/17 03:27:28.395, 132.60 W, 95 %
2026/03/17 03:27:28.495, 132.58 W, 95 %
2026/03/17 03:27:28.595, 132.55 W, 95 %
2026/03/17 03:27:28.695, 132.53 W, 95 %
2026/03/17 03:27:28.795, 132.49 W, 95 %
2026/03/17 03:27:28.895, 132.48 W, 95 %
2026/03/17 03:27:28.995, 132.46 W, 95 %
2026/03/17 03:27:29.096, 132.46 W, 95 %
2026/03/17 03:27:29.196, 132.47 W, 95 %
2026/03/17 03:27:29.296, 132.46 W, 95 %
2026/03/17 03:27:29.396, 132.45 W, 95 %
2026/03/17 03:27:29.496, 132.46 W, 95 %
2026/03/17 03:27:29.596, 132.46 W, 95 %
2026/03/17 03:27:29.697, 132.47 W, 95 %
2026/03/17 03:27:29.797, 132.47 W, 95 %
2026/03/17 03:27:29.897, 132.46 W, 95 %
2026/03/17 03:27:29.997, 132.44 W, 95 %
2026/03/17 03:27:30.097, 132.43 W, 95 %
2026/03/17 03:27:30.198, 132.43 W, 95 %
2026/03/17 03:27:30.298, 132.42 W, 95 %
2026/03/17 03:27:30.398, 132.41 W, 95 %
2026/03/17 03:27:30.498, 132.41 W, 95 %
2026/03/17 03:27:30.598, 132.41 W, 95 %
2026/03/17 03:27:30.698, 132.41 W, 95 %
2026/03/17 03:27:30.799, 132.43 W, 95 %
2026/03/17 03:27:30.899, 132.46 W, 95 %
2026/03/17 03:27:30.999, 132.47 W, 95 %
2026/03/17 03:27:31.099, 132.48 W, 95 %
2026/03/17 03:27:31.199, 132.47 W, 95 %
2026/03/17 03:27:31.299, 132.46 W, 95 %
2026/03/17 03:27:31.400, 132.48 W, 95 %
2026/03/17 03:27:31.500, 132.49 W, 95 %
2026/03/17 03:27:31.600, 132.49 W, 95 %
2026/03/17 03:27:31.700, 132.49 W, 95 %
2026/03/17 03:27:31.800, 132.48 W, 95 %
2026/03/17 03:27:31.900, 132.48 W, 95 %
2026/03/17 03:27:32.000, 132.48 W, 95 %
2026/03/17 03:27:32.101, 132.50 W, 95 %
2026/03/17 03:27:32.201, 132.54 W, 95 %
2026/03/17 03:27:32.301, 132.55 W, 95 %
2026/03/17 03:27:32.401, 132.53 W, 95 %
2026/03/17 03:27:32.501, 132.53 W, 95 %
2026/03/17 03:27:32.602, 132.57 W, 95 %
2026/03/17 03:27:32.702, 132.58 W, 95 %
2026/03/17 03:27:32.802, 132.59 W, 95 %
2026/03/17 03:27:32.902, 132.59 W, 95 %
2026/03/17 03:27:33.002, 132.60 W, 95 %
2026/03/17 03:27:33.102, 132.60 W, 95 %
2026/03/17 03:27:33.202, 132.61 W, 95 %
2026/03/17 03:27:33.303, 132.63 W, 95 %
2026/03/17 03:27:33.403, 132.66 W, 95 %
2026/03/17 03:27:33.503, 132.68 W, 95 %
2026/03/17 03:27:33.603, 132.68 W, 95 %
2026/03/17 03:27:33.703, 132.67 W, 95 %
2026/03/17 03:27:33.803, 132.71 W, 95 %
2026/03/17 03:27:33.904, 132.72 W, 95 %
2026/03/17 03:27:34.004, 132.72 W, 95 %
2026/03/17 03:27:34.104, 132.73 W, 95 %
2026/03/17 03:27:34.204, 132.73 W, 95 %
2026/03/17 03:27:34.304, 132.74 W, 95 %
2026/03/17 03:27:34.404, 132.71 W, 95 %
2026/03/17 03:27:34.505, 132.73 W, 95 %
2026/03/17 03:27:34.605, 132.72 W, 95 %
2026/03/17 03:27:34.705, 132.73 W, 95 %
2026/03/17 03:27:34.805, 132.72 W, 95 %
2026/03/17 03:27:34.905, 132.72 W, 95 %
2026/03/17 03:27:35.005, 132.73 W, 95 %
2026/03/17 03:27:35.106, 132.72 W, 95 %
2026/03/17 03:27:35.206, 132.74 W, 95 %
2026/03/17 03:27:35.306, 132.72 W, 95 %
2026/03/17 03:27:35.406, 132.73 W, 95 %
2026/03/17 03:27:35.506, 132.75 W, 95 %
2026/03/17 03:27:35.606, 132.78 W, 95 %
2026/03/17 03:27:35.707, 132.78 W, 95 %
2026/03/17 03:27:35.807, 132.78 W, 95 %
2026/03/17 03:27:35.907, 132.78 W, 95 %
2026/03/17 03:27:36.007, 132.77 W, 95 %
2026/03/17 03:27:36.107, 132.76 W, 95 %
2026/03/17 03:27:36.207, 132.75 W, 95 %
2026/03/17 03:27:36.308, 132.76 W, 95 %
2026/03/17 03:27:36.408, 132.77 W, 95 %
2026/03/17 03:27:36.508, 132.76 W, 95 %
2026/03/17 03:27:36.608, 132.73 W, 95 %
2026/03/17 03:27:36.708, 132.73 W, 95 %
2026/03/17 03:27:36.808, 132.74 W, 95 %
2026/03/17 03:27:36.909, 132.74 W, 95 %
2026/03/17 03:27:37.009, 132.76 W, 95 %
2026/03/17 03:27:37.109, 132.76 W, 95 %
2026/03/17 03:27:37.209, 132.76 W, 95 %
2026/03/17 03:27:37.309, 132.77 W, 95 %
2026/03/17 03:27:37.409, 132.76 W, 95 %
2026/03/17 03:27:37.510, 132.76 W, 95 %
2026/03/17 03:27:37.610, 132.75 W, 95 %
2026/03/17 03:27:37.710, 132.73 W, 95 %
2026/03/17 03:27:37.810, 132.73 W, 95 %
2026/03/17 03:27:37.910, 132.72 W, 95 %
2026/03/17 03:27:38.010, 132.72 W, 95 %
2026/03/17 03:27:38.111, 132.70 W, 95 %
2026/03/17 03:27:38.211, 132.71 W, 95 %
2026/03/17 03:27:38.311, 132.67 W, 95 %
2026/03/17 03:27:38.411, 132.66 W, 95 %
2026/03/17 03:27:38.511, 132.64 W, 95 %
2026/03/17 03:27:38.611, 132.66 W, 95 %
2026/03/17 03:27:38.712, 132.67 W, 95 %
2026/03/17 03:27:38.812, 132.66 W, 95 %
2026/03/17 03:27:38.912, 132.66 W, 95 %
2026/03/17 03:27:39.012, 132.64 W, 95 %
2026/03/17 03:27:39.112, 132.64 W, 95 %
2026/03/17 03:27:39.212, 132.62 W, 95 %
2026/03/17 03:27:39.313, 132.63 W, 95 %
2026/03/17 03:27:39.413, 132.62 W, 95 %
2026/03/17 03:27:39.513, 132.63 W, 95 %
2026/03/17 03:27:39.613, 132.62 W, 95 %
2026/03/17 03:27:39.713, 132.60 W, 95 %
2026/03/17 03:27:39.813, 132.58 W, 95 %
2026/03/17 03:27:39.914, 132.58 W, 95 %
2026/03/17 03:27:40.014, 132.57 W, 95 %
2026/03/17 03:27:40.114, 132.55 W, 95 %
2026/03/17 03:27:40.214, 132.53 W, 95 %
2026/03/17 03:27:40.314, 132.52 W, 95 %
2026/03/17 03:27:40.414, 132.51 W, 95 %
2026/03/17 03:27:40.515, 132.50 W, 95 %
2026/03/17 03:27:40.615, 132.48 W, 95 %
2026/03/17 03:27:40.715, 132.44 W, 95 %
2026/03/17 03:27:40.815, 132.41 W, 95 %
2026/03/17 03:27:40.915, 132.38 W, 95 %
2026/03/17 03:27:41.015, 132.36 W, 95 %
2026/03/17 03:27:41.116, 132.36 W, 95 %
2026/03/17 03:27:41.216, 132.36 W, 95 %
2026/03/17 03:27:41.316, 132.35 W, 95 %
2026/03/17 03:27:41.416, 132.35 W, 95 %
2026/03/17 03:27:41.516, 132.35 W, 95 %
2026/03/17 03:27:41.616, 132.34 W, 95 %
2026/03/17 03:27:41.717, 132.35 W, 95 %
2026/03/17 03:27:41.817, 132.35 W, 95 %
2026/03/17 03:27:41.917, 132.34 W, 95 %
2026/03/17 03:27:42.017, 132.35 W, 95 %
2026/03/17 03:27:42.117, 132.34 W, 95 %
2026/03/17 03:27:42.217, 132.34 W, 95 %
2026/03/17 03:27:42.318, 132.34 W, 95 %
2026/03/17 03:27:42.418, 132.32 W, 95 %
2026/03/17 03:27:42.518, 132.30 W, 95 %
2026/03/17 03:27:42.618, 132.28 W, 95 %
2026/03/17 03:27:42.718, 132.27 W, 95 %
2026/03/17 03:27:42.818, 132.26 W, 95 %
2026/03/17 03:27:42.918, 132.25 W, 95 %
2026/03/17 03:27:43.019, 132.21 W, 95 %
2026/03/17 03:27:43.119, 132.19 W, 95 %
2026/03/17 03:27:43.219, 132.16 W, 95 %
2026/03/17 03:27:43.319, 132.13 W, 95 %
2026/03/17 03:27:43.419, 132.10 W, 95 %
2026/03/17 03:27:43.520, 132.10 W, 95 %
2026/03/17 03:27:43.620, 132.10 W, 95 %
2026/03/17 03:27:43.720, 132.07 W, 95 %
2026/03/17 03:27:43.820, 132.06 W, 95 %
2026/03/17 03:27:43.920, 132.04 W, 95 %
2026/03/17 03:27:44.020, 132.02 W, 95 %
2026/03/17 03:27:44.121, 132.00 W, 95 %
2026/03/17 03:27:44.221, 131.98 W, 95 %
2026/03/17 03:27:44.321, 131.97 W, 95 %
2026/03/17 03:27:44.421, 131.96 W, 95 %
2026/03/17 03:27:44.521, 131.96 W, 95 %
2026/03/17 03:27:44.621, 131.96 W, 95 %
2026/03/17 03:27:44.722, 131.96 W, 95 %
2026/03/17 03:27:44.822, 131.96 W, 95 %
2026/03/17 03:27:44.922, 131.96 W, 95 %
2026/03/17 03:27:45.022, 131.98 W, 95 %
2026/03/17 03:27:45.122, 131.99 W, 95 %
2026/03/17 03:27:45.222, 132.00 W, 95 %
2026/03/17 03:27:45.322, 132.01 W, 95 %
2026/03/17 03:27:45.423, 132.01 W, 95 %
2026/03/17 03:27:45.523, 132.00 W, 95 %
2026/03/17 03:27:45.623, 131.99 W, 95 %
2026/03/17 03:27:45.723, 132.00 W, 95 %
2026/03/17 03:27:45.823, 132.02 W, 95 %
2026/03/17 03:27:45.924, 132.02 W, 95 %
2026/03/17 03:27:46.024, 132.02 W, 95 %
2026/03/17 03:27:46.124, 132.02 W, 95 %
2026/03/17 03:27:46.224, 132.02 W, 95 %
2026/03/17 03:27:46.324, 132.05 W, 95 %
2026/03/17 03:27:46.424, 132.05 W, 95 %
2026/03/17 03:27:46.525, 132.05 W, 95 %
2026/03/17 03:27:46.625, 132.05 W, 95 %
2026/03/17 03:27:46.725, 132.05 W, 95 %
2026/03/17 03:27:46.825, 132.04 W, 95 %
2026/03/17 03:27:46.925, 132.02 W, 95 %
2026/03/17 03:27:47.025, 132.02 W, 95 %
2026/03/17 03:27:47.126, 132.03 W, 95 %
2026/03/17 03:27:47.226, 132.01 W, 95 %
2026/03/17 03:27:47.326, 131.99 W, 95 %
2026/03/17 03:27:47.426, 131.99 W, 95 %
2026/03/17 03:27:47.526, 131.99 W, 95 %
2026/03/17 03:27:47.626, 131.99 W, 95 %
2026/03/17 03:27:47.727, 131.97 W, 95 %
2026/03/17 03:27:47.827, 131.96 W, 95 %
2026/03/17 03:27:47.927, 131.98 W, 95 %
2026/03/17 03:27:48.027, 131.97 W, 95 %
2026/03/17 03:27:48.127, 131.96 W, 95 %
2026/03/17 03:27:48.227, 131.96 W, 95 %
2026/03/17 03:27:48.327, 131.98 W, 95 %
2026/03/17 03:27:48.428, 131.98 W, 95 %
2026/03/17 03:27:48.528, 132.00 W, 95 %
2026/03/17 03:27:48.628, 132.00 W, 95 %
2026/03/17 03:27:48.728, 132.03 W, 95 %
2026/03/17 03:27:48.828, 132.08 W, 95 %
2026/03/17 03:27:48.929, 132.10 W, 95 %
2026/03/17 03:27:49.029, 132.13 W, 95 %
2026/03/17 03:27:49.129, 132.14 W, 95 %
2026/03/17 03:27:49.229, 132.18 W, 95 %
2026/03/17 03:27:49.329, 132.21 W, 95 %
2026/03/17 03:27:49.429, 132.24 W, 95 %
2026/03/17 03:27:49.530, 132.26 W, 95 %
2026/03/17 03:27:49.630, 132.30 W, 95 %
2026/03/17 03:27:49.730, 132.32 W, 95 %
2026/03/17 03:27:49.830, 132.33 W, 95 %
2026/03/17 03:27:49.930, 132.34 W, 95 %
2026/03/17 03:27:50.030, 132.36 W, 95 %
2026/03/17 03:27:50.131, 132.39 W, 95 %
2026/03/17 03:27:50.231, 132.40 W, 95 %
2026/03/17 03:27:50.331, 132.42 W, 95 %
2026/03/17 03:27:50.431, 132.45 W, 95 %
2026/03/17 03:27:50.531, 132.47 W, 95 %
2026/03/17 03:27:50.631, 132.51 W, 95 %
2026/03/17 03:27:50.732, 132.52 W, 95 %
2026/03/17 03:27:50.832, 132.55 W, 95 %
2026/03/17 03:27:50.932, 132.57 W, 95 %
2026/03/17 03:27:51.032, 132.61 W, 95 %
2026/03/17 03:27:51.132, 132.64 W, 95 %
2026/03/17 03:27:51.232, 132.67 W, 95 %
2026/03/17 03:27:51.332, 132.68 W, 95 %
2026/03/17 03:27:51.433, 132.70 W, 95 %
2026/03/17 03:27:51.533, 132.72 W, 95 %
2026/03/17 03:27:51.633, 132.72 W, 95 %
2026/03/17 03:27:51.733, 132.74 W, 95 %
2026/03/17 03:27:51.833, 132.77 W, 95 %
2026/03/17 03:27:51.934, 132.80 W, 95 %
2026/03/17 03:27:52.034, 132.82 W, 95 %
2026/03/17 03:27:52.134, 132.83 W, 95 %
2026/03/17 03:27:52.234, 132.86 W, 95 %
2026/03/17 03:27:52.334, 132.91 W, 95 %
2026/03/17 03:27:52.434, 132.91 W, 95 %
2026/03/17 03:27:52.534, 132.93 W, 95 %
2026/03/17 03:27:52.635, 132.94 W, 95 %
2026/03/17 03:27:52.735, 132.96 W, 95 %
2026/03/17 03:27:52.835, 132.97 W, 95 %
2026/03/17 03:27:52.935, 132.99 W, 95 %
2026/03/17 03:27:53.035, 133.00 W, 95 %
2026/03/17 03:27:53.135, 133.00 W, 95 %
2026/03/17 03:27:53.236, 133.01 W, 95 %
2026/03/17 03:27:53.336, 133.00 W, 95 %
2026/03/17 03:27:53.436, 133.03 W, 95 %
2026/03/17 03:27:53.536, 133.05 W, 95 %
2026/03/17 03:27:53.636, 133.08 W, 95 %
2026/03/17 03:27:53.736, 133.10 W, 95 %
2026/03/17 03:27:53.836, 133.10 W, 95 %
2026/03/17 03:27:53.937, 133.12 W, 95 %
2026/03/17 03:27:54.037, 133.13 W, 95 %
2026/03/17 03:27:54.137, 133.15 W, 95 %
2026/03/17 03:27:54.237, 133.15 W, 95 %
2026/03/17 03:27:54.337, 133.14 W, 95 %
2026/03/17 03:27:54.438, 133.14 W, 95 %
2026/03/17 03:27:54.538, 133.14 W, 95 %
2026/03/17 03:27:54.638, 133.13 W, 95 %
2026/03/17 03:27:54.738, 133.11 W, 95 %
2026/03/17 03:27:54.838, 133.12 W, 95 %
2026/03/17 03:27:54.938, 133.13 W, 95 %
2026/03/17 03:27:55.039, 133.13 W, 95 %
2026/03/17 03:27:55.139, 133.11 W, 95 %
2026/03/17 03:27:55.239, 133.14 W, 95 %
2026/03/17 03:27:55.339, 133.18 W, 95 %
2026/03/17 03:27:55.439, 133.18 W, 95 %
2026/03/17 03:27:55.539, 133.17 W, 95 %
2026/03/17 03:27:55.640, 133.16 W, 95 %
2026/03/17 03:27:55.740, 133.16 W, 95 %
2026/03/17 03:27:55.840, 133.14 W, 95 %
2026/03/17 03:27:55.940, 133.11 W, 95 %
2026/03/17 03:27:56.040, 133.09 W, 95 %
2026/03/17 03:27:56.140, 133.07 W, 95 %
2026/03/17 03:27:56.241, 133.06 W, 95 %
2026/03/17 03:27:56.341, 133.04 W, 95 %
2026/03/17 03:27:56.441, 133.03 W, 95 %
2026/03/17 03:27:56.541, 133.04 W, 95 %
2026/03/17 03:27:56.641, 133.05 W, 95 %
2026/03/17 03:27:56.741, 133.03 W, 95 %
2026/03/17 03:27:56.842, 133.02 W, 95 %
2026/03/17 03:27:56.942, 133.04 W, 95 %
2026/03/17 03:27:57.042, 133.05 W, 95 %
2026/03/17 03:27:57.142, 133.04 W, 95 %
2026/03/17 03:27:57.242, 133.03 W, 95 %
2026/03/17 03:27:57.342, 133.01 W, 95 %
2026/03/17 03:27:57.443, 132.99 W, 95 %
2026/03/17 03:27:57.543, 132.96 W, 95 %
2026/03/17 03:27:57.643, 132.95 W, 95 %
2026/03/17 03:27:57.743, 132.96 W, 95 %
2026/03/17 03:27:57.843, 132.94 W, 95 %
2026/03/17 03:27:57.943, 132.93 W, 95 %
2026/03/17 03:27:58.044, 132.91 W, 95 %
2026/03/17 03:27:58.144, 132.89 W, 95 %
2026/03/17 03:27:58.244, 132.88 W, 95 %
2026/03/17 03:27:58.344, 132.86 W, 95 %
2026/03/17 03:27:58.444, 132.85 W, 95 %
2026/03/17 03:27:58.544, 132.83 W, 95 %
2026/03/17 03:27:58.645, 132.81 W, 95 %
2026/03/17 03:27:58.745, 132.77 W, 95 %
2026/03/17 03:27:58.845, 132.75 W, 95 %
2026/03/17 03:27:58.945, 132.72 W, 95 %
2026/03/17 03:27:59.045, 132.68 W, 95 %
2026/03/17 03:27:59.145, 132.65 W, 95 %
2026/03/17 03:27:59.246, 132.64 W, 95 %
2026/03/17 03:27:59.346, 132.62 W, 95 %
2026/03/17 03:27:59.446, 132.61 W, 95 %
2026/03/17 03:27:59.546, 132.60 W, 95 %
2026/03/17 03:27:59.646, 132.58 W, 95 %
2026/03/17 03:27:59.746, 132.58 W, 95 %
2026/03/17 03:27:59.847, 132.57 W, 95 %
2026/03/17 03:27:59.947, 132.55 W, 95 %
2026/03/17 03:28:00.047, 132.55 W, 95 %
2026/03/17 03:28:00.147, 132.54 W, 95 %
2026/03/17 03:28:00.247, 132.53 W, 95 %
2026/03/17 03:28:00.347, 132.51 W, 95 %
2026/03/17 03:28:00.448, 132.48 W, 95 %
2026/03/17 03:28:00.548, 132.48 W, 95 %
2026/03/17 03:28:00.648, 132.48 W, 95 %
2026/03/17 03:28:00.748, 132.48 W, 95 %
2026/03/17 03:28:00.848, 132.48 W, 95 %
2026/03/17 03:28:00.948, 132.44 W, 95 %
2026/03/17 03:28:01.049, 132.43 W, 95 %
2026/03/17 03:28:01.149, 132.43 W, 95 %
2026/03/17 03:28:01.249, 132.44 W, 95 %
2026/03/17 03:28:01.349, 132.44 W, 95 %
2026/03/17 03:28:01.449, 132.42 W, 95 %
2026/03/17 03:28:01.549, 132.43 W, 95 %
2026/03/17 03:28:01.650, 132.41 W, 95 %
2026/03/17 03:28:01.750, 132.39 W, 95 %
2026/03/17 03:28:01.850, 132.40 W, 95 %
2026/03/17 03:28:01.950, 132.41 W, 95 %
2026/03/17 03:28:02.050, 132.43 W, 95 %
2026/03/17 03:28:02.150, 132.42 W, 95 %
2026/03/17 03:28:02.251, 132.41 W, 95 %
2026/03/17 03:28:02.351, 132.42 W, 95 %
2026/03/17 03:28:02.451, 132.45 W, 95 %
2026/03/17 03:28:02.551, 132.47 W, 95 %
2026/03/17 03:28:02.651, 132.46 W, 95 %
2026/03/17 03:28:02.751, 132.46 W, 95 %
2026/03/17 03:28:02.851, 132.46 W, 95 %
2026/03/17 03:28:02.952, 132.46 W, 95 %
2026/03/17 03:28:03.052, 132.47 W, 95 %
2026/03/17 03:28:03.152, 132.50 W, 95 %
2026/03/17 03:28:03.252, 132.49 W, 95 %
2026/03/17 03:28:03.352, 132.51 W, 95 %
2026/03/17 03:28:03.452, 132.51 W, 95 %
2026/03/17 03:28:03.553, 132.52 W, 95 %
2026/03/17 03:28:03.653, 132.55 W, 95 %
2026/03/17 03:28:03.753, 132.56 W, 95 %
2026/03/17 03:28:03.853, 132.57 W, 95 %
2026/03/17 03:28:03.953, 132.58 W, 95 %
2026/03/17 03:28:04.053, 132.59 W, 95 %
2026/03/17 03:28:04.154, 132.59 W, 95 %
2026/03/17 03:28:04.254, 132.61 W, 95 %
2026/03/17 03:28:04.354, 132.62 W, 95 %
2026/03/17 03:28:04.454, 132.62 W, 95 %
2026/03/17 03:28:04.554, 132.60 W, 95 %
2026/03/17 03:28:04.654, 132.61 W, 95 %
2026/03/17 03:28:04.755, 132.62 W, 95 %
2026/03/17 03:28:04.855, 132.63 W, 95 %
2026/03/17 03:28:04.955, 132.63 W, 95 %
2026/03/17 03:28:05.055, 132.64 W, 95 %
2026/03/17 03:28:05.155, 132.65 W, 95 %
2026/03/17 03:28:05.255, 132.65 W, 95 %
2026/03/17 03:28:05.356, 132.67 W, 95 %
2026/03/17 03:28:05.456, 132.67 W, 95 %
2026/03/17 03:28:05.556, 132.68 W, 95 %
2026/03/17 03:28:05.656, 132.67 W, 95 %
2026/03/17 03:28:05.756, 132.66 W, 95 %
2026/03/17 03:28:05.856, 132.66 W, 95 %
2026/03/17 03:28:05.957, 132.69 W, 95 %
2026/03/17 03:28:06.057, 132.69 W, 95 %
2026/03/17 03:28:06.157, 132.69 W, 95 %
2026/03/17 03:28:06.257, 132.70 W, 95 %
2026/03/17 03:28:06.357, 132.70 W, 95 %
2026/03/17 03:28:06.457, 132.68 W, 95 %
2026/03/17 03:28:06.558, 132.69 W, 95 %
2026/03/17 03:28:06.658, 132.70 W, 95 %
2026/03/17 03:28:06.758, 132.71 W, 95 %
2026/03/17 03:28:06.858, 132.72 W, 95 %
2026/03/17 03:28:06.958, 132.69 W, 95 %
2026/03/17 03:28:07.058, 132.70 W, 95 %
2026/03/17 03:28:07.158, 132.72 W, 95 %
2026/03/17 03:28:07.259, 132.73 W, 95 %
2026/03/17 03:28:07.359, 132.71 W, 95 %
2026/03/17 03:28:07.459, 132.72 W, 95 %
2026/03/17 03:28:07.559, 132.73 W, 95 %
2026/03/17 03:28:07.659, 132.74 W, 95 %
2026/03/17 03:28:07.760, 132.74 W, 95 %
2026/03/17 03:28:07.860, 132.74 W, 95 %
2026/03/17 03:28:07.960, 132.75 W, 95 %
2026/03/17 03:28:08.060, 132.75 W, 95 %
2026/03/17 03:28:08.160, 132.73 W, 95 %
2026/03/17 03:28:08.260, 132.71 W, 95 %
2026/03/17 03:28:08.361, 132.70 W, 95 %
2026/03/17 03:28:08.461, 132.70 W, 95 %
2026/03/17 03:28:08.561, 132.69 W, 95 %
2026/03/17 03:28:08.661, 132.65 W, 95 %
2026/03/17 03:28:08.761, 132.66 W, 95 %
2026/03/17 03:28:08.861, 132.66 W, 95 %
2026/03/17 03:28:08.962, 132.66 W, 95 %
2026/03/17 03:28:09.062, 132.66 W, 95 %
2026/03/17 03:28:09.162, 132.67 W, 95 %
2026/03/17 03:28:09.262, 132.67 W, 95 %
2026/03/17 03:28:09.362, 132.69 W, 95 %
2026/03/17 03:28:09.462, 132.69 W, 95 %
2026/03/17 03:28:09.562, 132.70 W, 95 %
2026/03/17 03:28:09.663, 132.71 W, 95 %
2026/03/17 03:28:09.763, 132.71 W, 95 %
2026/03/17 03:28:09.863, 132.69 W, 95 %
2026/03/17 03:28:09.963, 132.68 W, 95 %
2026/03/17 03:28:10.063, 132.67 W, 95 %
2026/03/17 03:28:10.163, 132.66 W, 95 %
2026/03/17 03:28:10.264, 132.65 W, 95 %
2026/03/17 03:28:10.364, 132.64 W, 95 %
2026/03/17 03:28:10.464, 132.63 W, 95 %
2026/03/17 03:28:10.564, 132.62 W, 95 %
2026/03/17 03:28:10.664, 132.62 W, 95 %
2026/03/17 03:28:10.765, 132.62 W, 95 %
2026/03/17 03:28:10.865, 132.61 W, 95 %
2026/03/17 03:28:10.965, 132.59 W, 95 %
2026/03/17 03:28:11.065, 132.58 W, 95 %
2026/03/17 03:28:11.165, 132.56 W, 95 %
2026/03/17 03:28:11.265, 132.55 W, 95 %
2026/03/17 03:28:11.366, 132.53 W, 95 %
2026/03/17 03:28:11.466, 132.51 W, 95 %
2026/03/17 03:28:11.566, 132.48 W, 95 %
2026/03/17 03:28:11.666, 132.45 W, 95 %
2026/03/17 03:28:11.766, 132.43 W, 95 %
2026/03/17 03:28:11.866, 132.45 W, 95 %
2026/03/17 03:28:11.967, 132.44 W, 95 %
2026/03/17 03:28:12.067, 132.43 W, 95 %
2026/03/17 03:28:12.167, 132.43 W, 95 %
2026/03/17 03:28:12.267, 132.41 W, 95 %
2026/03/17 03:28:12.367, 132.41 W, 95 %
2026/03/17 03:28:12.467, 132.41 W, 95 %
2026/03/17 03:28:12.568, 132.42 W, 95 %
2026/03/17 03:28:12.668, 132.43 W, 95 %
2026/03/17 03:28:12.768, 132.41 W, 95 %
2026/03/17 03:28:12.868, 132.37 W, 95 %
2026/03/17 03:28:12.968, 132.38 W, 95 %
2026/03/17 03:28:13.068, 132.36 W, 95 %
2026/03/17 03:28:13.169, 132.35 W, 95 %
2026/03/17 03:28:13.269, 132.34 W, 95 %
2026/03/17 03:28:13.369, 132.34 W, 95 %
2026/03/17 03:28:13.469, 132.32 W, 95 %
2026/03/17 03:28:13.569, 132.29 W, 95 %
2026/03/17 03:28:13.669, 132.27 W, 95 %
2026/03/17 03:28:13.770, 132.28 W, 95 %
2026/03/17 03:28:13.870, 132.27 W, 95 %
2026/03/17 03:28:13.970, 132.24 W, 95 %
2026/03/17 03:28:14.070, 132.25 W, 95 %
2026/03/17 03:28:14.170, 132.22 W, 95 %
2026/03/17 03:28:14.270, 132.22 W, 95 %
2026/03/17 03:28:14.371, 132.19 W, 95 %
2026/03/17 03:28:14.471, 132.17 W, 95 %
2026/03/17 03:28:14.571, 132.17 W, 95 %
2026/03/17 03:28:14.671, 132.16 W, 95 %
2026/03/17 03:28:14.771, 132.17 W, 95 %
2026/03/17 03:28:14.871, 132.16 W, 95 %
2026/03/17 03:28:14.972, 132.19 W, 95 %
2026/03/17 03:28:15.072, 132.14 W, 95 %
2026/03/17 03:28:15.172, 132.13 W, 92 %
2026/03/17 03:28:15.272, 132.15 W, 92 %
2026/03/17 03:28:15.372, 132.16 W, 95 %
2026/03/17 03:28:15.472, 132.15 W, 95 %
2026/03/17 03:28:15.572, 132.14 W, 95 %
2026/03/17 03:28:15.673, 132.13 W, 95 %
2026/03/17 03:28:15.773, 132.11 W, 95 %
2026/03/17 03:28:15.873, 132.08 W, 95 %
2026/03/17 03:28:15.973, 132.06 W, 95 %
2026/03/17 03:28:16.073, 132.09 W, 95 %
2026/03/17 03:28:16.174, 132.11 W, 95 %
2026/03/17 03:28:16.274, 132.07 W, 95 %
2026/03/17 03:28:16.374, 132.07 W, 95 %
2026/03/17 03:28:16.474, 132.06 W, 95 %
2026/03/17 03:28:16.574, 132.05 W, 95 %
2026/03/17 03:28:16.674, 132.05 W, 95 %
2026/03/17 03:28:16.775, 132.05 W, 95 %
2026/03/17 03:28:16.875, 132.07 W, 95 %
2026/03/17 03:28:16.975, 132.07 W, 95 %
2026/03/17 03:28:17.075, 132.06 W, 95 %
2026/03/17 03:28:17.175, 132.04 W, 95 %
2026/03/17 03:28:17.275, 132.04 W, 95 %
2026/03/17 03:28:17.376, 132.04 W, 95 %
2026/03/17 03:28:17.476, 132.05 W, 95 %
2026/03/17 03:28:17.576, 132.04 W, 95 %
2026/03/17 03:28:17.676, 132.04 W, 95 %
2026/03/17 03:28:17.776, 132.02 W, 95 %
2026/03/17 03:28:17.876, 132.02 W, 95 %
2026/03/17 03:28:17.977, 132.02 W, 95 %
2026/03/17 03:28:18.077, 132.00 W, 95 %
2026/03/17 03:28:18.177, 131.99 W, 95 %
2026/03/17 03:28:18.277, 131.96 W, 95 %
2026/03/17 03:28:18.377, 131.97 W, 95 %
2026/03/17 03:28:18.477, 131.97 W, 95 %
2026/03/17 03:28:18.578, 131.99 W, 95 %
2026/03/17 03:28:18.678, 131.99 W, 95 %
2026/03/17 03:28:18.778, 131.97 W, 95 %
2026/03/17 03:28:18.878, 131.96 W, 95 %
2026/03/17 03:28:18.978, 131.97 W, 95 %
2026/03/17 03:28:19.078, 131.96 W, 95 %
2026/03/17 03:28:19.179, 131.96 W, 95 %
2026/03/17 03:28:19.279, 131.95 W, 95 %
2026/03/17 03:28:19.379, 131.94 W, 95 %
2026/03/17 03:28:19.479, 131.93 W, 95 %
2026/03/17 03:28:19.579, 131.93 W, 95 %
2026/03/17 03:28:19.679, 131.93 W, 95 %
2026/03/17 03:28:19.780, 131.96 W, 95 %
2026/03/17 03:28:19.880, 131.96 W, 95 %
2026/03/17 03:28:19.980, 131.95 W, 95 %
2026/03/17 03:28:20.080, 131.96 W, 95 %
2026/03/17 03:28:20.180, 131.98 W, 95 %
2026/03/17 03:28:20.280, 131.99 W, 95 %
2026/03/17 03:28:20.381, 131.99 W, 95 %
2026/03/17 03:28:20.481, 131.98 W, 95 %
2026/03/17 03:28:20.581, 131.96 W, 95 %
2026/03/17 03:28:20.681, 131.97 W, 95 %
2026/03/17 03:28:20.781, 131.98 W, 95 %
2026/03/17 03:28:20.881, 132.01 W, 95 %
2026/03/17 03:28:20.981, 132.06 W, 95 %
2026/03/17 03:28:21.082, 132.08 W, 95 %
2026/03/17 03:28:21.182, 132.11 W, 95 %
2026/03/17 03:28:21.282, 132.13 W, 95 %
2026/03/17 03:28:21.382, 132.17 W, 95 %
2026/03/17 03:28:21.482, 132.21 W, 95 %
2026/03/17 03:28:21.583, 132.23 W, 95 %
2026/03/17 03:28:21.683, 132.26 W, 95 %
2026/03/17 03:28:21.783, 132.28 W, 95 %
2026/03/17 03:28:21.883, 132.28 W, 95 %
2026/03/17 03:28:21.983, 132.30 W, 95 %
2026/03/17 03:28:22.083, 132.31 W, 95 %
2026/03/17 03:28:22.184, 132.34 W, 95 %
2026/03/17 03:28:22.284, 132.35 W, 95 %
2026/03/17 03:28:22.384, 132.36 W, 95 %
2026/03/17 03:28:22.484, 132.36 W, 95 %
2026/03/17 03:28:22.584, 132.40 W, 95 %
2026/03/17 03:28:22.684, 132.43 W, 95 %
2026/03/17 03:28:22.784, 132.46 W, 95 %
2026/03/17 03:28:22.885, 132.49 W, 95 %
2026/03/17 03:28:22.985, 132.50 W, 95 %
2026/03/17 03:28:23.085, 132.53 W, 95 %
2026/03/17 03:28:23.185, 132.54 W, 95 %
2026/03/17 03:28:23.285, 132.57 W, 95 %
2026/03/17 03:28:23.385, 132.60 W, 95 %
2026/03/17 03:28:23.486, 132.61 W, 95 %
2026/03/17 03:28:23.586, 132.61 W, 95 %
2026/03/17 03:28:23.686, 132.63 W, 95 %
2026/03/17 03:28:23.786, 132.66 W, 95 %
2026/03/17 03:28:23.886, 132.69 W, 95 %
2026/03/17 03:28:23.986, 132.71 W, 95 %
2026/03/17 03:28:24.086, 132.73 W, 95 %
2026/03/17 03:28:24.187, 132.76 W, 95 %
2026/03/17 03:28:24.287, 132.78 W, 95 %
2026/03/17 03:28:24.387, 132.78 W, 95 %
2026/03/17 03:28:24.487, 132.80 W, 95 %
2026/03/17 03:28:24.587, 132.84 W, 95 %
2026/03/17 03:28:24.687, 132.84 W, 95 %
2026/03/17 03:28:24.788, 132.85 W, 95 %
2026/03/17 03:28:24.888, 132.86 W, 95 %
2026/03/17 03:28:24.988, 132.87 W, 95 %
2026/03/17 03:28:25.088, 132.88 W, 95 %
2026/03/17 03:28:25.188, 132.90 W, 95 %
2026/03/17 03:28:25.288, 132.93 W, 95 %
2026/03/17 03:28:25.389, 132.96 W, 95 %
2026/03/17 03:28:25.489, 132.98 W, 95 %
2026/03/17 03:28:25.589, 133.02 W, 95 %
2026/03/17 03:28:25.689, 133.02 W, 95 %
2026/03/17 03:28:25.789, 133.01 W, 95 %
2026/03/17 03:28:25.889, 133.01 W, 95 %
2026/03/17 03:28:25.990, 133.02 W, 95 %
2026/03/17 03:28:26.090, 133.04 W, 95 %
2026/03/17 03:28:26.190, 133.04 W, 95 %
2026/03/17 03:28:26.290, 133.03 W, 95 %
2026/03/17 03:28:26.390, 133.04 W, 95 %
2026/03/17 03:28:26.490, 133.02 W, 95 %
2026/03/17 03:28:26.591, 133.02 W, 95 %
2026/03/17 03:28:26.691, 133.04 W, 95 %
2026/03/17 03:28:26.791, 133.07 W, 95 %
2026/03/17 03:28:26.891, 133.12 W, 95 %
2026/03/17 03:28:26.991, 133.13 W, 95 %
2026/03/17 03:28:27.091, 133.15 W, 95 %
2026/03/17 03:28:27.192, 133.16 W, 95 %
2026/03/17 03:28:27.292, 133.16 W, 95 %
2026/03/17 03:28:27.392, 133.16 W, 95 %
2026/03/17 03:28:27.492, 133.15 W, 95 %
2026/03/17 03:28:27.592, 133.17 W, 95 %
2026/03/17 03:28:27.692, 133.17 W, 95 %
2026/03/17 03:28:27.793, 133.15 W, 95 %
2026/03/17 03:28:27.893, 133.13 W, 95 %
2026/03/17 03:28:27.993, 133.10 W, 95 %
2026/03/17 03:28:28.093, 133.08 W, 95 %
2026/03/17 03:28:28.193, 133.08 W, 95 %
2026/03/17 03:28:28.294, 133.08 W, 95 %
2026/03/17 03:28:28.394, 133.07 W, 95 %
2026/03/17 03:28:28.494, 133.10 W, 95 %
2026/03/17 03:28:28.594, 133.09 W, 95 %
2026/03/17 03:28:28.694, 133.09 W, 95 %
2026/03/17 03:28:28.794, 133.08 W, 95 %
2026/03/17 03:28:28.894, 133.07 W, 95 %
2026/03/17 03:28:28.995, 133.08 W, 95 %
2026/03/17 03:28:29.095, 133.09 W, 95 %
2026/03/17 03:28:29.195, 133.07 W, 95 %
2026/03/17 03:28:29.295, 133.05 W, 95 %
2026/03/17 03:28:29.395, 133.02 W, 95 %
2026/03/17 03:28:29.495, 132.98 W, 95 %
2026/03/17 03:28:29.596, 132.95 W, 95 %
2026/03/17 03:28:29.696, 132.96 W, 95 %
2026/03/17 03:28:29.796, 132.96 W, 95 %
2026/03/17 03:28:29.896, 132.97 W, 95 %
2026/03/17 03:28:29.996, 132.97 W, 95 %
2026/03/17 03:28:30.097, 132.94 W, 95 %
2026/03/17 03:28:30.197, 132.93 W, 95 %
2026/03/17 03:28:30.297, 132.94 W, 95 %
2026/03/17 03:28:30.397, 132.94 W, 95 %
2026/03/17 03:28:30.497, 132.95 W, 95 %
2026/03/17 03:28:30.597, 132.95 W, 95 %
2026/03/17 03:28:30.698, 132.91 W, 95 %
2026/03/17 03:28:30.798, 132.90 W, 95 %
2026/03/17 03:28:30.898, 132.89 W, 95 %
2026/03/17 03:28:30.998, 132.87 W, 95 %
2026/03/17 03:28:31.098, 132.87 W, 95 %
2026/03/17 03:28:31.198, 132.86 W, 95 %
2026/03/17 03:28:31.299, 132.82 W, 95 %
2026/03/17 03:28:31.399, 132.80 W, 95 %
2026/03/17 03:28:31.499, 132.77 W, 95 %
2026/03/17 03:28:31.599, 132.75 W, 95 %
2026/03/17 03:28:31.699, 132.71 W, 95 %
2026/03/17 03:28:31.799, 132.66 W, 95 %
2026/03/17 03:28:31.899, 132.63 W, 95 %
2026/03/17 03:28:32.000, 132.61 W, 95 %
2026/03/17 03:28:32.100, 132.59 W, 95 %
2026/03/17 03:28:32.200, 132.56 W, 95 %
2026/03/17 03:28:32.300, 132.55 W, 95 %
2026/03/17 03:28:32.400, 132.55 W, 95 %
2026/03/17 03:28:32.501, 132.54 W, 95 %
2026/03/17 03:28:32.601, 132.54 W, 95 %
2026/03/17 03:28:32.701, 132.56 W, 95 %
2026/03/17 03:28:32.801, 132.57 W, 95 %
2026/03/17 03:28:32.901, 132.58 W, 95 %
2026/03/17 03:28:33.001, 132.57 W, 95 %
2026/03/17 03:28:33.102, 132.58 W, 95 %
2026/03/17 03:28:33.202, 132.58 W, 95 %
2026/03/17 03:28:33.302, 132.58 W, 95 %
2026/03/17 03:28:33.402, 132.57 W, 95 %
2026/03/17 03:28:33.502, 132.56 W, 95 %
2026/03/17 03:28:33.602, 132.55 W, 95 %
2026/03/17 03:28:33.703, 132.54 W, 95 %
2026/03/17 03:28:33.803, 132.54 W, 95 %
2026/03/17 03:28:33.903, 132.51 W, 95 %
2026/03/17 03:28:34.003, 132.50 W, 95 %
2026/03/17 03:28:34.103, 132.50 W, 95 %
2026/03/17 03:28:34.203, 132.47 W, 95 %
2026/03/17 03:28:34.303, 132.47 W, 95 %
2026/03/17 03:28:34.404, 132.46 W, 95 %
2026/03/17 03:28:34.504, 132.47 W, 95 %
2026/03/17 03:28:34.604, 132.47 W, 95 %
2026/03/17 03:28:34.704, 132.46 W, 95 %
2026/03/17 03:28:34.804, 132.45 W, 95 %
2026/03/17 03:28:34.904, 132.45 W, 95 %
2026/03/17 03:28:35.005, 132.44 W, 95 %
2026/03/17 03:28:35.105, 132.44 W, 95 %
2026/03/17 03:28:35.205, 132.44 W, 95 %
2026/03/17 03:28:35.305, 132.44 W, 95 %
2026/03/17 03:28:35.405, 132.44 W, 95 %
2026/03/17 03:28:35.505, 132.42 W, 95 %
2026/03/17 03:28:35.606, 132.43 W, 95 %
2026/03/17 03:28:35.706, 132.43 W, 95 %
2026/03/17 03:28:35.806, 132.43 W, 95 %
2026/03/17 03:28:35.906, 132.42 W, 95 %
2026/03/17 03:28:36.006, 132.40 W, 95 %
2026/03/17 03:28:36.107, 132.39 W, 95 %
2026/03/17 03:28:36.207, 132.41 W, 95 %
2026/03/17 03:28:36.307, 132.42 W, 95 %
2026/03/17 03:28:36.407, 132.46 W, 95 %
2026/03/17 03:28:36.507, 132.48 W, 95 %
2026/03/17 03:28:36.607, 132.48 W, 95 %
2026/03/17 03:28:36.708, 132.48 W, 95 %
2026/03/17 03:28:36.808, 132.49 W, 95 %
2026/03/17 03:28:36.908, 132.51 W, 95 %
2026/03/17 03:28:37.008, 132.55 W, 95 %
2026/03/17 03:28:37.108, 132.57 W, 95 %
2026/03/17 03:28:37.208, 132.59 W, 95 %
2026/03/17 03:28:37.308, 132.59 W, 95 %
2026/03/17 03:28:37.409, 132.57 W, 95 %
2026/03/17 03:28:37.509, 132.57 W, 95 %
2026/03/17 03:28:37.609, 132.57 W, 95 %
2026/03/17 03:28:37.709, 132.59 W, 95 %
2026/03/17 03:28:37.809, 132.61 W, 95 %
2026/03/17 03:28:37.909, 132.62 W, 95 %
2026/03/17 03:28:38.010, 132.64 W, 95 %
2026/03/17 03:28:38.110, 132.65 W, 95 %
2026/03/17 03:28:38.210, 132.64 W, 95 %
2026/03/17 03:28:38.310, 132.63 W, 95 %
2026/03/17 03:28:38.410, 132.64 W, 95 %
2026/03/17 03:28:38.510, 132.66 W, 95 %
2026/03/17 03:28:38.611, 132.67 W, 95 %
2026/03/17 03:28:38.711, 132.67 W, 95 %
2026/03/17 03:28:38.811, 132.68 W, 95 %
2026/03/17 03:28:38.911, 132.68 W, 95 %
2026/03/17 03:28:39.011, 132.66 W, 95 %
2026/03/17 03:28:39.111, 132.64 W, 95 %
2026/03/17 03:28:39.212, 132.67 W, 95 %
2026/03/17 03:28:39.312, 132.69 W, 95 %
2026/03/17 03:28:39.412, 132.69 W, 95 %
2026/03/17 03:28:39.512, 132.68 W, 95 %
2026/03/17 03:28:39.612, 132.68 W, 95 %
2026/03/17 03:28:39.712, 132.69 W, 95 %
2026/03/17 03:28:39.813, 132.68 W, 95 %
2026/03/17 03:28:39.913, 132.71 W, 95 %
2026/03/17 03:28:40.013, 132.73 W, 95 %
2026/03/17 03:28:40.113, 132.73 W, 95 %
2026/03/17 03:28:40.213, 132.73 W, 95 %
2026/03/17 03:28:40.313, 132.72 W, 95 %
2026/03/17 03:28:40.414, 132.71 W, 95 %
2026/03/17 03:28:40.514, 132.72 W, 95 %
2026/03/17 03:28:40.614, 132.73 W, 95 %
2026/03/17 03:28:40.714, 132.72 W, 95 %
2026/03/17 03:28:40.814, 132.71 W, 95 %
2026/03/17 03:28:40.914, 132.69 W, 95 %
2026/03/17 03:28:41.015, 132.69 W, 95 %
2026/03/17 03:28:41.115, 132.71 W, 95 %
2026/03/17 03:28:41.215, 132.72 W, 95 %
2026/03/17 03:28:41.315, 132.75 W, 95 %
2026/03/17 03:28:41.415, 132.76 W, 95 %
2026/03/17 03:28:41.515, 132.75 W, 95 %
2026/03/17 03:28:41.616, 132.77 W, 95 %
2026/03/17 03:28:41.716, 132.77 W, 95 %
2026/03/17 03:28:41.816, 132.77 W, 95 %
2026/03/17 03:28:41.916, 132.77 W, 95 %
2026/03/17 03:28:42.016, 132.76 W, 95 %
2026/03/17 03:28:42.116, 132.76 W, 95 %
2026/03/17 03:28:42.217, 132.75 W, 95 %
2026/03/17 03:28:42.317, 132.74 W, 95 %
2026/03/17 03:28:42.417, 132.75 W, 95 %
2026/03/17 03:28:42.517, 132.74 W, 95 %
2026/03/17 03:28:42.617, 132.74 W, 95 %
2026/03/17 03:28:42.717, 132.74 W, 95 %
2026/03/17 03:28:42.818, 132.74 W, 95 %
2026/03/17 03:28:42.918, 132.74 W, 95 %
2026/03/17 03:28:43.018, 132.74 W, 95 %
2026/03/17 03:28:43.118, 132.71 W, 95 %
2026/03/17 03:28:43.218, 132.68 W, 95 %
2026/03/17 03:28:43.318, 132.65 W, 95 %
2026/03/17 03:28:43.419, 132.65 W, 95 %
2026/03/17 03:28:43.519, 132.63 W, 95 %
2026/03/17 03:28:43.619, 132.62 W, 95 %
2026/03/17 03:28:43.719, 132.62 W, 95 %
2026/03/17 03:28:43.819, 132.60 W, 95 %
2026/03/17 03:28:43.919, 132.57 W, 95 %
2026/03/17 03:28:44.020, 132.57 W, 95 %
2026/03/17 03:28:44.120, 132.57 W, 95 %
2026/03/17 03:28:44.220, 132.57 W, 95 %
2026/03/17 03:28:44.320, 132.55 W, 95 %
2026/03/17 03:28:44.420, 132.51 W, 95 %
2026/03/17 03:28:44.520, 132.52 W, 95 %
2026/03/17 03:28:44.621, 132.50 W, 95 %
2026/03/17 03:28:44.721, 132.47 W, 95 %
2026/03/17 03:28:44.821, 132.45 W, 95 %
2026/03/17 03:28:44.921, 132.43 W, 95 %
2026/03/17 03:28:45.021, 132.39 W, 95 %
2026/03/17 03:28:45.121, 132.36 W, 95 %
2026/03/17 03:28:45.221, 132.37 W, 95 %
2026/03/17 03:28:45.322, 132.37 W, 95 %
2026/03/17 03:28:45.422, 132.35 W, 95 %
2026/03/17 03:28:45.522, 132.32 W, 95 %
2026/03/17 03:28:45.622, 132.32 W, 95 %
2026/03/17 03:28:45.722, 132.31 W, 95 %
2026/03/17 03:28:45.823, 132.28 W, 95 %
2026/03/17 03:28:45.923, 132.29 W, 95 %
2026/03/17 03:28:46.023, 132.29 W, 95 %
2026/03/17 03:28:46.123, 132.29 W, 95 %
2026/03/17 03:28:46.223, 132.27 W, 95 %
2026/03/17 03:28:46.323, 132.25 W, 95 %
2026/03/17 03:28:46.424, 132.26 W, 95 %
2026/03/17 03:28:46.524, 132.26 W, 95 %
2026/03/17 03:28:46.624, 132.23 W, 95 %
2026/03/17 03:28:46.724, 132.24 W, 95 %
2026/03/17 03:28:46.824, 132.24 W, 95 %
2026/03/17 03:28:46.924, 132.24 W, 95 %
2026/03/17 03:28:47.025, 132.24 W, 95 %
2026/03/17 03:28:47.125, 132.25 W, 95 %
2026/03/17 03:28:47.225, 132.23 W, 95 %
2026/03/17 03:28:47.325, 132.21 W, 95 %
2026/03/17 03:28:47.425, 132.21 W, 95 %
2026/03/17 03:28:47.525, 132.21 W, 95 %
2026/03/17 03:28:47.626, 132.21 W, 95 %
2026/03/17 03:28:47.726, 132.20 W, 95 %
2026/03/17 03:28:47.826, 132.20 W, 95 %
2026/03/17 03:28:47.926, 132.19 W, 95 %
2026/03/17 03:28:48.026, 132.16 W, 95 %
2026/03/17 03:28:48.126, 132.15 W, 95 %
2026/03/17 03:28:48.227, 132.13 W, 95 %
2026/03/17 03:28:48.327, 132.13 W, 95 %
2026/03/17 03:28:48.427, 132.14 W, 95 %
2026/03/17 03:28:48.527, 132.12 W, 95 %
2026/03/17 03:28:48.627, 132.11 W, 95 %
2026/03/17 03:28:48.727, 132.10 W, 95 %
2026/03/17 03:28:48.828, 132.11 W, 95 %
2026/03/17 03:28:48.928, 132.09 W, 95 %
2026/03/17 03:28:49.028, 132.09 W, 95 %
2026/03/17 03:28:49.128, 132.07 W, 95 %
2026/03/17 03:28:49.228, 132.08 W, 95 %
2026/03/17 03:28:49.328, 132.06 W, 95 %
2026/03/17 03:28:49.429, 132.04 W, 95 %
2026/03/17 03:28:49.529, 132.05 W, 95 %
2026/03/17 03:28:49.629, 132.04 W, 95 %
2026/03/17 03:28:49.729, 132.04 W, 95 %
2026/03/17 03:28:49.829, 132.03 W, 95 %
2026/03/17 03:28:49.929, 132.04 W, 95 %
2026/03/17 03:28:50.030, 132.05 W, 95 %
2026/03/17 03:28:50.130, 132.04 W, 95 %
2026/03/17 03:28:50.230, 132.02 W, 95 %
2026/03/17 03:28:50.330, 132.01 W, 95 %
2026/03/17 03:28:50.430, 132.01 W, 95 %
2026/03/17 03:28:50.530, 132.00 W, 95 %
2026/03/17 03:28:50.631, 131.98 W, 95 %
2026/03/17 03:28:50.731, 131.98 W, 95 %
2026/03/17 03:28:50.831, 131.97 W, 95 %
2026/03/17 03:28:50.931, 131.95 W, 95 %
2026/03/17 03:28:51.031, 131.95 W, 95 %
2026/03/17 03:28:51.131, 131.97 W, 95 %
2026/03/17 03:28:51.232, 131.98 W, 95 %
2026/03/17 03:28:51.332, 132.00 W, 95 %
2026/03/17 03:28:51.432, 132.01 W, 95 %
2026/03/17 03:28:51.532, 132.02 W, 95 %
2026/03/17 03:28:51.632, 132.02 W, 95 %
2026/03/17 03:28:51.732, 132.04 W, 95 %
2026/03/17 03:28:51.833, 132.04 W, 95 %
2026/03/17 03:28:51.933, 132.04 W, 95 %
2026/03/17 03:28:52.033, 132.03 W, 95 %
2026/03/17 03:28:52.133, 132.02 W, 95 %
2026/03/17 03:28:52.233, 132.03 W, 95 %
2026/03/17 03:28:52.333, 132.04 W, 95 %
2026/03/17 03:28:52.434, 132.04 W, 95 %
2026/03/17 03:28:52.534, 132.04 W, 95 %
2026/03/17 03:28:52.634, 132.06 W, 95 %
2026/03/17 03:28:52.734, 132.08 W, 95 %
2026/03/17 03:28:52.834, 132.09 W, 95 %
2026/03/17 03:28:52.934, 132.08 W, 95 %
2026/03/17 03:28:53.035, 132.10 W, 95 %
2026/03/17 03:28:53.135, 132.11 W, 95 %
2026/03/17 03:28:53.235, 132.13 W, 95 %
2026/03/17 03:28:53.335, 132.12 W, 95 %
2026/03/17 03:28:53.435, 132.13 W, 95 %
2026/03/17 03:28:53.535, 132.14 W, 95 %
2026/03/17 03:28:53.635, 132.13 W, 95 %
2026/03/17 03:28:53.736, 132.12 W, 95 %
2026/03/17 03:28:53.836, 132.13 W, 95 %
2026/03/17 03:28:53.936, 132.14 W, 95 %
2026/03/17 03:28:54.036, 132.16 W, 95 %
2026/03/17 03:28:54.136, 132.19 W, 95 %
2026/03/17 03:28:54.236, 132.22 W, 95 %
2026/03/17 03:28:54.337, 132.23 W, 95 %
2026/03/17 03:28:54.437, 132.25 W, 95 %
2026/03/17 03:28:54.537, 132.27 W, 95 %
2026/03/17 03:28:54.637, 132.31 W, 95 %
2026/03/17 03:28:54.737, 132.33 W, 95 %
2026/03/17 03:28:54.838, 132.36 W, 95 %
2026/03/17 03:28:54.938, 132.38 W, 95 %
2026/03/17 03:28:55.038, 132.40 W, 95 %
2026/03/17 03:28:55.138, 132.39 W, 95 %
2026/03/17 03:28:55.238, 132.38 W, 95 %
2026/03/17 03:28:55.338, 132.42 W, 95 %
2026/03/17 03:28:55.439, 132.45 W, 95 %
2026/03/17 03:28:55.539, 132.48 W, 95 %
2026/03/17 03:28:55.639, 132.49 W, 95 %
2026/03/17 03:28:55.739, 132.51 W, 95 %
2026/03/17 03:28:55.839, 132.54 W, 95 %
2026/03/17 03:28:55.939, 132.61 W, 95 %
2026/03/17 03:28:56.039, 132.62 W, 95 %
2026/03/17 03:28:56.140, 132.65 W, 95 %
2026/03/17 03:28:56.240, 132.67 W, 95 %
2026/03/17 03:28:56.340, 132.67 W, 95 %
2026/03/17 03:28:56.440, 132.68 W, 95 %
2026/03/17 03:28:56.540, 132.70 W, 95 %
2026/03/17 03:28:56.640, 132.70 W, 95 %
2026/03/17 03:28:56.741, 132.72 W, 95 %
2026/03/17 03:28:56.841, 132.74 W, 95 %
2026/03/17 03:28:56.941, 132.74 W, 95 %
2026/03/17 03:28:57.041, 132.76 W, 95 %
2026/03/17 03:28:57.141, 132.79 W, 95 %
2026/03/17 03:28:57.241, 132.84 W, 95 %
2026/03/17 03:28:57.342, 132.85 W, 95 %
2026/03/17 03:28:57.442, 132.88 W, 95 %
2026/03/17 03:28:57.542, 132.91 W, 95 %
2026/03/17 03:28:57.642, 132.96 W, 95 %
2026/03/17 03:28:57.742, 132.99 W, 95 %
2026/03/17 03:28:57.843, 133.01 W, 95 %
2026/03/17 03:28:57.943, 133.02 W, 95 %
2026/03/17 03:28:58.043, 133.04 W, 95 %
2026/03/17 03:28:58.143, 133.04 W, 95 %
2026/03/17 03:28:58.243, 133.05 W, 95 %
2026/03/17 03:28:58.343, 133.09 W, 95 %
2026/03/17 03:28:58.444, 133.12 W, 95 %
2026/03/17 03:28:58.544, 133.13 W, 95 %
2026/03/17 03:28:58.644, 133.13 W, 95 %
2026/03/17 03:28:58.744, 133.13 W, 95 %
2026/03/17 03:28:58.844, 133.15 W, 95 %
2026/03/17 03:28:58.944, 133.18 W, 95 %
2026/03/17 03:28:59.044, 133.17 W, 95 %
2026/03/17 03:28:59.145, 133.18 W, 95 %
2026/03/17 03:28:59.245, 133.20 W, 95 %
2026/03/17 03:28:59.345, 133.21 W, 95 %
2026/03/17 03:28:59.445, 133.19 W, 95 %
2026/03/17 03:28:59.545, 133.18 W, 95 %
2026/03/17 03:28:59.646, 133.19 W, 95 %
2026/03/17 03:28:59.746, 133.18 W, 95 %
2026/03/17 03:28:59.846, 133.18 W, 95 %
2026/03/17 03:28:59.946, 133.18 W, 95 %
2026/03/17 03:29:00.046, 133.19 W, 95 %
2026/03/17 03:29:00.146, 133.21 W, 95 %
2026/03/17 03:29:00.247, 133.21 W, 95 %
2026/03/17 03:29:00.347, 133.19 W, 95 %
2026/03/17 03:29:00.447, 133.21 W, 95 %
2026/03/17 03:29:00.547, 133.24 W, 95 %
2026/03/17 03:29:00.647, 133.25 W, 95 %
2026/03/17 03:29:00.747, 133.26 W, 95 %
2026/03/17 03:29:00.848, 133.27 W, 95 %
2026/03/17 03:29:00.948, 133.24 W, 95 %
2026/03/17 03:29:01.048, 133.23 W, 95 %
2026/03/17 03:29:01.148, 133.21 W, 95 %
2026/03/17 03:29:01.248, 133.19 W, 95 %
2026/03/17 03:29:01.348, 133.17 W, 95 %
2026/03/17 03:29:01.449, 133.16 W, 95 %
2026/03/17 03:29:01.549, 133.14 W, 95 %
2026/03/17 03:29:01.649, 133.11 W, 95 %
2026/03/17 03:29:01.749, 133.08 W, 95 %
2026/03/17 03:29:01.849, 133.06 W, 95 %
2026/03/17 03:29:01.949, 133.06 W, 95 %
2026/03/17 03:29:02.050, 133.03 W, 95 %
2026/03/17 03:29:02.150, 133.01 W, 95 %
2026/03/17 03:29:02.250, 132.98 W, 95 %
2026/03/17 03:29:02.350, 132.98 W, 95 %
2026/03/17 03:29:02.450, 132.97 W, 95 %
2026/03/17 03:29:02.550, 132.93 W, 95 %
2026/03/17 03:29:02.650, 132.91 W, 95 %
2026/03/17 03:29:02.751, 132.88 W, 95 %
2026/03/17 03:29:02.851, 132.86 W, 95 %
2026/03/17 03:29:02.951, 132.85 W, 95 %
2026/03/17 03:29:03.051, 132.84 W, 95 %
2026/03/17 03:29:03.151, 132.83 W, 95 %
2026/03/17 03:29:03.252, 132.84 W, 95 %
2026/03/17 03:29:03.352, 132.83 W, 95 %
2026/03/17 03:29:03.452, 132.81 W, 95 %
2026/03/17 03:29:03.552, 132.80 W, 95 %
2026/03/17 03:29:03.652, 132.80 W, 95 %
2026/03/17 03:29:03.752, 132.77 W, 95 %
2026/03/17 03:29:03.852, 132.73 W, 95 %
2026/03/17 03:29:03.953, 132.68 W, 95 %
2026/03/17 03:29:04.053, 132.66 W, 95 %
2026/03/17 03:29:04.153, 132.64 W, 95 %
2026/03/17 03:29:04.253, 132.60 W, 95 %
2026/03/17 03:29:04.353, 132.58 W, 95 %
2026/03/17 03:29:04.453, 132.57 W, 95 %
2026/03/17 03:29:04.554, 132.55 W, 95 %
2026/03/17 03:29:04.654, 132.55 W, 95 %
2026/03/17 03:29:04.754, 132.54 W, 95 %
2026/03/17 03:29:04.854, 132.54 W, 95 %
2026/03/17 03:29:04.954, 132.57 W, 95 %
2026/03/17 03:29:05.054, 132.55 W, 95 %
2026/03/17 03:29:05.155, 132.54 W, 95 %
2026/03/17 03:29:05.255, 132.55 W, 95 %
2026/03/17 03:29:05.355, 132.53 W, 95 %
2026/03/17 03:29:05.455, 132.53 W, 95 %
2026/03/17 03:29:05.555, 132.54 W, 95 %
2026/03/17 03:29:05.656, 132.52 W, 95 %
2026/03/17 03:29:05.756, 132.52 W, 95 %
2026/03/17 03:29:05.856, 132.52 W, 95 %
2026/03/17 03:29:05.956, 132.54 W, 95 %
2026/03/17 03:29:06.056, 132.54 W, 95 %
2026/03/17 03:29:06.156, 132.55 W, 95 %
2026/03/17 03:29:06.256, 132.54 W, 95 %
2026/03/17 03:29:06.357, 132.54 W, 95 %
2026/03/17 03:29:06.457, 132.52 W, 95 %
2026/03/17 03:29:06.557, 132.51 W, 95 %
2026/03/17 03:29:06.657, 132.51 W, 95 %
2026/03/17 03:29:06.757, 132.51 W, 95 %
2026/03/17 03:29:06.857, 132.49 W, 95 %
2026/03/17 03:29:06.958, 132.46 W, 95 %
2026/03/17 03:29:07.058, 132.46 W, 95 %
2026/03/17 03:29:07.158, 132.47 W, 95 %
2026/03/17 03:29:07.258, 132.47 W, 95 %
2026/03/17 03:29:07.358, 132.45 W, 95 %
2026/03/17 03:29:07.458, 132.46 W, 95 %
2026/03/17 03:29:07.559, 132.48 W, 95 %
2026/03/17 03:29:07.659, 132.47 W, 95 %
2026/03/17 03:29:07.759, 132.47 W, 95 %
2026/03/17 03:29:07.859, 132.49 W, 95 %
2026/03/17 03:29:07.959, 132.52 W, 95 %
2026/03/17 03:29:08.060, 132.51 W, 95 %
2026/03/17 03:29:08.160, 132.50 W, 95 %
2026/03/17 03:29:08.260, 132.51 W, 95 %
2026/03/17 03:29:08.360, 132.53 W, 95 %
2026/03/17 03:29:08.460, 132.55 W, 95 %
2026/03/17 03:29:08.560, 132.54 W, 95 %
2026/03/17 03:29:08.661, 132.54 W, 95 %
2026/03/17 03:29:08.761, 132.55 W, 95 %
2026/03/17 03:29:08.861, 132.56 W, 95 %
2026/03/17 03:29:08.961, 132.57 W, 95 %
2026/03/17 03:29:09.061, 132.59 W, 95 %
2026/03/17 03:29:09.161, 132.61 W, 95 %
2026/03/17 03:29:09.262, 132.62 W, 95 %
2026/03/17 03:29:09.362, 132.62 W, 95 %
2026/03/17 03:29:09.462, 132.62 W, 95 %
2026/03/17 03:29:09.562, 132.65 W, 95 %
2026/03/17 03:29:09.662, 132.67 W, 95 %
2026/03/17 03:29:09.762, 132.68 W, 95 %
2026/03/17 03:29:09.862, 132.68 W, 95 %
2026/03/17 03:29:09.963, 132.69 W, 95 %
2026/03/17 03:29:10.063, 132.70 W, 95 %
2026/03/17 03:29:10.163, 132.70 W, 95 %
2026/03/17 03:29:10.263, 132.69 W, 95 %
2026/03/17 03:29:10.363, 132.70 W, 95 %
2026/03/17 03:29:10.464, 132.70 W, 95 %
2026/03/17 03:29:10.564, 132.71 W, 95 %
2026/03/17 03:29:10.664, 132.71 W, 95 %
2026/03/17 03:29:10.764, 132.69 W, 95 %
2026/03/17 03:29:10.864, 132.71 W, 95 %
2026/03/17 03:29:10.964, 132.71 W, 95 %
2026/03/17 03:29:11.065, 132.73 W, 95 %
2026/03/17 03:29:11.165, 132.74 W, 95 %
2026/03/17 03:29:11.265, 132.76 W, 95 %
2026/03/17 03:29:11.365, 132.77 W, 95 %
2026/03/17 03:29:11.465, 132.79 W, 95 %
2026/03/17 03:29:11.565, 132.78 W, 95 %
2026/03/17 03:29:11.666, 132.77 W, 95 %
2026/03/17 03:29:11.766, 132.80 W, 95 %
2026/03/17 03:29:11.866, 132.80 W, 95 %
2026/03/17 03:29:11.966, 132.81 W, 95 %
2026/03/17 03:29:12.066, 132.81 W, 95 %
2026/03/17 03:29:12.166, 132.81 W, 95 %
2026/03/17 03:29:12.266, 132.81 W, 95 %
2026/03/17 03:29:12.367, 132.82 W, 95 %
2026/03/17 03:29:12.467, 132.82 W, 95 %
2026/03/17 03:29:12.567, 132.85 W, 95 %
2026/03/17 03:29:12.667, 132.87 W, 95 %
2026/03/17 03:29:12.767, 132.86 W, 95 %
2026/03/17 03:29:12.867, 132.84 W, 95 %
2026/03/17 03:29:12.968, 132.84 W, 95 %
2026/03/17 03:29:13.068, 132.85 W, 95 %
2026/03/17 03:29:13.168, 132.86 W, 95 %
2026/03/17 03:29:13.268, 132.85 W, 95 %
2026/03/17 03:29:13.368, 132.84 W, 95 %
2026/03/17 03:29:13.468, 132.83 W, 95 %
2026/03/17 03:29:13.569, 132.82 W, 95 %
2026/03/17 03:29:13.669, 132.79 W, 95 %
2026/03/17 03:29:13.769, 132.78 W, 95 %
2026/03/17 03:29:13.869, 132.79 W, 95 %
2026/03/17 03:29:13.969, 132.79 W, 95 %
2026/03/17 03:29:14.069, 132.79 W, 95 %
2026/03/17 03:29:14.170, 132.76 W, 95 %
2026/03/17 03:29:14.270, 132.78 W, 95 %
2026/03/17 03:29:14.370, 132.79 W, 95 %
2026/03/17 03:29:14.470, 132.78 W, 95 %
2026/03/17 03:29:14.570, 132.79 W, 95 %
2026/03/17 03:29:14.670, 132.80 W, 95 %
2026/03/17 03:29:14.771, 132.79 W, 95 %
2026/03/17 03:29:14.871, 132.80 W, 95 %
2026/03/17 03:29:14.971, 132.79 W, 95 %
2026/03/17 03:29:15.071, 132.77 W, 95 %
2026/03/17 03:29:15.171, 132.78 W, 95 %
2026/03/17 03:29:15.271, 132.77 W, 95 %
2026/03/17 03:29:15.371, 132.76 W, 95 %
2026/03/17 03:29:15.472, 132.77 W, 95 %
2026/03/17 03:29:15.572, 132.76 W, 95 %
2026/03/17 03:29:15.672, 132.77 W, 95 %
2026/03/17 03:29:15.772, 132.77 W, 95 %
2026/03/17 03:29:15.872, 132.77 W, 95 %
2026/03/17 03:29:15.973, 132.79 W, 95 %
2026/03/17 03:29:16.073, 132.76 W, 92 %
2026/03/17 03:29:16.173, 132.74 W, 92 %
2026/03/17 03:29:16.273, 132.74 W, 95 %
2026/03/17 03:29:16.373, 132.74 W, 95 %
2026/03/17 03:29:16.473, 132.71 W, 95 %
2026/03/17 03:29:16.574, 132.69 W, 95 %
2026/03/17 03:29:16.674, 132.66 W, 95 %
2026/03/17 03:29:16.774, 132.65 W, 95 %
2026/03/17 03:29:16.874, 132.64 W, 95 %
2026/03/17 03:29:16.974, 132.62 W, 95 %
2026/03/17 03:29:17.074, 132.61 W, 95 %
2026/03/17 03:29:17.175, 132.61 W, 95 %
2026/03/17 03:29:17.275, 132.60 W, 95 %
2026/03/17 03:29:17.375, 132.58 W, 95 %
2026/03/17 03:29:17.475, 132.57 W, 95 %
2026/03/17 03:29:17.575, 132.57 W, 95 %
2026/03/17 03:29:17.675, 132.56 W, 95 %
2026/03/17 03:29:17.776, 132.54 W, 95 %
2026/03/17 03:29:17.876, 132.53 W, 95 %
2026/03/17 03:29:17.976, 132.51 W, 95 %
2026/03/17 03:29:18.076, 132.51 W, 95 %
2026/03/17 03:29:18.176, 132.51 W, 95 %
2026/03/17 03:29:18.276, 132.46 W, 95 %
2026/03/17 03:29:18.377, 132.48 W, 95 %
2026/03/17 03:29:18.477, 132.48 W, 95 %
2026/03/17 03:29:18.577, 132.46 W, 95 %
2026/03/17 03:29:18.677, 132.44 W, 95 %
2026/03/17 03:29:18.777, 132.43 W, 95 %
2026/03/17 03:29:18.877, 132.43 W, 95 %
2026/03/17 03:29:18.978, 132.43 W, 95 %
2026/03/17 03:29:19.078, 132.42 W, 95 %
2026/03/17 03:29:19.178, 132.40 W, 95 %
2026/03/17 03:29:19.278, 132.38 W, 95 %
2026/03/17 03:29:19.378, 132.35 W, 95 %
2026/03/17 03:29:19.478, 132.34 W, 95 %
2026/03/17 03:29:19.579, 132.33 W, 95 %
2026/03/17 03:29:19.679, 132.32 W, 95 %
2026/03/17 03:29:19.779, 132.30 W, 95 %
2026/03/17 03:29:19.879, 132.27 W, 95 %
2026/03/17 03:29:19.979, 132.26 W, 95 %
2026/03/17 03:29:20.079, 132.25 W, 95 %
2026/03/17 03:29:20.180, 132.24 W, 95 %
2026/03/17 03:29:20.280, 132.23 W, 95 %
2026/03/17 03:29:20.380, 132.20 W, 95 %
2026/03/17 03:29:20.480, 132.18 W, 95 %
2026/03/17 03:29:20.580, 132.15 W, 95 %
2026/03/17 03:29:20.680, 132.12 W, 95 %
2026/03/17 03:29:20.781, 132.11 W, 95 %
2026/03/17 03:29:20.881, 132.08 W, 95 %
2026/03/17 03:29:20.981, 132.06 W, 95 %
2026/03/17 03:29:21.081, 132.02 W, 95 %
2026/03/17 03:29:21.181, 132.01 W, 95 %
2026/03/17 03:29:21.281, 132.01 W, 95 %
2026/03/17 03:29:21.382, 132.00 W, 95 %
2026/03/17 03:29:21.482, 132.01 W, 95 %
2026/03/17 03:29:21.582, 132.01 W, 95 %
2026/03/17 03:29:21.682, 132.02 W, 95 %
2026/03/17 03:29:21.782, 132.02 W, 95 %
2026/03/17 03:29:21.883, 132.04 W, 95 %
2026/03/17 03:29:21.983, 132.05 W, 95 %
2026/03/17 03:29:22.083, 132.07 W, 95 %
2026/03/17 03:29:22.183, 132.08 W, 95 %
2026/03/17 03:29:22.283, 132.07 W, 95 %
2026/03/17 03:29:22.383, 132.07 W, 95 %
2026/03/17 03:29:22.484, 132.05 W, 95 %
2026/03/17 03:29:22.584, 132.05 W, 95 %
2026/03/17 03:29:22.684, 132.07 W, 95 %
2026/03/17 03:29:22.784, 132.06 W, 95 %
2026/03/17 03:29:22.884, 132.06 W, 95 %
2026/03/17 03:29:22.984, 132.06 W, 95 %
2026/03/17 03:29:23.084, 132.07 W, 95 %
2026/03/17 03:29:23.185, 132.09 W, 95 %
2026/03/17 03:29:23.285, 132.11 W, 95 %
2026/03/17 03:29:23.385, 132.10 W, 95 %
2026/03/17 03:29:23.485, 132.10 W, 95 %
2026/03/17 03:29:23.585, 132.09 W, 95 %
2026/03/17 03:29:23.685, 132.08 W, 95 %
2026/03/17 03:29:23.786, 132.09 W, 95 %
2026/03/17 03:29:23.886, 132.07 W, 95 %
2026/03/17 03:29:23.986, 132.07 W, 95 %
2026/03/17 03:29:24.086, 132.04 W, 95 %
2026/03/17 03:29:24.186, 132.01 W, 95 %
2026/03/17 03:29:24.286, 132.00 W, 95 %
2026/03/17 03:29:24.387, 131.98 W, 95 %
2026/03/17 03:29:24.487, 132.00 W, 95 %
2026/03/17 03:29:24.587, 132.01 W, 95 %
2026/03/17 03:29:24.687, 131.99 W, 95 %
2026/03/17 03:29:24.787, 131.99 W, 95 %
2026/03/17 03:29:24.887, 131.99 W, 95 %
2026/03/17 03:29:24.988, 132.00 W, 95 %
2026/03/17 03:29:25.088, 132.04 W, 95 %
2026/03/17 03:29:25.188, 132.08 W, 95 %
2026/03/17 03:29:25.288, 132.08 W, 95 %
2026/03/17 03:29:25.388, 132.08 W, 95 %
2026/03/17 03:29:25.488, 132.10 W, 95 %
2026/03/17 03:29:25.589, 132.09 W, 95 %
2026/03/17 03:29:25.689, 132.09 W, 95 %
2026/03/17 03:29:25.789, 132.10 W, 95 %
2026/03/17 03:29:25.889, 132.10 W, 95 %
2026/03/17 03:29:25.989, 132.10 W, 95 %
2026/03/17 03:29:26.089, 132.10 W, 95 %
2026/03/17 03:29:26.189, 132.09 W, 95 %
2026/03/17 03:29:26.290, 132.10 W, 95 %
2026/03/17 03:29:26.390, 132.10 W, 95 %
2026/03/17 03:29:26.490, 132.10 W, 95 %
2026/03/17 03:29:26.590, 132.12 W, 95 %
2026/03/17 03:29:26.690, 132.14 W, 95 %
2026/03/17 03:29:26.791, 132.14 W, 95 %
2026/03/17 03:29:26.891, 132.15 W, 95 %
2026/03/17 03:29:26.991, 132.15 W, 95 %
2026/03/17 03:29:27.091, 132.16 W, 95 %
2026/03/17 03:29:27.191, 132.16 W, 95 %
2026/03/17 03:29:27.291, 132.18 W, 95 %
2026/03/17 03:29:27.392, 132.21 W, 95 %
2026/03/17 03:29:27.492, 132.23 W, 95 %
2026/03/17 03:29:27.592, 132.26 W, 95 %
2026/03/17 03:29:27.692, 132.26 W, 95 %
2026/03/17 03:29:27.792, 132.32 W, 95 %
2026/03/17 03:29:27.892, 132.34 W, 95 %
2026/03/17 03:29:27.993, 132.37 W, 95 %
2026/03/17 03:29:28.093, 132.39 W, 95 %
2026/03/17 03:29:28.193, 132.40 W, 95 %
2026/03/17 03:29:28.293, 132.42 W, 95 %
2026/03/17 03:29:28.393, 132.43 W, 95 %
2026/03/17 03:29:28.493, 132.47 W, 95 %
2026/03/17 03:29:28.594, 132.50 W, 95 %
2026/03/17 03:29:28.694, 132.53 W, 95 %
2026/03/17 03:29:28.794, 132.55 W, 95 %
2026/03/17 03:29:28.894, 132.57 W, 95 %
2026/03/17 03:29:28.994, 132.60 W, 95 %
2026/03/17 03:29:29.094, 132.63 W, 95 %
2026/03/17 03:29:29.195, 132.68 W, 95 %
2026/03/17 03:29:29.295, 132.70 W, 95 %
2026/03/17 03:29:29.395, 132.71 W, 95 %
2026/03/17 03:29:29.495, 132.73 W, 95 %
2026/03/17 03:29:29.595, 132.75 W, 95 %
2026/03/17 03:29:29.695, 132.76 W, 95 %
2026/03/17 03:29:29.796, 132.76 W, 95 %
2026/03/17 03:29:29.896, 132.76 W, 95 %
2026/03/17 03:29:29.996, 132.75 W, 95 %
2026/03/17 03:29:30.096, 132.74 W, 95 %
2026/03/17 03:29:30.196, 132.72 W, 95 %
2026/03/17 03:29:30.296, 132.75 W, 95 %
2026/03/17 03:29:30.397, 132.76 W, 95 %
2026/03/17 03:29:30.497, 132.78 W, 95 %
2026/03/17 03:29:30.597, 132.77 W, 95 %
2026/03/17 03:29:30.697, 132.78 W, 95 %
2026/03/17 03:29:30.797, 132.80 W, 95 %
2026/03/17 03:29:30.897, 132.84 W, 95 %
2026/03/17 03:29:30.998, 132.85 W, 95 %
2026/03/17 03:29:31.098, 132.87 W, 95 %
2026/03/17 03:29:31.198, 132.89 W, 95 %
2026/03/17 03:29:31.298, 132.90 W, 95 %
2026/03/17 03:29:31.398, 132.91 W, 95 %
2026/03/17 03:29:31.498, 132.91 W, 95 %
2026/03/17 03:29:31.599, 132.94 W, 95 %
2026/03/17 03:29:31.699, 132.96 W, 95 %
2026/03/17 03:29:31.799, 132.99 W, 95 %
2026/03/17 03:29:31.899, 133.01 W, 95 %
2026/03/17 03:29:31.999, 133.05 W, 95 %
2026/03/17 03:29:32.099, 133.09 W, 95 %
2026/03/17 03:29:32.200, 133.12 W, 95 %
2026/03/17 03:29:32.300, 133.12 W, 95 %
2026/03/17 03:29:32.400, 133.14 W, 95 %
2026/03/17 03:29:32.500, 133.17 W, 95 %
2026/03/17 03:29:32.600, 133.18 W, 95 %
2026/03/17 03:29:32.700, 133.18 W, 95 %
2026/03/17 03:29:32.801, 133.16 W, 95 %
2026/03/17 03:29:32.901, 133.12 W, 95 %
2026/03/17 03:29:33.001, 133.10 W, 95 %
2026/03/17 03:29:33.101, 133.10 W, 95 %
2026/03/17 03:29:33.201, 133.10 W, 95 %
2026/03/17 03:29:33.301, 133.13 W, 95 %
2026/03/17 03:29:33.402, 133.15 W, 95 %
2026/03/17 03:29:33.502, 133.15 W, 95 %
2026/03/17 03:29:33.602, 133.15 W, 95 %
2026/03/17 03:29:33.702, 133.13 W, 95 %
2026/03/17 03:29:33.802, 133.15 W, 95 %
2026/03/17 03:29:33.902, 133.17 W, 95 %
2026/03/17 03:29:34.003, 133.18 W, 95 %
2026/03/17 03:29:34.103, 133.16 W, 95 %
2026/03/17 03:29:34.203, 133.15 W, 95 %
2026/03/17 03:29:34.303, 133.14 W, 95 %
2026/03/17 03:29:34.403, 133.11 W, 95 %
2026/03/17 03:29:34.503, 133.09 W, 95 %
2026/03/17 03:29:34.604, 133.08 W, 95 %
2026/03/17 03:29:34.704, 133.08 W, 95 %
2026/03/17 03:29:34.804, 133.09 W, 95 %
2026/03/17 03:29:34.904, 133.10 W, 95 %
2026/03/17 03:29:35.004, 133.07 W, 95 %
2026/03/17 03:29:35.105, 133.09 W, 95 %
2026/03/17 03:29:35.205, 133.09 W, 95 %
2026/03/17 03:29:35.305, 133.07 W, 95 %
2026/03/17 03:29:35.405, 133.06 W, 95 %
2026/03/17 03:29:35.505, 133.05 W, 95 %
2026/03/17 03:29:35.605, 133.04 W, 95 %
2026/03/17 03:29:35.706, 133.03 W, 95 %
2026/03/17 03:29:35.806, 133.00 W, 95 %
2026/03/17 03:29:35.906, 132.98 W, 95 %
2026/03/17 03:29:36.006, 132.97 W, 95 %
2026/03/17 03:29:36.106, 132.94 W, 95 %
2026/03/17 03:29:36.206, 132.93 W, 95 %
2026/03/17 03:29:36.307, 132.93 W, 95 %
2026/03/17 03:29:36.407, 132.92 W, 95 %
2026/03/17 03:29:36.507, 132.92 W, 95 %
2026/03/17 03:29:36.607, 132.91 W, 95 %
2026/03/17 03:29:36.707, 132.89 W, 95 %
2026/03/17 03:29:36.807, 132.87 W, 95 %
2026/03/17 03:29:36.908, 132.85 W, 95 %
2026/03/17 03:29:37.008, 132.82 W, 95 %
2026/03/17 03:29:37.108, 132.79 W, 95 %
2026/03/17 03:29:37.208, 132.76 W, 95 %
2026/03/17 03:29:37.308, 132.74 W, 95 %
2026/03/17 03:29:37.408, 132.71 W, 95 %
2026/03/17 03:29:37.509, 132.69 W, 95 %
2026/03/17 03:29:37.609, 132.68 W, 95 %
2026/03/17 03:29:37.709, 132.67 W, 95 %
2026/03/17 03:29:37.809, 132.65 W, 95 %
2026/03/17 03:29:37.909, 132.66 W, 95 %
2026/03/17 03:29:38.009, 132.66 W, 95 %
2026/03/17 03:29:38.110, 132.67 W, 95 %
2026/03/17 03:29:38.210, 132.66 W, 95 %
2026/03/17 03:29:38.310, 132.65 W, 95 %
2026/03/17 03:29:38.410, 132.64 W, 95 %
2026/03/17 03:29:38.510, 132.65 W, 95 %
2026/03/17 03:29:38.611, 132.63 W, 95 %
2026/03/17 03:29:38.711, 132.60 W, 95 %
2026/03/17 03:29:38.811, 132.59 W, 95 %
2026/03/17 03:29:38.911, 132.56 W, 95 %
2026/03/17 03:29:39.011, 132.54 W, 95 %
2026/03/17 03:29:39.111, 132.54 W, 95 %
2026/03/17 03:29:39.212, 132.54 W, 95 %
2026/03/17 03:29:39.312, 132.54 W, 95 %
2026/03/17 03:29:39.412, 132.54 W, 95 %
2026/03/17 03:29:39.512, 132.52 W, 95 %
2026/03/17 03:29:39.612, 132.51 W, 95 %
2026/03/17 03:29:39.712, 132.52 W, 95 %
2026/03/17 03:29:39.812, 132.54 W, 95 %
2026/03/17 03:29:39.913, 132.56 W, 95 %
2026/03/17 03:29:40.013, 132.56 W, 95 %
2026/03/17 03:29:40.113, 132.55 W, 95 %
2026/03/17 03:29:40.213, 132.53 W, 95 %
2026/03/17 03:29:40.313, 132.51 W, 95 %
2026/03/17 03:29:40.414, 132.51 W, 95 %
2026/03/17 03:29:40.514, 132.53 W, 95 %
2026/03/17 03:29:40.614, 132.55 W, 95 %
2026/03/17 03:29:40.714, 132.56 W, 95 %
2026/03/17 03:29:40.814, 132.57 W, 95 %
2026/03/17 03:29:40.914, 132.57 W, 95 %
2026/03/17 03:29:41.015, 132.57 W, 95 %
2026/03/17 03:29:41.115, 132.58 W, 95 %
2026/03/17 03:29:41.215, 132.58 W, 95 %
2026/03/17 03:29:41.315, 132.59 W, 95 %
2026/03/17 03:29:41.415, 132.59 W, 95 %
2026/03/17 03:29:41.515, 132.59 W, 95 %
2026/03/17 03:29:41.616, 132.57 W, 95 %
2026/03/17 03:29:41.716, 132.56 W, 95 %
2026/03/17 03:29:41.816, 132.55 W, 95 %
2026/03/17 03:29:41.916, 132.57 W, 95 %
2026/03/17 03:29:42.016, 132.57 W, 95 %
2026/03/17 03:29:42.116, 132.60 W, 95 %
2026/03/17 03:29:42.217, 132.61 W, 95 %
2026/03/17 03:29:42.317, 132.63 W, 95 %
2026/03/17 03:29:42.417, 132.63 W, 95 %
2026/03/17 03:29:42.517, 132.62 W, 95 %
2026/03/17 03:29:42.617, 132.65 W, 95 %
2026/03/17 03:29:42.717, 132.67 W, 95 %
2026/03/17 03:29:42.817, 132.68 W, 95 %
2026/03/17 03:29:42.918, 132.65 W, 95 %
2026/03/17 03:29:43.018, 132.62 W, 95 %
2026/03/17 03:29:43.118, 132.61 W, 95 %
2026/03/17 03:29:43.218, 132.60 W, 95 %
2026/03/17 03:29:43.318, 132.59 W, 95 %
2026/03/17 03:29:43.418, 132.60 W, 95 %
2026/03/17 03:29:43.519, 132.61 W, 95 %
2026/03/17 03:29:43.619, 132.59 W, 95 %
2026/03/17 03:29:43.719, 132.60 W, 95 %
2026/03/17 03:29:43.819, 132.59 W, 95 %
2026/03/17 03:29:43.919, 132.62 W, 95 %
2026/03/17 03:29:44.019, 132.66 W, 95 %
2026/03/17 03:29:44.119, 132.68 W, 95 %
2026/03/17 03:29:44.220, 132.70 W, 95 %
2026/03/17 03:29:44.320, 132.74 W, 95 %
2026/03/17 03:29:44.420, 132.77 W, 95 %
2026/03/17 03:29:44.520, 132.82 W, 95 %
2026/03/17 03:29:44.620, 132.83 W, 95 %
2026/03/17 03:29:44.720, 132.84 W, 95 %
2026/03/17 03:29:44.821, 132.86 W, 95 %
2026/03/17 03:29:44.921, 132.86 W, 95 %
2026/03/17 03:29:45.021, 132.85 W, 95 %
2026/03/17 03:29:45.121, 132.86 W, 95 %
2026/03/17 03:29:45.221, 132.87 W, 95 %
2026/03/17 03:29:45.321, 132.88 W, 95 %
2026/03/17 03:29:45.422, 132.87 W, 95 %
2026/03/17 03:29:45.522, 132.85 W, 95 %
2026/03/17 03:29:45.622, 132.87 W, 95 %
2026/03/17 03:29:45.722, 132.90 W, 95 %
2026/03/17 03:29:45.822, 132.91 W, 95 %
2026/03/17 03:29:45.922, 132.92 W, 95 %
2026/03/17 03:29:46.023, 132.95 W, 95 %
2026/03/17 03:29:46.123, 132.94 W, 95 %
2026/03/17 03:29:46.223, 132.93 W, 95 %
2026/03/17 03:29:46.323, 132.93 W, 95 %
2026/03/17 03:29:46.423, 132.92 W, 95 %
2026/03/17 03:29:46.523, 132.91 W, 95 %
2026/03/17 03:29:46.624, 132.92 W, 95 %
2026/03/17 03:29:46.724, 132.91 W, 95 %
2026/03/17 03:29:46.824, 132.90 W, 95 %
2026/03/17 03:29:46.924, 132.89 W, 95 %
2026/03/17 03:29:47.024, 132.87 W, 95 %
2026/03/17 03:29:47.124, 132.87 W, 95 %
2026/03/17 03:29:47.225, 132.87 W, 95 %
2026/03/17 03:29:47.325, 132.85 W, 95 %
2026/03/17 03:29:47.425, 132.85 W, 95 %
2026/03/17 03:29:47.525, 132.85 W, 95 %
2026/03/17 03:29:47.625, 132.83 W, 95 %
2026/03/17 03:29:47.725, 132.82 W, 95 %
2026/03/17 03:29:47.826, 132.80 W, 95 %
2026/03/17 03:29:47.926, 132.80 W, 95 %
2026/03/17 03:29:48.026, 132.79 W, 95 %
2026/03/17 03:29:48.126, 132.77 W, 95 %
2026/03/17 03:29:48.226, 132.77 W, 95 %
2026/03/17 03:29:48.326, 132.76 W, 95 %
2026/03/17 03:29:48.427, 132.73 W, 95 %
2026/03/17 03:29:48.527, 132.71 W, 95 %
2026/03/17 03:29:48.627, 132.69 W, 95 %
2026/03/17 03:29:48.727, 132.67 W, 95 %
2026/03/17 03:29:48.827, 132.68 W, 95 %
2026/03/17 03:29:48.927, 132.65 W, 95 %
2026/03/17 03:29:49.028, 132.65 W, 95 %
2026/03/17 03:29:49.128, 132.67 W, 95 %
2026/03/17 03:29:49.228, 132.69 W, 95 %
2026/03/17 03:29:49.328, 132.68 W, 95 %
2026/03/17 03:29:49.428, 132.69 W, 95 %
2026/03/17 03:29:49.528, 132.69 W, 95 %
2026/03/17 03:29:49.629, 132.67 W, 95 %
2026/03/17 03:29:49.729, 132.65 W, 95 %
2026/03/17 03:29:49.829, 132.63 W, 95 %
2026/03/17 03:29:49.929, 132.62 W, 95 %
2026/03/17 03:29:50.029, 132.62 W, 95 %
2026/03/17 03:29:50.129, 132.60 W, 95 %
2026/03/17 03:29:50.230, 132.57 W, 95 %
2026/03/17 03:29:50.330, 132.55 W, 95 %
2026/03/17 03:29:50.430, 132.54 W, 95 %
2026/03/17 03:29:50.530, 132.53 W, 95 %
2026/03/17 03:29:50.630, 132.51 W, 95 %
2026/03/17 03:29:50.730, 132.49 W, 95 %
2026/03/17 03:29:50.831, 132.46 W, 95 %
2026/03/17 03:29:50.931, 132.45 W, 95 %
2026/03/17 03:29:51.031, 132.42 W, 95 %
2026/03/17 03:29:51.131, 132.41 W, 95 %
2026/03/17 03:29:51.231, 132.39 W, 95 %
2026/03/17 03:29:51.331, 132.38 W, 95 %
2026/03/17 03:29:51.432, 132.36 W, 95 %
2026/03/17 03:29:51.532, 132.35 W, 95 %
2026/03/17 03:29:51.632, 132.34 W, 95 %
2026/03/17 03:29:51.732, 132.36 W, 95 %
2026/03/17 03:29:51.832, 132.37 W, 95 %
2026/03/17 03:29:51.933, 132.36 W, 95 %
2026/03/17 03:29:52.033, 132.37 W, 95 %
2026/03/17 03:29:52.133, 132.36 W, 95 %
2026/03/17 03:29:52.233, 132.38 W, 95 %
2026/03/17 03:29:52.333, 132.38 W, 95 %
2026/03/17 03:29:52.433, 132.38 W, 95 %
2026/03/17 03:29:52.534, 132.37 W, 95 %
2026/03/17 03:29:52.634, 132.36 W, 95 %
2026/03/17 03:29:52.734, 132.35 W, 95 %
2026/03/17 03:29:52.834, 132.31 W, 95 %
2026/03/17 03:29:52.934, 132.29 W, 95 %
2026/03/17 03:29:53.034, 132.28 W, 95 %
2026/03/17 03:29:53.134, 132.27 W, 95 %
2026/03/17 03:29:53.235, 132.24 W, 95 %
2026/03/17 03:29:53.335, 132.21 W, 95 %
2026/03/17 03:29:53.435, 132.22 W, 95 %
2026/03/17 03:29:53.535, 132.21 W, 95 %
2026/03/17 03:29:53.635, 132.22 W, 95 %
2026/03/17 03:29:53.736, 132.22 W, 95 %
2026/03/17 03:29:53.836, 132.22 W, 95 %
2026/03/17 03:29:53.936, 132.23 W, 95 %
2026/03/17 03:29:54.036, 132.23 W, 95 %
2026/03/17 03:29:54.136, 132.19 W, 95 %
2026/03/17 03:29:54.236, 132.19 W, 95 %
2026/03/17 03:29:54.336, 132.19 W, 95 %
2026/03/17 03:29:54.437, 132.16 W, 95 %
2026/03/17 03:29:54.537, 132.14 W, 95 %
2026/03/17 03:29:54.637, 132.13 W, 95 %
2026/03/17 03:29:54.737, 132.12 W, 95 %
2026/03/17 03:29:54.837, 132.11 W, 95 %
2026/03/17 03:29:54.938, 132.08 W, 95 %
2026/03/17 03:29:55.038, 132.09 W, 95 %
2026/03/17 03:29:55.138, 132.10 W, 95 %
2026/03/17 03:29:55.238, 132.12 W, 95 %
2026/03/17 03:29:55.338, 132.10 W, 95 %
2026/03/17 03:29:55.438, 132.11 W, 95 %
2026/03/17 03:29:55.538, 132.10 W, 95 %
2026/03/17 03:29:55.639, 132.07 W, 95 %
2026/03/17 03:29:55.739, 132.07 W, 95 %
2026/03/17 03:29:55.839, 132.08 W, 95 %
2026/03/17 03:29:55.939, 132.09 W, 95 %
2026/03/17 03:29:56.039, 132.07 W, 95 %
2026/03/17 03:29:56.139, 132.06 W, 95 %
2026/03/17 03:29:56.240, 132.02 W, 95 %
2026/03/17 03:29:56.340, 132.04 W, 95 %
2026/03/17 03:29:56.440, 132.04 W, 95 %
2026/03/17 03:29:56.540, 132.04 W, 95 %
2026/03/17 03:29:56.640, 132.05 W, 95 %
2026/03/17 03:29:56.741, 132.05 W, 95 %
2026/03/17 03:29:56.841, 132.04 W, 95 %
2026/03/17 03:29:56.941, 132.04 W, 95 %
2026/03/17 03:29:57.041, 132.05 W, 95 %
2026/03/17 03:29:57.141, 132.06 W, 95 %
2026/03/17 03:29:57.241, 132.06 W, 95 %
2026/03/17 03:29:57.342, 132.06 W, 95 %
2026/03/17 03:29:57.442, 132.05 W, 95 %
2026/03/17 03:29:57.542, 132.06 W, 95 %
2026/03/17 03:29:57.642, 132.07 W, 95 %
2026/03/17 03:29:57.742, 132.07 W, 95 %
2026/03/17 03:29:57.842, 132.08 W, 95 %
2026/03/17 03:29:57.943, 132.07 W, 95 %
2026/03/17 03:29:58.043, 132.07 W, 95 %
2026/03/17 03:29:58.143, 132.08 W, 95 %
2026/03/17 03:29:58.243, 132.12 W, 95 %
2026/03/17 03:29:58.343, 132.13 W, 95 %
2026/03/17 03:29:58.443, 132.14 W, 95 %
2026/03/17 03:29:58.543, 132.14 W, 95 %
2026/03/17 03:29:58.644, 132.14 W, 95 %
2026/03/17 03:29:58.744, 132.14 W, 95 %
2026/03/17 03:29:58.844, 132.14 W, 95 %
2026/03/17 03:29:58.944, 132.15 W, 95 %
2026/03/17 03:29:59.044, 132.16 W, 95 %
2026/03/17 03:29:59.145, 132.17 W, 95 %
2026/03/17 03:29:59.245, 132.15 W, 95 %
2026/03/17 03:29:59.345, 132.18 W, 95 %
2026/03/17 03:29:59.445, 132.21 W, 95 %
2026/03/17 03:29:59.545, 132.24 W, 95 %
2026/03/17 03:29:59.645, 132.24 W, 95 %
2026/03/17 03:29:59.746, 132.26 W, 95 %
2026/03/17 03:29:59.846, 132.28 W, 95 %
2026/03/17 03:29:59.946, 132.32 W, 95 %
2026/03/17 03:30:00.046, 132.34 W, 95 %
2026/03/17 03:30:00.146, 132.34 W, 95 %
2026/03/17 03:30:00.246, 132.35 W, 95 %
2026/03/17 03:30:00.347, 132.35 W, 95 %
2026/03/17 03:30:00.447, 132.38 W, 95 %
2026/03/17 03:30:00.547, 132.39 W, 95 %
2026/03/17 03:30:00.647, 132.43 W, 95 %
2026/03/17 03:30:00.747, 132.45 W, 95 %
2026/03/17 03:30:00.847, 132.48 W, 95 %
2026/03/17 03:30:00.948, 132.48 W, 95 %
2026/03/17 03:30:01.048, 132.51 W, 95 %
2026/03/17 03:30:01.148, 132.52 W, 95 %
2026/03/17 03:30:01.248, 132.57 W, 95 %
2026/03/17 03:30:01.348, 132.59 W, 95 %
2026/03/17 03:30:01.448, 132.58 W, 95 %
2026/03/17 03:30:01.548, 132.59 W, 95 %
2026/03/17 03:30:01.649, 132.61 W, 95 %
2026/03/17 03:30:01.749, 132.62 W, 95 %
2026/03/17 03:30:01.849, 132.64 W, 95 %
2026/03/17 03:30:01.949, 132.66 W, 95 %
2026/03/17 03:30:02.049, 132.68 W, 95 %
2026/03/17 03:30:02.150, 132.71 W, 95 %
2026/03/17 03:30:02.250, 132.72 W, 95 %
2026/03/17 03:30:02.350, 132.76 W, 95 %
2026/03/17 03:30:02.450, 132.80 W, 95 %
2026/03/17 03:30:02.550, 132.83 W, 95 %
2026/03/17 03:30:02.650, 132.84 W, 95 %
2026/03/17 03:30:02.751, 132.84 W, 95 %
2026/03/17 03:30:02.851, 132.85 W, 95 %
2026/03/17 03:30:02.951, 132.86 W, 95 %
2026/03/17 03:30:03.051, 132.87 W, 95 %
2026/03/17 03:30:03.151, 132.88 W, 95 %
2026/03/17 03:30:03.251, 132.88 W, 95 %
2026/03/17 03:30:03.352, 132.88 W, 95 %
2026/03/17 03:30:03.452, 132.90 W, 95 %
2026/03/17 03:30:03.552, 132.91 W, 95 %
2026/03/17 03:30:03.652, 132.93 W, 95 %
2026/03/17 03:30:03.752, 132.98 W, 95 %
2026/03/17 03:30:03.852, 133.02 W, 95 %
2026/03/17 03:30:03.952, 133.03 W, 95 %
2026/03/17 03:30:04.053, 133.05 W, 95 %
2026/03/17 03:30:04.153, 133.08 W, 95 %
2026/03/17 03:30:04.253, 133.12 W, 95 %
2026/03/17 03:30:04.353, 133.13 W, 95 %
2026/03/17 03:30:04.453, 133.13 W, 95 %
2026/03/17 03:30:04.553, 133.13 W, 95 %
2026/03/17 03:30:04.654, 133.14 W, 95 %
2026/03/17 03:30:04.754, 133.12 W, 95 %
2026/03/17 03:30:04.854, 133.12 W, 95 %
2026/03/17 03:30:04.954, 133.13 W, 95 %
2026/03/17 03:30:06.270, 130.32 W, 0 %
2026/03/17 03:30:06.370, 130.07 W, 0 %
2026/03/17 03:30:06.470, 130.11 W, 95 %
2026/03/17 03:30:06.570, 130.10 W, 95 %
2026/03/17 03:30:06.670, 130.02 W, 95 %
2026/03/17 03:30:06.771, 130.06 W, 95 %
2026/03/17 03:30:06.871, 130.06 W, 95 %
2026/03/17 03:30:06.971, 129.98 W, 95 %
2026/03/17 03:30:07.071, 130.62 W, 95 %
2026/03/17 03:30:07.171, 131.63 W, 95 %
2026/03/17 03:30:07.271, 132.85 W, 95 %
2026/03/17 03:30:07.371, 133.02 W, 95 %
2026/03/17 03:30:07.472, 133.03 W, 95 %
2026/03/17 03:30:07.572, 133.03 W, 95 %
2026/03/17 03:30:07.672, 133.03 W, 95 %
2026/03/17 03:30:07.772, 133.01 W, 95 %
2026/03/17 03:30:07.872, 132.98 W, 95 %
2026/03/17 03:30:07.973, 132.98 W, 95 %
2026/03/17 03:30:08.073, 132.99 W, 95 %
2026/03/17 03:30:08.173, 132.97 W, 95 %
2026/03/17 03:30:08.273, 132.96 W, 95 %
2026/03/17 03:30:08.373, 132.96 W, 95 %
2026/03/17 03:30:08.473, 132.94 W, 95 %
2026/03/17 03:30:08.574, 132.92 W, 95 %
2026/03/17 03:30:08.674, 132.90 W, 95 %
2026/03/17 03:30:08.774, 132.89 W, 95 %
2026/03/17 03:30:08.874, 132.88 W, 95 %
2026/03/17 03:30:08.974, 132.87 W, 95 %
2026/03/17 03:30:09.074, 132.85 W, 95 %
2026/03/17 03:30:09.175, 132.82 W, 95 %
2026/03/17 03:30:09.275, 132.78 W, 95 %
2026/03/17 03:30:09.375, 132.76 W, 95 %
2026/03/17 03:30:09.475, 132.74 W, 95 %
2026/03/17 03:30:09.575, 132.72 W, 95 %
2026/03/17 03:30:09.675, 132.70 W, 95 %
2026/03/17 03:30:09.775, 132.68 W, 95 %
2026/03/17 03:30:09.876, 132.64 W, 95 %
2026/03/17 03:30:09.976, 132.60 W, 95 %
2026/03/17 03:30:10.076, 132.58 W, 95 %
2026/03/17 03:30:10.176, 132.57 W, 95 %
2026/03/17 03:30:10.276, 132.57 W, 95 %
2026/03/17 03:30:10.377, 132.54 W, 95 %
2026/03/17 03:30:10.477, 132.52 W, 95 %
2026/03/17 03:30:10.577, 132.51 W, 95 %
2026/03/17 03:30:10.677, 132.49 W, 95 %
2026/03/17 03:30:10.777, 132.49 W, 95 %
2026/03/17 03:30:10.877, 132.50 W, 95 %
2026/03/17 03:30:10.978, 132.51 W, 95 %
2026/03/17 03:30:11.078, 132.50 W, 95 %
2026/03/17 03:30:11.178, 131.73 W, 95 %
