
Initial FFT Block Distribution Based on Workload Estimate:

  FFT blocks assigned to   44 tasks

Image Distribution at run step       0:

  Count of images assigned to each task:
            0      374      374      374      374      374        0      374
          374      374      374      374      375        0      374      374
          374      374      374        0      374      374      374      374
          375      374        0      374      374      374      374      374
            0      374      374      374      375      374      374        0
          374      374      374      374      374        0      374      374
          375      374      374      374        0      374      374      374
          374      374        0      374      375      374      374      374
          374        0      374      374      374      374      374        0
          375      374      374      374      374      374        0      374
          374      374      374      375      374        0      374      374
          374      374      374        0      374      374      374      374
          375      374        0      374      374      374      374      374
            0      374      374      374      375      374      374        0
          374      374      374      374      374        0      374      374
          375      374      374      374        0      374      374      374
          374      374        0      374      375      374      374      374
          374        0      374      374      374      374      374        0
          375      374      374      374      374      374        0      374
          374      374      374      375      374        0      374      374
          374      374      374        0      374      374      374      375
          374      374        0      374      374      374      374      374
            0      374      374      375      374      374      374        0
          374      374      374      374      374        0      374      375
          374      374      374      374        0      374      374      374
          374      374        0      374      375      374      374      374
          374        0      374      374      374      374      374        0
          375      374      374      374      374      374        0      374
          374      374      374      375      374        0      374      374
          374      374      374        0      374      374      374      375
          374      374        0      374      374      374      374      374
            0      374      374      375      374      374      374        0
          374      374      374      374      374        0      374      375
          374      374      374      374        0      374      374      374
          374      374        0      375      374      374      374      374
          374        0      374      374      374      374      375        0

First FFT Block Distribution Based on Actual Workload:

  FFT blocks assigned to  260 tasks

Atom Distribution No.    11 at run step     878:

  Count of atoms assigned to each task:
            0        3        0        0        0        0        6        6
            6        0       20        0        2        8        1        2
            6        5        0        3       15        9        0       15
            3        6        0        0        0        6        0        0
          197        6        0        0        0        0        0        0
            0        0        0        3        0        0        0        0
            0        0        6        0        0        0        0        0
            0        0        0        0        0        0        0        3
            0        0        0        0        0        0      144        3
            0       21      288       54       54       39        3        6
          351        6        0      417        3        3       12       36
          147      369        6       48      475        3      156      106
          228     1097      225      102      660      642      804       99
          519     1050      411      617        0      818      504       15
           60      195      318      423      787      485      675       36
          447      429      612       84      168      924      567       21
            6        0        3      564        0      180        0      135
          724       99        0        0      631       30      702        6
          408      252       90      672      557      804      816     1292
         1370      591      822      368     1296      819      528     1112
          624      522      219      348      411      687      219      875
          228      549      480      465      876      933      252      843
          858      786      687      855     1236      873      786      582
          309      462     1167      864     1239      417      711      438
          693      549      825        0      207      323     1255      603
          246        0      693      968     1479     1008      527      538
          705     1041      283      854      789      589      694      577
          373      701       51        0      564      335      549      959
          494      276      859      816      567        0       21      469
          367      309      354       24      431      275      335      102
          869      303        0      507      216      971      552      105
          139      600      306       36       32      489      291       60
          339      135        3      216      270        0      254       96
          171        0      297      571        0      306      978      914
          449      206      563      555      387      312       24        0
            9      171       30      273      332       96        6        3

Atom Distribution No.    12 at run step    1242:

  Count of atoms assigned to each task:
          125        0       33      378       99        0     1125      528
            0        0      513      303      336        0      267      429
            0        0      828        9     1628        0        0        0
            0        0        0        0      182     1215        0        0
            0        0        0      135        0        0        0        0
            0      381        0        0        0        0      174        0
            0       24      144        0        0       96      294      983
            0        0     1728      270        0      678        0        0
            3       36        0      102      475        0      441      582
          402      714      224        6      582      489      657      333
          234      673      567      786      801      901      421      370
          579      663      846      489      878     1113      597      532
          307      782      507      546      165      835     1223      357
          663      831     1299     1176      897      714      832      342
         1776      342      621     2709     1551     1266     1275     2229
          909      888     1756     1889     1244     1237     1218      605
            3      637        0       36      303       24        0       32
          309      432       48        0       12       45      298        0
           51      430       18        9       75      535      307       41
          374        0        6      467      507       30        0        0
          354        0        3       68      216       89      162      524
          154      479       23       87      524      432        0      237
           24      270        0       21       33       30       12        3
            0        0        3        0        9        0        0        0
            0        0        0        0        0        0        0        0
            0        0        3        7      584      377        0        0
            0        0        2        8       48      717      410      114
           18      531       12        0       18        3      342      166
           33       10      348      528      380      204      394      928
          216      902      554       15      230      497      435       60
          594      159      350      498       39     1327      954      198
          273     1414      561        0      213      597      823       18
            0        6       15       33       66        3       47      215
            0      279        3        0       24        9      122       64
           36        0       81       42        0      378        3        0
          180        0      291      243       33      345      774      324

Atom Distribution No.    13 at run step    1600:

  Count of atoms assigned to each task:
            3       72       24      105       87        3      126       30
           18        0      216       90      234        0        0        0
            0        0       87        0        0        0        0        0
            0        0       12        3        3       27        0        0
            0        0       30        0        0        0        0       27
            0      240        0        0        0        0       12        0
            0        0        3        6      138        3       72       51
            0       12      138        6        0       18      132      384
            0        3      165       51      536       79      446      312
          213      582      306       81       84      147       60        6
          228       15      174      282      252      570      723      297
           69      249      450      749      327      799     1194      423
          288      487      926      177      501      885     1270      714
          273      741     1129      816      417      944      177      730
          582      447       75      369      264        3      617       45
          308      259      157      110      105      365      198      441
            0      387        0      150      216        0        0      986
            0       26        0        0        0      489        0        0
          132      561      816       15      312      505      533      637
          435      678      786       33        0     1297       36        0
          177      138      411      309        0      237      462      760
          576      660      390      660     1022      428        0      837
          405      327      420      366     1092      198        0      216
          366      456        0      807      909       69      696        0
            0        0        0        0      414      501      807      207
          648      270        0        6      150      468        0        0
          282       96        0      372      462      704      533       54
          394      624      702      597      553      459      284      420
          732     1256       66      498      515     1310      926     1263
         1196      857     1557      617      414     1324     1077        6
          147      305      159     1742      233     1689      961       72
          444       66      150     1331        0      796      523        0
          548      540        0        9      516        3      273      102
           33      996      668       24       54      360       54       60
          168      282        0       30      399      844      187       12
           15     1109       72       96      729      294      662        0

Atom Distribution No.    14 at run step    1964:

  Count of atoms assigned to each task:
            0       64        0        0        0      478        0        0
           30       66       48        3       21        3        0        0
            0      444        3        0      477      147        3        0
          414       45      339        0      932      502      312      261
          489        3      669     2097      657        0       87        0
         1038      740      270       57      153     1314      306       66
          435      622        0        0       33     1932      126      627
          746        6        0        0      762      507      565      830
            0     1191      357      959      912      330      636      909
          298      665      485      507      915     1067      945     1356
          819     1153      906      969      676      843     1284      546
          621      714      171     1005      318     1268      972      537
          123      498      582      306      471      900      972      798
            9      237      759     1230      201      996        0      717
          375      159      966     1377      531     1437      785      172
          535      636      927      400      955      841     1133      540
          126      103        0       10      295       68        0        6
           48       98      127        0      104      549        0       57
           18      255       36        3      165       51      429      149
          445       54      835      129      340      720      234       87
          191      459      127      138       12      297      525      556
          375      423      685      716      518      631      872      573
          357        0      146        0       86        0        0      110
          813      675        0       66      105      147      183      159
            0        0        0      224       93      138       15       45
           51        0        0      128       34        0        0        0
           72        0        0       36        3      186      426       21
           39       51       52       44      138       62      225       24
            6        9       12        0       60       72       30       57
            0       36      432      162        6      321      408        9
           45      254        0        0        0      470       36        0
            0        9      134      311        0       15       12        0
            0        0        0        0        0        0        0        0
            0      531       60        0      159        0        3      336
          564      324        0        0       99     1503        0        0
            3      483        0      237        3      471      871      129

Atom Distribution No.    15 at run step    2323:

  Count of atoms assigned to each task:
          299      123      174      375      555      426        9        0
          396        3        0        0        0      213       63        0
            0      825        0        0        0        0        0        0
         1294        0        0        0        0      720        0      159
            0       24        0        6        3        0        0        0
           36        3        0        0       33        0      378        0
          120        0        0        0        0        6        0        0
            0        0        0        0       64        0      377      709
            0      258        0        0      201        0      237       39
            6        0        0        0        0      276      135      123
           84        0       54      120      117       12        0        0
            0        0        0        0        0        0        0        0
            0        0        0        0        0        0        0        0
            0        0        0        0        0        0        0        0
            0        0        0        3       36       27      174        0
          460       76       47        3      777      273      597      228
            0        9        0        0      219       81        0        3
           66      198       99        0      252       54       12        3
            6      257       20        4      565       33      453      456
          642      501      255       93      452      425       39       30
          660      123      192       99      420      207      415      335
           45      177      309      288      111      186      519      486
          475      112      380      462      252        0       57      795
          477        6      348      671      221      129      234      706
           24        0        0       93      267      510      186      522
          187      406      239      585      717      306      778      612
          907      324      873      294     1003     1302      651      357
          864      870     1254     1012      891      411      717      540
         1047     1377     1377      651      702      648      948      432
          492      273      360      387      492      438      657      242
          203      532     1164      723      577      802      576      981
          723      601      130     1577     1005      840     1048      438
          456      620      283      657      757      795      896      801
          418      417      811      878      547      779     1017      964
         1309     1002      704     1116      579      639      633      764
         1036      549      984      730      408      969     1363        0

Atom Distribution No.    16 at run step    2685:

  Count of atoms assigned to each task:
            0        3        9        0        3        0        0        0
            0        0     1223     1245        0        0      933     1452
          534     1157      432     1473      294        9      882     1113
          639        0      759      474      403      580      831     1116
          198     1457     1212      201     1371       99        0     1065
          609      356        3      661     1548       45      663      609
          312      161       51       71      801     1020      347      381
          114       21      617       60      717      150      717      427
          192       65       39       87     1365      636        0      198
          639      588      388      825      177      405      180       81
          579        3     1401      387      336        0      414        6
          312        3        0       63       90      705      131       66
            0        0        0        0        0        0        0        0
           51        0        0       89        0       45        0        0
            0      138        0      507       66      312        3        0
         1623      765      108       51       12       24        3       81
            0      129        0        0        3      909      228        0
            0       39       54        0       36     1068        0        6
            0      141       90        0       18      570      345       60
            3      675      216       57     1320      159      597       12
          342      747     1453      559      450       75      750      948
          179      572      402     1074      700      887      539      543
          732      998      593     1103        0        0      489        3
          378        0      233        0      368      119      777        3
            0      235        0        0      331      666       75       39
          213      945      581      330      270      108      432      384
           99        0        0       98       15      154        0      341
            6      288        0        0       16        0        0        0
            0        0       89        3       36        0      471        0
            0      152      893        0      255       66      111        0
          177        0        0       15       12      769      199       33
           15      916      174      704       57      819      102       12
            3       99      397       48        0        6      249      196
            0       48      103      291        0       42      509      117
          621      417      231       51      452      916      668      855
           81      606      781     1101        0      831      863        0

Atom Distribution No.    17 at run step    3045:

  Count of atoms assigned to each task:
            3        0        0        9        3       10        3        0
            0        0       22      181      168        0       15      345
           15       15      333       12        9        6       15       24
            0        0        0        9        3        3        0        0
            0        0        0        0        0        0        0      414
            0        0        0      627        0        0      567      111
            0        0        0        0        0        0        0       48
            0        0        0        0        0        0        0        0
            0      130       21        0        0      214        0      313
          618      405       45      162        0       39       18        0
            0        0      240        0        0        0        0        3
            0        0        0        0        0        0       15        0
            0        0        0        0        0        0        0        0
            0        3        0       48        0        0        0        0
            0       24      846      216      152     1430      291      246
          459     1270      651      261      453     1600      795      528
          315      708       18      562      756      579      507      240
          745     1052      810      273      862      130        3      123
          345      390       21       24      540      747        3        3
          165      174        0       21      942      674      726      294
          549      411        9      314      153      129      578       63
          371      255       99      150      687      360      180      496
          351      692      564     1119      675      512      978        0
         1065      825      491      633     1545     1011      591      936
         1074      207      402      360     1152     1281      336      717
          588     1455      810      729      810        6       75      183
           36      291        0      138        6       78        0       51
            3      329      493        0      726        0        0      330
          669      438      364      238       12       90     1177      201
            0      543     1467      126      491     1153      875      334
           39       18      986     1409      229      757     1043     1059
          966     1826      218     1201     1310      920      946       15
            0      260      532        0      307      489      408      560
          369      398      300      771       57      507      276      804
          238      358      138      196      216      941      522      600
          465      338      943      747        0      522      480      368

Atom Distribution No.    18 at run step    3401:

  Count of atoms assigned to each task:
            0        0      150        0        0      297      543        0
            0      888      117        6      387       15       18        0
          213        0      853      428      279        0      867     1523
          338        0      306     1191      321      776      252        0
            0      423       69        0        0        0        0        0
          900      279      957        3       99      771        3        0
            0        3        0        0        0        0      804       12
            0        0        0        0        0        0      678      138
            0      141      372        0        0      453      831        3
          525      864       24      111     1334      129      369        0
           24     1143     1223     1380      834     1206      614      540
          702     1383        0      575      444      177        0      276
          573     1124        0     1203      198      717      648      258
          184        0        0     1580     1401     1087        0        0
          162        0     1089      519     1720     1359     1149      393
          120      465      573        3      588      636      561      582
          717      126      117      639      330      474       51       51
           15      135       27       72       12        9        0        0
          735      294        3      132        0       51        0        0
            0       78        0     1505      448      222      426       69
            3        3        0      648      207      456      825      974
          654        0        6      120      855      250      259      525
          329      119      129      252       81       72       48        3
          294      255      331      110      398      759      276       34
          168        6      237       24       30       78      240      794
          593      175      609      439      780       39      514       33
          198        0       23      604        0       21        0      775
          510      456      701      447      288      503        3      571
           10       15       12      179       12      243      384      240
           18      964      384        0      246       88      151      318
           36        0      338       60       24      492     1173      817
          496      933       36     1352       39       24        9        0
            0      425        0        0       12       27        0       72
            0        0       39        5        3        0        0        3
          376        0        9        3        0      195      408      939
           21      782     1195      528        0      999      424        0

Atom Distribution No.    19 at run step    3763:

  Count of atoms assigned to each task:
          852        3        0       12      327       33        0        0
            0      279       96        6        9        6      426        0
            0        0       63        0       21      504      789        0
            6      234       24      575      444        9        9        9
          162      486        0        0       12        0        0        0
            6       12       18        6      144      273        0        0
            6        0        0        0      817        0        0     1138
            0        0        0      141        0        0      345        0
            0        6        0        0        0        6      117        0
           18        0        0        0        0        0        0        0
            3       15        3        0      249      213       21       75
            0      606        0      468       10        0      219       75
          402      138       33      105       36      516      150      333
           48       24       30       63       24      818       12        0
            6        0        0       29       17      840     1056      255
            0        0      318      225      266       23      935       24
           12        0        0        3      345        0        0        0
          114        0        0      546        0        0       39       18
          336        0        0       18        0        0       15       21
          229      444      652      873       57        0      387      889
           33      222        0       36      216     1009     1122      301
          833      262        0      327      360      180      399      669
          610      926      267      561        0       24        0       21
          105       18      171       39       45      282      300      421
           15      309       78      141       90       27      196      609
          120      480      249       27       21      132      264      483
          524      405      285      558      633      672        0      243
          841     1092      243      903      759      678        0      261
           18      342        0      588      246      786      537      615
         1107      771      648      732     1020        3     1581     1041
          585     1214      964     1800     1153     2006     1458      843
          198     1180     1299     1003      387       15       20      581
          793     1158      518      804      820      624      615      359
          267      730      869      900      244     1160      106      465
          146      565      459     1327      548      996      648     1392
          301     1363      987      971      899      426      720      758

Atom Distribution No.    20 at run step    4116:

  Count of atoms assigned to each task:
            0        0        0        0        0        0        0        0
            0        0      270       75      201        0      237      144
            0        0      525      345      105      438     1208      374
          501      270      243      375      696      393     1413      474
          759     1803      210        0     1233      333     1186      642
         1577      968     1789      774      330      228     1239      742
         1100      141       15      273      597      522      402      694
          691      333       33      369      450      288      709      935
          336      726      492     1041      437      405      822        9
         1089      234        0      854      108      417      447      252
           18       42      426      574      257     1081     1128      582
           21      745      960     1038        9      255      729      267
          840      360        9      903      222     1383      354      477
            0      750      975      117      264      975      264      630
            0        0      285      382        0      215      859      432
            0        0      171       57      960      452      814       67
            0        0        0        0      926      294        0      495
          567        0        0      699        0        0       31      130
           36        0        0       59        0      746      207       66
          120      444      573      757        0     1082      174      637
          935      175        0        9     1038      282      918      419
          795       15        0      563      695       12      198      554
          518      519      150      647        0       95      779      547
          978      543      446      408      561        0      354      171
          269      137       30      273       78      131      220      184
          396      169      147       33       60      252      243      264
          183       69      165      384       99       60       74       26
           81       12      133        0        0        0       31        3
            0        0        0        0        0       21       21        9
           39       57       66       45      699        0       12        0
            0        6       33      603      327      798      243        3
            0      220       30        2        0        0        0        2
            0        0      110       33        0        0        0        0
            0        0        0        3        0        0        3        9
          151        0        0      175        9      193      296       93
            0      372      570      846        0      294      264        6

Atom Distribution No.    21 at run step    4486:

  Count of atoms assigned to each task:
          239      132      246      666      192      597        6       51
          108       36       45       45       69       15       60       18
           81       12        0      219       78       87      113       27
            0       51        3       42        0       18       99        3
            0        9        0        0        0        0        0        0
            0        0       15        0        0        0        0        3
            0        0        0        0        0        0        0        0
            0        0        0        0        0        0        0        0
            0        0        0        0        0        0        0        0
          322        0        0        3       98        0        0        0
            0        0        0        0        0        3        6        0
            0        0        0        0        0        0        0        0
            0        0        0        0       60        3        0        0
            0        0        0        0        0        3        0        0
            0        0        0        0        0      909        0        0
            0       27        0      336     1266        3      988     1116
           24        0      888      249       33        0      293        4
          184        0      552     1119      222        0      471     1275
          102       99      792      672      792      840      495      420
            9      153      751      807      894      240      570      961
          379      609       48       69     1146      340      432      858
          702      219      438      637      789      365       51      678
          615      186       12      490        0      368     1296       69
           78       15      909       30      285      876       33      132
            9      309        0      264      945     1041      594      216
          102      567      657      192      105       21      723      845
          915      429      453       30       45      450     1014      336
          288     1542     1239        0        0        3      834      729
          321      978        0      261      633      879     1096        0
          284      904     1122      782      449     1225      378      180
          366      270     1113      961     1285      477      797      551
          681      779       99     1002      888      420      264      456
          493      259      771      715      683        0      575      873
          521     1259      195      680      282      807     1095      471
          229      429     1015      955      249      399      712      666
          398     1095      372      889      662     1186      912      668

Atom Distribution No.    22 at run step    4842:

  Count of atoms assigned to each task:
         1255        0      153        0      114       33        0      327
           48        0      456      276      487        0        0        0
          514      419        0        0      711      243      138      444
            0      381       39        0        0      291       53        0
            0        0        0        0        0        0        0        0
          630        0      303        3      105      702     1179       48
           27     1178      354        0       57      636      147        0
          216      327      606      479       51     1206     1098      117
          234      170      471      621      282      486      276     1531
          438       63      936     1258      359        0      150        0
           66       51       99      645       69      411     1094        0
          153      589        0      396      132      150      321      291
           30      423      277        0       81      156       87        0
          812      306      219     1095      460      539        0      319
            0        0      665        0        0        0      294        0
            0        0        0        0      366        0      789        6
            0        0      798        0      134        0      168        0
          498        0      588      489     1065      609       27      375
          354        0      699      243      387      267     1599      489
            0      177     1029     1176     1074      297     1752     1254
         1185      129      423      402      723      726     1162      810
          504      825      468     1895     1642     1201        3      692
          899        0       22     1610      431        0     1247       72
         1201      478      175        3       24      666      162      181
            0       21        0      289        0      616      457        0
            6      289        0       53       67        0       96       94
          610      591       72      144       60      388      682      140
          122      566      223       99      192      162        3      120
            0       12        0       54      297      129      545        3
            0      783      502      139       27     1002      207       48
            0        0       33      516       19     1258     1015      774
          306      494      535      516       54       93      120      351
           96        3       84       12      162       24      177      135
           27      378      115      108       18       15      119       48
            6       12      212        0       72      433      590      216
           78      123      171      144       69      606      442      191

Atom Distribution No.    23 at run step    5203:

  Count of atoms assigned to each task:
          111      732      141      126        0        0        0      255
          624      129      318       48       54        0        0       18
            0       33        0        0        0        6        0        3
            0        0        0        0      719        0        0        0
            0      171        0        0        0        0        0        0
            0        0        6        6        0      180        6        0
            0        0        3        0        0        0       36        0
            0       38        0        0       15        9       12        0
            0        0        0        0        3        0        3        0
            3       12       96      369       39       27        3        3
          159      210      342        0      513        3       90        3
           36      195        6      381       47      352        0        3
          275       18        3        0       72        0       57        0
            9        3        9       99       33       54      195       66
           66       66      303       24      183       45       72        3
            0      351       90       18       24      396      292      122
            6        3     1045       84      633       93        3       12
          324      405       42       12      707      281        0      150
           12       87      234      525      264      606      312      312
          156       30      555      783      417      495      294      481
          836        0      180      282      315     1444      888      792
          387      882      635      995     1170      613      644      143
          309        0      255      945      558      331     1004      198
         1275      573      890        0     1212      675      606      291
            0      410        0       99        0      222      771      618
            0      810       21        9       45      120      182      387
          312      771       24       57      576      444      366     1485
          531      966      804      297      903       21        0       21
          126     1470        0        3      129     1008      873      243
          564     1588     1653     1210      250     1293      321      494
          368        0      807      488      648      608      988      496
         1235     1438      764      369     1170       60      637      631
          872      201      441      264      255       12       93       18
          334      607      139      444     1128     1298     1431     1339
         1144      396      180        0      168      531      846     1562
         1029      915     1073      450      261     1116      234      585

Atom Distribution No.    24 at run step    5568:

  Count of atoms assigned to each task:
          219        0        0      198        0        0       18       15
           42        0        0        0        3        0        3      102
          390       33      321        3        3        0      537      699
          288       24       84       77       15       57     1175      243
            3      138      144      588      180        0        0      246
            0      120      400     1100      105     1119       30        3
            0      309      330      488      340      276      306       33
            0      336      930     1292        0     1767      744       18
          155     1579      216        0      882      439     1546        0
          444     1749       78      348     1128      749      452     1265
          171      192      672      162     1642     1275        0      477
          157        0       48      104     1404     1089      408      672
         1457      279        0        0       90     1241      405        0
           12        0      240      150       36        6      798      321
            0      729      957      222       18      309       27      351
            0        6      723      357        0      840      882     1206
            0      198      975      333        0      678     1314      324
          918     1230      681      450     1500     1053      663      867
            0      669      210      114      111      912        0      105
            0      408      599      267      921      366      108        0
          285      832        0       24      380       96      709      693
          831      142      357      532      308     1084      462        0
          255        9        9       27      320      772      637       12
          456       24     1519      157      882      221      404        3
            0        0        0       17        0        2       60     1137
            0       15        0      317        0        0        0        0
            3       11        0        0     1091      277      669      156
            3        0       24       21        0        0        0        6
            3        0        0      432      477      152       62       93
            0        0       27      183       27       69       40       81
          450        0       15      114       71      446      972       72
           15     1017      745       21       37      105      219       39
            6      135       15       72        0        0        9       48
          297      396      111      162       36        9      135      165
          436        0        0        3      135      529      451      438
           18      141      897      468        3      255        0      268

Atom Distribution No.    25 at run step    5925:

  Count of atoms assigned to each task:
          378      237       90       66      711      102       39        0
            0        0        0      276        3       12      648      488
            0        0        0      114      324      287      165      156
          501      843        0        0        0       30      573        0
            0        0        9        0        3        0        0        3
            0        3      457      470      414        6      468        0
           18        0        0        0        0        3        0        0
            0       12        0      420        0        0       84        0
            0        0        3        0        3      132       30        0
            0        0      213       15        0       30        0        0
            0        0       66        6      357      584      397      339
            0        0      501        0        3      387      219      525
            0        0        0      189        0        0      291        0
            0        0       66      143        3        0      648        0
            3        0      165        0      372        0        0        0
          471       48      186        0      480     1454      441      480
          522      552        0        0      322      102        0      294
          171        0        3      198       12        0        0      165
            9      429      402        0      138      165       36       30
           42      848        6      673       33        3      396      321
            6        3        0       27       45      216      813       21
            0      619      463      211      120      439        0      240
            3        0        0        0        6     1200      195        0
          963        3      463      750      240     1072      742      148
          174      753      348      696        0     1386     1122      546
          576      836      714      693      897     1593      702      297
          567     1296      735      423      516      561      753      372
          219      558      138      363      243     1191      684      495
            3       15      843      252      631       38      726      519
          660      126      651      299       21     1027      549      483
          914      665     1556      168      572     1107      623      393
            0       24      757      943       69      828      466      891
          317      747      505      835      120     1415      592      844
          552     1444       49      647        0      974     2145      284
          731      216        0      447      609      965     1260     1011
          781      389      530     1110      201      681        0      696

Atom Distribution No.    26 at run step    6289:

  Count of atoms assigned to each task:
            0        3        0        3      290        0      120        0
            0        0        0       60      105        0        0      213
            0        0      768       42        0       72        0     1011
          755      645      558     1786      722     1017     1979        0
         1068      429     1834      162      303      120      456     1305
          362      246     1061     1469      898      399     1563        0
          501      103      117       12        0        0      249        0
            3        0      423      351      471      915       81        0
          160       42      155      757      813      186      630     1548
          674      396      288     1208      855      852      780        0
          435      869        0     1149      852     1649     1197       87
          519      960      705     1134      762       93     1074      405
         1803        0        0      813      297      528      537      372
          165        0      492      996       93        9      249       33
            0        0        0       60        3        0        0        3
           27       24       15        0       15      423       27       21
            3        3        0        0      318        0        0       15
           78       90       12        0        0       24        0       18
            3      207       21      163      102      695       12        0
            0      129       73      507       84      483       30        3
            3       66        0        0        6      162      174      171
           36      480      325      897     1206      739      318        0
          555      187       49      194      565       18      162       60
          510        6     1008      563       46      680      531       81
            0      342       42        0      103      451      267       62
          533      308       24        0        0       32      172       36
          356        0        0       12        3      948      118        6
           48      655       75      557       30      384        0        9
           47        0       71       12        0      750      618       78
            0        0      529      120       31      214       86       27
          154      359      345        0      125     1327      988      522
            0        0      180     1310      159      712        3        0
            0       34        9       36       24        0      293       36
           15       24        3      186       25      118      511        0
          351       42       99      222      576      928      904      726
          420     1216     1061      600        0      942      189      816

Atom Distribution No.    27 at run step    6651:

  Count of atoms assigned to each task:
           87        3       54        0       39        0       15        0
            0        0        0      108        0        0        0        0
            0      384       69        6        0      354        0       57
          129      405        0        0        0      915        0        0
            3        0        0       12        6      183        3        0
            0        0        0        0      174        0      679        3
            0        0        0        0        0        0      147        0
            0        0        0        0        0        0        0        0
            0        0        0      357        0        0        3        0
            0        0        0      207        0       36        0        0
           15      105        0        0        0        0      207        0
            0        3        0        0        0        0        0        0
            3        0        0        0        0        0       48        0
            3        0      333       21        0        0        0        0
            9      597        0        0        0      150      189        0
            0      519        0      197     1167        0      201     1301
          815      414      501        0      462     1732        0        0
            0      585        0       30      234      207        0        0
           66      420       27        3       75      252       90        0
          168      616     1193      363      717      623      397       18
          114      285      321        0      108      474      738       69
            0     1056      676        6      576      153      411        9
          225      978      286      184      117      120      189        9
           48      540      969      869      266      975      306        6
            0      228        3      255       15      291      692       24
            0      615      153        0      435      453      510        0
            3      522      610      249      918        6      600      282
          768      915      492      672     1011     1236     1185      963
          678      780      870     1521      819     1344     1554      774
          948      640     1395     1359      553      961     1041     1191
          311      974      885     1062      506      499     1336      673
          596      622      202     1557      716     1254      333      594
          228      451      556      674      571      426      210       27
          745      298      477      496      432      819      673      410
          421      562      117     1188      357      805     1057      249
          465      888     1243      956        0      747     1002      105

Atom Distribution No.    28 at run step    7011:

  Count of atoms assigned to each task:
            6        6       79      102       12     1092      138        0
            0       30      336      327        0     1255      462        0
            0      729        0        0        0      105      783        6
          186     1018        0        6        0     1266       48      147
            0       96      615        3      267        0      541      751
            3      654      276        3        6       33      207       18
          156        0      543     1182      738       21       15       69
            0      492      651        0        3      581      343        0
            0       18      105      822      300      195      312      150
          135        3       76       18      632      288      483        0
            0       39      297      246       54     1445      286        0
          787     1137        0        0        0     1240      879      291
            0        0        0        0       69      867      465        0
          255     1360      465       15        0       24       36        0
           96       84      555        0      177      384       93      490
          291      739      213     1623      370      504      114      132
           81      123       24        0       51      288        0        0
            0        0       33       18        0      324        0        9
            0       21        3       78      141       75      681      360
            3       12       30      814        0     1095     1038        6
            9       72      126      627      351      630       27      375
          342      405      753       24        3     1131      438       36
          114     1881      981      207      612      309      366      561
          387        0      246      423      678     1222      491      130
            0      132        6      318        0      474      171        0
           30      624        0      390        0      926      570        0
           12       15       63        0      966      517       36        0
          504      557      403      566      270      249      788      725
            0      477      139        9        0      897      538       54
            3      298      810       81      371      500     1546     1498
          742      681      732     1119      458     1087     1279      959
          729     1392      276     1387      327       33      330      165
           87      546       42      260       79       27      168      261
           18       27      372      219       27       42       87      372
          213      129       18       45        0      800      521        0
            0      833      810      147       33      438      726        0

Atom Distribution No.    29 at run step    7367:

  Count of atoms assigned to each task:
            6        0        0        0       28       11        0        2
            0        0        0        0        0        5      116        0
            0        0        0        0        0      159        3        0
            0      129      315        0        0        0        0        0
            0       99        0        0        0        0        0        0
          306      558       21       15        0       60        3        0
           36        0        6        0        0        3        0        0
            0      171      327        0       24        0      543        0
           15       34      210        0       15        0      297        0
          245      618      837        3      234        0      228      141
          309       99      240      209       63       18      216      417
           15      495        3      225      492     1198     1191       12
          741        9        0       81      153      729     1382      498
          777      264      921     1215      873      172      995      747
          852       69      709      904     1419      962     1048      531
         1062     1250      648      942       60      975      378        5
           28        0        0       18       21        0        6        0
            0       12       33      144      417      330        0      372
            0        0        3       33        6      558      766      615
            0        0        0     1347        0      426      974        0
            0      729        0     1479      498        0        0     1110
          192     1515     1275        0     1002      588      636      405
          660      111      513      873      168       57     1485      816
          441     1543      815      924     1388      696     1305        0
          576      834      126      848      572      489        0      367
          819      368      449        0       66      861      354      192
         1137      473      136      446      744      501      689      581
          111      430      210      556       15      276      105      560
            6       81      451      142       21      565      782      111
           33      147     1059       79      296      767      528      711
           18       39      162       84      105      676      753      383
           30      961      153      225      111       12      420        9
           15      701       27        0       30        0       33       12
          231       12      241        0      294       18      260       93
          711      471        0      147        0      555      506        0
            0      516      326      585        0      864      604      114

Atom Distribution No.    30 at run step    7720:

  Count of atoms assigned to each task:
            0       21        0      467      102      213        0        9
            0       45      189        0      612      405        3        0
            6      117        0      675      359        7      342      137
          342        0      165        0        0       87       27       45
          813     1458        0        2      347        0      117      783
          285      714      111      762      446        0      243      435
          312        6      150      537       27      921      851      216
          201      468      174        0       45        0      504      731
            0       78      275      866      948      480      366      349
          558      768      579      553      538      634      255      954
          177      105      494     1036      927     1477      911      759
         1155      888      942      801     1499     1040      975     1691
         1476      219      600        3      507     1017      258      519
          396      885      210       24      756      450      636      690
          513      630      699      516       60     1242     1272      141
          102      180      558      132      135     1036      345      106
          327        0       12        6        6        3      231        6
            0        3       90       21       33        9      111      273
           15      135      306        9       24       75      602      687
           54      170      105      254      153      558      640       12
            0      102        0      687      377      334        0        0
           12      389        0        0      419      666      538        0
            0        0        0      643        0        0        0       60
            0        0      530      707      417        0      493        0
            0        0        0        0        0        0        0        0
            0        0        0        0        0        0        0        0
            0        0        0        0        0        0        0        0
            0       48        0        0        0        9        0      636
            3      245        0        0        0      477      650       76
            6       84      759      114        0      400      773      378
            0      662      214       93        0      933      717       39
          231      109      249      691       54      432      606        0
           33      624        0        6      874      278      268      138
          177      213      528      663      537        0      321     1174
          657      234      450      647      514      783      879      165
          207      789      376      777      804      729      644        0

Atom Distribution No.    31 at run step    8082:

  Count of atoms assigned to each task:
            0        0        0        0        0        0        0        0
            0        0        0        0      536        0        0        0
            0        0        0        0        0        0      201       21
            3        3        0        0        6        0        0        0
           87        3        0        0        0        0        0        0
            0        0        0       12        0        0        0        0
            0        3        0        0        0      207        0        0
            0      111        0        0        0        0        9        0
            0        0        0        3        3        9      363        0
            0      201        0       33        0        0      132       21
          507        6        0      441       63      693      280     1401
          213     1050      385       42     1155        6        0      192
            0        3        0        0       45      399        3        0
           36      258        9        6      538       48      413       33
            9       24        3        0       15      801       69        3
          126       27        0      114       96        6      525      513
            0        0       18        0        3        0        9       48
            0        0      163        0        0      900        0      276
            0       87      216        0        0       51        3      882
           69      769      114      416       27      363      519        0
          675       90      177      472      735     1125      522      670
          534      948      711      528     1384      861     1234      652
          842      705      195      651        0        0     1238        0
         1143      555     1624      702      849      279      990      738
         1107      486      681       21      756      939      708      414
          645      156      147      354      879      393      282      408
          315        0      894     1317      180      717      423      480
          357      900     1083      849      766      639      948      989
         1297     1697      693     1490      727      894     1456      665
          879     1341      987     1542      861     1195      217      770
          299      987      281      766      679      715      765      231
          545      814      593      585       78      615      246        0
           78      111        0      357      434      374      149        0
            0      139      740      351       33      240      141      270
          687      633       36      416       18      174      396        6
           12      270      384       63      306      375      285        0

Atom Distribution No.    32 at run step    8436:

  Count of atoms assigned to each task:
           60      147       30        0        0       81        0        0
            0        0      918      951        0        0        0        0
            0       66     1074     1093      810      651      572        3
         1016      747     1441        7      982     1011      552      336
          341      250     1105       54      423     1279       24      383
          906      483      633     1473      597      744     2335      312
          267      609        9        0      395     1641        0      324
         1978      525        0        0      519     1134      617        0
          392     1298        0        0        0        0     1245        0
          114     1171        0        0        0       21      597        0
          444        3        0        0      309      438     1127     1212
          591      675     1335      996       93     1200       45      357
            0       18        0        0       12        6      195       24
           84       24        0       18      933       57       12       63
           78      222       15      117        9     1431        6        9
           24      858        0        0        9       12     1101      708
            0      396        0        0        9        0        0        0
            0        0      516        0        0       21        0      396
           24        3        0      879      691       15      794      312
          507     1399        9     1140      116        3       87      354
           78        3      108       90      303        0      108      324
          139      337      109      166      254        0        0      123
          574       11       66      450       24        0       12        0
            0      216      342      213        3        0       18      295
            3       50       21        0      170        0      334      442
           15     1198      171      108      330       75      348      592
          461        0       20        3      191     1057      555        0
           12      225      782      241      452       87       98      867
           57      405      395      743      223     1217     1304      348
          459      850      916      498      189     1125      617       42
          360        6       15      186      246      597      507      160
          159      142      519       58       19      362        0        6
           96        3        0        3      474      405       24        6
           48      390       93       42       15        3      117        6
          416        0      308       15        9      102      520      483
           51       24      792        3      360      558      249        0

Atom Distribution No.    33 at run step    8798:

  Count of atoms assigned to each task:
            3       12      148       15      387       69        0        6
            0        0       36        6        0        0        0        0
            0        3       27       48       21        9      648        0
            0      354        0        0        0        0        3        0
            0        0        0        3        0        0        0      522
            0        3        3       15        0      273        0        0
            0        0        0        0        0        0        0        0
            0        0        0        6        0        0        0        0
            0        0        0        0        0        0        0        0
            0        0        0        0        0        0        0        0
            0       60        0        0        0        0        0        0
            0        0        0        0        0        3        0       18
            0        0       60       57        0        0        0        6
            0      503        0        0        0      609        0        0
            0        0        0        0        6      603        3      261
          426        6        0      681      189        0       12        0
            0        3        0        0        0        0      659      831
           21      291       24        3       93      540      934       66
          522     1092       24      741     1164      319     1269      285
           90      540       33     1124      573      162        3      750
          503      259        0      351      642      258      273      336
          531      324      171     1399       87      252       39      357
          174      817       51     1048      216       60       21      984
          738       42      455      790      657      810      408      538
          109      545      396        3        0      351      474      345
           21      108     1063      723      744      753      962      633
          933     1617     1239      165      561     1968      717     1080
         1098      966     1134     1503      960      555     1248      906
         1065      288      306      774      809     1004      727      566
           87     1002      795      763      361      801      709      267
          513      492      835      437      527      450     1031     1303
          768     1175      233      429      395      868      498      210
          412      718      665      335      281     1281      604      570
         1072      534      315      165      165      375      698      454
          280      567      483      180      153      639      289      831
          371      429      384      339      630       66      356       27

Atom Distribution No.    34 at run step    9153:

  Count of atoms assigned to each task:
           38      728        3        0      552      891        3       18
            0        3        0     1406      364        3        0       51
            0      336      411        0        0      549      231        0
          948      730      894        0        0      693      712      308
          951        0        3      810        0        3      495      839
            0       46      742      633        0      462      585      150
           48        0      285     1826      783      854      651      231
            0      138      318      144      483      430      102        0
            0      730        0      264      141      297        0       96
          144      321      339      285        0      742        0      101
          120      319     1115      492      414      652      153      374
            0        0      173        0       33        0     1061        0
            0        0        6      249        0        0        0        3
            0      429        0        0        0     1005        0        0
            0        0        0        0        0      930        0      843
          225      123      885      152      534        0      636     1167
            0        0        0        0        0      525     1167      864
            0      813       12     1020     1494      567      633        0
         1362      345      591      486      714      645      177        0
          783      906      675      321       66     1296      153      243
           84      480        0      571        9       60      972       21
          114      822      315      561      686        6       90      196
           98      880      147      603        0        0      225      199
          529      514      613      317      204      666       18        0
            0      114      540        0        0        6      224      279
          220      184       80      472      264      657      441      242
          594       10       81        3      283      863      478      669
           39      108       80       99       61      177      382      382
          640       98      321      219       30       75      684      665
           18      395     1449      516      417      635     1280       72
          243      222      195     1031      703      800      954     1066
          253     1786        6      768       63      770      300        6
           60        6      226        3        6      123      105       12
            6       18       18       12       42       33       30        0
           18       12       51       72       30        3        9      390
            6        3        6      633      138       72      216      540

Atom Distribution No.    35 at run step    9517:

  Count of atoms assigned to each task:
           45       83      173        3      204      456        0        0
            0      129       90        0        0        9       57       48
            6      267        0       15        0      375       48       33
            0      135       45       39        0        3       24       51
            0       12        0        0        0        0        0        0
            0        0       93        6        0        0        6        0
            0        0        0        0        0       39        0        0
            0        0        0        0        0      246        0        0
            0      235        0        0        0      594        0        0
            0        0      257      444        0        3        0        0
          291      417      480       24        0      699      365      562
           18      279      417      279        3     1345     1201        3
           60      219      375      948        0     1657      618        3
          585      885      845      492      327      402        0      168
          613      525       96       39     1164      834       63      389
          535       27     1023      543      483      252      702      127
            0        0        0        0        8     1016      837      324
            0      330        0      180      253      284      775        0
          288      324      417      441      826     1177        0        0
            0      921      753      448      180     1026      213      606
          216      585        0       18       18      525      894      474
          126      654       81      480      840      489      465       54
          189      471      558      369      288        9      996      252
          702      684      357      525      474      723     1230      273
            0      723      576      690      273     1072      339      798
          486      348      822      324     1093      986      938      501
          731     1039     1006     1046      260     1211     1639      780
            3      873      628      285        3      318      772      693
           24      336     1300      327      693      699     1109     1155
           18      834      504      366      237      739      563      211
            3       90        3        0      397      246      354       24
           24       84      669        9        9      649      699        0
            3        0        3        0      151        0        0        0
            0      732        9        9        0       27        0        0
            0      135      522      195       84        0      490      892
          132      392      297      891      642       99      257       12

Atom Distribution No.    36 at run step    9879:

  Count of atoms assigned to each task:
          633       72      384      672      975        3      127     1278
           84       48      732      615      168      983        3        0
            0      386        0      870      606     1081      925      540
          552      948      967      402      768      969      693     1221
          765      347     1242        0      111      840      336        0
          129      150     1176      363        9        0     1152        0
           27     1016      263       43        8      371      292       60
         1605      598      340        0      204      104      438      402
           90      513      573      691        0      256      993      969
          558       15      237      318        0        0        9        0
           46        0       64      102        0       12      630       15
           27        0       69        0        0       93      498      273
           96       42        9      177        6      540      345       21
            3      401       63       15        0      228      621       24
            0      180      123      147       27        3       15      222
          318      591     1251       21      543       72      255       18
           60        0        6       15        6      123      384       18
            0      888        0       27       36        9      624      159
            6        0       66        3        6      204        0      378
            3      654        3       15      141      123        9        3
           18      228        0       33        0       48       15       54
           81       93        0        9        3       27        0        0
            0       96        0        0        0        0        6        3
           15        0        3        0        0        3        3        0
            0        0        0        0        0        0       90       78
            0        0      312        0      177      846      768      279
            0       66       54      210        0      342      837      276
            0      432      459        0        0        0      675      334
            0        3      171      461       98      225      396     1113
           21      609       40       96      282     1217      378        9
           63        0        9      120      601      445      681      426
          285     1202      205      384      800      728      820        0
          253      436     1008      203     1056      735      625      594
          838     1123     1028      952     1084      540      479     1452
          603      960      426      859      245     1130      645     1198
          382     1350      525     1182     1116      822      616       87

Atom Distribution No.    37 at run step   10240:

  Count of atoms assigned to each task:
            0       33       24        8        0        3       84       24
            6        3        6       45        3       15        3        0
            0        3        0        3        0        3        0        0
            0      427        0       87        0       12        0        0
            3        0        0        0        0        0        0        0
            0        0       48        3        0        0        3        0
            0        3        0        3        0        3        3       12
            0        0       18        0        0        9        6        3
           60        0        6      399        0        0      120       12
          270        0        0      390        3        0        0        0
          330      138        6        0        0      111        0       82
           12        3        0       15        3       18      650      227
          240      114        0      261        0       84      300     1407
          477      720      459      378      390      330     1582      600
            0        0      654      594      689     1725      459      366
         1152      189      273      747     1237      951      144        6
            0      270       12      321     1073      434        0      623
          390      513       90        0       60      732      961        0
            6     1861     1591      153      515      114      843      129
           51      141     1684      537      135      492      426      654
            0      120     1023      420      936     1029      714      534
          885      129      393       21      462      489     1206      483
          420      513      918      351      576      510     1128      429
          777        9     1131      708       39      894      513      870
          531      136      189      284      318     1461      336       15
          519      763      770        0      153      501      763      841
         1370      459     1030      606      177      503      717      477
          344      822      821       21        0      438      510       72
            0        0        0       87       57      673      689      156
          246      285      503       18      393      234       36      481
           16        0     1256      122      901      787     1305      996
          438      723      449      728      279      434      345      807
           12      141      258       72      270      891      272       89
            0      101       48       54      210      126       30       75
          156      228        9      276       21      940      532      555
            6      966      246      348       48      658      141        3

Atom Distribution No.    38 at run step   10595:

  Count of atoms assigned to each task:
            0      530      228       51       24      921        0      540
          315        0      150       48      469      278      753      306
          126      204        0        0       15     1128      636      440
            3     1014        0        0      525      432        0       15
            0       21      660      536      150       27      240      402
          237        0       21      474      405      123      950      546
            0        0        0       27      186      660       24      831
            0     1206      879        0      465      715        3      250
           24      310        0      153      117      792      114      639
          291        0        0      151        0        0        0        0
           66      140        0        0        0      393        0       15
           92      759      384     1293      963      676      783      240
          207        0        0        0      117        0      868     1961
          564      505      473     1764     1248      510      336     1512
            0      977      767        3      906      411      477      393
          687      954      795      918      615     2271      210       66
           12       18       72        0      894      660        0      414
         1095      627       84        0        3      723     1449      343
           33      545      291      168      861        0      519      261
            0      102      492      363       21      557      548      525
            0      348      543      948        0      893      558      781
          745      626      824        6      741      892      658      468
          813      512      310       31       81        9      396        0
            0       24        0        0        0       57        0       67
           61       18        0        0      170       10        2       38
          103      249      149       33       71      292      207      132
          117      147      123      153      270      689      856       63
            4      327      922      397      399      432      441       15
            9        3        0       18        6       82      109        0
            0        0      453        0      114        3        0        0
           54       12        0        0       93      663      894      151
            0      610       12        0      152      591        0        0
            0        0        0        0        0      312        6       12
            0       81      126       21      720        0      246       78
            0       18      459      162      273      740     1287      967
          679      135      627      321      492      672      440        3

Atom Distribution No.    39 at run step   10957:

  Count of atoms assigned to each task:
            9      134        0        0        0        0        0       72
           79       48      234      213       69       27        0        0
          270      177        0        9        0      111      237      138
           84      165       66        0      183       27        6        6
            0        9        6        6        0        0        0        0
            0        0        0        0        0        0       57       27
            0        0        0        0        0        0       15        0
            0        0        3        0        0        0        0        0
            0        0        0        0        0      291        0        0
          389        0        0       27      390        0        0      432
            6      465        0      108       96      513       51       69
           36      705        0        0        0      393      711      192
          360      150      189       15        0       15      537      673
           21      383      650      339      591        0        0      861
            0      342      123        6        3      975     1053        0
          492      720      854      615      495      672      696      210
          567      321      426     1255        0      265        0        0
            0     1030      336      174      237      435      264      682
          476      530      678      111     1072        0      520      331
            0      228      245       24        0      357     1197        0
            0        0        0      305        0        0      477      664
          279      525      552      123      171      201     1005     1291
            0      495      240       30        0        0      615        0
            0        0      165      242        0      288        0        6
           66        0        3      543        3       12       36      426
            0       78      459      660        0      570       21        0
            0      675        0        0      114      468      717      489
           18      189     1395     1164     1032     1827     1527      141
         1611      468        0      183      327       69     1181      315
           15        0      939      651     1040     1038      765      963
          447      936      516      832      208      653      746      467
          324     1583      923      952     1206     1264        3      298
          315      742      275      820      897      615      551      220
          607      672      477      738     1186        0       75      551
           24      610      644      360      213     1412      806     1137
          420      552      581      375      486     1254      896        3

Atom Distribution No.    40 at run step   11320:

  Count of atoms assigned to each task:
           15        0        0        3        0        3        0        3
            3       50        0        0        3        0      523        0
            0        0        0      717        9       45      684      126
          321        0        6      262       12        6      152       25
         1185        0        0        6        0      165       75        9
           15     1143        0        3        3      931       81       15
            0      200        0        3       15        0        0     1407
           36        0      108        0        0       18       36      780
            3        6      286        0       27        6       45        3
          350        0        0        6        3      498        0      291
          786      267      624      210      863      393      396      786
          435      788      621      351      612      678     1002      555
          636      321      456      289      484      984      447     1077
          597      719      975      882      967      320      914      987
            6        0     1159      975     2038      411     1620      702
         1163     1443      630      612      180     1134      561      492
            0      102       30        9        0       39        0      252
           45     1131       57        0       15       54      162      138
         1041     1395       45        0     1176      537      786      576
          243      759       54       45        0      144        0        0
            0        6        0      420      279     1025      630       90
            0      810       57        0        0      489      276       66
            0        0        0      439        0       12       21      316
           93       45       27      528        0      645      597        0
            0       45        0        0        0       30      616      295
          941      629      120      861        3       33      394      517
            0     1316        0        0      568      509      572      466
          552      135      319     1425      826      992      783      275
          919      219        0        0      456        0      654      528
           33        0        0       12       12       72        0      588
           96      452        0      401      847      699      978      531
            0     1515      633     1059      138      444        0       18
            0        0       46        0      122       66        0        9
            0      273        0        0      149        0        0        3
            0        6       60        0       15     1140      405      631
            6       57     1000      747        0     1212      384       69

Atom Distribution No.    41 at run step   11684:

  Count of atoms assigned to each task:
           15        0       62      412       72        0      183      522
          582        0      441        0        0        0     1754     1155
            0       99        0      429      616     1540     1098        0
          295      540       75        2      576        9        6      120
            0        0        0       78        0        0        0        0
            0        3        0        0        0      591       57        3
            0        3        0      168       63        0        0      612
          207        0       33      432       18       15        0        0
            0        0        3        7       79        0       12      174
          264      192        0       93        0      378        0        9
          396      348      123      258      252      583      226      210
          129      597      468       60       69      390      527      370
           99       84       21       18        0      326      129      780
            3      438      399       24        0       27      198      421
            0        0       12       45       50      103      709      225
           24      630      546      438        0      412      552      340
            0        0       12      264        9       42        0       15
            0        9        6        3        0        0        0      822
          177      651       84        3      679     1501      612      438
            0      593       59      120        0     1002      129       15
            0      123      465      174      402      522      878        0
          231      807       60       21      180      648       33      400
            0       23        3      213        0       14      459       18
            0       45      525       60       42      291      297        0
            0        0        0        0      120        3      234        3
           42       27      105      219        0       87      216      411
           18       36       33      786      327      867      981     1395
          432      243      207     1053      453      681      816      597
          144      231        0        0        6      273     1071     1440
          114     1196        0        0        0      867      177     1435
            0        0        0      504       27      655      345      243
            0      321        6      607        0     1067        0        0
            0        0      290      175      259      185      318     1285
          661      911      964      664     1451      211     1178      983
          325      901     1183      882      687     1528     1634     2276
         1728     1296     1088     1612     2181      612     1218      764

Atom Distribution No.    42 at run step   12037:

  Count of atoms assigned to each task:
            0        0      179        0        0        0        0       79
           15        0        0        0        0        0        0        0
            0        0        0        0        0        0      342        0
            0        0        0        0        3        0        0        0
          345        0        0      645        0        3        3        0
            0      258       15        9      900        0      704      783
          279        0      129      363     1110      208      168      677
            0        0      465      897       60      435      132       88
          714        0       39      162      321        0      966      183
            6        6       42      684      661      767        0       33
           48        3      111      291      261      579      591      854
          501      144      357      702      692     1185     1008      742
         1373      423        0     1257      246      732      455     1987
          593     1603      381      617        0     1454      714      546
           51      861     1126     1470      981      921     1206      240
          408      954     1425      702     1224     1305     1821      540
           36      303        0        3       48      522      606      585
          405        0        0      681      564      846        0      815
          671      261     1506        6      737      206       90      356
          780      207      574       36      426     1376      464      642
           57        9      328       65      339      606      829      304
          604     1036      182      117      618      732       93      450
          138      505       70      454        0      267      524      434
           15       34      609       66       69     1037      280       21
            9        0        3       30      145      407      427      191
          259      279        3      192        0        3        0        0
            6        0        3       33        0       93        3        6
            0       24        0       33        0      182      268        6
            0       12      540        0        6        0        0        6
            2      789        0        0        3      243        0        3
            0        0      129      549        0        6       24      564
            0       30       21       39       24      411        9        0
            0        0        0        0        0        6        0        0
          782      221       39        9       68        3       20      134
          291       71      504      336      228      471     1053     1263
          435      870      732      754      579      462      567      786

Atom Distribution No.    43 at run step   12406:

  Count of atoms assigned to each task:
            6        0      164        0        0      308        0        0
            0        0        0        0        0        0       12        0
            0        0        0        0        0        0        0        0
            0        0        0       51        0        0      249        0
          120        0        0      168       12        0      117        6
            0        3      204      234        0        0      591       15
            0        0        0        0       12      899       91        6
            0      141      407      219       18        3        9      267
           27        0        0      549        0        0      522        0
            0        3      336        0       12       12        0        9
            6       54       24       15        0       48      370      794
            0      501      330       87       60      462       54       27
           27      108       39        3        9      387      295      404
           19      331       90      300        0      165      123       33
           66       36       42      420       30      120      168       72
          177      381      540      182        0      501      519       57
           45       12        0        6       93      819      120       12
          486        0       56        0        3       95       75      286
          348       99      252      393      240      826      163      117
            0      728       12       27      390      288      555        0
            0       39      294        0      327      435     1115      663
          150      825      956      501     1092        0      792        0
           93        0        0      780      471       15      120       24
            6      738      489      453      311     1018      489      756
            0      336     1001      257     1437      381     1109      866
          558      852        0        0      297      192        0      159
          285      933        0      165      783      636        3      420
          210      153        0        6        0      198       36      360
            0        0     1038        0      546      666      240      441
            0      552     1041      894     1008      915      894        0
         1002     1078      477     1179     1379      891     1355      660
         1221     1531     1264        0      814      976      541        0
          508      854     1017      177     1176      577      132      144
          231      664      699      612      454      743     1114      985
         1211      771     1320      770      615     1475     1009     1353
          609     1179      495      864      255      540      272       69

Atom Distribution No.    44 at run step   12761:

  Count of atoms assigned to each task:
           90       33        0        6        6        3       36       51
          397      102      603      480        3      174      591        0
          382        0       31      378        0      162      237     1425
         1007        0        0      365       21        9        0      960
          669      903      426      205      304      201      213     1011
          480      393     1113      165     1020      684     1972     1210
          514     1575       42        0      513     2350      306      747
          448      403      175      947     1347     1173      554      609
          177      714      502      632      825      687      165       36
          963      360      812       39      126      672      183      285
            3     1474      492      198      555        3     1020      816
          843      780        9        0       15        0        0      213
            0      183      594      810        0      675      561      225
          228     1113      531       12        0      405        0        0
          135      216        0        0        0      804        0       21
            0      546      999      330        0     1440       33        6
            0        0        0      744        0        0     1201        0
          120        0      570      141        0        0     1015        3
          260      195        0        3        0        6      883        3
            0      312        0      642     1026      540      347        3
            0        0       47     1017      135     1691      637        0
          781      790      674      143        0      763       72       26
           18       46        0      175       96       51      270        0
           78      549      171       75      614      482      173       74
           15        0      177      199      131      689       15        0
          186      135        0        0        0       15        0      198
            0        0        0      479        0       45     1029     1084
            0      390      135      273        0        3      170       27
            0        0        0      381      558        0        0        2
          702       66      167        0        0        9        0        0
            0        0        9        6      327        0     1203       12
           54     1055       27        0        3       33      107        0
           15        0        0       12       33       15        0        0
            0       15       39        0      134      353        0       24
          447        0        0       51      636      896      675     1102
          672      967      812      597      312      897      704       30

Atom Distribution No.    45 at run step   13113:

  Count of atoms assigned to each task:
           99       63      305      705      150      216       12        0
           69       72       21      918      215      273       51       12
           50        5       17       13        6       18        0      314
            3       92        0       60       93       36        6      162
           36        6        6       27        9        6        3        0
            0       30        0        0        0        0        6       93
            0        0        0        0        3      441        0      156
            0        0        0        0        6      612        3        0
            0        0        3        0        0        0        0        6
           18       18        0        0        0        0        0        0
            3        0        0        0        0        0        3        0
            0        0        0        0        0        0        0        0
            0        0        0        0        0        0        0        0
           12        0        0        3        0        9        0        0
            0        0        0        0        0       21        0        0
            0      219        0        0        3        0        0        0
            0        0        0        0        0        0      553        0
            0        0      125      291       12      528      969       48
          285      330        0        0        0      526      640        0
          222      696      873      276      195     1536      723        0
          495      342      490      637      144      507     1249      304
          480      543      588      318      240      769      198     1203
          540     1068       60        0        6      100        3        0
            3      529        3        0      597      675      444      582
          703        0      624      678      582      258        0      426
          733        0        0       50      167        0      318      692
          876      306      210     1061      204      234      741      498
          951      670      783      768      612      492      837      675
          912      798      660      714      414      813      630      963
          663      288      180      147      993      606      810      831
          705     1231        0      837      519      757     1097     1047
         1202      861     1363     1464      317     1511      764      216
          547     1245      597      750      585      968      365     1208
          599      744      533     1382      417     1596      303      993
         1517      897      363      852      381     1107      635      807
          276     1431      390      606      312      813      421       42

Atom Distribution No.    46 at run step   13474:

  Count of atoms assigned to each task:
          189       24        6       42       20        3      784       57
            0        0      159      507       24        0      147      102
          153        0     1110       15     1227     1215      634      719
          114      348      852     1162     1080      408      927      378
          674       95      750     1248      414      449     1453      321
          402      542     1474      318      483      950      556       75
            0        0        0       69      219     1623        0        0
            0      321      687     1106       66      639      309      773
           66      881      132      138      678       36       84      297
          111      695      792      660       75        0      729      783
           12       21      537       36        0      241       21       15
            3       54      150        0       30       27     1029       12
            0      114        0        0        3        0        0        0
          708        9      345     1018      357        0      693       33
          147        0       36      318        0      363        0      612
          591     1002     1275      390      102       12      429      837
          474      492      420      201      927     1212      519      249
          156        0     1116      189     1245      183       72     1325
          188      250      687        0       75       21      624      715
         1372     1543      116        3        3      324      472     1097
         1232      705      623     1162      678       24       72     1085
          582      692        0        9      333      401      248      387
          339        9        0        0      341        0      759        9
          446      988      763      395      979        3       15      495
          120        0      500      588     1577      264       66        0
          378        0        0        0      189        0       12        0
            0        0        0      823        0       12        0        0
            0        6        4        4        0        0        0       12
            0        0        0        0        0        0        0        0
            0        0        0        0        0        0        0        0
           17       18        0        0        0        0      154        5
           15        9      252       20       12       18      164        6
           69      268        0      152      114        6        0       78
            3      345        6      168       72      729        0      276
          322       12        3      291        9      715      726      870
          270      632      567      600        9     1542      521       81

Atom Distribution No.    47 at run step   13826:

  Count of atoms assigned to each task:
          482      534        0        0      123        0      291        0
            0       81      582      639        0        3      674        6
            3       47       11        0       37        3       84       85
            0       66      210       12        0       39      132        0
            0        0        3        0       12        0      111        0
            0       66        0        0        3        0        9        6
            0        0        0        3        0      141        0        0
            0       36      801        0      387        3      198      158
            0        0        0        0        0        0      203        0
            0      158       18        0        0        0      819        0
            0        3        3        0        0        0       45        0
            0        3        0        0        0        0        3       63
          288        0        6      327        3        0        0      120
          324       69        3      609      178      111      819       48
          738        6       63      369     1361      668      738      717
          913      700      687      798     1158       60     1287     1245
           36      478      759       12     1161     1764      267        0
           21      351       15      384      150       69        0      123
          549      355       33        0       18      760      531      552
           78       24        9      702      785      376      422        0
            0      795      276        3      450        0      507      540
            3      396        3        3        0      624      516        3
          162      537      159      447        3        0        0      674
          579      975     1005     1137      189        6      204      966
            9        0      234      468     1155        0       63      357
          462        0        0        0      240      249        0       30
            0      681        0     1389      279     1587        0        0
          573     1171      102      798        0      438      333       54
          824      186       63        0      552      330      489        0
          144      416      791        0      358       86       54      873
          105       60        0     1306      241        0      926     1168
          661      128      921     1275     1017      975     1035      596
          707      332      954      685      653      611        0      812
          339     1297      677      675      796      399      324      375
         1237      691      247      807     1047     1419      968      579
          366      462      365      862        0      900      480      830

Atom Distribution No.    48 at run step   14177:

  Count of atoms assigned to each task:
           12        3        0        3        3      374        0        0
           78      822      186        0        3        9      174      423
          444     1214      330      135      498        0      699        3
         1225      150        9      444       12     1122      732      380
          194        0       35        0        9        0        0       45
            6       81        0        0      428      189        0        0
            0        0        0        0        0      441      153       96
          339      393      384      327      932       36      168       12
            0        0        0        0        0      108      351      798
            3        0        0     1009      103        0      285        0
            0       93        3      567       48        0      210        0
          135      222        0        0      390      709      663     1170
          384        0      450     1389     1677      689      834       30
         1170      351       93      876      699      126     1209      261
         1241      322      108      801     1827      978      816     1011
         1108     1533     1797      567      468     1095     1716      762
            0        0      486        0      591      243        0        0
            0      315        0        0      285      192        0        0
            0       75        0        0        0      651      837      231
          366      123        0      306      508      993      987      592
            0      590       69      645      123      945     1101      887
          711      862      411      197     1062      552      484      361
          684      668      585      324      678      985      830      411
          645      694      758      956      321      447      168      582
           60      287        9       44      254      466      444      329
          306      171      306       78      570      627      196      142
          512      379      108      390       54     1167      506      370
          475      377        9       69        3      672      597        0
          561      142       18        0       21       75      179        3
            9       96      171       54      236        0       45       70
           48        9        0       18       27        0     1170      441
          294        0      489      417       18      148      159        0
            9        0        9        0        3        9       69       36
           87        0      237       21        3        3        3       27
           90       27       33      180      279      603      138      129
            0      114       48       75       12       49       98       93

Atom Distribution No.    49 at run step   14540:

  Count of atoms assigned to each task:
          210      512       39        0        0      186      180      126
          360      285        0       84        0        0        6       51
            0      144        0        0        0        9        0        0
            9        0        0       12        0        0      291        9
            9        0        3        0        0        0        0       84
            0       87        0        0        0        3        0        0
            0        0        0        0        0        0        0        0
            3       18        0        0      281        0      132      734
            0        0       81      762      621     1045      361      582
          642        0      315      630      496        0      448        0
          625        0      486      189      192        0      156        6
           45       30        0       21        0       87      339      336
          430        0        0       55      317     1023      333        0
           78       45        0     1155       46        0       75        0
           36        9        0        0      232       42      852      189
           66      249      294      514       69      270       68        0
            0        0      134      405      534        0     1083        0
            0        0      150      171      177      176        0       33
           33      664      474      726      867     1132      467      747
          435      249      709      744     1123      606      587      865
          308      714      135      534       78      432      977     1002
          270       54      594     1439      408      351      414      879
          444      432      993      534     1074     1314      468      984
          726      789     1797      447      357      822      316      696
          177       39      309       93      159      525      431       27
           51       36       42      120      152      261       90      324
          573      339      399       15      304        0      449      568
         1030      904        0      612        0     1465     1613      704
          775      345      363      830     1179     1106     1322       11
            0      498       80      337     1012      318      979       39
            0        0        0        0        0      711      991        0
           39      138      189       45      156        0       30        9
          222        0       57        0        6       74        0        3
           42        0      302      558      145      180     1244     1218
           99        0     1154      268      434      435      540      850
          985     1143     1585     1114      618      828      589       18

Atom Distribution No.    50 at run step   14892:

  Count of atoms assigned to each task:
            3        0        3        0        0        0       29        0
            0        0        0        0        0        0        0        2
            0        7        0        0        0        0        0        0
            0        0        0        0        2      209        0        0
           49        0      924        0        0       57      252        0
            0      327      372      333      120      826        3        3
            0      238       75       15        6       15      762      675
            0      375      997        0       22     1419      420        3
            0        0        0        0        0        6      363       15
          228        0      311      760        3        0      318        6
          699        0      996       42       51        0      756      212
          321      582        0      624      120      741      522      678
          930      372      559      978      474     1149     1078      661
          558      987      885      987      795       84     1286     1014
          525     1109      952      408     1203      423     1754      786
           27      462      987      531      258      774      399       27
          477       87      375      216      174      291      579        0
          771      105      270      234        9      270      687      192
            0      150      279        6      105      435      312      705
          153      414      813      585      498      492      924      318
          312      291       39        9       87       45      354       24
            0        0       87      195        9      120      117       48
          132      156        0      192       24      297      105      675
           98       51      484       57        0      462       15      345
            0       57        6       75        6        0      189       42
            0        6        0        0      282        3       45       15
          171        0        0       12        0        0        9     1093
          382     1243        0      859      280     1309     1251      603
          302      337        0     1305      887     1230      965      480
           21      605      478       71      440      555      252      984
          700      585      358      482        0     1440     1078       54
          469      821      381      171      633        0       96        0
          331      575        4        0        0      251      434      101
          441        0      933      758     1221        0      747        6
            0        0      711       93      204      560      532      127
          129       21      789      534      117      408      686        0

Atom Distribution No.    51 at run step   15251:

  Count of atoms assigned to each task:
            6       21      214       99       12      352      474      195
            0        0        3        0        3        0        0        0
            0        0       63        0      105        0        0        0
           48        0        6       15        0        0        0        0
          159        0        0        0        6        0        0        3
            0        3       24       93       12        3        0        0
           63        3        0       45        0        3      240      126
          141      400        8        0      221      128       30        6
            0        3        0       80        6        3        9        0
            3        6        3        3        3        3       18        0
            6        0      509        0        3        0      576        0
            0      705        0        0        9      309      569      784
           18       30      123      333      300      138      300      486
            0      315      574      270        0      104      348      282
            3        0      600       30      666      222     1426      507
            0      729      363        0        0      228      381        0
            3        0        0        0        3        0      953       81
          378        6      774      264      159        0      238        0
            0        0      392      111       18      473      327     1158
           21      519     1358      288      522      489     1001      866
          348      141        6      369     1179      281      734      999
          639      510      721      827     1209     1187      655      648
         1104     1120      321     1314     1167      576     1494      417
          912      663      459      711     1335     1371     1176     1047
            0      516        0      714        0        0      876      660
         1147      306      801      436     1507     1562      831      268
           29      500      423      498      228      912      301      411
            6      114        0      133        0      489      343      693
          234       15      212        3      787      698     1103      503
          170      609     1202     1286      855     1905      989     1072
          317      930      303      837        0      500     1015        0
          747      312      462        0        0        0      623        0
          272       24        0        0      212        0       64        0
            0        0      132       54       79        0      150        0
          333        0        0       72        0      945      747      611
          223        3      403      504        0      795     1114       15

Atom Distribution No.    52 at run step   15608:

  Count of atoms assigned to each task:
          656      306      444        3        3        0      180      948
          249       68      302      229       18        0       33      416
          174        0       15        0      897      423     1139       22
          243        0     1353     1198     1014        0      201      345
          411        0        0      519        3       18       27       51
           45        0        0       33       48        0      309        0
           39       21      719        6      298      912      180      126
          171      348      462        0       15      889      246      939
          186        0      135      135      114     1299      774       96
           33      234      651      210        0      105        0      977
           24       10      909      198      357       66      429       15
            9       15        0      616      105      112      802      513
          147        3        3      171        6       36       15        0
            3      264      327      102        0        6        0        0
            0        0        0        0        0        0        9      159
            0        0        0        0        0        0        0        0
            0        0        0        0        0        0        3        0
            0        0        0        0        0        9        0        0
            0        0      222        0        0      420        0       33
            0        3      399        0        0       21       18      266
            0        0        0        0      126      141      216      384
            0       18        0       27        0        0      519      198
            9      487        0      320        0       12      511      501
            3      435      327      186      117      579      210      224
            0       24        3        6      158        9        3       27
          174       93       36      117      414      288      789        9
          510      273       81      282       15      477      702      543
          552     1032        0       27      924     1428      318      606
          441       27        6       45        6      543      750      672
           24      564      237     1173      579     1251      867       87
         1335      615       36      650        0     1286     1173      885
          515      270      282      873      316      318      817      604
          263      384      291       54     1201        0     1122     1330
         1187      732      607     1963      185     2019     1415       92
          159      501      792     1179      841     1392     1806     1617
         1351      471     1515     1140        0      956     1128     1008

Atom Distribution No.    53 at run step   15977:

  Count of atoms assigned to each task:
          113        0       27        0        9      420        0        3
            0        9      153      417        0        0      123        6
            0        0        0        0       57      354      876      468
          443      846      792     1058      648      318      234       18
          150       27       15        0        0       42        0        0
           66        0        0       60        0        0      138        0
           12        0       36        0      525       18       93        0
            0      291      472        0        0      541     1108      348
          252      321      438      630        0      613     1194     1182
            0      679     1215      417      126      620     1112     1221
         1134     1203     1416     1374      723     1652     1737      243
          919      737     1002     1053      892      729     1068     1056
         1053      939      993      978      546     1167     1203     1365
          483      495        3      660        0      528        0      366
          282        0        0      855     1125      276      444       60
            0        0        0        0      486       12        0        0
            0        0        0      240      312        0       12      498
          315     1201        0        0      429       60      771      384
          261     1105      447      950       54     1338      913      897
         1347      430     1135     1115      720       11       33      330
          107      664        6      239       18        6      801       78
            0      454      315       15       62        0      258      198
           54        3        0      516        0      121      297        0
           33        3      314      132        9        0        0      348
            0      288        0        0      719       72        0        0
          471       65        2        8        0       88        3        0
            0        0        0       21        0      206        3        3
            3        3        0        0        0        0        0        0
            0        0        0      267        0        3       15      386
            0        0       84     1219      691      801      867      105
          378      342       96        9      195      879      299      651
         1014      803      377      381      137      287      261        3
            6        6        3        0       72        0      249       21
           21        9      168       24       15       21      120        0
           24       39        3       12        3     1039      318      972
            9       33      258      192       18      957      363      456

Atom Distribution No.    54 at run step   16340:

  Count of atoms assigned to each task:
            3        3      171        9        0        3        0      220
            0       60        9        6       81        0        0        0
            0        0        0        0        6        3        0      138
           30        0       63        0       15      207        0        0
            0        0        3        0        0        0        0        0
            0        0        0        9        0        0        0        0
            0        0        0        0        0        0        9        0
            0      312        6        0        0      132      240      123
            0        3        0       66        0       66       87        0
            0      234        3       33        3        3        3      135
            3      267        0       42       34      156      256        6
          166      379      615      759       42        9      333       72
            9       27       24        3        3       18        0       15
           45        3        0        6       39       42        0        6
            3       21        3        6        0       24        0        0
            3        0      544        0     1352      258      132        0
            0      231        0        0      306        0        0      553
          316        0       21       30        6       68      288       12
          951     1362       24      556      413       12      888     1413
         1078      465      828      724      736        3      108      825
          186      579        0      324      857      173        9      195
          240      216      192     1068      231      795      609      631
          363      774        0      183      270      207      192        6
          310      970      237      648      940        0        0      262
            0      421        0        0      249      246        0      219
          270      267      258        6      237      288       36      285
          248      123      521      444       18     1026       27      372
            0      621       12       21      408       81       84      576
          690      540     1266      834     1215      849     1566      990
         1500        0     1170      963      351     1635      855      267
          802        0     1954     1799     1912      840      651      960
          934      516      740     1544      430      596     1349      828
          924      788        0     1334      614      906      636      490
          420      859      458      939     1423     1013      652      727
          783      234      956     1329      564     1270      394      536
          438      651      492      396        0      357      151      156

Atom Distribution No.    55 at run step   16706:

  Count of atoms assigned to each task:
          170      133      156     1508       39     1216      838       18
            0     1560      345      275      601        0      795      489
           15       57      234     2127      801       24     1161     2377
          798     1155     2955        0       30     1890        0      313
          357      987       78      210       54     1434      102      368
         1018      972     1536        0      517     1008      621      378
         1338      360      648        0      354        0     1351       21
          414      321        3        0      729      342        3       69
           42      174      108      180        0      102        0       72
            0       18       24        3        0        0        0      177
           60        6      361      516     1071      213     1095      579
          459      744      525      519        0       60      912      534
            3      138        9     1092      207       24      171     1092
          234      912      414       63      198      963        0        3
            0       27      135       15        0        0       84      360
            0      258      108        9      861       42       81        0
            0        0        0        3       15        6     1104      197
          619        0       69        9        0      669        0      135
           24      129      456       81      504     1453      318        0
          567      178       39      682      683        2      595      809
          616      579      637      584     1091      607      851      784
          414     1056      359      412        0      811     1076      198
            0        0        0      509        0        0        3      431
          308     1715        0        3      644        0       27      811
            0        0       68      566       45      446      126        0
          681        0       54      408        0        0        0      132
          333        0        0        0        0        0        0        0
            0        0        0        0       30        0        0        0
            0        0        0        0        0        0        0       64
            3        0        0      400        0        0        0        0
            0        0        0      306      334        3        0      109
            0        3      407      252        3       30      549       30
            0       30        0       12        3       51      105        6
          108        6      102       24       24      126      114      799
          374       90      347       57      231      792      501      994
           50      297      366      294       48      963      663      345

Atom Distribution No.    56 at run step   17066:

  Count of atoms assigned to each task:
          276      198        0       54        9        0        3        0
            0      318      204        3        0        0        0        0
            0      201      225      138      198        3       33       78
          177       54      147        0        0        0        0       21
          216       18      105        0        0       63       69       25
            6        0       15        0        0        0        6        0
            9        0        0        0        0       12        0        0
            0       12        0        0        0       15        0        0
            0        0        0       18        0        0        0        6
            0        0       69        0        0        0        0        0
            0        0        0        0        0        0        0       29
            0        0        0        0        0        0        0        0
            0        0        0        0        0       15       13        0
            0        0        0        0        0        0        0        0
            0        0        0      409        0        0        0      169
           47      190      381       42       30        0      195        0
            0        0      411        0       78        0      543      683
          618        6      603      696      609      520      783       93
            0      555      690      681      930     1351      735      588
          234      231      766      660      630      586      775      135
          621      231      957      767      570      376      633      429
          477      600      665      397      687      753      414      202
          895        9      513      912      120      573      348       93
          822      660      231      513      780      826      372      774
            0      744      603     1133      186      738      552        3
          663        0     1005      453      522      396      669      522
          606      111        0      567      801      576     1125      255
          138     1059      717     1110       99        0      315     1113
          855       75     1366      994      682     1027      534      708
          777      400     1097      800      652      723      539      234
            0       18      255     1451      783     1089      652      831
            3      681      375      615      669       42      531       51
          359      416      460      773      832      483      551       51
          766      773      636      552     1101      450      325      692
          882      846      277      725      243      495      711      766
           63      391      445      705      258      909      516      230

Atom Distribution No.    57 at run step   17423:

  Count of atoms assigned to each task:
         1297       51        3        6      645      783      400        3
            0       12      290      619      927      483        0        0
            9      734       37      638      894       18       93        0
           39      606       27        0        0       30        0        0
           24        0        3        0        0        0        0      586
            0      177       51        0      764        0     1989      288
          627      176        0      588     1068        0        0        9
           48      252        3      799     1216      657      799      292
           24        0      239      233      108        6       36      666
          153        0       87      357       81       24       57      162
           33       42       48      654      596      140      129      133
           48        3       27       57      114      129      168      108
           45        0       87       57        0      141       18        0
            0       75        0        0        0        0      147        0
          177      174      324      208       66       37      102       83
          146       54        0      730        3      648       42        0
            0        0        0        0        9        0      144      138
          498        0      135        6      102      135     1315      435
            3      216      132       42      438      720      316       75
         1382        0       33        0      753     1162      464      801
          273        3        6      648     1175      916      708      330
          192     1491     1428      477       54      636      444       93
          531        0      573       12        0        0     1359      213
          186      825       30        9      291      456      327      567
          885      810      270      297     1338      222        0      791
          606       15        0      180      117       18        0      153
         1109     1029        0      139        6        9       42     1076
          255        9        0      405      360      655        6      176
          536      503      195        0      556      718      203      202
            0      811      635     1173      283     1326     1134        0
            0        0      307      746      641     1913     2248      513
            0     1023      499      765      525        0      306        0
            0      300      366      186      375      506        0        0
           69     1132      660      243      153       36      102      270
          479      282        0      761        0       45      399      294
          390      733      753      689      714      585      705      147

Atom Distribution No.    58 at run step   17775:

  Count of atoms assigned to each task:
           59       24        0       51       18        0        0        0
            0        0        0       15      199      186        0        0
            0      651        0       48       54        0        0        0
            0      438        0      219        0        0        0        0
            0        0       66        0        0        0        0        0
            0       42      877        0      104        0        0        0
            0        0        0        0      456        0        0        0
            0        0        0       10      787      393      390        0
            0      720      413     1049      654     1284        0      872
          688      699        0      171      759      508       44       10
          175      244        0       72       24      975      693       18
            0      132        0        6        0      339      105      866
            0        0        0       99      132     1026        0        0
           72        0       75      462       24       18        3      166
            9        0        0       15        6       21        3        6
           21      172        0      276       12       57        6       21
            0        0        0        0        0       30      135      167
           24       78        3        0        3       87      396       12
           39        0       60      423       30      939      233        6
          231      291      708       21       81      333      402      102
          141        0        0        3       39       45       15       21
            0       69       27      165      508      469      129      210
           66        0      236        0      246        0     1557      285
          868      473      435      603      459      643        0      525
          638      459      672      615      327      194      253       34
          628       15        0      510      741      345       18      970
          930      552      348      816      600     1044      495      486
          411     1017      756     1005      711     1257     1110      783
         1110      699      939      885      324      939      780     1081
           21      791     1496     1288     1305     1124      830      671
          311      480       39      943      323      936     1285      752
          294      783      287      535      120      108      165        0
          108      435      419      562      140     1254        0      759
          375      676      460      883      843      798      497      379
          581      263      210     1503      472      891      471        0
          429      801      760      938      471      558     1182       24

Atom Distribution No.    59 at run step   18138:

  Count of atoms assigned to each task:
            3       77        3        0        3        3      647        0
            0        0        0        0       27        0        0        0
            0        3        0      972        6        0        0        0
            0       21        0       12        0        0        0      459
            0        0        0        0        0       27        0        0
            0      468     1170        0      156      390      657      669
           90       54      434      162      201        6      149       63
            6        0      387      105       66      234      468      555
          120      390      363      315      411      369      618      546
          177      960        0       81      337      669      630       99
         1305      313        0       12      213      255       51      429
            0        0        0        0        0      459      234     1130
            0      613        6      999      381     1228        0        0
            0      230        0      484        0      621        0        0
         1252        0        0        9      465       12      112      197
           54        2      907      132        3     1113       18        0
            0        3        0       48        0      818        0        0
            0      603       33        3       99      693       42       42
           48      450       36        0        0        6      474      921
         1437      255      339        0        3      474      744     1446
           21      600        0        0      189      942      414      207
          144      222      654      369      978      936     1131      153
           57        0      240      366      432     1524     1470       27
          621      603      651      963        3      537      123      858
            9       12        9        3        0        6      162       24
            3        0        9       54       12      129      183      927
         1037       18        0      615      234       78       60      498
          649      500      312      151      505      386      777      720
          242      146        0       18      173      773      638       99
          267      234       81     1079      543      850      585     1546
           18        0        0      878      318     1149      855     1325
          498      901      724      815      524        3        6        3
          117      192      213     1005       27      857        0       61
            0      664      705       99       27      838      124      446
          239      387        0      848      273      687     1179      805
          363      969      742      970       63     1023     1081        0

Atom Distribution No.    60 at run step   18497:

  Count of atoms assigned to each task:
            3        3        0        3        0        6        0        0
            0       34       10        0        0      397        0        0
            0        0        0       22        0        0        0        0
            0        3        0        0        0        3        0        0
            0        0        0        0        0        0        0        0
            0      156        0        0       18      225       33        0
          249      375     1008        0     1332      753      186       57
          720      279      690      598      714      483      108      663
          905      468      420      282        6      156      306      159
           12      201        0       15        6      417      102        6
          171      108        0      819      558      606      399      866
          210       48      273      321      348      342      600     1569
         1377      871      718      534      471     1095     1115      779
          555      447      633      152      410      278      767      303
         1260      261      498      640      999       12      489      408
           15      213     1177     1038     1184      931     1047       33
            0        0        0       21      447       51      447       99
          456      723       30      582      795       57       18     1059
           54      570      525      660      336      789      720     1257
          567      348      357      895      333      249      192      363
          162      159        0        0      905      752      474      522
          475       87      536      601      206      482      825      642
            0      833        0      228      502      893        0        0
          102      267     1330      340       45      407      313      382
            9      531      516      306      784        6      620      486
            0      162      288      798      171      877      310      452
         1304      471      939      328      408      907      469      909
          570      381      171      975      493      418        3       33
            3      818        0        0        0        0      404     1131
         1624        0        9        0      843      402       57        0
          919       12        0        0        0      337      333      648
            3       69      198      255        0        0        0        0
            0        0        0        0        0        0        6       12
            0        0        3        0        0        0        0        6
            0      135        0        0        0       75      321      231
            0      147      240      255        3       12      290        0

Atom Distribution No.    61 at run step   18851:

  Count of atoms assigned to each task:
          256      871        0      384       51      597     1651      300
            0      657        9        0        0      714        0        0
            0        0      369        0        0     2055        0        0
            0      276        0        0        0       36       21        0
            0        0        0        0        0        0        0        0
          348      444      514        0      381      135      349        0
          384        0       99        0      249      387      594        0
            0        3      345        0      454        0        0        0
            0        0        0       19        6        0        0        0
            0      129        0       38        0      732      525      150
           27        9        0      198        3      561     1064      273
            0      135      333        0        0      816      396      362
          196      707      240       99      315      534      471      619
           69      932      648       15        9      312      621        0
          708      129      808       42      186      282      870     1025
            3      281      743      606      972      658      688      288
           78      663      975      243      123      789      669      855
          702      721      169      675      669      120      441      552
          708      507      657      342      768     1047      873      528
           18      708      783      204      483      681      951       15
           27      891        6       30      609     1251      666      662
          567      886      354      994      608      617     1091        6
           66      505      471      319      248      259      362        3
          106      141      215       30      171      769      470      607
           13        2       84      248      451      167        0      457
          645      167       36      443      250      476      284      122
          807        3      369      833      814      215      663      844
         1240      721        0      979      213      841        0        0
            0       11        0        0        0       50      396       22
          197        0        0        0      743       33        6      640
          297        0        0        0      435      288      408      262
          240        7      275        0      195        2        6        7
            3      164        0       32        0      253        9       51
            0     1280      414       39        0       57       72     1129
           81      723       48      384        0      471      300      727
            0     1437      303      300      498      495      199       21

Atom Distribution No.    62 at run step   19209:

  Count of atoms assigned to each task:
            0        0        0        0        0        0        0        0
            0        0        0        0        0        0        0        0
            0        0        0        0        0        6        0        0
            0        0        0        0       36        0        0        2
            0        0        0        0        0        0        0       14
            0      141        9       15        3      782      741       30
            0      165      962        0        0      484      178      602
            0      708      480       84      543      299     1252      432
          144      111      870      382      219      196       65       29
          493      426      960      480      867      838      759       12
          348      147        0       21        0       54      324      296
           15        0      130        0      510      549        0      729
          342      102        0       30      768      360      456      357
          426      822      492        3       67        0        3      126
           15        0      942        0       15       27      156       81
            9       30      999      318      600      605      720       45
           12      441      687      315     1238     1545      628      972
          831     1194      664      979      981     1023      917      483
         2382     1884      291      663       96      684      834     1977
         1068     1002     1935     1581     1072      177      639      639
            0      354      807      562     1148      456     1313      912
          716      674      701      274      750     1248      256      898
          218      701       36       50      411      868      816        0
          182      274      156      147      609      341      582      381
          227        0      356      479       18       68      212      344
          401       54      252      249      636       64       18       72
          287        0      204      221      649      980      372      168
          390      637        0      375      770      707        0       12
           48      144        0        0        3       18      792       24
            0        0        9      150      125      653      314       48
            3        3        0      615       66      147      105       60
            0      273       12        0        0      126        0        3
           36        0      588      500      734       18       51        0
           42      438      417        3      150       15      159      192
           21      180        0        3       24       12        0      333
            0      467       15        9        3        0        0        0

Atom Distribution No.    63 at run step   19573:

  Count of atoms assigned to each task:
           24        3      152      643       12        0      456       30
           15        9        0        6        0        0        0        0
            0        0        0        0        3       30        0      237
          288        0        0        0        0        0        0        0
            0        0        0        0        0        0        0      952
         1064      978      558      444      152      111       15       91
           21       36        0       69       90      717      501      300
          153      486       54        3      273      394      815      882
          351      714      264      330      505      549      915       27
          420      432      950      663      813      683      540        0
          138      618        0      219      336     1086      541      466
          834       51      453        0      180      513      451      496
          172      182        0      192      114      195       90       27
           24      468      336        0       27        0        6       21
            0        0       33        0        0      141        0        0
            0      730       96       47      130       57      148        3
            0        6        0        0        0        0      221        0
          116      375        9        3     1089      839       75       67
          677      300        0      345        6     1059      429      909
           60      492      699     1041     1037      591      957      291
            0       21        0      387      414       96      873       33
          657      438      117      474      237      489      282      723
          984        0      225      195        0      624      309        0
         1014      429     1170       78      174     1188       90        6
            6        6      171        3        0      666      117      810
           21       24      674        0       33      662       27       33
          534      312        0      547     1184      753      885      483
         1068     1100      507      433     1428      838      558      809
          480      109        0        0      460      726      142       27
          279      138      652      126      294       70      279      979
            0        0      310      564       27      731      615      436
          335      282        0      835      567      111      741      148
           51       63      527      390      218      300      159       87
            0      876      204       78        6      824       62       63
           11       12      904      459     1347      690      421      558
          102     1275      551     1457     1188      451        0      153

Atom Distribution No.    64 at run step   19935:

  Count of atoms assigned to each task:
            0        0        0        0        3        0       25        4
            0        0        2        0        0        0        0        0
            0        0        5        0       66      520        0        0
           33        0        0        0      957        0        0       27
            0        0        0        0        0        0        0        0
            0        0        0        0        0        0        3        6
            3        0        0        3        3        6        3        0
            0        0        9        0        0      294      114        0
            0        0        6      186        3      450        0       16
          383     1429      231      612      423     1532      657      150
          657     1667      123      201     1740      102      241        3
          230      114      606        0       48      606      549      648
          488      789        0       12      105       24        0        0
            3      636       63        0      264        0        0        0
            0        0      572     1140      951      276      162        3
          114      668      160      691      240      753      729       93
            0        6      283        9       21        3      473      297
            3      173      305       21        0        3      816        0
          297      174        0      803        0       87      399      308
           10       99      330       30      186      519      351       45
           45        0       21      126      132       63      296       15
          390      664      183      639     1083      606      365      915
          546      234        0     1179       70     1303        0       87
          450     1299     1203        0      306      414      816      243
            0      690      777       21        0      267      366      153
            0       21        0        0     1083      444      558        0
          510      711       51        0      498     1026      960      633
          570      522      702     1671      644     1084     1189      789
          861      909     1016      382      625     1407     1368     1478
          468      270     1737      373     1181      939     1166     1245
          378      401      568      631      478      285      719      477
           12      108      108      309       99      300      878        0
          274       80      597      387      375      321      342      413
          309      695      252      201      660      240       45      369
          421       63      129      251      157      676      381      327
           15      393      549      375       36       66       12        0

Atom Distribution No.    65 at run step   20289:

  Count of atoms assigned to each task:
           24        0        0       32        0        0        0        0
            6        0        0        3        0       27        0        9
            0        0        0        0       54      127        0        0
            0        0        0        0        0        0        0        0
            0        0        0        0        0        0        0        0
            0        0      150        0        0      172        6        0
            0       84        0        0        0        0      291        3
            0       42      855        0        0      168      764        0
            0      120       27        3        3        0        0       47
           48      318      134       21      435      576      312        0
          720     1304      369      243      450      996     1169        0
          183      525      885       30        0      876     1454      870
          465     1270     1191     1056      943     1230     1070      696
          762      678      652      976      836     1167        0       87
           84     1077      674      585     1045      297     1172      585
          867     1247     1026      345     1364      873     1140      336
            0        0        0      393      666       51      735     1020
          504      474      168      180      141     1362      759        0
          459      633       36      552      174        0      984      348
            0      621      870      480      576     1332      665      648
          381        0      958     1406      744      171      879      468
          539      691      678     1491      596     1147      843      781
          683        0      390      538      510      588      403       15
          180      149      144      426      114      349      333       86
            3      414      345      162      233      206      267       57
          446      107       15        0      184      138      200       14
          113       12       60       83       42      580      582      424
          460      104      428      875       15      351      336       24
          318        6       75      213      363      189     1149      257
          663      306      390      531      127      155      764      793
          162      348      261      264       57       57      880      253
           57      222      492        6        0       30      579        6
            6        3       12       12        6       12        9        0
           21       69       18        0        6        6       75       12
            0        6       42        9        3       90      189        0
            0      426      363        3        0        3        9        0

Atom Distribution No.    66 at run step   20650:

  Count of atoms assigned to each task:
            6       12        0        3       42        0        0       27
            0      820        0        0       21        0        0        6
            0        0        0        0        0      270      489      300
          465        0      460       48      235     1139       60        9
            3       18        0        3        0       42        9        3
            9        0       15        3        0        3        9        6
            3        9        0        0      111       15        3        9
            0      216        3        0      195        6      246        0
            0        0        0       99        3     1275      507      291
          381      753        6      330        3       30      744      248
           12     1071      342      711      414      980      921        0
          207      399     1145      441      522      612      249      147
          566      413      147        0       54      108      543      363
           33      822      872      752       63     1305        0      183
          929      205       30       69      662      102      834      162
          120      807     1283      432      198      360       84        3
            0        0        0        0        3       63        0       90
            0      243        0        0        0      486       37        0
           33       93     1214      504      909      671      976        6
          702      294       99      327      657     1549     1353      780
          744     1278     1011        9      993      444      120      822
          381      417      906      924      366      264      939      288
           75        0        3     1206       33     1077       84        0
            9        0      270     1032      939      679     1357      941
            0        0      504      950     1122       28      729       39
          935      798        0        0     1152      582      356      212
          359      268      842     1617      354      253      451     1517
         1029      577      612      636        6      330        0      354
          943        3        0      918      779     1476     1070       64
          264      564      474      735       63      444      298      305
           47      634       77      279       30       45      486      216
            0       66       63       24        0       66      333        0
            3        0        0        0        0        0       12        3
           12       39       93        0        0       27      985        0
            0        0        0        0      196      444        3        0
            0      525      330       66        0     1122      270        0

Atom Distribution No.    67 at run step   21010:

  Count of atoms assigned to each task:
           40      180      229        0       33       99        0        0
            0        6        0        0        0      933        0        0
            0      816        0        0        0      700        0      979
            0      210     1071       51      159      408      677      681
            0      132      672        3        3        0      243        3
          138        0      102        3        0        6        9        3
           18        0      664      317      293      153       21        3
           33       13        3      105      348       21       57        3
           12        0       12       18        0       78        6        0
            9       72       66        0        3      318      513        0
           15       33      348      213      750     1055     1026        9
          255      760      159      204      426      459      678       69
           57       24       78      383       39      178      503      699
          384       75      507      874      648      339      432        0
         1527       75       18      704       15      760      687      549
         1172     1378      615      408      331      611      144      516
            0        3      351      456       18       12        0        3
          300      324        9       39        0      285        0        0
            0        3     1666        0       12      657      393      111
          141        9        6      414       57      586      420      447
            6       84        0      336        6      699      453       84
          162     1020      828      642      894      183      156      168
           30        0      249      861        0      189      459        0
            0        0     1536       90       81      615      762      270
            0      159      753      291      693        0      459        0
           72      381        0        0      516        0        0        0
            0      189        0      417       15     1143      606      510
          349      786     1378     2059      745     1335        0      732
          942        0       46       90      514     1362     1485      930
            0      282      462      485      498       54      652      219
          393      399       33       72      963       36      661       36
          690       96      253      192      126      192       90       87
           87       27        0       54        0        0        9       72
          239     1153       20       57      600      915     1126        0
          641      383     1232        0      594     1171     1174      393
          414     1178      503      117     1017     1041      239        0

Atom Distribution No.    68 at run step   21363:

  Count of atoms assigned to each task:
           18      172       49      293      267      162      753        0
          534      357      356        0      443       24        0        0
            0      342       69        0       27      924      309      998
          384      156      968        0       27        3      414      318
            0        0      438        0        0        0      766        0
           30      103      839        0        0        0      663       18
            0       18       42       24      591     1261        0        0
         1669       69        0        3       24      168       54        0
            3      108      138        3        0      799        0        0
           33      192        9      405      321      135       36        0
            6      699       15     1214      387      756      219        0
          303      675      938      120      321      789     1044       39
           37       12      174       97       39      608      459      132
          246       69      492      591      403      685     1253        0
          474      501      812      379      337      207      876      567
           12      150     1513      450      276      228      117      918
            0      350      694      174        0      153      480        0
            0        0      495     1431      558      294      561        0
            0      360     1140        0      948      243       24        0
            0        0      366     1005        0      720      843      777
            0        0        0      783      546      675      990      819
            0      396      423      810      420      180      813        0
            0        0        3        0        0      381        3        0
            9        0       84       27        0     1487      815        0
            0       30        0       60       33        0       27        0
            0        6        0        0        0      748      477       27
           15     1063      445        0        0      789     1433      187
          201      988      342       87      709      256      964       74
           67      839      390      588       84      489      637      770
           84       57      373      729       39      351      748        0
           65       51      270        0      187      733      780        3
          177      268        6      240        0        0        6        0
            0        0       34        0      152        0        0      172
           12     1067      378        0      369      417      627        9
          297        0      244     1069      726     1200      791     1215
          246      855     1017      124      873     1356      180      236

Atom Distribution No.    69 at run step   21717:

  Count of atoms assigned to each task:
            0        0        0       32      151        0        9      360
           93        6        3      147      708       66       63       42
          153       60       21      111        3      916       84       12
           32        0      466        0       78        9      194      135
            3      141        0       12        0        0        3        0
            0       45       27        0        0      714       45        0
            0        0        0        6        6        0        0        0
            0        0        0        0      378        0        6        0
            0      186        0      216      171      663        0        0
          694      315       39      294      552       45       27      336
          330        3      202        3      288     1114      450       21
            0      642     1281      151      195      936      963        0
          171      297      718     1005       15      681      244      244
          108      811      669      663      132       30      429      189
          165      530        0        0      527      192      633        0
            6      720      364      432      270        3       30      126
            0        0        0        0        0       96      102        0
          375        3        9        6      129      171        0        0
          291        0     1122        0      590      130       30        0
          356      741     1197     1254      174      588     1197     1058
          174        0        3      426      180      675      636      204
          919     1149      363     1239     1092      444     1191      609
           12        3      900      729      180      375      495        0
         1077      372      738      507        0     1314      690      483
            0        0      246      546      657        0      438      995
           24      534      828      370      740      814      804     1026
         1092      201      797      649     1067      659      738      456
          159      832      679      377      313       44      925      343
           87      762      428      509      523      939     1300      916
            3      271      615      708      389      150     1457       21
          336       15      819        0        3      997      563      966
            3       72       93     1106       96      681        0        0
            0        0      282      462      264        0      222       21
          513        0      345        0       21      786      287       21
           21        3       12      399        0      138      435      750
            0      462      105        6        3      415       93        0

Atom Distribution No.    70 at run step   22069:

  Count of atoms assigned to each task:
          176      128        0        0        0      114       15       91
           45        0       27       12        0        0        0        0
            0        0        0      138       39      183        0      315
          228        0        3        0       18        3      924      129
          376        0      625       75        0      178      159        0
            6      636       27      516       69      633       36      380
           79        0      483        9        3      492      336      357
            0        0       24        3        3      108      258       12
           12      321       57      132       69     1116      309      393
          627       72      225      519      324      172       21      190
          337      402       15      651      423      198       12      150
          144      318      656      906      348     1433     1667      387
          949      709      243     1524      273     1286      408      156
           27      312      585      456      420      345      425      496
          822      474        0       18        0     1198      797        3
            0      465     1290      528      819        9      540      387
            0      252      453      622     1618     1101      504      567
          210      843     1047      213       99      486     1716        6
           96      624      813      153      513     1116      504      813
          174      441       96       33        3        6      420      300
            0        0        0      249      456     1432      962      549
          621      622     1127      303       24      513      448      571
            0        0        7     1033       14        0        2        0
           36        0       26       60        0        0        0       48
            0        3       27       28       34        0        0       21
            0        0      272        0        9        0      270      177
          601       36        9        0      117      563      655      646
           15       27       64        4        0        0      406        0
           21      459        0        0      527      269      525      373
            6       27      280      218      581     1093      951        0
            0       33      665       48        0     1327      760      522
          574      882      799      401        0     1626        0        0
            0        9      138      375       24        3        0      750
          484       41      467      705       99      993      228      363
          648        0      373     1131      285      768      775      398
           78      687      423      399      234      678      299      114

Atom Distribution No.    71 at run step   22428:

  Count of atoms assigned to each task:
            3        0        0       12      186      403      366        0
            3      117       33       18      360      132        3        0
            0       18        0        9        0      162      123      396
          216        0        0        0       24        0      942       11
          592        0        0      183        0        0      117        0
           24      204        0        9        0      279        0      357
            0        0      315        0        0       54      114      862
            0        0       15        0       21      248       54        0
            0        0        0        0        6      603     1512       48
           48      406      143      178      638       93        0        3
           21        0        0      609       78       39      582      669
          342       66      724     1206      240      932      762      825
          934      566      822      465      207     1427      921     1167
           60      627      684      811        0      180      261       30
            0        9      348      867        0      333      343       15
            0      530     1085      306        6        9      309       33
            0        0        0       72        0      189       48        0
            0        3        0        0        0      157        0       15
            0        0       48      270        0      624      765      597
          780     1064      267      114        6      594     1128       42
            0      159        0       69        0      923      645      846
          603      207      381       39        9      375        0      285
          192      213       18       72        0       12       51      171
           30      786      735       51      144      618      729       90
          144        0        0     1119      393      468      540      324
         1269      912     1110       54     1125      297     1018       87
          487      522      768      895      280     1199     1243      267
            0      297     1481      867     1106      659      393      177
          216      534        3     1241     1219     1017     1327      527
          758      876      716      399      537      977      711        0
          156      396      418      231      387     1579      790      582
           13      954      261      663        0      249        3        9
            0        0        0        0        0        0        0        3
            0       75      749        0       87        3        0      143
          621        0       69        6      318      957      330      558
           58     1060      690      279      237      390      539      135

Atom Distribution No.    72 at run step   22792:

  Count of atoms assigned to each task:
          585        3        9        3       12      105        0        0
            0        0        0        0        0        0        0        0
            0        0        0        0        0        0        0        0
            0        0        0        0        0      597      675        0
           21      102        0        0        0        0      294        3
            0        0        3      601      510        0        3        0
           24      601        3        3        0        0        0      375
            0        0     1065      788        0      527        0        3
            0        0        0       87        0       33        0        3
            6        0       18      993      468        0        3      198
          195      448        0        3      208      846      366     1122
          183      339       51       54     1046      225      687      129
          324      123      192     1079      231        6      369      567
           45       72     1097      398       63      318      114        0
         1356      318      861      392        9      144       84      243
          636      756      426      766       63       15       63       57
            0       24       12      512        3       54        0     1101
            0       21      606       69       39      186        0      149
            3      114      142       24        0      297      194      431
          603      189        0        0       60      792      345        0
            0      202        0        0        0      136        0        0
          346       54      225      279        0       72        0      597
          210      234      189      787      187      742       15       48
          165      351       21      306       48      576      144        6
            3       48      291      258      182       42      418      363
          315       87       96      168       15      273       33       15
          435       21      210      369      384      714      825       21
          186       99       84      660      336      411      660      519
            3        0        0       48        9      621      561      180
           93      456     1092      207      555      921     1002      681
            0     1065      435      440      749     1269     1239      682
          700      603      421     1414      357      399     1392     1774
          489     1201      882      588      316      726      899      329
          666      406      990     1295     1249     1600     1178      241
         1167        0      579     1188      610     1320      390      555
          859     1473      581        0     1030     1065      747      655

Atom Distribution No.    73 at run step   23150:

  Count of atoms assigned to each task:
            6        0      149        3      154        0        0        0
            0        0        3        3        0      132        0        0
            0        0        0        0        0        0        0        0
            0        0      148        0        0     1455      240        0
           36     1099      981        0      462      705       48      303
          807      452      516      741     1003      261      113      173
           45      106      228       30      210      213      123       72
            3      180      246      576       63      531      301      391
          189      972      375      396        0        0      408      216
          329        0      333      747      498        0        0       84
         1550      444      498      702      806     1260      594     1083
          150     1290     1053      114      234      609      207     1591
          594     1057      385      728     1227     1052     1021     1032
          486      693      718     1692     1065     1077      660      447
         1701      846     1368     1191      411     1005      198     1344
         1413      111       63      300       87       24     1411     1335
            0        3        0      663        3      399      793       18
          111       24        0       20       27      395       18      318
            0      168     1053       39      116     1012     1237      225
          293      334        0       48     1107      187     1375      628
           27      383        0        3        3       45      198        0
         1055      144      567      880        0      779        0      424
          181      525      168      867      332      303     1349      918
            0      968        0        9        3       15      236      451
            0        0       96        0        0      196      175      600
            0        0        0      426       24        0       66        3
            0        0      141       63        0        0        0        0
            0        0       27        0        0        3        0        0
            0        3       66        0        0      213      252        3
            0        0        0      171      202        0        7        3
            4        0       12        0      109        0        0      343
            0        9        0      105        3        0      153        3
            0      356      120       69      411        9      210        9
            3      378      570        0        0        0      218      369
          715        0      549      153      450     1296      135      111
          107      408      876        6        6     1014      636        9

Atom Distribution No.    74 at run step   23512:

  Count of atoms assigned to each task:
          108       87       79      403        0        0        0        0
           33        0        0       96      381        0        0        0
            0        0      129        0        0       27        0        0
          153      546        0      150        0      580      132        0
            0      425      948        0       21      177       39        0
            0       24       18      192       15       75      126      105
            0        0        0        0        0       75        3        0
            0       18        0        9      111        0      246      162
            3      302      111      212      105        0      803      426
          528      135      624       66      304       36      560       96
          166     1029      222     1167      633      375      798      525
          132     1661     1401      120        0     1626      204     1410
          189      434      519      269      267      915      789      384
          448     1456      624      982      587      527     1164      333
          168     1184      981      189      456       21      213      702
           90      148      234      339      723      372       66      231
          711      291        0        0        3        9      135      243
          144      483        6      429        0        9      351       84
          102      417        0       21      309     1008      333     1242
          495     1089     1311        6      852      372     1056      675
          189      390      381        0      270        0      270      972
           66        0      666      426      639     1795     1011      651
          492      403      185      240      269      429      615      771
          670     1085      294      369       12        0      989      798
            5        0        3        0       10        4      465      219
          867       15        0       15       43       45        6      848
            0        0        0      255        0       21        0       21
            0        3        0       42        0        0      336       78
            0      350      102      250      171      141       39        0
            0        0       15      234      460      826      617       34
           24      446      333      372     1018      341      447      347
          400      453      186      996      951        0      805        6
            0      165       87      480       39        9      393      153
          499        0       21      344     1069      477      423      636
          162      438      426       48      249      443      438     1251
          276      773      569     1062       84      822      395        0

Atom Distribution No.    75 at run step   23872:

  Count of atoms assigned to each task:
            0      704      300      276        0      405      144      126
            0     1094       39      366        0      397      435        0
            0     1746        0        0        0        0      846        0
            0      550        0        0        0     1158       15        0
            0        0      468        0        0       18        0        0
            0      569      188       12        0      435     1668        3
            0        0       60       15      279       87        0        0
            0        3        0        0      195        0       15      101
            0        0       11      364      259      150       57        0
          216      495      147       18        0       90      114       90
          270        9        0        0      441      500      448      342
            0       60       33        0        0      324        0        0
          249        0       21      594      126      114      421      719
          261      735      609      723       33      682      442        0
            0      190        0      351        0      885      760       12
          691     1400      903      575      968      918      744       75
          592       38      628      402     1152     1173       48      514
          177      978        0      243      171      726        0        3
            0      410      355      576        0      423      492      414
          111     1218      648     1074     1020     1254      489      351
          738        0        0       69      492      657      642     1269
            0        0     1044      276      378      438      513        0
          408        0        6        0        9      663      227      197
          588      483      216       15      495       42      845      199
            0       15       24        0      440      633      537       39
          447       21      204      450        9      298       30      176
          385      149       87        9       39      185        0      518
          606        3        3       21      250      490      443       15
           70      610        9        6      136      422      801       48
          139        0        0      236       24      275      158      504
           60      742       15        0      435      345      496      210
           75       96        4      725      199     1100      660       12
          246      614        0       27       99      501       72        3
          149      539      102      414      843      700      261      140
         1839      312        3      781      677      537      732     1790
            0      856     1113     1278      190     1318     1681        6

Atom Distribution No.    76 at run step   24230:

  Count of atoms assigned to each task:
            6        0        0       31        2       26        0        0
           69        0       72        0        0        3        0        0
            0       24        0      263        0        0       54        0
            0        0      264        0      132      567        0        0
            0        3        0        0        0        0        0        0
          147       15        0        0       21       27        0       21
           21        0        0      321      150       99        0      135
            6        0      382      108       24       48      278      408
          140        0      402      312       54       48       63        6
          315      486      279      150        0        0       57        0
            0       50        0        6      274      770       15        0
            0      123        9        0        0       51      612        0
           24       36        0        3       33      780      738      132
            0      323      618       45      249      831       54        0
          663       93      350        0      741      876     1583      199
          759     1645       76        6      819      834      438        3
          498      878      773        0      360     1917       39      718
          368      102       51       27      693      129        0       96
         1444       66       96      598     1038      348      444     1445
          177      186     1708      775     1137      576     1756      876
          990      111        0      612      528     1221     1182     1125
          993      576      759      681      681      963      378      180
          126      669       30      180        0        0        3      528
          153      774        0       36      828      478     1155      816
            0        0      782      252      440      459      882     1224
           90      356      481      832     1109      276      597      963
          825       60      727     1136      244      690      610      683
          171      809      963      402      666      366      810      810
           93      922        0     1448      695     1395     1017        0
          369        0      485        0       39     1275      700      122
          707      636        0        0      552      423      471      153
            6      241        3      233       27       84      375        0
            0      479        0        0      105        0       18        3
           12       54      105       30      105       78       39        0
           30       21        0        6       45       33       84      741
            0      195      153       90        0      114      205        0

Atom Distribution No.    77 at run step   24593:

  Count of atoms assigned to each task:
            9        0        0        0        0        0       57        0
          256      339      372      180        0      972        0     1271
         1232        9       24      267      912     1230      462        0
           18      459      453        0       96      465      466        0
          355      503        9        0       99        0        0      168
           81      894       21        0      624       24      903       45
          135        0      231      696      663      195        0        0
            0     1147        0      996      213      465      622     1325
            0        3      336     1413      487      778      771     1224
          489      386      213      464      132        0      414        0
            9      774        0        0      823     1054        0        0
            0       24        9        0        0        3      321        0
            9        0        0       39      240      225      312      742
            0      387       66       33       12       16        3       16
           41       27      840        9       57       33      105      222
            6       39        3       90      390      285      420      189
           12      100       12        3        6        0       54      434
            3        6       24       51      957      246       30      480
           48      264      180      273      156      624      846      702
          354        3     1221      768      291      621      822      399
          444      402      138      102      246      474     1104      486
          315      495      894       27      459     1068      738      282
           60      570        0      534      483       15        0       24
          933      892        0      711       96        0     1132      879
            0        0      411       78      243        0      258      613
            6        3       61      164        2      260      445      525
          118        0      293        0      390     1007      277       45
            0     1261     1093      301      154        0      128      156
           66      391        0      471        3      467      751       93
            0        0       27        3      312       39      546       67
            0       54        0       30       97       72      100      371
           27        4       73      592        0       99      117      276
           24      147      141      387      165        0      234        0
           67     1087      245      679      992     1030      688     1187
          273     1419      115      428      305     1260      645     1167
          618     1275      761      618      555     1548      467        0

Atom Distribution No.    78 at run step   24956:

  Count of atoms assigned to each task:
            0        0        0        0        0        0        0        0
            0       37       26        0        0       24        0      415
           36        0        0        0        0      306        3       15
           36        0      912      351      688       18        3        0
          135      312        0        0        0        0        0        0
           30        0       95        0      148        0        0        0
            0        0        0        0        0        3        0        0
            0        0        0        3        0        0        0        0
            0        0        0        0        0        0        0      881
            6        6       45       27       45        0       18        0
           27      198      168      495        3      644      177      321
           17      878      111      312       51     1185        6      694
          341      501       51      222      294      537      300      306
            0      201      562      231       30      114        0        0
          828      492      393      618      269      849      456      402
            0      306      292      205      694      246      708      147
            3      228      639      766      439      162      423      882
          462      610      343        8      313     1261      261      174
           75      339      556      929     1049     1339      974     1035
          288      894     1266      963      852      972     1179      465
          894      846      354      567      750     1506     1152      678
           15     1170     1221      378      828     1647      627      372
          138      528      258      910      426      117        0        3
           84      456      195      471        0        3      920      718
            0       32        0       21      423      120       24      405
            0        0      270       48       81      572      381      362
          668      597      716      558      641      448     1007      671
          387      591     1162      558      472     1160      784      521
          138      153        0     1132      236      858      795       15
          126        0        0        0      480        0      567      528
            0        0        0       86      117       12        0      405
          176        0       21     1157       69        0        0       63
            0        0      180       72        0        0      195        0
          514      628      443      539      456      123      150      255
          150      486        0       90      160     1577      807      465
            0      687      515      717        0      861     1135        0

Atom Distribution No.    79 at run step   25314:

  Count of atoms assigned to each task:
           26        0      104        0      700        3      261        3
            0       39       63        0        0        0      243      345
            0        0       27      132        3       30      255        0
            3      105      153      156        3        0        0      172
          135      720       61        0      183        0        0        0
            9        0     1431        3      327      177        0      535
            0        0        0        0        6      995        0        9
            0      471      255       51     1029        0        0      273
            0      578        0     1113        0       54        0        0
            0       90        0     1290      404        0        0        0
           45      221        0        6        0      720      147      705
           30      963      149       93      599     1413      616     1005
          357     1458      516       82       18       21      347      305
            6      321      600     1200      725        2        0        0
         1075        0       69        6     1278       33      199        3
          234        0      638      500       81        0      819       63
            0        0        0      183        9      447       39      723
          257      150      156        0       87      882       21       33
          750       45      135      420      108      674      273      693
          150      936      974     1305      579      945      462      237
          315      171      189      837      543      789      723      513
          585     1056      852      903      672      972      744        0
            0      204        3       15      465      237        0       42
            3      441        0      792        0      416      268      159
            0        9        0        0       51       30        3      964
           30       27     1038      530      502       13      523      891
          751      308      152      570     1159      381     1047      560
          328      498      324      675       30      487      684       61
            2     1056       36       42      150      630      575       63
            9       55        0      949      228        0      433      225
            6      444        6        0        9       45      336      683
           42     1255      206      633       87       24      860        3
            0      458       21        0        0      300      492        0
          208      737      513       24       42        0        0      267
          333      279      933      425      264      393      612      348
          430     1154      951     1005      133     1613     1978        0

Atom Distribution No.    80 at run step   25672:

  Count of atoms assigned to each task:
            3        0        0       33        0        2        0        2
            0        3        2        0        2        0        0        0
            0        0        0        0        0      428        0        0
            0        0        6        0      138      129        0       39
            0        3     1047        0        0        0        0        0
          231       84     1030      396      497      216     1470      362
            0       93        0       62      369      260        0      663
            6        0      468      384     1300        0      532      216
            0      135        3      150      339        3        0      687
          387        0       12      426      462        0      475       12
          471      240        0      429      396      582      500      311
          519     1020      732      929      891     1385      775      414
          546     1197      597      867      558      327     1539      829
          612      822     1047      661      621      249        0        0
          729        0        0     1092     1190     1275        0        0
          640        0      685     1227      228      255      528        0
            0        0        0        0      273      102       66      552
          222       18        0        0      135      504        0       30
          600      135       12      426       78      756      384       87
          423      525      720      558      219      504      432      126
          177      132       18      126      567     1173     1035      570
          441      612      749     1253      672      663     1002        0
           72        0      730      903        0        0        0      550
          158      138      724      611       60      462      961      480
            0      164       31        0      258      259      872     1064
            0      202      787      746     1047      669      641      148
         1056      294      462      759      372      758      863      678
          276      421       84       15      152      525      498      301
           12      354        0      672      294      351      508      672
            0      369      171      390        0      717     1341        0
           88      868      147       18      231      135      144       30
            0      858      311      374        6       51      638        0
            0       42        6        0        0        6       12        0
           30       39        9        0      132        0        0       33
           48        0      168       42        9      180      477       57
           30       93      213       45        0      192      483        0

Atom Distribution No.    81 at run step   26034:

  Count of atoms assigned to each task:
          140      286      159       96        3      450        0        0
          747      216        3        0        0        0        0        3
            0        0        0        0       93      225        0        0
            0        0        0        0        0        0        0      108
          454       24       12        0      116        0        0        0
          498     1082     1083      519     1018      804       90      180
            0      162       63      420      647      789      321     1569
          291        0      709      507      312      114      483       27
          432      222      237      247      552      282      189      552
          988       33     1107      471      930      147      867     1308
          552      537        0      918     1019      786      645      481
           36      308     1914      834     1455     1374     1364      960
           45     1074      675     1061      117       96      867      639
          834     1002      855      687        0       36        0        6
           15        0        0      306      540      498      432       60
           96        0      822      303      366        0      519       45
          117       66        0      774     1017        3      177      522
           30        0      396      135      252        3      102       39
           75      339      141      294      117       15      291      213
          132      465      614       99       72      417      384      168
           42       66        0       12      420      258      741      837
            2      213      371        9      162      189      276       42
           66       15      171      384       78       55        0      204
           48      111      749      969      213      408      393      824
            0       20        2       92        0      122      460      330
            0       56        6      386        6        0      132        3
          135        0      129      390       21      708      151      151
           12        9        6      217       15      452     1021      267
            0      568        0        0       40        0      939      479
            0       64        0      767        0       24      174      327
            0        0        3      297        0      144       15      762
          238      903      468      165        0        6      222        0
            0        6        3        0        0        6        0     1063
           90      256      891       67      159      546       12      402
           27      414     2015        0      780       57      453      628
         1293      813     1222      951      477      186     1146      676

Atom Distribution No.    82 at run step   26390:

  Count of atoms assigned to each task:
            0      231        0        0        0        0        0      223
            9      438      648        0        0        0        0        0
            0        0        0        0      294       21        0        0
            0        0        0        0        0        0        0        0
          378        0        0        0        0        0        0        0
            6        0        6       24      519       15        0        0
            0        3        0        3        0       21        0        0
           61        0       45        3       57        0        0        0
            0        0        0      348       48        0        0        3
            0        0     1212      324        0      255      186      483
          401       68       69       24      568      144      384      738
          684        0      331      865       18      597      561       60
            0        6       12       45       15       81       57        9
            0       51       18       63       33      333       18        0
          360        3        0      102      102      130       57       11
           18      107      223        0       54        3      468        0
            0        0      168      228        9      276      195        0
           51       96        0      231       36      678        0        6
           24        0       24      158       50       39      219      162
          117      150       90     1095      555     1103      900       99
           51       15        3      195      258       63      456      635
          718      486      444      144      219      243       45      276
          255      647      114      107      163      671       39      105
          453      435      634      478      483      951      774      469
           33      244       36      579      237     1107      756     1208
          306      564      816      819      260      398     1152      813
            0       75      378      783      207     1008      660      675
          309      603      753      873      120      774     1311      573
          222     1296        0        3        0      519      717      954
           69      939        0      722      783      921      713      955
          353     1306      566      699     1240      943     1046      977
         1131     1489      456      369        0        0      993        0
            0      563        0      728      693      630      744      681
          157     1048      822      906      177     1043      469     1242
          279     1449      537      495      672      746      862      693
          252      687     1709      612        6        3      762      885

Atom Distribution No.    83 at run step   26754:

  Count of atoms assigned to each task:
            3      229       30        0        0        3      160        0
          561        0      351        0        9        3        3        0
           48        0        0        0      279      699      553      105
          964      990      618      108     1102     1338     1321     1846
          822     1859     1203      982     1209      753     1326     1071
          705     1604     1095      675     1350      488     1098      877
          954      234      888     1090      238      313      498     1350
         1624      297       24       99      321      786       84        0
          432      372      258      391        9       69        0      105
            0      126       51       12        0       54       15        9
           15      510        3        0      636       15      156      588
            0        0        6      516       18      342        0        0
            0       15        0        0       42        0        0        0
            0      576       51        6        0        6        0        0
           51        0        0        0        0      432        0      408
            6     1290       24       60       27        0       45        0
            0       72      303        0       93       84       33       39
           51       18        0       15       48       69       18       60
            0       57      144      231      624       72     1083      411
         1095      105      246       60       42     1116      291       12
          102        0        3        0      321      963       18       15
          498      828      138      144     1174      105     1086        0
          808      185     1205     1095        0      591      414      668
           11      567       42      915      499      503     1035      356
          474      297      177     1190      739      222      357      582
          940      140      276      108      777      283      192        0
          243        3       72      309      149      147      441      290
          199      297      203      413      374     1004       54        3
            0        6        0        6        0       30       18        6
            0        6        0     1260        9       12      857       30
          459       15        3     1806      134       61      293        9
           33      427      282       69       18        0       45        0
            0        0        0      129       75       33       12       12
          315      168       15        0       72      423      772      650
           21      525      252        0      552     1044      244      526
            0      633      762      120        0        0      507      427

Atom Distribution No.    84 at run step   27108:

  Count of atoms assigned to each task:
           62      352        9       85        0        3       60        0
           39        0       42        0        0        0        9        0
            0        0      165       54      105      108       96       48
            0       33       30        0        0      180      324        0
            0        0        0        0        0        0      252       15
           18      126      132        9       33        0       21       15
            0        0       36        0        0        0        0        0
            0        0        0        0        0        0        0        0
            0        0        0        0        0        0        0        0
            0       12        6        0        0       12        0        0
            3        0        0        0        0        0        0        0
            0        0        0        0        0        0        0        0
            0        0        0        0        0        0        0        0
            0        0        0        0        0        0        0        0
            0        3      478      165        0        0      127      257
            3      126        0      241      336      660        9       84
          261      285      192      876      271      450      966       93
          222      690      292      123       53       96      349      123
          654      138       93      504        0      114      468      525
          267        0        0       86      219      381      663      399
           36     1099      126       84        0      669     1539      919
           12      917      459      231      774        0      908      533
          267      282      627      204      261     1185      859     1017
          394      907      350     1491      966     1271      831      873
          336       12      147     1264      642      969      273      241
         1137     1158      243      243      918      375      156      285
          435       66        0      252      387      930        0     1170
          990      852      234      753      756     1107      624     1137
          381        0      624      672      506      243      927      591
          267        3      261      362      485      223     1333     1557
          832     1443     1092     1018      480     1320      728      801
          933     1686      719     1002     1114      556      393      261
          720      383      500      593      543      331      408      228
          450      312      165      687      297      462      321      855
          714      616       15       71      421     1183      693      636
          676      680      504      288      183      267      504      368

Atom Distribution No.    85 at run step   27476:

  Count of atoms assigned to each task:
         1201     1815      701      699      315     1362      594      848
          141     1500      411        0     1093     1731      240        0
          280      612      285        0      351        6      564        0
          285     1108      773        0        0        0        3      324
            0        0        0        0        0        0        0        0
            0        0     1032        0        0       96        0        0
            0        0        0       81        0        0       12        0
            0        0        0        0        0      321      619        0
            0        0        0        0        0        0        0        9
           17       18        0       39        0        0      207       39
            0        0        0      321      327        0       39      504
            0        0        0       63        0        0        3       15
           93        0        0       84      120        0        0        0
            0        0       24      420       21       68        0      183
            0      182      423      214        0      162      441       12
            0       12        0      303        0       84        0        9
            9       18        0      198        9        0      555        0
            0      171       36       63       18      171        0        0
           15      105        0      712        4        5       53      806
           51        0       24        3        0      315       15        3
            0        3        0        9      369      739       15       42
          441      518      234      216      165      249      252       60
            3        0        0        3      183      741       18        0
          103      238      533        0       93      441      480        0
          156      600      624      237        0      111      504      165
          213      225      123      150      519      267      792      575
         1197       45        0      492      633     1695        0      435
          828      765      972      741      666      789     1152      267
          141        0        0      816      903     1134      696      984
          576      586      555      498      627     1034      991     1377
          653      732      626      308      807     1147     1211      852
         1062      890      418     1194      131     1291      286        0
           61      715      534      228      878       21      460       51
            0      375      780      303      525      542      410      191
          816      516      708      219      387     1358     1021     1265
          912     1189      723     1026      170      741      999      952

Atom Distribution No.    86 at run step   27837:

  Count of atoms assigned to each task:
          161      253        0        0        0        0        0        0
            0        0        0        0        0       42        0        0
            0        0        0        0        0        0        0        0
            0        0      356        0        0        0        0        0
            0        0        6        0        0        0        0        0
            0        0        9        0        3        3        0        0
            0        0        0        0        6      849      570        0
          306        0        0       15        0      280      225      460
          234      891      141        0      393      717      480      110
          904      492      531      501      639      851      318      606
          330      117     1199      298      948      222      570      324
          354      542      612      669      549      495        0      299
          915      222      117      858      243      327        3        3
          306      187      222      364      207      288        0        6
            0        3      264     1164        0       66       21        9
            6       39        0       33        3        6       15       48
            6        0        3       33       51        0      585        0
           90        6        0       36      414      381        0        0
           84      174        0     1074      584      293      241     1367
          969      595     1047      906     1284      635     1038      621
          450      812      258     1455      525      813      756      756
          546      933      684      789      765     1191      711      693
         1224      237      894      852      615      315       48      270
          333      387     1251      618      855      264      499      101
            0      495      213        0      759      303      840      566
          408     1144      432      343      375        0      742      401
          951      645      334      573      633      367      413      486
          348      311      311      102      381      200      411       51
          557        0        0      132      210      423      450      278
          569      410      564      324      114      453      703      619
          330      661      734      288      594      552      197      450
          145      157      620      675       63      144      120       21
           48       12        0        0      399       30      247      129
            3      574      162        3        0       21        6        6
          342       21      414        0        0      396      654      690
            3      375      579      672        9      576      870      328

Atom Distribution No.    87 at run step   28189:

  Count of atoms assigned to each task:
           55      169        3        0        0        0        0        9
          103        0       48       36        0        0        0        0
            0        0        0        0        0        0        0        0
            0        0       24        0        0        9        3        0
            9        0        0        0        0        0        0        0
            0        3        0        0       12        0       15       57
            0        0      270        3        0      846       54      489
          195       18      602       26        8      307        6      597
            0        3      732      744       66       21      231      138
          347       60      956     1164      372      126      557      666
          624      282      711      162      489      565      804      228
          315      420      852     1270      633     1151      539     1050
          417      294      558      374     1222      183      399      618
          405      225      623     1255      921      824        9        0
          522      196      460      351      243      234      723        0
            0      454     1319      927     1165      732      633      600
          264        0        0      363      315        0      650      261
          222      186        0        0      303      444        0       72
          903      411        0      360      651      936      246     1167
          402     1119      372      810      540      348      801     1119
            0      330      210      777      948      255        0      816
          612      422      238     1150      885      591      461      656
          273        0      159       66        0        0        3        0
          195      150      978      667       36        0       94        0
            0       58        0        0        0        0        0      114
           17        0        0        0      639       42      302      579
          336        0        0     1160        0      903      217      273
           78      189       87        0       48        0      983      623
           62      179      121      935      851      676     1077      424
            0      678     1082      136      216      498      671      549
          896      289      288      439      208      590      438      693
           87      252      492       75       22      254        6       14
           31       13       69      433      493     1071      159      273
          833      319       45      154       48      201      306      294
           99      555       87      456       96      291      347      882
            0      417      546      288       69      480      220      108

Atom Distribution No.    88 at run step   28545:

  Count of atoms assigned to each task:
           21        0        3        0        0        0       47        0
            6        0      162        0        0        0        0        0
            0        0        0        0        0        0        0        0
            0        0        0        0        0        0        0        0
            0        0        0      228       24        0        0        0
            0      115        0      645       63        0      177        0
            0        0        0        3        0       33        0        0
            0        0        0        3      438      123        9       54
            0        0        0      300        0        0        0        9
            0        0      345      139        0       18      134      367
            0        9      374       15        9      783      423        0
            0        0        0      207       45        3        0      642
            0        6        0       21      427        0      143      196
            3        0      225      474      507      354       24      135
            3      243     1030      304      337     1056      315        0
          222      282        6     1063      261      354      528      579
            0        0        0        0     1548        0        0      111
            0     1215        0        0      153      913      436      921
          465      510      615       94     1157      423      267      411
          270     1454      893     1424     1477     1035     1143      635
          519      438        3      399      723      643     1506     1023
         1175      702     1104      303      498     1464      558      333
          486        0      273     1401        0       39      834      399
          258      165     1569      462      570      144      468       69
            0      621       18       21        3      285      150      228
          747       15       15        0       63        9        6       27
            9      222        0       30       24       48      114       75
          786      436      600       33      513      780      483      850
          356      327      357      411      192      644      965      747
         1451      676      398      265      835     1908      620     1193
         1165     1002      243      367      165      462      733     1616
          367      243      270      683       29      217      541      849
            0      432       30      141      405      680      174      281
          723        0      453      687      237      966       63       42
          586     1052      405      432      117      477      601      997
          228     1011      693       24      154        9      123        3

Atom Distribution No.    89 at run step   28908:

  Count of atoms assigned to each task:
         1447       45        0        3        0        0       21       90
            0      108       15      606       33        0      147       21
          490      340       18      270        0      690     1335      548
          495     1249     1417        0       54        0     1211        0
            3       45        0        0        0        0        0        0
            0      396      888     1077      578      198        3     1194
            0        0        0        0      168        3      988        0
            0        0        0        0      180      384      273       21
            9        0        0        3        3      231        9       12
          102      141        6        0        0      483      614      605
          404      582      498     1126      329      927       18      294
          381        0        0     1176      266      367     1123      798
          126      159      138      255      101        9      265       84
            0        0        6      693        9       12       12        9
           15        0        9      165      303      156      111      390
            0        0       69      597       21     1162      117        0
            0        0        0        0        0        0        0       57
            0      642       57        0        3        0       21        6
          345       51        9      345      630      186       39      168
            0      517      360      366      330      249      552      228
           27        9      630      358      576      678      351      429
          102      729      480      285      675      333      822      324
          816        0      234       78      276      183      873       60
          399      195     1026      870      666      360      114       96
          144        0        0       48       54      201       36       96
          129        0        0       72      126       84        3       42
            0       84      210        0      318      132      339      651
          567      824      580      177      579      351      867      572
          444      560       51      162        9     1089      793      615
          409     1340      239       84      144      619      668       94
          188      567       15      123      120      699      922      933
            0       78      174      893        0      630      680      843
           45       51        0      498      222      574        0      361
          704      613      783      687      859     1262      297      798
          108      800      135      641      354     1014      825     1378
            0      618     1059     1353      492     1104      892      141

Atom Distribution No.    90 at run step   29264:

  Count of atoms assigned to each task:
            0       21        0        3        0        3        0        6
            2        0       30       36        0        0        0        0
            0        0        0        9        0        0        0        0
            0        0        0        0        0        0        9        0
            0        0        0        0        0        0        0        0
            0        0        0       36        0        0        0      441
            0        0        0        0        0        0      462        0
            0        0        0        0       99        0       36        6
           66        0        3      231        0        0        0       33
           18       69      333      753       54      712      341      348
           90        3      150      195        3      402        0       12
          228        0       54      708      547      616     1134     1257
           45      285      240     1146      513      858      424      872
          474      432     1101      550       84       75      306       18
         1068      318       27      207      180      943     1356      813
          880      504      909      342     1465     1354     1054      128
          520      310     1298       75      723      761     1188     1646
         1114     1050      615      261      683      942     1407      765
          519      264      954      450      936      810      588      597
          702      810     1140      405      936      492      624      582
          348      441     1110      858      834     1368      338      884
          756      708     1485      412     1229      267     1267      499
          421      114        3       99      695       32        3        0
          314      694       22      330      680       18      375        3
            0        0        0       36      525      373      179        0
            0        0        0        0        8      760        0       62
          597      510       12        0        0     1047       15       75
            9      842      110        0      729        3       12       67
            0       24        0        0       24       72       48      175
          759      252      462      227        0       42      839        0
           11       12       82       12        6      376      672      828
            6        3       18      995       10      118      407        3
            9       81        6        0       60        9        0       18
           18      510      669      207      114     1258      326        3
            0      325      225       15      369      360      474      761
            3      306      688      885       69      468      912        0

Atom Distribution No.    91 at run step   29630:

  Count of atoms assigned to each task:
            9      213        0        3      138      390       36       63
            0      120      138        0        0        0        0        0
            0      117       24      117        0        0      939        0
            0      402        3       78       55        0        0      263
          108       33        6        0        0        0      190        0
            0      484        0        0        0        0      120      369
            0        0        0        0        0        0        0      513
            0       81        0        0       36        0       18        9
            0       21        9        0      252       18      144        3
            0       24      318       15      398       75       78       18
            3        0        0       21        0        0        0        0
            0        0        0       18       80       63      141      129
            0        0       48      150       66      111      120       12
            0        0        9        0        0        0        0        0
            6       33        0        0        0       15       45        0
           27        0        0        0        0       39      405      429
            0        0        0        0      258      144        0      129
          231      122      894        9      150       87      624      228
          282        0      810      746     1046     1455      332      455
            0      186      249       69       90        0       51      246
            0        0      297      702      477      257      456      759
          684      366      472      661      502      483      948      378
          538      165      691     1068     1275      896      936     1357
         1241      837     1396      856     1128      102     1065      281
          225      342      246     1251     1191      624      408      111
          156      285        0        0      324      123       54      864
          375      561      129      921      408     1023      177      489
          321     1200      480      363      477        0      297     1515
          390      213      267      712      933        0      594     1309
          393     1342      588      286      443      500     1348      724
          132     1240      591      885      187      686      742      736
          564        0        9     1200        3      306     1524        0
           63        6      552      922     1926      171       24       12
           27     1159      271      614       18        6     1550        0
          564     1301      566      402      591      525      739     1082
          663     1041      441      558      780     1014      946        0

Atom Distribution No.    92 at run step   29995:

  Count of atoms assigned to each task:
           68        3        3      240        0       30       15        0
            0      854        0        0        0      180        0       36
            0      828      619      105       15      619     1572      723
           12     1802      819      748      368     1235     1062      465
          627      147      435        0      231      351      972        0
         1101      893        0       15      189      105       48      687
          342      425        0      564     1158     1062     1190     1224
         1062      267        0      560      964      318        0     1129
          126        0        0     1390      555      967      661     1251
          264      750     1047      429       21      276      420      273
          648        0     1040      915      237        3        0        0
            0        0        0      429      231      318      135      561
            0        0      483     1341      201      579      855      471
          582        0      558      516        0      363        0       18
          759       21        0       21      624      777      336        0
            0        0        0      168        0      471     1113        3
            0        0        0        0       18     1029        3        0
            0        0      837      585      279       12      621      468
          891      636       39      741      466      212      345      966
            3      408      878      152       61        0      161       15
            3        0        0       20      144      831      951        9
            9      701       44      190        0     1186       18        0
          831        3       69      134        0       20      259       18
          524        0      417       22       83      491      122        0
            6        0        0        9        0      465       12      807
            0        0        0       37        0        9        3      485
            0      366       12        3      211      415      726      676
            0      637      278      783        0      302      657      546
            0        0       51      651      168      254      276      290
          124      415      594        6        0       18      141      510
            6     1018        3        9      139      824      610      636
          594        3      360      889       12        3      717        3
            0       54       96      168       42        3      141      174
           75      396        6      102       54      108      228      111
           42       27      475      233       48      409      174      297
           87      492      237      120       45      615      378       81

Atom Distribution No.    93 at run step   30361:

  Count of atoms assigned to each task:
          791       45       18        9      177       75        0        0
            6     1014      438        0        0      261      406       21
            0      191      138      520      249      627     1268      321
            0      219      682      591      135      432      438        0
            6        0        0       36        9       51        0        0
            0      186       27        0        0      123        0        0
            0      111        0        0        3      454      498      438
            9      546        0        0        0        0        0        3
            0        0        0       42        3        0        6        3
            0       51        0        0        0        6        3       84
          474        6      177       12       27        0       36        0
           15        3        0       69        0        3        6        0
            0        0        3        0        0       18        6        0
            0        0        0        9        3        6        0        0
          587        0        0        0        0        0        6       69
          384      297      126      486      345      399      240        0
            0        3        0        0       45      871      132        0
            0      393      318        0        0        3        0      123
           36      186       99       66       75       69       63       42
            0      144      390        0        0      452      405        3
            0      285        0        0       27        0        0      327
            0       27       57      528      687      285       49       39
          169      373      561      294     1083      528       99        0
         1084      366     1230      216     1933     1386      826      328
          411      804      570        0      198      381      547     1020
            0      174       45      564     1020        0      519      282
         1449        0        0       24      873      432      354      333
          387        0      810      573      123      273      735      972
          276      828      927      225      483      372      645     1230
          210      912     1230     1304      766      978      663     1055
          258      857      849      265      517     1223      980      829
          933      711      693        0      276     1208     1401      159
          357      587      893      833     1427        0      374      862
         1018     1572      637      458       36      541      531     1425
          129      230     1181      561      892      818      986      696
          657     1266      234      603      315      540      546      278

Atom Distribution No.    94 at run step   30719:

  Count of atoms assigned to each task:
            0        3       97       60       27       12        0        0
            0        3        0        0        0       78      348      288
            0        0        3       36      594        6       54       48
            0      408        6      303       24      165        0      174
            0        0       27      541        0        0        0      102
           21       88      734      489       87      618      525      893
           52     1083      447      273      201      261      515      394
          104      105      618      426       24       54      381      390
            0        0      381       30        0       12      123      308
           69      392       36       93        0        0        0        0
            0        0        0        0        6        0        3        0
           21        9        9        6        0      102      120        0
            0        0        0        0       15        0        0        0
            0        0        0        3        0        0        0        0
          216        0        0       81        0        0        0      387
          375      153        0       33      210      366        3      680
            0        0        6        0      237        6        0        0
            0        6        6      303        0      330        0      108
           36        0        0        0      429        0        0        0
            0        0       30     1137      148      848        3        3
            0      114        0        0      342      465     1795      225
         1257     1024      797     1485     1200      907      603     1071
         1680      405      735      977     1408     1146      573      527
         1044      513      942     1644      459     1140     1224      729
         1104      777      969      597      432      894      456      762
         1125      639      817     1026      384      549      438      744
          635      963        0      534     1883      845     1166     1029
         1238     1763      820      714      168       84        0      381
           25       54        3      206      495     1007        3       15
            0        6      144      567      720        6      805      578
            0     1228       81      491      564      899     1144      534
         1243     1505       30        0      897     1246      391        0
            0        3        3      255        0        3        0        0
           12      282        3        9       27        0      828      709
          318      217        3        6      512     1098      492      162
           33       84       93       99       39      144      147        3

Atom Distribution No.    95 at run step   31075:

  Count of atoms assigned to each task:
            0      533      102        6      384      558        6        6
            0       99        0        0        0      480        3        0
            0        0        0      255       45     1076       12        0
            0       75      485       27        0      159     1593      105
          895      471     1236      501      361        0      413      696
           99      237     1632     1197      246     1044      249        3
            0        0     1425      495        0     1617      555     1056
           81       57      447      129        3        0      634        0
          216      465      456      492        0      591      396       90
          772     1522      114        0        0        0        0     1420
         1389        0        0        0      819        0        0     1084
          954      240        0        0        0      105      732        0
           51        9        0        0        0      474      339        0
            0      315       12       42        0     1281        0     1077
         2360       81        0       21      159      279       21      225
          711      117     1440      381      609      444      831     1479
            0      135      654        0        0      108        0        0
            0       84      171     1101        0      588       69        6
            3      249        0        0        0      117      183      594
           96      618      738      879     1017     1094       45       12
            0       18        0      841      234        0      162       33
            0      117      543      447        0      641       15      109
           16        9        9      359       18       18       15        6
           12      111      317       12        9      513      282      222
            0        3        3        0        0       24      518       23
            0      150       92        3        0      206      488      265
           66      376      153      198        0      780     1203      677
          393      828      935      126      795      191      667      462
          360      170        0        0      107      561       60       16
          334      443        0      756       66      705      847     1153
          120      594       93      714        0      154      342      743
          267      175      867       96      246      687      793        0
            0      123      270        0        0        0       18       51
            3      697        0      870      675        0      515      246
         1161       21      108      642      186      574      846     1080
           75      366      429       54      243      325      110       72

Atom Distribution No.    96 at run step   31438:

  Count of atoms assigned to each task:
          444       68       87        0      150      279        0        0
           30       30        0       30       66        0        0       39
           21      219        0       21      345      336        0        0
           15       30      616       78       54       21      441        0
           44        0       72        0       42        0       12       15
            0        0       53        3       21        6        0        0
            0        0        3        9        0       24       30        0
            3        3       18        0        3        0       18        0
            0        0        0        0        0        3       12        0
            3        9        0        0        0        0        0        0
           78        0        0        0        0        3        0        0
            0        0        0        0        0       66      138        0
            0        0        0        0        0      252        0        0
            0        0        0        0        0       18        0       87
            0        0      186        0        9      579      414        0
            0      371      269        0      356      822     1203        0
            0      309       69        0        0      365      370        0
            0      220      162        0        0       30       42        0
          312      483       72      147      177       72        0       33
          177      756      171      808      756      882        0       57
          123      240      150      153      121      144      582      549
          162      789     1076     1103      198      528      713      815
          534      813      438      567      157      744      175      165
          321      699      690      711      402      352      543      414
          462      480      330        9        3      477      616      615
          738      624      486      369      852      927      384      363
         1019      339      654        0     1089      402      471      696
         1047     1302      795      426      747      609      909      306
         1065      360       63      600     1020      655      531      546
          588     1476      459      741      174      625     1139      434
          303     1556      506       60     1100      606      428      339
          944      507      531     1616      322     1281     1308      830
          400      207      749      333     1232      978      477     1022
           74     1025      428      744      714      417     1126      260
          455        0      219     1164        0      846      996      519
          741      909      515      678      432      747      507      415

Atom Distribution No.    97 at run step   31799:

  Count of atoms assigned to each task:
          171      449      198      264        3     1308      279      313
         1139     1806      739      727       45      216     1212        0
            0      213      114      108       18     2280      825        0
            3     1603     1224      459      879      336      597      165
            0      931      793      456       69     1005      321      144
          411     1221      150        0      390      480      504      603
          554      320      978      795      147      533      817      528
            0       75       45     1170       21     1614     1044      477
         1119        0      150      183       24      411        0        0
          507      639        0     1021        0        0        0      474
           36        0        0      855     1227      300        0      129
            6        0        0        0      219        3      135        0
           30        0        0        0      372      339      153      816
          531        0      372        0        0      201        0      216
            0        0       12        0     1398      192        0      564
            0      132     1056        0       93       75      390       30
           27        0     1020      522        0        0     1239      504
            0      541       21      270        0        0       24     1050
           90      252       18      210      742      366        0       15
          750       42      237      924      364      608      768     1156
          224      934        0      455      525       75      891      138
           33      960      625      286      223      450      249      993
          174      989      324      189       21     1500      214      254
            3      915       72        0        3        0      703        0
            0       12        0        0        0      910      262       15
            9       21        3        0        6       42       23        0
           13       11       13        7        0        6        2       24
            0       24        3        9        0        9       12       15
            3        0        0       12        0      522       12       48
            9       87        2       40        0       18        3        0
            0       60        0        3        6      445       54       36
            6       93       15       42       30       63       81       36
           21        0       12       78        0      198      543       78
          127      654      649      762      897      444      172      294
          942        0       48     1029      615     1021      658      693
          216      417      474      947      164     1005     1365      325

Atom Distribution No.    98 at run step   32160:

  Count of atoms assigned to each task:
            0        6        0        6       14        2       10        3
            0       24       21        3        0        0       48        0
            0        0        0        0        0       12        0        0
            3       60        3       48        0        0       67        0
            0        0        9        0        0      221        0        0
            0        3        6        0        0       30        0        0
            0        9        0       15        0        9      339        0
            0       21      210        0        0      111        0        3
            0        3        0        0        0        0        0        0
            0        0        0        0        0        0        0        0
            0        0        0        0        0        0        9        0
            0        0        0        0        0       72      825        0
            0        3        0        0      351        0      289        0
            0        6        9        0        0        0        0        0
            3        0        0      294      711       93       36     1161
            0        0      141        0      144      114      132       42
            0        0       33        3        0      263     1058      243
          489       72      318      168      495      219      162      578
            0      235      567      606      882      552      285      230
         1380      612        6      432       21      863      246        0
          966      862      189      550      114     1161      270      222
          495     1116      792      747      901      511      754      321
          189      591       45      294       51      800      611      295
          207      660      759      994      894      474      870      894
          462      225      885      447     1079       48      579      525
          540      600      825      396      354      330      483     1053
         1080      546      858      624      408      651      603      930
          834      666      865      831      246       96      546     1023
         1696      738        0      545      999      371       75     1300
         1475     1017      483      108      390     1457        0      600
          837      229        0     1044      653     1132     1658      778
         1456     1524      564      489     1234     1360      339        0
          759      566      359     1058        0        0     1311      932
          310     1717      885      514      515       81      201        3
            0        0      249      738       87      363       84       90
           12       51      126       18       24       75      188       30

Atom Distribution No.    99 at run step   32521:

  Count of atoms assigned to each task:
          359        3        0      319       45      375      213        0
          174      618      237      294      940      574      423        0
           36      738        0       69      393       15      123       96
           86      597       14        0        0        0        3        0
            0        4        0        0        0        0       60       42
            0        6        0        0        0        0      139      183
            0      192        0        0        0        0      597        0
            0        0     1550        0      156      259        2        0
            0        6        0        0        0        0        0        0
            0       39       15        3        0        0        0        0
            3        0        0        6        0        0        0        0
            3        0        0       33        0      489      129      312
           36        0      636       84      537        0      423      103
          479      396      546      195        0        0       30      267
          501        0        0      624        3        0        9     1217
            0     1035        0      667        0       15      333      247
            0        0        0        0       24        6       53        0
           24        0        9       93      621      309        0      240
          366       21       66      849      645        0      270      537
          777      312       60      629      209      582        6      267
          705       87      234      543      803      178        3      435
          453      708      201      279      162      830      438      231
          150       96        0      306        0      702     1221      581
          783     1362     1085     1434     1176      480      975      819
          255      237      897      612      744      966     1017     1005
          894      735      966      286      873      927      651      374
         1052     1017      807      616      674      462     1047     1032
          495     1014      833      536      225      637      871      670
          474      876      375     1149      383      423      465      370
          155      273      726      186      401      505      174      720
          195       38       82      439      156      938     1110      541
          376     1281      945      586       45      773        0        0
            0       30        0      342        3        0      732      417
           66      865      679      174      357        0      105      474
           51        0       12      639       27      709        3      617
           69        6      111      393       96      459      952      141

Atom Distribution No.   100 at run step   32876:

  Count of atoms assigned to each task:
            9      307       36      259       30        0        0        0
          618      426      477      321      198       57      226        0
           78       20        0       16       69      137      671      957
          429      372      156      513      404        0      700      447
          648      925      133       33       28      109        3      430
          324      495     1503      237      402      936     1068      339
          483      660      441      183      327      264      189        0
          372        3     1238       27       93     1317     1077      525
          348     1188      291      419        0      399      585        0
            0      344        0        3       33        0        0      645
            0      375      744      342      298      272       12        0
           75     1019      306      642      538      835       21      696
          621      246       90      342      345      745      351      354
           72      126      363      396       51       45        3      201
          944      678        0        0        0        0        3      285
            0        9        0      606      672        0        0       54
            0        0        0      174      450        0        0      369
            0        0        0        0        0        0      135        0
            3        0        0     1419        0        0        0        3
            0        3        3        0        0       42      135        0
            0      135        3        0        3      705        0        0
         1128      804      450        3      447     1131      855        0
            3        3        0        3        0       60      738       54
            6      273      915      243       57      369      402      207
            0        9        3        9        0      288      135        3
          501      486      594        0      242      586      517       30
           93       33      276      174      147      552      899       75
          662      308      366      894       55      368      359      302
            0        5        4       12       20      135      525      297
            0       24      606      111       81      774      742      555
          355     1896      600       93       71     1304      654      696
          286      904      120      372      375     1354        0      198
          251      317        0       99       23        0      244      465
          174      773      111       58      288      100       30     1549
         1738     1295       12      429      261      726      264      901
          616     1218        0     1573      468     1161     1078       39

Atom Distribution No.   101 at run step   33241:

  Count of atoms assigned to each task:
           15        0        0      432        0        3       16        0
            0       69        3      540        0        0        0        0
            6        3        0      453       57        6     1194        0
          524      428        6        0        9        0       21      351
            0       90        0        9        0      552        0        0
            0      126      315        0        9      801       12        0
            9        3        3        0        6        3        0        6
            3      373       18        0        0       15       36       43
            3        0        0        0        0        0        0        0
            0      331        0        0        6        0        0       95
          324      207        3      291      453        0      582      168
          247      828        0      888      492     1463      880      690
           81        0      294      780        0      964        0        0
            0       57      303       48      249        0        0      189
           66      825        0        6      618        0      124      539
           57        6      546      912      375      908        0        0
            0       36        0        0       42       48        9     1035
            0      960      651        0        0       12      312       56
          147      106     1046      726      637      394      515      435
          906     1681      691       12      201      303      846      543
          132      592      930       18      630      747        0      848
          783     1398      720      192      723     1020      654      927
          297      654        0      183      306      195      492      666
          714      942      843      513      495      714      612      249
          510      177      207       51      255        3     1053      586
          282      534      627        0        0      455      429     1064
          627      845      393      499      362      680      420      519
          980      803     1392     1129     1053     1369      720      918
          316      811      708      574      698      700     1211      778
            0       22      852      388      627      744      829      743
          135      660       54        0      177      510      796      538
          472      927        0      585      669      268      263        9
           63        9       92       51      120      129       60       99
          111       60      114       36       84       57      102       33
          153       81       45       57       78       51       84       12
            6      114       63      246        9      285      391        0

Atom Distribution No.   102 at run step   33598:

  Count of atoms assigned to each task:
          309      970        0       12        0        0        0        0
            0        0       21      132      240        3        0       12
          300       51      123      840     1360       30      150       36
          615      878      472       24      483       93       36        3
           63     1509        0        3       33      381        0      683
          153      460      804        0      654      743        0      215
          920     1290      336       75      249      637     1041      507
         1648     1095      144        0      180      342      240       18
          585        0      775      480     1278      931        0        0
          367      957     1002      745       19        0        0      310
            3      647        0      450      612        0      580      596
           71     1332        0      669      486      702     1991      948
            0     1080       69        3      912     1035      699        0
            0      183        3       18       27        0        3        0
         1242      174        6        0        6        0        0      246
          453       90      264      240        0      969        0       18
            0        0       15        0       15        0        0       51
            3        9      429        0        0      396        0        0
          903       81       27        0      717      345      381        9
            0      945      519      426        3      141      327      489
          105       39      369        0       81      288      651      621
          670      781      483      162      543      735      588      180
            3      699        0       24       21       36        0        3
            0      576      814      631       24      743      680       24
            0      255      480        0        0       24      767      373
           12      149      458        0       31      222      168      327
          306      560       84        3      366      464      156      753
           90      702      324      252      316      449      224      401
           93      257       54      194      334      900      867      343
           46      600      723      342      318      440      432      156
          154        0       69       38      178      619      346      144
          117      414      471        0      561      744        0        3
          256        0       97     1167        6      477        0       42
            0        0        0       24        3        0      494       20
         1218        3        6      531      438      765      815        0
          181      949      585        0        0      594      480      385

Atom Distribution No.   103 at run step   33953:

  Count of atoms assigned to each task:
            0      544       84        0        0        0      303      213
            0       54        0        0        0        0        0      357
            0      120        0        0       30       51       96        0
           18     1424      144        0        2        0        0        0
           20        0        0        0        0        0        0        0
            0        0        6        0        0       48        0        0
            0        0        0        0        0        0      242        3
            0        6        0        0        0        6        0        0
            0        0       30        0        0       18        0        0
            0      435        0       21        9        0        0        9
            3      192        0      243       69        0      537      432
            0      284        0      777        0      549        0      303
            6      930        0      273      138     1241      336        0
            3      999      603       48        3        0        3      374
           12        0      454      144       18       69       48       27
           18        6        9        0        3        3       54       36
            9     1014      678        0        0        0        0        3
            0      769      441        0      339      819       54       12
            0      814        0      177      114        0        0      240
            0       37     1280      633      282        0      105     1126
           14       22      108       12      825      624     1115     1045
          399     1757     1268      741     1198      599     1088      297
          774     1154      558      516     1077      711      294      261
         1116      807     1215      930      519      561      825     1095
           54        0        0      912      867      723      846      339
         1236      444      732     1017     1347      427      508      792
          945      692      759      905     1484      528     1368     1483
          710     1202      524      941     1022      729     1109     1058
          930      955      571      651      508      801      878       85
          373      828      947      357      510      957      512      844
          486      696      445      540      430      404      423      717
          291      423      545       21        9       69       74        0
            3        0       23      122        6      128       72      231
           48        0       21       81       15      102      102       36
           27       72        0       30        9       48        0        3
            0        9      441        3        3      240      732      305

Atom Distribution No.   104 at run step   34314:

  Count of atoms assigned to each task:
           18     1393      669      243        0        0      504      249
          706      480      300      441     1164      295      327      393
            0       84     1776        9      458      684       57       87
          186      447     1909      135      225       51        3     1344
           93       57        0      210      384     1079      813      564
          646      319      460      345      762      324       78       30
           63       69        0       30      108        9      396       53
            0        0        0      216        2      290        0      162
            4      154       82      595        0      492      336      288
          162        9      825        0      333        0        0        0
          370       34        0        0       36      294        3        3
            3      285        9       69        0        0        3       12
           12       21        0      225        6      225       24        0
            0        6        6        0        0        0        3       15
            0        0      408        0        0        0        0        0
            0        0       30        0        0        0        0        3
            0        0      132      279        0       85        0        3
          287      178      179      834        0      474        0        0
            0        0        0      306        0        0        0       24
           45      129       15        0        0        0        9      570
            0      420        0        0        0        0      351       29
            0      579      540       57        0       12      636        0
            0        9        0      138       81      282        0        3
           48      312      598      567      189      600        0      375
            0        0      387        3     1147      501      453      441
          486      168      369     1089     1047       60     1044      474
         1221     1116      657      228      909     1056     1182     1122
            0     1233      711      912      760      813      894      999
          220      935       42      216      243      714      651      112
          443      768     1333      628      159      504      564      523
           81       69       82       39     1317     1033      687      243
         1145      417      256     1411        0     1194        0      145
           29      260      355       21      269      942       21       66
          373      712      580        0      209        0      713      564
           78      138      414      162       66     1043      994      306
          690      601     2082      846      319     1933     1176      329

Atom Distribution No.   105 at run step   34670:

  Count of atoms assigned to each task:
            9        0        6        3        0        0        0        0
            0        0        0        0      443       45        0        0
          399        0       39        0       15      756        0        0
            0      618      886        0        0        6        0        0
            3        6        6        0        6      159      218        3
            0        0        0        0        6        3        0        0
            0        0        3        0        0      648       33        0
            0        0        0       90        0       96        0       99
            0        3        0        0        0        0        0       69
            0       84      903        0      156      348      193        0
          428      774        3      210        0     1137      375      664
          295     1185      933      453     1531      597      489       81
         1280      582      243        0        9     1477     1073      642
          558      923      481        6      288      291       15        6
            0        0      645        0      618       33      137      382
            0      256      202       77        0      763        0       12
            0        0        3       15        0        3        9        3
            0        9       21      561        0        9        0        3
           39       39        0        0        0        3       57      183
           75        9       15      105       33       60      126      995
          118      528      528       75      357      886      248      538
          948     1083      991      686      351      696      756     1090
          276      669      579       18      729     1119      681        0
          534       96      987      345      516      780      483      507
          174        3      480      396      648       39        3      726
           42        9       84     1311        0      306      384      309
          504      336      393     1080      544      561      360      753
          195      153      555      283      316      422      386      242
           66      303       48      916       21     1045      992      477
            0     1845      400      359      600      799     1107      658
          189       12      141      642      445     1205     1206      156
          792      820      489     1517        0      638      897      218
           28      499      285        3      477      303       42      312
          177       81     1079      198      620      636      282      891
          340      297      119      356        3     1111      450      588
          439      440      915      615        0      225      666      342

Atom Distribution No.   106 at run step   35030:

  Count of atoms assigned to each task:
           46        2        2       47        3       15        0        0
            0       87        0      186        6        0        0        0
            0      570       96        0      297      414        0        0
          177      378      786        0        0       27      167     1347
          147       30      345      129      261     1215     1218      321
           99      123      297      309        0      290      177      929
            0        0      498     1116        0     1778      243        0
          987        0        0       60        0      459      399        0
           48       12      101        0      297      138       33      501
          237      663      540      246      355      735      747     1255
         1103     1374      852     1093      414     1086     1487     1083
           84     1623     1140      627      585      923      462      981
         1449      631      825     1263       96      936      777      384
          684      801     1008      411     1002      789      519      198
          582      906     1875      609     1188      806     1326      480
          813      867      410      632      207     1045      347        6
            3        0        0      129      101        0      413        0
           58       89      427     1281      126      952       17      207
          274      150        6        0       49      152      160       39
           12      474      806       51      289     1060      453      545
          459      763      115       87      191       81      586      408
          516      600      380     1204      439      125       96     1352
          243        3      199       19        0      580      819        0
          244      495       90      480     1061      494      472        0
            0        0        0        0      246      225        0       15
            0        0        0        0        0        0        0        0
            0        0        0        0      297        6        3     1353
            0        0        3       51      563     1034      456        0
            0        0        0        0       12        0      480       60
            0      408        0        0        3        0       81      174
            0        0        0      479      237      156        0        0
           21      281      201      459        0        3       57        0
            0        0       27       15        0        0        0        0
            0        0       12        0        0      753        0        3
            0        6      159        3        3      117      315        0
            0      132       91       52       45        3      102        0

Atom Distribution No.   107 at run step   35394:

  Count of atoms assigned to each task:
          748       99        3        3      192      786        0      648
          144       66        0      528        0        0        0        0
            7        0        0      151     1491        0        0        0
            0      819      981        0        0     1235     1209       12
          399      177        0        0      204      412        0      360
          870        0        0      267        0      450        3       63
            0        0        0       18        0      419       85        0
           73        0        0      132        0        3        0        0
            0       68        3        0       57        0        3        0
            3        0        0        0        9       78      540      891
           54       39        0     1048        3      849      498      774
            9      399      414       69       54      541     1080        6
          552      519      355      133      942        0        0      417
          303      174       45     1106      248      799        0       18
           57        0      705      603      477      312      100        0
           85        0      146      548     1022        0       45      384
            0        0        0      369        9        0      291       21
          486        0        3      304      428      234        0      153
          432        0       30        0        0       81       42       42
           15      336     1074      681      588      327      300      237
            9        0       27        3      420      471     1137     1080
          372      399      336      690      972      930       60       93
          321      594      111      129        0      150      624       18
           18       39      156       93       75       45       30      114
            0        0       15        3     1137        0      312      270
          300        0        0        0        0      507       15      420
            6        0       15        0      255       12      429      624
          348      498      381       87      687      540     1074      113
          315      486        0      117      249        3      741      264
          504      784        0      286      216      210       42      236
          327        0        9      249     1157      245       39        0
            6      975      267      306        0      261       84        0
           36      153      838      237        0     1072      175      245
            0      880      373     1475      805     1787       96     1523
         1096     1108      996     1249     1621     1758     1107      830
         1245     1305     1272      693       63     1765     1779      258

Atom Distribution No.   108 at run step   35755:

  Count of atoms assigned to each task:
           70        0        0        0        3        0        0        3
            3      268        3        0        0        3        0        0
           27        0        0        3      357        0        0        0
          336        0        0        0        0       18        0        0
            0        0        0        0       96        0        0        0
           18        0        0        0        0      333        0        0
            0        0        0        0       36        0        0        0
            0        0        0        0      213      615      372      432
           41     1293        0      114      300      234      177      546
            3       27        0       93       24        0      362      788
          294      540        0      852      102      550      319      478
            9      174      279       15        9      345      567       12
            9      126      363      455       72      487       12      978
           15      486        3      621      369      610      441       42
          816      483      793      471      879      438      942      395
          135      882      564      588      591      416      221      138
            0      385      322      591      618      405      495      663
          611      387      720      459      834      995      561      465
          636      831      456      117      429      645      414     1182
          978      864     1356      822      864      741      351      363
          555      942        0      306     1200      459      714     1182
          960      957      639      753     1058     1113      453      432
          276      405      573      364      177      476      123     1610
          364      952       81      390      774      632      818      390
          337      756      371       21     1032      398       81      110
          368      484        0        0      573      247      271       12
          125      493      731        0      143       30      446        9
            3       78        0        0        3        0        3        0
          198        0        0      348        0        0       12        0
            9      318        0      194      237        3       75     1140
           15        0       54        0      567      783      435        0
            0      330      159       16       47      126      144        0
           45        0      258       59       24      531      467       33
          222        3      249      960      372      488        0       62
          366        0      449      906      252     1054      936     1002
          681      612      835      534        0     1224      662        0

Atom Distribution No.   109 at run step   36106:

  Count of atoms assigned to each task:
            6       38      765      825       12        0        0       12
            0       27        9        3        0        0       45        0
            3     1383        0        0      924        0        0      492
            0      669       24        0        0       27       21        0
            0        3        0        0      213        6       93        0
            0        0     1616        0       69     1467        0       21
            3      189        0       18        6       36        0      534
          467      313        0       57        6       90       69      945
          435      222      138      117      335       45     1253       48
          240      144       72      852      111      210     1282      942
          213      604      177      612      195      186      549      240
            0        6      534      516        0        0      584      276
            0       48        3      816      183      720       51      557
           81     1206      372       75      102      192      552       15
          825       31       43      334      389       63      601      717
          930     1232     1410      321      961     1068      330        0
            0     1179      653      168      594     1845        0      462
          492     1131      210      105      336      414      252      105
          999        3        0       15      279      729      159      624
          684      513      294      252      165       87        9      468
          867      636       18        3      975      432     1365     1226
          864     1851     1075      961      150      919      569      470
            3        3        6       96        0      546      171      189
            0      217      687      718      235      575     1270      538
           33      674        0        0      171      807        0        0
          348        0        0        0      249      814      760        0
            0       67      262        0        0        0      510      207
          354        6       15      222      203      171      230      277
          396       72        0        0      808      428        0      189
            9      884       81        3      465      674     1001     1101
           69        0      258      863      137      638     1023      186
           51     1044      291      242      269        0        0      300
            0        0        3        6      105      261        3        3
          186       15        0      675       57       69        0        3
          289        0       42        0        3      692      428       96
           18      219      699      879        3      258      179      120

Atom Distribution No.   110 at run step   36465:

  Count of atoms assigned to each task:
          182       36        3        0        0        0        0       18
            0        0        0        7        0        0        0        0
            0        0       10        0        0      515        0        0
            0        0        0        0        0        0        0        0
            0        0        0       21        0        0        0        0
            0        0        0        0        0        0        0        0
            0        0       12        0      744      543      546       60
          673       60        0       12        0        0      357      192
            0       93      372        0      333      630      552      791
          820      798      984     1237      579     1068      375      701
          630      423     1539      965      843      372     1063      305
          425      111      606      462      225      654     1358      684
          303       81      465     1176      290     1248     1166      891
          417      912     1411      330      213      348     1050      237
          904      137      429       18      375      300      375      672
          225      671       69       24      216      774       51        0
            0       12        6       15      870      471        6      615
            0     1179        0       12       18      159        0        6
            9      909        0     1176     1056     1590      540      741
          900     1590       51        0        0       18     1155      210
           30      420       93        0        0       33      846     1602
            0     1807       15        0       15      641      471        6
            0        0        0      501       66      297        0      728
            9       42      313       17       15      516      508        0
            0        0        0       18      458      147        3        0
            0       21        0        0        0      669      189       33
            0      383        0        0       48        0      619      576
            0        6      214        0        0      546      757      297
          606       18        0        0      269      569      674      579
          546      377      682        0       23      415     1128     1146
            0        0      644        6      423      880      105      969
          519      717      501      399      213      246        0        9
          366      806        3       18        0       84      174      507
          540      435        0      420      195      756      235        0
          635      579       33      183      192     1275      363       52
          365      668      744      678        0      369      434       78

Atom Distribution No.   111 at run step   36827:

  Count of atoms assigned to each task:
            0        9        9        3        0        0        0        0
          145        0        0        0        0        0        0        0
            0        0        0        0        0       21      112        0
            0        0        0        0        0       69        0        9
            0        3       60        0        0        0        0      345
            0       78      144       54        0      180        0      135
            0        0        6        0       18       66       99      249
          246       15        0        0       12        6        6       15
            3       51       12        0        0       18      114       15
            0      555       36        3        0      180       96      134
            6       63       48       90       90      245      357      291
          219      690      546       51       21      255      606      345
          255      531      210      102      171      243      600      117
          411      272      516      180      231      546      156       21
            0      297      620      314      103      396      390      375
           90      555        3       51       18      813        0       60
            0        0      359        0      270       87        0      528
            3        0        0       18        0       36       21        0
            0       30       27        9      327      300      111      345
          529      454        0      590        0      465      792      237
          551        0      190       55     1238      744      744      466
          830      642      759     1633      970     1068     1161      900
          696      861        0     1118      873      579      513      578
          306     1050      504      759      198      618     1332      960
          636      540      570      393      303      414      819     1722
          537        0      216      468      240      966      312        3
          594      588      675       69     1133      324     1791     1141
          653      423      979      477      130      755      711      363
          466        0      124      524      632     1293      845      193
          341      418      996      531      753      709     1418     1124
            3      189      328      428     1216     1303      213     1274
          837     1376      228     1038      363      606      489        3
            0        6        0      414      561      725      186        3
          627      294        3       96       27      630      141      258
            2        4        0       10      258      263      272       99
           90      462      327       69        0      744      794        0

Atom Distribution No.   112 at run step   37189:

  Count of atoms assigned to each task:
           18       83      175      189        3      519      108        0
          303        0      678      627        0        0      983        0
          962        0     1266      490      731       57     1422      670
         1042     1494        0      735     1419     1173     1377        0
            0        0      375        0        0        0      129      300
            0       90      771      445        0      716      884      288
          816        0      524     1288        0      666      477        0
          702      817      536        3        0     1236      435      437
          494        0      410      399        0      774      192      273
           66       45      807      339      673      822      207      111
          522      444        0      729      120      843      333        6
            9      555        9      225      237      605      600       96
            3      180      147      510     1395      675      207      255
           99      213      273        9      204      456       12        0
           15        6        0        0      141       15        3        0
            0        0        9      186       15       42        3        0
            0       15       24        0        0        3        0        0
            0        0        3        0        0        0        0        0
            0      153        0        3        0        3        0        0
            0      144        0      423        0        0        3        0
            0        0        0      501      918     1320        0      807
          318      987      411      150      273     1125      600       90
            0      249        0        3      114      105        0        9
          138      318       18      273       72      809      361      396
          507      285        6        0      462      144      802      216
          300        0      162      293       24      377        9       30
           87        0       33       18       75       15      486      773
            3       57      488      827      363      912       15       18
          132        0       27        0      150      537       52        0
          145       55       24      451        0       51       94       26
            0      164       60        0        0      298      336      490
          712      538     1277      579      933      978     1961        0
            0      109        0      397       63      297      595      208
          102      250      432      837      189      575     1214      297
            9      750      183     1128      724      808      345      126
          495      805      901     1527     1046     1573      891      557

Atom Distribution No.   113 at run step   37559:

  Count of atoms assigned to each task:
            3        0        3        0        0        0        0        0
            0        0        0        0        0        0        0        0
            0        0        0        0        0        0      382        0
            0      105        0        3        0        0        0        0
            0        0        0        0        0        0        0        0
            0        0        0        0        0        0        0        0
            0        0        0      450        0        3        0        0
          141       27        0        0        0        0        0        0
            0        0        0        0        0        0        0        0
            0      216      810        0      153      746       24       24
           57        0        0      754        0       12        0        0
           30        0        0        0        0        0      120      351
            0        0        0        0        0      984      126        0
          111      835      528      291      690     1284      341        0
           30        0      363       34       60        6       15      205
          291        9       93      819     1131        3      422        6
           33        9      674        9        3        0      294       69
          375      168      510        3      111       12      713      517
          396       27      867      300      627      294       21      377
          663      195      177      117      474      655      714      527
          174      141      762      300      710      755     1087      615
          453     1024      980      948     1248     1128     1737      523
         1233      522      951      761       72      837      315     1203
         1047     1038      498     1116      597      636     1611     1164
          657      921      828     1065      951      669      828      723
          222      753      471      132      622       61        0      198
          457        3       21      446      651      438      930      295
           16      695      333      183      576      828      100       29
            0      134        0       49      582      909      884        0
          240       27      608      713        0      146      699       15
          516      572      323        0      222      213      676      360
          633      772     1089      773      464      522     1021       13
          114      623        0       15      315      130      177      138
          105      540      759      180       39      458      613      566
          105      690      162      381      132      712      441      302
          309      801      582     1281      311     1290      705      445

Atom Distribution No.   114 at run step   37918:

  Count of atoms assigned to each task:
           67      108       97      278       27      204      207        9
           36      366      129      279      198      363        0        0
          421      341      864       54      192      138     1182      889
          161       12        0       42      344        0        0        6
            3        6        3        0     1536        0        0        0
           12        0        0        0        0        0        0        0
            0        0        0        9       12       60        3        3
           69       36        9        0        0        3        0        0
            6        3        0        0      405      710        0        3
           28      115      670        0        0       15       99        0
            0      537        0       75        0        0        0      594
            0       84        0        3        0      291      144        3
            0        0        0        0        0      700        3        3
           15       72       12        6        0      150       15      159
            0      324        9        0        0        0        9      666
            0        0      657      102      437     1005      594        0
            0        0        0        0        0        3      195        0
          138        0      285        3        0      234        3        3
           30      130       96      168      360       15        0        0
            3        0        0        3       27       75       65        0
            0        0        0        0       36      489       24      318
            0      801      165      309       51      993      725      222
           15        3        9      606      405     1265      693      474
          642      717     1465     1308     1125      997      978      837
          708      429      579     1692      754     1035      591     1023
          333        3      795      831      951     1452     1140      687
          609      867      795     1221     1494      723     1025      905
          765      555     1316      632      887     1008     1220     1040
          680      780      232     1258      720      961      382       59
          559      348     1255     1177      114      262      559        0
            6     1313     1234      547     1372      633      497      627
          414       57      528      165        9        9       21      654
            0       36        0       54      369      921      204      240
            0      429      207       45       24       93      474        0
          541      160      102     1063      156      858      402      670
           72     1125      738      168      348      447      325      129

Atom Distribution No.   115 at run step   38276:

  Count of atoms assigned to each task:
           68       63        0        3        0        3        6        0
            0        0       15        0        3        9        0      128
            6      234        0       24      714       69      168      636
          393        0      871      337       17        0        0      339
            0        9        3      357      162        0      366       12
          450       30      900      478      975      324      819      499
          443      656      222      369     1170      539        0     1286
          108      603     1104      506      186        0        0     1158
          279      625        0      780      435      900      492      333
          914      227      657      240        0      249      180        0
           96        3        0        0       12        0      285      261
          789      534      285     1251     1055      775     1389      198
          243        0        0      150        0       12        6      848
            0      269       51        6        0        0      165        0
            0        0        0        0        0        0        0        0
            0        0        0        3        0     1008        0        0
            0        0        0        0        0        0        0        0
            0        0        0        0        0        0        0        0
            0        0        0        0        0        0        0        0
            0        0        0        0        3      138       84        0
            0        0        0        0      228      114        0      405
            0      240        0        0        0       60       33        3
            0        3       12      622        0      570      567       24
          447      402      634      970      102       60      150      495
          105      603        3      138      237      192        0       45
          426        3      363      231      243      138      270      342
          387      597      222      258      510     1248      762      480
          480      375      600      831     1122      877      507     1305
         1126      428      360     1032     1213      128     1116      534
          558      201      747      449      308      456      705      963
          650      639      946      753      335     1249     1145      451
          235      530      728      391      717      339      514      515
          424      166      260      377      891      388      720      580
          392      363      495      525      180      352     1506      501
          495      609      765      721      507      450      771      722
          321     1019      249      495      429      306      262       93

Atom Distribution No.   116 at run step   38639:

  Count of atoms assigned to each task:
           64       18        0        9        0        0       66       57
            3        0      114        0        0        3        0        0
            0        3        0        0        6        0        0       54
            6        0      115        0        0        0        0        0
            9        0        0      168      273        0        6       24
           66       15      852        0        0        0        0       18
            3        0      108        6        9        0        0      642
            0        0        0        0      129        0        0       12
            0        3        0        0        0      425       20       16
          238        0        6      144        0        0        0      164
          933       48        0      993        6     1011      525        0
          294      207      519     1162      181      273     1942      171
           39       87      477       45      925      129      174     1026
           48      732      814      183        0      120       39      480
            3      504        0        0       30      513     1770       69
          819     1382      159        0      227      912        0        0
            0        0        0        0      924     1089        0        0
            0      207        9      180        0        0        0      519
           60      126      105        0        0      228       18        0
            0        0        0     1062        0      814      450      921
            0        0        0        6      912      622     1099     1134
            0      829        0        0      573      789        0        0
          159      603      798      574      339      642     1050      576
          528      924      624     1197      861      810      792      747
          600     1197     1251      354      726      777      732      237
          372      270     1019       72     1012      372       48      387
          619      451      237      165      383     1137      711      383
          399       64      527      345      279      871      395       18
          719      362        3      389      513      294      519      877
            3        0     1383      903      198     1084      889      261
          192      108        0        0      561      511      634      881
            9      120      495      663      235        0       42      760
            0      824      634      438       15      480      225     1165
          343      906      387      438       81      652      238      412
          517       33      417      144      264      630      974      253
          102       24      171     1413      162      483      144      174

Atom Distribution No.   117 at run step   38993:

  Count of atoms assigned to each task:
            0      363        0        0        0        0      264        6
          198        0       30        6        6     1284        0        0
            0        0        0        0        0        0        0      408
            0        0        3        0        9      123      279      329
          487      276       42       66       12       27        0        0
          114      102        0       12       15        3        0      636
           69       57        0      510       45      404      357      159
            6       49        0      665       36        0        0        0
            3        0       15       24       27     1161       66      652
          383      802      177        6      333        0        0       66
            6        6        0      411       66      753     1036        3
          156        0      327        3       57      957      786        3
            0      435        9      582       18      642      120       36
          432      530      797       27        3      167        3       48
          429        3        6      114       99      591        6        0
          879      357        6      544      165      842        0      699
            0      779        0        0        0      488        0      423
            0     1320      702      519      302        0      618      741
          597      658        0        0        0      327      412      383
          138      477      792     1011       15     1162      786      765
            0      435        0      138      934     1416     1578      738
            0     2187        0        0      675      525      837        0
          375      732     1158      624     1035      783      958      900
          666      766     1088     1038      636      985     1453      672
          278      236      368      451      831      237      412      184
          366       86      578       75      472      117        3      171
          652      869       83      604      243      513      924      703
           34      103      335       10       12      531      414      231
           84      108        0       96      330      444      903      745
           18      416      600      856       18     1181      930       15
            0        0        0        0        6      672      992       12
           18       31      393      258        0        0      971        3
            0       42      255        0       54       12        3       72
          750      481       72      358       79      665       93      233
          741        0        3       24      468     1062      771      111
          186       51        0      747      381      552      333        3

Atom Distribution No.   118 at run step   39354:

  Count of atoms assigned to each task:
            6        3       36      312      519        0       24        0
          138      234        9      189        0        0        0        3
            0      168        0        0        0        0       57      717
          201      716       90        0        0      322      456      126
            0        6       87        6       72       45      381        3
          519      345      768      326      459      234       15      900
          474      490        0        0      691      591      132        0
          546      711        0        3      423     1359       63        0
            0      150        0        3      378        3       15      654
            0        6        0       12      552      750        0        3
          129      729        0      183       33      354      814        0
            0        0      108       81        0      744      162      588
          396       21      444      105      752     1301      525        0
          462      513      456        0     1077      846       60      426
          940      288      309       18        0      819      330      165
          228     1091      563      288     1023     1513      672     1212
            0      174      201      195        0       12       12      949
            0      639      873        3        9        0        6        0
            3        0        0        0      183        0       30     1338
          885     1098     1539       36        0        9      975      687
            0       27        0        0      315      450       15     1485
            0     1083        0        0        3      501       72        0
          489      102        0      177        0        0        0        0
            0        0      636      219      411      237      522        0
            0      255        0      551        0        0        0       30
            3        0        0        3        0        3      135       60
           84      860        3      414      900      936      677      384
          759      460      175      125       21      128      462       21
           60       67      341     1050      108       18      876     1031
           18     1613       12      222      567     1640      723      708
          515     1041      343      456      531      538      293      192
           66        6       35      813      468      366      585      494
           39       14       18      778      311      722       30      129
          378      711      503      703      329      477        9      654
          237      195      576      498      350      747      723      504
          333     1193      276      747       81     1176      351        0

Atom Distribution No.   119 at run step   39703:

  Count of atoms assigned to each task:
         2138     1065       18      193        0      212      476      639
           51      108        0        0        0        0        0        0
         1206      506        0        0        0        0     1232      159
          105      534        3        0        0      399      186        0
            0        0      345        0      650        3      804        0
          552      315      660      617      659        0      486      606
           96        3        0      411        3       30        0      312
          330        3     1134     1333        6     1351        3        0
            0     1161      114        0        0      270       72       57
           36      246      167       30      501      284      132       30
            6      378      108      120      168     1020      380      267
            3      251       51      358      135      267      636      162
            0       18      141      672      232     1971      555      441
          136      920     1071      189       30      798        0      531
          645      105        3      222      198      531      774        3
            0     1733      336      486      534      807     1251      882
           24        0      729      216      441       27      627      813
          267      405     1347        0      630      579     1059      648
          297      648      372      186      888      435      943      882
          732      567      960      465     1100      349     1142      519
            0       91        0        0        0      111       15      552
            0      615        0        0       15     1196       91      142
          187       65       51      235        0        0        0        0
          166        0       64      297      288      551      970        0
            9      138       18       15      291        0      393     1265
            0      941      390       23        4      908      163       18
           90       21       72      609      924      270      266      117
            8      105      175        3       96      437      120       81
           45        3      120       18       45       99      183      420
            0      343       18       45        9      293      657     1213
          273     1622      201        5      360      455      132        0
            0        0        0      330        0      342       12       48
          105        0      405      150        0       78     1339        0
            0        0        0        3       77        9      178      108
          432      327      609        0      234      294      141      315
          173      427      129      978        0      783      411      374

Atom Distribution No.   120 at run step   40067:

  Count of atoms assigned to each task:
           27        4        0        2        6        7        0       14
           87       12        0      479        0        0        0        0
            9       21       27        0       15       15        0      138
            0       12        0        0        0      105      306        3
            0        0      207        0        0      465      747        0
            9       93       97       27        0        3        0       87
            0        0        0        0        0        0        0        0
          101       21       21       27        0       99      125      148
           48       78       47      159       63       84      270      249
          489       63       21       96      117       93      213      273
          473      870      414      351      840      997      723      858
          450      510      460      680      954      747     1456      105
           15      936      438      793     1103     1230     1055      688
          918      657      594        0        0      435      219       15
          156       45       27        0      117       12      126        0
            3      267        0      186        0        3       48      255
            3        0       27        0        6       51        0       96
          159      306      189        3       15      243        9      280
            3      596       63        0      427      438     1191     1160
            3     1086      999        0      549        3      486      663
            0      105        0        0       18       15        0       54
            3        0        3        0      414        3        0      174
            0      126       30     1011        3        0      153      386
          183      954      648       60      243      426      306      786
            0        0        0      270      498     1146      558        3
            0        0        3       69        0      348      402        0
          324       33        0      930      369     1515      834      378
          111      402      897      423      672     1929      119      500
            0      529      651        0      762      715     1310      753
         1356      462     1289       30      658      757      948     1033
          196     2127      384      471     1250     1030      489      342
          876     1139      639      543        6     1198      868        0
          124       98      176      542      969      837      318        0
          178      155      920      468      576      384      168     1442
          552        3      684      315      315      238       24       72
           12      470        9     1029        0     1188      489      291

Atom Distribution No.   121 at run step   40427:

  Count of atoms assigned to each task:
          649      258        0      213       27        0      711     1020
          489      184      485      135        0        0        0        9
            0        0        0        0        0     1548        0       42
          312        0      588      619       27     1215      435        0
          615       96        9      517        0       81      144        0
            0      318       36        0      291        9       30      267
            0        0        0       69      921        0        0        6
            0      438      108        0      415       21       78        0
            3        0       57        6       18        0       15        0
            3      162        0        3       39      633        6       12
          429     1327      261        0      216      456      270      111
          606      550      106     1081     1221      471      108      280
          247      379        0     1139      864     1028      549      765
          492     1002      566     1236      681      967      708      423
         1443     1298        6      732     1320      234     1463      186
          780      414     1179      177      549      324     1641       21
            0      618       12        0        0        6       15        3
            0       15       81      261        0      873        0      183
            0        6      825        0      180      417      294      903
         1659     1200        0        0        0       84       27       18
            0      297       18        0       93      324        0        0
          720        0        0        0        0      225      159      740
            0       18        0        3      569        0        0      348
           12        6      327        6      183      432      276       63
            0       27        0        0      363       76      657      334
          159      314       36      420       12        0      403        0
            0        0        0      108        0     1203      725      768
         1035      255        0      507      499      357      111        3
          171        0       24      204        0      189       54      213
            6        6     1142        0       40      623      455      333
            0       78        3      234      264      393       78        3
           17      417      338        0        3      998      199       15
            0       21        6       45      341     1029      265      682
          117      279      242     1519      114       78      289     1044
         1856      690      325      514      704      936      144      920
          965     1470        0     1226      946      711      603      756

Atom Distribution No.   122 at run step   40781:

  Count of atoms assigned to each task:
            3        0        0        0        0        0        0        0
            0        0        0        0        0        0        0        0
            0        0        0        0        0       61        0        0
            0        0       30       15        0      782        6        0
            0       15        0      435        0      105        0        0
            0      261       78     1074        3      193      108        0
            0        0        0        0      516        0        0        0
          516       27      156      150        0        0      501      126
            0        0      564      279       33        0      591      959
            0        0      363      186      156        0        0       18
          156        3        0      156        3       78       84       81
          790       58       87      647       78      207        0      183
          420        0        0      216      225      450       15      135
            6      543      828        9        3       33      108        9
         1083        0        0      315       93      474      693      570
          561      606      746      140       12     1235     1014        0
            0      948       58        0     1152        0       99      588
         1511        0      237      615      930      729      710      995
         1618      716      981     1122     1475      513      600      996
          908      936     1095      789     1092     1212        0      699
         1647      453        0      765      798      570      825      873
         1627     1149      429      384     1065     1413      420      564
          697      746      681       15      745      489       27       90
          446      617      480      691       27      773      347       39
            0        0        0      317      101      497     1029      178
            0      255      351      449      936      138      888      131
          758      661      209      427      806      516     1216      802
          548      648      711      853      545      486      621        0
          105      138      375       45       87       18      538      168
           39       15     1824        0      147      276      623       57
            0       78        0      123       33      716      252       12
          174      909      408        0        0       81        3        0
            0        6       30        9        9        6       12       66
            6        6        9       12        0        9      383        0
          102       27       12       19        3      441        9      147
            9      186        9      675       39      837      717      111

Atom Distribution No.   123 at run step   41138:

  Count of atoms assigned to each task:
            9      587        0     1191        3        0       48      834
            0        0        0        0        0        0        0        0
            0        0        0        0      192        0        0      395
           12      981        0       21       15        0      777        6
          672      168      273        0       51        0        0      152
          547      438       48      114        6      270        3       54
            0        3        0        0        3      156        0        0
           18      117        0        0        0        0      120        9
            3       36        0      240        0        0        3        0
            0      126       21        0        3        0        0        0
            0        0        0        9        0        0        0        0
            0       60        0       81       24        0        0        0
            0        0        0       24      228      310      213       15
            0     1192      141        0        0      291       21        0
          132      165       45        3      207      783      526      177
           78      354      324       18       24      393      180       12
            0       15       36       81       78       15        6        6
           54        0       60       18       15        9        6        9
           12        0       12        9        6      501      391      435
          153      120      546      462      453      583       18      242
           15      379        9      285       27      453      300      954
          371      546      681      114      597      765      852      540
          212      804      312      366     1421     1176      390      378
          436     1265      654      258      720      932      544      405
            0        0        6        0      594       51      699      381
           15      387      183     1228        6      198      294       24
          621      549      336        0      282      675      324      492
          495      681     1014     1212      822     1122      738       48
            0      336      573        0      816      225      841     1041
            0     1549      446        0      252       21      924      165
            0      228      180       51      687      321      436     1308
          407      706      367     1390      436        0     1747        0
            6        3      846      924     1230      140      443      648
          650     1204      440      989     1337     1118      462      627
          624     1129      661     1128      747     1339      505     1020
          962      942     1338     1168      958     1596      252      273

Atom Distribution No.   124 at run step   41500:

  Count of atoms assigned to each task:
           42        3        0        0        0        0        0      142
            0        0        6      171      180      681        0      477
          387      369      522      929      705     1356      117      129
          719     1002      909        3      556      195      814      699
          288      999     1276      378      138        3      990      249
          450      254      614        0        3      282      249      102
          354      456        0      382      371      730      102      165
            0      180        0      318        3      429      120       15
           33        0      405        3       15        0        6     1183
            0      332        3      468        0        0        0      282
         1071        0        0      277      365      681        0        0
            0      750        3        0        0        0      585        0
          794        0        0      728      830      855      252      582
          514      881      294      123       36        9       18        0
            0        3        0      450        3      363     1194       81
           90      450       42      327      405     1413      216        3
            0        0      141      397        0       39     1233      999
          648      867      360        0        0        0        3        0
            0       18      282        0        0      576     1230     1251
            0      285      294      261      507     1260        0     1179
          636     1317        0     1068      180      735      815      236
          261      645      534     1075      476      923      889      737
         1074      291      249      861      963      141     1260      531
          832     1567      190       39     1014      158      625      418
            0        4        3        5      323      510      177       54
            3        3        0        6        3        0        6        0
            6        0        0        0        0        0        0        0
            0        0        0        3        0        0        0        0
            0        0        0        0        0        0        0        0
            0      748      666        0        0        0        0        0
            0        0      208        0      298     1539      288      339
          126       66      327       33      219      142      354        0
           13      135      881      162      279      354      486      681
           42      633      366      272      451      789      582      634
          656      853      375      384       39      483      548      982
          459      696      588      506        3      105        0        9

Atom Distribution No.   125 at run step   41864:

  Count of atoms assigned to each task:
            0      190        0        0      179      648       87      447
            0        0        0      129        0        6        0        0
            0      360        0      660        0      413       24      243
            0      624     1350      153      375        0        9      299
            0      119      285        0        0       60       10        0
            0      801        0        0        0       66        0        0
            0        0        0       12        0        3        0        0
            0        0      279        0        0        0       42      906
            0        0        0       75        0        0        0      611
            0        3      218        0      370       24       21        0
           27      327      318       51       15       36       15      102
            0      261      129      342      267      216      650      115
           48      618      147       93      531     1149       63      384
          449     1233      129       18      324       84        9      177
          698      574      885      510      900      123       81       95
          940      420      711      417      624      998      492      432
            0        0        0      360      435        9      564      278
          874      747      880      598      110      188      422       75
          678      369        6     1226        0     1250      525     1164
            3      345     1425      759        3      987        0     1422
          708      426      141      462        0      681      987        0
          129     1782      957      648        0      513      546      261
          270      135        0      102      162        3      510      738
          552      926      405        9     1375        0      813      592
            0      320        9       58      398      489      588       48
            0        0        0        0        0        6        0      192
            0       85      449        9       42      370      350       37
          445      263      542      537      189      481      983      544
           38     1115      537        0      601       12      716      547
            0      222     1440       14      934        9      847      414
          276     1166      494        0        0      398      616      609
          405     1006      243      109       44      603      246      756
            0        0      558        6        0        0       51      369
            0      466        0      570      195     1068      270       72
          591     1057       12        6        0      727      546      798
            6      642      756      861       54      972        3      536

Atom Distribution No.   126 at run step   42227:

  Count of atoms assigned to each task:
          193        0        0        0      106       69        0      643
          330        0      384        0       33        0        0      741
          438      579        0       45      171      855     1458     1034
            0      432      444     1092      187      702      852      141
           12      141        0        0        0      168       36        3
           36      246      726        0       60        0       18        0
            0        0      144      818     1479        0       72        0
            0        0       54        0      201      120      288      135
            0       30      207        3        0        0        0      405
            0        0       72      453      207       99        0        0
            0        0       12        0        0        0        0        0
            0        6       33        0        0       39      108        0
           48       15        0        0       63       15       27       27
           18       72        3       15        0       72        0       57
          264        0      369      121      147      105       30      583
          838      414      441      441      174      507      607       33
           19      285        0      120      375       51      474       66
            0      222      168      541       93      764        0      309
           69      111       72        0      648      261      276      696
            0      354      111      382      111       33        0      417
           54      105        3       93      204      783     1627        0
            3      789      591      372        0      734      440      240
          822        0      321      927      303        0     1233      558
          687     1140      492      201      567      384     1356      555
          732        9        3      858      255      477      492        9
            0      381      216       45      744      153        0        0
           90        0        3      639      111     1239      537      372
          597      381     1144     1017      363      633      544      679
          550       75      294      450      222      984      669      830
           15      150     1491       21      381      855      927      288
          591      474        0        0      319     1209      780      642
          520     1004      906       72        0      882        0      114
          105      626      963      378     1287      226      789     1187
           15     1227        0      263       18      663      204      819
          837      363      171      234       45      723      841      519
            3     1188      432      698      450      942      219      555

Atom Distribution No.   127 at run step   42588:

  Count of atoms assigned to each task:
            0        0        0        0      100        0        0      568
           18        0       54        0        0        0        0        0
            0     1059        0      528      147       51      306       33
            0      460        0        3        3      199     1050        0
          150        0        0        0        0       21      156      156
           27        6       21      288      429        3       15       24
            0      977        6      135      111      201      432        0
            0      198       18        0       75       21       57       12
           30        0        3      519       36      817        6       30
          263      554      417      561       18       87       24      210
         1105      201        0      486      279       12       45       33
            0        0        0        0      684      801      682        0
          504      609     1059        0        0        0        0        0
            0      352        0      415        0      407       15      557
            0      111        0      648      258      243      267      698
          242      603      645      225      249     1296      945        0
          840      618        0      500        0        3        3       99
            0        0      298       30        9      723        0       12
            0       15        0        0        3      330      438      453
          120     1496      427      132      801      807        0     1219
          564      456      126     1488      630      681      999      357
          219     1146     1113      567        0      471     1095       12
           84       24      525      282     1146        3      333      228
          972      855      564     1143      807      645      552      660
          158       63        0      445      226       87      165      132
          822      192      264      138      297      600      558      767
          988      393      745      322       33      663      681      504
           24      969      886      864      509     1014      855      888
           87      386      749        3     1377     1141      609     1107
          374      231     1045       99      363     1120     1256      141
          237      231        3       24      150      976      810      342
          210     1677     1607      123       54      117        0        6
            0       90       72       96      270       15      273      483
           12      406        0      144        3      360       42       78
          246        6        0        0        0      837       15       36
            0       63      429      225       12       78       18      198

Atom Distribution No.   128 at run step   42951:

  Count of atoms assigned to each task:
           21      264      126        0        0        0        0      156
            0        0        3      198        0        3        0        0
            0      486      315        0        0        0        0     1374
            0     1148      540        0        0        0       51        0
            0        6        0        6      141        3        0       51
          294     1213      492        6     1305       18      759        0
          138        0      190      492        9       12      598      120
          582      243      216      600      580      309      130        0
            0       60        6        0        0        0        6       60
          216      228       15       12      609       15      603      357
          402     1245      375      495     1050      455     1144      900
          687      173      716      777      282     1280     1414     1412
          489      380     1059      234      444      381     1547     1134
         1568     1260     1173     1226      369      933      936      900
         1599      504     1278      480     1776      450      912     1194
         1248     1365      561        0        3      777      812        0
           48      202        0        0        0        0        9      729
           27        0      781      144      216      570      327      209
          218      573      633      723      798      607      374      339
          919       24      997      108      425        6        9      706
          534      194      276      538       38      550      550      681
            0     1014     1727      544       27     1072      836       10
           62       14      102      180        9       12        0        0
          135      470        0        3        0        0      345       21
            0       27        0        0       27        3       39      174
           48      123        0        0       69      201      242      305
          260       31      312      245        0      482      222      153
            0       30        0        0       30      195      273      102
          300      240        3        0      360      206      120        3
            0        0      348        6        0      278      352       18
           21       42        0       24        3      133       60       36
           12      117        0        0       12        0       93        0
            0       69        3        0        0        3       54      915
           72      537      137       45      373      591      281      771
           78       24       75      624       18      216      362     1334
            0      714      336       21       24        3      483      514

Atom Distribution No.   129 at run step   43310:

  Count of atoms assigned to each task:
           12        0        0      228      279      615        9      690
           12        0        0      126        0     1072     1160        0
            0      384      753        0        0        0     1113      289
            0      117        0        0        0      567        0        0
            0        0        0        0        0        0        0        0
          588      453      934        0        0        0      440        0
            0        0       15       22        0      143     1371        0
            0        0      549        3        0        0        0      966
            2       59      273      102      318       24      450      102
            0       45      189      363      291        9      144       18
           12      315       60      439       51      257      105      426
           12      417      414       33       96       66      759      100
            9        3        3       12        0      109       98        3
            0        9        0       30       24       72      521      744
            6      228       15       84        0        6       27      135
          273       30      174      327        0        0        3        0
            0        0        0        0        0        0       18       66
            0        0        0       27        0        3        3      252
            0       47        0      617      249      390      135        0
           33       54       42        9      474        0       15      778
            0      509       63      332      352      432      411      600
           39      147       84       27       51      587      282        9
          702        0        0     1029      270        0        0        0
          492     1115        0        0        0        0        0      315
            0        3        0        0       39        0       12      390
          129        0        0        0        0      642        0        6
          447      327     1081      765     1050      701      699     1356
          510       48        0     1197      843     1065        0        0
            0      495        0       87     1170     1038        0      249
          792     1149     1083      105      630     1146     1233        0
          774     1440        0      183      660      855      758      366
          592     1134       21      187      253      432      584     1077
          705      854        0      863      974     1226      703     1421
         1427      776      521      826      686     1892      663      722
         1068     1060      246     1396      164      473     1526     1526
           66     1507     1101     1172      735     1275      366      297

Atom Distribution No.   130 at run step   43676:

  Count of atoms assigned to each task:
           37        5       17       15        3        0        0        0
            6        3        0        0        0        3       15        0
            0        6        9        0      192        0      153       10
            0      126        0        0        0        0        0       24
            0        0        0       24        0        6        0        0
          108      360        9       81        3      189       45      132
            3        6       24      141        0      399      510     1012
          312      351      597      717      243      570      820      951
           69      312     1128      213      666     1020     1606     1110
         1065      777     1620     1519      852     1041      566     1162
         2032      416     1417     1523      759     1276      852      346
            0     1050      990     1299      141      364     1834      186
          231        6       78     1071      159     1269      906       90
          330        3      174      279      387     1137      234        0
            0      429        0     1116     1641        0      240        0
            3        0      117      450        0     1266      708      573
            0        0       18        0      690        0        0        0
           36     1050      765      102      936      841       66      358
            0      421       27     1062       12      885      105        0
           33      146      379        0      283        0        7      225
            0     1257        0        0      346      329        0        0
           48       87        0      527      160      752      216       90
           69       24        0       18      898        0        0       69
          206      674        0        0        0      169      411        0
            0      364       12       93      576        0       96      390
            3        0        0        0        0      133        0        3
          694        0      421       74       64      141      308      530
          198        0        0      102        0       39        0        0
            0        0       51        0      288       57        0        0
           18      171     1585      150        3       96       60     1285
           36      814        0      300       33     1042     1142      378
          611     1301      450      336      360      210      318        9
           48      204        4      339      178        3      576        0
            3      687      282      117      147      462      387      191
          228       45       39      406       72      920      630     1035
           17      513      965      687      288      294      634       18

Atom Distribution No.   131 at run step   44035:

  Count of atoms assigned to each task:
            3        0       39        0      131        0        0        0
            0        0        0        0        0        0        0        0
            0        0        0        0        0        0       15        0
            3        0        0        0      439      132        0       87
            0        0        0        0        0        0        0        0
          297        6        0        0        0        0       87        0
            0        0        0        0        0        0        0      876
            0        0      375        0        0       42      267       78
            0        0        0      815        0      408      543     1050
            3        0        0        0        0        0        0        3
            0       18       18      410      397        0      641      204
            0      840      894      754        0     1113     1332       42
         1038        0       66       36        3      414      435     1188
          833      168      525        0      441      937      381        0
            0      403     1038      504      507      441      266      622
           82      119      513      138      642     1021      562        0
            0      578       42        3      612     1023      332      525
           51      489      490      117       84      510      531        3
            0      192      710      456      885      819     1286      714
          204        3     1191       33      848        0      105      536
          195      462      282      360       51        6      477      912
          171      378      669      570        6      609        3       12
            0        0        0      453        0        0        3        3
            3      120       42       36      300      120      489      126
           99      300        9      159        9      906      330      366
           15       54        9      918      237      330      891       66
            9       27       75       87      156      237      537      810
           90        0      915     1188      480     1042      531     1066
          529      937      672      861     1376      930     1039      795
          654      402     1162      743      562      432      552     1096
          148     1125      145      314      588      689      862      298
          409      774      120       72      339      225      104      276
          245      186      234      247      115      340      352      258
          297      777      436      123      293      163      200      554
          120      504      756     1261      168      507      255      771
          201     1488     1159     1014       15      495      279        0

Atom Distribution No.   132 at run step   44397:

  Count of atoms assigned to each task:
          644      156        9       18       45       93        0       66
           69        0        0       15        0        0        0        0
            0        0        0        0        0        3        0        9
            0      168        0        0        3      633      519      415
          594      303       78     1314        0        0      717      452
          746      420       78      870      234     2014      378        0
            0        0      618      225        0      264      162      356
            0        0      761        9       21      576       60       12
          135      234      330      492        0        0        3      315
          120        0      428      105        0        0        0      627
            0        0        0      300      516        0      657      475
            0      751      573      771      210     1305     1697      258
          546        0      103      300      382     1090     1131     1609
         1026      759      389      150      547        0      447       81
          393      180      360      849      837       87      546     1185
            3     1485      396      768     1248     1017      669      114
          408      240        0      219       60      486        3      906
           81       36      291       36        0      651      453      144
           72       21       63      618       75     1083      417      198
          651      807      129      360       33      393      162      612
            0      180        0       27      120       24      315       39
           12      105      162      288        0      360      142        0
            0        0        0      279        0        0       30        6
            6       24      839       12      396        3      858        6
            3        6        0        0       24       12       15      114
          783        3        0        0        0      262       48       12
            0      506      363        3       24      426       93      821
            0      166      630        0      191      819        0        0
            0        3       15       51       33        0       87      795
          462      609      271        9        3      852      879     1625
          270      459      711     1391      628     1291     1328      175
            0     1502        6        3       18       87      330       57
          279     1127       33      357      396      152      795      135
            3      789      496        0      253        2      912      888
          990        6      399      734      183      990       24      531
          273      535     1426     1116       27      696        0       18

Atom Distribution No.   133 at run step   44760:

  Count of atoms assigned to each task:
            3        3        0        0        0        6        0        0
            0        0        0       34        0        0        0       96
            0        0        0        0        0        0        0       18
            0        0        0        0        0        3      424        3
            0        0        0        0        0        0        0        0
            0       36        0      186        0        0      324        6
          366        3        0       84      210       27      102        0
           90      120       54        9      955        0       12      411
          372      111       54        0        6       78        6      339
           81      204       30      120       99       21      348       87
           90      222      188      658      447       12      240      558
            0      420      168      276      573      416      271      279
          450      198       54      189      606      576      296      382
           21      413      234      453       51      357      141        0
          435        9        3       84      802      202      864       78
           24      879      570      854      120      405      921      732
          738      287      218      249      918      957        9      544
          953        3        3      285      570        9      609      290
         1318      987      282      372       57      661      981      495
          228      870       72     1670        0      900     1793      621
         1131      381        0      405      720      738     1260      885
          660      861      498     1470      657     1452      249      144
          396      153      639      351      561       27     1165     1291
          528     1778      625      282      390     1433      963       41
            0       74       60        3       33      980      438      366
            0        0      137      203        0      141        6      215
          499     1245      628        0     1812      337      291      770
          128      480     1208     1307      358     1421      607      531
           12      171        0      384        0        0      242      107
          419      954        3      551       54      513      438      755
           38        6        3      643      483      714      480       39
            0     1023        0        0        0       27        0       24
            0      111       39       51        3        0      518        0
            3        0        6       78      157       66      119       18
            3      126        9      627        3      354       18      516
            0      738      869      495        6     1767        0        0

Atom Distribution No.   134 at run step   45121:

  Count of atoms assigned to each task:
           15       80        0       93        0      273        0        0
            0        0     1301        0        0        0        0       12
            0        3       99        0      369      450     1205        0
          327       69        0      411       51       18      231     1139
          591       15      153     1317      213      886      426        0
          367      816      411     1320      270       57       78      605
         1038      189      897      894      399     1828      523      882
           99      147      912      620      327      653      135      561
          732     1010      514      451      204      477      510      453
          823      987      345      369      474      478      205      584
            0      156      726      111        0      354        0      204
            0      357        0        0      321      750      513      615
          144        0        0      324       48        3      603     1151
          660       60        3      477      300      438       99        3
            9       12        0        0      693      201      342      693
            0      999      636       39      306      537       87       21
         1179        3       24        3        0      939      870     1776
          429        9       12       24      654        9      312        9
          696      294      246      528       24     1147      290        0
          666     1443     1056       15        0       27      863        3
           69        0        0        0      360        0        0      402
          144      787      408     1608      327      243        0      225
         1299        0       26      226        0      553      179      306
            0      291       27      416       78     1247      352        3
            0      253        0        0      484      528        0      126
           69        0        0        0        0        0        3        0
          550        0      178        0      168        5        4        0
           22      115      375     1073       18      420      878        0
            3      105      778        0       99        3        0       29
            0      957        0      870       18      129       85     1190
            6      146        2        3      322       21        0        3
            9      273      288        0      564      294       39       78
           48      321        6        0        0       73      341        6
            0     1263      270      315     1323        3      387        0
           34      985      252      957        0      777      245      784
            0      852       96      207        0     1061      205        0

Atom Distribution No.   135 at run step   45485:

  Count of atoms assigned to each task:
           64       54       60      860       78        0       87       21
           99      411       33       36        0       96       99       84
            9      210        0        0      520        3        9        0
            0        0        0        0        3        0        0        3
            0        0        0        0        0        0        0        0
            9        0        0      299        3        0        0        0
            0        0        0        0        3        9        3        0
            0        0        0        0      337      211        0       27
            3        3        0        0        0        6        0        0
           60      495        0        0      972        0        0      498
            0        0        0        0        0      788        0        0
            0        9        0      187      498      720        0        0
          498      102        3        0        0        0        3      925
          848        3        0        3      417       18        0        0
            0        0      282        0        0        0       12      300
          153      141      438      264      383       75       36      340
           18        3        6       21        6      390      672      300
            0       63        0        0       60        9       48       30
            6      105        0        0        0      997      466        0
         1212     1309     1417        0        0      123      297        0
            0        0        6        0       18        0     1419      367
          162        0      305       93        0       57      468      939
          487      770      457       21        0       39       57     1353
          249       60      771     1350      654      390      601        0
            0      261       39      498      465      285      288      681
           15        0      640        0       69      653      828      336
          729      705      337     1437      657      744      711      579
            0     1137      615      618      414     1248      813      324
         1671      141      210      588      765     1560      774      967
          745      492      624      540      929      265     1111     1205
          312      713     1418     1095      346     1579      959      684
          544      419      976      879      504      721      866      507
          466      165      400      543      401      217      261        0
          252      990     1265      122      860      240      576     1232
          513      524      543     1716       97      631      549      675
          339     1576      246      738      177      768      240      475

Atom Distribution No.   136 at run step   45842:

  Count of atoms assigned to each task:
          490       14        2       76       18        0      411      738
            0        0      267        3        0        0        0        3
            0        0        0        0        0      102        0      585
          646      510      264      750        0      546       99      303
          500      607        3      315      114      144      426      708
          252      397      440      636        6      486      189      105
            0        0        0        9        0        0      366        0
            0        0      924      281     1007      804      438      465
           24        0        6      333     1568      582        0        0
          492      484       44        0      416        0        0        0
           21        0        0        0      306      369       12      489
           21      561        0       24        0      776      735      362
            0        0        0        3        0      192        0        0
            6       87        0        0        0       33        0        0
            0        3        0      432       12        0       45        9
          249       12       54      381      809      460       12       78
           21        9       18      166       45        3        6        6
          357       18       30      108       24       12      138       15
           42      246        0        9        0        0        9      177
          117        3        0        0        0       27        0        0
            0        0        0        0      657      397      186      189
          776      792      153      297      210      831     1469     1710
          655      420      867      462      405      108      628       81
          615      324     1059     1209      729      999      477        0
            0       12        0      258        0      327      408      180
            0      234      402     1278      885     1263      633      825
         1374       15      765      699     1443      844     1434     1996
          123      486     1580      852     1845      982     1098      824
          916      388      593      774      413     1017     1132      291
          553      686     1132      586      333      830      599      724
           12        3     1153      903      458      968     1246      819
          279      645      848      903        3      639        3       18
            0       39        6      166       18       21        9        6
            0       72        6        9        3      188      257       18
            0        6      216      417        3      177      270      360
            0      642        0      162        3      464       48      126

Atom Distribution No.   137 at run step   46198:

  Count of atoms assigned to each task:
            3      342        0        0        6        0        3      302
          102      426      396       30        0        0        6      291
            0        0        0        0        6        3        0       81
          138      926      710      444        0      132        0        3
            0       78        0        0        0        0        0        0
            0        0        3        0        0        0        0        0
            0        0        0        0      366        0       12        0
            0        0      249      402      513      251       20       44
           24      274       54       15      217      501        0        0
          168      522      654      294      373      186      521        0
          123     1299     1029        0      800      855      702      138
          147       36      375       72        0      309     1511      252
           39      654      959        0        9      495        0        0
          519      684       30      237        0        0      912       28
         1020      636        3      765      733      901      624      444
          546        0        0     1053     1497      993     1800     1017
           66      162      408      481        0        0        6      924
          705      246      891        0      899      843        0        0
            0     1044        0        0        0      795        0      597
            0        0      852        0        0      891      834       15
            0        0        0        0      303      459     1461      177
         1284     1041      888      495       12      978      828      456
          492      585       93       58      126       21      358        0
           69      757     1497      324        0      440      574        0
            0       60        0        3        0      243      459        9
            0       12        0      597      476        3       30        0
          658        0        9       51        0      624      560      909
           27      387      598      278      435      783     1115       90
           24      371       30       90      211      173      127        0
          125      379      215      129      744      585      701      348
          129        0      615      350        3     1134      346      157
           21     1239        3       33      964     1068       28       71
            3      273       85      254      454      585        3      192
            3       39      162      891        0      623      398      708
          279      981      482       15      558      146      342     1035
          372     1190      160     1354       60      777      797       84

Atom Distribution No.   138 at run step   46562:

  Count of atoms assigned to each task:
          175      283     1013      390      540     1297       51        0
          105      429        0      591        0        0        0        0
          246        0        0        0        0        0        0      285
            0      162      201        3        0        0        0        0
            0       93        0        0        0      209        0        0
            0        0      327       21        0        0        0        0
            0        0      812        0        0       39        3        0
          327      189       18        0       15      147        0     1137
          244        0        0        0      312     1083      831      876
          490        0      593      372        0        0        0     2317
          839      315        0      768        0      676        0        0
            9      517      213     1917        0      297      120        0
          242       96        0        0        0        0        0        0
            0        0        0        0        0        0      479      924
          204        0        0        3        0       54       15      372
            0        0      237      192      918        3        0        0
            0        3        0        0        0        9       18        0
          797        6      324        0        0        3      138        0
          345       51        3      402       33       18      354       48
           54        0        3       69        9        6      402        0
            6        0        0        0        0      809     1110        0
          555       15      623      563        0      328      879      486
         1056      326        0      578      537       33      306     1942
          768     1281      396      309      492      570      915      294
          753      276       87      534      480      540      543      576
            0      180      186      297      216      636      114        3
          333       39      195      423      600      828      420      735
          882     1045      873      453      675      594      519      375
          437      224      153      900      883      465      660      111
          656      132       30      198      453     1307      322      554
           63      114      258      225      336     1223      601      842
          384     1020        6      505      927      453      180      138
          171        6       30      132      172      472      358      601
           75      852      375      482      264      808      613      610
          279      825      186      887      626     1272      648     1144
          867     1606      628      698      267      798      840      236

Atom Distribution No.   139 at run step   46918:

  Count of atoms assigned to each task:
          322        0       27        0        0      317        3      114
            0        3        0      333        0        0        0        0
            0        0       21        0        0       15        0       84
            0      105        0      396        0        0        0        0
            0        3        0        0        0       12        0        0
            0        0      108       48        0        0       99       63
            0        0      519     1086        0        0      399        3
          666      585      189        6        0      159      840      846
            0        0        0      456        0      408      615        0
            6      339      534      283        0      678      279      528
           54      324      453      611        0      556     1521     1660
          123      507        3      288        0        6      183       42
          396        0        0        0        0      282      145        6
            0        3      482      920        0       99     1182       30
            6      102       54      120      300       48      147      201
           39        0        6        0      801        0      516        6
            0       27      138        0      576        3      180        0
          922      494      539        0        0      927        0      234
          486      386      264       60      217        0      917      132
          810        3       96      210      665      312      483        3
            0        0        0      432      285     1053     1009        0
          204        0      618      588      543      168      771      116
          228       18       21      198       33        0      261      693
          435       81      858      303       60      696      729      771
          519        0       96      462     1245      519      456      288
          816      813      522      429      792     1032      297       18
         1182      378       96      681      420     1306      549      345
          908      524      478     1119      141      579      531      852
           47        3      597      420      744     1211     1033        0
           30      171      916     1158      903     1896     1185     1561
          220        6        0      801        0      476      327     1316
          199      981       24      927       12        9     1274      486
          137      299        0       69       75       42      123       15
            0      996      684       81      221      162      327      669
          372       51      240      291        0      957      835      293
          438      168       57      414        0     1026      494       69

Atom Distribution No.   140 at run step   47278:

  Count of atoms assigned to each task:
            0       54      342        0      749      609       39       54
          477        0        0        9        0        0        0        0
            0        0        0        0        3        0      186       45
          694        0        0     1140       33       12        0        0
            0        0        0        0        0        0        0        3
            0        0      603      333        0       57     1006        0
            0        0      561      303      357        6      438      219
           36      477      414      417      143      236      630        0
            0       12        0      249        0      327      315        0
            0        0      408      933      322      408        0       48
            6      738        6        9      321       51      450      414
           45      742        0      156      321      279      831      165
           87      186      262      688      969     1194     1338      288
          195     1431      855      143     1390      837      812      233
          818      411      261     1663     1073      705     1410      894
         1491      534      678      420      636      453     1065      147
            0        0      249      381      324     1023      693       96
          195      378      420        0        3      513        0        0
          219      153        0        0      264        0      165      648
            3      207       30      258      225     1128      528        0
          297        0        0      564      681     1074     1827     1012
          892      831     1169      755     1865      328     1588      210
          900       88       60      191      297      303      272      492
          420      297      567      184      718      484      845      513
            0        9        3        0      744       12       87       89
           12      286       21       67        7       81        0       75
           90       37       27       96      144      497     1094      702
          503      388       39        0        0      305      571      573
           45       12      680      373        0      258      678        9
           87      118      997      279        3       60      108      621
            0       21        0      508        0      191        0      678
            0      594      108      285        0        0      138      111
            0       21        0        0        0       21        3        3
           15      462      327        6      140      192      165       12
          150        0      834      768        0     1021      237      196
          371      617      450      105        0     1107      527        0

Atom Distribution No.   141 at run step   47642:

  Count of atoms assigned to each task:
            0        0       35        2       27        0       24      178
            8        0       24       27        0        0        0        0
            0        0        0        0        0        0       15        0
            3        0        0       21        0        0      140        0
            0        0        0        3        0        0        0      171
            0        0      612      699        0      651      607        0
            0        0      680       60        0        0      297      135
          330        3        3        0      606       84      624        0
            0        0        0       68        0        0        0      129
            0        0        3      195      165        0        0        0
            9      527      279        0      555        0      384       24
          336        0        0        0        0        0        0      544
          372        0      455      759        0        0        0        0
            0      366      816      809        0      588      471        3
           63        0      639        0      588      228      586      259
          378      357      861     1051       84      949     1062      393
            0        0       42     1048       60      235      812     1023
          564      556     1282       21     1266      265        0     1079
          393      216       90      327      702      403     1085      957
          795     1351      882      222       27      633      911      180
           39      486        0      846      612      624      627      996
          438     1140      513      201      618      597      933      138
          360       12      240      711      747      912      519     1609
          555      177      444      675      862      738      531      108
            0        0        0      102      513       99        0      665
          689      792        0        0        0      643        0        0
            0      339      408      811      559      117      303       42
          189      246       93      506      331      502      787      218
            9       51      360      396      643      423      812       13
            9      320     1051       42      229      570      513      573
          753        0       69       78       90      384      304       86
            3      502      120       93      613       18        3        3
            3      333        0      164        0       91      603       60
          609      317       95      415      139      491      866      702
          507      539     1248      633       78     1299      398      926
          780      882      890      479      150     1062      909      292

Atom Distribution No.   142 at run step   47992:

  Count of atoms assigned to each task:
            0      303        0        0        0        0       87      611
            0      342      447        0        0        0        0        0
            0        0        0        0        0        0      531        0
            9        0      411        0        0      321      485      926
         1254      707        0        0       36        0        0      884
          699     1041     1305     1236      717      348     2213      537
          414     1222     1080       48      775     1439      384      279
         1130     1290        0        0      708      522     1658      324
          552      882      825      399        0      735      288        0
          510      321      572      404      646      366      276      498
           51       15      759      453     1177        0      585      291
          828      114        3        0        0        0       75     1222
            0        0       78        0       21      186        0        0
            0     1176      858        0      111      201      507       12
           84        9      306      144     1458      114      864      543
          396     1740      672      663      507      909      894     1675
            0      282      120     1362      894      384      552     1016
         1050      570      697      325      244      474      485      365
          288        0        0        0        0      285      228      291
            6      807     1082       36        0        3      122      261
            3       18        3       45        3      348      297      149
           12      949      451        9      385      217      337       78
           12        9       54       24       24      150      141       27
           30      285      129      319      727      667      475        0
            0        0        0        3       42       51        0      168
          324      968        0        0        0      797        0      219
          752      333      291      303      551        0      144      249
            2       53      157      874      330      297      519      566
            0       39       18      180      138       57     1007      742
           15      744      522       84       12      189      659      344
            9        0        3        0       70        0        9       33
            6       15       69        0       42        3        0        0
            6       42        3       36       30        6        3        0
            0       63        6        3        6        9        3        3
           66        6        0      189        0      906      174      548
          119     1023      474      396      798      462      217        3

Atom Distribution No.   143 at run step   48343:

  Count of atoms assigned to each task:
          549      273      249       15      165       42      573      342
            0      903      132      772      228        0      429      330
            0        0        0        0        0      372      585        0
            6        0      108        0        0       15      380       12
            3        0        0        0        0        0        0        0
            0        3        0        0        0        0        6        0
            0        0        0        0        0        0       12        6
            0       40        0        0       24        0       25        0
            0        0        0        0        0        0        0        0
            0      216        0        0      123       93        0       51
           15       12        6      171        6        3        0        0
            0        0        0        0        0        0        0        0
            6        0        0        0       48      402        0        0
            0        0      138        0        0        0      327        0
            0        0        6       99        0        0      126      141
           36      751        0      444       18        0        3        9
            0       57        3        0      139        0        0      384
         1035        0       12      669      894      479      384     1434
            0        0        0        0      180      153      138      138
            0      662      465       15        0        0     1119        0
            0        0        0        0       18      475        0       69
            0     1339      984        0      681     1372     1297        0
            3        0        9        3        0        0        3        6
          423     1337     1667      532      957     1440     1057      226
          257      541      462     1077        0     1275      603      639
         1083     1329      591      546      213      528      477     1221
         1398      114      846      306      390      438      444      753
         1503      444      525     1008      663     1314      996      963
          789       99      681      579      270      747      871       12
            0        3      843      352      159      361      547      105
          488        0      518     1110      344      752      304      246
          380      537        9        0      630       45        3      443
          461      142      540      642     1501     1078      334      967
          607      829     1406      660      818      629      421     1327
          486      363      493      609      566     1095      764     1067
          442      660      639     1121      887     1299      336      436

Atom Distribution No.   144 at run step   48705:

  Count of atoms assigned to each task:
           74        3        0        0        0        0        0       27
          150      578      291        0        9       24      843      153
          330      333      465      264      887     1092      450      684
          557       87      717        0       57       33      987      710
          407      108       33      546      339        0        0      450
          762     1022      633        0      639      735     1680       72
           27        0        0     1327      659      621      408      291
         1155      329        0      668      881      120      702      225
            6      660      205       81      149      214       31       75
           57      156        3       12       33       48       21      138
           18        0        0        0        0        0        0        0
            0        0        0       15        0        0        3        0
            0        0        0        0        0        0        0       87
            0        0        0        0        0        0        0        0
            0        0      138      126        0        0        0        3
            0        0        0      303        0        0        0        0
            0        0        0        0        0        0        0      441
            0        0        0      156      387      336        0       88
            0       36        3       99      642      658       99      459
          396      501       12      534      386      779      642        0
            0        0        0      282      186      927        5      516
           18      432      192        3      801      435      660      129
          376      834       30        0      375      153      162        3
          447      294       15      489      474       99      573      282
           84      294      393      285      756      462        0      267
            3       81      417      807       42        0     1035      384
          675        0      387      504       48      318      453      654
          375      501      651     1224      935      706     1215      982
          394        0     1075      408      162      824     1195      533
            0      588     1185      402      200      758     1494      593
          151        4       19      226      676      759      985      412
          789     1509      223     1000      764      370      303      255
          150      178      491      173      421      716      279      519
           18      870      972      784      183      570      489      516
          222        0      804      674       48      618      486      784
            0      793      675      642       36      624      459      446

Atom Distribution No.   145 at run step   49062:

  Count of atoms assigned to each task:
            3        0        0        0        0        0       99        0
            0        0      162        0        0        0        0        0
            6      192       65        0      273       54        0        3
            0        0      564        0        0        0      318        6
          477        0        0        6       12        0        0        6
            0       18       18        0        3       24       12        0
            0        0        0       78        0        0     1192        3
            3      219        0      738        0       15        0        0
            0        3        0        0        0      294      144        0
          111        6        0       15        0      399        0      345
         1019      966        0      252      708      544      493        0
         1149      651      198      195      858     1119      894        0
           39      117        0      261      480      846      501      183
          243      582      174      418      389       39        0       30
            0      269      219        3       21      273      312      306
          168      519      696      443       39      443        9        3
            0        3        0        0        0        3        0      714
            0       48      240        0        0        3        0        0
           12      504      492        3      459      544      394     1410
          156     1269      996      744      810     1330     1506      312
            0     1046      633      669      513     1104     1497     1263
          681     1002     1146     1278     1056     1308      249      345
          561      312        3      399      396      213        0        0
          237      687      699      564      195      231      591       36
            0       54        9      751      415       27      303        0
          243      582      414      609      691      276      542      915
          667      270      337      122       86      117      448     1089
          513      126      222      656      473      852      657      144
          306      339      148       72      491      507     1073      616
            0      530      717      737        0     1101      755      650
          188       18        0      829      519      838      522      722
          133      535      786     1209        0      685        3        0
          272      339       30      327      702       15      237      351
           57      671      444      200        0      138      297        0
          144      111       84      192        9      774      324      539
          191      839      201      201        0      477      528      750

Atom Distribution No.   146 at run step   49424:

  Count of atoms assigned to each task:
            9        0        5        3        0        0        3        0
            0      122        9       51        0       12      111        0
            6        3      587      108       99       12        0      462
          417      252      925       15       51      162       18      387
          294      528       15        6      195      102       87       45
          387       63       12       81        0      162      503        0
          180      320       48      180      771      222      129      393
          144       45      198      770        0      252        0       91
           72       42        0      168      183       15      138      306
          246      435      318      450     1733       12        0       48
           96        0      768       66      519       90      407        0
          260        9      600        3     2067      272      733      540
            0       15        0      591      408     1063      329     1186
          561      285      405      771      798        0        0        0
            0      159      141        0        0        0        0      384
          276       30     1127      649        0      603      645        0
            0      315      195      117        0      763        0      505
           48        0      450      249       27      462        0      441
            0      694        0        0      684     1479      423      249
            0      126      412        0        0        0        8      550
            0        0        0       27      126       54       96        0
            0      795      177      972       27     1488       15        6
          129       15        0      669     1338      420        0        0
          597      384       24        0        0        0        0       39
            0       75        0       30       33       99       27       57
            0        0      396      576      795      837      288      264
          441       63      582      738      756      384      534     1483
          409      786     1251      787     1113     1114     1085      362
          582      105      471      727        3      366     1366      612
           45     1427     1063     1319     1065     1081      465      908
            0        0        0      273      461     1098      853      477
            0     1280      661      870        0     1719      194        0
          121        2        0        3      227        0        0      632
         1197     1061     1114        0     1044        0        0        3
          258        0        0        3       18       12      387       15
          120      113       12      293       36     1554      609      547

Atom Distribution No.   147 at run step   49786:

  Count of atoms assigned to each task:
          385        6        0        3        0        0        0        0
            0        3        0        3        0        0      329        0
            0       51        0        0        0        9        0        3
            0        0      579        3        0        6        0     1293
          232      223      394        0        0      478        0        0
          768      546        0        0        0        0        0     1164
          374        0        0        0        0        0      900        0
          576        0        0        0      486      516        0        0
            0        0        0        0      376        0     1280      720
           39      399      132      441     1141      162      456      117
            3       36        9       96        0        6      375       18
          342       66       90        0      267        0       15        9
            0       21        3      161        6      571      444      435
          201      267     1211      705        0      639        0      411
            0        0      201      381      384      783        0      202
           18        0       48      736      600      186      477        3
            0       58        2        0      383      270        0      172
          433      822       81       87      147      387        0      817
            0     1136        0        0      210      855       36        0
          573      365     1130      264      807       24      249     1075
            0        0        0      324        0      216      135        0
            0        0      309     1644      685     1170      804        0
          405      603        0      726        0      348       87      372
          366      387      381       72       84        0       78       51
            9      138       72       36      483       99      216      162
           93      303       81       42      594      309      258      402
          114       78       96      384      246      189      450      822
          651      789      432      576      291      891      733      796
          447      288      915      453      547      973      741      887
          211      308      410      752      864     1073     1006      343
          946       93        0      732      940      937     1010      619
          334     1200      465      720       60      703       80        9
            0        2        0      447        0        0       60      656
          591     1391      601      197       24        0      444      279
          561      408      651     1006      164      264     1254     1609
          713      591      354      655      528     1349      771      786

Atom Distribution No.   148 at run step   50154:

  Count of atoms assigned to each task:
          109      126        0        0        0        0        0      788
            0       96        9        0        3        0        0        0
            0        0        0        0        0        0        0      648
            3        0      678        0        0        0       60        0
            0        0        9       15        0       72        0        0
            0       18      728      807        0       84        0        6
            0        0        0        0        0        3        0        0
          114        0        0       51        0      168       15       75
            0      102        0       33        0      423      249        0
          159       96      183        0        0      383        0        0
            0      999        0        0       27        0      135        0
            0       36       51      123        9       81     1269      376
            0       33      802      552        6      222      732      603
            0      640      507      420       54      645      411        0
           12       24      801     2014     1775       18     1383      600
          676        0        0      297     1129     1716     1079      852
            0        0        0      726     1367      327        0        0
          321      129      522      755      219      635        0      288
          189     1191      579      120      587      524      249        0
            0      159        9      147     1449        3      838        3
            0        3      882      219     1404      195      846        0
          597      411      258      603      558      699      354      138
         1251      774       69      975      714     1419     1740      408
          306      345      949        0     1548       39      480        0
          183      675        0        0      866      243       39      339
          321      781      402      460      170      348      264      368
          852      364      120       98      298      821      530      533
          794     1107      746      891      691      868      760      481
          486       45      436      180      133      803      505      534
            9       72      943     1224        3      369      778       96
          759        0        0        0       12      687      660      390
          711     1041      264      620      138      145       47      120
          149      179       90       99       15       33       99      129
           45      132       27      234       54      234      465       75
          102       12      462      403       12       96      333      508
            3      915      972      138       72      146       54       54

Atom Distribution No.   149 at run step   50510:

  Count of atoms assigned to each task:
            6      154      273      896      144      930     1094      926
          105      150      120      315      141       87       90      114
          309      254        0        0     1135      120        0      159
          324       72      501      822        0        3        0      322
            3        0        3       12        0        0      317        0
            6        9      288        0        0        3      363      102
            9        0      933        0        6      120        0        3
           24      237     1050      240       21       12        9        0
            0      315       18       15        6        0       18        0
          105        9        6        0        3      219        0        0
            0       51       12       21      234        0      411        0
            3       21       36      120      126       51      174       12
            0       21       45      144        0        3      363       12
            0        3       15      808       69       15      393        3
          138        0        9        6      834      201      274      186
          224      503      579      330       30       21       42      243
            0        0       90        3      213        0        0        0
            0        0        3       15        0      960        0      134
            0     1014      471      198      666      651      465        9
          234      145       18      864       69      492      907        0
            0        0      120        0        0       15      708        0
            0      903      261      126       15        3     1075      543
          819      255        0     1665        0        3        0       33
            0       12       51        6       86        0      195        0
            0       31        0        0      560     1278      447        0
          522        9     1106      471      759        9      735      471
          909       24        0     1317      399     1131     1038      669
          603      369     1047     1155     1236      861      417      555
            0     1066       84       18      660       27      456      627
            0        0      729       27      174      775      480       69
          837       90        0        0      204     1737     1342      156
          573       97      552      312      456     1685        9      438
          269      544      158     1203      294      360      145      426
          299     1026      843     1133       45     1064     1043     1468
          691        0     1391      495      360      751      621     1702
         1367     1899     1589      201      447     1221      468      224

Atom Distribution No.   150 at run step   50867:

  Count of atoms assigned to each task:
            0        3        0        6        0      219       65        7
            0        0        3       33        0        0        0        0
            0        0        0        0      120      146        0       57
          498        0       78       42        0        0      180       75
            0        3      954      954      103        3      456        0
          426        9      912      108      788       47      689      234
           18       27        9      555      660     1208       79        0
          595       90      426      960        9       69        0        0
          210       18        3      273      345      319        0        0
          651        0       45     1416      261       30      705       33
            0      981      333      432      486      463      800      729
          816      840      799      672       12      600      498      472
          857      759      678      258      225     1008      379     1002
          489      540      128      874        0      500      204        0
         1290        0      327       51       84      765       78       36
           21      291      543     1170      369      180      181      162
          294        0      702       30       96        0      708        0
          381        0      267      903      525      642      363       45
         1962      294     1197      351     1590      183     1098      777
         1932      615      207     1342      454     1737     1445      648
           72      279       60      695      824     1392      982      264
          712     1014      546      523      394     1463      522     1283
          649     1322      453      450       75     1675        6        0
          273        0     1316        0      443     1164      897        3
           12      357        0        3      276        0       78        0
           57      510     1118     1375        3      315      240      794
           15     1673       21        3      285      426      237      716
           13        0        0        0       34       21        9        0
            0        0        0        0        6        0       21       12
            0        3        0        0        0       24        0        0
            0        0        0        0        0      634      390        0
            0       42       54        0        0        3        0        0
            6       21        0        0        3        0        6      165
            3        0        6        0        9       87      165        3
           27        9       12        0        9      189       48      411
            6      192      339        6        6       46      196        3

Atom Distribution No.   151 at run step   51228:

  Count of atoms assigned to each task:
          202      672      249     1029      300     1023     1878      462
            0      992       51     1443        0      988        0        0
            0      112        0        0       82      662        6      519
          231        0     1086        3        0        0        0        6
            0        0        0        3        0        6        9        0
            0        0        6        0        0        0        0        0
            3        0        0        0        9        3      387        0
           27       21        9        9       15        0        0        0
            0        3        0        0       51        6        0      332
           19      212      270      399      171        0      306      789
          258      339        0      933      204       57      489      480
          240     1158     1119     1203        3      460     1060      702
          222       45       93        3        6      609      349     1023
          297      495        6      540      189      264        0      210
         1098      705        0        3      102      234        0      180
           24      207      120      432        0      198      455      504
            0      354        0        0       87        0      285        0
          225        0        0      126       24      705       12        0
          306      171      491        0      447        0      276      447
           84      819      819      322        0      948      462        0
           15        9        0        3       15      459      696      687
          336      618      672      336      267      459      603      576
          393      351      228      441     1005      327        0        0
          552      861       27      192     1266      435      645       72
            3      540      174        0      396      114      468       30
           12       42      583       39       60      118      213      214
            0      333       15        3       18      291      123      408
          522       69       90      441      360      722      243      537
           18        0      357        0      966        0      162      638
         1108        0        0        0      396      180      726      931
           68        0        8        0      553      699      618        0
          217      430        3        0       98        0        0        0
            0        4      131      254        0        0        9      161
            0      438      197      165      867     2004      285     1711
          538     2019      490     1789      681     1080      847      800
          612      873      380     1447     1641     1973      687     1131

Atom Distribution No.   152 at run step   51593:

  Count of atoms assigned to each task:
            0        0        0        0        0        0        0        0
            0      834        0        0        0        0        0      381
            0        0        0        0        0      432        0      684
          616       87      908       57        3        0        0        0
           30        0       15        0        0        0        0      393
            0        0       45      921      657        0      492        0
            0        0        0        0        0        6      886      705
            0        3        0     1291      420      588      438      615
         1077      260     1142      270      294      942     1273      738
          414       33        0     1421      125      177      294     1266
          255      849     1315     1471        0      447      600     1111
         1293     1095     1077       84        0      579      647      363
          289        0      231      558      147     1317      461     1997
          174     1515      216      681        0      516       51      105
         1068      312      816        0     1656      786      684       66
          459      162     1137      759      141     1341     1038      117
          483      603        0        0      756      261        0        0
          330        0        0      273      126      312        0        0
          528      464        0        0      267        0        3      120
            0      198       90        0      222       60      138      117
          276       45      102        0       33        3       36      321
            6      195       57        0       18       21       60       49
           18        3        0      238      363        0        6        2
            0      554       27       39       42      510      372       96
            0      108        0        0       18        0      322      155
            0      123      643      156       21      479       21      192
          257      213      465      309      790      568     1425      366
           19     1094     1023      863       15     1068      629      244
            0      115        0        0      458       14       44      561
          381        0      508        0      218      740      458      614
          237       12       30       96      534     1473      616      324
          303      768      227       66      267      135      862       30
            0       24      327        0       33        3       27      429
           39      255       30       45       24      936        3      296
           78      634      481      450       12      588      435      108
           39      794      621      618       72     1011      453      302

Atom Distribution No.   153 at run step   51956:

  Count of atoms assigned to each task:
          173        0        0      136        0        0       33        0
            0        3        0        0        0        0        0      224
           66      354        0        0      669      285        0      624
          905        0     1026       72      507        0        0        0
            0        0        0       15        0        0        0        0
            0        0        0        0        0        0        0        0
            0        0        0        0        0        0        0        0
            0        0        0        0      837      203      331      506
           72       27       15        0       12        3        0      522
            0        0        0      102        0        0        0       27
          753      423        0       63        0      685      522       42
           12      111      237      597       21      789      498      105
          221        3      254        0        0      150       93       15
           33       27       69       69        0       99        0        0
           27        0        0       30       51      252      105        0
            0       42      390      276      456        0       45        0
           36       21       18       12      237      132       18        0
            3      813        3        6       54      432       36      477
          480      682        0      635        0      690      111      402
          483        0      767      733      304      328      897      864
          129      958      681       21      996      749     1795      573
          390      714      791      705      186      972     1052      816
          495      903      991      666     1374      741      759      690
          906      825      639      636      648      918      810      558
          264      186      135      306      282       36       66      114
          333        6      360      363        0      393      288       60
           51      411      267       39       87      303      732      445
          221      250      451     1191      891      405      745     1137
            0      813      743        0      324       10      856      210
          925        0     1770     2005      158     1254      708      884
          214      387      273     1313      333     1029     1426     1021
          529     1427      982      231      796      764      438      529
          261      114      834      839        0      153      108      940
            0       15        0        0        3        0        0        0
          135      510      501      234      141       27      307      441
          141     1128     1011      102        0      309      407        0

Atom Distribution No.   154 at run step   52323:

  Count of atoms assigned to each task:
            3      219        3        0       27        0        0        0
            0        0        0       16       24        0      329        0
            0        0        0        0        0        0       69      276
          468        0       30       57      576        0       15      147
           84       75       39        0        3      312      321        0
          310      608        9       39        6      399      264       36
           87       36        0       75       27        0      213      318
            0        0        3        0      509      196      597        0
           51        0        0      534      483       39        0      219
            0      576        0      453        0        0      214        0
           99       16       56       12      130      462      276        0
            0      543       84      180      126      264      129      378
          156      144       75        0      223        0       84      613
          219        0      132      108       33      444        0        0
          336       51        0        0       99      450      447       36
            0        0      114       74      388        0      294        3
          264      378        3        0        0      990        0        6
            0      439        0       33        0       48      486      315
            0      489      405        3        3      276      348     1202
            8      699      231      414      717      156      559      885
          155      267      747     1353      517     1304      444     1403
          709     1185     1471     1200     1215      207      557     1458
         1284      633      546     1662      786      963     1251      321
          906     1473     1164      936      984     1620      558      504
          267      393      258      573     1385     1032      216      634
         1040      888      495        9      405     1263      218      520
          290      351      207       12      186      489      555      346
          235      828      357      225      153      474      743      782
          373     1345        9        0      374      608      768      293
          278        0      546      327     1387      431     1526      519
           51      141       69      747       25      314      568     1632
          216     1761      216        3        3     1092      271      674
            0        0      321      174      279        0        0      132
            0       66        6       39        0        0        0      525
            0        3        0        0        0        0       39        0
            0       96      153      300        0        0      294      271

Atom Distribution No.   155 at run step   52677:

  Count of atoms assigned to each task:
           15       21      206      214       35        0        0        0
            0     1251      549        0        0        0      573        0
          561       24        0      552      798     1266       78      767
          456      264        0      510     1008      712     1129      333
          336      333      165      177      437      884      609     1062
          768      153        0      621      327      120      696      633
          184      947        0      456      432       39        0      189
            0       84        0      357      261      487      925      102
            3      333        0      168      276      444      153      526
           24     1171        0        0      235      249      525       60
          117       66     1025        0      820        0      132     1419
            0        0      162        3        0      186      114        0
            0        6        9      929     1258        9        0      279
            0       60       18      765        0      264        0       25
           78      114        0        0        0        0        0        0
            0      307      879     1227      597        0        0      278
            0        0        0        0        0      635        0        0
            0     1056        0        0        0      288      186      618
            0        9       24      348       15      975        3      861
            0      288      963      483      234        6      873      282
          582        9       30      120      147      381        6      318
            9        6       15      573       27        6        0      429
           69        3        0      474        0      222      333       15
          291      132      327        0      165       33      228       63
            0       18        3        9       42      558        0      177
          603       42       18        0       30      237       36      120
          510      255      111       75        0     1470     1128       63
          721      338      596      125        3      546      690      328
          111       50       45        0      492      692      756      921
           45        0     1638        3      702     1122     1139       88
          176      109      117     1166      340      797      945      849
          827     1030       32        6      144     1604     1507      809
            6        0      105      240      186      609      626        0
           79      902      256      291      510      828      306      700
            0       33      414     1286      711      300      701      598
          420     1104      303       27      280       39      135      218

Atom Distribution No.   156 at run step   53035:

  Count of atoms assigned to each task:
            3        0      645      720        3        0        0       93
            0      252      207        0        0        0      456        0
          393      773        0        0      168        0        0        0
            3        0        0        3        0      396        0        0
            0        0        0       84        0       12      195      207
            0      330        0       84        0      342      519      242
          170        0        0      217       12        0     1089        3
          771        0        0        6       54      372      300        0
           12        0        0        3        0      525        0        0
            0        0        0        0        0        9        0        0
          236        0        0        0        0        0       10      783
           42        0        0        0      705      798        0        0
            3      699      246       18        0       18       39      177
           27       39      318      606        9      393       27      465
          105        0        0      473      371      294       96      267
          135      570      792      222      455      454      258      306
            0      186        0       63      210      339       15        3
          378      859      714      630      324        0      111      627
          478      270     1163     1281      833      406      935      984
         1217     1551     1426      355      777      645      885      640
          258       21     1446      645     1146      885      537      429
           36      381      681      252      252        0      624      330
          492        0        0      678       69        0      414      645
          549        0      855        0      663        0      567       66
          114        0      681      564      483      570      381      228
          229      257      684      333      150       90      894      366
          624       21      243      514     1020      204      466      312
          285      390      595      162       15      245        6        0
            0       12       42        0      108      291      525     1001
            0      333     1460      489      669      552      216      231
          543       21       24      684       99      620      335      414
          420      105      139        6      103      177      120      720
          204        0        0      545      269       30      488      448
          253      819     1195      298      991      726     1100      643
          694      414       99      486      582      645      862      677
          381      945      567     1140      417     1311      674       63

Atom Distribution No.   157 at run step   53396:

  Count of atoms assigned to each task:
            3        0      304        0        0        0        0        0
            0        3        0        0        0        0        0        0
            0      135       47        0        0     1263      768        0
            0     1004      382     1422      931      171        0        0
          396      645        0      414      267      177       30      291
           24      273      475       48       42      698      645       39
          135       33       21       18       66        0      609        0
            0        9        0        3       18       12        0        0
            0        0        3        0        0      156        0        0
           96        0        0        0        0        0        0        0
            0        0        0        0        0        3        0      961
            6        0       84        0      408      729      606       24
            0      114        0     1114      575        0      513      246
           63      555      201      291        0      407       72      931
          297      321        0      543        3      237      123      573
            0      752     1794      102        0     1329        0      988
         1189      395        0      252      479      378     1182      264
          976      776      261      429      783      195      875      492
          300      240      876      510     1183      180      930      858
          930      969     1209      849      903      642     1338     1113
            3      897        6      630      228      114      282      429
          309      504        6        0        3        0      369       24
          120        0        0      696       21        0      720       12
          814      556      582       72      477      819      763        0
          358       30        9        6     1380       75      226      522
          425      584      530       99      447      630      106      744
          562      503      507       54      698      956      430      199
          577      735      816      504     1081      426      384      297
          111      274      863      728       66      196      495      165
          378      462     1461      972       90      886      299       48
          271      306        0       12       39      790       84      141
           66      102      324        0      315        0       33       66
           18       27        9       99       18       27      204       75
            6      218      222        3      147       45      352       75
          375        3        3        0       15      429      768      459
          207      797      906      594      231      390      788        0

Atom Distribution No.   158 at run step   53750:

  Count of atoms assigned to each task:
           68      120        6      121      147      308      702        0
          435       27      234       15        0      129        0        0
            0        6      360        0        0       12      544        9
            0       97      534       72        0      165      762        0
          420      294        0      147        0      201        0        0
            0      629      940      246      465     1017      422       94
          257      801     1086      851     1622      894        9      186
            0        0        0      417        0      432      879      750
            6       75      291       45        0        0        3        0
            0        0        0        0      150       18        0        0
          802        0        0        0        0        0        0        0
            0        0        0        0       18      671      225      600
          750        0        0        0       36        0       12        0
            0       12        0       42        0      394        0        0
            0        0        0        3      470        0        0      481
            0      400        3        0        3      279       21        3
            0      243        0        0        0      183        0        0
          477      475        0        3      785      908     1203       12
          430      906      114      459      276      255     1246      442
          672     1158      438      736     1232      717     1056      895
          309     1248     1164      831      420      366      507     1044
          582      474      186       42        0        0      156      279
          192      396        0      219        0        0        0        0
            3      288      642       24       18      777      303        0
            0        0        0       72      432      150       57       30
          111       48        3        0        0       39        0        0
            0        3        3        0        0       18        0        3
           33      855      570       24       21       93      366       48
          423      111      147      447      507      366      872      295
          870      909      222      130      368     1202      735      655
            0      696      474       68      102      909      414      214
          254      409      489      870        3      555      725      354
          602     1051      723     1195      356      284     1155      624
          377     1296     1133      351      815      746      646      807
          144      779      499      899      402      765      687     1534
          858     1161      378     1128       21      303     1471      406

Atom Distribution No.   159 at run step   54103:

  Count of atoms assigned to each task:
          252       29        0        0      560      927        0        0
          549        0        0        0        0        0        0        0
            3        0        0        0        0      159        3        0
            0        0       99        0        0        0        3        0
          193        4     1164        0        0      186        0      432
            0      366      423       93      791      389       76       11
           11       42        6      498       51        3      225        0
            3        0       51      213      732      907       33       74
           15      535      183      138      843      273       60       81
          894       36       98        7      486      954        0        0
           72     1278        0      493      134      465        0        0
            0      693        0      297     1461      556     1161      486
          450        6        0        0        0       66      235        0
            0       71      196      418       49      205        0        0
            0        0        0      346       24        0       72     1305
            0      591      506       21     1091      231      198        0
            0        0        0        0        6      189        6       12
          414      270      564     1241     1026      423     1571      267
          813     1156      499      531     1047      786      354     1141
         2004      402     1557     1011      870     1047     1059      807
          213      723      318      231      573     1023     1059      942
         1074     1421      975      899      268      851      153      825
         1243      691      559      369     1739      378      346       94
           33      663      794      548     1441      489      240      120
          706       15      548       57      198     1411      420      460
          917      425      386      533     1175      214       81        0
          110        0       30        3      112        0       33       45
           84       62      203      178       28       84      291       15
            0        3        3        3        0        0      567      954
           12       66        3      122       36      528      228      680
            3       57     1095     1262        0      470      209      367
           54      882     1029       12        0        0        0        0
            6        6        0        6        0        0       12        0
            0       90        0        0        0        6        8        0
            9        3       18        0        3      196      513      207
            3      801      267       51       21      147      687      668

Atom Distribution No.   160 at run step   54465:

  Count of atoms assigned to each task:
           47      415      125       12        0        0        6       63
            0        0       45        0        0        0        0       12
            0        0        0        0        0        0        0        0
            0        0        0        0        0        0        0        0
            3        0        6        0        0        0        0        0
            0        0        0      417      570        0        0        0
            0        0        0        0        0        0      582        0
            0        3      183       15      174       39      394      406
          420        0      678      990      428      979      435      765
          357        0      950     1462     1605      798      207        0
          210      168      279      177        0      729        0        0
            0      501        0        0        0      766      189        3
            0        0        0        0        0        0      342       72
            0      303      111      648        0      228     1048      514
            0        0        0       27        9        9        3       12
            0      345      261      954      198        0        9       21
            0        0       15      306       93        3        0      299
           69        9       57      319       72       36     1042       30
          234      207        0      180      332      533      435      291
          489      258       99      693      348      620      468      786
           54       45       18       18      387      327      246      859
            0      283      833      480       18       99       24       33
            3       36        0      537       12      609      238       17
           11      716      876     1131      792      903      186       90
          261       12      513       45      417      399        0      618
         1278      669      153      429       24      882        9        9
          411        0        0      624      855      318      924     1083
          102       81      636     1557     1155      789      715        0
            3        0        0       92        0        0     1119      843
            0      279      865      655      486     1363     1331     1130
          318     1500     1326      950       45     1012      602     1339
          747       93      314     1008      825       54      591      652
          214      466      579      627       78      335       75      983
          971      804      606      631      351       57      170      686
          405     1077      519      464      724     1413      507      236
           80      554      236      630      594       87      765      541

Atom Distribution No.   161 at run step   54822:

  Count of atoms assigned to each task:
          293        0        3        0       27        0        0        0
            0        0      159        0        0        0        0        0
            0        0        0        0        0        0        0        0
            0        0        0        0        0        0        0        0
           94        0       18      711        0        0      648      765
          542        0        0      386     1053        0        0        0
          180        0        0      309     1031      236      578        0
          957       45       78      153      537       51      288      826
           99      327      273      333      207      219      426       72
           87       93      321      153      607      503        3      828
          282       93       81      810      505     1064      870     1031
          342     1689      712      757      355      871     1498      376
           77      681      699      681      475      452      675      318
          819      801      855      848     1032     1206     1250      195
            0        0      693     1374      141      639      210      756
          597      303      441      657      201      831       24       69
           66      684       54       15      315     1095       18       69
          270      435       24       63        0        6      480      117
            9      282      378       27       24      951      279      234
            3        0      582      387       21      465     1347        0
          603      153       24      633       18      321     1139       99
          459      630      753      510        0      462       66        0
          194        6       15      583      120        0      279      204
          775      496      356      780     1457      255        0        3
            3       93        0        0        0      699        6      129
          603      296      822       15        0      441        0       69
          654        0        0      456      296        0       42     1217
            0        0        0        0        0        3        0        0
            0        3        0        0        0      202      123      362
            0        0     1515      245        0      485      822      543
            0      777      582        0        0      336      867      753
          440        0      435      984        0       45        0        0
            3        0      540        0        0      192        0      628
           84      374       91      207      182        0        3      784
          339       15      414      468      258     1514      432      213
          321     1360      620      945      390        0     1074      144

Atom Distribution No.   162 at run step   55187:

  Count of atoms assigned to each task:
           21       12        0        5        0        0        0       22
            0        0       18        0        0        0        0        0
            0        0        0        0        0        9        0        9
            0        0        0        0        0        0        0        0
            0        0      102        6        0        0      107      138
           64       36        0       90        0       12        0        0
            0        0        0        0       12      135       18        9
           21        3        9        0        0        0       63        9
            0        0        0      603        0        9        0        0
            0       18       36      246      732        0       27        0
         1634        0        0        9      498        0       48      405
          219      381      165       63      155      368     1044      348
          336      474       60        0      225     1240      429        0
            0      114      279      285      333     1195      497      243
            0        0        0      831      240        0        0     1417
         1108      627      264      906        3      672     1200       12
          735      119     1199        0      910     1338      520       12
          455       78      597       18      261     1195      875      675
          816      441     1045       36        0      890      537     1386
          251      453      408      375      345      999     1090      555
            0      834     1380      105      984     1140      609      690
          540     1266      558     1125      156     1137      471       24
          510      243      162      390       24      630      102        0
          225      771      813      581      324      355      456      189
          207        3        6       42        0      378        9      102
          285       12        6        3       36     1037      784      414
         1005      624      373      840      675      768      614      457
          545      195      486        0      150      641      647       57
           36      523      638       33      114      348      638      423
          731      267      548       24        3      888      459      973
          211        2      403      373      114      772      666      533
          662      922      309      942      207      211        0        0
            0      212      128       18      510       27        0      275
          531      234      867      753      536        6      409        0
          750       39        0        0      468      423      352      352
          225      932      462      597      336        0      739       15

Atom Distribution No.   163 at run step   55551:

  Count of atoms assigned to each task:
          366        0        0        0        0        0        0        0
           87        0       77        0      105        0       48        0
           15        0       48        0      252      603        0       72
          549      171      418      179      380     1153      219      330
          942      179        0      247      353        0      687      378
          456      420        0      249      255      268     1431        6
          189        6        0      726        0        0     1498     1350
          183        3        0        0        0      285       45        0
            0      171        0      438        0        0       39        0
          118      357      423      369      384        0        0        0
          660        0        0     1101      218        0      210     1563
          572      296      933      201      444     1283      601     1291
          768      712      859      204      879     1673     1293      327
          360      165      114      429      276      969      306      117
          513      399       24       93      150      621       96      508
          511      795      261      975       27      738     1212      165
          585        0      249     1059      594      327     1119      393
          657      201      885      603        0      414      498      678
            0        0        9        0       87      429      510      297
            3      384     1017        6       24      171      321       78
            0        3       78        0      232      672      540      714
           57     1066      667      237        3      981     1051      416
          604        0        0       69        0      492       48        0
          177      318      171      748      227      436      512       87
            0        0        6      408        0       15        9       48
           15        9       12        0        9       15        0       51
          544        0        9        9      261      193      404      220
           94      109      563       34       90      267      381      249
           69       54       27        0       94       16      277      779
          382      127      543       30      732      120      767      794
           24       19      858      858        6     1626      502      650
          504      498        9     1444       15      519      465        0
            0       12        0        0        0        0       21        6
          492      399      138      135        0        0     1706      345
          351        0        0       30       51      387      207     1277
            0       45      288     1479        0      588      474        0

Atom Distribution No.   164 at run step   55907:

  Count of atoms assigned to each task:
           18        3        3        8        0        0       93        0
            0        0      380        0        0        0        0        0
            0        0      372     1656        0        0        0      306
          702      384      678      684      522        0        0       36
           60      111        0        0        0        0        3        0
          194        3      328      428        0        0       27        0
            0        0        0        0      453        0        0      321
            0        0        0      321        0        0       15      315
            0       24        0        0      330        3        6      664
            0        3       63      102        0        3        6      472
          612      294        0      657        0       39       48      429
          123      542      362      288       18      408      123      759
          201      420      525       38        7      890      741      360
          405      466       63      539       42      267      816        0
           30        0      579     1574      335      969        0      750
          373     1263      141        0        0      438      705      156
            6        0        0      683        0        0     1709     1174
          162      474      208      490        0      216        0      711
            0      576        0      285       12      671      606        0
         1041      504     2079       18     1290     1608      432      855
          903      330     1914      609      639      933     1416      612
          519      852      921     1203       54     1122      198      336
          666      827      133      911        3      579      447      270
          114      226        0      579      333      937     1092        0
           66        0        0       48      559      624      496      395
          375        0        9       66      210       81      814      632
           34      460      551      122      129     1112      578      123
          262      172      513      522      126      204      339      386
          322      297     1306       27       51       12       45      303
          210      483      598       69      226     1276      321        6
           87       15      207       18       24     1257      735     1233
          144       24        0        0       15      777      639      183
            0        0        0        0      105      124        6       18
           18       77      235      122      458        9      255      255
          711        0        0        3      120     1357      438      159
            3      114      405      306      252      348      707        0

Atom Distribution No.   165 at run step   56267:

  Count of atoms assigned to each task:
            3        0        3        3       27        0        3        2
            7        0        0       46        0        0        0        0
            0        0        0      272        0        0     1021      519
          111      183      219      400       27       90        0      292
          658        3      105      783      594       66      671        0
           33     1255     1095      144      309        0     1776      135
          366      612        0      123      252     1266       39      813
          828      495      494      203      978      729      833     1380
          636     1387      348      788      171      810     1235     1092
         1053      694     1095      228      573      474      294      512
          360     1487      411      531      408      759      885      693
          537      474      605        0        0      816      336     1461
          342     1251     1191      543      639     1350     1185     1536
          966      717      531      321      510      492     1158        0
            0       36     1247      204      492     1197      799      820
           15      600      531      385      144     1136      809        6
            0        0        0      441      307        0      631      226
            0       54        3        0        0        0        0        0
            3        0        0       12        0      520      108        0
            0      400      177        0      516      540      219       27
           26        0        0       72       63       64        7        0
            0       80      168      406      110      107       40        8
            0       62        0       45        0      168       15        0
            3      120        0       19      122       65      114        0
            0        0        0        0        0       33        0        3
            6        0        6        6       12      117      111       54
           18      279      177       36      219      956       21      166
            0      281      406      341        0        3        9      270
           24      171       90       57       63      240      575      673
           30      386       48        2      291      166      557      924
            0        0        3      412      447      724      130      158
          180      504      120      255      483     1288      255       13
            6        9        9      276       18      416       21      549
          678        0      162      168       75     1320      147      315
           42        0      684        3      450      483      357        0
          263      152      274      345      234     1092      657      262

Atom Distribution No.   166 at run step   56624:

  Count of atoms assigned to each task:
            9        3      499        0       72        0        3        0
           78        0       21      321        0        0        0       99
            0        0        0       15        0        0       87       90
          612       99       18      144      165        0        0        0
          207      105        0      170        0        0        0      210
            0        0      249        0        0        0        0        0
            0      216        0        0      531        0        0      372
          606      159      171        0        0      189      156      620
            0      526        0        0        0      375        0        0
          195      723      351        0      348       69        0      102
            0      729        2        3      501      450       12      255
            0      174       42        0        0      165       60        0
            0        0       99       81       18      231       21       75
           81        0      183       57        0       87        9      165
          101      102       74      174       87       96      228      105
           87       87      189       48      186     1194       51        0
            0      204        0        0      123        3      258      500
          105      114      117      102       48      111        0       72
            0        0      432        0        0      984      869       39
            0      428      285      366       81       48      402      432
          547      384       51      684      242     1353      444        6
            0     1100     1029      966      349     1235      669       99
            3     1285      226       98        0      774        0        0
          339      456        0      789      114       48      144     1268
          486        0        9        3      714      522      267      555
          179      636      426      585      720      951      711      687
         1323      504      666      996     1272      696     1425      966
         1272     1032     1000     1425      933      294     1443      768
         1670      857      239      468     1274      432     1090      951
          356        0     1158       81      791      687        6      268
           12        0        3      285       21      608      854      173
          383     1014      677      135      764      671       66        0
          873       57      319      558      281      917      129      906
         1586        0      311      148      752      348       12      399
          354      432        9     1020       33     1468      555      664
          285      521      213      483        0      735      863       96

Atom Distribution No.   167 at run step   56982:

  Count of atoms assigned to each task:
            3        0        0        0        3        0        0        0
            0        0        0        3        0        0        0        0
            0        0        0        0        0      473       36       33
          168      732        0        0        3      246        6       18
          228       93        3       84        0       12      327       81
            0       24      581      484        9      201      357        0
          207        0        6      279      381      267      636        0
          146       27      152      238       81      131        0      564
            0      564      312       69       36     1518      347       33
         1077      825      270        0      724       75        0      630
            0     1290       72      777      667     1110      654     1402
            0      567      627      886     1099      793      612     1453
          500      837      483     1027      696      793      666     1474
          633        0      999     1017        0      856      183     1260
         2259        0       18     1764      123      645        0        0
          486        0     1005     1119      771     1185      120       66
            0        0        0        0        0     1134        0      327
          198        0      450        0      486        0     1092       12
            0        0        0     1050      810      468     1212        0
            0     1061      718      243      819        0      180      534
         1063      237        0      114      585        0      618      855
            0     1004      446      645      322      705      468       22
            2      283       51      416      108       34        6      105
          171      351        0        9      309       60       45      234
            0        0        0        8       61       39        3        6
           18        0      104        9       24      288       20      273
          872      196      476      228      487      596      926      392
          333      153      789      723      441        0      789      355
          516      378       33       45      768        9      502       60
            6        3      725        3      150      807        3       15
           57        0        0      222        0     1128     1080      453
          261      993      441      273        3      648      294        0
           75        0        0        0      180      540       60      357
          774        0      182      271      536       60       24       84
            3       54      216      465        6      207      291      231
            0       27        0      363      153      319       84        0

Atom Distribution No.   168 at run step   57348:

  Count of atoms assigned to each task:
          458      443      372      339      282      186      291      159
            0       12        0        0       42        0        0        0
            0        0        0        0        0      895        6        0
            0       33        6        0       87       60        0        0
           75        0        0       12        0        9        0        0
          378       15       60      141       12        3      918      213
           51       18       84       21        9       18       15      599
          265      176       69      501      216        3       63       18
           81      153        3        3        0       27       33        6
          282        0        6        0       42        0        0        6
            3        0      789        3       21      827     1047      813
            3       93      279      270        0      188     1334      324
           87       66      453      243       96       60      234      147
           69        0      378      508        0      870       24      642
            9        0     1166       60        0     1166      453      138
          813        0       55       90        0      331      215       24
            0        0      198        0       30        6        0      193
           33     1080        0        0        0      105        0        0
            9      303        3     1486       33      118      402       45
           18      342     1416      340       12     1191        6      114
           45      159        0      255      204       24     1044        0
            0     1219      528      354      861      723      279      303
          546      279      192       39     1777      660     1077      582
          468      615       21        0      300       27      264      207
            0       81        0        0       21     1179      276     1200
          363     1434      663        0     1395      435      231      639
         1509      258      138       69     1318     1679     1404       32
         1210     1152      892      780      729      243      504        0
         1663        3        0        3      646        0     1087      210
           27        0      680      851      351      424      306     2110
           20       31      616      177     1131     1449      972      447
          464      909        3       55        0      910      474       48
            0        0        0       99       81      282        3      222
          204      444      308     1039      102      369      186     1668
           30      569       27      749      768      501      150      843
          153      851        0      807      234      666      392       57

Atom Distribution No.   169 at run step   57707:

  Count of atoms assigned to each task:
           22        0        0       17        4        0        0        0
            0        0       72        0        0        0        0        0
            3        0        0        0        0      209        0      343
          216        0     1335        0        0      189      583        0
          362      158       21        0      240      942        0        0
           12       18        0     1059      728      764      522      492
           60      129        0        0        0     1339        0      320
           78      555       15        0      861        6       15        0
            0      111        9      390        9       51      332        6
            3      154      448       12      510      141      897      222
          486     1888      759      411      395     1441      957     1752
          570      795      498      562      875      750     1854      416
          321     1098     1010      247      569     1632     1135      276
          771     1110      660      810      762      363      927      522
          447     1179     1137      105      705      525        6       21
          111      108        3     1158      756      912      759        0
            9        0        3       45        3      279      252        3
           87       30        0       12       21      123        0        3
            0        3        0      675        0        3       18        0
           24      246       57     1089      429       36       66        3
            0      228        0        0        6       27      858        0
            9     1160       15       12       21      780       51        3
           24        6       15        0       60        0      582      423
          450     1383      582       93      105       33      180      400
            0        0      254        0      435      434        2        0
          295        0      149       21      111      297       30      426
          502      115      727      412      677      969      891      161
           88      286      311      593        0        0      704        0
          601      395        6       27      163        0      652      275
           12       87      487      261       24      837       42      424
          406        0      163       92      803     1063     1110     1010
          451      666        0      618        0       42      356        0
          150      552        0        0      573       75        0      207
            0      492      594      147        0      117     1006     1138
          258        9        0        0        9      657     1111     1193
            0      801        0      402        0      655      234        0

Atom Distribution No.   170 at run step   58072:

  Count of atoms assigned to each task:
            0        0        3       35      614      408        0        0
            0        0       18        0        0        0        0        0
            0        0      429        0        6     1375      913        0
          918        0      666        0        0        3        9       21
            0      162      273        9       48      218        0        0
          159        0        3       24        0      423     1665       33
         1070        0       87        0        0       15       27      528
          237        0        0        0      126        0        9        0
            0        0        0        0        0      246        6       27
            0      711      150       99      465       57      620        0
          163     1065      174     1011      556     1473      414      732
          356      811      957      348      495      600      557        0
           12        3        0      208        0     1258      342        3
            0        0       57      204       30      291      763      930
            0        6      726        0       99        6      582      285
          260        0        3      505      822        0        0        0
            0        0        9       84      144      228      288     1399
          139       88      198      201      756      444        0        6
          123      174        0     1248      624      186      693      561
           24      258     1392      228       48      216      477     1212
           24       78      918       42       24      177      396      504
            6      384      315      555      117     1023      276      261
           39       81      111       18      138      135       66       51
          327      420      303      318       87        9      156      660
            0       12        6       15        0       72      201      489
           12        9       21        0       15        3      153      588
          414       66       12       12        0     1464      291        0
          303      246      685      165        0       55     1303      663
          567       30       12      516        0       12      662      123
           24     1449      744        3      341     1605       81      430
           96        0     1290        0        0      883      846      105
           33     1186      351      690      441      873     1726       24
            0      531      393      815        0      638      271        7
            0     1066      618      991      156      550      750     1764
          904     1134       84      465      453     1003      660      774
          549      759      720     1327      231      882      259      245

Atom Distribution No.   171 at run step   58427:

  Count of atoms assigned to each task:
           18        3       52      501      174        0        0      522
            0        0        0        0        0        0        0        0
            0        0       99        0        0        6        0        0
          615        0       21        0        0        0        6        0
            0        0        6        0        0        0        0        0
            0        0        0        0        9      162       12        0
            0        0      279        0     1011        0     1117      774
            0        0        0        0        0        0      366        0
            0        6       57        0        0        3     1515        0
          978       12      861       58     1545      606        0      690
           90       30      467      587       36      972      234       36
          357        0        6        3        0      576      471     1541
          345        0        0      839        0      664        0       60
            0        0      378        0        0      423      729      891
          996        0        0        0        3        0        0      510
         1074        6      944      949      759        0        0       33
            0      297        0        0      378       15      403      414
          210      411      823      690       45      844     1341        0
          699      591      150     1396      249      678      978      677
         1096     1209      654      402      537      477      750      894
          735      363      411      156      357       99       96      402
          123     1026       48      567      312      315      528      192
          303      459      534       54       18      276      105     1152
          384      879      623      241       84      417      630      741
            0        3      530      102      451      805      726      459
          331      690      368        0      618       60      381      333
          547      377       43      241       73      598       61      179
           38      470       15       27        0     1251      228        0
            0      362        0        0      215      291      349        3
          618     1220        4        0      494     1066      367      301
           27        0     1350        0       24     1311      124        0
          330     1338      886      801        9      337       54        0
          123      111        0       90        0      468      552      291
          461      108      437      366     1296        0      177      255
          148      209     1349     1020      108      945      678      296
            0      276      879      270        0      893       33      150

Atom Distribution No.   172 at run step   58777:

  Count of atoms assigned to each task:
           18        0      211        0        0        0       38        0
            0        0        0        6        0        0        0        0
            0        0        0      418        0        0        0        0
          231        0       27        0        0        0        9        0
            0        0      153        0        0        0       27        0
          945      618     1777      534      384        0      231      828
          168      150      573        0      495        0     1350     1241
            3        0        9     1281     1260       99      924     1035
           69      267        0      339      508       84       93      387
          381      144      273      636        0      962       45        9
          203      414        3      369        0       12        9      321
          186      357        0      273        0      514     1310     1026
            0      315       51      922        0      997        0       75
            0        0      711        0        0      732     1362      213
          201        0       12      822       72       75       27     1154
          983      459     1083        0       69        6        0        0
            0        0      445       12        0       12      386      111
            0       21       36      522      177      768      501      555
         1117      711       18      279     1062     1050     1176      825
          696      453     1440      561       27      606      570      246
           12      192      177       15       48       51      399      438
           24      525      549      150       75      396      276      567
          153       99      516      129      519       84      277      186
          403      658       42      468      450      393      443      485
            0        0      153       87      400      144      546      739
          594       41      237       12      236      655      137      294
          195      477        0        0        3      235      282      532
           12      331      408      466        0      496      168      690
          335       28      315      161      573       56      547      527
          646      528      793      680      711     1110      800      839
          422        0      468       48        0      768       18      211
           27      759      774      318        0        0        0        0
            0        6        0        0       15        0        0        0
           27        0      507      908      774        0      122        0
          650        0      705      303      378     1283      745        9
          621      411      961      272      282     1982      642      111

Atom Distribution No.   173 at run step   59138:

  Count of atoms assigned to each task:
            0        0       46       47        0        0        0        0
           33       33        0        0        0        0        0        0
            0        0        0        0        0        0        0        0
            0        0        0        0        0        0        0        0
            0        0        9        0        0        0        0        0
           69        0      414        0       36        0        0      363
            9      357       12        0        0      678      174        3
          658      209        0        9      214      237      158      186
            0      744      345       57      489      369      472      145
          304      690       12       21        0        0       48       99
         1293      141        0      187        0       33      188      562
            0      207        0      153       75       15      333        0
          591      141        6      225        0      321      218      616
            0        3      294      261        0      201      186        0
           39      282        0        3     1110      276      123        3
          265      563     1104       18      778       39        0        3
            3        0        0      411      951      789      889        0
          499     1002       69        0      576     1216      899        3
          640      123     1020     1187      921     1287      656     1158
          516     1865      864      222      534     1272     1162      114
          210     1104      555      318      315     1209     1608     1128
          456      603     1005      402      972     1470      486     1038
          672      456      180      366      384      613      865      606
           27     1264      862      933      733     1168     1261      628
           87      474      570      339      670      150      432      447
          604      642      409        0      482      490      123      198
          162        9        3        0      123      628      335      720
          742       66      222      282       78      371        0      252
            6     1252       26       25      157      392      797      982
          578      438       69        0      589     1077      399      249
          465      167      377       51       13      983      570        3
          108      282      678        9        0        0        6        0
            0      166        0        0        0      717      159        0
          381        0        0      552      102        0       75        0
          138        0        0        0      513      726      689       63
          237      825      213       15      402      635       90        0

Atom Distribution No.   174 at run step   59494:

  Count of atoms assigned to each task:
           12        0      472        0       21       24        0        0
            0     1155        0        0      636        0        0        0
            0        0        0      453     1138      117        0      471
          426        3      216      840      727       18      414      231
          318      582      684      953      504      687     1230     1012
         1251     1179     1150     1302     1090      570      627      669
          312      736      764      408      195      132        6     1430
          326      454       55      281      846      783      300      504
            0       98      262        0        0       48      489      723
          444        3       12      114        0        0       33        0
            0      177        0        0        0       12      779     1021
            0        3        0        3       36        0        3        0
            0        6        0        3       33        3      852     1640
            0        0        0        0        0        0        0        0
            0        0        0       12        0       36        0        0
           15      498        9       54       18        3        0      159
            0        0        0        3        6       87       78      111
          270        6        0      345        9      663        0        0
            0        0        3      255       75       53        2        4
           93      292      195       42      165      417      525       90
           12      912        0        0      174      345        0      729
           21      564      348        0      357      858      270      357
            0        0        0       60       93        0      102      117
            3      645       81      504      252      561      219      150
            0        3        0        0        0        0      258       15
          606        3       51        0        0      594      933       48
           57     1110        0      114      327     1089       60      540
          910      335       48        9      168     1336        9      972
           15      362        0     1562      414      739     1024      109
            0     1685      533        6      417     1319      867       27
          903      430      651      575      897      648      660        0
           60      248      471       44      749        0      252        0
            3       18      421      103      568      665      427      528
          954      453      533      884     1224      441      328      614
           81     1152     1491      483      688      945      426      456
          216      961      861      315      303     1077      187        0

Atom Distribution No.   175 at run step   59860:

  Count of atoms assigned to each task:
            0        0        0        0        0       64        0        0
            0      374        0        0        0        0        0        0
           99       21        0        0      645        0        0      390
          270        0        0       81        0        0      925       45
            6     1644     1083      360        0        0      170      274
            0      319       36      432      999      927       44        0
            0      639        0        0        0        0        0      195
            6        3       18        0        3      408      192       30
            0       48       18        0        0       72        3       12
          105        0        3        9        0        0        3        9
            6        0       12      402       12      198      306      111
           84      126       81       78       45      180      372       30
          703       81       90       81      258      312      465      666
          606      420      150      204      831     1069       15      146
          686      939      375      522      801      401      319      513
         1056     1615      132      495      549       78      129      559
            3      792        0        0      622      102      141      564
          705      174      251      114     1315      654      828      441
          472      351        0      246      282      186      897      141
            0      162      270      581      339       72      588      246
            0      306      438       45      147      189      171      705
          591      723      468      492      582     1308        3      510
          117      204      555      456      867      156      717      663
          570      831      138       21     1632      576      826      374
            0        0       33        6       39        0      103      135
          324      177      168      282        0      339      717      165
           75       96      383      382     1014      414      162       57
          648      204      289      725       63      293      498      788
          690       42      113      280      482        0     1183     1379
           13      449      911      153     1076      358      327      807
          508     1242     1446      599      937     1301     2079      168
            0      378      881      575        0        0      261        0
            0        0      300      783      156      255      732      246
          102        0      246      315        3       15      372      159
          252       21      135        0       69      573      810      266
           81      903     1035       87       45      341      174        0

Atom Distribution No.   176 at run step   60220:

  Count of atoms assigned to each task:
            9       12      581      159      939        0      117        0
            0        0        0        0        0        0        0        0
            0        0        0        0     1416        0      618      876
          705        0        0      408        0      153        0      360
            0        0      112        0       69       36       48      703
          441        9       30      315      453      624      619      118
          135      291       60       66      339       48        0      276
          876      437        0        0        6      317      429        0
            0        0        6        0        0        0        0        0
            6        0       18        0        0        0        0        0
            0      357      594        0        0        3       12        6
            0        6       18        3        3      201        3       90
          330        0        0        0        0      249      405      189
          156      481      657      924      510     1140       30        0
            6     1728        0      612      908      606      366       42
          657     1433      460      186      795      759      466     1305
          294      771        0        0       75       63        0      222
          106      653      302        0      405      786      939        0
           60      180       99        3       15       73       63      121
            0        0        0      375       36        0        0       51
            0        0        0       42      534      498      732      333
          564      202        3       24        3       30        0      566
          102       15      204       39      204        3        3        6
            3      480        0        0       42      417       96       36
            0        0      333        0      189      804      690      372
          768      843        0        0        0      999      372      399
          444      495      348     1011      693      348      588      396
          732      756      510     1140     1441      945     1053      437
           85       84      351      440      561     1090     1222      492
          707     1764     1170      831      742     1158     1075     1179
          548      366      892      935      558     1051      252      355
          249      928      521      585      409      465      573      669
          372      920      264      398     1227       30      664      158
           48      141      121      284        3      661      105       21
           90      111      975      806      113      798      207      417
            0      438      279        0       78      195      315      445

Atom Distribution No.   177 at run step   60580:

  Count of atoms assigned to each task:
           21        0      272        0        0        6        0        6
            0        0        0      114        0        0      357        0
            0        0        0        0      285       18      345      810
          177      759        0       30        0     1639      711        0
          312       39        3       21      248      835      627      810
          153      874      185        3      681       93      342        0
          102       30      525        3      288       93      186      581
          179       24        0      349      570      621      858       60
            0      195       48        0        0        0        0        0
            0      456        0       10      177      860        0      192
          522       33      678       21        0       24      133       45
            0      692      420        0      582       99      693      324
          527      740      373      777      444      267     2290        0
          762      471      686     1808      741      939        0      802
         1233     1048      818     1809     1742     1176      774      447
          774      759      546      735      876      840     1116      666
          120      372        0        0        0      108        0        3
          465     1362      543        0        0       24       84        0
            0      477      198        0       21      357      642      816
          669     1527        0      171        0        0        0        3
           36        0        0      591       54      312        0      590
            6      430      387        6        0        0      192      456
          213        3       12       51       42        0      228        3
            0        0      270      118       39       69        0      142
          150        0        0        6       12      364      270      275
          385      494      405       69       27     1116      519      889
            9        0       18       12      276       18       18        3
          489        9        0        9      111        0        9       84
          394        0       68        0       25      467      648      244
          333      685      778      692      282     1740     1003      979
          141      886      240      813      182      652      221      635
          450      300      426      590      200      752      678      456
           12      537       39        3        0      114      739        0
            0      694      204        3        0      705      246      354
          339       81     1524        3       57      231      267      546
            0      120        0       48        6      825      433      123

Atom Distribution No.   178 at run step   60938:

  Count of atoms assigned to each task:
           12      127       63      210        0       95        0       21
            0        0        0        0        0        3       33        0
            3        0        0        0       45        0        9      180
           12       90        0        0        0      147      315        0
            9        0        0        0        0        3      117       15
            0        0      636        0        0       18     1117        3
            4       97        0       18      662       30      246       12
            3      948        9       30      453      329      263       18
           12      115      145       11      114      528       90        9
            6      234       48       18        0        0       12        6
            3        6        9       18        3        0        3        9
           24      351       99        6        0        6       60       15
            9      141       15       18      727        3      482       12
           48     1174      615      315        0      267        0       39
            0      322      435       66      528     1356      696      538
          720      789     1392      589      435     1122     1033      414
            0       18      649        0        0       30      105     1149
          673      555      659       78        0      243        0       30
            0        3      519        0        0      345      550     1524
            0     1083      279        0        0        0      153        0
           15        0        0        0       42      138        0        0
          336       15      221      321       15      913      363       12
           27      270       15      357        0       21     1018       25
           42      174      333      234        0       72        0      351
            0       93        0      138      414      429      393      524
          464      555      321      120        0     1047      237      630
            0      429     1053        0       48     1041      951      951
          885     1269     1239      657      381      810     1410      732
          930      552     1354      363     1020      749     1426      843
         1736     1702     1115      975      705     1386     1079      834
         1138     1324        3      912      450      211      413      306
         1223      136      567      949      427      801      921     1040
            0       67       51        0        3        0      681        3
            0      639        3        0      144      828     1060      351
          330      510     1020      218        0      121      128      808
           81      231      276      222      582      453      642        3

Atom Distribution No.   179 at run step   61300:

  Count of atoms assigned to each task:
          171        0        0        0        0        0        0        0
            0        0      245      529      348       15      834      868
          118       12        0      582      252     1176      360      180
          702     1292     1056      768      697      399      111      594
            0      585     1606        0      249        0        0      423
          684      201      807        6     1256       81      174      408
            0        0        0      345     1257      141      576      837
            0      756        0      186      603     1615      462     1052
            0      802      411      435      171      114       48       57
            0        0      312      451        0     1294        0        0
          123        0     1059        0      970      945     1083        0
            0      162      402      249      884        9      567      465
          864      120      300       12      755     1106     1029      486
          705      570      954      624      579      219       21      108
            6        0     1698      156     1560      123       33     1035
          468      288      708      171      411      636      255      303
            0        0      234        0        0       15        0        0
           66     1134      517       21        0      286        0      265
            3        0        6      966      108       78        3      249
            0      837       21       24        6        3       50      385
           25       19      802        6      387        9        0      375
          189      757      902      663      906      999      143        0
            0        3        0      407        0      670      861       12
          204      638      573       18        8       24        7        2
            0        0       80       51        9        0       33      385
          208        0        0        0      467      414       15       12
            0       96       33       60        0      288       45        3
           60       45       52       64        0      582      503        0
           62        0      119      272        0      571       15      507
          886        2      723      634      391      789      303      793
          550      402        0        0       14        0      337      114
          162        0      432     1071        0     1026     1398      903
           78      433        0        3       15        0      360      117
          142     1521        0        0       21      696      528      402
            0        0      534        0      168      819        3        6
          210      351        0        0      333      238      126        0

Atom Distribution No.   180 at run step   61660:

  Count of atoms assigned to each task:
            0       90       21        0        0        0       24      428
           18        0      351      807        0        0        0      216
          273        0        0        6       69       39      210      192
          109      949      192       48       42      183        3      540
            0        0        0        0        6        0        0        3
            6       12      111        0        0        3       18        9
            0        0        0        0        6        3      999      915
            0        9        0        0        0      321        3       24
            0       12       87       51        9        3        0        0
            0        0        0      345        0        0        0        0
            3        0        0        0        0        3       21        3
            0        0      204        0        3        3        9        3
            0        3       12        9        3      201      420        3
          105       15        0        3        3        0        0        0
            0        0        3        0        9      544       18        0
            0        0        0      439        0       75        3        0
            0        0        0        3        6        5        0        0
            0        0        3        3        0        0        0        0
            0        3        3      600        0       45        9        3
            9      255        0      801      684      141      422       14
          571      357       39        0      201       27       12      756
            0      891      578      276        0      699      627      312
           57      259      117      713      125     1278      504      603
          456     1326      417      813      922      850      531      639
          138      556     1042      732     1433      934      873      630
           39      321      429     1294     1242      429      696      876
         1638      222      912      627      432      543      315      861
          705      561      798      651      609     1359     1149      444
          606        0      345     1032     1221      387      741      883
          822      903     1365      429     1045      733      667      621
          303     1130      928        0      757      990      164     1002
         1383     1159      597     1253     1057     1045     1293     1038
          210      759        0      318      663      798      536      687
          781     1353     1017      970      798      393      171      426
          231      763      214      171       99      672      177       30
           90       60       78      126       69      609      383       15

Atom Distribution No.   181 at run step   62022:

  Count of atoms assigned to each task:
            0      383      344        0      117      663        6        0
          612      606      702      636       21      585     1008      410
           94      549      642      873        0      486      258      847
          882     1212     1516     1650     1071     1477      513      415
         1199      972     1420      518      680      990        0      345
           21      321       24      265      536        0        9       86
            0        0       24      727        0      477      189     1369
            0      108        3        0        0        0       18      481
            0      279       93      444      156      429        0        0
            0        0        0      129        3        0        0        0
            0        0        0        0        0        3       99      797
            0        0       29        0      198      167      112       42
            0        6        0        6        0       12        0        0
            0        0        0        0        0        0        0        0
            0        0        0       27        0       51        5        0
            0        7        4      257        0       27      294        0
            0        0        0        0        0       24       30       57
            0      318       57        0        0        6       45       24
            0      477      741      114      132      299      403        3
            0        3      342      348      531     1008      789       48
          438        3        6        3      150        0       15       21
          288      240      939       72       30      399        0      204
          234      138      315      273       54       81      825        9
          522      309      135      513      759      480      111        3
            0      336        6     1164      735      276      792      573
          597      387       81      363      591      111      300      546
          165      450      399       87      926     1017      570      690
          924      248      570      201      489      825      432       25
            0        3        0      366      521       68      902      519
          635      440      273      636      690      510      555      675
          884      813      225      394      232     1509      614     1895
          731     1982      686     1327        0      807     1469        3
            0      458        0        0      201      495       42        3
          726      953      276      135      504      519        6        3
            0      438        6      273        0      405      138      268
          616      100      483      357      432      939      486        0

Atom Distribution No.   182 at run step   62391:

  Count of atoms assigned to each task:
          176      664      123       24       36       45      225        3
          255      633       36        0        0       90       42        0
            0        6       27        9       69       39       21       93
          117      100      102      171       45       36        0        0
            0        0        0        0        0        0        0       18
            0       18        0        0        0        0        0        0
            0        0        0      391       15       42        0        0
            0       12      116        0        0        0        0        0
            0       12        0        3        6        0        0        0
            0        6        0       36        0        0        0        0
            0        0        9       15        3        3        9      471
          234      162        0      348      348      129      602      703
          501      114      192      525        9       96      759      559
          254      232      111      567      498        0        0      519
          462      240       38      791      501      333      900      804
         1142     1029     1038      355      714        0      636        0
            0       81       21        0      159       78      300      138
           87      201      102        0        0       12        0      881
            0      185      932        0        0      315      366        0
            0        0     1019        0        0     1324      675        0
          705        0      118        0      511      257      430        0
          381      303      594      462      144      394       57      959
            0      441      261     1023      684      759      792      765
          702     1105      768      756      294      729      567      585
          549      420      315      396      486      546      894      615
          459      624      687      459      204      492      264       51
            0      255      408        6      273      810      666      336
           84      786      756      465      168      814      684        9
           72        0        0       78      189        0      587      205
          280      479      468      540      153      933      911      163
          779      396       48      691      137     1290     1114     1225
           83     1397      237      657       93     1262     1330        0
          270      911      569      666      475      797      295      952
          538     1069      789      895      494     1025       99      300
          261      430      138      651      339       93      250      429
          462      765      619      816      333     1062     1007       90

Atom Distribution No.   183 at run step   62752:

  Count of atoms assigned to each task:
          218      949       18     1813      254     1265      570      798
            0      583      650      579      915      492      177        0
         1248        3      375       18      300      783       39      363
          153      176      154      522        0      843        0      429
            0       57      825      330       21      903      609      465
          826      740      769      387      687      483      804      240
            0     1699      601     1177      549      933        0     1487
            0      414      633       60      657      444      332       36
          173       36       33      188      342      996        0        0
          336       78       63       72      621     1046        0      108
          786       15        3     1716      250     1204      495        0
          132        9      594      903     1278     1212     2463      891
          699     1044      732      249      183       54     1263     1152
         1119      264     1031      853        0        0     1149      221
            0        0      257      417        9      209     1088        0
          601      655      501      511      559     1032      344        0
            0        0        9       90      752        0        0        0
           15        0        0        0        0        0        0      543
          503      135        0        9        0        0       33        0
           57        0      787        0        0      849        8        0
            2        0        3        0       19        0        2        2
            0        0        0        5      758        0        0      109
          106      129        0      189        0      558      382        0
            0      507       33        0      926        0      288      142
            0     1192        0        0      225     1035        0        0
            4      143        0        3      212      222        0        0
            0        0        0       81       84       94        3        0
            0        3        0        0        0      372        0        0
            0       57        0        0        0        0      288       69
            0      318        0        0        0        3        0        0
            0        6        0        0       90      237        0       53
            0      747        0      143        0      220      375        0
          392      315      762      150      804      138      315      486
         1448      378      414      314      120     1033        3       72
          135      285       12      291      156      168       42      639
          224      737      429      723      444      678      395       81

Atom Distribution No.   184 at run step   63117:

  Count of atoms assigned to each task:
            0      139        6        0       33       73      636      468
           15      114      402      165      630      804       94        0
            3        0        3      105      352      528       12        3
            0        0        0        0        0        0        0        0
            0        0      150        0      111       48      321      132
            3       84       84        0        6       24       21        0
            0        0        0        0      297        0        0        9
            0        0      207        3        0        0        0        0
            3        0        0        0        0        0        0        0
           21       80       39        9      324      163        0        3
           28        0        3        0       74       66      273        0
           18      561       72        0       15       18      108       78
            0        0        0        9        0        0        0        0
            0        0        0      288        0        0        9        0
            0        0      168     1446      751      657      756        0
            0      536     1010      375       18     1107      429      183
            0       12     1141      951      180        0      763        0
            3      214        3        0        0       51        0      326
            0        0        0        0      424       72      297        0
            0       93      288      495      717      826      129        0
            0        0       73        0      136      321     1026        0
            0        0       33      507     1000      132      115      194
          294        3      168      543     1068      427      115        0
          837      429      630      738      982        0      389      702
           54     1071        0        0      435      670        0      792
          771      426        0      231      465     1046      792      900
          498      141      456      969       12      369      237     1029
            0      375      243     1233        0     1308      456     1557
          393      321     1782      759     1029      318     1091      837
          594        3     1295     1195      640      615        0      860
            9     1435      912        8       12     1140      607      303
          216      837      294        0      191       11      202      745
          240      357      486      684      501      870      571      972
          877      671      536      854      999     1275      567      831
          486      616      239      384      473      348      348      711
         1054      712      789      852      585     1699     1068      431

Atom Distribution No.   185 at run step   63473:

  Count of atoms assigned to each task:
            0        0        0        0        3        0       73      847
            0        9      231        0      114       33       57        0
          201     1068      556        6       57      645      606        0
         1806     1164      939        9       81      462        0        0
           75      853        0        0      829      174     1473       84
          272      165        0        0       15      329      348        0
            0      504       99      369      552      468       54      577
            0        0       30       84      257        0      414        3
            0        0      114      648      489       21        3        0
            0        9      487        9      346        3        6        3
            0       36        0        0        0       36      656        0
            0       27        0        0        0        3        0      210
          315        3        0        0      462       42      336       39
            0      931        3        3        0     1054      399        0
            0        0        0        9       12       45       15      288
            0      645      643        0       18      897      954      699
            3      339       39      490        3      698     1235        0
            0      989        0      194        0       39      778      351
          993     1032        0      916     1593      180      705      406
          187       24       99       36       33       18       75      144
          261        0      387        0      108     1179      357      216
          603      615       57      537      348      342       60      531
          189       90      324      978      240      546      831       54
          546       33      450     1338      399      177      726      543
           54      333        0      264      444      501       54      303
          216      546      225      471       72      321     1218      895
          379      446      510      556      647     1139     1155     1042
           92      533      128      827      360      543       48      319
            6      468        0        0      871        0     1006      543
            0        0     1395     1492      372     1025        0      866
          421      405      171      219        6      516      733      184
            0     1242      372        0       93      807      389      627
           23      490       12        0       12     1101      300       12
            0      441     1002       27       12      230        6       12
          240      366        0      402        0      267      789      531
          171      973     1026      174       12      288      540        0

Atom Distribution No.   186 at run step   63834:

  Count of atoms assigned to each task:
            0        0      217      502        0        0        0        3
            0        0        0        0      495        0        0        0
            0        0        0        0        0      714        0        0
            3      330        0      688      441      782        6        0
          249        0        0        0        0        0        3        0
            0        0        0        0        0       90      123        0
            0        0      912       72      351      374       12       59
            0      775       18        9        0       66      417        3
           27        0       24      306       48        3       12       24
            0       21       72       54      279      354       18      105
          141      196        0      344        0      196       97     1299
          261      117        0     1082        3      151      285       45
            3      282        0        0      363        3      216        3
            0        6      246       33        0       66        0        0
           96        0        0      207       18       39     1050      407
            0      410     1509      558      573      463      891      771
           27        0      768      713     1105      354      447      733
            0      626      346      243        0        0      783      420
          156      240      900      622      525      225      906     1003
            0        0      480       18        0        0      324       36
           45        0      339        0      717      201      364        0
          123      616        0      432      660        3      111      300
           12        0        0      597      135       60      171        0
            0      436      814      153      804      681      408      618
          549      318        0      312      333      408      210      351
           63      483      654      354      336      351      360      453
          522      486      372      987      813      663      597      696
           69      918      330      795      446      429        0      345
          231      636       60      715      878      440     1194      820
            0      586     1043      964      871      732      767      408
         1011      186      706      246        3     1211      637      227
            0      979     1163      481        3      889      463      981
          246      249       30       57      639       66       81      667
          674      843      186      474      516      514     1393      561
          498      135      943      840      240     1044     1060      490
           18      657      921        3        0      670      363        3

Atom Distribution No.   187 at run step   64193:

  Count of atoms assigned to each task:
          173        3        0      199        0        0        3        0
            6        9      756        0        0        0        0        0
            0      165        0        3       90      171      258       12
          594        0      234        0      102     1277        0      459
          114      309        0        0      513     1139       15      549
          168       51     1395        0      826      334     1837      426
            0     1299       39      198      495      468        0      789
            0     1413        0      600      507      255       33      782
            0        0      409      252      663     1335        0        0
         1505        0      177      627      327      713     1682      636
          663     1005      641     1266        0     1997      633     1059
          273      986      915     1422      129      731      591      138
           96       78      612      777      237     1344      525       42
          651      291      819        0      564      405      303      108
           69     1074       99      795     1518       27      957      633
            0     1431     1038      342      367     1143      627      423
          318      435        0       45       39        0       18       21
            6      504       18       78        0        0      977      279
            0        0      270        0        0      969      973      543
           87      324       57        0      580        0       12        0
            0        0        6       72      458      949      523       48
           72      222        0      735      401      244      331        4
           88       45        0        6      229        0        0        0
            0        0      216        0       12      201        0        0
            3        0        0        0       24       15       56        0
            0       10        0       69        0      324       87      225
           78        3       36       12       93      312      529      292
            9       66      121      437      161      460      427       48
            0      519        0        3      460      240      342      399
            0      125      790      112        0      945     1027      591
          151        9      290      518        0      798      375       54
            0      939      485      266        0       84      294        0
            9        0        0        0       30        0      330      558
          240      414      449       15      588        6      151        3
          228       27        3        9       15        9     1269      538
          388      717     1071        3        9      552      584      325

Atom Distribution No.   188 at run step   64550:

  Count of atoms assigned to each task:
          130        3        0        0        0        0        0        0
            0        0        0        0        0      154        0        0
            0        0        0        0      342        0        0        0
            0       39      435       27      738      165        0        9
           36        0        0        0        0      735        0        3
            0        0      127        0        6       18        3        0
            0        0        0        0        0       12        3      485
            0      287      177      180      207      648        0      216
            0        0      702        0        0      997        0        0
            0       12        0        0        6       12      333        6
          204      150       69      954      677     1440     1038     1323
            9      900      114      756      672      713        0       15
          426      303      669      474      937      153      578       63
          999      507       39       27        9      593      396      196
          318      424     1035        0        9      114      378      389
          782      745      210      720     1880      138      462        0
          342      336        0        0      390      692        0       72
          481      375      846       48       27      789     1000        6
            0      432     1047      909      135      247      319      942
          972      411      687      330      609        0     1377       30
          222     1041       21       12      390      750      759      384
          111      546      180        0       27       75      240      237
          684     1398      237      789        0        0      438     1089
           36        0     1104      445      735      423      771        6
          405       22      560      464       21      800      519        0
            0       15       21      373        3      833      479       97
          524        0       38      888     1034      162      795      451
          885      669      422      658      714      399      526      396
         1044        0        6      563      408      405      111       21
            0       24      964      139       42      474      492       84
          244      192        6      183       15        6      192      123
           12      351      183      373      239      260       12        6
            0      597        0        6        0      112        0      485
          963      820      184        3      840      197      111       36
         1425      111      168        0      369      887      573      747
          195      887      319      304      150     1646     1157        6

Atom Distribution No.   189 at run step   64902:

  Count of atoms assigned to each task:
          102       84       24        3        0        0       65        9
            0        0        3        0        0        0       15      329
            0        0        0        0        9        0        0        0
            0        3      567        0      180        0        0      252
           39        0        0      171        0       39        0        0
            0      255        0      348       99      235      412       44
           81        0      183        0        6        0       36      137
            0        0       33        0       12       75        0      171
           51        0       12      111        0      225      111      237
            0      258      345        6        0      396      443      284
            0        3       86       30        6       33       66        0
            0        0        0        0        0       42        0        0
          249      138        0       15        0        0        3      504
           45        0       15      111       15      708     1075      343
            6       12     1068      330      384        3      204     1278
          717      351     1703      299      798      663      798       42
           57      360     1028       24      726      922       30      331
          749      151      831     1558      142      506      258        9
           72      639      417      330      471      490     1343        0
          279        3       12     1376      842      378      711      204
         1338      188        0      478      696     1170     1193      294
          333      618        6        0        0     1269      513        0
          387      600        0      258       93      177       78       51
           84        0       81       27        9        6      204        0
            0       21        9        0      339       18      252       12
           51        0      144      342      300      297      534      744
          135        6      825      918      999      696     1011     1245
          843      726     1280      402      960     1050      992      840
          524      790      426      286      622      690      753      618
          770      485      998      990      827     1100     1344     1121
          237      960     1255      459      791      964      638      647
         1248      804      779      462      105      668        0       27
          753      498        0       84       69      288      105      759
          298      615       12       27        0        6       57       24
          681      204       15       72      348      480      781      216
            6     1041        6        9        0      631      285      114

Atom Distribution No.   190 at run step   65270:

  Count of atoms assigned to each task:
           57     1065        0        6        0        0        0        0
            0     1149      222        3      394      641     1326      738
         1121      824      846        0      887     1064       33      351
          381      444      102       99     1151     1218       21       21
           81       21       18        0      210      243        0        0
            0        0        0        0        0        3      330        0
           93      258      138        0        0        6      642        0
            0      147      153        0       18        6       54        0
           90      129        0        0        0      876        3        0
            0      711        0      328      436        0      636      102
            0        0       90        6        0        0       33        0
            0        0        0        0      522      108        0       63
           15      477        0        0        6       12       18        6
            6        0       18       33        9       15       15      183
           12       12       12        0        0       12       33       21
            0      504        6      214        0      629      432        3
            0      156      405        9      222      411       39        3
          153       42        3        9        0        3      140        0
            0       21        6        0        0        0      922        0
            3        6       43      607        0      540      573        9
            6       72      273      513      517      612      852      354
          243      870      679      558      753     1080      564      261
          759        9       12        0        0      114      303       63
            0      195      723      447      218      528      441      282
            0      471        0      600     1059      468      459      786
          543      981      714      123      777      933     1242      531
         1539      717      459      816      579      910      808      990
          282      183      613      328      966     1077      454      462
          270      598      509      609      826      730      189      139
           93      106     1033      243      210      582      679      363
            0      100      143      149      113      769      492      256
            0      643       33       15        0     1196        0        0
          510     1078        0        0        0       33       29     1679
          262      840      852      624       33        0      560      371
          402      276      162      633      137     1758     1332       30
          471     1491     1059      833     1119     1143     1058      126

Atom Distribution No.   191 at run step   65631:

  Count of atoms assigned to each task:
            0       32        0        0        0        0      208        0
            0        5        0        0      415        0        0       87
            3       12        3        0       15      399      405        0
          354      279        0      213     1131       30        0        0
           69        6        0        0        0        0        0        0
           57        0        0      138        0      102       48        0
          120      414      321        0       75       54      489        0
          129      524      819        6       84      708      813       99
          111      795      701      540      483      444      782        0
          499      919     1092      633      728     1326      546     1273
          242     1092       75      300      583      560       54       99
          492      846      273       12      459      530      690      234
          943     1053      406      271      647      540      501      171
          801      380      727      939      120      672      915      584
         1548      675      312      572     1254      408      606     1278
         1116      786     1086      453     1062     1698      678      363
          912        0        0        9        3        6        0     1119
          657      249        0        0        0        0        3        0
            0        0        0        0        0        0      690        0
            0        0     1398      262        0        6       27      896
            3        0        6      576      510      456      487      660
            0      288      411      687      949      647      545       12
          123      413      408      273      153      151       51        0
            0      153      716       36      747       89      744      282
            0      141      132        0        3        0      120      189
            3        3        4        0      206       17      172        6
            9        8       19      401       31      362     1376     1041
            0      631      676      124      324        9        3      237
            3       12       36       78        0        0       15      687
           24      489       68       14        6      907      720       27
            0       12        0       12      138     1137      640      335
           80     1982      297        0        0      627        8        0
            2        0      484        0        0        0        0      107
          605        0      798       24      342      276      268      239
          126        0      346        0      566      831      933        0
           81      182      704     1303       15      903      713        0

Atom Distribution No.   192 at run step   65997:

  Count of atoms assigned to each task:
            0        0        3        0        0        0       65       90
            0        0        0        0        0        0        0        0
            0      742        0        0        0        0      171        0
            0        0        0      117        3        0        0        0
            3        0        0        0        0        0        0        0
           18        0        0      429        0      531        0        0
            0      123        0        0        0        0      189        0
            9      298      808        0      438      378      297        0
            0      792      536      187      701     1023       78        0
          429      633      305      129       84      780       84      120
          174       12      114      108      186      789      414        0
           66      463      591       30      264      123      744      180
          891      254      406      372      171      567      366      807
          152       90      794      597        0      771      984      744
          560      522      897      569     1080      756     1089      102
            3     1117      771      627       72      327      611        6
            0        0      854       66        0      288       87      435
            0      444      177        0      324       42        0      207
            0      599      126      390      627       15     1155        3
            0      929      888       42     1116      795      564      888
            0       12        0       54     1062     1050      786      765
           42        0       75      309      822      177      837       84
          183      261      333        0        0      150        0      477
            0        0      285      840      366      621      855      345
          294      345      650      292      367        0       69      789
          603      567      129       51       87        0      111      580
          181        0      252      495      516      571      413      951
            0      860      775      301      373     1439       81      396
         1326      517        0        0      608     1310      712      432
            0        3        0      323      381      269      156      897
          773        3        0        0        0      977      500      406
            0      597      219       30        0      517      264        0
          661      177      336        9        0        0      117      663
            6      843        9        3      279       12        3     1100
            0        0        0      854        6      549      330      861
         1080      948      859     1353      879      819      608        6

Atom Distribution No.   193 at run step   66362:

  Count of atoms assigned to each task:
           18        0        0        3        0        0      310        0
            0        0        0        0        0        0        0        0
            0        0        0        0        0        0      636       96
            0        9        0       78        0        0        0        0
          474        0        0        0        0        0        0       78
          246       12      450       42        0        6       12       63
            0        0        0        0       18      159        0        0
          533      231      371        0      264        0      597        0
            9        0        0        0      270       21        0       66
          204       90       57      735       63      887        0       54
            9      618      504       78        6      840      494      633
            0      456      309      690      297      880      315      474
          366      591      312      108      453      425      538     1590
          943      366      409      507      564      444      312      409
          473       75      730      486      771      858      560       39
          765      930      591      654      161      122     1015      378
          147      195      117       33        0      144      138      539
          105     1193      225       12       12      273        6      228
          183      768        0      381       69      825      423        0
            0      288     1254       78      357      249      675      132
           81        0       15        9       30      138      357     1005
          312     1254       99        0      363      483     1140        0
          348      555        0      141        0      156      375        0
            0        0      204       66      996        0       84        3
            0        0      189      192       42      444        0      150
          591      795        3        6      849        3      150       24
           72        0       21      414     1029      780      357      619
          380      349      523      762      666      141      522       36
          549      664      687      292      525     1196     1518      606
          723      830      639      117      696      787      430     1030
          492      787       14      500      175      872     1079     1271
          844      715      114      342        0      871      515       76
         1137     1260      312      219        0        0     1046      855
          369      852      499      286      258      570       93      225
            0        0        0      732        0      477      430      159
            3      246      977      198        3      807      855        0

Atom Distribution No.   194 at run step   66725:

  Count of atoms assigned to each task:
           55       15        0        0       27       84      574        0
            0      240        0        0        0        0        0        0
            0        0        0        0        0       45      306       66
            0      345        0        3        0     1162        0       18
           42        0        0       15        0        0        0     1276
          363      180        3        0     1014      629     1181      231
            0        0        0        0      399       42        6        0
            3      564       84       78      120       90      254        0
            0        0        0        0        0       40      147        0
           85      223      480      543      138      261        0       57
            3       78        0        3        3       33        9      129
            0       30        3      120        0       18       15       54
           36        6       18       15       27       48      348      969
           12       42       42      162        0        9        3       15
            3      420        6        3      258       27       48        9
          174      474       42       48      135       15      249      327
           15       51       14       11      268      366       51      132
          201      327       12      513      444      309      371       25
          137      152      233      174        0      483      393      618
            0      252      824       31        0      153     1437      246
          492        0        0        3        0      153     1590      750
          324     1535      347        0        0      823      438       36
          183      228       45      165        0        3      859        0
           57      223      201      162      258        0      435        0
            0        0        0       63      195        0        3        0
            0      279        0      273      300        0      231      617
         1080      207        0       84       18     1314        0      767
          213      507      231      492        0        0      753      495
          153      315      609      405      921      990      669      735
          507      177      258      612      918     1050      894     1605
         1038      768      394      201      238     1369      972      529
           21      535      838        0      102     1340     1197      237
          311      141      183     1769      791        0      568     1076
          692      887      482     1466     1614      537     1370      609
         1013     1184     1188     1101     1320     1725     1518     1145
          301      633     1477      973       27     1245     1279       33

Atom Distribution No.   195 at run step   67085:

  Count of atoms assigned to each task:
            0        0        0        0        0        0        0        0
            0        0        0        0        0        0        0        0
            0        0        0        0        3        0       92        0
          294       18      232      144        9      408     1035        3
          902      804        3      153      267      582      348        3
           72       45      624        9        6      262     1176       42
            9     1065      700      235       63        0      595      831
            9      663      225     1328      237      519      753      213
            3      114      168      868        3      228      828      291
          441     1169      164      892      759      501     1170      479
         1132      624      410     1218      891     1345      614     1141
          432     1902      333      615     1264      488      603     1158
          666      998      993      744      309     1107      666      777
          834      771      546      273      630      342      522      129
          354     1164      102       24     1125      765     1056      402
          501      585      979      473        0      491      294        0
            0      528        0        0      582      270        3        3
            9       72        0      279      194      350        0      608
          786      285     1174      128      958       15      611      486
          445     1086     1136      435      770      655      627        0
          528      462       66      772      603      388     1417       87
          749      974      322      650      303      639      444       18
          254       77       93      328       95        0      215        3
          267     1062      183        0      870        0      240        0
            0        0        0        0        0        0        0        0
            0        6        0        3        0        0        0      343
           18        0        0       15        0        3        0        0
            3        0        4        0        0        0        0        0
            0        0        0        0        0        0        0        3
            0        0        0        0        0        0        0        3
            0        0      691      625      246       78      414       24
            0      288      342      762      209        3      128        0
          110       52        0        6        0        0      258      411
          105      453      168      285        0       15        0       21
          387       69      120      689      143      289      561      480
           12      519      441      126        0      318      202        0

Atom Distribution No.   196 at run step   67433:

  Count of atoms assigned to each task:
          431        6       21        0        3        0        0      144
            3        0        0        0       90        0        0        0
            0        0        0        0       30        0        9        0
          264      711        0        0        0       87        0        0
           27      357        0        0       12     1384      265       27
            0        0      108        3        9        0      180        0
           27       81      219       39       27        0      609        3
            0        0        0       18        0      525      727        0
            0        3      143      177        0      786      465        0
           66        0      558      737      945     1374      336      273
           42      667        0      843      138      831      345        0
            0      513        0      474      666      783        3       18
          297      474        0      234      578      547      372      504
          261        0      126      711      665        0      710       60
          783        3        0      447      947      926     1225        0
          270        0      747        0       17      770      322      327
          177        0        3        0      636     1184       39        0
            9        9        6        9        0        0        0      271
          591       36        0      483      594        0      357        0
          546     1249      894        3      804     1300     1449      744
          579       39        0        3      576      912      510       54
            0      801      789     1029        3      228        0        0
          705      753        6     1182     1032        0      315        6
          750      498        0      681      255      747      681      292
          131        0        0       13        0       30        0        6
           54        3      177       15      190      157        0      636
           51        0      102       15      234        0       27      255
          996      512        0      226      950        0      351      523
          532        0        3      757      578        0      357      612
            0       12       75      947      684        6      472      186
          123      363      528      862      167      112      413      602
          423      441        0      590       18      188       75      134
           12     1168       96      845        0      270      539     1353
          280      799      829      589     1800     1095      535      438
          607        0      177     1527      584     1131      639     1489
          596      680      876        0      426      540      298        0

Atom Distribution No.   197 at run step   67794:

  Count of atoms assigned to each task:
          352      385        0        0        0        0      189        0
            3        0        0        0        0        0        0        0
            0        0        0        0        0        0      369        0
            0      174        0        0        0      762        9        0
         1406        3        0        0        0       39        0        0
          416      465      237      195      915      284        0      141
          536     1161      162        6      492       48        0      213
           51     1542        0        0      123      672       93        0
            0        0        0        0      219      126       90        0
          150        0       12      273      469        3      325      688
          273      318       30      978       45      198      502      782
          150      459      243      159      687      545      868      816
           93      798       41        3       24      694      704      285
            3       78      381      534        9      668      441      151
          907      606     1220       28     1281     1266     1080      108
          527      402      708      465      183      741     1004      825
           15       78       90       24      501      728        3       24
          127      363      150       18       66        0        9      366
           24        3      153       24        9      147       45        3
           75       18      114        0        0      390      123       66
           27      159        0      102      357     1050      675      288
            0      531     1038     1749      120      528     1188        0
          273      642      342      492        0        0     1896        0
          240      534        0        0        0      570      943       60
          129      315      450      123     1260      276     1210       65
          144        0     1019        0     1573        0      831      434
          693      718      345      349      437     1374       87       36
           90      941      585      178     1104      662     1035      488
           11        0      693      447      469      246       48      487
            0        0      589      984      309        9     1001     1259
            0        3       51      451      300       72      984      595
         1016      452        0      129        6        0        6      495
            0       36        3        9        0        0       42       33
            3        0      162        3       39      555        0       18
            3     1358      379      399      117      573      783     1374
            0      861      783        3        0      406      226        6

Atom Distribution No.   198 at run step   68157:

  Count of atoms assigned to each task:
           56        0        0        0      211      186        0        9
            0       31        0        0        0      542        0        0
            0        0        0        0      528        0      804        0
            0        0        0        0        0     1486      303        0
          471        0      198        0        0        0        0      654
          920      389     1437      273      393      665      425      351
          486      822      741      553      169      627        0       36
          108      348        3        0      471      450      264        9
          390      297      180      615      570      138      288      162
          300      147        0      807      544      894      462      665
          328      126      224      277      423      498      675      375
          129     1074       95      286      318     1074      956      461
            0      252        6        0       15      549      243      246
            0       36      471     1071      439      189      405      369
         1516       39       51      847      636       87     1053      267
          273      914      591     1113      849     1029      723      885
            0      816        9      150      594     1167     1047        0
          417      846      393      459      264      390      333      393
           12       18      693     1182      348      255      685      651
           24       18        0      466        0      540      666        9
            0        0        0       12       45       15      433      156
            0        6       23     1001        6      177      585        0
            0       12        0      144        0        0       12        0
            0       21       12        0        0        3        0       51
           24        3        6        3        3        9        3        3
            0        0       60        3      138        6       27        0
           70        0        0       69       24       45       40       60
          501        3      283      161      301      315      320      507
          174        0        6      388       99       51        0      266
          347        0     1289      429      597      516      657      613
          162     1231        0       33      569      395      880      265
          310      309       21      663        3      632       34     1124
            0      268        0      513      420     1358      112      348
          335      473      795        0      943     1915      549        0
            0     1559      772      597      294      189      480      312
          331     1039      873      618       30      813        0        0

Atom Distribution No.   199 at run step   68509:

  Count of atoms assigned to each task:
            3        0        0        3        0        0        0        0
            0        0        0        0        0        0        0        0
            0        0        0        0        0        0        0        0
            0        0        0        0        0        0        0        0
            0        0        0        0        0        0        0        0
            3        0       91        9        0        0       18        0
            0        0        0        0        0       15        0       72
            6      430        0        0        0      303        0        0
            3        0        0        3      444      531      321      625
          402      339       36       41       12      327        3       27
           39      111      276       15       81     1464     1023      906
            0     1101      250        0        9      551      111      351
          558      645        0      141        0        0        0        0
            6        3        0      477        3        3       15      156
          780       12        3        0      399      282      819        0
          282      744      457        0      569      156      720      597
            6        0        3        0      135      664      393        0
           60       23       66       87        0       36        0       89
            0        0       33      294       69      174      444      864
          297       81      731      837        0     1563      889      778
            0        0        0        0     1005     1420      934      288
          387      790      672      888       63      663      975      476
          732      996      528     1187      399      915      429      723
          906     1323     1548      564      780     1137     1377      567
          771      531      318        0       60      639      351      276
         1059      759      186        3      623      635      162      420
          369      786        0       18      168      621       24      150
          682      594      932      648      309      460      744     1112
            6      552     1095     1500      593     1044     1657      721
          803        0     1110      891      281     1326      978     1685
          407      759      714        3      530      214      419      178
          742      765      102     1027        0       51      177      138
           18      237      344      571       48      633      168      261
          321      532      349      110       87      336      123        6
          351       84        3      141       57        3      468      144
            3      216      147      312       30      407       42        6

Atom Distribution No.   200 at run step   68874:

  Count of atoms assigned to each task:
           94       12      129       12      256        0        0       69
            0        0        0        0        0        0        0        0
            0        0        0        0        0        0      417        0
          183        0      408      108        0        0      300      747
            0        0      814        0        0        0      141        0
            0        0      412        0        0       27        0      192
            0      231      711        0     1145     1074      624     1590
            0     1695     1692      559      894     1086      687     1338
          864      965      879        0      831      330      685     1418
          345      993      402     1274      729     1669        0      325
          892     1131     1770     1035      843      937     1029      573
          375     1395      819       21      387      858     1026      387
          600      330       39      399      165      360      336      975
          807      621       81      468      324      627      180      123
         1236      486      162        3      798      270      615       39
          333      300      306      348      610      171      565       70
          126        0      789      132       12       15     1629        0
            0      837       12        0        3        0       27      129
            0        3       21        9      177        0        6       60
          396      351       96     1183      685      263      780      706
          420        0        0      482       12      241      273      307
           12       42     1086      444       48       11       21       74
           75        9        0      103        2        2        0       14
            6       42       30       13        0       76       15       18
            4        0        0        0        0      459        6       39
          162        0        3        3        0       21        0      964
          379      515        0        0     1198      150      138       29
          141       18      100        0        0       27      273        3
          102       48       66       24      177      396      310       56
           60       27      181      167       38      403      178      698
           57      162        0       72      114      120      363        0
            6       12       21        0        0        0      424        0
           54        0        0      284        3      628      138       33
           78      803      357      774        0      816      398      181
         1753      330        0        0      345      319     1333      690
          447     1068     1168      438       12     1137      224      275

Atom Distribution No.   201 at run step   69232:

  Count of atoms assigned to each task:
            3        0        3      341      507       21       24       96
            0        0       60        0       60        0        0        0
            0        0        0        0      486      537      585      281
          342        0      263      203       24        0       66      414
            3        0       51        0        0        0       93        0
            0        0       42        0        0      444        0        0
            0        0      156        0        0        6       15      177
            0       69      102        0        0       18        3        0
            0        3        0        0        0        0        0        9
            3        3        0        0        0        0        0        0
            0      387      628        2       14      468        0        0
            0        0        0        0        0        0        0        0
            0        0        0        0        0        0        0        6
            0        0       12        0       30        0        0        3
          471      336      237        0      108      471      246      114
           30        0     1431        0        3      744      591        3
          968       96      718      210      906      573     1149      576
         1035      315        0       15      629     1350       66      822
          869     1038      300      189      624      420      273      575
           12        0      601      310     1092     1020      333      285
          643      153        0      498      225      387     1525      504
          171      213      264     1324      522      540      666      819
          450     1236       21      357       84      948      453      768
          681      603       45        6      843      930      636      534
          774        0      369      603     1188      762      564      588
          264      876      738      357      279        0      210     1271
          370        0        0      448      471      849      177      117
          594     1184      651     1249      482      459      933        0
         1383      431       30      319      731      765     1015      921
          245     1690        9      409       44      686      816      992
          758       42        4       18      186      310      725       12
          447      672      814      654       63        0      443        0
          318      150        0      447      579     1181      706       24
          510     1155     1005      738       24       51       12        3
          588        9        0        0        0      957      402      495
           21      959      576      594        0      494      181        0

Atom Distribution No.   202 at run step   69596:

  Count of atoms assigned to each task:
            0        0        0        6       28        0        0        0
           39      876      261      228      270        0        0       27
          687       15      796        0      572     1479      636      693
          522        0        0      345      522      627      931       48
          935        0       54       90        3      108      528        0
          531      981      802        0        0      180       33        9
            0        0        0        0        0        0        0        0
            0        0        0        0        0        0        0        0
            0        0        0        0        0        0        0        3
          306      567     1831     1911        0     1261      570       18
            0       66     1044      691      228      733      519       18
          324      552      552      502     1463      228       27      558
          246        3      522      556       37        0        0      384
          369      354      324        3      372      114      351      190
           63      210      244      822      588      594        6      222
           54      871      625       57      216       69      330       18
            0        0      114        0       57       69       84        0
            0        0        0        0      831      756        0        3
          470        0       81        0      216       21       48      753
            0       24     1383        0        6      216      408      888
           12       24        0       24       45      135     1785      441
          441        0      192      471       12     1050      342      225
           27      219      321       15       21      153       12      405
          207      402       18       18        3       78       90       33
           12       24       27        3      366      516      468      402
            3      255      597      240      186       78       57      417
          309       78       60      747      246      922      198       18
          594      336      490      286      402      663      654        3
          429      497      268        6       98      570      796      360
          165      520      439      692      866     1101      804      976
          325     1055      714      332     1089     1691      741      443
         1018     1520      469     1007      624        0      657        0
          526        0        0        0      195     1018      552       24
            0      339      255      498      289        0      431        0
         1170        0      270      660        0     1252      823      111
           96       84      420      726        0      935        0        6

Atom Distribution No.   203 at run step   69958:

  Count of atoms assigned to each task:
            3        0        6        0        0        0        0       18
            0       15        0        0        0        0        4        0
            0        0        0      174        0       25        0      260
          366      111      225        0        6      966       81        0
          306      343        0        0     1289      399        0        0
            0       15      363        0        3      309        0        0
            0        0        0        0        0        0        0        0
            0        0        0        0       18      354      543        0
            0      779        0        0        0      768       21        0
          234      846      429      426      438     1449      846        0
            0      394      753      747      192     1641     1301      120
            0      927      388      856      504     1245     1001      143
          890      684      531      854      404      512      294      936
         1207      357      532      624      690     1057      620      195
          234      573     1348       57      331     1635      954     1301
          372      567     1641      525     1056      876      891      429
            0      105        0        0      321      495      612      897
            3       39      483      120     1185      837      147      411
            0        0      924        0       60      291      237        3
            9     1167      204        0       42      186        6      930
          730      744        0        0        6        0       24      678
           24      352      110      332        4      384      170      384
          126       81      165      147      823      143      323       30
          117       65      239      382      518      177      324      102
            0        3       60      171      232      207      504      309
           47        3        0        3       20      146      380       12
           90       27      415      849       36      186      130      123
          122        6       60      307        5       78      109        8
          123      167       21        0      334      886      282        9
           12       69      280      494      715     1225     1287       84
          396       12        4      367      891     2155      987      381
          408     1294      905      385        3        0      693        0
          366      312      159      237        0     1168      298        0
            0      708       69        0      312        0        0      243
            0        0      114        0        6      465     1121      102
            0        0     1158      849        0      299      158        0

Atom Distribution No.   204 at run step   70321:

  Count of atoms assigned to each task:
           34        0        0        0        0        0        0        0
            0        0        0        0        0        0        0        0
            2        0        0        0        0        0        0        0
            0        0        0        0        0      575        0        0
            0        0        0        0        0        0        0        0
            0      162        3        0        0      495      126        0
            0        0      255      186        0        0        0        0
         1406        0        0        0      157        0        0        0
            0      407        0        0        0     1194      117       60
          174        0       84      417      188        0        0        0
            0      108      153      241        0       21      255      186
          204      117      387      144      732        0      120      360
         1437        0        0      237      168      966        6      558
          518      207      369      186      231      444        9        0
           75        0       96      933      381      203      668      150
           15      798      393      150        0        0      381      669
            0      119        0        6       99        0        6      114
            3       12        0       42        3        0        0      243
           18      159       15        0        0        0      102        0
          318      531       69      183      366       87        9      878
          283      225        3      684      342      681      401     1216
          657      999      577      614      996     1020      817     1194
          417      507      522      619      252      312      579     1581
          231      586     1140      396      330      228      240      369
          612      627      258     1158      597      408     1317      912
          366      504     1026      498      729     1035     1353      603
          552      402      696      631      402      660      874      209
         1259     1141      739     1180     1273     1615     1428      619
          664      443      717      525      702      708      997       91
          462      732       66      705      618     1150     1122      110
          398      204        6       24      876     1269     1209      260
          581      303      573       45        3       36      654        0
          114        0        0       81      157      761      198       49
          595     1032       42        0      570      755      167      302
          210      381        0        0       27       57     1125      162
            0        0      440       18        0        0        9        0

Atom Distribution No.   205 at run step   70686:

  Count of atoms assigned to each task:
          557      714      267      618        0      207        0        0
         1054        0        0        0        3        0        0      640
            0        0        0        0        0      258      144        0
            0      300        0        0        0      852        0      638
          803      159        0      102      774      375        0      990
          581      750      174        9      375      180       42      414
          210      969      165      822      561      717      518      243
          579      126      885       33      336     1318      942      156
           57      522     1054     1601      630      498      849     1555
          546     1358       60      544      579     1210       72       54
          525     1130     1767      359      186     1422      597       42
         1180     1623     1200     1293      687      483      552      135
          189        6        9       81      210      723       84      225
           96      216      540      114       66        6       48       33
          306       99       21      687      531      147      546      363
            6        3        0      114      102       57        9      441
            0      177        0       48        3        0       51      117
            0       51       72        0        0        0       30        0
            0        0        6        0        0        0        0        3
            0        0        0        0        3       90        0     1104
            3        0        0        0        3        6     1176     1132
            0        0      708      579      381        0      372      378
            0        0        0      833      474        3        0        0
            0        3        0        3       18        3       48        3
            0        9        0        0        0        3        3        0
            3       24        3      111        0        6      120        3
            6        0        0        3      273      267      588       54
            0       73      420      498       95      568      560      591
           84        0        9     1021      662      976      588        6
           24     1066      426      224      518     1124      906      826
          684      675        0      123      528      531     1029      192
            9      476      138        0       21      648      153        0
            9        0       58      173        0     1083       11      337
          440     1353      306       90      382     1741      123        3
          465       12       81     1065        0        0      735      669
            0      423      462      805      891     1446      537      369

Atom Distribution No.   206 at run step   71043:

  Count of atoms assigned to each task:
            0        0        0        0        0        0        0        6
            0        0      301        0        0        0        0        3
            0       12        0        3        0        3      394        0
            0       24       24        6        9        6        0       15
            0       21        0        3        6        6        0        9
           87      549      261        0       33        0        0        0
            0        0        0        0        0       12      444        0
            0       87       39      399      356      206      815      120
            0        0        0      357        0        0        0        0
           90       39        0        0        0      279        0        0
          336        0       30        0        6        0        0        0
            0        0        0        0        0        0        0        0
            0        0        0        0      681      183        0        0
            0        0      661        0        0        9        6        0
          849      477        0        0        0      393        6        0
            0      279        0      141        0        0      195      121
            0      159      340        0      282      480      321        0
          108      438       21       51       18      216      111       96
          841       96        0       45      249      345      237        0
           42      348     1311      913      510      972     1264      311
          984     1214      902      163     1098      849      803     1018
         1056      707     1196      609      762     1278      929      516
          372      564      424      411      396      222      366       96
          201      780       78      336      475      460      444       84
          501      372      651      186       57      495      669       99
          573      420       51      111      975      297      903      561
          774      750      408      549      771     1029      675      558
         1557      654     1602     1428     1354     1185     1483     1451
         1291     1306     1642     1076     1141      879      895      662
          751      471      210      117      264      697      553     1196
          528      997      428      284      706      990      807      239
          368      868      309      567      246      213      372        0
            3      415      618      192        0       51      277      747
          459       72       12       15        6      486        0        3
          562      257        0      379        0      113      546      348
            0      150      432      621        0      405      185       15

Atom Distribution No.   207 at run step   71406:

  Count of atoms assigned to each task:
          289       93      214        0        3      846      435      528
            0      427      432      866      582        0      183      855
           66      651      354      852      822        3     1235      361
          276        6      462      597     1139     1199      951     1346
           42        3        6      767      345      942        0        6
            0        0      324      259       79       78      119        0
            0        0       12        0       15        0        0      734
          438       72      759      456     1612      510      663       18
           15        0        0      889        0        0        0      284
          511        0        6       48        0        0       78       15
          306        0      663       99      474     1344      883        0
           87       48      432     1591     1615     1778      504      153
          390        0        0      489      858      530        0       68
          483      132      564      567      375        0        0      450
           12        0        0      438      126     1377        0      213
            0      444        0      930      855        0      576     1452
          108     1146      378        0      780        0        0        0
         1449       96        0      840        0      387       27        0
         1362      225        0      225      718      421      441        0
          186        0     1092      334     1411        3      243      402
           21       39     1254      560      724      958      992     1019
          152     1229      124      141      428      332      764       85
           44      143      116     1029       18        9       12       51
           18      237       12       24      448       12       26        4
            0        3        3       35        0       17        2        0
            8        0       19        9       84        0        3       60
           12       14        2        3        4       87       60      185
          104      324        0        3       45        6      481       72
          180      183      300       18       48      649      447      232
           86     1157       51       39        3      615      599      670
          549      701      810      357      207     1107      400       18
           15      756       75        0        3        6      768        0
            0        0        3        0        0      502       72       21
          133        3       18       15      924        6        3        0
          858        3        0        3        0       15      876     1328
            0      777      882      324        0      522      141        0

Atom Distribution No.   208 at run step   71759:

  Count of atoms assigned to each task:
            0        0        0        0        0        0      283      108
            0        0      285        0        0        0        0        0
            0        0        0        0        0        0        0        0
            0       75        0        0        0        0        0        0
            0        0        0        0        3        0        0        0
            0        0        0      489        0        0      900        0
            0        0        0       57        0        0        9        3
            0        0      606       22      214       99       78        0
            0        0        0        3        0        0        3        0
            0      124        6        3        0      219        0        0
            0      210      219        0        6      258      543        0
            3        9       84      609      204      297       12        9
            0        0       12       12      401      351       15       57
          183      195      141      534     1023        6       36      132
            6      105        0      153      305       36      258      438
          225      309        6      468      990       60      238      329
           48        0      444       21      246      105       39        0
            6       42        9        3        6       66        0        0
           99       12        0        3      192        6      768        0
          171        0     1319       27       51        0        0       45
            0        9        3      828       51       24      135      600
          428     1001      450      387      663      360      565      381
          971      597      366       90      274      487      137     1244
          354      606        0      684      628      553      600      507
            0      663      453        9      309      642      327       72
            0        0       15        3        0        0      591     1208
          250      630      387      987      995      552     1119     1059
          609      708     1101      522      756      987     1164      372
           81        6     1596      585      981      801      807     1020
         1533      189      720      537      486     1312      992     1281
          513     1566      735      691      433     1628     1188      730
          779      983      201      998      891     1927      334        0
            0     1222     1000      171      655     1165      455       12
          347      897      369        0      156      346      216     1671
          585      414      868     1055      420      819      471      297
          200      807      246      861        0      828      190      362

Atom Distribution No.   209 at run step   72113:

  Count of atoms assigned to each task:
          785       45       57        3        0      438      291      432
          949      130      918       18      567     1320      654       27
            0     1107      222       66       21       72        0     1561
            0     1089      642        0      162      465     1039      216
          990     1236      542      252        0       78      119      729
          231      447      156      486      489      195      137        0
           18        0       27       30       36        0        0       39
            0        0        0     1005        6      108       36        0
            9        0       24       24        3        3      234       48
            0       57      351       18        0     1239       33      757
            0        3      384      309       18       21      931      712
            0      906      849       36      468      572      840      129
            0     1086      237     1106      448     1860        0       18
          649       78        0      492       84      465        0        0
            0        9        0      141        3        0        0        0
            0        3        0      297       51        0      447      402
            0        0        0       54        3       18        0        0
            0        0        6        0        0        0       30       12
            0        0        0        0       21        0        9      144
            0        3     1074        3        0      204       87        6
           18        9       15       63      495      237      132        6
          459      822      327     1374      420      381      195     1395
          891      171       45       69      393      651      549       30
           15       63       21      315      456      858      570      144
            6      501      141       81     1029      159      303      588
          477        0      120        0      408       39      630      589
          276      576      654     1031      605      603      501      584
            3      625      752      219       90      756      745      335
          706      476       51      241      438      531      411      203
          426        0     1195      626      807      444     1097       72
            0      388        0      456      932      840     1568     1210
          664      526        6     1098        0      877       15        0
            0        0       15      177      123      688       87        0
            6      851      123      198        3      348      321     1159
          589      780      231       27      567      387      386      120
           99      316       22      729      786      994       61      178

Atom Distribution No.   210 at run step   72480:

  Count of atoms assigned to each task:
            0       21        0        0       53        0       60        3
            0        0        0        0        0        0        0        0
            0        0        0        0        0        0        0        0
            0      760        0        0        0        0       87        0
           21        0      210        0        0        0        0        0
            0        0        0        0        0        0        0        0
            0        0        0        0      366        0        0       69
            0        3        0       51       63      477      204       12
           12        0      153        0        0      220      123       99
          305      989      297      429        0      204       51      300
          641      132       14      986      507       63      291      519
           45      881      621      999      204      813     1321      327
          336      114        0      204       66      288      174      585
          360        0      362     1482      495      668      206      714
          246        0      462      588      878        3      177      293
          554      426     1232      806       58      132      601      690
          372      105        0      681      333     1074      432      297
          126       99       99        0        0      531      486      338
         1008      666        9        0      717      195        3      565
          840        0      675      567      615     1093      510      612
          642      186      675     1251      342     1167        0     1104
          474      978      579      216      870      480      798      849
          540      717      651        0      816      894     1447       30
            0      417      840      987     1135      801     1132      129
            0      375      780        0      744        0      171      111
            0      446      289      589       72      216      269     1129
          234      226      212      622      812      470      243      252
            9      309      589      563       95     1131      306       45
          435      433      155      222       12      257      196       90
            3       58      755      298      120      522      108      219
           45      913        0      130       76      938      564      954
          147       91      869      242       77      671       78        0
          126        0       93      642      162      255      181      174
           33      448      138      349      854      108        0       81
          198      171       75       69       72      282      360      141
          394      678        0      291      363     1314      349      117

Atom Distribution No.   211 at run step   72837:

  Count of atoms assigned to each task:
            9        0        0        0        0        3        0        0
            0        0        3        0        0        0        7        0
            0        0      647        0       24        3       30        0
          264        3        0       96      345        0      723       24
          426      657     1288      549      282     1149      604      786
          555       57      675      472      940      477      879      204
           66      392       18      864      732        9        0     1332
            3        0        0       54      921       18        0      447
          429        0        9      243      954      516        0        0
          700      705        0     1062      342      224       39     1213
          162     1421      466      921      444      648     1385     1876
            0     1425     1089      942        0      567      747      741
           33       15        6       72      189       15       78      735
          654      147      817      684      663      564      321      480
          222      186        0      411      582      522      939      219
          933      375      438      411       90      591      405      258
            0        0       93       54       72     1212      441      180
          456      738       69        0        9       18        6       63
            9        9       36       15      111      351      612      534
           30       36       69      156       21       36     1085       24
            6        0       87       48      690      159      303      522
          564     1517      711       27      468      460      485       27
          585       40       11       19        0        4      698        6
          177       78      957      978      871      408      840        0
            0        3       99        0      543        0        0      983
           40        0       71      483        0        0        6        9
          132      237      495       78      174      706       63       39
            0        0      669       58       89      620        0        0
            3        0       12        0        0     1645      541        0
           57      454     1080      207      874      723      178      103
           19      579        0        0      372     1134     1256      321
          386        0     1326        0      129      711      285        0
            0        6        5       89       15       66        0        9
            0        0      261       60       12        3        0      258
          258        0       57      111       69      738      692       39
           15      108      331     1294       30     1501      213       21

Atom Distribution No.   212 at run step   73190:

  Count of atoms assigned to each task:
          262        0        0        0      332      144        0        0
            0        3        0        0        0        0        0        0
            0        0        0        0        0        0      621        0
           39        0        0      117        3        0       39        0
            0        0        0        0        0      120        0        0
            0        0        0        6        0        0        9        0
            0        9        0        0        3        0        0      939
            0       54        0        0        0        3        0        0
            0        0        3      235        9      285        0        0
          314      241      306      519      807      102       15      923
          604       36      477       87       36      636      474      529
            6      342      298       71        3      243       39       21
            9       42       84      159      120       27       15       48
           24       81        9       36       24      135       21      618
           63       15        0       24       21     1307      639        3
           39       45      579      159       21       81      528       18
           60       12       48      204       66       84     1533      498
           12       42      102      501        9     1145       66      222
           24      303      675      363      423      741      625      945
          282      408     1102      413     1582     1066     1557      195
          978     1539      849     1504     1299     1245     1073     1218
          792      882     1350      249      231      588      246      174
         1053      138      618      858        0      546      417       78
          396        0      549      657      714      885      744      324
          321      447      210      639     1395     1173      177      528
          686       82        0      483      546      246      414      583
          479      559      847        0      342      941      585        0
          448      295      808      396      924      902      662      189
          297        0      961      179      425      987      498        0
           36      321      456      141      134      807      290        0
          580      319        0      597      841     1074      773      624
          492      733     1187      279        0      228      732       51
          279      270        0      691      839        0      255        6
          117        0       42      441        9        0        0       45
            6        0        0       24        3      693      618        0
          739      189       33      819        0      690      889        0

Atom Distribution No.   213 at run step   73552:

  Count of atoms assigned to each task:
            0        3        0        0        0        0        0        0
            0      106      329        0        3      347      732      612
          120     1115      466        0     2450     1569     1017        0
          795     1046     1332      734     1013     1494     1382      333
          381      360        6     1478     1262     1161        0      963
         1105      423     1839      418      369      708     1733      406
          609     1311        0        0     1692     1146        0      453
          208        0        0     1400      240        0        0      111
          696        0       87     1559      741        0     1449     1932
          555      630      501      870      384      576        0        0
          648      336      264      234      204      177      354      123
          792        0      312      417       27       18      270      591
           12      210        0        9        6        0        3       78
            0      588      135        9       36      255      153       12
           18        0        0        0      540      351        0       12
            0       18       12       12        0        0      225        0
            0      943        0        0      814      162     1056      660
          243       57       85        0        0      326        0     1118
            0       48        0      204        0      168     2001     1152
            0        0      733      310        0        0        0        0
            0      228      262       33      341      374      774      570
          129      122        0       59      542      743      144       24
           61        0        6        3        3      355      123        0
            3        3      765      657        0      584      587      120
          290       12      297       27      570      132      336      314
          395      402        0      318      227      164       84        9
           94        0      225       90       90       81      483        0
          162      211      167      181      130       88      304       33
           61        4      129      126      150       39       91        0
           21        0       27       42       53      339       48       78
            3       96      147      243      138       84       99       96
          207      141      141      264       63        0       51       97
            0       33       21       92      310        0       13       15
            9        3       68      647        0        0      459        0
          432     1127        0      492      202      760      681      282
          105     1506      678      513      276     1077      195        0

Atom Distribution No.   214 at run step   73907:

  Count of atoms assigned to each task:
          197        3       12        0      633        0        0      198
            0      441      396        0      108        3        6     1030
          791      447        0        0      108      528      825      449
          221      942      423      420        3      333        3        0
            0        0       69      177        0       18        0        0
            0        0      526        0        0        0       25      216
            0        0        0        0       59        3        0        0
            0        0        0        0        0        0        0        0
           69        0        9      277      107        0        0      684
          231      426      288      117      698       99        0       33
            6      113        0        0        0       53      192        0
          435        0      249      438       51      156        0        0
            0        0        0        0       24      123        0        0
            0        0        0        3        0       15        0        0
            0        0        0        0        0        0        0       15
            0        0        0        0        0        0        0        0
            0        3        0        0        0        0        0       54
            0      138        0        0        0       51        0        0
            0        0        3        0       30        0      198        3
            3      555      966        0      678      918       48        0
          465      238      742      588      969      255        6     1587
         1338      605      362     1955     1207     1410      564      777
          379      551       30      555        0        3      141       12
            9        3        0      618     1101     1147      501        0
           63        3        6       72        3      111      516       15
          771        0       78        3      126      384      277        0
            0      477        0        0        3       96      819      645
            0        0       81      840      423      330      459       84
          624      438        0      744      519      264      372      777
            6        0       27      333     1071     1254     1041      657
          810      543      666     1599      742     1005     1179     1578
         1071       21      598     1295      492     1320      102      297
          202      666      456      852      909      705      602      624
          360      779      452      501      577     1589      460     1402
          420      928     1182      704      567     1247     1034     1070
         1048     1386      627     1395     1490     1260      992        0

Atom Distribution No.   215 at run step   74267:

  Count of atoms assigned to each task:
            0        0        0        0        0       21        0        0
            0        0        0        0        0       99       12        0
            0        0        0        0        0        3      777      243
          243      909      589     1338      729      141        0      282
          939      249      195     1339      741      141      189      147
          658      905      537      138       48      357     1491       39
          132      654      300      447       66      399      150       42
          183        0      157        3        0     1006      354      168
          507      159        9      895      268      435      639     1128
           30     1359      750       18      333       57       12        0
            0      234        0       24        0      270     1004      804
          687      666      366        3       78        3     1065        0
          735       24        0      429        0        0        0        0
            0        0        0     1072      145      412        0        0
            0      251        0      432      195      540      522        0
          147      384     1154     1449      960      597      552       78
            0        0       18        0        0        0      123      765
          480       63      234      279      420     1560      162      513
          591       33       12      117       90      639      681     1167
          114      534     1446      246      651     1272      429      738
          432      195      726     1824      780      438      997     1459
          555      819     1008     1913      916      924      270      186
          474      664      170      907      194      705     1485      414
          815        0      189      633     1519      961      957      285
          220      990        0      118      176      325       99      309
         1014       96        3        3        0      800        0       93
           24        0        2        2        0      141        6       30
           13       13      195        3        0       20        3        3
            0        0        0        0        0      114        0        3
            0        0        0        0      727      126       27        0
          120        0        0        0      363      564     1003      794
            0        0      687       24        3        3       12      198
            3      462      153        3        0       96        0        6
          147        0        0        0        0        0      409        0
          300       59        0        0      144       21        9      659
           18      435      306      240       15      958      362        0

Atom Distribution No.   216 at run step   74634:

  Count of atoms assigned to each task:
           15        3      252      154       30        0        0        0
            0        0        0        0        0      285        0        0
            0        0        0        0        0        9      504      312
            0        0      816        0        0        0        0        3
            0       87        0        0        3      171        0        0
            0        9        0        0        0      458      685        0
            0       99        0        0        0       66        0        0
            0        0        0        0      636        0       21        9
           60        0       93      405      177     1040     1161      789
          363      618        0        0      139        0      897      174
          456        0      789      492      171     1362      942      651
           72     1278     1608      147     1463      210      258      552
          585      574      467      494      729        0       30        0
          159      576      207       39      380      737        0      238
          793      120        3       87      210       48      483       99
           60      368     1117      618      789      709      784       36
          150      327      186      441      171      588      924      796
         1011        9      495      417      315      880      228        0
          558        0        6     1335       24      429      585     1290
          306      342     1731      999     1065      180      285      222
          738      120      930      885       21      678      930      402
          144      462      141      264       21       36      414      557
            0     1044      825      183        0      657     1006     1403
           19        0     1037        0       43      858      528        3
            0        0        0      764       90      151      448      132
            9      177        0        0        9        0        0      139
          202        0        0      287        0       42       18      297
          567      505      446        0       24      728        0        0
            0       76        0        0       90       48        0        0
            0        0      416        0      272       15       30      210
          138        0        0      120       72      807      786      370
          408        0      613      144      198      432     1163        2
          118      294        0       14     1117      192      213        3
          959      876      707      369      726      857      193     1330
          531     1121      258      370      166      246      498     1152
          162     1009      489      663        3      519     1126        3

Atom Distribution No.   217 at run step   74987:

  Count of atoms assigned to each task:
            3        0        0        0        3       18        2        0
            0        0        0        0        0        0        0        0
            0        0        0        0        0        0        4       19
           24        0      114        0        0      424        0        0
            0      345        0        0        0        0      183        0
            0        0      321       42        0      165        3        0
            0        0      282        0       21       12      531        0
            9      415        0        0      764     1405      489        0
          321      150      114        0        0      394      163        0
          522     1098      618        0        6       30      231        3
            0       30      240     1078        0      546      543       81
            0      120      291      150      336      151        0      322
            3       57       36      114       15     1233      207        0
            0      885        0       45       36     1127        0        0
            0        0        0      111        3        0      303      453
            0     1090      260      347       30      585      711      204
          480      306        0      246       27      628     1030      498
          840       27      165      140      893      366      288      495
         1589        0      447      627       51      645      492      743
         1235      345     1119     1193     1560      438      784      759
          951        0      720     1422      819      474      561     1473
          870     1086      795      837      735      558      714      465
          234      546      432      552      435      639     1070     1134
          219       39      490        0      343      694     1485      636
           21     1063      209      842      623      649      783      466
          726      468      675      828      537     1203      509      528
          834     1125      649      468      921      562      477      720
          808      781      826      522      459      331      809      765
          177      618      135       69      432      249      523      117
           54      726      666      177       39      147        6       75
          102        0        0      102        0      609      663      634
          567        3      567        0        0        3       51        0
           33        0        0        0       78        0        0        0
            0       21        0        0       12        3        0       75
          135       69        0        0        0        0       99       57
            0      324      124        0        0      252       51        0

Atom Distribution No.   218 at run step   75348:

  Count of atoms assigned to each task:
          547      246     1173      540      174     1271      144        0
           18     1278        0        0        0        0        0        0
            0      327     1302        0      468      795     1791      279
         1062        6       66      330     1017     1530      936      285
          123       84      547      803      450     1354      468        0
          380      234      654      315      465      453      592      483
          141        0      156        9      183     1068        6        9
            0       21        0        0      430        0        0        0
            4       16        3        0       12       99      133        0
           24      108       15        0        0       30        9        1
            0       42        0      376        0       85       33      103
            0       94       69       18      477       96      108      186
           12     1026      386        0        0      435       33       80
            2      190      529      414        0      741        0        0
          426        0        0        3      141      803       31       35
           54      774      891       63     1155        0      511     1575
          180      645        0       36        0      839      393       48
          513      951      963        0       12      702      525        9
            0        0     1161      567        0      738      186      780
          240      252     1005      153      963        6      363      369
          438     1581      381      642      633      669      616      243
          430      621      768      748      442      970      567      696
            0       15      333     1397        0       15      873      464
            0       15        9      332        6      386      367      448
            0      274        6        0        0        6      489      135
          312      222      352        0        0        0        3        0
            6        3        0        0        9       41       52        0
          826      430     1351      626       69        0     1043        2
            0        0        0        2        0       59      434        3
           93        3        0       21      209        3        0       21
            0        0       72        0       63        3      387      345
           33       51       51        0      617        3        3        0
            0        2        2        0      475        2        0        0
            2       26      572      729        0      633       90     1056
            0     1560      855      681      850      957     1119     1237
          532     1392      663      906      614      987      585      478

Atom Distribution No.   219 at run step   75704:

  Count of atoms assigned to each task:
           15      105        0        3       15        0        0        0
          309        0        0        0        0        0      119        0
            0        0        6        0        6      516      816        0
            0        0        0        0        0        0        6        3
            0        0        3        0       36      768      499        0
            0        0       45        0        0        3        0        0
            0        0        0        0        0        0      233        0
          268        0        0        0        0        0        0      132
            0        0        0      249        0        0        6        0
          171      372        0      171      810        3        0      713
          596      579        0      801      930      415      800       21
         1098     1328       36      502      363     1056      909      510
          293      726       24     1740     1153      993      495       33
          534      596      336        9       96       48       15       15
           12      312        9        3       72      717      612       21
          287      122       57       51       72       54       78      225
          234        9        0      141       12      570       54      117
           84      528      632      357       15       18       22      120
           24       89       33      324        0     1128      498      246
           84     1402     1170      210      114     1678      714      522
          135      183      474      891      411      633     1320      921
          738      453     1155     1365      708      507      378      267
           18        0      291      405      414       51     1290      150
          438      192      822      171      198      576      276      405
           39      249       18      222      417       66      797       99
          318        0      594      984        0      343      611       30
            0        0      358      690      882        0      493       12
          754      606      953      292     1149     1092      891      409
         1495      370        0      997      668      456     1009       11
          302     1161        3     1092      868      796      105      255
            0        0        0        0        0        6      332       15
            0        0      183        0        8      131      523        0
           62      839       72      252        3      222       27      483
          732      719      630        9        9      126      337      420
           36      399      982      703      752     1047      399      393
           85      307      227      989       81     1173      337      360

Atom Distribution No.   220 at run step   76064:

  Count of atoms assigned to each task:
          653      237        0       15      357       18        0      222
            0        0        0        0        0        0        0        0
            0        0        0        0      144        0        3        0
          144        0      177      615      511        0        0        3
            0        0      294        0        0       96        6        0
            0      287      186        6        3      351        0        0
            0        0        0       78        0      435        0        0
            3        0        0        0      129      159        0      588
          443        6       49     1235      720      753        0      129
          111       12        0      684      343       21        0      612
           24      333        0     1029      603      157      413     1248
           27      531      150      183        3      515      935      486
           69       12        0      129      306      390      282       27
          522      635      219        0      525        0     1477       27
            0        0        0      783        0        0      756        0
          939      441        0      272      866      273      354      579
          276        0        0      660        3     1248        0        0
            0     1527     1320      681        3       75      399      390
            0      384      453      575        0      465      738        0
          135      351      246        0       63        0      987       75
            0       92        0        9       42       60      192        0
            0      255      168      258        0      324      738        0
            0        0       84      498      396        0      432        0
          537        6      468      753      339      531      855      285
            0        0        3       78        0       36      213       33
            6        0        0        0       21        0       42      102
            6        0        0      528      684      357      630      456
          456      129      789      786      669      621      330      606
           93      291      504      174       60      201      304      369
            0      418     1191      429      174     1361      915        0
          531      819      780      267        0      828     1140        0
          251     1510     1082      402        0      644     1196        0
          456      650      905      299      882        0     1254      315
          168      855      938     1007      881      785      852      705
           54        3     2438      318      588     1115      300     1241
          141       87      504     1012      168     1410      405      921

Atom Distribution No.   221 at run step   76429:

  Count of atoms assigned to each task:
           97        0        3        0        0        0        0        0
            0        0        0        0        0        0        0        0
            0        0        0        0        0        0        0        0
          716        0        0        0      270        0       84      195
          324        0      330     1772     1017      210      474     1224
         1296      741     1501      555      822     1331      198      423
          756      324      699     1113      693       78     1191     1236
          918      621        0      129      816      128        0      692
          141      849      309        9      411      763        0      325
          872      759        0       96      336      891      251      325
           12      656      630      459     1647     1506     1936     1539
          802      623      777     1536      945      783     2394     1587
          828      906        0     1401      402     1239      948      738
          966     1148     1476      892      671        0       48      510
            0     1182     1420        0       73      329     1138      489
          393      973      102      186       81      768      878      694
          364      126       33      176      614      399        9      225
          278      885      531       60      243      463      384      234
            3      432       16      951      183      793      351      291
           21      267       66      186      350      942      880      831
          249      231      351      420      399       13      399      227
          243       75      114       99      183       24      225      117
           69        0      102      132       45        6        3        6
           45      105      150       45       60      136       18       39
           30       72        0      304       30      263        8        0
          133        0        9       45        0       18        0      171
            9        0        0        0       15      115        0        0
            0        6        0       27        9      321      255        0
          126        0        0        0        6        0      204      216
            0     1021        0        0        0      184        0        0
            0       24      429      628        0        0        0        9
            0       78        3       75        0        9        6        0
            0        0       54        0       51        0        0        0
           18        0        0        0        3        0        0       51
            6        0      135      108      279      363      117      225
            0        0      403        9      120      164        0        0

Atom Distribution No.   222 at run step   76791:

  Count of atoms assigned to each task:
          472      787        3      777      288      126      330        0
            0      230        0        0        0      718        0        0
            0        0      486        0        0        6        3        0
          129        0        0      711      591        0       87      582
          415        0       33        9        6        9       21       12
            6        6       18       15       12       12        6        6
           12        0        0        0        0        0        0      174
            0        0        0        0        0        0        0        3
            0        0        0        0        0        0        0        0
           21      387        0        0        0       27        0        0
            0        0        0      807      954     2164      585        0
           48      462        0      196      141      258       15      411
          366      420      165       21        0        3       18        0
          162      213        0        9      105       18        0        0
            0      207       90        6      575      436       75      225
          489      528     1296      561       78       54      597      546
          339      901      721      314       21        6      141      579
          267      558      258      747      646       90     1098       60
           36        0       51     1171      965      195      777      717
         1090      294      123      681      315      783     1362      126
            0        0        0      474      732      315     1223     1272
          480     1155        0      276       12        6        0     1107
           81        0        0      828      654      675        0        0
          906     1020     1026      108      483     1764      744        0
            0      732      426      468      645     1082      513      444
         1122      309        3      642        0      754        0        0
          162      105      519       18      708     1142      508       59
          358       72      228     1058      114      341      447      223
           60        3        0        7       16        0       28        0
            0      333        0      142        0     1078      437       42
            0      663      365     1178      432      781     1069       70
          244      593      975        6      447       15      622       21
          235      742      147       60      240      873      239      299
           96      604      694     1308      192      820      677      338
          909     1069       26      475      531      598      384      729
          408      729      396      780      711      973      119       63

Atom Distribution No.   223 at run step   77153:

  Count of atoms assigned to each task:
           18        3        8       37       12       54       30        0
            0        9        0       12        0       51        0        0
            0      103        9        0        0        0      105      136
          345        9      162       36      162       12       30       33
            0        0        0       18        0        0       21       24
            0      426      489        0       84        0       18      445
          467        0        0      337      426        6       33      984
           75        0        0        0      138        0        0      195
          345        9        0      146       36        0        0        3
          240        0        0        0        9      333        0       39
            0      465      183      201      414     1501      365        0
         1085      423      432      474      876      774     1926     1197
            9     1796      787      819     1746     1325      405       57
            0     1136      632     1753      871     1497      777      814
         1024      678       36      516     1083      573      979       33
          684      471     1069      924       48        0      900      558
            0      588      342       48       24        0       21       66
          141      372      324      585      282       54      108        0
           66      132        0      546        0      939      285      234
          132        0        0      702        0       27      348        9
            0        0        0        0        0        0        0      555
          174     1032        0        0        0        0        0      306
          549        0        0     1026        0      351        0        0
           84      534      540      918      225      621      573       93
          240      247     1095      651     1165      561      822      192
          910      593      368      622      804      470      286      233
          435      372      849      384      252     1723      855      675
         1081      681      970      402     1087      382      988      359
           21      345        0     1014      719       42      358        0
            0      603        0      321       21      939      672        3
            6     1026      330      720       51      414      772      229
           69      985      654        0       30       24      774       12
            3       24        6       18        0      165        6        3
            0        0      380      442       24       12       24       45
          163        0       12        6       39      375      165        0
            0      327      600      516       18      577        6       48

Atom Distribution No.   224 at run step   77510:

  Count of atoms assigned to each task:
          409     1330        0      111        3        3        0      192
         1172     1231        0        0      855      701        0      477
            0      501        0      657      351        0       21     1345
            0       78      104        0      381        0        3        0
            3        0        0      138        6        0        0        0
            6      903       15        0        0        0     1314      180
           18        0        0      623      402      138        0        9
            6      549        0        0        0      480        0        3
            0      441        0      603        0      594        0      375
          156      177        0      141      408       39        0        0
           30       63       96       99      294      411      259       83
           72      382      444      891      408      919      779      342
           33       75      285      444      126     1060      464      506
           63      321      453      714      300      669     1062      513
          288      495      301      250      795      813      831      747
          799      561      279      321     1407     1098     1587     1554
          114      225      294     1116      408      918      264      273
         1056     1431      894     1353      444      222      897      204
            3        6     2208       12      108      898      468      192
            0      483     1055      446      474      393     1834      572
          520      204        0       36      663      174        0     1209
          336     1320        0      459        0     1144       43        3
          104       18        0      276        0        0        0        0
            0      552        0        0        0        0        0        0
            0        0        3       12        3       12        0        0
          263       39        0        0        0        0        0        0
            0        0       21        3        0       57      162      411
            0        3      460      276        0        6       29       18
            0        0        0        0       21       27       36        9
           57        4       43      131      336      291     1068        0
            0      204        0       87        0      171        3       30
            0       21       27      381        3        0      775      110
            4      648        0        0        0        0      194      616
            0        0      375      285      556       13      669      274
          334        0     1157     1055     1006     1017      564      384
         1274      870      399     1282      867     1553     1127        6

Atom Distribution No.   225 at run step   77873:

  Count of atoms assigned to each task:
            3        9        3       36        0        0       57        3
          467       51        3        0       24        6        0        0
            9      297        0      795      507        0        0      276
          268       18        0       90       18      134        0      230
           21        0        0        3        0        0        0        0
            0      593        0        0        0      396      714      168
           15        3      258      937      284      297        0      174
          402       12        0      144      756      960      522      489
          315      624        0      159      120      165        0      285
          710       55        0      318     1002      540      225       24
          783      571      312      492      624     1126      361      352
           51     1257      831      743      439     1083     1013      930
          356     1029      885      647     1428      678      659      496
          567      756      600     1037        0      488      999        0
           57       27        0      255      135        0      975      542
          231      450       42      138      342        6      246       69
            0        0        0        0       30        6        0        0
            0        0       12      147        0       57        0       33
            0        0      102        0       45       45      462        0
            0        9     1233       21        0        0      135      189
          564        0        0        0        0        9        0        0
          276      351        0        0      258      303      360      468
          606       72        0     1116       45       42        0      249
          432      570        0      495     1713      174      123        0
           96      348        0      237     1110        3       69     1308
          974      730      243      405      315      213      753      181
          611        6      401     1284      861       20     1173     1624
          843      773     1492     1407     1095      926     1228     1207
          580        0     1113        0      540      603      657      479
          319      323      583      686      810      942     1388      434
          681       57        0      744        0      317        0      253
            0      430       70      983       78       99      156       24
            3      408       99        0        0       45       27      162
           72       51      228      145      151      144      125        9
          263        6       15       95        9       12       63      399
            9      303      228      513       18      465      688       12

Atom Distribution No.   226 at run step   78233:

  Count of atoms assigned to each task:
            0        3        0      129        0        0        0        0
            0        0        0        3        0        0        0       93
            0        0        0        0        3        0       97        0
            0        0        0        0        0        0        0       57
            0        0        0        0        0        0        0        0
            0        0        0      664        0      930     1569        0
            0        0        6        0       60       27      222        6
            3      138        0       48      264      591       66        0
          609        0      237     1112        0        0      228     1161
            0      231      309      300      163      360      317        0
            3      108      591      315      606      411      417      437
            0      779      669      789       78      390     1316      762
          234      552      499      241     1172      960      619       78
          642      166     1074      366      312      847      992      156
          501     1399       27       30      836      129      459      903
          619      337       73      587     1203      648      324       42
          620     1104     1038      393      765      774      462        0
          429      657      306      366      675      618      252      123
           39      480     1086      441      504     1005      153      609
          423      948      423      471      378      537      798      471
            0      120        3      345        0      441      585      615
          504      793        0      595      402        0        3       75
          399       57        0      309       33        0        0      417
          605      924      723      895      206      161        0        0
            0        0        0        0       77      449      350      244
            3      242        0      477      625      578      497        0
         1032       33      351       60      261        0     1108     1140
          320        6       84      324        0      831      396      150
          256       86        0        0       30      636      527      318
          192      714      647      178        0      561       80      128
           21       36       39        0      551      941      182        0
          131      199      506      461      463        0        0        0
            0        0        0      528        0      387      201        0
          108        3      817     1243      879      438      759       15
            0        0      505      371      337      825      336        0
          390      635      648     1203        0      975      520        0

Atom Distribution No.   227 at run step   78594:

  Count of atoms assigned to each task:
            0        0        0        0        3        0        0        0
           12        0        0        0        0       12        0        0
            0        0        0      133        0        0      665      528
          246        0      426      366      303       54      841     1318
          990      186      635     1471      402        6      465      732
         1349      279      402      866       53        3      972      294
          360       90      642      660       63      827      228      873
          291      108      633        3      364        0      209      111
           27      516     1209      294        0       60        9        9
            6       21        0      438      192      491      285      891
          995      628     1661      306     1642     1021     1569     1832
          528      729      458     1603      765      369     1347     1533
          968      402      642     1062      126     1575      498      255
          489      939      735      585      975      675      894     1467
          462      297     1048        0     1180     1125     1048      498
          258      954     1667      758      129      955      796        0
          428     1467        0      462     1194      173      147        0
          264      444      502      645     1083      172      477      425
          537      120      767      285     1561      502     1186      330
           93     1099     1557      777     1363     1143      430       65
          475       75        0        0       82      240       84      131
            0      243       84       33       48        0       72      477
           87       33        0       54        0        0        6        0
          219      192      234      123        0        3       48      117
            0        0        0      111        0       48       66       10
          107       42        0       18        0      110       52        0
            6       18        0        6       18       66       77      279
            0       54       21        3       18      120       36       33
           12       42       24      129        0      762       75       15
            0        0      240       24        0       39        3       84
            0      114       39        0       42      198       21        0
           12      109        0        0        0        0        0        0
            0        0       27        0       54        0        6       18
            0       12        0       39        0       18       26        0
            0        0        2        5        3       69        9       15
            0       36       12       12        0        3        9        0

Atom Distribution No.   228 at run step   78947:

  Count of atoms assigned to each task:
            9        0      305       39        3        0        0        3
          121        3        0        0        0        6        0        0
            0        0        0      333        0        0      129      618
          165        0      222        0        0        3        3      243
            0        0      219       99      222        0        0      594
            0      205      138        0        9        0      291       30
          309        0        0      285        0        0        0      363
            0      612      150        0        0        0      177        0
            0        0        0        0        0        0        0      133
            3        0        0        3        0        0        0      391
           18      499        6       78      705     1314      684      213
           45      246      453        3        0        0        0     1020
           18        0        0      231        0      772        0        0
            0       78      126      384        9      471        0        0
            0       54      498        0        0        0      213      366
            3        0      216      654      610      246      978        0
          855        6        0      430      679     1173        0      129
          546       39      134      243      818      623        9      318
         1780      657      435      402     1149     1073      292     1113
         1087      440      932      924      840      168     1097      720
         1908      924      312       66      645      243       57      801
          201        0      162      885      642      480      393        0
          111      339      114      243       84       51      705        0
            0      354     1617      819        0      849     1023      174
          624     1218      912      597     1254      465      735      375
          321     1214      729     1522     1489      498      676      288
          736      367      680        0        0      861      964      775
          959        0     1062        0      928      825     1041        0
         1523        0     1223      564        0        0      617      502
            0      498      661       27        0        6       36      558
            0      180      114        0      201       48       78       63
            3       18      252        0        0      117      987        0
            0      180      277        0       12       89        3        0
            0       15      369        3        3      519      474     1390
          728       72       27      285      381      645       12      165
          399       30      267     1037      303      813      790      265

Atom Distribution No.   229 at run step   79306:

  Count of atoms assigned to each task:
            3        0        0        9        3        0        0        3
            0        0        3        3        3        0        0        0
           30      358        0        0     1225        0      426      114
          477     1696      417      264      618     1084      810      318
          276      138      825     1051        6       78      879      939
          150      609     1198      189     1966     1392     1044      285
         1356     1829     2410     1785     1050     1528      276        0
           68       78      201      432      606     1867      402        0
          327     2363        0       90        0        0      555     1056
            0        0        0        0        0        0        0     1422
          126       18        0      435      453      825      984      306
           51      612       96        0        0       96       18       81
          135     1047       24        9      390       30      414      729
          306      423      498      456      492      195      909      330
         1017       30     1584     1407      693       18     1047     1575
         1447     1065       30      198     1062      834      385       71
           11        6        0      544      542       12        9       12
          438       81      657      161      661      271        6      541
         1485       38      416      542      319       38      269      625
          378      853      862      980      435      704      513      770
          519      145        0      326      348        0      513       30
            0        0       60      129        0        7        0        0
            3       46        0        0        3        0      258        0
            0      172        0        0        0        0       21        0
            0        0        0        0      214        0      185        3
            0        0      171      712        0        6        0        0
            0      264        0        0        0      786      150      201
           27        0      372        0        0       36      209        0
            0        0       12      755        0        0      309      149
           15        6      543      489      357       18      514      195
          275       57        6       76        0       33      230        0
            0      114      256      362      132       93      540       66
            0        3        0        0       39      177        9        0
          264       90      603        0        0      823        3      243
            3        0     1080       78        0       81        0        0
            9        0      174      447        0      356      174       12

Atom Distribution No.   230 at run step   79666:

  Count of atoms assigned to each task:
          306        0      242        0      132      237      690        0
            0        3        0        0        0     1029      399        0
            0     1015      201        0       21      531      489      204
          111       15      707        0       18      118      532        0
            0       81        0        3        0        9        0        0
           42        0       24        0        0       54      396        0
           18      105       72        0        0        0        0        0
            0        0        0        0        0        0        0        0
          393       12        0        0        0        0       24        3
            0        0        0        0        0        0        0        0
            0       15        9        0        0        3        3        6
            0        0        0        0        0        0      312       42
            3        3        0        0       21        0       36      255
            0        3        0       15        6        0       69        6
          429      263        9       24        0       12      103       87
          108      435        0      381      228      492       33      297
          567      141      406        0      307        0     1002        3
          720      213      321      244      425       72       81      141
            0       15      471      216      912       42      610      380
          238      498     1029      243      537      805      728       63
          336      699        0       69        6        0      738       12
          114        0        6      299       18      581       42      375
           99      198        0      258      603      228      116        0
           84      251        0      102      715       48        0       27
           42      411        0      102      225       81      387      624
          175        0      274      788       24      672      570        0
          363      330      318      503      200      633      282      324
          546      612      865      561      975       30      921      951
          846      132      657     1557      792     1101      879      792
          807      273      945     1167      798     1152     1275      721
          954      987      231     1220     1111      387      793      319
         1236      490      355      942     1065      881     1216        0
          481     1071      759     1195      617      944      403      375
          315      615     1043      174      129      511      426      702
          572       67     1152      687      516     1288     1206      289
          356      981     1326     1237        0     1207     1035      959

Atom Distribution No.   231 at run step   80029:

  Count of atoms assigned to each task:
            3        0        0        0        0        0        0        0
            0        0        0        0        0       25        3        0
           30        0      238      195        0        3      132       66
          129       78        6       60       72        3      111      105
           33       45        0       54       30        0        0        0
         1143       12      814      382      729        0      378      330
          177        0        3      858      590      906      327     1816
          631        0      636     1134     1918      495      942     1252
          498       54     1478      930      549     1098     1125     1270
         1721     1307      801     1261      494     1572      108     1102
          453        0      270      234        0       75      549      963
            0        0      479     1746      864     1528      819        3
            0        0        0        0     1113        0        0        3
            0        0      177      233      378        0      684      102
          921      381        0      903      804     1302      168      318
          978     1632     1713      744      969      876      625      784
          324       39        0      405     1023        0      429      497
           48        0       45       96      159      219        0      222
            0       21      246        6       93      827      683      174
         1633      301      246       36       79     1711      141       87
           45      315        0        0      141      438      404       17
          111      580       71      320        0      257       44      470
          171      120       21       84       45       39       90     1122
           20      906       86       21       77       57      105       87
            0       15       66       84      495        0       15       15
           33        0       78      679        9      269       12        0
           10       20       18      343       52      296        6        0
            6       12      297      323      162      169      129      123
           30      207       75       27       15      105       45        0
           24       24       15        9        3      860      820      167
          417      816      741      365       58      510      547      716
          171      390      417      577      204      146       18        9
            0       12      149        0        0        3        6      330
          458        0        6        0        0        0      147        3
          330       57        3      117      318      573      372        3
            0      127      463      975      426      354     1061      242

Atom Distribution No.   232 at run step   80386:

  Count of atoms assigned to each task:
            3        3        3        0        0        0        0        0
           27        0        0        0      213      162        0        0
            0        0       30       56        0        0        0        0
          747     1137        0        0        0        0        0        0
            0        0        0      258        0        0        0        0
            0        0      114        0        0        0        3        3
            3        6        0        9        0      283        0      484
            3        0        0        0       39      936      321        3
            0        0        6        0        0      768      159      204
            0      891        0     1233      327       12        0      159
            0        0        0      282        0        0     1328     1305
            0        0      324        0        6      408      559        9
          886        0       24        3     1332      426      469      166
          224      183        0        3        9        9      627       36
           72        6        3      156      306        0       42       54
           45      288       66       60       48        0       48      222
            9       63        0       54     1540     1014      363       48
          476      143       33       12      308      246      288       33
            0     1221      111      644      103      847      549        6
            0        0      216     1141        0      551      138      684
          222      696        0        0      153       48      228      613
          540     1282      435      675      321      882      900      477
          402        0      324      162      628      841       69     1053
          429      897        9      126        0      216       57      606
            6      552      333      120      195      639      384      495
          243      477      192      873      348      846      753      126
         1026        0      279     1023      414      792      624     1236
         1077      741      618     1089      474     1230      246        0
            0        0      452      344      444      534      648      583
          614      118        0      911      479     1208      955     1465
            0        0      795     1167      693     1961     1493       79
          907       39      574       23        0      158       63     1220
          834        0      711      492      544      267      116      393
            0        0      650      768      330      282        3     1430
          393      135        6      453        0      978      123      416
          313      570      744      360       66     1195      185        0

Atom Distribution No.   233 at run step   80744:

  Count of atoms assigned to each task:
           30        0       19        6        0        0        0        0
            0        0       24       15       12        3        3        0
            0        0        0       36     1319        0      192      393
          372      547      314      791      267        0      783      816
          421        0     1832      507      946      176      770      471
          261       87     1185      915      255      195      456      651
          198     1454      213        0        0      771     1146      563
            0      327      126      963      447     1474     1276      480
            0      156      849      640        0      384        0      714
           66     1224       30      461      897     1296      805     1050
         1440      533        0      233      590      504      786      783
          811      549     1113     1593      483     1590     1359      996
         1140     1380      600     1125     1155     1638     1110     1372
          549      813        0     1035        0        0      232        0
            3        0     1398      285      597        0      571      317
          397        0        6      216      618      710      622        0
           19        0        0        0      383        0        0        0
          506      438        0      297      447       81      888      736
            0       18        0      263      498      306      186        9
           75      555      369       16       69      780      291      119
           72      110        0       24       27       51        0       72
          279      681      589       92        9      807      757      108
           14        0       35        9       15        0        3        6
            9        3      141       63        0       54       87       27
            0       36        0        9      111        3        9        3
           48        6       24        0        0        6        6      108
           24       78        0       66       99      412      103       54
           12      233       12       27        0       87        0       15
          325       66       16        0      141      269      535       18
            3      249      279       54       27       75      216      429
          147      123       77      443      107      615      401      414
          411       51      303      162        0      333        3      121
            3        0        0      258        4        0       21        0
            0        0      554      160        0      863      147        3
          189       30        0        0      324      815      212      879
            0      476      963      546        0      311      316        3

Atom Distribution No.   234 at run step   81105:

  Count of atoms assigned to each task:
            3        3        0        7        0      286        0        0
            0        0        0        0        0        0        3        3
            0        0        3        3       72        0        0      141
            0      714        6      126       33        0      519      972
            0        0        0      402        3        0      424      342
            0      198      510      489        0      126        3        0
            0      162        0        0        0        0        0      471
            0        0       24        0        0      134      151        6
            0        0       84       12        0       21        0       72
          313     1629      363      674      485      493      138        9
           45      720        0       33      321      114       27       15
            6        3       12        6        0        0        9      375
            0       60        0        0        6      884      309       69
          285      147      342      768      207       18      369      394
          244      419      510      321      573      450      228      110
          516      402      717      303       12      783      539       21
            0      197      262       15      806      501        3       27
           72        9       24        0        3        3      639       15
           15        0        0       33       50      172        0        0
          198      473      858      141      840      249      694        9
            0      316       56      129       18     1151       93        0
            0      546     1448        0      150      832      573       42
            0        0        0       96        6        0      294        0
          153        3     1052      456     1548        0      132     1008
          117       54        0        0        0      102        0      519
           33      102       69        0        0      171      309      147
            0      579      135        0      468      405      774        3
           48      435     1020      369      501      912      468      711
          813      963      819     1149     1044     1320     1095     1359
         1425      616      861     1182      327     1116     1315      913
          917      511     1371     1112      519     1039     1234     1121
          673     1298      224     1001      730      538        0      132
           33       15     1210      806      476        6      167      206
          270        3     1364      426       27      595     1345      976
           21      363        0      857      198     1161      687      476
          274      923      441      573        0      802      283        0

Atom Distribution No.   235 at run step   81467:

  Count of atoms assigned to each task:
          522      852        0       18      501       93        0      348
           15       87       45        0        0      677     1021        0
            0        0       30     1359     1034        0     1354      678
            0      700     1126        0      246        0     1704      770
            0      357      840        0        0        0      186        0
            0        3      573      216        0        0     1418        0
            0        0        0      768        0       63        0      147
            0        0        0      300        0        0      429        6
            0        0      153      336        0        3       15      255
            0        3      109       15        0       18      200      885
            0      495      522      294      598      181      198      957
          186      123        0       27        0      108       57       48
           12        0       96        0       57      803       42       28
           90      551        4      189       13       54       81       21
            3       15        9      582       75       39        9        3
           42      294       15       72      186        0      327      159
            3      268        0        0        0      222        0       63
            0      116        3        6        0        0      772      198
          297      225        6       36      162        0        6       12
          132      570      907       68      408      388      360       63
            0      390      186        3        0      222      108      477
            9       18      246      151       12      548      360       51
            0        0        0      330      783        0        0      267
          309        0      495      139        0        0        0      421
            0        0        0      837      105        0        0        0
           33        6        0        0        0        0        3       12
          303      258      126      420      669      534     1794        0
            3      234       21        0        6      216       36      117
          363      543        0       30        0      345      552      348
           54        3      363      429      240      873      750      333
           18      270      315      852      381      633     1158      684
          366      613      345      345      738     1054       72      147
          241      147      777     1624      821      281     1147      984
          124     1532     1333     1088      524     2204     1396      867
         1110      882     1423      438      615     1670      924     1891
          813     1150     1702     1518      696     1103     1299      673

Atom Distribution No.   236 at run step   81828:

  Count of atoms assigned to each task:
            0        0       41        0        4        7      229        0
          241        0      309      402        0        0      732      210
          228       63        0        0        0      267     1233      633
            0      543      468        0      147        0      829      126
            0        0      423        3        0        0      201      402
            0        0      759        0        0        0      708        0
            0        0       21        0       82       87      417        0
            0        0      431      912      120     1245      484      565
            0      165      588     1578       12      325      491      894
          582      668      727      933       24      867     1136     1039
            0      744     1884      705     1119     1189      928     1212
          417      367      308      750     1068      459     1091      213
          609      459     1370      961     1380     1995     1305     1674
         1335      765      750      939      840      915     1584      366
         1383        3      977      258      732      624     1044      391
          447      366       15       15      108       63       87      618
          439        2       11        0        3      214       27     1667
            3        6      381      127        6        3      388      748
            6        3       15     1100      369      480      967        2
            0       12       25      278      818      284      297      930
          114      140        0      634      292      714       81        6
           21      156       69     1265       48      749      149        0
           15        3        0       60        3      528       90        0
          159      279       18      687        0        0       87      633
            0        0        0        0        0        0        0        0
            0        0        0        0        0        0        0        0
            0        0        3       27      163        0        0        0
            0      276        0        0        0       66       50       91
          117       28        0        0        0      598       33       54
           86        0        9        0       75      110       24        9
           12       33      261       18       33        0        9        0
            3      357      345        0      147      165      330      167
          341        0        7       16      348       15       97      159
          142      318      177      324        0       21        3      135
            0        0       18      279      216      442     1027      937
          675      966      683      467        0     1200      821      329

Atom Distribution No.   237 at run step   82185:

  Count of atoms assigned to each task:
            0        0        0        0        0        0        0        0
            0        0        0        0        0        0        0        0
            0        0      232        0        0        0        0        0
            0        0        0      461        0        0        0      168
            0        0        0        0      429        0        0       30
            0        0        0      438        0        0        0        0
            0        0        0        0        0        0        0        6
            0      480      141        0        0       75      618      284
            0        0        0        0        0        0      235      241
            0      564      270       99        0      312      147      117
          111      710      217      102       84      237      435      495
           39       81      129      462      465     1651      696       99
           39       72       63      633      432       87      131      265
          203      780      105      264      171     1275      450        0
         1109        0     1352      311      708       27      696       66
          327      468      402      519      221        0      912      300
            0        0      570     1220      687        3      163     1242
           66        6        3      243       48      347        0      337
            6      719        0      407        0        0      462      507
          846      962      874      546        3      936     1188        6
          396      456        0      678      543     1170        0      996
          192     1440     1014     1062      831        0     1602      702
          537      858     1074      756     1536      552     1809        0
          716      348        6     1323      456      453      925      758
          969      622      550     1003      360        0      730      984
            0        0        0      590        0        3        3      423
            0        0        3      636      980     1145      310       84
          765      282       39       42       27      692      109      134
           51        6       21      207      394      263      329      225
           96        3        0      111      384        0      378      167
            0       10      162      256       57      521      524      770
          324      877      208      572      565      699      183      300
          255      537      444      519      777     1107      462       81
          934      458      245        0      888      315        3      654
          745        0        0        9      158      351      642      936
           66       18        6        0        0      309      505        0
