timestamp, power.draw [W], utilization.gpu [%]
2026/03/21 01:52:59.121, 155.48 W, 3 %
2026/03/21 01:52:59.222, 155.48 W, 3 %
2026/03/21 01:52:59.322, 140.75 W, 3 %
2026/03/21 01:52:59.423, 132.34 W, 0 %
2026/03/21 01:52:59.523, 123.18 W, 0 %
2026/03/21 01:52:59.623, 115.60 W, 6 %
2026/03/21 01:52:59.723, 105.85 W, 6 %
2026/03/21 01:52:59.823, 98.62 W, 0 %
2026/03/21 01:52:59.923, 93.21 W, 0 %
2026/03/21 01:53:00.023, 96.95 W, 84 %
2026/03/21 01:53:00.124, 105.14 W, 84 %
2026/03/21 01:53:00.224, 114.16 W, 94 %
2026/03/21 01:53:00.324, 122.68 W, 94 %
2026/03/21 01:53:00.424, 131.39 W, 94 %
2026/03/21 01:53:00.524, 138.75 W, 94 %
2026/03/21 01:53:00.624, 148.27 W, 92 %
2026/03/21 01:53:00.724, 155.74 W, 92 %
2026/03/21 01:53:00.825, 164.53 W, 94 %
2026/03/21 01:53:00.925, 170.20 W, 94 %
2026/03/21 01:53:01.025, 170.12 W, 94 %
2026/03/21 01:53:01.125, 170.58 W, 94 %
2026/03/21 01:53:01.225, 170.42 W, 94 %
2026/03/21 01:53:01.325, 170.39 W, 94 %
2026/03/21 01:53:01.425, 170.43 W, 94 %
2026/03/21 01:53:01.526, 170.88 W, 94 %
2026/03/21 01:53:01.626, 170.86 W, 85 %
2026/03/21 01:53:01.726, 170.93 W, 85 %
2026/03/21 01:53:01.826, 170.68 W, 94 %
2026/03/21 01:53:01.926, 170.92 W, 94 %
2026/03/21 01:53:02.026, 170.85 W, 93 %
2026/03/21 01:53:02.126, 170.85 W, 93 %
2026/03/21 01:53:02.227, 171.18 W, 94 %
2026/03/21 01:53:02.327, 171.60 W, 94 %
2026/03/21 01:53:02.427, 171.74 W, 94 %
2026/03/21 01:53:02.527, 171.79 W, 94 %
2026/03/21 01:53:02.627, 172.09 W, 91 %
2026/03/21 01:53:02.727, 171.70 W, 91 %
2026/03/21 01:53:02.827, 172.02 W, 94 %
2026/03/21 01:53:02.928, 171.90 W, 94 %
2026/03/21 01:53:03.028, 172.23 W, 94 %
2026/03/21 01:53:03.128, 172.07 W, 94 %
2026/03/21 01:53:03.228, 170.75 W, 94 %
2026/03/21 01:53:03.328, 170.60 W, 94 %
2026/03/21 01:53:03.428, 170.35 W, 94 %
2026/03/21 01:53:03.528, 170.18 W, 94 %
2026/03/21 01:53:03.629, 170.54 W, 94 %
2026/03/21 01:53:03.729, 170.65 W, 94 %
2026/03/21 01:53:03.829, 170.50 W, 94 %
2026/03/21 01:53:03.929, 170.11 W, 94 %
2026/03/21 01:53:04.029, 169.95 W, 91 %
2026/03/21 01:53:04.129, 169.61 W, 91 %
2026/03/21 01:53:04.229, 170.50 W, 94 %
2026/03/21 01:53:04.330, 170.77 W, 94 %
2026/03/21 01:53:04.430, 171.09 W, 94 %
2026/03/21 01:53:04.530, 170.96 W, 94 %
2026/03/21 01:53:04.630, 170.46 W, 93 %
2026/03/21 01:53:04.730, 170.31 W, 93 %
2026/03/21 01:53:04.830, 170.31 W, 94 %
2026/03/21 01:53:04.930, 169.91 W, 94 %
2026/03/21 01:53:05.031, 170.12 W, 91 %
2026/03/21 01:53:05.131, 170.32 W, 91 %
2026/03/21 01:53:05.231, 170.22 W, 94 %
2026/03/21 01:53:05.331, 170.18 W, 94 %
2026/03/21 01:53:05.431, 169.66 W, 94 %
2026/03/21 01:53:05.531, 169.56 W, 94 %
2026/03/21 01:53:05.631, 169.54 W, 94 %
2026/03/21 01:53:05.732, 169.15 W, 94 %
2026/03/21 01:53:05.832, 169.19 W, 94 %
2026/03/21 01:53:05.932, 169.51 W, 94 %
2026/03/21 01:53:06.032, 169.22 W, 93 %
2026/03/21 01:53:06.132, 168.99 W, 93 %
2026/03/21 01:53:06.232, 168.85 W, 94 %
2026/03/21 01:53:06.332, 168.96 W, 94 %
2026/03/21 01:53:06.433, 169.61 W, 94 %
2026/03/21 01:53:06.533, 169.01 W, 94 %
2026/03/21 01:53:06.633, 169.07 W, 89 %
2026/03/21 01:53:06.733, 169.77 W, 89 %
2026/03/21 01:53:06.833, 169.94 W, 94 %
2026/03/21 01:53:06.933, 170.43 W, 94 %
2026/03/21 01:53:07.033, 170.37 W, 94 %
2026/03/21 01:53:07.134, 170.43 W, 94 %
2026/03/21 01:53:07.234, 170.62 W, 94 %
2026/03/21 01:53:07.334, 170.59 W, 94 %
2026/03/21 01:53:07.434, 170.31 W, 94 %
2026/03/21 01:53:07.534, 170.35 W, 94 %
2026/03/21 01:53:07.634, 170.82 W, 94 %
2026/03/21 01:53:07.734, 170.52 W, 94 %
2026/03/21 01:53:07.835, 170.57 W, 94 %
2026/03/21 01:53:07.935, 170.19 W, 94 %
2026/03/21 01:53:08.035, 170.23 W, 94 %
2026/03/21 01:53:08.135, 170.53 W, 94 %
2026/03/21 01:53:08.235, 170.22 W, 94 %
2026/03/21 01:53:08.335, 170.16 W, 94 %
2026/03/21 01:53:08.435, 169.95 W, 94 %
2026/03/21 01:53:08.536, 169.78 W, 94 %
2026/03/21 01:53:08.636, 169.92 W, 93 %
2026/03/21 01:53:08.736, 170.06 W, 93 %
2026/03/21 01:53:08.836, 170.16 W, 94 %
2026/03/21 01:53:08.936, 170.10 W, 94 %
2026/03/21 01:53:09.036, 170.13 W, 94 %
2026/03/21 01:53:09.136, 170.12 W, 94 %
2026/03/21 01:53:09.237, 170.09 W, 94 %
2026/03/21 01:53:09.337, 170.43 W, 94 %
2026/03/21 01:53:09.437, 170.64 W, 94 %
2026/03/21 01:53:09.537, 171.05 W, 94 %
2026/03/21 01:53:09.637, 171.26 W, 94 %
2026/03/21 01:53:09.737, 171.10 W, 94 %
2026/03/21 01:53:09.838, 171.28 W, 94 %
2026/03/21 01:53:09.938, 170.72 W, 94 %
2026/03/21 01:53:10.038, 171.01 W, 94 %
2026/03/21 01:53:10.138, 170.99 W, 94 %
2026/03/21 01:53:10.238, 171.20 W, 94 %
2026/03/21 01:53:10.338, 170.98 W, 94 %
2026/03/21 01:53:10.438, 170.96 W, 94 %
2026/03/21 01:53:10.539, 171.16 W, 94 %
2026/03/21 01:53:10.639, 170.80 W, 93 %
2026/03/21 01:53:10.739, 170.86 W, 93 %
2026/03/21 01:53:10.839, 170.79 W, 94 %
2026/03/21 01:53:10.939, 171.47 W, 94 %
2026/03/21 01:53:11.039, 171.21 W, 94 %
2026/03/21 01:53:11.139, 171.24 W, 94 %
2026/03/21 01:53:11.240, 171.34 W, 94 %
2026/03/21 01:53:11.340, 171.56 W, 94 %
2026/03/21 01:53:11.440, 171.65 W, 94 %
2026/03/21 01:53:11.540, 171.09 W, 94 %
2026/03/21 01:53:11.640, 171.35 W, 90 %
2026/03/21 01:53:11.740, 171.32 W, 90 %
2026/03/21 01:53:11.840, 171.20 W, 94 %
2026/03/21 01:53:11.941, 170.92 W, 94 %
2026/03/21 01:53:12.041, 171.13 W, 94 %
2026/03/21 01:53:12.141, 171.24 W, 94 %
2026/03/21 01:53:12.241, 171.26 W, 94 %
2026/03/21 01:53:12.341, 171.27 W, 94 %
2026/03/21 01:53:12.441, 171.34 W, 94 %
2026/03/21 01:53:12.541, 171.63 W, 94 %
2026/03/21 01:53:12.642, 171.79 W, 93 %
2026/03/21 01:53:12.742, 171.88 W, 93 %
2026/03/21 01:53:12.842, 171.92 W, 94 %
2026/03/21 01:53:12.942, 172.35 W, 94 %
2026/03/21 01:53:13.042, 172.52 W, 94 %
2026/03/21 01:53:13.142, 172.12 W, 94 %
2026/03/21 01:53:13.242, 171.76 W, 87 %
2026/03/21 01:53:13.343, 171.52 W, 87 %
2026/03/21 01:53:13.443, 171.53 W, 94 %
2026/03/21 01:53:13.543, 171.49 W, 94 %
2026/03/21 01:53:13.643, 171.49 W, 94 %
2026/03/21 01:53:13.743, 171.38 W, 94 %
2026/03/21 01:53:13.843, 171.26 W, 94 %
2026/03/21 01:53:13.943, 171.13 W, 94 %
2026/03/21 01:53:14.043, 171.04 W, 94 %
2026/03/21 01:53:14.144, 171.51 W, 94 %
2026/03/21 01:53:14.244, 172.29 W, 94 %
2026/03/21 01:53:14.344, 172.60 W, 94 %
2026/03/21 01:53:14.444, 172.60 W, 93 %
2026/03/21 01:53:14.544, 172.73 W, 93 %
2026/03/21 01:53:14.644, 172.89 W, 93 %
2026/03/21 01:53:14.745, 172.81 W, 93 %
2026/03/21 01:53:14.845, 172.39 W, 94 %
2026/03/21 01:53:14.945, 172.44 W, 94 %
2026/03/21 01:53:15.045, 172.31 W, 94 %
2026/03/21 01:53:15.145, 172.15 W, 94 %
2026/03/21 01:53:15.245, 171.69 W, 93 %
2026/03/21 01:53:15.345, 171.67 W, 93 %
2026/03/21 01:53:15.445, 171.46 W, 94 %
2026/03/21 01:53:15.546, 171.22 W, 94 %
2026/03/21 01:53:15.646, 170.94 W, 94 %
2026/03/21 01:53:15.746, 170.71 W, 94 %
2026/03/21 01:53:15.846, 170.91 W, 94 %
2026/03/21 01:53:15.946, 171.09 W, 94 %
2026/03/21 01:53:16.046, 170.81 W, 94 %
2026/03/21 01:53:16.146, 170.39 W, 94 %
2026/03/21 01:53:16.247, 170.74 W, 94 %
2026/03/21 01:53:16.347, 170.62 W, 94 %
2026/03/21 01:53:16.447, 170.48 W, 94 %
2026/03/21 01:53:16.547, 170.34 W, 94 %
2026/03/21 01:53:16.647, 170.41 W, 94 %
2026/03/21 01:53:16.747, 170.92 W, 94 %
2026/03/21 01:53:16.847, 171.34 W, 94 %
2026/03/21 01:53:16.948, 171.47 W, 94 %
2026/03/21 01:53:17.048, 171.70 W, 94 %
2026/03/21 01:53:17.148, 171.74 W, 94 %
2026/03/21 01:53:17.248, 171.78 W, 93 %
2026/03/21 01:53:17.348, 171.54 W, 93 %
2026/03/21 01:53:17.448, 171.89 W, 94 %
2026/03/21 01:53:17.548, 172.08 W, 94 %
2026/03/21 01:53:17.649, 171.97 W, 94 %
2026/03/21 01:53:17.749, 171.52 W, 94 %
2026/03/21 01:53:17.849, 171.30 W, 94 %
2026/03/21 01:53:17.949, 171.36 W, 94 %
2026/03/21 01:53:18.049, 171.48 W, 94 %
2026/03/21 01:53:18.149, 171.67 W, 94 %
2026/03/21 01:53:18.249, 171.47 W, 90 %
2026/03/21 01:53:18.350, 171.68 W, 90 %
2026/03/21 01:53:18.450, 171.89 W, 94 %
2026/03/21 01:53:18.550, 171.53 W, 94 %
2026/03/21 01:53:18.650, 171.88 W, 94 %
2026/03/21 01:53:18.750, 171.93 W, 94 %
2026/03/21 01:53:18.850, 172.12 W, 94 %
2026/03/21 01:53:18.950, 171.63 W, 94 %
2026/03/21 01:53:19.051, 171.49 W, 94 %
2026/03/21 01:53:19.151, 171.13 W, 94 %
2026/03/21 01:53:19.251, 171.30 W, 93 %
2026/03/21 01:53:19.351, 171.09 W, 93 %
2026/03/21 01:53:19.451, 170.93 W, 94 %
2026/03/21 01:53:19.551, 171.37 W, 94 %
2026/03/21 01:53:19.651, 171.31 W, 94 %
2026/03/21 01:53:19.752, 171.04 W, 94 %
2026/03/21 01:53:19.852, 170.24 W, 92 %
2026/03/21 01:53:19.952, 170.53 W, 92 %
2026/03/21 01:53:20.052, 170.43 W, 94 %
2026/03/21 01:53:20.152, 170.72 W, 94 %
2026/03/21 01:53:20.252, 170.59 W, 94 %
2026/03/21 01:53:20.352, 170.74 W, 94 %
2026/03/21 01:53:20.453, 170.18 W, 94 %
2026/03/21 01:53:20.553, 170.11 W, 94 %
2026/03/21 01:53:20.653, 169.87 W, 94 %
2026/03/21 01:53:20.753, 170.20 W, 94 %
2026/03/21 01:53:20.853, 170.75 W, 94 %
2026/03/21 01:53:20.953, 170.90 W, 94 %
2026/03/21 01:53:21.053, 170.95 W, 94 %
2026/03/21 01:53:21.154, 170.85 W, 94 %
2026/03/21 01:53:21.254, 170.82 W, 93 %
2026/03/21 01:53:21.354, 170.98 W, 93 %
2026/03/21 01:53:21.454, 171.54 W, 94 %
2026/03/21 01:53:21.554, 171.81 W, 94 %
2026/03/21 01:53:21.654, 171.86 W, 94 %
2026/03/21 01:53:21.754, 172.02 W, 94 %
2026/03/21 01:53:21.855, 171.47 W, 93 %
2026/03/21 01:53:21.955, 171.31 W, 93 %
2026/03/21 01:53:22.055, 171.60 W, 94 %
2026/03/21 01:53:22.155, 171.66 W, 94 %
2026/03/21 01:53:22.255, 172.02 W, 94 %
2026/03/21 01:53:22.355, 171.75 W, 94 %
2026/03/21 01:53:22.455, 171.15 W, 94 %
2026/03/21 01:53:22.556, 171.12 W, 94 %
2026/03/21 01:53:22.656, 171.30 W, 94 %
2026/03/21 01:53:22.756, 171.13 W, 94 %
2026/03/21 01:53:22.856, 171.24 W, 94 %
2026/03/21 01:53:22.956, 171.57 W, 94 %
2026/03/21 01:53:23.056, 171.22 W, 94 %
2026/03/21 01:53:23.156, 170.67 W, 94 %
2026/03/21 01:53:23.257, 170.58 W, 89 %
2026/03/21 01:53:23.357, 170.39 W, 89 %
2026/03/21 01:53:23.457, 171.16 W, 94 %
2026/03/21 01:53:23.557, 171.26 W, 94 %
2026/03/21 01:53:23.657, 171.06 W, 94 %
2026/03/21 01:53:23.757, 170.77 W, 94 %
2026/03/21 01:53:23.857, 171.00 W, 93 %
2026/03/21 01:53:23.958, 170.74 W, 93 %
2026/03/21 01:53:24.058, 170.78 W, 94 %
2026/03/21 01:53:24.158, 171.34 W, 94 %
2026/03/21 01:53:24.258, 171.41 W, 94 %
2026/03/21 01:53:24.358, 171.57 W, 94 %
2026/03/21 01:53:24.458, 170.82 W, 94 %
2026/03/21 01:53:24.558, 170.75 W, 94 %
2026/03/21 01:53:24.659, 170.83 W, 94 %
2026/03/21 01:53:24.759, 171.29 W, 94 %
2026/03/21 01:53:24.859, 171.17 W, 90 %
2026/03/21 01:53:24.959, 171.31 W, 90 %
2026/03/21 01:53:25.059, 171.42 W, 94 %
2026/03/21 01:53:25.159, 171.18 W, 94 %
2026/03/21 01:53:25.259, 171.17 W, 94 %
2026/03/21 01:53:25.360, 170.93 W, 94 %
2026/03/21 01:53:25.460, 171.28 W, 94 %
2026/03/21 01:53:25.560, 171.16 W, 94 %
2026/03/21 01:53:25.660, 170.86 W, 94 %
2026/03/21 01:53:25.760, 170.48 W, 94 %
2026/03/21 01:53:25.860, 170.42 W, 93 %
2026/03/21 01:53:25.960, 170.41 W, 93 %
2026/03/21 01:53:26.061, 170.52 W, 94 %
2026/03/21 01:53:26.161, 170.74 W, 94 %
2026/03/21 01:53:26.261, 170.73 W, 94 %
2026/03/21 01:53:26.361, 170.60 W, 94 %
2026/03/21 01:53:26.461, 170.39 W, 94 %
2026/03/21 01:53:26.561, 170.42 W, 94 %
2026/03/21 01:53:26.661, 170.72 W, 94 %
2026/03/21 01:53:26.762, 171.43 W, 94 %
2026/03/21 01:53:26.862, 171.24 W, 94 %
2026/03/21 01:53:26.962, 171.18 W, 94 %
2026/03/21 01:53:27.062, 170.94 W, 94 %
2026/03/21 01:53:27.162, 170.70 W, 94 %
2026/03/21 01:53:27.262, 170.72 W, 94 %
2026/03/21 01:53:27.362, 170.89 W, 94 %
2026/03/21 01:53:27.463, 171.15 W, 94 %
2026/03/21 01:53:27.563, 171.01 W, 94 %
2026/03/21 01:53:27.663, 171.28 W, 94 %
2026/03/21 01:53:27.763, 171.04 W, 94 %
2026/03/21 01:53:27.863, 171.09 W, 93 %
2026/03/21 01:53:27.963, 171.32 W, 93 %
2026/03/21 01:53:28.063, 171.11 W, 94 %
2026/03/21 01:53:28.164, 171.34 W, 94 %
2026/03/21 01:53:28.264, 171.46 W, 94 %
2026/03/21 01:53:28.364, 171.54 W, 94 %
2026/03/21 01:53:28.464, 171.61 W, 93 %
2026/03/21 01:53:28.564, 171.84 W, 93 %
2026/03/21 01:53:28.664, 171.07 W, 94 %
2026/03/21 01:53:28.764, 170.76 W, 94 %
2026/03/21 01:53:28.865, 170.78 W, 94 %
2026/03/21 01:53:28.965, 170.65 W, 94 %
2026/03/21 01:53:29.065, 170.79 W, 94 %
2026/03/21 01:53:29.165, 170.86 W, 94 %
2026/03/21 01:53:29.265, 170.82 W, 94 %
2026/03/21 01:53:29.365, 170.48 W, 94 %
2026/03/21 01:53:29.465, 170.38 W, 94 %
2026/03/21 01:53:29.566, 170.31 W, 94 %
2026/03/21 01:53:29.666, 170.68 W, 94 %
2026/03/21 01:53:29.766, 170.54 W, 94 %
2026/03/21 01:53:29.866, 170.46 W, 89 %
2026/03/21 01:53:29.966, 170.59 W, 89 %
2026/03/21 01:53:30.066, 170.93 W, 94 %
2026/03/21 01:53:30.167, 170.98 W, 94 %
2026/03/21 01:53:30.267, 170.75 W, 94 %
2026/03/21 01:53:30.367, 170.87 W, 94 %
2026/03/21 01:53:30.467, 170.73 W, 93 %
2026/03/21 01:53:30.567, 170.72 W, 93 %
2026/03/21 01:53:30.667, 170.93 W, 94 %
2026/03/21 01:53:30.767, 171.39 W, 94 %
2026/03/21 01:53:30.867, 171.63 W, 94 %
2026/03/21 01:53:30.968, 171.49 W, 94 %
2026/03/21 01:53:31.068, 170.78 W, 94 %
2026/03/21 01:53:31.168, 170.82 W, 94 %
2026/03/21 01:53:31.268, 171.04 W, 94 %
2026/03/21 01:53:31.368, 171.09 W, 94 %
2026/03/21 01:53:31.468, 170.94 W, 91 %
2026/03/21 01:53:31.568, 171.08 W, 91 %
2026/03/21 01:53:31.669, 170.39 W, 94 %
2026/03/21 01:53:31.769, 170.20 W, 94 %
2026/03/21 01:53:31.869, 170.16 W, 93 %
2026/03/21 01:53:31.969, 170.14 W, 93 %
2026/03/21 01:53:32.069, 170.37 W, 94 %
2026/03/21 01:53:32.169, 170.73 W, 94 %
2026/03/21 01:53:32.269, 170.47 W, 94 %
2026/03/21 01:53:32.370, 170.35 W, 94 %
2026/03/21 01:53:32.470, 170.36 W, 93 %
2026/03/21 01:53:32.570, 170.24 W, 93 %
2026/03/21 01:53:32.670, 170.60 W, 94 %
2026/03/21 01:53:32.770, 170.55 W, 94 %
2026/03/21 01:53:32.870, 170.39 W, 94 %
2026/03/21 01:53:32.970, 170.60 W, 94 %
2026/03/21 01:53:33.071, 169.99 W, 94 %
2026/03/21 01:53:33.171, 169.98 W, 94 %
2026/03/21 01:53:33.271, 170.19 W, 94 %
2026/03/21 01:53:33.371, 170.58 W, 94 %
2026/03/21 01:53:33.471, 171.14 W, 94 %
2026/03/21 01:53:33.571, 170.96 W, 94 %
2026/03/21 01:53:33.671, 170.92 W, 94 %
2026/03/21 01:53:33.772, 171.15 W, 94 %
2026/03/21 01:53:33.872, 170.96 W, 93 %
2026/03/21 01:53:33.972, 170.90 W, 93 %
2026/03/21 01:53:34.072, 171.53 W, 94 %
2026/03/21 01:53:34.172, 171.51 W, 94 %
2026/03/21 01:53:34.272, 171.54 W, 94 %
2026/03/21 01:53:34.372, 171.31 W, 94 %
2026/03/21 01:53:34.473, 171.18 W, 93 %
2026/03/21 01:53:34.573, 171.45 W, 93 %
2026/03/21 01:53:34.673, 171.63 W, 94 %
2026/03/21 01:53:34.773, 171.13 W, 94 %
2026/03/21 01:53:34.873, 171.08 W, 94 %
2026/03/21 01:53:34.973, 171.10 W, 94 %
2026/03/21 01:53:35.073, 171.37 W, 94 %
2026/03/21 01:53:35.174, 171.63 W, 94 %
2026/03/21 01:53:35.274, 171.62 W, 94 %
2026/03/21 01:53:35.374, 171.51 W, 94 %
2026/03/21 01:53:35.474, 171.92 W, 94 %
2026/03/21 01:53:35.574, 171.96 W, 94 %
2026/03/21 01:53:35.674, 171.81 W, 94 %
2026/03/21 01:53:35.774, 171.96 W, 94 %
2026/03/21 01:53:35.875, 172.46 W, 94 %
2026/03/21 01:53:35.975, 172.72 W, 94 %
2026/03/21 01:53:36.075, 173.12 W, 94 %
2026/03/21 01:53:36.175, 172.76 W, 94 %
2026/03/21 01:53:36.275, 172.69 W, 94 %
2026/03/21 01:53:36.375, 172.54 W, 94 %
2026/03/21 01:53:36.475, 172.05 W, 89 %
2026/03/21 01:53:36.576, 171.92 W, 89 %
2026/03/21 01:53:36.676, 171.87 W, 94 %
2026/03/21 01:53:36.776, 171.79 W, 94 %
2026/03/21 01:53:36.876, 171.72 W, 94 %
2026/03/21 01:53:36.976, 171.32 W, 94 %
2026/03/21 01:53:37.076, 170.99 W, 94 %
2026/03/21 01:53:37.176, 170.65 W, 94 %
2026/03/21 01:53:37.277, 170.88 W, 94 %
2026/03/21 01:53:37.377, 170.96 W, 94 %
2026/03/21 01:53:37.477, 171.36 W, 94 %
2026/03/21 01:53:37.577, 171.34 W, 94 %
2026/03/21 01:53:37.677, 171.26 W, 94 %
2026/03/21 01:53:37.777, 171.46 W, 94 %
2026/03/21 01:53:37.877, 171.29 W, 94 %
2026/03/21 01:53:37.978, 171.11 W, 94 %
2026/03/21 01:53:38.078, 170.79 W, 92 %
2026/03/21 01:53:38.178, 170.87 W, 92 %
2026/03/21 01:53:38.278, 170.51 W, 94 %
2026/03/21 01:53:38.378, 170.17 W, 94 %
2026/03/21 01:53:38.478, 170.09 W, 93 %
2026/03/21 01:53:38.578, 169.91 W, 93 %
2026/03/21 01:53:38.679, 169.93 W, 94 %
2026/03/21 01:53:38.779, 170.24 W, 94 %
2026/03/21 01:53:38.879, 170.63 W, 94 %
2026/03/21 01:53:38.979, 170.60 W, 94 %
2026/03/21 01:53:39.079, 170.83 W, 93 %
2026/03/21 01:53:39.179, 170.87 W, 93 %
2026/03/21 01:53:39.279, 171.27 W, 94 %
2026/03/21 01:53:39.380, 171.28 W, 94 %
2026/03/21 01:53:39.480, 171.09 W, 94 %
2026/03/21 01:53:39.580, 171.00 W, 94 %
2026/03/21 01:53:39.680, 170.39 W, 94 %
2026/03/21 01:53:39.780, 170.17 W, 94 %
2026/03/21 01:53:39.880, 169.61 W, 94 %
2026/03/21 01:53:39.980, 169.62 W, 94 %
2026/03/21 01:53:40.081, 170.04 W, 94 %
2026/03/21 01:53:40.181, 170.17 W, 94 %
2026/03/21 01:53:40.281, 169.72 W, 94 %
2026/03/21 01:53:40.381, 169.44 W, 94 %
2026/03/21 01:53:40.481, 169.82 W, 93 %
2026/03/21 01:53:40.581, 169.71 W, 93 %
2026/03/21 01:53:40.681, 169.85 W, 94 %
2026/03/21 01:53:40.782, 170.62 W, 94 %
2026/03/21 01:53:40.882, 171.01 W, 94 %
2026/03/21 01:53:40.982, 171.18 W, 94 %
2026/03/21 01:53:41.082, 171.24 W, 93 %
2026/03/21 01:53:41.182, 171.02 W, 93 %
2026/03/21 01:53:41.282, 171.34 W, 94 %
2026/03/21 01:53:41.382, 170.94 W, 94 %
2026/03/21 01:53:41.483, 170.82 W, 91 %
2026/03/21 01:53:41.583, 171.23 W, 91 %
2026/03/21 01:53:41.683, 170.85 W, 94 %
2026/03/21 01:53:41.783, 170.43 W, 94 %
2026/03/21 01:53:41.883, 170.03 W, 94 %
2026/03/21 01:53:41.983, 170.19 W, 94 %
2026/03/21 01:53:42.083, 170.07 W, 94 %
2026/03/21 01:53:42.184, 170.14 W, 94 %
2026/03/21 01:53:42.284, 169.88 W, 94 %
2026/03/21 01:53:42.384, 170.39 W, 94 %
2026/03/21 01:53:42.484, 170.70 W, 93 %
2026/03/21 01:53:42.584, 170.44 W, 93 %
2026/03/21 01:53:42.684, 170.57 W, 94 %
2026/03/21 01:53:42.784, 171.21 W, 94 %
2026/03/21 01:53:42.885, 171.42 W, 94 %
2026/03/21 01:53:42.985, 171.35 W, 94 %
2026/03/21 01:53:43.085, 170.66 W, 89 %
2026/03/21 01:53:43.185, 170.58 W, 89 %
2026/03/21 01:53:43.285, 170.71 W, 94 %
2026/03/21 01:53:43.385, 171.25 W, 94 %
2026/03/21 01:53:43.485, 171.07 W, 94 %
2026/03/21 01:53:43.586, 171.17 W, 94 %
2026/03/21 01:53:43.686, 170.89 W, 94 %
2026/03/21 01:53:43.786, 170.72 W, 94 %
2026/03/21 01:53:43.886, 170.61 W, 94 %
2026/03/21 01:53:43.986, 170.56 W, 94 %
2026/03/21 01:53:44.086, 170.96 W, 94 %
2026/03/21 01:53:44.186, 170.96 W, 94 %
2026/03/21 01:53:44.287, 171.20 W, 94 %
2026/03/21 01:53:44.387, 170.73 W, 94 %
2026/03/21 01:53:44.487, 170.71 W, 93 %
2026/03/21 01:53:44.587, 170.68 W, 93 %
2026/03/21 01:53:44.687, 170.23 W, 94 %
2026/03/21 01:53:44.787, 170.40 W, 94 %
2026/03/21 01:53:44.887, 170.82 W, 94 %
2026/03/21 01:53:44.988, 170.85 W, 94 %
2026/03/21 01:53:45.088, 171.29 W, 93 %
2026/03/21 01:53:45.188, 171.23 W, 93 %
2026/03/21 01:53:45.288, 170.94 W, 94 %
2026/03/21 01:53:45.388, 170.91 W, 94 %
2026/03/21 01:53:45.488, 170.88 W, 94 %
2026/03/21 01:53:45.588, 171.23 W, 94 %
2026/03/21 01:53:45.689, 171.64 W, 94 %
2026/03/21 01:53:45.789, 171.19 W, 94 %
2026/03/21 01:53:45.889, 170.78 W, 94 %
2026/03/21 01:53:45.989, 170.79 W, 94 %
2026/03/21 01:53:46.089, 170.40 W, 94 %
2026/03/21 01:53:46.189, 170.47 W, 94 %
2026/03/21 01:53:46.289, 170.08 W, 94 %
2026/03/21 01:53:46.390, 169.75 W, 94 %
2026/03/21 01:53:46.490, 170.06 W, 87 %
2026/03/21 01:53:46.590, 169.78 W, 87 %
2026/03/21 01:53:46.690, 169.76 W, 94 %
2026/03/21 01:53:46.790, 170.00 W, 94 %
2026/03/21 01:53:46.890, 170.27 W, 94 %
2026/03/21 01:53:46.990, 170.18 W, 94 %
2026/03/21 01:53:47.091, 170.02 W, 93 %
2026/03/21 01:53:47.191, 169.97 W, 93 %
2026/03/21 01:53:47.291, 170.23 W, 94 %
2026/03/21 01:53:47.391, 170.96 W, 94 %
2026/03/21 01:53:47.491, 170.63 W, 94 %
2026/03/21 01:53:47.591, 170.68 W, 94 %
2026/03/21 01:53:47.691, 170.81 W, 94 %
2026/03/21 01:53:47.792, 170.73 W, 94 %
2026/03/21 01:53:47.892, 170.41 W, 94 %
2026/03/21 01:53:47.992, 170.12 W, 94 %
2026/03/21 01:53:48.092, 170.52 W, 90 %
2026/03/21 01:53:48.192, 170.72 W, 90 %
2026/03/21 01:53:48.292, 170.79 W, 94 %
2026/03/21 01:53:48.392, 170.26 W, 94 %
2026/03/21 01:53:48.493, 170.22 W, 93 %
2026/03/21 01:53:48.593, 170.19 W, 93 %
2026/03/21 01:53:48.693, 170.44 W, 94 %
2026/03/21 01:53:48.793, 170.43 W, 94 %
2026/03/21 01:53:48.893, 170.43 W, 94 %
2026/03/21 01:53:48.993, 170.83 W, 94 %
2026/03/21 01:53:49.093, 170.63 W, 93 %
2026/03/21 01:53:49.194, 170.40 W, 93 %
2026/03/21 01:53:49.294, 170.32 W, 94 %
2026/03/21 01:53:49.394, 171.03 W, 94 %
2026/03/21 01:53:49.494, 171.18 W, 94 %
2026/03/21 01:53:49.594, 171.31 W, 94 %
2026/03/21 01:53:49.694, 170.92 W, 94 %
2026/03/21 01:53:49.794, 171.00 W, 94 %
2026/03/21 01:53:49.895, 170.86 W, 94 %
2026/03/21 01:53:49.995, 171.44 W, 94 %
2026/03/21 01:53:50.095, 171.72 W, 94 %
2026/03/21 01:53:50.195, 171.62 W, 94 %
2026/03/21 01:53:50.295, 171.71 W, 94 %
2026/03/21 01:53:50.395, 171.35 W, 94 %
2026/03/21 01:53:50.496, 171.46 W, 94 %
2026/03/21 01:53:50.596, 171.52 W, 94 %
2026/03/21 01:53:50.696, 171.54 W, 94 %
2026/03/21 01:53:50.796, 171.14 W, 94 %
2026/03/21 01:53:50.896, 171.26 W, 94 %
2026/03/21 01:53:50.996, 170.86 W, 94 %
2026/03/21 01:53:51.096, 172.38 W, 93 %
2026/03/21 01:53:51.197, 171.08 W, 94 %
2026/03/21 01:53:51.297, 171.14 W, 94 %
2026/03/21 01:53:51.397, 170.91 W, 94 %
2026/03/21 01:53:51.497, 170.59 W, 94 %
2026/03/21 01:53:51.597, 170.25 W, 94 %
2026/03/21 01:53:51.697, 170.55 W, 94 %
2026/03/21 01:53:51.797, 170.36 W, 94 %
2026/03/21 01:53:51.897, 170.19 W, 94 %
2026/03/21 01:53:51.998, 169.84 W, 94 %
2026/03/21 01:53:52.098, 169.73 W, 94 %
2026/03/21 01:53:52.198, 169.25 W, 94 %
2026/03/21 01:53:52.298, 169.25 W, 94 %
2026/03/21 01:53:52.398, 169.96 W, 94 %
2026/03/21 01:53:52.498, 170.52 W, 94 %
2026/03/21 01:53:52.598, 170.93 W, 94 %
2026/03/21 01:53:52.699, 171.03 W, 94 %
2026/03/21 01:53:52.799, 171.17 W, 94 %
2026/03/21 01:53:52.899, 170.72 W, 94 %
2026/03/21 01:53:52.999, 171.22 W, 89 %
2026/03/21 01:53:53.099, 171.07 W, 89 %
2026/03/21 01:53:53.199, 171.38 W, 94 %
2026/03/21 01:53:53.299, 171.41 W, 94 %
2026/03/21 01:53:53.400, 171.03 W, 94 %
2026/03/21 01:53:53.500, 170.66 W, 94 %
2026/03/21 01:53:53.600, 170.60 W, 94 %
2026/03/21 01:53:53.700, 170.66 W, 94 %
2026/03/21 01:53:53.800, 170.60 W, 94 %
2026/03/21 01:53:53.900, 171.14 W, 94 %
2026/03/21 01:53:54.000, 170.99 W, 94 %
2026/03/21 01:53:54.101, 171.08 W, 94 %
2026/03/21 01:53:54.201, 170.88 W, 94 %
2026/03/21 01:53:54.301, 170.91 W, 94 %
2026/03/21 01:53:54.401, 171.13 W, 94 %
2026/03/21 01:53:54.501, 171.32 W, 94 %
2026/03/21 01:53:54.601, 170.84 W, 94 %
2026/03/21 01:53:54.701, 170.69 W, 94 %
2026/03/21 01:53:54.802, 170.53 W, 94 %
2026/03/21 01:53:54.902, 170.42 W, 94 %
2026/03/21 01:53:55.002, 170.57 W, 93 %
2026/03/21 01:53:55.102, 170.75 W, 93 %
2026/03/21 01:53:55.202, 170.75 W, 94 %
2026/03/21 01:53:55.302, 170.78 W, 94 %
2026/03/21 01:53:55.402, 170.77 W, 94 %
2026/03/21 01:53:55.503, 170.85 W, 94 %
2026/03/21 01:53:55.603, 171.15 W, 93 %
2026/03/21 01:53:55.703, 170.93 W, 93 %
2026/03/21 01:53:55.803, 170.93 W, 94 %
2026/03/21 01:53:55.903, 171.11 W, 94 %
2026/03/21 01:53:56.003, 170.86 W, 94 %
2026/03/21 01:53:56.103, 170.44 W, 94 %
2026/03/21 01:53:56.204, 169.51 W, 94 %
2026/03/21 01:53:56.304, 169.93 W, 94 %
2026/03/21 01:53:56.404, 169.96 W, 94 %
2026/03/21 01:53:56.504, 169.80 W, 94 %
2026/03/21 01:53:56.604, 169.98 W, 94 %
2026/03/21 01:53:56.704, 170.32 W, 94 %
2026/03/21 01:53:56.804, 170.42 W, 94 %
2026/03/21 01:53:56.905, 170.45 W, 94 %
2026/03/21 01:53:57.005, 170.55 W, 93 %
2026/03/21 01:53:57.105, 170.79 W, 93 %
2026/03/21 01:53:57.205, 171.65 W, 94 %
2026/03/21 01:53:57.305, 171.57 W, 94 %
2026/03/21 01:53:57.405, 171.04 W, 94 %
2026/03/21 01:53:57.505, 170.82 W, 94 %
2026/03/21 01:53:57.606, 170.74 W, 93 %
2026/03/21 01:53:57.706, 170.63 W, 93 %
2026/03/21 01:53:57.806, 170.52 W, 94 %
2026/03/21 01:53:57.906, 170.04 W, 94 %
2026/03/21 01:53:58.006, 169.95 W, 90 %
2026/03/21 01:53:58.106, 169.85 W, 90 %
2026/03/21 01:53:58.207, 169.92 W, 94 %
2026/03/21 01:53:58.307, 169.72 W, 94 %
2026/03/21 01:53:58.407, 170.08 W, 94 %
2026/03/21 01:53:58.507, 170.34 W, 94 %
2026/03/21 01:53:58.607, 170.84 W, 94 %
2026/03/21 01:53:58.707, 170.60 W, 94 %
2026/03/21 01:53:58.807, 170.85 W, 94 %
2026/03/21 01:53:58.908, 171.32 W, 94 %
2026/03/21 01:53:59.008, 171.19 W, 93 %
2026/03/21 01:53:59.108, 171.25 W, 93 %
2026/03/21 01:53:59.208, 171.12 W, 94 %
2026/03/21 01:53:59.308, 171.59 W, 94 %
2026/03/21 01:53:59.408, 171.66 W, 94 %
2026/03/21 01:53:59.508, 170.95 W, 94 %
2026/03/21 01:53:59.609, 170.73 W, 89 %
2026/03/21 01:53:59.709, 170.99 W, 89 %
2026/03/21 01:53:59.809, 171.10 W, 94 %
2026/03/21 01:53:59.909, 170.71 W, 94 %
2026/03/21 01:54:00.009, 171.05 W, 94 %
2026/03/21 01:54:00.109, 171.05 W, 94 %
2026/03/21 01:54:00.209, 170.61 W, 94 %
2026/03/21 01:54:00.310, 170.12 W, 94 %
2026/03/21 01:54:00.410, 169.84 W, 94 %
2026/03/21 01:54:00.510, 170.23 W, 94 %
2026/03/21 01:54:00.610, 170.39 W, 94 %
2026/03/21 01:54:00.710, 170.40 W, 94 %
2026/03/21 01:54:00.810, 169.94 W, 94 %
2026/03/21 01:54:00.910, 170.32 W, 94 %
2026/03/21 01:54:01.011, 170.27 W, 93 %
2026/03/21 01:54:01.111, 170.20 W, 93 %
2026/03/21 01:54:01.211, 169.94 W, 94 %
2026/03/21 01:54:01.311, 170.07 W, 94 %
2026/03/21 01:54:01.411, 170.07 W, 94 %
2026/03/21 01:54:01.511, 170.04 W, 94 %
2026/03/21 01:54:01.611, 169.62 W, 93 %
2026/03/21 01:54:01.712, 169.82 W, 93 %
2026/03/21 01:54:01.812, 169.87 W, 94 %
2026/03/21 01:54:01.912, 169.85 W, 94 %
2026/03/21 01:54:02.012, 169.26 W, 94 %
2026/03/21 01:54:02.112, 169.44 W, 94 %
2026/03/21 01:54:02.212, 170.08 W, 94 %
2026/03/21 01:54:02.312, 170.32 W, 94 %
2026/03/21 01:54:02.413, 170.03 W, 94 %
2026/03/21 01:54:02.513, 170.24 W, 94 %
2026/03/21 01:54:02.613, 170.39 W, 94 %
2026/03/21 01:54:02.713, 170.55 W, 94 %
2026/03/21 01:54:02.813, 170.48 W, 94 %
2026/03/21 01:54:02.913, 169.99 W, 94 %
2026/03/21 01:54:03.013, 170.29 W, 89 %
2026/03/21 01:54:03.114, 170.20 W, 89 %
2026/03/21 01:54:03.214, 170.10 W, 94 %
2026/03/21 01:54:03.314, 170.08 W, 94 %
2026/03/21 01:54:03.414, 170.04 W, 94 %
2026/03/21 01:54:03.514, 169.99 W, 94 %
2026/03/21 01:54:03.614, 169.84 W, 93 %
2026/03/21 01:54:03.714, 169.68 W, 93 %
2026/03/21 01:54:03.815, 169.64 W, 94 %
2026/03/21 01:54:03.915, 169.95 W, 94 %
2026/03/21 01:54:04.015, 169.95 W, 94 %
2026/03/21 01:54:04.115, 170.04 W, 94 %
2026/03/21 01:54:04.215, 169.78 W, 94 %
2026/03/21 01:54:04.315, 169.93 W, 94 %
2026/03/21 01:54:04.415, 170.00 W, 94 %
2026/03/21 01:54:04.516, 169.65 W, 94 %
2026/03/21 01:54:04.616, 169.83 W, 90 %
2026/03/21 01:54:04.716, 170.04 W, 90 %
2026/03/21 01:54:04.816, 170.11 W, 94 %
2026/03/21 01:54:04.916, 170.25 W, 94 %
2026/03/21 01:54:05.016, 170.25 W, 93 %
2026/03/21 01:54:05.116, 170.24 W, 93 %
2026/03/21 01:54:05.217, 170.48 W, 94 %
2026/03/21 01:54:05.317, 170.35 W, 94 %
2026/03/21 01:54:05.417, 170.16 W, 94 %
2026/03/21 01:54:05.517, 170.62 W, 94 %
2026/03/21 01:54:05.617, 170.50 W, 93 %
2026/03/21 01:54:05.717, 169.97 W, 93 %
2026/03/21 01:54:05.817, 170.10 W, 94 %
2026/03/21 01:54:05.918, 169.99 W, 94 %
2026/03/21 01:54:06.018, 170.08 W, 94 %
2026/03/21 01:54:06.118, 170.02 W, 94 %
2026/03/21 01:54:06.218, 167.59 W, 94 %
2026/03/21 01:54:06.318, 167.84 W, 94 %
2026/03/21 01:54:06.418, 168.25 W, 94 %
2026/03/21 01:54:06.518, 168.26 W, 94 %
2026/03/21 01:54:06.619, 168.59 W, 94 %
2026/03/21 01:54:06.719, 168.81 W, 94 %
2026/03/21 01:54:06.819, 168.67 W, 94 %
2026/03/21 01:54:06.919, 168.45 W, 94 %
2026/03/21 01:54:07.019, 168.40 W, 93 %
2026/03/21 01:54:07.119, 168.37 W, 93 %
2026/03/21 01:54:07.219, 170.14 W, 94 %
2026/03/21 01:54:07.320, 170.93 W, 94 %
2026/03/21 01:54:07.420, 170.71 W, 94 %
2026/03/21 01:54:07.520, 171.10 W, 94 %
2026/03/21 01:54:07.620, 171.12 W, 93 %
2026/03/21 01:54:07.720, 171.38 W, 93 %
2026/03/21 01:54:07.820, 171.42 W, 94 %
2026/03/21 01:54:07.921, 171.40 W, 94 %
2026/03/21 01:54:08.021, 171.58 W, 90 %
2026/03/21 01:54:08.121, 171.61 W, 90 %
2026/03/21 01:54:08.221, 171.66 W, 94 %
2026/03/21 01:54:08.321, 171.48 W, 94 %
2026/03/21 01:54:08.421, 171.45 W, 94 %
2026/03/21 01:54:08.521, 171.17 W, 94 %
2026/03/21 01:54:08.622, 171.06 W, 94 %
2026/03/21 01:54:08.722, 170.96 W, 94 %
2026/03/21 01:54:08.822, 170.90 W, 94 %
2026/03/21 01:54:08.922, 170.99 W, 94 %
2026/03/21 01:54:09.022, 171.07 W, 93 %
2026/03/21 01:54:09.122, 170.88 W, 93 %
2026/03/21 01:54:09.222, 170.73 W, 94 %
2026/03/21 01:54:09.323, 170.79 W, 94 %
2026/03/21 01:54:09.423, 170.48 W, 94 %
2026/03/21 01:54:09.523, 170.06 W, 94 %
2026/03/21 01:54:09.623, 169.67 W, 89 %
2026/03/21 01:54:09.723, 169.64 W, 89 %
2026/03/21 01:54:09.823, 169.87 W, 94 %
2026/03/21 01:54:09.923, 170.31 W, 94 %
2026/03/21 01:54:10.024, 170.19 W, 94 %
2026/03/21 01:54:10.124, 169.97 W, 94 %
2026/03/21 01:54:10.224, 169.79 W, 94 %
2026/03/21 01:54:10.324, 169.89 W, 94 %
2026/03/21 01:54:10.424, 170.10 W, 94 %
2026/03/21 01:54:10.524, 170.49 W, 94 %
2026/03/21 01:54:10.624, 171.16 W, 94 %
2026/03/21 01:54:10.725, 171.15 W, 94 %
2026/03/21 01:54:10.825, 170.84 W, 94 %
2026/03/21 01:54:10.925, 170.39 W, 94 %
2026/03/21 01:54:11.025, 170.34 W, 93 %
2026/03/21 01:54:11.125, 170.47 W, 93 %
2026/03/21 01:54:11.225, 170.55 W, 94 %
2026/03/21 01:54:11.325, 170.58 W, 94 %
2026/03/21 01:54:11.426, 170.97 W, 94 %
2026/03/21 01:54:11.526, 170.82 W, 94 %
2026/03/21 01:54:11.626, 170.42 W, 93 %
2026/03/21 01:54:11.726, 170.50 W, 93 %
2026/03/21 01:54:11.826, 170.76 W, 94 %
2026/03/21 01:54:11.926, 171.40 W, 94 %
2026/03/21 01:54:12.026, 171.44 W, 94 %
2026/03/21 01:54:12.127, 171.55 W, 94 %
2026/03/21 01:54:12.227, 171.82 W, 94 %
2026/03/21 01:54:12.327, 171.90 W, 94 %
2026/03/21 01:54:12.427, 171.63 W, 94 %
2026/03/21 01:54:12.527, 171.52 W, 94 %
2026/03/21 01:54:12.627, 171.43 W, 94 %
2026/03/21 01:54:12.727, 171.55 W, 94 %
2026/03/21 01:54:12.828, 171.30 W, 94 %
2026/03/21 01:54:12.928, 170.51 W, 94 %
2026/03/21 01:54:13.028, 170.48 W, 89 %
2026/03/21 01:54:13.128, 170.26 W, 89 %
2026/03/21 01:54:13.228, 170.09 W, 94 %
2026/03/21 01:54:13.328, 169.91 W, 94 %
2026/03/21 01:54:13.428, 169.98 W, 94 %
2026/03/21 01:54:13.529, 170.22 W, 94 %
2026/03/21 01:54:13.629, 170.39 W, 93 %
2026/03/21 01:54:13.729, 169.67 W, 93 %
2026/03/21 01:54:13.829, 169.74 W, 94 %
2026/03/21 01:54:13.929, 170.35 W, 94 %
2026/03/21 01:54:14.029, 170.54 W, 94 %
2026/03/21 01:54:14.129, 170.30 W, 94 %
2026/03/21 01:54:14.230, 170.10 W, 94 %
2026/03/21 01:54:14.330, 170.09 W, 94 %
2026/03/21 01:54:14.430, 170.07 W, 94 %
2026/03/21 01:54:14.530, 169.20 W, 94 %
2026/03/21 01:54:14.630, 169.40 W, 90 %
2026/03/21 01:54:14.730, 170.10 W, 90 %
2026/03/21 01:54:14.830, 170.23 W, 94 %
2026/03/21 01:54:14.931, 169.75 W, 94 %
2026/03/21 01:54:15.031, 169.87 W, 92 %
2026/03/21 01:54:15.131, 170.03 W, 92 %
2026/03/21 01:54:15.231, 170.50 W, 94 %
2026/03/21 01:54:15.331, 170.48 W, 94 %
2026/03/21 01:54:15.431, 170.66 W, 94 %
2026/03/21 01:54:15.531, 170.77 W, 94 %
2026/03/21 01:54:15.632, 170.76 W, 93 %
2026/03/21 01:54:15.732, 170.61 W, 93 %
2026/03/21 01:54:15.832, 170.49 W, 94 %
2026/03/21 01:54:15.932, 171.08 W, 94 %
2026/03/21 01:54:16.032, 171.06 W, 94 %
2026/03/21 01:54:16.132, 171.40 W, 94 %
2026/03/21 01:54:16.232, 170.90 W, 94 %
2026/03/21 01:54:16.333, 170.89 W, 94 %
2026/03/21 01:54:16.433, 170.70 W, 94 %
2026/03/21 01:54:16.533, 170.70 W, 94 %
2026/03/21 01:54:16.633, 171.23 W, 94 %
2026/03/21 01:54:16.733, 171.56 W, 94 %
2026/03/21 01:54:16.833, 171.56 W, 94 %
2026/03/21 01:54:16.933, 171.63 W, 94 %
2026/03/21 01:54:17.034, 171.38 W, 93 %
2026/03/21 01:54:17.134, 170.94 W, 93 %
2026/03/21 01:54:17.234, 171.63 W, 94 %
2026/03/21 01:54:17.334, 171.63 W, 94 %
2026/03/21 01:54:17.434, 171.49 W, 94 %
2026/03/21 01:54:17.534, 171.90 W, 94 %
2026/03/21 01:54:17.634, 171.38 W, 93 %
2026/03/21 01:54:17.735, 171.13 W, 93 %
2026/03/21 01:54:17.835, 171.18 W, 94 %
2026/03/21 01:54:17.935, 170.27 W, 94 %
2026/03/21 01:54:18.035, 170.05 W, 90 %
2026/03/21 01:54:18.135, 170.17 W, 90 %
2026/03/21 01:54:18.235, 169.65 W, 94 %
2026/03/21 01:54:18.335, 169.46 W, 94 %
2026/03/21 01:54:18.436, 170.10 W, 94 %
2026/03/21 01:54:18.536, 169.78 W, 94 %
2026/03/21 01:54:18.636, 169.91 W, 94 %
2026/03/21 01:54:18.736, 169.92 W, 94 %
2026/03/21 01:54:18.836, 170.10 W, 94 %
2026/03/21 01:54:18.936, 170.55 W, 94 %
2026/03/21 01:54:19.036, 170.66 W, 93 %
2026/03/21 01:54:19.137, 170.75 W, 93 %
2026/03/21 01:54:19.237, 170.79 W, 94 %
2026/03/21 01:54:19.337, 171.05 W, 94 %
2026/03/21 01:54:19.437, 170.75 W, 94 %
2026/03/21 01:54:19.537, 170.49 W, 94 %
2026/03/21 01:54:19.637, 170.68 W, 94 %
2026/03/21 01:54:19.737, 170.63 W, 94 %
2026/03/21 01:54:19.838, 170.46 W, 94 %
2026/03/21 01:54:19.938, 170.37 W, 94 %
2026/03/21 01:54:20.038, 170.37 W, 94 %
2026/03/21 01:54:20.138, 170.00 W, 94 %
2026/03/21 01:54:20.238, 170.22 W, 93 %
2026/03/21 01:54:20.338, 170.03 W, 93 %
2026/03/21 01:54:20.438, 170.15 W, 94 %
2026/03/21 01:54:20.539, 170.02 W, 94 %
2026/03/21 01:54:20.639, 170.38 W, 94 %
2026/03/21 01:54:20.739, 170.15 W, 94 %
2026/03/21 01:54:20.839, 170.20 W, 94 %
2026/03/21 01:54:20.939, 170.18 W, 94 %
2026/03/21 01:54:21.039, 170.27 W, 94 %
2026/03/21 01:54:21.139, 170.88 W, 94 %
2026/03/21 01:54:21.240, 170.62 W, 90 %
2026/03/21 01:54:21.340, 170.74 W, 90 %
2026/03/21 01:54:21.440, 170.63 W, 94 %
2026/03/21 01:54:21.540, 170.65 W, 94 %
2026/03/21 01:54:21.640, 170.61 W, 94 %
2026/03/21 01:54:21.740, 170.79 W, 94 %
2026/03/21 01:54:21.840, 170.65 W, 94 %
2026/03/21 01:54:21.941, 170.87 W, 94 %
2026/03/21 01:54:22.041, 170.79 W, 94 %
2026/03/21 01:54:22.141, 170.31 W, 94 %
2026/03/21 01:54:22.241, 170.01 W, 93 %
2026/03/21 01:54:22.341, 170.10 W, 93 %
2026/03/21 01:54:22.441, 170.15 W, 94 %
2026/03/21 01:54:22.541, 170.36 W, 94 %
2026/03/21 01:54:22.642, 170.75 W, 94 %
2026/03/21 01:54:22.742, 170.80 W, 94 %
2026/03/21 01:54:22.842, 170.80 W, 94 %
2026/03/21 01:54:22.942, 170.15 W, 94 %
2026/03/21 01:54:23.042, 170.25 W, 94 %
2026/03/21 01:54:23.142, 170.54 W, 94 %
2026/03/21 01:54:23.242, 171.09 W, 94 %
2026/03/21 01:54:23.343, 170.92 W, 94 %
2026/03/21 01:54:23.443, 170.57 W, 94 %
2026/03/21 01:54:23.543, 170.21 W, 94 %
2026/03/21 01:54:23.643, 169.84 W, 94 %
2026/03/21 01:54:23.743, 169.99 W, 94 %
2026/03/21 01:54:23.843, 170.12 W, 94 %
2026/03/21 01:54:23.943, 170.77 W, 94 %
2026/03/21 01:54:24.044, 170.82 W, 94 %
2026/03/21 01:54:24.144, 170.91 W, 94 %
2026/03/21 01:54:24.244, 170.61 W, 93 %
2026/03/21 01:54:24.344, 170.76 W, 93 %
2026/03/21 01:54:24.444, 170.90 W, 94 %
2026/03/21 01:54:24.544, 171.12 W, 94 %
2026/03/21 01:54:24.644, 170.99 W, 94 %
2026/03/21 01:54:24.745, 170.53 W, 94 %
2026/03/21 01:54:24.845, 170.87 W, 94 %
2026/03/21 01:54:24.945, 170.52 W, 94 %
2026/03/21 01:54:25.045, 170.64 W, 94 %
2026/03/21 01:54:25.145, 170.40 W, 94 %
2026/03/21 01:54:25.245, 170.54 W, 94 %
2026/03/21 01:54:25.345, 170.53 W, 94 %
2026/03/21 01:54:25.446, 170.57 W, 94 %
2026/03/21 01:54:25.546, 170.72 W, 94 %
2026/03/21 01:54:25.646, 170.83 W, 94 %
2026/03/21 01:54:25.746, 170.77 W, 94 %
2026/03/21 01:54:25.846, 170.48 W, 94 %
2026/03/21 01:54:25.946, 171.03 W, 94 %
2026/03/21 01:54:26.046, 171.03 W, 94 %
2026/03/21 01:54:26.147, 171.02 W, 94 %
2026/03/21 01:54:26.247, 170.27 W, 89 %
2026/03/21 01:54:26.347, 170.26 W, 89 %
2026/03/21 01:54:26.447, 170.21 W, 94 %
2026/03/21 01:54:26.547, 169.93 W, 94 %
2026/03/21 01:54:26.647, 170.13 W, 94 %
2026/03/21 01:54:26.747, 170.49 W, 94 %
2026/03/21 01:54:26.848, 170.76 W, 94 %
2026/03/21 01:54:26.948, 170.59 W, 94 %
2026/03/21 01:54:27.048, 170.60 W, 94 %
2026/03/21 01:54:27.148, 170.61 W, 94 %
2026/03/21 01:54:27.248, 171.08 W, 94 %
2026/03/21 01:54:27.348, 171.32 W, 94 %
2026/03/21 01:54:27.448, 171.21 W, 94 %
2026/03/21 01:54:27.549, 171.19 W, 94 %
2026/03/21 01:54:27.649, 171.10 W, 93 %
2026/03/21 01:54:27.749, 170.62 W, 93 %
2026/03/21 01:54:27.849, 170.28 W, 94 %
2026/03/21 01:54:27.949, 169.84 W, 94 %
2026/03/21 01:54:28.049, 169.26 W, 94 %
2026/03/21 01:54:28.149, 169.32 W, 94 %
2026/03/21 01:54:28.250, 169.48 W, 93 %
2026/03/21 01:54:28.350, 169.52 W, 93 %
2026/03/21 01:54:28.450, 169.30 W, 94 %
2026/03/21 01:54:28.550, 169.67 W, 94 %
2026/03/21 01:54:28.650, 169.79 W, 94 %
2026/03/21 01:54:28.750, 170.11 W, 94 %
2026/03/21 01:54:28.850, 170.35 W, 94 %
2026/03/21 01:54:28.951, 170.53 W, 94 %
2026/03/21 01:54:29.051, 170.73 W, 94 %
2026/03/21 01:54:29.151, 170.75 W, 94 %
2026/03/21 01:54:29.251, 170.83 W, 94 %
2026/03/21 01:54:29.351, 170.74 W, 94 %
2026/03/21 01:54:29.451, 170.92 W, 94 %
2026/03/21 01:54:29.551, 169.66 W, 94 %
2026/03/21 01:54:29.652, 169.34 W, 89 %
2026/03/21 01:54:29.752, 169.34 W, 89 %
2026/03/21 01:54:29.852, 169.13 W, 94 %
2026/03/21 01:54:29.952, 169.32 W, 94 %
2026/03/21 01:54:30.052, 169.50 W, 94 %
2026/03/21 01:54:30.152, 169.44 W, 94 %
2026/03/21 01:54:30.252, 169.62 W, 93 %
2026/03/21 01:54:30.353, 169.57 W, 93 %
2026/03/21 01:54:30.453, 169.52 W, 94 %
2026/03/21 01:54:30.553, 170.72 W, 94 %
2026/03/21 01:54:30.653, 170.96 W, 94 %
2026/03/21 01:54:30.753, 171.13 W, 94 %
2026/03/21 01:54:30.853, 171.27 W, 94 %
2026/03/21 01:54:30.953, 171.30 W, 94 %
2026/03/21 01:54:31.054, 171.43 W, 94 %
2026/03/21 01:54:31.154, 171.33 W, 94 %
2026/03/21 01:54:31.254, 171.09 W, 90 %
2026/03/21 01:54:31.354, 171.35 W, 90 %
2026/03/21 01:54:31.454, 171.45 W, 94 %
2026/03/21 01:54:31.554, 171.23 W, 94 %
2026/03/21 01:54:31.654, 171.03 W, 93 %
2026/03/21 01:54:31.755, 170.91 W, 93 %
2026/03/21 01:54:31.855, 170.91 W, 94 %
2026/03/21 01:54:31.955, 170.77 W, 94 %
2026/03/21 01:54:32.055, 170.80 W, 94 %
2026/03/21 01:54:32.155, 170.55 W, 94 %
2026/03/21 01:54:32.255, 170.60 W, 93 %
2026/03/21 01:54:32.355, 170.43 W, 93 %
2026/03/21 01:54:32.456, 170.26 W, 94 %
2026/03/21 01:54:32.556, 170.06 W, 94 %
2026/03/21 01:54:32.656, 170.37 W, 94 %
2026/03/21 01:54:32.756, 170.30 W, 94 %
2026/03/21 01:54:32.856, 170.23 W, 94 %
2026/03/21 01:54:32.956, 169.43 W, 94 %
2026/03/21 01:54:33.056, 169.27 W, 94 %
2026/03/21 01:54:33.157, 169.82 W, 94 %
2026/03/21 01:54:33.257, 170.34 W, 94 %
2026/03/21 01:54:33.357, 170.51 W, 94 %
2026/03/21 01:54:33.457, 170.84 W, 94 %
2026/03/21 01:54:33.557, 170.89 W, 94 %
2026/03/21 01:54:33.657, 171.12 W, 93 %
2026/03/21 01:54:33.757, 170.93 W, 93 %
2026/03/21 01:54:33.858, 171.18 W, 94 %
2026/03/21 01:54:33.958, 172.08 W, 94 %
2026/03/21 01:54:34.058, 172.36 W, 94 %
2026/03/21 01:54:34.158, 172.18 W, 94 %
2026/03/21 01:54:34.258, 171.51 W, 93 %
2026/03/21 01:54:34.358, 171.26 W, 93 %
2026/03/21 01:54:34.458, 171.07 W, 94 %
2026/03/21 01:54:34.559, 171.06 W, 94 %
2026/03/21 01:54:34.659, 170.89 W, 90 %
2026/03/21 01:54:34.759, 171.09 W, 90 %
2026/03/21 01:54:34.859, 171.17 W, 94 %
2026/03/21 01:54:34.959, 170.91 W, 94 %
2026/03/21 01:54:35.059, 170.70 W, 94 %
2026/03/21 01:54:35.159, 170.56 W, 94 %
2026/03/21 01:54:35.260, 170.91 W, 94 %
2026/03/21 01:54:35.360, 171.26 W, 94 %
2026/03/21 01:54:35.460, 171.44 W, 94 %
2026/03/21 01:54:35.560, 171.33 W, 94 %
2026/03/21 01:54:35.660, 171.47 W, 93 %
2026/03/21 01:54:35.760, 171.59 W, 93 %
2026/03/21 01:54:35.860, 171.71 W, 94 %
2026/03/21 01:54:35.961, 171.79 W, 94 %
2026/03/21 01:54:36.061, 171.92 W, 94 %
2026/03/21 01:54:36.161, 172.25 W, 94 %
2026/03/21 01:54:36.261, 171.26 W, 89 %
2026/03/21 01:54:36.361, 171.15 W, 89 %
2026/03/21 01:54:36.461, 170.90 W, 94 %
2026/03/21 01:54:36.561, 171.00 W, 94 %
2026/03/21 01:54:36.662, 171.27 W, 94 %
2026/03/21 01:54:36.762, 171.13 W, 94 %
2026/03/21 01:54:36.862, 170.54 W, 94 %
2026/03/21 01:54:36.962, 170.43 W, 94 %
2026/03/21 01:54:37.062, 170.27 W, 94 %
2026/03/21 01:54:37.162, 169.91 W, 94 %
2026/03/21 01:54:37.262, 170.77 W, 94 %
2026/03/21 01:54:37.363, 170.87 W, 94 %
2026/03/21 01:54:37.463, 170.85 W, 94 %
2026/03/21 01:54:37.563, 170.62 W, 94 %
2026/03/21 01:54:37.663, 170.19 W, 93 %
2026/03/21 01:54:37.763, 170.25 W, 93 %
2026/03/21 01:54:37.863, 170.26 W, 94 %
2026/03/21 01:54:37.963, 170.25 W, 94 %
2026/03/21 01:54:38.064, 170.40 W, 94 %
2026/03/21 01:54:38.164, 170.48 W, 94 %
2026/03/21 01:54:38.264, 170.10 W, 93 %
2026/03/21 01:54:38.364, 169.92 W, 93 %
2026/03/21 01:54:38.464, 169.86 W, 94 %
2026/03/21 01:54:38.564, 169.91 W, 94 %
2026/03/21 01:54:38.664, 169.96 W, 94 %
2026/03/21 01:54:38.765, 169.67 W, 94 %
2026/03/21 01:54:38.865, 169.83 W, 94 %
2026/03/21 01:54:38.965, 169.63 W, 94 %
2026/03/21 01:54:39.065, 169.27 W, 94 %
2026/03/21 01:54:39.165, 169.19 W, 94 %
2026/03/21 01:54:39.265, 169.34 W, 94 %
2026/03/21 01:54:39.365, 169.43 W, 94 %
2026/03/21 01:54:39.466, 169.35 W, 94 %
2026/03/21 01:54:39.566, 169.63 W, 94 %
2026/03/21 01:54:39.666, 169.01 W, 89 %
2026/03/21 01:54:39.766, 169.36 W, 89 %
2026/03/21 01:54:39.866, 169.42 W, 94 %
2026/03/21 01:54:39.966, 169.74 W, 94 %
2026/03/21 01:54:40.066, 169.93 W, 94 %
2026/03/21 01:54:40.167, 169.87 W, 94 %
2026/03/21 01:54:40.267, 169.80 W, 93 %
2026/03/21 01:54:40.367, 169.93 W, 93 %
2026/03/21 01:54:40.467, 169.94 W, 94 %
2026/03/21 01:54:40.567, 170.09 W, 94 %
2026/03/21 01:54:40.667, 170.33 W, 94 %
2026/03/21 01:54:40.767, 170.21 W, 94 %
2026/03/21 01:54:40.868, 169.84 W, 94 %
2026/03/21 01:54:40.968, 169.97 W, 94 %
2026/03/21 01:54:41.068, 170.00 W, 94 %
2026/03/21 01:54:41.168, 170.34 W, 94 %
2026/03/21 01:54:41.268, 170.49 W, 91 %
2026/03/21 01:54:41.368, 170.28 W, 91 %
2026/03/21 01:54:41.468, 170.18 W, 94 %
2026/03/21 01:54:41.569, 170.12 W, 94 %
2026/03/21 01:54:41.669, 169.98 W, 93 %
2026/03/21 01:54:41.769, 169.91 W, 93 %
2026/03/21 01:54:41.869, 170.03 W, 94 %
2026/03/21 01:54:41.969, 170.12 W, 94 %
2026/03/21 01:54:42.069, 169.91 W, 94 %
2026/03/21 01:54:42.169, 169.71 W, 94 %
2026/03/21 01:54:42.270, 170.02 W, 93 %
2026/03/21 01:54:42.370, 170.23 W, 93 %
2026/03/21 01:54:42.470, 170.41 W, 94 %
2026/03/21 01:54:42.570, 170.54 W, 94 %
2026/03/21 01:54:42.670, 170.54 W, 94 %
2026/03/21 01:54:42.770, 170.88 W, 94 %
2026/03/21 01:54:42.870, 170.95 W, 94 %
2026/03/21 01:54:42.971, 170.18 W, 94 %
2026/03/21 01:54:43.071, 170.20 W, 94 %
2026/03/21 01:54:43.171, 170.23 W, 94 %
2026/03/21 01:54:43.271, 170.38 W, 94 %
2026/03/21 01:54:43.371, 170.43 W, 94 %
2026/03/21 01:54:43.471, 170.52 W, 94 %
2026/03/21 01:54:43.571, 170.38 W, 94 %
2026/03/21 01:54:43.672, 170.68 W, 93 %
2026/03/21 01:54:43.772, 170.61 W, 93 %
2026/03/21 01:54:43.872, 170.35 W, 94 %
2026/03/21 01:54:43.972, 170.99 W, 94 %
2026/03/21 01:54:44.072, 171.38 W, 94 %
2026/03/21 01:54:44.172, 171.22 W, 94 %
2026/03/21 01:54:44.272, 170.79 W, 93 %
2026/03/21 01:54:44.373, 170.68 W, 93 %
2026/03/21 01:54:44.473, 170.75 W, 94 %
2026/03/21 01:54:44.573, 170.60 W, 94 %
2026/03/21 01:54:44.673, 170.38 W, 91 %
2026/03/21 01:54:44.773, 170.23 W, 91 %
2026/03/21 01:54:44.873, 170.40 W, 94 %
2026/03/21 01:54:44.973, 170.46 W, 94 %
2026/03/21 01:54:45.074, 170.28 W, 94 %
2026/03/21 01:54:45.174, 170.80 W, 94 %
2026/03/21 01:54:45.274, 170.92 W, 94 %
2026/03/21 01:54:45.374, 170.99 W, 94 %
2026/03/21 01:54:45.474, 171.08 W, 94 %
2026/03/21 01:54:45.574, 170.97 W, 94 %
2026/03/21 01:54:45.674, 170.90 W, 93 %
2026/03/21 01:54:45.775, 171.10 W, 93 %
2026/03/21 01:54:45.875, 171.13 W, 94 %
2026/03/21 01:54:45.975, 171.00 W, 94 %
2026/03/21 01:54:46.075, 171.02 W, 94 %
2026/03/21 01:54:46.175, 170.85 W, 94 %
2026/03/21 01:54:46.275, 170.13 W, 89 %
2026/03/21 01:54:46.375, 169.96 W, 89 %
2026/03/21 01:54:46.476, 170.22 W, 94 %
2026/03/21 01:54:46.576, 170.58 W, 94 %
2026/03/21 01:54:46.676, 170.61 W, 94 %
2026/03/21 01:54:46.776, 170.71 W, 94 %
2026/03/21 01:54:46.876, 170.70 W, 94 %
2026/03/21 01:54:46.976, 170.49 W, 94 %
2026/03/21 01:54:47.076, 170.51 W, 94 %
2026/03/21 01:54:47.177, 170.26 W, 94 %
2026/03/21 01:54:47.277, 170.83 W, 94 %
2026/03/21 01:54:47.377, 170.83 W, 94 %
2026/03/21 01:54:47.477, 170.85 W, 94 %
2026/03/21 01:54:47.577, 170.71 W, 94 %
2026/03/21 01:54:47.677, 170.72 W, 93 %
2026/03/21 01:54:47.777, 170.85 W, 93 %
2026/03/21 01:54:47.878, 170.48 W, 94 %
2026/03/21 01:54:47.978, 170.21 W, 94 %
2026/03/21 01:54:48.078, 170.24 W, 94 %
2026/03/21 01:54:48.178, 170.30 W, 94 %
2026/03/21 01:54:48.278, 170.08 W, 94 %
2026/03/21 01:54:48.378, 170.16 W, 94 %
2026/03/21 01:54:48.478, 169.92 W, 94 %
2026/03/21 01:54:48.579, 169.74 W, 94 %
2026/03/21 01:54:48.679, 170.03 W, 94 %
2026/03/21 01:54:48.779, 169.76 W, 94 %
2026/03/21 01:54:48.879, 170.05 W, 94 %
2026/03/21 01:54:48.979, 170.54 W, 94 %
2026/03/21 01:54:49.079, 170.32 W, 94 %
2026/03/21 01:54:49.179, 170.43 W, 94 %
2026/03/21 01:54:49.280, 171.12 W, 94 %
2026/03/21 01:54:49.380, 171.20 W, 94 %
2026/03/21 01:54:49.480, 171.37 W, 94 %
2026/03/21 01:54:49.580, 171.18 W, 94 %
2026/03/21 01:54:49.680, 170.66 W, 89 %
2026/03/21 01:54:49.780, 170.60 W, 89 %
2026/03/21 01:54:49.880, 170.71 W, 94 %
2026/03/21 01:54:49.981, 170.81 W, 94 %
2026/03/21 01:54:50.081, 170.60 W, 94 %
2026/03/21 01:54:50.181, 170.46 W, 94 %
2026/03/21 01:54:50.281, 169.93 W, 93 %
2026/03/21 01:54:50.381, 170.00 W, 93 %
2026/03/21 01:54:50.481, 169.97 W, 94 %
2026/03/21 01:54:50.581, 170.11 W, 94 %
2026/03/21 01:54:50.682, 170.50 W, 94 %
2026/03/21 01:54:50.782, 170.74 W, 94 %
2026/03/21 01:54:50.882, 170.65 W, 94 %
2026/03/21 01:54:50.982, 170.46 W, 94 %
2026/03/21 01:54:51.082, 170.73 W, 94 %
2026/03/21 01:54:51.182, 170.90 W, 94 %
2026/03/21 01:54:51.282, 170.51 W, 91 %
2026/03/21 01:54:51.383, 170.53 W, 91 %
2026/03/21 01:54:51.483, 170.54 W, 94 %
2026/03/21 01:54:51.583, 170.33 W, 94 %
2026/03/21 01:54:51.683, 170.00 W, 93 %
2026/03/21 01:54:51.783, 169.92 W, 93 %
2026/03/21 01:54:51.883, 169.65 W, 94 %
2026/03/21 01:54:51.983, 169.90 W, 94 %
2026/03/21 01:54:52.084, 169.79 W, 94 %
2026/03/21 01:54:52.184, 169.89 W, 94 %
2026/03/21 01:54:52.284, 169.76 W, 94 %
2026/03/21 01:54:52.384, 169.94 W, 94 %
2026/03/21 01:54:52.484, 169.92 W, 94 %
2026/03/21 01:54:52.584, 170.04 W, 94 %
2026/03/21 01:54:52.684, 170.32 W, 94 %
2026/03/21 01:54:52.785, 170.02 W, 94 %
2026/03/21 01:54:52.885, 170.36 W, 94 %
2026/03/21 01:54:52.985, 169.79 W, 94 %
2026/03/21 01:54:53.085, 170.06 W, 94 %
2026/03/21 01:54:53.185, 170.07 W, 94 %
2026/03/21 01:54:53.285, 170.59 W, 94 %
2026/03/21 01:54:53.385, 170.50 W, 94 %
2026/03/21 01:54:53.486, 170.63 W, 94 %
2026/03/21 01:54:53.586, 170.43 W, 94 %
2026/03/21 01:54:53.686, 170.20 W, 93 %
2026/03/21 01:54:53.786, 170.35 W, 93 %
2026/03/21 01:54:53.886, 170.20 W, 94 %
2026/03/21 01:54:53.986, 170.59 W, 94 %
2026/03/21 01:54:54.086, 170.49 W, 94 %
2026/03/21 01:54:54.187, 170.42 W, 94 %
2026/03/21 01:54:54.287, 170.17 W, 94 %
2026/03/21 01:54:54.387, 170.07 W, 94 %
2026/03/21 01:54:54.487, 169.97 W, 94 %
2026/03/21 01:54:54.587, 170.18 W, 94 %
2026/03/21 01:54:54.687, 170.02 W, 90 %
2026/03/21 01:54:54.787, 170.10 W, 90 %
2026/03/21 01:54:54.888, 170.24 W, 94 %
2026/03/21 01:54:54.988, 170.30 W, 94 %
2026/03/21 01:54:55.088, 170.36 W, 94 %
2026/03/21 01:54:55.188, 170.11 W, 94 %
2026/03/21 01:54:55.288, 169.94 W, 94 %
2026/03/21 01:54:55.388, 170.17 W, 94 %
2026/03/21 01:54:55.488, 170.08 W, 94 %
2026/03/21 01:54:55.589, 169.83 W, 94 %
2026/03/21 01:54:55.689, 169.97 W, 93 %
2026/03/21 01:54:55.789, 170.28 W, 93 %
2026/03/21 01:54:55.889, 169.96 W, 94 %
2026/03/21 01:54:55.989, 169.93 W, 94 %
2026/03/21 01:54:56.089, 169.82 W, 94 %
2026/03/21 01:54:56.189, 170.15 W, 94 %
2026/03/21 01:54:56.290, 169.76 W, 94 %
2026/03/21 01:54:56.390, 169.51 W, 94 %
2026/03/21 01:54:56.490, 169.56 W, 94 %
2026/03/21 01:54:56.590, 169.88 W, 94 %
2026/03/21 01:54:56.690, 169.85 W, 94 %
2026/03/21 01:54:56.790, 169.64 W, 94 %
2026/03/21 01:54:56.890, 169.99 W, 94 %
2026/03/21 01:54:56.991, 170.04 W, 94 %
2026/03/21 01:54:57.091, 169.82 W, 94 %
2026/03/21 01:54:57.191, 169.87 W, 94 %
2026/03/21 01:54:57.291, 169.93 W, 94 %
2026/03/21 01:54:57.391, 170.26 W, 94 %
2026/03/21 01:54:57.491, 170.34 W, 94 %
2026/03/21 01:54:57.591, 169.58 W, 94 %
2026/03/21 01:54:57.692, 169.68 W, 93 %
2026/03/21 01:54:57.792, 169.44 W, 93 %
2026/03/21 01:54:57.892, 169.36 W, 94 %
2026/03/21 01:54:57.992, 168.81 W, 94 %
2026/03/21 01:54:58.092, 169.05 W, 92 %
2026/03/21 01:54:58.192, 169.07 W, 92 %
2026/03/21 01:54:58.292, 169.40 W, 94 %
2026/03/21 01:54:58.393, 169.23 W, 94 %
2026/03/21 01:54:58.493, 168.99 W, 94 %
2026/03/21 01:54:58.593, 169.30 W, 94 %
2026/03/21 01:54:58.693, 169.26 W, 94 %
2026/03/21 01:54:58.793, 169.38 W, 94 %
2026/03/21 01:54:58.893, 169.56 W, 94 %
2026/03/21 01:54:58.993, 169.67 W, 94 %
2026/03/21 01:54:59.094, 169.69 W, 93 %
2026/03/21 01:54:59.194, 169.54 W, 93 %
2026/03/21 01:54:59.294, 169.55 W, 94 %
2026/03/21 01:54:59.394, 169.66 W, 94 %
2026/03/21 01:54:59.494, 169.68 W, 94 %
2026/03/21 01:54:59.594, 169.90 W, 94 %
2026/03/21 01:54:59.694, 169.53 W, 89 %
2026/03/21 01:54:59.795, 169.64 W, 89 %
2026/03/21 01:54:59.895, 169.76 W, 94 %
2026/03/21 01:54:59.995, 170.06 W, 94 %
2026/03/21 01:55:00.095, 170.02 W, 94 %
2026/03/21 01:55:00.195, 170.17 W, 94 %
2026/03/21 01:55:00.295, 170.14 W, 94 %
2026/03/21 01:55:00.395, 170.26 W, 94 %
2026/03/21 01:55:00.496, 170.32 W, 94 %
2026/03/21 01:55:00.596, 170.41 W, 94 %
2026/03/21 01:55:00.696, 170.79 W, 94 %
2026/03/21 01:55:00.796, 170.76 W, 94 %
2026/03/21 01:55:00.896, 170.46 W, 94 %
2026/03/21 01:55:00.996, 170.02 W, 94 %
2026/03/21 01:55:01.096, 169.84 W, 93 %
2026/03/21 01:55:01.197, 169.75 W, 93 %
2026/03/21 01:55:01.297, 169.53 W, 94 %
2026/03/21 01:55:01.397, 168.49 W, 94 %
2026/03/21 01:55:01.497, 168.47 W, 94 %
2026/03/21 01:55:01.597, 168.34 W, 94 %
2026/03/21 01:55:01.697, 168.28 W, 94 %
2026/03/21 01:55:01.797, 168.20 W, 94 %
2026/03/21 01:55:01.898, 168.12 W, 94 %
2026/03/21 01:55:01.998, 168.35 W, 94 %
2026/03/21 01:55:02.098, 168.60 W, 94 %
2026/03/21 01:55:02.198, 168.32 W, 94 %
2026/03/21 01:55:02.298, 168.25 W, 94 %
2026/03/21 01:55:02.398, 169.09 W, 94 %
2026/03/21 01:55:02.498, 169.21 W, 94 %
2026/03/21 01:55:02.599, 168.83 W, 94 %
2026/03/21 01:55:02.699, 168.97 W, 94 %
2026/03/21 01:55:02.799, 168.99 W, 94 %
2026/03/21 01:55:02.899, 169.26 W, 94 %
2026/03/21 01:55:02.999, 169.57 W, 94 %
2026/03/21 01:55:03.099, 169.10 W, 89 %
2026/03/21 01:55:03.199, 169.29 W, 89 %
2026/03/21 01:55:03.300, 169.27 W, 94 %
2026/03/21 01:55:03.400, 169.26 W, 94 %
2026/03/21 01:55:03.500, 168.80 W, 94 %
2026/03/21 01:55:03.600, 169.12 W, 94 %
2026/03/21 01:55:03.700, 169.14 W, 94 %
2026/03/21 01:55:03.800, 168.94 W, 94 %
2026/03/21 01:55:03.900, 168.69 W, 94 %
2026/03/21 01:55:04.001, 168.48 W, 94 %
2026/03/21 01:55:04.101, 168.70 W, 94 %
2026/03/21 01:55:04.201, 168.73 W, 94 %
2026/03/21 01:55:04.301, 168.72 W, 94 %
2026/03/21 01:55:04.401, 168.62 W, 94 %
2026/03/21 01:55:04.501, 168.98 W, 93 %
2026/03/21 01:55:04.601, 168.90 W, 93 %
2026/03/21 01:55:04.702, 168.74 W, 94 %
2026/03/21 01:55:04.802, 168.76 W, 94 %
2026/03/21 01:55:04.902, 168.83 W, 94 %
2026/03/21 01:55:05.002, 168.82 W, 94 %
2026/03/21 01:55:05.102, 168.21 W, 93 %
2026/03/21 01:55:05.202, 168.19 W, 93 %
2026/03/21 01:55:05.302, 168.58 W, 94 %
2026/03/21 01:55:05.403, 168.76 W, 94 %
2026/03/21 01:55:05.503, 168.82 W, 94 %
2026/03/21 01:55:05.603, 169.09 W, 94 %
2026/03/21 01:55:05.703, 169.47 W, 94 %
2026/03/21 01:55:05.803, 169.82 W, 94 %
2026/03/21 01:55:05.903, 169.64 W, 94 %
2026/03/21 01:55:06.003, 169.42 W, 94 %
2026/03/21 01:55:06.104, 169.81 W, 94 %
2026/03/21 01:55:06.204, 170.02 W, 94 %
2026/03/21 01:55:06.304, 169.95 W, 94 %
2026/03/21 01:55:06.404, 170.01 W, 94 %
2026/03/21 01:55:06.504, 169.60 W, 89 %
2026/03/21 01:55:06.604, 169.54 W, 89 %
2026/03/21 01:55:06.704, 169.09 W, 94 %
2026/03/21 01:55:06.805, 169.05 W, 94 %
2026/03/21 01:55:06.905, 169.25 W, 94 %
2026/03/21 01:55:07.005, 169.54 W, 94 %
2026/03/21 01:55:07.105, 169.52 W, 94 %
2026/03/21 01:55:07.205, 169.50 W, 94 %
2026/03/21 01:55:07.305, 169.36 W, 94 %
2026/03/21 01:55:07.405, 169.23 W, 94 %
2026/03/21 01:55:07.506, 169.24 W, 94 %
2026/03/21 01:55:07.606, 169.02 W, 94 %
2026/03/21 01:55:07.706, 169.11 W, 94 %
2026/03/21 01:55:07.806, 168.88 W, 94 %
2026/03/21 01:55:07.906, 168.87 W, 93 %
2026/03/21 01:55:08.006, 168.87 W, 93 %
2026/03/21 01:55:08.106, 168.86 W, 94 %
2026/03/21 01:55:08.207, 168.93 W, 94 %
2026/03/21 01:55:08.307, 168.95 W, 94 %
2026/03/21 01:55:08.407, 169.06 W, 94 %
2026/03/21 01:55:08.507, 169.26 W, 93 %
2026/03/21 01:55:08.607, 169.40 W, 93 %
2026/03/21 01:55:08.707, 169.55 W, 94 %
2026/03/21 01:55:08.807, 169.71 W, 94 %
2026/03/21 01:55:08.908, 169.36 W, 94 %
2026/03/21 01:55:09.008, 169.40 W, 94 %
2026/03/21 01:55:09.108, 169.19 W, 94 %
2026/03/21 01:55:09.208, 169.26 W, 94 %
2026/03/21 01:55:09.308, 168.92 W, 94 %
2026/03/21 01:55:09.408, 168.73 W, 94 %
2026/03/21 01:55:09.508, 168.84 W, 94 %
2026/03/21 01:55:09.609, 169.09 W, 94 %
2026/03/21 01:55:09.709, 168.97 W, 94 %
2026/03/21 01:55:09.809, 168.59 W, 94 %
2026/03/21 01:55:09.909, 168.49 W, 90 %
2026/03/21 01:55:10.009, 168.25 W, 90 %
2026/03/21 01:55:10.109, 168.19 W, 94 %
2026/03/21 01:55:10.209, 167.73 W, 94 %
2026/03/21 01:55:10.310, 167.94 W, 94 %
2026/03/21 01:55:10.410, 168.29 W, 94 %
2026/03/21 01:55:10.510, 168.05 W, 94 %
2026/03/21 01:55:10.610, 167.56 W, 94 %
2026/03/21 01:55:10.710, 167.52 W, 94 %
2026/03/21 01:55:10.810, 167.52 W, 94 %
2026/03/21 01:55:10.910, 168.21 W, 94 %
2026/03/21 01:55:11.011, 168.26 W, 94 %
2026/03/21 01:55:11.111, 168.29 W, 94 %
2026/03/21 01:55:11.211, 168.85 W, 94 %
2026/03/21 01:55:11.311, 169.02 W, 94 %
2026/03/21 01:55:11.411, 168.89 W, 94 %
2026/03/21 01:55:11.511, 169.14 W, 94 %
2026/03/21 01:55:11.611, 169.25 W, 94 %
2026/03/21 01:55:11.712, 169.55 W, 94 %
2026/03/21 01:55:11.812, 169.40 W, 94 %
2026/03/21 01:55:11.912, 169.03 W, 93 %
2026/03/21 01:55:12.012, 169.15 W, 93 %
2026/03/21 01:55:12.112, 169.24 W, 94 %
2026/03/21 01:55:12.212, 169.31 W, 94 %
2026/03/21 01:55:12.312, 169.31 W, 94 %
2026/03/21 01:55:12.413, 169.39 W, 94 %
2026/03/21 01:55:12.513, 169.19 W, 94 %
2026/03/21 01:55:12.613, 169.06 W, 94 %
2026/03/21 01:55:12.713, 168.83 W, 94 %
2026/03/21 01:55:12.813, 169.16 W, 94 %
2026/03/21 01:55:12.913, 169.55 W, 94 %
2026/03/21 01:55:13.013, 169.61 W, 94 %
2026/03/21 01:55:13.114, 169.65 W, 94 %
2026/03/21 01:55:13.214, 167.54 W, 94 %
2026/03/21 01:55:13.314, 167.59 W, 72 %
2026/03/21 01:55:13.414, 167.38 W, 72 %
2026/03/21 01:55:13.514, 167.32 W, 94 %
2026/03/21 01:55:13.614, 167.70 W, 94 %
2026/03/21 01:55:13.714, 167.62 W, 94 %
2026/03/21 01:55:13.815, 167.58 W, 94 %
2026/03/21 01:55:13.915, 167.40 W, 94 %
2026/03/21 01:55:14.015, 167.19 W, 94 %
2026/03/21 01:55:14.115, 166.98 W, 94 %
2026/03/21 01:55:14.215, 168.72 W, 94 %
2026/03/21 01:55:14.315, 168.47 W, 94 %
2026/03/21 01:55:14.415, 168.64 W, 94 %
2026/03/21 01:55:14.516, 168.71 W, 94 %
2026/03/21 01:55:14.616, 168.54 W, 94 %
2026/03/21 01:55:14.716, 168.54 W, 94 %
2026/03/21 01:55:14.816, 168.46 W, 94 %
2026/03/21 01:55:14.916, 167.98 W, 94 %
2026/03/21 01:55:15.016, 168.03 W, 94 %
2026/03/21 01:55:15.116, 168.03 W, 94 %
2026/03/21 01:55:15.217, 168.03 W, 94 %
2026/03/21 01:55:15.317, 168.00 W, 93 %
2026/03/21 01:55:15.417, 167.76 W, 93 %
2026/03/21 01:55:15.517, 167.87 W, 94 %
2026/03/21 01:55:15.617, 167.85 W, 94 %
2026/03/21 01:55:15.717, 167.60 W, 94 %
2026/03/21 01:55:15.817, 167.85 W, 94 %
2026/03/21 01:55:15.918, 168.21 W, 94 %
2026/03/21 01:55:16.018, 168.27 W, 94 %
2026/03/21 01:55:16.118, 168.14 W, 94 %
2026/03/21 01:55:16.218, 168.55 W, 94 %
2026/03/21 01:55:16.318, 168.53 W, 94 %
2026/03/21 01:55:16.418, 168.72 W, 94 %
2026/03/21 01:55:16.518, 168.58 W, 94 %
2026/03/21 01:55:16.619, 168.72 W, 94 %
2026/03/21 01:55:16.719, 168.90 W, 89 %
2026/03/21 01:55:16.819, 168.74 W, 89 %
2026/03/21 01:55:16.919, 168.88 W, 94 %
2026/03/21 01:55:17.019, 168.90 W, 94 %
2026/03/21 01:55:17.119, 169.10 W, 94 %
2026/03/21 01:55:17.219, 169.12 W, 94 %
2026/03/21 01:55:17.320, 169.27 W, 94 %
2026/03/21 01:55:17.420, 169.34 W, 94 %
2026/03/21 01:55:17.520, 169.47 W, 94 %
2026/03/21 01:55:17.620, 169.30 W, 94 %
2026/03/21 01:55:17.720, 169.22 W, 94 %
2026/03/21 01:55:17.820, 169.42 W, 94 %
2026/03/21 01:55:17.920, 169.41 W, 94 %
2026/03/21 01:55:18.021, 169.24 W, 94 %
2026/03/21 01:55:18.121, 169.25 W, 94 %
2026/03/21 01:55:18.221, 169.11 W, 94 %
2026/03/21 01:55:18.321, 168.63 W, 94 %
2026/03/21 01:55:18.421, 167.95 W, 94 %
2026/03/21 01:55:18.521, 168.07 W, 94 %
2026/03/21 01:55:18.621, 168.27 W, 94 %
2026/03/21 01:55:18.722, 168.19 W, 93 %
2026/03/21 01:55:18.822, 168.02 W, 93 %
2026/03/21 01:55:18.922, 168.27 W, 94 %
2026/03/21 01:55:19.022, 168.54 W, 94 %
2026/03/21 01:55:19.122, 168.57 W, 94 %
2026/03/21 01:55:19.222, 168.70 W, 94 %
2026/03/21 01:55:19.322, 168.80 W, 94 %
2026/03/21 01:55:19.423, 169.16 W, 94 %
2026/03/21 01:55:19.523, 169.29 W, 94 %
2026/03/21 01:55:19.623, 169.18 W, 94 %
2026/03/21 01:55:19.723, 169.51 W, 94 %
2026/03/21 01:55:19.823, 169.53 W, 94 %
2026/03/21 01:55:19.923, 169.52 W, 94 %
2026/03/21 01:55:20.023, 168.91 W, 94 %
2026/03/21 01:55:20.124, 168.93 W, 89 %
2026/03/21 01:55:20.224, 168.77 W, 89 %
2026/03/21 01:55:20.324, 169.03 W, 94 %
2026/03/21 01:55:20.424, 169.09 W, 94 %
2026/03/21 01:55:20.524, 168.84 W, 94 %
2026/03/21 01:55:20.624, 168.85 W, 94 %
2026/03/21 01:55:20.724, 168.62 W, 94 %
2026/03/21 01:55:20.825, 168.70 W, 94 %
2026/03/21 01:55:20.925, 168.62 W, 94 %
2026/03/21 01:55:21.025, 169.08 W, 94 %
2026/03/21 01:55:21.125, 169.21 W, 94 %
2026/03/21 01:55:21.225, 169.52 W, 94 %
2026/03/21 01:55:21.325, 169.22 W, 94 %
2026/03/21 01:55:21.425, 169.10 W, 94 %
2026/03/21 01:55:21.526, 169.27 W, 94 %
2026/03/21 01:55:21.626, 169.39 W, 94 %
2026/03/21 01:55:21.726, 169.06 W, 94 %
2026/03/21 01:55:21.826, 169.01 W, 94 %
2026/03/21 01:55:21.926, 169.09 W, 94 %
2026/03/21 01:55:22.026, 169.15 W, 94 %
2026/03/21 01:55:22.126, 169.36 W, 93 %
2026/03/21 01:55:22.227, 169.28 W, 93 %
2026/03/21 01:55:22.327, 169.35 W, 94 %
2026/03/21 01:55:22.427, 169.71 W, 94 %
2026/03/21 01:55:22.527, 169.89 W, 94 %
2026/03/21 01:55:22.627, 169.71 W, 94 %
2026/03/21 01:55:22.727, 169.99 W, 94 %
2026/03/21 01:55:22.827, 169.81 W, 94 %
2026/03/21 01:55:22.928, 170.09 W, 94 %
2026/03/21 01:55:23.028, 169.76 W, 94 %
2026/03/21 01:55:23.128, 169.71 W, 94 %
2026/03/21 01:55:23.228, 169.50 W, 94 %
2026/03/21 01:55:23.328, 169.55 W, 94 %
2026/03/21 01:55:23.428, 169.14 W, 94 %
2026/03/21 01:55:23.528, 169.25 W, 94 %
2026/03/21 01:55:23.629, 169.26 W, 94 %
2026/03/21 01:55:23.729, 169.50 W, 94 %
2026/03/21 01:55:23.829, 170.07 W, 94 %
2026/03/21 01:55:23.929, 169.82 W, 94 %
2026/03/21 01:55:24.029, 170.19 W, 94 %
2026/03/21 01:55:24.129, 170.08 W, 93 %
2026/03/21 01:55:24.229, 170.70 W, 93 %
2026/03/21 01:55:24.330, 170.65 W, 94 %
2026/03/21 01:55:24.430, 171.08 W, 94 %
2026/03/21 01:55:24.530, 170.96 W, 94 %
2026/03/21 01:55:24.630, 170.80 W, 94 %
2026/03/21 01:55:24.730, 170.76 W, 94 %
2026/03/21 01:55:24.830, 170.46 W, 94 %
2026/03/21 01:55:24.930, 170.37 W, 94 %
2026/03/21 01:55:25.031, 170.40 W, 94 %
2026/03/21 01:55:25.131, 170.24 W, 90 %
2026/03/21 01:55:25.231, 169.84 W, 90 %
2026/03/21 01:55:25.331, 169.94 W, 94 %
2026/03/21 01:55:25.431, 169.95 W, 94 %
2026/03/21 01:55:25.531, 170.05 W, 93 %
2026/03/21 01:55:25.631, 170.24 W, 93 %
2026/03/21 01:55:25.732, 170.42 W, 94 %
2026/03/21 01:55:25.832, 170.44 W, 94 %
2026/03/21 01:55:25.932, 170.09 W, 94 %
2026/03/21 01:55:26.032, 170.02 W, 94 %
2026/03/21 01:55:26.132, 170.16 W, 93 %
2026/03/21 01:55:26.232, 170.15 W, 93 %
2026/03/21 01:55:26.332, 170.18 W, 94 %
2026/03/21 01:55:26.433, 170.20 W, 94 %
2026/03/21 01:55:26.533, 170.22 W, 94 %
2026/03/21 01:55:26.633, 170.26 W, 94 %
2026/03/21 01:55:26.733, 170.12 W, 94 %
2026/03/21 01:55:26.833, 170.29 W, 94 %
2026/03/21 01:55:26.933, 170.51 W, 94 %
2026/03/21 01:55:27.033, 170.43 W, 94 %
2026/03/21 01:55:27.134, 170.63 W, 94 %
2026/03/21 01:55:27.234, 170.37 W, 94 %
2026/03/21 01:55:27.334, 170.31 W, 94 %
2026/03/21 01:55:27.434, 170.05 W, 94 %
2026/03/21 01:55:27.534, 170.04 W, 93 %
2026/03/21 01:55:27.634, 170.17 W, 93 %
2026/03/21 01:55:27.734, 170.22 W, 94 %
2026/03/21 01:55:27.835, 170.42 W, 94 %
2026/03/21 01:55:27.935, 170.58 W, 94 %
2026/03/21 01:55:28.035, 170.63 W, 94 %
2026/03/21 01:55:28.135, 170.62 W, 93 %
2026/03/21 01:55:28.235, 170.62 W, 93 %
2026/03/21 01:55:28.335, 170.94 W, 94 %
2026/03/21 01:55:28.435, 170.32 W, 94 %
2026/03/21 01:55:28.536, 170.18 W, 90 %
2026/03/21 01:55:28.636, 169.85 W, 90 %
2026/03/21 01:55:28.736, 169.60 W, 94 %
2026/03/21 01:55:28.836, 169.35 W, 94 %
2026/03/21 01:55:28.936, 168.87 W, 94 %
2026/03/21 01:55:29.036, 168.90 W, 94 %
2026/03/21 01:55:29.136, 168.75 W, 94 %
2026/03/21 01:55:29.237, 168.87 W, 94 %
2026/03/21 01:55:29.337, 168.95 W, 94 %
2026/03/21 01:55:29.437, 169.47 W, 94 %
2026/03/21 01:55:29.537, 169.69 W, 93 %
2026/03/21 01:55:29.637, 169.76 W, 93 %
2026/03/21 01:55:29.737, 169.78 W, 94 %
2026/03/21 01:55:29.837, 169.77 W, 94 %
2026/03/21 01:55:29.938, 169.92 W, 94 %
2026/03/21 01:55:30.038, 169.98 W, 94 %
2026/03/21 01:55:30.138, 169.80 W, 94 %
2026/03/21 01:55:30.238, 169.78 W, 94 %
2026/03/21 01:55:30.338, 169.70 W, 94 %
2026/03/21 01:55:30.438, 169.89 W, 94 %
2026/03/21 01:55:30.538, 169.73 W, 94 %
2026/03/21 01:55:30.639, 169.70 W, 94 %
2026/03/21 01:55:30.739, 169.66 W, 94 %
2026/03/21 01:55:30.839, 169.72 W, 94 %
2026/03/21 01:55:30.939, 169.87 W, 94 %
2026/03/21 01:55:31.039, 169.92 W, 94 %
2026/03/21 01:55:31.139, 170.38 W, 94 %
2026/03/21 01:55:31.239, 170.78 W, 94 %
2026/03/21 01:55:31.340, 170.72 W, 94 %
2026/03/21 01:55:31.440, 170.25 W, 94 %
2026/03/21 01:55:31.540, 170.24 W, 93 %
2026/03/21 01:55:31.640, 170.46 W, 93 %
2026/03/21 01:55:31.740, 170.21 W, 94 %
2026/03/21 01:55:31.840, 170.42 W, 94 %
2026/03/21 01:55:31.940, 170.51 W, 94 %
2026/03/21 01:55:32.041, 170.55 W, 94 %
2026/03/21 01:55:32.141, 170.39 W, 94 %
2026/03/21 01:55:32.241, 169.89 W, 94 %
2026/03/21 01:55:32.341, 170.12 W, 94 %
2026/03/21 01:55:32.441, 170.45 W, 94 %
2026/03/21 01:55:32.541, 170.71 W, 94 %
2026/03/21 01:55:32.641, 170.48 W, 94 %
2026/03/21 01:55:32.742, 170.22 W, 94 %
2026/03/21 01:55:32.842, 170.75 W, 94 %
2026/03/21 01:55:32.942, 170.55 W, 94 %
2026/03/21 01:55:33.042, 170.41 W, 94 %
2026/03/21 01:55:33.142, 170.54 W, 94 %
2026/03/21 01:55:33.242, 170.68 W, 94 %
2026/03/21 01:55:33.343, 170.58 W, 94 %
2026/03/21 01:55:33.443, 169.93 W, 94 %
2026/03/21 01:55:33.543, 169.62 W, 89 %
2026/03/21 01:55:33.643, 169.82 W, 89 %
2026/03/21 01:55:33.743, 170.55 W, 94 %
2026/03/21 01:55:33.843, 170.11 W, 94 %
2026/03/21 01:55:33.943, 169.70 W, 94 %
2026/03/21 01:55:34.043, 169.82 W, 94 %
2026/03/21 01:55:34.144, 169.67 W, 94 %
2026/03/21 01:55:34.244, 169.71 W, 94 %
2026/03/21 01:55:34.344, 169.89 W, 94 %
2026/03/21 01:55:34.444, 170.09 W, 94 %
2026/03/21 01:55:34.544, 170.36 W, 94 %
2026/03/21 01:55:34.644, 170.30 W, 94 %
2026/03/21 01:55:34.744, 169.99 W, 94 %
2026/03/21 01:55:34.845, 170.04 W, 94 %
2026/03/21 01:55:34.945, 169.93 W, 94 %
2026/03/21 01:55:35.045, 170.20 W, 94 %
2026/03/21 01:55:35.145, 169.89 W, 94 %
2026/03/21 01:55:35.245, 169.91 W, 94 %
2026/03/21 01:55:35.345, 169.87 W, 94 %
2026/03/21 01:55:35.445, 170.20 W, 94 %
2026/03/21 01:55:35.546, 170.04 W, 93 %
2026/03/21 01:55:35.646, 169.97 W, 93 %
2026/03/21 01:55:35.746, 170.02 W, 94 %
2026/03/21 01:55:35.846, 169.98 W, 94 %
2026/03/21 01:55:35.946, 170.31 W, 94 %
2026/03/21 01:55:36.046, 169.94 W, 94 %
2026/03/21 01:55:36.146, 170.07 W, 94 %
2026/03/21 01:55:36.247, 169.79 W, 94 %
2026/03/21 01:55:36.347, 169.55 W, 94 %
2026/03/21 01:55:36.447, 169.28 W, 94 %
2026/03/21 01:55:36.547, 169.21 W, 94 %
2026/03/21 01:55:36.647, 169.11 W, 94 %
2026/03/21 01:55:36.747, 169.17 W, 94 %
2026/03/21 01:55:36.847, 168.76 W, 94 %
2026/03/21 01:55:36.948, 168.69 W, 94 %
2026/03/21 01:55:37.048, 168.85 W, 94 %
2026/03/21 01:55:37.148, 169.44 W, 94 %
2026/03/21 01:55:37.248, 169.38 W, 94 %
2026/03/21 01:55:37.348, 169.66 W, 94 %
2026/03/21 01:55:37.448, 169.45 W, 94 %
2026/03/21 01:55:37.548, 169.80 W, 93 %
2026/03/21 01:55:37.649, 169.96 W, 93 %
2026/03/21 01:55:37.749, 169.82 W, 94 %
2026/03/21 01:55:37.849, 170.11 W, 94 %
2026/03/21 01:55:37.949, 170.00 W, 94 %
2026/03/21 01:55:38.049, 170.15 W, 94 %
2026/03/21 01:55:38.149, 169.72 W, 94 %
2026/03/21 01:55:38.249, 169.83 W, 94 %
2026/03/21 01:55:38.350, 169.99 W, 94 %
2026/03/21 01:55:38.450, 169.75 W, 94 %
2026/03/21 01:55:38.550, 169.65 W, 90 %
2026/03/21 01:55:38.650, 169.65 W, 90 %
2026/03/21 01:55:38.750, 169.87 W, 94 %
2026/03/21 01:55:38.850, 169.95 W, 94 %
2026/03/21 01:55:38.950, 170.07 W, 93 %
2026/03/21 01:55:39.051, 169.90 W, 93 %
2026/03/21 01:55:39.151, 170.08 W, 94 %
2026/03/21 01:55:39.251, 170.28 W, 94 %
2026/03/21 01:55:39.351, 169.91 W, 94 %
2026/03/21 01:55:39.451, 170.29 W, 94 %
2026/03/21 01:55:39.551, 170.42 W, 93 %
2026/03/21 01:55:39.651, 170.12 W, 93 %
2026/03/21 01:55:39.752, 170.18 W, 94 %
2026/03/21 01:55:39.852, 170.48 W, 94 %
2026/03/21 01:55:39.952, 170.19 W, 94 %
2026/03/21 01:55:40.052, 170.13 W, 94 %
2026/03/21 01:55:40.152, 169.57 W, 94 %
2026/03/21 01:55:40.252, 169.51 W, 94 %
2026/03/21 01:55:40.352, 169.60 W, 94 %
2026/03/21 01:55:40.453, 169.64 W, 94 %
2026/03/21 01:55:40.553, 169.71 W, 94 %
2026/03/21 01:55:40.653, 169.98 W, 94 %
2026/03/21 01:55:40.753, 169.78 W, 94 %
2026/03/21 01:55:40.853, 169.36 W, 94 %
2026/03/21 01:55:40.953, 169.27 W, 93 %
2026/03/21 01:55:41.053, 168.96 W, 93 %
2026/03/21 01:55:41.154, 169.63 W, 94 %
2026/03/21 01:55:41.254, 169.47 W, 94 %
2026/03/21 01:55:41.354, 169.90 W, 94 %
2026/03/21 01:55:41.454, 169.98 W, 94 %
2026/03/21 01:55:41.554, 169.85 W, 94 %
2026/03/21 01:55:41.654, 169.87 W, 94 %
2026/03/21 01:55:41.754, 169.54 W, 94 %
2026/03/21 01:55:41.855, 169.53 W, 94 %
2026/03/21 01:55:41.955, 169.52 W, 94 %
2026/03/21 01:55:42.055, 169.94 W, 94 %
2026/03/21 01:55:42.155, 170.09 W, 93 %
2026/03/21 01:55:42.255, 170.15 W, 93 %
2026/03/21 01:55:42.355, 170.05 W, 94 %
2026/03/21 01:55:42.455, 169.95 W, 94 %
2026/03/21 01:55:42.556, 170.05 W, 94 %
2026/03/21 01:55:42.656, 169.98 W, 94 %
2026/03/21 01:55:42.756, 169.97 W, 94 %
2026/03/21 01:55:42.856, 170.41 W, 94 %
2026/03/21 01:55:42.956, 170.46 W, 94 %
2026/03/21 01:55:43.056, 170.33 W, 94 %
2026/03/21 01:55:43.156, 170.07 W, 94 %
2026/03/21 01:55:43.257, 170.13 W, 94 %
2026/03/21 01:55:43.357, 169.71 W, 94 %
2026/03/21 01:55:43.457, 169.33 W, 94 %
2026/03/21 01:55:43.557, 168.44 W, 89 %
2026/03/21 01:55:43.657, 168.23 W, 89 %
2026/03/21 01:55:43.757, 168.45 W, 94 %
2026/03/21 01:55:43.857, 168.36 W, 94 %
2026/03/21 01:55:43.958, 168.65 W, 94 %
2026/03/21 01:55:44.058, 168.86 W, 94 %
2026/03/21 01:55:44.158, 169.03 W, 93 %
2026/03/21 01:55:44.258, 168.95 W, 93 %
2026/03/21 01:55:44.358, 169.19 W, 94 %
2026/03/21 01:55:44.458, 169.59 W, 94 %
2026/03/21 01:55:44.558, 170.51 W, 94 %
2026/03/21 01:55:44.659, 170.86 W, 94 %
2026/03/21 01:55:44.759, 170.85 W, 94 %
2026/03/21 01:55:44.859, 170.71 W, 94 %
2026/03/21 01:55:44.959, 170.64 W, 94 %
2026/03/21 01:55:45.059, 170.84 W, 94 %
2026/03/21 01:55:45.159, 170.56 W, 91 %
2026/03/21 01:55:45.259, 170.47 W, 91 %
2026/03/21 01:55:45.360, 170.38 W, 94 %
2026/03/21 01:55:45.460, 170.13 W, 94 %
2026/03/21 01:55:45.560, 170.53 W, 93 %
2026/03/21 01:55:45.660, 170.73 W, 93 %
2026/03/21 01:55:45.760, 170.74 W, 94 %
2026/03/21 01:55:45.860, 170.60 W, 94 %
2026/03/21 01:55:45.960, 170.48 W, 94 %
2026/03/21 01:55:46.061, 170.29 W, 94 %
2026/03/21 01:55:46.161, 170.84 W, 93 %
2026/03/21 01:55:46.261, 170.90 W, 93 %
2026/03/21 01:55:46.361, 170.82 W, 94 %
2026/03/21 01:55:46.461, 171.13 W, 94 %
2026/03/21 01:55:46.561, 170.94 W, 94 %
2026/03/21 01:55:46.661, 170.57 W, 94 %
2026/03/21 01:55:46.762, 170.69 W, 94 %
2026/03/21 01:55:46.862, 170.26 W, 94 %
2026/03/21 01:55:46.962, 170.40 W, 94 %
2026/03/21 01:55:47.062, 170.38 W, 94 %
2026/03/21 01:55:47.162, 170.54 W, 94 %
2026/03/21 01:55:47.262, 171.01 W, 94 %
2026/03/21 01:55:47.362, 171.33 W, 94 %
2026/03/21 01:55:47.463, 171.08 W, 94 %
2026/03/21 01:55:47.563, 171.08 W, 93 %
2026/03/21 01:55:47.663, 171.32 W, 93 %
2026/03/21 01:55:47.763, 171.47 W, 94 %
2026/03/21 01:55:47.863, 172.15 W, 94 %
2026/03/21 01:55:47.963, 172.29 W, 94 %
2026/03/21 01:55:48.063, 172.07 W, 94 %
2026/03/21 01:55:48.164, 171.49 W, 94 %
2026/03/21 01:55:48.264, 171.26 W, 94 %
2026/03/21 01:55:48.364, 170.86 W, 94 %
2026/03/21 01:55:48.464, 170.88 W, 94 %
2026/03/21 01:55:48.564, 170.14 W, 90 %
2026/03/21 01:55:48.664, 169.97 W, 90 %
2026/03/21 01:55:48.764, 169.96 W, 94 %
2026/03/21 01:55:48.865, 169.97 W, 94 %
2026/03/21 01:55:48.965, 169.89 W, 94 %
2026/03/21 01:55:49.065, 169.73 W, 94 %
2026/03/21 01:55:49.165, 169.77 W, 94 %
2026/03/21 01:55:49.265, 169.84 W, 94 %
2026/03/21 01:55:49.365, 169.91 W, 94 %
2026/03/21 01:55:49.465, 169.59 W, 94 %
2026/03/21 01:55:49.566, 170.43 W, 93 %
2026/03/21 01:55:49.666, 170.60 W, 93 %
2026/03/21 01:55:49.766, 170.65 W, 94 %
2026/03/21 01:55:49.866, 170.67 W, 94 %
2026/03/21 01:55:49.966, 170.67 W, 94 %
2026/03/21 01:55:50.066, 170.72 W, 94 %
2026/03/21 01:55:50.166, 170.65 W, 94 %
2026/03/21 01:55:50.267, 170.56 W, 94 %
2026/03/21 01:55:50.367, 170.79 W, 94 %
2026/03/21 01:55:50.467, 171.15 W, 94 %
2026/03/21 01:55:50.567, 171.21 W, 94 %
2026/03/21 01:55:50.667, 171.01 W, 94 %
2026/03/21 01:55:50.767, 171.04 W, 94 %
2026/03/21 01:55:50.867, 170.82 W, 94 %
2026/03/21 01:55:50.968, 170.69 W, 94 %
2026/03/21 01:55:51.068, 170.71 W, 94 %
2026/03/21 01:55:51.168, 170.95 W, 94 %
2026/03/21 01:55:51.268, 171.08 W, 94 %
2026/03/21 01:55:51.368, 171.21 W, 94 %
2026/03/21 01:55:51.468, 171.17 W, 94 %
2026/03/21 01:55:51.568, 170.78 W, 93 %
2026/03/21 01:55:51.669, 170.95 W, 93 %
2026/03/21 01:55:51.769, 171.02 W, 94 %
2026/03/21 01:55:51.869, 170.57 W, 94 %
2026/03/21 01:55:51.969, 170.64 W, 94 %
2026/03/21 01:55:52.069, 170.60 W, 94 %
2026/03/21 01:55:52.169, 170.85 W, 94 %
2026/03/21 01:55:52.269, 170.88 W, 94 %
2026/03/21 01:55:52.370, 170.49 W, 94 %
2026/03/21 01:55:52.470, 170.33 W, 94 %
2026/03/21 01:55:52.570, 170.35 W, 94 %
2026/03/21 01:55:52.670, 170.10 W, 94 %
2026/03/21 01:55:52.770, 170.11 W, 94 %
2026/03/21 01:55:52.870, 170.31 W, 94 %
2026/03/21 01:55:52.970, 170.31 W, 94 %
2026/03/21 01:55:53.071, 170.31 W, 94 %
2026/03/21 01:55:53.171, 170.07 W, 94 %
2026/03/21 01:55:53.271, 170.25 W, 94 %
2026/03/21 01:55:53.371, 170.27 W, 94 %
2026/03/21 01:55:53.471, 170.41 W, 94 %
2026/03/21 01:55:53.571, 170.18 W, 89 %
2026/03/21 01:55:53.671, 170.33 W, 89 %
2026/03/21 01:55:53.772, 170.29 W, 94 %
2026/03/21 01:55:53.872, 170.55 W, 94 %
2026/03/21 01:55:53.972, 170.68 W, 94 %
2026/03/21 01:55:54.072, 170.83 W, 94 %
2026/03/21 01:55:54.172, 170.51 W, 94 %
2026/03/21 01:55:54.272, 170.46 W, 94 %
2026/03/21 01:55:54.372, 170.62 W, 94 %
2026/03/21 01:55:54.473, 170.65 W, 94 %
2026/03/21 01:55:54.573, 171.08 W, 94 %
2026/03/21 01:55:54.673, 171.31 W, 94 %
2026/03/21 01:55:54.773, 171.47 W, 94 %
2026/03/21 01:55:54.873, 171.19 W, 94 %
2026/03/21 01:55:54.973, 171.20 W, 94 %
2026/03/21 01:55:55.073, 171.28 W, 94 %
2026/03/21 01:55:55.174, 170.99 W, 90 %
2026/03/21 01:55:55.274, 171.21 W, 90 %
2026/03/21 01:55:55.374, 171.06 W, 94 %
2026/03/21 01:55:55.474, 171.03 W, 94 %
2026/03/21 01:55:55.574, 170.94 W, 93 %
2026/03/21 01:55:55.674, 170.72 W, 93 %
2026/03/21 01:55:55.774, 170.49 W, 94 %
2026/03/21 01:55:55.875, 170.97 W, 94 %
2026/03/21 01:55:55.975, 171.04 W, 94 %
2026/03/21 01:55:56.075, 170.64 W, 94 %
2026/03/21 01:55:56.175, 170.87 W, 93 %
2026/03/21 01:55:56.275, 171.01 W, 93 %
2026/03/21 01:55:56.375, 170.83 W, 94 %
2026/03/21 01:55:56.475, 170.85 W, 94 %
2026/03/21 01:55:56.576, 170.75 W, 94 %
2026/03/21 01:55:56.676, 170.74 W, 94 %
2026/03/21 01:55:56.776, 170.76 W, 94 %
2026/03/21 01:55:56.876, 169.84 W, 94 %
2026/03/21 01:55:56.976, 169.85 W, 94 %
2026/03/21 01:55:57.076, 170.26 W, 94 %
2026/03/21 01:55:57.176, 170.58 W, 94 %
2026/03/21 01:55:57.277, 170.49 W, 94 %
2026/03/21 01:55:57.377, 170.52 W, 94 %
2026/03/21 01:55:57.477, 170.95 W, 94 %
2026/03/21 01:55:57.577, 171.11 W, 93 %
2026/03/21 01:55:57.677, 170.90 W, 93 %
2026/03/21 01:55:57.777, 170.78 W, 94 %
2026/03/21 01:55:57.877, 171.42 W, 94 %
2026/03/21 01:55:57.978, 171.38 W, 94 %
2026/03/21 01:55:58.078, 171.16 W, 94 %
2026/03/21 01:55:58.178, 170.84 W, 93 %
2026/03/21 01:55:58.278, 170.76 W, 93 %
2026/03/21 01:55:58.378, 170.73 W, 94 %
2026/03/21 01:55:58.478, 170.50 W, 94 %
2026/03/21 01:55:58.578, 170.41 W, 90 %
2026/03/21 01:55:58.679, 170.86 W, 90 %
2026/03/21 01:55:58.779, 171.17 W, 94 %
2026/03/21 01:55:58.879, 171.04 W, 94 %
2026/03/21 01:55:58.979, 171.06 W, 94 %
2026/03/21 01:55:59.079, 171.20 W, 94 %
2026/03/21 01:55:59.179, 170.98 W, 94 %
2026/03/21 01:55:59.279, 170.99 W, 94 %
2026/03/21 01:55:59.380, 171.47 W, 94 %
2026/03/21 01:55:59.480, 171.46 W, 94 %
2026/03/21 01:55:59.580, 171.44 W, 93 %
2026/03/21 01:55:59.680, 171.01 W, 93 %
2026/03/21 01:55:59.780, 171.24 W, 94 %
2026/03/21 01:55:59.880, 171.64 W, 94 %
2026/03/21 01:55:59.980, 171.88 W, 94 %
2026/03/21 01:56:00.081, 172.08 W, 94 %
2026/03/21 01:56:00.181, 171.78 W, 89 %
2026/03/21 01:56:00.281, 171.78 W, 89 %
2026/03/21 01:56:00.381, 171.74 W, 94 %
2026/03/21 01:56:00.481, 171.63 W, 94 %
2026/03/21 01:56:00.581, 171.77 W, 94 %
2026/03/21 01:56:00.681, 171.90 W, 94 %
2026/03/21 01:56:00.782, 171.60 W, 94 %
2026/03/21 01:56:00.882, 171.20 W, 94 %
2026/03/21 01:56:00.982, 171.06 W, 94 %
2026/03/21 01:56:01.082, 171.31 W, 94 %
2026/03/21 01:56:01.182, 171.58 W, 94 %
2026/03/21 01:56:01.282, 171.51 W, 94 %
2026/03/21 01:56:01.382, 171.32 W, 94 %
2026/03/21 01:56:01.483, 171.15 W, 94 %
2026/03/21 01:56:01.583, 171.35 W, 94 %
2026/03/21 01:56:01.683, 171.54 W, 94 %
2026/03/21 01:56:01.783, 171.84 W, 94 %
2026/03/21 01:56:01.883, 171.13 W, 94 %
2026/03/21 01:56:01.983, 171.48 W, 94 %
2026/03/21 01:56:02.083, 171.54 W, 94 %
2026/03/21 01:56:02.184, 171.76 W, 93 %
2026/03/21 01:56:02.284, 171.91 W, 93 %
2026/03/21 01:56:02.384, 172.05 W, 94 %
2026/03/21 01:56:02.484, 172.15 W, 94 %
2026/03/21 01:56:02.584, 171.98 W, 94 %
2026/03/21 01:56:02.684, 171.86 W, 94 %
2026/03/21 01:56:02.784, 172.21 W, 94 %
2026/03/21 01:56:02.885, 172.20 W, 94 %
2026/03/21 01:56:02.985, 171.99 W, 94 %
2026/03/21 01:56:03.085, 171.91 W, 94 %
2026/03/21 01:56:03.185, 171.61 W, 94 %
2026/03/21 01:56:03.285, 171.19 W, 94 %
2026/03/21 01:56:03.385, 171.25 W, 94 %
2026/03/21 01:56:03.485, 171.09 W, 94 %
2026/03/21 01:56:03.586, 171.51 W, 94 %
2026/03/21 01:56:03.686, 171.56 W, 94 %
2026/03/21 01:56:03.786, 171.46 W, 94 %
2026/03/21 01:56:03.886, 171.57 W, 94 %
2026/03/21 01:56:03.986, 171.66 W, 94 %
2026/03/21 01:56:04.086, 171.61 W, 94 %
2026/03/21 01:56:04.186, 171.70 W, 93 %
2026/03/21 01:56:04.287, 171.60 W, 93 %
2026/03/21 01:56:04.387, 171.45 W, 94 %
2026/03/21 01:56:04.487, 171.40 W, 94 %
2026/03/21 01:56:04.587, 171.62 W, 94 %
2026/03/21 01:56:04.687, 171.49 W, 94 %
2026/03/21 01:56:04.787, 171.33 W, 93 %
2026/03/21 01:56:04.887, 171.60 W, 93 %
2026/03/21 01:56:04.988, 171.21 W, 94 %
2026/03/21 01:56:05.088, 170.91 W, 94 %
2026/03/21 01:56:05.188, 171.31 W, 90 %
2026/03/21 01:56:05.288, 171.76 W, 90 %
2026/03/21 01:56:05.388, 172.03 W, 94 %
2026/03/21 01:56:05.488, 172.07 W, 94 %
2026/03/21 01:56:05.588, 171.78 W, 94 %
2026/03/21 01:56:05.689, 171.80 W, 94 %
2026/03/21 01:56:05.789, 171.85 W, 94 %
2026/03/21 01:56:05.889, 172.07 W, 94 %
2026/03/21 01:56:05.989, 171.97 W, 94 %
2026/03/21 01:56:06.089, 172.05 W, 94 %
2026/03/21 01:56:06.189, 172.16 W, 93 %
2026/03/21 01:56:06.289, 172.24 W, 93 %
2026/03/21 01:56:06.390, 172.20 W, 94 %
2026/03/21 01:56:06.490, 172.30 W, 94 %
2026/03/21 01:56:06.590, 172.34 W, 94 %
2026/03/21 01:56:06.690, 172.26 W, 94 %
2026/03/21 01:56:06.790, 172.01 W, 89 %
2026/03/21 01:56:06.890, 171.82 W, 89 %
2026/03/21 01:56:06.990, 171.88 W, 94 %
2026/03/21 01:56:07.091, 171.64 W, 94 %
2026/03/21 01:56:07.191, 171.46 W, 94 %
2026/03/21 01:56:07.291, 171.39 W, 94 %
2026/03/21 01:56:07.391, 171.08 W, 93 %
2026/03/21 01:56:07.491, 170.87 W, 93 %
2026/03/21 01:56:07.591, 170.65 W, 94 %
2026/03/21 01:56:07.691, 170.76 W, 94 %
2026/03/21 01:56:07.792, 171.20 W, 94 %
2026/03/21 01:56:07.892, 171.36 W, 94 %
2026/03/21 01:56:07.992, 171.47 W, 94 %
2026/03/21 01:56:08.092, 171.94 W, 94 %
2026/03/21 01:56:08.192, 171.99 W, 94 %
2026/03/21 01:56:08.292, 171.80 W, 94 %
2026/03/21 01:56:08.393, 171.45 W, 94 %
2026/03/21 01:56:08.493, 163.22 W, 94 %
2026/03/21 01:56:08.593, 155.68 W, 0 %
2026/03/21 01:56:08.693, 155.72 W, 0 %
2026/03/21 01:56:08.793, 155.72 W, 94 %
2026/03/21 01:56:08.894, 155.25 W, 94 %
2026/03/21 01:56:08.994, 155.13 W, 93 %
2026/03/21 01:56:09.094, 155.19 W, 93 %
2026/03/21 01:56:09.194, 155.18 W, 94 %
2026/03/21 01:56:09.294, 155.28 W, 94 %
2026/03/21 01:56:09.394, 155.48 W, 94 %
2026/03/21 01:56:09.494, 164.04 W, 94 %
2026/03/21 01:56:09.595, 171.72 W, 94 %
2026/03/21 01:56:09.695, 171.70 W, 94 %
2026/03/21 01:56:09.795, 171.61 W, 94 %
2026/03/21 01:56:09.895, 171.33 W, 94 %
2026/03/21 01:56:09.995, 171.61 W, 94 %
2026/03/21 01:56:10.095, 171.52 W, 94 %
2026/03/21 01:56:10.195, 171.53 W, 94 %
2026/03/21 01:56:10.296, 170.82 W, 94 %
2026/03/21 01:56:10.396, 171.16 W, 94 %
2026/03/21 01:56:10.496, 171.10 W, 94 %
2026/03/21 01:56:10.596, 171.16 W, 94 %
2026/03/21 01:56:10.696, 171.26 W, 94 %
2026/03/21 01:56:10.796, 171.13 W, 94 %
2026/03/21 01:56:10.896, 171.37 W, 94 %
2026/03/21 01:56:10.997, 171.18 W, 93 %
2026/03/21 01:56:11.097, 171.22 W, 93 %
2026/03/21 01:56:11.197, 171.07 W, 94 %
2026/03/21 01:56:11.297, 171.81 W, 94 %
2026/03/21 01:56:11.397, 171.66 W, 94 %
2026/03/21 01:56:11.497, 171.66 W, 94 %
2026/03/21 01:56:11.597, 171.55 W, 93 %
2026/03/21 01:56:11.698, 171.38 W, 93 %
2026/03/21 01:56:11.798, 171.34 W, 94 %
2026/03/21 01:56:11.898, 170.83 W, 94 %
2026/03/21 01:56:11.998, 170.72 W, 90 %
2026/03/21 01:56:12.098, 170.89 W, 90 %
2026/03/21 01:56:12.198, 170.77 W, 94 %
2026/03/21 01:56:12.298, 170.59 W, 94 %
2026/03/21 01:56:12.399, 170.74 W, 94 %
2026/03/21 01:56:12.499, 170.49 W, 94 %
2026/03/21 01:56:12.599, 170.54 W, 94 %
2026/03/21 01:56:12.699, 170.93 W, 94 %
2026/03/21 01:56:12.799, 170.93 W, 94 %
2026/03/21 01:56:12.899, 170.96 W, 94 %
2026/03/21 01:56:12.999, 171.45 W, 93 %
2026/03/21 01:56:13.100, 171.33 W, 93 %
2026/03/21 01:56:13.200, 171.34 W, 94 %
2026/03/21 01:56:13.300, 171.60 W, 94 %
2026/03/21 01:56:13.400, 171.44 W, 94 %
2026/03/21 01:56:13.500, 171.53 W, 94 %
2026/03/21 01:56:13.600, 170.79 W, 89 %
2026/03/21 01:56:13.700, 170.51 W, 89 %
2026/03/21 01:56:13.801, 170.49 W, 94 %
2026/03/21 01:56:13.901, 170.91 W, 94 %
2026/03/21 01:56:14.001, 170.87 W, 94 %
2026/03/21 01:56:14.101, 170.92 W, 94 %
2026/03/21 01:56:14.201, 170.99 W, 94 %
2026/03/21 01:56:14.301, 171.04 W, 94 %
2026/03/21 01:56:14.401, 170.84 W, 94 %
2026/03/21 01:56:14.502, 170.95 W, 94 %
2026/03/21 01:56:14.602, 171.79 W, 94 %
2026/03/21 01:56:14.702, 171.85 W, 94 %
2026/03/21 01:56:14.802, 171.73 W, 94 %
2026/03/21 01:56:14.902, 171.46 W, 94 %
2026/03/21 01:56:15.002, 171.52 W, 94 %
2026/03/21 01:56:15.102, 171.73 W, 94 %
2026/03/21 01:56:15.203, 171.07 W, 94 %
2026/03/21 01:56:15.303, 171.12 W, 94 %
2026/03/21 01:56:15.403, 171.04 W, 94 %
2026/03/21 01:56:15.503, 171.01 W, 94 %
2026/03/21 01:56:15.603, 170.79 W, 93 %
2026/03/21 01:56:15.703, 170.81 W, 93 %
2026/03/21 01:56:15.803, 170.59 W, 94 %
2026/03/21 01:56:15.904, 170.85 W, 94 %
2026/03/21 01:56:16.004, 170.88 W, 94 %
2026/03/21 01:56:16.104, 170.65 W, 94 %
2026/03/21 01:56:16.204, 170.80 W, 94 %
2026/03/21 01:56:16.304, 171.06 W, 94 %
2026/03/21 01:56:16.404, 171.20 W, 94 %
2026/03/21 01:56:16.504, 171.19 W, 94 %
2026/03/21 01:56:16.605, 171.38 W, 94 %
2026/03/21 01:56:16.705, 171.48 W, 94 %
2026/03/21 01:56:16.805, 171.55 W, 94 %
2026/03/21 01:56:16.905, 171.24 W, 94 %
2026/03/21 01:56:17.005, 170.98 W, 94 %
2026/03/21 01:56:17.105, 170.71 W, 94 %
2026/03/21 01:56:17.205, 170.76 W, 94 %
2026/03/21 01:56:17.306, 170.89 W, 94 %
2026/03/21 01:56:17.406, 170.84 W, 94 %
2026/03/21 01:56:17.506, 170.91 W, 94 %
2026/03/21 01:56:17.606, 170.56 W, 93 %
2026/03/21 01:56:17.706, 170.31 W, 93 %
2026/03/21 01:56:17.806, 170.30 W, 94 %
2026/03/21 01:56:17.906, 170.62 W, 94 %
2026/03/21 01:56:18.007, 170.77 W, 94 %
2026/03/21 01:56:18.107, 171.17 W, 94 %
2026/03/21 01:56:18.207, 170.75 W, 94 %
2026/03/21 01:56:18.307, 170.04 W, 94 %
2026/03/21 01:56:18.407, 169.77 W, 94 %
2026/03/21 01:56:18.507, 169.87 W, 94 %
2026/03/21 01:56:18.607, 169.65 W, 90 %
2026/03/21 01:56:18.708, 169.75 W, 90 %
2026/03/21 01:56:18.808, 170.16 W, 94 %
2026/03/21 01:56:18.908, 169.83 W, 94 %
2026/03/21 01:56:19.008, 169.78 W, 94 %
2026/03/21 01:56:19.108, 169.76 W, 94 %
2026/03/21 01:56:19.208, 170.35 W, 94 %
2026/03/21 01:56:19.309, 170.82 W, 94 %
2026/03/21 01:56:19.409, 171.27 W, 94 %
2026/03/21 01:56:19.509, 171.42 W, 94 %
2026/03/21 01:56:19.609, 171.72 W, 93 %
2026/03/21 01:56:19.709, 172.10 W, 93 %
2026/03/21 01:56:19.809, 171.74 W, 94 %
2026/03/21 01:56:19.909, 171.77 W, 94 %
2026/03/21 01:56:20.010, 171.80 W, 94 %
2026/03/21 01:56:20.110, 171.86 W, 94 %
2026/03/21 01:56:20.210, 169.74 W, 83 %
2026/03/21 01:56:20.310, 169.66 W, 83 %
2026/03/21 01:56:20.410, 169.63 W, 94 %
2026/03/21 01:56:20.510, 170.04 W, 94 %
2026/03/21 01:56:20.610, 169.98 W, 94 %
2026/03/21 01:56:20.711, 169.42 W, 94 %
2026/03/21 01:56:20.811, 169.67 W, 94 %
2026/03/21 01:56:20.911, 169.79 W, 94 %
2026/03/21 01:56:21.011, 169.83 W, 94 %
2026/03/21 01:56:21.111, 169.78 W, 94 %
2026/03/21 01:56:21.211, 171.84 W, 94 %
2026/03/21 01:56:21.311, 172.12 W, 94 %
2026/03/21 01:56:21.412, 172.20 W, 94 %
2026/03/21 01:56:21.512, 171.86 W, 94 %
2026/03/21 01:56:21.612, 171.85 W, 93 %
2026/03/21 01:56:21.712, 171.89 W, 93 %
2026/03/21 01:56:21.812, 171.96 W, 94 %
2026/03/21 01:56:21.912, 171.62 W, 94 %
2026/03/21 01:56:22.012, 171.60 W, 94 %
2026/03/21 01:56:22.113, 171.62 W, 94 %
2026/03/21 01:56:22.213, 171.68 W, 93 %
2026/03/21 01:56:22.313, 171.24 W, 93 %
2026/03/21 01:56:22.413, 170.98 W, 94 %
2026/03/21 01:56:22.513, 171.18 W, 94 %
2026/03/21 01:56:22.613, 170.97 W, 94 %
2026/03/21 01:56:22.713, 170.83 W, 94 %
2026/03/21 01:56:22.814, 170.87 W, 94 %
2026/03/21 01:56:22.914, 171.11 W, 94 %
2026/03/21 01:56:23.014, 170.86 W, 94 %
2026/03/21 01:56:23.114, 170.59 W, 94 %
2026/03/21 01:56:23.214, 170.73 W, 94 %
2026/03/21 01:56:23.314, 170.94 W, 94 %
2026/03/21 01:56:23.414, 170.95 W, 94 %
2026/03/21 01:56:23.515, 170.45 W, 94 %
2026/03/21 01:56:23.615, 170.81 W, 89 %
2026/03/21 01:56:23.715, 170.85 W, 89 %
2026/03/21 01:56:23.815, 170.63 W, 94 %
2026/03/21 01:56:23.915, 170.86 W, 94 %
2026/03/21 01:56:24.015, 170.74 W, 94 %
2026/03/21 01:56:24.115, 171.13 W, 94 %
2026/03/21 01:56:24.216, 171.07 W, 93 %
2026/03/21 01:56:24.316, 171.19 W, 93 %
2026/03/21 01:56:24.416, 171.28 W, 94 %
2026/03/21 01:56:24.516, 171.71 W, 94 %
2026/03/21 01:56:24.616, 171.17 W, 94 %
2026/03/21 01:56:24.716, 171.28 W, 94 %
2026/03/21 01:56:24.816, 171.14 W, 94 %
2026/03/21 01:56:24.917, 170.82 W, 94 %
2026/03/21 01:56:25.017, 170.95 W, 94 %
2026/03/21 01:56:25.117, 170.84 W, 94 %
2026/03/21 01:56:25.217, 170.53 W, 90 %
2026/03/21 01:56:25.317, 170.30 W, 90 %
2026/03/21 01:56:25.417, 170.18 W, 94 %
2026/03/21 01:56:25.517, 169.78 W, 94 %
2026/03/21 01:56:25.618, 170.05 W, 93 %
2026/03/21 01:56:25.718, 170.06 W, 93 %
2026/03/21 01:56:25.818, 170.27 W, 94 %
2026/03/21 01:56:25.918, 170.55 W, 94 %
2026/03/21 01:56:26.018, 170.62 W, 94 %
2026/03/21 01:56:26.118, 170.28 W, 94 %
2026/03/21 01:56:26.218, 170.61 W, 93 %
2026/03/21 01:56:26.319, 170.80 W, 93 %
2026/03/21 01:56:26.419, 171.02 W, 94 %
2026/03/21 01:56:26.519, 171.57 W, 94 %
2026/03/21 01:56:26.619, 171.23 W, 94 %
2026/03/21 01:56:26.719, 171.18 W, 94 %
2026/03/21 01:56:26.819, 171.08 W, 94 %
2026/03/21 01:56:26.919, 170.65 W, 94 %
2026/03/21 01:56:27.020, 170.61 W, 94 %
2026/03/21 01:56:27.120, 170.46 W, 94 %
2026/03/21 01:56:27.220, 170.66 W, 94 %
2026/03/21 01:56:27.320, 170.67 W, 94 %
2026/03/21 01:56:27.420, 170.45 W, 94 %
2026/03/21 01:56:27.520, 170.05 W, 94 %
2026/03/21 01:56:27.620, 170.47 W, 94 %
2026/03/21 01:56:27.721, 170.73 W, 94 %
2026/03/21 01:56:27.821, 170.87 W, 94 %
2026/03/21 01:56:27.921, 171.27 W, 94 %
2026/03/21 01:56:28.021, 171.86 W, 94 %
2026/03/21 01:56:28.121, 172.25 W, 94 %
2026/03/21 01:56:28.221, 172.16 W, 93 %
2026/03/21 01:56:28.321, 172.04 W, 93 %
2026/03/21 01:56:28.422, 171.94 W, 94 %
2026/03/21 01:56:28.522, 171.79 W, 94 %
2026/03/21 01:56:28.622, 171.61 W, 94 %
2026/03/21 01:56:28.722, 171.56 W, 94 %
2026/03/21 01:56:28.822, 171.53 W, 94 %
2026/03/21 01:56:28.922, 171.07 W, 94 %
2026/03/21 01:56:29.022, 170.86 W, 94 %
2026/03/21 01:56:29.123, 170.76 W, 94 %
2026/03/21 01:56:29.223, 170.58 W, 94 %
2026/03/21 01:56:29.323, 170.75 W, 94 %
2026/03/21 01:56:29.423, 170.85 W, 94 %
2026/03/21 01:56:29.523, 170.90 W, 94 %
2026/03/21 01:56:29.623, 171.08 W, 94 %
2026/03/21 01:56:29.723, 170.85 W, 94 %
2026/03/21 01:56:29.824, 170.97 W, 94 %
2026/03/21 01:56:29.924, 171.35 W, 94 %
2026/03/21 01:56:30.024, 171.29 W, 94 %
2026/03/21 01:56:30.124, 170.94 W, 94 %
2026/03/21 01:56:30.224, 171.00 W, 89 %
2026/03/21 01:56:30.324, 170.97 W, 89 %
2026/03/21 01:56:30.424, 170.78 W, 94 %
2026/03/21 01:56:30.525, 170.98 W, 94 %
2026/03/21 01:56:30.625, 170.84 W, 94 %
2026/03/21 01:56:30.725, 170.96 W, 94 %
2026/03/21 01:56:30.825, 170.72 W, 94 %
2026/03/21 01:56:30.925, 170.56 W, 94 %
2026/03/21 01:56:31.025, 170.48 W, 94 %
2026/03/21 01:56:31.126, 170.58 W, 94 %
2026/03/21 01:56:31.226, 171.15 W, 94 %
2026/03/21 01:56:31.326, 171.43 W, 94 %
2026/03/21 01:56:31.426, 171.31 W, 94 %
2026/03/21 01:56:31.526, 171.34 W, 94 %
2026/03/21 01:56:31.626, 171.27 W, 94 %
2026/03/21 01:56:31.726, 171.40 W, 94 %
2026/03/21 01:56:31.827, 171.53 W, 90 %
2026/03/21 01:56:31.927, 171.84 W, 90 %
2026/03/21 01:56:32.027, 171.99 W, 94 %
2026/03/21 01:56:32.127, 171.43 W, 94 %
2026/03/21 01:56:32.227, 171.22 W, 93 %
2026/03/21 01:56:32.327, 170.81 W, 93 %
2026/03/21 01:56:32.427, 170.71 W, 94 %
2026/03/21 01:56:32.528, 171.24 W, 94 %
2026/03/21 01:56:32.628, 171.28 W, 94 %
2026/03/21 01:56:32.728, 171.24 W, 94 %
2026/03/21 01:56:32.828, 171.29 W, 93 %
2026/03/21 01:56:32.928, 171.14 W, 93 %
2026/03/21 01:56:33.028, 170.66 W, 94 %
2026/03/21 01:56:33.128, 170.99 W, 94 %
2026/03/21 01:56:33.229, 171.14 W, 94 %
2026/03/21 01:56:33.329, 171.01 W, 94 %
2026/03/21 01:56:33.429, 170.48 W, 94 %
2026/03/21 01:56:33.529, 170.32 W, 94 %
2026/03/21 01:56:33.629, 170.06 W, 94 %
2026/03/21 01:56:33.729, 170.24 W, 94 %
2026/03/21 01:56:33.829, 170.38 W, 94 %
2026/03/21 01:56:33.930, 170.24 W, 94 %
2026/03/21 01:56:34.030, 170.66 W, 94 %
2026/03/21 01:56:34.130, 170.56 W, 94 %
2026/03/21 01:56:34.230, 170.61 W, 93 %
2026/03/21 01:56:34.330, 171.03 W, 93 %
2026/03/21 01:56:34.430, 172.07 W, 94 %
2026/03/21 01:56:34.530, 172.12 W, 94 %
2026/03/21 01:56:34.631, 171.79 W, 94 %
2026/03/21 01:56:34.731, 171.57 W, 94 %
2026/03/21 01:56:34.831, 171.73 W, 93 %
2026/03/21 01:56:34.931, 171.82 W, 93 %
2026/03/21 01:56:35.031, 171.85 W, 94 %
2026/03/21 01:56:35.131, 171.48 W, 94 %
2026/03/21 01:56:35.231, 171.63 W, 94 %
2026/03/21 01:56:35.332, 171.42 W, 94 %
2026/03/21 01:56:35.432, 170.79 W, 94 %
2026/03/21 01:56:35.532, 170.87 W, 94 %
2026/03/21 01:56:35.632, 171.27 W, 94 %
2026/03/21 01:56:35.732, 171.15 W, 94 %
2026/03/21 01:56:35.832, 171.08 W, 94 %
2026/03/21 01:56:35.932, 171.01 W, 94 %
2026/03/21 01:56:36.033, 171.06 W, 94 %
2026/03/21 01:56:36.133, 171.58 W, 94 %
2026/03/21 01:56:36.233, 171.40 W, 94 %
2026/03/21 01:56:36.333, 171.43 W, 94 %
2026/03/21 01:56:36.433, 171.40 W, 94 %
2026/03/21 01:56:36.533, 171.29 W, 94 %
2026/03/21 01:56:36.633, 171.21 W, 94 %
2026/03/21 01:56:36.734, 170.49 W, 94 %
2026/03/21 01:56:36.834, 170.57 W, 89 %
2026/03/21 01:56:36.934, 170.55 W, 89 %
2026/03/21 01:56:37.034, 170.60 W, 94 %
2026/03/21 01:56:37.134, 170.67 W, 94 %
2026/03/21 01:56:37.234, 170.92 W, 94 %
2026/03/21 01:56:37.334, 170.87 W, 94 %
2026/03/21 01:56:37.435, 171.07 W, 93 %
2026/03/21 01:56:37.535, 171.14 W, 93 %
2026/03/21 01:56:37.635, 171.58 W, 94 %
2026/03/21 01:56:37.735, 172.33 W, 94 %
2026/03/21 01:56:37.835, 172.37 W, 94 %
2026/03/21 01:56:37.935, 172.46 W, 94 %
2026/03/21 01:56:38.035, 172.29 W, 94 %
2026/03/21 01:56:38.136, 172.18 W, 94 %
2026/03/21 01:56:38.236, 172.39 W, 94 %
2026/03/21 01:56:38.336, 172.29 W, 94 %
2026/03/21 01:56:38.436, 172.21 W, 90 %
2026/03/21 01:56:38.536, 172.16 W, 90 %
2026/03/21 01:56:38.636, 171.79 W, 94 %
2026/03/21 01:56:38.736, 171.47 W, 94 %
2026/03/21 01:56:38.837, 171.55 W, 94 %
2026/03/21 01:56:38.937, 171.53 W, 94 %
2026/03/21 01:56:39.037, 171.22 W, 94 %
2026/03/21 01:56:39.137, 171.32 W, 94 %
2026/03/21 01:56:39.237, 171.04 W, 94 %
2026/03/21 01:56:39.337, 171.08 W, 94 %
2026/03/21 01:56:39.438, 171.25 W, 93 %
2026/03/21 01:56:39.538, 171.66 W, 93 %
2026/03/21 01:56:39.638, 171.58 W, 94 %
2026/03/21 01:56:39.738, 171.80 W, 94 %
2026/03/21 01:56:39.838, 171.92 W, 94 %
2026/03/21 01:56:39.938, 171.92 W, 94 %
2026/03/21 01:56:40.038, 171.51 W, 94 %
2026/03/21 01:56:40.139, 171.66 W, 94 %
2026/03/21 01:56:40.239, 171.39 W, 94 %
2026/03/21 01:56:40.339, 171.71 W, 94 %
2026/03/21 01:56:40.439, 171.84 W, 94 %
2026/03/21 01:56:40.539, 171.71 W, 94 %
2026/03/21 01:56:40.639, 171.70 W, 94 %
2026/03/21 01:56:40.739, 171.77 W, 94 %
2026/03/21 01:56:40.840, 171.67 W, 94 %
2026/03/21 01:56:40.940, 171.84 W, 94 %
2026/03/21 01:56:41.040, 172.69 W, 94 %
2026/03/21 01:56:41.140, 172.50 W, 94 %
2026/03/21 01:56:41.240, 172.37 W, 94 %
2026/03/21 01:56:41.340, 172.19 W, 94 %
2026/03/21 01:56:41.440, 172.13 W, 93 %
2026/03/21 01:56:41.541, 171.46 W, 93 %
2026/03/21 01:56:41.641, 170.94 W, 94 %
2026/03/21 01:56:41.741, 171.43 W, 94 %
2026/03/21 01:56:41.841, 171.71 W, 94 %
2026/03/21 01:56:41.941, 171.83 W, 94 %
2026/03/21 01:56:42.041, 171.19 W, 93 %
2026/03/21 01:56:42.141, 171.09 W, 93 %
2026/03/21 01:56:42.242, 171.22 W, 94 %
2026/03/21 01:56:42.342, 171.32 W, 94 %
2026/03/21 01:56:42.442, 171.22 W, 94 %
2026/03/21 01:56:42.542, 171.72 W, 94 %
2026/03/21 01:56:42.642, 172.43 W, 94 %
2026/03/21 01:56:42.742, 172.02 W, 94 %
2026/03/21 01:56:42.842, 171.43 W, 94 %
2026/03/21 01:56:42.943, 171.64 W, 94 %
2026/03/21 01:56:43.043, 172.32 W, 94 %
2026/03/21 01:56:43.143, 172.12 W, 94 %
2026/03/21 01:56:43.243, 172.40 W, 94 %
2026/03/21 01:56:43.343, 172.10 W, 94 %
2026/03/21 01:56:43.443, 172.18 W, 94 %
2026/03/21 01:56:43.543, 172.18 W, 94 %
2026/03/21 01:56:43.644, 171.82 W, 94 %
2026/03/21 01:56:43.744, 172.16 W, 94 %
2026/03/21 01:56:43.844, 172.32 W, 94 %
2026/03/21 01:56:43.944, 172.02 W, 94 %
2026/03/21 01:56:44.044, 171.86 W, 93 %
2026/03/21 01:56:44.144, 172.01 W, 93 %
2026/03/21 01:56:44.244, 171.62 W, 94 %
2026/03/21 01:56:44.345, 172.05 W, 94 %
2026/03/21 01:56:44.445, 171.81 W, 94 %
2026/03/21 01:56:44.545, 171.59 W, 94 %
2026/03/21 01:56:44.645, 171.53 W, 94 %
2026/03/21 01:56:44.745, 171.40 W, 94 %
2026/03/21 01:56:44.845, 171.44 W, 94 %
2026/03/21 01:56:44.945, 170.97 W, 94 %
2026/03/21 01:56:45.046, 170.91 W, 90 %
2026/03/21 01:56:45.146, 170.68 W, 90 %
2026/03/21 01:56:45.246, 170.98 W, 94 %
2026/03/21 01:56:45.346, 170.60 W, 94 %
2026/03/21 01:56:45.446, 170.50 W, 94 %
2026/03/21 01:56:45.546, 170.80 W, 94 %
2026/03/21 01:56:45.646, 171.06 W, 94 %
2026/03/21 01:56:45.747, 170.77 W, 94 %
2026/03/21 01:56:45.847, 170.71 W, 94 %
2026/03/21 01:56:45.947, 170.91 W, 94 %
2026/03/21 01:56:46.047, 171.04 W, 93 %
2026/03/21 01:56:46.147, 171.31 W, 93 %
2026/03/21 01:56:46.247, 171.05 W, 94 %
2026/03/21 01:56:46.347, 171.20 W, 94 %
2026/03/21 01:56:46.448, 171.10 W, 94 %
2026/03/21 01:56:46.548, 170.83 W, 94 %
2026/03/21 01:56:46.648, 170.12 W, 93 %
2026/03/21 01:56:46.748, 170.09 W, 93 %
2026/03/21 01:56:46.848, 169.92 W, 94 %
2026/03/21 01:56:46.948, 169.91 W, 94 %
2026/03/21 01:56:47.048, 169.69 W, 94 %
2026/03/21 01:56:47.149, 169.35 W, 94 %
2026/03/21 01:56:47.249, 169.53 W, 94 %
2026/03/21 01:56:47.349, 169.70 W, 94 %
2026/03/21 01:56:47.449, 169.74 W, 94 %
2026/03/21 01:56:47.549, 169.75 W, 94 %
2026/03/21 01:56:47.649, 170.68 W, 94 %
2026/03/21 01:56:47.749, 170.67 W, 94 %
2026/03/21 01:56:47.850, 170.88 W, 94 %
2026/03/21 01:56:47.950, 171.08 W, 94 %
2026/03/21 01:56:48.050, 170.89 W, 93 %
2026/03/21 01:56:48.150, 171.03 W, 93 %
2026/03/21 01:56:48.250, 170.48 W, 94 %
2026/03/21 01:56:48.350, 170.23 W, 94 %
2026/03/21 01:56:48.450, 170.55 W, 94 %
2026/03/21 01:56:48.551, 170.53 W, 94 %
2026/03/21 01:56:48.651, 170.28 W, 93 %
2026/03/21 01:56:48.751, 170.21 W, 93 %
2026/03/21 01:56:48.851, 170.12 W, 94 %
2026/03/21 01:56:48.951, 169.82 W, 94 %
2026/03/21 01:56:49.051, 170.14 W, 94 %
2026/03/21 01:56:49.151, 170.41 W, 94 %
2026/03/21 01:56:49.252, 170.29 W, 94 %
2026/03/21 01:56:49.352, 170.93 W, 94 %
2026/03/21 01:56:49.452, 170.69 W, 94 %
2026/03/21 01:56:49.552, 170.75 W, 94 %
2026/03/21 01:56:49.652, 170.90 W, 94 %
2026/03/21 01:56:49.752, 171.03 W, 94 %
2026/03/21 01:56:49.852, 171.22 W, 94 %
2026/03/21 01:56:49.953, 170.84 W, 94 %
2026/03/21 01:56:50.053, 170.32 W, 89 %
2026/03/21 01:56:50.153, 170.40 W, 89 %
2026/03/21 01:56:50.253, 170.63 W, 94 %
2026/03/21 01:56:50.353, 170.31 W, 94 %
2026/03/21 01:56:50.453, 170.59 W, 94 %
2026/03/21 01:56:50.553, 170.37 W, 94 %
2026/03/21 01:56:50.654, 170.43 W, 93 %
2026/03/21 01:56:50.754, 170.31 W, 93 %
2026/03/21 01:56:50.854, 170.23 W, 94 %
2026/03/21 01:56:50.954, 170.81 W, 94 %
2026/03/21 01:56:51.054, 171.25 W, 94 %
2026/03/21 01:56:51.154, 171.13 W, 94 %
2026/03/21 01:56:51.254, 171.15 W, 94 %
2026/03/21 01:56:51.355, 171.44 W, 94 %
2026/03/21 01:56:51.455, 171.42 W, 94 %
2026/03/21 01:56:51.555, 170.79 W, 94 %
2026/03/21 01:56:51.655, 170.22 W, 90 %
2026/03/21 01:56:51.755, 170.02 W, 90 %
2026/03/21 01:56:51.855, 170.10 W, 94 %
2026/03/21 01:56:51.955, 169.97 W, 94 %
2026/03/21 01:56:52.056, 169.74 W, 93 %
2026/03/21 01:56:52.156, 169.30 W, 93 %
2026/03/21 01:56:52.256, 169.32 W, 94 %
2026/03/21 01:56:52.356, 169.17 W, 94 %
2026/03/21 01:56:52.456, 169.28 W, 94 %
2026/03/21 01:56:52.556, 169.35 W, 94 %
2026/03/21 01:56:52.656, 170.21 W, 93 %
2026/03/21 01:56:52.757, 170.47 W, 93 %
2026/03/21 01:56:52.857, 170.39 W, 94 %
2026/03/21 01:56:52.957, 170.27 W, 94 %
2026/03/21 01:56:53.057, 170.08 W, 94 %
2026/03/21 01:56:53.157, 170.15 W, 94 %
2026/03/21 01:56:53.257, 169.85 W, 94 %
2026/03/21 01:56:53.357, 169.47 W, 94 %
2026/03/21 01:56:53.458, 169.19 W, 94 %
2026/03/21 01:56:53.558, 168.91 W, 94 %
2026/03/21 01:56:53.658, 168.94 W, 94 %
2026/03/21 01:56:53.758, 168.91 W, 94 %
2026/03/21 01:56:53.858, 169.38 W, 94 %
2026/03/21 01:56:53.958, 169.55 W, 94 %
2026/03/21 01:56:54.058, 169.67 W, 93 %
2026/03/21 01:56:54.159, 170.05 W, 93 %
2026/03/21 01:56:54.259, 170.63 W, 94 %
2026/03/21 01:56:54.359, 170.65 W, 94 %
2026/03/21 01:56:54.459, 170.87 W, 94 %
2026/03/21 01:56:54.559, 171.10 W, 94 %
2026/03/21 01:56:54.659, 171.37 W, 93 %
2026/03/21 01:56:54.759, 171.30 W, 93 %
2026/03/21 01:56:54.860, 171.13 W, 94 %
2026/03/21 01:56:54.960, 171.01 W, 94 %
2026/03/21 01:56:55.060, 171.07 W, 90 %
2026/03/21 01:56:55.160, 170.98 W, 90 %
2026/03/21 01:56:55.260, 170.68 W, 94 %
2026/03/21 01:56:55.360, 170.75 W, 94 %
2026/03/21 01:56:55.460, 170.85 W, 94 %
2026/03/21 01:56:55.561, 170.86 W, 94 %
2026/03/21 01:56:55.661, 170.81 W, 94 %
2026/03/21 01:56:55.761, 170.78 W, 94 %
2026/03/21 01:56:55.861, 170.58 W, 94 %
2026/03/21 01:56:55.961, 170.74 W, 94 %
2026/03/21 01:56:56.061, 170.91 W, 93 %
2026/03/21 01:56:56.161, 170.96 W, 93 %
2026/03/21 01:56:56.262, 171.01 W, 94 %
2026/03/21 01:56:56.362, 170.83 W, 94 %
2026/03/21 01:56:56.462, 171.09 W, 94 %
2026/03/21 01:56:56.562, 170.55 W, 94 %
2026/03/21 01:56:56.662, 170.31 W, 89 %
2026/03/21 01:56:56.762, 170.52 W, 89 %
2026/03/21 01:56:56.862, 170.55 W, 94 %
2026/03/21 01:56:56.963, 170.73 W, 94 %
2026/03/21 01:56:57.063, 170.59 W, 94 %
2026/03/21 01:56:57.163, 170.66 W, 94 %
2026/03/21 01:56:57.263, 170.55 W, 94 %
2026/03/21 01:56:57.363, 170.64 W, 94 %
2026/03/21 01:56:57.463, 170.29 W, 94 %
2026/03/21 01:56:57.563, 170.38 W, 94 %
2026/03/21 01:56:57.664, 170.91 W, 94 %
2026/03/21 01:56:57.764, 170.63 W, 94 %
2026/03/21 01:56:57.864, 170.42 W, 94 %
2026/03/21 01:56:57.964, 170.09 W, 94 %
2026/03/21 01:56:58.064, 169.93 W, 93 %
2026/03/21 01:56:58.164, 170.13 W, 93 %
2026/03/21 01:56:58.264, 169.83 W, 94 %
2026/03/21 01:56:58.365, 169.63 W, 94 %
2026/03/21 01:56:58.465, 169.96 W, 94 %
2026/03/21 01:56:58.565, 170.09 W, 94 %
2026/03/21 01:56:58.665, 169.98 W, 93 %
2026/03/21 01:56:58.765, 169.98 W, 93 %
2026/03/21 01:56:58.865, 170.23 W, 94 %
2026/03/21 01:56:58.965, 170.78 W, 94 %
2026/03/21 01:56:59.066, 170.74 W, 94 %
2026/03/21 01:56:59.166, 170.54 W, 94 %
2026/03/21 01:56:59.266, 170.54 W, 93 %
2026/03/21 01:56:59.366, 170.66 W, 93 %
2026/03/21 01:56:59.466, 170.35 W, 94 %
2026/03/21 01:56:59.566, 170.16 W, 94 %
2026/03/21 01:56:59.666, 170.13 W, 94 %
2026/03/21 01:56:59.767, 170.40 W, 94 %
2026/03/21 01:56:59.867, 169.73 W, 94 %
2026/03/21 01:56:59.967, 169.21 W, 94 %
2026/03/21 01:57:00.067, 169.32 W, 94 %
2026/03/21 01:57:00.167, 169.49 W, 94 %
2026/03/21 01:57:00.267, 170.15 W, 94 %
2026/03/21 01:57:00.367, 170.35 W, 94 %
2026/03/21 01:57:00.468, 170.41 W, 94 %
2026/03/21 01:57:00.568, 170.47 W, 94 %
2026/03/21 01:57:00.668, 170.69 W, 94 %
2026/03/21 01:57:00.768, 170.41 W, 94 %
2026/03/21 01:57:00.868, 170.66 W, 94 %
2026/03/21 01:57:00.968, 171.23 W, 94 %
2026/03/21 01:57:01.068, 171.59 W, 94 %
2026/03/21 01:57:01.169, 171.68 W, 94 %
2026/03/21 01:57:01.269, 171.23 W, 93 %
2026/03/21 01:57:01.369, 171.20 W, 93 %
2026/03/21 01:57:01.469, 171.47 W, 94 %
2026/03/21 01:57:01.569, 171.18 W, 94 %
2026/03/21 01:57:01.669, 171.21 W, 94 %
2026/03/21 01:57:01.769, 171.27 W, 94 %
2026/03/21 01:57:01.870, 170.98 W, 94 %
2026/03/21 01:57:01.970, 170.88 W, 94 %
2026/03/21 01:57:02.070, 170.27 W, 94 %
2026/03/21 01:57:02.170, 170.00 W, 94 %
2026/03/21 01:57:02.270, 170.32 W, 94 %
2026/03/21 01:57:02.370, 170.15 W, 94 %
2026/03/21 01:57:02.470, 169.84 W, 94 %
2026/03/21 01:57:02.571, 170.13 W, 94 %
2026/03/21 01:57:02.671, 170.06 W, 94 %
2026/03/21 01:57:02.771, 170.32 W, 94 %
2026/03/21 01:57:02.871, 170.39 W, 94 %
2026/03/21 01:57:02.971, 170.13 W, 94 %
2026/03/21 01:57:03.071, 170.64 W, 94 %
2026/03/21 01:57:03.171, 170.68 W, 94 %
2026/03/21 01:57:03.272, 170.22 W, 89 %
2026/03/21 01:57:03.372, 170.06 W, 89 %
2026/03/21 01:57:03.472, 170.37 W, 94 %
2026/03/21 01:57:03.572, 170.65 W, 94 %
2026/03/21 01:57:03.672, 170.55 W, 94 %
2026/03/21 01:57:03.772, 170.34 W, 94 %
2026/03/21 01:57:03.872, 170.22 W, 94 %
2026/03/21 01:57:03.973, 170.73 W, 94 %
2026/03/21 01:57:04.073, 170.53 W, 94 %
2026/03/21 01:57:04.173, 170.43 W, 94 %
2026/03/21 01:57:04.273, 170.75 W, 94 %
2026/03/21 01:57:04.373, 170.88 W, 94 %
2026/03/21 01:57:04.473, 170.74 W, 94 %
2026/03/21 01:57:04.573, 170.43 W, 94 %
2026/03/21 01:57:04.674, 170.53 W, 94 %
2026/03/21 01:57:04.774, 170.73 W, 94 %
2026/03/21 01:57:04.874, 170.45 W, 90 %
2026/03/21 01:57:04.974, 170.46 W, 90 %
2026/03/21 01:57:05.074, 170.64 W, 94 %
2026/03/21 01:57:05.174, 170.86 W, 94 %
2026/03/21 01:57:05.274, 170.88 W, 93 %
2026/03/21 01:57:05.375, 171.07 W, 93 %
2026/03/21 01:57:05.475, 171.18 W, 94 %
2026/03/21 01:57:05.575, 171.51 W, 94 %
2026/03/21 01:57:05.675, 171.60 W, 94 %
2026/03/21 01:57:05.775, 171.34 W, 94 %
2026/03/21 01:57:05.875, 171.34 W, 93 %
2026/03/21 01:57:05.975, 171.82 W, 93 %
2026/03/21 01:57:06.076, 171.85 W, 94 %
2026/03/21 01:57:06.176, 171.83 W, 94 %
2026/03/21 01:57:06.276, 171.56 W, 94 %
2026/03/21 01:57:06.376, 171.56 W, 94 %
2026/03/21 01:57:06.476, 171.17 W, 94 %
2026/03/21 01:57:06.576, 170.38 W, 94 %
2026/03/21 01:57:06.676, 170.43 W, 94 %
2026/03/21 01:57:06.777, 170.51 W, 94 %
2026/03/21 01:57:06.877, 170.84 W, 94 %
2026/03/21 01:57:06.977, 170.53 W, 94 %
2026/03/21 01:57:07.077, 170.52 W, 94 %
2026/03/21 01:57:07.177, 170.24 W, 94 %
2026/03/21 01:57:07.277, 169.75 W, 93 %
2026/03/21 01:57:07.377, 169.48 W, 93 %
2026/03/21 01:57:07.478, 169.52 W, 94 %
2026/03/21 01:57:07.578, 170.01 W, 94 %
2026/03/21 01:57:07.678, 169.50 W, 94 %
2026/03/21 01:57:07.778, 169.41 W, 94 %
2026/03/21 01:57:07.878, 169.08 W, 93 %
2026/03/21 01:57:07.978, 169.21 W, 93 %
2026/03/21 01:57:08.078, 169.33 W, 94 %
2026/03/21 01:57:08.179, 169.72 W, 94 %
2026/03/21 01:57:08.279, 170.05 W, 90 %
2026/03/21 01:57:08.379, 170.12 W, 90 %
2026/03/21 01:57:08.479, 170.19 W, 94 %
2026/03/21 01:57:08.579, 170.16 W, 94 %
2026/03/21 01:57:08.679, 170.18 W, 94 %
2026/03/21 01:57:08.779, 170.12 W, 94 %
2026/03/21 01:57:08.880, 170.53 W, 94 %
2026/03/21 01:57:08.980, 170.29 W, 94 %
2026/03/21 01:57:09.080, 169.91 W, 94 %
2026/03/21 01:57:09.180, 169.73 W, 94 %
2026/03/21 01:57:09.280, 169.99 W, 93 %
2026/03/21 01:57:09.380, 169.76 W, 93 %
2026/03/21 01:57:09.480, 169.84 W, 94 %
2026/03/21 01:57:09.581, 170.13 W, 94 %
2026/03/21 01:57:09.681, 170.32 W, 94 %
2026/03/21 01:57:09.781, 170.50 W, 94 %
2026/03/21 01:57:09.881, 170.03 W, 89 %
2026/03/21 01:57:09.981, 169.78 W, 89 %
2026/03/21 01:57:10.081, 169.87 W, 94 %
2026/03/21 01:57:10.181, 169.88 W, 94 %
2026/03/21 01:57:10.282, 170.06 W, 94 %
2026/03/21 01:57:10.382, 170.54 W, 94 %
2026/03/21 01:57:10.482, 170.36 W, 94 %
2026/03/21 01:57:10.582, 169.95 W, 94 %
2026/03/21 01:57:10.682, 170.11 W, 94 %
2026/03/21 01:57:10.782, 170.08 W, 94 %
2026/03/21 01:57:10.882, 170.41 W, 94 %
2026/03/21 01:57:10.983, 170.77 W, 94 %
2026/03/21 01:57:11.083, 171.08 W, 94 %
2026/03/21 01:57:11.183, 171.03 W, 94 %
2026/03/21 01:57:11.283, 170.99 W, 94 %
2026/03/21 01:57:11.383, 170.84 W, 94 %
2026/03/21 01:57:11.483, 171.04 W, 94 %
2026/03/21 01:57:11.583, 170.86 W, 94 %
2026/03/21 01:57:11.684, 170.92 W, 94 %
2026/03/21 01:57:11.784, 170.38 W, 94 %
2026/03/21 01:57:11.884, 170.16 W, 93 %
2026/03/21 01:57:11.984, 170.14 W, 93 %
2026/03/21 01:57:12.084, 170.05 W, 94 %
2026/03/21 01:57:12.184, 169.83 W, 94 %
2026/03/21 01:57:12.284, 170.24 W, 94 %
2026/03/21 01:57:12.385, 170.60 W, 94 %
2026/03/21 01:57:12.485, 170.27 W, 94 %
2026/03/21 01:57:12.585, 170.07 W, 94 %
2026/03/21 01:57:12.685, 170.15 W, 94 %
2026/03/21 01:57:12.785, 170.62 W, 94 %
2026/03/21 01:57:12.885, 171.16 W, 94 %
2026/03/21 01:57:12.985, 171.40 W, 94 %
2026/03/21 01:57:13.086, 171.26 W, 94 %
2026/03/21 01:57:13.186, 171.24 W, 94 %
2026/03/21 01:57:13.286, 171.05 W, 94 %
2026/03/21 01:57:13.386, 170.60 W, 94 %
2026/03/21 01:57:13.486, 170.53 W, 94 %
2026/03/21 01:57:13.586, 171.36 W, 94 %
2026/03/21 01:57:13.686, 171.29 W, 94 %
2026/03/21 01:57:13.787, 171.28 W, 94 %
2026/03/21 01:57:13.887, 170.88 W, 93 %
2026/03/21 01:57:13.987, 170.76 W, 93 %
2026/03/21 01:57:14.087, 170.64 W, 94 %
2026/03/21 01:57:14.187, 170.89 W, 94 %
2026/03/21 01:57:14.287, 170.82 W, 94 %
2026/03/21 01:57:14.387, 170.76 W, 94 %
2026/03/21 01:57:14.488, 171.15 W, 94 %
2026/03/21 01:57:14.588, 171.10 W, 94 %
2026/03/21 01:57:14.688, 171.11 W, 94 %
2026/03/21 01:57:14.788, 171.32 W, 94 %
2026/03/21 01:57:14.888, 171.76 W, 90 %
2026/03/21 01:57:14.988, 171.79 W, 90 %
2026/03/21 01:57:15.088, 172.08 W, 94 %
2026/03/21 01:57:15.189, 172.05 W, 94 %
2026/03/21 01:57:15.289, 172.35 W, 94 %
2026/03/21 01:57:15.389, 172.97 W, 94 %
2026/03/21 01:57:15.489, 172.91 W, 94 %
2026/03/21 01:57:15.589, 173.01 W, 94 %
2026/03/21 01:57:15.689, 173.21 W, 94 %
2026/03/21 01:57:15.789, 172.70 W, 94 %
2026/03/21 01:57:15.890, 172.55 W, 93 %
2026/03/21 01:57:15.990, 172.13 W, 93 %
2026/03/21 01:57:16.090, 172.27 W, 94 %
2026/03/21 01:57:16.190, 172.10 W, 94 %
2026/03/21 01:57:16.290, 171.90 W, 94 %
2026/03/21 01:57:16.390, 171.62 W, 94 %
2026/03/21 01:57:16.490, 171.26 W, 89 %
2026/03/21 01:57:16.591, 171.04 W, 89 %
2026/03/21 01:57:16.691, 171.24 W, 94 %
2026/03/21 01:57:16.791, 171.24 W, 94 %
2026/03/21 01:57:16.891, 171.14 W, 94 %
2026/03/21 01:57:16.991, 171.35 W, 94 %
2026/03/21 01:57:17.091, 171.40 W, 94 %
2026/03/21 01:57:17.191, 171.56 W, 94 %
2026/03/21 01:57:17.292, 171.43 W, 94 %
2026/03/21 01:57:17.392, 171.39 W, 94 %
2026/03/21 01:57:17.492, 172.06 W, 94 %
2026/03/21 01:57:17.592, 171.97 W, 94 %
2026/03/21 01:57:17.692, 171.54 W, 94 %
2026/03/21 01:57:17.792, 171.55 W, 94 %
2026/03/21 01:57:17.892, 171.42 W, 93 %
2026/03/21 01:57:17.993, 171.43 W, 93 %
2026/03/21 01:57:18.093, 171.23 W, 94 %
2026/03/21 01:57:18.193, 170.70 W, 94 %
2026/03/21 01:57:18.293, 170.81 W, 94 %
2026/03/21 01:57:18.393, 171.08 W, 94 %
2026/03/21 01:57:18.493, 170.31 W, 93 %
2026/03/21 01:57:18.593, 170.14 W, 93 %
2026/03/21 01:57:18.694, 169.97 W, 94 %
2026/03/21 01:57:18.794, 170.25 W, 94 %
2026/03/21 01:57:18.894, 170.84 W, 94 %
2026/03/21 01:57:18.994, 170.88 W, 94 %
2026/03/21 01:57:19.094, 170.75 W, 94 %
2026/03/21 01:57:19.194, 171.01 W, 94 %
2026/03/21 01:57:19.294, 171.14 W, 94 %
2026/03/21 01:57:19.395, 170.90 W, 94 %
2026/03/21 01:57:19.495, 171.23 W, 94 %
2026/03/21 01:57:19.595, 171.78 W, 94 %
2026/03/21 01:57:19.695, 171.77 W, 94 %
2026/03/21 01:57:19.795, 171.59 W, 94 %
2026/03/21 01:57:19.895, 171.19 W, 94 %
2026/03/21 01:57:19.995, 170.74 W, 94 %
2026/03/21 01:57:20.096, 170.68 W, 94 %
2026/03/21 01:57:20.196, 170.86 W, 94 %
2026/03/21 01:57:20.296, 170.76 W, 94 %
2026/03/21 01:57:20.396, 170.64 W, 94 %
2026/03/21 01:57:20.496, 170.28 W, 93 %
2026/03/21 01:57:20.596, 170.29 W, 93 %
2026/03/21 01:57:20.696, 170.35 W, 94 %
2026/03/21 01:57:20.797, 170.54 W, 94 %
2026/03/21 01:57:20.897, 170.59 W, 94 %
2026/03/21 01:57:20.997, 170.79 W, 94 %
2026/03/21 01:57:21.097, 170.92 W, 94 %
2026/03/21 01:57:21.197, 170.93 W, 94 %
2026/03/21 01:57:21.297, 170.86 W, 94 %
2026/03/21 01:57:21.398, 170.77 W, 94 %
2026/03/21 01:57:21.498, 170.89 W, 90 %
2026/03/21 01:57:21.598, 170.79 W, 90 %
2026/03/21 01:57:21.698, 170.89 W, 94 %
2026/03/21 01:57:21.798, 170.67 W, 94 %
2026/03/21 01:57:21.898, 170.87 W, 94 %
2026/03/21 01:57:21.998, 170.93 W, 94 %
2026/03/21 01:57:22.099, 170.84 W, 94 %
2026/03/21 01:57:22.199, 170.70 W, 94 %
2026/03/21 01:57:22.299, 170.64 W, 94 %
2026/03/21 01:57:22.399, 171.18 W, 94 %
2026/03/21 01:57:22.499, 171.09 W, 93 %
2026/03/21 01:57:22.599, 171.34 W, 93 %
2026/03/21 01:57:22.699, 171.36 W, 94 %
2026/03/21 01:57:22.799, 171.77 W, 94 %
2026/03/21 01:57:22.900, 171.79 W, 94 %
2026/03/21 01:57:23.000, 172.03 W, 94 %
2026/03/21 01:57:23.100, 171.62 W, 90 %
2026/03/21 01:57:23.200, 171.77 W, 90 %
2026/03/21 01:57:23.300, 171.70 W, 94 %
2026/03/21 01:57:23.400, 171.91 W, 94 %
2026/03/21 01:57:23.500, 171.81 W, 94 %
2026/03/21 01:57:23.601, 171.55 W, 94 %
2026/03/21 01:57:23.701, 171.52 W, 94 %
2026/03/21 01:57:23.801, 170.99 W, 94 %
2026/03/21 01:57:23.901, 170.71 W, 94 %
2026/03/21 01:57:24.001, 170.66 W, 94 %
2026/03/21 01:57:24.101, 170.95 W, 94 %
2026/03/21 01:57:24.201, 171.22 W, 94 %
2026/03/21 01:57:24.302, 171.35 W, 94 %
2026/03/21 01:57:24.402, 171.00 W, 94 %
2026/03/21 01:57:24.502, 171.22 W, 93 %
2026/03/21 01:57:24.602, 171.07 W, 93 %
2026/03/21 01:57:24.702, 170.83 W, 94 %
2026/03/21 01:57:24.802, 170.75 W, 94 %
2026/03/21 01:57:24.902, 170.70 W, 94 %
2026/03/21 01:57:25.003, 170.54 W, 94 %
2026/03/21 01:57:25.103, 170.34 W, 93 %
2026/03/21 01:57:25.203, 170.21 W, 93 %
2026/03/21 01:57:25.303, 169.91 W, 94 %
2026/03/21 01:57:25.403, 169.97 W, 94 %
2026/03/21 01:57:25.503, 169.94 W, 94 %
2026/03/21 01:57:25.603, 170.17 W, 94 %
2026/03/21 01:57:25.704, 170.41 W, 94 %
2026/03/21 01:57:25.804, 170.66 W, 94 %
2026/03/21 01:57:25.904, 170.81 W, 94 %
2026/03/21 01:57:26.004, 170.80 W, 94 %
2026/03/21 01:57:26.104, 170.58 W, 94 %
2026/03/21 01:57:26.204, 170.54 W, 94 %
2026/03/21 01:57:26.304, 170.58 W, 94 %
2026/03/21 01:57:26.405, 170.49 W, 94 %
2026/03/21 01:57:26.505, 162.35 W, 25 %
