timestamp, power.draw [W], utilization.gpu [%]
2025/12/06 22:31:15.459, 160.43 W, 98 %
2025/12/06 22:31:15.561, 153.28 W, 8 %
2025/12/06 22:31:15.661, 145.96 W, 8 %
2025/12/06 22:31:15.761, 138.70 W, 0 %
2025/12/06 22:31:15.861, 131.46 W, 0 %
2025/12/06 22:31:15.961, 123.96 W, 0 %
2025/12/06 22:31:16.061, 116.70 W, 0 %
2025/12/06 22:31:16.161, 109.38 W, 1 %
2025/12/06 22:31:16.261, 106.01 W, 1 %
2025/12/06 22:31:16.362, 105.55 W, 100 %
2025/12/06 22:31:16.462, 115.94 W, 100 %
2025/12/06 22:31:16.562, 132.27 W, 100 %
2025/12/06 22:31:16.662, 145.49 W, 100 %
2025/12/06 22:31:16.762, 159.02 W, 98 %
2025/12/06 22:31:16.862, 171.81 W, 98 %
2025/12/06 22:31:16.962, 185.95 W, 100 %
2025/12/06 22:31:17.062, 199.29 W, 100 %
2025/12/06 22:31:17.162, 210.02 W, 100 %
2025/12/06 22:31:17.262, 218.83 W, 100 %
2025/12/06 22:31:17.363, 218.63 W, 100 %
2025/12/06 22:31:17.463, 217.97 W, 100 %
2025/12/06 22:31:17.563, 217.80 W, 100 %
2025/12/06 22:31:17.663, 217.51 W, 100 %
2025/12/06 22:31:17.763, 217.43 W, 100 %
2025/12/06 22:31:17.863, 216.86 W, 100 %
2025/12/06 22:31:17.963, 217.18 W, 100 %
2025/12/06 22:31:18.063, 216.30 W, 100 %
2025/12/06 22:31:18.163, 216.75 W, 94 %
2025/12/06 22:31:18.263, 217.32 W, 94 %
2025/12/06 22:31:18.364, 217.26 W, 100 %
2025/12/06 22:31:18.464, 217.30 W, 100 %
2025/12/06 22:31:18.564, 217.31 W, 100 %
2025/12/06 22:31:18.664, 217.62 W, 100 %
2025/12/06 22:31:18.764, 217.54 W, 100 %
2025/12/06 22:31:18.864, 217.82 W, 100 %
2025/12/06 22:31:18.964, 217.54 W, 100 %
2025/12/06 22:31:19.064, 217.77 W, 100 %
2025/12/06 22:31:19.164, 217.36 W, 100 %
2025/12/06 22:31:19.264, 218.72 W, 100 %
2025/12/06 22:31:19.365, 218.46 W, 100 %
2025/12/06 22:31:19.465, 218.74 W, 100 %
2025/12/06 22:31:19.565, 219.41 W, 100 %
2025/12/06 22:31:19.665, 218.91 W, 100 %
2025/12/06 22:31:19.765, 219.27 W, 100 %
2025/12/06 22:31:19.865, 218.85 W, 100 %
2025/12/06 22:31:19.965, 219.18 W, 100 %
2025/12/06 22:31:20.065, 216.73 W, 100 %
2025/12/06 22:31:20.165, 217.51 W, 100 %
2025/12/06 22:31:20.265, 217.55 W, 100 %
2025/12/06 22:31:20.366, 217.60 W, 100 %
2025/12/06 22:31:20.466, 218.18 W, 100 %
2025/12/06 22:31:20.566, 217.18 W, 100 %
2025/12/06 22:31:20.666, 216.96 W, 100 %
2025/12/06 22:31:20.766, 217.44 W, 100 %
2025/12/06 22:31:20.866, 217.17 W, 100 %
2025/12/06 22:31:20.966, 216.68 W, 100 %
2025/12/06 22:31:21.066, 217.18 W, 100 %
2025/12/06 22:31:21.166, 218.86 W, 100 %
2025/12/06 22:31:21.266, 219.60 W, 100 %
2025/12/06 22:31:21.367, 219.29 W, 100 %
2025/12/06 22:31:21.467, 219.76 W, 100 %
2025/12/06 22:31:21.567, 219.45 W, 100 %
2025/12/06 22:31:21.667, 219.55 W, 100 %
2025/12/06 22:31:21.767, 219.72 W, 100 %
2025/12/06 22:31:21.867, 219.89 W, 100 %
2025/12/06 22:31:21.967, 217.85 W, 98 %
2025/12/06 22:31:22.067, 217.39 W, 98 %
2025/12/06 22:31:22.167, 217.56 W, 100 %
2025/12/06 22:31:22.267, 217.20 W, 100 %
2025/12/06 22:31:22.368, 217.22 W, 100 %
2025/12/06 22:31:22.468, 217.10 W, 100 %
2025/12/06 22:31:22.568, 217.12 W, 100 %
2025/12/06 22:31:22.668, 216.85 W, 100 %
2025/12/06 22:31:22.768, 217.20 W, 100 %
2025/12/06 22:31:22.868, 217.52 W, 100 %
2025/12/06 22:31:22.968, 217.18 W, 100 %
2025/12/06 22:31:23.068, 218.49 W, 100 %
2025/12/06 22:31:23.168, 219.58 W, 100 %
2025/12/06 22:31:23.268, 218.75 W, 100 %
2025/12/06 22:31:23.369, 218.90 W, 100 %
2025/12/06 22:31:23.469, 218.96 W, 100 %
2025/12/06 22:31:23.569, 219.26 W, 100 %
2025/12/06 22:31:23.669, 219.35 W, 100 %
2025/12/06 22:31:23.769, 219.17 W, 100 %
2025/12/06 22:31:23.869, 217.05 W, 100 %
2025/12/06 22:31:23.969, 217.23 W, 100 %
2025/12/06 22:31:24.069, 216.69 W, 100 %
2025/12/06 22:31:24.169, 217.74 W, 100 %
2025/12/06 22:31:24.269, 217.14 W, 100 %
2025/12/06 22:31:24.370, 216.68 W, 100 %
2025/12/06 22:31:24.470, 217.05 W, 100 %
2025/12/06 22:31:24.570, 216.86 W, 100 %
2025/12/06 22:31:24.670, 217.09 W, 100 %
2025/12/06 22:31:24.770, 216.77 W, 100 %
2025/12/06 22:31:24.870, 217.30 W, 100 %
2025/12/06 22:31:24.970, 218.64 W, 100 %
2025/12/06 22:31:25.070, 218.40 W, 100 %
2025/12/06 22:31:25.170, 218.89 W, 100 %
2025/12/06 22:31:25.270, 218.34 W, 100 %
2025/12/06 22:31:25.371, 218.46 W, 100 %
2025/12/06 22:31:25.471, 218.67 W, 100 %
2025/12/06 22:31:25.571, 219.02 W, 100 %
2025/12/06 22:31:25.671, 218.49 W, 100 %
2025/12/06 22:31:25.771, 217.26 W, 99 %
2025/12/06 22:31:25.871, 217.46 W, 99 %
2025/12/06 22:31:25.971, 216.87 W, 100 %
2025/12/06 22:31:26.071, 217.20 W, 100 %
2025/12/06 22:31:26.171, 217.54 W, 100 %
2025/12/06 22:31:26.271, 217.27 W, 100 %
2025/12/06 22:31:26.372, 217.30 W, 100 %
2025/12/06 22:31:26.472, 217.74 W, 100 %
2025/12/06 22:31:26.572, 217.16 W, 100 %
2025/12/06 22:31:26.672, 217.20 W, 100 %
2025/12/06 22:31:26.772, 217.73 W, 100 %
2025/12/06 22:31:26.872, 219.01 W, 100 %
2025/12/06 22:31:26.972, 219.07 W, 100 %
2025/12/06 22:31:27.072, 219.11 W, 100 %
2025/12/06 22:31:27.172, 219.50 W, 100 %
2025/12/06 22:31:27.272, 219.21 W, 100 %
2025/12/06 22:31:27.373, 219.20 W, 100 %
2025/12/06 22:31:27.473, 219.73 W, 100 %
2025/12/06 22:31:27.573, 219.27 W, 100 %
2025/12/06 22:31:27.673, 217.19 W, 100 %
2025/12/06 22:31:27.773, 216.96 W, 100 %
2025/12/06 22:31:27.873, 216.95 W, 100 %
2025/12/06 22:31:27.973, 216.24 W, 100 %
2025/12/06 22:31:28.073, 216.91 W, 100 %
2025/12/06 22:31:28.173, 216.14 W, 100 %
2025/12/06 22:31:28.273, 216.09 W, 100 %
2025/12/06 22:31:28.374, 216.76 W, 100 %
2025/12/06 22:31:28.474, 216.55 W, 100 %
2025/12/06 22:31:28.574, 216.64 W, 100 %
2025/12/06 22:31:28.674, 216.90 W, 100 %
2025/12/06 22:31:28.774, 219.00 W, 100 %
2025/12/06 22:31:28.874, 218.44 W, 100 %
2025/12/06 22:31:28.974, 218.90 W, 100 %
2025/12/06 22:31:29.074, 219.61 W, 100 %
2025/12/06 22:31:29.174, 219.07 W, 100 %
2025/12/06 22:31:29.274, 219.15 W, 100 %
2025/12/06 22:31:29.375, 219.82 W, 100 %
2025/12/06 22:31:29.475, 219.42 W, 100 %
2025/12/06 22:31:29.575, 217.36 W, 98 %
2025/12/06 22:31:29.675, 217.89 W, 98 %
2025/12/06 22:31:29.775, 217.60 W, 100 %
2025/12/06 22:31:29.875, 218.16 W, 100 %
2025/12/06 22:31:29.975, 218.54 W, 100 %
2025/12/06 22:31:30.075, 217.98 W, 100 %
2025/12/06 22:31:30.175, 218.06 W, 100 %
2025/12/06 22:31:30.275, 217.99 W, 100 %
2025/12/06 22:31:30.376, 218.56 W, 100 %
2025/12/06 22:31:30.476, 218.11 W, 100 %
2025/12/06 22:31:30.576, 218.12 W, 100 %
2025/12/06 22:31:30.676, 219.82 W, 100 %
2025/12/06 22:31:30.776, 219.25 W, 100 %
2025/12/06 22:31:30.876, 219.76 W, 100 %
2025/12/06 22:31:30.976, 219.57 W, 100 %
2025/12/06 22:31:31.076, 219.17 W, 100 %
2025/12/06 22:31:31.176, 219.42 W, 100 %
2025/12/06 22:31:31.276, 219.72 W, 100 %
2025/12/06 22:31:31.377, 219.36 W, 100 %
2025/12/06 22:31:31.477, 217.58 W, 100 %
2025/12/06 22:31:31.577, 218.13 W, 100 %
2025/12/06 22:31:31.677, 217.80 W, 100 %
2025/12/06 22:31:31.777, 218.13 W, 100 %
2025/12/06 22:31:31.877, 218.55 W, 100 %
2025/12/06 22:31:31.977, 217.93 W, 100 %
2025/12/06 22:31:32.077, 218.38 W, 100 %
2025/12/06 22:31:32.177, 217.84 W, 100 %
2025/12/06 22:31:32.277, 218.11 W, 100 %
2025/12/06 22:31:32.378, 217.50 W, 100 %
2025/12/06 22:31:32.478, 218.66 W, 100 %
2025/12/06 22:31:32.578, 219.68 W, 100 %
2025/12/06 22:31:32.678, 219.69 W, 100 %
2025/12/06 22:31:32.778, 220.17 W, 100 %
2025/12/06 22:31:32.878, 219.57 W, 100 %
2025/12/06 22:31:32.978, 219.52 W, 100 %
2025/12/06 22:31:33.078, 219.75 W, 100 %
2025/12/06 22:31:33.178, 219.10 W, 100 %
2025/12/06 22:31:33.278, 219.46 W, 100 %
2025/12/06 22:31:33.379, 217.70 W, 98 %
2025/12/06 22:31:33.479, 217.62 W, 98 %
2025/12/06 22:31:33.579, 216.62 W, 100 %
2025/12/06 22:31:33.679, 217.01 W, 100 %
2025/12/06 22:31:33.779, 216.64 W, 100 %
2025/12/06 22:31:33.879, 216.78 W, 100 %
2025/12/06 22:31:33.979, 216.87 W, 100 %
2025/12/06 22:31:34.079, 217.17 W, 100 %
2025/12/06 22:31:34.179, 216.85 W, 100 %
2025/12/06 22:31:34.279, 217.24 W, 100 %
2025/12/06 22:31:34.380, 217.03 W, 100 %
2025/12/06 22:31:34.480, 219.02 W, 100 %
2025/12/06 22:31:34.580, 218.91 W, 100 %
2025/12/06 22:31:34.680, 218.71 W, 100 %
2025/12/06 22:31:34.780, 218.71 W, 100 %
2025/12/06 22:31:34.880, 218.52 W, 100 %
2025/12/06 22:31:34.980, 219.00 W, 100 %
2025/12/06 22:31:35.080, 218.77 W, 100 %
2025/12/06 22:31:35.180, 219.46 W, 100 %
2025/12/06 22:31:35.280, 217.07 W, 100 %
2025/12/06 22:31:35.381, 217.30 W, 100 %
2025/12/06 22:31:35.481, 217.10 W, 100 %
2025/12/06 22:31:35.581, 217.05 W, 100 %
2025/12/06 22:31:35.681, 217.43 W, 100 %
2025/12/06 22:31:35.781, 217.70 W, 100 %
2025/12/06 22:31:35.881, 218.23 W, 100 %
2025/12/06 22:31:35.981, 218.20 W, 100 %
2025/12/06 22:31:36.081, 217.40 W, 100 %
2025/12/06 22:31:36.181, 217.65 W, 100 %
2025/12/06 22:31:36.281, 217.07 W, 100 %
2025/12/06 22:31:36.382, 219.65 W, 100 %
2025/12/06 22:31:36.482, 219.15 W, 100 %
2025/12/06 22:31:36.582, 220.10 W, 100 %
2025/12/06 22:31:36.682, 219.41 W, 100 %
2025/12/06 22:31:36.782, 219.91 W, 100 %
2025/12/06 22:31:36.882, 219.63 W, 100 %
2025/12/06 22:31:36.982, 219.64 W, 100 %
2025/12/06 22:31:37.082, 219.40 W, 100 %
2025/12/06 22:31:37.182, 217.66 W, 99 %
2025/12/06 22:31:37.282, 218.39 W, 99 %
2025/12/06 22:31:37.383, 218.42 W, 100 %
2025/12/06 22:31:37.483, 217.75 W, 100 %
2025/12/06 22:31:37.583, 218.22 W, 100 %
2025/12/06 22:31:37.683, 217.61 W, 100 %
2025/12/06 22:31:37.783, 218.04 W, 100 %
2025/12/06 22:31:37.883, 218.17 W, 100 %
2025/12/06 22:31:37.983, 217.76 W, 100 %
2025/12/06 22:31:38.083, 217.61 W, 100 %
2025/12/06 22:31:38.183, 217.77 W, 100 %
2025/12/06 22:31:38.283, 219.23 W, 100 %
2025/12/06 22:31:38.384, 219.05 W, 100 %
2025/12/06 22:31:38.484, 218.44 W, 100 %
2025/12/06 22:31:38.584, 218.87 W, 100 %
2025/12/06 22:31:38.684, 218.76 W, 100 %
2025/12/06 22:31:38.784, 218.82 W, 100 %
2025/12/06 22:31:38.884, 218.43 W, 100 %
2025/12/06 22:31:38.984, 218.62 W, 100 %
2025/12/06 22:31:39.084, 217.57 W, 100 %
2025/12/06 22:31:39.184, 217.90 W, 99 %
2025/12/06 22:31:39.284, 217.71 W, 99 %
2025/12/06 22:31:39.385, 217.88 W, 100 %
2025/12/06 22:31:39.485, 217.63 W, 100 %
2025/12/06 22:31:39.585, 217.68 W, 100 %
2025/12/06 22:31:39.685, 217.95 W, 100 %
2025/12/06 22:31:39.785, 217.99 W, 100 %
2025/12/06 22:31:39.885, 218.61 W, 100 %
2025/12/06 22:31:39.985, 218.38 W, 100 %
2025/12/06 22:31:40.085, 218.39 W, 100 %
2025/12/06 22:31:40.185, 219.61 W, 100 %
2025/12/06 22:31:40.285, 219.27 W, 100 %
2025/12/06 22:31:40.386, 219.82 W, 100 %
2025/12/06 22:31:40.486, 219.66 W, 100 %
2025/12/06 22:31:40.586, 220.24 W, 100 %
2025/12/06 22:31:40.686, 219.78 W, 100 %
2025/12/06 22:31:40.786, 220.64 W, 100 %
2025/12/06 22:31:40.886, 220.07 W, 100 %
2025/12/06 22:31:40.986, 220.26 W, 100 %
2025/12/06 22:31:41.086, 220.13 W, 100 %
2025/12/06 22:31:41.186, 220.09 W, 100 %
2025/12/06 22:31:41.286, 219.61 W, 100 %
2025/12/06 22:31:41.387, 219.78 W, 100 %
2025/12/06 22:31:41.487, 219.38 W, 100 %
2025/12/06 22:31:41.587, 219.42 W, 100 %
2025/12/06 22:31:41.687, 219.17 W, 100 %
2025/12/06 22:31:41.787, 219.78 W, 100 %
2025/12/06 22:31:41.887, 218.97 W, 100 %
2025/12/06 22:31:41.987, 218.75 W, 100 %
2025/12/06 22:31:42.087, 218.52 W, 100 %
2025/12/06 22:31:42.187, 218.33 W, 100 %
2025/12/06 22:31:42.287, 218.88 W, 100 %
2025/12/06 22:31:42.388, 218.65 W, 100 %
2025/12/06 22:31:42.488, 218.77 W, 100 %
2025/12/06 22:31:42.588, 218.88 W, 100 %
2025/12/06 22:31:42.688, 219.02 W, 100 %
2025/12/06 22:31:42.788, 218.60 W, 100 %
2025/12/06 22:31:42.888, 219.12 W, 100 %
2025/12/06 22:31:42.988, 219.17 W, 99 %
2025/12/06 22:31:43.088, 219.17 W, 99 %
2025/12/06 22:31:43.188, 219.23 W, 100 %
2025/12/06 22:31:43.288, 219.06 W, 100 %
2025/12/06 22:31:43.389, 219.49 W, 100 %
2025/12/06 22:31:43.489, 219.49 W, 100 %
2025/12/06 22:31:43.589, 219.69 W, 100 %
2025/12/06 22:31:43.689, 219.69 W, 100 %
2025/12/06 22:31:43.789, 219.52 W, 100 %
2025/12/06 22:31:43.889, 218.69 W, 100 %
2025/12/06 22:31:43.989, 218.69 W, 100 %
2025/12/06 22:31:44.089, 219.34 W, 100 %
2025/12/06 22:31:44.189, 218.55 W, 100 %
2025/12/06 22:31:44.289, 219.27 W, 100 %
2025/12/06 22:31:44.390, 218.63 W, 100 %
2025/12/06 22:31:44.490, 218.36 W, 100 %
2025/12/06 22:31:44.590, 218.41 W, 100 %
2025/12/06 22:31:44.690, 218.34 W, 100 %
2025/12/06 22:31:44.790, 219.01 W, 99 %
2025/12/06 22:31:44.890, 220.20 W, 99 %
2025/12/06 22:31:44.990, 219.88 W, 100 %
2025/12/06 22:31:45.090, 219.72 W, 100 %
2025/12/06 22:31:45.190, 220.25 W, 100 %
2025/12/06 22:31:45.290, 220.29 W, 100 %
2025/12/06 22:31:45.391, 220.27 W, 100 %
2025/12/06 22:31:45.491, 220.57 W, 100 %
2025/12/06 22:31:45.591, 221.15 W, 100 %
2025/12/06 22:31:45.691, 220.65 W, 100 %
2025/12/06 22:31:45.792, 220.05 W, 100 %
2025/12/06 22:31:45.892, 219.79 W, 100 %
2025/12/06 22:31:45.992, 218.97 W, 100 %
2025/12/06 22:31:46.092, 218.72 W, 100 %
2025/12/06 22:31:46.192, 218.38 W, 100 %
2025/12/06 22:31:46.292, 218.22 W, 100 %
2025/12/06 22:31:46.392, 217.73 W, 100 %
2025/12/06 22:31:46.492, 217.93 W, 100 %
2025/12/06 22:31:46.592, 217.76 W, 100 %
2025/12/06 22:31:46.692, 218.51 W, 100 %
2025/12/06 22:31:46.793, 218.79 W, 100 %
2025/12/06 22:31:46.893, 218.67 W, 100 %
2025/12/06 22:31:46.993, 219.22 W, 100 %
2025/12/06 22:31:47.093, 219.85 W, 100 %
2025/12/06 22:31:47.193, 220.33 W, 100 %
2025/12/06 22:31:47.293, 220.47 W, 100 %
2025/12/06 22:31:47.393, 220.43 W, 100 %
2025/12/06 22:31:47.493, 221.08 W, 100 %
2025/12/06 22:31:47.593, 220.93 W, 100 %
2025/12/06 22:31:47.693, 219.76 W, 100 %
2025/12/06 22:31:47.794, 219.68 W, 100 %
2025/12/06 22:31:47.894, 219.81 W, 100 %
2025/12/06 22:31:47.994, 219.50 W, 100 %
2025/12/06 22:31:48.094, 218.75 W, 100 %
2025/12/06 22:31:48.194, 218.81 W, 100 %
2025/12/06 22:31:48.294, 218.06 W, 100 %
2025/12/06 22:31:48.394, 218.10 W, 100 %
2025/12/06 22:31:48.494, 217.14 W, 100 %
2025/12/06 22:31:48.594, 218.31 W, 99 %
2025/12/06 22:31:48.694, 218.77 W, 99 %
2025/12/06 22:31:48.795, 218.38 W, 100 %
2025/12/06 22:31:48.895, 218.69 W, 100 %
2025/12/06 22:31:48.995, 219.16 W, 100 %
2025/12/06 22:31:49.095, 219.78 W, 100 %
2025/12/06 22:31:49.195, 219.92 W, 100 %
2025/12/06 22:31:49.295, 220.18 W, 100 %
2025/12/06 22:31:49.395, 220.51 W, 100 %
2025/12/06 22:31:49.495, 220.23 W, 100 %
2025/12/06 22:31:49.595, 220.57 W, 100 %
2025/12/06 22:31:49.695, 219.65 W, 100 %
2025/12/06 22:31:49.796, 219.63 W, 100 %
2025/12/06 22:31:49.896, 220.62 W, 100 %
2025/12/06 22:31:49.996, 220.21 W, 100 %
2025/12/06 22:31:50.096, 220.84 W, 100 %
2025/12/06 22:31:50.196, 219.90 W, 100 %
2025/12/06 22:31:50.296, 220.26 W, 100 %
2025/12/06 22:31:50.396, 219.91 W, 100 %
2025/12/06 22:31:50.496, 221.14 W, 100 %
2025/12/06 22:31:50.596, 220.90 W, 100 %
2025/12/06 22:31:50.696, 220.79 W, 100 %
2025/12/06 22:31:50.797, 220.52 W, 100 %
2025/12/06 22:31:50.897, 220.16 W, 100 %
2025/12/06 22:31:50.997, 219.95 W, 100 %
2025/12/06 22:31:51.097, 220.12 W, 100 %
2025/12/06 22:31:51.197, 219.52 W, 100 %
2025/12/06 22:31:51.297, 219.77 W, 100 %
2025/12/06 22:31:51.397, 219.20 W, 100 %
2025/12/06 22:31:51.497, 219.56 W, 100 %
2025/12/06 22:31:51.597, 219.15 W, 100 %
2025/12/06 22:31:51.697, 219.11 W, 100 %
2025/12/06 22:31:51.798, 219.30 W, 100 %
2025/12/06 22:31:51.898, 219.54 W, 100 %
2025/12/06 22:31:51.998, 219.75 W, 100 %
2025/12/06 22:31:52.098, 219.30 W, 100 %
2025/12/06 22:31:52.198, 219.67 W, 100 %
2025/12/06 22:31:52.298, 219.81 W, 100 %
2025/12/06 22:31:52.398, 221.08 W, 99 %
2025/12/06 22:31:52.498, 220.53 W, 99 %
2025/12/06 22:31:52.598, 220.42 W, 100 %
2025/12/06 22:31:52.698, 220.57 W, 100 %
2025/12/06 22:31:52.799, 220.30 W, 100 %
2025/12/06 22:31:52.899, 220.15 W, 100 %
2025/12/06 22:31:52.999, 219.79 W, 100 %
2025/12/06 22:31:53.099, 219.60 W, 100 %
2025/12/06 22:31:53.199, 220.04 W, 100 %
2025/12/06 22:31:53.299, 219.23 W, 100 %
2025/12/06 22:31:53.399, 219.33 W, 100 %
2025/12/06 22:31:53.499, 219.42 W, 100 %
2025/12/06 22:31:53.599, 219.47 W, 100 %
2025/12/06 22:31:53.699, 219.61 W, 100 %
2025/12/06 22:31:53.800, 218.83 W, 100 %
2025/12/06 22:31:53.900, 219.41 W, 100 %
2025/12/06 22:31:54.000, 219.00 W, 100 %
2025/12/06 22:31:54.100, 219.49 W, 100 %
2025/12/06 22:31:54.200, 219.15 W, 100 %
2025/12/06 22:31:54.300, 219.49 W, 100 %
2025/12/06 22:31:54.400, 220.51 W, 100 %
2025/12/06 22:31:54.500, 220.47 W, 100 %
2025/12/06 22:31:54.600, 219.85 W, 100 %
2025/12/06 22:31:54.700, 219.92 W, 100 %
2025/12/06 22:31:54.801, 219.88 W, 100 %
2025/12/06 22:31:54.901, 219.96 W, 100 %
2025/12/06 22:31:55.001, 219.89 W, 100 %
2025/12/06 22:31:55.101, 220.25 W, 100 %
2025/12/06 22:31:55.201, 219.78 W, 100 %
2025/12/06 22:31:55.301, 220.21 W, 100 %
2025/12/06 22:31:55.401, 220.02 W, 100 %
2025/12/06 22:31:55.501, 219.44 W, 100 %
2025/12/06 22:31:55.601, 219.99 W, 100 %
2025/12/06 22:31:55.701, 219.55 W, 100 %
2025/12/06 22:31:55.802, 219.79 W, 100 %
2025/12/06 22:31:55.902, 219.92 W, 100 %
2025/12/06 22:31:56.002, 220.09 W, 100 %
2025/12/06 22:31:56.102, 219.16 W, 100 %
2025/12/06 22:31:56.202, 219.21 W, 99 %
2025/12/06 22:31:56.302, 219.12 W, 99 %
2025/12/06 22:31:56.402, 219.22 W, 100 %
2025/12/06 22:31:56.502, 219.24 W, 100 %
2025/12/06 22:31:56.602, 219.41 W, 100 %
2025/12/06 22:31:56.702, 218.82 W, 100 %
2025/12/06 22:31:56.803, 219.17 W, 100 %
2025/12/06 22:31:56.903, 219.15 W, 100 %
2025/12/06 22:31:57.003, 219.11 W, 100 %
2025/12/06 22:31:57.103, 218.66 W, 100 %
2025/12/06 22:31:57.203, 219.43 W, 100 %
2025/12/06 22:31:57.303, 219.73 W, 100 %
2025/12/06 22:31:57.403, 219.72 W, 100 %
2025/12/06 22:31:57.503, 219.59 W, 100 %
2025/12/06 22:31:57.603, 219.75 W, 100 %
2025/12/06 22:31:57.703, 219.55 W, 100 %
2025/12/06 22:31:57.804, 219.70 W, 100 %
2025/12/06 22:31:57.904, 219.50 W, 100 %
2025/12/06 22:31:58.004, 219.33 W, 100 %
2025/12/06 22:31:58.104, 217.20 W, 100 %
2025/12/06 22:31:58.204, 217.49 W, 100 %
2025/12/06 22:31:58.304, 217.61 W, 100 %
2025/12/06 22:31:58.404, 217.49 W, 100 %
2025/12/06 22:31:58.504, 217.70 W, 100 %
2025/12/06 22:31:58.604, 217.23 W, 100 %
2025/12/06 22:31:58.704, 217.28 W, 100 %
2025/12/06 22:31:58.805, 217.68 W, 100 %
2025/12/06 22:31:58.905, 217.96 W, 100 %
2025/12/06 22:31:59.005, 217.99 W, 100 %
2025/12/06 22:31:59.105, 217.77 W, 100 %
2025/12/06 22:31:59.205, 219.74 W, 100 %
2025/12/06 22:31:59.305, 219.70 W, 100 %
2025/12/06 22:31:59.405, 219.64 W, 100 %
2025/12/06 22:31:59.505, 219.83 W, 100 %
2025/12/06 22:31:59.605, 218.97 W, 100 %
2025/12/06 22:31:59.705, 219.17 W, 100 %
2025/12/06 22:31:59.806, 219.07 W, 100 %
2025/12/06 22:31:59.906, 219.24 W, 100 %
2025/12/06 22:32:00.006, 217.66 W, 100 %
2025/12/06 22:32:00.106, 218.31 W, 100 %
2025/12/06 22:32:00.206, 218.55 W, 100 %
2025/12/06 22:32:00.306, 218.86 W, 100 %
2025/12/06 22:32:00.406, 218.84 W, 100 %
2025/12/06 22:32:00.506, 218.51 W, 100 %
2025/12/06 22:32:00.606, 218.58 W, 100 %
2025/12/06 22:32:00.706, 218.78 W, 100 %
2025/12/06 22:32:00.807, 218.77 W, 100 %
2025/12/06 22:32:00.907, 218.53 W, 100 %
2025/12/06 22:32:01.007, 218.59 W, 100 %
2025/12/06 22:32:01.107, 219.15 W, 100 %
2025/12/06 22:32:01.207, 219.00 W, 100 %
2025/12/06 22:32:01.307, 219.30 W, 100 %
2025/12/06 22:32:01.407, 219.16 W, 100 %
2025/12/06 22:32:01.507, 218.88 W, 100 %
2025/12/06 22:32:01.607, 218.52 W, 100 %
2025/12/06 22:32:01.707, 218.66 W, 100 %
2025/12/06 22:32:01.808, 219.13 W, 100 %
2025/12/06 22:32:01.908, 219.26 W, 100 %
2025/12/06 22:32:02.008, 219.72 W, 99 %
2025/12/06 22:32:02.108, 219.75 W, 99 %
2025/12/06 22:32:02.208, 219.96 W, 100 %
2025/12/06 22:32:02.308, 220.17 W, 100 %
2025/12/06 22:32:02.408, 220.11 W, 100 %
2025/12/06 22:32:02.508, 219.73 W, 100 %
2025/12/06 22:32:02.608, 219.17 W, 100 %
2025/12/06 22:32:02.708, 220.02 W, 100 %
2025/12/06 22:32:02.809, 220.20 W, 100 %
2025/12/06 22:32:02.909, 219.63 W, 100 %
2025/12/06 22:32:03.009, 219.82 W, 100 %
2025/12/06 22:32:03.109, 219.19 W, 100 %
2025/12/06 22:32:03.209, 219.34 W, 100 %
2025/12/06 22:32:03.309, 219.45 W, 100 %
2025/12/06 22:32:03.409, 219.04 W, 100 %
2025/12/06 22:32:03.509, 219.09 W, 100 %
2025/12/06 22:32:03.609, 219.23 W, 100 %
2025/12/06 22:32:03.709, 220.09 W, 100 %
2025/12/06 22:32:03.810, 219.28 W, 100 %
2025/12/06 22:32:03.910, 219.76 W, 100 %
2025/12/06 22:32:04.010, 220.14 W, 100 %
2025/12/06 22:32:04.110, 220.33 W, 100 %
2025/12/06 22:32:04.210, 220.32 W, 100 %
2025/12/06 22:32:04.310, 220.30 W, 100 %
2025/12/06 22:32:04.410, 220.07 W, 100 %
2025/12/06 22:32:04.510, 220.14 W, 100 %
2025/12/06 22:32:04.610, 220.20 W, 100 %
2025/12/06 22:32:04.710, 220.16 W, 100 %
2025/12/06 22:32:04.811, 219.78 W, 100 %
2025/12/06 22:32:04.911, 220.00 W, 100 %
2025/12/06 22:32:05.011, 219.41 W, 100 %
2025/12/06 22:32:05.111, 219.39 W, 100 %
2025/12/06 22:32:05.211, 219.30 W, 100 %
2025/12/06 22:32:05.311, 219.44 W, 100 %
2025/12/06 22:32:05.411, 219.23 W, 100 %
2025/12/06 22:32:05.511, 219.24 W, 100 %
2025/12/06 22:32:05.611, 219.11 W, 100 %
2025/12/06 22:32:05.711, 219.15 W, 100 %
2025/12/06 22:32:05.812, 219.74 W, 99 %
2025/12/06 22:32:05.912, 220.81 W, 99 %
2025/12/06 22:32:06.012, 219.81 W, 100 %
2025/12/06 22:32:06.112, 219.74 W, 100 %
2025/12/06 22:32:06.212, 219.55 W, 100 %
2025/12/06 22:32:06.312, 219.70 W, 100 %
2025/12/06 22:32:06.412, 219.38 W, 100 %
2025/12/06 22:32:06.512, 219.68 W, 100 %
2025/12/06 22:32:06.612, 219.33 W, 100 %
2025/12/06 22:32:06.712, 219.04 W, 100 %
2025/12/06 22:32:06.813, 219.21 W, 100 %
2025/12/06 22:32:06.913, 218.16 W, 100 %
2025/12/06 22:32:07.013, 218.37 W, 100 %
2025/12/06 22:32:07.113, 218.28 W, 100 %
2025/12/06 22:32:07.213, 218.75 W, 100 %
2025/12/06 22:32:07.313, 219.01 W, 100 %
2025/12/06 22:32:07.413, 219.12 W, 100 %
2025/12/06 22:32:07.513, 218.92 W, 100 %
2025/12/06 22:32:07.613, 218.79 W, 100 %
2025/12/06 22:32:07.713, 219.66 W, 100 %
2025/12/06 22:32:07.814, 220.24 W, 100 %
2025/12/06 22:32:07.914, 219.80 W, 100 %
2025/12/06 22:32:08.014, 219.75 W, 100 %
2025/12/06 22:32:08.114, 219.72 W, 100 %
2025/12/06 22:32:08.214, 220.22 W, 100 %
2025/12/06 22:32:08.314, 219.78 W, 100 %
2025/12/06 22:32:08.414, 219.82 W, 100 %
2025/12/06 22:32:08.514, 219.92 W, 100 %
2025/12/06 22:32:08.614, 220.05 W, 100 %
2025/12/06 22:32:08.714, 219.37 W, 100 %
2025/12/06 22:32:08.815, 219.49 W, 100 %
2025/12/06 22:32:08.915, 219.03 W, 100 %
2025/12/06 22:32:09.015, 219.38 W, 100 %
2025/12/06 22:32:09.115, 219.57 W, 100 %
2025/12/06 22:32:09.215, 219.56 W, 100 %
2025/12/06 22:32:09.315, 219.31 W, 100 %
2025/12/06 22:32:09.415, 219.86 W, 100 %
2025/12/06 22:32:09.515, 219.67 W, 100 %
2025/12/06 22:32:09.615, 220.18 W, 99 %
2025/12/06 22:32:09.715, 221.02 W, 99 %
2025/12/06 22:32:09.816, 221.22 W, 100 %
2025/12/06 22:32:09.916, 220.54 W, 100 %
2025/12/06 22:32:10.016, 221.12 W, 100 %
2025/12/06 22:32:10.116, 221.13 W, 100 %
2025/12/06 22:32:10.216, 220.99 W, 100 %
2025/12/06 22:32:10.316, 220.67 W, 100 %
2025/12/06 22:32:10.416, 221.37 W, 100 %
2025/12/06 22:32:10.516, 220.27 W, 100 %
2025/12/06 22:32:10.616, 220.65 W, 100 %
2025/12/06 22:32:10.716, 220.40 W, 100 %
2025/12/06 22:32:10.817, 219.77 W, 100 %
2025/12/06 22:32:10.917, 220.05 W, 100 %
2025/12/06 22:32:11.017, 220.18 W, 100 %
2025/12/06 22:32:11.117, 219.74 W, 100 %
2025/12/06 22:32:11.217, 219.32 W, 100 %
2025/12/06 22:32:11.317, 219.47 W, 100 %
2025/12/06 22:32:11.417, 219.22 W, 100 %
2025/12/06 22:32:11.517, 218.77 W, 100 %
2025/12/06 22:32:11.617, 218.95 W, 100 %
2025/12/06 22:32:11.717, 219.05 W, 100 %
2025/12/06 22:32:11.818, 218.49 W, 100 %
2025/12/06 22:32:11.918, 219.05 W, 100 %
2025/12/06 22:32:12.018, 219.12 W, 100 %
2025/12/06 22:32:12.118, 219.29 W, 100 %
2025/12/06 22:32:12.218, 218.96 W, 100 %
2025/12/06 22:32:12.318, 219.63 W, 100 %
2025/12/06 22:32:12.418, 219.52 W, 100 %
2025/12/06 22:32:12.518, 219.83 W, 100 %
2025/12/06 22:32:12.618, 220.40 W, 100 %
2025/12/06 22:32:12.718, 220.50 W, 100 %
2025/12/06 22:32:12.819, 220.38 W, 100 %
2025/12/06 22:32:12.919, 220.69 W, 100 %
2025/12/06 22:32:13.019, 220.43 W, 100 %
2025/12/06 22:32:13.119, 220.13 W, 100 %
2025/12/06 22:32:13.219, 220.02 W, 100 %
2025/12/06 22:32:13.319, 220.26 W, 100 %
2025/12/06 22:32:13.419, 217.91 W, 99 %
2025/12/06 22:32:13.519, 218.55 W, 99 %
2025/12/06 22:32:13.619, 218.12 W, 100 %
2025/12/06 22:32:13.719, 218.09 W, 100 %
2025/12/06 22:32:13.820, 217.50 W, 100 %
2025/12/06 22:32:13.920, 217.85 W, 100 %
2025/12/06 22:32:14.020, 216.93 W, 100 %
2025/12/06 22:32:14.120, 217.12 W, 100 %
2025/12/06 22:32:14.220, 217.01 W, 100 %
2025/12/06 22:32:14.320, 216.78 W, 100 %
2025/12/06 22:32:14.420, 218.29 W, 100 %
2025/12/06 22:32:14.520, 218.86 W, 100 %
2025/12/06 22:32:14.620, 218.75 W, 100 %
2025/12/06 22:32:14.720, 219.01 W, 100 %
2025/12/06 22:32:14.821, 219.38 W, 100 %
2025/12/06 22:32:14.921, 219.37 W, 100 %
2025/12/06 22:32:15.021, 219.27 W, 100 %
2025/12/06 22:32:15.121, 219.79 W, 100 %
2025/12/06 22:32:15.221, 219.69 W, 100 %
2025/12/06 22:32:15.321, 218.70 W, 100 %
2025/12/06 22:32:15.421, 219.36 W, 99 %
2025/12/06 22:32:15.521, 219.65 W, 99 %
2025/12/06 22:32:15.621, 218.72 W, 100 %
2025/12/06 22:32:15.721, 219.17 W, 100 %
2025/12/06 22:32:15.822, 218.62 W, 100 %
2025/12/06 22:32:15.922, 218.24 W, 100 %
2025/12/06 22:32:16.022, 218.07 W, 100 %
2025/12/06 22:32:16.122, 218.61 W, 100 %
2025/12/06 22:32:16.222, 217.64 W, 100 %
2025/12/06 22:32:16.322, 217.54 W, 100 %
2025/12/06 22:32:16.422, 218.40 W, 100 %
2025/12/06 22:32:16.526, 218.36 W, 100 %
2025/12/06 22:32:16.626, 218.68 W, 100 %
2025/12/06 22:32:16.726, 218.70 W, 100 %
2025/12/06 22:32:16.826, 218.74 W, 100 %
2025/12/06 22:32:16.926, 219.27 W, 100 %
2025/12/06 22:32:17.026, 219.81 W, 100 %
2025/12/06 22:32:17.127, 219.76 W, 100 %
2025/12/06 22:32:17.227, 219.60 W, 100 %
2025/12/06 22:32:17.327, 220.08 W, 100 %
2025/12/06 22:32:17.427, 219.78 W, 100 %
2025/12/06 22:32:17.527, 220.39 W, 100 %
2025/12/06 22:32:17.627, 220.07 W, 100 %
2025/12/06 22:32:17.727, 220.45 W, 100 %
2025/12/06 22:32:17.827, 219.60 W, 100 %
2025/12/06 22:32:17.927, 220.36 W, 100 %
2025/12/06 22:32:18.027, 219.54 W, 100 %
2025/12/06 22:32:18.128, 219.37 W, 100 %
2025/12/06 22:32:18.228, 219.34 W, 100 %
2025/12/06 22:32:18.328, 219.27 W, 100 %
2025/12/06 22:32:18.428, 219.48 W, 100 %
2025/12/06 22:32:18.528, 219.96 W, 100 %
2025/12/06 22:32:18.628, 219.92 W, 100 %
2025/12/06 22:32:18.728, 219.82 W, 100 %
2025/12/06 22:32:18.828, 219.41 W, 100 %
2025/12/06 22:32:18.928, 220.09 W, 100 %
2025/12/06 22:32:19.028, 219.27 W, 100 %
2025/12/06 22:32:19.129, 219.55 W, 100 %
2025/12/06 22:32:19.229, 220.63 W, 95 %
2025/12/06 22:32:19.329, 220.73 W, 95 %
2025/12/06 22:32:19.429, 220.65 W, 100 %
2025/12/06 22:32:19.529, 220.46 W, 100 %
2025/12/06 22:32:19.629, 220.50 W, 100 %
2025/12/06 22:32:19.729, 219.97 W, 100 %
2025/12/06 22:32:19.829, 220.01 W, 100 %
2025/12/06 22:32:19.929, 219.87 W, 100 %
2025/12/06 22:32:20.029, 219.91 W, 100 %
2025/12/06 22:32:20.130, 219.58 W, 100 %
2025/12/06 22:32:20.230, 219.94 W, 100 %
2025/12/06 22:32:20.330, 219.25 W, 100 %
2025/12/06 22:32:20.430, 219.15 W, 100 %
2025/12/06 22:32:20.530, 219.48 W, 100 %
2025/12/06 22:32:20.630, 219.36 W, 100 %
2025/12/06 22:32:20.730, 219.58 W, 100 %
2025/12/06 22:32:20.830, 219.78 W, 100 %
2025/12/06 22:32:20.930, 219.87 W, 100 %
2025/12/06 22:32:21.030, 219.74 W, 100 %
2025/12/06 22:32:21.131, 220.49 W, 100 %
2025/12/06 22:32:21.231, 220.68 W, 100 %
2025/12/06 22:32:21.331, 219.92 W, 100 %
2025/12/06 22:32:21.431, 220.09 W, 100 %
2025/12/06 22:32:21.531, 219.88 W, 100 %
2025/12/06 22:32:21.631, 220.38 W, 100 %
2025/12/06 22:32:21.731, 219.93 W, 100 %
2025/12/06 22:32:21.831, 219.74 W, 100 %
2025/12/06 22:32:21.931, 219.74 W, 100 %
2025/12/06 22:32:22.031, 219.51 W, 100 %
2025/12/06 22:32:22.132, 219.69 W, 100 %
2025/12/06 22:32:22.232, 219.00 W, 100 %
2025/12/06 22:32:22.332, 218.91 W, 100 %
2025/12/06 22:32:22.432, 218.90 W, 100 %
2025/12/06 22:32:22.532, 219.00 W, 100 %
2025/12/06 22:32:22.632, 219.00 W, 100 %
2025/12/06 22:32:22.732, 218.19 W, 100 %
2025/12/06 22:32:22.832, 218.54 W, 100 %
2025/12/06 22:32:22.932, 218.70 W, 100 %
2025/12/06 22:32:23.032, 219.93 W, 99 %
2025/12/06 22:32:23.133, 219.99 W, 99 %
2025/12/06 22:32:23.233, 220.02 W, 100 %
2025/12/06 22:32:23.333, 219.68 W, 100 %
2025/12/06 22:32:23.433, 219.64 W, 100 %
2025/12/06 22:32:23.533, 219.42 W, 100 %
2025/12/06 22:32:23.633, 219.91 W, 100 %
2025/12/06 22:32:23.733, 219.88 W, 100 %
2025/12/06 22:32:23.833, 219.92 W, 100 %
2025/12/06 22:32:23.933, 219.59 W, 100 %
2025/12/06 22:32:24.033, 220.39 W, 100 %
2025/12/06 22:32:24.134, 218.92 W, 100 %
2025/12/06 22:32:24.234, 218.82 W, 100 %
2025/12/06 22:32:24.334, 219.39 W, 100 %
2025/12/06 22:32:24.434, 219.37 W, 100 %
2025/12/06 22:32:24.534, 219.57 W, 100 %
2025/12/06 22:32:24.634, 219.79 W, 100 %
2025/12/06 22:32:24.734, 219.09 W, 100 %
2025/12/06 22:32:24.834, 219.18 W, 100 %
2025/12/06 22:32:24.934, 218.52 W, 100 %
2025/12/06 22:32:25.034, 219.25 W, 100 %
2025/12/06 22:32:25.135, 218.02 W, 100 %
2025/12/06 22:32:25.235, 219.04 W, 100 %
2025/12/06 22:32:25.335, 218.14 W, 100 %
2025/12/06 22:32:25.435, 218.47 W, 100 %
2025/12/06 22:32:25.535, 218.29 W, 100 %
2025/12/06 22:32:25.635, 218.09 W, 100 %
2025/12/06 22:32:25.735, 218.00 W, 100 %
2025/12/06 22:32:25.835, 217.89 W, 100 %
2025/12/06 22:32:25.935, 218.34 W, 100 %
2025/12/06 22:32:26.035, 218.84 W, 100 %
2025/12/06 22:32:26.136, 218.76 W, 100 %
2025/12/06 22:32:26.236, 218.42 W, 100 %
2025/12/06 22:32:26.336, 219.04 W, 100 %
2025/12/06 22:32:26.436, 218.63 W, 100 %
2025/12/06 22:32:26.536, 218.92 W, 100 %
2025/12/06 22:32:26.636, 219.09 W, 100 %
2025/12/06 22:32:26.736, 218.83 W, 100 %
2025/12/06 22:32:26.836, 216.91 W, 99 %
2025/12/06 22:32:26.936, 217.66 W, 99 %
2025/12/06 22:32:27.036, 217.49 W, 100 %
2025/12/06 22:32:27.137, 217.52 W, 100 %
2025/12/06 22:32:27.237, 217.33 W, 100 %
2025/12/06 22:32:27.337, 217.21 W, 100 %
2025/12/06 22:32:27.437, 217.50 W, 100 %
2025/12/06 22:32:27.537, 216.94 W, 100 %
2025/12/06 22:32:27.637, 217.74 W, 100 %
2025/12/06 22:32:27.737, 218.00 W, 100 %
2025/12/06 22:32:27.837, 218.07 W, 100 %
2025/12/06 22:32:27.937, 220.64 W, 100 %
2025/12/06 22:32:28.037, 219.64 W, 100 %
2025/12/06 22:32:28.138, 220.21 W, 100 %
2025/12/06 22:32:28.238, 220.18 W, 100 %
2025/12/06 22:32:28.338, 219.95 W, 100 %
2025/12/06 22:32:28.438, 220.18 W, 100 %
2025/12/06 22:32:28.538, 219.77 W, 100 %
2025/12/06 22:32:28.638, 220.02 W, 100 %
2025/12/06 22:32:28.738, 219.43 W, 100 %
2025/12/06 22:32:28.838, 219.81 W, 99 %
2025/12/06 22:32:28.938, 218.99 W, 99 %
2025/12/06 22:32:29.038, 219.32 W, 100 %
2025/12/06 22:32:29.139, 219.17 W, 100 %
2025/12/06 22:32:29.239, 218.77 W, 100 %
2025/12/06 22:32:29.339, 218.95 W, 100 %
2025/12/06 22:32:29.439, 219.63 W, 100 %
2025/12/06 22:32:29.539, 219.18 W, 100 %
2025/12/06 22:32:29.639, 219.12 W, 100 %
2025/12/06 22:32:29.739, 219.37 W, 100 %
2025/12/06 22:32:29.839, 219.19 W, 100 %
2025/12/06 22:32:29.939, 218.65 W, 100 %
2025/12/06 22:32:30.039, 219.42 W, 100 %
2025/12/06 22:32:30.140, 218.86 W, 100 %
2025/12/06 22:32:30.240, 219.25 W, 100 %
2025/12/06 22:32:30.340, 219.25 W, 100 %
2025/12/06 22:32:30.440, 219.23 W, 100 %
2025/12/06 22:32:30.540, 218.70 W, 100 %
2025/12/06 22:32:30.640, 219.12 W, 100 %
2025/12/06 22:32:30.740, 219.84 W, 100 %
2025/12/06 22:32:30.840, 218.99 W, 100 %
2025/12/06 22:32:30.940, 219.91 W, 100 %
2025/12/06 22:32:31.040, 219.59 W, 100 %
2025/12/06 22:32:31.141, 218.80 W, 100 %
2025/12/06 22:32:31.241, 219.23 W, 100 %
2025/12/06 22:32:31.341, 219.49 W, 100 %
2025/12/06 22:32:31.441, 219.38 W, 100 %
2025/12/06 22:32:31.541, 219.44 W, 100 %
2025/12/06 22:32:31.641, 219.06 W, 100 %
2025/12/06 22:32:31.741, 219.34 W, 100 %
2025/12/06 22:32:31.841, 219.19 W, 100 %
2025/12/06 22:32:31.941, 219.29 W, 100 %
2025/12/06 22:32:32.041, 218.99 W, 100 %
2025/12/06 22:32:32.142, 218.60 W, 100 %
2025/12/06 22:32:32.242, 218.79 W, 100 %
2025/12/06 22:32:32.342, 218.63 W, 100 %
2025/12/06 22:32:32.442, 218.59 W, 100 %
2025/12/06 22:32:32.542, 218.71 W, 100 %
2025/12/06 22:32:32.642, 219.05 W, 99 %
2025/12/06 22:32:32.742, 219.23 W, 99 %
2025/12/06 22:32:32.842, 219.74 W, 100 %
2025/12/06 22:32:32.942, 219.96 W, 100 %
2025/12/06 22:32:33.042, 219.73 W, 100 %
2025/12/06 22:32:33.143, 220.15 W, 100 %
2025/12/06 22:32:33.243, 220.34 W, 100 %
2025/12/06 22:32:33.343, 220.65 W, 100 %
2025/12/06 22:32:33.443, 220.59 W, 100 %
2025/12/06 22:32:33.543, 219.85 W, 100 %
2025/12/06 22:32:33.643, 219.87 W, 100 %
2025/12/06 22:32:33.743, 219.85 W, 100 %
2025/12/06 22:32:33.843, 219.72 W, 100 %
2025/12/06 22:32:33.943, 219.17 W, 100 %
2025/12/06 22:32:34.043, 219.40 W, 100 %
2025/12/06 22:32:34.144, 219.32 W, 100 %
2025/12/06 22:32:34.244, 219.23 W, 100 %
2025/12/06 22:32:34.344, 219.24 W, 100 %
2025/12/06 22:32:34.444, 218.77 W, 100 %
2025/12/06 22:32:34.544, 220.51 W, 100 %
2025/12/06 22:32:34.644, 220.31 W, 100 %
2025/12/06 22:32:34.744, 220.50 W, 100 %
2025/12/06 22:32:34.844, 220.20 W, 100 %
2025/12/06 22:32:34.944, 220.26 W, 100 %
2025/12/06 22:32:35.044, 219.99 W, 100 %
2025/12/06 22:32:35.145, 220.48 W, 100 %
2025/12/06 22:32:35.245, 219.91 W, 100 %
2025/12/06 22:32:35.345, 220.36 W, 100 %
2025/12/06 22:32:35.445, 220.71 W, 100 %
2025/12/06 22:32:35.545, 220.47 W, 100 %
2025/12/06 22:32:35.645, 219.58 W, 100 %
2025/12/06 22:32:35.745, 219.21 W, 100 %
2025/12/06 22:32:35.845, 219.48 W, 100 %
2025/12/06 22:32:35.945, 219.22 W, 100 %
2025/12/06 22:32:36.045, 219.43 W, 100 %
2025/12/06 22:32:36.146, 219.38 W, 100 %
2025/12/06 22:32:36.246, 219.21 W, 100 %
2025/12/06 22:32:36.346, 219.22 W, 100 %
2025/12/06 22:32:36.446, 219.23 W, 99 %
2025/12/06 22:32:36.546, 219.57 W, 99 %
2025/12/06 22:32:36.646, 219.39 W, 100 %
2025/12/06 22:32:36.746, 219.56 W, 100 %
2025/12/06 22:32:36.846, 219.72 W, 100 %
2025/12/06 22:32:36.946, 219.54 W, 100 %
2025/12/06 22:32:37.046, 219.52 W, 100 %
2025/12/06 22:32:37.147, 219.42 W, 100 %
2025/12/06 22:32:37.247, 219.23 W, 100 %
2025/12/06 22:32:37.347, 218.60 W, 100 %
2025/12/06 22:32:37.447, 219.37 W, 100 %
2025/12/06 22:32:37.547, 218.66 W, 100 %
2025/12/06 22:32:37.647, 219.34 W, 100 %
2025/12/06 22:32:37.747, 218.91 W, 100 %
2025/12/06 22:32:37.847, 219.05 W, 100 %
2025/12/06 22:32:37.947, 218.97 W, 100 %
2025/12/06 22:32:38.047, 219.09 W, 100 %
2025/12/06 22:32:38.148, 219.10 W, 100 %
2025/12/06 22:32:38.248, 218.70 W, 100 %
2025/12/06 22:32:38.348, 217.43 W, 100 %
2025/12/06 22:32:38.448, 217.67 W, 100 %
2025/12/06 22:32:38.548, 217.84 W, 100 %
2025/12/06 22:32:38.648, 218.01 W, 100 %
2025/12/06 22:32:38.748, 217.43 W, 100 %
2025/12/06 22:32:38.848, 217.76 W, 100 %
2025/12/06 22:32:38.948, 217.53 W, 100 %
2025/12/06 22:32:39.048, 217.98 W, 100 %
2025/12/06 22:32:39.149, 217.72 W, 100 %
2025/12/06 22:32:39.249, 217.32 W, 100 %
2025/12/06 22:32:39.349, 217.11 W, 100 %
2025/12/06 22:32:39.449, 219.28 W, 100 %
2025/12/06 22:32:39.549, 219.23 W, 100 %
2025/12/06 22:32:39.649, 218.68 W, 100 %
2025/12/06 22:32:39.749, 218.93 W, 100 %
2025/12/06 22:32:39.849, 218.91 W, 100 %
2025/12/06 22:32:39.949, 219.03 W, 100 %
2025/12/06 22:32:40.049, 218.80 W, 100 %
2025/12/06 22:32:40.150, 218.70 W, 100 %
2025/12/06 22:32:40.250, 217.18 W, 100 %
2025/12/06 22:32:40.350, 218.44 W, 100 %
2025/12/06 22:32:40.450, 217.94 W, 100 %
2025/12/06 22:32:40.550, 217.94 W, 100 %
2025/12/06 22:32:40.650, 218.20 W, 100 %
2025/12/06 22:32:40.750, 218.45 W, 100 %
2025/12/06 22:32:40.850, 218.73 W, 100 %
2025/12/06 22:32:40.950, 218.37 W, 100 %
2025/12/06 22:32:41.050, 218.45 W, 100 %
2025/12/06 22:32:41.151, 218.61 W, 100 %
2025/12/06 22:32:41.251, 218.12 W, 100 %
2025/12/06 22:32:41.351, 219.33 W, 100 %
2025/12/06 22:32:41.451, 218.95 W, 100 %
2025/12/06 22:32:41.551, 219.36 W, 100 %
2025/12/06 22:32:41.651, 219.17 W, 100 %
2025/12/06 22:32:41.751, 219.42 W, 100 %
2025/12/06 22:32:41.851, 218.73 W, 100 %
2025/12/06 22:32:41.951, 219.05 W, 100 %
2025/12/06 22:32:42.051, 218.76 W, 100 %
2025/12/06 22:32:42.152, 218.84 W, 100 %
2025/12/06 22:32:42.252, 219.51 W, 99 %
2025/12/06 22:32:42.352, 219.29 W, 99 %
2025/12/06 22:32:42.452, 219.92 W, 100 %
2025/12/06 22:32:42.552, 219.35 W, 100 %
2025/12/06 22:32:42.652, 219.99 W, 100 %
2025/12/06 22:32:42.752, 220.00 W, 100 %
2025/12/06 22:32:42.852, 219.79 W, 100 %
2025/12/06 22:32:42.952, 219.27 W, 100 %
2025/12/06 22:32:43.052, 219.60 W, 100 %
2025/12/06 22:32:43.153, 219.65 W, 100 %
2025/12/06 22:32:43.253, 219.45 W, 100 %
2025/12/06 22:32:43.353, 219.48 W, 100 %
2025/12/06 22:32:43.453, 219.63 W, 100 %
2025/12/06 22:32:43.553, 219.56 W, 100 %
2025/12/06 22:32:43.653, 219.83 W, 100 %
2025/12/06 22:32:43.753, 219.78 W, 100 %
2025/12/06 22:32:43.853, 219.65 W, 100 %
2025/12/06 22:32:43.953, 219.49 W, 100 %
2025/12/06 22:32:44.053, 220.05 W, 100 %
2025/12/06 22:32:44.154, 220.38 W, 100 %
2025/12/06 22:32:44.254, 220.67 W, 100 %
2025/12/06 22:32:44.354, 219.71 W, 100 %
2025/12/06 22:32:44.454, 220.50 W, 100 %
2025/12/06 22:32:44.554, 220.10 W, 100 %
2025/12/06 22:32:44.654, 220.42 W, 100 %
2025/12/06 22:32:44.754, 220.72 W, 100 %
2025/12/06 22:32:44.854, 220.14 W, 100 %
2025/12/06 22:32:44.954, 220.31 W, 100 %
2025/12/06 22:32:45.054, 220.28 W, 100 %
2025/12/06 22:32:45.155, 220.34 W, 100 %
2025/12/06 22:32:45.255, 219.95 W, 100 %
2025/12/06 22:32:45.355, 219.53 W, 100 %
2025/12/06 22:32:45.455, 219.70 W, 100 %
2025/12/06 22:32:45.555, 218.86 W, 100 %
2025/12/06 22:32:45.655, 219.51 W, 100 %
2025/12/06 22:32:45.755, 218.80 W, 100 %
2025/12/06 22:32:45.855, 219.23 W, 100 %
2025/12/06 22:32:45.955, 219.04 W, 100 %
2025/12/06 22:32:46.055, 220.18 W, 99 %
2025/12/06 22:32:46.156, 220.13 W, 99 %
2025/12/06 22:32:46.256, 220.35 W, 100 %
2025/12/06 22:32:46.356, 220.41 W, 100 %
2025/12/06 22:32:46.456, 220.58 W, 100 %
2025/12/06 22:32:46.556, 221.34 W, 100 %
2025/12/06 22:32:46.656, 221.01 W, 100 %
2025/12/06 22:32:46.756, 220.97 W, 100 %
2025/12/06 22:32:46.856, 220.85 W, 100 %
2025/12/06 22:32:46.956, 220.65 W, 100 %
2025/12/06 22:32:47.056, 220.96 W, 100 %
2025/12/06 22:32:47.157, 219.83 W, 100 %
2025/12/06 22:32:47.257, 219.57 W, 100 %
2025/12/06 22:32:47.357, 218.92 W, 100 %
2025/12/06 22:32:47.457, 218.94 W, 100 %
2025/12/06 22:32:47.557, 218.83 W, 100 %
2025/12/06 22:32:47.657, 219.28 W, 100 %
2025/12/06 22:32:47.757, 219.13 W, 100 %
2025/12/06 22:32:47.857, 219.17 W, 100 %
2025/12/06 22:32:47.957, 220.06 W, 100 %
2025/12/06 22:32:48.057, 219.90 W, 100 %
2025/12/06 22:32:48.158, 219.62 W, 100 %
2025/12/06 22:32:48.258, 219.45 W, 100 %
2025/12/06 22:32:48.358, 220.15 W, 100 %
2025/12/06 22:32:48.458, 219.52 W, 100 %
2025/12/06 22:32:48.558, 220.17 W, 100 %
2025/12/06 22:32:48.658, 220.15 W, 100 %
2025/12/06 22:32:48.758, 219.82 W, 100 %
2025/12/06 22:32:48.858, 220.32 W, 100 %
2025/12/06 22:32:48.958, 219.90 W, 100 %
2025/12/06 22:32:49.058, 219.30 W, 100 %
2025/12/06 22:32:49.159, 219.71 W, 100 %
2025/12/06 22:32:49.259, 220.02 W, 100 %
2025/12/06 22:32:49.359, 219.57 W, 100 %
2025/12/06 22:32:49.459, 218.94 W, 100 %
2025/12/06 22:32:49.559, 220.11 W, 100 %
2025/12/06 22:32:49.659, 219.64 W, 100 %
2025/12/06 22:32:49.759, 219.83 W, 100 %
2025/12/06 22:32:49.859, 218.53 W, 99 %
2025/12/06 22:32:49.959, 219.32 W, 99 %
2025/12/06 22:32:50.059, 218.86 W, 100 %
2025/12/06 22:32:50.160, 219.18 W, 100 %
2025/12/06 22:32:50.260, 218.90 W, 100 %
2025/12/06 22:32:50.360, 218.04 W, 100 %
2025/12/06 22:32:50.460, 218.96 W, 100 %
2025/12/06 22:32:50.560, 218.42 W, 100 %
2025/12/06 22:32:50.660, 218.32 W, 100 %
2025/12/06 22:32:50.760, 218.22 W, 100 %
2025/12/06 22:32:50.860, 218.49 W, 100 %
2025/12/06 22:32:50.960, 219.29 W, 100 %
2025/12/06 22:32:51.060, 219.01 W, 100 %
2025/12/06 22:32:51.161, 218.99 W, 100 %
2025/12/06 22:32:51.261, 219.05 W, 100 %
2025/12/06 22:32:51.361, 218.73 W, 100 %
2025/12/06 22:32:51.461, 219.14 W, 100 %
2025/12/06 22:32:51.561, 219.21 W, 100 %
2025/12/06 22:32:51.661, 219.59 W, 100 %
2025/12/06 22:32:51.761, 217.96 W, 100 %
2025/12/06 22:32:51.861, 218.19 W, 99 %
2025/12/06 22:32:51.961, 217.77 W, 99 %
2025/12/06 22:32:52.061, 218.06 W, 100 %
2025/12/06 22:32:52.162, 217.98 W, 100 %
2025/12/06 22:32:52.262, 217.39 W, 100 %
2025/12/06 22:32:52.362, 217.18 W, 100 %
2025/12/06 22:32:52.462, 217.43 W, 100 %
2025/12/06 22:32:52.562, 217.20 W, 100 %
2025/12/06 22:32:52.662, 217.36 W, 100 %
2025/12/06 22:32:52.762, 217.85 W, 100 %
2025/12/06 22:32:52.862, 219.07 W, 100 %
2025/12/06 22:32:52.962, 219.27 W, 100 %
2025/12/06 22:32:53.062, 219.09 W, 100 %
2025/12/06 22:32:53.163, 219.03 W, 100 %
2025/12/06 22:32:53.263, 219.38 W, 100 %
2025/12/06 22:32:53.363, 219.07 W, 100 %
2025/12/06 22:32:53.463, 218.71 W, 100 %
2025/12/06 22:32:53.563, 219.56 W, 100 %
2025/12/06 22:32:53.663, 219.58 W, 100 %
2025/12/06 22:32:53.763, 219.75 W, 100 %
2025/12/06 22:32:53.863, 219.92 W, 100 %
2025/12/06 22:32:53.963, 220.19 W, 100 %
2025/12/06 22:32:54.063, 220.12 W, 100 %
2025/12/06 22:32:54.164, 220.08 W, 100 %
2025/12/06 22:32:54.264, 220.33 W, 100 %
2025/12/06 22:32:54.364, 219.91 W, 100 %
2025/12/06 22:32:54.464, 220.54 W, 100 %
2025/12/06 22:32:54.564, 220.65 W, 100 %
2025/12/06 22:32:54.664, 219.91 W, 100 %
2025/12/06 22:32:54.764, 219.74 W, 100 %
2025/12/06 22:32:54.864, 219.25 W, 100 %
2025/12/06 22:32:54.964, 219.31 W, 100 %
2025/12/06 22:32:55.064, 219.55 W, 100 %
2025/12/06 22:32:55.165, 219.38 W, 100 %
2025/12/06 22:32:55.265, 219.39 W, 100 %
2025/12/06 22:32:55.365, 218.56 W, 100 %
2025/12/06 22:32:55.465, 219.54 W, 100 %
2025/12/06 22:32:55.565, 219.36 W, 100 %
2025/12/06 22:32:55.665, 220.13 W, 99 %
2025/12/06 22:32:55.765, 219.97 W, 99 %
2025/12/06 22:32:55.865, 220.21 W, 100 %
2025/12/06 22:32:55.965, 220.04 W, 100 %
2025/12/06 22:32:56.065, 219.68 W, 100 %
2025/12/06 22:32:56.166, 220.16 W, 100 %
2025/12/06 22:32:56.266, 219.51 W, 100 %
2025/12/06 22:32:56.366, 220.10 W, 100 %
2025/12/06 22:32:56.466, 220.26 W, 100 %
2025/12/06 22:32:56.566, 220.20 W, 100 %
2025/12/06 22:32:56.666, 220.43 W, 100 %
2025/12/06 22:32:56.766, 219.85 W, 100 %
2025/12/06 22:32:56.866, 220.12 W, 100 %
2025/12/06 22:32:56.966, 219.98 W, 100 %
2025/12/06 22:32:57.066, 220.27 W, 100 %
2025/12/06 22:32:57.167, 219.91 W, 100 %
2025/12/06 22:32:57.267, 219.39 W, 100 %
2025/12/06 22:32:57.367, 219.92 W, 100 %
2025/12/06 22:32:57.467, 220.21 W, 100 %
2025/12/06 22:32:57.567, 220.54 W, 100 %
2025/12/06 22:32:57.667, 220.43 W, 100 %
2025/12/06 22:32:57.767, 220.39 W, 100 %
2025/12/06 22:32:57.867, 219.91 W, 100 %
2025/12/06 22:32:57.967, 220.57 W, 100 %
2025/12/06 22:32:58.067, 219.89 W, 100 %
2025/12/06 22:32:58.168, 220.69 W, 100 %
2025/12/06 22:32:58.268, 219.91 W, 100 %
2025/12/06 22:32:58.368, 220.28 W, 100 %
2025/12/06 22:32:58.468, 220.33 W, 100 %
2025/12/06 22:32:58.568, 219.83 W, 100 %
2025/12/06 22:32:58.668, 219.56 W, 100 %
2025/12/06 22:32:58.768, 219.47 W, 100 %
2025/12/06 22:32:58.868, 219.36 W, 100 %
2025/12/06 22:32:58.968, 219.82 W, 100 %
2025/12/06 22:32:59.068, 219.01 W, 100 %
2025/12/06 22:32:59.169, 219.30 W, 100 %
2025/12/06 22:32:59.269, 218.07 W, 100 %
2025/12/06 22:32:59.369, 219.04 W, 100 %
2025/12/06 22:32:59.469, 219.70 W, 99 %
2025/12/06 22:32:59.569, 220.20 W, 99 %
2025/12/06 22:32:59.669, 220.03 W, 100 %
2025/12/06 22:32:59.769, 220.12 W, 100 %
2025/12/06 22:32:59.869, 220.30 W, 100 %
2025/12/06 22:32:59.969, 220.28 W, 100 %
2025/12/06 22:33:00.069, 220.81 W, 100 %
2025/12/06 22:33:00.170, 220.21 W, 100 %
2025/12/06 22:33:00.270, 220.21 W, 100 %
2025/12/06 22:33:00.370, 220.36 W, 100 %
2025/12/06 22:33:00.470, 220.25 W, 100 %
2025/12/06 22:33:00.570, 219.36 W, 100 %
2025/12/06 22:33:00.670, 218.99 W, 100 %
2025/12/06 22:33:00.770, 219.29 W, 100 %
2025/12/06 22:33:00.870, 218.99 W, 100 %
2025/12/06 22:33:00.970, 219.35 W, 100 %
2025/12/06 22:33:01.070, 219.06 W, 100 %
2025/12/06 22:33:01.171, 218.62 W, 100 %
2025/12/06 22:33:01.271, 218.86 W, 100 %
2025/12/06 22:33:01.371, 218.06 W, 100 %
2025/12/06 22:33:01.471, 218.85 W, 100 %
2025/12/06 22:33:01.571, 218.81 W, 100 %
2025/12/06 22:33:01.671, 218.47 W, 100 %
2025/12/06 22:33:01.771, 218.60 W, 100 %
2025/12/06 22:33:01.871, 218.59 W, 100 %
2025/12/06 22:33:01.971, 218.03 W, 100 %
2025/12/06 22:33:02.071, 218.03 W, 100 %
2025/12/06 22:33:02.172, 217.85 W, 100 %
2025/12/06 22:33:02.272, 218.58 W, 100 %
2025/12/06 22:33:02.372, 219.35 W, 100 %
2025/12/06 22:33:02.472, 219.09 W, 100 %
2025/12/06 22:33:02.572, 219.22 W, 100 %
2025/12/06 22:33:02.672, 219.36 W, 100 %
2025/12/06 22:33:02.772, 218.98 W, 100 %
2025/12/06 22:33:02.872, 219.16 W, 100 %
2025/12/06 22:33:02.972, 219.43 W, 100 %
2025/12/06 22:33:03.072, 219.22 W, 100 %
2025/12/06 22:33:03.173, 219.22 W, 100 %
2025/12/06 22:33:03.273, 217.88 W, 99 %
2025/12/06 22:33:03.373, 217.83 W, 99 %
2025/12/06 22:33:03.473, 217.80 W, 100 %
2025/12/06 22:33:03.573, 218.10 W, 100 %
2025/12/06 22:33:03.673, 217.85 W, 100 %
2025/12/06 22:33:03.773, 218.26 W, 100 %
2025/12/06 22:33:03.873, 217.93 W, 100 %
2025/12/06 22:33:03.973, 217.72 W, 100 %
2025/12/06 22:33:04.073, 217.59 W, 100 %
2025/12/06 22:33:04.174, 217.72 W, 100 %
2025/12/06 22:33:04.274, 220.36 W, 100 %
2025/12/06 22:33:04.374, 219.83 W, 100 %
2025/12/06 22:33:04.474, 219.44 W, 100 %
2025/12/06 22:33:04.574, 219.80 W, 100 %
2025/12/06 22:33:04.674, 219.28 W, 100 %
2025/12/06 22:33:04.774, 219.61 W, 100 %
2025/12/06 22:33:04.874, 219.50 W, 100 %
2025/12/06 22:33:04.974, 219.07 W, 100 %
2025/12/06 22:33:05.074, 219.07 W, 100 %
2025/12/06 22:33:05.175, 220.30 W, 100 %
2025/12/06 22:33:05.275, 220.70 W, 100 %
2025/12/06 22:33:05.375, 220.33 W, 100 %
2025/12/06 22:33:05.475, 220.55 W, 100 %
2025/12/06 22:33:05.575, 220.42 W, 100 %
2025/12/06 22:33:05.675, 220.72 W, 100 %
2025/12/06 22:33:05.775, 220.67 W, 100 %
2025/12/06 22:33:05.875, 219.84 W, 100 %
2025/12/06 22:33:05.975, 219.06 W, 100 %
2025/12/06 22:33:06.075, 219.74 W, 100 %
2025/12/06 22:33:06.176, 219.97 W, 100 %
2025/12/06 22:33:06.276, 218.98 W, 100 %
2025/12/06 22:33:06.376, 219.18 W, 100 %
2025/12/06 22:33:06.476, 218.88 W, 100 %
2025/12/06 22:33:06.576, 219.13 W, 100 %
2025/12/06 22:33:06.676, 218.85 W, 100 %
2025/12/06 22:33:06.776, 218.95 W, 100 %
2025/12/06 22:33:06.876, 219.40 W, 100 %
2025/12/06 22:33:06.976, 219.13 W, 100 %
2025/12/06 22:33:07.076, 220.16 W, 99 %
2025/12/06 22:33:07.177, 220.07 W, 99 %
2025/12/06 22:33:07.277, 219.88 W, 100 %
2025/12/06 22:33:07.377, 219.83 W, 100 %
2025/12/06 22:33:07.477, 219.87 W, 100 %
2025/12/06 22:33:07.577, 219.98 W, 100 %
2025/12/06 22:33:07.677, 219.72 W, 100 %
2025/12/06 22:33:07.777, 219.43 W, 100 %
2025/12/06 22:33:07.877, 219.28 W, 100 %
2025/12/06 22:33:07.977, 219.94 W, 100 %
2025/12/06 22:33:08.077, 219.74 W, 100 %
2025/12/06 22:33:08.178, 219.45 W, 100 %
2025/12/06 22:33:08.278, 219.59 W, 100 %
2025/12/06 22:33:08.378, 219.69 W, 100 %
2025/12/06 22:33:08.478, 219.63 W, 100 %
2025/12/06 22:33:08.578, 219.41 W, 100 %
2025/12/06 22:33:08.678, 219.38 W, 100 %
2025/12/06 22:33:08.778, 219.07 W, 100 %
2025/12/06 22:33:08.878, 218.72 W, 100 %
2025/12/06 22:33:08.978, 219.89 W, 100 %
2025/12/06 22:33:09.078, 219.69 W, 100 %
2025/12/06 22:33:09.179, 219.49 W, 100 %
2025/12/06 22:33:09.279, 219.85 W, 100 %
2025/12/06 22:33:09.379, 219.29 W, 100 %
2025/12/06 22:33:09.479, 219.89 W, 100 %
2025/12/06 22:33:09.579, 219.96 W, 100 %
2025/12/06 22:33:09.679, 219.74 W, 100 %
2025/12/06 22:33:09.779, 219.53 W, 100 %
2025/12/06 22:33:09.879, 220.37 W, 100 %
2025/12/06 22:33:09.979, 220.57 W, 100 %
2025/12/06 22:33:10.079, 219.79 W, 100 %
2025/12/06 22:33:10.180, 219.76 W, 100 %
2025/12/06 22:33:10.280, 219.86 W, 100 %
2025/12/06 22:33:10.380, 219.33 W, 100 %
2025/12/06 22:33:10.480, 220.07 W, 100 %
2025/12/06 22:33:10.580, 219.44 W, 100 %
2025/12/06 22:33:10.680, 219.69 W, 100 %
2025/12/06 22:33:10.780, 219.77 W, 100 %
2025/12/06 22:33:10.880, 220.26 W, 99 %
2025/12/06 22:33:10.980, 220.19 W, 99 %
2025/12/06 22:33:11.080, 219.58 W, 100 %
2025/12/06 22:33:11.181, 219.82 W, 100 %
2025/12/06 22:33:11.281, 219.48 W, 100 %
2025/12/06 22:33:11.381, 219.75 W, 100 %
2025/12/06 22:33:11.481, 219.29 W, 100 %
2025/12/06 22:33:11.581, 220.17 W, 100 %
2025/12/06 22:33:11.681, 219.25 W, 100 %
2025/12/06 22:33:11.781, 219.20 W, 100 %
2025/12/06 22:33:11.881, 219.40 W, 100 %
2025/12/06 22:33:11.981, 219.22 W, 100 %
2025/12/06 22:33:12.081, 219.48 W, 100 %
2025/12/06 22:33:12.182, 219.63 W, 100 %
2025/12/06 22:33:12.282, 219.57 W, 100 %
2025/12/06 22:33:12.382, 219.37 W, 100 %
2025/12/06 22:33:12.482, 219.64 W, 100 %
2025/12/06 22:33:12.582, 219.76 W, 100 %
2025/12/06 22:33:12.682, 218.86 W, 100 %
2025/12/06 22:33:12.782, 218.47 W, 100 %
2025/12/06 22:33:12.882, 218.90 W, 100 %
2025/12/06 22:33:12.982, 218.67 W, 100 %
2025/12/06 22:33:13.082, 219.10 W, 100 %
2025/12/06 22:33:13.183, 218.66 W, 100 %
2025/12/06 22:33:13.283, 218.22 W, 100 %
2025/12/06 22:33:13.383, 218.14 W, 100 %
2025/12/06 22:33:13.483, 219.28 W, 100 %
2025/12/06 22:33:13.583, 218.42 W, 100 %
2025/12/06 22:33:13.683, 218.18 W, 100 %
2025/12/06 22:33:13.783, 217.84 W, 100 %
2025/12/06 22:33:13.883, 219.27 W, 100 %
2025/12/06 22:33:13.983, 218.79 W, 100 %
2025/12/06 22:33:14.083, 218.00 W, 100 %
2025/12/06 22:33:14.184, 218.37 W, 100 %
2025/12/06 22:33:14.284, 218.44 W, 100 %
2025/12/06 22:33:14.384, 219.14 W, 100 %
2025/12/06 22:33:14.484, 218.62 W, 100 %
2025/12/06 22:33:14.584, 218.62 W, 100 %
2025/12/06 22:33:14.684, 216.24 W, 99 %
2025/12/06 22:33:14.784, 217.06 W, 99 %
2025/12/06 22:33:14.884, 217.69 W, 100 %
2025/12/06 22:33:14.984, 216.72 W, 100 %
2025/12/06 22:33:15.084, 217.01 W, 100 %
2025/12/06 22:33:15.185, 216.74 W, 100 %
2025/12/06 22:33:15.285, 216.56 W, 100 %
2025/12/06 22:33:15.385, 217.24 W, 100 %
2025/12/06 22:33:15.485, 216.95 W, 100 %
2025/12/06 22:33:15.585, 215.94 W, 100 %
2025/12/06 22:33:15.685, 216.10 W, 100 %
2025/12/06 22:33:15.785, 218.43 W, 100 %
2025/12/06 22:33:15.885, 218.43 W, 100 %
2025/12/06 22:33:15.985, 218.99 W, 100 %
2025/12/06 22:33:16.085, 218.66 W, 100 %
2025/12/06 22:33:16.186, 218.79 W, 100 %
2025/12/06 22:33:16.286, 219.24 W, 100 %
2025/12/06 22:33:16.386, 218.81 W, 100 %
2025/12/06 22:33:16.486, 218.90 W, 100 %
2025/12/06 22:33:16.586, 218.20 W, 100 %
2025/12/06 22:33:16.686, 219.55 W, 99 %
2025/12/06 22:33:16.786, 219.10 W, 99 %
2025/12/06 22:33:16.886, 219.79 W, 100 %
2025/12/06 22:33:16.986, 219.59 W, 100 %
2025/12/06 22:33:17.086, 218.98 W, 100 %
2025/12/06 22:33:17.187, 219.98 W, 100 %
2025/12/06 22:33:17.287, 219.25 W, 100 %
2025/12/06 22:33:17.387, 219.34 W, 100 %
2025/12/06 22:33:17.487, 218.73 W, 100 %
2025/12/06 22:33:17.587, 218.83 W, 100 %
2025/12/06 22:33:17.687, 219.26 W, 100 %
2025/12/06 22:33:17.787, 218.79 W, 100 %
2025/12/06 22:33:17.887, 219.54 W, 100 %
2025/12/06 22:33:17.987, 218.59 W, 100 %
2025/12/06 22:33:18.087, 218.84 W, 100 %
2025/12/06 22:33:18.188, 219.60 W, 100 %
2025/12/06 22:33:18.288, 219.36 W, 100 %
2025/12/06 22:33:18.388, 219.69 W, 100 %
2025/12/06 22:33:18.488, 218.99 W, 100 %
2025/12/06 22:33:18.588, 220.57 W, 100 %
2025/12/06 22:33:18.688, 220.56 W, 100 %
2025/12/06 22:33:18.788, 220.91 W, 100 %
2025/12/06 22:33:18.888, 220.42 W, 100 %
2025/12/06 22:33:18.988, 220.18 W, 100 %
2025/12/06 22:33:19.088, 220.44 W, 100 %
2025/12/06 22:33:19.189, 220.49 W, 100 %
2025/12/06 22:33:19.289, 220.75 W, 100 %
2025/12/06 22:33:19.389, 219.67 W, 100 %
2025/12/06 22:33:19.489, 219.08 W, 100 %
2025/12/06 22:33:19.589, 219.61 W, 100 %
2025/12/06 22:33:19.689, 218.82 W, 100 %
2025/12/06 22:33:19.789, 219.18 W, 100 %
2025/12/06 22:33:19.889, 218.87 W, 100 %
2025/12/06 22:33:19.989, 219.00 W, 100 %
2025/12/06 22:33:20.089, 219.05 W, 100 %
2025/12/06 22:33:20.190, 219.85 W, 100 %
2025/12/06 22:33:20.290, 219.41 W, 100 %
2025/12/06 22:33:20.390, 218.77 W, 100 %
2025/12/06 22:33:20.490, 220.56 W, 95 %
2025/12/06 22:33:20.590, 220.35 W, 95 %
2025/12/06 22:33:20.690, 220.54 W, 100 %
2025/12/06 22:33:20.790, 220.18 W, 100 %
2025/12/06 22:33:20.890, 219.87 W, 100 %
2025/12/06 22:33:20.990, 220.02 W, 100 %
2025/12/06 22:33:21.090, 220.21 W, 100 %
2025/12/06 22:33:21.191, 220.62 W, 100 %
2025/12/06 22:33:21.291, 220.20 W, 100 %
2025/12/06 22:33:21.391, 220.22 W, 100 %
2025/12/06 22:33:21.491, 220.05 W, 100 %
2025/12/06 22:33:21.591, 219.18 W, 100 %
2025/12/06 22:33:21.691, 219.32 W, 100 %
2025/12/06 22:33:21.791, 219.44 W, 100 %
2025/12/06 22:33:21.891, 219.83 W, 100 %
2025/12/06 22:33:21.991, 219.30 W, 100 %
2025/12/06 22:33:22.091, 219.82 W, 100 %
2025/12/06 22:33:22.192, 220.14 W, 100 %
2025/12/06 22:33:22.292, 219.71 W, 100 %
2025/12/06 22:33:22.392, 219.63 W, 100 %
2025/12/06 22:33:22.492, 219.83 W, 100 %
2025/12/06 22:33:22.592, 219.86 W, 100 %
2025/12/06 22:33:22.692, 220.12 W, 100 %
2025/12/06 22:33:22.792, 219.55 W, 100 %
2025/12/06 22:33:22.892, 219.94 W, 100 %
2025/12/06 22:33:22.992, 219.73 W, 100 %
2025/12/06 22:33:23.092, 220.25 W, 100 %
2025/12/06 22:33:23.193, 219.14 W, 100 %
2025/12/06 22:33:23.293, 219.17 W, 100 %
2025/12/06 22:33:23.393, 219.13 W, 100 %
2025/12/06 22:33:23.493, 219.29 W, 100 %
2025/12/06 22:33:23.593, 219.25 W, 100 %
2025/12/06 22:33:23.693, 219.35 W, 100 %
2025/12/06 22:33:23.793, 219.07 W, 100 %
2025/12/06 22:33:23.893, 219.15 W, 100 %
2025/12/06 22:33:23.993, 219.44 W, 100 %
2025/12/06 22:33:24.093, 219.46 W, 100 %
2025/12/06 22:33:24.194, 219.40 W, 100 %
2025/12/06 22:33:24.294, 218.21 W, 99 %
2025/12/06 22:33:24.394, 218.14 W, 99 %
2025/12/06 22:33:24.494, 218.45 W, 100 %
2025/12/06 22:33:24.594, 218.14 W, 100 %
2025/12/06 22:33:24.694, 218.30 W, 100 %
2025/12/06 22:33:24.794, 218.18 W, 100 %
2025/12/06 22:33:24.894, 218.13 W, 100 %
2025/12/06 22:33:24.994, 218.20 W, 100 %
2025/12/06 22:33:25.094, 217.02 W, 100 %
2025/12/06 22:33:25.195, 217.53 W, 100 %
2025/12/06 22:33:25.295, 217.42 W, 100 %
2025/12/06 22:33:25.395, 218.69 W, 100 %
2025/12/06 22:33:25.495, 219.21 W, 100 %
2025/12/06 22:33:25.595, 219.04 W, 100 %
2025/12/06 22:33:25.695, 219.11 W, 100 %
2025/12/06 22:33:25.795, 218.62 W, 100 %
2025/12/06 22:33:25.895, 218.82 W, 100 %
2025/12/06 22:33:25.995, 219.15 W, 100 %
2025/12/06 22:33:26.095, 219.57 W, 100 %
2025/12/06 22:33:26.196, 219.20 W, 100 %
2025/12/06 22:33:26.296, 219.15 W, 99 %
2025/12/06 22:33:26.396, 219.85 W, 99 %
2025/12/06 22:33:26.496, 219.10 W, 100 %
2025/12/06 22:33:26.596, 219.60 W, 100 %
2025/12/06 22:33:26.696, 219.56 W, 100 %
2025/12/06 22:33:26.796, 219.67 W, 100 %
2025/12/06 22:33:26.896, 220.01 W, 100 %
2025/12/06 22:33:26.996, 220.02 W, 100 %
2025/12/06 22:33:27.096, 219.97 W, 100 %
2025/12/06 22:33:27.197, 219.43 W, 100 %
2025/12/06 22:33:27.297, 220.38 W, 100 %
2025/12/06 22:33:27.397, 220.20 W, 100 %
2025/12/06 22:33:27.497, 219.80 W, 100 %
2025/12/06 22:33:27.597, 220.36 W, 100 %
2025/12/06 22:33:27.697, 219.72 W, 100 %
2025/12/06 22:33:27.797, 219.65 W, 100 %
2025/12/06 22:33:27.897, 219.35 W, 100 %
2025/12/06 22:33:27.997, 219.71 W, 100 %
2025/12/06 22:33:28.097, 219.48 W, 100 %
2025/12/06 22:33:28.198, 220.13 W, 100 %
2025/12/06 22:33:28.298, 219.86 W, 100 %
2025/12/06 22:33:28.398, 219.86 W, 100 %
2025/12/06 22:33:28.498, 220.04 W, 100 %
2025/12/06 22:33:28.598, 219.33 W, 100 %
2025/12/06 22:33:28.698, 220.12 W, 100 %
2025/12/06 22:33:28.798, 219.94 W, 100 %
2025/12/06 22:33:28.898, 220.08 W, 100 %
2025/12/06 22:33:28.998, 220.43 W, 100 %
2025/12/06 22:33:29.098, 220.43 W, 100 %
2025/12/06 22:33:29.199, 219.95 W, 100 %
2025/12/06 22:33:29.299, 219.83 W, 100 %
2025/12/06 22:33:29.399, 220.20 W, 100 %
2025/12/06 22:33:29.499, 219.80 W, 100 %
2025/12/06 22:33:29.599, 219.79 W, 100 %
2025/12/06 22:33:29.699, 219.45 W, 100 %
2025/12/06 22:33:29.799, 219.50 W, 100 %
2025/12/06 22:33:29.899, 219.82 W, 100 %
2025/12/06 22:33:29.999, 219.64 W, 100 %
2025/12/06 22:33:30.099, 219.69 W, 99 %
2025/12/06 22:33:30.200, 220.29 W, 99 %
2025/12/06 22:33:30.300, 220.20 W, 100 %
2025/12/06 22:33:30.400, 220.35 W, 100 %
2025/12/06 22:33:30.500, 219.92 W, 100 %
2025/12/06 22:33:30.600, 219.58 W, 100 %
2025/12/06 22:33:30.700, 220.27 W, 100 %
2025/12/06 22:33:30.800, 220.70 W, 100 %
2025/12/06 22:33:30.900, 219.87 W, 100 %
2025/12/06 22:33:31.000, 219.61 W, 100 %
2025/12/06 22:33:31.100, 219.98 W, 100 %
2025/12/06 22:33:31.201, 219.86 W, 100 %
2025/12/06 22:33:31.301, 219.38 W, 100 %
2025/12/06 22:33:31.401, 219.45 W, 100 %
2025/12/06 22:33:31.501, 219.43 W, 100 %
2025/12/06 22:33:31.601, 219.30 W, 100 %
2025/12/06 22:33:31.701, 219.94 W, 100 %
2025/12/06 22:33:31.801, 219.58 W, 100 %
2025/12/06 22:33:31.901, 219.37 W, 100 %
2025/12/06 22:33:32.001, 220.51 W, 100 %
2025/12/06 22:33:32.101, 220.35 W, 100 %
2025/12/06 22:33:32.202, 220.13 W, 100 %
2025/12/06 22:33:32.302, 220.13 W, 100 %
2025/12/06 22:33:32.402, 220.46 W, 100 %
2025/12/06 22:33:32.502, 219.64 W, 100 %
2025/12/06 22:33:32.602, 219.84 W, 100 %
2025/12/06 22:33:32.702, 219.83 W, 100 %
2025/12/06 22:33:32.802, 219.45 W, 100 %
2025/12/06 22:33:32.902, 219.90 W, 100 %
2025/12/06 22:33:33.002, 219.94 W, 100 %
2025/12/06 22:33:33.102, 219.40 W, 100 %
2025/12/06 22:33:33.203, 219.40 W, 100 %
2025/12/06 22:33:33.303, 219.25 W, 100 %
2025/12/06 22:33:33.403, 219.50 W, 100 %
2025/12/06 22:33:33.503, 219.27 W, 100 %
2025/12/06 22:33:33.603, 219.82 W, 100 %
2025/12/06 22:33:33.703, 219.69 W, 100 %
2025/12/06 22:33:33.803, 219.57 W, 100 %
2025/12/06 22:33:33.903, 219.30 W, 99 %
2025/12/06 22:33:34.003, 219.63 W, 99 %
2025/12/06 22:33:34.103, 219.20 W, 100 %
2025/12/06 22:33:34.204, 218.31 W, 100 %
2025/12/06 22:33:34.304, 218.30 W, 100 %
2025/12/06 22:33:34.404, 218.18 W, 100 %
2025/12/06 22:33:34.504, 218.17 W, 100 %
2025/12/06 22:33:34.604, 218.03 W, 100 %
2025/12/06 22:33:34.704, 218.05 W, 100 %
2025/12/06 22:33:34.804, 218.14 W, 100 %
2025/12/06 22:33:34.904, 218.00 W, 100 %
2025/12/06 22:33:35.004, 217.83 W, 100 %
2025/12/06 22:33:35.104, 218.39 W, 100 %
2025/12/06 22:33:35.205, 218.37 W, 100 %
2025/12/06 22:33:35.305, 219.42 W, 100 %
2025/12/06 22:33:35.405, 219.43 W, 100 %
2025/12/06 22:33:35.505, 219.26 W, 100 %
2025/12/06 22:33:35.605, 219.13 W, 100 %
2025/12/06 22:33:35.705, 219.39 W, 100 %
2025/12/06 22:33:35.805, 216.76 W, 100 %
2025/12/06 22:33:35.905, 216.95 W, 100 %
2025/12/06 22:33:36.005, 217.04 W, 100 %
2025/12/06 22:33:36.105, 217.20 W, 100 %
2025/12/06 22:33:36.206, 216.96 W, 100 %
2025/12/06 22:33:36.306, 216.76 W, 100 %
2025/12/06 22:33:36.406, 216.89 W, 100 %
2025/12/06 22:33:36.506, 216.77 W, 100 %
2025/12/06 22:33:36.606, 216.90 W, 100 %
2025/12/06 22:33:36.706, 216.26 W, 100 %
2025/12/06 22:33:36.806, 215.94 W, 100 %
2025/12/06 22:33:36.906, 218.91 W, 100 %
2025/12/06 22:33:37.006, 219.18 W, 100 %
2025/12/06 22:33:37.106, 219.15 W, 100 %
2025/12/06 22:33:37.207, 219.49 W, 100 %
2025/12/06 22:33:37.307, 219.34 W, 100 %
2025/12/06 22:33:37.407, 219.21 W, 100 %
2025/12/06 22:33:37.507, 219.01 W, 100 %
2025/12/06 22:33:37.607, 218.94 W, 100 %
2025/12/06 22:33:37.707, 218.71 W, 100 %
2025/12/06 22:33:37.807, 219.69 W, 100 %
2025/12/06 22:33:37.907, 220.26 W, 100 %
2025/12/06 22:33:38.007, 219.37 W, 100 %
2025/12/06 22:33:38.107, 219.30 W, 100 %
2025/12/06 22:33:38.208, 219.18 W, 100 %
2025/12/06 22:33:38.308, 219.13 W, 100 %
2025/12/06 22:33:38.408, 219.27 W, 100 %
2025/12/06 22:33:38.508, 219.14 W, 100 %
2025/12/06 22:33:38.608, 219.23 W, 100 %
2025/12/06 22:33:38.708, 218.74 W, 100 %
2025/12/06 22:33:38.808, 218.68 W, 100 %
2025/12/06 22:33:38.908, 219.13 W, 100 %
2025/12/06 22:33:39.008, 219.03 W, 100 %
2025/12/06 22:33:39.108, 219.48 W, 100 %
2025/12/06 22:33:39.209, 219.37 W, 100 %
2025/12/06 22:33:39.309, 219.52 W, 100 %
2025/12/06 22:33:39.409, 219.48 W, 100 %
2025/12/06 22:33:39.509, 219.27 W, 100 %
2025/12/06 22:33:39.609, 219.09 W, 100 %
2025/12/06 22:33:39.709, 219.63 W, 99 %
2025/12/06 22:33:39.809, 220.52 W, 99 %
2025/12/06 22:33:39.909, 219.81 W, 100 %
2025/12/06 22:33:40.009, 219.68 W, 100 %
2025/12/06 22:33:40.109, 219.65 W, 100 %
2025/12/06 22:33:40.210, 219.43 W, 100 %
2025/12/06 22:33:40.310, 219.89 W, 100 %
2025/12/06 22:33:40.410, 219.46 W, 100 %
2025/12/06 22:33:40.510, 219.76 W, 100 %
2025/12/06 22:33:40.610, 219.35 W, 100 %
2025/12/06 22:33:40.710, 219.26 W, 100 %
2025/12/06 22:33:40.810, 219.56 W, 100 %
2025/12/06 22:33:40.910, 219.14 W, 100 %
2025/12/06 22:33:41.010, 218.87 W, 100 %
2025/12/06 22:33:41.110, 219.09 W, 100 %
2025/12/06 22:33:41.211, 219.61 W, 100 %
2025/12/06 22:33:41.311, 219.31 W, 100 %
2025/12/06 22:33:41.411, 219.11 W, 100 %
2025/12/06 22:33:41.511, 218.79 W, 100 %
2025/12/06 22:33:41.611, 219.64 W, 100 %
2025/12/06 22:33:41.711, 220.50 W, 100 %
2025/12/06 22:33:41.811, 219.75 W, 100 %
2025/12/06 22:33:41.911, 220.43 W, 100 %
2025/12/06 22:33:42.011, 219.88 W, 100 %
2025/12/06 22:33:42.111, 220.34 W, 100 %
2025/12/06 22:33:42.212, 220.37 W, 100 %
2025/12/06 22:33:42.312, 220.05 W, 100 %
2025/12/06 22:33:42.412, 219.82 W, 100 %
2025/12/06 22:33:42.512, 219.49 W, 100 %
2025/12/06 22:33:42.612, 219.91 W, 100 %
2025/12/06 22:33:42.712, 219.11 W, 100 %
2025/12/06 22:33:42.812, 219.00 W, 100 %
2025/12/06 22:33:42.912, 219.12 W, 100 %
2025/12/06 22:33:43.012, 218.51 W, 100 %
2025/12/06 22:33:43.112, 218.96 W, 100 %
2025/12/06 22:33:43.213, 218.57 W, 100 %
2025/12/06 22:33:43.313, 218.91 W, 100 %
2025/12/06 22:33:43.413, 219.09 W, 100 %
2025/12/06 22:33:43.513, 219.72 W, 99 %
2025/12/06 22:33:43.613, 219.68 W, 99 %
2025/12/06 22:33:43.713, 219.45 W, 100 %
2025/12/06 22:33:43.813, 219.45 W, 100 %
2025/12/06 22:33:43.913, 219.79 W, 100 %
2025/12/06 22:33:44.013, 219.88 W, 100 %
2025/12/06 22:33:44.113, 219.76 W, 100 %
2025/12/06 22:33:44.214, 219.68 W, 100 %
2025/12/06 22:33:44.314, 220.07 W, 100 %
2025/12/06 22:33:44.414, 219.12 W, 100 %
2025/12/06 22:33:44.514, 219.10 W, 100 %
2025/12/06 22:33:44.614, 218.78 W, 100 %
2025/12/06 22:33:44.714, 219.07 W, 100 %
2025/12/06 22:33:44.814, 219.30 W, 100 %
2025/12/06 22:33:44.914, 218.73 W, 100 %
2025/12/06 22:33:45.014, 218.77 W, 100 %
2025/12/06 22:33:45.114, 218.76 W, 100 %
2025/12/06 22:33:45.215, 219.06 W, 100 %
2025/12/06 22:33:45.315, 218.73 W, 100 %
2025/12/06 22:33:45.415, 217.21 W, 100 %
2025/12/06 22:33:45.515, 217.21 W, 100 %
2025/12/06 22:33:45.615, 217.43 W, 100 %
2025/12/06 22:33:45.715, 217.67 W, 100 %
2025/12/06 22:33:45.815, 217.77 W, 100 %
2025/12/06 22:33:45.915, 217.51 W, 100 %
2025/12/06 22:33:46.015, 217.35 W, 100 %
2025/12/06 22:33:46.115, 217.49 W, 100 %
2025/12/06 22:33:46.216, 217.71 W, 100 %
2025/12/06 22:33:46.316, 217.28 W, 100 %
2025/12/06 22:33:46.416, 217.48 W, 100 %
2025/12/06 22:33:46.516, 218.77 W, 100 %
2025/12/06 22:33:46.616, 218.78 W, 100 %
2025/12/06 22:33:46.716, 219.41 W, 100 %
2025/12/06 22:33:46.816, 219.35 W, 100 %
2025/12/06 22:33:46.916, 219.24 W, 100 %
2025/12/06 22:33:47.016, 219.14 W, 100 %
2025/12/06 22:33:47.116, 219.32 W, 100 %
2025/12/06 22:33:47.217, 219.15 W, 100 %
2025/12/06 22:33:47.317, 219.32 W, 100 %
2025/12/06 22:33:47.417, 219.38 W, 100 %
2025/12/06 22:33:47.517, 219.05 W, 100 %
2025/12/06 22:33:47.617, 219.71 W, 100 %
2025/12/06 22:33:47.717, 219.21 W, 100 %
2025/12/06 22:33:47.817, 219.10 W, 100 %
2025/12/06 22:33:47.917, 219.10 W, 100 %
2025/12/06 22:33:48.017, 219.00 W, 100 %
2025/12/06 22:33:48.117, 219.07 W, 100 %
2025/12/06 22:33:48.218, 219.05 W, 100 %
2025/12/06 22:33:48.318, 218.98 W, 100 %
2025/12/06 22:33:48.418, 219.01 W, 100 %
2025/12/06 22:33:48.518, 219.59 W, 100 %
2025/12/06 22:33:48.618, 219.47 W, 100 %
2025/12/06 22:33:48.718, 219.31 W, 100 %
2025/12/06 22:33:48.818, 219.89 W, 100 %
2025/12/06 22:33:48.918, 219.97 W, 100 %
2025/12/06 22:33:49.018, 220.09 W, 100 %
2025/12/06 22:33:49.118, 219.84 W, 100 %
2025/12/06 22:33:49.219, 219.91 W, 100 %
2025/12/06 22:33:49.319, 220.03 W, 99 %
2025/12/06 22:33:49.419, 220.29 W, 99 %
2025/12/06 22:33:49.519, 220.13 W, 100 %
2025/12/06 22:33:49.619, 220.19 W, 100 %
2025/12/06 22:33:49.719, 220.31 W, 100 %
2025/12/06 22:33:49.819, 220.09 W, 100 %
2025/12/06 22:33:49.919, 220.10 W, 100 %
2025/12/06 22:33:50.019, 219.95 W, 100 %
2025/12/06 22:33:50.119, 219.69 W, 100 %
2025/12/06 22:33:50.220, 219.91 W, 100 %
2025/12/06 22:33:50.320, 220.06 W, 100 %
2025/12/06 22:33:50.420, 219.88 W, 100 %
2025/12/06 22:33:50.520, 219.07 W, 100 %
2025/12/06 22:33:50.620, 219.11 W, 100 %
2025/12/06 22:33:50.720, 219.19 W, 100 %
2025/12/06 22:33:50.820, 219.00 W, 100 %
2025/12/06 22:33:50.920, 219.10 W, 100 %
2025/12/06 22:33:51.020, 218.94 W, 100 %
2025/12/06 22:33:51.120, 218.80 W, 100 %
2025/12/06 22:33:51.221, 219.39 W, 100 %
2025/12/06 22:33:51.321, 218.99 W, 100 %
2025/12/06 22:33:51.421, 219.06 W, 100 %
2025/12/06 22:33:51.521, 219.05 W, 100 %
2025/12/06 22:33:51.621, 219.42 W, 100 %
2025/12/06 22:33:51.721, 219.57 W, 100 %
2025/12/06 22:33:51.821, 219.37 W, 100 %
2025/12/06 22:33:51.921, 219.53 W, 100 %
2025/12/06 22:33:52.021, 219.49 W, 100 %
2025/12/06 22:33:52.121, 219.56 W, 100 %
2025/12/06 22:33:52.222, 219.26 W, 100 %
2025/12/06 22:33:52.322, 219.09 W, 100 %
2025/12/06 22:33:52.422, 219.77 W, 100 %
2025/12/06 22:33:52.522, 219.50 W, 100 %
2025/12/06 22:33:52.622, 219.53 W, 100 %
2025/12/06 22:33:52.722, 219.26 W, 100 %
2025/12/06 22:33:52.822, 219.47 W, 100 %
2025/12/06 22:33:52.922, 219.29 W, 100 %
2025/12/06 22:33:53.022, 219.06 W, 100 %
2025/12/06 22:33:53.122, 219.69 W, 99 %
2025/12/06 22:33:53.223, 219.54 W, 99 %
2025/12/06 22:33:53.323, 219.60 W, 100 %
2025/12/06 22:33:53.423, 219.48 W, 100 %
2025/12/06 22:33:53.523, 219.43 W, 100 %
2025/12/06 22:33:53.623, 219.33 W, 100 %
2025/12/06 22:33:53.723, 219.05 W, 100 %
2025/12/06 22:33:53.823, 219.55 W, 100 %
2025/12/06 22:33:53.923, 219.45 W, 100 %
2025/12/06 22:33:54.023, 219.52 W, 100 %
2025/12/06 22:33:54.123, 219.58 W, 100 %
2025/12/06 22:33:54.224, 218.89 W, 100 %
2025/12/06 22:33:54.324, 219.38 W, 100 %
2025/12/06 22:33:54.424, 219.37 W, 100 %
2025/12/06 22:33:54.524, 219.35 W, 100 %
2025/12/06 22:33:54.624, 218.94 W, 100 %
2025/12/06 22:33:54.724, 219.05 W, 100 %
2025/12/06 22:33:54.824, 218.98 W, 100 %
2025/12/06 22:33:54.924, 218.92 W, 100 %
2025/12/06 22:33:55.024, 217.17 W, 100 %
2025/12/06 22:33:55.124, 216.81 W, 100 %
2025/12/06 22:33:55.225, 217.30 W, 100 %
2025/12/06 22:33:55.325, 217.67 W, 100 %
2025/12/06 22:33:55.425, 217.36 W, 100 %
2025/12/06 22:33:55.525, 216.68 W, 100 %
2025/12/06 22:33:55.625, 216.43 W, 100 %
2025/12/06 22:33:55.725, 216.45 W, 100 %
2025/12/06 22:33:55.825, 216.74 W, 100 %
2025/12/06 22:33:55.925, 217.09 W, 100 %
2025/12/06 22:33:56.025, 217.38 W, 100 %
2025/12/06 22:33:56.125, 218.60 W, 100 %
2025/12/06 22:33:56.226, 218.97 W, 100 %
2025/12/06 22:33:56.326, 218.87 W, 100 %
2025/12/06 22:33:56.426, 219.04 W, 100 %
2025/12/06 22:33:56.526, 219.81 W, 100 %
2025/12/06 22:33:56.626, 219.57 W, 100 %
2025/12/06 22:33:56.726, 220.53 W, 100 %
2025/12/06 22:33:56.826, 220.43 W, 100 %
2025/12/06 22:33:56.926, 220.45 W, 100 %
2025/12/06 22:33:57.026, 220.25 W, 100 %
2025/12/06 22:33:57.126, 219.88 W, 100 %
2025/12/06 22:33:57.227, 220.37 W, 100 %
2025/12/06 22:33:57.327, 220.19 W, 100 %
2025/12/06 22:33:57.427, 220.34 W, 100 %
2025/12/06 22:33:57.527, 219.74 W, 100 %
2025/12/06 22:33:57.627, 219.87 W, 100 %
2025/12/06 22:33:57.727, 220.59 W, 100 %
2025/12/06 22:33:57.827, 220.17 W, 100 %
2025/12/06 22:33:57.927, 219.63 W, 100 %
2025/12/06 22:33:58.027, 219.54 W, 100 %
2025/12/06 22:33:58.127, 219.95 W, 100 %
2025/12/06 22:33:58.228, 219.79 W, 100 %
2025/12/06 22:33:58.328, 219.42 W, 100 %
2025/12/06 22:33:58.428, 219.49 W, 100 %
2025/12/06 22:33:58.528, 218.73 W, 100 %
2025/12/06 22:33:58.628, 219.45 W, 100 %
2025/12/06 22:33:58.728, 218.90 W, 100 %
2025/12/06 22:33:58.828, 219.03 W, 100 %
2025/12/06 22:33:58.928, 219.07 W, 99 %
2025/12/06 22:33:59.028, 219.60 W, 99 %
2025/12/06 22:33:59.128, 219.32 W, 100 %
2025/12/06 22:33:59.229, 219.44 W, 100 %
2025/12/06 22:33:59.329, 219.57 W, 100 %
2025/12/06 22:33:59.429, 219.37 W, 100 %
2025/12/06 22:33:59.529, 219.28 W, 100 %
2025/12/06 22:33:59.629, 220.07 W, 100 %
2025/12/06 22:33:59.729, 219.61 W, 100 %
2025/12/06 22:33:59.829, 219.63 W, 100 %
2025/12/06 22:33:59.929, 219.09 W, 100 %
2025/12/06 22:34:00.029, 219.33 W, 100 %
2025/12/06 22:34:00.129, 219.18 W, 100 %
2025/12/06 22:34:00.230, 219.21 W, 100 %
2025/12/06 22:34:00.330, 219.47 W, 100 %
2025/12/06 22:34:00.430, 219.52 W, 100 %
2025/12/06 22:34:00.530, 219.56 W, 100 %
2025/12/06 22:34:00.630, 219.19 W, 100 %
2025/12/06 22:34:00.730, 219.51 W, 100 %
2025/12/06 22:34:00.830, 220.53 W, 100 %
2025/12/06 22:34:00.930, 220.04 W, 100 %
2025/12/06 22:34:01.030, 220.95 W, 100 %
2025/12/06 22:34:01.130, 220.54 W, 100 %
2025/12/06 22:34:01.231, 220.51 W, 100 %
2025/12/06 22:34:01.331, 220.51 W, 100 %
2025/12/06 22:34:01.431, 220.34 W, 100 %
2025/12/06 22:34:01.531, 220.49 W, 100 %
2025/12/06 22:34:01.631, 220.42 W, 100 %
2025/12/06 22:34:01.731, 220.67 W, 100 %
2025/12/06 22:34:01.831, 220.47 W, 100 %
2025/12/06 22:34:01.931, 219.51 W, 100 %
2025/12/06 22:34:02.031, 219.29 W, 100 %
2025/12/06 22:34:02.131, 219.36 W, 100 %
2025/12/06 22:34:02.232, 219.15 W, 100 %
2025/12/06 22:34:02.332, 219.15 W, 100 %
2025/12/06 22:34:02.432, 219.25 W, 100 %
2025/12/06 22:34:02.532, 219.24 W, 100 %
2025/12/06 22:34:02.632, 219.38 W, 100 %
2025/12/06 22:34:02.732, 220.47 W, 99 %
2025/12/06 22:34:02.832, 220.37 W, 99 %
2025/12/06 22:34:02.932, 220.20 W, 100 %
2025/12/06 22:34:03.032, 219.96 W, 100 %
2025/12/06 22:34:03.132, 219.99 W, 100 %
2025/12/06 22:34:03.233, 220.08 W, 100 %
2025/12/06 22:34:03.333, 220.08 W, 100 %
2025/12/06 22:34:03.433, 220.14 W, 100 %
2025/12/06 22:34:03.533, 220.06 W, 100 %
2025/12/06 22:34:03.633, 219.90 W, 100 %
2025/12/06 22:34:03.733, 219.76 W, 100 %
2025/12/06 22:34:03.833, 218.65 W, 100 %
2025/12/06 22:34:03.933, 218.80 W, 100 %
2025/12/06 22:34:04.034, 218.81 W, 100 %
2025/12/06 22:34:04.134, 218.42 W, 100 %
2025/12/06 22:34:04.234, 219.29 W, 100 %
2025/12/06 22:34:04.334, 219.29 W, 100 %
2025/12/06 22:34:04.434, 219.09 W, 100 %
2025/12/06 22:34:04.535, 218.34 W, 100 %
2025/12/06 22:34:04.635, 218.93 W, 100 %
2025/12/06 22:34:04.735, 218.78 W, 100 %
2025/12/06 22:34:04.835, 219.02 W, 100 %
2025/12/06 22:34:04.935, 218.32 W, 100 %
2025/12/06 22:34:05.035, 218.82 W, 100 %
2025/12/06 22:34:05.135, 219.23 W, 100 %
2025/12/06 22:34:05.235, 218.73 W, 100 %
2025/12/06 22:34:05.335, 218.73 W, 100 %
2025/12/06 22:34:05.435, 218.48 W, 100 %
2025/12/06 22:34:05.536, 218.65 W, 100 %
2025/12/06 22:34:05.636, 219.66 W, 100 %
2025/12/06 22:34:05.736, 219.39 W, 100 %
2025/12/06 22:34:05.836, 219.47 W, 100 %
2025/12/06 22:34:05.936, 219.56 W, 100 %
2025/12/06 22:34:06.036, 219.77 W, 100 %
2025/12/06 22:34:06.136, 219.51 W, 100 %
2025/12/06 22:34:06.236, 218.84 W, 100 %
2025/12/06 22:34:06.336, 218.84 W, 100 %
2025/12/06 22:34:06.436, 218.60 W, 100 %
2025/12/06 22:34:06.537, 218.93 W, 100 %
2025/12/06 22:34:06.637, 218.98 W, 100 %
2025/12/06 22:34:06.737, 218.94 W, 100 %
2025/12/06 22:34:06.837, 218.67 W, 100 %
2025/12/06 22:34:06.937, 217.97 W, 100 %
2025/12/06 22:34:07.037, 218.63 W, 100 %
2025/12/06 22:34:07.137, 218.27 W, 100 %
2025/12/06 22:34:07.237, 218.63 W, 100 %
2025/12/06 22:34:07.337, 218.63 W, 100 %
2025/12/06 22:34:07.437, 218.42 W, 100 %
2025/12/06 22:34:07.538, 219.37 W, 100 %
2025/12/06 22:34:07.638, 219.01 W, 100 %
2025/12/06 22:34:07.738, 219.49 W, 100 %
2025/12/06 22:34:07.838, 219.15 W, 100 %
2025/12/06 22:34:07.938, 219.10 W, 100 %
2025/12/06 22:34:08.038, 219.85 W, 100 %
2025/12/06 22:34:08.138, 219.30 W, 100 %
2025/12/06 22:34:08.238, 219.66 W, 100 %
2025/12/06 22:34:08.338, 219.66 W, 100 %
2025/12/06 22:34:08.438, 220.28 W, 99 %
2025/12/06 22:34:08.539, 220.29 W, 99 %
2025/12/06 22:34:08.639, 220.19 W, 100 %
2025/12/06 22:34:08.739, 220.09 W, 100 %
2025/12/06 22:34:08.839, 219.55 W, 100 %
2025/12/06 22:34:08.939, 220.31 W, 100 %
2025/12/06 22:34:09.039, 220.05 W, 100 %
2025/12/06 22:34:09.139, 219.92 W, 100 %
2025/12/06 22:34:09.239, 219.94 W, 100 %
2025/12/06 22:34:09.339, 219.75 W, 100 %
2025/12/06 22:34:09.439, 220.32 W, 100 %
2025/12/06 22:34:09.540, 219.60 W, 100 %
2025/12/06 22:34:09.640, 219.60 W, 100 %
2025/12/06 22:34:09.740, 219.05 W, 100 %
2025/12/06 22:34:09.840, 219.29 W, 100 %
2025/12/06 22:34:09.940, 220.07 W, 100 %
2025/12/06 22:34:10.040, 219.61 W, 100 %
2025/12/06 22:34:10.140, 219.79 W, 100 %
2025/12/06 22:34:10.240, 219.98 W, 100 %
2025/12/06 22:34:10.340, 220.09 W, 100 %
2025/12/06 22:34:10.440, 219.92 W, 100 %
2025/12/06 22:34:10.541, 219.77 W, 100 %
2025/12/06 22:34:10.641, 219.61 W, 100 %
2025/12/06 22:34:10.741, 219.86 W, 100 %
2025/12/06 22:34:10.841, 220.40 W, 100 %
2025/12/06 22:34:10.941, 219.53 W, 100 %
2025/12/06 22:34:11.041, 219.65 W, 100 %
2025/12/06 22:34:11.141, 219.50 W, 100 %
2025/12/06 22:34:11.241, 219.47 W, 100 %
2025/12/06 22:34:11.341, 219.20 W, 100 %
2025/12/06 22:34:11.441, 219.14 W, 100 %
2025/12/06 22:34:11.542, 219.39 W, 100 %
2025/12/06 22:34:11.642, 219.56 W, 100 %
2025/12/06 22:34:11.742, 219.72 W, 100 %
2025/12/06 22:34:11.842, 218.90 W, 100 %
2025/12/06 22:34:11.942, 219.05 W, 100 %
2025/12/06 22:34:12.042, 219.60 W, 100 %
2025/12/06 22:34:12.142, 219.38 W, 100 %
2025/12/06 22:34:12.242, 219.74 W, 99 %
2025/12/06 22:34:12.342, 219.48 W, 99 %
2025/12/06 22:34:12.442, 219.57 W, 100 %
2025/12/06 22:34:12.543, 219.38 W, 100 %
2025/12/06 22:34:12.643, 219.04 W, 100 %
2025/12/06 22:34:12.743, 218.92 W, 100 %
2025/12/06 22:34:12.843, 219.16 W, 100 %
2025/12/06 22:34:12.943, 219.66 W, 100 %
2025/12/06 22:34:13.043, 219.62 W, 100 %
2025/12/06 22:34:13.143, 219.45 W, 100 %
2025/12/06 22:34:13.243, 219.85 W, 100 %
2025/12/06 22:34:13.343, 218.48 W, 100 %
2025/12/06 22:34:13.443, 219.14 W, 100 %
2025/12/06 22:34:13.544, 219.16 W, 100 %
2025/12/06 22:34:13.644, 218.95 W, 100 %
2025/12/06 22:34:13.744, 219.30 W, 100 %
2025/12/06 22:34:13.844, 219.07 W, 100 %
2025/12/06 22:34:13.944, 219.29 W, 100 %
2025/12/06 22:34:14.044, 219.25 W, 100 %
2025/12/06 22:34:14.144, 218.37 W, 100 %
2025/12/06 22:34:14.244, 218.14 W, 100 %
2025/12/06 22:34:14.344, 217.81 W, 100 %
2025/12/06 22:34:14.444, 218.30 W, 100 %
2025/12/06 22:34:14.545, 218.21 W, 100 %
2025/12/06 22:34:14.645, 218.19 W, 100 %
2025/12/06 22:34:14.745, 218.06 W, 100 %
2025/12/06 22:34:14.845, 218.06 W, 100 %
2025/12/06 22:34:14.945, 217.95 W, 100 %
2025/12/06 22:34:15.045, 218.05 W, 100 %
2025/12/06 22:34:15.145, 218.30 W, 100 %
2025/12/06 22:34:15.245, 219.07 W, 100 %
2025/12/06 22:34:15.345, 219.14 W, 100 %
2025/12/06 22:34:15.445, 219.34 W, 100 %
2025/12/06 22:34:15.546, 218.93 W, 100 %
2025/12/06 22:34:15.646, 218.81 W, 100 %
2025/12/06 22:34:15.746, 218.77 W, 100 %
2025/12/06 22:34:15.846, 219.27 W, 100 %
2025/12/06 22:34:15.946, 219.35 W, 100 %
2025/12/06 22:34:16.046, 217.06 W, 99 %
2025/12/06 22:34:16.146, 216.80 W, 99 %
2025/12/06 22:34:16.246, 216.71 W, 100 %
2025/12/06 22:34:16.346, 217.11 W, 100 %
2025/12/06 22:34:16.446, 216.83 W, 100 %
2025/12/06 22:34:16.547, 217.07 W, 100 %
2025/12/06 22:34:16.647, 217.27 W, 100 %
2025/12/06 22:34:16.747, 217.43 W, 100 %
2025/12/06 22:34:16.847, 216.91 W, 100 %
2025/12/06 22:34:16.947, 217.10 W, 100 %
2025/12/06 22:34:17.047, 217.42 W, 100 %
2025/12/06 22:34:17.147, 219.29 W, 100 %
2025/12/06 22:34:17.247, 219.90 W, 100 %
2025/12/06 22:34:17.347, 219.95 W, 100 %
2025/12/06 22:34:17.447, 219.30 W, 100 %
2025/12/06 22:34:17.548, 219.08 W, 100 %
2025/12/06 22:34:17.648, 218.91 W, 100 %
2025/12/06 22:34:17.748, 218.74 W, 100 %
2025/12/06 22:34:17.848, 218.72 W, 100 %
2025/12/06 22:34:17.948, 218.90 W, 100 %
2025/12/06 22:34:18.048, 219.45 W, 99 %
2025/12/06 22:34:18.148, 219.22 W, 99 %
2025/12/06 22:34:18.248, 219.40 W, 100 %
2025/12/06 22:34:18.348, 219.19 W, 100 %
2025/12/06 22:34:18.448, 218.96 W, 100 %
2025/12/06 22:34:18.549, 219.32 W, 100 %
2025/12/06 22:34:18.649, 219.23 W, 100 %
2025/12/06 22:34:18.749, 218.89 W, 100 %
2025/12/06 22:34:18.849, 219.26 W, 100 %
2025/12/06 22:34:18.949, 219.45 W, 100 %
2025/12/06 22:34:19.049, 218.76 W, 100 %
2025/12/06 22:34:19.149, 218.83 W, 100 %
2025/12/06 22:34:19.249, 218.64 W, 100 %
2025/12/06 22:34:19.349, 218.61 W, 100 %
2025/12/06 22:34:19.449, 218.79 W, 100 %
2025/12/06 22:34:19.550, 218.69 W, 100 %
2025/12/06 22:34:19.650, 218.10 W, 100 %
2025/12/06 22:34:19.750, 218.43 W, 100 %
2025/12/06 22:34:19.850, 219.02 W, 100 %
2025/12/06 22:34:19.950, 219.91 W, 100 %
2025/12/06 22:34:20.050, 219.92 W, 100 %
2025/12/06 22:34:20.150, 219.81 W, 100 %
2025/12/06 22:34:20.250, 219.94 W, 100 %
2025/12/06 22:34:20.350, 219.69 W, 100 %
2025/12/06 22:34:20.450, 219.67 W, 100 %
2025/12/06 22:34:20.551, 219.80 W, 100 %
2025/12/06 22:34:20.651, 219.28 W, 100 %
2025/12/06 22:34:20.751, 220.11 W, 100 %
2025/12/06 22:34:20.851, 219.88 W, 100 %
2025/12/06 22:34:20.951, 219.81 W, 100 %
2025/12/06 22:34:21.051, 219.02 W, 100 %
2025/12/06 22:34:21.151, 218.71 W, 100 %
2025/12/06 22:34:21.251, 218.97 W, 100 %
2025/12/06 22:34:21.351, 219.22 W, 100 %
2025/12/06 22:34:21.451, 219.05 W, 100 %
2025/12/06 22:34:21.552, 218.88 W, 100 %
2025/12/06 22:34:21.652, 218.74 W, 100 %
2025/12/06 22:34:21.752, 219.46 W, 100 %
2025/12/06 22:34:21.852, 221.26 W, 95 %
2025/12/06 22:34:21.952, 221.17 W, 95 %
2025/12/06 22:34:22.052, 221.04 W, 100 %
2025/12/06 22:34:22.152, 221.37 W, 100 %
2025/12/06 22:34:22.252, 221.10 W, 100 %
2025/12/06 22:34:22.352, 220.99 W, 100 %
2025/12/06 22:34:22.452, 220.82 W, 100 %
2025/12/06 22:34:22.553, 220.54 W, 100 %
2025/12/06 22:34:22.653, 220.90 W, 100 %
2025/12/06 22:34:22.753, 220.83 W, 100 %
2025/12/06 22:34:22.853, 219.22 W, 100 %
2025/12/06 22:34:22.953, 218.95 W, 100 %
2025/12/06 22:34:23.053, 218.96 W, 100 %
2025/12/06 22:34:23.153, 218.96 W, 100 %
2025/12/06 22:34:23.253, 219.15 W, 100 %
2025/12/06 22:34:23.353, 219.08 W, 100 %
2025/12/06 22:34:23.453, 219.46 W, 100 %
2025/12/06 22:34:23.554, 219.00 W, 100 %
2025/12/06 22:34:23.654, 218.03 W, 100 %
2025/12/06 22:34:23.754, 217.80 W, 100 %
2025/12/06 22:34:23.854, 217.95 W, 100 %
2025/12/06 22:34:23.954, 217.95 W, 100 %
2025/12/06 22:34:24.054, 218.25 W, 100 %
2025/12/06 22:34:24.154, 218.20 W, 100 %
2025/12/06 22:34:24.254, 218.18 W, 100 %
2025/12/06 22:34:24.354, 218.15 W, 100 %
2025/12/06 22:34:24.454, 217.68 W, 100 %
2025/12/06 22:34:24.555, 217.40 W, 100 %
2025/12/06 22:34:24.655, 217.82 W, 100 %
2025/12/06 22:34:24.755, 219.03 W, 100 %
2025/12/06 22:34:24.855, 218.97 W, 100 %
2025/12/06 22:34:24.955, 219.13 W, 100 %
2025/12/06 22:34:25.055, 219.30 W, 100 %
2025/12/06 22:34:25.155, 219.55 W, 100 %
2025/12/06 22:34:25.255, 219.46 W, 100 %
2025/12/06 22:34:25.355, 219.77 W, 100 %
2025/12/06 22:34:25.455, 219.33 W, 100 %
2025/12/06 22:34:25.556, 216.78 W, 100 %
2025/12/06 22:34:25.656, 217.32 W, 99 %
2025/12/06 22:34:25.756, 217.47 W, 99 %
2025/12/06 22:34:25.856, 217.26 W, 100 %
2025/12/06 22:34:25.956, 217.44 W, 100 %
2025/12/06 22:34:26.056, 217.12 W, 100 %
2025/12/06 22:34:26.156, 217.04 W, 100 %
2025/12/06 22:34:26.256, 217.15 W, 100 %
2025/12/06 22:34:26.356, 216.73 W, 100 %
2025/12/06 22:34:26.456, 216.63 W, 100 %
2025/12/06 22:34:26.557, 216.79 W, 100 %
2025/12/06 22:34:26.657, 219.46 W, 100 %
2025/12/06 22:34:26.757, 219.04 W, 100 %
2025/12/06 22:34:26.857, 219.17 W, 100 %
2025/12/06 22:34:26.957, 219.10 W, 100 %
2025/12/06 22:34:27.057, 219.30 W, 100 %
2025/12/06 22:34:27.157, 219.27 W, 100 %
2025/12/06 22:34:27.257, 219.45 W, 100 %
2025/12/06 22:34:27.357, 219.06 W, 100 %
2025/12/06 22:34:27.457, 218.97 W, 100 %
2025/12/06 22:34:27.558, 219.37 W, 100 %
2025/12/06 22:34:27.658, 219.33 W, 100 %
2025/12/06 22:34:27.758, 219.57 W, 100 %
2025/12/06 22:34:27.858, 219.18 W, 100 %
2025/12/06 22:34:27.958, 219.71 W, 100 %
2025/12/06 22:34:28.058, 219.87 W, 100 %
2025/12/06 22:34:28.158, 219.77 W, 100 %
2025/12/06 22:34:28.258, 219.65 W, 100 %
2025/12/06 22:34:28.358, 219.31 W, 100 %
2025/12/06 22:34:28.459, 219.38 W, 100 %
2025/12/06 22:34:28.559, 219.41 W, 100 %
2025/12/06 22:34:28.659, 219.34 W, 100 %
2025/12/06 22:34:28.759, 219.53 W, 100 %
2025/12/06 22:34:28.859, 219.50 W, 100 %
2025/12/06 22:34:28.959, 219.63 W, 100 %
2025/12/06 22:34:29.059, 219.17 W, 100 %
2025/12/06 22:34:29.159, 219.13 W, 100 %
2025/12/06 22:34:29.259, 218.89 W, 100 %
2025/12/06 22:34:29.359, 219.14 W, 100 %
2025/12/06 22:34:29.460, 219.94 W, 99 %
2025/12/06 22:34:29.560, 219.72 W, 99 %
2025/12/06 22:34:29.660, 219.41 W, 100 %
2025/12/06 22:34:29.760, 219.38 W, 100 %
2025/12/06 22:34:29.860, 219.25 W, 100 %
2025/12/06 22:34:29.960, 219.52 W, 100 %
2025/12/06 22:34:30.060, 219.64 W, 100 %
2025/12/06 22:34:30.160, 219.31 W, 100 %
2025/12/06 22:34:30.260, 219.60 W, 100 %
2025/12/06 22:34:30.360, 219.46 W, 100 %
2025/12/06 22:34:30.461, 218.95 W, 100 %
2025/12/06 22:34:30.561, 219.25 W, 100 %
2025/12/06 22:34:30.661, 219.80 W, 100 %
2025/12/06 22:34:30.761, 219.65 W, 100 %
2025/12/06 22:34:30.861, 219.69 W, 100 %
2025/12/06 22:34:30.961, 219.96 W, 100 %
2025/12/06 22:34:31.061, 220.14 W, 100 %
2025/12/06 22:34:31.161, 219.93 W, 100 %
2025/12/06 22:34:31.261, 220.07 W, 100 %
2025/12/06 22:34:31.361, 220.69 W, 100 %
2025/12/06 22:34:31.462, 220.95 W, 100 %
2025/12/06 22:34:31.562, 220.64 W, 100 %
2025/12/06 22:34:31.662, 220.63 W, 100 %
2025/12/06 22:34:31.762, 220.40 W, 100 %
2025/12/06 22:34:31.862, 220.35 W, 100 %
2025/12/06 22:34:31.962, 220.84 W, 100 %
2025/12/06 22:34:32.062, 220.47 W, 100 %
2025/12/06 22:34:32.162, 220.06 W, 100 %
2025/12/06 22:34:32.262, 220.61 W, 100 %
2025/12/06 22:34:32.362, 220.52 W, 100 %
2025/12/06 22:34:32.463, 219.74 W, 100 %
2025/12/06 22:34:32.563, 219.35 W, 100 %
2025/12/06 22:34:32.663, 219.57 W, 100 %
2025/12/06 22:34:32.763, 219.88 W, 100 %
2025/12/06 22:34:32.863, 219.85 W, 100 %
2025/12/06 22:34:32.963, 219.37 W, 100 %
2025/12/06 22:34:33.063, 219.35 W, 100 %
2025/12/06 22:34:33.163, 218.98 W, 100 %
2025/12/06 22:34:33.263, 220.09 W, 99 %
2025/12/06 22:34:33.363, 219.55 W, 99 %
2025/12/06 22:34:33.464, 219.46 W, 100 %
2025/12/06 22:34:33.564, 219.62 W, 100 %
2025/12/06 22:34:33.664, 219.49 W, 100 %
2025/12/06 22:34:33.764, 219.79 W, 100 %
2025/12/06 22:34:33.864, 219.68 W, 100 %
2025/12/06 22:34:33.964, 219.92 W, 100 %
2025/12/06 22:34:34.064, 219.53 W, 100 %
2025/12/06 22:34:34.164, 219.47 W, 100 %
2025/12/06 22:34:34.264, 220.14 W, 100 %
2025/12/06 22:34:34.364, 219.80 W, 100 %
2025/12/06 22:34:34.465, 219.92 W, 100 %
2025/12/06 22:34:34.565, 219.93 W, 100 %
2025/12/06 22:34:34.665, 219.67 W, 100 %
2025/12/06 22:34:34.765, 219.91 W, 100 %
2025/12/06 22:34:34.865, 219.42 W, 100 %
2025/12/06 22:34:34.965, 218.88 W, 100 %
2025/12/06 22:34:35.065, 218.73 W, 100 %
2025/12/06 22:34:35.165, 217.44 W, 100 %
2025/12/06 22:34:35.265, 217.24 W, 100 %
2025/12/06 22:34:35.365, 217.40 W, 100 %
2025/12/06 22:34:35.466, 217.56 W, 100 %
2025/12/06 22:34:35.566, 217.12 W, 100 %
2025/12/06 22:34:35.666, 217.16 W, 100 %
2025/12/06 22:34:35.766, 216.68 W, 100 %
2025/12/06 22:34:35.866, 216.76 W, 100 %
2025/12/06 22:34:35.966, 216.84 W, 100 %
2025/12/06 22:34:36.066, 217.19 W, 100 %
2025/12/06 22:34:36.166, 217.64 W, 100 %
2025/12/06 22:34:36.266, 219.22 W, 100 %
2025/12/06 22:34:36.366, 219.25 W, 100 %
2025/12/06 22:34:36.467, 218.89 W, 100 %
2025/12/06 22:34:36.567, 218.68 W, 100 %
2025/12/06 22:34:36.667, 218.93 W, 100 %
2025/12/06 22:34:36.767, 219.07 W, 100 %
2025/12/06 22:34:36.867, 218.78 W, 100 %
2025/12/06 22:34:36.967, 218.96 W, 100 %
2025/12/06 22:34:37.067, 219.51 W, 100 %
2025/12/06 22:34:37.167, 220.07 W, 100 %
2025/12/06 22:34:37.267, 219.85 W, 100 %
2025/12/06 22:34:37.367, 219.58 W, 100 %
2025/12/06 22:34:37.468, 219.47 W, 100 %
2025/12/06 22:34:37.568, 219.69 W, 100 %
2025/12/06 22:34:37.668, 219.82 W, 100 %
2025/12/06 22:34:37.768, 219.93 W, 100 %
2025/12/06 22:34:37.868, 219.44 W, 100 %
2025/12/06 22:34:37.968, 219.84 W, 100 %
2025/12/06 22:34:38.068, 219.62 W, 100 %
2025/12/06 22:34:38.168, 219.07 W, 100 %
2025/12/06 22:34:38.268, 219.46 W, 100 %
2025/12/06 22:34:38.368, 219.65 W, 100 %
2025/12/06 22:34:38.469, 219.35 W, 100 %
2025/12/06 22:34:38.569, 219.70 W, 100 %
2025/12/06 22:34:38.669, 219.64 W, 100 %
2025/12/06 22:34:38.769, 219.38 W, 100 %
2025/12/06 22:34:38.869, 219.58 W, 100 %
2025/12/06 22:34:38.969, 220.22 W, 100 %
2025/12/06 22:34:39.069, 220.65 W, 99 %
2025/12/06 22:34:39.169, 220.79 W, 99 %
2025/12/06 22:34:39.269, 220.19 W, 100 %
2025/12/06 22:34:39.369, 219.94 W, 100 %
2025/12/06 22:34:39.470, 220.43 W, 100 %
2025/12/06 22:34:39.570, 220.23 W, 100 %
2025/12/06 22:34:39.670, 220.07 W, 100 %
2025/12/06 22:34:39.770, 219.90 W, 100 %
2025/12/06 22:34:39.870, 220.29 W, 100 %
2025/12/06 22:34:39.970, 219.78 W, 100 %
2025/12/06 22:34:40.070, 219.69 W, 100 %
2025/12/06 22:34:40.170, 219.21 W, 100 %
2025/12/06 22:34:40.270, 219.03 W, 100 %
2025/12/06 22:34:40.370, 219.63 W, 100 %
2025/12/06 22:34:40.471, 219.71 W, 100 %
2025/12/06 22:34:40.571, 219.54 W, 100 %
2025/12/06 22:34:40.671, 219.40 W, 100 %
2025/12/06 22:34:40.771, 219.03 W, 100 %
2025/12/06 22:34:40.871, 219.21 W, 100 %
2025/12/06 22:34:40.971, 219.68 W, 100 %
2025/12/06 22:34:41.071, 219.72 W, 100 %
2025/12/06 22:34:41.171, 219.53 W, 100 %
2025/12/06 22:34:41.271, 219.43 W, 100 %
2025/12/06 22:34:41.371, 219.29 W, 100 %
2025/12/06 22:34:41.472, 219.28 W, 100 %
2025/12/06 22:34:41.572, 219.64 W, 100 %
2025/12/06 22:34:41.672, 219.70 W, 100 %
2025/12/06 22:34:41.772, 219.91 W, 100 %
2025/12/06 22:34:41.872, 219.89 W, 100 %
2025/12/06 22:34:41.972, 219.85 W, 100 %
2025/12/06 22:34:42.072, 219.05 W, 100 %
2025/12/06 22:34:42.172, 218.97 W, 100 %
2025/12/06 22:34:42.272, 219.02 W, 100 %
2025/12/06 22:34:42.372, 219.01 W, 100 %
2025/12/06 22:34:42.473, 219.47 W, 100 %
2025/12/06 22:34:42.573, 219.17 W, 100 %
2025/12/06 22:34:42.673, 219.11 W, 100 %
2025/12/06 22:34:42.773, 218.84 W, 100 %
2025/12/06 22:34:42.873, 220.01 W, 99 %
2025/12/06 22:34:42.973, 219.57 W, 99 %
2025/12/06 22:34:43.073, 219.62 W, 100 %
2025/12/06 22:34:43.173, 219.44 W, 100 %
2025/12/06 22:34:43.273, 219.69 W, 100 %
2025/12/06 22:34:43.373, 220.11 W, 100 %
2025/12/06 22:34:43.474, 219.54 W, 100 %
2025/12/06 22:34:43.574, 219.31 W, 100 %
2025/12/06 22:34:43.674, 219.15 W, 100 %
2025/12/06 22:34:43.774, 219.01 W, 100 %
2025/12/06 22:34:43.874, 219.70 W, 100 %
2025/12/06 22:34:43.974, 218.32 W, 100 %
2025/12/06 22:34:44.074, 218.55 W, 100 %
2025/12/06 22:34:44.174, 218.64 W, 100 %
2025/12/06 22:34:44.274, 218.61 W, 100 %
2025/12/06 22:34:44.374, 218.85 W, 100 %
2025/12/06 22:34:44.475, 218.66 W, 100 %
2025/12/06 22:34:44.575, 218.88 W, 100 %
2025/12/06 22:34:44.675, 219.05 W, 100 %
2025/12/06 22:34:44.775, 218.35 W, 100 %
2025/12/06 22:34:44.875, 218.32 W, 100 %
2025/12/06 22:34:44.975, 218.15 W, 100 %
2025/12/06 22:34:45.075, 218.50 W, 100 %
2025/12/06 22:34:45.175, 218.61 W, 100 %
2025/12/06 22:34:45.275, 218.54 W, 100 %
2025/12/06 22:34:45.375, 217.95 W, 100 %
2025/12/06 22:34:45.476, 217.88 W, 100 %
2025/12/06 22:34:45.576, 218.34 W, 100 %
2025/12/06 22:34:45.676, 217.95 W, 100 %
2025/12/06 22:34:45.776, 218.05 W, 100 %
2025/12/06 22:34:45.876, 218.98 W, 100 %
2025/12/06 22:34:45.976, 219.10 W, 100 %
2025/12/06 22:34:46.076, 218.64 W, 100 %
2025/12/06 22:34:46.176, 218.57 W, 100 %
2025/12/06 22:34:46.276, 219.02 W, 100 %
2025/12/06 22:34:46.376, 218.78 W, 100 %
2025/12/06 22:34:46.477, 219.34 W, 100 %
2025/12/06 22:34:46.577, 218.95 W, 100 %
2025/12/06 22:34:46.677, 217.04 W, 99 %
2025/12/06 22:34:46.777, 217.51 W, 99 %
2025/12/06 22:34:46.877, 217.01 W, 100 %
2025/12/06 22:34:46.977, 217.09 W, 100 %
2025/12/06 22:34:47.077, 216.49 W, 100 %
2025/12/06 22:34:47.177, 216.94 W, 100 %
2025/12/06 22:34:47.277, 216.78 W, 100 %
2025/12/06 22:34:47.377, 216.86 W, 100 %
2025/12/06 22:34:47.478, 216.71 W, 100 %
2025/12/06 22:34:47.578, 216.88 W, 100 %
2025/12/06 22:34:47.678, 217.31 W, 100 %
2025/12/06 22:34:47.778, 218.66 W, 100 %
2025/12/06 22:34:47.878, 219.08 W, 100 %
2025/12/06 22:34:47.978, 219.08 W, 100 %
2025/12/06 22:34:48.078, 218.99 W, 100 %
2025/12/06 22:34:48.178, 219.33 W, 100 %
2025/12/06 22:34:48.278, 219.35 W, 100 %
2025/12/06 22:34:48.378, 219.42 W, 100 %
2025/12/06 22:34:48.479, 219.47 W, 100 %
2025/12/06 22:34:48.579, 219.46 W, 100 %
2025/12/06 22:34:48.679, 219.99 W, 99 %
2025/12/06 22:34:48.779, 219.56 W, 99 %
2025/12/06 22:34:48.879, 219.41 W, 100 %
2025/12/06 22:34:48.979, 219.44 W, 100 %
2025/12/06 22:34:49.079, 219.22 W, 100 %
2025/12/06 22:34:49.179, 218.93 W, 100 %
2025/12/06 22:34:49.279, 218.82 W, 100 %
2025/12/06 22:34:49.379, 218.83 W, 100 %
2025/12/06 22:34:49.480, 218.88 W, 100 %
2025/12/06 22:34:49.580, 218.86 W, 100 %
2025/12/06 22:34:49.680, 218.23 W, 100 %
2025/12/06 22:34:49.780, 218.71 W, 100 %
2025/12/06 22:34:49.880, 218.91 W, 100 %
2025/12/06 22:34:49.980, 218.77 W, 100 %
2025/12/06 22:34:50.080, 218.86 W, 100 %
2025/12/06 22:34:50.180, 218.49 W, 100 %
2025/12/06 22:34:50.280, 219.14 W, 100 %
2025/12/06 22:34:50.380, 219.43 W, 100 %
2025/12/06 22:34:50.481, 219.57 W, 100 %
2025/12/06 22:34:50.581, 220.28 W, 100 %
2025/12/06 22:34:50.681, 220.67 W, 100 %
2025/12/06 22:34:50.781, 219.88 W, 100 %
2025/12/06 22:34:50.881, 219.76 W, 100 %
2025/12/06 22:34:50.981, 219.94 W, 100 %
2025/12/06 22:34:51.081, 220.08 W, 100 %
2025/12/06 22:34:51.181, 219.76 W, 100 %
2025/12/06 22:34:51.281, 219.88 W, 100 %
2025/12/06 22:34:51.381, 219.69 W, 100 %
2025/12/06 22:34:51.482, 219.41 W, 100 %
2025/12/06 22:34:51.582, 218.52 W, 100 %
2025/12/06 22:34:51.682, 218.95 W, 100 %
2025/12/06 22:34:51.782, 218.68 W, 100 %
2025/12/06 22:34:51.882, 219.13 W, 100 %
2025/12/06 22:34:51.982, 219.17 W, 100 %
2025/12/06 22:34:52.082, 218.87 W, 100 %
2025/12/06 22:34:52.182, 219.11 W, 100 %
2025/12/06 22:34:52.282, 218.90 W, 100 %
2025/12/06 22:34:52.383, 219.38 W, 100 %
2025/12/06 22:34:52.483, 220.39 W, 99 %
2025/12/06 22:34:52.583, 220.60 W, 99 %
2025/12/06 22:34:52.683, 220.34 W, 100 %
2025/12/06 22:34:52.783, 220.35 W, 100 %
2025/12/06 22:34:52.883, 220.36 W, 100 %
2025/12/06 22:34:52.983, 220.44 W, 100 %
2025/12/06 22:34:53.083, 220.58 W, 100 %
2025/12/06 22:34:53.183, 220.27 W, 100 %
2025/12/06 22:34:53.283, 220.93 W, 100 %
2025/12/06 22:34:53.384, 220.92 W, 100 %
2025/12/06 22:34:53.484, 220.67 W, 100 %
2025/12/06 22:34:53.584, 219.62 W, 100 %
2025/12/06 22:34:53.684, 219.66 W, 100 %
2025/12/06 22:34:53.784, 219.62 W, 100 %
2025/12/06 22:34:53.884, 219.47 W, 100 %
2025/12/06 22:34:53.984, 219.49 W, 100 %
2025/12/06 22:34:54.084, 219.08 W, 100 %
2025/12/06 22:34:54.184, 219.09 W, 100 %
2025/12/06 22:34:54.284, 218.70 W, 100 %
2025/12/06 22:34:54.385, 218.97 W, 100 %
2025/12/06 22:34:54.485, 219.03 W, 100 %
2025/12/06 22:34:54.585, 218.91 W, 100 %
2025/12/06 22:34:54.685, 219.26 W, 100 %
2025/12/06 22:34:54.785, 219.09 W, 100 %
2025/12/06 22:34:54.885, 219.30 W, 100 %
2025/12/06 22:34:54.985, 219.07 W, 100 %
2025/12/06 22:34:55.085, 218.94 W, 100 %
2025/12/06 22:34:55.185, 219.00 W, 100 %
2025/12/06 22:34:55.285, 219.34 W, 100 %
2025/12/06 22:34:55.386, 219.53 W, 100 %
2025/12/06 22:34:55.486, 219.10 W, 100 %
2025/12/06 22:34:55.586, 219.24 W, 100 %
2025/12/06 22:34:55.686, 218.74 W, 100 %
2025/12/06 22:34:55.786, 219.09 W, 100 %
2025/12/06 22:34:55.886, 218.71 W, 100 %
2025/12/06 22:34:55.986, 219.10 W, 100 %
2025/12/06 22:34:56.086, 219.06 W, 100 %
2025/12/06 22:34:56.186, 218.98 W, 100 %
2025/12/06 22:34:56.286, 218.05 W, 99 %
2025/12/06 22:34:56.387, 218.66 W, 99 %
2025/12/06 22:34:56.487, 218.28 W, 100 %
2025/12/06 22:34:56.587, 218.32 W, 100 %
2025/12/06 22:34:56.687, 218.62 W, 100 %
2025/12/06 22:34:56.787, 218.82 W, 100 %
2025/12/06 22:34:56.887, 218.67 W, 100 %
2025/12/06 22:34:56.987, 218.48 W, 100 %
2025/12/06 22:34:57.087, 218.40 W, 100 %
2025/12/06 22:34:57.187, 218.38 W, 100 %
2025/12/06 22:34:57.287, 218.32 W, 100 %
2025/12/06 22:34:57.388, 219.13 W, 100 %
2025/12/06 22:34:57.488, 219.29 W, 100 %
2025/12/06 22:34:57.588, 219.45 W, 100 %
2025/12/06 22:34:57.688, 219.05 W, 100 %
2025/12/06 22:34:57.788, 219.10 W, 100 %
2025/12/06 22:34:57.888, 219.13 W, 100 %
2025/12/06 22:34:57.988, 218.99 W, 100 %
2025/12/06 22:34:58.088, 219.26 W, 100 %
2025/12/06 22:34:58.188, 217.64 W, 100 %
2025/12/06 22:34:58.288, 218.32 W, 99 %
2025/12/06 22:34:58.389, 217.88 W, 99 %
2025/12/06 22:34:58.489, 217.45 W, 100 %
2025/12/06 22:34:58.589, 217.60 W, 100 %
2025/12/06 22:34:58.689, 217.47 W, 100 %
2025/12/06 22:34:58.789, 218.15 W, 100 %
2025/12/06 22:34:58.889, 217.74 W, 100 %
2025/12/06 22:34:58.989, 217.98 W, 100 %
2025/12/06 22:34:59.089, 217.46 W, 100 %
2025/12/06 22:34:59.189, 217.79 W, 100 %
2025/12/06 22:34:59.289, 219.44 W, 100 %
2025/12/06 22:34:59.390, 218.54 W, 100 %
2025/12/06 22:34:59.490, 219.55 W, 100 %
2025/12/06 22:34:59.590, 219.06 W, 100 %
2025/12/06 22:34:59.690, 218.66 W, 100 %
2025/12/06 22:34:59.790, 218.24 W, 100 %
2025/12/06 22:34:59.890, 218.70 W, 100 %
2025/12/06 22:34:59.990, 218.43 W, 100 %
2025/12/06 22:35:00.090, 218.88 W, 100 %
2025/12/06 22:35:00.190, 219.82 W, 100 %
2025/12/06 22:35:00.290, 219.37 W, 100 %
2025/12/06 22:35:00.391, 219.16 W, 100 %
2025/12/06 22:35:00.491, 219.69 W, 100 %
2025/12/06 22:35:00.591, 219.15 W, 100 %
2025/12/06 22:35:00.691, 219.36 W, 100 %
2025/12/06 22:35:00.791, 220.01 W, 100 %
2025/12/06 22:35:00.891, 220.23 W, 100 %
2025/12/06 22:35:00.991, 220.03 W, 100 %
2025/12/06 22:35:01.091, 220.24 W, 100 %
2025/12/06 22:35:01.191, 218.95 W, 100 %
2025/12/06 22:35:01.291, 219.21 W, 100 %
2025/12/06 22:35:01.392, 219.18 W, 100 %
2025/12/06 22:35:01.492, 219.42 W, 100 %
2025/12/06 22:35:01.592, 219.26 W, 100 %
2025/12/06 22:35:01.692, 219.18 W, 100 %
2025/12/06 22:35:01.792, 219.53 W, 100 %
2025/12/06 22:35:01.892, 219.38 W, 100 %
2025/12/06 22:35:01.992, 219.25 W, 100 %
2025/12/06 22:35:02.092, 219.99 W, 99 %
2025/12/06 22:35:02.192, 219.44 W, 99 %
2025/12/06 22:35:02.292, 219.30 W, 100 %
2025/12/06 22:35:02.393, 219.35 W, 100 %
2025/12/06 22:35:02.493, 218.47 W, 100 %
2025/12/06 22:35:02.593, 218.55 W, 100 %
2025/12/06 22:35:02.693, 219.42 W, 100 %
2025/12/06 22:35:02.793, 219.06 W, 100 %
2025/12/06 22:35:02.893, 219.40 W, 100 %
2025/12/06 22:35:02.993, 219.49 W, 100 %
2025/12/06 22:35:03.093, 218.78 W, 100 %
2025/12/06 22:35:03.193, 219.27 W, 100 %
2025/12/06 22:35:03.293, 219.50 W, 100 %
2025/12/06 22:35:03.394, 219.71 W, 100 %
2025/12/06 22:35:03.494, 220.74 W, 100 %
2025/12/06 22:35:03.594, 220.42 W, 100 %
2025/12/06 22:35:03.694, 219.84 W, 100 %
2025/12/06 22:35:03.794, 220.21 W, 100 %
2025/12/06 22:35:03.894, 220.08 W, 100 %
2025/12/06 22:35:03.994, 220.81 W, 100 %
2025/12/06 22:35:04.094, 220.47 W, 100 %
2025/12/06 22:35:04.194, 220.19 W, 100 %
2025/12/06 22:35:04.294, 220.30 W, 100 %
2025/12/06 22:35:04.395, 220.35 W, 100 %
2025/12/06 22:35:04.495, 220.50 W, 100 %
2025/12/06 22:35:04.595, 220.31 W, 100 %
2025/12/06 22:35:04.695, 220.29 W, 100 %
2025/12/06 22:35:04.795, 220.73 W, 100 %
2025/12/06 22:35:04.895, 220.26 W, 100 %
2025/12/06 22:35:04.995, 220.49 W, 100 %
2025/12/06 22:35:05.095, 219.71 W, 100 %
2025/12/06 22:35:05.195, 219.84 W, 100 %
2025/12/06 22:35:05.295, 219.80 W, 100 %
2025/12/06 22:35:05.396, 219.68 W, 100 %
2025/12/06 22:35:05.496, 219.72 W, 100 %
2025/12/06 22:35:05.596, 219.12 W, 100 %
2025/12/06 22:35:05.696, 218.90 W, 100 %
2025/12/06 22:35:05.796, 218.91 W, 100 %
2025/12/06 22:35:05.896, 219.22 W, 99 %
2025/12/06 22:35:05.996, 219.08 W, 99 %
2025/12/06 22:35:06.096, 219.24 W, 100 %
2025/12/06 22:35:06.196, 219.69 W, 100 %
2025/12/06 22:35:06.296, 219.43 W, 100 %
2025/12/06 22:35:06.397, 219.14 W, 100 %
2025/12/06 22:35:06.497, 218.91 W, 100 %
2025/12/06 22:35:06.597, 218.89 W, 100 %
2025/12/06 22:35:06.697, 218.69 W, 100 %
2025/12/06 22:35:06.797, 219.34 W, 100 %
2025/12/06 22:35:06.897, 219.76 W, 100 %
2025/12/06 22:35:06.997, 219.34 W, 100 %
2025/12/06 22:35:07.097, 219.73 W, 100 %
2025/12/06 22:35:07.197, 219.13 W, 100 %
2025/12/06 22:35:07.297, 219.09 W, 100 %
2025/12/06 22:35:07.398, 219.06 W, 100 %
2025/12/06 22:35:07.498, 219.32 W, 100 %
2025/12/06 22:35:07.598, 219.38 W, 100 %
2025/12/06 22:35:07.698, 219.02 W, 100 %
2025/12/06 22:35:07.798, 218.12 W, 100 %
2025/12/06 22:35:07.898, 218.83 W, 100 %
2025/12/06 22:35:07.998, 218.52 W, 100 %
2025/12/06 22:35:08.098, 218.29 W, 100 %
2025/12/06 22:35:08.198, 218.14 W, 100 %
2025/12/06 22:35:08.298, 218.03 W, 100 %
2025/12/06 22:35:08.399, 218.02 W, 100 %
2025/12/06 22:35:08.499, 217.79 W, 100 %
2025/12/06 22:35:08.599, 217.62 W, 100 %
2025/12/06 22:35:08.699, 217.33 W, 100 %
2025/12/06 22:35:08.799, 217.53 W, 100 %
2025/12/06 22:35:08.899, 218.08 W, 100 %
2025/12/06 22:35:08.999, 218.09 W, 100 %
2025/12/06 22:35:09.099, 219.09 W, 100 %
2025/12/06 22:35:09.199, 219.09 W, 100 %
2025/12/06 22:35:09.299, 219.30 W, 100 %
2025/12/06 22:35:09.400, 219.54 W, 100 %
2025/12/06 22:35:09.500, 219.30 W, 100 %
2025/12/06 22:35:09.600, 218.93 W, 100 %
2025/12/06 22:35:09.700, 218.57 W, 100 %
2025/12/06 22:35:09.800, 218.88 W, 100 %
2025/12/06 22:35:09.900, 218.87 W, 100 %
2025/12/06 22:35:10.000, 218.80 W, 100 %
2025/12/06 22:35:10.100, 219.07 W, 100 %
2025/12/06 22:35:10.200, 218.14 W, 100 %
2025/12/06 22:35:10.301, 218.48 W, 100 %
2025/12/06 22:35:10.401, 218.05 W, 100 %
2025/12/06 22:35:10.501, 217.90 W, 100 %
2025/12/06 22:35:10.601, 217.71 W, 100 %
2025/12/06 22:35:10.701, 217.99 W, 100 %
2025/12/06 22:35:10.801, 219.22 W, 100 %
2025/12/06 22:35:10.901, 219.11 W, 100 %
2025/12/06 22:35:11.001, 219.47 W, 100 %
2025/12/06 22:35:11.101, 219.36 W, 100 %
2025/12/06 22:35:11.201, 219.35 W, 100 %
2025/12/06 22:35:11.301, 219.14 W, 100 %
2025/12/06 22:35:11.402, 219.38 W, 100 %
2025/12/06 22:35:11.502, 219.32 W, 100 %
2025/12/06 22:35:11.602, 219.53 W, 100 %
2025/12/06 22:35:11.702, 219.62 W, 99 %
2025/12/06 22:35:11.802, 219.18 W, 99 %
2025/12/06 22:35:11.902, 219.03 W, 100 %
2025/12/06 22:35:12.002, 218.91 W, 100 %
2025/12/06 22:35:12.102, 218.76 W, 100 %
2025/12/06 22:35:12.202, 218.67 W, 100 %
2025/12/06 22:35:12.303, 218.60 W, 100 %
2025/12/06 22:35:12.403, 218.53 W, 100 %
2025/12/06 22:35:12.503, 218.43 W, 100 %
2025/12/06 22:35:12.603, 218.39 W, 100 %
2025/12/06 22:35:12.703, 218.60 W, 100 %
2025/12/06 22:35:12.803, 218.68 W, 100 %
2025/12/06 22:35:12.903, 219.03 W, 100 %
2025/12/06 22:35:13.003, 219.21 W, 100 %
2025/12/06 22:35:13.103, 218.68 W, 100 %
2025/12/06 22:35:13.203, 218.89 W, 100 %
2025/12/06 22:35:13.304, 218.91 W, 100 %
2025/12/06 22:35:13.404, 218.96 W, 100 %
2025/12/06 22:35:13.504, 218.97 W, 100 %
2025/12/06 22:35:13.604, 219.58 W, 100 %
2025/12/06 22:35:13.704, 219.57 W, 100 %
2025/12/06 22:35:13.804, 219.33 W, 100 %
2025/12/06 22:35:13.904, 219.49 W, 100 %
2025/12/06 22:35:14.004, 219.28 W, 100 %
2025/12/06 22:35:14.104, 218.89 W, 100 %
2025/12/06 22:35:14.204, 219.40 W, 100 %
2025/12/06 22:35:14.305, 219.49 W, 100 %
2025/12/06 22:35:14.405, 219.57 W, 100 %
2025/12/06 22:35:14.505, 219.68 W, 100 %
2025/12/06 22:35:14.605, 219.32 W, 100 %
2025/12/06 22:35:14.705, 219.05 W, 100 %
2025/12/06 22:35:14.805, 219.26 W, 100 %
2025/12/06 22:35:14.905, 219.33 W, 100 %
2025/12/06 22:35:15.005, 219.45 W, 100 %
2025/12/06 22:35:15.105, 219.42 W, 100 %
2025/12/06 22:35:15.205, 219.38 W, 100 %
2025/12/06 22:35:15.306, 219.23 W, 100 %
2025/12/06 22:35:15.406, 219.23 W, 100 %
2025/12/06 22:35:15.506, 219.81 W, 79 %
2025/12/06 22:35:15.606, 220.49 W, 79 %
2025/12/06 22:35:15.706, 219.85 W, 100 %
2025/12/06 22:35:15.806, 220.02 W, 100 %
2025/12/06 22:35:15.906, 219.93 W, 100 %
2025/12/06 22:35:16.006, 220.73 W, 100 %
2025/12/06 22:35:16.106, 220.62 W, 100 %
2025/12/06 22:35:16.206, 221.55 W, 100 %
2025/12/06 22:35:16.307, 221.56 W, 100 %
2025/12/06 22:35:16.407, 220.10 W, 100 %
2025/12/06 22:35:16.507, 220.22 W, 100 %
2025/12/06 22:35:16.607, 219.16 W, 100 %
2025/12/06 22:35:16.707, 219.12 W, 100 %
2025/12/06 22:35:16.807, 219.37 W, 100 %
2025/12/06 22:35:16.907, 219.52 W, 100 %
2025/12/06 22:35:17.007, 219.46 W, 100 %
2025/12/06 22:35:17.107, 219.35 W, 100 %
2025/12/06 22:35:17.207, 219.31 W, 100 %
2025/12/06 22:35:17.308, 218.81 W, 100 %
2025/12/06 22:35:17.408, 217.10 W, 100 %
2025/12/06 22:35:17.508, 218.45 W, 100 %
2025/12/06 22:35:17.608, 218.18 W, 100 %
2025/12/06 22:35:17.708, 217.92 W, 100 %
2025/12/06 22:35:17.808, 218.32 W, 100 %
2025/12/06 22:35:17.908, 218.02 W, 100 %
2025/12/06 22:35:18.008, 217.98 W, 100 %
2025/12/06 22:35:18.108, 218.29 W, 100 %
2025/12/06 22:35:18.209, 217.91 W, 100 %
2025/12/06 22:35:18.309, 218.00 W, 100 %
2025/12/06 22:35:18.409, 217.85 W, 100 %
2025/12/06 22:35:18.509, 219.63 W, 100 %
2025/12/06 22:35:18.609, 219.25 W, 100 %
2025/12/06 22:35:18.709, 219.44 W, 100 %
2025/12/06 22:35:18.809, 219.52 W, 100 %
2025/12/06 22:35:18.909, 219.47 W, 100 %
2025/12/06 22:35:19.009, 219.73 W, 100 %
2025/12/06 22:35:19.109, 219.59 W, 100 %
2025/12/06 22:35:19.210, 219.68 W, 100 %
2025/12/06 22:35:19.310, 218.37 W, 100 %
2025/12/06 22:35:19.410, 218.47 W, 100 %
2025/12/06 22:35:19.510, 218.26 W, 100 %
2025/12/06 22:35:19.610, 218.49 W, 100 %
2025/12/06 22:35:19.710, 218.85 W, 100 %
2025/12/06 22:35:19.810, 218.47 W, 100 %
2025/12/06 22:35:19.910, 218.71 W, 100 %
2025/12/06 22:35:20.010, 218.32 W, 100 %
2025/12/06 22:35:20.110, 218.62 W, 100 %
2025/12/06 22:35:20.211, 218.52 W, 100 %
2025/12/06 22:35:20.311, 219.87 W, 100 %
2025/12/06 22:35:20.411, 219.18 W, 100 %
2025/12/06 22:35:20.511, 219.02 W, 100 %
2025/12/06 22:35:20.611, 219.46 W, 100 %
2025/12/06 22:35:20.711, 219.47 W, 100 %
2025/12/06 22:35:20.811, 219.40 W, 100 %
2025/12/06 22:35:20.911, 219.26 W, 100 %
2025/12/06 22:35:21.011, 219.16 W, 100 %
2025/12/06 22:35:21.111, 218.76 W, 100 %
2025/12/06 22:35:21.212, 219.15 W, 100 %
2025/12/06 22:35:21.312, 219.33 W, 94 %
2025/12/06 22:35:21.412, 218.60 W, 94 %
2025/12/06 22:35:21.512, 219.30 W, 100 %
2025/12/06 22:35:21.612, 219.64 W, 100 %
2025/12/06 22:35:21.712, 219.71 W, 100 %
2025/12/06 22:35:21.812, 220.03 W, 100 %
2025/12/06 22:35:21.912, 220.20 W, 100 %
2025/12/06 22:35:22.012, 220.20 W, 100 %
2025/12/06 22:35:22.112, 220.07 W, 100 %
2025/12/06 22:35:22.213, 220.02 W, 100 %
2025/12/06 22:35:22.313, 219.07 W, 100 %
2025/12/06 22:35:22.413, 218.63 W, 100 %
2025/12/06 22:35:22.513, 219.30 W, 100 %
2025/12/06 22:35:22.613, 219.49 W, 100 %
2025/12/06 22:35:22.713, 219.20 W, 100 %
2025/12/06 22:35:22.813, 218.94 W, 100 %
2025/12/06 22:35:22.913, 218.81 W, 100 %
2025/12/06 22:35:23.013, 218.70 W, 100 %
2025/12/06 22:35:23.113, 219.05 W, 100 %
2025/12/06 22:35:23.214, 219.23 W, 100 %
2025/12/06 22:35:23.314, 219.39 W, 100 %
2025/12/06 22:35:23.414, 220.29 W, 100 %
2025/12/06 22:35:23.514, 220.31 W, 100 %
2025/12/06 22:35:23.614, 220.13 W, 100 %
2025/12/06 22:35:23.714, 220.06 W, 100 %
2025/12/06 22:35:23.814, 219.83 W, 100 %
2025/12/06 22:35:23.914, 220.08 W, 100 %
2025/12/06 22:35:24.014, 219.74 W, 100 %
2025/12/06 22:35:24.114, 219.90 W, 100 %
2025/12/06 22:35:24.215, 219.46 W, 100 %
2025/12/06 22:35:24.315, 219.64 W, 100 %
2025/12/06 22:35:24.415, 219.39 W, 100 %
2025/12/06 22:35:24.515, 218.91 W, 100 %
2025/12/06 22:35:24.615, 219.02 W, 100 %
2025/12/06 22:35:24.715, 218.92 W, 100 %
2025/12/06 22:35:24.815, 219.07 W, 100 %
2025/12/06 22:35:24.915, 219.46 W, 100 %
2025/12/06 22:35:25.015, 219.45 W, 100 %
2025/12/06 22:35:25.115, 220.56 W, 99 %
2025/12/06 22:35:25.216, 220.98 W, 99 %
2025/12/06 22:35:25.316, 220.41 W, 100 %
2025/12/06 22:35:25.416, 220.50 W, 100 %
2025/12/06 22:35:25.516, 220.35 W, 100 %
2025/12/06 22:35:25.616, 220.19 W, 100 %
2025/12/06 22:35:25.716, 220.11 W, 100 %
2025/12/06 22:35:25.816, 219.90 W, 100 %
2025/12/06 22:35:25.916, 219.68 W, 100 %
2025/12/06 22:35:26.016, 219.76 W, 100 %
2025/12/06 22:35:26.116, 219.63 W, 100 %
2025/12/06 22:35:26.217, 218.86 W, 100 %
2025/12/06 22:35:26.317, 218.36 W, 100 %
2025/12/06 22:35:26.417, 219.07 W, 100 %
2025/12/06 22:35:26.517, 218.88 W, 100 %
2025/12/06 22:35:26.617, 219.28 W, 100 %
2025/12/06 22:35:26.717, 219.12 W, 100 %
2025/12/06 22:35:26.817, 219.46 W, 100 %
2025/12/06 22:35:26.917, 219.57 W, 100 %
2025/12/06 22:35:27.017, 220.30 W, 100 %
2025/12/06 22:35:27.117, 220.57 W, 100 %
2025/12/06 22:35:27.218, 220.53 W, 100 %
2025/12/06 22:35:27.318, 220.58 W, 100 %
2025/12/06 22:35:27.418, 220.36 W, 100 %
2025/12/06 22:35:27.518, 220.43 W, 100 %
2025/12/06 22:35:27.618, 219.94 W, 100 %
2025/12/06 22:35:27.718, 220.23 W, 100 %
2025/12/06 22:35:27.818, 220.46 W, 100 %
2025/12/06 22:35:27.918, 220.00 W, 100 %
2025/12/06 22:35:28.018, 219.97 W, 100 %
2025/12/06 22:35:28.118, 219.45 W, 100 %
2025/12/06 22:35:28.219, 219.06 W, 100 %
2025/12/06 22:35:28.319, 219.20 W, 100 %
2025/12/06 22:35:28.419, 218.95 W, 100 %
2025/12/06 22:35:28.519, 219.18 W, 100 %
2025/12/06 22:35:28.619, 218.94 W, 100 %
2025/12/06 22:35:28.719, 219.21 W, 100 %
2025/12/06 22:35:28.819, 219.06 W, 100 %
2025/12/06 22:35:28.919, 217.09 W, 99 %
2025/12/06 22:35:29.019, 217.87 W, 99 %
2025/12/06 22:35:29.119, 217.47 W, 100 %
2025/12/06 22:35:29.220, 217.66 W, 100 %
2025/12/06 22:35:29.320, 217.84 W, 100 %
2025/12/06 22:35:29.420, 217.98 W, 100 %
2025/12/06 22:35:29.520, 217.20 W, 100 %
2025/12/06 22:35:29.620, 217.48 W, 100 %
2025/12/06 22:35:29.720, 217.62 W, 100 %
2025/12/06 22:35:29.820, 217.44 W, 100 %
2025/12/06 22:35:29.920, 217.37 W, 100 %
2025/12/06 22:35:30.020, 218.89 W, 100 %
2025/12/06 22:35:30.120, 219.24 W, 100 %
2025/12/06 22:35:30.221, 219.18 W, 100 %
2025/12/06 22:35:30.321, 219.37 W, 100 %
2025/12/06 22:35:30.421, 218.94 W, 100 %
2025/12/06 22:35:30.521, 219.10 W, 100 %
2025/12/06 22:35:30.621, 218.92 W, 100 %
2025/12/06 22:35:30.721, 219.14 W, 100 %
2025/12/06 22:35:30.821, 218.64 W, 100 %
2025/12/06 22:35:30.921, 219.15 W, 99 %
2025/12/06 22:35:31.021, 219.32 W, 99 %
2025/12/06 22:35:31.121, 218.69 W, 100 %
2025/12/06 22:35:31.222, 218.78 W, 100 %
2025/12/06 22:35:31.322, 219.03 W, 100 %
2025/12/06 22:35:31.422, 218.81 W, 100 %
2025/12/06 22:35:31.522, 219.09 W, 100 %
2025/12/06 22:35:31.622, 219.11 W, 100 %
2025/12/06 22:35:31.722, 219.53 W, 100 %
2025/12/06 22:35:31.822, 219.73 W, 100 %
2025/12/06 22:35:31.922, 219.53 W, 100 %
2025/12/06 22:35:32.022, 219.25 W, 100 %
2025/12/06 22:35:32.122, 219.60 W, 100 %
2025/12/06 22:35:32.223, 219.25 W, 100 %
2025/12/06 22:35:32.323, 219.12 W, 100 %
2025/12/06 22:35:32.423, 219.31 W, 100 %
2025/12/06 22:35:32.523, 219.26 W, 100 %
2025/12/06 22:35:32.623, 219.17 W, 100 %
2025/12/06 22:35:32.723, 218.94 W, 100 %
2025/12/06 22:35:32.823, 219.89 W, 100 %
2025/12/06 22:35:32.923, 219.51 W, 100 %
2025/12/06 22:35:33.023, 219.32 W, 100 %
2025/12/06 22:35:33.123, 219.52 W, 100 %
2025/12/06 22:35:33.224, 219.34 W, 100 %
2025/12/06 22:35:33.324, 219.83 W, 100 %
2025/12/06 22:35:33.424, 219.69 W, 100 %
2025/12/06 22:35:33.524, 219.72 W, 100 %
2025/12/06 22:35:33.624, 219.80 W, 100 %
2025/12/06 22:35:33.724, 219.76 W, 100 %
2025/12/06 22:35:33.824, 219.85 W, 100 %
2025/12/06 22:35:33.924, 218.65 W, 100 %
2025/12/06 22:35:34.024, 219.02 W, 100 %
2025/12/06 22:35:34.124, 219.09 W, 100 %
2025/12/06 22:35:34.225, 219.12 W, 100 %
2025/12/06 22:35:34.325, 218.99 W, 100 %
2025/12/06 22:35:34.425, 219.18 W, 100 %
2025/12/06 22:35:34.525, 218.90 W, 100 %
2025/12/06 22:35:34.625, 219.15 W, 100 %
2025/12/06 22:35:34.725, 220.10 W, 99 %
2025/12/06 22:35:34.825, 219.83 W, 99 %
2025/12/06 22:35:34.925, 219.52 W, 100 %
2025/12/06 22:35:35.025, 219.73 W, 100 %
2025/12/06 22:35:35.125, 219.83 W, 100 %
2025/12/06 22:35:35.226, 219.72 W, 100 %
2025/12/06 22:35:35.326, 219.52 W, 100 %
2025/12/06 22:35:35.426, 220.04 W, 100 %
2025/12/06 22:35:35.526, 219.74 W, 100 %
2025/12/06 22:35:35.626, 219.94 W, 100 %
2025/12/06 22:35:35.726, 219.81 W, 100 %
2025/12/06 22:35:35.826, 219.08 W, 100 %
2025/12/06 22:35:35.926, 219.31 W, 100 %
2025/12/06 22:35:36.026, 219.48 W, 100 %
2025/12/06 22:35:36.126, 219.44 W, 100 %
2025/12/06 22:35:36.227, 219.57 W, 100 %
2025/12/06 22:35:36.327, 219.61 W, 100 %
2025/12/06 22:35:36.427, 219.66 W, 100 %
2025/12/06 22:35:36.527, 220.03 W, 100 %
2025/12/06 22:35:36.627, 221.07 W, 100 %
2025/12/06 22:35:36.727, 220.57 W, 100 %
2025/12/06 22:35:36.827, 220.60 W, 100 %
2025/12/06 22:35:36.927, 220.33 W, 100 %
2025/12/06 22:35:37.027, 219.97 W, 100 %
2025/12/06 22:35:37.128, 220.31 W, 100 %
2025/12/06 22:35:37.228, 219.39 W, 100 %
2025/12/06 22:35:37.328, 219.43 W, 100 %
2025/12/06 22:35:37.428, 219.36 W, 100 %
2025/12/06 22:35:37.528, 219.11 W, 100 %
2025/12/06 22:35:37.628, 219.18 W, 100 %
2025/12/06 22:35:37.728, 218.61 W, 100 %
2025/12/06 22:35:37.828, 218.58 W, 100 %
2025/12/06 22:35:37.928, 218.76 W, 100 %
2025/12/06 22:35:38.028, 219.44 W, 100 %
2025/12/06 22:35:38.129, 219.18 W, 100 %
2025/12/06 22:35:38.229, 218.74 W, 100 %
2025/12/06 22:35:38.329, 219.82 W, 100 %
2025/12/06 22:35:38.429, 219.74 W, 100 %
2025/12/06 22:35:38.529, 220.43 W, 99 %
2025/12/06 22:35:38.629, 220.19 W, 99 %
2025/12/06 22:35:38.729, 219.76 W, 100 %
2025/12/06 22:35:38.829, 219.92 W, 100 %
2025/12/06 22:35:38.929, 219.71 W, 100 %
2025/12/06 22:35:39.029, 219.82 W, 100 %
2025/12/06 22:35:39.130, 219.98 W, 100 %
2025/12/06 22:35:39.230, 220.19 W, 100 %
2025/12/06 22:35:39.330, 220.42 W, 100 %
2025/12/06 22:35:39.430, 220.18 W, 100 %
2025/12/06 22:35:39.530, 220.55 W, 100 %
2025/12/06 22:35:39.630, 219.57 W, 100 %
2025/12/06 22:35:39.730, 219.97 W, 100 %
2025/12/06 22:35:39.830, 219.89 W, 100 %
2025/12/06 22:35:39.930, 219.71 W, 100 %
2025/12/06 22:35:40.030, 219.75 W, 100 %
2025/12/06 22:35:40.131, 219.63 W, 100 %
2025/12/06 22:35:40.231, 219.80 W, 100 %
2025/12/06 22:35:40.331, 219.51 W, 100 %
2025/12/06 22:35:40.431, 218.53 W, 100 %
2025/12/06 22:35:40.531, 218.22 W, 100 %
2025/12/06 22:35:40.631, 218.64 W, 100 %
2025/12/06 22:35:40.731, 218.24 W, 100 %
2025/12/06 22:35:40.831, 218.11 W, 100 %
2025/12/06 22:35:40.931, 218.21 W, 100 %
2025/12/06 22:35:41.031, 218.11 W, 100 %
2025/12/06 22:35:41.132, 218.14 W, 100 %
2025/12/06 22:35:41.232, 217.98 W, 100 %
2025/12/06 22:35:41.332, 217.84 W, 100 %
2025/12/06 22:35:41.432, 218.01 W, 100 %
2025/12/06 22:35:41.532, 219.52 W, 100 %
2025/12/06 22:35:41.632, 219.15 W, 100 %
2025/12/06 22:35:41.732, 219.35 W, 100 %
2025/12/06 22:35:41.832, 219.46 W, 100 %
2025/12/06 22:35:41.932, 219.72 W, 100 %
2025/12/06 22:35:42.032, 219.63 W, 100 %
2025/12/06 22:35:42.133, 219.49 W, 100 %
2025/12/06 22:35:42.233, 219.65 W, 100 %
2025/12/06 22:35:42.333, 218.81 W, 100 %
2025/12/06 22:35:42.433, 219.43 W, 100 %
2025/12/06 22:35:42.533, 219.43 W, 100 %
2025/12/06 22:35:42.633, 218.64 W, 100 %
2025/12/06 22:35:42.733, 218.64 W, 100 %
2025/12/06 22:35:42.833, 218.45 W, 100 %
2025/12/06 22:35:42.933, 218.49 W, 100 %
2025/12/06 22:35:43.033, 218.41 W, 100 %
2025/12/06 22:35:43.134, 218.30 W, 100 %
2025/12/06 22:35:43.234, 217.82 W, 100 %
2025/12/06 22:35:43.334, 218.72 W, 100 %
2025/12/06 22:35:43.434, 218.13 W, 100 %
2025/12/06 22:35:43.534, 218.54 W, 100 %
2025/12/06 22:35:43.634, 218.96 W, 100 %
2025/12/06 22:35:43.734, 219.21 W, 100 %
2025/12/06 22:35:43.834, 219.64 W, 100 %
2025/12/06 22:35:43.934, 219.14 W, 100 %
2025/12/06 22:35:44.034, 219.41 W, 100 %
2025/12/06 22:35:44.135, 219.47 W, 100 %
2025/12/06 22:35:44.235, 220.49 W, 100 %
2025/12/06 22:35:44.335, 219.62 W, 99 %
2025/12/06 22:35:44.435, 219.70 W, 99 %
2025/12/06 22:35:44.535, 220.12 W, 100 %
2025/12/06 22:35:44.635, 219.70 W, 100 %
2025/12/06 22:35:44.735, 219.97 W, 100 %
2025/12/06 22:35:44.835, 219.63 W, 100 %
2025/12/06 22:35:44.935, 220.12 W, 100 %
2025/12/06 22:35:45.035, 219.68 W, 100 %
2025/12/06 22:35:45.136, 219.94 W, 100 %
2025/12/06 22:35:45.236, 220.08 W, 100 %
2025/12/06 22:35:45.336, 219.35 W, 100 %
2025/12/06 22:35:45.436, 219.85 W, 100 %
2025/12/06 22:35:45.536, 219.63 W, 100 %
2025/12/06 22:35:45.636, 219.21 W, 100 %
2025/12/06 22:35:45.736, 218.77 W, 100 %
2025/12/06 22:35:45.836, 219.10 W, 100 %
2025/12/06 22:35:45.936, 218.98 W, 100 %
2025/12/06 22:35:46.036, 218.64 W, 100 %
2025/12/06 22:35:46.137, 219.26 W, 99 %
2025/12/06 22:35:46.237, 218.88 W, 99 %
2025/12/06 22:35:46.337, 219.06 W, 100 %
2025/12/06 22:35:46.437, 219.32 W, 100 %
2025/12/06 22:35:46.537, 219.69 W, 100 %
2025/12/06 22:35:46.637, 219.46 W, 100 %
2025/12/06 22:35:46.737, 220.01 W, 100 %
2025/12/06 22:35:46.837, 219.87 W, 100 %
2025/12/06 22:35:46.937, 219.88 W, 100 %
2025/12/06 22:35:47.037, 220.19 W, 100 %
2025/12/06 22:35:47.138, 219.78 W, 100 %
2025/12/06 22:35:47.238, 219.91 W, 100 %
2025/12/06 22:35:47.338, 219.71 W, 100 %
2025/12/06 22:35:47.438, 219.80 W, 100 %
2025/12/06 22:35:47.538, 219.75 W, 100 %
2025/12/06 22:35:47.638, 219.41 W, 100 %
2025/12/06 22:35:47.738, 219.29 W, 100 %
2025/12/06 22:35:47.838, 219.06 W, 100 %
2025/12/06 22:35:47.938, 219.08 W, 100 %
2025/12/06 22:35:48.038, 220.00 W, 100 %
2025/12/06 22:35:48.139, 220.77 W, 100 %
2025/12/06 22:35:48.239, 220.31 W, 100 %
2025/12/06 22:35:48.339, 220.06 W, 100 %
2025/12/06 22:35:48.439, 220.18 W, 100 %
2025/12/06 22:35:48.539, 220.11 W, 100 %
2025/12/06 22:35:48.639, 219.99 W, 100 %
2025/12/06 22:35:48.739, 219.78 W, 100 %
2025/12/06 22:35:48.839, 220.27 W, 100 %
2025/12/06 22:35:48.939, 219.88 W, 100 %
2025/12/06 22:35:49.039, 220.41 W, 100 %
2025/12/06 22:35:49.140, 219.47 W, 100 %
2025/12/06 22:35:49.240, 219.04 W, 100 %
2025/12/06 22:35:49.340, 219.41 W, 100 %
2025/12/06 22:35:49.440, 219.72 W, 100 %
2025/12/06 22:35:49.540, 219.34 W, 100 %
2025/12/06 22:35:49.640, 219.36 W, 100 %
2025/12/06 22:35:49.740, 219.71 W, 100 %
2025/12/06 22:35:49.840, 219.68 W, 100 %
2025/12/06 22:35:49.940, 220.29 W, 99 %
2025/12/06 22:35:50.040, 220.13 W, 99 %
2025/12/06 22:35:50.141, 219.33 W, 100 %
2025/12/06 22:35:50.241, 219.55 W, 100 %
2025/12/06 22:35:50.341, 219.57 W, 100 %
2025/12/06 22:35:50.441, 219.45 W, 100 %
2025/12/06 22:35:50.541, 218.80 W, 100 %
2025/12/06 22:35:50.641, 219.18 W, 100 %
2025/12/06 22:35:50.741, 219.00 W, 100 %
2025/12/06 22:35:50.841, 218.80 W, 100 %
2025/12/06 22:35:50.941, 219.14 W, 100 %
2025/12/06 22:35:51.041, 218.88 W, 100 %
2025/12/06 22:35:51.142, 219.23 W, 100 %
2025/12/06 22:35:51.242, 219.06 W, 100 %
2025/12/06 22:35:51.342, 219.03 W, 100 %
2025/12/06 22:35:51.442, 218.65 W, 100 %
2025/12/06 22:35:51.542, 219.72 W, 100 %
2025/12/06 22:35:51.642, 219.09 W, 100 %
2025/12/06 22:35:51.742, 219.27 W, 100 %
2025/12/06 22:35:51.842, 218.13 W, 100 %
2025/12/06 22:35:51.942, 218.53 W, 100 %
2025/12/06 22:35:52.042, 218.58 W, 100 %
2025/12/06 22:35:52.143, 218.62 W, 100 %
2025/12/06 22:35:52.243, 218.65 W, 100 %
2025/12/06 22:35:52.343, 218.44 W, 100 %
2025/12/06 22:35:52.443, 218.38 W, 100 %
2025/12/06 22:35:52.543, 218.74 W, 100 %
2025/12/06 22:35:52.643, 218.11 W, 100 %
2025/12/06 22:35:52.743, 218.81 W, 100 %
2025/12/06 22:35:52.843, 218.53 W, 100 %
2025/12/06 22:35:52.943, 219.79 W, 100 %
2025/12/06 22:35:53.043, 219.43 W, 100 %
2025/12/06 22:35:53.144, 219.45 W, 100 %
2025/12/06 22:35:53.244, 219.35 W, 100 %
2025/12/06 22:35:53.344, 219.07 W, 100 %
2025/12/06 22:35:53.444, 218.83 W, 100 %
2025/12/06 22:35:53.544, 218.73 W, 100 %
2025/12/06 22:35:53.644, 219.10 W, 100 %
2025/12/06 22:35:53.744, 217.96 W, 100 %
2025/12/06 22:35:53.844, 218.55 W, 100 %
2025/12/06 22:35:53.944, 218.52 W, 100 %
2025/12/06 22:35:54.044, 218.23 W, 100 %
2025/12/06 22:35:54.145, 218.43 W, 100 %
2025/12/06 22:35:54.245, 218.15 W, 100 %
2025/12/06 22:35:54.345, 218.15 W, 100 %
2025/12/06 22:35:54.445, 218.11 W, 100 %
2025/12/06 22:35:54.545, 218.75 W, 100 %
2025/12/06 22:35:54.645, 218.20 W, 100 %
2025/12/06 22:35:54.745, 217.86 W, 100 %
2025/12/06 22:35:54.845, 218.63 W, 100 %
2025/12/06 22:35:54.945, 218.49 W, 100 %
2025/12/06 22:35:55.045, 218.91 W, 100 %
2025/12/06 22:35:55.146, 218.58 W, 100 %
2025/12/06 22:35:55.246, 218.93 W, 100 %
2025/12/06 22:35:55.346, 218.94 W, 100 %
2025/12/06 22:35:55.446, 219.78 W, 100 %
2025/12/06 22:35:55.546, 219.68 W, 100 %
2025/12/06 22:35:55.646, 219.53 W, 100 %
2025/12/06 22:35:55.746, 219.80 W, 99 %
2025/12/06 22:35:55.846, 219.40 W, 99 %
2025/12/06 22:35:55.946, 219.23 W, 100 %
2025/12/06 22:35:56.046, 219.62 W, 100 %
2025/12/06 22:35:56.147, 219.12 W, 100 %
2025/12/06 22:35:56.247, 219.25 W, 100 %
2025/12/06 22:35:56.347, 219.11 W, 100 %
2025/12/06 22:35:56.447, 219.44 W, 100 %
2025/12/06 22:35:56.547, 219.38 W, 100 %
2025/12/06 22:35:56.647, 219.38 W, 100 %
2025/12/06 22:35:56.747, 218.71 W, 100 %
2025/12/06 22:35:56.847, 218.55 W, 100 %
2025/12/06 22:35:56.947, 219.34 W, 100 %
2025/12/06 22:35:57.047, 219.15 W, 100 %
2025/12/06 22:35:57.148, 219.19 W, 100 %
2025/12/06 22:35:57.248, 219.04 W, 100 %
2025/12/06 22:35:57.348, 219.02 W, 100 %
2025/12/06 22:35:57.448, 219.02 W, 100 %
2025/12/06 22:35:57.548, 218.66 W, 100 %
2025/12/06 22:35:57.648, 219.21 W, 100 %
2025/12/06 22:35:57.748, 218.98 W, 100 %
2025/12/06 22:35:57.848, 219.48 W, 100 %
2025/12/06 22:35:57.948, 219.68 W, 100 %
2025/12/06 22:35:58.048, 219.82 W, 100 %
2025/12/06 22:35:58.149, 220.01 W, 100 %
2025/12/06 22:35:58.249, 219.96 W, 100 %
2025/12/06 22:35:58.349, 219.91 W, 100 %
2025/12/06 22:35:58.449, 220.36 W, 100 %
2025/12/06 22:35:58.549, 219.76 W, 100 %
2025/12/06 22:35:58.649, 219.49 W, 100 %
2025/12/06 22:35:58.749, 219.17 W, 100 %
2025/12/06 22:35:58.849, 219.48 W, 100 %
2025/12/06 22:35:58.949, 219.72 W, 100 %
2025/12/06 22:35:59.049, 219.56 W, 100 %
2025/12/06 22:35:59.150, 219.63 W, 100 %
2025/12/06 22:35:59.250, 219.54 W, 100 %
2025/12/06 22:35:59.350, 219.50 W, 100 %
2025/12/06 22:35:59.450, 219.57 W, 100 %
2025/12/06 22:35:59.550, 220.78 W, 99 %
2025/12/06 22:35:59.650, 220.20 W, 99 %
2025/12/06 22:35:59.750, 220.49 W, 100 %
2025/12/06 22:35:59.850, 220.30 W, 100 %
2025/12/06 22:35:59.950, 220.03 W, 100 %
2025/12/06 22:36:00.050, 219.82 W, 100 %
2025/12/06 22:36:00.150, 219.96 W, 100 %
2025/12/06 22:36:00.251, 219.73 W, 100 %
2025/12/06 22:36:00.351, 220.12 W, 100 %
2025/12/06 22:36:00.451, 219.96 W, 100 %
2025/12/06 22:36:00.551, 219.92 W, 100 %
2025/12/06 22:36:00.651, 218.66 W, 100 %
2025/12/06 22:36:00.751, 219.16 W, 100 %
2025/12/06 22:36:00.851, 219.14 W, 100 %
2025/12/06 22:36:00.951, 219.19 W, 100 %
2025/12/06 22:36:01.051, 219.25 W, 100 %
2025/12/06 22:36:01.152, 219.34 W, 100 %
2025/12/06 22:36:01.252, 219.43 W, 100 %
2025/12/06 22:36:01.352, 219.08 W, 100 %
2025/12/06 22:36:01.452, 219.45 W, 100 %
2025/12/06 22:36:01.552, 219.22 W, 100 %
2025/12/06 22:36:01.652, 219.30 W, 100 %
2025/12/06 22:36:01.752, 219.46 W, 100 %
2025/12/06 22:36:01.852, 219.20 W, 100 %
2025/12/06 22:36:01.952, 218.97 W, 100 %
2025/12/06 22:36:02.052, 219.04 W, 100 %
2025/12/06 22:36:02.153, 218.98 W, 100 %
2025/12/06 22:36:02.253, 219.11 W, 100 %
2025/12/06 22:36:02.353, 219.09 W, 100 %
2025/12/06 22:36:02.453, 219.37 W, 100 %
2025/12/06 22:36:02.553, 218.85 W, 100 %
2025/12/06 22:36:02.653, 219.04 W, 100 %
2025/12/06 22:36:02.753, 218.99 W, 100 %
2025/12/06 22:36:02.853, 219.07 W, 100 %
2025/12/06 22:36:02.953, 219.47 W, 100 %
2025/12/06 22:36:03.053, 219.57 W, 100 %
2025/12/06 22:36:03.153, 219.62 W, 100 %
2025/12/06 22:36:03.254, 219.59 W, 100 %
2025/12/06 22:36:03.354, 218.67 W, 99 %
2025/12/06 22:36:03.454, 218.93 W, 99 %
2025/12/06 22:36:03.554, 218.46 W, 100 %
2025/12/06 22:36:03.654, 218.03 W, 100 %
2025/12/06 22:36:03.754, 218.25 W, 100 %
2025/12/06 22:36:03.854, 218.28 W, 100 %
2025/12/06 22:36:03.954, 218.06 W, 100 %
2025/12/06 22:36:04.054, 218.47 W, 100 %
2025/12/06 22:36:04.155, 218.29 W, 100 %
2025/12/06 22:36:04.255, 218.12 W, 100 %
2025/12/06 22:36:04.355, 218.16 W, 100 %
2025/12/06 22:36:04.455, 218.80 W, 100 %
2025/12/06 22:36:04.555, 219.05 W, 100 %
2025/12/06 22:36:04.655, 219.00 W, 100 %
2025/12/06 22:36:04.755, 218.88 W, 100 %
2025/12/06 22:36:04.855, 218.71 W, 100 %
2025/12/06 22:36:04.955, 219.12 W, 100 %
2025/12/06 22:36:05.055, 218.78 W, 100 %
2025/12/06 22:36:05.156, 219.05 W, 100 %
2025/12/06 22:36:05.256, 217.48 W, 100 %
2025/12/06 22:36:05.356, 218.28 W, 99 %
2025/12/06 22:36:05.456, 218.24 W, 99 %
2025/12/06 22:36:05.556, 217.76 W, 100 %
2025/12/06 22:36:05.656, 217.67 W, 100 %
2025/12/06 22:36:05.756, 217.41 W, 100 %
2025/12/06 22:36:05.856, 218.31 W, 100 %
2025/12/06 22:36:05.956, 218.48 W, 100 %
2025/12/06 22:36:06.056, 218.17 W, 100 %
2025/12/06 22:36:06.157, 218.34 W, 100 %
2025/12/06 22:36:06.257, 218.05 W, 100 %
2025/12/06 22:36:06.357, 219.56 W, 100 %
2025/12/06 22:36:06.457, 218.88 W, 100 %
2025/12/06 22:36:06.557, 218.75 W, 100 %
2025/12/06 22:36:06.657, 218.72 W, 100 %
2025/12/06 22:36:06.757, 218.95 W, 100 %
2025/12/06 22:36:06.857, 218.71 W, 100 %
2025/12/06 22:36:06.957, 218.89 W, 100 %
2025/12/06 22:36:07.057, 218.77 W, 100 %
2025/12/06 22:36:07.158, 218.97 W, 100 %
2025/12/06 22:36:07.258, 219.32 W, 100 %
2025/12/06 22:36:07.358, 219.47 W, 100 %
2025/12/06 22:36:07.458, 218.96 W, 100 %
2025/12/06 22:36:07.558, 218.46 W, 100 %
2025/12/06 22:36:07.658, 219.55 W, 100 %
2025/12/06 22:36:07.758, 218.95 W, 100 %
2025/12/06 22:36:07.858, 218.96 W, 100 %
2025/12/06 22:36:07.958, 219.41 W, 100 %
2025/12/06 22:36:08.058, 219.20 W, 100 %
2025/12/06 22:36:08.159, 219.42 W, 100 %
2025/12/06 22:36:08.259, 218.91 W, 100 %
2025/12/06 22:36:08.359, 219.21 W, 100 %
2025/12/06 22:36:08.459, 219.17 W, 100 %
2025/12/06 22:36:08.559, 219.40 W, 100 %
2025/12/06 22:36:08.659, 220.12 W, 100 %
2025/12/06 22:36:08.759, 219.07 W, 100 %
2025/12/06 22:36:08.859, 219.57 W, 100 %
2025/12/06 22:36:08.959, 219.13 W, 100 %
2025/12/06 22:36:09.059, 219.48 W, 100 %
2025/12/06 22:36:09.160, 220.38 W, 99 %
2025/12/06 22:36:09.260, 220.11 W, 99 %
2025/12/06 22:36:09.360, 219.96 W, 100 %
2025/12/06 22:36:09.460, 220.15 W, 100 %
2025/12/06 22:36:09.560, 220.23 W, 100 %
2025/12/06 22:36:09.660, 219.88 W, 100 %
2025/12/06 22:36:09.760, 219.77 W, 100 %
2025/12/06 22:36:09.860, 219.73 W, 100 %
2025/12/06 22:36:09.960, 220.12 W, 100 %
2025/12/06 22:36:10.060, 220.31 W, 100 %
2025/12/06 22:36:10.161, 219.20 W, 100 %
2025/12/06 22:36:10.261, 219.32 W, 100 %
2025/12/06 22:36:10.361, 219.33 W, 100 %
2025/12/06 22:36:10.461, 219.40 W, 100 %
2025/12/06 22:36:10.561, 219.05 W, 100 %
2025/12/06 22:36:10.661, 219.03 W, 100 %
2025/12/06 22:36:10.761, 219.14 W, 100 %
2025/12/06 22:36:10.861, 219.50 W, 100 %
2025/12/06 22:36:10.961, 219.43 W, 100 %
2025/12/06 22:36:11.061, 219.78 W, 100 %
2025/12/06 22:36:11.162, 220.12 W, 100 %
2025/12/06 22:36:11.262, 220.05 W, 100 %
2025/12/06 22:36:11.362, 220.10 W, 100 %
2025/12/06 22:36:11.462, 220.12 W, 100 %
2025/12/06 22:36:11.562, 220.02 W, 100 %
2025/12/06 22:36:11.662, 220.34 W, 100 %
2025/12/06 22:36:11.762, 219.90 W, 100 %
2025/12/06 22:36:11.862, 219.60 W, 100 %
2025/12/06 22:36:11.962, 219.42 W, 100 %
2025/12/06 22:36:12.062, 219.82 W, 100 %
2025/12/06 22:36:12.163, 218.70 W, 100 %
2025/12/06 22:36:12.263, 219.08 W, 100 %
2025/12/06 22:36:12.363, 218.81 W, 100 %
2025/12/06 22:36:12.463, 219.20 W, 100 %
2025/12/06 22:36:12.563, 219.11 W, 100 %
2025/12/06 22:36:12.663, 219.27 W, 100 %
2025/12/06 22:36:12.763, 219.29 W, 100 %
2025/12/06 22:36:12.863, 219.62 W, 100 %
2025/12/06 22:36:12.963, 219.48 W, 99 %
2025/12/06 22:36:13.063, 219.86 W, 99 %
2025/12/06 22:36:13.164, 219.45 W, 100 %
2025/12/06 22:36:13.264, 219.64 W, 100 %
2025/12/06 22:36:13.364, 219.18 W, 100 %
2025/12/06 22:36:13.464, 219.46 W, 100 %
2025/12/06 22:36:13.564, 218.96 W, 100 %
2025/12/06 22:36:13.664, 219.37 W, 100 %
2025/12/06 22:36:13.764, 219.10 W, 100 %
2025/12/06 22:36:13.864, 218.68 W, 100 %
2025/12/06 22:36:13.964, 219.17 W, 100 %
2025/12/06 22:36:14.064, 219.19 W, 100 %
2025/12/06 22:36:14.165, 219.13 W, 100 %
2025/12/06 22:36:14.265, 219.04 W, 100 %
2025/12/06 22:36:14.365, 219.06 W, 100 %
2025/12/06 22:36:14.465, 219.00 W, 100 %
2025/12/06 22:36:14.565, 219.05 W, 100 %
2025/12/06 22:36:14.665, 218.92 W, 100 %
2025/12/06 22:36:14.765, 217.89 W, 100 %
2025/12/06 22:36:14.865, 217.58 W, 100 %
2025/12/06 22:36:14.965, 217.68 W, 100 %
2025/12/06 22:36:15.065, 218.20 W, 100 %
2025/12/06 22:36:15.166, 218.19 W, 100 %
2025/12/06 22:36:15.266, 218.03 W, 100 %
2025/12/06 22:36:15.366, 218.10 W, 100 %
2025/12/06 22:36:15.466, 218.07 W, 100 %
2025/12/06 22:36:15.566, 218.28 W, 100 %
2025/12/06 22:36:15.666, 217.88 W, 100 %
2025/12/06 22:36:15.766, 217.49 W, 100 %
2025/12/06 22:36:15.866, 217.96 W, 100 %
2025/12/06 22:36:15.966, 218.61 W, 100 %
2025/12/06 22:36:16.066, 218.22 W, 100 %
2025/12/06 22:36:16.167, 218.62 W, 100 %
2025/12/06 22:36:16.267, 218.61 W, 100 %
2025/12/06 22:36:16.367, 219.07 W, 100 %
2025/12/06 22:36:16.467, 218.90 W, 100 %
2025/12/06 22:36:16.567, 219.04 W, 100 %
2025/12/06 22:36:16.667, 218.93 W, 100 %
2025/12/06 22:36:16.767, 217.50 W, 100 %
2025/12/06 22:36:16.867, 217.25 W, 100 %
2025/12/06 22:36:16.967, 217.41 W, 100 %
2025/12/06 22:36:17.067, 217.23 W, 100 %
2025/12/06 22:36:17.168, 217.09 W, 100 %
2025/12/06 22:36:17.268, 217.18 W, 100 %
2025/12/06 22:36:17.368, 216.89 W, 100 %
2025/12/06 22:36:17.468, 216.98 W, 100 %
2025/12/06 22:36:17.568, 217.16 W, 100 %
2025/12/06 22:36:17.668, 216.98 W, 100 %
2025/12/06 22:36:17.768, 217.21 W, 100 %
2025/12/06 22:36:17.868, 218.95 W, 100 %
2025/12/06 22:36:17.968, 218.97 W, 100 %
2025/12/06 22:36:18.068, 219.09 W, 100 %
2025/12/06 22:36:18.169, 218.96 W, 100 %
2025/12/06 22:36:18.269, 218.88 W, 100 %
2025/12/06 22:36:18.369, 218.86 W, 100 %
2025/12/06 22:36:18.469, 218.83 W, 100 %
2025/12/06 22:36:18.569, 218.99 W, 100 %
2025/12/06 22:36:18.669, 218.54 W, 100 %
2025/12/06 22:36:18.769, 221.99 W, 70 %
2025/12/06 22:36:18.869, 222.18 W, 70 %
2025/12/06 22:36:18.969, 222.70 W, 100 %
2025/12/06 22:36:19.069, 222.50 W, 100 %
2025/12/06 22:36:19.170, 222.87 W, 100 %
2025/12/06 22:36:19.270, 223.54 W, 100 %
2025/12/06 22:36:19.370, 223.40 W, 100 %
2025/12/06 22:36:19.470, 223.14 W, 100 %
2025/12/06 22:36:19.570, 223.37 W, 100 %
2025/12/06 22:36:19.670, 222.25 W, 100 %
2025/12/06 22:36:19.770, 222.98 W, 100 %
2025/12/06 22:36:19.870, 219.65 W, 100 %
2025/12/06 22:36:19.970, 219.46 W, 100 %
2025/12/06 22:36:20.070, 219.70 W, 100 %
2025/12/06 22:36:20.171, 219.44 W, 100 %
2025/12/06 22:36:20.271, 219.40 W, 100 %
2025/12/06 22:36:20.371, 219.69 W, 100 %
2025/12/06 22:36:20.471, 219.67 W, 100 %
2025/12/06 22:36:20.571, 219.31 W, 100 %
2025/12/06 22:36:20.671, 219.38 W, 100 %
2025/12/06 22:36:20.771, 220.54 W, 100 %
2025/12/06 22:36:20.871, 220.87 W, 100 %
2025/12/06 22:36:20.971, 220.00 W, 100 %
2025/12/06 22:36:21.071, 220.02 W, 100 %
2025/12/06 22:36:21.172, 220.40 W, 100 %
2025/12/06 22:36:21.272, 219.95 W, 100 %
2025/12/06 22:36:21.372, 220.30 W, 100 %
2025/12/06 22:36:21.472, 219.78 W, 100 %
2025/12/06 22:36:21.572, 220.02 W, 100 %
2025/12/06 22:36:21.672, 219.91 W, 100 %
2025/12/06 22:36:21.772, 219.51 W, 100 %
2025/12/06 22:36:21.872, 219.38 W, 100 %
2025/12/06 22:36:21.972, 218.75 W, 100 %
2025/12/06 22:36:22.072, 219.08 W, 100 %
2025/12/06 22:36:22.173, 218.91 W, 100 %
2025/12/06 22:36:22.273, 218.85 W, 100 %
2025/12/06 22:36:22.373, 218.41 W, 100 %
2025/12/06 22:36:22.473, 218.78 W, 100 %
2025/12/06 22:36:22.573, 218.97 W, 96 %
2025/12/06 22:36:22.673, 219.07 W, 96 %
2025/12/06 22:36:22.773, 219.34 W, 100 %
2025/12/06 22:36:22.873, 218.96 W, 100 %
2025/12/06 22:36:22.973, 219.46 W, 100 %
2025/12/06 22:36:23.073, 219.37 W, 100 %
2025/12/06 22:36:23.174, 219.44 W, 100 %
2025/12/06 22:36:23.274, 219.85 W, 100 %
2025/12/06 22:36:23.374, 219.48 W, 100 %
2025/12/06 22:36:23.474, 219.37 W, 100 %
2025/12/06 22:36:23.574, 219.34 W, 100 %
2025/12/06 22:36:23.674, 219.45 W, 100 %
2025/12/06 22:36:23.774, 219.47 W, 100 %
2025/12/06 22:36:23.874, 218.92 W, 100 %
2025/12/06 22:36:23.974, 218.66 W, 100 %
2025/12/06 22:36:24.074, 218.49 W, 100 %
2025/12/06 22:36:24.175, 218.84 W, 100 %
2025/12/06 22:36:24.275, 218.36 W, 100 %
2025/12/06 22:36:24.375, 218.77 W, 100 %
2025/12/06 22:36:24.475, 217.08 W, 100 %
2025/12/06 22:36:24.575, 217.42 W, 100 %
2025/12/06 22:36:24.675, 217.15 W, 100 %
2025/12/06 22:36:24.775, 217.24 W, 100 %
2025/12/06 22:36:24.875, 217.14 W, 100 %
2025/12/06 22:36:24.975, 216.87 W, 100 %
2025/12/06 22:36:25.075, 217.69 W, 100 %
2025/12/06 22:36:25.176, 217.96 W, 100 %
2025/12/06 22:36:25.276, 217.74 W, 100 %
2025/12/06 22:36:25.376, 217.09 W, 100 %
2025/12/06 22:36:25.476, 217.49 W, 100 %
2025/12/06 22:36:25.576, 219.28 W, 100 %
2025/12/06 22:36:25.676, 218.63 W, 100 %
2025/12/06 22:36:25.776, 219.09 W, 100 %
2025/12/06 22:36:25.876, 218.86 W, 100 %
2025/12/06 22:36:25.976, 218.75 W, 100 %
2025/12/06 22:36:26.076, 218.43 W, 100 %
2025/12/06 22:36:26.177, 218.57 W, 100 %
2025/12/06 22:36:26.277, 218.76 W, 100 %
2025/12/06 22:36:26.377, 219.23 W, 100 %
2025/12/06 22:36:26.477, 219.55 W, 100 %
2025/12/06 22:36:26.577, 219.44 W, 100 %
2025/12/06 22:36:26.677, 219.90 W, 100 %
2025/12/06 22:36:26.777, 219.64 W, 100 %
2025/12/06 22:36:26.877, 219.25 W, 100 %
2025/12/06 22:36:26.977, 219.08 W, 100 %
2025/12/06 22:36:27.077, 219.59 W, 100 %
2025/12/06 22:36:27.178, 219.84 W, 100 %
2025/12/06 22:36:27.278, 219.56 W, 100 %
2025/12/06 22:36:27.378, 219.76 W, 100 %
2025/12/06 22:36:27.478, 219.57 W, 100 %
2025/12/06 22:36:27.578, 219.26 W, 100 %
2025/12/06 22:36:27.678, 219.30 W, 100 %
2025/12/06 22:36:27.778, 218.84 W, 100 %
2025/12/06 22:36:27.878, 218.89 W, 100 %
2025/12/06 22:36:27.978, 218.69 W, 100 %
2025/12/06 22:36:28.078, 219.19 W, 100 %
2025/12/06 22:36:28.179, 218.79 W, 100 %
2025/12/06 22:36:28.279, 219.12 W, 100 %
2025/12/06 22:36:28.379, 220.29 W, 99 %
2025/12/06 22:36:28.479, 219.56 W, 99 %
2025/12/06 22:36:28.579, 219.60 W, 100 %
2025/12/06 22:36:28.679, 219.47 W, 100 %
2025/12/06 22:36:28.779, 219.50 W, 100 %
2025/12/06 22:36:28.879, 219.26 W, 100 %
2025/12/06 22:36:28.979, 219.72 W, 100 %
2025/12/06 22:36:29.079, 219.32 W, 100 %
2025/12/06 22:36:29.180, 219.59 W, 100 %
2025/12/06 22:36:29.280, 219.72 W, 100 %
2025/12/06 22:36:29.380, 218.20 W, 100 %
2025/12/06 22:36:29.480, 218.93 W, 100 %
2025/12/06 22:36:29.580, 218.84 W, 100 %
2025/12/06 22:36:29.680, 218.92 W, 100 %
2025/12/06 22:36:29.780, 218.89 W, 100 %
2025/12/06 22:36:29.880, 219.02 W, 100 %
2025/12/06 22:36:29.980, 218.63 W, 100 %
2025/12/06 22:36:30.080, 218.62 W, 100 %
2025/12/06 22:36:30.181, 219.40 W, 100 %
2025/12/06 22:36:30.281, 220.13 W, 100 %
2025/12/06 22:36:30.381, 219.74 W, 100 %
2025/12/06 22:36:30.481, 219.79 W, 100 %
2025/12/06 22:36:30.581, 219.90 W, 100 %
2025/12/06 22:36:30.681, 219.73 W, 100 %
2025/12/06 22:36:30.781, 219.55 W, 100 %
2025/12/06 22:36:30.881, 219.49 W, 100 %
2025/12/06 22:36:30.981, 219.14 W, 100 %
2025/12/06 22:36:31.081, 219.89 W, 100 %
2025/12/06 22:36:31.182, 219.69 W, 100 %
2025/12/06 22:36:31.282, 219.90 W, 100 %
2025/12/06 22:36:31.382, 219.12 W, 100 %
2025/12/06 22:36:31.482, 219.44 W, 100 %
2025/12/06 22:36:31.582, 219.33 W, 100 %
2025/12/06 22:36:31.682, 219.14 W, 100 %
2025/12/06 22:36:31.782, 219.25 W, 100 %
2025/12/06 22:36:31.882, 218.98 W, 100 %
2025/12/06 22:36:31.982, 218.85 W, 100 %
2025/12/06 22:36:32.082, 218.91 W, 100 %
2025/12/06 22:36:32.183, 219.49 W, 99 %
2025/12/06 22:36:32.283, 219.16 W, 99 %
2025/12/06 22:36:32.383, 219.07 W, 100 %
2025/12/06 22:36:32.483, 219.11 W, 100 %
2025/12/06 22:36:32.583, 218.72 W, 100 %
2025/12/06 22:36:32.683, 218.93 W, 100 %
2025/12/06 22:36:32.783, 218.98 W, 100 %
2025/12/06 22:36:32.883, 218.98 W, 100 %
2025/12/06 22:36:32.983, 218.97 W, 100 %
2025/12/06 22:36:33.083, 219.22 W, 100 %
2025/12/06 22:36:33.184, 219.35 W, 100 %
2025/12/06 22:36:33.284, 218.86 W, 100 %
2025/12/06 22:36:33.384, 219.44 W, 100 %
2025/12/06 22:36:33.484, 219.45 W, 100 %
2025/12/06 22:36:33.584, 219.34 W, 100 %
2025/12/06 22:36:33.684, 219.27 W, 100 %
2025/12/06 22:36:33.784, 219.45 W, 100 %
2025/12/06 22:36:33.884, 219.42 W, 100 %
2025/12/06 22:36:33.984, 219.71 W, 100 %
2025/12/06 22:36:34.084, 219.88 W, 100 %
2025/12/06 22:36:34.185, 219.90 W, 100 %
2025/12/06 22:36:34.285, 219.23 W, 100 %
2025/12/06 22:36:34.385, 218.86 W, 100 %
2025/12/06 22:36:34.485, 219.17 W, 100 %
2025/12/06 22:36:34.585, 219.05 W, 100 %
2025/12/06 22:36:34.685, 219.27 W, 100 %
2025/12/06 22:36:34.785, 219.75 W, 100 %
2025/12/06 22:36:34.885, 219.31 W, 100 %
2025/12/06 22:36:34.985, 219.15 W, 100 %
2025/12/06 22:36:35.085, 218.84 W, 100 %
2025/12/06 22:36:35.186, 219.23 W, 100 %
2025/12/06 22:36:35.286, 219.67 W, 100 %
2025/12/06 22:36:35.386, 219.85 W, 100 %
2025/12/06 22:36:35.486, 219.25 W, 100 %
2025/12/06 22:36:35.586, 219.16 W, 100 %
2025/12/06 22:36:35.686, 219.31 W, 100 %
2025/12/06 22:36:35.786, 218.93 W, 100 %
2025/12/06 22:36:35.886, 219.15 W, 100 %
2025/12/06 22:36:35.986, 217.40 W, 99 %
2025/12/06 22:36:36.086, 217.72 W, 99 %
2025/12/06 22:36:36.187, 217.50 W, 100 %
2025/12/06 22:36:36.287, 217.60 W, 100 %
2025/12/06 22:36:36.387, 217.49 W, 100 %
2025/12/06 22:36:36.487, 216.92 W, 100 %
2025/12/06 22:36:36.587, 217.65 W, 100 %
2025/12/06 22:36:36.687, 217.46 W, 100 %
2025/12/06 22:36:36.787, 217.80 W, 100 %
2025/12/06 22:36:36.887, 218.23 W, 100 %
2025/12/06 22:36:36.987, 217.96 W, 100 %
2025/12/06 22:36:37.087, 220.10 W, 100 %
2025/12/06 22:36:37.188, 219.69 W, 100 %
2025/12/06 22:36:37.288, 219.74 W, 100 %
2025/12/06 22:36:37.388, 219.62 W, 100 %
2025/12/06 22:36:37.488, 219.94 W, 100 %
2025/12/06 22:36:37.588, 219.59 W, 100 %
2025/12/06 22:36:37.688, 219.45 W, 100 %
2025/12/06 22:36:37.788, 219.54 W, 100 %
2025/12/06 22:36:37.888, 219.04 W, 100 %
2025/12/06 22:36:37.988, 219.52 W, 99 %
2025/12/06 22:36:38.088, 219.10 W, 99 %
2025/12/06 22:36:38.189, 219.17 W, 100 %
2025/12/06 22:36:38.289, 219.30 W, 100 %
2025/12/06 22:36:38.389, 219.18 W, 100 %
2025/12/06 22:36:38.489, 219.25 W, 100 %
2025/12/06 22:36:38.589, 219.15 W, 100 %
2025/12/06 22:36:38.689, 219.58 W, 100 %
2025/12/06 22:36:38.789, 219.60 W, 100 %
2025/12/06 22:36:38.889, 219.56 W, 100 %
2025/12/06 22:36:38.989, 219.09 W, 100 %
2025/12/06 22:36:39.089, 219.18 W, 100 %
2025/12/06 22:36:39.190, 218.91 W, 100 %
2025/12/06 22:36:39.290, 218.81 W, 100 %
2025/12/06 22:36:39.390, 218.90 W, 100 %
2025/12/06 22:36:39.490, 218.80 W, 100 %
2025/12/06 22:36:39.590, 218.95 W, 100 %
2025/12/06 22:36:39.690, 218.79 W, 100 %
2025/12/06 22:36:39.790, 219.13 W, 100 %
2025/12/06 22:36:39.890, 220.05 W, 100 %
2025/12/06 22:36:39.990, 219.49 W, 100 %
2025/12/06 22:36:40.090, 219.73 W, 100 %
2025/12/06 22:36:40.191, 219.69 W, 100 %
2025/12/06 22:36:40.291, 220.21 W, 100 %
2025/12/06 22:36:40.391, 219.77 W, 100 %
2025/12/06 22:36:40.491, 220.03 W, 100 %
2025/12/06 22:36:40.591, 220.08 W, 100 %
2025/12/06 22:36:40.691, 220.54 W, 100 %
2025/12/06 22:36:40.791, 220.34 W, 100 %
2025/12/06 22:36:40.891, 219.05 W, 100 %
2025/12/06 22:36:40.991, 219.73 W, 100 %
2025/12/06 22:36:41.091, 219.36 W, 100 %
2025/12/06 22:36:41.192, 219.64 W, 100 %
2025/12/06 22:36:41.292, 219.68 W, 100 %
2025/12/06 22:36:41.392, 219.73 W, 100 %
2025/12/06 22:36:41.492, 219.80 W, 100 %
2025/12/06 22:36:41.592, 219.48 W, 100 %
2025/12/06 22:36:41.692, 219.39 W, 100 %
2025/12/06 22:36:41.792, 220.27 W, 99 %
2025/12/06 22:36:41.892, 220.43 W, 99 %
2025/12/06 22:36:41.992, 220.26 W, 100 %
2025/12/06 22:36:42.092, 220.46 W, 100 %
2025/12/06 22:36:42.193, 219.86 W, 100 %
2025/12/06 22:36:42.293, 220.09 W, 100 %
2025/12/06 22:36:42.393, 219.85 W, 100 %
2025/12/06 22:36:42.493, 220.14 W, 100 %
2025/12/06 22:36:42.593, 219.72 W, 100 %
2025/12/06 22:36:42.693, 219.93 W, 100 %
2025/12/06 22:36:42.793, 219.96 W, 100 %
2025/12/06 22:36:42.893, 219.07 W, 100 %
2025/12/06 22:36:42.993, 219.09 W, 100 %
2025/12/06 22:36:43.093, 219.49 W, 100 %
2025/12/06 22:36:43.194, 219.52 W, 100 %
2025/12/06 22:36:43.294, 219.83 W, 100 %
2025/12/06 22:36:43.394, 219.60 W, 100 %
2025/12/06 22:36:43.494, 219.85 W, 100 %
2025/12/06 22:36:43.594, 219.74 W, 100 %
2025/12/06 22:36:43.694, 220.39 W, 100 %
2025/12/06 22:36:43.794, 219.99 W, 100 %
2025/12/06 22:36:43.894, 219.93 W, 100 %
2025/12/06 22:36:43.994, 220.11 W, 100 %
2025/12/06 22:36:44.094, 219.90 W, 100 %
2025/12/06 22:36:44.195, 219.73 W, 100 %
2025/12/06 22:36:44.295, 219.46 W, 100 %
2025/12/06 22:36:44.395, 219.30 W, 100 %
2025/12/06 22:36:44.495, 219.18 W, 100 %
2025/12/06 22:36:44.595, 218.88 W, 100 %
2025/12/06 22:36:44.695, 219.13 W, 100 %
2025/12/06 22:36:44.795, 218.66 W, 100 %
2025/12/06 22:36:44.895, 218.83 W, 100 %
2025/12/06 22:36:44.995, 218.84 W, 100 %
2025/12/06 22:36:45.095, 218.70 W, 100 %
2025/12/06 22:36:45.196, 218.68 W, 100 %
2025/12/06 22:36:45.296, 218.72 W, 100 %
2025/12/06 22:36:45.396, 218.91 W, 100 %
2025/12/06 22:36:45.496, 218.70 W, 100 %
2025/12/06 22:36:45.596, 218.27 W, 99 %
2025/12/06 22:36:45.696, 218.45 W, 99 %
2025/12/06 22:36:45.796, 218.41 W, 100 %
2025/12/06 22:36:45.896, 218.81 W, 100 %
2025/12/06 22:36:45.996, 218.58 W, 100 %
2025/12/06 22:36:46.096, 218.92 W, 100 %
2025/12/06 22:36:46.197, 218.69 W, 100 %
2025/12/06 22:36:46.297, 218.89 W, 100 %
2025/12/06 22:36:46.397, 218.64 W, 100 %
2025/12/06 22:36:46.497, 218.41 W, 100 %
2025/12/06 22:36:46.597, 218.70 W, 100 %
2025/12/06 22:36:46.697, 219.68 W, 100 %
2025/12/06 22:36:46.797, 219.45 W, 100 %
2025/12/06 22:36:46.897, 219.15 W, 100 %
2025/12/06 22:36:46.997, 219.51 W, 100 %
2025/12/06 22:36:47.097, 219.24 W, 100 %
2025/12/06 22:36:47.198, 219.38 W, 100 %
2025/12/06 22:36:47.298, 219.15 W, 100 %
2025/12/06 22:36:47.398, 219.19 W, 100 %
2025/12/06 22:36:47.498, 217.06 W, 100 %
2025/12/06 22:36:47.598, 217.76 W, 100 %
2025/12/06 22:36:47.698, 217.65 W, 100 %
2025/12/06 22:36:47.798, 217.17 W, 100 %
2025/12/06 22:36:47.898, 217.41 W, 100 %
2025/12/06 22:36:47.998, 216.96 W, 100 %
2025/12/06 22:36:48.098, 217.01 W, 100 %
2025/12/06 22:36:48.199, 216.94 W, 100 %
2025/12/06 22:36:48.299, 217.04 W, 100 %
2025/12/06 22:36:48.399, 217.12 W, 100 %
2025/12/06 22:36:48.499, 216.67 W, 100 %
2025/12/06 22:36:48.599, 218.62 W, 100 %
2025/12/06 22:36:48.699, 218.74 W, 100 %
2025/12/06 22:36:48.799, 219.10 W, 100 %
2025/12/06 22:36:48.899, 219.20 W, 100 %
2025/12/06 22:36:48.999, 219.27 W, 100 %
2025/12/06 22:36:49.099, 219.30 W, 100 %
2025/12/06 22:36:49.200, 219.34 W, 100 %
2025/12/06 22:36:49.300, 219.37 W, 100 %
2025/12/06 22:36:49.400, 219.34 W, 100 %
2025/12/06 22:36:49.500, 219.39 W, 100 %
2025/12/06 22:36:49.600, 219.48 W, 100 %
2025/12/06 22:36:49.700, 219.36 W, 100 %
2025/12/06 22:36:49.800, 219.13 W, 100 %
2025/12/06 22:36:49.900, 218.60 W, 100 %
2025/12/06 22:36:50.000, 219.06 W, 100 %
2025/12/06 22:36:50.100, 219.23 W, 100 %
2025/12/06 22:36:50.201, 219.30 W, 100 %
2025/12/06 22:36:50.301, 219.60 W, 100 %
2025/12/06 22:36:50.401, 219.39 W, 100 %
2025/12/06 22:36:50.501, 219.84 W, 100 %
2025/12/06 22:36:50.601, 219.61 W, 100 %
2025/12/06 22:36:50.701, 219.87 W, 100 %
2025/12/06 22:36:50.801, 219.40 W, 100 %
2025/12/06 22:36:50.901, 219.43 W, 100 %
2025/12/06 22:36:51.001, 219.77 W, 100 %
2025/12/06 22:36:51.101, 219.68 W, 100 %
2025/12/06 22:36:51.202, 219.39 W, 100 %
2025/12/06 22:36:51.302, 218.84 W, 100 %
2025/12/06 22:36:51.402, 219.56 W, 99 %
2025/12/06 22:36:51.502, 219.29 W, 99 %
2025/12/06 22:36:51.602, 219.19 W, 100 %
2025/12/06 22:36:51.702, 219.08 W, 100 %
2025/12/06 22:36:51.802, 219.09 W, 100 %
2025/12/06 22:36:51.902, 219.89 W, 100 %
2025/12/06 22:36:52.002, 219.79 W, 100 %
2025/12/06 22:36:52.102, 219.73 W, 100 %
2025/12/06 22:36:52.203, 219.58 W, 100 %
2025/12/06 22:36:52.303, 219.62 W, 100 %
2025/12/06 22:36:52.403, 218.99 W, 100 %
2025/12/06 22:36:52.503, 219.19 W, 100 %
2025/12/06 22:36:52.603, 219.15 W, 100 %
2025/12/06 22:36:52.703, 218.96 W, 100 %
2025/12/06 22:36:52.803, 218.94 W, 100 %
2025/12/06 22:36:52.903, 218.50 W, 100 %
2025/12/06 22:36:53.003, 218.89 W, 100 %
2025/12/06 22:36:53.103, 218.91 W, 100 %
2025/12/06 22:36:53.204, 218.93 W, 100 %
2025/12/06 22:36:53.304, 220.08 W, 100 %
2025/12/06 22:36:53.404, 219.98 W, 100 %
2025/12/06 22:36:53.504, 220.13 W, 100 %
2025/12/06 22:36:53.604, 219.90 W, 100 %
2025/12/06 22:36:53.704, 219.66 W, 100 %
2025/12/06 22:36:53.804, 219.72 W, 100 %
2025/12/06 22:36:53.904, 220.62 W, 100 %
2025/12/06 22:36:54.004, 220.12 W, 100 %
2025/12/06 22:36:54.104, 220.21 W, 100 %
2025/12/06 22:36:54.205, 220.10 W, 100 %
2025/12/06 22:36:54.305, 219.08 W, 100 %
2025/12/06 22:36:54.405, 219.49 W, 100 %
2025/12/06 22:36:54.505, 219.21 W, 100 %
2025/12/06 22:36:54.605, 219.38 W, 100 %
2025/12/06 22:36:54.705, 219.73 W, 100 %
2025/12/06 22:36:54.805, 219.87 W, 100 %
2025/12/06 22:36:54.905, 220.12 W, 100 %
2025/12/06 22:36:55.006, 219.29 W, 100 %
2025/12/06 22:36:55.106, 218.94 W, 100 %
2025/12/06 22:36:55.206, 220.13 W, 99 %
2025/12/06 22:36:55.306, 221.09 W, 99 %
2025/12/06 22:36:55.406, 220.43 W, 100 %
2025/12/06 22:36:55.506, 220.01 W, 100 %
2025/12/06 22:36:55.606, 220.24 W, 100 %
2025/12/06 22:36:55.706, 220.08 W, 100 %
2025/12/06 22:36:55.806, 220.42 W, 100 %
2025/12/06 22:36:55.906, 220.10 W, 100 %
2025/12/06 22:36:56.007, 219.79 W, 100 %
2025/12/06 22:36:56.107, 220.96 W, 100 %
2025/12/06 22:36:56.207, 220.83 W, 100 %
2025/12/06 22:36:56.307, 219.97 W, 100 %
2025/12/06 22:36:56.407, 218.69 W, 100 %
2025/12/06 22:36:56.507, 219.23 W, 100 %
2025/12/06 22:36:56.607, 219.24 W, 100 %
2025/12/06 22:36:56.707, 218.89 W, 100 %
2025/12/06 22:36:56.807, 218.52 W, 100 %
2025/12/06 22:36:56.907, 218.75 W, 100 %
2025/12/06 22:36:57.008, 218.93 W, 100 %
2025/12/06 22:36:57.108, 218.11 W, 100 %
2025/12/06 22:36:57.208, 217.74 W, 100 %
2025/12/06 22:36:57.308, 217.51 W, 100 %
2025/12/06 22:36:57.408, 217.50 W, 100 %
2025/12/06 22:36:57.508, 217.93 W, 100 %
2025/12/06 22:36:57.608, 217.70 W, 100 %
2025/12/06 22:36:57.708, 217.94 W, 100 %
2025/12/06 22:36:57.808, 218.02 W, 100 %
2025/12/06 22:36:57.908, 218.50 W, 100 %
2025/12/06 22:36:58.009, 218.30 W, 100 %
2025/12/06 22:36:58.109, 218.84 W, 100 %
2025/12/06 22:36:58.209, 219.57 W, 100 %
2025/12/06 22:36:58.309, 219.68 W, 100 %
2025/12/06 22:36:58.409, 219.66 W, 100 %
2025/12/06 22:36:58.509, 219.68 W, 100 %
2025/12/06 22:36:58.609, 219.44 W, 100 %
2025/12/06 22:36:58.709, 219.77 W, 100 %
2025/12/06 22:36:58.809, 220.11 W, 100 %
2025/12/06 22:36:58.909, 219.76 W, 100 %
2025/12/06 22:36:59.010, 218.11 W, 99 %
2025/12/06 22:36:59.110, 218.58 W, 99 %
2025/12/06 22:36:59.210, 218.07 W, 100 %
2025/12/06 22:36:59.310, 217.86 W, 100 %
2025/12/06 22:36:59.410, 217.92 W, 100 %
2025/12/06 22:36:59.510, 217.88 W, 100 %
2025/12/06 22:36:59.610, 217.54 W, 100 %
2025/12/06 22:36:59.710, 217.77 W, 100 %
2025/12/06 22:36:59.810, 217.12 W, 100 %
2025/12/06 22:36:59.910, 217.24 W, 100 %
2025/12/06 22:37:00.011, 217.43 W, 100 %
2025/12/06 22:37:00.111, 218.44 W, 100 %
2025/12/06 22:37:00.211, 218.82 W, 100 %
2025/12/06 22:37:00.311, 218.77 W, 100 %
2025/12/06 22:37:00.411, 218.99 W, 100 %
2025/12/06 22:37:00.511, 218.82 W, 100 %
2025/12/06 22:37:00.611, 219.18 W, 100 %
2025/12/06 22:37:00.711, 219.23 W, 100 %
2025/12/06 22:37:00.811, 219.27 W, 100 %
2025/12/06 22:37:00.911, 219.49 W, 100 %
2025/12/06 22:37:01.012, 220.23 W, 99 %
2025/12/06 22:37:01.112, 220.27 W, 99 %
2025/12/06 22:37:01.212, 219.92 W, 100 %
2025/12/06 22:37:01.312, 220.24 W, 100 %
2025/12/06 22:37:01.412, 219.92 W, 100 %
2025/12/06 22:37:01.512, 219.74 W, 100 %
2025/12/06 22:37:01.612, 220.44 W, 100 %
2025/12/06 22:37:01.712, 220.37 W, 100 %
2025/12/06 22:37:01.812, 220.31 W, 100 %
2025/12/06 22:37:01.912, 220.15 W, 100 %
2025/12/06 22:37:02.013, 220.00 W, 100 %
2025/12/06 22:37:02.113, 219.44 W, 100 %
2025/12/06 22:37:02.213, 219.36 W, 100 %
2025/12/06 22:37:02.313, 219.59 W, 100 %
2025/12/06 22:37:02.413, 218.84 W, 100 %
2025/12/06 22:37:02.513, 218.48 W, 100 %
2025/12/06 22:37:02.613, 218.48 W, 100 %
2025/12/06 22:37:02.713, 218.88 W, 100 %
2025/12/06 22:37:02.813, 218.78 W, 100 %
2025/12/06 22:37:02.913, 219.97 W, 100 %
2025/12/06 22:37:03.014, 219.83 W, 100 %
2025/12/06 22:37:03.114, 219.90 W, 100 %
2025/12/06 22:37:03.214, 219.93 W, 100 %
2025/12/06 22:37:03.314, 219.35 W, 100 %
2025/12/06 22:37:03.414, 219.97 W, 100 %
2025/12/06 22:37:03.514, 220.77 W, 100 %
2025/12/06 22:37:03.614, 220.22 W, 100 %
2025/12/06 22:37:03.714, 220.05 W, 100 %
2025/12/06 22:37:03.814, 220.66 W, 100 %
2025/12/06 22:37:03.914, 219.55 W, 100 %
2025/12/06 22:37:04.015, 219.89 W, 100 %
2025/12/06 22:37:04.115, 219.67 W, 100 %
2025/12/06 22:37:04.215, 219.87 W, 100 %
2025/12/06 22:37:04.315, 219.41 W, 100 %
2025/12/06 22:37:04.415, 219.41 W, 100 %
2025/12/06 22:37:04.515, 220.18 W, 100 %
2025/12/06 22:37:04.615, 219.85 W, 100 %
2025/12/06 22:37:04.715, 220.65 W, 100 %
2025/12/06 22:37:04.815, 220.63 W, 100 %
2025/12/06 22:37:04.915, 220.39 W, 100 %
2025/12/06 22:37:05.016, 220.22 W, 100 %
2025/12/06 22:37:05.116, 220.06 W, 100 %
2025/12/06 22:37:05.216, 220.10 W, 100 %
2025/12/06 22:37:05.316, 220.02 W, 100 %
2025/12/06 22:37:05.416, 220.35 W, 100 %
2025/12/06 22:37:05.516, 219.93 W, 100 %
2025/12/06 22:37:05.616, 220.01 W, 100 %
2025/12/06 22:37:05.716, 220.19 W, 100 %
2025/12/06 22:37:05.816, 219.37 W, 100 %
2025/12/06 22:37:05.916, 219.31 W, 100 %
2025/12/06 22:37:06.017, 219.14 W, 100 %
2025/12/06 22:37:06.117, 219.21 W, 100 %
2025/12/06 22:37:06.217, 218.87 W, 100 %
2025/12/06 22:37:06.317, 218.75 W, 100 %
2025/12/06 22:37:06.417, 218.82 W, 100 %
2025/12/06 22:37:06.517, 218.86 W, 100 %
2025/12/06 22:37:06.617, 220.23 W, 99 %
2025/12/06 22:37:06.717, 220.18 W, 99 %
2025/12/06 22:37:06.817, 220.47 W, 100 %
2025/12/06 22:37:06.917, 220.31 W, 100 %
2025/12/06 22:37:07.018, 220.58 W, 100 %
2025/12/06 22:37:07.118, 220.45 W, 100 %
2025/12/06 22:37:07.218, 220.16 W, 100 %
2025/12/06 22:37:07.318, 220.22 W, 100 %
2025/12/06 22:37:07.418, 221.40 W, 100 %
2025/12/06 22:37:07.518, 220.65 W, 100 %
2025/12/06 22:37:07.618, 220.44 W, 100 %
2025/12/06 22:37:07.718, 219.34 W, 100 %
2025/12/06 22:37:07.818, 219.43 W, 100 %
2025/12/06 22:37:07.918, 219.44 W, 100 %
2025/12/06 22:37:08.019, 219.14 W, 100 %
2025/12/06 22:37:08.119, 219.46 W, 100 %
2025/12/06 22:37:08.219, 219.57 W, 100 %
2025/12/06 22:37:08.319, 219.06 W, 100 %
2025/12/06 22:37:08.419, 220.05 W, 100 %
2025/12/06 22:37:08.519, 218.59 W, 100 %
2025/12/06 22:37:08.619, 218.36 W, 100 %
2025/12/06 22:37:08.719, 218.59 W, 100 %
2025/12/06 22:37:08.819, 217.60 W, 100 %
2025/12/06 22:37:08.919, 217.99 W, 100 %
2025/12/06 22:37:09.020, 217.51 W, 100 %
2025/12/06 22:37:09.120, 217.46 W, 100 %
2025/12/06 22:37:09.220, 217.51 W, 100 %
2025/12/06 22:37:09.320, 217.98 W, 100 %
2025/12/06 22:37:09.420, 217.92 W, 100 %
2025/12/06 22:37:09.520, 217.94 W, 100 %
2025/12/06 22:37:09.620, 219.32 W, 100 %
2025/12/06 22:37:09.720, 218.86 W, 100 %
2025/12/06 22:37:09.820, 219.35 W, 100 %
2025/12/06 22:37:09.920, 219.02 W, 100 %
2025/12/06 22:37:10.021, 219.37 W, 100 %
2025/12/06 22:37:10.121, 219.02 W, 100 %
2025/12/06 22:37:10.221, 219.43 W, 100 %
2025/12/06 22:37:10.321, 219.12 W, 100 %
2025/12/06 22:37:10.421, 216.87 W, 99 %
2025/12/06 22:37:10.521, 217.05 W, 99 %
2025/12/06 22:37:10.621, 217.03 W, 100 %
2025/12/06 22:37:10.721, 216.54 W, 100 %
2025/12/06 22:37:10.821, 216.91 W, 100 %
2025/12/06 22:37:10.921, 216.83 W, 100 %
2025/12/06 22:37:11.022, 216.54 W, 100 %
2025/12/06 22:37:11.122, 216.74 W, 100 %
2025/12/06 22:37:11.222, 216.49 W, 100 %
2025/12/06 22:37:11.322, 216.66 W, 100 %
2025/12/06 22:37:11.422, 217.10 W, 100 %
2025/12/06 22:37:11.522, 219.10 W, 100 %
2025/12/06 22:37:11.622, 219.07 W, 100 %
2025/12/06 22:37:11.722, 219.07 W, 100 %
2025/12/06 22:37:11.822, 219.18 W, 100 %
2025/12/06 22:37:11.923, 219.05 W, 100 %
2025/12/06 22:37:12.023, 218.69 W, 100 %
2025/12/06 22:37:12.123, 218.79 W, 100 %
2025/12/06 22:37:12.223, 218.70 W, 100 %
2025/12/06 22:37:12.323, 218.78 W, 100 %
2025/12/06 22:37:12.423, 219.48 W, 99 %
2025/12/06 22:37:12.523, 219.38 W, 99 %
2025/12/06 22:37:12.623, 218.59 W, 100 %
2025/12/06 22:37:12.723, 218.89 W, 100 %
2025/12/06 22:37:12.823, 219.13 W, 100 %
2025/12/06 22:37:12.924, 218.39 W, 100 %
2025/12/06 22:37:13.024, 219.12 W, 100 %
2025/12/06 22:37:13.124, 218.88 W, 100 %
2025/12/06 22:37:13.224, 218.75 W, 100 %
2025/12/06 22:37:13.324, 219.24 W, 100 %
2025/12/06 22:37:13.424, 218.79 W, 100 %
2025/12/06 22:37:13.524, 218.19 W, 100 %
2025/12/06 22:37:13.624, 218.20 W, 100 %
2025/12/06 22:37:13.724, 219.35 W, 100 %
2025/12/06 22:37:13.824, 219.11 W, 100 %
2025/12/06 22:37:13.925, 218.96 W, 100 %
2025/12/06 22:37:14.025, 219.09 W, 100 %
2025/12/06 22:37:14.125, 218.89 W, 100 %
2025/12/06 22:37:14.225, 219.33 W, 100 %
2025/12/06 22:37:14.325, 220.21 W, 100 %
2025/12/06 22:37:14.425, 219.49 W, 100 %
2025/12/06 22:37:14.525, 218.55 W, 100 %
2025/12/06 22:37:14.625, 218.68 W, 100 %
2025/12/06 22:37:14.725, 219.24 W, 100 %
2025/12/06 22:37:14.825, 218.82 W, 100 %
2025/12/06 22:37:14.926, 218.62 W, 100 %
2025/12/06 22:37:15.026, 218.79 W, 100 %
2025/12/06 22:37:15.126, 219.35 W, 100 %
2025/12/06 22:37:15.226, 219.36 W, 100 %
2025/12/06 22:37:15.326, 218.40 W, 100 %
2025/12/06 22:37:15.426, 218.96 W, 100 %
2025/12/06 22:37:15.526, 218.79 W, 100 %
2025/12/06 22:37:15.626, 219.64 W, 100 %
2025/12/06 22:37:15.726, 219.19 W, 100 %
2025/12/06 22:37:15.826, 219.49 W, 100 %
2025/12/06 22:37:15.927, 219.48 W, 100 %
2025/12/06 22:37:16.027, 219.57 W, 100 %
2025/12/06 22:37:16.127, 219.24 W, 100 %
2025/12/06 22:37:16.227, 220.12 W, 99 %
2025/12/06 22:37:16.327, 220.15 W, 99 %
2025/12/06 22:37:16.427, 219.91 W, 100 %
2025/12/06 22:37:16.527, 219.97 W, 100 %
2025/12/06 22:37:16.627, 220.19 W, 100 %
2025/12/06 22:37:16.727, 220.13 W, 100 %
2025/12/06 22:37:16.827, 219.85 W, 100 %
2025/12/06 22:37:16.928, 220.30 W, 100 %
2025/12/06 22:37:17.028, 220.23 W, 100 %
2025/12/06 22:37:17.128, 219.88 W, 100 %
2025/12/06 22:37:17.228, 220.33 W, 100 %
2025/12/06 22:37:17.328, 219.33 W, 100 %
2025/12/06 22:37:17.428, 219.49 W, 100 %
2025/12/06 22:37:17.528, 219.34 W, 100 %
2025/12/06 22:37:17.628, 219.59 W, 100 %
2025/12/06 22:37:17.728, 219.41 W, 100 %
2025/12/06 22:37:17.828, 219.62 W, 100 %
2025/12/06 22:37:17.929, 219.59 W, 100 %
2025/12/06 22:37:18.029, 218.84 W, 100 %
2025/12/06 22:37:18.129, 220.25 W, 100 %
2025/12/06 22:37:18.229, 219.87 W, 100 %
2025/12/06 22:37:18.329, 220.28 W, 100 %
2025/12/06 22:37:18.429, 220.10 W, 100 %
2025/12/06 22:37:18.529, 220.19 W, 100 %
2025/12/06 22:37:18.629, 220.09 W, 100 %
2025/12/06 22:37:18.729, 220.16 W, 100 %
2025/12/06 22:37:18.829, 220.44 W, 100 %
2025/12/06 22:37:18.930, 220.23 W, 100 %
2025/12/06 22:37:19.030, 220.27 W, 100 %
2025/12/06 22:37:19.130, 220.18 W, 100 %
2025/12/06 22:37:19.230, 219.38 W, 100 %
2025/12/06 22:37:19.330, 219.64 W, 100 %
2025/12/06 22:37:19.430, 219.35 W, 100 %
2025/12/06 22:37:19.530, 219.37 W, 100 %
2025/12/06 22:37:19.630, 219.32 W, 100 %
2025/12/06 22:37:19.730, 219.41 W, 100 %
2025/12/06 22:37:19.830, 218.88 W, 100 %
2025/12/06 22:37:19.931, 219.26 W, 100 %
2025/12/06 22:37:20.031, 218.60 W, 99 %
2025/12/06 22:37:20.131, 218.99 W, 99 %
2025/12/06 22:37:20.231, 218.83 W, 100 %
2025/12/06 22:37:20.331, 218.71 W, 100 %
2025/12/06 22:37:20.431, 218.77 W, 100 %
2025/12/06 22:37:20.531, 218.79 W, 100 %
2025/12/06 22:37:20.631, 218.76 W, 100 %
2025/12/06 22:37:20.731, 218.82 W, 100 %
2025/12/06 22:37:20.831, 218.85 W, 100 %
2025/12/06 22:37:20.932, 218.60 W, 100 %
2025/12/06 22:37:21.032, 218.98 W, 100 %
2025/12/06 22:37:21.132, 219.90 W, 100 %
2025/12/06 22:37:21.232, 220.37 W, 100 %
2025/12/06 22:37:21.332, 220.14 W, 100 %
2025/12/06 22:37:21.432, 220.04 W, 100 %
2025/12/06 22:37:21.532, 220.18 W, 100 %
2025/12/06 22:37:21.632, 220.00 W, 100 %
2025/12/06 22:37:21.732, 220.05 W, 100 %
2025/12/06 22:37:21.832, 220.07 W, 100 %
2025/12/06 22:37:21.933, 218.35 W, 100 %
2025/12/06 22:37:22.033, 218.05 W, 99 %
2025/12/06 22:37:22.133, 217.67 W, 99 %
2025/12/06 22:37:22.233, 218.02 W, 100 %
2025/12/06 22:37:22.333, 217.28 W, 100 %
2025/12/06 22:37:22.433, 217.57 W, 100 %
2025/12/06 22:37:22.533, 217.61 W, 100 %
2025/12/06 22:37:22.633, 217.54 W, 100 %
2025/12/06 22:37:22.733, 217.82 W, 100 %
2025/12/06 22:37:22.833, 217.68 W, 100 %
2025/12/06 22:37:22.934, 217.77 W, 100 %
2025/12/06 22:37:23.034, 219.29 W, 100 %
2025/12/06 22:37:23.134, 219.65 W, 100 %
2025/12/06 22:37:23.234, 219.48 W, 100 %
2025/12/06 22:37:23.334, 218.83 W, 100 %
2025/12/06 22:37:23.434, 219.19 W, 100 %
2025/12/06 22:37:23.534, 218.86 W, 100 %
2025/12/06 22:37:23.634, 219.37 W, 100 %
2025/12/06 22:37:23.734, 219.14 W, 100 %
2025/12/06 22:37:23.834, 219.46 W, 100 %
2025/12/06 22:37:23.935, 219.63 W, 100 %
2025/12/06 22:37:24.035, 219.74 W, 100 %
2025/12/06 22:37:24.135, 219.26 W, 100 %
2025/12/06 22:37:24.235, 219.36 W, 100 %
2025/12/06 22:37:24.335, 219.74 W, 100 %
2025/12/06 22:37:24.435, 219.69 W, 100 %
2025/12/06 22:37:24.535, 219.98 W, 100 %
2025/12/06 22:37:24.635, 219.82 W, 100 %
2025/12/06 22:37:24.735, 219.63 W, 100 %
2025/12/06 22:37:24.835, 219.42 W, 100 %
2025/12/06 22:37:24.936, 219.48 W, 100 %
2025/12/06 22:37:25.036, 219.11 W, 100 %
2025/12/06 22:37:25.136, 219.30 W, 100 %
2025/12/06 22:37:25.236, 219.11 W, 100 %
2025/12/06 22:37:25.336, 218.71 W, 100 %
2025/12/06 22:37:25.436, 218.68 W, 100 %
2025/12/06 22:37:25.536, 219.00 W, 100 %
2025/12/06 22:37:25.636, 218.71 W, 100 %
2025/12/06 22:37:25.736, 218.75 W, 100 %
2025/12/06 22:37:25.836, 219.31 W, 99 %
2025/12/06 22:37:25.937, 219.13 W, 99 %
2025/12/06 22:37:26.037, 219.26 W, 100 %
2025/12/06 22:37:26.137, 219.34 W, 100 %
2025/12/06 22:37:26.237, 219.01 W, 100 %
2025/12/06 22:37:26.337, 219.18 W, 100 %
2025/12/06 22:37:26.437, 219.17 W, 100 %
2025/12/06 22:37:26.537, 219.15 W, 100 %
2025/12/06 22:37:26.637, 219.20 W, 100 %
2025/12/06 22:37:26.737, 219.26 W, 100 %
2025/12/06 22:37:26.837, 218.86 W, 100 %
2025/12/06 22:37:26.938, 219.10 W, 100 %
2025/12/06 22:37:27.038, 218.88 W, 100 %
2025/12/06 22:37:27.138, 219.18 W, 100 %
2025/12/06 22:37:27.238, 219.23 W, 100 %
2025/12/06 22:37:27.338, 219.51 W, 100 %
2025/12/06 22:37:27.438, 219.43 W, 100 %
2025/12/06 22:37:27.538, 219.47 W, 100 %
2025/12/06 22:37:27.638, 219.51 W, 100 %
2025/12/06 22:37:27.738, 220.76 W, 100 %
2025/12/06 22:37:27.838, 220.08 W, 100 %
2025/12/06 22:37:27.939, 220.15 W, 100 %
2025/12/06 22:37:28.039, 219.89 W, 100 %
2025/12/06 22:37:28.139, 219.90 W, 100 %
2025/12/06 22:37:28.239, 219.77 W, 100 %
2025/12/06 22:37:28.339, 219.73 W, 100 %
2025/12/06 22:37:28.439, 219.34 W, 100 %
2025/12/06 22:37:28.539, 219.93 W, 100 %
2025/12/06 22:37:28.639, 219.87 W, 100 %
2025/12/06 22:37:28.739, 219.65 W, 100 %
2025/12/06 22:37:28.839, 219.20 W, 100 %
2025/12/06 22:37:28.940, 219.35 W, 100 %
2025/12/06 22:37:29.040, 219.12 W, 100 %
2025/12/06 22:37:29.140, 219.20 W, 100 %
2025/12/06 22:37:29.240, 219.28 W, 100 %
2025/12/06 22:37:29.340, 219.24 W, 100 %
2025/12/06 22:37:29.440, 219.27 W, 100 %
2025/12/06 22:37:29.540, 219.57 W, 100 %
2025/12/06 22:37:29.640, 220.00 W, 99 %
2025/12/06 22:37:29.740, 220.03 W, 99 %
2025/12/06 22:37:29.840, 219.87 W, 100 %
2025/12/06 22:37:29.941, 219.87 W, 100 %
2025/12/06 22:37:30.041, 219.46 W, 100 %
2025/12/06 22:37:30.141, 219.59 W, 100 %
2025/12/06 22:37:30.241, 219.80 W, 100 %
2025/12/06 22:37:30.341, 219.98 W, 100 %
2025/12/06 22:37:30.441, 219.72 W, 100 %
2025/12/06 22:37:30.541, 219.56 W, 100 %
2025/12/06 22:37:30.641, 219.22 W, 100 %
2025/12/06 22:37:30.741, 219.10 W, 100 %
2025/12/06 22:37:30.841, 219.50 W, 100 %
2025/12/06 22:37:30.942, 219.55 W, 100 %
2025/12/06 22:37:31.042, 219.66 W, 100 %
2025/12/06 22:37:31.142, 219.69 W, 100 %
2025/12/06 22:37:31.242, 219.76 W, 100 %
2025/12/06 22:37:31.342, 219.80 W, 100 %
2025/12/06 22:37:31.442, 219.24 W, 100 %
2025/12/06 22:37:31.542, 217.26 W, 100 %
2025/12/06 22:37:31.642, 218.30 W, 100 %
2025/12/06 22:37:31.742, 218.30 W, 100 %
2025/12/06 22:37:31.843, 217.42 W, 100 %
2025/12/06 22:37:31.943, 217.53 W, 100 %
2025/12/06 22:37:32.043, 217.67 W, 100 %
2025/12/06 22:37:32.143, 217.61 W, 100 %
2025/12/06 22:37:32.243, 217.79 W, 100 %
2025/12/06 22:37:32.343, 217.36 W, 100 %
2025/12/06 22:37:32.443, 217.20 W, 100 %
2025/12/06 22:37:32.543, 217.13 W, 100 %
2025/12/06 22:37:32.643, 219.47 W, 100 %
2025/12/06 22:37:32.743, 218.43 W, 100 %
2025/12/06 22:37:32.844, 218.38 W, 100 %
2025/12/06 22:37:32.944, 219.21 W, 100 %
2025/12/06 22:37:33.044, 219.02 W, 100 %
2025/12/06 22:37:33.144, 218.66 W, 100 %
2025/12/06 22:37:33.244, 218.75 W, 100 %
2025/12/06 22:37:33.344, 218.79 W, 100 %
2025/12/06 22:37:33.444, 217.71 W, 100 %
2025/12/06 22:37:33.544, 218.70 W, 100 %
2025/12/06 22:37:33.644, 219.21 W, 100 %
2025/12/06 22:37:33.744, 218.73 W, 100 %
2025/12/06 22:37:33.845, 218.69 W, 100 %
2025/12/06 22:37:33.945, 218.53 W, 100 %
2025/12/06 22:37:34.045, 218.40 W, 100 %
2025/12/06 22:37:34.145, 218.33 W, 100 %
2025/12/06 22:37:34.245, 218.78 W, 100 %
2025/12/06 22:37:34.345, 218.82 W, 100 %
2025/12/06 22:37:34.445, 219.44 W, 100 %
2025/12/06 22:37:34.545, 219.62 W, 100 %
2025/12/06 22:37:34.645, 218.76 W, 100 %
2025/12/06 22:37:34.745, 218.75 W, 100 %
2025/12/06 22:37:34.846, 218.74 W, 100 %
2025/12/06 22:37:34.946, 218.56 W, 100 %
2025/12/06 22:37:35.046, 218.77 W, 100 %
2025/12/06 22:37:35.146, 218.64 W, 100 %
2025/12/06 22:37:35.246, 219.08 W, 100 %
2025/12/06 22:37:35.346, 218.65 W, 100 %
2025/12/06 22:37:35.446, 220.09 W, 99 %
2025/12/06 22:37:35.546, 219.44 W, 99 %
2025/12/06 22:37:35.646, 219.30 W, 100 %
2025/12/06 22:37:35.746, 219.47 W, 100 %
2025/12/06 22:37:35.847, 219.26 W, 100 %
2025/12/06 22:37:35.947, 219.39 W, 100 %
2025/12/06 22:37:36.047, 219.42 W, 100 %
2025/12/06 22:37:36.147, 219.79 W, 100 %
2025/12/06 22:37:36.247, 219.82 W, 100 %
2025/12/06 22:37:36.347, 219.70 W, 100 %
2025/12/06 22:37:36.447, 219.97 W, 100 %
2025/12/06 22:37:36.547, 219.23 W, 100 %
2025/12/06 22:37:36.647, 219.46 W, 100 %
2025/12/06 22:37:36.747, 219.45 W, 100 %
2025/12/06 22:37:36.848, 219.39 W, 100 %
2025/12/06 22:37:36.948, 219.65 W, 100 %
2025/12/06 22:37:37.048, 219.77 W, 100 %
2025/12/06 22:37:37.148, 219.82 W, 100 %
2025/12/06 22:37:37.248, 219.48 W, 100 %
2025/12/06 22:37:37.348, 220.15 W, 100 %
2025/12/06 22:37:37.448, 220.04 W, 100 %
2025/12/06 22:37:37.548, 219.65 W, 100 %
2025/12/06 22:37:37.648, 219.48 W, 100 %
2025/12/06 22:37:37.748, 220.02 W, 100 %
2025/12/06 22:37:37.849, 219.59 W, 100 %
2025/12/06 22:37:37.949, 219.41 W, 100 %
2025/12/06 22:37:38.049, 219.80 W, 100 %
2025/12/06 22:37:38.149, 219.62 W, 100 %
2025/12/06 22:37:38.249, 219.77 W, 100 %
2025/12/06 22:37:38.349, 219.76 W, 100 %
2025/12/06 22:37:38.449, 219.16 W, 100 %
2025/12/06 22:37:38.549, 219.28 W, 100 %
2025/12/06 22:37:38.649, 219.39 W, 100 %
2025/12/06 22:37:38.749, 219.41 W, 100 %
2025/12/06 22:37:38.850, 218.74 W, 100 %
2025/12/06 22:37:38.950, 219.23 W, 100 %
2025/12/06 22:37:39.050, 218.74 W, 100 %
2025/12/06 22:37:39.150, 219.12 W, 100 %
2025/12/06 22:37:39.250, 220.28 W, 99 %
2025/12/06 22:37:39.350, 220.12 W, 99 %
2025/12/06 22:37:39.450, 219.91 W, 100 %
2025/12/06 22:37:39.550, 219.59 W, 100 %
2025/12/06 22:37:39.650, 219.74 W, 100 %
2025/12/06 22:37:39.750, 219.63 W, 100 %
2025/12/06 22:37:39.851, 220.31 W, 100 %
2025/12/06 22:37:39.951, 219.83 W, 100 %
2025/12/06 22:37:40.051, 220.30 W, 100 %
2025/12/06 22:37:40.151, 220.70 W, 100 %
2025/12/06 22:37:40.251, 220.39 W, 100 %
2025/12/06 22:37:40.351, 219.51 W, 100 %
2025/12/06 22:37:40.451, 219.31 W, 100 %
2025/12/06 22:37:40.551, 219.91 W, 100 %
2025/12/06 22:37:40.651, 220.06 W, 100 %
2025/12/06 22:37:40.751, 219.91 W, 100 %
2025/12/06 22:37:40.852, 219.77 W, 100 %
2025/12/06 22:37:40.952, 220.05 W, 100 %
2025/12/06 22:37:41.052, 220.01 W, 100 %
2025/12/06 22:37:41.152, 219.92 W, 100 %
2025/12/06 22:37:41.252, 219.99 W, 100 %
2025/12/06 22:37:41.352, 219.98 W, 100 %
2025/12/06 22:37:41.452, 220.31 W, 100 %
2025/12/06 22:37:41.552, 219.97 W, 100 %
2025/12/06 22:37:41.652, 219.82 W, 100 %
2025/12/06 22:37:41.752, 219.37 W, 100 %
2025/12/06 22:37:41.853, 219.99 W, 100 %
2025/12/06 22:37:41.953, 219.86 W, 100 %
2025/12/06 22:37:42.053, 219.43 W, 100 %
2025/12/06 22:37:42.153, 219.70 W, 100 %
2025/12/06 22:37:42.253, 219.17 W, 100 %
2025/12/06 22:37:42.353, 219.37 W, 100 %
2025/12/06 22:37:42.453, 219.35 W, 100 %
2025/12/06 22:37:42.553, 219.19 W, 100 %
2025/12/06 22:37:42.653, 219.21 W, 100 %
2025/12/06 22:37:42.753, 219.19 W, 100 %
2025/12/06 22:37:42.854, 219.52 W, 100 %
2025/12/06 22:37:42.954, 218.98 W, 100 %
2025/12/06 22:37:43.054, 217.23 W, 99 %
2025/12/06 22:37:43.154, 217.50 W, 99 %
2025/12/06 22:37:43.254, 216.78 W, 100 %
2025/12/06 22:37:43.354, 216.66 W, 100 %
2025/12/06 22:37:43.454, 216.79 W, 100 %
2025/12/06 22:37:43.554, 216.78 W, 100 %
2025/12/06 22:37:43.654, 216.61 W, 100 %
2025/12/06 22:37:43.754, 217.19 W, 100 %
2025/12/06 22:37:43.855, 217.23 W, 100 %
2025/12/06 22:37:43.955, 217.58 W, 100 %
2025/12/06 22:37:44.055, 217.59 W, 100 %
2025/12/06 22:37:44.155, 219.45 W, 100 %
2025/12/06 22:37:44.255, 219.42 W, 100 %
2025/12/06 22:37:44.355, 219.88 W, 100 %
2025/12/06 22:37:44.455, 220.05 W, 100 %
2025/12/06 22:37:44.555, 220.01 W, 100 %
2025/12/06 22:37:44.655, 219.28 W, 100 %
2025/12/06 22:37:44.755, 219.03 W, 100 %
2025/12/06 22:37:44.856, 219.33 W, 100 %
2025/12/06 22:37:44.956, 218.32 W, 100 %
2025/12/06 22:37:45.056, 218.79 W, 99 %
2025/12/06 22:37:45.156, 218.02 W, 99 %
2025/12/06 22:37:45.256, 218.11 W, 100 %
2025/12/06 22:37:45.356, 218.14 W, 100 %
2025/12/06 22:37:45.456, 217.83 W, 100 %
2025/12/06 22:37:45.556, 218.75 W, 100 %
2025/12/06 22:37:45.656, 218.63 W, 100 %
2025/12/06 22:37:45.756, 218.91 W, 100 %
2025/12/06 22:37:45.857, 219.12 W, 100 %
2025/12/06 22:37:45.957, 218.75 W, 100 %
2025/12/06 22:37:46.057, 219.75 W, 100 %
2025/12/06 22:37:46.157, 219.72 W, 100 %
2025/12/06 22:37:46.257, 219.71 W, 100 %
2025/12/06 22:37:46.357, 219.72 W, 100 %
2025/12/06 22:37:46.457, 219.37 W, 100 %
2025/12/06 22:37:46.557, 219.42 W, 100 %
2025/12/06 22:37:46.657, 218.88 W, 100 %
2025/12/06 22:37:46.757, 219.23 W, 100 %
2025/12/06 22:37:46.858, 218.99 W, 100 %
2025/12/06 22:37:46.958, 219.97 W, 100 %
2025/12/06 22:37:47.058, 220.01 W, 100 %
2025/12/06 22:37:47.158, 219.89 W, 100 %
2025/12/06 22:37:47.258, 220.23 W, 100 %
2025/12/06 22:37:47.358, 220.01 W, 100 %
2025/12/06 22:37:47.458, 219.97 W, 100 %
2025/12/06 22:37:47.558, 219.66 W, 100 %
2025/12/06 22:37:47.658, 219.63 W, 100 %
2025/12/06 22:37:47.758, 219.69 W, 100 %
2025/12/06 22:37:47.859, 219.70 W, 100 %
2025/12/06 22:37:47.959, 219.77 W, 100 %
2025/12/06 22:37:48.059, 218.86 W, 100 %
2025/12/06 22:37:48.159, 219.19 W, 100 %
2025/12/06 22:37:48.259, 219.49 W, 100 %
2025/12/06 22:37:48.359, 219.14 W, 100 %
2025/12/06 22:37:48.459, 219.19 W, 100 %
2025/12/06 22:37:48.559, 219.12 W, 100 %
2025/12/06 22:37:48.659, 219.52 W, 100 %
2025/12/06 22:37:48.759, 219.47 W, 100 %
2025/12/06 22:37:48.860, 220.38 W, 99 %
2025/12/06 22:37:48.960, 220.28 W, 99 %
2025/12/06 22:37:49.060, 220.24 W, 100 %
2025/12/06 22:37:49.160, 220.22 W, 100 %
2025/12/06 22:37:49.260, 219.65 W, 100 %
2025/12/06 22:37:49.360, 219.54 W, 100 %
2025/12/06 22:37:49.460, 220.05 W, 100 %
2025/12/06 22:37:49.560, 219.66 W, 100 %
2025/12/06 22:37:49.660, 219.54 W, 100 %
2025/12/06 22:37:49.760, 219.80 W, 100 %
2025/12/06 22:37:49.861, 219.78 W, 100 %
2025/12/06 22:37:49.961, 219.06 W, 100 %
2025/12/06 22:37:50.061, 219.04 W, 100 %
2025/12/06 22:37:50.161, 219.08 W, 100 %
2025/12/06 22:37:50.261, 219.63 W, 100 %
2025/12/06 22:37:50.361, 219.88 W, 100 %
2025/12/06 22:37:50.461, 219.59 W, 100 %
2025/12/06 22:37:50.561, 219.36 W, 100 %
2025/12/06 22:37:50.661, 219.77 W, 100 %
2025/12/06 22:37:50.761, 220.65 W, 100 %
2025/12/06 22:37:50.862, 221.03 W, 100 %
2025/12/06 22:37:50.962, 220.79 W, 100 %
2025/12/06 22:37:51.062, 220.38 W, 100 %
2025/12/06 22:37:51.162, 220.58 W, 100 %
2025/12/06 22:37:51.262, 220.50 W, 100 %
2025/12/06 22:37:51.362, 220.44 W, 100 %
2025/12/06 22:37:51.462, 219.78 W, 100 %
2025/12/06 22:37:51.562, 220.15 W, 100 %
2025/12/06 22:37:51.662, 220.20 W, 100 %
2025/12/06 22:37:51.762, 220.43 W, 100 %
2025/12/06 22:37:51.863, 219.46 W, 100 %
2025/12/06 22:37:51.963, 218.90 W, 100 %
2025/12/06 22:37:52.063, 219.27 W, 100 %
2025/12/06 22:37:52.163, 218.89 W, 100 %
2025/12/06 22:37:52.263, 219.33 W, 100 %
2025/12/06 22:37:52.363, 219.34 W, 100 %
2025/12/06 22:37:52.463, 219.71 W, 100 %
2025/12/06 22:37:52.563, 219.47 W, 100 %
2025/12/06 22:37:52.663, 219.95 W, 99 %
2025/12/06 22:37:52.764, 220.09 W, 99 %
2025/12/06 22:37:52.864, 220.14 W, 100 %
2025/12/06 22:37:52.964, 220.71 W, 100 %
2025/12/06 22:37:53.064, 220.29 W, 100 %
2025/12/06 22:37:53.164, 220.12 W, 100 %
2025/12/06 22:37:53.264, 220.16 W, 100 %
2025/12/06 22:37:53.364, 220.32 W, 100 %
2025/12/06 22:37:53.464, 220.45 W, 100 %
2025/12/06 22:37:53.564, 220.40 W, 100 %
2025/12/06 22:37:53.664, 220.45 W, 100 %
2025/12/06 22:37:53.765, 219.86 W, 100 %
2025/12/06 22:37:53.865, 220.13 W, 100 %
2025/12/06 22:37:53.965, 219.77 W, 100 %
2025/12/06 22:37:54.065, 219.73 W, 100 %
2025/12/06 22:37:54.165, 219.64 W, 100 %
2025/12/06 22:37:54.265, 219.50 W, 100 %
2025/12/06 22:37:54.365, 219.41 W, 100 %
2025/12/06 22:37:54.465, 219.19 W, 100 %
2025/12/06 22:37:54.565, 217.90 W, 100 %
2025/12/06 22:37:54.665, 218.21 W, 100 %
2025/12/06 22:37:54.766, 218.61 W, 100 %
2025/12/06 22:37:54.866, 217.71 W, 100 %
2025/12/06 22:37:54.966, 217.94 W, 100 %
2025/12/06 22:37:55.066, 218.06 W, 100 %
2025/12/06 22:37:55.166, 217.85 W, 100 %
2025/12/06 22:37:55.266, 218.34 W, 100 %
2025/12/06 22:37:55.366, 218.07 W, 100 %
2025/12/06 22:37:55.466, 218.10 W, 100 %
2025/12/06 22:37:55.566, 218.28 W, 100 %
2025/12/06 22:37:55.666, 219.49 W, 100 %
2025/12/06 22:37:55.767, 219.46 W, 100 %
2025/12/06 22:37:55.867, 219.05 W, 100 %
2025/12/06 22:37:55.967, 218.79 W, 100 %
2025/12/06 22:37:56.067, 218.93 W, 100 %
2025/12/06 22:37:56.167, 219.34 W, 100 %
2025/12/06 22:37:56.267, 219.02 W, 100 %
2025/12/06 22:37:56.367, 219.20 W, 100 %
2025/12/06 22:37:56.467, 218.15 W, 100 %
2025/12/06 22:37:56.567, 218.48 W, 100 %
2025/12/06 22:37:56.667, 218.50 W, 100 %
2025/12/06 22:37:56.768, 218.28 W, 100 %
2025/12/06 22:37:56.868, 218.19 W, 100 %
2025/12/06 22:37:56.968, 217.59 W, 100 %
2025/12/06 22:37:57.068, 218.28 W, 100 %
2025/12/06 22:37:57.168, 217.82 W, 100 %
2025/12/06 22:37:57.268, 217.93 W, 100 %
2025/12/06 22:37:57.368, 218.35 W, 100 %
2025/12/06 22:37:57.468, 219.32 W, 100 %
2025/12/06 22:37:57.568, 219.21 W, 100 %
2025/12/06 22:37:57.668, 219.24 W, 100 %
2025/12/06 22:37:57.769, 218.91 W, 100 %
2025/12/06 22:37:57.869, 218.80 W, 100 %
2025/12/06 22:37:57.969, 218.80 W, 100 %
2025/12/06 22:37:58.069, 219.23 W, 100 %
2025/12/06 22:37:58.169, 219.07 W, 100 %
2025/12/06 22:37:58.269, 219.07 W, 100 %
2025/12/06 22:37:58.369, 218.60 W, 100 %
2025/12/06 22:37:58.469, 219.59 W, 99 %
2025/12/06 22:37:58.569, 219.39 W, 99 %
2025/12/06 22:37:58.669, 219.19 W, 100 %
2025/12/06 22:37:58.770, 219.49 W, 100 %
2025/12/06 22:37:58.870, 219.43 W, 100 %
2025/12/06 22:37:58.970, 219.44 W, 100 %
2025/12/06 22:37:59.070, 219.40 W, 100 %
2025/12/06 22:37:59.170, 219.99 W, 100 %
2025/12/06 22:37:59.270, 219.61 W, 100 %
2025/12/06 22:37:59.370, 219.72 W, 100 %
2025/12/06 22:37:59.470, 219.77 W, 100 %
2025/12/06 22:37:59.570, 219.20 W, 100 %
2025/12/06 22:37:59.670, 219.39 W, 100 %
2025/12/06 22:37:59.771, 219.07 W, 100 %
2025/12/06 22:37:59.871, 219.36 W, 100 %
2025/12/06 22:37:59.971, 219.37 W, 100 %
2025/12/06 22:38:00.071, 219.57 W, 100 %
2025/12/06 22:38:00.171, 219.39 W, 100 %
2025/12/06 22:38:00.271, 219.21 W, 100 %
2025/12/06 22:38:00.371, 220.24 W, 100 %
2025/12/06 22:38:00.471, 220.13 W, 100 %
2025/12/06 22:38:00.571, 220.19 W, 100 %
2025/12/06 22:38:00.671, 220.04 W, 100 %
2025/12/06 22:38:00.772, 219.93 W, 100 %
2025/12/06 22:38:00.872, 219.78 W, 100 %
2025/12/06 22:38:00.972, 219.65 W, 100 %
2025/12/06 22:38:01.072, 219.26 W, 100 %
2025/12/06 22:38:01.172, 219.78 W, 100 %
2025/12/06 22:38:01.272, 219.51 W, 100 %
2025/12/06 22:38:01.372, 219.70 W, 100 %
2025/12/06 22:38:01.472, 219.26 W, 100 %
2025/12/06 22:38:01.572, 219.14 W, 100 %
2025/12/06 22:38:01.672, 219.15 W, 100 %
2025/12/06 22:38:01.773, 219.10 W, 100 %
2025/12/06 22:38:01.873, 219.15 W, 100 %
2025/12/06 22:38:01.973, 219.26 W, 100 %
2025/12/06 22:38:02.073, 218.80 W, 100 %
2025/12/06 22:38:02.173, 219.15 W, 100 %
2025/12/06 22:38:02.273, 220.36 W, 99 %
2025/12/06 22:38:02.373, 220.27 W, 99 %
2025/12/06 22:38:02.473, 219.86 W, 100 %
2025/12/06 22:38:02.573, 219.70 W, 100 %
2025/12/06 22:38:02.673, 220.04 W, 100 %
2025/12/06 22:38:02.774, 219.94 W, 100 %
2025/12/06 22:38:02.874, 220.10 W, 100 %
2025/12/06 22:38:02.974, 219.92 W, 100 %
2025/12/06 22:38:03.074, 219.67 W, 100 %
2025/12/06 22:38:03.174, 219.90 W, 100 %
2025/12/06 22:38:03.274, 219.36 W, 100 %
2025/12/06 22:38:03.374, 219.58 W, 100 %
2025/12/06 22:38:03.474, 219.48 W, 100 %
2025/12/06 22:38:03.574, 219.54 W, 100 %
2025/12/06 22:38:03.674, 219.38 W, 100 %
2025/12/06 22:38:03.775, 219.30 W, 100 %
2025/12/06 22:38:03.875, 219.01 W, 100 %
2025/12/06 22:38:03.975, 219.35 W, 100 %
2025/12/06 22:38:04.075, 219.37 W, 100 %
2025/12/06 22:38:04.175, 219.84 W, 100 %
2025/12/06 22:38:04.275, 219.99 W, 100 %
2025/12/06 22:38:04.375, 219.77 W, 100 %
2025/12/06 22:38:04.475, 219.12 W, 100 %
2025/12/06 22:38:04.575, 219.10 W, 100 %
2025/12/06 22:38:04.675, 219.63 W, 100 %
2025/12/06 22:38:04.776, 219.78 W, 100 %
2025/12/06 22:38:04.876, 219.57 W, 100 %
2025/12/06 22:38:04.976, 219.57 W, 100 %
2025/12/06 22:38:05.076, 219.41 W, 100 %
2025/12/06 22:38:05.176, 219.81 W, 100 %
2025/12/06 22:38:05.276, 219.44 W, 100 %
2025/12/06 22:38:05.376, 219.61 W, 100 %
2025/12/06 22:38:05.476, 219.46 W, 100 %
2025/12/06 22:38:05.576, 219.87 W, 100 %
2025/12/06 22:38:05.676, 219.45 W, 100 %
2025/12/06 22:38:05.777, 219.50 W, 100 %
2025/12/06 22:38:05.877, 219.51 W, 100 %
2025/12/06 22:38:05.977, 219.35 W, 100 %
2025/12/06 22:38:06.077, 217.74 W, 99 %
2025/12/06 22:38:06.177, 217.55 W, 99 %
2025/12/06 22:38:06.277, 217.82 W, 100 %
2025/12/06 22:38:06.377, 217.29 W, 100 %
2025/12/06 22:38:06.477, 217.60 W, 100 %
2025/12/06 22:38:06.577, 217.87 W, 100 %
2025/12/06 22:38:06.677, 217.47 W, 100 %
2025/12/06 22:38:06.778, 217.99 W, 100 %
2025/12/06 22:38:06.878, 217.79 W, 100 %
2025/12/06 22:38:06.978, 217.67 W, 100 %
2025/12/06 22:38:07.078, 217.89 W, 100 %
2025/12/06 22:38:07.178, 219.25 W, 100 %
2025/12/06 22:38:07.278, 219.27 W, 100 %
2025/12/06 22:38:07.378, 218.73 W, 100 %
2025/12/06 22:38:07.478, 218.83 W, 100 %
2025/12/06 22:38:07.578, 218.78 W, 100 %
2025/12/06 22:38:07.678, 219.10 W, 100 %
2025/12/06 22:38:07.779, 218.87 W, 100 %
2025/12/06 22:38:07.879, 219.16 W, 100 %
2025/12/06 22:38:07.979, 218.05 W, 100 %
2025/12/06 22:38:08.079, 218.62 W, 99 %
2025/12/06 22:38:08.179, 218.64 W, 99 %
2025/12/06 22:38:08.279, 218.26 W, 100 %
2025/12/06 22:38:08.379, 218.29 W, 100 %
2025/12/06 22:38:08.479, 218.16 W, 100 %
2025/12/06 22:38:08.579, 218.79 W, 100 %
2025/12/06 22:38:08.679, 219.22 W, 100 %
2025/12/06 22:38:08.780, 218.86 W, 100 %
2025/12/06 22:38:08.880, 218.42 W, 100 %
2025/12/06 22:38:08.980, 218.15 W, 100 %
2025/12/06 22:38:09.080, 218.99 W, 100 %
2025/12/06 22:38:09.180, 218.73 W, 100 %
2025/12/06 22:38:09.280, 219.15 W, 100 %
2025/12/06 22:38:09.380, 219.18 W, 100 %
2025/12/06 22:38:09.480, 219.66 W, 100 %
2025/12/06 22:38:09.580, 219.34 W, 100 %
2025/12/06 22:38:09.680, 219.40 W, 100 %
2025/12/06 22:38:09.781, 219.24 W, 100 %
2025/12/06 22:38:09.881, 219.01 W, 100 %
2025/12/06 22:38:09.981, 219.96 W, 100 %
2025/12/06 22:38:10.081, 219.96 W, 100 %
2025/12/06 22:38:10.181, 219.76 W, 100 %
2025/12/06 22:38:10.281, 219.71 W, 100 %
2025/12/06 22:38:10.381, 219.53 W, 100 %
2025/12/06 22:38:10.481, 219.40 W, 100 %
2025/12/06 22:38:10.581, 219.31 W, 100 %
2025/12/06 22:38:10.681, 219.71 W, 100 %
2025/12/06 22:38:10.782, 219.52 W, 100 %
2025/12/06 22:38:10.882, 219.90 W, 100 %
2025/12/06 22:38:10.982, 219.73 W, 100 %
2025/12/06 22:38:11.082, 219.51 W, 100 %
2025/12/06 22:38:11.182, 219.44 W, 100 %
2025/12/06 22:38:11.282, 219.42 W, 100 %
2025/12/06 22:38:11.382, 219.37 W, 100 %
2025/12/06 22:38:11.482, 219.27 W, 100 %
2025/12/06 22:38:11.582, 219.21 W, 100 %
2025/12/06 22:38:11.682, 218.97 W, 100 %
2025/12/06 22:38:11.783, 219.29 W, 100 %
2025/12/06 22:38:11.883, 220.26 W, 99 %
2025/12/06 22:38:11.983, 220.14 W, 99 %
2025/12/06 22:38:12.083, 219.90 W, 100 %
2025/12/06 22:38:12.183, 219.66 W, 100 %
2025/12/06 22:38:12.283, 219.74 W, 100 %
2025/12/06 22:38:12.383, 219.46 W, 100 %
2025/12/06 22:38:12.483, 219.64 W, 100 %
2025/12/06 22:38:12.583, 219.44 W, 100 %
2025/12/06 22:38:12.683, 219.88 W, 100 %
2025/12/06 22:38:12.784, 219.62 W, 100 %
2025/12/06 22:38:12.884, 219.76 W, 100 %
2025/12/06 22:38:12.984, 218.83 W, 100 %
2025/12/06 22:38:13.084, 218.82 W, 100 %
2025/12/06 22:38:13.184, 218.73 W, 100 %
2025/12/06 22:38:13.284, 218.81 W, 100 %
2025/12/06 22:38:13.384, 218.80 W, 100 %
2025/12/06 22:38:13.484, 218.97 W, 100 %
2025/12/06 22:38:13.584, 219.04 W, 100 %
2025/12/06 22:38:13.684, 218.72 W, 100 %
2025/12/06 22:38:13.785, 220.37 W, 100 %
2025/12/06 22:38:13.885, 220.01 W, 100 %
2025/12/06 22:38:13.985, 220.08 W, 100 %
2025/12/06 22:38:14.085, 219.62 W, 100 %
2025/12/06 22:38:14.185, 219.72 W, 100 %
2025/12/06 22:38:14.285, 220.14 W, 100 %
2025/12/06 22:38:14.385, 220.25 W, 100 %
2025/12/06 22:38:14.485, 220.37 W, 100 %
2025/12/06 22:38:14.585, 220.24 W, 100 %
2025/12/06 22:38:14.685, 220.77 W, 100 %
2025/12/06 22:38:14.786, 220.78 W, 100 %
2025/12/06 22:38:14.886, 219.26 W, 100 %
2025/12/06 22:38:14.986, 219.76 W, 100 %
2025/12/06 22:38:15.086, 219.27 W, 100 %
2025/12/06 22:38:15.186, 219.68 W, 100 %
2025/12/06 22:38:15.286, 219.46 W, 100 %
2025/12/06 22:38:15.386, 219.68 W, 100 %
2025/12/06 22:38:15.486, 219.55 W, 100 %
2025/12/06 22:38:15.586, 219.35 W, 100 %
2025/12/06 22:38:15.686, 220.17 W, 99 %
2025/12/06 22:38:15.787, 220.47 W, 99 %
2025/12/06 22:38:15.887, 220.68 W, 100 %
2025/12/06 22:38:15.987, 220.21 W, 100 %
2025/12/06 22:38:16.087, 220.79 W, 100 %
2025/12/06 22:38:16.187, 220.57 W, 100 %
2025/12/06 22:38:16.287, 220.78 W, 100 %
2025/12/06 22:38:16.387, 220.60 W, 100 %
2025/12/06 22:38:16.487, 220.31 W, 100 %
2025/12/06 22:38:16.587, 220.16 W, 100 %
2025/12/06 22:38:16.687, 220.06 W, 100 %
2025/12/06 22:38:16.788, 219.08 W, 100 %
2025/12/06 22:38:16.888, 218.55 W, 100 %
2025/12/06 22:38:16.988, 218.98 W, 100 %
2025/12/06 22:38:17.088, 219.21 W, 100 %
2025/12/06 22:38:17.188, 219.00 W, 100 %
2025/12/06 22:38:17.288, 219.18 W, 100 %
2025/12/06 22:38:17.388, 219.05 W, 100 %
2025/12/06 22:38:17.488, 219.23 W, 100 %
2025/12/06 22:38:17.588, 218.58 W, 100 %
2025/12/06 22:38:17.688, 218.60 W, 100 %
2025/12/06 22:38:17.789, 218.66 W, 100 %
2025/12/06 22:38:17.889, 218.54 W, 100 %
2025/12/06 22:38:17.989, 218.33 W, 100 %
2025/12/06 22:38:18.089, 218.28 W, 100 %
2025/12/06 22:38:18.189, 218.10 W, 100 %
2025/12/06 22:38:18.289, 217.94 W, 100 %
2025/12/06 22:38:18.389, 218.42 W, 100 %
2025/12/06 22:38:18.489, 218.31 W, 100 %
2025/12/06 22:38:18.589, 218.54 W, 100 %
2025/12/06 22:38:18.689, 219.34 W, 100 %
2025/12/06 22:38:18.790, 219.41 W, 100 %
2025/12/06 22:38:18.890, 219.00 W, 100 %
2025/12/06 22:38:18.990, 218.98 W, 100 %
2025/12/06 22:38:19.090, 219.10 W, 100 %
2025/12/06 22:38:19.190, 219.32 W, 100 %
2025/12/06 22:38:19.290, 219.51 W, 100 %
2025/12/06 22:38:19.390, 219.72 W, 100 %
2025/12/06 22:38:19.490, 217.28 W, 99 %
2025/12/06 22:38:19.590, 218.16 W, 99 %
2025/12/06 22:38:19.690, 217.87 W, 100 %
2025/12/06 22:38:19.791, 217.65 W, 100 %
2025/12/06 22:38:19.891, 217.54 W, 100 %
2025/12/06 22:38:19.991, 218.11 W, 100 %
2025/12/06 22:38:20.091, 217.91 W, 100 %
2025/12/06 22:38:20.191, 217.76 W, 100 %
2025/12/06 22:38:20.291, 217.48 W, 100 %
2025/12/06 22:38:20.391, 217.23 W, 100 %
2025/12/06 22:38:20.491, 216.97 W, 100 %
2025/12/06 22:38:20.591, 218.68 W, 100 %
2025/12/06 22:38:20.691, 218.76 W, 100 %
2025/12/06 22:38:20.792, 219.24 W, 100 %
2025/12/06 22:38:20.892, 219.26 W, 100 %
2025/12/06 22:38:20.992, 218.92 W, 100 %
2025/12/06 22:38:21.092, 219.23 W, 100 %
2025/12/06 22:38:21.192, 219.17 W, 100 %
2025/12/06 22:38:21.292, 219.28 W, 100 %
2025/12/06 22:38:21.392, 219.50 W, 100 %
2025/12/06 22:38:21.492, 220.12 W, 99 %
2025/12/06 22:38:21.592, 219.88 W, 99 %
2025/12/06 22:38:21.692, 219.36 W, 100 %
2025/12/06 22:38:21.793, 219.22 W, 100 %
2025/12/06 22:38:21.893, 219.17 W, 100 %
2025/12/06 22:38:21.993, 219.24 W, 100 %
2025/12/06 22:38:22.093, 219.13 W, 100 %
2025/12/06 22:38:22.193, 219.28 W, 100 %
2025/12/06 22:38:22.293, 219.23 W, 100 %
2025/12/06 22:38:22.393, 219.06 W, 100 %
2025/12/06 22:38:22.493, 218.76 W, 100 %
2025/12/06 22:38:22.593, 218.77 W, 100 %
2025/12/06 22:38:22.693, 218.84 W, 100 %
2025/12/06 22:38:22.794, 219.30 W, 100 %
2025/12/06 22:38:22.894, 219.30 W, 100 %
2025/12/06 22:38:22.994, 219.34 W, 100 %
2025/12/06 22:38:23.094, 219.34 W, 100 %
2025/12/06 22:38:23.194, 218.78 W, 100 %
2025/12/06 22:38:23.294, 218.78 W, 100 %
2025/12/06 22:38:23.394, 220.88 W, 100 %
2025/12/06 22:38:23.494, 220.67 W, 100 %
2025/12/06 22:38:23.594, 220.89 W, 100 %
2025/12/06 22:38:23.694, 220.80 W, 100 %
2025/12/06 22:38:23.795, 220.80 W, 100 %
2025/12/06 22:38:23.895, 221.18 W, 100 %
2025/12/06 22:38:23.995, 221.18 W, 100 %
2025/12/06 22:38:24.095, 221.49 W, 100 %
2025/12/06 22:38:24.195, 221.49 W, 100 %
2025/12/06 22:38:24.295, 221.46 W, 100 %
2025/12/06 22:38:24.395, 219.61 W, 100 %
2025/12/06 22:38:24.495, 219.60 W, 100 %
2025/12/06 22:38:24.595, 219.56 W, 100 %
2025/12/06 22:38:24.695, 219.38 W, 100 %
2025/12/06 22:38:24.796, 219.41 W, 100 %
2025/12/06 22:38:24.896, 219.16 W, 100 %
2025/12/06 22:38:24.996, 219.12 W, 100 %
2025/12/06 22:38:25.096, 218.54 W, 100 %
2025/12/06 22:38:25.196, 218.60 W, 100 %
2025/12/06 22:38:25.296, 219.55 W, 100 %
2025/12/06 22:38:25.396, 219.91 W, 100 %
2025/12/06 22:38:25.496, 219.43 W, 100 %
2025/12/06 22:38:25.596, 219.50 W, 100 %
2025/12/06 22:38:25.696, 220.07 W, 100 %
2025/12/06 22:38:25.797, 219.73 W, 100 %
2025/12/06 22:38:25.897, 219.66 W, 100 %
2025/12/06 22:38:25.997, 219.57 W, 100 %
2025/12/06 22:38:26.097, 219.80 W, 100 %
2025/12/06 22:38:26.197, 219.43 W, 100 %
2025/12/06 22:38:26.297, 219.42 W, 100 %
2025/12/06 22:38:26.397, 219.16 W, 100 %
2025/12/06 22:38:26.497, 218.68 W, 100 %
2025/12/06 22:38:26.597, 219.42 W, 100 %
2025/12/06 22:38:26.697, 218.76 W, 100 %
2025/12/06 22:38:26.798, 219.16 W, 100 %
2025/12/06 22:38:26.898, 219.15 W, 100 %
2025/12/06 22:38:26.998, 219.07 W, 100 %
2025/12/06 22:38:27.098, 219.11 W, 99 %
2025/12/06 22:38:27.198, 219.80 W, 99 %
2025/12/06 22:38:27.298, 219.68 W, 100 %
2025/12/06 22:38:27.398, 219.50 W, 100 %
2025/12/06 22:38:27.498, 219.34 W, 100 %
2025/12/06 22:38:27.598, 219.51 W, 100 %
2025/12/06 22:38:27.698, 219.53 W, 100 %
2025/12/06 22:38:27.799, 219.34 W, 100 %
2025/12/06 22:38:27.899, 219.74 W, 100 %
2025/12/06 22:38:27.999, 219.55 W, 100 %
2025/12/06 22:38:28.099, 219.94 W, 100 %
2025/12/06 22:38:28.199, 220.29 W, 100 %
2025/12/06 22:38:28.299, 219.55 W, 100 %
2025/12/06 22:38:28.399, 219.65 W, 100 %
2025/12/06 22:38:28.499, 219.52 W, 100 %
2025/12/06 22:38:28.599, 219.77 W, 100 %
2025/12/06 22:38:28.699, 219.84 W, 100 %
2025/12/06 22:38:28.800, 219.85 W, 100 %
2025/12/06 22:38:28.900, 219.21 W, 100 %
2025/12/06 22:38:29.000, 217.45 W, 100 %
2025/12/06 22:38:29.100, 218.42 W, 100 %
2025/12/06 22:38:29.200, 217.65 W, 100 %
2025/12/06 22:38:29.300, 217.57 W, 100 %
2025/12/06 22:38:29.400, 217.80 W, 100 %
2025/12/06 22:38:29.500, 217.73 W, 100 %
2025/12/06 22:38:29.600, 217.77 W, 100 %
2025/12/06 22:38:29.700, 217.83 W, 100 %
2025/12/06 22:38:29.801, 217.79 W, 100 %
2025/12/06 22:38:29.901, 216.63 W, 100 %
2025/12/06 22:38:30.001, 217.54 W, 100 %
2025/12/06 22:38:30.101, 219.16 W, 100 %
2025/12/06 22:38:30.201, 218.30 W, 100 %
2025/12/06 22:38:30.301, 218.47 W, 100 %
2025/12/06 22:38:30.401, 218.56 W, 100 %
2025/12/06 22:38:30.501, 218.65 W, 100 %
2025/12/06 22:38:30.601, 219.02 W, 100 %
2025/12/06 22:38:30.701, 218.69 W, 100 %
2025/12/06 22:38:30.802, 218.31 W, 100 %
2025/12/06 22:38:30.902, 218.34 W, 100 %
2025/12/06 22:38:31.002, 219.07 W, 100 %
2025/12/06 22:38:31.102, 218.68 W, 100 %
2025/12/06 22:38:31.202, 218.62 W, 100 %
2025/12/06 22:38:31.302, 218.71 W, 100 %
2025/12/06 22:38:31.402, 218.63 W, 100 %
2025/12/06 22:38:31.502, 218.69 W, 100 %
2025/12/06 22:38:31.602, 219.23 W, 100 %
2025/12/06 22:38:31.702, 219.07 W, 100 %
2025/12/06 22:38:31.803, 219.55 W, 100 %
2025/12/06 22:38:31.903, 219.25 W, 100 %
2025/12/06 22:38:32.003, 219.22 W, 100 %
2025/12/06 22:38:32.103, 219.29 W, 100 %
2025/12/06 22:38:32.203, 218.86 W, 100 %
2025/12/06 22:38:32.303, 219.03 W, 100 %
2025/12/06 22:38:32.403, 219.03 W, 100 %
2025/12/06 22:38:32.503, 219.14 W, 100 %
2025/12/06 22:38:32.603, 219.19 W, 100 %
2025/12/06 22:38:32.703, 218.99 W, 100 %
2025/12/06 22:38:32.804, 219.02 W, 100 %
2025/12/06 22:38:32.904, 219.71 W, 99 %
2025/12/06 22:38:33.004, 219.45 W, 99 %
2025/12/06 22:38:33.104, 219.42 W, 100 %
2025/12/06 22:38:33.204, 219.15 W, 100 %
2025/12/06 22:38:33.304, 219.90 W, 100 %
2025/12/06 22:38:33.404, 219.62 W, 100 %
2025/12/06 22:38:33.504, 219.89 W, 100 %
2025/12/06 22:38:33.604, 219.69 W, 100 %
2025/12/06 22:38:33.704, 219.90 W, 100 %
2025/12/06 22:38:33.805, 219.61 W, 100 %
2025/12/06 22:38:33.905, 219.85 W, 100 %
2025/12/06 22:38:34.005, 219.28 W, 100 %
2025/12/06 22:38:34.105, 219.56 W, 100 %
2025/12/06 22:38:34.205, 219.66 W, 100 %
2025/12/06 22:38:34.305, 219.74 W, 100 %
2025/12/06 22:38:34.405, 219.91 W, 100 %
2025/12/06 22:38:34.505, 219.91 W, 100 %
2025/12/06 22:38:34.605, 219.93 W, 100 %
2025/12/06 22:38:34.705, 219.69 W, 100 %
2025/12/06 22:38:34.806, 220.34 W, 100 %
2025/12/06 22:38:34.906, 219.89 W, 100 %
2025/12/06 22:38:35.006, 219.65 W, 100 %
2025/12/06 22:38:35.106, 219.72 W, 100 %
2025/12/06 22:38:35.206, 219.64 W, 100 %
2025/12/06 22:38:35.306, 219.87 W, 100 %
2025/12/06 22:38:35.406, 219.73 W, 100 %
2025/12/06 22:38:35.506, 219.49 W, 100 %
2025/12/06 22:38:35.606, 219.62 W, 100 %
2025/12/06 22:38:35.706, 219.48 W, 100 %
2025/12/06 22:38:35.807, 219.67 W, 100 %
2025/12/06 22:38:35.907, 218.58 W, 100 %
2025/12/06 22:38:36.007, 218.31 W, 100 %
2025/12/06 22:38:36.107, 218.57 W, 100 %
2025/12/06 22:38:36.207, 218.65 W, 100 %
2025/12/06 22:38:36.307, 218.38 W, 100 %
2025/12/06 22:38:36.407, 218.62 W, 100 %
2025/12/06 22:38:36.507, 218.55 W, 100 %
2025/12/06 22:38:36.607, 218.83 W, 100 %
2025/12/06 22:38:36.707, 220.19 W, 99 %
2025/12/06 22:38:36.808, 220.00 W, 99 %
2025/12/06 22:38:36.908, 219.78 W, 100 %
2025/12/06 22:38:37.008, 219.95 W, 100 %
2025/12/06 22:38:37.108, 219.85 W, 100 %
2025/12/06 22:38:37.208, 220.05 W, 100 %
2025/12/06 22:38:37.308, 220.07 W, 100 %
2025/12/06 22:38:37.408, 220.50 W, 100 %
2025/12/06 22:38:37.508, 220.32 W, 100 %
2025/12/06 22:38:37.608, 220.24 W, 100 %
2025/12/06 22:38:37.708, 220.04 W, 100 %
2025/12/06 22:38:37.809, 219.08 W, 100 %
2025/12/06 22:38:37.909, 219.19 W, 100 %
2025/12/06 22:38:38.009, 219.15 W, 100 %
2025/12/06 22:38:38.109, 219.50 W, 100 %
2025/12/06 22:38:38.209, 219.28 W, 100 %
2025/12/06 22:38:38.309, 219.41 W, 100 %
2025/12/06 22:38:38.409, 219.27 W, 100 %
2025/12/06 22:38:38.509, 219.12 W, 100 %
2025/12/06 22:38:38.609, 219.91 W, 100 %
2025/12/06 22:38:38.709, 220.18 W, 100 %
2025/12/06 22:38:38.810, 219.55 W, 100 %
2025/12/06 22:38:38.910, 219.46 W, 100 %
2025/12/06 22:38:39.010, 219.74 W, 100 %
2025/12/06 22:38:39.110, 219.21 W, 100 %
2025/12/06 22:38:39.210, 219.87 W, 100 %
2025/12/06 22:38:39.310, 219.78 W, 100 %
2025/12/06 22:38:39.410, 219.91 W, 100 %
2025/12/06 22:38:39.510, 220.07 W, 100 %
2025/12/06 22:38:39.610, 220.04 W, 100 %
2025/12/06 22:38:39.710, 219.35 W, 100 %
2025/12/06 22:38:39.811, 218.92 W, 100 %
2025/12/06 22:38:39.911, 218.85 W, 100 %
2025/12/06 22:38:40.011, 218.49 W, 100 %
2025/12/06 22:38:40.111, 218.38 W, 100 %
2025/12/06 22:38:40.211, 218.75 W, 100 %
2025/12/06 22:38:40.311, 218.68 W, 100 %
2025/12/06 22:38:40.411, 218.36 W, 100 %
2025/12/06 22:38:40.511, 216.56 W, 99 %
2025/12/06 22:38:40.611, 217.25 W, 99 %
2025/12/06 22:38:40.711, 216.75 W, 100 %
2025/12/06 22:38:40.812, 216.92 W, 100 %
2025/12/06 22:38:40.912, 217.14 W, 100 %
2025/12/06 22:38:41.012, 217.29 W, 100 %
2025/12/06 22:38:41.112, 217.32 W, 100 %
2025/12/06 22:38:41.212, 217.57 W, 100 %
2025/12/06 22:38:41.312, 217.27 W, 100 %
2025/12/06 22:38:41.412, 217.10 W, 100 %
2025/12/06 22:38:41.512, 217.57 W, 100 %
2025/12/06 22:38:41.612, 218.64 W, 100 %
2025/12/06 22:38:41.712, 218.83 W, 100 %
2025/12/06 22:38:41.813, 218.66 W, 100 %
2025/12/06 22:38:41.913, 218.80 W, 100 %
2025/12/06 22:38:42.013, 218.88 W, 100 %
2025/12/06 22:38:42.113, 219.04 W, 100 %
2025/12/06 22:38:42.213, 219.48 W, 100 %
2025/12/06 22:38:42.313, 218.88 W, 100 %
2025/12/06 22:38:42.413, 218.77 W, 100 %
2025/12/06 22:38:42.513, 219.34 W, 99 %
2025/12/06 22:38:42.613, 219.44 W, 99 %
2025/12/06 22:38:42.713, 219.25 W, 100 %
2025/12/06 22:38:42.814, 219.23 W, 100 %
2025/12/06 22:38:42.914, 219.63 W, 100 %
2025/12/06 22:38:43.014, 219.38 W, 100 %
2025/12/06 22:38:43.114, 219.71 W, 100 %
2025/12/06 22:38:43.214, 219.51 W, 100 %
2025/12/06 22:38:43.314, 219.75 W, 100 %
2025/12/06 22:38:43.414, 219.66 W, 100 %
2025/12/06 22:38:43.514, 219.93 W, 100 %
2025/12/06 22:38:43.614, 219.97 W, 100 %
2025/12/06 22:38:43.714, 219.94 W, 100 %
2025/12/06 22:38:43.815, 219.68 W, 100 %
2025/12/06 22:38:43.915, 219.39 W, 100 %
2025/12/06 22:38:44.015, 219.82 W, 100 %
2025/12/06 22:38:44.115, 219.57 W, 100 %
2025/12/06 22:38:44.215, 219.42 W, 100 %
2025/12/06 22:38:44.315, 219.19 W, 100 %
2025/12/06 22:38:44.415, 220.22 W, 100 %
2025/12/06 22:38:44.515, 220.14 W, 100 %
2025/12/06 22:38:44.615, 219.63 W, 100 %
2025/12/06 22:38:44.715, 219.82 W, 100 %
2025/12/06 22:38:44.816, 219.37 W, 100 %
2025/12/06 22:38:44.916, 219.66 W, 100 %
2025/12/06 22:38:45.016, 219.30 W, 100 %
2025/12/06 22:38:45.116, 219.16 W, 100 %
2025/12/06 22:38:45.216, 219.51 W, 100 %
2025/12/06 22:38:45.316, 219.31 W, 100 %
2025/12/06 22:38:45.416, 219.72 W, 100 %
2025/12/06 22:38:45.516, 218.99 W, 100 %
2025/12/06 22:38:45.616, 219.25 W, 100 %
2025/12/06 22:38:45.716, 219.32 W, 100 %
2025/12/06 22:38:45.817, 219.06 W, 100 %
2025/12/06 22:38:45.917, 219.36 W, 100 %
2025/12/06 22:38:46.017, 219.28 W, 100 %
2025/12/06 22:38:46.117, 219.17 W, 100 %
2025/12/06 22:38:46.217, 219.21 W, 100 %
2025/12/06 22:38:46.317, 220.10 W, 99 %
2025/12/06 22:38:46.417, 219.75 W, 99 %
2025/12/06 22:38:46.517, 219.90 W, 100 %
2025/12/06 22:38:46.617, 220.15 W, 100 %
2025/12/06 22:38:46.717, 219.96 W, 100 %
2025/12/06 22:38:46.818, 219.76 W, 100 %
2025/12/06 22:38:46.918, 219.71 W, 100 %
2025/12/06 22:38:47.018, 220.08 W, 100 %
2025/12/06 22:38:47.118, 219.97 W, 100 %
2025/12/06 22:38:47.218, 219.88 W, 100 %
2025/12/06 22:38:47.318, 220.12 W, 100 %
2025/12/06 22:38:47.418, 219.24 W, 100 %
2025/12/06 22:38:47.518, 219.51 W, 100 %
2025/12/06 22:38:47.618, 219.47 W, 100 %
2025/12/06 22:38:47.718, 219.31 W, 100 %
2025/12/06 22:38:47.819, 219.18 W, 100 %
2025/12/06 22:38:47.919, 219.67 W, 100 %
2025/12/06 22:38:48.019, 219.71 W, 100 %
2025/12/06 22:38:48.119, 219.56 W, 100 %
2025/12/06 22:38:48.219, 220.79 W, 100 %
2025/12/06 22:38:48.319, 220.57 W, 100 %
2025/12/06 22:38:48.419, 220.57 W, 100 %
2025/12/06 22:38:48.519, 220.63 W, 100 %
2025/12/06 22:38:48.619, 220.26 W, 100 %
2025/12/06 22:38:48.719, 219.85 W, 100 %
2025/12/06 22:38:48.820, 220.52 W, 100 %
2025/12/06 22:38:48.920, 219.90 W, 100 %
2025/12/06 22:38:49.020, 219.77 W, 100 %
2025/12/06 22:38:49.120, 219.76 W, 100 %
2025/12/06 22:38:49.220, 220.09 W, 100 %
2025/12/06 22:38:49.320, 219.25 W, 100 %
2025/12/06 22:38:49.420, 219.18 W, 100 %
2025/12/06 22:38:49.520, 219.54 W, 100 %
2025/12/06 22:38:49.620, 219.39 W, 100 %
2025/12/06 22:38:49.720, 219.74 W, 100 %
2025/12/06 22:38:49.821, 220.17 W, 100 %
2025/12/06 22:38:49.921, 219.77 W, 100 %
2025/12/06 22:38:50.021, 220.10 W, 100 %
2025/12/06 22:38:50.121, 220.97 W, 99 %
2025/12/06 22:38:50.221, 221.19 W, 99 %
2025/12/06 22:38:50.321, 221.32 W, 100 %
2025/12/06 22:38:50.421, 221.28 W, 100 %
2025/12/06 22:38:50.521, 220.60 W, 100 %
2025/12/06 22:38:50.621, 220.21 W, 100 %
2025/12/06 22:38:50.721, 220.85 W, 100 %
2025/12/06 22:38:50.822, 220.26 W, 100 %
2025/12/06 22:38:50.922, 220.51 W, 100 %
2025/12/06 22:38:51.022, 220.24 W, 100 %
2025/12/06 22:38:51.122, 220.30 W, 100 %
2025/12/06 22:38:51.222, 219.85 W, 100 %
2025/12/06 22:38:51.322, 219.20 W, 100 %
2025/12/06 22:38:51.422, 219.45 W, 100 %
2025/12/06 22:38:51.522, 219.12 W, 100 %
2025/12/06 22:38:51.622, 219.55 W, 100 %
2025/12/06 22:38:51.722, 219.34 W, 100 %
2025/12/06 22:38:51.823, 219.60 W, 100 %
2025/12/06 22:38:51.923, 219.56 W, 100 %
2025/12/06 22:38:52.023, 217.24 W, 100 %
2025/12/06 22:38:52.123, 217.49 W, 100 %
2025/12/06 22:38:52.223, 217.02 W, 100 %
2025/12/06 22:38:52.323, 217.07 W, 100 %
2025/12/06 22:38:52.423, 216.56 W, 100 %
2025/12/06 22:38:52.523, 216.73 W, 100 %
2025/12/06 22:38:52.623, 216.51 W, 100 %
2025/12/06 22:38:52.723, 216.79 W, 100 %
2025/12/06 22:38:52.824, 216.59 W, 100 %
2025/12/06 22:38:52.924, 216.67 W, 100 %
2025/12/06 22:38:53.024, 217.08 W, 100 %
2025/12/06 22:38:53.124, 219.17 W, 100 %
2025/12/06 22:38:53.224, 219.35 W, 100 %
2025/12/06 22:38:53.324, 219.21 W, 100 %
2025/12/06 22:38:53.424, 219.21 W, 100 %
2025/12/06 22:38:53.524, 219.21 W, 100 %
2025/12/06 22:38:53.624, 219.08 W, 100 %
2025/12/06 22:38:53.724, 219.41 W, 100 %
2025/12/06 22:38:53.825, 219.36 W, 100 %
2025/12/06 22:38:53.925, 218.69 W, 100 %
2025/12/06 22:38:54.025, 219.29 W, 100 %
2025/12/06 22:38:54.125, 218.68 W, 100 %
2025/12/06 22:38:54.225, 218.32 W, 100 %
2025/12/06 22:38:54.325, 218.39 W, 100 %
2025/12/06 22:38:54.425, 218.38 W, 100 %
2025/12/06 22:38:54.525, 218.49 W, 100 %
2025/12/06 22:38:54.625, 218.47 W, 100 %
2025/12/06 22:38:54.725, 218.43 W, 100 %
2025/12/06 22:38:54.826, 218.35 W, 100 %
2025/12/06 22:38:54.926, 218.30 W, 100 %
2025/12/06 22:38:55.026, 219.20 W, 100 %
2025/12/06 22:38:55.126, 218.85 W, 100 %
2025/12/06 22:38:55.226, 218.87 W, 100 %
2025/12/06 22:38:55.326, 218.92 W, 100 %
2025/12/06 22:38:55.426, 219.00 W, 100 %
2025/12/06 22:38:55.526, 219.00 W, 100 %
2025/12/06 22:38:55.626, 218.76 W, 100 %
2025/12/06 22:38:55.726, 218.98 W, 100 %
2025/12/06 22:38:55.827, 218.98 W, 100 %
2025/12/06 22:38:55.927, 220.06 W, 99 %
2025/12/06 22:38:56.027, 219.05 W, 99 %
2025/12/06 22:38:56.127, 219.13 W, 100 %
2025/12/06 22:38:56.227, 219.11 W, 100 %
2025/12/06 22:38:56.327, 218.96 W, 100 %
2025/12/06 22:38:56.427, 219.43 W, 100 %
2025/12/06 22:38:56.527, 219.34 W, 100 %
2025/12/06 22:38:56.627, 219.35 W, 100 %
2025/12/06 22:38:56.727, 219.51 W, 100 %
2025/12/06 22:38:56.828, 219.59 W, 100 %
2025/12/06 22:38:56.928, 219.84 W, 100 %
2025/12/06 22:38:57.028, 218.88 W, 100 %
2025/12/06 22:38:57.128, 219.06 W, 100 %
2025/12/06 22:38:57.228, 218.93 W, 100 %
2025/12/06 22:38:57.328, 218.53 W, 100 %
2025/12/06 22:38:57.428, 218.54 W, 100 %
2025/12/06 22:38:57.528, 218.93 W, 100 %
2025/12/06 22:38:57.628, 218.74 W, 100 %
2025/12/06 22:38:57.728, 218.99 W, 100 %
2025/12/06 22:38:57.829, 219.98 W, 100 %
2025/12/06 22:38:57.929, 219.71 W, 100 %
2025/12/06 22:38:58.029, 219.45 W, 100 %
2025/12/06 22:38:58.129, 219.29 W, 100 %
2025/12/06 22:38:58.229, 219.54 W, 100 %
2025/12/06 22:38:58.329, 219.29 W, 100 %
2025/12/06 22:38:58.429, 219.50 W, 100 %
2025/12/06 22:38:58.529, 219.26 W, 100 %
2025/12/06 22:38:58.629, 219.11 W, 100 %
2025/12/06 22:38:58.729, 219.24 W, 100 %
2025/12/06 22:38:58.830, 218.10 W, 100 %
2025/12/06 22:38:58.930, 218.48 W, 100 %
2025/12/06 22:38:59.030, 218.53 W, 100 %
2025/12/06 22:38:59.130, 218.84 W, 100 %
2025/12/06 22:38:59.230, 219.02 W, 100 %
2025/12/06 22:38:59.330, 218.93 W, 100 %
2025/12/06 22:38:59.430, 218.98 W, 100 %
2025/12/06 22:38:59.530, 219.16 W, 100 %
2025/12/06 22:38:59.630, 219.33 W, 100 %
2025/12/06 22:38:59.730, 220.33 W, 99 %
2025/12/06 22:38:59.831, 220.41 W, 99 %
2025/12/06 22:38:59.931, 220.29 W, 100 %
2025/12/06 22:39:00.031, 220.08 W, 100 %
2025/12/06 22:39:00.131, 220.16 W, 100 %
2025/12/06 22:39:00.231, 220.33 W, 100 %
2025/12/06 22:39:00.331, 219.95 W, 100 %
2025/12/06 22:39:00.431, 220.30 W, 100 %
2025/12/06 22:39:00.531, 220.55 W, 100 %
2025/12/06 22:39:00.631, 220.35 W, 100 %
2025/12/06 22:39:00.731, 220.52 W, 100 %
2025/12/06 22:39:00.832, 219.26 W, 100 %
2025/12/06 22:39:00.932, 219.29 W, 100 %
2025/12/06 22:39:01.032, 219.27 W, 100 %
2025/12/06 22:39:01.132, 219.45 W, 100 %
2025/12/06 22:39:01.232, 219.40 W, 100 %
2025/12/06 22:39:01.332, 219.02 W, 100 %
2025/12/06 22:39:01.432, 219.23 W, 100 %
2025/12/06 22:39:01.532, 219.28 W, 100 %
2025/12/06 22:39:01.632, 220.24 W, 100 %
2025/12/06 22:39:01.732, 220.22 W, 100 %
2025/12/06 22:39:01.833, 220.23 W, 100 %
2025/12/06 22:39:01.933, 219.67 W, 100 %
2025/12/06 22:39:02.033, 219.54 W, 100 %
2025/12/06 22:39:02.133, 220.12 W, 100 %
2025/12/06 22:39:02.233, 219.74 W, 100 %
2025/12/06 22:39:02.333, 219.91 W, 100 %
2025/12/06 22:39:02.433, 220.01 W, 100 %
2025/12/06 22:39:02.533, 220.24 W, 100 %
2025/12/06 22:39:02.633, 220.18 W, 100 %
2025/12/06 22:39:02.733, 219.50 W, 100 %
2025/12/06 22:39:02.834, 219.57 W, 100 %
2025/12/06 22:39:02.934, 218.86 W, 100 %
2025/12/06 22:39:03.034, 219.03 W, 100 %
2025/12/06 22:39:03.134, 218.84 W, 100 %
2025/12/06 22:39:03.234, 219.28 W, 100 %
2025/12/06 22:39:03.334, 219.32 W, 100 %
2025/12/06 22:39:03.434, 219.37 W, 100 %
2025/12/06 22:39:03.534, 218.56 W, 99 %
2025/12/06 22:39:03.634, 218.82 W, 99 %
2025/12/06 22:39:03.734, 218.36 W, 100 %
2025/12/06 22:39:03.835, 217.95 W, 100 %
2025/12/06 22:39:03.935, 217.84 W, 100 %
2025/12/06 22:39:04.035, 217.87 W, 100 %
2025/12/06 22:39:04.135, 218.45 W, 100 %
2025/12/06 22:39:04.235, 218.16 W, 100 %
2025/12/06 22:39:04.335, 218.05 W, 100 %
2025/12/06 22:39:04.435, 218.00 W, 100 %
2025/12/06 22:39:04.535, 218.27 W, 100 %
2025/12/06 22:39:04.635, 219.30 W, 100 %
2025/12/06 22:39:04.735, 218.99 W, 100 %
2025/12/06 22:39:04.836, 219.83 W, 100 %
2025/12/06 22:39:04.936, 219.86 W, 100 %
2025/12/06 22:39:05.036, 219.50 W, 100 %
2025/12/06 22:39:05.136, 220.12 W, 100 %
2025/12/06 22:39:05.236, 219.71 W, 100 %
2025/12/06 22:39:05.336, 219.76 W, 100 %
2025/12/06 22:39:05.436, 217.79 W, 100 %
2025/12/06 22:39:05.536, 217.92 W, 99 %
2025/12/06 22:39:05.636, 217.21 W, 99 %
2025/12/06 22:39:05.736, 217.68 W, 100 %
2025/12/06 22:39:05.837, 217.33 W, 100 %
2025/12/06 22:39:05.937, 217.35 W, 100 %
2025/12/06 22:39:06.037, 216.82 W, 100 %
2025/12/06 22:39:06.137, 216.99 W, 100 %
2025/12/06 22:39:06.237, 216.91 W, 100 %
2025/12/06 22:39:06.337, 217.02 W, 100 %
2025/12/06 22:39:06.437, 217.40 W, 100 %
2025/12/06 22:39:06.537, 219.23 W, 100 %
2025/12/06 22:39:06.637, 219.53 W, 100 %
2025/12/06 22:39:06.737, 219.43 W, 100 %
2025/12/06 22:39:06.838, 219.44 W, 100 %
2025/12/06 22:39:06.938, 219.38 W, 100 %
2025/12/06 22:39:07.038, 218.82 W, 100 %
2025/12/06 22:39:07.138, 219.03 W, 100 %
2025/12/06 22:39:07.238, 219.10 W, 100 %
2025/12/06 22:39:07.338, 219.19 W, 100 %
2025/12/06 22:39:07.438, 219.30 W, 100 %
2025/12/06 22:39:07.538, 219.13 W, 100 %
2025/12/06 22:39:07.638, 219.23 W, 100 %
2025/12/06 22:39:07.738, 219.10 W, 100 %
2025/12/06 22:39:07.839, 219.15 W, 100 %
2025/12/06 22:39:07.939, 218.96 W, 100 %
2025/12/06 22:39:08.039, 219.69 W, 100 %
2025/12/06 22:39:08.139, 219.34 W, 100 %
2025/12/06 22:39:08.239, 220.08 W, 100 %
2025/12/06 22:39:08.339, 220.15 W, 100 %
2025/12/06 22:39:08.439, 219.67 W, 100 %
2025/12/06 22:39:08.539, 219.54 W, 100 %
2025/12/06 22:39:08.639, 219.46 W, 100 %
2025/12/06 22:39:08.739, 219.68 W, 100 %
2025/12/06 22:39:08.840, 219.79 W, 100 %
2025/12/06 22:39:08.940, 219.83 W, 100 %
2025/12/06 22:39:09.040, 219.61 W, 100 %
2025/12/06 22:39:09.140, 218.80 W, 100 %
2025/12/06 22:39:09.240, 219.11 W, 100 %
2025/12/06 22:39:09.340, 219.58 W, 99 %
2025/12/06 22:39:09.440, 219.67 W, 99 %
2025/12/06 22:39:09.540, 219.70 W, 100 %
2025/12/06 22:39:09.640, 219.72 W, 100 %
2025/12/06 22:39:09.740, 219.71 W, 100 %
2025/12/06 22:39:09.841, 219.67 W, 100 %
2025/12/06 22:39:09.941, 219.41 W, 100 %
2025/12/06 22:39:10.041, 218.64 W, 100 %
2025/12/06 22:39:10.141, 218.81 W, 100 %
2025/12/06 22:39:10.241, 219.49 W, 100 %
2025/12/06 22:39:10.341, 219.14 W, 100 %
2025/12/06 22:39:10.441, 218.74 W, 100 %
2025/12/06 22:39:10.541, 219.08 W, 100 %
2025/12/06 22:39:10.641, 218.71 W, 100 %
2025/12/06 22:39:10.741, 219.02 W, 100 %
2025/12/06 22:39:10.842, 218.70 W, 100 %
2025/12/06 22:39:10.942, 219.06 W, 100 %
2025/12/06 22:39:11.042, 219.42 W, 100 %
2025/12/06 22:39:11.142, 219.08 W, 100 %
2025/12/06 22:39:11.242, 220.52 W, 100 %
2025/12/06 22:39:11.342, 220.24 W, 100 %
2025/12/06 22:39:11.442, 220.67 W, 100 %
2025/12/06 22:39:11.542, 220.65 W, 100 %
2025/12/06 22:39:11.642, 220.74 W, 100 %
2025/12/06 22:39:11.742, 220.85 W, 100 %
2025/12/06 22:39:11.843, 220.82 W, 100 %
2025/12/06 22:39:11.943, 220.55 W, 100 %
2025/12/06 22:39:12.043, 219.98 W, 100 %
2025/12/06 22:39:12.143, 220.36 W, 100 %
2025/12/06 22:39:12.243, 220.54 W, 100 %
2025/12/06 22:39:12.343, 219.95 W, 100 %
2025/12/06 22:39:12.443, 219.53 W, 100 %
2025/12/06 22:39:12.543, 219.23 W, 100 %
2025/12/06 22:39:12.643, 219.35 W, 100 %
2025/12/06 22:39:12.743, 218.86 W, 100 %
2025/12/06 22:39:12.844, 219.10 W, 100 %
2025/12/06 22:39:12.944, 218.95 W, 100 %
2025/12/06 22:39:13.044, 219.10 W, 100 %
2025/12/06 22:39:13.144, 219.96 W, 99 %
2025/12/06 22:39:13.244, 220.65 W, 99 %
2025/12/06 22:39:13.344, 220.50 W, 100 %
2025/12/06 22:39:13.444, 219.86 W, 100 %
2025/12/06 22:39:13.544, 220.10 W, 100 %
2025/12/06 22:39:13.644, 220.12 W, 100 %
2025/12/06 22:39:13.744, 220.08 W, 100 %
2025/12/06 22:39:13.845, 220.26 W, 100 %
2025/12/06 22:39:13.945, 220.57 W, 100 %
2025/12/06 22:39:14.045, 220.13 W, 100 %
2025/12/06 22:39:14.145, 220.29 W, 100 %
2025/12/06 22:39:14.245, 219.63 W, 100 %
2025/12/06 22:39:14.345, 219.09 W, 100 %
2025/12/06 22:39:14.445, 219.02 W, 100 %
2025/12/06 22:39:14.545, 219.16 W, 100 %
2025/12/06 22:39:14.645, 219.37 W, 100 %
2025/12/06 22:39:14.745, 219.16 W, 100 %
2025/12/06 22:39:14.846, 219.31 W, 100 %
2025/12/06 22:39:14.946, 219.22 W, 100 %
2025/12/06 22:39:15.046, 209.37 W, 100 %
2025/12/06 22:39:15.146, 210.52 W, 90 %
2025/12/06 22:39:15.246, 210.01 W, 90 %
2025/12/06 22:39:15.346, 210.24 W, 100 %
2025/12/06 22:39:15.446, 210.54 W, 100 %
2025/12/06 22:39:15.546, 211.43 W, 100 %
2025/12/06 22:39:15.646, 210.95 W, 100 %
2025/12/06 22:39:15.746, 211.84 W, 100 %
2025/12/06 22:39:15.847, 211.04 W, 100 %
2025/12/06 22:39:15.947, 209.55 W, 100 %
2025/12/06 22:39:16.047, 210.07 W, 100 %
2025/12/06 22:39:16.147, 219.15 W, 100 %
2025/12/06 22:39:16.247, 219.18 W, 100 %
2025/12/06 22:39:16.347, 219.09 W, 100 %
2025/12/06 22:39:16.447, 218.75 W, 100 %
2025/12/06 22:39:16.547, 218.71 W, 100 %
2025/12/06 22:39:16.647, 219.08 W, 100 %
2025/12/06 22:39:16.747, 219.18 W, 100 %
2025/12/06 22:39:16.848, 218.81 W, 100 %
2025/12/06 22:39:16.948, 218.02 W, 100 %
2025/12/06 22:39:17.048, 220.42 W, 100 %
2025/12/06 22:39:17.148, 220.60 W, 100 %
2025/12/06 22:39:17.248, 220.35 W, 100 %
2025/12/06 22:39:17.348, 220.51 W, 100 %
2025/12/06 22:39:17.448, 220.00 W, 100 %
2025/12/06 22:39:17.548, 219.84 W, 100 %
2025/12/06 22:39:17.648, 219.49 W, 100 %
2025/12/06 22:39:17.748, 219.83 W, 100 %
2025/12/06 22:39:17.849, 219.57 W, 100 %
2025/12/06 22:39:17.949, 219.28 W, 100 %
2025/12/06 22:39:18.049, 219.93 W, 100 %
2025/12/06 22:39:18.149, 219.02 W, 100 %
2025/12/06 22:39:18.249, 219.16 W, 100 %
2025/12/06 22:39:18.349, 218.84 W, 100 %
2025/12/06 22:39:18.449, 219.16 W, 100 %
2025/12/06 22:39:18.549, 219.15 W, 100 %
2025/12/06 22:39:18.649, 219.79 W, 100 %
2025/12/06 22:39:18.749, 219.23 W, 100 %
2025/12/06 22:39:18.850, 219.21 W, 100 %
2025/12/06 22:39:18.950, 219.85 W, 99 %
2025/12/06 22:39:19.050, 220.04 W, 99 %
2025/12/06 22:39:19.150, 220.09 W, 100 %
2025/12/06 22:39:19.250, 220.07 W, 100 %
2025/12/06 22:39:19.350, 220.02 W, 100 %
2025/12/06 22:39:19.450, 219.91 W, 100 %
2025/12/06 22:39:19.550, 219.88 W, 100 %
2025/12/06 22:39:19.650, 220.12 W, 100 %
2025/12/06 22:39:19.750, 220.15 W, 100 %
2025/12/06 22:39:19.851, 220.03 W, 100 %
2025/12/06 22:39:19.951, 219.52 W, 100 %
2025/12/06 22:39:20.051, 219.82 W, 100 %
2025/12/06 22:39:20.151, 219.77 W, 100 %
2025/12/06 22:39:20.251, 219.85 W, 100 %
2025/12/06 22:39:20.351, 219.65 W, 100 %
2025/12/06 22:39:20.451, 219.78 W, 100 %
2025/12/06 22:39:20.551, 219.65 W, 100 %
2025/12/06 22:39:20.651, 219.76 W, 100 %
2025/12/06 22:39:20.751, 219.62 W, 100 %
2025/12/06 22:39:20.852, 220.57 W, 100 %
2025/12/06 22:39:20.952, 220.03 W, 100 %
2025/12/06 22:39:21.052, 220.12 W, 100 %
2025/12/06 22:39:21.152, 220.34 W, 100 %
2025/12/06 22:39:21.252, 220.05 W, 100 %
2025/12/06 22:39:21.352, 219.91 W, 100 %
2025/12/06 22:39:21.452, 220.16 W, 100 %
2025/12/06 22:39:21.552, 219.93 W, 100 %
2025/12/06 22:39:21.652, 220.13 W, 100 %
2025/12/06 22:39:21.752, 219.94 W, 100 %
2025/12/06 22:39:21.853, 220.30 W, 100 %
2025/12/06 22:39:21.953, 219.20 W, 100 %
2025/12/06 22:39:22.053, 219.92 W, 100 %
2025/12/06 22:39:22.153, 219.65 W, 100 %
2025/12/06 22:39:22.253, 219.29 W, 100 %
2025/12/06 22:39:22.353, 219.54 W, 100 %
2025/12/06 22:39:22.453, 219.64 W, 100 %
2025/12/06 22:39:22.553, 219.35 W, 100 %
2025/12/06 22:39:22.653, 219.21 W, 100 %
2025/12/06 22:39:22.753, 219.33 W, 99 %
2025/12/06 22:39:22.854, 219.82 W, 99 %
2025/12/06 22:39:22.954, 219.55 W, 100 %
2025/12/06 22:39:23.054, 219.90 W, 100 %
2025/12/06 22:39:23.154, 219.45 W, 100 %
2025/12/06 22:39:23.254, 218.72 W, 100 %
2025/12/06 22:39:23.354, 219.49 W, 100 %
2025/12/06 22:39:23.454, 219.72 W, 100 %
2025/12/06 22:39:23.554, 219.16 W, 100 %
2025/12/06 22:39:23.654, 219.44 W, 100 %
2025/12/06 22:39:23.754, 219.53 W, 100 %
2025/12/06 22:39:23.855, 218.91 W, 100 %
2025/12/06 22:39:23.955, 219.24 W, 100 %
2025/12/06 22:39:24.055, 218.80 W, 100 %
2025/12/06 22:39:24.155, 218.69 W, 100 %
2025/12/06 22:39:24.255, 218.57 W, 100 %
2025/12/06 22:39:24.355, 219.68 W, 100 %
2025/12/06 22:39:24.455, 219.41 W, 100 %
2025/12/06 22:39:24.555, 218.62 W, 100 %
2025/12/06 22:39:24.655, 215.71 W, 100 %
2025/12/06 22:39:24.755, 216.71 W, 100 %
2025/12/06 22:39:24.856, 216.08 W, 100 %
2025/12/06 22:39:24.956, 215.99 W, 100 %
2025/12/06 22:39:25.056, 216.28 W, 100 %
2025/12/06 22:39:25.156, 216.11 W, 100 %
2025/12/06 22:39:25.256, 216.25 W, 100 %
2025/12/06 22:39:25.356, 216.04 W, 100 %
2025/12/06 22:39:25.456, 216.51 W, 100 %
2025/12/06 22:39:25.556, 216.01 W, 100 %
2025/12/06 22:39:25.656, 216.60 W, 100 %
2025/12/06 22:39:25.756, 219.09 W, 100 %
2025/12/06 22:39:25.857, 219.12 W, 100 %
2025/12/06 22:39:25.957, 219.37 W, 100 %
2025/12/06 22:39:26.057, 219.23 W, 100 %
2025/12/06 22:39:26.157, 219.54 W, 100 %
2025/12/06 22:39:26.257, 219.68 W, 100 %
2025/12/06 22:39:26.357, 219.37 W, 100 %
2025/12/06 22:39:26.457, 219.19 W, 100 %
2025/12/06 22:39:26.557, 219.31 W, 100 %
2025/12/06 22:39:26.657, 219.86 W, 100 %
2025/12/06 22:39:26.757, 219.34 W, 100 %
2025/12/06 22:39:26.858, 219.31 W, 100 %
2025/12/06 22:39:26.958, 219.19 W, 100 %
2025/12/06 22:39:27.058, 219.58 W, 100 %
2025/12/06 22:39:27.158, 219.35 W, 100 %
2025/12/06 22:39:27.258, 219.27 W, 100 %
2025/12/06 22:39:27.358, 218.95 W, 100 %
2025/12/06 22:39:27.458, 219.32 W, 100 %
2025/12/06 22:39:27.558, 218.92 W, 100 %
2025/12/06 22:39:27.658, 219.09 W, 100 %
2025/12/06 22:39:27.758, 219.48 W, 100 %
2025/12/06 22:39:27.859, 219.42 W, 100 %
2025/12/06 22:39:27.959, 219.13 W, 100 %
2025/12/06 22:39:28.059, 219.16 W, 100 %
2025/12/06 22:39:28.159, 219.35 W, 100 %
2025/12/06 22:39:28.259, 219.25 W, 100 %
2025/12/06 22:39:28.359, 219.39 W, 100 %
2025/12/06 22:39:28.459, 219.26 W, 100 %
2025/12/06 22:39:28.559, 220.43 W, 99 %
2025/12/06 22:39:28.659, 220.15 W, 99 %
2025/12/06 22:39:28.759, 219.99 W, 100 %
2025/12/06 22:39:28.860, 220.04 W, 100 %
2025/12/06 22:39:28.960, 219.55 W, 100 %
2025/12/06 22:39:29.060, 220.13 W, 100 %
2025/12/06 22:39:29.160, 220.01 W, 100 %
2025/12/06 22:39:29.260, 219.82 W, 100 %
2025/12/06 22:39:29.360, 220.18 W, 100 %
2025/12/06 22:39:29.460, 220.83 W, 100 %
2025/12/06 22:39:29.560, 220.79 W, 100 %
2025/12/06 22:39:29.660, 219.51 W, 100 %
2025/12/06 22:39:29.760, 219.92 W, 100 %
2025/12/06 22:39:29.861, 219.60 W, 100 %
2025/12/06 22:39:29.961, 218.96 W, 100 %
2025/12/06 22:39:30.061, 219.41 W, 100 %
2025/12/06 22:39:30.161, 219.25 W, 100 %
2025/12/06 22:39:30.261, 219.16 W, 100 %
2025/12/06 22:39:30.361, 219.24 W, 100 %
2025/12/06 22:39:30.461, 220.02 W, 100 %
2025/12/06 22:39:30.561, 219.70 W, 100 %
2025/12/06 22:39:30.661, 219.71 W, 100 %
2025/12/06 22:39:30.761, 219.63 W, 100 %
2025/12/06 22:39:30.862, 218.95 W, 100 %
2025/12/06 22:39:30.962, 219.00 W, 100 %
2025/12/06 22:39:31.062, 219.41 W, 100 %
2025/12/06 22:39:31.162, 219.73 W, 100 %
2025/12/06 22:39:31.262, 219.46 W, 100 %
2025/12/06 22:39:31.362, 219.72 W, 100 %
2025/12/06 22:39:31.462, 219.59 W, 100 %
2025/12/06 22:39:31.562, 219.02 W, 100 %
2025/12/06 22:39:31.662, 218.89 W, 100 %
2025/12/06 22:39:31.762, 219.04 W, 100 %
2025/12/06 22:39:31.863, 219.36 W, 100 %
2025/12/06 22:39:31.963, 218.58 W, 100 %
2025/12/06 22:39:32.063, 219.10 W, 100 %
2025/12/06 22:39:32.163, 218.67 W, 100 %
2025/12/06 22:39:32.263, 218.98 W, 100 %
2025/12/06 22:39:32.363, 220.20 W, 99 %
2025/12/06 22:39:32.463, 219.65 W, 99 %
2025/12/06 22:39:32.563, 219.86 W, 100 %
2025/12/06 22:39:32.663, 219.51 W, 100 %
2025/12/06 22:39:32.763, 219.80 W, 100 %
2025/12/06 22:39:32.864, 220.09 W, 100 %
2025/12/06 22:39:32.964, 220.38 W, 100 %
2025/12/06 22:39:33.064, 220.22 W, 100 %
2025/12/06 22:39:33.164, 220.20 W, 100 %
2025/12/06 22:39:33.264, 220.36 W, 100 %
2025/12/06 22:39:33.364, 220.29 W, 100 %
2025/12/06 22:39:33.464, 219.48 W, 100 %
2025/12/06 22:39:33.564, 219.52 W, 100 %
2025/12/06 22:39:33.664, 219.42 W, 100 %
2025/12/06 22:39:33.764, 219.38 W, 100 %
2025/12/06 22:39:33.865, 219.14 W, 100 %
2025/12/06 22:39:33.965, 218.53 W, 100 %
2025/12/06 22:39:34.065, 218.93 W, 100 %
2025/12/06 22:39:34.165, 218.64 W, 100 %
2025/12/06 22:39:34.265, 219.19 W, 100 %
2025/12/06 22:39:34.365, 218.61 W, 100 %
2025/12/06 22:39:34.465, 218.84 W, 100 %
2025/12/06 22:39:34.565, 219.08 W, 100 %
2025/12/06 22:39:34.665, 218.98 W, 100 %
2025/12/06 22:39:34.765, 219.14 W, 100 %
2025/12/06 22:39:34.866, 219.08 W, 100 %
2025/12/06 22:39:34.966, 218.67 W, 100 %
2025/12/06 22:39:35.066, 218.98 W, 100 %
2025/12/06 22:39:35.166, 218.90 W, 100 %
2025/12/06 22:39:35.266, 219.34 W, 100 %
2025/12/06 22:39:35.366, 218.72 W, 100 %
2025/12/06 22:39:35.466, 219.44 W, 100 %
2025/12/06 22:39:35.566, 218.93 W, 100 %
2025/12/06 22:39:35.666, 219.33 W, 100 %
2025/12/06 22:39:35.766, 219.06 W, 100 %
2025/12/06 22:39:35.867, 219.10 W, 100 %
2025/12/06 22:39:35.967, 219.15 W, 100 %
2025/12/06 22:39:36.067, 219.83 W, 100 %
2025/12/06 22:39:36.167, 218.61 W, 99 %
2025/12/06 22:39:36.267, 218.36 W, 99 %
2025/12/06 22:39:36.367, 218.42 W, 100 %
2025/12/06 22:39:36.467, 218.21 W, 100 %
2025/12/06 22:39:36.567, 218.23 W, 100 %
2025/12/06 22:39:36.667, 217.89 W, 100 %
2025/12/06 22:39:36.767, 217.88 W, 100 %
2025/12/06 22:39:36.868, 217.54 W, 100 %
2025/12/06 22:39:36.968, 217.63 W, 100 %
2025/12/06 22:39:37.068, 217.53 W, 100 %
2025/12/06 22:39:37.168, 217.18 W, 100 %
2025/12/06 22:39:37.268, 218.70 W, 100 %
2025/12/06 22:39:37.368, 218.62 W, 100 %
2025/12/06 22:39:37.468, 218.70 W, 100 %
2025/12/06 22:39:37.568, 218.65 W, 100 %
2025/12/06 22:39:37.668, 218.75 W, 100 %
2025/12/06 22:39:37.768, 218.79 W, 100 %
2025/12/06 22:39:37.869, 218.30 W, 100 %
2025/12/06 22:39:37.969, 218.65 W, 100 %
2025/12/06 22:39:38.069, 217.16 W, 100 %
2025/12/06 22:39:38.169, 218.16 W, 99 %
2025/12/06 22:39:38.269, 217.48 W, 99 %
2025/12/06 22:39:38.369, 217.79 W, 100 %
2025/12/06 22:39:38.469, 218.02 W, 100 %
2025/12/06 22:39:38.569, 217.97 W, 100 %
2025/12/06 22:39:38.669, 218.10 W, 100 %
2025/12/06 22:39:38.769, 217.73 W, 100 %
2025/12/06 22:39:38.870, 217.56 W, 100 %
2025/12/06 22:39:38.970, 217.73 W, 100 %
2025/12/06 22:39:39.070, 217.86 W, 100 %
2025/12/06 22:39:39.170, 219.49 W, 100 %
2025/12/06 22:39:39.270, 218.77 W, 100 %
2025/12/06 22:39:39.370, 219.51 W, 100 %
2025/12/06 22:39:39.470, 218.96 W, 100 %
2025/12/06 22:39:39.570, 219.32 W, 100 %
2025/12/06 22:39:39.670, 218.98 W, 100 %
2025/12/06 22:39:39.770, 219.40 W, 100 %
2025/12/06 22:39:39.871, 219.67 W, 100 %
2025/12/06 22:39:39.971, 219.09 W, 100 %
2025/12/06 22:39:40.071, 220.12 W, 100 %
2025/12/06 22:39:40.171, 219.44 W, 100 %
2025/12/06 22:39:40.271, 220.05 W, 100 %
2025/12/06 22:39:40.371, 220.24 W, 100 %
2025/12/06 22:39:40.471, 219.72 W, 100 %
2025/12/06 22:39:40.571, 219.27 W, 100 %
2025/12/06 22:39:40.671, 219.14 W, 100 %
2025/12/06 22:39:40.771, 219.12 W, 100 %
2025/12/06 22:39:40.872, 219.08 W, 100 %
2025/12/06 22:39:40.972, 219.80 W, 100 %
2025/12/06 22:39:41.072, 219.07 W, 100 %
2025/12/06 22:39:41.172, 219.27 W, 100 %
2025/12/06 22:39:41.272, 219.77 W, 100 %
2025/12/06 22:39:41.372, 219.48 W, 100 %
2025/12/06 22:39:41.472, 219.40 W, 100 %
2025/12/06 22:39:41.572, 219.31 W, 100 %
2025/12/06 22:39:41.672, 219.15 W, 100 %
2025/12/06 22:39:41.772, 219.03 W, 100 %
2025/12/06 22:39:41.873, 219.18 W, 100 %
2025/12/06 22:39:41.973, 219.94 W, 99 %
2025/12/06 22:39:42.073, 219.98 W, 99 %
2025/12/06 22:39:42.173, 220.19 W, 100 %
2025/12/06 22:39:42.273, 219.87 W, 100 %
2025/12/06 22:39:42.373, 220.19 W, 100 %
2025/12/06 22:39:42.473, 219.86 W, 100 %
2025/12/06 22:39:42.573, 219.68 W, 100 %
2025/12/06 22:39:42.673, 219.59 W, 100 %
2025/12/06 22:39:42.773, 220.55 W, 100 %
2025/12/06 22:39:42.874, 219.85 W, 100 %
2025/12/06 22:39:42.974, 219.72 W, 100 %
2025/12/06 22:39:43.074, 219.24 W, 100 %
2025/12/06 22:39:43.174, 218.82 W, 100 %
2025/12/06 22:39:43.274, 219.07 W, 100 %
2025/12/06 22:39:43.374, 219.07 W, 100 %
2025/12/06 22:39:43.474, 219.07 W, 100 %
2025/12/06 22:39:43.574, 219.07 W, 100 %
2025/12/06 22:39:43.674, 219.05 W, 100 %
2025/12/06 22:39:43.774, 219.05 W, 100 %
2025/12/06 22:39:43.875, 219.78 W, 100 %
2025/12/06 22:39:43.975, 220.23 W, 100 %
2025/12/06 22:39:44.075, 219.68 W, 100 %
2025/12/06 22:39:44.175, 219.88 W, 100 %
2025/12/06 22:39:44.275, 219.70 W, 100 %
2025/12/06 22:39:44.375, 219.68 W, 100 %
2025/12/06 22:39:44.475, 219.80 W, 100 %
2025/12/06 22:39:44.575, 219.68 W, 100 %
2025/12/06 22:39:44.675, 219.57 W, 100 %
2025/12/06 22:39:44.775, 220.26 W, 100 %
2025/12/06 22:39:44.876, 219.53 W, 100 %
2025/12/06 22:39:44.976, 219.71 W, 100 %
2025/12/06 22:39:45.076, 219.68 W, 100 %
2025/12/06 22:39:45.176, 219.61 W, 100 %
2025/12/06 22:39:45.276, 219.25 W, 100 %
2025/12/06 22:39:45.376, 219.21 W, 100 %
2025/12/06 22:39:45.476, 219.37 W, 100 %
2025/12/06 22:39:45.576, 219.17 W, 100 %
2025/12/06 22:39:45.676, 219.59 W, 100 %
2025/12/06 22:39:45.776, 220.10 W, 100 %
2025/12/06 22:39:45.877, 219.68 W, 100 %
2025/12/06 22:39:45.977, 219.42 W, 100 %
2025/12/06 22:39:46.077, 219.25 W, 100 %
2025/12/06 22:39:46.177, 219.28 W, 100 %
2025/12/06 22:39:46.277, 219.13 W, 100 %
2025/12/06 22:39:46.377, 219.68 W, 100 %
2025/12/06 22:39:46.477, 219.52 W, 100 %
2025/12/06 22:39:46.577, 219.44 W, 100 %
2025/12/06 22:39:46.677, 219.21 W, 100 %
2025/12/06 22:39:46.777, 218.36 W, 100 %
2025/12/06 22:39:46.878, 218.75 W, 100 %
2025/12/06 22:39:46.978, 218.96 W, 100 %
2025/12/06 22:39:47.078, 219.30 W, 100 %
2025/12/06 22:39:47.178, 219.31 W, 100 %
2025/12/06 22:39:47.278, 219.28 W, 100 %
2025/12/06 22:39:47.378, 219.11 W, 100 %
2025/12/06 22:39:47.478, 219.34 W, 100 %
2025/12/06 22:39:47.578, 218.58 W, 99 %
2025/12/06 22:39:47.678, 218.74 W, 99 %
2025/12/06 22:39:47.778, 218.80 W, 100 %
2025/12/06 22:39:47.879, 218.75 W, 100 %
2025/12/06 22:39:47.979, 218.85 W, 100 %
2025/12/06 22:39:48.079, 218.48 W, 100 %
2025/12/06 22:39:48.179, 218.43 W, 100 %
2025/12/06 22:39:48.279, 218.30 W, 100 %
2025/12/06 22:39:48.379, 218.23 W, 100 %
2025/12/06 22:39:48.479, 217.88 W, 100 %
2025/12/06 22:39:48.579, 217.89 W, 100 %
2025/12/06 22:39:48.679, 218.97 W, 100 %
2025/12/06 22:39:48.779, 218.87 W, 100 %
2025/12/06 22:39:48.880, 218.60 W, 100 %
2025/12/06 22:39:48.980, 218.70 W, 100 %
2025/12/06 22:39:49.080, 218.43 W, 100 %
2025/12/06 22:39:49.180, 218.67 W, 100 %
2025/12/06 22:39:49.280, 218.52 W, 100 %
2025/12/06 22:39:49.380, 218.99 W, 100 %
2025/12/06 22:39:49.480, 217.44 W, 100 %
2025/12/06 22:39:49.580, 218.06 W, 99 %
2025/12/06 22:39:49.680, 217.14 W, 99 %
2025/12/06 22:39:49.780, 217.46 W, 100 %
2025/12/06 22:39:49.881, 217.26 W, 100 %
2025/12/06 22:39:49.981, 217.57 W, 100 %
2025/12/06 22:39:50.081, 217.68 W, 100 %
2025/12/06 22:39:50.181, 217.54 W, 100 %
2025/12/06 22:39:50.281, 217.50 W, 100 %
2025/12/06 22:39:50.381, 217.76 W, 100 %
2025/12/06 22:39:50.481, 217.92 W, 100 %
2025/12/06 22:39:50.581, 219.65 W, 100 %
2025/12/06 22:39:50.681, 219.26 W, 100 %
2025/12/06 22:39:50.781, 219.61 W, 100 %
2025/12/06 22:39:50.882, 219.27 W, 100 %
2025/12/06 22:39:50.982, 219.63 W, 100 %
2025/12/06 22:39:51.082, 219.48 W, 100 %
2025/12/06 22:39:51.182, 219.61 W, 100 %
2025/12/06 22:39:51.282, 219.51 W, 100 %
2025/12/06 22:39:51.382, 219.65 W, 100 %
2025/12/06 22:39:51.482, 220.01 W, 100 %
2025/12/06 22:39:51.582, 219.65 W, 100 %
2025/12/06 22:39:51.682, 219.35 W, 100 %
2025/12/06 22:39:51.782, 218.94 W, 100 %
2025/12/06 22:39:51.883, 218.96 W, 100 %
2025/12/06 22:39:51.983, 218.86 W, 100 %
2025/12/06 22:39:52.083, 218.77 W, 100 %
2025/12/06 22:39:52.183, 219.26 W, 100 %
2025/12/06 22:39:52.283, 219.04 W, 100 %
2025/12/06 22:39:52.383, 219.37 W, 100 %
2025/12/06 22:39:52.483, 218.68 W, 100 %
2025/12/06 22:39:52.583, 218.95 W, 100 %
2025/12/06 22:39:52.683, 219.12 W, 100 %
2025/12/06 22:39:52.783, 219.49 W, 100 %
2025/12/06 22:39:52.884, 219.07 W, 100 %
2025/12/06 22:39:52.984, 219.15 W, 100 %
2025/12/06 22:39:53.084, 219.10 W, 100 %
2025/12/06 22:39:53.184, 218.88 W, 100 %
2025/12/06 22:39:53.284, 219.04 W, 100 %
2025/12/06 22:39:53.384, 219.75 W, 99 %
2025/12/06 22:39:53.484, 219.63 W, 99 %
2025/12/06 22:39:53.584, 219.94 W, 100 %
2025/12/06 22:39:53.684, 219.65 W, 100 %
2025/12/06 22:39:53.784, 219.59 W, 100 %
2025/12/06 22:39:53.885, 218.87 W, 100 %
2025/12/06 22:39:53.985, 219.61 W, 100 %
2025/12/06 22:39:54.085, 219.19 W, 100 %
2025/12/06 22:39:54.185, 219.80 W, 100 %
2025/12/06 22:39:54.285, 220.04 W, 100 %
2025/12/06 22:39:54.385, 219.90 W, 100 %
2025/12/06 22:39:54.485, 219.44 W, 100 %
2025/12/06 22:39:54.586, 219.18 W, 100 %
2025/12/06 22:39:54.686, 219.35 W, 100 %
2025/12/06 22:39:54.786, 218.73 W, 100 %
2025/12/06 22:39:54.886, 219.16 W, 100 %
2025/12/06 22:39:54.986, 219.37 W, 100 %
2025/12/06 22:39:55.086, 219.29 W, 100 %
2025/12/06 22:39:55.186, 220.05 W, 100 %
2025/12/06 22:39:55.286, 220.02 W, 100 %
2025/12/06 22:39:55.387, 220.07 W, 100 %
2025/12/06 22:39:55.487, 220.36 W, 100 %
2025/12/06 22:39:55.587, 219.90 W, 100 %
2025/12/06 22:39:55.687, 219.76 W, 100 %
2025/12/06 22:39:55.787, 219.20 W, 100 %
2025/12/06 22:39:55.887, 220.16 W, 100 %
2025/12/06 22:39:55.987, 219.61 W, 100 %
2025/12/06 22:39:56.087, 220.01 W, 100 %
2025/12/06 22:39:56.187, 219.78 W, 100 %
2025/12/06 22:39:56.287, 219.53 W, 100 %
2025/12/06 22:39:56.388, 219.13 W, 100 %
2025/12/06 22:39:56.488, 219.06 W, 100 %
2025/12/06 22:39:56.588, 219.15 W, 100 %
2025/12/06 22:39:56.688, 219.19 W, 100 %
2025/12/06 22:39:56.788, 219.21 W, 100 %
2025/12/06 22:39:56.888, 219.26 W, 100 %
2025/12/06 22:39:56.988, 219.21 W, 100 %
2025/12/06 22:39:57.088, 219.30 W, 100 %
2025/12/06 22:39:57.188, 219.96 W, 99 %
2025/12/06 22:39:57.288, 219.59 W, 99 %
2025/12/06 22:39:57.389, 219.89 W, 100 %
2025/12/06 22:39:57.489, 219.99 W, 100 %
2025/12/06 22:39:57.589, 219.80 W, 100 %
2025/12/06 22:39:57.689, 220.00 W, 100 %
2025/12/06 22:39:57.789, 219.83 W, 100 %
2025/12/06 22:39:57.889, 219.81 W, 100 %
2025/12/06 22:39:57.989, 219.71 W, 100 %
2025/12/06 22:39:58.089, 219.69 W, 100 %
2025/12/06 22:39:58.189, 219.60 W, 100 %
2025/12/06 22:39:58.289, 219.82 W, 100 %
2025/12/06 22:39:58.390, 219.83 W, 100 %
2025/12/06 22:39:58.490, 219.95 W, 100 %
2025/12/06 22:39:58.590, 220.16 W, 100 %
2025/12/06 22:39:58.690, 220.04 W, 100 %
2025/12/06 22:39:58.790, 220.04 W, 100 %
2025/12/06 22:39:58.890, 220.32 W, 100 %
2025/12/06 22:39:58.990, 220.92 W, 100 %
2025/12/06 22:39:59.090, 218.49 W, 100 %
2025/12/06 22:39:59.190, 218.43 W, 100 %
2025/12/06 22:39:59.290, 218.10 W, 100 %
2025/12/06 22:39:59.391, 218.17 W, 100 %
2025/12/06 22:39:59.491, 218.14 W, 100 %
2025/12/06 22:39:59.591, 217.90 W, 100 %
2025/12/06 22:39:59.691, 217.28 W, 100 %
2025/12/06 22:39:59.791, 217.72 W, 100 %
2025/12/06 22:39:59.891, 216.96 W, 100 %
2025/12/06 22:39:59.991, 217.00 W, 100 %
2025/12/06 22:40:00.091, 217.05 W, 100 %
2025/12/06 22:40:00.191, 218.84 W, 100 %
2025/12/06 22:40:00.291, 219.25 W, 100 %
2025/12/06 22:40:00.392, 219.07 W, 100 %
2025/12/06 22:40:00.492, 219.29 W, 100 %
2025/12/06 22:40:00.592, 219.23 W, 100 %
2025/12/06 22:40:00.692, 219.41 W, 100 %
2025/12/06 22:40:00.792, 219.47 W, 100 %
2025/12/06 22:40:00.892, 219.10 W, 100 %
2025/12/06 22:40:00.992, 218.35 W, 100 %
2025/12/06 22:40:01.092, 218.67 W, 100 %
2025/12/06 22:40:01.192, 218.95 W, 100 %
2025/12/06 22:40:01.292, 219.23 W, 100 %
2025/12/06 22:40:01.393, 219.08 W, 100 %
2025/12/06 22:40:01.493, 219.43 W, 100 %
2025/12/06 22:40:01.593, 219.12 W, 100 %
2025/12/06 22:40:01.693, 219.50 W, 100 %
2025/12/06 22:40:01.793, 219.06 W, 100 %
2025/12/06 22:40:01.893, 218.64 W, 100 %
2025/12/06 22:40:01.993, 218.63 W, 100 %
2025/12/06 22:40:02.093, 220.28 W, 100 %
2025/12/06 22:40:02.193, 219.54 W, 100 %
2025/12/06 22:40:02.293, 219.30 W, 100 %
2025/12/06 22:40:02.394, 219.58 W, 100 %
2025/12/06 22:40:02.494, 219.00 W, 100 %
2025/12/06 22:40:02.594, 219.40 W, 100 %
2025/12/06 22:40:02.694, 218.94 W, 100 %
2025/12/06 22:40:02.794, 218.82 W, 100 %
2025/12/06 22:40:02.894, 218.59 W, 100 %
2025/12/06 22:40:02.994, 219.67 W, 99 %
2025/12/06 22:40:03.094, 219.58 W, 99 %
2025/12/06 22:40:03.194, 218.79 W, 100 %
2025/12/06 22:40:03.294, 219.62 W, 100 %
2025/12/06 22:40:03.395, 219.79 W, 100 %
2025/12/06 22:40:03.495, 220.00 W, 100 %
2025/12/06 22:40:03.595, 219.60 W, 100 %
2025/12/06 22:40:03.695, 219.41 W, 100 %
2025/12/06 22:40:03.795, 219.43 W, 100 %
2025/12/06 22:40:03.895, 219.41 W, 100 %
2025/12/06 22:40:03.995, 219.94 W, 100 %
2025/12/06 22:40:04.095, 219.33 W, 100 %
2025/12/06 22:40:04.195, 219.49 W, 100 %
2025/12/06 22:40:04.295, 219.22 W, 100 %
2025/12/06 22:40:04.396, 219.09 W, 100 %
2025/12/06 22:40:04.496, 219.23 W, 100 %
2025/12/06 22:40:04.596, 219.45 W, 100 %
2025/12/06 22:40:04.696, 219.71 W, 100 %
2025/12/06 22:40:04.796, 219.76 W, 100 %
2025/12/06 22:40:04.896, 220.08 W, 100 %
2025/12/06 22:40:04.996, 219.79 W, 100 %
2025/12/06 22:40:05.096, 219.90 W, 100 %
2025/12/06 22:40:05.196, 219.67 W, 100 %
2025/12/06 22:40:05.296, 219.27 W, 100 %
2025/12/06 22:40:05.397, 219.74 W, 100 %
2025/12/06 22:40:05.497, 219.72 W, 100 %
2025/12/06 22:40:05.597, 219.79 W, 100 %
2025/12/06 22:40:05.697, 219.46 W, 100 %
2025/12/06 22:40:05.797, 219.57 W, 100 %
2025/12/06 22:40:05.897, 219.82 W, 100 %
2025/12/06 22:40:05.997, 219.56 W, 100 %
2025/12/06 22:40:06.097, 219.38 W, 100 %
2025/12/06 22:40:06.197, 219.72 W, 100 %
2025/12/06 22:40:06.297, 219.67 W, 100 %
2025/12/06 22:40:06.398, 219.69 W, 100 %
2025/12/06 22:40:06.498, 219.40 W, 100 %
2025/12/06 22:40:06.598, 219.39 W, 100 %
2025/12/06 22:40:06.698, 219.16 W, 100 %
2025/12/06 22:40:06.798, 220.26 W, 99 %
2025/12/06 22:40:06.898, 220.01 W, 99 %
2025/12/06 22:40:06.998, 219.60 W, 100 %
2025/12/06 22:40:07.098, 219.24 W, 100 %
2025/12/06 22:40:07.198, 219.53 W, 100 %
2025/12/06 22:40:07.298, 219.32 W, 100 %
2025/12/06 22:40:07.399, 219.67 W, 100 %
2025/12/06 22:40:07.499, 219.85 W, 100 %
2025/12/06 22:40:07.599, 219.84 W, 100 %
2025/12/06 22:40:07.699, 219.95 W, 100 %
2025/12/06 22:40:07.799, 220.04 W, 100 %
2025/12/06 22:40:07.899, 218.98 W, 100 %
2025/12/06 22:40:07.999, 219.18 W, 100 %
2025/12/06 22:40:08.099, 219.09 W, 100 %
2025/12/06 22:40:08.199, 218.85 W, 100 %
2025/12/06 22:40:08.299, 218.96 W, 100 %
2025/12/06 22:40:08.400, 218.67 W, 100 %
2025/12/06 22:40:08.500, 218.66 W, 100 %
2025/12/06 22:40:08.600, 218.96 W, 100 %
2025/12/06 22:40:08.700, 218.81 W, 100 %
2025/12/06 22:40:08.800, 219.16 W, 100 %
2025/12/06 22:40:08.900, 218.62 W, 100 %
2025/12/06 22:40:09.000, 218.91 W, 100 %
2025/12/06 22:40:09.100, 218.78 W, 100 %
2025/12/06 22:40:09.200, 218.56 W, 100 %
2025/12/06 22:40:09.300, 219.21 W, 100 %
2025/12/06 22:40:09.401, 218.91 W, 100 %
2025/12/06 22:40:09.501, 219.04 W, 100 %
2025/12/06 22:40:09.601, 219.40 W, 100 %
2025/12/06 22:40:09.701, 219.03 W, 100 %
2025/12/06 22:40:09.801, 219.28 W, 100 %
2025/12/06 22:40:09.901, 218.86 W, 100 %
2025/12/06 22:40:10.001, 219.45 W, 100 %
2025/12/06 22:40:10.101, 219.24 W, 100 %
2025/12/06 22:40:10.201, 219.64 W, 100 %
2025/12/06 22:40:10.301, 219.30 W, 100 %
2025/12/06 22:40:10.402, 219.29 W, 100 %
2025/12/06 22:40:10.502, 220.10 W, 100 %
2025/12/06 22:40:10.602, 217.66 W, 99 %
2025/12/06 22:40:10.702, 218.31 W, 99 %
2025/12/06 22:40:10.802, 217.71 W, 100 %
2025/12/06 22:40:10.902, 218.09 W, 100 %
2025/12/06 22:40:11.002, 217.94 W, 100 %
2025/12/06 22:40:11.102, 217.91 W, 100 %
2025/12/06 22:40:11.202, 217.55 W, 100 %
2025/12/06 22:40:11.302, 217.55 W, 100 %
2025/12/06 22:40:11.403, 218.06 W, 100 %
2025/12/06 22:40:11.503, 217.57 W, 100 %
2025/12/06 22:40:11.603, 217.91 W, 100 %
2025/12/06 22:40:11.703, 219.59 W, 100 %
2025/12/06 22:40:11.803, 219.19 W, 100 %
2025/12/06 22:40:11.903, 219.01 W, 100 %
2025/12/06 22:40:12.003, 219.20 W, 100 %
2025/12/06 22:40:12.103, 219.24 W, 100 %
2025/12/06 22:40:12.203, 218.91 W, 100 %
2025/12/06 22:40:12.303, 218.88 W, 100 %
2025/12/06 22:40:12.404, 218.64 W, 100 %
2025/12/06 22:40:12.504, 218.82 W, 100 %
2025/12/06 22:40:12.604, 219.40 W, 99 %
2025/12/06 22:40:12.704, 218.98 W, 99 %
2025/12/06 22:40:12.804, 219.30 W, 100 %
2025/12/06 22:40:12.904, 219.33 W, 100 %
2025/12/06 22:40:13.004, 219.53 W, 100 %
2025/12/06 22:40:13.104, 219.13 W, 100 %
2025/12/06 22:40:13.204, 219.00 W, 100 %
2025/12/06 22:40:13.304, 219.03 W, 100 %
2025/12/06 22:40:13.405, 219.26 W, 100 %
2025/12/06 22:40:13.505, 219.50 W, 100 %
2025/12/06 22:40:13.605, 219.20 W, 100 %
2025/12/06 22:40:13.705, 218.78 W, 100 %
2025/12/06 22:40:13.805, 219.03 W, 100 %
2025/12/06 22:40:13.905, 218.60 W, 100 %
2025/12/06 22:40:14.005, 218.20 W, 100 %
2025/12/06 22:40:14.105, 218.61 W, 100 %
2025/12/06 22:40:14.205, 218.58 W, 100 %
2025/12/06 22:40:14.305, 218.49 W, 100 %
2025/12/06 22:40:14.406, 218.91 W, 100 %
2025/12/06 22:40:14.506, 219.38 W, 100 %
2025/12/06 22:40:14.606, 219.48 W, 100 %
2025/12/06 22:40:14.706, 219.62 W, 100 %
2025/12/06 22:40:14.806, 219.46 W, 100 %
2025/12/06 22:40:14.906, 219.08 W, 100 %
2025/12/06 22:40:15.006, 219.18 W, 100 %
2025/12/06 22:40:15.106, 219.14 W, 100 %
2025/12/06 22:40:15.206, 219.26 W, 100 %
2025/12/06 22:40:15.306, 219.20 W, 100 %
2025/12/06 22:40:15.407, 219.27 W, 100 %
2025/12/06 22:40:15.507, 219.53 W, 100 %
2025/12/06 22:40:15.607, 218.78 W, 100 %
2025/12/06 22:40:15.707, 219.01 W, 100 %
2025/12/06 22:40:15.807, 218.87 W, 100 %
2025/12/06 22:40:15.907, 218.69 W, 100 %
2025/12/06 22:40:16.007, 218.95 W, 100 %
2025/12/06 22:40:16.107, 218.94 W, 100 %
2025/12/06 22:40:16.207, 219.22 W, 100 %
2025/12/06 22:40:16.307, 219.07 W, 100 %
2025/12/06 22:40:16.408, 219.41 W, 99 %
2025/12/06 22:40:16.508, 219.42 W, 99 %
2025/12/06 22:40:16.608, 219.27 W, 100 %
2025/12/06 22:40:16.708, 219.44 W, 100 %
2025/12/06 22:40:16.808, 219.27 W, 100 %
2025/12/06 22:40:16.908, 219.56 W, 100 %
2025/12/06 22:40:17.008, 219.16 W, 100 %
2025/12/06 22:40:17.108, 219.74 W, 100 %
2025/12/06 22:40:17.208, 219.50 W, 100 %
2025/12/06 22:40:17.308, 219.94 W, 100 %
2025/12/06 22:40:17.409, 220.06 W, 100 %
2025/12/06 22:40:17.509, 219.25 W, 100 %
2025/12/06 22:40:17.609, 219.34 W, 100 %
2025/12/06 22:40:17.709, 219.59 W, 100 %
2025/12/06 22:40:17.809, 219.32 W, 100 %
2025/12/06 22:40:17.909, 218.88 W, 100 %
2025/12/06 22:40:18.009, 219.16 W, 100 %
2025/12/06 22:40:18.109, 219.59 W, 100 %
2025/12/06 22:40:18.209, 219.43 W, 100 %
2025/12/06 22:40:18.309, 220.58 W, 100 %
2025/12/06 22:40:18.410, 220.12 W, 100 %
2025/12/06 22:40:18.510, 219.68 W, 100 %
2025/12/06 22:40:18.610, 220.11 W, 100 %
2025/12/06 22:40:18.710, 220.50 W, 100 %
2025/12/06 22:40:18.810, 219.89 W, 100 %
2025/12/06 22:40:18.910, 219.74 W, 100 %
2025/12/06 22:40:19.010, 220.56 W, 100 %
2025/12/06 22:40:19.110, 220.26 W, 100 %
2025/12/06 22:40:19.210, 220.18 W, 100 %
2025/12/06 22:40:19.310, 220.35 W, 100 %
2025/12/06 22:40:19.411, 219.40 W, 100 %
2025/12/06 22:40:19.511, 219.50 W, 100 %
2025/12/06 22:40:19.611, 219.83 W, 100 %
2025/12/06 22:40:19.711, 220.03 W, 100 %
2025/12/06 22:40:19.811, 219.41 W, 100 %
2025/12/06 22:40:19.911, 219.93 W, 100 %
2025/12/06 22:40:20.011, 219.46 W, 100 %
2025/12/06 22:40:20.111, 219.79 W, 100 %
2025/12/06 22:40:20.211, 220.82 W, 99 %
2025/12/06 22:40:20.311, 221.03 W, 99 %
2025/12/06 22:40:20.412, 220.77 W, 100 %
2025/12/06 22:40:20.512, 220.28 W, 100 %
2025/12/06 22:40:20.612, 220.90 W, 100 %
2025/12/06 22:40:20.712, 220.53 W, 100 %
2025/12/06 22:40:20.812, 220.24 W, 100 %
2025/12/06 22:40:20.912, 220.12 W, 100 %
2025/12/06 22:40:21.012, 220.61 W, 100 %
2025/12/06 22:40:21.112, 220.25 W, 100 %
2025/12/06 22:40:21.212, 219.80 W, 100 %
2025/12/06 22:40:21.312, 219.20 W, 100 %
2025/12/06 22:40:21.413, 218.62 W, 100 %
2025/12/06 22:40:21.513, 219.09 W, 100 %
2025/12/06 22:40:21.613, 218.69 W, 100 %
2025/12/06 22:40:21.713, 219.05 W, 100 %
2025/12/06 22:40:21.813, 219.07 W, 100 %
2025/12/06 22:40:21.913, 219.21 W, 100 %
2025/12/06 22:40:22.013, 219.59 W, 100 %
2025/12/06 22:40:22.113, 217.78 W, 100 %
2025/12/06 22:40:22.213, 217.65 W, 100 %
2025/12/06 22:40:22.313, 217.58 W, 100 %
2025/12/06 22:40:22.414, 217.58 W, 100 %
2025/12/06 22:40:22.514, 217.52 W, 100 %
2025/12/06 22:40:22.614, 217.59 W, 100 %
2025/12/06 22:40:22.714, 218.05 W, 100 %
2025/12/06 22:40:22.814, 217.51 W, 100 %
2025/12/06 22:40:22.914, 217.55 W, 100 %
2025/12/06 22:40:23.014, 217.09 W, 100 %
2025/12/06 22:40:23.114, 217.43 W, 100 %
2025/12/06 22:40:23.214, 219.04 W, 100 %
2025/12/06 22:40:23.314, 219.67 W, 100 %
2025/12/06 22:40:23.415, 219.60 W, 100 %
2025/12/06 22:40:23.515, 219.28 W, 100 %
2025/12/06 22:40:23.615, 219.20 W, 100 %
2025/12/06 22:40:23.715, 218.72 W, 100 %
2025/12/06 22:40:23.815, 218.96 W, 100 %
2025/12/06 22:40:23.915, 218.96 W, 100 %
2025/12/06 22:40:24.015, 218.92 W, 100 %
2025/12/06 22:40:24.115, 219.06 W, 100 %
2025/12/06 22:40:24.215, 218.83 W, 100 %
2025/12/06 22:40:24.315, 218.94 W, 100 %
2025/12/06 22:40:24.416, 218.50 W, 100 %
2025/12/06 22:40:24.516, 218.72 W, 100 %
2025/12/06 22:40:24.616, 218.93 W, 100 %
2025/12/06 22:40:24.716, 218.92 W, 100 %
2025/12/06 22:40:24.816, 219.22 W, 100 %
2025/12/06 22:40:24.916, 218.84 W, 100 %
2025/12/06 22:40:25.016, 219.21 W, 100 %
2025/12/06 22:40:25.116, 219.42 W, 100 %
2025/12/06 22:40:25.216, 219.43 W, 100 %
2025/12/06 22:40:25.316, 219.35 W, 100 %
2025/12/06 22:40:25.417, 219.31 W, 100 %
2025/12/06 22:40:25.517, 219.38 W, 100 %
2025/12/06 22:40:25.617, 219.24 W, 100 %
2025/12/06 22:40:25.717, 219.32 W, 100 %
2025/12/06 22:40:25.817, 219.38 W, 100 %
2025/12/06 22:40:25.917, 219.81 W, 100 %
2025/12/06 22:40:26.017, 220.90 W, 95 %
2025/12/06 22:40:26.117, 220.70 W, 95 %
2025/12/06 22:40:26.217, 220.07 W, 100 %
2025/12/06 22:40:26.317, 220.55 W, 100 %
2025/12/06 22:40:26.418, 219.84 W, 100 %
2025/12/06 22:40:26.518, 220.01 W, 100 %
2025/12/06 22:40:26.618, 220.11 W, 100 %
2025/12/06 22:40:26.718, 219.95 W, 100 %
2025/12/06 22:40:26.818, 219.76 W, 100 %
2025/12/06 22:40:26.918, 219.66 W, 100 %
2025/12/06 22:40:27.018, 219.60 W, 100 %
2025/12/06 22:40:27.118, 218.39 W, 100 %
2025/12/06 22:40:27.218, 218.11 W, 100 %
2025/12/06 22:40:27.318, 218.97 W, 100 %
2025/12/06 22:40:27.419, 219.16 W, 100 %
2025/12/06 22:40:27.519, 219.59 W, 100 %
2025/12/06 22:40:27.619, 220.07 W, 100 %
2025/12/06 22:40:27.719, 219.70 W, 100 %
2025/12/06 22:40:27.819, 219.58 W, 100 %
2025/12/06 22:40:27.919, 220.92 W, 100 %
2025/12/06 22:40:28.019, 220.88 W, 100 %
2025/12/06 22:40:28.119, 220.64 W, 100 %
2025/12/06 22:40:28.219, 220.37 W, 100 %
2025/12/06 22:40:28.319, 220.86 W, 100 %
2025/12/06 22:40:28.420, 220.10 W, 100 %
2025/12/06 22:40:28.520, 220.48 W, 100 %
2025/12/06 22:40:28.620, 220.24 W, 100 %
2025/12/06 22:40:28.720, 220.33 W, 100 %
2025/12/06 22:40:28.820, 220.40 W, 100 %
2025/12/06 22:40:28.920, 220.39 W, 100 %
2025/12/06 22:40:29.020, 219.32 W, 100 %
2025/12/06 22:40:29.120, 219.00 W, 100 %
2025/12/06 22:40:29.220, 219.48 W, 100 %
2025/12/06 22:40:29.320, 219.56 W, 100 %
2025/12/06 22:40:29.421, 219.72 W, 100 %
2025/12/06 22:40:29.521, 219.59 W, 100 %
2025/12/06 22:40:29.621, 219.60 W, 100 %
2025/12/06 22:40:29.721, 219.47 W, 100 %
2025/12/06 22:40:29.821, 220.20 W, 99 %
2025/12/06 22:40:29.921, 219.80 W, 99 %
2025/12/06 22:40:30.021, 219.89 W, 100 %
2025/12/06 22:40:30.121, 219.85 W, 100 %
2025/12/06 22:40:30.221, 219.80 W, 100 %
2025/12/06 22:40:30.321, 219.48 W, 100 %
2025/12/06 22:40:30.422, 219.28 W, 100 %
2025/12/06 22:40:30.522, 219.26 W, 100 %
2025/12/06 22:40:30.622, 219.15 W, 100 %
2025/12/06 22:40:30.722, 219.04 W, 100 %
2025/12/06 22:40:30.822, 219.29 W, 100 %
2025/12/06 22:40:30.922, 218.81 W, 100 %
2025/12/06 22:40:31.022, 219.02 W, 100 %
2025/12/06 22:40:31.122, 218.88 W, 100 %
2025/12/06 22:40:31.222, 218.86 W, 100 %
2025/12/06 22:40:31.322, 218.53 W, 100 %
2025/12/06 22:40:31.423, 219.04 W, 100 %
2025/12/06 22:40:31.523, 219.40 W, 100 %
2025/12/06 22:40:31.623, 219.55 W, 100 %
2025/12/06 22:40:31.723, 218.15 W, 100 %
2025/12/06 22:40:31.823, 218.95 W, 100 %
2025/12/06 22:40:31.923, 218.65 W, 100 %
2025/12/06 22:40:32.023, 218.39 W, 100 %
2025/12/06 22:40:32.123, 218.37 W, 100 %
2025/12/06 22:40:32.223, 218.36 W, 100 %
2025/12/06 22:40:32.323, 218.14 W, 100 %
2025/12/06 22:40:32.424, 218.86 W, 100 %
2025/12/06 22:40:32.524, 218.25 W, 100 %
2025/12/06 22:40:32.624, 217.95 W, 100 %
2025/12/06 22:40:32.724, 218.02 W, 100 %
2025/12/06 22:40:32.824, 218.30 W, 100 %
2025/12/06 22:40:32.924, 218.60 W, 100 %
2025/12/06 22:40:33.024, 218.58 W, 100 %
2025/12/06 22:40:33.124, 218.99 W, 100 %
2025/12/06 22:40:33.224, 218.98 W, 100 %
2025/12/06 22:40:33.324, 219.07 W, 100 %
2025/12/06 22:40:33.425, 219.14 W, 100 %
2025/12/06 22:40:33.525, 219.00 W, 100 %
2025/12/06 22:40:33.625, 217.09 W, 99 %
2025/12/06 22:40:33.725, 217.36 W, 99 %
2025/12/06 22:40:33.825, 216.72 W, 100 %
2025/12/06 22:40:33.925, 217.13 W, 100 %
2025/12/06 22:40:34.025, 217.02 W, 100 %
2025/12/06 22:40:34.125, 216.80 W, 100 %
2025/12/06 22:40:34.225, 217.15 W, 100 %
2025/12/06 22:40:34.325, 217.18 W, 100 %
2025/12/06 22:40:34.426, 216.99 W, 100 %
2025/12/06 22:40:34.526, 217.31 W, 100 %
2025/12/06 22:40:34.626, 217.23 W, 100 %
2025/12/06 22:40:34.726, 219.20 W, 100 %
2025/12/06 22:40:34.826, 219.31 W, 100 %
2025/12/06 22:40:34.926, 219.49 W, 100 %
2025/12/06 22:40:35.026, 219.35 W, 100 %
2025/12/06 22:40:35.126, 219.26 W, 100 %
2025/12/06 22:40:35.226, 218.90 W, 100 %
2025/12/06 22:40:35.326, 218.62 W, 100 %
2025/12/06 22:40:35.427, 219.08 W, 100 %
2025/12/06 22:40:35.527, 218.73 W, 100 %
2025/12/06 22:40:35.627, 219.48 W, 99 %
2025/12/06 22:40:35.727, 219.04 W, 99 %
2025/12/06 22:40:35.827, 218.88 W, 100 %
2025/12/06 22:40:35.927, 219.54 W, 100 %
2025/12/06 22:40:36.027, 219.48 W, 100 %
2025/12/06 22:40:36.127, 219.61 W, 100 %
2025/12/06 22:40:36.227, 219.69 W, 100 %
2025/12/06 22:40:36.327, 220.02 W, 100 %
2025/12/06 22:40:36.428, 219.56 W, 100 %
2025/12/06 22:40:36.528, 219.62 W, 100 %
2025/12/06 22:40:36.628, 220.04 W, 100 %
2025/12/06 22:40:36.728, 219.85 W, 100 %
2025/12/06 22:40:36.828, 219.74 W, 100 %
2025/12/06 22:40:36.928, 219.73 W, 100 %
2025/12/06 22:40:37.028, 219.72 W, 100 %
2025/12/06 22:40:37.128, 219.46 W, 100 %
2025/12/06 22:40:37.228, 219.72 W, 100 %
2025/12/06 22:40:37.328, 219.69 W, 100 %
2025/12/06 22:40:37.429, 219.93 W, 100 %
2025/12/06 22:40:37.529, 220.40 W, 100 %
2025/12/06 22:40:37.629, 220.10 W, 100 %
2025/12/06 22:40:37.729, 220.00 W, 100 %
2025/12/06 22:40:37.829, 220.17 W, 100 %
2025/12/06 22:40:37.929, 220.77 W, 100 %
2025/12/06 22:40:38.029, 220.16 W, 100 %
2025/12/06 22:40:38.129, 220.05 W, 100 %
2025/12/06 22:40:38.229, 220.10 W, 100 %
2025/12/06 22:40:38.329, 220.07 W, 100 %
2025/12/06 22:40:38.430, 220.02 W, 100 %
2025/12/06 22:40:38.530, 219.85 W, 100 %
2025/12/06 22:40:38.630, 219.59 W, 100 %
2025/12/06 22:40:38.730, 219.61 W, 100 %
2025/12/06 22:40:38.830, 219.73 W, 100 %
2025/12/06 22:40:38.930, 219.51 W, 100 %
2025/12/06 22:40:39.030, 219.22 W, 100 %
2025/12/06 22:40:39.130, 219.15 W, 100 %
2025/12/06 22:40:39.230, 219.49 W, 100 %
2025/12/06 22:40:39.330, 219.71 W, 100 %
2025/12/06 22:40:39.431, 220.52 W, 99 %
2025/12/06 22:40:39.531, 220.89 W, 99 %
2025/12/06 22:40:39.631, 219.99 W, 100 %
2025/12/06 22:40:39.731, 220.10 W, 100 %
2025/12/06 22:40:39.831, 220.18 W, 100 %
2025/12/06 22:40:39.931, 219.84 W, 100 %
2025/12/06 22:40:40.031, 220.04 W, 100 %
2025/12/06 22:40:40.131, 220.07 W, 100 %
2025/12/06 22:40:40.231, 220.59 W, 100 %
2025/12/06 22:40:40.331, 220.03 W, 100 %
2025/12/06 22:40:40.432, 219.48 W, 100 %
2025/12/06 22:40:40.532, 219.22 W, 100 %
2025/12/06 22:40:40.632, 219.02 W, 100 %
2025/12/06 22:40:40.732, 219.64 W, 100 %
2025/12/06 22:40:40.832, 219.46 W, 100 %
2025/12/06 22:40:40.932, 219.38 W, 100 %
2025/12/06 22:40:41.032, 219.45 W, 100 %
2025/12/06 22:40:41.132, 219.58 W, 100 %
2025/12/06 22:40:41.232, 219.40 W, 100 %
2025/12/06 22:40:41.332, 220.04 W, 100 %
2025/12/06 22:40:41.433, 219.46 W, 100 %
2025/12/06 22:40:41.533, 219.17 W, 100 %
2025/12/06 22:40:41.633, 219.39 W, 100 %
2025/12/06 22:40:41.733, 219.64 W, 100 %
2025/12/06 22:40:41.833, 219.34 W, 100 %
2025/12/06 22:40:41.933, 219.34 W, 100 %
2025/12/06 22:40:42.033, 219.18 W, 100 %
2025/12/06 22:40:42.133, 219.62 W, 100 %
2025/12/06 22:40:42.233, 219.32 W, 100 %
2025/12/06 22:40:42.333, 219.70 W, 100 %
2025/12/06 22:40:42.434, 218.95 W, 100 %
2025/12/06 22:40:42.534, 219.41 W, 100 %
2025/12/06 22:40:42.634, 219.34 W, 100 %
2025/12/06 22:40:42.734, 219.39 W, 100 %
2025/12/06 22:40:42.834, 219.35 W, 100 %
2025/12/06 22:40:42.934, 219.12 W, 100 %
2025/12/06 22:40:43.034, 219.02 W, 100 %
2025/12/06 22:40:43.134, 218.60 W, 100 %
2025/12/06 22:40:43.234, 217.94 W, 99 %
2025/12/06 22:40:43.334, 217.75 W, 99 %
2025/12/06 22:40:43.435, 217.89 W, 100 %
2025/12/06 22:40:43.535, 217.58 W, 100 %
2025/12/06 22:40:43.635, 217.62 W, 100 %
2025/12/06 22:40:43.735, 217.85 W, 100 %
2025/12/06 22:40:43.835, 217.75 W, 100 %
2025/12/06 22:40:43.935, 217.77 W, 100 %
2025/12/06 22:40:44.035, 217.98 W, 100 %
2025/12/06 22:40:44.135, 218.27 W, 100 %
2025/12/06 22:40:44.235, 218.47 W, 100 %
2025/12/06 22:40:44.335, 219.07 W, 100 %
2025/12/06 22:40:44.436, 219.18 W, 100 %
2025/12/06 22:40:44.536, 218.98 W, 100 %
2025/12/06 22:40:44.636, 219.39 W, 100 %
2025/12/06 22:40:44.736, 219.38 W, 100 %
2025/12/06 22:40:44.836, 219.34 W, 100 %
2025/12/06 22:40:44.936, 219.39 W, 100 %
2025/12/06 22:40:45.036, 219.49 W, 100 %
2025/12/06 22:40:45.136, 216.95 W, 100 %
2025/12/06 22:40:45.236, 217.60 W, 100 %
2025/12/06 22:40:45.336, 217.26 W, 100 %
2025/12/06 22:40:45.437, 216.75 W, 100 %
2025/12/06 22:40:45.537, 216.80 W, 100 %
2025/12/06 22:40:45.637, 216.75 W, 100 %
2025/12/06 22:40:45.737, 216.63 W, 100 %
2025/12/06 22:40:45.837, 216.39 W, 100 %
2025/12/06 22:40:45.937, 216.28 W, 100 %
2025/12/06 22:40:46.037, 216.57 W, 100 %
2025/12/06 22:40:46.137, 216.45 W, 100 %
2025/12/06 22:40:46.237, 218.46 W, 100 %
2025/12/06 22:40:46.337, 218.64 W, 100 %
2025/12/06 22:40:46.438, 218.75 W, 100 %
2025/12/06 22:40:46.538, 219.12 W, 100 %
2025/12/06 22:40:46.638, 219.56 W, 100 %
2025/12/06 22:40:46.738, 219.41 W, 100 %
2025/12/06 22:40:46.838, 219.38 W, 100 %
2025/12/06 22:40:46.938, 219.31 W, 100 %
2025/12/06 22:40:47.038, 219.38 W, 100 %
2025/12/06 22:40:47.138, 219.94 W, 100 %
2025/12/06 22:40:47.238, 219.34 W, 100 %
2025/12/06 22:40:47.338, 219.32 W, 100 %
2025/12/06 22:40:47.439, 219.33 W, 100 %
2025/12/06 22:40:47.539, 219.06 W, 100 %
2025/12/06 22:40:47.639, 219.20 W, 100 %
2025/12/06 22:40:47.739, 219.09 W, 100 %
2025/12/06 22:40:47.839, 219.37 W, 100 %
2025/12/06 22:40:47.939, 219.54 W, 100 %
2025/12/06 22:40:48.039, 219.22 W, 100 %
2025/12/06 22:40:48.139, 219.53 W, 100 %
2025/12/06 22:40:48.239, 218.67 W, 100 %
2025/12/06 22:40:48.339, 218.50 W, 100 %
2025/12/06 22:40:48.440, 218.68 W, 100 %
2025/12/06 22:40:48.540, 218.85 W, 100 %
2025/12/06 22:40:48.640, 218.81 W, 100 %
2025/12/06 22:40:48.740, 218.50 W, 100 %
2025/12/06 22:40:48.840, 218.50 W, 100 %
2025/12/06 22:40:48.940, 218.55 W, 100 %
2025/12/06 22:40:49.040, 219.78 W, 99 %
2025/12/06 22:40:49.140, 219.63 W, 99 %
2025/12/06 22:40:49.240, 219.11 W, 100 %
2025/12/06 22:40:49.340, 219.33 W, 100 %
2025/12/06 22:40:49.441, 220.14 W, 100 %
2025/12/06 22:40:49.541, 219.56 W, 100 %
2025/12/06 22:40:49.641, 219.60 W, 100 %
2025/12/06 22:40:49.741, 219.81 W, 100 %
2025/12/06 22:40:49.841, 219.71 W, 100 %
2025/12/06 22:40:49.941, 219.87 W, 100 %
2025/12/06 22:40:50.041, 219.73 W, 100 %
2025/12/06 22:40:50.141, 218.85 W, 100 %
2025/12/06 22:40:50.241, 218.91 W, 100 %
2025/12/06 22:40:50.341, 219.35 W, 100 %
2025/12/06 22:40:50.442, 219.40 W, 100 %
2025/12/06 22:40:50.542, 218.56 W, 100 %
2025/12/06 22:40:50.642, 218.93 W, 100 %
2025/12/06 22:40:50.742, 218.74 W, 100 %
2025/12/06 22:40:50.842, 218.97 W, 100 %
2025/12/06 22:40:50.942, 219.97 W, 100 %
2025/12/06 22:40:51.042, 219.46 W, 100 %
2025/12/06 22:40:51.142, 219.73 W, 100 %
2025/12/06 22:40:51.242, 219.55 W, 100 %
2025/12/06 22:40:51.342, 219.68 W, 100 %
2025/12/06 22:40:51.443, 219.71 W, 100 %
2025/12/06 22:40:51.543, 219.93 W, 100 %
2025/12/06 22:40:51.643, 219.88 W, 100 %
2025/12/06 22:40:51.743, 220.01 W, 100 %
2025/12/06 22:40:51.843, 219.54 W, 100 %
2025/12/06 22:40:51.943, 218.63 W, 100 %
2025/12/06 22:40:52.043, 218.94 W, 100 %
2025/12/06 22:40:52.143, 219.25 W, 100 %
2025/12/06 22:40:52.243, 219.04 W, 100 %
2025/12/06 22:40:52.343, 218.85 W, 100 %
2025/12/06 22:40:52.444, 218.85 W, 100 %
2025/12/06 22:40:52.544, 218.54 W, 100 %
2025/12/06 22:40:52.644, 219.23 W, 100 %
2025/12/06 22:40:52.744, 219.20 W, 100 %
2025/12/06 22:40:52.844, 219.68 W, 99 %
2025/12/06 22:40:52.944, 220.54 W, 99 %
2025/12/06 22:40:53.044, 220.47 W, 100 %
2025/12/06 22:40:53.144, 219.99 W, 100 %
2025/12/06 22:40:53.244, 220.19 W, 100 %
2025/12/06 22:40:53.344, 219.98 W, 100 %
2025/12/06 22:40:53.445, 219.99 W, 100 %
2025/12/06 22:40:53.545, 219.77 W, 100 %
2025/12/06 22:40:53.645, 220.15 W, 100 %
2025/12/06 22:40:53.745, 219.79 W, 100 %
2025/12/06 22:40:53.845, 219.85 W, 100 %
2025/12/06 22:40:53.945, 219.01 W, 100 %
2025/12/06 22:40:54.045, 218.97 W, 100 %
2025/12/06 22:40:54.145, 219.38 W, 100 %
2025/12/06 22:40:54.245, 219.37 W, 100 %
2025/12/06 22:40:54.345, 219.47 W, 100 %
2025/12/06 22:40:54.446, 219.50 W, 100 %
2025/12/06 22:40:54.546, 219.65 W, 100 %
2025/12/06 22:40:54.646, 219.21 W, 100 %
2025/12/06 22:40:54.746, 218.46 W, 100 %
2025/12/06 22:40:54.846, 218.34 W, 100 %
2025/12/06 22:40:54.946, 217.91 W, 100 %
2025/12/06 22:40:55.046, 218.12 W, 100 %
2025/12/06 22:40:55.146, 218.31 W, 100 %
2025/12/06 22:40:55.246, 218.24 W, 100 %
2025/12/06 22:40:55.346, 217.99 W, 100 %
2025/12/06 22:40:55.447, 218.04 W, 100 %
2025/12/06 22:40:55.547, 218.00 W, 100 %
2025/12/06 22:40:55.647, 217.64 W, 100 %
2025/12/06 22:40:55.747, 218.09 W, 100 %
2025/12/06 22:40:55.847, 219.05 W, 100 %
2025/12/06 22:40:55.947, 219.73 W, 100 %
2025/12/06 22:40:56.047, 219.68 W, 100 %
2025/12/06 22:40:56.147, 219.37 W, 100 %
2025/12/06 22:40:56.247, 219.30 W, 100 %
2025/12/06 22:40:56.347, 219.22 W, 100 %
2025/12/06 22:40:56.448, 219.35 W, 100 %
2025/12/06 22:40:56.548, 219.49 W, 100 %
2025/12/06 22:40:56.648, 217.35 W, 99 %
2025/12/06 22:40:56.748, 217.99 W, 99 %
2025/12/06 22:40:56.848, 217.73 W, 100 %
2025/12/06 22:40:56.948, 217.56 W, 100 %
2025/12/06 22:40:57.048, 217.77 W, 100 %
2025/12/06 22:40:57.148, 217.89 W, 100 %
2025/12/06 22:40:57.248, 217.78 W, 100 %
2025/12/06 22:40:57.348, 217.56 W, 100 %
2025/12/06 22:40:57.449, 217.33 W, 100 %
2025/12/06 22:40:57.549, 217.39 W, 100 %
2025/12/06 22:40:57.649, 217.75 W, 100 %
2025/12/06 22:40:57.749, 219.79 W, 100 %
2025/12/06 22:40:57.849, 219.51 W, 100 %
2025/12/06 22:40:57.949, 219.58 W, 100 %
2025/12/06 22:40:58.049, 220.08 W, 100 %
2025/12/06 22:40:58.149, 219.89 W, 100 %
2025/12/06 22:40:58.249, 219.14 W, 100 %
2025/12/06 22:40:58.349, 219.48 W, 100 %
2025/12/06 22:40:58.450, 219.34 W, 100 %
2025/12/06 22:40:58.550, 219.29 W, 100 %
2025/12/06 22:40:58.650, 220.00 W, 99 %
2025/12/06 22:40:58.750, 219.02 W, 99 %
2025/12/06 22:40:58.850, 219.41 W, 100 %
2025/12/06 22:40:58.950, 219.50 W, 100 %
2025/12/06 22:40:59.050, 219.22 W, 100 %
2025/12/06 22:40:59.150, 219.01 W, 100 %
2025/12/06 22:40:59.250, 219.49 W, 100 %
2025/12/06 22:40:59.350, 219.37 W, 100 %
2025/12/06 22:40:59.451, 219.51 W, 100 %
2025/12/06 22:40:59.551, 219.51 W, 100 %
2025/12/06 22:40:59.651, 218.90 W, 100 %
2025/12/06 22:40:59.751, 219.78 W, 100 %
2025/12/06 22:40:59.851, 219.81 W, 100 %
2025/12/06 22:40:59.951, 219.65 W, 100 %
2025/12/06 22:41:00.051, 219.48 W, 100 %
2025/12/06 22:41:00.151, 219.43 W, 100 %
2025/12/06 22:41:00.251, 219.35 W, 100 %
2025/12/06 22:41:00.351, 219.53 W, 100 %
2025/12/06 22:41:00.452, 219.09 W, 100 %
2025/12/06 22:41:00.552, 220.02 W, 100 %
2025/12/06 22:41:00.652, 220.29 W, 100 %
2025/12/06 22:41:00.752, 220.00 W, 100 %
2025/12/06 22:41:00.852, 220.16 W, 100 %
2025/12/06 22:41:00.952, 220.08 W, 100 %
2025/12/06 22:41:01.052, 219.77 W, 100 %
2025/12/06 22:41:01.152, 220.13 W, 100 %
2025/12/06 22:41:01.252, 220.91 W, 100 %
2025/12/06 22:41:01.352, 220.64 W, 100 %
2025/12/06 22:41:01.453, 220.19 W, 100 %
2025/12/06 22:41:01.553, 220.87 W, 100 %
2025/12/06 22:41:01.653, 219.52 W, 100 %
2025/12/06 22:41:01.753, 219.82 W, 100 %
2025/12/06 22:41:01.853, 219.52 W, 100 %
2025/12/06 22:41:01.953, 219.76 W, 100 %
2025/12/06 22:41:02.053, 219.93 W, 100 %
2025/12/06 22:41:02.153, 220.03 W, 100 %
2025/12/06 22:41:02.253, 219.83 W, 100 %
2025/12/06 22:41:02.353, 218.65 W, 100 %
2025/12/06 22:41:02.454, 220.43 W, 99 %
2025/12/06 22:41:02.554, 220.53 W, 99 %
2025/12/06 22:41:02.654, 220.77 W, 100 %
2025/12/06 22:41:02.754, 219.99 W, 100 %
2025/12/06 22:41:02.854, 219.99 W, 100 %
2025/12/06 22:41:02.954, 220.05 W, 100 %
2025/12/06 22:41:03.054, 219.84 W, 100 %
2025/12/06 22:41:03.154, 219.99 W, 100 %
2025/12/06 22:41:03.254, 219.91 W, 100 %
2025/12/06 22:41:03.354, 220.36 W, 100 %
2025/12/06 22:41:03.455, 220.56 W, 100 %
2025/12/06 22:41:03.555, 219.55 W, 100 %
2025/12/06 22:41:03.655, 218.85 W, 100 %
2025/12/06 22:41:03.755, 219.26 W, 100 %
2025/12/06 22:41:03.855, 219.26 W, 100 %
2025/12/06 22:41:03.955, 219.56 W, 100 %
2025/12/06 22:41:04.055, 219.56 W, 100 %
2025/12/06 22:41:04.155, 219.28 W, 100 %
2025/12/06 22:41:04.255, 219.28 W, 100 %
2025/12/06 22:41:04.355, 220.82 W, 100 %
2025/12/06 22:41:04.456, 220.45 W, 100 %
2025/12/06 22:41:04.556, 220.06 W, 100 %
2025/12/06 22:41:04.656, 220.91 W, 100 %
2025/12/06 22:41:04.756, 220.56 W, 100 %
2025/12/06 22:41:04.856, 220.52 W, 100 %
2025/12/06 22:41:04.956, 220.32 W, 100 %
2025/12/06 22:41:05.056, 220.51 W, 100 %
2025/12/06 22:41:05.156, 220.42 W, 100 %
2025/12/06 22:41:05.256, 220.54 W, 100 %
2025/12/06 22:41:05.356, 219.89 W, 100 %
2025/12/06 22:41:05.457, 219.66 W, 100 %
2025/12/06 22:41:05.557, 219.67 W, 100 %
2025/12/06 22:41:05.657, 219.47 W, 100 %
2025/12/06 22:41:05.757, 219.71 W, 100 %
2025/12/06 22:41:05.857, 219.61 W, 100 %
2025/12/06 22:41:05.957, 219.81 W, 100 %
2025/12/06 22:41:06.057, 219.71 W, 100 %
2025/12/06 22:41:06.157, 218.48 W, 100 %
2025/12/06 22:41:06.257, 218.51 W, 100 %
2025/12/06 22:41:06.357, 218.10 W, 100 %
2025/12/06 22:41:06.458, 218.56 W, 100 %
2025/12/06 22:41:06.558, 218.36 W, 100 %
2025/12/06 22:41:06.658, 218.59 W, 100 %
2025/12/06 22:41:06.758, 218.49 W, 100 %
2025/12/06 22:41:06.858, 218.55 W, 100 %
2025/12/06 22:41:06.958, 218.96 W, 100 %
2025/12/06 22:41:07.058, 218.59 W, 100 %
2025/12/06 22:41:07.158, 218.57 W, 100 %
2025/12/06 22:41:07.258, 219.68 W, 100 %
2025/12/06 22:41:07.358, 219.85 W, 100 %
2025/12/06 22:41:07.459, 219.90 W, 100 %
2025/12/06 22:41:07.559, 219.59 W, 100 %
2025/12/06 22:41:07.659, 219.80 W, 100 %
2025/12/06 22:41:07.759, 219.60 W, 100 %
2025/12/06 22:41:07.859, 219.62 W, 100 %
2025/12/06 22:41:07.959, 219.37 W, 100 %
2025/12/06 22:41:08.059, 217.42 W, 99 %
2025/12/06 22:41:08.159, 217.04 W, 99 %
2025/12/06 22:41:08.259, 217.21 W, 100 %
2025/12/06 22:41:08.359, 217.67 W, 100 %
2025/12/06 22:41:08.460, 217.10 W, 100 %
2025/12/06 22:41:08.560, 217.18 W, 100 %
2025/12/06 22:41:08.660, 217.12 W, 100 %
2025/12/06 22:41:08.760, 216.96 W, 100 %
2025/12/06 22:41:08.860, 217.06 W, 100 %
2025/12/06 22:41:08.960, 216.89 W, 100 %
2025/12/06 22:41:09.060, 216.92 W, 100 %
2025/12/06 22:41:09.160, 219.69 W, 100 %
2025/12/06 22:41:09.260, 219.77 W, 100 %
2025/12/06 22:41:09.360, 219.34 W, 100 %
2025/12/06 22:41:09.461, 219.62 W, 100 %
2025/12/06 22:41:09.561, 219.60 W, 100 %
2025/12/06 22:41:09.661, 219.66 W, 100 %
2025/12/06 22:41:09.761, 219.78 W, 100 %
2025/12/06 22:41:09.861, 219.69 W, 100 %
2025/12/06 22:41:09.961, 219.62 W, 100 %
2025/12/06 22:41:10.061, 220.05 W, 99 %
2025/12/06 22:41:10.161, 219.89 W, 99 %
2025/12/06 22:41:10.261, 219.53 W, 100 %
2025/12/06 22:41:10.361, 219.64 W, 100 %
2025/12/06 22:41:10.462, 219.32 W, 100 %
2025/12/06 22:41:10.562, 219.61 W, 100 %
2025/12/06 22:41:10.662, 219.29 W, 100 %
2025/12/06 22:41:10.762, 219.15 W, 100 %
2025/12/06 22:41:10.862, 219.12 W, 100 %
2025/12/06 22:41:10.962, 218.92 W, 100 %
2025/12/06 22:41:11.062, 219.39 W, 100 %
2025/12/06 22:41:11.162, 218.78 W, 100 %
2025/12/06 22:41:11.262, 219.21 W, 100 %
2025/12/06 22:41:11.362, 218.97 W, 100 %
2025/12/06 22:41:11.463, 219.31 W, 100 %
2025/12/06 22:41:11.563, 219.32 W, 100 %
2025/12/06 22:41:11.663, 219.23 W, 100 %
2025/12/06 22:41:11.763, 219.61 W, 100 %
2025/12/06 22:41:11.863, 219.80 W, 100 %
2025/12/06 22:41:11.963, 221.31 W, 100 %
2025/12/06 22:41:12.063, 220.58 W, 100 %
2025/12/06 22:41:12.163, 220.36 W, 100 %
2025/12/06 22:41:12.263, 220.40 W, 100 %
2025/12/06 22:41:12.363, 220.26 W, 100 %
2025/12/06 22:41:12.464, 220.27 W, 100 %
2025/12/06 22:41:12.564, 220.16 W, 100 %
2025/12/06 22:41:12.664, 220.08 W, 100 %
2025/12/06 22:41:12.764, 220.00 W, 100 %
2025/12/06 22:41:12.864, 220.29 W, 100 %
2025/12/06 22:41:12.964, 219.99 W, 100 %
2025/12/06 22:41:13.064, 218.86 W, 100 %
2025/12/06 22:41:13.164, 219.02 W, 100 %
2025/12/06 22:41:13.264, 219.26 W, 100 %
2025/12/06 22:41:13.364, 219.66 W, 100 %
2025/12/06 22:41:13.465, 219.56 W, 100 %
2025/12/06 22:41:13.565, 219.29 W, 100 %
2025/12/06 22:41:13.665, 219.18 W, 100 %
2025/12/06 22:41:13.765, 219.11 W, 100 %
2025/12/06 22:41:13.865, 220.11 W, 99 %
2025/12/06 22:41:13.965, 220.12 W, 99 %
2025/12/06 22:41:14.065, 219.92 W, 100 %
2025/12/06 22:41:14.165, 220.19 W, 100 %
2025/12/06 22:41:14.265, 220.43 W, 100 %
2025/12/06 22:41:14.365, 219.83 W, 100 %
2025/12/06 22:41:14.466, 220.21 W, 100 %
2025/12/06 22:41:14.566, 220.37 W, 100 %
2025/12/06 22:41:14.666, 220.32 W, 100 %
2025/12/06 22:41:14.766, 220.30 W, 100 %
2025/12/06 22:41:14.866, 219.20 W, 100 %
2025/12/06 22:41:14.966, 219.48 W, 100 %
2025/12/06 22:41:15.066, 219.52 W, 100 %
2025/12/06 22:41:15.166, 219.31 W, 100 %
2025/12/06 22:41:15.266, 219.32 W, 100 %
2025/12/06 22:41:15.366, 219.21 W, 100 %
2025/12/06 22:41:15.467, 219.18 W, 100 %
2025/12/06 22:41:15.567, 218.88 W, 100 %
2025/12/06 22:41:15.667, 218.82 W, 100 %
2025/12/06 22:41:15.767, 219.11 W, 100 %
2025/12/06 22:41:15.867, 220.11 W, 100 %
2025/12/06 22:41:15.967, 219.51 W, 100 %
2025/12/06 22:41:16.067, 219.32 W, 100 %
2025/12/06 22:41:16.167, 219.40 W, 100 %
2025/12/06 22:41:16.267, 219.46 W, 100 %
2025/12/06 22:41:16.367, 219.73 W, 100 %
2025/12/06 22:41:16.468, 219.66 W, 100 %
2025/12/06 22:41:16.568, 219.81 W, 100 %
2025/12/06 22:41:16.668, 219.65 W, 100 %
2025/12/06 22:41:16.768, 219.70 W, 100 %
2025/12/06 22:41:16.868, 219.25 W, 100 %
2025/12/06 22:41:16.968, 219.06 W, 100 %
2025/12/06 22:41:17.068, 219.56 W, 100 %
2025/12/06 22:41:17.168, 219.86 W, 100 %
2025/12/06 22:41:17.268, 219.81 W, 100 %
2025/12/06 22:41:17.368, 219.36 W, 100 %
2025/12/06 22:41:17.469, 219.74 W, 100 %
2025/12/06 22:41:17.569, 219.42 W, 100 %
2025/12/06 22:41:17.669, 218.60 W, 99 %
2025/12/06 22:41:17.769, 218.56 W, 99 %
2025/12/06 22:41:17.869, 218.35 W, 100 %
2025/12/06 22:41:17.969, 218.73 W, 100 %
2025/12/06 22:41:18.069, 217.78 W, 100 %
2025/12/06 22:41:18.169, 218.15 W, 100 %
2025/12/06 22:41:18.269, 218.25 W, 100 %
2025/12/06 22:41:18.369, 218.60 W, 100 %
2025/12/06 22:41:18.470, 218.48 W, 100 %
2025/12/06 22:41:18.570, 218.09 W, 100 %
2025/12/06 22:41:18.670, 218.47 W, 100 %
2025/12/06 22:41:18.770, 219.28 W, 100 %
2025/12/06 22:41:18.870, 219.35 W, 100 %
2025/12/06 22:41:18.970, 219.03 W, 100 %
2025/12/06 22:41:19.070, 219.02 W, 100 %
2025/12/06 22:41:19.170, 219.43 W, 100 %
2025/12/06 22:41:19.270, 219.07 W, 100 %
2025/12/06 22:41:19.370, 219.12 W, 100 %
2025/12/06 22:41:19.471, 218.60 W, 100 %
2025/12/06 22:41:19.571, 216.71 W, 100 %
2025/12/06 22:41:19.671, 217.18 W, 97 %
2025/12/06 22:41:19.771, 217.00 W, 97 %
2025/12/06 22:41:19.871, 216.62 W, 100 %
2025/12/06 22:41:19.971, 216.37 W, 100 %
2025/12/06 22:41:20.071, 216.69 W, 100 %
2025/12/06 22:41:20.171, 216.93 W, 100 %
2025/12/06 22:41:20.271, 216.59 W, 100 %
2025/12/06 22:41:20.371, 217.12 W, 100 %
2025/12/06 22:41:20.472, 216.80 W, 100 %
2025/12/06 22:41:20.572, 217.19 W, 100 %
2025/12/06 22:41:20.672, 218.85 W, 100 %
2025/12/06 22:41:20.772, 218.74 W, 100 %
2025/12/06 22:41:20.872, 218.75 W, 100 %
2025/12/06 22:41:20.972, 218.92 W, 100 %
2025/12/06 22:41:21.072, 219.46 W, 100 %
2025/12/06 22:41:21.172, 219.25 W, 100 %
2025/12/06 22:41:21.272, 218.87 W, 100 %
2025/12/06 22:41:21.372, 218.74 W, 100 %
2025/12/06 22:41:21.473, 219.27 W, 100 %
2025/12/06 22:41:21.573, 219.57 W, 100 %
2025/12/06 22:41:21.673, 219.34 W, 100 %
2025/12/06 22:41:21.773, 219.28 W, 100 %
2025/12/06 22:41:21.873, 219.27 W, 100 %
2025/12/06 22:41:21.973, 219.41 W, 100 %
2025/12/06 22:41:22.073, 219.11 W, 100 %
2025/12/06 22:41:22.173, 219.26 W, 100 %
2025/12/06 22:41:22.273, 219.21 W, 100 %
2025/12/06 22:41:22.373, 219.58 W, 100 %
2025/12/06 22:41:22.474, 219.74 W, 100 %
2025/12/06 22:41:22.574, 219.17 W, 100 %
2025/12/06 22:41:22.674, 219.43 W, 100 %
2025/12/06 22:41:22.774, 219.43 W, 100 %
2025/12/06 22:41:22.874, 219.18 W, 100 %
2025/12/06 22:41:22.974, 219.31 W, 100 %
2025/12/06 22:41:23.074, 219.21 W, 100 %
2025/12/06 22:41:23.174, 219.29 W, 100 %
2025/12/06 22:41:23.274, 219.32 W, 100 %
2025/12/06 22:41:23.374, 219.30 W, 100 %
2025/12/06 22:41:23.475, 220.34 W, 99 %
2025/12/06 22:41:23.575, 219.62 W, 99 %
2025/12/06 22:41:23.675, 219.68 W, 100 %
2025/12/06 22:41:23.775, 219.48 W, 100 %
2025/12/06 22:41:23.875, 219.41 W, 100 %
2025/12/06 22:41:23.975, 219.55 W, 100 %
2025/12/06 22:41:24.075, 219.79 W, 100 %
2025/12/06 22:41:24.175, 219.85 W, 100 %
2025/12/06 22:41:24.275, 219.53 W, 100 %
2025/12/06 22:41:24.375, 219.27 W, 100 %
2025/12/06 22:41:24.476, 218.21 W, 100 %
2025/12/06 22:41:24.576, 218.75 W, 100 %
2025/12/06 22:41:24.676, 218.77 W, 100 %
2025/12/06 22:41:24.776, 219.06 W, 100 %
2025/12/06 22:41:24.876, 219.08 W, 100 %
2025/12/06 22:41:24.976, 219.83 W, 100 %
2025/12/06 22:41:25.076, 219.43 W, 100 %
2025/12/06 22:41:25.176, 219.38 W, 100 %
2025/12/06 22:41:25.276, 219.56 W, 100 %
2025/12/06 22:41:25.376, 220.77 W, 100 %
2025/12/06 22:41:25.477, 220.81 W, 100 %
2025/12/06 22:41:25.577, 220.91 W, 100 %
2025/12/06 22:41:25.677, 221.12 W, 100 %
2025/12/06 22:41:25.777, 220.77 W, 100 %
2025/12/06 22:41:25.877, 220.81 W, 100 %
2025/12/06 22:41:25.977, 220.81 W, 100 %
2025/12/06 22:41:26.077, 220.60 W, 100 %
2025/12/06 22:41:26.177, 220.82 W, 100 %
2025/12/06 22:41:26.277, 220.59 W, 100 %
2025/12/06 22:41:26.377, 220.41 W, 100 %
2025/12/06 22:41:26.478, 219.62 W, 100 %
2025/12/06 22:41:26.578, 219.39 W, 100 %
2025/12/06 22:41:26.678, 219.68 W, 100 %
2025/12/06 22:41:26.778, 219.19 W, 100 %
2025/12/06 22:41:26.878, 219.14 W, 100 %
2025/12/06 22:41:26.978, 218.96 W, 100 %
2025/12/06 22:41:27.078, 219.07 W, 100 %
2025/12/06 22:41:27.178, 219.07 W, 100 %
2025/12/06 22:41:27.278, 219.32 W, 99 %
2025/12/06 22:41:27.378, 219.66 W, 99 %
2025/12/06 22:41:27.479, 219.31 W, 100 %
2025/12/06 22:41:27.579, 219.39 W, 100 %
2025/12/06 22:41:27.679, 219.26 W, 100 %
2025/12/06 22:41:27.779, 219.48 W, 100 %
2025/12/06 22:41:27.879, 219.22 W, 100 %
2025/12/06 22:41:27.979, 219.36 W, 100 %
2025/12/06 22:41:28.079, 219.37 W, 100 %
2025/12/06 22:41:28.179, 219.35 W, 100 %
2025/12/06 22:41:28.279, 219.69 W, 100 %
2025/12/06 22:41:28.379, 219.33 W, 100 %
2025/12/06 22:41:28.480, 219.40 W, 100 %
2025/12/06 22:41:28.580, 219.31 W, 100 %
2025/12/06 22:41:28.680, 219.47 W, 100 %
2025/12/06 22:41:28.780, 219.42 W, 100 %
2025/12/06 22:41:28.880, 219.07 W, 100 %
2025/12/06 22:41:28.980, 219.19 W, 100 %
2025/12/06 22:41:29.080, 219.04 W, 100 %
2025/12/06 22:41:29.180, 217.63 W, 100 %
2025/12/06 22:41:29.280, 217.40 W, 100 %
2025/12/06 22:41:29.380, 217.03 W, 100 %
2025/12/06 22:41:29.554, 216.96 W, 100 %
2025/12/06 22:41:29.654, 216.94 W, 100 %
2025/12/06 22:41:29.754, 216.73 W, 100 %
2025/12/06 22:41:29.854, 217.34 W, 100 %
2025/12/06 22:41:29.954, 217.55 W, 100 %
2025/12/06 22:41:30.054, 217.76 W, 100 %
2025/12/06 22:41:30.154, 217.83 W, 100 %
2025/12/06 22:41:30.254, 219.17 W, 100 %
2025/12/06 22:41:30.354, 219.61 W, 100 %
2025/12/06 22:41:30.455, 219.26 W, 100 %
2025/12/06 22:41:30.555, 218.89 W, 100 %
2025/12/06 22:41:30.655, 218.83 W, 100 %
2025/12/06 22:41:30.755, 218.96 W, 100 %
2025/12/06 22:41:30.855, 218.42 W, 100 %
2025/12/06 22:41:30.955, 218.79 W, 100 %
2025/12/06 22:41:31.055, 217.65 W, 100 %
2025/12/06 22:41:31.155, 217.97 W, 100 %
2025/12/06 22:41:31.255, 217.70 W, 100 %
2025/12/06 22:41:31.355, 217.76 W, 100 %
2025/12/06 22:41:31.456, 217.60 W, 100 %
2025/12/06 22:41:31.556, 217.43 W, 100 %
2025/12/06 22:41:31.656, 218.50 W, 100 %
2025/12/06 22:41:31.756, 218.75 W, 100 %
2025/12/06 22:41:31.856, 218.41 W, 100 %
2025/12/06 22:41:31.956, 217.86 W, 100 %
2025/12/06 22:41:32.056, 217.64 W, 100 %
2025/12/06 22:41:32.156, 219.05 W, 100 %
2025/12/06 22:41:32.256, 218.51 W, 100 %
2025/12/06 22:41:32.356, 218.92 W, 100 %
2025/12/06 22:41:32.457, 218.96 W, 100 %
2025/12/06 22:41:32.557, 219.43 W, 100 %
2025/12/06 22:41:32.657, 219.39 W, 100 %
2025/12/06 22:41:32.757, 218.93 W, 100 %
2025/12/06 22:41:32.857, 218.86 W, 100 %
2025/12/06 22:41:32.957, 219.20 W, 100 %
2025/12/06 22:41:33.057, 220.33 W, 99 %
2025/12/06 22:41:33.157, 220.13 W, 99 %
2025/12/06 22:41:33.257, 220.52 W, 100 %
2025/12/06 22:41:33.357, 219.94 W, 100 %
2025/12/06 22:41:33.458, 219.73 W, 100 %
2025/12/06 22:41:33.558, 219.89 W, 100 %
2025/12/06 22:41:33.658, 219.85 W, 100 %
2025/12/06 22:41:33.758, 220.10 W, 100 %
2025/12/06 22:41:33.858, 220.06 W, 100 %
2025/12/06 22:41:33.958, 220.14 W, 100 %
2025/12/06 22:41:34.058, 219.93 W, 100 %
2025/12/06 22:41:34.158, 219.46 W, 100 %
2025/12/06 22:41:34.258, 219.70 W, 100 %
2025/12/06 22:41:34.358, 218.89 W, 100 %
2025/12/06 22:41:34.459, 218.64 W, 100 %
2025/12/06 22:41:34.559, 218.66 W, 100 %
2025/12/06 22:41:34.659, 219.00 W, 100 %
2025/12/06 22:41:34.759, 218.78 W, 100 %
2025/12/06 22:41:34.859, 219.13 W, 100 %
2025/12/06 22:41:34.959, 219.75 W, 100 %
2025/12/06 22:41:35.059, 219.49 W, 100 %
2025/12/06 22:41:35.159, 219.51 W, 100 %
2025/12/06 22:41:35.259, 219.32 W, 100 %
2025/12/06 22:41:35.359, 219.12 W, 100 %
2025/12/06 22:41:35.460, 219.38 W, 100 %
2025/12/06 22:41:35.560, 220.02 W, 100 %
2025/12/06 22:41:35.660, 220.22 W, 100 %
2025/12/06 22:41:35.760, 219.94 W, 100 %
2025/12/06 22:41:35.860, 219.87 W, 100 %
2025/12/06 22:41:35.960, 219.06 W, 100 %
2025/12/06 22:41:36.060, 219.40 W, 100 %
2025/12/06 22:41:36.160, 219.34 W, 100 %
2025/12/06 22:41:36.260, 219.35 W, 100 %
2025/12/06 22:41:36.360, 219.11 W, 100 %
2025/12/06 22:41:36.461, 218.99 W, 100 %
2025/12/06 22:41:36.561, 218.95 W, 100 %
2025/12/06 22:41:36.661, 219.10 W, 100 %
2025/12/06 22:41:36.761, 218.95 W, 100 %
2025/12/06 22:41:36.861, 219.72 W, 99 %
2025/12/06 22:41:36.961, 219.66 W, 99 %
2025/12/06 22:41:37.061, 219.53 W, 100 %
2025/12/06 22:41:37.161, 219.64 W, 100 %
2025/12/06 22:41:37.261, 219.37 W, 100 %
2025/12/06 22:41:37.361, 219.25 W, 100 %
2025/12/06 22:41:37.462, 219.84 W, 100 %
2025/12/06 22:41:37.562, 219.67 W, 100 %
2025/12/06 22:41:37.662, 220.07 W, 100 %
2025/12/06 22:41:37.762, 219.96 W, 100 %
2025/12/06 22:41:37.862, 219.95 W, 100 %
2025/12/06 22:41:37.962, 219.10 W, 100 %
2025/12/06 22:41:38.062, 219.13 W, 100 %
2025/12/06 22:41:38.162, 219.27 W, 100 %
2025/12/06 22:41:38.262, 218.80 W, 100 %
2025/12/06 22:41:38.362, 219.10 W, 100 %
2025/12/06 22:41:38.463, 218.79 W, 100 %
2025/12/06 22:41:38.563, 218.88 W, 100 %
2025/12/06 22:41:38.663, 218.74 W, 100 %
2025/12/06 22:41:38.763, 219.60 W, 100 %
2025/12/06 22:41:38.863, 219.46 W, 100 %
2025/12/06 22:41:38.963, 219.13 W, 100 %
2025/12/06 22:41:39.063, 219.43 W, 100 %
2025/12/06 22:41:39.163, 219.18 W, 100 %
2025/12/06 22:41:39.263, 219.57 W, 100 %
2025/12/06 22:41:39.363, 219.45 W, 100 %
2025/12/06 22:41:39.464, 219.43 W, 100 %
2025/12/06 22:41:39.564, 219.40 W, 100 %
2025/12/06 22:41:39.664, 219.10 W, 100 %
2025/12/06 22:41:39.764, 218.54 W, 100 %
2025/12/06 22:41:39.864, 218.44 W, 100 %
2025/12/06 22:41:39.964, 218.89 W, 100 %
2025/12/06 22:41:40.064, 219.04 W, 100 %
2025/12/06 22:41:40.164, 218.95 W, 100 %
2025/12/06 22:41:40.264, 218.46 W, 100 %
2025/12/06 22:41:40.364, 218.58 W, 100 %
2025/12/06 22:41:40.465, 218.86 W, 100 %
2025/12/06 22:41:40.565, 219.20 W, 100 %
2025/12/06 22:41:40.665, 218.00 W, 99 %
2025/12/06 22:41:40.765, 218.27 W, 99 %
2025/12/06 22:41:40.865, 218.24 W, 100 %
2025/12/06 22:41:40.965, 218.00 W, 100 %
2025/12/06 22:41:41.065, 218.35 W, 100 %
2025/12/06 22:41:41.165, 218.65 W, 100 %
2025/12/06 22:41:41.265, 218.20 W, 100 %
2025/12/06 22:41:41.365, 218.14 W, 100 %
2025/12/06 22:41:41.466, 217.93 W, 100 %
2025/12/06 22:41:41.566, 218.39 W, 100 %
2025/12/06 22:41:41.666, 218.02 W, 100 %
2025/12/06 22:41:41.766, 219.86 W, 100 %
2025/12/06 22:41:41.866, 219.71 W, 100 %
2025/12/06 22:41:41.966, 219.68 W, 100 %
2025/12/06 22:41:42.066, 219.52 W, 100 %
2025/12/06 22:41:42.166, 219.40 W, 100 %
2025/12/06 22:41:42.266, 219.37 W, 100 %
2025/12/06 22:41:42.366, 219.06 W, 100 %
2025/12/06 22:41:42.467, 219.03 W, 100 %
2025/12/06 22:41:42.567, 218.00 W, 100 %
2025/12/06 22:41:42.667, 218.14 W, 99 %
2025/12/06 22:41:42.767, 218.16 W, 99 %
2025/12/06 22:41:42.867, 218.09 W, 100 %
2025/12/06 22:41:42.967, 218.46 W, 100 %
2025/12/06 22:41:43.067, 218.21 W, 100 %
2025/12/06 22:41:43.167, 218.58 W, 100 %
2025/12/06 22:41:43.267, 218.17 W, 100 %
2025/12/06 22:41:43.367, 218.73 W, 100 %
2025/12/06 22:41:43.468, 218.09 W, 100 %
2025/12/06 22:41:43.568, 218.33 W, 100 %
2025/12/06 22:41:43.668, 219.66 W, 100 %
2025/12/06 22:41:43.768, 219.38 W, 100 %
2025/12/06 22:41:43.868, 219.52 W, 100 %
2025/12/06 22:41:43.968, 219.50 W, 100 %
2025/12/06 22:41:44.068, 219.71 W, 100 %
2025/12/06 22:41:44.168, 219.47 W, 100 %
2025/12/06 22:41:44.268, 219.79 W, 100 %
2025/12/06 22:41:44.368, 219.53 W, 100 %
2025/12/06 22:41:44.469, 219.13 W, 100 %
2025/12/06 22:41:44.569, 220.18 W, 100 %
2025/12/06 22:41:44.669, 219.84 W, 100 %
2025/12/06 22:41:44.769, 220.00 W, 100 %
2025/12/06 22:41:44.869, 219.94 W, 100 %
2025/12/06 22:41:44.969, 220.02 W, 100 %
2025/12/06 22:41:45.069, 219.92 W, 100 %
2025/12/06 22:41:45.169, 219.77 W, 100 %
2025/12/06 22:41:45.269, 219.54 W, 100 %
2025/12/06 22:41:45.369, 220.11 W, 100 %
2025/12/06 22:41:45.470, 219.74 W, 100 %
2025/12/06 22:41:45.570, 219.73 W, 100 %
2025/12/06 22:41:45.670, 219.75 W, 100 %
2025/12/06 22:41:45.770, 219.65 W, 100 %
2025/12/06 22:41:45.870, 219.54 W, 100 %
2025/12/06 22:41:45.970, 219.65 W, 100 %
2025/12/06 22:41:46.070, 219.65 W, 100 %
2025/12/06 22:41:46.170, 219.77 W, 100 %
2025/12/06 22:41:46.270, 219.87 W, 100 %
2025/12/06 22:41:46.370, 220.09 W, 100 %
2025/12/06 22:41:46.471, 220.58 W, 99 %
2025/12/06 22:41:46.571, 220.54 W, 99 %
2025/12/06 22:41:46.671, 220.01 W, 100 %
2025/12/06 22:41:46.771, 219.79 W, 100 %
2025/12/06 22:41:46.871, 220.47 W, 100 %
2025/12/06 22:41:46.971, 220.12 W, 100 %
2025/12/06 22:41:47.071, 220.27 W, 100 %
2025/12/06 22:41:47.171, 219.94 W, 100 %
2025/12/06 22:41:47.271, 219.99 W, 100 %
2025/12/06 22:41:47.371, 219.46 W, 100 %
2025/12/06 22:41:47.472, 219.62 W, 100 %
2025/12/06 22:41:47.572, 218.97 W, 100 %
2025/12/06 22:41:47.672, 218.48 W, 100 %
2025/12/06 22:41:47.772, 218.81 W, 100 %
2025/12/06 22:41:47.872, 218.58 W, 100 %
2025/12/06 22:41:47.972, 219.05 W, 100 %
2025/12/06 22:41:48.072, 218.75 W, 100 %
2025/12/06 22:41:48.172, 219.21 W, 100 %
2025/12/06 22:41:48.272, 218.97 W, 100 %
2025/12/06 22:41:48.372, 219.96 W, 100 %
2025/12/06 22:41:48.473, 219.32 W, 100 %
2025/12/06 22:41:48.573, 219.51 W, 100 %
2025/12/06 22:41:48.673, 219.86 W, 100 %
2025/12/06 22:41:48.773, 219.45 W, 100 %
2025/12/06 22:41:48.873, 219.90 W, 100 %
2025/12/06 22:41:48.973, 219.74 W, 100 %
2025/12/06 22:41:49.073, 219.62 W, 100 %
2025/12/06 22:41:49.173, 219.49 W, 100 %
2025/12/06 22:41:49.273, 219.24 W, 100 %
2025/12/06 22:41:49.373, 219.60 W, 100 %
2025/12/06 22:41:49.474, 218.64 W, 100 %
2025/12/06 22:41:49.574, 218.79 W, 100 %
2025/12/06 22:41:49.674, 218.48 W, 100 %
2025/12/06 22:41:49.774, 218.57 W, 100 %
2025/12/06 22:41:49.874, 219.11 W, 100 %
2025/12/06 22:41:49.974, 219.01 W, 100 %
2025/12/06 22:41:50.074, 218.93 W, 100 %
2025/12/06 22:41:50.174, 218.92 W, 100 %
2025/12/06 22:41:50.274, 219.62 W, 99 %
2025/12/06 22:41:50.374, 219.41 W, 99 %
2025/12/06 22:41:50.475, 219.44 W, 100 %
2025/12/06 22:41:50.575, 219.31 W, 100 %
2025/12/06 22:41:50.675, 219.03 W, 100 %
2025/12/06 22:41:50.775, 219.95 W, 100 %
2025/12/06 22:41:50.875, 219.82 W, 100 %
2025/12/06 22:41:50.975, 219.74 W, 100 %
2025/12/06 22:41:51.075, 219.87 W, 100 %
2025/12/06 22:41:51.175, 219.67 W, 100 %
2025/12/06 22:41:51.275, 219.86 W, 100 %
2025/12/06 22:41:51.375, 219.52 W, 100 %
2025/12/06 22:41:51.476, 219.54 W, 100 %
2025/12/06 22:41:51.576, 219.57 W, 100 %
2025/12/06 22:41:51.676, 219.31 W, 100 %
2025/12/06 22:41:51.776, 219.45 W, 100 %
2025/12/06 22:41:51.876, 219.61 W, 100 %
2025/12/06 22:41:51.976, 219.56 W, 100 %
2025/12/06 22:41:52.076, 219.64 W, 100 %
2025/12/06 22:41:52.176, 218.78 W, 100 %
2025/12/06 22:41:52.276, 219.08 W, 100 %
2025/12/06 22:41:52.376, 219.13 W, 100 %
2025/12/06 22:41:52.477, 218.85 W, 100 %
2025/12/06 22:41:52.577, 218.61 W, 100 %
2025/12/06 22:41:52.677, 218.40 W, 100 %
2025/12/06 22:41:52.777, 218.69 W, 100 %
2025/12/06 22:41:52.877, 218.41 W, 100 %
2025/12/06 22:41:52.977, 218.32 W, 100 %
2025/12/06 22:41:53.077, 218.17 W, 100 %
2025/12/06 22:41:53.177, 218.18 W, 100 %
2025/12/06 22:41:53.277, 219.17 W, 100 %
2025/12/06 22:41:53.377, 218.79 W, 100 %
2025/12/06 22:41:53.478, 218.93 W, 100 %
2025/12/06 22:41:53.578, 218.98 W, 100 %
2025/12/06 22:41:53.678, 218.73 W, 100 %
2025/12/06 22:41:53.778, 219.06 W, 100 %
2025/12/06 22:41:53.878, 218.92 W, 100 %
2025/12/06 22:41:53.978, 219.25 W, 100 %
2025/12/06 22:41:54.078, 218.29 W, 100 %
2025/12/06 22:41:54.178, 218.58 W, 100 %
2025/12/06 22:41:54.278, 218.24 W, 100 %
2025/12/06 22:41:54.378, 217.80 W, 100 %
2025/12/06 22:41:54.479, 217.91 W, 100 %
2025/12/06 22:41:54.579, 217.71 W, 100 %
2025/12/06 22:41:54.679, 218.10 W, 100 %
2025/12/06 22:41:54.779, 218.41 W, 100 %
2025/12/06 22:41:54.879, 218.82 W, 100 %
2025/12/06 22:41:54.979, 218.83 W, 100 %
2025/12/06 22:41:55.079, 219.84 W, 100 %
2025/12/06 22:41:55.179, 219.53 W, 100 %
2025/12/06 22:41:55.279, 219.03 W, 100 %
2025/12/06 22:41:55.379, 219.06 W, 100 %
2025/12/06 22:41:55.480, 219.21 W, 100 %
2025/12/06 22:41:55.580, 219.16 W, 100 %
2025/12/06 22:41:55.680, 219.00 W, 100 %
2025/12/06 22:41:55.780, 219.26 W, 100 %
2025/12/06 22:41:55.880, 219.12 W, 100 %
2025/12/06 22:41:55.980, 219.02 W, 100 %
2025/12/06 22:41:56.080, 218.76 W, 99 %
2025/12/06 22:41:56.180, 218.91 W, 99 %
2025/12/06 22:41:56.280, 219.33 W, 100 %
2025/12/06 22:41:56.380, 219.34 W, 100 %
2025/12/06 22:41:56.481, 219.99 W, 100 %
2025/12/06 22:41:56.581, 219.51 W, 100 %
2025/12/06 22:41:56.681, 219.37 W, 100 %
2025/12/06 22:41:56.781, 219.50 W, 100 %
2025/12/06 22:41:56.881, 219.46 W, 100 %
2025/12/06 22:41:56.981, 219.51 W, 100 %
2025/12/06 22:41:57.081, 219.52 W, 100 %
2025/12/06 22:41:57.181, 219.53 W, 100 %
2025/12/06 22:41:57.281, 219.70 W, 100 %
2025/12/06 22:41:57.381, 219.59 W, 100 %
2025/12/06 22:41:57.482, 219.86 W, 100 %
2025/12/06 22:41:57.582, 219.76 W, 100 %
2025/12/06 22:41:57.682, 219.44 W, 100 %
2025/12/06 22:41:57.782, 219.57 W, 100 %
2025/12/06 22:41:57.882, 219.56 W, 100 %
2025/12/06 22:41:57.982, 219.89 W, 100 %
2025/12/06 22:41:58.082, 219.63 W, 100 %
2025/12/06 22:41:58.182, 220.06 W, 100 %
2025/12/06 22:41:58.282, 219.66 W, 100 %
2025/12/06 22:41:58.382, 219.63 W, 100 %
2025/12/06 22:41:58.483, 219.62 W, 100 %
2025/12/06 22:41:58.583, 219.23 W, 100 %
2025/12/06 22:41:58.683, 218.98 W, 100 %
2025/12/06 22:41:58.783, 219.33 W, 100 %
2025/12/06 22:41:58.883, 219.53 W, 100 %
2025/12/06 22:41:58.983, 219.14 W, 100 %
2025/12/06 22:41:59.083, 218.83 W, 100 %
2025/12/06 22:41:59.183, 218.79 W, 100 %
2025/12/06 22:41:59.283, 219.07 W, 100 %
2025/12/06 22:41:59.383, 219.02 W, 100 %
2025/12/06 22:41:59.484, 219.19 W, 100 %
2025/12/06 22:41:59.584, 219.20 W, 100 %
2025/12/06 22:41:59.684, 219.49 W, 100 %
2025/12/06 22:41:59.784, 219.48 W, 100 %
2025/12/06 22:41:59.884, 220.30 W, 99 %
2025/12/06 22:41:59.984, 220.75 W, 99 %
2025/12/06 22:42:00.084, 220.18 W, 100 %
2025/12/06 22:42:00.184, 220.22 W, 100 %
2025/12/06 22:42:00.284, 220.73 W, 100 %
2025/12/06 22:42:00.384, 220.47 W, 100 %
2025/12/06 22:42:00.485, 220.28 W, 100 %
2025/12/06 22:42:00.585, 220.14 W, 100 %
2025/12/06 22:42:00.685, 220.18 W, 100 %
2025/12/06 22:42:00.785, 220.04 W, 100 %
2025/12/06 22:42:00.885, 220.53 W, 100 %
2025/12/06 22:42:00.985, 219.59 W, 100 %
2025/12/06 22:42:01.085, 218.97 W, 100 %
2025/12/06 22:42:01.185, 219.25 W, 100 %
2025/12/06 22:42:01.285, 218.51 W, 100 %
2025/12/06 22:42:01.385, 218.88 W, 100 %
2025/12/06 22:42:01.486, 218.85 W, 100 %
2025/12/06 22:42:01.586, 219.27 W, 100 %
2025/12/06 22:42:01.686, 219.28 W, 100 %
2025/12/06 22:42:01.786, 219.56 W, 100 %
2025/12/06 22:42:01.886, 219.46 W, 100 %
2025/12/06 22:42:01.986, 219.23 W, 100 %
2025/12/06 22:42:02.086, 219.09 W, 100 %
2025/12/06 22:42:02.186, 219.26 W, 100 %
2025/12/06 22:42:02.286, 219.78 W, 100 %
2025/12/06 22:42:02.386, 219.80 W, 100 %
2025/12/06 22:42:02.487, 219.60 W, 100 %
2025/12/06 22:42:02.587, 219.56 W, 100 %
2025/12/06 22:42:02.687, 219.80 W, 100 %
2025/12/06 22:42:02.787, 219.65 W, 100 %
2025/12/06 22:42:02.887, 219.51 W, 100 %
2025/12/06 22:42:02.987, 219.48 W, 100 %
2025/12/06 22:42:03.087, 219.54 W, 100 %
2025/12/06 22:42:03.187, 219.53 W, 100 %
2025/12/06 22:42:03.287, 219.31 W, 100 %
2025/12/06 22:42:03.387, 219.24 W, 100 %
2025/12/06 22:42:03.488, 219.38 W, 100 %
2025/12/06 22:42:03.588, 219.27 W, 100 %
2025/12/06 22:42:03.688, 218.10 W, 99 %
2025/12/06 22:42:03.788, 218.53 W, 99 %
2025/12/06 22:42:03.888, 218.31 W, 100 %
2025/12/06 22:42:03.988, 217.59 W, 100 %
2025/12/06 22:42:04.088, 218.06 W, 100 %
2025/12/06 22:42:04.188, 218.17 W, 100 %
2025/12/06 22:42:04.288, 217.88 W, 100 %
2025/12/06 22:42:04.388, 218.17 W, 100 %
2025/12/06 22:42:04.489, 218.04 W, 100 %
2025/12/06 22:42:04.589, 218.07 W, 100 %
2025/12/06 22:42:04.689, 217.93 W, 100 %
2025/12/06 22:42:04.789, 219.17 W, 100 %
2025/12/06 22:42:04.889, 218.64 W, 100 %
2025/12/06 22:42:04.989, 218.66 W, 100 %
2025/12/06 22:42:05.089, 219.57 W, 100 %
2025/12/06 22:42:05.189, 218.79 W, 100 %
2025/12/06 22:42:05.289, 218.44 W, 100 %
2025/12/06 22:42:05.389, 218.59 W, 100 %
2025/12/06 22:42:05.490, 218.70 W, 100 %
2025/12/06 22:42:05.590, 217.64 W, 100 %
2025/12/06 22:42:05.690, 218.33 W, 99 %
2025/12/06 22:42:05.790, 218.12 W, 99 %
2025/12/06 22:42:05.890, 217.92 W, 100 %
2025/12/06 22:42:05.990, 217.99 W, 100 %
2025/12/06 22:42:06.090, 217.85 W, 100 %
2025/12/06 22:42:06.190, 217.74 W, 100 %
2025/12/06 22:42:06.290, 217.81 W, 100 %
2025/12/06 22:42:06.390, 218.50 W, 100 %
2025/12/06 22:42:06.491, 218.06 W, 100 %
2025/12/06 22:42:06.591, 218.04 W, 100 %
2025/12/06 22:42:06.691, 218.59 W, 100 %
2025/12/06 22:42:06.791, 218.58 W, 100 %
2025/12/06 22:42:06.891, 218.69 W, 100 %
2025/12/06 22:42:06.991, 218.73 W, 100 %
2025/12/06 22:42:07.091, 218.77 W, 100 %
2025/12/06 22:42:07.191, 219.05 W, 100 %
2025/12/06 22:42:07.291, 219.24 W, 100 %
2025/12/06 22:42:07.391, 219.41 W, 100 %
2025/12/06 22:42:07.492, 219.12 W, 100 %
2025/12/06 22:42:07.592, 220.21 W, 100 %
2025/12/06 22:42:07.692, 219.56 W, 100 %
2025/12/06 22:42:07.792, 219.90 W, 100 %
2025/12/06 22:42:07.892, 219.36 W, 100 %
2025/12/06 22:42:07.992, 219.21 W, 100 %
2025/12/06 22:42:08.092, 219.74 W, 100 %
2025/12/06 22:42:08.192, 219.56 W, 100 %
2025/12/06 22:42:08.292, 219.63 W, 100 %
2025/12/06 22:42:08.392, 219.75 W, 100 %
2025/12/06 22:42:08.493, 219.68 W, 100 %
2025/12/06 22:42:08.593, 219.94 W, 100 %
2025/12/06 22:42:08.693, 219.29 W, 100 %
2025/12/06 22:42:08.793, 219.33 W, 100 %
2025/12/06 22:42:08.893, 218.84 W, 100 %
2025/12/06 22:42:08.993, 219.19 W, 100 %
2025/12/06 22:42:09.093, 218.88 W, 100 %
2025/12/06 22:42:09.193, 219.22 W, 100 %
2025/12/06 22:42:09.293, 218.87 W, 100 %
2025/12/06 22:42:09.393, 219.20 W, 100 %
2025/12/06 22:42:09.494, 219.87 W, 99 %
2025/12/06 22:42:09.594, 219.65 W, 99 %
2025/12/06 22:42:09.694, 219.68 W, 100 %
2025/12/06 22:42:09.794, 219.21 W, 100 %
2025/12/06 22:42:09.894, 220.29 W, 100 %
2025/12/06 22:42:09.994, 219.79 W, 100 %
2025/12/06 22:42:10.094, 219.83 W, 100 %
2025/12/06 22:42:10.194, 220.42 W, 100 %
2025/12/06 22:42:10.294, 219.99 W, 100 %
2025/12/06 22:42:10.394, 220.50 W, 100 %
2025/12/06 22:42:10.495, 220.10 W, 100 %
2025/12/06 22:42:10.595, 219.84 W, 100 %
2025/12/06 22:42:10.695, 219.95 W, 100 %
2025/12/06 22:42:10.795, 219.66 W, 100 %
2025/12/06 22:42:10.895, 219.82 W, 100 %
2025/12/06 22:42:10.995, 219.05 W, 100 %
2025/12/06 22:42:11.095, 219.69 W, 100 %
2025/12/06 22:42:11.195, 219.26 W, 100 %
2025/12/06 22:42:11.295, 219.56 W, 100 %
2025/12/06 22:42:11.395, 220.38 W, 100 %
2025/12/06 22:42:11.496, 220.60 W, 100 %
2025/12/06 22:42:11.596, 220.40 W, 100 %
2025/12/06 22:42:11.696, 220.63 W, 100 %
2025/12/06 22:42:11.796, 220.45 W, 100 %
2025/12/06 22:42:11.896, 220.81 W, 100 %
2025/12/06 22:42:11.996, 221.12 W, 100 %
2025/12/06 22:42:12.096, 220.94 W, 100 %
2025/12/06 22:42:12.196, 220.93 W, 100 %
2025/12/06 22:42:12.296, 221.01 W, 100 %
2025/12/06 22:42:12.396, 220.97 W, 100 %
2025/12/06 22:42:12.497, 219.99 W, 100 %
2025/12/06 22:42:12.597, 219.94 W, 100 %
2025/12/06 22:42:12.697, 219.92 W, 100 %
2025/12/06 22:42:12.797, 219.78 W, 100 %
2025/12/06 22:42:12.897, 219.34 W, 100 %
2025/12/06 22:42:12.997, 219.49 W, 100 %
2025/12/06 22:42:13.097, 219.65 W, 100 %
2025/12/06 22:42:13.197, 219.68 W, 100 %
2025/12/06 22:42:13.297, 219.96 W, 99 %
2025/12/06 22:42:13.397, 219.79 W, 99 %
2025/12/06 22:42:13.498, 219.51 W, 100 %
2025/12/06 22:42:13.598, 219.55 W, 100 %
2025/12/06 22:42:13.698, 219.65 W, 100 %
2025/12/06 22:42:13.798, 219.84 W, 100 %
2025/12/06 22:42:13.898, 219.70 W, 100 %
2025/12/06 22:42:13.998, 219.90 W, 100 %
2025/12/06 22:42:14.098, 220.42 W, 100 %
2025/12/06 22:42:14.198, 220.21 W, 100 %
2025/12/06 22:42:14.298, 220.53 W, 100 %
2025/12/06 22:42:14.398, 219.92 W, 100 %
2025/12/06 22:42:14.499, 220.08 W, 100 %
2025/12/06 22:42:14.599, 219.92 W, 100 %
2025/12/06 22:42:14.699, 219.78 W, 100 %
2025/12/06 22:42:14.799, 219.76 W, 100 %
2025/12/06 22:42:14.899, 219.15 W, 100 %
2025/12/06 22:42:14.999, 218.98 W, 100 %
2025/12/06 22:42:15.099, 218.91 W, 100 %
2025/12/06 22:42:15.199, 217.58 W, 100 %
2025/12/06 22:42:15.299, 217.04 W, 100 %
2025/12/06 22:42:15.399, 217.02 W, 100 %
2025/12/06 22:42:15.500, 217.17 W, 100 %
2025/12/06 22:42:15.600, 217.42 W, 100 %
2025/12/06 22:42:15.700, 217.24 W, 100 %
2025/12/06 22:42:15.800, 216.85 W, 100 %
2025/12/06 22:42:15.900, 217.00 W, 100 %
2025/12/06 22:42:16.000, 217.39 W, 100 %
2025/12/06 22:42:16.100, 217.62 W, 100 %
2025/12/06 22:42:16.200, 217.66 W, 100 %
2025/12/06 22:42:16.300, 219.07 W, 100 %
2025/12/06 22:42:16.400, 218.80 W, 100 %
2025/12/06 22:42:16.501, 219.13 W, 100 %
2025/12/06 22:42:16.601, 219.57 W, 100 %
2025/12/06 22:42:16.701, 219.41 W, 100 %
2025/12/06 22:42:16.801, 218.98 W, 100 %
2025/12/06 22:42:16.901, 219.41 W, 100 %
2025/12/06 22:42:17.001, 219.67 W, 100 %
2025/12/06 22:42:17.101, 219.44 W, 100 %
2025/12/06 22:42:17.201, 220.04 W, 100 %
2025/12/06 22:42:17.301, 219.79 W, 100 %
2025/12/06 22:42:17.401, 219.74 W, 100 %
2025/12/06 22:42:17.502, 219.57 W, 100 %
2025/12/06 22:42:17.602, 219.28 W, 100 %
2025/12/06 22:42:17.702, 219.18 W, 100 %
2025/12/06 22:42:17.802, 219.66 W, 100 %
2025/12/06 22:42:17.902, 219.51 W, 100 %
2025/12/06 22:42:18.002, 219.46 W, 100 %
2025/12/06 22:42:18.102, 219.24 W, 100 %
2025/12/06 22:42:18.202, 219.54 W, 100 %
2025/12/06 22:42:18.302, 219.09 W, 100 %
2025/12/06 22:42:18.402, 218.84 W, 100 %
2025/12/06 22:42:18.503, 218.75 W, 100 %
2025/12/06 22:42:18.603, 218.63 W, 100 %
2025/12/06 22:42:18.703, 218.60 W, 100 %
2025/12/06 22:42:18.803, 218.63 W, 100 %
2025/12/06 22:42:18.903, 218.93 W, 100 %
2025/12/06 22:42:19.003, 218.95 W, 100 %
2025/12/06 22:42:19.103, 219.51 W, 99 %
2025/12/06 22:42:19.203, 219.13 W, 99 %
2025/12/06 22:42:19.303, 218.97 W, 100 %
2025/12/06 22:42:19.403, 218.83 W, 100 %
2025/12/06 22:42:19.504, 218.58 W, 100 %
2025/12/06 22:42:19.604, 219.27 W, 100 %
2025/12/06 22:42:19.704, 219.83 W, 100 %
2025/12/06 22:42:19.804, 219.65 W, 100 %
2025/12/06 22:42:19.904, 219.28 W, 100 %
2025/12/06 22:42:20.004, 219.17 W, 100 %
2025/12/06 22:42:20.104, 219.46 W, 100 %
2025/12/06 22:42:20.204, 218.77 W, 100 %
2025/12/06 22:42:20.304, 219.28 W, 100 %
2025/12/06 22:42:20.404, 219.37 W, 100 %
2025/12/06 22:42:20.505, 219.13 W, 100 %
2025/12/06 22:42:20.605, 219.65 W, 100 %
2025/12/06 22:42:20.705, 219.06 W, 100 %
2025/12/06 22:42:20.805, 219.38 W, 100 %
2025/12/06 22:42:20.905, 219.45 W, 100 %
2025/12/06 22:42:21.005, 219.85 W, 100 %
2025/12/06 22:42:21.105, 219.43 W, 100 %
2025/12/06 22:42:21.205, 219.60 W, 100 %
2025/12/06 22:42:21.306, 219.82 W, 100 %
2025/12/06 22:42:21.406, 219.56 W, 100 %
2025/12/06 22:42:21.506, 219.35 W, 100 %
2025/12/06 22:42:21.606, 219.66 W, 100 %
2025/12/06 22:42:21.706, 220.02 W, 100 %
2025/12/06 22:42:21.806, 219.24 W, 100 %
2025/12/06 22:42:21.906, 219.37 W, 100 %
2025/12/06 22:42:22.006, 219.33 W, 100 %
2025/12/06 22:42:22.106, 218.51 W, 100 %
2025/12/06 22:42:22.206, 218.94 W, 100 %
2025/12/06 22:42:22.307, 218.80 W, 100 %
2025/12/06 22:42:22.407, 219.16 W, 100 %
2025/12/06 22:42:22.507, 219.31 W, 100 %
2025/12/06 22:42:22.607, 219.62 W, 100 %
2025/12/06 22:42:22.707, 219.62 W, 100 %
2025/12/06 22:42:22.807, 219.47 W, 100 %
2025/12/06 22:42:22.907, 220.25 W, 99 %
2025/12/06 22:42:23.007, 220.15 W, 99 %
2025/12/06 22:42:23.107, 219.98 W, 100 %
2025/12/06 22:42:23.207, 219.80 W, 100 %
2025/12/06 22:42:23.308, 219.80 W, 100 %
2025/12/06 22:42:23.408, 219.70 W, 100 %
2025/12/06 22:42:23.508, 219.70 W, 100 %
2025/12/06 22:42:23.608, 219.92 W, 100 %
2025/12/06 22:42:23.708, 219.92 W, 100 %
2025/12/06 22:42:23.808, 220.12 W, 100 %
2025/12/06 22:42:23.908, 219.64 W, 100 %
2025/12/06 22:42:24.008, 219.77 W, 100 %
2025/12/06 22:42:24.108, 219.44 W, 100 %
2025/12/06 22:42:24.208, 219.98 W, 100 %
2025/12/06 22:42:24.309, 219.87 W, 100 %
2025/12/06 22:42:24.409, 219.76 W, 100 %
2025/12/06 22:42:24.509, 219.75 W, 100 %
2025/12/06 22:42:24.609, 219.71 W, 100 %
2025/12/06 22:42:24.709, 219.58 W, 100 %
2025/12/06 22:42:24.809, 219.30 W, 100 %
2025/12/06 22:42:24.909, 219.62 W, 100 %
2025/12/06 22:42:25.009, 219.14 W, 100 %
2025/12/06 22:42:25.109, 219.01 W, 100 %
2025/12/06 22:42:25.209, 219.29 W, 100 %
2025/12/06 22:42:25.310, 219.05 W, 100 %
2025/12/06 22:42:25.410, 219.26 W, 100 %
2025/12/06 22:42:25.510, 219.24 W, 100 %
2025/12/06 22:42:25.610, 219.31 W, 100 %
2025/12/06 22:42:25.710, 219.15 W, 100 %
2025/12/06 22:42:25.810, 219.26 W, 100 %
2025/12/06 22:42:25.910, 219.32 W, 100 %
2025/12/06 22:42:26.010, 218.83 W, 100 %
2025/12/06 22:42:26.110, 219.07 W, 100 %
2025/12/06 22:42:26.210, 218.94 W, 100 %
2025/12/06 22:42:26.311, 219.28 W, 100 %
2025/12/06 22:42:26.411, 219.17 W, 100 %
2025/12/06 22:42:26.511, 219.19 W, 100 %
2025/12/06 22:42:26.611, 215.66 W, 100 %
2025/12/06 22:42:26.711, 217.11 W, 100 %
2025/12/06 22:42:26.811, 216.69 W, 100 %
2025/12/06 22:42:26.911, 216.12 W, 100 %
2025/12/06 22:42:27.011, 216.25 W, 100 %
2025/12/06 22:42:27.111, 216.45 W, 100 %
2025/12/06 22:42:27.211, 216.61 W, 100 %
2025/12/06 22:42:27.312, 216.51 W, 100 %
2025/12/06 22:42:27.412, 216.76 W, 100 %
2025/12/06 22:42:27.512, 216.07 W, 100 %
2025/12/06 22:42:27.612, 216.19 W, 100 %
2025/12/06 22:42:27.712, 217.76 W, 100 %
2025/12/06 22:42:27.812, 218.43 W, 100 %
2025/12/06 22:42:27.912, 218.39 W, 100 %
2025/12/06 22:42:28.012, 218.76 W, 100 %
2025/12/06 22:42:28.112, 218.80 W, 100 %
2025/12/06 22:42:28.212, 219.23 W, 100 %
2025/12/06 22:42:28.313, 219.33 W, 100 %
2025/12/06 22:42:28.413, 218.98 W, 100 %
2025/12/06 22:42:28.513, 219.41 W, 100 %
2025/12/06 22:42:28.613, 219.90 W, 100 %
2025/12/06 22:42:28.713, 220.38 W, 100 %
2025/12/06 22:42:28.813, 220.13 W, 100 %
2025/12/06 22:42:28.913, 219.88 W, 100 %
2025/12/06 22:42:29.013, 219.77 W, 100 %
2025/12/06 22:42:29.113, 219.53 W, 100 %
2025/12/06 22:42:29.213, 219.55 W, 100 %
2025/12/06 22:42:29.314, 219.45 W, 100 %
2025/12/06 22:42:29.414, 219.46 W, 100 %
2025/12/06 22:42:29.514, 219.27 W, 100 %
2025/12/06 22:42:29.614, 219.44 W, 100 %
2025/12/06 22:42:29.714, 219.47 W, 100 %
2025/12/06 22:42:29.814, 219.33 W, 100 %
2025/12/06 22:42:29.914, 219.26 W, 100 %
2025/12/06 22:42:30.014, 219.34 W, 100 %
2025/12/06 22:42:30.114, 219.35 W, 100 %
2025/12/06 22:42:30.214, 219.32 W, 100 %
2025/12/06 22:42:30.315, 219.62 W, 100 %
2025/12/06 22:42:30.415, 219.35 W, 100 %
2025/12/06 22:42:30.515, 220.24 W, 99 %
2025/12/06 22:42:30.615, 219.66 W, 99 %
2025/12/06 22:42:30.715, 219.80 W, 100 %
2025/12/06 22:42:30.815, 219.62 W, 100 %
2025/12/06 22:42:30.915, 219.47 W, 100 %
2025/12/06 22:42:31.015, 219.74 W, 100 %
2025/12/06 22:42:31.115, 219.92 W, 100 %
2025/12/06 22:42:31.215, 219.62 W, 100 %
2025/12/06 22:42:31.316, 219.34 W, 100 %
2025/12/06 22:42:31.416, 219.01 W, 100 %
2025/12/06 22:42:31.516, 218.81 W, 100 %
2025/12/06 22:42:31.616, 218.56 W, 100 %
2025/12/06 22:42:31.716, 219.40 W, 100 %
2025/12/06 22:42:31.816, 219.17 W, 100 %
2025/12/06 22:42:31.916, 218.87 W, 100 %
2025/12/06 22:42:32.016, 218.79 W, 100 %
2025/12/06 22:42:32.116, 219.04 W, 100 %
2025/12/06 22:42:32.216, 219.14 W, 100 %
2025/12/06 22:42:32.317, 219.29 W, 100 %
2025/12/06 22:42:32.417, 220.48 W, 100 %
2025/12/06 22:42:32.517, 220.08 W, 100 %
2025/12/06 22:42:32.617, 220.59 W, 100 %
2025/12/06 22:42:32.717, 220.11 W, 100 %
2025/12/06 22:42:32.817, 219.93 W, 100 %
2025/12/06 22:42:32.917, 219.92 W, 100 %
2025/12/06 22:42:33.017, 220.12 W, 100 %
2025/12/06 22:42:33.117, 220.34 W, 100 %
2025/12/06 22:42:33.217, 220.15 W, 100 %
2025/12/06 22:42:33.318, 220.13 W, 100 %
2025/12/06 22:42:33.418, 220.12 W, 100 %
2025/12/06 22:42:33.518, 219.03 W, 100 %
2025/12/06 22:42:33.618, 219.05 W, 100 %
2025/12/06 22:42:33.718, 218.89 W, 100 %
2025/12/06 22:42:33.818, 219.03 W, 100 %
2025/12/06 22:42:33.918, 219.06 W, 100 %
2025/12/06 22:42:34.018, 219.08 W, 100 %
2025/12/06 22:42:34.118, 218.94 W, 100 %
2025/12/06 22:42:34.218, 219.16 W, 100 %
2025/12/06 22:42:34.319, 220.56 W, 99 %
2025/12/06 22:42:34.419, 220.60 W, 99 %
2025/12/06 22:42:34.519, 220.12 W, 100 %
2025/12/06 22:42:34.619, 220.55 W, 100 %
2025/12/06 22:42:34.719, 221.38 W, 100 %
2025/12/06 22:42:34.819, 220.66 W, 100 %
2025/12/06 22:42:34.919, 220.53 W, 100 %
2025/12/06 22:42:35.019, 220.64 W, 100 %
2025/12/06 22:42:35.119, 220.42 W, 100 %
2025/12/06 22:42:35.219, 220.73 W, 100 %
2025/12/06 22:42:35.320, 220.57 W, 100 %
2025/12/06 22:42:35.420, 219.32 W, 100 %
2025/12/06 22:42:35.520, 219.49 W, 100 %
2025/12/06 22:42:35.620, 219.30 W, 100 %
2025/12/06 22:42:35.720, 219.26 W, 100 %
2025/12/06 22:42:35.820, 219.34 W, 100 %
2025/12/06 22:42:35.920, 218.84 W, 100 %
2025/12/06 22:42:36.020, 218.95 W, 100 %
2025/12/06 22:42:36.120, 219.48 W, 100 %
2025/12/06 22:42:36.220, 218.88 W, 100 %
2025/12/06 22:42:36.321, 218.64 W, 100 %
2025/12/06 22:42:36.421, 218.69 W, 100 %
2025/12/06 22:42:36.521, 218.68 W, 100 %
2025/12/06 22:42:36.621, 218.81 W, 100 %
2025/12/06 22:42:36.721, 218.79 W, 100 %
2025/12/06 22:42:36.821, 218.91 W, 100 %
2025/12/06 22:42:36.921, 218.92 W, 100 %
2025/12/06 22:42:37.021, 219.90 W, 100 %
2025/12/06 22:42:37.121, 219.35 W, 100 %
2025/12/06 22:42:37.221, 219.02 W, 100 %
2025/12/06 22:42:37.322, 219.95 W, 100 %
2025/12/06 22:42:37.422, 219.79 W, 100 %
2025/12/06 22:42:37.522, 219.97 W, 100 %
2025/12/06 22:42:37.622, 219.97 W, 100 %
2025/12/06 22:42:37.722, 219.99 W, 100 %
2025/12/06 22:42:37.822, 219.26 W, 100 %
2025/12/06 22:42:37.922, 219.51 W, 100 %
2025/12/06 22:42:38.022, 219.63 W, 100 %
2025/12/06 22:42:38.122, 217.79 W, 100 %
2025/12/06 22:42:38.222, 218.15 W, 100 %
2025/12/06 22:42:38.323, 217.60 W, 100 %
2025/12/06 22:42:38.423, 217.70 W, 100 %
2025/12/06 22:42:38.523, 217.49 W, 100 %
2025/12/06 22:42:38.623, 217.51 W, 100 %
2025/12/06 22:42:38.723, 217.58 W, 100 %
2025/12/06 22:42:38.823, 217.48 W, 100 %
2025/12/06 22:42:38.923, 218.32 W, 100 %
2025/12/06 22:42:39.023, 217.68 W, 100 %
2025/12/06 22:42:39.123, 219.40 W, 100 %
2025/12/06 22:42:39.223, 218.85 W, 100 %
2025/12/06 22:42:39.324, 219.03 W, 100 %
2025/12/06 22:42:39.424, 219.71 W, 100 %
2025/12/06 22:42:39.524, 219.43 W, 100 %
2025/12/06 22:42:39.624, 219.44 W, 100 %
2025/12/06 22:42:39.724, 219.20 W, 100 %
2025/12/06 22:42:39.824, 219.34 W, 100 %
2025/12/06 22:42:39.924, 219.32 W, 100 %
2025/12/06 22:42:40.024, 219.34 W, 100 %
2025/12/06 22:42:40.124, 219.48 W, 99 %
2025/12/06 22:42:40.224, 219.15 W, 99 %
2025/12/06 22:42:40.325, 219.90 W, 100 %
2025/12/06 22:42:40.425, 219.15 W, 100 %
2025/12/06 22:42:40.525, 218.82 W, 100 %
2025/12/06 22:42:40.625, 219.09 W, 100 %
2025/12/06 22:42:40.725, 219.16 W, 100 %
2025/12/06 22:42:40.825, 219.33 W, 100 %
2025/12/06 22:42:40.925, 219.34 W, 100 %
2025/12/06 22:42:41.025, 219.47 W, 100 %
2025/12/06 22:42:41.125, 219.55 W, 100 %
2025/12/06 22:42:41.225, 219.48 W, 100 %
2025/12/06 22:42:41.326, 218.73 W, 100 %
2025/12/06 22:42:41.426, 218.64 W, 100 %
2025/12/06 22:42:41.526, 219.07 W, 100 %
2025/12/06 22:42:41.626, 219.09 W, 100 %
2025/12/06 22:42:41.726, 219.45 W, 100 %
2025/12/06 22:42:41.826, 219.45 W, 100 %
2025/12/06 22:42:41.926, 219.47 W, 100 %
2025/12/06 22:42:42.026, 220.09 W, 100 %
2025/12/06 22:42:42.126, 219.95 W, 100 %
2025/12/06 22:42:42.226, 219.54 W, 100 %
2025/12/06 22:42:42.327, 219.17 W, 100 %
2025/12/06 22:42:42.427, 220.05 W, 100 %
2025/12/06 22:42:42.527, 219.56 W, 100 %
2025/12/06 22:42:42.627, 219.69 W, 100 %
2025/12/06 22:42:42.727, 220.12 W, 100 %
2025/12/06 22:42:42.827, 219.73 W, 100 %
2025/12/06 22:42:42.927, 219.07 W, 100 %
2025/12/06 22:42:43.027, 219.38 W, 100 %
2025/12/06 22:42:43.127, 219.04 W, 100 %
2025/12/06 22:42:43.227, 218.57 W, 100 %
2025/12/06 22:42:43.328, 218.81 W, 100 %
2025/12/06 22:42:43.428, 219.03 W, 100 %
2025/12/06 22:42:43.528, 218.81 W, 100 %
2025/12/06 22:42:43.628, 219.12 W, 100 %
2025/12/06 22:42:43.728, 218.68 W, 100 %
2025/12/06 22:42:43.828, 218.89 W, 100 %
2025/12/06 22:42:43.928, 219.72 W, 99 %
2025/12/06 22:42:44.028, 220.60 W, 99 %
2025/12/06 22:42:44.128, 219.70 W, 100 %
2025/12/06 22:42:44.228, 220.22 W, 100 %
2025/12/06 22:42:44.329, 220.04 W, 100 %
2025/12/06 22:42:44.429, 220.10 W, 100 %
2025/12/06 22:42:44.529, 220.07 W, 100 %
2025/12/06 22:42:44.629, 220.53 W, 100 %
2025/12/06 22:42:44.729, 220.07 W, 100 %
2025/12/06 22:42:44.829, 220.10 W, 100 %
2025/12/06 22:42:44.929, 219.95 W, 100 %
2025/12/06 22:42:45.029, 219.42 W, 100 %
2025/12/06 22:42:45.129, 219.04 W, 100 %
2025/12/06 22:42:45.229, 219.58 W, 100 %
2025/12/06 22:42:45.330, 218.86 W, 100 %
2025/12/06 22:42:45.430, 218.71 W, 100 %
2025/12/06 22:42:45.530, 218.80 W, 100 %
2025/12/06 22:42:45.630, 218.32 W, 100 %
2025/12/06 22:42:45.730, 218.83 W, 100 %
2025/12/06 22:42:45.830, 219.60 W, 100 %
2025/12/06 22:42:45.930, 219.57 W, 100 %
2025/12/06 22:42:46.030, 219.37 W, 100 %
2025/12/06 22:42:46.130, 219.20 W, 100 %
2025/12/06 22:42:46.230, 219.15 W, 100 %
2025/12/06 22:42:46.331, 218.66 W, 100 %
2025/12/06 22:42:46.431, 219.61 W, 100 %
2025/12/06 22:42:46.531, 219.89 W, 100 %
2025/12/06 22:42:46.631, 219.62 W, 100 %
2025/12/06 22:42:46.731, 219.06 W, 100 %
2025/12/06 22:42:46.831, 218.95 W, 100 %
2025/12/06 22:42:46.931, 218.39 W, 100 %
2025/12/06 22:42:47.031, 218.32 W, 100 %
2025/12/06 22:42:47.131, 218.81 W, 100 %
2025/12/06 22:42:47.231, 218.84 W, 100 %
2025/12/06 22:42:47.332, 219.41 W, 100 %
2025/12/06 22:42:47.432, 219.06 W, 100 %
2025/12/06 22:42:47.532, 219.09 W, 100 %
2025/12/06 22:42:47.632, 219.09 W, 100 %
2025/12/06 22:42:47.732, 217.44 W, 99 %
2025/12/06 22:42:47.832, 217.84 W, 99 %
2025/12/06 22:42:47.932, 217.63 W, 100 %
2025/12/06 22:42:48.032, 217.41 W, 100 %
2025/12/06 22:42:48.132, 217.17 W, 100 %
2025/12/06 22:42:48.232, 217.35 W, 100 %
2025/12/06 22:42:48.333, 217.40 W, 100 %
2025/12/06 22:42:48.433, 217.33 W, 100 %
2025/12/06 22:42:48.533, 217.68 W, 100 %
2025/12/06 22:42:48.633, 217.23 W, 100 %
2025/12/06 22:42:48.733, 217.55 W, 100 %
2025/12/06 22:42:48.833, 219.26 W, 100 %
2025/12/06 22:42:48.933, 218.84 W, 100 %
2025/12/06 22:42:49.033, 218.88 W, 100 %
2025/12/06 22:42:49.133, 219.14 W, 100 %
2025/12/06 22:42:49.233, 218.73 W, 100 %
2025/12/06 22:42:49.334, 218.89 W, 100 %
2025/12/06 22:42:49.434, 218.95 W, 100 %
2025/12/06 22:42:49.534, 218.38 W, 100 %
2025/12/06 22:42:49.634, 218.71 W, 100 %
2025/12/06 22:42:49.734, 219.27 W, 99 %
2025/12/06 22:42:49.834, 218.75 W, 99 %
2025/12/06 22:42:49.934, 218.92 W, 100 %
2025/12/06 22:42:50.034, 219.26 W, 100 %
2025/12/06 22:42:50.134, 219.32 W, 100 %
2025/12/06 22:42:50.234, 218.84 W, 100 %
2025/12/06 22:42:50.335, 218.94 W, 100 %
2025/12/06 22:42:50.435, 219.08 W, 100 %
2025/12/06 22:42:50.535, 218.97 W, 100 %
2025/12/06 22:42:50.635, 219.55 W, 100 %
2025/12/06 22:42:50.735, 218.71 W, 100 %
2025/12/06 22:42:50.835, 219.09 W, 100 %
2025/12/06 22:42:50.935, 219.12 W, 100 %
2025/12/06 22:42:51.035, 219.02 W, 100 %
2025/12/06 22:42:51.135, 219.23 W, 100 %
2025/12/06 22:42:51.235, 219.64 W, 100 %
2025/12/06 22:42:51.336, 219.26 W, 100 %
2025/12/06 22:42:51.436, 219.31 W, 100 %
2025/12/06 22:42:51.536, 219.54 W, 100 %
2025/12/06 22:42:51.636, 220.19 W, 100 %
2025/12/06 22:42:51.736, 220.44 W, 100 %
2025/12/06 22:42:51.836, 220.18 W, 100 %
2025/12/06 22:42:51.936, 220.03 W, 100 %
2025/12/06 22:42:52.036, 220.30 W, 100 %
2025/12/06 22:42:52.136, 220.76 W, 100 %
2025/12/06 22:42:52.236, 220.53 W, 100 %
2025/12/06 22:42:52.337, 220.08 W, 100 %
2025/12/06 22:42:52.437, 220.73 W, 100 %
2025/12/06 22:42:52.537, 220.59 W, 100 %
2025/12/06 22:42:52.637, 220.07 W, 100 %
2025/12/06 22:42:52.737, 220.10 W, 100 %
2025/12/06 22:42:52.837, 220.02 W, 100 %
2025/12/06 22:42:52.937, 220.03 W, 100 %
2025/12/06 22:42:53.037, 220.04 W, 100 %
2025/12/06 22:42:53.137, 220.17 W, 100 %
2025/12/06 22:42:53.237, 219.58 W, 100 %
2025/12/06 22:42:53.338, 219.26 W, 100 %
2025/12/06 22:42:53.438, 219.34 W, 100 %
2025/12/06 22:42:53.538, 220.22 W, 99 %
2025/12/06 22:42:53.638, 220.03 W, 99 %
2025/12/06 22:42:53.738, 219.71 W, 100 %
2025/12/06 22:42:53.838, 219.70 W, 100 %
2025/12/06 22:42:53.938, 219.46 W, 100 %
2025/12/06 22:42:54.038, 219.38 W, 100 %
2025/12/06 22:42:54.138, 219.30 W, 100 %
2025/12/06 22:42:54.238, 219.13 W, 100 %
2025/12/06 22:42:54.339, 219.04 W, 100 %
2025/12/06 22:42:54.439, 219.29 W, 100 %
2025/12/06 22:42:54.539, 219.73 W, 100 %
2025/12/06 22:42:54.639, 218.75 W, 100 %
2025/12/06 22:42:54.739, 219.15 W, 100 %
2025/12/06 22:42:54.839, 219.08 W, 100 %
2025/12/06 22:42:54.939, 219.30 W, 100 %
2025/12/06 22:42:55.039, 219.24 W, 100 %
2025/12/06 22:42:55.139, 219.41 W, 100 %
2025/12/06 22:42:55.239, 219.37 W, 100 %
2025/12/06 22:42:55.340, 218.94 W, 100 %
2025/12/06 22:42:55.440, 220.36 W, 100 %
2025/12/06 22:42:55.540, 219.73 W, 100 %
2025/12/06 22:42:55.640, 219.51 W, 100 %
2025/12/06 22:42:55.740, 220.01 W, 100 %
2025/12/06 22:42:55.840, 219.58 W, 100 %
2025/12/06 22:42:55.940, 220.02 W, 100 %
2025/12/06 22:42:56.040, 219.73 W, 100 %
2025/12/06 22:42:56.140, 220.09 W, 100 %
2025/12/06 22:42:56.240, 219.78 W, 100 %
2025/12/06 22:42:56.341, 219.22 W, 100 %
2025/12/06 22:42:56.441, 219.89 W, 100 %
2025/12/06 22:42:56.541, 218.81 W, 100 %
2025/12/06 22:42:56.641, 219.13 W, 100 %
2025/12/06 22:42:56.741, 219.06 W, 100 %
2025/12/06 22:42:56.841, 219.34 W, 100 %
2025/12/06 22:42:56.941, 218.92 W, 100 %
2025/12/06 22:42:57.041, 219.34 W, 100 %
2025/12/06 22:42:57.141, 218.95 W, 100 %
2025/12/06 22:42:57.241, 219.02 W, 100 %
2025/12/06 22:42:57.342, 219.14 W, 99 %
2025/12/06 22:42:57.442, 219.91 W, 99 %
2025/12/06 22:42:57.542, 219.86 W, 100 %
2025/12/06 22:42:57.642, 219.80 W, 100 %
2025/12/06 22:42:57.742, 219.96 W, 100 %
2025/12/06 22:42:57.842, 219.88 W, 100 %
2025/12/06 22:42:57.942, 220.02 W, 100 %
2025/12/06 22:42:58.042, 219.84 W, 100 %
2025/12/06 22:42:58.142, 220.14 W, 100 %
2025/12/06 22:42:58.242, 219.94 W, 100 %
2025/12/06 22:42:58.343, 219.70 W, 100 %
2025/12/06 22:42:58.443, 220.09 W, 100 %
2025/12/06 22:42:58.543, 219.77 W, 100 %
2025/12/06 22:42:58.643, 220.25 W, 100 %
2025/12/06 22:42:58.743, 220.06 W, 100 %
2025/12/06 22:42:58.843, 219.77 W, 100 %
2025/12/06 22:42:58.943, 219.80 W, 100 %
2025/12/06 22:42:59.043, 219.43 W, 100 %
2025/12/06 22:42:59.143, 219.29 W, 100 %
2025/12/06 22:42:59.243, 217.21 W, 100 %
2025/12/06 22:42:59.344, 217.78 W, 100 %
2025/12/06 22:42:59.444, 217.08 W, 100 %
2025/12/06 22:42:59.544, 217.03 W, 100 %
2025/12/06 22:42:59.644, 217.57 W, 100 %
2025/12/06 22:42:59.744, 217.56 W, 100 %
2025/12/06 22:42:59.844, 217.52 W, 100 %
2025/12/06 22:42:59.944, 217.58 W, 100 %
2025/12/06 22:43:00.044, 217.64 W, 100 %
2025/12/06 22:43:00.144, 217.63 W, 100 %
2025/12/06 22:43:00.244, 217.81 W, 100 %
2025/12/06 22:43:00.345, 219.75 W, 100 %
2025/12/06 22:43:00.445, 219.08 W, 100 %
2025/12/06 22:43:00.545, 218.98 W, 100 %
2025/12/06 22:43:00.645, 218.91 W, 100 %
2025/12/06 22:43:00.745, 219.31 W, 100 %
2025/12/06 22:43:00.845, 219.21 W, 100 %
2025/12/06 22:43:00.945, 219.23 W, 100 %
2025/12/06 22:43:01.045, 219.06 W, 100 %
2025/12/06 22:43:01.145, 219.34 W, 100 %
2025/12/06 22:43:01.245, 219.90 W, 100 %
2025/12/06 22:43:01.346, 219.27 W, 100 %
2025/12/06 22:43:01.446, 219.09 W, 100 %
2025/12/06 22:43:01.546, 219.29 W, 100 %
2025/12/06 22:43:01.646, 219.90 W, 100 %
2025/12/06 22:43:01.746, 219.39 W, 100 %
2025/12/06 22:43:01.846, 219.79 W, 100 %
2025/12/06 22:43:01.946, 219.23 W, 100 %
2025/12/06 22:43:02.046, 219.58 W, 100 %
2025/12/06 22:43:02.146, 219.70 W, 100 %
2025/12/06 22:43:02.246, 219.11 W, 100 %
2025/12/06 22:43:02.347, 219.10 W, 100 %
2025/12/06 22:43:02.447, 219.17 W, 100 %
2025/12/06 22:43:02.547, 219.30 W, 100 %
2025/12/06 22:43:02.647, 219.33 W, 100 %
2025/12/06 22:43:02.747, 219.34 W, 100 %
2025/12/06 22:43:02.847, 219.47 W, 100 %
2025/12/06 22:43:02.947, 218.90 W, 100 %
2025/12/06 22:43:03.047, 219.22 W, 100 %
2025/12/06 22:43:03.147, 219.78 W, 99 %
2025/12/06 22:43:03.247, 219.61 W, 99 %
2025/12/06 22:43:03.348, 219.55 W, 100 %
2025/12/06 22:43:03.448, 219.33 W, 100 %
2025/12/06 22:43:03.548, 220.12 W, 100 %
2025/12/06 22:43:03.648, 219.96 W, 100 %
2025/12/06 22:43:03.748, 220.01 W, 100 %
2025/12/06 22:43:03.848, 219.56 W, 100 %
2025/12/06 22:43:03.948, 220.09 W, 100 %
2025/12/06 22:43:04.048, 219.80 W, 100 %
2025/12/06 22:43:04.148, 219.17 W, 100 %
2025/12/06 22:43:04.248, 219.45 W, 100 %
2025/12/06 22:43:04.349, 219.11 W, 100 %
2025/12/06 22:43:04.449, 219.58 W, 100 %
2025/12/06 22:43:04.549, 219.27 W, 100 %
2025/12/06 22:43:04.649, 219.69 W, 100 %
2025/12/06 22:43:04.749, 219.68 W, 100 %
2025/12/06 22:43:04.849, 219.60 W, 100 %
2025/12/06 22:43:04.949, 219.47 W, 100 %
2025/12/06 22:43:05.049, 220.54 W, 100 %
2025/12/06 22:43:05.149, 220.23 W, 100 %
2025/12/06 22:43:05.249, 220.01 W, 100 %
2025/12/06 22:43:05.350, 219.84 W, 100 %
2025/12/06 22:43:05.450, 220.18 W, 100 %
2025/12/06 22:43:05.550, 219.92 W, 100 %
2025/12/06 22:43:05.650, 219.95 W, 100 %
2025/12/06 22:43:05.750, 219.88 W, 100 %
2025/12/06 22:43:05.850, 220.16 W, 100 %
2025/12/06 22:43:05.950, 220.44 W, 100 %
2025/12/06 22:43:06.050, 220.73 W, 100 %
2025/12/06 22:43:06.150, 219.76 W, 100 %
2025/12/06 22:43:06.250, 219.69 W, 100 %
2025/12/06 22:43:06.351, 219.92 W, 100 %
2025/12/06 22:43:06.451, 219.51 W, 100 %
2025/12/06 22:43:06.551, 219.36 W, 100 %
2025/12/06 22:43:06.651, 219.25 W, 100 %
2025/12/06 22:43:06.751, 219.39 W, 100 %
2025/12/06 22:43:06.851, 219.36 W, 100 %
2025/12/06 22:43:06.951, 219.89 W, 99 %
2025/12/06 22:43:07.051, 219.43 W, 99 %
2025/12/06 22:43:07.151, 219.41 W, 100 %
2025/12/06 22:43:07.251, 219.58 W, 100 %
2025/12/06 22:43:07.352, 219.40 W, 100 %
2025/12/06 22:43:07.452, 219.84 W, 100 %
2025/12/06 22:43:07.552, 219.47 W, 100 %
2025/12/06 22:43:07.652, 219.48 W, 100 %
2025/12/06 22:43:07.752, 219.46 W, 100 %
2025/12/06 22:43:07.852, 219.42 W, 100 %
2025/12/06 22:43:07.952, 219.61 W, 100 %
2025/12/06 22:43:08.052, 218.60 W, 100 %
2025/12/06 22:43:08.152, 219.15 W, 100 %
2025/12/06 22:43:08.252, 219.09 W, 100 %
2025/12/06 22:43:08.353, 219.04 W, 100 %
2025/12/06 22:43:08.453, 219.08 W, 100 %
2025/12/06 22:43:08.553, 218.73 W, 100 %
2025/12/06 22:43:08.653, 218.96 W, 100 %
2025/12/06 22:43:08.753, 218.77 W, 100 %
2025/12/06 22:43:08.853, 218.49 W, 100 %
2025/12/06 22:43:08.953, 218.34 W, 100 %
2025/12/06 22:43:09.053, 218.66 W, 100 %
2025/12/06 22:43:09.153, 218.40 W, 100 %
2025/12/06 22:43:09.253, 218.81 W, 100 %
2025/12/06 22:43:09.354, 218.73 W, 100 %
2025/12/06 22:43:09.454, 218.74 W, 100 %
2025/12/06 22:43:09.554, 219.15 W, 100 %
2025/12/06 22:43:09.654, 218.75 W, 100 %
2025/12/06 22:43:09.754, 219.21 W, 100 %
2025/12/06 22:43:09.854, 219.32 W, 100 %
2025/12/06 22:43:09.954, 219.62 W, 100 %
2025/12/06 22:43:10.054, 219.66 W, 100 %
2025/12/06 22:43:10.154, 219.68 W, 100 %
2025/12/06 22:43:10.254, 219.85 W, 100 %
2025/12/06 22:43:10.355, 219.83 W, 100 %
2025/12/06 22:43:10.455, 219.41 W, 100 %
2025/12/06 22:43:10.555, 219.71 W, 100 %
2025/12/06 22:43:10.655, 219.49 W, 100 %
2025/12/06 22:43:10.755, 217.51 W, 99 %
2025/12/06 22:43:10.855, 217.65 W, 99 %
2025/12/06 22:43:10.955, 217.63 W, 100 %
2025/12/06 22:43:11.055, 217.17 W, 100 %
2025/12/06 22:43:11.155, 217.30 W, 100 %
2025/12/06 22:43:11.255, 216.80 W, 100 %
2025/12/06 22:43:11.356, 216.84 W, 100 %
2025/12/06 22:43:11.456, 216.76 W, 100 %
2025/12/06 22:43:11.556, 216.87 W, 100 %
2025/12/06 22:43:11.656, 216.74 W, 100 %
2025/12/06 22:43:11.756, 216.89 W, 100 %
2025/12/06 22:43:11.856, 219.24 W, 100 %
2025/12/06 22:43:11.956, 219.24 W, 100 %
2025/12/06 22:43:12.056, 219.31 W, 100 %
2025/12/06 22:43:12.156, 219.62 W, 100 %
2025/12/06 22:43:12.256, 219.28 W, 100 %
2025/12/06 22:43:12.357, 219.19 W, 100 %
2025/12/06 22:43:12.457, 219.23 W, 100 %
2025/12/06 22:43:12.557, 219.72 W, 100 %
2025/12/06 22:43:12.657, 219.69 W, 100 %
2025/12/06 22:43:12.757, 220.27 W, 99 %
2025/12/06 22:43:12.857, 219.69 W, 99 %
2025/12/06 22:43:12.957, 219.43 W, 100 %
2025/12/06 22:43:13.057, 219.90 W, 100 %
2025/12/06 22:43:13.157, 219.67 W, 100 %
2025/12/06 22:43:13.257, 219.59 W, 100 %
2025/12/06 22:43:13.358, 219.42 W, 100 %
2025/12/06 22:43:13.458, 219.59 W, 100 %
2025/12/06 22:43:13.558, 219.26 W, 100 %
2025/12/06 22:43:13.658, 219.76 W, 100 %
2025/12/06 22:43:13.758, 219.92 W, 100 %
2025/12/06 22:43:13.858, 219.34 W, 100 %
2025/12/06 22:43:13.958, 219.90 W, 100 %
2025/12/06 22:43:14.058, 219.68 W, 100 %
2025/12/06 22:43:14.158, 219.05 W, 100 %
2025/12/06 22:43:14.258, 218.98 W, 100 %
2025/12/06 22:43:14.359, 219.06 W, 100 %
2025/12/06 22:43:14.459, 219.21 W, 100 %
2025/12/06 22:43:14.559, 219.40 W, 100 %
2025/12/06 22:43:14.659, 221.57 W, 100 %
2025/12/06 22:43:14.759, 221.24 W, 100 %
2025/12/06 22:43:14.859, 221.52 W, 100 %
2025/12/06 22:43:14.959, 221.47 W, 100 %
2025/12/06 22:43:15.059, 221.84 W, 100 %
2025/12/06 22:43:15.159, 221.78 W, 100 %
2025/12/06 22:43:15.259, 221.17 W, 100 %
2025/12/06 22:43:15.360, 221.65 W, 100 %
2025/12/06 22:43:15.460, 221.52 W, 100 %
2025/12/06 22:43:15.560, 221.32 W, 100 %
2025/12/06 22:43:15.660, 221.08 W, 100 %
2025/12/06 22:43:15.760, 219.15 W, 100 %
2025/12/06 22:43:15.860, 219.24 W, 100 %
2025/12/06 22:43:15.960, 219.09 W, 100 %
2025/12/06 22:43:16.060, 219.24 W, 100 %
2025/12/06 22:43:16.160, 219.31 W, 100 %
2025/12/06 22:43:16.260, 219.49 W, 100 %
2025/12/06 22:43:16.361, 219.25 W, 100 %
2025/12/06 22:43:16.461, 219.15 W, 100 %
2025/12/06 22:43:16.561, 219.77 W, 99 %
2025/12/06 22:43:16.661, 220.01 W, 99 %
2025/12/06 22:43:16.761, 220.20 W, 100 %
2025/12/06 22:43:16.861, 219.85 W, 100 %
2025/12/06 22:43:16.961, 219.98 W, 100 %
2025/12/06 22:43:17.061, 219.86 W, 100 %
2025/12/06 22:43:17.161, 219.28 W, 100 %
2025/12/06 22:43:17.261, 218.90 W, 100 %
2025/12/06 22:43:17.362, 219.55 W, 100 %
2025/12/06 22:43:17.462, 219.44 W, 100 %
2025/12/06 22:43:17.562, 219.26 W, 100 %
2025/12/06 22:43:17.662, 218.80 W, 100 %
2025/12/06 22:43:17.762, 218.57 W, 100 %
2025/12/06 22:43:17.862, 218.99 W, 100 %
2025/12/06 22:43:17.962, 218.79 W, 100 %
2025/12/06 22:43:18.062, 218.90 W, 100 %
2025/12/06 22:43:18.162, 219.27 W, 100 %
2025/12/06 22:43:18.262, 219.34 W, 100 %
2025/12/06 22:43:18.363, 219.74 W, 100 %
2025/12/06 22:43:18.463, 219.34 W, 100 %
2025/12/06 22:43:18.563, 219.31 W, 100 %
2025/12/06 22:43:18.663, 219.09 W, 100 %
2025/12/06 22:43:18.763, 219.48 W, 100 %
2025/12/06 22:43:18.863, 219.80 W, 100 %
2025/12/06 22:43:18.963, 219.28 W, 100 %
2025/12/06 22:43:19.063, 219.64 W, 100 %
2025/12/06 22:43:19.163, 219.45 W, 100 %
2025/12/06 22:43:19.263, 219.83 W, 100 %
2025/12/06 22:43:19.364, 219.70 W, 100 %
2025/12/06 22:43:19.464, 219.57 W, 100 %
2025/12/06 22:43:19.564, 219.60 W, 100 %
2025/12/06 22:43:19.664, 219.44 W, 100 %
2025/12/06 22:43:19.764, 219.87 W, 100 %
2025/12/06 22:43:19.864, 219.46 W, 100 %
2025/12/06 22:43:19.964, 219.27 W, 100 %
2025/12/06 22:43:20.064, 219.40 W, 100 %
2025/12/06 22:43:20.164, 219.24 W, 100 %
2025/12/06 22:43:20.264, 219.10 W, 100 %
2025/12/06 22:43:20.365, 216.78 W, 99 %
2025/12/06 22:43:20.465, 216.58 W, 99 %
2025/12/06 22:43:20.565, 216.64 W, 100 %
2025/12/06 22:43:20.665, 217.23 W, 100 %
2025/12/06 22:43:20.765, 217.32 W, 100 %
2025/12/06 22:43:20.865, 217.40 W, 100 %
2025/12/06 22:43:20.965, 217.50 W, 100 %
2025/12/06 22:43:21.065, 217.51 W, 100 %
2025/12/06 22:43:21.165, 217.61 W, 100 %
2025/12/06 22:43:21.265, 217.24 W, 100 %
2025/12/06 22:43:21.366, 218.87 W, 100 %
2025/12/06 22:43:21.466, 218.89 W, 100 %
2025/12/06 22:43:21.566, 219.35 W, 100 %
2025/12/06 22:43:21.666, 219.40 W, 100 %
2025/12/06 22:43:21.766, 219.39 W, 100 %
2025/12/06 22:43:21.866, 219.09 W, 100 %
2025/12/06 22:43:21.966, 219.13 W, 100 %
2025/12/06 22:43:22.066, 218.80 W, 100 %
2025/12/06 22:43:22.166, 219.11 W, 100 %
2025/12/06 22:43:22.266, 218.45 W, 100 %
2025/12/06 22:43:22.367, 219.02 W, 99 %
2025/12/06 22:43:22.467, 218.97 W, 99 %
2025/12/06 22:43:22.567, 218.61 W, 100 %
2025/12/06 22:43:22.667, 219.09 W, 100 %
2025/12/06 22:43:22.767, 219.17 W, 100 %
2025/12/06 22:43:22.867, 218.86 W, 100 %
2025/12/06 22:43:22.967, 218.95 W, 100 %
2025/12/06 22:43:23.067, 219.22 W, 100 %
2025/12/06 22:43:23.167, 218.73 W, 100 %
2025/12/06 22:43:23.267, 219.26 W, 100 %
2025/12/06 22:43:23.368, 219.60 W, 100 %
2025/12/06 22:43:23.468, 219.18 W, 100 %
2025/12/06 22:43:23.568, 219.49 W, 100 %
2025/12/06 22:43:23.668, 219.36 W, 100 %
2025/12/06 22:43:23.768, 219.25 W, 100 %
2025/12/06 22:43:23.868, 219.32 W, 100 %
2025/12/06 22:43:23.968, 219.42 W, 100 %
2025/12/06 22:43:24.068, 219.53 W, 100 %
2025/12/06 22:43:24.168, 219.11 W, 100 %
2025/12/06 22:43:24.268, 219.79 W, 100 %
2025/12/06 22:43:24.369, 219.49 W, 100 %
2025/12/06 22:43:24.469, 219.45 W, 100 %
2025/12/06 22:43:24.569, 219.51 W, 100 %
2025/12/06 22:43:24.669, 219.72 W, 100 %
2025/12/06 22:43:24.769, 219.71 W, 100 %
2025/12/06 22:43:24.869, 219.41 W, 100 %
2025/12/06 22:43:24.969, 219.55 W, 100 %
2025/12/06 22:43:25.069, 219.45 W, 100 %
2025/12/06 22:43:25.169, 219.76 W, 100 %
2025/12/06 22:43:25.269, 219.71 W, 100 %
2025/12/06 22:43:25.370, 219.26 W, 100 %
2025/12/06 22:43:25.470, 219.48 W, 100 %
2025/12/06 22:43:25.570, 219.31 W, 100 %
2025/12/06 22:43:25.670, 219.68 W, 100 %
2025/12/06 22:43:25.770, 219.22 W, 100 %
2025/12/06 22:43:25.870, 219.11 W, 100 %
2025/12/06 22:43:25.970, 219.29 W, 100 %
2025/12/06 22:43:26.070, 219.21 W, 100 %
2025/12/06 22:43:26.170, 220.56 W, 93 %
2025/12/06 22:43:26.270, 220.12 W, 93 %
2025/12/06 22:43:26.371, 220.84 W, 100 %
2025/12/06 22:43:26.471, 220.78 W, 100 %
2025/12/06 22:43:26.571, 220.88 W, 100 %
2025/12/06 22:43:26.671, 220.72 W, 100 %
2025/12/06 22:43:26.771, 220.58 W, 100 %
2025/12/06 22:43:26.871, 220.34 W, 100 %
2025/12/06 22:43:26.971, 220.53 W, 100 %
2025/12/06 22:43:27.071, 220.35 W, 100 %
2025/12/06 22:43:27.171, 220.56 W, 100 %
2025/12/06 22:43:27.271, 218.78 W, 100 %
2025/12/06 22:43:27.372, 218.97 W, 100 %
2025/12/06 22:43:27.472, 218.72 W, 100 %
2025/12/06 22:43:27.572, 218.85 W, 100 %
2025/12/06 22:43:27.672, 218.78 W, 100 %
2025/12/06 22:43:27.772, 218.99 W, 100 %
2025/12/06 22:43:27.872, 218.94 W, 100 %
2025/12/06 22:43:27.972, 219.19 W, 100 %
2025/12/06 22:43:28.072, 219.76 W, 100 %
2025/12/06 22:43:28.172, 219.57 W, 100 %
2025/12/06 22:43:28.272, 219.62 W, 100 %
2025/12/06 22:43:28.373, 219.38 W, 100 %
2025/12/06 22:43:28.473, 219.71 W, 100 %
2025/12/06 22:43:28.573, 220.04 W, 100 %
2025/12/06 22:43:28.673, 219.91 W, 100 %
2025/12/06 22:43:28.773, 220.21 W, 100 %
2025/12/06 22:43:28.873, 219.98 W, 100 %
2025/12/06 22:43:28.973, 219.93 W, 100 %
2025/12/06 22:43:29.073, 220.25 W, 100 %
2025/12/06 22:43:29.173, 219.69 W, 100 %
2025/12/06 22:43:29.273, 219.14 W, 100 %
2025/12/06 22:43:29.374, 218.89 W, 100 %
2025/12/06 22:43:29.474, 219.70 W, 100 %
2025/12/06 22:43:29.574, 219.11 W, 100 %
2025/12/06 22:43:29.674, 219.55 W, 100 %
2025/12/06 22:43:29.774, 219.17 W, 100 %
2025/12/06 22:43:29.874, 219.33 W, 100 %
2025/12/06 22:43:29.974, 219.72 W, 99 %
2025/12/06 22:43:30.074, 220.51 W, 99 %
2025/12/06 22:43:30.174, 219.58 W, 100 %
2025/12/06 22:43:30.274, 220.05 W, 100 %
2025/12/06 22:43:30.375, 220.91 W, 100 %
2025/12/06 22:43:30.475, 220.61 W, 100 %
2025/12/06 22:43:30.575, 220.02 W, 100 %
2025/12/06 22:43:30.675, 220.48 W, 100 %
2025/12/06 22:43:30.775, 219.96 W, 100 %
2025/12/06 22:43:30.875, 219.82 W, 100 %
2025/12/06 22:43:30.975, 219.71 W, 100 %
2025/12/06 22:43:31.075, 219.46 W, 100 %
2025/12/06 22:43:31.175, 219.15 W, 100 %
2025/12/06 22:43:31.275, 219.81 W, 100 %
2025/12/06 22:43:31.376, 219.59 W, 100 %
2025/12/06 22:43:31.476, 218.79 W, 100 %
2025/12/06 22:43:31.576, 219.21 W, 100 %
2025/12/06 22:43:31.676, 219.23 W, 100 %
2025/12/06 22:43:31.776, 218.74 W, 100 %
2025/12/06 22:43:31.876, 216.96 W, 100 %
2025/12/06 22:43:31.976, 217.42 W, 100 %
2025/12/06 22:43:32.076, 216.73 W, 100 %
2025/12/06 22:43:32.176, 216.82 W, 100 %
2025/12/06 22:43:32.276, 217.49 W, 100 %
2025/12/06 22:43:32.377, 216.96 W, 100 %
2025/12/06 22:43:32.477, 217.69 W, 100 %
2025/12/06 22:43:32.577, 217.51 W, 100 %
2025/12/06 22:43:32.677, 217.84 W, 100 %
2025/12/06 22:43:32.777, 218.21 W, 100 %
2025/12/06 22:43:32.877, 218.14 W, 100 %
2025/12/06 22:43:32.977, 220.23 W, 100 %
2025/12/06 22:43:33.077, 220.59 W, 100 %
2025/12/06 22:43:33.177, 220.34 W, 100 %
2025/12/06 22:43:33.277, 220.01 W, 100 %
2025/12/06 22:43:33.378, 219.66 W, 100 %
2025/12/06 22:43:33.478, 219.88 W, 100 %
2025/12/06 22:43:33.578, 219.81 W, 100 %
2025/12/06 22:43:33.678, 219.90 W, 100 %
2025/12/06 22:43:33.778, 219.56 W, 100 %
2025/12/06 22:43:33.878, 219.43 W, 100 %
2025/12/06 22:43:33.978, 219.32 W, 100 %
2025/12/06 22:43:34.078, 219.59 W, 100 %
2025/12/06 22:43:34.178, 219.30 W, 100 %
2025/12/06 22:43:34.278, 219.37 W, 100 %
2025/12/06 22:43:34.379, 219.45 W, 100 %
2025/12/06 22:43:34.479, 219.69 W, 100 %
2025/12/06 22:43:34.579, 219.57 W, 100 %
2025/12/06 22:43:34.679, 219.27 W, 100 %
2025/12/06 22:43:34.779, 219.29 W, 100 %
2025/12/06 22:43:34.879, 219.40 W, 100 %
2025/12/06 22:43:34.979, 219.45 W, 100 %
2025/12/06 22:43:35.079, 219.59 W, 100 %
2025/12/06 22:43:35.179, 218.98 W, 100 %
2025/12/06 22:43:35.279, 218.68 W, 100 %
2025/12/06 22:43:35.380, 218.51 W, 100 %
2025/12/06 22:43:35.480, 219.01 W, 100 %
2025/12/06 22:43:35.580, 218.82 W, 100 %
2025/12/06 22:43:35.680, 219.26 W, 100 %
2025/12/06 22:43:35.780, 219.91 W, 99 %
2025/12/06 22:43:35.880, 219.72 W, 99 %
2025/12/06 22:43:35.980, 220.08 W, 100 %
2025/12/06 22:43:36.080, 219.83 W, 100 %
2025/12/06 22:43:36.180, 219.51 W, 100 %
2025/12/06 22:43:36.280, 219.41 W, 100 %
2025/12/06 22:43:36.381, 219.79 W, 100 %
2025/12/06 22:43:36.481, 219.39 W, 100 %
2025/12/06 22:43:36.581, 219.54 W, 100 %
2025/12/06 22:43:36.681, 219.35 W, 100 %
2025/12/06 22:43:36.781, 219.30 W, 100 %
2025/12/06 22:43:36.881, 218.84 W, 100 %
2025/12/06 22:43:36.981, 218.38 W, 100 %
2025/12/06 22:43:37.081, 218.80 W, 100 %
2025/12/06 22:43:37.181, 219.00 W, 100 %
2025/12/06 22:43:37.281, 219.46 W, 100 %
2025/12/06 22:43:37.382, 219.43 W, 100 %
2025/12/06 22:43:37.482, 219.39 W, 100 %
2025/12/06 22:43:37.582, 219.81 W, 100 %
2025/12/06 22:43:37.682, 220.78 W, 100 %
2025/12/06 22:43:37.782, 220.39 W, 100 %
2025/12/06 22:43:37.882, 220.77 W, 100 %
2025/12/06 22:43:37.982, 221.14 W, 100 %
2025/12/06 22:43:38.082, 220.82 W, 100 %
2025/12/06 22:43:38.182, 220.86 W, 100 %
2025/12/06 22:43:38.282, 220.60 W, 100 %
2025/12/06 22:43:38.383, 220.59 W, 100 %
2025/12/06 22:43:38.483, 220.60 W, 100 %
2025/12/06 22:43:38.583, 220.56 W, 100 %
2025/12/06 22:43:38.683, 220.44 W, 100 %
2025/12/06 22:43:38.783, 219.71 W, 100 %
2025/12/06 22:43:38.883, 219.60 W, 100 %
2025/12/06 22:43:38.983, 219.67 W, 100 %
2025/12/06 22:43:39.083, 219.48 W, 100 %
2025/12/06 22:43:39.183, 219.72 W, 100 %
2025/12/06 22:43:39.283, 220.19 W, 100 %
2025/12/06 22:43:39.384, 220.03 W, 100 %
2025/12/06 22:43:39.484, 219.68 W, 100 %
2025/12/06 22:43:39.584, 220.16 W, 99 %
2025/12/06 22:43:39.684, 220.43 W, 99 %
2025/12/06 22:43:39.784, 220.30 W, 100 %
2025/12/06 22:43:39.884, 220.56 W, 100 %
2025/12/06 22:43:39.984, 220.26 W, 100 %
2025/12/06 22:43:40.084, 220.39 W, 100 %
2025/12/06 22:43:40.184, 219.96 W, 100 %
2025/12/06 22:43:40.284, 219.81 W, 100 %
2025/12/06 22:43:40.385, 219.07 W, 100 %
2025/12/06 22:43:40.485, 219.63 W, 100 %
2025/12/06 22:43:40.585, 219.97 W, 100 %
2025/12/06 22:43:40.685, 219.63 W, 100 %
2025/12/06 22:43:40.785, 219.66 W, 100 %
2025/12/06 22:43:40.885, 219.31 W, 100 %
2025/12/06 22:43:40.985, 219.29 W, 100 %
2025/12/06 22:43:41.085, 219.21 W, 100 %
2025/12/06 22:43:41.185, 219.24 W, 100 %
2025/12/06 22:43:41.285, 218.70 W, 100 %
2025/12/06 22:43:41.386, 218.59 W, 100 %
2025/12/06 22:43:41.486, 218.84 W, 100 %
2025/12/06 22:43:41.586, 218.41 W, 100 %
2025/12/06 22:43:41.686, 218.67 W, 100 %
2025/12/06 22:43:41.786, 218.37 W, 100 %
2025/12/06 22:43:41.886, 218.29 W, 100 %
2025/12/06 22:43:41.986, 218.23 W, 100 %
2025/12/06 22:43:42.086, 218.12 W, 100 %
2025/12/06 22:43:42.186, 217.90 W, 100 %
2025/12/06 22:43:42.286, 218.15 W, 100 %
2025/12/06 22:43:42.387, 218.15 W, 100 %
2025/12/06 22:43:42.487, 218.71 W, 100 %
2025/12/06 22:43:42.587, 218.71 W, 100 %
2025/12/06 22:43:42.687, 218.52 W, 100 %
2025/12/06 22:43:42.787, 218.52 W, 100 %
2025/12/06 22:43:42.887, 218.52 W, 100 %
2025/12/06 22:43:42.987, 218.90 W, 100 %
2025/12/06 22:43:43.087, 218.68 W, 100 %
2025/12/06 22:43:43.187, 218.68 W, 100 %
2025/12/06 22:43:43.287, 218.74 W, 100 %
2025/12/06 22:43:43.388, 216.75 W, 99 %
2025/12/06 22:43:43.488, 217.16 W, 99 %
2025/12/06 22:43:43.588, 216.87 W, 100 %
2025/12/06 22:43:43.688, 216.92 W, 100 %
2025/12/06 22:43:43.788, 216.99 W, 100 %
2025/12/06 22:43:43.888, 217.11 W, 100 %
2025/12/06 22:43:43.988, 216.86 W, 100 %
2025/12/06 22:43:44.088, 216.79 W, 100 %
2025/12/06 22:43:44.188, 217.14 W, 100 %
2025/12/06 22:43:44.288, 217.49 W, 100 %
2025/12/06 22:43:44.389, 219.22 W, 100 %
2025/12/06 22:43:44.489, 218.66 W, 100 %
2025/12/06 22:43:44.589, 219.32 W, 100 %
2025/12/06 22:43:44.689, 219.14 W, 100 %
2025/12/06 22:43:44.789, 219.43 W, 100 %
2025/12/06 22:43:44.889, 219.20 W, 100 %
2025/12/06 22:43:44.990, 219.53 W, 100 %
2025/12/06 22:43:45.090, 219.40 W, 100 %
2025/12/06 22:43:45.190, 219.98 W, 100 %
2025/12/06 22:43:45.290, 220.15 W, 100 %
2025/12/06 22:43:45.390, 220.26 W, 100 %
2025/12/06 22:43:45.490, 220.43 W, 100 %
2025/12/06 22:43:45.590, 220.33 W, 100 %
2025/12/06 22:43:45.690, 220.29 W, 100 %
2025/12/06 22:43:45.790, 220.60 W, 100 %
2025/12/06 22:43:45.890, 220.17 W, 100 %
2025/12/06 22:43:45.991, 220.13 W, 100 %
2025/12/06 22:43:46.091, 220.04 W, 100 %
2025/12/06 22:43:46.191, 219.94 W, 100 %
2025/12/06 22:43:46.291, 219.44 W, 100 %
2025/12/06 22:43:46.391, 219.30 W, 100 %
2025/12/06 22:43:46.491, 219.26 W, 100 %
2025/12/06 22:43:46.591, 219.09 W, 100 %
2025/12/06 22:43:46.691, 219.15 W, 100 %
2025/12/06 22:43:46.791, 219.50 W, 100 %
2025/12/06 22:43:46.891, 219.38 W, 100 %
2025/12/06 22:43:46.992, 219.62 W, 100 %
2025/12/06 22:43:47.092, 219.53 W, 100 %
2025/12/06 22:43:47.192, 220.67 W, 99 %
2025/12/06 22:43:47.292, 220.45 W, 99 %
2025/12/06 22:43:47.392, 220.36 W, 100 %
2025/12/06 22:43:47.492, 220.16 W, 100 %
2025/12/06 22:43:47.592, 220.65 W, 100 %
2025/12/06 22:43:47.692, 220.23 W, 100 %
2025/12/06 22:43:47.792, 219.96 W, 100 %
2025/12/06 22:43:47.892, 219.83 W, 100 %
2025/12/06 22:43:47.993, 219.92 W, 100 %
2025/12/06 22:43:48.093, 220.05 W, 100 %
2025/12/06 22:43:48.193, 220.05 W, 100 %
2025/12/06 22:43:48.293, 219.62 W, 100 %
2025/12/06 22:43:48.393, 219.54 W, 100 %
2025/12/06 22:43:48.493, 219.80 W, 100 %
2025/12/06 22:43:48.593, 219.57 W, 100 %
2025/12/06 22:43:48.693, 219.45 W, 100 %
2025/12/06 22:43:48.793, 219.44 W, 100 %
2025/12/06 22:43:48.893, 219.34 W, 100 %
2025/12/06 22:43:48.994, 219.33 W, 100 %
2025/12/06 22:43:49.094, 220.46 W, 100 %
2025/12/06 22:43:49.194, 220.84 W, 100 %
2025/12/06 22:43:49.294, 220.62 W, 100 %
2025/12/06 22:43:49.394, 220.63 W, 100 %
2025/12/06 22:43:49.494, 220.43 W, 100 %
2025/12/06 22:43:49.594, 220.58 W, 100 %
2025/12/06 22:43:49.694, 220.63 W, 100 %
2025/12/06 22:43:49.794, 220.49 W, 100 %
2025/12/06 22:43:49.894, 220.86 W, 100 %
2025/12/06 22:43:49.995, 220.83 W, 100 %
2025/12/06 22:43:50.095, 220.67 W, 100 %
2025/12/06 22:43:50.195, 219.58 W, 100 %
2025/12/06 22:43:50.295, 219.21 W, 100 %
2025/12/06 22:43:50.395, 219.06 W, 100 %
2025/12/06 22:43:50.495, 218.93 W, 100 %
2025/12/06 22:43:50.595, 219.68 W, 100 %
2025/12/06 22:43:50.695, 219.42 W, 100 %
2025/12/06 22:43:50.795, 219.33 W, 100 %
2025/12/06 22:43:50.895, 219.26 W, 100 %
2025/12/06 22:43:50.996, 219.94 W, 99 %
2025/12/06 22:43:51.096, 219.90 W, 99 %
2025/12/06 22:43:51.196, 219.57 W, 100 %
2025/12/06 22:43:51.296, 219.38 W, 100 %
2025/12/06 22:43:51.396, 219.68 W, 100 %
2025/12/06 22:43:51.496, 219.82 W, 100 %
2025/12/06 22:43:51.596, 219.85 W, 100 %
2025/12/06 22:43:51.696, 219.98 W, 100 %
2025/12/06 22:43:51.796, 219.54 W, 100 %
2025/12/06 22:43:51.896, 219.77 W, 100 %
2025/12/06 22:43:51.997, 220.19 W, 100 %
2025/12/06 22:43:52.097, 219.41 W, 100 %
2025/12/06 22:43:52.197, 219.82 W, 100 %
2025/12/06 22:43:52.297, 219.45 W, 100 %
2025/12/06 22:43:52.397, 219.51 W, 100 %
2025/12/06 22:43:52.497, 219.38 W, 100 %
2025/12/06 22:43:52.597, 219.46 W, 100 %
2025/12/06 22:43:52.697, 219.43 W, 100 %
2025/12/06 22:43:52.797, 219.29 W, 100 %
2025/12/06 22:43:52.897, 218.84 W, 100 %
2025/12/06 22:43:52.998, 219.28 W, 100 %
2025/12/06 22:43:53.098, 218.88 W, 100 %
2025/12/06 22:43:53.198, 218.71 W, 100 %
2025/12/06 22:43:53.298, 218.46 W, 100 %
2025/12/06 22:43:53.398, 219.29 W, 100 %
2025/12/06 22:43:53.498, 218.65 W, 100 %
2025/12/06 22:43:53.598, 218.63 W, 100 %
2025/12/06 22:43:53.698, 218.90 W, 100 %
2025/12/06 22:43:53.798, 218.65 W, 100 %
2025/12/06 22:43:53.898, 218.68 W, 100 %
2025/12/06 22:43:53.999, 219.11 W, 100 %
2025/12/06 22:43:54.099, 219.35 W, 100 %
2025/12/06 22:43:54.199, 219.43 W, 100 %
2025/12/06 22:43:54.299, 219.82 W, 100 %
2025/12/06 22:43:54.399, 219.51 W, 100 %
2025/12/06 22:43:54.499, 219.49 W, 100 %
2025/12/06 22:43:54.599, 219.65 W, 100 %
2025/12/06 22:43:54.699, 219.33 W, 100 %
2025/12/06 22:43:54.799, 217.30 W, 99 %
2025/12/06 22:43:54.899, 217.85 W, 99 %
2025/12/06 22:43:55.000, 217.81 W, 100 %
2025/12/06 22:43:55.100, 217.38 W, 100 %
2025/12/06 22:43:55.200, 217.27 W, 100 %
2025/12/06 22:43:55.300, 217.48 W, 100 %
2025/12/06 22:43:55.400, 217.19 W, 100 %
2025/12/06 22:43:55.500, 217.74 W, 100 %
2025/12/06 22:43:55.600, 217.76 W, 100 %
2025/12/06 22:43:55.700, 217.48 W, 100 %
2025/12/06 22:43:55.800, 217.69 W, 100 %
2025/12/06 22:43:55.900, 219.14 W, 100 %
2025/12/06 22:43:56.001, 219.41 W, 100 %
2025/12/06 22:43:56.101, 219.40 W, 100 %
2025/12/06 22:43:56.201, 219.37 W, 100 %
2025/12/06 22:43:56.301, 219.43 W, 100 %
2025/12/06 22:43:56.401, 219.13 W, 100 %
2025/12/06 22:43:56.501, 219.41 W, 100 %
2025/12/06 22:43:56.601, 219.17 W, 100 %
2025/12/06 22:43:56.701, 219.18 W, 100 %
2025/12/06 22:43:56.801, 219.81 W, 99 %
2025/12/06 22:43:56.901, 219.29 W, 99 %
2025/12/06 22:43:57.002, 219.35 W, 100 %
2025/12/06 22:43:57.102, 219.85 W, 100 %
2025/12/06 22:43:57.202, 219.38 W, 100 %
2025/12/06 22:43:57.302, 219.54 W, 100 %
2025/12/06 22:43:57.402, 219.45 W, 100 %
2025/12/06 22:43:57.502, 219.58 W, 100 %
2025/12/06 22:43:57.602, 219.59 W, 100 %
2025/12/06 22:43:57.702, 219.23 W, 100 %
2025/12/06 22:43:57.802, 218.47 W, 100 %
2025/12/06 22:43:57.902, 218.70 W, 100 %
2025/12/06 22:43:58.003, 218.84 W, 100 %
2025/12/06 22:43:58.103, 218.86 W, 100 %
2025/12/06 22:43:58.203, 218.37 W, 100 %
2025/12/06 22:43:58.303, 219.36 W, 100 %
2025/12/06 22:43:58.403, 219.18 W, 100 %
2025/12/06 22:43:58.503, 219.29 W, 100 %
2025/12/06 22:43:58.603, 219.04 W, 100 %
2025/12/06 22:43:58.703, 219.80 W, 100 %
2025/12/06 22:43:58.803, 220.03 W, 100 %
2025/12/06 22:43:58.903, 219.90 W, 100 %
2025/12/06 22:43:59.004, 220.26 W, 100 %
2025/12/06 22:43:59.104, 220.04 W, 100 %
2025/12/06 22:43:59.204, 220.47 W, 100 %
2025/12/06 22:43:59.304, 220.20 W, 100 %
2025/12/06 22:43:59.404, 219.97 W, 100 %
2025/12/06 22:43:59.504, 219.97 W, 100 %
2025/12/06 22:43:59.604, 219.70 W, 100 %
2025/12/06 22:43:59.704, 220.18 W, 100 %
2025/12/06 22:43:59.804, 219.32 W, 100 %
2025/12/06 22:43:59.904, 219.64 W, 100 %
2025/12/06 22:44:00.005, 219.66 W, 100 %
2025/12/06 22:44:00.105, 219.56 W, 100 %
2025/12/06 22:44:00.205, 219.45 W, 100 %
2025/12/06 22:44:00.305, 219.29 W, 100 %
2025/12/06 22:44:00.405, 219.22 W, 100 %
2025/12/06 22:44:00.505, 218.88 W, 100 %
2025/12/06 22:44:00.605, 219.55 W, 99 %
2025/12/06 22:44:00.705, 219.26 W, 99 %
2025/12/06 22:44:00.805, 219.10 W, 100 %
2025/12/06 22:44:00.906, 219.60 W, 100 %
2025/12/06 22:44:01.006, 219.35 W, 100 %
2025/12/06 22:44:01.106, 219.70 W, 100 %
2025/12/06 22:44:01.206, 219.39 W, 100 %
2025/12/06 22:44:01.306, 219.66 W, 100 %
2025/12/06 22:44:01.406, 219.48 W, 100 %
2025/12/06 22:44:01.506, 219.21 W, 100 %
2025/12/06 22:44:01.606, 219.42 W, 100 %
2025/12/06 22:44:01.706, 218.88 W, 100 %
2025/12/06 22:44:01.806, 219.07 W, 100 %
2025/12/06 22:44:01.906, 218.55 W, 100 %
2025/12/06 22:44:02.007, 218.88 W, 100 %
2025/12/06 22:44:02.107, 218.49 W, 100 %
2025/12/06 22:44:02.207, 218.92 W, 100 %
2025/12/06 22:44:02.307, 218.58 W, 100 %
2025/12/06 22:44:02.407, 218.96 W, 100 %
2025/12/06 22:44:02.507, 220.29 W, 100 %
2025/12/06 22:44:02.607, 220.14 W, 100 %
2025/12/06 22:44:02.707, 220.03 W, 100 %
2025/12/06 22:44:02.807, 220.20 W, 100 %
2025/12/06 22:44:02.907, 220.38 W, 100 %
2025/12/06 22:44:03.008, 220.33 W, 100 %
2025/12/06 22:44:03.108, 220.11 W, 100 %
2025/12/06 22:44:03.208, 219.95 W, 100 %
2025/12/06 22:44:03.308, 219.72 W, 100 %
2025/12/06 22:44:03.408, 219.33 W, 100 %
2025/12/06 22:44:03.508, 219.15 W, 100 %
2025/12/06 22:44:03.608, 218.56 W, 100 %
2025/12/06 22:44:03.708, 218.77 W, 100 %
2025/12/06 22:44:03.808, 218.45 W, 100 %
2025/12/06 22:44:03.909, 218.67 W, 100 %
2025/12/06 22:44:04.009, 218.93 W, 100 %
2025/12/06 22:44:04.109, 219.09 W, 100 %
2025/12/06 22:44:04.209, 219.14 W, 100 %
2025/12/06 22:44:04.309, 219.24 W, 100 %
2025/12/06 22:44:04.409, 218.30 W, 99 %
2025/12/06 22:44:04.509, 218.25 W, 99 %
2025/12/06 22:44:04.609, 218.23 W, 100 %
2025/12/06 22:44:04.709, 218.21 W, 100 %
2025/12/06 22:44:04.809, 218.18 W, 100 %
2025/12/06 22:44:04.910, 218.46 W, 100 %
2025/12/06 22:44:05.010, 218.62 W, 100 %
2025/12/06 22:44:05.110, 218.35 W, 100 %
2025/12/06 22:44:05.210, 218.58 W, 100 %
2025/12/06 22:44:05.310, 218.17 W, 100 %
2025/12/06 22:44:05.410, 218.49 W, 100 %
2025/12/06 22:44:05.510, 219.84 W, 100 %
2025/12/06 22:44:05.610, 219.61 W, 100 %
2025/12/06 22:44:05.710, 218.66 W, 100 %
2025/12/06 22:44:05.810, 218.88 W, 100 %
2025/12/06 22:44:05.911, 219.01 W, 100 %
2025/12/06 22:44:06.011, 218.54 W, 100 %
2025/12/06 22:44:06.111, 218.94 W, 100 %
2025/12/06 22:44:06.211, 218.51 W, 100 %
2025/12/06 22:44:06.311, 216.66 W, 100 %
2025/12/06 22:44:06.411, 216.86 W, 100 %
2025/12/06 22:44:06.511, 216.55 W, 100 %
2025/12/06 22:44:06.611, 216.43 W, 100 %
2025/12/06 22:44:06.711, 216.31 W, 100 %
2025/12/06 22:44:06.811, 216.84 W, 100 %
2025/12/06 22:44:06.912, 216.74 W, 100 %
2025/12/06 22:44:07.012, 216.98 W, 100 %
2025/12/06 22:44:07.112, 217.43 W, 100 %
2025/12/06 22:44:07.212, 216.95 W, 100 %
2025/12/06 22:44:07.312, 217.37 W, 100 %
2025/12/06 22:44:07.412, 219.21 W, 100 %
2025/12/06 22:44:07.512, 219.15 W, 100 %
2025/12/06 22:44:07.612, 219.10 W, 100 %
2025/12/06 22:44:07.712, 218.63 W, 100 %
2025/12/06 22:44:07.812, 219.20 W, 100 %
2025/12/06 22:44:07.913, 219.39 W, 100 %
2025/12/06 22:44:08.013, 219.36 W, 100 %
2025/12/06 22:44:08.113, 219.13 W, 100 %
2025/12/06 22:44:08.213, 219.43 W, 100 %
2025/12/06 22:44:08.313, 220.37 W, 100 %
2025/12/06 22:44:08.413, 219.33 W, 100 %
2025/12/06 22:44:08.513, 219.24 W, 100 %
2025/12/06 22:44:08.613, 219.63 W, 100 %
2025/12/06 22:44:08.713, 219.17 W, 100 %
2025/12/06 22:44:08.813, 219.65 W, 100 %
2025/12/06 22:44:08.914, 219.62 W, 100 %
2025/12/06 22:44:09.014, 219.47 W, 100 %
2025/12/06 22:44:09.114, 219.68 W, 100 %
2025/12/06 22:44:09.214, 219.64 W, 100 %
2025/12/06 22:44:09.314, 218.51 W, 100 %
2025/12/06 22:44:09.414, 218.88 W, 100 %
2025/12/06 22:44:09.514, 219.46 W, 100 %
2025/12/06 22:44:09.614, 219.67 W, 100 %
2025/12/06 22:44:09.714, 219.19 W, 100 %
2025/12/06 22:44:09.814, 219.51 W, 100 %
2025/12/06 22:44:09.915, 219.07 W, 100 %
2025/12/06 22:44:10.015, 219.21 W, 100 %
2025/12/06 22:44:10.115, 219.36 W, 100 %
2025/12/06 22:44:10.215, 219.91 W, 99 %
2025/12/06 22:44:10.315, 220.14 W, 99 %
2025/12/06 22:44:10.415, 219.96 W, 100 %
2025/12/06 22:44:10.515, 220.44 W, 100 %
2025/12/06 22:44:10.615, 219.82 W, 100 %
2025/12/06 22:44:10.715, 219.91 W, 100 %
2025/12/06 22:44:10.815, 220.44 W, 100 %
2025/12/06 22:44:10.916, 220.02 W, 100 %
2025/12/06 22:44:11.016, 220.55 W, 100 %
2025/12/06 22:44:11.116, 220.42 W, 100 %
2025/12/06 22:44:11.216, 220.34 W, 100 %
2025/12/06 22:44:11.316, 219.20 W, 100 %
2025/12/06 22:44:11.416, 219.48 W, 100 %
2025/12/06 22:44:11.516, 219.59 W, 100 %
2025/12/06 22:44:11.616, 220.00 W, 100 %
2025/12/06 22:44:11.716, 219.71 W, 100 %
2025/12/06 22:44:11.816, 219.74 W, 100 %
2025/12/06 22:44:11.917, 219.68 W, 100 %
2025/12/06 22:44:12.017, 219.56 W, 100 %
2025/12/06 22:44:12.117, 220.46 W, 100 %
2025/12/06 22:44:12.217, 220.33 W, 100 %
2025/12/06 22:44:12.317, 219.91 W, 100 %
2025/12/06 22:44:12.417, 220.07 W, 100 %
2025/12/06 22:44:12.517, 219.64 W, 100 %
2025/12/06 22:44:12.617, 219.77 W, 100 %
2025/12/06 22:44:12.717, 219.72 W, 100 %
2025/12/06 22:44:12.817, 219.73 W, 100 %
2025/12/06 22:44:12.918, 219.64 W, 100 %
2025/12/06 22:44:13.018, 219.43 W, 100 %
2025/12/06 22:44:13.118, 219.56 W, 100 %
2025/12/06 22:44:13.218, 218.52 W, 100 %
2025/12/06 22:44:13.318, 219.16 W, 100 %
2025/12/06 22:44:13.418, 219.08 W, 100 %
2025/12/06 22:44:13.518, 219.21 W, 100 %
2025/12/06 22:44:13.618, 218.96 W, 100 %
2025/12/06 22:44:13.718, 219.28 W, 100 %
2025/12/06 22:44:13.818, 219.26 W, 100 %
2025/12/06 22:44:13.919, 219.22 W, 100 %
2025/12/06 22:44:14.019, 220.58 W, 99 %
2025/12/06 22:44:14.119, 220.60 W, 99 %
2025/12/06 22:44:14.219, 220.49 W, 100 %
2025/12/06 22:44:14.319, 220.52 W, 100 %
2025/12/06 22:44:14.419, 220.51 W, 100 %
2025/12/06 22:44:14.519, 220.30 W, 100 %
2025/12/06 22:44:14.619, 220.11 W, 100 %
2025/12/06 22:44:14.719, 220.50 W, 100 %
2025/12/06 22:44:14.819, 220.20 W, 100 %
2025/12/06 22:44:14.920, 220.39 W, 100 %
2025/12/06 22:44:15.020, 220.18 W, 100 %
2025/12/06 22:44:15.120, 219.58 W, 100 %
2025/12/06 22:44:15.220, 219.45 W, 100 %
2025/12/06 22:44:15.320, 219.29 W, 100 %
2025/12/06 22:44:15.420, 219.51 W, 100 %
2025/12/06 22:44:15.520, 219.64 W, 100 %
2025/12/06 22:44:15.620, 219.67 W, 100 %
2025/12/06 22:44:15.720, 219.48 W, 100 %
2025/12/06 22:44:15.820, 219.77 W, 100 %
2025/12/06 22:44:15.921, 218.82 W, 100 %
2025/12/06 22:44:16.021, 218.93 W, 100 %
2025/12/06 22:44:16.121, 218.69 W, 100 %
2025/12/06 22:44:16.221, 218.58 W, 100 %
2025/12/06 22:44:16.321, 218.81 W, 100 %
2025/12/06 22:44:16.421, 218.75 W, 100 %
2025/12/06 22:44:16.521, 218.90 W, 100 %
2025/12/06 22:44:16.621, 218.71 W, 100 %
2025/12/06 22:44:16.721, 218.63 W, 100 %
2025/12/06 22:44:16.821, 218.74 W, 100 %
2025/12/06 22:44:16.922, 218.47 W, 100 %
2025/12/06 22:44:17.022, 219.62 W, 100 %
2025/12/06 22:44:17.122, 219.15 W, 100 %
2025/12/06 22:44:17.222, 218.84 W, 100 %
2025/12/06 22:44:17.322, 218.68 W, 100 %
2025/12/06 22:44:17.422, 219.16 W, 100 %
2025/12/06 22:44:17.522, 218.92 W, 100 %
2025/12/06 22:44:17.622, 219.28 W, 100 %
2025/12/06 22:44:17.722, 219.02 W, 100 %
2025/12/06 22:44:17.822, 216.83 W, 99 %
2025/12/06 22:44:17.923, 216.84 W, 99 %
2025/12/06 22:44:18.023, 216.33 W, 100 %
2025/12/06 22:44:18.123, 217.11 W, 100 %
2025/12/06 22:44:18.223, 216.96 W, 100 %
2025/12/06 22:44:18.323, 217.74 W, 100 %
2025/12/06 22:44:18.423, 217.33 W, 100 %
2025/12/06 22:44:18.523, 217.53 W, 100 %
2025/12/06 22:44:18.623, 217.29 W, 100 %
2025/12/06 22:44:18.723, 217.32 W, 100 %
2025/12/06 22:44:18.823, 217.74 W, 100 %
2025/12/06 22:44:18.924, 219.54 W, 100 %
2025/12/06 22:44:19.024, 219.69 W, 100 %
2025/12/06 22:44:19.124, 219.42 W, 100 %
2025/12/06 22:44:19.224, 219.38 W, 100 %
2025/12/06 22:44:19.324, 219.01 W, 100 %
2025/12/06 22:44:19.424, 218.74 W, 100 %
2025/12/06 22:44:19.524, 218.85 W, 100 %
2025/12/06 22:44:19.624, 218.65 W, 100 %
2025/12/06 22:44:19.724, 218.83 W, 100 %
2025/12/06 22:44:19.824, 219.88 W, 99 %
2025/12/06 22:44:19.925, 218.78 W, 99 %
2025/12/06 22:44:20.025, 218.73 W, 100 %
2025/12/06 22:44:20.125, 218.76 W, 100 %
2025/12/06 22:44:20.225, 218.86 W, 100 %
2025/12/06 22:44:20.325, 218.27 W, 100 %
2025/12/06 22:44:20.425, 219.34 W, 100 %
2025/12/06 22:44:20.525, 219.51 W, 100 %
2025/12/06 22:44:20.625, 219.57 W, 100 %
2025/12/06 22:44:20.725, 219.68 W, 100 %
2025/12/06 22:44:20.825, 218.43 W, 100 %
2025/12/06 22:44:20.926, 218.78 W, 100 %
2025/12/06 22:44:21.026, 219.43 W, 100 %
2025/12/06 22:44:21.126, 219.45 W, 100 %
2025/12/06 22:44:21.226, 219.40 W, 100 %
2025/12/06 22:44:21.326, 219.89 W, 100 %
2025/12/06 22:44:21.426, 219.52 W, 100 %
2025/12/06 22:44:21.526, 219.20 W, 100 %
2025/12/06 22:44:21.626, 219.34 W, 100 %
2025/12/06 22:44:21.726, 220.08 W, 100 %
2025/12/06 22:44:21.826, 219.96 W, 100 %
2025/12/06 22:44:21.927, 219.73 W, 100 %
2025/12/06 22:44:22.027, 219.76 W, 100 %
2025/12/06 22:44:22.127, 220.05 W, 100 %
2025/12/06 22:44:22.227, 219.87 W, 100 %
2025/12/06 22:44:22.327, 219.50 W, 100 %
2025/12/06 22:44:22.427, 219.29 W, 100 %
2025/12/06 22:44:22.527, 219.88 W, 100 %
2025/12/06 22:44:22.627, 219.62 W, 100 %
2025/12/06 22:44:22.727, 218.96 W, 100 %
2025/12/06 22:44:22.827, 218.90 W, 100 %
2025/12/06 22:44:22.928, 219.11 W, 100 %
2025/12/06 22:44:23.028, 218.96 W, 100 %
2025/12/06 22:44:23.128, 219.20 W, 100 %
2025/12/06 22:44:23.228, 219.11 W, 100 %
2025/12/06 22:44:23.328, 218.54 W, 100 %
2025/12/06 22:44:23.428, 218.70 W, 100 %
2025/12/06 22:44:23.528, 218.25 W, 100 %
2025/12/06 22:44:23.628, 219.35 W, 99 %
2025/12/06 22:44:23.728, 219.62 W, 99 %
2025/12/06 22:44:23.828, 219.17 W, 100 %
2025/12/06 22:44:23.929, 219.41 W, 100 %
2025/12/06 22:44:24.029, 219.29 W, 100 %
2025/12/06 22:44:24.129, 219.43 W, 100 %
2025/12/06 22:44:24.229, 219.29 W, 100 %
2025/12/06 22:44:24.329, 219.72 W, 100 %
2025/12/06 22:44:24.429, 219.64 W, 100 %
2025/12/06 22:44:24.529, 220.03 W, 100 %
2025/12/06 22:44:24.629, 220.28 W, 100 %
2025/12/06 22:44:24.729, 219.21 W, 100 %
2025/12/06 22:44:24.829, 219.23 W, 100 %
2025/12/06 22:44:24.930, 218.94 W, 100 %
2025/12/06 22:44:25.030, 219.27 W, 100 %
2025/12/06 22:44:25.130, 219.33 W, 100 %
2025/12/06 22:44:25.230, 218.96 W, 100 %
2025/12/06 22:44:25.330, 218.54 W, 100 %
2025/12/06 22:44:25.430, 219.15 W, 100 %
2025/12/06 22:44:25.530, 219.98 W, 100 %
2025/12/06 22:44:25.630, 219.95 W, 100 %
2025/12/06 22:44:25.730, 220.29 W, 100 %
2025/12/06 22:44:25.830, 220.09 W, 100 %
2025/12/06 22:44:25.931, 220.16 W, 100 %
2025/12/06 22:44:26.031, 220.06 W, 100 %
2025/12/06 22:44:26.131, 219.81 W, 100 %
2025/12/06 22:44:26.231, 219.59 W, 100 %
2025/12/06 22:44:26.331, 219.52 W, 100 %
2025/12/06 22:44:26.431, 219.82 W, 100 %
2025/12/06 22:44:26.531, 219.65 W, 100 %
2025/12/06 22:44:26.631, 219.27 W, 100 %
2025/12/06 22:44:26.731, 219.27 W, 100 %
2025/12/06 22:44:26.831, 219.16 W, 100 %
2025/12/06 22:44:26.932, 219.08 W, 100 %
2025/12/06 22:44:27.032, 219.10 W, 100 %
2025/12/06 22:44:27.132, 219.10 W, 100 %
2025/12/06 22:44:27.232, 218.90 W, 100 %
2025/12/06 22:44:27.332, 218.80 W, 100 %
2025/12/06 22:44:27.432, 216.19 W, 95 %
2025/12/06 22:44:27.532, 216.88 W, 95 %
2025/12/06 22:44:27.632, 216.97 W, 100 %
2025/12/06 22:44:27.732, 217.17 W, 100 %
2025/12/06 22:44:27.832, 217.02 W, 100 %
2025/12/06 22:44:27.933, 217.09 W, 100 %
2025/12/06 22:44:28.033, 216.99 W, 100 %
2025/12/06 22:44:28.133, 216.66 W, 100 %
2025/12/06 22:44:28.233, 217.15 W, 100 %
2025/12/06 22:44:28.333, 216.20 W, 100 %
2025/12/06 22:44:28.433, 216.62 W, 100 %
2025/12/06 22:44:28.533, 219.01 W, 100 %
2025/12/06 22:44:28.633, 219.01 W, 100 %
2025/12/06 22:44:28.733, 218.82 W, 100 %
2025/12/06 22:44:28.833, 218.98 W, 100 %
2025/12/06 22:44:28.934, 219.05 W, 100 %
2025/12/06 22:44:29.034, 218.95 W, 100 %
2025/12/06 22:44:29.134, 218.91 W, 100 %
2025/12/06 22:44:29.234, 218.74 W, 100 %
2025/12/06 22:44:29.334, 217.12 W, 100 %
2025/12/06 22:44:29.434, 218.59 W, 99 %
2025/12/06 22:44:29.534, 218.41 W, 99 %
2025/12/06 22:44:29.634, 217.85 W, 100 %
2025/12/06 22:44:29.734, 218.25 W, 100 %
2025/12/06 22:44:29.834, 217.99 W, 100 %
2025/12/06 22:44:29.935, 218.32 W, 100 %
2025/12/06 22:44:30.035, 218.17 W, 100 %
2025/12/06 22:44:30.135, 218.43 W, 100 %
2025/12/06 22:44:30.235, 218.46 W, 100 %
2025/12/06 22:44:30.335, 218.23 W, 100 %
2025/12/06 22:44:30.435, 219.45 W, 100 %
2025/12/06 22:44:30.535, 218.97 W, 100 %
2025/12/06 22:44:30.635, 219.53 W, 100 %
2025/12/06 22:44:30.735, 219.30 W, 100 %
2025/12/06 22:44:30.835, 219.25 W, 100 %
2025/12/06 22:44:30.936, 219.19 W, 100 %
2025/12/06 22:44:31.036, 218.74 W, 100 %
2025/12/06 22:44:31.136, 218.26 W, 100 %
2025/12/06 22:44:31.236, 218.65 W, 100 %
2025/12/06 22:44:31.336, 218.87 W, 100 %
2025/12/06 22:44:31.436, 218.91 W, 100 %
2025/12/06 22:44:31.536, 219.45 W, 100 %
2025/12/06 22:44:31.636, 219.56 W, 100 %
2025/12/06 22:44:31.736, 219.61 W, 100 %
2025/12/06 22:44:31.836, 219.50 W, 100 %
2025/12/06 22:44:31.937, 219.84 W, 100 %
2025/12/06 22:44:32.037, 219.53 W, 100 %
2025/12/06 22:44:32.137, 219.59 W, 100 %
2025/12/06 22:44:32.237, 219.63 W, 100 %
2025/12/06 22:44:32.337, 219.44 W, 100 %
2025/12/06 22:44:32.437, 219.21 W, 100 %
2025/12/06 22:44:32.537, 219.01 W, 100 %
2025/12/06 22:44:32.637, 219.31 W, 100 %
2025/12/06 22:44:32.737, 219.08 W, 100 %
2025/12/06 22:44:32.837, 219.30 W, 100 %
2025/12/06 22:44:32.938, 219.29 W, 100 %
2025/12/06 22:44:33.038, 218.82 W, 100 %
2025/12/06 22:44:33.138, 218.99 W, 100 %
2025/12/06 22:44:33.238, 219.50 W, 99 %
2025/12/06 22:44:33.338, 219.99 W, 99 %
2025/12/06 22:44:33.438, 219.87 W, 100 %
2025/12/06 22:44:33.538, 220.24 W, 100 %
2025/12/06 22:44:33.638, 220.07 W, 100 %
2025/12/06 22:44:33.738, 220.30 W, 100 %
2025/12/06 22:44:33.838, 220.16 W, 100 %
2025/12/06 22:44:33.939, 219.90 W, 100 %
2025/12/06 22:44:34.039, 219.90 W, 100 %
2025/12/06 22:44:34.139, 220.01 W, 100 %
2025/12/06 22:44:34.239, 220.40 W, 100 %
2025/12/06 22:44:34.339, 219.87 W, 100 %
2025/12/06 22:44:34.439, 219.65 W, 100 %
2025/12/06 22:44:34.539, 219.30 W, 100 %
2025/12/06 22:44:34.639, 219.60 W, 100 %
2025/12/06 22:44:34.739, 219.72 W, 100 %
2025/12/06 22:44:34.839, 219.84 W, 100 %
2025/12/06 22:44:34.940, 220.03 W, 100 %
2025/12/06 22:44:35.040, 220.28 W, 100 %
2025/12/06 22:44:35.140, 221.14 W, 100 %
2025/12/06 22:44:35.240, 221.22 W, 100 %
2025/12/06 22:44:35.340, 220.98 W, 100 %
2025/12/06 22:44:35.440, 220.64 W, 100 %
2025/12/06 22:44:35.540, 220.59 W, 100 %
2025/12/06 22:44:35.640, 221.07 W, 100 %
2025/12/06 22:44:35.740, 220.60 W, 100 %
2025/12/06 22:44:35.840, 220.44 W, 100 %
2025/12/06 22:44:35.941, 220.07 W, 100 %
2025/12/06 22:44:36.041, 220.31 W, 100 %
2025/12/06 22:44:36.141, 220.26 W, 100 %
2025/12/06 22:44:36.241, 219.61 W, 100 %
2025/12/06 22:44:36.341, 219.38 W, 100 %
2025/12/06 22:44:36.441, 219.82 W, 100 %
2025/12/06 22:44:36.541, 219.75 W, 100 %
2025/12/06 22:44:36.641, 219.63 W, 100 %
2025/12/06 22:44:36.741, 219.70 W, 100 %
2025/12/06 22:44:36.841, 219.67 W, 100 %
2025/12/06 22:44:36.942, 219.75 W, 100 %
2025/12/06 22:44:37.042, 221.13 W, 99 %
2025/12/06 22:44:37.142, 220.84 W, 99 %
2025/12/06 22:44:37.242, 220.52 W, 100 %
2025/12/06 22:44:37.342, 220.87 W, 100 %
2025/12/06 22:44:37.442, 220.65 W, 100 %
2025/12/06 22:44:37.542, 220.29 W, 100 %
2025/12/06 22:44:37.642, 220.45 W, 100 %
2025/12/06 22:44:37.742, 220.85 W, 100 %
2025/12/06 22:44:37.842, 220.70 W, 100 %
2025/12/06 22:44:37.943, 220.70 W, 100 %
2025/12/06 22:44:38.043, 220.57 W, 100 %
2025/12/06 22:44:38.143, 219.23 W, 100 %
2025/12/06 22:44:38.243, 219.73 W, 100 %
2025/12/06 22:44:38.343, 219.54 W, 100 %
2025/12/06 22:44:38.443, 219.04 W, 100 %
2025/12/06 22:44:38.543, 219.25 W, 100 %
2025/12/06 22:44:38.643, 219.58 W, 100 %
2025/12/06 22:44:38.743, 219.25 W, 100 %
2025/12/06 22:44:38.843, 219.26 W, 100 %
2025/12/06 22:44:38.944, 218.46 W, 100 %
2025/12/06 22:44:39.044, 218.79 W, 100 %
2025/12/06 22:44:39.144, 218.18 W, 100 %
2025/12/06 22:44:39.244, 218.51 W, 100 %
2025/12/06 22:44:39.344, 218.25 W, 100 %
2025/12/06 22:44:39.444, 218.07 W, 100 %
2025/12/06 22:44:39.544, 218.54 W, 100 %
2025/12/06 22:44:39.644, 218.40 W, 100 %
2025/12/06 22:44:39.744, 218.52 W, 100 %
2025/12/06 22:44:39.844, 218.46 W, 100 %
2025/12/06 22:44:39.945, 218.29 W, 100 %
2025/12/06 22:44:40.045, 219.43 W, 100 %
2025/12/06 22:44:40.145, 219.01 W, 100 %
2025/12/06 22:44:40.245, 219.77 W, 100 %
2025/12/06 22:44:40.345, 219.51 W, 100 %
2025/12/06 22:44:40.445, 219.50 W, 100 %
2025/12/06 22:44:40.545, 219.64 W, 100 %
2025/12/06 22:44:40.645, 219.37 W, 100 %
2025/12/06 22:44:40.745, 219.38 W, 100 %
2025/12/06 22:44:40.845, 217.57 W, 100 %
2025/12/06 22:44:40.946, 217.27 W, 100 %
2025/12/06 22:44:41.046, 216.93 W, 100 %
2025/12/06 22:44:41.146, 217.11 W, 100 %
2025/12/06 22:44:41.246, 216.90 W, 100 %
2025/12/06 22:44:41.346, 216.90 W, 100 %
2025/12/06 22:44:41.446, 217.15 W, 100 %
2025/12/06 22:44:41.546, 217.19 W, 100 %
2025/12/06 22:44:41.646, 217.61 W, 100 %
2025/12/06 22:44:41.746, 217.18 W, 100 %
2025/12/06 22:44:41.846, 219.46 W, 100 %
2025/12/06 22:44:41.947, 219.56 W, 100 %
2025/12/06 22:44:42.047, 219.43 W, 100 %
2025/12/06 22:44:42.147, 219.40 W, 100 %
2025/12/06 22:44:42.247, 219.26 W, 100 %
2025/12/06 22:44:42.347, 218.85 W, 100 %
2025/12/06 22:44:42.447, 218.75 W, 100 %
2025/12/06 22:44:42.547, 219.17 W, 100 %
2025/12/06 22:44:42.647, 218.94 W, 100 %
2025/12/06 22:44:42.747, 219.30 W, 100 %
2025/12/06 22:44:42.847, 219.91 W, 99 %
2025/12/06 22:44:42.948, 219.16 W, 99 %
2025/12/06 22:44:43.048, 219.72 W, 100 %
2025/12/06 22:44:43.148, 219.76 W, 100 %
2025/12/06 22:44:43.248, 219.65 W, 100 %
2025/12/06 22:44:43.348, 219.64 W, 100 %
2025/12/06 22:44:43.448, 219.94 W, 100 %
2025/12/06 22:44:43.548, 219.72 W, 100 %
2025/12/06 22:44:43.648, 219.80 W, 100 %
2025/12/06 22:44:43.748, 219.79 W, 100 %
2025/12/06 22:44:43.848, 219.55 W, 100 %
2025/12/06 22:44:43.949, 219.31 W, 100 %
2025/12/06 22:44:44.049, 218.92 W, 100 %
2025/12/06 22:44:44.149, 219.36 W, 100 %
2025/12/06 22:44:44.249, 219.35 W, 100 %
2025/12/06 22:44:44.349, 219.46 W, 100 %
2025/12/06 22:44:44.449, 219.39 W, 100 %
2025/12/06 22:44:44.549, 219.32 W, 100 %
2025/12/06 22:44:44.649, 219.31 W, 100 %
2025/12/06 22:44:44.749, 219.96 W, 100 %
2025/12/06 22:44:44.849, 219.39 W, 100 %
2025/12/06 22:44:44.950, 219.94 W, 100 %
2025/12/06 22:44:45.050, 220.59 W, 100 %
2025/12/06 22:44:45.150, 220.27 W, 100 %
2025/12/06 22:44:45.250, 220.20 W, 100 %
2025/12/06 22:44:45.350, 219.95 W, 100 %
2025/12/06 22:44:45.450, 219.85 W, 100 %
2025/12/06 22:44:45.550, 220.18 W, 100 %
2025/12/06 22:44:45.650, 220.05 W, 100 %
2025/12/06 22:44:45.750, 220.28 W, 100 %
2025/12/06 22:44:45.850, 219.94 W, 100 %
2025/12/06 22:44:45.951, 220.01 W, 100 %
2025/12/06 22:44:46.051, 219.62 W, 100 %
2025/12/06 22:44:46.151, 219.35 W, 100 %
2025/12/06 22:44:46.251, 219.37 W, 100 %
2025/12/06 22:44:46.351, 218.85 W, 100 %
2025/12/06 22:44:46.451, 218.73 W, 100 %
2025/12/06 22:44:46.551, 218.26 W, 100 %
2025/12/06 22:44:46.651, 219.48 W, 99 %
2025/12/06 22:44:46.751, 219.43 W, 99 %
2025/12/06 22:44:46.851, 219.42 W, 100 %
2025/12/06 22:44:46.952, 219.28 W, 100 %
2025/12/06 22:44:47.052, 219.04 W, 100 %
2025/12/06 22:44:47.152, 219.33 W, 100 %
2025/12/06 22:44:47.252, 219.15 W, 100 %
2025/12/06 22:44:47.352, 219.01 W, 100 %
2025/12/06 22:44:47.452, 218.90 W, 100 %
2025/12/06 22:44:47.552, 219.65 W, 100 %
2025/12/06 22:44:47.652, 219.97 W, 100 %
2025/12/06 22:44:47.752, 218.91 W, 100 %
2025/12/06 22:44:47.852, 218.93 W, 100 %
2025/12/06 22:44:47.953, 219.10 W, 100 %
2025/12/06 22:44:48.053, 219.43 W, 100 %
2025/12/06 22:44:48.153, 219.22 W, 100 %
2025/12/06 22:44:48.253, 219.59 W, 100 %
2025/12/06 22:44:48.353, 219.68 W, 100 %
2025/12/06 22:44:48.453, 219.12 W, 100 %
2025/12/06 22:44:48.553, 221.03 W, 100 %
2025/12/06 22:44:48.653, 220.90 W, 100 %
2025/12/06 22:44:48.753, 220.88 W, 100 %
2025/12/06 22:44:48.853, 220.90 W, 100 %
2025/12/06 22:44:48.954, 220.81 W, 100 %
2025/12/06 22:44:49.054, 220.65 W, 100 %
2025/12/06 22:44:49.155, 220.53 W, 100 %
2025/12/06 22:44:49.255, 220.74 W, 100 %
2025/12/06 22:44:49.355, 220.06 W, 100 %
2025/12/06 22:44:49.455, 220.32 W, 100 %
2025/12/06 22:44:49.555, 220.18 W, 100 %
2025/12/06 22:44:49.655, 219.21 W, 100 %
2025/12/06 22:44:49.755, 218.99 W, 100 %
2025/12/06 22:44:49.855, 219.31 W, 100 %
2025/12/06 22:44:49.955, 219.20 W, 100 %
2025/12/06 22:44:50.055, 219.32 W, 100 %
2025/12/06 22:44:50.156, 219.30 W, 100 %
2025/12/06 22:44:50.256, 219.51 W, 100 %
2025/12/06 22:44:50.356, 218.95 W, 100 %
2025/12/06 22:44:50.456, 218.52 W, 99 %
2025/12/06 22:44:50.556, 220.01 W, 99 %
2025/12/06 22:44:50.656, 219.42 W, 100 %
2025/12/06 22:44:50.756, 219.44 W, 100 %
2025/12/06 22:44:50.856, 219.74 W, 100 %
2025/12/06 22:44:50.956, 219.30 W, 100 %
2025/12/06 22:44:51.056, 219.61 W, 100 %
2025/12/06 22:44:51.157, 219.39 W, 100 %
2025/12/06 22:44:51.257, 219.34 W, 100 %
2025/12/06 22:44:51.357, 218.60 W, 100 %
2025/12/06 22:44:51.457, 219.42 W, 100 %
2025/12/06 22:44:51.557, 220.26 W, 100 %
2025/12/06 22:44:51.657, 219.40 W, 100 %
2025/12/06 22:44:51.757, 219.66 W, 100 %
2025/12/06 22:44:51.857, 219.65 W, 100 %
2025/12/06 22:44:51.957, 219.59 W, 100 %
2025/12/06 22:44:52.057, 219.43 W, 100 %
2025/12/06 22:44:52.158, 219.68 W, 100 %
2025/12/06 22:44:52.258, 219.50 W, 100 %
2025/12/06 22:44:52.358, 217.29 W, 100 %
2025/12/06 22:44:52.458, 217.82 W, 100 %
2025/12/06 22:44:52.558, 217.49 W, 100 %
2025/12/06 22:44:52.658, 217.62 W, 100 %
2025/12/06 22:44:52.758, 217.57 W, 100 %
2025/12/06 22:44:52.858, 217.42 W, 100 %
2025/12/06 22:44:52.958, 217.49 W, 100 %
2025/12/06 22:44:53.058, 217.29 W, 100 %
2025/12/06 22:44:53.159, 217.12 W, 100 %
2025/12/06 22:44:53.259, 217.46 W, 100 %
2025/12/06 22:44:53.359, 217.21 W, 100 %
2025/12/06 22:44:53.459, 219.78 W, 100 %
2025/12/06 22:44:53.559, 219.85 W, 100 %
2025/12/06 22:44:53.659, 219.57 W, 100 %
2025/12/06 22:44:53.759, 219.80 W, 100 %
2025/12/06 22:44:53.859, 219.97 W, 100 %
2025/12/06 22:44:53.959, 220.06 W, 100 %
2025/12/06 22:44:54.059, 219.63 W, 100 %
2025/12/06 22:44:54.160, 219.67 W, 100 %
2025/12/06 22:44:54.260, 219.31 W, 100 %
2025/12/06 22:44:54.360, 219.85 W, 100 %
2025/12/06 22:44:54.460, 220.60 W, 100 %
2025/12/06 22:44:54.560, 219.79 W, 100 %
2025/12/06 22:44:54.660, 219.97 W, 100 %
2025/12/06 22:44:54.760, 220.21 W, 100 %
2025/12/06 22:44:54.860, 219.91 W, 100 %
2025/12/06 22:44:54.960, 220.05 W, 100 %
2025/12/06 22:44:55.060, 219.96 W, 100 %
2025/12/06 22:44:55.161, 220.13 W, 100 %
2025/12/06 22:44:55.261, 219.89 W, 100 %
2025/12/06 22:44:55.361, 220.33 W, 100 %
2025/12/06 22:44:55.461, 219.40 W, 100 %
2025/12/06 22:44:55.561, 219.50 W, 100 %
2025/12/06 22:44:55.661, 219.49 W, 100 %
2025/12/06 22:44:55.761, 219.31 W, 100 %
2025/12/06 22:44:55.861, 219.63 W, 100 %
2025/12/06 22:44:55.961, 219.52 W, 100 %
2025/12/06 22:44:56.061, 219.65 W, 100 %
2025/12/06 22:44:56.162, 219.60 W, 100 %
2025/12/06 22:44:56.262, 220.42 W, 99 %
2025/12/06 22:44:56.362, 220.24 W, 99 %
2025/12/06 22:44:56.462, 219.45 W, 100 %
2025/12/06 22:44:56.562, 220.24 W, 100 %
2025/12/06 22:44:56.662, 219.79 W, 100 %
2025/12/06 22:44:56.762, 220.14 W, 100 %
2025/12/06 22:44:56.862, 220.13 W, 100 %
2025/12/06 22:44:56.962, 220.24 W, 100 %
2025/12/06 22:44:57.062, 220.08 W, 100 %
2025/12/06 22:44:57.163, 220.29 W, 100 %
2025/12/06 22:44:57.263, 220.33 W, 100 %
2025/12/06 22:44:57.363, 219.81 W, 100 %
2025/12/06 22:44:57.463, 219.68 W, 100 %
2025/12/06 22:44:57.563, 219.78 W, 100 %
2025/12/06 22:44:57.663, 219.97 W, 100 %
2025/12/06 22:44:57.763, 219.91 W, 100 %
2025/12/06 22:44:57.863, 219.83 W, 100 %
2025/12/06 22:44:57.963, 219.44 W, 100 %
2025/12/06 22:44:58.063, 219.20 W, 100 %
2025/12/06 22:44:58.164, 220.07 W, 100 %
2025/12/06 22:44:58.264, 220.09 W, 100 %
2025/12/06 22:44:58.364, 220.27 W, 100 %
2025/12/06 22:44:58.464, 219.96 W, 100 %
2025/12/06 22:44:58.564, 219.99 W, 100 %
2025/12/06 22:44:58.664, 220.62 W, 100 %
2025/12/06 22:44:58.764, 220.26 W, 100 %
2025/12/06 22:44:58.864, 220.09 W, 100 %
2025/12/06 22:44:58.964, 219.93 W, 100 %
2025/12/06 22:44:59.064, 220.20 W, 100 %
2025/12/06 22:44:59.165, 220.04 W, 100 %
2025/12/06 22:44:59.265, 219.36 W, 100 %
2025/12/06 22:44:59.365, 219.50 W, 100 %
2025/12/06 22:44:59.465, 219.11 W, 100 %
2025/12/06 22:44:59.565, 219.76 W, 100 %
2025/12/06 22:44:59.665, 219.33 W, 100 %
2025/12/06 22:44:59.765, 219.14 W, 100 %
2025/12/06 22:44:59.865, 219.46 W, 100 %
2025/12/06 22:44:59.965, 219.47 W, 100 %
2025/12/06 22:45:00.065, 220.57 W, 99 %
2025/12/06 22:45:00.166, 220.73 W, 99 %
2025/12/06 22:45:00.266, 220.49 W, 100 %
2025/12/06 22:45:00.366, 219.97 W, 100 %
2025/12/06 22:45:00.466, 220.36 W, 100 %
2025/12/06 22:45:00.566, 220.19 W, 100 %
2025/12/06 22:45:00.666, 220.30 W, 100 %
2025/12/06 22:45:00.766, 220.20 W, 100 %
2025/12/06 22:45:00.866, 220.43 W, 100 %
2025/12/06 22:45:00.966, 220.20 W, 100 %
2025/12/06 22:45:01.066, 220.30 W, 100 %
2025/12/06 22:45:01.167, 219.34 W, 100 %
2025/12/06 22:45:01.267, 219.32 W, 100 %
2025/12/06 22:45:01.367, 219.32 W, 100 %
2025/12/06 22:45:01.467, 219.53 W, 100 %
2025/12/06 22:45:01.567, 219.56 W, 100 %
2025/12/06 22:45:01.667, 219.40 W, 100 %
2025/12/06 22:45:01.767, 219.66 W, 100 %
2025/12/06 22:45:01.867, 219.73 W, 100 %
2025/12/06 22:45:01.967, 218.78 W, 100 %
2025/12/06 22:45:02.067, 218.75 W, 100 %
2025/12/06 22:45:02.168, 218.60 W, 100 %
2025/12/06 22:45:02.268, 218.80 W, 100 %
2025/12/06 22:45:02.368, 218.55 W, 100 %
2025/12/06 22:45:02.468, 218.48 W, 100 %
2025/12/06 22:45:02.568, 218.33 W, 100 %
2025/12/06 22:45:02.668, 218.26 W, 100 %
2025/12/06 22:45:02.768, 218.58 W, 100 %
2025/12/06 22:45:02.868, 218.23 W, 100 %
2025/12/06 22:45:02.968, 218.12 W, 100 %
2025/12/06 22:45:03.068, 219.45 W, 100 %
2025/12/06 22:45:03.169, 219.53 W, 100 %
2025/12/06 22:45:03.269, 218.89 W, 100 %
2025/12/06 22:45:03.369, 218.89 W, 100 %
2025/12/06 22:45:03.469, 218.88 W, 100 %
2025/12/06 22:45:03.569, 219.14 W, 100 %
2025/12/06 22:45:03.669, 219.21 W, 100 %
2025/12/06 22:45:03.769, 219.03 W, 100 %
2025/12/06 22:45:03.869, 217.71 W, 99 %
2025/12/06 22:45:03.969, 217.57 W, 99 %
2025/12/06 22:45:04.069, 217.57 W, 100 %
2025/12/06 22:45:04.170, 216.68 W, 100 %
2025/12/06 22:45:04.270, 216.83 W, 100 %
2025/12/06 22:45:04.370, 216.82 W, 100 %
2025/12/06 22:45:04.470, 217.04 W, 100 %
2025/12/06 22:45:04.570, 217.06 W, 100 %
2025/12/06 22:45:04.670, 216.72 W, 100 %
2025/12/06 22:45:04.770, 216.93 W, 100 %
2025/12/06 22:45:04.870, 216.93 W, 100 %
2025/12/06 22:45:04.970, 218.83 W, 100 %
2025/12/06 22:45:05.070, 218.83 W, 100 %
2025/12/06 22:45:05.171, 219.42 W, 100 %
2025/12/06 22:45:05.271, 218.97 W, 100 %
2025/12/06 22:45:05.371, 219.33 W, 100 %
2025/12/06 22:45:05.471, 219.31 W, 100 %
2025/12/06 22:45:05.571, 219.37 W, 100 %
2025/12/06 22:45:05.671, 219.43 W, 100 %
2025/12/06 22:45:05.771, 220.05 W, 100 %
2025/12/06 22:45:05.871, 219.36 W, 100 %
2025/12/06 22:45:05.971, 218.93 W, 100 %
2025/12/06 22:45:06.071, 219.36 W, 100 %
2025/12/06 22:45:06.172, 218.76 W, 100 %
2025/12/06 22:45:06.272, 218.90 W, 100 %
2025/12/06 22:45:06.372, 219.27 W, 100 %
2025/12/06 22:45:06.472, 219.16 W, 100 %
2025/12/06 22:45:06.572, 219.25 W, 100 %
2025/12/06 22:45:06.672, 219.01 W, 100 %
2025/12/06 22:45:06.772, 218.38 W, 100 %
2025/12/06 22:45:06.872, 218.48 W, 100 %
2025/12/06 22:45:06.972, 219.39 W, 100 %
2025/12/06 22:45:07.072, 219.16 W, 100 %
2025/12/06 22:45:07.173, 218.86 W, 100 %
2025/12/06 22:45:07.273, 219.65 W, 100 %
2025/12/06 22:45:07.373, 219.19 W, 100 %
2025/12/06 22:45:07.473, 218.81 W, 100 %
2025/12/06 22:45:07.573, 218.95 W, 100 %
2025/12/06 22:45:07.673, 219.65 W, 99 %
2025/12/06 22:45:07.773, 219.05 W, 99 %
2025/12/06 22:45:07.873, 219.04 W, 100 %
2025/12/06 22:45:07.973, 218.94 W, 100 %
2025/12/06 22:45:08.073, 219.05 W, 100 %
2025/12/06 22:45:08.174, 219.49 W, 100 %
2025/12/06 22:45:08.274, 219.24 W, 100 %
2025/12/06 22:45:08.374, 219.21 W, 100 %
2025/12/06 22:45:08.474, 219.36 W, 100 %
2025/12/06 22:45:08.574, 219.67 W, 100 %
2025/12/06 22:45:08.674, 219.93 W, 100 %
2025/12/06 22:45:08.774, 219.29 W, 100 %
2025/12/06 22:45:08.874, 219.62 W, 100 %
2025/12/06 22:45:08.974, 219.53 W, 100 %
2025/12/06 22:45:09.074, 219.57 W, 100 %
2025/12/06 22:45:09.175, 219.49 W, 100 %
2025/12/06 22:45:09.275, 219.33 W, 100 %
2025/12/06 22:45:09.375, 219.39 W, 100 %
2025/12/06 22:45:09.475, 219.02 W, 100 %
2025/12/06 22:45:09.575, 220.19 W, 100 %
2025/12/06 22:45:09.675, 219.64 W, 100 %
2025/12/06 22:45:09.775, 219.81 W, 100 %
2025/12/06 22:45:09.875, 220.02 W, 100 %
2025/12/06 22:45:09.975, 219.90 W, 100 %
2025/12/06 22:45:10.075, 220.37 W, 100 %
2025/12/06 22:45:10.176, 220.29 W, 100 %
2025/12/06 22:45:10.276, 220.53 W, 100 %
2025/12/06 22:45:10.376, 220.25 W, 100 %
2025/12/06 22:45:10.476, 220.18 W, 100 %
2025/12/06 22:45:10.576, 220.15 W, 100 %
2025/12/06 22:45:10.676, 219.44 W, 100 %
2025/12/06 22:45:10.776, 219.41 W, 100 %
2025/12/06 22:45:10.876, 219.38 W, 100 %
2025/12/06 22:45:10.976, 219.75 W, 100 %
2025/12/06 22:45:11.076, 219.68 W, 100 %
2025/12/06 22:45:11.177, 219.87 W, 100 %
2025/12/06 22:45:11.277, 219.50 W, 100 %
2025/12/06 22:45:11.377, 219.52 W, 100 %
2025/12/06 22:45:11.477, 220.48 W, 99 %
2025/12/06 22:45:11.577, 221.07 W, 99 %
2025/12/06 22:45:11.677, 220.90 W, 100 %
2025/12/06 22:45:11.777, 220.88 W, 100 %
2025/12/06 22:45:11.877, 221.07 W, 100 %
2025/12/06 22:45:11.977, 220.80 W, 100 %
2025/12/06 22:45:12.077, 220.88 W, 100 %
2025/12/06 22:45:12.178, 220.62 W, 100 %
2025/12/06 22:45:12.278, 220.69 W, 100 %
2025/12/06 22:45:12.378, 220.35 W, 100 %
2025/12/06 22:45:12.478, 220.63 W, 100 %
2025/12/06 22:45:12.578, 219.93 W, 100 %
2025/12/06 22:45:12.678, 220.02 W, 100 %
2025/12/06 22:45:12.778, 219.88 W, 100 %
2025/12/06 22:45:12.878, 219.82 W, 100 %
2025/12/06 22:45:12.978, 220.09 W, 100 %
2025/12/06 22:45:13.078, 219.91 W, 100 %
2025/12/06 22:45:13.179, 220.14 W, 100 %
2025/12/06 22:45:13.279, 220.19 W, 100 %
2025/12/06 22:45:13.379, 219.04 W, 100 %
2025/12/06 22:45:13.479, 218.79 W, 100 %
2025/12/06 22:45:13.579, 218.31 W, 100 %
2025/12/06 22:45:13.679, 218.61 W, 100 %
2025/12/06 22:45:13.779, 218.29 W, 100 %
2025/12/06 22:45:13.879, 218.53 W, 100 %
2025/12/06 22:45:13.979, 219.04 W, 100 %
2025/12/06 22:45:14.079, 218.61 W, 100 %
2025/12/06 22:45:14.180, 218.94 W, 100 %
2025/12/06 22:45:14.280, 218.42 W, 100 %
2025/12/06 22:45:14.380, 218.45 W, 100 %
2025/12/06 22:45:14.480, 219.46 W, 100 %
2025/12/06 22:45:14.580, 219.84 W, 100 %
2025/12/06 22:45:14.680, 219.84 W, 100 %
2025/12/06 22:45:14.780, 219.16 W, 100 %
2025/12/06 22:45:14.880, 219.50 W, 100 %
2025/12/06 22:45:14.980, 218.59 W, 100 %
2025/12/06 22:45:15.080, 218.87 W, 100 %
2025/12/06 22:45:15.181, 219.25 W, 100 %
2025/12/06 22:45:15.281, 217.22 W, 99 %
2025/12/06 22:45:15.381, 217.74 W, 99 %
2025/12/06 22:45:15.481, 217.38 W, 100 %
2025/12/06 22:45:15.581, 217.77 W, 100 %
2025/12/06 22:45:15.681, 217.35 W, 100 %
2025/12/06 22:45:15.781, 217.84 W, 100 %
2025/12/06 22:45:15.881, 217.82 W, 100 %
2025/12/06 22:45:15.981, 218.10 W, 100 %
2025/12/06 22:45:16.081, 217.87 W, 100 %
2025/12/06 22:45:16.182, 217.59 W, 100 %
2025/12/06 22:45:16.282, 217.93 W, 100 %
2025/12/06 22:45:16.382, 219.47 W, 100 %
2025/12/06 22:45:16.482, 220.12 W, 100 %
2025/12/06 22:45:16.582, 219.91 W, 100 %
2025/12/06 22:45:16.682, 220.15 W, 100 %
2025/12/06 22:45:16.782, 220.08 W, 100 %
2025/12/06 22:45:16.882, 220.02 W, 100 %
2025/12/06 22:45:16.982, 219.86 W, 100 %
2025/12/06 22:45:17.083, 219.74 W, 100 %
2025/12/06 22:45:17.183, 219.83 W, 100 %
2025/12/06 22:45:17.283, 219.92 W, 99 %
2025/12/06 22:45:17.383, 220.09 W, 99 %
2025/12/06 22:45:17.483, 219.59 W, 100 %
2025/12/06 22:45:17.583, 219.65 W, 100 %
2025/12/06 22:45:17.683, 219.26 W, 100 %
2025/12/06 22:45:17.783, 219.49 W, 100 %
2025/12/06 22:45:17.883, 219.35 W, 100 %
2025/12/06 22:45:17.983, 220.20 W, 100 %
2025/12/06 22:45:18.084, 219.74 W, 100 %
2025/12/06 22:45:18.184, 219.65 W, 100 %
2025/12/06 22:45:18.284, 219.84 W, 100 %
2025/12/06 22:45:18.384, 219.39 W, 100 %
2025/12/06 22:45:18.484, 219.71 W, 100 %
2025/12/06 22:45:18.584, 219.91 W, 100 %
2025/12/06 22:45:18.684, 219.91 W, 100 %
2025/12/06 22:45:18.784, 219.58 W, 100 %
2025/12/06 22:45:18.884, 219.50 W, 100 %
2025/12/06 22:45:18.984, 219.51 W, 100 %
2025/12/06 22:45:19.085, 219.17 W, 100 %
2025/12/06 22:45:19.185, 220.25 W, 100 %
2025/12/06 22:45:19.285, 220.24 W, 100 %
2025/12/06 22:45:19.385, 220.11 W, 100 %
2025/12/06 22:45:19.485, 220.54 W, 100 %
2025/12/06 22:45:19.585, 220.26 W, 100 %
2025/12/06 22:45:19.685, 220.44 W, 100 %
2025/12/06 22:45:19.785, 220.03 W, 100 %
2025/12/06 22:45:19.885, 220.08 W, 100 %
2025/12/06 22:45:19.985, 220.21 W, 100 %
2025/12/06 22:45:20.086, 220.37 W, 100 %
2025/12/06 22:45:20.186, 219.62 W, 100 %
2025/12/06 22:45:20.286, 219.02 W, 100 %
2025/12/06 22:45:20.386, 219.21 W, 100 %
2025/12/06 22:45:20.486, 218.40 W, 100 %
2025/12/06 22:45:20.586, 218.70 W, 100 %
2025/12/06 22:45:20.686, 218.35 W, 100 %
2025/12/06 22:45:20.786, 218.83 W, 100 %
2025/12/06 22:45:20.886, 218.91 W, 100 %
2025/12/06 22:45:20.986, 218.84 W, 100 %
2025/12/06 22:45:21.087, 219.80 W, 99 %
2025/12/06 22:45:21.187, 219.47 W, 99 %
2025/12/06 22:45:21.287, 220.16 W, 100 %
2025/12/06 22:45:21.387, 220.26 W, 100 %
2025/12/06 22:45:21.487, 220.04 W, 100 %
2025/12/06 22:45:21.587, 220.30 W, 100 %
2025/12/06 22:45:21.687, 220.58 W, 100 %
2025/12/06 22:45:21.787, 220.32 W, 100 %
2025/12/06 22:45:21.887, 220.08 W, 100 %
2025/12/06 22:45:21.987, 220.00 W, 100 %
2025/12/06 22:45:22.088, 219.98 W, 100 %
2025/12/06 22:45:22.188, 219.52 W, 100 %
2025/12/06 22:45:22.288, 219.73 W, 100 %
2025/12/06 22:45:22.388, 219.72 W, 100 %
2025/12/06 22:45:22.488, 219.59 W, 100 %
2025/12/06 22:45:22.588, 219.63 W, 100 %
2025/12/06 22:45:22.688, 219.53 W, 100 %
2025/12/06 22:45:22.788, 219.25 W, 100 %
2025/12/06 22:45:22.888, 219.35 W, 100 %
2025/12/06 22:45:22.988, 219.99 W, 100 %
2025/12/06 22:45:23.089, 219.91 W, 100 %
2025/12/06 22:45:23.189, 219.37 W, 100 %
2025/12/06 22:45:23.289, 219.16 W, 100 %
2025/12/06 22:45:23.389, 219.21 W, 100 %
2025/12/06 22:45:23.489, 219.07 W, 100 %
2025/12/06 22:45:23.589, 219.48 W, 100 %
2025/12/06 22:45:23.689, 219.31 W, 100 %
2025/12/06 22:45:23.789, 219.56 W, 100 %
2025/12/06 22:45:23.889, 219.52 W, 100 %
2025/12/06 22:45:23.989, 219.61 W, 100 %
2025/12/06 22:45:24.090, 218.98 W, 100 %
2025/12/06 22:45:24.190, 218.93 W, 100 %
2025/12/06 22:45:24.290, 219.10 W, 100 %
2025/12/06 22:45:24.390, 218.96 W, 100 %
2025/12/06 22:45:24.490, 218.88 W, 100 %
2025/12/06 22:45:24.590, 218.54 W, 100 %
2025/12/06 22:45:24.690, 218.99 W, 100 %
2025/12/06 22:45:24.790, 218.58 W, 100 %
2025/12/06 22:45:24.890, 217.70 W, 99 %
2025/12/06 22:45:24.990, 218.21 W, 99 %
2025/12/06 22:45:25.091, 217.75 W, 100 %
2025/12/06 22:45:25.191, 217.86 W, 100 %
2025/12/06 22:45:25.291, 217.92 W, 100 %
2025/12/06 22:45:25.391, 218.34 W, 100 %
2025/12/06 22:45:25.491, 218.46 W, 100 %
2025/12/06 22:45:25.591, 218.98 W, 100 %
2025/12/06 22:45:25.691, 219.30 W, 100 %
2025/12/06 22:45:25.791, 218.89 W, 100 %
2025/12/06 22:45:25.891, 219.30 W, 100 %
2025/12/06 22:45:25.991, 219.76 W, 100 %
2025/12/06 22:45:26.092, 219.65 W, 100 %
2025/12/06 22:45:26.192, 219.60 W, 100 %
2025/12/06 22:45:26.292, 219.82 W, 100 %
2025/12/06 22:45:26.392, 219.23 W, 100 %
2025/12/06 22:45:26.492, 219.28 W, 100 %
2025/12/06 22:45:26.592, 219.45 W, 100 %
2025/12/06 22:45:26.692, 218.84 W, 100 %
2025/12/06 22:45:26.792, 217.01 W, 100 %
2025/12/06 22:45:26.892, 217.16 W, 100 %
2025/12/06 22:45:26.992, 216.71 W, 100 %
2025/12/06 22:45:27.093, 217.08 W, 100 %
2025/12/06 22:45:27.193, 217.10 W, 100 %
2025/12/06 22:45:27.293, 217.19 W, 100 %
2025/12/06 22:45:27.393, 216.68 W, 100 %
2025/12/06 22:45:27.493, 217.16 W, 100 %
2025/12/06 22:45:27.593, 216.77 W, 100 %
2025/12/06 22:45:27.693, 216.69 W, 100 %
2025/12/06 22:45:27.793, 216.86 W, 100 %
2025/12/06 22:45:27.893, 218.68 W, 100 %
2025/12/06 22:45:27.993, 219.07 W, 100 %
2025/12/06 22:45:28.094, 218.68 W, 100 %
2025/12/06 22:45:28.194, 219.02 W, 100 %
2025/12/06 22:45:28.294, 218.94 W, 100 %
2025/12/06 22:45:28.394, 219.06 W, 100 %
2025/12/06 22:45:28.494, 219.48 W, 100 %
2025/12/06 22:45:28.594, 219.52 W, 100 %
2025/12/06 22:45:28.694, 219.07 W, 100 %
2025/12/06 22:45:28.794, 219.75 W, 100 %
2025/12/06 22:45:28.894, 219.69 W, 100 %
2025/12/06 22:45:28.994, 219.74 W, 100 %
2025/12/06 22:45:29.095, 219.62 W, 100 %
2025/12/06 22:45:29.195, 219.83 W, 100 %
2025/12/06 22:45:29.295, 219.89 W, 100 %
2025/12/06 22:45:29.395, 219.64 W, 100 %
2025/12/06 22:45:29.495, 219.64 W, 100 %
2025/12/06 22:45:29.595, 219.86 W, 100 %
2025/12/06 22:45:29.695, 219.53 W, 100 %
2025/12/06 22:45:29.795, 219.35 W, 100 %
2025/12/06 22:45:29.895, 219.46 W, 100 %
2025/12/06 22:45:29.995, 219.34 W, 100 %
2025/12/06 22:45:30.096, 219.43 W, 100 %
2025/12/06 22:45:30.196, 219.38 W, 100 %
2025/12/06 22:45:30.296, 219.24 W, 100 %
2025/12/06 22:45:30.396, 219.38 W, 100 %
2025/12/06 22:45:30.496, 219.02 W, 100 %
2025/12/06 22:45:30.596, 218.71 W, 100 %
2025/12/06 22:45:30.696, 219.52 W, 99 %
2025/12/06 22:45:30.796, 219.50 W, 99 %
2025/12/06 22:45:30.896, 219.38 W, 100 %
2025/12/06 22:45:30.996, 219.68 W, 100 %
2025/12/06 22:45:31.097, 219.55 W, 100 %
2025/12/06 22:45:31.197, 219.14 W, 100 %
2025/12/06 22:45:31.297, 219.26 W, 100 %
2025/12/06 22:45:31.397, 219.16 W, 100 %
2025/12/06 22:45:31.497, 219.11 W, 100 %
2025/12/06 22:45:31.597, 219.07 W, 100 %
2025/12/06 22:45:31.697, 218.84 W, 100 %
2025/12/06 22:45:31.797, 219.04 W, 100 %
2025/12/06 22:45:31.897, 219.16 W, 100 %
2025/12/06 22:45:31.997, 219.65 W, 100 %
2025/12/06 22:45:32.098, 219.43 W, 100 %
2025/12/06 22:45:32.198, 219.41 W, 100 %
2025/12/06 22:45:32.298, 219.23 W, 100 %
2025/12/06 22:45:32.398, 219.31 W, 100 %
2025/12/06 22:45:32.498, 219.37 W, 100 %
2025/12/06 22:45:32.598, 220.98 W, 100 %
2025/12/06 22:45:32.698, 220.70 W, 100 %
2025/12/06 22:45:32.798, 220.25 W, 100 %
2025/12/06 22:45:32.898, 220.37 W, 100 %
2025/12/06 22:45:32.998, 220.44 W, 100 %
2025/12/06 22:45:33.099, 220.16 W, 100 %
2025/12/06 22:45:33.199, 219.61 W, 100 %
2025/12/06 22:45:33.299, 220.15 W, 100 %
2025/12/06 22:45:33.399, 220.65 W, 100 %
2025/12/06 22:45:33.499, 220.31 W, 100 %
2025/12/06 22:45:33.599, 220.14 W, 100 %
2025/12/06 22:45:33.699, 219.03 W, 100 %
2025/12/06 22:45:33.799, 219.42 W, 100 %
2025/12/06 22:45:33.899, 219.30 W, 100 %
2025/12/06 22:45:33.999, 219.44 W, 100 %
2025/12/06 22:45:34.100, 219.51 W, 100 %
2025/12/06 22:45:34.200, 219.36 W, 100 %
2025/12/06 22:45:34.300, 219.79 W, 100 %
2025/12/06 22:45:34.400, 219.16 W, 100 %
2025/12/06 22:45:34.500, 219.92 W, 99 %
2025/12/06 22:45:34.600, 219.50 W, 99 %
2025/12/06 22:45:34.700, 219.70 W, 100 %
2025/12/06 22:45:34.800, 220.34 W, 100 %
2025/12/06 22:45:34.900, 220.01 W, 100 %
2025/12/06 22:45:35.000, 219.88 W, 100 %
2025/12/06 22:45:35.101, 219.73 W, 100 %
2025/12/06 22:45:35.201, 219.62 W, 100 %
2025/12/06 22:45:35.301, 219.68 W, 100 %
2025/12/06 22:45:35.401, 219.69 W, 100 %
2025/12/06 22:45:35.501, 219.97 W, 100 %
2025/12/06 22:45:35.601, 219.05 W, 100 %
2025/12/06 22:45:35.701, 219.78 W, 100 %
2025/12/06 22:45:35.801, 219.19 W, 100 %
2025/12/06 22:45:35.901, 219.59 W, 100 %
2025/12/06 22:45:36.001, 219.54 W, 100 %
2025/12/06 22:45:36.102, 219.60 W, 100 %
2025/12/06 22:45:36.202, 219.41 W, 100 %
2025/12/06 22:45:36.302, 219.77 W, 100 %
2025/12/06 22:45:36.402, 218.31 W, 100 %
2025/12/06 22:45:36.502, 218.98 W, 100 %
2025/12/06 22:45:36.602, 218.45 W, 100 %
2025/12/06 22:45:36.702, 218.31 W, 100 %
2025/12/06 22:45:36.802, 218.08 W, 100 %
2025/12/06 22:45:36.902, 217.85 W, 100 %
2025/12/06 22:45:37.002, 217.85 W, 100 %
2025/12/06 22:45:37.103, 218.28 W, 100 %
2025/12/06 22:45:37.203, 218.25 W, 100 %
2025/12/06 22:45:37.303, 217.97 W, 100 %
2025/12/06 22:45:37.403, 217.94 W, 100 %
2025/12/06 22:45:37.503, 219.30 W, 100 %
2025/12/06 22:45:37.603, 218.85 W, 100 %
2025/12/06 22:45:37.703, 218.66 W, 100 %
2025/12/06 22:45:37.803, 218.94 W, 100 %
2025/12/06 22:45:37.903, 218.33 W, 100 %
2025/12/06 22:45:38.003, 218.64 W, 100 %
2025/12/06 22:45:38.104, 218.28 W, 100 %
2025/12/06 22:45:38.204, 218.71 W, 100 %
2025/12/06 22:45:38.304, 217.52 W, 100 %
2025/12/06 22:45:38.404, 218.47 W, 100 %
2025/12/06 22:45:38.504, 218.32 W, 100 %
2025/12/06 22:45:38.604, 218.01 W, 100 %
2025/12/06 22:45:38.704, 218.60 W, 100 %
2025/12/06 22:45:38.804, 218.18 W, 100 %
2025/12/06 22:45:38.904, 218.66 W, 100 %
2025/12/06 22:45:39.004, 219.04 W, 100 %
2025/12/06 22:45:39.105, 219.02 W, 100 %
2025/12/06 22:45:39.205, 218.30 W, 100 %
2025/12/06 22:45:39.305, 218.76 W, 100 %
2025/12/06 22:45:39.405, 220.18 W, 100 %
2025/12/06 22:45:39.505, 219.70 W, 100 %
2025/12/06 22:45:39.605, 219.65 W, 100 %
2025/12/06 22:45:39.705, 219.57 W, 100 %
2025/12/06 22:45:39.805, 219.63 W, 100 %
2025/12/06 22:45:39.905, 220.15 W, 100 %
2025/12/06 22:45:40.005, 219.66 W, 100 %
2025/12/06 22:45:40.106, 219.63 W, 100 %
2025/12/06 22:45:40.206, 219.23 W, 100 %
2025/12/06 22:45:40.306, 220.01 W, 99 %
2025/12/06 22:45:40.406, 219.70 W, 99 %
2025/12/06 22:45:40.506, 219.62 W, 100 %
2025/12/06 22:45:40.606, 219.60 W, 100 %
2025/12/06 22:45:40.706, 219.47 W, 100 %
2025/12/06 22:45:40.806, 220.00 W, 100 %
2025/12/06 22:45:40.906, 219.77 W, 100 %
2025/12/06 22:45:41.006, 219.97 W, 100 %
2025/12/06 22:45:41.107, 219.85 W, 100 %
2025/12/06 22:45:41.207, 220.35 W, 100 %
2025/12/06 22:45:41.307, 219.62 W, 100 %
2025/12/06 22:45:41.407, 219.49 W, 100 %
2025/12/06 22:45:41.507, 219.78 W, 100 %
2025/12/06 22:45:41.607, 219.86 W, 100 %
2025/12/06 22:45:41.707, 219.47 W, 100 %
2025/12/06 22:45:41.807, 219.52 W, 100 %
2025/12/06 22:45:41.907, 219.75 W, 100 %
2025/12/06 22:45:42.007, 219.56 W, 100 %
2025/12/06 22:45:42.108, 219.70 W, 100 %
2025/12/06 22:45:42.208, 220.02 W, 100 %
2025/12/06 22:45:42.308, 219.62 W, 100 %
2025/12/06 22:45:42.408, 220.30 W, 100 %
2025/12/06 22:45:42.508, 219.80 W, 100 %
2025/12/06 22:45:42.608, 219.92 W, 100 %
2025/12/06 22:45:42.708, 219.75 W, 100 %
2025/12/06 22:45:42.808, 219.90 W, 100 %
2025/12/06 22:45:42.908, 219.85 W, 100 %
2025/12/06 22:45:43.008, 219.72 W, 100 %
2025/12/06 22:45:43.109, 220.03 W, 100 %
2025/12/06 22:45:43.209, 219.48 W, 100 %
2025/12/06 22:45:43.309, 219.46 W, 100 %
2025/12/06 22:45:43.409, 219.24 W, 100 %
2025/12/06 22:45:43.509, 219.27 W, 100 %
2025/12/06 22:45:43.609, 219.38 W, 100 %
2025/12/06 22:45:43.709, 219.06 W, 100 %
2025/12/06 22:45:43.809, 219.47 W, 100 %
2025/12/06 22:45:43.909, 219.51 W, 100 %
2025/12/06 22:45:44.009, 219.01 W, 100 %
2025/12/06 22:45:44.110, 220.04 W, 99 %
2025/12/06 22:45:44.210, 219.96 W, 99 %
2025/12/06 22:45:44.310, 220.05 W, 100 %
2025/12/06 22:45:44.410, 219.91 W, 100 %
2025/12/06 22:45:44.510, 220.43 W, 100 %
2025/12/06 22:45:44.610, 220.20 W, 100 %
2025/12/06 22:45:44.710, 220.21 W, 100 %
2025/12/06 22:45:44.810, 220.23 W, 100 %
2025/12/06 22:45:44.910, 220.72 W, 100 %
2025/12/06 22:45:45.010, 220.68 W, 100 %
2025/12/06 22:45:45.111, 220.41 W, 100 %
2025/12/06 22:45:45.211, 219.42 W, 100 %
2025/12/06 22:45:45.311, 219.27 W, 100 %
2025/12/06 22:45:45.411, 219.41 W, 100 %
2025/12/06 22:45:45.511, 219.17 W, 100 %
2025/12/06 22:45:45.611, 219.22 W, 100 %
2025/12/06 22:45:45.711, 219.16 W, 100 %
2025/12/06 22:45:45.811, 219.15 W, 100 %
2025/12/06 22:45:45.911, 219.22 W, 100 %
2025/12/06 22:45:46.011, 219.51 W, 100 %
2025/12/06 22:45:46.112, 219.16 W, 100 %
2025/12/06 22:45:46.212, 219.46 W, 100 %
2025/12/06 22:45:46.312, 219.61 W, 100 %
2025/12/06 22:45:46.412, 219.47 W, 100 %
2025/12/06 22:45:46.512, 220.09 W, 100 %
2025/12/06 22:45:46.612, 219.93 W, 100 %
2025/12/06 22:45:46.712, 219.76 W, 100 %
2025/12/06 22:45:46.812, 219.87 W, 100 %
2025/12/06 22:45:46.912, 219.75 W, 100 %
2025/12/06 22:45:47.012, 219.69 W, 100 %
2025/12/06 22:45:47.113, 218.99 W, 100 %
2025/12/06 22:45:47.213, 218.99 W, 100 %
2025/12/06 22:45:47.313, 218.99 W, 100 %
2025/12/06 22:45:47.413, 218.79 W, 100 %
2025/12/06 22:45:47.513, 219.23 W, 100 %
2025/12/06 22:45:47.613, 218.87 W, 100 %
2025/12/06 22:45:47.713, 219.26 W, 100 %
2025/12/06 22:45:47.813, 219.05 W, 100 %
2025/12/06 22:45:47.913, 217.00 W, 99 %
2025/12/06 22:45:48.013, 217.15 W, 99 %
2025/12/06 22:45:48.114, 217.03 W, 100 %
2025/12/06 22:45:48.214, 217.75 W, 100 %
2025/12/06 22:45:48.314, 217.80 W, 100 %
2025/12/06 22:45:48.414, 217.63 W, 100 %
2025/12/06 22:45:48.514, 217.23 W, 100 %
2025/12/06 22:45:48.614, 217.30 W, 100 %
2025/12/06 22:45:48.714, 216.52 W, 100 %
2025/12/06 22:45:48.814, 216.76 W, 100 %
2025/12/06 22:45:48.914, 217.23 W, 100 %
2025/12/06 22:45:49.014, 219.04 W, 100 %
2025/12/06 22:45:49.115, 218.95 W, 100 %
2025/12/06 22:45:49.215, 218.81 W, 100 %
2025/12/06 22:45:49.315, 218.95 W, 100 %
2025/12/06 22:45:49.415, 218.93 W, 100 %
2025/12/06 22:45:49.515, 219.09 W, 100 %
2025/12/06 22:45:49.615, 219.18 W, 100 %
2025/12/06 22:45:49.715, 218.96 W, 100 %
2025/12/06 22:45:49.815, 218.68 W, 100 %
2025/12/06 22:45:49.915, 219.34 W, 99 %
2025/12/06 22:45:50.015, 219.30 W, 99 %
2025/12/06 22:45:50.116, 219.09 W, 100 %
2025/12/06 22:45:50.216, 219.02 W, 100 %
2025/12/06 22:45:50.316, 219.52 W, 100 %
2025/12/06 22:45:50.416, 219.27 W, 100 %
2025/12/06 22:45:50.516, 219.52 W, 100 %
2025/12/06 22:45:50.616, 219.27 W, 100 %
2025/12/06 22:45:50.716, 219.01 W, 100 %
2025/12/06 22:45:50.816, 219.24 W, 100 %
2025/12/06 22:45:50.916, 219.22 W, 100 %
2025/12/06 22:45:51.016, 219.30 W, 100 %
2025/12/06 22:45:51.117, 219.18 W, 100 %
2025/12/06 22:45:51.217, 219.52 W, 100 %
2025/12/06 22:45:51.317, 219.00 W, 100 %
2025/12/06 22:45:51.417, 219.29 W, 100 %
2025/12/06 22:45:51.517, 218.99 W, 100 %
2025/12/06 22:45:51.617, 219.41 W, 100 %
2025/12/06 22:45:51.717, 219.48 W, 100 %
2025/12/06 22:45:51.817, 220.38 W, 100 %
2025/12/06 22:45:51.917, 220.21 W, 100 %
2025/12/06 22:45:52.017, 220.08 W, 100 %
2025/12/06 22:45:52.118, 219.76 W, 100 %
2025/12/06 22:45:52.218, 219.48 W, 100 %
2025/12/06 22:45:52.318, 219.59 W, 100 %
2025/12/06 22:45:52.418, 219.59 W, 100 %
2025/12/06 22:45:52.518, 219.92 W, 100 %
2025/12/06 22:45:52.618, 220.10 W, 100 %
2025/12/06 22:45:52.718, 219.82 W, 100 %
2025/12/06 22:45:52.818, 219.59 W, 100 %
2025/12/06 22:45:52.918, 218.87 W, 100 %
2025/12/06 22:45:53.018, 219.24 W, 100 %
2025/12/06 22:45:53.119, 219.27 W, 100 %
2025/12/06 22:45:53.219, 219.29 W, 100 %
2025/12/06 22:45:53.319, 219.31 W, 100 %
2025/12/06 22:45:53.419, 219.51 W, 100 %
2025/12/06 22:45:53.519, 219.68 W, 100 %
2025/12/06 22:45:53.619, 219.36 W, 100 %
2025/12/06 22:45:53.719, 219.92 W, 99 %
2025/12/06 22:45:53.819, 219.74 W, 99 %
2025/12/06 22:45:53.919, 220.08 W, 100 %
2025/12/06 22:45:54.019, 220.38 W, 100 %
2025/12/06 22:45:54.120, 219.98 W, 100 %
2025/12/06 22:45:54.220, 219.78 W, 100 %
2025/12/06 22:45:54.320, 219.86 W, 100 %
2025/12/06 22:45:54.420, 220.27 W, 100 %
2025/12/06 22:45:54.520, 219.92 W, 100 %
2025/12/06 22:45:54.620, 219.94 W, 100 %
2025/12/06 22:45:54.720, 220.25 W, 100 %
2025/12/06 22:45:54.820, 219.14 W, 100 %
2025/12/06 22:45:54.920, 218.75 W, 100 %
2025/12/06 22:45:55.020, 218.48 W, 100 %
2025/12/06 22:45:55.121, 218.98 W, 100 %
2025/12/06 22:45:55.221, 219.08 W, 100 %
2025/12/06 22:45:55.321, 219.21 W, 100 %
2025/12/06 22:45:55.421, 218.92 W, 100 %
2025/12/06 22:45:55.521, 219.06 W, 100 %
2025/12/06 22:45:55.621, 220.13 W, 100 %
2025/12/06 22:45:55.721, 219.96 W, 100 %
2025/12/06 22:45:55.821, 219.82 W, 100 %
2025/12/06 22:45:55.921, 219.43 W, 100 %
2025/12/06 22:45:56.021, 220.06 W, 100 %
2025/12/06 22:45:56.122, 219.88 W, 100 %
2025/12/06 22:45:56.222, 219.85 W, 100 %
2025/12/06 22:45:56.322, 219.69 W, 100 %
2025/12/06 22:45:56.422, 219.73 W, 100 %
2025/12/06 22:45:56.522, 220.05 W, 100 %
2025/12/06 22:45:56.622, 220.01 W, 100 %
2025/12/06 22:45:56.722, 219.01 W, 100 %
2025/12/06 22:45:56.822, 218.41 W, 100 %
2025/12/06 22:45:56.922, 219.17 W, 100 %
2025/12/06 22:45:57.022, 219.70 W, 100 %
2025/12/06 22:45:57.123, 219.46 W, 100 %
2025/12/06 22:45:57.223, 219.30 W, 100 %
2025/12/06 22:45:57.323, 219.23 W, 100 %
2025/12/06 22:45:57.423, 219.44 W, 100 %
2025/12/06 22:45:57.523, 220.23 W, 99 %
2025/12/06 22:45:57.623, 220.27 W, 99 %
2025/12/06 22:45:57.723, 220.02 W, 100 %
2025/12/06 22:45:57.823, 219.67 W, 100 %
2025/12/06 22:45:57.923, 220.61 W, 100 %
2025/12/06 22:45:58.023, 219.70 W, 100 %
2025/12/06 22:45:58.124, 220.21 W, 100 %
2025/12/06 22:45:58.224, 219.98 W, 100 %
2025/12/06 22:45:58.324, 220.24 W, 100 %
2025/12/06 22:45:58.424, 220.15 W, 100 %
2025/12/06 22:45:58.524, 219.94 W, 100 %
2025/12/06 22:45:58.624, 219.53 W, 100 %
2025/12/06 22:45:58.724, 219.37 W, 100 %
2025/12/06 22:45:58.824, 219.45 W, 100 %
2025/12/06 22:45:58.924, 219.74 W, 100 %
2025/12/06 22:45:59.024, 219.62 W, 100 %
2025/12/06 22:45:59.125, 220.35 W, 100 %
2025/12/06 22:45:59.225, 219.26 W, 100 %
2025/12/06 22:45:59.325, 218.94 W, 100 %
2025/12/06 22:45:59.425, 217.40 W, 100 %
2025/12/06 22:45:59.525, 217.56 W, 100 %
2025/12/06 22:45:59.625, 217.05 W, 100 %
2025/12/06 22:45:59.725, 217.08 W, 100 %
2025/12/06 22:45:59.825, 217.48 W, 100 %
2025/12/06 22:45:59.925, 217.09 W, 100 %
2025/12/06 22:46:00.025, 217.58 W, 100 %
2025/12/06 22:46:00.126, 216.99 W, 100 %
2025/12/06 22:46:00.226, 216.87 W, 100 %
2025/12/06 22:46:00.326, 216.91 W, 100 %
2025/12/06 22:46:00.426, 217.60 W, 100 %
2025/12/06 22:46:00.526, 218.54 W, 100 %
2025/12/06 22:46:00.626, 218.70 W, 100 %
2025/12/06 22:46:00.726, 219.29 W, 100 %
2025/12/06 22:46:00.826, 218.97 W, 100 %
2025/12/06 22:46:00.926, 219.26 W, 100 %
2025/12/06 22:46:01.026, 218.89 W, 100 %
2025/12/06 22:46:01.127, 218.72 W, 100 %
2025/12/06 22:46:01.227, 218.59 W, 100 %
2025/12/06 22:46:01.327, 218.58 W, 100 %
2025/12/06 22:46:01.427, 218.76 W, 100 %
2025/12/06 22:46:01.527, 218.72 W, 100 %
2025/12/06 22:46:01.627, 219.22 W, 100 %
2025/12/06 22:46:01.727, 218.88 W, 100 %
2025/12/06 22:46:01.827, 218.85 W, 100 %
2025/12/06 22:46:01.927, 218.90 W, 100 %
2025/12/06 22:46:02.027, 218.91 W, 100 %
2025/12/06 22:46:02.128, 219.14 W, 100 %
2025/12/06 22:46:02.228, 219.02 W, 100 %
2025/12/06 22:46:02.328, 219.66 W, 100 %
2025/12/06 22:46:02.428, 219.81 W, 100 %
2025/12/06 22:46:02.528, 219.40 W, 100 %
2025/12/06 22:46:02.628, 219.41 W, 100 %
2025/12/06 22:46:02.728, 219.51 W, 100 %
2025/12/06 22:46:02.828, 219.09 W, 100 %
2025/12/06 22:46:02.928, 218.99 W, 100 %
2025/12/06 22:46:03.028, 219.10 W, 100 %
2025/12/06 22:46:03.129, 218.96 W, 100 %
2025/12/06 22:46:03.229, 219.32 W, 100 %
2025/12/06 22:46:03.329, 220.01 W, 99 %
2025/12/06 22:46:03.429, 219.71 W, 99 %
2025/12/06 22:46:03.529, 219.39 W, 100 %
2025/12/06 22:46:03.629, 219.38 W, 100 %
2025/12/06 22:46:03.729, 219.51 W, 100 %
2025/12/06 22:46:03.829, 219.63 W, 100 %
2025/12/06 22:46:03.929, 219.55 W, 100 %
2025/12/06 22:46:04.029, 219.41 W, 100 %
2025/12/06 22:46:04.130, 219.54 W, 100 %
2025/12/06 22:46:04.230, 219.13 W, 100 %
2025/12/06 22:46:04.330, 218.36 W, 100 %
2025/12/06 22:46:04.430, 218.80 W, 100 %
2025/12/06 22:46:04.530, 218.82 W, 100 %
2025/12/06 22:46:04.630, 219.33 W, 100 %
2025/12/06 22:46:04.730, 219.21 W, 100 %
2025/12/06 22:46:04.830, 219.37 W, 100 %
2025/12/06 22:46:04.930, 219.49 W, 100 %
2025/12/06 22:46:05.030, 219.55 W, 100 %
2025/12/06 22:46:05.131, 219.58 W, 100 %
2025/12/06 22:46:05.231, 220.15 W, 100 %
2025/12/06 22:46:05.331, 220.16 W, 100 %
2025/12/06 22:46:05.431, 220.18 W, 100 %
2025/12/06 22:46:05.531, 220.42 W, 100 %
2025/12/06 22:46:05.631, 219.83 W, 100 %
2025/12/06 22:46:05.731, 219.89 W, 100 %
2025/12/06 22:46:05.831, 220.35 W, 100 %
2025/12/06 22:46:05.931, 220.10 W, 100 %
2025/12/06 22:46:06.031, 220.33 W, 100 %
2025/12/06 22:46:06.132, 219.74 W, 100 %
2025/12/06 22:46:06.232, 219.84 W, 100 %
2025/12/06 22:46:06.332, 219.15 W, 100 %
2025/12/06 22:46:06.432, 219.63 W, 100 %
2025/12/06 22:46:06.532, 219.36 W, 100 %
2025/12/06 22:46:06.632, 218.71 W, 100 %
2025/12/06 22:46:06.732, 219.11 W, 100 %
2025/12/06 22:46:06.832, 219.22 W, 100 %
2025/12/06 22:46:06.932, 219.10 W, 100 %
2025/12/06 22:46:07.032, 218.80 W, 100 %
2025/12/06 22:46:07.133, 219.00 W, 99 %
2025/12/06 22:46:07.233, 220.08 W, 99 %
2025/12/06 22:46:07.333, 219.91 W, 100 %
2025/12/06 22:46:07.433, 219.78 W, 100 %
2025/12/06 22:46:07.533, 219.57 W, 100 %
2025/12/06 22:46:07.633, 219.35 W, 100 %
2025/12/06 22:46:07.733, 219.53 W, 100 %
2025/12/06 22:46:07.833, 219.85 W, 100 %
2025/12/06 22:46:07.933, 219.95 W, 100 %
2025/12/06 22:46:08.033, 219.51 W, 100 %
2025/12/06 22:46:08.134, 219.80 W, 100 %
2025/12/06 22:46:08.234, 219.02 W, 100 %
2025/12/06 22:46:08.334, 219.37 W, 100 %
2025/12/06 22:46:08.434, 219.35 W, 100 %
2025/12/06 22:46:08.534, 219.43 W, 100 %
2025/12/06 22:46:08.634, 219.24 W, 100 %
2025/12/06 22:46:08.734, 219.89 W, 100 %
2025/12/06 22:46:08.834, 219.69 W, 100 %
2025/12/06 22:46:08.934, 219.34 W, 100 %
2025/12/06 22:46:09.034, 219.41 W, 100 %
2025/12/06 22:46:09.135, 219.79 W, 100 %
2025/12/06 22:46:09.235, 219.70 W, 100 %
2025/12/06 22:46:09.335, 219.25 W, 100 %
2025/12/06 22:46:09.435, 219.18 W, 100 %
2025/12/06 22:46:09.535, 219.43 W, 100 %
2025/12/06 22:46:09.635, 219.51 W, 100 %
2025/12/06 22:46:09.735, 219.76 W, 100 %
2025/12/06 22:46:09.835, 219.30 W, 100 %
2025/12/06 22:46:09.935, 219.59 W, 100 %
2025/12/06 22:46:10.035, 219.23 W, 100 %
2025/12/06 22:46:10.136, 219.06 W, 100 %
2025/12/06 22:46:10.236, 219.15 W, 100 %
2025/12/06 22:46:10.336, 219.48 W, 100 %
2025/12/06 22:46:10.436, 219.73 W, 100 %
2025/12/06 22:46:10.536, 219.97 W, 100 %
2025/12/06 22:46:10.636, 219.48 W, 100 %
2025/12/06 22:46:10.736, 219.29 W, 100 %
2025/12/06 22:46:10.836, 219.89 W, 100 %
2025/12/06 22:46:10.936, 217.99 W, 99 %
2025/12/06 22:46:11.036, 218.38 W, 99 %
2025/12/06 22:46:11.137, 218.31 W, 100 %
2025/12/06 22:46:11.237, 218.07 W, 100 %
2025/12/06 22:46:11.337, 217.74 W, 100 %
2025/12/06 22:46:11.437, 217.85 W, 100 %
2025/12/06 22:46:11.537, 217.86 W, 100 %
2025/12/06 22:46:11.637, 217.26 W, 100 %
2025/12/06 22:46:11.737, 218.01 W, 100 %
2025/12/06 22:46:11.837, 217.68 W, 100 %
2025/12/06 22:46:11.937, 218.01 W, 100 %
2025/12/06 22:46:12.037, 220.11 W, 100 %
2025/12/06 22:46:12.138, 219.80 W, 100 %
2025/12/06 22:46:12.238, 219.88 W, 100 %
2025/12/06 22:46:12.338, 219.81 W, 100 %
2025/12/06 22:46:12.438, 219.81 W, 100 %
2025/12/06 22:46:12.538, 219.57 W, 100 %
2025/12/06 22:46:12.638, 219.36 W, 100 %
2025/12/06 22:46:12.738, 219.60 W, 100 %
2025/12/06 22:46:12.838, 219.27 W, 100 %
2025/12/06 22:46:12.938, 219.51 W, 99 %
2025/12/06 22:46:13.038, 218.78 W, 99 %
2025/12/06 22:46:13.139, 218.83 W, 100 %
2025/12/06 22:46:13.239, 219.12 W, 100 %
2025/12/06 22:46:13.339, 219.56 W, 100 %
2025/12/06 22:46:13.439, 218.97 W, 100 %
2025/12/06 22:46:13.539, 218.98 W, 100 %
2025/12/06 22:46:13.639, 219.17 W, 100 %
2025/12/06 22:46:13.739, 219.05 W, 100 %
2025/12/06 22:46:13.839, 219.52 W, 100 %
2025/12/06 22:46:13.939, 219.14 W, 100 %
2025/12/06 22:46:14.039, 219.33 W, 100 %
2025/12/06 22:46:14.140, 219.57 W, 100 %
2025/12/06 22:46:14.240, 219.72 W, 100 %
2025/12/06 22:46:14.340, 219.82 W, 100 %
2025/12/06 22:46:14.440, 219.53 W, 100 %
2025/12/06 22:46:14.540, 219.24 W, 100 %
2025/12/06 22:46:14.640, 219.36 W, 100 %
2025/12/06 22:46:14.740, 219.50 W, 100 %
2025/12/06 22:46:14.840, 220.05 W, 100 %
2025/12/06 22:46:14.940, 219.97 W, 100 %
2025/12/06 22:46:15.040, 220.35 W, 100 %
2025/12/06 22:46:15.141, 220.06 W, 100 %
2025/12/06 22:46:15.241, 220.37 W, 100 %
2025/12/06 22:46:15.341, 220.02 W, 100 %
2025/12/06 22:46:15.441, 219.71 W, 100 %
2025/12/06 22:46:15.541, 220.55 W, 100 %
2025/12/06 22:46:15.641, 220.78 W, 100 %
2025/12/06 22:46:15.741, 220.21 W, 100 %
2025/12/06 22:46:15.841, 220.24 W, 100 %
2025/12/06 22:46:15.941, 220.16 W, 100 %
2025/12/06 22:46:16.041, 219.49 W, 100 %
2025/12/06 22:46:16.142, 219.75 W, 100 %
2025/12/06 22:46:16.242, 219.54 W, 100 %
2025/12/06 22:46:16.342, 219.55 W, 100 %
2025/12/06 22:46:16.442, 219.69 W, 100 %
2025/12/06 22:46:16.542, 219.67 W, 100 %
2025/12/06 22:46:16.642, 219.73 W, 100 %
2025/12/06 22:46:16.742, 220.18 W, 99 %
2025/12/06 22:46:16.842, 221.12 W, 99 %
2025/12/06 22:46:16.942, 220.38 W, 100 %
2025/12/06 22:46:17.042, 220.35 W, 100 %
2025/12/06 22:46:17.143, 220.85 W, 100 %
2025/12/06 22:46:17.243, 220.46 W, 100 %
2025/12/06 22:46:17.343, 220.35 W, 100 %
2025/12/06 22:46:17.443, 220.34 W, 100 %
2025/12/06 22:46:17.543, 220.51 W, 100 %
2025/12/06 22:46:17.643, 220.04 W, 100 %
2025/12/06 22:46:17.743, 219.49 W, 100 %
2025/12/06 22:46:17.843, 219.72 W, 100 %
2025/12/06 22:46:17.943, 219.87 W, 100 %
2025/12/06 22:46:18.043, 220.03 W, 100 %
2025/12/06 22:46:18.144, 219.49 W, 100 %
2025/12/06 22:46:18.244, 219.83 W, 100 %
2025/12/06 22:46:18.344, 219.90 W, 100 %
2025/12/06 22:46:18.444, 220.03 W, 100 %
2025/12/06 22:46:18.544, 219.63 W, 100 %
2025/12/06 22:46:18.644, 220.45 W, 100 %
2025/12/06 22:46:18.744, 220.47 W, 100 %
2025/12/06 22:46:18.844, 219.84 W, 100 %
2025/12/06 22:46:18.944, 219.59 W, 100 %
2025/12/06 22:46:19.044, 219.70 W, 100 %
2025/12/06 22:46:19.145, 219.64 W, 100 %
2025/12/06 22:46:19.245, 219.11 W, 100 %
2025/12/06 22:46:19.345, 219.25 W, 100 %
2025/12/06 22:46:19.445, 219.21 W, 100 %
2025/12/06 22:46:19.545, 218.74 W, 100 %
2025/12/06 22:46:19.645, 219.34 W, 100 %
2025/12/06 22:46:19.745, 218.65 W, 100 %
2025/12/06 22:46:19.845, 219.38 W, 100 %
2025/12/06 22:46:19.945, 219.34 W, 100 %
2025/12/06 22:46:20.045, 219.05 W, 100 %
2025/12/06 22:46:20.146, 219.42 W, 100 %
2025/12/06 22:46:20.246, 219.20 W, 100 %
2025/12/06 22:46:20.346, 219.70 W, 100 %
2025/12/06 22:46:20.446, 219.55 W, 100 %
2025/12/06 22:46:20.546, 209.75 W, 80 %
2025/12/06 22:46:20.646, 210.40 W, 80 %
2025/12/06 22:46:20.746, 209.30 W, 100 %
2025/12/06 22:46:20.846, 210.51 W, 100 %
2025/12/06 22:46:20.946, 210.32 W, 100 %
2025/12/06 22:46:21.046, 210.64 W, 100 %
2025/12/06 22:46:21.147, 209.63 W, 100 %
2025/12/06 22:46:21.247, 210.49 W, 100 %
2025/12/06 22:46:21.347, 209.65 W, 100 %
2025/12/06 22:46:21.447, 208.70 W, 100 %
2025/12/06 22:46:21.547, 209.14 W, 100 %
2025/12/06 22:46:21.647, 218.80 W, 100 %
2025/12/06 22:46:21.747, 218.89 W, 100 %
2025/12/06 22:46:21.847, 219.07 W, 100 %
2025/12/06 22:46:21.947, 218.78 W, 100 %
2025/12/06 22:46:22.047, 218.99 W, 100 %
2025/12/06 22:46:22.148, 218.79 W, 100 %
2025/12/06 22:46:22.248, 219.06 W, 100 %
2025/12/06 22:46:22.348, 218.95 W, 100 %
2025/12/06 22:46:22.448, 218.64 W, 100 %
2025/12/06 22:46:22.548, 219.48 W, 99 %
2025/12/06 22:46:22.648, 219.78 W, 99 %
2025/12/06 22:46:22.748, 219.76 W, 100 %
2025/12/06 22:46:22.848, 219.66 W, 100 %
2025/12/06 22:46:22.948, 219.45 W, 100 %
2025/12/06 22:46:23.048, 219.40 W, 100 %
2025/12/06 22:46:23.149, 219.34 W, 100 %
2025/12/06 22:46:23.249, 219.39 W, 100 %
2025/12/06 22:46:23.349, 219.50 W, 100 %
2025/12/06 22:46:23.449, 219.42 W, 100 %
2025/12/06 22:46:23.549, 219.37 W, 100 %
2025/12/06 22:46:23.649, 219.37 W, 100 %
2025/12/06 22:46:23.749, 218.84 W, 100 %
2025/12/06 22:46:23.849, 218.99 W, 100 %
2025/12/06 22:46:23.949, 219.18 W, 100 %
2025/12/06 22:46:24.049, 219.29 W, 100 %
2025/12/06 22:46:24.150, 219.10 W, 100 %
2025/12/06 22:46:24.250, 219.10 W, 100 %
2025/12/06 22:46:24.350, 219.60 W, 100 %
2025/12/06 22:46:24.450, 219.68 W, 100 %
2025/12/06 22:46:24.550, 219.90 W, 100 %
2025/12/06 22:46:24.650, 219.90 W, 100 %
2025/12/06 22:46:24.750, 220.34 W, 100 %
2025/12/06 22:46:24.850, 220.34 W, 100 %
2025/12/06 22:46:24.950, 219.32 W, 100 %
2025/12/06 22:46:25.050, 219.75 W, 100 %
2025/12/06 22:46:25.151, 219.75 W, 100 %
2025/12/06 22:46:25.251, 219.87 W, 100 %
2025/12/06 22:46:25.351, 219.05 W, 100 %
2025/12/06 22:46:25.451, 219.40 W, 100 %
2025/12/06 22:46:25.551, 219.32 W, 100 %
2025/12/06 22:46:25.651, 219.41 W, 100 %
2025/12/06 22:46:25.751, 219.24 W, 100 %
2025/12/06 22:46:25.851, 219.37 W, 100 %
2025/12/06 22:46:25.951, 219.49 W, 100 %
2025/12/06 22:46:26.051, 219.41 W, 100 %
2025/12/06 22:46:26.152, 219.76 W, 100 %
2025/12/06 22:46:26.252, 220.66 W, 100 %
2025/12/06 22:46:26.352, 220.18 W, 100 %
2025/12/06 22:46:26.452, 220.01 W, 100 %
2025/12/06 22:46:26.552, 220.42 W, 100 %
2025/12/06 22:46:26.652, 220.25 W, 100 %
2025/12/06 22:46:26.752, 220.03 W, 100 %
2025/12/06 22:46:26.852, 220.10 W, 100 %
2025/12/06 22:46:26.952, 219.61 W, 100 %
2025/12/06 22:46:27.052, 220.38 W, 100 %
2025/12/06 22:46:27.153, 219.83 W, 100 %
2025/12/06 22:46:27.253, 219.84 W, 100 %
2025/12/06 22:46:27.353, 219.28 W, 100 %
2025/12/06 22:46:27.453, 219.14 W, 100 %
2025/12/06 22:46:27.553, 219.28 W, 100 %
2025/12/06 22:46:27.653, 218.90 W, 100 %
2025/12/06 22:46:27.753, 219.01 W, 100 %
2025/12/06 22:46:27.853, 218.86 W, 100 %
2025/12/06 22:46:27.953, 218.64 W, 100 %
2025/12/06 22:46:28.053, 219.11 W, 100 %
2025/12/06 22:46:28.154, 219.15 W, 96 %
2025/12/06 22:46:28.254, 219.49 W, 96 %
2025/12/06 22:46:28.354, 219.43 W, 100 %
2025/12/06 22:46:28.454, 219.17 W, 100 %
2025/12/06 22:46:28.554, 219.42 W, 100 %
2025/12/06 22:46:28.654, 219.49 W, 100 %
2025/12/06 22:46:28.754, 219.51 W, 100 %
2025/12/06 22:46:28.854, 219.60 W, 100 %
2025/12/06 22:46:28.954, 220.09 W, 100 %
2025/12/06 22:46:29.054, 219.73 W, 100 %
2025/12/06 22:46:29.155, 219.51 W, 100 %
2025/12/06 22:46:29.255, 219.07 W, 100 %
2025/12/06 22:46:29.355, 218.95 W, 100 %
2025/12/06 22:46:29.455, 219.33 W, 100 %
2025/12/06 22:46:29.555, 219.37 W, 100 %
2025/12/06 22:46:29.655, 219.27 W, 100 %
2025/12/06 22:46:29.755, 219.37 W, 100 %
2025/12/06 22:46:29.855, 219.40 W, 100 %
2025/12/06 22:46:29.955, 219.12 W, 100 %
2025/12/06 22:46:30.055, 217.22 W, 100 %
2025/12/06 22:46:30.156, 218.23 W, 100 %
2025/12/06 22:46:30.256, 218.40 W, 100 %
2025/12/06 22:46:30.356, 218.28 W, 100 %
2025/12/06 22:46:30.456, 218.10 W, 100 %
2025/12/06 22:46:30.556, 218.23 W, 100 %
2025/12/06 22:46:30.656, 218.16 W, 100 %
2025/12/06 22:46:30.756, 218.15 W, 100 %
2025/12/06 22:46:30.856, 218.30 W, 100 %
2025/12/06 22:46:30.956, 217.80 W, 100 %
2025/12/06 22:46:31.056, 218.51 W, 100 %
2025/12/06 22:46:31.157, 220.25 W, 100 %
2025/12/06 22:46:31.257, 219.64 W, 100 %
2025/12/06 22:46:31.357, 219.59 W, 100 %
2025/12/06 22:46:31.457, 219.49 W, 100 %
2025/12/06 22:46:31.557, 219.38 W, 100 %
2025/12/06 22:46:31.657, 219.32 W, 100 %
2025/12/06 22:46:31.757, 219.37 W, 100 %
2025/12/06 22:46:31.857, 219.10 W, 100 %
2025/12/06 22:46:31.957, 219.04 W, 100 %
2025/12/06 22:46:32.057, 219.50 W, 100 %
2025/12/06 22:46:32.158, 219.05 W, 100 %
2025/12/06 22:46:32.258, 219.21 W, 100 %
2025/12/06 22:46:32.358, 219.20 W, 100 %
2025/12/06 22:46:32.458, 219.36 W, 100 %
2025/12/06 22:46:32.558, 219.34 W, 100 %
2025/12/06 22:46:32.658, 219.49 W, 100 %
2025/12/06 22:46:32.758, 219.32 W, 100 %
2025/12/06 22:46:32.858, 218.82 W, 100 %
2025/12/06 22:46:32.958, 218.74 W, 100 %
2025/12/06 22:46:33.058, 218.65 W, 100 %
2025/12/06 22:46:33.159, 219.02 W, 100 %
2025/12/06 22:46:33.259, 219.27 W, 100 %
2025/12/06 22:46:33.359, 219.24 W, 100 %
2025/12/06 22:46:33.459, 218.99 W, 100 %
2025/12/06 22:46:33.559, 219.19 W, 100 %
2025/12/06 22:46:33.659, 218.92 W, 100 %
2025/12/06 22:46:33.759, 218.86 W, 100 %
2025/12/06 22:46:33.859, 218.54 W, 100 %
2025/12/06 22:46:33.959, 219.54 W, 99 %
2025/12/06 22:46:34.059, 219.76 W, 99 %
2025/12/06 22:46:34.160, 219.29 W, 100 %
2025/12/06 22:46:34.260, 219.11 W, 100 %
2025/12/06 22:46:34.360, 219.30 W, 100 %
2025/12/06 22:46:34.460, 219.16 W, 100 %
2025/12/06 22:46:34.560, 219.39 W, 100 %
2025/12/06 22:46:34.660, 219.28 W, 100 %
2025/12/06 22:46:34.760, 219.77 W, 100 %
2025/12/06 22:46:34.860, 219.48 W, 100 %
2025/12/06 22:46:34.960, 219.72 W, 100 %
2025/12/06 22:46:35.060, 219.22 W, 100 %
2025/12/06 22:46:35.161, 218.94 W, 100 %
2025/12/06 22:46:35.261, 219.17 W, 100 %
2025/12/06 22:46:35.361, 218.75 W, 100 %
2025/12/06 22:46:35.461, 218.99 W, 100 %
2025/12/06 22:46:35.561, 219.04 W, 100 %
2025/12/06 22:46:35.661, 218.98 W, 100 %
2025/12/06 22:46:35.761, 218.96 W, 100 %
2025/12/06 22:46:35.861, 219.75 W, 100 %
2025/12/06 22:46:35.961, 219.66 W, 100 %
2025/12/06 22:46:36.061, 219.53 W, 100 %
2025/12/06 22:46:36.162, 219.96 W, 100 %
2025/12/06 22:46:36.262, 219.58 W, 100 %
2025/12/06 22:46:36.362, 220.14 W, 100 %
2025/12/06 22:46:36.462, 220.23 W, 100 %
2025/12/06 22:46:36.562, 220.32 W, 100 %
2025/12/06 22:46:36.662, 220.18 W, 100 %
2025/12/06 22:46:36.762, 220.00 W, 100 %
2025/12/06 22:46:36.862, 220.43 W, 100 %
2025/12/06 22:46:36.962, 219.51 W, 100 %
2025/12/06 22:46:37.062, 219.65 W, 100 %
2025/12/06 22:46:37.163, 219.30 W, 100 %
2025/12/06 22:46:37.263, 219.85 W, 100 %
2025/12/06 22:46:37.363, 219.51 W, 100 %
2025/12/06 22:46:37.463, 219.33 W, 100 %
2025/12/06 22:46:37.563, 219.37 W, 100 %
2025/12/06 22:46:37.663, 219.19 W, 100 %
2025/12/06 22:46:37.763, 219.91 W, 99 %
2025/12/06 22:46:37.863, 220.20 W, 99 %
2025/12/06 22:46:37.963, 219.98 W, 100 %
2025/12/06 22:46:38.063, 219.84 W, 100 %
2025/12/06 22:46:38.164, 219.67 W, 100 %
2025/12/06 22:46:38.264, 220.02 W, 100 %
2025/12/06 22:46:38.364, 219.50 W, 100 %
2025/12/06 22:46:38.464, 219.89 W, 100 %
2025/12/06 22:46:38.564, 220.04 W, 100 %
2025/12/06 22:46:38.664, 219.85 W, 100 %
2025/12/06 22:46:38.764, 220.17 W, 100 %
2025/12/06 22:46:38.864, 218.98 W, 100 %
2025/12/06 22:46:38.964, 219.31 W, 100 %
2025/12/06 22:46:39.064, 219.31 W, 100 %
2025/12/06 22:46:39.165, 219.46 W, 100 %
2025/12/06 22:46:39.265, 219.48 W, 100 %
2025/12/06 22:46:39.365, 219.77 W, 100 %
2025/12/06 22:46:39.465, 219.48 W, 100 %
2025/12/06 22:46:39.565, 219.19 W, 100 %
2025/12/06 22:46:39.665, 218.60 W, 100 %
2025/12/06 22:46:39.765, 218.90 W, 100 %
2025/12/06 22:46:39.865, 218.54 W, 100 %
2025/12/06 22:46:39.965, 218.57 W, 100 %
2025/12/06 22:46:40.065, 218.59 W, 100 %
2025/12/06 22:46:40.166, 218.40 W, 100 %
2025/12/06 22:46:40.266, 218.36 W, 100 %
2025/12/06 22:46:40.366, 218.41 W, 100 %
2025/12/06 22:46:40.466, 218.12 W, 100 %
2025/12/06 22:46:40.566, 218.79 W, 100 %
2025/12/06 22:46:40.666, 219.03 W, 100 %
2025/12/06 22:46:40.766, 219.25 W, 100 %
2025/12/06 22:46:40.866, 219.32 W, 100 %
2025/12/06 22:46:40.966, 219.13 W, 100 %
2025/12/06 22:46:41.066, 219.54 W, 100 %
2025/12/06 22:46:41.167, 219.50 W, 100 %
2025/12/06 22:46:41.267, 219.45 W, 100 %
2025/12/06 22:46:41.367, 219.38 W, 100 %
2025/12/06 22:46:41.467, 219.13 W, 100 %
2025/12/06 22:46:41.567, 217.76 W, 99 %
2025/12/06 22:46:41.667, 218.01 W, 99 %
2025/12/06 22:46:41.767, 217.88 W, 100 %
2025/12/06 22:46:41.867, 217.43 W, 100 %
2025/12/06 22:46:41.967, 217.56 W, 100 %
2025/12/06 22:46:42.067, 217.10 W, 100 %
2025/12/06 22:46:42.168, 217.17 W, 100 %
2025/12/06 22:46:42.268, 217.15 W, 100 %
2025/12/06 22:46:42.368, 217.09 W, 100 %
2025/12/06 22:46:42.468, 216.93 W, 100 %
2025/12/06 22:46:42.568, 217.13 W, 100 %
2025/12/06 22:46:42.668, 218.71 W, 100 %
2025/12/06 22:46:42.768, 219.11 W, 100 %
2025/12/06 22:46:42.868, 219.13 W, 100 %
2025/12/06 22:46:42.968, 219.48 W, 100 %
2025/12/06 22:46:43.068, 219.43 W, 100 %
2025/12/06 22:46:43.169, 219.66 W, 100 %
2025/12/06 22:46:43.269, 219.80 W, 100 %
2025/12/06 22:46:43.369, 218.84 W, 100 %
2025/12/06 22:46:43.469, 220.04 W, 100 %
2025/12/06 22:46:43.569, 220.56 W, 99 %
2025/12/06 22:46:43.669, 220.75 W, 99 %
2025/12/06 22:46:43.769, 219.87 W, 100 %
2025/12/06 22:46:43.869, 219.92 W, 100 %
2025/12/06 22:46:43.969, 219.74 W, 100 %
2025/12/06 22:46:44.069, 219.78 W, 100 %
2025/12/06 22:46:44.170, 219.76 W, 100 %
2025/12/06 22:46:44.270, 219.71 W, 100 %
2025/12/06 22:46:44.370, 219.76 W, 100 %
2025/12/06 22:46:44.470, 220.57 W, 100 %
2025/12/06 22:46:44.570, 220.39 W, 100 %
2025/12/06 22:46:44.670, 219.68 W, 100 %
2025/12/06 22:46:44.770, 219.91 W, 100 %
2025/12/06 22:46:44.870, 219.58 W, 100 %
2025/12/06 22:46:44.970, 219.46 W, 100 %
2025/12/06 22:46:45.070, 219.51 W, 100 %
2025/12/06 22:46:45.171, 219.31 W, 100 %
2025/12/06 22:46:45.271, 219.45 W, 100 %
2025/12/06 22:46:45.371, 219.31 W, 100 %
2025/12/06 22:46:45.471, 220.18 W, 100 %
2025/12/06 22:46:45.571, 219.88 W, 100 %
2025/12/06 22:46:45.671, 219.71 W, 100 %
2025/12/06 22:46:45.771, 219.73 W, 100 %
2025/12/06 22:46:45.871, 219.26 W, 100 %
2025/12/06 22:46:45.971, 219.91 W, 100 %
2025/12/06 22:46:46.071, 219.99 W, 100 %
2025/12/06 22:46:46.172, 220.24 W, 100 %
2025/12/06 22:46:46.272, 220.02 W, 100 %
2025/12/06 22:46:46.372, 220.18 W, 100 %
2025/12/06 22:46:46.472, 220.41 W, 100 %
2025/12/06 22:46:46.572, 219.64 W, 100 %
2025/12/06 22:46:46.672, 219.68 W, 100 %
2025/12/06 22:46:46.772, 219.47 W, 100 %
2025/12/06 22:46:46.872, 220.35 W, 100 %
2025/12/06 22:46:46.972, 219.81 W, 100 %
2025/12/06 22:46:47.072, 219.81 W, 100 %
2025/12/06 22:46:47.173, 219.98 W, 100 %
2025/12/06 22:46:47.273, 219.59 W, 100 %
2025/12/06 22:46:47.373, 220.10 W, 99 %
2025/12/06 22:46:47.473, 220.27 W, 99 %
2025/12/06 22:46:47.573, 220.54 W, 100 %
2025/12/06 22:46:47.673, 219.89 W, 100 %
2025/12/06 22:46:47.773, 219.92 W, 100 %
2025/12/06 22:46:47.873, 220.12 W, 100 %
2025/12/06 22:46:47.973, 219.56 W, 100 %
2025/12/06 22:46:48.073, 219.90 W, 100 %
2025/12/06 22:46:48.174, 219.65 W, 100 %
2025/12/06 22:46:48.274, 219.55 W, 100 %
2025/12/06 22:46:48.374, 219.71 W, 100 %
2025/12/06 22:46:48.474, 218.97 W, 100 %
2025/12/06 22:46:48.574, 218.88 W, 100 %
2025/12/06 22:46:48.674, 219.30 W, 100 %
2025/12/06 22:46:48.774, 219.28 W, 100 %
2025/12/06 22:46:48.874, 219.32 W, 100 %
2025/12/06 22:46:48.974, 219.17 W, 100 %
2025/12/06 22:46:49.074, 218.99 W, 100 %
2025/12/06 22:46:49.175, 219.24 W, 100 %
2025/12/06 22:46:49.275, 220.37 W, 100 %
2025/12/06 22:46:49.375, 220.51 W, 100 %
2025/12/06 22:46:49.475, 220.52 W, 100 %
2025/12/06 22:46:49.575, 220.65 W, 100 %
2025/12/06 22:46:49.675, 220.26 W, 100 %
2025/12/06 22:46:49.775, 219.66 W, 100 %
2025/12/06 22:46:49.875, 219.78 W, 100 %
2025/12/06 22:46:49.975, 219.67 W, 100 %
2025/12/06 22:46:50.075, 219.62 W, 100 %
2025/12/06 22:46:50.176, 220.28 W, 100 %
2025/12/06 22:46:50.276, 220.22 W, 100 %
2025/12/06 22:46:50.376, 219.31 W, 100 %
2025/12/06 22:46:50.476, 218.93 W, 100 %
2025/12/06 22:46:50.576, 218.90 W, 100 %
2025/12/06 22:46:50.676, 218.82 W, 100 %
2025/12/06 22:46:50.776, 218.53 W, 100 %
2025/12/06 22:46:50.876, 218.93 W, 100 %
2025/12/06 22:46:50.976, 218.67 W, 100 %
2025/12/06 22:46:51.076, 219.24 W, 100 %
2025/12/06 22:46:51.177, 218.39 W, 99 %
2025/12/06 22:46:51.277, 218.58 W, 99 %
2025/12/06 22:46:51.377, 218.68 W, 100 %
2025/12/06 22:46:51.477, 218.47 W, 100 %
2025/12/06 22:46:51.577, 218.60 W, 100 %
2025/12/06 22:46:51.677, 218.41 W, 100 %
2025/12/06 22:46:51.777, 218.21 W, 100 %
2025/12/06 22:46:51.877, 218.26 W, 100 %
2025/12/06 22:46:51.977, 218.52 W, 100 %
2025/12/06 22:46:52.077, 218.41 W, 100 %
2025/12/06 22:46:52.178, 218.40 W, 100 %
2025/12/06 22:46:52.278, 219.05 W, 100 %
2025/12/06 22:46:52.378, 218.78 W, 100 %
2025/12/06 22:46:52.478, 219.22 W, 100 %
2025/12/06 22:46:52.578, 218.89 W, 100 %
2025/12/06 22:46:52.678, 219.25 W, 100 %
2025/12/06 22:46:52.778, 219.39 W, 100 %
2025/12/06 22:46:52.878, 219.24 W, 100 %
2025/12/06 22:46:52.978, 219.35 W, 100 %
2025/12/06 22:46:53.078, 218.03 W, 100 %
2025/12/06 22:46:53.179, 218.22 W, 99 %
2025/12/06 22:46:53.279, 218.27 W, 99 %
2025/12/06 22:46:53.379, 218.12 W, 100 %
2025/12/06 22:46:53.479, 217.88 W, 100 %
2025/12/06 22:46:53.579, 217.93 W, 100 %
2025/12/06 22:46:53.679, 218.37 W, 100 %
2025/12/06 22:46:53.779, 217.93 W, 100 %
2025/12/06 22:46:53.879, 217.72 W, 100 %
2025/12/06 22:46:53.979, 218.61 W, 100 %
2025/12/06 22:46:54.079, 220.23 W, 100 %
2025/12/06 22:46:54.180, 219.79 W, 100 %
2025/12/06 22:46:54.280, 219.64 W, 100 %
2025/12/06 22:46:54.380, 219.81 W, 100 %
2025/12/06 22:46:54.480, 219.48 W, 100 %
2025/12/06 22:46:54.580, 219.54 W, 100 %
2025/12/06 22:46:54.680, 219.03 W, 100 %
2025/12/06 22:46:54.780, 219.03 W, 100 %
2025/12/06 22:46:54.880, 218.68 W, 100 %
2025/12/06 22:46:54.980, 219.25 W, 100 %
2025/12/06 22:46:55.080, 219.68 W, 100 %
2025/12/06 22:46:55.181, 219.26 W, 100 %
2025/12/06 22:46:55.281, 219.62 W, 100 %
2025/12/06 22:46:55.381, 219.67 W, 100 %
2025/12/06 22:46:55.481, 220.10 W, 100 %
2025/12/06 22:46:55.581, 220.18 W, 100 %
2025/12/06 22:46:55.681, 219.86 W, 100 %
2025/12/06 22:46:55.781, 219.89 W, 100 %
2025/12/06 22:46:55.881, 219.68 W, 100 %
2025/12/06 22:46:55.981, 220.47 W, 100 %
2025/12/06 22:46:56.081, 219.50 W, 100 %
2025/12/06 22:46:56.182, 219.49 W, 100 %
2025/12/06 22:46:56.282, 219.48 W, 100 %
2025/12/06 22:46:56.382, 219.39 W, 100 %
2025/12/06 22:46:56.482, 219.35 W, 100 %
2025/12/06 22:46:56.582, 219.23 W, 100 %
2025/12/06 22:46:56.682, 219.42 W, 100 %
2025/12/06 22:46:56.782, 219.24 W, 100 %
2025/12/06 22:46:56.882, 219.11 W, 100 %
2025/12/06 22:46:56.982, 220.09 W, 99 %
2025/12/06 22:46:57.082, 219.73 W, 99 %
2025/12/06 22:46:57.183, 219.38 W, 100 %
2025/12/06 22:46:57.283, 219.66 W, 100 %
2025/12/06 22:46:57.383, 219.88 W, 100 %
2025/12/06 22:46:57.483, 219.99 W, 100 %
2025/12/06 22:46:57.583, 219.95 W, 100 %
2025/12/06 22:46:57.683, 219.43 W, 100 %
2025/12/06 22:46:57.783, 219.07 W, 100 %
2025/12/06 22:46:57.883, 219.47 W, 100 %
2025/12/06 22:46:57.983, 218.56 W, 100 %
2025/12/06 22:46:58.083, 218.24 W, 100 %
2025/12/06 22:46:58.184, 218.42 W, 100 %
2025/12/06 22:46:58.284, 219.05 W, 100 %
2025/12/06 22:46:58.384, 218.51 W, 100 %
2025/12/06 22:46:58.484, 218.78 W, 100 %
2025/12/06 22:46:58.584, 218.63 W, 100 %
2025/12/06 22:46:58.684, 218.85 W, 100 %
2025/12/06 22:46:58.784, 219.02 W, 100 %
2025/12/06 22:46:58.884, 219.57 W, 100 %
2025/12/06 22:46:58.984, 220.04 W, 100 %
2025/12/06 22:46:59.084, 219.73 W, 100 %
2025/12/06 22:46:59.185, 220.02 W, 100 %
2025/12/06 22:46:59.285, 219.96 W, 100 %
2025/12/06 22:46:59.385, 219.81 W, 100 %
2025/12/06 22:46:59.485, 219.94 W, 100 %
2025/12/06 22:46:59.585, 219.78 W, 100 %
2025/12/06 22:46:59.685, 220.12 W, 100 %
2025/12/06 22:46:59.785, 219.55 W, 100 %
2025/12/06 22:46:59.885, 219.60 W, 100 %
2025/12/06 22:46:59.985, 219.03 W, 100 %
2025/12/06 22:47:00.085, 218.78 W, 100 %
2025/12/06 22:47:00.186, 219.20 W, 100 %
2025/12/06 22:47:00.286, 219.03 W, 100 %
2025/12/06 22:47:00.386, 219.21 W, 100 %
2025/12/06 22:47:00.486, 219.16 W, 100 %
2025/12/06 22:47:00.586, 219.28 W, 100 %
2025/12/06 22:47:00.686, 219.24 W, 100 %
2025/12/06 22:47:00.786, 218.69 W, 99 %
2025/12/06 22:47:00.886, 218.94 W, 99 %
2025/12/06 22:47:00.986, 219.04 W, 100 %
2025/12/06 22:47:01.086, 219.19 W, 100 %
2025/12/06 22:47:01.187, 219.32 W, 100 %
2025/12/06 22:47:01.287, 219.36 W, 100 %
2025/12/06 22:47:01.387, 219.34 W, 100 %
2025/12/06 22:47:01.487, 219.75 W, 100 %
2025/12/06 22:47:01.587, 219.13 W, 100 %
2025/12/06 22:47:01.687, 219.15 W, 100 %
2025/12/06 22:47:01.787, 219.50 W, 100 %
2025/12/06 22:47:01.887, 219.78 W, 100 %
2025/12/06 22:47:01.987, 219.76 W, 100 %
2025/12/06 22:47:02.087, 219.66 W, 100 %
2025/12/06 22:47:02.188, 219.84 W, 100 %
2025/12/06 22:47:02.288, 219.73 W, 100 %
2025/12/06 22:47:02.388, 219.78 W, 100 %
2025/12/06 22:47:02.488, 219.76 W, 100 %
2025/12/06 22:47:02.588, 219.63 W, 100 %
2025/12/06 22:47:02.688, 217.81 W, 100 %
2025/12/06 22:47:02.788, 218.34 W, 100 %
2025/12/06 22:47:02.888, 218.46 W, 100 %
2025/12/06 22:47:02.988, 218.46 W, 100 %
2025/12/06 22:47:03.088, 218.63 W, 100 %
2025/12/06 22:47:03.189, 218.28 W, 100 %
2025/12/06 22:47:03.289, 218.28 W, 100 %
2025/12/06 22:47:03.389, 218.47 W, 100 %
2025/12/06 22:47:03.489, 218.12 W, 100 %
2025/12/06 22:47:03.589, 217.79 W, 100 %
2025/12/06 22:47:03.689, 217.63 W, 100 %
2025/12/06 22:47:03.789, 219.05 W, 100 %
2025/12/06 22:47:03.889, 219.50 W, 100 %
2025/12/06 22:47:03.989, 218.79 W, 100 %
2025/12/06 22:47:04.089, 219.20 W, 100 %
2025/12/06 22:47:04.190, 218.97 W, 100 %
2025/12/06 22:47:04.290, 219.29 W, 100 %
2025/12/06 22:47:04.390, 219.09 W, 100 %
2025/12/06 22:47:04.490, 219.11 W, 100 %
2025/12/06 22:47:04.590, 217.97 W, 100 %
2025/12/06 22:47:04.690, 218.91 W, 100 %
2025/12/06 22:47:04.790, 219.19 W, 100 %
2025/12/06 22:47:04.890, 218.38 W, 100 %
2025/12/06 22:47:04.990, 218.50 W, 100 %
2025/12/06 22:47:05.090, 218.57 W, 100 %
2025/12/06 22:47:05.191, 218.82 W, 100 %
2025/12/06 22:47:05.291, 218.77 W, 100 %
2025/12/06 22:47:05.391, 218.65 W, 100 %
2025/12/06 22:47:05.491, 218.62 W, 100 %
2025/12/06 22:47:05.591, 218.38 W, 100 %
2025/12/06 22:47:05.691, 219.75 W, 100 %
2025/12/06 22:47:05.791, 219.31 W, 100 %
2025/12/06 22:47:05.891, 219.09 W, 100 %
2025/12/06 22:47:05.991, 219.13 W, 100 %
2025/12/06 22:47:06.091, 219.09 W, 100 %
2025/12/06 22:47:06.192, 219.17 W, 100 %
2025/12/06 22:47:06.292, 219.33 W, 100 %
2025/12/06 22:47:06.392, 219.64 W, 100 %
2025/12/06 22:47:06.492, 219.99 W, 100 %
2025/12/06 22:47:06.592, 220.36 W, 99 %
2025/12/06 22:47:06.692, 220.37 W, 99 %
2025/12/06 22:47:06.792, 220.18 W, 100 %
2025/12/06 22:47:06.892, 220.42 W, 100 %
2025/12/06 22:47:06.992, 220.23 W, 100 %
2025/12/06 22:47:07.092, 220.74 W, 100 %
2025/12/06 22:47:07.193, 220.31 W, 100 %
2025/12/06 22:47:07.293, 220.29 W, 100 %
2025/12/06 22:47:07.394, 219.72 W, 100 %
2025/12/06 22:47:07.494, 219.77 W, 100 %
2025/12/06 22:47:07.594, 219.94 W, 100 %
2025/12/06 22:47:07.694, 219.73 W, 100 %
2025/12/06 22:47:07.794, 219.87 W, 100 %
2025/12/06 22:47:07.894, 219.80 W, 100 %
2025/12/06 22:47:07.994, 219.73 W, 100 %
2025/12/06 22:47:08.094, 219.69 W, 100 %
2025/12/06 22:47:08.195, 220.10 W, 100 %
2025/12/06 22:47:08.295, 220.06 W, 100 %
2025/12/06 22:47:08.395, 219.96 W, 100 %
2025/12/06 22:47:08.495, 220.65 W, 100 %
2025/12/06 22:47:08.595, 220.68 W, 100 %
2025/12/06 22:47:08.695, 220.31 W, 100 %
2025/12/06 22:47:08.795, 220.28 W, 100 %
2025/12/06 22:47:08.895, 220.25 W, 100 %
2025/12/06 22:47:08.995, 220.05 W, 100 %
2025/12/06 22:47:09.095, 219.96 W, 100 %
2025/12/06 22:47:09.196, 220.04 W, 100 %
2025/12/06 22:47:09.296, 219.81 W, 100 %
2025/12/06 22:47:09.396, 219.74 W, 100 %
2025/12/06 22:47:09.496, 219.74 W, 100 %
2025/12/06 22:47:09.596, 218.98 W, 100 %
2025/12/06 22:47:09.696, 219.22 W, 100 %
2025/12/06 22:47:09.796, 219.22 W, 100 %
2025/12/06 22:47:09.896, 219.40 W, 100 %
2025/12/06 22:47:09.996, 219.77 W, 100 %
2025/12/06 22:47:10.096, 219.67 W, 100 %
2025/12/06 22:47:10.197, 219.71 W, 100 %
2025/12/06 22:47:10.297, 219.91 W, 100 %
2025/12/06 22:47:10.397, 219.87 W, 99 %
2025/12/06 22:47:10.497, 220.38 W, 99 %
2025/12/06 22:47:10.597, 220.71 W, 100 %
2025/12/06 22:47:10.697, 220.52 W, 100 %
2025/12/06 22:47:10.797, 220.73 W, 100 %
2025/12/06 22:47:10.897, 220.55 W, 100 %
2025/12/06 22:47:10.997, 220.27 W, 100 %
2025/12/06 22:47:11.097, 220.11 W, 100 %
2025/12/06 22:47:11.198, 220.00 W, 100 %
2025/12/06 22:47:11.298, 219.97 W, 100 %
2025/12/06 22:47:11.398, 219.83 W, 100 %
2025/12/06 22:47:11.498, 219.63 W, 100 %
2025/12/06 22:47:11.598, 219.65 W, 100 %
2025/12/06 22:47:11.698, 219.31 W, 100 %
2025/12/06 22:47:11.798, 219.46 W, 100 %
2025/12/06 22:47:11.898, 219.11 W, 100 %
2025/12/06 22:47:11.998, 219.17 W, 100 %
2025/12/06 22:47:12.098, 218.83 W, 100 %
2025/12/06 22:47:12.199, 218.51 W, 100 %
2025/12/06 22:47:12.299, 219.52 W, 100 %
2025/12/06 22:47:12.399, 219.23 W, 100 %
2025/12/06 22:47:12.499, 219.52 W, 100 %
2025/12/06 22:47:12.599, 219.10 W, 100 %
2025/12/06 22:47:12.699, 219.37 W, 100 %
2025/12/06 22:47:12.799, 219.26 W, 100 %
2025/12/06 22:47:12.899, 219.39 W, 100 %
2025/12/06 22:47:12.999, 219.28 W, 100 %
2025/12/06 22:47:13.099, 219.38 W, 100 %
2025/12/06 22:47:13.200, 219.17 W, 100 %
2025/12/06 22:47:13.300, 219.34 W, 100 %
2025/12/06 22:47:13.400, 218.99 W, 100 %
2025/12/06 22:47:13.500, 219.11 W, 100 %
2025/12/06 22:47:13.600, 219.30 W, 100 %
2025/12/06 22:47:13.700, 218.93 W, 100 %
2025/12/06 22:47:13.800, 219.29 W, 100 %
2025/12/06 22:47:13.900, 219.13 W, 100 %
2025/12/06 22:47:14.000, 218.88 W, 100 %
2025/12/06 22:47:14.100, 218.53 W, 100 %
2025/12/06 22:47:14.201, 213.68 W, 93 %
2025/12/06 22:47:14.301, 202.79 W, 93 %
2025/12/06 22:47:14.401, 186.17 W, 0 %
