timestamp, power.draw [W], utilization.gpu [%]
2026/03/19 16:47:29.965, 97.79 W, 7 %
2026/03/19 16:47:30.067, 94.10 W, 7 %
2026/03/19 16:47:30.167, 94.10 W, 7 %
2026/03/19 16:47:30.267, 88.03 W, 0 %
2026/03/19 16:47:30.367, 83.90 W, 0 %
2026/03/19 16:47:30.468, 80.00 W, 0 %
2026/03/19 16:47:30.568, 76.05 W, 0 %
2026/03/19 16:47:30.668, 72.85 W, 7 %
2026/03/19 16:47:30.768, 69.44 W, 7 %
2026/03/19 16:47:30.868, 69.35 W, 0 %
2026/03/19 16:47:30.968, 69.26 W, 0 %
2026/03/19 16:47:31.068, 69.04 W, 0 %
2026/03/19 16:47:31.169, 69.00 W, 0 %
2026/03/19 16:47:31.269, 69.05 W, 0 %
2026/03/19 16:47:31.369, 69.02 W, 0 %
2026/03/19 16:47:31.469, 68.85 W, 0 %
2026/03/19 16:47:31.569, 68.78 W, 0 %
2026/03/19 16:47:31.669, 68.83 W, 0 %
2026/03/19 16:47:31.769, 68.97 W, 0 %
2026/03/19 16:47:31.870, 69.00 W, 28 %
2026/03/19 16:47:31.970, 68.93 W, 28 %
2026/03/19 16:47:32.070, 69.00 W, 1 %
2026/03/19 16:47:32.170, 69.08 W, 1 %
2026/03/19 16:47:32.270, 69.07 W, 0 %
2026/03/19 16:47:32.370, 68.94 W, 0 %
2026/03/19 16:47:32.470, 68.97 W, 0 %
2026/03/19 16:47:32.571, 69.07 W, 0 %
2026/03/19 16:47:32.671, 69.13 W, 0 %
2026/03/19 16:47:32.771, 68.94 W, 0 %
2026/03/19 16:47:32.871, 68.93 W, 2 %
2026/03/19 16:47:32.971, 72.63 W, 2 %
2026/03/19 16:47:33.071, 76.29 W, 99 %
2026/03/19 16:47:33.171, 80.07 W, 99 %
2026/03/19 16:47:33.272, 83.65 W, 99 %
2026/03/19 16:47:33.372, 87.80 W, 99 %
2026/03/19 16:47:33.472, 91.62 W, 99 %
2026/03/19 16:47:33.572, 95.37 W, 99 %
2026/03/19 16:47:33.672, 99.16 W, 99 %
2026/03/19 16:47:33.772, 102.37 W, 99 %
2026/03/19 16:47:33.873, 105.89 W, 99 %
2026/03/19 16:47:33.973, 106.86 W, 99 %
2026/03/19 16:47:34.073, 106.94 W, 99 %
2026/03/19 16:47:34.173, 106.85 W, 99 %
2026/03/19 16:47:34.273, 106.75 W, 99 %
2026/03/19 16:47:34.373, 107.01 W, 99 %
2026/03/19 16:47:34.473, 106.89 W, 99 %
2026/03/19 16:47:34.574, 106.79 W, 99 %
2026/03/19 16:47:34.674, 106.87 W, 99 %
2026/03/19 16:47:34.774, 106.97 W, 99 %
2026/03/19 16:47:34.874, 107.23 W, 99 %
2026/03/19 16:47:34.974, 106.96 W, 99 %
2026/03/19 16:47:35.074, 106.90 W, 99 %
2026/03/19 16:47:35.174, 107.09 W, 99 %
2026/03/19 16:47:35.275, 107.28 W, 99 %
2026/03/19 16:47:35.375, 107.25 W, 99 %
2026/03/19 16:47:35.475, 107.25 W, 99 %
2026/03/19 16:47:35.575, 107.26 W, 99 %
2026/03/19 16:47:35.675, 107.19 W, 99 %
2026/03/19 16:47:35.775, 107.23 W, 99 %
2026/03/19 16:47:35.875, 106.97 W, 99 %
2026/03/19 16:47:35.976, 107.19 W, 99 %
2026/03/19 16:47:36.076, 107.11 W, 99 %
2026/03/19 16:47:36.176, 107.13 W, 99 %
2026/03/19 16:47:36.276, 107.27 W, 99 %
2026/03/19 16:47:36.376, 106.95 W, 99 %
2026/03/19 16:47:36.476, 106.83 W, 99 %
2026/03/19 16:47:36.577, 107.22 W, 99 %
2026/03/19 16:47:36.677, 107.31 W, 99 %
2026/03/19 16:47:36.777, 106.97 W, 99 %
2026/03/19 16:47:36.877, 107.28 W, 99 %
2026/03/19 16:47:36.977, 107.41 W, 99 %
2026/03/19 16:47:37.077, 107.34 W, 99 %
2026/03/19 16:47:37.177, 107.05 W, 99 %
2026/03/19 16:47:37.278, 107.03 W, 99 %
2026/03/19 16:47:37.378, 107.13 W, 99 %
2026/03/19 16:47:37.478, 107.24 W, 99 %
2026/03/19 16:47:37.578, 107.02 W, 99 %
2026/03/19 16:47:37.678, 107.01 W, 99 %
2026/03/19 16:47:37.778, 107.04 W, 99 %
2026/03/19 16:47:37.878, 107.02 W, 99 %
2026/03/19 16:47:37.979, 107.11 W, 99 %
2026/03/19 16:47:38.079, 107.18 W, 99 %
2026/03/19 16:47:38.179, 107.28 W, 99 %
2026/03/19 16:47:38.279, 107.22 W, 99 %
2026/03/19 16:47:38.379, 107.22 W, 99 %
2026/03/19 16:47:38.479, 107.26 W, 99 %
2026/03/19 16:47:38.580, 107.28 W, 99 %
2026/03/19 16:47:38.680, 107.04 W, 99 %
2026/03/19 16:47:38.780, 107.20 W, 99 %
2026/03/19 16:47:38.880, 107.33 W, 99 %
2026/03/19 16:47:38.980, 107.19 W, 99 %
2026/03/19 16:47:39.080, 107.13 W, 99 %
2026/03/19 16:47:39.180, 107.16 W, 99 %
2026/03/19 16:47:39.281, 106.95 W, 99 %
2026/03/19 16:47:39.381, 105.77 W, 99 %
2026/03/19 16:47:39.481, 105.67 W, 99 %
2026/03/19 16:47:39.581, 105.88 W, 99 %
2026/03/19 16:47:39.681, 106.05 W, 99 %
2026/03/19 16:47:39.781, 105.74 W, 99 %
2026/03/19 16:47:39.881, 105.55 W, 99 %
2026/03/19 16:47:39.982, 105.66 W, 99 %
2026/03/19 16:47:40.082, 105.75 W, 99 %
2026/03/19 16:47:40.182, 105.68 W, 99 %
2026/03/19 16:47:40.282, 105.62 W, 99 %
2026/03/19 16:47:40.382, 106.74 W, 99 %
2026/03/19 16:47:40.482, 107.22 W, 99 %
2026/03/19 16:47:40.583, 107.06 W, 99 %
2026/03/19 16:47:40.683, 106.83 W, 99 %
2026/03/19 16:47:40.783, 107.03 W, 99 %
2026/03/19 16:47:40.883, 107.03 W, 99 %
2026/03/19 16:47:40.983, 107.11 W, 99 %
2026/03/19 16:47:41.083, 107.12 W, 99 %
2026/03/19 16:47:41.183, 106.99 W, 99 %
2026/03/19 16:47:41.284, 107.11 W, 99 %
2026/03/19 16:47:41.384, 107.17 W, 99 %
2026/03/19 16:47:41.484, 106.90 W, 99 %
2026/03/19 16:47:41.584, 106.73 W, 99 %
2026/03/19 16:47:41.684, 106.85 W, 99 %
2026/03/19 16:47:41.784, 107.14 W, 99 %
2026/03/19 16:47:41.885, 107.21 W, 99 %
2026/03/19 16:47:41.985, 107.07 W, 99 %
2026/03/19 16:47:42.085, 106.89 W, 99 %
2026/03/19 16:47:42.185, 107.17 W, 99 %
2026/03/19 16:47:42.285, 107.37 W, 99 %
2026/03/19 16:47:42.385, 107.15 W, 99 %
2026/03/19 16:47:42.485, 107.09 W, 99 %
2026/03/19 16:47:42.585, 107.29 W, 99 %
2026/03/19 16:47:42.686, 107.32 W, 99 %
2026/03/19 16:47:42.786, 107.17 W, 99 %
2026/03/19 16:47:42.886, 107.18 W, 99 %
2026/03/19 16:47:42.986, 106.89 W, 99 %
2026/03/19 16:47:43.086, 106.99 W, 99 %
2026/03/19 16:47:43.186, 107.08 W, 99 %
2026/03/19 16:47:43.287, 106.93 W, 99 %
2026/03/19 16:47:43.387, 106.73 W, 99 %
2026/03/19 16:47:43.487, 106.91 W, 99 %
2026/03/19 16:47:43.587, 106.96 W, 99 %
2026/03/19 16:47:43.687, 107.06 W, 99 %
2026/03/19 16:47:43.787, 106.94 W, 99 %
2026/03/19 16:47:43.887, 106.72 W, 99 %
2026/03/19 16:47:43.988, 106.90 W, 99 %
2026/03/19 16:47:44.088, 107.08 W, 99 %
2026/03/19 16:47:44.188, 107.02 W, 99 %
2026/03/19 16:47:44.288, 106.98 W, 99 %
2026/03/19 16:47:44.388, 107.28 W, 99 %
2026/03/19 16:47:44.488, 107.19 W, 99 %
2026/03/19 16:47:44.588, 107.23 W, 99 %
2026/03/19 16:47:44.689, 107.10 W, 99 %
2026/03/19 16:47:44.789, 106.97 W, 99 %
2026/03/19 16:47:44.889, 107.16 W, 99 %
2026/03/19 16:47:44.989, 107.30 W, 99 %
2026/03/19 16:47:45.089, 107.23 W, 99 %
2026/03/19 16:47:45.189, 106.96 W, 99 %
2026/03/19 16:47:45.289, 106.96 W, 99 %
2026/03/19 16:47:45.390, 107.12 W, 99 %
2026/03/19 16:47:45.490, 107.07 W, 99 %
2026/03/19 16:47:45.590, 107.01 W, 99 %
2026/03/19 16:47:45.690, 106.90 W, 99 %
2026/03/19 16:47:45.790, 106.55 W, 99 %
2026/03/19 16:47:45.890, 106.37 W, 75 %
2026/03/19 16:47:45.990, 106.16 W, 75 %
2026/03/19 16:47:46.091, 106.43 W, 99 %
2026/03/19 16:47:46.191, 106.58 W, 99 %
2026/03/19 16:47:46.291, 106.49 W, 99 %
2026/03/19 16:47:46.391, 106.55 W, 99 %
2026/03/19 16:47:46.491, 106.57 W, 99 %
2026/03/19 16:47:46.591, 106.46 W, 99 %
2026/03/19 16:47:46.692, 106.49 W, 99 %
2026/03/19 16:47:46.792, 107.35 W, 99 %
2026/03/19 16:47:46.892, 107.54 W, 99 %
2026/03/19 16:47:46.992, 107.64 W, 99 %
2026/03/19 16:47:47.092, 107.73 W, 99 %
2026/03/19 16:47:47.192, 107.51 W, 99 %
2026/03/19 16:47:47.292, 107.30 W, 99 %
2026/03/19 16:47:47.393, 107.31 W, 99 %
2026/03/19 16:47:47.493, 107.46 W, 99 %
2026/03/19 16:47:47.593, 107.32 W, 99 %
2026/03/19 16:47:47.693, 107.33 W, 99 %
2026/03/19 16:47:47.793, 107.43 W, 99 %
2026/03/19 16:47:47.893, 107.27 W, 99 %
2026/03/19 16:47:47.993, 107.36 W, 99 %
2026/03/19 16:47:48.094, 107.32 W, 99 %
2026/03/19 16:47:48.194, 107.22 W, 99 %
2026/03/19 16:47:48.294, 107.54 W, 99 %
2026/03/19 16:47:48.394, 107.56 W, 99 %
2026/03/19 16:47:48.494, 107.41 W, 99 %
2026/03/19 16:47:48.594, 107.29 W, 99 %
2026/03/19 16:47:48.695, 107.30 W, 99 %
2026/03/19 16:47:48.795, 107.34 W, 99 %
2026/03/19 16:47:48.895, 107.41 W, 99 %
2026/03/19 16:47:48.995, 107.14 W, 99 %
2026/03/19 16:47:49.095, 106.89 W, 99 %
2026/03/19 16:47:49.195, 107.11 W, 99 %
2026/03/19 16:47:49.295, 107.18 W, 99 %
2026/03/19 16:47:49.396, 107.10 W, 99 %
2026/03/19 16:47:49.496, 107.16 W, 99 %
2026/03/19 16:47:49.596, 107.27 W, 99 %
2026/03/19 16:47:49.696, 107.22 W, 99 %
2026/03/19 16:47:49.796, 107.17 W, 99 %
2026/03/19 16:47:49.896, 106.87 W, 99 %
2026/03/19 16:47:49.996, 107.22 W, 99 %
2026/03/19 16:47:50.097, 107.54 W, 99 %
2026/03/19 16:47:50.197, 107.27 W, 99 %
2026/03/19 16:47:50.297, 107.10 W, 99 %
2026/03/19 16:47:50.397, 107.36 W, 99 %
2026/03/19 16:47:50.497, 107.27 W, 99 %
2026/03/19 16:47:50.597, 107.17 W, 99 %
2026/03/19 16:47:50.698, 107.17 W, 99 %
2026/03/19 16:47:50.798, 107.14 W, 99 %
2026/03/19 16:47:50.898, 107.12 W, 99 %
2026/03/19 16:47:50.998, 107.11 W, 99 %
2026/03/19 16:47:51.098, 106.97 W, 99 %
2026/03/19 16:47:51.198, 106.76 W, 99 %
2026/03/19 16:47:51.298, 106.70 W, 99 %
2026/03/19 16:47:51.399, 106.73 W, 99 %
2026/03/19 16:47:51.499, 106.78 W, 99 %
2026/03/19 16:47:51.599, 106.97 W, 99 %
2026/03/19 16:47:51.699, 106.90 W, 99 %
2026/03/19 16:47:51.799, 106.80 W, 99 %
2026/03/19 16:47:51.899, 107.07 W, 99 %
2026/03/19 16:47:51.999, 107.11 W, 99 %
2026/03/19 16:47:52.100, 107.00 W, 99 %
2026/03/19 16:47:52.200, 106.30 W, 77 %
2026/03/19 16:47:52.300, 106.60 W, 77 %
2026/03/19 16:47:52.400, 106.29 W, 99 %
2026/03/19 16:47:52.500, 106.18 W, 99 %
2026/03/19 16:47:52.600, 106.22 W, 99 %
2026/03/19 16:47:52.701, 106.45 W, 99 %
2026/03/19 16:47:52.801, 106.37 W, 99 %
2026/03/19 16:47:52.901, 106.10 W, 99 %
2026/03/19 16:47:53.001, 106.06 W, 99 %
2026/03/19 16:47:53.101, 106.20 W, 99 %
2026/03/19 16:47:53.201, 107.19 W, 99 %
2026/03/19 16:47:53.301, 107.00 W, 99 %
2026/03/19 16:47:53.402, 107.12 W, 99 %
2026/03/19 16:47:53.502, 107.04 W, 99 %
2026/03/19 16:47:53.602, 107.20 W, 99 %
2026/03/19 16:47:53.702, 107.08 W, 99 %
2026/03/19 16:47:53.802, 106.84 W, 99 %
2026/03/19 16:47:53.902, 107.01 W, 99 %
2026/03/19 16:47:54.002, 107.10 W, 99 %
2026/03/19 16:47:54.103, 107.10 W, 99 %
2026/03/19 16:47:54.203, 107.08 W, 99 %
2026/03/19 16:47:54.303, 107.01 W, 99 %
2026/03/19 16:47:54.403, 106.73 W, 99 %
2026/03/19 16:47:54.503, 106.96 W, 99 %
2026/03/19 16:47:54.603, 106.63 W, 99 %
2026/03/19 16:47:54.703, 106.31 W, 99 %
2026/03/19 16:47:54.804, 106.65 W, 99 %
2026/03/19 16:47:54.904, 106.70 W, 99 %
2026/03/19 16:47:55.004, 106.54 W, 99 %
2026/03/19 16:47:55.104, 106.31 W, 99 %
2026/03/19 16:47:55.204, 106.50 W, 99 %
2026/03/19 16:47:55.304, 106.40 W, 99 %
2026/03/19 16:47:55.404, 106.63 W, 99 %
2026/03/19 16:47:55.505, 106.71 W, 99 %
2026/03/19 16:47:55.605, 106.74 W, 99 %
2026/03/19 16:47:55.705, 106.98 W, 99 %
2026/03/19 16:47:55.805, 107.04 W, 99 %
2026/03/19 16:47:55.905, 107.03 W, 99 %
2026/03/19 16:47:56.005, 107.14 W, 99 %
2026/03/19 16:47:56.106, 106.94 W, 99 %
2026/03/19 16:47:56.206, 106.92 W, 99 %
2026/03/19 16:47:56.306, 107.21 W, 99 %
2026/03/19 16:47:56.406, 107.25 W, 99 %
2026/03/19 16:47:56.506, 107.02 W, 99 %
2026/03/19 16:47:56.606, 107.03 W, 99 %
2026/03/19 16:47:56.706, 107.09 W, 99 %
2026/03/19 16:47:56.807, 106.89 W, 99 %
2026/03/19 16:47:56.907, 106.71 W, 99 %
2026/03/19 16:47:57.007, 106.69 W, 99 %
2026/03/19 16:47:57.107, 107.13 W, 99 %
2026/03/19 16:47:57.207, 107.12 W, 99 %
2026/03/19 16:47:57.307, 106.78 W, 99 %
2026/03/19 16:47:57.408, 106.59 W, 99 %
2026/03/19 16:47:57.508, 106.70 W, 99 %
2026/03/19 16:47:57.608, 106.85 W, 99 %
2026/03/19 16:47:57.708, 106.79 W, 99 %
2026/03/19 16:47:57.808, 106.77 W, 99 %
2026/03/19 16:47:57.908, 107.07 W, 99 %
2026/03/19 16:47:58.008, 107.24 W, 99 %
2026/03/19 16:47:58.109, 106.86 W, 99 %
2026/03/19 16:47:58.209, 106.47 W, 99 %
2026/03/19 16:47:58.309, 106.77 W, 99 %
2026/03/19 16:47:58.409, 107.06 W, 99 %
2026/03/19 16:47:58.509, 107.17 W, 99 %
2026/03/19 16:47:58.609, 105.79 W, 99 %
2026/03/19 16:47:58.709, 105.68 W, 99 %
2026/03/19 16:47:58.810, 105.99 W, 99 %
2026/03/19 16:47:58.910, 106.15 W, 99 %
2026/03/19 16:47:59.010, 106.09 W, 99 %
2026/03/19 16:47:59.110, 106.27 W, 99 %
2026/03/19 16:47:59.210, 106.32 W, 99 %
2026/03/19 16:47:59.310, 106.45 W, 99 %
2026/03/19 16:47:59.410, 106.46 W, 99 %
2026/03/19 16:47:59.511, 106.07 W, 99 %
2026/03/19 16:47:59.611, 107.44 W, 99 %
2026/03/19 16:47:59.711, 107.66 W, 99 %
2026/03/19 16:47:59.811, 107.43 W, 99 %
2026/03/19 16:47:59.911, 107.14 W, 99 %
2026/03/19 16:48:00.011, 107.21 W, 99 %
2026/03/19 16:48:00.112, 107.19 W, 99 %
2026/03/19 16:48:00.212, 107.48 W, 99 %
2026/03/19 16:48:00.312, 107.54 W, 99 %
2026/03/19 16:48:00.412, 107.24 W, 99 %
2026/03/19 16:48:00.512, 107.50 W, 99 %
2026/03/19 16:48:00.612, 107.52 W, 99 %
2026/03/19 16:48:00.712, 107.33 W, 99 %
2026/03/19 16:48:00.813, 107.47 W, 99 %
2026/03/19 16:48:00.913, 107.66 W, 99 %
2026/03/19 16:48:01.013, 107.53 W, 99 %
2026/03/19 16:48:01.113, 107.74 W, 99 %
2026/03/19 16:48:01.213, 107.48 W, 99 %
2026/03/19 16:48:01.313, 107.35 W, 99 %
2026/03/19 16:48:01.414, 107.60 W, 99 %
2026/03/19 16:48:01.514, 107.48 W, 99 %
2026/03/19 16:48:01.614, 107.52 W, 99 %
2026/03/19 16:48:01.714, 107.34 W, 99 %
2026/03/19 16:48:01.814, 107.20 W, 99 %
2026/03/19 16:48:01.914, 107.10 W, 99 %
2026/03/19 16:48:02.014, 107.35 W, 99 %
2026/03/19 16:48:02.115, 107.06 W, 99 %
2026/03/19 16:48:02.215, 106.98 W, 99 %
2026/03/19 16:48:02.315, 106.90 W, 99 %
2026/03/19 16:48:02.415, 106.96 W, 99 %
2026/03/19 16:48:02.515, 106.94 W, 99 %
2026/03/19 16:48:02.615, 106.86 W, 99 %
2026/03/19 16:48:02.715, 107.01 W, 99 %
2026/03/19 16:48:02.816, 107.45 W, 99 %
2026/03/19 16:48:02.916, 107.39 W, 99 %
2026/03/19 16:48:03.016, 107.05 W, 99 %
2026/03/19 16:48:03.116, 107.14 W, 99 %
2026/03/19 16:48:03.216, 107.47 W, 99 %
2026/03/19 16:48:03.316, 107.43 W, 99 %
2026/03/19 16:48:03.416, 107.25 W, 99 %
2026/03/19 16:48:03.517, 107.15 W, 99 %
2026/03/19 16:48:03.617, 107.22 W, 99 %
2026/03/19 16:48:03.717, 107.48 W, 99 %
2026/03/19 16:48:03.817, 107.30 W, 99 %
2026/03/19 16:48:03.917, 107.37 W, 99 %
2026/03/19 16:48:04.017, 107.50 W, 99 %
2026/03/19 16:48:04.117, 107.69 W, 99 %
2026/03/19 16:48:04.218, 107.83 W, 99 %
2026/03/19 16:48:04.318, 107.81 W, 99 %
2026/03/19 16:48:04.418, 107.78 W, 99 %
2026/03/19 16:48:04.518, 107.75 W, 99 %
2026/03/19 16:48:04.618, 107.73 W, 99 %
2026/03/19 16:48:04.718, 107.62 W, 99 %
2026/03/19 16:48:04.819, 107.39 W, 99 %
2026/03/19 16:48:04.919, 107.47 W, 99 %
2026/03/19 16:48:05.019, 107.41 W, 99 %
2026/03/19 16:48:05.119, 106.14 W, 99 %
2026/03/19 16:48:05.219, 105.91 W, 88 %
2026/03/19 16:48:05.319, 105.82 W, 88 %
2026/03/19 16:48:05.419, 105.86 W, 99 %
2026/03/19 16:48:05.520, 106.04 W, 99 %
2026/03/19 16:48:05.620, 106.03 W, 99 %
2026/03/19 16:48:05.720, 105.74 W, 99 %
2026/03/19 16:48:05.820, 105.92 W, 99 %
2026/03/19 16:48:05.920, 105.89 W, 99 %
2026/03/19 16:48:06.020, 106.02 W, 99 %
2026/03/19 16:48:06.120, 106.87 W, 99 %
2026/03/19 16:48:06.221, 106.93 W, 99 %
2026/03/19 16:48:06.321, 106.93 W, 99 %
2026/03/19 16:48:06.421, 106.89 W, 99 %
2026/03/19 16:48:06.521, 106.83 W, 99 %
2026/03/19 16:48:06.621, 106.84 W, 99 %
2026/03/19 16:48:06.721, 106.74 W, 99 %
2026/03/19 16:48:06.822, 106.85 W, 99 %
2026/03/19 16:48:06.922, 106.81 W, 99 %
2026/03/19 16:48:07.022, 106.78 W, 99 %
2026/03/19 16:48:07.122, 106.89 W, 99 %
2026/03/19 16:48:07.222, 106.98 W, 99 %
2026/03/19 16:48:07.322, 107.04 W, 99 %
2026/03/19 16:48:07.422, 107.09 W, 99 %
2026/03/19 16:48:07.523, 106.81 W, 99 %
2026/03/19 16:48:07.623, 106.86 W, 99 %
2026/03/19 16:48:07.723, 107.16 W, 99 %
2026/03/19 16:48:07.823, 106.93 W, 99 %
2026/03/19 16:48:07.923, 106.75 W, 99 %
2026/03/19 16:48:08.023, 106.79 W, 99 %
2026/03/19 16:48:08.124, 106.89 W, 99 %
2026/03/19 16:48:08.224, 106.83 W, 99 %
2026/03/19 16:48:08.324, 106.78 W, 99 %
2026/03/19 16:48:08.424, 106.69 W, 99 %
2026/03/19 16:48:08.524, 106.97 W, 99 %
2026/03/19 16:48:08.624, 106.83 W, 99 %
2026/03/19 16:48:08.724, 106.55 W, 99 %
2026/03/19 16:48:08.825, 106.73 W, 99 %
2026/03/19 16:48:08.925, 106.91 W, 99 %
2026/03/19 16:48:09.025, 106.82 W, 99 %
2026/03/19 16:48:09.125, 106.67 W, 99 %
2026/03/19 16:48:09.225, 106.59 W, 99 %
2026/03/19 16:48:09.325, 106.64 W, 99 %
2026/03/19 16:48:09.425, 106.97 W, 99 %
2026/03/19 16:48:09.526, 106.75 W, 99 %
2026/03/19 16:48:09.626, 106.53 W, 99 %
2026/03/19 16:48:09.726, 106.66 W, 99 %
2026/03/19 16:48:09.826, 106.65 W, 99 %
2026/03/19 16:48:09.926, 106.60 W, 99 %
2026/03/19 16:48:10.026, 106.80 W, 99 %
2026/03/19 16:48:10.126, 106.68 W, 99 %
2026/03/19 16:48:10.227, 106.68 W, 99 %
2026/03/19 16:48:10.327, 106.76 W, 99 %
2026/03/19 16:48:10.427, 106.42 W, 99 %
2026/03/19 16:48:10.527, 106.62 W, 99 %
2026/03/19 16:48:10.627, 106.66 W, 99 %
2026/03/19 16:48:10.727, 106.89 W, 99 %
2026/03/19 16:48:10.828, 107.01 W, 99 %
2026/03/19 16:48:10.928, 106.92 W, 99 %
2026/03/19 16:48:11.028, 106.89 W, 99 %
2026/03/19 16:48:11.128, 106.94 W, 99 %
2026/03/19 16:48:11.228, 106.89 W, 99 %
2026/03/19 16:48:11.328, 106.87 W, 99 %
2026/03/19 16:48:11.428, 106.82 W, 99 %
2026/03/19 16:48:11.529, 106.76 W, 99 %
2026/03/19 16:48:11.629, 105.98 W, 90 %
2026/03/19 16:48:11.729, 105.94 W, 90 %
2026/03/19 16:48:11.829, 105.85 W, 99 %
2026/03/19 16:48:11.929, 105.87 W, 99 %
2026/03/19 16:48:12.029, 105.93 W, 99 %
2026/03/19 16:48:12.130, 105.97 W, 99 %
2026/03/19 16:48:12.230, 106.00 W, 99 %
2026/03/19 16:48:12.330, 105.99 W, 99 %
2026/03/19 16:48:12.430, 106.30 W, 99 %
2026/03/19 16:48:12.530, 106.45 W, 99 %
2026/03/19 16:48:12.630, 107.42 W, 99 %
2026/03/19 16:48:12.730, 107.30 W, 99 %
2026/03/19 16:48:12.831, 107.08 W, 99 %
2026/03/19 16:48:12.931, 107.37 W, 99 %
2026/03/19 16:48:13.031, 107.41 W, 99 %
2026/03/19 16:48:13.131, 107.11 W, 99 %
2026/03/19 16:48:13.231, 107.27 W, 99 %
2026/03/19 16:48:13.331, 107.16 W, 99 %
2026/03/19 16:48:13.431, 107.13 W, 99 %
2026/03/19 16:48:13.532, 107.01 W, 99 %
2026/03/19 16:48:13.632, 106.68 W, 99 %
2026/03/19 16:48:13.732, 106.61 W, 99 %
2026/03/19 16:48:13.832, 106.85 W, 99 %
2026/03/19 16:48:13.932, 106.92 W, 99 %
2026/03/19 16:48:14.032, 106.68 W, 99 %
2026/03/19 16:48:14.132, 106.89 W, 99 %
2026/03/19 16:48:14.233, 107.14 W, 99 %
2026/03/19 16:48:14.333, 106.97 W, 99 %
2026/03/19 16:48:14.433, 106.79 W, 99 %
2026/03/19 16:48:14.533, 106.83 W, 99 %
2026/03/19 16:48:14.633, 106.93 W, 99 %
2026/03/19 16:48:14.733, 107.33 W, 99 %
2026/03/19 16:48:14.833, 107.28 W, 99 %
2026/03/19 16:48:14.934, 106.91 W, 99 %
2026/03/19 16:48:15.034, 107.00 W, 99 %
2026/03/19 16:48:15.134, 107.33 W, 99 %
2026/03/19 16:48:15.234, 107.03 W, 99 %
2026/03/19 16:48:15.334, 107.22 W, 99 %
2026/03/19 16:48:15.434, 107.44 W, 99 %
2026/03/19 16:48:15.535, 107.44 W, 99 %
2026/03/19 16:48:15.635, 107.51 W, 99 %
2026/03/19 16:48:15.735, 107.32 W, 99 %
2026/03/19 16:48:15.835, 107.36 W, 99 %
2026/03/19 16:48:15.935, 107.74 W, 99 %
2026/03/19 16:48:16.035, 107.50 W, 99 %
2026/03/19 16:48:16.135, 107.21 W, 99 %
2026/03/19 16:48:16.236, 107.46 W, 99 %
2026/03/19 16:48:16.336, 107.39 W, 99 %
2026/03/19 16:48:16.436, 107.25 W, 99 %
2026/03/19 16:48:16.536, 107.29 W, 99 %
2026/03/19 16:48:16.636, 107.18 W, 99 %
2026/03/19 16:48:16.736, 107.00 W, 99 %
2026/03/19 16:48:16.836, 107.21 W, 99 %
2026/03/19 16:48:16.937, 106.91 W, 99 %
2026/03/19 16:48:17.037, 107.00 W, 99 %
2026/03/19 16:48:17.137, 107.15 W, 99 %
2026/03/19 16:48:17.237, 107.17 W, 99 %
2026/03/19 16:48:17.337, 107.28 W, 99 %
2026/03/19 16:48:17.437, 107.29 W, 99 %
2026/03/19 16:48:17.538, 107.23 W, 99 %
2026/03/19 16:48:17.638, 107.24 W, 99 %
2026/03/19 16:48:17.738, 107.31 W, 99 %
2026/03/19 16:48:17.838, 107.10 W, 99 %
2026/03/19 16:48:17.938, 107.10 W, 99 %
2026/03/19 16:48:18.038, 106.61 W, 99 %
2026/03/19 16:48:18.138, 106.32 W, 99 %
2026/03/19 16:48:18.239, 106.28 W, 99 %
2026/03/19 16:48:18.339, 106.00 W, 99 %
2026/03/19 16:48:18.439, 105.95 W, 99 %
2026/03/19 16:48:18.552, 106.10 W, 99 %
2026/03/19 16:48:18.652, 106.19 W, 99 %
2026/03/19 16:48:18.752, 106.09 W, 99 %
2026/03/19 16:48:18.852, 105.99 W, 99 %
2026/03/19 16:48:18.952, 105.97 W, 99 %
2026/03/19 16:48:19.052, 106.69 W, 99 %
2026/03/19 16:48:19.152, 106.99 W, 99 %
2026/03/19 16:48:19.253, 106.80 W, 99 %
2026/03/19 16:48:19.353, 107.02 W, 99 %
2026/03/19 16:48:19.453, 107.07 W, 99 %
2026/03/19 16:48:19.553, 106.95 W, 99 %
2026/03/19 16:48:19.653, 106.99 W, 99 %
2026/03/19 16:48:19.753, 106.95 W, 99 %
2026/03/19 16:48:19.853, 107.34 W, 99 %
2026/03/19 16:48:19.954, 107.44 W, 99 %
2026/03/19 16:48:20.054, 107.25 W, 99 %
2026/03/19 16:48:20.154, 107.21 W, 99 %
2026/03/19 16:48:20.254, 107.32 W, 99 %
2026/03/19 16:48:20.354, 107.27 W, 99 %
2026/03/19 16:48:20.454, 107.59 W, 99 %
2026/03/19 16:48:20.554, 107.50 W, 99 %
2026/03/19 16:48:20.655, 107.39 W, 99 %
2026/03/19 16:48:20.755, 107.66 W, 99 %
2026/03/19 16:48:20.855, 107.47 W, 99 %
2026/03/19 16:48:20.955, 107.34 W, 99 %
2026/03/19 16:48:21.055, 107.54 W, 99 %
2026/03/19 16:48:21.155, 107.61 W, 99 %
2026/03/19 16:48:21.256, 107.72 W, 99 %
2026/03/19 16:48:21.356, 107.87 W, 99 %
2026/03/19 16:48:21.456, 107.52 W, 99 %
2026/03/19 16:48:21.556, 107.62 W, 99 %
2026/03/19 16:48:21.656, 107.55 W, 99 %
2026/03/19 16:48:21.756, 107.37 W, 99 %
2026/03/19 16:48:21.856, 107.47 W, 99 %
2026/03/19 16:48:21.957, 107.55 W, 99 %
2026/03/19 16:48:22.057, 107.39 W, 99 %
2026/03/19 16:48:22.157, 107.12 W, 99 %
2026/03/19 16:48:22.257, 107.03 W, 99 %
2026/03/19 16:48:22.357, 106.89 W, 99 %
2026/03/19 16:48:22.457, 106.81 W, 99 %
2026/03/19 16:48:22.557, 106.78 W, 99 %
2026/03/19 16:48:22.658, 106.99 W, 99 %
2026/03/19 16:48:22.758, 106.95 W, 99 %
2026/03/19 16:48:22.858, 106.67 W, 99 %
2026/03/19 16:48:22.958, 106.61 W, 99 %
2026/03/19 16:48:23.058, 106.61 W, 99 %
2026/03/19 16:48:23.158, 106.87 W, 99 %
2026/03/19 16:48:23.258, 106.71 W, 99 %
2026/03/19 16:48:23.359, 106.71 W, 99 %
2026/03/19 16:48:23.459, 107.05 W, 99 %
2026/03/19 16:48:23.559, 107.05 W, 99 %
2026/03/19 16:48:23.659, 106.97 W, 99 %
2026/03/19 16:48:23.759, 107.04 W, 99 %
2026/03/19 16:48:23.859, 107.10 W, 99 %
2026/03/19 16:48:23.959, 107.09 W, 99 %
2026/03/19 16:48:24.060, 107.20 W, 99 %
2026/03/19 16:48:24.160, 107.31 W, 99 %
2026/03/19 16:48:24.260, 107.35 W, 99 %
2026/03/19 16:48:24.360, 107.52 W, 99 %
2026/03/19 16:48:24.460, 107.37 W, 99 %
2026/03/19 16:48:24.560, 106.28 W, 99 %
2026/03/19 16:48:24.661, 106.21 W, 77 %
2026/03/19 16:48:24.761, 106.38 W, 77 %
2026/03/19 16:48:24.861, 106.43 W, 99 %
2026/03/19 16:48:24.961, 106.43 W, 99 %
2026/03/19 16:48:25.061, 106.30 W, 99 %
2026/03/19 16:48:25.161, 106.01 W, 99 %
2026/03/19 16:48:25.261, 106.07 W, 99 %
2026/03/19 16:48:25.362, 105.94 W, 99 %
2026/03/19 16:48:25.462, 105.73 W, 99 %
2026/03/19 16:48:25.562, 106.64 W, 99 %
2026/03/19 16:48:25.662, 106.85 W, 99 %
2026/03/19 16:48:25.762, 106.81 W, 99 %
2026/03/19 16:48:25.862, 106.67 W, 99 %
2026/03/19 16:48:25.962, 106.77 W, 99 %
2026/03/19 16:48:26.063, 106.99 W, 99 %
2026/03/19 16:48:26.163, 107.24 W, 99 %
2026/03/19 16:48:26.263, 107.22 W, 99 %
2026/03/19 16:48:26.363, 107.12 W, 99 %
2026/03/19 16:48:26.463, 107.37 W, 99 %
2026/03/19 16:48:26.563, 107.56 W, 99 %
2026/03/19 16:48:26.663, 107.26 W, 99 %
2026/03/19 16:48:26.764, 107.27 W, 99 %
2026/03/19 16:48:26.864, 107.47 W, 99 %
2026/03/19 16:48:26.964, 107.22 W, 99 %
2026/03/19 16:48:27.064, 107.03 W, 99 %
2026/03/19 16:48:27.164, 106.92 W, 99 %
2026/03/19 16:48:27.264, 107.08 W, 99 %
2026/03/19 16:48:27.365, 107.28 W, 99 %
2026/03/19 16:48:27.465, 107.13 W, 99 %
2026/03/19 16:48:27.565, 106.85 W, 99 %
2026/03/19 16:48:27.665, 107.11 W, 99 %
2026/03/19 16:48:27.765, 107.04 W, 99 %
2026/03/19 16:48:27.865, 107.07 W, 99 %
2026/03/19 16:48:27.965, 107.29 W, 99 %
2026/03/19 16:48:28.066, 107.46 W, 99 %
2026/03/19 16:48:28.166, 107.17 W, 99 %
2026/03/19 16:48:28.266, 106.93 W, 99 %
2026/03/19 16:48:28.366, 107.08 W, 99 %
2026/03/19 16:48:28.466, 107.07 W, 99 %
2026/03/19 16:48:28.566, 107.13 W, 99 %
2026/03/19 16:48:28.666, 107.23 W, 99 %
2026/03/19 16:48:28.767, 107.19 W, 99 %
2026/03/19 16:48:28.867, 107.15 W, 99 %
2026/03/19 16:48:28.967, 107.21 W, 99 %
2026/03/19 16:48:29.067, 107.08 W, 99 %
2026/03/19 16:48:29.167, 107.25 W, 99 %
2026/03/19 16:48:29.267, 107.50 W, 99 %
2026/03/19 16:48:29.368, 107.10 W, 99 %
2026/03/19 16:48:29.468, 106.99 W, 99 %
2026/03/19 16:48:29.568, 107.15 W, 99 %
2026/03/19 16:48:29.668, 106.97 W, 99 %
2026/03/19 16:48:29.768, 106.78 W, 99 %
2026/03/19 16:48:29.868, 106.63 W, 99 %
2026/03/19 16:48:29.968, 106.44 W, 99 %
2026/03/19 16:48:30.069, 106.66 W, 99 %
2026/03/19 16:48:30.169, 106.73 W, 99 %
2026/03/19 16:48:30.269, 106.76 W, 99 %
2026/03/19 16:48:30.369, 106.73 W, 99 %
2026/03/19 16:48:30.469, 106.71 W, 99 %
2026/03/19 16:48:30.569, 106.77 W, 99 %
2026/03/19 16:48:30.669, 106.88 W, 99 %
2026/03/19 16:48:30.770, 107.27 W, 99 %
2026/03/19 16:48:30.870, 107.25 W, 99 %
2026/03/19 16:48:30.970, 107.43 W, 99 %
2026/03/19 16:48:31.070, 106.17 W, 99 %
2026/03/19 16:48:31.170, 106.03 W, 99 %
2026/03/19 16:48:31.270, 106.14 W, 99 %
2026/03/19 16:48:31.371, 106.37 W, 99 %
2026/03/19 16:48:31.471, 106.57 W, 99 %
2026/03/19 16:48:31.571, 106.28 W, 99 %
2026/03/19 16:48:31.671, 106.11 W, 99 %
2026/03/19 16:48:31.771, 106.29 W, 99 %
2026/03/19 16:48:31.871, 106.49 W, 99 %
2026/03/19 16:48:31.971, 106.39 W, 99 %
2026/03/19 16:48:32.072, 107.45 W, 99 %
2026/03/19 16:48:32.172, 107.39 W, 99 %
2026/03/19 16:48:32.272, 107.38 W, 99 %
2026/03/19 16:48:32.372, 107.28 W, 99 %
2026/03/19 16:48:32.472, 107.32 W, 99 %
2026/03/19 16:48:32.572, 107.36 W, 99 %
2026/03/19 16:48:32.672, 107.54 W, 99 %
2026/03/19 16:48:32.773, 107.35 W, 99 %
2026/03/19 16:48:32.873, 107.14 W, 99 %
2026/03/19 16:48:32.973, 107.25 W, 99 %
2026/03/19 16:48:33.073, 107.25 W, 99 %
2026/03/19 16:48:33.173, 107.40 W, 99 %
2026/03/19 16:48:33.273, 107.29 W, 99 %
2026/03/19 16:48:33.374, 107.18 W, 99 %
2026/03/19 16:48:33.474, 107.20 W, 99 %
2026/03/19 16:48:33.574, 107.26 W, 99 %
2026/03/19 16:48:33.674, 107.23 W, 99 %
2026/03/19 16:48:33.774, 106.85 W, 99 %
2026/03/19 16:48:33.874, 106.97 W, 99 %
2026/03/19 16:48:33.974, 107.18 W, 99 %
2026/03/19 16:48:34.075, 107.00 W, 99 %
2026/03/19 16:48:34.175, 107.12 W, 99 %
2026/03/19 16:48:34.275, 106.98 W, 99 %
2026/03/19 16:48:34.375, 107.03 W, 99 %
2026/03/19 16:48:34.475, 106.95 W, 99 %
2026/03/19 16:48:34.575, 107.04 W, 99 %
2026/03/19 16:48:34.675, 106.84 W, 99 %
2026/03/19 16:48:34.776, 107.10 W, 99 %
2026/03/19 16:48:34.876, 107.03 W, 99 %
2026/03/19 16:48:34.976, 106.79 W, 99 %
2026/03/19 16:48:35.076, 106.74 W, 99 %
2026/03/19 16:48:35.176, 106.49 W, 99 %
2026/03/19 16:48:35.276, 106.81 W, 99 %
2026/03/19 16:48:35.376, 106.89 W, 99 %
2026/03/19 16:48:35.477, 106.85 W, 99 %
2026/03/19 16:48:35.577, 106.76 W, 99 %
2026/03/19 16:48:35.677, 106.76 W, 99 %
2026/03/19 16:48:35.777, 106.82 W, 99 %
2026/03/19 16:48:35.877, 106.76 W, 99 %
2026/03/19 16:48:35.977, 106.74 W, 99 %
2026/03/19 16:48:36.077, 106.94 W, 99 %
2026/03/19 16:48:36.178, 107.23 W, 99 %
2026/03/19 16:48:36.278, 107.14 W, 99 %
2026/03/19 16:48:36.378, 106.99 W, 99 %
2026/03/19 16:48:36.478, 106.79 W, 99 %
2026/03/19 16:48:36.578, 106.92 W, 99 %
2026/03/19 16:48:36.678, 106.96 W, 99 %
2026/03/19 16:48:36.778, 107.11 W, 99 %
2026/03/19 16:48:36.879, 107.01 W, 99 %
2026/03/19 16:48:36.979, 107.28 W, 99 %
2026/03/19 16:48:37.079, 107.11 W, 99 %
2026/03/19 16:48:37.179, 106.88 W, 99 %
2026/03/19 16:48:37.279, 106.91 W, 99 %
2026/03/19 16:48:37.379, 106.90 W, 99 %
2026/03/19 16:48:37.480, 107.25 W, 99 %
2026/03/19 16:48:37.580, 106.32 W, 99 %
2026/03/19 16:48:37.680, 106.53 W, 82 %
2026/03/19 16:48:37.780, 106.32 W, 82 %
2026/03/19 16:48:37.880, 106.61 W, 99 %
2026/03/19 16:48:37.980, 106.51 W, 99 %
2026/03/19 16:48:38.080, 106.33 W, 99 %
2026/03/19 16:48:38.181, 106.55 W, 99 %
2026/03/19 16:48:38.281, 106.60 W, 99 %
2026/03/19 16:48:38.381, 106.53 W, 99 %
2026/03/19 16:48:38.481, 106.46 W, 99 %
2026/03/19 16:48:38.581, 107.37 W, 99 %
2026/03/19 16:48:38.681, 107.20 W, 99 %
2026/03/19 16:48:38.781, 107.25 W, 99 %
2026/03/19 16:48:38.882, 107.07 W, 99 %
2026/03/19 16:48:38.982, 107.19 W, 99 %
2026/03/19 16:48:39.082, 107.49 W, 99 %
2026/03/19 16:48:39.182, 107.52 W, 99 %
2026/03/19 16:48:39.282, 107.28 W, 99 %
2026/03/19 16:48:39.382, 107.35 W, 99 %
2026/03/19 16:48:39.482, 107.18 W, 99 %
2026/03/19 16:48:39.583, 107.27 W, 99 %
2026/03/19 16:48:39.683, 107.12 W, 99 %
2026/03/19 16:48:39.783, 107.09 W, 99 %
2026/03/19 16:48:39.883, 107.02 W, 99 %
2026/03/19 16:48:39.983, 106.88 W, 99 %
2026/03/19 16:48:40.083, 106.89 W, 99 %
2026/03/19 16:48:40.184, 106.78 W, 99 %
2026/03/19 16:48:40.284, 106.85 W, 99 %
2026/03/19 16:48:40.384, 106.75 W, 99 %
2026/03/19 16:48:40.484, 106.85 W, 99 %
2026/03/19 16:48:40.584, 106.83 W, 99 %
2026/03/19 16:48:40.684, 106.93 W, 99 %
2026/03/19 16:48:40.784, 106.86 W, 99 %
2026/03/19 16:48:40.885, 106.87 W, 99 %
2026/03/19 16:48:40.985, 106.78 W, 99 %
2026/03/19 16:48:41.085, 106.58 W, 99 %
2026/03/19 16:48:41.185, 106.65 W, 99 %
2026/03/19 16:48:41.285, 106.72 W, 99 %
2026/03/19 16:48:41.385, 106.70 W, 99 %
2026/03/19 16:48:41.485, 106.85 W, 99 %
2026/03/19 16:48:41.586, 106.66 W, 99 %
2026/03/19 16:48:41.686, 106.57 W, 99 %
2026/03/19 16:48:41.786, 106.65 W, 99 %
2026/03/19 16:48:41.886, 106.72 W, 99 %
2026/03/19 16:48:41.986, 106.99 W, 99 %
2026/03/19 16:48:42.086, 106.74 W, 99 %
2026/03/19 16:48:42.187, 106.75 W, 99 %
2026/03/19 16:48:42.287, 106.70 W, 99 %
2026/03/19 16:48:42.387, 106.97 W, 99 %
2026/03/19 16:48:42.487, 106.77 W, 99 %
2026/03/19 16:48:42.587, 106.62 W, 99 %
2026/03/19 16:48:42.687, 106.82 W, 99 %
2026/03/19 16:48:42.787, 107.06 W, 99 %
2026/03/19 16:48:42.888, 107.06 W, 99 %
2026/03/19 16:48:42.988, 106.89 W, 99 %
2026/03/19 16:48:43.088, 107.11 W, 99 %
2026/03/19 16:48:43.188, 106.89 W, 99 %
2026/03/19 16:48:43.288, 107.09 W, 99 %
2026/03/19 16:48:43.388, 106.89 W, 99 %
2026/03/19 16:48:43.488, 106.83 W, 99 %
2026/03/19 16:48:43.589, 107.11 W, 99 %
2026/03/19 16:48:43.689, 106.98 W, 99 %
2026/03/19 16:48:43.789, 107.03 W, 99 %
2026/03/19 16:48:43.889, 106.85 W, 99 %
2026/03/19 16:48:43.989, 107.12 W, 99 %
2026/03/19 16:48:44.089, 105.97 W, 93 %
2026/03/19 16:48:44.189, 105.95 W, 93 %
2026/03/19 16:48:44.290, 105.62 W, 99 %
2026/03/19 16:48:44.390, 105.47 W, 99 %
2026/03/19 16:48:44.490, 105.72 W, 99 %
2026/03/19 16:48:44.590, 105.74 W, 99 %
2026/03/19 16:48:44.690, 105.61 W, 99 %
2026/03/19 16:48:44.790, 105.43 W, 99 %
2026/03/19 16:48:44.891, 105.56 W, 99 %
2026/03/19 16:48:44.991, 105.49 W, 99 %
2026/03/19 16:48:45.091, 106.75 W, 99 %
2026/03/19 16:48:45.191, 106.84 W, 99 %
2026/03/19 16:48:45.291, 107.09 W, 99 %
2026/03/19 16:48:45.391, 107.28 W, 99 %
2026/03/19 16:48:45.491, 107.17 W, 99 %
2026/03/19 16:48:45.592, 107.24 W, 99 %
2026/03/19 16:48:45.692, 107.29 W, 99 %
2026/03/19 16:48:45.792, 107.32 W, 99 %
2026/03/19 16:48:45.892, 107.29 W, 99 %
2026/03/19 16:48:45.992, 107.47 W, 99 %
2026/03/19 16:48:46.092, 107.29 W, 99 %
2026/03/19 16:48:46.192, 107.41 W, 99 %
2026/03/19 16:48:46.293, 107.47 W, 99 %
2026/03/19 16:48:46.393, 107.62 W, 99 %
2026/03/19 16:48:46.493, 107.45 W, 99 %
2026/03/19 16:48:46.593, 107.16 W, 99 %
2026/03/19 16:48:46.693, 107.27 W, 99 %
2026/03/19 16:48:46.793, 107.48 W, 99 %
2026/03/19 16:48:46.894, 107.49 W, 99 %
2026/03/19 16:48:46.994, 107.15 W, 99 %
2026/03/19 16:48:47.094, 107.18 W, 99 %
2026/03/19 16:48:47.194, 107.28 W, 99 %
2026/03/19 16:48:47.294, 107.29 W, 99 %
2026/03/19 16:48:47.394, 107.23 W, 99 %
2026/03/19 16:48:47.494, 107.41 W, 99 %
2026/03/19 16:48:47.595, 107.44 W, 99 %
2026/03/19 16:48:47.695, 107.38 W, 99 %
2026/03/19 16:48:47.795, 107.17 W, 99 %
2026/03/19 16:48:47.895, 107.30 W, 99 %
2026/03/19 16:48:47.995, 107.36 W, 99 %
2026/03/19 16:48:48.095, 107.42 W, 99 %
2026/03/19 16:48:48.195, 107.16 W, 99 %
2026/03/19 16:48:48.296, 106.99 W, 99 %
2026/03/19 16:48:48.396, 107.01 W, 99 %
2026/03/19 16:48:48.496, 107.11 W, 99 %
2026/03/19 16:48:48.596, 107.15 W, 99 %
2026/03/19 16:48:48.696, 106.97 W, 99 %
2026/03/19 16:48:48.796, 106.96 W, 99 %
2026/03/19 16:48:48.896, 106.78 W, 99 %
2026/03/19 16:48:48.997, 106.92 W, 99 %
2026/03/19 16:48:49.097, 106.65 W, 99 %
2026/03/19 16:48:49.197, 106.89 W, 99 %
2026/03/19 16:48:49.297, 107.07 W, 99 %
2026/03/19 16:48:49.397, 106.79 W, 99 %
2026/03/19 16:48:49.497, 106.70 W, 99 %
2026/03/19 16:48:49.598, 106.50 W, 99 %
2026/03/19 16:48:49.698, 106.72 W, 99 %
2026/03/19 16:48:49.798, 106.92 W, 99 %
2026/03/19 16:48:49.898, 107.01 W, 99 %
2026/03/19 16:48:49.998, 106.98 W, 99 %
2026/03/19 16:48:50.098, 107.08 W, 99 %
2026/03/19 16:48:50.198, 107.22 W, 99 %
2026/03/19 16:48:50.299, 107.02 W, 99 %
2026/03/19 16:48:50.399, 107.07 W, 99 %
2026/03/19 16:48:50.499, 106.88 W, 96 %
2026/03/19 16:48:50.599, 106.24 W, 96 %
2026/03/19 16:48:50.699, 106.39 W, 99 %
2026/03/19 16:48:50.799, 106.28 W, 99 %
2026/03/19 16:48:50.899, 106.21 W, 99 %
2026/03/19 16:48:51.000, 106.20 W, 99 %
2026/03/19 16:48:51.100, 106.38 W, 99 %
2026/03/19 16:48:51.200, 106.21 W, 99 %
2026/03/19 16:48:51.300, 106.21 W, 99 %
2026/03/19 16:48:51.400, 106.33 W, 99 %
2026/03/19 16:48:51.500, 106.47 W, 99 %
2026/03/19 16:48:51.600, 107.54 W, 99 %
2026/03/19 16:48:51.701, 107.40 W, 99 %
2026/03/19 16:48:51.801, 107.34 W, 99 %
2026/03/19 16:48:51.901, 107.55 W, 99 %
2026/03/19 16:48:52.001, 107.51 W, 99 %
2026/03/19 16:48:52.101, 107.41 W, 99 %
2026/03/19 16:48:52.201, 107.42 W, 99 %
2026/03/19 16:48:52.302, 107.40 W, 99 %
2026/03/19 16:48:52.402, 107.37 W, 99 %
2026/03/19 16:48:52.502, 107.33 W, 99 %
2026/03/19 16:48:52.602, 107.35 W, 99 %
2026/03/19 16:48:52.702, 107.23 W, 99 %
2026/03/19 16:48:52.802, 107.26 W, 99 %
2026/03/19 16:48:52.902, 107.28 W, 99 %
2026/03/19 16:48:53.003, 107.17 W, 99 %
2026/03/19 16:48:53.103, 107.18 W, 99 %
2026/03/19 16:48:53.203, 107.30 W, 99 %
2026/03/19 16:48:53.303, 107.47 W, 99 %
2026/03/19 16:48:53.403, 107.57 W, 99 %
2026/03/19 16:48:53.503, 107.36 W, 99 %
2026/03/19 16:48:53.603, 107.34 W, 99 %
2026/03/19 16:48:53.704, 107.35 W, 99 %
2026/03/19 16:48:53.804, 107.19 W, 99 %
2026/03/19 16:48:53.904, 106.97 W, 99 %
2026/03/19 16:48:54.004, 107.22 W, 99 %
2026/03/19 16:48:54.104, 107.42 W, 99 %
2026/03/19 16:48:54.204, 107.14 W, 99 %
2026/03/19 16:48:54.304, 106.98 W, 99 %
2026/03/19 16:48:54.405, 106.66 W, 99 %
2026/03/19 16:48:54.505, 106.77 W, 99 %
2026/03/19 16:48:54.605, 106.91 W, 99 %
2026/03/19 16:48:54.705, 106.94 W, 99 %
2026/03/19 16:48:54.805, 106.91 W, 99 %
2026/03/19 16:48:54.905, 106.73 W, 99 %
2026/03/19 16:48:55.005, 106.73 W, 99 %
2026/03/19 16:48:55.106, 106.69 W, 99 %
2026/03/19 16:48:55.206, 106.87 W, 99 %
2026/03/19 16:48:55.306, 106.52 W, 99 %
2026/03/19 16:48:55.406, 106.61 W, 99 %
2026/03/19 16:48:55.506, 106.68 W, 99 %
2026/03/19 16:48:55.606, 106.54 W, 99 %
2026/03/19 16:48:55.707, 106.53 W, 99 %
2026/03/19 16:48:55.807, 106.51 W, 99 %
2026/03/19 16:48:55.907, 106.84 W, 99 %
2026/03/19 16:48:56.007, 106.84 W, 99 %
2026/03/19 16:48:56.107, 106.72 W, 99 %
2026/03/19 16:48:56.207, 106.68 W, 99 %
2026/03/19 16:48:56.307, 107.02 W, 99 %
2026/03/19 16:48:56.408, 107.17 W, 99 %
2026/03/19 16:48:56.508, 107.05 W, 99 %
2026/03/19 16:48:56.608, 107.18 W, 99 %
2026/03/19 16:48:56.708, 107.18 W, 99 %
2026/03/19 16:48:56.808, 107.33 W, 99 %
2026/03/19 16:48:56.908, 107.32 W, 99 %
2026/03/19 16:48:57.008, 106.69 W, 99 %
2026/03/19 16:48:57.109, 106.42 W, 89 %
2026/03/19 16:48:57.209, 106.37 W, 89 %
2026/03/19 16:48:57.309, 106.50 W, 99 %
2026/03/19 16:48:57.409, 106.67 W, 99 %
2026/03/19 16:48:57.509, 106.57 W, 99 %
2026/03/19 16:48:57.609, 106.56 W, 99 %
2026/03/19 16:48:57.710, 106.69 W, 99 %
2026/03/19 16:48:57.810, 106.64 W, 99 %
2026/03/19 16:48:57.910, 106.53 W, 99 %
2026/03/19 16:48:58.010, 106.54 W, 99 %
2026/03/19 16:48:58.110, 107.44 W, 99 %
2026/03/19 16:48:58.210, 107.53 W, 99 %
2026/03/19 16:48:58.310, 107.44 W, 99 %
2026/03/19 16:48:58.411, 107.14 W, 99 %
2026/03/19 16:48:58.511, 107.37 W, 99 %
2026/03/19 16:48:58.611, 107.26 W, 99 %
2026/03/19 16:48:58.711, 107.08 W, 99 %
2026/03/19 16:48:58.811, 107.18 W, 99 %
2026/03/19 16:48:58.911, 107.27 W, 99 %
2026/03/19 16:48:59.011, 107.38 W, 99 %
2026/03/19 16:48:59.112, 107.46 W, 99 %
2026/03/19 16:48:59.212, 107.17 W, 99 %
2026/03/19 16:48:59.312, 107.04 W, 99 %
2026/03/19 16:48:59.412, 107.42 W, 99 %
2026/03/19 16:48:59.512, 107.46 W, 99 %
2026/03/19 16:48:59.612, 107.36 W, 99 %
2026/03/19 16:48:59.713, 107.14 W, 99 %
2026/03/19 16:48:59.813, 107.20 W, 99 %
2026/03/19 16:48:59.913, 107.36 W, 99 %
2026/03/19 16:49:00.013, 107.24 W, 99 %
2026/03/19 16:49:00.113, 106.92 W, 99 %
2026/03/19 16:49:00.213, 106.96 W, 99 %
2026/03/19 16:49:00.313, 107.12 W, 99 %
2026/03/19 16:49:00.414, 107.10 W, 99 %
2026/03/19 16:49:00.514, 106.70 W, 99 %
2026/03/19 16:49:00.614, 106.78 W, 99 %
2026/03/19 16:49:00.714, 107.01 W, 99 %
2026/03/19 16:49:00.814, 106.87 W, 99 %
2026/03/19 16:49:00.914, 106.66 W, 99 %
2026/03/19 16:49:01.014, 106.44 W, 99 %
2026/03/19 16:49:01.115, 106.78 W, 99 %
2026/03/19 16:49:01.215, 106.90 W, 99 %
2026/03/19 16:49:01.315, 106.90 W, 99 %
2026/03/19 16:49:01.415, 106.67 W, 99 %
2026/03/19 16:49:01.515, 106.98 W, 99 %
2026/03/19 16:49:01.615, 107.21 W, 99 %
2026/03/19 16:49:01.716, 107.11 W, 99 %
2026/03/19 16:49:01.816, 107.14 W, 99 %
2026/03/19 16:49:01.916, 107.21 W, 99 %
2026/03/19 16:49:02.016, 107.38 W, 99 %
2026/03/19 16:49:02.116, 107.39 W, 99 %
2026/03/19 16:49:02.216, 107.27 W, 99 %
2026/03/19 16:49:02.316, 107.23 W, 99 %
2026/03/19 16:49:02.417, 107.58 W, 99 %
2026/03/19 16:49:02.517, 107.28 W, 99 %
2026/03/19 16:49:02.617, 107.29 W, 99 %
2026/03/19 16:49:02.717, 107.51 W, 99 %
2026/03/19 16:49:02.817, 107.45 W, 99 %
2026/03/19 16:49:02.917, 107.55 W, 99 %
2026/03/19 16:49:03.017, 107.76 W, 99 %
2026/03/19 16:49:03.118, 107.56 W, 99 %
2026/03/19 16:49:03.218, 107.40 W, 99 %
2026/03/19 16:49:03.318, 107.38 W, 99 %
2026/03/19 16:49:03.418, 107.27 W, 99 %
2026/03/19 16:49:03.518, 106.52 W, 78 %
2026/03/19 16:49:03.618, 106.37 W, 78 %
2026/03/19 16:49:03.718, 106.17 W, 99 %
2026/03/19 16:49:03.819, 106.16 W, 99 %
2026/03/19 16:49:03.919, 106.27 W, 99 %
2026/03/19 16:49:04.019, 105.93 W, 99 %
2026/03/19 16:49:04.119, 105.86 W, 99 %
2026/03/19 16:49:04.219, 106.13 W, 99 %
2026/03/19 16:49:04.319, 106.34 W, 99 %
2026/03/19 16:49:04.420, 106.36 W, 99 %
2026/03/19 16:49:04.520, 106.95 W, 99 %
2026/03/19 16:49:04.627, 106.86 W, 99 %
2026/03/19 16:49:04.728, 107.03 W, 99 %
2026/03/19 16:49:04.828, 107.08 W, 99 %
2026/03/19 16:49:04.928, 106.76 W, 99 %
2026/03/19 16:49:05.028, 106.78 W, 99 %
2026/03/19 16:49:05.128, 106.71 W, 99 %
2026/03/19 16:49:05.228, 106.49 W, 99 %
2026/03/19 16:49:05.328, 106.44 W, 99 %
2026/03/19 16:49:05.429, 106.03 W, 99 %
2026/03/19 16:49:05.529, 106.19 W, 99 %
2026/03/19 16:49:05.629, 106.34 W, 99 %
2026/03/19 16:49:05.729, 106.47 W, 99 %
2026/03/19 16:49:05.829, 106.13 W, 99 %
2026/03/19 16:49:05.929, 106.27 W, 99 %
2026/03/19 16:49:06.029, 106.47 W, 99 %
2026/03/19 16:49:06.130, 106.70 W, 99 %
2026/03/19 16:49:06.230, 106.55 W, 99 %
2026/03/19 16:49:06.330, 106.71 W, 99 %
2026/03/19 16:49:06.430, 106.97 W, 99 %
2026/03/19 16:49:06.530, 107.39 W, 99 %
2026/03/19 16:49:06.630, 107.22 W, 99 %
2026/03/19 16:49:06.730, 107.18 W, 99 %
2026/03/19 16:49:06.831, 107.24 W, 99 %
2026/03/19 16:49:06.931, 107.51 W, 99 %
2026/03/19 16:49:07.031, 107.43 W, 99 %
2026/03/19 16:49:07.131, 107.43 W, 99 %
2026/03/19 16:49:07.231, 107.48 W, 99 %
2026/03/19 16:49:07.331, 107.16 W, 99 %
2026/03/19 16:49:07.432, 107.31 W, 99 %
2026/03/19 16:49:07.532, 107.30 W, 99 %
2026/03/19 16:49:07.632, 107.02 W, 99 %
2026/03/19 16:49:07.732, 107.08 W, 99 %
2026/03/19 16:49:07.832, 107.32 W, 99 %
2026/03/19 16:49:07.932, 107.25 W, 99 %
2026/03/19 16:49:08.032, 106.99 W, 99 %
2026/03/19 16:49:08.133, 107.00 W, 99 %
2026/03/19 16:49:08.233, 107.03 W, 99 %
2026/03/19 16:49:08.333, 107.41 W, 99 %
2026/03/19 16:49:08.433, 107.20 W, 99 %
2026/03/19 16:49:08.533, 107.17 W, 99 %
2026/03/19 16:49:08.633, 107.66 W, 99 %
2026/03/19 16:49:08.733, 107.57 W, 99 %
2026/03/19 16:49:08.834, 107.43 W, 99 %
2026/03/19 16:49:08.934, 107.41 W, 99 %
2026/03/19 16:49:09.034, 107.79 W, 99 %
2026/03/19 16:49:09.134, 107.66 W, 99 %
2026/03/19 16:49:09.234, 107.72 W, 99 %
2026/03/19 16:49:09.334, 107.54 W, 99 %
2026/03/19 16:49:09.435, 107.51 W, 99 %
2026/03/19 16:49:09.535, 107.57 W, 99 %
2026/03/19 16:49:09.635, 107.39 W, 99 %
2026/03/19 16:49:09.735, 107.35 W, 99 %
2026/03/19 16:49:09.835, 106.95 W, 99 %
2026/03/19 16:49:09.935, 107.00 W, 99 %
2026/03/19 16:49:10.035, 105.97 W, 99 %
2026/03/19 16:49:10.136, 106.06 W, 99 %
2026/03/19 16:49:10.236, 105.54 W, 99 %
2026/03/19 16:49:10.336, 105.62 W, 99 %
2026/03/19 16:49:10.436, 105.64 W, 99 %
2026/03/19 16:49:10.536, 105.66 W, 99 %
2026/03/19 16:49:10.636, 105.31 W, 99 %
2026/03/19 16:49:10.736, 105.21 W, 99 %
2026/03/19 16:49:10.837, 105.53 W, 99 %
2026/03/19 16:49:10.937, 105.52 W, 99 %
2026/03/19 16:49:11.037, 106.20 W, 99 %
2026/03/19 16:49:11.137, 106.21 W, 99 %
2026/03/19 16:49:11.237, 106.69 W, 99 %
2026/03/19 16:49:11.337, 106.74 W, 99 %
2026/03/19 16:49:11.437, 106.75 W, 99 %
2026/03/19 16:49:11.538, 106.59 W, 99 %
2026/03/19 16:49:11.638, 106.96 W, 99 %
2026/03/19 16:49:11.738, 107.39 W, 99 %
2026/03/19 16:49:11.838, 107.39 W, 99 %
2026/03/19 16:49:11.938, 107.50 W, 99 %
2026/03/19 16:49:12.038, 107.71 W, 99 %
2026/03/19 16:49:12.139, 107.53 W, 99 %
2026/03/19 16:49:12.239, 107.43 W, 99 %
2026/03/19 16:49:12.339, 107.43 W, 99 %
2026/03/19 16:49:12.439, 107.21 W, 99 %
2026/03/19 16:49:12.539, 107.27 W, 99 %
2026/03/19 16:49:12.639, 107.44 W, 99 %
2026/03/19 16:49:12.739, 107.34 W, 99 %
2026/03/19 16:49:12.840, 107.15 W, 99 %
2026/03/19 16:49:12.940, 107.26 W, 99 %
2026/03/19 16:49:13.040, 107.20 W, 99 %
2026/03/19 16:49:13.140, 107.38 W, 99 %
2026/03/19 16:49:13.240, 107.48 W, 99 %
2026/03/19 16:49:13.340, 107.52 W, 99 %
2026/03/19 16:49:13.440, 107.58 W, 99 %
2026/03/19 16:49:13.541, 107.68 W, 99 %
2026/03/19 16:49:13.641, 107.32 W, 99 %
2026/03/19 16:49:13.741, 107.21 W, 99 %
2026/03/19 16:49:13.841, 107.25 W, 99 %
2026/03/19 16:49:13.941, 106.88 W, 99 %
2026/03/19 16:49:14.041, 106.95 W, 99 %
2026/03/19 16:49:14.141, 106.82 W, 99 %
2026/03/19 16:49:14.242, 106.52 W, 99 %
2026/03/19 16:49:14.342, 106.61 W, 99 %
2026/03/19 16:49:14.442, 106.91 W, 99 %
2026/03/19 16:49:14.542, 106.70 W, 99 %
2026/03/19 16:49:14.642, 106.69 W, 99 %
2026/03/19 16:49:14.742, 106.87 W, 99 %
2026/03/19 16:49:14.842, 106.81 W, 99 %
2026/03/19 16:49:14.943, 106.84 W, 99 %
2026/03/19 16:49:15.043, 106.56 W, 99 %
2026/03/19 16:49:15.143, 106.68 W, 99 %
2026/03/19 16:49:15.243, 106.88 W, 99 %
2026/03/19 16:49:15.343, 106.94 W, 99 %
2026/03/19 16:49:15.443, 106.86 W, 99 %
2026/03/19 16:49:15.544, 106.91 W, 99 %
2026/03/19 16:49:15.644, 106.97 W, 99 %
2026/03/19 16:49:15.744, 106.96 W, 99 %
2026/03/19 16:49:15.844, 107.02 W, 99 %
2026/03/19 16:49:15.944, 107.01 W, 99 %
2026/03/19 16:49:16.044, 107.19 W, 99 %
2026/03/19 16:49:16.144, 107.28 W, 99 %
2026/03/19 16:49:16.245, 107.29 W, 99 %
2026/03/19 16:49:16.345, 107.04 W, 99 %
2026/03/19 16:49:16.445, 106.72 W, 99 %
2026/03/19 16:49:16.545, 106.07 W, 78 %
2026/03/19 16:49:16.645, 106.29 W, 78 %
2026/03/19 16:49:16.745, 106.17 W, 99 %
2026/03/19 16:49:16.845, 106.07 W, 99 %
2026/03/19 16:49:16.946, 106.29 W, 99 %
2026/03/19 16:49:17.046, 106.25 W, 99 %
2026/03/19 16:49:17.146, 106.16 W, 99 %
2026/03/19 16:49:17.246, 105.99 W, 99 %
2026/03/19 16:49:17.346, 105.94 W, 99 %
2026/03/19 16:49:17.446, 105.90 W, 99 %
2026/03/19 16:49:17.547, 106.86 W, 99 %
2026/03/19 16:49:17.647, 106.53 W, 99 %
2026/03/19 16:49:17.747, 106.67 W, 99 %
2026/03/19 16:49:17.847, 106.70 W, 99 %
2026/03/19 16:49:17.947, 106.65 W, 99 %
2026/03/19 16:49:18.047, 106.64 W, 99 %
2026/03/19 16:49:18.147, 106.46 W, 99 %
2026/03/19 16:49:18.248, 106.46 W, 99 %
2026/03/19 16:49:18.348, 106.60 W, 99 %
2026/03/19 16:49:18.448, 106.46 W, 99 %
2026/03/19 16:49:18.548, 106.29 W, 99 %
2026/03/19 16:49:18.648, 106.29 W, 99 %
2026/03/19 16:49:18.748, 106.26 W, 99 %
2026/03/19 16:49:18.848, 106.61 W, 99 %
2026/03/19 16:49:18.949, 106.36 W, 99 %
2026/03/19 16:49:19.049, 106.42 W, 99 %
2026/03/19 16:49:19.149, 106.81 W, 99 %
2026/03/19 16:49:19.249, 107.13 W, 99 %
2026/03/19 16:49:19.349, 106.91 W, 99 %
2026/03/19 16:49:19.449, 106.72 W, 99 %
2026/03/19 16:49:19.549, 106.77 W, 99 %
2026/03/19 16:49:19.650, 106.88 W, 99 %
2026/03/19 16:49:19.750, 106.82 W, 99 %
2026/03/19 16:49:19.850, 106.74 W, 99 %
2026/03/19 16:49:19.950, 107.04 W, 99 %
2026/03/19 16:49:20.050, 106.95 W, 99 %
2026/03/19 16:49:20.150, 106.84 W, 99 %
2026/03/19 16:49:20.251, 106.40 W, 99 %
2026/03/19 16:49:20.351, 106.75 W, 99 %
2026/03/19 16:49:20.451, 107.01 W, 99 %
2026/03/19 16:49:20.551, 107.12 W, 99 %
2026/03/19 16:49:20.651, 107.16 W, 99 %
2026/03/19 16:49:20.751, 107.07 W, 99 %
2026/03/19 16:49:20.851, 107.04 W, 99 %
2026/03/19 16:49:20.952, 106.84 W, 99 %
2026/03/19 16:49:21.052, 106.86 W, 99 %
2026/03/19 16:49:21.152, 106.83 W, 99 %
2026/03/19 16:49:21.252, 106.99 W, 99 %
2026/03/19 16:49:21.352, 106.95 W, 99 %
2026/03/19 16:49:21.452, 107.08 W, 99 %
2026/03/19 16:49:21.552, 106.92 W, 99 %
2026/03/19 16:49:21.653, 107.01 W, 99 %
2026/03/19 16:49:21.753, 107.07 W, 99 %
2026/03/19 16:49:21.853, 107.17 W, 99 %
2026/03/19 16:49:21.953, 107.41 W, 99 %
2026/03/19 16:49:22.053, 107.39 W, 99 %
2026/03/19 16:49:22.153, 107.33 W, 99 %
2026/03/19 16:49:22.254, 107.47 W, 99 %
2026/03/19 16:49:22.354, 107.31 W, 99 %
2026/03/19 16:49:22.454, 107.32 W, 99 %
2026/03/19 16:49:22.554, 107.22 W, 99 %
2026/03/19 16:49:22.654, 107.30 W, 99 %
2026/03/19 16:49:22.754, 107.45 W, 99 %
2026/03/19 16:49:22.854, 107.34 W, 99 %
2026/03/19 16:49:22.955, 106.25 W, 99 %
2026/03/19 16:49:23.055, 106.27 W, 99 %
2026/03/19 16:49:23.155, 106.15 W, 99 %
2026/03/19 16:49:23.255, 106.23 W, 99 %
2026/03/19 16:49:23.355, 106.28 W, 99 %
2026/03/19 16:49:23.455, 106.10 W, 99 %
2026/03/19 16:49:23.555, 106.26 W, 99 %
2026/03/19 16:49:23.656, 105.95 W, 99 %
2026/03/19 16:49:23.756, 105.86 W, 99 %
2026/03/19 16:49:23.856, 106.00 W, 99 %
2026/03/19 16:49:23.956, 106.27 W, 99 %
2026/03/19 16:49:24.056, 107.08 W, 99 %
2026/03/19 16:49:24.156, 106.93 W, 99 %
2026/03/19 16:49:24.256, 106.72 W, 99 %
2026/03/19 16:49:24.357, 106.52 W, 99 %
2026/03/19 16:49:24.457, 106.76 W, 99 %
2026/03/19 16:49:24.557, 106.73 W, 99 %
2026/03/19 16:49:24.657, 106.97 W, 99 %
2026/03/19 16:49:24.757, 106.89 W, 99 %
2026/03/19 16:49:24.857, 106.85 W, 99 %
2026/03/19 16:49:24.957, 106.66 W, 99 %
2026/03/19 16:49:25.058, 106.46 W, 99 %
2026/03/19 16:49:25.158, 106.74 W, 99 %
2026/03/19 16:49:25.258, 106.86 W, 99 %
2026/03/19 16:49:25.358, 106.92 W, 99 %
2026/03/19 16:49:25.458, 106.62 W, 99 %
2026/03/19 16:49:25.558, 106.65 W, 99 %
2026/03/19 16:49:25.659, 106.58 W, 99 %
2026/03/19 16:49:25.759, 106.60 W, 99 %
2026/03/19 16:49:25.859, 106.62 W, 99 %
2026/03/19 16:49:25.959, 106.61 W, 99 %
2026/03/19 16:49:26.059, 106.61 W, 99 %
2026/03/19 16:49:26.159, 106.86 W, 99 %
2026/03/19 16:49:26.259, 106.93 W, 99 %
2026/03/19 16:49:26.360, 107.11 W, 99 %
2026/03/19 16:49:26.460, 107.14 W, 99 %
2026/03/19 16:49:26.560, 107.43 W, 99 %
2026/03/19 16:49:26.660, 107.55 W, 99 %
2026/03/19 16:49:26.760, 107.44 W, 99 %
2026/03/19 16:49:26.860, 107.26 W, 99 %
2026/03/19 16:49:26.960, 107.32 W, 99 %
2026/03/19 16:49:27.061, 107.52 W, 99 %
2026/03/19 16:49:27.161, 107.29 W, 99 %
2026/03/19 16:49:27.261, 107.27 W, 99 %
2026/03/19 16:49:27.361, 107.15 W, 99 %
2026/03/19 16:49:27.461, 107.13 W, 99 %
2026/03/19 16:49:27.561, 107.19 W, 99 %
2026/03/19 16:49:27.661, 107.07 W, 99 %
2026/03/19 16:49:27.762, 107.08 W, 99 %
2026/03/19 16:49:27.862, 107.31 W, 99 %
2026/03/19 16:49:27.962, 107.51 W, 99 %
2026/03/19 16:49:28.062, 107.40 W, 99 %
2026/03/19 16:49:28.162, 107.45 W, 99 %
2026/03/19 16:49:28.262, 107.52 W, 99 %
2026/03/19 16:49:28.363, 107.59 W, 99 %
2026/03/19 16:49:28.463, 107.41 W, 99 %
2026/03/19 16:49:28.563, 107.37 W, 99 %
2026/03/19 16:49:28.663, 107.34 W, 99 %
2026/03/19 16:49:28.763, 107.45 W, 99 %
2026/03/19 16:49:28.863, 107.44 W, 99 %
2026/03/19 16:49:28.963, 107.19 W, 99 %
2026/03/19 16:49:29.064, 106.98 W, 99 %
2026/03/19 16:49:29.164, 106.89 W, 99 %
2026/03/19 16:49:29.264, 106.78 W, 99 %
2026/03/19 16:49:29.364, 106.75 W, 99 %
2026/03/19 16:49:29.464, 106.31 W, 99 %
2026/03/19 16:49:29.564, 106.06 W, 77 %
2026/03/19 16:49:29.664, 106.03 W, 77 %
2026/03/19 16:49:29.765, 105.94 W, 99 %
2026/03/19 16:49:29.865, 105.91 W, 99 %
2026/03/19 16:49:29.965, 105.81 W, 99 %
2026/03/19 16:49:30.065, 106.07 W, 99 %
2026/03/19 16:49:30.165, 105.87 W, 99 %
2026/03/19 16:49:30.265, 105.93 W, 99 %
2026/03/19 16:49:30.366, 105.82 W, 99 %
2026/03/19 16:49:30.466, 105.64 W, 99 %
2026/03/19 16:49:30.566, 106.52 W, 99 %
2026/03/19 16:49:30.666, 106.62 W, 99 %
2026/03/19 16:49:30.766, 106.60 W, 99 %
2026/03/19 16:49:30.866, 106.50 W, 99 %
2026/03/19 16:49:30.966, 106.58 W, 99 %
2026/03/19 16:49:31.067, 106.48 W, 99 %
2026/03/19 16:49:31.167, 106.68 W, 99 %
2026/03/19 16:49:31.267, 106.84 W, 99 %
2026/03/19 16:49:31.367, 106.98 W, 99 %
2026/03/19 16:49:31.467, 107.09 W, 99 %
2026/03/19 16:49:31.567, 106.91 W, 99 %
2026/03/19 16:49:31.667, 106.76 W, 99 %
2026/03/19 16:49:31.768, 106.66 W, 99 %
2026/03/19 16:49:31.868, 106.72 W, 99 %
2026/03/19 16:49:31.968, 106.67 W, 99 %
2026/03/19 16:49:32.068, 106.53 W, 99 %
2026/03/19 16:49:32.168, 106.51 W, 99 %
2026/03/19 16:49:32.268, 106.32 W, 99 %
2026/03/19 16:49:32.369, 106.33 W, 99 %
2026/03/19 16:49:32.469, 106.21 W, 99 %
2026/03/19 16:49:32.569, 106.34 W, 99 %
2026/03/19 16:49:32.669, 106.42 W, 99 %
2026/03/19 16:49:32.769, 106.78 W, 99 %
2026/03/19 16:49:32.869, 106.53 W, 99 %
2026/03/19 16:49:32.969, 106.57 W, 99 %
2026/03/19 16:49:33.070, 106.66 W, 99 %
2026/03/19 16:49:33.170, 106.54 W, 99 %
2026/03/19 16:49:33.270, 106.81 W, 99 %
2026/03/19 16:49:33.370, 106.69 W, 99 %
2026/03/19 16:49:33.470, 106.93 W, 99 %
2026/03/19 16:49:33.570, 106.98 W, 99 %
2026/03/19 16:49:33.670, 107.02 W, 99 %
2026/03/19 16:49:33.771, 106.94 W, 99 %
2026/03/19 16:49:33.871, 106.80 W, 99 %
2026/03/19 16:49:33.971, 106.89 W, 99 %
2026/03/19 16:49:34.071, 106.93 W, 99 %
2026/03/19 16:49:34.171, 106.91 W, 99 %
2026/03/19 16:49:34.271, 106.82 W, 99 %
2026/03/19 16:49:34.371, 106.77 W, 99 %
2026/03/19 16:49:34.472, 106.77 W, 99 %
2026/03/19 16:49:34.572, 106.63 W, 99 %
2026/03/19 16:49:34.672, 106.53 W, 99 %
2026/03/19 16:49:34.772, 106.54 W, 99 %
2026/03/19 16:49:34.872, 106.99 W, 99 %
2026/03/19 16:49:34.972, 107.06 W, 99 %
2026/03/19 16:49:35.073, 106.99 W, 99 %
2026/03/19 16:49:35.173, 107.01 W, 99 %
2026/03/19 16:49:35.273, 107.03 W, 99 %
2026/03/19 16:49:35.373, 107.00 W, 99 %
2026/03/19 16:49:35.473, 106.86 W, 99 %
2026/03/19 16:49:35.573, 106.92 W, 99 %
2026/03/19 16:49:35.673, 106.82 W, 99 %
2026/03/19 16:49:35.774, 106.83 W, 99 %
2026/03/19 16:49:35.874, 106.73 W, 99 %
2026/03/19 16:49:35.974, 105.81 W, 99 %
2026/03/19 16:49:36.074, 105.79 W, 99 %
2026/03/19 16:49:36.174, 106.05 W, 99 %
2026/03/19 16:49:36.274, 106.12 W, 99 %
2026/03/19 16:49:36.374, 106.19 W, 99 %
2026/03/19 16:49:36.475, 106.15 W, 99 %
2026/03/19 16:49:36.575, 106.27 W, 99 %
2026/03/19 16:49:36.675, 106.35 W, 99 %
2026/03/19 16:49:36.775, 106.25 W, 99 %
2026/03/19 16:49:36.875, 106.25 W, 99 %
2026/03/19 16:49:36.975, 106.74 W, 99 %
2026/03/19 16:49:37.075, 107.22 W, 99 %
2026/03/19 16:49:37.176, 107.05 W, 99 %
2026/03/19 16:49:37.276, 107.25 W, 99 %
2026/03/19 16:49:37.376, 107.01 W, 99 %
2026/03/19 16:49:37.476, 107.26 W, 99 %
2026/03/19 16:49:37.576, 107.11 W, 99 %
2026/03/19 16:49:37.676, 107.23 W, 99 %
2026/03/19 16:49:37.777, 107.14 W, 99 %
2026/03/19 16:49:37.877, 106.94 W, 99 %
2026/03/19 16:49:37.977, 107.19 W, 99 %
2026/03/19 16:49:38.077, 106.94 W, 99 %
2026/03/19 16:49:38.177, 106.91 W, 99 %
2026/03/19 16:49:38.277, 106.82 W, 99 %
2026/03/19 16:49:38.377, 106.86 W, 99 %
2026/03/19 16:49:38.478, 106.91 W, 99 %
2026/03/19 16:49:38.578, 107.07 W, 99 %
2026/03/19 16:49:38.678, 106.98 W, 99 %
2026/03/19 16:49:38.778, 107.07 W, 99 %
2026/03/19 16:49:38.878, 107.33 W, 99 %
2026/03/19 16:49:38.978, 107.28 W, 99 %
2026/03/19 16:49:39.078, 107.37 W, 99 %
2026/03/19 16:49:39.179, 107.15 W, 99 %
2026/03/19 16:49:39.279, 107.25 W, 99 %
2026/03/19 16:49:39.379, 107.21 W, 99 %
2026/03/19 16:49:39.479, 107.37 W, 99 %
2026/03/19 16:49:39.579, 107.02 W, 99 %
2026/03/19 16:49:39.679, 107.18 W, 99 %
2026/03/19 16:49:39.779, 107.04 W, 99 %
2026/03/19 16:49:39.880, 106.86 W, 99 %
2026/03/19 16:49:39.980, 106.60 W, 99 %
2026/03/19 16:49:40.080, 106.57 W, 99 %
2026/03/19 16:49:40.180, 106.78 W, 99 %
2026/03/19 16:49:40.280, 106.62 W, 99 %
2026/03/19 16:49:40.380, 106.57 W, 99 %
2026/03/19 16:49:40.481, 106.28 W, 99 %
2026/03/19 16:49:40.581, 106.64 W, 99 %
2026/03/19 16:49:40.681, 106.66 W, 99 %
2026/03/19 16:49:40.781, 106.67 W, 99 %
2026/03/19 16:49:40.881, 106.92 W, 99 %
2026/03/19 16:49:40.981, 107.30 W, 99 %
2026/03/19 16:49:41.081, 107.49 W, 99 %
2026/03/19 16:49:41.182, 107.49 W, 99 %
2026/03/19 16:49:41.282, 107.52 W, 99 %
2026/03/19 16:49:41.382, 107.41 W, 99 %
2026/03/19 16:49:41.482, 107.74 W, 99 %
2026/03/19 16:49:41.582, 107.81 W, 99 %
2026/03/19 16:49:41.682, 107.66 W, 99 %
2026/03/19 16:49:41.782, 107.59 W, 99 %
2026/03/19 16:49:41.883, 107.56 W, 99 %
2026/03/19 16:49:41.983, 107.28 W, 99 %
2026/03/19 16:49:42.083, 107.36 W, 99 %
2026/03/19 16:49:42.183, 107.08 W, 99 %
2026/03/19 16:49:42.283, 106.91 W, 99 %
2026/03/19 16:49:42.383, 107.22 W, 99 %
2026/03/19 16:49:42.483, 105.67 W, 99 %
2026/03/19 16:49:42.584, 103.38 W, 69 %
2026/03/19 16:49:42.684, 103.38 W, 69 %
2026/03/19 16:49:42.784, 103.65 W, 99 %
2026/03/19 16:49:42.884, 103.61 W, 99 %
2026/03/19 16:49:42.984, 103.78 W, 99 %
2026/03/19 16:49:43.084, 103.72 W, 99 %
2026/03/19 16:49:43.184, 103.83 W, 99 %
2026/03/19 16:49:43.285, 103.97 W, 99 %
2026/03/19 16:49:43.385, 103.94 W, 99 %
2026/03/19 16:49:43.485, 105.39 W, 99 %
2026/03/19 16:49:43.585, 107.35 W, 99 %
2026/03/19 16:49:43.685, 107.48 W, 99 %
2026/03/19 16:49:43.785, 107.27 W, 99 %
2026/03/19 16:49:43.886, 107.11 W, 99 %
2026/03/19 16:49:43.986, 106.84 W, 99 %
2026/03/19 16:49:44.086, 106.94 W, 99 %
2026/03/19 16:49:44.186, 106.93 W, 99 %
2026/03/19 16:49:44.286, 106.81 W, 99 %
2026/03/19 16:49:44.386, 106.68 W, 99 %
2026/03/19 16:49:44.486, 106.74 W, 99 %
2026/03/19 16:49:44.587, 106.71 W, 99 %
2026/03/19 16:49:44.687, 106.55 W, 99 %
2026/03/19 16:49:44.787, 106.72 W, 99 %
2026/03/19 16:49:44.887, 106.69 W, 99 %
2026/03/19 16:49:44.987, 107.03 W, 99 %
2026/03/19 16:49:45.087, 106.89 W, 99 %
2026/03/19 16:49:45.187, 106.90 W, 99 %
2026/03/19 16:49:45.288, 106.97 W, 99 %
2026/03/19 16:49:45.388, 106.82 W, 99 %
2026/03/19 16:49:45.488, 106.60 W, 99 %
2026/03/19 16:49:45.588, 106.66 W, 99 %
2026/03/19 16:49:45.688, 106.59 W, 99 %
2026/03/19 16:49:45.788, 106.56 W, 99 %
2026/03/19 16:49:45.888, 106.79 W, 99 %
2026/03/19 16:49:45.989, 106.59 W, 99 %
2026/03/19 16:49:46.089, 106.72 W, 99 %
2026/03/19 16:49:46.189, 106.69 W, 99 %
2026/03/19 16:49:46.289, 106.72 W, 99 %
2026/03/19 16:49:46.389, 106.96 W, 99 %
2026/03/19 16:49:46.489, 106.99 W, 99 %
2026/03/19 16:49:46.590, 106.94 W, 99 %
2026/03/19 16:49:46.690, 107.15 W, 99 %
2026/03/19 16:49:46.790, 107.02 W, 99 %
2026/03/19 16:49:46.890, 106.97 W, 99 %
2026/03/19 16:49:46.990, 106.90 W, 99 %
2026/03/19 16:49:47.090, 106.94 W, 99 %
2026/03/19 16:49:47.190, 106.99 W, 99 %
2026/03/19 16:49:47.291, 107.01 W, 99 %
2026/03/19 16:49:47.391, 106.86 W, 99 %
2026/03/19 16:49:47.491, 106.96 W, 99 %
2026/03/19 16:49:47.591, 107.06 W, 99 %
2026/03/19 16:49:47.691, 106.94 W, 99 %
2026/03/19 16:49:47.791, 107.03 W, 99 %
2026/03/19 16:49:47.891, 106.97 W, 99 %
2026/03/19 16:49:47.992, 107.00 W, 99 %
2026/03/19 16:49:48.092, 107.12 W, 99 %
2026/03/19 16:49:48.192, 107.18 W, 99 %
2026/03/19 16:49:48.292, 107.09 W, 99 %
2026/03/19 16:49:48.392, 107.23 W, 99 %
2026/03/19 16:49:48.492, 107.18 W, 99 %
2026/03/19 16:49:48.593, 107.06 W, 99 %
2026/03/19 16:49:48.693, 107.26 W, 99 %
2026/03/19 16:49:48.793, 106.91 W, 99 %
2026/03/19 16:49:48.893, 107.16 W, 99 %
2026/03/19 16:49:48.993, 107.35 W, 99 %
2026/03/19 16:49:49.093, 106.16 W, 99 %
2026/03/19 16:49:49.193, 106.25 W, 99 %
2026/03/19 16:49:49.294, 106.18 W, 99 %
2026/03/19 16:49:49.394, 106.16 W, 99 %
2026/03/19 16:49:49.494, 106.36 W, 99 %
2026/03/19 16:49:49.594, 106.26 W, 99 %
2026/03/19 16:49:49.694, 106.17 W, 99 %
2026/03/19 16:49:49.794, 106.53 W, 99 %
2026/03/19 16:49:49.894, 106.58 W, 99 %
2026/03/19 16:49:49.995, 106.42 W, 99 %
2026/03/19 16:49:50.095, 107.25 W, 99 %
2026/03/19 16:49:50.195, 107.13 W, 99 %
2026/03/19 16:49:50.295, 107.31 W, 99 %
2026/03/19 16:49:50.395, 107.17 W, 99 %
2026/03/19 16:49:50.495, 107.15 W, 99 %
2026/03/19 16:49:50.595, 107.34 W, 99 %
2026/03/19 16:49:50.696, 107.36 W, 99 %
2026/03/19 16:49:50.796, 107.26 W, 99 %
2026/03/19 16:49:50.896, 106.88 W, 99 %
2026/03/19 16:49:50.996, 106.87 W, 99 %
2026/03/19 16:49:51.096, 107.14 W, 99 %
2026/03/19 16:49:51.196, 107.22 W, 99 %
2026/03/19 16:49:51.297, 107.15 W, 99 %
2026/03/19 16:49:51.397, 107.19 W, 99 %
2026/03/19 16:49:51.497, 106.86 W, 99 %
2026/03/19 16:49:51.597, 106.68 W, 99 %
2026/03/19 16:49:51.697, 106.67 W, 99 %
2026/03/19 16:49:51.797, 106.64 W, 99 %
2026/03/19 16:49:51.897, 106.80 W, 99 %
2026/03/19 16:49:51.998, 106.72 W, 99 %
2026/03/19 16:49:52.098, 106.57 W, 99 %
2026/03/19 16:49:52.198, 106.33 W, 99 %
2026/03/19 16:49:52.298, 106.15 W, 99 %
2026/03/19 16:49:52.398, 106.36 W, 99 %
2026/03/19 16:49:52.498, 106.56 W, 99 %
2026/03/19 16:49:52.598, 106.47 W, 99 %
2026/03/19 16:49:52.699, 106.31 W, 99 %
2026/03/19 16:49:52.799, 106.20 W, 99 %
2026/03/19 16:49:52.899, 106.28 W, 99 %
2026/03/19 16:49:52.999, 106.47 W, 99 %
2026/03/19 16:49:53.099, 106.55 W, 99 %
2026/03/19 16:49:53.199, 106.19 W, 99 %
2026/03/19 16:49:53.299, 106.53 W, 99 %
2026/03/19 16:49:53.400, 106.53 W, 99 %
2026/03/19 16:49:53.500, 106.47 W, 99 %
2026/03/19 16:49:53.600, 106.55 W, 99 %
2026/03/19 16:49:53.700, 106.70 W, 99 %
2026/03/19 16:49:53.800, 106.88 W, 99 %
2026/03/19 16:49:53.900, 106.95 W, 99 %
2026/03/19 16:49:54.001, 106.77 W, 99 %
2026/03/19 16:49:54.101, 106.91 W, 99 %
2026/03/19 16:49:54.201, 107.03 W, 99 %
2026/03/19 16:49:54.301, 107.17 W, 99 %
2026/03/19 16:49:54.401, 106.97 W, 99 %
2026/03/19 16:49:54.501, 106.80 W, 99 %
2026/03/19 16:49:54.601, 106.95 W, 99 %
2026/03/19 16:49:54.702, 106.89 W, 99 %
2026/03/19 16:49:54.802, 106.84 W, 99 %
2026/03/19 16:49:54.902, 106.75 W, 99 %
2026/03/19 16:49:55.002, 106.95 W, 99 %
2026/03/19 16:49:55.102, 106.84 W, 99 %
2026/03/19 16:49:55.202, 106.89 W, 99 %
2026/03/19 16:49:55.302, 106.82 W, 99 %
2026/03/19 16:49:55.403, 106.78 W, 99 %
2026/03/19 16:49:55.503, 107.06 W, 99 %
2026/03/19 16:49:55.603, 106.06 W, 76 %
2026/03/19 16:49:55.703, 105.98 W, 76 %
2026/03/19 16:49:55.803, 105.83 W, 99 %
2026/03/19 16:49:55.903, 106.00 W, 99 %
2026/03/19 16:49:56.004, 105.92 W, 99 %
2026/03/19 16:49:56.104, 106.05 W, 99 %
2026/03/19 16:49:56.204, 106.22 W, 99 %
2026/03/19 16:49:56.304, 106.08 W, 99 %
2026/03/19 16:49:56.404, 105.99 W, 99 %
2026/03/19 16:49:56.504, 105.88 W, 99 %
2026/03/19 16:49:56.604, 106.76 W, 99 %
2026/03/19 16:49:56.705, 107.02 W, 99 %
2026/03/19 16:49:56.805, 107.15 W, 99 %
2026/03/19 16:49:56.905, 107.04 W, 99 %
2026/03/19 16:49:57.005, 106.92 W, 99 %
2026/03/19 16:49:57.105, 106.82 W, 99 %
2026/03/19 16:49:57.205, 106.60 W, 99 %
2026/03/19 16:49:57.305, 106.88 W, 99 %
2026/03/19 16:49:57.406, 107.05 W, 99 %
2026/03/19 16:49:57.506, 107.24 W, 99 %
2026/03/19 16:49:57.606, 107.31 W, 99 %
2026/03/19 16:49:57.706, 107.21 W, 99 %
2026/03/19 16:49:57.806, 107.23 W, 99 %
2026/03/19 16:49:57.906, 107.30 W, 99 %
2026/03/19 16:49:58.007, 107.21 W, 99 %
2026/03/19 16:49:58.107, 107.18 W, 99 %
2026/03/19 16:49:58.207, 107.21 W, 99 %
2026/03/19 16:49:58.307, 107.04 W, 99 %
2026/03/19 16:49:58.407, 106.95 W, 99 %
2026/03/19 16:49:58.507, 106.64 W, 99 %
2026/03/19 16:49:58.607, 106.56 W, 99 %
2026/03/19 16:49:58.708, 106.43 W, 99 %
2026/03/19 16:49:58.808, 106.34 W, 99 %
2026/03/19 16:49:58.908, 106.32 W, 99 %
2026/03/19 16:49:59.008, 106.25 W, 99 %
2026/03/19 16:49:59.108, 106.46 W, 99 %
2026/03/19 16:49:59.208, 106.57 W, 99 %
2026/03/19 16:49:59.308, 106.25 W, 99 %
2026/03/19 16:49:59.409, 106.45 W, 99 %
2026/03/19 16:49:59.509, 106.72 W, 99 %
2026/03/19 16:49:59.609, 106.64 W, 99 %
2026/03/19 16:49:59.709, 106.69 W, 99 %
2026/03/19 16:49:59.809, 106.64 W, 99 %
2026/03/19 16:49:59.909, 106.55 W, 99 %
2026/03/19 16:50:00.010, 106.68 W, 99 %
2026/03/19 16:50:00.110, 106.31 W, 99 %
2026/03/19 16:50:00.210, 106.22 W, 99 %
2026/03/19 16:50:00.310, 106.37 W, 99 %
2026/03/19 16:50:00.410, 106.45 W, 99 %
2026/03/19 16:50:00.510, 106.20 W, 99 %
2026/03/19 16:50:00.610, 106.19 W, 99 %
2026/03/19 16:50:00.711, 106.25 W, 99 %
2026/03/19 16:50:00.811, 106.45 W, 99 %
2026/03/19 16:50:00.911, 106.59 W, 99 %
2026/03/19 16:50:01.011, 106.71 W, 99 %
2026/03/19 16:50:01.111, 106.89 W, 99 %
2026/03/19 16:50:01.211, 107.13 W, 99 %
2026/03/19 16:50:01.311, 107.35 W, 99 %
2026/03/19 16:50:01.412, 107.16 W, 99 %
2026/03/19 16:50:01.512, 107.28 W, 99 %
2026/03/19 16:50:01.612, 107.36 W, 99 %
2026/03/19 16:50:01.712, 107.45 W, 99 %
2026/03/19 16:50:01.812, 107.15 W, 99 %
2026/03/19 16:50:01.912, 107.24 W, 99 %
2026/03/19 16:50:02.013, 107.07 W, 99 %
2026/03/19 16:50:02.113, 106.13 W, 99 %
2026/03/19 16:50:02.213, 106.19 W, 99 %
2026/03/19 16:50:02.313, 106.02 W, 99 %
2026/03/19 16:50:02.413, 106.14 W, 99 %
2026/03/19 16:50:02.513, 106.20 W, 99 %
2026/03/19 16:50:02.613, 106.25 W, 99 %
2026/03/19 16:50:02.714, 106.12 W, 99 %
2026/03/19 16:50:02.814, 106.25 W, 99 %
2026/03/19 16:50:02.914, 106.01 W, 99 %
2026/03/19 16:50:03.014, 106.09 W, 99 %
2026/03/19 16:50:03.114, 107.07 W, 99 %
2026/03/19 16:50:03.214, 106.86 W, 99 %
2026/03/19 16:50:03.314, 106.88 W, 99 %
2026/03/19 16:50:03.415, 106.61 W, 99 %
2026/03/19 16:50:03.515, 106.71 W, 99 %
2026/03/19 16:50:03.615, 106.66 W, 99 %
2026/03/19 16:50:03.715, 106.39 W, 99 %
2026/03/19 16:50:03.815, 106.53 W, 99 %
2026/03/19 16:50:03.915, 106.92 W, 99 %
2026/03/19 16:50:04.016, 106.79 W, 99 %
2026/03/19 16:50:04.116, 106.62 W, 99 %
2026/03/19 16:50:04.216, 106.82 W, 99 %
2026/03/19 16:50:04.316, 106.87 W, 99 %
2026/03/19 16:50:04.416, 107.07 W, 99 %
2026/03/19 16:50:04.516, 106.86 W, 99 %
2026/03/19 16:50:04.616, 106.75 W, 99 %
2026/03/19 16:50:04.717, 107.16 W, 99 %
2026/03/19 16:50:04.817, 107.03 W, 99 %
2026/03/19 16:50:04.917, 106.77 W, 99 %
2026/03/19 16:50:05.017, 106.72 W, 99 %
2026/03/19 16:50:05.117, 106.77 W, 99 %
2026/03/19 16:50:05.217, 106.53 W, 99 %
2026/03/19 16:50:05.317, 106.57 W, 99 %
2026/03/19 16:50:05.418, 106.43 W, 99 %
2026/03/19 16:50:05.518, 106.70 W, 99 %
2026/03/19 16:50:05.618, 106.71 W, 99 %
2026/03/19 16:50:05.718, 106.58 W, 99 %
2026/03/19 16:50:05.818, 106.57 W, 99 %
2026/03/19 16:50:05.918, 106.91 W, 99 %
2026/03/19 16:50:06.018, 107.06 W, 99 %
2026/03/19 16:50:06.119, 107.33 W, 99 %
2026/03/19 16:50:06.219, 107.32 W, 99 %
2026/03/19 16:50:06.319, 107.20 W, 99 %
2026/03/19 16:50:06.419, 107.19 W, 99 %
2026/03/19 16:50:06.519, 106.97 W, 99 %
2026/03/19 16:50:06.619, 106.88 W, 99 %
2026/03/19 16:50:06.720, 106.90 W, 99 %
2026/03/19 16:50:06.820, 106.72 W, 99 %
2026/03/19 16:50:06.920, 106.75 W, 99 %
2026/03/19 16:50:07.020, 106.76 W, 99 %
2026/03/19 16:50:07.120, 106.75 W, 99 %
2026/03/19 16:50:07.220, 106.70 W, 99 %
2026/03/19 16:50:07.320, 107.06 W, 99 %
2026/03/19 16:50:07.421, 107.20 W, 99 %
2026/03/19 16:50:07.521, 107.28 W, 99 %
2026/03/19 16:50:07.621, 107.29 W, 99 %
2026/03/19 16:50:07.721, 107.27 W, 99 %
2026/03/19 16:50:07.821, 107.46 W, 99 %
2026/03/19 16:50:07.921, 107.26 W, 99 %
2026/03/19 16:50:08.021, 107.03 W, 99 %
2026/03/19 16:50:08.122, 106.96 W, 99 %
2026/03/19 16:50:08.222, 107.13 W, 99 %
2026/03/19 16:50:08.322, 106.76 W, 99 %
2026/03/19 16:50:08.422, 106.63 W, 99 %
2026/03/19 16:50:08.522, 106.63 W, 99 %
2026/03/19 16:50:08.622, 105.76 W, 77 %
2026/03/19 16:50:08.722, 106.03 W, 77 %
2026/03/19 16:50:08.823, 106.05 W, 99 %
2026/03/19 16:50:08.923, 106.04 W, 99 %
2026/03/19 16:50:09.023, 106.23 W, 99 %
2026/03/19 16:50:09.123, 106.25 W, 99 %
2026/03/19 16:50:09.223, 105.91 W, 99 %
2026/03/19 16:50:09.323, 106.00 W, 99 %
2026/03/19 16:50:09.424, 106.27 W, 99 %
2026/03/19 16:50:09.524, 106.32 W, 99 %
2026/03/19 16:50:09.624, 107.32 W, 99 %
2026/03/19 16:50:09.724, 107.15 W, 99 %
2026/03/19 16:50:09.824, 107.15 W, 99 %
2026/03/19 16:50:09.924, 107.15 W, 99 %
2026/03/19 16:50:10.024, 107.23 W, 99 %
2026/03/19 16:50:10.125, 107.05 W, 99 %
2026/03/19 16:50:10.225, 107.01 W, 99 %
2026/03/19 16:50:10.325, 107.19 W, 99 %
2026/03/19 16:50:10.425, 107.00 W, 99 %
2026/03/19 16:50:10.525, 106.79 W, 99 %
2026/03/19 16:50:10.625, 106.84 W, 99 %
2026/03/19 16:50:10.725, 106.81 W, 99 %
2026/03/19 16:50:10.826, 106.82 W, 99 %
2026/03/19 16:50:10.926, 106.80 W, 99 %
2026/03/19 16:50:11.026, 106.81 W, 99 %
2026/03/19 16:50:11.126, 106.98 W, 99 %
2026/03/19 16:50:11.226, 107.15 W, 99 %
2026/03/19 16:50:11.326, 107.19 W, 99 %
2026/03/19 16:50:11.427, 107.19 W, 99 %
2026/03/19 16:50:11.527, 107.36 W, 99 %
2026/03/19 16:50:11.627, 107.04 W, 99 %
2026/03/19 16:50:11.727, 107.18 W, 99 %
2026/03/19 16:50:11.827, 107.29 W, 99 %
2026/03/19 16:50:11.927, 107.08 W, 99 %
2026/03/19 16:50:12.027, 106.91 W, 99 %
2026/03/19 16:50:12.128, 106.94 W, 99 %
2026/03/19 16:50:12.228, 106.97 W, 99 %
2026/03/19 16:50:12.328, 107.07 W, 99 %
2026/03/19 16:50:12.428, 107.23 W, 99 %
2026/03/19 16:50:12.528, 107.12 W, 99 %
2026/03/19 16:50:12.628, 107.18 W, 99 %
2026/03/19 16:50:12.728, 107.10 W, 99 %
2026/03/19 16:50:12.829, 106.82 W, 99 %
2026/03/19 16:50:12.929, 106.88 W, 99 %
2026/03/19 16:50:13.029, 107.04 W, 99 %
2026/03/19 16:50:13.129, 106.81 W, 99 %
2026/03/19 16:50:13.229, 106.85 W, 99 %
2026/03/19 16:50:13.329, 106.81 W, 99 %
2026/03/19 16:50:13.429, 106.52 W, 99 %
2026/03/19 16:50:13.530, 106.61 W, 99 %
2026/03/19 16:50:13.630, 106.71 W, 99 %
2026/03/19 16:50:13.730, 106.72 W, 99 %
2026/03/19 16:50:13.830, 106.98 W, 99 %
2026/03/19 16:50:13.930, 107.22 W, 99 %
2026/03/19 16:50:14.030, 107.10 W, 99 %
2026/03/19 16:50:14.130, 107.33 W, 99 %
2026/03/19 16:50:14.231, 107.04 W, 99 %
2026/03/19 16:50:14.331, 107.04 W, 99 %
2026/03/19 16:50:14.431, 106.99 W, 99 %
2026/03/19 16:50:14.531, 107.02 W, 99 %
2026/03/19 16:50:14.631, 107.19 W, 99 %
2026/03/19 16:50:14.731, 107.01 W, 99 %
2026/03/19 16:50:14.831, 106.81 W, 99 %
2026/03/19 16:50:14.932, 106.63 W, 99 %
2026/03/19 16:50:15.032, 106.61 W, 99 %
2026/03/19 16:50:15.132, 105.57 W, 99 %
2026/03/19 16:50:15.232, 105.90 W, 89 %
2026/03/19 16:50:15.332, 106.04 W, 89 %
2026/03/19 16:50:15.432, 106.08 W, 99 %
2026/03/19 16:50:15.533, 105.88 W, 99 %
2026/03/19 16:50:15.633, 105.79 W, 99 %
2026/03/19 16:50:15.733, 106.02 W, 99 %
2026/03/19 16:50:15.833, 106.11 W, 99 %
2026/03/19 16:50:15.933, 106.30 W, 99 %
2026/03/19 16:50:16.033, 106.15 W, 99 %
2026/03/19 16:50:16.133, 107.07 W, 99 %
2026/03/19 16:50:16.234, 106.99 W, 99 %
2026/03/19 16:50:16.334, 106.59 W, 99 %
2026/03/19 16:50:16.434, 106.77 W, 99 %
2026/03/19 16:50:16.534, 107.04 W, 99 %
2026/03/19 16:50:16.634, 107.00 W, 99 %
2026/03/19 16:50:16.734, 107.03 W, 99 %
2026/03/19 16:50:16.834, 106.77 W, 99 %
2026/03/19 16:50:16.935, 106.71 W, 99 %
2026/03/19 16:50:17.035, 106.85 W, 99 %
2026/03/19 16:50:17.135, 106.95 W, 99 %
2026/03/19 16:50:17.235, 107.07 W, 99 %
2026/03/19 16:50:17.335, 107.10 W, 99 %
2026/03/19 16:50:17.435, 106.91 W, 99 %
2026/03/19 16:50:17.536, 107.04 W, 99 %
2026/03/19 16:50:17.636, 106.91 W, 99 %
2026/03/19 16:50:17.736, 106.90 W, 99 %
2026/03/19 16:50:17.836, 107.31 W, 99 %
2026/03/19 16:50:17.936, 107.24 W, 99 %
2026/03/19 16:50:18.036, 107.43 W, 99 %
2026/03/19 16:50:18.136, 107.14 W, 99 %
2026/03/19 16:50:18.237, 107.12 W, 99 %
2026/03/19 16:50:18.337, 107.25 W, 99 %
2026/03/19 16:50:18.437, 107.29 W, 99 %
2026/03/19 16:50:18.537, 107.20 W, 99 %
2026/03/19 16:50:18.637, 107.02 W, 99 %
2026/03/19 16:50:18.737, 107.08 W, 99 %
2026/03/19 16:50:18.837, 107.10 W, 99 %
2026/03/19 16:50:18.938, 107.25 W, 99 %
2026/03/19 16:50:19.038, 107.08 W, 99 %
2026/03/19 16:50:19.138, 107.28 W, 99 %
2026/03/19 16:50:19.238, 107.48 W, 99 %
2026/03/19 16:50:19.338, 107.41 W, 99 %
2026/03/19 16:50:19.438, 107.54 W, 99 %
2026/03/19 16:50:19.539, 107.66 W, 99 %
2026/03/19 16:50:19.639, 107.75 W, 99 %
2026/03/19 16:50:19.739, 107.72 W, 99 %
2026/03/19 16:50:19.839, 107.48 W, 99 %
2026/03/19 16:50:19.939, 107.29 W, 99 %
2026/03/19 16:50:20.039, 107.27 W, 99 %
2026/03/19 16:50:20.139, 107.18 W, 99 %
2026/03/19 16:50:20.240, 106.86 W, 99 %
2026/03/19 16:50:20.340, 106.68 W, 99 %
2026/03/19 16:50:20.440, 106.46 W, 99 %
2026/03/19 16:50:20.540, 106.44 W, 99 %
2026/03/19 16:50:20.640, 106.45 W, 99 %
2026/03/19 16:50:20.740, 106.37 W, 99 %
2026/03/19 16:50:20.841, 106.38 W, 99 %
2026/03/19 16:50:20.941, 106.56 W, 99 %
2026/03/19 16:50:21.041, 106.60 W, 99 %
2026/03/19 16:50:21.141, 106.58 W, 99 %
2026/03/19 16:50:21.241, 106.60 W, 99 %
2026/03/19 16:50:21.341, 106.68 W, 99 %
2026/03/19 16:50:21.441, 106.96 W, 99 %
2026/03/19 16:50:21.542, 106.84 W, 99 %
2026/03/19 16:50:21.642, 105.62 W, 82 %
2026/03/19 16:50:21.742, 105.82 W, 82 %
2026/03/19 16:50:21.842, 106.01 W, 99 %
2026/03/19 16:50:21.942, 105.74 W, 99 %
2026/03/19 16:50:22.042, 105.74 W, 99 %
2026/03/19 16:50:22.142, 105.69 W, 99 %
2026/03/19 16:50:22.243, 105.70 W, 99 %
2026/03/19 16:50:22.343, 105.81 W, 99 %
2026/03/19 16:50:22.443, 105.74 W, 99 %
2026/03/19 16:50:22.543, 105.64 W, 99 %
2026/03/19 16:50:22.643, 106.74 W, 99 %
2026/03/19 16:50:22.743, 106.91 W, 99 %
2026/03/19 16:50:22.843, 106.63 W, 99 %
2026/03/19 16:50:22.944, 106.91 W, 99 %
2026/03/19 16:50:23.044, 107.15 W, 99 %
2026/03/19 16:50:23.144, 106.97 W, 99 %
2026/03/19 16:50:23.244, 107.18 W, 99 %
2026/03/19 16:50:23.344, 107.37 W, 99 %
2026/03/19 16:50:23.444, 107.40 W, 99 %
2026/03/19 16:50:23.545, 107.64 W, 99 %
2026/03/19 16:50:23.645, 107.39 W, 99 %
2026/03/19 16:50:23.745, 107.32 W, 99 %
2026/03/19 16:50:23.845, 107.48 W, 99 %
2026/03/19 16:50:23.945, 107.36 W, 99 %
2026/03/19 16:50:24.045, 107.09 W, 99 %
2026/03/19 16:50:24.145, 107.09 W, 99 %
2026/03/19 16:50:24.246, 107.07 W, 99 %
2026/03/19 16:50:24.346, 106.77 W, 99 %
2026/03/19 16:50:24.446, 106.90 W, 99 %
2026/03/19 16:50:24.546, 106.65 W, 99 %
2026/03/19 16:50:24.646, 106.93 W, 99 %
2026/03/19 16:50:24.746, 106.78 W, 99 %
2026/03/19 16:50:24.846, 106.80 W, 99 %
2026/03/19 16:50:24.947, 106.98 W, 99 %
2026/03/19 16:50:25.047, 107.05 W, 99 %
2026/03/19 16:50:25.147, 107.13 W, 99 %
2026/03/19 16:50:25.247, 107.11 W, 99 %
2026/03/19 16:50:25.347, 107.28 W, 99 %
2026/03/19 16:50:25.447, 107.12 W, 99 %
2026/03/19 16:50:25.547, 107.31 W, 99 %
2026/03/19 16:50:25.648, 107.20 W, 99 %
2026/03/19 16:50:25.748, 107.20 W, 99 %
2026/03/19 16:50:25.848, 107.19 W, 99 %
2026/03/19 16:50:25.948, 107.01 W, 99 %
2026/03/19 16:50:26.048, 106.82 W, 99 %
2026/03/19 16:50:26.148, 107.04 W, 99 %
2026/03/19 16:50:26.249, 106.92 W, 99 %
2026/03/19 16:50:26.349, 106.78 W, 99 %
2026/03/19 16:50:26.449, 106.81 W, 99 %
2026/03/19 16:50:26.549, 106.73 W, 99 %
2026/03/19 16:50:26.649, 106.91 W, 99 %
2026/03/19 16:50:26.749, 106.97 W, 99 %
2026/03/19 16:50:26.849, 106.88 W, 99 %
2026/03/19 16:50:26.950, 106.74 W, 99 %
2026/03/19 16:50:27.050, 107.23 W, 99 %
2026/03/19 16:50:27.150, 107.26 W, 99 %
2026/03/19 16:50:27.250, 107.32 W, 99 %
2026/03/19 16:50:27.350, 107.45 W, 99 %
2026/03/19 16:50:27.450, 107.33 W, 99 %
2026/03/19 16:50:27.550, 107.27 W, 99 %
2026/03/19 16:50:27.651, 107.29 W, 99 %
2026/03/19 16:50:27.751, 107.19 W, 99 %
2026/03/19 16:50:27.851, 107.17 W, 99 %
2026/03/19 16:50:27.951, 107.32 W, 99 %
2026/03/19 16:50:28.051, 106.97 W, 99 %
2026/03/19 16:50:28.151, 106.35 W, 99 %
2026/03/19 16:50:28.251, 106.52 W, 99 %
2026/03/19 16:50:28.352, 106.39 W, 99 %
2026/03/19 16:50:28.452, 106.59 W, 99 %
2026/03/19 16:50:28.552, 106.62 W, 99 %
2026/03/19 16:50:28.652, 106.58 W, 99 %
2026/03/19 16:50:28.752, 106.58 W, 99 %
2026/03/19 16:50:28.852, 106.78 W, 99 %
2026/03/19 16:50:28.953, 106.75 W, 99 %
2026/03/19 16:50:29.053, 106.51 W, 99 %
2026/03/19 16:50:29.153, 107.50 W, 99 %
2026/03/19 16:50:29.253, 107.39 W, 99 %
2026/03/19 16:50:29.353, 107.30 W, 99 %
2026/03/19 16:50:29.453, 107.15 W, 99 %
2026/03/19 16:50:29.553, 107.00 W, 99 %
2026/03/19 16:50:29.654, 107.09 W, 99 %
2026/03/19 16:50:29.754, 106.94 W, 99 %
2026/03/19 16:50:29.854, 107.04 W, 99 %
2026/03/19 16:50:29.954, 106.84 W, 99 %
2026/03/19 16:50:30.054, 106.96 W, 99 %
2026/03/19 16:50:30.154, 106.82 W, 99 %
2026/03/19 16:50:30.254, 106.69 W, 99 %
2026/03/19 16:50:30.355, 106.66 W, 99 %
2026/03/19 16:50:30.455, 106.47 W, 99 %
2026/03/19 16:50:30.555, 106.61 W, 99 %
2026/03/19 16:50:30.655, 106.47 W, 99 %
2026/03/19 16:50:30.755, 106.60 W, 99 %
2026/03/19 16:50:30.855, 106.46 W, 99 %
2026/03/19 16:50:30.956, 106.58 W, 99 %
2026/03/19 16:50:31.056, 106.63 W, 99 %
2026/03/19 16:50:31.156, 106.54 W, 99 %
2026/03/19 16:50:31.256, 106.79 W, 99 %
2026/03/19 16:50:31.356, 106.65 W, 99 %
2026/03/19 16:50:31.456, 106.94 W, 99 %
2026/03/19 16:50:31.556, 107.33 W, 99 %
2026/03/19 16:50:31.657, 107.24 W, 99 %
2026/03/19 16:50:31.757, 107.38 W, 99 %
2026/03/19 16:50:31.857, 107.49 W, 99 %
2026/03/19 16:50:31.957, 107.52 W, 99 %
2026/03/19 16:50:32.057, 107.34 W, 99 %
2026/03/19 16:50:32.157, 107.46 W, 99 %
2026/03/19 16:50:32.257, 107.46 W, 99 %
2026/03/19 16:50:32.358, 107.67 W, 99 %
2026/03/19 16:50:32.458, 107.72 W, 99 %
2026/03/19 16:50:32.558, 107.21 W, 99 %
2026/03/19 16:50:32.658, 107.14 W, 99 %
2026/03/19 16:50:32.758, 107.01 W, 99 %
2026/03/19 16:50:32.858, 106.93 W, 99 %
2026/03/19 16:50:32.958, 106.97 W, 99 %
2026/03/19 16:50:33.059, 107.16 W, 99 %
2026/03/19 16:50:33.159, 107.23 W, 99 %
2026/03/19 16:50:33.259, 107.11 W, 99 %
2026/03/19 16:50:33.359, 107.15 W, 99 %
2026/03/19 16:50:33.459, 107.04 W, 99 %
2026/03/19 16:50:33.559, 107.08 W, 99 %
2026/03/19 16:50:33.659, 107.46 W, 99 %
2026/03/19 16:50:33.760, 107.35 W, 99 %
2026/03/19 16:50:33.860, 107.38 W, 99 %
2026/03/19 16:50:33.960, 107.48 W, 99 %
2026/03/19 16:50:34.060, 107.26 W, 99 %
2026/03/19 16:50:34.160, 107.15 W, 99 %
2026/03/19 16:50:34.260, 107.26 W, 99 %
2026/03/19 16:50:34.361, 107.14 W, 99 %
2026/03/19 16:50:34.461, 107.10 W, 99 %
2026/03/19 16:50:34.561, 107.00 W, 99 %
2026/03/19 16:50:34.661, 106.05 W, 80 %
2026/03/19 16:50:34.761, 106.21 W, 80 %
2026/03/19 16:50:34.861, 106.35 W, 99 %
2026/03/19 16:50:34.961, 106.25 W, 99 %
2026/03/19 16:50:35.062, 106.33 W, 99 %
2026/03/19 16:50:35.162, 106.52 W, 99 %
2026/03/19 16:50:35.262, 106.29 W, 99 %
2026/03/19 16:50:35.362, 106.48 W, 99 %
2026/03/19 16:50:35.462, 106.54 W, 99 %
2026/03/19 16:50:35.562, 106.63 W, 99 %
2026/03/19 16:50:35.662, 107.37 W, 99 %
2026/03/19 16:50:35.763, 107.26 W, 99 %
2026/03/19 16:50:35.863, 107.05 W, 99 %
2026/03/19 16:50:35.963, 107.10 W, 99 %
2026/03/19 16:50:36.063, 106.84 W, 99 %
2026/03/19 16:50:36.163, 106.69 W, 99 %
2026/03/19 16:50:36.263, 106.78 W, 99 %
2026/03/19 16:50:36.363, 106.39 W, 99 %
2026/03/19 16:50:36.464, 106.37 W, 99 %
2026/03/19 16:50:36.564, 106.14 W, 99 %
2026/03/19 16:50:36.664, 106.10 W, 99 %
2026/03/19 16:50:36.764, 106.15 W, 99 %
2026/03/19 16:50:36.864, 106.29 W, 99 %
2026/03/19 16:50:36.964, 106.15 W, 99 %
2026/03/19 16:50:37.065, 106.23 W, 99 %
2026/03/19 16:50:37.165, 106.30 W, 99 %
2026/03/19 16:50:37.265, 106.30 W, 99 %
2026/03/19 16:50:37.365, 106.64 W, 99 %
2026/03/19 16:50:37.465, 106.73 W, 99 %
2026/03/19 16:50:37.565, 106.92 W, 99 %
2026/03/19 16:50:37.665, 107.16 W, 99 %
2026/03/19 16:50:37.766, 107.27 W, 99 %
2026/03/19 16:50:37.866, 107.07 W, 99 %
2026/03/19 16:50:37.966, 107.15 W, 99 %
2026/03/19 16:50:38.066, 107.31 W, 99 %
2026/03/19 16:50:38.166, 107.38 W, 99 %
2026/03/19 16:50:38.266, 107.14 W, 99 %
2026/03/19 16:50:38.366, 107.09 W, 99 %
2026/03/19 16:50:38.467, 106.94 W, 99 %
2026/03/19 16:50:38.567, 106.98 W, 99 %
2026/03/19 16:50:38.667, 107.03 W, 99 %
2026/03/19 16:50:38.767, 106.70 W, 99 %
2026/03/19 16:50:38.867, 106.81 W, 99 %
2026/03/19 16:50:38.967, 106.91 W, 99 %
2026/03/19 16:50:39.068, 106.81 W, 99 %
2026/03/19 16:50:39.168, 106.78 W, 99 %
2026/03/19 16:50:39.268, 107.09 W, 99 %
2026/03/19 16:50:39.368, 106.80 W, 99 %
2026/03/19 16:50:39.468, 107.04 W, 99 %
2026/03/19 16:50:39.568, 107.06 W, 99 %
2026/03/19 16:50:39.668, 106.79 W, 99 %
2026/03/19 16:50:39.769, 107.03 W, 99 %
2026/03/19 16:50:39.869, 107.09 W, 99 %
2026/03/19 16:50:39.969, 107.13 W, 99 %
2026/03/19 16:50:40.069, 106.99 W, 99 %
2026/03/19 16:50:40.169, 107.06 W, 99 %
2026/03/19 16:50:40.269, 106.97 W, 99 %
2026/03/19 16:50:40.369, 107.04 W, 99 %
2026/03/19 16:50:40.470, 107.05 W, 99 %
2026/03/19 16:50:40.570, 107.07 W, 99 %
2026/03/19 16:50:40.670, 107.27 W, 99 %
2026/03/19 16:50:40.770, 107.18 W, 99 %
2026/03/19 16:50:40.870, 107.25 W, 99 %
2026/03/19 16:50:40.970, 107.04 W, 99 %
2026/03/19 16:50:41.070, 106.11 W, 76 %
2026/03/19 16:50:41.171, 106.17 W, 76 %
2026/03/19 16:50:41.271, 106.24 W, 99 %
2026/03/19 16:50:41.371, 106.05 W, 99 %
2026/03/19 16:50:41.471, 105.70 W, 99 %
2026/03/19 16:50:41.571, 105.71 W, 99 %
2026/03/19 16:50:41.671, 105.77 W, 99 %
2026/03/19 16:50:41.771, 105.56 W, 99 %
2026/03/19 16:50:41.872, 105.50 W, 99 %
2026/03/19 16:50:41.972, 105.46 W, 99 %
2026/03/19 16:50:42.072, 106.33 W, 99 %
2026/03/19 16:50:42.172, 106.37 W, 99 %
2026/03/19 16:50:42.272, 106.15 W, 99 %
2026/03/19 16:50:42.372, 106.42 W, 99 %
2026/03/19 16:50:42.472, 106.75 W, 99 %
2026/03/19 16:50:42.573, 106.64 W, 99 %
2026/03/19 16:50:42.673, 106.55 W, 99 %
2026/03/19 16:50:42.773, 106.78 W, 99 %
2026/03/19 16:50:42.873, 106.88 W, 99 %
2026/03/19 16:50:42.973, 107.07 W, 99 %
2026/03/19 16:50:43.073, 107.11 W, 99 %
2026/03/19 16:50:43.174, 107.05 W, 99 %
2026/03/19 16:50:43.274, 107.08 W, 99 %
2026/03/19 16:50:43.374, 107.34 W, 99 %
2026/03/19 16:50:43.474, 107.22 W, 99 %
2026/03/19 16:50:43.574, 107.24 W, 99 %
2026/03/19 16:50:43.674, 107.13 W, 99 %
2026/03/19 16:50:43.774, 106.92 W, 99 %
2026/03/19 16:50:43.874, 106.97 W, 99 %
2026/03/19 16:50:43.975, 106.95 W, 99 %
2026/03/19 16:50:44.075, 107.00 W, 99 %
2026/03/19 16:50:44.175, 107.14 W, 99 %
2026/03/19 16:50:44.275, 107.27 W, 99 %
2026/03/19 16:50:44.375, 107.10 W, 99 %
2026/03/19 16:50:44.475, 106.98 W, 99 %
2026/03/19 16:50:44.576, 107.18 W, 99 %
2026/03/19 16:50:44.676, 107.26 W, 99 %
2026/03/19 16:50:44.776, 107.27 W, 99 %
2026/03/19 16:50:44.876, 107.18 W, 99 %
2026/03/19 16:50:44.976, 107.06 W, 99 %
2026/03/19 16:50:45.076, 107.17 W, 99 %
2026/03/19 16:50:45.176, 107.34 W, 99 %
2026/03/19 16:50:45.277, 106.99 W, 99 %
2026/03/19 16:50:45.377, 106.98 W, 99 %
2026/03/19 16:50:45.477, 107.24 W, 99 %
2026/03/19 16:50:45.577, 107.22 W, 99 %
2026/03/19 16:50:45.677, 107.32 W, 99 %
2026/03/19 16:50:45.777, 107.15 W, 99 %
2026/03/19 16:50:45.877, 107.25 W, 99 %
2026/03/19 16:50:45.978, 107.32 W, 99 %
2026/03/19 16:50:46.078, 107.04 W, 99 %
2026/03/19 16:50:46.178, 106.87 W, 99 %
2026/03/19 16:50:46.278, 107.19 W, 99 %
2026/03/19 16:50:46.378, 107.27 W, 99 %
2026/03/19 16:50:46.478, 107.27 W, 99 %
2026/03/19 16:50:46.578, 107.14 W, 99 %
2026/03/19 16:50:46.679, 107.03 W, 99 %
2026/03/19 16:50:46.779, 107.11 W, 99 %
2026/03/19 16:50:46.879, 107.04 W, 99 %
2026/03/19 16:50:46.979, 106.99 W, 99 %
2026/03/19 16:50:47.079, 106.94 W, 99 %
2026/03/19 16:50:47.179, 107.10 W, 99 %
2026/03/19 16:50:47.279, 106.86 W, 99 %
2026/03/19 16:50:47.380, 106.62 W, 99 %
2026/03/19 16:50:47.480, 106.48 W, 99 %
2026/03/19 16:50:47.580, 105.59 W, 99 %
2026/03/19 16:50:47.680, 105.80 W, 99 %
2026/03/19 16:50:47.780, 105.71 W, 99 %
2026/03/19 16:50:47.880, 105.78 W, 99 %
2026/03/19 16:50:47.980, 105.73 W, 99 %
2026/03/19 16:50:48.081, 106.04 W, 99 %
2026/03/19 16:50:48.181, 106.10 W, 99 %
2026/03/19 16:50:48.281, 106.15 W, 99 %
2026/03/19 16:50:48.381, 106.31 W, 99 %
2026/03/19 16:50:48.481, 106.19 W, 99 %
2026/03/19 16:50:48.581, 106.89 W, 99 %
2026/03/19 16:50:48.681, 106.93 W, 99 %
2026/03/19 16:50:48.782, 106.82 W, 99 %
2026/03/19 16:50:48.882, 107.00 W, 99 %
2026/03/19 16:50:48.982, 107.13 W, 99 %
2026/03/19 16:50:49.082, 107.09 W, 99 %
2026/03/19 16:50:49.182, 106.99 W, 99 %
2026/03/19 16:50:49.282, 106.91 W, 99 %
2026/03/19 16:50:49.382, 106.99 W, 99 %
2026/03/19 16:50:49.483, 107.24 W, 99 %
2026/03/19 16:50:49.583, 107.13 W, 99 %
2026/03/19 16:50:49.683, 107.03 W, 99 %
2026/03/19 16:50:49.783, 107.22 W, 99 %
2026/03/19 16:50:49.883, 106.91 W, 99 %
2026/03/19 16:50:49.983, 106.63 W, 99 %
2026/03/19 16:50:50.083, 106.75 W, 99 %
2026/03/19 16:50:50.184, 106.67 W, 99 %
2026/03/19 16:50:50.284, 106.89 W, 99 %
2026/03/19 16:50:50.384, 106.85 W, 99 %
2026/03/19 16:50:50.484, 106.69 W, 99 %
2026/03/19 16:50:50.584, 106.82 W, 99 %
2026/03/19 16:50:50.684, 106.99 W, 99 %
2026/03/19 16:50:50.784, 107.08 W, 99 %
2026/03/19 16:50:50.885, 107.46 W, 99 %
2026/03/19 16:50:50.985, 107.61 W, 99 %
2026/03/19 16:50:51.085, 107.46 W, 99 %
2026/03/19 16:50:51.185, 107.52 W, 99 %
2026/03/19 16:50:51.285, 107.58 W, 99 %
2026/03/19 16:50:51.385, 107.58 W, 99 %
2026/03/19 16:50:51.485, 107.46 W, 99 %
2026/03/19 16:50:51.586, 107.37 W, 99 %
2026/03/19 16:50:51.686, 107.44 W, 99 %
2026/03/19 16:50:51.786, 107.24 W, 99 %
2026/03/19 16:50:51.886, 107.11 W, 99 %
2026/03/19 16:50:51.986, 106.92 W, 99 %
2026/03/19 16:50:52.086, 106.86 W, 99 %
2026/03/19 16:50:52.187, 106.83 W, 99 %
2026/03/19 16:50:52.287, 106.57 W, 99 %
2026/03/19 16:50:52.387, 106.69 W, 99 %
2026/03/19 16:50:52.487, 106.82 W, 99 %
2026/03/19 16:50:52.587, 106.80 W, 99 %
2026/03/19 16:50:52.687, 106.87 W, 99 %
2026/03/19 16:50:52.787, 106.85 W, 99 %
2026/03/19 16:50:52.887, 106.73 W, 99 %
2026/03/19 16:50:52.988, 106.71 W, 99 %
2026/03/19 16:50:53.088, 106.76 W, 99 %
2026/03/19 16:50:53.188, 106.53 W, 99 %
2026/03/19 16:50:53.288, 106.54 W, 99 %
2026/03/19 16:50:53.388, 106.62 W, 99 %
2026/03/19 16:50:53.488, 106.53 W, 99 %
2026/03/19 16:50:53.589, 106.34 W, 99 %
2026/03/19 16:50:53.689, 106.42 W, 99 %
2026/03/19 16:50:53.789, 106.42 W, 99 %
2026/03/19 16:50:53.889, 106.65 W, 99 %
2026/03/19 16:50:53.989, 106.78 W, 99 %
2026/03/19 16:50:54.089, 105.70 W, 74 %
2026/03/19 16:50:54.189, 105.89 W, 74 %
2026/03/19 16:50:54.290, 105.79 W, 99 %
2026/03/19 16:50:54.390, 105.60 W, 99 %
2026/03/19 16:50:54.490, 105.61 W, 99 %
2026/03/19 16:50:54.590, 105.99 W, 99 %
2026/03/19 16:50:54.690, 106.05 W, 99 %
2026/03/19 16:50:54.790, 105.82 W, 99 %
2026/03/19 16:50:54.890, 105.73 W, 99 %
2026/03/19 16:50:54.991, 105.80 W, 99 %
2026/03/19 16:50:55.091, 107.12 W, 99 %
2026/03/19 16:50:55.191, 107.00 W, 99 %
2026/03/19 16:50:55.291, 107.16 W, 99 %
2026/03/19 16:50:55.391, 107.17 W, 99 %
2026/03/19 16:50:55.491, 107.15 W, 99 %
2026/03/19 16:50:55.591, 107.11 W, 99 %
2026/03/19 16:50:55.692, 107.11 W, 99 %
2026/03/19 16:50:55.792, 107.00 W, 99 %
2026/03/19 16:50:55.892, 107.00 W, 99 %
2026/03/19 16:50:55.992, 106.94 W, 99 %
2026/03/19 16:50:56.092, 106.78 W, 99 %
2026/03/19 16:50:56.192, 106.73 W, 99 %
2026/03/19 16:50:56.292, 106.82 W, 99 %
2026/03/19 16:50:56.393, 107.03 W, 99 %
2026/03/19 16:50:56.493, 106.89 W, 99 %
2026/03/19 16:50:56.593, 106.93 W, 99 %
2026/03/19 16:50:56.693, 106.74 W, 99 %
2026/03/19 16:50:56.793, 107.01 W, 99 %
2026/03/19 16:50:56.893, 107.03 W, 99 %
2026/03/19 16:50:56.993, 107.15 W, 99 %
2026/03/19 16:50:57.094, 107.03 W, 99 %
2026/03/19 16:50:57.194, 107.02 W, 99 %
2026/03/19 16:50:57.294, 107.10 W, 99 %
2026/03/19 16:50:57.394, 107.21 W, 99 %
2026/03/19 16:50:57.494, 107.41 W, 99 %
2026/03/19 16:50:57.594, 107.30 W, 99 %
2026/03/19 16:50:57.694, 107.22 W, 99 %
2026/03/19 16:50:57.795, 107.36 W, 99 %
2026/03/19 16:50:57.895, 107.21 W, 99 %
2026/03/19 16:50:57.995, 106.91 W, 99 %
2026/03/19 16:50:58.095, 107.00 W, 99 %
2026/03/19 16:50:58.195, 107.11 W, 99 %
2026/03/19 16:50:58.295, 107.28 W, 99 %
2026/03/19 16:50:58.395, 106.99 W, 99 %
2026/03/19 16:50:58.496, 107.05 W, 99 %
2026/03/19 16:50:58.596, 107.10 W, 99 %
2026/03/19 16:50:58.696, 107.15 W, 99 %
2026/03/19 16:50:58.796, 107.09 W, 99 %
2026/03/19 16:50:58.896, 107.27 W, 99 %
2026/03/19 16:50:58.996, 107.46 W, 99 %
2026/03/19 16:50:59.096, 107.40 W, 99 %
2026/03/19 16:50:59.197, 107.46 W, 99 %
2026/03/19 16:50:59.297, 107.23 W, 99 %
2026/03/19 16:50:59.397, 107.14 W, 99 %
2026/03/19 16:50:59.497, 107.17 W, 99 %
2026/03/19 16:50:59.597, 107.05 W, 99 %
2026/03/19 16:50:59.697, 107.07 W, 99 %
2026/03/19 16:50:59.797, 106.81 W, 99 %
2026/03/19 16:50:59.898, 106.83 W, 99 %
2026/03/19 16:50:59.998, 106.69 W, 99 %
2026/03/19 16:51:00.098, 106.60 W, 99 %
2026/03/19 16:51:00.198, 106.52 W, 99 %
2026/03/19 16:51:00.298, 106.72 W, 99 %
2026/03/19 16:51:00.398, 106.93 W, 99 %
2026/03/19 16:51:00.498, 106.77 W, 99 %
2026/03/19 16:51:00.599, 105.86 W, 99 %
2026/03/19 16:51:00.699, 105.92 W, 99 %
2026/03/19 16:51:00.799, 106.28 W, 99 %
2026/03/19 16:51:00.899, 106.18 W, 99 %
2026/03/19 16:51:00.999, 106.37 W, 99 %
2026/03/19 16:51:01.099, 106.47 W, 99 %
2026/03/19 16:51:01.199, 106.48 W, 99 %
2026/03/19 16:51:01.300, 106.37 W, 99 %
2026/03/19 16:51:01.400, 106.32 W, 99 %
2026/03/19 16:51:01.500, 106.36 W, 99 %
2026/03/19 16:51:01.600, 107.39 W, 99 %
2026/03/19 16:51:01.700, 107.43 W, 99 %
2026/03/19 16:51:01.800, 107.24 W, 99 %
2026/03/19 16:51:01.901, 107.35 W, 99 %
2026/03/19 16:51:02.001, 107.48 W, 99 %
2026/03/19 16:51:02.101, 107.36 W, 99 %
2026/03/19 16:51:02.201, 107.15 W, 99 %
2026/03/19 16:51:02.301, 107.26 W, 99 %
2026/03/19 16:51:02.401, 107.34 W, 99 %
2026/03/19 16:51:02.501, 107.29 W, 99 %
2026/03/19 16:51:02.602, 107.11 W, 99 %
2026/03/19 16:51:02.702, 107.12 W, 99 %
2026/03/19 16:51:02.802, 107.08 W, 99 %
2026/03/19 16:51:02.902, 107.00 W, 99 %
2026/03/19 16:51:03.002, 106.75 W, 99 %
2026/03/19 16:51:03.102, 106.69 W, 99 %
2026/03/19 16:51:03.202, 106.88 W, 99 %
2026/03/19 16:51:03.302, 106.79 W, 99 %
2026/03/19 16:51:03.403, 106.82 W, 99 %
2026/03/19 16:51:03.503, 106.99 W, 99 %
2026/03/19 16:51:03.603, 107.27 W, 99 %
2026/03/19 16:51:03.703, 107.32 W, 99 %
2026/03/19 16:51:03.803, 107.52 W, 99 %
2026/03/19 16:51:03.903, 107.56 W, 99 %
2026/03/19 16:51:04.003, 107.77 W, 99 %
2026/03/19 16:51:04.104, 108.02 W, 99 %
2026/03/19 16:51:04.204, 107.86 W, 99 %
2026/03/19 16:51:04.304, 107.92 W, 99 %
2026/03/19 16:51:04.404, 107.78 W, 99 %
2026/03/19 16:51:04.504, 107.62 W, 99 %
2026/03/19 16:51:04.604, 107.31 W, 99 %
2026/03/19 16:51:04.704, 107.18 W, 99 %
2026/03/19 16:51:04.805, 106.99 W, 99 %
2026/03/19 16:51:04.905, 106.78 W, 99 %
2026/03/19 16:51:05.005, 106.42 W, 99 %
2026/03/19 16:51:05.105, 106.30 W, 99 %
2026/03/19 16:51:05.205, 106.47 W, 99 %
2026/03/19 16:51:05.305, 106.61 W, 99 %
2026/03/19 16:51:05.405, 106.72 W, 99 %
2026/03/19 16:51:05.506, 106.70 W, 99 %
2026/03/19 16:51:05.606, 106.68 W, 99 %
2026/03/19 16:51:05.706, 107.04 W, 99 %
2026/03/19 16:51:05.806, 107.02 W, 99 %
2026/03/19 16:51:05.906, 107.16 W, 99 %
2026/03/19 16:51:06.006, 107.46 W, 99 %
2026/03/19 16:51:06.107, 107.51 W, 99 %
2026/03/19 16:51:06.207, 107.58 W, 99 %
2026/03/19 16:51:06.307, 107.30 W, 99 %
2026/03/19 16:51:06.407, 107.19 W, 99 %
2026/03/19 16:51:06.507, 107.31 W, 99 %
2026/03/19 16:51:06.607, 107.28 W, 99 %
2026/03/19 16:51:06.707, 107.27 W, 99 %
2026/03/19 16:51:06.808, 107.10 W, 99 %
2026/03/19 16:51:06.908, 107.17 W, 99 %
2026/03/19 16:51:07.008, 107.32 W, 99 %
2026/03/19 16:51:07.108, 106.55 W, 78 %
2026/03/19 16:51:07.208, 106.35 W, 78 %
2026/03/19 16:51:07.308, 106.36 W, 99 %
2026/03/19 16:51:07.408, 106.29 W, 99 %
2026/03/19 16:51:07.509, 106.28 W, 99 %
2026/03/19 16:51:07.609, 106.01 W, 99 %
2026/03/19 16:51:07.709, 105.86 W, 99 %
2026/03/19 16:51:07.809, 106.11 W, 99 %
2026/03/19 16:51:07.909, 106.07 W, 99 %
2026/03/19 16:51:08.009, 105.96 W, 99 %
2026/03/19 16:51:08.109, 106.76 W, 99 %
2026/03/19 16:51:08.210, 106.64 W, 99 %
2026/03/19 16:51:08.310, 106.85 W, 99 %
2026/03/19 16:51:08.410, 106.86 W, 99 %
2026/03/19 16:51:08.510, 106.85 W, 99 %
2026/03/19 16:51:08.610, 107.05 W, 99 %
2026/03/19 16:51:08.710, 106.88 W, 99 %
2026/03/19 16:51:08.810, 106.74 W, 99 %
2026/03/19 16:51:08.911, 106.96 W, 99 %
2026/03/19 16:51:09.011, 106.60 W, 99 %
2026/03/19 16:51:09.111, 106.94 W, 99 %
2026/03/19 16:51:09.211, 107.13 W, 99 %
2026/03/19 16:51:09.311, 107.27 W, 99 %
2026/03/19 16:51:09.411, 107.14 W, 99 %
2026/03/19 16:51:09.511, 107.44 W, 99 %
2026/03/19 16:51:09.612, 107.53 W, 99 %
2026/03/19 16:51:09.712, 107.52 W, 99 %
2026/03/19 16:51:09.812, 107.39 W, 99 %
2026/03/19 16:51:09.912, 107.02 W, 99 %
2026/03/19 16:51:10.012, 107.18 W, 99 %
2026/03/19 16:51:10.112, 107.10 W, 99 %
2026/03/19 16:51:10.212, 107.03 W, 99 %
2026/03/19 16:51:10.313, 106.72 W, 99 %
2026/03/19 16:51:10.413, 106.93 W, 99 %
2026/03/19 16:51:10.513, 106.92 W, 99 %
2026/03/19 16:51:10.613, 106.95 W, 99 %
2026/03/19 16:51:10.713, 106.87 W, 99 %
2026/03/19 16:51:10.813, 106.92 W, 99 %
2026/03/19 16:51:10.913, 107.17 W, 99 %
2026/03/19 16:51:11.014, 107.20 W, 99 %
2026/03/19 16:51:11.114, 106.88 W, 99 %
2026/03/19 16:51:11.214, 107.08 W, 99 %
2026/03/19 16:51:11.314, 106.91 W, 99 %
2026/03/19 16:51:11.414, 106.87 W, 99 %
2026/03/19 16:51:11.514, 106.94 W, 99 %
2026/03/19 16:51:11.614, 106.67 W, 99 %
2026/03/19 16:51:11.715, 106.85 W, 99 %
2026/03/19 16:51:11.815, 107.11 W, 99 %
2026/03/19 16:51:11.915, 107.08 W, 99 %
2026/03/19 16:51:12.015, 106.99 W, 99 %
2026/03/19 16:51:12.115, 107.21 W, 99 %
2026/03/19 16:51:12.215, 107.27 W, 99 %
2026/03/19 16:51:12.315, 107.18 W, 99 %
2026/03/19 16:51:12.416, 107.15 W, 99 %
2026/03/19 16:51:12.516, 107.15 W, 99 %
2026/03/19 16:51:12.616, 107.29 W, 99 %
2026/03/19 16:51:12.716, 107.32 W, 99 %
2026/03/19 16:51:12.816, 107.30 W, 99 %
2026/03/19 16:51:12.916, 107.31 W, 99 %
2026/03/19 16:51:13.016, 107.50 W, 99 %
2026/03/19 16:51:13.117, 107.38 W, 99 %
2026/03/19 16:51:13.217, 107.22 W, 99 %
2026/03/19 16:51:13.317, 107.58 W, 99 %
2026/03/19 16:51:13.417, 107.70 W, 99 %
2026/03/19 16:51:13.517, 106.73 W, 99 %
2026/03/19 16:51:13.617, 106.45 W, 99 %
2026/03/19 16:51:13.717, 106.29 W, 99 %
2026/03/19 16:51:13.818, 105.90 W, 99 %
2026/03/19 16:51:13.918, 105.99 W, 99 %
2026/03/19 16:51:14.018, 105.89 W, 99 %
2026/03/19 16:51:14.118, 105.94 W, 99 %
2026/03/19 16:51:14.218, 106.02 W, 99 %
2026/03/19 16:51:14.318, 105.94 W, 99 %
2026/03/19 16:51:14.418, 105.77 W, 99 %
2026/03/19 16:51:14.519, 106.12 W, 99 %
2026/03/19 16:51:14.619, 106.68 W, 99 %
2026/03/19 16:51:14.719, 106.73 W, 99 %
2026/03/19 16:51:14.819, 106.90 W, 99 %
2026/03/19 16:51:14.919, 106.88 W, 99 %
2026/03/19 16:51:15.019, 106.87 W, 99 %
2026/03/19 16:51:15.119, 106.93 W, 99 %
2026/03/19 16:51:15.220, 106.80 W, 99 %
2026/03/19 16:51:15.320, 106.67 W, 99 %
2026/03/19 16:51:15.420, 107.03 W, 99 %
2026/03/19 16:51:15.520, 106.82 W, 99 %
2026/03/19 16:51:15.620, 107.00 W, 99 %
2026/03/19 16:51:15.720, 107.15 W, 99 %
2026/03/19 16:51:15.820, 107.13 W, 99 %
2026/03/19 16:51:15.921, 107.21 W, 99 %
2026/03/19 16:51:16.021, 107.17 W, 99 %
2026/03/19 16:51:16.121, 107.25 W, 99 %
2026/03/19 16:51:16.221, 107.12 W, 99 %
2026/03/19 16:51:16.321, 107.30 W, 99 %
2026/03/19 16:51:16.421, 107.25 W, 99 %
2026/03/19 16:51:16.521, 107.20 W, 99 %
2026/03/19 16:51:16.622, 107.28 W, 99 %
2026/03/19 16:51:16.722, 107.24 W, 99 %
2026/03/19 16:51:16.822, 107.17 W, 99 %
2026/03/19 16:51:16.922, 107.07 W, 99 %
2026/03/19 16:51:17.022, 107.21 W, 99 %
2026/03/19 16:51:17.122, 106.96 W, 99 %
2026/03/19 16:51:17.223, 106.94 W, 99 %
2026/03/19 16:51:17.323, 106.97 W, 99 %
2026/03/19 16:51:17.423, 107.02 W, 99 %
2026/03/19 16:51:17.523, 107.03 W, 99 %
2026/03/19 16:51:17.623, 107.03 W, 99 %
2026/03/19 16:51:17.723, 107.13 W, 99 %
2026/03/19 16:51:17.823, 106.98 W, 99 %
2026/03/19 16:51:17.924, 107.14 W, 99 %
2026/03/19 16:51:18.024, 107.01 W, 99 %
2026/03/19 16:51:18.124, 106.91 W, 99 %
2026/03/19 16:51:18.224, 107.13 W, 99 %
2026/03/19 16:51:18.324, 107.07 W, 99 %
2026/03/19 16:51:18.424, 106.77 W, 99 %
2026/03/19 16:51:18.524, 106.92 W, 99 %
2026/03/19 16:51:18.625, 106.79 W, 99 %
2026/03/19 16:51:18.725, 106.75 W, 99 %
2026/03/19 16:51:18.825, 106.91 W, 99 %
2026/03/19 16:51:18.925, 106.85 W, 99 %
2026/03/19 16:51:19.025, 106.95 W, 99 %
2026/03/19 16:51:19.125, 107.05 W, 99 %
2026/03/19 16:51:19.225, 107.02 W, 99 %
2026/03/19 16:51:19.326, 107.13 W, 99 %
2026/03/19 16:51:19.426, 107.20 W, 99 %
2026/03/19 16:51:19.526, 107.17 W, 99 %
2026/03/19 16:51:19.626, 107.39 W, 99 %
2026/03/19 16:51:19.726, 107.44 W, 99 %
2026/03/19 16:51:19.826, 107.33 W, 99 %
2026/03/19 16:51:19.926, 107.46 W, 99 %
2026/03/19 16:51:20.027, 106.69 W, 99 %
2026/03/19 16:51:20.127, 106.43 W, 78 %
2026/03/19 16:51:20.227, 106.51 W, 78 %
2026/03/19 16:51:20.327, 106.24 W, 99 %
2026/03/19 16:51:20.427, 106.29 W, 99 %
2026/03/19 16:51:20.527, 106.24 W, 99 %
2026/03/19 16:51:20.627, 106.13 W, 99 %
2026/03/19 16:51:20.728, 105.80 W, 99 %
2026/03/19 16:51:20.828, 106.07 W, 99 %
2026/03/19 16:51:20.928, 105.91 W, 99 %
2026/03/19 16:51:21.028, 106.06 W, 99 %
2026/03/19 16:51:21.128, 106.97 W, 99 %
2026/03/19 16:51:21.228, 106.68 W, 99 %
2026/03/19 16:51:21.329, 106.57 W, 99 %
2026/03/19 16:51:21.429, 106.69 W, 99 %
2026/03/19 16:51:21.529, 106.69 W, 99 %
2026/03/19 16:51:21.629, 106.89 W, 99 %
2026/03/19 16:51:21.729, 106.99 W, 99 %
2026/03/19 16:51:21.829, 106.65 W, 99 %
2026/03/19 16:51:21.929, 106.79 W, 99 %
2026/03/19 16:51:22.030, 106.79 W, 99 %
2026/03/19 16:51:22.130, 106.60 W, 99 %
2026/03/19 16:51:22.230, 106.75 W, 99 %
2026/03/19 16:51:22.330, 107.08 W, 99 %
2026/03/19 16:51:22.430, 107.19 W, 99 %
2026/03/19 16:51:22.530, 107.37 W, 99 %
2026/03/19 16:51:22.630, 107.38 W, 99 %
2026/03/19 16:51:22.731, 107.28 W, 99 %
2026/03/19 16:51:22.831, 107.40 W, 99 %
2026/03/19 16:51:22.931, 107.42 W, 99 %
2026/03/19 16:51:23.031, 107.24 W, 99 %
2026/03/19 16:51:23.131, 107.50 W, 99 %
2026/03/19 16:51:23.231, 107.35 W, 99 %
2026/03/19 16:51:23.331, 107.17 W, 99 %
2026/03/19 16:51:23.432, 107.24 W, 99 %
2026/03/19 16:51:23.532, 107.17 W, 99 %
2026/03/19 16:51:23.632, 107.11 W, 99 %
2026/03/19 16:51:23.732, 107.32 W, 99 %
2026/03/19 16:51:23.832, 107.40 W, 99 %
2026/03/19 16:51:23.932, 107.37 W, 99 %
2026/03/19 16:51:24.032, 107.59 W, 99 %
2026/03/19 16:51:24.133, 107.54 W, 99 %
2026/03/19 16:51:24.233, 107.67 W, 99 %
2026/03/19 16:51:24.333, 107.78 W, 99 %
2026/03/19 16:51:24.433, 107.63 W, 99 %
2026/03/19 16:51:24.533, 107.63 W, 99 %
2026/03/19 16:51:24.633, 107.45 W, 99 %
2026/03/19 16:51:24.733, 107.16 W, 99 %
2026/03/19 16:51:24.834, 107.17 W, 99 %
2026/03/19 16:51:24.934, 107.13 W, 99 %
2026/03/19 16:51:25.034, 107.07 W, 99 %
2026/03/19 16:51:25.134, 106.98 W, 99 %
2026/03/19 16:51:25.234, 106.79 W, 99 %
2026/03/19 16:51:25.334, 106.75 W, 99 %
2026/03/19 16:51:25.434, 106.72 W, 99 %
2026/03/19 16:51:25.535, 106.66 W, 99 %
2026/03/19 16:51:25.635, 106.54 W, 99 %
2026/03/19 16:51:25.735, 106.62 W, 99 %
2026/03/19 16:51:25.835, 106.53 W, 99 %
2026/03/19 16:51:25.935, 106.52 W, 99 %
2026/03/19 16:51:26.035, 106.69 W, 99 %
2026/03/19 16:51:26.136, 106.44 W, 99 %
2026/03/19 16:51:26.236, 106.62 W, 99 %
2026/03/19 16:51:26.336, 106.35 W, 99 %
2026/03/19 16:51:26.436, 106.36 W, 99 %
2026/03/19 16:51:26.536, 105.51 W, 99 %
2026/03/19 16:51:26.636, 105.77 W, 99 %
2026/03/19 16:51:26.736, 105.76 W, 99 %
2026/03/19 16:51:26.837, 106.08 W, 99 %
2026/03/19 16:51:26.937, 105.92 W, 99 %
2026/03/19 16:51:27.037, 105.81 W, 99 %
2026/03/19 16:51:27.137, 105.99 W, 99 %
2026/03/19 16:51:27.237, 105.88 W, 99 %
2026/03/19 16:51:27.337, 105.97 W, 99 %
2026/03/19 16:51:27.437, 106.11 W, 99 %
2026/03/19 16:51:27.538, 106.42 W, 99 %
2026/03/19 16:51:27.638, 106.66 W, 99 %
2026/03/19 16:51:27.738, 106.44 W, 99 %
2026/03/19 16:51:27.838, 106.52 W, 99 %
2026/03/19 16:51:27.938, 106.53 W, 99 %
2026/03/19 16:51:28.038, 106.57 W, 99 %
2026/03/19 16:51:28.138, 106.78 W, 99 %
2026/03/19 16:51:28.239, 106.95 W, 99 %
2026/03/19 16:51:28.339, 106.99 W, 99 %
2026/03/19 16:51:28.439, 107.17 W, 99 %
2026/03/19 16:51:28.539, 107.26 W, 99 %
2026/03/19 16:51:28.639, 107.33 W, 99 %
2026/03/19 16:51:28.739, 107.47 W, 99 %
2026/03/19 16:51:28.839, 107.37 W, 99 %
2026/03/19 16:51:28.940, 107.51 W, 99 %
2026/03/19 16:51:29.040, 107.68 W, 99 %
2026/03/19 16:51:29.140, 107.28 W, 99 %
2026/03/19 16:51:29.240, 107.34 W, 99 %
2026/03/19 16:51:29.340, 107.44 W, 99 %
2026/03/19 16:51:29.440, 107.30 W, 99 %
2026/03/19 16:51:29.540, 107.38 W, 99 %
2026/03/19 16:51:29.641, 107.42 W, 99 %
2026/03/19 16:51:29.741, 107.61 W, 99 %
2026/03/19 16:51:29.841, 107.69 W, 99 %
2026/03/19 16:51:29.941, 107.58 W, 99 %
2026/03/19 16:51:30.041, 107.34 W, 99 %
2026/03/19 16:51:30.141, 107.60 W, 99 %
2026/03/19 16:51:30.241, 107.36 W, 99 %
2026/03/19 16:51:30.342, 107.32 W, 99 %
2026/03/19 16:51:30.442, 107.37 W, 99 %
2026/03/19 16:51:30.542, 107.05 W, 99 %
2026/03/19 16:51:30.642, 106.99 W, 99 %
2026/03/19 16:51:30.742, 106.64 W, 99 %
2026/03/19 16:51:30.842, 106.53 W, 99 %
2026/03/19 16:51:30.942, 106.56 W, 99 %
2026/03/19 16:51:31.043, 106.60 W, 99 %
2026/03/19 16:51:31.143, 106.48 W, 99 %
2026/03/19 16:51:31.243, 106.65 W, 99 %
2026/03/19 16:51:31.343, 106.75 W, 99 %
2026/03/19 16:51:31.443, 106.73 W, 99 %
2026/03/19 16:51:31.543, 106.83 W, 99 %
2026/03/19 16:51:31.643, 106.81 W, 99 %
2026/03/19 16:51:31.744, 107.14 W, 99 %
2026/03/19 16:51:31.844, 107.25 W, 99 %
2026/03/19 16:51:31.944, 107.23 W, 99 %
2026/03/19 16:51:32.044, 107.29 W, 99 %
2026/03/19 16:51:32.144, 107.29 W, 99 %
2026/03/19 16:51:32.244, 107.38 W, 99 %
2026/03/19 16:51:32.344, 107.26 W, 99 %
2026/03/19 16:51:32.445, 107.42 W, 99 %
2026/03/19 16:51:32.545, 107.54 W, 99 %
2026/03/19 16:51:32.645, 107.50 W, 99 %
2026/03/19 16:51:32.745, 107.46 W, 99 %
2026/03/19 16:51:32.845, 107.57 W, 99 %
2026/03/19 16:51:32.945, 107.54 W, 99 %
2026/03/19 16:51:33.045, 106.61 W, 99 %
2026/03/19 16:51:33.146, 106.39 W, 99 %
2026/03/19 16:51:33.246, 106.28 W, 99 %
2026/03/19 16:51:33.346, 106.32 W, 99 %
2026/03/19 16:51:33.446, 106.27 W, 99 %
2026/03/19 16:51:33.546, 106.07 W, 99 %
2026/03/19 16:51:33.646, 106.21 W, 99 %
2026/03/19 16:51:33.746, 106.23 W, 99 %
2026/03/19 16:51:33.847, 106.15 W, 99 %
2026/03/19 16:51:33.947, 106.12 W, 99 %
2026/03/19 16:51:34.047, 107.04 W, 99 %
2026/03/19 16:51:34.147, 107.07 W, 99 %
2026/03/19 16:51:34.247, 107.09 W, 99 %
2026/03/19 16:51:34.347, 106.93 W, 99 %
2026/03/19 16:51:34.447, 106.83 W, 99 %
2026/03/19 16:51:34.548, 107.03 W, 99 %
2026/03/19 16:51:34.648, 107.18 W, 99 %
2026/03/19 16:51:34.748, 107.00 W, 99 %
2026/03/19 16:51:34.848, 107.15 W, 99 %
2026/03/19 16:51:34.948, 107.06 W, 99 %
2026/03/19 16:51:35.048, 107.29 W, 99 %
2026/03/19 16:51:35.148, 107.56 W, 99 %
2026/03/19 16:51:35.249, 107.30 W, 99 %
2026/03/19 16:51:35.349, 107.43 W, 99 %
2026/03/19 16:51:35.449, 107.55 W, 99 %
2026/03/19 16:51:35.549, 107.59 W, 99 %
2026/03/19 16:51:35.649, 107.24 W, 99 %
2026/03/19 16:51:35.749, 107.36 W, 99 %
2026/03/19 16:51:35.850, 107.28 W, 99 %
2026/03/19 16:51:35.950, 107.09 W, 99 %
2026/03/19 16:51:36.050, 107.11 W, 99 %
2026/03/19 16:51:36.150, 106.86 W, 99 %
2026/03/19 16:51:36.250, 106.84 W, 99 %
2026/03/19 16:51:36.350, 106.81 W, 99 %
2026/03/19 16:51:36.450, 106.77 W, 99 %
2026/03/19 16:51:36.551, 106.56 W, 99 %
2026/03/19 16:51:36.651, 106.74 W, 99 %
2026/03/19 16:51:36.751, 106.82 W, 99 %
2026/03/19 16:51:36.851, 106.72 W, 99 %
2026/03/19 16:51:36.951, 106.89 W, 99 %
2026/03/19 16:51:37.051, 106.90 W, 99 %
2026/03/19 16:51:37.151, 106.95 W, 99 %
2026/03/19 16:51:37.252, 106.90 W, 99 %
2026/03/19 16:51:37.352, 106.87 W, 99 %
2026/03/19 16:51:37.452, 106.79 W, 99 %
2026/03/19 16:51:37.552, 106.93 W, 99 %
2026/03/19 16:51:37.652, 106.83 W, 99 %
2026/03/19 16:51:37.752, 106.83 W, 99 %
2026/03/19 16:51:37.852, 106.68 W, 99 %
2026/03/19 16:51:37.953, 106.77 W, 99 %
2026/03/19 16:51:38.053, 106.58 W, 99 %
2026/03/19 16:51:38.153, 106.72 W, 99 %
2026/03/19 16:51:38.253, 106.81 W, 99 %
2026/03/19 16:51:38.353, 106.86 W, 99 %
2026/03/19 16:51:38.453, 107.15 W, 99 %
2026/03/19 16:51:38.553, 106.81 W, 99 %
2026/03/19 16:51:38.654, 106.82 W, 99 %
2026/03/19 16:51:38.754, 106.81 W, 99 %
2026/03/19 16:51:38.854, 107.08 W, 99 %
2026/03/19 16:51:38.954, 106.90 W, 99 %
2026/03/19 16:51:39.054, 106.92 W, 99 %
2026/03/19 16:51:39.154, 106.94 W, 99 %
2026/03/19 16:51:39.254, 107.10 W, 99 %
2026/03/19 16:51:39.355, 107.00 W, 99 %
2026/03/19 16:51:39.455, 106.85 W, 99 %
2026/03/19 16:51:39.555, 106.28 W, 77 %
2026/03/19 16:51:39.655, 106.36 W, 77 %
2026/03/19 16:51:39.755, 106.45 W, 99 %
2026/03/19 16:51:39.855, 106.41 W, 99 %
2026/03/19 16:51:39.956, 106.41 W, 99 %
2026/03/19 16:51:40.056, 106.56 W, 99 %
2026/03/19 16:51:40.156, 106.21 W, 99 %
2026/03/19 16:51:40.256, 106.16 W, 99 %
2026/03/19 16:51:40.356, 106.18 W, 99 %
2026/03/19 16:51:40.456, 106.43 W, 99 %
2026/03/19 16:51:40.556, 107.20 W, 99 %
2026/03/19 16:51:40.657, 107.23 W, 99 %
2026/03/19 16:51:40.757, 107.05 W, 99 %
2026/03/19 16:51:40.857, 106.89 W, 99 %
2026/03/19 16:51:40.957, 106.79 W, 99 %
2026/03/19 16:51:41.057, 106.63 W, 99 %
2026/03/19 16:51:41.157, 106.89 W, 99 %
2026/03/19 16:51:41.257, 107.04 W, 99 %
2026/03/19 16:51:41.358, 107.00 W, 99 %
2026/03/19 16:51:41.458, 106.83 W, 99 %
2026/03/19 16:51:41.558, 106.82 W, 99 %
2026/03/19 16:51:41.658, 106.79 W, 99 %
2026/03/19 16:51:41.758, 106.75 W, 99 %
2026/03/19 16:51:41.858, 106.79 W, 99 %
2026/03/19 16:51:41.958, 106.64 W, 99 %
2026/03/19 16:51:42.059, 106.76 W, 99 %
2026/03/19 16:51:42.159, 106.93 W, 99 %
2026/03/19 16:51:42.259, 106.48 W, 99 %
2026/03/19 16:51:42.359, 106.71 W, 99 %
2026/03/19 16:51:42.459, 106.67 W, 99 %
2026/03/19 16:51:42.559, 106.75 W, 99 %
2026/03/19 16:51:42.659, 106.51 W, 99 %
2026/03/19 16:51:42.760, 106.72 W, 99 %
2026/03/19 16:51:42.860, 107.00 W, 99 %
2026/03/19 16:51:42.960, 106.99 W, 99 %
2026/03/19 16:51:43.060, 106.96 W, 99 %
2026/03/19 16:51:43.160, 106.83 W, 99 %
2026/03/19 16:51:43.260, 107.07 W, 99 %
2026/03/19 16:51:43.360, 106.92 W, 99 %
2026/03/19 16:51:43.461, 107.14 W, 99 %
2026/03/19 16:51:43.561, 107.32 W, 99 %
2026/03/19 16:51:43.661, 107.23 W, 99 %
2026/03/19 16:51:43.761, 107.26 W, 99 %
2026/03/19 16:51:43.861, 106.96 W, 99 %
2026/03/19 16:51:43.961, 107.14 W, 99 %
2026/03/19 16:51:44.061, 107.38 W, 99 %
2026/03/19 16:51:44.162, 107.29 W, 99 %
2026/03/19 16:51:44.262, 107.05 W, 99 %
2026/03/19 16:51:44.362, 107.23 W, 99 %
2026/03/19 16:51:44.462, 107.16 W, 99 %
2026/03/19 16:51:44.562, 106.86 W, 99 %
2026/03/19 16:51:44.662, 106.92 W, 99 %
2026/03/19 16:51:44.762, 106.93 W, 99 %
2026/03/19 16:51:44.863, 107.07 W, 99 %
2026/03/19 16:51:44.963, 106.89 W, 99 %
2026/03/19 16:51:45.063, 106.81 W, 99 %
2026/03/19 16:51:45.163, 106.90 W, 99 %
2026/03/19 16:51:45.263, 106.95 W, 99 %
2026/03/19 16:51:45.363, 106.78 W, 99 %
2026/03/19 16:51:45.463, 106.81 W, 99 %
2026/03/19 16:51:45.564, 106.71 W, 99 %
2026/03/19 16:51:45.664, 106.99 W, 99 %
2026/03/19 16:51:45.764, 106.83 W, 99 %
2026/03/19 16:51:45.864, 107.04 W, 99 %
2026/03/19 16:51:45.964, 107.34 W, 99 %
2026/03/19 16:51:46.064, 106.22 W, 99 %
2026/03/19 16:51:46.164, 106.09 W, 99 %
2026/03/19 16:51:46.265, 106.28 W, 99 %
2026/03/19 16:51:46.365, 106.49 W, 99 %
2026/03/19 16:51:46.465, 106.32 W, 99 %
2026/03/19 16:51:46.565, 106.43 W, 99 %
2026/03/19 16:51:46.665, 106.38 W, 99 %
2026/03/19 16:51:46.765, 106.36 W, 99 %
2026/03/19 16:51:46.866, 106.36 W, 99 %
2026/03/19 16:51:46.966, 106.33 W, 99 %
2026/03/19 16:51:47.066, 107.36 W, 99 %
2026/03/19 16:51:47.166, 107.58 W, 99 %
2026/03/19 16:51:47.266, 107.69 W, 99 %
2026/03/19 16:51:47.366, 107.65 W, 99 %
2026/03/19 16:51:47.466, 107.82 W, 99 %
2026/03/19 16:51:47.567, 107.82 W, 99 %
2026/03/19 16:51:47.667, 107.71 W, 99 %
2026/03/19 16:51:47.767, 107.71 W, 99 %
2026/03/19 16:51:47.867, 107.60 W, 99 %
2026/03/19 16:51:47.967, 107.68 W, 99 %
2026/03/19 16:51:48.067, 107.53 W, 99 %
2026/03/19 16:51:48.167, 107.27 W, 99 %
2026/03/19 16:51:48.268, 107.15 W, 99 %
2026/03/19 16:51:48.368, 106.99 W, 99 %
2026/03/19 16:51:48.468, 107.08 W, 99 %
2026/03/19 16:51:48.568, 107.11 W, 99 %
2026/03/19 16:51:48.668, 107.15 W, 99 %
2026/03/19 16:51:48.768, 107.07 W, 99 %
2026/03/19 16:51:48.869, 107.04 W, 99 %
2026/03/19 16:51:48.969, 107.05 W, 99 %
2026/03/19 16:51:49.069, 106.91 W, 99 %
2026/03/19 16:51:49.169, 106.90 W, 99 %
2026/03/19 16:51:49.269, 106.81 W, 99 %
2026/03/19 16:51:49.369, 107.03 W, 99 %
2026/03/19 16:51:49.469, 107.11 W, 99 %
2026/03/19 16:51:49.570, 106.76 W, 99 %
2026/03/19 16:51:49.670, 106.81 W, 99 %
2026/03/19 16:51:49.770, 107.03 W, 99 %
2026/03/19 16:51:49.870, 107.27 W, 99 %
2026/03/19 16:51:49.970, 107.17 W, 99 %
2026/03/19 16:51:50.070, 107.29 W, 99 %
2026/03/19 16:51:50.170, 107.55 W, 99 %
2026/03/19 16:51:50.271, 107.68 W, 99 %
2026/03/19 16:51:50.371, 107.71 W, 99 %
2026/03/19 16:51:50.471, 107.63 W, 99 %
2026/03/19 16:51:50.571, 107.66 W, 99 %
2026/03/19 16:51:50.671, 107.72 W, 99 %
2026/03/19 16:51:50.771, 107.82 W, 99 %
2026/03/19 16:51:50.871, 107.49 W, 99 %
2026/03/19 16:51:50.972, 107.35 W, 99 %
2026/03/19 16:51:51.072, 107.41 W, 99 %
2026/03/19 16:51:51.172, 107.17 W, 99 %
2026/03/19 16:51:51.272, 106.91 W, 99 %
2026/03/19 16:51:51.372, 106.80 W, 99 %
2026/03/19 16:51:51.472, 106.54 W, 99 %
2026/03/19 16:51:51.573, 106.70 W, 99 %
2026/03/19 16:51:51.673, 106.84 W, 99 %
2026/03/19 16:51:51.773, 106.49 W, 99 %
2026/03/19 16:51:51.873, 106.64 W, 99 %
2026/03/19 16:51:51.973, 106.91 W, 99 %
2026/03/19 16:51:52.073, 106.80 W, 99 %
2026/03/19 16:51:52.173, 106.75 W, 99 %
2026/03/19 16:51:52.274, 107.03 W, 99 %
2026/03/19 16:51:52.374, 107.09 W, 99 %
2026/03/19 16:51:52.474, 107.18 W, 99 %
2026/03/19 16:51:52.574, 104.42 W, 49 %
2026/03/19 16:51:52.674, 102.34 W, 49 %
2026/03/19 16:51:52.774, 102.22 W, 99 %
2026/03/19 16:51:52.874, 102.35 W, 99 %
2026/03/19 16:51:52.975, 101.99 W, 99 %
2026/03/19 16:51:53.075, 102.12 W, 99 %
2026/03/19 16:51:53.175, 102.32 W, 99 %
2026/03/19 16:51:53.275, 102.39 W, 99 %
2026/03/19 16:51:53.375, 102.20 W, 99 %
2026/03/19 16:51:53.475, 102.42 W, 99 %
2026/03/19 16:51:53.575, 104.94 W, 99 %
2026/03/19 16:51:53.676, 106.75 W, 99 %
2026/03/19 16:51:53.776, 107.06 W, 99 %
2026/03/19 16:51:53.876, 107.09 W, 99 %
2026/03/19 16:51:53.976, 107.13 W, 99 %
2026/03/19 16:51:54.076, 107.21 W, 99 %
2026/03/19 16:51:54.176, 106.95 W, 99 %
2026/03/19 16:51:54.276, 106.99 W, 99 %
2026/03/19 16:51:54.377, 107.10 W, 99 %
2026/03/19 16:51:54.477, 106.88 W, 99 %
2026/03/19 16:51:54.577, 107.24 W, 99 %
2026/03/19 16:51:54.677, 107.20 W, 99 %
2026/03/19 16:51:54.777, 106.91 W, 99 %
2026/03/19 16:51:54.877, 106.89 W, 99 %
2026/03/19 16:51:54.977, 106.90 W, 99 %
2026/03/19 16:51:55.078, 106.71 W, 99 %
2026/03/19 16:51:55.178, 106.98 W, 99 %
2026/03/19 16:51:55.278, 106.78 W, 99 %
2026/03/19 16:51:55.378, 106.56 W, 99 %
2026/03/19 16:51:55.478, 106.48 W, 99 %
2026/03/19 16:51:55.578, 106.40 W, 99 %
2026/03/19 16:51:55.678, 106.23 W, 99 %
2026/03/19 16:51:55.779, 106.30 W, 99 %
2026/03/19 16:51:55.879, 106.52 W, 99 %
2026/03/19 16:51:55.979, 106.47 W, 99 %
2026/03/19 16:51:56.079, 106.42 W, 99 %
2026/03/19 16:51:56.179, 106.26 W, 99 %
2026/03/19 16:51:56.279, 106.32 W, 99 %
2026/03/19 16:51:56.379, 106.52 W, 99 %
2026/03/19 16:51:56.480, 106.77 W, 99 %
2026/03/19 16:51:56.580, 106.87 W, 99 %
2026/03/19 16:51:56.680, 107.02 W, 99 %
2026/03/19 16:51:56.780, 107.00 W, 99 %
2026/03/19 16:51:56.880, 106.91 W, 99 %
2026/03/19 16:51:56.980, 106.97 W, 99 %
2026/03/19 16:51:57.081, 107.20 W, 99 %
2026/03/19 16:51:57.181, 107.19 W, 99 %
2026/03/19 16:51:57.281, 107.26 W, 99 %
2026/03/19 16:51:57.381, 107.19 W, 99 %
2026/03/19 16:51:57.481, 107.33 W, 99 %
2026/03/19 16:51:57.581, 107.19 W, 99 %
2026/03/19 16:51:57.681, 107.25 W, 99 %
2026/03/19 16:51:57.782, 107.32 W, 99 %
2026/03/19 16:51:57.882, 107.21 W, 99 %
2026/03/19 16:51:57.982, 107.43 W, 99 %
2026/03/19 16:51:58.082, 107.26 W, 99 %
2026/03/19 16:51:58.182, 107.37 W, 99 %
2026/03/19 16:51:58.282, 107.31 W, 99 %
2026/03/19 16:51:58.382, 107.38 W, 99 %
2026/03/19 16:51:58.483, 107.43 W, 99 %
2026/03/19 16:51:58.583, 107.39 W, 99 %
2026/03/19 16:51:58.683, 107.47 W, 99 %
2026/03/19 16:51:58.783, 107.38 W, 99 %
2026/03/19 16:51:58.883, 107.20 W, 99 %
2026/03/19 16:51:58.983, 107.02 W, 99 %
2026/03/19 16:51:59.083, 107.20 W, 99 %
2026/03/19 16:51:59.184, 106.21 W, 75 %
2026/03/19 16:51:59.284, 106.46 W, 75 %
2026/03/19 16:51:59.384, 106.25 W, 99 %
2026/03/19 16:51:59.484, 105.97 W, 99 %
2026/03/19 16:51:59.584, 106.12 W, 99 %
2026/03/19 16:51:59.684, 106.08 W, 99 %
2026/03/19 16:51:59.785, 106.14 W, 99 %
2026/03/19 16:51:59.885, 106.52 W, 99 %
2026/03/19 16:51:59.985, 106.50 W, 99 %
2026/03/19 16:52:00.085, 106.44 W, 99 %
2026/03/19 16:52:00.185, 107.35 W, 99 %
2026/03/19 16:52:00.285, 107.38 W, 99 %
2026/03/19 16:52:00.385, 107.46 W, 99 %
2026/03/19 16:52:00.486, 107.39 W, 99 %
2026/03/19 16:52:00.586, 107.41 W, 99 %
2026/03/19 16:52:00.686, 107.49 W, 99 %
2026/03/19 16:52:00.786, 107.40 W, 99 %
2026/03/19 16:52:00.886, 107.47 W, 99 %
2026/03/19 16:52:00.986, 107.31 W, 99 %
2026/03/19 16:52:01.086, 107.29 W, 99 %
2026/03/19 16:52:01.187, 107.32 W, 99 %
2026/03/19 16:52:01.287, 107.14 W, 99 %
2026/03/19 16:52:01.387, 107.00 W, 99 %
2026/03/19 16:52:01.487, 107.20 W, 99 %
2026/03/19 16:52:01.587, 107.25 W, 99 %
2026/03/19 16:52:01.687, 107.01 W, 99 %
2026/03/19 16:52:01.787, 107.09 W, 99 %
2026/03/19 16:52:01.888, 106.78 W, 99 %
2026/03/19 16:52:01.988, 106.96 W, 99 %
2026/03/19 16:52:02.088, 107.06 W, 99 %
2026/03/19 16:52:02.188, 106.90 W, 99 %
2026/03/19 16:52:02.288, 106.96 W, 99 %
2026/03/19 16:52:02.388, 106.86 W, 99 %
2026/03/19 16:52:02.489, 106.80 W, 99 %
2026/03/19 16:52:02.589, 106.89 W, 99 %
2026/03/19 16:52:02.689, 106.96 W, 99 %
2026/03/19 16:52:02.789, 106.97 W, 99 %
2026/03/19 16:52:02.889, 107.06 W, 99 %
2026/03/19 16:52:02.989, 107.27 W, 99 %
2026/03/19 16:52:03.089, 106.97 W, 99 %
2026/03/19 16:52:03.190, 107.03 W, 99 %
2026/03/19 16:52:03.290, 107.06 W, 99 %
2026/03/19 16:52:03.390, 107.19 W, 99 %
2026/03/19 16:52:03.490, 107.24 W, 99 %
2026/03/19 16:52:03.590, 106.93 W, 99 %
2026/03/19 16:52:03.690, 106.89 W, 99 %
2026/03/19 16:52:03.790, 107.13 W, 99 %
2026/03/19 16:52:03.891, 107.08 W, 99 %
2026/03/19 16:52:03.991, 106.74 W, 99 %
2026/03/19 16:52:04.091, 106.83 W, 99 %
2026/03/19 16:52:04.191, 107.02 W, 99 %
2026/03/19 16:52:04.291, 106.85 W, 99 %
2026/03/19 16:52:04.391, 107.01 W, 99 %
2026/03/19 16:52:04.491, 107.00 W, 99 %
2026/03/19 16:52:04.592, 107.27 W, 99 %
2026/03/19 16:52:04.692, 107.22 W, 99 %
2026/03/19 16:52:04.792, 107.10 W, 99 %
2026/03/19 16:52:04.892, 107.10 W, 99 %
2026/03/19 16:52:04.992, 107.04 W, 99 %
2026/03/19 16:52:05.092, 107.08 W, 99 %
2026/03/19 16:52:05.193, 107.08 W, 99 %
2026/03/19 16:52:05.293, 107.31 W, 99 %
2026/03/19 16:52:05.393, 107.25 W, 99 %
2026/03/19 16:52:05.493, 107.15 W, 99 %
2026/03/19 16:52:05.593, 107.18 W, 99 %
2026/03/19 16:52:05.693, 106.27 W, 99 %
2026/03/19 16:52:05.793, 106.19 W, 99 %
2026/03/19 16:52:05.894, 106.18 W, 99 %
2026/03/19 16:52:05.994, 106.19 W, 99 %
2026/03/19 16:52:06.094, 106.37 W, 99 %
2026/03/19 16:52:06.194, 106.25 W, 99 %
2026/03/19 16:52:06.294, 106.18 W, 99 %
2026/03/19 16:52:06.394, 106.00 W, 99 %
2026/03/19 16:52:06.494, 106.07 W, 99 %
2026/03/19 16:52:06.595, 105.99 W, 99 %
2026/03/19 16:52:06.695, 106.82 W, 99 %
2026/03/19 16:52:06.795, 106.82 W, 99 %
2026/03/19 16:52:06.895, 106.71 W, 99 %
2026/03/19 16:52:06.995, 106.85 W, 99 %
2026/03/19 16:52:07.095, 106.85 W, 99 %
2026/03/19 16:52:07.196, 106.83 W, 99 %
2026/03/19 16:52:07.296, 106.66 W, 99 %
2026/03/19 16:52:07.396, 106.67 W, 99 %
2026/03/19 16:52:07.496, 106.77 W, 99 %
2026/03/19 16:52:07.596, 106.79 W, 99 %
2026/03/19 16:52:07.696, 106.59 W, 99 %
2026/03/19 16:52:07.796, 106.65 W, 99 %
2026/03/19 16:52:07.897, 106.69 W, 99 %
2026/03/19 16:52:07.997, 106.81 W, 99 %
2026/03/19 16:52:08.097, 106.77 W, 99 %
2026/03/19 16:52:08.197, 106.56 W, 99 %
2026/03/19 16:52:08.297, 106.84 W, 99 %
2026/03/19 16:52:08.397, 106.97 W, 99 %
2026/03/19 16:52:08.497, 106.79 W, 99 %
2026/03/19 16:52:08.598, 106.74 W, 99 %
2026/03/19 16:52:08.698, 106.82 W, 99 %
2026/03/19 16:52:08.798, 106.63 W, 99 %
2026/03/19 16:52:08.898, 106.74 W, 99 %
2026/03/19 16:52:08.998, 106.41 W, 99 %
2026/03/19 16:52:09.098, 106.39 W, 99 %
2026/03/19 16:52:09.198, 106.61 W, 99 %
2026/03/19 16:52:09.299, 106.67 W, 99 %
2026/03/19 16:52:09.399, 106.53 W, 99 %
2026/03/19 16:52:09.499, 106.75 W, 99 %
2026/03/19 16:52:09.599, 106.77 W, 99 %
2026/03/19 16:52:09.699, 106.87 W, 99 %
2026/03/19 16:52:09.799, 107.08 W, 99 %
2026/03/19 16:52:09.899, 107.17 W, 99 %
2026/03/19 16:52:10.000, 107.40 W, 99 %
2026/03/19 16:52:10.100, 107.36 W, 99 %
2026/03/19 16:52:10.200, 107.24 W, 99 %
2026/03/19 16:52:10.300, 107.06 W, 99 %
2026/03/19 16:52:10.400, 106.99 W, 99 %
2026/03/19 16:52:10.500, 106.75 W, 99 %
2026/03/19 16:52:10.600, 106.79 W, 99 %
2026/03/19 16:52:10.701, 106.60 W, 99 %
2026/03/19 16:52:10.801, 106.39 W, 99 %
2026/03/19 16:52:10.901, 106.18 W, 99 %
2026/03/19 16:52:11.001, 106.21 W, 99 %
2026/03/19 16:52:11.101, 106.22 W, 99 %
2026/03/19 16:52:11.201, 106.24 W, 99 %
2026/03/19 16:52:11.302, 106.42 W, 99 %
2026/03/19 16:52:11.402, 106.33 W, 99 %
2026/03/19 16:52:11.502, 106.52 W, 99 %
2026/03/19 16:52:11.602, 106.29 W, 99 %
2026/03/19 16:52:11.702, 106.48 W, 99 %
2026/03/19 16:52:11.802, 106.72 W, 99 %
2026/03/19 16:52:11.902, 106.73 W, 99 %
2026/03/19 16:52:12.003, 106.61 W, 99 %
2026/03/19 16:52:12.103, 106.55 W, 99 %
2026/03/19 16:52:12.203, 105.83 W, 78 %
2026/03/19 16:52:12.303, 105.83 W, 78 %
2026/03/19 16:52:12.403, 105.79 W, 99 %
2026/03/19 16:52:12.503, 105.73 W, 99 %
2026/03/19 16:52:12.603, 106.11 W, 99 %
2026/03/19 16:52:12.704, 105.92 W, 99 %
2026/03/19 16:52:12.804, 105.90 W, 99 %
2026/03/19 16:52:12.904, 106.15 W, 99 %
2026/03/19 16:52:13.004, 106.01 W, 99 %
2026/03/19 16:52:13.104, 106.03 W, 99 %
2026/03/19 16:52:13.204, 107.11 W, 99 %
2026/03/19 16:52:13.304, 106.90 W, 99 %
2026/03/19 16:52:13.405, 107.16 W, 99 %
2026/03/19 16:52:13.505, 106.95 W, 99 %
2026/03/19 16:52:13.605, 106.91 W, 99 %
2026/03/19 16:52:13.705, 106.93 W, 99 %
2026/03/19 16:52:13.805, 107.06 W, 99 %
2026/03/19 16:52:13.905, 106.91 W, 99 %
2026/03/19 16:52:14.005, 106.99 W, 99 %
2026/03/19 16:52:14.106, 107.01 W, 99 %
2026/03/19 16:52:14.206, 106.85 W, 99 %
2026/03/19 16:52:14.306, 107.01 W, 99 %
2026/03/19 16:52:14.406, 106.76 W, 99 %
2026/03/19 16:52:14.506, 107.02 W, 99 %
2026/03/19 16:52:14.606, 107.04 W, 99 %
2026/03/19 16:52:14.706, 107.16 W, 99 %
2026/03/19 16:52:14.807, 106.78 W, 99 %
2026/03/19 16:52:14.907, 106.71 W, 99 %
2026/03/19 16:52:15.007, 106.90 W, 99 %
2026/03/19 16:52:15.107, 107.10 W, 99 %
2026/03/19 16:52:15.207, 106.96 W, 99 %
2026/03/19 16:52:15.307, 107.09 W, 99 %
2026/03/19 16:52:15.407, 107.23 W, 99 %
2026/03/19 16:52:15.508, 107.16 W, 99 %
2026/03/19 16:52:15.608, 107.15 W, 99 %
2026/03/19 16:52:15.708, 106.98 W, 99 %
2026/03/19 16:52:15.808, 107.08 W, 99 %
2026/03/19 16:52:15.908, 107.02 W, 99 %
2026/03/19 16:52:16.008, 106.78 W, 99 %
2026/03/19 16:52:16.108, 106.85 W, 99 %
2026/03/19 16:52:16.209, 106.85 W, 99 %
2026/03/19 16:52:16.309, 106.64 W, 99 %
2026/03/19 16:52:16.409, 106.61 W, 99 %
2026/03/19 16:52:16.509, 106.80 W, 99 %
2026/03/19 16:52:16.609, 106.78 W, 99 %
2026/03/19 16:52:16.709, 107.03 W, 99 %
2026/03/19 16:52:16.810, 107.15 W, 99 %
2026/03/19 16:52:16.910, 107.01 W, 99 %
2026/03/19 16:52:17.010, 107.25 W, 99 %
2026/03/19 16:52:17.110, 106.96 W, 99 %
2026/03/19 16:52:17.210, 106.96 W, 99 %
2026/03/19 16:52:17.310, 107.24 W, 99 %
2026/03/19 16:52:17.410, 107.08 W, 99 %
2026/03/19 16:52:17.511, 106.88 W, 99 %
2026/03/19 16:52:17.611, 106.89 W, 99 %
2026/03/19 16:52:17.711, 106.75 W, 99 %
2026/03/19 16:52:17.811, 106.81 W, 99 %
2026/03/19 16:52:17.911, 107.17 W, 99 %
2026/03/19 16:52:18.011, 107.31 W, 99 %
2026/03/19 16:52:18.111, 107.29 W, 99 %
2026/03/19 16:52:18.212, 107.29 W, 99 %
2026/03/19 16:52:18.312, 107.10 W, 99 %
2026/03/19 16:52:18.412, 107.31 W, 99 %
2026/03/19 16:52:18.512, 107.38 W, 99 %
2026/03/19 16:52:18.612, 107.43 W, 99 %
2026/03/19 16:52:18.712, 106.58 W, 99 %
2026/03/19 16:52:18.812, 106.40 W, 84 %
2026/03/19 16:52:18.913, 106.29 W, 84 %
2026/03/19 16:52:19.013, 106.29 W, 99 %
2026/03/19 16:52:19.113, 106.15 W, 99 %
2026/03/19 16:52:19.213, 106.15 W, 99 %
2026/03/19 16:52:19.313, 106.18 W, 99 %
2026/03/19 16:52:19.413, 106.11 W, 99 %
2026/03/19 16:52:19.514, 105.91 W, 99 %
2026/03/19 16:52:19.614, 105.73 W, 99 %
2026/03/19 16:52:19.714, 106.69 W, 99 %
2026/03/19 16:52:19.814, 107.00 W, 99 %
2026/03/19 16:52:19.914, 106.89 W, 99 %
2026/03/19 16:52:20.014, 106.92 W, 99 %
2026/03/19 16:52:20.114, 107.34 W, 99 %
2026/03/19 16:52:20.215, 107.34 W, 99 %
2026/03/19 16:52:20.315, 107.20 W, 99 %
2026/03/19 16:52:20.415, 107.20 W, 99 %
2026/03/19 16:52:20.515, 107.41 W, 99 %
2026/03/19 16:52:20.615, 107.40 W, 99 %
2026/03/19 16:52:20.715, 107.18 W, 99 %
2026/03/19 16:52:20.815, 107.03 W, 99 %
2026/03/19 16:52:20.916, 107.09 W, 99 %
2026/03/19 16:52:21.016, 107.14 W, 99 %
2026/03/19 16:52:21.116, 106.61 W, 99 %
2026/03/19 16:52:21.216, 106.61 W, 99 %
2026/03/19 16:52:21.316, 106.81 W, 99 %
2026/03/19 16:52:21.416, 106.94 W, 99 %
2026/03/19 16:52:21.516, 107.07 W, 99 %
2026/03/19 16:52:21.617, 107.11 W, 99 %
2026/03/19 16:52:21.717, 107.25 W, 99 %
2026/03/19 16:52:21.817, 106.97 W, 99 %
2026/03/19 16:52:21.917, 106.91 W, 99 %
2026/03/19 16:52:22.017, 106.70 W, 99 %
2026/03/19 16:52:22.117, 107.03 W, 99 %
2026/03/19 16:52:22.217, 107.03 W, 99 %
2026/03/19 16:52:22.318, 107.11 W, 99 %
2026/03/19 16:52:22.418, 106.87 W, 99 %
2026/03/19 16:52:22.518, 106.70 W, 99 %
2026/03/19 16:52:22.618, 106.61 W, 99 %
2026/03/19 16:52:22.718, 106.87 W, 99 %
2026/03/19 16:52:22.818, 107.06 W, 99 %
2026/03/19 16:52:22.918, 107.46 W, 99 %
2026/03/19 16:52:23.019, 107.51 W, 99 %
2026/03/19 16:52:23.119, 107.86 W, 99 %
2026/03/19 16:52:23.219, 107.86 W, 99 %
2026/03/19 16:52:23.319, 107.43 W, 99 %
2026/03/19 16:52:23.419, 107.40 W, 99 %
2026/03/19 16:52:23.519, 107.27 W, 99 %
2026/03/19 16:52:23.619, 107.28 W, 99 %
2026/03/19 16:52:23.720, 107.19 W, 99 %
2026/03/19 16:52:23.820, 106.89 W, 99 %
2026/03/19 16:52:23.920, 106.68 W, 99 %
2026/03/19 16:52:24.020, 106.60 W, 99 %
2026/03/19 16:52:24.120, 106.36 W, 99 %
2026/03/19 16:52:24.220, 106.36 W, 99 %
2026/03/19 16:52:24.320, 106.68 W, 99 %
2026/03/19 16:52:24.421, 106.51 W, 99 %
2026/03/19 16:52:24.521, 106.79 W, 99 %
2026/03/19 16:52:24.621, 106.83 W, 99 %
2026/03/19 16:52:24.721, 106.83 W, 99 %
2026/03/19 16:52:24.821, 106.86 W, 99 %
2026/03/19 16:52:24.921, 106.71 W, 99 %
2026/03/19 16:52:25.021, 106.88 W, 99 %
2026/03/19 16:52:25.122, 106.79 W, 99 %
2026/03/19 16:52:25.222, 107.01 W, 99 %
2026/03/19 16:52:25.322, 105.79 W, 76 %
2026/03/19 16:52:25.422, 105.98 W, 76 %
2026/03/19 16:52:25.522, 105.74 W, 99 %
2026/03/19 16:52:25.622, 105.92 W, 99 %
2026/03/19 16:52:25.722, 105.97 W, 99 %
2026/03/19 16:52:25.823, 105.73 W, 99 %
2026/03/19 16:52:25.923, 105.86 W, 99 %
2026/03/19 16:52:26.023, 105.83 W, 99 %
2026/03/19 16:52:26.123, 105.86 W, 99 %
2026/03/19 16:52:26.223, 105.90 W, 99 %
2026/03/19 16:52:26.323, 106.90 W, 99 %
2026/03/19 16:52:26.424, 106.96 W, 99 %
2026/03/19 16:52:26.524, 107.13 W, 99 %
2026/03/19 16:52:26.624, 107.32 W, 99 %
2026/03/19 16:52:26.724, 107.29 W, 99 %
2026/03/19 16:52:26.824, 107.69 W, 99 %
2026/03/19 16:52:26.924, 107.84 W, 99 %
2026/03/19 16:52:27.024, 107.89 W, 99 %
2026/03/19 16:52:27.125, 107.78 W, 99 %
2026/03/19 16:52:27.225, 107.57 W, 99 %
2026/03/19 16:52:27.325, 107.54 W, 99 %
2026/03/19 16:52:27.425, 107.66 W, 99 %
2026/03/19 16:52:27.525, 107.43 W, 99 %
2026/03/19 16:52:27.625, 107.24 W, 99 %
2026/03/19 16:52:27.725, 107.14 W, 99 %
2026/03/19 16:52:27.826, 106.80 W, 99 %
2026/03/19 16:52:27.926, 106.71 W, 99 %
2026/03/19 16:52:28.026, 106.69 W, 99 %
2026/03/19 16:52:28.126, 106.81 W, 99 %
2026/03/19 16:52:28.226, 106.69 W, 99 %
2026/03/19 16:52:28.326, 106.79 W, 99 %
2026/03/19 16:52:28.427, 106.53 W, 99 %
2026/03/19 16:52:28.527, 106.63 W, 99 %
2026/03/19 16:52:28.627, 106.64 W, 99 %
2026/03/19 16:52:28.727, 106.66 W, 99 %
2026/03/19 16:52:28.827, 106.69 W, 99 %
2026/03/19 16:52:28.927, 106.83 W, 99 %
2026/03/19 16:52:29.027, 106.93 W, 99 %
2026/03/19 16:52:29.128, 106.93 W, 99 %
2026/03/19 16:52:29.228, 107.16 W, 99 %
2026/03/19 16:52:29.328, 107.32 W, 99 %
2026/03/19 16:52:29.428, 107.58 W, 99 %
2026/03/19 16:52:29.528, 107.56 W, 99 %
2026/03/19 16:52:29.628, 107.57 W, 99 %
2026/03/19 16:52:29.728, 107.71 W, 99 %
2026/03/19 16:52:29.829, 107.77 W, 99 %
2026/03/19 16:52:29.929, 107.57 W, 99 %
2026/03/19 16:52:30.029, 107.24 W, 99 %
2026/03/19 16:52:30.129, 107.20 W, 99 %
2026/03/19 16:52:30.229, 107.27 W, 99 %
2026/03/19 16:52:30.329, 107.03 W, 99 %
2026/03/19 16:52:30.429, 107.00 W, 99 %
2026/03/19 16:52:30.530, 106.88 W, 99 %
2026/03/19 16:52:30.630, 107.03 W, 99 %
2026/03/19 16:52:30.730, 106.91 W, 99 %
2026/03/19 16:52:30.830, 107.07 W, 99 %
2026/03/19 16:52:30.930, 107.20 W, 99 %
2026/03/19 16:52:31.030, 107.42 W, 99 %
2026/03/19 16:52:31.131, 107.48 W, 99 %
2026/03/19 16:52:31.231, 107.18 W, 99 %
2026/03/19 16:52:31.331, 107.16 W, 99 %
2026/03/19 16:52:31.431, 107.21 W, 99 %
2026/03/19 16:52:31.531, 107.33 W, 99 %
2026/03/19 16:52:31.631, 107.31 W, 99 %
2026/03/19 16:52:31.731, 107.08 W, 99 %
2026/03/19 16:52:31.832, 106.00 W, 99 %
2026/03/19 16:52:31.932, 105.92 W, 99 %
2026/03/19 16:52:32.032, 106.06 W, 99 %
2026/03/19 16:52:32.132, 105.72 W, 99 %
2026/03/19 16:52:32.232, 105.95 W, 99 %
2026/03/19 16:52:32.332, 106.00 W, 99 %
2026/03/19 16:52:32.432, 105.97 W, 99 %
2026/03/19 16:52:32.533, 105.99 W, 99 %
2026/03/19 16:52:32.633, 105.82 W, 99 %
2026/03/19 16:52:32.733, 105.93 W, 99 %
2026/03/19 16:52:32.833, 106.92 W, 99 %
2026/03/19 16:52:32.933, 106.94 W, 99 %
2026/03/19 16:52:33.033, 106.86 W, 99 %
2026/03/19 16:52:33.133, 107.11 W, 99 %
2026/03/19 16:52:33.234, 106.92 W, 99 %
2026/03/19 16:52:33.334, 106.97 W, 99 %
2026/03/19 16:52:33.434, 106.99 W, 99 %
2026/03/19 16:52:33.534, 107.04 W, 99 %
2026/03/19 16:52:33.634, 106.87 W, 99 %
2026/03/19 16:52:33.734, 107.06 W, 99 %
2026/03/19 16:52:33.834, 106.82 W, 99 %
2026/03/19 16:52:33.935, 106.84 W, 99 %
2026/03/19 16:52:34.035, 106.87 W, 99 %
2026/03/19 16:52:34.135, 106.92 W, 99 %
2026/03/19 16:52:34.235, 107.13 W, 99 %
2026/03/19 16:52:34.335, 106.95 W, 99 %
2026/03/19 16:52:34.435, 106.98 W, 99 %
2026/03/19 16:52:34.535, 106.66 W, 99 %
2026/03/19 16:52:34.636, 107.05 W, 99 %
2026/03/19 16:52:34.736, 107.12 W, 99 %
2026/03/19 16:52:34.836, 107.06 W, 99 %
2026/03/19 16:52:34.936, 107.17 W, 99 %
2026/03/19 16:52:35.036, 106.91 W, 99 %
2026/03/19 16:52:35.136, 106.79 W, 99 %
2026/03/19 16:52:35.236, 106.40 W, 99 %
2026/03/19 16:52:35.337, 106.47 W, 99 %
2026/03/19 16:52:35.437, 106.29 W, 99 %
2026/03/19 16:52:35.537, 106.67 W, 99 %
2026/03/19 16:52:35.637, 106.46 W, 99 %
2026/03/19 16:52:35.737, 106.23 W, 99 %
2026/03/19 16:52:35.837, 106.35 W, 99 %
2026/03/19 16:52:35.938, 106.35 W, 99 %
2026/03/19 16:52:36.038, 106.47 W, 99 %
2026/03/19 16:52:36.138, 106.57 W, 99 %
2026/03/19 16:52:36.238, 106.54 W, 99 %
2026/03/19 16:52:36.338, 106.78 W, 99 %
2026/03/19 16:52:36.438, 106.78 W, 99 %
2026/03/19 16:52:36.538, 106.68 W, 99 %
2026/03/19 16:52:36.639, 106.72 W, 99 %
2026/03/19 16:52:36.739, 106.78 W, 99 %
2026/03/19 16:52:36.839, 107.01 W, 99 %
2026/03/19 16:52:36.939, 106.99 W, 99 %
2026/03/19 16:52:37.039, 106.92 W, 99 %
2026/03/19 16:52:37.139, 106.79 W, 99 %
2026/03/19 16:52:37.239, 107.23 W, 99 %
2026/03/19 16:52:37.340, 107.16 W, 99 %
2026/03/19 16:52:37.440, 107.28 W, 99 %
2026/03/19 16:52:37.540, 107.26 W, 99 %
2026/03/19 16:52:37.640, 107.12 W, 99 %
2026/03/19 16:52:37.740, 107.21 W, 99 %
2026/03/19 16:52:37.840, 107.13 W, 99 %
2026/03/19 16:52:37.941, 107.12 W, 99 %
2026/03/19 16:52:38.041, 107.00 W, 99 %
2026/03/19 16:52:38.141, 107.07 W, 99 %
2026/03/19 16:52:38.241, 107.12 W, 99 %
2026/03/19 16:52:38.341, 106.18 W, 78 %
2026/03/19 16:52:38.441, 106.18 W, 78 %
2026/03/19 16:52:38.541, 106.03 W, 99 %
2026/03/19 16:52:38.642, 106.03 W, 99 %
2026/03/19 16:52:38.742, 106.27 W, 99 %
2026/03/19 16:52:38.842, 105.97 W, 99 %
2026/03/19 16:52:38.942, 105.85 W, 99 %
2026/03/19 16:52:39.042, 105.91 W, 99 %
2026/03/19 16:52:39.142, 105.94 W, 99 %
2026/03/19 16:52:39.242, 105.99 W, 99 %
2026/03/19 16:52:39.343, 106.75 W, 99 %
2026/03/19 16:52:39.443, 106.76 W, 99 %
2026/03/19 16:52:39.543, 106.87 W, 99 %
2026/03/19 16:52:39.643, 106.91 W, 99 %
2026/03/19 16:52:39.743, 106.81 W, 99 %
2026/03/19 16:52:39.843, 107.05 W, 99 %
2026/03/19 16:52:39.943, 107.34 W, 99 %
2026/03/19 16:52:40.044, 107.45 W, 99 %
2026/03/19 16:52:40.144, 107.46 W, 99 %
2026/03/19 16:52:40.244, 107.16 W, 99 %
2026/03/19 16:52:40.344, 107.16 W, 99 %
2026/03/19 16:52:40.444, 107.32 W, 99 %
2026/03/19 16:52:40.544, 107.27 W, 99 %
2026/03/19 16:52:40.644, 107.14 W, 99 %
2026/03/19 16:52:40.745, 107.30 W, 99 %
2026/03/19 16:52:40.845, 107.17 W, 99 %
2026/03/19 16:52:40.945, 106.90 W, 99 %
2026/03/19 16:52:41.045, 107.01 W, 99 %
2026/03/19 16:52:41.145, 106.81 W, 99 %
2026/03/19 16:52:41.245, 107.06 W, 99 %
2026/03/19 16:52:41.345, 107.05 W, 99 %
2026/03/19 16:52:41.446, 106.97 W, 99 %
2026/03/19 16:52:41.546, 107.06 W, 99 %
2026/03/19 16:52:41.646, 107.10 W, 99 %
2026/03/19 16:52:41.746, 106.92 W, 99 %
2026/03/19 16:52:41.846, 106.89 W, 99 %
2026/03/19 16:52:41.946, 106.81 W, 99 %
2026/03/19 16:52:42.046, 106.76 W, 99 %
2026/03/19 16:52:42.147, 106.98 W, 99 %
2026/03/19 16:52:42.247, 106.53 W, 99 %
2026/03/19 16:52:42.347, 106.55 W, 99 %
2026/03/19 16:52:42.447, 106.64 W, 99 %
2026/03/19 16:52:42.547, 106.80 W, 99 %
2026/03/19 16:52:42.647, 106.68 W, 99 %
2026/03/19 16:52:42.747, 107.00 W, 99 %
2026/03/19 16:52:42.848, 107.03 W, 99 %
2026/03/19 16:52:42.948, 107.19 W, 99 %
2026/03/19 16:52:43.048, 107.38 W, 99 %
2026/03/19 16:52:43.148, 107.24 W, 99 %
2026/03/19 16:52:43.248, 107.50 W, 99 %
2026/03/19 16:52:43.348, 107.28 W, 99 %
2026/03/19 16:52:43.448, 107.12 W, 99 %
2026/03/19 16:52:43.549, 106.95 W, 99 %
2026/03/19 16:52:43.649, 107.03 W, 99 %
2026/03/19 16:52:43.749, 106.67 W, 99 %
2026/03/19 16:52:43.849, 106.72 W, 99 %
2026/03/19 16:52:43.949, 106.76 W, 99 %
2026/03/19 16:52:44.049, 106.86 W, 99 %
2026/03/19 16:52:44.149, 106.73 W, 99 %
2026/03/19 16:52:44.250, 106.78 W, 99 %
2026/03/19 16:52:44.350, 106.88 W, 99 %
2026/03/19 16:52:44.450, 107.03 W, 99 %
2026/03/19 16:52:44.550, 107.21 W, 99 %
2026/03/19 16:52:44.650, 107.22 W, 99 %
2026/03/19 16:52:44.750, 107.63 W, 99 %
2026/03/19 16:52:44.850, 106.07 W, 99 %
2026/03/19 16:52:44.951, 106.07 W, 99 %
2026/03/19 16:52:45.051, 105.89 W, 99 %
2026/03/19 16:52:45.151, 106.28 W, 99 %
2026/03/19 16:52:45.251, 106.35 W, 99 %
2026/03/19 16:52:45.351, 106.37 W, 99 %
2026/03/19 16:52:45.451, 106.22 W, 99 %
2026/03/19 16:52:45.551, 106.32 W, 99 %
2026/03/19 16:52:45.652, 106.18 W, 99 %
2026/03/19 16:52:45.752, 106.22 W, 99 %
2026/03/19 16:52:45.852, 107.60 W, 99 %
2026/03/19 16:52:45.952, 107.35 W, 99 %
2026/03/19 16:52:46.052, 107.39 W, 99 %
2026/03/19 16:52:46.152, 107.08 W, 99 %
2026/03/19 16:52:46.252, 107.03 W, 99 %
2026/03/19 16:52:46.353, 107.11 W, 99 %
2026/03/19 16:52:46.453, 107.35 W, 99 %
2026/03/19 16:52:46.553, 107.11 W, 99 %
2026/03/19 16:52:46.653, 107.28 W, 99 %
2026/03/19 16:52:46.753, 107.19 W, 99 %
2026/03/19 16:52:46.853, 107.14 W, 99 %
2026/03/19 16:52:46.954, 107.44 W, 99 %
2026/03/19 16:52:47.054, 107.47 W, 99 %
2026/03/19 16:52:47.154, 107.28 W, 99 %
2026/03/19 16:52:47.254, 107.32 W, 99 %
2026/03/19 16:52:47.354, 107.32 W, 99 %
2026/03/19 16:52:47.454, 107.18 W, 99 %
2026/03/19 16:52:47.554, 107.37 W, 99 %
2026/03/19 16:52:47.655, 107.32 W, 99 %
2026/03/19 16:52:47.755, 107.23 W, 99 %
2026/03/19 16:52:47.855, 107.31 W, 99 %
2026/03/19 16:52:47.955, 106.90 W, 99 %
2026/03/19 16:52:48.055, 106.95 W, 99 %
2026/03/19 16:52:48.155, 107.28 W, 99 %
2026/03/19 16:52:48.255, 107.46 W, 99 %
2026/03/19 16:52:48.356, 107.41 W, 99 %
2026/03/19 16:52:48.456, 107.42 W, 99 %
2026/03/19 16:52:48.556, 107.22 W, 99 %
2026/03/19 16:52:48.656, 107.20 W, 99 %
2026/03/19 16:52:48.756, 107.40 W, 99 %
2026/03/19 16:52:48.856, 107.14 W, 99 %
2026/03/19 16:52:48.956, 107.25 W, 99 %
2026/03/19 16:52:49.057, 107.33 W, 99 %
2026/03/19 16:52:49.157, 107.35 W, 99 %
2026/03/19 16:52:49.257, 106.90 W, 99 %
2026/03/19 16:52:49.357, 106.91 W, 99 %
2026/03/19 16:52:49.457, 107.02 W, 99 %
2026/03/19 16:52:49.557, 107.18 W, 99 %
2026/03/19 16:52:49.657, 107.12 W, 99 %
2026/03/19 16:52:49.758, 106.94 W, 99 %
2026/03/19 16:52:49.858, 106.85 W, 99 %
2026/03/19 16:52:49.958, 106.97 W, 99 %
2026/03/19 16:52:50.058, 106.96 W, 99 %
2026/03/19 16:52:50.158, 107.01 W, 99 %
2026/03/19 16:52:50.258, 107.30 W, 99 %
2026/03/19 16:52:50.358, 107.23 W, 99 %
2026/03/19 16:52:50.459, 107.23 W, 99 %
2026/03/19 16:52:50.559, 107.10 W, 99 %
2026/03/19 16:52:50.659, 107.22 W, 99 %
2026/03/19 16:52:50.759, 107.22 W, 99 %
2026/03/19 16:52:50.859, 107.29 W, 99 %
2026/03/19 16:52:50.959, 107.16 W, 99 %
2026/03/19 16:52:51.059, 107.41 W, 99 %
2026/03/19 16:52:51.160, 107.30 W, 99 %
2026/03/19 16:52:51.260, 107.26 W, 99 %
2026/03/19 16:52:51.360, 106.44 W, 78 %
2026/03/19 16:52:51.460, 106.28 W, 78 %
2026/03/19 16:52:51.560, 106.57 W, 99 %
2026/03/19 16:52:51.660, 106.48 W, 99 %
2026/03/19 16:52:51.760, 106.55 W, 99 %
2026/03/19 16:52:51.861, 106.40 W, 99 %
2026/03/19 16:52:51.961, 106.55 W, 99 %
2026/03/19 16:52:52.061, 106.29 W, 99 %
2026/03/19 16:52:52.161, 106.21 W, 99 %
2026/03/19 16:52:52.261, 106.12 W, 99 %
2026/03/19 16:52:52.361, 106.91 W, 99 %
2026/03/19 16:52:52.462, 107.04 W, 99 %
2026/03/19 16:52:52.562, 106.91 W, 99 %
2026/03/19 16:52:52.662, 106.98 W, 99 %
2026/03/19 16:52:52.762, 106.88 W, 99 %
2026/03/19 16:52:52.862, 106.99 W, 99 %
2026/03/19 16:52:52.962, 107.09 W, 99 %
2026/03/19 16:52:53.062, 107.18 W, 99 %
2026/03/19 16:52:53.163, 107.08 W, 99 %
2026/03/19 16:52:53.263, 107.21 W, 99 %
2026/03/19 16:52:53.363, 107.32 W, 99 %
2026/03/19 16:52:53.463, 107.14 W, 99 %
2026/03/19 16:52:53.563, 107.11 W, 99 %
2026/03/19 16:52:53.663, 107.06 W, 99 %
2026/03/19 16:52:53.763, 106.92 W, 99 %
2026/03/19 16:52:53.864, 107.03 W, 99 %
2026/03/19 16:52:53.964, 107.00 W, 99 %
2026/03/19 16:52:54.064, 107.26 W, 99 %
2026/03/19 16:52:54.164, 107.14 W, 99 %
2026/03/19 16:52:54.264, 107.04 W, 99 %
2026/03/19 16:52:54.364, 107.18 W, 99 %
2026/03/19 16:52:54.464, 107.26 W, 99 %
2026/03/19 16:52:54.565, 107.51 W, 99 %
2026/03/19 16:52:54.665, 107.45 W, 99 %
2026/03/19 16:52:54.765, 107.49 W, 99 %
2026/03/19 16:52:54.865, 107.42 W, 99 %
2026/03/19 16:52:54.965, 107.43 W, 99 %
2026/03/19 16:52:55.065, 107.07 W, 99 %
2026/03/19 16:52:55.165, 107.28 W, 99 %
2026/03/19 16:52:55.266, 107.36 W, 99 %
2026/03/19 16:52:55.366, 107.23 W, 99 %
2026/03/19 16:52:55.466, 107.05 W, 99 %
2026/03/19 16:52:55.566, 106.90 W, 99 %
2026/03/19 16:52:55.666, 107.01 W, 99 %
2026/03/19 16:52:55.766, 107.12 W, 99 %
2026/03/19 16:52:55.866, 107.37 W, 99 %
2026/03/19 16:52:55.967, 107.22 W, 99 %
2026/03/19 16:52:56.067, 107.40 W, 99 %
2026/03/19 16:52:56.167, 107.35 W, 99 %
2026/03/19 16:52:56.267, 107.17 W, 99 %
2026/03/19 16:52:56.367, 107.11 W, 99 %
2026/03/19 16:52:56.467, 107.28 W, 99 %
2026/03/19 16:52:56.567, 107.27 W, 99 %
2026/03/19 16:52:56.668, 106.97 W, 99 %
2026/03/19 16:52:56.768, 106.93 W, 99 %
2026/03/19 16:52:56.868, 106.93 W, 99 %
2026/03/19 16:52:56.968, 107.12 W, 99 %
2026/03/19 16:52:57.068, 107.13 W, 99 %
2026/03/19 16:52:57.168, 107.01 W, 99 %
2026/03/19 16:52:57.268, 106.99 W, 99 %
2026/03/19 16:52:57.369, 107.10 W, 99 %
2026/03/19 16:52:57.469, 107.02 W, 99 %
2026/03/19 16:52:57.569, 106.88 W, 99 %
2026/03/19 16:52:57.669, 107.18 W, 99 %
2026/03/19 16:52:57.769, 106.81 W, 99 %
2026/03/19 16:52:57.869, 105.74 W, 99 %
2026/03/19 16:52:57.970, 105.42 W, 99 %
2026/03/19 16:52:58.070, 105.38 W, 99 %
2026/03/19 16:52:58.170, 105.44 W, 99 %
2026/03/19 16:52:58.270, 105.46 W, 99 %
2026/03/19 16:52:58.370, 105.58 W, 99 %
2026/03/19 16:52:58.470, 105.68 W, 99 %
2026/03/19 16:52:58.570, 105.91 W, 99 %
2026/03/19 16:52:58.671, 105.78 W, 99 %
2026/03/19 16:52:58.771, 106.03 W, 99 %
2026/03/19 16:52:58.871, 106.95 W, 99 %
2026/03/19 16:52:58.971, 107.37 W, 99 %
2026/03/19 16:52:59.071, 107.29 W, 99 %
2026/03/19 16:52:59.171, 107.19 W, 99 %
2026/03/19 16:52:59.271, 107.21 W, 99 %
2026/03/19 16:52:59.372, 107.32 W, 99 %
2026/03/19 16:52:59.472, 106.96 W, 99 %
2026/03/19 16:52:59.572, 106.85 W, 99 %
2026/03/19 16:52:59.672, 107.05 W, 99 %
2026/03/19 16:52:59.772, 106.98 W, 99 %
2026/03/19 16:52:59.872, 107.04 W, 99 %
2026/03/19 16:52:59.972, 107.00 W, 99 %
2026/03/19 16:53:00.073, 106.95 W, 99 %
2026/03/19 16:53:00.173, 106.94 W, 99 %
2026/03/19 16:53:00.273, 106.79 W, 99 %
2026/03/19 16:53:00.373, 106.72 W, 99 %
2026/03/19 16:53:00.473, 106.88 W, 99 %
2026/03/19 16:53:00.573, 106.77 W, 99 %
2026/03/19 16:53:00.673, 106.79 W, 99 %
2026/03/19 16:53:00.774, 106.69 W, 99 %
2026/03/19 16:53:00.874, 106.71 W, 99 %
2026/03/19 16:53:00.974, 106.81 W, 99 %
2026/03/19 16:53:01.074, 106.69 W, 99 %
2026/03/19 16:53:01.174, 106.75 W, 99 %
2026/03/19 16:53:01.274, 106.86 W, 99 %
2026/03/19 16:53:01.375, 107.03 W, 99 %
2026/03/19 16:53:01.475, 106.82 W, 99 %
2026/03/19 16:53:01.575, 107.02 W, 99 %
2026/03/19 16:53:01.675, 107.00 W, 99 %
2026/03/19 16:53:01.775, 107.19 W, 99 %
2026/03/19 16:53:01.875, 107.25 W, 99 %
2026/03/19 16:53:01.975, 107.23 W, 99 %
2026/03/19 16:53:02.076, 107.36 W, 99 %
2026/03/19 16:53:02.176, 107.46 W, 99 %
2026/03/19 16:53:02.276, 107.29 W, 99 %
2026/03/19 16:53:02.376, 107.16 W, 99 %
2026/03/19 16:53:02.476, 107.20 W, 99 %
2026/03/19 16:53:02.576, 107.09 W, 99 %
2026/03/19 16:53:02.676, 107.17 W, 99 %
2026/03/19 16:53:02.776, 107.07 W, 99 %
2026/03/19 16:53:02.877, 107.00 W, 99 %
2026/03/19 16:53:02.977, 107.01 W, 99 %
2026/03/19 16:53:03.077, 106.98 W, 99 %
2026/03/19 16:53:03.177, 107.10 W, 99 %
2026/03/19 16:53:03.277, 107.16 W, 99 %
2026/03/19 16:53:03.377, 107.07 W, 99 %
2026/03/19 16:53:03.477, 107.45 W, 99 %
2026/03/19 16:53:03.578, 107.60 W, 99 %
2026/03/19 16:53:03.678, 107.41 W, 99 %
2026/03/19 16:53:03.778, 107.38 W, 99 %
2026/03/19 16:53:03.878, 107.59 W, 99 %
2026/03/19 16:53:03.978, 107.46 W, 99 %
2026/03/19 16:53:04.078, 107.23 W, 99 %
2026/03/19 16:53:04.178, 107.12 W, 99 %
2026/03/19 16:53:04.279, 106.67 W, 99 %
2026/03/19 16:53:04.379, 105.95 W, 75 %
2026/03/19 16:53:04.479, 105.89 W, 75 %
2026/03/19 16:53:04.579, 105.59 W, 99 %
2026/03/19 16:53:04.679, 105.62 W, 99 %
2026/03/19 16:53:04.779, 105.84 W, 99 %
2026/03/19 16:53:04.879, 105.64 W, 99 %
2026/03/19 16:53:04.980, 105.78 W, 99 %
2026/03/19 16:53:05.080, 106.07 W, 99 %
2026/03/19 16:53:05.180, 105.97 W, 99 %
2026/03/19 16:53:05.280, 106.13 W, 99 %
2026/03/19 16:53:05.380, 107.14 W, 99 %
2026/03/19 16:53:05.480, 107.12 W, 99 %
2026/03/19 16:53:05.580, 107.33 W, 99 %
2026/03/19 16:53:05.681, 107.49 W, 99 %
2026/03/19 16:53:05.781, 107.18 W, 99 %
2026/03/19 16:53:05.881, 107.32 W, 99 %
2026/03/19 16:53:05.981, 107.32 W, 99 %
2026/03/19 16:53:06.081, 107.24 W, 99 %
2026/03/19 16:53:06.181, 107.37 W, 99 %
2026/03/19 16:53:06.281, 107.12 W, 99 %
2026/03/19 16:53:06.382, 107.24 W, 99 %
2026/03/19 16:53:06.482, 107.32 W, 99 %
2026/03/19 16:53:06.582, 107.33 W, 99 %
2026/03/19 16:53:06.682, 107.13 W, 99 %
2026/03/19 16:53:06.782, 107.34 W, 99 %
2026/03/19 16:53:06.882, 107.28 W, 99 %
2026/03/19 16:53:06.982, 107.25 W, 99 %
2026/03/19 16:53:07.083, 107.24 W, 99 %
2026/03/19 16:53:07.183, 107.12 W, 99 %
2026/03/19 16:53:07.283, 107.44 W, 99 %
2026/03/19 16:53:07.383, 107.59 W, 99 %
2026/03/19 16:53:07.483, 107.60 W, 99 %
2026/03/19 16:53:07.583, 107.53 W, 99 %
2026/03/19 16:53:07.683, 107.50 W, 99 %
2026/03/19 16:53:07.784, 107.45 W, 99 %
2026/03/19 16:53:07.884, 107.42 W, 99 %
2026/03/19 16:53:07.984, 107.32 W, 99 %
2026/03/19 16:53:08.084, 107.44 W, 99 %
2026/03/19 16:53:08.184, 107.18 W, 99 %
2026/03/19 16:53:08.284, 107.13 W, 99 %
2026/03/19 16:53:08.384, 107.29 W, 99 %
2026/03/19 16:53:08.485, 107.18 W, 99 %
2026/03/19 16:53:08.585, 107.20 W, 99 %
2026/03/19 16:53:08.685, 107.43 W, 99 %
2026/03/19 16:53:08.785, 107.24 W, 99 %
2026/03/19 16:53:08.885, 106.94 W, 99 %
2026/03/19 16:53:08.985, 106.93 W, 99 %
2026/03/19 16:53:09.086, 106.74 W, 99 %
2026/03/19 16:53:09.186, 107.10 W, 99 %
2026/03/19 16:53:09.286, 107.10 W, 99 %
2026/03/19 16:53:09.386, 106.66 W, 99 %
2026/03/19 16:53:09.486, 106.69 W, 99 %
2026/03/19 16:53:09.586, 106.65 W, 99 %
2026/03/19 16:53:09.686, 106.63 W, 99 %
2026/03/19 16:53:09.787, 106.87 W, 99 %
2026/03/19 16:53:09.887, 107.07 W, 99 %
2026/03/19 16:53:09.987, 107.03 W, 99 %
2026/03/19 16:53:10.087, 107.14 W, 99 %
2026/03/19 16:53:10.187, 106.90 W, 99 %
2026/03/19 16:53:10.287, 106.64 W, 99 %
2026/03/19 16:53:10.387, 106.91 W, 99 %
2026/03/19 16:53:10.488, 107.13 W, 99 %
2026/03/19 16:53:10.588, 107.19 W, 99 %
2026/03/19 16:53:10.688, 106.95 W, 99 %
2026/03/19 16:53:10.788, 106.91 W, 99 %
2026/03/19 16:53:10.888, 106.00 W, 99 %
2026/03/19 16:53:10.988, 106.03 W, 99 %
2026/03/19 16:53:11.088, 106.02 W, 99 %
2026/03/19 16:53:11.189, 106.36 W, 99 %
2026/03/19 16:53:11.289, 106.42 W, 99 %
2026/03/19 16:53:11.389, 106.36 W, 99 %
2026/03/19 16:53:11.489, 106.27 W, 99 %
2026/03/19 16:53:11.589, 106.10 W, 99 %
2026/03/19 16:53:11.689, 106.27 W, 99 %
2026/03/19 16:53:11.789, 106.33 W, 99 %
2026/03/19 16:53:11.890, 107.15 W, 99 %
2026/03/19 16:53:11.990, 107.15 W, 99 %
2026/03/19 16:53:12.090, 107.29 W, 99 %
2026/03/19 16:53:12.190, 106.96 W, 99 %
2026/03/19 16:53:12.290, 106.81 W, 99 %
2026/03/19 16:53:12.390, 106.70 W, 99 %
2026/03/19 16:53:12.490, 106.71 W, 99 %
2026/03/19 16:53:12.591, 106.99 W, 99 %
2026/03/19 16:53:12.691, 107.01 W, 99 %
2026/03/19 16:53:12.791, 106.77 W, 99 %
2026/03/19 16:53:12.891, 106.93 W, 99 %
2026/03/19 16:53:12.991, 107.12 W, 99 %
2026/03/19 16:53:13.091, 107.11 W, 99 %
2026/03/19 16:53:13.191, 107.33 W, 99 %
2026/03/19 16:53:13.292, 107.35 W, 99 %
2026/03/19 16:53:13.392, 107.48 W, 99 %
2026/03/19 16:53:13.492, 107.31 W, 99 %
2026/03/19 16:53:13.592, 107.04 W, 99 %
2026/03/19 16:53:13.692, 106.99 W, 99 %
2026/03/19 16:53:13.792, 107.17 W, 99 %
2026/03/19 16:53:13.892, 107.24 W, 99 %
2026/03/19 16:53:13.993, 107.17 W, 99 %
2026/03/19 16:53:14.093, 107.15 W, 99 %
2026/03/19 16:53:14.193, 107.17 W, 99 %
2026/03/19 16:53:14.293, 107.31 W, 99 %
2026/03/19 16:53:14.393, 107.37 W, 99 %
2026/03/19 16:53:14.493, 107.58 W, 99 %
2026/03/19 16:53:14.593, 107.71 W, 99 %
2026/03/19 16:53:14.694, 107.81 W, 99 %
2026/03/19 16:53:14.794, 107.75 W, 99 %
2026/03/19 16:53:14.894, 107.59 W, 99 %
2026/03/19 16:53:14.994, 107.53 W, 99 %
2026/03/19 16:53:15.094, 107.47 W, 99 %
2026/03/19 16:53:15.194, 107.26 W, 99 %
2026/03/19 16:53:15.294, 107.31 W, 99 %
2026/03/19 16:53:15.395, 107.11 W, 99 %
2026/03/19 16:53:15.495, 107.12 W, 99 %
2026/03/19 16:53:15.595, 107.08 W, 99 %
2026/03/19 16:53:15.695, 106.97 W, 99 %
2026/03/19 16:53:15.795, 107.07 W, 99 %
2026/03/19 16:53:15.895, 106.96 W, 99 %
2026/03/19 16:53:15.996, 107.00 W, 99 %
2026/03/19 16:53:16.096, 107.07 W, 99 %
2026/03/19 16:53:16.196, 107.28 W, 99 %
2026/03/19 16:53:16.296, 107.18 W, 99 %
2026/03/19 16:53:16.396, 107.18 W, 99 %
2026/03/19 16:53:16.496, 107.32 W, 99 %
2026/03/19 16:53:16.596, 107.36 W, 99 %
2026/03/19 16:53:16.697, 107.36 W, 99 %
2026/03/19 16:53:16.797, 107.13 W, 99 %
2026/03/19 16:53:16.897, 107.42 W, 99 %
2026/03/19 16:53:16.997, 107.30 W, 99 %
2026/03/19 16:53:17.097, 107.34 W, 99 %
2026/03/19 16:53:17.197, 107.37 W, 99 %
2026/03/19 16:53:17.297, 106.89 W, 99 %
2026/03/19 16:53:17.398, 106.43 W, 77 %
2026/03/19 16:53:17.498, 106.30 W, 77 %
2026/03/19 16:53:17.598, 106.14 W, 99 %
2026/03/19 16:53:17.698, 106.15 W, 99 %
2026/03/19 16:53:17.798, 106.21 W, 99 %
2026/03/19 16:53:17.898, 106.15 W, 99 %
2026/03/19 16:53:17.998, 106.19 W, 99 %
2026/03/19 16:53:18.099, 106.31 W, 99 %
2026/03/19 16:53:18.199, 106.21 W, 99 %
2026/03/19 16:53:18.299, 106.71 W, 99 %
2026/03/19 16:53:18.399, 107.19 W, 99 %
2026/03/19 16:53:18.499, 107.48 W, 99 %
2026/03/19 16:53:18.599, 107.22 W, 99 %
2026/03/19 16:53:18.699, 107.29 W, 99 %
2026/03/19 16:53:18.800, 107.38 W, 99 %
2026/03/19 16:53:18.900, 107.43 W, 99 %
2026/03/19 16:53:19.000, 107.38 W, 99 %
2026/03/19 16:53:19.100, 107.28 W, 99 %
2026/03/19 16:53:19.200, 107.28 W, 99 %
2026/03/19 16:53:19.300, 107.60 W, 99 %
2026/03/19 16:53:19.400, 107.32 W, 99 %
2026/03/19 16:53:19.501, 107.36 W, 99 %
2026/03/19 16:53:19.601, 107.68 W, 99 %
2026/03/19 16:53:19.701, 107.57 W, 99 %
2026/03/19 16:53:19.801, 107.61 W, 99 %
2026/03/19 16:53:19.901, 107.33 W, 99 %
2026/03/19 16:53:20.001, 107.33 W, 99 %
2026/03/19 16:53:20.102, 107.09 W, 99 %
2026/03/19 16:53:20.202, 107.09 W, 99 %
2026/03/19 16:53:20.302, 106.93 W, 99 %
2026/03/19 16:53:20.402, 107.15 W, 99 %
2026/03/19 16:53:20.502, 107.20 W, 99 %
2026/03/19 16:53:20.602, 106.88 W, 99 %
2026/03/19 16:53:20.702, 106.82 W, 99 %
2026/03/19 16:53:20.803, 106.74 W, 99 %
2026/03/19 16:53:20.903, 106.80 W, 99 %
2026/03/19 16:53:21.003, 106.86 W, 99 %
2026/03/19 16:53:21.103, 107.21 W, 99 %
2026/03/19 16:53:21.203, 107.00 W, 99 %
2026/03/19 16:53:21.303, 106.84 W, 99 %
2026/03/19 16:53:21.403, 106.73 W, 99 %
2026/03/19 16:53:21.504, 106.74 W, 99 %
2026/03/19 16:53:21.604, 106.96 W, 99 %
2026/03/19 16:53:21.704, 107.10 W, 99 %
2026/03/19 16:53:21.804, 106.95 W, 99 %
2026/03/19 16:53:21.904, 107.24 W, 99 %
2026/03/19 16:53:22.004, 107.04 W, 99 %
2026/03/19 16:53:22.104, 106.81 W, 99 %
2026/03/19 16:53:22.205, 106.75 W, 99 %
2026/03/19 16:53:22.305, 106.71 W, 99 %
2026/03/19 16:53:22.405, 106.90 W, 99 %
2026/03/19 16:53:22.505, 106.81 W, 99 %
2026/03/19 16:53:22.605, 106.68 W, 99 %
2026/03/19 16:53:22.705, 106.54 W, 99 %
2026/03/19 16:53:22.806, 106.93 W, 99 %
2026/03/19 16:53:22.906, 106.56 W, 99 %
2026/03/19 16:53:23.006, 106.65 W, 99 %
2026/03/19 16:53:23.106, 106.82 W, 99 %
2026/03/19 16:53:23.206, 106.76 W, 99 %
2026/03/19 16:53:23.306, 107.04 W, 99 %
2026/03/19 16:53:23.406, 106.86 W, 99 %
2026/03/19 16:53:23.507, 106.67 W, 99 %
2026/03/19 16:53:23.607, 106.69 W, 99 %
2026/03/19 16:53:23.707, 106.96 W, 99 %
2026/03/19 16:53:23.807, 106.39 W, 77 %
2026/03/19 16:53:23.907, 106.25 W, 77 %
2026/03/19 16:53:24.007, 106.25 W, 99 %
2026/03/19 16:53:24.107, 106.08 W, 99 %
2026/03/19 16:53:24.208, 106.31 W, 99 %
2026/03/19 16:53:24.308, 106.48 W, 99 %
2026/03/19 16:53:24.408, 106.62 W, 99 %
2026/03/19 16:53:24.508, 106.60 W, 99 %
2026/03/19 16:53:24.608, 106.56 W, 99 %
2026/03/19 16:53:24.708, 106.33 W, 99 %
2026/03/19 16:53:24.808, 106.89 W, 99 %
2026/03/19 16:53:24.909, 106.90 W, 99 %
2026/03/19 16:53:25.009, 107.10 W, 99 %
2026/03/19 16:53:25.109, 107.15 W, 99 %
2026/03/19 16:53:25.209, 107.12 W, 99 %
2026/03/19 16:53:25.309, 107.15 W, 99 %
2026/03/19 16:53:25.409, 107.09 W, 99 %
2026/03/19 16:53:25.509, 107.20 W, 99 %
2026/03/19 16:53:25.610, 107.43 W, 99 %
2026/03/19 16:53:25.710, 107.46 W, 99 %
2026/03/19 16:53:25.810, 107.81 W, 99 %
2026/03/19 16:53:25.910, 107.71 W, 99 %
2026/03/19 16:53:26.010, 107.68 W, 99 %
2026/03/19 16:53:26.110, 107.86 W, 99 %
2026/03/19 16:53:26.211, 107.73 W, 99 %
2026/03/19 16:53:26.311, 107.80 W, 99 %
2026/03/19 16:53:26.411, 107.62 W, 99 %
2026/03/19 16:53:26.511, 107.59 W, 99 %
2026/03/19 16:53:26.611, 107.29 W, 99 %
2026/03/19 16:53:26.711, 107.29 W, 99 %
2026/03/19 16:53:26.811, 107.25 W, 99 %
2026/03/19 16:53:26.912, 107.11 W, 99 %
2026/03/19 16:53:27.012, 107.23 W, 99 %
2026/03/19 16:53:27.112, 106.72 W, 99 %
2026/03/19 16:53:27.212, 106.87 W, 99 %
2026/03/19 16:53:27.312, 106.78 W, 99 %
2026/03/19 16:53:27.412, 106.61 W, 99 %
2026/03/19 16:53:27.512, 106.73 W, 99 %
2026/03/19 16:53:27.613, 106.96 W, 99 %
2026/03/19 16:53:27.713, 106.72 W, 99 %
2026/03/19 16:53:27.813, 106.46 W, 99 %
2026/03/19 16:53:27.913, 106.78 W, 99 %
2026/03/19 16:53:28.013, 106.75 W, 99 %
2026/03/19 16:53:28.113, 106.92 W, 99 %
2026/03/19 16:53:28.213, 106.82 W, 99 %
2026/03/19 16:53:28.314, 106.90 W, 99 %
2026/03/19 16:53:28.414, 106.89 W, 99 %
2026/03/19 16:53:28.514, 106.83 W, 99 %
2026/03/19 16:53:28.614, 106.56 W, 99 %
2026/03/19 16:53:28.714, 106.81 W, 99 %
2026/03/19 16:53:28.814, 106.79 W, 99 %
2026/03/19 16:53:28.915, 106.97 W, 99 %
2026/03/19 16:53:29.015, 106.67 W, 99 %
2026/03/19 16:53:29.115, 106.73 W, 99 %
2026/03/19 16:53:29.215, 106.63 W, 99 %
2026/03/19 16:53:29.315, 106.47 W, 99 %
2026/03/19 16:53:29.415, 106.68 W, 99 %
2026/03/19 16:53:29.515, 106.76 W, 99 %
2026/03/19 16:53:29.616, 106.82 W, 99 %
2026/03/19 16:53:29.716, 106.77 W, 99 %
2026/03/19 16:53:29.816, 106.93 W, 99 %
2026/03/19 16:53:29.916, 106.82 W, 99 %
2026/03/19 16:53:30.016, 106.96 W, 99 %
2026/03/19 16:53:30.116, 106.90 W, 99 %
2026/03/19 16:53:30.216, 107.15 W, 99 %
2026/03/19 16:53:30.317, 106.38 W, 99 %
2026/03/19 16:53:30.417, 106.20 W, 99 %
2026/03/19 16:53:30.517, 106.39 W, 99 %
2026/03/19 16:53:30.617, 106.36 W, 99 %
2026/03/19 16:53:30.717, 106.64 W, 99 %
2026/03/19 16:53:30.817, 106.52 W, 99 %
2026/03/19 16:53:30.918, 106.61 W, 99 %
2026/03/19 16:53:31.018, 106.57 W, 99 %
2026/03/19 16:53:31.118, 106.33 W, 99 %
2026/03/19 16:53:31.218, 106.31 W, 99 %
2026/03/19 16:53:31.318, 107.29 W, 99 %
2026/03/19 16:53:31.418, 107.31 W, 99 %
2026/03/19 16:53:31.518, 107.22 W, 99 %
2026/03/19 16:53:31.619, 107.38 W, 99 %
2026/03/19 16:53:31.719, 107.36 W, 99 %
2026/03/19 16:53:31.819, 107.42 W, 99 %
2026/03/19 16:53:31.919, 107.06 W, 99 %
2026/03/19 16:53:32.019, 107.14 W, 99 %
2026/03/19 16:53:32.119, 107.17 W, 99 %
2026/03/19 16:53:32.219, 107.13 W, 99 %
2026/03/19 16:53:32.320, 107.26 W, 99 %
2026/03/19 16:53:32.420, 107.42 W, 99 %
2026/03/19 16:53:32.520, 107.31 W, 99 %
2026/03/19 16:53:32.620, 107.09 W, 99 %
2026/03/19 16:53:32.720, 106.88 W, 99 %
2026/03/19 16:53:32.820, 106.47 W, 99 %
2026/03/19 16:53:32.920, 106.85 W, 99 %
2026/03/19 16:53:33.021, 106.74 W, 99 %
2026/03/19 16:53:33.121, 106.92 W, 99 %
2026/03/19 16:53:33.221, 107.02 W, 99 %
2026/03/19 16:53:33.321, 107.25 W, 99 %
2026/03/19 16:53:33.421, 107.02 W, 99 %
2026/03/19 16:53:33.521, 106.98 W, 99 %
2026/03/19 16:53:33.621, 106.76 W, 99 %
2026/03/19 16:53:33.722, 107.00 W, 99 %
2026/03/19 16:53:33.822, 107.29 W, 99 %
2026/03/19 16:53:33.922, 107.14 W, 99 %
2026/03/19 16:53:34.022, 107.09 W, 99 %
2026/03/19 16:53:34.122, 107.12 W, 99 %
2026/03/19 16:53:34.222, 107.04 W, 99 %
2026/03/19 16:53:34.323, 106.88 W, 99 %
2026/03/19 16:53:34.423, 106.65 W, 99 %
2026/03/19 16:53:34.523, 106.74 W, 99 %
2026/03/19 16:53:34.623, 107.13 W, 99 %
2026/03/19 16:53:34.723, 106.99 W, 99 %
2026/03/19 16:53:34.823, 106.77 W, 99 %
2026/03/19 16:53:34.923, 106.86 W, 99 %
2026/03/19 16:53:35.024, 106.91 W, 99 %
2026/03/19 16:53:35.124, 106.69 W, 99 %
2026/03/19 16:53:35.224, 106.52 W, 99 %
2026/03/19 16:53:35.324, 106.55 W, 99 %
2026/03/19 16:53:35.424, 106.79 W, 99 %
2026/03/19 16:53:35.524, 106.77 W, 99 %
2026/03/19 16:53:35.624, 106.72 W, 99 %
2026/03/19 16:53:35.725, 106.78 W, 99 %
2026/03/19 16:53:35.825, 106.87 W, 99 %
2026/03/19 16:53:35.925, 106.98 W, 99 %
2026/03/19 16:53:36.025, 107.19 W, 99 %
2026/03/19 16:53:36.125, 107.29 W, 99 %
2026/03/19 16:53:36.225, 107.49 W, 99 %
2026/03/19 16:53:36.325, 107.55 W, 99 %
2026/03/19 16:53:36.426, 107.35 W, 99 %
2026/03/19 16:53:36.526, 107.35 W, 99 %
2026/03/19 16:53:36.626, 107.36 W, 99 %
2026/03/19 16:53:36.726, 107.09 W, 99 %
2026/03/19 16:53:36.826, 106.28 W, 77 %
2026/03/19 16:53:36.926, 106.04 W, 77 %
2026/03/19 16:53:37.027, 105.92 W, 99 %
2026/03/19 16:53:37.127, 105.95 W, 99 %
2026/03/19 16:53:37.227, 105.89 W, 99 %
2026/03/19 16:53:37.327, 105.72 W, 99 %
2026/03/19 16:53:37.427, 105.79 W, 99 %
2026/03/19 16:53:37.527, 105.94 W, 99 %
2026/03/19 16:53:37.627, 105.66 W, 99 %
2026/03/19 16:53:37.728, 105.92 W, 99 %
2026/03/19 16:53:37.828, 106.93 W, 99 %
2026/03/19 16:53:37.928, 106.94 W, 99 %
2026/03/19 16:53:38.028, 106.98 W, 99 %
2026/03/19 16:53:38.128, 107.27 W, 99 %
2026/03/19 16:53:38.228, 107.14 W, 99 %
2026/03/19 16:53:38.328, 107.47 W, 99 %
2026/03/19 16:53:38.429, 107.28 W, 99 %
2026/03/19 16:53:38.529, 107.32 W, 99 %
2026/03/19 16:53:38.629, 107.39 W, 99 %
2026/03/19 16:53:38.729, 107.26 W, 99 %
2026/03/19 16:53:38.829, 107.34 W, 99 %
2026/03/19 16:53:38.929, 107.43 W, 99 %
2026/03/19 16:53:39.030, 107.54 W, 99 %
2026/03/19 16:53:39.130, 107.31 W, 99 %
2026/03/19 16:53:39.230, 107.36 W, 99 %
2026/03/19 16:53:39.330, 107.28 W, 99 %
2026/03/19 16:53:39.430, 107.38 W, 99 %
2026/03/19 16:53:39.530, 107.25 W, 99 %
2026/03/19 16:53:39.630, 107.28 W, 99 %
2026/03/19 16:53:39.731, 107.07 W, 99 %
2026/03/19 16:53:39.831, 107.04 W, 99 %
2026/03/19 16:53:39.931, 106.89 W, 99 %
2026/03/19 16:53:40.031, 106.74 W, 99 %
2026/03/19 16:53:40.131, 106.83 W, 99 %
2026/03/19 16:53:40.231, 106.77 W, 99 %
2026/03/19 16:53:40.331, 106.54 W, 99 %
2026/03/19 16:53:40.432, 106.43 W, 99 %
2026/03/19 16:53:40.532, 106.61 W, 99 %
2026/03/19 16:53:40.632, 106.57 W, 99 %
2026/03/19 16:53:40.732, 106.93 W, 99 %
2026/03/19 16:53:40.832, 106.86 W, 99 %
2026/03/19 16:53:40.932, 106.98 W, 99 %
2026/03/19 16:53:41.033, 106.95 W, 99 %
2026/03/19 16:53:41.133, 106.70 W, 99 %
2026/03/19 16:53:41.233, 106.73 W, 99 %
2026/03/19 16:53:41.333, 106.78 W, 99 %
2026/03/19 16:53:41.433, 106.85 W, 99 %
2026/03/19 16:53:41.533, 106.56 W, 99 %
2026/03/19 16:53:41.633, 106.59 W, 99 %
2026/03/19 16:53:41.734, 106.37 W, 99 %
2026/03/19 16:53:41.834, 106.23 W, 99 %
2026/03/19 16:53:41.934, 106.18 W, 99 %
2026/03/19 16:53:42.034, 106.25 W, 99 %
2026/03/19 16:53:42.134, 106.65 W, 99 %
2026/03/19 16:53:42.234, 106.74 W, 99 %
2026/03/19 16:53:42.334, 106.66 W, 99 %
2026/03/19 16:53:42.435, 106.69 W, 99 %
2026/03/19 16:53:42.535, 106.95 W, 99 %
2026/03/19 16:53:42.635, 106.97 W, 99 %
2026/03/19 16:53:42.735, 107.25 W, 99 %
2026/03/19 16:53:42.835, 107.37 W, 99 %
2026/03/19 16:53:42.935, 107.48 W, 99 %
2026/03/19 16:53:43.035, 107.54 W, 99 %
2026/03/19 16:53:43.136, 107.42 W, 99 %
2026/03/19 16:53:43.236, 107.32 W, 99 %
2026/03/19 16:53:43.336, 106.60 W, 99 %
2026/03/19 16:53:43.436, 106.71 W, 95 %
2026/03/19 16:53:43.536, 106.58 W, 95 %
2026/03/19 16:53:43.636, 106.76 W, 99 %
2026/03/19 16:53:43.737, 106.61 W, 99 %
2026/03/19 16:53:43.837, 106.61 W, 99 %
2026/03/19 16:53:43.937, 106.39 W, 99 %
2026/03/19 16:53:44.037, 106.40 W, 99 %
2026/03/19 16:53:44.137, 106.26 W, 99 %
2026/03/19 16:53:44.237, 106.39 W, 99 %
2026/03/19 16:53:44.337, 107.30 W, 99 %
2026/03/19 16:53:44.438, 107.19 W, 99 %
2026/03/19 16:53:44.538, 107.11 W, 99 %
2026/03/19 16:53:44.638, 106.87 W, 99 %
2026/03/19 16:53:44.738, 107.17 W, 99 %
2026/03/19 16:53:44.838, 107.06 W, 99 %
2026/03/19 16:53:44.938, 107.19 W, 99 %
2026/03/19 16:53:45.038, 106.77 W, 99 %
2026/03/19 16:53:45.139, 106.94 W, 99 %
2026/03/19 16:53:45.239, 106.85 W, 99 %
2026/03/19 16:53:45.339, 106.58 W, 99 %
2026/03/19 16:53:45.439, 106.44 W, 99 %
2026/03/19 16:53:45.539, 106.64 W, 99 %
2026/03/19 16:53:45.639, 106.74 W, 99 %
2026/03/19 16:53:45.739, 106.61 W, 99 %
2026/03/19 16:53:45.840, 106.59 W, 99 %
2026/03/19 16:53:45.940, 106.61 W, 99 %
2026/03/19 16:53:46.040, 106.97 W, 99 %
2026/03/19 16:53:46.140, 106.79 W, 99 %
2026/03/19 16:53:46.240, 106.88 W, 99 %
2026/03/19 16:53:46.340, 106.94 W, 99 %
2026/03/19 16:53:46.440, 107.13 W, 99 %
2026/03/19 16:53:46.541, 107.24 W, 99 %
2026/03/19 16:53:46.641, 107.04 W, 99 %
2026/03/19 16:53:46.741, 106.96 W, 99 %
2026/03/19 16:53:46.841, 106.94 W, 99 %
2026/03/19 16:53:46.941, 107.01 W, 99 %
2026/03/19 16:53:47.041, 106.91 W, 99 %
2026/03/19 16:53:47.142, 107.00 W, 99 %
2026/03/19 16:53:47.242, 107.08 W, 99 %
2026/03/19 16:53:47.342, 107.09 W, 99 %
2026/03/19 16:53:47.442, 106.94 W, 99 %
2026/03/19 16:53:47.542, 106.94 W, 99 %
2026/03/19 16:53:47.642, 107.01 W, 99 %
2026/03/19 16:53:47.742, 107.12 W, 99 %
2026/03/19 16:53:47.843, 107.17 W, 99 %
2026/03/19 16:53:47.943, 107.12 W, 99 %
2026/03/19 16:53:48.043, 107.07 W, 99 %
2026/03/19 16:53:48.143, 107.20 W, 99 %
2026/03/19 16:53:48.243, 107.20 W, 99 %
2026/03/19 16:53:48.343, 107.02 W, 99 %
2026/03/19 16:53:48.443, 107.07 W, 99 %
2026/03/19 16:53:48.544, 107.18 W, 99 %
2026/03/19 16:53:48.644, 107.34 W, 99 %
2026/03/19 16:53:48.744, 107.26 W, 99 %
2026/03/19 16:53:48.844, 107.15 W, 99 %
2026/03/19 16:53:48.944, 107.16 W, 99 %
2026/03/19 16:53:49.044, 107.10 W, 99 %
2026/03/19 16:53:49.144, 106.90 W, 99 %
2026/03/19 16:53:49.245, 106.93 W, 99 %
2026/03/19 16:53:49.345, 106.91 W, 99 %
2026/03/19 16:53:49.445, 106.92 W, 99 %
2026/03/19 16:53:49.545, 106.91 W, 99 %
2026/03/19 16:53:49.645, 106.80 W, 99 %
2026/03/19 16:53:49.745, 106.53 W, 99 %
2026/03/19 16:53:49.846, 105.58 W, 99 %
2026/03/19 16:53:49.946, 105.60 W, 99 %
2026/03/19 16:53:50.046, 105.52 W, 99 %
2026/03/19 16:53:50.146, 105.57 W, 99 %
2026/03/19 16:53:50.246, 105.51 W, 99 %
2026/03/19 16:53:50.346, 105.50 W, 99 %
2026/03/19 16:53:50.446, 105.58 W, 99 %
2026/03/19 16:53:50.547, 105.51 W, 99 %
2026/03/19 16:53:50.647, 105.44 W, 99 %
2026/03/19 16:53:50.747, 105.58 W, 99 %
2026/03/19 16:53:50.847, 106.60 W, 99 %
2026/03/19 16:53:50.947, 106.68 W, 99 %
2026/03/19 16:53:51.047, 106.58 W, 99 %
2026/03/19 16:53:51.147, 106.86 W, 99 %
2026/03/19 16:53:51.248, 106.89 W, 99 %
2026/03/19 16:53:51.348, 107.13 W, 99 %
2026/03/19 16:53:51.448, 107.22 W, 99 %
2026/03/19 16:53:51.548, 107.05 W, 99 %
2026/03/19 16:53:51.648, 107.39 W, 99 %
2026/03/19 16:53:51.748, 107.46 W, 99 %
2026/03/19 16:53:51.848, 107.19 W, 99 %
2026/03/19 16:53:51.949, 107.14 W, 99 %
2026/03/19 16:53:52.049, 107.11 W, 99 %
2026/03/19 16:53:52.149, 107.10 W, 99 %
2026/03/19 16:53:52.249, 107.16 W, 99 %
2026/03/19 16:53:52.349, 106.81 W, 99 %
2026/03/19 16:53:52.449, 106.99 W, 99 %
2026/03/19 16:53:52.550, 107.11 W, 99 %
2026/03/19 16:53:52.650, 106.92 W, 99 %
2026/03/19 16:53:52.750, 106.66 W, 99 %
2026/03/19 16:53:52.850, 106.77 W, 99 %
2026/03/19 16:53:52.950, 106.96 W, 99 %
2026/03/19 16:53:53.050, 107.01 W, 99 %
2026/03/19 16:53:53.150, 107.07 W, 99 %
2026/03/19 16:53:53.251, 107.00 W, 99 %
2026/03/19 16:53:53.351, 107.03 W, 99 %
2026/03/19 16:53:53.451, 106.95 W, 99 %
2026/03/19 16:53:53.551, 106.99 W, 99 %
2026/03/19 16:53:53.651, 107.02 W, 99 %
2026/03/19 16:53:53.751, 107.22 W, 99 %
2026/03/19 16:53:53.851, 107.49 W, 99 %
2026/03/19 16:53:53.952, 107.27 W, 99 %
2026/03/19 16:53:54.052, 107.15 W, 99 %
2026/03/19 16:53:54.152, 107.05 W, 99 %
2026/03/19 16:53:54.252, 107.12 W, 99 %
2026/03/19 16:53:54.352, 107.29 W, 99 %
2026/03/19 16:53:54.452, 107.09 W, 99 %
2026/03/19 16:53:54.552, 106.93 W, 99 %
2026/03/19 16:53:54.653, 107.00 W, 99 %
2026/03/19 16:53:54.753, 106.90 W, 99 %
2026/03/19 16:53:54.853, 106.68 W, 99 %
2026/03/19 16:53:54.953, 106.81 W, 99 %
2026/03/19 16:53:55.053, 106.84 W, 99 %
2026/03/19 16:53:55.153, 106.71 W, 99 %
2026/03/19 16:53:55.254, 106.60 W, 99 %
2026/03/19 16:53:55.354, 106.38 W, 99 %
2026/03/19 16:53:55.454, 106.56 W, 99 %
2026/03/19 16:53:55.554, 106.74 W, 99 %
2026/03/19 16:53:55.654, 106.48 W, 99 %
2026/03/19 16:53:55.754, 106.55 W, 99 %
2026/03/19 16:53:55.854, 106.48 W, 99 %
2026/03/19 16:53:55.955, 106.54 W, 99 %
2026/03/19 16:53:56.055, 106.88 W, 99 %
2026/03/19 16:53:56.155, 106.98 W, 99 %
2026/03/19 16:53:56.255, 106.81 W, 99 %
2026/03/19 16:53:56.355, 106.28 W, 99 %
2026/03/19 16:53:56.455, 106.49 W, 77 %
2026/03/19 16:53:56.555, 106.35 W, 77 %
2026/03/19 16:53:56.656, 106.40 W, 99 %
2026/03/19 16:53:56.756, 106.14 W, 99 %
2026/03/19 16:53:56.856, 106.21 W, 99 %
2026/03/19 16:53:56.956, 106.29 W, 99 %
2026/03/19 16:53:57.056, 106.31 W, 99 %
2026/03/19 16:53:57.156, 106.12 W, 99 %
2026/03/19 16:53:57.257, 106.30 W, 99 %
2026/03/19 16:53:57.357, 106.96 W, 99 %
2026/03/19 16:53:57.457, 107.01 W, 99 %
2026/03/19 16:53:57.557, 106.86 W, 99 %
2026/03/19 16:53:57.657, 106.97 W, 99 %
2026/03/19 16:53:57.757, 107.12 W, 99 %
2026/03/19 16:53:57.857, 107.18 W, 99 %
2026/03/19 16:53:57.958, 107.18 W, 99 %
2026/03/19 16:53:58.058, 106.82 W, 99 %
2026/03/19 16:53:58.158, 106.88 W, 99 %
2026/03/19 16:53:58.258, 106.94 W, 99 %
2026/03/19 16:53:58.358, 106.76 W, 99 %
2026/03/19 16:53:58.458, 106.57 W, 99 %
2026/03/19 16:53:58.558, 106.58 W, 99 %
2026/03/19 16:53:58.659, 106.67 W, 99 %
2026/03/19 16:53:58.759, 106.47 W, 99 %
2026/03/19 16:53:58.859, 106.57 W, 99 %
2026/03/19 16:53:58.959, 106.34 W, 99 %
2026/03/19 16:53:59.059, 106.33 W, 99 %
2026/03/19 16:53:59.159, 106.66 W, 99 %
2026/03/19 16:53:59.260, 106.56 W, 99 %
2026/03/19 16:53:59.360, 106.55 W, 99 %
2026/03/19 16:53:59.460, 106.64 W, 99 %
2026/03/19 16:53:59.560, 106.55 W, 99 %
2026/03/19 16:53:59.660, 106.72 W, 99 %
2026/03/19 16:53:59.760, 106.79 W, 99 %
2026/03/19 16:53:59.860, 106.92 W, 99 %
2026/03/19 16:53:59.961, 106.94 W, 99 %
2026/03/19 16:54:00.061, 107.25 W, 99 %
2026/03/19 16:54:00.161, 107.04 W, 99 %
2026/03/19 16:54:00.261, 107.15 W, 99 %
2026/03/19 16:54:00.361, 107.11 W, 99 %
2026/03/19 16:54:00.461, 107.14 W, 99 %
2026/03/19 16:54:00.561, 107.33 W, 99 %
2026/03/19 16:54:00.662, 107.24 W, 99 %
2026/03/19 16:54:00.762, 107.04 W, 99 %
2026/03/19 16:54:00.862, 107.09 W, 99 %
2026/03/19 16:54:00.962, 107.01 W, 99 %
2026/03/19 16:54:01.062, 106.88 W, 99 %
2026/03/19 16:54:01.162, 106.75 W, 99 %
2026/03/19 16:54:01.263, 106.73 W, 99 %
2026/03/19 16:54:01.363, 107.15 W, 99 %
2026/03/19 16:54:01.463, 107.09 W, 99 %
2026/03/19 16:54:01.563, 107.27 W, 99 %
2026/03/19 16:54:01.663, 107.14 W, 99 %
2026/03/19 16:54:01.763, 107.46 W, 99 %
2026/03/19 16:54:01.863, 107.51 W, 99 %
2026/03/19 16:54:01.964, 107.39 W, 99 %
2026/03/19 16:54:02.064, 107.35 W, 99 %
2026/03/19 16:54:02.164, 107.51 W, 99 %
2026/03/19 16:54:02.264, 107.65 W, 99 %
2026/03/19 16:54:02.364, 107.46 W, 99 %
2026/03/19 16:54:02.464, 107.54 W, 99 %
2026/03/19 16:54:02.564, 107.46 W, 99 %
2026/03/19 16:54:02.665, 107.72 W, 99 %
2026/03/19 16:54:02.765, 107.49 W, 99 %
2026/03/19 16:54:02.865, 105.88 W, 99 %
2026/03/19 16:54:02.965, 104.43 W, 99 %
2026/03/19 16:54:03.065, 104.49 W, 99 %
2026/03/19 16:54:03.165, 104.19 W, 99 %
2026/03/19 16:54:03.265, 104.02 W, 99 %
2026/03/19 16:54:03.366, 104.04 W, 99 %
2026/03/19 16:54:03.466, 104.05 W, 99 %
2026/03/19 16:54:03.566, 103.90 W, 99 %
2026/03/19 16:54:03.666, 103.76 W, 99 %
2026/03/19 16:54:03.766, 103.69 W, 99 %
2026/03/19 16:54:03.866, 105.07 W, 99 %
2026/03/19 16:54:03.966, 106.71 W, 99 %
2026/03/19 16:54:04.067, 106.79 W, 99 %
2026/03/19 16:54:04.167, 106.83 W, 99 %
2026/03/19 16:54:04.267, 106.94 W, 99 %
2026/03/19 16:54:04.367, 106.73 W, 99 %
2026/03/19 16:54:04.467, 106.95 W, 99 %
2026/03/19 16:54:04.567, 106.94 W, 99 %
2026/03/19 16:54:04.667, 106.88 W, 99 %
2026/03/19 16:54:04.768, 106.75 W, 99 %
2026/03/19 16:54:04.868, 107.12 W, 99 %
2026/03/19 16:54:04.968, 106.99 W, 99 %
2026/03/19 16:54:05.068, 106.93 W, 99 %
2026/03/19 16:54:05.168, 107.21 W, 99 %
2026/03/19 16:54:05.268, 107.09 W, 99 %
2026/03/19 16:54:05.369, 107.26 W, 99 %
2026/03/19 16:54:05.469, 107.15 W, 99 %
2026/03/19 16:54:05.569, 107.24 W, 99 %
2026/03/19 16:54:05.669, 107.39 W, 99 %
2026/03/19 16:54:05.769, 107.45 W, 99 %
2026/03/19 16:54:05.869, 107.29 W, 99 %
2026/03/19 16:54:05.969, 107.13 W, 99 %
2026/03/19 16:54:06.070, 107.23 W, 99 %
2026/03/19 16:54:06.170, 107.16 W, 99 %
2026/03/19 16:54:06.270, 107.24 W, 99 %
2026/03/19 16:54:06.370, 107.02 W, 99 %
2026/03/19 16:54:06.470, 107.18 W, 99 %
2026/03/19 16:54:06.570, 107.21 W, 99 %
2026/03/19 16:54:06.670, 107.17 W, 99 %
2026/03/19 16:54:06.771, 107.00 W, 99 %
2026/03/19 16:54:06.871, 107.04 W, 99 %
2026/03/19 16:54:06.971, 107.32 W, 99 %
2026/03/19 16:54:07.071, 107.17 W, 99 %
2026/03/19 16:54:07.171, 107.22 W, 99 %
2026/03/19 16:54:07.271, 107.20 W, 99 %
2026/03/19 16:54:07.372, 107.11 W, 99 %
2026/03/19 16:54:07.472, 107.21 W, 99 %
2026/03/19 16:54:07.572, 107.13 W, 99 %
2026/03/19 16:54:07.672, 107.17 W, 99 %
2026/03/19 16:54:07.772, 107.49 W, 99 %
2026/03/19 16:54:07.872, 107.50 W, 99 %
2026/03/19 16:54:07.972, 107.42 W, 99 %
2026/03/19 16:54:08.073, 107.40 W, 99 %
2026/03/19 16:54:08.173, 107.17 W, 99 %
2026/03/19 16:54:08.273, 107.16 W, 99 %
2026/03/19 16:54:08.373, 107.55 W, 99 %
2026/03/19 16:54:08.473, 107.05 W, 99 %
2026/03/19 16:54:08.573, 106.89 W, 99 %
2026/03/19 16:54:08.673, 106.89 W, 99 %
2026/03/19 16:54:08.774, 106.89 W, 99 %
2026/03/19 16:54:08.874, 106.61 W, 99 %
2026/03/19 16:54:08.974, 106.62 W, 99 %
2026/03/19 16:54:09.074, 106.57 W, 99 %
2026/03/19 16:54:09.174, 106.66 W, 99 %
2026/03/19 16:54:09.274, 106.88 W, 99 %
2026/03/19 16:54:09.375, 106.61 W, 99 %
2026/03/19 16:54:09.475, 105.67 W, 99 %
2026/03/19 16:54:09.575, 105.77 W, 99 %
2026/03/19 16:54:09.675, 106.04 W, 99 %
2026/03/19 16:54:09.775, 105.90 W, 99 %
2026/03/19 16:54:09.875, 106.00 W, 99 %
2026/03/19 16:54:09.975, 105.99 W, 99 %
2026/03/19 16:54:10.076, 106.09 W, 99 %
2026/03/19 16:54:10.176, 106.18 W, 99 %
2026/03/19 16:54:10.276, 105.84 W, 99 %
2026/03/19 16:54:10.376, 105.98 W, 99 %
2026/03/19 16:54:10.476, 107.13 W, 99 %
2026/03/19 16:54:10.576, 107.20 W, 99 %
2026/03/19 16:54:10.676, 106.89 W, 99 %
2026/03/19 16:54:10.777, 106.60 W, 99 %
2026/03/19 16:54:10.877, 106.72 W, 99 %
2026/03/19 16:54:10.977, 106.96 W, 99 %
2026/03/19 16:54:11.077, 106.92 W, 99 %
2026/03/19 16:54:11.177, 106.76 W, 99 %
2026/03/19 16:54:11.277, 106.96 W, 99 %
2026/03/19 16:54:11.378, 106.85 W, 99 %
2026/03/19 16:54:11.478, 106.94 W, 99 %
2026/03/19 16:54:11.578, 107.04 W, 99 %
2026/03/19 16:54:11.678, 107.02 W, 99 %
2026/03/19 16:54:11.778, 107.34 W, 99 %
2026/03/19 16:54:11.878, 107.46 W, 99 %
2026/03/19 16:54:11.978, 107.13 W, 99 %
2026/03/19 16:54:12.079, 107.26 W, 99 %
2026/03/19 16:54:12.179, 107.10 W, 99 %
2026/03/19 16:54:12.279, 107.10 W, 99 %
2026/03/19 16:54:12.379, 107.33 W, 99 %
2026/03/19 16:54:12.479, 107.21 W, 99 %
2026/03/19 16:54:12.579, 107.02 W, 99 %
2026/03/19 16:54:12.679, 107.16 W, 99 %
2026/03/19 16:54:12.780, 107.18 W, 99 %
2026/03/19 16:54:12.880, 107.23 W, 99 %
2026/03/19 16:54:12.980, 107.24 W, 99 %
2026/03/19 16:54:13.080, 107.08 W, 99 %
2026/03/19 16:54:13.180, 107.48 W, 99 %
2026/03/19 16:54:13.280, 107.53 W, 99 %
2026/03/19 16:54:13.380, 107.31 W, 99 %
2026/03/19 16:54:13.481, 107.32 W, 99 %
2026/03/19 16:54:13.581, 107.27 W, 99 %
2026/03/19 16:54:13.681, 107.07 W, 99 %
2026/03/19 16:54:13.781, 106.97 W, 99 %
2026/03/19 16:54:13.881, 106.71 W, 99 %
2026/03/19 16:54:13.981, 106.70 W, 99 %
2026/03/19 16:54:14.081, 106.84 W, 99 %
2026/03/19 16:54:14.182, 106.54 W, 99 %
2026/03/19 16:54:14.282, 106.36 W, 99 %
2026/03/19 16:54:14.382, 106.27 W, 99 %
2026/03/19 16:54:14.482, 106.25 W, 99 %
2026/03/19 16:54:14.582, 106.39 W, 99 %
2026/03/19 16:54:14.682, 106.35 W, 99 %
2026/03/19 16:54:14.783, 106.33 W, 99 %
2026/03/19 16:54:14.883, 106.51 W, 99 %
2026/03/19 16:54:14.983, 106.67 W, 99 %
2026/03/19 16:54:15.083, 106.54 W, 99 %
2026/03/19 16:54:15.183, 106.72 W, 99 %
2026/03/19 16:54:15.283, 106.78 W, 99 %
2026/03/19 16:54:15.383, 107.01 W, 99 %
2026/03/19 16:54:15.484, 106.91 W, 99 %
2026/03/19 16:54:15.584, 106.82 W, 99 %
2026/03/19 16:54:15.684, 106.88 W, 99 %
2026/03/19 16:54:15.784, 106.81 W, 99 %
2026/03/19 16:54:15.884, 106.78 W, 99 %
2026/03/19 16:54:15.984, 105.74 W, 99 %
2026/03/19 16:54:16.084, 105.75 W, 99 %
2026/03/19 16:54:16.185, 105.57 W, 99 %
2026/03/19 16:54:16.285, 105.76 W, 99 %
2026/03/19 16:54:16.385, 105.78 W, 99 %
2026/03/19 16:54:16.485, 105.84 W, 99 %
2026/03/19 16:54:16.585, 105.83 W, 99 %
2026/03/19 16:54:16.685, 105.93 W, 99 %
2026/03/19 16:54:16.785, 105.98 W, 99 %
2026/03/19 16:54:16.886, 105.70 W, 99 %
2026/03/19 16:54:16.986, 106.79 W, 99 %
2026/03/19 16:54:17.086, 106.94 W, 99 %
2026/03/19 16:54:17.186, 107.01 W, 99 %
2026/03/19 16:54:17.286, 106.92 W, 99 %
2026/03/19 16:54:17.386, 106.83 W, 99 %
2026/03/19 16:54:17.487, 106.68 W, 99 %
2026/03/19 16:54:17.587, 106.62 W, 99 %
2026/03/19 16:54:17.687, 106.40 W, 99 %
2026/03/19 16:54:17.787, 106.45 W, 99 %
2026/03/19 16:54:17.887, 106.42 W, 99 %
2026/03/19 16:54:17.987, 106.52 W, 99 %
2026/03/19 16:54:18.087, 106.40 W, 99 %
2026/03/19 16:54:18.188, 106.21 W, 99 %
2026/03/19 16:54:18.288, 106.32 W, 99 %
2026/03/19 16:54:18.388, 106.40 W, 99 %
2026/03/19 16:54:18.488, 106.67 W, 99 %
2026/03/19 16:54:18.588, 106.69 W, 99 %
2026/03/19 16:54:18.688, 106.83 W, 99 %
2026/03/19 16:54:18.788, 107.07 W, 99 %
2026/03/19 16:54:18.889, 107.21 W, 99 %
2026/03/19 16:54:18.989, 106.94 W, 99 %
2026/03/19 16:54:19.089, 107.15 W, 99 %
2026/03/19 16:54:19.189, 107.04 W, 99 %
2026/03/19 16:54:19.289, 106.92 W, 99 %
2026/03/19 16:54:19.389, 106.90 W, 99 %
2026/03/19 16:54:19.489, 107.02 W, 99 %
2026/03/19 16:54:19.590, 106.89 W, 99 %
2026/03/19 16:54:19.690, 106.91 W, 99 %
2026/03/19 16:54:19.790, 106.78 W, 99 %
2026/03/19 16:54:19.890, 106.72 W, 99 %
2026/03/19 16:54:19.990, 107.06 W, 99 %
2026/03/19 16:54:20.090, 106.92 W, 99 %
2026/03/19 16:54:20.190, 107.10 W, 99 %
2026/03/19 16:54:20.291, 107.28 W, 99 %
2026/03/19 16:54:20.391, 107.00 W, 99 %
2026/03/19 16:54:20.491, 106.93 W, 99 %
2026/03/19 16:54:20.591, 106.90 W, 99 %
2026/03/19 16:54:20.691, 106.88 W, 99 %
2026/03/19 16:54:20.791, 107.10 W, 99 %
2026/03/19 16:54:20.892, 106.85 W, 99 %
2026/03/19 16:54:20.992, 106.92 W, 99 %
2026/03/19 16:54:21.092, 107.17 W, 99 %
2026/03/19 16:54:21.192, 107.12 W, 99 %
2026/03/19 16:54:21.292, 107.00 W, 99 %
2026/03/19 16:54:21.392, 107.13 W, 99 %
2026/03/19 16:54:21.492, 107.29 W, 99 %
2026/03/19 16:54:21.593, 107.17 W, 99 %
2026/03/19 16:54:21.693, 107.04 W, 99 %
2026/03/19 16:54:21.793, 107.06 W, 99 %
2026/03/19 16:54:21.893, 107.24 W, 99 %
2026/03/19 16:54:21.993, 107.01 W, 99 %
2026/03/19 16:54:22.093, 106.81 W, 99 %
2026/03/19 16:54:22.193, 106.61 W, 99 %
2026/03/19 16:54:22.294, 106.75 W, 99 %
2026/03/19 16:54:22.394, 106.82 W, 99 %
2026/03/19 16:54:22.494, 105.61 W, 78 %
2026/03/19 16:54:22.594, 105.51 W, 78 %
2026/03/19 16:54:22.694, 105.63 W, 99 %
2026/03/19 16:54:22.794, 105.37 W, 99 %
2026/03/19 16:54:22.894, 105.32 W, 99 %
2026/03/19 16:54:22.995, 105.35 W, 99 %
2026/03/19 16:54:23.095, 105.45 W, 99 %
2026/03/19 16:54:23.195, 105.58 W, 99 %
2026/03/19 16:54:23.295, 105.54 W, 99 %
2026/03/19 16:54:23.395, 105.44 W, 99 %
2026/03/19 16:54:23.495, 106.22 W, 99 %
2026/03/19 16:54:23.595, 106.63 W, 99 %
2026/03/19 16:54:23.696, 106.68 W, 99 %
2026/03/19 16:54:23.796, 106.93 W, 99 %
2026/03/19 16:54:23.896, 106.93 W, 99 %
2026/03/19 16:54:23.996, 106.99 W, 99 %
2026/03/19 16:54:24.096, 106.97 W, 99 %
2026/03/19 16:54:24.196, 106.71 W, 99 %
2026/03/19 16:54:24.297, 106.81 W, 99 %
2026/03/19 16:54:24.397, 106.83 W, 99 %
2026/03/19 16:54:24.497, 106.89 W, 99 %
2026/03/19 16:54:24.597, 106.86 W, 99 %
2026/03/19 16:54:24.697, 106.85 W, 99 %
2026/03/19 16:54:24.797, 106.64 W, 99 %
2026/03/19 16:54:24.897, 106.69 W, 99 %
2026/03/19 16:54:24.998, 106.66 W, 99 %
2026/03/19 16:54:25.098, 106.52 W, 99 %
2026/03/19 16:54:25.198, 106.66 W, 99 %
2026/03/19 16:54:25.298, 106.68 W, 99 %
2026/03/19 16:54:25.398, 106.50 W, 99 %
2026/03/19 16:54:25.498, 106.54 W, 99 %
2026/03/19 16:54:25.598, 106.53 W, 99 %
2026/03/19 16:54:25.699, 106.59 W, 99 %
2026/03/19 16:54:25.799, 106.69 W, 99 %
2026/03/19 16:54:25.899, 106.61 W, 99 %
2026/03/19 16:54:25.999, 106.62 W, 99 %
2026/03/19 16:54:26.099, 106.89 W, 99 %
2026/03/19 16:54:26.199, 106.83 W, 99 %
2026/03/19 16:54:26.299, 106.86 W, 99 %
2026/03/19 16:54:26.400, 107.16 W, 99 %
2026/03/19 16:54:26.500, 107.02 W, 99 %
2026/03/19 16:54:26.600, 107.08 W, 99 %
2026/03/19 16:54:26.700, 107.05 W, 99 %
2026/03/19 16:54:26.800, 107.22 W, 99 %
2026/03/19 16:54:26.900, 107.43 W, 99 %
2026/03/19 16:54:27.001, 107.42 W, 99 %
2026/03/19 16:54:27.101, 107.23 W, 99 %
2026/03/19 16:54:27.201, 107.53 W, 99 %
2026/03/19 16:54:27.301, 107.34 W, 99 %
2026/03/19 16:54:27.401, 107.33 W, 99 %
2026/03/19 16:54:27.501, 107.40 W, 99 %
2026/03/19 16:54:27.601, 107.52 W, 99 %
2026/03/19 16:54:27.702, 107.57 W, 99 %
2026/03/19 16:54:27.802, 107.47 W, 99 %
2026/03/19 16:54:27.902, 107.14 W, 99 %
2026/03/19 16:54:28.002, 107.33 W, 99 %
2026/03/19 16:54:28.102, 107.33 W, 99 %
2026/03/19 16:54:28.202, 107.19 W, 99 %
2026/03/19 16:54:28.302, 107.25 W, 99 %
2026/03/19 16:54:28.403, 107.14 W, 99 %
2026/03/19 16:54:28.503, 107.30 W, 99 %
2026/03/19 16:54:28.603, 107.06 W, 99 %
2026/03/19 16:54:28.703, 107.00 W, 99 %
2026/03/19 16:54:28.803, 106.98 W, 99 %
2026/03/19 16:54:28.903, 106.84 W, 99 %
2026/03/19 16:54:29.004, 105.82 W, 99 %
2026/03/19 16:54:29.104, 105.97 W, 99 %
2026/03/19 16:54:29.204, 106.11 W, 99 %
2026/03/19 16:54:29.304, 106.19 W, 99 %
2026/03/19 16:54:29.404, 106.22 W, 99 %
2026/03/19 16:54:29.504, 106.25 W, 99 %
2026/03/19 16:54:29.604, 106.26 W, 99 %
2026/03/19 16:54:29.705, 106.26 W, 99 %
2026/03/19 16:54:29.805, 106.26 W, 99 %
2026/03/19 16:54:29.905, 106.36 W, 99 %
2026/03/19 16:54:30.005, 107.33 W, 99 %
2026/03/19 16:54:30.105, 107.54 W, 99 %
2026/03/19 16:54:30.205, 107.66 W, 99 %
2026/03/19 16:54:30.305, 107.47 W, 99 %
2026/03/19 16:54:30.406, 107.32 W, 99 %
2026/03/19 16:54:30.506, 107.42 W, 99 %
2026/03/19 16:54:30.606, 107.22 W, 99 %
2026/03/19 16:54:30.706, 107.23 W, 99 %
2026/03/19 16:54:30.806, 107.19 W, 99 %
2026/03/19 16:54:30.906, 107.00 W, 99 %
2026/03/19 16:54:31.007, 106.95 W, 99 %
2026/03/19 16:54:31.107, 106.72 W, 99 %
2026/03/19 16:54:31.207, 106.49 W, 99 %
2026/03/19 16:54:31.307, 106.52 W, 99 %
2026/03/19 16:54:31.407, 106.44 W, 99 %
2026/03/19 16:54:31.507, 106.65 W, 99 %
2026/03/19 16:54:31.607, 106.96 W, 99 %
2026/03/19 16:54:31.708, 106.73 W, 99 %
2026/03/19 16:54:31.808, 106.47 W, 99 %
2026/03/19 16:54:31.908, 106.64 W, 99 %
2026/03/19 16:54:32.008, 106.53 W, 99 %
2026/03/19 16:54:32.108, 106.54 W, 99 %
2026/03/19 16:54:32.208, 106.66 W, 99 %
2026/03/19 16:54:32.308, 106.67 W, 99 %
2026/03/19 16:54:32.409, 106.96 W, 99 %
2026/03/19 16:54:32.509, 106.87 W, 99 %
2026/03/19 16:54:32.609, 106.73 W, 99 %
2026/03/19 16:54:32.709, 106.87 W, 99 %
2026/03/19 16:54:32.809, 107.21 W, 99 %
2026/03/19 16:54:32.909, 107.22 W, 99 %
2026/03/19 16:54:33.009, 107.36 W, 99 %
2026/03/19 16:54:33.110, 107.46 W, 99 %
2026/03/19 16:54:33.210, 107.39 W, 99 %
2026/03/19 16:54:33.310, 107.65 W, 99 %
2026/03/19 16:54:33.410, 107.68 W, 99 %
2026/03/19 16:54:33.510, 107.44 W, 99 %
2026/03/19 16:54:33.610, 107.36 W, 99 %
2026/03/19 16:54:33.711, 107.47 W, 99 %
2026/03/19 16:54:33.811, 107.52 W, 99 %
2026/03/19 16:54:33.911, 107.48 W, 99 %
2026/03/19 16:54:34.011, 107.55 W, 99 %
2026/03/19 16:54:34.111, 107.54 W, 99 %
2026/03/19 16:54:34.211, 107.61 W, 99 %
2026/03/19 16:54:34.311, 107.21 W, 99 %
2026/03/19 16:54:34.412, 106.90 W, 99 %
2026/03/19 16:54:34.512, 107.03 W, 99 %
2026/03/19 16:54:34.612, 106.92 W, 99 %
2026/03/19 16:54:34.712, 106.88 W, 99 %
2026/03/19 16:54:34.812, 106.77 W, 99 %
2026/03/19 16:54:34.912, 106.85 W, 99 %
2026/03/19 16:54:35.012, 106.67 W, 99 %
2026/03/19 16:54:35.113, 106.80 W, 99 %
2026/03/19 16:54:35.213, 106.59 W, 99 %
2026/03/19 16:54:35.313, 106.85 W, 99 %
2026/03/19 16:54:35.413, 106.89 W, 99 %
2026/03/19 16:54:35.513, 106.01 W, 78 %
2026/03/19 16:54:35.613, 106.16 W, 78 %
2026/03/19 16:54:35.713, 106.06 W, 99 %
2026/03/19 16:54:35.814, 106.20 W, 99 %
2026/03/19 16:54:35.914, 105.93 W, 99 %
2026/03/19 16:54:36.014, 106.07 W, 99 %
2026/03/19 16:54:36.114, 105.93 W, 99 %
2026/03/19 16:54:36.214, 106.07 W, 99 %
2026/03/19 16:54:36.314, 106.44 W, 99 %
2026/03/19 16:54:36.414, 106.55 W, 99 %
2026/03/19 16:54:36.515, 107.46 W, 99 %
2026/03/19 16:54:36.615, 107.52 W, 99 %
2026/03/19 16:54:36.715, 107.75 W, 99 %
2026/03/19 16:54:36.815, 107.46 W, 99 %
2026/03/19 16:54:36.915, 107.59 W, 99 %
2026/03/19 16:54:37.015, 107.43 W, 99 %
2026/03/19 16:54:37.116, 107.28 W, 99 %
2026/03/19 16:54:37.216, 107.26 W, 99 %
2026/03/19 16:54:37.316, 107.08 W, 99 %
2026/03/19 16:54:37.416, 106.81 W, 99 %
2026/03/19 16:54:37.516, 106.73 W, 99 %
2026/03/19 16:54:37.616, 106.86 W, 99 %
2026/03/19 16:54:37.716, 106.61 W, 99 %
2026/03/19 16:54:37.817, 106.93 W, 99 %
2026/03/19 16:54:37.917, 106.83 W, 99 %
2026/03/19 16:54:38.017, 107.02 W, 99 %
2026/03/19 16:54:38.117, 107.34 W, 99 %
2026/03/19 16:54:38.217, 107.29 W, 99 %
2026/03/19 16:54:38.317, 107.40 W, 99 %
2026/03/19 16:54:38.417, 107.55 W, 99 %
2026/03/19 16:54:38.518, 107.51 W, 99 %
2026/03/19 16:54:38.618, 107.21 W, 99 %
2026/03/19 16:54:38.718, 107.31 W, 99 %
2026/03/19 16:54:38.818, 107.21 W, 99 %
2026/03/19 16:54:38.918, 107.31 W, 99 %
2026/03/19 16:54:39.018, 107.60 W, 99 %
2026/03/19 16:54:39.119, 107.13 W, 99 %
2026/03/19 16:54:39.219, 107.18 W, 99 %
2026/03/19 16:54:39.319, 107.01 W, 99 %
2026/03/19 16:54:39.419, 107.01 W, 99 %
2026/03/19 16:54:39.519, 107.06 W, 99 %
2026/03/19 16:54:39.619, 107.13 W, 99 %
2026/03/19 16:54:39.719, 106.88 W, 99 %
2026/03/19 16:54:39.820, 106.79 W, 99 %
2026/03/19 16:54:39.920, 106.81 W, 99 %
2026/03/19 16:54:40.020, 106.64 W, 99 %
2026/03/19 16:54:40.120, 106.72 W, 99 %
2026/03/19 16:54:40.220, 106.70 W, 99 %
2026/03/19 16:54:40.320, 106.90 W, 99 %
2026/03/19 16:54:40.421, 106.77 W, 99 %
2026/03/19 16:54:40.521, 106.81 W, 99 %
2026/03/19 16:54:40.621, 106.97 W, 99 %
2026/03/19 16:54:40.721, 107.20 W, 99 %
2026/03/19 16:54:40.821, 107.46 W, 99 %
2026/03/19 16:54:40.921, 107.47 W, 99 %
2026/03/19 16:54:41.021, 107.09 W, 99 %
2026/03/19 16:54:41.122, 107.30 W, 99 %
2026/03/19 16:54:41.222, 107.36 W, 99 %
2026/03/19 16:54:41.322, 107.23 W, 99 %
2026/03/19 16:54:41.422, 107.42 W, 99 %
2026/03/19 16:54:41.522, 107.43 W, 99 %
2026/03/19 16:54:41.622, 107.40 W, 99 %
2026/03/19 16:54:41.723, 107.35 W, 99 %
2026/03/19 16:54:41.823, 107.06 W, 99 %
2026/03/19 16:54:41.923, 107.05 W, 99 %
2026/03/19 16:54:42.023, 106.61 W, 99 %
2026/03/19 16:54:42.123, 106.51 W, 99 %
2026/03/19 16:54:42.223, 106.62 W, 99 %
2026/03/19 16:54:42.323, 106.50 W, 99 %
2026/03/19 16:54:42.424, 106.27 W, 99 %
2026/03/19 16:54:42.524, 106.38 W, 99 %
2026/03/19 16:54:42.624, 106.29 W, 99 %
2026/03/19 16:54:42.724, 106.30 W, 99 %
2026/03/19 16:54:42.824, 106.19 W, 99 %
2026/03/19 16:54:42.924, 106.21 W, 99 %
2026/03/19 16:54:43.024, 107.18 W, 99 %
2026/03/19 16:54:43.125, 107.25 W, 99 %
2026/03/19 16:54:43.225, 107.13 W, 99 %
2026/03/19 16:54:43.325, 107.07 W, 99 %
2026/03/19 16:54:43.425, 107.01 W, 99 %
2026/03/19 16:54:43.525, 106.76 W, 99 %
2026/03/19 16:54:43.625, 106.85 W, 99 %
2026/03/19 16:54:43.725, 106.97 W, 99 %
2026/03/19 16:54:43.826, 107.00 W, 99 %
2026/03/19 16:54:43.926, 107.12 W, 99 %
2026/03/19 16:54:44.026, 106.95 W, 99 %
2026/03/19 16:54:44.126, 106.94 W, 99 %
2026/03/19 16:54:44.226, 107.07 W, 99 %
2026/03/19 16:54:44.326, 107.25 W, 99 %
2026/03/19 16:54:44.426, 107.38 W, 99 %
2026/03/19 16:54:44.527, 107.56 W, 99 %
2026/03/19 16:54:44.627, 107.45 W, 99 %
2026/03/19 16:54:44.727, 107.48 W, 99 %
2026/03/19 16:54:44.827, 107.30 W, 99 %
2026/03/19 16:54:44.927, 107.03 W, 99 %
2026/03/19 16:54:45.027, 106.94 W, 99 %
2026/03/19 16:54:45.128, 107.03 W, 99 %
2026/03/19 16:54:45.228, 106.64 W, 99 %
2026/03/19 16:54:45.328, 106.54 W, 99 %
2026/03/19 16:54:45.428, 106.47 W, 99 %
2026/03/19 16:54:45.528, 106.16 W, 99 %
2026/03/19 16:54:45.628, 106.22 W, 99 %
2026/03/19 16:54:45.728, 106.18 W, 99 %
2026/03/19 16:54:45.829, 106.17 W, 99 %
2026/03/19 16:54:45.929, 106.38 W, 99 %
2026/03/19 16:54:46.029, 106.46 W, 99 %
2026/03/19 16:54:46.129, 106.63 W, 99 %
2026/03/19 16:54:46.229, 106.76 W, 99 %
2026/03/19 16:54:46.329, 106.94 W, 99 %
2026/03/19 16:54:46.429, 107.05 W, 99 %
2026/03/19 16:54:46.530, 107.12 W, 99 %
2026/03/19 16:54:46.630, 107.19 W, 99 %
2026/03/19 16:54:46.730, 107.33 W, 99 %
2026/03/19 16:54:46.830, 107.23 W, 99 %
2026/03/19 16:54:46.930, 107.44 W, 99 %
2026/03/19 16:54:47.030, 107.49 W, 99 %
2026/03/19 16:54:47.130, 107.07 W, 99 %
2026/03/19 16:54:47.231, 107.30 W, 99 %
2026/03/19 16:54:47.331, 107.18 W, 99 %
2026/03/19 16:54:47.431, 107.24 W, 99 %
2026/03/19 16:54:47.531, 107.31 W, 99 %
2026/03/19 16:54:47.631, 107.20 W, 99 %
2026/03/19 16:54:47.731, 107.11 W, 99 %
2026/03/19 16:54:47.831, 107.27 W, 99 %
2026/03/19 16:54:47.932, 107.06 W, 99 %
2026/03/19 16:54:48.032, 107.05 W, 99 %
2026/03/19 16:54:48.132, 107.23 W, 99 %
2026/03/19 16:54:48.232, 107.08 W, 99 %
2026/03/19 16:54:48.332, 107.07 W, 99 %
2026/03/19 16:54:48.432, 106.74 W, 99 %
2026/03/19 16:54:48.532, 106.06 W, 78 %
2026/03/19 16:54:48.633, 106.16 W, 78 %
2026/03/19 16:54:48.733, 106.08 W, 99 %
2026/03/19 16:54:48.833, 105.89 W, 99 %
2026/03/19 16:54:48.933, 106.13 W, 99 %
2026/03/19 16:54:49.033, 106.07 W, 99 %
2026/03/19 16:54:49.133, 106.11 W, 99 %
2026/03/19 16:54:49.234, 106.17 W, 99 %
2026/03/19 16:54:49.334, 106.04 W, 99 %
2026/03/19 16:54:49.434, 105.98 W, 99 %
2026/03/19 16:54:49.534, 106.92 W, 99 %
2026/03/19 16:54:49.634, 106.74 W, 99 %
2026/03/19 16:54:49.734, 106.79 W, 99 %
2026/03/19 16:54:49.834, 106.77 W, 99 %
2026/03/19 16:54:49.935, 106.82 W, 99 %
2026/03/19 16:54:50.035, 106.96 W, 99 %
2026/03/19 16:54:50.135, 107.07 W, 99 %
2026/03/19 16:54:50.235, 106.99 W, 99 %
2026/03/19 16:54:50.335, 107.19 W, 99 %
2026/03/19 16:54:50.435, 107.38 W, 99 %
2026/03/19 16:54:50.535, 107.40 W, 99 %
2026/03/19 16:54:50.636, 107.33 W, 99 %
2026/03/19 16:54:50.736, 107.31 W, 99 %
2026/03/19 16:54:50.836, 107.62 W, 99 %
2026/03/19 16:54:50.936, 107.47 W, 99 %
2026/03/19 16:54:51.036, 107.25 W, 99 %
2026/03/19 16:54:51.136, 107.29 W, 99 %
2026/03/19 16:54:51.237, 107.13 W, 99 %
2026/03/19 16:54:51.337, 107.13 W, 99 %
2026/03/19 16:54:51.437, 106.99 W, 99 %
2026/03/19 16:54:51.537, 106.81 W, 99 %
2026/03/19 16:54:51.637, 106.97 W, 99 %
2026/03/19 16:54:51.737, 106.97 W, 99 %
2026/03/19 16:54:51.837, 106.82 W, 99 %
2026/03/19 16:54:51.938, 106.68 W, 99 %
2026/03/19 16:54:52.038, 106.87 W, 99 %
2026/03/19 16:54:52.138, 106.65 W, 99 %
2026/03/19 16:54:52.238, 106.85 W, 99 %
2026/03/19 16:54:52.338, 106.82 W, 99 %
2026/03/19 16:54:52.438, 106.79 W, 99 %
2026/03/19 16:54:52.538, 107.15 W, 99 %
2026/03/19 16:54:52.639, 107.33 W, 99 %
2026/03/19 16:54:52.739, 107.21 W, 99 %
2026/03/19 16:54:52.839, 107.27 W, 99 %
2026/03/19 16:54:52.939, 107.39 W, 99 %
2026/03/19 16:54:53.039, 107.58 W, 99 %
2026/03/19 16:54:53.139, 107.58 W, 99 %
2026/03/19 16:54:53.239, 107.42 W, 99 %
2026/03/19 16:54:53.340, 107.36 W, 99 %
2026/03/19 16:54:53.440, 107.65 W, 99 %
2026/03/19 16:54:53.540, 107.22 W, 99 %
2026/03/19 16:54:53.640, 107.16 W, 99 %
2026/03/19 16:54:53.740, 107.14 W, 99 %
2026/03/19 16:54:53.840, 107.17 W, 99 %
2026/03/19 16:54:53.940, 107.14 W, 99 %
2026/03/19 16:54:54.041, 106.88 W, 99 %
2026/03/19 16:54:54.141, 106.89 W, 99 %
2026/03/19 16:54:54.241, 107.11 W, 99 %
2026/03/19 16:54:54.341, 107.36 W, 99 %
2026/03/19 16:54:54.441, 107.03 W, 99 %
2026/03/19 16:54:54.541, 107.20 W, 99 %
2026/03/19 16:54:54.641, 107.16 W, 99 %
2026/03/19 16:54:54.742, 107.23 W, 99 %
2026/03/19 16:54:54.842, 107.22 W, 99 %
2026/03/19 16:54:54.942, 107.18 W, 99 %
2026/03/19 16:54:55.042, 106.11 W, 99 %
2026/03/19 16:54:55.142, 106.17 W, 99 %
2026/03/19 16:54:55.242, 106.01 W, 99 %
2026/03/19 16:54:55.343, 105.81 W, 99 %
2026/03/19 16:54:55.443, 105.51 W, 99 %
2026/03/19 16:54:55.543, 105.53 W, 99 %
2026/03/19 16:54:55.643, 105.82 W, 99 %
2026/03/19 16:54:55.743, 105.85 W, 99 %
2026/03/19 16:54:55.843, 105.78 W, 99 %
2026/03/19 16:54:55.943, 105.76 W, 99 %
2026/03/19 16:54:56.044, 106.99 W, 99 %
2026/03/19 16:54:56.144, 106.99 W, 99 %
2026/03/19 16:54:56.244, 107.19 W, 99 %
2026/03/19 16:54:56.344, 107.42 W, 99 %
2026/03/19 16:54:56.444, 107.70 W, 99 %
2026/03/19 16:54:56.544, 107.78 W, 99 %
2026/03/19 16:54:56.644, 107.72 W, 99 %
2026/03/19 16:54:56.745, 107.76 W, 99 %
2026/03/19 16:54:56.845, 107.59 W, 99 %
2026/03/19 16:54:56.945, 107.80 W, 99 %
2026/03/19 16:54:57.045, 107.80 W, 99 %
2026/03/19 16:54:57.145, 107.69 W, 99 %
2026/03/19 16:54:57.245, 107.53 W, 99 %
2026/03/19 16:54:57.346, 107.42 W, 99 %
2026/03/19 16:54:57.446, 107.29 W, 99 %
2026/03/19 16:54:57.546, 107.08 W, 99 %
2026/03/19 16:54:57.646, 107.10 W, 99 %
2026/03/19 16:54:57.746, 106.89 W, 99 %
2026/03/19 16:54:57.846, 107.05 W, 99 %
2026/03/19 16:54:57.946, 107.20 W, 99 %
2026/03/19 16:54:58.047, 107.18 W, 99 %
2026/03/19 16:54:58.147, 107.04 W, 99 %
2026/03/19 16:54:58.247, 107.31 W, 99 %
2026/03/19 16:54:58.347, 107.51 W, 99 %
2026/03/19 16:54:58.447, 107.38 W, 99 %
2026/03/19 16:54:58.547, 107.39 W, 99 %
2026/03/19 16:54:58.647, 107.40 W, 99 %
2026/03/19 16:54:58.748, 107.39 W, 99 %
2026/03/19 16:54:58.848, 107.33 W, 99 %
2026/03/19 16:54:58.948, 107.01 W, 99 %
2026/03/19 16:54:59.048, 106.75 W, 99 %
2026/03/19 16:54:59.148, 106.97 W, 99 %
2026/03/19 16:54:59.248, 106.94 W, 99 %
2026/03/19 16:54:59.348, 106.74 W, 99 %
2026/03/19 16:54:59.449, 106.82 W, 99 %
2026/03/19 16:54:59.549, 106.90 W, 99 %
2026/03/19 16:54:59.649, 107.16 W, 99 %
2026/03/19 16:54:59.749, 107.04 W, 99 %
2026/03/19 16:54:59.849, 107.10 W, 99 %
2026/03/19 16:54:59.949, 106.91 W, 99 %
2026/03/19 16:55:00.050, 107.07 W, 99 %
2026/03/19 16:55:00.150, 107.06 W, 99 %
2026/03/19 16:55:00.250, 106.86 W, 99 %
2026/03/19 16:55:00.350, 106.72 W, 99 %
2026/03/19 16:55:00.450, 106.90 W, 99 %
2026/03/19 16:55:00.550, 106.93 W, 99 %
2026/03/19 16:55:00.650, 106.55 W, 99 %
2026/03/19 16:55:00.751, 106.63 W, 99 %
2026/03/19 16:55:00.851, 106.76 W, 99 %
2026/03/19 16:55:00.951, 107.03 W, 99 %
2026/03/19 16:55:01.051, 106.97 W, 99 %
2026/03/19 16:55:01.151, 106.90 W, 99 %
2026/03/19 16:55:01.251, 107.02 W, 99 %
2026/03/19 16:55:01.352, 107.30 W, 99 %
2026/03/19 16:55:01.452, 107.21 W, 99 %
2026/03/19 16:55:01.552, 106.35 W, 78 %
2026/03/19 16:55:01.652, 106.45 W, 78 %
2026/03/19 16:55:01.752, 106.45 W, 99 %
2026/03/19 16:55:01.852, 106.39 W, 99 %
2026/03/19 16:55:01.952, 106.27 W, 99 %
2026/03/19 16:55:02.053, 106.56 W, 99 %
2026/03/19 16:55:02.153, 106.49 W, 99 %
2026/03/19 16:55:02.253, 106.47 W, 99 %
2026/03/19 16:55:02.353, 106.26 W, 99 %
2026/03/19 16:55:02.453, 106.70 W, 99 %
2026/03/19 16:55:02.553, 107.22 W, 99 %
2026/03/19 16:55:02.653, 107.37 W, 99 %
2026/03/19 16:55:02.754, 107.00 W, 99 %
2026/03/19 16:55:02.854, 106.99 W, 99 %
2026/03/19 16:55:02.954, 107.10 W, 99 %
2026/03/19 16:55:03.054, 107.07 W, 99 %
2026/03/19 16:55:03.154, 107.06 W, 99 %
2026/03/19 16:55:03.254, 107.13 W, 99 %
2026/03/19 16:55:03.354, 107.13 W, 99 %
2026/03/19 16:55:03.455, 107.26 W, 99 %
2026/03/19 16:55:03.555, 107.21 W, 99 %
2026/03/19 16:55:03.655, 107.26 W, 99 %
2026/03/19 16:55:03.755, 107.40 W, 99 %
2026/03/19 16:55:03.855, 107.63 W, 99 %
2026/03/19 16:55:03.955, 107.80 W, 99 %
2026/03/19 16:55:04.055, 107.61 W, 99 %
2026/03/19 16:55:04.156, 107.33 W, 99 %
2026/03/19 16:55:04.256, 107.12 W, 99 %
2026/03/19 16:55:04.356, 106.90 W, 99 %
2026/03/19 16:55:04.456, 107.05 W, 99 %
2026/03/19 16:55:04.556, 107.05 W, 99 %
2026/03/19 16:55:04.656, 106.52 W, 99 %
2026/03/19 16:55:04.757, 106.69 W, 99 %
2026/03/19 16:55:04.857, 106.78 W, 99 %
2026/03/19 16:55:04.957, 106.33 W, 99 %
2026/03/19 16:55:05.057, 106.39 W, 99 %
2026/03/19 16:55:05.157, 106.64 W, 99 %
2026/03/19 16:55:05.257, 106.72 W, 99 %
2026/03/19 16:55:05.357, 106.76 W, 99 %
2026/03/19 16:55:05.458, 106.45 W, 99 %
2026/03/19 16:55:05.558, 106.26 W, 99 %
2026/03/19 16:55:05.658, 106.58 W, 99 %
2026/03/19 16:55:05.758, 106.60 W, 99 %
2026/03/19 16:55:05.858, 106.53 W, 99 %
2026/03/19 16:55:05.958, 106.87 W, 99 %
2026/03/19 16:55:06.058, 106.89 W, 99 %
2026/03/19 16:55:06.159, 106.93 W, 99 %
2026/03/19 16:55:06.259, 107.13 W, 99 %
2026/03/19 16:55:06.359, 107.18 W, 99 %
2026/03/19 16:55:06.459, 107.41 W, 99 %
2026/03/19 16:55:06.559, 107.67 W, 99 %
2026/03/19 16:55:06.659, 107.48 W, 99 %
2026/03/19 16:55:06.759, 107.45 W, 99 %
2026/03/19 16:55:06.860, 107.45 W, 99 %
2026/03/19 16:55:06.960, 107.39 W, 99 %
2026/03/19 16:55:07.060, 107.60 W, 99 %
2026/03/19 16:55:07.160, 107.54 W, 99 %
2026/03/19 16:55:07.260, 107.21 W, 99 %
2026/03/19 16:55:07.360, 107.25 W, 99 %
2026/03/19 16:55:07.461, 107.10 W, 99 %
2026/03/19 16:55:07.561, 106.96 W, 99 %
2026/03/19 16:55:07.661, 107.15 W, 99 %
2026/03/19 16:55:07.761, 107.34 W, 99 %
2026/03/19 16:55:07.861, 107.00 W, 99 %
2026/03/19 16:55:07.961, 106.61 W, 99 %
2026/03/19 16:55:08.061, 106.12 W, 99 %
2026/03/19 16:55:08.162, 105.97 W, 99 %
2026/03/19 16:55:08.262, 106.21 W, 99 %
2026/03/19 16:55:08.362, 106.19 W, 99 %
2026/03/19 16:55:08.462, 106.30 W, 99 %
2026/03/19 16:55:08.562, 106.41 W, 99 %
2026/03/19 16:55:08.662, 106.19 W, 99 %
2026/03/19 16:55:08.762, 105.94 W, 99 %
2026/03/19 16:55:08.863, 105.97 W, 99 %
2026/03/19 16:55:08.963, 106.40 W, 99 %
2026/03/19 16:55:09.063, 106.60 W, 99 %
2026/03/19 16:55:09.163, 106.75 W, 99 %
2026/03/19 16:55:09.263, 106.68 W, 99 %
2026/03/19 16:55:09.363, 106.68 W, 99 %
2026/03/19 16:55:09.464, 106.79 W, 99 %
2026/03/19 16:55:09.564, 106.76 W, 99 %
2026/03/19 16:55:09.664, 106.99 W, 99 %
2026/03/19 16:55:09.764, 107.22 W, 99 %
2026/03/19 16:55:09.864, 107.48 W, 99 %
2026/03/19 16:55:09.964, 107.30 W, 99 %
2026/03/19 16:55:10.064, 107.47 W, 99 %
2026/03/19 16:55:10.165, 107.52 W, 99 %
2026/03/19 16:55:10.265, 107.63 W, 99 %
2026/03/19 16:55:10.365, 107.49 W, 99 %
2026/03/19 16:55:10.465, 107.57 W, 99 %
2026/03/19 16:55:10.565, 107.42 W, 99 %
2026/03/19 16:55:10.665, 107.37 W, 99 %
2026/03/19 16:55:10.765, 107.31 W, 99 %
2026/03/19 16:55:10.866, 107.27 W, 99 %
2026/03/19 16:55:10.966, 107.28 W, 99 %
2026/03/19 16:55:11.066, 107.22 W, 99 %
2026/03/19 16:55:11.166, 107.06 W, 99 %
2026/03/19 16:55:11.266, 106.75 W, 99 %
2026/03/19 16:55:11.366, 106.91 W, 99 %
2026/03/19 16:55:11.466, 106.77 W, 99 %
2026/03/19 16:55:11.567, 106.67 W, 99 %
2026/03/19 16:55:11.667, 106.79 W, 99 %
2026/03/19 16:55:11.767, 106.78 W, 99 %
2026/03/19 16:55:11.867, 106.75 W, 99 %
2026/03/19 16:55:11.967, 106.88 W, 99 %
2026/03/19 16:55:12.067, 106.79 W, 99 %
2026/03/19 16:55:12.168, 106.78 W, 99 %
2026/03/19 16:55:12.268, 106.84 W, 99 %
2026/03/19 16:55:12.368, 106.80 W, 99 %
2026/03/19 16:55:12.468, 106.93 W, 99 %
2026/03/19 16:55:12.568, 106.97 W, 99 %
2026/03/19 16:55:12.668, 107.12 W, 99 %
2026/03/19 16:55:12.768, 107.28 W, 99 %
2026/03/19 16:55:12.869, 107.22 W, 99 %
2026/03/19 16:55:12.969, 107.20 W, 99 %
2026/03/19 16:55:13.069, 107.30 W, 99 %
2026/03/19 16:55:13.169, 107.54 W, 99 %
2026/03/19 16:55:13.269, 107.61 W, 99 %
2026/03/19 16:55:13.369, 107.56 W, 99 %
2026/03/19 16:55:13.469, 107.62 W, 99 %
2026/03/19 16:55:13.570, 107.73 W, 99 %
2026/03/19 16:55:13.670, 107.50 W, 99 %
2026/03/19 16:55:13.770, 107.32 W, 99 %
2026/03/19 16:55:13.870, 107.19 W, 99 %
2026/03/19 16:55:13.970, 107.04 W, 99 %
2026/03/19 16:55:14.070, 107.02 W, 99 %
2026/03/19 16:55:14.170, 106.78 W, 99 %
2026/03/19 16:55:14.271, 106.83 W, 99 %
2026/03/19 16:55:14.371, 106.83 W, 99 %
2026/03/19 16:55:14.471, 105.83 W, 99 %
2026/03/19 16:55:14.571, 105.86 W, 99 %
2026/03/19 16:55:14.671, 105.85 W, 99 %
2026/03/19 16:55:14.771, 105.67 W, 99 %
2026/03/19 16:55:14.871, 105.94 W, 99 %
2026/03/19 16:55:14.972, 106.04 W, 99 %
2026/03/19 16:55:15.072, 105.99 W, 99 %
2026/03/19 16:55:15.172, 106.02 W, 99 %
2026/03/19 16:55:15.272, 106.12 W, 99 %
2026/03/19 16:55:15.372, 106.23 W, 99 %
2026/03/19 16:55:15.472, 107.02 W, 99 %
2026/03/19 16:55:15.572, 106.92 W, 99 %
2026/03/19 16:55:15.673, 106.87 W, 99 %
2026/03/19 16:55:15.773, 106.91 W, 99 %
2026/03/19 16:55:15.873, 107.04 W, 99 %
2026/03/19 16:55:15.973, 106.96 W, 99 %
2026/03/19 16:55:16.073, 107.07 W, 99 %
2026/03/19 16:55:16.173, 107.15 W, 99 %
2026/03/19 16:55:16.273, 107.01 W, 99 %
2026/03/19 16:55:16.374, 107.14 W, 99 %
2026/03/19 16:55:16.474, 107.24 W, 99 %
2026/03/19 16:55:16.574, 107.35 W, 99 %
2026/03/19 16:55:16.674, 107.41 W, 99 %
2026/03/19 16:55:16.774, 107.42 W, 99 %
2026/03/19 16:55:16.874, 107.37 W, 99 %
2026/03/19 16:55:16.974, 107.46 W, 99 %
2026/03/19 16:55:17.075, 107.68 W, 99 %
2026/03/19 16:55:17.175, 107.51 W, 99 %
2026/03/19 16:55:17.275, 107.75 W, 99 %
2026/03/19 16:55:17.375, 107.44 W, 99 %
2026/03/19 16:55:17.475, 107.31 W, 99 %
2026/03/19 16:55:17.575, 107.29 W, 99 %
2026/03/19 16:55:17.675, 107.32 W, 99 %
2026/03/19 16:55:17.776, 107.48 W, 99 %
2026/03/19 16:55:17.876, 107.21 W, 99 %
2026/03/19 16:55:17.976, 107.30 W, 99 %
2026/03/19 16:55:18.076, 107.06 W, 99 %
2026/03/19 16:55:18.176, 107.23 W, 99 %
2026/03/19 16:55:18.276, 107.06 W, 99 %
2026/03/19 16:55:18.377, 107.14 W, 99 %
2026/03/19 16:55:18.477, 107.07 W, 99 %
2026/03/19 16:55:18.577, 107.17 W, 99 %
2026/03/19 16:55:18.677, 107.05 W, 99 %
2026/03/19 16:55:18.777, 106.92 W, 99 %
2026/03/19 16:55:18.877, 107.00 W, 99 %
2026/03/19 16:55:18.977, 106.81 W, 99 %
2026/03/19 16:55:19.077, 107.08 W, 99 %
2026/03/19 16:55:19.178, 106.86 W, 99 %
2026/03/19 16:55:19.278, 106.91 W, 99 %
2026/03/19 16:55:19.378, 106.82 W, 99 %
2026/03/19 16:55:19.478, 106.92 W, 99 %
2026/03/19 16:55:19.578, 106.95 W, 99 %
2026/03/19 16:55:19.678, 106.98 W, 99 %
2026/03/19 16:55:19.779, 107.03 W, 99 %
2026/03/19 16:55:19.879, 107.17 W, 99 %
2026/03/19 16:55:19.979, 106.82 W, 99 %
2026/03/19 16:55:20.079, 106.66 W, 99 %
2026/03/19 16:55:20.179, 106.54 W, 99 %
2026/03/19 16:55:20.279, 106.56 W, 99 %
2026/03/19 16:55:20.379, 106.80 W, 99 %
2026/03/19 16:55:20.480, 106.65 W, 99 %
2026/03/19 16:55:20.580, 106.42 W, 99 %
2026/03/19 16:55:20.680, 106.38 W, 99 %
2026/03/19 16:55:20.780, 106.58 W, 99 %
2026/03/19 16:55:20.880, 106.42 W, 99 %
2026/03/19 16:55:20.980, 105.92 W, 77 %
2026/03/19 16:55:21.080, 106.03 W, 77 %
2026/03/19 16:55:21.181, 106.07 W, 99 %
2026/03/19 16:55:21.281, 106.14 W, 99 %
2026/03/19 16:55:21.381, 105.82 W, 99 %
2026/03/19 16:55:21.481, 106.01 W, 99 %
2026/03/19 16:55:21.581, 106.03 W, 99 %
2026/03/19 16:55:21.681, 106.25 W, 99 %
2026/03/19 16:55:21.781, 106.12 W, 99 %
2026/03/19 16:55:21.882, 106.26 W, 99 %
2026/03/19 16:55:21.982, 107.28 W, 99 %
2026/03/19 16:55:22.082, 107.12 W, 99 %
2026/03/19 16:55:22.182, 107.16 W, 99 %
2026/03/19 16:55:22.282, 107.34 W, 99 %
2026/03/19 16:55:22.382, 107.48 W, 99 %
2026/03/19 16:55:22.482, 107.59 W, 99 %
2026/03/19 16:55:22.583, 107.55 W, 99 %
2026/03/19 16:55:22.683, 107.65 W, 99 %
2026/03/19 16:55:22.783, 107.55 W, 99 %
2026/03/19 16:55:22.883, 107.46 W, 99 %
2026/03/19 16:55:22.983, 107.35 W, 99 %
2026/03/19 16:55:23.083, 107.37 W, 99 %
2026/03/19 16:55:23.183, 107.65 W, 99 %
2026/03/19 16:55:23.284, 107.47 W, 99 %
2026/03/19 16:55:23.384, 107.38 W, 99 %
2026/03/19 16:55:23.484, 107.20 W, 99 %
2026/03/19 16:55:23.584, 107.56 W, 99 %
2026/03/19 16:55:23.684, 107.32 W, 99 %
2026/03/19 16:55:23.784, 107.37 W, 99 %
2026/03/19 16:55:23.884, 107.53 W, 99 %
2026/03/19 16:55:23.985, 107.62 W, 99 %
2026/03/19 16:55:24.085, 107.68 W, 99 %
2026/03/19 16:55:24.185, 107.61 W, 99 %
2026/03/19 16:55:24.285, 107.61 W, 99 %
2026/03/19 16:55:24.385, 107.56 W, 99 %
2026/03/19 16:55:24.485, 107.46 W, 99 %
2026/03/19 16:55:24.585, 107.28 W, 99 %
2026/03/19 16:55:24.686, 107.36 W, 99 %
2026/03/19 16:55:24.786, 107.37 W, 99 %
2026/03/19 16:55:24.886, 107.35 W, 99 %
2026/03/19 16:55:24.986, 107.12 W, 99 %
2026/03/19 16:55:25.086, 107.30 W, 99 %
2026/03/19 16:55:25.186, 107.30 W, 99 %
2026/03/19 16:55:25.286, 107.10 W, 99 %
2026/03/19 16:55:25.387, 107.29 W, 99 %
2026/03/19 16:55:25.487, 107.19 W, 99 %
2026/03/19 16:55:25.587, 107.15 W, 99 %
2026/03/19 16:55:25.687, 107.06 W, 99 %
2026/03/19 16:55:25.787, 107.17 W, 99 %
2026/03/19 16:55:25.887, 107.06 W, 99 %
2026/03/19 16:55:25.988, 107.27 W, 99 %
2026/03/19 16:55:26.088, 107.09 W, 99 %
2026/03/19 16:55:26.188, 106.77 W, 99 %
2026/03/19 16:55:26.288, 107.23 W, 99 %
2026/03/19 16:55:26.388, 106.94 W, 99 %
2026/03/19 16:55:26.488, 107.09 W, 99 %
2026/03/19 16:55:26.588, 107.16 W, 99 %
2026/03/19 16:55:26.689, 107.22 W, 99 %
2026/03/19 16:55:26.789, 106.96 W, 99 %
2026/03/19 16:55:26.889, 106.78 W, 99 %
2026/03/19 16:55:26.989, 106.48 W, 99 %
2026/03/19 16:55:27.089, 106.23 W, 99 %
2026/03/19 16:55:27.189, 106.56 W, 99 %
2026/03/19 16:55:27.289, 106.27 W, 99 %
2026/03/19 16:55:27.390, 106.30 W, 99 %
2026/03/19 16:55:27.490, 105.42 W, 99 %
2026/03/19 16:55:27.590, 105.53 W, 99 %
2026/03/19 16:55:27.690, 105.45 W, 99 %
2026/03/19 16:55:27.790, 105.55 W, 99 %
2026/03/19 16:55:27.890, 105.95 W, 99 %
2026/03/19 16:55:27.990, 106.05 W, 99 %
2026/03/19 16:55:28.091, 106.22 W, 99 %
2026/03/19 16:55:28.191, 106.01 W, 99 %
2026/03/19 16:55:28.291, 105.94 W, 99 %
2026/03/19 16:55:28.391, 105.86 W, 99 %
2026/03/19 16:55:28.491, 106.85 W, 99 %
2026/03/19 16:55:28.591, 106.54 W, 99 %
2026/03/19 16:55:28.691, 106.54 W, 99 %
2026/03/19 16:55:28.792, 106.40 W, 99 %
2026/03/19 16:55:28.892, 106.37 W, 99 %
2026/03/19 16:55:28.992, 106.61 W, 99 %
2026/03/19 16:55:29.092, 106.68 W, 99 %
2026/03/19 16:55:29.192, 106.72 W, 99 %
2026/03/19 16:55:29.292, 107.07 W, 99 %
2026/03/19 16:55:29.392, 107.30 W, 99 %
2026/03/19 16:55:29.493, 107.13 W, 99 %
2026/03/19 16:55:29.593, 107.17 W, 99 %
2026/03/19 16:55:29.693, 107.46 W, 99 %
2026/03/19 16:55:29.793, 107.47 W, 99 %
2026/03/19 16:55:29.893, 107.59 W, 99 %
2026/03/19 16:55:29.993, 107.42 W, 99 %
2026/03/19 16:55:30.094, 107.67 W, 99 %
2026/03/19 16:55:30.194, 107.71 W, 99 %
2026/03/19 16:55:30.294, 107.58 W, 99 %
2026/03/19 16:55:30.394, 107.54 W, 99 %
2026/03/19 16:55:30.494, 107.52 W, 99 %
2026/03/19 16:55:30.594, 107.50 W, 99 %
2026/03/19 16:55:30.694, 107.57 W, 99 %
2026/03/19 16:55:30.795, 107.53 W, 99 %
2026/03/19 16:55:30.895, 107.47 W, 99 %
2026/03/19 16:55:30.995, 107.16 W, 99 %
2026/03/19 16:55:31.095, 107.07 W, 99 %
2026/03/19 16:55:31.195, 106.98 W, 99 %
2026/03/19 16:55:31.295, 107.08 W, 99 %
2026/03/19 16:55:31.395, 106.98 W, 99 %
2026/03/19 16:55:31.496, 107.01 W, 99 %
2026/03/19 16:55:31.596, 106.85 W, 99 %
2026/03/19 16:55:31.696, 106.72 W, 99 %
2026/03/19 16:55:31.796, 106.81 W, 99 %
2026/03/19 16:55:31.896, 106.50 W, 99 %
2026/03/19 16:55:31.996, 106.89 W, 99 %
2026/03/19 16:55:32.097, 106.78 W, 99 %
2026/03/19 16:55:32.197, 106.78 W, 99 %
2026/03/19 16:55:32.297, 106.55 W, 99 %
2026/03/19 16:55:32.397, 106.46 W, 99 %
2026/03/19 16:55:32.497, 106.70 W, 99 %
2026/03/19 16:55:32.597, 106.76 W, 99 %
2026/03/19 16:55:32.697, 106.83 W, 99 %
2026/03/19 16:55:32.797, 106.67 W, 99 %
2026/03/19 16:55:32.898, 106.82 W, 99 %
2026/03/19 16:55:32.998, 106.64 W, 99 %
2026/03/19 16:55:33.098, 106.77 W, 99 %
2026/03/19 16:55:33.198, 106.62 W, 99 %
2026/03/19 16:55:33.298, 106.87 W, 99 %
2026/03/19 16:55:33.398, 107.14 W, 99 %
2026/03/19 16:55:33.498, 107.16 W, 99 %
2026/03/19 16:55:33.599, 107.44 W, 99 %
2026/03/19 16:55:33.699, 107.61 W, 99 %
2026/03/19 16:55:33.799, 107.53 W, 99 %
2026/03/19 16:55:33.899, 107.63 W, 99 %
2026/03/19 16:55:33.999, 106.76 W, 76 %
2026/03/19 16:55:34.099, 106.74 W, 76 %
2026/03/19 16:55:34.199, 106.82 W, 99 %
2026/03/19 16:55:34.300, 106.71 W, 99 %
2026/03/19 16:55:34.400, 106.31 W, 99 %
2026/03/19 16:55:34.500, 106.04 W, 99 %
2026/03/19 16:55:34.600, 106.02 W, 99 %
2026/03/19 16:55:34.700, 105.69 W, 99 %
2026/03/19 16:55:34.800, 105.87 W, 99 %
2026/03/19 16:55:34.900, 105.71 W, 99 %
2026/03/19 16:55:35.001, 106.70 W, 99 %
2026/03/19 16:55:35.101, 106.68 W, 99 %
2026/03/19 16:55:35.201, 106.70 W, 99 %
2026/03/19 16:55:35.301, 106.88 W, 99 %
2026/03/19 16:55:35.401, 106.96 W, 99 %
2026/03/19 16:55:35.501, 107.19 W, 99 %
2026/03/19 16:55:35.601, 107.14 W, 99 %
2026/03/19 16:55:35.702, 107.36 W, 99 %
2026/03/19 16:55:35.802, 107.14 W, 99 %
2026/03/19 16:55:35.902, 107.19 W, 99 %
2026/03/19 16:55:36.002, 107.21 W, 99 %
2026/03/19 16:55:36.102, 107.09 W, 99 %
2026/03/19 16:55:36.202, 107.05 W, 99 %
2026/03/19 16:55:36.303, 107.02 W, 99 %
2026/03/19 16:55:36.403, 107.13 W, 99 %
2026/03/19 16:55:36.503, 107.32 W, 99 %
2026/03/19 16:55:36.603, 107.40 W, 99 %
2026/03/19 16:55:36.703, 107.31 W, 99 %
2026/03/19 16:55:36.803, 107.60 W, 99 %
2026/03/19 16:55:36.903, 107.63 W, 99 %
2026/03/19 16:55:37.004, 107.50 W, 99 %
2026/03/19 16:55:37.104, 107.55 W, 99 %
2026/03/19 16:55:37.204, 107.43 W, 99 %
2026/03/19 16:55:37.304, 107.43 W, 99 %
2026/03/19 16:55:37.404, 107.43 W, 99 %
2026/03/19 16:55:37.504, 107.25 W, 99 %
2026/03/19 16:55:37.604, 107.22 W, 99 %
2026/03/19 16:55:37.705, 107.06 W, 99 %
2026/03/19 16:55:37.805, 107.00 W, 99 %
2026/03/19 16:55:37.905, 106.97 W, 99 %
2026/03/19 16:55:38.005, 107.13 W, 99 %
2026/03/19 16:55:38.105, 107.46 W, 99 %
2026/03/19 16:55:38.205, 107.52 W, 99 %
2026/03/19 16:55:38.305, 107.59 W, 99 %
2026/03/19 16:55:38.406, 107.61 W, 99 %
2026/03/19 16:55:38.506, 107.66 W, 99 %
2026/03/19 16:55:38.606, 107.53 W, 99 %
2026/03/19 16:55:38.706, 107.69 W, 99 %
2026/03/19 16:55:38.806, 107.52 W, 99 %
2026/03/19 16:55:38.906, 107.49 W, 99 %
2026/03/19 16:55:39.006, 107.45 W, 99 %
2026/03/19 16:55:39.107, 107.16 W, 99 %
2026/03/19 16:55:39.207, 107.02 W, 99 %
2026/03/19 16:55:39.307, 107.03 W, 99 %
2026/03/19 16:55:39.407, 106.99 W, 99 %
2026/03/19 16:55:39.507, 106.98 W, 99 %
2026/03/19 16:55:39.607, 106.90 W, 99 %
2026/03/19 16:55:39.708, 106.77 W, 99 %
2026/03/19 16:55:39.808, 106.80 W, 99 %
2026/03/19 16:55:39.908, 107.06 W, 99 %
2026/03/19 16:55:40.008, 106.91 W, 99 %
2026/03/19 16:55:40.108, 106.90 W, 99 %
2026/03/19 16:55:40.208, 106.92 W, 99 %
2026/03/19 16:55:40.308, 107.03 W, 99 %
2026/03/19 16:55:40.409, 106.79 W, 99 %
2026/03/19 16:55:40.509, 105.70 W, 99 %
2026/03/19 16:55:40.609, 105.64 W, 99 %
2026/03/19 16:55:40.709, 105.61 W, 99 %
2026/03/19 16:55:40.809, 105.53 W, 99 %
2026/03/19 16:55:40.909, 105.38 W, 99 %
2026/03/19 16:55:41.009, 105.29 W, 99 %
2026/03/19 16:55:41.110, 105.33 W, 99 %
2026/03/19 16:55:41.210, 105.25 W, 99 %
2026/03/19 16:55:41.310, 105.33 W, 99 %
2026/03/19 16:55:41.410, 105.66 W, 99 %
2026/03/19 16:55:41.510, 106.53 W, 99 %
2026/03/19 16:55:41.610, 106.47 W, 99 %
2026/03/19 16:55:41.710, 106.40 W, 99 %
2026/03/19 16:55:41.811, 106.68 W, 99 %
2026/03/19 16:55:41.911, 106.59 W, 99 %
2026/03/19 16:55:42.011, 106.64 W, 99 %
2026/03/19 16:55:42.111, 106.80 W, 99 %
2026/03/19 16:55:42.211, 106.77 W, 99 %
2026/03/19 16:55:42.311, 106.48 W, 99 %
2026/03/19 16:55:42.412, 106.33 W, 99 %
2026/03/19 16:55:42.512, 106.36 W, 99 %
2026/03/19 16:55:42.612, 106.48 W, 99 %
2026/03/19 16:55:42.712, 106.68 W, 99 %
2026/03/19 16:55:42.812, 106.59 W, 99 %
2026/03/19 16:55:42.912, 106.48 W, 99 %
2026/03/19 16:55:43.012, 106.68 W, 99 %
2026/03/19 16:55:43.113, 106.69 W, 99 %
2026/03/19 16:55:43.213, 106.84 W, 99 %
2026/03/19 16:55:43.313, 107.02 W, 99 %
2026/03/19 16:55:43.413, 107.08 W, 99 %
2026/03/19 16:55:43.513, 107.25 W, 99 %
2026/03/19 16:55:43.613, 107.57 W, 99 %
2026/03/19 16:55:43.713, 107.40 W, 99 %
2026/03/19 16:55:43.814, 107.34 W, 99 %
2026/03/19 16:55:43.914, 107.59 W, 99 %
2026/03/19 16:55:44.014, 107.78 W, 99 %
2026/03/19 16:55:44.114, 107.76 W, 99 %
2026/03/19 16:55:44.214, 107.68 W, 99 %
2026/03/19 16:55:44.314, 107.75 W, 99 %
2026/03/19 16:55:44.414, 107.51 W, 99 %
2026/03/19 16:55:44.515, 107.50 W, 99 %
2026/03/19 16:55:44.615, 107.26 W, 99 %
2026/03/19 16:55:44.715, 107.49 W, 99 %
2026/03/19 16:55:44.815, 107.46 W, 99 %
2026/03/19 16:55:44.915, 107.36 W, 99 %
2026/03/19 16:55:45.015, 107.11 W, 99 %
2026/03/19 16:55:45.115, 107.20 W, 99 %
2026/03/19 16:55:45.216, 107.15 W, 99 %
2026/03/19 16:55:45.316, 107.08 W, 99 %
2026/03/19 16:55:45.416, 107.08 W, 99 %
2026/03/19 16:55:45.516, 107.16 W, 99 %
2026/03/19 16:55:45.616, 107.09 W, 99 %
2026/03/19 16:55:45.716, 107.09 W, 99 %
2026/03/19 16:55:45.817, 106.97 W, 99 %
2026/03/19 16:55:45.917, 107.06 W, 99 %
2026/03/19 16:55:46.017, 106.98 W, 99 %
2026/03/19 16:55:46.117, 106.62 W, 99 %
2026/03/19 16:55:46.217, 106.59 W, 99 %
2026/03/19 16:55:46.317, 106.78 W, 99 %
2026/03/19 16:55:46.417, 106.76 W, 99 %
2026/03/19 16:55:46.518, 106.68 W, 99 %
2026/03/19 16:55:46.618, 106.98 W, 99 %
2026/03/19 16:55:46.718, 106.93 W, 99 %
2026/03/19 16:55:46.818, 107.19 W, 99 %
2026/03/19 16:55:46.918, 107.11 W, 99 %
2026/03/19 16:55:47.018, 106.23 W, 76 %
2026/03/19 16:55:47.118, 106.45 W, 76 %
2026/03/19 16:55:47.219, 106.45 W, 99 %
2026/03/19 16:55:47.319, 106.40 W, 99 %
2026/03/19 16:55:47.419, 106.49 W, 99 %
2026/03/19 16:55:47.519, 106.80 W, 99 %
2026/03/19 16:55:47.619, 106.69 W, 99 %
2026/03/19 16:55:47.719, 106.65 W, 99 %
2026/03/19 16:55:47.820, 106.48 W, 99 %
2026/03/19 16:55:47.920, 106.21 W, 99 %
2026/03/19 16:55:48.020, 107.10 W, 99 %
2026/03/19 16:55:48.120, 106.92 W, 99 %
2026/03/19 16:55:48.220, 106.83 W, 99 %
2026/03/19 16:55:48.320, 106.83 W, 99 %
2026/03/19 16:55:48.420, 106.86 W, 99 %
2026/03/19 16:55:48.521, 106.64 W, 99 %
2026/03/19 16:55:48.621, 106.61 W, 99 %
2026/03/19 16:55:48.721, 106.57 W, 99 %
2026/03/19 16:55:48.821, 106.60 W, 99 %
2026/03/19 16:55:48.921, 106.80 W, 99 %
2026/03/19 16:55:49.021, 107.13 W, 99 %
2026/03/19 16:55:49.121, 107.47 W, 99 %
2026/03/19 16:55:49.222, 107.42 W, 99 %
2026/03/19 16:55:49.322, 107.24 W, 99 %
2026/03/19 16:55:49.422, 107.13 W, 99 %
2026/03/19 16:55:49.522, 107.10 W, 99 %
2026/03/19 16:55:49.622, 107.34 W, 99 %
2026/03/19 16:55:49.722, 107.39 W, 99 %
2026/03/19 16:55:49.822, 107.41 W, 99 %
2026/03/19 16:55:49.923, 107.59 W, 99 %
2026/03/19 16:55:50.023, 107.20 W, 99 %
2026/03/19 16:55:50.123, 107.19 W, 99 %
2026/03/19 16:55:50.223, 107.50 W, 99 %
2026/03/19 16:55:50.323, 107.61 W, 99 %
2026/03/19 16:55:50.423, 107.61 W, 99 %
2026/03/19 16:55:50.523, 107.71 W, 99 %
2026/03/19 16:55:50.624, 107.32 W, 99 %
2026/03/19 16:55:50.724, 107.14 W, 99 %
2026/03/19 16:55:50.824, 107.07 W, 99 %
2026/03/19 16:55:50.924, 107.16 W, 99 %
2026/03/19 16:55:51.024, 107.33 W, 99 %
2026/03/19 16:55:51.124, 107.09 W, 99 %
2026/03/19 16:55:51.225, 107.16 W, 99 %
2026/03/19 16:55:51.325, 106.85 W, 99 %
2026/03/19 16:55:51.425, 107.00 W, 99 %
2026/03/19 16:55:51.525, 107.07 W, 99 %
2026/03/19 16:55:51.625, 107.45 W, 99 %
2026/03/19 16:55:51.725, 107.55 W, 99 %
2026/03/19 16:55:51.825, 107.25 W, 99 %
2026/03/19 16:55:51.926, 106.98 W, 99 %
2026/03/19 16:55:52.026, 106.91 W, 99 %
2026/03/19 16:55:52.126, 107.04 W, 99 %
2026/03/19 16:55:52.226, 106.81 W, 99 %
2026/03/19 16:55:52.326, 106.98 W, 99 %
2026/03/19 16:55:52.426, 106.87 W, 99 %
2026/03/19 16:55:52.526, 106.89 W, 99 %
2026/03/19 16:55:52.627, 106.48 W, 99 %
2026/03/19 16:55:52.727, 106.44 W, 99 %
2026/03/19 16:55:52.827, 106.42 W, 99 %
2026/03/19 16:55:52.927, 106.37 W, 99 %
2026/03/19 16:55:53.027, 106.45 W, 99 %
2026/03/19 16:55:53.127, 106.31 W, 99 %
2026/03/19 16:55:53.228, 106.41 W, 99 %
2026/03/19 16:55:53.328, 106.46 W, 99 %
2026/03/19 16:55:53.428, 105.88 W, 99 %
2026/03/19 16:55:53.528, 105.32 W, 99 %
2026/03/19 16:55:53.628, 105.54 W, 99 %
2026/03/19 16:55:53.728, 105.76 W, 99 %
2026/03/19 16:55:53.828, 106.03 W, 99 %
2026/03/19 16:55:53.928, 106.23 W, 99 %
2026/03/19 16:55:54.029, 106.22 W, 99 %
2026/03/19 16:55:54.129, 106.53 W, 99 %
2026/03/19 16:55:54.229, 106.56 W, 99 %
2026/03/19 16:55:54.329, 106.38 W, 99 %
2026/03/19 16:55:54.429, 106.65 W, 99 %
2026/03/19 16:55:54.529, 107.75 W, 99 %
2026/03/19 16:55:54.630, 107.69 W, 99 %
2026/03/19 16:55:54.730, 107.54 W, 99 %
2026/03/19 16:55:54.830, 107.65 W, 99 %
2026/03/19 16:55:54.930, 107.45 W, 99 %
2026/03/19 16:55:55.030, 107.21 W, 99 %
2026/03/19 16:55:55.130, 107.25 W, 99 %
2026/03/19 16:55:55.230, 107.31 W, 99 %
2026/03/19 16:55:55.331, 107.41 W, 99 %
2026/03/19 16:55:55.431, 107.34 W, 99 %
2026/03/19 16:55:55.531, 107.35 W, 99 %
2026/03/19 16:55:55.631, 107.35 W, 99 %
2026/03/19 16:55:55.731, 107.31 W, 99 %
2026/03/19 16:55:55.831, 107.10 W, 99 %
2026/03/19 16:55:55.931, 107.10 W, 99 %
2026/03/19 16:55:56.032, 107.54 W, 99 %
2026/03/19 16:55:56.132, 107.22 W, 99 %
2026/03/19 16:55:56.232, 107.27 W, 99 %
2026/03/19 16:55:56.332, 107.27 W, 99 %
2026/03/19 16:55:56.432, 107.03 W, 99 %
2026/03/19 16:55:56.532, 106.96 W, 99 %
2026/03/19 16:55:56.632, 107.05 W, 99 %
2026/03/19 16:55:56.733, 106.80 W, 99 %
2026/03/19 16:55:56.833, 107.02 W, 99 %
2026/03/19 16:55:56.933, 107.04 W, 99 %
2026/03/19 16:55:57.033, 106.98 W, 99 %
2026/03/19 16:55:57.133, 107.22 W, 99 %
2026/03/19 16:55:57.233, 107.04 W, 99 %
2026/03/19 16:55:57.334, 107.00 W, 99 %
2026/03/19 16:55:57.434, 107.18 W, 99 %
2026/03/19 16:55:57.534, 106.97 W, 99 %
2026/03/19 16:55:57.634, 106.93 W, 99 %
2026/03/19 16:55:57.734, 107.18 W, 99 %
2026/03/19 16:55:57.834, 107.16 W, 99 %
2026/03/19 16:55:57.934, 107.25 W, 99 %
2026/03/19 16:55:58.035, 107.01 W, 99 %
2026/03/19 16:55:58.135, 106.87 W, 99 %
2026/03/19 16:55:58.235, 106.98 W, 99 %
2026/03/19 16:55:58.335, 107.23 W, 99 %
2026/03/19 16:55:58.435, 107.08 W, 99 %
2026/03/19 16:55:58.535, 106.96 W, 99 %
2026/03/19 16:55:58.635, 106.97 W, 99 %
2026/03/19 16:55:58.736, 106.66 W, 99 %
2026/03/19 16:55:58.836, 106.85 W, 99 %
2026/03/19 16:55:58.936, 106.82 W, 99 %
2026/03/19 16:55:59.036, 106.71 W, 99 %
2026/03/19 16:55:59.136, 106.76 W, 99 %
2026/03/19 16:55:59.236, 106.83 W, 99 %
2026/03/19 16:55:59.337, 106.43 W, 99 %
2026/03/19 16:55:59.437, 106.57 W, 99 %
2026/03/19 16:55:59.537, 106.92 W, 99 %
2026/03/19 16:55:59.637, 106.89 W, 99 %
2026/03/19 16:55:59.737, 107.15 W, 99 %
2026/03/19 16:55:59.837, 107.04 W, 99 %
2026/03/19 16:55:59.937, 106.03 W, 99 %
2026/03/19 16:56:00.038, 106.12 W, 76 %
2026/03/19 16:56:00.138, 106.16 W, 76 %
2026/03/19 16:56:00.238, 106.04 W, 99 %
2026/03/19 16:56:00.338, 106.25 W, 99 %
2026/03/19 16:56:00.438, 106.24 W, 99 %
2026/03/19 16:56:00.538, 106.13 W, 99 %
2026/03/19 16:56:00.638, 106.14 W, 99 %
2026/03/19 16:56:00.739, 106.01 W, 99 %
2026/03/19 16:56:00.839, 105.89 W, 99 %
2026/03/19 16:56:00.939, 106.98 W, 99 %
2026/03/19 16:56:01.039, 106.81 W, 99 %
2026/03/19 16:56:01.139, 106.87 W, 99 %
2026/03/19 16:56:01.239, 106.79 W, 99 %
2026/03/19 16:56:01.340, 106.73 W, 99 %
2026/03/19 16:56:01.440, 106.67 W, 99 %
2026/03/19 16:56:01.540, 106.63 W, 99 %
2026/03/19 16:56:01.640, 106.51 W, 99 %
2026/03/19 16:56:01.740, 106.84 W, 99 %
2026/03/19 16:56:01.840, 106.83 W, 99 %
2026/03/19 16:56:01.940, 106.70 W, 99 %
2026/03/19 16:56:02.041, 106.96 W, 99 %
2026/03/19 16:56:02.141, 107.17 W, 99 %
2026/03/19 16:56:02.241, 107.06 W, 99 %
2026/03/19 16:56:02.341, 107.18 W, 99 %
2026/03/19 16:56:02.441, 107.10 W, 99 %
2026/03/19 16:56:02.541, 107.00 W, 99 %
2026/03/19 16:56:02.641, 106.99 W, 99 %
2026/03/19 16:56:02.742, 106.85 W, 99 %
2026/03/19 16:56:02.842, 106.89 W, 99 %
2026/03/19 16:56:02.942, 106.95 W, 99 %
2026/03/19 16:56:03.042, 106.96 W, 99 %
2026/03/19 16:56:03.142, 106.82 W, 99 %
2026/03/19 16:56:03.242, 106.94 W, 99 %
2026/03/19 16:56:03.342, 107.02 W, 99 %
2026/03/19 16:56:03.443, 107.06 W, 99 %
2026/03/19 16:56:03.543, 107.31 W, 99 %
2026/03/19 16:56:03.643, 107.38 W, 99 %
2026/03/19 16:56:03.743, 107.45 W, 99 %
2026/03/19 16:56:03.843, 107.46 W, 99 %
2026/03/19 16:56:03.943, 107.60 W, 99 %
2026/03/19 16:56:04.043, 107.36 W, 99 %
2026/03/19 16:56:04.144, 107.30 W, 99 %
2026/03/19 16:56:04.244, 107.24 W, 99 %
2026/03/19 16:56:04.344, 107.22 W, 99 %
2026/03/19 16:56:04.444, 107.25 W, 99 %
2026/03/19 16:56:04.544, 107.16 W, 99 %
2026/03/19 16:56:04.644, 107.20 W, 99 %
2026/03/19 16:56:04.745, 107.04 W, 99 %
2026/03/19 16:56:04.845, 107.22 W, 99 %
2026/03/19 16:56:04.945, 107.24 W, 99 %
2026/03/19 16:56:05.045, 107.17 W, 99 %
2026/03/19 16:56:05.145, 107.39 W, 99 %
2026/03/19 16:56:05.245, 107.32 W, 99 %
2026/03/19 16:56:05.345, 107.46 W, 99 %
2026/03/19 16:56:05.446, 107.32 W, 99 %
2026/03/19 16:56:05.546, 107.26 W, 99 %
2026/03/19 16:56:05.646, 107.39 W, 99 %
2026/03/19 16:56:05.746, 107.52 W, 99 %
2026/03/19 16:56:05.846, 107.39 W, 99 %
2026/03/19 16:56:05.946, 107.46 W, 99 %
2026/03/19 16:56:06.046, 107.40 W, 99 %
2026/03/19 16:56:06.147, 107.39 W, 99 %
2026/03/19 16:56:06.247, 107.47 W, 99 %
2026/03/19 16:56:06.347, 107.43 W, 99 %
2026/03/19 16:56:06.447, 106.51 W, 99 %
2026/03/19 16:56:06.547, 106.52 W, 99 %
2026/03/19 16:56:06.647, 106.35 W, 99 %
2026/03/19 16:56:06.747, 106.40 W, 99 %
2026/03/19 16:56:06.848, 106.15 W, 99 %
2026/03/19 16:56:06.948, 106.16 W, 99 %
2026/03/19 16:56:07.048, 106.20 W, 99 %
2026/03/19 16:56:07.148, 106.34 W, 99 %
2026/03/19 16:56:07.248, 106.18 W, 99 %
2026/03/19 16:56:07.348, 106.29 W, 99 %
2026/03/19 16:56:07.449, 107.18 W, 99 %
2026/03/19 16:56:07.549, 107.12 W, 99 %
2026/03/19 16:56:07.649, 106.99 W, 99 %
2026/03/19 16:56:07.749, 106.83 W, 99 %
2026/03/19 16:56:07.849, 107.09 W, 99 %
2026/03/19 16:56:07.949, 106.96 W, 99 %
2026/03/19 16:56:08.049, 107.27 W, 99 %
2026/03/19 16:56:08.150, 107.30 W, 99 %
2026/03/19 16:56:08.250, 107.19 W, 99 %
2026/03/19 16:56:08.350, 107.04 W, 99 %
2026/03/19 16:56:08.450, 107.14 W, 99 %
2026/03/19 16:56:08.550, 107.14 W, 99 %
2026/03/19 16:56:08.650, 107.24 W, 99 %
2026/03/19 16:56:08.750, 107.28 W, 99 %
2026/03/19 16:56:08.851, 107.24 W, 99 %
2026/03/19 16:56:08.951, 107.31 W, 99 %
2026/03/19 16:56:09.051, 107.04 W, 99 %
2026/03/19 16:56:09.151, 106.89 W, 99 %
2026/03/19 16:56:09.251, 106.93 W, 99 %
2026/03/19 16:56:09.351, 106.85 W, 99 %
2026/03/19 16:56:09.451, 106.82 W, 99 %
2026/03/19 16:56:09.552, 106.91 W, 99 %
2026/03/19 16:56:09.652, 106.79 W, 99 %
2026/03/19 16:56:09.752, 106.98 W, 99 %
2026/03/19 16:56:09.852, 106.75 W, 99 %
2026/03/19 16:56:09.952, 106.71 W, 99 %
2026/03/19 16:56:10.052, 106.70 W, 99 %
2026/03/19 16:56:10.153, 106.50 W, 99 %
2026/03/19 16:56:10.253, 106.56 W, 99 %
2026/03/19 16:56:10.353, 106.60 W, 99 %
2026/03/19 16:56:10.453, 106.51 W, 99 %
2026/03/19 16:56:10.553, 106.71 W, 99 %
2026/03/19 16:56:10.653, 106.68 W, 99 %
2026/03/19 16:56:10.753, 106.70 W, 99 %
2026/03/19 16:56:10.854, 106.59 W, 99 %
2026/03/19 16:56:10.954, 106.48 W, 99 %
2026/03/19 16:56:11.054, 106.52 W, 99 %
2026/03/19 16:56:11.154, 106.58 W, 99 %
2026/03/19 16:56:11.254, 106.40 W, 99 %
2026/03/19 16:56:11.354, 106.68 W, 99 %
2026/03/19 16:56:11.454, 106.98 W, 99 %
2026/03/19 16:56:11.555, 106.89 W, 99 %
2026/03/19 16:56:11.655, 107.01 W, 99 %
2026/03/19 16:56:11.755, 107.09 W, 99 %
2026/03/19 16:56:11.855, 107.44 W, 99 %
2026/03/19 16:56:11.955, 107.52 W, 99 %
2026/03/19 16:56:12.055, 107.44 W, 99 %
2026/03/19 16:56:12.156, 107.66 W, 99 %
2026/03/19 16:56:12.256, 107.80 W, 99 %
2026/03/19 16:56:12.356, 107.53 W, 99 %
2026/03/19 16:56:12.456, 107.46 W, 99 %
2026/03/19 16:56:12.556, 107.28 W, 99 %
2026/03/19 16:56:12.656, 107.36 W, 99 %
2026/03/19 16:56:12.756, 107.16 W, 99 %
2026/03/19 16:56:12.857, 107.05 W, 99 %
2026/03/19 16:56:12.957, 104.69 W, 99 %
2026/03/19 16:56:13.057, 100.96 W, 8 %
2026/03/19 16:56:13.157, 97.37 W, 8 %
