
          -------------------------------------------------------
          Amber 21 SANDER                              2021
          -------------------------------------------------------

| Run on 02/15/2022 at 12:35:12

|   Executable path: /apps/amber/Amber20/20p12-at21p11-ompi-intel/bin/sander.MPI
| Working directory: /home/titan/unrz/unrz007h/benchmark_fritz/AMBER/3-20p12-at21p11-ompi-intel/n004/42389
|          Hostname: f0504.nhr.fau.de

  [-O]verwriting output

File Assignments:
|  MDIN: ../jac-sander.mdin                                                    
| MDOUT: jac.output                                                            
|INPCRD: ../jac.inpcrd                                                         
|  PARM: ../jac.prmtop                                                         
|RESTRT: restrt                                                                
|  REFC: refc                                                                  
| MDVEL: mdvel                                                                 
| MDFRC: mdfrc                                                                 
|  MDEN: mden                                                                  
| MDCRD: mdcrd                                                                 
|MDINFO: mdinfo                                                                
|  MTMD: mtmd                                                                  
|INPDIP: inpdip                                                                
|RSTDIP: rstdip                                                                
|INPTRA: inptraj                                                               

|    REMLOG: rem.log
|   REMTYPE: rem.type
|  REMSTRIP: 
|   SAVEENE: saveene
|CLUSTERINF: cluster.info
| RESERVOIR: reserv/frame
|   REMDDIM: 

 
 Here is the input file:
 
 short md, nve ensemble                                                        
 &cntrl                                                                        
   ntx=7, irest=1,                                                             
   ntc=2, ntf=2, tol=0.0000001,                                                
   nstlim=50000,                                                               
   ntpr=100, ntwr=10000,                                                       
   dt=0.001, vlimit=10.0,                                                      
   cut=9.,                                                                     
   ntt=0, temp0=300.,                                                          
 /                                                                             
 &ewald                                                                        
  nfft1=64,nfft2=64,nfft3=64,                                                  
  skinnb=2.,                                                                   
 /                                                                             
                                                                               

--------------------------------------------------------------------------------
   1.  RESOURCE   USE: 
--------------------------------------------------------------------------------

| Flags: MPI                                                                    
 getting new box info from bottom of inpcrd
|  INFO: Old style inpcrd file read

| peek_ewald_inpcrd: Box info found
|Largest sphere to fit in unit cell has radius =    31.115
|  INFO: Old style PARM file read

 NATOM  =   23558 NTYPES =      16 NBONH =   22290 MBONA  =    1302
 NTHETH =    2789 MTHETA =    1772 NPHIH =    5026 MPHIA  =    3140
 NHPARM =       0 NPARM  =       0 NNB   =   41859 NRES   =    7182
 NBONA  =    1302 NTHETA =    1772 NPHIA =    3140 NUMBND =      45
 NUMANG =      91 NPTRA  =      33 NATYP =      31 NPHB   =       1
 IFBOX  =       1 NMXRS  =      25 IFCAP =       0 NEXTRA =       0
 NCOPY  =       0


|     Memory Use     Allocated
|     Real             2212513
|     Hollerith          77858
|     Integer           968811
|     Max Pairs         193553
|     nblistReal        282696
|     nblist Int        841188
|       Total            27624 kbytes

| Note: 1-4 EEL scale factors were NOT found in the topology file.
|       Using default value of 1.2.

| Note: 1-4 VDW scale factors were NOT found in the topology file.
|       Using default value of 2.0.
| Duplicated    0 dihedrals
| Duplicated    0 dihedrals

     BOX TYPE: RECTILINEAR

--------------------------------------------------------------------------------
   2.  CONTROL  DATA  FOR  THE  RUN
--------------------------------------------------------------------------------

                                                                                

General flags:
     imin    =       0, nmropt  =       0

Nature and format of input:
     ntx     =       7, irest   =       1, ntrx    =       1

Nature and format of output:
     ntxo    =       2, ntpr    =     100, ntrx    =       1, ntwr    =   10000
     iwrap   =       0, ntwx    =       0, ntwv    =       0, ntwe    =       0
     ioutfm  =       1, ntwprt  =       0, idecomp =       0, rbornstat=      0

Potential function:
     ntf     =       2, ntb     =       1, igb     =       0, nsnb    =      25
     ipol    =       0, gbsa    =       0, iesp    =       0
     dielc   =   1.00000, cut     =   9.00000, intdiel =   1.00000

Frozen or restrained atoms:
     ibelly  =       0, ntr     =       0

Molecular dynamics:
     nstlim  =     50000, nscm    =      1000, nrespa  =         1
     t       =   0.00000, dt      =   0.00100, vlimit  =  10.00000

SHAKE:
     ntc     =       2, jfastw  =       0
     tol     =   0.00000

Ewald parameters:
     verbose =       0, ew_type =       0, nbflag  =       1, use_pme =       1
     vdwmeth =       1, eedmeth =       1, netfrc  =       1
     Box X =   62.230   Box Y =   62.230   Box Z =   62.230
     Alpha =   90.000   Beta  =   90.000   Gamma =   90.000
     NFFT1 =   64       NFFT2 =   64       NFFT3 =   64
     Cutoff=    9.000   Tol   =0.100E-04
     Ewald Coefficient =  0.30768
     Interpolation order =    4

| MPI Timing options:
|      profile_mpi =        0

--------------------------------------------------------------------------------
   3.  ATOMIC COORDINATES AND VELOCITIES
--------------------------------------------------------------------------------

                                                                                
 begin time read from input coords =     6.000 ps

 Number of triangulated 3-point waters found:     7023
|  Atom division among processors:
|         0     341     659     990    1316    1639    1971    2292
|      2618    2945    3272    3599    3926    4253    4580    4907
|      5234    5561    5888    6215    6542    6869    7196    7523
|      7850    8177    8504    8831    9158    9485    9812   10139
|     10466   10793   11120   11447   11774   12101   12428   12755
|     13082   13409   13736   14063   14390   14717   15044   15371
|     15698   16025   16352   16679   17006   17333   17660   17987
|     18314   18641   18968   19295   19622   19949   20276   20603
|     20930   21257   21584   21911   22238   22565   22892   23219
|     23558

     Sum of charges from parm topology file = -11.00000006
     Assuming uniform neutralizing plasma
|  Running AMBER/MPI version on   72 nodes

|  WARNING: The number of processors is not a power of 2
|           this may be inefficient on some systems.

--------------------------------------------------------------------------------
   4.  RESULTS
--------------------------------------------------------------------------------

|  # of SOLUTE  degrees of freedom (RNDFP):   48384.
|  # of SOLVENT degrees of freedom (RNDFS):       0.
|  NDFMIN =   48381.     NUM_NOSHAKE =      0     CORRECTED RNDFP =   48381.
|  TOTAL # of degrees of freedom (RNDF) =   48381.
 ---------------------------------------------------
 APPROXIMATING switch and d/dx switch using CUBIC SPLINE INTERPOLATION
 using   5000.0 points per unit in tabled values
 TESTING RELATIVE ERROR over r ranging from 0.0 to cutoff
| CHECK switch(x): max rel err =   0.3316E-14   at   2.351880
| CHECK d/dx switch(x): max rel err =   0.8205E-11   at   2.761360
 ---------------------------------------------------
| Local SIZE OF NONBOND LIST =      88325
| TOTAL SIZE OF NONBOND LIST =    6381542

 NSTEP =      100   TIME(PS) =       6.100  TEMP(K) =   292.63  PRESS =     0.0
 Etot   =    -58173.3795  EKtot   =     14067.2903  EPtot      =    -72240.6698
 BOND   =       427.9066  ANGLE   =      1142.2501  DIHED      =       986.0039
 1-4 NB =       546.5652  1-4 EEL =      6603.1603  VDWAALS    =      8463.2074
 EELEC  =    -90409.7633  EHBOND  =         0.0000  RESTRAINT  =         0.0000
 Ewald error estimate:   0.1241E-04
 ------------------------------------------------------------------------------


 NSTEP =      200   TIME(PS) =       6.200  TEMP(K) =   292.56  PRESS =     0.0
 Etot   =    -58172.7925  EKtot   =     14063.9158  EPtot      =    -72236.7083
 BOND   =       386.6057  ANGLE   =      1153.3095  DIHED      =       976.2164
 1-4 NB =       557.9456  1-4 EEL =      6604.9246  VDWAALS    =      8241.8554
 EELEC  =    -90157.5656  EHBOND  =         0.0000  RESTRAINT  =         0.0000
 Ewald error estimate:   0.1217E-03
 ------------------------------------------------------------------------------


 NSTEP =      300   TIME(PS) =       6.300  TEMP(K) =   292.10  PRESS =     0.0
 Etot   =    -58173.4760  EKtot   =     14041.8242  EPtot      =    -72215.3002
 BOND   =       403.1392  ANGLE   =      1170.7165  DIHED      =       963.2605
 1-4 NB =       543.4471  1-4 EEL =      6599.3689  VDWAALS    =      8404.2877
 EELEC  =    -90299.5199  EHBOND  =         0.0000  RESTRAINT  =         0.0000
 Ewald error estimate:   0.4971E-04
 ------------------------------------------------------------------------------


 NSTEP =      400   TIME(PS) =       6.400  TEMP(K) =   293.62  PRESS =     0.0
 Etot   =    -58173.0283  EKtot   =     14114.5278  EPtot      =    -72287.5560
 BOND   =       423.6596  ANGLE   =      1190.5418  DIHED      =       964.0587
 1-4 NB =       540.9127  1-4 EEL =      6553.4078  VDWAALS    =      8320.6433
 EELEC  =    -90280.7799  EHBOND  =         0.0000  RESTRAINT  =         0.0000
 Ewald error estimate:   0.5975E-04
 ------------------------------------------------------------------------------


 NSTEP =      500   TIME(PS) =       6.500  TEMP(K) =   296.88  PRESS =     0.0
 Etot   =    -58173.3169  EKtot   =     14271.1839  EPtot      =    -72444.5008
 BOND   =       421.9796  ANGLE   =      1185.0128  DIHED      =       962.8590
 1-4 NB =       512.1411  1-4 EEL =      6571.8133  VDWAALS    =      8479.1119
 EELEC  =    -90577.4186  EHBOND  =         0.0000  RESTRAINT  =         0.0000
 Ewald error estimate:   0.6399E-04
 ------------------------------------------------------------------------------


 NSTEP =      600   TIME(PS) =       6.600  TEMP(K) =   295.76  PRESS =     0.0
 Etot   =    -58172.7642  EKtot   =     14217.3963  EPtot      =    -72390.1605
 BOND   =       455.9434  ANGLE   =      1147.8051  DIHED      =       968.0678
 1-4 NB =       556.7568  1-4 EEL =      6575.9294  VDWAALS    =      8659.1645
 EELEC  =    -90753.8274  EHBOND  =         0.0000  RESTRAINT  =         0.0000
 Ewald error estimate:   0.1768E-03
 ------------------------------------------------------------------------------


 NSTEP =      700   TIME(PS) =       6.700  TEMP(K) =   298.24  PRESS =     0.0
 Etot   =    -58172.9841  EKtot   =     14336.9725  EPtot      =    -72509.9566
 BOND   =       448.5147  ANGLE   =      1145.4164  DIHED      =       984.4147
 1-4 NB =       540.6357  1-4 EEL =      6587.7155  VDWAALS    =      8209.7683
 EELEC  =    -90426.4220  EHBOND  =         0.0000  RESTRAINT  =         0.0000
 Ewald error estimate:   0.2145E-03
 ------------------------------------------------------------------------------


 NSTEP =      800   TIME(PS) =       6.800  TEMP(K) =   295.33  PRESS =     0.0
 Etot   =    -58173.5665  EKtot   =     14196.8230  EPtot      =    -72370.3895
 BOND   =       413.4720  ANGLE   =      1205.6788  DIHED      =       971.1926
 1-4 NB =       542.7265  1-4 EEL =      6603.2118  VDWAALS    =      8342.3865
 EELEC  =    -90449.0578  EHBOND  =         0.0000  RESTRAINT  =         0.0000
 Ewald error estimate:   0.4694E-04
 ------------------------------------------------------------------------------


 NSTEP =      900   TIME(PS) =       6.900  TEMP(K) =   297.00  PRESS =     0.0
 Etot   =    -58174.0393  EKtot   =     14277.2668  EPtot      =    -72451.3060
 BOND   =       453.0643  ANGLE   =      1178.1910  DIHED      =       996.7166
 1-4 NB =       539.8719  1-4 EEL =      6587.2101  VDWAALS    =      8419.4410
 EELEC  =    -90625.8009  EHBOND  =         0.0000  RESTRAINT  =         0.0000
 Ewald error estimate:   0.8655E-04
 ------------------------------------------------------------------------------

check COM velocity, temp:        0.003907     0.02(Removed)

 NSTEP =     1000   TIME(PS) =       7.000  TEMP(K) =   294.67  PRESS =     0.0
 Etot   =    -58174.0700  EKtot   =     14165.1690  EPtot      =    -72339.2390
 BOND   =       442.7715  ANGLE   =      1147.6877  DIHED      =       995.5892
 1-4 NB =       562.3766  1-4 EEL =      6614.8581  VDWAALS    =      8290.6654
 EELEC  =    -90393.1875  EHBOND  =         0.0000  RESTRAINT  =         0.0000
 Ewald error estimate:   0.1507E-04
 ------------------------------------------------------------------------------


 NSTEP =     1100   TIME(PS) =       7.100  TEMP(K) =   295.45  PRESS =     0.0
 Etot   =    -58176.0101  EKtot   =     14202.8297  EPtot      =    -72378.8398
 BOND   =       427.1809  ANGLE   =      1175.9091  DIHED      =       996.3128
 1-4 NB =       546.1778  1-4 EEL =      6604.9677  VDWAALS    =      8324.5443
 EELEC  =    -90453.9324  EHBOND  =         0.0000  RESTRAINT  =         0.0000
 Ewald error estimate:   0.1307E-05
 ------------------------------------------------------------------------------


 NSTEP =     1200   TIME(PS) =       7.200  TEMP(K) =   297.50  PRESS =     0.0
 Etot   =    -58176.1448  EKtot   =     14301.2508  EPtot      =    -72477.3956
 BOND   =       408.0112  ANGLE   =      1205.9757  DIHED      =       983.3344
 1-4 NB =       555.6032  1-4 EEL =      6649.0842  VDWAALS    =      8361.5570
 EELEC  =    -90640.9613  EHBOND  =         0.0000  RESTRAINT  =         0.0000
 Ewald error estimate:   0.5796E-04
 ------------------------------------------------------------------------------


 NSTEP =     1300   TIME(PS) =       7.300  TEMP(K) =   296.59  PRESS =     0.0
 Etot   =    -58175.8062  EKtot   =     14257.6407  EPtot      =    -72433.4470
 BOND   =       449.8907  ANGLE   =      1159.4109  DIHED      =       987.7290
 1-4 NB =       550.0640  1-4 EEL =      6634.0819  VDWAALS    =      8599.2125
 EELEC  =    -90813.8359  EHBOND  =         0.0000  RESTRAINT  =         0.0000
 Ewald error estimate:   0.2146E-04
 ------------------------------------------------------------------------------


 NSTEP =     1400   TIME(PS) =       7.400  TEMP(K) =   296.60  PRESS =     0.0
 Etot   =    -58176.0252  EKtot   =     14258.0106  EPtot      =    -72434.0357
 BOND   =       420.8940  ANGLE   =      1146.6518  DIHED      =       985.9381
 1-4 NB =       570.2010  1-4 EEL =      6637.7738  VDWAALS    =      8502.6349
 EELEC  =    -90698.1293  EHBOND  =         0.0000  RESTRAINT  =         0.0000
 Ewald error estimate:   0.4492E-06
 ------------------------------------------------------------------------------


 NSTEP =     1500   TIME(PS) =       7.500  TEMP(K) =   297.44  PRESS =     0.0
 Etot   =    -58175.8914  EKtot   =     14298.0620  EPtot      =    -72473.9534
 BOND   =       434.9889  ANGLE   =      1203.3835  DIHED      =       994.9191
 1-4 NB =       548.6084  1-4 EEL =      6561.1586  VDWAALS    =      8442.4019
 EELEC  =    -90659.4138  EHBOND  =         0.0000  RESTRAINT  =         0.0000
 Ewald error estimate:   0.4755E-04
 ------------------------------------------------------------------------------


 NSTEP =     1600   TIME(PS) =       7.600  TEMP(K) =   295.80  PRESS =     0.0
 Etot   =    -58176.6681  EKtot   =     14219.4239  EPtot      =    -72396.0920
 BOND   =       423.2265  ANGLE   =      1175.4466  DIHED      =       977.8071
 1-4 NB =       552.5598  1-4 EEL =      6633.7134  VDWAALS    =      8372.3783
 EELEC  =    -90531.2237  EHBOND  =         0.0000  RESTRAINT  =         0.0000
 Ewald error estimate:   0.1132E-03
 ------------------------------------------------------------------------------


 NSTEP =     1700   TIME(PS) =       7.700  TEMP(K) =   295.09  PRESS =     0.0
 Etot   =    -58174.3345  EKtot   =     14185.4411  EPtot      =    -72359.7756
 BOND   =       435.7151  ANGLE   =      1176.6680  DIHED      =       956.8427
 1-4 NB =       566.7359  1-4 EEL =      6624.6702  VDWAALS    =      8373.5866
 EELEC  =    -90493.9942  EHBOND  =         0.0000  RESTRAINT  =         0.0000
 Ewald error estimate:   0.1990E-03
 ------------------------------------------------------------------------------


 NSTEP =     1800   TIME(PS) =       7.800  TEMP(K) =   297.73  PRESS =     0.0
 Etot   =    -58175.5141  EKtot   =     14312.2736  EPtot      =    -72487.7876
 BOND   =       424.6597  ANGLE   =      1198.8292  DIHED      =       961.0279
 1-4 NB =       548.1413  1-4 EEL =      6550.3799  VDWAALS    =      8288.9445
 EELEC  =    -90459.7701  EHBOND  =         0.0000  RESTRAINT  =         0.0000
 Ewald error estimate:   0.1154E-03
 ------------------------------------------------------------------------------


 NSTEP =     1900   TIME(PS) =       7.900  TEMP(K) =   297.09  PRESS =     0.0
 Etot   =    -58174.7144  EKtot   =     14281.6660  EPtot      =    -72456.3804
 BOND   =       438.6696  ANGLE   =      1190.9192  DIHED      =       988.4873
 1-4 NB =       564.7578  1-4 EEL =      6599.9831  VDWAALS    =      8325.8937
 EELEC  =    -90565.0911  EHBOND  =         0.0000  RESTRAINT  =         0.0000
 Ewald error estimate:   0.9805E-04
 ------------------------------------------------------------------------------

check COM velocity, temp:        0.000000     0.00(Removed)

 NSTEP =     2000   TIME(PS) =       8.000  TEMP(K) =   297.59  PRESS =     0.0
 Etot   =    -58175.6981  EKtot   =     14305.4751  EPtot      =    -72481.1732
 BOND   =       439.8414  ANGLE   =      1162.0608  DIHED      =       990.8396
 1-4 NB =       545.9198  1-4 EEL =      6565.1743  VDWAALS    =      8243.3653
 EELEC  =    -90428.3743  EHBOND  =         0.0000  RESTRAINT  =         0.0000
 Ewald error estimate:   0.7561E-04
 ------------------------------------------------------------------------------


 NSTEP =     2100   TIME(PS) =       8.100  TEMP(K) =   296.03  PRESS =     0.0
 Etot   =    -58175.2736  EKtot   =     14230.5570  EPtot      =    -72405.8305
 BOND   =       419.3859  ANGLE   =      1197.9557  DIHED      =       991.1758
 1-4 NB =       545.6558  1-4 EEL =      6595.2366  VDWAALS    =      8445.8346
 EELEC  =    -90601.0749  EHBOND  =         0.0000  RESTRAINT  =         0.0000
 Ewald error estimate:   0.8974E-05
 ------------------------------------------------------------------------------


 NSTEP =     2200   TIME(PS) =       8.200  TEMP(K) =   296.20  PRESS =     0.0
 Etot   =    -58175.3823  EKtot   =     14238.5297  EPtot      =    -72413.9120
 BOND   =       439.4480  ANGLE   =      1195.2366  DIHED      =       961.3357
 1-4 NB =       545.3302  1-4 EEL =      6587.9461  VDWAALS    =      8472.0305
 EELEC  =    -90615.2391  EHBOND  =         0.0000  RESTRAINT  =         0.0000
 Ewald error estimate:   0.4131E-04
 ------------------------------------------------------------------------------


 NSTEP =     2300   TIME(PS) =       8.300  TEMP(K) =   298.41  PRESS =     0.0
 Etot   =    -58176.1294  EKtot   =     14345.0868  EPtot      =    -72521.2162
 BOND   =       427.8285  ANGLE   =      1199.7985  DIHED      =       983.0788
 1-4 NB =       562.9366  1-4 EEL =      6584.1291  VDWAALS    =      8377.2768
 EELEC  =    -90656.2646  EHBOND  =         0.0000  RESTRAINT  =         0.0000
 Ewald error estimate:   0.1420E-04
 ------------------------------------------------------------------------------


 NSTEP =     2400   TIME(PS) =       8.400  TEMP(K) =   298.11  PRESS =     0.0
 Etot   =    -58176.1846  EKtot   =     14330.7040  EPtot      =    -72506.8886
 BOND   =       414.5615  ANGLE   =      1167.6631  DIHED      =      1012.4555
 1-4 NB =       574.4786  1-4 EEL =      6640.8299  VDWAALS    =      8164.4266
 EELEC  =    -90481.3038  EHBOND  =         0.0000  RESTRAINT  =         0.0000
 Ewald error estimate:   0.3092E-04
 ------------------------------------------------------------------------------


 NSTEP =     2500   TIME(PS) =       8.500  TEMP(K) =   298.47  PRESS =     0.0
 Etot   =    -58176.6400  EKtot   =     14347.6414  EPtot      =    -72524.2815
 BOND   =       459.6117  ANGLE   =      1175.7015  DIHED      =       977.8868
 1-4 NB =       557.4754  1-4 EEL =      6617.6686  VDWAALS    =      8352.2365
 EELEC  =    -90664.8620  EHBOND  =         0.0000  RESTRAINT  =         0.0000
 Ewald error estimate:   0.1859E-03
 ------------------------------------------------------------------------------


 NSTEP =     2600   TIME(PS) =       8.600  TEMP(K) =   293.51  PRESS =     0.0
 Etot   =    -58175.5650  EKtot   =     14109.1299  EPtot      =    -72284.6949
 BOND   =       430.6552  ANGLE   =      1216.7268  DIHED      =       974.4243
 1-4 NB =       551.2485  1-4 EEL =      6600.4571  VDWAALS    =      8376.2940
 EELEC  =    -90434.5008  EHBOND  =         0.0000  RESTRAINT  =         0.0000
 Ewald error estimate:   0.2772E-04
 ------------------------------------------------------------------------------


 NSTEP =     2700   TIME(PS) =       8.700  TEMP(K) =   297.39  PRESS =     0.0
 Etot   =    -58176.4959  EKtot   =     14296.0213  EPtot      =    -72472.5172
 BOND   =       419.9375  ANGLE   =      1179.5988  DIHED      =       975.7524
 1-4 NB =       541.7616  1-4 EEL =      6620.5170  VDWAALS    =      8390.5118
 EELEC  =    -90600.5964  EHBOND  =         0.0000  RESTRAINT  =         0.0000
 Ewald error estimate:   0.6038E-04
 ------------------------------------------------------------------------------


 NSTEP =     2800   TIME(PS) =       8.800  TEMP(K) =   298.89  PRESS =     0.0
 Etot   =    -58175.4788  EKtot   =     14367.7858  EPtot      =    -72543.2646
 BOND   =       422.2039  ANGLE   =      1189.5917  DIHED      =       965.7608
 1-4 NB =       537.0519  1-4 EEL =      6586.3979  VDWAALS    =      8445.7184
 EELEC  =    -90689.9892  EHBOND  =         0.0000  RESTRAINT  =         0.0000
 Ewald error estimate:   0.7263E-04
 ------------------------------------------------------------------------------


 NSTEP =     2900   TIME(PS) =       8.900  TEMP(K) =   298.00  PRESS =     0.0
 Etot   =    -58176.6006  EKtot   =     14325.2729  EPtot      =    -72501.8735
 BOND   =       405.2396  ANGLE   =      1219.2141  DIHED      =       976.4167
 1-4 NB =       557.1728  1-4 EEL =      6595.7495  VDWAALS    =      8357.6270
 EELEC  =    -90613.2933  EHBOND  =         0.0000  RESTRAINT  =         0.0000
 Ewald error estimate:   0.8156E-05
 ------------------------------------------------------------------------------

check COM velocity, temp:        0.000000     0.00(Removed)

 NSTEP =     3000   TIME(PS) =       9.000  TEMP(K) =   295.16  PRESS =     0.0
 Etot   =    -58175.5640  EKtot   =     14188.5521  EPtot      =    -72364.1160
 BOND   =       445.9175  ANGLE   =      1183.0439  DIHED      =       972.7169
 1-4 NB =       533.5668  1-4 EEL =      6580.8222  VDWAALS    =      8459.5942
 EELEC  =    -90539.7775  EHBOND  =         0.0000  RESTRAINT  =         0.0000
 Ewald error estimate:   0.1278E-03
 ------------------------------------------------------------------------------


 NSTEP =     3100   TIME(PS) =       9.100  TEMP(K) =   296.53  PRESS =     0.0
 Etot   =    -58176.4271  EKtot   =     14254.3492  EPtot      =    -72430.7764
 BOND   =       412.1662  ANGLE   =      1203.7627  DIHED      =       999.1179
 1-4 NB =       547.5649  1-4 EEL =      6590.3624  VDWAALS    =      8153.2239
 EELEC  =    -90336.9744  EHBOND  =         0.0000  RESTRAINT  =         0.0000
 Ewald error estimate:   0.7841E-04
 ------------------------------------------------------------------------------


 NSTEP =     3200   TIME(PS) =       9.200  TEMP(K) =   298.13  PRESS =     0.0
 Etot   =    -58176.5480  EKtot   =     14331.6650  EPtot      =    -72508.2130
 BOND   =       412.3668  ANGLE   =      1182.2683  DIHED      =       971.7957
 1-4 NB =       560.0226  1-4 EEL =      6616.8653  VDWAALS    =      8346.8229
 EELEC  =    -90598.3546  EHBOND  =         0.0000  RESTRAINT  =         0.0000
 Ewald error estimate:   0.1107E-03
 ------------------------------------------------------------------------------


 NSTEP =     3300   TIME(PS) =       9.300  TEMP(K) =   297.16  PRESS =     0.0
 Etot   =    -58176.2286  EKtot   =     14284.8547  EPtot      =    -72461.0833
 BOND   =       448.6773  ANGLE   =      1154.2744  DIHED      =       986.3519
 1-4 NB =       550.6544  1-4 EEL =      6606.3436  VDWAALS    =      8190.6313
 EELEC  =    -90398.0161  EHBOND  =         0.0000  RESTRAINT  =         0.0000
 Ewald error estimate:   0.1109E-03
 ------------------------------------------------------------------------------


 NSTEP =     3400   TIME(PS) =       9.400  TEMP(K) =   296.38  PRESS =     0.0
 Etot   =    -58175.5152  EKtot   =     14247.3669  EPtot      =    -72422.8821
 BOND   =       441.8348  ANGLE   =      1156.8494  DIHED      =       980.8740
 1-4 NB =       558.6740  1-4 EEL =      6606.2053  VDWAALS    =      8107.8196
 EELEC  =    -90275.1393  EHBOND  =         0.0000  RESTRAINT  =         0.0000
 Ewald error estimate:   0.1090E-03
 ------------------------------------------------------------------------------


 NSTEP =     3500   TIME(PS) =       9.500  TEMP(K) =   295.04  PRESS =     0.0
 Etot   =    -58176.3708  EKtot   =     14182.7561  EPtot      =    -72359.1270
 BOND   =       414.7642  ANGLE   =      1176.5411  DIHED      =       979.0983
 1-4 NB =       544.2305  1-4 EEL =      6610.9814  VDWAALS    =      8201.6133
 EELEC  =    -90286.3558  EHBOND  =         0.0000  RESTRAINT  =         0.0000
 Ewald error estimate:   0.5753E-04
 ------------------------------------------------------------------------------


 NSTEP =     3600   TIME(PS) =       9.600  TEMP(K) =   293.72  PRESS =     0.0
 Etot   =    -58175.4608  EKtot   =     14119.4305  EPtot      =    -72294.8914
 BOND   =       432.5014  ANGLE   =      1172.7355  DIHED      =       999.4337
 1-4 NB =       540.7831  1-4 EEL =      6601.3745  VDWAALS    =      8143.1499
 EELEC  =    -90184.8694  EHBOND  =         0.0000  RESTRAINT  =         0.0000
 Ewald error estimate:   0.6220E-04
 ------------------------------------------------------------------------------


 NSTEP =     3700   TIME(PS) =       9.700  TEMP(K) =   295.14  PRESS =     0.0
 Etot   =    -58174.5738  EKtot   =     14187.5630  EPtot      =    -72362.1369
 BOND   =       407.4528  ANGLE   =      1219.8386  DIHED      =       979.9604
 1-4 NB =       563.6996  1-4 EEL =      6587.6014  VDWAALS    =      8470.2446
 EELEC  =    -90590.9342  EHBOND  =         0.0000  RESTRAINT  =         0.0000
 Ewald error estimate:   0.1503E-03
 ------------------------------------------------------------------------------


 NSTEP =     3800   TIME(PS) =       9.800  TEMP(K) =   294.88  PRESS =     0.0
 Etot   =    -58174.2652  EKtot   =     14175.0486  EPtot      =    -72349.3139
 BOND   =       430.5475  ANGLE   =      1168.7857  DIHED      =       959.8498
 1-4 NB =       562.3335  1-4 EEL =      6605.5122  VDWAALS    =      8252.4498
 EELEC  =    -90328.7924  EHBOND  =         0.0000  RESTRAINT  =         0.0000
 Ewald error estimate:   0.1819E-03
 ------------------------------------------------------------------------------


 NSTEP =     3900   TIME(PS) =       9.900  TEMP(K) =   297.11  PRESS =     0.0
 Etot   =    -58175.3873  EKtot   =     14282.6220  EPtot      =    -72458.0093
 BOND   =       467.6059  ANGLE   =      1164.5044  DIHED      =       964.5297
 1-4 NB =       541.8993  1-4 EEL =      6531.8592  VDWAALS    =      8183.3387
 EELEC  =    -90311.7466  EHBOND  =         0.0000  RESTRAINT  =         0.0000
 Ewald error estimate:   0.1026E-03
 ------------------------------------------------------------------------------

check COM velocity, temp:        0.000000     0.00(Removed)

 NSTEP =     4000   TIME(PS) =      10.000  TEMP(K) =   296.79  PRESS =     0.0
 Etot   =    -58176.0153  EKtot   =     14266.8479  EPtot      =    -72442.8632
 BOND   =       433.0302  ANGLE   =      1205.4452  DIHED      =       991.7070
 1-4 NB =       547.7755  1-4 EEL =      6619.9805  VDWAALS    =      8209.8869
 EELEC  =    -90450.6886  EHBOND  =         0.0000  RESTRAINT  =         0.0000
 Ewald error estimate:   0.8146E-04
 ------------------------------------------------------------------------------


 NSTEP =     4100   TIME(PS) =      10.100  TEMP(K) =   295.74  PRESS =     0.0
 Etot   =    -58176.0446  EKtot   =     14216.5275  EPtot      =    -72392.5721
 BOND   =       438.1682  ANGLE   =      1219.8588  DIHED      =       972.9332
 1-4 NB =       555.1834  1-4 EEL =      6605.0414  VDWAALS    =      8312.7066
 EELEC  =    -90496.4637  EHBOND  =         0.0000  RESTRAINT  =         0.0000
 Ewald error estimate:   0.8842E-04
 ------------------------------------------------------------------------------


 NSTEP =     4200   TIME(PS) =      10.200  TEMP(K) =   297.07  PRESS =     0.0
 Etot   =    -58175.3943  EKtot   =     14280.7024  EPtot      =    -72456.0966
 BOND   =       454.2458  ANGLE   =      1228.3568  DIHED      =       980.2702
 1-4 NB =       546.1759  1-4 EEL =      6591.7551  VDWAALS    =      8367.3941
 EELEC  =    -90624.2945  EHBOND  =         0.0000  RESTRAINT  =         0.0000
 Ewald error estimate:   0.2006E-03
 ------------------------------------------------------------------------------


 NSTEP =     4300   TIME(PS) =      10.300  TEMP(K) =   295.93  PRESS =     0.0
 Etot   =    -58175.5432  EKtot   =     14225.4904  EPtot      =    -72401.0335
 BOND   =       454.3246  ANGLE   =      1220.7301  DIHED      =       965.9570
 1-4 NB =       545.5230  1-4 EEL =      6636.8743  VDWAALS    =      8498.8317
 EELEC  =    -90723.2742  EHBOND  =         0.0000  RESTRAINT  =         0.0000
 Ewald error estimate:   0.1054E-03
 ------------------------------------------------------------------------------


 NSTEP =     4400   TIME(PS) =      10.400  TEMP(K) =   298.82  PRESS =     0.0
 Etot   =    -58176.2196  EKtot   =     14364.7272  EPtot      =    -72540.9468
 BOND   =       445.5541  ANGLE   =      1171.1438  DIHED      =       978.4556
 1-4 NB =       562.4229  1-4 EEL =      6618.9829  VDWAALS    =      8533.7399
 EELEC  =    -90851.2460  EHBOND  =         0.0000  RESTRAINT  =         0.0000
 Ewald error estimate:   0.1501E-03
 ------------------------------------------------------------------------------


 NSTEP =     4500   TIME(PS) =      10.500  TEMP(K) =   296.95  PRESS =     0.0
 Etot   =    -58176.1555  EKtot   =     14274.9631  EPtot      =    -72451.1186
 BOND   =       444.5919  ANGLE   =      1215.8353  DIHED      =       976.8251
 1-4 NB =       552.4616  1-4 EEL =      6604.8132  VDWAALS    =      8324.3182
 EELEC  =    -90569.9638  EHBOND  =         0.0000  RESTRAINT  =         0.0000
 Ewald error estimate:   0.1096E-03
 ------------------------------------------------------------------------------


 NSTEP =     4600   TIME(PS) =      10.600  TEMP(K) =   298.80  PRESS =     0.0
 Etot   =    -58176.2252  EKtot   =     14363.8294  EPtot      =    -72540.0546
 BOND   =       447.3444  ANGLE   =      1195.8781  DIHED      =       971.2542
 1-4 NB =       549.4196  1-4 EEL =      6609.8644  VDWAALS    =      8487.6061
 EELEC  =    -90801.4215  EHBOND  =         0.0000  RESTRAINT  =         0.0000
 Ewald error estimate:   0.1390E-03
 ------------------------------------------------------------------------------


 NSTEP =     4700   TIME(PS) =      10.700  TEMP(K) =   297.86  PRESS =     0.0
 Etot   =    -58175.6188  EKtot   =     14318.3310  EPtot      =    -72493.9497
 BOND   =       430.5707  ANGLE   =      1227.4088  DIHED      =       976.4130
 1-4 NB =       543.9956  1-4 EEL =      6605.1902  VDWAALS    =      8426.4366
 EELEC  =    -90703.9646  EHBOND  =         0.0000  RESTRAINT  =         0.0000
 Ewald error estimate:   0.1574E-03
 ------------------------------------------------------------------------------


 NSTEP =     4800   TIME(PS) =      10.800  TEMP(K) =   297.22  PRESS =     0.0
 Etot   =    -58176.2717  EKtot   =     14287.8275  EPtot      =    -72464.0993
 BOND   =       464.6463  ANGLE   =      1189.2250  DIHED      =       982.9616
 1-4 NB =       556.3484  1-4 EEL =      6636.7387  VDWAALS    =      8520.7111
 EELEC  =    -90814.7303  EHBOND  =         0.0000  RESTRAINT  =         0.0000
 Ewald error estimate:   0.8669E-04
 ------------------------------------------------------------------------------


 NSTEP =     4900   TIME(PS) =      10.900  TEMP(K) =   299.47  PRESS =     0.0
 Etot   =    -58177.8833  EKtot   =     14395.6533  EPtot      =    -72573.5366
 BOND   =       402.9615  ANGLE   =      1198.3435  DIHED      =       971.4365
 1-4 NB =       560.6489  1-4 EEL =      6607.7391  VDWAALS    =      8077.7450
 EELEC  =    -90392.4112  EHBOND  =         0.0000  RESTRAINT  =         0.0000
 Ewald error estimate:   0.6215E-05
 ------------------------------------------------------------------------------

check COM velocity, temp:        0.000000     0.00(Removed)

 NSTEP =     5000   TIME(PS) =      11.000  TEMP(K) =   296.79  PRESS =     0.0
 Etot   =    -58176.4116  EKtot   =     14266.9085  EPtot      =    -72443.3202
 BOND   =       433.0365  ANGLE   =      1248.4195  DIHED      =       954.8913
 1-4 NB =       554.4779  1-4 EEL =      6569.2608  VDWAALS    =      8413.0661
 EELEC  =    -90616.4723  EHBOND  =         0.0000  RESTRAINT  =         0.0000
 Ewald error estimate:   0.1359E-03
 ------------------------------------------------------------------------------


 NSTEP =     5100   TIME(PS) =      11.100  TEMP(K) =   297.63  PRESS =     0.0
 Etot   =    -58176.5510  EKtot   =     14307.5260  EPtot      =    -72484.0770
 BOND   =       451.2337  ANGLE   =      1198.4081  DIHED      =       982.5952
 1-4 NB =       563.7539  1-4 EEL =      6585.2134  VDWAALS    =      8368.6319
 EELEC  =    -90633.9132  EHBOND  =         0.0000  RESTRAINT  =         0.0000
 Ewald error estimate:   0.7708E-04
 ------------------------------------------------------------------------------


 NSTEP =     5200   TIME(PS) =      11.200  TEMP(K) =   296.58  PRESS =     0.0
 Etot   =    -58176.0972  EKtot   =     14256.9751  EPtot      =    -72433.0723
 BOND   =       455.4518  ANGLE   =      1231.6913  DIHED      =       975.7892
 1-4 NB =       545.4173  1-4 EEL =      6597.0749  VDWAALS    =      8478.6304
 EELEC  =    -90717.1272  EHBOND  =         0.0000  RESTRAINT  =         0.0000
 Ewald error estimate:   0.1636E-03
 ------------------------------------------------------------------------------


 NSTEP =     5300   TIME(PS) =      11.300  TEMP(K) =   296.92  PRESS =     0.0
 Etot   =    -58177.2868  EKtot   =     14273.0789  EPtot      =    -72450.3657
 BOND   =       458.3099  ANGLE   =      1177.7194  DIHED      =       966.6899
 1-4 NB =       567.1343  1-4 EEL =      6590.4309  VDWAALS    =      8422.1407
 EELEC  =    -90632.7908  EHBOND  =         0.0000  RESTRAINT  =         0.0000
 Ewald error estimate:   0.4458E-04
 ------------------------------------------------------------------------------


 NSTEP =     5400   TIME(PS) =      11.400  TEMP(K) =   295.87  PRESS =     0.0
 Etot   =    -58175.9975  EKtot   =     14222.6346  EPtot      =    -72398.6321
 BOND   =       429.3343  ANGLE   =      1241.7033  DIHED      =       965.9063
 1-4 NB =       541.2530  1-4 EEL =      6615.5746  VDWAALS    =      8299.6004
 EELEC  =    -90492.0040  EHBOND  =         0.0000  RESTRAINT  =         0.0000
 Ewald error estimate:   0.7655E-04
 ------------------------------------------------------------------------------


 NSTEP =     5500   TIME(PS) =      11.500  TEMP(K) =   298.01  PRESS =     0.0
 Etot   =    -58177.3839  EKtot   =     14325.5955  EPtot      =    -72502.9794
 BOND   =       456.8683  ANGLE   =      1196.9703  DIHED      =       978.3599
 1-4 NB =       559.9531  1-4 EEL =      6597.7506  VDWAALS    =      8512.7626
 EELEC  =    -90805.6443  EHBOND  =         0.0000  RESTRAINT  =         0.0000
 Ewald error estimate:   0.2772E-04
 ------------------------------------------------------------------------------


 NSTEP =     5600   TIME(PS) =      11.600  TEMP(K) =   294.89  PRESS =     0.0
 Etot   =    -58176.9741  EKtot   =     14175.6646  EPtot      =    -72352.6388
 BOND   =       460.1170  ANGLE   =      1276.8368  DIHED      =       985.2742
 1-4 NB =       538.5363  1-4 EEL =      6538.5229  VDWAALS    =      8213.6630
 EELEC  =    -90365.5891  EHBOND  =         0.0000  RESTRAINT  =         0.0000
 Ewald error estimate:   0.3878E-04
 ------------------------------------------------------------------------------


 NSTEP =     5700   TIME(PS) =      11.700  TEMP(K) =   292.91  PRESS =     0.0
 Etot   =    -58177.2287  EKtot   =     14080.6782  EPtot      =    -72257.9069
 BOND   =       432.7755  ANGLE   =      1187.4030  DIHED      =      1001.9704
 1-4 NB =       561.8063  1-4 EEL =      6622.9642  VDWAALS    =      8321.9790
 EELEC  =    -90386.8054  EHBOND  =         0.0000  RESTRAINT  =         0.0000
 Ewald error estimate:   0.1011E-03
 ------------------------------------------------------------------------------


 NSTEP =     5800   TIME(PS) =      11.800  TEMP(K) =   297.81  PRESS =     0.0
 Etot   =    -58177.8516  EKtot   =     14315.9141  EPtot      =    -72493.7657
 BOND   =       457.6442  ANGLE   =      1210.3417  DIHED      =       946.6086
 1-4 NB =       559.7436  1-4 EEL =      6567.1908  VDWAALS    =      8285.9081
 EELEC  =    -90521.2027  EHBOND  =         0.0000  RESTRAINT  =         0.0000
 Ewald error estimate:   0.2402E-04
 ------------------------------------------------------------------------------


 NSTEP =     5900   TIME(PS) =      11.900  TEMP(K) =   296.19  PRESS =     0.0
 Etot   =    -58177.7098  EKtot   =     14238.2864  EPtot      =    -72415.9962
 BOND   =       424.0228  ANGLE   =      1192.8743  DIHED      =       984.4471
 1-4 NB =       557.3109  1-4 EEL =      6625.0689  VDWAALS    =      8105.9882
 EELEC  =    -90305.7084  EHBOND  =         0.0000  RESTRAINT  =         0.0000
 Ewald error estimate:   0.2393E-04
 ------------------------------------------------------------------------------

check COM velocity, temp:        0.000000     0.00(Removed)

 NSTEP =     6000   TIME(PS) =      12.000  TEMP(K) =   296.15  PRESS =     0.0
 Etot   =    -58177.1790  EKtot   =     14236.4044  EPtot      =    -72413.5833
 BOND   =       492.2392  ANGLE   =      1167.7028  DIHED      =       976.1610
 1-4 NB =       551.1999  1-4 EEL =      6601.9293  VDWAALS    =      8239.1449
 EELEC  =    -90441.9604  EHBOND  =         0.0000  RESTRAINT  =         0.0000
 Ewald error estimate:   0.3072E-05
 ------------------------------------------------------------------------------


 NSTEP =     6100   TIME(PS) =      12.100  TEMP(K) =   299.27  PRESS =     0.0
 Etot   =    -58177.8393  EKtot   =     14386.4281  EPtot      =    -72564.2675
 BOND   =       423.2650  ANGLE   =      1180.1423  DIHED      =       997.2744
 1-4 NB =       547.3217  1-4 EEL =      6623.9744  VDWAALS    =      8393.3807
 EELEC  =    -90729.6259  EHBOND  =         0.0000  RESTRAINT  =         0.0000
 Ewald error estimate:   0.5040E-04
 ------------------------------------------------------------------------------


 NSTEP =     6200   TIME(PS) =      12.200  TEMP(K) =   297.38  PRESS =     0.0
 Etot   =    -58176.9308  EKtot   =     14295.6089  EPtot      =    -72472.5397
 BOND   =       483.2809  ANGLE   =      1180.9036  DIHED      =       975.9785
 1-4 NB =       559.0744  1-4 EEL =      6566.8068  VDWAALS    =      8444.4315
 EELEC  =    -90683.0154  EHBOND  =         0.0000  RESTRAINT  =         0.0000
 Ewald error estimate:   0.5202E-04
 ------------------------------------------------------------------------------


 NSTEP =     6300   TIME(PS) =      12.300  TEMP(K) =   299.38  PRESS =     0.0
 Etot   =    -58177.2898  EKtot   =     14391.6964  EPtot      =    -72568.9862
 BOND   =       425.9203  ANGLE   =      1193.0655  DIHED      =       991.6333
 1-4 NB =       539.9685  1-4 EEL =      6615.4565  VDWAALS    =      8309.9183
 EELEC  =    -90644.9488  EHBOND  =         0.0000  RESTRAINT  =         0.0000
 Ewald error estimate:   0.5202E-04
 ------------------------------------------------------------------------------


 NSTEP =     6400   TIME(PS) =      12.400  TEMP(K) =   295.55  PRESS =     0.0
 Etot   =    -58176.6994  EKtot   =     14207.6700  EPtot      =    -72384.3694
 BOND   =       448.4419  ANGLE   =      1211.1532  DIHED      =       970.0344
 1-4 NB =       548.2225  1-4 EEL =      6575.1870  VDWAALS    =      8447.8517
 EELEC  =    -90585.2600  EHBOND  =         0.0000  RESTRAINT  =         0.0000
 Ewald error estimate:   0.9191E-04
 ------------------------------------------------------------------------------


 NSTEP =     6500   TIME(PS) =      12.500  TEMP(K) =   296.89  PRESS =     0.0
 Etot   =    -58176.6933  EKtot   =     14271.7778  EPtot      =    -72448.4711
 BOND   =       454.5170  ANGLE   =      1198.8364  DIHED      =       987.8675
 1-4 NB =       540.5875  1-4 EEL =      6591.7024  VDWAALS    =      8226.9088
 EELEC  =    -90448.8907  EHBOND  =         0.0000  RESTRAINT  =         0.0000
 Ewald error estimate:   0.1840E-04
 ------------------------------------------------------------------------------


 NSTEP =     6600   TIME(PS) =      12.600  TEMP(K) =   294.66  PRESS =     0.0
 Etot   =    -58176.6443  EKtot   =     14164.6798  EPtot      =    -72341.3242
 BOND   =       460.5969  ANGLE   =      1189.6885  DIHED      =       988.5875
 1-4 NB =       547.2612  1-4 EEL =      6636.7090  VDWAALS    =      8505.5356
 EELEC  =    -90669.7028  EHBOND  =         0.0000  RESTRAINT  =         0.0000
 Ewald error estimate:   0.3230E-04
 ------------------------------------------------------------------------------


 NSTEP =     6700   TIME(PS) =      12.700  TEMP(K) =   297.32  PRESS =     0.0
 Etot   =    -58176.3623  EKtot   =     14292.6045  EPtot      =    -72468.9668
 BOND   =       453.9801  ANGLE   =      1188.3398  DIHED      =       970.3068
 1-4 NB =       556.1005  1-4 EEL =      6600.9732  VDWAALS    =      8575.3734
 EELEC  =    -90814.0405  EHBOND  =         0.0000  RESTRAINT  =         0.0000
 Ewald error estimate:   0.2045E-03
 ------------------------------------------------------------------------------


 NSTEP =     6800   TIME(PS) =      12.800  TEMP(K) =   299.23  PRESS =     0.0
 Etot   =    -58176.6499  EKtot   =     14384.3309  EPtot      =    -72560.9808
 BOND   =       445.2537  ANGLE   =      1182.3184  DIHED      =       976.4190
 1-4 NB =       543.0458  1-4 EEL =      6605.1868  VDWAALS    =      8320.0150
 EELEC  =    -90633.2194  EHBOND  =         0.0000  RESTRAINT  =         0.0000
 Ewald error estimate:   0.1263E-03
 ------------------------------------------------------------------------------


 NSTEP =     6900   TIME(PS) =      12.900  TEMP(K) =   296.87  PRESS =     0.0
 Etot   =    -58177.5454  EKtot   =     14270.8863  EPtot      =    -72448.4317
 BOND   =       451.3339  ANGLE   =      1212.3014  DIHED      =       985.2787
 1-4 NB =       533.8528  1-4 EEL =      6598.6868  VDWAALS    =      8352.6362
 EELEC  =    -90582.5214  EHBOND  =         0.0000  RESTRAINT  =         0.0000
 Ewald error estimate:   0.1274E-04
 ------------------------------------------------------------------------------

check COM velocity, temp:        0.000000     0.00(Removed)

 NSTEP =     7000   TIME(PS) =      13.000  TEMP(K) =   296.43  PRESS =     0.0
 Etot   =    -58178.0216  EKtot   =     14249.5348  EPtot      =    -72427.5563
 BOND   =       453.8130  ANGLE   =      1168.1435  DIHED      =       980.9076
 1-4 NB =       546.6459  1-4 EEL =      6640.0088  VDWAALS    =      8295.8497
 EELEC  =    -90512.9248  EHBOND  =         0.0000  RESTRAINT  =         0.0000
 Ewald error estimate:   0.2083E-04
 ------------------------------------------------------------------------------


 NSTEP =     7100   TIME(PS) =      13.100  TEMP(K) =   297.50  PRESS =     0.0
 Etot   =    -58176.9082  EKtot   =     14300.9335  EPtot      =    -72477.8417
 BOND   =       418.5442  ANGLE   =      1234.2828  DIHED      =       990.1415
 1-4 NB =       557.6891  1-4 EEL =      6589.8272  VDWAALS    =      8211.1359
 EELEC  =    -90479.4625  EHBOND  =         0.0000  RESTRAINT  =         0.0000
 Ewald error estimate:   0.6487E-04
 ------------------------------------------------------------------------------


 NSTEP =     7200   TIME(PS) =      13.200  TEMP(K) =   297.54  PRESS =     0.0
 Etot   =    -58176.8895  EKtot   =     14303.0567  EPtot      =    -72479.9461
 BOND   =       449.2302  ANGLE   =      1215.6345  DIHED      =      1007.9271
 1-4 NB =       543.8495  1-4 EEL =      6631.5569  VDWAALS    =      8340.3597
 EELEC  =    -90668.5040  EHBOND  =         0.0000  RESTRAINT  =         0.0000
 Ewald error estimate:   0.6194E-04
 ------------------------------------------------------------------------------


 NSTEP =     7300   TIME(PS) =      13.300  TEMP(K) =   294.11  PRESS =     0.0
 Etot   =    -58176.7463  EKtot   =     14138.4207  EPtot      =    -72315.1670
 BOND   =       448.7368  ANGLE   =      1205.8575  DIHED      =       988.5777
 1-4 NB =       556.6408  1-4 EEL =      6616.9855  VDWAALS    =      8249.2047
 EELEC  =    -90381.1700  EHBOND  =         0.0000  RESTRAINT  =         0.0000
 Ewald error estimate:   0.1280E-03
 ------------------------------------------------------------------------------


 NSTEP =     7400   TIME(PS) =      13.400  TEMP(K) =   294.63  PRESS =     0.0
 Etot   =    -58176.4622  EKtot   =     14163.4401  EPtot      =    -72339.9024
 BOND   =       466.5591  ANGLE   =      1193.6243  DIHED      =       978.4089
 1-4 NB =       533.0993  1-4 EEL =      6585.6319  VDWAALS    =      8281.6856
 EELEC  =    -90378.9114  EHBOND  =         0.0000  RESTRAINT  =         0.0000
 Ewald error estimate:   0.1124E-03
 ------------------------------------------------------------------------------


 NSTEP =     7500   TIME(PS) =      13.500  TEMP(K) =   295.58  PRESS =     0.0
 Etot   =    -58176.2811  EKtot   =     14208.6786  EPtot      =    -72384.9596
 BOND   =       437.6715  ANGLE   =      1213.6659  DIHED      =       958.2463
 1-4 NB =       554.1819  1-4 EEL =      6613.2772  VDWAALS    =      8288.6478
 EELEC  =    -90450.6502  EHBOND  =         0.0000  RESTRAINT  =         0.0000
 Ewald error estimate:   0.3677E-04
 ------------------------------------------------------------------------------


 NSTEP =     7600   TIME(PS) =      13.600  TEMP(K) =   297.45  PRESS =     0.0
 Etot   =    -58176.4924  EKtot   =     14298.9086  EPtot      =    -72475.4011
 BOND   =       447.1355  ANGLE   =      1155.7615  DIHED      =       982.3708
 1-4 NB =       541.6897  1-4 EEL =      6664.1539  VDWAALS    =      8243.1075
 EELEC  =    -90509.6200  EHBOND  =         0.0000  RESTRAINT  =         0.0000
 Ewald error estimate:   0.1340E-04
 ------------------------------------------------------------------------------


 NSTEP =     7700   TIME(PS) =      13.700  TEMP(K) =   297.37  PRESS =     0.0
 Etot   =    -58176.3191  EKtot   =     14295.0051  EPtot      =    -72471.3242
 BOND   =       445.1272  ANGLE   =      1185.8900  DIHED      =       970.2760
 1-4 NB =       540.2571  1-4 EEL =      6606.1931  VDWAALS    =      8375.6434
 EELEC  =    -90594.7110  EHBOND  =         0.0000  RESTRAINT  =         0.0000
 Ewald error estimate:   0.7468E-04
 ------------------------------------------------------------------------------


 NSTEP =     7800   TIME(PS) =      13.800  TEMP(K) =   293.55  PRESS =     0.0
 Etot   =    -58176.4239  EKtot   =     14111.4876  EPtot      =    -72287.9115
 BOND   =       484.0937  ANGLE   =      1190.8582  DIHED      =       968.7360
 1-4 NB =       554.4367  1-4 EEL =      6570.4086  VDWAALS    =      8262.0759
 EELEC  =    -90318.5205  EHBOND  =         0.0000  RESTRAINT  =         0.0000
 Ewald error estimate:   0.1020E-03
 ------------------------------------------------------------------------------


 NSTEP =     7900   TIME(PS) =      13.900  TEMP(K) =   296.17  PRESS =     0.0
 Etot   =    -58176.3894  EKtot   =     14237.2212  EPtot      =    -72413.6106
 BOND   =       459.3220  ANGLE   =      1200.6399  DIHED      =       994.1446
 1-4 NB =       545.8014  1-4 EEL =      6651.8846  VDWAALS    =      8324.2096
 EELEC  =    -90589.6128  EHBOND  =         0.0000  RESTRAINT  =         0.0000
 Ewald error estimate:   0.1619E-04
 ------------------------------------------------------------------------------

check COM velocity, temp:        0.000000     0.00(Removed)

 NSTEP =     8000   TIME(PS) =      14.000  TEMP(K) =   294.90  PRESS =     0.0
 Etot   =    -58177.0540  EKtot   =     14176.0237  EPtot      =    -72353.0776
 BOND   =       467.5815  ANGLE   =      1219.6536  DIHED      =       981.6495
 1-4 NB =       540.4890  1-4 EEL =      6587.9338  VDWAALS    =      8295.2977
 EELEC  =    -90445.6828  EHBOND  =         0.0000  RESTRAINT  =         0.0000
 Ewald error estimate:   0.7799E-04
 ------------------------------------------------------------------------------


 NSTEP =     8100   TIME(PS) =      14.100  TEMP(K) =   296.74  PRESS =     0.0
 Etot   =    -58176.3827  EKtot   =     14264.5024  EPtot      =    -72440.8851
 BOND   =       469.3212  ANGLE   =      1265.9341  DIHED      =       966.1321
 1-4 NB =       539.7974  1-4 EEL =      6580.4264  VDWAALS    =      8307.1411
 EELEC  =    -90569.6374  EHBOND  =         0.0000  RESTRAINT  =         0.0000
 Ewald error estimate:   0.5592E-04
 ------------------------------------------------------------------------------


 NSTEP =     8200   TIME(PS) =      14.200  TEMP(K) =   298.37  PRESS =     0.0
 Etot   =    -58177.2257  EKtot   =     14343.0737  EPtot      =    -72520.2994
 BOND   =       458.0552  ANGLE   =      1175.2836  DIHED      =       997.8338
 1-4 NB =       536.8665  1-4 EEL =      6604.3187  VDWAALS    =      8488.2351
 EELEC  =    -90780.8922  EHBOND  =         0.0000  RESTRAINT  =         0.0000
 Ewald error estimate:   0.2199E-04
 ------------------------------------------------------------------------------


 NSTEP =     8300   TIME(PS) =      14.300  TEMP(K) =   299.06  PRESS =     0.0
 Etot   =    -58177.0113  EKtot   =     14375.9529  EPtot      =    -72552.9642
 BOND   =       436.9820  ANGLE   =      1221.8577  DIHED      =       984.8138
 1-4 NB =       561.4188  1-4 EEL =      6591.7684  VDWAALS    =      8395.1699
 EELEC  =    -90744.9746  EHBOND  =         0.0000  RESTRAINT  =         0.0000
 Ewald error estimate:   0.6306E-05
 ------------------------------------------------------------------------------


 NSTEP =     8400   TIME(PS) =      14.400  TEMP(K) =   297.04  PRESS =     0.0
 Etot   =    -58175.9153  EKtot   =     14279.2110  EPtot      =    -72455.1263
 BOND   =       473.7671  ANGLE   =      1205.4675  DIHED      =       971.7273
 1-4 NB =       535.7004  1-4 EEL =      6576.9329  VDWAALS    =      8437.3866
 EELEC  =    -90656.1081  EHBOND  =         0.0000  RESTRAINT  =         0.0000
 Ewald error estimate:   0.1050E-03
 ------------------------------------------------------------------------------


 NSTEP =     8500   TIME(PS) =      14.500  TEMP(K) =   296.85  PRESS =     0.0
 Etot   =    -58177.0179  EKtot   =     14269.7521  EPtot      =    -72446.7700
 BOND   =       447.9405  ANGLE   =      1208.3489  DIHED      =       999.2019
 1-4 NB =       560.4828  1-4 EEL =      6560.0073  VDWAALS    =      8401.7637
 EELEC  =    -90624.5151  EHBOND  =         0.0000  RESTRAINT  =         0.0000
 Ewald error estimate:   0.4462E-04
 ------------------------------------------------------------------------------


 NSTEP =     8600   TIME(PS) =      14.600  TEMP(K) =   301.52  PRESS =     0.0
 Etot   =    -58176.8585  EKtot   =     14494.1782  EPtot      =    -72671.0368
 BOND   =       445.3225  ANGLE   =      1197.7874  DIHED      =       958.5420
 1-4 NB =       545.7375  1-4 EEL =      6604.6537  VDWAALS    =      8304.8629
 EELEC  =    -90727.9429  EHBOND  =         0.0000  RESTRAINT  =         0.0000
 Ewald error estimate:   0.3785E-05
 ------------------------------------------------------------------------------


 NSTEP =     8700   TIME(PS) =      14.700  TEMP(K) =   298.83  PRESS =     0.0
 Etot   =    -58176.0510  EKtot   =     14365.1815  EPtot      =    -72541.2326
 BOND   =       455.7550  ANGLE   =      1236.4328  DIHED      =       991.1825
 1-4 NB =       521.1511  1-4 EEL =      6563.9224  VDWAALS    =      8134.0718
 EELEC  =    -90443.7481  EHBOND  =         0.0000  RESTRAINT  =         0.0000
 Ewald error estimate:   0.6822E-04
 ------------------------------------------------------------------------------


 NSTEP =     8800   TIME(PS) =      14.800  TEMP(K) =   300.52  PRESS =     0.0
 Etot   =    -58175.9100  EKtot   =     14446.5157  EPtot      =    -72622.4257
 BOND   =       430.1111  ANGLE   =      1212.2089  DIHED      =       963.0531
 1-4 NB =       558.8592  1-4 EEL =      6597.1846  VDWAALS    =      8255.4698
 EELEC  =    -90639.3124  EHBOND  =         0.0000  RESTRAINT  =         0.0000
 Ewald error estimate:   0.8259E-04
 ------------------------------------------------------------------------------


 NSTEP =     8900   TIME(PS) =      14.900  TEMP(K) =   301.14  PRESS =     0.0
 Etot   =    -58176.1280  EKtot   =     14476.1925  EPtot      =    -72652.3204
 BOND   =       441.6914  ANGLE   =      1198.7706  DIHED      =       969.0304
 1-4 NB =       556.8678  1-4 EEL =      6605.1344  VDWAALS    =      8347.6649
 EELEC  =    -90771.4799  EHBOND  =         0.0000  RESTRAINT  =         0.0000
 Ewald error estimate:   0.9222E-04
 ------------------------------------------------------------------------------

check COM velocity, temp:        0.000000     0.00(Removed)

 NSTEP =     9000   TIME(PS) =      15.000  TEMP(K) =   298.92  PRESS =     0.0
 Etot   =    -58176.2670  EKtot   =     14369.5362  EPtot      =    -72545.8033
 BOND   =       441.0615  ANGLE   =      1219.7856  DIHED      =       988.5480
 1-4 NB =       544.2621  1-4 EEL =      6599.6104  VDWAALS    =      8415.4849
 EELEC  =    -90754.5559  EHBOND  =         0.0000  RESTRAINT  =         0.0000
 Ewald error estimate:   0.8664E-04
 ------------------------------------------------------------------------------


 NSTEP =     9100   TIME(PS) =      15.100  TEMP(K) =   296.18  PRESS =     0.0
 Etot   =    -58176.1583  EKtot   =     14237.9232  EPtot      =    -72414.0815
 BOND   =       454.5129  ANGLE   =      1224.8902  DIHED      =       989.8921
 1-4 NB =       556.9991  1-4 EEL =      6550.8784  VDWAALS    =      8432.0621
 EELEC  =    -90623.3163  EHBOND  =         0.0000  RESTRAINT  =         0.0000
 Ewald error estimate:   0.4610E-04
 ------------------------------------------------------------------------------


 NSTEP =     9200   TIME(PS) =      15.200  TEMP(K) =   296.12  PRESS =     0.0
 Etot   =    -58175.6005  EKtot   =     14234.9719  EPtot      =    -72410.5724
 BOND   =       461.1371  ANGLE   =      1213.5475  DIHED      =       974.0350
 1-4 NB =       565.3537  1-4 EEL =      6551.6699  VDWAALS    =      8455.3084
 EELEC  =    -90631.6241  EHBOND  =         0.0000  RESTRAINT  =         0.0000
 Ewald error estimate:   0.9221E-05
 ------------------------------------------------------------------------------


 NSTEP =     9300   TIME(PS) =      15.300  TEMP(K) =   296.60  PRESS =     0.0
 Etot   =    -58175.9155  EKtot   =     14257.7314  EPtot      =    -72433.6470
 BOND   =       448.6102  ANGLE   =      1246.9472  DIHED      =       980.3339
 1-4 NB =       553.4053  1-4 EEL =      6584.0117  VDWAALS    =      8517.6994
 EELEC  =    -90764.6548  EHBOND  =         0.0000  RESTRAINT  =         0.0000
 Ewald error estimate:   0.3450E-04
 ------------------------------------------------------------------------------


 NSTEP =     9400   TIME(PS) =      15.400  TEMP(K) =   296.07  PRESS =     0.0
 Etot   =    -58177.5494  EKtot   =     14232.5542  EPtot      =    -72410.1036
 BOND   =       435.4765  ANGLE   =      1233.8002  DIHED      =       985.7232
 1-4 NB =       550.4519  1-4 EEL =      6565.2204  VDWAALS    =      8362.1659
 EELEC  =    -90542.9415  EHBOND  =         0.0000  RESTRAINT  =         0.0000
 Ewald error estimate:   0.9956E-04
 ------------------------------------------------------------------------------


 NSTEP =     9500   TIME(PS) =      15.500  TEMP(K) =   295.99  PRESS =     0.0
 Etot   =    -58176.3091  EKtot   =     14228.5884  EPtot      =    -72404.8976
 BOND   =       487.0365  ANGLE   =      1238.1446  DIHED      =       985.2003
 1-4 NB =       538.6922  1-4 EEL =      6558.9039  VDWAALS    =      8456.7573
 EELEC  =    -90669.6323  EHBOND  =         0.0000  RESTRAINT  =         0.0000
 Ewald error estimate:   0.1640E-04
 ------------------------------------------------------------------------------


 NSTEP =     9600   TIME(PS) =      15.600  TEMP(K) =   298.22  PRESS =     0.0
 Etot   =    -58176.6840  EKtot   =     14335.5486  EPtot      =    -72512.2327
 BOND   =       456.6234  ANGLE   =      1210.5836  DIHED      =       956.0611
 1-4 NB =       565.5560  1-4 EEL =      6653.9452  VDWAALS    =      8383.1335
 EELEC  =    -90738.1355  EHBOND  =         0.0000  RESTRAINT  =         0.0000
 Ewald error estimate:   0.4748E-04
 ------------------------------------------------------------------------------


 NSTEP =     9700   TIME(PS) =      15.700  TEMP(K) =   299.67  PRESS =     0.0
 Etot   =    -58176.7267  EKtot   =     14405.5355  EPtot      =    -72582.2622
 BOND   =       450.1022  ANGLE   =      1200.4825  DIHED      =       969.9535
 1-4 NB =       548.1840  1-4 EEL =      6541.6969  VDWAALS    =      8323.4336
 EELEC  =    -90616.1148  EHBOND  =         0.0000  RESTRAINT  =         0.0000
 Ewald error estimate:   0.4832E-04
 ------------------------------------------------------------------------------


 NSTEP =     9800   TIME(PS) =      15.800  TEMP(K) =   296.59  PRESS =     0.0
 Etot   =    -58177.6737  EKtot   =     14257.5452  EPtot      =    -72435.2189
 BOND   =       459.0609  ANGLE   =      1223.0196  DIHED      =       990.0987
 1-4 NB =       526.4555  1-4 EEL =      6580.6145  VDWAALS    =      8380.7778
 EELEC  =    -90595.2460  EHBOND  =         0.0000  RESTRAINT  =         0.0000
 Ewald error estimate:   0.2901E-04
 ------------------------------------------------------------------------------


 NSTEP =     9900   TIME(PS) =      15.900  TEMP(K) =   295.44  PRESS =     0.0
 Etot   =    -58176.7455  EKtot   =     14202.2576  EPtot      =    -72379.0031
 BOND   =       476.4208  ANGLE   =      1228.6209  DIHED      =       987.5438
 1-4 NB =       546.9678  1-4 EEL =      6550.4635  VDWAALS    =      8576.6175
 EELEC  =    -90745.6374  EHBOND  =         0.0000  RESTRAINT  =         0.0000
 Ewald error estimate:   0.6637E-04
 ------------------------------------------------------------------------------

check COM velocity, temp:        0.000000     0.00(Removed)

 NSTEP =    10000   TIME(PS) =      16.000  TEMP(K) =   297.65  PRESS =     0.0
 Etot   =    -58177.1410  EKtot   =     14308.3472  EPtot      =    -72485.4881
 BOND   =       407.8431  ANGLE   =      1239.0411  DIHED      =       999.1832
 1-4 NB =       565.7581  1-4 EEL =      6611.7273  VDWAALS    =      8299.4762
 EELEC  =    -90608.5171  EHBOND  =         0.0000  RESTRAINT  =         0.0000
 Ewald error estimate:   0.7769E-04
 ------------------------------------------------------------------------------


 NSTEP =    10100   TIME(PS) =      16.100  TEMP(K) =   294.26  PRESS =     0.0
 Etot   =    -58177.5324  EKtot   =     14145.3187  EPtot      =    -72322.8511
 BOND   =       462.1525  ANGLE   =      1223.6378  DIHED      =       992.7977
 1-4 NB =       546.4324  1-4 EEL =      6584.2078  VDWAALS    =      8309.1415
 EELEC  =    -90441.2207  EHBOND  =         0.0000  RESTRAINT  =         0.0000
 Ewald error estimate:   0.4844E-04
 ------------------------------------------------------------------------------


 NSTEP =    10200   TIME(PS) =      16.200  TEMP(K) =   298.28  PRESS =     0.0
 Etot   =    -58177.6866  EKtot   =     14338.6364  EPtot      =    -72516.3230
 BOND   =       425.5222  ANGLE   =      1255.4519  DIHED      =       970.7351
 1-4 NB =       550.1390  1-4 EEL =      6635.0229  VDWAALS    =      8367.0852
 EELEC  =    -90720.2794  EHBOND  =         0.0000  RESTRAINT  =         0.0000
 Ewald error estimate:   0.5177E-06
 ------------------------------------------------------------------------------


 NSTEP =    10300   TIME(PS) =      16.300  TEMP(K) =   297.33  PRESS =     0.0
 Etot   =    -58177.3010  EKtot   =     14293.0585  EPtot      =    -72470.3595
 BOND   =       469.5287  ANGLE   =      1245.1050  DIHED      =       978.1763
 1-4 NB =       559.8678  1-4 EEL =      6571.6993  VDWAALS    =      8384.9038
 EELEC  =    -90679.6404  EHBOND  =         0.0000  RESTRAINT  =         0.0000
 Ewald error estimate:   0.5290E-04
 ------------------------------------------------------------------------------


 NSTEP =    10400   TIME(PS) =      16.400  TEMP(K) =   298.30  PRESS =     0.0
 Etot   =    -58178.4009  EKtot   =     14339.5891  EPtot      =    -72517.9900
 BOND   =       464.6861  ANGLE   =      1193.5071  DIHED      =      1010.1237
 1-4 NB =       528.0770  1-4 EEL =      6610.2979  VDWAALS    =      8640.6727
 EELEC  =    -90965.3545  EHBOND  =         0.0000  RESTRAINT  =         0.0000
 Ewald error estimate:   0.3566E-04
 ------------------------------------------------------------------------------


 NSTEP =    10500   TIME(PS) =      16.500  TEMP(K) =   296.70  PRESS =     0.0
 Etot   =    -58177.5471  EKtot   =     14262.6406  EPtot      =    -72440.1877
 BOND   =       453.7821  ANGLE   =      1276.0600  DIHED      =       983.3422
 1-4 NB =       549.8700  1-4 EEL =      6598.3912  VDWAALS    =      8344.4910
 EELEC  =    -90646.1242  EHBOND  =         0.0000  RESTRAINT  =         0.0000
 Ewald error estimate:   0.9379E-04
 ------------------------------------------------------------------------------


 NSTEP =    10600   TIME(PS) =      16.600  TEMP(K) =   297.64  PRESS =     0.0
 Etot   =    -58178.0116  EKtot   =     14307.9835  EPtot      =    -72485.9950
 BOND   =       478.8639  ANGLE   =      1151.8207  DIHED      =       983.1717
 1-4 NB =       562.1750  1-4 EEL =      6584.9406  VDWAALS    =      8238.9168
 EELEC  =    -90485.8838  EHBOND  =         0.0000  RESTRAINT  =         0.0000
 Ewald error estimate:   0.1336E-03
 ------------------------------------------------------------------------------


 NSTEP =    10700   TIME(PS) =      16.700  TEMP(K) =   295.91  PRESS =     0.0
 Etot   =    -58176.9355  EKtot   =     14224.9663  EPtot      =    -72401.9017
 BOND   =       463.0371  ANGLE   =      1225.9138  DIHED      =      1001.0054
 1-4 NB =       544.3112  1-4 EEL =      6575.9674  VDWAALS    =      8274.1720
 EELEC  =    -90486.3087  EHBOND  =         0.0000  RESTRAINT  =         0.0000
 Ewald error estimate:   0.4702E-04
 ------------------------------------------------------------------------------


 NSTEP =    10800   TIME(PS) =      16.800  TEMP(K) =   296.99  PRESS =     0.0
 Etot   =    -58176.9612  EKtot   =     14276.4921  EPtot      =    -72453.4533
 BOND   =       451.0775  ANGLE   =      1208.6862  DIHED      =       986.7260
 1-4 NB =       554.6187  1-4 EEL =      6585.2247  VDWAALS    =      8396.7242
 EELEC  =    -90636.5106  EHBOND  =         0.0000  RESTRAINT  =         0.0000
 Ewald error estimate:   0.9487E-04
 ------------------------------------------------------------------------------


 NSTEP =    10900   TIME(PS) =      16.900  TEMP(K) =   296.56  PRESS =     0.0
 Etot   =    -58176.4155  EKtot   =     14255.7781  EPtot      =    -72432.1936
 BOND   =       436.0643  ANGLE   =      1209.8561  DIHED      =       989.0639
 1-4 NB =       560.1246  1-4 EEL =      6588.4250  VDWAALS    =      8411.4765
 EELEC  =    -90627.2041  EHBOND  =         0.0000  RESTRAINT  =         0.0000
 Ewald error estimate:   0.6956E-04
 ------------------------------------------------------------------------------

check COM velocity, temp:        0.000000     0.00(Removed)

 NSTEP =    11000   TIME(PS) =      17.000  TEMP(K) =   297.27  PRESS =     0.0
 Etot   =    -58176.8608  EKtot   =     14290.1640  EPtot      =    -72467.0248
 BOND   =       438.9978  ANGLE   =      1253.8378  DIHED      =       981.3639
 1-4 NB =       549.4478  1-4 EEL =      6562.3995  VDWAALS    =      8374.1876
 EELEC  =    -90627.2594  EHBOND  =         0.0000  RESTRAINT  =         0.0000
 Ewald error estimate:   0.4738E-04
 ------------------------------------------------------------------------------


 NSTEP =    11100   TIME(PS) =      17.100  TEMP(K) =   293.37  PRESS =     0.0
 Etot   =    -58176.0650  EKtot   =     14102.5725  EPtot      =    -72278.6375
 BOND   =       423.6936  ANGLE   =      1250.3814  DIHED      =       963.4161
 1-4 NB =       559.5114  1-4 EEL =      6597.3023  VDWAALS    =      8275.5704
 EELEC  =    -90348.5127  EHBOND  =         0.0000  RESTRAINT  =         0.0000
 Ewald error estimate:   0.7198E-04
 ------------------------------------------------------------------------------


 NSTEP =    11200   TIME(PS) =      17.200  TEMP(K) =   294.84  PRESS =     0.0
 Etot   =    -58175.3967  EKtot   =     14173.1095  EPtot      =    -72348.5062
 BOND   =       464.2097  ANGLE   =      1278.9010  DIHED      =       974.5183
 1-4 NB =       554.2458  1-4 EEL =      6560.8814  VDWAALS    =      8298.2157
 EELEC  =    -90479.4781  EHBOND  =         0.0000  RESTRAINT  =         0.0000
 Ewald error estimate:   0.1221E-03
 ------------------------------------------------------------------------------


 NSTEP =    11300   TIME(PS) =      17.300  TEMP(K) =   295.93  PRESS =     0.0
 Etot   =    -58176.5690  EKtot   =     14225.7506  EPtot      =    -72402.3195
 BOND   =       441.0370  ANGLE   =      1229.5249  DIHED      =       999.1283
 1-4 NB =       557.2076  1-4 EEL =      6628.4706  VDWAALS    =      8394.6467
 EELEC  =    -90652.3348  EHBOND  =         0.0000  RESTRAINT  =         0.0000
 Ewald error estimate:   0.2413E-04
 ------------------------------------------------------------------------------


 NSTEP =    11400   TIME(PS) =      17.400  TEMP(K) =   296.68  PRESS =     0.0
 Etot   =    -58174.9423  EKtot   =     14261.8330  EPtot      =    -72436.7752
 BOND   =       469.2233  ANGLE   =      1264.6860  DIHED      =       990.9616
 1-4 NB =       525.2166  1-4 EEL =      6535.3726  VDWAALS    =      8439.5026
 EELEC  =    -90661.7379  EHBOND  =         0.0000  RESTRAINT  =         0.0000
 Ewald error estimate:   0.2021E-03
 ------------------------------------------------------------------------------


 NSTEP =    11500   TIME(PS) =      17.500  TEMP(K) =   298.39  PRESS =     0.0
 Etot   =    -58176.2679  EKtot   =     14343.8791  EPtot      =    -72520.1470
 BOND   =       451.0048  ANGLE   =      1245.2907  DIHED      =       989.9806
 1-4 NB =       550.0185  1-4 EEL =      6593.8726  VDWAALS    =      8288.3930
 EELEC  =    -90638.7073  EHBOND  =         0.0000  RESTRAINT  =         0.0000
 Ewald error estimate:   0.1808E-04
 ------------------------------------------------------------------------------


 NSTEP =    11600   TIME(PS) =      17.600  TEMP(K) =   295.22  PRESS =     0.0
 Etot   =    -58176.2487  EKtot   =     14191.7759  EPtot      =    -72368.0247
 BOND   =       453.7279  ANGLE   =      1238.1693  DIHED      =       990.6478
 1-4 NB =       545.9831  1-4 EEL =      6613.0585  VDWAALS    =      8521.3561
 EELEC  =    -90730.9674  EHBOND  =         0.0000  RESTRAINT  =         0.0000
 Ewald error estimate:   0.3123E-04
 ------------------------------------------------------------------------------


 NSTEP =    11700   TIME(PS) =      17.700  TEMP(K) =   298.64  PRESS =     0.0
 Etot   =    -58176.8423  EKtot   =     14355.9060  EPtot      =    -72532.7484
 BOND   =       448.8729  ANGLE   =      1213.8634  DIHED      =       985.6923
 1-4 NB =       548.8585  1-4 EEL =      6579.5968  VDWAALS    =      8248.1785
 EELEC  =    -90557.8108  EHBOND  =         0.0000  RESTRAINT  =         0.0000
 Ewald error estimate:   0.9222E-05
 ------------------------------------------------------------------------------


 NSTEP =    11800   TIME(PS) =      17.800  TEMP(K) =   297.24  PRESS =     0.0
 Etot   =    -58176.6548  EKtot   =     14288.7206  EPtot      =    -72465.3754
 BOND   =       447.4393  ANGLE   =      1226.4955  DIHED      =      1004.9163
 1-4 NB =       541.5614  1-4 EEL =      6521.1226  VDWAALS    =      8218.6017
 EELEC  =    -90425.5122  EHBOND  =         0.0000  RESTRAINT  =         0.0000
 Ewald error estimate:   0.8135E-04
 ------------------------------------------------------------------------------


 NSTEP =    11900   TIME(PS) =      17.900  TEMP(K) =   295.31  PRESS =     0.0
 Etot   =    -58177.0660  EKtot   =     14195.8590  EPtot      =    -72372.9250
 BOND   =       437.6001  ANGLE   =      1221.4617  DIHED      =       980.5774
 1-4 NB =       558.4210  1-4 EEL =      6595.1827  VDWAALS    =      8277.5745
 EELEC  =    -90443.7424  EHBOND  =         0.0000  RESTRAINT  =         0.0000
 Ewald error estimate:   0.3866E-04
 ------------------------------------------------------------------------------

check COM velocity, temp:        0.000000     0.00(Removed)

 NSTEP =    12000   TIME(PS) =      18.000  TEMP(K) =   298.65  PRESS =     0.0
 Etot   =    -58176.7449  EKtot   =     14356.3921  EPtot      =    -72533.1370
 BOND   =       443.0258  ANGLE   =      1224.5476  DIHED      =       991.4431
 1-4 NB =       551.9455  1-4 EEL =      6605.3568  VDWAALS    =      8550.9615
 EELEC  =    -90900.4174  EHBOND  =         0.0000  RESTRAINT  =         0.0000
 Ewald error estimate:   0.1356E-03
 ------------------------------------------------------------------------------


 NSTEP =    12100   TIME(PS) =      18.100  TEMP(K) =   298.27  PRESS =     0.0
 Etot   =    -58177.2705  EKtot   =     14338.0739  EPtot      =    -72515.3444
 BOND   =       427.5118  ANGLE   =      1224.4933  DIHED      =       995.9868
 1-4 NB =       567.0855  1-4 EEL =      6600.7183  VDWAALS    =      8573.9957
 EELEC  =    -90905.1358  EHBOND  =         0.0000  RESTRAINT  =         0.0000
 Ewald error estimate:   0.8622E-04
 ------------------------------------------------------------------------------


 NSTEP =    12200   TIME(PS) =      18.200  TEMP(K) =   299.04  PRESS =     0.0
 Etot   =    -58177.1805  EKtot   =     14375.2708  EPtot      =    -72552.4512
 BOND   =       446.6011  ANGLE   =      1212.2434  DIHED      =       976.3626
 1-4 NB =       553.6778  1-4 EEL =      6591.9274  VDWAALS    =      8559.3354
 EELEC  =    -90892.5990  EHBOND  =         0.0000  RESTRAINT  =         0.0000
 Ewald error estimate:   0.6452E-04
 ------------------------------------------------------------------------------


 NSTEP =    12300   TIME(PS) =      18.300  TEMP(K) =   296.17  PRESS =     0.0
 Etot   =    -58176.6657  EKtot   =     14237.1871  EPtot      =    -72413.8528
 BOND   =       466.1464  ANGLE   =      1232.4360  DIHED      =       962.3339
 1-4 NB =       544.1846  1-4 EEL =      6660.7075  VDWAALS    =      8538.3393
 EELEC  =    -90818.0007  EHBOND  =         0.0000  RESTRAINT  =         0.0000
 Ewald error estimate:   0.1660E-03
 ------------------------------------------------------------------------------


 NSTEP =    12400   TIME(PS) =      18.400  TEMP(K) =   299.02  PRESS =     0.0
 Etot   =    -58178.0715  EKtot   =     14374.0551  EPtot      =    -72552.1266
 BOND   =       458.4721  ANGLE   =      1246.0091  DIHED      =       990.2632
 1-4 NB =       543.9421  1-4 EEL =      6601.8729  VDWAALS    =      8319.7743
 EELEC  =    -90712.4604  EHBOND  =         0.0000  RESTRAINT  =         0.0000
 Ewald error estimate:   0.9312E-05
 ------------------------------------------------------------------------------


 NSTEP =    12500   TIME(PS) =      18.500  TEMP(K) =   297.67  PRESS =     0.0
 Etot   =    -58176.6969  EKtot   =     14309.2044  EPtot      =    -72485.9014
 BOND   =       468.6168  ANGLE   =      1218.7482  DIHED      =       980.9274
 1-4 NB =       550.3575  1-4 EEL =      6572.7597  VDWAALS    =      8462.4587
 EELEC  =    -90739.7696  EHBOND  =         0.0000  RESTRAINT  =         0.0000
 Ewald error estimate:   0.1052E-03
 ------------------------------------------------------------------------------


 NSTEP =    12600   TIME(PS) =      18.600  TEMP(K) =   299.44  PRESS =     0.0
 Etot   =    -58177.1388  EKtot   =     14394.5391  EPtot      =    -72571.6779
 BOND   =       455.4449  ANGLE   =      1272.5175  DIHED      =       950.2152
 1-4 NB =       543.2978  1-4 EEL =      6609.9175  VDWAALS    =      8397.3882
 EELEC  =    -90800.4590  EHBOND  =         0.0000  RESTRAINT  =         0.0000
 Ewald error estimate:   0.1753E-03
 ------------------------------------------------------------------------------


 NSTEP =    12700   TIME(PS) =      18.700  TEMP(K) =   296.30  PRESS =     0.0
 Etot   =    -58178.3559  EKtot   =     14243.3854  EPtot      =    -72421.7414
 BOND   =       444.8173  ANGLE   =      1243.8461  DIHED      =       982.4171
 1-4 NB =       558.3553  1-4 EEL =      6569.4106  VDWAALS    =      8254.4838
 EELEC  =    -90475.0715  EHBOND  =         0.0000  RESTRAINT  =         0.0000
 Ewald error estimate:   0.4400E-04
 ------------------------------------------------------------------------------


 NSTEP =    12800   TIME(PS) =      18.800  TEMP(K) =   296.74  PRESS =     0.0
 Etot   =    -58177.4335  EKtot   =     14264.5827  EPtot      =    -72442.0161
 BOND   =       464.9794  ANGLE   =      1189.0740  DIHED      =       984.7953
 1-4 NB =       555.1040  1-4 EEL =      6623.6856  VDWAALS    =      8309.0541
 EELEC  =    -90568.7085  EHBOND  =         0.0000  RESTRAINT  =         0.0000
 Ewald error estimate:   0.1057E-04
 ------------------------------------------------------------------------------


 NSTEP =    12900   TIME(PS) =      18.900  TEMP(K) =   298.40  PRESS =     0.0
 Etot   =    -58177.9276  EKtot   =     14344.4985  EPtot      =    -72522.4261
 BOND   =       448.3952  ANGLE   =      1226.5438  DIHED      =       984.5913
 1-4 NB =       566.9016  1-4 EEL =      6602.2819  VDWAALS    =      8365.0809
 EELEC  =    -90716.2208  EHBOND  =         0.0000  RESTRAINT  =         0.0000
 Ewald error estimate:   0.7181E-05
 ------------------------------------------------------------------------------

check COM velocity, temp:        0.000000     0.00(Removed)

 NSTEP =    13000   TIME(PS) =      19.000  TEMP(K) =   299.87  PRESS =     0.0
 Etot   =    -58178.0706  EKtot   =     14415.2133  EPtot      =    -72593.2839
 BOND   =       457.0487  ANGLE   =      1198.3444  DIHED      =       971.9583
 1-4 NB =       549.6455  1-4 EEL =      6609.7490  VDWAALS    =      8379.2904
 EELEC  =    -90759.3202  EHBOND  =         0.0000  RESTRAINT  =         0.0000
 Ewald error estimate:   0.8646E-04
 ------------------------------------------------------------------------------


 NSTEP =    13100   TIME(PS) =      19.100  TEMP(K) =   296.90  PRESS =     0.0
 Etot   =    -58177.5649  EKtot   =     14272.4853  EPtot      =    -72450.0501
 BOND   =       463.4970  ANGLE   =      1237.6497  DIHED      =       968.1037
 1-4 NB =       541.4936  1-4 EEL =      6602.8508  VDWAALS    =      8444.9477
 EELEC  =    -90708.5927  EHBOND  =         0.0000  RESTRAINT  =         0.0000
 Ewald error estimate:   0.4624E-04
 ------------------------------------------------------------------------------


 NSTEP =    13200   TIME(PS) =      19.200  TEMP(K) =   299.20  PRESS =     0.0
 Etot   =    -58177.9367  EKtot   =     14382.7274  EPtot      =    -72560.6641
 BOND   =       433.8062  ANGLE   =      1205.6644  DIHED      =       992.3924
 1-4 NB =       559.5604  1-4 EEL =      6619.8170  VDWAALS    =      8367.1229
 EELEC  =    -90739.0275  EHBOND  =         0.0000  RESTRAINT  =         0.0000
 Ewald error estimate:   0.1982E-04
 ------------------------------------------------------------------------------


 NSTEP =    13300   TIME(PS) =      19.300  TEMP(K) =   297.42  PRESS =     0.0
 Etot   =    -58177.3039  EKtot   =     14297.5392  EPtot      =    -72474.8431
 BOND   =       458.7902  ANGLE   =      1219.9212  DIHED      =       970.5100
 1-4 NB =       553.9285  1-4 EEL =      6567.8712  VDWAALS    =      8492.0214
 EELEC  =    -90737.8855  EHBOND  =         0.0000  RESTRAINT  =         0.0000
 Ewald error estimate:   0.4370E-04
 ------------------------------------------------------------------------------


 NSTEP =    13400   TIME(PS) =      19.400  TEMP(K) =   297.82  PRESS =     0.0
 Etot   =    -58176.2978  EKtot   =     14316.5504  EPtot      =    -72492.8483
 BOND   =       485.0341  ANGLE   =      1195.7413  DIHED      =       990.1940
 1-4 NB =       544.9936  1-4 EEL =      6546.3264  VDWAALS    =      8240.4886
 EELEC  =    -90495.6263  EHBOND  =         0.0000  RESTRAINT  =         0.0000
 Ewald error estimate:   0.1062E-03
 ------------------------------------------------------------------------------


 NSTEP =    13500   TIME(PS) =      19.500  TEMP(K) =   298.87  PRESS =     0.0
 Etot   =    -58176.7293  EKtot   =     14367.1914  EPtot      =    -72543.9207
 BOND   =       477.5902  ANGLE   =      1169.9184  DIHED      =       993.3370
 1-4 NB =       553.7144  1-4 EEL =      6573.1796  VDWAALS    =      8378.3090
 EELEC  =    -90689.9695  EHBOND  =         0.0000  RESTRAINT  =         0.0000
 Ewald error estimate:   0.5422E-04
 ------------------------------------------------------------------------------


 NSTEP =    13600   TIME(PS) =      19.600  TEMP(K) =   298.23  PRESS =     0.0
 Etot   =    -58176.2955  EKtot   =     14336.1566  EPtot      =    -72512.4521
 BOND   =       467.8099  ANGLE   =      1247.8733  DIHED      =       995.3332
 1-4 NB =       545.0064  1-4 EEL =      6537.1880  VDWAALS    =      8251.1797
 EELEC  =    -90556.8426  EHBOND  =         0.0000  RESTRAINT  =         0.0000
 Ewald error estimate:   0.1474E-03
 ------------------------------------------------------------------------------


 NSTEP =    13700   TIME(PS) =      19.700  TEMP(K) =   298.99  PRESS =     0.0
 Etot   =    -58176.9907  EKtot   =     14372.8996  EPtot      =    -72549.8903
 BOND   =       460.2646  ANGLE   =      1246.4939  DIHED      =       980.3131
 1-4 NB =       543.1426  1-4 EEL =      6613.6263  VDWAALS    =      8415.3214
 EELEC  =    -90809.0522  EHBOND  =         0.0000  RESTRAINT  =         0.0000
 Ewald error estimate:   0.4892E-04
 ------------------------------------------------------------------------------


 NSTEP =    13800   TIME(PS) =      19.800  TEMP(K) =   298.10  PRESS =     0.0
 Etot   =    -58177.2524  EKtot   =     14329.7969  EPtot      =    -72507.0493
 BOND   =       475.5712  ANGLE   =      1213.6267  DIHED      =      1010.1045
 1-4 NB =       570.8121  1-4 EEL =      6593.9593  VDWAALS    =      8520.3720
 EELEC  =    -90891.4951  EHBOND  =         0.0000  RESTRAINT  =         0.0000
 Ewald error estimate:   0.7348E-04
 ------------------------------------------------------------------------------


 NSTEP =    13900   TIME(PS) =      19.900  TEMP(K) =   296.92  PRESS =     0.0
 Etot   =    -58177.5296  EKtot   =     14273.2511  EPtot      =    -72450.7807
 BOND   =       473.4217  ANGLE   =      1204.9159  DIHED      =       978.0118
 1-4 NB =       556.2455  1-4 EEL =      6607.6570  VDWAALS    =      8291.3724
 EELEC  =    -90562.4050  EHBOND  =         0.0000  RESTRAINT  =         0.0000
 Ewald error estimate:   0.3617E-05
 ------------------------------------------------------------------------------

check COM velocity, temp:        0.000000     0.00(Removed)

 NSTEP =    14000   TIME(PS) =      20.000  TEMP(K) =   294.66  PRESS =     0.0
 Etot   =    -58177.1962  EKtot   =     14164.7649  EPtot      =    -72341.9611
 BOND   =       457.1076  ANGLE   =      1202.9610  DIHED      =       985.6641
 1-4 NB =       548.1729  1-4 EEL =      6606.1390  VDWAALS    =      8286.2324
 EELEC  =    -90428.2380  EHBOND  =         0.0000  RESTRAINT  =         0.0000
 Ewald error estimate:   0.1040E-04
 ------------------------------------------------------------------------------


 NSTEP =    14100   TIME(PS) =      20.100  TEMP(K) =   296.40  PRESS =     0.0
 Etot   =    -58176.3644  EKtot   =     14248.5123  EPtot      =    -72424.8767
 BOND   =       477.2798  ANGLE   =      1201.8831  DIHED      =       985.9706
 1-4 NB =       534.2006  1-4 EEL =      6564.0428  VDWAALS    =      8287.6987
 EELEC  =    -90475.9522  EHBOND  =         0.0000  RESTRAINT  =         0.0000
 Ewald error estimate:   0.7117E-04
 ------------------------------------------------------------------------------


 NSTEP =    14200   TIME(PS) =      20.200  TEMP(K) =   295.46  PRESS =     0.0
 Etot   =    -58176.8820  EKtot   =     14203.1572  EPtot      =    -72380.0392
 BOND   =       460.3976  ANGLE   =      1207.2778  DIHED      =      1001.4751
 1-4 NB =       575.7740  1-4 EEL =      6625.7517  VDWAALS    =      8567.4122
 EELEC  =    -90818.1276  EHBOND  =         0.0000  RESTRAINT  =         0.0000
 Ewald error estimate:   0.6873E-05
 ------------------------------------------------------------------------------


 NSTEP =    14300   TIME(PS) =      20.300  TEMP(K) =   297.82  PRESS =     0.0
 Etot   =    -58176.7732  EKtot   =     14316.3650  EPtot      =    -72493.1382
 BOND   =       459.1334  ANGLE   =      1233.8627  DIHED      =       994.6072
 1-4 NB =       544.9472  1-4 EEL =      6560.0089  VDWAALS    =      8324.6427
 EELEC  =    -90610.3403  EHBOND  =         0.0000  RESTRAINT  =         0.0000
 Ewald error estimate:   0.1537E-04
 ------------------------------------------------------------------------------


 NSTEP =    14400   TIME(PS) =      20.400  TEMP(K) =   299.30  PRESS =     0.0
 Etot   =    -58176.1924  EKtot   =     14387.8377  EPtot      =    -72564.0302
 BOND   =       438.7980  ANGLE   =      1277.1653  DIHED      =       977.4328
 1-4 NB =       535.5388  1-4 EEL =      6586.8215  VDWAALS    =      8530.8745
 EELEC  =    -90910.6611  EHBOND  =         0.0000  RESTRAINT  =         0.0000
 Ewald error estimate:   0.9206E-04
 ------------------------------------------------------------------------------


 NSTEP =    14500   TIME(PS) =      20.500  TEMP(K) =   296.91  PRESS =     0.0
 Etot   =    -58176.2173  EKtot   =     14272.9403  EPtot      =    -72449.1576
 BOND   =       459.2967  ANGLE   =      1212.5067  DIHED      =      1009.5863
 1-4 NB =       552.6837  1-4 EEL =      6560.6887  VDWAALS    =      8245.3133
 EELEC  =    -90489.2329  EHBOND  =         0.0000  RESTRAINT  =         0.0000
 Ewald error estimate:   0.7069E-04
 ------------------------------------------------------------------------------


 NSTEP =    14600   TIME(PS) =      20.600  TEMP(K) =   299.33  PRESS =     0.0
 Etot   =    -58176.2884  EKtot   =     14389.1277  EPtot      =    -72565.4161
 BOND   =       462.4321  ANGLE   =      1208.5920  DIHED      =       989.4260
 1-4 NB =       554.0713  1-4 EEL =      6601.1477  VDWAALS    =      8519.0350
 EELEC  =    -90900.1202  EHBOND  =         0.0000  RESTRAINT  =         0.0000
 Ewald error estimate:   0.1261E-03
 ------------------------------------------------------------------------------


 NSTEP =    14700   TIME(PS) =      20.700  TEMP(K) =   300.29  PRESS =     0.0
 Etot   =    -58176.2382  EKtot   =     14435.2729  EPtot      =    -72611.5112
 BOND   =       463.9262  ANGLE   =      1217.4456  DIHED      =      1006.2288
 1-4 NB =       555.2549  1-4 EEL =      6624.2462  VDWAALS    =      8497.9758
 EELEC  =    -90976.5887  EHBOND  =         0.0000  RESTRAINT  =         0.0000
 Ewald error estimate:   0.3105E-04
 ------------------------------------------------------------------------------


 NSTEP =    14800   TIME(PS) =      20.800  TEMP(K) =   296.99  PRESS =     0.0
 Etot   =    -58176.1231  EKtot   =     14276.7890  EPtot      =    -72452.9122
 BOND   =       465.4341  ANGLE   =      1269.0718  DIHED      =       974.5190
 1-4 NB =       548.6388  1-4 EEL =      6571.3515  VDWAALS    =      8299.2197
 EELEC  =    -90581.1471  EHBOND  =         0.0000  RESTRAINT  =         0.0000
 Ewald error estimate:   0.2693E-04
 ------------------------------------------------------------------------------


 NSTEP =    14900   TIME(PS) =      20.900  TEMP(K) =   299.02  PRESS =     0.0
 Etot   =    -58177.1174  EKtot   =     14374.3477  EPtot      =    -72551.4651
 BOND   =       469.1040  ANGLE   =      1212.6473  DIHED      =       990.2476
 1-4 NB =       561.8214  1-4 EEL =      6588.5216  VDWAALS    =      8434.1186
 EELEC  =    -90807.9256  EHBOND  =         0.0000  RESTRAINT  =         0.0000
 Ewald error estimate:   0.7106E-04
 ------------------------------------------------------------------------------

check COM velocity, temp:        0.000000     0.00(Removed)

 NSTEP =    15000   TIME(PS) =      21.000  TEMP(K) =   299.22  PRESS =     0.0
 Etot   =    -58176.6360  EKtot   =     14384.0379  EPtot      =    -72560.6739
 BOND   =       434.2343  ANGLE   =      1225.5266  DIHED      =      1003.2283
 1-4 NB =       557.5021  1-4 EEL =      6591.4560  VDWAALS    =      8450.5530
 EELEC  =    -90823.1742  EHBOND  =         0.0000  RESTRAINT  =         0.0000
 Ewald error estimate:   0.3101E-04
 ------------------------------------------------------------------------------


 NSTEP =    15100   TIME(PS) =      21.100  TEMP(K) =   299.73  PRESS =     0.0
 Etot   =    -58176.5924  EKtot   =     14408.4690  EPtot      =    -72585.0614
 BOND   =       465.0212  ANGLE   =      1269.5709  DIHED      =       987.0273
 1-4 NB =       540.7868  1-4 EEL =      6570.3655  VDWAALS    =      8218.9202
 EELEC  =    -90636.7533  EHBOND  =         0.0000  RESTRAINT  =         0.0000
 Ewald error estimate:   0.3932E-04
 ------------------------------------------------------------------------------


 NSTEP =    15200   TIME(PS) =      21.200  TEMP(K) =   297.08  PRESS =     0.0
 Etot   =    -58177.0223  EKtot   =     14281.1401  EPtot      =    -72458.1624
 BOND   =       463.4411  ANGLE   =      1228.9184  DIHED      =       973.7843
 1-4 NB =       560.5416  1-4 EEL =      6577.4672  VDWAALS    =      8236.8996
 EELEC  =    -90499.2146  EHBOND  =         0.0000  RESTRAINT  =         0.0000
 Ewald error estimate:   0.9255E-06
 ------------------------------------------------------------------------------


 NSTEP =    15300   TIME(PS) =      21.300  TEMP(K) =   296.84  PRESS =     0.0
 Etot   =    -58176.0498  EKtot   =     14269.5785  EPtot      =    -72445.6283
 BOND   =       485.0954  ANGLE   =      1231.3046  DIHED      =       976.1685
 1-4 NB =       541.5013  1-4 EEL =      6574.3402  VDWAALS    =      8248.7099
 EELEC  =    -90502.7481  EHBOND  =         0.0000  RESTRAINT  =         0.0000
 Ewald error estimate:   0.7972E-04
 ------------------------------------------------------------------------------


 NSTEP =    15400   TIME(PS) =      21.400  TEMP(K) =   297.19  PRESS =     0.0
 Etot   =    -58177.5989  EKtot   =     14286.2611  EPtot      =    -72463.8600
 BOND   =       482.2574  ANGLE   =      1189.0923  DIHED      =       985.1745
 1-4 NB =       554.8618  1-4 EEL =      6566.1700  VDWAALS    =      8413.5251
 EELEC  =    -90654.9410  EHBOND  =         0.0000  RESTRAINT  =         0.0000
 Ewald error estimate:   0.2584E-04
 ------------------------------------------------------------------------------


 NSTEP =    15500   TIME(PS) =      21.500  TEMP(K) =   296.04  PRESS =     0.0
 Etot   =    -58177.2709  EKtot   =     14231.1355  EPtot      =    -72408.4064
 BOND   =       460.5228  ANGLE   =      1218.9762  DIHED      =       989.6731
 1-4 NB =       551.3064  1-4 EEL =      6611.6539  VDWAALS    =      8135.0450
 EELEC  =    -90375.5837  EHBOND  =         0.0000  RESTRAINT  =         0.0000
 Ewald error estimate:   0.1928E-04
 ------------------------------------------------------------------------------


 NSTEP =    15600   TIME(PS) =      21.600  TEMP(K) =   295.43  PRESS =     0.0
 Etot   =    -58177.5462  EKtot   =     14201.4862  EPtot      =    -72379.0324
 BOND   =       450.9134  ANGLE   =      1245.9095  DIHED      =       994.1922
 1-4 NB =       553.4861  1-4 EEL =      6608.3669  VDWAALS    =      8096.2067
 EELEC  =    -90328.1073  EHBOND  =         0.0000  RESTRAINT  =         0.0000
 Ewald error estimate:   0.1279E-03
 ------------------------------------------------------------------------------


 NSTEP =    15700   TIME(PS) =      21.700  TEMP(K) =   298.59  PRESS =     0.0
 Etot   =    -58177.4180  EKtot   =     14353.6352  EPtot      =    -72531.0532
 BOND   =       473.0073  ANGLE   =      1229.4066  DIHED      =       986.1335
 1-4 NB =       546.1092  1-4 EEL =      6557.7383  VDWAALS    =      8437.5100
 EELEC  =    -90760.9582  EHBOND  =         0.0000  RESTRAINT  =         0.0000
 Ewald error estimate:   0.5845E-04
 ------------------------------------------------------------------------------


 NSTEP =    15800   TIME(PS) =      21.800  TEMP(K) =   297.23  PRESS =     0.0
 Etot   =    -58176.4853  EKtot   =     14288.3643  EPtot      =    -72464.8495
 BOND   =       465.0041  ANGLE   =      1192.6291  DIHED      =       976.8002
 1-4 NB =       558.4923  1-4 EEL =      6604.9289  VDWAALS    =      8310.0684
 EELEC  =    -90572.7725  EHBOND  =         0.0000  RESTRAINT  =         0.0000
 Ewald error estimate:   0.2140E-03
 ------------------------------------------------------------------------------


 NSTEP =    15900   TIME(PS) =      21.900  TEMP(K) =   298.54  PRESS =     0.0
 Etot   =    -58176.7067  EKtot   =     14351.4043  EPtot      =    -72528.1109
 BOND   =       462.4665  ANGLE   =      1223.6873  DIHED      =       978.1614
 1-4 NB =       554.8728  1-4 EEL =      6613.1767  VDWAALS    =      8305.9048
 EELEC  =    -90666.3804  EHBOND  =         0.0000  RESTRAINT  =         0.0000
 Ewald error estimate:   0.7337E-04
 ------------------------------------------------------------------------------

check COM velocity, temp:        0.000000     0.00(Removed)

 NSTEP =    16000   TIME(PS) =      22.000  TEMP(K) =   297.55  PRESS =     0.0
 Etot   =    -58176.2629  EKtot   =     14303.4780  EPtot      =    -72479.7408
 BOND   =       495.2486  ANGLE   =      1221.7604  DIHED      =       989.3443
 1-4 NB =       532.4769  1-4 EEL =      6561.6731  VDWAALS    =      8417.5164
 EELEC  =    -90697.7605  EHBOND  =         0.0000  RESTRAINT  =         0.0000
 Ewald error estimate:   0.7964E-04
 ------------------------------------------------------------------------------


 NSTEP =    16100   TIME(PS) =      22.100  TEMP(K) =   297.16  PRESS =     0.0
 Etot   =    -58176.1233  EKtot   =     14285.0463  EPtot      =    -72461.1696
 BOND   =       475.8693  ANGLE   =      1270.1140  DIHED      =       975.6215
 1-4 NB =       564.8201  1-4 EEL =      6614.4960  VDWAALS    =      8347.5518
 EELEC  =    -90709.6423  EHBOND  =         0.0000  RESTRAINT  =         0.0000
 Ewald error estimate:   0.5770E-04
 ------------------------------------------------------------------------------


 NSTEP =    16200   TIME(PS) =      22.200  TEMP(K) =   295.88  PRESS =     0.0
 Etot   =    -58176.6794  EKtot   =     14223.3337  EPtot      =    -72400.0131
 BOND   =       467.7313  ANGLE   =      1235.3977  DIHED      =       993.7617
 1-4 NB =       562.7042  1-4 EEL =      6610.1227  VDWAALS    =      8183.3337
 EELEC  =    -90453.0644  EHBOND  =         0.0000  RESTRAINT  =         0.0000
 Ewald error estimate:   0.6065E-05
 ------------------------------------------------------------------------------


 NSTEP =    16300   TIME(PS) =      22.300  TEMP(K) =   299.46  PRESS =     0.0
 Etot   =    -58175.8050  EKtot   =     14395.5249  EPtot      =    -72571.3299
 BOND   =       467.0684  ANGLE   =      1216.7386  DIHED      =       986.8693
 1-4 NB =       566.7132  1-4 EEL =      6648.8754  VDWAALS    =      8454.2976
 EELEC  =    -90911.8924  EHBOND  =         0.0000  RESTRAINT  =         0.0000
 Ewald error estimate:   0.1340E-03
 ------------------------------------------------------------------------------


 NSTEP =    16400   TIME(PS) =      22.400  TEMP(K) =   299.39  PRESS =     0.0
 Etot   =    -58176.2367  EKtot   =     14392.2407  EPtot      =    -72568.4773
 BOND   =       448.9695  ANGLE   =      1223.8700  DIHED      =       987.7550
 1-4 NB =       550.0362  1-4 EEL =      6599.7762  VDWAALS    =      8221.6798
 EELEC  =    -90600.5640  EHBOND  =         0.0000  RESTRAINT  =         0.0000
 Ewald error estimate:   0.9811E-04
 ------------------------------------------------------------------------------


 NSTEP =    16500   TIME(PS) =      22.500  TEMP(K) =   299.32  PRESS =     0.0
 Etot   =    -58177.2315  EKtot   =     14388.5613  EPtot      =    -72565.7929
 BOND   =       477.1102  ANGLE   =      1206.0063  DIHED      =       984.6745
 1-4 NB =       548.3824  1-4 EEL =      6600.5996  VDWAALS    =      8307.1096
 EELEC  =    -90689.6755  EHBOND  =         0.0000  RESTRAINT  =         0.0000
 Ewald error estimate:   0.5032E-06
 ------------------------------------------------------------------------------


 NSTEP =    16600   TIME(PS) =      22.600  TEMP(K) =   296.61  PRESS =     0.0
 Etot   =    -58176.7196  EKtot   =     14258.1628  EPtot      =    -72434.8824
 BOND   =       476.9201  ANGLE   =      1223.1126  DIHED      =       955.3820
 1-4 NB =       546.5069  1-4 EEL =      6636.4383  VDWAALS    =      8089.7650
 EELEC  =    -90363.0072  EHBOND  =         0.0000  RESTRAINT  =         0.0000
 Ewald error estimate:   0.1853E-04
 ------------------------------------------------------------------------------


 NSTEP =    16700   TIME(PS) =      22.700  TEMP(K) =   297.33  PRESS =     0.0
 Etot   =    -58176.5059  EKtot   =     14292.9486  EPtot      =    -72469.4545
 BOND   =       498.5569  ANGLE   =      1232.5012  DIHED      =       999.2544
 1-4 NB =       542.5293  1-4 EEL =      6613.8017  VDWAALS    =      8198.8218
 EELEC  =    -90554.9199  EHBOND  =         0.0000  RESTRAINT  =         0.0000
 Ewald error estimate:   0.5013E-04
 ------------------------------------------------------------------------------


 NSTEP =    16800   TIME(PS) =      22.800  TEMP(K) =   295.39  PRESS =     0.0
 Etot   =    -58176.1970  EKtot   =     14199.5213  EPtot      =    -72375.7184
 BOND   =       434.9488  ANGLE   =      1256.8905  DIHED      =       984.6781
 1-4 NB =       572.1432  1-4 EEL =      6656.9171  VDWAALS    =      8331.3503
 EELEC  =    -90612.6464  EHBOND  =         0.0000  RESTRAINT  =         0.0000
 Ewald error estimate:   0.9394E-04
 ------------------------------------------------------------------------------


 NSTEP =    16900   TIME(PS) =      22.900  TEMP(K) =   297.76  PRESS =     0.0
 Etot   =    -58177.6987  EKtot   =     14313.8412  EPtot      =    -72491.5399
 BOND   =       447.0017  ANGLE   =      1237.0788  DIHED      =       960.5474
 1-4 NB =       567.3272  1-4 EEL =      6585.1871  VDWAALS    =      8478.7953
 EELEC  =    -90767.4774  EHBOND  =         0.0000  RESTRAINT  =         0.0000
 Ewald error estimate:   0.6772E-04
 ------------------------------------------------------------------------------

check COM velocity, temp:        0.000000     0.00(Removed)

 NSTEP =    17000   TIME(PS) =      23.000  TEMP(K) =   297.45  PRESS =     0.0
 Etot   =    -58176.3048  EKtot   =     14298.5317  EPtot      =    -72474.8365
 BOND   =       472.3170  ANGLE   =      1221.3359  DIHED      =       962.8076
 1-4 NB =       543.6271  1-4 EEL =      6553.8361  VDWAALS    =      8483.7019
 EELEC  =    -90712.4622  EHBOND  =         0.0000  RESTRAINT  =         0.0000
 Ewald error estimate:   0.7013E-04
 ------------------------------------------------------------------------------


 NSTEP =    17100   TIME(PS) =      23.100  TEMP(K) =   298.93  PRESS =     0.0
 Etot   =    -58176.2953  EKtot   =     14370.1254  EPtot      =    -72546.4207
 BOND   =       473.4816  ANGLE   =      1232.7374  DIHED      =       970.8882
 1-4 NB =       538.3654  1-4 EEL =      6554.8602  VDWAALS    =      8309.7198
 EELEC  =    -90626.4733  EHBOND  =         0.0000  RESTRAINT  =         0.0000
 Ewald error estimate:   0.7758E-04
 ------------------------------------------------------------------------------


 NSTEP =    17200   TIME(PS) =      23.200  TEMP(K) =   298.20  PRESS =     0.0
 Etot   =    -58176.0909  EKtot   =     14334.7714  EPtot      =    -72510.8623
 BOND   =       478.4739  ANGLE   =      1224.4255  DIHED      =       992.7124
 1-4 NB =       546.0214  1-4 EEL =      6591.2151  VDWAALS    =      8241.3557
 EELEC  =    -90585.0662  EHBOND  =         0.0000  RESTRAINT  =         0.0000
 Ewald error estimate:   0.7765E-04
 ------------------------------------------------------------------------------


 NSTEP =    17300   TIME(PS) =      23.300  TEMP(K) =   297.25  PRESS =     0.0
 Etot   =    -58177.1610  EKtot   =     14289.2046  EPtot      =    -72466.3655
 BOND   =       451.4776  ANGLE   =      1238.3650  DIHED      =       991.2459
 1-4 NB =       538.0315  1-4 EEL =      6597.6774  VDWAALS    =      8220.0680
 EELEC  =    -90503.2310  EHBOND  =         0.0000  RESTRAINT  =         0.0000
 Ewald error estimate:   0.8058E-05
 ------------------------------------------------------------------------------


 NSTEP =    17400   TIME(PS) =      23.400  TEMP(K) =   296.97  PRESS =     0.0
 Etot   =    -58176.3578  EKtot   =     14275.6775  EPtot      =    -72452.0353
 BOND   =       459.8352  ANGLE   =      1243.7739  DIHED      =       993.2584
 1-4 NB =       562.8247  1-4 EEL =      6566.3290  VDWAALS    =      8496.2471
 EELEC  =    -90774.3035  EHBOND  =         0.0000  RESTRAINT  =         0.0000
 Ewald error estimate:   0.2389E-04
 ------------------------------------------------------------------------------


 NSTEP =    17500   TIME(PS) =      23.500  TEMP(K) =   298.13  PRESS =     0.0
 Etot   =    -58176.1108  EKtot   =     14331.6813  EPtot      =    -72507.7921
 BOND   =       431.5597  ANGLE   =      1265.7001  DIHED      =      1002.2960
 1-4 NB =       544.0491  1-4 EEL =      6597.2776  VDWAALS    =      8425.2222
 EELEC  =    -90773.8967  EHBOND  =         0.0000  RESTRAINT  =         0.0000
 Ewald error estimate:   0.8165E-04
 ------------------------------------------------------------------------------


 NSTEP =    17600   TIME(PS) =      23.600  TEMP(K) =   295.93  PRESS =     0.0
 Etot   =    -58176.1443  EKtot   =     14225.7571  EPtot      =    -72401.9014
 BOND   =       456.7760  ANGLE   =      1251.5034  DIHED      =      1016.4246
 1-4 NB =       555.2162  1-4 EEL =      6588.0890  VDWAALS    =      8184.5384
 EELEC  =    -90454.4491  EHBOND  =         0.0000  RESTRAINT  =         0.0000
 Ewald error estimate:   0.1382E-03
 ------------------------------------------------------------------------------


 NSTEP =    17700   TIME(PS) =      23.700  TEMP(K) =   298.68  PRESS =     0.0
 Etot   =    -58176.9096  EKtot   =     14357.8962  EPtot      =    -72534.8057
 BOND   =       437.7334  ANGLE   =      1254.8275  DIHED      =       983.6448
 1-4 NB =       552.5381  1-4 EEL =      6616.8800  VDWAALS    =      8238.3472
 EELEC  =    -90618.7767  EHBOND  =         0.0000  RESTRAINT  =         0.0000
 Ewald error estimate:   0.2983E-04
 ------------------------------------------------------------------------------


 NSTEP =    17800   TIME(PS) =      23.800  TEMP(K) =   297.43  PRESS =     0.0
 Etot   =    -58176.4612  EKtot   =     14297.7582  EPtot      =    -72474.2193
 BOND   =       472.2353  ANGLE   =      1188.5568  DIHED      =      1000.4149
 1-4 NB =       546.3779  1-4 EEL =      6608.6961  VDWAALS    =      8354.1554
 EELEC  =    -90644.6557  EHBOND  =         0.0000  RESTRAINT  =         0.0000
 Ewald error estimate:   0.4602E-05
 ------------------------------------------------------------------------------


 NSTEP =    17900   TIME(PS) =      23.900  TEMP(K) =   296.92  PRESS =     0.0
 Etot   =    -58176.7488  EKtot   =     14273.1018  EPtot      =    -72449.8506
 BOND   =       467.5372  ANGLE   =      1228.7720  DIHED      =       986.2135
 1-4 NB =       552.3836  1-4 EEL =      6607.1204  VDWAALS    =      8363.7590
 EELEC  =    -90655.6364  EHBOND  =         0.0000  RESTRAINT  =         0.0000
 Ewald error estimate:   0.3697E-04
 ------------------------------------------------------------------------------

check COM velocity, temp:        0.000000     0.00(Removed)

 NSTEP =    18000   TIME(PS) =      24.000  TEMP(K) =   299.09  PRESS =     0.0
 Etot   =    -58177.0291  EKtot   =     14377.5741  EPtot      =    -72554.6032
 BOND   =       435.7894  ANGLE   =      1230.2624  DIHED      =       986.3179
 1-4 NB =       558.4612  1-4 EEL =      6625.5668  VDWAALS    =      8217.1241
 EELEC  =    -90608.1251  EHBOND  =         0.0000  RESTRAINT  =         0.0000
 Ewald error estimate:   0.3106E-04
 ------------------------------------------------------------------------------


 NSTEP =    18100   TIME(PS) =      24.100  TEMP(K) =   298.08  PRESS =     0.0
 Etot   =    -58176.7306  EKtot   =     14329.2765  EPtot      =    -72506.0071
 BOND   =       459.3116  ANGLE   =      1250.0830  DIHED      =       999.1919
 1-4 NB =       543.1930  1-4 EEL =      6567.5406  VDWAALS    =      8267.6095
 EELEC  =    -90592.9366  EHBOND  =         0.0000  RESTRAINT  =         0.0000
 Ewald error estimate:   0.5058E-04
 ------------------------------------------------------------------------------


 NSTEP =    18200   TIME(PS) =      24.200  TEMP(K) =   297.70  PRESS =     0.0
 Etot   =    -58177.5537  EKtot   =     14310.7315  EPtot      =    -72488.2852
 BOND   =       408.2833  ANGLE   =      1189.8685  DIHED      =      1007.8782
 1-4 NB =       559.8442  1-4 EEL =      6651.1822  VDWAALS    =      8327.4606
 EELEC  =    -90632.8022  EHBOND  =         0.0000  RESTRAINT  =         0.0000
 Ewald error estimate:   0.9845E-04
 ------------------------------------------------------------------------------


 NSTEP =    18300   TIME(PS) =      24.300  TEMP(K) =   293.98  PRESS =     0.0
 Etot   =    -58177.0009  EKtot   =     14131.9349  EPtot      =    -72308.9358
 BOND   =       470.8766  ANGLE   =      1223.8186  DIHED      =      1033.9297
 1-4 NB =       537.0144  1-4 EEL =      6600.3654  VDWAALS    =      8224.0400
 EELEC  =    -90398.9805  EHBOND  =         0.0000  RESTRAINT  =         0.0000
 Ewald error estimate:   0.3158E-04
 ------------------------------------------------------------------------------


 NSTEP =    18400   TIME(PS) =      24.400  TEMP(K) =   293.75  PRESS =     0.0
 Etot   =    -58177.2337  EKtot   =     14121.1031  EPtot      =    -72298.3368
 BOND   =       463.7130  ANGLE   =      1241.5736  DIHED      =       987.2321
 1-4 NB =       540.9703  1-4 EEL =      6577.7171  VDWAALS    =      8308.0096
 EELEC  =    -90417.5525  EHBOND  =         0.0000  RESTRAINT  =         0.0000
 Ewald error estimate:   0.7204E-04
 ------------------------------------------------------------------------------


 NSTEP =    18500   TIME(PS) =      24.500  TEMP(K) =   295.59  PRESS =     0.0
 Etot   =    -58176.8779  EKtot   =     14209.1231  EPtot      =    -72386.0010
 BOND   =       450.4706  ANGLE   =      1244.1110  DIHED      =       966.3094
 1-4 NB =       546.4897  1-4 EEL =      6587.5929  VDWAALS    =      8361.7242
 EELEC  =    -90542.6987  EHBOND  =         0.0000  RESTRAINT  =         0.0000
 Ewald error estimate:   0.1398E-03
 ------------------------------------------------------------------------------


 NSTEP =    18600   TIME(PS) =      24.600  TEMP(K) =   296.48  PRESS =     0.0
 Etot   =    -58176.9309  EKtot   =     14252.3127  EPtot      =    -72429.2436
 BOND   =       470.8779  ANGLE   =      1246.7612  DIHED      =       984.7337
 1-4 NB =       553.1128  1-4 EEL =      6592.0688  VDWAALS    =      8284.9851
 EELEC  =    -90561.7831  EHBOND  =         0.0000  RESTRAINT  =         0.0000
 Ewald error estimate:   0.1556E-03
 ------------------------------------------------------------------------------


 NSTEP =    18700   TIME(PS) =      24.700  TEMP(K) =   294.14  PRESS =     0.0
 Etot   =    -58176.8140  EKtot   =     14139.7822  EPtot      =    -72316.5961
 BOND   =       461.6928  ANGLE   =      1195.9618  DIHED      =       998.9770
 1-4 NB =       559.0243  1-4 EEL =      6605.2255  VDWAALS    =      8078.4985
 EELEC  =    -90215.9760  EHBOND  =         0.0000  RESTRAINT  =         0.0000
 Ewald error estimate:   0.3217E-04
 ------------------------------------------------------------------------------


 NSTEP =    18800   TIME(PS) =      24.800  TEMP(K) =   299.06  PRESS =     0.0
 Etot   =    -58177.2750  EKtot   =     14376.2226  EPtot      =    -72553.4975
 BOND   =       459.4531  ANGLE   =      1233.6708  DIHED      =       955.3932
 1-4 NB =       549.4859  1-4 EEL =      6619.2060  VDWAALS    =      8039.2803
 EELEC  =    -90409.9868  EHBOND  =         0.0000  RESTRAINT  =         0.0000
 Ewald error estimate:   0.5143E-04
 ------------------------------------------------------------------------------


 NSTEP =    18900   TIME(PS) =      24.900  TEMP(K) =   296.82  PRESS =     0.0
 Etot   =    -58177.0877  EKtot   =     14268.6441  EPtot      =    -72445.7318
 BOND   =       467.0190  ANGLE   =      1240.1493  DIHED      =       974.8240
 1-4 NB =       530.9819  1-4 EEL =      6603.2592  VDWAALS    =      8206.1481
 EELEC  =    -90468.1132  EHBOND  =         0.0000  RESTRAINT  =         0.0000
 Ewald error estimate:   0.2282E-04
 ------------------------------------------------------------------------------

check COM velocity, temp:        0.000000     0.00(Removed)

 NSTEP =    19000   TIME(PS) =      25.000  TEMP(K) =   298.05  PRESS =     0.0
 Etot   =    -58176.4570  EKtot   =     14327.5219  EPtot      =    -72503.9788
 BOND   =       454.9836  ANGLE   =      1251.2042  DIHED      =       959.4699
 1-4 NB =       552.4215  1-4 EEL =      6635.8126  VDWAALS    =      8241.3252
 EELEC  =    -90599.1958  EHBOND  =         0.0000  RESTRAINT  =         0.0000
 Ewald error estimate:   0.9996E-04
 ------------------------------------------------------------------------------


 NSTEP =    19100   TIME(PS) =      25.100  TEMP(K) =   297.54  PRESS =     0.0
 Etot   =    -58177.2424  EKtot   =     14302.9808  EPtot      =    -72480.2232
 BOND   =       465.3678  ANGLE   =      1221.3753  DIHED      =       974.2475
 1-4 NB =       540.6394  1-4 EEL =      6549.0592  VDWAALS    =      8361.8444
 EELEC  =    -90592.7568  EHBOND  =         0.0000  RESTRAINT  =         0.0000
 Ewald error estimate:   0.1121E-04
 ------------------------------------------------------------------------------


 NSTEP =    19200   TIME(PS) =      25.200  TEMP(K) =   298.08  PRESS =     0.0
 Etot   =    -58176.5307  EKtot   =     14329.1044  EPtot      =    -72505.6351
 BOND   =       441.3863  ANGLE   =      1240.7646  DIHED      =       969.1633
 1-4 NB =       543.6811  1-4 EEL =      6565.1793  VDWAALS    =      8217.2368
 EELEC  =    -90483.0466  EHBOND  =         0.0000  RESTRAINT  =         0.0000
 Ewald error estimate:   0.1244E-03
 ------------------------------------------------------------------------------


 NSTEP =    19300   TIME(PS) =      25.300  TEMP(K) =   298.79  PRESS =     0.0
 Etot   =    -58176.6245  EKtot   =     14362.9493  EPtot      =    -72539.5738
 BOND   =       436.4215  ANGLE   =      1203.1018  DIHED      =       981.0784
 1-4 NB =       556.1520  1-4 EEL =      6580.7296  VDWAALS    =      8442.4944
 EELEC  =    -90739.5515  EHBOND  =         0.0000  RESTRAINT  =         0.0000
 Ewald error estimate:   0.4189E-04
 ------------------------------------------------------------------------------


 NSTEP =    19400   TIME(PS) =      25.400  TEMP(K) =   295.95  PRESS =     0.0
 Etot   =    -58177.3249  EKtot   =     14226.6542  EPtot      =    -72403.9791
 BOND   =       463.9411  ANGLE   =      1175.3216  DIHED      =       990.4984
 1-4 NB =       556.1716  1-4 EEL =      6609.7050  VDWAALS    =      8379.6476
 EELEC  =    -90579.2643  EHBOND  =         0.0000  RESTRAINT  =         0.0000
 Ewald error estimate:   0.3883E-04
 ------------------------------------------------------------------------------


 NSTEP =    19500   TIME(PS) =      25.500  TEMP(K) =   295.84  PRESS =     0.0
 Etot   =    -58176.7990  EKtot   =     14221.5325  EPtot      =    -72398.3315
 BOND   =       450.7104  ANGLE   =      1244.5151  DIHED      =      1008.9356
 1-4 NB =       549.0137  1-4 EEL =      6589.3635  VDWAALS    =      8518.4079
 EELEC  =    -90759.2778  EHBOND  =         0.0000  RESTRAINT  =         0.0000
 Ewald error estimate:   0.4215E-05
 ------------------------------------------------------------------------------


 NSTEP =    19600   TIME(PS) =      25.600  TEMP(K) =   294.76  PRESS =     0.0
 Etot   =    -58176.1916  EKtot   =     14169.5729  EPtot      =    -72345.7645
 BOND   =       470.5338  ANGLE   =      1209.4630  DIHED      =      1003.1837
 1-4 NB =       549.9296  1-4 EEL =      6611.4874  VDWAALS    =      8249.6461
 EELEC  =    -90440.0081  EHBOND  =         0.0000  RESTRAINT  =         0.0000
 Ewald error estimate:   0.1614E-03
 ------------------------------------------------------------------------------


 NSTEP =    19700   TIME(PS) =      25.700  TEMP(K) =   297.15  PRESS =     0.0
 Etot   =    -58177.3937  EKtot   =     14284.2211  EPtot      =    -72461.6147
 BOND   =       453.7762  ANGLE   =      1232.1418  DIHED      =       992.4460
 1-4 NB =       558.3757  1-4 EEL =      6597.1276  VDWAALS    =      8147.4356
 EELEC  =    -90442.9177  EHBOND  =         0.0000  RESTRAINT  =         0.0000
 Ewald error estimate:   0.3287E-04
 ------------------------------------------------------------------------------


 NSTEP =    19800   TIME(PS) =      25.800  TEMP(K) =   295.60  PRESS =     0.0
 Etot   =    -58176.8093  EKtot   =     14209.8958  EPtot      =    -72386.7051
 BOND   =       476.1264  ANGLE   =      1214.2630  DIHED      =       993.3411
 1-4 NB =       558.4184  1-4 EEL =      6605.1911  VDWAALS    =      8346.7145
 EELEC  =    -90580.7595  EHBOND  =         0.0000  RESTRAINT  =         0.0000
 Ewald error estimate:   0.8712E-05
 ------------------------------------------------------------------------------


 NSTEP =    19900   TIME(PS) =      25.900  TEMP(K) =   297.61  PRESS =     0.0
 Etot   =    -58176.6024  EKtot   =     14306.3565  EPtot      =    -72482.9589
 BOND   =       435.1833  ANGLE   =      1250.5226  DIHED      =       993.7000
 1-4 NB =       558.6251  1-4 EEL =      6596.6944  VDWAALS    =      8145.2906
 EELEC  =    -90462.9747  EHBOND  =         0.0000  RESTRAINT  =         0.0000
 Ewald error estimate:   0.1395E-03
 ------------------------------------------------------------------------------

check COM velocity, temp:        0.000000     0.00(Removed)

 NSTEP =    20000   TIME(PS) =      26.000  TEMP(K) =   298.83  PRESS =     0.0
 Etot   =    -58177.6712  EKtot   =     14365.2095  EPtot      =    -72542.8808
 BOND   =       456.3146  ANGLE   =      1229.4811  DIHED      =       973.1832
 1-4 NB =       558.9215  1-4 EEL =      6542.3663  VDWAALS    =      8408.8088
 EELEC  =    -90711.9563  EHBOND  =         0.0000  RESTRAINT  =         0.0000
 Ewald error estimate:   0.4083E-04
 ------------------------------------------------------------------------------


 NSTEP =    20100   TIME(PS) =      26.100  TEMP(K) =   293.76  PRESS =     0.0
 Etot   =    -58176.5337  EKtot   =     14121.3058  EPtot      =    -72297.8395
 BOND   =       452.5967  ANGLE   =      1244.1357  DIHED      =       995.9438
 1-4 NB =       542.2674  1-4 EEL =      6569.2541  VDWAALS    =      8124.9412
 EELEC  =    -90226.9783  EHBOND  =         0.0000  RESTRAINT  =         0.0000
 Ewald error estimate:   0.1827E-04
 ------------------------------------------------------------------------------


 NSTEP =    20200   TIME(PS) =      26.200  TEMP(K) =   295.28  PRESS =     0.0
 Etot   =    -58177.5510  EKtot   =     14194.5542  EPtot      =    -72372.1052
 BOND   =       465.7204  ANGLE   =      1256.1669  DIHED      =       991.5483
 1-4 NB =       556.1713  1-4 EEL =      6603.9968  VDWAALS    =      8394.3883
 EELEC  =    -90640.0972  EHBOND  =         0.0000  RESTRAINT  =         0.0000
 Ewald error estimate:   0.1084E-03
 ------------------------------------------------------------------------------


 NSTEP =    20300   TIME(PS) =      26.300  TEMP(K) =   299.61  PRESS =     0.0
 Etot   =    -58177.3797  EKtot   =     14402.4542  EPtot      =    -72579.8339
 BOND   =       458.9117  ANGLE   =      1243.4836  DIHED      =       984.4160
 1-4 NB =       552.9672  1-4 EEL =      6653.3327  VDWAALS    =      8341.0408
 EELEC  =    -90813.9858  EHBOND  =         0.0000  RESTRAINT  =         0.0000
 Ewald error estimate:   0.1204E-04
 ------------------------------------------------------------------------------


 NSTEP =    20400   TIME(PS) =      26.400  TEMP(K) =   298.94  PRESS =     0.0
 Etot   =    -58177.4949  EKtot   =     14370.5011  EPtot      =    -72547.9959
 BOND   =       453.9450  ANGLE   =      1234.6175  DIHED      =       954.4239
 1-4 NB =       544.2056  1-4 EEL =      6631.6029  VDWAALS    =      8209.2768
 EELEC  =    -90576.0675  EHBOND  =         0.0000  RESTRAINT  =         0.0000
 Ewald error estimate:   0.5213E-04
 ------------------------------------------------------------------------------


 NSTEP =    20500   TIME(PS) =      26.500  TEMP(K) =   297.19  PRESS =     0.0
 Etot   =    -58177.7447  EKtot   =     14286.2569  EPtot      =    -72464.0016
 BOND   =       473.3576  ANGLE   =      1195.7253  DIHED      =       989.1479
 1-4 NB =       551.2021  1-4 EEL =      6603.1150  VDWAALS    =      8408.9550
 EELEC  =    -90685.5044  EHBOND  =         0.0000  RESTRAINT  =         0.0000
 Ewald error estimate:   0.6308E-04
 ------------------------------------------------------------------------------


 NSTEP =    20600   TIME(PS) =      26.600  TEMP(K) =   297.06  PRESS =     0.0
 Etot   =    -58176.8058  EKtot   =     14279.8218  EPtot      =    -72456.6276
 BOND   =       467.5119  ANGLE   =      1203.4877  DIHED      =       988.8180
 1-4 NB =       542.0207  1-4 EEL =      6589.1233  VDWAALS    =      8113.3476
 EELEC  =    -90360.9368  EHBOND  =         0.0000  RESTRAINT  =         0.0000
 Ewald error estimate:   0.3313E-04
 ------------------------------------------------------------------------------


 NSTEP =    20700   TIME(PS) =      26.700  TEMP(K) =   298.75  PRESS =     0.0
 Etot   =    -58177.1929  EKtot   =     14361.4364  EPtot      =    -72538.6293
 BOND   =       475.6758  ANGLE   =      1246.2698  DIHED      =       969.2393
 1-4 NB =       553.4911  1-4 EEL =      6614.5198  VDWAALS    =      8237.3379
 EELEC  =    -90635.1630  EHBOND  =         0.0000  RESTRAINT  =         0.0000
 Ewald error estimate:   0.3863E-04
 ------------------------------------------------------------------------------


 NSTEP =    20800   TIME(PS) =      26.800  TEMP(K) =   296.42  PRESS =     0.0
 Etot   =    -58176.3646  EKtot   =     14249.2725  EPtot      =    -72425.6371
 BOND   =       466.9774  ANGLE   =      1273.8991  DIHED      =       984.3794
 1-4 NB =       548.5017  1-4 EEL =      6589.3753  VDWAALS    =      8516.1662
 EELEC  =    -90804.9362  EHBOND  =         0.0000  RESTRAINT  =         0.0000
 Ewald error estimate:   0.6645E-04
 ------------------------------------------------------------------------------


 NSTEP =    20900   TIME(PS) =      26.900  TEMP(K) =   300.62  PRESS =     0.0
 Etot   =    -58177.3175  EKtot   =     14451.0669  EPtot      =    -72628.3844
 BOND   =       442.0038  ANGLE   =      1231.3666  DIHED      =       983.2028
 1-4 NB =       555.5389  1-4 EEL =      6574.9959  VDWAALS    =      8170.9119
 EELEC  =    -90586.4043  EHBOND  =         0.0000  RESTRAINT  =         0.0000
 Ewald error estimate:   0.5457E-04
 ------------------------------------------------------------------------------

check COM velocity, temp:        0.000000     0.00(Removed)

 NSTEP =    21000   TIME(PS) =      27.000  TEMP(K) =   299.94  PRESS =     0.0
 Etot   =    -58177.8365  EKtot   =     14418.3652  EPtot      =    -72596.2018
 BOND   =       435.8009  ANGLE   =      1222.0983  DIHED      =       973.7169
 1-4 NB =       554.2878  1-4 EEL =      6617.8857  VDWAALS    =      8442.0078
 EELEC  =    -90841.9992  EHBOND  =         0.0000  RESTRAINT  =         0.0000
 Ewald error estimate:   0.2647E-04
 ------------------------------------------------------------------------------


 NSTEP =    21100   TIME(PS) =      27.100  TEMP(K) =   299.66  PRESS =     0.0
 Etot   =    -58176.8847  EKtot   =     14405.0462  EPtot      =    -72581.9309
 BOND   =       450.8858  ANGLE   =      1270.9783  DIHED      =       965.7768
 1-4 NB =       550.1010  1-4 EEL =      6580.9900  VDWAALS    =      8448.8855
 EELEC  =    -90849.5484  EHBOND  =         0.0000  RESTRAINT  =         0.0000
 Ewald error estimate:   0.3669E-04
 ------------------------------------------------------------------------------


 NSTEP =    21200   TIME(PS) =      27.200  TEMP(K) =   301.27  PRESS =     0.0
 Etot   =    -58177.5077  EKtot   =     14482.3357  EPtot      =    -72659.8435
 BOND   =       439.9251  ANGLE   =      1219.7552  DIHED      =       978.9357
 1-4 NB =       551.9317  1-4 EEL =      6601.3828  VDWAALS    =      8410.9412
 EELEC  =    -90862.7152  EHBOND  =         0.0000  RESTRAINT  =         0.0000
 Ewald error estimate:   0.3300E-04
 ------------------------------------------------------------------------------


 NSTEP =    21300   TIME(PS) =      27.300  TEMP(K) =   296.78  PRESS =     0.0
 Etot   =    -58177.3441  EKtot   =     14266.7760  EPtot      =    -72444.1201
 BOND   =       498.0433  ANGLE   =      1187.4796  DIHED      =       986.7843
 1-4 NB =       542.6167  1-4 EEL =      6642.6846  VDWAALS    =      8589.1430
 EELEC  =    -90890.8717  EHBOND  =         0.0000  RESTRAINT  =         0.0000
 Ewald error estimate:   0.6337E-04
 ------------------------------------------------------------------------------


 NSTEP =    21400   TIME(PS) =      27.400  TEMP(K) =   297.54  PRESS =     0.0
 Etot   =    -58177.1233  EKtot   =     14303.0039  EPtot      =    -72480.1272
 BOND   =       466.7764  ANGLE   =      1247.0744  DIHED      =       985.8338
 1-4 NB =       566.7040  1-4 EEL =      6598.5488  VDWAALS    =      8352.4126
 EELEC  =    -90697.4771  EHBOND  =         0.0000  RESTRAINT  =         0.0000
 Ewald error estimate:   0.1175E-03
 ------------------------------------------------------------------------------


 NSTEP =    21500   TIME(PS) =      27.500  TEMP(K) =   296.20  PRESS =     0.0
 Etot   =    -58177.0833  EKtot   =     14238.5986  EPtot      =    -72415.6819
 BOND   =       469.6468  ANGLE   =      1256.6435  DIHED      =       972.3000
 1-4 NB =       567.1675  1-4 EEL =      6551.7385  VDWAALS    =      8465.1535
 EELEC  =    -90698.3317  EHBOND  =         0.0000  RESTRAINT  =         0.0000
 Ewald error estimate:   0.1066E-03
 ------------------------------------------------------------------------------


 NSTEP =    21600   TIME(PS) =      27.600  TEMP(K) =   299.33  PRESS =     0.0
 Etot   =    -58177.9968  EKtot   =     14389.1055  EPtot      =    -72567.1023
 BOND   =       447.3162  ANGLE   =      1232.2020  DIHED      =       979.2640
 1-4 NB =       553.8773  1-4 EEL =      6611.7026  VDWAALS    =      8242.2664
 EELEC  =    -90633.7308  EHBOND  =         0.0000  RESTRAINT  =         0.0000
 Ewald error estimate:   0.3693E-04
 ------------------------------------------------------------------------------


 NSTEP =    21700   TIME(PS) =      27.700  TEMP(K) =   297.57  PRESS =     0.0
 Etot   =    -58176.9122  EKtot   =     14304.7235  EPtot      =    -72481.6357
 BOND   =       482.9070  ANGLE   =      1242.3841  DIHED      =       978.5413
 1-4 NB =       535.0411  1-4 EEL =      6563.0791  VDWAALS    =      8189.7567
 EELEC  =    -90473.3450  EHBOND  =         0.0000  RESTRAINT  =         0.0000
 Ewald error estimate:   0.1248E-03
 ------------------------------------------------------------------------------


 NSTEP =    21800   TIME(PS) =      27.800  TEMP(K) =   297.93  PRESS =     0.0
 Etot   =    -58177.1676  EKtot   =     14321.8480  EPtot      =    -72499.0156
 BOND   =       455.6919  ANGLE   =      1235.3047  DIHED      =       977.3192
 1-4 NB =       541.9712  1-4 EEL =      6564.8787  VDWAALS    =      8221.5657
 EELEC  =    -90495.7469  EHBOND  =         0.0000  RESTRAINT  =         0.0000
 Ewald error estimate:   0.3134E-04
 ------------------------------------------------------------------------------


 NSTEP =    21900   TIME(PS) =      27.900  TEMP(K) =   297.08  PRESS =     0.0
 Etot   =    -58177.1123  EKtot   =     14280.9576  EPtot      =    -72458.0699
 BOND   =       440.7377  ANGLE   =      1217.2440  DIHED      =       984.8472
 1-4 NB =       557.2169  1-4 EEL =      6639.7165  VDWAALS    =      8282.6352
 EELEC  =    -90580.4674  EHBOND  =         0.0000  RESTRAINT  =         0.0000
 Ewald error estimate:   0.4411E-04
 ------------------------------------------------------------------------------

check COM velocity, temp:        0.000000     0.00(Removed)

 NSTEP =    22000   TIME(PS) =      28.000  TEMP(K) =   295.73  PRESS =     0.0
 Etot   =    -58175.9760  EKtot   =     14216.2239  EPtot      =    -72392.1999
 BOND   =       487.6826  ANGLE   =      1254.5709  DIHED      =       970.2122
 1-4 NB =       565.2197  1-4 EEL =      6613.7457  VDWAALS    =      8416.5447
 EELEC  =    -90700.1756  EHBOND  =         0.0000  RESTRAINT  =         0.0000
 Ewald error estimate:   0.1510E-04
 ------------------------------------------------------------------------------


 NSTEP =    22100   TIME(PS) =      28.100  TEMP(K) =   297.25  PRESS =     0.0
 Etot   =    -58176.9547  EKtot   =     14289.1406  EPtot      =    -72466.0953
 BOND   =       471.9860  ANGLE   =      1231.9971  DIHED      =       971.3432
 1-4 NB =       557.0698  1-4 EEL =      6608.0821  VDWAALS    =      8412.1692
 EELEC  =    -90718.7427  EHBOND  =         0.0000  RESTRAINT  =         0.0000
 Ewald error estimate:   0.3255E-04
 ------------------------------------------------------------------------------


 NSTEP =    22200   TIME(PS) =      28.200  TEMP(K) =   296.48  PRESS =     0.0
 Etot   =    -58176.6454  EKtot   =     14252.0227  EPtot      =    -72428.6680
 BOND   =       441.8038  ANGLE   =      1241.3708  DIHED      =       973.6271
 1-4 NB =       563.2805  1-4 EEL =      6640.2896  VDWAALS    =      8322.8864
 EELEC  =    -90611.9263  EHBOND  =         0.0000  RESTRAINT  =         0.0000
 Ewald error estimate:   0.1067E-04
 ------------------------------------------------------------------------------


 NSTEP =    22300   TIME(PS) =      28.300  TEMP(K) =   298.51  PRESS =     0.0
 Etot   =    -58176.9412  EKtot   =     14349.5058  EPtot      =    -72526.4469
 BOND   =       469.8812  ANGLE   =      1198.5921  DIHED      =       974.0022
 1-4 NB =       561.4800  1-4 EEL =      6611.0673  VDWAALS    =      8266.8713
 EELEC  =    -90608.3409  EHBOND  =         0.0000  RESTRAINT  =         0.0000
 Ewald error estimate:   0.5325E-04
 ------------------------------------------------------------------------------


 NSTEP =    22400   TIME(PS) =      28.400  TEMP(K) =   299.50  PRESS =     0.0
 Etot   =    -58176.7386  EKtot   =     14397.2904  EPtot      =    -72574.0290
 BOND   =       478.3416  ANGLE   =      1263.8923  DIHED      =       984.1241
 1-4 NB =       545.5848  1-4 EEL =      6556.0502  VDWAALS    =      8572.2532
 EELEC  =    -90974.2752  EHBOND  =         0.0000  RESTRAINT  =         0.0000
 Ewald error estimate:   0.9052E-04
 ------------------------------------------------------------------------------


 NSTEP =    22500   TIME(PS) =      28.500  TEMP(K) =   297.59  PRESS =     0.0
 Etot   =    -58177.0834  EKtot   =     14305.4918  EPtot      =    -72482.5752
 BOND   =       468.8535  ANGLE   =      1277.2836  DIHED      =       991.3486
 1-4 NB =       541.9350  1-4 EEL =      6604.7129  VDWAALS    =      8470.6362
 EELEC  =    -90837.3451  EHBOND  =         0.0000  RESTRAINT  =         0.0000
 Ewald error estimate:   0.3249E-04
 ------------------------------------------------------------------------------


 NSTEP =    22600   TIME(PS) =      28.600  TEMP(K) =   296.40  PRESS =     0.0
 Etot   =    -58177.1239  EKtot   =     14248.0653  EPtot      =    -72425.1892
 BOND   =       457.7652  ANGLE   =      1275.4374  DIHED      =       985.8421
 1-4 NB =       555.5074  1-4 EEL =      6583.5718  VDWAALS    =      8516.1286
 EELEC  =    -90799.4417  EHBOND  =         0.0000  RESTRAINT  =         0.0000
 Ewald error estimate:   0.3998E-04
 ------------------------------------------------------------------------------


 NSTEP =    22700   TIME(PS) =      28.700  TEMP(K) =   297.78  PRESS =     0.0
 Etot   =    -58177.3395  EKtot   =     14314.8455  EPtot      =    -72492.1850
 BOND   =       492.7869  ANGLE   =      1219.6037  DIHED      =       979.0778
 1-4 NB =       561.1359  1-4 EEL =      6589.9390  VDWAALS    =      8286.9903
 EELEC  =    -90621.7186  EHBOND  =         0.0000  RESTRAINT  =         0.0000
 Ewald error estimate:   0.5567E-04
 ------------------------------------------------------------------------------


 NSTEP =    22800   TIME(PS) =      28.800  TEMP(K) =   297.57  PRESS =     0.0
 Etot   =    -58177.2823  EKtot   =     14304.4619  EPtot      =    -72481.7442
 BOND   =       470.8966  ANGLE   =      1256.2837  DIHED      =       987.1135
 1-4 NB =       534.9427  1-4 EEL =      6552.3191  VDWAALS    =      8328.0689
 EELEC  =    -90611.3688  EHBOND  =         0.0000  RESTRAINT  =         0.0000
 Ewald error estimate:   0.3545E-04
 ------------------------------------------------------------------------------


 NSTEP =    22900   TIME(PS) =      28.900  TEMP(K) =   300.44  PRESS =     0.0
 Etot   =    -58178.2143  EKtot   =     14442.5614  EPtot      =    -72620.7758
 BOND   =       480.5911  ANGLE   =      1244.9698  DIHED      =      1004.4012
 1-4 NB =       559.0031  1-4 EEL =      6577.3691  VDWAALS    =      8403.5077
 EELEC  =    -90890.6178  EHBOND  =         0.0000  RESTRAINT  =         0.0000
 Ewald error estimate:   0.6661E-04
 ------------------------------------------------------------------------------

check COM velocity, temp:        0.000000     0.00(Removed)

 NSTEP =    23000   TIME(PS) =      29.000  TEMP(K) =   297.59  PRESS =     0.0
 Etot   =    -58177.3775  EKtot   =     14305.4214  EPtot      =    -72482.7989
 BOND   =       484.6561  ANGLE   =      1279.8777  DIHED      =       972.9046
 1-4 NB =       545.9672  1-4 EEL =      6578.9886  VDWAALS    =      8441.9061
 EELEC  =    -90787.0992  EHBOND  =         0.0000  RESTRAINT  =         0.0000
 Ewald error estimate:   0.1859E-04
 ------------------------------------------------------------------------------


 NSTEP =    23100   TIME(PS) =      29.100  TEMP(K) =   298.85  PRESS =     0.0
 Etot   =    -58176.9363  EKtot   =     14366.0153  EPtot      =    -72542.9516
 BOND   =       481.8120  ANGLE   =      1278.1139  DIHED      =       976.2226
 1-4 NB =       559.0747  1-4 EEL =      6592.8077  VDWAALS    =      8525.7158
 EELEC  =    -90956.6982  EHBOND  =         0.0000  RESTRAINT  =         0.0000
 Ewald error estimate:   0.2258E-04
 ------------------------------------------------------------------------------


 NSTEP =    23200   TIME(PS) =      29.200  TEMP(K) =   299.40  PRESS =     0.0
 Etot   =    -58177.1061  EKtot   =     14392.5493  EPtot      =    -72569.6554
 BOND   =       461.9109  ANGLE   =      1236.1017  DIHED      =       984.0732
 1-4 NB =       552.5232  1-4 EEL =      6634.7491  VDWAALS    =      8436.6843
 EELEC  =    -90875.6976  EHBOND  =         0.0000  RESTRAINT  =         0.0000
 Ewald error estimate:   0.6567E-04
 ------------------------------------------------------------------------------


 NSTEP =    23300   TIME(PS) =      29.300  TEMP(K) =   297.49  PRESS =     0.0
 Etot   =    -58176.4301  EKtot   =     14300.9060  EPtot      =    -72477.3361
 BOND   =       467.7075  ANGLE   =      1233.9013  DIHED      =       978.7580
 1-4 NB =       561.1479  1-4 EEL =      6587.0455  VDWAALS    =      8287.2788
 EELEC  =    -90593.1751  EHBOND  =         0.0000  RESTRAINT  =         0.0000
 Ewald error estimate:   0.1596E-03
 ------------------------------------------------------------------------------


 NSTEP =    23400   TIME(PS) =      29.400  TEMP(K) =   298.26  PRESS =     0.0
 Etot   =    -58176.5886  EKtot   =     14337.6749  EPtot      =    -72514.2635
 BOND   =       473.2933  ANGLE   =      1190.5069  DIHED      =       967.4657
 1-4 NB =       546.7542  1-4 EEL =      6588.4026  VDWAALS    =      8395.8814
 EELEC  =    -90676.5676  EHBOND  =         0.0000  RESTRAINT  =         0.0000
 Ewald error estimate:   0.5975E-04
 ------------------------------------------------------------------------------


 NSTEP =    23500   TIME(PS) =      29.500  TEMP(K) =   298.18  PRESS =     0.0
 Etot   =    -58176.9355  EKtot   =     14333.6615  EPtot      =    -72510.5970
 BOND   =       460.4126  ANGLE   =      1240.7696  DIHED      =      1006.1441
 1-4 NB =       538.0849  1-4 EEL =      6617.9612  VDWAALS    =      8544.1360
 EELEC  =    -90918.1054  EHBOND  =         0.0000  RESTRAINT  =         0.0000
 Ewald error estimate:   0.3325E-04
 ------------------------------------------------------------------------------


 NSTEP =    23600   TIME(PS) =      29.600  TEMP(K) =   299.15  PRESS =     0.0
 Etot   =    -58175.9635  EKtot   =     14380.2738  EPtot      =    -72556.2373
 BOND   =       479.2065  ANGLE   =      1252.0406  DIHED      =       984.8377
 1-4 NB =       551.6868  1-4 EEL =      6625.4310  VDWAALS    =      8594.4311
 EELEC  =    -91043.8710  EHBOND  =         0.0000  RESTRAINT  =         0.0000
 Ewald error estimate:   0.5702E-04
 ------------------------------------------------------------------------------


 NSTEP =    23700   TIME(PS) =      29.700  TEMP(K) =   299.09  PRESS =     0.0
 Etot   =    -58176.6346  EKtot   =     14377.5052  EPtot      =    -72554.1398
 BOND   =       466.6554  ANGLE   =      1201.9808  DIHED      =       961.0554
 1-4 NB =       563.3465  1-4 EEL =      6642.9911  VDWAALS    =      8671.1640
 EELEC  =    -91061.3330  EHBOND  =         0.0000  RESTRAINT  =         0.0000
 Ewald error estimate:   0.1255E-03
 ------------------------------------------------------------------------------


 NSTEP =    23800   TIME(PS) =      29.800  TEMP(K) =   301.74  PRESS =     0.0
 Etot   =    -58177.1076  EKtot   =     14505.1025  EPtot      =    -72682.2101
 BOND   =       462.8428  ANGLE   =      1265.0652  DIHED      =       967.3079
 1-4 NB =       546.0825  1-4 EEL =      6583.0224  VDWAALS    =      8624.0310
 EELEC  =    -91130.5619  EHBOND  =         0.0000  RESTRAINT  =         0.0000
 Ewald error estimate:   0.1372E-03
 ------------------------------------------------------------------------------


 NSTEP =    23900   TIME(PS) =      29.900  TEMP(K) =   294.98  PRESS =     0.0
 Etot   =    -58177.2152  EKtot   =     14180.1603  EPtot      =    -72357.3755
 BOND   =       468.2350  ANGLE   =      1255.1651  DIHED      =       968.1930
 1-4 NB =       551.0830  1-4 EEL =      6639.0324  VDWAALS    =      8466.0355
 EELEC  =    -90705.1195  EHBOND  =         0.0000  RESTRAINT  =         0.0000
 Ewald error estimate:   0.3819E-04
 ------------------------------------------------------------------------------

check COM velocity, temp:        0.000000     0.00(Removed)

 NSTEP =    24000   TIME(PS) =      30.000  TEMP(K) =   294.76  PRESS =     0.0
 Etot   =    -58176.2408  EKtot   =     14169.2169  EPtot      =    -72345.4577
 BOND   =       472.7273  ANGLE   =      1232.7298  DIHED      =       972.5242
 1-4 NB =       570.6741  1-4 EEL =      6613.1419  VDWAALS    =      8318.1523
 EELEC  =    -90525.4073  EHBOND  =         0.0000  RESTRAINT  =         0.0000
 Ewald error estimate:   0.1439E-03
 ------------------------------------------------------------------------------


 NSTEP =    24100   TIME(PS) =      30.100  TEMP(K) =   295.09  PRESS =     0.0
 Etot   =    -58175.9761  EKtot   =     14185.1493  EPtot      =    -72361.1254
 BOND   =       450.4133  ANGLE   =      1219.8692  DIHED      =       975.1855
 1-4 NB =       575.8662  1-4 EEL =      6594.1237  VDWAALS    =      8569.4381
 EELEC  =    -90746.0212  EHBOND  =         0.0000  RESTRAINT  =         0.0000
 Ewald error estimate:   0.1533E-03
 ------------------------------------------------------------------------------


 NSTEP =    24200   TIME(PS) =      30.200  TEMP(K) =   296.19  PRESS =     0.0
 Etot   =    -58177.2329  EKtot   =     14237.9689  EPtot      =    -72415.2018
 BOND   =       485.3730  ANGLE   =      1193.9680  DIHED      =       975.3200
 1-4 NB =       550.9191  1-4 EEL =      6625.2200  VDWAALS    =      8429.0213
 EELEC  =    -90675.0233  EHBOND  =         0.0000  RESTRAINT  =         0.0000
 Ewald error estimate:   0.2717E-04
 ------------------------------------------------------------------------------


 NSTEP =    24300   TIME(PS) =      30.300  TEMP(K) =   296.51  PRESS =     0.0
 Etot   =    -58177.4282  EKtot   =     14253.7419  EPtot      =    -72431.1702
 BOND   =       498.3387  ANGLE   =      1239.4021  DIHED      =       967.9932
 1-4 NB =       559.9082  1-4 EEL =      6586.9449  VDWAALS    =      8438.1836
 EELEC  =    -90721.9408  EHBOND  =         0.0000  RESTRAINT  =         0.0000
 Ewald error estimate:   0.4019E-04
 ------------------------------------------------------------------------------


 NSTEP =    24400   TIME(PS) =      30.400  TEMP(K) =   297.32  PRESS =     0.0
 Etot   =    -58177.8870  EKtot   =     14292.3844  EPtot      =    -72470.2714
 BOND   =       487.9844  ANGLE   =      1194.6418  DIHED      =       968.8219
 1-4 NB =       545.6301  1-4 EEL =      6612.0775  VDWAALS    =      8669.1132
 EELEC  =    -90948.5402  EHBOND  =         0.0000  RESTRAINT  =         0.0000
 Ewald error estimate:   0.6393E-04
 ------------------------------------------------------------------------------


 NSTEP =    24500   TIME(PS) =      30.500  TEMP(K) =   298.42  PRESS =     0.0
 Etot   =    -58176.9035  EKtot   =     14345.3866  EPtot      =    -72522.2902
 BOND   =       467.2447  ANGLE   =      1260.4855  DIHED      =      1002.2717
 1-4 NB =       557.0549  1-4 EEL =      6571.6765  VDWAALS    =      8386.8169
 EELEC  =    -90767.8404  EHBOND  =         0.0000  RESTRAINT  =         0.0000
 Ewald error estimate:   0.9720E-04
 ------------------------------------------------------------------------------


 NSTEP =    24600   TIME(PS) =      30.600  TEMP(K) =   296.89  PRESS =     0.0
 Etot   =    -58178.5868  EKtot   =     14271.6277  EPtot      =    -72450.2145
 BOND   =       469.4838  ANGLE   =      1243.7421  DIHED      =       968.3496
 1-4 NB =       556.1508  1-4 EEL =      6590.5193  VDWAALS    =      8501.3739
 EELEC  =    -90779.8341  EHBOND  =         0.0000  RESTRAINT  =         0.0000
 Ewald error estimate:   0.9681E-04
 ------------------------------------------------------------------------------


 NSTEP =    24700   TIME(PS) =      30.700  TEMP(K) =   297.15  PRESS =     0.0
 Etot   =    -58177.9962  EKtot   =     14284.2588  EPtot      =    -72462.2550
 BOND   =       478.1758  ANGLE   =      1236.7337  DIHED      =       955.1617
 1-4 NB =       546.5092  1-4 EEL =      6543.5990  VDWAALS    =      8235.4206
 EELEC  =    -90457.8549  EHBOND  =         0.0000  RESTRAINT  =         0.0000
 Ewald error estimate:   0.3906E-04
 ------------------------------------------------------------------------------


 NSTEP =    24800   TIME(PS) =      30.800  TEMP(K) =   299.70  PRESS =     0.0
 Etot   =    -58177.1598  EKtot   =     14406.7614  EPtot      =    -72583.9212
 BOND   =       484.8198  ANGLE   =      1215.0305  DIHED      =       984.7673
 1-4 NB =       550.6214  1-4 EEL =      6577.3200  VDWAALS    =      8550.1218
 EELEC  =    -90946.6020  EHBOND  =         0.0000  RESTRAINT  =         0.0000
 Ewald error estimate:   0.2154E-03
 ------------------------------------------------------------------------------


 NSTEP =    24900   TIME(PS) =      30.900  TEMP(K) =   298.67  PRESS =     0.0
 Etot   =    -58177.2425  EKtot   =     14357.6512  EPtot      =    -72534.8937
 BOND   =       459.1089  ANGLE   =      1270.1309  DIHED      =       967.4653
 1-4 NB =       562.1133  1-4 EEL =      6597.5890  VDWAALS    =      8384.1547
 EELEC  =    -90775.4558  EHBOND  =         0.0000  RESTRAINT  =         0.0000
 Ewald error estimate:   0.1033E-03
 ------------------------------------------------------------------------------

check COM velocity, temp:        0.000000     0.00(Removed)

 NSTEP =    25000   TIME(PS) =      31.000  TEMP(K) =   298.38  PRESS =     0.0
 Etot   =    -58176.6917  EKtot   =     14343.6102  EPtot      =    -72520.3019
 BOND   =       473.0347  ANGLE   =      1255.0677  DIHED      =       971.9288
 1-4 NB =       549.9325  1-4 EEL =      6586.6446  VDWAALS    =      8407.2391
 EELEC  =    -90764.1492  EHBOND  =         0.0000  RESTRAINT  =         0.0000
 Ewald error estimate:   0.8880E-04
 ------------------------------------------------------------------------------


 NSTEP =    25100   TIME(PS) =      31.100  TEMP(K) =   295.73  PRESS =     0.0
 Etot   =    -58177.6548  EKtot   =     14215.9455  EPtot      =    -72393.6002
 BOND   =       457.2245  ANGLE   =      1256.1180  DIHED      =       953.0015
 1-4 NB =       544.3545  1-4 EEL =      6617.8243  VDWAALS    =      8240.1777
 EELEC  =    -90462.3007  EHBOND  =         0.0000  RESTRAINT  =         0.0000
 Ewald error estimate:   0.6417E-05
 ------------------------------------------------------------------------------


 NSTEP =    25200   TIME(PS) =      31.200  TEMP(K) =   299.15  PRESS =     0.0
 Etot   =    -58177.7455  EKtot   =     14380.4784  EPtot      =    -72558.2240
 BOND   =       445.9416  ANGLE   =      1238.3457  DIHED      =       976.9922
 1-4 NB =       550.9411  1-4 EEL =      6588.5585  VDWAALS    =      8300.8481
 EELEC  =    -90659.8512  EHBOND  =         0.0000  RESTRAINT  =         0.0000
 Ewald error estimate:   0.5755E-05
 ------------------------------------------------------------------------------


 NSTEP =    25300   TIME(PS) =      31.300  TEMP(K) =   296.10  PRESS =     0.0
 Etot   =    -58176.7946  EKtot   =     14234.0933  EPtot      =    -72410.8879
 BOND   =       443.8173  ANGLE   =      1236.1098  DIHED      =       983.3654
 1-4 NB =       561.9763  1-4 EEL =      6620.9240  VDWAALS    =      8422.0953
 EELEC  =    -90679.1760  EHBOND  =         0.0000  RESTRAINT  =         0.0000
 Ewald error estimate:   0.6142E-05
 ------------------------------------------------------------------------------


 NSTEP =    25400   TIME(PS) =      31.400  TEMP(K) =   298.11  PRESS =     0.0
 Etot   =    -58176.9747  EKtot   =     14330.3629  EPtot      =    -72507.3376
 BOND   =       489.6244  ANGLE   =      1205.0922  DIHED      =       971.9527
 1-4 NB =       554.3570  1-4 EEL =      6602.0275  VDWAALS    =      8249.5656
 EELEC  =    -90579.9571  EHBOND  =         0.0000  RESTRAINT  =         0.0000
 Ewald error estimate:   0.9355E-04
 ------------------------------------------------------------------------------


 NSTEP =    25500   TIME(PS) =      31.500  TEMP(K) =   299.81  PRESS =     0.0
 Etot   =    -58177.8031  EKtot   =     14412.0115  EPtot      =    -72589.8147
 BOND   =       457.6226  ANGLE   =      1243.2721  DIHED      =       987.7652
 1-4 NB =       553.7661  1-4 EEL =      6556.4653  VDWAALS    =      8410.9356
 EELEC  =    -90799.6416  EHBOND  =         0.0000  RESTRAINT  =         0.0000
 Ewald error estimate:   0.2717E-04
 ------------------------------------------------------------------------------


 NSTEP =    25600   TIME(PS) =      31.600  TEMP(K) =   297.67  PRESS =     0.0
 Etot   =    -58177.4400  EKtot   =     14309.3755  EPtot      =    -72486.8156
 BOND   =       445.0505  ANGLE   =      1240.5927  DIHED      =       984.2134
 1-4 NB =       542.4283  1-4 EEL =      6610.0213  VDWAALS    =      8402.0395
 EELEC  =    -90711.1613  EHBOND  =         0.0000  RESTRAINT  =         0.0000
 Ewald error estimate:   0.9968E-04
 ------------------------------------------------------------------------------


 NSTEP =    25700   TIME(PS) =      31.700  TEMP(K) =   298.35  PRESS =     0.0
 Etot   =    -58176.8217  EKtot   =     14342.1297  EPtot      =    -72518.9514
 BOND   =       495.9345  ANGLE   =      1224.6756  DIHED      =       968.2513
 1-4 NB =       546.4367  1-4 EEL =      6594.1704  VDWAALS    =      8414.6458
 EELEC  =    -90763.0657  EHBOND  =         0.0000  RESTRAINT  =         0.0000
 Ewald error estimate:   0.8534E-04
 ------------------------------------------------------------------------------


 NSTEP =    25800   TIME(PS) =      31.800  TEMP(K) =   295.74  PRESS =     0.0
 Etot   =    -58176.0645  EKtot   =     14216.6726  EPtot      =    -72392.7371
 BOND   =       447.8672  ANGLE   =      1242.5199  DIHED      =      1003.4595
 1-4 NB =       562.3089  1-4 EEL =      6599.0895  VDWAALS    =      8345.3072
 EELEC  =    -90593.2893  EHBOND  =         0.0000  RESTRAINT  =         0.0000
 Ewald error estimate:   0.9201E-04
 ------------------------------------------------------------------------------


 NSTEP =    25900   TIME(PS) =      31.900  TEMP(K) =   296.86  PRESS =     0.0
 Etot   =    -58176.9529  EKtot   =     14270.5844  EPtot      =    -72447.5373
 BOND   =       480.0102  ANGLE   =      1194.5779  DIHED      =       965.0580
 1-4 NB =       544.3663  1-4 EEL =      6587.2714  VDWAALS    =      8323.5785
 EELEC  =    -90542.3995  EHBOND  =         0.0000  RESTRAINT  =         0.0000
 Ewald error estimate:   0.1976E-04
 ------------------------------------------------------------------------------

check COM velocity, temp:        0.000000     0.00(Removed)

 NSTEP =    26000   TIME(PS) =      32.000  TEMP(K) =   296.40  PRESS =     0.0
 Etot   =    -58178.0672  EKtot   =     14248.3858  EPtot      =    -72426.4530
 BOND   =       440.2982  ANGLE   =      1280.0700  DIHED      =       997.3844
 1-4 NB =       546.9300  1-4 EEL =      6567.7142  VDWAALS    =      8471.5461
 EELEC  =    -90730.3959  EHBOND  =         0.0000  RESTRAINT  =         0.0000
 Ewald error estimate:   0.8979E-04
 ------------------------------------------------------------------------------


 NSTEP =    26100   TIME(PS) =      32.100  TEMP(K) =   297.75  PRESS =     0.0
 Etot   =    -58176.6996  EKtot   =     14313.1367  EPtot      =    -72489.8363
 BOND   =       439.3086  ANGLE   =      1259.5235  DIHED      =       978.5383
 1-4 NB =       557.9919  1-4 EEL =      6607.2894  VDWAALS    =      8084.7641
 EELEC  =    -90417.2522  EHBOND  =         0.0000  RESTRAINT  =         0.0000
 Ewald error estimate:   0.2080E-04
 ------------------------------------------------------------------------------


 NSTEP =    26200   TIME(PS) =      32.200  TEMP(K) =   297.31  PRESS =     0.0
 Etot   =    -58176.8340  EKtot   =     14292.1326  EPtot      =    -72468.9666
 BOND   =       478.2566  ANGLE   =      1209.6179  DIHED      =      1019.0604
 1-4 NB =       549.3881  1-4 EEL =      6589.5313  VDWAALS    =      8013.9864
 EELEC  =    -90328.8073  EHBOND  =         0.0000  RESTRAINT  =         0.0000
 Ewald error estimate:   0.1450E-03
 ------------------------------------------------------------------------------


 NSTEP =    26300   TIME(PS) =      32.300  TEMP(K) =   297.05  PRESS =     0.0
 Etot   =    -58176.7452  EKtot   =     14279.3903  EPtot      =    -72456.1355
 BOND   =       466.4765  ANGLE   =      1278.3159  DIHED      =      1015.9214
 1-4 NB =       559.5733  1-4 EEL =      6580.9998  VDWAALS    =      8240.2370
 EELEC  =    -90597.6594  EHBOND  =         0.0000  RESTRAINT  =         0.0000
 Ewald error estimate:   0.3258E-04
 ------------------------------------------------------------------------------


 NSTEP =    26400   TIME(PS) =      32.400  TEMP(K) =   298.32  PRESS =     0.0
 Etot   =    -58176.5327  EKtot   =     14340.4309  EPtot      =    -72516.9637
 BOND   =       493.9693  ANGLE   =      1259.4761  DIHED      =       993.2053
 1-4 NB =       553.5675  1-4 EEL =      6604.0628  VDWAALS    =      8331.9838
 EELEC  =    -90753.2285  EHBOND  =         0.0000  RESTRAINT  =         0.0000
 Ewald error estimate:   0.1148E-05
 ------------------------------------------------------------------------------


 NSTEP =    26500   TIME(PS) =      32.500  TEMP(K) =   298.14  PRESS =     0.0
 Etot   =    -58177.4158  EKtot   =     14332.0357  EPtot      =    -72509.4515
 BOND   =       493.2688  ANGLE   =      1268.0985  DIHED      =       972.9571
 1-4 NB =       543.7374  1-4 EEL =      6555.0394  VDWAALS    =      8420.4654
 EELEC  =    -90763.0180  EHBOND  =         0.0000  RESTRAINT  =         0.0000
 Ewald error estimate:   0.6750E-04
 ------------------------------------------------------------------------------


 NSTEP =    26600   TIME(PS) =      32.600  TEMP(K) =   297.72  PRESS =     0.0
 Etot   =    -58177.4462  EKtot   =     14311.9820  EPtot      =    -72489.4282
 BOND   =       448.2820  ANGLE   =      1266.4737  DIHED      =      1003.7443
 1-4 NB =       546.4653  1-4 EEL =      6577.8252  VDWAALS    =      8210.9280
 EELEC  =    -90543.1468  EHBOND  =         0.0000  RESTRAINT  =         0.0000
 Ewald error estimate:   0.7936E-04
 ------------------------------------------------------------------------------


 NSTEP =    26700   TIME(PS) =      32.700  TEMP(K) =   296.91  PRESS =     0.0
 Etot   =    -58176.7638  EKtot   =     14273.0055  EPtot      =    -72449.7693
 BOND   =       462.7968  ANGLE   =      1229.1636  DIHED      =      1005.3565
 1-4 NB =       559.1018  1-4 EEL =      6600.5282  VDWAALS    =      8214.0633
 EELEC  =    -90520.7795  EHBOND  =         0.0000  RESTRAINT  =         0.0000
 Ewald error estimate:   0.2253E-03
 ------------------------------------------------------------------------------


 NSTEP =    26800   TIME(PS) =      32.800  TEMP(K) =   298.95  PRESS =     0.0
 Etot   =    -58176.7269  EKtot   =     14370.8332  EPtot      =    -72547.5600
 BOND   =       476.6987  ANGLE   =      1286.7120  DIHED      =       995.0848
 1-4 NB =       544.4317  1-4 EEL =      6537.6353  VDWAALS    =      8340.0924
 EELEC  =    -90728.2149  EHBOND  =         0.0000  RESTRAINT  =         0.0000
 Ewald error estimate:   0.1314E-03
 ------------------------------------------------------------------------------


 NSTEP =    26900   TIME(PS) =      32.900  TEMP(K) =   299.83  PRESS =     0.0
 Etot   =    -58176.9966  EKtot   =     14412.9943  EPtot      =    -72589.9909
 BOND   =       464.2426  ANGLE   =      1240.4211  DIHED      =       985.2310
 1-4 NB =       556.3139  1-4 EEL =      6615.2370  VDWAALS    =      8522.2516
 EELEC  =    -90973.6881  EHBOND  =         0.0000  RESTRAINT  =         0.0000
 Ewald error estimate:   0.1266E-03
 ------------------------------------------------------------------------------

check COM velocity, temp:        0.000000     0.00(Removed)

 NSTEP =    27000   TIME(PS) =      33.000  TEMP(K) =   299.14  PRESS =     0.0
 Etot   =    -58177.3818  EKtot   =     14379.8213  EPtot      =    -72557.2031
 BOND   =       481.8452  ANGLE   =      1242.5225  DIHED      =       974.9937
 1-4 NB =       550.7267  1-4 EEL =      6543.2743  VDWAALS    =      8392.4870
 EELEC  =    -90743.0525  EHBOND  =         0.0000  RESTRAINT  =         0.0000
 Ewald error estimate:   0.5280E-04
 ------------------------------------------------------------------------------


 NSTEP =    27100   TIME(PS) =      33.100  TEMP(K) =   298.51  PRESS =     0.0
 Etot   =    -58177.0817  EKtot   =     14349.6808  EPtot      =    -72526.7625
 BOND   =       450.2420  ANGLE   =      1256.3061  DIHED      =       979.3511
 1-4 NB =       552.5582  1-4 EEL =      6628.2589  VDWAALS    =      8277.6422
 EELEC  =    -90671.1210  EHBOND  =         0.0000  RESTRAINT  =         0.0000
 Ewald error estimate:   0.1112E-03
 ------------------------------------------------------------------------------


 NSTEP =    27200   TIME(PS) =      33.200  TEMP(K) =   298.05  PRESS =     0.0
 Etot   =    -58177.6971  EKtot   =     14327.7971  EPtot      =    -72505.4942
 BOND   =       446.7244  ANGLE   =      1244.5821  DIHED      =       985.7989
 1-4 NB =       564.3832  1-4 EEL =      6635.3108  VDWAALS    =      8219.3066
 EELEC  =    -90601.6002  EHBOND  =         0.0000  RESTRAINT  =         0.0000
 Ewald error estimate:   0.5116E-04
 ------------------------------------------------------------------------------


 NSTEP =    27300   TIME(PS) =      33.300  TEMP(K) =   296.00  PRESS =     0.0
 Etot   =    -58177.7428  EKtot   =     14229.3005  EPtot      =    -72407.0433
 BOND   =       501.3198  ANGLE   =      1261.1993  DIHED      =       992.9160
 1-4 NB =       542.6795  1-4 EEL =      6582.4480  VDWAALS    =      8238.9345
 EELEC  =    -90526.5404  EHBOND  =         0.0000  RESTRAINT  =         0.0000
 Ewald error estimate:   0.4448E-04
 ------------------------------------------------------------------------------


 NSTEP =    27400   TIME(PS) =      33.400  TEMP(K) =   298.18  PRESS =     0.0
 Etot   =    -58176.7424  EKtot   =     14333.8592  EPtot      =    -72510.6015
 BOND   =       468.5820  ANGLE   =      1266.4626  DIHED      =       995.1671
 1-4 NB =       548.6264  1-4 EEL =      6592.0229  VDWAALS    =      8321.6214
 EELEC  =    -90703.0841  EHBOND  =         0.0000  RESTRAINT  =         0.0000
 Ewald error estimate:   0.9673E-04
 ------------------------------------------------------------------------------


 NSTEP =    27500   TIME(PS) =      33.500  TEMP(K) =   298.96  PRESS =     0.0
 Etot   =    -58177.5008  EKtot   =     14371.5491  EPtot      =    -72549.0499
 BOND   =       458.4698  ANGLE   =      1256.4314  DIHED      =       989.9153
 1-4 NB =       553.3090  1-4 EEL =      6621.2314  VDWAALS    =      8548.0086
 EELEC  =    -90976.4153  EHBOND  =         0.0000  RESTRAINT  =         0.0000
 Ewald error estimate:   0.6898E-05
 ------------------------------------------------------------------------------


 NSTEP =    27600   TIME(PS) =      33.600  TEMP(K) =   297.92  PRESS =     0.0
 Etot   =    -58176.8572  EKtot   =     14321.5707  EPtot      =    -72498.4279
 BOND   =       452.8494  ANGLE   =      1274.4246  DIHED      =       988.1558
 1-4 NB =       548.8183  1-4 EEL =      6575.6149  VDWAALS    =      8427.7943
 EELEC  =    -90766.0852  EHBOND  =         0.0000  RESTRAINT  =         0.0000
 Ewald error estimate:   0.9879E-04
 ------------------------------------------------------------------------------


 NSTEP =    27700   TIME(PS) =      33.700  TEMP(K) =   299.22  PRESS =     0.0
 Etot   =    -58176.8123  EKtot   =     14383.7874  EPtot      =    -72560.5998
 BOND   =       472.1195  ANGLE   =      1264.6898  DIHED      =       973.4677
 1-4 NB =       536.3253  1-4 EEL =      6594.9538  VDWAALS    =      8533.0957
 EELEC  =    -90935.2517  EHBOND  =         0.0000  RESTRAINT  =         0.0000
 Ewald error estimate:   0.1398E-04
 ------------------------------------------------------------------------------


 NSTEP =    27800   TIME(PS) =      33.800  TEMP(K) =   296.38  PRESS =     0.0
 Etot   =    -58177.2427  EKtot   =     14247.5000  EPtot      =    -72424.7426
 BOND   =       466.2888  ANGLE   =      1228.4396  DIHED      =       979.1385
 1-4 NB =       554.8404  1-4 EEL =      6635.4467  VDWAALS    =      8329.5721
 EELEC  =    -90618.4687  EHBOND  =         0.0000  RESTRAINT  =         0.0000
 Ewald error estimate:   0.5760E-04
 ------------------------------------------------------------------------------


 NSTEP =    27900   TIME(PS) =      33.900  TEMP(K) =   298.39  PRESS =     0.0
 Etot   =    -58177.1829  EKtot   =     14343.7591  EPtot      =    -72520.9420
 BOND   =       462.9204  ANGLE   =      1276.4549  DIHED      =       986.7275
 1-4 NB =       567.0394  1-4 EEL =      6596.9235  VDWAALS    =      8353.3493
 EELEC  =    -90764.3572  EHBOND  =         0.0000  RESTRAINT  =         0.0000
 Ewald error estimate:   0.1887E-05
 ------------------------------------------------------------------------------

check COM velocity, temp:        0.000000     0.00(Removed)

 NSTEP =    28000   TIME(PS) =      34.000  TEMP(K) =   297.65  PRESS =     0.0
 Etot   =    -58177.1962  EKtot   =     14308.4520  EPtot      =    -72485.6482
 BOND   =       467.3317  ANGLE   =      1256.9873  DIHED      =       967.8920
 1-4 NB =       534.8310  1-4 EEL =      6605.4288  VDWAALS    =      8388.6784
 EELEC  =    -90706.7975  EHBOND  =         0.0000  RESTRAINT  =         0.0000
 Ewald error estimate:   0.6969E-04
 ------------------------------------------------------------------------------


 NSTEP =    28100   TIME(PS) =      34.100  TEMP(K) =   296.56  PRESS =     0.0
 Etot   =    -58178.5293  EKtot   =     14256.1968  EPtot      =    -72434.7261
 BOND   =       464.3586  ANGLE   =      1249.2768  DIHED      =       975.7527
 1-4 NB =       542.7196  1-4 EEL =      6611.2859  VDWAALS    =      8481.8428
 EELEC  =    -90759.9625  EHBOND  =         0.0000  RESTRAINT  =         0.0000
 Ewald error estimate:   0.4946E-04
 ------------------------------------------------------------------------------


 NSTEP =    28200   TIME(PS) =      34.200  TEMP(K) =   298.68  PRESS =     0.0
 Etot   =    -58177.8538  EKtot   =     14357.7110  EPtot      =    -72535.5648
 BOND   =       453.6106  ANGLE   =      1299.1666  DIHED      =       966.3058
 1-4 NB =       560.3572  1-4 EEL =      6605.4115  VDWAALS    =      8518.0857
 EELEC  =    -90938.5023  EHBOND  =         0.0000  RESTRAINT  =         0.0000
 Ewald error estimate:   0.2708E-05
 ------------------------------------------------------------------------------


 NSTEP =    28300   TIME(PS) =      34.300  TEMP(K) =   296.13  PRESS =     0.0
 Etot   =    -58178.4615  EKtot   =     14235.1531  EPtot      =    -72413.6146
 BOND   =       444.6672  ANGLE   =      1246.6756  DIHED      =       965.9623
 1-4 NB =       551.7330  1-4 EEL =      6642.2781  VDWAALS    =      8192.9489
 EELEC  =    -90457.8799  EHBOND  =         0.0000  RESTRAINT  =         0.0000
 Ewald error estimate:   0.6907E-04
 ------------------------------------------------------------------------------


 NSTEP =    28400   TIME(PS) =      34.400  TEMP(K) =   297.72  PRESS =     0.0
 Etot   =    -58177.5938  EKtot   =     14311.6979  EPtot      =    -72489.2917
 BOND   =       476.6798  ANGLE   =      1263.0881  DIHED      =       979.7704
 1-4 NB =       534.9105  1-4 EEL =      6611.9750  VDWAALS    =      8303.3646
 EELEC  =    -90659.0800  EHBOND  =         0.0000  RESTRAINT  =         0.0000
 Ewald error estimate:   0.9423E-05
 ------------------------------------------------------------------------------


 NSTEP =    28500   TIME(PS) =      34.500  TEMP(K) =   297.72  PRESS =     0.0
 Etot   =    -58176.8966  EKtot   =     14311.7877  EPtot      =    -72488.6843
 BOND   =       458.8960  ANGLE   =      1271.5087  DIHED      =       980.5732
 1-4 NB =       544.0766  1-4 EEL =      6553.5613  VDWAALS    =      8310.4484
 EELEC  =    -90607.7486  EHBOND  =         0.0000  RESTRAINT  =         0.0000
 Ewald error estimate:   0.6667E-04
 ------------------------------------------------------------------------------


 NSTEP =    28600   TIME(PS) =      34.600  TEMP(K) =   297.75  PRESS =     0.0
 Etot   =    -58177.3277  EKtot   =     14313.2379  EPtot      =    -72490.5656
 BOND   =       443.7047  ANGLE   =      1248.8917  DIHED      =       997.0784
 1-4 NB =       556.2422  1-4 EEL =      6533.7320  VDWAALS    =      8422.1403
 EELEC  =    -90692.3549  EHBOND  =         0.0000  RESTRAINT  =         0.0000
 Ewald error estimate:   0.6183E-05
 ------------------------------------------------------------------------------


 NSTEP =    28700   TIME(PS) =      34.700  TEMP(K) =   297.52  PRESS =     0.0
 Etot   =    -58178.1237  EKtot   =     14302.2196  EPtot      =    -72480.3433
 BOND   =       442.0133  ANGLE   =      1264.5035  DIHED      =       982.9433
 1-4 NB =       535.2013  1-4 EEL =      6605.3019  VDWAALS    =      8298.6034
 EELEC  =    -90608.9100  EHBOND  =         0.0000  RESTRAINT  =         0.0000
 Ewald error estimate:   0.2978E-04
 ------------------------------------------------------------------------------


 NSTEP =    28800   TIME(PS) =      34.800  TEMP(K) =   296.97  PRESS =     0.0
 Etot   =    -58177.6918  EKtot   =     14275.6086  EPtot      =    -72453.3004
 BOND   =       471.7150  ANGLE   =      1230.0205  DIHED      =       966.3205
 1-4 NB =       558.3292  1-4 EEL =      6612.5278  VDWAALS    =      8355.6226
 EELEC  =    -90647.8359  EHBOND  =         0.0000  RESTRAINT  =         0.0000
 Ewald error estimate:   0.7412E-04
 ------------------------------------------------------------------------------


 NSTEP =    28900   TIME(PS) =      34.900  TEMP(K) =   300.48  PRESS =     0.0
 Etot   =    -58178.1778  EKtot   =     14444.4637  EPtot      =    -72622.6415
 BOND   =       480.0683  ANGLE   =      1245.9234  DIHED      =       985.9141
 1-4 NB =       556.9655  1-4 EEL =      6591.0557  VDWAALS    =      8433.7628
 EELEC  =    -90916.3315  EHBOND  =         0.0000  RESTRAINT  =         0.0000
 Ewald error estimate:   0.6554E-04
 ------------------------------------------------------------------------------

check COM velocity, temp:        0.000000     0.00(Removed)

 NSTEP =    29000   TIME(PS) =      35.000  TEMP(K) =   295.38  PRESS =     0.0
 Etot   =    -58177.8362  EKtot   =     14199.2302  EPtot      =    -72377.0664
 BOND   =       492.1534  ANGLE   =      1253.2714  DIHED      =       990.5334
 1-4 NB =       536.7879  1-4 EEL =      6569.8469  VDWAALS    =      8262.4538
 EELEC  =    -90482.1132  EHBOND  =         0.0000  RESTRAINT  =         0.0000
 Ewald error estimate:   0.8729E-04
 ------------------------------------------------------------------------------


 NSTEP =    29100   TIME(PS) =      35.100  TEMP(K) =   297.11  PRESS =     0.0
 Etot   =    -58177.0534  EKtot   =     14282.5398  EPtot      =    -72459.5932
 BOND   =       499.5694  ANGLE   =      1246.7600  DIHED      =       967.1533
 1-4 NB =       550.9533  1-4 EEL =      6639.8040  VDWAALS    =      8189.4457
 EELEC  =    -90553.2789  EHBOND  =         0.0000  RESTRAINT  =         0.0000
 Ewald error estimate:   0.7353E-04
 ------------------------------------------------------------------------------


 NSTEP =    29200   TIME(PS) =      35.200  TEMP(K) =   296.85  PRESS =     0.0
 Etot   =    -58176.9403  EKtot   =     14269.8213  EPtot      =    -72446.7616
 BOND   =       532.9530  ANGLE   =      1215.5302  DIHED      =       962.1275
 1-4 NB =       544.2179  1-4 EEL =      6632.1570  VDWAALS    =      8460.2314
 EELEC  =    -90793.9785  EHBOND  =         0.0000  RESTRAINT  =         0.0000
 Ewald error estimate:   0.4438E-04
 ------------------------------------------------------------------------------


 NSTEP =    29300   TIME(PS) =      35.300  TEMP(K) =   296.21  PRESS =     0.0
 Etot   =    -58176.9934  EKtot   =     14239.1870  EPtot      =    -72416.1804
 BOND   =       496.0461  ANGLE   =      1233.9784  DIHED      =       959.5886
 1-4 NB =       562.7498  1-4 EEL =      6595.8612  VDWAALS    =      8269.3017
 EELEC  =    -90533.7061  EHBOND  =         0.0000  RESTRAINT  =         0.0000
 Ewald error estimate:   0.9455E-04
 ------------------------------------------------------------------------------


 NSTEP =    29400   TIME(PS) =      35.400  TEMP(K) =   296.39  PRESS =     0.0
 Etot   =    -58177.3197  EKtot   =     14247.6152  EPtot      =    -72424.9349
 BOND   =       459.3388  ANGLE   =      1237.2721  DIHED      =       984.5396
 1-4 NB =       555.3341  1-4 EEL =      6600.7291  VDWAALS    =      8140.6328
 EELEC  =    -90402.7815  EHBOND  =         0.0000  RESTRAINT  =         0.0000
 Ewald error estimate:   0.9557E-04
 ------------------------------------------------------------------------------


 NSTEP =    29500   TIME(PS) =      35.500  TEMP(K) =   297.15  PRESS =     0.0
 Etot   =    -58177.5126  EKtot   =     14284.5611  EPtot      =    -72462.0738
 BOND   =       456.2831  ANGLE   =      1296.6876  DIHED      =       976.9504
 1-4 NB =       546.5568  1-4 EEL =      6566.5268  VDWAALS    =      8373.2517
 EELEC  =    -90678.3301  EHBOND  =         0.0000  RESTRAINT  =         0.0000
 Ewald error estimate:   0.3945E-04
 ------------------------------------------------------------------------------


 NSTEP =    29600   TIME(PS) =      35.600  TEMP(K) =   297.13  PRESS =     0.0
 Etot   =    -58177.7722  EKtot   =     14283.1597  EPtot      =    -72460.9319
 BOND   =       487.9689  ANGLE   =      1216.9339  DIHED      =       979.4892
 1-4 NB =       558.2441  1-4 EEL =      6622.9431  VDWAALS    =      8452.7823
 EELEC  =    -90779.2934  EHBOND  =         0.0000  RESTRAINT  =         0.0000
 Ewald error estimate:   0.5278E-04
 ------------------------------------------------------------------------------


 NSTEP =    29700   TIME(PS) =      35.700  TEMP(K) =   297.62  PRESS =     0.0
 Etot   =    -58177.2296  EKtot   =     14307.0696  EPtot      =    -72484.2992
 BOND   =       469.3593  ANGLE   =      1250.8454  DIHED      =       978.6551
 1-4 NB =       538.9710  1-4 EEL =      6621.7819  VDWAALS    =      8426.1047
 EELEC  =    -90770.0166  EHBOND  =         0.0000  RESTRAINT  =         0.0000
 Ewald error estimate:   0.3503E-04
 ------------------------------------------------------------------------------


 NSTEP =    29800   TIME(PS) =      35.800  TEMP(K) =   297.48  PRESS =     0.0
 Etot   =    -58176.9428  EKtot   =     14300.2053  EPtot      =    -72477.1481
 BOND   =       474.5727  ANGLE   =      1223.4082  DIHED      =      1004.3816
 1-4 NB =       538.1520  1-4 EEL =      6580.8463  VDWAALS    =      8483.2288
 EELEC  =    -90781.7378  EHBOND  =         0.0000  RESTRAINT  =         0.0000
 Ewald error estimate:   0.3385E-04
 ------------------------------------------------------------------------------


 NSTEP =    29900   TIME(PS) =      35.900  TEMP(K) =   295.92  PRESS =     0.0
 Etot   =    -58176.7423  EKtot   =     14225.1330  EPtot      =    -72401.8753
 BOND   =       470.1965  ANGLE   =      1277.4263  DIHED      =      1001.5630
 1-4 NB =       555.3206  1-4 EEL =      6627.6898  VDWAALS    =      8385.5722
 EELEC  =    -90719.6436  EHBOND  =         0.0000  RESTRAINT  =         0.0000
 Ewald error estimate:   0.2291E-04
 ------------------------------------------------------------------------------

check COM velocity, temp:        0.000000     0.00(Removed)

 NSTEP =    30000   TIME(PS) =      36.000  TEMP(K) =   297.61  PRESS =     0.0
 Etot   =    -58177.2619  EKtot   =     14306.5626  EPtot      =    -72483.8244
 BOND   =       466.0681  ANGLE   =      1279.8191  DIHED      =       968.9769
 1-4 NB =       549.2198  1-4 EEL =      6603.6070  VDWAALS    =      8742.4708
 EELEC  =    -91093.9861  EHBOND  =         0.0000  RESTRAINT  =         0.0000
 Ewald error estimate:   0.5029E-04
 ------------------------------------------------------------------------------


 NSTEP =    30100   TIME(PS) =      36.100  TEMP(K) =   299.23  PRESS =     0.0
 Etot   =    -58177.4360  EKtot   =     14384.1495  EPtot      =    -72561.5855
 BOND   =       452.6094  ANGLE   =      1238.9926  DIHED      =       972.9039
 1-4 NB =       552.8156  1-4 EEL =      6618.4188  VDWAALS    =      8677.6847
 EELEC  =    -91075.0105  EHBOND  =         0.0000  RESTRAINT  =         0.0000
 Ewald error estimate:   0.6113E-04
 ------------------------------------------------------------------------------


 NSTEP =    30200   TIME(PS) =      36.200  TEMP(K) =   297.20  PRESS =     0.0
 Etot   =    -58176.8497  EKtot   =     14286.6879  EPtot      =    -72463.5377
 BOND   =       457.7326  ANGLE   =      1250.0066  DIHED      =      1001.3467
 1-4 NB =       548.5417  1-4 EEL =      6595.9046  VDWAALS    =      8454.9208
 EELEC  =    -90771.9906  EHBOND  =         0.0000  RESTRAINT  =         0.0000
 Ewald error estimate:   0.7938E-04
 ------------------------------------------------------------------------------


 NSTEP =    30300   TIME(PS) =      36.300  TEMP(K) =   297.79  PRESS =     0.0
 Etot   =    -58177.5658  EKtot   =     14315.2637  EPtot      =    -72492.8295
 BOND   =       442.8283  ANGLE   =      1281.4682  DIHED      =       981.4802
 1-4 NB =       539.9048  1-4 EEL =      6623.8892  VDWAALS    =      8193.2552
 EELEC  =    -90555.6554  EHBOND  =         0.0000  RESTRAINT  =         0.0000
 Ewald error estimate:   0.2440E-06
 ------------------------------------------------------------------------------


 NSTEP =    30400   TIME(PS) =      36.400  TEMP(K) =   300.26  PRESS =     0.0
 Etot   =    -58177.5660  EKtot   =     14433.6224  EPtot      =    -72611.1884
 BOND   =       452.5176  ANGLE   =      1287.9412  DIHED      =      1009.3561
 1-4 NB =       546.7758  1-4 EEL =      6577.3645  VDWAALS    =      8542.5892
 EELEC  =    -91027.7328  EHBOND  =         0.0000  RESTRAINT  =         0.0000
 Ewald error estimate:   0.2838E-04
 ------------------------------------------------------------------------------


 NSTEP =    30500   TIME(PS) =      36.500  TEMP(K) =   296.20  PRESS =     0.0
 Etot   =    -58176.7140  EKtot   =     14238.7625  EPtot      =    -72415.4765
 BOND   =       480.8299  ANGLE   =      1288.4923  DIHED      =       974.7056
 1-4 NB =       563.2583  1-4 EEL =      6595.8734  VDWAALS    =      8334.6047
 EELEC  =    -90653.2407  EHBOND  =         0.0000  RESTRAINT  =         0.0000
 Ewald error estimate:   0.3286E-04
 ------------------------------------------------------------------------------


 NSTEP =    30600   TIME(PS) =      36.600  TEMP(K) =   297.41  PRESS =     0.0
 Etot   =    -58177.2601  EKtot   =     14296.7738  EPtot      =    -72474.0339
 BOND   =       449.9081  ANGLE   =      1244.5736  DIHED      =       977.6303
 1-4 NB =       567.1139  1-4 EEL =      6623.6817  VDWAALS    =      8432.8722
 EELEC  =    -90769.8138  EHBOND  =         0.0000  RESTRAINT  =         0.0000
 Ewald error estimate:   0.3263E-04
 ------------------------------------------------------------------------------


 NSTEP =    30700   TIME(PS) =      36.700  TEMP(K) =   297.36  PRESS =     0.0
 Etot   =    -58176.8862  EKtot   =     14294.3034  EPtot      =    -72471.1896
 BOND   =       507.2162  ANGLE   =      1222.9896  DIHED      =       970.7200
 1-4 NB =       544.5468  1-4 EEL =      6653.0680  VDWAALS    =      8592.4289
 EELEC  =    -90962.1591  EHBOND  =         0.0000  RESTRAINT  =         0.0000
 Ewald error estimate:   0.4478E-04
 ------------------------------------------------------------------------------


 NSTEP =    30800   TIME(PS) =      36.800  TEMP(K) =   298.22  PRESS =     0.0
 Etot   =    -58176.1137  EKtot   =     14335.8380  EPtot      =    -72511.9517
 BOND   =       497.0900  ANGLE   =      1212.5177  DIHED      =       993.8518
 1-4 NB =       557.5126  1-4 EEL =      6632.7115  VDWAALS    =      8325.1166
 EELEC  =    -90730.7519  EHBOND  =         0.0000  RESTRAINT  =         0.0000
 Ewald error estimate:   0.4626E-04
 ------------------------------------------------------------------------------


 NSTEP =    30900   TIME(PS) =      36.900  TEMP(K) =   297.04  PRESS =     0.0
 Etot   =    -58177.0958  EKtot   =     14279.0821  EPtot      =    -72456.1779
 BOND   =       487.2317  ANGLE   =      1231.0235  DIHED      =       986.3456
 1-4 NB =       538.4760  1-4 EEL =      6638.2065  VDWAALS    =      8387.3761
 EELEC  =    -90724.8373  EHBOND  =         0.0000  RESTRAINT  =         0.0000
 Ewald error estimate:   0.2020E-04
 ------------------------------------------------------------------------------

check COM velocity, temp:        0.000000     0.00(Removed)

 NSTEP =    31000   TIME(PS) =      37.000  TEMP(K) =   297.48  PRESS =     0.0
 Etot   =    -58177.7195  EKtot   =     14300.0180  EPtot      =    -72477.7375
 BOND   =       462.9118  ANGLE   =      1209.7093  DIHED      =      1005.4137
 1-4 NB =       543.1187  1-4 EEL =      6653.2722  VDWAALS    =      8362.7548
 EELEC  =    -90714.9180  EHBOND  =         0.0000  RESTRAINT  =         0.0000
 Ewald error estimate:   0.1886E-04
 ------------------------------------------------------------------------------


 NSTEP =    31100   TIME(PS) =      37.100  TEMP(K) =   299.15  PRESS =     0.0
 Etot   =    -58177.2833  EKtot   =     14380.6339  EPtot      =    -72557.9172
 BOND   =       476.1734  ANGLE   =      1221.1822  DIHED      =       960.0780
 1-4 NB =       544.5881  1-4 EEL =      6610.4244  VDWAALS    =      8324.2293
 EELEC  =    -90694.5926  EHBOND  =         0.0000  RESTRAINT  =         0.0000
 Ewald error estimate:   0.2473E-04
 ------------------------------------------------------------------------------


 NSTEP =    31200   TIME(PS) =      37.200  TEMP(K) =   300.83  PRESS =     0.0
 Etot   =    -58177.6029  EKtot   =     14461.2086  EPtot      =    -72638.8115
 BOND   =       468.6774  ANGLE   =      1231.3506  DIHED      =       967.4910
 1-4 NB =       549.2505  1-4 EEL =      6594.3923  VDWAALS    =      8382.5704
 EELEC  =    -90832.5436  EHBOND  =         0.0000  RESTRAINT  =         0.0000
 Ewald error estimate:   0.4292E-04
 ------------------------------------------------------------------------------


 NSTEP =    31300   TIME(PS) =      37.300  TEMP(K) =   299.92  PRESS =     0.0
 Etot   =    -58177.0988  EKtot   =     14417.3309  EPtot      =    -72594.4297
 BOND   =       487.5664  ANGLE   =      1183.8894  DIHED      =       990.1386
 1-4 NB =       547.1100  1-4 EEL =      6630.1307  VDWAALS    =      8588.6953
 EELEC  =    -91021.9600  EHBOND  =         0.0000  RESTRAINT  =         0.0000
 Ewald error estimate:   0.6900E-04
 ------------------------------------------------------------------------------


 NSTEP =    31400   TIME(PS) =      37.400  TEMP(K) =   300.56  PRESS =     0.0
 Etot   =    -58177.4926  EKtot   =     14448.2376  EPtot      =    -72625.7302
 BOND   =       453.6009  ANGLE   =      1238.8789  DIHED      =       956.8220
 1-4 NB =       557.1451  1-4 EEL =      6633.4271  VDWAALS    =      8410.4098
 EELEC  =    -90876.0140  EHBOND  =         0.0000  RESTRAINT  =         0.0000
 Ewald error estimate:   0.1258E-03
 ------------------------------------------------------------------------------


 NSTEP =    31500   TIME(PS) =      37.500  TEMP(K) =   296.41  PRESS =     0.0
 Etot   =    -58176.6303  EKtot   =     14248.8610  EPtot      =    -72425.4913
 BOND   =       451.6198  ANGLE   =      1266.6462  DIHED      =       994.8415
 1-4 NB =       570.2031  1-4 EEL =      6614.3030  VDWAALS    =      8396.5726
 EELEC  =    -90719.6775  EHBOND  =         0.0000  RESTRAINT  =         0.0000
 Ewald error estimate:   0.5054E-04
 ------------------------------------------------------------------------------


 NSTEP =    31600   TIME(PS) =      37.600  TEMP(K) =   299.51  PRESS =     0.0
 Etot   =    -58177.0114  EKtot   =     14397.9717  EPtot      =    -72574.9831
 BOND   =       453.3030  ANGLE   =      1203.6655  DIHED      =       977.7107
 1-4 NB =       562.9746  1-4 EEL =      6660.1450  VDWAALS    =      8442.7940
 EELEC  =    -90875.5758  EHBOND  =         0.0000  RESTRAINT  =         0.0000
 Ewald error estimate:   0.1517E-03
 ------------------------------------------------------------------------------


 NSTEP =    31700   TIME(PS) =      37.700  TEMP(K) =   296.01  PRESS =     0.0
 Etot   =    -58177.9631  EKtot   =     14229.4046  EPtot      =    -72407.3676
 BOND   =       464.9944  ANGLE   =      1221.2465  DIHED      =       986.5935
 1-4 NB =       540.9003  1-4 EEL =      6617.6812  VDWAALS    =      8472.0607
 EELEC  =    -90710.8442  EHBOND  =         0.0000  RESTRAINT  =         0.0000
 Ewald error estimate:   0.1062E-03
 ------------------------------------------------------------------------------


 NSTEP =    31800   TIME(PS) =      37.800  TEMP(K) =   294.94  PRESS =     0.0
 Etot   =    -58177.1714  EKtot   =     14178.1409  EPtot      =    -72355.3123
 BOND   =       438.1229  ANGLE   =      1291.2570  DIHED      =      1006.8168
 1-4 NB =       549.9154  1-4 EEL =      6621.6245  VDWAALS    =      8359.9332
 EELEC  =    -90622.9822  EHBOND  =         0.0000  RESTRAINT  =         0.0000
 Ewald error estimate:   0.1907E-04
 ------------------------------------------------------------------------------


 NSTEP =    31900   TIME(PS) =      37.900  TEMP(K) =   297.98  PRESS =     0.0
 Etot   =    -58176.3995  EKtot   =     14324.0218  EPtot      =    -72500.4213
 BOND   =       446.0938  ANGLE   =      1258.0075  DIHED      =       990.3769
 1-4 NB =       553.1556  1-4 EEL =      6596.1749  VDWAALS    =      8350.2056
 EELEC  =    -90694.4354  EHBOND  =         0.0000  RESTRAINT  =         0.0000
 Ewald error estimate:   0.1790E-03
 ------------------------------------------------------------------------------

check COM velocity, temp:        0.000000     0.00(Removed)

 NSTEP =    32000   TIME(PS) =      38.000  TEMP(K) =   297.33  PRESS =     0.0
 Etot   =    -58177.1022  EKtot   =     14293.0456  EPtot      =    -72470.1479
 BOND   =       449.9195  ANGLE   =      1251.9983  DIHED      =       999.8785
 1-4 NB =       543.7301  1-4 EEL =      6631.2477  VDWAALS    =      8602.3855
 EELEC  =    -90949.3076  EHBOND  =         0.0000  RESTRAINT  =         0.0000
 Ewald error estimate:   0.3655E-06
 ------------------------------------------------------------------------------


 NSTEP =    32100   TIME(PS) =      38.100  TEMP(K) =   299.56  PRESS =     0.0
 Etot   =    -58177.7943  EKtot   =     14400.2220  EPtot      =    -72578.0163
 BOND   =       457.6480  ANGLE   =      1215.0722  DIHED      =       950.3809
 1-4 NB =       542.5800  1-4 EEL =      6664.3686  VDWAALS    =      8513.2054
 EELEC  =    -90921.2714  EHBOND  =         0.0000  RESTRAINT  =         0.0000
 Ewald error estimate:   0.3918E-06
 ------------------------------------------------------------------------------


 NSTEP =    32200   TIME(PS) =      38.200  TEMP(K) =   298.30  PRESS =     0.0
 Etot   =    -58176.9190  EKtot   =     14339.6477  EPtot      =    -72516.5668
 BOND   =       487.5433  ANGLE   =      1234.7280  DIHED      =       956.5873
 1-4 NB =       542.9873  1-4 EEL =      6604.2049  VDWAALS    =      8472.1372
 EELEC  =    -90814.7547  EHBOND  =         0.0000  RESTRAINT  =         0.0000
 Ewald error estimate:   0.4085E-04
 ------------------------------------------------------------------------------


 NSTEP =    32300   TIME(PS) =      38.300  TEMP(K) =   298.19  PRESS =     0.0
 Etot   =    -58177.8645  EKtot   =     14334.2919  EPtot      =    -72512.1564
 BOND   =       444.2977  ANGLE   =      1232.9991  DIHED      =       969.8776
 1-4 NB =       558.8153  1-4 EEL =      6627.6119  VDWAALS    =      8266.2151
 EELEC  =    -90611.9730  EHBOND  =         0.0000  RESTRAINT  =         0.0000
 Ewald error estimate:   0.1053E-04
 ------------------------------------------------------------------------------


 NSTEP =    32400   TIME(PS) =      38.400  TEMP(K) =   294.24  PRESS =     0.0
 Etot   =    -58175.8977  EKtot   =     14144.5163  EPtot      =    -72320.4141
 BOND   =       475.9219  ANGLE   =      1269.2875  DIHED      =      1002.9329
 1-4 NB =       560.4502  1-4 EEL =      6605.7331  VDWAALS    =      8178.8560
 EELEC  =    -90413.5956  EHBOND  =         0.0000  RESTRAINT  =         0.0000
 Ewald error estimate:   0.1212E-04
 ------------------------------------------------------------------------------


 NSTEP =    32500   TIME(PS) =      38.500  TEMP(K) =   295.27  PRESS =     0.0
 Etot   =    -58175.7911  EKtot   =     14193.8584  EPtot      =    -72369.6495
 BOND   =       454.3373  ANGLE   =      1266.5683  DIHED      =       977.9518
 1-4 NB =       546.8578  1-4 EEL =      6647.4937  VDWAALS    =      8448.6032
 EELEC  =    -90711.4616  EHBOND  =         0.0000  RESTRAINT  =         0.0000
 Ewald error estimate:   0.1902E-03
 ------------------------------------------------------------------------------


 NSTEP =    32600   TIME(PS) =      38.600  TEMP(K) =   295.73  PRESS =     0.0
 Etot   =    -58177.0438  EKtot   =     14216.1790  EPtot      =    -72393.2228
 BOND   =       468.3436  ANGLE   =      1195.0007  DIHED      =       987.7463
 1-4 NB =       546.7350  1-4 EEL =      6654.1360  VDWAALS    =      8342.7287
 EELEC  =    -90587.9131  EHBOND  =         0.0000  RESTRAINT  =         0.0000
 Ewald error estimate:   0.1727E-04
 ------------------------------------------------------------------------------


 NSTEP =    32700   TIME(PS) =      38.700  TEMP(K) =   299.56  PRESS =     0.0
 Etot   =    -58177.2289  EKtot   =     14400.3361  EPtot      =    -72577.5650
 BOND   =       483.3150  ANGLE   =      1232.2921  DIHED      =       987.8464
 1-4 NB =       562.6917  1-4 EEL =      6585.6429  VDWAALS    =      8398.2714
 EELEC  =    -90827.6245  EHBOND  =         0.0000  RESTRAINT  =         0.0000
 Ewald error estimate:   0.5338E-04
 ------------------------------------------------------------------------------


 NSTEP =    32800   TIME(PS) =      38.800  TEMP(K) =   298.87  PRESS =     0.0
 Etot   =    -58177.3146  EKtot   =     14367.0981  EPtot      =    -72544.4128
 BOND   =       446.6719  ANGLE   =      1264.9059  DIHED      =      1000.1491
 1-4 NB =       564.6426  1-4 EEL =      6569.7020  VDWAALS    =      8340.9161
 EELEC  =    -90731.4003  EHBOND  =         0.0000  RESTRAINT  =         0.0000
 Ewald error estimate:   0.6101E-04
 ------------------------------------------------------------------------------


 NSTEP =    32900   TIME(PS) =      38.900  TEMP(K) =   299.97  PRESS =     0.0
 Etot   =    -58178.0124  EKtot   =     14420.0125  EPtot      =    -72598.0249
 BOND   =       452.3556  ANGLE   =      1258.3415  DIHED      =       972.5654
 1-4 NB =       561.3480  1-4 EEL =      6611.8651  VDWAALS    =      8518.3803
 EELEC  =    -90972.8809  EHBOND  =         0.0000  RESTRAINT  =         0.0000
 Ewald error estimate:   0.7455E-04
 ------------------------------------------------------------------------------

check COM velocity, temp:        0.000000     0.00(Removed)

 NSTEP =    33000   TIME(PS) =      39.000  TEMP(K) =   298.77  PRESS =     0.0
 Etot   =    -58178.0577  EKtot   =     14362.0422  EPtot      =    -72540.0999
 BOND   =       451.7078  ANGLE   =      1234.3823  DIHED      =       962.6627
 1-4 NB =       554.8050  1-4 EEL =      6648.3474  VDWAALS    =      8624.8899
 EELEC  =    -91016.8951  EHBOND  =         0.0000  RESTRAINT  =         0.0000
 Ewald error estimate:   0.7284E-04
 ------------------------------------------------------------------------------


 NSTEP =    33100   TIME(PS) =      39.100  TEMP(K) =   297.64  PRESS =     0.0
 Etot   =    -58178.5070  EKtot   =     14307.9539  EPtot      =    -72486.4608
 BOND   =       494.5633  ANGLE   =      1220.4084  DIHED      =       984.2055
 1-4 NB =       559.8869  1-4 EEL =      6588.1895  VDWAALS    =      8294.5292
 EELEC  =    -90628.2435  EHBOND  =         0.0000  RESTRAINT  =         0.0000
 Ewald error estimate:   0.9537E-04
 ------------------------------------------------------------------------------


 NSTEP =    33200   TIME(PS) =      39.200  TEMP(K) =   297.69  PRESS =     0.0
 Etot   =    -58176.8497  EKtot   =     14310.1948  EPtot      =    -72487.0446
 BOND   =       442.8423  ANGLE   =      1260.9321  DIHED      =       993.9089
 1-4 NB =       559.2221  1-4 EEL =      6623.2925  VDWAALS    =      8310.7968
 EELEC  =    -90678.0392  EHBOND  =         0.0000  RESTRAINT  =         0.0000
 Ewald error estimate:   0.1699E-03
 ------------------------------------------------------------------------------


 NSTEP =    33300   TIME(PS) =      39.300  TEMP(K) =   297.25  PRESS =     0.0
 Etot   =    -58177.9255  EKtot   =     14289.1548  EPtot      =    -72467.0803
 BOND   =       458.6388  ANGLE   =      1283.1754  DIHED      =       988.8062
 1-4 NB =       548.5018  1-4 EEL =      6601.9359  VDWAALS    =      8224.0465
 EELEC  =    -90572.1850  EHBOND  =         0.0000  RESTRAINT  =         0.0000
 Ewald error estimate:   0.6301E-04
 ------------------------------------------------------------------------------


 NSTEP =    33400   TIME(PS) =      39.400  TEMP(K) =   297.34  PRESS =     0.0
 Etot   =    -58177.0189  EKtot   =     14293.2949  EPtot      =    -72470.3138
 BOND   =       476.2637  ANGLE   =      1263.9379  DIHED      =       980.7441
 1-4 NB =       543.2566  1-4 EEL =      6637.6634  VDWAALS    =      8315.3737
 EELEC  =    -90687.5530  EHBOND  =         0.0000  RESTRAINT  =         0.0000
 Ewald error estimate:   0.2015E-04
 ------------------------------------------------------------------------------


 NSTEP =    33500   TIME(PS) =      39.500  TEMP(K) =   298.66  PRESS =     0.0
 Etot   =    -58177.4684  EKtot   =     14356.7268  EPtot      =    -72534.1952
 BOND   =       489.8012  ANGLE   =      1245.6511  DIHED      =       981.2151
 1-4 NB =       554.4833  1-4 EEL =      6571.6823  VDWAALS    =      8260.8377
 EELEC  =    -90637.8659  EHBOND  =         0.0000  RESTRAINT  =         0.0000
 Ewald error estimate:   0.1387E-04
 ------------------------------------------------------------------------------


 NSTEP =    33600   TIME(PS) =      39.600  TEMP(K) =   300.17  PRESS =     0.0
 Etot   =    -58177.5241  EKtot   =     14429.4790  EPtot      =    -72607.0031
 BOND   =       471.9341  ANGLE   =      1231.7903  DIHED      =       997.3145
 1-4 NB =       536.5629  1-4 EEL =      6606.1551  VDWAALS    =      8308.0182
 EELEC  =    -90758.7782  EHBOND  =         0.0000  RESTRAINT  =         0.0000
 Ewald error estimate:   0.6826E-04
 ------------------------------------------------------------------------------


 NSTEP =    33700   TIME(PS) =      39.700  TEMP(K) =   296.98  PRESS =     0.0
 Etot   =    -58177.6537  EKtot   =     14276.3446  EPtot      =    -72453.9983
 BOND   =       449.3188  ANGLE   =      1269.9927  DIHED      =       995.7463
 1-4 NB =       562.7512  1-4 EEL =      6563.9519  VDWAALS    =      8088.4082
 EELEC  =    -90384.1674  EHBOND  =         0.0000  RESTRAINT  =         0.0000
 Ewald error estimate:   0.1734E-04
 ------------------------------------------------------------------------------


 NSTEP =    33800   TIME(PS) =      39.800  TEMP(K) =   298.56  PRESS =     0.0
 Etot   =    -58176.2823  EKtot   =     14352.3565  EPtot      =    -72528.6389
 BOND   =       492.3518  ANGLE   =      1220.8199  DIHED      =       984.0436
 1-4 NB =       545.8700  1-4 EEL =      6618.1345  VDWAALS    =      8285.2112
 EELEC  =    -90675.0699  EHBOND  =         0.0000  RESTRAINT  =         0.0000
 Ewald error estimate:   0.1393E-03
 ------------------------------------------------------------------------------


 NSTEP =    33900   TIME(PS) =      39.900  TEMP(K) =   297.85  PRESS =     0.0
 Etot   =    -58178.1796  EKtot   =     14318.0331  EPtot      =    -72496.2127
 BOND   =       439.3707  ANGLE   =      1256.2106  DIHED      =       984.2386
 1-4 NB =       555.8828  1-4 EEL =      6628.9496  VDWAALS    =      8317.9165
 EELEC  =    -90678.7816  EHBOND  =         0.0000  RESTRAINT  =         0.0000
 Ewald error estimate:   0.1937E-05
 ------------------------------------------------------------------------------

check COM velocity, temp:        0.000000     0.00(Removed)

 NSTEP =    34000   TIME(PS) =      40.000  TEMP(K) =   297.57  PRESS =     0.0
 Etot   =    -58178.3392  EKtot   =     14304.2962  EPtot      =    -72482.6354
 BOND   =       452.6948  ANGLE   =      1236.3452  DIHED      =       984.5252
 1-4 NB =       562.5395  1-4 EEL =      6671.1063  VDWAALS    =      8343.9731
 EELEC  =    -90733.8195  EHBOND  =         0.0000  RESTRAINT  =         0.0000
 Ewald error estimate:   0.5262E-04
 ------------------------------------------------------------------------------


 NSTEP =    34100   TIME(PS) =      40.100  TEMP(K) =   298.17  PRESS =     0.0
 Etot   =    -58177.3844  EKtot   =     14333.2452  EPtot      =    -72510.6296
 BOND   =       481.2404  ANGLE   =      1223.0667  DIHED      =      1011.5509
 1-4 NB =       562.8225  1-4 EEL =      6632.3861  VDWAALS    =      8494.1173
 EELEC  =    -90915.8133  EHBOND  =         0.0000  RESTRAINT  =         0.0000
 Ewald error estimate:   0.5287E-04
 ------------------------------------------------------------------------------


 NSTEP =    34200   TIME(PS) =      40.200  TEMP(K) =   299.98  PRESS =     0.0
 Etot   =    -58177.8485  EKtot   =     14420.4561  EPtot      =    -72598.3046
 BOND   =       478.0154  ANGLE   =      1236.5030  DIHED      =       984.3457
 1-4 NB =       550.2960  1-4 EEL =      6620.9093  VDWAALS    =      8523.0771
 EELEC  =    -90991.4511  EHBOND  =         0.0000  RESTRAINT  =         0.0000
 Ewald error estimate:   0.3702E-04
 ------------------------------------------------------------------------------


 NSTEP =    34300   TIME(PS) =      40.300  TEMP(K) =   299.68  PRESS =     0.0
 Etot   =    -58177.1551  EKtot   =     14406.0183  EPtot      =    -72583.1735
 BOND   =       465.7759  ANGLE   =      1267.1683  DIHED      =       982.3689
 1-4 NB =       556.2227  1-4 EEL =      6577.7465  VDWAALS    =      8517.6096
 EELEC  =    -90950.0654  EHBOND  =         0.0000  RESTRAINT  =         0.0000
 Ewald error estimate:   0.1076E-03
 ------------------------------------------------------------------------------


 NSTEP =    34400   TIME(PS) =      40.400  TEMP(K) =   298.31  PRESS =     0.0
 Etot   =    -58178.8828  EKtot   =     14340.0635  EPtot      =    -72518.9463
 BOND   =       430.8877  ANGLE   =      1250.5777  DIHED      =       994.7051
 1-4 NB =       559.6119  1-4 EEL =      6642.0017  VDWAALS    =      8348.4219
 EELEC  =    -90745.1524  EHBOND  =         0.0000  RESTRAINT  =         0.0000
 Ewald error estimate:   0.4787E-04
 ------------------------------------------------------------------------------


 NSTEP =    34500   TIME(PS) =      40.500  TEMP(K) =   295.31  PRESS =     0.0
 Etot   =    -58178.6102  EKtot   =     14196.0042  EPtot      =    -72374.6144
 BOND   =       450.3685  ANGLE   =      1246.7151  DIHED      =       990.3941
 1-4 NB =       552.6182  1-4 EEL =      6587.6935  VDWAALS    =      8408.8757
 EELEC  =    -90611.2795  EHBOND  =         0.0000  RESTRAINT  =         0.0000
 Ewald error estimate:   0.4808E-04
 ------------------------------------------------------------------------------


 NSTEP =    34600   TIME(PS) =      40.600  TEMP(K) =   294.96  PRESS =     0.0
 Etot   =    -58177.9417  EKtot   =     14178.8475  EPtot      =    -72356.7892
 BOND   =       477.8738  ANGLE   =      1251.7771  DIHED      =      1005.2996
 1-4 NB =       534.6508  1-4 EEL =      6602.2095  VDWAALS    =      8404.3138
 EELEC  =    -90632.9139  EHBOND  =         0.0000  RESTRAINT  =         0.0000
 Ewald error estimate:   0.2542E-04
 ------------------------------------------------------------------------------


 NSTEP =    34700   TIME(PS) =      40.700  TEMP(K) =   298.12  PRESS =     0.0
 Etot   =    -58177.5300  EKtot   =     14330.8204  EPtot      =    -72508.3504
 BOND   =       457.3507  ANGLE   =      1280.2354  DIHED      =       982.5213
 1-4 NB =       554.5305  1-4 EEL =      6579.6346  VDWAALS    =      8229.9094
 EELEC  =    -90592.5322  EHBOND  =         0.0000  RESTRAINT  =         0.0000
 Ewald error estimate:   0.1195E-03
 ------------------------------------------------------------------------------


 NSTEP =    34800   TIME(PS) =      40.800  TEMP(K) =   297.70  PRESS =     0.0
 Etot   =    -58178.4056  EKtot   =     14311.0034  EPtot      =    -72489.4090
 BOND   =       491.3398  ANGLE   =      1259.4234  DIHED      =       989.7020
 1-4 NB =       550.3633  1-4 EEL =      6618.0674  VDWAALS    =      8387.4390
 EELEC  =    -90785.7440  EHBOND  =         0.0000  RESTRAINT  =         0.0000
 Ewald error estimate:   0.1066E-04
 ------------------------------------------------------------------------------


 NSTEP =    34900   TIME(PS) =      40.900  TEMP(K) =   297.02  PRESS =     0.0
 Etot   =    -58178.6824  EKtot   =     14277.9240  EPtot      =    -72456.6063
 BOND   =       457.8572  ANGLE   =      1219.1580  DIHED      =       980.8897
 1-4 NB =       556.5634  1-4 EEL =      6651.5825  VDWAALS    =      8454.9255
 EELEC  =    -90777.5827  EHBOND  =         0.0000  RESTRAINT  =         0.0000
 Ewald error estimate:   0.5684E-04
 ------------------------------------------------------------------------------

check COM velocity, temp:        0.000000     0.00(Removed)

 NSTEP =    35000   TIME(PS) =      41.000  TEMP(K) =   299.86  PRESS =     0.0
 Etot   =    -58179.2487  EKtot   =     14414.4040  EPtot      =    -72593.6527
 BOND   =       453.0998  ANGLE   =      1284.0517  DIHED      =       991.4261
 1-4 NB =       533.9970  1-4 EEL =      6581.1814  VDWAALS    =      8485.2127
 EELEC  =    -90922.6215  EHBOND  =         0.0000  RESTRAINT  =         0.0000
 Ewald error estimate:   0.1062E-03
 ------------------------------------------------------------------------------


 NSTEP =    35100   TIME(PS) =      41.100  TEMP(K) =   296.90  PRESS =     0.0
 Etot   =    -58177.5104  EKtot   =     14272.1850  EPtot      =    -72449.6953
 BOND   =       445.4352  ANGLE   =      1247.3938  DIHED      =      1000.4133
 1-4 NB =       558.7705  1-4 EEL =      6598.1550  VDWAALS    =      8364.6282
 EELEC  =    -90664.4913  EHBOND  =         0.0000  RESTRAINT  =         0.0000
 Ewald error estimate:   0.9571E-04
 ------------------------------------------------------------------------------


 NSTEP =    35200   TIME(PS) =      41.200  TEMP(K) =   298.02  PRESS =     0.0
 Etot   =    -58176.9719  EKtot   =     14326.1107  EPtot      =    -72503.0825
 BOND   =       487.7513  ANGLE   =      1234.3164  DIHED      =       998.6812
 1-4 NB =       539.5391  1-4 EEL =      6606.7615  VDWAALS    =      8472.0683
 EELEC  =    -90842.2002  EHBOND  =         0.0000  RESTRAINT  =         0.0000
 Ewald error estimate:   0.5423E-04
 ------------------------------------------------------------------------------


 NSTEP =    35300   TIME(PS) =      41.300  TEMP(K) =   296.75  PRESS =     0.0
 Etot   =    -58176.6914  EKtot   =     14265.1501  EPtot      =    -72441.8415
 BOND   =       460.6531  ANGLE   =      1269.8267  DIHED      =       974.7393
 1-4 NB =       561.5884  1-4 EEL =      6668.8399  VDWAALS    =      8419.0139
 EELEC  =    -90796.5028  EHBOND  =         0.0000  RESTRAINT  =         0.0000
 Ewald error estimate:   0.9235E-04
 ------------------------------------------------------------------------------


 NSTEP =    35400   TIME(PS) =      41.400  TEMP(K) =   298.04  PRESS =     0.0
 Etot   =    -58177.7274  EKtot   =     14326.9590  EPtot      =    -72504.6864
 BOND   =       444.2663  ANGLE   =      1252.0526  DIHED      =       973.7209
 1-4 NB =       550.2529  1-4 EEL =      6605.5012  VDWAALS    =      8389.6700
 EELEC  =    -90720.1504  EHBOND  =         0.0000  RESTRAINT  =         0.0000
 Ewald error estimate:   0.1272E-03
 ------------------------------------------------------------------------------


 NSTEP =    35500   TIME(PS) =      41.500  TEMP(K) =   297.72  PRESS =     0.0
 Etot   =    -58177.7193  EKtot   =     14311.6602  EPtot      =    -72489.3795
 BOND   =       446.4888  ANGLE   =      1271.7661  DIHED      =       998.0754
 1-4 NB =       558.0004  1-4 EEL =      6607.2313  VDWAALS    =      8258.3338
 EELEC  =    -90629.2752  EHBOND  =         0.0000  RESTRAINT  =         0.0000
 Ewald error estimate:   0.6969E-04
 ------------------------------------------------------------------------------


 NSTEP =    35600   TIME(PS) =      41.600  TEMP(K) =   296.72  PRESS =     0.0
 Etot   =    -58177.6993  EKtot   =     14263.7379  EPtot      =    -72441.4372
 BOND   =       453.9495  ANGLE   =      1230.0119  DIHED      =       976.8983
 1-4 NB =       555.6047  1-4 EEL =      6634.0050  VDWAALS    =      8275.2259
 EELEC  =    -90567.1326  EHBOND  =         0.0000  RESTRAINT  =         0.0000
 Ewald error estimate:   0.2743E-04
 ------------------------------------------------------------------------------


 NSTEP =    35700   TIME(PS) =      41.700  TEMP(K) =   297.79  PRESS =     0.0
 Etot   =    -58177.9986  EKtot   =     14315.2039  EPtot      =    -72493.2026
 BOND   =       454.2384  ANGLE   =      1189.1291  DIHED      =       973.6465
 1-4 NB =       551.6960  1-4 EEL =      6621.5108  VDWAALS    =      8307.7751
 EELEC  =    -90591.1986  EHBOND  =         0.0000  RESTRAINT  =         0.0000
 Ewald error estimate:   0.8709E-04
 ------------------------------------------------------------------------------


 NSTEP =    35800   TIME(PS) =      41.800  TEMP(K) =   298.17  PRESS =     0.0
 Etot   =    -58176.9214  EKtot   =     14333.2832  EPtot      =    -72510.2046
 BOND   =       462.3780  ANGLE   =      1272.1764  DIHED      =       950.2033
 1-4 NB =       533.0387  1-4 EEL =      6569.5000  VDWAALS    =      8467.1215
 EELEC  =    -90764.6225  EHBOND  =         0.0000  RESTRAINT  =         0.0000
 Ewald error estimate:   0.7938E-04
 ------------------------------------------------------------------------------


 NSTEP =    35900   TIME(PS) =      41.900  TEMP(K) =   296.17  PRESS =     0.0
 Etot   =    -58176.2659  EKtot   =     14237.3560  EPtot      =    -72413.6219
 BOND   =       467.8888  ANGLE   =      1284.1230  DIHED      =       994.4653
 1-4 NB =       541.9537  1-4 EEL =      6583.1869  VDWAALS    =      8567.6564
 EELEC  =    -90852.8960  EHBOND  =         0.0000  RESTRAINT  =         0.0000
 Ewald error estimate:   0.4765E-04
 ------------------------------------------------------------------------------

check COM velocity, temp:        0.000000     0.00(Removed)

 NSTEP =    36000   TIME(PS) =      42.000  TEMP(K) =   298.95  PRESS =     0.0
 Etot   =    -58178.2278  EKtot   =     14370.7271  EPtot      =    -72548.9549
 BOND   =       458.1398  ANGLE   =      1201.1706  DIHED      =       989.6839
 1-4 NB =       554.8242  1-4 EEL =      6596.3501  VDWAALS    =      8470.0073
 EELEC  =    -90819.1309  EHBOND  =         0.0000  RESTRAINT  =         0.0000
 Ewald error estimate:   0.1092E-03
 ------------------------------------------------------------------------------


 NSTEP =    36100   TIME(PS) =      42.100  TEMP(K) =   297.10  PRESS =     0.0
 Etot   =    -58176.9139  EKtot   =     14281.9124  EPtot      =    -72458.8262
 BOND   =       472.0148  ANGLE   =      1224.7217  DIHED      =       989.7993
 1-4 NB =       557.1457  1-4 EEL =      6618.5910  VDWAALS    =      8321.6464
 EELEC  =    -90642.7451  EHBOND  =         0.0000  RESTRAINT  =         0.0000
 Ewald error estimate:   0.4522E-04
 ------------------------------------------------------------------------------


 NSTEP =    36200   TIME(PS) =      42.200  TEMP(K) =   297.19  PRESS =     0.0
 Etot   =    -58176.2609  EKtot   =     14286.2195  EPtot      =    -72462.4804
 BOND   =       461.8765  ANGLE   =      1243.9987  DIHED      =       974.5669
 1-4 NB =       539.7604  1-4 EEL =      6668.0890  VDWAALS    =      8314.9670
 EELEC  =    -90665.7387  EHBOND  =         0.0000  RESTRAINT  =         0.0000
 Ewald error estimate:   0.1782E-03
 ------------------------------------------------------------------------------


 NSTEP =    36300   TIME(PS) =      42.300  TEMP(K) =   297.02  PRESS =     0.0
 Etot   =    -58176.8454  EKtot   =     14278.1033  EPtot      =    -72454.9487
 BOND   =       482.5596  ANGLE   =      1211.1804  DIHED      =       994.7327
 1-4 NB =       547.2335  1-4 EEL =      6607.3271  VDWAALS    =      8433.5117
 EELEC  =    -90731.4937  EHBOND  =         0.0000  RESTRAINT  =         0.0000
 Ewald error estimate:   0.3774E-04
 ------------------------------------------------------------------------------


 NSTEP =    36400   TIME(PS) =      42.400  TEMP(K) =   296.22  PRESS =     0.0
 Etot   =    -58176.7979  EKtot   =     14239.7672  EPtot      =    -72416.5650
 BOND   =       497.1158  ANGLE   =      1218.3576  DIHED      =       983.4271
 1-4 NB =       543.0418  1-4 EEL =      6610.2383  VDWAALS    =      8271.7295
 EELEC  =    -90540.4752  EHBOND  =         0.0000  RESTRAINT  =         0.0000
 Ewald error estimate:   0.4015E-04
 ------------------------------------------------------------------------------


 NSTEP =    36500   TIME(PS) =      42.500  TEMP(K) =   299.14  PRESS =     0.0
 Etot   =    -58176.4243  EKtot   =     14379.9252  EPtot      =    -72556.3494
 BOND   =       460.4892  ANGLE   =      1287.2143  DIHED      =       979.4279
 1-4 NB =       540.7194  1-4 EEL =      6608.2245  VDWAALS    =      8399.9678
 EELEC  =    -90832.3927  EHBOND  =         0.0000  RESTRAINT  =         0.0000
 Ewald error estimate:   0.1529E-03
 ------------------------------------------------------------------------------


 NSTEP =    36600   TIME(PS) =      42.600  TEMP(K) =   296.48  PRESS =     0.0
 Etot   =    -58176.7754  EKtot   =     14252.3615  EPtot      =    -72429.1370
 BOND   =       471.5970  ANGLE   =      1259.7549  DIHED      =      1005.2879
 1-4 NB =       554.1928  1-4 EEL =      6602.2287  VDWAALS    =      8206.5483
 EELEC  =    -90528.7466  EHBOND  =         0.0000  RESTRAINT  =         0.0000
 Ewald error estimate:   0.1165E-03
 ------------------------------------------------------------------------------


 NSTEP =    36700   TIME(PS) =      42.700  TEMP(K) =   295.50  PRESS =     0.0
 Etot   =    -58177.5437  EKtot   =     14204.8208  EPtot      =    -72382.3645
 BOND   =       446.1718  ANGLE   =      1232.2022  DIHED      =       993.5762
 1-4 NB =       550.9245  1-4 EEL =      6661.2847  VDWAALS    =      8168.1016
 EELEC  =    -90434.6254  EHBOND  =         0.0000  RESTRAINT  =         0.0000
 Ewald error estimate:   0.4791E-04
 ------------------------------------------------------------------------------


 NSTEP =    36800   TIME(PS) =      42.800  TEMP(K) =   295.71  PRESS =     0.0
 Etot   =    -58176.8759  EKtot   =     14215.2841  EPtot      =    -72392.1600
 BOND   =       478.2763  ANGLE   =      1251.3830  DIHED      =      1003.9214
 1-4 NB =       558.2007  1-4 EEL =      6629.9029  VDWAALS    =      8379.3030
 EELEC  =    -90693.1474  EHBOND  =         0.0000  RESTRAINT  =         0.0000
 Ewald error estimate:   0.5688E-04
 ------------------------------------------------------------------------------


 NSTEP =    36900   TIME(PS) =      42.900  TEMP(K) =   295.03  PRESS =     0.0
 Etot   =    -58177.1902  EKtot   =     14182.6083  EPtot      =    -72359.7985
 BOND   =       459.9994  ANGLE   =      1252.4552  DIHED      =       983.3271
 1-4 NB =       551.0501  1-4 EEL =      6669.7491  VDWAALS    =      8300.7016
 EELEC  =    -90577.0809  EHBOND  =         0.0000  RESTRAINT  =         0.0000
 Ewald error estimate:   0.1549E-03
 ------------------------------------------------------------------------------

check COM velocity, temp:        0.000000     0.00(Removed)

 NSTEP =    37000   TIME(PS) =      43.000  TEMP(K) =   297.78  PRESS =     0.0
 Etot   =    -58179.2064  EKtot   =     14314.7217  EPtot      =    -72493.9281
 BOND   =       457.0699  ANGLE   =      1282.1758  DIHED      =       981.8283
 1-4 NB =       532.6102  1-4 EEL =      6607.1671  VDWAALS    =      8192.2498
 EELEC  =    -90547.0292  EHBOND  =         0.0000  RESTRAINT  =         0.0000
 Ewald error estimate:   0.1189E-03
 ------------------------------------------------------------------------------


 NSTEP =    37100   TIME(PS) =      43.100  TEMP(K) =   298.64  PRESS =     0.0
 Etot   =    -58178.1168  EKtot   =     14356.0226  EPtot      =    -72534.1394
 BOND   =       461.0562  ANGLE   =      1260.2849  DIHED      =       969.3417
 1-4 NB =       554.9427  1-4 EEL =      6657.5934  VDWAALS    =      8237.3538
 EELEC  =    -90674.7121  EHBOND  =         0.0000  RESTRAINT  =         0.0000
 Ewald error estimate:   0.6196E-04
 ------------------------------------------------------------------------------


 NSTEP =    37200   TIME(PS) =      43.200  TEMP(K) =   297.61  PRESS =     0.0
 Etot   =    -58177.5852  EKtot   =     14306.2955  EPtot      =    -72483.8807
 BOND   =       459.3240  ANGLE   =      1256.2269  DIHED      =       964.1207
 1-4 NB =       563.2376  1-4 EEL =      6635.9459  VDWAALS    =      8394.0913
 EELEC  =    -90756.8270  EHBOND  =         0.0000  RESTRAINT  =         0.0000
 Ewald error estimate:   0.4348E-04
 ------------------------------------------------------------------------------


 NSTEP =    37300   TIME(PS) =      43.300  TEMP(K) =   297.02  PRESS =     0.0
 Etot   =    -58176.6273  EKtot   =     14277.9357  EPtot      =    -72454.5630
 BOND   =       497.0211  ANGLE   =      1264.9226  DIHED      =       979.2944
 1-4 NB =       544.8801  1-4 EEL =      6612.0333  VDWAALS    =      8348.3776
 EELEC  =    -90701.0922  EHBOND  =         0.0000  RESTRAINT  =         0.0000
 Ewald error estimate:   0.1004E-03
 ------------------------------------------------------------------------------


 NSTEP =    37400   TIME(PS) =      43.400  TEMP(K) =   296.67  PRESS =     0.0
 Etot   =    -58177.5406  EKtot   =     14261.5084  EPtot      =    -72439.0490
 BOND   =       476.2355  ANGLE   =      1277.9687  DIHED      =       960.9823
 1-4 NB =       545.6705  1-4 EEL =      6656.4957  VDWAALS    =      8397.9935
 EELEC  =    -90754.3953  EHBOND  =         0.0000  RESTRAINT  =         0.0000
 Ewald error estimate:   0.4199E-04
 ------------------------------------------------------------------------------


 NSTEP =    37500   TIME(PS) =      43.500  TEMP(K) =   296.67  PRESS =     0.0
 Etot   =    -58176.6613  EKtot   =     14261.4245  EPtot      =    -72438.0858
 BOND   =       469.4709  ANGLE   =      1280.8956  DIHED      =       964.0031
 1-4 NB =       545.5346  1-4 EEL =      6650.6234  VDWAALS    =      8383.0895
 EELEC  =    -90731.7028  EHBOND  =         0.0000  RESTRAINT  =         0.0000
 Ewald error estimate:   0.1009E-03
 ------------------------------------------------------------------------------


 NSTEP =    37600   TIME(PS) =      43.600  TEMP(K) =   297.86  PRESS =     0.0
 Etot   =    -58177.2271  EKtot   =     14318.2740  EPtot      =    -72495.5011
 BOND   =       454.8120  ANGLE   =      1280.2559  DIHED      =       968.6940
 1-4 NB =       543.8895  1-4 EEL =      6666.2076  VDWAALS    =      8309.0877
 EELEC  =    -90718.4478  EHBOND  =         0.0000  RESTRAINT  =         0.0000
 Ewald error estimate:   0.1120E-03
 ------------------------------------------------------------------------------


 NSTEP =    37700   TIME(PS) =      43.700  TEMP(K) =   298.61  PRESS =     0.0
 Etot   =    -58177.3343  EKtot   =     14354.2934  EPtot      =    -72531.6277
 BOND   =       481.9079  ANGLE   =      1295.9318  DIHED      =       979.0114
 1-4 NB =       540.6656  1-4 EEL =      6642.9578  VDWAALS    =      8279.7408
 EELEC  =    -90751.8430  EHBOND  =         0.0000  RESTRAINT  =         0.0000
 Ewald error estimate:   0.1047E-03
 ------------------------------------------------------------------------------


 NSTEP =    37800   TIME(PS) =      43.800  TEMP(K) =   297.48  PRESS =     0.0
 Etot   =    -58177.5973  EKtot   =     14300.3593  EPtot      =    -72477.9566
 BOND   =       444.8065  ANGLE   =      1309.0978  DIHED      =       969.0780
 1-4 NB =       548.6533  1-4 EEL =      6644.5569  VDWAALS    =      8093.0755
 EELEC  =    -90487.2247  EHBOND  =         0.0000  RESTRAINT  =         0.0000
 Ewald error estimate:   0.1189E-03
 ------------------------------------------------------------------------------


 NSTEP =    37900   TIME(PS) =      43.900  TEMP(K) =   298.62  PRESS =     0.0
 Etot   =    -58178.2788  EKtot   =     14355.0310  EPtot      =    -72533.3099
 BOND   =       452.9073  ANGLE   =      1285.4150  DIHED      =       975.2629
 1-4 NB =       555.8487  1-4 EEL =      6636.3419  VDWAALS    =      8270.5333
 EELEC  =    -90709.6192  EHBOND  =         0.0000  RESTRAINT  =         0.0000
 Ewald error estimate:   0.1430E-04
 ------------------------------------------------------------------------------

check COM velocity, temp:        0.000000     0.00(Removed)

 NSTEP =    38000   TIME(PS) =      44.000  TEMP(K) =   300.63  PRESS =     0.0
 Etot   =    -58177.5137  EKtot   =     14451.4232  EPtot      =    -72628.9369
 BOND   =       475.9429  ANGLE   =      1277.2126  DIHED      =      1005.2083
 1-4 NB =       552.4627  1-4 EEL =      6647.7707  VDWAALS    =      8351.6656
 EELEC  =    -90939.1998  EHBOND  =         0.0000  RESTRAINT  =         0.0000
 Ewald error estimate:   0.9989E-04
 ------------------------------------------------------------------------------


 NSTEP =    38100   TIME(PS) =      44.100  TEMP(K) =   296.84  PRESS =     0.0
 Etot   =    -58178.7917  EKtot   =     14269.3372  EPtot      =    -72448.1289
 BOND   =       447.1923  ANGLE   =      1301.5818  DIHED      =       972.8171
 1-4 NB =       526.6484  1-4 EEL =      6632.2804  VDWAALS    =      8439.7034
 EELEC  =    -90768.3523  EHBOND  =         0.0000  RESTRAINT  =         0.0000
 Ewald error estimate:   0.6940E-04
 ------------------------------------------------------------------------------


 NSTEP =    38200   TIME(PS) =      44.200  TEMP(K) =   297.57  PRESS =     0.0
 Etot   =    -58178.7144  EKtot   =     14304.5999  EPtot      =    -72483.3143
 BOND   =       459.9904  ANGLE   =      1237.4538  DIHED      =       967.8181
 1-4 NB =       544.2570  1-4 EEL =      6634.5546  VDWAALS    =      8251.6576
 EELEC  =    -90579.0457  EHBOND  =         0.0000  RESTRAINT  =         0.0000
 Ewald error estimate:   0.3273E-04
 ------------------------------------------------------------------------------


 NSTEP =    38300   TIME(PS) =      44.300  TEMP(K) =   297.71  PRESS =     0.0
 Etot   =    -58177.1278  EKtot   =     14311.3888  EPtot      =    -72488.5166
 BOND   =       472.5205  ANGLE   =      1299.4495  DIHED      =       965.2062
 1-4 NB =       535.8470  1-4 EEL =      6637.3613  VDWAALS    =      8666.7321
 EELEC  =    -91065.6332  EHBOND  =         0.0000  RESTRAINT  =         0.0000
 Ewald error estimate:   0.2013E-03
 ------------------------------------------------------------------------------


 NSTEP =    38400   TIME(PS) =      44.400  TEMP(K) =   298.29  PRESS =     0.0
 Etot   =    -58177.7059  EKtot   =     14339.3091  EPtot      =    -72517.0151
 BOND   =       494.4304  ANGLE   =      1291.2835  DIHED      =       971.0663
 1-4 NB =       550.9013  1-4 EEL =      6634.4636  VDWAALS    =      8376.1913
 EELEC  =    -90835.3516  EHBOND  =         0.0000  RESTRAINT  =         0.0000
 Ewald error estimate:   0.1986E-04
 ------------------------------------------------------------------------------


 NSTEP =    38500   TIME(PS) =      44.500  TEMP(K) =   299.44  PRESS =     0.0
 Etot   =    -58177.8404  EKtot   =     14394.2507  EPtot      =    -72572.0912
 BOND   =       490.0206  ANGLE   =      1291.2506  DIHED      =       956.8328
 1-4 NB =       535.6539  1-4 EEL =      6611.4498  VDWAALS    =      8391.5510
 EELEC  =    -90848.8499  EHBOND  =         0.0000  RESTRAINT  =         0.0000
 Ewald error estimate:   0.9724E-04
 ------------------------------------------------------------------------------


 NSTEP =    38600   TIME(PS) =      44.600  TEMP(K) =   296.83  PRESS =     0.0
 Etot   =    -58177.7721  EKtot   =     14268.8275  EPtot      =    -72446.5996
 BOND   =       469.7578  ANGLE   =      1257.7313  DIHED      =       973.7666
 1-4 NB =       554.9070  1-4 EEL =      6666.7929  VDWAALS    =      8316.5349
 EELEC  =    -90686.0901  EHBOND  =         0.0000  RESTRAINT  =         0.0000
 Ewald error estimate:   0.8325E-04
 ------------------------------------------------------------------------------


 NSTEP =    38700   TIME(PS) =      44.700  TEMP(K) =   298.70  PRESS =     0.0
 Etot   =    -58177.8701  EKtot   =     14358.9616  EPtot      =    -72536.8318
 BOND   =       469.6129  ANGLE   =      1270.5907  DIHED      =       966.2287
 1-4 NB =       560.0522  1-4 EEL =      6630.3873  VDWAALS    =      8393.5604
 EELEC  =    -90827.2640  EHBOND  =         0.0000  RESTRAINT  =         0.0000
 Ewald error estimate:   0.8812E-04
 ------------------------------------------------------------------------------


 NSTEP =    38800   TIME(PS) =      44.800  TEMP(K) =   296.50  PRESS =     0.0
 Etot   =    -58176.9901  EKtot   =     14253.3195  EPtot      =    -72430.3096
 BOND   =       451.6912  ANGLE   =      1236.4639  DIHED      =       981.9371
 1-4 NB =       550.5029  1-4 EEL =      6635.3124  VDWAALS    =      8369.1675
 EELEC  =    -90655.3845  EHBOND  =         0.0000  RESTRAINT  =         0.0000
 Ewald error estimate:   0.1511E-03
 ------------------------------------------------------------------------------


 NSTEP =    38900   TIME(PS) =      44.900  TEMP(K) =   299.91  PRESS =     0.0
 Etot   =    -58177.4092  EKtot   =     14417.0133  EPtot      =    -72594.4225
 BOND   =       454.4154  ANGLE   =      1267.7307  DIHED      =       983.8831
 1-4 NB =       558.7332  1-4 EEL =      6646.2809  VDWAALS    =      8395.1968
 EELEC  =    -90900.6626  EHBOND  =         0.0000  RESTRAINT  =         0.0000
 Ewald error estimate:   0.4727E-04
 ------------------------------------------------------------------------------

check COM velocity, temp:        0.000000     0.00(Removed)

 NSTEP =    39000   TIME(PS) =      45.000  TEMP(K) =   299.08  PRESS =     0.0
 Etot   =    -58176.4218  EKtot   =     14377.2096  EPtot      =    -72553.6314
 BOND   =       495.6469  ANGLE   =      1280.6098  DIHED      =       990.3688
 1-4 NB =       528.5405  1-4 EEL =      6646.0705  VDWAALS    =      8275.4522
 EELEC  =    -90770.3201  EHBOND  =         0.0000  RESTRAINT  =         0.0000
 Ewald error estimate:   0.2009E-03
 ------------------------------------------------------------------------------


 NSTEP =    39100   TIME(PS) =      45.100  TEMP(K) =   298.60  PRESS =     0.0
 Etot   =    -58177.0923  EKtot   =     14353.8277  EPtot      =    -72530.9199
 BOND   =       463.9169  ANGLE   =      1251.8971  DIHED      =      1013.2003
 1-4 NB =       545.2809  1-4 EEL =      6701.4787  VDWAALS    =      8347.1255
 EELEC  =    -90853.8192  EHBOND  =         0.0000  RESTRAINT  =         0.0000
 Ewald error estimate:   0.3796E-04
 ------------------------------------------------------------------------------


 NSTEP =    39200   TIME(PS) =      45.200  TEMP(K) =   296.44  PRESS =     0.0
 Etot   =    -58177.9919  EKtot   =     14250.4357  EPtot      =    -72428.4276
 BOND   =       429.0666  ANGLE   =      1230.1179  DIHED      =       999.4732
 1-4 NB =       555.3996  1-4 EEL =      6692.3755  VDWAALS    =      8294.9573
 EELEC  =    -90629.8177  EHBOND  =         0.0000  RESTRAINT  =         0.0000
 Ewald error estimate:   0.1227E-04
 ------------------------------------------------------------------------------


 NSTEP =    39300   TIME(PS) =      45.300  TEMP(K) =   297.91  PRESS =     0.0
 Etot   =    -58177.1718  EKtot   =     14320.9447  EPtot      =    -72498.1166
 BOND   =       501.0679  ANGLE   =      1327.8952  DIHED      =       960.4334
 1-4 NB =       531.7593  1-4 EEL =      6609.9447  VDWAALS    =      8301.7987
 EELEC  =    -90731.0158  EHBOND  =         0.0000  RESTRAINT  =         0.0000
 Ewald error estimate:   0.4359E-04
 ------------------------------------------------------------------------------


 NSTEP =    39400   TIME(PS) =      45.400  TEMP(K) =   296.44  PRESS =     0.0
 Etot   =    -58177.1179  EKtot   =     14250.4510  EPtot      =    -72427.5689
 BOND   =       455.7682  ANGLE   =      1300.1290  DIHED      =      1005.9155
 1-4 NB =       539.9945  1-4 EEL =      6618.9540  VDWAALS    =      8230.2740
 EELEC  =    -90578.6041  EHBOND  =         0.0000  RESTRAINT  =         0.0000
 Ewald error estimate:   0.4539E-04
 ------------------------------------------------------------------------------


 NSTEP =    39500   TIME(PS) =      45.500  TEMP(K) =   296.84  PRESS =     0.0
 Etot   =    -58178.1286  EKtot   =     14269.3338  EPtot      =    -72447.4624
 BOND   =       454.8798  ANGLE   =      1263.7051  DIHED      =       997.1340
 1-4 NB =       544.7858  1-4 EEL =      6608.1413  VDWAALS    =      8157.8230
 EELEC  =    -90473.9314  EHBOND  =         0.0000  RESTRAINT  =         0.0000
 Ewald error estimate:   0.1180E-03
 ------------------------------------------------------------------------------


 NSTEP =    39600   TIME(PS) =      45.600  TEMP(K) =   297.97  PRESS =     0.0
 Etot   =    -58177.9445  EKtot   =     14323.5505  EPtot      =    -72501.4950
 BOND   =       487.2813  ANGLE   =      1240.8849  DIHED      =       978.0114
 1-4 NB =       543.9055  1-4 EEL =      6663.7357  VDWAALS    =      8313.4491
 EELEC  =    -90728.7628  EHBOND  =         0.0000  RESTRAINT  =         0.0000
 Ewald error estimate:   0.2480E-04
 ------------------------------------------------------------------------------


 NSTEP =    39700   TIME(PS) =      45.700  TEMP(K) =   299.30  PRESS =     0.0
 Etot   =    -58176.8141  EKtot   =     14387.4639  EPtot      =    -72564.2780
 BOND   =       497.1717  ANGLE   =      1263.1411  DIHED      =       992.8792
 1-4 NB =       539.0839  1-4 EEL =      6596.8258  VDWAALS    =      8544.1703
 EELEC  =    -90997.5500  EHBOND  =         0.0000  RESTRAINT  =         0.0000
 Ewald error estimate:   0.4058E-04
 ------------------------------------------------------------------------------


 NSTEP =    39800   TIME(PS) =      45.800  TEMP(K) =   299.52  PRESS =     0.0
 Etot   =    -58176.3699  EKtot   =     14398.2764  EPtot      =    -72574.6463
 BOND   =       456.7722  ANGLE   =      1262.0809  DIHED      =      1003.6994
 1-4 NB =       567.0818  1-4 EEL =      6632.7145  VDWAALS    =      8593.9807
 EELEC  =    -91090.9759  EHBOND  =         0.0000  RESTRAINT  =         0.0000
 Ewald error estimate:   0.8095E-04
 ------------------------------------------------------------------------------


 NSTEP =    39900   TIME(PS) =      45.900  TEMP(K) =   300.89  PRESS =     0.0
 Etot   =    -58177.3509  EKtot   =     14464.3211  EPtot      =    -72641.6721
 BOND   =       466.7569  ANGLE   =      1264.7538  DIHED      =       967.8938
 1-4 NB =       546.7272  1-4 EEL =      6613.4485  VDWAALS    =      8564.5474
 EELEC  =    -91065.7997  EHBOND  =         0.0000  RESTRAINT  =         0.0000
 Ewald error estimate:   0.3216E-04
 ------------------------------------------------------------------------------

check COM velocity, temp:        0.000000     0.00(Removed)

 NSTEP =    40000   TIME(PS) =      46.000  TEMP(K) =   297.95  PRESS =     0.0
 Etot   =    -58177.1214  EKtot   =     14322.6214  EPtot      =    -72499.7429
 BOND   =       465.6015  ANGLE   =      1289.9351  DIHED      =       991.7921
 1-4 NB =       537.9756  1-4 EEL =      6612.5609  VDWAALS    =      8343.6737
 EELEC  =    -90741.2817  EHBOND  =         0.0000  RESTRAINT  =         0.0000
 Ewald error estimate:   0.2478E-04
 ------------------------------------------------------------------------------


 NSTEP =    40100   TIME(PS) =      46.100  TEMP(K) =   296.45  PRESS =     0.0
 Etot   =    -58177.0922  EKtot   =     14250.4799  EPtot      =    -72427.5721
 BOND   =       482.1115  ANGLE   =      1263.6315  DIHED      =       990.3232
 1-4 NB =       549.3871  1-4 EEL =      6656.6238  VDWAALS    =      8490.6697
 EELEC  =    -90860.3189  EHBOND  =         0.0000  RESTRAINT  =         0.0000
 Ewald error estimate:   0.1354E-04
 ------------------------------------------------------------------------------


 NSTEP =    40200   TIME(PS) =      46.200  TEMP(K) =   298.26  PRESS =     0.0
 Etot   =    -58177.1083  EKtot   =     14337.6933  EPtot      =    -72514.8016
 BOND   =       496.2531  ANGLE   =      1257.8787  DIHED      =       962.3268
 1-4 NB =       562.5527  1-4 EEL =      6685.0321  VDWAALS    =      8369.3629
 EELEC  =    -90848.2079  EHBOND  =         0.0000  RESTRAINT  =         0.0000
 Ewald error estimate:   0.1374E-03
 ------------------------------------------------------------------------------


 NSTEP =    40300   TIME(PS) =      46.300  TEMP(K) =   297.75  PRESS =     0.0
 Etot   =    -58176.1825  EKtot   =     14313.0056  EPtot      =    -72489.1881
 BOND   =       450.1968  ANGLE   =      1312.2462  DIHED      =       981.6283
 1-4 NB =       554.5631  1-4 EEL =      6654.7120  VDWAALS    =      8315.2360
 EELEC  =    -90757.7705  EHBOND  =         0.0000  RESTRAINT  =         0.0000
 Ewald error estimate:   0.1518E-03
 ------------------------------------------------------------------------------


 NSTEP =    40400   TIME(PS) =      46.400  TEMP(K) =   297.63  PRESS =     0.0
 Etot   =    -58176.9394  EKtot   =     14307.6061  EPtot      =    -72484.5455
 BOND   =       472.3849  ANGLE   =      1247.2385  DIHED      =       978.5024
 1-4 NB =       543.5003  1-4 EEL =      6671.6700  VDWAALS    =      8449.7822
 EELEC  =    -90847.6237  EHBOND  =         0.0000  RESTRAINT  =         0.0000
 Ewald error estimate:   0.1040E-03
 ------------------------------------------------------------------------------


 NSTEP =    40500   TIME(PS) =      46.500  TEMP(K) =   297.42  PRESS =     0.0
 Etot   =    -58177.0830  EKtot   =     14297.2722  EPtot      =    -72474.3552
 BOND   =       481.6427  ANGLE   =      1243.4783  DIHED      =       999.3008
 1-4 NB =       538.7591  1-4 EEL =      6658.5755  VDWAALS    =      8323.7926
 EELEC  =    -90719.9043  EHBOND  =         0.0000  RESTRAINT  =         0.0000
 Ewald error estimate:   0.1208E-04
 ------------------------------------------------------------------------------


 NSTEP =    40600   TIME(PS) =      46.600  TEMP(K) =   297.73  PRESS =     0.0
 Etot   =    -58176.6613  EKtot   =     14312.1873  EPtot      =    -72488.8486
 BOND   =       459.2100  ANGLE   =      1276.9045  DIHED      =       968.0628
 1-4 NB =       548.5715  1-4 EEL =      6670.5245  VDWAALS    =      8332.1597
 EELEC  =    -90744.2816  EHBOND  =         0.0000  RESTRAINT  =         0.0000
 Ewald error estimate:   0.6131E-05
 ------------------------------------------------------------------------------


 NSTEP =    40700   TIME(PS) =      46.700  TEMP(K) =   298.07  PRESS =     0.0
 Etot   =    -58177.8933  EKtot   =     14328.6945  EPtot      =    -72506.5878
 BOND   =       446.0470  ANGLE   =      1312.8083  DIHED      =       993.3296
 1-4 NB =       537.4812  1-4 EEL =      6654.2519  VDWAALS    =      8519.5821
 EELEC  =    -90970.0879  EHBOND  =         0.0000  RESTRAINT  =         0.0000
 Ewald error estimate:   0.5932E-04
 ------------------------------------------------------------------------------


 NSTEP =    40800   TIME(PS) =      46.800  TEMP(K) =   298.93  PRESS =     0.0
 Etot   =    -58176.9584  EKtot   =     14370.1100  EPtot      =    -72547.0683
 BOND   =       458.6650  ANGLE   =      1262.6346  DIHED      =       986.3400
 1-4 NB =       552.0672  1-4 EEL =      6622.2567  VDWAALS    =      8367.6042
 EELEC  =    -90796.6360  EHBOND  =         0.0000  RESTRAINT  =         0.0000
 Ewald error estimate:   0.1293E-03
 ------------------------------------------------------------------------------


 NSTEP =    40900   TIME(PS) =      46.900  TEMP(K) =   301.23  PRESS =     0.0
 Etot   =    -58177.7744  EKtot   =     14480.4624  EPtot      =    -72658.2367
 BOND   =       452.5080  ANGLE   =      1249.8028  DIHED      =      1004.4671
 1-4 NB =       561.4572  1-4 EEL =      6656.2759  VDWAALS    =      8616.4290
 EELEC  =    -91199.1767  EHBOND  =         0.0000  RESTRAINT  =         0.0000
 Ewald error estimate:   0.7769E-04
 ------------------------------------------------------------------------------

check COM velocity, temp:        0.000000     0.00(Removed)

 NSTEP =    41000   TIME(PS) =      47.000  TEMP(K) =   302.13  PRESS =     0.0
 Etot   =    -58177.4415  EKtot   =     14523.8943  EPtot      =    -72701.3358
 BOND   =       490.8167  ANGLE   =      1263.8018  DIHED      =       998.2660
 1-4 NB =       535.3025  1-4 EEL =      6612.7815  VDWAALS    =      8526.7603
 EELEC  =    -91129.0645  EHBOND  =         0.0000  RESTRAINT  =         0.0000
 Ewald error estimate:   0.7478E-04
 ------------------------------------------------------------------------------


 NSTEP =    41100   TIME(PS) =      47.100  TEMP(K) =   299.83  PRESS =     0.0
 Etot   =    -58177.5058  EKtot   =     14413.1556  EPtot      =    -72590.6614
 BOND   =       448.1455  ANGLE   =      1255.0249  DIHED      =       965.6344
 1-4 NB =       563.2505  1-4 EEL =      6656.7043  VDWAALS    =      8476.1790
 EELEC  =    -90955.6001  EHBOND  =         0.0000  RESTRAINT  =         0.0000
 Ewald error estimate:   0.9799E-04
 ------------------------------------------------------------------------------


 NSTEP =    41200   TIME(PS) =      47.200  TEMP(K) =   296.51  PRESS =     0.0
 Etot   =    -58177.6183  EKtot   =     14253.4466  EPtot      =    -72431.0649
 BOND   =       475.4931  ANGLE   =      1231.9452  DIHED      =       997.2140
 1-4 NB =       553.6439  1-4 EEL =      6621.2122  VDWAALS    =      8317.4924
 EELEC  =    -90628.0657  EHBOND  =         0.0000  RESTRAINT  =         0.0000
 Ewald error estimate:   0.1214E-03
 ------------------------------------------------------------------------------


 NSTEP =    41300   TIME(PS) =      47.300  TEMP(K) =   296.78  PRESS =     0.0
 Etot   =    -58176.8559  EKtot   =     14266.7504  EPtot      =    -72443.6064
 BOND   =       495.0906  ANGLE   =      1237.5623  DIHED      =      1011.4720
 1-4 NB =       541.9632  1-4 EEL =      6631.1826  VDWAALS    =      8509.8853
 EELEC  =    -90870.7624  EHBOND  =         0.0000  RESTRAINT  =         0.0000
 Ewald error estimate:   0.9915E-04
 ------------------------------------------------------------------------------


 NSTEP =    41400   TIME(PS) =      47.400  TEMP(K) =   298.49  PRESS =     0.0
 Etot   =    -58176.9861  EKtot   =     14348.8408  EPtot      =    -72525.8269
 BOND   =       498.1453  ANGLE   =      1285.2023  DIHED      =       972.7032
 1-4 NB =       536.3272  1-4 EEL =      6572.2225  VDWAALS    =      8375.5423
 EELEC  =    -90765.9696  EHBOND  =         0.0000  RESTRAINT  =         0.0000
 Ewald error estimate:   0.9060E-04
 ------------------------------------------------------------------------------


 NSTEP =    41500   TIME(PS) =      47.500  TEMP(K) =   297.80  PRESS =     0.0
 Etot   =    -58177.9156  EKtot   =     14315.5708  EPtot      =    -72493.4864
 BOND   =       490.4625  ANGLE   =      1281.9146  DIHED      =       969.3280
 1-4 NB =       550.1391  1-4 EEL =      6623.8697  VDWAALS    =      8309.6233
 EELEC  =    -90718.8236  EHBOND  =         0.0000  RESTRAINT  =         0.0000
 Ewald error estimate:   0.7293E-04
 ------------------------------------------------------------------------------


 NSTEP =    41600   TIME(PS) =      47.600  TEMP(K) =   297.21  PRESS =     0.0
 Etot   =    -58177.4159  EKtot   =     14287.3646  EPtot      =    -72464.7805
 BOND   =       474.8587  ANGLE   =      1285.1938  DIHED      =       981.1902
 1-4 NB =       542.1445  1-4 EEL =      6639.8939  VDWAALS    =      8261.4208
 EELEC  =    -90649.4825  EHBOND  =         0.0000  RESTRAINT  =         0.0000
 Ewald error estimate:   0.5536E-04
 ------------------------------------------------------------------------------


 NSTEP =    41700   TIME(PS) =      47.700  TEMP(K) =   299.09  PRESS =     0.0
 Etot   =    -58178.7981  EKtot   =     14377.7781  EPtot      =    -72556.5762
 BOND   =       482.3355  ANGLE   =      1249.7509  DIHED      =       999.1224
 1-4 NB =       546.4226  1-4 EEL =      6580.4117  VDWAALS    =      8182.2590
 EELEC  =    -90596.8782  EHBOND  =         0.0000  RESTRAINT  =         0.0000
 Ewald error estimate:   0.1152E-03
 ------------------------------------------------------------------------------


 NSTEP =    41800   TIME(PS) =      47.800  TEMP(K) =   299.62  PRESS =     0.0
 Etot   =    -58178.2196  EKtot   =     14403.0756  EPtot      =    -72581.2952
 BOND   =       491.9567  ANGLE   =      1231.5700  DIHED      =       994.7031
 1-4 NB =       546.9639  1-4 EEL =      6644.1860  VDWAALS    =      8400.0856
 EELEC  =    -90890.7604  EHBOND  =         0.0000  RESTRAINT  =         0.0000
 Ewald error estimate:   0.6937E-04
 ------------------------------------------------------------------------------


 NSTEP =    41900   TIME(PS) =      47.900  TEMP(K) =   298.76  PRESS =     0.0
 Etot   =    -58178.7835  EKtot   =     14361.6412  EPtot      =    -72540.4247
 BOND   =       467.6018  ANGLE   =      1286.3390  DIHED      =       988.9429
 1-4 NB =       547.8257  1-4 EEL =      6584.4404  VDWAALS    =      8336.6514
 EELEC  =    -90752.2259  EHBOND  =         0.0000  RESTRAINT  =         0.0000
 Ewald error estimate:   0.1081E-03
 ------------------------------------------------------------------------------

check COM velocity, temp:        0.000000     0.00(Removed)

 NSTEP =    42000   TIME(PS) =      48.000  TEMP(K) =   298.04  PRESS =     0.0
 Etot   =    -58176.9491  EKtot   =     14327.3136  EPtot      =    -72504.2627
 BOND   =       490.3835  ANGLE   =      1278.5740  DIHED      =       979.8792
 1-4 NB =       560.0954  1-4 EEL =      6588.8287  VDWAALS    =      8360.6641
 EELEC  =    -90762.6877  EHBOND  =         0.0000  RESTRAINT  =         0.0000
 Ewald error estimate:   0.1122E-03
 ------------------------------------------------------------------------------


 NSTEP =    42100   TIME(PS) =      48.100  TEMP(K) =   298.60  PRESS =     0.0
 Etot   =    -58177.7589  EKtot   =     14354.0474  EPtot      =    -72531.8063
 BOND   =       496.0516  ANGLE   =      1252.1376  DIHED      =       969.0003
 1-4 NB =       548.1248  1-4 EEL =      6656.1206  VDWAALS    =      8632.0517
 EELEC  =    -91085.2928  EHBOND  =         0.0000  RESTRAINT  =         0.0000
 Ewald error estimate:   0.8734E-04
 ------------------------------------------------------------------------------


 NSTEP =    42200   TIME(PS) =      48.200  TEMP(K) =   296.65  PRESS =     0.0
 Etot   =    -58177.9740  EKtot   =     14260.4829  EPtot      =    -72438.4569
 BOND   =       480.8508  ANGLE   =      1281.3954  DIHED      =       961.5461
 1-4 NB =       539.0278  1-4 EEL =      6657.2304  VDWAALS    =      8411.6105
 EELEC  =    -90770.1178  EHBOND  =         0.0000  RESTRAINT  =         0.0000
 Ewald error estimate:   0.4717E-04
 ------------------------------------------------------------------------------


 NSTEP =    42300   TIME(PS) =      48.300  TEMP(K) =   299.83  PRESS =     0.0
 Etot   =    -58177.5027  EKtot   =     14412.9803  EPtot      =    -72590.4830
 BOND   =       455.1288  ANGLE   =      1280.6533  DIHED      =      1002.3253
 1-4 NB =       547.7417  1-4 EEL =      6615.5452  VDWAALS    =      8420.9233
 EELEC  =    -90912.8005  EHBOND  =         0.0000  RESTRAINT  =         0.0000
 Ewald error estimate:   0.7437E-04
 ------------------------------------------------------------------------------


 NSTEP =    42400   TIME(PS) =      48.400  TEMP(K) =   299.89  PRESS =     0.0
 Etot   =    -58177.3343  EKtot   =     14416.0297  EPtot      =    -72593.3639
 BOND   =       501.5550  ANGLE   =      1276.5526  DIHED      =       984.7114
 1-4 NB =       525.0963  1-4 EEL =      6580.1760  VDWAALS    =      8517.8423
 EELEC  =    -90979.2974  EHBOND  =         0.0000  RESTRAINT  =         0.0000
 Ewald error estimate:   0.7386E-05
 ------------------------------------------------------------------------------


 NSTEP =    42500   TIME(PS) =      48.500  TEMP(K) =   298.44  PRESS =     0.0
 Etot   =    -58178.3210  EKtot   =     14346.1361  EPtot      =    -72524.4571
 BOND   =       460.8877  ANGLE   =      1216.1230  DIHED      =       983.9336
 1-4 NB =       545.9218  1-4 EEL =      6656.0637  VDWAALS    =      8371.7907
 EELEC  =    -90759.1776  EHBOND  =         0.0000  RESTRAINT  =         0.0000
 Ewald error estimate:   0.2990E-04
 ------------------------------------------------------------------------------


 NSTEP =    42600   TIME(PS) =      48.600  TEMP(K) =   297.49  PRESS =     0.0
 Etot   =    -58177.1892  EKtot   =     14300.7584  EPtot      =    -72477.9475
 BOND   =       471.8205  ANGLE   =      1277.2434  DIHED      =       978.7325
 1-4 NB =       553.3145  1-4 EEL =      6643.7224  VDWAALS    =      8521.6543
 EELEC  =    -90924.4352  EHBOND  =         0.0000  RESTRAINT  =         0.0000
 Ewald error estimate:   0.1014E-03
 ------------------------------------------------------------------------------


 NSTEP =    42700   TIME(PS) =      48.700  TEMP(K) =   297.84  PRESS =     0.0
 Etot   =    -58177.4189  EKtot   =     14317.4913  EPtot      =    -72494.9102
 BOND   =       449.9887  ANGLE   =      1291.1942  DIHED      =       977.6160
 1-4 NB =       548.8458  1-4 EEL =      6657.4827  VDWAALS    =      8299.1963
 EELEC  =    -90719.2340  EHBOND  =         0.0000  RESTRAINT  =         0.0000
 Ewald error estimate:   0.5264E-04
 ------------------------------------------------------------------------------


 NSTEP =    42800   TIME(PS) =      48.800  TEMP(K) =   297.23  PRESS =     0.0
 Etot   =    -58176.9691  EKtot   =     14288.1341  EPtot      =    -72465.1032
 BOND   =       491.7235  ANGLE   =      1271.2503  DIHED      =       996.3800
 1-4 NB =       527.3705  1-4 EEL =      6614.8745  VDWAALS    =      8352.9011
 EELEC  =    -90719.6031  EHBOND  =         0.0000  RESTRAINT  =         0.0000
 Ewald error estimate:   0.6000E-05
 ------------------------------------------------------------------------------


 NSTEP =    42900   TIME(PS) =      48.900  TEMP(K) =   299.20  PRESS =     0.0
 Etot   =    -58177.9429  EKtot   =     14382.9938  EPtot      =    -72560.9368
 BOND   =       476.2714  ANGLE   =      1257.9283  DIHED      =       984.4827
 1-4 NB =       549.0639  1-4 EEL =      6631.0264  VDWAALS    =      8142.0981
 EELEC  =    -90601.8077  EHBOND  =         0.0000  RESTRAINT  =         0.0000
 Ewald error estimate:   0.1029E-03
 ------------------------------------------------------------------------------

check COM velocity, temp:        0.000000     0.00(Removed)

 NSTEP =    43000   TIME(PS) =      49.000  TEMP(K) =   299.55  PRESS =     0.0
 Etot   =    -58178.1742  EKtot   =     14399.5162  EPtot      =    -72577.6904
 BOND   =       465.9549  ANGLE   =      1236.0598  DIHED      =      1004.7014
 1-4 NB =       551.7671  1-4 EEL =      6650.2351  VDWAALS    =      8148.8313
 EELEC  =    -90635.2401  EHBOND  =         0.0000  RESTRAINT  =         0.0000
 Ewald error estimate:   0.1151E-04
 ------------------------------------------------------------------------------


 NSTEP =    43100   TIME(PS) =      49.100  TEMP(K) =   297.91  PRESS =     0.0
 Etot   =    -58176.8691  EKtot   =     14320.6512  EPtot      =    -72497.5204
 BOND   =       473.1560  ANGLE   =      1276.7419  DIHED      =       991.5136
 1-4 NB =       531.4110  1-4 EEL =      6637.1389  VDWAALS    =      8263.6335
 EELEC  =    -90671.1152  EHBOND  =         0.0000  RESTRAINT  =         0.0000
 Ewald error estimate:   0.1563E-03
 ------------------------------------------------------------------------------


 NSTEP =    43200   TIME(PS) =      49.200  TEMP(K) =   296.63  PRESS =     0.0
 Etot   =    -58177.2529  EKtot   =     14259.2190  EPtot      =    -72436.4719
 BOND   =       468.8863  ANGLE   =      1258.9056  DIHED      =      1006.5155
 1-4 NB =       554.0842  1-4 EEL =      6634.1652  VDWAALS    =      8352.2776
 EELEC  =    -90711.3063  EHBOND  =         0.0000  RESTRAINT  =         0.0000
 Ewald error estimate:   0.1061E-03
 ------------------------------------------------------------------------------


 NSTEP =    43300   TIME(PS) =      49.300  TEMP(K) =   295.85  PRESS =     0.0
 Etot   =    -58178.4703  EKtot   =     14221.7975  EPtot      =    -72400.2677
 BOND   =       461.2032  ANGLE   =      1222.4665  DIHED      =       998.1352
 1-4 NB =       561.7419  1-4 EEL =      6652.7554  VDWAALS    =      8452.1756
 EELEC  =    -90748.7456  EHBOND  =         0.0000  RESTRAINT  =         0.0000
 Ewald error estimate:   0.2845E-04
 ------------------------------------------------------------------------------


 NSTEP =    43400   TIME(PS) =      49.400  TEMP(K) =   298.23  PRESS =     0.0
 Etot   =    -58177.4713  EKtot   =     14336.3789  EPtot      =    -72513.8502
 BOND   =       493.6243  ANGLE   =      1261.6415  DIHED      =       966.1203
 1-4 NB =       550.6524  1-4 EEL =      6681.5851  VDWAALS    =      8399.9432
 EELEC  =    -90867.4171  EHBOND  =         0.0000  RESTRAINT  =         0.0000
 Ewald error estimate:   0.1021E-03
 ------------------------------------------------------------------------------


 NSTEP =    43500   TIME(PS) =      49.500  TEMP(K) =   297.08  PRESS =     0.0
 Etot   =    -58177.7157  EKtot   =     14280.8981  EPtot      =    -72458.6138
 BOND   =       499.0013  ANGLE   =      1253.8841  DIHED      =       997.7123
 1-4 NB =       533.0341  1-4 EEL =      6673.3294  VDWAALS    =      8287.1724
 EELEC  =    -90702.7475  EHBOND  =         0.0000  RESTRAINT  =         0.0000
 Ewald error estimate:   0.2805E-04
 ------------------------------------------------------------------------------


 NSTEP =    43600   TIME(PS) =      49.600  TEMP(K) =   300.10  PRESS =     0.0
 Etot   =    -58177.5145  EKtot   =     14426.2029  EPtot      =    -72603.7174
 BOND   =       485.8661  ANGLE   =      1236.5698  DIHED      =       986.2134
 1-4 NB =       553.7233  1-4 EEL =      6667.6908  VDWAALS    =      8186.6264
 EELEC  =    -90720.4072  EHBOND  =         0.0000  RESTRAINT  =         0.0000
 Ewald error estimate:   0.2229E-04
 ------------------------------------------------------------------------------


 NSTEP =    43700   TIME(PS) =      49.700  TEMP(K) =   298.51  PRESS =     0.0
 Etot   =    -58177.4081  EKtot   =     14349.6415  EPtot      =    -72527.0496
 BOND   =       439.6872  ANGLE   =      1254.4450  DIHED      =       989.4354
 1-4 NB =       566.5320  1-4 EEL =      6692.1415  VDWAALS    =      8514.7087
 EELEC  =    -90983.9994  EHBOND  =         0.0000  RESTRAINT  =         0.0000
 Ewald error estimate:   0.6153E-04
 ------------------------------------------------------------------------------


 NSTEP =    43800   TIME(PS) =      49.800  TEMP(K) =   301.54  PRESS =     0.0
 Etot   =    -58178.6411  EKtot   =     14495.4094  EPtot      =    -72674.0505
 BOND   =       465.2419  ANGLE   =      1228.0230  DIHED      =       964.7758
 1-4 NB =       543.7277  1-4 EEL =      6593.0346  VDWAALS    =      8469.3184
 EELEC  =    -90938.1718  EHBOND  =         0.0000  RESTRAINT  =         0.0000
 Ewald error estimate:   0.4920E-04
 ------------------------------------------------------------------------------


 NSTEP =    43900   TIME(PS) =      49.900  TEMP(K) =   297.40  PRESS =     0.0
 Etot   =    -58176.8385  EKtot   =     14296.3600  EPtot      =    -72473.1985
 BOND   =       466.2195  ANGLE   =      1228.3959  DIHED      =       982.1723
 1-4 NB =       551.4715  1-4 EEL =      6616.9669  VDWAALS    =      8432.4396
 EELEC  =    -90750.8642  EHBOND  =         0.0000  RESTRAINT  =         0.0000
 Ewald error estimate:   0.2161E-03
 ------------------------------------------------------------------------------

check COM velocity, temp:        0.000000     0.00(Removed)

 NSTEP =    44000   TIME(PS) =      50.000  TEMP(K) =   298.23  PRESS =     0.0
 Etot   =    -58177.2362  EKtot   =     14336.3442  EPtot      =    -72513.5804
 BOND   =       460.8040  ANGLE   =      1249.7215  DIHED      =       995.8288
 1-4 NB =       556.4829  1-4 EEL =      6644.3276  VDWAALS    =      8366.8131
 EELEC  =    -90787.5583  EHBOND  =         0.0000  RESTRAINT  =         0.0000
 Ewald error estimate:   0.7768E-04
 ------------------------------------------------------------------------------


 NSTEP =    44100   TIME(PS) =      50.100  TEMP(K) =   298.62  PRESS =     0.0
 Etot   =    -58177.2139  EKtot   =     14354.9810  EPtot      =    -72532.1949
 BOND   =       458.2195  ANGLE   =      1254.9252  DIHED      =       982.9872
 1-4 NB =       561.2179  1-4 EEL =      6614.5838  VDWAALS    =      8278.9572
 EELEC  =    -90683.0857  EHBOND  =         0.0000  RESTRAINT  =         0.0000
 Ewald error estimate:   0.3122E-05
 ------------------------------------------------------------------------------


 NSTEP =    44200   TIME(PS) =      50.200  TEMP(K) =   298.94  PRESS =     0.0
 Etot   =    -58177.4641  EKtot   =     14370.3811  EPtot      =    -72547.8452
 BOND   =       462.5423  ANGLE   =      1279.9015  DIHED      =       992.6286
 1-4 NB =       546.0248  1-4 EEL =      6628.3911  VDWAALS    =      8365.8455
 EELEC  =    -90823.1790  EHBOND  =         0.0000  RESTRAINT  =         0.0000
 Ewald error estimate:   0.3677E-04
 ------------------------------------------------------------------------------


 NSTEP =    44300   TIME(PS) =      50.300  TEMP(K) =   298.33  PRESS =     0.0
 Etot   =    -58176.9456  EKtot   =     14341.2593  EPtot      =    -72518.2049
 BOND   =       455.0704  ANGLE   =      1253.8341  DIHED      =       990.8831
 1-4 NB =       559.8367  1-4 EEL =      6654.4452  VDWAALS    =      8586.3997
 EELEC  =    -91018.6741  EHBOND  =         0.0000  RESTRAINT  =         0.0000
 Ewald error estimate:   0.2260E-04
 ------------------------------------------------------------------------------


 NSTEP =    44400   TIME(PS) =      50.400  TEMP(K) =   299.11  PRESS =     0.0
 Etot   =    -58177.0343  EKtot   =     14378.4055  EPtot      =    -72555.4398
 BOND   =       443.7609  ANGLE   =      1247.5516  DIHED      =       994.6836
 1-4 NB =       559.7167  1-4 EEL =      6641.8438  VDWAALS    =      8405.3344
 EELEC  =    -90848.3308  EHBOND  =         0.0000  RESTRAINT  =         0.0000
 Ewald error estimate:   0.1434E-03
 ------------------------------------------------------------------------------


 NSTEP =    44500   TIME(PS) =      50.500  TEMP(K) =   297.14  PRESS =     0.0
 Etot   =    -58176.5587  EKtot   =     14283.7544  EPtot      =    -72460.3131
 BOND   =       444.9299  ANGLE   =      1272.9868  DIHED      =       988.3218
 1-4 NB =       562.7457  1-4 EEL =      6667.7583  VDWAALS    =      8321.5216
 EELEC  =    -90718.5772  EHBOND  =         0.0000  RESTRAINT  =         0.0000
 Ewald error estimate:   0.1119E-03
 ------------------------------------------------------------------------------


 NSTEP =    44600   TIME(PS) =      50.600  TEMP(K) =   300.35  PRESS =     0.0
 Etot   =    -58177.4582  EKtot   =     14438.0565  EPtot      =    -72615.5147
 BOND   =       443.0638  ANGLE   =      1243.0186  DIHED      =       982.4603
 1-4 NB =       551.6963  1-4 EEL =      6638.2512  VDWAALS    =      8414.3268
 EELEC  =    -90888.3317  EHBOND  =         0.0000  RESTRAINT  =         0.0000
 Ewald error estimate:   0.2417E-04
 ------------------------------------------------------------------------------


 NSTEP =    44700   TIME(PS) =      50.700  TEMP(K) =   299.48  PRESS =     0.0
 Etot   =    -58177.6340  EKtot   =     14396.4987  EPtot      =    -72574.1327
 BOND   =       444.3348  ANGLE   =      1201.3122  DIHED      =       982.1761
 1-4 NB =       562.5719  1-4 EEL =      6635.0097  VDWAALS    =      8521.0968
 EELEC  =    -90920.6343  EHBOND  =         0.0000  RESTRAINT  =         0.0000
 Ewald error estimate:   0.6485E-04
 ------------------------------------------------------------------------------


 NSTEP =    44800   TIME(PS) =      50.800  TEMP(K) =   299.25  PRESS =     0.0
 Etot   =    -58177.7011  EKtot   =     14385.1246  EPtot      =    -72562.8258
 BOND   =       449.3112  ANGLE   =      1208.0342  DIHED      =       975.0578
 1-4 NB =       552.8676  1-4 EEL =      6664.8521  VDWAALS    =      8757.5865
 EELEC  =    -91170.5352  EHBOND  =         0.0000  RESTRAINT  =         0.0000
 Ewald error estimate:   0.2681E-04
 ------------------------------------------------------------------------------


 NSTEP =    44900   TIME(PS) =      50.900  TEMP(K) =   299.98  PRESS =     0.0
 Etot   =    -58178.3620  EKtot   =     14420.2794  EPtot      =    -72598.6414
 BOND   =       449.3966  ANGLE   =      1231.1009  DIHED      =      1004.2763
 1-4 NB =       540.9054  1-4 EEL =      6620.1030  VDWAALS    =      8586.3571
 EELEC  =    -91030.7807  EHBOND  =         0.0000  RESTRAINT  =         0.0000
 Ewald error estimate:   0.2301E-03
 ------------------------------------------------------------------------------

check COM velocity, temp:        0.000000     0.00(Removed)

 NSTEP =    45000   TIME(PS) =      51.000  TEMP(K) =   298.20  PRESS =     0.0
 Etot   =    -58176.6864  EKtot   =     14334.8806  EPtot      =    -72511.5670
 BOND   =       470.1958  ANGLE   =      1238.6932  DIHED      =       998.4160
 1-4 NB =       541.9951  1-4 EEL =      6618.5718  VDWAALS    =      8416.9196
 EELEC  =    -90796.3586  EHBOND  =         0.0000  RESTRAINT  =         0.0000
 Ewald error estimate:   0.5394E-04
 ------------------------------------------------------------------------------


 NSTEP =    45100   TIME(PS) =      51.100  TEMP(K) =   296.72  PRESS =     0.0
 Etot   =    -58176.5099  EKtot   =     14263.5142  EPtot      =    -72440.0241
 BOND   =       440.2330  ANGLE   =      1255.8518  DIHED      =       993.2997
 1-4 NB =       544.2835  1-4 EEL =      6633.5756  VDWAALS    =      8450.9310
 EELEC  =    -90758.1987  EHBOND  =         0.0000  RESTRAINT  =         0.0000
 Ewald error estimate:   0.1724E-04
 ------------------------------------------------------------------------------


 NSTEP =    45200   TIME(PS) =      51.200  TEMP(K) =   299.18  PRESS =     0.0
 Etot   =    -58176.7618  EKtot   =     14382.1287  EPtot      =    -72558.8906
 BOND   =       459.3141  ANGLE   =      1228.8203  DIHED      =       988.8163
 1-4 NB =       548.2766  1-4 EEL =      6652.5112  VDWAALS    =      8440.5906
 EELEC  =    -90877.2198  EHBOND  =         0.0000  RESTRAINT  =         0.0000
 Ewald error estimate:   0.1050E-04
 ------------------------------------------------------------------------------


 NSTEP =    45300   TIME(PS) =      51.300  TEMP(K) =   296.90  PRESS =     0.0
 Etot   =    -58176.3851  EKtot   =     14272.1945  EPtot      =    -72448.5796
 BOND   =       470.0257  ANGLE   =      1223.7115  DIHED      =       995.9276
 1-4 NB =       533.2602  1-4 EEL =      6649.2244  VDWAALS    =      8290.3122
 EELEC  =    -90611.0411  EHBOND  =         0.0000  RESTRAINT  =         0.0000
 Ewald error estimate:   0.2251E-04
 ------------------------------------------------------------------------------


 NSTEP =    45400   TIME(PS) =      51.400  TEMP(K) =   298.23  PRESS =     0.0
 Etot   =    -58176.5981  EKtot   =     14336.4263  EPtot      =    -72513.0244
 BOND   =       473.8708  ANGLE   =      1233.5381  DIHED      =       988.0916
 1-4 NB =       531.5071  1-4 EEL =      6605.0825  VDWAALS    =      8199.2141
 EELEC  =    -90544.3286  EHBOND  =         0.0000  RESTRAINT  =         0.0000
 Ewald error estimate:   0.2556E-04
 ------------------------------------------------------------------------------


 NSTEP =    45500   TIME(PS) =      51.500  TEMP(K) =   297.85  PRESS =     0.0
 Etot   =    -58177.8893  EKtot   =     14317.9329  EPtot      =    -72495.8222
 BOND   =       467.3363  ANGLE   =      1198.6716  DIHED      =       980.8003
 1-4 NB =       551.0432  1-4 EEL =      6614.9690  VDWAALS    =      8483.7258
 EELEC  =    -90792.3685  EHBOND  =         0.0000  RESTRAINT  =         0.0000
 Ewald error estimate:   0.1067E-03
 ------------------------------------------------------------------------------


 NSTEP =    45600   TIME(PS) =      51.600  TEMP(K) =   296.00  PRESS =     0.0
 Etot   =    -58176.8547  EKtot   =     14229.2726  EPtot      =    -72406.1274
 BOND   =       437.8152  ANGLE   =      1229.1967  DIHED      =       964.8090
 1-4 NB =       546.8915  1-4 EEL =      6640.4344  VDWAALS    =      8480.3339
 EELEC  =    -90705.6080  EHBOND  =         0.0000  RESTRAINT  =         0.0000
 Ewald error estimate:   0.2418E-04
 ------------------------------------------------------------------------------


 NSTEP =    45700   TIME(PS) =      51.700  TEMP(K) =   296.62  PRESS =     0.0
 Etot   =    -58176.8390  EKtot   =     14258.8257  EPtot      =    -72435.6647
 BOND   =       484.6202  ANGLE   =      1235.9807  DIHED      =       991.3564
 1-4 NB =       545.0537  1-4 EEL =      6636.7753  VDWAALS    =      8403.0238
 EELEC  =    -90732.4748  EHBOND  =         0.0000  RESTRAINT  =         0.0000
 Ewald error estimate:   0.7711E-05
 ------------------------------------------------------------------------------


 NSTEP =    45800   TIME(PS) =      51.800  TEMP(K) =   296.68  PRESS =     0.0
 Etot   =    -58177.2772  EKtot   =     14261.5825  EPtot      =    -72438.8597
 BOND   =       464.7347  ANGLE   =      1216.9102  DIHED      =       988.2574
 1-4 NB =       566.3361  1-4 EEL =      6660.6862  VDWAALS    =      8238.6018
 EELEC  =    -90574.3861  EHBOND  =         0.0000  RESTRAINT  =         0.0000
 Ewald error estimate:   0.1099E-03
 ------------------------------------------------------------------------------


 NSTEP =    45900   TIME(PS) =      51.900  TEMP(K) =   297.92  PRESS =     0.0
 Etot   =    -58176.8996  EKtot   =     14321.2131  EPtot      =    -72498.1127
 BOND   =       452.8840  ANGLE   =      1266.7734  DIHED      =       995.1848
 1-4 NB =       547.4498  1-4 EEL =      6610.0113  VDWAALS    =      8457.9634
 EELEC  =    -90828.3794  EHBOND  =         0.0000  RESTRAINT  =         0.0000
 Ewald error estimate:   0.1299E-04
 ------------------------------------------------------------------------------

check COM velocity, temp:        0.000000     0.00(Removed)

 NSTEP =    46000   TIME(PS) =      52.000  TEMP(K) =   302.02  PRESS =     0.0
 Etot   =    -58178.3510  EKtot   =     14518.6739  EPtot      =    -72697.0249
 BOND   =       441.0848  ANGLE   =      1214.2037  DIHED      =       988.1227
 1-4 NB =       554.4866  1-4 EEL =      6610.6071  VDWAALS    =      8422.5203
 EELEC  =    -90928.0501  EHBOND  =         0.0000  RESTRAINT  =         0.0000
 Ewald error estimate:   0.8062E-05
 ------------------------------------------------------------------------------


 NSTEP =    46100   TIME(PS) =      52.100  TEMP(K) =   297.55  PRESS =     0.0
 Etot   =    -58176.0365  EKtot   =     14303.7393  EPtot      =    -72479.7758
 BOND   =       475.6436  ANGLE   =      1260.3078  DIHED      =       994.3293
 1-4 NB =       549.6262  1-4 EEL =      6611.6457  VDWAALS    =      8297.9933
 EELEC  =    -90669.3217  EHBOND  =         0.0000  RESTRAINT  =         0.0000
 Ewald error estimate:   0.9785E-04
 ------------------------------------------------------------------------------


 NSTEP =    46200   TIME(PS) =      52.200  TEMP(K) =   300.37  PRESS =     0.0
 Etot   =    -58177.2149  EKtot   =     14439.0633  EPtot      =    -72616.2782
 BOND   =       457.7707  ANGLE   =      1251.2912  DIHED      =       977.8306
 1-4 NB =       555.9935  1-4 EEL =      6650.9988  VDWAALS    =      8236.7342
 EELEC  =    -90746.8972  EHBOND  =         0.0000  RESTRAINT  =         0.0000
 Ewald error estimate:   0.2278E-04
 ------------------------------------------------------------------------------


 NSTEP =    46300   TIME(PS) =      52.300  TEMP(K) =   296.47  PRESS =     0.0
 Etot   =    -58177.6121  EKtot   =     14251.5723  EPtot      =    -72429.1844
 BOND   =       455.6875  ANGLE   =      1290.6068  DIHED      =       987.8732
 1-4 NB =       532.5416  1-4 EEL =      6599.9409  VDWAALS    =      8314.8110
 EELEC  =    -90610.6454  EHBOND  =         0.0000  RESTRAINT  =         0.0000
 Ewald error estimate:   0.1449E-03
 ------------------------------------------------------------------------------


 NSTEP =    46400   TIME(PS) =      52.400  TEMP(K) =   298.74  PRESS =     0.0
 Etot   =    -58177.5986  EKtot   =     14360.6623  EPtot      =    -72538.2609
 BOND   =       456.9659  ANGLE   =      1234.5322  DIHED      =       980.3378
 1-4 NB =       557.7872  1-4 EEL =      6617.0684  VDWAALS    =      8362.7363
 EELEC  =    -90747.6887  EHBOND  =         0.0000  RESTRAINT  =         0.0000
 Ewald error estimate:   0.7497E-04
 ------------------------------------------------------------------------------


 NSTEP =    46500   TIME(PS) =      52.500  TEMP(K) =   296.34  PRESS =     0.0
 Etot   =    -58176.7995  EKtot   =     14245.5479  EPtot      =    -72422.3474
 BOND   =       475.4413  ANGLE   =      1277.2248  DIHED      =       988.5988
 1-4 NB =       539.2003  1-4 EEL =      6601.6127  VDWAALS    =      8118.8713
 EELEC  =    -90423.2965  EHBOND  =         0.0000  RESTRAINT  =         0.0000
 Ewald error estimate:   0.4575E-04
 ------------------------------------------------------------------------------


 NSTEP =    46600   TIME(PS) =      52.600  TEMP(K) =   295.90  PRESS =     0.0
 Etot   =    -58177.1086  EKtot   =     14224.3510  EPtot      =    -72401.4596
 BOND   =       471.4774  ANGLE   =      1238.4756  DIHED      =       967.3618
 1-4 NB =       545.6421  1-4 EEL =      6607.7392  VDWAALS    =      8282.8631
 EELEC  =    -90515.0188  EHBOND  =         0.0000  RESTRAINT  =         0.0000
 Ewald error estimate:   0.5127E-04
 ------------------------------------------------------------------------------


 NSTEP =    46700   TIME(PS) =      52.700  TEMP(K) =   298.22  PRESS =     0.0
 Etot   =    -58176.9426  EKtot   =     14335.7597  EPtot      =    -72512.7023
 BOND   =       458.7189  ANGLE   =      1260.8804  DIHED      =       988.8400
 1-4 NB =       528.7863  1-4 EEL =      6612.7689  VDWAALS    =      8462.5814
 EELEC  =    -90825.2782  EHBOND  =         0.0000  RESTRAINT  =         0.0000
 Ewald error estimate:   0.3502E-04
 ------------------------------------------------------------------------------


 NSTEP =    46800   TIME(PS) =      52.800  TEMP(K) =   297.34  PRESS =     0.0
 Etot   =    -58177.0835  EKtot   =     14293.4327  EPtot      =    -72470.5161
 BOND   =       464.7612  ANGLE   =      1253.3739  DIHED      =       989.2842
 1-4 NB =       554.7332  1-4 EEL =      6655.2961  VDWAALS    =      8411.8673
 EELEC  =    -90799.8320  EHBOND  =         0.0000  RESTRAINT  =         0.0000
 Ewald error estimate:   0.2773E-04
 ------------------------------------------------------------------------------


 NSTEP =    46900   TIME(PS) =      52.900  TEMP(K) =   298.51  PRESS =     0.0
 Etot   =    -58177.0891  EKtot   =     14349.9583  EPtot      =    -72527.0474
 BOND   =       434.3091  ANGLE   =      1268.0609  DIHED      =       976.8146
 1-4 NB =       547.4210  1-4 EEL =      6645.6973  VDWAALS    =      8488.8497
 EELEC  =    -90888.2001  EHBOND  =         0.0000  RESTRAINT  =         0.0000
 Ewald error estimate:   0.6013E-04
 ------------------------------------------------------------------------------

check COM velocity, temp:        0.000000     0.00(Removed)

 NSTEP =    47000   TIME(PS) =      53.000  TEMP(K) =   297.96  PRESS =     0.0
 Etot   =    -58178.5113  EKtot   =     14323.2288  EPtot      =    -72501.7401
 BOND   =       459.8263  ANGLE   =      1217.6613  DIHED      =      1006.3804
 1-4 NB =       527.7276  1-4 EEL =      6641.3454  VDWAALS    =      8269.6282
 EELEC  =    -90624.3092  EHBOND  =         0.0000  RESTRAINT  =         0.0000
 Ewald error estimate:   0.7191E-04
 ------------------------------------------------------------------------------


 NSTEP =    47100   TIME(PS) =      53.100  TEMP(K) =   299.97  PRESS =     0.0
 Etot   =    -58178.7472  EKtot   =     14420.0619  EPtot      =    -72598.8091
 BOND   =       414.5361  ANGLE   =      1267.8936  DIHED      =       983.0873
 1-4 NB =       555.9330  1-4 EEL =      6641.4633  VDWAALS    =      8278.5922
 EELEC  =    -90740.3146  EHBOND  =         0.0000  RESTRAINT  =         0.0000
 Ewald error estimate:   0.1354E-04
 ------------------------------------------------------------------------------


 NSTEP =    47200   TIME(PS) =      53.200  TEMP(K) =   299.37  PRESS =     0.0
 Etot   =    -58178.2126  EKtot   =     14390.8575  EPtot      =    -72569.0702
 BOND   =       470.9698  ANGLE   =      1233.6950  DIHED      =       979.7325
 1-4 NB =       545.1744  1-4 EEL =      6639.1982  VDWAALS    =      8393.6262
 EELEC  =    -90831.4663  EHBOND  =         0.0000  RESTRAINT  =         0.0000
 Ewald error estimate:   0.7741E-04
 ------------------------------------------------------------------------------


 NSTEP =    47300   TIME(PS) =      53.300  TEMP(K) =   298.40  PRESS =     0.0
 Etot   =    -58178.2115  EKtot   =     14344.3769  EPtot      =    -72522.5885
 BOND   =       460.2558  ANGLE   =      1257.8726  DIHED      =       999.2277
 1-4 NB =       557.0204  1-4 EEL =      6586.9190  VDWAALS    =      8466.0413
 EELEC  =    -90849.9254  EHBOND  =         0.0000  RESTRAINT  =         0.0000
 Ewald error estimate:   0.5373E-04
 ------------------------------------------------------------------------------


 NSTEP =    47400   TIME(PS) =      53.400  TEMP(K) =   299.67  PRESS =     0.0
 Etot   =    -58178.3090  EKtot   =     14405.4405  EPtot      =    -72583.7495
 BOND   =       452.0022  ANGLE   =      1223.5809  DIHED      =       992.2963
 1-4 NB =       538.3732  1-4 EEL =      6660.6086  VDWAALS    =      8495.5087
 EELEC  =    -90946.1195  EHBOND  =         0.0000  RESTRAINT  =         0.0000
 Ewald error estimate:   0.3054E-04
 ------------------------------------------------------------------------------


 NSTEP =    47500   TIME(PS) =      53.500  TEMP(K) =   296.61  PRESS =     0.0
 Etot   =    -58177.9454  EKtot   =     14258.6054  EPtot      =    -72436.5507
 BOND   =       440.2818  ANGLE   =      1257.0451  DIHED      =       978.1121
 1-4 NB =       539.7798  1-4 EEL =      6624.3784  VDWAALS    =      8245.9893
 EELEC  =    -90522.1373  EHBOND  =         0.0000  RESTRAINT  =         0.0000
 Ewald error estimate:   0.1004E-03
 ------------------------------------------------------------------------------


 NSTEP =    47600   TIME(PS) =      53.600  TEMP(K) =   297.19  PRESS =     0.0
 Etot   =    -58177.4729  EKtot   =     14286.1455  EPtot      =    -72463.6183
 BOND   =       472.8635  ANGLE   =      1249.4921  DIHED      =       971.4825
 1-4 NB =       549.4425  1-4 EEL =      6612.8516  VDWAALS    =      8339.3421
 EELEC  =    -90659.0926  EHBOND  =         0.0000  RESTRAINT  =         0.0000
 Ewald error estimate:   0.2582E-04
 ------------------------------------------------------------------------------


 NSTEP =    47700   TIME(PS) =      53.700  TEMP(K) =   295.92  PRESS =     0.0
 Etot   =    -58177.1162  EKtot   =     14225.3243  EPtot      =    -72402.4404
 BOND   =       450.5404  ANGLE   =      1280.6438  DIHED      =       989.8615
 1-4 NB =       558.7004  1-4 EEL =      6613.9070  VDWAALS    =      8307.2240
 EELEC  =    -90603.3175  EHBOND  =         0.0000  RESTRAINT  =         0.0000
 Ewald error estimate:   0.1175E-03
 ------------------------------------------------------------------------------


 NSTEP =    47800   TIME(PS) =      53.800  TEMP(K) =   296.87  PRESS =     0.0
 Etot   =    -58177.6623  EKtot   =     14270.9225  EPtot      =    -72448.5847
 BOND   =       446.7901  ANGLE   =      1240.0570  DIHED      =       994.3760
 1-4 NB =       558.3211  1-4 EEL =      6621.1254  VDWAALS    =      8203.9519
 EELEC  =    -90513.2061  EHBOND  =         0.0000  RESTRAINT  =         0.0000
 Ewald error estimate:   0.5556E-04
 ------------------------------------------------------------------------------


 NSTEP =    47900   TIME(PS) =      53.900  TEMP(K) =   298.10  PRESS =     0.0
 Etot   =    -58176.6312  EKtot   =     14330.0324  EPtot      =    -72506.6636
 BOND   =       455.1092  ANGLE   =      1252.7831  DIHED      =       993.6239
 1-4 NB =       542.8113  1-4 EEL =      6639.1911  VDWAALS    =      8361.1888
 EELEC  =    -90751.3710  EHBOND  =         0.0000  RESTRAINT  =         0.0000
 Ewald error estimate:   0.6616E-04
 ------------------------------------------------------------------------------

check COM velocity, temp:        0.000000     0.00(Removed)

 NSTEP =    48000   TIME(PS) =      54.000  TEMP(K) =   296.52  PRESS =     0.0
 Etot   =    -58177.1962  EKtot   =     14254.1107  EPtot      =    -72431.3068
 BOND   =       477.9661  ANGLE   =      1222.1274  DIHED      =      1008.3704
 1-4 NB =       557.3176  1-4 EEL =      6633.0875  VDWAALS    =      8337.5048
 EELEC  =    -90667.6808  EHBOND  =         0.0000  RESTRAINT  =         0.0000
 Ewald error estimate:   0.6775E-04
 ------------------------------------------------------------------------------


 NSTEP =    48100   TIME(PS) =      54.100  TEMP(K) =   301.64  PRESS =     0.0
 Etot   =    -58178.0412  EKtot   =     14500.2895  EPtot      =    -72678.3306
 BOND   =       457.4170  ANGLE   =      1283.9566  DIHED      =       952.7650
 1-4 NB =       536.8211  1-4 EEL =      6586.0209  VDWAALS    =      8458.7141
 EELEC  =    -90954.0253  EHBOND  =         0.0000  RESTRAINT  =         0.0000
 Ewald error estimate:   0.3873E-05
 ------------------------------------------------------------------------------


 NSTEP =    48200   TIME(PS) =      54.200  TEMP(K) =   295.92  PRESS =     0.0
 Etot   =    -58177.7843  EKtot   =     14225.4252  EPtot      =    -72403.2095
 BOND   =       430.0927  ANGLE   =      1222.1031  DIHED      =      1006.7934
 1-4 NB =       547.8577  1-4 EEL =      6674.5434  VDWAALS    =      8468.2841
 EELEC  =    -90752.8839  EHBOND  =         0.0000  RESTRAINT  =         0.0000
 Ewald error estimate:   0.1573E-04
 ------------------------------------------------------------------------------


 NSTEP =    48300   TIME(PS) =      54.300  TEMP(K) =   302.24  PRESS =     0.0
 Etot   =    -58178.8155  EKtot   =     14528.8738  EPtot      =    -72707.6893
 BOND   =       433.4140  ANGLE   =      1252.5810  DIHED      =       996.6571
 1-4 NB =       544.9507  1-4 EEL =      6604.8178  VDWAALS    =      8307.5888
 EELEC  =    -90847.6988  EHBOND  =         0.0000  RESTRAINT  =         0.0000
 Ewald error estimate:   0.5279E-04
 ------------------------------------------------------------------------------


 NSTEP =    48400   TIME(PS) =      54.400  TEMP(K) =   295.43  PRESS =     0.0
 Etot   =    -58177.5723  EKtot   =     14201.5067  EPtot      =    -72379.0790
 BOND   =       467.2988  ANGLE   =      1242.9826  DIHED      =       973.3741
 1-4 NB =       546.5025  1-4 EEL =      6634.8805  VDWAALS    =      8385.6365
 EELEC  =    -90629.7540  EHBOND  =         0.0000  RESTRAINT  =         0.0000
 Ewald error estimate:   0.1200E-03
 ------------------------------------------------------------------------------


 NSTEP =    48500   TIME(PS) =      54.500  TEMP(K) =   298.35  PRESS =     0.0
 Etot   =    -58177.2940  EKtot   =     14341.9626  EPtot      =    -72519.2565
 BOND   =       480.0101  ANGLE   =      1223.5170  DIHED      =       976.9537
 1-4 NB =       533.7646  1-4 EEL =      6607.9021  VDWAALS    =      8280.0941
 EELEC  =    -90621.4981  EHBOND  =         0.0000  RESTRAINT  =         0.0000
 Ewald error estimate:   0.9162E-04
 ------------------------------------------------------------------------------


 NSTEP =    48600   TIME(PS) =      54.600  TEMP(K) =   300.59  PRESS =     0.0
 Etot   =    -58177.6967  EKtot   =     14449.7832  EPtot      =    -72627.4799
 BOND   =       455.5279  ANGLE   =      1224.4304  DIHED      =       984.6007
 1-4 NB =       546.3579  1-4 EEL =      6628.8133  VDWAALS    =      8538.6654
 EELEC  =    -91005.8755  EHBOND  =         0.0000  RESTRAINT  =         0.0000
 Ewald error estimate:   0.1592E-03
 ------------------------------------------------------------------------------


 NSTEP =    48700   TIME(PS) =      54.700  TEMP(K) =   298.31  PRESS =     0.0
 Etot   =    -58177.6217  EKtot   =     14340.0360  EPtot      =    -72517.6576
 BOND   =       449.1557  ANGLE   =      1248.8879  DIHED      =       960.1166
 1-4 NB =       559.5378  1-4 EEL =      6586.7405  VDWAALS    =      8410.4992
 EELEC  =    -90732.5953  EHBOND  =         0.0000  RESTRAINT  =         0.0000
 Ewald error estimate:   0.6732E-04
 ------------------------------------------------------------------------------


 NSTEP =    48800   TIME(PS) =      54.800  TEMP(K) =   298.97  PRESS =     0.0
 Etot   =    -58177.6429  EKtot   =     14371.9554  EPtot      =    -72549.5983
 BOND   =       486.6928  ANGLE   =      1218.9865  DIHED      =       963.1054
 1-4 NB =       525.0497  1-4 EEL =      6600.1029  VDWAALS    =      8371.9689
 EELEC  =    -90715.5045  EHBOND  =         0.0000  RESTRAINT  =         0.0000
 Ewald error estimate:   0.1884E-04
 ------------------------------------------------------------------------------


 NSTEP =    48900   TIME(PS) =      54.900  TEMP(K) =   298.85  PRESS =     0.0
 Etot   =    -58177.0849  EKtot   =     14365.9134  EPtot      =    -72542.9983
 BOND   =       477.5677  ANGLE   =      1260.1109  DIHED      =       984.1256
 1-4 NB =       535.5710  1-4 EEL =      6628.0818  VDWAALS    =      8443.5605
 EELEC  =    -90872.0158  EHBOND  =         0.0000  RESTRAINT  =         0.0000
 Ewald error estimate:   0.1220E-03
 ------------------------------------------------------------------------------

check COM velocity, temp:        0.000000     0.00(Removed)

 NSTEP =    49000   TIME(PS) =      55.000  TEMP(K) =   297.69  PRESS =     0.0
 Etot   =    -58177.4051  EKtot   =     14310.1479  EPtot      =    -72487.5530
 BOND   =       453.6728  ANGLE   =      1263.7567  DIHED      =       972.1166
 1-4 NB =       538.6502  1-4 EEL =      6645.5374  VDWAALS    =      8369.9036
 EELEC  =    -90731.1901  EHBOND  =         0.0000  RESTRAINT  =         0.0000
 Ewald error estimate:   0.1425E-03
 ------------------------------------------------------------------------------


 NSTEP =    49100   TIME(PS) =      55.100  TEMP(K) =   296.03  PRESS =     0.0
 Etot   =    -58177.2729  EKtot   =     14230.3571  EPtot      =    -72407.6300
 BOND   =       444.7636  ANGLE   =      1240.9311  DIHED      =       971.2286
 1-4 NB =       542.5968  1-4 EEL =      6649.2832  VDWAALS    =      8286.6687
 EELEC  =    -90543.1018  EHBOND  =         0.0000  RESTRAINT  =         0.0000
 Ewald error estimate:   0.1537E-03
 ------------------------------------------------------------------------------


 NSTEP =    49200   TIME(PS) =      55.200  TEMP(K) =   296.90  PRESS =     0.0
 Etot   =    -58177.9143  EKtot   =     14272.3718  EPtot      =    -72450.2862
 BOND   =       435.6575  ANGLE   =      1222.3526  DIHED      =       967.5453
 1-4 NB =       574.1499  1-4 EEL =      6693.7978  VDWAALS    =      8214.0633
 EELEC  =    -90557.8526  EHBOND  =         0.0000  RESTRAINT  =         0.0000
 Ewald error estimate:   0.1217E-03
 ------------------------------------------------------------------------------


 NSTEP =    49300   TIME(PS) =      55.300  TEMP(K) =   296.11  PRESS =     0.0
 Etot   =    -58178.4759  EKtot   =     14234.3622  EPtot      =    -72412.8382
 BOND   =       450.7879  ANGLE   =      1233.2681  DIHED      =       986.6980
 1-4 NB =       552.6331  1-4 EEL =      6645.4231  VDWAALS    =      8434.9345
 EELEC  =    -90716.5828  EHBOND  =         0.0000  RESTRAINT  =         0.0000
 Ewald error estimate:   0.5267E-04
 ------------------------------------------------------------------------------


 NSTEP =    49400   TIME(PS) =      55.400  TEMP(K) =   301.19  PRESS =     0.0
 Etot   =    -58178.4079  EKtot   =     14478.6573  EPtot      =    -72657.0653
 BOND   =       476.2955  ANGLE   =      1221.0277  DIHED      =       969.5683
 1-4 NB =       535.9419  1-4 EEL =      6627.3722  VDWAALS    =      8514.6740
 EELEC  =    -91001.9448  EHBOND  =         0.0000  RESTRAINT  =         0.0000
 Ewald error estimate:   0.7111E-04
 ------------------------------------------------------------------------------


 NSTEP =    49500   TIME(PS) =      55.500  TEMP(K) =   301.49  PRESS =     0.0
 Etot   =    -58177.3003  EKtot   =     14493.0034  EPtot      =    -72670.3037
 BOND   =       458.1042  ANGLE   =      1230.8907  DIHED      =       976.7924
 1-4 NB =       556.0538  1-4 EEL =      6653.0618  VDWAALS    =      8570.9684
 EELEC  =    -91116.1749  EHBOND  =         0.0000  RESTRAINT  =         0.0000
 Ewald error estimate:   0.3173E-04
 ------------------------------------------------------------------------------


 NSTEP =    49600   TIME(PS) =      55.600  TEMP(K) =   297.52  PRESS =     0.0
 Etot   =    -58177.9371  EKtot   =     14301.9192  EPtot      =    -72479.8563
 BOND   =       478.0538  ANGLE   =      1241.8617  DIHED      =       943.0743
 1-4 NB =       555.4314  1-4 EEL =      6614.5077  VDWAALS    =      8421.6011
 EELEC  =    -90734.3864  EHBOND  =         0.0000  RESTRAINT  =         0.0000
 Ewald error estimate:   0.6689E-04
 ------------------------------------------------------------------------------


 NSTEP =    49700   TIME(PS) =      55.700  TEMP(K) =   300.19  PRESS =     0.0
 Etot   =    -58176.8584  EKtot   =     14430.7100  EPtot      =    -72607.5685
 BOND   =       499.3282  ANGLE   =      1252.4888  DIHED      =       957.5467
 1-4 NB =       526.7797  1-4 EEL =      6626.7234  VDWAALS    =      8344.7430
 EELEC  =    -90815.1783  EHBOND  =         0.0000  RESTRAINT  =         0.0000
 Ewald error estimate:   0.5974E-04
 ------------------------------------------------------------------------------


 NSTEP =    49800   TIME(PS) =      55.800  TEMP(K) =   298.16  PRESS =     0.0
 Etot   =    -58177.5490  EKtot   =     14333.0508  EPtot      =    -72510.5998
 BOND   =       450.4124  ANGLE   =      1225.3438  DIHED      =       986.8418
 1-4 NB =       563.7935  1-4 EEL =      6695.0394  VDWAALS    =      8408.5221
 EELEC  =    -90840.5529  EHBOND  =         0.0000  RESTRAINT  =         0.0000
 Ewald error estimate:   0.1073E-03
 ------------------------------------------------------------------------------


 NSTEP =    49900   TIME(PS) =      55.900  TEMP(K) =   297.62  PRESS =     0.0
 Etot   =    -58178.0820  EKtot   =     14306.7808  EPtot      =    -72484.8627
 BOND   =       483.1565  ANGLE   =      1244.4027  DIHED      =       984.2588
 1-4 NB =       539.0918  1-4 EEL =      6637.9858  VDWAALS    =      8018.1157
 EELEC  =    -90391.8740  EHBOND  =         0.0000  RESTRAINT  =         0.0000
 Ewald error estimate:   0.1893E-04
 ------------------------------------------------------------------------------

check COM velocity, temp:        0.000000     0.00(Removed)

 NSTEP =    50000   TIME(PS) =      56.000  TEMP(K) =   299.56  PRESS =     0.0
 Etot   =    -58179.6029  EKtot   =     14400.1367  EPtot      =    -72579.7396
 BOND   =       430.0913  ANGLE   =      1221.4462  DIHED      =       996.4721
 1-4 NB =       563.4312  1-4 EEL =      6646.3135  VDWAALS    =      8259.0158
 EELEC  =    -90696.5097  EHBOND  =         0.0000  RESTRAINT  =         0.0000
 Ewald error estimate:   0.4555E-04
 ------------------------------------------------------------------------------


      A V E R A G E S   O V E R   50000 S T E P S


 NSTEP =    50000   TIME(PS) =      56.000  TEMP(K) =   297.55  PRESS =     0.0
 Etot   =    -58176.9990  EKtot   =     14303.7611  EPtot      =    -72480.7602
 BOND   =       458.8284  ANGLE   =      1234.8629  DIHED      =       982.7615
 1-4 NB =       550.2779  1-4 EEL =      6610.0601  VDWAALS    =      8362.6273
 EELEC  =    -90680.1782  EHBOND  =         0.0000  RESTRAINT  =         0.0000
 Ewald error estimate:   0.6673E-04
 ------------------------------------------------------------------------------


      R M S  F L U C T U A T I O N S


 NSTEP =    50000   TIME(PS) =      56.000  TEMP(K) =     1.59  PRESS =     0.0
 Etot   =         0.9259  EKtot   =        76.2832  EPtot      =        76.5966
 BOND   =        20.1101  ANGLE   =        32.9635  DIHED      =        14.3020
 1-4 NB =         9.6303  1-4 EEL =        30.6686  VDWAALS    =       126.0504
 EELEC  =       176.0254  EHBOND  =         0.0000  RESTRAINT  =         0.0000
|E(PBS) =         1.4184
 Ewald error estimate:   0.4986E-04
 ------------------------------------------------------------------------------


--------------------------------------------------------------------------------
   5.  TIMINGS
--------------------------------------------------------------------------------

|>>>>>>>>PROFILE of Average TIMES>>>>>>>>> 
|                Build the list             9.02 (39.39% of List )
|                Other                     13.87 (60.61% of List )
|             List time                 22.89 (10.63% of Nonbo)
|                   Short_ene time            90.03 (78.35% of Direc)
|                   Other                     24.88 (21.65% of Direc)
|                Direct Ewald time        114.91 (59.75% of Ewald)
|                Adjust Ewald time          0.64 ( 0.33% of Ewald)
|                   Fill Bspline coeffs       12.12 (24.14% of Recip)
|                   Fill charge grid           3.96 ( 7.89% of Recip)
|                   Scalar sum                 1.84 ( 3.67% of Recip)
|                   Grad sum                   4.79 ( 9.53% of Recip)
|                      FFT back comm time        15.25 (58.55% of FFT t)
|                      Other                     10.80 (41.45% of FFT t)
|                   FFT time                  26.05 (51.88% of Recip)
|                   Other                      1.45 ( 2.89% of Recip)
|                Recip Ewald time          50.20 (26.10% of Ewald)
|                Force Adjust              12.20 ( 6.34% of Ewald)
|                Virial junk               13.86 ( 7.21% of Ewald)
|                Other                      0.50 ( 0.26% of Ewald)
|             Ewald time               192.33 (89.35% of Nonbo)
|             IPS excludes               0.01 ( 0.01% of Nonbo)
|             Other                      0.04 ( 0.02% of Nonbo)
|          Nonbond force            215.26 (81.09% of Force)
|          Bond/Angle/Dihedral        1.26 ( 0.48% of Force)
|          FRC Collect time          44.19 (16.65% of Force)
|          Other                      4.75 ( 1.79% of Force)
|       Force time               265.46 (62.73% of Runmd)
|       Shake time                 3.68 ( 0.87% of Runmd)
|       Verlet update time         4.27 ( 1.01% of Runmd)
|       CRD distribute time       70.91 (16.76% of Runmd)
|       Other                     78.82 (18.63% of Runmd)
|    Runmd Time               423.16 (100.0% of Total)
|    Other                      0.17 ( 0.04% of Total)
| Total time               423.33 (100.0% of ALL  )

| Number of list builds   :       2757

| Highest rstack allocated:      62247
| Highest istack allocated:       1963

| Final Performance Info:
| -----------------------------------------------------
| Average timings for all steps:
|     Elapsed(s) =     423.16 Per Step(ms) =       8.46
|         ns/day =      10.21   seconds/ns =    8463.29
| -----------------------------------------------------

|           Job began  at 12:35:12.866  on 02/15/2022
|           Setup done at 12:35:13.039  on 02/15/2022
|           Run   done at 12:42:16.202  on 02/15/2022
|     wallclock() was called 2756027 times

|3D-RISM memory allocation summary
|Type          Maximum        Current   
|Integer       0.00000 GB     0.00000 GB
|Real          0.00000 GB     0.00000 GB
|Logical       0.00000 GB     0.00000 GB
|Character     0.00000 GB     0.00000 GB
|---------------------------------------
|Total         0.00000 GB     0.00000 GB
