timestamp, power.draw [W], utilization.gpu [%]
2025/12/07 16:26:42.824, 220.32 W, 59 %
2025/12/07 16:26:42.926, 208.95 W, 0 %
2025/12/07 16:26:43.026, 195.04 W, 0 %
2025/12/07 16:26:43.127, 181.07 W, 9 %
2025/12/07 16:26:43.227, 156.20 W, 9 %
2025/12/07 16:26:43.327, 151.26 W, 0 %
2025/12/07 16:26:43.427, 138.82 W, 0 %
2025/12/07 16:26:43.527, 125.04 W, 74 %
2025/12/07 16:26:43.627, 126.31 W, 74 %
2025/12/07 16:26:43.727, 125.45 W, 96 %
2025/12/07 16:26:43.828, 143.43 W, 96 %
2025/12/07 16:26:43.928, 153.16 W, 96 %
2025/12/07 16:26:44.028, 167.74 W, 96 %
2025/12/07 16:26:44.128, 182.15 W, 96 %
2025/12/07 16:26:44.228, 196.56 W, 96 %
2025/12/07 16:26:44.328, 222.85 W, 96 %
2025/12/07 16:26:44.428, 236.50 W, 96 %
2025/12/07 16:26:44.528, 250.78 W, 96 %
2025/12/07 16:26:44.629, 250.23 W, 96 %
2025/12/07 16:26:44.729, 249.03 W, 96 %
2025/12/07 16:26:44.829, 249.16 W, 96 %
2025/12/07 16:26:44.929, 248.97 W, 96 %
2025/12/07 16:26:45.029, 247.88 W, 96 %
2025/12/07 16:26:45.129, 247.25 W, 96 %
2025/12/07 16:26:45.229, 246.96 W, 96 %
2025/12/07 16:26:45.330, 247.64 W, 94 %
2025/12/07 16:26:45.430, 247.65 W, 94 %
2025/12/07 16:26:45.530, 248.54 W, 96 %
2025/12/07 16:26:45.630, 249.41 W, 96 %
2025/12/07 16:26:45.730, 247.36 W, 85 %
2025/12/07 16:26:45.830, 248.32 W, 85 %
2025/12/07 16:26:45.930, 248.63 W, 96 %
2025/12/07 16:26:46.031, 248.62 W, 96 %
2025/12/07 16:26:46.131, 248.92 W, 96 %
2025/12/07 16:26:46.231, 249.91 W, 96 %
2025/12/07 16:26:46.331, 249.94 W, 96 %
2025/12/07 16:26:46.431, 249.28 W, 96 %
2025/12/07 16:26:46.531, 249.13 W, 96 %
2025/12/07 16:26:46.631, 248.65 W, 96 %
2025/12/07 16:26:46.732, 247.74 W, 96 %
2025/12/07 16:26:46.832, 250.46 W, 96 %
2025/12/07 16:26:46.932, 249.75 W, 96 %
2025/12/07 16:26:47.032, 249.45 W, 96 %
2025/12/07 16:26:47.132, 249.53 W, 96 %
2025/12/07 16:26:47.232, 249.40 W, 96 %
2025/12/07 16:26:47.332, 248.65 W, 96 %
2025/12/07 16:26:47.433, 248.46 W, 96 %
2025/12/07 16:26:47.533, 248.29 W, 96 %
2025/12/07 16:26:47.633, 247.87 W, 96 %
2025/12/07 16:26:47.733, 248.08 W, 96 %
2025/12/07 16:26:47.833, 248.68 W, 96 %
2025/12/07 16:26:47.933, 249.11 W, 89 %
2025/12/07 16:26:48.033, 249.24 W, 89 %
2025/12/07 16:26:48.134, 249.47 W, 96 %
2025/12/07 16:26:48.234, 249.52 W, 96 %
2025/12/07 16:26:48.334, 250.01 W, 96 %
2025/12/07 16:26:48.434, 250.06 W, 96 %
2025/12/07 16:26:48.534, 250.30 W, 96 %
2025/12/07 16:26:48.634, 250.52 W, 96 %
2025/12/07 16:26:48.735, 249.71 W, 95 %
2025/12/07 16:26:48.835, 249.01 W, 95 %
2025/12/07 16:26:48.935, 248.89 W, 96 %
2025/12/07 16:26:49.035, 248.21 W, 96 %
2025/12/07 16:26:49.135, 247.85 W, 96 %
2025/12/07 16:26:49.235, 247.91 W, 96 %
2025/12/07 16:26:49.335, 248.08 W, 96 %
2025/12/07 16:26:49.436, 247.84 W, 96 %
2025/12/07 16:26:49.536, 247.99 W, 96 %
2025/12/07 16:26:49.636, 247.50 W, 96 %
2025/12/07 16:26:49.736, 247.57 W, 96 %
2025/12/07 16:26:49.836, 248.53 W, 96 %
2025/12/07 16:26:49.936, 248.48 W, 96 %
2025/12/07 16:26:50.036, 245.44 W, 96 %
2025/12/07 16:26:50.137, 245.71 W, 96 %
2025/12/07 16:26:50.237, 245.86 W, 96 %
2025/12/07 16:26:50.337, 246.25 W, 96 %
2025/12/07 16:26:50.437, 246.25 W, 96 %
2025/12/07 16:26:50.537, 246.37 W, 94 %
2025/12/07 16:26:50.637, 246.98 W, 94 %
2025/12/07 16:26:50.737, 247.01 W, 96 %
2025/12/07 16:26:50.838, 246.97 W, 96 %
2025/12/07 16:26:50.938, 247.34 W, 96 %
2025/12/07 16:26:51.038, 247.59 W, 96 %
2025/12/07 16:26:51.138, 250.21 W, 96 %
2025/12/07 16:26:51.238, 250.11 W, 96 %
2025/12/07 16:26:51.338, 249.58 W, 95 %
2025/12/07 16:26:51.438, 249.77 W, 95 %
2025/12/07 16:26:51.539, 250.00 W, 96 %
2025/12/07 16:26:51.639, 249.15 W, 96 %
2025/12/07 16:26:51.739, 249.09 W, 96 %
2025/12/07 16:26:51.839, 248.79 W, 96 %
2025/12/07 16:26:51.939, 248.74 W, 96 %
2025/12/07 16:26:52.039, 248.64 W, 96 %
2025/12/07 16:26:52.139, 248.92 W, 96 %
2025/12/07 16:26:52.240, 249.95 W, 96 %
2025/12/07 16:26:52.340, 250.14 W, 96 %
2025/12/07 16:26:52.440, 250.40 W, 96 %
2025/12/07 16:26:52.540, 250.32 W, 96 %
2025/12/07 16:26:52.640, 250.26 W, 96 %
2025/12/07 16:26:52.740, 250.32 W, 96 %
2025/12/07 16:26:52.840, 250.29 W, 96 %
2025/12/07 16:26:52.941, 250.10 W, 96 %
2025/12/07 16:26:53.041, 249.84 W, 96 %
2025/12/07 16:26:53.141, 249.36 W, 94 %
2025/12/07 16:26:53.241, 249.39 W, 94 %
2025/12/07 16:26:53.341, 248.35 W, 96 %
2025/12/07 16:26:53.441, 248.49 W, 96 %
2025/12/07 16:26:53.541, 248.84 W, 96 %
2025/12/07 16:26:53.642, 248.96 W, 96 %
2025/12/07 16:26:53.742, 249.06 W, 96 %
2025/12/07 16:26:53.842, 249.30 W, 96 %
2025/12/07 16:26:53.942, 249.04 W, 95 %
2025/12/07 16:26:54.042, 248.81 W, 95 %
2025/12/07 16:26:54.142, 248.59 W, 96 %
2025/12/07 16:26:54.242, 249.41 W, 96 %
2025/12/07 16:26:54.343, 246.03 W, 92 %
2025/12/07 16:26:54.443, 246.29 W, 92 %
2025/12/07 16:26:54.543, 246.48 W, 96 %
2025/12/07 16:26:54.643, 246.29 W, 96 %
2025/12/07 16:26:54.743, 245.32 W, 95 %
2025/12/07 16:26:54.843, 246.45 W, 95 %
2025/12/07 16:26:54.943, 246.27 W, 96 %
2025/12/07 16:26:55.044, 246.23 W, 96 %
2025/12/07 16:26:55.144, 245.86 W, 96 %
2025/12/07 16:26:55.244, 245.90 W, 96 %
2025/12/07 16:26:55.344, 246.10 W, 96 %
2025/12/07 16:26:55.444, 249.30 W, 96 %
2025/12/07 16:26:55.544, 249.37 W, 96 %
2025/12/07 16:26:55.644, 247.90 W, 96 %
2025/12/07 16:26:55.745, 248.49 W, 96 %
2025/12/07 16:26:55.845, 248.45 W, 96 %
2025/12/07 16:26:55.945, 247.87 W, 96 %
2025/12/07 16:26:56.045, 247.58 W, 96 %
2025/12/07 16:26:56.145, 247.37 W, 96 %
2025/12/07 16:26:56.245, 247.31 W, 96 %
2025/12/07 16:26:56.345, 247.78 W, 96 %
2025/12/07 16:26:56.446, 247.96 W, 96 %
2025/12/07 16:26:56.546, 248.85 W, 91 %
2025/12/07 16:26:56.646, 249.29 W, 91 %
2025/12/07 16:26:56.746, 250.44 W, 96 %
2025/12/07 16:26:56.846, 250.20 W, 96 %
2025/12/07 16:26:56.946, 250.31 W, 96 %
2025/12/07 16:26:57.047, 250.23 W, 96 %
2025/12/07 16:26:57.147, 250.02 W, 96 %
2025/12/07 16:26:57.247, 251.03 W, 96 %
2025/12/07 16:26:57.347, 250.90 W, 96 %
2025/12/07 16:26:57.447, 250.71 W, 96 %
2025/12/07 16:26:57.547, 250.45 W, 96 %
2025/12/07 16:26:57.647, 248.94 W, 96 %
2025/12/07 16:26:57.748, 248.78 W, 96 %
2025/12/07 16:26:57.848, 248.58 W, 96 %
2025/12/07 16:26:57.948, 248.80 W, 96 %
2025/12/07 16:26:58.048, 248.66 W, 96 %
2025/12/07 16:26:58.148, 248.80 W, 96 %
2025/12/07 16:26:58.248, 249.14 W, 96 %
2025/12/07 16:26:58.348, 249.24 W, 96 %
2025/12/07 16:26:58.449, 249.38 W, 96 %
2025/12/07 16:26:58.549, 249.18 W, 96 %
2025/12/07 16:26:58.649, 249.23 W, 96 %
2025/12/07 16:26:58.749, 249.63 W, 92 %
2025/12/07 16:26:58.849, 249.99 W, 92 %
2025/12/07 16:26:58.949, 250.19 W, 96 %
2025/12/07 16:26:59.049, 250.34 W, 96 %
2025/12/07 16:26:59.150, 250.68 W, 95 %
2025/12/07 16:26:59.250, 250.60 W, 95 %
2025/12/07 16:26:59.350, 250.13 W, 96 %
2025/12/07 16:26:59.450, 249.76 W, 96 %
2025/12/07 16:26:59.550, 249.89 W, 96 %
2025/12/07 16:26:59.650, 250.36 W, 96 %
2025/12/07 16:26:59.750, 249.99 W, 96 %
2025/12/07 16:26:59.851, 249.87 W, 96 %
2025/12/07 16:26:59.951, 247.91 W, 93 %
2025/12/07 16:27:00.051, 248.49 W, 93 %
2025/12/07 16:27:00.151, 248.32 W, 96 %
2025/12/07 16:27:00.251, 247.47 W, 96 %
2025/12/07 16:27:00.351, 247.44 W, 96 %
2025/12/07 16:27:00.451, 247.80 W, 96 %
2025/12/07 16:27:00.552, 248.04 W, 96 %
2025/12/07 16:27:00.652, 247.95 W, 96 %
2025/12/07 16:27:00.752, 247.90 W, 96 %
2025/12/07 16:27:00.852, 248.24 W, 96 %
2025/12/07 16:27:00.952, 248.51 W, 96 %
2025/12/07 16:27:01.052, 250.43 W, 96 %
2025/12/07 16:27:01.152, 250.24 W, 96 %
2025/12/07 16:27:01.253, 250.56 W, 96 %
2025/12/07 16:27:01.353, 250.69 W, 96 %
2025/12/07 16:27:01.453, 250.64 W, 96 %
2025/12/07 16:27:01.553, 250.83 W, 96 %
2025/12/07 16:27:01.653, 250.97 W, 96 %
2025/12/07 16:27:01.753, 250.75 W, 94 %
2025/12/07 16:27:01.854, 250.70 W, 94 %
2025/12/07 16:27:01.954, 249.88 W, 96 %
2025/12/07 16:27:02.054, 249.87 W, 96 %
2025/12/07 16:27:02.154, 250.04 W, 96 %
2025/12/07 16:27:02.254, 250.03 W, 96 %
2025/12/07 16:27:02.354, 249.75 W, 96 %
2025/12/07 16:27:02.454, 250.05 W, 96 %
2025/12/07 16:27:02.554, 249.76 W, 95 %
2025/12/07 16:27:02.655, 249.42 W, 95 %
2025/12/07 16:27:02.755, 249.53 W, 96 %
2025/12/07 16:27:02.855, 249.46 W, 96 %
2025/12/07 16:27:02.955, 249.17 W, 96 %
2025/12/07 16:27:03.055, 249.49 W, 96 %
2025/12/07 16:27:03.155, 249.01 W, 96 %
2025/12/07 16:27:03.256, 249.04 W, 96 %
2025/12/07 16:27:03.356, 249.49 W, 96 %
2025/12/07 16:27:03.456, 250.29 W, 96 %
2025/12/07 16:27:03.556, 250.20 W, 96 %
2025/12/07 16:27:03.656, 250.44 W, 96 %
2025/12/07 16:27:03.756, 251.00 W, 96 %
2025/12/07 16:27:03.856, 250.49 W, 96 %
2025/12/07 16:27:03.957, 250.27 W, 96 %
2025/12/07 16:27:04.057, 250.08 W, 96 %
2025/12/07 16:27:04.157, 250.23 W, 96 %
2025/12/07 16:27:04.257, 248.24 W, 96 %
2025/12/07 16:27:04.357, 248.74 W, 96 %
2025/12/07 16:27:04.457, 248.53 W, 96 %
2025/12/07 16:27:04.557, 247.97 W, 96 %
2025/12/07 16:27:04.658, 248.12 W, 96 %
2025/12/07 16:27:04.758, 248.15 W, 96 %
2025/12/07 16:27:04.858, 247.90 W, 96 %
2025/12/07 16:27:04.958, 247.92 W, 96 %
2025/12/07 16:27:05.058, 248.02 W, 96 %
2025/12/07 16:27:05.158, 248.50 W, 91 %
2025/12/07 16:27:05.258, 248.46 W, 91 %
2025/12/07 16:27:05.359, 249.87 W, 96 %
2025/12/07 16:27:05.459, 249.94 W, 96 %
2025/12/07 16:27:05.559, 249.90 W, 96 %
2025/12/07 16:27:05.659, 250.30 W, 96 %
2025/12/07 16:27:05.759, 250.75 W, 96 %
2025/12/07 16:27:05.859, 251.20 W, 96 %
2025/12/07 16:27:05.959, 250.71 W, 96 %
2025/12/07 16:27:06.060, 250.54 W, 96 %
2025/12/07 16:27:06.160, 250.57 W, 96 %
2025/12/07 16:27:06.260, 250.46 W, 96 %
2025/12/07 16:27:06.360, 250.52 W, 96 %
2025/12/07 16:27:06.460, 249.84 W, 96 %
2025/12/07 16:27:06.560, 250.05 W, 96 %
2025/12/07 16:27:06.660, 250.10 W, 96 %
2025/12/07 16:27:06.761, 250.03 W, 96 %
2025/12/07 16:27:06.861, 249.42 W, 96 %
2025/12/07 16:27:06.961, 248.93 W, 96 %
2025/12/07 16:27:07.061, 248.79 W, 96 %
2025/12/07 16:27:07.161, 248.97 W, 96 %
2025/12/07 16:27:07.261, 248.78 W, 96 %
2025/12/07 16:27:07.361, 249.08 W, 92 %
2025/12/07 16:27:07.462, 249.29 W, 92 %
2025/12/07 16:27:07.562, 249.78 W, 96 %
2025/12/07 16:27:07.662, 249.81 W, 96 %
2025/12/07 16:27:07.762, 249.74 W, 95 %
2025/12/07 16:27:07.862, 249.65 W, 95 %
2025/12/07 16:27:07.962, 250.65 W, 96 %
2025/12/07 16:27:08.062, 250.06 W, 96 %
2025/12/07 16:27:08.163, 249.93 W, 96 %
2025/12/07 16:27:08.263, 249.81 W, 96 %
2025/12/07 16:27:08.363, 249.71 W, 96 %
2025/12/07 16:27:08.463, 249.22 W, 96 %
2025/12/07 16:27:08.563, 248.99 W, 96 %
2025/12/07 16:27:08.663, 249.71 W, 96 %
2025/12/07 16:27:08.763, 249.01 W, 96 %
2025/12/07 16:27:08.864, 248.77 W, 96 %
2025/12/07 16:27:08.964, 248.83 W, 96 %
2025/12/07 16:27:09.064, 248.68 W, 96 %
2025/12/07 16:27:09.164, 248.25 W, 96 %
2025/12/07 16:27:09.264, 248.88 W, 96 %
2025/12/07 16:27:09.364, 248.90 W, 96 %
2025/12/07 16:27:09.464, 249.24 W, 96 %
2025/12/07 16:27:09.565, 249.64 W, 96 %
2025/12/07 16:27:09.665, 249.96 W, 96 %
2025/12/07 16:27:09.765, 249.40 W, 96 %
2025/12/07 16:27:09.865, 249.68 W, 96 %
2025/12/07 16:27:09.965, 249.81 W, 96 %
2025/12/07 16:27:10.065, 249.38 W, 96 %
2025/12/07 16:27:10.165, 249.07 W, 96 %
2025/12/07 16:27:10.266, 249.32 W, 96 %
2025/12/07 16:27:10.366, 249.68 W, 94 %
2025/12/07 16:27:10.466, 250.15 W, 94 %
2025/12/07 16:27:10.566, 249.74 W, 96 %
2025/12/07 16:27:10.666, 249.36 W, 96 %
2025/12/07 16:27:10.766, 249.25 W, 96 %
2025/12/07 16:27:10.867, 248.83 W, 96 %
2025/12/07 16:27:10.967, 249.12 W, 96 %
2025/12/07 16:27:11.067, 248.69 W, 96 %
2025/12/07 16:27:11.167, 248.23 W, 95 %
2025/12/07 16:27:11.267, 248.34 W, 95 %
2025/12/07 16:27:11.367, 249.01 W, 96 %
2025/12/07 16:27:11.467, 248.89 W, 96 %
2025/12/07 16:27:11.568, 248.47 W, 96 %
2025/12/07 16:27:11.668, 249.04 W, 96 %
2025/12/07 16:27:11.768, 249.30 W, 96 %
2025/12/07 16:27:11.868, 249.20 W, 96 %
2025/12/07 16:27:11.968, 248.86 W, 96 %
2025/12/07 16:27:12.068, 248.98 W, 96 %
2025/12/07 16:27:12.168, 249.00 W, 96 %
2025/12/07 16:27:12.269, 250.42 W, 96 %
2025/12/07 16:27:12.369, 250.16 W, 96 %
2025/12/07 16:27:12.469, 250.22 W, 96 %
2025/12/07 16:27:12.569, 249.66 W, 96 %
2025/12/07 16:27:12.669, 249.05 W, 96 %
2025/12/07 16:27:12.769, 249.22 W, 96 %
2025/12/07 16:27:12.869, 248.98 W, 96 %
2025/12/07 16:27:12.970, 249.24 W, 93 %
2025/12/07 16:27:13.070, 249.10 W, 93 %
2025/12/07 16:27:13.170, 249.20 W, 96 %
2025/12/07 16:27:13.270, 248.98 W, 96 %
2025/12/07 16:27:13.370, 248.77 W, 96 %
2025/12/07 16:27:13.470, 248.48 W, 96 %
2025/12/07 16:27:13.570, 248.24 W, 96 %
2025/12/07 16:27:13.671, 248.89 W, 96 %
2025/12/07 16:27:13.771, 245.72 W, 90 %
2025/12/07 16:27:13.871, 245.78 W, 90 %
2025/12/07 16:27:13.971, 246.19 W, 96 %
2025/12/07 16:27:14.071, 246.24 W, 96 %
2025/12/07 16:27:14.171, 246.57 W, 96 %
2025/12/07 16:27:14.271, 246.30 W, 96 %
2025/12/07 16:27:14.372, 246.60 W, 96 %
2025/12/07 16:27:14.472, 246.79 W, 96 %
2025/12/07 16:27:14.572, 247.03 W, 96 %
2025/12/07 16:27:14.672, 247.46 W, 96 %
2025/12/07 16:27:14.772, 247.45 W, 96 %
2025/12/07 16:27:14.872, 250.40 W, 96 %
2025/12/07 16:27:14.972, 250.63 W, 96 %
2025/12/07 16:27:15.073, 250.58 W, 96 %
2025/12/07 16:27:15.173, 250.36 W, 96 %
2025/12/07 16:27:15.273, 250.08 W, 96 %
2025/12/07 16:27:15.373, 249.82 W, 96 %
2025/12/07 16:27:15.473, 249.78 W, 96 %
2025/12/07 16:27:15.573, 250.21 W, 94 %
2025/12/07 16:27:15.673, 250.21 W, 94 %
2025/12/07 16:27:15.774, 249.74 W, 96 %
2025/12/07 16:27:15.874, 249.82 W, 96 %
2025/12/07 16:27:15.974, 250.60 W, 92 %
2025/12/07 16:27:16.074, 250.68 W, 92 %
2025/12/07 16:27:16.174, 251.10 W, 96 %
2025/12/07 16:27:16.274, 250.99 W, 96 %
2025/12/07 16:27:16.375, 251.16 W, 94 %
2025/12/07 16:27:16.475, 250.83 W, 94 %
2025/12/07 16:27:16.575, 250.76 W, 96 %
2025/12/07 16:27:16.675, 250.66 W, 96 %
2025/12/07 16:27:16.775, 250.80 W, 96 %
2025/12/07 16:27:16.875, 250.34 W, 96 %
2025/12/07 16:27:16.975, 250.46 W, 96 %
2025/12/07 16:27:17.076, 250.01 W, 96 %
2025/12/07 16:27:17.176, 249.41 W, 96 %
2025/12/07 16:27:17.276, 249.45 W, 96 %
2025/12/07 16:27:17.376, 249.28 W, 96 %
2025/12/07 16:27:17.476, 249.59 W, 96 %
2025/12/07 16:27:17.576, 249.87 W, 96 %
2025/12/07 16:27:17.676, 250.02 W, 96 %
2025/12/07 16:27:17.777, 249.82 W, 96 %
2025/12/07 16:27:17.877, 249.55 W, 96 %
2025/12/07 16:27:17.977, 249.46 W, 96 %
2025/12/07 16:27:18.077, 245.12 W, 96 %
2025/12/07 16:27:18.177, 245.93 W, 93 %
2025/12/07 16:27:18.277, 246.24 W, 93 %
2025/12/07 16:27:18.377, 245.86 W, 96 %
2025/12/07 16:27:18.478, 246.03 W, 96 %
2025/12/07 16:27:18.578, 246.46 W, 96 %
2025/12/07 16:27:18.678, 246.09 W, 96 %
2025/12/07 16:27:18.778, 246.32 W, 96 %
2025/12/07 16:27:18.878, 246.26 W, 96 %
2025/12/07 16:27:18.978, 246.24 W, 94 %
2025/12/07 16:27:19.078, 246.32 W, 94 %
2025/12/07 16:27:19.179, 249.56 W, 96 %
2025/12/07 16:27:19.279, 249.77 W, 96 %
2025/12/07 16:27:19.379, 249.88 W, 96 %
2025/12/07 16:27:19.479, 249.56 W, 96 %
2025/12/07 16:27:19.579, 249.60 W, 96 %
2025/12/07 16:27:19.679, 249.38 W, 96 %
2025/12/07 16:27:19.779, 249.12 W, 96 %
2025/12/07 16:27:19.880, 249.46 W, 96 %
2025/12/07 16:27:19.980, 249.34 W, 96 %
2025/12/07 16:27:20.080, 249.14 W, 96 %
2025/12/07 16:27:20.180, 249.29 W, 96 %
2025/12/07 16:27:20.280, 249.60 W, 96 %
2025/12/07 16:27:20.380, 249.09 W, 96 %
2025/12/07 16:27:20.480, 248.86 W, 96 %
2025/12/07 16:27:20.581, 248.91 W, 96 %
2025/12/07 16:27:20.681, 247.97 W, 96 %
2025/12/07 16:27:20.781, 248.02 W, 96 %
2025/12/07 16:27:20.881, 247.99 W, 96 %
2025/12/07 16:27:20.981, 247.82 W, 96 %
2025/12/07 16:27:21.081, 247.94 W, 96 %
2025/12/07 16:27:21.181, 247.95 W, 96 %
2025/12/07 16:27:21.282, 248.09 W, 96 %
2025/12/07 16:27:21.382, 247.81 W, 96 %
2025/12/07 16:27:21.482, 247.87 W, 96 %
2025/12/07 16:27:21.582, 248.31 W, 95 %
2025/12/07 16:27:21.682, 248.68 W, 95 %
2025/12/07 16:27:21.782, 249.59 W, 96 %
2025/12/07 16:27:21.882, 249.71 W, 96 %
2025/12/07 16:27:21.983, 249.66 W, 96 %
2025/12/07 16:27:22.083, 249.87 W, 96 %
2025/12/07 16:27:22.183, 249.96 W, 96 %
2025/12/07 16:27:22.283, 250.31 W, 96 %
2025/12/07 16:27:22.383, 250.09 W, 96 %
2025/12/07 16:27:22.483, 250.87 W, 96 %
2025/12/07 16:27:22.583, 251.22 W, 96 %
2025/12/07 16:27:22.684, 251.10 W, 96 %
2025/12/07 16:27:22.784, 251.14 W, 96 %
2025/12/07 16:27:22.884, 251.03 W, 96 %
2025/12/07 16:27:22.984, 251.25 W, 96 %
2025/12/07 16:27:23.084, 251.41 W, 96 %
2025/12/07 16:27:23.184, 251.41 W, 96 %
2025/12/07 16:27:23.285, 250.61 W, 96 %
2025/12/07 16:27:23.385, 250.51 W, 96 %
2025/12/07 16:27:23.485, 249.41 W, 96 %
2025/12/07 16:27:23.585, 249.40 W, 96 %
2025/12/07 16:27:23.685, 249.73 W, 96 %
2025/12/07 16:27:23.785, 249.94 W, 96 %
2025/12/07 16:27:23.885, 249.70 W, 96 %
2025/12/07 16:27:23.986, 249.88 W, 96 %
2025/12/07 16:27:24.086, 249.71 W, 96 %
2025/12/07 16:27:24.186, 249.76 W, 94 %
2025/12/07 16:27:24.286, 249.37 W, 94 %
2025/12/07 16:27:24.386, 249.60 W, 96 %
2025/12/07 16:27:24.486, 249.45 W, 96 %
2025/12/07 16:27:24.586, 249.90 W, 92 %
2025/12/07 16:27:24.687, 249.98 W, 92 %
2025/12/07 16:27:24.787, 250.05 W, 96 %
2025/12/07 16:27:24.887, 249.90 W, 96 %
2025/12/07 16:27:24.987, 248.62 W, 94 %
2025/12/07 16:27:25.087, 248.35 W, 94 %
2025/12/07 16:27:25.187, 248.17 W, 96 %
2025/12/07 16:27:25.287, 248.28 W, 96 %
2025/12/07 16:27:25.388, 248.40 W, 96 %
2025/12/07 16:27:25.488, 248.52 W, 96 %
2025/12/07 16:27:25.588, 248.46 W, 96 %
2025/12/07 16:27:25.688, 247.74 W, 96 %
2025/12/07 16:27:25.788, 247.38 W, 96 %
2025/12/07 16:27:25.888, 247.41 W, 96 %
2025/12/07 16:27:25.988, 247.82 W, 96 %
2025/12/07 16:27:26.089, 249.40 W, 96 %
2025/12/07 16:27:26.189, 249.51 W, 96 %
2025/12/07 16:27:26.289, 249.52 W, 96 %
2025/12/07 16:27:26.389, 249.37 W, 96 %
2025/12/07 16:27:26.489, 249.71 W, 96 %
2025/12/07 16:27:26.589, 249.85 W, 96 %
2025/12/07 16:27:26.689, 250.03 W, 96 %
2025/12/07 16:27:26.790, 250.51 W, 91 %
2025/12/07 16:27:26.890, 250.60 W, 91 %
2025/12/07 16:27:26.990, 250.21 W, 96 %
2025/12/07 16:27:27.090, 249.90 W, 96 %
2025/12/07 16:27:27.190, 250.01 W, 96 %
2025/12/07 16:27:27.290, 249.96 W, 96 %
2025/12/07 16:27:27.390, 250.02 W, 96 %
2025/12/07 16:27:27.491, 250.04 W, 96 %
2025/12/07 16:27:27.591, 249.50 W, 94 %
2025/12/07 16:27:27.691, 249.34 W, 94 %
2025/12/07 16:27:27.791, 248.49 W, 96 %
2025/12/07 16:27:27.891, 248.54 W, 96 %
2025/12/07 16:27:27.991, 248.31 W, 96 %
2025/12/07 16:27:28.091, 248.61 W, 96 %
2025/12/07 16:27:28.192, 248.80 W, 96 %
2025/12/07 16:27:28.292, 248.85 W, 96 %
2025/12/07 16:27:28.392, 249.04 W, 96 %
2025/12/07 16:27:28.492, 249.32 W, 96 %
2025/12/07 16:27:28.592, 249.40 W, 96 %
2025/12/07 16:27:28.692, 249.86 W, 96 %
2025/12/07 16:27:28.792, 249.89 W, 96 %
2025/12/07 16:27:28.893, 250.80 W, 96 %
2025/12/07 16:27:28.993, 251.10 W, 96 %
2025/12/07 16:27:29.093, 250.60 W, 96 %
2025/12/07 16:27:29.193, 250.54 W, 96 %
2025/12/07 16:27:29.293, 248.45 W, 96 %
2025/12/07 16:27:29.393, 248.64 W, 96 %
2025/12/07 16:27:29.493, 248.65 W, 96 %
2025/12/07 16:27:29.594, 248.56 W, 96 %
2025/12/07 16:27:29.694, 248.45 W, 96 %
2025/12/07 16:27:29.794, 248.19 W, 96 %
2025/12/07 16:27:29.894, 248.42 W, 96 %
2025/12/07 16:27:29.994, 247.25 W, 96 %
2025/12/07 16:27:30.094, 247.21 W, 96 %
2025/12/07 16:27:30.195, 247.88 W, 94 %
2025/12/07 16:27:30.295, 249.90 W, 94 %
2025/12/07 16:27:30.395, 249.87 W, 96 %
2025/12/07 16:27:30.495, 249.41 W, 96 %
2025/12/07 16:27:30.595, 249.94 W, 96 %
2025/12/07 16:27:30.695, 249.88 W, 96 %
2025/12/07 16:27:30.795, 249.46 W, 96 %
2025/12/07 16:27:30.896, 249.56 W, 96 %
2025/12/07 16:27:30.996, 249.26 W, 96 %
2025/12/07 16:27:31.096, 249.72 W, 96 %
2025/12/07 16:27:31.196, 250.14 W, 96 %
2025/12/07 16:27:31.296, 249.85 W, 96 %
2025/12/07 16:27:31.396, 249.80 W, 96 %
2025/12/07 16:27:31.496, 250.02 W, 96 %
2025/12/07 16:27:31.597, 249.38 W, 96 %
2025/12/07 16:27:31.697, 249.13 W, 96 %
2025/12/07 16:27:31.797, 249.55 W, 96 %
2025/12/07 16:27:31.897, 249.29 W, 96 %
2025/12/07 16:27:31.997, 249.36 W, 96 %
2025/12/07 16:27:32.097, 249.26 W, 96 %
2025/12/07 16:27:32.197, 248.56 W, 96 %
2025/12/07 16:27:32.298, 248.57 W, 96 %
2025/12/07 16:27:32.398, 248.79 W, 96 %
2025/12/07 16:27:32.498, 248.90 W, 96 %
2025/12/07 16:27:32.598, 248.77 W, 96 %
2025/12/07 16:27:32.698, 248.74 W, 96 %
2025/12/07 16:27:32.798, 249.13 W, 94 %
2025/12/07 16:27:32.898, 249.42 W, 94 %
2025/12/07 16:27:32.999, 249.50 W, 96 %
2025/12/07 16:27:33.099, 249.41 W, 96 %
2025/12/07 16:27:33.199, 248.78 W, 92 %
2025/12/07 16:27:33.299, 249.49 W, 92 %
2025/12/07 16:27:33.399, 249.17 W, 96 %
2025/12/07 16:27:33.499, 249.14 W, 96 %
2025/12/07 16:27:33.599, 249.12 W, 96 %
2025/12/07 16:27:33.700, 249.39 W, 96 %
2025/12/07 16:27:33.800, 249.27 W, 96 %
2025/12/07 16:27:33.900, 249.34 W, 96 %
2025/12/07 16:27:34.000, 249.01 W, 96 %
2025/12/07 16:27:34.100, 249.06 W, 96 %
2025/12/07 16:27:34.200, 248.81 W, 96 %
2025/12/07 16:27:34.300, 249.02 W, 96 %
2025/12/07 16:27:34.401, 249.09 W, 96 %
2025/12/07 16:27:34.501, 249.21 W, 96 %
2025/12/07 16:27:34.601, 249.35 W, 96 %
2025/12/07 16:27:34.701, 249.43 W, 96 %
2025/12/07 16:27:34.801, 249.43 W, 96 %
2025/12/07 16:27:34.901, 250.05 W, 96 %
2025/12/07 16:27:35.001, 250.05 W, 96 %
2025/12/07 16:27:35.102, 250.07 W, 96 %
2025/12/07 16:27:35.202, 249.82 W, 96 %
2025/12/07 16:27:35.302, 249.94 W, 96 %
2025/12/07 16:27:35.402, 250.65 W, 91 %
2025/12/07 16:27:35.502, 251.05 W, 91 %
2025/12/07 16:27:35.602, 250.43 W, 96 %
2025/12/07 16:27:35.702, 250.27 W, 96 %
2025/12/07 16:27:35.803, 250.15 W, 96 %
2025/12/07 16:27:35.903, 249.80 W, 96 %
2025/12/07 16:27:36.003, 250.01 W, 96 %
2025/12/07 16:27:36.103, 250.38 W, 96 %
2025/12/07 16:27:36.203, 248.67 W, 95 %
2025/12/07 16:27:36.303, 248.71 W, 95 %
2025/12/07 16:27:36.404, 248.00 W, 96 %
2025/12/07 16:27:36.504, 248.03 W, 96 %
2025/12/07 16:27:36.604, 247.71 W, 96 %
2025/12/07 16:27:36.704, 247.91 W, 96 %
2025/12/07 16:27:36.804, 247.75 W, 96 %
2025/12/07 16:27:36.904, 247.96 W, 96 %
2025/12/07 16:27:37.004, 248.08 W, 96 %
2025/12/07 16:27:37.105, 247.98 W, 96 %
2025/12/07 16:27:37.205, 247.90 W, 96 %
2025/12/07 16:27:37.305, 249.46 W, 96 %
2025/12/07 16:27:37.405, 249.59 W, 96 %
2025/12/07 16:27:37.505, 247.59 W, 96 %
2025/12/07 16:27:37.605, 247.97 W, 96 %
2025/12/07 16:27:37.705, 248.03 W, 96 %
2025/12/07 16:27:37.806, 248.28 W, 96 %
2025/12/07 16:27:37.906, 248.43 W, 96 %
2025/12/07 16:27:38.006, 248.83 W, 94 %
2025/12/07 16:27:38.106, 248.40 W, 94 %
2025/12/07 16:27:38.206, 247.97 W, 96 %
2025/12/07 16:27:38.306, 247.72 W, 96 %
2025/12/07 16:27:38.406, 247.57 W, 96 %
2025/12/07 16:27:38.507, 247.90 W, 96 %
2025/12/07 16:27:38.607, 249.71 W, 96 %
2025/12/07 16:27:38.707, 249.52 W, 96 %
2025/12/07 16:27:38.807, 248.71 W, 94 %
2025/12/07 16:27:38.907, 249.22 W, 94 %
2025/12/07 16:27:39.007, 249.00 W, 96 %
2025/12/07 16:27:39.107, 248.79 W, 96 %
2025/12/07 16:27:39.208, 248.51 W, 96 %
2025/12/07 16:27:39.308, 248.43 W, 96 %
2025/12/07 16:27:39.408, 248.60 W, 96 %
2025/12/07 16:27:39.508, 248.99 W, 96 %
2025/12/07 16:27:39.608, 248.83 W, 96 %
2025/12/07 16:27:39.708, 249.63 W, 96 %
2025/12/07 16:27:39.808, 250.31 W, 96 %
2025/12/07 16:27:39.909, 250.51 W, 96 %
2025/12/07 16:27:40.009, 249.96 W, 96 %
2025/12/07 16:27:40.109, 249.97 W, 96 %
2025/12/07 16:27:40.209, 250.10 W, 96 %
2025/12/07 16:27:40.309, 250.32 W, 96 %
2025/12/07 16:27:40.409, 250.42 W, 96 %
2025/12/07 16:27:40.509, 250.45 W, 96 %
2025/12/07 16:27:40.610, 250.18 W, 94 %
2025/12/07 16:27:40.710, 250.13 W, 94 %
2025/12/07 16:27:40.810, 249.64 W, 96 %
2025/12/07 16:27:40.910, 249.21 W, 96 %
2025/12/07 16:27:41.010, 249.11 W, 96 %
2025/12/07 16:27:41.110, 249.48 W, 96 %
2025/12/07 16:27:41.210, 248.94 W, 96 %
2025/12/07 16:27:41.311, 249.35 W, 96 %
2025/12/07 16:27:41.411, 249.59 W, 95 %
2025/12/07 16:27:41.511, 249.34 W, 95 %
2025/12/07 16:27:41.611, 249.64 W, 96 %
2025/12/07 16:27:41.711, 249.85 W, 96 %
2025/12/07 16:27:41.811, 246.71 W, 92 %
2025/12/07 16:27:41.911, 246.48 W, 92 %
2025/12/07 16:27:42.012, 246.54 W, 96 %
2025/12/07 16:27:42.112, 246.84 W, 96 %
2025/12/07 16:27:42.212, 246.87 W, 96 %
2025/12/07 16:27:42.312, 246.77 W, 96 %
2025/12/07 16:27:42.412, 246.47 W, 96 %
2025/12/07 16:27:42.512, 246.65 W, 96 %
2025/12/07 16:27:42.612, 246.88 W, 96 %
2025/12/07 16:27:42.713, 246.93 W, 96 %
2025/12/07 16:27:42.813, 250.23 W, 96 %
2025/12/07 16:27:42.913, 250.03 W, 96 %
2025/12/07 16:27:43.013, 250.03 W, 96 %
2025/12/07 16:27:43.113, 248.91 W, 96 %
2025/12/07 16:27:43.213, 249.17 W, 96 %
2025/12/07 16:27:43.313, 249.22 W, 96 %
2025/12/07 16:27:43.414, 248.85 W, 96 %
2025/12/07 16:27:43.514, 248.76 W, 96 %
2025/12/07 16:27:43.614, 249.01 W, 96 %
2025/12/07 16:27:43.714, 248.78 W, 96 %
2025/12/07 16:27:43.814, 248.91 W, 96 %
2025/12/07 16:27:43.914, 248.73 W, 96 %
2025/12/07 16:27:44.014, 249.63 W, 91 %
2025/12/07 16:27:44.115, 249.97 W, 91 %
2025/12/07 16:27:44.215, 250.90 W, 96 %
2025/12/07 16:27:44.315, 251.17 W, 96 %
2025/12/07 16:27:44.415, 250.62 W, 96 %
2025/12/07 16:27:44.515, 250.57 W, 96 %
2025/12/07 16:27:44.615, 250.80 W, 96 %
2025/12/07 16:27:44.715, 250.64 W, 96 %
2025/12/07 16:27:44.816, 250.79 W, 96 %
2025/12/07 16:27:44.916, 250.68 W, 96 %
2025/12/07 16:27:45.016, 250.48 W, 96 %
2025/12/07 16:27:45.116, 249.79 W, 96 %
2025/12/07 16:27:45.216, 249.81 W, 96 %
2025/12/07 16:27:45.316, 249.67 W, 96 %
2025/12/07 16:27:45.416, 249.13 W, 96 %
2025/12/07 16:27:45.517, 249.60 W, 96 %
2025/12/07 16:27:45.617, 249.48 W, 94 %
2025/12/07 16:27:45.717, 250.15 W, 94 %
2025/12/07 16:27:45.817, 250.35 W, 96 %
2025/12/07 16:27:45.917, 250.35 W, 96 %
2025/12/07 16:27:46.017, 250.23 W, 90 %
2025/12/07 16:27:46.117, 244.80 W, 90 %
2025/12/07 16:27:46.218, 244.80 W, 96 %
2025/12/07 16:27:46.318, 244.65 W, 96 %
2025/12/07 16:27:46.418, 244.65 W, 96 %
2025/12/07 16:27:46.518, 244.54 W, 96 %
2025/12/07 16:27:46.618, 244.54 W, 96 %
2025/12/07 16:27:46.718, 244.20 W, 96 %
2025/12/07 16:27:46.818, 243.28 W, 96 %
2025/12/07 16:27:46.919, 243.28 W, 96 %
2025/12/07 16:27:47.019, 243.47 W, 96 %
2025/12/07 16:27:47.119, 249.19 W, 96 %
2025/12/07 16:27:47.219, 249.40 W, 96 %
2025/12/07 16:27:47.319, 249.40 W, 96 %
2025/12/07 16:27:47.419, 247.85 W, 96 %
2025/12/07 16:27:47.519, 248.20 W, 96 %
2025/12/07 16:27:47.620, 248.42 W, 96 %
2025/12/07 16:27:47.720, 248.25 W, 96 %
2025/12/07 16:27:47.820, 248.37 W, 96 %
2025/12/07 16:27:47.920, 248.42 W, 96 %
2025/12/07 16:27:48.020, 248.33 W, 96 %
2025/12/07 16:27:48.120, 248.62 W, 96 %
2025/12/07 16:27:48.220, 248.96 W, 91 %
2025/12/07 16:27:48.321, 249.17 W, 91 %
2025/12/07 16:27:48.421, 250.13 W, 96 %
2025/12/07 16:27:48.521, 250.21 W, 96 %
2025/12/07 16:27:48.621, 250.12 W, 96 %
2025/12/07 16:27:48.721, 250.63 W, 96 %
2025/12/07 16:27:48.821, 250.56 W, 96 %
2025/12/07 16:27:48.921, 250.27 W, 96 %
2025/12/07 16:27:49.022, 250.48 W, 96 %
2025/12/07 16:27:49.122, 250.55 W, 96 %
2025/12/07 16:27:49.222, 250.55 W, 96 %
2025/12/07 16:27:49.322, 250.11 W, 96 %
2025/12/07 16:27:49.422, 249.90 W, 96 %
2025/12/07 16:27:49.522, 250.12 W, 96 %
2025/12/07 16:27:49.623, 250.01 W, 96 %
2025/12/07 16:27:49.723, 250.15 W, 96 %
2025/12/07 16:27:49.823, 249.99 W, 96 %
2025/12/07 16:27:49.923, 250.38 W, 96 %
2025/12/07 16:27:50.023, 250.52 W, 96 %
2025/12/07 16:27:50.123, 250.09 W, 96 %
2025/12/07 16:27:50.223, 249.95 W, 96 %
2025/12/07 16:27:50.324, 247.04 W, 96 %
2025/12/07 16:27:50.424, 247.18 W, 95 %
2025/12/07 16:27:50.524, 247.15 W, 95 %
2025/12/07 16:27:50.624, 247.25 W, 96 %
2025/12/07 16:27:50.724, 246.86 W, 96 %
2025/12/07 16:27:50.824, 247.25 W, 94 %
2025/12/07 16:27:50.924, 247.74 W, 94 %
2025/12/07 16:27:51.025, 246.88 W, 96 %
2025/12/07 16:27:51.125, 246.91 W, 96 %
2025/12/07 16:27:51.225, 247.15 W, 96 %
2025/12/07 16:27:51.325, 250.15 W, 96 %
2025/12/07 16:27:51.425, 249.80 W, 96 %
2025/12/07 16:27:51.525, 249.98 W, 96 %
2025/12/07 16:27:51.625, 248.09 W, 94 %
2025/12/07 16:27:51.726, 247.69 W, 94 %
2025/12/07 16:27:51.826, 248.10 W, 96 %
2025/12/07 16:27:51.926, 246.99 W, 96 %
2025/12/07 16:27:52.026, 247.43 W, 96 %
2025/12/07 16:27:52.126, 247.52 W, 96 %
2025/12/07 16:27:52.226, 247.49 W, 96 %
2025/12/07 16:27:52.326, 247.40 W, 96 %
2025/12/07 16:27:52.427, 247.46 W, 96 %
2025/12/07 16:27:52.527, 247.52 W, 96 %
2025/12/07 16:27:52.627, 247.58 W, 96 %
2025/12/07 16:27:52.727, 249.30 W, 96 %
2025/12/07 16:27:52.827, 249.33 W, 96 %
2025/12/07 16:27:52.927, 249.28 W, 96 %
2025/12/07 16:27:53.027, 249.21 W, 96 %
2025/12/07 16:27:53.128, 249.04 W, 96 %
2025/12/07 16:27:53.228, 249.27 W, 96 %
2025/12/07 16:27:53.328, 249.31 W, 96 %
2025/12/07 16:27:53.428, 249.54 W, 94 %
2025/12/07 16:27:53.528, 249.33 W, 94 %
2025/12/07 16:27:53.628, 249.23 W, 96 %
2025/12/07 16:27:53.728, 248.99 W, 96 %
2025/12/07 16:27:53.829, 249.01 W, 96 %
2025/12/07 16:27:53.929, 249.23 W, 96 %
2025/12/07 16:27:54.029, 249.39 W, 96 %
2025/12/07 16:27:54.129, 249.88 W, 96 %
2025/12/07 16:27:54.229, 249.14 W, 94 %
2025/12/07 16:27:54.329, 249.07 W, 94 %
2025/12/07 16:27:54.429, 248.85 W, 96 %
2025/12/07 16:27:54.530, 248.50 W, 96 %
2025/12/07 16:27:54.630, 248.58 W, 96 %
2025/12/07 16:27:54.730, 249.37 W, 96 %
2025/12/07 16:27:54.830, 249.87 W, 96 %
2025/12/07 16:27:54.930, 249.69 W, 96 %
2025/12/07 16:27:55.030, 249.66 W, 96 %
2025/12/07 16:27:55.130, 249.95 W, 96 %
2025/12/07 16:27:55.231, 249.95 W, 96 %
2025/12/07 16:27:55.331, 250.52 W, 96 %
2025/12/07 16:27:55.431, 250.51 W, 96 %
2025/12/07 16:27:55.531, 250.02 W, 96 %
2025/12/07 16:27:55.631, 249.63 W, 96 %
2025/12/07 16:27:55.731, 249.48 W, 96 %
2025/12/07 16:27:55.831, 248.79 W, 96 %
2025/12/07 16:27:55.932, 248.59 W, 96 %
2025/12/07 16:27:56.032, 249.14 W, 95 %
2025/12/07 16:27:56.132, 249.20 W, 95 %
2025/12/07 16:27:56.232, 248.95 W, 96 %
2025/12/07 16:27:56.332, 249.06 W, 96 %
2025/12/07 16:27:56.432, 248.85 W, 96 %
2025/12/07 16:27:56.532, 249.00 W, 96 %
2025/12/07 16:27:56.633, 248.96 W, 96 %
2025/12/07 16:27:56.733, 248.70 W, 96 %
2025/12/07 16:27:56.833, 248.87 W, 91 %
2025/12/07 16:27:56.933, 249.27 W, 91 %
2025/12/07 16:27:57.033, 249.19 W, 96 %
2025/12/07 16:27:57.133, 248.81 W, 96 %
2025/12/07 16:27:57.233, 249.08 W, 96 %
2025/12/07 16:27:57.334, 249.01 W, 96 %
2025/12/07 16:27:57.434, 249.22 W, 96 %
2025/12/07 16:27:57.534, 249.64 W, 96 %
2025/12/07 16:27:57.634, 249.61 W, 96 %
2025/12/07 16:27:57.734, 249.63 W, 96 %
2025/12/07 16:27:57.834, 250.26 W, 96 %
2025/12/07 16:27:57.934, 250.10 W, 96 %
2025/12/07 16:27:58.035, 250.13 W, 96 %
2025/12/07 16:27:58.135, 249.88 W, 96 %
2025/12/07 16:27:58.235, 249.71 W, 96 %
2025/12/07 16:27:58.335, 249.28 W, 96 %
2025/12/07 16:27:58.435, 249.02 W, 96 %
2025/12/07 16:27:58.535, 247.88 W, 96 %
2025/12/07 16:27:58.636, 248.05 W, 96 %
2025/12/07 16:27:58.736, 248.40 W, 96 %
2025/12/07 16:27:58.836, 248.13 W, 96 %
2025/12/07 16:27:58.936, 247.97 W, 96 %
2025/12/07 16:27:59.036, 248.57 W, 92 %
2025/12/07 16:27:59.136, 248.83 W, 92 %
2025/12/07 16:27:59.236, 249.05 W, 96 %
2025/12/07 16:27:59.337, 249.19 W, 96 %
2025/12/07 16:27:59.437, 249.71 W, 95 %
2025/12/07 16:27:59.537, 249.40 W, 95 %
2025/12/07 16:27:59.637, 250.53 W, 96 %
2025/12/07 16:27:59.737, 250.52 W, 96 %
2025/12/07 16:27:59.837, 250.21 W, 96 %
2025/12/07 16:27:59.937, 250.51 W, 96 %
2025/12/07 16:28:00.038, 250.82 W, 96 %
2025/12/07 16:28:00.138, 249.89 W, 96 %
2025/12/07 16:28:00.238, 249.91 W, 96 %
2025/12/07 16:28:00.338, 250.18 W, 96 %
2025/12/07 16:28:00.438, 250.33 W, 96 %
2025/12/07 16:28:00.538, 249.77 W, 96 %
2025/12/07 16:28:00.638, 249.95 W, 96 %
2025/12/07 16:28:00.739, 249.49 W, 96 %
2025/12/07 16:28:00.839, 249.86 W, 96 %
2025/12/07 16:28:00.939, 249.81 W, 96 %
2025/12/07 16:28:01.039, 249.83 W, 96 %
2025/12/07 16:28:01.139, 248.97 W, 96 %
2025/12/07 16:28:01.239, 248.99 W, 96 %
2025/12/07 16:28:01.339, 248.95 W, 96 %
2025/12/07 16:28:01.440, 248.57 W, 96 %
2025/12/07 16:28:01.540, 248.53 W, 96 %
2025/12/07 16:28:01.640, 248.72 W, 96 %
2025/12/07 16:28:01.740, 248.93 W, 96 %
2025/12/07 16:28:01.840, 249.46 W, 96 %
2025/12/07 16:28:01.940, 249.62 W, 96 %
2025/12/07 16:28:02.040, 249.44 W, 95 %
2025/12/07 16:28:02.141, 249.15 W, 95 %
2025/12/07 16:28:02.241, 249.79 W, 96 %
2025/12/07 16:28:02.341, 249.71 W, 96 %
2025/12/07 16:28:02.441, 249.67 W, 96 %
2025/12/07 16:28:02.541, 249.90 W, 96 %
2025/12/07 16:28:02.641, 249.90 W, 96 %
2025/12/07 16:28:02.741, 250.13 W, 96 %
2025/12/07 16:28:02.842, 248.90 W, 95 %
2025/12/07 16:28:02.942, 248.83 W, 95 %
2025/12/07 16:28:03.042, 248.32 W, 96 %
2025/12/07 16:28:03.142, 247.73 W, 96 %
2025/12/07 16:28:03.242, 247.91 W, 96 %
2025/12/07 16:28:03.342, 248.65 W, 96 %
2025/12/07 16:28:03.442, 249.14 W, 96 %
2025/12/07 16:28:03.543, 249.32 W, 96 %
2025/12/07 16:28:03.643, 249.53 W, 96 %
2025/12/07 16:28:03.743, 250.07 W, 96 %
2025/12/07 16:28:03.843, 250.34 W, 96 %
2025/12/07 16:28:03.943, 251.16 W, 96 %
2025/12/07 16:28:04.043, 250.78 W, 96 %
2025/12/07 16:28:04.143, 250.93 W, 96 %
2025/12/07 16:28:04.244, 251.00 W, 96 %
2025/12/07 16:28:04.344, 251.21 W, 96 %
2025/12/07 16:28:04.444, 250.67 W, 96 %
2025/12/07 16:28:04.544, 250.58 W, 96 %
2025/12/07 16:28:04.644, 250.45 W, 95 %
2025/12/07 16:28:04.744, 250.07 W, 95 %
2025/12/07 16:28:04.844, 249.34 W, 96 %
2025/12/07 16:28:04.945, 249.40 W, 96 %
2025/12/07 16:28:05.045, 248.88 W, 96 %
2025/12/07 16:28:05.145, 249.28 W, 96 %
2025/12/07 16:28:05.245, 249.13 W, 96 %
2025/12/07 16:28:05.345, 249.61 W, 96 %
2025/12/07 16:28:05.445, 248.45 W, 91 %
2025/12/07 16:28:05.545, 248.99 W, 91 %
2025/12/07 16:28:05.646, 248.93 W, 96 %
2025/12/07 16:28:05.746, 248.88 W, 96 %
2025/12/07 16:28:05.846, 249.01 W, 96 %
2025/12/07 16:28:05.946, 248.33 W, 96 %
2025/12/07 16:28:06.046, 248.61 W, 96 %
2025/12/07 16:28:06.146, 248.47 W, 96 %
2025/12/07 16:28:06.246, 248.04 W, 96 %
2025/12/07 16:28:06.347, 248.38 W, 96 %
2025/12/07 16:28:06.447, 248.35 W, 96 %
2025/12/07 16:28:06.547, 249.00 W, 96 %
2025/12/07 16:28:06.647, 248.80 W, 96 %
2025/12/07 16:28:06.747, 249.10 W, 96 %
2025/12/07 16:28:06.847, 249.40 W, 96 %
2025/12/07 16:28:06.947, 249.49 W, 96 %
2025/12/07 16:28:07.048, 248.91 W, 96 %
2025/12/07 16:28:07.148, 246.82 W, 96 %
2025/12/07 16:28:07.248, 247.01 W, 96 %
2025/12/07 16:28:07.348, 247.93 W, 96 %
2025/12/07 16:28:07.448, 247.57 W, 96 %
2025/12/07 16:28:07.548, 247.59 W, 96 %
2025/12/07 16:28:07.648, 247.99 W, 92 %
2025/12/07 16:28:07.749, 248.43 W, 92 %
2025/12/07 16:28:07.849, 248.55 W, 96 %
2025/12/07 16:28:07.949, 248.02 W, 96 %
2025/12/07 16:28:08.049, 248.07 W, 95 %
2025/12/07 16:28:08.149, 247.67 W, 95 %
2025/12/07 16:28:08.249, 250.29 W, 96 %
2025/12/07 16:28:08.349, 250.13 W, 96 %
2025/12/07 16:28:08.450, 250.29 W, 96 %
2025/12/07 16:28:08.550, 250.57 W, 96 %
2025/12/07 16:28:08.650, 249.94 W, 96 %
2025/12/07 16:28:08.750, 249.61 W, 96 %
2025/12/07 16:28:08.850, 249.80 W, 96 %
2025/12/07 16:28:08.950, 250.07 W, 96 %
2025/12/07 16:28:09.050, 249.81 W, 96 %
2025/12/07 16:28:09.151, 249.45 W, 96 %
2025/12/07 16:28:09.251, 249.71 W, 96 %
2025/12/07 16:28:09.351, 249.29 W, 96 %
2025/12/07 16:28:09.451, 249.15 W, 96 %
2025/12/07 16:28:09.551, 248.94 W, 96 %
2025/12/07 16:28:09.651, 249.02 W, 96 %
2025/12/07 16:28:09.751, 234.85 W, 96 %
2025/12/07 16:28:09.852, 234.94 W, 85 %
2025/12/07 16:28:09.952, 236.38 W, 85 %
2025/12/07 16:28:10.052, 234.54 W, 96 %
2025/12/07 16:28:10.152, 236.17 W, 96 %
2025/12/07 16:28:10.252, 237.13 W, 96 %
2025/12/07 16:28:10.352, 237.57 W, 96 %
2025/12/07 16:28:10.452, 238.19 W, 96 %
2025/12/07 16:28:10.553, 238.58 W, 96 %
2025/12/07 16:28:10.653, 237.66 W, 95 %
2025/12/07 16:28:10.753, 237.49 W, 95 %
2025/12/07 16:28:10.853, 249.74 W, 96 %
2025/12/07 16:28:10.953, 249.59 W, 96 %
2025/12/07 16:28:11.053, 249.73 W, 96 %
2025/12/07 16:28:11.153, 249.37 W, 96 %
2025/12/07 16:28:11.254, 249.73 W, 96 %
2025/12/07 16:28:11.354, 249.44 W, 96 %
2025/12/07 16:28:11.454, 249.45 W, 96 %
2025/12/07 16:28:11.554, 249.69 W, 96 %
2025/12/07 16:28:11.654, 249.36 W, 96 %
2025/12/07 16:28:11.754, 248.77 W, 96 %
2025/12/07 16:28:11.854, 249.33 W, 96 %
2025/12/07 16:28:11.955, 249.54 W, 96 %
2025/12/07 16:28:12.055, 249.75 W, 96 %
2025/12/07 16:28:12.155, 249.82 W, 96 %
2025/12/07 16:28:12.255, 250.28 W, 96 %
2025/12/07 16:28:12.355, 248.52 W, 96 %
2025/12/07 16:28:12.455, 248.43 W, 96 %
2025/12/07 16:28:12.555, 248.48 W, 96 %
2025/12/07 16:28:12.656, 247.67 W, 96 %
2025/12/07 16:28:12.756, 247.73 W, 96 %
2025/12/07 16:28:12.856, 247.94 W, 96 %
2025/12/07 16:28:12.956, 248.13 W, 96 %
2025/12/07 16:28:13.056, 247.61 W, 96 %
2025/12/07 16:28:13.156, 247.29 W, 96 %
2025/12/07 16:28:13.256, 247.84 W, 94 %
2025/12/07 16:28:13.357, 248.56 W, 94 %
2025/12/07 16:28:13.457, 249.86 W, 96 %
2025/12/07 16:28:13.557, 249.74 W, 96 %
2025/12/07 16:28:13.657, 249.81 W, 96 %
2025/12/07 16:28:13.757, 249.57 W, 96 %
2025/12/07 16:28:13.857, 249.31 W, 96 %
2025/12/07 16:28:13.957, 249.56 W, 96 %
2025/12/07 16:28:14.058, 250.29 W, 96 %
2025/12/07 16:28:14.158, 250.41 W, 96 %
2025/12/07 16:28:14.258, 250.56 W, 96 %
2025/12/07 16:28:14.358, 249.87 W, 96 %
2025/12/07 16:28:14.458, 249.64 W, 96 %
2025/12/07 16:28:14.558, 249.87 W, 96 %
2025/12/07 16:28:14.659, 250.15 W, 96 %
2025/12/07 16:28:14.759, 250.40 W, 96 %
2025/12/07 16:28:14.859, 250.52 W, 96 %
2025/12/07 16:28:14.959, 251.36 W, 96 %
2025/12/07 16:28:15.059, 250.69 W, 96 %
2025/12/07 16:28:15.159, 249.95 W, 96 %
2025/12/07 16:28:15.259, 249.64 W, 96 %
2025/12/07 16:28:15.360, 249.58 W, 96 %
2025/12/07 16:28:15.460, 249.59 W, 96 %
2025/12/07 16:28:15.560, 249.49 W, 96 %
2025/12/07 16:28:15.660, 248.90 W, 96 %
2025/12/07 16:28:15.760, 249.13 W, 96 %
2025/12/07 16:28:15.860, 250.12 W, 95 %
2025/12/07 16:28:15.960, 250.01 W, 95 %
2025/12/07 16:28:16.061, 249.15 W, 96 %
2025/12/07 16:28:16.161, 249.49 W, 96 %
2025/12/07 16:28:16.261, 249.61 W, 92 %
2025/12/07 16:28:16.361, 250.21 W, 92 %
2025/12/07 16:28:16.461, 250.11 W, 96 %
2025/12/07 16:28:16.561, 249.54 W, 96 %
2025/12/07 16:28:16.661, 247.95 W, 94 %
2025/12/07 16:28:16.762, 247.85 W, 94 %
2025/12/07 16:28:16.862, 248.04 W, 96 %
2025/12/07 16:28:16.962, 247.40 W, 96 %
2025/12/07 16:28:17.062, 247.38 W, 96 %
2025/12/07 16:28:17.162, 247.17 W, 96 %
2025/12/07 16:28:17.262, 247.75 W, 96 %
2025/12/07 16:28:17.362, 247.03 W, 96 %
2025/12/07 16:28:17.463, 247.08 W, 96 %
2025/12/07 16:28:17.563, 247.81 W, 96 %
2025/12/07 16:28:17.663, 248.01 W, 96 %
2025/12/07 16:28:17.763, 250.03 W, 96 %
2025/12/07 16:28:17.863, 249.97 W, 96 %
2025/12/07 16:28:17.963, 249.39 W, 96 %
2025/12/07 16:28:18.063, 249.19 W, 96 %
2025/12/07 16:28:18.164, 249.87 W, 96 %
2025/12/07 16:28:18.264, 249.34 W, 96 %
2025/12/07 16:28:18.364, 249.07 W, 96 %
2025/12/07 16:28:18.464, 249.87 W, 91 %
2025/12/07 16:28:18.564, 250.21 W, 91 %
2025/12/07 16:28:18.664, 250.12 W, 96 %
2025/12/07 16:28:18.764, 250.19 W, 96 %
2025/12/07 16:28:18.865, 250.22 W, 96 %
2025/12/07 16:28:18.965, 250.70 W, 96 %
2025/12/07 16:28:19.065, 250.62 W, 96 %
2025/12/07 16:28:19.165, 250.85 W, 96 %
2025/12/07 16:28:19.265, 250.18 W, 94 %
2025/12/07 16:28:19.365, 249.43 W, 94 %
2025/12/07 16:28:19.465, 248.64 W, 96 %
2025/12/07 16:28:19.566, 248.35 W, 96 %
2025/12/07 16:28:19.666, 248.04 W, 96 %
2025/12/07 16:28:19.766, 247.91 W, 96 %
2025/12/07 16:28:19.866, 247.64 W, 96 %
2025/12/07 16:28:19.966, 247.99 W, 96 %
2025/12/07 16:28:20.066, 248.21 W, 96 %
2025/12/07 16:28:20.166, 248.74 W, 96 %
2025/12/07 16:28:20.267, 248.99 W, 96 %
2025/12/07 16:28:20.367, 249.55 W, 96 %
2025/12/07 16:28:20.467, 249.50 W, 96 %
2025/12/07 16:28:20.567, 248.64 W, 96 %
2025/12/07 16:28:20.667, 248.94 W, 96 %
2025/12/07 16:28:20.767, 248.68 W, 96 %
2025/12/07 16:28:20.867, 248.97 W, 96 %
2025/12/07 16:28:20.968, 248.97 W, 96 %
2025/12/07 16:28:21.068, 249.33 W, 95 %
2025/12/07 16:28:21.168, 249.19 W, 95 %
2025/12/07 16:28:21.268, 248.60 W, 96 %
2025/12/07 16:28:21.368, 248.43 W, 96 %
2025/12/07 16:28:21.468, 247.94 W, 96 %
2025/12/07 16:28:21.568, 248.43 W, 96 %
2025/12/07 16:28:21.669, 248.81 W, 96 %
2025/12/07 16:28:21.769, 248.96 W, 96 %
2025/12/07 16:28:21.869, 248.06 W, 94 %
2025/12/07 16:28:21.969, 248.51 W, 94 %
2025/12/07 16:28:22.069, 248.69 W, 96 %
2025/12/07 16:28:22.169, 248.34 W, 96 %
2025/12/07 16:28:22.270, 248.13 W, 96 %
2025/12/07 16:28:22.370, 248.09 W, 96 %
2025/12/07 16:28:22.470, 248.49 W, 96 %
2025/12/07 16:28:22.570, 247.97 W, 96 %
2025/12/07 16:28:22.670, 248.06 W, 96 %
2025/12/07 16:28:22.770, 248.90 W, 96 %
2025/12/07 16:28:22.870, 249.06 W, 96 %
2025/12/07 16:28:22.971, 249.60 W, 96 %
2025/12/07 16:28:23.071, 249.64 W, 96 %
2025/12/07 16:28:23.171, 249.36 W, 96 %
2025/12/07 16:28:23.271, 249.46 W, 96 %
2025/12/07 16:28:23.371, 249.52 W, 96 %
2025/12/07 16:28:23.471, 249.19 W, 96 %
2025/12/07 16:28:23.571, 247.32 W, 96 %
2025/12/07 16:28:23.672, 246.84 W, 96 %
2025/12/07 16:28:23.772, 246.98 W, 96 %
2025/12/07 16:28:23.872, 246.88 W, 96 %
2025/12/07 16:28:23.972, 247.10 W, 96 %
2025/12/07 16:28:24.072, 247.17 W, 96 %
2025/12/07 16:28:24.172, 246.51 W, 96 %
2025/12/07 16:28:24.272, 247.01 W, 96 %
2025/12/07 16:28:24.373, 246.66 W, 96 %
2025/12/07 16:28:24.473, 246.58 W, 95 %
2025/12/07 16:28:24.573, 246.36 W, 95 %
2025/12/07 16:28:24.673, 248.60 W, 96 %
2025/12/07 16:28:24.773, 248.79 W, 96 %
2025/12/07 16:28:24.873, 244.67 W, 92 %
2025/12/07 16:28:24.973, 245.51 W, 92 %
2025/12/07 16:28:25.074, 245.44 W, 96 %
2025/12/07 16:28:25.174, 245.34 W, 96 %
2025/12/07 16:28:25.274, 245.50 W, 96 %
2025/12/07 16:28:25.374, 245.83 W, 96 %
2025/12/07 16:28:25.474, 246.24 W, 96 %
2025/12/07 16:28:25.574, 246.50 W, 96 %
2025/12/07 16:28:25.674, 246.41 W, 96 %
2025/12/07 16:28:25.775, 246.76 W, 96 %
2025/12/07 16:28:25.875, 250.79 W, 96 %
2025/12/07 16:28:25.975, 249.97 W, 96 %
2025/12/07 16:28:26.075, 249.62 W, 96 %
2025/12/07 16:28:26.175, 248.66 W, 96 %
2025/12/07 16:28:26.275, 249.03 W, 96 %
2025/12/07 16:28:26.375, 248.34 W, 96 %
2025/12/07 16:28:26.476, 248.71 W, 96 %
2025/12/07 16:28:26.576, 248.54 W, 96 %
2025/12/07 16:28:26.676, 249.24 W, 96 %
2025/12/07 16:28:26.776, 248.84 W, 96 %
2025/12/07 16:28:26.876, 248.19 W, 96 %
2025/12/07 16:28:26.976, 248.11 W, 96 %
2025/12/07 16:28:27.076, 248.98 W, 91 %
2025/12/07 16:28:27.177, 249.26 W, 91 %
2025/12/07 16:28:27.277, 249.55 W, 96 %
2025/12/07 16:28:27.377, 249.82 W, 96 %
2025/12/07 16:28:27.477, 249.98 W, 96 %
2025/12/07 16:28:27.577, 249.82 W, 96 %
2025/12/07 16:28:27.677, 250.01 W, 96 %
2025/12/07 16:28:27.777, 249.48 W, 96 %
2025/12/07 16:28:27.878, 249.61 W, 96 %
2025/12/07 16:28:27.978, 249.85 W, 96 %
2025/12/07 16:28:28.078, 249.78 W, 96 %
2025/12/07 16:28:28.178, 249.21 W, 96 %
2025/12/07 16:28:28.278, 248.90 W, 96 %
2025/12/07 16:28:28.378, 249.49 W, 96 %
2025/12/07 16:28:28.478, 249.66 W, 96 %
2025/12/07 16:28:28.579, 249.62 W, 96 %
2025/12/07 16:28:28.679, 250.00 W, 96 %
2025/12/07 16:28:28.779, 250.45 W, 96 %
2025/12/07 16:28:28.879, 250.09 W, 96 %
2025/12/07 16:28:28.979, 250.19 W, 96 %
2025/12/07 16:28:29.079, 250.46 W, 96 %
2025/12/07 16:28:29.179, 248.56 W, 96 %
2025/12/07 16:28:29.280, 248.68 W, 93 %
2025/12/07 16:28:29.380, 248.88 W, 93 %
2025/12/07 16:28:29.480, 248.82 W, 96 %
2025/12/07 16:28:29.580, 248.54 W, 96 %
2025/12/07 16:28:29.680, 248.73 W, 95 %
2025/12/07 16:28:29.780, 248.76 W, 95 %
2025/12/07 16:28:29.880, 248.63 W, 96 %
2025/12/07 16:28:29.981, 248.69 W, 96 %
2025/12/07 16:28:30.081, 248.40 W, 96 %
2025/12/07 16:28:30.181, 248.34 W, 96 %
2025/12/07 16:28:30.281, 250.22 W, 96 %
2025/12/07 16:28:30.381, 249.95 W, 96 %
2025/12/07 16:28:30.481, 247.78 W, 94 %
2025/12/07 16:28:30.581, 247.91 W, 94 %
2025/12/07 16:28:30.682, 247.73 W, 96 %
2025/12/07 16:28:30.782, 246.83 W, 96 %
2025/12/07 16:28:30.882, 246.59 W, 96 %
2025/12/07 16:28:30.982, 246.86 W, 96 %
2025/12/07 16:28:31.082, 247.13 W, 96 %
2025/12/07 16:28:31.182, 247.45 W, 96 %
2025/12/07 16:28:31.283, 247.39 W, 96 %
2025/12/07 16:28:31.383, 247.83 W, 96 %
2025/12/07 16:28:31.483, 247.91 W, 96 %
2025/12/07 16:28:31.583, 249.83 W, 96 %
2025/12/07 16:28:31.683, 250.26 W, 96 %
2025/12/07 16:28:31.783, 250.37 W, 96 %
2025/12/07 16:28:31.883, 250.47 W, 96 %
2025/12/07 16:28:31.984, 250.13 W, 96 %
2025/12/07 16:28:32.084, 249.77 W, 96 %
2025/12/07 16:28:32.184, 249.68 W, 96 %
2025/12/07 16:28:32.284, 249.50 W, 94 %
2025/12/07 16:28:32.384, 249.61 W, 94 %
2025/12/07 16:28:32.484, 249.41 W, 96 %
2025/12/07 16:28:32.584, 248.92 W, 96 %
2025/12/07 16:28:32.685, 248.93 W, 96 %
2025/12/07 16:28:32.785, 248.49 W, 96 %
2025/12/07 16:28:32.885, 248.75 W, 96 %
2025/12/07 16:28:32.985, 248.82 W, 96 %
2025/12/07 16:28:33.085, 248.73 W, 95 %
2025/12/07 16:28:33.185, 248.31 W, 95 %
2025/12/07 16:28:33.285, 248.29 W, 96 %
2025/12/07 16:28:33.386, 248.27 W, 96 %
2025/12/07 16:28:33.486, 248.26 W, 96 %
2025/12/07 16:28:33.586, 248.53 W, 96 %
2025/12/07 16:28:33.686, 248.76 W, 96 %
2025/12/07 16:28:33.786, 249.23 W, 96 %
2025/12/07 16:28:33.886, 249.32 W, 96 %
2025/12/07 16:28:33.986, 249.37 W, 96 %
2025/12/07 16:28:34.087, 249.74 W, 96 %
2025/12/07 16:28:34.187, 250.18 W, 96 %
2025/12/07 16:28:34.287, 250.36 W, 96 %
2025/12/07 16:28:34.387, 250.62 W, 96 %
2025/12/07 16:28:34.487, 250.80 W, 96 %
2025/12/07 16:28:34.587, 250.04 W, 96 %
2025/12/07 16:28:34.687, 249.97 W, 96 %
2025/12/07 16:28:34.788, 250.03 W, 96 %
2025/12/07 16:28:34.888, 249.62 W, 94 %
2025/12/07 16:28:34.988, 249.95 W, 94 %
2025/12/07 16:28:35.088, 249.48 W, 96 %
2025/12/07 16:28:35.188, 249.27 W, 96 %
2025/12/07 16:28:35.288, 249.14 W, 96 %
2025/12/07 16:28:35.388, 249.23 W, 96 %
2025/12/07 16:28:35.489, 249.24 W, 96 %
2025/12/07 16:28:35.589, 249.30 W, 96 %
2025/12/07 16:28:35.689, 249.15 W, 91 %
2025/12/07 16:28:35.789, 249.37 W, 91 %
2025/12/07 16:28:35.889, 249.48 W, 96 %
2025/12/07 16:28:35.989, 249.30 W, 96 %
2025/12/07 16:28:36.089, 249.10 W, 96 %
2025/12/07 16:28:36.190, 249.22 W, 96 %
2025/12/07 16:28:36.290, 249.23 W, 96 %
2025/12/07 16:28:36.390, 249.55 W, 96 %
2025/12/07 16:28:36.490, 249.50 W, 96 %
2025/12/07 16:28:36.590, 249.35 W, 96 %
2025/12/07 16:28:36.690, 249.41 W, 96 %
2025/12/07 16:28:36.790, 249.10 W, 96 %
2025/12/07 16:28:36.891, 249.08 W, 96 %
2025/12/07 16:28:36.991, 248.84 W, 96 %
2025/12/07 16:28:37.091, 249.26 W, 96 %
2025/12/07 16:28:37.191, 249.57 W, 96 %
2025/12/07 16:28:37.291, 249.98 W, 96 %
2025/12/07 16:28:37.391, 247.58 W, 96 %
2025/12/07 16:28:37.491, 247.63 W, 96 %
2025/12/07 16:28:37.592, 247.39 W, 96 %
2025/12/07 16:28:37.692, 246.87 W, 96 %
2025/12/07 16:28:37.792, 247.07 W, 96 %
2025/12/07 16:28:37.892, 247.61 W, 92 %
2025/12/07 16:28:37.992, 247.89 W, 92 %
2025/12/07 16:28:38.092, 247.55 W, 96 %
2025/12/07 16:28:38.192, 247.17 W, 96 %
2025/12/07 16:28:38.293, 247.13 W, 93 %
2025/12/07 16:28:38.393, 247.57 W, 93 %
2025/12/07 16:28:38.493, 250.30 W, 96 %
2025/12/07 16:28:38.593, 251.50 W, 96 %
2025/12/07 16:28:38.693, 252.45 W, 96 %
2025/12/07 16:28:38.793, 251.67 W, 96 %
2025/12/07 16:28:38.893, 251.33 W, 96 %
2025/12/07 16:28:38.994, 250.80 W, 96 %
2025/12/07 16:28:39.094, 250.68 W, 96 %
2025/12/07 16:28:39.194, 251.04 W, 96 %
2025/12/07 16:28:39.294, 251.37 W, 96 %
2025/12/07 16:28:39.394, 250.85 W, 96 %
2025/12/07 16:28:39.494, 250.82 W, 96 %
2025/12/07 16:28:39.594, 250.34 W, 96 %
2025/12/07 16:28:39.695, 249.25 W, 96 %
2025/12/07 16:28:39.795, 248.77 W, 96 %
2025/12/07 16:28:39.895, 248.93 W, 96 %
2025/12/07 16:28:39.995, 244.51 W, 96 %
2025/12/07 16:28:40.095, 245.26 W, 96 %
2025/12/07 16:28:40.195, 245.63 W, 96 %
2025/12/07 16:28:40.296, 245.21 W, 96 %
2025/12/07 16:28:40.396, 244.95 W, 96 %
2025/12/07 16:28:40.496, 245.23 W, 96 %
2025/12/07 16:28:40.596, 244.68 W, 96 %
2025/12/07 16:28:40.696, 244.78 W, 96 %
2025/12/07 16:28:40.796, 244.65 W, 96 %
2025/12/07 16:28:40.896, 245.87 W, 95 %
2025/12/07 16:28:40.997, 246.05 W, 95 %
2025/12/07 16:28:41.097, 250.50 W, 96 %
2025/12/07 16:28:41.197, 250.32 W, 96 %
2025/12/07 16:28:41.297, 250.24 W, 96 %
2025/12/07 16:28:41.397, 250.65 W, 96 %
2025/12/07 16:28:41.497, 250.84 W, 96 %
2025/12/07 16:28:41.597, 250.40 W, 96 %
2025/12/07 16:28:41.698, 250.11 W, 96 %
2025/12/07 16:28:41.798, 249.42 W, 96 %
2025/12/07 16:28:41.898, 249.78 W, 96 %
2025/12/07 16:28:41.998, 250.04 W, 96 %
2025/12/07 16:28:42.098, 249.67 W, 96 %
2025/12/07 16:28:42.198, 250.53 W, 96 %
2025/12/07 16:28:42.298, 250.57 W, 96 %
2025/12/07 16:28:42.399, 250.55 W, 96 %
2025/12/07 16:28:42.499, 250.24 W, 96 %
2025/12/07 16:28:42.599, 249.48 W, 96 %
2025/12/07 16:28:42.699, 248.94 W, 96 %
2025/12/07 16:28:42.799, 249.68 W, 96 %
2025/12/07 16:28:42.899, 249.27 W, 96 %
2025/12/07 16:28:42.999, 249.56 W, 96 %
2025/12/07 16:28:43.100, 248.67 W, 96 %
2025/12/07 16:28:43.200, 248.66 W, 96 %
2025/12/07 16:28:43.300, 247.45 W, 96 %
2025/12/07 16:28:43.400, 247.88 W, 96 %
2025/12/07 16:28:43.500, 248.26 W, 95 %
2025/12/07 16:28:43.600, 248.72 W, 95 %
2025/12/07 16:28:43.700, 248.91 W, 96 %
2025/12/07 16:28:43.801, 249.02 W, 96 %
2025/12/07 16:28:43.901, 249.10 W, 96 %
2025/12/07 16:28:44.001, 249.33 W, 96 %
2025/12/07 16:28:44.101, 249.02 W, 96 %
2025/12/07 16:28:44.201, 249.42 W, 96 %
2025/12/07 16:28:44.301, 249.55 W, 96 %
2025/12/07 16:28:44.401, 250.08 W, 96 %
2025/12/07 16:28:44.501, 250.26 W, 96 %
2025/12/07 16:28:44.602, 249.57 W, 96 %
2025/12/07 16:28:44.702, 249.64 W, 96 %
2025/12/07 16:28:44.802, 249.98 W, 96 %
2025/12/07 16:28:44.902, 250.00 W, 96 %
2025/12/07 16:28:45.002, 250.29 W, 96 %
2025/12/07 16:28:45.102, 249.61 W, 96 %
2025/12/07 16:28:45.202, 250.54 W, 96 %
2025/12/07 16:28:45.303, 250.92 W, 96 %
2025/12/07 16:28:45.403, 250.35 W, 96 %
2025/12/07 16:28:45.503, 249.69 W, 96 %
2025/12/07 16:28:45.603, 249.31 W, 96 %
2025/12/07 16:28:45.703, 249.16 W, 96 %
2025/12/07 16:28:45.803, 249.59 W, 96 %
2025/12/07 16:28:45.903, 249.62 W, 96 %
2025/12/07 16:28:46.004, 249.87 W, 96 %
2025/12/07 16:28:46.104, 250.93 W, 94 %
2025/12/07 16:28:46.204, 250.48 W, 94 %
2025/12/07 16:28:46.304, 249.54 W, 96 %
2025/12/07 16:28:46.404, 249.12 W, 96 %
2025/12/07 16:28:46.504, 249.70 W, 89 %
2025/12/07 16:28:46.604, 249.88 W, 89 %
2025/12/07 16:28:46.705, 250.23 W, 96 %
2025/12/07 16:28:46.805, 250.45 W, 96 %
2025/12/07 16:28:46.905, 249.01 W, 94 %
2025/12/07 16:28:47.005, 249.31 W, 94 %
2025/12/07 16:28:47.105, 249.32 W, 96 %
2025/12/07 16:28:47.205, 249.41 W, 96 %
2025/12/07 16:28:47.305, 249.77 W, 96 %
2025/12/07 16:28:47.406, 249.78 W, 96 %
2025/12/07 16:28:47.506, 249.70 W, 96 %
2025/12/07 16:28:47.606, 248.88 W, 96 %
2025/12/07 16:28:47.706, 248.48 W, 96 %
2025/12/07 16:28:47.806, 249.05 W, 96 %
2025/12/07 16:28:47.906, 249.00 W, 96 %
2025/12/07 16:28:48.006, 250.43 W, 96 %
2025/12/07 16:28:48.107, 250.54 W, 96 %
2025/12/07 16:28:48.207, 250.40 W, 96 %
2025/12/07 16:28:48.307, 250.45 W, 96 %
2025/12/07 16:28:48.407, 250.46 W, 96 %
2025/12/07 16:28:48.507, 250.58 W, 96 %
2025/12/07 16:28:48.607, 250.72 W, 96 %
2025/12/07 16:28:48.707, 251.29 W, 91 %
2025/12/07 16:28:48.807, 251.37 W, 91 %
2025/12/07 16:28:48.908, 250.76 W, 96 %
2025/12/07 16:28:49.008, 250.28 W, 96 %
2025/12/07 16:28:49.108, 249.99 W, 96 %
2025/12/07 16:28:49.208, 249.88 W, 96 %
2025/12/07 16:28:49.308, 250.07 W, 96 %
2025/12/07 16:28:49.408, 249.94 W, 96 %
2025/12/07 16:28:49.508, 249.37 W, 94 %
2025/12/07 16:28:49.609, 249.23 W, 94 %
2025/12/07 16:28:49.709, 248.80 W, 96 %
2025/12/07 16:28:49.809, 248.60 W, 96 %
2025/12/07 16:28:49.909, 248.37 W, 96 %
2025/12/07 16:28:50.009, 248.64 W, 96 %
2025/12/07 16:28:50.109, 248.74 W, 96 %
2025/12/07 16:28:50.209, 248.67 W, 96 %
2025/12/07 16:28:50.310, 248.93 W, 96 %
2025/12/07 16:28:50.410, 249.53 W, 96 %
2025/12/07 16:28:50.510, 249.66 W, 96 %
2025/12/07 16:28:50.610, 250.06 W, 96 %
2025/12/07 16:28:50.710, 250.46 W, 96 %
2025/12/07 16:28:50.810, 250.69 W, 96 %
2025/12/07 16:28:50.911, 251.41 W, 96 %
2025/12/07 16:28:51.011, 251.38 W, 96 %
2025/12/07 16:28:51.111, 250.92 W, 96 %
2025/12/07 16:28:51.211, 248.95 W, 96 %
2025/12/07 16:28:51.311, 249.25 W, 96 %
2025/12/07 16:28:51.411, 248.74 W, 96 %
2025/12/07 16:28:51.511, 248.61 W, 96 %
2025/12/07 16:28:51.612, 248.38 W, 96 %
2025/12/07 16:28:51.712, 248.22 W, 96 %
2025/12/07 16:28:51.812, 247.78 W, 96 %
2025/12/07 16:28:51.912, 246.45 W, 96 %
2025/12/07 16:28:52.012, 246.90 W, 96 %
2025/12/07 16:28:52.112, 247.07 W, 94 %
2025/12/07 16:28:52.212, 247.66 W, 94 %
2025/12/07 16:28:52.313, 249.97 W, 96 %
2025/12/07 16:28:52.413, 249.32 W, 96 %
2025/12/07 16:28:52.513, 249.37 W, 96 %
2025/12/07 16:28:52.613, 249.17 W, 96 %
2025/12/07 16:28:52.713, 249.25 W, 96 %
2025/12/07 16:28:52.813, 249.27 W, 96 %
2025/12/07 16:28:52.913, 249.49 W, 96 %
2025/12/07 16:28:53.014, 250.09 W, 96 %
2025/12/07 16:28:53.114, 250.38 W, 96 %
2025/12/07 16:28:53.214, 250.61 W, 96 %
2025/12/07 16:28:53.314, 250.57 W, 96 %
2025/12/07 16:28:53.414, 249.95 W, 96 %
2025/12/07 16:28:53.514, 250.12 W, 96 %
2025/12/07 16:28:53.614, 249.33 W, 96 %
2025/12/07 16:28:53.715, 249.20 W, 96 %
2025/12/07 16:28:53.815, 248.90 W, 96 %
2025/12/07 16:28:53.915, 248.98 W, 96 %
2025/12/07 16:28:54.015, 249.16 W, 96 %
2025/12/07 16:28:54.115, 249.21 W, 96 %
2025/12/07 16:28:54.215, 249.19 W, 96 %
2025/12/07 16:28:54.315, 249.04 W, 96 %
2025/12/07 16:28:54.416, 249.01 W, 96 %
2025/12/07 16:28:54.516, 248.70 W, 96 %
2025/12/07 16:28:54.616, 249.28 W, 96 %
2025/12/07 16:28:54.716, 249.94 W, 94 %
2025/12/07 16:28:54.816, 249.34 W, 94 %
2025/12/07 16:28:54.916, 250.08 W, 96 %
2025/12/07 16:28:55.016, 249.93 W, 96 %
2025/12/07 16:28:55.116, 248.81 W, 92 %
2025/12/07 16:28:55.217, 249.25 W, 92 %
2025/12/07 16:28:55.317, 249.23 W, 96 %
2025/12/07 16:28:55.417, 249.13 W, 96 %
2025/12/07 16:28:55.517, 249.21 W, 96 %
2025/12/07 16:28:55.617, 249.69 W, 96 %
2025/12/07 16:28:55.717, 249.58 W, 96 %
2025/12/07 16:28:55.817, 249.08 W, 96 %
2025/12/07 16:28:55.918, 249.39 W, 96 %
2025/12/07 16:28:56.018, 249.23 W, 96 %
2025/12/07 16:28:56.118, 248.95 W, 96 %
2025/12/07 16:28:56.218, 249.12 W, 96 %
2025/12/07 16:28:56.318, 249.30 W, 96 %
2025/12/07 16:28:56.418, 249.51 W, 96 %
2025/12/07 16:28:56.519, 249.83 W, 96 %
2025/12/07 16:28:56.619, 250.04 W, 96 %
2025/12/07 16:28:56.719, 249.89 W, 96 %
2025/12/07 16:28:56.819, 249.57 W, 96 %
2025/12/07 16:28:56.919, 249.81 W, 96 %
2025/12/07 16:28:57.019, 249.72 W, 96 %
2025/12/07 16:28:57.119, 250.27 W, 96 %
2025/12/07 16:28:57.220, 250.21 W, 96 %
2025/12/07 16:28:57.320, 250.87 W, 91 %
2025/12/07 16:28:57.420, 251.01 W, 91 %
2025/12/07 16:28:57.520, 250.18 W, 96 %
2025/12/07 16:28:57.620, 250.44 W, 96 %
2025/12/07 16:28:57.720, 250.38 W, 96 %
2025/12/07 16:28:57.820, 250.65 W, 96 %
2025/12/07 16:28:57.921, 250.41 W, 96 %
2025/12/07 16:28:58.021, 250.30 W, 96 %
2025/12/07 16:28:58.121, 249.55 W, 95 %
2025/12/07 16:28:58.221, 249.28 W, 95 %
2025/12/07 16:28:58.321, 248.44 W, 96 %
2025/12/07 16:28:58.421, 248.03 W, 96 %
2025/12/07 16:28:58.521, 248.32 W, 96 %
2025/12/07 16:28:58.622, 248.48 W, 96 %
2025/12/07 16:28:58.722, 248.04 W, 96 %
2025/12/07 16:28:58.822, 248.04 W, 96 %
2025/12/07 16:28:58.922, 248.14 W, 95 %
2025/12/07 16:28:59.022, 249.17 W, 95 %
2025/12/07 16:28:59.122, 249.49 W, 96 %
2025/12/07 16:28:59.222, 250.25 W, 96 %
2025/12/07 16:28:59.323, 250.18 W, 92 %
2025/12/07 16:28:59.423, 249.91 W, 92 %
2025/12/07 16:28:59.523, 249.97 W, 96 %
2025/12/07 16:28:59.623, 249.88 W, 96 %
2025/12/07 16:28:59.723, 249.88 W, 96 %
2025/12/07 16:28:59.823, 250.08 W, 96 %
2025/12/07 16:28:59.923, 250.19 W, 96 %
2025/12/07 16:29:00.024, 250.19 W, 96 %
2025/12/07 16:29:00.124, 249.71 W, 96 %
2025/12/07 16:29:00.224, 249.59 W, 96 %
2025/12/07 16:29:00.324, 249.57 W, 96 %
2025/12/07 16:29:00.424, 249.87 W, 96 %
2025/12/07 16:29:00.524, 249.79 W, 96 %
2025/12/07 16:29:00.624, 249.78 W, 96 %
2025/12/07 16:29:00.725, 250.02 W, 96 %
2025/12/07 16:29:00.825, 249.54 W, 96 %
2025/12/07 16:29:00.925, 249.88 W, 96 %
2025/12/07 16:29:01.025, 249.78 W, 96 %
2025/12/07 16:29:01.125, 250.02 W, 96 %
2025/12/07 16:29:01.225, 249.94 W, 96 %
2025/12/07 16:29:01.325, 249.96 W, 96 %
2025/12/07 16:29:01.426, 250.24 W, 96 %
2025/12/07 16:29:01.526, 251.06 W, 91 %
2025/12/07 16:29:01.626, 251.02 W, 91 %
2025/12/07 16:29:01.726, 250.99 W, 96 %
2025/12/07 16:29:01.826, 251.00 W, 96 %
2025/12/07 16:29:01.926, 251.33 W, 96 %
2025/12/07 16:29:02.026, 251.63 W, 96 %
2025/12/07 16:29:02.127, 251.40 W, 96 %
2025/12/07 16:29:02.227, 251.54 W, 96 %
2025/12/07 16:29:02.327, 250.28 W, 95 %
2025/12/07 16:29:02.427, 249.86 W, 95 %
2025/12/07 16:29:02.527, 249.40 W, 96 %
2025/12/07 16:29:02.627, 248.32 W, 96 %
2025/12/07 16:29:02.727, 248.16 W, 96 %
2025/12/07 16:29:02.828, 248.36 W, 96 %
2025/12/07 16:29:02.928, 248.23 W, 96 %
2025/12/07 16:29:03.028, 248.29 W, 96 %
2025/12/07 16:29:03.128, 248.05 W, 96 %
2025/12/07 16:29:03.228, 247.81 W, 96 %
2025/12/07 16:29:03.328, 247.71 W, 96 %
2025/12/07 16:29:03.428, 248.93 W, 96 %
2025/12/07 16:29:03.529, 248.68 W, 96 %
2025/12/07 16:29:03.629, 247.28 W, 96 %
2025/12/07 16:29:03.729, 247.52 W, 96 %
2025/12/07 16:29:03.829, 247.00 W, 96 %
2025/12/07 16:29:03.929, 247.64 W, 96 %
2025/12/07 16:29:04.029, 247.64 W, 96 %
2025/12/07 16:29:04.129, 247.52 W, 95 %
2025/12/07 16:29:04.230, 247.60 W, 95 %
2025/12/07 16:29:04.330, 247.45 W, 96 %
2025/12/07 16:29:04.430, 247.64 W, 96 %
2025/12/07 16:29:04.530, 247.21 W, 96 %
2025/12/07 16:29:04.630, 246.99 W, 96 %
2025/12/07 16:29:04.730, 248.53 W, 96 %
2025/12/07 16:29:04.830, 248.68 W, 96 %
2025/12/07 16:29:04.931, 248.18 W, 95 %
2025/12/07 16:29:05.031, 248.62 W, 95 %
2025/12/07 16:29:05.131, 248.78 W, 96 %
2025/12/07 16:29:05.231, 249.09 W, 96 %
2025/12/07 16:29:05.331, 249.35 W, 96 %
2025/12/07 16:29:05.431, 249.29 W, 96 %
2025/12/07 16:29:05.531, 248.97 W, 96 %
2025/12/07 16:29:05.632, 248.54 W, 96 %
2025/12/07 16:29:05.732, 248.71 W, 96 %
2025/12/07 16:29:05.832, 249.66 W, 96 %
2025/12/07 16:29:05.932, 249.88 W, 96 %
2025/12/07 16:29:06.032, 249.93 W, 96 %
2025/12/07 16:29:06.132, 249.93 W, 96 %
2025/12/07 16:29:06.232, 249.97 W, 96 %
2025/12/07 16:29:06.333, 249.99 W, 96 %
2025/12/07 16:29:06.433, 250.25 W, 96 %
2025/12/07 16:29:06.533, 250.82 W, 96 %
2025/12/07 16:29:06.633, 250.22 W, 96 %
2025/12/07 16:29:06.733, 250.54 W, 95 %
2025/12/07 16:29:06.833, 250.76 W, 95 %
2025/12/07 16:29:06.934, 250.01 W, 96 %
2025/12/07 16:29:07.034, 249.80 W, 96 %
2025/12/07 16:29:07.134, 249.91 W, 96 %
2025/12/07 16:29:07.234, 249.80 W, 96 %
2025/12/07 16:29:07.334, 249.94 W, 96 %
2025/12/07 16:29:07.434, 249.97 W, 96 %
2025/12/07 16:29:07.534, 250.03 W, 95 %
2025/12/07 16:29:07.635, 249.47 W, 95 %
2025/12/07 16:29:07.735, 249.99 W, 96 %
2025/12/07 16:29:07.835, 249.79 W, 96 %
2025/12/07 16:29:07.935, 245.93 W, 92 %
2025/12/07 16:29:08.035, 245.77 W, 92 %
2025/12/07 16:29:08.135, 245.98 W, 96 %
2025/12/07 16:29:08.235, 246.16 W, 96 %
2025/12/07 16:29:08.336, 246.36 W, 96 %
2025/12/07 16:29:08.436, 245.58 W, 96 %
2025/12/07 16:29:08.536, 246.50 W, 96 %
2025/12/07 16:29:08.636, 245.51 W, 96 %
2025/12/07 16:29:08.736, 245.51 W, 96 %
2025/12/07 16:29:08.836, 245.64 W, 96 %
2025/12/07 16:29:08.936, 245.73 W, 96 %
2025/12/07 16:29:09.037, 249.69 W, 96 %
2025/12/07 16:29:09.137, 249.73 W, 96 %
2025/12/07 16:29:09.237, 248.69 W, 96 %
2025/12/07 16:29:09.337, 249.18 W, 96 %
2025/12/07 16:29:09.437, 249.12 W, 96 %
2025/12/07 16:29:09.537, 248.83 W, 96 %
2025/12/07 16:29:09.637, 248.87 W, 96 %
2025/12/07 16:29:09.738, 249.06 W, 96 %
2025/12/07 16:29:09.838, 249.00 W, 96 %
2025/12/07 16:29:09.938, 248.85 W, 96 %
2025/12/07 16:29:10.038, 248.44 W, 96 %
2025/12/07 16:29:10.138, 249.08 W, 91 %
2025/12/07 16:29:10.238, 249.50 W, 91 %
2025/12/07 16:29:10.338, 250.36 W, 96 %
2025/12/07 16:29:10.439, 249.61 W, 96 %
2025/12/07 16:29:10.539, 249.72 W, 96 %
2025/12/07 16:29:10.639, 249.63 W, 96 %
2025/12/07 16:29:10.739, 249.71 W, 96 %
2025/12/07 16:29:10.839, 249.58 W, 96 %
2025/12/07 16:29:10.939, 249.58 W, 96 %
2025/12/07 16:29:11.039, 249.87 W, 96 %
2025/12/07 16:29:11.140, 250.15 W, 96 %
2025/12/07 16:29:11.240, 249.67 W, 96 %
2025/12/07 16:29:11.340, 249.57 W, 96 %
2025/12/07 16:29:11.440, 249.55 W, 96 %
2025/12/07 16:29:11.540, 249.84 W, 96 %
2025/12/07 16:29:11.640, 249.74 W, 96 %
2025/12/07 16:29:11.740, 249.31 W, 96 %
2025/12/07 16:29:11.841, 248.49 W, 96 %
2025/12/07 16:29:11.941, 248.53 W, 96 %
2025/12/07 16:29:12.041, 248.91 W, 96 %
2025/12/07 16:29:12.141, 248.76 W, 96 %
2025/12/07 16:29:12.241, 248.25 W, 96 %
2025/12/07 16:29:12.341, 248.86 W, 92 %
2025/12/07 16:29:12.441, 248.99 W, 92 %
2025/12/07 16:29:12.542, 249.06 W, 96 %
2025/12/07 16:29:12.642, 249.05 W, 96 %
2025/12/07 16:29:12.742, 249.98 W, 95 %
2025/12/07 16:29:12.842, 249.58 W, 95 %
2025/12/07 16:29:12.942, 249.77 W, 96 %
2025/12/07 16:29:13.042, 249.98 W, 96 %
2025/12/07 16:29:13.142, 249.84 W, 96 %
2025/12/07 16:29:13.243, 249.81 W, 96 %
2025/12/07 16:29:13.343, 249.42 W, 96 %
2025/12/07 16:29:13.443, 248.95 W, 96 %
2025/12/07 16:29:13.543, 249.20 W, 96 %
2025/12/07 16:29:13.643, 249.36 W, 96 %
2025/12/07 16:29:13.743, 249.97 W, 96 %
2025/12/07 16:29:13.843, 249.77 W, 96 %
2025/12/07 16:29:13.944, 249.38 W, 96 %
2025/12/07 16:29:14.044, 249.72 W, 96 %
2025/12/07 16:29:14.144, 250.02 W, 96 %
2025/12/07 16:29:14.244, 250.16 W, 96 %
2025/12/07 16:29:14.344, 250.66 W, 96 %
2025/12/07 16:29:14.444, 250.53 W, 96 %
2025/12/07 16:29:14.544, 250.61 W, 96 %
2025/12/07 16:29:14.645, 250.48 W, 96 %
2025/12/07 16:29:14.745, 249.53 W, 96 %
2025/12/07 16:29:14.845, 249.88 W, 96 %
2025/12/07 16:29:14.945, 249.13 W, 96 %
2025/12/07 16:29:15.045, 249.37 W, 96 %
2025/12/07 16:29:15.145, 249.77 W, 96 %
2025/12/07 16:29:15.245, 249.97 W, 96 %
2025/12/07 16:29:15.346, 250.23 W, 94 %
2025/12/07 16:29:15.446, 250.17 W, 96 %
2025/12/07 16:29:15.546, 250.08 W, 96 %
2025/12/07 16:29:15.646, 250.08 W, 96 %
2025/12/07 16:29:15.746, 249.95 W, 96 %
2025/12/07 16:29:15.846, 249.51 W, 96 %
2025/12/07 16:29:15.946, 249.87 W, 96 %
2025/12/07 16:29:16.047, 250.41 W, 96 %
2025/12/07 16:29:16.147, 248.31 W, 95 %
2025/12/07 16:29:16.247, 248.02 W, 96 %
2025/12/07 16:29:16.347, 247.02 W, 96 %
2025/12/07 16:29:16.447, 247.33 W, 96 %
2025/12/07 16:29:16.547, 248.24 W, 96 %
2025/12/07 16:29:16.647, 248.24 W, 96 %
2025/12/07 16:29:16.748, 248.07 W, 96 %
2025/12/07 16:29:16.848, 248.43 W, 96 %
2025/12/07 16:29:16.948, 248.70 W, 96 %
2025/12/07 16:29:17.048, 249.03 W, 96 %
2025/12/07 16:29:17.148, 251.15 W, 96 %
2025/12/07 16:29:17.248, 250.75 W, 96 %
2025/12/07 16:29:17.349, 250.93 W, 96 %
2025/12/07 16:29:17.449, 251.02 W, 96 %
2025/12/07 16:29:17.549, 250.70 W, 96 %
2025/12/07 16:29:17.649, 250.70 W, 96 %
2025/12/07 16:29:17.749, 249.65 W, 96 %
2025/12/07 16:29:17.849, 249.77 W, 95 %
2025/12/07 16:29:17.949, 249.70 W, 95 %
2025/12/07 16:29:18.050, 249.97 W, 96 %
2025/12/07 16:29:18.150, 249.83 W, 96 %
2025/12/07 16:29:18.250, 249.84 W, 96 %
2025/12/07 16:29:18.350, 249.60 W, 96 %
2025/12/07 16:29:18.450, 248.96 W, 96 %
2025/12/07 16:29:18.550, 248.91 W, 96 %
2025/12/07 16:29:18.650, 247.12 W, 91 %
2025/12/07 16:29:18.751, 247.76 W, 91 %
2025/12/07 16:29:18.851, 247.92 W, 96 %
2025/12/07 16:29:18.951, 247.80 W, 96 %
2025/12/07 16:29:19.051, 247.13 W, 96 %
2025/12/07 16:29:19.151, 247.77 W, 96 %
2025/12/07 16:29:19.251, 247.57 W, 96 %
2025/12/07 16:29:19.351, 247.14 W, 96 %
2025/12/07 16:29:19.452, 246.89 W, 96 %
2025/12/07 16:29:19.552, 247.57 W, 96 %
2025/12/07 16:29:19.652, 247.67 W, 96 %
2025/12/07 16:29:19.752, 249.39 W, 96 %
2025/12/07 16:29:19.852, 249.21 W, 96 %
2025/12/07 16:29:19.952, 249.41 W, 96 %
2025/12/07 16:29:20.052, 249.65 W, 96 %
2025/12/07 16:29:20.153, 249.27 W, 96 %
2025/12/07 16:29:20.253, 249.42 W, 96 %
2025/12/07 16:29:20.353, 249.17 W, 96 %
2025/12/07 16:29:20.453, 249.51 W, 95 %
2025/12/07 16:29:20.553, 249.26 W, 95 %
2025/12/07 16:29:20.653, 249.24 W, 96 %
2025/12/07 16:29:20.753, 249.26 W, 96 %
2025/12/07 16:29:20.854, 249.60 W, 92 %
2025/12/07 16:29:20.954, 249.84 W, 92 %
2025/12/07 16:29:21.054, 249.95 W, 96 %
2025/12/07 16:29:21.158, 249.99 W, 96 %
2025/12/07 16:29:21.258, 249.70 W, 95 %
2025/12/07 16:29:21.358, 249.90 W, 95 %
2025/12/07 16:29:21.458, 249.52 W, 96 %
2025/12/07 16:29:21.558, 250.30 W, 96 %
2025/12/07 16:29:21.659, 250.21 W, 96 %
2025/12/07 16:29:21.759, 250.01 W, 96 %
2025/12/07 16:29:21.859, 249.85 W, 96 %
2025/12/07 16:29:21.959, 249.27 W, 96 %
2025/12/07 16:29:22.059, 249.30 W, 96 %
2025/12/07 16:29:22.159, 249.79 W, 96 %
2025/12/07 16:29:22.259, 249.65 W, 96 %
2025/12/07 16:29:22.360, 249.77 W, 96 %
2025/12/07 16:29:22.460, 250.03 W, 96 %
2025/12/07 16:29:22.560, 249.41 W, 96 %
2025/12/07 16:29:22.660, 249.27 W, 96 %
2025/12/07 16:29:22.760, 249.14 W, 96 %
2025/12/07 16:29:22.860, 249.50 W, 96 %
2025/12/07 16:29:22.960, 245.35 W, 96 %
2025/12/07 16:29:23.061, 245.90 W, 96 %
2025/12/07 16:29:23.161, 246.29 W, 96 %
2025/12/07 16:29:23.261, 245.95 W, 96 %
2025/12/07 16:29:23.361, 246.21 W, 96 %
2025/12/07 16:29:23.461, 246.45 W, 96 %
2025/12/07 16:29:23.561, 246.44 W, 96 %
2025/12/07 16:29:23.661, 246.47 W, 96 %
2025/12/07 16:29:23.762, 246.38 W, 96 %
2025/12/07 16:29:23.862, 246.67 W, 95 %
2025/12/07 16:29:23.962, 246.66 W, 95 %
2025/12/07 16:29:24.062, 250.09 W, 96 %
2025/12/07 16:29:24.162, 249.91 W, 96 %
2025/12/07 16:29:24.262, 249.86 W, 96 %
2025/12/07 16:29:24.362, 249.57 W, 96 %
2025/12/07 16:29:24.463, 249.52 W, 96 %
2025/12/07 16:29:24.563, 249.01 W, 96 %
2025/12/07 16:29:24.663, 248.81 W, 96 %
2025/12/07 16:29:24.763, 249.13 W, 96 %
2025/12/07 16:29:24.863, 249.19 W, 96 %
2025/12/07 16:29:24.963, 249.01 W, 96 %
2025/12/07 16:29:25.063, 249.09 W, 96 %
2025/12/07 16:29:25.164, 249.64 W, 96 %
2025/12/07 16:29:25.264, 250.12 W, 96 %
2025/12/07 16:29:25.364, 250.24 W, 96 %
2025/12/07 16:29:25.464, 250.19 W, 96 %
2025/12/07 16:29:25.564, 249.51 W, 96 %
2025/12/07 16:29:25.664, 249.99 W, 96 %
2025/12/07 16:29:25.764, 249.67 W, 96 %
2025/12/07 16:29:25.865, 249.77 W, 96 %
2025/12/07 16:29:25.965, 249.57 W, 96 %
2025/12/07 16:29:26.065, 249.33 W, 96 %
2025/12/07 16:29:26.165, 249.12 W, 96 %
2025/12/07 16:29:26.265, 248.63 W, 96 %
2025/12/07 16:29:26.365, 248.48 W, 96 %
2025/12/07 16:29:26.466, 248.48 W, 94 %
2025/12/07 16:29:26.566, 248.85 W, 94 %
2025/12/07 16:29:26.666, 249.69 W, 96 %
2025/12/07 16:29:26.766, 249.57 W, 96 %
2025/12/07 16:29:26.866, 249.36 W, 96 %
2025/12/07 16:29:26.966, 249.54 W, 96 %
2025/12/07 16:29:27.066, 249.94 W, 96 %
2025/12/07 16:29:27.167, 250.31 W, 96 %
2025/12/07 16:29:27.267, 249.90 W, 96 %
2025/12/07 16:29:27.367, 250.56 W, 96 %
2025/12/07 16:29:27.467, 250.41 W, 96 %
2025/12/07 16:29:27.567, 250.07 W, 96 %
2025/12/07 16:29:27.667, 250.09 W, 96 %
2025/12/07 16:29:27.767, 249.98 W, 96 %
2025/12/07 16:29:27.868, 250.18 W, 96 %
2025/12/07 16:29:27.968, 251.23 W, 96 %
2025/12/07 16:29:28.068, 250.70 W, 96 %
2025/12/07 16:29:28.168, 250.92 W, 96 %
2025/12/07 16:29:28.268, 250.99 W, 96 %
2025/12/07 16:29:28.368, 251.13 W, 96 %
2025/12/07 16:29:28.468, 250.49 W, 96 %
2025/12/07 16:29:28.569, 250.13 W, 96 %
2025/12/07 16:29:28.669, 249.95 W, 96 %
2025/12/07 16:29:28.769, 249.83 W, 96 %
2025/12/07 16:29:28.869, 250.06 W, 96 %
2025/12/07 16:29:28.969, 249.75 W, 96 %
2025/12/07 16:29:29.069, 250.05 W, 95 %
2025/12/07 16:29:29.169, 250.53 W, 95 %
2025/12/07 16:29:29.270, 250.34 W, 96 %
2025/12/07 16:29:29.370, 250.32 W, 96 %
2025/12/07 16:29:29.470, 250.75 W, 92 %
2025/12/07 16:29:29.570, 250.95 W, 92 %
2025/12/07 16:29:29.670, 250.88 W, 96 %
2025/12/07 16:29:29.770, 250.69 W, 96 %
2025/12/07 16:29:29.870, 249.08 W, 95 %
2025/12/07 16:29:29.971, 248.90 W, 95 %
2025/12/07 16:29:30.071, 248.76 W, 96 %
2025/12/07 16:29:30.171, 248.53 W, 96 %
2025/12/07 16:29:30.271, 248.46 W, 96 %
2025/12/07 16:29:30.371, 248.05 W, 96 %
2025/12/07 16:29:30.471, 247.36 W, 96 %
2025/12/07 16:29:30.571, 246.86 W, 96 %
2025/12/07 16:29:30.672, 246.83 W, 96 %
2025/12/07 16:29:30.772, 247.59 W, 96 %
2025/12/07 16:29:30.872, 249.87 W, 96 %
2025/12/07 16:29:30.972, 249.87 W, 96 %
2025/12/07 16:29:31.072, 249.64 W, 96 %
2025/12/07 16:29:31.172, 249.74 W, 96 %
2025/12/07 16:29:31.272, 249.65 W, 96 %
2025/12/07 16:29:31.373, 249.73 W, 96 %
2025/12/07 16:29:31.473, 249.74 W, 96 %
2025/12/07 16:29:31.573, 249.73 W, 96 %
2025/12/07 16:29:31.673, 250.20 W, 91 %
2025/12/07 16:29:31.773, 250.65 W, 91 %
2025/12/07 16:29:31.873, 250.45 W, 96 %
2025/12/07 16:29:31.973, 250.06 W, 96 %
2025/12/07 16:29:32.074, 249.71 W, 96 %
2025/12/07 16:29:32.174, 249.66 W, 96 %
2025/12/07 16:29:32.274, 249.59 W, 96 %
2025/12/07 16:29:32.374, 249.48 W, 96 %
2025/12/07 16:29:32.474, 249.29 W, 94 %
2025/12/07 16:29:32.574, 249.41 W, 94 %
2025/12/07 16:29:32.675, 248.82 W, 96 %
2025/12/07 16:29:32.775, 248.22 W, 96 %
2025/12/07 16:29:32.875, 247.84 W, 96 %
2025/12/07 16:29:32.975, 247.70 W, 96 %
2025/12/07 16:29:33.075, 247.70 W, 96 %
2025/12/07 16:29:33.175, 247.66 W, 96 %
2025/12/07 16:29:33.275, 247.64 W, 96 %
2025/12/07 16:29:33.376, 248.30 W, 96 %
2025/12/07 16:29:33.476, 248.51 W, 96 %
2025/12/07 16:29:33.576, 248.91 W, 96 %
2025/12/07 16:29:33.676, 248.63 W, 96 %
2025/12/07 16:29:33.776, 248.06 W, 96 %
2025/12/07 16:29:33.876, 248.40 W, 96 %
2025/12/07 16:29:33.976, 248.39 W, 96 %
2025/12/07 16:29:34.077, 248.04 W, 96 %
2025/12/07 16:29:34.177, 248.26 W, 96 %
2025/12/07 16:29:34.277, 248.41 W, 94 %
2025/12/07 16:29:34.377, 248.54 W, 94 %
2025/12/07 16:29:34.477, 247.81 W, 96 %
2025/12/07 16:29:34.577, 248.21 W, 96 %
2025/12/07 16:29:34.677, 248.35 W, 96 %
2025/12/07 16:29:34.778, 248.04 W, 96 %
2025/12/07 16:29:34.878, 248.46 W, 96 %
2025/12/07 16:29:34.978, 248.29 W, 96 %
2025/12/07 16:29:35.078, 248.95 W, 95 %
2025/12/07 16:29:35.178, 249.16 W, 95 %
2025/12/07 16:29:35.278, 249.71 W, 96 %
2025/12/07 16:29:35.378, 249.57 W, 96 %
2025/12/07 16:29:35.479, 249.50 W, 96 %
2025/12/07 16:29:35.579, 249.57 W, 96 %
2025/12/07 16:29:35.679, 249.30 W, 96 %
2025/12/07 16:29:35.779, 249.47 W, 96 %
2025/12/07 16:29:35.879, 248.59 W, 96 %
2025/12/07 16:29:35.979, 248.80 W, 96 %
2025/12/07 16:29:36.079, 249.07 W, 96 %
2025/12/07 16:29:36.180, 249.18 W, 96 %
2025/12/07 16:29:36.280, 249.40 W, 96 %
2025/12/07 16:29:36.380, 249.52 W, 96 %
2025/12/07 16:29:36.480, 249.83 W, 96 %
2025/12/07 16:29:36.580, 250.22 W, 96 %
2025/12/07 16:29:36.680, 250.60 W, 96 %
2025/12/07 16:29:36.780, 250.86 W, 96 %
2025/12/07 16:29:36.881, 249.57 W, 95 %
2025/12/07 16:29:36.981, 250.04 W, 95 %
2025/12/07 16:29:37.081, 249.68 W, 96 %
2025/12/07 16:29:37.181, 248.96 W, 96 %
2025/12/07 16:29:37.281, 248.73 W, 96 %
2025/12/07 16:29:37.381, 248.93 W, 96 %
2025/12/07 16:29:37.481, 248.93 W, 96 %
2025/12/07 16:29:37.582, 249.15 W, 96 %
2025/12/07 16:29:37.682, 248.07 W, 94 %
2025/12/07 16:29:37.782, 247.92 W, 94 %
2025/12/07 16:29:37.882, 247.10 W, 96 %
2025/12/07 16:29:37.982, 248.16 W, 96 %
2025/12/07 16:29:38.082, 248.90 W, 96 %
2025/12/07 16:29:38.182, 249.58 W, 96 %
2025/12/07 16:29:38.283, 249.68 W, 96 %
2025/12/07 16:29:38.383, 249.32 W, 96 %
2025/12/07 16:29:38.483, 248.76 W, 96 %
2025/12/07 16:29:38.583, 249.26 W, 96 %
2025/12/07 16:29:38.683, 249.53 W, 96 %
2025/12/07 16:29:38.783, 250.26 W, 96 %
2025/12/07 16:29:38.883, 250.33 W, 96 %
2025/12/07 16:29:38.984, 250.13 W, 96 %
2025/12/07 16:29:39.084, 250.43 W, 96 %
2025/12/07 16:29:39.184, 250.37 W, 96 %
2025/12/07 16:29:39.284, 250.13 W, 96 %
2025/12/07 16:29:39.384, 250.34 W, 96 %
2025/12/07 16:29:39.484, 250.71 W, 95 %
2025/12/07 16:29:39.585, 251.08 W, 95 %
2025/12/07 16:29:39.685, 250.75 W, 96 %
2025/12/07 16:29:39.785, 250.39 W, 96 %
2025/12/07 16:29:39.885, 249.63 W, 96 %
2025/12/07 16:29:39.985, 249.60 W, 96 %
2025/12/07 16:29:40.085, 249.78 W, 96 %
2025/12/07 16:29:40.185, 249.67 W, 96 %
2025/12/07 16:29:40.286, 249.96 W, 91 %
2025/12/07 16:29:40.386, 250.02 W, 91 %
2025/12/07 16:29:40.486, 249.94 W, 96 %
2025/12/07 16:29:40.586, 249.85 W, 96 %
2025/12/07 16:29:40.686, 249.71 W, 96 %
2025/12/07 16:29:40.786, 249.49 W, 96 %
2025/12/07 16:29:40.886, 250.15 W, 96 %
2025/12/07 16:29:40.987, 249.74 W, 96 %
2025/12/07 16:29:41.087, 249.79 W, 96 %
2025/12/07 16:29:41.187, 249.58 W, 96 %
2025/12/07 16:29:41.287, 249.29 W, 96 %
2025/12/07 16:29:41.387, 248.86 W, 96 %
2025/12/07 16:29:41.487, 248.65 W, 96 %
2025/12/07 16:29:41.587, 248.66 W, 96 %
2025/12/07 16:29:41.688, 249.21 W, 96 %
2025/12/07 16:29:41.788, 249.16 W, 96 %
2025/12/07 16:29:41.888, 248.72 W, 96 %
2025/12/07 16:29:41.988, 248.23 W, 96 %
2025/12/07 16:29:42.088, 247.71 W, 96 %
2025/12/07 16:29:42.188, 248.10 W, 96 %
2025/12/07 16:29:42.288, 248.26 W, 96 %
2025/12/07 16:29:42.389, 248.76 W, 96 %
2025/12/07 16:29:42.489, 249.69 W, 92 %
2025/12/07 16:29:42.589, 250.10 W, 92 %
2025/12/07 16:29:42.689, 249.73 W, 96 %
2025/12/07 16:29:42.789, 249.15 W, 96 %
2025/12/07 16:29:42.889, 249.33 W, 94 %
2025/12/07 16:29:42.989, 249.23 W, 94 %
2025/12/07 16:29:43.090, 249.70 W, 96 %
2025/12/07 16:29:43.190, 249.79 W, 96 %
2025/12/07 16:29:43.290, 250.07 W, 96 %
2025/12/07 16:29:43.390, 250.12 W, 96 %
2025/12/07 16:29:43.490, 249.88 W, 96 %
2025/12/07 16:29:43.590, 248.43 W, 96 %
2025/12/07 16:29:43.690, 248.93 W, 96 %
2025/12/07 16:29:43.791, 249.40 W, 96 %
2025/12/07 16:29:43.891, 249.75 W, 96 %
2025/12/07 16:29:43.991, 249.43 W, 96 %
2025/12/07 16:29:44.091, 248.91 W, 96 %
2025/12/07 16:29:44.191, 249.29 W, 96 %
2025/12/07 16:29:44.291, 249.37 W, 96 %
2025/12/07 16:29:44.391, 248.79 W, 96 %
2025/12/07 16:29:44.491, 248.77 W, 96 %
2025/12/07 16:29:44.592, 248.91 W, 96 %
2025/12/07 16:29:44.692, 248.60 W, 96 %
2025/12/07 16:29:44.792, 248.41 W, 96 %
2025/12/07 16:29:44.892, 247.54 W, 96 %
2025/12/07 16:29:44.992, 248.00 W, 96 %
2025/12/07 16:29:45.092, 248.74 W, 96 %
2025/12/07 16:29:45.192, 249.56 W, 96 %
2025/12/07 16:29:45.293, 249.38 W, 96 %
2025/12/07 16:29:45.393, 249.01 W, 96 %
2025/12/07 16:29:45.493, 248.92 W, 95 %
2025/12/07 16:29:45.593, 248.85 W, 95 %
2025/12/07 16:29:45.693, 248.95 W, 96 %
2025/12/07 16:29:45.793, 248.42 W, 96 %
2025/12/07 16:29:45.893, 248.64 W, 96 %
2025/12/07 16:29:45.994, 248.15 W, 96 %
2025/12/07 16:29:46.094, 248.60 W, 96 %
2025/12/07 16:29:46.194, 248.63 W, 96 %
2025/12/07 16:29:46.294, 248.40 W, 95 %
2025/12/07 16:29:46.394, 248.43 W, 95 %
2025/12/07 16:29:46.494, 247.63 W, 96 %
2025/12/07 16:29:46.594, 248.21 W, 96 %
2025/12/07 16:29:46.695, 248.28 W, 96 %
2025/12/07 16:29:46.795, 248.64 W, 96 %
2025/12/07 16:29:46.895, 248.87 W, 96 %
2025/12/07 16:29:46.995, 248.87 W, 96 %
2025/12/07 16:29:47.095, 249.18 W, 96 %
2025/12/07 16:29:47.195, 249.74 W, 96 %
2025/12/07 16:29:47.295, 249.41 W, 96 %
2025/12/07 16:29:47.396, 249.54 W, 96 %
2025/12/07 16:29:47.496, 249.57 W, 96 %
2025/12/07 16:29:47.596, 250.27 W, 96 %
2025/12/07 16:29:47.696, 250.13 W, 96 %
2025/12/07 16:29:47.796, 249.76 W, 96 %
2025/12/07 16:29:47.896, 249.62 W, 96 %
2025/12/07 16:29:47.997, 249.77 W, 96 %
2025/12/07 16:29:48.097, 250.07 W, 95 %
2025/12/07 16:29:48.197, 249.73 W, 95 %
2025/12/07 16:29:48.297, 249.14 W, 96 %
2025/12/07 16:29:48.397, 249.17 W, 96 %
2025/12/07 16:29:48.497, 249.41 W, 96 %
2025/12/07 16:29:48.597, 248.79 W, 96 %
2025/12/07 16:29:48.698, 248.60 W, 96 %
2025/12/07 16:29:48.798, 249.04 W, 96 %
2025/12/07 16:29:48.898, 249.17 W, 91 %
2025/12/07 16:29:48.998, 249.26 W, 91 %
2025/12/07 16:29:49.098, 249.35 W, 96 %
2025/12/07 16:29:49.198, 249.19 W, 96 %
2025/12/07 16:29:49.298, 249.31 W, 96 %
2025/12/07 16:29:49.399, 249.42 W, 96 %
2025/12/07 16:29:49.499, 249.52 W, 96 %
2025/12/07 16:29:49.599, 249.61 W, 96 %
2025/12/07 16:29:49.699, 250.17 W, 96 %
2025/12/07 16:29:49.799, 250.58 W, 96 %
2025/12/07 16:29:49.899, 250.45 W, 96 %
2025/12/07 16:29:49.999, 250.47 W, 96 %
2025/12/07 16:29:50.100, 250.14 W, 96 %
2025/12/07 16:29:50.200, 250.05 W, 96 %
2025/12/07 16:29:50.300, 249.96 W, 96 %
2025/12/07 16:29:50.400, 249.64 W, 96 %
2025/12/07 16:29:50.500, 249.49 W, 96 %
2025/12/07 16:29:50.600, 248.82 W, 96 %
2025/12/07 16:29:50.700, 248.68 W, 96 %
2025/12/07 16:29:50.801, 248.71 W, 96 %
2025/12/07 16:29:50.901, 248.51 W, 96 %
2025/12/07 16:29:51.001, 248.48 W, 96 %
2025/12/07 16:29:51.101, 249.29 W, 93 %
2025/12/07 16:29:51.201, 249.53 W, 93 %
2025/12/07 16:29:51.301, 249.32 W, 96 %
2025/12/07 16:29:51.401, 249.13 W, 96 %
2025/12/07 16:29:51.502, 249.98 W, 95 %
2025/12/07 16:29:51.602, 249.90 W, 95 %
2025/12/07 16:29:51.702, 250.55 W, 96 %
2025/12/07 16:29:51.802, 250.90 W, 96 %
2025/12/07 16:29:51.902, 251.12 W, 96 %
2025/12/07 16:29:52.002, 250.89 W, 96 %
2025/12/07 16:29:52.102, 250.97 W, 96 %
2025/12/07 16:29:52.203, 250.08 W, 96 %
2025/12/07 16:29:52.303, 250.36 W, 96 %
2025/12/07 16:29:52.403, 250.70 W, 96 %
2025/12/07 16:29:52.503, 250.91 W, 96 %
2025/12/07 16:29:52.603, 250.15 W, 96 %
2025/12/07 16:29:52.703, 250.12 W, 96 %
2025/12/07 16:29:52.803, 250.03 W, 96 %
2025/12/07 16:29:52.904, 249.96 W, 96 %
2025/12/07 16:29:53.004, 249.61 W, 96 %
2025/12/07 16:29:53.104, 249.48 W, 96 %
2025/12/07 16:29:53.204, 248.95 W, 96 %
2025/12/07 16:29:53.304, 249.27 W, 96 %
2025/12/07 16:29:53.404, 249.09 W, 96 %
2025/12/07 16:29:53.504, 249.04 W, 96 %
2025/12/07 16:29:53.605, 248.80 W, 96 %
2025/12/07 16:29:53.705, 248.29 W, 96 %
2025/12/07 16:29:53.805, 248.41 W, 96 %
2025/12/07 16:29:53.905, 248.78 W, 96 %
2025/12/07 16:29:54.005, 248.57 W, 96 %
2025/12/07 16:29:54.105, 248.91 W, 94 %
2025/12/07 16:29:54.205, 249.35 W, 94 %
2025/12/07 16:29:54.306, 250.31 W, 96 %
2025/12/07 16:29:54.406, 250.08 W, 96 %
2025/12/07 16:29:54.506, 249.84 W, 96 %
2025/12/07 16:29:54.606, 249.25 W, 96 %
2025/12/07 16:29:54.706, 249.08 W, 96 %
2025/12/07 16:29:54.806, 249.37 W, 96 %
2025/12/07 16:29:54.906, 247.26 W, 94 %
2025/12/07 16:29:55.007, 247.52 W, 94 %
2025/12/07 16:29:55.107, 247.02 W, 96 %
2025/12/07 16:29:55.207, 246.51 W, 96 %
2025/12/07 16:29:55.307, 245.82 W, 96 %
2025/12/07 16:29:55.407, 246.80 W, 96 %
2025/12/07 16:29:55.507, 246.84 W, 96 %
2025/12/07 16:29:55.607, 247.24 W, 96 %
2025/12/07 16:29:55.708, 247.98 W, 96 %
2025/12/07 16:29:55.808, 248.64 W, 96 %
2025/12/07 16:29:55.908, 248.63 W, 96 %
2025/12/07 16:29:56.008, 250.43 W, 96 %
2025/12/07 16:29:56.108, 249.91 W, 96 %
2025/12/07 16:29:56.208, 250.68 W, 96 %
2025/12/07 16:29:56.308, 250.60 W, 96 %
2025/12/07 16:29:56.409, 250.83 W, 96 %
2025/12/07 16:29:56.509, 249.87 W, 96 %
2025/12/07 16:29:56.609, 250.28 W, 96 %
2025/12/07 16:29:56.709, 250.61 W, 94 %
2025/12/07 16:29:56.809, 250.50 W, 94 %
2025/12/07 16:29:56.909, 250.08 W, 96 %
2025/12/07 16:29:57.009, 249.86 W, 96 %
2025/12/07 16:29:57.110, 249.60 W, 96 %
2025/12/07 16:29:57.210, 249.72 W, 96 %
2025/12/07 16:29:57.310, 249.65 W, 96 %
2025/12/07 16:29:57.410, 249.66 W, 96 %
2025/12/07 16:29:57.510, 247.12 W, 91 %
2025/12/07 16:29:57.610, 246.97 W, 91 %
2025/12/07 16:29:57.710, 246.64 W, 96 %
2025/12/07 16:29:57.811, 247.19 W, 96 %
2025/12/07 16:29:57.911, 247.42 W, 96 %
2025/12/07 16:29:58.011, 247.24 W, 96 %
2025/12/07 16:29:58.111, 247.62 W, 96 %
2025/12/07 16:29:58.211, 248.18 W, 96 %
2025/12/07 16:29:58.311, 248.16 W, 96 %
2025/12/07 16:29:58.411, 248.34 W, 96 %
2025/12/07 16:29:58.512, 250.64 W, 96 %
2025/12/07 16:29:58.612, 250.13 W, 96 %
2025/12/07 16:29:58.712, 250.03 W, 96 %
2025/12/07 16:29:58.812, 249.69 W, 96 %
2025/12/07 16:29:58.912, 249.85 W, 96 %
2025/12/07 16:29:59.012, 249.51 W, 96 %
2025/12/07 16:29:59.112, 249.74 W, 96 %
2025/12/07 16:29:59.213, 250.11 W, 96 %
2025/12/07 16:29:59.313, 249.90 W, 93 %
2025/12/07 16:29:59.413, 249.61 W, 93 %
2025/12/07 16:29:59.513, 249.15 W, 96 %
2025/12/07 16:29:59.613, 249.20 W, 96 %
2025/12/07 16:29:59.713, 249.53 W, 92 %
2025/12/07 16:29:59.813, 249.53 W, 92 %
2025/12/07 16:29:59.914, 249.60 W, 96 %
2025/12/07 16:30:00.014, 250.01 W, 96 %
2025/12/07 16:30:00.114, 249.92 W, 94 %
2025/12/07 16:30:00.214, 249.82 W, 94 %
2025/12/07 16:30:00.314, 249.49 W, 96 %
2025/12/07 16:30:00.414, 249.34 W, 96 %
2025/12/07 16:30:00.514, 249.79 W, 96 %
2025/12/07 16:30:00.615, 249.46 W, 96 %
2025/12/07 16:30:00.715, 249.30 W, 96 %
2025/12/07 16:30:00.815, 249.44 W, 96 %
2025/12/07 16:30:00.915, 249.07 W, 96 %
2025/12/07 16:30:01.015, 249.35 W, 96 %
2025/12/07 16:30:01.115, 249.68 W, 96 %
2025/12/07 16:30:01.215, 249.75 W, 96 %
2025/12/07 16:30:01.316, 250.47 W, 96 %
2025/12/07 16:30:01.416, 250.43 W, 96 %
2025/12/07 16:30:01.516, 250.00 W, 96 %
2025/12/07 16:30:01.616, 249.78 W, 96 %
2025/12/07 16:30:01.716, 250.19 W, 96 %
2025/12/07 16:30:01.816, 248.30 W, 96 %
2025/12/07 16:30:01.916, 248.98 W, 92 %
2025/12/07 16:30:02.017, 249.04 W, 92 %
2025/12/07 16:30:02.117, 248.28 W, 96 %
2025/12/07 16:30:02.217, 247.73 W, 96 %
2025/12/07 16:30:02.317, 248.06 W, 96 %
2025/12/07 16:30:02.417, 247.46 W, 96 %
2025/12/07 16:30:02.517, 247.86 W, 96 %
2025/12/07 16:30:02.617, 247.78 W, 96 %
2025/12/07 16:30:02.718, 248.27 W, 94 %
2025/12/07 16:30:02.818, 248.47 W, 94 %
2025/12/07 16:30:02.918, 249.75 W, 96 %
2025/12/07 16:30:03.018, 249.48 W, 96 %
2025/12/07 16:30:03.118, 249.68 W, 96 %
2025/12/07 16:30:03.218, 249.58 W, 96 %
2025/12/07 16:30:03.318, 249.79 W, 96 %
2025/12/07 16:30:03.419, 249.93 W, 96 %
2025/12/07 16:30:03.519, 249.66 W, 96 %
2025/12/07 16:30:03.619, 249.81 W, 96 %
2025/12/07 16:30:03.719, 249.73 W, 96 %
2025/12/07 16:30:03.819, 249.05 W, 96 %
2025/12/07 16:30:03.919, 249.20 W, 96 %
2025/12/07 16:30:04.019, 250.38 W, 96 %
2025/12/07 16:30:04.120, 250.71 W, 96 %
2025/12/07 16:30:04.220, 250.60 W, 96 %
2025/12/07 16:30:04.320, 250.29 W, 96 %
2025/12/07 16:30:04.420, 249.02 W, 96 %
2025/12/07 16:30:04.520, 249.38 W, 96 %
2025/12/07 16:30:04.620, 249.38 W, 96 %
2025/12/07 16:30:04.720, 249.10 W, 96 %
2025/12/07 16:30:04.821, 249.18 W, 96 %
2025/12/07 16:30:04.921, 249.08 W, 96 %
2025/12/07 16:30:05.021, 249.05 W, 96 %
2025/12/07 16:30:05.121, 247.83 W, 96 %
2025/12/07 16:30:05.221, 248.06 W, 96 %
2025/12/07 16:30:05.321, 248.45 W, 95 %
2025/12/07 16:30:05.421, 248.66 W, 95 %
2025/12/07 16:30:05.522, 249.47 W, 96 %
2025/12/07 16:30:05.622, 249.22 W, 96 %
2025/12/07 16:30:05.722, 249.62 W, 96 %
2025/12/07 16:30:05.822, 250.01 W, 96 %
2025/12/07 16:30:05.922, 250.06 W, 96 %
2025/12/07 16:30:06.022, 249.83 W, 96 %
2025/12/07 16:30:06.122, 249.67 W, 96 %
2025/12/07 16:30:06.223, 250.62 W, 96 %
2025/12/07 16:30:06.323, 251.01 W, 96 %
2025/12/07 16:30:06.423, 250.69 W, 96 %
2025/12/07 16:30:06.523, 250.91 W, 96 %
2025/12/07 16:30:06.623, 251.39 W, 96 %
2025/12/07 16:30:06.723, 251.03 W, 96 %
2025/12/07 16:30:06.824, 250.85 W, 96 %
2025/12/07 16:30:06.924, 250.71 W, 96 %
2025/12/07 16:30:07.024, 251.22 W, 96 %
2025/12/07 16:30:07.124, 250.55 W, 96 %
2025/12/07 16:30:07.224, 250.33 W, 96 %
2025/12/07 16:30:07.324, 249.47 W, 96 %
2025/12/07 16:30:07.424, 248.99 W, 96 %
2025/12/07 16:30:07.525, 249.27 W, 96 %
2025/12/07 16:30:07.625, 249.30 W, 96 %
2025/12/07 16:30:07.725, 249.44 W, 96 %
2025/12/07 16:30:07.825, 249.49 W, 96 %
2025/12/07 16:30:07.925, 249.94 W, 94 %
2025/12/07 16:30:08.025, 249.63 W, 94 %
2025/12/07 16:30:08.125, 249.17 W, 96 %
2025/12/07 16:30:08.226, 249.62 W, 96 %
2025/12/07 16:30:08.326, 250.26 W, 92 %
2025/12/07 16:30:08.426, 250.61 W, 92 %
2025/12/07 16:30:08.526, 250.54 W, 96 %
2025/12/07 16:30:08.626, 250.75 W, 96 %
2025/12/07 16:30:08.726, 249.38 W, 95 %
2025/12/07 16:30:08.826, 249.34 W, 95 %
2025/12/07 16:30:08.927, 249.57 W, 96 %
2025/12/07 16:30:09.027, 248.93 W, 96 %
2025/12/07 16:30:09.127, 248.63 W, 96 %
2025/12/07 16:30:09.227, 249.03 W, 96 %
2025/12/07 16:30:09.327, 248.88 W, 96 %
2025/12/07 16:30:09.427, 247.95 W, 96 %
2025/12/07 16:30:09.527, 247.95 W, 96 %
2025/12/07 16:30:09.628, 248.15 W, 96 %
2025/12/07 16:30:09.728, 248.52 W, 96 %
2025/12/07 16:30:09.828, 249.57 W, 96 %
2025/12/07 16:30:09.928, 249.80 W, 96 %
2025/12/07 16:30:10.028, 249.28 W, 96 %
2025/12/07 16:30:10.128, 249.59 W, 96 %
2025/12/07 16:30:10.228, 250.01 W, 96 %
2025/12/07 16:30:10.329, 250.19 W, 96 %
2025/12/07 16:30:10.429, 250.48 W, 96 %
2025/12/07 16:30:10.529, 250.99 W, 91 %
2025/12/07 16:30:10.629, 250.79 W, 91 %
2025/12/07 16:30:10.729, 249.87 W, 96 %
2025/12/07 16:30:10.829, 250.21 W, 96 %
2025/12/07 16:30:10.929, 250.19 W, 96 %
2025/12/07 16:30:11.030, 249.94 W, 96 %
2025/12/07 16:30:11.130, 249.64 W, 96 %
2025/12/07 16:30:11.230, 249.70 W, 96 %
2025/12/07 16:30:11.330, 249.32 W, 95 %
2025/12/07 16:30:11.430, 249.38 W, 95 %
2025/12/07 16:30:11.530, 249.28 W, 96 %
2025/12/07 16:30:11.630, 248.96 W, 96 %
2025/12/07 16:30:11.731, 248.99 W, 96 %
2025/12/07 16:30:11.831, 248.89 W, 96 %
2025/12/07 16:30:11.931, 249.01 W, 96 %
2025/12/07 16:30:12.031, 248.97 W, 96 %
2025/12/07 16:30:12.131, 249.60 W, 94 %
2025/12/07 16:30:12.231, 249.60 W, 94 %
2025/12/07 16:30:12.331, 250.26 W, 96 %
2025/12/07 16:30:12.432, 250.19 W, 96 %
2025/12/07 16:30:12.532, 250.01 W, 92 %
2025/12/07 16:30:12.632, 250.55 W, 92 %
2025/12/07 16:30:12.732, 250.53 W, 96 %
2025/12/07 16:30:12.832, 250.69 W, 96 %
2025/12/07 16:30:12.932, 248.59 W, 94 %
2025/12/07 16:30:13.032, 248.16 W, 94 %
2025/12/07 16:30:13.133, 248.25 W, 96 %
2025/12/07 16:30:13.233, 248.28 W, 96 %
2025/12/07 16:30:13.333, 248.42 W, 96 %
2025/12/07 16:30:13.433, 248.04 W, 96 %
2025/12/07 16:30:13.533, 248.10 W, 96 %
2025/12/07 16:30:13.633, 246.85 W, 96 %
2025/12/07 16:30:13.733, 246.90 W, 96 %
2025/12/07 16:30:13.834, 247.40 W, 96 %
2025/12/07 16:30:13.934, 249.63 W, 96 %
2025/12/07 16:30:14.034, 249.74 W, 96 %
2025/12/07 16:30:14.134, 249.53 W, 96 %
2025/12/07 16:30:14.234, 249.65 W, 96 %
2025/12/07 16:30:14.334, 249.02 W, 96 %
2025/12/07 16:30:14.434, 249.12 W, 96 %
2025/12/07 16:30:14.535, 249.30 W, 96 %
2025/12/07 16:30:14.635, 249.13 W, 96 %
2025/12/07 16:30:14.735, 250.04 W, 91 %
2025/12/07 16:30:14.835, 250.17 W, 91 %
2025/12/07 16:30:14.935, 249.62 W, 96 %
2025/12/07 16:30:15.035, 249.77 W, 96 %
2025/12/07 16:30:15.135, 250.39 W, 96 %
2025/12/07 16:30:15.236, 250.61 W, 96 %
2025/12/07 16:30:15.336, 250.47 W, 96 %
2025/12/07 16:30:15.436, 250.75 W, 96 %
2025/12/07 16:30:15.536, 250.31 W, 94 %
2025/12/07 16:30:15.636, 249.56 W, 94 %
2025/12/07 16:30:15.736, 249.64 W, 96 %
2025/12/07 16:30:15.836, 248.81 W, 96 %
2025/12/07 16:30:15.937, 248.51 W, 96 %
2025/12/07 16:30:16.037, 248.84 W, 96 %
2025/12/07 16:30:16.137, 249.23 W, 96 %
2025/12/07 16:30:16.237, 248.59 W, 96 %
2025/12/07 16:30:16.337, 248.76 W, 96 %
2025/12/07 16:30:16.437, 249.16 W, 96 %
2025/12/07 16:30:16.537, 249.10 W, 96 %
2025/12/07 16:30:16.638, 249.09 W, 96 %
2025/12/07 16:30:16.738, 249.81 W, 96 %
2025/12/07 16:30:16.838, 248.92 W, 96 %
2025/12/07 16:30:16.938, 249.25 W, 96 %
2025/12/07 16:30:17.038, 249.32 W, 96 %
2025/12/07 16:30:17.138, 249.54 W, 96 %
2025/12/07 16:30:17.239, 249.18 W, 96 %
2025/12/07 16:30:17.339, 249.39 W, 95 %
2025/12/07 16:30:17.439, 249.07 W, 95 %
2025/12/07 16:30:17.539, 248.31 W, 96 %
2025/12/07 16:30:17.639, 248.41 W, 96 %
2025/12/07 16:30:17.739, 248.21 W, 96 %
2025/12/07 16:30:17.839, 248.09 W, 96 %
2025/12/07 16:30:17.940, 248.65 W, 96 %
2025/12/07 16:30:18.040, 248.75 W, 96 %
2025/12/07 16:30:18.140, 248.82 W, 94 %
2025/12/07 16:30:18.240, 248.97 W, 94 %
2025/12/07 16:30:18.340, 249.09 W, 96 %
2025/12/07 16:30:18.440, 249.26 W, 96 %
2025/12/07 16:30:18.540, 249.53 W, 96 %
2025/12/07 16:30:18.641, 249.68 W, 96 %
2025/12/07 16:30:18.741, 249.13 W, 96 %
2025/12/07 16:30:18.841, 249.61 W, 96 %
2025/12/07 16:30:18.941, 249.69 W, 96 %
2025/12/07 16:30:19.041, 251.01 W, 96 %
2025/12/07 16:30:19.141, 250.95 W, 96 %
2025/12/07 16:30:19.241, 250.52 W, 96 %
2025/12/07 16:30:19.342, 250.38 W, 96 %
2025/12/07 16:30:19.442, 250.44 W, 96 %
2025/12/07 16:30:19.542, 250.89 W, 96 %
2025/12/07 16:30:19.642, 250.55 W, 96 %
2025/12/07 16:30:19.742, 250.39 W, 96 %
2025/12/07 16:30:19.842, 248.83 W, 96 %
2025/12/07 16:30:19.942, 249.02 W, 96 %
2025/12/07 16:30:20.043, 249.51 W, 96 %
2025/12/07 16:30:20.143, 248.58 W, 96 %
2025/12/07 16:30:20.243, 248.77 W, 96 %
2025/12/07 16:30:20.343, 249.21 W, 96 %
2025/12/07 16:30:20.443, 248.66 W, 96 %
2025/12/07 16:30:20.543, 249.15 W, 96 %
2025/12/07 16:30:20.643, 248.08 W, 96 %
2025/12/07 16:30:20.744, 248.38 W, 95 %
2025/12/07 16:30:20.844, 248.24 W, 95 %
2025/12/07 16:30:20.944, 250.30 W, 96 %
2025/12/07 16:30:21.044, 250.05 W, 96 %
2025/12/07 16:30:21.144, 247.44 W, 92 %
2025/12/07 16:30:21.244, 248.19 W, 92 %
2025/12/07 16:30:21.344, 248.34 W, 96 %
2025/12/07 16:30:21.445, 247.79 W, 96 %
2025/12/07 16:30:21.545, 248.02 W, 96 %
2025/12/07 16:30:21.645, 248.29 W, 96 %
2025/12/07 16:30:21.745, 248.42 W, 96 %
2025/12/07 16:30:21.845, 248.20 W, 96 %
2025/12/07 16:30:21.945, 248.00 W, 96 %
2025/12/07 16:30:22.045, 247.14 W, 96 %
2025/12/07 16:30:22.146, 247.55 W, 96 %
2025/12/07 16:30:22.246, 249.32 W, 96 %
2025/12/07 16:30:22.346, 249.75 W, 96 %
2025/12/07 16:30:22.446, 249.08 W, 96 %
2025/12/07 16:30:22.546, 249.10 W, 96 %
2025/12/07 16:30:22.646, 248.91 W, 96 %
2025/12/07 16:30:22.746, 247.92 W, 96 %
2025/12/07 16:30:22.847, 247.57 W, 96 %
2025/12/07 16:30:22.947, 248.02 W, 96 %
2025/12/07 16:30:23.047, 247.73 W, 96 %
2025/12/07 16:30:23.147, 248.21 W, 96 %
2025/12/07 16:30:23.247, 247.94 W, 96 %
2025/12/07 16:30:23.347, 248.10 W, 91 %
2025/12/07 16:30:23.447, 248.29 W, 91 %
2025/12/07 16:30:23.548, 248.87 W, 96 %
2025/12/07 16:30:23.648, 249.12 W, 96 %
2025/12/07 16:30:23.748, 249.29 W, 96 %
2025/12/07 16:30:23.848, 250.13 W, 96 %
2025/12/07 16:30:23.948, 249.79 W, 96 %
2025/12/07 16:30:24.048, 249.65 W, 96 %
2025/12/07 16:30:24.149, 249.75 W, 96 %
2025/12/07 16:30:24.249, 249.61 W, 96 %
2025/12/07 16:30:24.349, 249.58 W, 96 %
2025/12/07 16:30:24.449, 248.96 W, 96 %
2025/12/07 16:30:24.549, 248.86 W, 96 %
2025/12/07 16:30:24.649, 249.03 W, 96 %
2025/12/07 16:30:24.749, 248.62 W, 96 %
2025/12/07 16:30:24.850, 248.88 W, 96 %
2025/12/07 16:30:24.950, 249.20 W, 96 %
2025/12/07 16:30:25.050, 249.14 W, 96 %
2025/12/07 16:30:25.150, 249.66 W, 96 %
2025/12/07 16:30:25.250, 249.44 W, 96 %
2025/12/07 16:30:25.350, 249.31 W, 96 %
2025/12/07 16:30:25.450, 246.11 W, 96 %
2025/12/07 16:30:25.551, 246.49 W, 96 %
2025/12/07 16:30:25.651, 246.35 W, 96 %
2025/12/07 16:30:25.751, 246.17 W, 96 %
2025/12/07 16:30:25.851, 245.58 W, 96 %
2025/12/07 16:30:25.951, 246.34 W, 95 %
2025/12/07 16:30:26.051, 246.25 W, 95 %
2025/12/07 16:30:26.151, 245.81 W, 96 %
2025/12/07 16:30:26.252, 245.91 W, 96 %
2025/12/07 16:30:26.352, 246.41 W, 96 %
2025/12/07 16:30:26.452, 246.51 W, 96 %
2025/12/07 16:30:26.552, 249.21 W, 96 %
2025/12/07 16:30:26.652, 249.27 W, 96 %
2025/12/07 16:30:26.752, 248.38 W, 95 %
2025/12/07 16:30:26.852, 248.40 W, 95 %
2025/12/07 16:30:26.953, 248.42 W, 96 %
2025/12/07 16:30:27.053, 248.11 W, 96 %
2025/12/07 16:30:27.153, 248.46 W, 96 %
2025/12/07 16:30:27.253, 248.43 W, 96 %
2025/12/07 16:30:27.353, 248.79 W, 96 %
2025/12/07 16:30:27.453, 248.56 W, 96 %
2025/12/07 16:30:27.553, 248.65 W, 96 %
2025/12/07 16:30:27.654, 249.41 W, 96 %
2025/12/07 16:30:27.754, 249.76 W, 96 %
2025/12/07 16:30:27.854, 250.75 W, 96 %
2025/12/07 16:30:27.954, 251.21 W, 96 %
2025/12/07 16:30:28.054, 251.30 W, 96 %
2025/12/07 16:30:28.154, 251.50 W, 96 %
2025/12/07 16:30:28.254, 251.18 W, 96 %
2025/12/07 16:30:28.355, 251.19 W, 96 %
2025/12/07 16:30:28.455, 250.81 W, 96 %
2025/12/07 16:30:28.555, 250.70 W, 95 %
2025/12/07 16:30:28.655, 249.84 W, 95 %
2025/12/07 16:30:28.755, 248.60 W, 96 %
2025/12/07 16:30:28.855, 248.01 W, 96 %
2025/12/07 16:30:28.955, 248.36 W, 96 %
2025/12/07 16:30:29.056, 248.18 W, 96 %
2025/12/07 16:30:29.156, 248.36 W, 96 %
2025/12/07 16:30:29.256, 248.43 W, 96 %
2025/12/07 16:30:29.356, 248.96 W, 95 %
2025/12/07 16:30:29.456, 248.59 W, 95 %
2025/12/07 16:30:29.556, 248.07 W, 96 %
2025/12/07 16:30:29.656, 248.70 W, 96 %
2025/12/07 16:30:29.757, 245.90 W, 92 %
2025/12/07 16:30:29.857, 246.29 W, 92 %
2025/12/07 16:30:29.957, 246.85 W, 96 %
2025/12/07 16:30:30.057, 246.98 W, 96 %
2025/12/07 16:30:30.157, 246.95 W, 96 %
2025/12/07 16:30:30.257, 246.96 W, 96 %
2025/12/07 16:30:30.358, 247.26 W, 96 %
2025/12/07 16:30:30.458, 246.44 W, 96 %
2025/12/07 16:30:30.558, 246.26 W, 96 %
2025/12/07 16:30:30.658, 246.70 W, 96 %
2025/12/07 16:30:30.758, 247.03 W, 96 %
2025/12/07 16:30:30.858, 249.63 W, 96 %
2025/12/07 16:30:30.958, 249.30 W, 96 %
2025/12/07 16:30:31.059, 248.51 W, 96 %
2025/12/07 16:30:31.159, 248.90 W, 96 %
2025/12/07 16:30:31.259, 249.21 W, 96 %
2025/12/07 16:30:31.359, 248.48 W, 96 %
2025/12/07 16:30:31.459, 249.07 W, 96 %
2025/12/07 16:30:31.559, 249.12 W, 96 %
2025/12/07 16:30:31.659, 249.01 W, 96 %
2025/12/07 16:30:31.760, 248.99 W, 96 %
2025/12/07 16:30:31.860, 249.00 W, 96 %
2025/12/07 16:30:31.960, 249.90 W, 91 %
2025/12/07 16:30:32.060, 250.44 W, 91 %
2025/12/07 16:30:32.160, 251.08 W, 96 %
2025/12/07 16:30:32.260, 250.95 W, 96 %
2025/12/07 16:30:32.360, 250.85 W, 96 %
2025/12/07 16:30:32.461, 251.14 W, 96 %
2025/12/07 16:30:32.561, 250.74 W, 96 %
2025/12/07 16:30:32.661, 250.68 W, 96 %
2025/12/07 16:30:32.761, 251.05 W, 96 %
2025/12/07 16:30:32.861, 250.83 W, 96 %
2025/12/07 16:30:32.961, 250.98 W, 96 %
2025/12/07 16:30:33.061, 249.49 W, 96 %
2025/12/07 16:30:33.162, 249.24 W, 96 %
2025/12/07 16:30:33.262, 249.50 W, 96 %
2025/12/07 16:30:33.362, 249.84 W, 96 %
2025/12/07 16:30:33.462, 249.90 W, 96 %
2025/12/07 16:30:33.562, 250.16 W, 96 %
2025/12/07 16:30:33.662, 250.86 W, 96 %
2025/12/07 16:30:33.762, 250.19 W, 96 %
2025/12/07 16:30:33.863, 250.18 W, 96 %
2025/12/07 16:30:33.963, 250.40 W, 96 %
2025/12/07 16:30:34.063, 247.13 W, 96 %
2025/12/07 16:30:34.163, 247.60 W, 96 %
2025/12/07 16:30:34.263, 247.57 W, 96 %
2025/12/07 16:30:34.363, 247.52 W, 96 %
2025/12/07 16:30:34.463, 247.46 W, 96 %
2025/12/07 16:30:34.564, 247.56 W, 94 %
2025/12/07 16:30:34.664, 247.28 W, 94 %
2025/12/07 16:30:34.764, 247.14 W, 96 %
2025/12/07 16:30:34.864, 247.01 W, 96 %
2025/12/07 16:30:34.964, 246.97 W, 96 %
2025/12/07 16:30:35.064, 246.94 W, 96 %
2025/12/07 16:30:35.164, 249.91 W, 96 %
2025/12/07 16:30:35.265, 249.85 W, 96 %
2025/12/07 16:30:35.365, 248.68 W, 94 %
2025/12/07 16:30:35.465, 248.91 W, 94 %
2025/12/07 16:30:35.565, 248.75 W, 96 %
2025/12/07 16:30:35.665, 248.63 W, 96 %
2025/12/07 16:30:35.765, 248.75 W, 96 %
2025/12/07 16:30:35.865, 248.99 W, 96 %
2025/12/07 16:30:35.966, 249.38 W, 96 %
2025/12/07 16:30:36.066, 248.53 W, 96 %
2025/12/07 16:30:36.166, 248.39 W, 96 %
2025/12/07 16:30:36.266, 248.86 W, 96 %
2025/12/07 16:30:36.366, 248.98 W, 96 %
2025/12/07 16:30:36.466, 249.84 W, 96 %
2025/12/07 16:30:36.566, 249.83 W, 96 %
2025/12/07 16:30:36.667, 249.89 W, 96 %
2025/12/07 16:30:36.767, 249.78 W, 96 %
2025/12/07 16:30:36.867, 250.10 W, 96 %
2025/12/07 16:30:36.967, 250.26 W, 96 %
2025/12/07 16:30:37.067, 250.82 W, 96 %
2025/12/07 16:30:37.167, 250.36 W, 94 %
2025/12/07 16:30:37.267, 250.22 W, 94 %
2025/12/07 16:30:37.368, 249.48 W, 96 %
2025/12/07 16:30:37.468, 249.54 W, 96 %
2025/12/07 16:30:37.568, 249.88 W, 96 %
2025/12/07 16:30:37.668, 250.20 W, 96 %
2025/12/07 16:30:37.768, 250.33 W, 96 %
2025/12/07 16:30:37.868, 250.38 W, 96 %
2025/12/07 16:30:37.968, 249.65 W, 95 %
2025/12/07 16:30:38.069, 248.92 W, 95 %
2025/12/07 16:30:38.169, 249.04 W, 96 %
2025/12/07 16:30:38.269, 248.96 W, 96 %
2025/12/07 16:30:38.369, 249.24 W, 96 %
2025/12/07 16:30:38.469, 249.45 W, 96 %
2025/12/07 16:30:38.569, 249.49 W, 96 %
2025/12/07 16:30:38.669, 249.44 W, 96 %
2025/12/07 16:30:38.770, 249.26 W, 96 %
2025/12/07 16:30:38.870, 249.36 W, 96 %
2025/12/07 16:30:38.970, 249.40 W, 96 %
2025/12/07 16:30:39.070, 249.66 W, 96 %
2025/12/07 16:30:39.170, 250.18 W, 96 %
2025/12/07 16:30:39.270, 250.20 W, 96 %
2025/12/07 16:30:39.371, 250.21 W, 96 %
2025/12/07 16:30:39.471, 249.86 W, 96 %
2025/12/07 16:30:39.571, 249.60 W, 96 %
2025/12/07 16:30:39.671, 249.13 W, 96 %
2025/12/07 16:30:39.771, 249.36 W, 94 %
2025/12/07 16:30:39.871, 249.46 W, 94 %
2025/12/07 16:30:39.971, 249.37 W, 96 %
2025/12/07 16:30:40.072, 249.17 W, 96 %
2025/12/07 16:30:40.172, 248.85 W, 96 %
2025/12/07 16:30:40.272, 248.70 W, 96 %
2025/12/07 16:30:40.372, 248.86 W, 96 %
2025/12/07 16:30:40.472, 248.86 W, 96 %
2025/12/07 16:30:40.572, 249.08 W, 91 %
2025/12/07 16:30:40.672, 249.34 W, 91 %
2025/12/07 16:30:40.773, 249.53 W, 96 %
2025/12/07 16:30:40.873, 249.84 W, 96 %
2025/12/07 16:30:40.973, 249.24 W, 96 %
2025/12/07 16:30:41.073, 249.54 W, 96 %
2025/12/07 16:30:41.173, 249.27 W, 96 %
2025/12/07 16:30:41.273, 250.32 W, 96 %
2025/12/07 16:30:41.373, 249.75 W, 96 %
2025/12/07 16:30:41.474, 249.75 W, 96 %
2025/12/07 16:30:41.574, 249.87 W, 96 %
2025/12/07 16:30:41.674, 249.49 W, 96 %
2025/12/07 16:30:41.774, 249.41 W, 96 %
2025/12/07 16:30:41.874, 248.74 W, 96 %
2025/12/07 16:30:41.974, 249.07 W, 96 %
2025/12/07 16:30:42.074, 248.69 W, 96 %
2025/12/07 16:30:42.175, 248.98 W, 96 %
2025/12/07 16:30:42.275, 248.07 W, 96 %
2025/12/07 16:30:42.375, 248.16 W, 96 %
2025/12/07 16:30:42.475, 248.37 W, 96 %
2025/12/07 16:30:42.575, 248.22 W, 96 %
2025/12/07 16:30:42.675, 247.96 W, 96 %
2025/12/07 16:30:42.775, 248.65 W, 92 %
2025/12/07 16:30:42.876, 249.17 W, 92 %
2025/12/07 16:30:42.976, 249.29 W, 96 %
2025/12/07 16:30:43.076, 249.27 W, 96 %
2025/12/07 16:30:43.176, 249.24 W, 95 %
2025/12/07 16:30:43.276, 249.54 W, 95 %
2025/12/07 16:30:43.376, 250.21 W, 96 %
2025/12/07 16:30:43.476, 250.31 W, 96 %
2025/12/07 16:30:43.577, 250.08 W, 96 %
2025/12/07 16:30:43.677, 249.90 W, 96 %
2025/12/07 16:30:43.777, 250.32 W, 96 %
2025/12/07 16:30:43.877, 249.40 W, 96 %
2025/12/07 16:30:43.977, 249.49 W, 96 %
2025/12/07 16:30:44.077, 249.84 W, 96 %
2025/12/07 16:30:44.177, 249.98 W, 96 %
2025/12/07 16:30:44.278, 249.06 W, 96 %
2025/12/07 16:30:44.378, 249.41 W, 96 %
2025/12/07 16:30:44.478, 249.04 W, 96 %
2025/12/07 16:30:44.578, 249.28 W, 96 %
2025/12/07 16:30:44.678, 249.07 W, 96 %
2025/12/07 16:30:44.778, 249.12 W, 96 %
2025/12/07 16:30:44.878, 246.51 W, 96 %
2025/12/07 16:30:44.979, 247.26 W, 96 %
2025/12/07 16:30:45.079, 246.68 W, 96 %
2025/12/07 16:30:45.179, 247.05 W, 96 %
2025/12/07 16:30:45.279, 246.91 W, 96 %
2025/12/07 16:30:45.379, 247.15 W, 96 %
2025/12/07 16:30:45.479, 247.58 W, 96 %
2025/12/07 16:30:45.579, 248.16 W, 96 %
2025/12/07 16:30:45.680, 247.71 W, 96 %
2025/12/07 16:30:45.780, 247.51 W, 94 %
2025/12/07 16:30:45.880, 247.22 W, 94 %
2025/12/07 16:30:45.980, 248.78 W, 96 %
2025/12/07 16:30:46.080, 248.71 W, 96 %
2025/12/07 16:30:46.180, 248.30 W, 96 %
2025/12/07 16:30:46.280, 248.22 W, 96 %
2025/12/07 16:30:46.381, 248.52 W, 96 %
2025/12/07 16:30:46.481, 248.54 W, 96 %
2025/12/07 16:30:46.581, 248.64 W, 96 %
2025/12/07 16:30:46.681, 249.23 W, 96 %
2025/12/07 16:30:46.781, 248.80 W, 96 %
2025/12/07 16:30:46.881, 248.74 W, 96 %
2025/12/07 16:30:46.981, 249.04 W, 96 %
2025/12/07 16:30:47.082, 249.19 W, 96 %
2025/12/07 16:30:47.182, 249.50 W, 96 %
2025/12/07 16:30:47.282, 249.50 W, 96 %
2025/12/07 16:30:47.382, 249.69 W, 96 %
2025/12/07 16:30:47.482, 247.34 W, 96 %
2025/12/07 16:30:47.582, 247.94 W, 96 %
2025/12/07 16:30:47.682, 248.13 W, 96 %
2025/12/07 16:30:47.783, 247.41 W, 96 %
2025/12/07 16:30:47.883, 247.26 W, 96 %
2025/12/07 16:30:47.983, 247.21 W, 96 %
2025/12/07 16:30:48.083, 247.20 W, 96 %
2025/12/07 16:30:48.183, 247.38 W, 96 %
2025/12/07 16:30:48.283, 247.18 W, 96 %
2025/12/07 16:30:48.383, 247.17 W, 95 %
2025/12/07 16:30:48.484, 247.59 W, 95 %
2025/12/07 16:30:48.584, 249.24 W, 96 %
2025/12/07 16:30:48.684, 249.35 W, 96 %
2025/12/07 16:30:48.784, 249.13 W, 96 %
2025/12/07 16:30:48.884, 248.89 W, 96 %
2025/12/07 16:30:48.984, 248.65 W, 96 %
2025/12/07 16:30:49.085, 249.23 W, 96 %
2025/12/07 16:30:49.185, 249.25 W, 96 %
2025/12/07 16:30:49.285, 250.09 W, 96 %
2025/12/07 16:30:49.385, 249.82 W, 96 %
2025/12/07 16:30:49.485, 248.86 W, 96 %
2025/12/07 16:30:49.585, 248.88 W, 96 %
2025/12/07 16:30:49.685, 248.90 W, 96 %
2025/12/07 16:30:49.786, 249.29 W, 96 %
2025/12/07 16:30:49.886, 249.98 W, 96 %
2025/12/07 16:30:49.986, 250.25 W, 96 %
2025/12/07 16:30:50.086, 249.29 W, 96 %
2025/12/07 16:30:50.186, 249.42 W, 96 %
2025/12/07 16:30:50.286, 249.07 W, 96 %
2025/12/07 16:30:50.386, 248.23 W, 96 %
2025/12/07 16:30:50.487, 248.53 W, 96 %
2025/12/07 16:30:50.587, 248.83 W, 96 %
2025/12/07 16:30:50.687, 248.66 W, 96 %
2025/12/07 16:30:50.787, 248.95 W, 96 %
2025/12/07 16:30:50.887, 248.85 W, 96 %
2025/12/07 16:30:50.987, 248.90 W, 94 %
2025/12/07 16:30:51.087, 249.00 W, 94 %
2025/12/07 16:30:51.188, 249.25 W, 96 %
2025/12/07 16:30:51.288, 249.17 W, 96 %
2025/12/07 16:30:51.388, 249.90 W, 92 %
2025/12/07 16:30:51.488, 250.12 W, 92 %
2025/12/07 16:30:51.588, 250.31 W, 96 %
2025/12/07 16:30:51.688, 250.55 W, 96 %
2025/12/07 16:30:51.788, 250.62 W, 96 %
2025/12/07 16:30:51.889, 250.20 W, 96 %
2025/12/07 16:30:51.989, 249.89 W, 96 %
2025/12/07 16:30:52.089, 249.94 W, 96 %
2025/12/07 16:30:52.189, 250.64 W, 96 %
2025/12/07 16:30:52.289, 250.27 W, 96 %
2025/12/07 16:30:52.389, 250.30 W, 96 %
2025/12/07 16:30:52.489, 249.52 W, 96 %
2025/12/07 16:30:52.590, 249.25 W, 96 %
2025/12/07 16:30:52.690, 249.33 W, 96 %
2025/12/07 16:30:52.790, 249.65 W, 96 %
2025/12/07 16:30:52.890, 249.66 W, 96 %
2025/12/07 16:30:52.990, 250.19 W, 96 %
2025/12/07 16:30:53.090, 249.49 W, 96 %
2025/12/07 16:30:53.190, 249.58 W, 96 %
2025/12/07 16:30:53.291, 249.43 W, 96 %
2025/12/07 16:30:53.391, 249.92 W, 96 %
2025/12/07 16:30:53.491, 250.17 W, 96 %
2025/12/07 16:30:53.591, 251.10 W, 91 %
2025/12/07 16:30:53.691, 251.54 W, 91 %
2025/12/07 16:30:53.791, 251.22 W, 96 %
2025/12/07 16:30:53.891, 251.24 W, 96 %
2025/12/07 16:30:53.992, 251.25 W, 96 %
2025/12/07 16:30:54.092, 250.68 W, 96 %
2025/12/07 16:30:54.192, 250.80 W, 96 %
2025/12/07 16:30:54.292, 251.13 W, 96 %
2025/12/07 16:30:54.392, 250.34 W, 95 %
2025/12/07 16:30:54.492, 250.11 W, 95 %
2025/12/07 16:30:54.593, 249.73 W, 96 %
2025/12/07 16:30:54.693, 248.41 W, 96 %
2025/12/07 16:30:54.793, 248.68 W, 95 %
2025/12/07 16:30:54.893, 249.07 W, 95 %
2025/12/07 16:30:54.993, 248.82 W, 96 %
2025/12/07 16:30:55.093, 248.51 W, 96 %
2025/12/07 16:30:55.193, 248.87 W, 96 %
2025/12/07 16:30:55.294, 249.37 W, 96 %
2025/12/07 16:30:55.394, 249.69 W, 96 %
2025/12/07 16:30:55.494, 249.45 W, 96 %
2025/12/07 16:30:55.594, 249.75 W, 96 %
2025/12/07 16:30:55.694, 248.44 W, 96 %
2025/12/07 16:30:55.794, 248.95 W, 96 %
2025/12/07 16:30:55.894, 248.87 W, 96 %
2025/12/07 16:30:55.994, 248.65 W, 96 %
2025/12/07 16:30:56.095, 248.66 W, 96 %
2025/12/07 16:30:56.195, 248.61 W, 95 %
2025/12/07 16:30:56.295, 248.14 W, 95 %
2025/12/07 16:30:56.395, 247.91 W, 96 %
2025/12/07 16:30:56.495, 248.67 W, 96 %
2025/12/07 16:30:56.595, 248.74 W, 96 %
2025/12/07 16:30:56.696, 248.73 W, 96 %
2025/12/07 16:30:56.796, 249.53 W, 96 %
2025/12/07 16:30:56.896, 249.84 W, 96 %
2025/12/07 16:30:56.996, 249.04 W, 94 %
2025/12/07 16:30:57.096, 249.28 W, 94 %
2025/12/07 16:30:57.196, 249.00 W, 96 %
2025/12/07 16:30:57.296, 248.87 W, 96 %
2025/12/07 16:30:57.397, 248.83 W, 96 %
2025/12/07 16:30:57.497, 249.13 W, 96 %
2025/12/07 16:30:57.597, 248.98 W, 96 %
2025/12/07 16:30:57.697, 248.78 W, 96 %
2025/12/07 16:30:57.797, 248.40 W, 96 %
2025/12/07 16:30:57.897, 249.17 W, 96 %
2025/12/07 16:30:57.997, 250.08 W, 96 %
2025/12/07 16:30:58.098, 250.49 W, 96 %
2025/12/07 16:30:58.198, 250.51 W, 96 %
2025/12/07 16:30:58.298, 250.94 W, 96 %
2025/12/07 16:30:58.398, 250.68 W, 96 %
2025/12/07 16:30:58.498, 251.31 W, 96 %
2025/12/07 16:30:58.598, 250.62 W, 96 %
2025/12/07 16:30:58.698, 248.71 W, 96 %
2025/12/07 16:30:58.799, 248.74 W, 96 %
2025/12/07 16:30:58.899, 248.95 W, 96 %
2025/12/07 16:30:58.999, 248.05 W, 96 %
2025/12/07 16:30:59.099, 246.96 W, 96 %
2025/12/07 16:30:59.199, 247.55 W, 96 %
2025/12/07 16:30:59.299, 247.12 W, 96 %
2025/12/07 16:30:59.399, 247.43 W, 96 %
2025/12/07 16:30:59.500, 247.30 W, 96 %
2025/12/07 16:30:59.600, 247.32 W, 94 %
2025/12/07 16:30:59.700, 247.53 W, 94 %
2025/12/07 16:30:59.800, 249.55 W, 96 %
2025/12/07 16:30:59.900, 249.68 W, 96 %
2025/12/07 16:31:00.000, 247.10 W, 92 %
2025/12/07 16:31:00.100, 247.70 W, 92 %
2025/12/07 16:31:00.201, 247.87 W, 96 %
2025/12/07 16:31:00.301, 248.00 W, 96 %
2025/12/07 16:31:00.401, 248.30 W, 96 %
2025/12/07 16:31:00.501, 248.12 W, 96 %
2025/12/07 16:31:00.601, 248.42 W, 96 %
2025/12/07 16:31:00.701, 247.96 W, 96 %
2025/12/07 16:31:00.801, 247.97 W, 96 %
2025/12/07 16:31:00.902, 247.45 W, 96 %
2025/12/07 16:31:01.002, 247.29 W, 96 %
2025/12/07 16:31:01.102, 249.09 W, 96 %
2025/12/07 16:31:01.202, 249.07 W, 96 %
2025/12/07 16:31:01.302, 248.02 W, 96 %
2025/12/07 16:31:01.402, 248.28 W, 96 %
2025/12/07 16:31:01.503, 248.17 W, 96 %
2025/12/07 16:31:01.603, 248.22 W, 96 %
2025/12/07 16:31:01.703, 247.73 W, 96 %
2025/12/07 16:31:01.803, 247.66 W, 96 %
2025/12/07 16:31:01.903, 247.66 W, 96 %
2025/12/07 16:31:02.003, 248.05 W, 96 %
2025/12/07 16:31:02.103, 248.34 W, 96 %
2025/12/07 16:31:02.204, 234.34 W, 41 %
2025/12/07 16:31:02.304, 234.62 W, 41 %
2025/12/07 16:31:02.404, 235.49 W, 96 %
2025/12/07 16:31:02.504, 235.85 W, 96 %
2025/12/07 16:31:02.604, 234.84 W, 96 %
2025/12/07 16:31:02.704, 236.56 W, 96 %
2025/12/07 16:31:02.804, 237.27 W, 96 %
2025/12/07 16:31:02.905, 238.42 W, 96 %
2025/12/07 16:31:03.005, 238.98 W, 96 %
2025/12/07 16:31:03.105, 237.11 W, 96 %
2025/12/07 16:31:03.205, 251.41 W, 96 %
2025/12/07 16:31:03.305, 250.66 W, 96 %
2025/12/07 16:31:03.405, 250.26 W, 96 %
2025/12/07 16:31:03.505, 249.60 W, 96 %
2025/12/07 16:31:03.606, 249.56 W, 96 %
2025/12/07 16:31:03.706, 249.11 W, 96 %
2025/12/07 16:31:03.806, 248.79 W, 96 %
2025/12/07 16:31:03.906, 248.81 W, 96 %
2025/12/07 16:31:04.006, 249.20 W, 95 %
2025/12/07 16:31:04.106, 248.76 W, 95 %
2025/12/07 16:31:04.206, 249.05 W, 96 %
2025/12/07 16:31:04.307, 249.44 W, 96 %
2025/12/07 16:31:04.407, 250.05 W, 92 %
2025/12/07 16:31:04.507, 250.03 W, 92 %
2025/12/07 16:31:04.607, 250.16 W, 96 %
2025/12/07 16:31:04.707, 250.39 W, 96 %
2025/12/07 16:31:04.807, 249.54 W, 95 %
2025/12/07 16:31:04.907, 249.91 W, 95 %
2025/12/07 16:31:05.008, 250.07 W, 96 %
2025/12/07 16:31:05.108, 248.50 W, 96 %
2025/12/07 16:31:05.208, 247.83 W, 96 %
2025/12/07 16:31:05.308, 248.55 W, 96 %
2025/12/07 16:31:05.408, 248.93 W, 96 %
2025/12/07 16:31:05.508, 248.27 W, 96 %
2025/12/07 16:31:05.609, 248.39 W, 96 %
2025/12/07 16:31:05.709, 248.75 W, 96 %
2025/12/07 16:31:05.809, 248.63 W, 96 %
2025/12/07 16:31:05.909, 248.91 W, 96 %
2025/12/07 16:31:06.009, 248.57 W, 96 %
2025/12/07 16:31:06.109, 248.85 W, 96 %
2025/12/07 16:31:06.209, 248.47 W, 96 %
2025/12/07 16:31:06.310, 248.92 W, 96 %
2025/12/07 16:31:06.410, 249.22 W, 96 %
2025/12/07 16:31:06.510, 249.25 W, 96 %
2025/12/07 16:31:06.610, 249.36 W, 91 %
2025/12/07 16:31:06.710, 249.52 W, 91 %
2025/12/07 16:31:06.810, 249.62 W, 96 %
2025/12/07 16:31:06.910, 249.69 W, 96 %
2025/12/07 16:31:07.011, 249.99 W, 96 %
2025/12/07 16:31:07.111, 249.29 W, 96 %
2025/12/07 16:31:07.211, 249.18 W, 96 %
2025/12/07 16:31:07.311, 249.63 W, 96 %
2025/12/07 16:31:07.411, 249.03 W, 94 %
2025/12/07 16:31:07.511, 248.89 W, 94 %
2025/12/07 16:31:07.611, 248.82 W, 96 %
2025/12/07 16:31:07.712, 248.49 W, 96 %
2025/12/07 16:31:07.812, 248.20 W, 96 %
2025/12/07 16:31:07.912, 248.38 W, 96 %
2025/12/07 16:31:08.012, 248.45 W, 96 %
2025/12/07 16:31:08.112, 248.06 W, 96 %
2025/12/07 16:31:08.212, 248.36 W, 96 %
2025/12/07 16:31:08.312, 248.89 W, 96 %
2025/12/07 16:31:08.413, 248.72 W, 96 %
2025/12/07 16:31:08.513, 249.11 W, 96 %
2025/12/07 16:31:08.613, 248.91 W, 96 %
2025/12/07 16:31:08.713, 249.01 W, 96 %
2025/12/07 16:31:08.813, 249.46 W, 96 %
2025/12/07 16:31:08.913, 249.65 W, 96 %
2025/12/07 16:31:09.013, 249.65 W, 96 %
2025/12/07 16:31:09.114, 247.70 W, 96 %
2025/12/07 16:31:09.214, 247.79 W, 96 %
2025/12/07 16:31:09.314, 248.05 W, 96 %
2025/12/07 16:31:09.414, 248.13 W, 96 %
2025/12/07 16:31:09.514, 248.07 W, 96 %
2025/12/07 16:31:09.614, 247.61 W, 96 %
2025/12/07 16:31:09.714, 247.19 W, 96 %
2025/12/07 16:31:09.815, 246.52 W, 96 %
2025/12/07 16:31:09.915, 246.72 W, 96 %
2025/12/07 16:31:10.015, 247.41 W, 95 %
2025/12/07 16:31:10.115, 247.57 W, 95 %
2025/12/07 16:31:10.215, 249.67 W, 96 %
2025/12/07 16:31:10.315, 249.65 W, 96 %
2025/12/07 16:31:10.415, 249.30 W, 96 %
2025/12/07 16:31:10.516, 249.11 W, 96 %
2025/12/07 16:31:10.616, 249.18 W, 96 %
2025/12/07 16:31:10.716, 249.36 W, 96 %
2025/12/07 16:31:10.816, 249.49 W, 96 %
2025/12/07 16:31:10.916, 250.21 W, 96 %
2025/12/07 16:31:11.016, 249.43 W, 96 %
2025/12/07 16:31:11.117, 249.41 W, 96 %
2025/12/07 16:31:11.217, 249.51 W, 96 %
2025/12/07 16:31:11.317, 249.50 W, 96 %
2025/12/07 16:31:11.417, 249.83 W, 96 %
2025/12/07 16:31:11.517, 250.50 W, 96 %
2025/12/07 16:31:11.617, 250.45 W, 96 %
2025/12/07 16:31:11.717, 249.22 W, 96 %
2025/12/07 16:31:11.818, 248.96 W, 96 %
2025/12/07 16:31:11.918, 249.09 W, 96 %
2025/12/07 16:31:12.018, 248.39 W, 96 %
2025/12/07 16:31:12.118, 248.09 W, 96 %
2025/12/07 16:31:12.218, 248.49 W, 96 %
2025/12/07 16:31:12.318, 248.18 W, 96 %
2025/12/07 16:31:12.418, 248.37 W, 96 %
2025/12/07 16:31:12.519, 248.40 W, 96 %
2025/12/07 16:31:12.619, 249.11 W, 95 %
2025/12/07 16:31:12.719, 248.88 W, 95 %
2025/12/07 16:31:12.819, 250.01 W, 96 %
2025/12/07 16:31:12.919, 249.92 W, 96 %
2025/12/07 16:31:13.019, 249.41 W, 92 %
2025/12/07 16:31:13.119, 249.53 W, 92 %
2025/12/07 16:31:13.220, 249.08 W, 96 %
2025/12/07 16:31:13.320, 249.34 W, 96 %
2025/12/07 16:31:13.420, 249.60 W, 96 %
2025/12/07 16:31:13.520, 249.49 W, 96 %
2025/12/07 16:31:13.620, 249.28 W, 96 %
2025/12/07 16:31:13.720, 248.41 W, 96 %
2025/12/07 16:31:13.820, 248.01 W, 96 %
2025/12/07 16:31:13.921, 247.51 W, 96 %
2025/12/07 16:31:14.021, 247.96 W, 96 %
2025/12/07 16:31:14.121, 248.77 W, 96 %
2025/12/07 16:31:14.221, 248.88 W, 96 %
2025/12/07 16:31:14.321, 249.16 W, 96 %
2025/12/07 16:31:14.421, 249.45 W, 96 %
2025/12/07 16:31:14.521, 249.71 W, 96 %
2025/12/07 16:31:14.622, 249.47 W, 96 %
2025/12/07 16:31:14.722, 249.48 W, 96 %
2025/12/07 16:31:14.822, 248.91 W, 96 %
2025/12/07 16:31:14.922, 249.60 W, 96 %
2025/12/07 16:31:15.022, 249.16 W, 96 %
2025/12/07 16:31:15.122, 249.31 W, 96 %
2025/12/07 16:31:15.222, 249.74 W, 91 %
2025/12/07 16:31:15.323, 249.90 W, 91 %
2025/12/07 16:31:15.423, 249.60 W, 96 %
2025/12/07 16:31:15.523, 249.58 W, 96 %
2025/12/07 16:31:15.623, 249.33 W, 96 %
2025/12/07 16:31:15.723, 249.54 W, 96 %
2025/12/07 16:31:15.823, 249.68 W, 96 %
2025/12/07 16:31:15.923, 248.99 W, 96 %
2025/12/07 16:31:16.024, 246.87 W, 95 %
2025/12/07 16:31:16.124, 247.55 W, 95 %
2025/12/07 16:31:16.224, 246.98 W, 96 %
2025/12/07 16:31:16.324, 246.58 W, 96 %
2025/12/07 16:31:16.424, 246.33 W, 96 %
2025/12/07 16:31:16.524, 246.24 W, 96 %
2025/12/07 16:31:16.624, 245.87 W, 96 %
2025/12/07 16:31:16.725, 245.47 W, 96 %
2025/12/07 16:31:16.825, 245.74 W, 96 %
2025/12/07 16:31:16.925, 245.88 W, 96 %
2025/12/07 16:31:17.025, 246.72 W, 96 %
2025/12/07 16:31:17.125, 249.54 W, 96 %
2025/12/07 16:31:17.225, 249.22 W, 96 %
2025/12/07 16:31:17.325, 246.27 W, 96 %
2025/12/07 16:31:17.426, 246.56 W, 96 %
2025/12/07 16:31:17.526, 246.98 W, 96 %
2025/12/07 16:31:17.626, 247.06 W, 96 %
2025/12/07 16:31:17.726, 247.32 W, 96 %
2025/12/07 16:31:17.826, 247.36 W, 94 %
2025/12/07 16:31:17.926, 247.18 W, 94 %
2025/12/07 16:31:18.026, 246.97 W, 96 %
2025/12/07 16:31:18.127, 247.10 W, 96 %
2025/12/07 16:31:18.227, 247.03 W, 96 %
2025/12/07 16:31:18.327, 246.96 W, 96 %
2025/12/07 16:31:18.427, 249.72 W, 96 %
2025/12/07 16:31:18.527, 249.41 W, 96 %
2025/12/07 16:31:18.627, 248.37 W, 94 %
2025/12/07 16:31:18.727, 248.61 W, 94 %
2025/12/07 16:31:18.828, 248.35 W, 96 %
2025/12/07 16:31:18.928, 248.56 W, 96 %
2025/12/07 16:31:19.028, 248.71 W, 96 %
2025/12/07 16:31:19.128, 248.72 W, 96 %
2025/12/07 16:31:19.228, 248.20 W, 96 %
2025/12/07 16:31:19.328, 247.90 W, 96 %
2025/12/07 16:31:19.428, 247.85 W, 96 %
2025/12/07 16:31:19.529, 248.33 W, 96 %
2025/12/07 16:31:19.629, 248.82 W, 96 %
2025/12/07 16:31:19.729, 249.62 W, 96 %
2025/12/07 16:31:19.829, 249.65 W, 96 %
2025/12/07 16:31:19.929, 250.27 W, 96 %
2025/12/07 16:31:20.029, 250.47 W, 96 %
2025/12/07 16:31:20.130, 250.22 W, 96 %
2025/12/07 16:31:20.230, 250.14 W, 96 %
2025/12/07 16:31:20.330, 250.55 W, 96 %
2025/12/07 16:31:20.430, 250.90 W, 95 %
2025/12/07 16:31:20.530, 250.45 W, 95 %
2025/12/07 16:31:20.630, 249.42 W, 96 %
2025/12/07 16:31:20.730, 248.70 W, 96 %
2025/12/07 16:31:20.831, 248.64 W, 96 %
2025/12/07 16:31:20.931, 248.86 W, 96 %
2025/12/07 16:31:21.031, 248.68 W, 96 %
2025/12/07 16:31:21.131, 248.96 W, 96 %
2025/12/07 16:31:21.231, 249.41 W, 95 %
2025/12/07 16:31:21.331, 249.41 W, 95 %
2025/12/07 16:31:21.431, 249.08 W, 96 %
2025/12/07 16:31:21.532, 248.95 W, 96 %
2025/12/07 16:31:21.632, 246.70 W, 95 %
2025/12/07 16:31:21.732, 247.37 W, 95 %
2025/12/07 16:31:21.832, 247.73 W, 96 %
2025/12/07 16:31:21.932, 247.89 W, 96 %
2025/12/07 16:31:22.032, 247.90 W, 96 %
2025/12/07 16:31:22.132, 248.35 W, 96 %
2025/12/07 16:31:22.233, 248.18 W, 96 %
2025/12/07 16:31:22.333, 247.85 W, 96 %
2025/12/07 16:31:22.433, 247.64 W, 96 %
2025/12/07 16:31:22.533, 247.20 W, 96 %
2025/12/07 16:31:22.633, 250.15 W, 96 %
2025/12/07 16:31:22.733, 250.13 W, 96 %
2025/12/07 16:31:22.833, 249.92 W, 96 %
2025/12/07 16:31:22.934, 248.35 W, 96 %
2025/12/07 16:31:23.034, 248.64 W, 96 %
2025/12/07 16:31:23.134, 248.69 W, 96 %
2025/12/07 16:31:23.234, 248.02 W, 96 %
2025/12/07 16:31:23.334, 247.50 W, 96 %
2025/12/07 16:31:23.434, 248.37 W, 96 %
2025/12/07 16:31:23.534, 248.41 W, 96 %
2025/12/07 16:31:23.635, 248.28 W, 96 %
2025/12/07 16:31:23.735, 248.31 W, 96 %
2025/12/07 16:31:23.835, 248.66 W, 96 %
2025/12/07 16:31:23.935, 248.89 W, 96 %
2025/12/07 16:31:24.039, 250.76 W, 96 %
2025/12/07 16:31:24.139, 250.49 W, 96 %
2025/12/07 16:31:24.239, 250.71 W, 96 %
2025/12/07 16:31:24.339, 250.73 W, 96 %
2025/12/07 16:31:24.439, 250.32 W, 96 %
2025/12/07 16:31:24.540, 249.54 W, 96 %
2025/12/07 16:31:24.640, 249.62 W, 95 %
2025/12/07 16:31:24.740, 249.63 W, 95 %
2025/12/07 16:31:24.840, 249.92 W, 96 %
2025/12/07 16:31:24.940, 249.30 W, 96 %
2025/12/07 16:31:25.040, 249.27 W, 96 %
2025/12/07 16:31:25.140, 249.21 W, 96 %
2025/12/07 16:31:25.241, 248.94 W, 96 %
2025/12/07 16:31:25.341, 248.74 W, 96 %
2025/12/07 16:31:25.441, 248.74 W, 95 %
2025/12/07 16:31:25.541, 249.13 W, 95 %
2025/12/07 16:31:25.641, 250.47 W, 96 %
2025/12/07 16:31:25.741, 250.47 W, 96 %
2025/12/07 16:31:25.841, 248.93 W, 96 %
2025/12/07 16:31:25.942, 249.03 W, 96 %
2025/12/07 16:31:26.042, 247.30 W, 94 %
2025/12/07 16:31:26.142, 247.53 W, 94 %
2025/12/07 16:31:26.242, 247.58 W, 96 %
2025/12/07 16:31:26.342, 247.26 W, 96 %
2025/12/07 16:31:26.442, 247.12 W, 96 %
2025/12/07 16:31:26.542, 247.22 W, 96 %
2025/12/07 16:31:26.643, 246.77 W, 96 %
2025/12/07 16:31:26.743, 246.77 W, 96 %
2025/12/07 16:31:26.843, 247.87 W, 96 %
2025/12/07 16:31:26.943, 247.67 W, 96 %
2025/12/07 16:31:27.043, 249.41 W, 96 %
2025/12/07 16:31:27.143, 248.12 W, 96 %
2025/12/07 16:31:27.243, 247.93 W, 96 %
2025/12/07 16:31:27.344, 247.88 W, 96 %
2025/12/07 16:31:27.444, 247.93 W, 96 %
2025/12/07 16:31:27.544, 247.82 W, 96 %
2025/12/07 16:31:27.644, 247.76 W, 96 %
2025/12/07 16:31:27.744, 247.58 W, 96 %
2025/12/07 16:31:27.844, 247.69 W, 96 %
2025/12/07 16:31:27.944, 247.90 W, 96 %
2025/12/07 16:31:28.045, 247.78 W, 91 %
2025/12/07 16:31:28.145, 248.01 W, 91 %
2025/12/07 16:31:28.245, 249.38 W, 96 %
2025/12/07 16:31:28.345, 249.51 W, 96 %
2025/12/07 16:31:28.445, 249.79 W, 96 %
2025/12/07 16:31:28.545, 250.06 W, 96 %
2025/12/07 16:31:28.645, 249.99 W, 96 %
2025/12/07 16:31:28.746, 249.98 W, 96 %
2025/12/07 16:31:28.846, 250.09 W, 96 %
2025/12/07 16:31:28.946, 249.91 W, 96 %
2025/12/07 16:31:29.046, 249.81 W, 96 %
2025/12/07 16:31:29.146, 249.41 W, 96 %
2025/12/07 16:31:29.246, 249.42 W, 96 %
2025/12/07 16:31:29.346, 249.70 W, 96 %
2025/12/07 16:31:29.447, 249.29 W, 96 %
2025/12/07 16:31:29.547, 249.48 W, 96 %
2025/12/07 16:31:29.647, 249.46 W, 96 %
2025/12/07 16:31:29.747, 249.15 W, 96 %
2025/12/07 16:31:29.847, 249.05 W, 96 %
2025/12/07 16:31:29.947, 249.17 W, 96 %
2025/12/07 16:31:30.047, 249.17 W, 96 %
2025/12/07 16:31:30.148, 249.38 W, 96 %
2025/12/07 16:31:30.248, 249.81 W, 92 %
2025/12/07 16:31:30.348, 249.52 W, 92 %
2025/12/07 16:31:30.448, 249.65 W, 96 %
2025/12/07 16:31:30.548, 249.01 W, 96 %
2025/12/07 16:31:30.648, 249.41 W, 95 %
2025/12/07 16:31:30.748, 249.63 W, 95 %
2025/12/07 16:31:30.849, 250.08 W, 96 %
2025/12/07 16:31:30.949, 250.41 W, 96 %
2025/12/07 16:31:31.049, 250.24 W, 96 %
2025/12/07 16:31:31.149, 250.09 W, 96 %
2025/12/07 16:31:31.249, 250.01 W, 96 %
2025/12/07 16:31:31.349, 249.51 W, 96 %
2025/12/07 16:31:31.449, 249.58 W, 96 %
2025/12/07 16:31:31.550, 249.84 W, 96 %
2025/12/07 16:31:31.650, 250.12 W, 96 %
2025/12/07 16:31:31.750, 249.81 W, 96 %
2025/12/07 16:31:31.850, 249.55 W, 96 %
2025/12/07 16:31:31.950, 249.45 W, 96 %
2025/12/07 16:31:32.050, 249.22 W, 96 %
2025/12/07 16:31:32.150, 249.26 W, 96 %
2025/12/07 16:31:32.251, 249.21 W, 96 %
2025/12/07 16:31:32.351, 249.08 W, 96 %
2025/12/07 16:31:32.451, 249.03 W, 96 %
2025/12/07 16:31:32.551, 249.03 W, 96 %
2025/12/07 16:31:32.651, 249.01 W, 96 %
2025/12/07 16:31:32.751, 249.04 W, 96 %
2025/12/07 16:31:32.852, 249.16 W, 96 %
2025/12/07 16:31:32.952, 249.46 W, 96 %
2025/12/07 16:31:33.052, 249.88 W, 96 %
2025/12/07 16:31:33.152, 250.13 W, 96 %
2025/12/07 16:31:33.252, 249.74 W, 95 %
2025/12/07 16:31:33.352, 249.18 W, 95 %
2025/12/07 16:31:33.452, 249.60 W, 96 %
2025/12/07 16:31:33.553, 249.59 W, 96 %
2025/12/07 16:31:33.653, 249.81 W, 96 %
2025/12/07 16:31:33.753, 249.95 W, 96 %
2025/12/07 16:31:33.853, 250.05 W, 96 %
2025/12/07 16:31:33.953, 250.22 W, 96 %
2025/12/07 16:31:34.053, 248.87 W, 94 %
2025/12/07 16:31:34.153, 248.88 W, 94 %
2025/12/07 16:31:34.254, 248.26 W, 96 %
2025/12/07 16:31:34.354, 248.06 W, 96 %
2025/12/07 16:31:34.454, 248.61 W, 96 %
2025/12/07 16:31:34.554, 249.01 W, 96 %
2025/12/07 16:31:34.654, 249.36 W, 96 %
2025/12/07 16:31:34.754, 249.25 W, 96 %
2025/12/07 16:31:34.854, 249.02 W, 96 %
2025/12/07 16:31:34.955, 249.12 W, 96 %
2025/12/07 16:31:35.055, 249.14 W, 96 %
2025/12/07 16:31:35.155, 250.20 W, 96 %
2025/12/07 16:31:35.255, 249.75 W, 96 %
2025/12/07 16:31:35.355, 249.62 W, 96 %
2025/12/07 16:31:35.455, 249.48 W, 96 %
2025/12/07 16:31:35.555, 249.59 W, 96 %
2025/12/07 16:31:35.656, 248.56 W, 96 %
2025/12/07 16:31:35.756, 248.62 W, 96 %
2025/12/07 16:31:35.856, 249.52 W, 95 %
2025/12/07 16:31:35.956, 249.49 W, 95 %
2025/12/07 16:31:36.056, 249.33 W, 96 %
2025/12/07 16:31:36.156, 249.17 W, 96 %
2025/12/07 16:31:36.256, 249.76 W, 96 %
2025/12/07 16:31:36.357, 249.10 W, 96 %
2025/12/07 16:31:36.457, 249.04 W, 96 %
2025/12/07 16:31:36.557, 249.78 W, 96 %
2025/12/07 16:31:36.657, 247.49 W, 91 %
2025/12/07 16:31:36.757, 247.84 W, 91 %
2025/12/07 16:31:36.857, 248.02 W, 96 %
2025/12/07 16:31:36.957, 247.57 W, 96 %
2025/12/07 16:31:37.058, 247.48 W, 96 %
2025/12/07 16:31:37.158, 247.38 W, 96 %
2025/12/07 16:31:37.258, 247.54 W, 96 %
2025/12/07 16:31:37.358, 248.12 W, 96 %
2025/12/07 16:31:37.458, 247.45 W, 96 %
2025/12/07 16:31:37.558, 247.34 W, 96 %
2025/12/07 16:31:37.658, 247.77 W, 96 %
2025/12/07 16:31:37.759, 249.45 W, 96 %
2025/12/07 16:31:37.859, 249.33 W, 96 %
2025/12/07 16:31:37.959, 249.38 W, 96 %
2025/12/07 16:31:38.059, 249.18 W, 96 %
2025/12/07 16:31:38.159, 249.40 W, 96 %
2025/12/07 16:31:38.259, 249.33 W, 96 %
2025/12/07 16:31:38.359, 249.12 W, 96 %
2025/12/07 16:31:38.460, 249.67 W, 95 %
2025/12/07 16:31:38.560, 248.91 W, 95 %
2025/12/07 16:31:38.660, 248.59 W, 96 %
2025/12/07 16:31:38.760, 248.77 W, 96 %
2025/12/07 16:31:38.860, 249.82 W, 92 %
2025/12/07 16:31:38.960, 249.92 W, 92 %
2025/12/07 16:31:39.060, 249.81 W, 96 %
2025/12/07 16:31:39.161, 249.88 W, 96 %
2025/12/07 16:31:39.261, 249.93 W, 95 %
2025/12/07 16:31:39.361, 250.17 W, 95 %
2025/12/07 16:31:39.461, 249.86 W, 96 %
2025/12/07 16:31:39.561, 249.42 W, 96 %
2025/12/07 16:31:39.661, 249.66 W, 96 %
2025/12/07 16:31:39.762, 250.18 W, 96 %
2025/12/07 16:31:39.862, 249.95 W, 96 %
2025/12/07 16:31:39.962, 249.39 W, 96 %
2025/12/07 16:31:40.062, 249.89 W, 96 %
2025/12/07 16:31:40.162, 250.12 W, 96 %
2025/12/07 16:31:40.262, 250.32 W, 96 %
2025/12/07 16:31:40.362, 249.86 W, 96 %
2025/12/07 16:31:40.463, 249.69 W, 96 %
2025/12/07 16:31:40.563, 249.29 W, 96 %
2025/12/07 16:31:40.663, 249.37 W, 96 %
2025/12/07 16:31:40.763, 249.66 W, 96 %
2025/12/07 16:31:40.863, 250.00 W, 96 %
2025/12/07 16:31:40.963, 247.24 W, 96 %
2025/12/07 16:31:41.063, 247.60 W, 96 %
2025/12/07 16:31:41.164, 247.35 W, 96 %
2025/12/07 16:31:41.264, 247.44 W, 96 %
2025/12/07 16:31:41.364, 247.32 W, 96 %
2025/12/07 16:31:41.464, 247.21 W, 96 %
2025/12/07 16:31:41.564, 247.35 W, 96 %
2025/12/07 16:31:41.664, 247.36 W, 96 %
2025/12/07 16:31:41.764, 247.08 W, 96 %
2025/12/07 16:31:41.865, 247.64 W, 94 %
2025/12/07 16:31:41.965, 247.69 W, 94 %
2025/12/07 16:31:42.065, 250.07 W, 96 %
2025/12/07 16:31:42.165, 250.12 W, 96 %
2025/12/07 16:31:42.265, 250.30 W, 96 %
2025/12/07 16:31:42.365, 249.88 W, 96 %
2025/12/07 16:31:42.465, 249.76 W, 96 %
2025/12/07 16:31:42.566, 249.63 W, 96 %
2025/12/07 16:31:42.666, 249.17 W, 96 %
2025/12/07 16:31:42.766, 249.34 W, 96 %
2025/12/07 16:31:42.866, 249.45 W, 96 %
2025/12/07 16:31:42.966, 249.31 W, 96 %
2025/12/07 16:31:43.066, 249.12 W, 96 %
2025/12/07 16:31:43.166, 249.80 W, 96 %
2025/12/07 16:31:43.267, 250.11 W, 96 %
2025/12/07 16:31:43.367, 249.99 W, 96 %
2025/12/07 16:31:43.467, 249.89 W, 96 %
2025/12/07 16:31:43.567, 250.42 W, 96 %
2025/12/07 16:31:43.667, 250.30 W, 96 %
2025/12/07 16:31:43.767, 250.70 W, 96 %
2025/12/07 16:31:43.867, 251.12 W, 96 %
2025/12/07 16:31:43.968, 250.77 W, 96 %
2025/12/07 16:31:44.068, 250.65 W, 96 %
2025/12/07 16:31:44.168, 249.67 W, 96 %
2025/12/07 16:31:44.268, 248.90 W, 96 %
2025/12/07 16:31:44.369, 248.93 W, 96 %
2025/12/07 16:31:44.469, 249.28 W, 95 %
2025/12/07 16:31:44.569, 249.24 W, 95 %
2025/12/07 16:31:44.669, 248.96 W, 96 %
2025/12/07 16:31:44.769, 249.44 W, 96 %
2025/12/07 16:31:44.869, 249.19 W, 96 %
2025/12/07 16:31:44.969, 249.20 W, 96 %
2025/12/07 16:31:45.070, 249.02 W, 96 %
2025/12/07 16:31:45.170, 249.35 W, 96 %
2025/12/07 16:31:45.270, 239.74 W, 86 %
2025/12/07 16:31:45.370, 224.55 W, 86 %
2025/12/07 16:31:45.470, 208.52 W, 0 %
2025/12/07 16:31:45.571, 192.42 W, 0 %
2025/12/07 16:31:45.671, 183.65 W, 0 %
2025/12/07 16:31:45.771, 169.26 W, 0 %
2025/12/07 16:31:45.871, 154.40 W, 0 %
2025/12/07 16:31:45.972, 140.57 W, 0 %
2025/12/07 16:31:46.072, 126.53 W, 0 %
2025/12/07 16:31:46.172, 112.71 W, 0 %
2025/12/07 16:31:46.272, 112.71 W, 0 %
2025/12/07 16:31:46.373, 112.71 W, 0 %
2025/12/07 16:31:46.473, 112.71 W, 0 %
2025/12/07 16:31:46.573, 112.71 W, 0 %
2025/12/07 16:31:46.673, 112.71 W, 0 %
2025/12/07 16:31:46.773, 112.71 W, 0 %
2025/12/07 16:31:46.873, 112.71 W, 0 %
2025/12/07 16:31:46.974, 112.71 W, 0 %
2025/12/07 16:31:47.074, 112.71 W, 0 %
2025/12/07 16:31:47.174, 89.81 W, 0 %
2025/12/07 16:31:47.274, 89.81 W, 0 %
2025/12/07 16:31:47.374, 89.81 W, 0 %
2025/12/07 16:31:47.475, 89.81 W, 0 %
2025/12/07 16:31:47.575, 89.81 W, 0 %
2025/12/07 16:31:47.675, 89.81 W, 0 %
2025/12/07 16:31:47.775, 89.81 W, 0 %
2025/12/07 16:31:47.876, 89.81 W, 0 %
2025/12/07 16:31:47.976, 89.81 W, 0 %
2025/12/07 16:31:48.076, 89.81 W, 0 %
2025/12/07 16:31:48.176, 89.18 W, 0 %
2025/12/07 16:31:48.276, 89.18 W, 0 %
2025/12/07 16:31:48.377, 89.18 W, 0 %
2025/12/07 16:31:48.477, 89.18 W, 0 %
2025/12/07 16:31:48.577, 89.18 W, 0 %
2025/12/07 16:31:48.678, 89.18 W, 0 %
2025/12/07 16:31:48.778, 89.18 W, 0 %
2025/12/07 16:31:48.878, 89.18 W, 0 %
2025/12/07 16:31:48.978, 89.18 W, 0 %
2025/12/07 16:31:49.079, 89.18 W, 0 %
2025/12/07 16:31:49.179, 88.45 W, 0 %
2025/12/07 16:31:49.279, 88.45 W, 0 %
2025/12/07 16:31:49.379, 88.45 W, 0 %
2025/12/07 16:31:49.480, 105.03 W, 95 %
2025/12/07 16:31:49.580, 115.40 W, 95 %
2025/12/07 16:31:49.680, 124.06 W, 96 %
2025/12/07 16:31:49.780, 131.72 W, 96 %
2025/12/07 16:31:49.880, 138.76 W, 96 %
2025/12/07 16:31:49.980, 145.15 W, 96 %
2025/12/07 16:31:50.080, 150.76 W, 96 %
2025/12/07 16:31:50.181, 223.38 W, 96 %
2025/12/07 16:31:50.281, 226.08 W, 96 %
2025/12/07 16:31:50.381, 227.74 W, 96 %
2025/12/07 16:31:50.481, 249.62 W, 96 %
2025/12/07 16:31:50.581, 248.91 W, 96 %
2025/12/07 16:31:50.681, 249.09 W, 96 %
2025/12/07 16:31:50.781, 249.23 W, 96 %
2025/12/07 16:31:50.882, 249.39 W, 96 %
2025/12/07 16:31:50.982, 249.96 W, 96 %
2025/12/07 16:31:51.082, 250.27 W, 96 %
2025/12/07 16:31:51.182, 249.78 W, 96 %
2025/12/07 16:31:51.282, 249.96 W, 96 %
2025/12/07 16:31:51.382, 249.72 W, 96 %
2025/12/07 16:31:51.483, 249.95 W, 96 %
2025/12/07 16:31:51.583, 246.65 W, 96 %
2025/12/07 16:31:51.683, 247.26 W, 93 %
2025/12/07 16:31:51.783, 247.26 W, 93 %
2025/12/07 16:31:51.883, 246.95 W, 96 %
2025/12/07 16:31:51.983, 246.05 W, 96 %
2025/12/07 16:31:52.083, 245.79 W, 94 %
2025/12/07 16:31:52.184, 246.56 W, 94 %
2025/12/07 16:31:52.284, 246.86 W, 96 %
2025/12/07 16:31:52.384, 246.02 W, 96 %
2025/12/07 16:31:52.484, 246.52 W, 96 %
2025/12/07 16:31:52.584, 246.39 W, 96 %
2025/12/07 16:31:52.684, 249.69 W, 96 %
2025/12/07 16:31:52.784, 249.63 W, 96 %
2025/12/07 16:31:52.885, 248.90 W, 95 %
2025/12/07 16:31:52.985, 248.94 W, 95 %
2025/12/07 16:31:53.085, 249.12 W, 96 %
2025/12/07 16:31:53.185, 247.68 W, 96 %
2025/12/07 16:31:53.285, 247.16 W, 96 %
2025/12/07 16:31:53.385, 247.32 W, 96 %
2025/12/07 16:31:53.485, 248.00 W, 96 %
2025/12/07 16:31:53.586, 247.53 W, 96 %
2025/12/07 16:31:53.686, 247.64 W, 96 %
2025/12/07 16:31:53.786, 248.91 W, 96 %
2025/12/07 16:31:53.886, 248.87 W, 96 %
2025/12/07 16:31:53.986, 249.63 W, 96 %
2025/12/07 16:31:54.086, 249.62 W, 96 %
2025/12/07 16:31:54.186, 249.33 W, 96 %
2025/12/07 16:31:54.287, 249.23 W, 96 %
2025/12/07 16:31:54.387, 249.07 W, 96 %
2025/12/07 16:31:54.487, 248.51 W, 96 %
2025/12/07 16:31:54.587, 246.93 W, 96 %
2025/12/07 16:31:54.687, 247.65 W, 96 %
2025/12/07 16:31:54.787, 248.35 W, 96 %
2025/12/07 16:31:54.887, 247.43 W, 96 %
2025/12/07 16:31:54.988, 247.21 W, 96 %
2025/12/07 16:31:55.088, 247.11 W, 96 %
2025/12/07 16:31:55.188, 247.06 W, 96 %
2025/12/07 16:31:55.288, 247.00 W, 96 %
2025/12/07 16:31:55.388, 247.39 W, 96 %
2025/12/07 16:31:55.488, 247.67 W, 95 %
2025/12/07 16:31:55.588, 248.02 W, 95 %
2025/12/07 16:31:55.689, 249.99 W, 96 %
2025/12/07 16:31:55.789, 249.30 W, 96 %
2025/12/07 16:31:55.889, 248.51 W, 92 %
2025/12/07 16:31:55.989, 248.46 W, 92 %
2025/12/07 16:31:56.089, 248.62 W, 96 %
2025/12/07 16:31:56.189, 248.33 W, 96 %
2025/12/07 16:31:56.289, 248.63 W, 96 %
2025/12/07 16:31:56.390, 248.75 W, 96 %
2025/12/07 16:31:56.490, 248.15 W, 96 %
2025/12/07 16:31:56.590, 247.88 W, 96 %
2025/12/07 16:31:56.690, 247.42 W, 96 %
2025/12/07 16:31:56.790, 247.83 W, 96 %
2025/12/07 16:31:56.890, 248.01 W, 93 %
2025/12/07 16:31:56.990, 249.14 W, 93 %
2025/12/07 16:31:57.091, 249.05 W, 96 %
2025/12/07 16:31:57.191, 249.45 W, 96 %
2025/12/07 16:31:57.291, 249.41 W, 96 %
2025/12/07 16:31:57.391, 249.32 W, 96 %
2025/12/07 16:31:57.491, 249.06 W, 96 %
2025/12/07 16:31:57.591, 249.35 W, 96 %
2025/12/07 16:31:57.691, 249.51 W, 96 %
2025/12/07 16:31:57.792, 249.12 W, 96 %
2025/12/07 16:31:57.892, 248.56 W, 96 %
2025/12/07 16:31:57.992, 248.39 W, 96 %
2025/12/07 16:31:58.092, 249.32 W, 91 %
2025/12/07 16:31:58.192, 249.73 W, 91 %
2025/12/07 16:31:58.292, 250.43 W, 96 %
2025/12/07 16:31:58.392, 250.28 W, 96 %
2025/12/07 16:31:58.493, 250.42 W, 96 %
2025/12/07 16:31:58.593, 250.47 W, 96 %
2025/12/07 16:31:58.693, 250.37 W, 96 %
2025/12/07 16:31:58.793, 250.15 W, 96 %
2025/12/07 16:31:58.893, 249.19 W, 94 %
2025/12/07 16:31:58.993, 249.00 W, 94 %
2025/12/07 16:31:59.094, 248.65 W, 96 %
2025/12/07 16:31:59.194, 246.97 W, 96 %
2025/12/07 16:31:59.294, 247.36 W, 96 %
2025/12/07 16:31:59.394, 246.68 W, 96 %
2025/12/07 16:31:59.494, 246.61 W, 96 %
2025/12/07 16:31:59.594, 246.96 W, 96 %
2025/12/07 16:31:59.694, 247.25 W, 96 %
2025/12/07 16:31:59.795, 248.13 W, 96 %
2025/12/07 16:31:59.895, 248.70 W, 96 %
2025/12/07 16:31:59.995, 249.88 W, 96 %
2025/12/07 16:32:00.095, 250.11 W, 96 %
2025/12/07 16:32:00.195, 250.41 W, 96 %
2025/12/07 16:32:00.295, 250.33 W, 96 %
2025/12/07 16:32:00.395, 250.10 W, 96 %
2025/12/07 16:32:00.496, 250.39 W, 96 %
2025/12/07 16:32:00.596, 249.93 W, 96 %
2025/12/07 16:32:00.696, 250.14 W, 95 %
2025/12/07 16:32:00.796, 249.94 W, 95 %
2025/12/07 16:32:00.896, 249.13 W, 96 %
2025/12/07 16:32:00.996, 248.51 W, 96 %
2025/12/07 16:32:01.096, 248.50 W, 96 %
2025/12/07 16:32:01.197, 248.67 W, 96 %
2025/12/07 16:32:01.297, 249.41 W, 96 %
2025/12/07 16:32:01.397, 249.48 W, 96 %
2025/12/07 16:32:01.497, 249.35 W, 95 %
2025/12/07 16:32:01.597, 249.23 W, 95 %
2025/12/07 16:32:01.697, 249.75 W, 96 %
2025/12/07 16:32:01.797, 249.21 W, 96 %
2025/12/07 16:32:01.898, 249.23 W, 96 %
2025/12/07 16:32:01.998, 249.26 W, 96 %
2025/12/07 16:32:02.098, 249.41 W, 96 %
2025/12/07 16:32:02.198, 249.49 W, 96 %
2025/12/07 16:32:02.298, 249.29 W, 96 %
2025/12/07 16:32:02.398, 249.74 W, 96 %
2025/12/07 16:32:02.498, 250.17 W, 96 %
2025/12/07 16:32:02.599, 250.11 W, 96 %
2025/12/07 16:32:02.699, 249.82 W, 96 %
2025/12/07 16:32:02.799, 249.83 W, 96 %
2025/12/07 16:32:02.899, 250.00 W, 96 %
2025/12/07 16:32:02.999, 250.18 W, 96 %
2025/12/07 16:32:03.099, 249.68 W, 96 %
2025/12/07 16:32:03.199, 250.19 W, 96 %
2025/12/07 16:32:03.300, 250.02 W, 96 %
2025/12/07 16:32:03.400, 249.44 W, 96 %
2025/12/07 16:32:03.500, 249.20 W, 96 %
2025/12/07 16:32:03.600, 249.12 W, 96 %
2025/12/07 16:32:03.700, 249.35 W, 96 %
2025/12/07 16:32:03.800, 249.59 W, 96 %
2025/12/07 16:32:03.900, 249.39 W, 96 %
2025/12/07 16:32:04.001, 249.39 W, 96 %
2025/12/07 16:32:04.101, 249.46 W, 94 %
2025/12/07 16:32:04.201, 249.99 W, 94 %
2025/12/07 16:32:04.301, 249.29 W, 96 %
2025/12/07 16:32:04.401, 249.04 W, 96 %
2025/12/07 16:32:04.501, 249.35 W, 92 %
2025/12/07 16:32:04.602, 249.47 W, 92 %
2025/12/07 16:32:04.702, 249.61 W, 96 %
2025/12/07 16:32:04.802, 249.20 W, 96 %
2025/12/07 16:32:04.902, 248.59 W, 95 %
2025/12/07 16:32:05.002, 248.79 W, 95 %
2025/12/07 16:32:05.102, 248.46 W, 96 %
2025/12/07 16:32:05.202, 247.65 W, 96 %
2025/12/07 16:32:05.303, 247.76 W, 96 %
2025/12/07 16:32:05.403, 248.01 W, 96 %
2025/12/07 16:32:05.503, 248.59 W, 96 %
2025/12/07 16:32:05.603, 248.22 W, 96 %
2025/12/07 16:32:05.703, 248.49 W, 96 %
2025/12/07 16:32:05.803, 248.73 W, 96 %
2025/12/07 16:32:05.903, 248.87 W, 96 %
2025/12/07 16:32:06.004, 249.45 W, 96 %
2025/12/07 16:32:06.104, 249.16 W, 96 %
2025/12/07 16:32:06.204, 249.23 W, 96 %
2025/12/07 16:32:06.304, 249.47 W, 96 %
2025/12/07 16:32:06.404, 249.32 W, 96 %
2025/12/07 16:32:06.504, 249.13 W, 96 %
2025/12/07 16:32:06.604, 244.54 W, 96 %
2025/12/07 16:32:06.705, 244.74 W, 95 %
2025/12/07 16:32:06.805, 244.58 W, 95 %
2025/12/07 16:32:06.905, 244.07 W, 96 %
2025/12/07 16:32:07.005, 244.34 W, 96 %
2025/12/07 16:32:07.105, 244.29 W, 95 %
2025/12/07 16:32:07.205, 244.82 W, 95 %
2025/12/07 16:32:07.305, 244.66 W, 96 %
2025/12/07 16:32:07.406, 244.97 W, 96 %
2025/12/07 16:32:07.506, 245.35 W, 95 %
2025/12/07 16:32:07.606, 245.63 W, 95 %
2025/12/07 16:32:07.706, 249.93 W, 96 %
2025/12/07 16:32:07.806, 249.79 W, 96 %
2025/12/07 16:32:07.906, 249.88 W, 96 %
2025/12/07 16:32:08.006, 249.55 W, 96 %
2025/12/07 16:32:08.107, 249.41 W, 96 %
2025/12/07 16:32:08.207, 249.09 W, 96 %
2025/12/07 16:32:08.307, 249.08 W, 96 %
2025/12/07 16:32:08.407, 249.40 W, 96 %
2025/12/07 16:32:08.507, 249.04 W, 96 %
2025/12/07 16:32:08.607, 249.03 W, 96 %
2025/12/07 16:32:08.707, 248.97 W, 96 %
2025/12/07 16:32:08.808, 249.31 W, 96 %
2025/12/07 16:32:08.908, 249.39 W, 96 %
2025/12/07 16:32:09.008, 249.44 W, 96 %
2025/12/07 16:32:09.108, 249.37 W, 96 %
2025/12/07 16:32:09.208, 248.68 W, 96 %
2025/12/07 16:32:09.308, 248.88 W, 96 %
2025/12/07 16:32:09.408, 248.75 W, 96 %
2025/12/07 16:32:09.509, 249.24 W, 96 %
2025/12/07 16:32:09.609, 249.59 W, 96 %
2025/12/07 16:32:09.709, 249.46 W, 96 %
2025/12/07 16:32:09.809, 249.21 W, 96 %
2025/12/07 16:32:09.909, 248.78 W, 96 %
2025/12/07 16:32:10.009, 248.43 W, 96 %
2025/12/07 16:32:10.109, 248.78 W, 95 %
2025/12/07 16:32:10.210, 249.03 W, 95 %
2025/12/07 16:32:10.310, 249.70 W, 96 %
2025/12/07 16:32:10.410, 249.79 W, 96 %
2025/12/07 16:32:10.510, 249.16 W, 96 %
2025/12/07 16:32:10.610, 249.56 W, 96 %
2025/12/07 16:32:10.710, 249.61 W, 96 %
2025/12/07 16:32:10.810, 249.60 W, 96 %
2025/12/07 16:32:10.911, 246.49 W, 91 %
2025/12/07 16:32:11.011, 246.96 W, 91 %
2025/12/07 16:32:11.111, 247.35 W, 96 %
2025/12/07 16:32:11.211, 247.34 W, 96 %
2025/12/07 16:32:11.311, 248.07 W, 96 %
2025/12/07 16:32:11.411, 248.07 W, 96 %
2025/12/07 16:32:11.511, 248.10 W, 96 %
2025/12/07 16:32:11.612, 247.17 W, 96 %
2025/12/07 16:32:11.712, 247.42 W, 96 %
2025/12/07 16:32:11.812, 247.49 W, 96 %
2025/12/07 16:32:11.912, 247.46 W, 96 %
2025/12/07 16:32:12.012, 250.83 W, 96 %
2025/12/07 16:32:12.112, 250.69 W, 96 %
2025/12/07 16:32:12.212, 250.26 W, 96 %
2025/12/07 16:32:12.313, 250.13 W, 96 %
2025/12/07 16:32:12.413, 250.48 W, 96 %
2025/12/07 16:32:12.513, 250.30 W, 96 %
2025/12/07 16:32:12.613, 250.46 W, 96 %
2025/12/07 16:32:12.713, 251.00 W, 94 %
2025/12/07 16:32:12.813, 250.83 W, 94 %
2025/12/07 16:32:12.914, 250.31 W, 96 %
2025/12/07 16:32:13.014, 250.20 W, 96 %
2025/12/07 16:32:13.114, 250.52 W, 92 %
2025/12/07 16:32:13.214, 250.38 W, 92 %
2025/12/07 16:32:13.314, 250.74 W, 96 %
2025/12/07 16:32:13.414, 250.47 W, 96 %
2025/12/07 16:32:13.514, 251.17 W, 95 %
2025/12/07 16:32:13.615, 250.96 W, 95 %
2025/12/07 16:32:13.715, 250.82 W, 96 %
2025/12/07 16:32:13.815, 250.49 W, 96 %
2025/12/07 16:32:13.915, 249.85 W, 96 %
2025/12/07 16:32:14.015, 250.07 W, 96 %
2025/12/07 16:32:14.115, 249.55 W, 96 %
2025/12/07 16:32:14.215, 249.48 W, 96 %
2025/12/07 16:32:14.316, 249.31 W, 96 %
2025/12/07 16:32:14.416, 249.97 W, 96 %
2025/12/07 16:32:14.516, 250.11 W, 96 %
2025/12/07 16:32:14.616, 249.38 W, 96 %
2025/12/07 16:32:14.716, 249.37 W, 96 %
2025/12/07 16:32:14.816, 249.35 W, 96 %
2025/12/07 16:32:14.916, 249.57 W, 96 %
2025/12/07 16:32:15.017, 249.17 W, 96 %
2025/12/07 16:32:15.117, 248.73 W, 96 %
2025/12/07 16:32:15.217, 247.01 W, 96 %
2025/12/07 16:32:15.317, 247.38 W, 96 %
2025/12/07 16:32:15.417, 247.46 W, 96 %
2025/12/07 16:32:15.517, 247.18 W, 96 %
2025/12/07 16:32:15.617, 246.87 W, 96 %
2025/12/07 16:32:15.718, 247.04 W, 96 %
2025/12/07 16:32:15.818, 247.34 W, 96 %
2025/12/07 16:32:15.918, 247.61 W, 96 %
2025/12/07 16:32:16.018, 247.61 W, 96 %
2025/12/07 16:32:16.118, 247.72 W, 94 %
2025/12/07 16:32:16.218, 248.62 W, 94 %
2025/12/07 16:32:16.318, 250.33 W, 96 %
2025/12/07 16:32:16.419, 250.13 W, 96 %
2025/12/07 16:32:16.519, 249.60 W, 96 %
2025/12/07 16:32:16.619, 249.53 W, 96 %
2025/12/07 16:32:16.719, 249.94 W, 96 %
2025/12/07 16:32:16.819, 250.15 W, 96 %
2025/12/07 16:32:16.919, 246.93 W, 95 %
2025/12/07 16:32:17.019, 246.91 W, 95 %
2025/12/07 16:32:17.120, 246.35 W, 96 %
2025/12/07 16:32:17.220, 245.85 W, 96 %
2025/12/07 16:32:17.320, 246.28 W, 96 %
2025/12/07 16:32:17.420, 246.43 W, 96 %
2025/12/07 16:32:17.520, 246.45 W, 96 %
2025/12/07 16:32:17.620, 246.85 W, 96 %
2025/12/07 16:32:17.720, 246.19 W, 96 %
2025/12/07 16:32:17.821, 246.82 W, 96 %
2025/12/07 16:32:17.921, 246.99 W, 96 %
2025/12/07 16:32:18.021, 249.67 W, 96 %
2025/12/07 16:32:18.121, 249.12 W, 96 %
2025/12/07 16:32:18.221, 250.16 W, 96 %
2025/12/07 16:32:18.321, 250.25 W, 96 %
2025/12/07 16:32:18.421, 250.23 W, 96 %
2025/12/07 16:32:18.522, 249.75 W, 96 %
2025/12/07 16:32:18.622, 249.62 W, 96 %
2025/12/07 16:32:18.722, 250.07 W, 95 %
2025/12/07 16:32:18.822, 249.95 W, 95 %
2025/12/07 16:32:18.922, 249.63 W, 96 %
2025/12/07 16:32:19.022, 249.34 W, 96 %
2025/12/07 16:32:19.123, 249.23 W, 96 %
2025/12/07 16:32:19.223, 249.68 W, 96 %
2025/12/07 16:32:19.323, 249.34 W, 96 %
2025/12/07 16:32:19.423, 249.66 W, 96 %
2025/12/07 16:32:19.523, 247.21 W, 91 %
2025/12/07 16:32:19.623, 247.73 W, 91 %
2025/12/07 16:32:19.723, 248.06 W, 96 %
2025/12/07 16:32:19.824, 247.87 W, 96 %
2025/12/07 16:32:19.924, 248.11 W, 96 %
2025/12/07 16:32:20.024, 248.36 W, 96 %
2025/12/07 16:32:20.124, 248.17 W, 96 %
2025/12/07 16:32:20.224, 247.92 W, 96 %
2025/12/07 16:32:20.324, 248.24 W, 96 %
2025/12/07 16:32:20.424, 247.95 W, 96 %
2025/12/07 16:32:20.525, 247.73 W, 96 %
2025/12/07 16:32:20.625, 249.72 W, 96 %
2025/12/07 16:32:20.725, 249.32 W, 96 %
2025/12/07 16:32:20.825, 249.80 W, 96 %
2025/12/07 16:32:20.925, 249.69 W, 96 %
2025/12/07 16:32:21.025, 249.74 W, 96 %
2025/12/07 16:32:21.125, 249.62 W, 96 %
2025/12/07 16:32:21.226, 249.60 W, 96 %
2025/12/07 16:32:21.326, 249.51 W, 94 %
2025/12/07 16:32:21.426, 249.62 W, 94 %
2025/12/07 16:32:21.526, 249.84 W, 96 %
2025/12/07 16:32:21.626, 249.75 W, 96 %
2025/12/07 16:32:21.726, 250.65 W, 92 %
2025/12/07 16:32:21.826, 250.91 W, 92 %
2025/12/07 16:32:21.927, 250.49 W, 96 %
2025/12/07 16:32:22.027, 250.40 W, 96 %
2025/12/07 16:32:22.127, 250.43 W, 95 %
2025/12/07 16:32:22.227, 250.27 W, 95 %
2025/12/07 16:32:22.327, 250.40 W, 96 %
2025/12/07 16:32:22.427, 250.31 W, 96 %
2025/12/07 16:32:22.527, 250.43 W, 96 %
2025/12/07 16:32:22.628, 250.19 W, 96 %
2025/12/07 16:32:22.728, 250.23 W, 96 %
2025/12/07 16:32:22.828, 248.88 W, 96 %
2025/12/07 16:32:22.928, 249.04 W, 96 %
2025/12/07 16:32:23.028, 249.73 W, 96 %
2025/12/07 16:32:23.128, 249.93 W, 96 %
2025/12/07 16:32:23.228, 249.79 W, 96 %
2025/12/07 16:32:23.329, 250.37 W, 96 %
2025/12/07 16:32:23.429, 250.53 W, 96 %
2025/12/07 16:32:23.529, 250.07 W, 96 %
2025/12/07 16:32:23.629, 249.78 W, 96 %
2025/12/07 16:32:23.729, 250.01 W, 96 %
2025/12/07 16:32:23.829, 246.28 W, 96 %
2025/12/07 16:32:23.929, 247.25 W, 96 %
2025/12/07 16:32:24.030, 247.26 W, 96 %
2025/12/07 16:32:24.130, 246.74 W, 96 %
2025/12/07 16:32:24.230, 245.77 W, 96 %
2025/12/07 16:32:24.330, 245.96 W, 96 %
2025/12/07 16:32:24.430, 245.36 W, 96 %
2025/12/07 16:32:24.530, 245.78 W, 96 %
2025/12/07 16:32:24.630, 246.02 W, 96 %
2025/12/07 16:32:24.731, 246.45 W, 95 %
2025/12/07 16:32:24.831, 246.56 W, 95 %
2025/12/07 16:32:24.931, 249.12 W, 96 %
2025/12/07 16:32:25.031, 249.25 W, 96 %
2025/12/07 16:32:25.131, 249.21 W, 96 %
2025/12/07 16:32:25.231, 249.10 W, 96 %
2025/12/07 16:32:25.331, 249.55 W, 96 %
2025/12/07 16:32:25.432, 249.81 W, 96 %
2025/12/07 16:32:25.532, 249.88 W, 96 %
2025/12/07 16:32:25.632, 249.85 W, 96 %
2025/12/07 16:32:25.732, 249.50 W, 96 %
2025/12/07 16:32:25.832, 249.43 W, 96 %
2025/12/07 16:32:25.932, 249.35 W, 96 %
2025/12/07 16:32:26.033, 250.10 W, 96 %
2025/12/07 16:32:26.133, 250.17 W, 96 %
2025/12/07 16:32:26.233, 250.39 W, 96 %
2025/12/07 16:32:26.333, 250.37 W, 96 %
2025/12/07 16:32:26.433, 250.05 W, 96 %
2025/12/07 16:32:26.533, 250.13 W, 96 %
2025/12/07 16:32:26.633, 250.04 W, 96 %
2025/12/07 16:32:26.734, 249.45 W, 96 %
2025/12/07 16:32:26.834, 249.86 W, 96 %
2025/12/07 16:32:26.934, 249.50 W, 96 %
2025/12/07 16:32:27.034, 249.51 W, 96 %
2025/12/07 16:32:27.134, 248.81 W, 96 %
2025/12/07 16:32:27.234, 249.02 W, 96 %
2025/12/07 16:32:27.334, 249.35 W, 94 %
2025/12/07 16:32:27.435, 249.59 W, 94 %
2025/12/07 16:32:27.535, 249.71 W, 96 %
2025/12/07 16:32:27.635, 249.43 W, 96 %
2025/12/07 16:32:27.735, 249.47 W, 96 %
2025/12/07 16:32:27.835, 249.57 W, 96 %
2025/12/07 16:32:27.935, 249.54 W, 96 %
2025/12/07 16:32:28.035, 249.49 W, 96 %
2025/12/07 16:32:28.136, 244.79 W, 93 %
2025/12/07 16:32:28.236, 244.34 W, 93 %
2025/12/07 16:32:28.336, 245.07 W, 96 %
2025/12/07 16:32:28.436, 243.81 W, 96 %
2025/12/07 16:32:28.536, 244.45 W, 96 %
2025/12/07 16:32:28.636, 244.72 W, 96 %
2025/12/07 16:32:28.736, 244.75 W, 96 %
2025/12/07 16:32:28.837, 244.35 W, 96 %
2025/12/07 16:32:28.937, 244.64 W, 96 %
2025/12/07 16:32:29.037, 244.86 W, 96 %
2025/12/07 16:32:29.137, 245.00 W, 96 %
2025/12/07 16:32:29.237, 249.23 W, 96 %
2025/12/07 16:32:29.337, 248.95 W, 96 %
2025/12/07 16:32:29.437, 248.89 W, 96 %
2025/12/07 16:32:29.538, 249.15 W, 96 %
2025/12/07 16:32:29.638, 249.47 W, 96 %
2025/12/07 16:32:29.738, 249.48 W, 96 %
2025/12/07 16:32:29.838, 249.57 W, 96 %
2025/12/07 16:32:29.938, 250.02 W, 95 %
2025/12/07 16:32:30.038, 249.66 W, 95 %
2025/12/07 16:32:30.138, 249.74 W, 96 %
2025/12/07 16:32:30.239, 249.90 W, 96 %
2025/12/07 16:32:30.339, 251.00 W, 92 %
2025/12/07 16:32:30.439, 251.02 W, 92 %
2025/12/07 16:32:30.539, 251.14 W, 96 %
2025/12/07 16:32:30.639, 251.06 W, 96 %
2025/12/07 16:32:30.739, 249.91 W, 95 %
2025/12/07 16:32:30.839, 250.38 W, 95 %
2025/12/07 16:32:30.940, 250.28 W, 96 %
2025/12/07 16:32:31.040, 249.74 W, 96 %
2025/12/07 16:32:31.140, 249.80 W, 96 %
2025/12/07 16:32:31.240, 249.12 W, 96 %
2025/12/07 16:32:31.340, 248.78 W, 96 %
2025/12/07 16:32:31.440, 247.40 W, 96 %
2025/12/07 16:32:31.540, 247.75 W, 96 %
2025/12/07 16:32:31.641, 247.53 W, 96 %
2025/12/07 16:32:31.741, 247.95 W, 96 %
2025/12/07 16:32:31.841, 248.74 W, 96 %
2025/12/07 16:32:31.941, 248.51 W, 96 %
2025/12/07 16:32:32.041, 248.51 W, 96 %
2025/12/07 16:32:32.141, 248.42 W, 96 %
2025/12/07 16:32:32.241, 248.04 W, 96 %
2025/12/07 16:32:32.342, 248.66 W, 96 %
