timestamp, power.draw [W], utilization.gpu [%]
2025/12/02 22:40:59.561, 61.56 W, 0 %
2025/12/02 22:40:59.675, 63.03 W, 0 %
2025/12/02 22:40:59.775, 63.03 W, 0 %
2025/12/02 22:40:59.875, 63.31 W, 0 %
2025/12/02 22:40:59.976, 61.56 W, 0 %
2025/12/02 22:41:00.076, 61.56 W, 15 %
2025/12/02 22:41:00.176, 61.56 W, 15 %
2025/12/02 22:41:00.276, 61.56 W, 0 %
2025/12/02 22:41:00.376, 61.24 W, 0 %
2025/12/02 22:41:00.476, 61.56 W, 0 %
2025/12/02 22:41:00.576, 61.56 W, 0 %
2025/12/02 22:41:00.676, 61.24 W, 0 %
2025/12/02 22:41:00.776, 61.56 W, 0 %
2025/12/02 22:41:00.877, 61.24 W, 0 %
2025/12/02 22:41:00.977, 61.56 W, 0 %
2025/12/02 22:41:01.077, 61.24 W, 0 %
2025/12/02 22:41:01.177, 61.24 W, 0 %
2025/12/02 22:41:01.277, 61.24 W, 0 %
2025/12/02 22:41:01.377, 61.84 W, 0 %
2025/12/02 22:41:01.477, 61.84 W, 1 %
2025/12/02 22:41:01.577, 61.24 W, 1 %
2025/12/02 22:41:01.678, 61.24 W, 16 %
2025/12/02 22:41:01.778, 61.24 W, 16 %
2025/12/02 22:41:01.878, 61.24 W, 1 %
2025/12/02 22:41:01.978, 61.24 W, 1 %
2025/12/02 22:41:02.078, 61.24 W, 0 %
2025/12/02 22:41:02.178, 61.24 W, 0 %
2025/12/02 22:41:02.278, 61.24 W, 0 %
2025/12/02 22:41:02.379, 61.24 W, 0 %
2025/12/02 22:41:02.479, 62.11 W, 0 %
2025/12/02 22:41:02.579, 118.19 W, 0 %
2025/12/02 22:41:02.679, 121.07 W, 43 %
2025/12/02 22:41:02.779, 119.07 W, 43 %
2025/12/02 22:41:02.879, 121.40 W, 99 %
2025/12/02 22:41:02.979, 91.32 W, 99 %
2025/12/02 22:41:03.080, 119.61 W, 97 %
2025/12/02 22:41:03.180, 121.07 W, 97 %
2025/12/02 22:41:03.280, 117.27 W, 95 %
2025/12/02 22:41:03.380, 120.80 W, 95 %
2025/12/02 22:41:03.480, 117.60 W, 99 %
2025/12/02 22:41:03.580, 117.60 W, 99 %
2025/12/02 22:41:03.680, 119.33 W, 99 %
2025/12/02 22:41:03.780, 120.80 W, 95 %
2025/12/02 22:41:03.880, 121.40 W, 95 %
2025/12/02 22:41:03.981, 117.87 W, 99 %
2025/12/02 22:41:04.081, 120.53 W, 99 %
2025/12/02 22:41:04.181, 118.74 W, 95 %
2025/12/02 22:41:04.281, 119.33 W, 95 %
2025/12/02 22:41:04.381, 120.80 W, 99 %
2025/12/02 22:41:04.481, 121.07 W, 99 %
2025/12/02 22:41:04.581, 121.07 W, 99 %
2025/12/02 22:41:04.681, 118.74 W, 99 %
2025/12/02 22:41:04.782, 120.21 W, 94 %
2025/12/02 22:41:04.882, 121.67 W, 94 %
2025/12/02 22:41:04.982, 105.05 W, 99 %
2025/12/02 22:41:05.082, 119.33 W, 99 %
2025/12/02 22:41:05.182, 119.33 W, 95 %
2025/12/02 22:41:05.282, 120.80 W, 95 %
2025/12/02 22:41:05.382, 118.19 W, 99 %
2025/12/02 22:41:05.483, 90.72 W, 99 %
2025/12/02 22:41:05.583, 90.72 W, 97 %
2025/12/02 22:41:05.683, 119.07 W, 97 %
2025/12/02 22:41:05.783, 119.07 W, 96 %
2025/12/02 22:41:05.883, 120.80 W, 96 %
2025/12/02 22:41:05.983, 121.07 W, 99 %
2025/12/02 22:41:06.083, 110.27 W, 99 %
2025/12/02 22:41:06.183, 120.80 W, 95 %
2025/12/02 22:41:06.284, 121.40 W, 95 %
2025/12/02 22:41:06.384, 119.61 W, 99 %
2025/12/02 22:41:06.484, 121.07 W, 99 %
2025/12/02 22:41:06.584, 118.19 W, 95 %
2025/12/02 22:41:06.684, 120.80 W, 95 %
2025/12/02 22:41:06.784, 119.07 W, 99 %
2025/12/02 22:41:06.884, 120.21 W, 99 %
2025/12/02 22:41:06.984, 120.53 W, 99 %
2025/12/02 22:41:07.085, 121.07 W, 99 %
2025/12/02 22:41:07.185, 120.80 W, 95 %
2025/12/02 22:41:07.285, 121.40 W, 95 %
2025/12/02 22:41:07.385, 118.19 W, 99 %
2025/12/02 22:41:07.485, 119.61 W, 99 %
2025/12/02 22:41:07.585, 117.87 W, 82 %
2025/12/02 22:41:07.685, 121.94 W, 82 %
2025/12/02 22:41:07.785, 119.93 W, 99 %
2025/12/02 22:41:07.886, 119.93 W, 99 %
2025/12/02 22:41:07.986, 119.93 W, 99 %
2025/12/02 22:41:08.086, 119.93 W, 99 %
2025/12/02 22:41:08.186, 121.07 W, 95 %
2025/12/02 22:41:08.286, 120.21 W, 95 %
2025/12/02 22:41:08.386, 121.40 W, 99 %
2025/12/02 22:41:08.486, 118.19 W, 99 %
2025/12/02 22:41:08.586, 119.61 W, 94 %
2025/12/02 22:41:08.687, 119.07 W, 94 %
2025/12/02 22:41:08.787, 120.53 W, 99 %
2025/12/02 22:41:08.887, 121.94 W, 99 %
2025/12/02 22:41:08.987, 95.39 W, 99 %
2025/12/02 22:41:09.087, 121.07 W, 99 %
2025/12/02 22:41:09.187, 119.93 W, 95 %
2025/12/02 22:41:09.287, 120.53 W, 95 %
2025/12/02 22:41:09.387, 118.74 W, 99 %
2025/12/02 22:41:09.488, 108.80 W, 99 %
2025/12/02 22:41:09.588, 121.07 W, 93 %
2025/12/02 22:41:09.688, 120.53 W, 93 %
2025/12/02 22:41:09.788, 118.19 W, 99 %
2025/12/02 22:41:09.888, 119.93 W, 99 %
2025/12/02 22:41:09.988, 117.00 W, 95 %
2025/12/02 22:41:10.088, 120.80 W, 95 %
2025/12/02 22:41:10.188, 122.27 W, 99 %
2025/12/02 22:41:10.289, 119.93 W, 99 %
2025/12/02 22:41:10.389, 119.93 W, 99 %
2025/12/02 22:41:10.489, 121.07 W, 99 %
2025/12/02 22:41:10.589, 120.80 W, 95 %
2025/12/02 22:41:10.689, 118.74 W, 95 %
2025/12/02 22:41:10.789, 119.61 W, 99 %
2025/12/02 22:41:10.889, 118.74 W, 99 %
2025/12/02 22:41:10.990, 119.93 W, 95 %
2025/12/02 22:41:11.090, 119.93 W, 95 %
2025/12/02 22:41:11.190, 120.21 W, 99 %
2025/12/02 22:41:11.290, 119.33 W, 99 %
2025/12/02 22:41:11.390, 95.99 W, 99 %
2025/12/02 22:41:11.490, 121.67 W, 99 %
2025/12/02 22:41:11.590, 119.61 W, 95 %
2025/12/02 22:41:11.690, 120.53 W, 95 %
2025/12/02 22:41:11.791, 121.94 W, 99 %
2025/12/02 22:41:11.891, 107.94 W, 99 %
2025/12/02 22:41:11.991, 121.07 W, 95 %
2025/12/02 22:41:12.091, 120.53 W, 95 %
2025/12/02 22:41:12.191, 120.21 W, 99 %
2025/12/02 22:41:12.291, 120.80 W, 99 %
2025/12/02 22:41:12.391, 65.37 W, 91 %
2025/12/02 22:41:12.491, 119.93 W, 91 %
2025/12/02 22:41:12.592, 121.94 W, 90 %
2025/12/02 22:41:12.692, 119.33 W, 90 %
2025/12/02 22:41:12.792, 121.94 W, 99 %
2025/12/02 22:41:12.892, 115.86 W, 99 %
2025/12/02 22:41:12.992, 120.21 W, 95 %
2025/12/02 22:41:13.092, 118.19 W, 95 %
2025/12/02 22:41:13.192, 120.53 W, 99 %
2025/12/02 22:41:13.293, 119.93 W, 99 %
2025/12/02 22:41:13.393, 118.19 W, 95 %
2025/12/02 22:41:13.493, 120.53 W, 95 %
2025/12/02 22:41:13.593, 121.67 W, 99 %
2025/12/02 22:41:13.693, 120.53 W, 99 %
2025/12/02 22:41:13.793, 120.80 W, 98 %
2025/12/02 22:41:13.893, 121.67 W, 98 %
2025/12/02 22:41:13.993, 119.61 W, 93 %
2025/12/02 22:41:14.093, 119.93 W, 93 %
2025/12/02 22:41:14.194, 121.94 W, 99 %
2025/12/02 22:41:14.294, 119.33 W, 99 %
2025/12/02 22:41:14.394, 121.67 W, 95 %
2025/12/02 22:41:14.494, 119.61 W, 95 %
2025/12/02 22:41:14.594, 118.74 W, 99 %
2025/12/02 22:41:14.694, 119.61 W, 99 %
2025/12/02 22:41:14.794, 99.19 W, 99 %
2025/12/02 22:41:14.895, 121.07 W, 99 %
2025/12/02 22:41:14.995, 117.87 W, 95 %
2025/12/02 22:41:15.095, 119.07 W, 95 %
2025/12/02 22:41:15.195, 119.07 W, 99 %
2025/12/02 22:41:15.295, 112.06 W, 99 %
2025/12/02 22:41:15.395, 120.21 W, 95 %
2025/12/02 22:41:15.495, 120.80 W, 95 %
2025/12/02 22:41:15.595, 120.80 W, 99 %
2025/12/02 22:41:15.696, 120.53 W, 99 %
2025/12/02 22:41:15.796, 120.21 W, 95 %
2025/12/02 22:41:15.896, 119.33 W, 95 %
2025/12/02 22:41:15.996, 122.27 W, 99 %
2025/12/02 22:41:16.096, 118.19 W, 99 %
2025/12/02 22:41:16.196, 119.07 W, 99 %
2025/12/02 22:41:16.296, 120.53 W, 99 %
2025/12/02 22:41:16.396, 120.80 W, 95 %
2025/12/02 22:41:16.497, 120.53 W, 95 %
2025/12/02 22:41:16.597, 117.87 W, 99 %
2025/12/02 22:41:16.697, 119.93 W, 99 %
2025/12/02 22:41:16.797, 120.80 W, 95 %
2025/12/02 22:41:16.897, 119.07 W, 95 %
2025/12/02 22:41:16.997, 120.53 W, 99 %
2025/12/02 22:41:17.097, 118.19 W, 99 %
2025/12/02 22:41:17.197, 102.40 W, 99 %
2025/12/02 22:41:17.298, 119.93 W, 99 %
2025/12/02 22:41:17.398, 119.93 W, 84 %
2025/12/02 22:41:17.498, 121.94 W, 84 %
2025/12/02 22:41:17.598, 119.61 W, 99 %
2025/12/02 22:41:17.698, 110.60 W, 99 %
2025/12/02 22:41:17.798, 120.21 W, 94 %
2025/12/02 22:41:17.898, 121.40 W, 94 %
2025/12/02 22:41:17.998, 121.40 W, 99 %
2025/12/02 22:41:18.099, 117.87 W, 99 %
2025/12/02 22:41:18.199, 105.92 W, 98 %
2025/12/02 22:41:18.299, 120.80 W, 98 %
2025/12/02 22:41:18.399, 121.94 W, 96 %
2025/12/02 22:41:18.499, 119.61 W, 96 %
2025/12/02 22:41:18.599, 122.27 W, 99 %
2025/12/02 22:41:18.699, 117.60 W, 99 %
2025/12/02 22:41:18.799, 118.46 W, 95 %
2025/12/02 22:41:18.900, 120.21 W, 95 %
2025/12/02 22:41:19.000, 118.74 W, 99 %
2025/12/02 22:41:19.100, 120.80 W, 99 %
2025/12/02 22:41:19.200, 118.19 W, 94 %
2025/12/02 22:41:19.300, 120.53 W, 94 %
2025/12/02 22:41:19.400, 118.19 W, 99 %
2025/12/02 22:41:19.500, 121.07 W, 99 %
2025/12/02 22:41:19.600, 120.53 W, 99 %
2025/12/02 22:41:19.701, 118.74 W, 99 %
2025/12/02 22:41:19.801, 121.07 W, 95 %
2025/12/02 22:41:19.901, 117.87 W, 95 %
2025/12/02 22:41:20.001, 119.61 W, 99 %
2025/12/02 22:41:20.101, 105.05 W, 99 %
2025/12/02 22:41:20.201, 120.53 W, 95 %
2025/12/02 22:41:20.301, 117.87 W, 95 %
2025/12/02 22:41:20.401, 119.07 W, 99 %
2025/12/02 22:41:20.502, 121.07 W, 99 %
2025/12/02 22:41:20.602, 110.27 W, 96 %
2025/12/02 22:41:20.702, 120.53 W, 96 %
2025/12/02 22:41:20.802, 119.93 W, 97 %
2025/12/02 22:41:20.902, 121.07 W, 97 %
2025/12/02 22:41:21.002, 120.21 W, 99 %
2025/12/02 22:41:21.102, 118.19 W, 99 %
2025/12/02 22:41:21.203, 119.07 W, 95 %
2025/12/02 22:41:21.303, 121.67 W, 95 %
2025/12/02 22:41:21.403, 120.21 W, 99 %
2025/12/02 22:41:21.503, 120.53 W, 99 %
2025/12/02 22:41:21.603, 118.74 W, 95 %
2025/12/02 22:41:21.703, 119.61 W, 95 %
2025/12/02 22:41:21.803, 121.07 W, 99 %
2025/12/02 22:41:21.903, 118.19 W, 99 %
2025/12/02 22:41:22.004, 119.33 W, 99 %
2025/12/02 22:41:22.104, 117.87 W, 99 %
2025/12/02 22:41:22.204, 119.33 W, 82 %
2025/12/02 22:41:22.304, 119.93 W, 82 %
2025/12/02 22:41:22.404, 121.40 W, 99 %
2025/12/02 22:41:22.504, 119.61 W, 99 %
2025/12/02 22:41:22.604, 121.40 W, 94 %
2025/12/02 22:41:22.704, 120.80 W, 94 %
2025/12/02 22:41:22.805, 120.80 W, 99 %
2025/12/02 22:41:22.905, 121.67 W, 99 %
2025/12/02 22:41:23.005, 120.21 W, 99 %
2025/12/02 22:41:23.105, 120.80 W, 99 %
2025/12/02 22:41:23.205, 119.07 W, 95 %
2025/12/02 22:41:23.305, 119.93 W, 95 %
2025/12/02 22:41:23.405, 120.80 W, 99 %
2025/12/02 22:41:23.505, 99.19 W, 99 %
2025/12/02 22:41:23.606, 120.80 W, 95 %
2025/12/02 22:41:23.706, 121.07 W, 95 %
2025/12/02 22:41:23.806, 116.73 W, 99 %
2025/12/02 22:41:23.906, 119.33 W, 99 %
2025/12/02 22:41:24.006, 107.39 W, 95 %
2025/12/02 22:41:24.106, 121.67 W, 95 %
2025/12/02 22:41:24.206, 118.74 W, 97 %
2025/12/02 22:41:24.306, 121.07 W, 97 %
2025/12/02 22:41:24.407, 119.93 W, 99 %
2025/12/02 22:41:24.507, 117.87 W, 99 %
2025/12/02 22:41:24.607, 117.27 W, 95 %
2025/12/02 22:41:24.707, 120.21 W, 95 %
2025/12/02 22:41:24.807, 121.07 W, 99 %
2025/12/02 22:41:24.907, 118.46 W, 99 %
2025/12/02 22:41:25.007, 117.27 W, 95 %
2025/12/02 22:41:25.107, 119.33 W, 95 %
2025/12/02 22:41:25.208, 121.40 W, 99 %
2025/12/02 22:41:25.308, 122.54 W, 99 %
2025/12/02 22:41:25.408, 118.46 W, 99 %
2025/12/02 22:41:25.508, 118.74 W, 99 %
2025/12/02 22:41:25.608, 120.53 W, 95 %
2025/12/02 22:41:25.708, 121.40 W, 95 %
2025/12/02 22:41:25.808, 120.21 W, 99 %
2025/12/02 22:41:25.908, 92.78 W, 99 %
2025/12/02 22:41:26.009, 121.40 W, 94 %
2025/12/02 22:41:26.109, 118.46 W, 94 %
2025/12/02 22:41:26.209, 119.61 W, 99 %
2025/12/02 22:41:26.309, 120.53 W, 99 %
2025/12/02 22:41:26.409, 115.26 W, 95 %
2025/12/02 22:41:26.509, 119.33 W, 95 %
2025/12/02 22:41:26.609, 121.67 W, 99 %
2025/12/02 22:41:26.709, 120.21 W, 99 %
2025/12/02 22:41:26.810, 121.07 W, 99 %
2025/12/02 22:41:26.910, 91.60 W, 99 %
2025/12/02 22:41:27.010, 119.61 W, 84 %
2025/12/02 22:41:27.110, 119.07 W, 84 %
2025/12/02 22:41:27.210, 121.40 W, 99 %
2025/12/02 22:41:27.310, 120.21 W, 99 %
2025/12/02 22:41:27.410, 117.00 W, 95 %
2025/12/02 22:41:27.510, 121.40 W, 95 %
2025/12/02 22:41:27.611, 121.67 W, 99 %
2025/12/02 22:41:27.711, 119.93 W, 99 %
2025/12/02 22:41:27.811, 121.67 W, 99 %
2025/12/02 22:41:27.911, 121.40 W, 99 %
2025/12/02 22:41:28.011, 120.53 W, 95 %
2025/12/02 22:41:28.111, 121.94 W, 95 %
2025/12/02 22:41:28.211, 118.74 W, 99 %
2025/12/02 22:41:28.311, 120.80 W, 99 %
2025/12/02 22:41:28.412, 120.21 W, 95 %
2025/12/02 22:41:28.512, 121.67 W, 95 %
2025/12/02 22:41:28.612, 118.74 W, 99 %
2025/12/02 22:41:28.712, 120.53 W, 99 %
2025/12/02 22:41:28.812, 98.33 W, 99 %
2025/12/02 22:41:28.912, 121.67 W, 99 %
2025/12/02 22:41:29.012, 118.46 W, 95 %
2025/12/02 22:41:29.112, 121.40 W, 95 %
2025/12/02 22:41:29.213, 121.67 W, 99 %
2025/12/02 22:41:29.313, 105.92 W, 99 %
2025/12/02 22:41:29.413, 120.80 W, 95 %
2025/12/02 22:41:29.513, 119.93 W, 95 %
2025/12/02 22:41:29.613, 119.33 W, 99 %
2025/12/02 22:41:29.713, 119.93 W, 99 %
2025/12/02 22:41:29.813, 117.60 W, 95 %
2025/12/02 22:41:29.914, 118.74 W, 95 %
2025/12/02 22:41:30.014, 120.53 W, 99 %
2025/12/02 22:41:30.114, 121.40 W, 99 %
2025/12/02 22:41:30.214, 119.93 W, 99 %
2025/12/02 22:41:30.314, 120.53 W, 99 %
2025/12/02 22:41:30.414, 119.07 W, 95 %
2025/12/02 22:41:30.514, 121.07 W, 95 %
2025/12/02 22:41:30.614, 118.19 W, 99 %
2025/12/02 22:41:30.715, 120.53 W, 99 %
2025/12/02 22:41:30.815, 122.27 W, 95 %
2025/12/02 22:41:30.915, 119.33 W, 95 %
2025/12/02 22:41:31.015, 120.53 W, 99 %
2025/12/02 22:41:31.115, 120.80 W, 99 %
2025/12/02 22:41:31.215, 96.58 W, 99 %
2025/12/02 22:41:31.315, 120.21 W, 99 %
2025/12/02 22:41:31.415, 119.93 W, 95 %
2025/12/02 22:41:31.516, 120.21 W, 95 %
2025/12/02 22:41:31.616, 119.33 W, 99 %
2025/12/02 22:41:31.716, 75.85 W, 99 %
2025/12/02 22:41:31.816, 120.80 W, 84 %
2025/12/02 22:41:31.916, 118.46 W, 84 %
2025/12/02 22:41:32.016, 121.40 W, 99 %
2025/12/02 22:41:32.116, 117.60 W, 99 %
2025/12/02 22:41:32.216, 92.46 W, 99 %
2025/12/02 22:41:32.317, 117.87 W, 99 %
2025/12/02 22:41:32.417, 118.74 W, 95 %
2025/12/02 22:41:32.517, 121.94 W, 95 %
2025/12/02 22:41:32.617, 119.61 W, 99 %
2025/12/02 22:41:32.717, 112.33 W, 99 %
2025/12/02 22:41:32.817, 120.53 W, 94 %
2025/12/02 22:41:32.917, 122.27 W, 94 %
2025/12/02 22:41:33.017, 117.87 W, 99 %
2025/12/02 22:41:33.118, 119.33 W, 99 %
2025/12/02 22:41:33.218, 118.74 W, 95 %
2025/12/02 22:41:33.318, 120.80 W, 95 %
2025/12/02 22:41:33.418, 120.53 W, 99 %
2025/12/02 22:41:33.518, 117.87 W, 99 %
2025/12/02 22:41:33.618, 119.07 W, 99 %
2025/12/02 22:41:33.718, 120.80 W, 99 %
2025/12/02 22:41:33.818, 121.67 W, 95 %
2025/12/02 22:41:33.919, 118.74 W, 95 %
2025/12/02 22:41:34.019, 121.40 W, 99 %
2025/12/02 22:41:34.119, 101.26 W, 99 %
2025/12/02 22:41:34.219, 117.87 W, 95 %
2025/12/02 22:41:34.319, 121.40 W, 95 %
2025/12/02 22:41:34.419, 118.74 W, 99 %
2025/12/02 22:41:34.519, 119.33 W, 99 %
2025/12/02 22:41:34.619, 104.73 W, 99 %
2025/12/02 22:41:34.720, 120.53 W, 99 %
2025/12/02 22:41:34.820, 121.67 W, 95 %
2025/12/02 22:41:34.920, 118.46 W, 95 %
2025/12/02 22:41:35.020, 121.40 W, 99 %
2025/12/02 22:41:35.120, 115.86 W, 99 %
2025/12/02 22:41:35.220, 122.27 W, 93 %
2025/12/02 22:41:35.320, 119.33 W, 93 %
2025/12/02 22:41:35.421, 117.87 W, 99 %
2025/12/02 22:41:35.521, 119.33 W, 99 %
2025/12/02 22:41:35.621, 119.93 W, 95 %
2025/12/02 22:41:35.721, 121.40 W, 95 %
2025/12/02 22:41:35.821, 119.93 W, 99 %
2025/12/02 22:41:35.921, 118.19 W, 99 %
2025/12/02 22:41:36.021, 121.40 W, 99 %
2025/12/02 22:41:36.121, 120.21 W, 99 %
2025/12/02 22:41:36.222, 121.94 W, 95 %
2025/12/02 22:41:36.322, 120.21 W, 95 %
2025/12/02 22:41:36.422, 120.21 W, 99 %
2025/12/02 22:41:36.522, 117.27 W, 99 %
2025/12/02 22:41:36.622, 119.61 W, 82 %
2025/12/02 22:41:36.722, 120.80 W, 82 %
2025/12/02 22:41:36.822, 121.40 W, 99 %
2025/12/02 22:41:36.922, 118.74 W, 99 %
2025/12/02 22:41:37.023, 122.27 W, 99 %
2025/12/02 22:41:37.123, 120.21 W, 99 %
2025/12/02 22:41:37.223, 120.21 W, 95 %
2025/12/02 22:41:37.323, 119.07 W, 95 %
2025/12/02 22:41:37.423, 120.21 W, 99 %
2025/12/02 22:41:37.523, 121.94 W, 99 %
2025/12/02 22:41:37.623, 102.40 W, 96 %
2025/12/02 22:41:37.723, 119.33 W, 96 %
2025/12/02 22:41:37.824, 119.33 W, 99 %
2025/12/02 22:41:37.924, 120.80 W, 99 %
2025/12/02 22:41:38.024, 118.46 W, 96 %
2025/12/02 22:41:38.124, 105.92 W, 96 %
2025/12/02 22:41:38.224, 121.94 W, 97 %
2025/12/02 22:41:38.324, 118.74 W, 97 %
2025/12/02 22:41:38.424, 119.61 W, 99 %
2025/12/02 22:41:38.524, 119.33 W, 99 %
2025/12/02 22:41:38.625, 117.87 W, 95 %
2025/12/02 22:41:38.725, 120.80 W, 95 %
2025/12/02 22:41:38.825, 119.61 W, 99 %
2025/12/02 22:41:38.925, 120.53 W, 99 %
2025/12/02 22:41:39.025, 121.94 W, 95 %
2025/12/02 22:41:39.125, 119.93 W, 95 %
2025/12/02 22:41:39.225, 119.33 W, 99 %
2025/12/02 22:41:39.325, 121.67 W, 99 %
2025/12/02 22:41:39.426, 120.21 W, 99 %
2025/12/02 22:41:39.526, 119.33 W, 99 %
2025/12/02 22:41:39.626, 120.80 W, 95 %
2025/12/02 22:41:39.726, 118.19 W, 95 %
2025/12/02 22:41:39.826, 120.53 W, 99 %
2025/12/02 22:41:39.926, 119.61 W, 99 %
2025/12/02 22:41:40.026, 107.07 W, 95 %
2025/12/02 22:41:40.127, 120.21 W, 95 %
2025/12/02 22:41:40.227, 120.53 W, 99 %
2025/12/02 22:41:40.327, 121.07 W, 99 %
2025/12/02 22:41:40.427, 121.40 W, 98 %
2025/12/02 22:41:40.527, 107.07 W, 98 %
2025/12/02 22:41:40.627, 118.46 W, 96 %
2025/12/02 22:41:40.727, 121.07 W, 96 %
2025/12/02 22:41:40.827, 121.94 W, 99 %
2025/12/02 22:41:40.928, 119.93 W, 99 %
2025/12/02 22:41:41.028, 115.86 W, 95 %
2025/12/02 22:41:41.128, 119.07 W, 95 %
2025/12/02 22:41:41.228, 121.07 W, 99 %
2025/12/02 22:41:41.328, 121.67 W, 99 %
2025/12/02 22:41:41.428, 118.19 W, 84 %
2025/12/02 22:41:41.528, 112.33 W, 84 %
2025/12/02 22:41:41.629, 120.21 W, 99 %
2025/12/02 22:41:41.729, 120.21 W, 99 %
2025/12/02 22:41:41.829, 120.21 W, 99 %
2025/12/02 22:41:41.929, 118.19 W, 99 %
2025/12/02 22:41:42.029, 120.21 W, 95 %
2025/12/02 22:41:42.129, 121.94 W, 95 %
2025/12/02 22:41:42.229, 118.19 W, 99 %
2025/12/02 22:41:42.329, 120.80 W, 99 %
2025/12/02 22:41:42.430, 117.60 W, 95 %
2025/12/02 22:41:42.530, 119.33 W, 95 %
2025/12/02 22:41:42.630, 120.53 W, 99 %
2025/12/02 22:41:42.730, 121.94 W, 99 %
2025/12/02 22:41:42.830, 120.21 W, 99 %
2025/12/02 22:41:42.930, 99.46 W, 99 %
2025/12/02 22:41:43.030, 119.61 W, 95 %
2025/12/02 22:41:43.130, 121.40 W, 95 %
2025/12/02 22:41:43.231, 119.07 W, 99 %
2025/12/02 22:41:43.331, 121.40 W, 99 %
2025/12/02 22:41:43.431, 114.67 W, 95 %
2025/12/02 22:41:43.531, 119.93 W, 95 %
2025/12/02 22:41:43.631, 119.07 W, 99 %
2025/12/02 22:41:43.731, 121.94 W, 99 %
2025/12/02 22:41:43.831, 119.07 W, 94 %
2025/12/02 22:41:43.932, 118.19 W, 94 %
2025/12/02 22:41:44.032, 121.07 W, 99 %
2025/12/02 22:41:44.132, 120.53 W, 99 %
2025/12/02 22:41:44.232, 120.80 W, 99 %
2025/12/02 22:41:44.332, 118.74 W, 99 %
2025/12/02 22:41:44.432, 120.21 W, 95 %
2025/12/02 22:41:44.532, 120.53 W, 95 %
2025/12/02 22:41:44.632, 121.67 W, 95 %
2025/12/02 22:41:44.732, 119.61 W, 95 %
2025/12/02 22:41:44.833, 119.61 W, 99 %
2025/12/02 22:41:44.933, 119.61 W, 99 %
2025/12/02 22:41:45.033, 121.40 W, 95 %
2025/12/02 22:41:45.133, 119.93 W, 95 %
2025/12/02 22:41:45.233, 117.60 W, 99 %
2025/12/02 22:41:45.333, 92.46 W, 99 %
2025/12/02 22:41:45.433, 120.53 W, 99 %
2025/12/02 22:41:45.534, 121.94 W, 99 %
2025/12/02 22:41:45.634, 120.80 W, 95 %
2025/12/02 22:41:45.734, 121.94 W, 95 %
2025/12/02 22:41:45.834, 115.26 W, 99 %
2025/12/02 22:41:45.934, 119.33 W, 99 %
2025/12/02 22:41:46.034, 121.07 W, 96 %
2025/12/02 22:41:46.134, 120.80 W, 96 %
2025/12/02 22:41:46.234, 118.74 W, 99 %
2025/12/02 22:41:46.335, 107.94 W, 99 %
2025/12/02 22:41:46.435, 118.19 W, 86 %
2025/12/02 22:41:46.535, 119.07 W, 86 %
2025/12/02 22:41:46.635, 118.19 W, 96 %
2025/12/02 22:41:46.735, 119.93 W, 96 %
2025/12/02 22:41:46.835, 119.93 W, 99 %
2025/12/02 22:41:46.935, 119.93 W, 99 %
2025/12/02 22:41:47.035, 121.67 W, 95 %
2025/12/02 22:41:47.136, 119.61 W, 95 %
2025/12/02 22:41:47.236, 120.80 W, 99 %
2025/12/02 22:41:47.336, 119.93 W, 99 %
2025/12/02 22:41:47.436, 119.93 W, 94 %
2025/12/02 22:41:47.536, 121.07 W, 94 %
2025/12/02 22:41:47.636, 119.07 W, 99 %
2025/12/02 22:41:47.736, 119.61 W, 99 %
2025/12/02 22:41:47.836, 119.93 W, 99 %
2025/12/02 22:41:47.937, 121.07 W, 99 %
2025/12/02 22:41:48.037, 120.80 W, 95 %
2025/12/02 22:41:48.137, 120.21 W, 95 %
2025/12/02 22:41:48.237, 98.60 W, 99 %
2025/12/02 22:41:48.337, 118.46 W, 99 %
2025/12/02 22:41:48.437, 120.80 W, 95 %
2025/12/02 22:41:48.537, 121.40 W, 95 %
2025/12/02 22:41:48.637, 118.46 W, 99 %
2025/12/02 22:41:48.738, 118.46 W, 99 %
2025/12/02 22:41:48.838, 121.94 W, 96 %
2025/12/02 22:41:48.938, 119.07 W, 96 %
2025/12/02 22:41:49.038, 121.40 W, 99 %
2025/12/02 22:41:49.138, 121.67 W, 99 %
2025/12/02 22:41:49.238, 121.40 W, 99 %
2025/12/02 22:41:49.338, 118.74 W, 99 %
2025/12/02 22:41:49.438, 121.94 W, 95 %
2025/12/02 22:41:49.539, 120.80 W, 95 %
2025/12/02 22:41:49.639, 118.19 W, 99 %
2025/12/02 22:41:49.739, 118.19 W, 99 %
2025/12/02 22:41:49.839, 120.80 W, 95 %
2025/12/02 22:41:49.939, 120.80 W, 95 %
2025/12/02 22:41:50.039, 120.80 W, 99 %
2025/12/02 22:41:50.139, 104.14 W, 99 %
2025/12/02 22:41:50.239, 121.94 W, 99 %
2025/12/02 22:41:50.340, 119.33 W, 99 %
2025/12/02 22:41:50.440, 121.40 W, 95 %
2025/12/02 22:41:50.540, 119.61 W, 95 %
2025/12/02 22:41:50.640, 97.73 W, 99 %
2025/12/02 22:41:50.740, 119.07 W, 99 %
2025/12/02 22:41:50.840, 120.80 W, 95 %
2025/12/02 22:41:50.940, 121.94 W, 95 %
2025/12/02 22:41:51.040, 118.46 W, 99 %
2025/12/02 22:41:51.141, 66.24 W, 99 %
2025/12/02 22:41:51.241, 117.27 W, 95 %
2025/12/02 22:41:51.341, 118.19 W, 95 %
2025/12/02 22:41:51.441, 120.80 W, 88 %
2025/12/02 22:41:51.541, 120.53 W, 88 %
2025/12/02 22:41:51.641, 109.73 W, 99 %
2025/12/02 22:41:51.741, 119.61 W, 99 %
2025/12/02 22:41:51.841, 119.07 W, 95 %
2025/12/02 22:41:51.942, 121.07 W, 95 %
2025/12/02 22:41:52.042, 119.61 W, 99 %
2025/12/02 22:41:52.142, 118.19 W, 99 %
2025/12/02 22:41:52.242, 120.80 W, 96 %
2025/12/02 22:41:52.342, 118.19 W, 96 %
2025/12/02 22:41:52.442, 120.21 W, 99 %
2025/12/02 22:41:52.542, 121.07 W, 99 %
2025/12/02 22:41:52.643, 119.93 W, 99 %
2025/12/02 22:41:52.743, 117.87 W, 99 %
2025/12/02 22:41:52.843, 120.80 W, 95 %
2025/12/02 22:41:52.943, 119.33 W, 95 %
2025/12/02 22:41:53.043, 120.53 W, 99 %
2025/12/02 22:41:53.143, 121.94 W, 99 %
2025/12/02 22:41:53.243, 119.93 W, 95 %
2025/12/02 22:41:53.343, 119.33 W, 95 %
2025/12/02 22:41:53.444, 120.53 W, 99 %
2025/12/02 22:41:53.544, 100.06 W, 99 %
2025/12/02 22:41:53.644, 120.80 W, 99 %
2025/12/02 22:41:53.744, 117.27 W, 99 %
2025/12/02 22:41:53.844, 119.93 W, 95 %
2025/12/02 22:41:53.944, 121.07 W, 95 %
2025/12/02 22:41:54.044, 115.86 W, 99 %
2025/12/02 22:41:54.145, 119.61 W, 99 %
2025/12/02 22:41:54.245, 121.40 W, 95 %
2025/12/02 22:41:54.345, 118.46 W, 95 %
2025/12/02 22:41:54.445, 120.21 W, 99 %
2025/12/02 22:41:54.545, 120.53 W, 99 %
2025/12/02 22:41:54.645, 120.53 W, 94 %
2025/12/02 22:41:54.745, 118.19 W, 94 %
2025/12/02 22:41:54.845, 120.53 W, 99 %
2025/12/02 22:41:54.946, 118.46 W, 99 %
2025/12/02 22:41:55.046, 121.94 W, 99 %
2025/12/02 22:41:55.146, 119.07 W, 99 %
2025/12/02 22:41:55.246, 120.80 W, 95 %
2025/12/02 22:41:55.346, 118.74 W, 95 %
2025/12/02 22:41:55.446, 119.93 W, 99 %
2025/12/02 22:41:55.546, 121.40 W, 99 %
2025/12/02 22:41:55.646, 119.33 W, 95 %
2025/12/02 22:41:55.747, 119.33 W, 95 %
2025/12/02 22:41:55.847, 119.93 W, 95 %
2025/12/02 22:41:55.947, 92.19 W, 99 %
2025/12/02 22:41:56.047, 119.61 W, 99 %
2025/12/02 22:41:56.147, 118.74 W, 99 %
2025/12/02 22:41:56.247, 120.53 W, 99 %
2025/12/02 22:41:56.347, 121.40 W, 82 %
2025/12/02 22:41:56.447, 103.59 W, 82 %
2025/12/02 22:41:56.548, 121.94 W, 99 %
2025/12/02 22:41:56.648, 118.46 W, 95 %
2025/12/02 22:41:56.748, 118.46 W, 95 %
2025/12/02 22:41:56.848, 121.67 W, 95 %
2025/12/02 22:41:56.948, 119.93 W, 99 %
2025/12/02 22:41:57.048, 100.39 W, 99 %
2025/12/02 22:41:57.148, 119.93 W, 99 %
2025/12/02 22:41:57.248, 120.80 W, 99 %
2025/12/02 22:41:57.349, 121.40 W, 95 %
2025/12/02 22:41:57.449, 117.60 W, 95 %
2025/12/02 22:41:57.549, 115.53 W, 99 %
2025/12/02 22:41:57.649, 121.40 W, 99 %
2025/12/02 22:41:57.749, 121.40 W, 95 %
2025/12/02 22:41:57.849, 118.46 W, 95 %
2025/12/02 22:41:57.949, 120.21 W, 99 %
2025/12/02 22:41:58.050, 117.60 W, 99 %
2025/12/02 22:41:58.150, 119.33 W, 95 %
2025/12/02 22:41:58.250, 120.21 W, 95 %
2025/12/02 22:41:58.350, 121.67 W, 99 %
2025/12/02 22:41:58.450, 119.61 W, 99 %
2025/12/02 22:41:58.550, 121.40 W, 99 %
2025/12/02 22:41:58.650, 119.07 W, 99 %
2025/12/02 22:41:58.750, 119.93 W, 94 %
2025/12/02 22:41:58.851, 121.94 W, 94 %
2025/12/02 22:41:58.951, 97.13 W, 99 %
2025/12/02 22:41:59.051, 119.61 W, 99 %
2025/12/02 22:41:59.151, 119.93 W, 95 %
2025/12/02 22:41:59.251, 119.61 W, 95 %
2025/12/02 22:41:59.351, 119.93 W, 99 %
2025/12/02 22:41:59.451, 112.06 W, 99 %
2025/12/02 22:41:59.551, 121.40 W, 98 %
2025/12/02 22:41:59.652, 119.61 W, 98 %
2025/12/02 22:41:59.752, 121.94 W, 96 %
2025/12/02 22:41:59.852, 119.61 W, 96 %
2025/12/02 22:41:59.952, 118.19 W, 99 %
2025/12/02 22:42:00.052, 120.53 W, 99 %
2025/12/02 22:42:00.152, 120.21 W, 95 %
2025/12/02 22:42:00.252, 118.19 W, 95 %
2025/12/02 22:42:00.352, 118.19 W, 99 %
2025/12/02 22:42:00.453, 120.21 W, 99 %
2025/12/02 22:42:00.553, 119.33 W, 95 %
2025/12/02 22:42:00.653, 120.21 W, 95 %
2025/12/02 22:42:00.753, 119.07 W, 99 %
2025/12/02 22:42:00.853, 120.21 W, 99 %
2025/12/02 22:42:00.953, 120.21 W, 99 %
2025/12/02 22:42:01.053, 119.07 W, 99 %
2025/12/02 22:42:01.153, 120.53 W, 84 %
2025/12/02 22:42:01.254, 119.33 W, 84 %
2025/12/02 22:42:01.354, 119.61 W, 99 %
2025/12/02 22:42:01.454, 121.40 W, 99 %
2025/12/02 22:42:01.554, 120.21 W, 96 %
2025/12/02 22:42:01.654, 118.74 W, 96 %
2025/12/02 22:42:01.754, 119.93 W, 99 %
2025/12/02 22:42:01.854, 121.07 W, 99 %
2025/12/02 22:42:01.954, 96.26 W, 99 %
2025/12/02 22:42:02.055, 119.61 W, 99 %
2025/12/02 22:42:02.155, 119.61 W, 95 %
2025/12/02 22:42:02.255, 120.53 W, 95 %
2025/12/02 22:42:02.355, 119.93 W, 99 %
2025/12/02 22:42:02.455, 100.93 W, 99 %
2025/12/02 22:42:02.555, 120.80 W, 93 %
2025/12/02 22:42:02.655, 121.94 W, 93 %
2025/12/02 22:42:02.755, 120.21 W, 99 %
2025/12/02 22:42:02.856, 119.61 W, 99 %
2025/12/02 22:42:02.956, 118.46 W, 95 %
2025/12/02 22:42:03.056, 121.67 W, 95 %
2025/12/02 22:42:03.156, 120.80 W, 99 %
2025/12/02 22:42:03.256, 120.21 W, 99 %
2025/12/02 22:42:03.356, 121.07 W, 99 %
2025/12/02 22:42:03.456, 121.67 W, 99 %
2025/12/02 22:42:03.557, 119.93 W, 95 %
2025/12/02 22:42:03.657, 120.21 W, 95 %
2025/12/02 22:42:03.757, 121.94 W, 99 %
2025/12/02 22:42:03.857, 117.60 W, 99 %
2025/12/02 22:42:03.957, 118.19 W, 95 %
2025/12/02 22:42:04.057, 120.53 W, 95 %
2025/12/02 22:42:04.157, 121.67 W, 99 %
2025/12/02 22:42:04.257, 119.93 W, 99 %
2025/12/02 22:42:04.358, 94.80 W, 99 %
2025/12/02 22:42:04.458, 121.07 W, 99 %
2025/12/02 22:42:04.558, 119.33 W, 95 %
2025/12/02 22:42:04.658, 121.07 W, 95 %
2025/12/02 22:42:04.758, 121.67 W, 99 %
2025/12/02 22:42:04.858, 115.53 W, 99 %
2025/12/02 22:42:04.958, 119.07 W, 95 %
2025/12/02 22:42:05.058, 120.80 W, 95 %
2025/12/02 22:42:05.159, 118.74 W, 99 %
2025/12/02 22:42:05.259, 121.67 W, 99 %
2025/12/02 22:42:05.359, 119.93 W, 95 %
2025/12/02 22:42:05.459, 118.19 W, 95 %
2025/12/02 22:42:05.559, 121.67 W, 99 %
2025/12/02 22:42:05.659, 120.80 W, 99 %
2025/12/02 22:42:05.759, 119.33 W, 99 %
2025/12/02 22:42:05.859, 118.74 W, 99 %
2025/12/02 22:42:05.960, 118.46 W, 84 %
2025/12/02 22:42:06.060, 119.33 W, 84 %
2025/12/02 22:42:06.160, 117.87 W, 99 %
2025/12/02 22:42:06.260, 119.07 W, 99 %
2025/12/02 22:42:06.360, 121.40 W, 96 %
2025/12/02 22:42:06.460, 120.80 W, 96 %
2025/12/02 22:42:06.560, 121.40 W, 99 %
2025/12/02 22:42:06.660, 120.53 W, 99 %
2025/12/02 22:42:06.761, 103.86 W, 99 %
2025/12/02 22:42:06.861, 119.61 W, 99 %
2025/12/02 22:42:06.961, 122.27 W, 95 %
2025/12/02 22:42:07.061, 119.93 W, 95 %
2025/12/02 22:42:07.161, 122.27 W, 99 %
2025/12/02 22:42:07.261, 105.92 W, 99 %
2025/12/02 22:42:07.361, 118.19 W, 95 %
2025/12/02 22:42:07.461, 121.40 W, 95 %
2025/12/02 22:42:07.562, 118.46 W, 99 %
2025/12/02 22:42:07.662, 119.93 W, 99 %
2025/12/02 22:42:07.762, 117.00 W, 96 %
2025/12/02 22:42:07.862, 120.53 W, 96 %
2025/12/02 22:42:07.962, 117.87 W, 99 %
2025/12/02 22:42:08.062, 119.61 W, 99 %
2025/12/02 22:42:08.162, 121.07 W, 99 %
2025/12/02 22:42:08.262, 121.07 W, 99 %
2025/12/02 22:42:08.363, 119.61 W, 95 %
2025/12/02 22:42:08.463, 120.80 W, 95 %
2025/12/02 22:42:08.563, 119.61 W, 99 %
2025/12/02 22:42:08.663, 121.67 W, 99 %
2025/12/02 22:42:08.763, 117.60 W, 95 %
2025/12/02 22:42:08.863, 120.80 W, 95 %
2025/12/02 22:42:08.963, 119.33 W, 99 %
2025/12/02 22:42:09.063, 120.21 W, 99 %
2025/12/02 22:42:09.164, 92.46 W, 99 %
2025/12/02 22:42:09.264, 120.80 W, 99 %
2025/12/02 22:42:09.364, 119.93 W, 95 %
2025/12/02 22:42:09.464, 121.07 W, 95 %
2025/12/02 22:42:09.564, 120.53 W, 99 %
2025/12/02 22:42:09.664, 112.60 W, 99 %
2025/12/02 22:42:09.764, 119.07 W, 95 %
2025/12/02 22:42:09.865, 121.67 W, 95 %
2025/12/02 22:42:09.965, 119.33 W, 99 %
2025/12/02 22:42:10.065, 117.27 W, 99 %
2025/12/02 22:42:10.165, 117.87 W, 95 %
2025/12/02 22:42:10.265, 119.93 W, 95 %
2025/12/02 22:42:10.365, 121.40 W, 99 %
2025/12/02 22:42:10.465, 119.33 W, 99 %
2025/12/02 22:42:10.565, 119.07 W, 99 %
2025/12/02 22:42:10.666, 110.60 W, 99 %
2025/12/02 22:42:10.766, 118.74 W, 79 %
2025/12/02 22:42:10.866, 117.60 W, 79 %
2025/12/02 22:42:10.966, 119.07 W, 99 %
2025/12/02 22:42:11.066, 121.07 W, 99 %
2025/12/02 22:42:11.166, 120.80 W, 95 %
2025/12/02 22:42:11.266, 118.46 W, 95 %
2025/12/02 22:42:11.366, 119.93 W, 99 %
2025/12/02 22:42:11.467, 119.07 W, 99 %
2025/12/02 22:42:11.567, 119.93 W, 99 %
2025/12/02 22:42:11.667, 121.40 W, 99 %
2025/12/02 22:42:11.767, 119.93 W, 95 %
2025/12/02 22:42:11.867, 118.46 W, 95 %
2025/12/02 22:42:11.967, 120.21 W, 99 %
2025/12/02 22:42:12.067, 114.07 W, 99 %
2025/12/02 22:42:12.168, 120.53 W, 95 %
2025/12/02 22:42:12.268, 119.93 W, 95 %
2025/12/02 22:42:12.368, 121.07 W, 99 %
2025/12/02 22:42:12.468, 118.19 W, 99 %
2025/12/02 22:42:12.568, 107.07 W, 99 %
2025/12/02 22:42:12.668, 121.40 W, 99 %
2025/12/02 22:42:12.768, 121.67 W, 95 %
2025/12/02 22:42:12.868, 118.74 W, 95 %
2025/12/02 22:42:12.969, 120.21 W, 99 %
2025/12/02 22:42:13.069, 119.33 W, 99 %
2025/12/02 22:42:13.169, 120.53 W, 95 %
2025/12/02 22:42:13.269, 120.80 W, 95 %
2025/12/02 22:42:13.369, 118.19 W, 99 %
2025/12/02 22:42:13.469, 120.21 W, 99 %
2025/12/02 22:42:13.569, 120.53 W, 95 %
2025/12/02 22:42:13.669, 117.87 W, 95 %
2025/12/02 22:42:13.770, 119.07 W, 99 %
2025/12/02 22:42:13.870, 118.46 W, 99 %
2025/12/02 22:42:13.970, 120.53 W, 99 %
2025/12/02 22:42:14.070, 121.67 W, 99 %
2025/12/02 22:42:14.170, 119.61 W, 95 %
2025/12/02 22:42:14.270, 119.93 W, 95 %
2025/12/02 22:42:14.370, 120.21 W, 99 %
2025/12/02 22:42:14.471, 99.19 W, 99 %
2025/12/02 22:42:14.571, 117.60 W, 95 %
2025/12/02 22:42:14.671, 119.61 W, 95 %
2025/12/02 22:42:14.771, 119.61 W, 99 %
2025/12/02 22:42:14.871, 118.74 W, 99 %
2025/12/02 22:42:14.971, 114.67 W, 97 %
2025/12/02 22:42:15.071, 121.94 W, 97 %
2025/12/02 22:42:15.171, 118.74 W, 97 %
2025/12/02 22:42:15.272, 119.33 W, 97 %
2025/12/02 22:42:15.372, 118.74 W, 99 %
2025/12/02 22:42:15.472, 98.33 W, 99 %
2025/12/02 22:42:15.572, 121.40 W, 84 %
2025/12/02 22:42:15.672, 118.74 W, 84 %
2025/12/02 22:42:15.772, 119.93 W, 99 %
2025/12/02 22:42:15.872, 121.67 W, 99 %
2025/12/02 22:42:15.972, 119.93 W, 95 %
2025/12/02 22:42:16.073, 118.74 W, 95 %
2025/12/02 22:42:16.173, 122.27 W, 99 %
2025/12/02 22:42:16.273, 119.33 W, 99 %
2025/12/02 22:42:16.373, 120.53 W, 99 %
2025/12/02 22:42:16.473, 119.93 W, 99 %
2025/12/02 22:42:16.573, 119.33 W, 96 %
2025/12/02 22:42:16.673, 121.40 W, 96 %
2025/12/02 22:42:16.773, 119.07 W, 99 %
2025/12/02 22:42:16.873, 119.61 W, 99 %
2025/12/02 22:42:16.974, 120.80 W, 95 %
2025/12/02 22:42:17.074, 118.19 W, 95 %
2025/12/02 22:42:17.174, 120.80 W, 99 %
2025/12/02 22:42:17.274, 121.67 W, 99 %
2025/12/02 22:42:17.374, 95.99 W, 99 %
2025/12/02 22:42:17.474, 120.80 W, 99 %
2025/12/02 22:42:17.574, 118.46 W, 94 %
2025/12/02 22:42:17.675, 120.80 W, 94 %
2025/12/02 22:42:17.775, 118.74 W, 99 %
2025/12/02 22:42:17.875, 114.94 W, 99 %
2025/12/02 22:42:17.975, 121.94 W, 95 %
2025/12/02 22:42:18.075, 120.80 W, 95 %
2025/12/02 22:42:18.175, 119.93 W, 99 %
2025/12/02 22:42:18.275, 119.33 W, 99 %
2025/12/02 22:42:18.375, 119.61 W, 95 %
2025/12/02 22:42:18.476, 122.27 W, 95 %
2025/12/02 22:42:18.576, 119.33 W, 99 %
2025/12/02 22:42:18.676, 120.80 W, 99 %
2025/12/02 22:42:18.776, 120.21 W, 99 %
2025/12/02 22:42:18.876, 117.87 W, 99 %
2025/12/02 22:42:18.976, 119.61 W, 95 %
2025/12/02 22:42:19.076, 120.80 W, 95 %
2025/12/02 22:42:19.176, 121.40 W, 99 %
2025/12/02 22:42:19.277, 98.05 W, 99 %
2025/12/02 22:42:19.377, 119.93 W, 96 %
2025/12/02 22:42:19.477, 120.53 W, 96 %
2025/12/02 22:42:19.577, 119.61 W, 99 %
2025/12/02 22:42:19.677, 119.61 W, 99 %
2025/12/02 22:42:19.777, 110.87 W, 98 %
2025/12/02 22:42:19.877, 120.21 W, 98 %
2025/12/02 22:42:19.977, 121.07 W, 96 %
2025/12/02 22:42:20.078, 121.40 W, 96 %
2025/12/02 22:42:20.178, 121.07 W, 99 %
2025/12/02 22:42:20.278, 93.92 W, 99 %
2025/12/02 22:42:20.378, 119.07 W, 84 %
2025/12/02 22:42:20.478, 120.53 W, 84 %
2025/12/02 22:42:20.578, 117.60 W, 99 %
2025/12/02 22:42:20.678, 120.80 W, 99 %
2025/12/02 22:42:20.779, 119.33 W, 95 %
2025/12/02 22:42:20.879, 120.53 W, 95 %
2025/12/02 22:42:20.979, 117.60 W, 99 %
2025/12/02 22:42:21.079, 120.53 W, 99 %
2025/12/02 22:42:21.179, 120.21 W, 99 %
2025/12/02 22:42:21.279, 119.93 W, 99 %
2025/12/02 22:42:21.379, 118.19 W, 95 %
2025/12/02 22:42:21.479, 119.61 W, 95 %
2025/12/02 22:42:21.579, 120.21 W, 99 %
2025/12/02 22:42:21.680, 119.33 W, 99 %
2025/12/02 22:42:21.780, 120.21 W, 95 %
2025/12/02 22:42:21.880, 119.93 W, 95 %
2025/12/02 22:42:21.980, 119.93 W, 99 %
2025/12/02 22:42:22.080, 118.19 W, 99 %
2025/12/02 22:42:22.180, 94.26 W, 99 %
2025/12/02 22:42:22.280, 120.21 W, 99 %
2025/12/02 22:42:22.381, 121.67 W, 95 %
2025/12/02 22:42:22.481, 120.21 W, 95 %
2025/12/02 22:42:22.581, 119.33 W, 99 %
2025/12/02 22:42:22.681, 112.60 W, 99 %
2025/12/02 22:42:22.781, 120.80 W, 93 %
2025/12/02 22:42:22.881, 118.46 W, 93 %
2025/12/02 22:42:22.981, 120.53 W, 99 %
2025/12/02 22:42:23.081, 121.40 W, 99 %
2025/12/02 22:42:23.182, 118.19 W, 95 %
2025/12/02 22:42:23.282, 119.93 W, 95 %
2025/12/02 22:42:23.382, 121.67 W, 99 %
2025/12/02 22:42:23.482, 119.93 W, 99 %
2025/12/02 22:42:23.582, 121.07 W, 99 %
2025/12/02 22:42:23.682, 121.94 W, 99 %
2025/12/02 22:42:23.782, 117.60 W, 96 %
2025/12/02 22:42:23.882, 119.61 W, 96 %
2025/12/02 22:42:23.983, 117.87 W, 99 %
2025/12/02 22:42:24.083, 94.80 W, 99 %
2025/12/02 22:42:24.183, 118.19 W, 95 %
2025/12/02 22:42:24.283, 120.80 W, 95 %
2025/12/02 22:42:24.383, 119.93 W, 99 %
2025/12/02 22:42:24.483, 120.21 W, 99 %
2025/12/02 22:42:24.583, 112.60 W, 98 %
2025/12/02 22:42:24.684, 121.40 W, 98 %
2025/12/02 22:42:24.784, 119.07 W, 95 %
2025/12/02 22:42:24.884, 121.67 W, 95 %
2025/12/02 22:42:24.984, 119.93 W, 99 %
2025/12/02 22:42:25.084, 94.80 W, 99 %
2025/12/02 22:42:25.184, 120.21 W, 84 %
2025/12/02 22:42:25.284, 118.46 W, 84 %
2025/12/02 22:42:25.385, 119.61 W, 99 %
2025/12/02 22:42:25.485, 120.53 W, 99 %
2025/12/02 22:42:25.585, 116.73 W, 95 %
2025/12/02 22:42:25.685, 119.07 W, 95 %
2025/12/02 22:42:25.785, 121.67 W, 99 %
2025/12/02 22:42:25.885, 119.93 W, 99 %
2025/12/02 22:42:25.985, 120.53 W, 99 %
2025/12/02 22:42:26.085, 119.61 W, 99 %
2025/12/02 22:42:26.186, 118.74 W, 95 %
2025/12/02 22:42:26.286, 120.21 W, 95 %
2025/12/02 22:42:26.386, 120.53 W, 99 %
2025/12/02 22:42:26.486, 118.46 W, 99 %
2025/12/02 22:42:26.586, 121.07 W, 95 %
2025/12/02 22:42:26.686, 118.74 W, 95 %
2025/12/02 22:42:26.786, 120.53 W, 99 %
2025/12/02 22:42:26.886, 121.67 W, 99 %
2025/12/02 22:42:26.987, 92.78 W, 99 %
2025/12/02 22:42:27.087, 117.27 W, 99 %
2025/12/02 22:42:27.187, 119.93 W, 95 %
2025/12/02 22:42:27.287, 121.67 W, 95 %
2025/12/02 22:42:27.387, 118.46 W, 99 %
2025/12/02 22:42:27.487, 113.53 W, 99 %
2025/12/02 22:42:27.587, 121.07 W, 95 %
2025/12/02 22:42:27.687, 121.94 W, 95 %
2025/12/02 22:42:27.788, 117.60 W, 99 %
2025/12/02 22:42:27.888, 120.80 W, 99 %
2025/12/02 22:42:27.988, 121.40 W, 95 %
2025/12/02 22:42:28.088, 119.33 W, 95 %
2025/12/02 22:42:28.188, 121.94 W, 99 %
2025/12/02 22:42:28.288, 119.33 W, 99 %
2025/12/02 22:42:28.388, 119.93 W, 99 %
2025/12/02 22:42:28.489, 120.80 W, 99 %
2025/12/02 22:42:28.589, 121.94 W, 95 %
2025/12/02 22:42:28.689, 119.07 W, 95 %
2025/12/02 22:42:28.789, 119.07 W, 99 %
2025/12/02 22:42:28.889, 93.39 W, 99 %
2025/12/02 22:42:28.989, 119.93 W, 95 %
2025/12/02 22:42:29.089, 121.07 W, 95 %
2025/12/02 22:42:29.189, 122.27 W, 99 %
2025/12/02 22:42:29.290, 121.40 W, 99 %
2025/12/02 22:42:29.390, 121.40 W, 98 %
2025/12/02 22:42:29.490, 116.40 W, 98 %
2025/12/02 22:42:29.590, 120.21 W, 96 %
2025/12/02 22:42:29.690, 119.33 W, 96 %
2025/12/02 22:42:29.790, 119.07 W, 99 %
2025/12/02 22:42:29.890, 95.99 W, 99 %
2025/12/02 22:42:29.990, 95.99 W, 82 %
2025/12/02 22:42:30.091, 119.07 W, 82 %
2025/12/02 22:42:30.191, 121.94 W, 99 %
2025/12/02 22:42:30.291, 118.19 W, 99 %
2025/12/02 22:42:30.391, 119.61 W, 95 %
2025/12/02 22:42:30.491, 118.46 W, 95 %
2025/12/02 22:42:30.591, 119.93 W, 99 %
2025/12/02 22:42:30.691, 121.94 W, 99 %
2025/12/02 22:42:30.791, 119.07 W, 99 %
2025/12/02 22:42:30.892, 120.53 W, 99 %
2025/12/02 22:42:30.992, 121.40 W, 95 %
2025/12/02 22:42:31.092, 119.07 W, 95 %
2025/12/02 22:42:31.192, 120.21 W, 99 %
2025/12/02 22:42:31.292, 120.21 W, 99 %
2025/12/02 22:42:31.392, 118.74 W, 95 %
2025/12/02 22:42:31.492, 120.80 W, 95 %
2025/12/02 22:42:31.592, 121.67 W, 99 %
2025/12/02 22:42:31.693, 118.74 W, 99 %
2025/12/02 22:42:31.793, 121.67 W, 99 %
2025/12/02 22:42:31.893, 100.66 W, 99 %
2025/12/02 22:42:31.993, 121.40 W, 95 %
2025/12/02 22:42:32.093, 120.53 W, 95 %
2025/12/02 22:42:32.193, 120.53 W, 99 %
2025/12/02 22:42:32.293, 121.94 W, 99 %
2025/12/02 22:42:32.393, 111.73 W, 95 %
2025/12/02 22:42:32.494, 119.61 W, 95 %
2025/12/02 22:42:32.594, 120.21 W, 99 %
2025/12/02 22:42:32.694, 118.19 W, 99 %
2025/12/02 22:42:32.794, 119.07 W, 95 %
2025/12/02 22:42:32.894, 118.07 W, 95 %
2025/12/02 22:42:32.994, 121.67 W, 99 %
2025/12/02 22:42:33.094, 120.21 W, 99 %
2025/12/02 22:42:33.194, 119.07 W, 99 %
2025/12/02 22:42:33.295, 119.93 W, 99 %
2025/12/02 22:42:33.395, 121.40 W, 95 %
2025/12/02 22:42:33.495, 119.07 W, 95 %
2025/12/02 22:42:33.595, 121.07 W, 99 %
2025/12/02 22:42:33.695, 121.94 W, 99 %
2025/12/02 22:42:33.795, 119.33 W, 96 %
2025/12/02 22:42:33.895, 120.53 W, 96 %
2025/12/02 22:42:33.995, 120.80 W, 99 %
2025/12/02 22:42:34.096, 121.07 W, 99 %
2025/12/02 22:42:34.196, 118.46 W, 99 %
2025/12/02 22:42:34.296, 106.80 W, 99 %
2025/12/02 22:42:34.396, 121.67 W, 95 %
2025/12/02 22:42:34.496, 119.61 W, 95 %
2025/12/02 22:42:34.596, 118.74 W, 99 %
2025/12/02 22:42:34.696, 120.53 W, 99 %
2025/12/02 22:42:34.797, 82.26 W, 84 %
2025/12/02 22:42:34.897, 121.07 W, 84 %
2025/12/02 22:42:34.997, 119.07 W, 99 %
2025/12/02 22:42:35.097, 120.21 W, 99 %
2025/12/02 22:42:35.197, 121.40 W, 95 %
2025/12/02 22:42:35.297, 119.33 W, 95 %
2025/12/02 22:42:35.397, 119.61 W, 99 %
2025/12/02 22:42:35.497, 119.07 W, 99 %
2025/12/02 22:42:35.597, 122.27 W, 99 %
2025/12/02 22:42:35.698, 119.61 W, 99 %
2025/12/02 22:42:35.798, 119.33 W, 95 %
2025/12/02 22:42:35.898, 119.07 W, 95 %
2025/12/02 22:42:35.998, 119.93 W, 99 %
2025/12/02 22:42:36.098, 121.40 W, 99 %
2025/12/02 22:42:36.198, 120.21 W, 95 %
2025/12/02 22:42:36.298, 117.87 W, 95 %
2025/12/02 22:42:36.399, 120.80 W, 99 %
2025/12/02 22:42:36.499, 118.74 W, 99 %
2025/12/02 22:42:36.599, 119.07 W, 99 %
2025/12/02 22:42:36.699, 95.39 W, 99 %
2025/12/02 22:42:36.799, 119.93 W, 95 %
2025/12/02 22:42:36.899, 119.07 W, 95 %
2025/12/02 22:42:36.999, 120.80 W, 99 %
2025/12/02 22:42:37.099, 122.27 W, 99 %
2025/12/02 22:42:37.200, 111.73 W, 95 %
2025/12/02 22:42:37.300, 120.53 W, 95 %
2025/12/02 22:42:37.400, 121.07 W, 99 %
2025/12/02 22:42:37.500, 117.87 W, 99 %
2025/12/02 22:42:37.600, 120.53 W, 95 %
2025/12/02 22:42:37.700, 120.80 W, 95 %
2025/12/02 22:42:37.800, 118.74 W, 99 %
2025/12/02 22:42:37.900, 120.80 W, 99 %
2025/12/02 22:42:38.001, 121.94 W, 99 %
2025/12/02 22:42:38.101, 118.19 W, 99 %
2025/12/02 22:42:38.201, 118.46 W, 95 %
2025/12/02 22:42:38.301, 120.21 W, 95 %
2025/12/02 22:42:38.401, 121.40 W, 99 %
2025/12/02 22:42:38.501, 120.53 W, 99 %
2025/12/02 22:42:38.601, 102.99 W, 95 %
2025/12/02 22:42:38.702, 119.93 W, 95 %
2025/12/02 22:42:38.802, 119.93 W, 99 %
2025/12/02 22:42:38.902, 118.74 W, 99 %
2025/12/02 22:42:39.002, 121.67 W, 99 %
2025/12/02 22:42:39.102, 105.92 W, 99 %
2025/12/02 22:42:39.202, 118.46 W, 95 %
2025/12/02 22:42:39.302, 119.33 W, 95 %
2025/12/02 22:42:39.402, 120.80 W, 95 %
2025/12/02 22:42:39.503, 120.53 W, 95 %
2025/12/02 22:42:39.603, 64.77 W, 99 %
2025/12/02 22:42:39.703, 118.19 W, 99 %
2025/12/02 22:42:39.803, 119.61 W, 54 %
2025/12/02 22:42:39.903, 120.53 W, 54 %
2025/12/02 22:42:40.003, 121.94 W, 99 %
2025/12/02 22:42:40.103, 118.19 W, 99 %
2025/12/02 22:42:40.204, 119.33 W, 99 %
2025/12/02 22:42:40.304, 121.07 W, 99 %
2025/12/02 22:42:40.404, 119.93 W, 95 %
2025/12/02 22:42:40.504, 121.40 W, 95 %
2025/12/02 22:42:40.604, 111.73 W, 99 %
2025/12/02 22:42:40.704, 118.19 W, 99 %
2025/12/02 22:42:40.804, 119.07 W, 95 %
2025/12/02 22:42:40.904, 118.19 W, 95 %
2025/12/02 22:42:41.004, 120.53 W, 99 %
2025/12/02 22:42:41.105, 102.12 W, 99 %
2025/12/02 22:42:41.205, 120.80 W, 99 %
2025/12/02 22:42:41.305, 118.46 W, 99 %
2025/12/02 22:42:41.405, 119.93 W, 95 %
2025/12/02 22:42:41.505, 120.53 W, 95 %
2025/12/02 22:42:41.605, 118.74 W, 99 %
2025/12/02 22:42:41.705, 119.07 W, 99 %
2025/12/02 22:42:41.806, 121.67 W, 95 %
2025/12/02 22:42:41.906, 119.93 W, 95 %
2025/12/02 22:42:42.006, 119.61 W, 99 %
2025/12/02 22:42:42.106, 118.74 W, 99 %
2025/12/02 22:42:42.206, 121.67 W, 94 %
2025/12/02 22:42:42.306, 119.61 W, 94 %
2025/12/02 22:42:42.406, 119.33 W, 99 %
2025/12/02 22:42:42.506, 122.27 W, 99 %
2025/12/02 22:42:42.607, 119.93 W, 99 %
2025/12/02 22:42:42.707, 118.46 W, 99 %
2025/12/02 22:42:42.807, 121.40 W, 95 %
2025/12/02 22:42:42.907, 120.80 W, 95 %
2025/12/02 22:42:43.007, 98.05 W, 99 %
2025/12/02 22:42:43.107, 119.33 W, 99 %
2025/12/02 22:42:43.207, 119.33 W, 95 %
2025/12/02 22:42:43.307, 118.46 W, 95 %
2025/12/02 22:42:43.408, 119.93 W, 99 %
2025/12/02 22:42:43.508, 107.39 W, 99 %
2025/12/02 22:42:43.608, 121.07 W, 99 %
2025/12/02 22:42:43.708, 118.74 W, 99 %
2025/12/02 22:42:43.808, 121.40 W, 95 %
2025/12/02 22:42:43.908, 120.21 W, 95 %
2025/12/02 22:42:44.008, 116.40 W, 99 %
2025/12/02 22:42:44.109, 117.60 W, 99 %
2025/12/02 22:42:44.209, 119.93 W, 95 %
2025/12/02 22:42:44.309, 121.67 W, 95 %
2025/12/02 22:42:44.409, 119.61 W, 99 %
2025/12/02 22:42:44.509, 110.27 W, 99 %
2025/12/02 22:42:44.609, 118.19 W, 86 %
2025/12/02 22:42:44.709, 121.67 W, 86 %
2025/12/02 22:42:44.809, 118.46 W, 94 %
2025/12/02 22:42:44.910, 119.93 W, 94 %
2025/12/02 22:42:45.010, 120.53 W, 99 %
2025/12/02 22:42:45.110, 121.94 W, 99 %
2025/12/02 22:42:45.210, 119.61 W, 95 %
2025/12/02 22:42:45.310, 120.53 W, 95 %
2025/12/02 22:42:45.410, 117.60 W, 99 %
2025/12/02 22:42:45.510, 121.07 W, 99 %
2025/12/02 22:42:45.610, 119.61 W, 96 %
2025/12/02 22:42:45.711, 120.53 W, 96 %
2025/12/02 22:42:45.811, 121.67 W, 99 %
2025/12/02 22:42:45.911, 99.46 W, 99 %
2025/12/02 22:42:46.011, 119.93 W, 99 %
2025/12/02 22:42:46.111, 118.46 W, 99 %
2025/12/02 22:42:46.211, 119.07 W, 95 %
2025/12/02 22:42:46.311, 120.80 W, 95 %
2025/12/02 22:42:46.411, 108.53 W, 99 %
2025/12/02 22:42:46.512, 119.33 W, 99 %
2025/12/02 22:42:46.612, 118.46 W, 95 %
2025/12/02 22:42:46.712, 121.94 W, 95 %
2025/12/02 22:42:46.812, 120.53 W, 99 %
2025/12/02 22:42:46.912, 119.07 W, 99 %
2025/12/02 22:42:47.012, 117.60 W, 96 %
2025/12/02 22:42:47.112, 119.61 W, 96 %
2025/12/02 22:42:47.212, 120.80 W, 99 %
2025/12/02 22:42:47.313, 119.33 W, 99 %
2025/12/02 22:42:47.413, 120.80 W, 99 %
2025/12/02 22:42:47.513, 122.27 W, 99 %
2025/12/02 22:42:47.613, 118.74 W, 95 %
2025/12/02 22:42:47.713, 119.61 W, 95 %
2025/12/02 22:42:47.813, 121.40 W, 99 %
2025/12/02 22:42:47.913, 121.40 W, 99 %
2025/12/02 22:42:48.014, 120.21 W, 95 %
2025/12/02 22:42:48.114, 121.94 W, 95 %
2025/12/02 22:42:48.214, 119.93 W, 99 %
2025/12/02 22:42:48.314, 96.86 W, 99 %
2025/12/02 22:42:48.414, 117.60 W, 99 %
2025/12/02 22:42:48.514, 119.33 W, 99 %
2025/12/02 22:42:48.614, 120.80 W, 95 %
2025/12/02 22:42:48.714, 117.60 W, 95 %
2025/12/02 22:42:48.815, 109.73 W, 99 %
2025/12/02 22:42:48.915, 109.73 W, 99 %
2025/12/02 22:42:49.015, 119.61 W, 99 %
2025/12/02 22:42:49.115, 120.53 W, 93 %
2025/12/02 22:42:49.215, 117.60 W, 93 %
2025/12/02 22:42:49.315, 88.12 W, 99 %
2025/12/02 22:42:49.415, 119.93 W, 99 %
2025/12/02 22:42:49.515, 118.74 W, 95 %
2025/12/02 22:42:49.616, 121.40 W, 95 %
2025/12/02 22:42:49.716, 118.19 W, 88 %
2025/12/02 22:42:49.816, 119.93 W, 88 %
2025/12/02 22:42:49.916, 119.93 W, 99 %
2025/12/02 22:42:50.016, 118.74 W, 99 %
2025/12/02 22:42:50.116, 121.94 W, 96 %
2025/12/02 22:42:50.216, 118.46 W, 96 %
2025/12/02 22:42:50.316, 121.07 W, 99 %
2025/12/02 22:42:50.417, 120.53 W, 99 %
2025/12/02 22:42:50.517, 121.40 W, 95 %
2025/12/02 22:42:50.617, 119.93 W, 95 %
2025/12/02 22:42:50.717, 119.07 W, 99 %
2025/12/02 22:42:50.817, 122.27 W, 99 %
2025/12/02 22:42:50.917, 120.21 W, 99 %
2025/12/02 22:42:51.017, 120.21 W, 99 %
2025/12/02 22:42:51.117, 121.07 W, 95 %
2025/12/02 22:42:51.218, 119.33 W, 95 %
2025/12/02 22:42:51.318, 98.92 W, 99 %
2025/12/02 22:42:51.418, 121.40 W, 99 %
2025/12/02 22:42:51.518, 120.21 W, 95 %
2025/12/02 22:42:51.618, 119.33 W, 95 %
2025/12/02 22:42:51.718, 121.07 W, 99 %
2025/12/02 22:42:51.818, 112.33 W, 99 %
2025/12/02 22:42:51.919, 120.80 W, 98 %
2025/12/02 22:42:52.019, 117.27 W, 98 %
2025/12/02 22:42:52.119, 119.61 W, 96 %
2025/12/02 22:42:52.219, 120.80 W, 96 %
2025/12/02 22:42:52.319, 118.74 W, 99 %
2025/12/02 22:42:52.419, 120.21 W, 99 %
2025/12/02 22:42:52.519, 120.53 W, 95 %
2025/12/02 22:42:52.619, 121.67 W, 95 %
2025/12/02 22:42:52.720, 118.74 W, 99 %
2025/12/02 22:42:52.820, 120.53 W, 99 %
2025/12/02 22:42:52.920, 119.93 W, 95 %
2025/12/02 22:42:53.020, 119.33 W, 95 %
2025/12/02 22:42:53.120, 120.53 W, 99 %
2025/12/02 22:42:53.220, 108.53 W, 99 %
2025/12/02 22:42:53.320, 120.53 W, 99 %
2025/12/02 22:42:53.420, 117.87 W, 99 %
2025/12/02 22:42:53.521, 120.53 W, 95 %
2025/12/02 22:42:53.621, 120.53 W, 95 %
2025/12/02 22:42:53.721, 111.73 W, 99 %
2025/12/02 22:42:53.821, 121.40 W, 99 %
2025/12/02 22:42:53.921, 119.61 W, 96 %
2025/12/02 22:42:54.021, 118.19 W, 96 %
2025/12/02 22:42:54.121, 119.07 W, 99 %
2025/12/02 22:42:54.221, 83.12 W, 99 %
2025/12/02 22:42:54.322, 119.61 W, 95 %
2025/12/02 22:42:54.422, 119.93 W, 95 %
2025/12/02 22:42:54.522, 119.93 W, 88 %
2025/12/02 22:42:54.622, 119.93 W, 88 %
2025/12/02 22:42:54.722, 114.94 W, 99 %
2025/12/02 22:42:54.822, 114.94 W, 99 %
2025/12/02 22:42:54.922, 121.40 W, 95 %
2025/12/02 22:42:55.022, 120.80 W, 95 %
2025/12/02 22:42:55.123, 121.67 W, 99 %
2025/12/02 22:42:55.223, 121.67 W, 99 %
2025/12/02 22:42:55.323, 118.46 W, 95 %
2025/12/02 22:42:55.423, 120.80 W, 95 %
2025/12/02 22:42:55.523, 119.93 W, 99 %
2025/12/02 22:42:55.623, 119.33 W, 99 %
2025/12/02 22:42:55.723, 119.93 W, 99 %
2025/12/02 22:42:55.823, 120.80 W, 99 %
2025/12/02 22:42:55.924, 118.19 W, 95 %
2025/12/02 22:42:56.024, 120.53 W, 95 %
2025/12/02 22:42:56.124, 120.21 W, 99 %
2025/12/02 22:42:56.224, 102.12 W, 99 %
2025/12/02 22:42:56.324, 121.67 W, 95 %
2025/12/02 22:42:56.424, 117.87 W, 95 %
2025/12/02 22:42:56.524, 120.80 W, 99 %
2025/12/02 22:42:56.624, 119.33 W, 99 %
2025/12/02 22:42:56.725, 112.93 W, 99 %
2025/12/02 22:42:56.825, 119.61 W, 99 %
2025/12/02 22:42:56.925, 119.61 W, 96 %
2025/12/02 22:42:57.025, 120.80 W, 96 %
2025/12/02 22:42:57.125, 120.21 W, 99 %
2025/12/02 22:42:57.225, 115.86 W, 99 %
2025/12/02 22:42:57.325, 119.33 W, 95 %
2025/12/02 22:42:57.425, 117.60 W, 95 %
2025/12/02 22:42:57.526, 119.33 W, 99 %
2025/12/02 22:42:57.626, 121.07 W, 99 %
2025/12/02 22:42:57.726, 117.87 W, 95 %
2025/12/02 22:42:57.826, 121.07 W, 95 %
2025/12/02 22:42:57.926, 120.53 W, 99 %
2025/12/02 22:42:58.026, 121.94 W, 99 %
2025/12/02 22:42:58.126, 119.07 W, 99 %
2025/12/02 22:42:58.227, 121.40 W, 99 %
2025/12/02 22:42:58.327, 120.21 W, 95 %
2025/12/02 22:42:58.427, 120.80 W, 95 %
2025/12/02 22:42:58.527, 120.21 W, 99 %
2025/12/02 22:42:58.627, 97.13 W, 99 %
2025/12/02 22:42:58.727, 118.46 W, 95 %
2025/12/02 22:42:58.827, 121.07 W, 95 %
2025/12/02 22:42:58.927, 120.53 W, 99 %
2025/12/02 22:42:59.028, 117.27 W, 99 %
2025/12/02 22:42:59.128, 73.24 W, 99 %
2025/12/02 22:42:59.228, 120.80 W, 99 %
2025/12/02 22:42:59.328, 120.21 W, 83 %
2025/12/02 22:42:59.428, 118.74 W, 83 %
2025/12/02 22:42:59.528, 118.19 W, 99 %
2025/12/02 22:42:59.628, 94.53 W, 99 %
2025/12/02 22:42:59.728, 121.40 W, 95 %
2025/12/02 22:42:59.829, 119.07 W, 95 %
2025/12/02 22:42:59.929, 118.74 W, 99 %
2025/12/02 22:43:00.029, 120.80 W, 99 %
2025/12/02 22:43:00.129, 114.07 W, 99 %
2025/12/02 22:43:00.229, 120.53 W, 99 %
2025/12/02 22:43:00.329, 121.40 W, 95 %
2025/12/02 22:43:00.429, 119.93 W, 95 %
2025/12/02 22:43:00.529, 117.27 W, 99 %
2025/12/02 22:43:00.630, 117.27 W, 99 %
2025/12/02 22:43:00.730, 119.93 W, 95 %
2025/12/02 22:43:00.830, 119.61 W, 95 %
2025/12/02 22:43:00.930, 118.19 W, 99 %
2025/12/02 22:43:01.030, 120.80 W, 99 %
2025/12/02 22:43:01.130, 119.93 W, 96 %
2025/12/02 22:43:01.230, 119.61 W, 96 %
2025/12/02 22:43:01.330, 119.07 W, 99 %
2025/12/02 22:43:01.431, 119.93 W, 99 %
2025/12/02 22:43:01.531, 121.07 W, 99 %
2025/12/02 22:43:01.631, 121.94 W, 99 %
2025/12/02 22:43:01.731, 117.87 W, 95 %
2025/12/02 22:43:01.831, 119.33 W, 95 %
2025/12/02 22:43:01.931, 118.19 W, 99 %
2025/12/02 22:43:02.031, 92.46 W, 99 %
2025/12/02 22:43:02.131, 120.53 W, 95 %
2025/12/02 22:43:02.232, 118.19 W, 95 %
2025/12/02 22:43:02.332, 119.93 W, 99 %
2025/12/02 22:43:02.432, 121.07 W, 99 %
2025/12/02 22:43:02.532, 117.60 W, 97 %
2025/12/02 22:43:02.632, 118.19 W, 97 %
2025/12/02 22:43:02.732, 120.80 W, 97 %
2025/12/02 22:43:02.832, 121.67 W, 97 %
2025/12/02 22:43:02.933, 119.61 W, 99 %
2025/12/02 22:43:03.033, 119.07 W, 99 %
2025/12/02 22:43:03.133, 120.53 W, 95 %
2025/12/02 22:43:03.233, 121.67 W, 95 %
2025/12/02 22:43:03.333, 119.33 W, 99 %
2025/12/02 22:43:03.433, 119.07 W, 99 %
2025/12/02 22:43:03.533, 120.53 W, 95 %
2025/12/02 22:43:03.633, 120.80 W, 95 %
2025/12/02 22:43:03.734, 119.33 W, 99 %
2025/12/02 22:43:03.834, 121.07 W, 99 %
2025/12/02 22:43:03.934, 96.26 W, 99 %
2025/12/02 22:43:04.034, 118.19 W, 99 %
2025/12/02 22:43:04.134, 119.33 W, 84 %
2025/12/02 22:43:04.234, 121.67 W, 84 %
2025/12/02 22:43:04.334, 118.19 W, 99 %
2025/12/02 22:43:04.434, 97.73 W, 99 %
2025/12/02 22:43:04.535, 118.46 W, 95 %
2025/12/02 22:43:04.635, 120.53 W, 95 %
2025/12/02 22:43:04.735, 118.46 W, 99 %
2025/12/02 22:43:04.835, 118.19 W, 99 %
2025/12/02 22:43:04.935, 105.60 W, 99 %
2025/12/02 22:43:05.035, 117.60 W, 99 %
2025/12/02 22:43:05.135, 119.61 W, 95 %
2025/12/02 22:43:05.235, 118.46 W, 95 %
2025/12/02 22:43:05.336, 120.21 W, 99 %
2025/12/02 22:43:05.436, 116.40 W, 99 %
2025/12/02 22:43:05.536, 116.73 W, 95 %
2025/12/02 22:43:05.636, 119.61 W, 95 %
2025/12/02 22:43:05.736, 120.53 W, 99 %
2025/12/02 22:43:05.836, 121.67 W, 99 %
2025/12/02 22:43:05.936, 117.60 W, 96 %
2025/12/02 22:43:06.036, 119.07 W, 96 %
2025/12/02 22:43:06.137, 121.67 W, 99 %
2025/12/02 22:43:06.237, 119.33 W, 99 %
2025/12/02 22:43:06.337, 120.53 W, 99 %
2025/12/02 22:43:06.437, 120.21 W, 99 %
2025/12/02 22:43:06.537, 117.87 W, 95 %
2025/12/02 22:43:06.637, 118.74 W, 95 %
2025/12/02 22:43:06.737, 120.80 W, 99 %
2025/12/02 22:43:06.838, 100.39 W, 99 %
2025/12/02 22:43:06.938, 118.19 W, 95 %
2025/12/02 22:43:07.038, 119.07 W, 95 %
2025/12/02 22:43:07.138, 121.67 W, 99 %
2025/12/02 22:43:07.238, 119.33 W, 99 %
2025/12/02 22:43:07.338, 108.26 W, 99 %
2025/12/02 22:43:07.438, 120.80 W, 99 %
2025/12/02 22:43:07.538, 118.74 W, 95 %
2025/12/02 22:43:07.639, 120.80 W, 95 %
2025/12/02 22:43:07.739, 117.60 W, 99 %
2025/12/02 22:43:07.839, 119.33 W, 99 %
2025/12/02 22:43:07.939, 119.61 W, 96 %
2025/12/02 22:43:08.039, 120.80 W, 96 %
2025/12/02 22:43:08.139, 120.80 W, 99 %
2025/12/02 22:43:08.239, 117.87 W, 99 %
2025/12/02 22:43:08.339, 117.60 W, 95 %
2025/12/02 22:43:08.440, 121.07 W, 95 %
2025/12/02 22:43:08.540, 120.53 W, 99 %
2025/12/02 22:43:08.640, 118.74 W, 99 %
2025/12/02 22:43:08.740, 121.07 W, 99 %
2025/12/02 22:43:08.840, 118.19 W, 99 %
2025/12/02 22:43:08.940, 119.33 W, 83 %
2025/12/02 22:43:09.040, 120.53 W, 83 %
2025/12/02 22:43:09.140, 119.93 W, 99 %
2025/12/02 22:43:09.241, 118.19 W, 99 %
2025/12/02 22:43:09.341, 119.33 W, 95 %
2025/12/02 22:43:09.441, 121.40 W, 95 %
2025/12/02 22:43:09.541, 118.46 W, 99 %
2025/12/02 22:43:09.641, 120.53 W, 99 %
2025/12/02 22:43:09.741, 102.99 W, 99 %
2025/12/02 22:43:09.841, 121.94 W, 99 %
2025/12/02 22:43:09.942, 119.93 W, 95 %
2025/12/02 22:43:10.042, 120.80 W, 95 %
2025/12/02 22:43:10.142, 121.94 W, 99 %
2025/12/02 22:43:10.242, 109.73 W, 99 %
2025/12/02 22:43:10.342, 120.21 W, 95 %
2025/12/02 22:43:10.442, 118.46 W, 95 %
2025/12/02 22:43:10.542, 119.61 W, 99 %
2025/12/02 22:43:10.642, 120.80 W, 99 %
2025/12/02 22:43:10.743, 117.00 W, 96 %
2025/12/02 22:43:10.843, 119.33 W, 96 %
2025/12/02 22:43:10.943, 120.80 W, 99 %
2025/12/02 22:43:11.043, 119.07 W, 99 %
2025/12/02 22:43:11.143, 120.53 W, 99 %
2025/12/02 22:43:11.243, 119.61 W, 99 %
2025/12/02 22:43:11.343, 118.19 W, 95 %
2025/12/02 22:43:11.443, 121.07 W, 95 %
2025/12/02 22:43:11.544, 120.21 W, 99 %
2025/12/02 22:43:11.644, 118.46 W, 99 %
2025/12/02 22:43:11.744, 119.93 W, 95 %
2025/12/02 22:43:11.844, 120.21 W, 95 %
2025/12/02 22:43:11.944, 119.33 W, 99 %
2025/12/02 22:43:12.044, 119.07 W, 99 %
2025/12/02 22:43:12.144, 92.78 W, 99 %
2025/12/02 22:43:12.245, 117.60 W, 99 %
2025/12/02 22:43:12.345, 119.61 W, 95 %
2025/12/02 22:43:12.445, 121.07 W, 95 %
2025/12/02 22:43:12.545, 121.40 W, 99 %
2025/12/02 22:43:12.645, 115.86 W, 99 %
2025/12/02 22:43:12.745, 119.07 W, 95 %
2025/12/02 22:43:12.845, 119.61 W, 95 %
2025/12/02 22:43:12.945, 119.93 W, 99 %
2025/12/02 22:43:13.046, 118.46 W, 99 %
2025/12/02 22:43:13.146, 119.61 W, 95 %
2025/12/02 22:43:13.246, 121.94 W, 95 %
2025/12/02 22:43:13.346, 119.61 W, 99 %
2025/12/02 22:43:13.446, 119.07 W, 99 %
2025/12/02 22:43:13.546, 120.53 W, 99 %
2025/12/02 22:43:13.646, 119.07 W, 99 %
2025/12/02 22:43:13.746, 119.33 W, 84 %
2025/12/02 22:43:13.847, 120.80 W, 84 %
2025/12/02 22:43:13.947, 119.61 W, 99 %
2025/12/02 22:43:14.047, 121.07 W, 99 %
2025/12/02 22:43:14.147, 121.40 W, 94 %
2025/12/02 22:43:14.247, 118.74 W, 94 %
2025/12/02 22:43:14.347, 119.93 W, 99 %
2025/12/02 22:43:14.447, 121.40 W, 99 %
2025/12/02 22:43:14.547, 119.07 W, 99 %
2025/12/02 22:43:14.648, 120.80 W, 99 %
2025/12/02 22:43:14.748, 121.67 W, 96 %
2025/12/02 22:43:14.848, 119.33 W, 96 %
2025/12/02 22:43:14.948, 121.67 W, 99 %
2025/12/02 22:43:15.048, 99.79 W, 99 %
2025/12/02 22:43:15.148, 119.33 W, 95 %
2025/12/02 22:43:15.248, 121.67 W, 95 %
2025/12/02 22:43:15.348, 119.61 W, 99 %
2025/12/02 22:43:15.449, 118.74 W, 99 %
2025/12/02 22:43:15.549, 114.94 W, 98 %
2025/12/02 22:43:15.649, 121.40 W, 98 %
2025/12/02 22:43:15.749, 118.46 W, 96 %
2025/12/02 22:43:15.849, 119.93 W, 96 %
2025/12/02 22:43:15.949, 120.80 W, 99 %
2025/12/02 22:43:16.049, 119.33 W, 99 %
2025/12/02 22:43:16.149, 119.07 W, 95 %
2025/12/02 22:43:16.250, 120.80 W, 95 %
2025/12/02 22:43:16.350, 117.87 W, 99 %
2025/12/02 22:43:16.450, 121.07 W, 99 %
2025/12/02 22:43:16.550, 121.67 W, 95 %
2025/12/02 22:43:16.650, 119.93 W, 95 %
2025/12/02 22:43:16.750, 119.07 W, 99 %
2025/12/02 22:43:16.850, 121.67 W, 99 %
2025/12/02 22:43:16.950, 99.79 W, 99 %
2025/12/02 22:43:17.051, 121.40 W, 99 %
2025/12/02 22:43:17.151, 117.87 W, 96 %
2025/12/02 22:43:17.251, 120.80 W, 96 %
2025/12/02 22:43:17.351, 121.40 W, 99 %
2025/12/02 22:43:17.451, 111.19 W, 99 %
2025/12/02 22:43:17.551, 118.19 W, 95 %
2025/12/02 22:43:17.651, 120.53 W, 95 %
2025/12/02 22:43:17.751, 121.40 W, 99 %
2025/12/02 22:43:17.852, 119.07 W, 99 %
2025/12/02 22:43:17.952, 117.87 W, 95 %
2025/12/02 22:43:18.052, 120.53 W, 95 %
2025/12/02 22:43:18.152, 121.67 W, 99 %
2025/12/02 22:43:18.252, 117.87 W, 99 %
2025/12/02 22:43:18.352, 121.07 W, 99 %
2025/12/02 22:43:18.452, 111.73 W, 99 %
2025/12/02 22:43:18.553, 119.07 W, 84 %
2025/12/02 22:43:18.653, 119.93 W, 84 %
2025/12/02 22:43:18.753, 119.33 W, 99 %
2025/12/02 22:43:18.853, 118.46 W, 99 %
2025/12/02 22:43:18.953, 119.07 W, 95 %
2025/12/02 22:43:19.053, 120.80 W, 95 %
2025/12/02 22:43:19.153, 119.33 W, 99 %
2025/12/02 22:43:19.253, 119.33 W, 99 %
2025/12/02 22:43:19.353, 119.93 W, 99 %
2025/12/02 22:43:19.454, 119.93 W, 99 %
2025/12/02 22:43:19.554, 119.61 W, 95 %
2025/12/02 22:43:19.654, 121.94 W, 95 %
2025/12/02 22:43:19.754, 119.61 W, 99 %
2025/12/02 22:43:19.854, 108.80 W, 99 %
2025/12/02 22:43:19.954, 120.80 W, 95 %
2025/12/02 22:43:20.054, 118.19 W, 95 %
2025/12/02 22:43:20.154, 121.07 W, 99 %
2025/12/02 22:43:20.255, 119.93 W, 99 %
2025/12/02 22:43:20.355, 106.19 W, 99 %
2025/12/02 22:43:20.455, 122.27 W, 99 %
2025/12/02 22:43:20.555, 119.93 W, 95 %
2025/12/02 22:43:20.655, 119.07 W, 95 %
2025/12/02 22:43:20.755, 120.80 W, 99 %
2025/12/02 22:43:20.855, 117.60 W, 99 %
2025/12/02 22:43:20.956, 118.74 W, 95 %
2025/12/02 22:43:21.056, 120.80 W, 95 %
2025/12/02 22:43:21.156, 121.40 W, 99 %
2025/12/02 22:43:21.256, 119.33 W, 99 %
2025/12/02 22:43:21.356, 119.07 W, 95 %
2025/12/02 22:43:21.456, 120.53 W, 95 %
2025/12/02 22:43:21.556, 119.33 W, 99 %
2025/12/02 22:43:21.656, 119.33 W, 99 %
2025/12/02 22:43:21.757, 121.94 W, 99 %
2025/12/02 22:43:21.857, 121.07 W, 99 %
2025/12/02 22:43:21.957, 121.07 W, 96 %
2025/12/02 22:43:22.057, 118.74 W, 96 %
2025/12/02 22:43:22.157, 119.07 W, 99 %
2025/12/02 22:43:22.257, 97.46 W, 99 %
2025/12/02 22:43:22.357, 117.60 W, 95 %
2025/12/02 22:43:22.457, 119.33 W, 95 %
2025/12/02 22:43:22.558, 121.07 W, 99 %
2025/12/02 22:43:22.658, 121.94 W, 99 %
2025/12/02 22:43:22.758, 108.26 W, 99 %
2025/12/02 22:43:22.858, 118.19 W, 99 %
2025/12/02 22:43:22.958, 120.80 W, 93 %
2025/12/02 22:43:23.058, 117.27 W, 93 %
2025/12/02 22:43:23.158, 120.80 W, 99 %
2025/12/02 22:43:23.258, 80.51 W, 99 %
2025/12/02 22:43:23.359, 121.40 W, 85 %
2025/12/02 22:43:23.459, 119.93 W, 85 %
2025/12/02 22:43:23.559, 120.80 W, 99 %
2025/12/02 22:43:23.659, 119.93 W, 99 %
2025/12/02 22:43:23.759, 115.86 W, 98 %
2025/12/02 22:43:23.859, 121.40 W, 98 %
2025/12/02 22:43:23.959, 121.40 W, 96 %
2025/12/02 22:43:24.059, 120.53 W, 96 %
2025/12/02 22:43:24.160, 118.74 W, 99 %
2025/12/02 22:43:24.260, 118.19 W, 99 %
2025/12/02 22:43:24.360, 119.07 W, 95 %
2025/12/02 22:43:24.460, 119.07 W, 95 %
2025/12/02 22:43:24.560, 121.07 W, 99 %
2025/12/02 22:43:24.660, 117.00 W, 99 %
2025/12/02 22:43:24.760, 120.53 W, 95 %
2025/12/02 22:43:24.861, 121.94 W, 95 %
2025/12/02 22:43:24.961, 117.87 W, 99 %
2025/12/02 22:43:25.061, 117.87 W, 99 %
2025/12/02 22:43:25.161, 117.87 W, 99 %
2025/12/02 22:43:25.261, 117.60 W, 99 %
2025/12/02 22:43:25.361, 120.53 W, 95 %
2025/12/02 22:43:25.461, 121.40 W, 95 %
2025/12/02 22:43:25.561, 119.33 W, 99 %
2025/12/02 22:43:25.662, 120.80 W, 99 %
2025/12/02 22:43:25.762, 105.33 W, 95 %
2025/12/02 22:43:25.862, 119.07 W, 95 %
2025/12/02 22:43:25.962, 117.87 W, 99 %
2025/12/02 22:43:26.062, 119.33 W, 99 %
2025/12/02 22:43:26.162, 117.60 W, 98 %
2025/12/02 22:43:26.262, 116.14 W, 98 %
2025/12/02 22:43:26.362, 120.53 W, 96 %
2025/12/02 22:43:26.463, 119.93 W, 96 %
2025/12/02 22:43:26.563, 121.07 W, 99 %
2025/12/02 22:43:26.663, 121.94 W, 99 %
2025/12/02 22:43:26.763, 119.61 W, 96 %
2025/12/02 22:43:26.863, 121.07 W, 96 %
2025/12/02 22:43:26.963, 120.53 W, 99 %
2025/12/02 22:43:27.063, 121.40 W, 99 %
2025/12/02 22:43:27.164, 120.53 W, 96 %
2025/12/02 22:43:27.264, 120.53 W, 96 %
2025/12/02 22:43:27.364, 120.53 W, 99 %
2025/12/02 22:43:27.464, 119.93 W, 99 %
2025/12/02 22:43:27.564, 118.74 W, 99 %
2025/12/02 22:43:27.664, 99.79 W, 99 %
2025/12/02 22:43:27.764, 121.94 W, 95 %
2025/12/02 22:43:27.864, 118.74 W, 95 %
2025/12/02 22:43:27.964, 120.21 W, 99 %
2025/12/02 22:43:28.065, 121.67 W, 99 %
2025/12/02 22:43:28.165, 69.71 W, 84 %
2025/12/02 22:43:28.265, 118.46 W, 84 %
2025/12/02 22:43:28.365, 119.33 W, 99 %
2025/12/02 22:43:28.465, 119.93 W, 99 %
2025/12/02 22:43:28.565, 119.61 W, 99 %
2025/12/02 22:43:28.665, 114.94 W, 99 %
2025/12/02 22:43:28.766, 118.19 W, 96 %
2025/12/02 22:43:28.866, 121.40 W, 96 %
2025/12/02 22:43:28.966, 120.21 W, 99 %
2025/12/02 22:43:29.066, 119.07 W, 99 %
2025/12/02 22:43:29.166, 120.80 W, 96 %
2025/12/02 22:43:29.266, 119.07 W, 96 %
2025/12/02 22:43:29.366, 119.93 W, 99 %
2025/12/02 22:43:29.466, 118.46 W, 99 %
2025/12/02 22:43:29.567, 120.53 W, 95 %
2025/12/02 22:43:29.667, 121.07 W, 95 %
2025/12/02 22:43:29.767, 120.21 W, 99 %
2025/12/02 22:43:29.867, 117.87 W, 99 %
2025/12/02 22:43:29.967, 119.61 W, 99 %
2025/12/02 22:43:30.067, 118.74 W, 99 %
2025/12/02 22:43:30.167, 121.07 W, 95 %
2025/12/02 22:43:30.267, 121.07 W, 95 %
2025/12/02 22:43:30.368, 118.74 W, 99 %
2025/12/02 22:43:30.468, 120.53 W, 99 %
2025/12/02 22:43:30.568, 101.26 W, 95 %
2025/12/02 22:43:30.668, 118.74 W, 95 %
2025/12/02 22:43:30.768, 121.07 W, 99 %
2025/12/02 22:43:30.868, 119.07 W, 99 %
2025/12/02 22:43:30.968, 121.67 W, 99 %
2025/12/02 22:43:31.068, 113.53 W, 99 %
2025/12/02 22:43:31.169, 118.74 W, 95 %
2025/12/02 22:43:31.269, 119.93 W, 95 %
2025/12/02 22:43:31.369, 121.67 W, 99 %
2025/12/02 22:43:31.469, 119.61 W, 99 %
2025/12/02 22:43:31.569, 119.93 W, 95 %
2025/12/02 22:43:31.669, 119.33 W, 95 %
2025/12/02 22:43:31.769, 120.21 W, 99 %
2025/12/02 22:43:31.869, 118.46 W, 99 %
2025/12/02 22:43:31.970, 120.53 W, 95 %
2025/12/02 22:43:32.070, 121.07 W, 95 %
2025/12/02 22:43:32.170, 117.87 W, 99 %
2025/12/02 22:43:32.270, 120.53 W, 99 %
2025/12/02 22:43:32.370, 119.33 W, 99 %
2025/12/02 22:43:32.470, 117.87 W, 99 %
2025/12/02 22:43:32.570, 120.21 W, 95 %
2025/12/02 22:43:32.670, 121.40 W, 95 %
2025/12/02 22:43:32.771, 119.93 W, 99 %
2025/12/02 22:43:32.871, 119.07 W, 99 %
2025/12/02 22:43:32.971, 92.19 W, 85 %
2025/12/02 22:43:33.071, 117.60 W, 85 %
2025/12/02 22:43:33.171, 119.93 W, 99 %
2025/12/02 22:43:33.271, 119.93 W, 99 %
2025/12/02 22:43:33.371, 119.07 W, 99 %
2025/12/02 22:43:33.472, 100.66 W, 99 %
2025/12/02 22:43:33.572, 121.40 W, 95 %
2025/12/02 22:43:33.672, 117.87 W, 95 %
2025/12/02 22:43:33.772, 119.07 W, 99 %
2025/12/02 22:43:33.872, 121.94 W, 99 %
2025/12/02 22:43:33.972, 114.67 W, 96 %
2025/12/02 22:43:34.072, 120.53 W, 96 %
2025/12/02 22:43:34.172, 117.87 W, 99 %
2025/12/02 22:43:34.273, 119.33 W, 99 %
2025/12/02 22:43:34.373, 120.53 W, 96 %
2025/12/02 22:43:34.473, 120.53 W, 96 %
2025/12/02 22:43:34.573, 119.61 W, 99 %
2025/12/02 22:43:34.673, 119.33 W, 99 %
2025/12/02 22:43:34.773, 119.61 W, 99 %
2025/12/02 22:43:34.873, 119.61 W, 99 %
2025/12/02 22:43:34.973, 117.60 W, 95 %
2025/12/02 22:43:35.074, 120.80 W, 95 %
2025/12/02 22:43:35.174, 119.93 W, 99 %
2025/12/02 22:43:35.274, 120.21 W, 99 %
2025/12/02 22:43:35.374, 114.67 W, 95 %
2025/12/02 22:43:35.474, 120.21 W, 95 %
2025/12/02 22:43:35.574, 121.67 W, 99 %
2025/12/02 22:43:35.674, 118.19 W, 99 %
2025/12/02 22:43:35.774, 121.07 W, 99 %
2025/12/02 22:43:35.875, 105.60 W, 99 %
2025/12/02 22:43:35.975, 117.87 W, 95 %
2025/12/02 22:43:36.075, 117.87 W, 95 %
2025/12/02 22:43:36.175, 120.53 W, 99 %
2025/12/02 22:43:36.275, 117.87 W, 99 %
2025/12/02 22:43:36.375, 116.14 W, 95 %
2025/12/02 22:43:36.475, 119.07 W, 95 %
2025/12/02 22:43:36.576, 120.53 W, 99 %
2025/12/02 22:43:36.676, 120.21 W, 99 %
2025/12/02 22:43:36.776, 120.80 W, 95 %
2025/12/02 22:43:36.876, 120.21 W, 95 %
2025/12/02 22:43:36.976, 119.93 W, 99 %
2025/12/02 22:43:37.076, 118.19 W, 99 %
2025/12/02 22:43:37.176, 119.33 W, 99 %
2025/12/02 22:43:37.276, 119.07 W, 99 %
2025/12/02 22:43:37.377, 119.93 W, 95 %
2025/12/02 22:43:37.477, 120.80 W, 95 %
2025/12/02 22:43:37.577, 120.21 W, 95 %
2025/12/02 22:43:37.677, 120.53 W, 95 %
2025/12/02 22:43:37.777, 107.66 W, 99 %
2025/12/02 22:43:37.877, 119.07 W, 99 %
2025/12/02 22:43:37.977, 120.53 W, 85 %
2025/12/02 22:43:38.077, 119.93 W, 85 %
2025/12/02 22:43:38.177, 119.33 W, 99 %
2025/12/02 22:43:38.278, 120.21 W, 99 %
2025/12/02 22:43:38.378, 120.21 W, 99 %
2025/12/02 22:43:38.478, 120.21 W, 99 %
2025/12/02 22:43:38.578, 119.33 W, 95 %
2025/12/02 22:43:38.678, 119.07 W, 95 %
2025/12/02 22:43:38.778, 99.79 W, 99 %
2025/12/02 22:43:38.878, 117.87 W, 99 %
2025/12/02 22:43:38.979, 118.74 W, 95 %
2025/12/02 22:43:39.079, 121.07 W, 95 %
2025/12/02 22:43:39.179, 117.87 W, 99 %
2025/12/02 22:43:39.279, 115.53 W, 99 %
2025/12/02 22:43:39.379, 121.07 W, 99 %
2025/12/02 22:43:39.479, 119.61 W, 99 %
2025/12/02 22:43:39.579, 118.19 W, 95 %
2025/12/02 22:43:39.679, 119.61 W, 95 %
2025/12/02 22:43:39.780, 118.19 W, 99 %
2025/12/02 22:43:39.880, 121.40 W, 99 %
2025/12/02 22:43:39.980, 119.33 W, 96 %
2025/12/02 22:43:40.080, 119.33 W, 96 %
2025/12/02 22:43:40.180, 119.33 W, 99 %
2025/12/02 22:43:40.280, 118.74 W, 99 %
2025/12/02 22:43:40.380, 120.53 W, 95 %
2025/12/02 22:43:40.480, 119.07 W, 95 %
2025/12/02 22:43:40.581, 120.53 W, 99 %
2025/12/02 22:43:40.681, 113.20 W, 99 %
2025/12/02 22:43:40.781, 120.80 W, 99 %
2025/12/02 22:43:40.881, 119.07 W, 99 %
2025/12/02 22:43:40.981, 119.93 W, 96 %
2025/12/02 22:43:41.081, 119.93 W, 96 %
2025/12/02 22:43:41.181, 107.66 W, 96 %
2025/12/02 22:43:41.281, 117.87 W, 99 %
2025/12/02 22:43:41.382, 120.80 W, 99 %
2025/12/02 22:43:41.482, 120.80 W, 95 %
2025/12/02 22:43:41.582, 119.93 W, 95 %
2025/12/02 22:43:41.682, 117.27 W, 99 %
2025/12/02 22:43:41.782, 119.61 W, 99 %
2025/12/02 22:43:41.882, 118.46 W, 97 %
2025/12/02 22:43:41.982, 119.61 W, 97 %
2025/12/02 22:43:42.082, 119.61 W, 96 %
2025/12/02 22:43:42.183, 119.93 W, 96 %
2025/12/02 22:43:42.283, 119.61 W, 99 %
2025/12/02 22:43:42.383, 119.61 W, 99 %
2025/12/02 22:43:42.483, 119.61 W, 96 %
2025/12/02 22:43:42.583, 119.33 W, 96 %
2025/12/02 22:43:42.683, 117.87 W, 99 %
2025/12/02 22:43:42.783, 119.61 W, 99 %
2025/12/02 22:43:42.883, 121.07 W, 86 %
2025/12/02 22:43:42.984, 118.74 W, 86 %
2025/12/02 22:43:43.084, 120.53 W, 99 %
2025/12/02 22:43:43.184, 117.87 W, 99 %
2025/12/02 22:43:43.284, 119.93 W, 99 %
2025/12/02 22:43:43.384, 118.19 W, 99 %
2025/12/02 22:43:43.484, 121.40 W, 96 %
2025/12/02 22:43:43.584, 117.60 W, 96 %
2025/12/02 22:43:43.684, 98.33 W, 99 %
2025/12/02 22:43:43.785, 117.87 W, 99 %
2025/12/02 22:43:43.885, 119.61 W, 96 %
2025/12/02 22:43:43.985, 120.53 W, 96 %
2025/12/02 22:43:44.085, 118.19 W, 99 %
2025/12/02 22:43:44.185, 117.27 W, 99 %
2025/12/02 22:43:44.285, 117.60 W, 99 %
2025/12/02 22:43:44.385, 120.80 W, 99 %
2025/12/02 22:43:44.485, 121.40 W, 96 %
2025/12/02 22:43:44.586, 121.40 W, 96 %
2025/12/02 22:43:44.686, 116.73 W, 99 %
2025/12/02 22:43:44.786, 119.93 W, 99 %
2025/12/02 22:43:44.886, 121.67 W, 96 %
2025/12/02 22:43:44.986, 119.33 W, 96 %
2025/12/02 22:43:45.086, 121.40 W, 99 %
2025/12/02 22:43:45.186, 119.93 W, 99 %
2025/12/02 22:43:45.287, 119.93 W, 95 %
2025/12/02 22:43:45.387, 118.74 W, 95 %
2025/12/02 22:43:45.487, 119.33 W, 99 %
2025/12/02 22:43:45.587, 115.86 W, 99 %
2025/12/02 22:43:45.687, 120.80 W, 99 %
2025/12/02 22:43:45.787, 121.40 W, 99 %
2025/12/02 22:43:45.887, 117.87 W, 95 %
2025/12/02 22:43:45.987, 119.33 W, 95 %
2025/12/02 22:43:46.088, 105.60 W, 99 %
2025/12/02 22:43:46.188, 119.07 W, 99 %
2025/12/02 22:43:46.288, 118.46 W, 95 %
2025/12/02 22:43:46.388, 119.93 W, 95 %
2025/12/02 22:43:46.488, 121.07 W, 99 %
2025/12/02 22:43:46.588, 115.53 W, 99 %
2025/12/02 22:43:46.688, 120.21 W, 97 %
2025/12/02 22:43:46.788, 119.93 W, 97 %
2025/12/02 22:43:46.889, 119.33 W, 96 %
2025/12/02 22:43:46.989, 121.07 W, 96 %
2025/12/02 22:43:47.089, 121.67 W, 99 %
2025/12/02 22:43:47.189, 119.93 W, 99 %
2025/12/02 22:43:47.289, 117.87 W, 96 %
2025/12/02 22:43:47.389, 120.80 W, 96 %
2025/12/02 22:43:47.489, 117.60 W, 99 %
2025/12/02 22:43:47.590, 117.60 W, 99 %
2025/12/02 22:43:47.690, 120.80 W, 85 %
2025/12/02 22:43:47.790, 118.74 W, 85 %
2025/12/02 22:43:47.890, 121.40 W, 99 %
2025/12/02 22:43:47.990, 119.07 W, 99 %
2025/12/02 22:43:48.090, 120.80 W, 99 %
2025/12/02 22:43:48.190, 119.61 W, 99 %
2025/12/02 22:43:48.290, 118.46 W, 96 %
2025/12/02 22:43:48.390, 120.53 W, 96 %
2025/12/02 22:43:48.491, 98.60 W, 99 %
2025/12/02 22:43:48.591, 119.33 W, 99 %
2025/12/02 22:43:48.691, 117.60 W, 95 %
2025/12/02 22:43:48.791, 119.61 W, 95 %
2025/12/02 22:43:48.891, 120.53 W, 99 %
2025/12/02 22:43:48.991, 110.60 W, 99 %
2025/12/02 22:43:49.091, 118.19 W, 99 %
2025/12/02 22:43:49.192, 119.33 W, 99 %
2025/12/02 22:43:49.292, 120.80 W, 95 %
2025/12/02 22:43:49.392, 121.07 W, 95 %
2025/12/02 22:43:49.492, 117.60 W, 99 %
2025/12/02 22:43:49.592, 120.21 W, 99 %
2025/12/02 22:43:49.692, 120.80 W, 96 %
2025/12/02 22:43:49.792, 118.19 W, 96 %
2025/12/02 22:43:49.892, 120.80 W, 99 %
2025/12/02 22:43:49.993, 121.07 W, 99 %
2025/12/02 22:43:50.093, 119.61 W, 95 %
2025/12/02 22:43:50.193, 121.67 W, 95 %
2025/12/02 22:43:50.293, 119.61 W, 99 %
2025/12/02 22:43:50.393, 119.93 W, 99 %
2025/12/02 22:43:50.493, 119.33 W, 99 %
2025/12/02 22:43:50.593, 120.21 W, 99 %
2025/12/02 22:43:50.693, 117.87 W, 95 %
2025/12/02 22:43:50.794, 118.74 W, 95 %
2025/12/02 22:43:50.894, 94.53 W, 99 %
2025/12/02 22:43:50.994, 118.19 W, 99 %
2025/12/02 22:43:51.094, 119.61 W, 95 %
2025/12/02 22:43:51.194, 119.93 W, 95 %
2025/12/02 22:43:51.294, 120.80 W, 99 %
2025/12/02 22:43:51.394, 116.73 W, 99 %
2025/12/02 22:43:51.494, 117.60 W, 99 %
2025/12/02 22:43:51.595, 121.40 W, 99 %
2025/12/02 22:43:51.695, 118.19 W, 95 %
2025/12/02 22:43:51.795, 120.53 W, 95 %
2025/12/02 22:43:51.895, 118.46 W, 99 %
2025/12/02 22:43:51.995, 121.07 W, 99 %
2025/12/02 22:43:52.095, 121.67 W, 96 %
2025/12/02 22:43:52.195, 119.33 W, 96 %
2025/12/02 22:43:52.295, 118.74 W, 99 %
2025/12/02 22:43:52.396, 117.87 W, 99 %
2025/12/02 22:43:52.496, 120.53 W, 84 %
2025/12/02 22:43:52.596, 118.19 W, 84 %
2025/12/02 22:43:52.696, 119.61 W, 99 %
2025/12/02 22:43:52.796, 121.40 W, 99 %
2025/12/02 22:43:52.896, 118.46 W, 99 %
2025/12/02 22:43:52.996, 119.07 W, 99 %
2025/12/02 22:43:53.096, 120.53 W, 95 %
2025/12/02 22:43:53.197, 121.67 W, 95 %
2025/12/02 22:43:53.297, 100.93 W, 99 %
2025/12/02 22:43:53.397, 119.33 W, 99 %
2025/12/02 22:43:53.497, 120.80 W, 95 %
2025/12/02 22:43:53.597, 117.27 W, 95 %
2025/12/02 22:43:53.697, 119.61 W, 99 %
2025/12/02 22:43:53.797, 110.60 W, 99 %
2025/12/02 22:43:53.898, 118.46 W, 99 %
2025/12/02 22:43:53.998, 120.80 W, 99 %
2025/12/02 22:43:54.098, 121.07 W, 95 %
2025/12/02 22:43:54.198, 117.60 W, 95 %
2025/12/02 22:43:54.298, 118.74 W, 99 %
2025/12/02 22:43:54.398, 119.61 W, 99 %
2025/12/02 22:43:54.498, 117.60 W, 96 %
2025/12/02 22:43:54.598, 119.93 W, 96 %
2025/12/02 22:43:54.699, 121.67 W, 99 %
2025/12/02 22:43:54.799, 119.61 W, 99 %
2025/12/02 22:43:54.899, 120.53 W, 95 %
2025/12/02 22:43:54.999, 121.67 W, 95 %
2025/12/02 22:43:55.099, 119.93 W, 99 %
2025/12/02 22:43:55.199, 121.07 W, 99 %
2025/12/02 22:43:55.299, 121.67 W, 99 %
2025/12/02 22:43:55.399, 119.33 W, 99 %
2025/12/02 22:43:55.500, 120.53 W, 95 %
2025/12/02 22:43:55.600, 121.67 W, 95 %
2025/12/02 22:43:55.700, 106.47 W, 99 %
2025/12/02 22:43:55.800, 119.07 W, 99 %
2025/12/02 22:43:55.900, 119.33 W, 96 %
2025/12/02 22:43:56.000, 117.60 W, 96 %
2025/12/02 22:43:56.100, 119.93 W, 99 %
2025/12/02 22:43:56.201, 115.26 W, 99 %
2025/12/02 22:43:56.301, 121.40 W, 99 %
2025/12/02 22:43:56.401, 121.94 W, 99 %
2025/12/02 22:43:56.501, 117.60 W, 95 %
2025/12/02 22:43:56.601, 117.60 W, 95 %
2025/12/02 22:43:56.701, 120.53 W, 99 %
2025/12/02 22:43:56.801, 118.74 W, 99 %
2025/12/02 22:43:56.901, 119.61 W, 95 %
2025/12/02 22:43:57.002, 120.80 W, 95 %
2025/12/02 22:43:57.102, 121.67 W, 99 %
2025/12/02 22:43:57.202, 116.40 W, 99 %
2025/12/02 22:43:57.302, 116.40 W, 84 %
2025/12/02 22:43:57.402, 121.07 W, 84 %
2025/12/02 22:43:57.502, 119.93 W, 99 %
2025/12/02 22:43:57.602, 119.93 W, 99 %
2025/12/02 22:43:57.702, 118.19 W, 99 %
2025/12/02 22:43:57.803, 120.80 W, 99 %
2025/12/02 22:43:57.903, 119.61 W, 96 %
2025/12/02 22:43:58.003, 119.07 W, 96 %
2025/12/02 22:43:58.103, 120.21 W, 99 %
2025/12/02 22:43:58.203, 94.26 W, 99 %
2025/12/02 22:43:58.303, 119.33 W, 95 %
2025/12/02 22:43:58.403, 118.46 W, 95 %
2025/12/02 22:43:58.503, 119.93 W, 99 %
2025/12/02 22:43:58.604, 120.21 W, 99 %
2025/12/02 22:43:58.704, 111.46 W, 99 %
2025/12/02 22:43:58.804, 118.19 W, 99 %
2025/12/02 22:43:58.904, 120.21 W, 95 %
2025/12/02 22:43:59.004, 121.07 W, 95 %
2025/12/02 22:43:59.104, 118.46 W, 99 %
2025/12/02 22:43:59.204, 119.33 W, 99 %
2025/12/02 22:43:59.304, 121.94 W, 96 %
2025/12/02 22:43:59.405, 118.46 W, 96 %
2025/12/02 22:43:59.505, 119.93 W, 99 %
2025/12/02 22:43:59.605, 120.53 W, 99 %
2025/12/02 22:43:59.705, 117.87 W, 95 %
2025/12/02 22:43:59.805, 119.07 W, 95 %
2025/12/02 22:43:59.905, 121.94 W, 99 %
2025/12/02 22:44:00.005, 117.87 W, 99 %
2025/12/02 22:44:00.106, 103.26 W, 99 %
2025/12/02 22:44:00.206, 119.61 W, 99 %
2025/12/02 22:44:00.306, 120.21 W, 95 %
2025/12/02 22:44:00.406, 120.80 W, 95 %
2025/12/02 22:44:00.506, 120.21 W, 99 %
2025/12/02 22:44:00.606, 106.80 W, 99 %
2025/12/02 22:44:00.706, 118.74 W, 95 %
2025/12/02 22:44:00.806, 119.07 W, 95 %
2025/12/02 22:44:00.907, 121.67 W, 99 %
2025/12/02 22:44:01.007, 119.93 W, 99 %
2025/12/02 22:44:01.107, 115.53 W, 98 %
2025/12/02 22:44:01.207, 120.21 W, 98 %
2025/12/02 22:44:01.307, 121.40 W, 96 %
2025/12/02 22:44:01.407, 119.33 W, 96 %
2025/12/02 22:44:01.507, 121.07 W, 99 %
2025/12/02 22:44:01.607, 120.80 W, 99 %
2025/12/02 22:44:01.708, 119.93 W, 95 %
2025/12/02 22:44:01.808, 119.61 W, 95 %
2025/12/02 22:44:01.908, 119.93 W, 99 %
2025/12/02 22:44:02.008, 120.53 W, 99 %
2025/12/02 22:44:02.108, 120.21 W, 85 %
2025/12/02 22:44:02.208, 119.61 W, 85 %
2025/12/02 22:44:02.308, 119.61 W, 99 %
2025/12/02 22:44:02.409, 120.80 W, 99 %
2025/12/02 22:44:02.509, 121.40 W, 99 %
2025/12/02 22:44:02.609, 118.74 W, 99 %
2025/12/02 22:44:02.709, 121.07 W, 95 %
2025/12/02 22:44:02.809, 117.27 W, 95 %
2025/12/02 22:44:02.909, 119.33 W, 99 %
2025/12/02 22:44:03.009, 94.53 W, 99 %
2025/12/02 22:44:03.109, 119.07 W, 95 %
2025/12/02 22:44:03.210, 118.19 W, 95 %
2025/12/02 22:44:03.310, 119.61 W, 99 %
2025/12/02 22:44:03.410, 119.07 W, 99 %
2025/12/02 22:44:03.510, 117.60 W, 99 %
2025/12/02 22:44:03.610, 121.07 W, 99 %
2025/12/02 22:44:03.710, 118.74 W, 96 %
2025/12/02 22:44:03.810, 118.74 W, 96 %
2025/12/02 22:44:03.910, 121.40 W, 99 %
2025/12/02 22:44:04.011, 120.21 W, 99 %
2025/12/02 22:44:04.111, 119.61 W, 95 %
2025/12/02 22:44:04.211, 117.27 W, 95 %
2025/12/02 22:44:04.311, 120.80 W, 99 %
2025/12/02 22:44:04.411, 119.93 W, 99 %
2025/12/02 22:44:04.511, 121.07 W, 95 %
2025/12/02 22:44:04.611, 118.74 W, 95 %
2025/12/02 22:44:04.711, 121.40 W, 99 %
2025/12/02 22:44:04.812, 118.19 W, 99 %
2025/12/02 22:44:04.912, 120.21 W, 99 %
2025/12/02 22:44:05.012, 118.74 W, 99 %
2025/12/02 22:44:05.112, 119.93 W, 95 %
2025/12/02 22:44:05.212, 119.93 W, 95 %
2025/12/02 22:44:05.312, 119.07 W, 99 %
2025/12/02 22:44:05.412, 99.79 W, 99 %
2025/12/02 22:44:05.513, 119.33 W, 95 %
2025/12/02 22:44:05.613, 120.53 W, 95 %
2025/12/02 22:44:05.713, 121.40 W, 99 %
2025/12/02 22:44:05.813, 117.87 W, 99 %
2025/12/02 22:44:05.913, 115.53 W, 99 %
2025/12/02 22:44:06.013, 121.07 W, 99 %
2025/12/02 22:44:06.113, 120.53 W, 95 %
2025/12/02 22:44:06.213, 119.07 W, 95 %
2025/12/02 22:44:06.314, 120.53 W, 99 %
2025/12/02 22:44:06.414, 121.07 W, 99 %
2025/12/02 22:44:06.514, 118.46 W, 96 %
2025/12/02 22:44:06.614, 120.80 W, 96 %
2025/12/02 22:44:06.714, 121.67 W, 99 %
2025/12/02 22:44:06.814, 119.61 W, 99 %
2025/12/02 22:44:06.914, 119.93 W, 86 %
2025/12/02 22:44:07.014, 117.60 W, 86 %
2025/12/02 22:44:07.115, 120.21 W, 99 %
2025/12/02 22:44:07.215, 121.67 W, 99 %
2025/12/02 22:44:07.315, 120.21 W, 99 %
2025/12/02 22:44:07.415, 121.07 W, 99 %
2025/12/02 22:44:07.515, 120.21 W, 94 %
2025/12/02 22:44:07.615, 121.67 W, 94 %
2025/12/02 22:44:07.715, 120.21 W, 99 %
2025/12/02 22:44:07.815, 114.94 W, 99 %
2025/12/02 22:44:07.916, 117.27 W, 95 %
2025/12/02 22:44:08.016, 120.53 W, 95 %
2025/12/02 22:44:08.116, 119.07 W, 99 %
2025/12/02 22:44:08.216, 120.21 W, 99 %
2025/12/02 22:44:08.316, 100.06 W, 99 %
2025/12/02 22:44:08.416, 118.74 W, 99 %
2025/12/02 22:44:08.516, 121.67 W, 95 %
2025/12/02 22:44:08.616, 118.74 W, 95 %
2025/12/02 22:44:08.717, 120.53 W, 99 %
2025/12/02 22:44:08.817, 118.19 W, 99 %
2025/12/02 22:44:08.917, 118.19 W, 96 %
2025/12/02 22:44:09.017, 119.33 W, 96 %
2025/12/02 22:44:09.117, 120.53 W, 99 %
2025/12/02 22:44:09.217, 121.07 W, 99 %
2025/12/02 22:44:09.317, 118.19 W, 96 %
2025/12/02 22:44:09.418, 118.74 W, 96 %
2025/12/02 22:44:09.518, 120.53 W, 99 %
2025/12/02 22:44:09.618, 119.61 W, 99 %
2025/12/02 22:44:09.718, 121.07 W, 99 %
2025/12/02 22:44:09.818, 118.19 W, 99 %
2025/12/02 22:44:09.918, 119.93 W, 95 %
2025/12/02 22:44:10.018, 120.53 W, 95 %
2025/12/02 22:44:10.118, 121.07 W, 99 %
2025/12/02 22:44:10.218, 98.05 W, 99 %
2025/12/02 22:44:10.319, 117.27 W, 95 %
2025/12/02 22:44:10.419, 119.61 W, 95 %
2025/12/02 22:44:10.519, 121.07 W, 99 %
2025/12/02 22:44:10.619, 118.74 W, 99 %
2025/12/02 22:44:10.719, 111.73 W, 99 %
2025/12/02 22:44:10.819, 119.61 W, 99 %
2025/12/02 22:44:10.919, 119.93 W, 95 %
2025/12/02 22:44:11.020, 121.40 W, 95 %
2025/12/02 22:44:11.120, 119.07 W, 99 %
2025/12/02 22:44:11.220, 118.74 W, 99 %
2025/12/02 22:44:11.320, 118.74 W, 96 %
2025/12/02 22:44:11.420, 120.21 W, 96 %
2025/12/02 22:44:11.520, 121.67 W, 99 %
2025/12/02 22:44:11.620, 118.74 W, 99 %
2025/12/02 22:44:11.720, 117.87 W, 88 %
2025/12/02 22:44:11.821, 118.19 W, 88 %
2025/12/02 22:44:11.921, 120.53 W, 96 %
2025/12/02 22:44:12.021, 121.40 W, 96 %
2025/12/02 22:44:12.121, 118.46 W, 99 %
2025/12/02 22:44:12.221, 120.53 W, 99 %
2025/12/02 22:44:12.321, 118.19 W, 95 %
2025/12/02 22:44:12.421, 119.93 W, 95 %
2025/12/02 22:44:12.521, 120.21 W, 99 %
2025/12/02 22:44:12.621, 117.87 W, 99 %
2025/12/02 22:44:12.722, 117.60 W, 95 %
2025/12/02 22:44:12.822, 119.61 W, 95 %
2025/12/02 22:44:12.922, 120.53 W, 99 %
2025/12/02 22:44:13.022, 121.40 W, 99 %
2025/12/02 22:44:13.122, 101.53 W, 99 %
2025/12/02 22:44:13.222, 118.74 W, 99 %
2025/12/02 22:44:13.322, 121.07 W, 96 %
2025/12/02 22:44:13.422, 118.46 W, 96 %
2025/12/02 22:44:13.523, 120.53 W, 99 %
2025/12/02 22:44:13.623, 117.27 W, 99 %
2025/12/02 22:44:13.723, 119.61 W, 95 %
2025/12/02 22:44:13.823, 119.33 W, 95 %
2025/12/02 22:44:13.923, 120.21 W, 99 %
2025/12/02 22:44:14.023, 120.21 W, 99 %
2025/12/02 22:44:14.123, 120.80 W, 96 %
2025/12/02 22:44:14.224, 118.74 W, 96 %
2025/12/02 22:44:14.324, 120.80 W, 99 %
2025/12/02 22:44:14.424, 121.67 W, 99 %
2025/12/02 22:44:14.524, 119.61 W, 99 %
2025/12/02 22:44:14.624, 117.87 W, 99 %
2025/12/02 22:44:14.724, 120.53 W, 95 %
2025/12/02 22:44:14.824, 121.40 W, 95 %
2025/12/02 22:44:14.924, 118.74 W, 99 %
2025/12/02 22:44:15.025, 98.05 W, 99 %
2025/12/02 22:44:15.125, 120.53 W, 95 %
2025/12/02 22:44:15.225, 118.74 W, 95 %
2025/12/02 22:44:15.325, 119.07 W, 99 %
2025/12/02 22:44:15.425, 120.21 W, 99 %
2025/12/02 22:44:15.525, 107.66 W, 99 %
2025/12/02 22:44:15.625, 118.74 W, 99 %
2025/12/02 22:44:15.725, 119.33 W, 95 %
2025/12/02 22:44:15.826, 120.21 W, 95 %
2025/12/02 22:44:15.926, 118.19 W, 99 %
2025/12/02 22:44:16.026, 117.60 W, 99 %
2025/12/02 22:44:16.126, 121.07 W, 95 %
2025/12/02 22:44:16.226, 117.27 W, 95 %
2025/12/02 22:44:16.326, 119.07 W, 99 %
2025/12/02 22:44:16.426, 121.07 W, 99 %
2025/12/02 22:44:16.527, 61.84 W, 92 %
2025/12/02 22:44:16.627, 119.33 W, 92 %
2025/12/02 22:44:16.727, 117.87 W, 57 %
2025/12/02 22:44:16.827, 118.74 W, 57 %
2025/12/02 22:44:16.927, 120.53 W, 99 %
2025/12/02 22:44:17.027, 118.46 W, 99 %
2025/12/02 22:44:17.127, 121.07 W, 95 %
2025/12/02 22:44:17.228, 120.21 W, 95 %
2025/12/02 22:44:17.328, 119.93 W, 99 %
2025/12/02 22:44:17.428, 121.07 W, 99 %
2025/12/02 22:44:17.528, 105.92 W, 99 %
2025/12/02 22:44:17.628, 120.80 W, 99 %
2025/12/02 22:44:17.728, 117.87 W, 96 %
2025/12/02 22:44:17.828, 120.21 W, 96 %
2025/12/02 22:44:17.928, 121.67 W, 99 %
2025/12/02 22:44:18.029, 117.27 W, 99 %
2025/12/02 22:44:18.129, 117.60 W, 95 %
2025/12/02 22:44:18.229, 118.46 W, 95 %
2025/12/02 22:44:18.329, 118.46 W, 99 %
2025/12/02 22:44:18.429, 120.21 W, 99 %
2025/12/02 22:44:18.529, 118.46 W, 95 %
2025/12/02 22:44:18.629, 119.93 W, 95 %
2025/12/02 22:44:18.729, 121.40 W, 99 %
2025/12/02 22:44:18.830, 119.93 W, 99 %
2025/12/02 22:44:18.930, 118.46 W, 99 %
2025/12/02 22:44:19.030, 121.94 W, 99 %
2025/12/02 22:44:19.130, 118.19 W, 96 %
2025/12/02 22:44:19.230, 119.07 W, 96 %
2025/12/02 22:44:19.330, 120.80 W, 99 %
2025/12/02 22:44:19.430, 95.99 W, 99 %
2025/12/02 22:44:19.530, 118.74 W, 95 %
2025/12/02 22:44:19.631, 120.53 W, 95 %
2025/12/02 22:44:19.731, 120.80 W, 99 %
2025/12/02 22:44:19.831, 119.93 W, 99 %
2025/12/02 22:44:19.931, 110.87 W, 99 %
2025/12/02 22:44:20.031, 120.21 W, 99 %
2025/12/02 22:44:20.131, 118.19 W, 95 %
2025/12/02 22:44:20.231, 120.53 W, 95 %
2025/12/02 22:44:20.331, 117.00 W, 99 %
2025/12/02 22:44:20.432, 119.61 W, 99 %
2025/12/02 22:44:20.532, 119.61 W, 95 %
2025/12/02 22:44:20.632, 119.61 W, 95 %
2025/12/02 22:44:20.732, 121.40 W, 99 %
2025/12/02 22:44:20.832, 118.74 W, 99 %
2025/12/02 22:44:20.932, 121.07 W, 96 %
2025/12/02 22:44:21.032, 119.61 W, 96 %
2025/12/02 22:44:21.132, 118.74 W, 99 %
2025/12/02 22:44:21.233, 120.21 W, 99 %
2025/12/02 22:44:21.333, 111.46 W, 99 %
2025/12/02 22:44:21.433, 117.87 W, 99 %
2025/12/02 22:44:21.533, 119.33 W, 84 %
2025/12/02 22:44:21.633, 120.21 W, 84 %
2025/12/02 22:44:21.733, 120.21 W, 99 %
2025/12/02 22:44:21.833, 119.93 W, 99 %
2025/12/02 22:44:21.933, 120.80 W, 95 %
2025/12/02 22:44:22.034, 117.87 W, 95 %
2025/12/02 22:44:22.134, 119.33 W, 99 %
2025/12/02 22:44:22.234, 119.33 W, 99 %
2025/12/02 22:44:22.334, 119.33 W, 99 %
2025/12/02 22:44:22.434, 95.12 W, 99 %
2025/12/02 22:44:22.534, 120.53 W, 95 %
2025/12/02 22:44:22.634, 119.33 W, 95 %
2025/12/02 22:44:22.734, 120.80 W, 99 %
2025/12/02 22:44:22.835, 120.53 W, 99 %
2025/12/02 22:44:22.935, 112.33 W, 95 %
2025/12/02 22:44:23.035, 118.74 W, 95 %
2025/12/02 22:44:23.135, 120.80 W, 99 %
2025/12/02 22:44:23.235, 119.61 W, 99 %
2025/12/02 22:44:23.335, 119.61 W, 96 %
2025/12/02 22:44:23.435, 119.93 W, 96 %
2025/12/02 22:44:23.536, 118.46 W, 98 %
2025/12/02 22:44:23.636, 120.80 W, 98 %
2025/12/02 22:44:23.736, 120.80 W, 99 %
2025/12/02 22:44:23.836, 120.21 W, 99 %
2025/12/02 22:44:23.936, 118.74 W, 95 %
2025/12/02 22:44:24.036, 119.07 W, 95 %
2025/12/02 22:44:24.136, 120.80 W, 99 %
2025/12/02 22:44:24.236, 119.61 W, 99 %
2025/12/02 22:44:24.337, 117.87 W, 95 %
2025/12/02 22:44:24.437, 120.53 W, 95 %
2025/12/02 22:44:24.537, 120.21 W, 99 %
2025/12/02 22:44:24.637, 121.07 W, 99 %
2025/12/02 22:44:24.737, 120.21 W, 99 %
2025/12/02 22:44:24.837, 109.40 W, 99 %
2025/12/02 22:44:24.937, 121.40 W, 96 %
2025/12/02 22:44:25.037, 120.21 W, 96 %
2025/12/02 22:44:25.138, 117.87 W, 99 %
2025/12/02 22:44:25.238, 120.80 W, 99 %
2025/12/02 22:44:25.338, 116.14 W, 95 %
2025/12/02 22:44:25.438, 119.33 W, 95 %
2025/12/02 22:44:25.538, 120.80 W, 99 %
2025/12/02 22:44:25.638, 117.00 W, 99 %
2025/12/02 22:44:25.738, 119.33 W, 96 %
2025/12/02 22:44:25.838, 120.80 W, 96 %
2025/12/02 22:44:25.939, 118.19 W, 99 %
2025/12/02 22:44:26.039, 121.07 W, 99 %
2025/12/02 22:44:26.139, 117.60 W, 99 %
2025/12/02 22:44:26.239, 119.07 W, 99 %
2025/12/02 22:44:26.339, 119.07 W, 86 %
2025/12/02 22:44:26.439, 119.33 W, 86 %
2025/12/02 22:44:26.539, 118.74 W, 99 %
2025/12/02 22:44:26.639, 121.07 W, 99 %
2025/12/02 22:44:26.740, 119.61 W, 96 %
2025/12/02 22:44:26.840, 118.46 W, 96 %
2025/12/02 22:44:26.940, 120.21 W, 99 %
2025/12/02 22:44:27.040, 119.61 W, 99 %
2025/12/02 22:44:27.140, 119.07 W, 99 %
2025/12/02 22:44:27.240, 98.60 W, 99 %
2025/12/02 22:44:27.340, 120.80 W, 95 %
2025/12/02 22:44:27.441, 119.07 W, 95 %
2025/12/02 22:44:27.541, 120.80 W, 99 %
2025/12/02 22:44:27.641, 119.33 W, 99 %
2025/12/02 22:44:27.741, 111.73 W, 95 %
2025/12/02 22:44:27.841, 119.93 W, 95 %
2025/12/02 22:44:27.941, 121.07 W, 99 %
2025/12/02 22:44:28.041, 118.19 W, 99 %
2025/12/02 22:44:28.141, 119.61 W, 96 %
2025/12/02 22:44:28.242, 120.21 W, 96 %
2025/12/02 22:44:28.342, 117.87 W, 97 %
2025/12/02 22:44:28.442, 120.21 W, 97 %
2025/12/02 22:44:28.542, 120.80 W, 99 %
2025/12/02 22:44:28.642, 117.27 W, 99 %
2025/12/02 22:44:28.742, 118.74 W, 95 %
2025/12/02 22:44:28.842, 120.21 W, 95 %
2025/12/02 22:44:28.942, 121.67 W, 99 %
2025/12/02 22:44:29.043, 119.61 W, 99 %
2025/12/02 22:44:29.143, 102.99 W, 95 %
2025/12/02 22:44:29.243, 119.33 W, 95 %
2025/12/02 22:44:29.343, 120.53 W, 99 %
2025/12/02 22:44:29.443, 121.67 W, 99 %
2025/12/02 22:44:29.543, 119.07 W, 99 %
2025/12/02 22:44:29.643, 109.12 W, 99 %
2025/12/02 22:44:29.744, 121.07 W, 95 %
2025/12/02 22:44:29.844, 118.74 W, 95 %
2025/12/02 22:44:29.944, 118.46 W, 99 %
2025/12/02 22:44:30.044, 121.67 W, 99 %
2025/12/02 22:44:30.144, 119.07 W, 95 %
2025/12/02 22:44:30.244, 117.60 W, 95 %
2025/12/02 22:44:30.344, 118.74 W, 99 %
2025/12/02 22:44:30.444, 120.80 W, 99 %
2025/12/02 22:44:30.545, 118.74 W, 95 %
2025/12/02 22:44:30.645, 121.40 W, 95 %
2025/12/02 22:44:30.745, 119.61 W, 99 %
2025/12/02 22:44:30.845, 119.61 W, 99 %
2025/12/02 22:44:30.945, 121.40 W, 99 %
2025/12/02 22:44:31.045, 118.19 W, 99 %
2025/12/02 22:44:31.145, 119.61 W, 86 %
2025/12/02 22:44:31.245, 121.67 W, 86 %
2025/12/02 22:44:31.350, 117.87 W, 99 %
2025/12/02 22:44:31.450, 118.74 W, 99 %
2025/12/02 22:44:31.550, 120.53 W, 95 %
2025/12/02 22:44:31.650, 121.40 W, 95 %
2025/12/02 22:44:31.750, 120.53 W, 99 %
2025/12/02 22:44:31.850, 119.93 W, 99 %
2025/12/02 22:44:31.950, 120.80 W, 99 %
2025/12/02 22:44:32.050, 98.60 W, 99 %
2025/12/02 22:44:32.151, 118.46 W, 95 %
2025/12/02 22:44:32.251, 120.53 W, 95 %
2025/12/02 22:44:32.351, 119.33 W, 99 %
2025/12/02 22:44:32.451, 120.21 W, 99 %
2025/12/02 22:44:32.551, 117.60 W, 95 %
2025/12/02 22:44:32.651, 118.46 W, 95 %
2025/12/02 22:44:32.751, 121.07 W, 99 %
2025/12/02 22:44:32.851, 119.33 W, 99 %
2025/12/02 22:44:32.952, 120.53 W, 95 %
2025/12/02 22:44:33.052, 119.33 W, 95 %
2025/12/02 22:44:33.152, 119.33 W, 98 %
2025/12/02 22:44:33.252, 119.33 W, 98 %
2025/12/02 22:44:33.352, 121.07 W, 99 %
2025/12/02 22:44:33.452, 119.93 W, 99 %
2025/12/02 22:44:33.552, 117.87 W, 95 %
2025/12/02 22:44:33.653, 118.74 W, 95 %
2025/12/02 22:44:33.753, 120.53 W, 99 %
2025/12/02 22:44:33.853, 121.40 W, 99 %
2025/12/02 22:44:33.953, 97.46 W, 95 %
2025/12/02 22:44:34.053, 121.07 W, 95 %
2025/12/02 22:44:34.153, 119.07 W, 99 %
2025/12/02 22:44:34.253, 119.07 W, 99 %
2025/12/02 22:44:34.353, 119.07 W, 99 %
2025/12/02 22:44:34.454, 109.73 W, 99 %
2025/12/02 22:44:34.554, 121.07 W, 99 %
2025/12/02 22:44:34.654, 119.61 W, 95 %
2025/12/02 22:44:34.754, 121.40 W, 95 %
2025/12/02 22:44:34.854, 120.21 W, 99 %
2025/12/02 22:44:34.954, 116.14 W, 99 %
2025/12/02 22:44:35.054, 119.93 W, 95 %
2025/12/02 22:44:35.154, 121.07 W, 99 %
2025/12/02 22:44:35.255, 121.07 W, 99 %
2025/12/02 22:44:35.355, 117.60 W, 99 %
2025/12/02 22:44:35.455, 118.74 W, 95 %
2025/12/02 22:44:35.555, 119.93 W, 95 %
2025/12/02 22:44:35.655, 117.87 W, 99 %
2025/12/02 22:44:35.755, 121.07 W, 99 %
2025/12/02 22:44:35.855, 119.61 W, 99 %
2025/12/02 22:44:35.956, 118.46 W, 99 %
2025/12/02 22:44:36.056, 119.33 W, 85 %
2025/12/02 22:44:36.156, 118.74 W, 85 %
2025/12/02 22:44:36.256, 118.74 W, 99 %
2025/12/02 22:44:36.356, 119.93 W, 99 %
2025/12/02 22:44:36.456, 121.07 W, 95 %
2025/12/02 22:44:36.556, 121.40 W, 95 %
2025/12/02 22:44:36.656, 118.46 W, 99 %
2025/12/02 22:44:36.757, 121.07 W, 99 %
2025/12/02 22:44:36.857, 119.93 W, 99 %
2025/12/02 22:44:36.957, 103.59 W, 99 %
2025/12/02 22:44:37.057, 120.21 W, 96 %
2025/12/02 22:44:37.157, 121.67 W, 96 %
2025/12/02 22:44:37.257, 119.93 W, 99 %
2025/12/02 22:44:37.357, 119.07 W, 99 %
2025/12/02 22:44:37.457, 114.39 W, 95 %
2025/12/02 22:44:37.558, 120.53 W, 95 %
2025/12/02 22:44:37.658, 121.67 W, 99 %
2025/12/02 22:44:37.758, 119.07 W, 99 %
2025/12/02 22:44:37.858, 121.40 W, 96 %
2025/12/02 22:44:37.958, 118.19 W, 96 %
2025/12/02 22:44:38.058, 120.80 W, 96 %
2025/12/02 22:44:38.159, 121.40 W, 96 %
2025/12/02 22:44:38.259, 119.93 W, 99 %
2025/12/02 22:44:38.359, 120.21 W, 99 %
2025/12/02 22:44:38.459, 118.19 W, 94 %
2025/12/02 22:44:38.559, 120.53 W, 94 %
2025/12/02 22:44:38.659, 119.33 W, 94 %
2025/12/02 22:44:38.760, 118.74 W, 94 %
2025/12/02 22:44:38.860, 97.46 W, 99 %
2025/12/02 22:44:38.960, 118.19 W, 99 %
2025/12/02 22:44:39.060, 120.21 W, 95 %
2025/12/02 22:44:39.160, 119.93 W, 95 %
2025/12/02 22:44:39.260, 119.93 W, 99 %
2025/12/02 22:44:39.361, 111.73 W, 99 %
2025/12/02 22:44:39.461, 121.40 W, 99 %
2025/12/02 22:44:39.561, 119.07 W, 99 %
2025/12/02 22:44:39.661, 118.74 W, 95 %
2025/12/02 22:44:39.761, 121.67 W, 95 %
2025/12/02 22:44:39.861, 118.74 W, 99 %
2025/12/02 22:44:39.961, 119.61 W, 99 %
2025/12/02 22:44:40.062, 121.07 W, 95 %
2025/12/02 22:44:40.162, 118.19 W, 95 %
2025/12/02 22:44:40.262, 119.33 W, 99 %
2025/12/02 22:44:40.362, 121.07 W, 99 %
2025/12/02 22:44:40.462, 117.87 W, 95 %
2025/12/02 22:44:40.562, 119.61 W, 95 %
2025/12/02 22:44:40.663, 117.27 W, 99 %
2025/12/02 22:44:40.763, 119.93 W, 99 %
2025/12/02 22:44:40.863, 117.87 W, 99 %
2025/12/02 22:44:40.963, 118.74 W, 99 %
2025/12/02 22:44:41.063, 121.40 W, 86 %
2025/12/02 22:44:41.163, 119.93 W, 86 %
2025/12/02 22:44:41.264, 120.80 W, 99 %
2025/12/02 22:44:41.364, 121.07 W, 99 %
2025/12/02 22:44:41.464, 119.93 W, 95 %
2025/12/02 22:44:41.564, 119.33 W, 95 %
2025/12/02 22:44:41.664, 119.07 W, 99 %
2025/12/02 22:44:41.764, 103.59 W, 99 %
2025/12/02 22:44:41.865, 119.33 W, 99 %
2025/12/02 22:44:41.965, 119.93 W, 99 %
2025/12/02 22:44:42.065, 118.74 W, 96 %
2025/12/02 22:44:42.165, 120.53 W, 96 %
2025/12/02 22:44:42.265, 115.26 W, 99 %
2025/12/02 22:44:42.365, 120.21 W, 99 %
2025/12/02 22:44:42.466, 121.07 W, 96 %
2025/12/02 22:44:42.566, 119.61 W, 96 %
2025/12/02 22:44:42.666, 119.93 W, 99 %
2025/12/02 22:44:42.766, 120.80 W, 99 %
2025/12/02 22:44:42.866, 118.19 W, 96 %
2025/12/02 22:44:42.966, 120.80 W, 96 %
2025/12/02 22:44:43.066, 120.80 W, 98 %
2025/12/02 22:44:43.167, 119.07 W, 98 %
2025/12/02 22:44:43.267, 121.40 W, 99 %
2025/12/02 22:44:43.367, 120.21 W, 99 %
2025/12/02 22:44:43.467, 119.61 W, 96 %
2025/12/02 22:44:43.567, 118.74 W, 96 %
2025/12/02 22:44:43.667, 98.92 W, 99 %
2025/12/02 22:44:43.768, 117.60 W, 99 %
2025/12/02 22:44:43.868, 120.53 W, 96 %
2025/12/02 22:44:43.968, 121.40 W, 96 %
2025/12/02 22:44:44.068, 117.27 W, 99 %
2025/12/02 22:44:44.168, 112.06 W, 99 %
2025/12/02 22:44:44.268, 119.33 W, 99 %
2025/12/02 22:44:44.369, 120.21 W, 99 %
2025/12/02 22:44:44.469, 121.07 W, 95 %
2025/12/02 22:44:44.569, 119.33 W, 95 %
2025/12/02 22:44:44.669, 119.61 W, 99 %
2025/12/02 22:44:44.769, 121.07 W, 99 %
2025/12/02 22:44:44.869, 118.74 W, 95 %
2025/12/02 22:44:44.970, 120.80 W, 95 %
2025/12/02 22:44:45.070, 117.27 W, 99 %
2025/12/02 22:44:45.170, 119.33 W, 99 %
2025/12/02 22:44:45.270, 120.53 W, 96 %
2025/12/02 22:44:45.370, 119.61 W, 96 %
2025/12/02 22:44:45.470, 119.33 W, 99 %
2025/12/02 22:44:45.571, 120.53 W, 99 %
2025/12/02 22:44:45.671, 118.46 W, 99 %
2025/12/02 22:44:45.771, 119.93 W, 99 %
2025/12/02 22:44:45.871, 119.61 W, 85 %
2025/12/02 22:44:45.971, 119.93 W, 85 %
2025/12/02 22:44:46.071, 120.53 W, 99 %
2025/12/02 22:44:46.172, 119.33 W, 99 %
2025/12/02 22:44:46.272, 118.74 W, 96 %
2025/12/02 22:44:46.372, 120.21 W, 96 %
2025/12/02 22:44:46.472, 119.61 W, 99 %
2025/12/02 22:44:46.572, 94.80 W, 99 %
2025/12/02 22:44:46.672, 119.07 W, 99 %
2025/12/02 22:44:46.773, 121.40 W, 99 %
2025/12/02 22:44:46.873, 119.61 W, 95 %
2025/12/02 22:44:46.973, 119.07 W, 95 %
2025/12/02 22:44:47.073, 115.53 W, 99 %
2025/12/02 22:44:47.173, 119.61 W, 99 %
2025/12/02 22:44:47.273, 119.61 W, 95 %
2025/12/02 22:44:47.374, 120.53 W, 95 %
2025/12/02 22:44:47.474, 121.07 W, 99 %
2025/12/02 22:44:47.574, 116.14 W, 99 %
2025/12/02 22:44:47.674, 120.53 W, 98 %
2025/12/02 22:44:47.774, 121.67 W, 98 %
2025/12/02 22:44:47.874, 119.61 W, 96 %
2025/12/02 22:44:47.974, 117.87 W, 96 %
2025/12/02 22:44:48.075, 119.33 W, 99 %
2025/12/02 22:44:48.175, 121.07 W, 99 %
2025/12/02 22:44:48.275, 118.46 W, 96 %
2025/12/02 22:44:48.375, 119.93 W, 96 %
2025/12/02 22:44:48.475, 115.86 W, 99 %
2025/12/02 22:44:48.575, 117.87 W, 99 %
2025/12/02 22:44:48.676, 119.93 W, 95 %
2025/12/02 22:44:48.776, 117.60 W, 95 %
2025/12/02 22:44:48.876, 119.07 W, 99 %
2025/12/02 22:44:48.976, 108.80 W, 99 %
2025/12/02 22:44:49.076, 118.74 W, 99 %
2025/12/02 22:44:49.176, 118.46 W, 99 %
2025/12/02 22:44:49.277, 120.21 W, 96 %
2025/12/02 22:44:49.377, 121.94 W, 96 %
2025/12/02 22:44:49.477, 117.27 W, 99 %
2025/12/02 22:44:49.577, 119.93 W, 99 %
2025/12/02 22:44:49.677, 120.80 W, 95 %
2025/12/02 22:44:49.777, 119.93 W, 95 %
2025/12/02 22:44:49.878, 119.07 W, 99 %
2025/12/02 22:44:49.978, 119.93 W, 99 %
2025/12/02 22:44:50.078, 119.07 W, 96 %
2025/12/02 22:44:50.178, 119.93 W, 96 %
2025/12/02 22:44:50.278, 121.07 W, 99 %
2025/12/02 22:44:50.378, 119.93 W, 99 %
2025/12/02 22:44:50.479, 117.27 W, 99 %
2025/12/02 22:44:50.579, 119.61 W, 99 %
2025/12/02 22:44:50.679, 119.61 W, 85 %
2025/12/02 22:44:50.779, 118.46 W, 85 %
2025/12/02 22:44:50.879, 119.07 W, 99 %
2025/12/02 22:44:50.979, 119.33 W, 99 %
2025/12/02 22:44:51.080, 121.07 W, 95 %
2025/12/02 22:44:51.180, 118.19 W, 95 %
2025/12/02 22:44:51.280, 118.74 W, 99 %
2025/12/02 22:44:51.380, 100.39 W, 99 %
2025/12/02 22:44:51.480, 119.61 W, 99 %
2025/12/02 22:44:51.580, 119.61 W, 99 %
2025/12/02 22:44:51.681, 119.33 W, 96 %
2025/12/02 22:44:51.781, 119.61 W, 96 %
2025/12/02 22:44:51.881, 114.07 W, 99 %
2025/12/02 22:44:51.981, 116.73 W, 99 %
2025/12/02 22:44:52.081, 119.07 W, 95 %
2025/12/02 22:44:52.181, 119.61 W, 95 %
2025/12/02 22:44:52.282, 119.33 W, 99 %
2025/12/02 22:44:52.382, 120.21 W, 99 %
2025/12/02 22:44:52.482, 119.07 W, 98 %
2025/12/02 22:44:52.582, 120.53 W, 98 %
2025/12/02 22:44:52.682, 121.40 W, 97 %
2025/12/02 22:44:52.782, 119.61 W, 97 %
2025/12/02 22:44:52.882, 118.19 W, 99 %
2025/12/02 22:44:52.983, 119.33 W, 99 %
2025/12/02 22:44:53.083, 118.46 W, 95 %
2025/12/02 22:44:53.183, 120.53 W, 95 %
2025/12/02 22:44:53.283, 119.61 W, 99 %
2025/12/02 22:44:53.383, 119.33 W, 99 %
2025/12/02 22:44:53.483, 118.46 W, 95 %
2025/12/02 22:44:53.584, 119.07 W, 95 %
2025/12/02 22:44:53.684, 120.53 W, 99 %
2025/12/02 22:44:53.784, 101.26 W, 99 %
2025/12/02 22:44:53.884, 119.61 W, 99 %
2025/12/02 22:44:53.984, 121.40 W, 99 %
2025/12/02 22:44:54.084, 119.61 W, 95 %
2025/12/02 22:44:54.185, 119.93 W, 95 %
2025/12/02 22:44:54.285, 118.19 W, 99 %
2025/12/02 22:44:54.385, 117.87 W, 99 %
2025/12/02 22:44:54.485, 119.07 W, 95 %
2025/12/02 22:44:54.585, 120.21 W, 95 %
2025/12/02 22:44:54.685, 118.46 W, 99 %
2025/12/02 22:44:54.786, 121.40 W, 99 %
2025/12/02 22:44:54.886, 119.61 W, 96 %
2025/12/02 22:44:54.986, 119.61 W, 96 %
2025/12/02 22:44:55.086, 119.33 W, 98 %
2025/12/02 22:44:55.186, 120.80 W, 98 %
2025/12/02 22:44:55.286, 121.40 W, 99 %
2025/12/02 22:44:55.387, 119.07 W, 99 %
2025/12/02 22:44:55.487, 119.07 W, 83 %
2025/12/02 22:44:55.587, 120.53 W, 83 %
2025/12/02 22:44:55.687, 121.40 W, 99 %
2025/12/02 22:44:55.787, 119.61 W, 99 %
2025/12/02 22:44:55.887, 120.21 W, 95 %
2025/12/02 22:44:55.988, 117.87 W, 95 %
2025/12/02 22:44:56.088, 120.21 W, 99 %
2025/12/02 22:44:56.188, 118.46 W, 99 %
2025/12/02 22:44:56.288, 117.00 W, 99 %
2025/12/02 22:44:56.388, 120.80 W, 99 %
2025/12/02 22:44:56.488, 119.93 W, 95 %
2025/12/02 22:44:56.589, 118.19 W, 95 %
2025/12/02 22:44:56.689, 121.07 W, 99 %
2025/12/02 22:44:56.789, 109.40 W, 99 %
2025/12/02 22:44:56.889, 119.07 W, 96 %
2025/12/02 22:44:56.989, 121.94 W, 96 %
2025/12/02 22:44:57.089, 118.19 W, 99 %
2025/12/02 22:44:57.189, 120.53 W, 99 %
2025/12/02 22:44:57.290, 119.33 W, 99 %
2025/12/02 22:44:57.390, 118.19 W, 99 %
2025/12/02 22:44:57.490, 118.46 W, 96 %
2025/12/02 22:44:57.590, 120.53 W, 96 %
2025/12/02 22:44:57.690, 121.07 W, 99 %
2025/12/02 22:44:57.790, 121.07 W, 99 %
2025/12/02 22:44:57.891, 121.40 W, 95 %
2025/12/02 22:44:57.991, 120.53 W, 95 %
2025/12/02 22:44:58.091, 118.19 W, 99 %
2025/12/02 22:44:58.191, 121.07 W, 99 %
2025/12/02 22:44:58.291, 119.93 W, 95 %
2025/12/02 22:44:58.391, 120.21 W, 95 %
2025/12/02 22:44:58.492, 121.67 W, 99 %
2025/12/02 22:44:58.592, 119.93 W, 99 %
2025/12/02 22:44:58.692, 99.46 W, 99 %
2025/12/02 22:44:58.792, 119.07 W, 99 %
2025/12/02 22:44:58.892, 120.53 W, 96 %
2025/12/02 22:44:58.992, 118.19 W, 96 %
2025/12/02 22:44:59.093, 120.80 W, 99 %
2025/12/02 22:44:59.193, 111.19 W, 99 %
2025/12/02 22:44:59.293, 120.53 W, 95 %
2025/12/02 22:44:59.393, 121.94 W, 95 %
2025/12/02 22:44:59.493, 117.60 W, 99 %
2025/12/02 22:44:59.593, 119.93 W, 99 %
2025/12/02 22:44:59.694, 119.61 W, 98 %
2025/12/02 22:44:59.794, 120.53 W, 98 %
2025/12/02 22:44:59.894, 120.21 W, 96 %
2025/12/02 22:44:59.994, 120.53 W, 96 %
2025/12/02 22:45:00.094, 117.87 W, 99 %
2025/12/02 22:45:00.194, 116.14 W, 99 %
2025/12/02 22:45:00.295, 118.46 W, 85 %
2025/12/02 22:45:00.395, 119.33 W, 85 %
2025/12/02 22:45:00.495, 120.53 W, 99 %
2025/12/02 22:45:00.595, 121.40 W, 99 %
2025/12/02 22:45:00.695, 118.74 W, 95 %
2025/12/02 22:45:00.795, 119.93 W, 95 %
2025/12/02 22:45:00.896, 122.27 W, 99 %
2025/12/02 22:45:00.996, 119.33 W, 99 %
2025/12/02 22:45:01.096, 119.33 W, 99 %
2025/12/02 22:45:01.196, 121.07 W, 99 %
2025/12/02 22:45:01.296, 118.46 W, 95 %
2025/12/02 22:45:01.396, 117.60 W, 95 %
2025/12/02 22:45:01.497, 120.53 W, 99 %
2025/12/02 22:45:01.597, 101.26 W, 99 %
2025/12/02 22:45:01.697, 120.21 W, 95 %
2025/12/02 22:45:01.797, 119.61 W, 95 %
2025/12/02 22:45:01.897, 121.40 W, 99 %
2025/12/02 22:45:01.997, 119.61 W, 99 %
2025/12/02 22:45:02.097, 111.19 W, 99 %
2025/12/02 22:45:02.198, 120.53 W, 99 %
2025/12/02 22:45:02.298, 120.21 W, 95 %
2025/12/02 22:45:02.398, 118.46 W, 95 %
2025/12/02 22:45:02.498, 121.07 W, 99 %
2025/12/02 22:45:02.598, 118.19 W, 99 %
2025/12/02 22:45:02.698, 120.80 W, 95 %
2025/12/02 22:45:02.799, 119.61 W, 95 %
2025/12/02 22:45:02.899, 118.74 W, 99 %
2025/12/02 22:45:02.999, 121.67 W, 99 %
2025/12/02 22:45:03.099, 119.33 W, 95 %
2025/12/02 22:45:03.199, 119.33 W, 95 %
2025/12/02 22:45:03.299, 119.61 W, 99 %
2025/12/02 22:45:03.400, 119.07 W, 99 %
2025/12/02 22:45:03.500, 118.46 W, 99 %
2025/12/02 22:45:03.600, 121.67 W, 99 %
2025/12/02 22:45:03.700, 119.07 W, 96 %
2025/12/02 22:45:03.800, 119.07 W, 96 %
2025/12/02 22:45:03.900, 120.53 W, 99 %
2025/12/02 22:45:04.001, 100.66 W, 99 %
2025/12/02 22:45:04.101, 120.80 W, 95 %
2025/12/02 22:45:04.201, 119.33 W, 95 %
2025/12/02 22:45:04.301, 119.07 W, 99 %
2025/12/02 22:45:04.401, 121.40 W, 99 %
2025/12/02 22:45:04.501, 117.60 W, 99 %
2025/12/02 22:45:04.602, 120.80 W, 99 %
2025/12/02 22:45:04.702, 119.93 W, 96 %
2025/12/02 22:45:04.802, 119.07 W, 96 %
2025/12/02 22:45:04.902, 120.80 W, 99 %
2025/12/02 22:45:05.002, 116.40 W, 99 %
2025/12/02 22:45:05.102, 118.74 W, 86 %
2025/12/02 22:45:05.202, 120.53 W, 86 %
2025/12/02 22:45:05.303, 117.87 W, 99 %
2025/12/02 22:45:05.403, 120.21 W, 99 %
2025/12/02 22:45:05.503, 119.33 W, 95 %
2025/12/02 22:45:05.603, 120.53 W, 95 %
2025/12/02 22:45:05.703, 121.94 W, 99 %
2025/12/02 22:45:05.803, 118.74 W, 99 %
2025/12/02 22:45:05.904, 116.40 W, 99 %
2025/12/02 22:45:06.004, 120.21 W, 99 %
2025/12/02 22:45:06.104, 121.40 W, 95 %
2025/12/02 22:45:06.204, 117.60 W, 95 %
2025/12/02 22:45:06.304, 120.21 W, 99 %
2025/12/02 22:45:06.404, 95.99 W, 99 %
2025/12/02 22:45:06.505, 119.93 W, 95 %
2025/12/02 22:45:06.605, 117.87 W, 95 %
2025/12/02 22:45:06.705, 120.53 W, 99 %
2025/12/02 22:45:06.805, 118.74 W, 99 %
2025/12/02 22:45:06.905, 117.87 W, 99 %
2025/12/02 22:45:07.005, 117.60 W, 99 %
2025/12/02 22:45:07.106, 119.61 W, 96 %
2025/12/02 22:45:07.206, 116.14 W, 96 %
2025/12/02 22:45:07.306, 120.21 W, 99 %
2025/12/02 22:45:07.406, 121.07 W, 99 %
2025/12/02 22:45:07.506, 117.27 W, 95 %
2025/12/02 22:45:07.606, 119.61 W, 95 %
2025/12/02 22:45:07.707, 121.40 W, 99 %
2025/12/02 22:45:07.807, 119.93 W, 99 %
2025/12/02 22:45:07.907, 120.53 W, 96 %
2025/12/02 22:45:08.007, 120.21 W, 96 %
2025/12/02 22:45:08.107, 120.80 W, 99 %
2025/12/02 22:45:08.207, 119.33 W, 99 %
2025/12/02 22:45:08.308, 98.05 W, 99 %
2025/12/02 22:45:08.408, 120.53 W, 99 %
2025/12/02 22:45:08.508, 118.46 W, 96 %
2025/12/02 22:45:08.608, 120.21 W, 96 %
2025/12/02 22:45:08.708, 119.93 W, 99 %
2025/12/02 22:45:08.808, 114.94 W, 99 %
2025/12/02 22:45:08.909, 117.87 W, 95 %
2025/12/02 22:45:09.009, 119.93 W, 95 %
2025/12/02 22:45:09.109, 118.46 W, 99 %
2025/12/02 22:45:09.209, 120.80 W, 99 %
2025/12/02 22:45:09.309, 119.93 W, 96 %
2025/12/02 22:45:09.409, 119.33 W, 96 %
2025/12/02 22:45:09.510, 121.07 W, 97 %
2025/12/02 22:45:09.610, 121.94 W, 97 %
2025/12/02 22:45:09.710, 119.33 W, 99 %
2025/12/02 22:45:09.810, 118.19 W, 99 %
2025/12/02 22:45:09.910, 120.53 W, 85 %
2025/12/02 22:45:10.010, 119.61 W, 85 %
2025/12/02 22:45:10.110, 117.87 W, 99 %
2025/12/02 22:45:10.211, 119.93 W, 99 %
2025/12/02 22:45:10.311, 121.40 W, 95 %
2025/12/02 22:45:10.411, 119.93 W, 95 %
2025/12/02 22:45:10.511, 119.07 W, 99 %
2025/12/02 22:45:10.611, 119.93 W, 99 %
2025/12/02 22:45:10.711, 93.39 W, 99 %
2025/12/02 22:45:10.812, 117.60 W, 99 %
2025/12/02 22:45:10.912, 119.61 W, 95 %
2025/12/02 22:45:11.012, 117.87 W, 95 %
2025/12/02 22:45:11.112, 119.93 W, 99 %
2025/12/02 22:45:11.212, 118.74 W, 99 %
2025/12/02 22:45:11.312, 119.07 W, 96 %
2025/12/02 22:45:11.413, 121.07 W, 96 %
2025/12/02 22:45:11.513, 119.07 W, 99 %
2025/12/02 22:45:11.613, 120.80 W, 99 %
2025/12/02 22:45:11.713, 118.19 W, 96 %
2025/12/02 22:45:11.813, 119.93 W, 96 %
2025/12/02 22:45:11.913, 120.21 W, 97 %
2025/12/02 22:45:12.014, 117.87 W, 97 %
2025/12/02 22:45:12.114, 121.07 W, 99 %
2025/12/02 22:45:12.214, 119.93 W, 99 %
2025/12/02 22:45:12.314, 119.93 W, 95 %
2025/12/02 22:45:12.414, 121.67 W, 95 %
2025/12/02 22:45:12.514, 117.87 W, 99 %
2025/12/02 22:45:12.615, 100.66 W, 99 %
2025/12/02 22:45:12.715, 120.80 W, 96 %
2025/12/02 22:45:12.815, 120.21 W, 96 %
2025/12/02 22:45:12.915, 119.93 W, 99 %
2025/12/02 22:45:13.015, 120.21 W, 99 %
2025/12/02 22:45:13.115, 114.39 W, 99 %
2025/12/02 22:45:13.216, 121.07 W, 99 %
2025/12/02 22:45:13.316, 118.74 W, 95 %
2025/12/02 22:45:13.416, 119.33 W, 95 %
2025/12/02 22:45:13.516, 119.07 W, 99 %
2025/12/02 22:45:13.616, 119.07 W, 99 %
2025/12/02 22:45:13.716, 121.94 W, 95 %
2025/12/02 22:45:13.817, 118.74 W, 95 %
2025/12/02 22:45:13.917, 120.80 W, 99 %
2025/12/02 22:45:14.017, 121.07 W, 99 %
2025/12/02 22:45:14.117, 119.07 W, 96 %
2025/12/02 22:45:14.217, 120.53 W, 96 %
2025/12/02 22:45:14.317, 121.67 W, 99 %
2025/12/02 22:45:14.417, 120.21 W, 99 %
2025/12/02 22:45:14.518, 109.12 W, 99 %
2025/12/02 22:45:14.618, 118.46 W, 99 %
2025/12/02 22:45:14.718, 119.93 W, 86 %
2025/12/02 22:45:14.818, 121.40 W, 86 %
2025/12/02 22:45:14.918, 119.61 W, 99 %
2025/12/02 22:45:15.018, 100.39 W, 99 %
2025/12/02 22:45:15.119, 121.07 W, 96 %
2025/12/02 22:45:15.219, 117.27 W, 96 %
2025/12/02 22:45:15.319, 119.93 W, 99 %
2025/12/02 22:45:15.419, 121.67 W, 99 %
2025/12/02 22:45:15.519, 115.53 W, 99 %
2025/12/02 22:45:15.619, 117.87 W, 99 %
2025/12/02 22:45:15.720, 119.93 W, 96 %
2025/12/02 22:45:15.820, 119.93 W, 96 %
2025/12/02 22:45:15.920, 120.80 W, 99 %
2025/12/02 22:45:16.020, 120.53 W, 99 %
2025/12/02 22:45:16.120, 118.46 W, 96 %
2025/12/02 22:45:16.220, 120.21 W, 96 %
2025/12/02 22:45:16.321, 118.46 W, 99 %
2025/12/02 22:45:16.421, 119.61 W, 99 %
2025/12/02 22:45:16.521, 120.53 W, 96 %
2025/12/02 22:45:16.621, 121.67 W, 96 %
2025/12/02 22:45:16.721, 118.46 W, 99 %
2025/12/02 22:45:16.821, 120.21 W, 99 %
2025/12/02 22:45:16.922, 107.94 W, 99 %
2025/12/02 22:45:17.022, 119.33 W, 99 %
2025/12/02 22:45:17.122, 119.07 W, 95 %
2025/12/02 22:45:17.222, 120.53 W, 95 %
2025/12/02 22:45:17.322, 119.33 W, 99 %
2025/12/02 22:45:17.422, 108.26 W, 99 %
2025/12/02 22:45:17.522, 120.80 W, 95 %
2025/12/02 22:45:17.623, 121.94 W, 95 %
2025/12/02 22:45:17.723, 120.53 W, 99 %
2025/12/02 22:45:17.823, 119.07 W, 99 %
2025/12/02 22:45:17.923, 116.73 W, 99 %
2025/12/02 22:45:18.023, 119.07 W, 99 %
2025/12/02 22:45:18.123, 119.61 W, 95 %
2025/12/02 22:45:18.224, 119.61 W, 95 %
2025/12/02 22:45:18.324, 119.07 W, 99 %
2025/12/02 22:45:18.424, 119.61 W, 99 %
2025/12/02 22:45:18.524, 121.07 W, 95 %
2025/12/02 22:45:18.624, 120.80 W, 95 %
2025/12/02 22:45:18.724, 119.07 W, 99 %
2025/12/02 22:45:18.825, 119.93 W, 99 %
2025/12/02 22:45:18.925, 121.40 W, 96 %
2025/12/02 22:45:19.025, 118.19 W, 96 %
2025/12/02 22:45:19.125, 119.61 W, 99 %
2025/12/02 22:45:19.225, 119.61 W, 99 %
2025/12/02 22:45:19.325, 120.21 W, 99 %
2025/12/02 22:45:19.426, 118.46 W, 99 %
2025/12/02 22:45:19.526, 120.53 W, 84 %
2025/12/02 22:45:19.626, 121.94 W, 84 %
2025/12/02 22:45:19.726, 121.94 W, 99 %
2025/12/02 22:45:19.826, 118.19 W, 99 %
2025/12/02 22:45:19.926, 107.07 W, 96 %
2025/12/02 22:45:20.026, 121.67 W, 96 %
2025/12/02 22:45:20.127, 119.07 W, 99 %
2025/12/02 22:45:20.227, 119.07 W, 99 %
2025/12/02 22:45:20.327, 119.93 W, 99 %
2025/12/02 22:45:20.427, 120.21 W, 99 %
2025/12/02 22:45:20.527, 120.21 W, 96 %
2025/12/02 22:45:20.627, 120.21 W, 96 %
2025/12/02 22:45:20.728, 118.19 W, 99 %
2025/12/02 22:45:20.828, 119.61 W, 99 %
2025/12/02 22:45:20.928, 119.93 W, 95 %
2025/12/02 22:45:21.028, 121.67 W, 95 %
2025/12/02 22:45:21.128, 119.61 W, 99 %
2025/12/02 22:45:21.228, 121.40 W, 99 %
2025/12/02 22:45:21.329, 119.93 W, 96 %
2025/12/02 22:45:21.429, 120.80 W, 96 %
2025/12/02 22:45:21.529, 121.07 W, 99 %
2025/12/02 22:45:21.629, 120.53 W, 99 %
2025/12/02 22:45:21.729, 120.21 W, 99 %
2025/12/02 22:45:21.829, 98.92 W, 99 %
2025/12/02 22:45:21.929, 121.94 W, 96 %
2025/12/02 22:45:22.030, 119.61 W, 96 %
2025/12/02 22:45:22.130, 119.33 W, 99 %
2025/12/02 22:45:22.230, 121.07 W, 99 %
2025/12/02 22:45:22.330, 117.00 W, 95 %
2025/12/02 22:45:22.430, 119.93 W, 95 %
2025/12/02 22:45:22.530, 119.93 W, 99 %
2025/12/02 22:45:22.631, 121.40 W, 99 %
2025/12/02 22:45:22.731, 119.33 W, 96 %
2025/12/02 22:45:22.831, 118.46 W, 96 %
2025/12/02 22:45:22.931, 120.21 W, 97 %
2025/12/02 22:45:23.031, 117.60 W, 97 %
2025/12/02 22:45:23.131, 118.74 W, 99 %
2025/12/02 22:45:23.232, 120.53 W, 99 %
2025/12/02 22:45:23.332, 119.07 W, 95 %
2025/12/02 22:45:23.432, 118.19 W, 95 %
2025/12/02 22:45:23.532, 119.93 W, 99 %
2025/12/02 22:45:23.632, 121.67 W, 99 %
2025/12/02 22:45:23.732, 99.19 W, 96 %
2025/12/02 22:45:23.833, 119.61 W, 96 %
2025/12/02 22:45:23.933, 119.93 W, 99 %
2025/12/02 22:45:24.033, 117.87 W, 99 %
2025/12/02 22:45:24.133, 120.80 W, 99 %
2025/12/02 22:45:24.233, 68.57 W, 99 %
2025/12/02 22:45:24.333, 119.33 W, 85 %
2025/12/02 22:45:24.434, 120.80 W, 85 %
2025/12/02 22:45:24.534, 121.40 W, 99 %
2025/12/02 22:45:24.634, 118.74 W, 99 %
2025/12/02 22:45:24.734, 112.33 W, 95 %
2025/12/02 22:45:24.834, 120.53 W, 95 %
2025/12/02 22:45:24.934, 118.19 W, 99 %
2025/12/02 22:45:25.035, 120.80 W, 99 %
2025/12/02 22:45:25.135, 118.46 W, 99 %
2025/12/02 22:45:25.235, 119.61 W, 99 %
2025/12/02 22:45:25.335, 118.46 W, 96 %
2025/12/02 22:45:25.435, 119.93 W, 96 %
2025/12/02 22:45:25.535, 119.07 W, 99 %
2025/12/02 22:45:25.636, 119.07 W, 99 %
2025/12/02 22:45:25.736, 119.33 W, 95 %
2025/12/02 22:45:25.836, 118.19 W, 95 %
2025/12/02 22:45:25.936, 119.07 W, 99 %
2025/12/02 22:45:26.036, 119.33 W, 99 %
2025/12/02 22:45:26.136, 118.19 W, 95 %
2025/12/02 22:45:26.237, 120.21 W, 95 %
2025/12/02 22:45:26.337, 117.87 W, 99 %
2025/12/02 22:45:26.437, 119.07 W, 99 %
2025/12/02 22:45:26.537, 120.80 W, 99 %
2025/12/02 22:45:26.637, 99.19 W, 99 %
2025/12/02 22:45:26.737, 121.40 W, 96 %
2025/12/02 22:45:26.838, 119.93 W, 96 %
2025/12/02 22:45:26.938, 118.46 W, 99 %
2025/12/02 22:45:27.038, 121.67 W, 99 %
2025/12/02 22:45:27.138, 116.14 W, 96 %
2025/12/02 22:45:27.238, 121.07 W, 96 %
2025/12/02 22:45:27.338, 117.87 W, 99 %
2025/12/02 22:45:27.438, 119.33 W, 99 %
2025/12/02 22:45:27.539, 121.40 W, 97 %
2025/12/02 22:45:27.639, 119.07 W, 97 %
2025/12/02 22:45:27.739, 120.80 W, 97 %
2025/12/02 22:45:27.839, 118.46 W, 97 %
2025/12/02 22:45:27.939, 119.33 W, 99 %
2025/12/02 22:45:28.039, 120.80 W, 99 %
2025/12/02 22:45:28.140, 119.07 W, 96 %
2025/12/02 22:45:28.240, 120.53 W, 96 %
2025/12/02 22:45:28.340, 121.07 W, 99 %
2025/12/02 22:45:28.440, 119.93 W, 99 %
2025/12/02 22:45:28.540, 97.13 W, 95 %
2025/12/02 22:45:28.640, 120.21 W, 95 %
2025/12/02 22:45:28.741, 118.46 W, 99 %
2025/12/02 22:45:28.841, 120.53 W, 99 %
2025/12/02 22:45:28.941, 120.21 W, 99 %
2025/12/02 22:45:29.041, 68.24 W, 99 %
2025/12/02 22:45:29.141, 119.07 W, 85 %
2025/12/02 22:45:29.241, 120.21 W, 85 %
2025/12/02 22:45:29.342, 117.87 W, 99 %
2025/12/02 22:45:29.442, 120.21 W, 99 %
2025/12/02 22:45:29.542, 111.19 W, 95 %
2025/12/02 22:45:29.642, 118.74 W, 95 %
2025/12/02 22:45:29.742, 119.93 W, 99 %
2025/12/02 22:45:29.842, 119.07 W, 99 %
2025/12/02 22:45:29.943, 121.94 W, 99 %
2025/12/02 22:45:30.043, 118.46 W, 99 %
2025/12/02 22:45:30.143, 120.21 W, 95 %
2025/12/02 22:45:30.243, 121.67 W, 95 %
2025/12/02 22:45:30.343, 118.19 W, 99 %
2025/12/02 22:45:30.443, 119.33 W, 99 %
2025/12/02 22:45:30.543, 120.53 W, 95 %
2025/12/02 22:45:30.644, 121.07 W, 95 %
2025/12/02 22:45:30.744, 119.33 W, 99 %
2025/12/02 22:45:30.844, 118.19 W, 99 %
2025/12/02 22:45:30.944, 119.61 W, 95 %
2025/12/02 22:45:31.044, 119.07 W, 95 %
2025/12/02 22:45:31.144, 117.87 W, 99 %
2025/12/02 22:45:31.245, 117.87 W, 99 %
2025/12/02 22:45:31.345, 119.93 W, 99 %
2025/12/02 22:45:31.445, 105.92 W, 99 %
2025/12/02 22:45:31.545, 119.61 W, 95 %
2025/12/02 22:45:31.645, 120.53 W, 95 %
2025/12/02 22:45:31.745, 121.67 W, 99 %
2025/12/02 22:45:31.846, 120.80 W, 99 %
2025/12/02 22:45:31.946, 117.60 W, 95 %
2025/12/02 22:45:32.046, 118.46 W, 95 %
2025/12/02 22:45:32.146, 119.33 W, 99 %
2025/12/02 22:45:32.246, 120.53 W, 99 %
2025/12/02 22:45:32.346, 119.93 W, 96 %
2025/12/02 22:45:32.447, 120.80 W, 96 %
2025/12/02 22:45:32.547, 121.40 W, 98 %
2025/12/02 22:45:32.647, 119.61 W, 98 %
2025/12/02 22:45:32.747, 121.07 W, 99 %
2025/12/02 22:45:32.847, 121.67 W, 99 %
2025/12/02 22:45:32.947, 119.61 W, 95 %
2025/12/02 22:45:33.048, 118.19 W, 95 %
2025/12/02 22:45:33.148, 119.33 W, 99 %
2025/12/02 22:45:33.248, 118.46 W, 99 %
2025/12/02 22:45:33.348, 93.39 W, 95 %
2025/12/02 22:45:33.448, 121.07 W, 95 %
2025/12/02 22:45:33.548, 120.53 W, 99 %
2025/12/02 22:45:33.649, 121.07 W, 99 %
2025/12/02 22:45:33.749, 119.93 W, 99 %
2025/12/02 22:45:33.849, 65.91 W, 99 %
2025/12/02 22:45:33.949, 121.67 W, 85 %
2025/12/02 22:45:34.049, 118.19 W, 85 %
2025/12/02 22:45:34.150, 120.21 W, 99 %
2025/12/02 22:45:34.250, 119.07 W, 99 %
2025/12/02 22:45:34.350, 116.14 W, 95 %
2025/12/02 22:45:34.450, 118.19 W, 95 %
2025/12/02 22:45:34.550, 118.74 W, 99 %
2025/12/02 22:45:34.650, 120.80 W, 99 %
2025/12/02 22:45:34.751, 120.80 W, 98 %
2025/12/02 22:45:34.851, 117.00 W, 98 %
2025/12/02 22:45:34.951, 119.61 W, 96 %
2025/12/02 22:45:35.051, 119.61 W, 96 %
2025/12/02 22:45:35.151, 117.87 W, 99 %
2025/12/02 22:45:35.251, 119.61 W, 99 %
2025/12/02 22:45:35.352, 121.07 W, 95 %
2025/12/02 22:45:35.452, 117.87 W, 95 %
2025/12/02 22:45:35.552, 118.74 W, 99 %
2025/12/02 22:45:35.652, 120.80 W, 99 %
2025/12/02 22:45:35.752, 95.72 W, 96 %
2025/12/02 22:45:35.852, 118.46 W, 96 %
2025/12/02 22:45:35.953, 121.40 W, 99 %
2025/12/02 22:45:36.053, 117.87 W, 99 %
2025/12/02 22:45:36.153, 120.21 W, 99 %
2025/12/02 22:45:36.253, 113.80 W, 99 %
2025/12/02 22:45:36.353, 117.60 W, 95 %
2025/12/02 22:45:36.453, 117.60 W, 95 %
2025/12/02 22:45:36.554, 120.53 W, 95 %
2025/12/02 22:45:36.654, 117.60 W, 99 %
2025/12/02 22:45:36.754, 118.74 W, 99 %
2025/12/02 22:45:36.854, 120.53 W, 96 %
2025/12/02 22:45:36.954, 119.33 W, 99 %
2025/12/02 22:45:37.054, 119.93 W, 99 %
2025/12/02 22:45:37.155, 119.07 W, 99 %
2025/12/02 22:45:37.255, 121.07 W, 95 %
2025/12/02 22:45:37.355, 118.74 W, 99 %
2025/12/02 22:45:37.455, 118.74 W, 99 %
2025/12/02 22:45:37.555, 120.80 W, 99 %
2025/12/02 22:45:37.655, 114.94 W, 99 %
2025/12/02 22:45:37.756, 120.80 W, 99 %
2025/12/02 22:45:37.856, 118.46 W, 96 %
2025/12/02 22:45:37.956, 119.07 W, 96 %
2025/12/02 22:45:38.056, 121.07 W, 99 %
2025/12/02 22:45:38.157, 110.87 W, 99 %
2025/12/02 22:45:38.257, 119.61 W, 99 %
2025/12/02 22:45:38.357, 118.46 W, 99 %
2025/12/02 22:45:38.457, 118.46 W, 95 %
2025/12/02 22:45:38.558, 119.61 W, 95 %
2025/12/02 22:45:38.658, 120.21 W, 99 %
2025/12/02 22:45:38.758, 84.04 W, 99 %
2025/12/02 22:45:38.858, 119.33 W, 99 %
2025/12/02 22:45:38.958, 119.33 W, 99 %
2025/12/02 22:45:39.058, 120.80 W, 84 %
2025/12/02 22:45:39.159, 119.33 W, 84 %
2025/12/02 22:45:39.259, 115.26 W, 99 %
2025/12/02 22:45:39.359, 120.21 W, 99 %
2025/12/02 22:45:39.459, 120.21 W, 95 %
2025/12/02 22:45:39.559, 118.74 W, 95 %
2025/12/02 22:45:39.659, 120.21 W, 99 %
2025/12/02 22:45:39.760, 117.60 W, 99 %
2025/12/02 22:45:39.860, 119.07 W, 97 %
2025/12/02 22:45:39.960, 121.40 W, 97 %
2025/12/02 22:45:40.060, 118.46 W, 97 %
2025/12/02 22:45:40.160, 120.21 W, 97 %
2025/12/02 22:45:40.260, 119.33 W, 99 %
2025/12/02 22:45:40.360, 120.53 W, 99 %
2025/12/02 22:45:40.461, 121.67 W, 95 %
2025/12/02 22:45:40.561, 118.74 W, 95 %
2025/12/02 22:45:40.661, 95.99 W, 99 %
2025/12/02 22:45:40.761, 118.46 W, 99 %
2025/12/02 22:45:40.861, 121.94 W, 95 %
2025/12/02 22:45:40.961, 118.74 W, 95 %
2025/12/02 22:45:41.062, 121.67 W, 99 %
2025/12/02 22:45:41.162, 111.73 W, 99 %
2025/12/02 22:45:41.262, 120.80 W, 99 %
2025/12/02 22:45:41.362, 120.53 W, 99 %
2025/12/02 22:45:41.462, 118.46 W, 96 %
2025/12/02 22:45:41.562, 119.93 W, 96 %
2025/12/02 22:45:41.663, 120.53 W, 99 %
2025/12/02 22:45:41.763, 118.46 W, 99 %
2025/12/02 22:45:41.863, 120.21 W, 96 %
2025/12/02 22:45:41.963, 119.07 W, 96 %
2025/12/02 22:45:42.063, 121.67 W, 99 %
2025/12/02 22:45:42.163, 121.67 W, 99 %
2025/12/02 22:45:42.264, 119.61 W, 95 %
2025/12/02 22:45:42.364, 120.80 W, 95 %
2025/12/02 22:45:42.464, 118.74 W, 99 %
2025/12/02 22:45:42.564, 117.00 W, 99 %
2025/12/02 22:45:42.664, 120.21 W, 99 %
2025/12/02 22:45:42.764, 118.46 W, 99 %
2025/12/02 22:45:42.865, 119.93 W, 96 %
2025/12/02 22:45:42.965, 121.07 W, 96 %
2025/12/02 22:45:43.065, 96.86 W, 99 %
2025/12/02 22:45:43.165, 118.19 W, 99 %
2025/12/02 22:45:43.265, 118.74 W, 93 %
2025/12/02 22:45:43.365, 120.53 W, 93 %
2025/12/02 22:45:43.465, 121.40 W, 99 %
2025/12/02 22:45:43.566, 73.51 W, 99 %
2025/12/02 22:45:43.666, 120.53 W, 99 %
2025/12/02 22:45:43.766, 119.93 W, 99 %
2025/12/02 22:45:43.866, 118.19 W, 85 %
2025/12/02 22:45:43.966, 119.07 W, 85 %
2025/12/02 22:45:44.066, 118.74 W, 99 %
2025/12/02 22:45:44.167, 120.21 W, 99 %
2025/12/02 22:45:44.267, 118.19 W, 96 %
2025/12/02 22:45:44.367, 119.93 W, 96 %
2025/12/02 22:45:44.467, 121.40 W, 99 %
2025/12/02 22:45:44.567, 119.33 W, 99 %
2025/12/02 22:45:44.667, 120.80 W, 96 %
2025/12/02 22:45:44.768, 121.67 W, 96 %
2025/12/02 22:45:44.868, 117.87 W, 98 %
2025/12/02 22:45:44.968, 119.07 W, 98 %
2025/12/02 22:45:45.068, 119.93 W, 99 %
2025/12/02 22:45:45.168, 120.53 W, 99 %
2025/12/02 22:45:45.268, 121.40 W, 95 %
2025/12/02 22:45:45.369, 119.61 W, 95 %
2025/12/02 22:45:45.469, 102.99 W, 99 %
2025/12/02 22:45:45.569, 119.61 W, 99 %
2025/12/02 22:45:45.669, 119.33 W, 96 %
2025/12/02 22:45:45.769, 121.07 W, 96 %
2025/12/02 22:45:45.869, 121.40 W, 99 %
2025/12/02 22:45:45.970, 117.00 W, 99 %
2025/12/02 22:45:46.070, 117.60 W, 99 %
2025/12/02 22:45:46.170, 119.93 W, 99 %
2025/12/02 22:45:46.270, 117.60 W, 96 %
2025/12/02 22:45:46.370, 120.21 W, 96 %
2025/12/02 22:45:46.470, 119.33 W, 99 %
2025/12/02 22:45:46.571, 117.87 W, 99 %
2025/12/02 22:45:46.671, 120.53 W, 95 %
2025/12/02 22:45:46.771, 121.07 W, 95 %
2025/12/02 22:45:46.871, 118.19 W, 99 %
2025/12/02 22:45:46.971, 119.61 W, 99 %
2025/12/02 22:45:47.071, 120.80 W, 95 %
2025/12/02 22:45:47.172, 121.94 W, 95 %
2025/12/02 22:45:47.272, 118.46 W, 99 %
2025/12/02 22:45:47.372, 100.66 W, 99 %
2025/12/02 22:45:47.472, 120.21 W, 99 %
2025/12/02 22:45:47.572, 118.74 W, 99 %
2025/12/02 22:45:47.672, 120.53 W, 96 %
2025/12/02 22:45:47.773, 117.60 W, 96 %
2025/12/02 22:45:47.873, 112.93 W, 99 %
2025/12/02 22:45:47.973, 120.53 W, 99 %
2025/12/02 22:45:48.073, 121.67 W, 95 %
2025/12/02 22:45:48.173, 119.93 W, 95 %
2025/12/02 22:45:48.273, 120.21 W, 99 %
2025/12/02 22:45:48.373, 106.19 W, 99 %
2025/12/02 22:45:48.474, 120.53 W, 99 %
2025/12/02 22:45:48.574, 119.07 W, 99 %
2025/12/02 22:45:48.674, 120.80 W, 85 %
2025/12/02 22:45:48.774, 119.93 W, 85 %
2025/12/02 22:45:48.874, 117.27 W, 99 %
2025/12/02 22:45:48.974, 119.93 W, 99 %
2025/12/02 22:45:49.075, 118.19 W, 95 %
2025/12/02 22:45:49.175, 120.53 W, 95 %
2025/12/02 22:45:49.275, 117.60 W, 99 %
2025/12/02 22:45:49.375, 118.46 W, 99 %
2025/12/02 22:45:49.475, 117.87 W, 96 %
2025/12/02 22:45:49.575, 119.33 W, 96 %
2025/12/02 22:45:49.676, 121.67 W, 98 %
2025/12/02 22:45:49.776, 119.61 W, 98 %
2025/12/02 22:45:49.876, 121.07 W, 99 %
2025/12/02 22:45:49.976, 118.74 W, 99 %
2025/12/02 22:45:50.076, 119.07 W, 96 %
2025/12/02 22:45:50.176, 120.53 W, 96 %
2025/12/02 22:45:50.277, 120.53 W, 99 %
2025/12/02 22:45:50.377, 102.12 W, 99 %
2025/12/02 22:45:50.477, 121.40 W, 95 %
2025/12/02 22:45:50.577, 121.07 W, 95 %
2025/12/02 22:45:50.677, 120.80 W, 99 %
2025/12/02 22:45:50.777, 120.80 W, 99 %
2025/12/02 22:45:50.878, 115.86 W, 99 %
2025/12/02 22:45:50.978, 120.53 W, 99 %
2025/12/02 22:45:51.078, 121.67 W, 95 %
2025/12/02 22:45:51.178, 117.87 W, 95 %
2025/12/02 22:45:51.278, 119.93 W, 99 %
2025/12/02 22:45:51.378, 120.53 W, 99 %
2025/12/02 22:45:51.478, 121.40 W, 95 %
2025/12/02 22:45:51.579, 121.40 W, 95 %
2025/12/02 22:45:51.679, 121.40 W, 99 %
2025/12/02 22:45:51.779, 120.21 W, 99 %
2025/12/02 22:45:51.879, 119.61 W, 96 %
2025/12/02 22:45:51.979, 117.87 W, 96 %
2025/12/02 22:45:52.079, 120.53 W, 99 %
2025/12/02 22:45:52.180, 118.74 W, 99 %
2025/12/02 22:45:52.280, 95.39 W, 99 %
2025/12/02 22:45:52.380, 121.67 W, 99 %
2025/12/02 22:45:52.480, 119.07 W, 95 %
2025/12/02 22:45:52.580, 120.53 W, 95 %
2025/12/02 22:45:52.680, 121.40 W, 99 %
2025/12/02 22:45:52.781, 111.73 W, 99 %
2025/12/02 22:45:52.881, 117.60 W, 95 %
2025/12/02 22:45:52.981, 119.07 W, 95 %
2025/12/02 22:45:53.081, 120.80 W, 99 %
2025/12/02 22:45:53.181, 119.33 W, 99 %
2025/12/02 22:45:53.281, 63.31 W, 99 %
2025/12/02 22:45:53.382, 120.53 W, 99 %
2025/12/02 22:45:53.482, 117.60 W, 59 %
2025/12/02 22:45:53.582, 119.07 W, 59 %
2025/12/02 22:45:53.682, 120.53 W, 99 %
2025/12/02 22:45:53.782, 119.61 W, 99 %
2025/12/02 22:45:53.882, 120.53 W, 96 %
2025/12/02 22:45:53.982, 121.94 W, 96 %
2025/12/02 22:45:54.083, 118.74 W, 99 %
2025/12/02 22:45:54.183, 119.07 W, 99 %
2025/12/02 22:45:54.283, 94.80 W, 99 %
2025/12/02 22:45:54.383, 121.07 W, 99 %
2025/12/02 22:45:54.483, 119.61 W, 95 %
2025/12/02 22:45:54.583, 119.33 W, 95 %
2025/12/02 22:45:54.684, 120.53 W, 99 %
2025/12/02 22:45:54.784, 112.06 W, 99 %
2025/12/02 22:45:54.884, 120.53 W, 95 %
2025/12/02 22:45:54.984, 119.07 W, 95 %
2025/12/02 22:45:55.084, 117.87 W, 99 %
2025/12/02 22:45:55.184, 119.93 W, 99 %
2025/12/02 22:45:55.285, 119.33 W, 99 %
2025/12/02 22:45:55.385, 118.74 W, 99 %
2025/12/02 22:45:55.485, 120.53 W, 95 %
2025/12/02 22:45:55.585, 118.74 W, 95 %
2025/12/02 22:45:55.685, 118.74 W, 99 %
2025/12/02 22:45:55.785, 119.07 W, 99 %
2025/12/02 22:45:55.886, 120.53 W, 96 %
2025/12/02 22:45:55.986, 117.00 W, 96 %
2025/12/02 22:45:56.086, 119.33 W, 99 %
2025/12/02 22:45:56.186, 118.74 W, 99 %
2025/12/02 22:45:56.286, 118.19 W, 95 %
2025/12/02 22:45:56.386, 119.61 W, 95 %
2025/12/02 22:45:56.487, 120.21 W, 99 %
2025/12/02 22:45:56.587, 118.19 W, 99 %
2025/12/02 22:45:56.687, 101.26 W, 99 %
2025/12/02 22:45:56.787, 121.67 W, 99 %
2025/12/02 22:45:56.887, 119.33 W, 95 %
2025/12/02 22:45:56.987, 119.61 W, 95 %
2025/12/02 22:45:57.087, 120.21 W, 99 %
2025/12/02 22:45:57.188, 119.33 W, 99 %
2025/12/02 22:45:57.288, 118.19 W, 96 %
2025/12/02 22:45:57.388, 120.80 W, 96 %
2025/12/02 22:45:57.488, 119.61 W, 99 %
2025/12/02 22:45:57.588, 119.93 W, 99 %
2025/12/02 22:45:57.688, 120.80 W, 96 %
2025/12/02 22:45:57.789, 117.87 W, 96 %
2025/12/02 22:45:57.889, 119.93 W, 97 %
2025/12/02 22:45:57.989, 118.74 W, 97 %
2025/12/02 22:45:58.089, 121.40 W, 99 %
2025/12/02 22:45:58.189, 116.14 W, 99 %
2025/12/02 22:45:58.289, 119.93 W, 86 %
2025/12/02 22:45:58.390, 117.60 W, 86 %
2025/12/02 22:45:58.490, 120.21 W, 99 %
2025/12/02 22:45:58.590, 121.40 W, 99 %
2025/12/02 22:45:58.690, 118.19 W, 96 %
2025/12/02 22:45:58.790, 121.07 W, 96 %
2025/12/02 22:45:58.890, 121.67 W, 99 %
2025/12/02 22:45:58.991, 119.61 W, 99 %
2025/12/02 22:45:59.091, 98.92 W, 99 %
2025/12/02 22:45:59.191, 119.07 W, 99 %
2025/12/02 22:45:59.291, 121.67 W, 96 %
2025/12/02 22:45:59.391, 119.33 W, 96 %
2025/12/02 22:45:59.491, 121.07 W, 99 %
2025/12/02 22:45:59.591, 114.67 W, 99 %
2025/12/02 22:45:59.692, 118.46 W, 96 %
2025/12/02 22:45:59.792, 119.93 W, 96 %
2025/12/02 22:45:59.892, 118.46 W, 99 %
2025/12/02 22:45:59.992, 119.93 W, 99 %
2025/12/02 22:46:00.092, 119.07 W, 99 %
2025/12/02 22:46:00.192, 117.87 W, 99 %
2025/12/02 22:46:00.293, 118.74 W, 95 %
2025/12/02 22:46:00.393, 120.53 W, 95 %
2025/12/02 22:46:00.493, 121.40 W, 99 %
2025/12/02 22:46:00.593, 120.80 W, 99 %
2025/12/02 22:46:00.693, 118.46 W, 95 %
2025/12/02 22:46:00.793, 119.93 W, 95 %
2025/12/02 22:46:00.894, 120.21 W, 99 %
2025/12/02 22:46:00.994, 113.80 W, 99 %
2025/12/02 22:46:01.094, 121.67 W, 96 %
2025/12/02 22:46:01.194, 117.87 W, 96 %
2025/12/02 22:46:01.294, 119.07 W, 99 %
2025/12/02 22:46:01.394, 120.21 W, 99 %
2025/12/02 22:46:01.495, 115.86 W, 99 %
2025/12/02 22:46:01.595, 119.07 W, 99 %
2025/12/02 22:46:01.695, 120.80 W, 96 %
2025/12/02 22:46:01.795, 121.67 W, 96 %
2025/12/02 22:46:01.895, 119.61 W, 99 %
2025/12/02 22:46:01.995, 116.14 W, 99 %
2025/12/02 22:46:02.096, 120.53 W, 95 %
2025/12/02 22:46:02.196, 118.19 W, 95 %
2025/12/02 22:46:02.296, 119.07 W, 99 %
2025/12/02 22:46:02.396, 121.40 W, 99 %
2025/12/02 22:46:02.496, 119.61 W, 95 %
2025/12/02 22:46:02.596, 118.19 W, 95 %
2025/12/02 22:46:02.697, 120.53 W, 99 %
2025/12/02 22:46:02.797, 119.93 W, 99 %
2025/12/02 22:46:02.897, 119.33 W, 99 %
2025/12/02 22:46:02.997, 119.61 W, 99 %
2025/12/02 22:46:03.097, 117.00 W, 86 %
2025/12/02 22:46:03.197, 118.74 W, 86 %
2025/12/02 22:46:03.298, 118.46 W, 99 %
2025/12/02 22:46:03.398, 119.07 W, 99 %
2025/12/02 22:46:03.498, 120.80 W, 95 %
2025/12/02 22:46:03.598, 121.40 W, 95 %
2025/12/02 22:46:03.698, 119.07 W, 99 %
2025/12/02 22:46:03.798, 120.80 W, 99 %
2025/12/02 22:46:03.898, 105.05 W, 99 %
2025/12/02 22:46:03.999, 120.80 W, 99 %
2025/12/02 22:46:04.099, 118.74 W, 96 %
2025/12/02 22:46:04.199, 119.93 W, 96 %
2025/12/02 22:46:04.299, 121.67 W, 99 %
2025/12/02 22:46:04.399, 117.00 W, 99 %
2025/12/02 22:46:04.499, 120.80 W, 96 %
2025/12/02 22:46:04.600, 120.53 W, 96 %
2025/12/02 22:46:04.700, 118.74 W, 99 %
2025/12/02 22:46:04.800, 120.80 W, 99 %
2025/12/02 22:46:04.900, 120.53 W, 96 %
2025/12/02 22:46:05.000, 121.40 W, 96 %
2025/12/02 22:46:05.100, 118.46 W, 97 %
2025/12/02 22:46:05.201, 119.93 W, 97 %
2025/12/02 22:46:05.301, 118.74 W, 99 %
2025/12/02 22:46:05.401, 120.80 W, 99 %
2025/12/02 22:46:05.501, 121.67 W, 96 %
2025/12/02 22:46:05.601, 117.87 W, 96 %
2025/12/02 22:46:05.702, 118.74 W, 99 %
2025/12/02 22:46:05.802, 94.80 W, 99 %
2025/12/02 22:46:05.902, 119.93 W, 95 %
2025/12/02 22:46:06.002, 117.60 W, 95 %
2025/12/02 22:46:06.102, 119.07 W, 99 %
2025/12/02 22:46:06.202, 120.53 W, 99 %
2025/12/02 22:46:06.303, 117.27 W, 99 %
2025/12/02 22:46:06.403, 117.87 W, 99 %
2025/12/02 22:46:06.503, 120.80 W, 96 %
2025/12/02 22:46:06.603, 119.61 W, 96 %
2025/12/02 22:46:06.703, 121.07 W, 99 %
2025/12/02 22:46:06.803, 121.67 W, 99 %
2025/12/02 22:46:06.903, 119.33 W, 96 %
2025/12/02 22:46:07.004, 120.80 W, 96 %
2025/12/02 22:46:07.104, 119.61 W, 99 %
2025/12/02 22:46:07.204, 120.21 W, 99 %
2025/12/02 22:46:07.304, 118.46 W, 96 %
2025/12/02 22:46:07.404, 120.21 W, 96 %
2025/12/02 22:46:07.504, 119.33 W, 99 %
2025/12/02 22:46:07.605, 120.21 W, 99 %
2025/12/02 22:46:07.705, 90.72 W, 99 %
2025/12/02 22:46:07.805, 119.07 W, 99 %
2025/12/02 22:46:07.905, 118.19 W, 84 %
2025/12/02 22:46:08.005, 120.21 W, 84 %
2025/12/02 22:46:08.105, 121.07 W, 99 %
2025/12/02 22:46:08.206, 92.46 W, 99 %
2025/12/02 22:46:08.306, 119.61 W, 95 %
2025/12/02 22:46:08.406, 121.40 W, 95 %
2025/12/02 22:46:08.506, 119.33 W, 99 %
2025/12/02 22:46:08.606, 120.53 W, 99 %
2025/12/02 22:46:08.706, 116.14 W, 99 %
2025/12/02 22:46:08.807, 118.74 W, 99 %
2025/12/02 22:46:08.907, 121.67 W, 95 %
2025/12/02 22:46:09.007, 117.60 W, 95 %
2025/12/02 22:46:09.107, 120.53 W, 99 %
2025/12/02 22:46:09.207, 118.46 W, 99 %
2025/12/02 22:46:09.307, 119.07 W, 95 %
2025/12/02 22:46:09.408, 119.33 W, 95 %
2025/12/02 22:46:09.508, 119.61 W, 99 %
2025/12/02 22:46:09.608, 120.53 W, 99 %
2025/12/02 22:46:09.708, 120.53 W, 96 %
2025/12/02 22:46:09.808, 117.27 W, 96 %
2025/12/02 22:46:09.908, 119.61 W, 99 %
2025/12/02 22:46:10.009, 120.53 W, 99 %
2025/12/02 22:46:10.109, 95.12 W, 99 %
2025/12/02 22:46:10.209, 119.07 W, 99 %
2025/12/02 22:46:10.309, 119.33 W, 95 %
2025/12/02 22:46:10.409, 119.61 W, 95 %
2025/12/02 22:46:10.509, 121.67 W, 99 %
2025/12/02 22:46:10.609, 113.80 W, 99 %
2025/12/02 22:46:10.710, 117.87 W, 95 %
2025/12/02 22:46:10.810, 119.61 W, 95 %
2025/12/02 22:46:10.910, 120.53 W, 99 %
2025/12/02 22:46:11.010, 120.53 W, 99 %
2025/12/02 22:46:11.110, 118.19 W, 99 %
2025/12/02 22:46:11.210, 118.46 W, 99 %
2025/12/02 22:46:11.311, 121.40 W, 95 %
2025/12/02 22:46:11.411, 119.33 W, 95 %
2025/12/02 22:46:11.511, 121.07 W, 99 %
2025/12/02 22:46:11.611, 119.61 W, 99 %
2025/12/02 22:46:11.711, 119.07 W, 95 %
2025/12/02 22:46:11.811, 120.21 W, 95 %
2025/12/02 22:46:11.912, 121.94 W, 99 %
2025/12/02 22:46:12.012, 98.92 W, 99 %
2025/12/02 22:46:12.112, 119.33 W, 95 %
2025/12/02 22:46:12.212, 121.40 W, 95 %
2025/12/02 22:46:12.312, 119.93 W, 99 %
2025/12/02 22:46:12.412, 120.80 W, 99 %
2025/12/02 22:46:12.513, 71.78 W, 99 %
2025/12/02 22:46:12.613, 120.80 W, 99 %
2025/12/02 22:46:12.713, 121.67 W, 85 %
2025/12/02 22:46:12.813, 119.07 W, 85 %
2025/12/02 22:46:12.913, 120.53 W, 99 %
2025/12/02 22:46:13.013, 106.19 W, 99 %
2025/12/02 22:46:13.113, 118.46 W, 95 %
2025/12/02 22:46:13.214, 118.46 W, 95 %
2025/12/02 22:46:13.314, 120.21 W, 99 %
2025/12/02 22:46:13.414, 121.07 W, 99 %
2025/12/02 22:46:13.514, 119.07 W, 99 %
2025/12/02 22:46:13.614, 119.93 W, 99 %
2025/12/02 22:46:13.714, 118.46 W, 95 %
2025/12/02 22:46:13.815, 119.33 W, 95 %
2025/12/02 22:46:13.915, 121.07 W, 99 %
2025/12/02 22:46:14.015, 118.46 W, 99 %
2025/12/02 22:46:14.115, 120.53 W, 95 %
2025/12/02 22:46:14.215, 116.73 W, 95 %
2025/12/02 22:46:14.315, 119.33 W, 99 %
2025/12/02 22:46:14.416, 119.33 W, 99 %
2025/12/02 22:46:14.516, 118.19 W, 96 %
2025/12/02 22:46:14.616, 119.93 W, 96 %
2025/12/02 22:46:14.716, 121.40 W, 99 %
2025/12/02 22:46:14.816, 119.61 W, 99 %
2025/12/02 22:46:14.916, 98.92 W, 99 %
2025/12/02 22:46:15.017, 120.53 W, 99 %
2025/12/02 22:46:15.117, 120.80 W, 95 %
2025/12/02 22:46:15.217, 119.33 W, 95 %
2025/12/02 22:46:15.317, 119.61 W, 99 %
2025/12/02 22:46:15.417, 110.60 W, 99 %
2025/12/02 22:46:15.517, 118.74 W, 95 %
2025/12/02 22:46:15.618, 120.53 W, 95 %
2025/12/02 22:46:15.718, 117.60 W, 99 %
2025/12/02 22:46:15.818, 119.33 W, 99 %
2025/12/02 22:46:15.918, 119.93 W, 99 %
2025/12/02 22:46:16.018, 117.87 W, 99 %
2025/12/02 22:46:16.118, 118.74 W, 95 %
2025/12/02 22:46:16.219, 120.53 W, 95 %
2025/12/02 22:46:16.319, 120.21 W, 99 %
2025/12/02 22:46:16.419, 119.61 W, 99 %
2025/12/02 22:46:16.519, 118.46 W, 96 %
2025/12/02 22:46:16.619, 118.46 W, 96 %
2025/12/02 22:46:16.719, 118.74 W, 99 %
2025/12/02 22:46:16.820, 111.19 W, 99 %
2025/12/02 22:46:16.920, 120.21 W, 95 %
2025/12/02 22:46:17.020, 120.21 W, 95 %
2025/12/02 22:46:17.120, 121.40 W, 99 %
2025/12/02 22:46:17.220, 119.33 W, 99 %
2025/12/02 22:46:17.320, 121.40 W, 99 %
2025/12/02 22:46:17.421, 76.44 W, 99 %
2025/12/02 22:46:17.521, 119.61 W, 86 %
2025/12/02 22:46:17.621, 119.93 W, 86 %
2025/12/02 22:46:17.721, 121.94 W, 99 %
2025/12/02 22:46:17.821, 119.61 W, 99 %
2025/12/02 22:46:17.921, 101.80 W, 95 %
2025/12/02 22:46:18.022, 120.21 W, 95 %
2025/12/02 22:46:18.122, 117.87 W, 99 %
2025/12/02 22:46:18.222, 119.93 W, 99 %
2025/12/02 22:46:18.322, 121.67 W, 99 %
2025/12/02 22:46:18.422, 118.19 W, 99 %
2025/12/02 22:46:18.522, 120.21 W, 96 %
2025/12/02 22:46:18.623, 117.60 W, 96 %
2025/12/02 22:46:18.723, 120.21 W, 99 %
2025/12/02 22:46:18.823, 120.80 W, 99 %
2025/12/02 22:46:18.923, 121.07 W, 95 %
2025/12/02 22:46:19.023, 118.19 W, 95 %
2025/12/02 22:46:19.123, 120.53 W, 99 %
2025/12/02 22:46:19.224, 121.07 W, 99 %
2025/12/02 22:46:19.324, 118.46 W, 95 %
2025/12/02 22:46:19.424, 118.74 W, 95 %
2025/12/02 22:46:19.524, 120.53 W, 99 %
2025/12/02 22:46:19.624, 121.40 W, 99 %
2025/12/02 22:46:19.724, 117.60 W, 99 %
2025/12/02 22:46:19.825, 102.72 W, 99 %
2025/12/02 22:46:19.925, 121.07 W, 96 %
2025/12/02 22:46:20.025, 118.74 W, 96 %
2025/12/02 22:46:20.125, 120.80 W, 99 %
2025/12/02 22:46:20.225, 121.67 W, 99 %
2025/12/02 22:46:20.325, 117.27 W, 96 %
2025/12/02 22:46:20.425, 120.21 W, 96 %
2025/12/02 22:46:20.526, 119.33 W, 99 %
2025/12/02 22:46:20.626, 120.80 W, 99 %
2025/12/02 22:46:20.726, 119.61 W, 98 %
2025/12/02 22:46:20.826, 119.93 W, 98 %
2025/12/02 22:46:20.926, 121.40 W, 97 %
2025/12/02 22:46:21.026, 118.19 W, 97 %
2025/12/02 22:46:21.127, 120.80 W, 99 %
2025/12/02 22:46:21.227, 121.67 W, 99 %
2025/12/02 22:46:21.327, 119.93 W, 95 %
2025/12/02 22:46:21.427, 119.07 W, 95 %
2025/12/02 22:46:21.527, 119.61 W, 99 %
2025/12/02 22:46:21.627, 121.67 W, 99 %
2025/12/02 22:46:21.727, 99.79 W, 96 %
2025/12/02 22:46:21.828, 121.07 W, 96 %
2025/12/02 22:46:21.928, 117.87 W, 99 %
2025/12/02 22:46:22.028, 119.93 W, 99 %
2025/12/02 22:46:22.128, 121.94 W, 99 %
2025/12/02 22:46:22.228, 65.91 W, 99 %
2025/12/02 22:46:22.328, 120.21 W, 84 %
2025/12/02 22:46:22.429, 121.07 W, 84 %
2025/12/02 22:46:22.529, 117.27 W, 99 %
2025/12/02 22:46:22.629, 119.33 W, 99 %
2025/12/02 22:46:22.729, 116.14 W, 95 %
2025/12/02 22:46:22.829, 120.80 W, 95 %
2025/12/02 22:46:22.929, 119.33 W, 99 %
2025/12/02 22:46:23.030, 119.61 W, 99 %
2025/12/02 22:46:23.130, 120.53 W, 99 %
2025/12/02 22:46:23.230, 119.93 W, 99 %
2025/12/02 22:46:23.330, 121.40 W, 96 %
2025/12/02 22:46:23.430, 119.61 W, 96 %
2025/12/02 22:46:23.530, 121.67 W, 99 %
2025/12/02 22:46:23.630, 119.61 W, 99 %
2025/12/02 22:46:23.731, 119.61 W, 95 %
2025/12/02 22:46:23.831, 119.33 W, 95 %
2025/12/02 22:46:23.931, 119.33 W, 99 %
2025/12/02 22:46:24.031, 119.33 W, 99 %
2025/12/02 22:46:24.131, 117.00 W, 96 %
2025/12/02 22:46:24.231, 119.07 W, 96 %
2025/12/02 22:46:24.332, 118.74 W, 99 %
2025/12/02 22:46:24.432, 121.07 W, 99 %
2025/12/02 22:46:24.532, 119.61 W, 99 %
2025/12/02 22:46:24.632, 107.94 W, 99 %
2025/12/02 22:46:24.732, 120.21 W, 95 %
2025/12/02 22:46:24.832, 118.46 W, 95 %
2025/12/02 22:46:24.933, 120.53 W, 99 %
2025/12/02 22:46:25.033, 119.33 W, 99 %
2025/12/02 22:46:25.133, 117.27 W, 95 %
2025/12/02 22:46:25.233, 120.53 W, 95 %
2025/12/02 22:46:25.333, 120.21 W, 99 %
2025/12/02 22:46:25.433, 118.19 W, 99 %
2025/12/02 22:46:25.534, 119.93 W, 96 %
2025/12/02 22:46:25.634, 120.21 W, 96 %
2025/12/02 22:46:25.734, 121.94 W, 97 %
2025/12/02 22:46:25.834, 120.21 W, 97 %
2025/12/02 22:46:25.934, 119.33 W, 99 %
2025/12/02 22:46:26.034, 119.07 W, 99 %
2025/12/02 22:46:26.134, 120.21 W, 96 %
2025/12/02 22:46:26.235, 121.67 W, 96 %
2025/12/02 22:46:26.335, 119.33 W, 99 %
2025/12/02 22:46:26.435, 121.07 W, 99 %
2025/12/02 22:46:26.535, 101.26 W, 95 %
2025/12/02 22:46:26.635, 119.93 W, 95 %
2025/12/02 22:46:26.735, 118.46 W, 99 %
2025/12/02 22:46:26.836, 120.21 W, 99 %
2025/12/02 22:46:26.936, 117.00 W, 99 %
2025/12/02 22:46:27.036, 78.18 W, 99 %
2025/12/02 22:46:27.136, 121.07 W, 86 %
2025/12/02 22:46:27.236, 119.33 W, 86 %
2025/12/02 22:46:27.336, 121.40 W, 99 %
2025/12/02 22:46:27.437, 118.46 W, 99 %
2025/12/02 22:46:27.537, 117.27 W, 96 %
2025/12/02 22:46:27.637, 117.27 W, 96 %
2025/12/02 22:46:27.737, 120.21 W, 99 %
2025/12/02 22:46:27.837, 117.87 W, 99 %
2025/12/02 22:46:27.937, 119.07 W, 99 %
2025/12/02 22:46:28.038, 118.19 W, 99 %
2025/12/02 22:46:28.138, 120.21 W, 96 %
2025/12/02 22:46:28.238, 121.40 W, 96 %
2025/12/02 22:46:28.338, 119.93 W, 99 %
2025/12/02 22:46:28.438, 118.46 W, 99 %
2025/12/02 22:46:28.538, 118.74 W, 95 %
2025/12/02 22:46:28.639, 121.67 W, 95 %
2025/12/02 22:46:28.739, 119.07 W, 99 %
2025/12/02 22:46:28.839, 119.33 W, 99 %
2025/12/02 22:46:28.939, 99.46 W, 95 %
2025/12/02 22:46:29.039, 119.93 W, 95 %
2025/12/02 22:46:29.139, 118.46 W, 99 %
2025/12/02 22:46:29.239, 119.93 W, 99 %
2025/12/02 22:46:29.340, 119.93 W, 99 %
2025/12/02 22:46:29.440, 115.86 W, 99 %
2025/12/02 22:46:29.540, 119.33 W, 96 %
2025/12/02 22:46:29.640, 121.67 W, 96 %
2025/12/02 22:46:29.740, 119.33 W, 99 %
2025/12/02 22:46:29.840, 121.67 W, 99 %
2025/12/02 22:46:29.941, 118.46 W, 95 %
2025/12/02 22:46:30.041, 118.74 W, 95 %
2025/12/02 22:46:30.141, 120.21 W, 99 %
2025/12/02 22:46:30.241, 121.40 W, 99 %
2025/12/02 22:46:30.341, 119.33 W, 96 %
2025/12/02 22:46:30.441, 118.46 W, 96 %
2025/12/02 22:46:30.542, 117.60 W, 98 %
2025/12/02 22:46:30.642, 120.53 W, 98 %
2025/12/02 22:46:30.742, 121.67 W, 99 %
2025/12/02 22:46:30.842, 119.33 W, 99 %
2025/12/02 22:46:30.942, 119.07 W, 96 %
2025/12/02 22:46:31.042, 120.53 W, 96 %
2025/12/02 22:46:31.143, 118.74 W, 99 %
2025/12/02 22:46:31.243, 120.21 W, 99 %
2025/12/02 22:46:31.343, 87.79 W, 93 %
2025/12/02 22:46:31.443, 118.19 W, 93 %
2025/12/02 22:46:31.543, 120.53 W, 99 %
2025/12/02 22:46:31.643, 118.74 W, 99 %
2025/12/02 22:46:31.743, 121.40 W, 99 %
2025/12/02 22:46:31.844, 68.85 W, 99 %
2025/12/02 22:46:31.944, 119.07 W, 85 %
2025/12/02 22:46:32.044, 121.07 W, 85 %
2025/12/02 22:46:32.144, 120.53 W, 99 %
2025/12/02 22:46:32.244, 117.27 W, 99 %
2025/12/02 22:46:32.344, 111.73 W, 95 %
2025/12/02 22:46:32.445, 121.07 W, 95 %
2025/12/02 22:46:32.545, 119.33 W, 99 %
2025/12/02 22:46:32.645, 118.74 W, 99 %
2025/12/02 22:46:32.745, 121.07 W, 99 %
2025/12/02 22:46:32.845, 119.61 W, 99 %
2025/12/02 22:46:32.945, 119.61 W, 95 %
2025/12/02 22:46:33.046, 120.80 W, 95 %
2025/12/02 22:46:33.146, 120.53 W, 99 %
2025/12/02 22:46:33.246, 120.80 W, 99 %
2025/12/02 22:46:33.346, 121.67 W, 95 %
2025/12/02 22:46:33.446, 117.60 W, 95 %
2025/12/02 22:46:33.546, 119.07 W, 99 %
2025/12/02 22:46:33.647, 120.21 W, 99 %
2025/12/02 22:46:33.747, 108.80 W, 96 %
2025/12/02 22:46:33.847, 119.33 W, 96 %
2025/12/02 22:46:33.947, 120.80 W, 99 %
2025/12/02 22:46:34.047, 117.87 W, 99 %
2025/12/02 22:46:34.147, 121.07 W, 99 %
2025/12/02 22:46:34.247, 104.73 W, 99 %
2025/12/02 22:46:34.348, 121.07 W, 95 %
2025/12/02 22:46:34.448, 119.33 W, 95 %
2025/12/02 22:46:34.548, 119.07 W, 99 %
2025/12/02 22:46:34.648, 121.07 W, 99 %
2025/12/02 22:46:34.748, 113.80 W, 95 %
2025/12/02 22:46:34.848, 119.07 W, 95 %
2025/12/02 22:46:34.949, 117.00 W, 99 %
2025/12/02 22:46:35.049, 119.33 W, 99 %
2025/12/02 22:46:35.149, 120.53 W, 99 %
2025/12/02 22:46:35.249, 117.00 W, 99 %
2025/12/02 22:46:35.349, 121.40 W, 95 %
2025/12/02 22:46:35.449, 120.80 W, 95 %
2025/12/02 22:46:35.550, 119.07 W, 99 %
2025/12/02 22:46:35.650, 120.53 W, 99 %
2025/12/02 22:46:35.750, 119.61 W, 95 %
2025/12/02 22:46:35.850, 120.80 W, 95 %
2025/12/02 22:46:35.950, 121.67 W, 99 %
2025/12/02 22:46:36.050, 119.93 W, 99 %
2025/12/02 22:46:36.151, 99.19 W, 95 %
2025/12/02 22:46:36.251, 118.74 W, 95 %
2025/12/02 22:46:36.351, 119.93 W, 95 %
2025/12/02 22:46:36.451, 119.07 W, 95 %
2025/12/02 22:46:36.551, 120.21 W, 99 %
2025/12/02 22:46:36.651, 71.78 W, 99 %
2025/12/02 22:46:36.751, 118.19 W, 86 %
2025/12/02 22:46:36.852, 119.93 W, 86 %
2025/12/02 22:46:36.952, 120.80 W, 86 %
2025/12/02 22:46:37.052, 119.61 W, 86 %
2025/12/02 22:46:37.152, 113.80 W, 99 %
2025/12/02 22:46:37.252, 119.61 W, 99 %
2025/12/02 22:46:37.352, 121.07 W, 96 %
2025/12/02 22:46:37.453, 119.93 W, 96 %
2025/12/02 22:46:37.553, 119.07 W, 99 %
2025/12/02 22:46:37.653, 117.27 W, 99 %
2025/12/02 22:46:37.753, 119.93 W, 99 %
2025/12/02 22:46:37.853, 120.21 W, 99 %
2025/12/02 22:46:37.953, 119.07 W, 95 %
2025/12/02 22:46:38.054, 120.21 W, 95 %
2025/12/02 22:46:38.154, 120.21 W, 99 %
2025/12/02 22:46:38.254, 120.21 W, 99 %
2025/12/02 22:46:38.354, 119.93 W, 95 %
2025/12/02 22:46:38.454, 120.80 W, 95 %
2025/12/02 22:46:38.554, 118.46 W, 99 %
2025/12/02 22:46:38.655, 121.40 W, 99 %
2025/12/02 22:46:38.755, 117.87 W, 96 %
2025/12/02 22:46:38.855, 119.93 W, 96 %
2025/12/02 22:46:38.955, 121.40 W, 99 %
2025/12/02 22:46:39.055, 105.60 W, 99 %
2025/12/02 22:46:39.155, 118.19 W, 99 %
2025/12/02 22:46:39.256, 119.93 W, 99 %
2025/12/02 22:46:39.356, 118.46 W, 96 %
2025/12/02 22:46:39.456, 121.07 W, 96 %
2025/12/02 22:46:39.556, 117.27 W, 99 %
2025/12/02 22:46:39.656, 121.07 W, 99 %
2025/12/02 22:46:39.756, 118.74 W, 96 %
2025/12/02 22:46:39.856, 120.53 W, 96 %
2025/12/02 22:46:39.957, 121.67 W, 99 %
2025/12/02 22:46:40.057, 119.61 W, 99 %
2025/12/02 22:46:40.157, 117.27 W, 99 %
2025/12/02 22:46:40.257, 121.07 W, 99 %
2025/12/02 22:46:40.357, 120.53 W, 95 %
2025/12/02 22:46:40.457, 120.21 W, 95 %
2025/12/02 22:46:40.558, 121.07 W, 99 %
2025/12/02 22:46:40.658, 121.07 W, 99 %
2025/12/02 22:46:40.758, 120.53 W, 99 %
2025/12/02 22:46:40.858, 120.80 W, 96 %
2025/12/02 22:46:40.958, 98.92 W, 96 %
2025/12/02 22:46:41.058, 119.61 W, 99 %
2025/12/02 22:46:41.159, 119.07 W, 99 %
2025/12/02 22:46:41.259, 121.07 W, 96 %
2025/12/02 22:46:41.359, 119.33 W, 96 %
2025/12/02 22:46:41.459, 67.10 W, 99 %
2025/12/02 22:46:41.559, 120.53 W, 99 %
2025/12/02 22:46:41.659, 120.53 W, 99 %
2025/12/02 22:46:41.760, 118.19 W, 99 %
2025/12/02 22:46:41.860, 118.19 W, 85 %
2025/12/02 22:46:41.960, 112.33 W, 85 %
2025/12/02 22:46:42.060, 120.80 W, 99 %
2025/12/02 22:46:42.160, 120.21 W, 99 %
2025/12/02 22:46:42.260, 117.60 W, 95 %
2025/12/02 22:46:42.360, 120.53 W, 95 %
2025/12/02 22:46:42.461, 120.21 W, 99 %
2025/12/02 22:46:42.561, 119.61 W, 99 %
2025/12/02 22:46:42.661, 119.61 W, 99 %
2025/12/02 22:46:42.761, 120.53 W, 99 %
2025/12/02 22:46:42.861, 119.61 W, 95 %
2025/12/02 22:46:42.961, 119.33 W, 95 %
2025/12/02 22:46:43.062, 120.53 W, 99 %
2025/12/02 22:46:43.162, 121.40 W, 99 %
2025/12/02 22:46:43.262, 119.61 W, 96 %
2025/12/02 22:46:43.362, 121.40 W, 96 %
2025/12/02 22:46:43.462, 118.19 W, 99 %
2025/12/02 22:46:43.562, 121.07 W, 99 %
2025/12/02 22:46:43.663, 118.19 W, 96 %
2025/12/02 22:46:43.763, 119.33 W, 96 %
2025/12/02 22:46:43.863, 120.80 W, 99 %
2025/12/02 22:46:43.963, 110.60 W, 99 %
2025/12/02 22:46:44.063, 119.07 W, 99 %
2025/12/02 22:46:44.163, 120.80 W, 99 %
2025/12/02 22:46:44.264, 119.61 W, 95 %
2025/12/02 22:46:44.364, 119.61 W, 95 %
2025/12/02 22:46:44.464, 118.19 W, 99 %
2025/12/02 22:46:44.564, 121.07 W, 99 %
2025/12/02 22:46:44.664, 120.21 W, 95 %
2025/12/02 22:46:44.764, 119.61 W, 95 %
2025/12/02 22:46:44.865, 121.07 W, 99 %
2025/12/02 22:46:44.965, 119.33 W, 99 %
2025/12/02 22:46:45.065, 118.19 W, 97 %
2025/12/02 22:46:45.165, 120.53 W, 97 %
2025/12/02 22:46:45.265, 119.33 W, 98 %
2025/12/02 22:46:45.365, 120.80 W, 98 %
2025/12/02 22:46:45.465, 119.93 W, 99 %
2025/12/02 22:46:45.566, 119.61 W, 99 %
2025/12/02 22:46:45.666, 121.07 W, 95 %
2025/12/02 22:46:45.766, 119.07 W, 95 %
2025/12/02 22:46:45.866, 91.92 W, 99 %
2025/12/02 22:46:45.966, 117.27 W, 99 %
2025/12/02 22:46:46.066, 119.07 W, 95 %
2025/12/02 22:46:46.167, 117.87 W, 95 %
2025/12/02 22:46:46.267, 120.53 W, 99 %
2025/12/02 22:46:46.367, 120.53 W, 99 %
2025/12/02 22:46:46.467, 67.97 W, 99 %
2025/12/02 22:46:46.567, 119.07 W, 99 %
2025/12/02 22:46:46.667, 120.21 W, 86 %
2025/12/02 22:46:46.768, 117.87 W, 86 %
2025/12/02 22:46:46.868, 114.67 W, 99 %
2025/12/02 22:46:46.968, 114.67 W, 99 %
2025/12/02 22:46:47.068, 120.80 W, 96 %
2025/12/02 22:46:47.168, 121.67 W, 96 %
2025/12/02 22:46:47.268, 117.87 W, 99 %
2025/12/02 22:46:47.369, 119.07 W, 99 %
2025/12/02 22:46:47.469, 118.46 W, 99 %
2025/12/02 22:46:47.569, 120.80 W, 99 %
2025/12/02 22:46:47.669, 120.21 W, 95 %
2025/12/02 22:46:47.769, 120.53 W, 95 %
2025/12/02 22:46:47.869, 120.53 W, 99 %
2025/12/02 22:46:47.970, 118.19 W, 99 %
2025/12/02 22:46:48.070, 120.53 W, 96 %
2025/12/02 22:46:48.170, 121.67 W, 96 %
2025/12/02 22:46:48.270, 118.46 W, 99 %
2025/12/02 22:46:48.370, 97.73 W, 99 %
2025/12/02 22:46:48.470, 121.40 W, 95 %
2025/12/02 22:46:48.571, 118.46 W, 95 %
2025/12/02 22:46:48.671, 119.61 W, 99 %
2025/12/02 22:46:48.771, 120.80 W, 99 %
2025/12/02 22:46:48.871, 108.53 W, 99 %
2025/12/02 22:46:48.971, 121.40 W, 99 %
2025/12/02 22:46:49.071, 119.93 W, 95 %
2025/12/02 22:46:49.172, 119.07 W, 95 %
2025/12/02 22:46:49.272, 120.80 W, 99 %
2025/12/02 22:46:49.372, 120.53 W, 99 %
2025/12/02 22:46:49.472, 118.19 W, 96 %
2025/12/02 22:46:49.572, 119.07 W, 96 %
2025/12/02 22:46:49.672, 120.53 W, 99 %
2025/12/02 22:46:49.773, 119.33 W, 99 %
2025/12/02 22:46:49.873, 118.46 W, 97 %
2025/12/02 22:46:49.973, 119.93 W, 97 %
2025/12/02 22:46:50.073, 120.53 W, 97 %
2025/12/02 22:46:50.173, 119.33 W, 97 %
2025/12/02 22:46:50.273, 105.60 W, 99 %
2025/12/02 22:46:50.373, 119.61 W, 99 %
2025/12/02 22:46:50.474, 121.40 W, 95 %
2025/12/02 22:46:50.574, 118.74 W, 95 %
2025/12/02 22:46:50.674, 120.21 W, 99 %
2025/12/02 22:46:50.774, 105.33 W, 99 %
2025/12/02 22:46:50.874, 118.46 W, 95 %
2025/12/02 22:46:50.974, 120.80 W, 95 %
2025/12/02 22:46:51.075, 117.27 W, 99 %
2025/12/02 22:46:51.175, 119.33 W, 99 %
2025/12/02 22:46:51.275, 81.11 W, 99 %
2025/12/02 22:46:51.375, 118.46 W, 99 %
2025/12/02 22:46:51.475, 119.33 W, 85 %
2025/12/02 22:46:51.575, 119.61 W, 85 %
2025/12/02 22:46:51.676, 119.61 W, 99 %
2025/12/02 22:46:51.776, 117.00 W, 99 %
2025/12/02 22:46:51.876, 117.87 W, 95 %
2025/12/02 22:46:51.976, 120.21 W, 95 %
2025/12/02 22:46:52.076, 121.67 W, 99 %
2025/12/02 22:46:52.176, 118.74 W, 99 %
2025/12/02 22:46:52.277, 119.93 W, 99 %
2025/12/02 22:46:52.377, 120.21 W, 99 %
2025/12/02 22:46:52.477, 117.87 W, 95 %
2025/12/02 22:46:52.577, 120.53 W, 95 %
2025/12/02 22:46:52.677, 120.21 W, 99 %
2025/12/02 22:46:52.777, 118.19 W, 99 %
2025/12/02 22:46:52.878, 119.61 W, 95 %
2025/12/02 22:46:52.978, 121.07 W, 95 %
2025/12/02 22:46:53.078, 121.40 W, 99 %
2025/12/02 22:46:53.178, 98.92 W, 99 %
2025/12/02 22:46:53.278, 119.07 W, 95 %
2025/12/02 22:46:53.378, 119.93 W, 95 %
2025/12/02 22:46:53.478, 117.60 W, 99 %
2025/12/02 22:46:53.579, 119.61 W, 99 %
2025/12/02 22:46:53.679, 112.33 W, 99 %
2025/12/02 22:46:53.779, 119.93 W, 99 %
2025/12/02 22:46:53.879, 119.07 W, 95 %
2025/12/02 22:46:53.979, 120.80 W, 95 %
2025/12/02 22:46:54.079, 118.19 W, 99 %
2025/12/02 22:46:54.180, 119.61 W, 99 %
2025/12/02 22:46:54.280, 119.61 W, 96 %
2025/12/02 22:46:54.380, 118.74 W, 96 %
2025/12/02 22:46:54.480, 120.53 W, 99 %
2025/12/02 22:46:54.580, 118.19 W, 99 %
2025/12/02 22:46:54.680, 120.21 W, 96 %
2025/12/02 22:46:54.781, 121.67 W, 96 %
2025/12/02 22:46:54.881, 119.61 W, 97 %
2025/12/02 22:46:54.981, 120.53 W, 97 %
2025/12/02 22:46:55.081, 117.87 W, 99 %
2025/12/02 22:46:55.181, 119.93 W, 99 %
2025/12/02 22:46:55.281, 119.61 W, 96 %
2025/12/02 22:46:55.382, 119.33 W, 96 %
2025/12/02 22:46:55.482, 118.19 W, 99 %
2025/12/02 22:46:55.582, 107.66 W, 99 %
2025/12/02 22:46:55.682, 119.61 W, 96 %
2025/12/02 22:46:55.782, 120.53 W, 96 %
2025/12/02 22:46:55.882, 119.61 W, 99 %
2025/12/02 22:46:55.983, 119.07 W, 99 %
2025/12/02 22:46:56.083, 71.17 W, 99 %
2025/12/02 22:46:56.183, 118.46 W, 99 %
2025/12/02 22:46:56.283, 117.87 W, 85 %
2025/12/02 22:46:56.383, 119.93 W, 85 %
2025/12/02 22:46:56.483, 121.40 W, 99 %
2025/12/02 22:46:56.583, 113.80 W, 99 %
2025/12/02 22:46:56.684, 118.46 W, 95 %
2025/12/02 22:46:56.784, 120.80 W, 95 %
2025/12/02 22:46:56.884, 121.40 W, 99 %
2025/12/02 22:46:56.984, 119.33 W, 99 %
2025/12/02 22:46:57.084, 117.27 W, 99 %
2025/12/02 22:46:57.184, 119.93 W, 99 %
2025/12/02 22:46:57.285, 117.27 W, 95 %
2025/12/02 22:46:57.385, 120.53 W, 95 %
2025/12/02 22:46:57.485, 119.33 W, 99 %
2025/12/02 22:46:57.585, 119.61 W, 99 %
2025/12/02 22:46:57.685, 119.33 W, 95 %
2025/12/02 22:46:57.785, 119.61 W, 95 %
2025/12/02 22:46:57.886, 119.61 W, 99 %
2025/12/02 22:46:57.986, 112.06 W, 99 %
2025/12/02 22:46:58.086, 120.53 W, 95 %
2025/12/02 22:46:58.186, 119.61 W, 95 %
2025/12/02 22:46:58.286, 120.80 W, 99 %
2025/12/02 22:46:58.386, 121.40 W, 99 %
2025/12/02 22:46:58.487, 109.40 W, 99 %
2025/12/02 22:46:58.587, 118.46 W, 99 %
2025/12/02 22:46:58.687, 120.53 W, 96 %
2025/12/02 22:46:58.787, 121.67 W, 96 %
2025/12/02 22:46:58.887, 117.87 W, 99 %
2025/12/02 22:46:58.987, 116.40 W, 99 %
2025/12/02 22:46:59.088, 120.80 W, 95 %
2025/12/02 22:46:59.188, 119.33 W, 95 %
2025/12/02 22:46:59.288, 120.21 W, 99 %
2025/12/02 22:46:59.388, 117.87 W, 99 %
2025/12/02 22:46:59.488, 121.07 W, 99 %
2025/12/02 22:46:59.588, 119.93 W, 99 %
2025/12/02 22:46:59.689, 118.46 W, 96 %
2025/12/02 22:46:59.789, 120.80 W, 96 %
2025/12/02 22:46:59.889, 120.21 W, 99 %
2025/12/02 22:46:59.989, 117.87 W, 99 %
2025/12/02 22:47:00.089, 118.74 W, 96 %
2025/12/02 22:47:00.189, 119.33 W, 96 %
2025/12/02 22:47:00.290, 120.80 W, 99 %
2025/12/02 22:47:00.390, 100.66 W, 99 %
2025/12/02 22:47:00.490, 119.93 W, 95 %
2025/12/02 22:47:00.590, 117.60 W, 95 %
2025/12/02 22:47:00.690, 120.80 W, 99 %
2025/12/02 22:47:00.790, 117.27 W, 99 %
2025/12/02 22:47:00.890, 65.91 W, 99 %
2025/12/02 22:47:00.991, 121.40 W, 99 %
2025/12/02 22:47:01.091, 119.33 W, 85 %
2025/12/02 22:47:01.191, 119.61 W, 85 %
2025/12/02 22:47:01.291, 121.67 W, 99 %
2025/12/02 22:47:01.391, 113.80 W, 99 %
2025/12/02 22:47:01.491, 120.53 W, 95 %
2025/12/02 22:47:01.592, 121.67 W, 95 %
2025/12/02 22:47:01.692, 121.07 W, 99 %
2025/12/02 22:47:01.792, 121.94 W, 99 %
2025/12/02 22:47:01.892, 117.87 W, 99 %
2025/12/02 22:47:01.992, 120.53 W, 99 %
2025/12/02 22:47:02.092, 118.46 W, 96 %
2025/12/02 22:47:02.193, 121.07 W, 96 %
2025/12/02 22:47:02.293, 119.07 W, 99 %
2025/12/02 22:47:02.393, 119.61 W, 99 %
2025/12/02 22:47:02.493, 120.80 W, 95 %
2025/12/02 22:47:02.593, 121.40 W, 95 %
2025/12/02 22:47:02.693, 118.19 W, 99 %
2025/12/02 22:47:02.794, 95.12 W, 99 %
2025/12/02 22:47:02.894, 119.61 W, 96 %
2025/12/02 22:47:02.994, 121.07 W, 96 %
2025/12/02 22:47:03.094, 119.93 W, 99 %
2025/12/02 22:47:03.194, 119.61 W, 99 %
2025/12/02 22:47:03.294, 114.39 W, 99 %
2025/12/02 22:47:03.395, 120.53 W, 99 %
2025/12/02 22:47:03.495, 118.74 W, 96 %
2025/12/02 22:47:03.595, 120.80 W, 96 %
2025/12/02 22:47:03.695, 121.67 W, 99 %
2025/12/02 22:47:03.795, 116.14 W, 99 %
2025/12/02 22:47:03.895, 119.33 W, 95 %
2025/12/02 22:47:03.996, 120.21 W, 95 %
2025/12/02 22:47:04.096, 120.53 W, 99 %
2025/12/02 22:47:04.196, 117.00 W, 99 %
2025/12/02 22:47:04.296, 118.74 W, 98 %
2025/12/02 22:47:04.396, 120.53 W, 98 %
2025/12/02 22:47:04.496, 121.67 W, 96 %
2025/12/02 22:47:04.596, 119.33 W, 96 %
2025/12/02 22:47:04.697, 119.33 W, 99 %
2025/12/02 22:47:04.797, 120.53 W, 99 %
2025/12/02 22:47:04.897, 117.60 W, 95 %
2025/12/02 22:47:04.997, 119.93 W, 95 %
2025/12/02 22:47:05.097, 120.21 W, 99 %
2025/12/02 22:47:05.197, 104.73 W, 99 %
2025/12/02 22:47:05.298, 121.07 W, 96 %
2025/12/02 22:47:05.398, 118.19 W, 96 %
2025/12/02 22:47:05.498, 121.40 W, 99 %
2025/12/02 22:47:05.598, 118.46 W, 99 %
2025/12/02 22:47:05.698, 69.11 W, 99 %
2025/12/02 22:47:05.798, 117.60 W, 99 %
2025/12/02 22:47:05.899, 119.61 W, 86 %
2025/12/02 22:47:05.999, 117.87 W, 86 %
2025/12/02 22:47:06.099, 120.21 W, 99 %
2025/12/02 22:47:06.199, 114.67 W, 99 %
2025/12/02 22:47:06.299, 120.53 W, 96 %
2025/12/02 22:47:06.399, 118.74 W, 96 %
2025/12/02 22:47:06.500, 118.46 W, 99 %
2025/12/02 22:47:06.600, 119.61 W, 99 %
2025/12/02 22:47:06.700, 120.21 W, 99 %
2025/12/02 22:47:06.800, 119.33 W, 99 %
2025/12/02 22:47:06.900, 119.61 W, 95 %
2025/12/02 22:47:07.000, 120.80 W, 95 %
2025/12/02 22:47:07.100, 120.80 W, 99 %
2025/12/02 22:47:07.201, 119.07 W, 99 %
2025/12/02 22:47:07.301, 120.53 W, 96 %
2025/12/02 22:47:07.401, 118.19 W, 96 %
2025/12/02 22:47:07.501, 118.74 W, 99 %
2025/12/02 22:47:07.601, 119.07 W, 99 %
2025/12/02 22:47:07.701, 119.61 W, 95 %
2025/12/02 22:47:07.802, 117.87 W, 95 %
2025/12/02 22:47:07.902, 119.33 W, 99 %
2025/12/02 22:47:08.002, 121.07 W, 99 %
2025/12/02 22:47:08.102, 105.60 W, 99 %
2025/12/02 22:47:08.202, 120.53 W, 99 %
2025/12/02 22:47:08.302, 120.80 W, 96 %
2025/12/02 22:47:08.403, 118.74 W, 96 %
2025/12/02 22:47:08.503, 119.33 W, 99 %
2025/12/02 22:47:08.603, 116.73 W, 99 %
2025/12/02 22:47:08.703, 119.33 W, 95 %
2025/12/02 22:47:08.803, 119.93 W, 95 %
2025/12/02 22:47:08.903, 121.07 W, 99 %
2025/12/02 22:47:09.004, 119.33 W, 99 %
2025/12/02 22:47:09.104, 119.93 W, 99 %
2025/12/02 22:47:09.204, 121.40 W, 99 %
2025/12/02 22:47:09.304, 118.19 W, 95 %
2025/12/02 22:47:09.404, 119.07 W, 95 %
2025/12/02 22:47:09.504, 120.53 W, 99 %
2025/12/02 22:47:09.605, 118.19 W, 99 %
2025/12/02 22:47:09.705, 120.80 W, 95 %
2025/12/02 22:47:09.805, 121.07 W, 95 %
2025/12/02 22:47:09.905, 119.61 W, 99 %
2025/12/02 22:47:10.005, 97.46 W, 99 %
2025/12/02 22:47:10.105, 121.07 W, 95 %
2025/12/02 22:47:10.206, 118.19 W, 95 %
2025/12/02 22:47:10.306, 119.07 W, 99 %
2025/12/02 22:47:10.406, 120.80 W, 99 %
2025/12/02 22:47:10.506, 74.38 W, 99 %
2025/12/02 22:47:10.606, 120.21 W, 99 %
2025/12/02 22:47:10.706, 119.07 W, 86 %
2025/12/02 22:47:10.807, 120.80 W, 86 %
2025/12/02 22:47:10.907, 117.87 W, 99 %
2025/12/02 22:47:11.007, 112.93 W, 99 %
2025/12/02 22:47:11.107, 119.61 W, 96 %
2025/12/02 22:47:11.207, 117.87 W, 96 %
2025/12/02 22:47:11.307, 120.21 W, 99 %
2025/12/02 22:47:11.408, 121.07 W, 99 %
2025/12/02 22:47:11.508, 116.73 W, 99 %
2025/12/02 22:47:11.608, 119.07 W, 99 %
2025/12/02 22:47:11.708, 121.07 W, 95 %
2025/12/02 22:47:11.808, 119.33 W, 95 %
2025/12/02 22:47:11.908, 118.74 W, 99 %
2025/12/02 22:47:12.009, 119.93 W, 99 %
2025/12/02 22:47:12.109, 117.60 W, 96 %
2025/12/02 22:47:12.209, 120.21 W, 96 %
2025/12/02 22:47:12.309, 119.33 W, 99 %
2025/12/02 22:47:12.409, 120.21 W, 99 %
2025/12/02 22:47:12.509, 121.67 W, 96 %
2025/12/02 22:47:12.609, 119.61 W, 96 %
2025/12/02 22:47:12.710, 119.61 W, 99 %
2025/12/02 22:47:12.810, 121.07 W, 99 %
2025/12/02 22:47:12.910, 93.92 W, 99 %
2025/12/02 22:47:13.010, 119.33 W, 99 %
2025/12/02 22:47:13.110, 117.87 W, 95 %
2025/12/02 22:47:13.210, 121.07 W, 95 %
2025/12/02 22:47:13.311, 119.93 W, 99 %
2025/12/02 22:47:13.411, 112.06 W, 99 %
2025/12/02 22:47:13.511, 116.73 W, 95 %
2025/12/02 22:47:13.611, 118.74 W, 95 %
2025/12/02 22:47:13.711, 120.80 W, 99 %
2025/12/02 22:47:13.811, 121.40 W, 99 %
2025/12/02 22:47:13.912, 117.60 W, 99 %
2025/12/02 22:47:14.012, 119.07 W, 99 %
2025/12/02 22:47:14.112, 120.80 W, 96 %
2025/12/02 22:47:14.212, 117.60 W, 96 %
2025/12/02 22:47:14.312, 118.74 W, 99 %
2025/12/02 22:47:14.412, 119.93 W, 99 %
2025/12/02 22:47:14.513, 120.80 W, 95 %
2025/12/02 22:47:14.613, 119.61 W, 95 %
2025/12/02 22:47:14.713, 119.93 W, 99 %
2025/12/02 22:47:14.813, 113.53 W, 99 %
2025/12/02 22:47:14.913, 121.07 W, 95 %
2025/12/02 22:47:15.013, 118.19 W, 95 %
2025/12/02 22:47:15.113, 120.21 W, 99 %
2025/12/02 22:47:15.214, 119.07 W, 99 %
2025/12/02 22:47:15.314, 77.58 W, 99 %
2025/12/02 22:47:15.414, 119.07 W, 99 %
2025/12/02 22:47:15.514, 118.19 W, 86 %
2025/12/02 22:47:15.614, 119.61 W, 86 %
2025/12/02 22:47:15.714, 120.80 W, 99 %
2025/12/02 22:47:15.815, 103.86 W, 99 %
2025/12/02 22:47:15.915, 119.07 W, 95 %
2025/12/02 22:47:16.015, 119.61 W, 95 %
2025/12/02 22:47:16.115, 120.53 W, 99 %
2025/12/02 22:47:16.215, 120.21 W, 99 %
2025/12/02 22:47:16.315, 116.73 W, 99 %
2025/12/02 22:47:16.416, 118.74 W, 99 %
2025/12/02 22:47:16.516, 120.80 W, 95 %
2025/12/02 22:47:16.616, 119.61 W, 95 %
2025/12/02 22:47:16.716, 119.07 W, 99 %
2025/12/02 22:47:16.816, 120.80 W, 99 %
2025/12/02 22:47:16.916, 121.67 W, 96 %
2025/12/02 22:47:17.017, 119.61 W, 96 %
2025/12/02 22:47:17.117, 119.07 W, 99 %
2025/12/02 22:47:17.217, 120.21 W, 99 %
2025/12/02 22:47:17.317, 119.93 W, 95 %
2025/12/02 22:47:17.417, 120.53 W, 95 %
2025/12/02 22:47:17.517, 119.33 W, 99 %
2025/12/02 22:47:17.617, 120.21 W, 99 %
2025/12/02 22:47:17.718, 100.06 W, 99 %
2025/12/02 22:47:17.818, 119.33 W, 99 %
2025/12/02 22:47:17.918, 120.53 W, 96 %
2025/12/02 22:47:18.018, 119.61 W, 96 %
2025/12/02 22:47:18.118, 120.21 W, 99 %
2025/12/02 22:47:18.218, 112.33 W, 99 %
2025/12/02 22:47:18.319, 112.33 W, 95 %
2025/12/02 22:47:18.419, 119.61 W, 95 %
2025/12/02 22:47:18.519, 121.07 W, 99 %
2025/12/02 22:47:18.619, 119.61 W, 99 %
2025/12/02 22:47:18.719, 117.87 W, 99 %
2025/12/02 22:47:18.819, 121.40 W, 99 %
2025/12/02 22:47:18.920, 121.40 W, 95 %
2025/12/02 22:47:19.020, 117.87 W, 95 %
2025/12/02 22:47:19.120, 119.93 W, 99 %
2025/12/02 22:47:19.220, 121.07 W, 99 %
2025/12/02 22:47:19.320, 120.21 W, 95 %
2025/12/02 22:47:19.420, 119.07 W, 95 %
2025/12/02 22:47:19.521, 120.53 W, 99 %
2025/12/02 22:47:19.621, 121.94 W, 99 %
2025/12/02 22:47:19.721, 97.73 W, 93 %
2025/12/02 22:47:19.821, 119.07 W, 93 %
2025/12/02 22:47:19.921, 120.80 W, 99 %
2025/12/02 22:47:20.021, 117.00 W, 99 %
2025/12/02 22:47:20.122, 120.80 W, 99 %
2025/12/02 22:47:20.222, 80.24 W, 99 %
2025/12/02 22:47:20.322, 120.21 W, 85 %
2025/12/02 22:47:20.422, 121.07 W, 85 %
2025/12/02 22:47:20.522, 119.61 W, 99 %
2025/12/02 22:47:20.622, 119.61 W, 99 %
2025/12/02 22:47:20.722, 101.80 W, 95 %
2025/12/02 22:47:20.823, 120.80 W, 95 %
2025/12/02 22:47:20.923, 117.27 W, 99 %
2025/12/02 22:47:21.023, 117.87 W, 99 %
2025/12/02 22:47:21.123, 119.07 W, 99 %
2025/12/02 22:47:21.223, 117.60 W, 99 %
2025/12/02 22:47:21.323, 119.07 W, 95 %
2025/12/02 22:47:21.424, 118.19 W, 95 %
2025/12/02 22:47:21.524, 121.40 W, 99 %
2025/12/02 22:47:21.624, 117.87 W, 99 %
2025/12/02 22:47:21.724, 118.46 W, 96 %
2025/12/02 22:47:21.824, 120.53 W, 96 %
2025/12/02 22:47:21.924, 117.87 W, 99 %
2025/12/02 22:47:22.025, 119.07 W, 99 %
2025/12/02 22:47:22.125, 121.07 W, 95 %
2025/12/02 22:47:22.225, 121.67 W, 95 %
2025/12/02 22:47:22.325, 119.33 W, 99 %
2025/12/02 22:47:22.425, 120.21 W, 99 %
2025/12/02 22:47:22.525, 121.07 W, 99 %
2025/12/02 22:47:22.625, 96.86 W, 99 %
2025/12/02 22:47:22.726, 120.21 W, 96 %
2025/12/02 22:47:22.826, 121.07 W, 96 %
2025/12/02 22:47:22.926, 120.53 W, 99 %
2025/12/02 22:47:23.026, 119.33 W, 99 %
2025/12/02 22:47:23.126, 112.33 W, 95 %
2025/12/02 22:47:23.226, 118.74 W, 95 %
2025/12/02 22:47:23.327, 117.60 W, 99 %
2025/12/02 22:47:23.427, 120.21 W, 99 %
2025/12/02 22:47:23.527, 121.07 W, 99 %
2025/12/02 22:47:23.627, 118.19 W, 99 %
2025/12/02 22:47:23.727, 121.67 W, 96 %
2025/12/02 22:47:23.827, 117.60 W, 96 %
2025/12/02 22:47:23.928, 119.33 W, 99 %
2025/12/02 22:47:24.028, 120.21 W, 99 %
2025/12/02 22:47:24.128, 117.00 W, 96 %
2025/12/02 22:47:24.228, 119.33 W, 96 %
2025/12/02 22:47:24.328, 121.67 W, 99 %
2025/12/02 22:47:24.428, 117.27 W, 99 %
2025/12/02 22:47:24.529, 110.60 W, 96 %
2025/12/02 22:47:24.629, 119.93 W, 96 %
2025/12/02 22:47:24.729, 117.60 W, 99 %
2025/12/02 22:47:24.829, 120.53 W, 99 %
2025/12/02 22:47:24.929, 119.93 W, 99 %
2025/12/02 22:47:25.029, 75.58 W, 99 %
2025/12/02 22:47:25.130, 117.60 W, 83 %
2025/12/02 22:47:25.230, 120.80 W, 83 %
2025/12/02 22:47:25.330, 119.93 W, 99 %
2025/12/02 22:47:25.430, 117.87 W, 99 %
2025/12/02 22:47:25.530, 109.12 W, 96 %
2025/12/02 22:47:25.630, 119.33 W, 96 %
2025/12/02 22:47:25.730, 119.93 W, 99 %
2025/12/02 22:47:25.831, 117.27 W, 99 %
2025/12/02 22:47:25.931, 119.61 W, 99 %
2025/12/02 22:47:26.031, 117.27 W, 99 %
2025/12/02 22:47:26.131, 120.80 W, 95 %
2025/12/02 22:47:26.231, 117.60 W, 95 %
2025/12/02 22:47:26.331, 119.33 W, 99 %
2025/12/02 22:47:26.432, 120.53 W, 99 %
2025/12/02 22:47:26.532, 118.74 W, 95 %
2025/12/02 22:47:26.632, 118.46 W, 95 %
2025/12/02 22:47:26.732, 120.21 W, 99 %
2025/12/02 22:47:26.832, 120.21 W, 99 %
2025/12/02 22:47:26.932, 120.53 W, 96 %
2025/12/02 22:47:27.033, 118.46 W, 96 %
2025/12/02 22:47:27.133, 119.93 W, 99 %
2025/12/02 22:47:27.233, 119.93 W, 99 %
2025/12/02 22:47:27.333, 118.74 W, 99 %
2025/12/02 22:47:27.433, 101.26 W, 99 %
2025/12/02 22:47:27.533, 119.07 W, 96 %
2025/12/02 22:47:27.634, 119.07 W, 96 %
2025/12/02 22:47:27.734, 120.53 W, 99 %
2025/12/02 22:47:27.834, 117.27 W, 99 %
2025/12/02 22:47:27.934, 112.60 W, 95 %
2025/12/02 22:47:28.034, 120.53 W, 95 %
2025/12/02 22:47:28.134, 119.93 W, 99 %
2025/12/02 22:47:28.234, 118.74 W, 99 %
2025/12/02 22:47:28.335, 120.21 W, 99 %
2025/12/02 22:47:28.435, 120.53 W, 99 %
2025/12/02 22:47:28.535, 119.61 W, 95 %
2025/12/02 22:47:28.635, 117.87 W, 95 %
2025/12/02 22:47:28.735, 120.21 W, 99 %
2025/12/02 22:47:28.835, 120.53 W, 99 %
2025/12/02 22:47:28.936, 119.61 W, 96 %
2025/12/02 22:47:29.036, 120.80 W, 96 %
2025/12/02 22:47:29.136, 119.93 W, 99 %
2025/12/02 22:47:29.236, 120.80 W, 99 %
2025/12/02 22:47:29.336, 105.33 W, 95 %
2025/12/02 22:47:29.436, 119.33 W, 95 %
2025/12/02 22:47:29.537, 118.74 W, 99 %
2025/12/02 22:47:29.637, 119.61 W, 99 %
2025/12/02 22:47:29.737, 119.33 W, 99 %
2025/12/02 22:47:29.837, 76.12 W, 99 %
2025/12/02 22:47:29.937, 61.24 W, 32 %
2025/12/02 22:47:30.037, 63.90 W, 32 %
2025/12/02 22:47:30.137, 63.03 W, 42 %
