timestamp, power.draw [W], utilization.gpu [%]
2025/12/05 13:29:43.417, 74.11 W, 97 %
2025/12/05 13:29:43.520, 73.44 W, 9 %
2025/12/05 13:29:43.620, 72.85 W, 9 %
2025/12/05 13:29:43.720, 72.37 W, 4 %
2025/12/05 13:29:43.820, 75.53 W, 4 %
2025/12/05 13:29:43.920, 79.03 W, 98 %
2025/12/05 13:29:44.020, 82.55 W, 98 %
2025/12/05 13:29:44.120, 86.09 W, 98 %
2025/12/05 13:29:44.221, 89.64 W, 98 %
2025/12/05 13:29:44.321, 93.22 W, 98 %
2025/12/05 13:29:44.421, 96.76 W, 98 %
2025/12/05 13:29:44.521, 100.73 W, 98 %
2025/12/05 13:29:44.621, 104.95 W, 98 %
2025/12/05 13:29:44.721, 109.10 W, 98 %
2025/12/05 13:29:44.822, 113.15 W, 98 %
2025/12/05 13:29:44.922, 113.56 W, 98 %
2025/12/05 13:29:45.022, 113.63 W, 98 %
2025/12/05 13:29:45.122, 113.71 W, 98 %
2025/12/05 13:29:45.222, 113.68 W, 98 %
2025/12/05 13:29:45.322, 113.75 W, 98 %
2025/12/05 13:29:45.422, 113.77 W, 98 %
2025/12/05 13:29:45.522, 113.81 W, 98 %
2025/12/05 13:29:45.623, 113.88 W, 98 %
2025/12/05 13:29:45.723, 113.97 W, 98 %
2025/12/05 13:29:45.823, 114.01 W, 98 %
2025/12/05 13:29:45.923, 114.01 W, 98 %
2025/12/05 13:29:46.023, 114.04 W, 98 %
2025/12/05 13:29:46.123, 114.07 W, 98 %
2025/12/05 13:29:46.224, 114.08 W, 98 %
2025/12/05 13:29:46.324, 114.14 W, 98 %
2025/12/05 13:29:46.424, 114.13 W, 98 %
2025/12/05 13:29:46.524, 114.12 W, 98 %
2025/12/05 13:29:46.624, 114.13 W, 98 %
2025/12/05 13:29:46.724, 114.10 W, 98 %
2025/12/05 13:29:46.824, 114.06 W, 98 %
2025/12/05 13:29:46.925, 114.08 W, 98 %
2025/12/05 13:29:47.025, 114.13 W, 98 %
2025/12/05 13:29:47.125, 114.06 W, 91 %
2025/12/05 13:29:47.225, 114.09 W, 91 %
2025/12/05 13:29:47.325, 114.15 W, 98 %
2025/12/05 13:29:47.425, 114.21 W, 98 %
2025/12/05 13:29:47.525, 114.26 W, 98 %
2025/12/05 13:29:47.626, 114.27 W, 98 %
2025/12/05 13:29:47.726, 114.32 W, 98 %
2025/12/05 13:29:47.826, 114.36 W, 98 %
2025/12/05 13:29:47.926, 114.36 W, 98 %
2025/12/05 13:29:48.026, 114.36 W, 98 %
2025/12/05 13:29:48.126, 114.36 W, 98 %
2025/12/05 13:29:48.226, 114.43 W, 98 %
2025/12/05 13:29:48.327, 114.44 W, 98 %
2025/12/05 13:29:48.427, 114.35 W, 98 %
2025/12/05 13:29:48.527, 114.33 W, 98 %
2025/12/05 13:29:48.627, 114.32 W, 98 %
2025/12/05 13:29:48.727, 114.33 W, 98 %
2025/12/05 13:29:48.827, 114.34 W, 98 %
2025/12/05 13:29:48.927, 114.34 W, 98 %
2025/12/05 13:29:49.028, 114.35 W, 98 %
2025/12/05 13:29:49.128, 114.36 W, 98 %
2025/12/05 13:29:49.228, 114.33 W, 98 %
2025/12/05 13:29:49.328, 114.33 W, 98 %
2025/12/05 13:29:49.428, 114.34 W, 98 %
2025/12/05 13:29:49.528, 114.39 W, 98 %
2025/12/05 13:29:49.628, 114.41 W, 98 %
2025/12/05 13:29:49.729, 114.43 W, 98 %
2025/12/05 13:29:49.829, 114.43 W, 98 %
2025/12/05 13:29:49.929, 114.40 W, 98 %
2025/12/05 13:29:50.029, 114.33 W, 98 %
2025/12/05 13:29:50.129, 114.37 W, 98 %
2025/12/05 13:29:50.229, 114.38 W, 98 %
2025/12/05 13:29:50.329, 114.37 W, 98 %
2025/12/05 13:29:50.430, 114.36 W, 98 %
2025/12/05 13:29:50.530, 114.37 W, 98 %
2025/12/05 13:29:50.630, 114.39 W, 98 %
2025/12/05 13:29:50.730, 114.40 W, 98 %
2025/12/05 13:29:50.830, 114.39 W, 98 %
2025/12/05 13:29:50.930, 114.41 W, 98 %
2025/12/05 13:29:51.030, 114.48 W, 98 %
2025/12/05 13:29:51.131, 114.55 W, 98 %
2025/12/05 13:29:51.231, 114.59 W, 98 %
2025/12/05 13:29:51.331, 114.63 W, 98 %
2025/12/05 13:29:51.431, 114.69 W, 98 %
2025/12/05 13:29:51.531, 114.71 W, 98 %
2025/12/05 13:29:51.631, 114.70 W, 98 %
2025/12/05 13:29:51.731, 114.70 W, 98 %
2025/12/05 13:29:51.832, 114.74 W, 98 %
2025/12/05 13:29:51.932, 114.76 W, 98 %
2025/12/05 13:29:52.032, 114.67 W, 98 %
2025/12/05 13:29:52.132, 114.70 W, 98 %
2025/12/05 13:29:52.232, 114.68 W, 98 %
2025/12/05 13:29:52.332, 114.71 W, 98 %
2025/12/05 13:29:52.432, 114.69 W, 98 %
2025/12/05 13:29:52.533, 114.70 W, 98 %
2025/12/05 13:29:52.633, 114.70 W, 98 %
2025/12/05 13:29:52.733, 114.74 W, 98 %
2025/12/05 13:29:52.833, 114.72 W, 98 %
2025/12/05 13:29:52.933, 114.69 W, 98 %
2025/12/05 13:29:53.033, 114.65 W, 98 %
2025/12/05 13:29:53.133, 114.70 W, 98 %
2025/12/05 13:29:53.234, 114.70 W, 98 %
2025/12/05 13:29:53.334, 114.68 W, 98 %
2025/12/05 13:29:53.434, 114.68 W, 98 %
2025/12/05 13:29:53.534, 114.69 W, 98 %
2025/12/05 13:29:53.634, 114.65 W, 98 %
2025/12/05 13:29:53.734, 114.67 W, 98 %
2025/12/05 13:29:53.834, 114.66 W, 98 %
2025/12/05 13:29:53.935, 114.67 W, 98 %
2025/12/05 13:29:54.035, 114.69 W, 98 %
2025/12/05 13:29:54.135, 114.70 W, 98 %
2025/12/05 13:29:54.235, 114.73 W, 98 %
2025/12/05 13:29:54.335, 114.76 W, 98 %
2025/12/05 13:29:54.435, 114.74 W, 98 %
2025/12/05 13:29:54.535, 114.75 W, 98 %
2025/12/05 13:29:54.635, 114.76 W, 98 %
2025/12/05 13:29:54.736, 114.79 W, 98 %
2025/12/05 13:29:54.836, 114.78 W, 98 %
2025/12/05 13:29:54.936, 114.75 W, 98 %
2025/12/05 13:29:55.036, 114.74 W, 98 %
2025/12/05 13:29:55.136, 114.73 W, 98 %
2025/12/05 13:29:55.236, 114.72 W, 98 %
2025/12/05 13:29:55.336, 114.68 W, 98 %
2025/12/05 13:29:55.437, 114.65 W, 98 %
2025/12/05 13:29:55.537, 114.68 W, 98 %
2025/12/05 13:29:55.637, 114.72 W, 98 %
2025/12/05 13:29:55.737, 114.69 W, 98 %
2025/12/05 13:29:55.837, 114.71 W, 98 %
2025/12/05 13:29:55.937, 114.73 W, 98 %
2025/12/05 13:29:56.037, 114.75 W, 98 %
2025/12/05 13:29:56.138, 114.81 W, 98 %
2025/12/05 13:29:56.238, 114.81 W, 98 %
2025/12/05 13:29:56.338, 114.87 W, 98 %
2025/12/05 13:29:56.438, 114.91 W, 98 %
2025/12/05 13:29:56.538, 114.91 W, 98 %
2025/12/05 13:29:56.638, 114.90 W, 98 %
2025/12/05 13:29:56.738, 114.88 W, 98 %
2025/12/05 13:29:56.839, 114.93 W, 98 %
2025/12/05 13:29:56.939, 114.94 W, 97 %
2025/12/05 13:29:57.039, 114.87 W, 97 %
2025/12/05 13:29:57.139, 114.87 W, 98 %
2025/12/05 13:29:57.239, 114.86 W, 98 %
2025/12/05 13:29:57.339, 114.82 W, 98 %
2025/12/05 13:29:57.440, 114.79 W, 98 %
2025/12/05 13:29:57.540, 114.77 W, 98 %
2025/12/05 13:29:57.640, 114.75 W, 98 %
2025/12/05 13:29:57.740, 114.77 W, 98 %
2025/12/05 13:29:57.840, 114.74 W, 98 %
2025/12/05 13:29:57.940, 114.69 W, 98 %
2025/12/05 13:29:58.040, 114.67 W, 98 %
2025/12/05 13:29:58.141, 114.71 W, 98 %
2025/12/05 13:29:58.241, 114.76 W, 98 %
2025/12/05 13:29:58.341, 114.75 W, 98 %
2025/12/05 13:29:58.441, 114.79 W, 98 %
2025/12/05 13:29:58.541, 114.81 W, 98 %
2025/12/05 13:29:58.641, 114.83 W, 98 %
2025/12/05 13:29:58.741, 114.87 W, 98 %
2025/12/05 13:29:58.842, 114.88 W, 98 %
2025/12/05 13:29:58.942, 114.87 W, 98 %
2025/12/05 13:29:59.042, 114.89 W, 98 %
2025/12/05 13:29:59.142, 114.83 W, 98 %
2025/12/05 13:29:59.242, 114.82 W, 98 %
2025/12/05 13:29:59.342, 114.82 W, 98 %
2025/12/05 13:29:59.442, 114.80 W, 98 %
2025/12/05 13:29:59.543, 114.86 W, 98 %
2025/12/05 13:29:59.643, 114.84 W, 98 %
2025/12/05 13:29:59.743, 114.80 W, 98 %
2025/12/05 13:29:59.843, 114.81 W, 98 %
2025/12/05 13:29:59.943, 114.76 W, 98 %
2025/12/05 13:30:00.043, 114.82 W, 98 %
2025/12/05 13:30:00.143, 114.78 W, 98 %
2025/12/05 13:30:00.244, 114.86 W, 98 %
2025/12/05 13:30:00.344, 114.91 W, 98 %
2025/12/05 13:30:00.444, 114.92 W, 98 %
2025/12/05 13:30:00.544, 114.96 W, 98 %
2025/12/05 13:30:00.644, 114.98 W, 98 %
2025/12/05 13:30:00.744, 114.98 W, 98 %
2025/12/05 13:30:00.844, 115.05 W, 98 %
2025/12/05 13:30:00.945, 115.08 W, 98 %
2025/12/05 13:30:01.045, 115.15 W, 98 %
2025/12/05 13:30:01.145, 115.15 W, 98 %
2025/12/05 13:30:01.245, 115.20 W, 98 %
2025/12/05 13:30:01.345, 115.17 W, 98 %
2025/12/05 13:30:01.445, 115.17 W, 98 %
2025/12/05 13:30:01.545, 115.12 W, 98 %
2025/12/05 13:30:01.646, 115.09 W, 98 %
2025/12/05 13:30:01.746, 115.07 W, 98 %
2025/12/05 13:30:01.846, 115.06 W, 98 %
2025/12/05 13:30:01.946, 115.04 W, 98 %
2025/12/05 13:30:02.046, 115.02 W, 98 %
2025/12/05 13:30:02.146, 115.02 W, 98 %
2025/12/05 13:30:02.246, 115.03 W, 98 %
2025/12/05 13:30:02.347, 115.01 W, 98 %
2025/12/05 13:30:02.447, 115.02 W, 98 %
2025/12/05 13:30:02.547, 115.03 W, 98 %
2025/12/05 13:30:02.647, 115.08 W, 98 %
2025/12/05 13:30:02.747, 115.12 W, 98 %
2025/12/05 13:30:02.847, 115.09 W, 98 %
2025/12/05 13:30:02.947, 115.10 W, 98 %
2025/12/05 13:30:03.048, 115.09 W, 98 %
2025/12/05 13:30:03.148, 115.10 W, 98 %
2025/12/05 13:30:03.248, 115.13 W, 98 %
2025/12/05 13:30:03.348, 115.11 W, 98 %
2025/12/05 13:30:03.448, 115.12 W, 98 %
2025/12/05 13:30:03.548, 115.13 W, 98 %
2025/12/05 13:30:03.648, 115.09 W, 98 %
2025/12/05 13:30:03.749, 115.11 W, 98 %
2025/12/05 13:30:03.849, 115.12 W, 98 %
2025/12/05 13:30:03.949, 115.12 W, 98 %
2025/12/05 13:30:04.049, 115.18 W, 98 %
2025/12/05 13:30:04.149, 115.23 W, 98 %
2025/12/05 13:30:04.249, 115.22 W, 98 %
2025/12/05 13:30:04.349, 115.19 W, 98 %
2025/12/05 13:30:04.450, 115.19 W, 98 %
2025/12/05 13:30:04.550, 115.25 W, 98 %
2025/12/05 13:30:04.650, 115.26 W, 98 %
2025/12/05 13:30:04.750, 115.28 W, 98 %
2025/12/05 13:30:04.850, 115.28 W, 98 %
2025/12/05 13:30:04.950, 115.32 W, 98 %
2025/12/05 13:30:05.050, 115.36 W, 98 %
2025/12/05 13:30:05.151, 115.34 W, 98 %
2025/12/05 13:30:05.251, 115.28 W, 98 %
2025/12/05 13:30:05.351, 115.30 W, 98 %
2025/12/05 13:30:05.451, 115.29 W, 98 %
2025/12/05 13:30:05.551, 115.32 W, 98 %
2025/12/05 13:30:05.651, 115.33 W, 98 %
2025/12/05 13:30:05.751, 115.33 W, 98 %
2025/12/05 13:30:05.852, 115.34 W, 98 %
2025/12/05 13:30:05.952, 115.36 W, 98 %
2025/12/05 13:30:06.052, 115.30 W, 98 %
2025/12/05 13:30:06.152, 115.27 W, 98 %
2025/12/05 13:30:06.252, 115.29 W, 98 %
2025/12/05 13:30:06.352, 115.31 W, 98 %
2025/12/05 13:30:06.453, 115.34 W, 98 %
2025/12/05 13:30:06.553, 115.32 W, 98 %
2025/12/05 13:30:06.653, 115.29 W, 98 %
2025/12/05 13:30:06.753, 115.26 W, 98 %
2025/12/05 13:30:06.853, 115.27 W, 98 %
2025/12/05 13:30:06.953, 115.30 W, 98 %
2025/12/05 13:30:07.053, 115.27 W, 98 %
2025/12/05 13:30:07.154, 115.29 W, 98 %
2025/12/05 13:30:07.254, 115.31 W, 98 %
2025/12/05 13:30:07.354, 115.29 W, 98 %
2025/12/05 13:30:07.454, 115.33 W, 98 %
2025/12/05 13:30:07.554, 115.36 W, 98 %
2025/12/05 13:30:07.654, 115.38 W, 98 %
2025/12/05 13:30:07.754, 115.45 W, 98 %
2025/12/05 13:30:07.855, 115.51 W, 98 %
2025/12/05 13:30:07.955, 115.52 W, 98 %
2025/12/05 13:30:08.055, 115.51 W, 98 %
2025/12/05 13:30:08.155, 115.52 W, 98 %
2025/12/05 13:30:08.255, 115.51 W, 98 %
2025/12/05 13:30:08.355, 115.54 W, 98 %
2025/12/05 13:30:08.455, 115.51 W, 98 %
2025/12/05 13:30:08.556, 115.49 W, 98 %
2025/12/05 13:30:08.656, 115.47 W, 98 %
2025/12/05 13:30:08.756, 115.46 W, 98 %
2025/12/05 13:30:08.856, 115.45 W, 98 %
2025/12/05 13:30:08.956, 115.41 W, 98 %
2025/12/05 13:30:09.056, 115.40 W, 98 %
2025/12/05 13:30:09.156, 115.42 W, 98 %
2025/12/05 13:30:09.257, 115.35 W, 98 %
2025/12/05 13:30:09.357, 115.35 W, 98 %
2025/12/05 13:30:09.457, 115.30 W, 98 %
2025/12/05 13:30:09.557, 115.37 W, 98 %
2025/12/05 13:30:09.657, 115.34 W, 98 %
2025/12/05 13:30:09.757, 115.29 W, 98 %
2025/12/05 13:30:09.857, 115.30 W, 98 %
2025/12/05 13:30:09.958, 115.31 W, 98 %
2025/12/05 13:30:10.058, 115.33 W, 98 %
2025/12/05 13:30:10.158, 115.35 W, 98 %
2025/12/05 13:30:10.258, 115.32 W, 98 %
2025/12/05 13:30:10.358, 115.39 W, 98 %
2025/12/05 13:30:10.458, 115.43 W, 98 %
2025/12/05 13:30:10.558, 115.46 W, 98 %
2025/12/05 13:30:10.659, 115.46 W, 98 %
2025/12/05 13:30:10.759, 115.51 W, 98 %
2025/12/05 13:30:10.859, 115.52 W, 98 %
2025/12/05 13:30:10.959, 115.57 W, 98 %
2025/12/05 13:30:11.059, 115.52 W, 98 %
2025/12/05 13:30:11.159, 115.50 W, 98 %
2025/12/05 13:30:11.259, 115.46 W, 98 %
2025/12/05 13:30:11.360, 115.44 W, 98 %
2025/12/05 13:30:11.460, 115.44 W, 98 %
2025/12/05 13:30:11.560, 115.41 W, 98 %
2025/12/05 13:30:11.660, 115.39 W, 98 %
2025/12/05 13:30:11.760, 115.34 W, 98 %
2025/12/05 13:30:11.860, 115.28 W, 98 %
2025/12/05 13:30:11.960, 115.28 W, 98 %
2025/12/05 13:30:12.061, 115.26 W, 98 %
2025/12/05 13:30:12.161, 115.29 W, 98 %
2025/12/05 13:30:12.261, 115.26 W, 98 %
2025/12/05 13:30:12.361, 115.22 W, 98 %
2025/12/05 13:30:12.461, 115.25 W, 98 %
2025/12/05 13:30:12.561, 115.25 W, 98 %
2025/12/05 13:30:12.661, 115.23 W, 98 %
2025/12/05 13:30:12.762, 115.22 W, 98 %
2025/12/05 13:30:12.862, 115.25 W, 98 %
2025/12/05 13:30:12.962, 115.27 W, 98 %
2025/12/05 13:30:13.062, 115.32 W, 98 %
2025/12/05 13:30:13.162, 115.30 W, 98 %
2025/12/05 13:30:13.262, 115.30 W, 98 %
2025/12/05 13:30:13.362, 115.35 W, 98 %
2025/12/05 13:30:13.463, 115.44 W, 98 %
2025/12/05 13:30:13.563, 115.48 W, 98 %
2025/12/05 13:30:13.663, 115.48 W, 98 %
2025/12/05 13:30:13.763, 115.53 W, 98 %
2025/12/05 13:30:13.863, 115.57 W, 98 %
2025/12/05 13:30:13.963, 115.52 W, 98 %
2025/12/05 13:30:14.063, 115.55 W, 98 %
2025/12/05 13:30:14.164, 115.52 W, 98 %
2025/12/05 13:30:14.264, 115.51 W, 98 %
2025/12/05 13:30:14.364, 115.48 W, 98 %
2025/12/05 13:30:14.464, 115.42 W, 98 %
2025/12/05 13:30:14.564, 115.37 W, 98 %
2025/12/05 13:30:14.664, 115.34 W, 98 %
2025/12/05 13:30:14.765, 115.35 W, 98 %
2025/12/05 13:30:14.865, 115.38 W, 98 %
2025/12/05 13:30:14.965, 115.40 W, 98 %
2025/12/05 13:30:15.065, 115.45 W, 98 %
2025/12/05 13:30:15.165, 115.49 W, 98 %
2025/12/05 13:30:15.265, 115.50 W, 98 %
2025/12/05 13:30:15.365, 115.53 W, 98 %
2025/12/05 13:30:15.466, 115.59 W, 98 %
2025/12/05 13:30:15.566, 115.62 W, 98 %
2025/12/05 13:30:15.666, 115.68 W, 98 %
2025/12/05 13:30:15.766, 115.72 W, 98 %
2025/12/05 13:30:15.866, 115.72 W, 98 %
2025/12/05 13:30:15.966, 115.72 W, 98 %
2025/12/05 13:30:16.066, 115.68 W, 98 %
2025/12/05 13:30:16.167, 115.71 W, 98 %
2025/12/05 13:30:16.267, 115.69 W, 98 %
2025/12/05 13:30:16.367, 115.69 W, 98 %
2025/12/05 13:30:16.467, 115.70 W, 98 %
2025/12/05 13:30:16.567, 115.71 W, 98 %
2025/12/05 13:30:16.667, 115.75 W, 98 %
2025/12/05 13:30:16.767, 115.73 W, 98 %
2025/12/05 13:30:16.868, 115.70 W, 98 %
2025/12/05 13:30:16.968, 115.70 W, 98 %
2025/12/05 13:30:17.068, 115.69 W, 98 %
2025/12/05 13:30:17.168, 115.66 W, 98 %
2025/12/05 13:30:17.268, 115.66 W, 98 %
2025/12/05 13:30:17.368, 115.69 W, 98 %
2025/12/05 13:30:17.468, 115.70 W, 98 %
2025/12/05 13:30:17.569, 115.68 W, 98 %
2025/12/05 13:30:17.669, 115.62 W, 98 %
2025/12/05 13:30:17.769, 115.61 W, 98 %
2025/12/05 13:30:17.869, 115.59 W, 98 %
2025/12/05 13:30:17.969, 115.62 W, 98 %
2025/12/05 13:30:18.069, 115.64 W, 98 %
2025/12/05 13:30:18.169, 115.59 W, 98 %
2025/12/05 13:30:18.270, 115.63 W, 98 %
2025/12/05 13:30:18.370, 115.61 W, 98 %
2025/12/05 13:30:18.470, 115.56 W, 98 %
2025/12/05 13:30:18.570, 115.56 W, 98 %
2025/12/05 13:30:18.670, 115.59 W, 98 %
2025/12/05 13:30:18.770, 115.59 W, 98 %
2025/12/05 13:30:18.870, 115.61 W, 98 %
2025/12/05 13:30:18.971, 115.60 W, 98 %
2025/12/05 13:30:19.071, 115.58 W, 98 %
2025/12/05 13:30:19.171, 115.57 W, 98 %
2025/12/05 13:30:19.271, 115.57 W, 98 %
2025/12/05 13:30:19.371, 115.54 W, 98 %
2025/12/05 13:30:19.471, 115.52 W, 98 %
2025/12/05 13:30:19.571, 115.49 W, 98 %
2025/12/05 13:30:19.672, 115.50 W, 98 %
2025/12/05 13:30:19.772, 115.47 W, 98 %
2025/12/05 13:30:19.872, 115.41 W, 98 %
2025/12/05 13:30:19.972, 115.40 W, 98 %
2025/12/05 13:30:20.072, 115.42 W, 98 %
2025/12/05 13:30:20.172, 115.44 W, 98 %
2025/12/05 13:30:20.272, 115.43 W, 98 %
2025/12/05 13:30:20.373, 115.45 W, 98 %
2025/12/05 13:30:20.473, 115.49 W, 98 %
2025/12/05 13:30:20.573, 115.49 W, 98 %
2025/12/05 13:30:20.673, 115.54 W, 98 %
2025/12/05 13:30:20.773, 115.55 W, 98 %
2025/12/05 13:30:20.873, 115.55 W, 98 %
2025/12/05 13:30:20.973, 115.64 W, 98 %
2025/12/05 13:30:21.074, 115.65 W, 98 %
2025/12/05 13:30:21.174, 115.68 W, 98 %
2025/12/05 13:30:21.274, 115.67 W, 98 %
2025/12/05 13:30:21.374, 115.69 W, 98 %
2025/12/05 13:30:21.474, 115.74 W, 98 %
2025/12/05 13:30:21.574, 115.74 W, 98 %
2025/12/05 13:30:21.674, 115.76 W, 98 %
2025/12/05 13:30:21.775, 115.73 W, 98 %
2025/12/05 13:30:21.875, 115.71 W, 98 %
2025/12/05 13:30:21.975, 115.71 W, 98 %
2025/12/05 13:30:22.075, 115.71 W, 98 %
2025/12/05 13:30:22.175, 115.65 W, 98 %
2025/12/05 13:30:22.275, 115.66 W, 98 %
2025/12/05 13:30:22.375, 115.69 W, 98 %
2025/12/05 13:30:22.476, 115.68 W, 98 %
2025/12/05 13:30:22.576, 115.69 W, 98 %
2025/12/05 13:30:22.676, 115.72 W, 98 %
2025/12/05 13:30:22.776, 115.71 W, 98 %
2025/12/05 13:30:22.876, 115.72 W, 98 %
2025/12/05 13:30:22.976, 115.72 W, 98 %
2025/12/05 13:30:23.076, 115.75 W, 98 %
2025/12/05 13:30:23.177, 115.75 W, 98 %
2025/12/05 13:30:23.277, 115.81 W, 98 %
2025/12/05 13:30:23.377, 115.81 W, 98 %
2025/12/05 13:30:23.477, 115.75 W, 98 %
2025/12/05 13:30:23.577, 115.77 W, 98 %
2025/12/05 13:30:23.677, 115.77 W, 98 %
2025/12/05 13:30:23.777, 115.74 W, 98 %
2025/12/05 13:30:23.878, 115.74 W, 98 %
2025/12/05 13:30:23.978, 115.75 W, 98 %
2025/12/05 13:30:24.078, 115.79 W, 98 %
2025/12/05 13:30:24.178, 115.77 W, 98 %
2025/12/05 13:30:24.278, 115.75 W, 98 %
2025/12/05 13:30:24.378, 115.71 W, 98 %
2025/12/05 13:30:24.478, 115.65 W, 98 %
2025/12/05 13:30:24.579, 115.65 W, 98 %
2025/12/05 13:30:24.679, 115.64 W, 98 %
2025/12/05 13:30:24.779, 115.61 W, 98 %
2025/12/05 13:30:24.879, 115.64 W, 98 %
2025/12/05 13:30:24.979, 115.69 W, 98 %
2025/12/05 13:30:25.079, 115.69 W, 98 %
2025/12/05 13:30:25.179, 115.68 W, 98 %
2025/12/05 13:30:25.280, 115.72 W, 98 %
2025/12/05 13:30:25.380, 115.73 W, 98 %
2025/12/05 13:30:25.480, 115.77 W, 98 %
2025/12/05 13:30:25.580, 115.77 W, 98 %
2025/12/05 13:30:25.680, 115.82 W, 98 %
2025/12/05 13:30:25.780, 115.83 W, 98 %
2025/12/05 13:30:25.880, 115.82 W, 98 %
2025/12/05 13:30:25.981, 115.82 W, 98 %
2025/12/05 13:30:26.081, 115.83 W, 98 %
2025/12/05 13:30:26.181, 115.85 W, 98 %
2025/12/05 13:30:26.281, 115.89 W, 98 %
2025/12/05 13:30:26.381, 115.84 W, 98 %
2025/12/05 13:30:26.481, 115.87 W, 98 %
2025/12/05 13:30:26.581, 115.90 W, 98 %
2025/12/05 13:30:26.682, 115.94 W, 98 %
2025/12/05 13:30:26.782, 115.95 W, 98 %
2025/12/05 13:30:26.882, 115.96 W, 98 %
2025/12/05 13:30:26.982, 115.98 W, 98 %
2025/12/05 13:30:27.082, 115.97 W, 98 %
2025/12/05 13:30:27.182, 115.96 W, 98 %
2025/12/05 13:30:27.282, 115.98 W, 98 %
2025/12/05 13:30:27.383, 115.96 W, 98 %
2025/12/05 13:30:27.483, 115.97 W, 98 %
2025/12/05 13:30:27.583, 115.95 W, 98 %
2025/12/05 13:30:27.683, 115.92 W, 98 %
2025/12/05 13:30:27.783, 115.92 W, 98 %
2025/12/05 13:30:27.883, 115.90 W, 98 %
2025/12/05 13:30:27.983, 115.88 W, 98 %
2025/12/05 13:30:28.084, 115.88 W, 98 %
2025/12/05 13:30:28.184, 115.90 W, 98 %
2025/12/05 13:30:28.284, 115.88 W, 98 %
2025/12/05 13:30:28.384, 115.84 W, 98 %
2025/12/05 13:30:28.484, 115.82 W, 98 %
2025/12/05 13:30:28.584, 115.82 W, 98 %
2025/12/05 13:30:28.684, 115.82 W, 98 %
2025/12/05 13:30:28.785, 115.79 W, 98 %
2025/12/05 13:30:28.885, 115.80 W, 98 %
2025/12/05 13:30:28.985, 115.78 W, 98 %
2025/12/05 13:30:29.085, 115.79 W, 98 %
2025/12/05 13:30:29.185, 115.81 W, 98 %
2025/12/05 13:30:29.285, 115.78 W, 98 %
2025/12/05 13:30:29.385, 115.81 W, 98 %
2025/12/05 13:30:29.486, 115.84 W, 98 %
2025/12/05 13:30:29.586, 115.83 W, 98 %
2025/12/05 13:30:29.686, 115.86 W, 98 %
2025/12/05 13:30:29.786, 115.91 W, 98 %
2025/12/05 13:30:29.886, 115.93 W, 98 %
2025/12/05 13:30:29.986, 115.95 W, 98 %
2025/12/05 13:30:30.086, 115.95 W, 98 %
2025/12/05 13:30:30.187, 115.94 W, 98 %
2025/12/05 13:30:30.287, 115.94 W, 98 %
2025/12/05 13:30:30.387, 115.96 W, 98 %
2025/12/05 13:30:30.487, 115.97 W, 98 %
2025/12/05 13:30:30.587, 115.93 W, 98 %
2025/12/05 13:30:30.687, 115.93 W, 98 %
2025/12/05 13:30:30.787, 115.95 W, 98 %
2025/12/05 13:30:30.888, 115.92 W, 98 %
2025/12/05 13:30:30.988, 115.95 W, 98 %
2025/12/05 13:30:31.088, 115.92 W, 98 %
2025/12/05 13:30:31.188, 115.93 W, 98 %
2025/12/05 13:30:31.288, 115.95 W, 98 %
2025/12/05 13:30:31.388, 115.94 W, 98 %
2025/12/05 13:30:31.488, 115.93 W, 98 %
2025/12/05 13:30:31.589, 115.92 W, 98 %
2025/12/05 13:30:31.689, 115.93 W, 98 %
2025/12/05 13:30:31.789, 115.99 W, 98 %
2025/12/05 13:30:31.889, 115.97 W, 98 %
2025/12/05 13:30:31.989, 115.99 W, 98 %
2025/12/05 13:30:32.089, 115.97 W, 98 %
2025/12/05 13:30:32.189, 116.00 W, 98 %
2025/12/05 13:30:32.290, 116.05 W, 98 %
2025/12/05 13:30:32.390, 116.10 W, 98 %
2025/12/05 13:30:32.490, 116.08 W, 98 %
2025/12/05 13:30:32.590, 116.10 W, 98 %
2025/12/05 13:30:32.690, 116.08 W, 98 %
2025/12/05 13:30:32.790, 116.11 W, 98 %
2025/12/05 13:30:32.890, 116.12 W, 98 %
2025/12/05 13:30:32.991, 116.11 W, 98 %
2025/12/05 13:30:33.091, 116.14 W, 98 %
2025/12/05 13:30:33.191, 116.16 W, 98 %
2025/12/05 13:30:33.291, 116.15 W, 98 %
2025/12/05 13:30:33.391, 116.12 W, 98 %
2025/12/05 13:30:33.491, 116.09 W, 98 %
2025/12/05 13:30:33.591, 116.12 W, 98 %
2025/12/05 13:30:33.692, 116.13 W, 98 %
2025/12/05 13:30:33.792, 116.17 W, 98 %
2025/12/05 13:30:33.892, 116.19 W, 98 %
2025/12/05 13:30:33.992, 116.19 W, 98 %
2025/12/05 13:30:34.092, 116.24 W, 98 %
2025/12/05 13:30:34.192, 116.25 W, 98 %
2025/12/05 13:30:34.292, 116.25 W, 98 %
2025/12/05 13:30:34.393, 116.26 W, 98 %
2025/12/05 13:30:34.493, 116.29 W, 98 %
2025/12/05 13:30:34.593, 116.26 W, 98 %
2025/12/05 13:30:34.693, 116.28 W, 98 %
2025/12/05 13:30:34.793, 116.29 W, 98 %
2025/12/05 13:30:34.893, 116.29 W, 98 %
2025/12/05 13:30:34.993, 116.27 W, 98 %
2025/12/05 13:30:35.094, 116.25 W, 98 %
2025/12/05 13:30:35.194, 116.25 W, 98 %
2025/12/05 13:30:35.294, 116.25 W, 98 %
2025/12/05 13:30:35.394, 116.24 W, 98 %
2025/12/05 13:30:35.494, 116.27 W, 98 %
2025/12/05 13:30:35.594, 116.24 W, 98 %
2025/12/05 13:30:35.694, 116.26 W, 98 %
2025/12/05 13:30:35.795, 116.27 W, 98 %
2025/12/05 13:30:35.895, 116.23 W, 98 %
2025/12/05 13:30:35.995, 116.22 W, 98 %
2025/12/05 13:30:36.095, 116.24 W, 98 %
2025/12/05 13:30:36.195, 116.22 W, 98 %
2025/12/05 13:30:36.295, 116.21 W, 98 %
2025/12/05 13:30:36.396, 116.16 W, 98 %
2025/12/05 13:30:36.496, 116.19 W, 98 %
2025/12/05 13:30:36.596, 116.18 W, 98 %
2025/12/05 13:30:36.696, 116.19 W, 98 %
2025/12/05 13:30:36.796, 116.20 W, 98 %
2025/12/05 13:30:36.896, 116.21 W, 98 %
2025/12/05 13:30:36.996, 116.22 W, 98 %
2025/12/05 13:30:37.097, 116.23 W, 98 %
2025/12/05 13:30:37.197, 116.18 W, 98 %
2025/12/05 13:30:37.297, 116.20 W, 98 %
2025/12/05 13:30:37.397, 116.18 W, 98 %
2025/12/05 13:30:37.497, 116.20 W, 98 %
2025/12/05 13:30:37.597, 116.19 W, 98 %
2025/12/05 13:30:37.697, 116.19 W, 98 %
2025/12/05 13:30:37.798, 116.17 W, 98 %
2025/12/05 13:30:37.898, 116.16 W, 98 %
2025/12/05 13:30:37.998, 116.10 W, 98 %
2025/12/05 13:30:38.098, 116.11 W, 98 %
2025/12/05 13:30:38.198, 116.10 W, 98 %
2025/12/05 13:30:38.298, 116.12 W, 98 %
2025/12/05 13:30:38.398, 116.12 W, 98 %
2025/12/05 13:30:38.499, 116.14 W, 98 %
2025/12/05 13:30:38.599, 116.15 W, 98 %
2025/12/05 13:30:38.699, 116.13 W, 98 %
2025/12/05 13:30:38.799, 116.11 W, 98 %
2025/12/05 13:30:38.899, 116.13 W, 98 %
2025/12/05 13:30:38.999, 116.15 W, 98 %
2025/12/05 13:30:39.099, 116.18 W, 98 %
2025/12/05 13:30:39.200, 116.18 W, 98 %
2025/12/05 13:30:39.300, 116.21 W, 98 %
2025/12/05 13:30:39.400, 116.21 W, 98 %
2025/12/05 13:30:39.500, 116.22 W, 98 %
2025/12/05 13:30:39.600, 116.20 W, 98 %
2025/12/05 13:30:39.700, 116.22 W, 98 %
2025/12/05 13:30:39.800, 116.25 W, 98 %
2025/12/05 13:30:39.901, 116.27 W, 98 %
2025/12/05 13:30:40.001, 116.27 W, 98 %
2025/12/05 13:30:40.101, 116.28 W, 98 %
2025/12/05 13:30:40.201, 116.29 W, 98 %
2025/12/05 13:30:40.301, 116.33 W, 98 %
2025/12/05 13:30:40.401, 116.30 W, 98 %
2025/12/05 13:30:40.501, 116.33 W, 98 %
2025/12/05 13:30:40.602, 116.32 W, 98 %
2025/12/05 13:30:40.702, 116.34 W, 98 %
2025/12/05 13:30:40.802, 116.33 W, 98 %
2025/12/05 13:30:40.902, 116.31 W, 98 %
2025/12/05 13:30:41.002, 116.32 W, 98 %
2025/12/05 13:30:41.102, 116.34 W, 98 %
2025/12/05 13:30:41.202, 116.32 W, 98 %
2025/12/05 13:30:41.303, 116.29 W, 98 %
2025/12/05 13:30:41.403, 116.28 W, 98 %
2025/12/05 13:30:41.503, 116.29 W, 98 %
2025/12/05 13:30:41.603, 116.28 W, 98 %
2025/12/05 13:30:41.703, 116.30 W, 98 %
2025/12/05 13:30:41.803, 116.30 W, 98 %
2025/12/05 13:30:41.903, 116.29 W, 98 %
2025/12/05 13:30:42.004, 116.25 W, 98 %
2025/12/05 13:30:42.104, 116.25 W, 98 %
2025/12/05 13:30:42.204, 116.26 W, 98 %
2025/12/05 13:30:42.304, 116.24 W, 98 %
2025/12/05 13:30:42.404, 116.24 W, 98 %
2025/12/05 13:30:42.504, 116.23 W, 98 %
2025/12/05 13:30:42.604, 116.23 W, 98 %
2025/12/05 13:30:42.705, 116.23 W, 98 %
2025/12/05 13:30:42.805, 116.17 W, 98 %
2025/12/05 13:30:42.905, 116.16 W, 98 %
2025/12/05 13:30:43.005, 116.21 W, 98 %
2025/12/05 13:30:43.105, 116.26 W, 98 %
2025/12/05 13:30:43.205, 116.26 W, 98 %
2025/12/05 13:30:43.305, 116.28 W, 98 %
2025/12/05 13:30:43.406, 116.31 W, 98 %
2025/12/05 13:30:43.506, 116.37 W, 98 %
2025/12/05 13:30:43.606, 116.32 W, 98 %
2025/12/05 13:30:43.706, 116.36 W, 98 %
2025/12/05 13:30:43.806, 116.34 W, 98 %
2025/12/05 13:30:43.906, 116.35 W, 98 %
2025/12/05 13:30:44.006, 116.37 W, 98 %
2025/12/05 13:30:44.107, 116.33 W, 98 %
2025/12/05 13:30:44.207, 116.32 W, 98 %
2025/12/05 13:30:44.307, 116.29 W, 98 %
2025/12/05 13:30:44.407, 116.23 W, 98 %
2025/12/05 13:30:44.507, 116.20 W, 98 %
2025/12/05 13:30:44.607, 116.16 W, 98 %
2025/12/05 13:30:44.707, 116.20 W, 98 %
2025/12/05 13:30:44.807, 116.21 W, 98 %
2025/12/05 13:30:44.908, 116.24 W, 98 %
2025/12/05 13:30:45.008, 116.27 W, 98 %
2025/12/05 13:30:45.108, 116.29 W, 98 %
2025/12/05 13:30:45.208, 116.26 W, 98 %
2025/12/05 13:30:45.308, 116.27 W, 98 %
2025/12/05 13:30:45.408, 116.30 W, 98 %
2025/12/05 13:30:45.508, 116.30 W, 98 %
2025/12/05 13:30:45.609, 116.32 W, 98 %
2025/12/05 13:30:45.709, 116.35 W, 98 %
2025/12/05 13:30:45.809, 116.34 W, 98 %
2025/12/05 13:30:45.909, 116.32 W, 98 %
2025/12/05 13:30:46.009, 116.26 W, 98 %
2025/12/05 13:30:46.109, 116.25 W, 98 %
2025/12/05 13:30:46.210, 115.91 W, 95 %
2025/12/05 13:30:46.310, 115.92 W, 95 %
2025/12/05 13:30:46.410, 115.93 W, 98 %
2025/12/05 13:30:46.510, 115.93 W, 98 %
2025/12/05 13:30:46.610, 115.95 W, 98 %
2025/12/05 13:30:46.710, 115.98 W, 98 %
2025/12/05 13:30:46.810, 115.99 W, 98 %
2025/12/05 13:30:46.910, 115.97 W, 98 %
2025/12/05 13:30:47.011, 115.99 W, 98 %
2025/12/05 13:30:47.111, 115.99 W, 98 %
2025/12/05 13:30:47.211, 116.02 W, 98 %
2025/12/05 13:30:47.311, 116.33 W, 98 %
2025/12/05 13:30:47.411, 116.34 W, 98 %
2025/12/05 13:30:47.511, 116.34 W, 98 %
2025/12/05 13:30:47.611, 116.33 W, 98 %
2025/12/05 13:30:47.712, 116.33 W, 98 %
2025/12/05 13:30:47.812, 116.32 W, 98 %
2025/12/05 13:30:47.912, 116.26 W, 98 %
2025/12/05 13:30:48.012, 116.27 W, 98 %
2025/12/05 13:30:48.112, 116.26 W, 98 %
2025/12/05 13:30:48.212, 116.27 W, 98 %
2025/12/05 13:30:48.312, 116.27 W, 98 %
2025/12/05 13:30:48.413, 116.28 W, 98 %
2025/12/05 13:30:48.513, 116.31 W, 98 %
2025/12/05 13:30:48.613, 116.30 W, 98 %
2025/12/05 13:30:48.713, 116.26 W, 98 %
2025/12/05 13:30:48.813, 116.29 W, 98 %
2025/12/05 13:30:48.913, 116.31 W, 98 %
2025/12/05 13:30:49.014, 116.32 W, 98 %
2025/12/05 13:30:49.114, 116.35 W, 98 %
2025/12/05 13:30:49.214, 116.37 W, 98 %
2025/12/05 13:30:49.314, 116.38 W, 98 %
2025/12/05 13:30:49.414, 116.37 W, 98 %
2025/12/05 13:30:49.514, 116.35 W, 98 %
2025/12/05 13:30:49.614, 116.38 W, 98 %
2025/12/05 13:30:49.715, 116.43 W, 98 %
2025/12/05 13:30:49.815, 116.47 W, 98 %
2025/12/05 13:30:49.915, 116.45 W, 98 %
2025/12/05 13:30:50.015, 116.43 W, 98 %
2025/12/05 13:30:50.115, 116.44 W, 98 %
2025/12/05 13:30:50.215, 116.46 W, 98 %
2025/12/05 13:30:50.315, 116.43 W, 98 %
2025/12/05 13:30:50.416, 116.46 W, 98 %
2025/12/05 13:30:50.516, 116.49 W, 98 %
2025/12/05 13:30:50.616, 116.51 W, 98 %
2025/12/05 13:30:50.716, 116.52 W, 98 %
2025/12/05 13:30:50.816, 116.49 W, 98 %
2025/12/05 13:30:50.916, 116.52 W, 98 %
2025/12/05 13:30:51.016, 116.56 W, 98 %
2025/12/05 13:30:51.117, 116.58 W, 98 %
2025/12/05 13:30:51.217, 116.62 W, 98 %
2025/12/05 13:30:51.317, 116.67 W, 98 %
2025/12/05 13:30:51.417, 116.69 W, 98 %
2025/12/05 13:30:51.517, 116.68 W, 98 %
2025/12/05 13:30:51.617, 116.67 W, 98 %
2025/12/05 13:30:51.717, 116.68 W, 98 %
2025/12/05 13:30:51.818, 116.67 W, 98 %
2025/12/05 13:30:51.918, 116.66 W, 98 %
2025/12/05 13:30:52.018, 116.64 W, 98 %
2025/12/05 13:30:52.118, 116.61 W, 98 %
2025/12/05 13:30:52.218, 116.57 W, 98 %
2025/12/05 13:30:52.318, 116.55 W, 98 %
2025/12/05 13:30:52.418, 116.52 W, 98 %
2025/12/05 13:30:52.519, 116.52 W, 98 %
2025/12/05 13:30:52.619, 116.53 W, 98 %
2025/12/05 13:30:52.719, 116.51 W, 98 %
2025/12/05 13:30:52.819, 116.50 W, 98 %
2025/12/05 13:30:52.919, 116.48 W, 98 %
2025/12/05 13:30:53.019, 116.47 W, 98 %
2025/12/05 13:30:53.119, 116.49 W, 98 %
2025/12/05 13:30:53.220, 116.50 W, 98 %
2025/12/05 13:30:53.320, 116.53 W, 98 %
2025/12/05 13:30:53.420, 116.54 W, 98 %
2025/12/05 13:30:53.520, 116.49 W, 98 %
2025/12/05 13:30:53.620, 116.52 W, 98 %
2025/12/05 13:30:53.720, 116.52 W, 98 %
2025/12/05 13:30:53.820, 116.54 W, 98 %
2025/12/05 13:30:53.921, 116.53 W, 98 %
2025/12/05 13:30:54.021, 116.56 W, 98 %
2025/12/05 13:30:54.121, 116.56 W, 98 %
2025/12/05 13:30:54.221, 116.56 W, 98 %
2025/12/05 13:30:54.321, 116.50 W, 98 %
2025/12/05 13:30:54.421, 116.50 W, 98 %
2025/12/05 13:30:54.521, 116.50 W, 98 %
2025/12/05 13:30:54.621, 116.51 W, 98 %
2025/12/05 13:30:54.722, 116.49 W, 98 %
2025/12/05 13:30:54.822, 116.48 W, 98 %
2025/12/05 13:30:54.922, 116.47 W, 98 %
2025/12/05 13:30:55.022, 116.45 W, 98 %
2025/12/05 13:30:55.122, 116.39 W, 98 %
2025/12/05 13:30:55.222, 116.42 W, 98 %
2025/12/05 13:30:55.322, 116.42 W, 98 %
2025/12/05 13:30:55.423, 116.47 W, 98 %
2025/12/05 13:30:55.523, 116.48 W, 98 %
2025/12/05 13:30:55.623, 116.50 W, 98 %
2025/12/05 13:30:55.723, 116.53 W, 98 %
2025/12/05 13:30:55.823, 116.57 W, 98 %
2025/12/05 13:30:55.923, 116.56 W, 98 %
2025/12/05 13:30:56.024, 116.58 W, 98 %
2025/12/05 13:30:56.124, 116.61 W, 98 %
2025/12/05 13:30:56.224, 116.66 W, 98 %
2025/12/05 13:30:56.324, 116.68 W, 98 %
2025/12/05 13:30:56.424, 116.70 W, 98 %
2025/12/05 13:30:56.524, 116.70 W, 98 %
2025/12/05 13:30:56.624, 116.73 W, 98 %
2025/12/05 13:30:56.725, 116.70 W, 98 %
2025/12/05 13:30:56.825, 116.72 W, 98 %
2025/12/05 13:30:56.925, 116.74 W, 98 %
2025/12/05 13:30:57.025, 116.76 W, 98 %
2025/12/05 13:30:57.125, 116.78 W, 98 %
2025/12/05 13:30:57.225, 116.81 W, 98 %
2025/12/05 13:30:57.325, 116.81 W, 98 %
2025/12/05 13:30:57.426, 116.81 W, 98 %
2025/12/05 13:30:57.526, 116.77 W, 98 %
2025/12/05 13:30:57.626, 116.78 W, 98 %
2025/12/05 13:30:57.726, 116.75 W, 98 %
2025/12/05 13:30:57.826, 116.77 W, 98 %
2025/12/05 13:30:57.926, 116.71 W, 98 %
2025/12/05 13:30:58.026, 116.67 W, 98 %
2025/12/05 13:30:58.127, 116.66 W, 98 %
2025/12/05 13:30:58.227, 116.63 W, 98 %
2025/12/05 13:30:58.327, 116.55 W, 98 %
2025/12/05 13:30:58.427, 116.51 W, 98 %
2025/12/05 13:30:58.527, 116.50 W, 98 %
2025/12/05 13:30:58.627, 116.50 W, 98 %
2025/12/05 13:30:58.727, 116.49 W, 98 %
2025/12/05 13:30:58.828, 116.51 W, 98 %
2025/12/05 13:30:58.928, 116.49 W, 98 %
2025/12/05 13:30:59.028, 116.54 W, 98 %
2025/12/05 13:30:59.128, 116.53 W, 98 %
2025/12/05 13:30:59.228, 116.56 W, 98 %
2025/12/05 13:30:59.328, 116.59 W, 98 %
2025/12/05 13:30:59.428, 116.66 W, 98 %
2025/12/05 13:30:59.529, 116.73 W, 98 %
2025/12/05 13:30:59.629, 116.77 W, 98 %
2025/12/05 13:30:59.729, 116.82 W, 98 %
2025/12/05 13:30:59.829, 116.85 W, 98 %
2025/12/05 13:30:59.929, 116.83 W, 98 %
2025/12/05 13:31:00.029, 116.87 W, 98 %
2025/12/05 13:31:00.129, 116.88 W, 98 %
2025/12/05 13:31:00.230, 116.92 W, 98 %
2025/12/05 13:31:00.330, 116.92 W, 98 %
2025/12/05 13:31:00.430, 116.87 W, 98 %
2025/12/05 13:31:00.530, 116.87 W, 98 %
2025/12/05 13:31:00.630, 116.86 W, 98 %
2025/12/05 13:31:00.730, 116.81 W, 98 %
2025/12/05 13:31:00.830, 116.81 W, 98 %
2025/12/05 13:31:00.931, 116.81 W, 98 %
2025/12/05 13:31:01.031, 116.84 W, 98 %
2025/12/05 13:31:01.131, 116.85 W, 98 %
2025/12/05 13:31:01.231, 116.80 W, 98 %
2025/12/05 13:31:01.331, 116.80 W, 98 %
2025/12/05 13:31:01.431, 116.78 W, 98 %
2025/12/05 13:31:01.531, 116.82 W, 98 %
2025/12/05 13:31:01.632, 116.84 W, 98 %
2025/12/05 13:31:01.732, 116.82 W, 98 %
2025/12/05 13:31:01.832, 116.83 W, 98 %
2025/12/05 13:31:01.932, 116.81 W, 98 %
2025/12/05 13:31:02.032, 116.78 W, 98 %
2025/12/05 13:31:02.132, 116.75 W, 98 %
2025/12/05 13:31:02.232, 116.76 W, 98 %
2025/12/05 13:31:02.333, 116.77 W, 98 %
2025/12/05 13:31:02.433, 116.76 W, 98 %
2025/12/05 13:31:02.533, 116.76 W, 98 %
2025/12/05 13:31:02.633, 116.76 W, 98 %
2025/12/05 13:31:02.733, 116.75 W, 98 %
2025/12/05 13:31:02.833, 116.76 W, 98 %
2025/12/05 13:31:02.933, 116.79 W, 98 %
2025/12/05 13:31:03.034, 116.80 W, 98 %
2025/12/05 13:31:03.134, 116.84 W, 98 %
2025/12/05 13:31:03.234, 116.87 W, 98 %
2025/12/05 13:31:03.334, 116.84 W, 98 %
2025/12/05 13:31:03.434, 116.88 W, 98 %
2025/12/05 13:31:03.534, 116.91 W, 98 %
2025/12/05 13:31:03.634, 116.89 W, 98 %
2025/12/05 13:31:03.735, 116.87 W, 98 %
2025/12/05 13:31:03.835, 116.83 W, 98 %
2025/12/05 13:31:03.935, 116.81 W, 98 %
2025/12/05 13:31:04.035, 116.80 W, 98 %
2025/12/05 13:31:04.135, 116.79 W, 98 %
2025/12/05 13:31:04.235, 116.76 W, 98 %
2025/12/05 13:31:04.335, 116.74 W, 98 %
2025/12/05 13:31:04.436, 116.76 W, 98 %
2025/12/05 13:31:04.536, 116.73 W, 98 %
2025/12/05 13:31:04.636, 116.66 W, 98 %
2025/12/05 13:31:04.736, 116.70 W, 98 %
2025/12/05 13:31:04.836, 116.73 W, 98 %
2025/12/05 13:31:04.936, 116.74 W, 98 %
2025/12/05 13:31:05.036, 116.75 W, 98 %
2025/12/05 13:31:05.136, 116.72 W, 98 %
2025/12/05 13:31:05.237, 116.71 W, 98 %
2025/12/05 13:31:05.337, 116.69 W, 98 %
2025/12/05 13:31:05.437, 116.65 W, 98 %
2025/12/05 13:31:05.537, 116.65 W, 98 %
2025/12/05 13:31:05.637, 116.65 W, 98 %
2025/12/05 13:31:05.737, 116.66 W, 98 %
2025/12/05 13:31:05.838, 116.67 W, 98 %
2025/12/05 13:31:05.938, 116.66 W, 98 %
2025/12/05 13:31:06.038, 116.67 W, 98 %
2025/12/05 13:31:06.138, 116.72 W, 98 %
2025/12/05 13:31:06.238, 116.75 W, 98 %
2025/12/05 13:31:06.338, 116.77 W, 98 %
2025/12/05 13:31:06.438, 116.79 W, 98 %
2025/12/05 13:31:06.538, 116.82 W, 98 %
2025/12/05 13:31:06.639, 116.79 W, 98 %
2025/12/05 13:31:06.739, 116.74 W, 98 %
2025/12/05 13:31:06.839, 116.78 W, 98 %
2025/12/05 13:31:06.939, 116.78 W, 98 %
2025/12/05 13:31:07.039, 116.75 W, 98 %
2025/12/05 13:31:07.139, 116.74 W, 98 %
2025/12/05 13:31:07.240, 116.72 W, 98 %
2025/12/05 13:31:07.340, 116.69 W, 98 %
2025/12/05 13:31:07.440, 116.70 W, 98 %
2025/12/05 13:31:07.540, 116.70 W, 98 %
2025/12/05 13:31:07.640, 116.71 W, 98 %
2025/12/05 13:31:07.740, 116.77 W, 98 %
2025/12/05 13:31:07.840, 116.85 W, 98 %
2025/12/05 13:31:07.941, 116.85 W, 98 %
2025/12/05 13:31:08.041, 116.84 W, 98 %
2025/12/05 13:31:08.141, 116.87 W, 98 %
2025/12/05 13:31:08.241, 116.86 W, 98 %
2025/12/05 13:31:08.341, 116.88 W, 98 %
2025/12/05 13:31:08.441, 116.86 W, 98 %
2025/12/05 13:31:08.541, 116.86 W, 98 %
2025/12/05 13:31:08.642, 116.87 W, 98 %
2025/12/05 13:31:08.742, 116.88 W, 98 %
2025/12/05 13:31:08.842, 116.85 W, 98 %
2025/12/05 13:31:08.942, 116.83 W, 98 %
2025/12/05 13:31:09.042, 116.82 W, 98 %
2025/12/05 13:31:09.142, 116.78 W, 98 %
2025/12/05 13:31:09.242, 116.79 W, 98 %
2025/12/05 13:31:09.343, 116.79 W, 98 %
2025/12/05 13:31:09.443, 116.80 W, 98 %
2025/12/05 13:31:09.543, 116.82 W, 98 %
2025/12/05 13:31:09.643, 116.86 W, 98 %
2025/12/05 13:31:09.743, 116.85 W, 98 %
2025/12/05 13:31:09.843, 116.81 W, 98 %
2025/12/05 13:31:09.943, 116.85 W, 98 %
2025/12/05 13:31:10.044, 116.88 W, 98 %
2025/12/05 13:31:10.144, 116.90 W, 98 %
2025/12/05 13:31:10.244, 116.93 W, 98 %
2025/12/05 13:31:10.344, 116.93 W, 98 %
2025/12/05 13:31:10.444, 116.91 W, 98 %
2025/12/05 13:31:10.544, 116.91 W, 98 %
2025/12/05 13:31:10.644, 116.84 W, 98 %
2025/12/05 13:31:10.745, 116.81 W, 98 %
2025/12/05 13:31:10.845, 116.82 W, 98 %
2025/12/05 13:31:10.945, 116.78 W, 98 %
2025/12/05 13:31:11.045, 116.74 W, 98 %
2025/12/05 13:31:11.145, 116.74 W, 98 %
2025/12/05 13:31:11.245, 116.73 W, 98 %
2025/12/05 13:31:11.345, 116.73 W, 98 %
2025/12/05 13:31:11.446, 116.68 W, 98 %
2025/12/05 13:31:11.546, 116.72 W, 98 %
2025/12/05 13:31:11.646, 116.73 W, 98 %
2025/12/05 13:31:11.746, 116.73 W, 98 %
2025/12/05 13:31:11.846, 116.75 W, 98 %
2025/12/05 13:31:11.946, 116.71 W, 98 %
2025/12/05 13:31:12.046, 116.74 W, 98 %
2025/12/05 13:31:12.147, 116.76 W, 98 %
2025/12/05 13:31:12.247, 116.72 W, 98 %
2025/12/05 13:31:12.347, 116.70 W, 98 %
2025/12/05 13:31:12.447, 116.70 W, 98 %
2025/12/05 13:31:12.547, 116.74 W, 98 %
2025/12/05 13:31:12.647, 116.74 W, 98 %
2025/12/05 13:31:12.747, 116.70 W, 98 %
2025/12/05 13:31:12.848, 116.72 W, 98 %
2025/12/05 13:31:12.948, 116.70 W, 98 %
2025/12/05 13:31:13.048, 116.69 W, 98 %
2025/12/05 13:31:13.148, 116.70 W, 98 %
2025/12/05 13:31:13.248, 116.71 W, 98 %
2025/12/05 13:31:13.348, 116.72 W, 98 %
2025/12/05 13:31:13.448, 116.75 W, 98 %
2025/12/05 13:31:13.549, 116.74 W, 98 %
2025/12/05 13:31:13.649, 116.72 W, 98 %
2025/12/05 13:31:13.749, 116.72 W, 98 %
2025/12/05 13:31:13.849, 116.73 W, 98 %
2025/12/05 13:31:13.949, 116.75 W, 98 %
2025/12/05 13:31:14.049, 116.80 W, 98 %
2025/12/05 13:31:14.149, 116.83 W, 98 %
2025/12/05 13:31:14.250, 116.84 W, 98 %
2025/12/05 13:31:14.350, 116.80 W, 98 %
2025/12/05 13:31:14.450, 116.81 W, 98 %
2025/12/05 13:31:14.550, 116.79 W, 98 %
2025/12/05 13:31:14.650, 116.82 W, 98 %
2025/12/05 13:31:14.750, 116.83 W, 98 %
2025/12/05 13:31:14.850, 116.81 W, 98 %
2025/12/05 13:31:14.951, 116.83 W, 98 %
2025/12/05 13:31:15.051, 116.83 W, 98 %
2025/12/05 13:31:15.151, 116.79 W, 98 %
2025/12/05 13:31:15.251, 116.80 W, 98 %
2025/12/05 13:31:15.351, 116.81 W, 98 %
2025/12/05 13:31:15.451, 116.81 W, 98 %
2025/12/05 13:31:15.551, 116.83 W, 98 %
2025/12/05 13:31:15.652, 116.78 W, 98 %
2025/12/05 13:31:15.752, 116.80 W, 98 %
2025/12/05 13:31:15.852, 116.79 W, 98 %
2025/12/05 13:31:15.952, 116.78 W, 98 %
2025/12/05 13:31:16.052, 116.78 W, 98 %
2025/12/05 13:31:16.152, 116.78 W, 98 %
2025/12/05 13:31:16.252, 116.77 W, 98 %
2025/12/05 13:31:16.353, 116.78 W, 98 %
2025/12/05 13:31:16.453, 116.75 W, 98 %
2025/12/05 13:31:16.553, 116.79 W, 98 %
2025/12/05 13:31:16.653, 116.78 W, 98 %
2025/12/05 13:31:16.753, 116.81 W, 98 %
2025/12/05 13:31:16.853, 116.77 W, 98 %
2025/12/05 13:31:16.953, 116.77 W, 98 %
2025/12/05 13:31:17.054, 116.78 W, 98 %
2025/12/05 13:31:17.154, 116.78 W, 98 %
2025/12/05 13:31:17.254, 116.75 W, 98 %
2025/12/05 13:31:17.354, 116.77 W, 98 %
2025/12/05 13:31:17.454, 116.76 W, 98 %
2025/12/05 13:31:17.554, 116.75 W, 98 %
2025/12/05 13:31:17.654, 116.72 W, 98 %
2025/12/05 13:31:17.755, 116.72 W, 98 %
2025/12/05 13:31:17.855, 116.73 W, 98 %
2025/12/05 13:31:17.955, 116.76 W, 98 %
2025/12/05 13:31:18.055, 116.73 W, 98 %
2025/12/05 13:31:18.155, 116.74 W, 98 %
2025/12/05 13:31:18.255, 116.76 W, 98 %
2025/12/05 13:31:18.355, 116.78 W, 98 %
2025/12/05 13:31:18.456, 116.77 W, 98 %
2025/12/05 13:31:18.556, 116.76 W, 98 %
2025/12/05 13:31:18.656, 116.77 W, 98 %
2025/12/05 13:31:18.756, 116.79 W, 98 %
2025/12/05 13:31:18.856, 116.74 W, 98 %
2025/12/05 13:31:18.956, 116.74 W, 98 %
2025/12/05 13:31:19.056, 116.74 W, 98 %
2025/12/05 13:31:19.157, 116.74 W, 98 %
2025/12/05 13:31:19.257, 116.75 W, 98 %
2025/12/05 13:31:19.357, 116.68 W, 98 %
2025/12/05 13:31:19.457, 116.69 W, 98 %
2025/12/05 13:31:19.557, 116.71 W, 98 %
2025/12/05 13:31:19.657, 116.72 W, 98 %
2025/12/05 13:31:19.757, 116.72 W, 98 %
2025/12/05 13:31:19.858, 116.72 W, 98 %
2025/12/05 13:31:19.958, 116.74 W, 98 %
2025/12/05 13:31:20.058, 116.74 W, 98 %
2025/12/05 13:31:20.158, 116.69 W, 98 %
2025/12/05 13:31:20.258, 116.70 W, 98 %
2025/12/05 13:31:20.358, 116.70 W, 98 %
2025/12/05 13:31:20.458, 116.71 W, 98 %
2025/12/05 13:31:20.559, 116.70 W, 98 %
2025/12/05 13:31:20.659, 116.69 W, 98 %
2025/12/05 13:31:20.759, 116.67 W, 98 %
2025/12/05 13:31:20.859, 116.68 W, 98 %
2025/12/05 13:31:20.959, 116.67 W, 98 %
2025/12/05 13:31:21.059, 116.70 W, 98 %
2025/12/05 13:31:21.159, 116.70 W, 98 %
2025/12/05 13:31:21.260, 116.72 W, 98 %
2025/12/05 13:31:21.360, 116.75 W, 98 %
2025/12/05 13:31:21.460, 116.72 W, 98 %
2025/12/05 13:31:21.560, 116.74 W, 98 %
2025/12/05 13:31:21.660, 116.73 W, 98 %
2025/12/05 13:31:21.760, 116.68 W, 98 %
2025/12/05 13:31:21.860, 116.70 W, 98 %
2025/12/05 13:31:21.961, 116.71 W, 98 %
2025/12/05 13:31:22.061, 116.72 W, 98 %
2025/12/05 13:31:22.161, 116.70 W, 98 %
2025/12/05 13:31:22.261, 116.67 W, 98 %
2025/12/05 13:31:22.361, 116.69 W, 98 %
2025/12/05 13:31:22.461, 116.69 W, 98 %
2025/12/05 13:31:22.561, 116.70 W, 98 %
2025/12/05 13:31:22.662, 116.71 W, 98 %
2025/12/05 13:31:22.762, 116.72 W, 98 %
2025/12/05 13:31:22.862, 116.75 W, 98 %
2025/12/05 13:31:22.962, 116.73 W, 98 %
2025/12/05 13:31:23.062, 116.72 W, 98 %
2025/12/05 13:31:23.162, 116.72 W, 98 %
2025/12/05 13:31:23.263, 116.72 W, 98 %
2025/12/05 13:31:23.363, 116.76 W, 98 %
2025/12/05 13:31:23.463, 116.78 W, 98 %
2025/12/05 13:31:23.563, 116.76 W, 98 %
2025/12/05 13:31:23.663, 116.76 W, 98 %
2025/12/05 13:31:23.763, 116.78 W, 98 %
2025/12/05 13:31:23.863, 116.75 W, 98 %
2025/12/05 13:31:23.964, 116.78 W, 98 %
2025/12/05 13:31:24.064, 116.78 W, 98 %
2025/12/05 13:31:24.164, 116.78 W, 98 %
2025/12/05 13:31:24.264, 116.79 W, 98 %
2025/12/05 13:31:24.364, 116.77 W, 98 %
2025/12/05 13:31:24.464, 116.78 W, 98 %
2025/12/05 13:31:24.564, 116.79 W, 98 %
2025/12/05 13:31:24.665, 116.78 W, 98 %
2025/12/05 13:31:24.765, 116.80 W, 98 %
2025/12/05 13:31:24.865, 116.81 W, 98 %
2025/12/05 13:31:24.965, 116.82 W, 98 %
2025/12/05 13:31:25.065, 116.82 W, 98 %
2025/12/05 13:31:25.165, 116.84 W, 98 %
2025/12/05 13:31:25.265, 116.84 W, 98 %
2025/12/05 13:31:25.365, 116.81 W, 98 %
2025/12/05 13:31:25.466, 116.82 W, 98 %
2025/12/05 13:31:25.566, 116.83 W, 98 %
2025/12/05 13:31:25.666, 116.83 W, 98 %
2025/12/05 13:31:25.766, 116.85 W, 98 %
2025/12/05 13:31:25.866, 116.86 W, 98 %
2025/12/05 13:31:25.966, 116.89 W, 98 %
2025/12/05 13:31:26.067, 116.93 W, 98 %
2025/12/05 13:31:26.167, 116.93 W, 98 %
2025/12/05 13:31:26.267, 116.89 W, 98 %
2025/12/05 13:31:26.367, 116.93 W, 98 %
2025/12/05 13:31:26.467, 116.99 W, 98 %
2025/12/05 13:31:26.567, 116.99 W, 98 %
2025/12/05 13:31:26.667, 116.99 W, 98 %
2025/12/05 13:31:26.768, 116.93 W, 98 %
2025/12/05 13:31:26.868, 116.92 W, 98 %
2025/12/05 13:31:26.968, 116.93 W, 98 %
2025/12/05 13:31:27.068, 116.89 W, 98 %
2025/12/05 13:31:27.168, 116.88 W, 98 %
2025/12/05 13:31:27.268, 116.89 W, 98 %
2025/12/05 13:31:27.368, 116.90 W, 98 %
2025/12/05 13:31:27.469, 116.89 W, 98 %
2025/12/05 13:31:27.569, 116.83 W, 98 %
2025/12/05 13:31:27.669, 116.85 W, 98 %
2025/12/05 13:31:27.769, 116.86 W, 98 %
2025/12/05 13:31:27.869, 116.87 W, 98 %
2025/12/05 13:31:27.969, 116.90 W, 98 %
2025/12/05 13:31:28.069, 116.89 W, 98 %
2025/12/05 13:31:28.170, 116.88 W, 98 %
2025/12/05 13:31:28.270, 116.84 W, 98 %
2025/12/05 13:31:28.370, 116.79 W, 98 %
2025/12/05 13:31:28.470, 116.81 W, 98 %
2025/12/05 13:31:28.570, 116.81 W, 98 %
2025/12/05 13:31:28.670, 116.80 W, 98 %
2025/12/05 13:31:28.770, 116.80 W, 98 %
2025/12/05 13:31:28.871, 116.81 W, 98 %
2025/12/05 13:31:28.971, 116.82 W, 98 %
2025/12/05 13:31:29.071, 116.84 W, 98 %
2025/12/05 13:31:29.171, 116.78 W, 98 %
2025/12/05 13:31:29.271, 116.79 W, 98 %
2025/12/05 13:31:29.371, 116.82 W, 98 %
2025/12/05 13:31:29.471, 116.84 W, 98 %
2025/12/05 13:31:29.572, 116.85 W, 98 %
2025/12/05 13:31:29.672, 116.87 W, 98 %
2025/12/05 13:31:29.772, 116.90 W, 98 %
2025/12/05 13:31:29.872, 116.92 W, 98 %
2025/12/05 13:31:29.972, 116.88 W, 98 %
2025/12/05 13:31:30.072, 116.90 W, 98 %
2025/12/05 13:31:30.172, 116.90 W, 98 %
2025/12/05 13:31:30.273, 116.93 W, 98 %
2025/12/05 13:31:30.373, 116.94 W, 98 %
2025/12/05 13:31:30.473, 116.95 W, 98 %
2025/12/05 13:31:30.573, 116.96 W, 98 %
2025/12/05 13:31:30.673, 116.95 W, 98 %
2025/12/05 13:31:30.773, 116.93 W, 98 %
2025/12/05 13:31:30.873, 116.94 W, 98 %
2025/12/05 13:31:30.974, 116.90 W, 98 %
2025/12/05 13:31:31.074, 116.90 W, 98 %
2025/12/05 13:31:31.174, 116.87 W, 98 %
2025/12/05 13:31:31.274, 116.82 W, 98 %
2025/12/05 13:31:31.374, 116.82 W, 98 %
2025/12/05 13:31:31.474, 116.80 W, 98 %
2025/12/05 13:31:31.574, 116.75 W, 98 %
2025/12/05 13:31:31.675, 116.71 W, 98 %
2025/12/05 13:31:31.775, 116.69 W, 98 %
2025/12/05 13:31:31.875, 116.68 W, 98 %
2025/12/05 13:31:31.975, 116.64 W, 98 %
2025/12/05 13:31:32.075, 116.64 W, 98 %
2025/12/05 13:31:32.175, 116.64 W, 98 %
2025/12/05 13:31:32.275, 116.67 W, 98 %
2025/12/05 13:31:32.376, 116.71 W, 98 %
2025/12/05 13:31:32.476, 116.72 W, 98 %
2025/12/05 13:31:32.576, 116.73 W, 98 %
2025/12/05 13:31:32.676, 116.76 W, 98 %
2025/12/05 13:31:32.776, 116.81 W, 98 %
2025/12/05 13:31:32.876, 116.80 W, 98 %
2025/12/05 13:31:32.976, 116.80 W, 98 %
2025/12/05 13:31:33.077, 116.83 W, 98 %
2025/12/05 13:31:33.177, 116.82 W, 98 %
2025/12/05 13:31:33.277, 116.83 W, 98 %
2025/12/05 13:31:33.377, 116.82 W, 98 %
2025/12/05 13:31:33.477, 116.84 W, 98 %
2025/12/05 13:31:33.577, 116.86 W, 98 %
2025/12/05 13:31:33.677, 116.84 W, 98 %
2025/12/05 13:31:33.778, 116.84 W, 98 %
2025/12/05 13:31:33.878, 116.84 W, 98 %
2025/12/05 13:31:33.978, 116.85 W, 98 %
2025/12/05 13:31:34.078, 116.87 W, 98 %
2025/12/05 13:31:34.178, 116.84 W, 98 %
2025/12/05 13:31:34.278, 116.82 W, 98 %
2025/12/05 13:31:34.378, 116.86 W, 98 %
2025/12/05 13:31:34.479, 116.83 W, 98 %
2025/12/05 13:31:34.579, 116.79 W, 98 %
2025/12/05 13:31:34.679, 116.80 W, 98 %
2025/12/05 13:31:34.779, 116.86 W, 98 %
2025/12/05 13:31:34.879, 116.87 W, 98 %
2025/12/05 13:31:34.979, 116.88 W, 98 %
2025/12/05 13:31:35.079, 116.89 W, 98 %
2025/12/05 13:31:35.180, 116.90 W, 98 %
2025/12/05 13:31:35.280, 116.88 W, 98 %
2025/12/05 13:31:35.380, 116.91 W, 98 %
2025/12/05 13:31:35.480, 116.89 W, 98 %
2025/12/05 13:31:35.580, 116.92 W, 98 %
2025/12/05 13:31:35.680, 116.94 W, 98 %
2025/12/05 13:31:35.780, 116.92 W, 98 %
2025/12/05 13:31:35.881, 116.89 W, 98 %
2025/12/05 13:31:35.981, 116.92 W, 98 %
2025/12/05 13:31:36.081, 116.85 W, 98 %
2025/12/05 13:31:36.181, 116.90 W, 98 %
2025/12/05 13:31:36.281, 116.89 W, 98 %
2025/12/05 13:31:36.381, 116.89 W, 98 %
2025/12/05 13:31:36.481, 116.92 W, 98 %
2025/12/05 13:31:36.582, 116.96 W, 98 %
2025/12/05 13:31:36.682, 116.97 W, 98 %
2025/12/05 13:31:36.782, 116.97 W, 98 %
2025/12/05 13:31:36.882, 116.94 W, 98 %
2025/12/05 13:31:36.982, 116.96 W, 98 %
2025/12/05 13:31:37.082, 116.92 W, 98 %
2025/12/05 13:31:37.182, 116.96 W, 98 %
2025/12/05 13:31:37.283, 116.94 W, 98 %
2025/12/05 13:31:37.383, 116.96 W, 98 %
2025/12/05 13:31:37.483, 116.98 W, 98 %
2025/12/05 13:31:37.583, 116.97 W, 98 %
2025/12/05 13:31:37.683, 116.92 W, 98 %
2025/12/05 13:31:37.783, 116.88 W, 98 %
2025/12/05 13:31:37.883, 116.87 W, 98 %
2025/12/05 13:31:37.984, 116.87 W, 98 %
2025/12/05 13:31:38.084, 116.87 W, 98 %
2025/12/05 13:31:38.184, 116.87 W, 98 %
2025/12/05 13:31:38.284, 116.87 W, 98 %
2025/12/05 13:31:38.384, 116.88 W, 98 %
2025/12/05 13:31:38.484, 116.85 W, 98 %
2025/12/05 13:31:38.584, 116.86 W, 98 %
2025/12/05 13:31:38.685, 116.86 W, 98 %
2025/12/05 13:31:38.785, 116.89 W, 98 %
2025/12/05 13:31:38.885, 116.95 W, 98 %
2025/12/05 13:31:38.985, 116.96 W, 98 %
2025/12/05 13:31:39.085, 117.00 W, 98 %
2025/12/05 13:31:39.185, 117.00 W, 98 %
2025/12/05 13:31:39.285, 117.03 W, 98 %
2025/12/05 13:31:39.386, 117.06 W, 98 %
2025/12/05 13:31:39.486, 117.06 W, 98 %
2025/12/05 13:31:39.586, 117.08 W, 98 %
2025/12/05 13:31:39.686, 117.07 W, 98 %
2025/12/05 13:31:39.786, 117.04 W, 98 %
2025/12/05 13:31:39.886, 117.02 W, 98 %
2025/12/05 13:31:39.986, 116.99 W, 98 %
2025/12/05 13:31:40.087, 116.97 W, 98 %
2025/12/05 13:31:40.187, 116.95 W, 98 %
2025/12/05 13:31:40.287, 116.93 W, 98 %
2025/12/05 13:31:40.387, 116.92 W, 98 %
2025/12/05 13:31:40.487, 116.89 W, 98 %
2025/12/05 13:31:40.587, 116.82 W, 98 %
2025/12/05 13:31:40.687, 116.82 W, 98 %
2025/12/05 13:31:40.788, 116.85 W, 98 %
2025/12/05 13:31:40.888, 116.90 W, 98 %
2025/12/05 13:31:40.988, 116.92 W, 98 %
2025/12/05 13:31:41.088, 116.94 W, 98 %
2025/12/05 13:31:41.188, 116.95 W, 98 %
2025/12/05 13:31:41.288, 116.94 W, 98 %
2025/12/05 13:31:41.388, 116.92 W, 98 %
2025/12/05 13:31:41.489, 116.91 W, 98 %
2025/12/05 13:31:41.589, 116.93 W, 98 %
2025/12/05 13:31:41.689, 116.96 W, 98 %
2025/12/05 13:31:41.789, 116.95 W, 98 %
2025/12/05 13:31:41.889, 116.93 W, 98 %
2025/12/05 13:31:41.989, 116.90 W, 98 %
2025/12/05 13:31:42.089, 116.90 W, 98 %
2025/12/05 13:31:42.190, 116.88 W, 98 %
2025/12/05 13:31:42.290, 116.90 W, 98 %
2025/12/05 13:31:42.390, 116.92 W, 98 %
2025/12/05 13:31:42.490, 116.91 W, 98 %
2025/12/05 13:31:42.590, 116.93 W, 98 %
2025/12/05 13:31:42.690, 116.92 W, 98 %
2025/12/05 13:31:42.790, 116.93 W, 98 %
2025/12/05 13:31:42.891, 116.92 W, 98 %
2025/12/05 13:31:42.991, 116.93 W, 98 %
2025/12/05 13:31:43.091, 116.95 W, 98 %
2025/12/05 13:31:43.191, 116.93 W, 98 %
2025/12/05 13:31:43.291, 116.90 W, 98 %
2025/12/05 13:31:43.391, 116.87 W, 98 %
2025/12/05 13:31:43.491, 116.85 W, 98 %
2025/12/05 13:31:43.592, 116.86 W, 98 %
2025/12/05 13:31:43.692, 116.85 W, 98 %
2025/12/05 13:31:43.792, 116.82 W, 98 %
2025/12/05 13:31:43.892, 116.80 W, 98 %
2025/12/05 13:31:43.992, 116.82 W, 98 %
2025/12/05 13:31:44.092, 116.80 W, 98 %
2025/12/05 13:31:44.192, 116.80 W, 98 %
2025/12/05 13:31:44.293, 116.82 W, 98 %
2025/12/05 13:31:44.393, 116.84 W, 98 %
2025/12/05 13:31:44.493, 116.85 W, 98 %
2025/12/05 13:31:44.593, 116.81 W, 98 %
2025/12/05 13:31:44.693, 116.85 W, 98 %
2025/12/05 13:31:44.793, 116.82 W, 98 %
2025/12/05 13:31:44.893, 116.82 W, 98 %
2025/12/05 13:31:44.993, 116.81 W, 98 %
2025/12/05 13:31:45.094, 116.78 W, 98 %
2025/12/05 13:31:45.194, 116.77 W, 98 %
2025/12/05 13:31:45.294, 116.74 W, 98 %
2025/12/05 13:31:45.394, 116.68 W, 98 %
2025/12/05 13:31:45.494, 116.70 W, 98 %
2025/12/05 13:31:45.594, 116.71 W, 98 %
2025/12/05 13:31:45.694, 116.72 W, 98 %
2025/12/05 13:31:45.795, 116.71 W, 98 %
2025/12/05 13:31:45.895, 116.74 W, 98 %
2025/12/05 13:31:45.995, 116.74 W, 98 %
2025/12/05 13:31:46.095, 116.75 W, 98 %
2025/12/05 13:31:46.195, 116.72 W, 98 %
2025/12/05 13:31:46.295, 116.73 W, 98 %
2025/12/05 13:31:46.396, 116.73 W, 98 %
2025/12/05 13:31:46.496, 116.76 W, 98 %
2025/12/05 13:31:46.596, 116.76 W, 98 %
2025/12/05 13:31:46.696, 116.77 W, 98 %
2025/12/05 13:31:46.796, 116.79 W, 98 %
2025/12/05 13:31:46.896, 116.79 W, 98 %
2025/12/05 13:31:46.996, 116.76 W, 98 %
2025/12/05 13:31:47.097, 116.79 W, 98 %
2025/12/05 13:31:47.197, 116.81 W, 98 %
2025/12/05 13:31:47.297, 116.80 W, 98 %
2025/12/05 13:31:47.397, 116.82 W, 98 %
2025/12/05 13:31:47.497, 116.85 W, 98 %
2025/12/05 13:31:47.597, 116.85 W, 98 %
2025/12/05 13:31:47.697, 116.85 W, 98 %
2025/12/05 13:31:47.798, 116.80 W, 98 %
2025/12/05 13:31:47.898, 116.79 W, 98 %
2025/12/05 13:31:47.998, 116.79 W, 98 %
2025/12/05 13:31:48.098, 116.82 W, 98 %
2025/12/05 13:31:48.198, 116.79 W, 98 %
2025/12/05 13:31:48.298, 116.80 W, 98 %
2025/12/05 13:31:48.398, 116.82 W, 98 %
2025/12/05 13:31:48.499, 116.81 W, 98 %
2025/12/05 13:31:48.599, 116.80 W, 98 %
2025/12/05 13:31:48.699, 116.83 W, 95 %
2025/12/05 13:31:48.799, 116.82 W, 95 %
2025/12/05 13:31:48.899, 116.81 W, 98 %
2025/12/05 13:31:48.999, 116.86 W, 98 %
2025/12/05 13:31:49.099, 116.87 W, 98 %
2025/12/05 13:31:49.200, 116.84 W, 98 %
2025/12/05 13:31:49.300, 116.88 W, 98 %
2025/12/05 13:31:49.400, 116.89 W, 98 %
2025/12/05 13:31:49.500, 116.89 W, 98 %
2025/12/05 13:31:49.600, 116.90 W, 98 %
2025/12/05 13:31:49.700, 116.87 W, 98 %
2025/12/05 13:31:49.800, 116.85 W, 98 %
2025/12/05 13:31:49.901, 116.86 W, 98 %
2025/12/05 13:31:50.001, 116.89 W, 98 %
2025/12/05 13:31:50.101, 116.87 W, 98 %
2025/12/05 13:31:50.201, 116.89 W, 98 %
2025/12/05 13:31:50.301, 116.93 W, 98 %
2025/12/05 13:31:50.401, 116.93 W, 98 %
2025/12/05 13:31:50.501, 116.89 W, 98 %
2025/12/05 13:31:50.602, 116.91 W, 98 %
2025/12/05 13:31:50.702, 116.95 W, 98 %
2025/12/05 13:31:50.802, 116.96 W, 98 %
2025/12/05 13:31:50.902, 116.97 W, 98 %
2025/12/05 13:31:51.002, 116.97 W, 98 %
2025/12/05 13:31:51.102, 116.98 W, 98 %
2025/12/05 13:31:51.202, 116.99 W, 98 %
2025/12/05 13:31:51.303, 116.96 W, 98 %
2025/12/05 13:31:51.403, 116.95 W, 98 %
2025/12/05 13:31:51.503, 116.96 W, 98 %
2025/12/05 13:31:51.603, 116.96 W, 98 %
2025/12/05 13:31:51.703, 116.97 W, 98 %
2025/12/05 13:31:51.803, 116.93 W, 98 %
2025/12/05 13:31:51.903, 116.93 W, 98 %
2025/12/05 13:31:52.004, 116.97 W, 98 %
2025/12/05 13:31:52.104, 116.97 W, 98 %
2025/12/05 13:31:52.204, 116.97 W, 98 %
2025/12/05 13:31:52.304, 116.96 W, 98 %
2025/12/05 13:31:52.404, 116.94 W, 98 %
2025/12/05 13:31:52.504, 116.94 W, 98 %
2025/12/05 13:31:52.604, 116.94 W, 98 %
2025/12/05 13:31:52.705, 116.93 W, 98 %
2025/12/05 13:31:52.805, 116.91 W, 98 %
2025/12/05 13:31:52.905, 116.93 W, 98 %
2025/12/05 13:31:53.005, 116.95 W, 98 %
2025/12/05 13:31:53.105, 116.90 W, 98 %
2025/12/05 13:31:53.205, 116.88 W, 98 %
2025/12/05 13:31:53.305, 116.87 W, 98 %
2025/12/05 13:31:53.406, 116.89 W, 98 %
2025/12/05 13:31:53.506, 116.90 W, 98 %
2025/12/05 13:31:53.606, 116.89 W, 98 %
2025/12/05 13:31:53.706, 116.88 W, 98 %
2025/12/05 13:31:53.806, 116.87 W, 98 %
2025/12/05 13:31:53.906, 116.88 W, 98 %
2025/12/05 13:31:54.006, 116.85 W, 98 %
2025/12/05 13:31:54.107, 116.85 W, 98 %
2025/12/05 13:31:54.207, 116.86 W, 98 %
2025/12/05 13:31:54.307, 116.86 W, 98 %
2025/12/05 13:31:54.407, 116.83 W, 98 %
2025/12/05 13:31:54.507, 116.84 W, 98 %
2025/12/05 13:31:54.607, 116.85 W, 98 %
2025/12/05 13:31:54.707, 116.88 W, 98 %
2025/12/05 13:31:54.808, 116.83 W, 98 %
2025/12/05 13:31:54.908, 116.86 W, 98 %
2025/12/05 13:31:55.008, 116.90 W, 98 %
2025/12/05 13:31:55.108, 116.90 W, 98 %
2025/12/05 13:31:55.208, 116.92 W, 98 %
2025/12/05 13:31:55.308, 116.96 W, 98 %
2025/12/05 13:31:55.408, 116.97 W, 98 %
2025/12/05 13:31:55.509, 117.02 W, 98 %
2025/12/05 13:31:55.609, 117.04 W, 98 %
2025/12/05 13:31:55.709, 117.04 W, 98 %
2025/12/05 13:31:55.809, 117.03 W, 98 %
2025/12/05 13:31:55.909, 117.07 W, 98 %
2025/12/05 13:31:56.009, 117.07 W, 98 %
2025/12/05 13:31:56.109, 117.07 W, 98 %
2025/12/05 13:31:56.210, 117.07 W, 98 %
2025/12/05 13:31:56.310, 117.05 W, 98 %
2025/12/05 13:31:56.410, 117.02 W, 98 %
2025/12/05 13:31:56.510, 117.03 W, 98 %
2025/12/05 13:31:56.610, 117.00 W, 98 %
2025/12/05 13:31:56.710, 116.95 W, 98 %
2025/12/05 13:31:56.810, 116.94 W, 98 %
2025/12/05 13:31:56.911, 116.96 W, 98 %
2025/12/05 13:31:57.011, 116.95 W, 98 %
2025/12/05 13:31:57.111, 116.97 W, 98 %
2025/12/05 13:31:57.211, 116.97 W, 98 %
2025/12/05 13:31:57.311, 116.95 W, 98 %
2025/12/05 13:31:57.411, 116.99 W, 98 %
2025/12/05 13:31:57.511, 116.96 W, 98 %
2025/12/05 13:31:57.612, 116.96 W, 98 %
2025/12/05 13:31:57.712, 116.97 W, 98 %
2025/12/05 13:31:57.812, 116.98 W, 98 %
2025/12/05 13:31:57.912, 116.99 W, 98 %
2025/12/05 13:31:58.012, 116.99 W, 98 %
2025/12/05 13:31:58.112, 117.00 W, 98 %
2025/12/05 13:31:58.212, 116.99 W, 98 %
2025/12/05 13:31:58.313, 116.97 W, 98 %
2025/12/05 13:31:58.413, 117.00 W, 98 %
2025/12/05 13:31:58.513, 116.95 W, 98 %
2025/12/05 13:31:58.613, 116.99 W, 98 %
2025/12/05 13:31:58.713, 117.01 W, 98 %
2025/12/05 13:31:58.813, 117.03 W, 98 %
2025/12/05 13:31:58.913, 117.03 W, 98 %
2025/12/05 13:31:59.014, 117.04 W, 98 %
2025/12/05 13:31:59.114, 117.02 W, 98 %
2025/12/05 13:31:59.214, 117.05 W, 98 %
2025/12/05 13:31:59.314, 117.06 W, 98 %
2025/12/05 13:31:59.414, 117.07 W, 98 %
2025/12/05 13:31:59.514, 117.09 W, 98 %
2025/12/05 13:31:59.614, 117.10 W, 98 %
2025/12/05 13:31:59.715, 117.11 W, 98 %
2025/12/05 13:31:59.815, 117.07 W, 98 %
2025/12/05 13:31:59.915, 117.03 W, 98 %
2025/12/05 13:32:00.015, 117.03 W, 98 %
2025/12/05 13:32:00.115, 117.03 W, 98 %
2025/12/05 13:32:00.215, 117.01 W, 98 %
2025/12/05 13:32:00.315, 116.98 W, 98 %
2025/12/05 13:32:00.416, 116.98 W, 98 %
2025/12/05 13:32:00.516, 116.96 W, 98 %
2025/12/05 13:32:00.616, 116.93 W, 98 %
2025/12/05 13:32:00.716, 116.91 W, 98 %
2025/12/05 13:32:00.816, 116.90 W, 98 %
2025/12/05 13:32:00.916, 116.93 W, 98 %
2025/12/05 13:32:01.016, 116.92 W, 98 %
2025/12/05 13:32:01.117, 116.93 W, 98 %
2025/12/05 13:32:01.217, 116.91 W, 98 %
2025/12/05 13:32:01.317, 116.89 W, 98 %
2025/12/05 13:32:01.417, 116.89 W, 98 %
2025/12/05 13:32:01.517, 116.86 W, 98 %
2025/12/05 13:32:01.617, 116.88 W, 98 %
2025/12/05 13:32:01.717, 116.87 W, 98 %
2025/12/05 13:32:01.818, 116.87 W, 98 %
2025/12/05 13:32:01.918, 116.89 W, 98 %
2025/12/05 13:32:02.018, 116.90 W, 98 %
2025/12/05 13:32:02.118, 116.91 W, 98 %
2025/12/05 13:32:02.218, 116.89 W, 98 %
2025/12/05 13:32:02.318, 116.91 W, 98 %
2025/12/05 13:32:02.418, 116.92 W, 98 %
2025/12/05 13:32:02.519, 116.95 W, 98 %
2025/12/05 13:32:02.619, 116.93 W, 98 %
2025/12/05 13:32:02.719, 116.95 W, 98 %
2025/12/05 13:32:02.819, 117.00 W, 98 %
2025/12/05 13:32:02.919, 116.99 W, 98 %
2025/12/05 13:32:03.019, 116.96 W, 98 %
2025/12/05 13:32:03.119, 116.94 W, 98 %
2025/12/05 13:32:03.220, 116.94 W, 98 %
2025/12/05 13:32:03.320, 116.98 W, 98 %
2025/12/05 13:32:03.420, 116.91 W, 98 %
2025/12/05 13:32:03.520, 116.90 W, 98 %
2025/12/05 13:32:03.620, 116.90 W, 98 %
2025/12/05 13:32:03.720, 116.92 W, 98 %
2025/12/05 13:32:03.820, 116.91 W, 98 %
2025/12/05 13:32:03.921, 116.88 W, 98 %
2025/12/05 13:32:04.021, 116.89 W, 98 %
2025/12/05 13:32:04.121, 116.92 W, 98 %
2025/12/05 13:32:04.221, 116.92 W, 98 %
2025/12/05 13:32:04.321, 116.92 W, 98 %
2025/12/05 13:32:04.421, 116.92 W, 98 %
2025/12/05 13:32:04.521, 116.95 W, 98 %
2025/12/05 13:32:04.622, 116.96 W, 98 %
2025/12/05 13:32:04.722, 116.94 W, 98 %
2025/12/05 13:32:04.822, 116.91 W, 98 %
2025/12/05 13:32:04.922, 116.89 W, 98 %
2025/12/05 13:32:05.022, 116.88 W, 98 %
2025/12/05 13:32:05.122, 116.86 W, 98 %
2025/12/05 13:32:05.222, 116.85 W, 98 %
2025/12/05 13:32:05.323, 116.83 W, 98 %
2025/12/05 13:32:05.423, 116.88 W, 98 %
2025/12/05 13:32:05.523, 116.88 W, 98 %
2025/12/05 13:32:05.623, 116.89 W, 98 %
2025/12/05 13:32:05.723, 116.91 W, 98 %
2025/12/05 13:32:05.823, 116.93 W, 98 %
2025/12/05 13:32:05.923, 116.95 W, 98 %
2025/12/05 13:32:06.024, 116.96 W, 98 %
2025/12/05 13:32:06.124, 116.97 W, 98 %
2025/12/05 13:32:06.224, 117.01 W, 98 %
2025/12/05 13:32:06.324, 117.01 W, 98 %
2025/12/05 13:32:06.424, 117.03 W, 98 %
2025/12/05 13:32:06.524, 117.04 W, 98 %
2025/12/05 13:32:06.624, 116.98 W, 98 %
2025/12/05 13:32:06.724, 117.00 W, 98 %
2025/12/05 13:32:06.825, 117.01 W, 98 %
2025/12/05 13:32:06.925, 117.00 W, 98 %
2025/12/05 13:32:07.025, 117.02 W, 98 %
2025/12/05 13:32:07.125, 117.06 W, 98 %
2025/12/05 13:32:07.225, 117.06 W, 98 %
2025/12/05 13:32:07.325, 117.06 W, 98 %
2025/12/05 13:32:07.426, 117.05 W, 98 %
2025/12/05 13:32:07.526, 117.05 W, 98 %
2025/12/05 13:32:07.626, 117.05 W, 98 %
2025/12/05 13:32:07.726, 117.11 W, 98 %
2025/12/05 13:32:07.826, 117.15 W, 98 %
2025/12/05 13:32:07.926, 117.10 W, 98 %
2025/12/05 13:32:08.026, 117.11 W, 98 %
2025/12/05 13:32:08.126, 117.11 W, 98 %
2025/12/05 13:32:08.227, 117.07 W, 98 %
2025/12/05 13:32:08.327, 117.05 W, 98 %
2025/12/05 13:32:08.427, 117.04 W, 98 %
2025/12/05 13:32:08.527, 117.06 W, 98 %
2025/12/05 13:32:08.627, 117.06 W, 98 %
2025/12/05 13:32:08.727, 117.03 W, 98 %
2025/12/05 13:32:08.828, 117.02 W, 98 %
2025/12/05 13:32:08.928, 117.02 W, 98 %
2025/12/05 13:32:09.028, 117.05 W, 98 %
2025/12/05 13:32:09.128, 117.08 W, 98 %
2025/12/05 13:32:09.228, 117.08 W, 98 %
2025/12/05 13:32:09.328, 117.07 W, 98 %
2025/12/05 13:32:09.428, 117.11 W, 98 %
2025/12/05 13:32:09.528, 117.10 W, 98 %
2025/12/05 13:32:09.629, 117.10 W, 98 %
2025/12/05 13:32:09.729, 117.13 W, 98 %
2025/12/05 13:32:09.829, 117.14 W, 98 %
2025/12/05 13:32:09.929, 117.17 W, 98 %
2025/12/05 13:32:10.029, 117.12 W, 98 %
2025/12/05 13:32:10.129, 117.12 W, 98 %
2025/12/05 13:32:10.230, 117.13 W, 98 %
2025/12/05 13:32:10.330, 117.15 W, 98 %
2025/12/05 13:32:10.430, 117.19 W, 98 %
2025/12/05 13:32:10.530, 117.18 W, 98 %
2025/12/05 13:32:10.630, 117.16 W, 98 %
2025/12/05 13:32:10.730, 117.20 W, 98 %
2025/12/05 13:32:10.830, 117.18 W, 98 %
2025/12/05 13:32:10.931, 117.20 W, 98 %
2025/12/05 13:32:11.031, 117.21 W, 98 %
2025/12/05 13:32:11.131, 117.24 W, 98 %
2025/12/05 13:32:11.231, 117.24 W, 98 %
2025/12/05 13:32:11.331, 117.22 W, 98 %
2025/12/05 13:32:11.431, 117.20 W, 98 %
2025/12/05 13:32:11.531, 117.21 W, 98 %
2025/12/05 13:32:11.632, 117.21 W, 98 %
2025/12/05 13:32:11.732, 117.24 W, 98 %
2025/12/05 13:32:11.832, 117.27 W, 98 %
2025/12/05 13:32:11.932, 117.31 W, 98 %
2025/12/05 13:32:12.032, 117.34 W, 98 %
2025/12/05 13:32:12.132, 117.30 W, 98 %
2025/12/05 13:32:12.232, 117.28 W, 98 %
2025/12/05 13:32:12.333, 117.29 W, 98 %
2025/12/05 13:32:12.433, 117.31 W, 98 %
2025/12/05 13:32:12.533, 117.33 W, 98 %
2025/12/05 13:32:12.633, 117.31 W, 98 %
2025/12/05 13:32:12.733, 117.30 W, 98 %
2025/12/05 13:32:12.833, 117.31 W, 98 %
2025/12/05 13:32:12.933, 117.25 W, 98 %
2025/12/05 13:32:13.034, 117.21 W, 98 %
2025/12/05 13:32:13.134, 117.22 W, 98 %
2025/12/05 13:32:13.234, 117.24 W, 98 %
2025/12/05 13:32:13.334, 117.27 W, 98 %
2025/12/05 13:32:13.434, 117.24 W, 98 %
2025/12/05 13:32:13.534, 117.23 W, 98 %
2025/12/05 13:32:13.634, 117.23 W, 98 %
2025/12/05 13:32:13.735, 117.21 W, 98 %
2025/12/05 13:32:13.835, 117.21 W, 98 %
2025/12/05 13:32:13.935, 117.21 W, 98 %
2025/12/05 13:32:14.035, 117.24 W, 98 %
2025/12/05 13:32:14.135, 117.26 W, 98 %
2025/12/05 13:32:14.235, 117.22 W, 98 %
2025/12/05 13:32:14.335, 117.20 W, 98 %
2025/12/05 13:32:14.436, 117.19 W, 98 %
2025/12/05 13:32:14.536, 117.20 W, 98 %
2025/12/05 13:32:14.636, 117.20 W, 98 %
2025/12/05 13:32:14.736, 117.16 W, 98 %
2025/12/05 13:32:14.836, 117.16 W, 98 %
2025/12/05 13:32:14.936, 117.20 W, 98 %
2025/12/05 13:32:15.036, 117.19 W, 98 %
2025/12/05 13:32:15.137, 117.18 W, 98 %
2025/12/05 13:32:15.237, 117.21 W, 98 %
2025/12/05 13:32:15.337, 117.21 W, 98 %
2025/12/05 13:32:15.437, 117.25 W, 98 %
2025/12/05 13:32:15.537, 117.19 W, 98 %
2025/12/05 13:32:15.637, 117.19 W, 98 %
2025/12/05 13:32:15.737, 117.22 W, 98 %
2025/12/05 13:32:15.838, 117.24 W, 98 %
2025/12/05 13:32:15.938, 117.27 W, 98 %
2025/12/05 13:32:16.038, 117.20 W, 98 %
2025/12/05 13:32:16.138, 117.20 W, 98 %
2025/12/05 13:32:16.238, 117.20 W, 98 %
2025/12/05 13:32:16.338, 117.13 W, 98 %
2025/12/05 13:32:16.438, 117.13 W, 98 %
2025/12/05 13:32:16.539, 117.12 W, 98 %
2025/12/05 13:32:16.639, 117.13 W, 98 %
2025/12/05 13:32:16.739, 117.11 W, 98 %
2025/12/05 13:32:16.839, 117.05 W, 98 %
2025/12/05 13:32:16.939, 117.05 W, 98 %
2025/12/05 13:32:17.039, 117.02 W, 98 %
2025/12/05 13:32:17.139, 117.05 W, 98 %
2025/12/05 13:32:17.240, 117.05 W, 98 %
2025/12/05 13:32:17.340, 117.00 W, 98 %
2025/12/05 13:32:17.440, 117.03 W, 98 %
2025/12/05 13:32:17.540, 117.01 W, 98 %
2025/12/05 13:32:17.640, 116.98 W, 98 %
2025/12/05 13:32:17.740, 116.99 W, 98 %
2025/12/05 13:32:17.840, 117.01 W, 98 %
2025/12/05 13:32:17.941, 117.02 W, 98 %
2025/12/05 13:32:18.041, 117.02 W, 98 %
2025/12/05 13:32:18.141, 117.00 W, 98 %
2025/12/05 13:32:18.241, 117.00 W, 98 %
2025/12/05 13:32:18.341, 117.01 W, 98 %
2025/12/05 13:32:18.441, 117.07 W, 98 %
2025/12/05 13:32:18.541, 117.08 W, 98 %
2025/12/05 13:32:18.642, 117.07 W, 98 %
2025/12/05 13:32:18.742, 117.12 W, 98 %
2025/12/05 13:32:18.842, 117.13 W, 98 %
2025/12/05 13:32:18.942, 117.14 W, 98 %
2025/12/05 13:32:19.042, 117.18 W, 98 %
2025/12/05 13:32:19.142, 117.20 W, 98 %
2025/12/05 13:32:19.242, 117.24 W, 98 %
2025/12/05 13:32:19.343, 117.23 W, 98 %
2025/12/05 13:32:19.443, 117.21 W, 98 %
2025/12/05 13:32:19.543, 117.19 W, 98 %
2025/12/05 13:32:19.643, 117.18 W, 98 %
2025/12/05 13:32:19.743, 117.18 W, 98 %
2025/12/05 13:32:19.843, 117.13 W, 98 %
2025/12/05 13:32:19.943, 117.11 W, 98 %
2025/12/05 13:32:20.044, 117.10 W, 98 %
2025/12/05 13:32:20.144, 117.08 W, 98 %
2025/12/05 13:32:20.244, 117.02 W, 98 %
2025/12/05 13:32:20.344, 117.02 W, 98 %
2025/12/05 13:32:20.444, 117.01 W, 98 %
2025/12/05 13:32:20.544, 117.03 W, 98 %
2025/12/05 13:32:20.645, 117.04 W, 98 %
2025/12/05 13:32:20.745, 117.01 W, 98 %
2025/12/05 13:32:20.845, 117.03 W, 98 %
2025/12/05 13:32:20.945, 117.05 W, 98 %
2025/12/05 13:32:21.045, 117.06 W, 98 %
2025/12/05 13:32:21.145, 117.06 W, 98 %
2025/12/05 13:32:21.245, 117.03 W, 98 %
2025/12/05 13:32:21.346, 117.07 W, 98 %
2025/12/05 13:32:21.446, 117.07 W, 98 %
2025/12/05 13:32:21.546, 117.03 W, 98 %
2025/12/05 13:32:21.646, 117.05 W, 98 %
2025/12/05 13:32:21.746, 117.03 W, 98 %
2025/12/05 13:32:21.846, 117.05 W, 98 %
2025/12/05 13:32:21.946, 117.07 W, 98 %
2025/12/05 13:32:22.047, 117.04 W, 98 %
2025/12/05 13:32:22.147, 117.06 W, 98 %
2025/12/05 13:32:22.247, 117.08 W, 98 %
2025/12/05 13:32:22.347, 117.11 W, 98 %
2025/12/05 13:32:22.447, 117.12 W, 98 %
2025/12/05 13:32:22.547, 117.09 W, 98 %
2025/12/05 13:32:22.647, 117.12 W, 98 %
2025/12/05 13:32:22.748, 117.11 W, 98 %
2025/12/05 13:32:22.848, 117.12 W, 98 %
2025/12/05 13:32:22.948, 117.14 W, 98 %
2025/12/05 13:32:23.048, 117.11 W, 98 %
2025/12/05 13:32:23.148, 117.14 W, 98 %
2025/12/05 13:32:23.248, 117.13 W, 98 %
2025/12/05 13:32:23.348, 117.11 W, 98 %
2025/12/05 13:32:23.449, 117.13 W, 98 %
2025/12/05 13:32:23.549, 117.11 W, 98 %
2025/12/05 13:32:23.649, 117.14 W, 98 %
2025/12/05 13:32:23.749, 117.15 W, 98 %
2025/12/05 13:32:23.849, 117.12 W, 98 %
2025/12/05 13:32:23.949, 117.12 W, 98 %
2025/12/05 13:32:24.049, 117.10 W, 98 %
2025/12/05 13:32:24.150, 117.07 W, 98 %
2025/12/05 13:32:24.250, 117.06 W, 98 %
2025/12/05 13:32:24.350, 117.07 W, 98 %
2025/12/05 13:32:24.450, 117.06 W, 98 %
2025/12/05 13:32:24.550, 117.06 W, 98 %
2025/12/05 13:32:24.650, 117.04 W, 98 %
2025/12/05 13:32:24.750, 117.06 W, 98 %
2025/12/05 13:32:24.851, 117.09 W, 98 %
2025/12/05 13:32:24.951, 117.10 W, 98 %
2025/12/05 13:32:25.051, 117.10 W, 98 %
2025/12/05 13:32:25.151, 117.13 W, 98 %
2025/12/05 13:32:25.251, 117.16 W, 98 %
2025/12/05 13:32:25.351, 117.14 W, 98 %
2025/12/05 13:32:25.451, 117.17 W, 98 %
2025/12/05 13:32:25.552, 117.12 W, 98 %
2025/12/05 13:32:25.652, 117.14 W, 98 %
2025/12/05 13:32:25.752, 117.16 W, 98 %
2025/12/05 13:32:25.852, 117.15 W, 98 %
2025/12/05 13:32:25.952, 117.13 W, 98 %
2025/12/05 13:32:26.052, 117.11 W, 98 %
2025/12/05 13:32:26.152, 117.08 W, 98 %
2025/12/05 13:32:26.253, 117.08 W, 98 %
2025/12/05 13:32:26.353, 117.02 W, 98 %
2025/12/05 13:32:26.453, 117.01 W, 98 %
2025/12/05 13:32:26.553, 117.00 W, 98 %
2025/12/05 13:32:26.653, 117.02 W, 98 %
2025/12/05 13:32:26.753, 117.00 W, 98 %
2025/12/05 13:32:26.853, 116.93 W, 98 %
2025/12/05 13:32:26.954, 116.92 W, 98 %
2025/12/05 13:32:27.054, 116.95 W, 98 %
2025/12/05 13:32:27.154, 116.94 W, 98 %
2025/12/05 13:32:27.254, 116.98 W, 98 %
2025/12/05 13:32:27.354, 116.99 W, 98 %
2025/12/05 13:32:27.454, 116.98 W, 98 %
2025/12/05 13:32:27.554, 117.00 W, 98 %
2025/12/05 13:32:27.655, 116.95 W, 98 %
2025/12/05 13:32:27.755, 116.96 W, 98 %
2025/12/05 13:32:27.855, 116.95 W, 98 %
2025/12/05 13:32:27.955, 116.97 W, 98 %
2025/12/05 13:32:28.055, 117.00 W, 98 %
2025/12/05 13:32:28.155, 116.94 W, 98 %
2025/12/05 13:32:28.255, 116.98 W, 98 %
2025/12/05 13:32:28.356, 116.99 W, 98 %
2025/12/05 13:32:28.456, 116.98 W, 98 %
2025/12/05 13:32:28.556, 117.02 W, 98 %
2025/12/05 13:32:28.656, 117.04 W, 98 %
2025/12/05 13:32:28.756, 117.08 W, 98 %
2025/12/05 13:32:28.856, 117.09 W, 98 %
2025/12/05 13:32:28.956, 117.07 W, 98 %
2025/12/05 13:32:29.057, 117.11 W, 98 %
2025/12/05 13:32:29.157, 117.08 W, 98 %
2025/12/05 13:32:29.257, 117.08 W, 98 %
2025/12/05 13:32:29.357, 117.04 W, 98 %
2025/12/05 13:32:29.457, 117.00 W, 98 %
2025/12/05 13:32:29.557, 116.99 W, 98 %
2025/12/05 13:32:29.657, 116.97 W, 98 %
2025/12/05 13:32:29.758, 116.92 W, 98 %
2025/12/05 13:32:29.858, 116.91 W, 98 %
2025/12/05 13:32:29.958, 116.88 W, 98 %
2025/12/05 13:32:30.058, 116.86 W, 98 %
2025/12/05 13:32:30.158, 116.83 W, 98 %
2025/12/05 13:32:30.258, 116.82 W, 98 %
2025/12/05 13:32:30.359, 116.83 W, 98 %
2025/12/05 13:32:30.459, 116.87 W, 98 %
2025/12/05 13:32:30.559, 116.87 W, 98 %
2025/12/05 13:32:30.659, 116.90 W, 98 %
2025/12/05 13:32:30.759, 116.92 W, 98 %
2025/12/05 13:32:30.859, 116.92 W, 98 %
2025/12/05 13:32:30.959, 116.94 W, 98 %
2025/12/05 13:32:31.060, 116.95 W, 98 %
2025/12/05 13:32:31.160, 117.01 W, 98 %
2025/12/05 13:32:31.260, 117.06 W, 98 %
2025/12/05 13:32:31.360, 117.08 W, 98 %
2025/12/05 13:32:31.460, 117.11 W, 98 %
2025/12/05 13:32:31.560, 117.12 W, 98 %
2025/12/05 13:32:31.660, 117.15 W, 98 %
2025/12/05 13:32:31.761, 117.15 W, 98 %
2025/12/05 13:32:31.861, 117.14 W, 98 %
2025/12/05 13:32:31.961, 117.20 W, 98 %
2025/12/05 13:32:32.061, 117.19 W, 98 %
2025/12/05 13:32:32.161, 117.19 W, 98 %
2025/12/05 13:32:32.261, 117.21 W, 98 %
2025/12/05 13:32:32.361, 117.18 W, 98 %
2025/12/05 13:32:32.462, 117.21 W, 98 %
2025/12/05 13:32:32.562, 117.22 W, 98 %
2025/12/05 13:32:32.662, 117.21 W, 98 %
2025/12/05 13:32:32.762, 117.21 W, 98 %
2025/12/05 13:32:32.862, 117.21 W, 98 %
2025/12/05 13:32:32.962, 117.24 W, 98 %
2025/12/05 13:32:33.062, 117.24 W, 98 %
2025/12/05 13:32:33.163, 117.25 W, 98 %
2025/12/05 13:32:33.263, 117.29 W, 98 %
2025/12/05 13:32:33.363, 117.31 W, 98 %
2025/12/05 13:32:33.463, 117.32 W, 98 %
2025/12/05 13:32:33.563, 117.31 W, 98 %
2025/12/05 13:32:33.663, 117.31 W, 98 %
2025/12/05 13:32:33.763, 117.31 W, 98 %
2025/12/05 13:32:33.864, 117.34 W, 98 %
2025/12/05 13:32:33.964, 117.35 W, 98 %
2025/12/05 13:32:34.064, 117.33 W, 98 %
2025/12/05 13:32:34.164, 117.31 W, 98 %
2025/12/05 13:32:34.264, 117.31 W, 98 %
2025/12/05 13:32:34.364, 117.28 W, 98 %
2025/12/05 13:32:34.464, 117.21 W, 98 %
2025/12/05 13:32:34.565, 117.17 W, 98 %
2025/12/05 13:32:34.665, 117.18 W, 98 %
2025/12/05 13:32:34.765, 117.19 W, 98 %
2025/12/05 13:32:34.865, 117.22 W, 98 %
2025/12/05 13:32:34.965, 117.20 W, 98 %
2025/12/05 13:32:35.065, 117.20 W, 98 %
2025/12/05 13:32:35.165, 117.23 W, 98 %
2025/12/05 13:32:35.266, 117.25 W, 98 %
2025/12/05 13:32:35.366, 117.26 W, 98 %
2025/12/05 13:32:35.466, 117.25 W, 98 %
2025/12/05 13:32:35.566, 117.33 W, 98 %
2025/12/05 13:32:35.666, 117.40 W, 98 %
2025/12/05 13:32:35.766, 117.39 W, 98 %
2025/12/05 13:32:35.866, 117.39 W, 98 %
2025/12/05 13:32:35.967, 117.37 W, 98 %
2025/12/05 13:32:36.067, 117.38 W, 98 %
2025/12/05 13:32:36.167, 117.39 W, 98 %
2025/12/05 13:32:36.267, 117.35 W, 98 %
2025/12/05 13:32:36.367, 117.35 W, 98 %
2025/12/05 13:32:36.467, 117.35 W, 98 %
2025/12/05 13:32:36.567, 117.35 W, 98 %
2025/12/05 13:32:36.668, 117.34 W, 98 %
2025/12/05 13:32:36.768, 117.31 W, 98 %
2025/12/05 13:32:36.868, 117.34 W, 98 %
2025/12/05 13:32:36.968, 117.36 W, 98 %
2025/12/05 13:32:37.068, 117.38 W, 98 %
2025/12/05 13:32:37.168, 117.35 W, 98 %
2025/12/05 13:32:37.268, 117.40 W, 98 %
2025/12/05 13:32:37.369, 117.40 W, 98 %
2025/12/05 13:32:37.469, 117.40 W, 98 %
2025/12/05 13:32:37.569, 117.38 W, 98 %
2025/12/05 13:32:37.669, 117.38 W, 98 %
2025/12/05 13:32:37.769, 117.34 W, 98 %
2025/12/05 13:32:37.869, 117.31 W, 98 %
2025/12/05 13:32:37.970, 117.27 W, 98 %
2025/12/05 13:32:38.070, 117.26 W, 98 %
2025/12/05 13:32:38.170, 117.22 W, 98 %
2025/12/05 13:32:38.270, 117.18 W, 98 %
2025/12/05 13:32:38.370, 117.15 W, 98 %
2025/12/05 13:32:38.470, 117.15 W, 98 %
2025/12/05 13:32:38.570, 117.18 W, 98 %
2025/12/05 13:32:38.671, 117.19 W, 98 %
2025/12/05 13:32:38.771, 117.19 W, 98 %
2025/12/05 13:32:38.871, 117.24 W, 98 %
2025/12/05 13:32:38.971, 117.22 W, 98 %
2025/12/05 13:32:39.071, 117.24 W, 98 %
2025/12/05 13:32:39.171, 117.28 W, 98 %
2025/12/05 13:32:39.271, 117.29 W, 98 %
2025/12/05 13:32:39.372, 117.36 W, 98 %
2025/12/05 13:32:39.472, 117.38 W, 98 %
2025/12/05 13:32:39.572, 117.37 W, 98 %
2025/12/05 13:32:39.672, 117.35 W, 98 %
2025/12/05 13:32:39.772, 117.36 W, 98 %
2025/12/05 13:32:39.872, 117.37 W, 98 %
2025/12/05 13:32:39.972, 117.38 W, 98 %
2025/12/05 13:32:40.073, 117.38 W, 98 %
2025/12/05 13:32:40.173, 117.39 W, 98 %
2025/12/05 13:32:40.273, 117.37 W, 98 %
2025/12/05 13:32:40.373, 117.36 W, 98 %
2025/12/05 13:32:40.473, 117.33 W, 98 %
2025/12/05 13:32:40.573, 117.34 W, 98 %
2025/12/05 13:32:40.673, 117.35 W, 98 %
2025/12/05 13:32:40.773, 117.35 W, 98 %
2025/12/05 13:32:40.874, 117.32 W, 98 %
2025/12/05 13:32:40.974, 117.32 W, 98 %
2025/12/05 13:32:41.074, 117.31 W, 98 %
2025/12/05 13:32:41.174, 117.31 W, 98 %
2025/12/05 13:32:41.274, 117.35 W, 98 %
2025/12/05 13:32:41.374, 117.32 W, 98 %
2025/12/05 13:32:41.475, 117.33 W, 98 %
2025/12/05 13:32:41.575, 117.36 W, 98 %
2025/12/05 13:32:41.675, 117.34 W, 98 %
2025/12/05 13:32:41.775, 117.38 W, 98 %
2025/12/05 13:32:41.875, 117.39 W, 98 %
2025/12/05 13:32:41.975, 117.39 W, 98 %
2025/12/05 13:32:42.075, 117.34 W, 98 %
2025/12/05 13:32:42.176, 117.31 W, 98 %
2025/12/05 13:32:42.276, 117.33 W, 98 %
2025/12/05 13:32:42.376, 117.27 W, 98 %
2025/12/05 13:32:42.476, 117.31 W, 98 %
2025/12/05 13:32:42.576, 117.35 W, 98 %
2025/12/05 13:32:42.676, 117.29 W, 98 %
2025/12/05 13:32:42.776, 117.27 W, 98 %
2025/12/05 13:32:42.877, 117.23 W, 98 %
2025/12/05 13:32:42.977, 117.19 W, 98 %
2025/12/05 13:32:43.077, 117.19 W, 98 %
2025/12/05 13:32:43.177, 117.21 W, 98 %
2025/12/05 13:32:43.277, 117.23 W, 98 %
2025/12/05 13:32:43.377, 117.24 W, 98 %
2025/12/05 13:32:43.477, 117.24 W, 98 %
2025/12/05 13:32:43.578, 117.24 W, 98 %
2025/12/05 13:32:43.678, 117.22 W, 98 %
2025/12/05 13:32:43.778, 117.25 W, 98 %
2025/12/05 13:32:43.878, 117.26 W, 98 %
2025/12/05 13:32:43.978, 117.31 W, 98 %
2025/12/05 13:32:44.078, 117.36 W, 98 %
2025/12/05 13:32:44.178, 117.38 W, 98 %
2025/12/05 13:32:44.278, 117.39 W, 98 %
2025/12/05 13:32:44.379, 117.44 W, 98 %
2025/12/05 13:32:44.479, 117.45 W, 98 %
2025/12/05 13:32:44.579, 117.44 W, 98 %
2025/12/05 13:32:44.679, 117.43 W, 98 %
2025/12/05 13:32:44.779, 117.36 W, 98 %
2025/12/05 13:32:44.879, 117.37 W, 98 %
2025/12/05 13:32:44.979, 117.37 W, 98 %
2025/12/05 13:32:45.080, 117.31 W, 98 %
2025/12/05 13:32:45.180, 117.30 W, 98 %
2025/12/05 13:32:45.280, 117.28 W, 98 %
2025/12/05 13:32:45.380, 117.27 W, 98 %
2025/12/05 13:32:45.480, 117.24 W, 98 %
2025/12/05 13:32:45.580, 117.20 W, 98 %
2025/12/05 13:32:45.680, 117.22 W, 98 %
2025/12/05 13:32:45.781, 117.22 W, 98 %
2025/12/05 13:32:45.881, 117.26 W, 98 %
2025/12/05 13:32:45.981, 117.27 W, 98 %
2025/12/05 13:32:46.081, 117.28 W, 98 %
2025/12/05 13:32:46.181, 117.34 W, 98 %
2025/12/05 13:32:46.281, 117.36 W, 98 %
2025/12/05 13:32:46.382, 117.36 W, 98 %
2025/12/05 13:32:46.482, 117.38 W, 98 %
2025/12/05 13:32:46.582, 117.39 W, 98 %
2025/12/05 13:32:46.682, 117.42 W, 98 %
2025/12/05 13:32:46.782, 117.42 W, 98 %
2025/12/05 13:32:46.882, 117.38 W, 98 %
2025/12/05 13:32:46.982, 117.42 W, 98 %
2025/12/05 13:32:47.083, 117.42 W, 98 %
2025/12/05 13:32:47.183, 117.41 W, 98 %
2025/12/05 13:32:47.283, 117.40 W, 98 %
2025/12/05 13:32:47.383, 117.38 W, 98 %
2025/12/05 13:32:47.483, 117.43 W, 98 %
2025/12/05 13:32:47.583, 117.46 W, 98 %
2025/12/05 13:32:47.683, 117.46 W, 98 %
2025/12/05 13:32:47.784, 117.50 W, 98 %
2025/12/05 13:32:47.884, 117.47 W, 98 %
2025/12/05 13:32:47.984, 117.55 W, 98 %
2025/12/05 13:32:48.084, 117.56 W, 98 %
2025/12/05 13:32:48.184, 117.57 W, 98 %
2025/12/05 13:32:48.284, 117.59 W, 98 %
2025/12/05 13:32:48.384, 117.61 W, 98 %
2025/12/05 13:32:48.485, 117.63 W, 98 %
2025/12/05 13:32:48.585, 117.64 W, 98 %
2025/12/05 13:32:48.685, 117.60 W, 98 %
2025/12/05 13:32:48.785, 117.60 W, 98 %
2025/12/05 13:32:48.885, 117.56 W, 98 %
2025/12/05 13:32:48.985, 117.57 W, 98 %
2025/12/05 13:32:49.085, 117.56 W, 98 %
2025/12/05 13:32:49.186, 117.52 W, 98 %
2025/12/05 13:32:49.286, 117.50 W, 98 %
2025/12/05 13:32:49.386, 117.49 W, 98 %
2025/12/05 13:32:49.486, 117.42 W, 98 %
2025/12/05 13:32:49.586, 117.39 W, 98 %
2025/12/05 13:32:49.686, 117.36 W, 98 %
2025/12/05 13:32:49.786, 117.34 W, 98 %
2025/12/05 13:32:49.887, 117.33 W, 98 %
2025/12/05 13:32:49.987, 117.32 W, 98 %
2025/12/05 13:32:50.087, 117.34 W, 98 %
2025/12/05 13:32:50.187, 117.36 W, 98 %
2025/12/05 13:32:50.287, 117.37 W, 98 %
2025/12/05 13:32:50.387, 117.39 W, 98 %
2025/12/05 13:32:50.487, 117.37 W, 98 %
2025/12/05 13:32:50.588, 117.40 W, 98 %
2025/12/05 13:32:50.688, 117.43 W, 98 %
2025/12/05 13:32:50.788, 117.40 W, 98 %
2025/12/05 13:32:50.888, 117.11 W, 95 %
2025/12/05 13:32:50.988, 117.12 W, 95 %
2025/12/05 13:32:51.088, 117.12 W, 98 %
2025/12/05 13:32:51.188, 117.11 W, 98 %
2025/12/05 13:32:51.289, 117.06 W, 98 %
2025/12/05 13:32:51.389, 117.06 W, 98 %
2025/12/05 13:32:51.489, 117.04 W, 98 %
2025/12/05 13:32:51.589, 117.01 W, 98 %
2025/12/05 13:32:51.689, 117.00 W, 98 %
2025/12/05 13:32:51.789, 116.99 W, 98 %
2025/12/05 13:32:51.889, 117.00 W, 98 %
2025/12/05 13:32:51.990, 117.32 W, 98 %
2025/12/05 13:32:52.090, 117.32 W, 98 %
2025/12/05 13:32:52.190, 117.31 W, 98 %
2025/12/05 13:32:52.290, 117.35 W, 98 %
2025/12/05 13:32:52.390, 117.33 W, 98 %
2025/12/05 13:32:52.490, 117.32 W, 98 %
2025/12/05 13:32:52.590, 117.30 W, 98 %
2025/12/05 13:32:52.691, 117.31 W, 98 %
2025/12/05 13:32:52.791, 117.34 W, 98 %
2025/12/05 13:32:52.891, 117.30 W, 98 %
2025/12/05 13:32:52.991, 117.31 W, 98 %
2025/12/05 13:32:53.091, 117.29 W, 98 %
2025/12/05 13:32:53.191, 117.27 W, 98 %
2025/12/05 13:32:53.291, 117.28 W, 98 %
2025/12/05 13:32:53.392, 117.26 W, 98 %
2025/12/05 13:32:53.492, 117.26 W, 98 %
2025/12/05 13:32:53.592, 117.29 W, 98 %
2025/12/05 13:32:53.692, 117.28 W, 98 %
2025/12/05 13:32:53.792, 117.30 W, 98 %
2025/12/05 13:32:53.892, 117.29 W, 98 %
2025/12/05 13:32:53.992, 117.32 W, 98 %
2025/12/05 13:32:54.093, 117.31 W, 98 %
2025/12/05 13:32:54.193, 117.30 W, 98 %
2025/12/05 13:32:54.293, 117.30 W, 98 %
2025/12/05 13:32:54.393, 117.29 W, 98 %
2025/12/05 13:32:54.493, 117.29 W, 98 %
2025/12/05 13:32:54.593, 117.32 W, 98 %
2025/12/05 13:32:54.693, 117.35 W, 98 %
2025/12/05 13:32:54.794, 117.38 W, 98 %
2025/12/05 13:32:54.894, 117.40 W, 98 %
2025/12/05 13:32:54.994, 117.38 W, 98 %
2025/12/05 13:32:55.094, 117.39 W, 98 %
2025/12/05 13:32:55.194, 117.42 W, 98 %
2025/12/05 13:32:55.294, 117.40 W, 98 %
2025/12/05 13:32:55.394, 117.39 W, 98 %
2025/12/05 13:32:55.495, 117.39 W, 98 %
2025/12/05 13:32:55.595, 117.39 W, 98 %
2025/12/05 13:32:55.695, 117.37 W, 98 %
2025/12/05 13:32:55.795, 117.31 W, 98 %
2025/12/05 13:32:55.895, 117.31 W, 98 %
2025/12/05 13:32:55.995, 117.29 W, 98 %
2025/12/05 13:32:56.095, 117.29 W, 98 %
2025/12/05 13:32:56.196, 117.31 W, 98 %
2025/12/05 13:32:56.296, 117.26 W, 98 %
2025/12/05 13:32:56.396, 117.28 W, 98 %
2025/12/05 13:32:56.496, 117.29 W, 98 %
2025/12/05 13:32:56.596, 117.26 W, 98 %
2025/12/05 13:32:56.696, 117.24 W, 98 %
2025/12/05 13:32:56.796, 117.20 W, 98 %
2025/12/05 13:32:56.897, 117.24 W, 98 %
2025/12/05 13:32:56.997, 117.23 W, 98 %
2025/12/05 13:32:57.097, 117.19 W, 98 %
2025/12/05 13:32:57.197, 117.21 W, 98 %
2025/12/05 13:32:57.297, 117.19 W, 98 %
2025/12/05 13:32:57.397, 117.22 W, 98 %
2025/12/05 13:32:57.497, 117.24 W, 98 %
2025/12/05 13:32:57.598, 117.25 W, 98 %
2025/12/05 13:32:57.698, 117.29 W, 98 %
2025/12/05 13:32:57.798, 117.34 W, 98 %
2025/12/05 13:32:57.898, 117.37 W, 98 %
2025/12/05 13:32:57.998, 117.33 W, 98 %
2025/12/05 13:32:58.098, 117.28 W, 98 %
2025/12/05 13:32:58.198, 117.31 W, 98 %
2025/12/05 13:32:58.299, 117.30 W, 98 %
2025/12/05 13:32:58.399, 117.28 W, 98 %
2025/12/05 13:32:58.499, 117.26 W, 98 %
2025/12/05 13:32:58.599, 117.20 W, 98 %
2025/12/05 13:32:58.699, 117.15 W, 98 %
2025/12/05 13:32:58.799, 117.15 W, 98 %
2025/12/05 13:32:58.900, 117.07 W, 98 %
2025/12/05 13:32:59.000, 117.06 W, 98 %
2025/12/05 13:32:59.100, 117.08 W, 98 %
2025/12/05 13:32:59.200, 117.08 W, 98 %
2025/12/05 13:32:59.300, 117.06 W, 98 %
2025/12/05 13:32:59.400, 117.01 W, 98 %
2025/12/05 13:32:59.500, 117.02 W, 98 %
2025/12/05 13:32:59.601, 117.01 W, 98 %
2025/12/05 13:32:59.701, 117.02 W, 98 %
2025/12/05 13:32:59.801, 117.03 W, 98 %
2025/12/05 13:32:59.901, 117.02 W, 98 %
2025/12/05 13:33:00.001, 117.06 W, 98 %
2025/12/05 13:33:00.101, 117.06 W, 98 %
2025/12/05 13:33:00.201, 117.03 W, 98 %
2025/12/05 13:33:00.302, 117.06 W, 98 %
2025/12/05 13:33:00.402, 117.07 W, 98 %
2025/12/05 13:33:00.502, 117.12 W, 98 %
2025/12/05 13:33:00.602, 117.16 W, 98 %
2025/12/05 13:33:00.702, 117.17 W, 98 %
2025/12/05 13:33:00.802, 117.20 W, 98 %
2025/12/05 13:33:00.902, 117.22 W, 98 %
2025/12/05 13:33:01.003, 117.18 W, 98 %
2025/12/05 13:33:01.103, 117.19 W, 98 %
2025/12/05 13:33:01.203, 117.21 W, 98 %
2025/12/05 13:33:01.303, 117.24 W, 98 %
2025/12/05 13:33:01.403, 117.25 W, 98 %
2025/12/05 13:33:01.503, 117.20 W, 98 %
2025/12/05 13:33:01.603, 117.21 W, 98 %
2025/12/05 13:33:01.704, 117.20 W, 98 %
2025/12/05 13:33:01.804, 117.19 W, 98 %
2025/12/05 13:33:01.904, 117.19 W, 98 %
2025/12/05 13:33:02.004, 117.18 W, 98 %
2025/12/05 13:33:02.104, 117.22 W, 98 %
2025/12/05 13:33:02.204, 117.22 W, 98 %
2025/12/05 13:33:02.304, 117.17 W, 98 %
2025/12/05 13:33:02.405, 117.18 W, 98 %
2025/12/05 13:33:02.505, 117.14 W, 98 %
2025/12/05 13:33:02.605, 117.19 W, 98 %
2025/12/05 13:33:02.705, 117.18 W, 98 %
2025/12/05 13:33:02.805, 117.15 W, 98 %
2025/12/05 13:33:02.905, 117.16 W, 98 %
2025/12/05 13:33:03.005, 117.16 W, 98 %
2025/12/05 13:33:03.106, 117.19 W, 98 %
2025/12/05 13:33:03.206, 117.18 W, 98 %
2025/12/05 13:33:03.306, 117.14 W, 98 %
2025/12/05 13:33:03.406, 117.18 W, 98 %
2025/12/05 13:33:03.506, 117.17 W, 98 %
2025/12/05 13:33:03.606, 117.19 W, 98 %
2025/12/05 13:33:03.706, 117.20 W, 98 %
2025/12/05 13:33:03.807, 117.16 W, 98 %
2025/12/05 13:33:03.907, 117.18 W, 98 %
2025/12/05 13:33:04.007, 117.13 W, 98 %
2025/12/05 13:33:04.107, 117.14 W, 98 %
2025/12/05 13:33:04.207, 117.13 W, 98 %
2025/12/05 13:33:04.307, 117.17 W, 98 %
2025/12/05 13:33:04.407, 117.20 W, 98 %
2025/12/05 13:33:04.508, 117.15 W, 98 %
2025/12/05 13:33:04.608, 117.12 W, 98 %
2025/12/05 13:33:04.708, 117.14 W, 98 %
2025/12/05 13:33:04.808, 117.14 W, 98 %
2025/12/05 13:33:04.908, 117.15 W, 98 %
2025/12/05 13:33:05.008, 117.19 W, 98 %
2025/12/05 13:33:05.108, 117.19 W, 98 %
2025/12/05 13:33:05.209, 117.18 W, 98 %
2025/12/05 13:33:05.309, 117.18 W, 98 %
2025/12/05 13:33:05.409, 117.14 W, 98 %
2025/12/05 13:33:05.509, 117.14 W, 98 %
2025/12/05 13:33:05.609, 117.17 W, 98 %
2025/12/05 13:33:05.709, 117.19 W, 98 %
2025/12/05 13:33:05.809, 117.18 W, 98 %
2025/12/05 13:33:05.910, 117.15 W, 98 %
2025/12/05 13:33:06.010, 117.15 W, 98 %
2025/12/05 13:33:06.110, 117.07 W, 98 %
2025/12/05 13:33:06.210, 117.08 W, 98 %
2025/12/05 13:33:06.310, 117.08 W, 98 %
2025/12/05 13:33:06.410, 117.08 W, 98 %
2025/12/05 13:33:06.511, 117.08 W, 98 %
2025/12/05 13:33:06.611, 117.06 W, 98 %
2025/12/05 13:33:06.711, 117.00 W, 98 %
2025/12/05 13:33:06.811, 117.00 W, 98 %
2025/12/05 13:33:06.911, 116.99 W, 98 %
2025/12/05 13:33:07.011, 117.01 W, 98 %
2025/12/05 13:33:07.111, 117.03 W, 98 %
2025/12/05 13:33:07.212, 117.06 W, 98 %
2025/12/05 13:33:07.312, 117.08 W, 98 %
2025/12/05 13:33:07.412, 117.08 W, 98 %
2025/12/05 13:33:07.512, 117.06 W, 98 %
2025/12/05 13:33:07.612, 117.09 W, 98 %
2025/12/05 13:33:07.712, 117.15 W, 98 %
2025/12/05 13:33:07.812, 117.20 W, 98 %
2025/12/05 13:33:07.913, 117.22 W, 98 %
2025/12/05 13:33:08.013, 117.20 W, 98 %
2025/12/05 13:33:08.113, 117.22 W, 98 %
2025/12/05 13:33:08.213, 117.24 W, 98 %
2025/12/05 13:33:08.313, 117.22 W, 98 %
2025/12/05 13:33:08.413, 117.25 W, 98 %
2025/12/05 13:33:08.513, 117.25 W, 98 %
2025/12/05 13:33:08.614, 117.25 W, 98 %
2025/12/05 13:33:08.714, 117.23 W, 98 %
2025/12/05 13:33:08.814, 117.16 W, 98 %
2025/12/05 13:33:08.914, 117.16 W, 98 %
2025/12/05 13:33:09.014, 117.14 W, 98 %
2025/12/05 13:33:09.114, 117.13 W, 98 %
2025/12/05 13:33:09.215, 117.09 W, 98 %
2025/12/05 13:33:09.315, 117.05 W, 98 %
2025/12/05 13:33:09.415, 117.06 W, 98 %
2025/12/05 13:33:09.515, 117.06 W, 98 %
2025/12/05 13:33:09.615, 117.08 W, 98 %
2025/12/05 13:33:09.715, 117.12 W, 98 %
2025/12/05 13:33:09.815, 117.10 W, 98 %
2025/12/05 13:33:09.916, 117.11 W, 98 %
2025/12/05 13:33:10.016, 117.10 W, 98 %
2025/12/05 13:33:10.116, 117.12 W, 98 %
2025/12/05 13:33:10.216, 117.12 W, 98 %
2025/12/05 13:33:10.316, 117.14 W, 98 %
2025/12/05 13:33:10.416, 117.17 W, 98 %
2025/12/05 13:33:10.516, 117.17 W, 98 %
2025/12/05 13:33:10.617, 117.12 W, 98 %
2025/12/05 13:33:10.717, 117.14 W, 98 %
2025/12/05 13:33:10.817, 117.14 W, 98 %
2025/12/05 13:33:10.917, 117.14 W, 98 %
2025/12/05 13:33:11.017, 117.15 W, 98 %
2025/12/05 13:33:11.117, 117.17 W, 98 %
2025/12/05 13:33:11.217, 117.12 W, 98 %
2025/12/05 13:33:11.318, 117.16 W, 98 %
2025/12/05 13:33:11.418, 117.09 W, 98 %
2025/12/05 13:33:11.518, 117.08 W, 98 %
2025/12/05 13:33:11.618, 117.05 W, 98 %
2025/12/05 13:33:11.718, 117.10 W, 98 %
2025/12/05 13:33:11.818, 117.07 W, 98 %
2025/12/05 13:33:11.918, 117.04 W, 98 %
2025/12/05 13:33:12.019, 117.05 W, 98 %
2025/12/05 13:33:12.119, 117.06 W, 98 %
2025/12/05 13:33:12.219, 117.00 W, 98 %
2025/12/05 13:33:12.319, 117.02 W, 98 %
2025/12/05 13:33:12.419, 117.01 W, 98 %
2025/12/05 13:33:12.519, 117.04 W, 98 %
2025/12/05 13:33:12.619, 117.01 W, 98 %
2025/12/05 13:33:12.720, 117.01 W, 98 %
2025/12/05 13:33:12.820, 116.98 W, 98 %
2025/12/05 13:33:12.920, 116.96 W, 98 %
2025/12/05 13:33:13.020, 116.90 W, 98 %
2025/12/05 13:33:13.120, 116.90 W, 98 %
2025/12/05 13:33:13.220, 116.90 W, 98 %
2025/12/05 13:33:13.320, 116.93 W, 98 %
2025/12/05 13:33:13.421, 116.93 W, 98 %
2025/12/05 13:33:13.521, 116.86 W, 98 %
2025/12/05 13:33:13.621, 116.89 W, 98 %
2025/12/05 13:33:13.721, 116.91 W, 98 %
2025/12/05 13:33:13.821, 116.93 W, 98 %
2025/12/05 13:33:13.921, 116.98 W, 98 %
2025/12/05 13:33:14.021, 116.99 W, 98 %
2025/12/05 13:33:14.122, 117.03 W, 98 %
2025/12/05 13:33:14.222, 117.04 W, 98 %
2025/12/05 13:33:14.322, 117.04 W, 98 %
2025/12/05 13:33:14.422, 117.07 W, 98 %
2025/12/05 13:33:14.522, 117.13 W, 98 %
2025/12/05 13:33:14.622, 117.20 W, 98 %
2025/12/05 13:33:14.722, 117.21 W, 98 %
2025/12/05 13:33:14.823, 117.18 W, 98 %
2025/12/05 13:33:14.923, 117.19 W, 98 %
2025/12/05 13:33:15.023, 117.19 W, 98 %
2025/12/05 13:33:15.123, 117.18 W, 98 %
2025/12/05 13:33:15.223, 117.20 W, 98 %
2025/12/05 13:33:15.323, 117.20 W, 98 %
2025/12/05 13:33:15.423, 117.21 W, 98 %
2025/12/05 13:33:15.524, 117.22 W, 98 %
2025/12/05 13:33:15.624, 117.19 W, 98 %
2025/12/05 13:33:15.724, 117.22 W, 98 %
2025/12/05 13:33:15.824, 117.24 W, 98 %
2025/12/05 13:33:15.924, 117.26 W, 98 %
2025/12/05 13:33:16.024, 117.25 W, 98 %
2025/12/05 13:33:16.124, 117.22 W, 98 %
2025/12/05 13:33:16.225, 117.24 W, 98 %
2025/12/05 13:33:16.325, 117.24 W, 98 %
2025/12/05 13:33:16.425, 117.20 W, 98 %
2025/12/05 13:33:16.525, 117.19 W, 98 %
2025/12/05 13:33:16.625, 117.15 W, 98 %
2025/12/05 13:33:16.725, 117.13 W, 98 %
2025/12/05 13:33:16.825, 117.08 W, 98 %
2025/12/05 13:33:16.926, 117.03 W, 98 %
2025/12/05 13:33:17.026, 117.00 W, 98 %
2025/12/05 13:33:17.126, 116.99 W, 98 %
2025/12/05 13:33:17.226, 116.99 W, 98 %
2025/12/05 13:33:17.326, 116.98 W, 98 %
2025/12/05 13:33:17.426, 116.98 W, 98 %
2025/12/05 13:33:17.527, 116.99 W, 98 %
2025/12/05 13:33:17.627, 117.02 W, 98 %
2025/12/05 13:33:17.727, 117.03 W, 98 %
2025/12/05 13:33:17.827, 117.06 W, 98 %
2025/12/05 13:33:17.927, 117.07 W, 98 %
2025/12/05 13:33:18.027, 117.09 W, 98 %
2025/12/05 13:33:18.127, 117.12 W, 98 %
2025/12/05 13:33:18.228, 117.09 W, 98 %
2025/12/05 13:33:18.328, 117.08 W, 98 %
2025/12/05 13:33:18.428, 117.07 W, 98 %
2025/12/05 13:33:18.528, 117.06 W, 98 %
2025/12/05 13:33:18.628, 117.05 W, 98 %
2025/12/05 13:33:18.728, 117.02 W, 98 %
2025/12/05 13:33:18.828, 117.01 W, 98 %
2025/12/05 13:33:18.929, 116.99 W, 98 %
2025/12/05 13:33:19.029, 116.94 W, 98 %
2025/12/05 13:33:19.129, 116.93 W, 98 %
2025/12/05 13:33:19.229, 116.92 W, 98 %
2025/12/05 13:33:19.329, 116.92 W, 98 %
2025/12/05 13:33:19.429, 116.90 W, 98 %
2025/12/05 13:33:19.529, 116.91 W, 98 %
2025/12/05 13:33:19.630, 116.88 W, 98 %
2025/12/05 13:33:19.730, 116.90 W, 98 %
2025/12/05 13:33:19.830, 116.88 W, 98 %
2025/12/05 13:33:19.930, 116.87 W, 98 %
2025/12/05 13:33:20.030, 116.84 W, 98 %
2025/12/05 13:33:20.130, 116.87 W, 98 %
2025/12/05 13:33:20.230, 116.91 W, 98 %
2025/12/05 13:33:20.331, 116.92 W, 98 %
2025/12/05 13:33:20.431, 116.86 W, 98 %
2025/12/05 13:33:20.531, 116.90 W, 98 %
2025/12/05 13:33:20.631, 116.88 W, 98 %
2025/12/05 13:33:20.731, 116.91 W, 98 %
2025/12/05 13:33:20.831, 116.93 W, 98 %
2025/12/05 13:33:20.931, 116.95 W, 98 %
2025/12/05 13:33:21.032, 117.01 W, 98 %
2025/12/05 13:33:21.132, 117.06 W, 98 %
2025/12/05 13:33:21.232, 117.09 W, 98 %
2025/12/05 13:33:21.332, 117.07 W, 98 %
2025/12/05 13:33:21.432, 117.04 W, 98 %
2025/12/05 13:33:21.532, 117.11 W, 98 %
2025/12/05 13:33:21.632, 117.10 W, 98 %
2025/12/05 13:33:21.733, 117.08 W, 98 %
2025/12/05 13:33:21.833, 117.09 W, 98 %
2025/12/05 13:33:21.933, 117.07 W, 98 %
2025/12/05 13:33:22.033, 117.08 W, 98 %
2025/12/05 13:33:22.133, 117.06 W, 98 %
2025/12/05 13:33:22.233, 117.02 W, 98 %
2025/12/05 13:33:22.333, 116.98 W, 98 %
2025/12/05 13:33:22.434, 116.99 W, 98 %
2025/12/05 13:33:22.534, 117.01 W, 98 %
2025/12/05 13:33:22.634, 117.01 W, 98 %
2025/12/05 13:33:22.734, 117.02 W, 98 %
2025/12/05 13:33:22.834, 117.03 W, 98 %
2025/12/05 13:33:22.934, 117.01 W, 98 %
2025/12/05 13:33:23.034, 116.99 W, 98 %
2025/12/05 13:33:23.135, 116.97 W, 98 %
2025/12/05 13:33:23.235, 116.96 W, 98 %
2025/12/05 13:33:23.335, 116.97 W, 98 %
2025/12/05 13:33:23.435, 117.01 W, 98 %
2025/12/05 13:33:23.535, 117.03 W, 98 %
2025/12/05 13:33:23.635, 117.02 W, 98 %
2025/12/05 13:33:23.735, 117.00 W, 98 %
2025/12/05 13:33:23.836, 117.00 W, 98 %
2025/12/05 13:33:23.936, 117.04 W, 98 %
2025/12/05 13:33:24.036, 117.11 W, 98 %
2025/12/05 13:33:24.136, 117.13 W, 98 %
2025/12/05 13:33:24.236, 117.16 W, 98 %
2025/12/05 13:33:24.336, 117.12 W, 98 %
2025/12/05 13:33:24.436, 117.12 W, 98 %
2025/12/05 13:33:24.537, 117.11 W, 98 %
2025/12/05 13:33:24.637, 117.05 W, 98 %
2025/12/05 13:33:24.737, 117.06 W, 98 %
2025/12/05 13:33:24.837, 117.12 W, 98 %
2025/12/05 13:33:24.937, 117.10 W, 98 %
2025/12/05 13:33:25.037, 117.11 W, 98 %
2025/12/05 13:33:25.137, 117.05 W, 98 %
2025/12/05 13:33:25.238, 117.07 W, 98 %
2025/12/05 13:33:25.338, 117.08 W, 98 %
2025/12/05 13:33:25.438, 117.12 W, 98 %
2025/12/05 13:33:25.538, 117.15 W, 98 %
2025/12/05 13:33:25.638, 117.16 W, 98 %
2025/12/05 13:33:25.738, 117.19 W, 98 %
2025/12/05 13:33:25.838, 117.20 W, 98 %
2025/12/05 13:33:25.939, 117.12 W, 98 %
2025/12/05 13:33:26.039, 117.17 W, 98 %
2025/12/05 13:33:26.139, 117.15 W, 98 %
2025/12/05 13:33:26.239, 117.15 W, 98 %
2025/12/05 13:33:26.339, 117.15 W, 98 %
2025/12/05 13:33:26.439, 117.13 W, 98 %
2025/12/05 13:33:26.540, 117.12 W, 98 %
2025/12/05 13:33:26.640, 117.12 W, 98 %
2025/12/05 13:33:26.740, 117.10 W, 98 %
2025/12/05 13:33:26.840, 117.13 W, 98 %
2025/12/05 13:33:26.940, 117.13 W, 98 %
2025/12/05 13:33:27.040, 117.19 W, 98 %
2025/12/05 13:33:27.140, 117.17 W, 98 %
2025/12/05 13:33:27.241, 117.13 W, 98 %
2025/12/05 13:33:27.341, 117.13 W, 98 %
2025/12/05 13:33:27.441, 117.09 W, 98 %
2025/12/05 13:33:27.541, 117.05 W, 98 %
2025/12/05 13:33:27.641, 117.04 W, 98 %
2025/12/05 13:33:27.741, 117.02 W, 98 %
2025/12/05 13:33:27.841, 116.98 W, 98 %
2025/12/05 13:33:27.942, 116.99 W, 98 %
2025/12/05 13:33:28.042, 116.97 W, 98 %
2025/12/05 13:33:28.142, 116.96 W, 98 %
2025/12/05 13:33:28.242, 116.97 W, 98 %
2025/12/05 13:33:28.342, 117.00 W, 98 %
2025/12/05 13:33:28.442, 116.98 W, 98 %
2025/12/05 13:33:28.542, 116.98 W, 98 %
2025/12/05 13:33:28.643, 117.03 W, 98 %
2025/12/05 13:33:28.743, 117.04 W, 98 %
2025/12/05 13:33:28.843, 117.02 W, 98 %
2025/12/05 13:33:28.943, 117.03 W, 98 %
2025/12/05 13:33:29.043, 117.01 W, 98 %
2025/12/05 13:33:29.143, 117.01 W, 98 %
2025/12/05 13:33:29.243, 117.00 W, 98 %
2025/12/05 13:33:29.344, 117.00 W, 98 %
2025/12/05 13:33:29.444, 116.99 W, 98 %
2025/12/05 13:33:29.544, 117.00 W, 98 %
2025/12/05 13:33:29.644, 116.98 W, 98 %
2025/12/05 13:33:29.744, 116.96 W, 98 %
2025/12/05 13:33:29.844, 116.98 W, 98 %
2025/12/05 13:33:29.944, 117.00 W, 98 %
2025/12/05 13:33:30.045, 117.03 W, 98 %
2025/12/05 13:33:30.145, 116.99 W, 98 %
2025/12/05 13:33:30.245, 117.02 W, 98 %
2025/12/05 13:33:30.345, 117.03 W, 98 %
2025/12/05 13:33:30.445, 116.99 W, 98 %
2025/12/05 13:33:30.545, 117.00 W, 98 %
2025/12/05 13:33:30.645, 117.05 W, 98 %
2025/12/05 13:33:30.746, 117.11 W, 98 %
2025/12/05 13:33:30.846, 117.14 W, 98 %
2025/12/05 13:33:30.946, 117.14 W, 98 %
2025/12/05 13:33:31.046, 117.14 W, 98 %
2025/12/05 13:33:31.146, 117.14 W, 98 %
2025/12/05 13:33:31.246, 117.15 W, 98 %
2025/12/05 13:33:31.346, 117.15 W, 98 %
2025/12/05 13:33:31.447, 117.15 W, 98 %
2025/12/05 13:33:31.547, 117.17 W, 98 %
2025/12/05 13:33:31.647, 117.15 W, 98 %
2025/12/05 13:33:31.747, 117.08 W, 98 %
2025/12/05 13:33:31.847, 117.03 W, 98 %
2025/12/05 13:33:31.947, 117.01 W, 98 %
2025/12/05 13:33:32.047, 116.98 W, 98 %
2025/12/05 13:33:32.148, 116.96 W, 98 %
2025/12/05 13:33:32.248, 116.96 W, 98 %
2025/12/05 13:33:32.348, 116.97 W, 98 %
2025/12/05 13:33:32.448, 116.97 W, 98 %
2025/12/05 13:33:32.548, 116.92 W, 98 %
2025/12/05 13:33:32.648, 116.93 W, 98 %
2025/12/05 13:33:32.748, 116.92 W, 98 %
2025/12/05 13:33:32.849, 116.92 W, 98 %
2025/12/05 13:33:32.949, 116.93 W, 98 %
2025/12/05 13:33:33.049, 116.92 W, 98 %
2025/12/05 13:33:33.149, 116.91 W, 98 %
2025/12/05 13:33:33.249, 116.94 W, 98 %
2025/12/05 13:33:33.349, 116.89 W, 98 %
2025/12/05 13:33:33.449, 116.89 W, 98 %
2025/12/05 13:33:33.550, 116.90 W, 98 %
2025/12/05 13:33:33.650, 116.92 W, 98 %
2025/12/05 13:33:33.750, 116.94 W, 98 %
2025/12/05 13:33:33.850, 117.00 W, 98 %
2025/12/05 13:33:33.950, 117.03 W, 98 %
2025/12/05 13:33:34.050, 117.03 W, 98 %
2025/12/05 13:33:34.151, 117.02 W, 98 %
2025/12/05 13:33:34.251, 117.04 W, 98 %
2025/12/05 13:33:34.351, 117.02 W, 98 %
2025/12/05 13:33:34.451, 117.05 W, 98 %
2025/12/05 13:33:34.551, 117.05 W, 98 %
2025/12/05 13:33:34.651, 117.06 W, 98 %
2025/12/05 13:33:34.751, 117.04 W, 98 %
2025/12/05 13:33:34.852, 117.00 W, 98 %
2025/12/05 13:33:34.952, 116.93 W, 98 %
2025/12/05 13:33:35.052, 116.93 W, 98 %
2025/12/05 13:33:35.152, 116.93 W, 98 %
2025/12/05 13:33:35.252, 116.90 W, 98 %
2025/12/05 13:33:35.352, 116.92 W, 98 %
2025/12/05 13:33:35.452, 116.95 W, 98 %
2025/12/05 13:33:35.553, 116.96 W, 98 %
2025/12/05 13:33:35.653, 116.96 W, 98 %
2025/12/05 13:33:35.753, 116.93 W, 98 %
2025/12/05 13:33:35.853, 116.95 W, 98 %
2025/12/05 13:33:35.953, 116.94 W, 98 %
2025/12/05 13:33:36.053, 116.96 W, 98 %
2025/12/05 13:33:36.153, 116.97 W, 98 %
2025/12/05 13:33:36.254, 116.98 W, 98 %
2025/12/05 13:33:36.354, 117.01 W, 98 %
2025/12/05 13:33:36.454, 116.98 W, 98 %
2025/12/05 13:33:36.554, 116.95 W, 98 %
2025/12/05 13:33:36.654, 116.96 W, 98 %
2025/12/05 13:33:36.754, 116.94 W, 98 %
2025/12/05 13:33:36.854, 116.93 W, 98 %
2025/12/05 13:33:36.955, 116.93 W, 98 %
2025/12/05 13:33:37.055, 116.94 W, 98 %
2025/12/05 13:33:37.155, 116.94 W, 98 %
2025/12/05 13:33:37.255, 116.94 W, 98 %
2025/12/05 13:33:37.355, 116.94 W, 98 %
2025/12/05 13:33:37.455, 116.94 W, 98 %
2025/12/05 13:33:37.555, 116.95 W, 98 %
2025/12/05 13:33:37.656, 116.94 W, 98 %
2025/12/05 13:33:37.756, 116.93 W, 98 %
2025/12/05 13:33:37.856, 116.95 W, 98 %
2025/12/05 13:33:37.956, 116.93 W, 98 %
2025/12/05 13:33:38.056, 116.94 W, 98 %
2025/12/05 13:33:38.156, 116.95 W, 98 %
2025/12/05 13:33:38.256, 116.96 W, 98 %
2025/12/05 13:33:38.357, 116.98 W, 98 %
2025/12/05 13:33:38.457, 116.98 W, 98 %
2025/12/05 13:33:38.557, 117.03 W, 98 %
2025/12/05 13:33:38.657, 117.01 W, 98 %
2025/12/05 13:33:38.757, 117.03 W, 98 %
2025/12/05 13:33:38.857, 117.04 W, 98 %
2025/12/05 13:33:38.957, 117.01 W, 98 %
2025/12/05 13:33:39.058, 117.00 W, 98 %
2025/12/05 13:33:39.158, 117.01 W, 98 %
2025/12/05 13:33:39.258, 116.97 W, 98 %
2025/12/05 13:33:39.358, 116.96 W, 98 %
2025/12/05 13:33:39.458, 116.93 W, 98 %
2025/12/05 13:33:39.558, 116.89 W, 98 %
2025/12/05 13:33:39.658, 116.85 W, 98 %
2025/12/05 13:33:39.759, 116.85 W, 98 %
2025/12/05 13:33:39.859, 116.87 W, 98 %
2025/12/05 13:33:39.959, 116.90 W, 98 %
2025/12/05 13:33:40.059, 116.91 W, 98 %
2025/12/05 13:33:40.159, 116.99 W, 98 %
2025/12/05 13:33:40.259, 117.03 W, 98 %
2025/12/05 13:33:40.359, 117.06 W, 98 %
2025/12/05 13:33:40.460, 117.07 W, 98 %
2025/12/05 13:33:40.560, 117.14 W, 98 %
2025/12/05 13:33:40.660, 117.14 W, 98 %
2025/12/05 13:33:40.760, 117.15 W, 98 %
2025/12/05 13:33:40.860, 117.12 W, 98 %
2025/12/05 13:33:40.960, 117.13 W, 98 %
2025/12/05 13:33:41.060, 117.11 W, 98 %
2025/12/05 13:33:41.161, 117.08 W, 98 %
2025/12/05 13:33:41.261, 117.03 W, 98 %
2025/12/05 13:33:41.361, 117.06 W, 98 %
2025/12/05 13:33:41.461, 117.07 W, 98 %
2025/12/05 13:33:41.561, 117.03 W, 98 %
2025/12/05 13:33:41.661, 117.05 W, 98 %
2025/12/05 13:33:41.762, 117.05 W, 98 %
2025/12/05 13:33:41.862, 117.04 W, 98 %
2025/12/05 13:33:41.962, 117.02 W, 98 %
2025/12/05 13:33:42.062, 116.96 W, 98 %
2025/12/05 13:33:42.162, 116.96 W, 98 %
2025/12/05 13:33:42.262, 116.96 W, 98 %
2025/12/05 13:33:42.362, 116.93 W, 98 %
2025/12/05 13:33:42.463, 116.88 W, 98 %
2025/12/05 13:33:42.563, 116.89 W, 98 %
2025/12/05 13:33:42.663, 116.93 W, 98 %
2025/12/05 13:33:42.763, 116.91 W, 98 %
2025/12/05 13:33:42.863, 116.86 W, 98 %
2025/12/05 13:33:42.963, 116.90 W, 98 %
2025/12/05 13:33:43.063, 116.92 W, 98 %
2025/12/05 13:33:43.164, 116.97 W, 98 %
2025/12/05 13:33:43.264, 116.98 W, 98 %
2025/12/05 13:33:43.364, 116.98 W, 98 %
2025/12/05 13:33:43.464, 117.03 W, 98 %
2025/12/05 13:33:43.564, 117.08 W, 98 %
2025/12/05 13:33:43.664, 117.00 W, 98 %
2025/12/05 13:33:43.764, 116.99 W, 98 %
2025/12/05 13:33:43.865, 117.00 W, 98 %
2025/12/05 13:33:43.965, 117.05 W, 98 %
2025/12/05 13:33:44.065, 117.06 W, 98 %
2025/12/05 13:33:44.165, 117.07 W, 98 %
2025/12/05 13:33:44.265, 117.09 W, 98 %
2025/12/05 13:33:44.365, 117.13 W, 98 %
2025/12/05 13:33:44.465, 117.10 W, 98 %
2025/12/05 13:33:44.565, 117.07 W, 98 %
2025/12/05 13:33:44.666, 117.04 W, 98 %
2025/12/05 13:33:44.766, 117.11 W, 98 %
2025/12/05 13:33:44.866, 117.13 W, 98 %
2025/12/05 13:33:44.966, 117.08 W, 98 %
2025/12/05 13:33:45.066, 117.08 W, 98 %
2025/12/05 13:33:45.166, 117.07 W, 98 %
2025/12/05 13:33:45.267, 117.04 W, 98 %
2025/12/05 13:33:45.367, 117.04 W, 98 %
2025/12/05 13:33:45.467, 117.03 W, 98 %
2025/12/05 13:33:45.567, 117.06 W, 98 %
2025/12/05 13:33:45.667, 117.09 W, 98 %
2025/12/05 13:33:45.767, 117.10 W, 98 %
2025/12/05 13:33:45.867, 117.11 W, 98 %
2025/12/05 13:33:45.968, 117.09 W, 98 %
2025/12/05 13:33:46.068, 117.11 W, 98 %
2025/12/05 13:33:46.168, 117.09 W, 98 %
2025/12/05 13:33:46.268, 117.09 W, 98 %
2025/12/05 13:33:46.368, 117.09 W, 98 %
2025/12/05 13:33:46.468, 117.11 W, 98 %
2025/12/05 13:33:46.568, 117.07 W, 98 %
2025/12/05 13:33:46.669, 117.04 W, 98 %
2025/12/05 13:33:46.769, 117.03 W, 98 %
2025/12/05 13:33:46.869, 117.03 W, 98 %
2025/12/05 13:33:46.969, 117.02 W, 98 %
2025/12/05 13:33:47.069, 117.00 W, 98 %
2025/12/05 13:33:47.169, 117.02 W, 98 %
2025/12/05 13:33:47.269, 117.07 W, 98 %
2025/12/05 13:33:47.370, 117.07 W, 98 %
2025/12/05 13:33:47.470, 117.13 W, 98 %
2025/12/05 13:33:47.570, 117.15 W, 98 %
2025/12/05 13:33:47.670, 117.17 W, 98 %
2025/12/05 13:33:47.770, 117.21 W, 98 %
2025/12/05 13:33:47.870, 117.21 W, 98 %
2025/12/05 13:33:47.970, 117.23 W, 98 %
2025/12/05 13:33:48.071, 117.26 W, 98 %
2025/12/05 13:33:48.171, 117.27 W, 98 %
2025/12/05 13:33:48.271, 117.31 W, 98 %
2025/12/05 13:33:48.371, 117.25 W, 98 %
2025/12/05 13:33:48.471, 117.28 W, 98 %
2025/12/05 13:33:48.571, 117.25 W, 98 %
2025/12/05 13:33:48.671, 117.21 W, 98 %
2025/12/05 13:33:48.772, 117.23 W, 98 %
2025/12/05 13:33:48.872, 117.23 W, 98 %
2025/12/05 13:33:48.972, 117.25 W, 98 %
2025/12/05 13:33:49.072, 117.26 W, 98 %
2025/12/05 13:33:49.172, 117.21 W, 98 %
2025/12/05 13:33:49.272, 117.20 W, 98 %
2025/12/05 13:33:49.372, 117.18 W, 98 %
2025/12/05 13:33:49.473, 117.21 W, 98 %
2025/12/05 13:33:49.573, 117.20 W, 98 %
2025/12/05 13:33:49.673, 117.20 W, 98 %
2025/12/05 13:33:49.773, 117.20 W, 98 %
2025/12/05 13:33:49.873, 117.16 W, 98 %
2025/12/05 13:33:49.973, 117.14 W, 98 %
2025/12/05 13:33:50.073, 117.13 W, 98 %
2025/12/05 13:33:50.174, 117.12 W, 98 %
2025/12/05 13:33:50.274, 117.13 W, 98 %
2025/12/05 13:33:50.374, 117.14 W, 98 %
2025/12/05 13:33:50.474, 117.11 W, 98 %
2025/12/05 13:33:50.574, 117.16 W, 98 %
2025/12/05 13:33:50.674, 117.17 W, 98 %
2025/12/05 13:33:50.774, 117.17 W, 98 %
2025/12/05 13:33:50.875, 117.19 W, 98 %
2025/12/05 13:33:50.975, 117.16 W, 98 %
2025/12/05 13:33:51.075, 117.12 W, 98 %
2025/12/05 13:33:51.175, 117.12 W, 98 %
2025/12/05 13:33:51.275, 117.08 W, 98 %
2025/12/05 13:33:51.375, 117.08 W, 98 %
2025/12/05 13:33:51.475, 117.08 W, 98 %
2025/12/05 13:33:51.576, 117.08 W, 98 %
2025/12/05 13:33:51.676, 117.03 W, 98 %
2025/12/05 13:33:51.776, 116.94 W, 98 %
2025/12/05 13:33:51.876, 116.92 W, 98 %
2025/12/05 13:33:51.976, 116.93 W, 98 %
2025/12/05 13:33:52.076, 116.96 W, 98 %
2025/12/05 13:33:52.176, 117.00 W, 98 %
2025/12/05 13:33:52.277, 117.00 W, 98 %
2025/12/05 13:33:52.377, 117.03 W, 98 %
2025/12/05 13:33:52.477, 117.07 W, 98 %
2025/12/05 13:33:52.577, 117.07 W, 98 %
2025/12/05 13:33:52.677, 117.10 W, 98 %
2025/12/05 13:33:52.777, 117.14 W, 98 %
2025/12/05 13:33:52.877, 117.18 W, 98 %
2025/12/05 13:33:52.978, 117.20 W, 98 %
2025/12/05 13:33:53.078, 117.20 W, 98 %
2025/12/05 13:33:53.178, 117.17 W, 98 %
2025/12/05 13:33:53.278, 117.15 W, 98 %
2025/12/05 13:33:53.378, 117.14 W, 98 %
2025/12/05 13:33:53.478, 117.13 W, 98 %
2025/12/05 13:33:53.578, 117.11 W, 98 %
2025/12/05 13:33:53.679, 117.10 W, 98 %
2025/12/05 13:33:53.779, 117.09 W, 98 %
2025/12/05 13:33:53.879, 117.05 W, 98 %
2025/12/05 13:33:53.979, 117.05 W, 98 %
2025/12/05 13:33:54.079, 117.05 W, 98 %
2025/12/05 13:33:54.179, 117.01 W, 98 %
2025/12/05 13:33:54.280, 117.03 W, 98 %
2025/12/05 13:33:54.380, 117.04 W, 98 %
2025/12/05 13:33:54.480, 117.04 W, 98 %
2025/12/05 13:33:54.580, 117.05 W, 98 %
2025/12/05 13:33:54.680, 116.98 W, 98 %
2025/12/05 13:33:54.780, 116.97 W, 98 %
2025/12/05 13:33:54.880, 116.94 W, 98 %
2025/12/05 13:33:54.981, 116.95 W, 98 %
2025/12/05 13:33:55.081, 116.94 W, 98 %
2025/12/05 13:33:55.181, 116.92 W, 98 %
2025/12/05 13:33:55.281, 116.93 W, 98 %
2025/12/05 13:33:55.381, 116.94 W, 98 %
2025/12/05 13:33:55.481, 116.92 W, 98 %
2025/12/05 13:33:55.581, 116.95 W, 98 %
2025/12/05 13:33:55.682, 116.94 W, 98 %
2025/12/05 13:33:55.782, 117.00 W, 98 %
2025/12/05 13:33:55.882, 117.03 W, 98 %
2025/12/05 13:33:55.982, 117.07 W, 98 %
2025/12/05 13:33:56.082, 117.09 W, 98 %
2025/12/05 13:33:56.182, 117.12 W, 98 %
2025/12/05 13:33:56.282, 117.09 W, 98 %
2025/12/05 13:33:56.383, 117.11 W, 98 %
2025/12/05 13:33:56.483, 117.11 W, 98 %
2025/12/05 13:33:56.583, 117.12 W, 98 %
2025/12/05 13:33:56.683, 117.12 W, 98 %
2025/12/05 13:33:56.783, 117.14 W, 98 %
2025/12/05 13:33:56.883, 117.12 W, 98 %
2025/12/05 13:33:56.983, 117.08 W, 98 %
2025/12/05 13:33:57.084, 117.00 W, 98 %
2025/12/05 13:33:57.184, 117.00 W, 98 %
2025/12/05 13:33:57.284, 116.97 W, 98 %
2025/12/05 13:33:57.384, 117.00 W, 98 %
2025/12/05 13:33:57.484, 117.01 W, 98 %
2025/12/05 13:33:57.584, 117.02 W, 98 %
2025/12/05 13:33:57.684, 117.04 W, 98 %
2025/12/05 13:33:57.785, 117.01 W, 98 %
2025/12/05 13:33:57.885, 116.95 W, 98 %
2025/12/05 13:33:57.985, 116.97 W, 98 %
2025/12/05 13:33:58.085, 117.00 W, 98 %
2025/12/05 13:33:58.185, 117.02 W, 98 %
2025/12/05 13:33:58.285, 117.03 W, 98 %
2025/12/05 13:33:58.385, 117.05 W, 98 %
2025/12/05 13:33:58.486, 117.04 W, 98 %
2025/12/05 13:33:58.586, 117.06 W, 98 %
2025/12/05 13:33:58.686, 117.05 W, 98 %
2025/12/05 13:33:58.786, 117.05 W, 98 %
2025/12/05 13:33:58.886, 117.07 W, 98 %
2025/12/05 13:33:58.986, 117.13 W, 98 %
2025/12/05 13:33:59.086, 117.17 W, 98 %
2025/12/05 13:33:59.187, 117.12 W, 98 %
2025/12/05 13:33:59.287, 117.13 W, 98 %
2025/12/05 13:33:59.387, 117.12 W, 98 %
2025/12/05 13:33:59.487, 117.10 W, 98 %
2025/12/05 13:33:59.587, 117.10 W, 98 %
2025/12/05 13:33:59.687, 117.09 W, 98 %
2025/12/05 13:33:59.787, 117.09 W, 98 %
2025/12/05 13:33:59.888, 117.10 W, 98 %
2025/12/05 13:33:59.988, 117.08 W, 98 %
2025/12/05 13:34:00.088, 117.08 W, 98 %
2025/12/05 13:34:00.188, 117.07 W, 98 %
2025/12/05 13:34:00.288, 117.12 W, 98 %
2025/12/05 13:34:00.388, 117.16 W, 98 %
2025/12/05 13:34:00.488, 117.14 W, 98 %
2025/12/05 13:34:00.589, 117.14 W, 98 %
2025/12/05 13:34:00.689, 117.19 W, 98 %
2025/12/05 13:34:00.789, 117.17 W, 98 %
2025/12/05 13:34:00.889, 117.20 W, 98 %
2025/12/05 13:34:00.989, 117.22 W, 98 %
2025/12/05 13:34:01.089, 117.21 W, 98 %
2025/12/05 13:34:01.189, 117.21 W, 98 %
2025/12/05 13:34:01.290, 117.17 W, 98 %
2025/12/05 13:34:01.390, 117.17 W, 98 %
2025/12/05 13:34:01.490, 117.17 W, 98 %
2025/12/05 13:34:01.590, 117.21 W, 98 %
2025/12/05 13:34:01.690, 117.25 W, 98 %
2025/12/05 13:34:01.790, 117.18 W, 98 %
2025/12/05 13:34:01.891, 117.17 W, 98 %
2025/12/05 13:34:01.991, 117.14 W, 98 %
2025/12/05 13:34:02.091, 117.10 W, 98 %
2025/12/05 13:34:02.191, 117.11 W, 98 %
2025/12/05 13:34:02.291, 117.11 W, 98 %
2025/12/05 13:34:02.391, 117.14 W, 98 %
2025/12/05 13:34:02.491, 117.16 W, 98 %
2025/12/05 13:34:02.592, 117.13 W, 98 %
2025/12/05 13:34:02.692, 117.12 W, 98 %
2025/12/05 13:34:02.792, 117.11 W, 98 %
2025/12/05 13:34:02.892, 117.13 W, 98 %
2025/12/05 13:34:02.992, 117.14 W, 98 %
2025/12/05 13:34:03.092, 117.03 W, 98 %
2025/12/05 13:34:03.192, 117.04 W, 98 %
2025/12/05 13:34:03.293, 117.07 W, 98 %
2025/12/05 13:34:03.393, 117.07 W, 98 %
2025/12/05 13:34:03.493, 117.07 W, 98 %
2025/12/05 13:34:03.593, 117.04 W, 98 %
2025/12/05 13:34:03.693, 117.07 W, 98 %
2025/12/05 13:34:03.793, 117.09 W, 98 %
2025/12/05 13:34:03.893, 117.07 W, 98 %
2025/12/05 13:34:03.994, 117.08 W, 98 %
2025/12/05 13:34:04.094, 117.12 W, 98 %
2025/12/05 13:34:04.194, 117.22 W, 98 %
2025/12/05 13:34:04.294, 117.24 W, 98 %
2025/12/05 13:34:04.394, 117.18 W, 98 %
2025/12/05 13:34:04.494, 117.18 W, 98 %
2025/12/05 13:34:04.594, 117.18 W, 98 %
2025/12/05 13:34:04.695, 117.20 W, 98 %
2025/12/05 13:34:04.795, 117.20 W, 98 %
2025/12/05 13:34:04.895, 117.14 W, 98 %
2025/12/05 13:34:04.995, 117.15 W, 98 %
2025/12/05 13:34:05.095, 117.16 W, 98 %
2025/12/05 13:34:05.195, 117.13 W, 98 %
2025/12/05 13:34:05.295, 117.13 W, 98 %
2025/12/05 13:34:05.396, 117.13 W, 98 %
2025/12/05 13:34:05.496, 117.16 W, 98 %
2025/12/05 13:34:05.596, 117.18 W, 98 %
2025/12/05 13:34:05.696, 117.14 W, 98 %
2025/12/05 13:34:05.796, 117.15 W, 98 %
2025/12/05 13:34:05.896, 117.15 W, 98 %
2025/12/05 13:34:05.996, 117.17 W, 98 %
2025/12/05 13:34:06.097, 117.18 W, 98 %
2025/12/05 13:34:06.197, 117.18 W, 98 %
2025/12/05 13:34:06.297, 117.23 W, 98 %
2025/12/05 13:34:06.397, 117.25 W, 98 %
2025/12/05 13:34:06.497, 117.22 W, 98 %
2025/12/05 13:34:06.597, 117.24 W, 98 %
2025/12/05 13:34:06.697, 117.24 W, 98 %
2025/12/05 13:34:06.798, 117.28 W, 98 %
2025/12/05 13:34:06.898, 117.29 W, 98 %
2025/12/05 13:34:06.998, 117.29 W, 98 %
2025/12/05 13:34:07.098, 117.34 W, 98 %
2025/12/05 13:34:07.198, 117.37 W, 98 %
2025/12/05 13:34:07.298, 117.37 W, 98 %
2025/12/05 13:34:07.398, 117.37 W, 98 %
2025/12/05 13:34:07.499, 117.31 W, 98 %
2025/12/05 13:34:07.599, 117.33 W, 98 %
2025/12/05 13:34:07.699, 117.35 W, 98 %
2025/12/05 13:34:07.799, 117.37 W, 98 %
2025/12/05 13:34:07.899, 117.38 W, 98 %
2025/12/05 13:34:07.999, 117.37 W, 98 %
2025/12/05 13:34:08.099, 117.37 W, 98 %
2025/12/05 13:34:08.200, 117.38 W, 98 %
2025/12/05 13:34:08.300, 117.33 W, 98 %
2025/12/05 13:34:08.400, 117.34 W, 98 %
2025/12/05 13:34:08.500, 117.33 W, 98 %
2025/12/05 13:34:08.600, 117.40 W, 98 %
2025/12/05 13:34:08.700, 117.38 W, 98 %
2025/12/05 13:34:08.800, 117.32 W, 98 %
2025/12/05 13:34:08.901, 117.32 W, 98 %
2025/12/05 13:34:09.001, 117.33 W, 98 %
2025/12/05 13:34:09.101, 117.30 W, 98 %
2025/12/05 13:34:09.201, 117.28 W, 98 %
2025/12/05 13:34:09.301, 117.26 W, 98 %
2025/12/05 13:34:09.401, 117.28 W, 98 %
2025/12/05 13:34:09.501, 117.28 W, 98 %
2025/12/05 13:34:09.602, 117.23 W, 98 %
2025/12/05 13:34:09.702, 117.21 W, 98 %
2025/12/05 13:34:09.802, 117.22 W, 98 %
2025/12/05 13:34:09.902, 117.23 W, 98 %
2025/12/05 13:34:10.002, 117.21 W, 98 %
2025/12/05 13:34:10.102, 117.15 W, 98 %
2025/12/05 13:34:10.202, 117.17 W, 98 %
2025/12/05 13:34:10.303, 117.20 W, 98 %
2025/12/05 13:34:10.403, 117.18 W, 98 %
2025/12/05 13:34:10.503, 117.15 W, 98 %
2025/12/05 13:34:10.603, 117.08 W, 98 %
2025/12/05 13:34:10.703, 117.11 W, 98 %
2025/12/05 13:34:10.803, 117.11 W, 98 %
2025/12/05 13:34:10.903, 117.08 W, 98 %
2025/12/05 13:34:11.004, 117.10 W, 98 %
2025/12/05 13:34:11.104, 117.07 W, 98 %
2025/12/05 13:34:11.204, 117.12 W, 98 %
2025/12/05 13:34:11.304, 117.15 W, 98 %
2025/12/05 13:34:11.404, 117.10 W, 98 %
2025/12/05 13:34:11.504, 117.10 W, 98 %
2025/12/05 13:34:11.604, 117.11 W, 98 %
2025/12/05 13:34:11.705, 117.14 W, 98 %
2025/12/05 13:34:11.805, 117.13 W, 98 %
2025/12/05 13:34:11.905, 117.06 W, 98 %
2025/12/05 13:34:12.005, 117.06 W, 98 %
2025/12/05 13:34:12.105, 117.05 W, 98 %
2025/12/05 13:34:12.205, 117.05 W, 98 %
2025/12/05 13:34:12.305, 117.04 W, 98 %
2025/12/05 13:34:12.406, 117.01 W, 98 %
2025/12/05 13:34:12.506, 117.03 W, 98 %
2025/12/05 13:34:12.606, 117.04 W, 98 %
2025/12/05 13:34:12.706, 117.03 W, 98 %
2025/12/05 13:34:12.806, 117.04 W, 98 %
2025/12/05 13:34:12.906, 117.03 W, 98 %
2025/12/05 13:34:13.006, 117.07 W, 98 %
2025/12/05 13:34:13.107, 117.12 W, 98 %
2025/12/05 13:34:13.207, 117.11 W, 98 %
2025/12/05 13:34:13.307, 117.11 W, 98 %
2025/12/05 13:34:13.407, 117.09 W, 98 %
2025/12/05 13:34:13.507, 117.09 W, 98 %
2025/12/05 13:34:13.607, 117.08 W, 98 %
2025/12/05 13:34:13.707, 117.07 W, 98 %
2025/12/05 13:34:13.808, 117.06 W, 98 %
2025/12/05 13:34:13.908, 117.05 W, 98 %
2025/12/05 13:34:14.008, 117.02 W, 98 %
2025/12/05 13:34:14.108, 117.00 W, 98 %
2025/12/05 13:34:14.208, 116.97 W, 98 %
2025/12/05 13:34:14.308, 116.95 W, 98 %
2025/12/05 13:34:14.408, 116.95 W, 98 %
2025/12/05 13:34:14.509, 116.94 W, 98 %
2025/12/05 13:34:14.609, 116.90 W, 98 %
2025/12/05 13:34:14.709, 116.92 W, 98 %
2025/12/05 13:34:14.809, 116.87 W, 98 %
2025/12/05 13:34:14.909, 116.90 W, 98 %
2025/12/05 13:34:15.009, 116.91 W, 98 %
2025/12/05 13:34:15.109, 116.94 W, 98 %
2025/12/05 13:34:15.210, 116.98 W, 98 %
2025/12/05 13:34:15.310, 117.01 W, 98 %
2025/12/05 13:34:15.410, 117.03 W, 98 %
2025/12/05 13:34:15.510, 117.05 W, 98 %
2025/12/05 13:34:15.610, 117.01 W, 98 %
2025/12/05 13:34:15.710, 117.04 W, 98 %
2025/12/05 13:34:15.810, 117.02 W, 98 %
2025/12/05 13:34:15.911, 117.02 W, 98 %
2025/12/05 13:34:16.011, 116.99 W, 98 %
2025/12/05 13:34:16.111, 116.96 W, 98 %
2025/12/05 13:34:16.211, 116.98 W, 98 %
2025/12/05 13:34:16.311, 116.97 W, 98 %
2025/12/05 13:34:16.411, 116.93 W, 98 %
2025/12/05 13:34:16.511, 116.94 W, 98 %
2025/12/05 13:34:16.612, 116.93 W, 98 %
2025/12/05 13:34:16.712, 116.95 W, 98 %
2025/12/05 13:34:16.812, 116.98 W, 98 %
2025/12/05 13:34:16.912, 116.97 W, 98 %
2025/12/05 13:34:17.012, 117.02 W, 98 %
2025/12/05 13:34:17.112, 117.06 W, 98 %
2025/12/05 13:34:17.212, 117.05 W, 98 %
2025/12/05 13:34:17.313, 117.07 W, 98 %
2025/12/05 13:34:17.413, 117.06 W, 98 %
2025/12/05 13:34:17.513, 117.08 W, 98 %
2025/12/05 13:34:17.613, 117.08 W, 98 %
2025/12/05 13:34:17.713, 117.06 W, 98 %
2025/12/05 13:34:17.813, 117.09 W, 98 %
2025/12/05 13:34:17.913, 117.08 W, 98 %
2025/12/05 13:34:18.014, 117.10 W, 98 %
2025/12/05 13:34:18.114, 117.13 W, 98 %
2025/12/05 13:34:18.214, 117.14 W, 98 %
2025/12/05 13:34:18.314, 117.17 W, 98 %
2025/12/05 13:34:18.414, 117.20 W, 98 %
2025/12/05 13:34:18.514, 117.17 W, 98 %
2025/12/05 13:34:18.614, 117.18 W, 98 %
2025/12/05 13:34:18.715, 117.19 W, 98 %
2025/12/05 13:34:18.815, 117.21 W, 98 %
2025/12/05 13:34:18.915, 117.19 W, 98 %
2025/12/05 13:34:19.015, 117.20 W, 98 %
2025/12/05 13:34:19.115, 117.21 W, 98 %
2025/12/05 13:34:19.215, 117.19 W, 98 %
2025/12/05 13:34:19.315, 117.17 W, 98 %
2025/12/05 13:34:19.416, 117.20 W, 98 %
2025/12/05 13:34:19.516, 117.17 W, 98 %
2025/12/05 13:34:19.616, 117.21 W, 98 %
2025/12/05 13:34:19.716, 117.21 W, 98 %
2025/12/05 13:34:19.816, 117.22 W, 98 %
2025/12/05 13:34:19.916, 117.23 W, 98 %
2025/12/05 13:34:20.016, 117.27 W, 98 %
2025/12/05 13:34:20.117, 117.25 W, 98 %
2025/12/05 13:34:20.217, 117.27 W, 98 %
2025/12/05 13:34:20.317, 117.22 W, 98 %
2025/12/05 13:34:20.417, 117.22 W, 98 %
2025/12/05 13:34:20.517, 117.19 W, 98 %
2025/12/05 13:34:20.617, 117.19 W, 98 %
2025/12/05 13:34:20.718, 117.22 W, 98 %
2025/12/05 13:34:20.818, 117.25 W, 98 %
2025/12/05 13:34:20.918, 117.26 W, 98 %
2025/12/05 13:34:21.018, 117.28 W, 98 %
2025/12/05 13:34:21.118, 117.24 W, 98 %
2025/12/05 13:34:21.218, 117.25 W, 98 %
2025/12/05 13:34:21.318, 117.24 W, 98 %
2025/12/05 13:34:21.419, 117.30 W, 98 %
2025/12/05 13:34:21.519, 117.32 W, 98 %
2025/12/05 13:34:21.619, 117.31 W, 98 %
2025/12/05 13:34:21.719, 117.31 W, 98 %
2025/12/05 13:34:21.819, 117.27 W, 98 %
2025/12/05 13:34:21.919, 117.22 W, 98 %
2025/12/05 13:34:22.019, 117.20 W, 98 %
2025/12/05 13:34:22.120, 117.14 W, 98 %
2025/12/05 13:34:22.220, 117.16 W, 98 %
2025/12/05 13:34:22.320, 117.16 W, 98 %
2025/12/05 13:34:22.420, 117.16 W, 98 %
2025/12/05 13:34:22.520, 117.11 W, 98 %
2025/12/05 13:34:22.620, 117.09 W, 98 %
2025/12/05 13:34:22.720, 117.08 W, 98 %
2025/12/05 13:34:22.821, 117.09 W, 98 %
2025/12/05 13:34:22.921, 117.08 W, 98 %
2025/12/05 13:34:23.021, 117.11 W, 98 %
2025/12/05 13:34:23.121, 117.15 W, 98 %
2025/12/05 13:34:23.221, 117.20 W, 98 %
2025/12/05 13:34:23.321, 117.22 W, 98 %
2025/12/05 13:34:23.421, 117.22 W, 98 %
2025/12/05 13:34:23.522, 117.22 W, 98 %
2025/12/05 13:34:23.622, 117.28 W, 98 %
2025/12/05 13:34:23.722, 117.32 W, 98 %
2025/12/05 13:34:23.822, 117.37 W, 98 %
2025/12/05 13:34:23.922, 117.40 W, 98 %
2025/12/05 13:34:24.022, 117.42 W, 98 %
2025/12/05 13:34:24.122, 117.44 W, 98 %
2025/12/05 13:34:24.223, 117.40 W, 98 %
2025/12/05 13:34:24.323, 117.40 W, 98 %
2025/12/05 13:34:24.423, 117.42 W, 98 %
2025/12/05 13:34:24.523, 117.42 W, 98 %
2025/12/05 13:34:24.623, 117.43 W, 98 %
2025/12/05 13:34:24.723, 117.39 W, 98 %
2025/12/05 13:34:24.823, 117.35 W, 98 %
2025/12/05 13:34:24.924, 117.37 W, 98 %
2025/12/05 13:34:25.024, 117.34 W, 98 %
2025/12/05 13:34:25.124, 117.33 W, 98 %
2025/12/05 13:34:25.224, 117.30 W, 98 %
2025/12/05 13:34:25.324, 117.29 W, 98 %
2025/12/05 13:34:25.424, 117.28 W, 98 %
2025/12/05 13:34:25.524, 117.24 W, 98 %
2025/12/05 13:34:25.625, 117.24 W, 98 %
2025/12/05 13:34:25.725, 117.22 W, 98 %
2025/12/05 13:34:25.825, 117.22 W, 98 %
2025/12/05 13:34:25.925, 117.21 W, 98 %
2025/12/05 13:34:26.025, 117.13 W, 98 %
2025/12/05 13:34:26.125, 117.15 W, 98 %
2025/12/05 13:34:26.225, 117.18 W, 98 %
2025/12/05 13:34:26.326, 117.21 W, 98 %
2025/12/05 13:34:26.426, 117.23 W, 98 %
2025/12/05 13:34:26.526, 117.27 W, 98 %
2025/12/05 13:34:26.626, 117.31 W, 98 %
2025/12/05 13:34:26.726, 117.31 W, 98 %
2025/12/05 13:34:26.826, 117.30 W, 98 %
2025/12/05 13:34:26.926, 117.29 W, 98 %
2025/12/05 13:34:27.027, 117.30 W, 98 %
2025/12/05 13:34:27.127, 117.35 W, 98 %
2025/12/05 13:34:27.227, 117.35 W, 98 %
2025/12/05 13:34:27.327, 117.32 W, 98 %
2025/12/05 13:34:27.427, 117.31 W, 98 %
2025/12/05 13:34:27.527, 117.31 W, 98 %
2025/12/05 13:34:27.627, 117.26 W, 98 %
2025/12/05 13:34:27.728, 117.25 W, 98 %
2025/12/05 13:34:27.828, 117.27 W, 98 %
2025/12/05 13:34:27.928, 117.31 W, 98 %
2025/12/05 13:34:28.028, 117.36 W, 98 %
2025/12/05 13:34:28.128, 117.35 W, 98 %
2025/12/05 13:34:28.228, 117.35 W, 98 %
2025/12/05 13:34:28.328, 117.36 W, 98 %
2025/12/05 13:34:28.429, 117.37 W, 98 %
2025/12/05 13:34:28.529, 117.35 W, 98 %
2025/12/05 13:34:28.629, 117.30 W, 98 %
2025/12/05 13:34:28.729, 117.33 W, 98 %
2025/12/05 13:34:28.829, 117.32 W, 98 %
2025/12/05 13:34:28.929, 117.29 W, 98 %
2025/12/05 13:34:29.029, 117.29 W, 98 %
2025/12/05 13:34:29.130, 117.28 W, 98 %
2025/12/05 13:34:29.230, 117.29 W, 98 %
2025/12/05 13:34:29.330, 117.27 W, 98 %
2025/12/05 13:34:29.430, 117.22 W, 98 %
2025/12/05 13:34:29.530, 117.22 W, 98 %
2025/12/05 13:34:29.630, 117.24 W, 98 %
2025/12/05 13:34:29.730, 117.29 W, 98 %
2025/12/05 13:34:29.831, 117.30 W, 98 %
2025/12/05 13:34:29.931, 117.29 W, 98 %
2025/12/05 13:34:30.031, 117.32 W, 98 %
2025/12/05 13:34:30.131, 117.31 W, 98 %
2025/12/05 13:34:30.231, 117.27 W, 98 %
2025/12/05 13:34:30.331, 117.29 W, 98 %
2025/12/05 13:34:30.431, 117.28 W, 98 %
2025/12/05 13:34:30.532, 117.31 W, 98 %
2025/12/05 13:34:30.632, 117.33 W, 98 %
2025/12/05 13:34:30.732, 117.30 W, 98 %
2025/12/05 13:34:30.832, 117.29 W, 98 %
2025/12/05 13:34:30.932, 117.26 W, 98 %
2025/12/05 13:34:31.032, 117.26 W, 98 %
2025/12/05 13:34:31.133, 117.26 W, 98 %
2025/12/05 13:34:31.233, 117.22 W, 98 %
2025/12/05 13:34:31.333, 117.22 W, 98 %
2025/12/05 13:34:31.433, 117.19 W, 98 %
2025/12/05 13:34:31.533, 117.19 W, 98 %
2025/12/05 13:34:31.633, 117.19 W, 98 %
2025/12/05 13:34:31.733, 117.14 W, 98 %
2025/12/05 13:34:31.834, 117.13 W, 98 %
2025/12/05 13:34:31.934, 117.13 W, 98 %
2025/12/05 13:34:32.034, 117.12 W, 98 %
2025/12/05 13:34:32.134, 117.15 W, 98 %
2025/12/05 13:34:32.234, 117.15 W, 98 %
2025/12/05 13:34:32.334, 117.19 W, 98 %
2025/12/05 13:34:32.434, 117.22 W, 98 %
2025/12/05 13:34:32.535, 117.19 W, 98 %
2025/12/05 13:34:32.635, 117.18 W, 98 %
2025/12/05 13:34:32.735, 117.19 W, 98 %
2025/12/05 13:34:32.835, 117.23 W, 98 %
2025/12/05 13:34:32.935, 117.25 W, 98 %
2025/12/05 13:34:33.035, 117.23 W, 98 %
2025/12/05 13:34:33.135, 117.22 W, 98 %
2025/12/05 13:34:33.236, 117.20 W, 98 %
2025/12/05 13:34:33.336, 117.17 W, 98 %
2025/12/05 13:34:33.436, 117.20 W, 98 %
2025/12/05 13:34:33.536, 117.15 W, 98 %
2025/12/05 13:34:33.636, 117.19 W, 98 %
2025/12/05 13:34:33.736, 117.22 W, 98 %
2025/12/05 13:34:33.836, 117.18 W, 98 %
2025/12/05 13:34:33.937, 117.18 W, 98 %
2025/12/05 13:34:34.037, 117.17 W, 98 %
2025/12/05 13:34:34.137, 117.18 W, 98 %
2025/12/05 13:34:34.237, 117.19 W, 98 %
2025/12/05 13:34:34.337, 117.16 W, 98 %
2025/12/05 13:34:34.437, 117.15 W, 98 %
2025/12/05 13:34:34.537, 117.14 W, 98 %
2025/12/05 13:34:34.638, 117.16 W, 98 %
2025/12/05 13:34:34.738, 117.14 W, 98 %
2025/12/05 13:34:34.838, 117.11 W, 98 %
2025/12/05 13:34:34.938, 117.12 W, 98 %
2025/12/05 13:34:35.038, 117.12 W, 98 %
2025/12/05 13:34:35.138, 117.10 W, 98 %
2025/12/05 13:34:35.238, 117.11 W, 98 %
2025/12/05 13:34:35.339, 117.11 W, 98 %
2025/12/05 13:34:35.439, 117.11 W, 98 %
2025/12/05 13:34:35.539, 117.13 W, 98 %
2025/12/05 13:34:35.639, 117.08 W, 98 %
2025/12/05 13:34:35.739, 117.10 W, 98 %
2025/12/05 13:34:35.839, 117.14 W, 98 %
2025/12/05 13:34:35.939, 117.15 W, 98 %
2025/12/05 13:34:36.040, 117.18 W, 98 %
2025/12/05 13:34:36.140, 117.17 W, 98 %
2025/12/05 13:34:36.240, 117.21 W, 98 %
2025/12/05 13:34:36.340, 117.23 W, 98 %
2025/12/05 13:34:36.440, 117.24 W, 98 %
2025/12/05 13:34:36.540, 117.28 W, 98 %
2025/12/05 13:34:36.640, 117.23 W, 98 %
2025/12/05 13:34:36.741, 117.28 W, 98 %
2025/12/05 13:34:36.841, 117.27 W, 98 %
2025/12/05 13:34:36.941, 117.24 W, 98 %
2025/12/05 13:34:37.041, 117.25 W, 98 %
2025/12/05 13:34:37.141, 117.24 W, 98 %
2025/12/05 13:34:37.241, 117.24 W, 98 %
2025/12/05 13:34:37.341, 117.20 W, 98 %
2025/12/05 13:34:37.442, 117.16 W, 98 %
2025/12/05 13:34:37.542, 117.15 W, 98 %
2025/12/05 13:34:37.642, 117.13 W, 98 %
2025/12/05 13:34:37.742, 117.14 W, 98 %
2025/12/05 13:34:37.842, 117.13 W, 98 %
2025/12/05 13:34:37.942, 117.07 W, 98 %
2025/12/05 13:34:38.042, 117.08 W, 98 %
2025/12/05 13:34:38.143, 117.09 W, 98 %
2025/12/05 13:34:38.243, 117.08 W, 98 %
2025/12/05 13:34:38.343, 117.11 W, 98 %
2025/12/05 13:34:38.443, 117.12 W, 98 %
2025/12/05 13:34:38.543, 117.13 W, 98 %
2025/12/05 13:34:38.643, 117.15 W, 98 %
2025/12/05 13:34:38.743, 117.13 W, 98 %
2025/12/05 13:34:38.844, 117.12 W, 98 %
2025/12/05 13:34:38.944, 117.15 W, 98 %
2025/12/05 13:34:39.044, 117.18 W, 98 %
2025/12/05 13:34:39.144, 117.15 W, 98 %
2025/12/05 13:34:39.244, 117.08 W, 98 %
2025/12/05 13:34:39.344, 117.06 W, 98 %
2025/12/05 13:34:39.444, 117.06 W, 98 %
2025/12/05 13:34:39.545, 117.06 W, 98 %
2025/12/05 13:34:39.645, 117.07 W, 98 %
2025/12/05 13:34:39.745, 117.07 W, 98 %
2025/12/05 13:34:39.845, 117.09 W, 98 %
2025/12/05 13:34:39.945, 117.13 W, 98 %
2025/12/05 13:34:40.045, 117.10 W, 98 %
2025/12/05 13:34:40.145, 117.12 W, 98 %
2025/12/05 13:34:40.246, 117.15 W, 98 %
2025/12/05 13:34:40.346, 117.19 W, 98 %
2025/12/05 13:34:40.446, 117.23 W, 98 %
2025/12/05 13:34:40.546, 117.19 W, 98 %
2025/12/05 13:34:40.646, 117.17 W, 98 %
2025/12/05 13:34:40.746, 117.18 W, 98 %
2025/12/05 13:34:40.847, 117.21 W, 98 %
2025/12/05 13:34:40.947, 117.22 W, 98 %
2025/12/05 13:34:41.047, 117.18 W, 98 %
2025/12/05 13:34:41.147, 117.19 W, 98 %
2025/12/05 13:34:41.247, 117.19 W, 98 %
2025/12/05 13:34:41.347, 117.19 W, 98 %
2025/12/05 13:34:41.447, 117.20 W, 98 %
2025/12/05 13:34:41.548, 117.16 W, 98 %
2025/12/05 13:34:41.648, 117.18 W, 98 %
2025/12/05 13:34:41.748, 117.19 W, 98 %
2025/12/05 13:34:41.848, 117.17 W, 98 %
2025/12/05 13:34:41.948, 117.13 W, 98 %
2025/12/05 13:34:42.048, 117.12 W, 98 %
2025/12/05 13:34:42.148, 117.12 W, 98 %
2025/12/05 13:34:42.249, 117.11 W, 98 %
2025/12/05 13:34:42.349, 117.08 W, 98 %
2025/12/05 13:34:42.449, 117.00 W, 98 %
2025/12/05 13:34:42.549, 117.04 W, 98 %
2025/12/05 13:34:42.649, 117.06 W, 98 %
2025/12/05 13:34:42.749, 117.07 W, 98 %
2025/12/05 13:34:42.849, 117.02 W, 98 %
2025/12/05 13:34:42.950, 116.99 W, 98 %
2025/12/05 13:34:43.050, 117.00 W, 98 %
2025/12/05 13:34:43.150, 116.98 W, 98 %
2025/12/05 13:34:43.250, 117.00 W, 98 %
2025/12/05 13:34:43.350, 117.01 W, 98 %
2025/12/05 13:34:43.450, 117.02 W, 98 %
2025/12/05 13:34:43.550, 117.08 W, 98 %
2025/12/05 13:34:43.651, 117.02 W, 98 %
2025/12/05 13:34:43.751, 117.00 W, 98 %
2025/12/05 13:34:43.851, 117.01 W, 98 %
2025/12/05 13:34:43.951, 117.04 W, 98 %
2025/12/05 13:34:44.051, 117.06 W, 98 %
2025/12/05 13:34:44.151, 117.08 W, 98 %
2025/12/05 13:34:44.251, 117.08 W, 98 %
2025/12/05 13:34:44.352, 117.08 W, 98 %
2025/12/05 13:34:44.452, 117.04 W, 98 %
2025/12/05 13:34:44.552, 117.02 W, 98 %
2025/12/05 13:34:44.652, 117.01 W, 98 %
2025/12/05 13:34:44.752, 117.04 W, 98 %
2025/12/05 13:34:44.852, 117.06 W, 98 %
2025/12/05 13:34:44.952, 117.04 W, 98 %
2025/12/05 13:34:45.053, 117.07 W, 98 %
2025/12/05 13:34:45.153, 117.04 W, 98 %
2025/12/05 13:34:45.253, 117.01 W, 98 %
2025/12/05 13:34:45.353, 117.03 W, 98 %
2025/12/05 13:34:45.453, 117.01 W, 98 %
2025/12/05 13:34:45.553, 117.03 W, 98 %
2025/12/05 13:34:45.653, 117.07 W, 98 %
2025/12/05 13:34:45.754, 117.04 W, 98 %
2025/12/05 13:34:45.854, 117.06 W, 98 %
2025/12/05 13:34:45.954, 117.10 W, 98 %
2025/12/05 13:34:46.054, 117.08 W, 98 %
2025/12/05 13:34:46.154, 117.13 W, 98 %
2025/12/05 13:34:46.254, 117.19 W, 98 %
2025/12/05 13:34:46.354, 117.20 W, 98 %
2025/12/05 13:34:46.455, 117.22 W, 98 %
2025/12/05 13:34:46.555, 117.20 W, 98 %
2025/12/05 13:34:46.655, 117.22 W, 98 %
2025/12/05 13:34:46.755, 117.21 W, 98 %
2025/12/05 13:34:46.855, 117.24 W, 98 %
2025/12/05 13:34:46.955, 117.22 W, 98 %
2025/12/05 13:34:47.055, 117.13 W, 98 %
2025/12/05 13:34:47.156, 117.16 W, 98 %
2025/12/05 13:34:47.256, 117.14 W, 98 %
2025/12/05 13:34:47.356, 117.09 W, 98 %
2025/12/05 13:34:47.456, 117.10 W, 98 %
2025/12/05 13:34:47.556, 117.10 W, 98 %
2025/12/05 13:34:47.656, 117.11 W, 98 %
2025/12/05 13:34:47.756, 117.12 W, 98 %
2025/12/05 13:34:47.857, 117.06 W, 98 %
2025/12/05 13:34:47.957, 117.08 W, 98 %
2025/12/05 13:34:48.057, 117.09 W, 98 %
2025/12/05 13:34:48.157, 117.13 W, 98 %
2025/12/05 13:34:48.257, 117.12 W, 98 %
2025/12/05 13:34:48.357, 117.07 W, 98 %
2025/12/05 13:34:48.457, 117.08 W, 98 %
2025/12/05 13:34:48.558, 117.06 W, 98 %
2025/12/05 13:34:48.658, 117.02 W, 98 %
2025/12/05 13:34:48.758, 117.04 W, 98 %
2025/12/05 13:34:48.858, 117.03 W, 98 %
2025/12/05 13:34:48.958, 117.08 W, 98 %
2025/12/05 13:34:49.058, 112.93 W, 48 %
2025/12/05 13:34:49.159, 108.61 W, 48 %
2025/12/05 13:34:49.259, 104.27 W, 0 %
2025/12/05 13:34:49.359, 99.94 W, 0 %
2025/12/05 13:34:49.459, 95.64 W, 0 %
2025/12/05 13:34:49.560, 91.31 W, 0 %
2025/12/05 13:34:49.660, 86.99 W, 0 %
2025/12/05 13:34:49.760, 82.66 W, 0 %
2025/12/05 13:34:49.861, 78.31 W, 0 %
2025/12/05 13:34:49.961, 73.95 W, 0 %
2025/12/05 13:34:50.061, 73.95 W, 0 %
2025/12/05 13:34:50.161, 73.95 W, 0 %
2025/12/05 13:34:50.261, 73.95 W, 0 %
2025/12/05 13:34:50.362, 73.95 W, 0 %
2025/12/05 13:34:50.462, 73.95 W, 0 %
2025/12/05 13:34:50.562, 73.95 W, 0 %
2025/12/05 13:34:50.662, 73.95 W, 0 %
2025/12/05 13:34:50.763, 73.95 W, 0 %
2025/12/05 13:34:50.863, 73.95 W, 0 %
2025/12/05 13:34:50.963, 68.85 W, 0 %
2025/12/05 13:34:51.063, 68.85 W, 0 %
2025/12/05 13:34:51.163, 72.42 W, 0 %
2025/12/05 13:34:51.264, 74.88 W, 98 %
2025/12/05 13:34:51.364, 77.82 W, 98 %
2025/12/05 13:34:51.464, 80.37 W, 98 %
2025/12/05 13:34:51.564, 82.63 W, 98 %
2025/12/05 13:34:51.664, 84.59 W, 98 %
2025/12/05 13:34:51.764, 86.36 W, 98 %
2025/12/05 13:34:51.864, 87.96 W, 98 %
2025/12/05 13:34:51.965, 89.39 W, 98 %
2025/12/05 13:34:52.065, 110.60 W, 98 %
2025/12/05 13:34:52.165, 111.06 W, 98 %
2025/12/05 13:34:52.265, 116.35 W, 98 %
2025/12/05 13:34:52.365, 116.46 W, 98 %
2025/12/05 13:34:52.465, 116.52 W, 98 %
2025/12/05 13:34:52.565, 116.56 W, 98 %
2025/12/05 13:34:52.666, 116.60 W, 98 %
2025/12/05 13:34:52.766, 116.68 W, 98 %
2025/12/05 13:34:52.866, 116.72 W, 98 %
2025/12/05 13:34:52.966, 116.71 W, 98 %
2025/12/05 13:34:53.066, 116.72 W, 98 %
2025/12/05 13:34:53.166, 116.74 W, 98 %
2025/12/05 13:34:53.266, 116.80 W, 98 %
2025/12/05 13:34:53.367, 116.83 W, 98 %
2025/12/05 13:34:53.467, 116.76 W, 98 %
2025/12/05 13:34:53.567, 116.78 W, 98 %
2025/12/05 13:34:53.667, 116.80 W, 98 %
2025/12/05 13:34:53.767, 116.77 W, 98 %
2025/12/05 13:34:53.867, 116.78 W, 98 %
2025/12/05 13:34:53.967, 116.78 W, 98 %
2025/12/05 13:34:54.068, 116.79 W, 98 %
2025/12/05 13:34:54.168, 116.83 W, 98 %
2025/12/05 13:34:54.268, 116.78 W, 98 %
2025/12/05 13:34:54.368, 116.79 W, 98 %
2025/12/05 13:34:54.468, 115.71 W, 94 %
2025/12/05 13:34:54.568, 115.77 W, 94 %
2025/12/05 13:34:54.668, 115.78 W, 98 %
2025/12/05 13:34:54.768, 115.79 W, 98 %
2025/12/05 13:34:54.869, 115.79 W, 98 %
2025/12/05 13:34:54.969, 115.81 W, 98 %
2025/12/05 13:34:55.069, 115.80 W, 98 %
2025/12/05 13:34:55.169, 115.83 W, 98 %
2025/12/05 13:34:55.269, 115.84 W, 98 %
2025/12/05 13:34:55.369, 115.88 W, 98 %
2025/12/05 13:34:55.470, 115.92 W, 98 %
2025/12/05 13:34:55.570, 117.01 W, 98 %
2025/12/05 13:34:55.670, 117.00 W, 98 %
2025/12/05 13:34:55.770, 117.02 W, 98 %
2025/12/05 13:34:55.870, 117.00 W, 98 %
2025/12/05 13:34:55.970, 117.00 W, 98 %
2025/12/05 13:34:56.070, 116.99 W, 98 %
2025/12/05 13:34:56.171, 117.02 W, 98 %
2025/12/05 13:34:56.271, 117.03 W, 98 %
2025/12/05 13:34:56.371, 116.98 W, 98 %
2025/12/05 13:34:56.471, 116.97 W, 98 %
2025/12/05 13:34:56.571, 116.94 W, 98 %
2025/12/05 13:34:56.671, 116.90 W, 98 %
2025/12/05 13:34:56.771, 116.93 W, 98 %
2025/12/05 13:34:56.872, 116.91 W, 98 %
2025/12/05 13:34:56.972, 116.93 W, 98 %
2025/12/05 13:34:57.072, 116.96 W, 98 %
2025/12/05 13:34:57.172, 116.93 W, 98 %
2025/12/05 13:34:57.272, 116.90 W, 98 %
2025/12/05 13:34:57.372, 116.89 W, 98 %
2025/12/05 13:34:57.472, 116.89 W, 98 %
2025/12/05 13:34:57.573, 116.92 W, 98 %
2025/12/05 13:34:57.673, 116.89 W, 98 %
2025/12/05 13:34:57.773, 116.88 W, 98 %
2025/12/05 13:34:57.873, 116.84 W, 98 %
2025/12/05 13:34:57.973, 116.86 W, 98 %
2025/12/05 13:34:58.073, 116.85 W, 98 %
2025/12/05 13:34:58.173, 116.86 W, 98 %
2025/12/05 13:34:58.274, 116.89 W, 98 %
2025/12/05 13:34:58.374, 116.85 W, 98 %
2025/12/05 13:34:58.474, 116.89 W, 98 %
2025/12/05 13:34:58.574, 116.91 W, 98 %
2025/12/05 13:34:58.674, 116.93 W, 98 %
2025/12/05 13:34:58.774, 116.94 W, 98 %
2025/12/05 13:34:58.874, 116.91 W, 98 %
2025/12/05 13:34:58.975, 116.94 W, 98 %
2025/12/05 13:34:59.075, 116.93 W, 98 %
2025/12/05 13:34:59.175, 116.89 W, 98 %
2025/12/05 13:34:59.275, 116.92 W, 98 %
2025/12/05 13:34:59.375, 116.88 W, 98 %
2025/12/05 13:34:59.475, 116.89 W, 98 %
2025/12/05 13:34:59.575, 116.86 W, 98 %
2025/12/05 13:34:59.676, 116.79 W, 98 %
2025/12/05 13:34:59.776, 116.80 W, 98 %
2025/12/05 13:34:59.876, 116.79 W, 98 %
2025/12/05 13:34:59.976, 116.79 W, 98 %
2025/12/05 13:35:00.076, 116.77 W, 98 %
2025/12/05 13:35:00.176, 116.74 W, 98 %
2025/12/05 13:35:00.276, 116.76 W, 98 %
2025/12/05 13:35:00.377, 116.76 W, 98 %
2025/12/05 13:35:00.477, 116.74 W, 98 %
2025/12/05 13:35:00.577, 116.75 W, 98 %
2025/12/05 13:35:00.677, 116.78 W, 98 %
2025/12/05 13:35:00.777, 116.79 W, 98 %
2025/12/05 13:35:00.877, 116.80 W, 98 %
2025/12/05 13:35:00.977, 116.79 W, 98 %
2025/12/05 13:35:01.078, 116.80 W, 98 %
2025/12/05 13:35:01.178, 116.83 W, 98 %
2025/12/05 13:35:01.278, 116.86 W, 98 %
2025/12/05 13:35:01.378, 116.88 W, 98 %
2025/12/05 13:35:01.478, 116.86 W, 98 %
2025/12/05 13:35:01.578, 116.89 W, 98 %
2025/12/05 13:35:01.678, 116.91 W, 98 %
2025/12/05 13:35:01.779, 116.88 W, 98 %
2025/12/05 13:35:01.879, 116.92 W, 98 %
2025/12/05 13:35:01.979, 116.92 W, 98 %
2025/12/05 13:35:02.079, 116.94 W, 98 %
2025/12/05 13:35:02.179, 116.93 W, 98 %
2025/12/05 13:35:02.279, 116.89 W, 98 %
2025/12/05 13:35:02.379, 116.89 W, 98 %
2025/12/05 13:35:02.480, 116.90 W, 98 %
2025/12/05 13:35:02.580, 116.89 W, 98 %
2025/12/05 13:35:02.680, 116.89 W, 98 %
2025/12/05 13:35:02.780, 116.86 W, 98 %
2025/12/05 13:35:02.880, 116.86 W, 98 %
2025/12/05 13:35:02.980, 116.84 W, 98 %
2025/12/05 13:35:03.080, 116.80 W, 98 %
2025/12/05 13:35:03.181, 116.82 W, 98 %
2025/12/05 13:35:03.281, 116.83 W, 98 %
2025/12/05 13:35:03.381, 116.84 W, 98 %
2025/12/05 13:35:03.481, 116.84 W, 98 %
2025/12/05 13:35:03.581, 116.76 W, 98 %
2025/12/05 13:35:03.681, 116.76 W, 98 %
2025/12/05 13:35:03.782, 116.78 W, 98 %
2025/12/05 13:35:03.882, 116.78 W, 98 %
2025/12/05 13:35:03.982, 116.79 W, 98 %
2025/12/05 13:35:04.082, 116.79 W, 98 %
2025/12/05 13:35:04.182, 116.82 W, 98 %
2025/12/05 13:35:04.282, 116.81 W, 98 %
2025/12/05 13:35:04.382, 116.77 W, 98 %
2025/12/05 13:35:04.483, 116.79 W, 98 %
2025/12/05 13:35:04.583, 116.81 W, 98 %
2025/12/05 13:35:04.683, 116.88 W, 98 %
2025/12/05 13:35:04.783, 116.92 W, 98 %
2025/12/05 13:35:04.883, 116.93 W, 98 %
2025/12/05 13:35:04.983, 116.95 W, 98 %
2025/12/05 13:35:05.083, 116.96 W, 98 %
2025/12/05 13:35:05.183, 116.94 W, 98 %
2025/12/05 13:35:05.284, 116.96 W, 98 %
2025/12/05 13:35:05.384, 116.99 W, 98 %
2025/12/05 13:35:05.484, 117.02 W, 98 %
2025/12/05 13:35:05.584, 117.02 W, 98 %
2025/12/05 13:35:05.684, 117.01 W, 98 %
2025/12/05 13:35:05.784, 117.01 W, 98 %
2025/12/05 13:35:05.885, 116.98 W, 98 %
2025/12/05 13:35:05.985, 116.93 W, 98 %
2025/12/05 13:35:06.085, 116.95 W, 98 %
2025/12/05 13:35:06.185, 116.93 W, 98 %
2025/12/05 13:35:06.285, 116.92 W, 98 %
2025/12/05 13:35:06.385, 116.91 W, 98 %
2025/12/05 13:35:06.485, 116.86 W, 98 %
2025/12/05 13:35:06.586, 116.88 W, 98 %
2025/12/05 13:35:06.686, 116.90 W, 98 %
2025/12/05 13:35:06.786, 116.86 W, 98 %
2025/12/05 13:35:06.886, 116.86 W, 98 %
2025/12/05 13:35:06.986, 116.88 W, 98 %
2025/12/05 13:35:07.086, 116.91 W, 98 %
2025/12/05 13:35:07.186, 116.90 W, 98 %
2025/12/05 13:35:07.287, 116.89 W, 98 %
2025/12/05 13:35:07.387, 116.91 W, 98 %
2025/12/05 13:35:07.487, 116.91 W, 98 %
2025/12/05 13:35:07.587, 116.91 W, 98 %
2025/12/05 13:35:07.687, 116.93 W, 98 %
2025/12/05 13:35:07.787, 116.92 W, 98 %
2025/12/05 13:35:07.887, 116.97 W, 98 %
2025/12/05 13:35:07.988, 117.00 W, 98 %
2025/12/05 13:35:08.088, 116.99 W, 98 %
2025/12/05 13:35:08.188, 116.96 W, 98 %
2025/12/05 13:35:08.288, 116.96 W, 98 %
2025/12/05 13:35:08.388, 116.98 W, 98 %
2025/12/05 13:35:08.488, 117.00 W, 98 %
2025/12/05 13:35:08.588, 116.98 W, 98 %
2025/12/05 13:35:08.689, 117.01 W, 98 %
2025/12/05 13:35:08.789, 117.02 W, 98 %
2025/12/05 13:35:08.889, 116.98 W, 98 %
2025/12/05 13:35:08.989, 116.96 W, 98 %
2025/12/05 13:35:09.089, 116.97 W, 98 %
2025/12/05 13:35:09.189, 116.95 W, 98 %
2025/12/05 13:35:09.289, 117.02 W, 98 %
2025/12/05 13:35:09.390, 117.01 W, 98 %
2025/12/05 13:35:09.490, 117.04 W, 98 %
2025/12/05 13:35:09.590, 117.05 W, 98 %
2025/12/05 13:35:09.690, 117.06 W, 98 %
2025/12/05 13:35:09.790, 117.08 W, 98 %
2025/12/05 13:35:09.890, 117.05 W, 98 %
2025/12/05 13:35:09.990, 117.07 W, 98 %
2025/12/05 13:35:10.091, 117.11 W, 98 %
2025/12/05 13:35:10.191, 117.06 W, 98 %
2025/12/05 13:35:10.291, 117.10 W, 98 %
2025/12/05 13:35:10.391, 117.09 W, 98 %
2025/12/05 13:35:10.491, 117.09 W, 98 %
2025/12/05 13:35:10.591, 117.06 W, 98 %
2025/12/05 13:35:10.691, 117.02 W, 98 %
2025/12/05 13:35:10.792, 116.97 W, 98 %
2025/12/05 13:35:10.892, 116.97 W, 98 %
2025/12/05 13:35:10.992, 116.99 W, 98 %
2025/12/05 13:35:11.092, 117.00 W, 98 %
2025/12/05 13:35:11.192, 117.00 W, 98 %
2025/12/05 13:35:11.292, 117.02 W, 98 %
2025/12/05 13:35:11.392, 117.04 W, 98 %
2025/12/05 13:35:11.493, 117.00 W, 98 %
2025/12/05 13:35:11.593, 117.01 W, 98 %
2025/12/05 13:35:11.693, 117.01 W, 98 %
2025/12/05 13:35:11.793, 117.03 W, 98 %
2025/12/05 13:35:11.893, 117.07 W, 98 %
2025/12/05 13:35:11.993, 117.04 W, 98 %
2025/12/05 13:35:12.093, 117.01 W, 98 %
2025/12/05 13:35:12.194, 116.99 W, 98 %
2025/12/05 13:35:12.294, 116.96 W, 98 %
2025/12/05 13:35:12.394, 116.94 W, 98 %
2025/12/05 13:35:12.494, 116.89 W, 98 %
2025/12/05 13:35:12.594, 116.90 W, 98 %
2025/12/05 13:35:12.694, 116.87 W, 98 %
2025/12/05 13:35:12.794, 116.84 W, 98 %
2025/12/05 13:35:12.895, 116.86 W, 98 %
2025/12/05 13:35:12.995, 116.90 W, 98 %
2025/12/05 13:35:13.095, 116.88 W, 98 %
2025/12/05 13:35:13.195, 116.90 W, 98 %
2025/12/05 13:35:13.295, 116.93 W, 98 %
2025/12/05 13:35:13.395, 116.93 W, 98 %
2025/12/05 13:35:13.495, 116.97 W, 98 %
2025/12/05 13:35:13.596, 116.95 W, 98 %
2025/12/05 13:35:13.696, 116.97 W, 98 %
2025/12/05 13:35:13.796, 117.00 W, 98 %
2025/12/05 13:35:13.896, 117.03 W, 98 %
2025/12/05 13:35:13.996, 117.03 W, 98 %
2025/12/05 13:35:14.096, 116.54 W, 93 %
2025/12/05 13:35:14.197, 116.56 W, 93 %
2025/12/05 13:35:14.297, 116.56 W, 98 %
2025/12/05 13:35:14.397, 116.53 W, 98 %
2025/12/05 13:35:14.497, 116.52 W, 98 %
2025/12/05 13:35:14.597, 116.51 W, 98 %
2025/12/05 13:35:14.697, 116.51 W, 98 %
2025/12/05 13:35:14.797, 116.48 W, 98 %
2025/12/05 13:35:14.898, 116.49 W, 98 %
2025/12/05 13:35:14.998, 116.48 W, 98 %
2025/12/05 13:35:15.098, 116.45 W, 98 %
2025/12/05 13:35:15.198, 116.90 W, 98 %
2025/12/05 13:35:15.298, 116.88 W, 98 %
2025/12/05 13:35:15.398, 116.89 W, 98 %
2025/12/05 13:35:15.498, 116.86 W, 98 %
2025/12/05 13:35:15.599, 116.87 W, 98 %
2025/12/05 13:35:15.699, 116.84 W, 98 %
2025/12/05 13:35:15.799, 116.88 W, 98 %
2025/12/05 13:35:15.899, 116.89 W, 98 %
2025/12/05 13:35:15.999, 116.82 W, 98 %
2025/12/05 13:35:16.099, 116.82 W, 98 %
2025/12/05 13:35:16.199, 116.84 W, 98 %
2025/12/05 13:35:16.300, 116.84 W, 98 %
2025/12/05 13:35:16.400, 116.85 W, 98 %
2025/12/05 13:35:16.500, 116.86 W, 98 %
2025/12/05 13:35:16.600, 116.87 W, 98 %
2025/12/05 13:35:16.700, 116.87 W, 98 %
2025/12/05 13:35:16.800, 116.85 W, 98 %
2025/12/05 13:35:16.900, 116.86 W, 98 %
2025/12/05 13:35:17.001, 116.88 W, 98 %
2025/12/05 13:35:17.101, 116.87 W, 98 %
2025/12/05 13:35:17.201, 116.89 W, 98 %
2025/12/05 13:35:17.301, 116.84 W, 98 %
2025/12/05 13:35:17.401, 116.86 W, 98 %
2025/12/05 13:35:17.501, 116.86 W, 98 %
2025/12/05 13:35:17.601, 116.83 W, 98 %
2025/12/05 13:35:17.702, 116.86 W, 98 %
2025/12/05 13:35:17.802, 116.87 W, 98 %
2025/12/05 13:35:17.913, 116.89 W, 98 %
2025/12/05 13:35:18.013, 116.88 W, 98 %
2025/12/05 13:35:18.113, 116.82 W, 98 %
2025/12/05 13:35:18.213, 116.84 W, 98 %
2025/12/05 13:35:18.313, 116.83 W, 98 %
2025/12/05 13:35:18.414, 116.70 W, 98 %
2025/12/05 13:35:18.514, 116.68 W, 98 %
2025/12/05 13:35:18.614, 116.69 W, 98 %
2025/12/05 13:35:18.714, 116.69 W, 98 %
2025/12/05 13:35:18.814, 116.68 W, 98 %
2025/12/05 13:35:18.914, 116.65 W, 98 %
2025/12/05 13:35:19.014, 116.66 W, 98 %
2025/12/05 13:35:19.115, 116.65 W, 98 %
2025/12/05 13:35:19.215, 116.68 W, 98 %
2025/12/05 13:35:19.315, 116.69 W, 98 %
2025/12/05 13:35:19.415, 116.66 W, 98 %
2025/12/05 13:35:19.515, 116.83 W, 98 %
2025/12/05 13:35:19.615, 116.83 W, 98 %
2025/12/05 13:35:19.715, 116.80 W, 98 %
2025/12/05 13:35:19.816, 116.82 W, 98 %
2025/12/05 13:35:19.916, 116.83 W, 98 %
2025/12/05 13:35:20.016, 116.83 W, 98 %
2025/12/05 13:35:20.116, 116.81 W, 98 %
2025/12/05 13:35:20.216, 116.77 W, 98 %
2025/12/05 13:35:20.316, 116.77 W, 98 %
2025/12/05 13:35:20.416, 116.78 W, 98 %
2025/12/05 13:35:20.517, 116.79 W, 98 %
2025/12/05 13:35:20.617, 116.79 W, 98 %
2025/12/05 13:35:20.717, 116.79 W, 98 %
2025/12/05 13:35:20.817, 116.79 W, 98 %
2025/12/05 13:35:20.917, 116.79 W, 98 %
2025/12/05 13:35:21.017, 116.74 W, 98 %
2025/12/05 13:35:21.117, 116.76 W, 98 %
2025/12/05 13:35:21.218, 116.76 W, 98 %
2025/12/05 13:35:21.318, 116.79 W, 98 %
2025/12/05 13:35:21.418, 116.80 W, 98 %
2025/12/05 13:35:21.518, 116.79 W, 98 %
2025/12/05 13:35:21.618, 116.81 W, 98 %
2025/12/05 13:35:21.718, 116.80 W, 98 %
2025/12/05 13:35:21.818, 116.80 W, 98 %
2025/12/05 13:35:21.919, 116.80 W, 98 %
2025/12/05 13:35:22.019, 116.80 W, 98 %
2025/12/05 13:35:22.119, 116.81 W, 98 %
2025/12/05 13:35:22.219, 116.81 W, 98 %
2025/12/05 13:35:22.319, 116.79 W, 98 %
2025/12/05 13:35:22.419, 116.80 W, 98 %
2025/12/05 13:35:22.519, 116.78 W, 98 %
2025/12/05 13:35:22.620, 116.75 W, 98 %
2025/12/05 13:35:22.720, 116.75 W, 98 %
2025/12/05 13:35:22.820, 116.76 W, 98 %
2025/12/05 13:35:22.920, 116.76 W, 98 %
2025/12/05 13:35:23.020, 116.77 W, 98 %
2025/12/05 13:35:23.120, 116.74 W, 98 %
2025/12/05 13:35:23.220, 116.79 W, 98 %
2025/12/05 13:35:23.321, 116.78 W, 98 %
2025/12/05 13:35:23.421, 116.76 W, 98 %
2025/12/05 13:35:23.521, 116.78 W, 98 %
2025/12/05 13:35:23.621, 116.80 W, 98 %
2025/12/05 13:35:23.721, 116.82 W, 98 %
2025/12/05 13:35:23.821, 116.83 W, 98 %
2025/12/05 13:35:23.921, 116.78 W, 98 %
2025/12/05 13:35:24.022, 116.79 W, 98 %
2025/12/05 13:35:24.122, 116.78 W, 98 %
2025/12/05 13:35:24.222, 116.83 W, 98 %
2025/12/05 13:35:24.322, 116.82 W, 98 %
2025/12/05 13:35:24.422, 116.81 W, 98 %
2025/12/05 13:35:24.522, 116.88 W, 98 %
2025/12/05 13:35:24.623, 116.88 W, 98 %
2025/12/05 13:35:24.723, 116.88 W, 98 %
2025/12/05 13:35:24.823, 116.89 W, 98 %
2025/12/05 13:35:24.923, 116.94 W, 98 %
2025/12/05 13:35:25.023, 117.00 W, 98 %
2025/12/05 13:35:25.123, 117.00 W, 98 %
2025/12/05 13:35:25.223, 117.00 W, 98 %
2025/12/05 13:35:25.324, 116.98 W, 98 %
2025/12/05 13:35:25.424, 116.99 W, 98 %
2025/12/05 13:35:25.524, 117.00 W, 98 %
2025/12/05 13:35:25.624, 117.00 W, 98 %
2025/12/05 13:35:25.724, 116.99 W, 98 %
2025/12/05 13:35:25.824, 116.99 W, 98 %
2025/12/05 13:35:25.924, 116.99 W, 98 %
2025/12/05 13:35:26.025, 116.95 W, 98 %
2025/12/05 13:35:26.125, 116.94 W, 98 %
2025/12/05 13:35:26.225, 116.95 W, 98 %
2025/12/05 13:35:26.325, 116.95 W, 98 %
2025/12/05 13:35:26.425, 116.95 W, 98 %
2025/12/05 13:35:26.525, 116.90 W, 98 %
2025/12/05 13:35:26.625, 116.90 W, 98 %
2025/12/05 13:35:26.726, 116.85 W, 98 %
2025/12/05 13:35:26.826, 116.85 W, 98 %
2025/12/05 13:35:26.926, 116.83 W, 98 %
2025/12/05 13:35:27.026, 116.82 W, 98 %
2025/12/05 13:35:27.126, 116.82 W, 98 %
2025/12/05 13:35:27.226, 116.83 W, 98 %
2025/12/05 13:35:27.326, 116.78 W, 98 %
2025/12/05 13:35:27.427, 116.79 W, 98 %
2025/12/05 13:35:27.527, 116.81 W, 98 %
2025/12/05 13:35:27.627, 116.83 W, 98 %
2025/12/05 13:35:27.727, 116.84 W, 98 %
2025/12/05 13:35:27.827, 116.84 W, 98 %
2025/12/05 13:35:27.927, 116.86 W, 98 %
2025/12/05 13:35:28.027, 116.89 W, 98 %
2025/12/05 13:35:28.128, 116.89 W, 98 %
2025/12/05 13:35:28.228, 116.89 W, 98 %
2025/12/05 13:35:28.328, 116.88 W, 98 %
2025/12/05 13:35:28.428, 116.88 W, 98 %
2025/12/05 13:35:28.528, 116.86 W, 98 %
2025/12/05 13:35:28.628, 116.83 W, 98 %
2025/12/05 13:35:28.728, 116.83 W, 96 %
2025/12/05 13:35:28.829, 116.83 W, 96 %
2025/12/05 13:35:28.929, 116.84 W, 98 %
2025/12/05 13:35:29.029, 116.83 W, 98 %
2025/12/05 13:35:29.129, 116.82 W, 98 %
2025/12/05 13:35:29.229, 116.81 W, 98 %
2025/12/05 13:35:29.329, 116.82 W, 98 %
2025/12/05 13:35:29.429, 116.78 W, 98 %
2025/12/05 13:35:29.530, 116.82 W, 98 %
2025/12/05 13:35:29.630, 116.81 W, 98 %
2025/12/05 13:35:29.730, 116.79 W, 98 %
2025/12/05 13:35:29.830, 116.76 W, 98 %
2025/12/05 13:35:29.930, 116.76 W, 98 %
2025/12/05 13:35:30.030, 116.77 W, 98 %
2025/12/05 13:35:30.130, 116.78 W, 98 %
2025/12/05 13:35:30.231, 116.73 W, 98 %
2025/12/05 13:35:30.331, 116.73 W, 98 %
2025/12/05 13:35:30.431, 116.72 W, 98 %
2025/12/05 13:35:30.531, 116.67 W, 98 %
2025/12/05 13:35:30.631, 116.65 W, 98 %
2025/12/05 13:35:30.731, 116.62 W, 98 %
2025/12/05 13:35:30.831, 116.67 W, 98 %
2025/12/05 13:35:30.932, 116.70 W, 98 %
2025/12/05 13:35:31.032, 116.65 W, 98 %
2025/12/05 13:35:31.132, 116.67 W, 98 %
2025/12/05 13:35:31.232, 116.66 W, 98 %
2025/12/05 13:35:31.332, 116.66 W, 98 %
2025/12/05 13:35:31.432, 116.69 W, 98 %
2025/12/05 13:35:31.532, 116.67 W, 98 %
2025/12/05 13:35:31.633, 116.76 W, 98 %
2025/12/05 13:35:31.733, 116.76 W, 98 %
2025/12/05 13:35:31.833, 116.79 W, 98 %
2025/12/05 13:35:31.933, 116.79 W, 98 %
2025/12/05 13:35:32.033, 116.77 W, 98 %
2025/12/05 13:35:32.133, 116.79 W, 98 %
2025/12/05 13:35:32.233, 116.77 W, 98 %
2025/12/05 13:35:32.334, 116.74 W, 98 %
2025/12/05 13:35:32.434, 116.78 W, 98 %
2025/12/05 13:35:32.534, 116.75 W, 98 %
2025/12/05 13:35:32.634, 116.77 W, 98 %
2025/12/05 13:35:32.734, 116.76 W, 98 %
2025/12/05 13:35:32.834, 116.76 W, 98 %
2025/12/05 13:35:32.934, 116.76 W, 98 %
2025/12/05 13:35:33.035, 116.75 W, 98 %
2025/12/05 13:35:33.135, 116.73 W, 98 %
2025/12/05 13:35:33.235, 116.76 W, 98 %
2025/12/05 13:35:33.335, 116.77 W, 98 %
2025/12/05 13:35:33.435, 116.77 W, 98 %
2025/12/05 13:35:33.535, 116.76 W, 98 %
2025/12/05 13:35:33.635, 116.76 W, 98 %
2025/12/05 13:35:33.736, 116.78 W, 98 %
2025/12/05 13:35:33.836, 116.77 W, 98 %
2025/12/05 13:35:33.936, 116.76 W, 98 %
2025/12/05 13:35:34.036, 116.78 W, 98 %
2025/12/05 13:35:34.136, 116.79 W, 98 %
2025/12/05 13:35:34.236, 116.81 W, 98 %
2025/12/05 13:35:34.336, 116.79 W, 98 %
2025/12/05 13:35:34.437, 116.77 W, 98 %
2025/12/05 13:35:34.537, 116.79 W, 98 %
2025/12/05 13:35:34.637, 116.78 W, 98 %
2025/12/05 13:35:34.737, 116.77 W, 98 %
2025/12/05 13:35:34.837, 116.76 W, 98 %
2025/12/05 13:35:34.937, 116.74 W, 98 %
2025/12/05 13:35:35.037, 116.74 W, 98 %
2025/12/05 13:35:35.138, 116.74 W, 98 %
2025/12/05 13:35:35.238, 116.71 W, 98 %
2025/12/05 13:35:35.338, 116.69 W, 98 %
2025/12/05 13:35:35.438, 116.67 W, 98 %
2025/12/05 13:35:35.538, 116.67 W, 98 %
2025/12/05 13:35:35.638, 116.68 W, 98 %
2025/12/05 13:35:35.738, 116.69 W, 98 %
2025/12/05 13:35:35.839, 116.69 W, 98 %
2025/12/05 13:35:35.939, 116.71 W, 98 %
2025/12/05 13:35:36.039, 116.70 W, 98 %
2025/12/05 13:35:36.139, 116.74 W, 98 %
2025/12/05 13:35:36.239, 116.73 W, 98 %
2025/12/05 13:35:36.339, 116.74 W, 98 %
2025/12/05 13:35:36.439, 116.78 W, 98 %
2025/12/05 13:35:36.540, 116.75 W, 98 %
2025/12/05 13:35:36.640, 116.77 W, 98 %
2025/12/05 13:35:36.740, 116.79 W, 98 %
2025/12/05 13:35:36.840, 116.76 W, 98 %
2025/12/05 13:35:36.940, 116.79 W, 98 %
2025/12/05 13:35:37.040, 116.76 W, 98 %
2025/12/05 13:35:37.140, 116.80 W, 98 %
2025/12/05 13:35:37.241, 116.79 W, 98 %
2025/12/05 13:35:37.341, 116.79 W, 98 %
2025/12/05 13:35:37.441, 116.83 W, 98 %
2025/12/05 13:35:37.541, 116.82 W, 98 %
2025/12/05 13:35:37.641, 116.82 W, 98 %
2025/12/05 13:35:37.741, 116.86 W, 98 %
2025/12/05 13:35:37.841, 116.81 W, 98 %
2025/12/05 13:35:37.942, 116.81 W, 98 %
2025/12/05 13:35:38.042, 116.81 W, 98 %
2025/12/05 13:35:38.142, 116.78 W, 98 %
2025/12/05 13:35:38.242, 116.77 W, 98 %
2025/12/05 13:35:38.342, 116.76 W, 98 %
2025/12/05 13:35:38.442, 116.76 W, 98 %
2025/12/05 13:35:38.543, 116.72 W, 98 %
2025/12/05 13:35:38.643, 116.67 W, 98 %
2025/12/05 13:35:38.743, 116.67 W, 98 %
2025/12/05 13:35:38.843, 116.63 W, 98 %
2025/12/05 13:35:38.943, 116.28 W, 95 %
2025/12/05 13:35:39.043, 116.26 W, 95 %
2025/12/05 13:35:39.143, 116.25 W, 98 %
2025/12/05 13:35:39.244, 116.29 W, 98 %
2025/12/05 13:35:39.344, 116.30 W, 98 %
2025/12/05 13:35:39.444, 116.25 W, 98 %
2025/12/05 13:35:39.544, 116.24 W, 98 %
2025/12/05 13:35:39.644, 116.21 W, 98 %
2025/12/05 13:35:39.744, 116.22 W, 98 %
2025/12/05 13:35:39.844, 116.25 W, 98 %
2025/12/05 13:35:39.945, 116.26 W, 98 %
2025/12/05 13:35:40.045, 116.61 W, 98 %
2025/12/05 13:35:40.145, 116.65 W, 98 %
2025/12/05 13:35:40.245, 116.59 W, 98 %
2025/12/05 13:35:40.345, 116.59 W, 98 %
2025/12/05 13:35:40.445, 116.56 W, 98 %
2025/12/05 13:35:40.545, 116.60 W, 98 %
2025/12/05 13:35:40.646, 116.57 W, 98 %
2025/12/05 13:35:40.746, 116.56 W, 98 %
2025/12/05 13:35:40.846, 116.58 W, 98 %
2025/12/05 13:35:40.946, 116.57 W, 98 %
2025/12/05 13:35:41.046, 116.56 W, 98 %
2025/12/05 13:35:41.146, 116.58 W, 98 %
2025/12/05 13:35:41.246, 116.58 W, 98 %
2025/12/05 13:35:41.347, 116.64 W, 98 %
2025/12/05 13:35:41.447, 116.66 W, 98 %
2025/12/05 13:35:41.547, 116.63 W, 98 %
2025/12/05 13:35:41.647, 116.64 W, 98 %
2025/12/05 13:35:41.747, 116.67 W, 98 %
2025/12/05 13:35:41.847, 116.69 W, 98 %
2025/12/05 13:35:41.947, 116.67 W, 98 %
2025/12/05 13:35:42.048, 116.68 W, 98 %
2025/12/05 13:35:42.148, 116.72 W, 98 %
2025/12/05 13:35:42.248, 116.71 W, 98 %
2025/12/05 13:35:42.348, 116.71 W, 98 %
2025/12/05 13:35:42.448, 116.70 W, 98 %
2025/12/05 13:35:42.548, 116.71 W, 98 %
2025/12/05 13:35:42.648, 116.75 W, 98 %
2025/12/05 13:35:42.749, 116.77 W, 98 %
2025/12/05 13:35:42.849, 116.72 W, 98 %
2025/12/05 13:35:42.949, 116.76 W, 98 %
2025/12/05 13:35:43.049, 116.83 W, 98 %
2025/12/05 13:35:43.149, 116.79 W, 98 %
2025/12/05 13:35:43.249, 116.77 W, 98 %
2025/12/05 13:35:43.349, 116.76 W, 98 %
2025/12/05 13:35:43.450, 116.75 W, 98 %
2025/12/05 13:35:43.550, 116.77 W, 98 %
2025/12/05 13:35:43.650, 116.74 W, 98 %
2025/12/05 13:35:43.750, 116.74 W, 98 %
2025/12/05 13:35:43.850, 116.72 W, 98 %
2025/12/05 13:35:43.950, 116.77 W, 98 %
2025/12/05 13:35:44.050, 116.78 W, 98 %
2025/12/05 13:35:44.151, 116.74 W, 98 %
2025/12/05 13:35:44.251, 116.77 W, 98 %
2025/12/05 13:35:44.351, 116.82 W, 98 %
2025/12/05 13:35:44.451, 116.84 W, 98 %
2025/12/05 13:35:44.551, 116.85 W, 98 %
2025/12/05 13:35:44.651, 116.83 W, 98 %
2025/12/05 13:35:44.751, 116.86 W, 98 %
2025/12/05 13:35:44.852, 116.85 W, 98 %
2025/12/05 13:35:44.952, 116.85 W, 98 %
2025/12/05 13:35:45.052, 116.83 W, 98 %
2025/12/05 13:35:45.152, 116.80 W, 98 %
2025/12/05 13:35:45.252, 116.78 W, 98 %
2025/12/05 13:35:45.352, 116.76 W, 98 %
2025/12/05 13:35:45.452, 116.68 W, 98 %
2025/12/05 13:35:45.553, 116.64 W, 98 %
2025/12/05 13:35:45.653, 116.63 W, 98 %
2025/12/05 13:35:45.753, 116.64 W, 98 %
2025/12/05 13:35:45.853, 116.64 W, 98 %
2025/12/05 13:35:45.953, 116.64 W, 98 %
2025/12/05 13:35:46.053, 116.65 W, 98 %
2025/12/05 13:35:46.153, 116.67 W, 98 %
2025/12/05 13:35:46.254, 116.67 W, 98 %
2025/12/05 13:35:46.354, 116.71 W, 98 %
2025/12/05 13:35:46.454, 116.78 W, 98 %
2025/12/05 13:35:46.554, 116.82 W, 98 %
2025/12/05 13:35:46.654, 116.86 W, 98 %
2025/12/05 13:35:46.754, 116.85 W, 98 %
2025/12/05 13:35:46.855, 116.86 W, 98 %
2025/12/05 13:35:46.955, 116.78 W, 98 %
2025/12/05 13:35:47.055, 116.77 W, 98 %
2025/12/05 13:35:47.155, 116.81 W, 98 %
2025/12/05 13:35:47.255, 116.79 W, 98 %
2025/12/05 13:35:47.355, 116.81 W, 98 %
2025/12/05 13:35:47.455, 116.82 W, 98 %
2025/12/05 13:35:47.556, 116.75 W, 98 %
2025/12/05 13:35:47.656, 116.74 W, 98 %
2025/12/05 13:35:47.756, 116.74 W, 98 %
2025/12/05 13:35:47.856, 116.79 W, 98 %
2025/12/05 13:35:47.956, 116.81 W, 98 %
2025/12/05 13:35:48.056, 116.86 W, 98 %
2025/12/05 13:35:48.156, 116.88 W, 98 %
2025/12/05 13:35:48.257, 116.86 W, 98 %
2025/12/05 13:35:48.357, 116.86 W, 98 %
2025/12/05 13:35:48.457, 116.85 W, 98 %
2025/12/05 13:35:48.557, 116.80 W, 98 %
2025/12/05 13:35:48.657, 116.82 W, 98 %
2025/12/05 13:35:48.757, 116.83 W, 98 %
2025/12/05 13:35:48.857, 116.82 W, 98 %
2025/12/05 13:35:48.958, 116.82 W, 98 %
2025/12/05 13:35:49.058, 116.81 W, 98 %
2025/12/05 13:35:49.158, 116.84 W, 98 %
2025/12/05 13:35:49.258, 116.86 W, 98 %
2025/12/05 13:35:49.358, 116.86 W, 98 %
2025/12/05 13:35:49.458, 116.89 W, 98 %
2025/12/05 13:35:49.558, 116.92 W, 98 %
2025/12/05 13:35:49.659, 116.94 W, 98 %
2025/12/05 13:35:49.759, 116.94 W, 98 %
2025/12/05 13:35:49.859, 116.95 W, 98 %
2025/12/05 13:35:49.959, 116.96 W, 98 %
2025/12/05 13:35:50.059, 116.96 W, 98 %
2025/12/05 13:35:50.159, 116.93 W, 98 %
2025/12/05 13:35:50.259, 116.92 W, 98 %
2025/12/05 13:35:50.360, 116.93 W, 98 %
2025/12/05 13:35:50.460, 116.93 W, 98 %
2025/12/05 13:35:50.560, 116.93 W, 98 %
2025/12/05 13:35:50.660, 116.91 W, 98 %
2025/12/05 13:35:50.760, 116.92 W, 98 %
2025/12/05 13:35:50.860, 116.95 W, 98 %
2025/12/05 13:35:50.960, 116.95 W, 98 %
2025/12/05 13:35:51.061, 116.94 W, 98 %
2025/12/05 13:35:51.161, 116.90 W, 98 %
2025/12/05 13:35:51.261, 116.90 W, 98 %
2025/12/05 13:35:51.361, 116.91 W, 98 %
2025/12/05 13:35:51.461, 116.85 W, 98 %
2025/12/05 13:35:51.561, 116.84 W, 98 %
2025/12/05 13:35:51.661, 116.86 W, 98 %
2025/12/05 13:35:51.762, 116.86 W, 98 %
2025/12/05 13:35:51.862, 116.85 W, 98 %
2025/12/05 13:35:51.962, 116.79 W, 98 %
2025/12/05 13:35:52.062, 116.75 W, 98 %
2025/12/05 13:35:52.162, 116.75 W, 98 %
2025/12/05 13:35:52.262, 116.75 W, 98 %
2025/12/05 13:35:52.362, 116.75 W, 98 %
2025/12/05 13:35:52.463, 116.72 W, 98 %
2025/12/05 13:35:52.563, 116.74 W, 98 %
2025/12/05 13:35:52.663, 116.73 W, 98 %
2025/12/05 13:35:52.763, 116.68 W, 98 %
2025/12/05 13:35:52.863, 116.67 W, 98 %
2025/12/05 13:35:52.963, 116.68 W, 98 %
2025/12/05 13:35:53.063, 116.69 W, 98 %
2025/12/05 13:35:53.164, 116.75 W, 98 %
2025/12/05 13:35:53.264, 116.72 W, 98 %
2025/12/05 13:35:53.364, 116.75 W, 98 %
2025/12/05 13:35:53.464, 116.76 W, 98 %
2025/12/05 13:35:53.564, 116.77 W, 98 %
2025/12/05 13:35:53.664, 116.77 W, 98 %
2025/12/05 13:35:53.764, 116.81 W, 98 %
2025/12/05 13:35:53.865, 116.84 W, 98 %
2025/12/05 13:35:53.965, 116.84 W, 98 %
2025/12/05 13:35:54.065, 116.81 W, 98 %
2025/12/05 13:35:54.165, 116.78 W, 98 %
2025/12/05 13:35:54.265, 116.79 W, 98 %
2025/12/05 13:35:54.365, 116.78 W, 98 %
2025/12/05 13:35:54.465, 116.78 W, 98 %
2025/12/05 13:35:54.566, 116.80 W, 98 %
2025/12/05 13:35:54.666, 116.80 W, 98 %
2025/12/05 13:35:54.766, 116.77 W, 98 %
2025/12/05 13:35:54.866, 116.69 W, 98 %
2025/12/05 13:35:54.966, 116.72 W, 98 %
2025/12/05 13:35:55.066, 116.72 W, 98 %
2025/12/05 13:35:55.166, 116.72 W, 98 %
2025/12/05 13:35:55.267, 116.73 W, 98 %
2025/12/05 13:35:55.367, 116.74 W, 98 %
2025/12/05 13:35:55.467, 116.76 W, 98 %
2025/12/05 13:35:55.567, 116.73 W, 98 %
2025/12/05 13:35:55.667, 116.73 W, 98 %
2025/12/05 13:35:55.767, 116.74 W, 98 %
2025/12/05 13:35:55.867, 116.75 W, 98 %
2025/12/05 13:35:55.968, 116.75 W, 98 %
2025/12/05 13:35:56.068, 116.75 W, 98 %
2025/12/05 13:35:56.168, 116.76 W, 98 %
2025/12/05 13:35:56.268, 116.77 W, 98 %
2025/12/05 13:35:56.368, 116.74 W, 98 %
2025/12/05 13:35:56.468, 116.76 W, 98 %
2025/12/05 13:35:56.568, 116.75 W, 98 %
2025/12/05 13:35:56.669, 116.77 W, 98 %
2025/12/05 13:35:56.769, 116.73 W, 98 %
2025/12/05 13:35:56.869, 116.73 W, 98 %
2025/12/05 13:35:56.969, 116.73 W, 98 %
2025/12/05 13:35:57.069, 116.72 W, 98 %
2025/12/05 13:35:57.169, 116.70 W, 98 %
2025/12/05 13:35:57.270, 116.70 W, 98 %
2025/12/05 13:35:57.370, 116.71 W, 98 %
2025/12/05 13:35:57.470, 116.71 W, 98 %
2025/12/05 13:35:57.570, 116.75 W, 98 %
2025/12/05 13:35:57.670, 116.74 W, 98 %
2025/12/05 13:35:57.770, 116.73 W, 98 %
2025/12/05 13:35:57.870, 116.77 W, 98 %
2025/12/05 13:35:57.971, 116.74 W, 98 %
2025/12/05 13:35:58.071, 116.79 W, 98 %
2025/12/05 13:35:58.171, 116.82 W, 98 %
2025/12/05 13:35:58.271, 116.83 W, 98 %
2025/12/05 13:35:58.371, 116.84 W, 98 %
2025/12/05 13:35:58.471, 116.85 W, 98 %
2025/12/05 13:35:58.571, 116.84 W, 98 %
2025/12/05 13:35:58.672, 116.81 W, 98 %
2025/12/05 13:35:58.772, 116.81 W, 98 %
2025/12/05 13:35:58.872, 116.84 W, 98 %
2025/12/05 13:35:58.972, 116.87 W, 98 %
2025/12/05 13:35:59.072, 116.90 W, 98 %
2025/12/05 13:35:59.172, 116.92 W, 98 %
2025/12/05 13:35:59.272, 116.86 W, 98 %
2025/12/05 13:35:59.373, 116.86 W, 98 %
2025/12/05 13:35:59.473, 116.89 W, 98 %
2025/12/05 13:35:59.573, 116.85 W, 98 %
2025/12/05 13:35:59.673, 116.90 W, 98 %
2025/12/05 13:35:59.773, 116.90 W, 98 %
2025/12/05 13:35:59.873, 116.92 W, 98 %
2025/12/05 13:35:59.974, 116.94 W, 98 %
2025/12/05 13:36:00.074, 116.92 W, 98 %
2025/12/05 13:36:00.174, 116.91 W, 98 %
2025/12/05 13:36:00.274, 116.89 W, 98 %
2025/12/05 13:36:00.374, 116.93 W, 98 %
2025/12/05 13:36:00.474, 116.92 W, 98 %
2025/12/05 13:36:00.574, 116.87 W, 98 %
2025/12/05 13:36:00.675, 116.86 W, 98 %
2025/12/05 13:36:00.775, 116.86 W, 98 %
2025/12/05 13:36:00.875, 116.84 W, 98 %
2025/12/05 13:36:00.975, 116.82 W, 98 %
2025/12/05 13:36:01.075, 116.81 W, 98 %
2025/12/05 13:36:01.175, 116.78 W, 98 %
2025/12/05 13:36:01.275, 116.76 W, 98 %
2025/12/05 13:36:01.376, 116.72 W, 98 %
2025/12/05 13:36:01.476, 116.71 W, 98 %
2025/12/05 13:36:01.576, 116.71 W, 98 %
2025/12/05 13:36:01.676, 116.72 W, 98 %
2025/12/05 13:36:01.776, 116.74 W, 98 %
2025/12/05 13:36:01.876, 116.73 W, 98 %
2025/12/05 13:36:01.976, 116.74 W, 98 %
2025/12/05 13:36:02.077, 116.74 W, 98 %
2025/12/05 13:36:02.177, 116.73 W, 98 %
2025/12/05 13:36:02.277, 116.76 W, 98 %
2025/12/05 13:36:02.377, 116.82 W, 98 %
2025/12/05 13:36:02.477, 116.82 W, 98 %
2025/12/05 13:36:02.577, 116.82 W, 98 %
2025/12/05 13:36:02.677, 116.78 W, 98 %
2025/12/05 13:36:02.778, 116.79 W, 98 %
2025/12/05 13:36:02.878, 116.81 W, 98 %
2025/12/05 13:36:02.978, 116.80 W, 98 %
2025/12/05 13:36:03.078, 116.81 W, 98 %
2025/12/05 13:36:03.178, 116.81 W, 98 %
2025/12/05 13:36:03.278, 116.84 W, 98 %
2025/12/05 13:36:03.379, 116.85 W, 98 %
2025/12/05 13:36:03.479, 116.79 W, 98 %
2025/12/05 13:36:03.579, 116.81 W, 98 %
2025/12/05 13:36:03.679, 116.85 W, 98 %
2025/12/05 13:36:03.779, 116.89 W, 98 %
2025/12/05 13:36:03.879, 116.90 W, 98 %
2025/12/05 13:36:03.987, 116.84 W, 98 %
2025/12/05 13:36:04.088, 116.86 W, 98 %
2025/12/05 13:36:04.188, 116.84 W, 98 %
2025/12/05 13:36:04.288, 116.82 W, 98 %
2025/12/05 13:36:04.388, 116.79 W, 98 %
2025/12/05 13:36:04.488, 116.77 W, 98 %
2025/12/05 13:36:04.588, 116.78 W, 98 %
2025/12/05 13:36:04.689, 116.76 W, 98 %
2025/12/05 13:36:04.789, 116.71 W, 98 %
2025/12/05 13:36:04.889, 116.70 W, 98 %
2025/12/05 13:36:04.989, 116.70 W, 98 %
2025/12/05 13:36:05.089, 116.73 W, 98 %
2025/12/05 13:36:05.189, 116.72 W, 98 %
2025/12/05 13:36:05.289, 116.69 W, 98 %
2025/12/05 13:36:05.390, 116.72 W, 98 %
2025/12/05 13:36:05.490, 116.74 W, 98 %
2025/12/05 13:36:05.590, 116.70 W, 98 %
2025/12/05 13:36:05.690, 116.71 W, 98 %
2025/12/05 13:36:05.790, 116.72 W, 98 %
2025/12/05 13:36:05.890, 116.75 W, 98 %
2025/12/05 13:36:05.990, 116.77 W, 98 %
2025/12/05 13:36:06.090, 116.70 W, 98 %
2025/12/05 13:36:06.191, 116.72 W, 98 %
2025/12/05 13:36:06.291, 116.73 W, 98 %
2025/12/05 13:36:06.391, 116.75 W, 98 %
2025/12/05 13:36:06.491, 116.72 W, 98 %
2025/12/05 13:36:06.591, 116.69 W, 98 %
2025/12/05 13:36:06.691, 116.72 W, 98 %
2025/12/05 13:36:06.791, 116.73 W, 98 %
2025/12/05 13:36:06.892, 116.73 W, 98 %
2025/12/05 13:36:06.992, 116.74 W, 98 %
2025/12/05 13:36:07.092, 116.75 W, 98 %
2025/12/05 13:36:07.192, 116.81 W, 98 %
2025/12/05 13:36:07.292, 116.79 W, 98 %
2025/12/05 13:36:07.392, 116.75 W, 98 %
2025/12/05 13:36:07.493, 116.78 W, 98 %
2025/12/05 13:36:07.593, 116.79 W, 98 %
2025/12/05 13:36:07.693, 116.80 W, 98 %
2025/12/05 13:36:07.793, 116.82 W, 98 %
2025/12/05 13:36:07.893, 116.77 W, 98 %
2025/12/05 13:36:07.993, 116.80 W, 98 %
2025/12/05 13:36:08.093, 116.78 W, 98 %
2025/12/05 13:36:08.193, 116.74 W, 98 %
2025/12/05 13:36:08.294, 116.75 W, 98 %
2025/12/05 13:36:08.394, 116.77 W, 98 %
2025/12/05 13:36:08.494, 116.79 W, 98 %
2025/12/05 13:36:08.594, 116.81 W, 98 %
2025/12/05 13:36:08.694, 116.79 W, 98 %
2025/12/05 13:36:08.794, 116.78 W, 98 %
2025/12/05 13:36:08.894, 116.79 W, 98 %
2025/12/05 13:36:08.995, 116.83 W, 98 %
2025/12/05 13:36:09.095, 116.82 W, 98 %
2025/12/05 13:36:09.195, 116.78 W, 98 %
2025/12/05 13:36:09.295, 116.82 W, 98 %
2025/12/05 13:36:09.395, 116.80 W, 98 %
2025/12/05 13:36:09.495, 116.79 W, 98 %
2025/12/05 13:36:09.595, 116.80 W, 98 %
2025/12/05 13:36:09.696, 116.77 W, 97 %
2025/12/05 13:36:09.796, 116.78 W, 97 %
2025/12/05 13:36:09.896, 116.79 W, 98 %
2025/12/05 13:36:09.996, 116.75 W, 98 %
2025/12/05 13:36:10.096, 116.75 W, 98 %
2025/12/05 13:36:10.196, 116.79 W, 98 %
2025/12/05 13:36:10.296, 116.82 W, 98 %
2025/12/05 13:36:10.397, 116.83 W, 98 %
2025/12/05 13:36:10.497, 116.87 W, 98 %
2025/12/05 13:36:10.597, 116.87 W, 98 %
2025/12/05 13:36:10.697, 116.87 W, 98 %
2025/12/05 13:36:10.797, 116.85 W, 98 %
2025/12/05 13:36:10.897, 116.85 W, 98 %
2025/12/05 13:36:10.997, 116.87 W, 98 %
2025/12/05 13:36:11.098, 116.88 W, 98 %
2025/12/05 13:36:11.198, 116.89 W, 98 %
2025/12/05 13:36:11.298, 116.83 W, 98 %
2025/12/05 13:36:11.398, 116.85 W, 98 %
2025/12/05 13:36:11.498, 116.84 W, 98 %
2025/12/05 13:36:11.598, 116.79 W, 98 %
2025/12/05 13:36:11.698, 116.83 W, 98 %
2025/12/05 13:36:11.799, 116.83 W, 98 %
2025/12/05 13:36:11.899, 116.84 W, 98 %
2025/12/05 13:36:11.999, 116.85 W, 98 %
2025/12/05 13:36:12.099, 116.80 W, 98 %
2025/12/05 13:36:12.199, 116.80 W, 98 %
2025/12/05 13:36:12.299, 116.79 W, 98 %
2025/12/05 13:36:12.399, 116.80 W, 98 %
2025/12/05 13:36:12.500, 116.79 W, 98 %
2025/12/05 13:36:12.600, 116.76 W, 98 %
2025/12/05 13:36:12.700, 116.78 W, 98 %
2025/12/05 13:36:12.800, 116.76 W, 98 %
2025/12/05 13:36:12.900, 116.72 W, 98 %
2025/12/05 13:36:13.000, 116.74 W, 98 %
2025/12/05 13:36:13.101, 116.74 W, 98 %
2025/12/05 13:36:13.201, 116.76 W, 98 %
2025/12/05 13:36:13.301, 116.79 W, 98 %
2025/12/05 13:36:13.401, 116.76 W, 98 %
2025/12/05 13:36:13.501, 116.78 W, 98 %
2025/12/05 13:36:13.601, 116.77 W, 98 %
2025/12/05 13:36:13.701, 116.75 W, 98 %
2025/12/05 13:36:13.802, 116.79 W, 98 %
2025/12/05 13:36:13.902, 116.82 W, 98 %
2025/12/05 13:36:14.002, 116.84 W, 98 %
2025/12/05 13:36:14.102, 116.82 W, 98 %
2025/12/05 13:36:14.202, 116.81 W, 98 %
2025/12/05 13:36:14.302, 116.77 W, 98 %
2025/12/05 13:36:14.402, 116.78 W, 98 %
2025/12/05 13:36:14.503, 116.78 W, 98 %
2025/12/05 13:36:14.603, 116.75 W, 98 %
2025/12/05 13:36:14.703, 116.77 W, 98 %
2025/12/05 13:36:14.803, 116.78 W, 98 %
2025/12/05 13:36:14.903, 116.70 W, 98 %
2025/12/05 13:36:15.003, 116.72 W, 98 %
2025/12/05 13:36:15.103, 116.72 W, 98 %
2025/12/05 13:36:15.204, 116.76 W, 98 %
2025/12/05 13:36:15.304, 116.79 W, 98 %
2025/12/05 13:36:15.404, 116.77 W, 98 %
2025/12/05 13:36:15.504, 116.77 W, 98 %
2025/12/05 13:36:15.604, 116.80 W, 98 %
2025/12/05 13:36:15.704, 116.82 W, 98 %
2025/12/05 13:36:15.804, 116.80 W, 98 %
2025/12/05 13:36:15.905, 116.76 W, 98 %
2025/12/05 13:36:16.005, 116.78 W, 98 %
2025/12/05 13:36:16.105, 116.77 W, 98 %
2025/12/05 13:36:16.205, 116.71 W, 98 %
2025/12/05 13:36:16.305, 116.69 W, 98 %
2025/12/05 13:36:16.405, 116.68 W, 98 %
2025/12/05 13:36:16.505, 116.71 W, 98 %
2025/12/05 13:36:16.606, 116.74 W, 98 %
2025/12/05 13:36:16.706, 116.69 W, 98 %
2025/12/05 13:36:16.806, 116.73 W, 98 %
2025/12/05 13:36:16.906, 116.76 W, 98 %
2025/12/05 13:36:17.006, 116.76 W, 98 %
2025/12/05 13:36:17.106, 116.81 W, 98 %
2025/12/05 13:36:17.206, 116.85 W, 98 %
2025/12/05 13:36:17.307, 116.89 W, 98 %
2025/12/05 13:36:17.407, 116.88 W, 98 %
2025/12/05 13:36:17.507, 116.88 W, 98 %
2025/12/05 13:36:17.607, 116.89 W, 98 %
2025/12/05 13:36:17.707, 116.88 W, 98 %
2025/12/05 13:36:17.807, 116.89 W, 98 %
2025/12/05 13:36:17.907, 116.88 W, 98 %
2025/12/05 13:36:18.008, 116.85 W, 98 %
2025/12/05 13:36:18.108, 116.87 W, 98 %
2025/12/05 13:36:18.208, 116.86 W, 98 %
2025/12/05 13:36:18.308, 116.79 W, 98 %
2025/12/05 13:36:18.408, 116.77 W, 98 %
2025/12/05 13:36:18.508, 116.76 W, 98 %
2025/12/05 13:36:18.608, 116.75 W, 98 %
2025/12/05 13:36:18.709, 116.78 W, 98 %
2025/12/05 13:36:18.809, 116.74 W, 98 %
2025/12/05 13:36:18.909, 116.78 W, 98 %
2025/12/05 13:36:19.009, 116.77 W, 98 %
2025/12/05 13:36:19.109, 116.79 W, 98 %
2025/12/05 13:36:19.209, 116.80 W, 98 %
2025/12/05 13:36:19.309, 116.75 W, 98 %
2025/12/05 13:36:19.410, 116.76 W, 98 %
2025/12/05 13:36:19.510, 116.79 W, 98 %
2025/12/05 13:36:19.610, 116.75 W, 98 %
2025/12/05 13:36:19.710, 116.78 W, 98 %
2025/12/05 13:36:19.810, 116.79 W, 98 %
2025/12/05 13:36:19.910, 116.81 W, 98 %
2025/12/05 13:36:20.010, 116.82 W, 98 %
2025/12/05 13:36:20.111, 116.80 W, 98 %
2025/12/05 13:36:20.211, 116.79 W, 98 %
2025/12/05 13:36:20.311, 116.79 W, 98 %
2025/12/05 13:36:20.411, 116.81 W, 98 %
2025/12/05 13:36:20.511, 116.85 W, 98 %
2025/12/05 13:36:20.611, 116.80 W, 98 %
2025/12/05 13:36:20.711, 116.84 W, 98 %
2025/12/05 13:36:20.812, 116.82 W, 98 %
2025/12/05 13:36:20.912, 116.77 W, 98 %
2025/12/05 13:36:21.012, 116.76 W, 98 %
2025/12/05 13:36:21.112, 116.73 W, 98 %
2025/12/05 13:36:21.212, 116.73 W, 98 %
2025/12/05 13:36:21.312, 116.72 W, 98 %
2025/12/05 13:36:21.412, 116.68 W, 98 %
2025/12/05 13:36:21.513, 116.69 W, 98 %
2025/12/05 13:36:21.613, 116.68 W, 98 %
2025/12/05 13:36:21.713, 116.70 W, 98 %
2025/12/05 13:36:21.813, 116.74 W, 98 %
2025/12/05 13:36:21.913, 116.73 W, 98 %
2025/12/05 13:36:22.013, 116.74 W, 98 %
2025/12/05 13:36:22.113, 116.76 W, 98 %
2025/12/05 13:36:22.214, 116.74 W, 98 %
2025/12/05 13:36:22.314, 116.76 W, 98 %
2025/12/05 13:36:22.414, 116.78 W, 98 %
2025/12/05 13:36:22.514, 116.79 W, 98 %
2025/12/05 13:36:22.614, 116.79 W, 98 %
2025/12/05 13:36:22.714, 116.79 W, 98 %
2025/12/05 13:36:22.815, 116.78 W, 98 %
2025/12/05 13:36:22.915, 116.74 W, 98 %
2025/12/05 13:36:23.015, 116.72 W, 98 %
2025/12/05 13:36:23.115, 116.74 W, 98 %
2025/12/05 13:36:23.215, 116.77 W, 98 %
2025/12/05 13:36:23.315, 116.80 W, 98 %
2025/12/05 13:36:23.415, 116.81 W, 98 %
2025/12/05 13:36:23.516, 116.82 W, 98 %
2025/12/05 13:36:23.616, 116.85 W, 98 %
2025/12/05 13:36:23.716, 116.83 W, 98 %
2025/12/05 13:36:23.816, 116.79 W, 98 %
2025/12/05 13:36:23.916, 116.78 W, 98 %
2025/12/05 13:36:24.016, 116.78 W, 98 %
2025/12/05 13:36:24.116, 116.81 W, 98 %
2025/12/05 13:36:24.217, 116.81 W, 98 %
2025/12/05 13:36:24.317, 116.78 W, 98 %
2025/12/05 13:36:24.417, 116.76 W, 98 %
2025/12/05 13:36:24.517, 116.74 W, 98 %
2025/12/05 13:36:24.617, 116.70 W, 98 %
2025/12/05 13:36:24.717, 116.70 W, 98 %
2025/12/05 13:36:24.817, 116.68 W, 98 %
2025/12/05 13:36:24.918, 116.69 W, 98 %
2025/12/05 13:36:25.018, 116.70 W, 98 %
2025/12/05 13:36:25.118, 116.74 W, 98 %
2025/12/05 13:36:25.218, 116.73 W, 98 %
2025/12/05 13:36:25.318, 116.73 W, 98 %
2025/12/05 13:36:25.418, 116.68 W, 98 %
2025/12/05 13:36:25.518, 116.66 W, 98 %
2025/12/05 13:36:25.619, 116.65 W, 98 %
2025/12/05 13:36:25.719, 116.63 W, 98 %
2025/12/05 13:36:25.819, 116.63 W, 98 %
2025/12/05 13:36:25.919, 116.65 W, 98 %
2025/12/05 13:36:26.019, 116.66 W, 98 %
2025/12/05 13:36:26.119, 116.68 W, 98 %
2025/12/05 13:36:26.219, 116.67 W, 98 %
2025/12/05 13:36:26.320, 116.69 W, 98 %
2025/12/05 13:36:26.420, 116.69 W, 98 %
2025/12/05 13:36:26.520, 116.75 W, 98 %
2025/12/05 13:36:26.620, 116.77 W, 98 %
2025/12/05 13:36:26.720, 116.81 W, 98 %
2025/12/05 13:36:26.820, 116.85 W, 98 %
2025/12/05 13:36:26.920, 116.85 W, 98 %
2025/12/05 13:36:27.021, 116.88 W, 98 %
2025/12/05 13:36:27.121, 116.90 W, 98 %
2025/12/05 13:36:27.221, 116.91 W, 98 %
2025/12/05 13:36:27.321, 116.87 W, 98 %
2025/12/05 13:36:27.421, 116.87 W, 98 %
2025/12/05 13:36:27.521, 116.85 W, 98 %
2025/12/05 13:36:27.621, 116.87 W, 98 %
2025/12/05 13:36:27.722, 116.86 W, 98 %
2025/12/05 13:36:27.822, 116.82 W, 98 %
2025/12/05 13:36:27.922, 116.83 W, 98 %
2025/12/05 13:36:28.022, 116.85 W, 98 %
2025/12/05 13:36:28.122, 116.79 W, 98 %
2025/12/05 13:36:28.222, 116.77 W, 98 %
2025/12/05 13:36:28.322, 116.76 W, 98 %
2025/12/05 13:36:28.423, 116.79 W, 98 %
2025/12/05 13:36:28.523, 116.79 W, 98 %
2025/12/05 13:36:28.623, 116.80 W, 98 %
2025/12/05 13:36:28.723, 116.79 W, 98 %
2025/12/05 13:36:28.823, 116.82 W, 98 %
2025/12/05 13:36:28.923, 116.81 W, 98 %
2025/12/05 13:36:29.023, 116.82 W, 98 %
2025/12/05 13:36:29.124, 116.81 W, 98 %
2025/12/05 13:36:29.224, 116.84 W, 98 %
2025/12/05 13:36:29.324, 116.83 W, 98 %
2025/12/05 13:36:29.424, 116.84 W, 98 %
2025/12/05 13:36:29.524, 116.81 W, 98 %
2025/12/05 13:36:29.624, 116.82 W, 98 %
2025/12/05 13:36:29.724, 116.79 W, 98 %
2025/12/05 13:36:29.825, 116.80 W, 98 %
2025/12/05 13:36:29.925, 116.78 W, 98 %
2025/12/05 13:36:30.025, 116.81 W, 98 %
2025/12/05 13:36:30.125, 116.81 W, 98 %
2025/12/05 13:36:30.225, 116.79 W, 98 %
2025/12/05 13:36:30.325, 116.80 W, 98 %
2025/12/05 13:36:30.425, 116.86 W, 98 %
2025/12/05 13:36:30.526, 116.82 W, 98 %
2025/12/05 13:36:30.626, 116.84 W, 98 %
2025/12/05 13:36:30.726, 116.85 W, 98 %
2025/12/05 13:36:30.826, 116.86 W, 98 %
2025/12/05 13:36:30.926, 116.85 W, 98 %
2025/12/05 13:36:31.026, 116.82 W, 98 %
2025/12/05 13:36:31.126, 116.83 W, 98 %
2025/12/05 13:36:31.227, 116.81 W, 98 %
2025/12/05 13:36:31.327, 116.82 W, 98 %
2025/12/05 13:36:31.427, 116.83 W, 98 %
2025/12/05 13:36:31.527, 116.81 W, 98 %
2025/12/05 13:36:31.627, 116.85 W, 98 %
2025/12/05 13:36:31.727, 116.86 W, 98 %
2025/12/05 13:36:31.827, 116.83 W, 98 %
2025/12/05 13:36:31.928, 116.82 W, 98 %
2025/12/05 13:36:32.028, 116.85 W, 98 %
2025/12/05 13:36:32.128, 116.88 W, 98 %
2025/12/05 13:36:32.228, 116.87 W, 98 %
2025/12/05 13:36:32.328, 116.85 W, 98 %
2025/12/05 13:36:32.428, 116.85 W, 98 %
2025/12/05 13:36:32.528, 116.85 W, 98 %
2025/12/05 13:36:32.629, 116.83 W, 98 %
2025/12/05 13:36:32.729, 116.85 W, 98 %
2025/12/05 13:36:32.829, 116.86 W, 98 %
2025/12/05 13:36:32.929, 116.87 W, 98 %
2025/12/05 13:36:33.029, 116.91 W, 98 %
2025/12/05 13:36:33.129, 116.89 W, 98 %
2025/12/05 13:36:33.229, 116.90 W, 98 %
2025/12/05 13:36:33.330, 116.91 W, 98 %
2025/12/05 13:36:33.430, 116.95 W, 98 %
2025/12/05 13:36:33.530, 116.98 W, 98 %
2025/12/05 13:36:33.630, 116.93 W, 98 %
2025/12/05 13:36:33.730, 116.96 W, 98 %
2025/12/05 13:36:33.830, 116.95 W, 98 %
2025/12/05 13:36:33.931, 116.93 W, 98 %
2025/12/05 13:36:34.031, 116.95 W, 98 %
2025/12/05 13:36:34.131, 116.94 W, 98 %
2025/12/05 13:36:34.231, 116.97 W, 98 %
2025/12/05 13:36:34.331, 116.99 W, 98 %
2025/12/05 13:36:34.431, 116.96 W, 98 %
2025/12/05 13:36:34.531, 116.95 W, 98 %
2025/12/05 13:36:34.632, 116.95 W, 98 %
2025/12/05 13:36:34.732, 116.93 W, 98 %
2025/12/05 13:36:34.832, 116.96 W, 98 %
2025/12/05 13:36:34.932, 116.92 W, 98 %
2025/12/05 13:36:35.032, 116.93 W, 98 %
2025/12/05 13:36:35.132, 116.92 W, 98 %
2025/12/05 13:36:35.232, 116.92 W, 98 %
2025/12/05 13:36:35.333, 116.88 W, 98 %
2025/12/05 13:36:35.433, 116.88 W, 98 %
2025/12/05 13:36:35.533, 116.88 W, 98 %
2025/12/05 13:36:35.633, 116.88 W, 98 %
2025/12/05 13:36:35.733, 116.81 W, 98 %
2025/12/05 13:36:35.833, 116.87 W, 98 %
2025/12/05 13:36:35.933, 116.84 W, 98 %
2025/12/05 13:36:36.034, 116.87 W, 98 %
2025/12/05 13:36:36.134, 116.88 W, 98 %
2025/12/05 13:36:36.234, 116.86 W, 98 %
2025/12/05 13:36:36.334, 116.87 W, 98 %
2025/12/05 13:36:36.434, 116.89 W, 98 %
2025/12/05 13:36:36.534, 116.85 W, 98 %
2025/12/05 13:36:36.634, 116.89 W, 98 %
2025/12/05 13:36:36.735, 116.93 W, 98 %
2025/12/05 13:36:36.835, 116.99 W, 98 %
2025/12/05 13:36:36.935, 117.00 W, 98 %
2025/12/05 13:36:37.035, 116.99 W, 98 %
2025/12/05 13:36:37.135, 117.01 W, 98 %
2025/12/05 13:36:37.235, 116.99 W, 98 %
2025/12/05 13:36:37.335, 116.98 W, 98 %
2025/12/05 13:36:37.436, 116.98 W, 98 %
2025/12/05 13:36:37.536, 116.95 W, 98 %
2025/12/05 13:36:37.636, 116.96 W, 98 %
2025/12/05 13:36:37.736, 116.95 W, 98 %
2025/12/05 13:36:37.836, 116.89 W, 98 %
2025/12/05 13:36:37.936, 116.89 W, 98 %
2025/12/05 13:36:38.036, 116.88 W, 98 %
2025/12/05 13:36:38.137, 116.88 W, 98 %
2025/12/05 13:36:38.237, 116.84 W, 98 %
2025/12/05 13:36:38.337, 116.83 W, 98 %
2025/12/05 13:36:38.437, 116.86 W, 98 %
2025/12/05 13:36:38.537, 116.83 W, 98 %
2025/12/05 13:36:38.637, 116.83 W, 98 %
2025/12/05 13:36:38.737, 116.88 W, 98 %
2025/12/05 13:36:38.838, 116.85 W, 98 %
2025/12/05 13:36:38.938, 116.88 W, 98 %
2025/12/05 13:36:39.038, 116.87 W, 98 %
2025/12/05 13:36:39.138, 116.85 W, 98 %
2025/12/05 13:36:39.238, 116.85 W, 98 %
2025/12/05 13:36:39.338, 116.81 W, 98 %
2025/12/05 13:36:39.438, 116.82 W, 98 %
2025/12/05 13:36:39.539, 116.82 W, 98 %
2025/12/05 13:36:39.639, 116.83 W, 98 %
2025/12/05 13:36:39.739, 116.89 W, 98 %
2025/12/05 13:36:39.839, 116.88 W, 98 %
2025/12/05 13:36:39.939, 116.90 W, 98 %
2025/12/05 13:36:40.039, 116.91 W, 98 %
2025/12/05 13:36:40.139, 116.91 W, 98 %
2025/12/05 13:36:40.240, 116.94 W, 98 %
2025/12/05 13:36:40.340, 116.96 W, 98 %
2025/12/05 13:36:40.440, 117.00 W, 98 %
2025/12/05 13:36:40.540, 117.05 W, 98 %
2025/12/05 13:36:40.640, 117.04 W, 98 %
2025/12/05 13:36:40.740, 117.06 W, 98 %
2025/12/05 13:36:40.840, 117.03 W, 98 %
2025/12/05 13:36:40.941, 116.98 W, 98 %
2025/12/05 13:36:41.041, 116.98 W, 98 %
2025/12/05 13:36:41.141, 116.97 W, 98 %
2025/12/05 13:36:41.241, 116.96 W, 98 %
2025/12/05 13:36:41.341, 116.93 W, 98 %
2025/12/05 13:36:41.441, 116.95 W, 98 %
2025/12/05 13:36:41.541, 116.96 W, 98 %
2025/12/05 13:36:41.642, 116.96 W, 98 %
2025/12/05 13:36:41.742, 116.94 W, 98 %
2025/12/05 13:36:41.842, 116.94 W, 98 %
2025/12/05 13:36:41.942, 116.98 W, 98 %
2025/12/05 13:36:42.042, 116.97 W, 98 %
2025/12/05 13:36:42.142, 116.96 W, 98 %
2025/12/05 13:36:42.242, 116.94 W, 98 %
2025/12/05 13:36:42.343, 116.95 W, 98 %
2025/12/05 13:36:42.443, 116.99 W, 98 %
2025/12/05 13:36:42.543, 116.96 W, 98 %
2025/12/05 13:36:42.643, 116.94 W, 98 %
2025/12/05 13:36:42.743, 116.92 W, 98 %
2025/12/05 13:36:42.843, 116.93 W, 98 %
2025/12/05 13:36:42.944, 116.92 W, 98 %
2025/12/05 13:36:43.044, 116.87 W, 98 %
2025/12/05 13:36:43.144, 116.89 W, 98 %
2025/12/05 13:36:43.244, 116.92 W, 98 %
2025/12/05 13:36:43.344, 116.92 W, 98 %
2025/12/05 13:36:43.444, 116.92 W, 98 %
2025/12/05 13:36:43.544, 116.90 W, 98 %
2025/12/05 13:36:43.645, 116.91 W, 98 %
2025/12/05 13:36:43.745, 116.91 W, 98 %
2025/12/05 13:36:43.845, 116.88 W, 98 %
2025/12/05 13:36:43.945, 116.85 W, 98 %
2025/12/05 13:36:44.045, 116.82 W, 98 %
2025/12/05 13:36:44.145, 116.81 W, 98 %
2025/12/05 13:36:44.245, 116.82 W, 98 %
2025/12/05 13:36:44.346, 116.78 W, 98 %
2025/12/05 13:36:44.446, 116.79 W, 98 %
2025/12/05 13:36:44.546, 116.77 W, 98 %
2025/12/05 13:36:44.646, 116.75 W, 98 %
2025/12/05 13:36:44.746, 116.76 W, 98 %
2025/12/05 13:36:44.846, 116.78 W, 98 %
2025/12/05 13:36:44.946, 116.82 W, 98 %
2025/12/05 13:36:45.047, 116.85 W, 98 %
2025/12/05 13:36:45.147, 116.86 W, 98 %
2025/12/05 13:36:45.247, 116.88 W, 98 %
2025/12/05 13:36:45.347, 116.89 W, 98 %
2025/12/05 13:36:45.447, 116.91 W, 98 %
2025/12/05 13:36:45.547, 116.92 W, 98 %
2025/12/05 13:36:45.647, 116.92 W, 98 %
2025/12/05 13:36:45.748, 116.94 W, 98 %
2025/12/05 13:36:45.848, 116.96 W, 98 %
2025/12/05 13:36:45.948, 116.90 W, 98 %
2025/12/05 13:36:46.048, 116.91 W, 98 %
2025/12/05 13:36:46.148, 116.93 W, 98 %
2025/12/05 13:36:46.248, 116.94 W, 98 %
2025/12/05 13:36:46.348, 116.96 W, 98 %
2025/12/05 13:36:46.449, 116.93 W, 98 %
2025/12/05 13:36:46.549, 116.96 W, 98 %
2025/12/05 13:36:46.649, 116.95 W, 98 %
2025/12/05 13:36:46.749, 116.95 W, 98 %
2025/12/05 13:36:46.849, 116.97 W, 98 %
2025/12/05 13:36:46.949, 116.93 W, 98 %
2025/12/05 13:36:47.049, 116.97 W, 98 %
2025/12/05 13:36:47.150, 116.99 W, 98 %
2025/12/05 13:36:47.250, 116.95 W, 98 %
2025/12/05 13:36:47.350, 116.93 W, 98 %
2025/12/05 13:36:47.450, 116.91 W, 98 %
2025/12/05 13:36:47.550, 116.93 W, 98 %
2025/12/05 13:36:47.650, 116.90 W, 98 %
2025/12/05 13:36:47.750, 116.90 W, 98 %
2025/12/05 13:36:47.851, 116.92 W, 98 %
2025/12/05 13:36:47.951, 116.90 W, 98 %
2025/12/05 13:36:48.051, 116.92 W, 98 %
2025/12/05 13:36:48.151, 116.95 W, 98 %
2025/12/05 13:36:48.251, 116.93 W, 98 %
2025/12/05 13:36:48.351, 116.94 W, 98 %
2025/12/05 13:36:48.451, 116.94 W, 98 %
2025/12/05 13:36:48.552, 116.92 W, 98 %
2025/12/05 13:36:48.652, 116.91 W, 98 %
2025/12/05 13:36:48.752, 116.90 W, 98 %
2025/12/05 13:36:48.852, 116.89 W, 98 %
2025/12/05 13:36:48.952, 116.89 W, 98 %
2025/12/05 13:36:49.052, 116.83 W, 98 %
2025/12/05 13:36:49.152, 116.84 W, 98 %
2025/12/05 13:36:49.253, 116.83 W, 98 %
2025/12/05 13:36:49.353, 116.83 W, 98 %
2025/12/05 13:36:49.453, 116.88 W, 98 %
2025/12/05 13:36:49.553, 116.91 W, 98 %
2025/12/05 13:36:49.653, 116.96 W, 98 %
2025/12/05 13:36:49.753, 116.97 W, 98 %
2025/12/05 13:36:49.853, 116.96 W, 98 %
2025/12/05 13:36:49.954, 116.99 W, 98 %
2025/12/05 13:36:50.054, 117.00 W, 98 %
2025/12/05 13:36:50.154, 117.05 W, 98 %
2025/12/05 13:36:50.254, 117.07 W, 98 %
2025/12/05 13:36:50.354, 117.00 W, 98 %
2025/12/05 13:36:50.454, 117.01 W, 98 %
2025/12/05 13:36:50.554, 116.97 W, 98 %
2025/12/05 13:36:50.655, 116.93 W, 98 %
2025/12/05 13:36:50.755, 116.91 W, 98 %
2025/12/05 13:36:50.855, 116.92 W, 98 %
2025/12/05 13:36:50.955, 116.95 W, 98 %
2025/12/05 13:36:51.055, 116.95 W, 98 %
2025/12/05 13:36:51.155, 116.91 W, 98 %
2025/12/05 13:36:51.255, 116.91 W, 98 %
2025/12/05 13:36:51.356, 116.90 W, 98 %
2025/12/05 13:36:51.456, 116.92 W, 98 %
2025/12/05 13:36:51.556, 116.90 W, 98 %
2025/12/05 13:36:51.656, 116.87 W, 98 %
2025/12/05 13:36:51.756, 116.87 W, 98 %
2025/12/05 13:36:51.856, 116.89 W, 98 %
2025/12/05 13:36:51.956, 116.85 W, 98 %
2025/12/05 13:36:52.057, 116.87 W, 98 %
2025/12/05 13:36:52.157, 116.86 W, 98 %
2025/12/05 13:36:52.257, 116.87 W, 98 %
2025/12/05 13:36:52.357, 116.86 W, 98 %
2025/12/05 13:36:52.457, 116.80 W, 98 %
2025/12/05 13:36:52.557, 116.82 W, 98 %
2025/12/05 13:36:52.657, 116.83 W, 98 %
2025/12/05 13:36:52.758, 116.85 W, 98 %
2025/12/05 13:36:52.858, 116.89 W, 98 %
2025/12/05 13:36:52.958, 116.90 W, 98 %
2025/12/05 13:36:53.058, 116.94 W, 98 %
2025/12/05 13:36:53.158, 116.92 W, 98 %
2025/12/05 13:36:53.258, 116.90 W, 98 %
2025/12/05 13:36:53.358, 116.92 W, 98 %
2025/12/05 13:36:53.459, 116.93 W, 98 %
2025/12/05 13:36:53.559, 116.97 W, 98 %
2025/12/05 13:36:53.659, 116.99 W, 98 %
2025/12/05 13:36:53.759, 116.97 W, 98 %
2025/12/05 13:36:53.859, 116.94 W, 98 %
2025/12/05 13:36:53.959, 116.92 W, 98 %
2025/12/05 13:36:54.059, 116.86 W, 98 %
2025/12/05 13:36:54.160, 116.85 W, 98 %
2025/12/05 13:36:54.260, 116.88 W, 98 %
2025/12/05 13:36:54.360, 116.92 W, 98 %
2025/12/05 13:36:54.460, 116.93 W, 98 %
2025/12/05 13:36:54.560, 116.91 W, 98 %
2025/12/05 13:36:54.660, 116.91 W, 98 %
2025/12/05 13:36:54.760, 116.88 W, 98 %
2025/12/05 13:36:54.861, 116.88 W, 98 %
2025/12/05 13:36:54.961, 116.94 W, 98 %
2025/12/05 13:36:55.061, 116.93 W, 98 %
2025/12/05 13:36:55.161, 116.94 W, 98 %
2025/12/05 13:36:55.261, 116.92 W, 98 %
2025/12/05 13:36:55.361, 116.91 W, 98 %
2025/12/05 13:36:55.461, 116.90 W, 98 %
2025/12/05 13:36:55.562, 116.88 W, 98 %
2025/12/05 13:36:55.662, 116.86 W, 98 %
2025/12/05 13:36:55.762, 116.80 W, 98 %
2025/12/05 13:36:55.862, 116.82 W, 98 %
2025/12/05 13:36:55.962, 116.80 W, 98 %
2025/12/05 13:36:56.062, 116.79 W, 98 %
2025/12/05 13:36:56.162, 116.76 W, 98 %
2025/12/05 13:36:56.263, 116.79 W, 98 %
2025/12/05 13:36:56.363, 116.78 W, 98 %
2025/12/05 13:36:56.463, 116.72 W, 98 %
2025/12/05 13:36:56.563, 116.71 W, 98 %
2025/12/05 13:36:56.663, 116.74 W, 98 %
2025/12/05 13:36:56.763, 116.77 W, 98 %
2025/12/05 13:36:56.863, 116.85 W, 98 %
2025/12/05 13:36:56.964, 116.78 W, 98 %
2025/12/05 13:36:57.064, 116.83 W, 98 %
2025/12/05 13:36:57.164, 116.82 W, 98 %
2025/12/05 13:36:57.264, 116.84 W, 98 %
2025/12/05 13:36:57.364, 116.86 W, 98 %
2025/12/05 13:36:57.464, 116.88 W, 98 %
2025/12/05 13:36:57.564, 116.90 W, 98 %
2025/12/05 13:36:57.665, 116.90 W, 98 %
2025/12/05 13:36:57.765, 116.83 W, 98 %
2025/12/05 13:36:57.865, 116.83 W, 98 %
2025/12/05 13:36:57.965, 116.84 W, 98 %
2025/12/05 13:36:58.065, 116.85 W, 98 %
2025/12/05 13:36:58.165, 116.84 W, 98 %
2025/12/05 13:36:58.265, 116.85 W, 98 %
2025/12/05 13:36:58.366, 116.85 W, 98 %
2025/12/05 13:36:58.466, 116.84 W, 98 %
2025/12/05 13:36:58.566, 116.81 W, 98 %
2025/12/05 13:36:58.666, 116.85 W, 98 %
2025/12/05 13:36:58.766, 116.87 W, 98 %
2025/12/05 13:36:58.866, 116.89 W, 98 %
2025/12/05 13:36:58.966, 116.91 W, 98 %
2025/12/05 13:36:59.067, 116.64 W, 98 %
2025/12/05 13:36:59.167, 116.68 W, 98 %
2025/12/05 13:36:59.267, 116.67 W, 98 %
2025/12/05 13:36:59.367, 116.64 W, 98 %
2025/12/05 13:36:59.467, 116.66 W, 98 %
2025/12/05 13:36:59.567, 116.67 W, 98 %
2025/12/05 13:36:59.667, 116.71 W, 98 %
2025/12/05 13:36:59.768, 116.71 W, 98 %
2025/12/05 13:36:59.868, 116.72 W, 98 %
2025/12/05 13:36:59.968, 116.75 W, 98 %
2025/12/05 13:37:00.068, 116.76 W, 98 %
2025/12/05 13:37:00.168, 117.00 W, 98 %
2025/12/05 13:37:00.268, 117.00 W, 98 %
2025/12/05 13:37:00.368, 117.00 W, 98 %
2025/12/05 13:37:00.469, 117.03 W, 98 %
2025/12/05 13:37:00.569, 117.01 W, 98 %
2025/12/05 13:37:00.669, 116.98 W, 98 %
2025/12/05 13:37:00.769, 116.97 W, 98 %
2025/12/05 13:37:00.869, 116.97 W, 98 %
2025/12/05 13:37:00.969, 116.92 W, 98 %
2025/12/05 13:37:01.069, 116.91 W, 98 %
2025/12/05 13:37:01.170, 116.91 W, 98 %
2025/12/05 13:37:01.270, 116.89 W, 98 %
2025/12/05 13:37:01.370, 116.91 W, 98 %
2025/12/05 13:37:01.470, 116.89 W, 98 %
2025/12/05 13:37:01.570, 116.89 W, 98 %
2025/12/05 13:37:01.670, 116.90 W, 98 %
2025/12/05 13:37:01.770, 116.90 W, 98 %
2025/12/05 13:37:01.871, 116.88 W, 98 %
2025/12/05 13:37:01.971, 116.87 W, 98 %
2025/12/05 13:37:02.071, 116.90 W, 98 %
2025/12/05 13:37:02.171, 116.87 W, 98 %
2025/12/05 13:37:02.271, 116.84 W, 98 %
2025/12/05 13:37:02.371, 116.85 W, 98 %
2025/12/05 13:37:02.471, 116.83 W, 98 %
2025/12/05 13:37:02.572, 116.81 W, 98 %
2025/12/05 13:37:02.672, 116.84 W, 98 %
2025/12/05 13:37:02.772, 116.81 W, 98 %
2025/12/05 13:37:02.872, 116.82 W, 98 %
2025/12/05 13:37:02.972, 116.83 W, 98 %
2025/12/05 13:37:03.072, 116.84 W, 98 %
2025/12/05 13:37:03.172, 116.84 W, 98 %
2025/12/05 13:37:03.273, 116.84 W, 98 %
2025/12/05 13:37:03.373, 116.83 W, 98 %
2025/12/05 13:37:03.473, 116.83 W, 98 %
2025/12/05 13:37:03.573, 116.82 W, 98 %
2025/12/05 13:37:03.673, 116.87 W, 98 %
2025/12/05 13:37:03.773, 116.82 W, 98 %
2025/12/05 13:37:03.873, 116.85 W, 98 %
2025/12/05 13:37:03.974, 116.86 W, 98 %
2025/12/05 13:37:04.074, 116.82 W, 98 %
2025/12/05 13:37:04.174, 116.79 W, 98 %
2025/12/05 13:37:04.274, 116.78 W, 98 %
2025/12/05 13:37:04.374, 116.79 W, 98 %
2025/12/05 13:37:04.474, 116.82 W, 98 %
2025/12/05 13:37:04.574, 116.83 W, 98 %
2025/12/05 13:37:04.675, 116.86 W, 98 %
2025/12/05 13:37:04.775, 116.83 W, 98 %
2025/12/05 13:37:04.875, 116.84 W, 98 %
2025/12/05 13:37:04.975, 116.86 W, 98 %
2025/12/05 13:37:05.075, 116.87 W, 98 %
2025/12/05 13:37:05.175, 116.90 W, 98 %
2025/12/05 13:37:05.275, 116.91 W, 98 %
2025/12/05 13:37:05.376, 116.92 W, 98 %
2025/12/05 13:37:05.476, 116.93 W, 98 %
2025/12/05 13:37:05.576, 116.93 W, 98 %
2025/12/05 13:37:05.676, 116.93 W, 98 %
2025/12/05 13:37:05.776, 116.92 W, 98 %
2025/12/05 13:37:05.876, 116.93 W, 98 %
2025/12/05 13:37:05.977, 116.93 W, 98 %
2025/12/05 13:37:06.077, 116.90 W, 98 %
2025/12/05 13:37:06.177, 116.86 W, 98 %
2025/12/05 13:37:06.277, 116.90 W, 98 %
2025/12/05 13:37:06.377, 116.92 W, 98 %
2025/12/05 13:37:06.477, 116.89 W, 98 %
2025/12/05 13:37:06.577, 116.90 W, 98 %
2025/12/05 13:37:06.678, 116.90 W, 98 %
2025/12/05 13:37:06.778, 116.90 W, 98 %
2025/12/05 13:37:06.878, 116.90 W, 98 %
2025/12/05 13:37:06.978, 116.88 W, 98 %
2025/12/05 13:37:07.078, 116.87 W, 98 %
2025/12/05 13:37:07.178, 116.87 W, 98 %
2025/12/05 13:37:07.278, 116.90 W, 98 %
2025/12/05 13:37:07.379, 116.86 W, 98 %
2025/12/05 13:37:07.479, 116.82 W, 98 %
2025/12/05 13:37:07.579, 116.83 W, 98 %
2025/12/05 13:37:07.679, 116.81 W, 98 %
2025/12/05 13:37:07.779, 116.78 W, 98 %
2025/12/05 13:37:07.879, 116.79 W, 98 %
2025/12/05 13:37:07.979, 116.79 W, 98 %
2025/12/05 13:37:08.080, 116.81 W, 98 %
2025/12/05 13:37:08.180, 116.82 W, 98 %
2025/12/05 13:37:08.280, 116.75 W, 98 %
2025/12/05 13:37:08.380, 116.73 W, 98 %
2025/12/05 13:37:08.480, 116.74 W, 98 %
2025/12/05 13:37:08.580, 116.72 W, 98 %
2025/12/05 13:37:08.680, 116.71 W, 98 %
2025/12/05 13:37:08.781, 116.69 W, 98 %
2025/12/05 13:37:08.881, 116.65 W, 98 %
2025/12/05 13:37:08.981, 116.64 W, 98 %
2025/12/05 13:37:09.081, 116.57 W, 98 %
2025/12/05 13:37:09.181, 116.58 W, 98 %
2025/12/05 13:37:09.281, 116.61 W, 98 %
2025/12/05 13:37:09.381, 116.68 W, 98 %
2025/12/05 13:37:09.482, 116.71 W, 98 %
2025/12/05 13:37:09.582, 116.71 W, 98 %
2025/12/05 13:37:09.682, 116.73 W, 98 %
2025/12/05 13:37:09.782, 116.73 W, 98 %
2025/12/05 13:37:09.882, 116.78 W, 98 %
2025/12/05 13:37:09.982, 116.85 W, 98 %
2025/12/05 13:37:10.082, 116.85 W, 98 %
2025/12/05 13:37:10.183, 116.90 W, 98 %
2025/12/05 13:37:10.283, 116.92 W, 98 %
2025/12/05 13:37:10.383, 116.87 W, 98 %
2025/12/05 13:37:10.483, 116.87 W, 98 %
2025/12/05 13:37:10.583, 116.85 W, 98 %
2025/12/05 13:37:10.683, 116.87 W, 98 %
2025/12/05 13:37:10.783, 116.87 W, 98 %
2025/12/05 13:37:10.884, 116.81 W, 98 %
2025/12/05 13:37:10.984, 116.78 W, 98 %
2025/12/05 13:37:11.084, 116.77 W, 98 %
2025/12/05 13:37:11.184, 116.75 W, 98 %
2025/12/05 13:37:11.284, 116.76 W, 98 %
2025/12/05 13:37:11.384, 116.75 W, 98 %
2025/12/05 13:37:11.484, 116.79 W, 98 %
2025/12/05 13:37:11.585, 116.82 W, 98 %
2025/12/05 13:37:11.685, 116.79 W, 98 %
2025/12/05 13:37:11.785, 116.80 W, 98 %
2025/12/05 13:37:11.885, 116.82 W, 98 %
2025/12/05 13:37:11.985, 116.85 W, 98 %
2025/12/05 13:37:12.085, 116.86 W, 98 %
2025/12/05 13:37:12.185, 116.75 W, 98 %
2025/12/05 13:37:12.286, 116.75 W, 98 %
2025/12/05 13:37:12.386, 116.78 W, 98 %
2025/12/05 13:37:12.486, 116.76 W, 98 %
2025/12/05 13:37:12.586, 116.76 W, 98 %
2025/12/05 13:37:12.686, 116.76 W, 98 %
2025/12/05 13:37:12.786, 116.77 W, 98 %
2025/12/05 13:37:12.886, 116.79 W, 98 %
2025/12/05 13:37:12.987, 116.79 W, 98 %
2025/12/05 13:37:13.087, 116.81 W, 98 %
2025/12/05 13:37:13.187, 116.85 W, 98 %
2025/12/05 13:37:13.287, 116.97 W, 98 %
2025/12/05 13:37:13.387, 117.00 W, 98 %
2025/12/05 13:37:13.487, 116.95 W, 98 %
2025/12/05 13:37:13.587, 116.92 W, 98 %
2025/12/05 13:37:13.688, 116.87 W, 98 %
2025/12/05 13:37:13.788, 116.80 W, 98 %
2025/12/05 13:37:13.888, 116.80 W, 98 %
2025/12/05 13:37:13.988, 116.76 W, 98 %
2025/12/05 13:37:14.088, 116.78 W, 98 %
2025/12/05 13:37:14.188, 116.79 W, 98 %
2025/12/05 13:37:14.288, 116.74 W, 98 %
2025/12/05 13:37:14.389, 116.75 W, 98 %
2025/12/05 13:37:14.489, 116.74 W, 98 %
2025/12/05 13:37:14.589, 116.75 W, 98 %
2025/12/05 13:37:14.689, 116.79 W, 98 %
2025/12/05 13:37:14.789, 116.82 W, 98 %
2025/12/05 13:37:14.889, 116.87 W, 98 %
2025/12/05 13:37:14.989, 116.88 W, 98 %
2025/12/05 13:37:15.090, 116.85 W, 98 %
2025/12/05 13:37:15.190, 116.83 W, 98 %
2025/12/05 13:37:15.290, 116.84 W, 98 %
2025/12/05 13:37:15.390, 116.82 W, 98 %
2025/12/05 13:37:15.490, 116.78 W, 98 %
2025/12/05 13:37:15.590, 116.77 W, 98 %
2025/12/05 13:37:15.690, 116.81 W, 98 %
2025/12/05 13:37:15.791, 116.80 W, 98 %
2025/12/05 13:37:15.891, 116.81 W, 98 %
2025/12/05 13:37:15.991, 116.82 W, 98 %
2025/12/05 13:37:16.091, 116.83 W, 98 %
2025/12/05 13:37:16.191, 116.87 W, 98 %
2025/12/05 13:37:16.291, 116.88 W, 98 %
2025/12/05 13:37:16.391, 116.86 W, 98 %
2025/12/05 13:37:16.492, 116.89 W, 98 %
2025/12/05 13:37:16.592, 116.94 W, 98 %
2025/12/05 13:37:16.692, 116.90 W, 98 %
2025/12/05 13:37:16.792, 116.91 W, 98 %
2025/12/05 13:37:16.892, 116.89 W, 98 %
2025/12/05 13:37:16.992, 116.89 W, 98 %
2025/12/05 13:37:17.092, 116.89 W, 98 %
2025/12/05 13:37:17.193, 116.84 W, 98 %
2025/12/05 13:37:17.293, 116.86 W, 98 %
2025/12/05 13:37:17.393, 116.89 W, 98 %
2025/12/05 13:37:17.493, 116.90 W, 98 %
2025/12/05 13:37:17.593, 116.90 W, 98 %
2025/12/05 13:37:17.693, 116.85 W, 98 %
2025/12/05 13:37:17.794, 116.88 W, 98 %
2025/12/05 13:37:17.894, 116.85 W, 98 %
2025/12/05 13:37:17.994, 116.83 W, 98 %
2025/12/05 13:37:18.094, 116.81 W, 98 %
2025/12/05 13:37:18.194, 116.82 W, 98 %
2025/12/05 13:37:18.294, 116.86 W, 98 %
2025/12/05 13:37:18.394, 116.85 W, 98 %
2025/12/05 13:37:18.495, 116.81 W, 98 %
2025/12/05 13:37:18.595, 116.82 W, 98 %
2025/12/05 13:37:18.695, 116.85 W, 98 %
2025/12/05 13:37:18.795, 116.87 W, 98 %
2025/12/05 13:37:18.895, 116.87 W, 98 %
2025/12/05 13:37:18.995, 116.85 W, 98 %
2025/12/05 13:37:19.095, 116.91 W, 98 %
2025/12/05 13:37:19.196, 116.92 W, 98 %
2025/12/05 13:37:19.296, 116.91 W, 98 %
2025/12/05 13:37:19.396, 116.92 W, 98 %
2025/12/05 13:37:19.496, 116.93 W, 98 %
2025/12/05 13:37:19.596, 116.93 W, 98 %
2025/12/05 13:37:19.696, 116.92 W, 98 %
2025/12/05 13:37:19.796, 116.88 W, 98 %
2025/12/05 13:37:19.897, 116.93 W, 98 %
2025/12/05 13:37:19.997, 116.95 W, 98 %
2025/12/05 13:37:20.097, 116.96 W, 98 %
2025/12/05 13:37:20.197, 116.95 W, 98 %
2025/12/05 13:37:20.297, 116.91 W, 98 %
2025/12/05 13:37:20.397, 116.90 W, 98 %
2025/12/05 13:37:20.497, 116.91 W, 98 %
2025/12/05 13:37:20.598, 116.88 W, 98 %
2025/12/05 13:37:20.698, 116.90 W, 98 %
2025/12/05 13:37:20.798, 116.90 W, 98 %
2025/12/05 13:37:20.898, 116.87 W, 98 %
2025/12/05 13:37:20.998, 116.85 W, 98 %
2025/12/05 13:37:21.098, 116.80 W, 98 %
2025/12/05 13:37:21.198, 116.79 W, 98 %
2025/12/05 13:37:21.299, 116.79 W, 98 %
2025/12/05 13:37:21.399, 116.82 W, 98 %
2025/12/05 13:37:21.499, 116.81 W, 98 %
2025/12/05 13:37:21.599, 116.80 W, 98 %
2025/12/05 13:37:21.699, 116.82 W, 98 %
2025/12/05 13:37:21.799, 116.83 W, 98 %
2025/12/05 13:37:21.899, 116.81 W, 98 %
2025/12/05 13:37:22.000, 116.85 W, 98 %
2025/12/05 13:37:22.100, 116.84 W, 98 %
2025/12/05 13:37:22.200, 116.86 W, 98 %
2025/12/05 13:37:22.300, 116.87 W, 98 %
2025/12/05 13:37:22.400, 116.83 W, 98 %
2025/12/05 13:37:22.500, 116.87 W, 98 %
2025/12/05 13:37:22.600, 116.89 W, 98 %
2025/12/05 13:37:22.701, 116.87 W, 98 %
2025/12/05 13:37:22.801, 116.89 W, 98 %
2025/12/05 13:37:22.901, 116.88 W, 98 %
2025/12/05 13:37:23.001, 116.91 W, 98 %
2025/12/05 13:37:23.101, 116.90 W, 98 %
2025/12/05 13:37:23.201, 116.87 W, 98 %
2025/12/05 13:37:23.301, 116.88 W, 98 %
2025/12/05 13:37:23.402, 116.89 W, 98 %
2025/12/05 13:37:23.502, 116.93 W, 98 %
2025/12/05 13:37:23.602, 116.90 W, 98 %
2025/12/05 13:37:23.702, 116.90 W, 98 %
2025/12/05 13:37:23.802, 116.89 W, 98 %
2025/12/05 13:37:23.902, 116.86 W, 98 %
2025/12/05 13:37:24.002, 116.82 W, 98 %
2025/12/05 13:37:24.103, 116.82 W, 98 %
2025/12/05 13:37:24.203, 116.81 W, 98 %
2025/12/05 13:37:24.303, 116.86 W, 98 %
2025/12/05 13:37:24.403, 116.87 W, 98 %
2025/12/05 13:37:24.503, 116.83 W, 98 %
2025/12/05 13:37:24.603, 116.82 W, 98 %
2025/12/05 13:37:24.703, 116.85 W, 98 %
2025/12/05 13:37:24.804, 116.80 W, 98 %
2025/12/05 13:37:24.904, 116.85 W, 98 %
2025/12/05 13:37:25.004, 116.87 W, 98 %
2025/12/05 13:37:25.104, 116.86 W, 98 %
2025/12/05 13:37:25.204, 116.88 W, 98 %
2025/12/05 13:37:25.304, 116.85 W, 98 %
2025/12/05 13:37:25.404, 116.84 W, 98 %
2025/12/05 13:37:25.505, 116.80 W, 98 %
2025/12/05 13:37:25.605, 116.79 W, 98 %
2025/12/05 13:37:25.705, 116.78 W, 98 %
2025/12/05 13:37:25.805, 116.76 W, 98 %
2025/12/05 13:37:25.905, 116.78 W, 98 %
2025/12/05 13:37:26.005, 116.76 W, 98 %
2025/12/05 13:37:26.105, 116.71 W, 98 %
2025/12/05 13:37:26.206, 116.71 W, 98 %
2025/12/05 13:37:26.306, 116.70 W, 98 %
2025/12/05 13:37:26.406, 116.71 W, 98 %
2025/12/05 13:37:26.506, 116.71 W, 98 %
2025/12/05 13:37:26.606, 116.70 W, 98 %
2025/12/05 13:37:26.706, 116.71 W, 98 %
2025/12/05 13:37:26.807, 116.71 W, 98 %
2025/12/05 13:37:26.907, 116.70 W, 98 %
2025/12/05 13:37:27.007, 116.71 W, 98 %
2025/12/05 13:37:27.107, 116.69 W, 98 %
2025/12/05 13:37:27.207, 116.72 W, 98 %
2025/12/05 13:37:27.307, 116.76 W, 98 %
2025/12/05 13:37:27.407, 116.72 W, 98 %
2025/12/05 13:37:27.508, 116.76 W, 98 %
2025/12/05 13:37:27.608, 116.75 W, 98 %
2025/12/05 13:37:27.708, 116.76 W, 98 %
2025/12/05 13:37:27.808, 116.78 W, 98 %
2025/12/05 13:37:27.908, 116.75 W, 98 %
2025/12/05 13:37:28.008, 116.73 W, 98 %
2025/12/05 13:37:28.108, 116.75 W, 98 %
2025/12/05 13:37:28.209, 116.73 W, 98 %
2025/12/05 13:37:28.309, 116.74 W, 98 %
2025/12/05 13:37:28.409, 116.72 W, 98 %
2025/12/05 13:37:28.509, 116.73 W, 98 %
2025/12/05 13:37:28.609, 116.65 W, 98 %
2025/12/05 13:37:28.709, 116.62 W, 98 %
2025/12/05 13:37:28.809, 116.66 W, 98 %
2025/12/05 13:37:28.910, 116.69 W, 98 %
2025/12/05 13:37:29.010, 116.74 W, 98 %
2025/12/05 13:37:29.110, 116.76 W, 98 %
2025/12/05 13:37:29.210, 116.75 W, 98 %
2025/12/05 13:37:29.310, 116.76 W, 98 %
2025/12/05 13:37:29.410, 116.76 W, 98 %
2025/12/05 13:37:29.510, 116.76 W, 98 %
2025/12/05 13:37:29.611, 116.80 W, 98 %
2025/12/05 13:37:29.711, 116.86 W, 98 %
2025/12/05 13:37:29.811, 116.85 W, 98 %
2025/12/05 13:37:29.911, 116.77 W, 98 %
2025/12/05 13:37:30.011, 116.75 W, 98 %
2025/12/05 13:37:30.111, 116.74 W, 98 %
2025/12/05 13:37:30.211, 116.71 W, 98 %
2025/12/05 13:37:30.312, 116.73 W, 98 %
2025/12/05 13:37:30.412, 116.74 W, 98 %
2025/12/05 13:37:30.512, 116.70 W, 98 %
2025/12/05 13:37:30.612, 116.69 W, 98 %
2025/12/05 13:37:30.712, 116.69 W, 98 %
2025/12/05 13:37:30.812, 116.72 W, 98 %
2025/12/05 13:37:30.912, 116.73 W, 98 %
2025/12/05 13:37:31.013, 116.75 W, 98 %
2025/12/05 13:37:31.113, 116.75 W, 98 %
2025/12/05 13:37:31.213, 116.75 W, 98 %
2025/12/05 13:37:31.313, 116.79 W, 98 %
2025/12/05 13:37:31.413, 116.79 W, 98 %
2025/12/05 13:37:31.513, 116.74 W, 98 %
2025/12/05 13:37:31.613, 116.79 W, 98 %
2025/12/05 13:37:31.714, 116.78 W, 98 %
2025/12/05 13:37:31.814, 116.79 W, 98 %
2025/12/05 13:37:31.914, 116.78 W, 98 %
2025/12/05 13:37:32.014, 116.74 W, 98 %
2025/12/05 13:37:32.114, 116.78 W, 98 %
2025/12/05 13:37:32.214, 116.81 W, 98 %
2025/12/05 13:37:32.314, 116.81 W, 98 %
2025/12/05 13:37:32.415, 116.82 W, 98 %
2025/12/05 13:37:32.515, 116.78 W, 98 %
2025/12/05 13:37:32.615, 116.82 W, 98 %
2025/12/05 13:37:32.715, 116.80 W, 98 %
2025/12/05 13:37:32.815, 116.78 W, 98 %
2025/12/05 13:37:32.915, 116.76 W, 98 %
2025/12/05 13:37:33.015, 116.79 W, 98 %
2025/12/05 13:37:33.116, 116.81 W, 98 %
2025/12/05 13:37:33.216, 116.78 W, 98 %
2025/12/05 13:37:33.316, 116.72 W, 98 %
2025/12/05 13:37:33.416, 116.70 W, 98 %
2025/12/05 13:37:33.516, 116.71 W, 98 %
2025/12/05 13:37:33.616, 116.71 W, 98 %
2025/12/05 13:37:33.716, 116.71 W, 98 %
2025/12/05 13:37:33.817, 116.64 W, 98 %
2025/12/05 13:37:33.917, 116.65 W, 98 %
2025/12/05 13:37:34.017, 116.67 W, 98 %
2025/12/05 13:37:34.117, 116.64 W, 98 %
2025/12/05 13:37:34.217, 116.64 W, 98 %
2025/12/05 13:37:34.317, 116.64 W, 98 %
2025/12/05 13:37:34.417, 116.68 W, 98 %
2025/12/05 13:37:34.518, 116.72 W, 98 %
2025/12/05 13:37:34.618, 116.65 W, 98 %
2025/12/05 13:37:34.718, 116.69 W, 98 %
2025/12/05 13:37:34.818, 116.70 W, 98 %
2025/12/05 13:37:34.918, 116.75 W, 98 %
2025/12/05 13:37:35.018, 116.76 W, 98 %
2025/12/05 13:37:35.118, 116.74 W, 98 %
2025/12/05 13:37:35.219, 116.76 W, 98 %
2025/12/05 13:37:35.319, 116.80 W, 98 %
2025/12/05 13:37:35.419, 116.80 W, 98 %
2025/12/05 13:37:35.519, 116.80 W, 98 %
2025/12/05 13:37:35.619, 116.80 W, 98 %
2025/12/05 13:37:35.719, 116.86 W, 98 %
2025/12/05 13:37:35.819, 116.83 W, 98 %
2025/12/05 13:37:35.920, 116.79 W, 98 %
2025/12/05 13:37:36.020, 116.81 W, 98 %
2025/12/05 13:37:36.120, 116.84 W, 98 %
2025/12/05 13:37:36.220, 116.85 W, 98 %
2025/12/05 13:37:36.320, 116.83 W, 98 %
2025/12/05 13:37:36.420, 116.76 W, 98 %
2025/12/05 13:37:36.521, 116.76 W, 98 %
2025/12/05 13:37:36.621, 116.73 W, 98 %
2025/12/05 13:37:36.721, 116.71 W, 98 %
2025/12/05 13:37:36.821, 116.72 W, 98 %
2025/12/05 13:37:36.921, 116.73 W, 98 %
2025/12/05 13:37:37.021, 116.76 W, 98 %
2025/12/05 13:37:37.121, 116.76 W, 98 %
2025/12/05 13:37:37.222, 116.71 W, 98 %
2025/12/05 13:37:37.322, 116.72 W, 98 %
2025/12/05 13:37:37.422, 116.75 W, 98 %
2025/12/05 13:37:37.522, 116.76 W, 98 %
2025/12/05 13:37:37.622, 116.78 W, 98 %
2025/12/05 13:37:37.722, 116.78 W, 98 %
2025/12/05 13:37:37.822, 116.80 W, 98 %
2025/12/05 13:37:37.923, 116.79 W, 98 %
2025/12/05 13:37:38.023, 116.77 W, 98 %
2025/12/05 13:37:38.123, 116.76 W, 98 %
2025/12/05 13:37:38.223, 116.78 W, 98 %
2025/12/05 13:37:38.323, 116.76 W, 98 %
2025/12/05 13:37:38.423, 116.76 W, 98 %
2025/12/05 13:37:38.523, 116.72 W, 98 %
2025/12/05 13:37:38.624, 116.76 W, 98 %
2025/12/05 13:37:38.724, 116.80 W, 98 %
2025/12/05 13:37:38.824, 116.81 W, 98 %
2025/12/05 13:37:38.924, 116.82 W, 98 %
2025/12/05 13:37:39.024, 116.81 W, 98 %
2025/12/05 13:37:39.124, 116.84 W, 98 %
2025/12/05 13:37:39.224, 116.87 W, 98 %
2025/12/05 13:37:39.325, 116.85 W, 98 %
2025/12/05 13:37:39.425, 116.86 W, 98 %
2025/12/05 13:37:39.525, 116.78 W, 98 %
2025/12/05 13:37:39.625, 116.80 W, 98 %
2025/12/05 13:37:39.725, 116.79 W, 98 %
2025/12/05 13:37:39.825, 116.73 W, 98 %
2025/12/05 13:37:39.925, 116.70 W, 98 %
2025/12/05 13:37:40.026, 116.67 W, 98 %
2025/12/05 13:37:40.126, 116.64 W, 98 %
2025/12/05 13:37:40.226, 116.59 W, 98 %
2025/12/05 13:37:40.326, 116.50 W, 98 %
2025/12/05 13:37:40.426, 116.48 W, 98 %
2025/12/05 13:37:40.526, 116.50 W, 98 %
2025/12/05 13:37:40.626, 116.55 W, 98 %
2025/12/05 13:37:40.727, 116.54 W, 98 %
2025/12/05 13:37:40.827, 116.54 W, 98 %
2025/12/05 13:37:40.927, 116.53 W, 98 %
2025/12/05 13:37:41.027, 116.55 W, 98 %
2025/12/05 13:37:41.127, 116.52 W, 98 %
2025/12/05 13:37:41.227, 116.55 W, 98 %
2025/12/05 13:37:41.327, 116.57 W, 98 %
2025/12/05 13:37:41.428, 116.62 W, 98 %
2025/12/05 13:37:41.528, 116.62 W, 98 %
2025/12/05 13:37:41.628, 116.58 W, 98 %
2025/12/05 13:37:41.728, 116.60 W, 98 %
2025/12/05 13:37:41.828, 116.59 W, 98 %
2025/12/05 13:37:41.928, 116.56 W, 98 %
2025/12/05 13:37:42.028, 116.59 W, 98 %
2025/12/05 13:37:42.129, 116.56 W, 98 %
2025/12/05 13:37:42.229, 116.58 W, 98 %
2025/12/05 13:37:42.329, 116.59 W, 98 %
2025/12/05 13:37:42.429, 116.58 W, 98 %
2025/12/05 13:37:42.529, 116.61 W, 98 %
2025/12/05 13:37:42.629, 116.62 W, 98 %
2025/12/05 13:37:42.729, 116.66 W, 98 %
2025/12/05 13:37:42.830, 116.68 W, 98 %
2025/12/05 13:37:42.930, 116.67 W, 98 %
2025/12/05 13:37:43.030, 116.68 W, 98 %
2025/12/05 13:37:43.130, 116.68 W, 98 %
2025/12/05 13:37:43.230, 116.69 W, 98 %
2025/12/05 13:37:43.330, 116.71 W, 98 %
2025/12/05 13:37:43.430, 116.69 W, 98 %
2025/12/05 13:37:43.531, 116.68 W, 98 %
2025/12/05 13:37:43.631, 116.67 W, 98 %
2025/12/05 13:37:43.731, 116.62 W, 98 %
2025/12/05 13:37:43.831, 116.60 W, 98 %
2025/12/05 13:37:43.931, 116.58 W, 98 %
2025/12/05 13:37:44.031, 116.58 W, 98 %
2025/12/05 13:37:44.131, 116.58 W, 98 %
2025/12/05 13:37:44.232, 116.57 W, 98 %
2025/12/05 13:37:44.332, 116.61 W, 98 %
2025/12/05 13:37:44.432, 116.61 W, 98 %
2025/12/05 13:37:44.532, 116.59 W, 98 %
2025/12/05 13:37:44.632, 116.59 W, 98 %
2025/12/05 13:37:44.732, 116.54 W, 98 %
2025/12/05 13:37:44.832, 116.56 W, 98 %
2025/12/05 13:37:44.933, 116.59 W, 98 %
2025/12/05 13:37:45.033, 116.56 W, 98 %
2025/12/05 13:37:45.133, 116.57 W, 98 %
2025/12/05 13:37:45.233, 116.63 W, 98 %
2025/12/05 13:37:45.333, 116.67 W, 98 %
2025/12/05 13:37:45.433, 116.68 W, 98 %
2025/12/05 13:37:45.533, 116.67 W, 98 %
2025/12/05 13:37:45.634, 116.71 W, 98 %
2025/12/05 13:37:45.734, 116.74 W, 98 %
2025/12/05 13:37:45.834, 116.79 W, 98 %
2025/12/05 13:37:45.934, 116.82 W, 98 %
2025/12/05 13:37:46.034, 116.79 W, 98 %
2025/12/05 13:37:46.134, 116.83 W, 98 %
2025/12/05 13:37:46.234, 116.83 W, 98 %
2025/12/05 13:37:46.335, 116.75 W, 98 %
2025/12/05 13:37:46.435, 116.71 W, 98 %
2025/12/05 13:37:46.535, 116.69 W, 98 %
2025/12/05 13:37:46.635, 116.67 W, 98 %
2025/12/05 13:37:46.735, 116.66 W, 98 %
2025/12/05 13:37:46.835, 116.65 W, 98 %
2025/12/05 13:37:46.936, 116.65 W, 98 %
2025/12/05 13:37:47.036, 116.67 W, 98 %
2025/12/05 13:37:47.136, 116.68 W, 98 %
2025/12/05 13:37:47.236, 116.68 W, 98 %
2025/12/05 13:37:47.336, 116.68 W, 98 %
2025/12/05 13:37:47.436, 116.69 W, 98 %
2025/12/05 13:37:47.536, 116.68 W, 98 %
2025/12/05 13:37:47.637, 116.66 W, 98 %
2025/12/05 13:37:47.737, 116.67 W, 98 %
2025/12/05 13:37:47.837, 116.69 W, 98 %
2025/12/05 13:37:47.937, 116.68 W, 98 %
2025/12/05 13:37:48.037, 116.68 W, 98 %
2025/12/05 13:37:48.137, 116.61 W, 98 %
2025/12/05 13:37:48.237, 116.63 W, 98 %
2025/12/05 13:37:48.338, 116.60 W, 98 %
2025/12/05 13:37:48.438, 116.59 W, 98 %
2025/12/05 13:37:48.538, 116.59 W, 98 %
2025/12/05 13:37:48.638, 116.58 W, 98 %
2025/12/05 13:37:48.738, 116.57 W, 98 %
2025/12/05 13:37:48.838, 116.59 W, 98 %
2025/12/05 13:37:48.938, 116.56 W, 98 %
2025/12/05 13:37:49.039, 116.57 W, 98 %
2025/12/05 13:37:49.139, 116.58 W, 98 %
2025/12/05 13:37:49.239, 116.62 W, 98 %
2025/12/05 13:37:49.339, 116.61 W, 98 %
2025/12/05 13:37:49.439, 116.57 W, 98 %
2025/12/05 13:37:49.539, 116.55 W, 98 %
2025/12/05 13:37:49.639, 116.55 W, 98 %
2025/12/05 13:37:49.740, 116.55 W, 98 %
2025/12/05 13:37:49.840, 116.56 W, 98 %
2025/12/05 13:37:49.940, 116.58 W, 98 %
2025/12/05 13:37:50.040, 116.59 W, 98 %
2025/12/05 13:37:50.140, 116.57 W, 98 %
2025/12/05 13:37:50.240, 116.51 W, 98 %
2025/12/05 13:37:50.340, 116.52 W, 98 %
2025/12/05 13:37:50.441, 116.53 W, 98 %
2025/12/05 13:37:50.541, 116.58 W, 98 %
2025/12/05 13:37:50.641, 116.59 W, 98 %
2025/12/05 13:37:50.741, 116.59 W, 98 %
2025/12/05 13:37:50.841, 116.61 W, 98 %
2025/12/05 13:37:50.941, 116.60 W, 98 %
2025/12/05 13:37:51.041, 116.54 W, 98 %
2025/12/05 13:37:51.142, 116.52 W, 98 %
2025/12/05 13:37:51.242, 116.55 W, 98 %
2025/12/05 13:37:51.342, 116.57 W, 98 %
2025/12/05 13:37:51.442, 116.56 W, 98 %
2025/12/05 13:37:51.542, 116.50 W, 98 %
2025/12/05 13:37:51.642, 116.48 W, 98 %
2025/12/05 13:37:51.742, 116.49 W, 98 %
2025/12/05 13:37:51.843, 116.49 W, 98 %
2025/12/05 13:37:51.943, 116.49 W, 98 %
2025/12/05 13:37:52.043, 116.49 W, 98 %
2025/12/05 13:37:52.143, 116.51 W, 98 %
2025/12/05 13:37:52.243, 116.52 W, 98 %
2025/12/05 13:37:52.343, 116.46 W, 98 %
2025/12/05 13:37:52.443, 116.46 W, 98 %
2025/12/05 13:37:52.544, 116.45 W, 98 %
2025/12/05 13:37:52.644, 116.48 W, 98 %
2025/12/05 13:37:52.744, 116.46 W, 98 %
2025/12/05 13:37:52.844, 116.46 W, 98 %
2025/12/05 13:37:52.944, 116.45 W, 98 %
2025/12/05 13:37:53.044, 116.47 W, 98 %
2025/12/05 13:37:53.144, 116.41 W, 98 %
2025/12/05 13:37:53.245, 116.39 W, 98 %
2025/12/05 13:37:53.345, 116.39 W, 98 %
2025/12/05 13:37:53.445, 116.36 W, 98 %
2025/12/05 13:37:53.545, 116.34 W, 98 %
2025/12/05 13:37:53.645, 116.34 W, 98 %
2025/12/05 13:37:53.745, 116.31 W, 98 %
2025/12/05 13:37:53.845, 116.31 W, 98 %
2025/12/05 13:37:53.946, 116.31 W, 98 %
2025/12/05 13:37:54.046, 116.30 W, 98 %
2025/12/05 13:37:54.146, 116.30 W, 98 %
2025/12/05 13:37:54.246, 116.33 W, 98 %
2025/12/05 13:37:54.346, 116.36 W, 98 %
2025/12/05 13:37:54.446, 116.37 W, 98 %
2025/12/05 13:37:54.546, 116.40 W, 98 %
2025/12/05 13:37:54.647, 116.38 W, 98 %
2025/12/05 13:37:54.747, 116.38 W, 98 %
2025/12/05 13:37:54.847, 116.43 W, 98 %
2025/12/05 13:37:54.947, 116.44 W, 98 %
2025/12/05 13:37:55.047, 116.44 W, 98 %
2025/12/05 13:37:55.147, 116.46 W, 98 %
2025/12/05 13:37:55.247, 116.47 W, 98 %
2025/12/05 13:37:55.347, 116.50 W, 98 %
2025/12/05 13:37:55.448, 116.50 W, 98 %
2025/12/05 13:37:55.548, 116.46 W, 98 %
2025/12/05 13:37:55.648, 116.48 W, 98 %
2025/12/05 13:37:55.748, 116.53 W, 98 %
2025/12/05 13:37:55.848, 116.50 W, 98 %
2025/12/05 13:37:55.948, 116.50 W, 98 %
2025/12/05 13:37:56.048, 116.49 W, 98 %
2025/12/05 13:37:56.149, 116.47 W, 98 %
2025/12/05 13:37:56.249, 116.47 W, 98 %
2025/12/05 13:37:56.349, 116.46 W, 98 %
2025/12/05 13:37:56.449, 116.46 W, 98 %
2025/12/05 13:37:56.549, 116.48 W, 98 %
2025/12/05 13:37:56.649, 116.49 W, 98 %
2025/12/05 13:37:56.750, 116.50 W, 98 %
2025/12/05 13:37:56.850, 116.47 W, 98 %
2025/12/05 13:37:56.950, 116.49 W, 98 %
2025/12/05 13:37:57.050, 116.52 W, 98 %
2025/12/05 13:37:57.150, 116.56 W, 98 %
2025/12/05 13:37:57.250, 116.59 W, 98 %
2025/12/05 13:37:57.350, 116.63 W, 98 %
2025/12/05 13:37:57.451, 116.63 W, 98 %
2025/12/05 13:37:57.551, 116.63 W, 98 %
2025/12/05 13:37:57.651, 116.61 W, 98 %
2025/12/05 13:37:57.751, 116.62 W, 98 %
2025/12/05 13:37:57.851, 116.64 W, 98 %
2025/12/05 13:37:57.951, 116.67 W, 98 %
2025/12/05 13:37:58.051, 116.70 W, 98 %
2025/12/05 13:37:58.152, 116.67 W, 98 %
2025/12/05 13:37:58.252, 116.68 W, 98 %
2025/12/05 13:37:58.352, 116.69 W, 98 %
2025/12/05 13:37:58.452, 116.67 W, 98 %
2025/12/05 13:37:58.552, 116.69 W, 98 %
2025/12/05 13:37:58.652, 116.68 W, 98 %
2025/12/05 13:37:58.752, 116.74 W, 98 %
2025/12/05 13:37:58.853, 116.75 W, 98 %
2025/12/05 13:37:58.953, 116.71 W, 98 %
2025/12/05 13:37:59.053, 116.71 W, 98 %
2025/12/05 13:37:59.153, 116.73 W, 98 %
2025/12/05 13:37:59.253, 116.72 W, 98 %
2025/12/05 13:37:59.353, 116.69 W, 98 %
2025/12/05 13:37:59.453, 116.65 W, 98 %
2025/12/05 13:37:59.554, 116.63 W, 98 %
2025/12/05 13:37:59.654, 116.62 W, 98 %
2025/12/05 13:37:59.754, 116.61 W, 98 %
2025/12/05 13:37:59.854, 116.56 W, 98 %
2025/12/05 13:37:59.954, 116.54 W, 98 %
2025/12/05 13:38:00.054, 116.55 W, 98 %
2025/12/05 13:38:00.154, 116.54 W, 98 %
2025/12/05 13:38:00.255, 116.49 W, 98 %
2025/12/05 13:38:00.355, 116.51 W, 98 %
2025/12/05 13:38:00.455, 116.52 W, 98 %
2025/12/05 13:38:00.555, 116.56 W, 98 %
2025/12/05 13:38:00.655, 116.58 W, 98 %
2025/12/05 13:38:00.755, 116.53 W, 98 %
2025/12/05 13:38:00.855, 116.55 W, 98 %
2025/12/05 13:38:00.956, 116.56 W, 98 %
2025/12/05 13:38:01.056, 116.56 W, 98 %
2025/12/05 13:38:01.156, 116.59 W, 98 %
2025/12/05 13:38:01.256, 116.61 W, 98 %
2025/12/05 13:38:01.356, 116.38 W, 98 %
2025/12/05 13:38:01.456, 116.37 W, 98 %
2025/12/05 13:38:01.557, 116.32 W, 98 %
2025/12/05 13:38:01.657, 116.28 W, 98 %
2025/12/05 13:38:01.757, 116.25 W, 98 %
2025/12/05 13:38:01.857, 116.25 W, 98 %
2025/12/05 13:38:01.957, 116.23 W, 98 %
2025/12/05 13:38:02.057, 116.24 W, 98 %
2025/12/05 13:38:02.157, 116.25 W, 98 %
2025/12/05 13:38:02.258, 116.25 W, 98 %
2025/12/05 13:38:02.358, 116.21 W, 98 %
2025/12/05 13:38:02.458, 116.44 W, 98 %
2025/12/05 13:38:02.558, 116.45 W, 98 %
2025/12/05 13:38:02.658, 116.51 W, 98 %
2025/12/05 13:38:02.758, 116.53 W, 98 %
2025/12/05 13:38:02.858, 116.52 W, 98 %
2025/12/05 13:38:02.959, 116.54 W, 98 %
2025/12/05 13:38:03.059, 116.53 W, 98 %
2025/12/05 13:38:03.159, 116.49 W, 98 %
2025/12/05 13:38:03.259, 116.46 W, 98 %
2025/12/05 13:38:03.359, 116.46 W, 98 %
2025/12/05 13:38:03.459, 116.49 W, 98 %
2025/12/05 13:38:03.559, 116.51 W, 98 %
2025/12/05 13:38:03.660, 116.47 W, 98 %
2025/12/05 13:38:03.760, 116.46 W, 98 %
2025/12/05 13:38:03.860, 116.48 W, 98 %
2025/12/05 13:38:03.960, 116.49 W, 98 %
2025/12/05 13:38:04.060, 116.51 W, 98 %
2025/12/05 13:38:04.160, 116.51 W, 98 %
2025/12/05 13:38:04.260, 116.52 W, 98 %
2025/12/05 13:38:04.361, 116.54 W, 98 %
2025/12/05 13:38:04.461, 116.50 W, 98 %
2025/12/05 13:38:04.561, 116.49 W, 98 %
2025/12/05 13:38:04.661, 116.53 W, 98 %
2025/12/05 13:38:04.761, 116.54 W, 98 %
2025/12/05 13:38:04.861, 116.55 W, 98 %
2025/12/05 13:38:04.961, 116.54 W, 98 %
2025/12/05 13:38:05.062, 116.55 W, 98 %
2025/12/05 13:38:05.162, 116.53 W, 98 %
2025/12/05 13:38:05.262, 116.51 W, 98 %
2025/12/05 13:38:05.362, 116.53 W, 98 %
2025/12/05 13:38:05.462, 116.55 W, 98 %
2025/12/05 13:38:05.562, 116.57 W, 98 %
2025/12/05 13:38:05.662, 116.59 W, 98 %
2025/12/05 13:38:05.763, 116.53 W, 98 %
2025/12/05 13:38:05.863, 116.51 W, 98 %
2025/12/05 13:38:05.963, 116.51 W, 98 %
2025/12/05 13:38:06.063, 116.49 W, 98 %
2025/12/05 13:38:06.163, 116.50 W, 98 %
2025/12/05 13:38:06.263, 116.50 W, 98 %
2025/12/05 13:38:06.363, 116.54 W, 98 %
2025/12/05 13:38:06.464, 116.54 W, 98 %
2025/12/05 13:38:06.564, 116.48 W, 98 %
2025/12/05 13:38:06.664, 116.52 W, 98 %
2025/12/05 13:38:06.764, 116.53 W, 98 %
2025/12/05 13:38:06.864, 116.52 W, 98 %
2025/12/05 13:38:06.964, 116.53 W, 98 %
2025/12/05 13:38:07.064, 116.56 W, 98 %
2025/12/05 13:38:07.165, 116.58 W, 98 %
2025/12/05 13:38:07.265, 116.59 W, 98 %
2025/12/05 13:38:07.365, 116.57 W, 98 %
2025/12/05 13:38:07.465, 116.57 W, 98 %
2025/12/05 13:38:07.565, 116.57 W, 98 %
2025/12/05 13:38:07.665, 116.58 W, 98 %
2025/12/05 13:38:07.765, 116.57 W, 98 %
2025/12/05 13:38:07.866, 116.54 W, 98 %
2025/12/05 13:38:07.966, 116.58 W, 98 %
2025/12/05 13:38:08.066, 116.63 W, 98 %
2025/12/05 13:38:08.166, 116.62 W, 98 %
2025/12/05 13:38:08.266, 116.61 W, 98 %
2025/12/05 13:38:08.366, 116.61 W, 98 %
2025/12/05 13:38:08.466, 116.64 W, 98 %
2025/12/05 13:38:08.567, 116.65 W, 98 %
2025/12/05 13:38:08.667, 116.65 W, 98 %
2025/12/05 13:38:08.767, 116.68 W, 98 %
2025/12/05 13:38:08.867, 116.66 W, 98 %
2025/12/05 13:38:08.967, 116.69 W, 98 %
2025/12/05 13:38:09.067, 116.68 W, 98 %
2025/12/05 13:38:09.167, 116.62 W, 98 %
2025/12/05 13:38:09.268, 116.61 W, 98 %
2025/12/05 13:38:09.368, 116.63 W, 98 %
2025/12/05 13:38:09.468, 116.58 W, 98 %
2025/12/05 13:38:09.568, 116.60 W, 98 %
2025/12/05 13:38:09.668, 116.61 W, 98 %
2025/12/05 13:38:09.768, 116.61 W, 98 %
2025/12/05 13:38:09.868, 116.63 W, 98 %
2025/12/05 13:38:09.968, 116.60 W, 98 %
2025/12/05 13:38:10.069, 116.59 W, 98 %
2025/12/05 13:38:10.169, 116.62 W, 98 %
2025/12/05 13:38:10.269, 116.62 W, 98 %
2025/12/05 13:38:10.369, 116.65 W, 98 %
2025/12/05 13:38:10.469, 116.63 W, 98 %
2025/12/05 13:38:10.569, 116.66 W, 98 %
2025/12/05 13:38:10.669, 116.66 W, 98 %
2025/12/05 13:38:10.770, 116.62 W, 98 %
2025/12/05 13:38:10.870, 116.60 W, 98 %
2025/12/05 13:38:10.970, 116.57 W, 98 %
2025/12/05 13:38:11.070, 116.58 W, 98 %
2025/12/05 13:38:11.170, 116.59 W, 98 %
2025/12/05 13:38:11.270, 116.54 W, 98 %
2025/12/05 13:38:11.370, 116.56 W, 98 %
2025/12/05 13:38:11.471, 116.51 W, 98 %
2025/12/05 13:38:11.571, 116.51 W, 98 %
2025/12/05 13:38:11.671, 116.52 W, 98 %
2025/12/05 13:38:11.771, 116.53 W, 98 %
2025/12/05 13:38:11.871, 116.55 W, 98 %
2025/12/05 13:38:11.971, 116.57 W, 98 %
2025/12/05 13:38:12.071, 116.58 W, 98 %
2025/12/05 13:38:12.172, 116.62 W, 98 %
2025/12/05 13:38:12.272, 116.62 W, 98 %
2025/12/05 13:38:12.372, 116.63 W, 98 %
2025/12/05 13:38:12.472, 116.62 W, 98 %
2025/12/05 13:38:12.572, 116.60 W, 98 %
2025/12/05 13:38:12.672, 116.58 W, 98 %
2025/12/05 13:38:12.772, 116.61 W, 98 %
2025/12/05 13:38:12.873, 116.55 W, 98 %
2025/12/05 13:38:12.973, 116.53 W, 98 %
2025/12/05 13:38:13.073, 116.47 W, 98 %
2025/12/05 13:38:13.173, 116.46 W, 98 %
2025/12/05 13:38:13.273, 116.46 W, 98 %
2025/12/05 13:38:13.373, 116.40 W, 98 %
2025/12/05 13:38:13.474, 116.42 W, 98 %
2025/12/05 13:38:13.574, 116.40 W, 98 %
2025/12/05 13:38:13.674, 116.41 W, 98 %
2025/12/05 13:38:13.774, 116.43 W, 98 %
2025/12/05 13:38:13.874, 116.35 W, 98 %
2025/12/05 13:38:13.974, 116.36 W, 98 %
2025/12/05 13:38:14.074, 116.36 W, 98 %
2025/12/05 13:38:14.175, 116.35 W, 98 %
2025/12/05 13:38:14.275, 116.32 W, 98 %
2025/12/05 13:38:14.375, 116.31 W, 98 %
2025/12/05 13:38:14.475, 116.32 W, 98 %
2025/12/05 13:38:14.575, 116.32 W, 98 %
2025/12/05 13:38:14.675, 116.34 W, 98 %
2025/12/05 13:38:14.775, 116.36 W, 98 %
2025/12/05 13:38:14.876, 116.41 W, 98 %
2025/12/05 13:38:14.976, 116.45 W, 98 %
2025/12/05 13:38:15.076, 116.49 W, 98 %
2025/12/05 13:38:15.176, 116.46 W, 98 %
2025/12/05 13:38:15.276, 116.51 W, 98 %
2025/12/05 13:38:15.376, 116.57 W, 98 %
2025/12/05 13:38:15.476, 116.57 W, 98 %
2025/12/05 13:38:15.577, 116.61 W, 98 %
2025/12/05 13:38:15.677, 116.59 W, 98 %
2025/12/05 13:38:15.777, 116.57 W, 98 %
2025/12/05 13:38:15.877, 116.57 W, 98 %
2025/12/05 13:38:15.977, 116.49 W, 98 %
2025/12/05 13:38:16.077, 116.50 W, 98 %
2025/12/05 13:38:16.177, 116.46 W, 98 %
2025/12/05 13:38:16.278, 116.47 W, 98 %
2025/12/05 13:38:16.378, 116.47 W, 98 %
2025/12/05 13:38:16.478, 116.43 W, 98 %
2025/12/05 13:38:16.578, 116.43 W, 98 %
2025/12/05 13:38:16.678, 116.41 W, 98 %
2025/12/05 13:38:16.778, 116.42 W, 98 %
2025/12/05 13:38:16.878, 116.45 W, 98 %
2025/12/05 13:38:16.979, 116.49 W, 98 %
2025/12/05 13:38:17.079, 116.49 W, 98 %
2025/12/05 13:38:17.179, 116.50 W, 98 %
2025/12/05 13:38:17.279, 116.49 W, 98 %
2025/12/05 13:38:17.379, 116.51 W, 98 %
2025/12/05 13:38:17.479, 116.50 W, 98 %
2025/12/05 13:38:17.579, 116.48 W, 98 %
2025/12/05 13:38:17.680, 116.45 W, 98 %
2025/12/05 13:38:17.780, 116.46 W, 98 %
2025/12/05 13:38:17.880, 116.43 W, 98 %
2025/12/05 13:38:17.980, 116.39 W, 98 %
2025/12/05 13:38:18.080, 116.34 W, 98 %
2025/12/05 13:38:18.180, 116.35 W, 98 %
2025/12/05 13:38:18.280, 116.35 W, 98 %
2025/12/05 13:38:18.381, 116.35 W, 98 %
2025/12/05 13:38:18.481, 116.38 W, 98 %
2025/12/05 13:38:18.581, 116.36 W, 98 %
2025/12/05 13:38:18.681, 116.40 W, 98 %
2025/12/05 13:38:18.781, 116.44 W, 98 %
2025/12/05 13:38:18.881, 116.44 W, 98 %
2025/12/05 13:38:18.981, 116.50 W, 98 %
2025/12/05 13:38:19.082, 116.54 W, 98 %
2025/12/05 13:38:19.182, 116.56 W, 98 %
2025/12/05 13:38:19.282, 116.57 W, 98 %
2025/12/05 13:38:19.382, 116.58 W, 98 %
2025/12/05 13:38:19.482, 116.62 W, 98 %
2025/12/05 13:38:19.582, 116.60 W, 98 %
2025/12/05 13:38:19.682, 116.61 W, 98 %
2025/12/05 13:38:19.783, 116.59 W, 98 %
2025/12/05 13:38:19.883, 116.53 W, 98 %
2025/12/05 13:38:19.983, 116.53 W, 98 %
2025/12/05 13:38:20.083, 116.50 W, 98 %
2025/12/05 13:38:20.183, 116.46 W, 98 %
2025/12/05 13:38:20.283, 116.47 W, 98 %
2025/12/05 13:38:20.383, 116.46 W, 98 %
2025/12/05 13:38:20.484, 116.43 W, 98 %
2025/12/05 13:38:20.584, 116.44 W, 98 %
2025/12/05 13:38:20.684, 116.42 W, 98 %
2025/12/05 13:38:20.784, 116.45 W, 98 %
2025/12/05 13:38:20.884, 116.48 W, 98 %
2025/12/05 13:38:20.984, 116.50 W, 98 %
2025/12/05 13:38:21.084, 116.49 W, 98 %
2025/12/05 13:38:21.185, 116.45 W, 98 %
2025/12/05 13:38:21.285, 116.47 W, 98 %
2025/12/05 13:38:21.385, 116.49 W, 98 %
2025/12/05 13:38:21.485, 116.48 W, 98 %
2025/12/05 13:38:21.585, 116.51 W, 98 %
2025/12/05 13:38:21.685, 116.51 W, 98 %
2025/12/05 13:38:21.785, 116.54 W, 98 %
2025/12/05 13:38:21.886, 116.54 W, 98 %
2025/12/05 13:38:21.986, 116.52 W, 98 %
2025/12/05 13:38:22.086, 116.54 W, 98 %
2025/12/05 13:38:22.186, 116.57 W, 98 %
2025/12/05 13:38:22.286, 116.62 W, 98 %
2025/12/05 13:38:22.386, 116.61 W, 98 %
2025/12/05 13:38:22.487, 116.59 W, 98 %
2025/12/05 13:38:22.587, 116.61 W, 98 %
2025/12/05 13:38:22.687, 116.64 W, 98 %
2025/12/05 13:38:22.787, 116.63 W, 98 %
2025/12/05 13:38:22.887, 116.64 W, 98 %
2025/12/05 13:38:22.987, 116.63 W, 98 %
2025/12/05 13:38:23.087, 116.63 W, 98 %
2025/12/05 13:38:23.188, 116.65 W, 98 %
2025/12/05 13:38:23.288, 116.60 W, 98 %
2025/12/05 13:38:23.388, 116.62 W, 98 %
2025/12/05 13:38:23.488, 116.67 W, 98 %
2025/12/05 13:38:23.588, 116.65 W, 98 %
2025/12/05 13:38:23.688, 116.66 W, 98 %
2025/12/05 13:38:23.788, 116.66 W, 98 %
2025/12/05 13:38:23.889, 116.65 W, 98 %
2025/12/05 13:38:23.989, 116.62 W, 98 %
2025/12/05 13:38:24.089, 116.59 W, 98 %
2025/12/05 13:38:24.189, 116.61 W, 98 %
2025/12/05 13:38:24.289, 116.60 W, 98 %
2025/12/05 13:38:24.389, 116.62 W, 98 %
2025/12/05 13:38:24.489, 116.63 W, 98 %
2025/12/05 13:38:24.590, 116.57 W, 98 %
2025/12/05 13:38:24.690, 116.58 W, 98 %
2025/12/05 13:38:24.790, 116.58 W, 98 %
2025/12/05 13:38:24.890, 116.56 W, 98 %
2025/12/05 13:38:24.990, 116.58 W, 98 %
2025/12/05 13:38:25.090, 116.62 W, 98 %
2025/12/05 13:38:25.190, 116.65 W, 98 %
2025/12/05 13:38:25.291, 116.67 W, 98 %
2025/12/05 13:38:25.391, 116.64 W, 98 %
2025/12/05 13:38:25.491, 116.64 W, 98 %
2025/12/05 13:38:25.591, 116.61 W, 98 %
2025/12/05 13:38:25.691, 116.64 W, 98 %
2025/12/05 13:38:25.791, 116.65 W, 98 %
2025/12/05 13:38:25.891, 116.62 W, 98 %
2025/12/05 13:38:25.992, 116.61 W, 98 %
2025/12/05 13:38:26.092, 116.60 W, 98 %
2025/12/05 13:38:26.192, 116.56 W, 98 %
2025/12/05 13:38:26.292, 116.55 W, 98 %
2025/12/05 13:38:26.392, 116.51 W, 98 %
2025/12/05 13:38:26.492, 116.54 W, 98 %
2025/12/05 13:38:26.592, 116.55 W, 98 %
2025/12/05 13:38:26.693, 116.51 W, 98 %
2025/12/05 13:38:26.793, 116.51 W, 98 %
2025/12/05 13:38:26.893, 116.51 W, 98 %
2025/12/05 13:38:26.993, 116.50 W, 98 %
2025/12/05 13:38:27.093, 116.53 W, 98 %
2025/12/05 13:38:27.193, 116.48 W, 98 %
2025/12/05 13:38:27.293, 116.50 W, 98 %
2025/12/05 13:38:27.394, 116.53 W, 98 %
2025/12/05 13:38:27.494, 116.54 W, 98 %
2025/12/05 13:38:27.594, 116.53 W, 98 %
2025/12/05 13:38:27.694, 116.51 W, 98 %
2025/12/05 13:38:27.794, 116.54 W, 98 %
2025/12/05 13:38:27.894, 116.56 W, 98 %
2025/12/05 13:38:27.994, 116.56 W, 98 %
2025/12/05 13:38:28.095, 116.57 W, 98 %
2025/12/05 13:38:28.195, 116.56 W, 98 %
2025/12/05 13:38:28.295, 116.58 W, 98 %
2025/12/05 13:38:28.395, 116.57 W, 98 %
2025/12/05 13:38:28.495, 116.51 W, 98 %
2025/12/05 13:38:28.595, 116.48 W, 98 %
2025/12/05 13:38:28.695, 116.49 W, 98 %
2025/12/05 13:38:28.796, 116.47 W, 98 %
2025/12/05 13:38:28.896, 116.47 W, 98 %
2025/12/05 13:38:28.996, 116.46 W, 98 %
2025/12/05 13:38:29.096, 116.43 W, 98 %
2025/12/05 13:38:29.196, 116.42 W, 98 %
2025/12/05 13:38:29.296, 116.38 W, 98 %
2025/12/05 13:38:29.396, 116.41 W, 98 %
2025/12/05 13:38:29.497, 116.41 W, 98 %
2025/12/05 13:38:29.597, 116.44 W, 98 %
2025/12/05 13:38:29.697, 116.44 W, 98 %
2025/12/05 13:38:29.797, 116.45 W, 98 %
2025/12/05 13:38:29.897, 116.43 W, 98 %
2025/12/05 13:38:29.997, 116.44 W, 98 %
2025/12/05 13:38:30.097, 116.40 W, 98 %
2025/12/05 13:38:30.198, 116.43 W, 98 %
2025/12/05 13:38:30.298, 116.47 W, 98 %
2025/12/05 13:38:30.398, 116.47 W, 98 %
2025/12/05 13:38:30.498, 116.45 W, 98 %
2025/12/05 13:38:30.598, 116.42 W, 98 %
2025/12/05 13:38:30.698, 116.42 W, 98 %
2025/12/05 13:38:30.798, 116.42 W, 98 %
2025/12/05 13:38:30.899, 116.35 W, 98 %
2025/12/05 13:38:30.999, 116.38 W, 98 %
2025/12/05 13:38:31.099, 116.40 W, 98 %
2025/12/05 13:38:31.199, 116.41 W, 98 %
2025/12/05 13:38:31.299, 116.42 W, 98 %
2025/12/05 13:38:31.399, 116.39 W, 98 %
2025/12/05 13:38:31.499, 116.42 W, 98 %
2025/12/05 13:38:31.600, 116.45 W, 98 %
2025/12/05 13:38:31.700, 116.47 W, 98 %
2025/12/05 13:38:31.800, 116.48 W, 98 %
2025/12/05 13:38:31.900, 116.48 W, 98 %
2025/12/05 13:38:32.000, 116.56 W, 98 %
2025/12/05 13:38:32.100, 116.57 W, 98 %
2025/12/05 13:38:32.200, 116.57 W, 98 %
2025/12/05 13:38:32.301, 116.61 W, 98 %
2025/12/05 13:38:32.401, 116.64 W, 98 %
2025/12/05 13:38:32.501, 116.65 W, 98 %
2025/12/05 13:38:32.601, 116.65 W, 98 %
2025/12/05 13:38:32.701, 116.64 W, 98 %
2025/12/05 13:38:32.801, 116.65 W, 98 %
2025/12/05 13:38:32.901, 116.67 W, 98 %
2025/12/05 13:38:33.002, 116.68 W, 98 %
2025/12/05 13:38:33.102, 116.68 W, 98 %
2025/12/05 13:38:33.202, 116.68 W, 98 %
2025/12/05 13:38:33.302, 116.67 W, 98 %
2025/12/05 13:38:33.402, 116.65 W, 98 %
2025/12/05 13:38:33.502, 116.60 W, 98 %
2025/12/05 13:38:33.602, 116.59 W, 98 %
2025/12/05 13:38:33.703, 116.58 W, 98 %
2025/12/05 13:38:33.803, 116.58 W, 98 %
2025/12/05 13:38:33.903, 116.59 W, 98 %
2025/12/05 13:38:34.003, 116.54 W, 98 %
2025/12/05 13:38:34.103, 116.55 W, 98 %
2025/12/05 13:38:34.203, 116.53 W, 98 %
2025/12/05 13:38:34.303, 116.52 W, 98 %
2025/12/05 13:38:34.404, 116.50 W, 98 %
2025/12/05 13:38:34.504, 116.49 W, 98 %
2025/12/05 13:38:34.604, 116.49 W, 98 %
2025/12/05 13:38:34.704, 116.49 W, 98 %
2025/12/05 13:38:34.804, 116.44 W, 98 %
2025/12/05 13:38:34.904, 116.46 W, 98 %
2025/12/05 13:38:35.004, 116.44 W, 98 %
2025/12/05 13:38:35.105, 116.47 W, 98 %
2025/12/05 13:38:35.205, 116.48 W, 98 %
2025/12/05 13:38:35.305, 116.47 W, 98 %
2025/12/05 13:38:35.405, 116.47 W, 98 %
2025/12/05 13:38:35.505, 116.49 W, 98 %
2025/12/05 13:38:35.605, 116.46 W, 98 %
2025/12/05 13:38:35.705, 116.46 W, 98 %
2025/12/05 13:38:35.806, 116.49 W, 98 %
2025/12/05 13:38:35.906, 116.51 W, 98 %
2025/12/05 13:38:36.006, 116.51 W, 98 %
2025/12/05 13:38:36.106, 116.46 W, 98 %
2025/12/05 13:38:36.206, 116.47 W, 98 %
2025/12/05 13:38:36.306, 116.46 W, 98 %
2025/12/05 13:38:36.406, 116.48 W, 98 %
2025/12/05 13:38:36.507, 116.50 W, 98 %
2025/12/05 13:38:36.607, 116.50 W, 98 %
2025/12/05 13:38:36.707, 116.52 W, 98 %
2025/12/05 13:38:36.807, 116.54 W, 98 %
2025/12/05 13:38:36.907, 116.47 W, 98 %
2025/12/05 13:38:37.007, 116.46 W, 98 %
2025/12/05 13:38:37.108, 116.48 W, 98 %
2025/12/05 13:38:37.208, 116.49 W, 98 %
2025/12/05 13:38:37.308, 116.48 W, 98 %
2025/12/05 13:38:37.408, 116.46 W, 98 %
2025/12/05 13:38:37.508, 116.48 W, 98 %
2025/12/05 13:38:37.608, 116.51 W, 98 %
2025/12/05 13:38:37.708, 116.51 W, 98 %
2025/12/05 13:38:37.809, 116.54 W, 98 %
2025/12/05 13:38:37.909, 116.58 W, 98 %
2025/12/05 13:38:38.009, 116.65 W, 98 %
2025/12/05 13:38:38.109, 116.69 W, 98 %
2025/12/05 13:38:38.209, 116.67 W, 98 %
2025/12/05 13:38:38.309, 116.71 W, 98 %
2025/12/05 13:38:38.409, 116.74 W, 98 %
2025/12/05 13:38:38.510, 116.74 W, 98 %
2025/12/05 13:38:38.610, 116.75 W, 98 %
2025/12/05 13:38:38.710, 116.70 W, 98 %
2025/12/05 13:38:38.810, 116.69 W, 98 %
2025/12/05 13:38:38.910, 116.65 W, 98 %
2025/12/05 13:38:39.010, 116.58 W, 98 %
2025/12/05 13:38:39.110, 116.55 W, 98 %
2025/12/05 13:38:39.211, 116.51 W, 98 %
2025/12/05 13:38:39.311, 116.51 W, 98 %
2025/12/05 13:38:39.411, 116.51 W, 98 %
2025/12/05 13:38:39.511, 116.45 W, 98 %
2025/12/05 13:38:39.611, 116.45 W, 98 %
2025/12/05 13:38:39.711, 116.43 W, 98 %
2025/12/05 13:38:39.811, 116.41 W, 98 %
2025/12/05 13:38:39.912, 116.42 W, 98 %
2025/12/05 13:38:40.012, 116.39 W, 98 %
2025/12/05 13:38:40.112, 116.44 W, 98 %
2025/12/05 13:38:40.212, 116.45 W, 98 %
2025/12/05 13:38:40.312, 116.45 W, 98 %
2025/12/05 13:38:40.412, 116.49 W, 98 %
2025/12/05 13:38:40.512, 116.48 W, 98 %
2025/12/05 13:38:40.613, 116.50 W, 98 %
2025/12/05 13:38:40.713, 116.52 W, 98 %
2025/12/05 13:38:40.813, 116.51 W, 98 %
2025/12/05 13:38:40.913, 116.53 W, 98 %
2025/12/05 13:38:41.013, 116.54 W, 98 %
2025/12/05 13:38:41.113, 116.56 W, 98 %
2025/12/05 13:38:41.213, 116.57 W, 98 %
2025/12/05 13:38:41.314, 116.62 W, 98 %
2025/12/05 13:38:41.414, 116.66 W, 98 %
2025/12/05 13:38:41.514, 116.65 W, 98 %
2025/12/05 13:38:41.614, 116.67 W, 98 %
2025/12/05 13:38:41.714, 116.68 W, 98 %
2025/12/05 13:38:41.814, 116.71 W, 98 %
2025/12/05 13:38:41.914, 116.71 W, 98 %
2025/12/05 13:38:42.015, 116.71 W, 98 %
2025/12/05 13:38:42.115, 116.71 W, 98 %
2025/12/05 13:38:42.215, 116.74 W, 98 %
2025/12/05 13:38:42.315, 116.71 W, 98 %
2025/12/05 13:38:42.415, 116.67 W, 98 %
2025/12/05 13:38:42.515, 116.67 W, 98 %
2025/12/05 13:38:42.615, 116.69 W, 98 %
2025/12/05 13:38:42.716, 116.67 W, 98 %
2025/12/05 13:38:42.816, 116.70 W, 98 %
2025/12/05 13:38:42.916, 116.66 W, 98 %
2025/12/05 13:38:43.016, 116.67 W, 98 %
2025/12/05 13:38:43.116, 116.67 W, 98 %
2025/12/05 13:38:43.216, 116.66 W, 98 %
2025/12/05 13:38:43.316, 116.66 W, 98 %
2025/12/05 13:38:43.417, 116.64 W, 98 %
2025/12/05 13:38:43.517, 116.67 W, 98 %
2025/12/05 13:38:43.617, 116.66 W, 98 %
2025/12/05 13:38:43.717, 116.63 W, 98 %
2025/12/05 13:38:43.817, 116.63 W, 98 %
2025/12/05 13:38:43.917, 116.61 W, 98 %
2025/12/05 13:38:44.017, 116.64 W, 98 %
2025/12/05 13:38:44.118, 116.67 W, 98 %
2025/12/05 13:38:44.218, 116.67 W, 98 %
2025/12/05 13:38:44.318, 116.70 W, 98 %
2025/12/05 13:38:44.418, 116.73 W, 98 %
2025/12/05 13:38:44.518, 116.76 W, 98 %
2025/12/05 13:38:44.618, 116.73 W, 98 %
2025/12/05 13:38:44.718, 116.68 W, 98 %
2025/12/05 13:38:44.818, 116.69 W, 98 %
2025/12/05 13:38:44.919, 116.72 W, 98 %
2025/12/05 13:38:45.019, 116.66 W, 98 %
2025/12/05 13:38:45.119, 116.62 W, 98 %
2025/12/05 13:38:45.219, 116.59 W, 98 %
2025/12/05 13:38:45.319, 116.55 W, 98 %
2025/12/05 13:38:45.419, 116.54 W, 98 %
2025/12/05 13:38:45.520, 116.48 W, 98 %
2025/12/05 13:38:45.620, 116.45 W, 98 %
2025/12/05 13:38:45.720, 116.44 W, 98 %
2025/12/05 13:38:45.820, 116.48 W, 98 %
2025/12/05 13:38:45.920, 116.39 W, 98 %
2025/12/05 13:38:46.020, 116.39 W, 98 %
2025/12/05 13:38:46.120, 116.43 W, 98 %
2025/12/05 13:38:46.221, 116.47 W, 98 %
2025/12/05 13:38:46.321, 116.45 W, 98 %
2025/12/05 13:38:46.421, 116.49 W, 98 %
2025/12/05 13:38:46.521, 116.50 W, 98 %
2025/12/05 13:38:46.621, 116.54 W, 98 %
2025/12/05 13:38:46.721, 116.57 W, 98 %
2025/12/05 13:38:46.821, 116.54 W, 98 %
2025/12/05 13:38:46.922, 116.53 W, 98 %
2025/12/05 13:38:47.022, 116.59 W, 98 %
2025/12/05 13:38:47.122, 116.59 W, 98 %
2025/12/05 13:38:47.222, 116.56 W, 98 %
2025/12/05 13:38:47.322, 116.59 W, 98 %
2025/12/05 13:38:47.422, 116.56 W, 98 %
2025/12/05 13:38:47.522, 116.49 W, 98 %
2025/12/05 13:38:47.623, 116.48 W, 98 %
2025/12/05 13:38:47.723, 116.45 W, 98 %
2025/12/05 13:38:47.823, 116.46 W, 98 %
2025/12/05 13:38:47.923, 116.43 W, 98 %
2025/12/05 13:38:48.023, 116.38 W, 98 %
2025/12/05 13:38:48.123, 116.35 W, 98 %
2025/12/05 13:38:48.223, 116.33 W, 98 %
2025/12/05 13:38:48.324, 116.31 W, 98 %
2025/12/05 13:38:48.424, 116.29 W, 98 %
2025/12/05 13:38:48.524, 116.28 W, 98 %
2025/12/05 13:38:48.624, 116.30 W, 98 %
2025/12/05 13:38:48.724, 116.30 W, 98 %
2025/12/05 13:38:48.824, 116.24 W, 98 %
2025/12/05 13:38:48.924, 116.27 W, 98 %
2025/12/05 13:38:49.025, 116.29 W, 98 %
2025/12/05 13:38:49.125, 116.30 W, 98 %
2025/12/05 13:38:49.225, 116.34 W, 98 %
2025/12/05 13:38:49.325, 116.31 W, 98 %
2025/12/05 13:38:49.425, 116.30 W, 98 %
2025/12/05 13:38:49.525, 116.30 W, 98 %
2025/12/05 13:38:49.625, 116.30 W, 98 %
2025/12/05 13:38:49.726, 116.31 W, 98 %
2025/12/05 13:38:49.826, 116.30 W, 98 %
2025/12/05 13:38:49.926, 116.32 W, 98 %
2025/12/05 13:38:50.026, 116.31 W, 98 %
2025/12/05 13:38:50.126, 116.29 W, 98 %
2025/12/05 13:38:50.226, 116.30 W, 98 %
2025/12/05 13:38:50.326, 116.28 W, 98 %
2025/12/05 13:38:50.427, 116.29 W, 98 %
2025/12/05 13:38:50.527, 116.30 W, 98 %
2025/12/05 13:38:50.627, 116.32 W, 98 %
2025/12/05 13:38:50.727, 116.33 W, 98 %
2025/12/05 13:38:50.827, 116.34 W, 98 %
2025/12/05 13:38:50.927, 116.31 W, 98 %
2025/12/05 13:38:51.027, 116.33 W, 98 %
2025/12/05 13:38:51.128, 116.32 W, 98 %
2025/12/05 13:38:51.228, 116.33 W, 98 %
2025/12/05 13:38:51.328, 116.32 W, 98 %
2025/12/05 13:38:51.428, 116.27 W, 98 %
2025/12/05 13:38:51.528, 116.28 W, 98 %
2025/12/05 13:38:51.628, 116.31 W, 98 %
2025/12/05 13:38:51.728, 116.30 W, 98 %
2025/12/05 13:38:51.829, 116.29 W, 98 %
2025/12/05 13:38:51.929, 116.27 W, 98 %
2025/12/05 13:38:52.029, 116.30 W, 98 %
2025/12/05 13:38:52.129, 116.30 W, 98 %
2025/12/05 13:38:52.229, 116.25 W, 98 %
2025/12/05 13:38:52.329, 116.24 W, 98 %
2025/12/05 13:38:52.429, 116.26 W, 98 %
2025/12/05 13:38:52.530, 116.30 W, 98 %
2025/12/05 13:38:52.630, 116.29 W, 98 %
2025/12/05 13:38:52.730, 116.27 W, 98 %
2025/12/05 13:38:52.830, 116.26 W, 98 %
2025/12/05 13:38:52.930, 116.27 W, 98 %
2025/12/05 13:38:53.030, 116.27 W, 98 %
2025/12/05 13:38:53.130, 116.25 W, 98 %
2025/12/05 13:38:53.231, 116.25 W, 98 %
2025/12/05 13:38:53.331, 116.28 W, 98 %
2025/12/05 13:38:53.431, 116.28 W, 98 %
2025/12/05 13:38:53.531, 116.23 W, 98 %
2025/12/05 13:38:53.631, 116.24 W, 98 %
2025/12/05 13:38:53.731, 116.25 W, 98 %
2025/12/05 13:38:53.832, 116.26 W, 98 %
2025/12/05 13:38:53.932, 116.27 W, 98 %
2025/12/05 13:38:54.032, 116.30 W, 98 %
2025/12/05 13:38:54.132, 116.31 W, 98 %
2025/12/05 13:38:54.232, 116.34 W, 98 %
2025/12/05 13:38:54.332, 116.31 W, 98 %
2025/12/05 13:38:54.432, 116.35 W, 98 %
2025/12/05 13:38:54.532, 116.38 W, 98 %
2025/12/05 13:38:54.633, 116.44 W, 98 %
2025/12/05 13:38:54.733, 116.42 W, 98 %
2025/12/05 13:38:54.833, 116.42 W, 98 %
2025/12/05 13:38:54.933, 116.40 W, 98 %
2025/12/05 13:38:55.033, 116.41 W, 98 %
2025/12/05 13:38:55.133, 116.37 W, 98 %
2025/12/05 13:38:55.233, 116.37 W, 98 %
2025/12/05 13:38:55.334, 116.36 W, 98 %
2025/12/05 13:38:55.434, 116.38 W, 98 %
2025/12/05 13:38:55.534, 116.36 W, 98 %
2025/12/05 13:38:55.634, 116.32 W, 98 %
2025/12/05 13:38:55.734, 116.32 W, 98 %
2025/12/05 13:38:55.834, 116.34 W, 98 %
2025/12/05 13:38:55.935, 116.30 W, 98 %
2025/12/05 13:38:56.035, 116.33 W, 98 %
2025/12/05 13:38:56.135, 116.28 W, 98 %
2025/12/05 13:38:56.235, 116.28 W, 98 %
2025/12/05 13:38:56.335, 116.28 W, 98 %
2025/12/05 13:38:56.435, 116.25 W, 98 %
2025/12/05 13:38:56.535, 116.24 W, 98 %
2025/12/05 13:38:56.636, 116.23 W, 98 %
2025/12/05 13:38:56.736, 116.21 W, 98 %
2025/12/05 13:38:56.836, 116.18 W, 98 %
2025/12/05 13:38:56.936, 116.12 W, 98 %
2025/12/05 13:38:57.036, 116.17 W, 98 %
2025/12/05 13:38:57.136, 116.18 W, 98 %
2025/12/05 13:38:57.236, 116.22 W, 98 %
2025/12/05 13:38:57.337, 116.24 W, 98 %
2025/12/05 13:38:57.437, 116.25 W, 98 %
2025/12/05 13:38:57.537, 116.28 W, 98 %
2025/12/05 13:38:57.637, 116.30 W, 98 %
2025/12/05 13:38:57.737, 116.27 W, 98 %
2025/12/05 13:38:57.837, 116.32 W, 98 %
2025/12/05 13:38:57.937, 116.36 W, 98 %
2025/12/05 13:38:58.038, 116.41 W, 98 %
2025/12/05 13:38:58.138, 116.39 W, 98 %
2025/12/05 13:38:58.238, 116.36 W, 98 %
2025/12/05 13:38:58.338, 116.36 W, 98 %
2025/12/05 13:38:58.438, 116.37 W, 98 %
2025/12/05 13:38:58.538, 116.32 W, 98 %
2025/12/05 13:38:58.639, 116.33 W, 98 %
2025/12/05 13:38:58.739, 116.35 W, 98 %
2025/12/05 13:38:58.839, 116.39 W, 98 %
2025/12/05 13:38:58.939, 116.40 W, 98 %
2025/12/05 13:38:59.039, 116.39 W, 98 %
2025/12/05 13:38:59.139, 116.41 W, 98 %
2025/12/05 13:38:59.239, 116.40 W, 98 %
2025/12/05 13:38:59.340, 116.43 W, 98 %
2025/12/05 13:38:59.440, 116.43 W, 98 %
2025/12/05 13:38:59.540, 116.43 W, 98 %
2025/12/05 13:38:59.640, 116.47 W, 98 %
2025/12/05 13:38:59.740, 116.45 W, 98 %
2025/12/05 13:38:59.840, 116.41 W, 98 %
2025/12/05 13:38:59.940, 116.41 W, 98 %
2025/12/05 13:39:00.041, 116.38 W, 98 %
2025/12/05 13:39:00.141, 116.37 W, 98 %
2025/12/05 13:39:00.241, 116.38 W, 98 %
2025/12/05 13:39:00.341, 116.40 W, 98 %
2025/12/05 13:39:00.441, 116.41 W, 98 %
2025/12/05 13:39:00.541, 116.41 W, 98 %
2025/12/05 13:39:00.641, 116.37 W, 98 %
2025/12/05 13:39:00.742, 116.36 W, 98 %
2025/12/05 13:39:00.842, 116.38 W, 98 %
2025/12/05 13:39:00.942, 116.40 W, 98 %
2025/12/05 13:39:01.042, 116.44 W, 98 %
2025/12/05 13:39:01.142, 116.43 W, 98 %
2025/12/05 13:39:01.242, 116.45 W, 98 %
2025/12/05 13:39:01.342, 116.45 W, 98 %
2025/12/05 13:39:01.443, 116.44 W, 98 %
2025/12/05 13:39:01.543, 116.40 W, 98 %
2025/12/05 13:39:01.643, 116.42 W, 98 %
2025/12/05 13:39:01.743, 116.46 W, 98 %
2025/12/05 13:39:01.843, 116.50 W, 98 %
2025/12/05 13:39:01.943, 116.49 W, 98 %
2025/12/05 13:39:02.043, 116.50 W, 98 %
2025/12/05 13:39:02.144, 116.48 W, 98 %
2025/12/05 13:39:02.244, 116.50 W, 98 %
2025/12/05 13:39:02.344, 116.50 W, 98 %
2025/12/05 13:39:02.444, 116.50 W, 98 %
2025/12/05 13:39:02.544, 116.52 W, 98 %
2025/12/05 13:39:02.644, 116.58 W, 98 %
2025/12/05 13:39:02.744, 116.56 W, 98 %
2025/12/05 13:39:02.845, 116.56 W, 98 %
2025/12/05 13:39:02.945, 116.54 W, 98 %
2025/12/05 13:39:03.045, 116.54 W, 98 %
2025/12/05 13:39:03.145, 116.57 W, 98 %
2025/12/05 13:39:03.245, 116.54 W, 98 %
2025/12/05 13:39:03.345, 116.58 W, 98 %
2025/12/05 13:39:03.445, 116.60 W, 98 %
2025/12/05 13:39:03.546, 116.55 W, 98 %
2025/12/05 13:39:03.646, 116.07 W, 98 %
2025/12/05 13:39:03.746, 116.07 W, 98 %
2025/12/05 13:39:03.846, 116.08 W, 98 %
2025/12/05 13:39:03.946, 116.10 W, 98 %
2025/12/05 13:39:04.046, 116.10 W, 98 %
2025/12/05 13:39:04.146, 116.11 W, 98 %
2025/12/05 13:39:04.247, 116.09 W, 98 %
2025/12/05 13:39:04.347, 116.11 W, 98 %
2025/12/05 13:39:04.447, 116.09 W, 98 %
2025/12/05 13:39:04.547, 116.07 W, 98 %
2025/12/05 13:39:04.647, 116.08 W, 98 %
2025/12/05 13:39:04.747, 116.58 W, 98 %
2025/12/05 13:39:04.847, 116.53 W, 98 %
2025/12/05 13:39:04.948, 116.53 W, 98 %
2025/12/05 13:39:05.048, 116.51 W, 98 %
2025/12/05 13:39:05.148, 116.51 W, 98 %
2025/12/05 13:39:05.248, 116.50 W, 98 %
2025/12/05 13:39:05.348, 116.48 W, 98 %
2025/12/05 13:39:05.448, 116.47 W, 98 %
2025/12/05 13:39:05.548, 116.48 W, 98 %
2025/12/05 13:39:05.649, 116.44 W, 98 %
2025/12/05 13:39:05.749, 116.45 W, 98 %
2025/12/05 13:39:05.849, 116.44 W, 98 %
2025/12/05 13:39:05.949, 116.45 W, 98 %
2025/12/05 13:39:06.049, 116.45 W, 98 %
2025/12/05 13:39:06.149, 116.41 W, 98 %
2025/12/05 13:39:06.249, 116.42 W, 98 %
2025/12/05 13:39:06.350, 116.42 W, 98 %
2025/12/05 13:39:06.450, 116.42 W, 98 %
2025/12/05 13:39:06.550, 116.41 W, 98 %
2025/12/05 13:39:06.650, 116.39 W, 98 %
2025/12/05 13:39:06.750, 116.43 W, 98 %
2025/12/05 13:39:06.850, 116.47 W, 98 %
2025/12/05 13:39:06.950, 116.42 W, 98 %
2025/12/05 13:39:07.051, 116.45 W, 98 %
2025/12/05 13:39:07.151, 116.46 W, 98 %
2025/12/05 13:39:07.251, 116.51 W, 98 %
2025/12/05 13:39:07.351, 116.52 W, 98 %
2025/12/05 13:39:07.451, 116.54 W, 98 %
2025/12/05 13:39:07.551, 116.56 W, 98 %
2025/12/05 13:39:07.651, 116.60 W, 98 %
2025/12/05 13:39:07.752, 116.56 W, 98 %
2025/12/05 13:39:07.852, 116.55 W, 98 %
2025/12/05 13:39:07.952, 116.54 W, 98 %
2025/12/05 13:39:08.052, 116.58 W, 98 %
2025/12/05 13:39:08.152, 116.57 W, 98 %
2025/12/05 13:39:08.252, 116.54 W, 98 %
2025/12/05 13:39:08.352, 116.54 W, 98 %
2025/12/05 13:39:08.453, 116.54 W, 98 %
2025/12/05 13:39:08.553, 116.50 W, 98 %
2025/12/05 13:39:08.653, 116.50 W, 98 %
2025/12/05 13:39:08.753, 116.47 W, 98 %
2025/12/05 13:39:08.853, 116.49 W, 98 %
2025/12/05 13:39:08.953, 116.51 W, 98 %
2025/12/05 13:39:09.054, 116.49 W, 98 %
2025/12/05 13:39:09.154, 116.50 W, 98 %
2025/12/05 13:39:09.254, 116.49 W, 98 %
2025/12/05 13:39:09.354, 116.48 W, 98 %
2025/12/05 13:39:09.454, 116.47 W, 98 %
2025/12/05 13:39:09.554, 116.46 W, 98 %
2025/12/05 13:39:09.654, 116.49 W, 98 %
2025/12/05 13:39:09.755, 116.49 W, 98 %
2025/12/05 13:39:09.855, 116.45 W, 98 %
2025/12/05 13:39:09.955, 116.45 W, 98 %
2025/12/05 13:39:10.055, 116.46 W, 98 %
2025/12/05 13:39:10.155, 116.46 W, 98 %
2025/12/05 13:39:10.255, 116.46 W, 98 %
2025/12/05 13:39:10.355, 116.43 W, 98 %
2025/12/05 13:39:10.456, 116.46 W, 98 %
2025/12/05 13:39:10.556, 116.46 W, 98 %
2025/12/05 13:39:10.656, 116.43 W, 98 %
2025/12/05 13:39:10.756, 116.45 W, 98 %
2025/12/05 13:39:10.856, 116.46 W, 98 %
2025/12/05 13:39:10.956, 116.52 W, 98 %
2025/12/05 13:39:11.056, 116.56 W, 98 %
2025/12/05 13:39:11.157, 116.51 W, 98 %
2025/12/05 13:39:11.257, 116.51 W, 98 %
2025/12/05 13:39:11.357, 116.51 W, 98 %
2025/12/05 13:39:11.457, 116.48 W, 98 %
2025/12/05 13:39:11.557, 116.47 W, 98 %
2025/12/05 13:39:11.657, 116.47 W, 98 %
2025/12/05 13:39:11.757, 116.47 W, 98 %
2025/12/05 13:39:11.858, 116.46 W, 98 %
2025/12/05 13:39:11.958, 116.38 W, 98 %
2025/12/05 13:39:12.058, 116.35 W, 98 %
2025/12/05 13:39:12.158, 116.32 W, 98 %
2025/12/05 13:39:12.258, 116.35 W, 98 %
2025/12/05 13:39:12.358, 116.34 W, 98 %
2025/12/05 13:39:12.458, 116.36 W, 98 %
2025/12/05 13:39:12.559, 116.41 W, 98 %
2025/12/05 13:39:12.659, 116.40 W, 98 %
2025/12/05 13:39:12.759, 116.37 W, 98 %
2025/12/05 13:39:12.859, 116.39 W, 98 %
2025/12/05 13:39:12.959, 116.39 W, 98 %
2025/12/05 13:39:13.059, 116.42 W, 98 %
2025/12/05 13:39:13.159, 116.44 W, 98 %
2025/12/05 13:39:13.260, 116.46 W, 98 %
2025/12/05 13:39:13.360, 116.44 W, 98 %
2025/12/05 13:39:13.460, 116.47 W, 98 %
2025/12/05 13:39:13.560, 116.43 W, 98 %
2025/12/05 13:39:13.660, 116.42 W, 98 %
2025/12/05 13:39:13.760, 116.45 W, 98 %
2025/12/05 13:39:13.860, 116.46 W, 98 %
2025/12/05 13:39:13.961, 116.45 W, 98 %
2025/12/05 13:39:14.061, 116.44 W, 98 %
2025/12/05 13:39:14.161, 116.47 W, 98 %
2025/12/05 13:39:14.261, 116.46 W, 98 %
2025/12/05 13:39:14.361, 116.39 W, 98 %
2025/12/05 13:39:14.461, 116.40 W, 98 %
2025/12/05 13:39:14.561, 116.40 W, 98 %
2025/12/05 13:39:14.662, 116.43 W, 98 %
2025/12/05 13:39:14.762, 116.43 W, 98 %
2025/12/05 13:39:14.862, 116.44 W, 98 %
2025/12/05 13:39:14.962, 116.50 W, 98 %
2025/12/05 13:39:15.062, 116.55 W, 98 %
2025/12/05 13:39:15.162, 116.52 W, 98 %
2025/12/05 13:39:15.262, 116.53 W, 98 %
2025/12/05 13:39:15.363, 116.53 W, 98 %
2025/12/05 13:39:15.463, 116.56 W, 98 %
2025/12/05 13:39:15.563, 116.59 W, 98 %
2025/12/05 13:39:15.663, 116.60 W, 98 %
2025/12/05 13:39:15.763, 116.61 W, 98 %
2025/12/05 13:39:15.863, 116.62 W, 98 %
2025/12/05 13:39:15.963, 116.55 W, 98 %
2025/12/05 13:39:16.064, 116.49 W, 98 %
2025/12/05 13:39:16.164, 116.45 W, 98 %
2025/12/05 13:39:16.264, 116.46 W, 98 %
2025/12/05 13:39:16.364, 116.46 W, 98 %
2025/12/05 13:39:16.464, 116.44 W, 98 %
2025/12/05 13:39:16.564, 116.44 W, 98 %
2025/12/05 13:39:16.664, 116.40 W, 98 %
2025/12/05 13:39:16.765, 116.33 W, 98 %
2025/12/05 13:39:16.865, 116.32 W, 98 %
2025/12/05 13:39:16.965, 116.32 W, 98 %
2025/12/05 13:39:17.065, 116.38 W, 98 %
2025/12/05 13:39:17.165, 116.43 W, 98 %
2025/12/05 13:39:17.265, 116.43 W, 98 %
2025/12/05 13:39:17.365, 116.46 W, 98 %
2025/12/05 13:39:17.466, 116.50 W, 98 %
2025/12/05 13:39:17.566, 116.54 W, 98 %
2025/12/05 13:39:17.666, 116.60 W, 98 %
2025/12/05 13:39:17.766, 116.67 W, 98 %
2025/12/05 13:39:17.866, 116.72 W, 98 %
2025/12/05 13:39:17.966, 116.76 W, 98 %
2025/12/05 13:39:18.066, 116.70 W, 98 %
2025/12/05 13:39:18.167, 116.69 W, 98 %
2025/12/05 13:39:18.267, 116.68 W, 98 %
2025/12/05 13:39:18.367, 116.67 W, 98 %
2025/12/05 13:39:18.467, 116.67 W, 98 %
2025/12/05 13:39:18.567, 116.67 W, 98 %
2025/12/05 13:39:18.667, 116.63 W, 98 %
2025/12/05 13:39:18.767, 116.57 W, 98 %
2025/12/05 13:39:18.868, 116.49 W, 98 %
2025/12/05 13:39:18.968, 116.50 W, 98 %
2025/12/05 13:39:19.068, 116.48 W, 98 %
2025/12/05 13:39:19.168, 116.52 W, 98 %
2025/12/05 13:39:19.268, 116.54 W, 98 %
2025/12/05 13:39:19.368, 116.47 W, 98 %
2025/12/05 13:39:19.468, 116.44 W, 98 %
2025/12/05 13:39:19.569, 116.40 W, 98 %
2025/12/05 13:39:19.669, 116.31 W, 98 %
2025/12/05 13:39:19.769, 116.33 W, 98 %
2025/12/05 13:39:19.869, 116.33 W, 98 %
2025/12/05 13:39:19.969, 116.32 W, 98 %
2025/12/05 13:39:20.069, 116.29 W, 98 %
2025/12/05 13:39:20.169, 116.25 W, 98 %
2025/12/05 13:39:20.270, 116.22 W, 98 %
2025/12/05 13:39:20.370, 116.17 W, 98 %
2025/12/05 13:39:20.470, 116.15 W, 98 %
2025/12/05 13:39:20.570, 116.19 W, 98 %
2025/12/05 13:39:20.670, 116.20 W, 98 %
2025/12/05 13:39:20.770, 116.20 W, 98 %
2025/12/05 13:39:20.871, 116.20 W, 98 %
2025/12/05 13:39:20.971, 116.14 W, 98 %
2025/12/05 13:39:21.071, 116.17 W, 98 %
2025/12/05 13:39:21.171, 116.15 W, 98 %
2025/12/05 13:39:21.271, 116.13 W, 98 %
2025/12/05 13:39:21.371, 116.17 W, 98 %
2025/12/05 13:39:21.471, 116.21 W, 98 %
2025/12/05 13:39:21.572, 116.19 W, 98 %
2025/12/05 13:39:21.672, 116.17 W, 98 %
2025/12/05 13:39:21.772, 116.19 W, 98 %
2025/12/05 13:39:21.872, 116.19 W, 98 %
2025/12/05 13:39:21.972, 116.22 W, 98 %
2025/12/05 13:39:22.072, 116.25 W, 98 %
2025/12/05 13:39:22.172, 116.27 W, 98 %
2025/12/05 13:39:22.273, 116.31 W, 98 %
2025/12/05 13:39:22.373, 116.32 W, 98 %
2025/12/05 13:39:22.473, 116.29 W, 98 %
2025/12/05 13:39:22.573, 116.32 W, 98 %
2025/12/05 13:39:22.673, 116.36 W, 98 %
2025/12/05 13:39:22.773, 116.37 W, 98 %
2025/12/05 13:39:22.873, 116.37 W, 98 %
2025/12/05 13:39:22.974, 116.29 W, 98 %
2025/12/05 13:39:23.074, 116.32 W, 98 %
2025/12/05 13:39:23.174, 116.31 W, 98 %
2025/12/05 13:39:23.274, 116.24 W, 98 %
2025/12/05 13:39:23.374, 116.25 W, 98 %
2025/12/05 13:39:23.474, 116.29 W, 98 %
2025/12/05 13:39:23.574, 116.31 W, 98 %
2025/12/05 13:39:23.675, 116.31 W, 98 %
2025/12/05 13:39:23.775, 116.24 W, 98 %
2025/12/05 13:39:23.875, 116.27 W, 98 %
2025/12/05 13:39:23.975, 116.31 W, 98 %
2025/12/05 13:39:24.075, 116.37 W, 98 %
2025/12/05 13:39:24.175, 116.36 W, 98 %
2025/12/05 13:39:24.275, 116.39 W, 98 %
2025/12/05 13:39:24.376, 116.44 W, 98 %
2025/12/05 13:39:24.476, 116.40 W, 98 %
2025/12/05 13:39:24.576, 116.35 W, 98 %
2025/12/05 13:39:24.676, 116.32 W, 98 %
2025/12/05 13:39:24.776, 116.30 W, 98 %
2025/12/05 13:39:24.876, 116.31 W, 98 %
2025/12/05 13:39:24.976, 116.31 W, 98 %
2025/12/05 13:39:25.077, 116.29 W, 98 %
2025/12/05 13:39:25.177, 116.30 W, 98 %
2025/12/05 13:39:25.277, 116.33 W, 98 %
2025/12/05 13:39:25.377, 116.30 W, 98 %
2025/12/05 13:39:25.477, 116.31 W, 98 %
2025/12/05 13:39:25.577, 116.33 W, 98 %
2025/12/05 13:39:25.677, 116.36 W, 98 %
2025/12/05 13:39:25.778, 116.38 W, 98 %
2025/12/05 13:39:25.878, 116.43 W, 98 %
2025/12/05 13:39:25.978, 116.43 W, 98 %
2025/12/05 13:39:26.078, 116.43 W, 98 %
2025/12/05 13:39:26.178, 116.42 W, 98 %
2025/12/05 13:39:26.278, 116.43 W, 98 %
2025/12/05 13:39:26.378, 116.39 W, 98 %
2025/12/05 13:39:26.479, 116.40 W, 98 %
2025/12/05 13:39:26.579, 116.42 W, 98 %
2025/12/05 13:39:26.679, 116.47 W, 98 %
2025/12/05 13:39:26.779, 116.49 W, 98 %
2025/12/05 13:39:26.879, 116.49 W, 98 %
2025/12/05 13:39:26.979, 116.45 W, 98 %
2025/12/05 13:39:27.079, 116.48 W, 98 %
2025/12/05 13:39:27.180, 116.48 W, 98 %
2025/12/05 13:39:27.280, 116.50 W, 98 %
2025/12/05 13:39:27.380, 116.54 W, 98 %
2025/12/05 13:39:27.480, 116.53 W, 98 %
2025/12/05 13:39:27.580, 116.51 W, 98 %
2025/12/05 13:39:27.680, 116.53 W, 98 %
2025/12/05 13:39:27.780, 116.47 W, 98 %
2025/12/05 13:39:27.881, 116.49 W, 98 %
2025/12/05 13:39:27.981, 116.52 W, 98 %
2025/12/05 13:39:28.081, 116.53 W, 98 %
2025/12/05 13:39:28.181, 116.53 W, 98 %
2025/12/05 13:39:28.281, 116.44 W, 98 %
2025/12/05 13:39:28.381, 116.42 W, 98 %
2025/12/05 13:39:28.481, 116.38 W, 98 %
2025/12/05 13:39:28.582, 116.37 W, 98 %
2025/12/05 13:39:28.682, 116.40 W, 98 %
2025/12/05 13:39:28.782, 116.40 W, 98 %
2025/12/05 13:39:28.882, 116.39 W, 98 %
2025/12/05 13:39:28.982, 116.39 W, 98 %
2025/12/05 13:39:29.082, 116.34 W, 98 %
2025/12/05 13:39:29.182, 116.36 W, 98 %
2025/12/05 13:39:29.283, 116.35 W, 98 %
2025/12/05 13:39:29.383, 116.40 W, 98 %
2025/12/05 13:39:29.483, 116.42 W, 98 %
2025/12/05 13:39:29.583, 116.43 W, 98 %
2025/12/05 13:39:29.683, 116.48 W, 98 %
2025/12/05 13:39:29.783, 116.51 W, 98 %
2025/12/05 13:39:29.883, 116.46 W, 98 %
2025/12/05 13:39:29.984, 116.49 W, 98 %
2025/12/05 13:39:30.084, 116.48 W, 98 %
2025/12/05 13:39:30.184, 116.50 W, 98 %
2025/12/05 13:39:30.284, 116.48 W, 98 %
2025/12/05 13:39:30.384, 116.48 W, 98 %
2025/12/05 13:39:30.484, 116.48 W, 98 %
2025/12/05 13:39:30.584, 116.52 W, 98 %
2025/12/05 13:39:30.685, 116.51 W, 98 %
2025/12/05 13:39:30.785, 116.55 W, 98 %
2025/12/05 13:39:30.885, 116.53 W, 98 %
2025/12/05 13:39:30.985, 116.55 W, 98 %
2025/12/05 13:39:31.085, 116.57 W, 98 %
2025/12/05 13:39:31.185, 116.57 W, 98 %
2025/12/05 13:39:31.285, 116.60 W, 98 %
2025/12/05 13:39:31.386, 116.62 W, 98 %
2025/12/05 13:39:31.486, 116.61 W, 98 %
2025/12/05 13:39:31.586, 116.65 W, 98 %
2025/12/05 13:39:31.686, 116.65 W, 98 %
2025/12/05 13:39:31.786, 116.65 W, 98 %
2025/12/05 13:39:31.886, 116.62 W, 98 %
2025/12/05 13:39:31.987, 116.64 W, 98 %
2025/12/05 13:39:32.087, 116.67 W, 98 %
2025/12/05 13:39:32.187, 116.67 W, 98 %
2025/12/05 13:39:32.287, 116.66 W, 98 %
2025/12/05 13:39:32.387, 116.67 W, 98 %
2025/12/05 13:39:32.487, 116.64 W, 98 %
2025/12/05 13:39:32.587, 116.67 W, 98 %
2025/12/05 13:39:32.688, 116.69 W, 98 %
2025/12/05 13:39:32.788, 116.72 W, 98 %
2025/12/05 13:39:32.888, 116.74 W, 98 %
2025/12/05 13:39:32.988, 116.76 W, 98 %
2025/12/05 13:39:33.088, 116.74 W, 98 %
2025/12/05 13:39:33.188, 116.72 W, 98 %
2025/12/05 13:39:33.288, 116.72 W, 98 %
2025/12/05 13:39:33.389, 116.70 W, 98 %
2025/12/05 13:39:33.489, 116.68 W, 98 %
2025/12/05 13:39:33.589, 116.70 W, 98 %
2025/12/05 13:39:33.689, 116.68 W, 98 %
2025/12/05 13:39:33.789, 116.67 W, 98 %
2025/12/05 13:39:33.889, 116.59 W, 98 %
2025/12/05 13:39:33.989, 116.58 W, 98 %
2025/12/05 13:39:34.090, 116.58 W, 98 %
2025/12/05 13:39:34.190, 116.58 W, 98 %
2025/12/05 13:39:34.290, 116.61 W, 98 %
2025/12/05 13:39:34.390, 116.65 W, 98 %
2025/12/05 13:39:34.490, 116.67 W, 98 %
2025/12/05 13:39:34.590, 116.68 W, 98 %
2025/12/05 13:39:34.690, 116.64 W, 98 %
2025/12/05 13:39:34.791, 116.63 W, 98 %
2025/12/05 13:39:34.891, 116.60 W, 98 %
2025/12/05 13:39:34.991, 116.62 W, 98 %
2025/12/05 13:39:35.091, 116.61 W, 98 %
2025/12/05 13:39:35.191, 116.59 W, 98 %
2025/12/05 13:39:35.291, 116.57 W, 98 %
2025/12/05 13:39:35.391, 116.53 W, 98 %
2025/12/05 13:39:35.492, 116.47 W, 98 %
2025/12/05 13:39:35.592, 116.46 W, 98 %
2025/12/05 13:39:35.692, 116.45 W, 98 %
2025/12/05 13:39:35.792, 116.46 W, 98 %
2025/12/05 13:39:35.892, 116.51 W, 98 %
2025/12/05 13:39:35.992, 116.53 W, 98 %
2025/12/05 13:39:36.092, 116.52 W, 98 %
2025/12/05 13:39:36.193, 116.52 W, 98 %
2025/12/05 13:39:36.293, 116.48 W, 98 %
2025/12/05 13:39:36.393, 116.49 W, 98 %
2025/12/05 13:39:36.493, 116.51 W, 98 %
2025/12/05 13:39:36.593, 116.54 W, 98 %
2025/12/05 13:39:36.693, 116.59 W, 98 %
2025/12/05 13:39:36.793, 116.60 W, 98 %
2025/12/05 13:39:36.894, 116.64 W, 98 %
2025/12/05 13:39:36.994, 116.62 W, 98 %
2025/12/05 13:39:37.094, 116.61 W, 98 %
2025/12/05 13:39:37.194, 116.64 W, 98 %
2025/12/05 13:39:37.294, 116.66 W, 98 %
2025/12/05 13:39:37.394, 116.70 W, 98 %
2025/12/05 13:39:37.494, 116.72 W, 98 %
2025/12/05 13:39:37.595, 116.71 W, 98 %
2025/12/05 13:39:37.695, 116.68 W, 98 %
2025/12/05 13:39:37.795, 116.66 W, 98 %
2025/12/05 13:39:37.895, 116.64 W, 98 %
2025/12/05 13:39:37.995, 116.64 W, 98 %
2025/12/05 13:39:38.095, 116.65 W, 98 %
2025/12/05 13:39:38.195, 116.65 W, 98 %
2025/12/05 13:39:38.296, 116.63 W, 98 %
2025/12/05 13:39:38.396, 116.65 W, 98 %
2025/12/05 13:39:38.496, 116.66 W, 98 %
2025/12/05 13:39:38.596, 116.67 W, 98 %
2025/12/05 13:39:38.696, 116.65 W, 98 %
2025/12/05 13:39:38.796, 116.65 W, 98 %
2025/12/05 13:39:38.896, 116.68 W, 98 %
2025/12/05 13:39:38.997, 116.70 W, 98 %
2025/12/05 13:39:39.097, 116.69 W, 98 %
2025/12/05 13:39:39.197, 116.71 W, 98 %
2025/12/05 13:39:39.297, 116.71 W, 98 %
2025/12/05 13:39:39.397, 116.77 W, 98 %
2025/12/05 13:39:39.497, 116.74 W, 98 %
2025/12/05 13:39:39.598, 116.74 W, 98 %
2025/12/05 13:39:39.698, 116.75 W, 98 %
2025/12/05 13:39:39.798, 116.79 W, 98 %
2025/12/05 13:39:39.898, 116.81 W, 98 %
2025/12/05 13:39:39.998, 116.80 W, 98 %
2025/12/05 13:39:40.098, 116.79 W, 98 %
2025/12/05 13:39:40.198, 116.81 W, 98 %
2025/12/05 13:39:40.299, 116.77 W, 98 %
2025/12/05 13:39:40.399, 116.81 W, 98 %
2025/12/05 13:39:40.499, 116.79 W, 98 %
2025/12/05 13:39:40.599, 116.79 W, 98 %
2025/12/05 13:39:40.699, 116.82 W, 98 %
2025/12/05 13:39:40.799, 116.78 W, 98 %
2025/12/05 13:39:40.899, 116.80 W, 98 %
2025/12/05 13:39:41.000, 116.83 W, 98 %
2025/12/05 13:39:41.100, 116.81 W, 98 %
2025/12/05 13:39:41.200, 116.80 W, 98 %
2025/12/05 13:39:41.300, 116.76 W, 98 %
2025/12/05 13:39:41.400, 116.74 W, 98 %
2025/12/05 13:39:41.500, 116.69 W, 98 %
2025/12/05 13:39:41.600, 116.63 W, 98 %
2025/12/05 13:39:41.701, 116.62 W, 98 %
2025/12/05 13:39:41.801, 116.56 W, 98 %
2025/12/05 13:39:41.901, 116.54 W, 98 %
2025/12/05 13:39:42.001, 116.50 W, 98 %
2025/12/05 13:39:42.101, 116.47 W, 98 %
2025/12/05 13:39:42.201, 116.48 W, 98 %
2025/12/05 13:39:42.301, 116.52 W, 98 %
2025/12/05 13:39:42.402, 116.51 W, 98 %
2025/12/05 13:39:42.502, 116.55 W, 98 %
2025/12/05 13:39:42.602, 116.61 W, 98 %
2025/12/05 13:39:42.702, 116.68 W, 98 %
2025/12/05 13:39:42.802, 116.70 W, 98 %
2025/12/05 13:39:42.902, 116.73 W, 98 %
2025/12/05 13:39:43.002, 116.75 W, 98 %
2025/12/05 13:39:43.103, 116.76 W, 98 %
2025/12/05 13:39:43.203, 116.74 W, 98 %
2025/12/05 13:39:43.303, 116.77 W, 98 %
2025/12/05 13:39:43.403, 116.76 W, 98 %
2025/12/05 13:39:43.503, 116.78 W, 98 %
2025/12/05 13:39:43.603, 116.76 W, 98 %
2025/12/05 13:39:43.703, 116.74 W, 98 %
2025/12/05 13:39:43.804, 116.73 W, 98 %
2025/12/05 13:39:43.904, 116.74 W, 98 %
2025/12/05 13:39:44.004, 116.68 W, 98 %
2025/12/05 13:39:44.104, 116.69 W, 98 %
2025/12/05 13:39:44.204, 116.71 W, 98 %
2025/12/05 13:39:44.304, 116.68 W, 98 %
2025/12/05 13:39:44.404, 116.66 W, 98 %
2025/12/05 13:39:44.505, 116.64 W, 98 %
2025/12/05 13:39:44.605, 116.64 W, 98 %
2025/12/05 13:39:44.705, 116.69 W, 98 %
2025/12/05 13:39:44.805, 116.63 W, 98 %
2025/12/05 13:39:44.905, 116.59 W, 98 %
2025/12/05 13:39:45.005, 116.58 W, 98 %
2025/12/05 13:39:45.105, 116.59 W, 98 %
2025/12/05 13:39:45.206, 116.58 W, 98 %
2025/12/05 13:39:45.306, 116.57 W, 98 %
2025/12/05 13:39:45.406, 116.62 W, 98 %
2025/12/05 13:39:45.506, 116.62 W, 98 %
2025/12/05 13:39:45.606, 116.58 W, 98 %
2025/12/05 13:39:45.706, 116.58 W, 98 %
2025/12/05 13:39:45.806, 116.56 W, 98 %
2025/12/05 13:39:45.907, 116.57 W, 98 %
2025/12/05 13:39:46.007, 116.58 W, 98 %
2025/12/05 13:39:46.107, 116.55 W, 98 %
2025/12/05 13:39:46.207, 116.58 W, 98 %
2025/12/05 13:39:46.307, 116.59 W, 98 %
2025/12/05 13:39:46.407, 116.55 W, 98 %
2025/12/05 13:39:46.507, 116.53 W, 98 %
2025/12/05 13:39:46.608, 116.53 W, 98 %
2025/12/05 13:39:46.708, 116.54 W, 98 %
2025/12/05 13:39:46.808, 116.54 W, 98 %
2025/12/05 13:39:46.908, 116.54 W, 98 %
2025/12/05 13:39:47.008, 116.56 W, 98 %
2025/12/05 13:39:47.108, 116.59 W, 98 %
2025/12/05 13:39:47.209, 116.58 W, 98 %
2025/12/05 13:39:47.309, 116.59 W, 98 %
2025/12/05 13:39:47.409, 116.58 W, 98 %
2025/12/05 13:39:47.509, 116.61 W, 98 %
2025/12/05 13:39:47.609, 116.61 W, 98 %
2025/12/05 13:39:47.709, 116.61 W, 98 %
2025/12/05 13:39:47.809, 116.62 W, 98 %
2025/12/05 13:39:47.910, 116.67 W, 98 %
2025/12/05 13:39:48.010, 116.65 W, 98 %
2025/12/05 13:39:48.110, 116.68 W, 98 %
2025/12/05 13:39:48.210, 116.68 W, 98 %
2025/12/05 13:39:48.310, 116.67 W, 98 %
2025/12/05 13:39:48.410, 116.67 W, 98 %
2025/12/05 13:39:48.510, 116.67 W, 98 %
2025/12/05 13:39:48.611, 116.68 W, 98 %
2025/12/05 13:39:48.711, 116.71 W, 98 %
2025/12/05 13:39:48.811, 116.67 W, 98 %
2025/12/05 13:39:48.911, 116.71 W, 98 %
2025/12/05 13:39:49.011, 116.71 W, 98 %
2025/12/05 13:39:49.111, 116.71 W, 98 %
2025/12/05 13:39:49.211, 116.70 W, 98 %
2025/12/05 13:39:49.312, 116.69 W, 98 %
2025/12/05 13:39:49.412, 116.74 W, 98 %
2025/12/05 13:39:49.512, 116.74 W, 98 %
2025/12/05 13:39:49.612, 115.94 W, 98 %
2025/12/05 13:39:49.712, 115.93 W, 87 %
2025/12/05 13:39:49.812, 115.90 W, 87 %
2025/12/05 13:39:49.912, 115.98 W, 98 %
2025/12/05 13:39:50.013, 115.96 W, 98 %
2025/12/05 13:39:50.113, 115.93 W, 98 %
2025/12/05 13:39:50.213, 115.97 W, 98 %
2025/12/05 13:39:50.313, 115.94 W, 98 %
2025/12/05 13:39:50.413, 115.97 W, 98 %
2025/12/05 13:39:50.513, 115.97 W, 98 %
2025/12/05 13:39:50.613, 115.99 W, 98 %
2025/12/05 13:39:50.714, 116.82 W, 98 %
2025/12/05 13:39:50.814, 116.81 W, 98 %
2025/12/05 13:39:50.914, 116.82 W, 98 %
2025/12/05 13:39:51.014, 116.76 W, 98 %
2025/12/05 13:39:51.114, 116.75 W, 98 %
2025/12/05 13:39:51.214, 116.77 W, 98 %
2025/12/05 13:39:51.314, 116.73 W, 98 %
2025/12/05 13:39:51.415, 116.73 W, 98 %
2025/12/05 13:39:51.515, 116.71 W, 98 %
2025/12/05 13:39:51.615, 116.72 W, 98 %
2025/12/05 13:39:51.715, 116.69 W, 98 %
2025/12/05 13:39:51.815, 116.69 W, 98 %
2025/12/05 13:39:51.915, 116.72 W, 98 %
2025/12/05 13:39:52.015, 116.77 W, 98 %
2025/12/05 13:39:52.116, 116.79 W, 98 %
2025/12/05 13:39:52.216, 116.78 W, 98 %
2025/12/05 13:39:52.316, 116.78 W, 98 %
2025/12/05 13:39:52.416, 116.78 W, 98 %
2025/12/05 13:39:52.516, 116.80 W, 98 %
2025/12/05 13:39:52.616, 116.79 W, 98 %
2025/12/05 13:39:52.716, 116.75 W, 98 %
2025/12/05 13:39:52.817, 116.74 W, 98 %
2025/12/05 13:39:52.917, 116.69 W, 98 %
2025/12/05 13:39:53.017, 116.71 W, 98 %
2025/12/05 13:39:53.117, 116.67 W, 98 %
2025/12/05 13:39:53.217, 116.64 W, 98 %
2025/12/05 13:39:53.317, 116.65 W, 98 %
2025/12/05 13:39:53.417, 116.61 W, 98 %
2025/12/05 13:39:53.518, 116.62 W, 98 %
2025/12/05 13:39:53.618, 116.59 W, 98 %
2025/12/05 13:39:53.718, 116.58 W, 98 %
2025/12/05 13:39:53.818, 116.59 W, 98 %
2025/12/05 13:39:53.918, 116.60 W, 98 %
2025/12/05 13:39:54.018, 116.62 W, 98 %
2025/12/05 13:39:54.118, 116.56 W, 98 %
2025/12/05 13:39:54.219, 116.52 W, 98 %
2025/12/05 13:39:54.319, 116.56 W, 98 %
2025/12/05 13:39:54.419, 116.57 W, 98 %
2025/12/05 13:39:54.519, 116.60 W, 98 %
2025/12/05 13:39:54.619, 116.62 W, 98 %
2025/12/05 13:39:54.719, 116.61 W, 98 %
2025/12/05 13:39:54.819, 116.54 W, 98 %
2025/12/05 13:39:54.920, 116.56 W, 98 %
2025/12/05 13:39:55.020, 116.53 W, 98 %
2025/12/05 13:39:55.120, 116.51 W, 98 %
2025/12/05 13:39:55.220, 116.52 W, 98 %
2025/12/05 13:39:55.320, 116.55 W, 98 %
2025/12/05 13:39:55.420, 116.53 W, 98 %
2025/12/05 13:39:55.520, 116.46 W, 98 %
2025/12/05 13:39:55.621, 116.43 W, 98 %
2025/12/05 13:39:55.721, 116.40 W, 98 %
2025/12/05 13:39:55.821, 116.42 W, 98 %
2025/12/05 13:39:55.921, 116.49 W, 98 %
2025/12/05 13:39:56.021, 116.46 W, 98 %
2025/12/05 13:39:56.121, 116.47 W, 98 %
2025/12/05 13:39:56.221, 116.51 W, 98 %
2025/12/05 13:39:56.322, 116.52 W, 98 %
2025/12/05 13:39:56.422, 116.54 W, 98 %
2025/12/05 13:39:56.522, 116.54 W, 98 %
2025/12/05 13:39:56.622, 116.61 W, 98 %
2025/12/05 13:39:56.722, 116.66 W, 98 %
2025/12/05 13:39:56.822, 116.64 W, 98 %
2025/12/05 13:39:56.922, 116.64 W, 98 %
2025/12/05 13:39:57.023, 116.66 W, 98 %
2025/12/05 13:39:57.123, 116.67 W, 98 %
2025/12/05 13:39:57.223, 116.70 W, 98 %
2025/12/05 13:39:57.323, 116.72 W, 98 %
2025/12/05 13:39:57.423, 116.71 W, 98 %
2025/12/05 13:39:57.523, 116.68 W, 98 %
2025/12/05 13:39:57.623, 116.67 W, 98 %
2025/12/05 13:39:57.724, 116.67 W, 98 %
2025/12/05 13:39:57.824, 116.65 W, 98 %
2025/12/05 13:39:57.924, 116.69 W, 98 %
2025/12/05 13:39:58.024, 116.70 W, 98 %
2025/12/05 13:39:58.124, 116.70 W, 98 %
2025/12/05 13:39:58.224, 116.74 W, 98 %
2025/12/05 13:39:58.324, 116.73 W, 98 %
2025/12/05 13:39:58.425, 116.69 W, 98 %
2025/12/05 13:39:58.525, 116.72 W, 98 %
2025/12/05 13:39:58.625, 116.78 W, 98 %
2025/12/05 13:39:58.725, 116.82 W, 98 %
2025/12/05 13:39:58.825, 116.85 W, 98 %
2025/12/05 13:39:58.925, 116.83 W, 98 %
2025/12/05 13:39:59.026, 116.86 W, 98 %
2025/12/05 13:39:59.126, 116.88 W, 98 %
2025/12/05 13:39:59.226, 116.90 W, 98 %
2025/12/05 13:39:59.326, 116.91 W, 98 %
2025/12/05 13:39:59.426, 116.91 W, 98 %
2025/12/05 13:39:59.526, 116.95 W, 98 %
2025/12/05 13:39:59.626, 116.96 W, 98 %
2025/12/05 13:39:59.727, 116.90 W, 98 %
2025/12/05 13:39:59.827, 116.89 W, 98 %
2025/12/05 13:39:59.927, 116.88 W, 98 %
2025/12/05 13:40:00.027, 116.89 W, 98 %
2025/12/05 13:40:00.127, 116.89 W, 98 %
2025/12/05 13:40:00.227, 116.87 W, 98 %
2025/12/05 13:40:00.327, 116.89 W, 98 %
2025/12/05 13:40:00.428, 116.85 W, 98 %
2025/12/05 13:40:00.528, 116.86 W, 98 %
2025/12/05 13:40:00.628, 116.87 W, 98 %
2025/12/05 13:40:00.728, 116.79 W, 98 %
2025/12/05 13:40:00.828, 116.78 W, 98 %
2025/12/05 13:40:00.928, 116.73 W, 98 %
2025/12/05 13:40:01.028, 116.69 W, 98 %
2025/12/05 13:40:01.129, 116.69 W, 98 %
2025/12/05 13:40:01.229, 116.68 W, 98 %
2025/12/05 13:40:01.329, 116.69 W, 98 %
2025/12/05 13:40:01.429, 116.68 W, 98 %
2025/12/05 13:40:01.529, 116.65 W, 98 %
2025/12/05 13:40:01.629, 116.65 W, 98 %
2025/12/05 13:40:01.729, 116.65 W, 98 %
2025/12/05 13:40:01.830, 116.70 W, 98 %
2025/12/05 13:40:01.930, 116.71 W, 98 %
2025/12/05 13:40:02.030, 116.74 W, 98 %
2025/12/05 13:40:02.130, 116.76 W, 98 %
2025/12/05 13:40:02.230, 116.75 W, 98 %
2025/12/05 13:40:02.330, 116.73 W, 98 %
2025/12/05 13:40:02.430, 116.72 W, 98 %
2025/12/05 13:40:02.531, 116.70 W, 98 %
2025/12/05 13:40:02.631, 116.71 W, 98 %
2025/12/05 13:40:02.731, 116.68 W, 98 %
2025/12/05 13:40:02.831, 116.62 W, 98 %
2025/12/05 13:40:02.931, 116.68 W, 98 %
2025/12/05 13:40:03.031, 116.68 W, 98 %
2025/12/05 13:40:03.131, 116.70 W, 98 %
2025/12/05 13:40:03.232, 116.73 W, 98 %
2025/12/05 13:40:03.332, 116.76 W, 98 %
2025/12/05 13:40:03.432, 116.78 W, 98 %
2025/12/05 13:40:03.532, 116.76 W, 98 %
2025/12/05 13:40:03.632, 116.80 W, 98 %
2025/12/05 13:40:03.732, 116.85 W, 98 %
2025/12/05 13:40:03.832, 116.86 W, 98 %
2025/12/05 13:40:03.933, 116.89 W, 98 %
2025/12/05 13:40:04.033, 116.86 W, 98 %
2025/12/05 13:40:04.133, 116.89 W, 98 %
2025/12/05 13:40:04.233, 116.87 W, 98 %
2025/12/05 13:40:04.333, 116.82 W, 98 %
2025/12/05 13:40:04.433, 116.80 W, 98 %
2025/12/05 13:40:04.533, 116.78 W, 98 %
2025/12/05 13:40:04.634, 116.78 W, 98 %
2025/12/05 13:40:04.734, 116.77 W, 98 %
2025/12/05 13:40:04.834, 116.70 W, 98 %
2025/12/05 13:40:04.934, 116.71 W, 98 %
2025/12/05 13:40:05.034, 116.70 W, 98 %
2025/12/05 13:40:05.134, 116.71 W, 98 %
2025/12/05 13:40:05.234, 116.67 W, 98 %
2025/12/05 13:40:05.335, 116.64 W, 98 %
2025/12/05 13:40:05.435, 116.64 W, 98 %
2025/12/05 13:40:05.535, 116.66 W, 98 %
2025/12/05 13:40:05.635, 116.64 W, 98 %
2025/12/05 13:40:05.735, 116.66 W, 98 %
2025/12/05 13:40:05.835, 116.64 W, 98 %
2025/12/05 13:40:05.935, 116.66 W, 98 %
2025/12/05 13:40:06.036, 116.66 W, 98 %
2025/12/05 13:40:06.136, 116.66 W, 98 %
2025/12/05 13:40:06.236, 116.65 W, 98 %
2025/12/05 13:40:06.336, 116.68 W, 98 %
2025/12/05 13:40:06.436, 116.69 W, 98 %
2025/12/05 13:40:06.536, 116.71 W, 98 %
2025/12/05 13:40:06.636, 116.72 W, 98 %
2025/12/05 13:40:06.737, 116.74 W, 98 %
2025/12/05 13:40:06.837, 116.77 W, 98 %
2025/12/05 13:40:06.937, 116.76 W, 98 %
2025/12/05 13:40:07.037, 116.77 W, 98 %
2025/12/05 13:40:07.137, 116.78 W, 98 %
2025/12/05 13:40:07.237, 116.74 W, 98 %
2025/12/05 13:40:07.337, 116.77 W, 98 %
2025/12/05 13:40:07.438, 116.72 W, 98 %
2025/12/05 13:40:07.538, 116.74 W, 98 %
2025/12/05 13:40:07.638, 116.79 W, 98 %
2025/12/05 13:40:07.738, 116.75 W, 98 %
2025/12/05 13:40:07.838, 116.73 W, 98 %
2025/12/05 13:40:07.938, 116.70 W, 98 %
2025/12/05 13:40:08.038, 116.71 W, 98 %
2025/12/05 13:40:08.139, 116.74 W, 98 %
2025/12/05 13:40:08.239, 116.73 W, 98 %
2025/12/05 13:40:08.339, 116.74 W, 98 %
2025/12/05 13:40:08.439, 116.73 W, 98 %
2025/12/05 13:40:08.539, 116.74 W, 98 %
2025/12/05 13:40:08.639, 116.72 W, 98 %
2025/12/05 13:40:08.739, 116.67 W, 98 %
2025/12/05 13:40:08.840, 116.68 W, 98 %
2025/12/05 13:40:08.940, 116.70 W, 98 %
2025/12/05 13:40:09.040, 116.69 W, 98 %
2025/12/05 13:40:09.140, 116.71 W, 98 %
2025/12/05 13:40:09.240, 116.66 W, 98 %
2025/12/05 13:40:09.340, 116.69 W, 98 %
2025/12/05 13:40:09.441, 116.71 W, 98 %
2025/12/05 13:40:09.541, 116.71 W, 98 %
2025/12/05 13:40:09.641, 116.72 W, 98 %
2025/12/05 13:40:09.744, 116.71 W, 98 %
2025/12/05 13:40:09.844, 116.73 W, 98 %
2025/12/05 13:40:09.944, 116.78 W, 98 %
2025/12/05 13:40:10.044, 116.76 W, 98 %
2025/12/05 13:40:10.145, 116.78 W, 98 %
2025/12/05 13:40:10.245, 116.76 W, 98 %
2025/12/05 13:40:10.345, 116.75 W, 98 %
2025/12/05 13:40:10.445, 116.73 W, 98 %
2025/12/05 13:40:10.545, 116.71 W, 98 %
2025/12/05 13:40:10.645, 116.73 W, 98 %
2025/12/05 13:40:10.745, 116.76 W, 98 %
2025/12/05 13:40:10.846, 116.75 W, 98 %
2025/12/05 13:40:10.946, 116.76 W, 98 %
2025/12/05 13:40:11.046, 116.75 W, 98 %
2025/12/05 13:40:11.146, 116.76 W, 98 %
2025/12/05 13:40:11.246, 116.74 W, 98 %
2025/12/05 13:40:11.346, 116.76 W, 98 %
2025/12/05 13:40:11.446, 116.78 W, 98 %
2025/12/05 13:40:11.547, 116.82 W, 98 %
2025/12/05 13:40:11.647, 116.81 W, 98 %
2025/12/05 13:40:11.747, 116.82 W, 98 %
2025/12/05 13:40:11.847, 116.84 W, 98 %
2025/12/05 13:40:11.947, 116.83 W, 98 %
2025/12/05 13:40:12.047, 116.80 W, 98 %
2025/12/05 13:40:12.147, 116.74 W, 98 %
2025/12/05 13:40:12.248, 116.73 W, 98 %
2025/12/05 13:40:12.348, 116.75 W, 98 %
2025/12/05 13:40:12.448, 116.72 W, 98 %
2025/12/05 13:40:12.548, 116.74 W, 98 %
2025/12/05 13:40:12.648, 116.74 W, 98 %
2025/12/05 13:40:12.748, 116.75 W, 98 %
2025/12/05 13:40:12.848, 116.76 W, 98 %
2025/12/05 13:40:12.949, 116.72 W, 98 %
2025/12/05 13:40:13.049, 116.74 W, 98 %
2025/12/05 13:40:13.149, 116.77 W, 98 %
2025/12/05 13:40:13.249, 116.77 W, 98 %
2025/12/05 13:40:13.349, 116.79 W, 98 %
2025/12/05 13:40:13.449, 116.76 W, 98 %
2025/12/05 13:40:13.549, 116.77 W, 98 %
2025/12/05 13:40:13.650, 116.79 W, 98 %
2025/12/05 13:40:13.750, 116.77 W, 98 %
2025/12/05 13:40:13.850, 116.77 W, 98 %
2025/12/05 13:40:13.950, 116.75 W, 98 %
2025/12/05 13:40:14.050, 116.76 W, 98 %
2025/12/05 13:40:14.150, 116.77 W, 98 %
2025/12/05 13:40:14.250, 116.72 W, 98 %
2025/12/05 13:40:14.351, 116.78 W, 98 %
2025/12/05 13:40:14.451, 116.79 W, 98 %
2025/12/05 13:40:14.551, 116.81 W, 98 %
2025/12/05 13:40:14.651, 116.82 W, 98 %
2025/12/05 13:40:14.751, 116.81 W, 98 %
2025/12/05 13:40:14.851, 116.81 W, 98 %
2025/12/05 13:40:14.951, 116.83 W, 98 %
2025/12/05 13:40:15.052, 116.81 W, 98 %
2025/12/05 13:40:15.152, 116.83 W, 98 %
2025/12/05 13:40:15.252, 116.82 W, 98 %
2025/12/05 13:40:15.352, 116.86 W, 98 %
2025/12/05 13:40:15.452, 116.86 W, 98 %
2025/12/05 13:40:15.552, 116.83 W, 98 %
2025/12/05 13:40:15.652, 116.85 W, 98 %
2025/12/05 13:40:15.753, 116.82 W, 98 %
2025/12/05 13:40:15.853, 116.79 W, 98 %
2025/12/05 13:40:15.953, 116.80 W, 98 %
2025/12/05 13:40:16.053, 116.79 W, 98 %
2025/12/05 13:40:16.153, 116.80 W, 98 %
2025/12/05 13:40:16.253, 116.79 W, 98 %
2025/12/05 13:40:16.353, 116.77 W, 98 %
2025/12/05 13:40:16.454, 116.78 W, 98 %
2025/12/05 13:40:16.554, 116.75 W, 98 %
2025/12/05 13:40:16.654, 116.75 W, 98 %
2025/12/05 13:40:16.754, 116.76 W, 98 %
2025/12/05 13:40:16.854, 116.75 W, 98 %
2025/12/05 13:40:16.954, 116.76 W, 98 %
2025/12/05 13:40:17.054, 116.79 W, 98 %
2025/12/05 13:40:17.155, 116.75 W, 98 %
2025/12/05 13:40:17.255, 116.78 W, 98 %
2025/12/05 13:40:17.355, 116.79 W, 98 %
2025/12/05 13:40:17.455, 116.82 W, 98 %
2025/12/05 13:40:17.555, 116.82 W, 98 %
2025/12/05 13:40:17.655, 116.80 W, 98 %
2025/12/05 13:40:17.755, 116.81 W, 98 %
2025/12/05 13:40:17.856, 116.78 W, 98 %
2025/12/05 13:40:17.956, 116.81 W, 98 %
2025/12/05 13:40:18.056, 116.79 W, 98 %
2025/12/05 13:40:18.156, 116.76 W, 98 %
2025/12/05 13:40:18.256, 116.77 W, 98 %
2025/12/05 13:40:18.356, 116.75 W, 98 %
2025/12/05 13:40:18.456, 116.72 W, 98 %
2025/12/05 13:40:18.557, 116.71 W, 98 %
2025/12/05 13:40:18.657, 116.73 W, 98 %
2025/12/05 13:40:18.757, 116.76 W, 98 %
2025/12/05 13:40:18.857, 116.77 W, 98 %
2025/12/05 13:40:18.957, 116.73 W, 98 %
2025/12/05 13:40:19.057, 116.75 W, 98 %
2025/12/05 13:40:19.157, 116.78 W, 98 %
2025/12/05 13:40:19.258, 116.78 W, 98 %
2025/12/05 13:40:19.358, 116.82 W, 98 %
2025/12/05 13:40:19.458, 116.85 W, 98 %
2025/12/05 13:40:19.558, 116.88 W, 98 %
2025/12/05 13:40:19.658, 116.91 W, 98 %
2025/12/05 13:40:19.758, 116.83 W, 98 %
2025/12/05 13:40:19.858, 116.82 W, 98 %
2025/12/05 13:40:19.959, 116.84 W, 98 %
2025/12/05 13:40:20.059, 116.88 W, 98 %
2025/12/05 13:40:20.159, 116.85 W, 98 %
2025/12/05 13:40:20.259, 116.77 W, 98 %
2025/12/05 13:40:20.359, 116.75 W, 98 %
2025/12/05 13:40:20.459, 116.70 W, 98 %
2025/12/05 13:40:20.560, 116.65 W, 98 %
2025/12/05 13:40:20.660, 116.63 W, 98 %
2025/12/05 13:40:20.760, 116.60 W, 98 %
2025/12/05 13:40:20.860, 116.66 W, 98 %
2025/12/05 13:40:20.960, 116.68 W, 98 %
2025/12/05 13:40:21.060, 116.62 W, 98 %
2025/12/05 13:40:21.160, 116.61 W, 98 %
2025/12/05 13:40:21.261, 116.62 W, 98 %
2025/12/05 13:40:21.361, 116.67 W, 98 %
2025/12/05 13:40:21.461, 116.71 W, 98 %
2025/12/05 13:40:21.561, 116.73 W, 98 %
2025/12/05 13:40:21.661, 116.75 W, 98 %
2025/12/05 13:40:21.761, 116.76 W, 98 %
2025/12/05 13:40:21.861, 116.76 W, 98 %
2025/12/05 13:40:21.962, 116.77 W, 98 %
2025/12/05 13:40:22.062, 116.77 W, 98 %
2025/12/05 13:40:22.162, 116.83 W, 98 %
2025/12/05 13:40:22.262, 116.85 W, 98 %
2025/12/05 13:40:22.362, 116.82 W, 98 %
2025/12/05 13:40:22.462, 116.87 W, 98 %
2025/12/05 13:40:22.562, 116.88 W, 98 %
2025/12/05 13:40:22.663, 116.88 W, 98 %
2025/12/05 13:40:22.763, 116.90 W, 98 %
2025/12/05 13:40:22.863, 116.90 W, 98 %
2025/12/05 13:40:22.963, 116.90 W, 98 %
2025/12/05 13:40:23.063, 116.88 W, 98 %
2025/12/05 13:40:23.163, 116.86 W, 98 %
2025/12/05 13:40:23.263, 116.87 W, 98 %
2025/12/05 13:40:23.364, 116.89 W, 98 %
2025/12/05 13:40:23.464, 116.91 W, 98 %
2025/12/05 13:40:23.564, 116.88 W, 98 %
2025/12/05 13:40:23.664, 116.85 W, 98 %
2025/12/05 13:40:23.764, 116.83 W, 98 %
2025/12/05 13:40:23.864, 116.81 W, 98 %
2025/12/05 13:40:23.964, 116.78 W, 98 %
2025/12/05 13:40:24.065, 116.78 W, 98 %
2025/12/05 13:40:24.165, 116.73 W, 98 %
2025/12/05 13:40:24.265, 116.75 W, 98 %
2025/12/05 13:40:24.365, 116.73 W, 98 %
2025/12/05 13:40:24.465, 116.70 W, 98 %
2025/12/05 13:40:24.565, 116.71 W, 98 %
2025/12/05 13:40:24.665, 116.72 W, 98 %
2025/12/05 13:40:24.766, 116.76 W, 98 %
2025/12/05 13:40:24.866, 116.80 W, 98 %
2025/12/05 13:40:24.966, 116.77 W, 98 %
2025/12/05 13:40:25.066, 116.79 W, 98 %
2025/12/05 13:40:25.166, 116.82 W, 98 %
2025/12/05 13:40:25.266, 116.83 W, 98 %
2025/12/05 13:40:25.366, 116.83 W, 98 %
2025/12/05 13:40:25.467, 116.82 W, 98 %
2025/12/05 13:40:25.567, 116.82 W, 98 %
2025/12/05 13:40:25.667, 116.81 W, 98 %
2025/12/05 13:40:25.767, 116.79 W, 98 %
2025/12/05 13:40:25.867, 116.76 W, 98 %
2025/12/05 13:40:25.967, 116.75 W, 98 %
2025/12/05 13:40:26.067, 116.78 W, 98 %
2025/12/05 13:40:26.168, 116.78 W, 98 %
2025/12/05 13:40:26.268, 116.76 W, 98 %
2025/12/05 13:40:26.368, 116.79 W, 98 %
2025/12/05 13:40:26.468, 116.75 W, 98 %
2025/12/05 13:40:26.568, 116.71 W, 98 %
2025/12/05 13:40:26.668, 116.71 W, 98 %
2025/12/05 13:40:26.768, 116.73 W, 98 %
2025/12/05 13:40:26.869, 116.71 W, 98 %
2025/12/05 13:40:26.969, 116.69 W, 98 %
2025/12/05 13:40:27.069, 116.64 W, 98 %
2025/12/05 13:40:27.169, 116.65 W, 98 %
2025/12/05 13:40:27.269, 116.63 W, 98 %
2025/12/05 13:40:27.369, 116.63 W, 98 %
2025/12/05 13:40:27.469, 116.62 W, 98 %
2025/12/05 13:40:27.570, 116.65 W, 98 %
2025/12/05 13:40:27.670, 116.65 W, 98 %
2025/12/05 13:40:27.770, 116.65 W, 98 %
2025/12/05 13:40:27.870, 116.61 W, 98 %
2025/12/05 13:40:27.970, 116.65 W, 98 %
2025/12/05 13:40:28.070, 116.66 W, 98 %
2025/12/05 13:40:28.170, 116.71 W, 98 %
2025/12/05 13:40:28.271, 116.69 W, 98 %
2025/12/05 13:40:28.371, 116.68 W, 98 %
2025/12/05 13:40:28.471, 116.62 W, 98 %
2025/12/05 13:40:28.571, 116.62 W, 98 %
2025/12/05 13:40:28.671, 116.60 W, 98 %
2025/12/05 13:40:28.771, 116.62 W, 98 %
2025/12/05 13:40:28.871, 116.61 W, 98 %
2025/12/05 13:40:28.972, 116.64 W, 98 %
2025/12/05 13:40:29.072, 116.62 W, 98 %
2025/12/05 13:40:29.172, 116.58 W, 98 %
2025/12/05 13:40:29.272, 116.58 W, 98 %
2025/12/05 13:40:29.372, 116.62 W, 98 %
2025/12/05 13:40:29.472, 116.63 W, 98 %
2025/12/05 13:40:29.573, 116.70 W, 98 %
2025/12/05 13:40:29.673, 116.65 W, 98 %
2025/12/05 13:40:29.773, 116.65 W, 98 %
2025/12/05 13:40:29.873, 116.65 W, 98 %
2025/12/05 13:40:29.973, 116.60 W, 98 %
2025/12/05 13:40:30.073, 116.59 W, 98 %
2025/12/05 13:40:30.173, 116.60 W, 98 %
2025/12/05 13:40:30.274, 116.63 W, 98 %
2025/12/05 13:40:30.374, 116.64 W, 98 %
2025/12/05 13:40:30.474, 116.59 W, 98 %
2025/12/05 13:40:30.574, 116.61 W, 98 %
2025/12/05 13:40:30.674, 116.61 W, 98 %
2025/12/05 13:40:30.774, 116.65 W, 98 %
2025/12/05 13:40:30.874, 116.69 W, 98 %
2025/12/05 13:40:30.975, 116.66 W, 98 %
2025/12/05 13:40:31.075, 116.72 W, 98 %
2025/12/05 13:40:31.175, 116.69 W, 98 %
2025/12/05 13:40:31.275, 116.64 W, 98 %
2025/12/05 13:40:31.375, 116.62 W, 98 %
2025/12/05 13:40:31.475, 116.59 W, 98 %
2025/12/05 13:40:31.575, 116.57 W, 98 %
2025/12/05 13:40:31.676, 116.54 W, 98 %
2025/12/05 13:40:31.776, 116.45 W, 98 %
2025/12/05 13:40:31.876, 116.45 W, 98 %
2025/12/05 13:40:31.976, 116.42 W, 98 %
2025/12/05 13:40:32.076, 116.42 W, 98 %
2025/12/05 13:40:32.176, 116.40 W, 98 %
2025/12/05 13:40:32.276, 116.40 W, 98 %
2025/12/05 13:40:32.377, 116.44 W, 98 %
2025/12/05 13:40:32.477, 116.47 W, 98 %
2025/12/05 13:40:32.577, 116.45 W, 98 %
2025/12/05 13:40:32.677, 116.52 W, 98 %
2025/12/05 13:40:32.777, 116.55 W, 98 %
2025/12/05 13:40:32.877, 116.62 W, 98 %
2025/12/05 13:40:32.977, 116.61 W, 98 %
2025/12/05 13:40:33.078, 116.59 W, 98 %
2025/12/05 13:40:33.178, 116.64 W, 98 %
2025/12/05 13:40:33.278, 116.64 W, 98 %
2025/12/05 13:40:33.378, 116.67 W, 98 %
2025/12/05 13:40:33.478, 116.66 W, 98 %
2025/12/05 13:40:33.578, 116.62 W, 98 %
2025/12/05 13:40:33.678, 116.64 W, 98 %
2025/12/05 13:40:33.779, 116.62 W, 98 %
2025/12/05 13:40:33.879, 116.61 W, 98 %
2025/12/05 13:40:33.979, 116.58 W, 98 %
2025/12/05 13:40:34.079, 116.60 W, 98 %
2025/12/05 13:40:34.179, 116.63 W, 98 %
2025/12/05 13:40:34.279, 116.61 W, 98 %
2025/12/05 13:40:34.379, 116.61 W, 98 %
2025/12/05 13:40:34.480, 116.62 W, 98 %
2025/12/05 13:40:34.580, 116.64 W, 98 %
2025/12/05 13:40:34.680, 116.66 W, 98 %
2025/12/05 13:40:34.780, 116.67 W, 98 %
2025/12/05 13:40:34.880, 116.66 W, 98 %
2025/12/05 13:40:34.980, 116.65 W, 98 %
2025/12/05 13:40:35.080, 116.67 W, 98 %
2025/12/05 13:40:35.181, 116.62 W, 98 %
2025/12/05 13:40:35.281, 116.64 W, 98 %
2025/12/05 13:40:35.381, 116.65 W, 98 %
2025/12/05 13:40:35.481, 116.66 W, 98 %
2025/12/05 13:40:35.581, 116.66 W, 98 %
2025/12/05 13:40:35.681, 116.64 W, 98 %
2025/12/05 13:40:35.781, 116.65 W, 98 %
2025/12/05 13:40:35.882, 116.66 W, 98 %
2025/12/05 13:40:35.982, 116.64 W, 98 %
2025/12/05 13:40:36.082, 116.68 W, 98 %
2025/12/05 13:40:36.182, 116.69 W, 98 %
2025/12/05 13:40:36.282, 116.70 W, 98 %
2025/12/05 13:40:36.382, 116.69 W, 98 %
2025/12/05 13:40:36.482, 116.65 W, 98 %
2025/12/05 13:40:36.583, 116.66 W, 98 %
2025/12/05 13:40:36.683, 116.66 W, 98 %
2025/12/05 13:40:36.783, 116.66 W, 98 %
2025/12/05 13:40:36.883, 116.65 W, 98 %
2025/12/05 13:40:36.983, 116.59 W, 98 %
2025/12/05 13:40:37.083, 116.59 W, 98 %
2025/12/05 13:40:37.183, 116.56 W, 98 %
2025/12/05 13:40:37.284, 116.54 W, 98 %
2025/12/05 13:40:37.384, 116.59 W, 98 %
2025/12/05 13:40:37.484, 116.58 W, 98 %
2025/12/05 13:40:37.584, 116.59 W, 98 %
2025/12/05 13:40:37.684, 116.59 W, 98 %
2025/12/05 13:40:37.784, 116.57 W, 98 %
2025/12/05 13:40:37.885, 116.61 W, 98 %
2025/12/05 13:40:37.985, 116.63 W, 98 %
2025/12/05 13:40:38.085, 116.64 W, 98 %
2025/12/05 13:40:38.185, 116.69 W, 98 %
2025/12/05 13:40:38.285, 116.69 W, 98 %
2025/12/05 13:40:38.385, 116.69 W, 98 %
2025/12/05 13:40:38.485, 116.66 W, 98 %
2025/12/05 13:40:38.586, 116.62 W, 98 %
2025/12/05 13:40:38.686, 116.61 W, 98 %
2025/12/05 13:40:38.786, 116.55 W, 98 %
2025/12/05 13:40:38.886, 116.55 W, 98 %
2025/12/05 13:40:38.986, 116.54 W, 98 %
2025/12/05 13:40:39.086, 116.50 W, 98 %
2025/12/05 13:40:39.186, 116.56 W, 98 %
2025/12/05 13:40:39.287, 116.55 W, 98 %
2025/12/05 13:40:39.387, 116.54 W, 98 %
2025/12/05 13:40:39.487, 116.56 W, 98 %
2025/12/05 13:40:39.587, 116.59 W, 98 %
2025/12/05 13:40:39.687, 116.64 W, 98 %
2025/12/05 13:40:39.787, 116.68 W, 98 %
2025/12/05 13:40:39.887, 116.72 W, 98 %
2025/12/05 13:40:39.988, 116.74 W, 98 %
2025/12/05 13:40:40.088, 116.73 W, 98 %
2025/12/05 13:40:40.188, 116.73 W, 98 %
2025/12/05 13:40:40.288, 116.70 W, 98 %
2025/12/05 13:40:40.388, 116.66 W, 98 %
2025/12/05 13:40:40.488, 116.68 W, 98 %
2025/12/05 13:40:40.588, 116.68 W, 98 %
2025/12/05 13:40:40.689, 116.62 W, 98 %
2025/12/05 13:40:40.789, 116.57 W, 98 %
2025/12/05 13:40:40.889, 116.55 W, 98 %
2025/12/05 13:40:40.989, 116.55 W, 98 %
2025/12/05 13:40:41.089, 116.54 W, 98 %
2025/12/05 13:40:41.189, 116.53 W, 98 %
2025/12/05 13:40:41.289, 116.52 W, 98 %
2025/12/05 13:40:41.390, 116.53 W, 98 %
2025/12/05 13:40:41.490, 116.55 W, 98 %
2025/12/05 13:40:41.590, 116.53 W, 98 %
2025/12/05 13:40:41.690, 116.51 W, 98 %
2025/12/05 13:40:41.790, 116.54 W, 98 %
2025/12/05 13:40:41.890, 116.58 W, 98 %
2025/12/05 13:40:41.990, 116.56 W, 98 %
2025/12/05 13:40:42.091, 115.68 W, 98 %
2025/12/05 13:40:42.191, 115.69 W, 98 %
2025/12/05 13:40:42.291, 115.73 W, 98 %
2025/12/05 13:40:42.391, 115.76 W, 98 %
2025/12/05 13:40:42.491, 115.76 W, 98 %
2025/12/05 13:40:42.591, 115.75 W, 98 %
2025/12/05 13:40:42.692, 115.76 W, 98 %
2025/12/05 13:40:42.792, 115.79 W, 98 %
2025/12/05 13:40:42.892, 115.82 W, 98 %
2025/12/05 13:40:42.992, 115.84 W, 98 %
2025/12/05 13:40:43.092, 115.83 W, 98 %
2025/12/05 13:40:43.192, 116.73 W, 98 %
2025/12/05 13:40:43.292, 116.69 W, 98 %
2025/12/05 13:40:43.393, 116.65 W, 98 %
2025/12/05 13:40:43.493, 116.61 W, 98 %
2025/12/05 13:40:43.593, 116.60 W, 98 %
2025/12/05 13:40:43.693, 116.62 W, 98 %
2025/12/05 13:40:43.793, 116.62 W, 98 %
2025/12/05 13:40:43.893, 116.60 W, 98 %
2025/12/05 13:40:43.993, 116.57 W, 98 %
2025/12/05 13:40:44.094, 116.54 W, 98 %
2025/12/05 13:40:44.194, 116.55 W, 98 %
2025/12/05 13:40:44.294, 116.57 W, 98 %
2025/12/05 13:40:44.394, 116.57 W, 98 %
2025/12/05 13:40:44.494, 116.59 W, 98 %
2025/12/05 13:40:44.594, 116.57 W, 98 %
2025/12/05 13:40:44.694, 116.56 W, 98 %
2025/12/05 13:40:44.794, 116.58 W, 98 %
2025/12/05 13:40:44.894, 116.59 W, 98 %
2025/12/05 13:40:44.995, 116.54 W, 98 %
2025/12/05 13:40:45.095, 116.53 W, 98 %
2025/12/05 13:40:45.195, 116.50 W, 98 %
2025/12/05 13:40:45.295, 116.52 W, 98 %
2025/12/05 13:40:45.395, 116.50 W, 98 %
2025/12/05 13:40:45.495, 116.51 W, 98 %
2025/12/05 13:40:45.596, 116.51 W, 98 %
2025/12/05 13:40:45.696, 116.56 W, 98 %
2025/12/05 13:40:45.796, 116.59 W, 98 %
2025/12/05 13:40:45.896, 116.58 W, 98 %
2025/12/05 13:40:45.996, 116.57 W, 98 %
2025/12/05 13:40:46.096, 116.60 W, 98 %
2025/12/05 13:40:46.196, 116.63 W, 98 %
2025/12/05 13:40:46.297, 116.67 W, 98 %
2025/12/05 13:40:46.397, 116.68 W, 98 %
2025/12/05 13:40:46.497, 116.62 W, 98 %
2025/12/05 13:40:46.597, 116.65 W, 98 %
2025/12/05 13:40:46.697, 116.66 W, 98 %
2025/12/05 13:40:46.797, 116.64 W, 98 %
2025/12/05 13:40:46.897, 116.65 W, 98 %
2025/12/05 13:40:46.998, 116.65 W, 98 %
2025/12/05 13:40:47.098, 116.66 W, 98 %
2025/12/05 13:40:47.198, 116.67 W, 98 %
2025/12/05 13:40:47.298, 116.64 W, 98 %
2025/12/05 13:40:47.398, 116.66 W, 98 %
2025/12/05 13:40:47.498, 116.68 W, 98 %
2025/12/05 13:40:47.598, 116.71 W, 98 %
2025/12/05 13:40:47.699, 116.70 W, 98 %
2025/12/05 13:40:47.799, 116.69 W, 98 %
2025/12/05 13:40:47.899, 116.68 W, 98 %
2025/12/05 13:40:47.999, 116.67 W, 98 %
2025/12/05 13:40:48.099, 116.61 W, 98 %
2025/12/05 13:40:48.199, 116.60 W, 98 %
2025/12/05 13:40:48.299, 116.63 W, 98 %
2025/12/05 13:40:48.400, 116.65 W, 98 %
2025/12/05 13:40:48.500, 116.64 W, 98 %
2025/12/05 13:40:48.600, 116.58 W, 98 %
2025/12/05 13:40:48.700, 116.61 W, 98 %
2025/12/05 13:40:48.800, 116.64 W, 98 %
2025/12/05 13:40:48.900, 116.63 W, 98 %
2025/12/05 13:40:49.000, 116.64 W, 98 %
2025/12/05 13:40:49.101, 116.65 W, 98 %
2025/12/05 13:40:49.201, 116.69 W, 98 %
2025/12/05 13:40:49.301, 116.68 W, 98 %
2025/12/05 13:40:49.401, 116.63 W, 98 %
2025/12/05 13:40:49.501, 116.63 W, 98 %
2025/12/05 13:40:49.601, 116.60 W, 98 %
2025/12/05 13:40:49.701, 116.59 W, 98 %
2025/12/05 13:40:49.802, 116.56 W, 98 %
2025/12/05 13:40:49.902, 116.55 W, 98 %
2025/12/05 13:40:50.002, 116.55 W, 98 %
2025/12/05 13:40:50.102, 116.56 W, 98 %
2025/12/05 13:40:50.202, 116.54 W, 98 %
2025/12/05 13:40:50.302, 116.55 W, 98 %
2025/12/05 13:40:50.403, 116.57 W, 98 %
2025/12/05 13:40:50.503, 116.61 W, 98 %
2025/12/05 13:40:50.603, 116.60 W, 98 %
2025/12/05 13:40:50.703, 116.57 W, 98 %
2025/12/05 13:40:50.803, 116.64 W, 98 %
2025/12/05 13:40:50.903, 116.68 W, 98 %
2025/12/05 13:40:51.003, 116.67 W, 98 %
2025/12/05 13:40:51.104, 116.67 W, 98 %
2025/12/05 13:40:51.204, 116.68 W, 98 %
2025/12/05 13:40:51.304, 116.67 W, 98 %
2025/12/05 13:40:51.404, 116.68 W, 98 %
2025/12/05 13:40:51.504, 116.67 W, 98 %
2025/12/05 13:40:51.604, 116.64 W, 98 %
2025/12/05 13:40:51.704, 116.64 W, 98 %
2025/12/05 13:40:51.805, 116.67 W, 98 %
2025/12/05 13:40:51.905, 116.64 W, 98 %
2025/12/05 13:40:52.005, 116.65 W, 98 %
2025/12/05 13:40:52.105, 116.66 W, 98 %
2025/12/05 13:40:52.205, 116.68 W, 98 %
2025/12/05 13:40:52.305, 116.65 W, 98 %
2025/12/05 13:40:52.405, 116.69 W, 98 %
2025/12/05 13:40:52.506, 116.70 W, 98 %
2025/12/05 13:40:52.606, 116.71 W, 98 %
2025/12/05 13:40:52.706, 116.75 W, 98 %
2025/12/05 13:40:52.806, 116.75 W, 98 %
2025/12/05 13:40:52.906, 116.78 W, 98 %
2025/12/05 13:40:53.006, 116.82 W, 98 %
2025/12/05 13:40:53.106, 116.76 W, 98 %
2025/12/05 13:40:53.207, 116.74 W, 98 %
2025/12/05 13:40:53.307, 116.73 W, 98 %
2025/12/05 13:40:53.407, 116.74 W, 98 %
2025/12/05 13:40:53.507, 116.72 W, 98 %
2025/12/05 13:40:53.607, 116.67 W, 98 %
2025/12/05 13:40:53.707, 116.66 W, 98 %
2025/12/05 13:40:53.807, 116.64 W, 98 %
2025/12/05 13:40:53.908, 116.65 W, 98 %
2025/12/05 13:40:54.008, 116.64 W, 98 %
2025/12/05 13:40:54.108, 116.63 W, 98 %
2025/12/05 13:40:54.208, 116.68 W, 98 %
2025/12/05 13:40:54.308, 116.69 W, 98 %
2025/12/05 13:40:54.408, 116.64 W, 98 %
2025/12/05 13:40:54.508, 116.64 W, 98 %
2025/12/05 13:40:54.609, 116.65 W, 98 %
2025/12/05 13:40:54.709, 116.67 W, 98 %
2025/12/05 13:40:54.809, 116.67 W, 98 %
2025/12/05 13:40:54.909, 116.65 W, 98 %
2025/12/05 13:40:55.009, 116.64 W, 98 %
2025/12/05 13:40:55.109, 116.64 W, 98 %
2025/12/05 13:40:55.209, 116.58 W, 98 %
2025/12/05 13:40:55.310, 116.56 W, 98 %
2025/12/05 13:40:55.410, 116.55 W, 98 %
2025/12/05 13:40:55.510, 116.56 W, 98 %
2025/12/05 13:40:55.610, 116.58 W, 98 %
2025/12/05 13:40:55.710, 116.51 W, 98 %
2025/12/05 13:40:55.811, 116.52 W, 98 %
2025/12/05 13:40:55.912, 116.52 W, 98 %
2025/12/05 13:40:56.012, 116.52 W, 98 %
2025/12/05 13:40:56.112, 116.53 W, 98 %
2025/12/05 13:40:56.212, 116.48 W, 98 %
2025/12/05 13:40:56.312, 116.48 W, 98 %
2025/12/05 13:40:56.412, 116.49 W, 98 %
2025/12/05 13:40:56.512, 116.46 W, 98 %
2025/12/05 13:40:56.613, 116.47 W, 98 %
2025/12/05 13:40:56.713, 116.46 W, 98 %
2025/12/05 13:40:56.813, 116.52 W, 98 %
2025/12/05 13:40:56.913, 116.49 W, 98 %
2025/12/05 13:40:57.013, 116.44 W, 98 %
2025/12/05 13:40:57.113, 116.43 W, 98 %
2025/12/05 13:40:57.213, 116.41 W, 98 %
2025/12/05 13:40:57.314, 116.41 W, 98 %
2025/12/05 13:40:57.414, 116.45 W, 98 %
2025/12/05 13:40:57.514, 116.43 W, 98 %
2025/12/05 13:40:57.614, 116.44 W, 98 %
2025/12/05 13:40:57.714, 116.45 W, 98 %
2025/12/05 13:40:57.814, 116.42 W, 98 %
2025/12/05 13:40:57.914, 116.43 W, 98 %
2025/12/05 13:40:58.015, 116.45 W, 98 %
2025/12/05 13:40:58.115, 116.47 W, 98 %
2025/12/05 13:40:58.215, 116.49 W, 98 %
2025/12/05 13:40:58.315, 116.46 W, 98 %
2025/12/05 13:40:58.415, 116.47 W, 98 %
2025/12/05 13:40:58.515, 116.43 W, 98 %
2025/12/05 13:40:58.615, 116.41 W, 98 %
2025/12/05 13:40:58.716, 116.42 W, 98 %
2025/12/05 13:40:58.816, 116.43 W, 98 %
2025/12/05 13:40:58.916, 116.44 W, 98 %
2025/12/05 13:40:59.016, 116.43 W, 98 %
2025/12/05 13:40:59.116, 116.41 W, 98 %
2025/12/05 13:40:59.216, 116.45 W, 98 %
2025/12/05 13:40:59.316, 116.46 W, 98 %
2025/12/05 13:40:59.417, 116.50 W, 98 %
2025/12/05 13:40:59.517, 116.52 W, 98 %
2025/12/05 13:40:59.617, 116.54 W, 98 %
2025/12/05 13:40:59.717, 116.59 W, 98 %
2025/12/05 13:40:59.817, 116.60 W, 98 %
2025/12/05 13:40:59.917, 116.57 W, 98 %
2025/12/05 13:41:00.017, 116.58 W, 98 %
2025/12/05 13:41:00.118, 116.62 W, 98 %
2025/12/05 13:41:00.218, 116.67 W, 98 %
2025/12/05 13:41:00.318, 116.70 W, 98 %
2025/12/05 13:41:00.418, 116.69 W, 98 %
2025/12/05 13:41:00.518, 116.72 W, 98 %
2025/12/05 13:41:00.618, 116.73 W, 98 %
2025/12/05 13:41:00.718, 116.76 W, 98 %
2025/12/05 13:41:00.819, 116.75 W, 98 %
2025/12/05 13:41:00.919, 116.72 W, 98 %
2025/12/05 13:41:01.019, 116.76 W, 98 %
2025/12/05 13:41:01.119, 116.74 W, 98 %
2025/12/05 13:41:01.219, 116.71 W, 98 %
2025/12/05 13:41:01.319, 116.67 W, 98 %
2025/12/05 13:41:01.419, 116.64 W, 98 %
2025/12/05 13:41:01.520, 116.63 W, 98 %
2025/12/05 13:41:01.620, 116.62 W, 98 %
2025/12/05 13:41:01.720, 116.60 W, 98 %
2025/12/05 13:41:01.820, 116.58 W, 98 %
2025/12/05 13:41:01.920, 116.58 W, 98 %
2025/12/05 13:41:02.020, 116.60 W, 98 %
2025/12/05 13:41:02.121, 116.60 W, 98 %
2025/12/05 13:41:02.221, 116.61 W, 98 %
2025/12/05 13:41:02.321, 116.61 W, 98 %
2025/12/05 13:41:02.421, 116.62 W, 98 %
2025/12/05 13:41:02.521, 116.61 W, 98 %
2025/12/05 13:41:02.621, 116.64 W, 98 %
2025/12/05 13:41:02.721, 116.64 W, 98 %
2025/12/05 13:41:02.822, 116.66 W, 98 %
2025/12/05 13:41:02.922, 116.65 W, 98 %
2025/12/05 13:41:03.022, 116.62 W, 98 %
2025/12/05 13:41:03.122, 116.61 W, 98 %
2025/12/05 13:41:03.222, 116.59 W, 98 %
2025/12/05 13:41:03.322, 116.59 W, 98 %
2025/12/05 13:41:03.422, 116.59 W, 98 %
2025/12/05 13:41:03.522, 116.54 W, 98 %
2025/12/05 13:41:03.623, 116.54 W, 98 %
2025/12/05 13:41:03.723, 116.52 W, 98 %
2025/12/05 13:41:03.823, 116.49 W, 98 %
2025/12/05 13:41:03.923, 116.51 W, 98 %
2025/12/05 13:41:04.023, 116.56 W, 98 %
2025/12/05 13:41:04.123, 116.59 W, 98 %
2025/12/05 13:41:04.224, 116.64 W, 98 %
2025/12/05 13:41:04.324, 116.65 W, 98 %
2025/12/05 13:41:04.424, 116.67 W, 98 %
2025/12/05 13:41:04.524, 116.69 W, 98 %
2025/12/05 13:41:04.624, 116.73 W, 98 %
2025/12/05 13:41:04.724, 116.76 W, 98 %
2025/12/05 13:41:04.824, 116.79 W, 98 %
2025/12/05 13:41:04.925, 116.83 W, 98 %
2025/12/05 13:41:05.025, 116.82 W, 98 %
2025/12/05 13:41:05.125, 116.79 W, 98 %
2025/12/05 13:41:05.225, 116.81 W, 98 %
2025/12/05 13:41:05.325, 116.80 W, 98 %
2025/12/05 13:41:05.425, 116.81 W, 98 %
2025/12/05 13:41:05.525, 116.82 W, 98 %
2025/12/05 13:41:05.626, 116.79 W, 98 %
2025/12/05 13:41:05.726, 116.81 W, 98 %
2025/12/05 13:41:05.826, 116.78 W, 98 %
2025/12/05 13:41:05.926, 116.77 W, 98 %
2025/12/05 13:41:06.026, 116.78 W, 98 %
2025/12/05 13:41:06.126, 116.80 W, 98 %
2025/12/05 13:41:06.226, 116.78 W, 98 %
2025/12/05 13:41:06.327, 116.76 W, 98 %
2025/12/05 13:41:06.427, 116.74 W, 98 %
2025/12/05 13:41:06.527, 116.76 W, 98 %
2025/12/05 13:41:06.627, 116.74 W, 98 %
2025/12/05 13:41:06.727, 116.77 W, 98 %
2025/12/05 13:41:06.827, 116.76 W, 98 %
2025/12/05 13:41:06.927, 116.78 W, 98 %
2025/12/05 13:41:07.028, 116.79 W, 98 %
2025/12/05 13:41:07.128, 116.79 W, 98 %
2025/12/05 13:41:07.228, 116.78 W, 98 %
2025/12/05 13:41:07.328, 116.81 W, 98 %
2025/12/05 13:41:07.428, 116.83 W, 98 %
2025/12/05 13:41:07.528, 116.83 W, 98 %
2025/12/05 13:41:07.628, 116.81 W, 98 %
2025/12/05 13:41:07.729, 116.77 W, 98 %
2025/12/05 13:41:07.829, 116.79 W, 98 %
2025/12/05 13:41:07.929, 116.82 W, 98 %
2025/12/05 13:41:08.029, 116.80 W, 98 %
2025/12/05 13:41:08.129, 116.80 W, 98 %
2025/12/05 13:41:08.229, 116.79 W, 98 %
2025/12/05 13:41:08.329, 116.79 W, 98 %
2025/12/05 13:41:08.429, 116.79 W, 93 %
2025/12/05 13:41:08.530, 116.80 W, 93 %
2025/12/05 13:41:08.630, 116.83 W, 98 %
2025/12/05 13:41:08.730, 116.85 W, 98 %
2025/12/05 13:41:08.830, 116.86 W, 98 %
2025/12/05 13:41:08.930, 116.87 W, 98 %
2025/12/05 13:41:09.030, 116.87 W, 98 %
2025/12/05 13:41:09.131, 116.91 W, 98 %
2025/12/05 13:41:09.231, 116.95 W, 98 %
2025/12/05 13:41:09.331, 116.93 W, 98 %
2025/12/05 13:41:09.431, 116.95 W, 98 %
2025/12/05 13:41:09.531, 116.96 W, 98 %
2025/12/05 13:41:09.631, 116.94 W, 98 %
2025/12/05 13:41:09.731, 116.93 W, 98 %
2025/12/05 13:41:09.831, 116.92 W, 98 %
2025/12/05 13:41:09.932, 116.95 W, 98 %
2025/12/05 13:41:10.032, 116.95 W, 98 %
2025/12/05 13:41:10.132, 116.89 W, 98 %
2025/12/05 13:41:10.232, 116.86 W, 98 %
2025/12/05 13:41:10.332, 116.84 W, 98 %
2025/12/05 13:41:10.432, 116.84 W, 98 %
2025/12/05 13:41:10.532, 116.83 W, 98 %
2025/12/05 13:41:10.633, 116.75 W, 98 %
2025/12/05 13:41:10.733, 116.74 W, 98 %
2025/12/05 13:41:10.833, 116.77 W, 98 %
2025/12/05 13:41:10.933, 116.75 W, 98 %
2025/12/05 13:41:11.033, 116.74 W, 98 %
2025/12/05 13:41:11.133, 116.73 W, 98 %
2025/12/05 13:41:11.233, 116.76 W, 98 %
2025/12/05 13:41:11.334, 116.75 W, 98 %
2025/12/05 13:41:11.434, 116.71 W, 98 %
2025/12/05 13:41:11.534, 116.75 W, 98 %
2025/12/05 13:41:11.634, 116.77 W, 98 %
2025/12/05 13:41:11.734, 116.83 W, 98 %
2025/12/05 13:41:11.834, 116.85 W, 98 %
2025/12/05 13:41:11.934, 116.86 W, 98 %
2025/12/05 13:41:12.035, 116.88 W, 98 %
2025/12/05 13:41:12.135, 116.92 W, 98 %
2025/12/05 13:41:12.235, 116.91 W, 98 %
2025/12/05 13:41:12.335, 116.93 W, 98 %
2025/12/05 13:41:12.435, 116.96 W, 98 %
2025/12/05 13:41:12.535, 117.00 W, 98 %
2025/12/05 13:41:12.636, 117.00 W, 98 %
2025/12/05 13:41:12.736, 116.94 W, 98 %
2025/12/05 13:41:12.836, 116.95 W, 98 %
2025/12/05 13:41:12.936, 116.93 W, 98 %
2025/12/05 13:41:13.036, 116.89 W, 98 %
2025/12/05 13:41:13.136, 116.87 W, 98 %
2025/12/05 13:41:13.236, 116.86 W, 98 %
2025/12/05 13:41:13.337, 116.85 W, 98 %
2025/12/05 13:41:13.437, 116.79 W, 98 %
2025/12/05 13:41:13.537, 116.73 W, 98 %
2025/12/05 13:41:13.637, 116.70 W, 98 %
2025/12/05 13:41:13.737, 116.67 W, 98 %
2025/12/05 13:41:13.837, 116.67 W, 98 %
2025/12/05 13:41:13.937, 116.63 W, 98 %
2025/12/05 13:41:14.038, 116.62 W, 98 %
2025/12/05 13:41:14.138, 116.62 W, 98 %
2025/12/05 13:41:14.238, 116.61 W, 98 %
2025/12/05 13:41:14.338, 116.55 W, 98 %
2025/12/05 13:41:14.438, 116.54 W, 98 %
2025/12/05 13:41:14.538, 116.57 W, 98 %
2025/12/05 13:41:14.638, 116.60 W, 98 %
2025/12/05 13:41:14.739, 116.61 W, 98 %
2025/12/05 13:41:14.839, 116.56 W, 98 %
2025/12/05 13:41:14.939, 116.50 W, 98 %
2025/12/05 13:41:15.039, 116.50 W, 98 %
2025/12/05 13:41:15.139, 116.49 W, 98 %
2025/12/05 13:41:15.239, 116.48 W, 98 %
2025/12/05 13:41:15.339, 116.50 W, 98 %
2025/12/05 13:41:15.440, 116.53 W, 98 %
2025/12/05 13:41:15.540, 116.56 W, 98 %
2025/12/05 13:41:15.640, 116.54 W, 98 %
2025/12/05 13:41:15.740, 116.55 W, 98 %
2025/12/05 13:41:15.840, 116.54 W, 98 %
2025/12/05 13:41:15.940, 116.59 W, 98 %
2025/12/05 13:41:16.040, 116.69 W, 98 %
2025/12/05 13:41:16.141, 116.68 W, 98 %
2025/12/05 13:41:16.241, 116.69 W, 98 %
2025/12/05 13:41:16.341, 116.69 W, 98 %
2025/12/05 13:41:16.441, 116.66 W, 98 %
2025/12/05 13:41:16.541, 116.66 W, 98 %
2025/12/05 13:41:16.641, 116.66 W, 98 %
2025/12/05 13:41:16.741, 116.65 W, 98 %
2025/12/05 13:41:16.842, 116.66 W, 98 %
2025/12/05 13:41:16.942, 116.67 W, 98 %
2025/12/05 13:41:17.042, 116.69 W, 98 %
2025/12/05 13:41:17.142, 116.67 W, 98 %
2025/12/05 13:41:17.242, 116.64 W, 98 %
2025/12/05 13:41:17.342, 116.64 W, 98 %
2025/12/05 13:41:17.442, 116.67 W, 98 %
2025/12/05 13:41:17.543, 116.68 W, 98 %
2025/12/05 13:41:17.643, 116.70 W, 98 %
2025/12/05 13:41:17.743, 116.72 W, 98 %
2025/12/05 13:41:17.843, 116.75 W, 98 %
2025/12/05 13:41:17.943, 116.77 W, 98 %
2025/12/05 13:41:18.043, 116.75 W, 98 %
2025/12/05 13:41:18.143, 116.77 W, 98 %
2025/12/05 13:41:18.244, 116.78 W, 98 %
2025/12/05 13:41:18.344, 116.82 W, 98 %
2025/12/05 13:41:18.444, 116.87 W, 98 %
2025/12/05 13:41:18.544, 116.81 W, 98 %
2025/12/05 13:41:18.644, 116.82 W, 98 %
2025/12/05 13:41:18.744, 116.83 W, 98 %
2025/12/05 13:41:18.844, 116.80 W, 98 %
2025/12/05 13:41:18.945, 116.83 W, 98 %
2025/12/05 13:41:19.045, 116.85 W, 98 %
2025/12/05 13:41:19.145, 116.85 W, 98 %
2025/12/05 13:41:19.245, 116.84 W, 98 %
2025/12/05 13:41:19.345, 116.85 W, 98 %
2025/12/05 13:41:19.445, 116.88 W, 98 %
2025/12/05 13:41:19.545, 116.87 W, 98 %
2025/12/05 13:41:19.646, 116.93 W, 98 %
2025/12/05 13:41:19.746, 116.95 W, 98 %
2025/12/05 13:41:19.846, 116.94 W, 98 %
2025/12/05 13:41:19.946, 116.97 W, 98 %
2025/12/05 13:41:20.046, 116.94 W, 98 %
2025/12/05 13:41:20.146, 116.97 W, 98 %
2025/12/05 13:41:20.246, 116.98 W, 98 %
2025/12/05 13:41:20.347, 116.98 W, 98 %
2025/12/05 13:41:20.447, 116.96 W, 98 %
2025/12/05 13:41:20.547, 116.93 W, 98 %
2025/12/05 13:41:20.647, 116.90 W, 98 %
2025/12/05 13:41:20.747, 116.92 W, 98 %
2025/12/05 13:41:20.847, 116.88 W, 98 %
2025/12/05 13:41:20.947, 116.87 W, 98 %
2025/12/05 13:41:21.048, 116.85 W, 98 %
2025/12/05 13:41:21.148, 116.86 W, 98 %
2025/12/05 13:41:21.248, 116.85 W, 98 %
2025/12/05 13:41:21.348, 116.78 W, 98 %
2025/12/05 13:41:21.448, 116.80 W, 98 %
2025/12/05 13:41:21.548, 116.83 W, 98 %
2025/12/05 13:41:21.648, 116.84 W, 98 %
2025/12/05 13:41:21.749, 116.90 W, 98 %
2025/12/05 13:41:21.849, 116.94 W, 98 %
2025/12/05 13:41:21.949, 116.99 W, 98 %
2025/12/05 13:41:22.049, 117.04 W, 98 %
2025/12/05 13:41:22.149, 117.03 W, 98 %
2025/12/05 13:41:22.249, 117.03 W, 98 %
2025/12/05 13:41:22.349, 117.07 W, 98 %
2025/12/05 13:41:22.450, 117.12 W, 98 %
2025/12/05 13:41:22.550, 117.11 W, 98 %
2025/12/05 13:41:22.650, 117.08 W, 98 %
2025/12/05 13:41:22.750, 117.09 W, 98 %
2025/12/05 13:41:22.850, 117.07 W, 98 %
2025/12/05 13:41:22.950, 117.01 W, 98 %
2025/12/05 13:41:23.050, 117.00 W, 98 %
2025/12/05 13:41:23.151, 116.91 W, 98 %
2025/12/05 13:41:23.251, 116.89 W, 98 %
2025/12/05 13:41:23.351, 116.88 W, 98 %
2025/12/05 13:41:23.451, 116.80 W, 98 %
2025/12/05 13:41:23.551, 116.82 W, 98 %
2025/12/05 13:41:23.651, 116.82 W, 98 %
2025/12/05 13:41:23.751, 116.82 W, 98 %
2025/12/05 13:41:23.852, 116.82 W, 98 %
2025/12/05 13:41:23.952, 116.78 W, 98 %
2025/12/05 13:41:24.052, 116.79 W, 98 %
2025/12/05 13:41:24.152, 116.78 W, 98 %
2025/12/05 13:41:24.252, 116.79 W, 98 %
2025/12/05 13:41:24.352, 116.80 W, 98 %
2025/12/05 13:41:24.452, 116.82 W, 98 %
2025/12/05 13:41:24.552, 116.86 W, 98 %
2025/12/05 13:41:24.653, 116.83 W, 98 %
2025/12/05 13:41:24.753, 116.80 W, 98 %
2025/12/05 13:41:24.853, 116.79 W, 98 %
2025/12/05 13:41:24.953, 116.82 W, 98 %
2025/12/05 13:41:25.053, 116.86 W, 98 %
2025/12/05 13:41:25.153, 116.87 W, 98 %
2025/12/05 13:41:25.253, 116.85 W, 98 %
2025/12/05 13:41:25.354, 116.85 W, 98 %
2025/12/05 13:41:25.454, 116.86 W, 98 %
2025/12/05 13:41:25.554, 116.84 W, 98 %
2025/12/05 13:41:25.654, 116.85 W, 98 %
2025/12/05 13:41:25.754, 116.85 W, 98 %
2025/12/05 13:41:25.854, 116.89 W, 98 %
2025/12/05 13:41:25.955, 116.89 W, 98 %
2025/12/05 13:41:26.055, 116.82 W, 98 %
2025/12/05 13:41:26.155, 116.78 W, 98 %
2025/12/05 13:41:26.255, 116.76 W, 98 %
2025/12/05 13:41:26.355, 116.77 W, 98 %
2025/12/05 13:41:26.455, 116.80 W, 98 %
2025/12/05 13:41:26.555, 116.78 W, 98 %
2025/12/05 13:41:26.656, 116.78 W, 98 %
2025/12/05 13:41:26.756, 116.76 W, 98 %
2025/12/05 13:41:26.856, 116.76 W, 98 %
2025/12/05 13:41:26.956, 116.75 W, 98 %
2025/12/05 13:41:27.056, 116.75 W, 98 %
2025/12/05 13:41:27.156, 116.76 W, 98 %
2025/12/05 13:41:27.256, 116.79 W, 98 %
2025/12/05 13:41:27.357, 116.76 W, 98 %
2025/12/05 13:41:27.457, 116.75 W, 98 %
2025/12/05 13:41:27.557, 116.76 W, 98 %
2025/12/05 13:41:27.657, 116.78 W, 98 %
2025/12/05 13:41:27.757, 116.79 W, 98 %
2025/12/05 13:41:27.857, 116.75 W, 98 %
2025/12/05 13:41:27.957, 116.75 W, 98 %
2025/12/05 13:41:28.058, 116.78 W, 98 %
2025/12/05 13:41:28.158, 116.77 W, 98 %
2025/12/05 13:41:28.258, 116.80 W, 98 %
2025/12/05 13:41:28.358, 116.82 W, 98 %
2025/12/05 13:41:28.458, 116.83 W, 98 %
2025/12/05 13:41:28.558, 116.86 W, 98 %
2025/12/05 13:41:28.658, 116.82 W, 98 %
2025/12/05 13:41:28.759, 116.82 W, 98 %
2025/12/05 13:41:28.859, 116.83 W, 98 %
2025/12/05 13:41:28.959, 116.88 W, 98 %
2025/12/05 13:41:29.059, 116.87 W, 98 %
2025/12/05 13:41:29.159, 116.85 W, 98 %
2025/12/05 13:41:29.259, 116.84 W, 98 %
2025/12/05 13:41:29.359, 116.87 W, 98 %
2025/12/05 13:41:29.460, 116.82 W, 98 %
2025/12/05 13:41:29.560, 116.84 W, 98 %
2025/12/05 13:41:29.660, 116.83 W, 98 %
2025/12/05 13:41:29.760, 116.83 W, 98 %
2025/12/05 13:41:29.860, 116.82 W, 98 %
2025/12/05 13:41:29.960, 116.82 W, 98 %
2025/12/05 13:41:30.060, 116.83 W, 98 %
2025/12/05 13:41:30.161, 116.82 W, 98 %
2025/12/05 13:41:30.261, 116.78 W, 98 %
2025/12/05 13:41:30.361, 116.84 W, 98 %
2025/12/05 13:41:30.461, 116.77 W, 98 %
2025/12/05 13:41:30.561, 116.79 W, 98 %
2025/12/05 13:41:30.661, 116.78 W, 98 %
2025/12/05 13:41:30.761, 116.75 W, 98 %
2025/12/05 13:41:30.862, 116.76 W, 98 %
2025/12/05 13:41:30.962, 116.75 W, 98 %
2025/12/05 13:41:31.062, 116.72 W, 98 %
2025/12/05 13:41:31.162, 116.72 W, 98 %
2025/12/05 13:41:31.262, 116.72 W, 98 %
2025/12/05 13:41:31.362, 116.78 W, 98 %
2025/12/05 13:41:31.462, 116.76 W, 98 %
2025/12/05 13:41:31.563, 116.78 W, 98 %
2025/12/05 13:41:31.663, 116.79 W, 98 %
2025/12/05 13:41:31.763, 116.79 W, 98 %
2025/12/05 13:41:31.863, 116.85 W, 98 %
2025/12/05 13:41:31.963, 116.84 W, 98 %
2025/12/05 13:41:32.063, 116.86 W, 98 %
2025/12/05 13:41:32.163, 116.84 W, 98 %
2025/12/05 13:41:32.264, 116.82 W, 98 %
2025/12/05 13:41:32.364, 116.81 W, 98 %
2025/12/05 13:41:32.464, 116.78 W, 98 %
2025/12/05 13:41:32.564, 116.78 W, 98 %
2025/12/05 13:41:32.664, 116.78 W, 98 %
2025/12/05 13:41:32.764, 116.76 W, 98 %
2025/12/05 13:41:32.864, 116.74 W, 98 %
2025/12/05 13:41:32.965, 116.72 W, 98 %
2025/12/05 13:41:33.065, 116.73 W, 98 %
2025/12/05 13:41:33.165, 116.68 W, 98 %
2025/12/05 13:41:33.265, 116.71 W, 98 %
2025/12/05 13:41:33.365, 116.70 W, 98 %
2025/12/05 13:41:33.465, 116.72 W, 98 %
2025/12/05 13:41:33.565, 116.70 W, 98 %
2025/12/05 13:41:33.666, 116.70 W, 98 %
2025/12/05 13:41:33.766, 116.67 W, 98 %
2025/12/05 13:41:33.866, 116.67 W, 98 %
2025/12/05 13:41:33.966, 116.67 W, 98 %
2025/12/05 13:41:34.066, 116.67 W, 98 %
2025/12/05 13:41:34.166, 116.66 W, 98 %
2025/12/05 13:41:34.267, 116.67 W, 98 %
2025/12/05 13:41:34.367, 116.70 W, 98 %
2025/12/05 13:41:34.467, 116.67 W, 98 %
2025/12/05 13:41:34.567, 116.67 W, 98 %
2025/12/05 13:41:34.667, 116.70 W, 98 %
2025/12/05 13:41:34.767, 116.67 W, 98 %
2025/12/05 13:41:34.867, 116.73 W, 98 %
2025/12/05 13:41:34.968, 116.76 W, 98 %
2025/12/05 13:41:35.068, 116.77 W, 98 %
2025/12/05 13:41:35.168, 116.81 W, 98 %
2025/12/05 13:41:35.268, 116.80 W, 98 %
2025/12/05 13:41:35.368, 116.85 W, 98 %
2025/12/05 13:41:35.468, 116.84 W, 98 %
2025/12/05 13:41:35.568, 116.88 W, 98 %
2025/12/05 13:41:35.669, 116.89 W, 98 %
2025/12/05 13:41:35.769, 116.88 W, 98 %
2025/12/05 13:41:35.869, 116.89 W, 98 %
2025/12/05 13:41:35.969, 116.87 W, 98 %
2025/12/05 13:41:36.069, 116.85 W, 98 %
2025/12/05 13:41:36.169, 116.83 W, 98 %
2025/12/05 13:41:36.269, 116.80 W, 98 %
2025/12/05 13:41:36.370, 116.79 W, 98 %
2025/12/05 13:41:36.470, 116.78 W, 98 %
2025/12/05 13:41:36.570, 116.71 W, 98 %
2025/12/05 13:41:36.670, 116.71 W, 98 %
2025/12/05 13:41:36.770, 116.71 W, 98 %
2025/12/05 13:41:36.870, 116.67 W, 98 %
2025/12/05 13:41:36.970, 116.68 W, 98 %
2025/12/05 13:41:37.071, 116.68 W, 98 %
2025/12/05 13:41:37.171, 116.69 W, 98 %
2025/12/05 13:41:37.271, 116.71 W, 98 %
2025/12/05 13:41:37.371, 116.67 W, 98 %
2025/12/05 13:41:37.471, 116.69 W, 98 %
2025/12/05 13:41:37.571, 116.69 W, 98 %
2025/12/05 13:41:37.671, 116.73 W, 98 %
2025/12/05 13:41:37.772, 116.73 W, 98 %
2025/12/05 13:41:37.872, 116.70 W, 98 %
2025/12/05 13:41:37.972, 116.75 W, 98 %
2025/12/05 13:41:38.072, 116.76 W, 98 %
2025/12/05 13:41:38.172, 116.76 W, 98 %
2025/12/05 13:41:38.272, 116.76 W, 98 %
2025/12/05 13:41:38.372, 116.76 W, 98 %
2025/12/05 13:41:38.473, 116.79 W, 98 %
2025/12/05 13:41:38.573, 116.78 W, 98 %
2025/12/05 13:41:38.673, 116.76 W, 98 %
2025/12/05 13:41:38.773, 116.77 W, 98 %
2025/12/05 13:41:38.873, 116.78 W, 98 %
2025/12/05 13:41:38.973, 116.80 W, 98 %
2025/12/05 13:41:39.073, 116.79 W, 98 %
2025/12/05 13:41:39.174, 116.80 W, 98 %
2025/12/05 13:41:39.274, 116.82 W, 98 %
2025/12/05 13:41:39.374, 116.84 W, 98 %
2025/12/05 13:41:39.474, 116.79 W, 98 %
2025/12/05 13:41:39.574, 116.80 W, 98 %
2025/12/05 13:41:39.674, 116.82 W, 98 %
2025/12/05 13:41:39.774, 116.81 W, 98 %
2025/12/05 13:41:39.875, 116.79 W, 98 %
2025/12/05 13:41:39.975, 116.74 W, 98 %
2025/12/05 13:41:40.075, 116.74 W, 98 %
2025/12/05 13:41:40.175, 116.76 W, 98 %
2025/12/05 13:41:40.275, 116.69 W, 98 %
2025/12/05 13:41:40.375, 116.68 W, 98 %
2025/12/05 13:41:40.475, 116.68 W, 98 %
2025/12/05 13:41:40.576, 116.73 W, 98 %
2025/12/05 13:41:40.676, 116.76 W, 98 %
2025/12/05 13:41:40.776, 116.72 W, 98 %
2025/12/05 13:41:40.876, 116.76 W, 98 %
2025/12/05 13:41:40.976, 116.81 W, 98 %
2025/12/05 13:41:41.076, 116.83 W, 98 %
2025/12/05 13:41:41.176, 116.85 W, 98 %
2025/12/05 13:41:41.277, 116.85 W, 98 %
2025/12/05 13:41:41.377, 116.88 W, 98 %
2025/12/05 13:41:41.477, 116.89 W, 98 %
2025/12/05 13:41:41.577, 116.88 W, 98 %
2025/12/05 13:41:41.677, 116.89 W, 98 %
2025/12/05 13:41:41.777, 116.88 W, 98 %
2025/12/05 13:41:41.877, 116.89 W, 98 %
2025/12/05 13:41:41.978, 116.89 W, 98 %
2025/12/05 13:41:42.078, 116.83 W, 98 %
2025/12/05 13:41:42.178, 116.86 W, 98 %
2025/12/05 13:41:42.278, 116.86 W, 98 %
2025/12/05 13:41:42.378, 116.83 W, 98 %
2025/12/05 13:41:42.478, 116.82 W, 98 %
2025/12/05 13:41:42.579, 116.82 W, 98 %
2025/12/05 13:41:42.679, 116.81 W, 98 %
2025/12/05 13:41:42.779, 116.79 W, 98 %
2025/12/05 13:41:42.879, 116.76 W, 98 %
2025/12/05 13:41:42.979, 116.77 W, 98 %
2025/12/05 13:41:43.079, 116.76 W, 98 %
2025/12/05 13:41:43.179, 116.79 W, 98 %
2025/12/05 13:41:43.280, 116.81 W, 98 %
2025/12/05 13:41:43.380, 116.81 W, 98 %
2025/12/05 13:41:43.480, 116.85 W, 98 %
2025/12/05 13:41:43.580, 116.85 W, 98 %
2025/12/05 13:41:43.680, 116.82 W, 98 %
2025/12/05 13:41:43.780, 116.82 W, 98 %
2025/12/05 13:41:43.880, 116.82 W, 98 %
2025/12/05 13:41:43.981, 116.80 W, 98 %
2025/12/05 13:41:44.081, 116.80 W, 98 %
2025/12/05 13:41:44.181, 116.74 W, 98 %
2025/12/05 13:41:44.281, 116.72 W, 98 %
2025/12/05 13:41:44.381, 116.70 W, 98 %
2025/12/05 13:41:44.481, 116.67 W, 98 %
2025/12/05 13:41:44.581, 116.65 W, 98 %
2025/12/05 13:41:44.681, 116.68 W, 98 %
2025/12/05 13:41:44.782, 116.69 W, 98 %
2025/12/05 13:41:44.882, 116.71 W, 98 %
2025/12/05 13:41:44.982, 116.72 W, 98 %
2025/12/05 13:41:45.082, 116.75 W, 98 %
2025/12/05 13:41:45.182, 116.77 W, 98 %
2025/12/05 13:41:45.282, 116.82 W, 98 %
2025/12/05 13:41:45.382, 116.83 W, 98 %
2025/12/05 13:41:45.483, 116.83 W, 98 %
2025/12/05 13:41:45.583, 116.85 W, 98 %
2025/12/05 13:41:45.683, 116.85 W, 98 %
2025/12/05 13:41:45.783, 116.76 W, 98 %
2025/12/05 13:41:45.883, 116.77 W, 98 %
2025/12/05 13:41:45.983, 116.76 W, 98 %
2025/12/05 13:41:46.083, 116.75 W, 98 %
2025/12/05 13:41:46.184, 116.75 W, 98 %
2025/12/05 13:41:46.284, 116.69 W, 98 %
2025/12/05 13:41:46.384, 116.69 W, 98 %
2025/12/05 13:41:46.484, 116.71 W, 98 %
2025/12/05 13:41:46.584, 116.70 W, 98 %
2025/12/05 13:41:46.684, 116.70 W, 98 %
2025/12/05 13:41:46.784, 116.71 W, 98 %
2025/12/05 13:41:46.885, 116.74 W, 98 %
2025/12/05 13:41:46.985, 116.74 W, 98 %
2025/12/05 13:41:47.085, 116.68 W, 98 %
2025/12/05 13:41:47.185, 116.70 W, 98 %
2025/12/05 13:41:47.285, 116.71 W, 98 %
2025/12/05 13:41:47.385, 116.74 W, 98 %
2025/12/05 13:41:47.486, 116.75 W, 98 %
2025/12/05 13:41:47.586, 116.74 W, 98 %
2025/12/05 13:41:47.686, 116.74 W, 98 %
2025/12/05 13:41:47.786, 116.73 W, 98 %
2025/12/05 13:41:47.886, 116.71 W, 98 %
2025/12/05 13:41:47.986, 116.74 W, 98 %
2025/12/05 13:41:48.086, 116.75 W, 98 %
2025/12/05 13:41:48.187, 116.81 W, 98 %
2025/12/05 13:41:48.287, 116.83 W, 98 %
2025/12/05 13:41:48.387, 116.79 W, 98 %
2025/12/05 13:41:48.487, 116.78 W, 98 %
2025/12/05 13:41:48.587, 116.80 W, 98 %
2025/12/05 13:41:48.687, 116.82 W, 98 %
2025/12/05 13:41:48.787, 116.85 W, 98 %
2025/12/05 13:41:48.888, 116.87 W, 98 %
2025/12/05 13:41:48.988, 116.88 W, 98 %
2025/12/05 13:41:49.088, 116.90 W, 98 %
2025/12/05 13:41:49.188, 116.87 W, 98 %
2025/12/05 13:41:49.288, 116.88 W, 98 %
2025/12/05 13:41:49.388, 116.86 W, 98 %
2025/12/05 13:41:49.488, 116.87 W, 98 %
2025/12/05 13:41:49.589, 116.89 W, 98 %
2025/12/05 13:41:49.689, 116.82 W, 98 %
2025/12/05 13:41:49.789, 116.80 W, 98 %
2025/12/05 13:41:49.889, 116.80 W, 98 %
2025/12/05 13:41:49.989, 116.76 W, 98 %
2025/12/05 13:41:50.089, 116.77 W, 98 %
2025/12/05 13:41:50.189, 116.75 W, 98 %
2025/12/05 13:41:50.290, 116.78 W, 98 %
2025/12/05 13:41:50.390, 116.79 W, 98 %
2025/12/05 13:41:50.490, 116.79 W, 98 %
2025/12/05 13:41:50.590, 116.80 W, 98 %
2025/12/05 13:41:50.690, 116.81 W, 98 %
2025/12/05 13:41:50.790, 116.83 W, 98 %
2025/12/05 13:41:50.890, 116.84 W, 98 %
2025/12/05 13:41:50.991, 116.78 W, 98 %
2025/12/05 13:41:51.091, 116.80 W, 98 %
2025/12/05 13:41:51.191, 116.80 W, 98 %
2025/12/05 13:41:51.291, 116.78 W, 98 %
2025/12/05 13:41:51.391, 116.78 W, 98 %
2025/12/05 13:41:51.491, 116.76 W, 98 %
2025/12/05 13:41:51.591, 116.79 W, 98 %
2025/12/05 13:41:51.692, 116.83 W, 98 %
2025/12/05 13:41:51.792, 116.77 W, 98 %
2025/12/05 13:41:51.892, 116.81 W, 98 %
2025/12/05 13:41:51.992, 116.82 W, 98 %
2025/12/05 13:41:52.092, 116.86 W, 98 %
2025/12/05 13:41:52.192, 116.86 W, 98 %
2025/12/05 13:41:52.292, 116.85 W, 98 %
2025/12/05 13:41:52.393, 116.88 W, 98 %
2025/12/05 13:41:52.493, 116.87 W, 98 %
2025/12/05 13:41:52.593, 116.83 W, 98 %
2025/12/05 13:41:52.693, 116.78 W, 98 %
2025/12/05 13:41:52.793, 116.74 W, 98 %
2025/12/05 13:41:52.893, 116.77 W, 98 %
2025/12/05 13:41:52.994, 116.74 W, 98 %
2025/12/05 13:41:53.094, 116.69 W, 98 %
2025/12/05 13:41:53.194, 116.67 W, 98 %
2025/12/05 13:41:53.294, 116.66 W, 98 %
2025/12/05 13:41:53.394, 116.65 W, 98 %
2025/12/05 13:41:53.494, 116.64 W, 98 %
2025/12/05 13:41:53.594, 116.65 W, 98 %
2025/12/05 13:41:53.695, 116.68 W, 98 %
2025/12/05 13:41:53.795, 116.71 W, 98 %
2025/12/05 13:41:53.895, 116.70 W, 98 %
2025/12/05 13:41:53.995, 116.70 W, 98 %
2025/12/05 13:41:54.095, 116.74 W, 98 %
2025/12/05 13:41:54.195, 116.77 W, 98 %
2025/12/05 13:41:54.295, 116.81 W, 98 %
2025/12/05 13:41:54.396, 116.79 W, 98 %
2025/12/05 13:41:54.496, 116.80 W, 98 %
2025/12/05 13:41:54.596, 116.81 W, 98 %
2025/12/05 13:41:54.696, 116.78 W, 98 %
2025/12/05 13:41:54.796, 116.80 W, 98 %
2025/12/05 13:41:54.896, 116.80 W, 98 %
2025/12/05 13:41:54.996, 116.81 W, 98 %
2025/12/05 13:41:55.096, 116.82 W, 98 %
2025/12/05 13:41:55.197, 116.79 W, 98 %
2025/12/05 13:41:55.297, 116.82 W, 98 %
2025/12/05 13:41:55.397, 116.83 W, 98 %
2025/12/05 13:41:55.497, 116.88 W, 98 %
2025/12/05 13:41:55.597, 116.89 W, 98 %
2025/12/05 13:41:55.697, 116.84 W, 98 %
2025/12/05 13:41:55.798, 116.87 W, 98 %
2025/12/05 13:41:55.898, 116.85 W, 98 %
2025/12/05 13:41:55.998, 116.82 W, 98 %
2025/12/05 13:41:56.098, 116.84 W, 98 %
2025/12/05 13:41:56.198, 116.82 W, 98 %
2025/12/05 13:41:56.298, 116.83 W, 98 %
2025/12/05 13:41:56.398, 116.82 W, 98 %
2025/12/05 13:41:56.499, 116.79 W, 98 %
2025/12/05 13:41:56.599, 116.78 W, 98 %
2025/12/05 13:41:56.699, 116.77 W, 98 %
2025/12/05 13:41:56.799, 116.81 W, 98 %
2025/12/05 13:41:56.899, 116.80 W, 98 %
2025/12/05 13:41:56.999, 116.79 W, 98 %
2025/12/05 13:41:57.099, 116.83 W, 98 %
2025/12/05 13:41:57.200, 116.83 W, 98 %
2025/12/05 13:41:57.300, 116.81 W, 98 %
2025/12/05 13:41:57.400, 116.84 W, 98 %
2025/12/05 13:41:57.500, 116.81 W, 98 %
2025/12/05 13:41:57.600, 116.81 W, 98 %
2025/12/05 13:41:57.700, 116.82 W, 98 %
2025/12/05 13:41:57.800, 116.81 W, 98 %
2025/12/05 13:41:57.901, 116.84 W, 98 %
2025/12/05 13:41:58.001, 116.87 W, 98 %
2025/12/05 13:41:58.101, 116.87 W, 98 %
2025/12/05 13:41:58.201, 116.89 W, 98 %
2025/12/05 13:41:58.301, 116.87 W, 98 %
2025/12/05 13:41:58.401, 116.90 W, 98 %
2025/12/05 13:41:58.501, 116.90 W, 98 %
2025/12/05 13:41:58.602, 116.90 W, 98 %
2025/12/05 13:41:58.702, 116.92 W, 98 %
2025/12/05 13:41:58.802, 116.89 W, 98 %
2025/12/05 13:41:58.902, 116.90 W, 98 %
2025/12/05 13:41:59.002, 116.88 W, 98 %
2025/12/05 13:41:59.102, 116.84 W, 98 %
2025/12/05 13:41:59.202, 116.90 W, 98 %
2025/12/05 13:41:59.303, 116.89 W, 98 %
2025/12/05 13:41:59.403, 116.90 W, 98 %
2025/12/05 13:41:59.503, 116.92 W, 98 %
2025/12/05 13:41:59.603, 116.91 W, 98 %
2025/12/05 13:41:59.703, 116.92 W, 98 %
2025/12/05 13:41:59.803, 116.93 W, 98 %
2025/12/05 13:41:59.903, 116.93 W, 98 %
2025/12/05 13:42:00.004, 116.92 W, 98 %
2025/12/05 13:42:00.104, 116.88 W, 98 %
2025/12/05 13:42:00.204, 116.87 W, 98 %
2025/12/05 13:42:00.304, 116.83 W, 98 %
2025/12/05 13:42:00.404, 116.79 W, 98 %
2025/12/05 13:42:00.505, 116.77 W, 98 %
2025/12/05 13:42:00.605, 116.75 W, 98 %
2025/12/05 13:42:00.705, 116.74 W, 98 %
2025/12/05 13:42:00.805, 116.73 W, 98 %
2025/12/05 13:42:00.906, 116.67 W, 98 %
2025/12/05 13:42:01.006, 116.67 W, 98 %
2025/12/05 13:42:01.106, 116.69 W, 98 %
2025/12/05 13:42:01.206, 116.70 W, 98 %
2025/12/05 13:42:01.306, 116.71 W, 98 %
2025/12/05 13:42:01.406, 116.71 W, 98 %
2025/12/05 13:42:01.507, 116.74 W, 98 %
2025/12/05 13:42:01.607, 116.78 W, 98 %
2025/12/05 13:42:01.707, 116.72 W, 98 %
2025/12/05 13:42:01.807, 116.75 W, 98 %
2025/12/05 13:42:01.907, 116.78 W, 98 %
2025/12/05 13:42:02.007, 116.81 W, 98 %
2025/12/05 13:42:02.107, 116.84 W, 98 %
2025/12/05 13:42:02.208, 116.82 W, 98 %
2025/12/05 13:42:02.308, 116.83 W, 98 %
2025/12/05 13:42:02.408, 116.83 W, 98 %
2025/12/05 13:42:02.508, 116.82 W, 98 %
2025/12/05 13:42:02.608, 116.81 W, 98 %
2025/12/05 13:42:02.708, 116.81 W, 98 %
2025/12/05 13:42:02.808, 116.84 W, 98 %
2025/12/05 13:42:02.909, 116.81 W, 98 %
2025/12/05 13:42:03.009, 116.77 W, 98 %
2025/12/05 13:42:03.109, 116.76 W, 98 %
2025/12/05 13:42:03.209, 116.75 W, 98 %
2025/12/05 13:42:03.309, 116.76 W, 98 %
2025/12/05 13:42:03.409, 116.76 W, 98 %
2025/12/05 13:42:03.509, 116.78 W, 98 %
2025/12/05 13:42:03.610, 116.78 W, 98 %
2025/12/05 13:42:03.710, 116.76 W, 98 %
2025/12/05 13:42:03.810, 116.73 W, 98 %
2025/12/05 13:42:03.910, 116.70 W, 98 %
2025/12/05 13:42:04.010, 116.73 W, 98 %
2025/12/05 13:42:04.110, 116.66 W, 98 %
2025/12/05 13:42:04.211, 116.70 W, 98 %
2025/12/05 13:42:04.311, 116.71 W, 98 %
2025/12/05 13:42:04.411, 116.72 W, 98 %
2025/12/05 13:42:04.511, 116.72 W, 98 %
2025/12/05 13:42:04.611, 116.71 W, 98 %
2025/12/05 13:42:04.711, 116.72 W, 98 %
2025/12/05 13:42:04.811, 116.77 W, 98 %
2025/12/05 13:42:04.912, 116.77 W, 98 %
2025/12/05 13:42:05.012, 116.82 W, 98 %
2025/12/05 13:42:05.112, 116.82 W, 98 %
2025/12/05 13:42:05.212, 116.90 W, 98 %
2025/12/05 13:42:05.312, 116.88 W, 98 %
2025/12/05 13:42:05.412, 116.86 W, 98 %
2025/12/05 13:42:05.512, 116.86 W, 98 %
2025/12/05 13:42:05.613, 116.86 W, 98 %
2025/12/05 13:42:05.713, 116.83 W, 98 %
2025/12/05 13:42:05.813, 116.86 W, 98 %
2025/12/05 13:42:05.913, 116.83 W, 98 %
2025/12/05 13:42:06.013, 116.83 W, 98 %
2025/12/05 13:42:06.113, 116.83 W, 98 %
2025/12/05 13:42:06.213, 116.82 W, 98 %
2025/12/05 13:42:06.314, 116.82 W, 98 %
2025/12/05 13:42:06.414, 116.81 W, 98 %
2025/12/05 13:42:06.514, 116.82 W, 98 %
2025/12/05 13:42:06.614, 116.84 W, 98 %
2025/12/05 13:42:06.714, 116.77 W, 98 %
2025/12/05 13:42:06.814, 116.80 W, 98 %
2025/12/05 13:42:06.915, 116.78 W, 98 %
2025/12/05 13:42:07.015, 116.76 W, 98 %
2025/12/05 13:42:07.115, 116.78 W, 98 %
2025/12/05 13:42:07.215, 116.78 W, 98 %
2025/12/05 13:42:07.315, 116.78 W, 98 %
2025/12/05 13:42:07.415, 116.78 W, 98 %
2025/12/05 13:42:07.515, 116.77 W, 98 %
2025/12/05 13:42:07.616, 116.77 W, 98 %
2025/12/05 13:42:07.716, 116.78 W, 98 %
2025/12/05 13:42:07.816, 116.84 W, 98 %
2025/12/05 13:42:07.916, 116.87 W, 98 %
2025/12/05 13:42:08.016, 116.83 W, 98 %
2025/12/05 13:42:08.116, 116.84 W, 98 %
2025/12/05 13:42:08.216, 116.86 W, 98 %
2025/12/05 13:42:08.317, 116.84 W, 98 %
2025/12/05 13:42:08.417, 116.84 W, 98 %
2025/12/05 13:42:08.517, 116.83 W, 98 %
2025/12/05 13:42:08.617, 116.84 W, 98 %
2025/12/05 13:42:08.717, 116.86 W, 98 %
2025/12/05 13:42:08.817, 116.79 W, 98 %
2025/12/05 13:42:08.918, 116.75 W, 98 %
2025/12/05 13:42:09.018, 116.72 W, 98 %
2025/12/05 13:42:09.118, 116.73 W, 98 %
2025/12/05 13:42:09.218, 116.75 W, 98 %
2025/12/05 13:42:09.318, 116.69 W, 98 %
2025/12/05 13:42:09.418, 116.71 W, 98 %
2025/12/05 13:42:09.518, 116.75 W, 98 %
2025/12/05 13:42:09.619, 116.76 W, 98 %
2025/12/05 13:42:09.719, 116.79 W, 98 %
2025/12/05 13:42:09.819, 116.82 W, 98 %
2025/12/05 13:42:09.919, 116.88 W, 98 %
2025/12/05 13:42:10.019, 116.91 W, 98 %
2025/12/05 13:42:10.119, 116.93 W, 98 %
2025/12/05 13:42:10.219, 116.97 W, 98 %
2025/12/05 13:42:10.320, 116.99 W, 98 %
2025/12/05 13:42:10.420, 117.00 W, 98 %
2025/12/05 13:42:10.520, 117.01 W, 98 %
2025/12/05 13:42:10.620, 116.96 W, 98 %
2025/12/05 13:42:10.720, 116.93 W, 95 %
2025/12/05 13:42:10.820, 116.92 W, 95 %
2025/12/05 13:42:10.920, 116.88 W, 98 %
2025/12/05 13:42:11.021, 116.87 W, 98 %
2025/12/05 13:42:11.121, 116.88 W, 98 %
2025/12/05 13:42:11.221, 116.86 W, 98 %
2025/12/05 13:42:11.321, 116.87 W, 98 %
2025/12/05 13:42:11.421, 116.81 W, 98 %
2025/12/05 13:42:11.521, 116.83 W, 98 %
2025/12/05 13:42:11.621, 116.85 W, 98 %
2025/12/05 13:42:11.722, 116.86 W, 98 %
2025/12/05 13:42:11.822, 116.88 W, 98 %
2025/12/05 13:42:11.922, 116.87 W, 98 %
2025/12/05 13:42:12.022, 116.87 W, 98 %
2025/12/05 13:42:12.122, 116.89 W, 98 %
2025/12/05 13:42:12.222, 116.88 W, 98 %
2025/12/05 13:42:12.323, 116.88 W, 98 %
2025/12/05 13:42:12.423, 116.87 W, 98 %
2025/12/05 13:42:12.523, 116.88 W, 98 %
2025/12/05 13:42:12.623, 116.86 W, 98 %
2025/12/05 13:42:12.723, 116.79 W, 98 %
2025/12/05 13:42:12.823, 116.79 W, 98 %
2025/12/05 13:42:12.923, 116.78 W, 98 %
2025/12/05 13:42:13.024, 116.79 W, 98 %
2025/12/05 13:42:13.124, 116.80 W, 98 %
2025/12/05 13:42:13.224, 116.73 W, 98 %
2025/12/05 13:42:13.324, 116.71 W, 98 %
2025/12/05 13:42:13.424, 116.72 W, 98 %
2025/12/05 13:42:13.524, 116.68 W, 98 %
2025/12/05 13:42:13.624, 116.69 W, 98 %
2025/12/05 13:42:13.725, 116.71 W, 98 %
2025/12/05 13:42:13.825, 116.75 W, 98 %
2025/12/05 13:42:13.925, 116.76 W, 98 %
2025/12/05 13:42:14.025, 116.77 W, 98 %
2025/12/05 13:42:14.125, 116.76 W, 98 %
2025/12/05 13:42:14.225, 116.77 W, 98 %
2025/12/05 13:42:14.325, 116.81 W, 98 %
2025/12/05 13:42:14.426, 116.83 W, 98 %
2025/12/05 13:42:14.526, 116.78 W, 98 %
2025/12/05 13:42:14.626, 116.82 W, 98 %
2025/12/05 13:42:14.726, 116.82 W, 98 %
2025/12/05 13:42:14.826, 116.82 W, 98 %
2025/12/05 13:42:14.926, 116.83 W, 98 %
2025/12/05 13:42:15.026, 116.85 W, 98 %
2025/12/05 13:42:15.127, 116.85 W, 98 %
2025/12/05 13:42:15.227, 116.88 W, 98 %
2025/12/05 13:42:15.327, 116.87 W, 98 %
2025/12/05 13:42:15.427, 116.89 W, 98 %
2025/12/05 13:42:15.527, 116.88 W, 98 %
2025/12/05 13:42:15.627, 116.93 W, 98 %
2025/12/05 13:42:15.727, 116.93 W, 98 %
2025/12/05 13:42:15.828, 116.93 W, 98 %
2025/12/05 13:42:15.928, 116.96 W, 98 %
2025/12/05 13:42:16.028, 116.94 W, 98 %
2025/12/05 13:42:16.128, 116.92 W, 98 %
2025/12/05 13:42:16.228, 116.93 W, 98 %
2025/12/05 13:42:16.328, 116.86 W, 98 %
2025/12/05 13:42:16.429, 116.87 W, 98 %
2025/12/05 13:42:16.529, 116.86 W, 98 %
2025/12/05 13:42:16.629, 116.85 W, 98 %
2025/12/05 13:42:16.729, 116.86 W, 98 %
2025/12/05 13:42:16.829, 116.86 W, 98 %
2025/12/05 13:42:16.929, 116.88 W, 98 %
2025/12/05 13:42:17.029, 116.85 W, 98 %
2025/12/05 13:42:17.130, 116.80 W, 98 %
2025/12/05 13:42:17.230, 116.82 W, 98 %
2025/12/05 13:42:17.330, 116.83 W, 98 %
2025/12/05 13:42:17.430, 116.86 W, 98 %
2025/12/05 13:42:17.530, 116.87 W, 98 %
2025/12/05 13:42:17.630, 116.86 W, 98 %
2025/12/05 13:42:17.730, 116.91 W, 98 %
2025/12/05 13:42:17.831, 116.93 W, 98 %
2025/12/05 13:42:17.931, 116.95 W, 98 %
2025/12/05 13:42:18.031, 116.96 W, 98 %
2025/12/05 13:42:18.131, 116.93 W, 98 %
2025/12/05 13:42:18.231, 116.99 W, 98 %
2025/12/05 13:42:18.331, 116.97 W, 98 %
2025/12/05 13:42:18.431, 116.96 W, 98 %
2025/12/05 13:42:18.532, 116.95 W, 98 %
2025/12/05 13:42:18.632, 116.95 W, 98 %
2025/12/05 13:42:18.732, 116.97 W, 98 %
2025/12/05 13:42:18.832, 116.92 W, 98 %
2025/12/05 13:42:18.932, 116.88 W, 98 %
2025/12/05 13:42:19.032, 116.86 W, 98 %
2025/12/05 13:42:19.132, 116.83 W, 98 %
2025/12/05 13:42:19.233, 116.85 W, 98 %
2025/12/05 13:42:19.333, 116.81 W, 98 %
2025/12/05 13:42:19.433, 116.76 W, 98 %
2025/12/05 13:42:19.533, 116.76 W, 98 %
2025/12/05 13:42:19.633, 116.76 W, 98 %
2025/12/05 13:42:19.733, 116.76 W, 98 %
2025/12/05 13:42:19.834, 116.76 W, 98 %
2025/12/05 13:42:19.934, 116.74 W, 98 %
2025/12/05 13:42:20.034, 116.79 W, 98 %
2025/12/05 13:42:20.134, 116.82 W, 98 %
2025/12/05 13:42:20.234, 116.79 W, 98 %
2025/12/05 13:42:20.334, 116.79 W, 98 %
2025/12/05 13:42:20.434, 116.81 W, 98 %
2025/12/05 13:42:20.535, 116.85 W, 98 %
2025/12/05 13:42:20.635, 116.89 W, 98 %
2025/12/05 13:42:20.735, 116.88 W, 98 %
2025/12/05 13:42:20.835, 116.89 W, 98 %
2025/12/05 13:42:20.935, 116.88 W, 98 %
2025/12/05 13:42:21.035, 116.90 W, 98 %
2025/12/05 13:42:21.135, 116.87 W, 98 %
2025/12/05 13:42:21.236, 116.84 W, 98 %
2025/12/05 13:42:21.336, 116.86 W, 98 %
2025/12/05 13:42:21.436, 116.89 W, 98 %
2025/12/05 13:42:21.536, 116.90 W, 98 %
2025/12/05 13:42:21.636, 116.90 W, 98 %
2025/12/05 13:42:21.736, 116.87 W, 98 %
2025/12/05 13:42:21.836, 116.88 W, 98 %
2025/12/05 13:42:21.937, 116.88 W, 98 %
2025/12/05 13:42:22.037, 116.87 W, 98 %
2025/12/05 13:42:22.137, 116.88 W, 98 %
2025/12/05 13:42:22.237, 116.85 W, 98 %
2025/12/05 13:42:22.337, 116.83 W, 98 %
2025/12/05 13:42:22.437, 116.85 W, 98 %
2025/12/05 13:42:22.537, 116.84 W, 98 %
2025/12/05 13:42:22.638, 116.85 W, 98 %
2025/12/05 13:42:22.738, 116.83 W, 98 %
2025/12/05 13:42:22.838, 116.83 W, 98 %
2025/12/05 13:42:22.938, 116.83 W, 98 %
2025/12/05 13:42:23.038, 116.80 W, 98 %
2025/12/05 13:42:23.138, 116.79 W, 98 %
2025/12/05 13:42:23.239, 116.80 W, 98 %
2025/12/05 13:42:23.339, 116.84 W, 98 %
2025/12/05 13:42:23.439, 116.89 W, 98 %
2025/12/05 13:42:23.539, 116.89 W, 98 %
2025/12/05 13:42:23.639, 116.91 W, 98 %
2025/12/05 13:42:23.739, 116.92 W, 98 %
2025/12/05 13:42:23.839, 116.95 W, 98 %
2025/12/05 13:42:23.940, 116.94 W, 98 %
2025/12/05 13:42:24.040, 116.92 W, 98 %
2025/12/05 13:42:24.140, 116.94 W, 98 %
2025/12/05 13:42:24.240, 116.99 W, 98 %
2025/12/05 13:42:24.340, 117.00 W, 98 %
2025/12/05 13:42:24.440, 117.01 W, 98 %
2025/12/05 13:42:24.540, 116.97 W, 98 %
2025/12/05 13:42:24.641, 116.98 W, 98 %
2025/12/05 13:42:24.741, 116.97 W, 98 %
2025/12/05 13:42:24.841, 116.94 W, 98 %
2025/12/05 13:42:24.941, 116.93 W, 98 %
2025/12/05 13:42:25.041, 116.95 W, 98 %
2025/12/05 13:42:25.141, 116.97 W, 98 %
2025/12/05 13:42:25.241, 116.98 W, 98 %
2025/12/05 13:42:25.342, 116.91 W, 98 %
2025/12/05 13:42:25.442, 116.91 W, 98 %
2025/12/05 13:42:25.542, 116.89 W, 98 %
2025/12/05 13:42:25.642, 116.90 W, 98 %
2025/12/05 13:42:25.742, 116.89 W, 98 %
2025/12/05 13:42:25.842, 116.85 W, 98 %
2025/12/05 13:42:25.942, 116.87 W, 98 %
2025/12/05 13:42:26.043, 116.87 W, 98 %
2025/12/05 13:42:26.143, 116.83 W, 98 %
2025/12/05 13:42:26.243, 116.83 W, 98 %
2025/12/05 13:42:26.343, 116.77 W, 98 %
2025/12/05 13:42:26.443, 116.80 W, 98 %
2025/12/05 13:42:26.543, 116.77 W, 98 %
2025/12/05 13:42:26.643, 116.74 W, 98 %
2025/12/05 13:42:26.744, 116.77 W, 98 %
2025/12/05 13:42:26.844, 116.77 W, 98 %
2025/12/05 13:42:26.944, 116.79 W, 98 %
2025/12/05 13:42:27.044, 116.79 W, 98 %
2025/12/05 13:42:27.144, 116.77 W, 98 %
2025/12/05 13:42:27.244, 116.82 W, 98 %
2025/12/05 13:42:27.345, 116.83 W, 98 %
2025/12/05 13:42:27.445, 116.86 W, 98 %
2025/12/05 13:42:27.545, 116.86 W, 98 %
2025/12/05 13:42:27.645, 116.86 W, 98 %
2025/12/05 13:42:27.745, 116.90 W, 98 %
2025/12/05 13:42:27.845, 116.90 W, 98 %
2025/12/05 13:42:27.945, 116.90 W, 98 %
2025/12/05 13:42:28.046, 116.90 W, 98 %
2025/12/05 13:42:28.146, 116.93 W, 98 %
2025/12/05 13:42:28.246, 116.92 W, 98 %
2025/12/05 13:42:28.346, 116.91 W, 98 %
2025/12/05 13:42:28.446, 116.86 W, 98 %
2025/12/05 13:42:28.546, 116.90 W, 98 %
2025/12/05 13:42:28.646, 116.89 W, 98 %
2025/12/05 13:42:28.747, 116.91 W, 98 %
2025/12/05 13:42:28.847, 116.90 W, 98 %
2025/12/05 13:42:28.947, 116.86 W, 98 %
2025/12/05 13:42:29.047, 116.86 W, 98 %
2025/12/05 13:42:29.147, 116.87 W, 98 %
2025/12/05 13:42:29.247, 116.83 W, 98 %
2025/12/05 13:42:29.347, 116.84 W, 98 %
2025/12/05 13:42:29.448, 116.81 W, 98 %
2025/12/05 13:42:29.548, 116.84 W, 98 %
2025/12/05 13:42:29.648, 116.83 W, 98 %
2025/12/05 13:42:29.748, 116.84 W, 98 %
2025/12/05 13:42:29.848, 116.84 W, 98 %
2025/12/05 13:42:29.948, 116.85 W, 98 %
2025/12/05 13:42:30.048, 116.88 W, 98 %
2025/12/05 13:42:30.149, 116.90 W, 98 %
2025/12/05 13:42:30.249, 116.85 W, 98 %
2025/12/05 13:42:30.349, 116.84 W, 98 %
2025/12/05 13:42:30.449, 116.87 W, 98 %
2025/12/05 13:42:30.549, 116.86 W, 98 %
2025/12/05 13:42:30.649, 116.85 W, 98 %
2025/12/05 13:42:30.750, 116.83 W, 98 %
2025/12/05 13:42:30.850, 116.80 W, 98 %
2025/12/05 13:42:30.950, 116.78 W, 98 %
2025/12/05 13:42:31.050, 116.74 W, 98 %
2025/12/05 13:42:31.150, 116.74 W, 98 %
2025/12/05 13:42:31.250, 116.73 W, 98 %
2025/12/05 13:42:31.350, 116.78 W, 98 %
2025/12/05 13:42:31.451, 116.80 W, 98 %
2025/12/05 13:42:31.551, 116.75 W, 98 %
2025/12/05 13:42:31.651, 116.79 W, 98 %
2025/12/05 13:42:31.751, 116.82 W, 98 %
2025/12/05 13:42:31.851, 116.81 W, 98 %
2025/12/05 13:42:31.951, 116.84 W, 98 %
2025/12/05 13:42:32.051, 116.88 W, 98 %
2025/12/05 13:42:32.152, 116.90 W, 98 %
2025/12/05 13:42:32.252, 116.90 W, 98 %
2025/12/05 13:42:32.352, 116.87 W, 98 %
2025/12/05 13:42:32.452, 116.84 W, 98 %
2025/12/05 13:42:32.552, 116.85 W, 98 %
2025/12/05 13:42:32.652, 116.85 W, 98 %
2025/12/05 13:42:32.752, 116.82 W, 98 %
2025/12/05 13:42:32.853, 116.74 W, 98 %
2025/12/05 13:42:32.953, 116.76 W, 98 %
2025/12/05 13:42:33.053, 116.74 W, 98 %
2025/12/05 13:42:33.153, 116.67 W, 98 %
2025/12/05 13:42:33.253, 116.68 W, 98 %
2025/12/05 13:42:33.353, 116.67 W, 98 %
2025/12/05 13:42:33.453, 116.65 W, 98 %
2025/12/05 13:42:33.554, 116.66 W, 98 %
2025/12/05 13:42:33.654, 116.63 W, 98 %
2025/12/05 13:42:33.754, 116.64 W, 98 %
2025/12/05 13:42:33.854, 116.66 W, 98 %
2025/12/05 13:42:33.954, 116.73 W, 98 %
2025/12/05 13:42:34.054, 116.77 W, 98 %
2025/12/05 13:42:34.155, 116.80 W, 98 %
2025/12/05 13:42:34.255, 116.86 W, 98 %
2025/12/05 13:42:34.355, 116.89 W, 98 %
2025/12/05 13:42:34.455, 116.87 W, 98 %
2025/12/05 13:42:34.555, 116.91 W, 98 %
2025/12/05 13:42:34.655, 116.92 W, 98 %
2025/12/05 13:42:34.755, 116.93 W, 98 %
2025/12/05 13:42:34.856, 116.94 W, 98 %
2025/12/05 13:42:34.956, 116.89 W, 98 %
2025/12/05 13:42:35.056, 116.88 W, 98 %
2025/12/05 13:42:35.156, 116.87 W, 98 %
2025/12/05 13:42:35.256, 116.82 W, 98 %
2025/12/05 13:42:35.356, 116.84 W, 98 %
2025/12/05 13:42:35.456, 116.83 W, 98 %
2025/12/05 13:42:35.557, 116.84 W, 98 %
2025/12/05 13:42:35.657, 116.86 W, 98 %
2025/12/05 13:42:35.757, 116.84 W, 98 %
2025/12/05 13:42:35.857, 116.87 W, 98 %
2025/12/05 13:42:35.957, 116.87 W, 98 %
2025/12/05 13:42:36.057, 116.88 W, 98 %
2025/12/05 13:42:36.157, 116.82 W, 98 %
2025/12/05 13:42:36.258, 116.83 W, 98 %
2025/12/05 13:42:36.358, 116.82 W, 98 %
2025/12/05 13:42:36.458, 116.77 W, 98 %
2025/12/05 13:42:36.558, 116.81 W, 98 %
2025/12/05 13:42:36.658, 116.79 W, 98 %
2025/12/05 13:42:36.758, 116.78 W, 98 %
2025/12/05 13:42:36.858, 116.77 W, 98 %
2025/12/05 13:42:36.959, 116.75 W, 98 %
2025/12/05 13:42:37.059, 116.75 W, 98 %
2025/12/05 13:42:37.159, 116.76 W, 98 %
2025/12/05 13:42:37.259, 116.79 W, 98 %
2025/12/05 13:42:37.359, 116.79 W, 98 %
2025/12/05 13:42:37.459, 116.76 W, 98 %
2025/12/05 13:42:37.560, 116.76 W, 98 %
2025/12/05 13:42:37.660, 116.76 W, 98 %
2025/12/05 13:42:37.760, 116.74 W, 98 %
2025/12/05 13:42:37.860, 116.76 W, 98 %
2025/12/05 13:42:37.960, 116.76 W, 98 %
2025/12/05 13:42:38.060, 116.74 W, 98 %
2025/12/05 13:42:38.160, 116.75 W, 98 %
2025/12/05 13:42:38.261, 116.74 W, 98 %
2025/12/05 13:42:38.361, 116.75 W, 98 %
2025/12/05 13:42:38.461, 116.77 W, 98 %
2025/12/05 13:42:38.561, 116.74 W, 98 %
2025/12/05 13:42:38.661, 116.77 W, 98 %
2025/12/05 13:42:38.761, 116.76 W, 98 %
2025/12/05 13:42:38.861, 116.76 W, 98 %
2025/12/05 13:42:38.962, 116.75 W, 98 %
2025/12/05 13:42:39.062, 116.70 W, 98 %
2025/12/05 13:42:39.162, 116.73 W, 98 %
2025/12/05 13:42:39.262, 116.72 W, 98 %
2025/12/05 13:42:39.362, 116.71 W, 98 %
2025/12/05 13:42:39.462, 116.70 W, 98 %
2025/12/05 13:42:39.562, 116.68 W, 98 %
2025/12/05 13:42:39.663, 116.70 W, 98 %
2025/12/05 13:42:39.763, 116.68 W, 98 %
2025/12/05 13:42:39.863, 116.61 W, 98 %
2025/12/05 13:42:39.963, 116.64 W, 98 %
2025/12/05 13:42:40.063, 116.64 W, 98 %
2025/12/05 13:42:40.163, 116.68 W, 98 %
2025/12/05 13:42:40.263, 116.70 W, 98 %
2025/12/05 13:42:40.364, 116.73 W, 98 %
2025/12/05 13:42:40.464, 116.75 W, 98 %
2025/12/05 13:42:40.564, 116.76 W, 98 %
2025/12/05 13:42:40.664, 116.74 W, 98 %
2025/12/05 13:42:40.764, 116.74 W, 98 %
2025/12/05 13:42:40.864, 116.75 W, 98 %
2025/12/05 13:42:40.964, 116.78 W, 98 %
2025/12/05 13:42:41.065, 116.79 W, 98 %
2025/12/05 13:42:41.165, 116.82 W, 98 %
2025/12/05 13:42:41.265, 116.83 W, 98 %
2025/12/05 13:42:41.365, 116.83 W, 98 %
2025/12/05 13:42:41.465, 116.78 W, 98 %
2025/12/05 13:42:41.565, 116.77 W, 98 %
2025/12/05 13:42:41.666, 116.76 W, 98 %
2025/12/05 13:42:41.766, 116.77 W, 98 %
2025/12/05 13:42:41.866, 116.80 W, 98 %
2025/12/05 13:42:41.966, 116.81 W, 98 %
2025/12/05 13:42:42.066, 116.82 W, 98 %
2025/12/05 13:42:42.166, 116.83 W, 98 %
2025/12/05 13:42:42.266, 116.79 W, 98 %
2025/12/05 13:42:42.367, 116.80 W, 98 %
2025/12/05 13:42:42.467, 116.81 W, 98 %
2025/12/05 13:42:42.567, 116.85 W, 98 %
2025/12/05 13:42:42.667, 116.85 W, 98 %
2025/12/05 13:42:42.767, 116.84 W, 98 %
2025/12/05 13:42:42.867, 116.85 W, 98 %
2025/12/05 13:42:42.967, 116.82 W, 98 %
2025/12/05 13:42:43.068, 116.78 W, 98 %
2025/12/05 13:42:43.168, 116.75 W, 98 %
2025/12/05 13:42:43.268, 116.74 W, 98 %
2025/12/05 13:42:43.368, 116.73 W, 98 %
2025/12/05 13:42:43.468, 116.73 W, 98 %
2025/12/05 13:42:43.568, 116.72 W, 98 %
2025/12/05 13:42:43.668, 116.72 W, 98 %
2025/12/05 13:42:43.769, 116.72 W, 98 %
2025/12/05 13:42:43.869, 116.73 W, 98 %
2025/12/05 13:42:43.969, 116.72 W, 98 %
2025/12/05 13:42:44.069, 116.75 W, 98 %
2025/12/05 13:42:44.169, 116.79 W, 98 %
2025/12/05 13:42:44.269, 116.80 W, 98 %
2025/12/05 13:42:44.370, 116.75 W, 98 %
2025/12/05 13:42:44.470, 116.78 W, 98 %
2025/12/05 13:42:44.570, 116.79 W, 98 %
2025/12/05 13:42:44.670, 116.81 W, 98 %
2025/12/05 13:42:44.770, 116.82 W, 98 %
2025/12/05 13:42:44.870, 116.81 W, 98 %
2025/12/05 13:42:44.970, 116.83 W, 98 %
2025/12/05 13:42:45.071, 116.86 W, 98 %
2025/12/05 13:42:45.171, 116.82 W, 98 %
2025/12/05 13:42:45.271, 116.83 W, 98 %
2025/12/05 13:42:45.371, 116.89 W, 98 %
2025/12/05 13:42:45.471, 116.96 W, 98 %
2025/12/05 13:42:45.571, 116.98 W, 98 %
2025/12/05 13:42:45.671, 116.97 W, 98 %
2025/12/05 13:42:45.772, 116.95 W, 98 %
2025/12/05 13:42:45.872, 116.94 W, 98 %
2025/12/05 13:42:45.972, 116.96 W, 98 %
2025/12/05 13:42:46.072, 116.94 W, 98 %
2025/12/05 13:42:46.172, 116.94 W, 98 %
2025/12/05 13:42:46.272, 116.94 W, 98 %
2025/12/05 13:42:46.372, 116.94 W, 98 %
2025/12/05 13:42:46.473, 116.85 W, 98 %
2025/12/05 13:42:46.573, 116.83 W, 98 %
2025/12/05 13:42:46.673, 116.75 W, 98 %
2025/12/05 13:42:46.773, 116.73 W, 98 %
2025/12/05 13:42:46.873, 116.76 W, 98 %
2025/12/05 13:42:46.973, 116.73 W, 98 %
2025/12/05 13:42:47.073, 116.71 W, 98 %
2025/12/05 13:42:47.174, 116.70 W, 98 %
2025/12/05 13:42:47.274, 116.62 W, 98 %
2025/12/05 13:42:47.374, 116.66 W, 98 %
2025/12/05 13:42:47.474, 116.68 W, 98 %
2025/12/05 13:42:47.574, 116.72 W, 98 %
2025/12/05 13:42:47.674, 116.74 W, 98 %
2025/12/05 13:42:47.774, 116.77 W, 98 %
2025/12/05 13:42:47.875, 116.78 W, 98 %
2025/12/05 13:42:47.975, 116.72 W, 98 %
2025/12/05 13:42:48.075, 116.69 W, 98 %
2025/12/05 13:42:48.175, 116.69 W, 98 %
2025/12/05 13:42:48.275, 116.69 W, 98 %
2025/12/05 13:42:48.375, 116.76 W, 98 %
2025/12/05 13:42:48.476, 116.75 W, 98 %
2025/12/05 13:42:48.576, 116.68 W, 98 %
2025/12/05 13:42:48.676, 116.67 W, 98 %
2025/12/05 13:42:48.776, 116.65 W, 98 %
2025/12/05 13:42:48.876, 116.65 W, 98 %
2025/12/05 13:42:48.976, 116.64 W, 98 %
2025/12/05 13:42:49.076, 116.67 W, 98 %
2025/12/05 13:42:49.177, 116.73 W, 98 %
2025/12/05 13:42:49.277, 116.75 W, 98 %
2025/12/05 13:42:49.377, 116.72 W, 98 %
2025/12/05 13:42:49.477, 116.71 W, 98 %
2025/12/05 13:42:49.577, 116.71 W, 98 %
2025/12/05 13:42:49.677, 116.76 W, 98 %
2025/12/05 13:42:49.777, 116.76 W, 98 %
2025/12/05 13:42:49.878, 116.78 W, 98 %
2025/12/05 13:42:49.978, 116.78 W, 98 %
2025/12/05 13:42:50.078, 116.81 W, 98 %
2025/12/05 13:42:50.178, 116.76 W, 98 %
2025/12/05 13:42:50.278, 116.74 W, 98 %
2025/12/05 13:42:50.378, 116.76 W, 98 %
2025/12/05 13:42:50.479, 116.79 W, 98 %
2025/12/05 13:42:50.579, 116.79 W, 98 %
2025/12/05 13:42:50.679, 116.79 W, 98 %
2025/12/05 13:42:50.779, 116.78 W, 98 %
2025/12/05 13:42:50.879, 116.82 W, 98 %
2025/12/05 13:42:50.979, 116.81 W, 98 %
2025/12/05 13:42:51.079, 116.86 W, 98 %
2025/12/05 13:42:51.180, 116.84 W, 98 %
2025/12/05 13:42:51.280, 116.86 W, 98 %
2025/12/05 13:42:51.380, 116.87 W, 98 %
2025/12/05 13:42:51.480, 116.82 W, 98 %
2025/12/05 13:42:51.580, 116.85 W, 98 %
2025/12/05 13:42:51.680, 116.84 W, 98 %
2025/12/05 13:42:51.780, 116.84 W, 98 %
2025/12/05 13:42:51.881, 116.80 W, 98 %
2025/12/05 13:42:51.981, 116.79 W, 98 %
2025/12/05 13:42:52.081, 116.79 W, 98 %
2025/12/05 13:42:52.181, 116.76 W, 98 %
2025/12/05 13:42:52.281, 116.77 W, 98 %
2025/12/05 13:42:52.381, 116.77 W, 98 %
2025/12/05 13:42:52.481, 116.80 W, 98 %
2025/12/05 13:42:52.582, 116.77 W, 98 %
2025/12/05 13:42:52.682, 116.78 W, 98 %
2025/12/05 13:42:52.782, 116.79 W, 98 %
2025/12/05 13:42:52.882, 116.78 W, 98 %
2025/12/05 13:42:52.982, 116.75 W, 98 %
2025/12/05 13:42:53.082, 116.75 W, 98 %
2025/12/05 13:42:53.183, 116.77 W, 98 %
2025/12/05 13:42:53.283, 116.80 W, 98 %
2025/12/05 13:42:53.383, 116.81 W, 98 %
2025/12/05 13:42:53.483, 116.83 W, 98 %
2025/12/05 13:42:53.583, 116.84 W, 98 %
2025/12/05 13:42:53.683, 116.86 W, 98 %
2025/12/05 13:42:53.783, 116.83 W, 98 %
2025/12/05 13:42:53.884, 116.85 W, 98 %
2025/12/05 13:42:53.984, 116.87 W, 98 %
2025/12/05 13:42:54.084, 116.88 W, 98 %
2025/12/05 13:42:54.184, 116.91 W, 98 %
2025/12/05 13:42:54.284, 116.90 W, 98 %
2025/12/05 13:42:54.384, 116.90 W, 98 %
2025/12/05 13:42:54.484, 116.89 W, 98 %
2025/12/05 13:42:54.585, 116.84 W, 98 %
2025/12/05 13:42:54.685, 116.86 W, 98 %
2025/12/05 13:42:54.785, 116.87 W, 98 %
2025/12/05 13:42:54.885, 116.88 W, 98 %
2025/12/05 13:42:54.985, 116.85 W, 98 %
2025/12/05 13:42:55.085, 116.84 W, 98 %
2025/12/05 13:42:55.185, 116.88 W, 98 %
2025/12/05 13:42:55.285, 116.86 W, 98 %
2025/12/05 13:42:55.386, 116.83 W, 98 %
2025/12/05 13:42:55.486, 116.83 W, 98 %
2025/12/05 13:42:55.586, 116.83 W, 98 %
2025/12/05 13:42:55.686, 116.85 W, 98 %
2025/12/05 13:42:55.786, 116.83 W, 98 %
2025/12/05 13:42:55.886, 116.81 W, 98 %
2025/12/05 13:42:55.987, 116.82 W, 98 %
2025/12/05 13:42:56.087, 116.82 W, 98 %
2025/12/05 13:42:56.187, 116.78 W, 98 %
2025/12/05 13:42:56.287, 116.75 W, 98 %
2025/12/05 13:42:56.387, 116.73 W, 98 %
2025/12/05 13:42:56.487, 116.77 W, 98 %
2025/12/05 13:42:56.587, 116.78 W, 98 %
2025/12/05 13:42:56.688, 116.73 W, 98 %
2025/12/05 13:42:56.788, 116.75 W, 98 %
2025/12/05 13:42:56.888, 116.75 W, 98 %
2025/12/05 13:42:56.988, 116.73 W, 98 %
2025/12/05 13:42:57.088, 116.75 W, 98 %
2025/12/05 13:42:57.188, 116.75 W, 98 %
2025/12/05 13:42:57.288, 116.77 W, 98 %
2025/12/05 13:42:57.389, 116.79 W, 98 %
2025/12/05 13:42:57.489, 116.76 W, 98 %
2025/12/05 13:42:57.589, 116.76 W, 98 %
2025/12/05 13:42:57.689, 116.75 W, 98 %
2025/12/05 13:42:57.789, 116.75 W, 98 %
2025/12/05 13:42:57.889, 116.72 W, 98 %
2025/12/05 13:42:57.989, 116.71 W, 98 %
2025/12/05 13:42:58.090, 116.73 W, 98 %
2025/12/05 13:42:58.190, 116.71 W, 98 %
2025/12/05 13:42:58.290, 116.67 W, 98 %
2025/12/05 13:42:58.390, 116.67 W, 98 %
2025/12/05 13:42:58.490, 116.65 W, 98 %
2025/12/05 13:42:58.590, 116.66 W, 98 %
2025/12/05 13:42:58.691, 116.62 W, 98 %
2025/12/05 13:42:58.791, 116.63 W, 98 %
2025/12/05 13:42:58.891, 116.67 W, 98 %
2025/12/05 13:42:58.991, 116.67 W, 98 %
2025/12/05 13:42:59.091, 116.64 W, 98 %
2025/12/05 13:42:59.192, 116.61 W, 98 %
2025/12/05 13:42:59.292, 116.61 W, 98 %
2025/12/05 13:42:59.392, 116.60 W, 98 %
2025/12/05 13:42:59.492, 116.63 W, 98 %
2025/12/05 13:42:59.592, 116.65 W, 98 %
2025/12/05 13:42:59.692, 116.66 W, 98 %
2025/12/05 13:42:59.793, 116.67 W, 98 %
2025/12/05 13:42:59.893, 116.65 W, 98 %
2025/12/05 13:42:59.993, 116.64 W, 98 %
2025/12/05 13:43:00.093, 116.66 W, 98 %
2025/12/05 13:43:00.193, 116.68 W, 98 %
2025/12/05 13:43:00.293, 116.73 W, 98 %
2025/12/05 13:43:00.393, 116.72 W, 98 %
2025/12/05 13:43:00.494, 116.77 W, 98 %
2025/12/05 13:43:00.594, 116.76 W, 98 %
2025/12/05 13:43:00.694, 116.72 W, 98 %
2025/12/05 13:43:00.794, 116.75 W, 98 %
2025/12/05 13:43:00.894, 116.79 W, 98 %
2025/12/05 13:43:00.994, 116.80 W, 98 %
2025/12/05 13:43:01.094, 116.80 W, 98 %
2025/12/05 13:43:01.195, 116.76 W, 98 %
2025/12/05 13:43:01.295, 116.76 W, 98 %
2025/12/05 13:43:01.395, 116.75 W, 98 %
2025/12/05 13:43:01.495, 116.76 W, 98 %
2025/12/05 13:43:01.595, 116.76 W, 98 %
2025/12/05 13:43:01.695, 116.76 W, 98 %
2025/12/05 13:43:01.795, 116.81 W, 98 %
2025/12/05 13:43:01.896, 116.81 W, 98 %
2025/12/05 13:43:01.996, 116.76 W, 98 %
2025/12/05 13:43:02.096, 116.78 W, 98 %
2025/12/05 13:43:02.196, 116.81 W, 98 %
2025/12/05 13:43:02.296, 116.84 W, 98 %
2025/12/05 13:43:02.396, 116.87 W, 98 %
2025/12/05 13:43:02.496, 116.86 W, 98 %
2025/12/05 13:43:02.597, 116.91 W, 98 %
2025/12/05 13:43:02.697, 116.95 W, 98 %
2025/12/05 13:43:02.797, 116.93 W, 98 %
2025/12/05 13:43:02.897, 116.92 W, 98 %
2025/12/05 13:43:02.997, 116.92 W, 98 %
2025/12/05 13:43:03.097, 116.96 W, 98 %
2025/12/05 13:43:03.198, 117.00 W, 98 %
2025/12/05 13:43:03.298, 116.97 W, 98 %
2025/12/05 13:43:03.398, 117.00 W, 98 %
2025/12/05 13:43:03.498, 117.00 W, 98 %
2025/12/05 13:43:03.598, 116.98 W, 98 %
2025/12/05 13:43:03.698, 116.95 W, 98 %
2025/12/05 13:43:03.798, 116.94 W, 98 %
2025/12/05 13:43:03.899, 116.95 W, 98 %
2025/12/05 13:43:03.999, 116.95 W, 98 %
2025/12/05 13:43:04.099, 116.95 W, 98 %
2025/12/05 13:43:04.199, 116.95 W, 98 %
2025/12/05 13:43:04.299, 116.89 W, 98 %
2025/12/05 13:43:04.399, 116.87 W, 98 %
2025/12/05 13:43:04.499, 116.85 W, 98 %
2025/12/05 13:43:04.600, 116.76 W, 98 %
2025/12/05 13:43:04.700, 116.77 W, 98 %
2025/12/05 13:43:04.800, 116.76 W, 98 %
2025/12/05 13:43:04.900, 116.73 W, 98 %
2025/12/05 13:43:05.000, 116.73 W, 98 %
2025/12/05 13:43:05.100, 116.74 W, 98 %
2025/12/05 13:43:05.200, 116.73 W, 98 %
2025/12/05 13:43:05.301, 116.69 W, 98 %
2025/12/05 13:43:05.401, 116.66 W, 98 %
2025/12/05 13:43:05.501, 116.68 W, 98 %
2025/12/05 13:43:05.601, 116.69 W, 98 %
2025/12/05 13:43:05.701, 116.72 W, 98 %
2025/12/05 13:43:05.801, 116.74 W, 98 %
2025/12/05 13:43:05.902, 116.71 W, 98 %
2025/12/05 13:43:06.002, 116.69 W, 98 %
2025/12/05 13:43:06.102, 116.69 W, 98 %
2025/12/05 13:43:06.202, 116.67 W, 98 %
2025/12/05 13:43:06.302, 116.69 W, 98 %
2025/12/05 13:43:06.402, 116.74 W, 98 %
2025/12/05 13:43:06.502, 116.80 W, 98 %
2025/12/05 13:43:06.603, 116.84 W, 98 %
2025/12/05 13:43:06.703, 116.82 W, 98 %
2025/12/05 13:43:06.803, 116.86 W, 98 %
2025/12/05 13:43:06.903, 116.87 W, 98 %
2025/12/05 13:43:07.003, 116.87 W, 98 %
2025/12/05 13:43:07.103, 116.92 W, 98 %
2025/12/05 13:43:07.203, 116.93 W, 98 %
2025/12/05 13:43:07.304, 116.94 W, 98 %
2025/12/05 13:43:07.404, 116.97 W, 98 %
2025/12/05 13:43:07.504, 116.91 W, 98 %
2025/12/05 13:43:07.604, 116.87 W, 98 %
2025/12/05 13:43:07.704, 116.84 W, 98 %
2025/12/05 13:43:07.804, 116.84 W, 98 %
2025/12/05 13:43:07.904, 116.83 W, 98 %
2025/12/05 13:43:08.005, 116.80 W, 98 %
2025/12/05 13:43:08.105, 116.78 W, 98 %
2025/12/05 13:43:08.205, 116.77 W, 98 %
2025/12/05 13:43:08.305, 116.72 W, 98 %
2025/12/05 13:43:08.405, 116.74 W, 98 %
2025/12/05 13:43:08.505, 116.71 W, 98 %
2025/12/05 13:43:08.605, 116.72 W, 98 %
2025/12/05 13:43:08.706, 116.76 W, 98 %
2025/12/05 13:43:08.806, 116.77 W, 98 %
2025/12/05 13:43:08.906, 116.78 W, 98 %
2025/12/05 13:43:09.006, 116.78 W, 98 %
2025/12/05 13:43:09.106, 116.75 W, 98 %
2025/12/05 13:43:09.206, 116.76 W, 98 %
2025/12/05 13:43:09.306, 116.76 W, 98 %
2025/12/05 13:43:09.407, 116.75 W, 98 %
2025/12/05 13:43:09.507, 116.72 W, 98 %
2025/12/05 13:43:09.607, 116.68 W, 98 %
2025/12/05 13:43:09.707, 116.69 W, 98 %
2025/12/05 13:43:09.807, 116.65 W, 98 %
2025/12/05 13:43:09.907, 116.61 W, 98 %
2025/12/05 13:43:10.007, 116.60 W, 98 %
2025/12/05 13:43:10.108, 116.59 W, 98 %
2025/12/05 13:43:10.208, 116.61 W, 98 %
2025/12/05 13:43:10.308, 116.63 W, 98 %
2025/12/05 13:43:10.408, 116.60 W, 98 %
2025/12/05 13:43:10.508, 116.61 W, 98 %
2025/12/05 13:43:10.608, 116.64 W, 98 %
2025/12/05 13:43:10.709, 116.62 W, 98 %
2025/12/05 13:43:10.809, 116.62 W, 98 %
2025/12/05 13:43:10.909, 116.64 W, 98 %
2025/12/05 13:43:11.009, 116.64 W, 98 %
2025/12/05 13:43:11.109, 116.66 W, 98 %
2025/12/05 13:43:11.209, 116.65 W, 98 %
2025/12/05 13:43:11.309, 116.66 W, 98 %
2025/12/05 13:43:11.410, 116.64 W, 98 %
2025/12/05 13:43:11.510, 116.61 W, 98 %
2025/12/05 13:43:11.610, 116.62 W, 98 %
2025/12/05 13:43:11.710, 116.60 W, 98 %
2025/12/05 13:43:11.810, 116.61 W, 98 %
2025/12/05 13:43:11.910, 116.61 W, 98 %
2025/12/05 13:43:12.010, 116.60 W, 98 %
2025/12/05 13:43:12.111, 116.60 W, 98 %
2025/12/05 13:43:12.211, 116.61 W, 98 %
2025/12/05 13:43:12.311, 116.58 W, 98 %
2025/12/05 13:43:12.411, 116.59 W, 98 %
2025/12/05 13:43:12.511, 116.63 W, 98 %
2025/12/05 13:43:12.611, 116.66 W, 98 %
2025/12/05 13:43:12.711, 116.64 W, 98 %
2025/12/05 13:43:12.812, 116.65 W, 98 %
2025/12/05 13:43:12.912, 113.14 W, 71 %
2025/12/05 13:43:13.012, 108.88 W, 71 %
2025/12/05 13:43:13.112, 104.59 W, 0 %
2025/12/05 13:43:13.212, 100.33 W, 0 %
2025/12/05 13:43:13.313, 96.00 W, 0 %
2025/12/05 13:43:13.413, 91.72 W, 0 %
2025/12/05 13:43:13.513, 87.40 W, 0 %
2025/12/05 13:43:13.613, 83.06 W, 0 %
2025/12/05 13:43:13.714, 78.74 W, 0 %
2025/12/05 13:43:13.814, 74.43 W, 0 %
2025/12/05 13:43:13.914, 74.43 W, 0 %
2025/12/05 13:43:14.014, 74.43 W, 0 %
2025/12/05 13:43:14.114, 74.43 W, 0 %
2025/12/05 13:43:14.215, 74.43 W, 0 %
2025/12/05 13:43:14.315, 74.43 W, 0 %
2025/12/05 13:43:14.415, 74.43 W, 0 %
2025/12/05 13:43:14.515, 74.43 W, 0 %
2025/12/05 13:43:14.616, 84.89 W, 0 %
2025/12/05 13:43:14.716, 87.32 W, 98 %
2025/12/05 13:43:14.816, 91.57 W, 98 %
2025/12/05 13:43:14.916, 95.83 W, 98 %
2025/12/05 13:43:15.016, 97.49 W, 98 %
2025/12/05 13:43:15.116, 98.93 W, 98 %
2025/12/05 13:43:15.216, 100.18 W, 98 %
2025/12/05 13:43:15.317, 101.22 W, 98 %
2025/12/05 13:43:15.417, 102.16 W, 98 %
2025/12/05 13:43:15.517, 103.00 W, 98 %
2025/12/05 13:43:15.617, 103.72 W, 98 %
2025/12/05 13:43:15.717, 116.04 W, 98 %
2025/12/05 13:43:15.817, 116.07 W, 98 %
2025/12/05 13:43:15.917, 116.11 W, 98 %
2025/12/05 13:43:16.018, 116.16 W, 98 %
2025/12/05 13:43:16.118, 116.20 W, 98 %
2025/12/05 13:43:16.218, 116.20 W, 98 %
2025/12/05 13:43:16.318, 116.21 W, 98 %
2025/12/05 13:43:16.418, 116.26 W, 98 %
2025/12/05 13:43:16.518, 116.28 W, 98 %
2025/12/05 13:43:16.618, 116.26 W, 98 %
2025/12/05 13:43:16.719, 116.31 W, 98 %
2025/12/05 13:43:16.819, 116.33 W, 98 %
2025/12/05 13:43:16.919, 116.35 W, 98 %
2025/12/05 13:43:17.019, 116.36 W, 98 %
2025/12/05 13:43:17.119, 116.35 W, 98 %
2025/12/05 13:43:17.219, 116.35 W, 98 %
2025/12/05 13:43:17.319, 116.38 W, 98 %
2025/12/05 13:43:17.420, 116.36 W, 98 %
2025/12/05 13:43:17.520, 116.35 W, 98 %
2025/12/05 13:43:17.620, 116.37 W, 98 %
2025/12/05 13:43:17.720, 116.37 W, 98 %
2025/12/05 13:43:17.820, 116.37 W, 98 %
2025/12/05 13:43:17.920, 116.32 W, 98 %
2025/12/05 13:43:18.020, 116.36 W, 98 %
2025/12/05 13:43:18.121, 116.38 W, 98 %
2025/12/05 13:43:18.221, 116.38 W, 98 %
2025/12/05 13:43:18.321, 116.41 W, 98 %
2025/12/05 13:43:18.421, 116.42 W, 98 %
2025/12/05 13:43:18.521, 116.43 W, 98 %
2025/12/05 13:43:18.621, 116.44 W, 98 %
2025/12/05 13:43:18.722, 116.45 W, 98 %
2025/12/05 13:43:18.822, 116.47 W, 98 %
2025/12/05 13:43:18.922, 116.47 W, 98 %
2025/12/05 13:43:19.022, 116.52 W, 98 %
2025/12/05 13:43:19.122, 116.50 W, 98 %
2025/12/05 13:43:19.222, 116.47 W, 98 %
2025/12/05 13:43:19.322, 116.46 W, 98 %
2025/12/05 13:43:19.423, 116.44 W, 98 %
2025/12/05 13:43:19.523, 116.43 W, 98 %
2025/12/05 13:43:19.623, 116.41 W, 98 %
2025/12/05 13:43:19.723, 116.42 W, 98 %
2025/12/05 13:43:19.823, 116.35 W, 98 %
2025/12/05 13:43:19.923, 116.33 W, 98 %
2025/12/05 13:43:20.023, 116.32 W, 98 %
2025/12/05 13:43:20.124, 116.29 W, 98 %
2025/12/05 13:43:20.224, 116.31 W, 98 %
2025/12/05 13:43:20.324, 116.33 W, 98 %
2025/12/05 13:43:20.424, 116.35 W, 98 %
2025/12/05 13:43:20.524, 116.39 W, 98 %
2025/12/05 13:43:20.624, 116.39 W, 98 %
2025/12/05 13:43:20.724, 116.44 W, 98 %
2025/12/05 13:43:20.825, 116.47 W, 98 %
2025/12/05 13:43:20.925, 116.50 W, 98 %
2025/12/05 13:43:21.025, 116.51 W, 98 %
2025/12/05 13:43:21.125, 116.54 W, 98 %
2025/12/05 13:43:21.225, 116.57 W, 98 %
2025/12/05 13:43:21.325, 116.58 W, 98 %
2025/12/05 13:43:21.425, 116.56 W, 98 %
2025/12/05 13:43:21.526, 116.58 W, 98 %
2025/12/05 13:43:21.626, 116.57 W, 98 %
2025/12/05 13:43:21.726, 116.57 W, 98 %
2025/12/05 13:43:21.826, 116.55 W, 98 %
2025/12/05 13:43:21.926, 116.55 W, 98 %
2025/12/05 13:43:22.026, 116.57 W, 98 %
2025/12/05 13:43:22.126, 116.60 W, 98 %
2025/12/05 13:43:22.227, 116.57 W, 98 %
2025/12/05 13:43:22.327, 116.60 W, 98 %
2025/12/05 13:43:22.427, 116.59 W, 98 %
2025/12/05 13:43:22.527, 116.62 W, 98 %
2025/12/05 13:43:22.627, 116.61 W, 98 %
2025/12/05 13:43:22.727, 116.61 W, 98 %
2025/12/05 13:43:22.827, 116.60 W, 98 %
2025/12/05 13:43:22.928, 116.61 W, 98 %
2025/12/05 13:43:23.028, 116.57 W, 98 %
2025/12/05 13:43:23.128, 116.58 W, 98 %
2025/12/05 13:43:23.228, 116.56 W, 98 %
2025/12/05 13:43:23.328, 116.55 W, 98 %
2025/12/05 13:43:23.428, 116.54 W, 98 %
2025/12/05 13:43:23.528, 116.54 W, 98 %
2025/12/05 13:43:23.629, 116.51 W, 98 %
2025/12/05 13:43:23.729, 116.52 W, 98 %
2025/12/05 13:43:23.829, 116.47 W, 98 %
2025/12/05 13:43:23.929, 116.46 W, 98 %
2025/12/05 13:43:24.029, 116.46 W, 98 %
2025/12/05 13:43:24.129, 116.46 W, 98 %
2025/12/05 13:43:24.229, 116.46 W, 98 %
2025/12/05 13:43:24.330, 116.46 W, 98 %
2025/12/05 13:43:24.430, 116.46 W, 98 %
2025/12/05 13:43:24.530, 116.44 W, 98 %
2025/12/05 13:43:24.630, 116.44 W, 98 %
2025/12/05 13:43:24.730, 116.47 W, 98 %
2025/12/05 13:43:24.830, 116.47 W, 98 %
2025/12/05 13:43:24.930, 116.49 W, 98 %
2025/12/05 13:43:25.030, 116.50 W, 98 %
2025/12/05 13:43:25.130, 116.50 W, 98 %
2025/12/05 13:43:25.231, 116.53 W, 98 %
2025/12/05 13:43:25.331, 116.55 W, 98 %
2025/12/05 13:43:25.431, 116.55 W, 98 %
2025/12/05 13:43:25.531, 116.57 W, 98 %
2025/12/05 13:43:25.631, 116.58 W, 98 %
2025/12/05 13:43:25.731, 116.54 W, 98 %
2025/12/05 13:43:25.831, 116.53 W, 98 %
2025/12/05 13:43:25.931, 116.50 W, 98 %
2025/12/05 13:43:26.032, 116.52 W, 98 %
2025/12/05 13:43:26.132, 116.53 W, 98 %
2025/12/05 13:43:26.232, 116.49 W, 98 %
2025/12/05 13:43:26.332, 116.48 W, 98 %
2025/12/05 13:43:26.432, 116.48 W, 98 %
2025/12/05 13:43:26.532, 116.47 W, 98 %
2025/12/05 13:43:26.632, 116.49 W, 98 %
2025/12/05 13:43:26.732, 116.50 W, 98 %
2025/12/05 13:43:26.832, 116.52 W, 98 %
2025/12/05 13:43:26.932, 116.53 W, 98 %
2025/12/05 13:43:27.033, 116.50 W, 98 %
2025/12/05 13:43:27.133, 116.49 W, 98 %
2025/12/05 13:43:27.233, 116.47 W, 98 %
2025/12/05 13:43:27.333, 116.47 W, 98 %
2025/12/05 13:43:27.433, 116.47 W, 98 %
2025/12/05 13:43:27.533, 116.46 W, 98 %
2025/12/05 13:43:27.633, 116.46 W, 98 %
2025/12/05 13:43:27.734, 116.45 W, 98 %
2025/12/05 13:43:27.834, 116.41 W, 98 %
2025/12/05 13:43:27.934, 116.41 W, 98 %
2025/12/05 13:43:28.034, 116.39 W, 98 %
2025/12/05 13:43:28.134, 116.44 W, 98 %
2025/12/05 13:43:28.234, 116.46 W, 98 %
2025/12/05 13:43:28.334, 116.47 W, 98 %
2025/12/05 13:43:28.435, 116.46 W, 98 %
2025/12/05 13:43:28.535, 116.45 W, 98 %
2025/12/05 13:43:28.635, 116.38 W, 98 %
2025/12/05 13:43:28.735, 116.38 W, 98 %
2025/12/05 13:43:28.835, 116.38 W, 98 %
2025/12/05 13:43:28.935, 116.41 W, 98 %
2025/12/05 13:43:29.035, 116.42 W, 98 %
2025/12/05 13:43:29.136, 116.44 W, 98 %
2025/12/05 13:43:29.236, 116.44 W, 98 %
2025/12/05 13:43:29.336, 116.44 W, 98 %
2025/12/05 13:43:29.436, 116.42 W, 98 %
2025/12/05 13:43:29.536, 116.42 W, 98 %
2025/12/05 13:43:29.636, 116.44 W, 98 %
2025/12/05 13:43:29.736, 116.44 W, 98 %
2025/12/05 13:43:29.837, 116.44 W, 98 %
2025/12/05 13:43:29.937, 116.44 W, 98 %
2025/12/05 13:43:30.037, 116.44 W, 98 %
2025/12/05 13:43:30.137, 116.45 W, 98 %
2025/12/05 13:43:30.237, 116.42 W, 98 %
2025/12/05 13:43:30.337, 116.44 W, 98 %
2025/12/05 13:43:30.437, 116.43 W, 98 %
2025/12/05 13:43:30.538, 116.44 W, 98 %
2025/12/05 13:43:30.638, 116.44 W, 98 %
2025/12/05 13:43:30.738, 116.39 W, 98 %
2025/12/05 13:43:30.838, 116.41 W, 98 %
2025/12/05 13:43:30.938, 116.43 W, 98 %
2025/12/05 13:43:31.038, 116.42 W, 98 %
2025/12/05 13:43:31.138, 116.40 W, 98 %
2025/12/05 13:43:31.239, 116.44 W, 98 %
2025/12/05 13:43:31.339, 116.42 W, 98 %
2025/12/05 13:43:31.439, 116.39 W, 98 %
2025/12/05 13:43:31.539, 116.43 W, 98 %
2025/12/05 13:43:31.639, 116.42 W, 98 %
2025/12/05 13:43:31.739, 116.46 W, 98 %
2025/12/05 13:43:31.839, 116.46 W, 98 %
2025/12/05 13:43:31.940, 116.48 W, 98 %
2025/12/05 13:43:32.040, 116.47 W, 98 %
2025/12/05 13:43:32.140, 116.45 W, 98 %
2025/12/05 13:43:32.240, 116.45 W, 98 %
2025/12/05 13:43:32.340, 116.43 W, 98 %
2025/12/05 13:43:32.440, 116.44 W, 98 %
2025/12/05 13:43:32.540, 116.45 W, 98 %
2025/12/05 13:43:32.641, 116.38 W, 98 %
2025/12/05 13:43:32.741, 116.39 W, 98 %
2025/12/05 13:43:32.841, 116.36 W, 98 %
2025/12/05 13:43:32.941, 116.36 W, 98 %
2025/12/05 13:43:33.041, 116.36 W, 98 %
2025/12/05 13:43:33.141, 116.35 W, 98 %
2025/12/05 13:43:33.241, 116.35 W, 98 %
2025/12/05 13:43:33.342, 116.32 W, 98 %
2025/12/05 13:43:33.442, 116.29 W, 98 %
2025/12/05 13:43:33.542, 116.30 W, 98 %
2025/12/05 13:43:33.642, 116.32 W, 98 %
2025/12/05 13:43:33.742, 116.38 W, 98 %
2025/12/05 13:43:33.842, 116.41 W, 98 %
2025/12/05 13:43:33.942, 116.47 W, 98 %
2025/12/05 13:43:34.043, 116.51 W, 98 %
2025/12/05 13:43:34.143, 116.56 W, 98 %
2025/12/05 13:43:34.243, 116.58 W, 98 %
2025/12/05 13:43:34.343, 116.63 W, 98 %
2025/12/05 13:43:34.443, 116.67 W, 98 %
2025/12/05 13:43:34.543, 116.68 W, 98 %
2025/12/05 13:43:34.644, 116.72 W, 98 %
2025/12/05 13:43:34.744, 116.75 W, 98 %
2025/12/05 13:43:34.844, 116.74 W, 98 %
2025/12/05 13:43:34.944, 116.73 W, 98 %
2025/12/05 13:43:35.044, 116.65 W, 98 %
2025/12/05 13:43:35.144, 116.64 W, 98 %
2025/12/05 13:43:35.244, 116.62 W, 98 %
2025/12/05 13:43:35.345, 116.61 W, 98 %
2025/12/05 13:43:35.445, 116.60 W, 98 %
2025/12/05 13:43:35.545, 116.60 W, 98 %
2025/12/05 13:43:35.645, 116.59 W, 98 %
2025/12/05 13:43:35.745, 116.59 W, 98 %
2025/12/05 13:43:35.845, 116.52 W, 98 %
2025/12/05 13:43:35.945, 116.52 W, 98 %
2025/12/05 13:43:36.046, 116.51 W, 98 %
2025/12/05 13:43:36.146, 116.56 W, 98 %
2025/12/05 13:43:36.246, 116.60 W, 98 %
2025/12/05 13:43:36.346, 116.59 W, 98 %
2025/12/05 13:43:36.446, 116.60 W, 98 %
2025/12/05 13:43:36.546, 116.61 W, 98 %
2025/12/05 13:43:36.646, 116.56 W, 98 %
2025/12/05 13:43:36.747, 116.59 W, 98 %
2025/12/05 13:43:36.847, 116.58 W, 98 %
2025/12/05 13:43:36.947, 116.58 W, 98 %
2025/12/05 13:43:37.047, 116.58 W, 98 %
2025/12/05 13:43:37.147, 116.58 W, 98 %
2025/12/05 13:43:37.247, 116.56 W, 98 %
2025/12/05 13:43:37.347, 116.55 W, 98 %
2025/12/05 13:43:37.448, 116.52 W, 98 %
2025/12/05 13:43:37.548, 116.51 W, 98 %
2025/12/05 13:43:37.648, 116.50 W, 98 %
2025/12/05 13:43:37.748, 116.54 W, 98 %
2025/12/05 13:43:37.848, 116.57 W, 98 %
2025/12/05 13:43:37.948, 116.55 W, 98 %
2025/12/05 13:43:38.048, 116.58 W, 98 %
2025/12/05 13:43:38.149, 116.60 W, 98 %
2025/12/05 13:43:38.249, 116.60 W, 98 %
2025/12/05 13:43:38.349, 116.62 W, 98 %
2025/12/05 13:43:38.449, 116.61 W, 98 %
2025/12/05 13:43:38.549, 116.63 W, 98 %
2025/12/05 13:43:38.649, 116.67 W, 98 %
2025/12/05 13:43:38.749, 116.62 W, 98 %
2025/12/05 13:43:38.850, 116.65 W, 98 %
2025/12/05 13:43:38.950, 116.63 W, 98 %
2025/12/05 13:43:39.050, 116.62 W, 98 %
2025/12/05 13:43:39.150, 116.62 W, 98 %
2025/12/05 13:43:39.250, 116.61 W, 98 %
2025/12/05 13:43:39.350, 116.60 W, 98 %
2025/12/05 13:43:39.450, 116.58 W, 98 %
2025/12/05 13:43:39.551, 116.55 W, 98 %
2025/12/05 13:43:39.651, 116.54 W, 98 %
2025/12/05 13:43:39.751, 116.51 W, 98 %
2025/12/05 13:43:39.851, 116.53 W, 98 %
2025/12/05 13:43:39.951, 116.52 W, 98 %
2025/12/05 13:43:40.051, 116.51 W, 98 %
2025/12/05 13:43:40.151, 116.50 W, 98 %
2025/12/05 13:43:40.252, 116.49 W, 98 %
2025/12/05 13:43:40.352, 116.45 W, 98 %
2025/12/05 13:43:40.452, 116.48 W, 98 %
2025/12/05 13:43:40.552, 116.54 W, 98 %
2025/12/05 13:43:40.652, 116.54 W, 98 %
2025/12/05 13:43:40.752, 116.53 W, 98 %
2025/12/05 13:43:40.852, 116.54 W, 98 %
2025/12/05 13:43:40.953, 116.57 W, 98 %
2025/12/05 13:43:41.053, 116.57 W, 98 %
2025/12/05 13:43:41.153, 116.54 W, 98 %
2025/12/05 13:43:41.253, 116.55 W, 98 %
2025/12/05 13:43:41.353, 116.57 W, 98 %
2025/12/05 13:43:41.453, 116.60 W, 98 %
2025/12/05 13:43:41.553, 116.57 W, 98 %
2025/12/05 13:43:41.654, 116.56 W, 98 %
2025/12/05 13:43:41.754, 116.59 W, 98 %
2025/12/05 13:43:41.854, 116.61 W, 98 %
2025/12/05 13:43:41.954, 116.59 W, 98 %
2025/12/05 13:43:42.054, 116.59 W, 98 %
2025/12/05 13:43:42.154, 116.60 W, 98 %
2025/12/05 13:43:42.254, 116.61 W, 98 %
2025/12/05 13:43:42.355, 116.60 W, 98 %
2025/12/05 13:43:42.455, 116.60 W, 98 %
2025/12/05 13:43:42.555, 116.61 W, 98 %
2025/12/05 13:43:42.655, 116.62 W, 98 %
2025/12/05 13:43:42.755, 116.59 W, 98 %
2025/12/05 13:43:42.855, 116.59 W, 98 %
2025/12/05 13:43:42.955, 116.62 W, 98 %
2025/12/05 13:43:43.056, 116.64 W, 98 %
2025/12/05 13:43:43.156, 116.66 W, 98 %
2025/12/05 13:43:43.256, 116.61 W, 98 %
2025/12/05 13:43:43.356, 116.62 W, 98 %
2025/12/05 13:43:43.456, 116.64 W, 98 %
2025/12/05 13:43:43.556, 116.61 W, 98 %
2025/12/05 13:43:43.657, 116.61 W, 98 %
2025/12/05 13:43:43.757, 116.60 W, 98 %
2025/12/05 13:43:43.857, 116.63 W, 98 %
2025/12/05 13:43:43.957, 116.62 W, 98 %
2025/12/05 13:43:44.057, 116.56 W, 98 %
2025/12/05 13:43:44.157, 116.54 W, 98 %
2025/12/05 13:43:44.257, 116.54 W, 98 %
2025/12/05 13:43:44.357, 116.55 W, 98 %
2025/12/05 13:43:44.458, 116.55 W, 98 %
2025/12/05 13:43:44.558, 116.51 W, 98 %
2025/12/05 13:43:44.658, 116.53 W, 98 %
2025/12/05 13:43:44.758, 116.54 W, 98 %
2025/12/05 13:43:44.858, 116.51 W, 98 %
2025/12/05 13:43:44.958, 116.54 W, 98 %
2025/12/05 13:43:45.059, 116.57 W, 98 %
2025/12/05 13:43:45.159, 116.59 W, 98 %
2025/12/05 13:43:45.259, 116.61 W, 98 %
2025/12/05 13:43:45.359, 116.60 W, 98 %
2025/12/05 13:43:45.459, 116.59 W, 98 %
2025/12/05 13:43:45.559, 116.59 W, 98 %
2025/12/05 13:43:45.659, 116.55 W, 98 %
2025/12/05 13:43:45.760, 116.58 W, 98 %
2025/12/05 13:43:45.860, 116.59 W, 98 %
2025/12/05 13:43:45.960, 116.60 W, 98 %
2025/12/05 13:43:46.060, 116.58 W, 98 %
2025/12/05 13:43:46.160, 116.57 W, 98 %
2025/12/05 13:43:46.260, 116.60 W, 98 %
2025/12/05 13:43:46.360, 116.59 W, 98 %
2025/12/05 13:43:46.461, 116.56 W, 98 %
2025/12/05 13:43:46.561, 116.60 W, 98 %
2025/12/05 13:43:46.661, 116.62 W, 98 %
2025/12/05 13:43:46.761, 116.65 W, 98 %
2025/12/05 13:43:46.861, 116.63 W, 98 %
2025/12/05 13:43:46.961, 116.62 W, 98 %
2025/12/05 13:43:47.061, 116.64 W, 98 %
2025/12/05 13:43:47.162, 116.63 W, 98 %
2025/12/05 13:43:47.262, 116.57 W, 98 %
2025/12/05 13:43:47.362, 116.57 W, 98 %
2025/12/05 13:43:47.462, 116.56 W, 98 %
2025/12/05 13:43:47.562, 116.53 W, 98 %
2025/12/05 13:43:47.662, 116.54 W, 98 %
2025/12/05 13:43:47.762, 116.55 W, 98 %
2025/12/05 13:43:47.863, 116.56 W, 98 %
2025/12/05 13:43:47.963, 116.58 W, 98 %
2025/12/05 13:43:48.063, 116.54 W, 98 %
2025/12/05 13:43:48.163, 116.56 W, 98 %
2025/12/05 13:43:48.263, 116.60 W, 98 %
2025/12/05 13:43:48.363, 116.61 W, 98 %
2025/12/05 13:43:48.463, 116.60 W, 98 %
2025/12/05 13:43:48.564, 116.61 W, 98 %
2025/12/05 13:43:48.664, 116.65 W, 98 %
2025/12/05 13:43:48.764, 116.63 W, 98 %
2025/12/05 13:43:48.864, 116.58 W, 98 %
2025/12/05 13:43:48.964, 116.56 W, 98 %
2025/12/05 13:43:49.064, 116.54 W, 98 %
2025/12/05 13:43:49.164, 116.55 W, 98 %
2025/12/05 13:43:49.265, 116.54 W, 98 %
2025/12/05 13:43:49.365, 116.50 W, 98 %
2025/12/05 13:43:49.465, 116.53 W, 98 %
2025/12/05 13:43:49.565, 116.55 W, 98 %
2025/12/05 13:43:49.665, 116.54 W, 98 %
2025/12/05 13:43:49.765, 116.55 W, 98 %
2025/12/05 13:43:49.865, 116.56 W, 98 %
2025/12/05 13:43:49.966, 116.59 W, 98 %
2025/12/05 13:43:50.066, 116.60 W, 98 %
2025/12/05 13:43:50.166, 116.59 W, 98 %
2025/12/05 13:43:50.266, 116.59 W, 98 %
2025/12/05 13:43:50.366, 116.57 W, 98 %
2025/12/05 13:43:50.466, 116.52 W, 98 %
2025/12/05 13:43:50.566, 116.51 W, 98 %
2025/12/05 13:43:50.667, 116.52 W, 98 %
2025/12/05 13:43:50.767, 116.51 W, 98 %
2025/12/05 13:43:50.867, 116.51 W, 98 %
2025/12/05 13:43:50.967, 116.55 W, 98 %
2025/12/05 13:43:51.067, 116.58 W, 98 %
2025/12/05 13:43:51.167, 116.60 W, 98 %
2025/12/05 13:43:51.267, 116.63 W, 98 %
2025/12/05 13:43:51.368, 116.64 W, 98 %
2025/12/05 13:43:51.468, 116.66 W, 98 %
2025/12/05 13:43:51.568, 116.69 W, 98 %
2025/12/05 13:43:51.668, 116.72 W, 98 %
2025/12/05 13:43:51.768, 116.68 W, 98 %
2025/12/05 13:43:51.868, 116.70 W, 98 %
2025/12/05 13:43:51.968, 116.68 W, 98 %
2025/12/05 13:43:52.069, 116.63 W, 98 %
2025/12/05 13:43:52.169, 116.59 W, 98 %
2025/12/05 13:43:52.269, 116.60 W, 98 %
2025/12/05 13:43:52.369, 116.58 W, 98 %
2025/12/05 13:43:52.469, 116.59 W, 98 %
2025/12/05 13:43:52.569, 116.56 W, 98 %
2025/12/05 13:43:52.669, 116.55 W, 98 %
2025/12/05 13:43:52.770, 116.55 W, 98 %
2025/12/05 13:43:52.870, 116.56 W, 98 %
2025/12/05 13:43:52.970, 116.59 W, 98 %
2025/12/05 13:43:53.070, 116.61 W, 98 %
2025/12/05 13:43:53.170, 116.70 W, 98 %
2025/12/05 13:43:53.270, 116.68 W, 98 %
2025/12/05 13:43:53.370, 116.71 W, 98 %
2025/12/05 13:43:53.471, 116.73 W, 98 %
2025/12/05 13:43:53.571, 116.75 W, 98 %
2025/12/05 13:43:53.671, 116.78 W, 98 %
2025/12/05 13:43:53.771, 116.76 W, 98 %
2025/12/05 13:43:53.871, 116.78 W, 98 %
2025/12/05 13:43:53.971, 116.75 W, 98 %
2025/12/05 13:43:54.071, 116.72 W, 98 %
2025/12/05 13:43:54.172, 116.73 W, 98 %
2025/12/05 13:43:54.272, 116.71 W, 98 %
2025/12/05 13:43:54.372, 116.71 W, 98 %
2025/12/05 13:43:54.472, 116.72 W, 98 %
2025/12/05 13:43:54.572, 116.70 W, 98 %
2025/12/05 13:43:54.672, 116.69 W, 98 %
2025/12/05 13:43:54.772, 116.68 W, 98 %
2025/12/05 13:43:54.872, 116.67 W, 98 %
2025/12/05 13:43:54.973, 116.66 W, 98 %
2025/12/05 13:43:55.073, 116.67 W, 98 %
2025/12/05 13:43:55.173, 116.65 W, 98 %
2025/12/05 13:43:55.273, 116.62 W, 98 %
2025/12/05 13:43:55.373, 116.54 W, 98 %
2025/12/05 13:43:55.473, 116.53 W, 98 %
2025/12/05 13:43:55.573, 116.52 W, 98 %
2025/12/05 13:43:55.674, 116.49 W, 98 %
2025/12/05 13:43:55.774, 116.50 W, 98 %
2025/12/05 13:43:55.874, 116.52 W, 98 %
2025/12/05 13:43:55.974, 116.52 W, 98 %
2025/12/05 13:43:56.074, 116.53 W, 98 %
2025/12/05 13:43:56.174, 116.49 W, 98 %
2025/12/05 13:43:56.275, 116.50 W, 98 %
2025/12/05 13:43:56.375, 116.51 W, 98 %
2025/12/05 13:43:56.475, 116.54 W, 98 %
2025/12/05 13:43:56.575, 116.54 W, 98 %
2025/12/05 13:43:56.675, 116.51 W, 98 %
2025/12/05 13:43:56.775, 116.54 W, 98 %
2025/12/05 13:43:56.875, 116.53 W, 98 %
2025/12/05 13:43:56.976, 116.46 W, 98 %
2025/12/05 13:43:57.076, 116.48 W, 98 %
2025/12/05 13:43:57.176, 116.50 W, 98 %
2025/12/05 13:43:57.276, 116.50 W, 98 %
2025/12/05 13:43:57.376, 116.53 W, 98 %
2025/12/05 13:43:57.476, 116.55 W, 98 %
2025/12/05 13:43:57.577, 116.58 W, 98 %
2025/12/05 13:43:57.677, 116.58 W, 98 %
2025/12/05 13:43:57.777, 116.58 W, 98 %
2025/12/05 13:43:57.877, 116.59 W, 98 %
2025/12/05 13:43:57.977, 116.61 W, 98 %
2025/12/05 13:43:58.077, 116.63 W, 98 %
2025/12/05 13:43:58.177, 116.62 W, 98 %
2025/12/05 13:43:58.278, 116.60 W, 98 %
2025/12/05 13:43:58.378, 116.62 W, 98 %
2025/12/05 13:43:58.478, 116.62 W, 98 %
2025/12/05 13:43:58.578, 116.58 W, 98 %
2025/12/05 13:43:58.678, 116.58 W, 98 %
2025/12/05 13:43:58.778, 116.58 W, 98 %
2025/12/05 13:43:58.878, 116.57 W, 98 %
2025/12/05 13:43:58.979, 116.57 W, 98 %
2025/12/05 13:43:59.079, 116.55 W, 98 %
2025/12/05 13:43:59.179, 116.59 W, 98 %
2025/12/05 13:43:59.279, 116.56 W, 98 %
2025/12/05 13:43:59.379, 116.53 W, 98 %
2025/12/05 13:43:59.479, 116.53 W, 98 %
2025/12/05 13:43:59.579, 116.52 W, 98 %
2025/12/05 13:43:59.680, 116.52 W, 98 %
2025/12/05 13:43:59.780, 116.51 W, 98 %
2025/12/05 13:43:59.880, 116.51 W, 98 %
2025/12/05 13:43:59.980, 116.53 W, 98 %
2025/12/05 13:44:00.080, 116.50 W, 98 %
2025/12/05 13:44:00.180, 116.50 W, 98 %
2025/12/05 13:44:00.280, 116.49 W, 98 %
2025/12/05 13:44:00.381, 116.51 W, 98 %
2025/12/05 13:44:00.481, 116.52 W, 98 %
2025/12/05 13:44:00.581, 116.54 W, 98 %
2025/12/05 13:44:00.681, 116.54 W, 98 %
2025/12/05 13:44:00.781, 116.56 W, 98 %
2025/12/05 13:44:00.881, 116.58 W, 98 %
2025/12/05 13:44:00.981, 116.56 W, 98 %
2025/12/05 13:44:01.082, 116.59 W, 98 %
2025/12/05 13:44:01.182, 116.65 W, 98 %
2025/12/05 13:44:01.282, 116.66 W, 98 %
2025/12/05 13:44:01.382, 116.67 W, 98 %
2025/12/05 13:44:01.482, 116.68 W, 98 %
2025/12/05 13:44:01.582, 116.71 W, 98 %
2025/12/05 13:44:01.682, 116.69 W, 98 %
2025/12/05 13:44:01.783, 116.66 W, 98 %
2025/12/05 13:44:01.883, 116.65 W, 98 %
2025/12/05 13:44:01.983, 116.67 W, 98 %
2025/12/05 13:44:02.083, 116.69 W, 98 %
2025/12/05 13:44:02.183, 116.71 W, 98 %
2025/12/05 13:44:02.283, 116.68 W, 98 %
2025/12/05 13:44:02.383, 116.67 W, 98 %
2025/12/05 13:44:02.484, 116.67 W, 98 %
2025/12/05 13:44:02.584, 116.63 W, 98 %
2025/12/05 13:44:02.684, 116.64 W, 98 %
2025/12/05 13:44:02.784, 116.64 W, 98 %
2025/12/05 13:44:02.884, 116.66 W, 98 %
2025/12/05 13:44:02.984, 116.67 W, 98 %
2025/12/05 13:44:03.085, 116.59 W, 98 %
2025/12/05 13:44:03.185, 116.60 W, 98 %
2025/12/05 13:44:03.285, 116.58 W, 98 %
2025/12/05 13:44:03.385, 116.59 W, 98 %
2025/12/05 13:44:03.485, 116.63 W, 98 %
2025/12/05 13:44:03.585, 116.65 W, 98 %
2025/12/05 13:44:03.685, 116.68 W, 98 %
2025/12/05 13:44:03.786, 116.68 W, 98 %
2025/12/05 13:44:03.886, 116.67 W, 98 %
2025/12/05 13:44:03.986, 116.69 W, 98 %
2025/12/05 13:44:04.086, 116.70 W, 98 %
2025/12/05 13:44:04.186, 116.73 W, 98 %
2025/12/05 13:44:04.286, 116.75 W, 98 %
2025/12/05 13:44:04.386, 116.76 W, 98 %
2025/12/05 13:44:04.487, 116.75 W, 98 %
2025/12/05 13:44:04.587, 116.74 W, 98 %
2025/12/05 13:44:04.687, 116.68 W, 98 %
2025/12/05 13:44:04.787, 116.71 W, 98 %
2025/12/05 13:44:04.887, 116.69 W, 98 %
2025/12/05 13:44:04.987, 116.69 W, 98 %
2025/12/05 13:44:05.087, 116.69 W, 98 %
2025/12/05 13:44:05.188, 116.69 W, 98 %
2025/12/05 13:44:05.288, 116.68 W, 98 %
2025/12/05 13:44:05.388, 116.64 W, 98 %
2025/12/05 13:44:05.488, 116.61 W, 98 %
2025/12/05 13:44:05.588, 116.61 W, 98 %
2025/12/05 13:44:05.688, 116.58 W, 98 %
2025/12/05 13:44:05.788, 116.61 W, 98 %
2025/12/05 13:44:05.889, 116.60 W, 98 %
2025/12/05 13:44:05.989, 116.60 W, 98 %
2025/12/05 13:44:06.089, 116.59 W, 98 %
2025/12/05 13:44:06.189, 116.58 W, 98 %
2025/12/05 13:44:06.289, 116.52 W, 98 %
2025/12/05 13:44:06.389, 116.53 W, 98 %
2025/12/05 13:44:06.489, 116.54 W, 98 %
2025/12/05 13:44:06.590, 116.53 W, 98 %
2025/12/05 13:44:06.690, 116.52 W, 98 %
2025/12/05 13:44:06.790, 116.51 W, 98 %
2025/12/05 13:44:06.890, 116.50 W, 98 %
2025/12/05 13:44:06.990, 116.48 W, 98 %
2025/12/05 13:44:07.090, 116.46 W, 98 %
2025/12/05 13:44:07.190, 116.48 W, 98 %
2025/12/05 13:44:07.291, 116.49 W, 98 %
2025/12/05 13:44:07.391, 116.54 W, 98 %
2025/12/05 13:44:07.491, 116.56 W, 98 %
2025/12/05 13:44:07.591, 116.57 W, 98 %
2025/12/05 13:44:07.691, 116.58 W, 98 %
2025/12/05 13:44:07.791, 116.61 W, 98 %
2025/12/05 13:44:07.891, 116.57 W, 98 %
2025/12/05 13:44:07.992, 116.60 W, 98 %
2025/12/05 13:44:08.092, 116.62 W, 98 %
2025/12/05 13:44:08.192, 116.64 W, 98 %
2025/12/05 13:44:08.292, 116.65 W, 98 %
2025/12/05 13:44:08.392, 116.63 W, 98 %
2025/12/05 13:44:08.492, 116.61 W, 98 %
2025/12/05 13:44:08.593, 116.61 W, 98 %
2025/12/05 13:44:08.693, 116.58 W, 98 %
2025/12/05 13:44:08.793, 116.61 W, 98 %
2025/12/05 13:44:08.893, 116.63 W, 98 %
2025/12/05 13:44:08.993, 116.68 W, 98 %
2025/12/05 13:44:09.093, 116.68 W, 98 %
2025/12/05 13:44:09.193, 116.66 W, 98 %
2025/12/05 13:44:09.294, 116.67 W, 98 %
2025/12/05 13:44:09.394, 116.65 W, 98 %
2025/12/05 13:44:09.494, 116.65 W, 98 %
2025/12/05 13:44:09.594, 116.69 W, 98 %
2025/12/05 13:44:09.694, 116.71 W, 98 %
2025/12/05 13:44:09.794, 116.74 W, 98 %
2025/12/05 13:44:09.894, 116.76 W, 98 %
2025/12/05 13:44:09.995, 116.72 W, 98 %
2025/12/05 13:44:10.095, 116.74 W, 98 %
2025/12/05 13:44:10.195, 116.74 W, 98 %
2025/12/05 13:44:10.295, 116.72 W, 98 %
2025/12/05 13:44:10.395, 116.71 W, 98 %
2025/12/05 13:44:10.495, 116.69 W, 98 %
2025/12/05 13:44:10.595, 116.67 W, 98 %
2025/12/05 13:44:10.696, 116.65 W, 98 %
2025/12/05 13:44:10.796, 116.60 W, 98 %
2025/12/05 13:44:10.896, 116.60 W, 98 %
2025/12/05 13:44:10.996, 116.60 W, 98 %
2025/12/05 13:44:11.096, 116.62 W, 98 %
2025/12/05 13:44:11.196, 116.62 W, 98 %
2025/12/05 13:44:11.296, 116.61 W, 98 %
2025/12/05 13:44:11.397, 116.65 W, 98 %
2025/12/05 13:44:11.497, 116.66 W, 98 %
2025/12/05 13:44:11.597, 116.67 W, 98 %
2025/12/05 13:44:11.697, 116.71 W, 98 %
2025/12/05 13:44:11.797, 116.70 W, 98 %
2025/12/05 13:44:11.897, 116.70 W, 98 %
2025/12/05 13:44:11.997, 116.67 W, 98 %
2025/12/05 13:44:12.098, 116.63 W, 98 %
2025/12/05 13:44:12.198, 116.60 W, 98 %
2025/12/05 13:44:12.298, 116.58 W, 98 %
2025/12/05 13:44:12.398, 116.57 W, 98 %
2025/12/05 13:44:12.498, 116.56 W, 98 %
2025/12/05 13:44:12.598, 116.57 W, 98 %
2025/12/05 13:44:12.698, 116.59 W, 98 %
2025/12/05 13:44:12.799, 116.61 W, 98 %
2025/12/05 13:44:12.899, 116.60 W, 98 %
2025/12/05 13:44:12.999, 116.61 W, 98 %
2025/12/05 13:44:13.099, 116.64 W, 98 %
2025/12/05 13:44:13.199, 116.66 W, 98 %
2025/12/05 13:44:13.299, 116.68 W, 98 %
2025/12/05 13:44:13.399, 116.68 W, 98 %
2025/12/05 13:44:13.500, 116.71 W, 98 %
2025/12/05 13:44:13.600, 116.72 W, 98 %
2025/12/05 13:44:13.700, 116.69 W, 98 %
2025/12/05 13:44:13.800, 116.27 W, 94 %
2025/12/05 13:44:13.900, 116.27 W, 94 %
2025/12/05 13:44:14.000, 116.22 W, 98 %
2025/12/05 13:44:14.100, 116.25 W, 98 %
2025/12/05 13:44:14.201, 116.24 W, 98 %
2025/12/05 13:44:14.301, 116.23 W, 98 %
2025/12/05 13:44:14.401, 116.25 W, 98 %
2025/12/05 13:44:14.501, 116.26 W, 98 %
2025/12/05 13:44:14.601, 116.27 W, 98 %
2025/12/05 13:44:14.701, 116.27 W, 98 %
2025/12/05 13:44:14.802, 116.26 W, 98 %
2025/12/05 13:44:14.902, 116.68 W, 98 %
2025/12/05 13:44:15.002, 116.71 W, 98 %
2025/12/05 13:44:15.102, 116.76 W, 98 %
2025/12/05 13:44:15.202, 116.76 W, 98 %
2025/12/05 13:44:15.302, 116.75 W, 98 %
2025/12/05 13:44:15.402, 116.78 W, 98 %
2025/12/05 13:44:15.503, 116.81 W, 98 %
2025/12/05 13:44:15.603, 116.77 W, 98 %
2025/12/05 13:44:15.703, 116.77 W, 98 %
2025/12/05 13:44:15.803, 116.77 W, 98 %
2025/12/05 13:44:15.903, 116.79 W, 98 %
2025/12/05 13:44:16.003, 116.80 W, 98 %
2025/12/05 13:44:16.103, 116.74 W, 98 %
2025/12/05 13:44:16.204, 116.75 W, 98 %
2025/12/05 13:44:16.304, 116.76 W, 98 %
2025/12/05 13:44:16.404, 116.76 W, 98 %
2025/12/05 13:44:16.504, 116.74 W, 98 %
2025/12/05 13:44:16.604, 116.73 W, 98 %
2025/12/05 13:44:16.704, 116.77 W, 98 %
2025/12/05 13:44:16.804, 116.79 W, 98 %
2025/12/05 13:44:16.905, 116.77 W, 98 %
2025/12/05 13:44:17.005, 116.79 W, 98 %
2025/12/05 13:44:17.105, 116.79 W, 98 %
2025/12/05 13:44:17.205, 116.83 W, 98 %
2025/12/05 13:44:17.305, 116.82 W, 98 %
2025/12/05 13:44:17.405, 116.82 W, 98 %
2025/12/05 13:44:17.505, 116.84 W, 98 %
2025/12/05 13:44:17.606, 116.85 W, 98 %
2025/12/05 13:44:17.706, 116.79 W, 98 %
2025/12/05 13:44:17.806, 116.80 W, 98 %
2025/12/05 13:44:17.906, 116.81 W, 98 %
2025/12/05 13:44:18.006, 116.79 W, 98 %
2025/12/05 13:44:18.106, 116.80 W, 98 %
2025/12/05 13:44:18.206, 116.76 W, 98 %
2025/12/05 13:44:18.307, 116.73 W, 98 %
2025/12/05 13:44:18.407, 116.71 W, 98 %
2025/12/05 13:44:18.507, 116.70 W, 98 %
2025/12/05 13:44:18.607, 116.70 W, 98 %
2025/12/05 13:44:18.707, 116.66 W, 98 %
2025/12/05 13:44:18.807, 116.68 W, 98 %
2025/12/05 13:44:18.908, 116.65 W, 98 %
2025/12/05 13:44:19.008, 116.58 W, 98 %
2025/12/05 13:44:19.108, 116.57 W, 98 %
2025/12/05 13:44:19.208, 116.54 W, 98 %
2025/12/05 13:44:19.308, 116.53 W, 98 %
2025/12/05 13:44:19.408, 116.54 W, 98 %
2025/12/05 13:44:19.508, 116.50 W, 98 %
2025/12/05 13:44:19.609, 116.46 W, 98 %
2025/12/05 13:44:19.709, 116.42 W, 98 %
2025/12/05 13:44:19.809, 116.42 W, 98 %
2025/12/05 13:44:19.909, 116.42 W, 98 %
2025/12/05 13:44:20.009, 116.41 W, 98 %
2025/12/05 13:44:20.109, 116.42 W, 98 %
2025/12/05 13:44:20.209, 116.43 W, 98 %
2025/12/05 13:44:20.310, 116.42 W, 98 %
2025/12/05 13:44:20.410, 116.44 W, 98 %
2025/12/05 13:44:20.510, 116.43 W, 98 %
2025/12/05 13:44:20.610, 116.43 W, 98 %
2025/12/05 13:44:20.710, 116.48 W, 98 %
2025/12/05 13:44:20.810, 116.50 W, 98 %
2025/12/05 13:44:20.910, 116.51 W, 98 %
2025/12/05 13:44:21.011, 116.50 W, 98 %
2025/12/05 13:44:21.111, 116.48 W, 98 %
2025/12/05 13:44:21.211, 116.51 W, 98 %
2025/12/05 13:44:21.311, 116.54 W, 98 %
2025/12/05 13:44:21.411, 116.54 W, 98 %
2025/12/05 13:44:21.511, 116.55 W, 98 %
2025/12/05 13:44:21.611, 116.57 W, 98 %
2025/12/05 13:44:21.712, 116.60 W, 98 %
2025/12/05 13:44:21.812, 116.59 W, 98 %
2025/12/05 13:44:21.912, 116.54 W, 98 %
2025/12/05 13:44:22.012, 116.55 W, 98 %
2025/12/05 13:44:22.112, 116.57 W, 98 %
2025/12/05 13:44:22.212, 116.59 W, 98 %
2025/12/05 13:44:22.312, 116.57 W, 98 %
2025/12/05 13:44:22.413, 116.52 W, 98 %
2025/12/05 13:44:22.513, 116.54 W, 98 %
2025/12/05 13:44:22.613, 116.53 W, 98 %
2025/12/05 13:44:22.713, 116.51 W, 98 %
2025/12/05 13:44:22.813, 116.49 W, 98 %
2025/12/05 13:44:22.913, 116.48 W, 98 %
2025/12/05 13:44:23.013, 116.51 W, 98 %
2025/12/05 13:44:23.114, 116.51 W, 98 %
2025/12/05 13:44:23.214, 116.47 W, 98 %
2025/12/05 13:44:23.314, 116.49 W, 98 %
2025/12/05 13:44:23.414, 116.50 W, 98 %
2025/12/05 13:44:23.514, 116.51 W, 98 %
2025/12/05 13:44:23.614, 116.47 W, 98 %
2025/12/05 13:44:23.714, 116.50 W, 98 %
2025/12/05 13:44:23.815, 116.52 W, 98 %
2025/12/05 13:44:23.915, 116.52 W, 98 %
2025/12/05 13:44:24.015, 116.49 W, 98 %
2025/12/05 13:44:24.115, 116.48 W, 98 %
2025/12/05 13:44:24.215, 116.49 W, 98 %
2025/12/05 13:44:24.315, 116.48 W, 98 %
2025/12/05 13:44:24.415, 116.44 W, 98 %
2025/12/05 13:44:24.516, 116.44 W, 98 %
2025/12/05 13:44:24.616, 116.42 W, 98 %
2025/12/05 13:44:24.716, 116.43 W, 98 %
2025/12/05 13:44:24.816, 116.36 W, 98 %
2025/12/05 13:44:24.916, 116.33 W, 98 %
2025/12/05 13:44:25.016, 116.34 W, 98 %
2025/12/05 13:44:25.117, 116.35 W, 98 %
2025/12/05 13:44:25.217, 116.40 W, 98 %
2025/12/05 13:44:25.317, 116.41 W, 98 %
2025/12/05 13:44:25.417, 116.43 W, 98 %
2025/12/05 13:44:25.517, 116.46 W, 98 %
2025/12/05 13:44:25.617, 116.42 W, 98 %
2025/12/05 13:44:25.717, 116.44 W, 98 %
2025/12/05 13:44:25.818, 116.45 W, 98 %
2025/12/05 13:44:25.918, 116.45 W, 98 %
2025/12/05 13:44:26.018, 116.46 W, 98 %
2025/12/05 13:44:26.118, 116.46 W, 98 %
2025/12/05 13:44:26.218, 116.48 W, 98 %
2025/12/05 13:44:26.318, 116.47 W, 98 %
2025/12/05 13:44:26.418, 116.41 W, 98 %
2025/12/05 13:44:26.519, 116.42 W, 98 %
2025/12/05 13:44:26.619, 116.42 W, 98 %
2025/12/05 13:44:26.719, 116.44 W, 98 %
2025/12/05 13:44:26.819, 116.44 W, 98 %
2025/12/05 13:44:26.919, 116.44 W, 98 %
2025/12/05 13:44:27.019, 116.48 W, 98 %
2025/12/05 13:44:27.119, 116.49 W, 98 %
2025/12/05 13:44:27.220, 116.47 W, 98 %
2025/12/05 13:44:27.320, 116.48 W, 98 %
2025/12/05 13:44:27.420, 116.44 W, 98 %
2025/12/05 13:44:27.520, 116.46 W, 98 %
2025/12/05 13:44:27.620, 116.46 W, 98 %
2025/12/05 13:44:27.720, 116.45 W, 98 %
2025/12/05 13:44:27.821, 116.46 W, 98 %
2025/12/05 13:44:27.921, 116.50 W, 98 %
2025/12/05 13:44:28.021, 116.48 W, 98 %
2025/12/05 13:44:28.121, 116.51 W, 98 %
2025/12/05 13:44:28.221, 116.52 W, 98 %
2025/12/05 13:44:28.321, 116.53 W, 98 %
2025/12/05 13:44:28.421, 116.54 W, 98 %
2025/12/05 13:44:28.522, 116.52 W, 98 %
2025/12/05 13:44:28.622, 116.54 W, 98 %
2025/12/05 13:44:28.722, 116.54 W, 98 %
2025/12/05 13:44:28.822, 116.52 W, 98 %
2025/12/05 13:44:28.922, 116.53 W, 98 %
2025/12/05 13:44:29.022, 116.51 W, 98 %
2025/12/05 13:44:29.122, 116.51 W, 98 %
2025/12/05 13:44:29.223, 116.54 W, 98 %
2025/12/05 13:44:29.323, 116.51 W, 98 %
2025/12/05 13:44:29.423, 116.50 W, 98 %
2025/12/05 13:44:29.523, 116.50 W, 98 %
2025/12/05 13:44:29.623, 116.53 W, 98 %
2025/12/05 13:44:29.723, 116.54 W, 98 %
2025/12/05 13:44:29.823, 116.53 W, 98 %
2025/12/05 13:44:29.924, 116.55 W, 98 %
2025/12/05 13:44:30.024, 116.53 W, 98 %
2025/12/05 13:44:30.124, 116.49 W, 98 %
2025/12/05 13:44:30.224, 116.50 W, 98 %
2025/12/05 13:44:30.324, 116.47 W, 98 %
2025/12/05 13:44:30.424, 116.49 W, 98 %
2025/12/05 13:44:30.524, 116.50 W, 98 %
2025/12/05 13:44:30.625, 116.49 W, 98 %
2025/12/05 13:44:30.725, 116.52 W, 98 %
2025/12/05 13:44:30.825, 116.54 W, 98 %
2025/12/05 13:44:30.925, 116.54 W, 98 %
2025/12/05 13:44:31.025, 116.55 W, 98 %
2025/12/05 13:44:31.125, 116.57 W, 98 %
2025/12/05 13:44:31.225, 116.61 W, 98 %
2025/12/05 13:44:31.326, 116.63 W, 98 %
2025/12/05 13:44:31.426, 116.59 W, 98 %
2025/12/05 13:44:31.526, 116.63 W, 98 %
2025/12/05 13:44:31.626, 116.65 W, 98 %
2025/12/05 13:44:31.726, 116.63 W, 98 %
2025/12/05 13:44:31.826, 116.60 W, 98 %
2025/12/05 13:44:31.926, 116.52 W, 98 %
2025/12/05 13:44:32.027, 116.54 W, 98 %
2025/12/05 13:44:32.127, 116.50 W, 98 %
2025/12/05 13:44:32.227, 116.47 W, 98 %
2025/12/05 13:44:32.327, 116.44 W, 98 %
2025/12/05 13:44:32.427, 116.45 W, 98 %
2025/12/05 13:44:32.527, 116.47 W, 98 %
2025/12/05 13:44:32.628, 116.45 W, 98 %
2025/12/05 13:44:32.728, 116.39 W, 98 %
2025/12/05 13:44:32.828, 116.40 W, 98 %
2025/12/05 13:44:32.928, 116.43 W, 98 %
2025/12/05 13:44:33.028, 116.44 W, 98 %
2025/12/05 13:44:33.128, 116.44 W, 98 %
2025/12/05 13:44:33.228, 116.47 W, 98 %
2025/12/05 13:44:33.329, 116.49 W, 98 %
2025/12/05 13:44:33.429, 116.52 W, 98 %
2025/12/05 13:44:33.529, 116.45 W, 98 %
2025/12/05 13:44:33.629, 116.50 W, 98 %
2025/12/05 13:44:33.729, 116.53 W, 98 %
2025/12/05 13:44:33.829, 116.59 W, 98 %
2025/12/05 13:44:33.929, 116.60 W, 98 %
2025/12/05 13:44:34.030, 116.61 W, 98 %
2025/12/05 13:44:34.130, 116.68 W, 98 %
2025/12/05 13:44:34.230, 116.68 W, 98 %
2025/12/05 13:44:34.330, 116.66 W, 98 %
2025/12/05 13:44:34.430, 116.66 W, 98 %
2025/12/05 13:44:34.530, 116.66 W, 98 %
2025/12/05 13:44:34.630, 116.70 W, 98 %
2025/12/05 13:44:34.731, 116.68 W, 98 %
2025/12/05 13:44:34.831, 116.62 W, 98 %
2025/12/05 13:44:34.931, 116.64 W, 98 %
2025/12/05 13:44:35.031, 116.64 W, 98 %
2025/12/05 13:44:35.131, 116.59 W, 98 %
2025/12/05 13:44:35.231, 116.61 W, 98 %
2025/12/05 13:44:35.331, 116.61 W, 98 %
2025/12/05 13:44:35.432, 116.62 W, 98 %
2025/12/05 13:44:35.532, 116.66 W, 98 %
2025/12/05 13:44:35.632, 116.63 W, 98 %
2025/12/05 13:44:35.732, 116.62 W, 98 %
2025/12/05 13:44:35.832, 116.63 W, 98 %
2025/12/05 13:44:35.932, 116.65 W, 98 %
2025/12/05 13:44:36.032, 116.63 W, 98 %
2025/12/05 13:44:36.133, 116.62 W, 98 %
2025/12/05 13:44:36.233, 116.60 W, 98 %
2025/12/05 13:44:36.333, 116.55 W, 98 %
2025/12/05 13:44:36.433, 116.51 W, 98 %
2025/12/05 13:44:36.533, 116.53 W, 98 %
2025/12/05 13:44:36.633, 116.53 W, 98 %
2025/12/05 13:44:36.733, 116.55 W, 98 %
2025/12/05 13:44:36.834, 116.55 W, 98 %
2025/12/05 13:44:36.934, 116.55 W, 98 %
2025/12/05 13:44:37.034, 116.52 W, 98 %
2025/12/05 13:44:37.134, 116.51 W, 98 %
2025/12/05 13:44:37.234, 116.48 W, 98 %
2025/12/05 13:44:37.334, 116.54 W, 98 %
2025/12/05 13:44:37.435, 116.58 W, 98 %
2025/12/05 13:44:37.535, 116.62 W, 98 %
2025/12/05 13:44:37.635, 116.62 W, 98 %
2025/12/05 13:44:37.735, 116.56 W, 98 %
2025/12/05 13:44:37.835, 116.57 W, 98 %
2025/12/05 13:44:37.935, 116.59 W, 98 %
2025/12/05 13:44:38.035, 116.55 W, 98 %
2025/12/05 13:44:38.136, 116.58 W, 98 %
2025/12/05 13:44:38.236, 116.57 W, 98 %
2025/12/05 13:44:38.336, 116.60 W, 98 %
2025/12/05 13:44:38.436, 116.58 W, 98 %
2025/12/05 13:44:38.536, 116.53 W, 98 %
2025/12/05 13:44:38.636, 116.53 W, 98 %
2025/12/05 13:44:38.736, 116.54 W, 98 %
2025/12/05 13:44:38.837, 116.58 W, 98 %
2025/12/05 13:44:38.937, 116.59 W, 98 %
2025/12/05 13:44:39.037, 116.59 W, 98 %
2025/12/05 13:44:39.137, 116.63 W, 98 %
2025/12/05 13:44:39.237, 116.64 W, 98 %
2025/12/05 13:44:39.337, 116.61 W, 98 %
2025/12/05 13:44:39.437, 116.61 W, 98 %
2025/12/05 13:44:39.538, 116.59 W, 98 %
2025/12/05 13:44:39.638, 116.58 W, 98 %
2025/12/05 13:44:39.738, 116.57 W, 98 %
2025/12/05 13:44:39.838, 116.57 W, 98 %
2025/12/05 13:44:39.938, 116.57 W, 98 %
2025/12/05 13:44:40.038, 116.57 W, 98 %
2025/12/05 13:44:40.138, 116.55 W, 98 %
2025/12/05 13:44:40.239, 116.55 W, 98 %
2025/12/05 13:44:40.339, 116.56 W, 98 %
2025/12/05 13:44:40.439, 116.60 W, 98 %
2025/12/05 13:44:40.539, 116.65 W, 98 %
2025/12/05 13:44:40.639, 116.64 W, 98 %
2025/12/05 13:44:40.739, 116.69 W, 98 %
2025/12/05 13:44:40.839, 116.71 W, 98 %
2025/12/05 13:44:40.940, 116.67 W, 98 %
2025/12/05 13:44:41.040, 116.67 W, 98 %
2025/12/05 13:44:41.140, 116.61 W, 98 %
2025/12/05 13:44:41.240, 116.61 W, 98 %
2025/12/05 13:44:41.340, 116.60 W, 98 %
2025/12/05 13:44:41.440, 116.58 W, 98 %
2025/12/05 13:44:41.540, 116.57 W, 98 %
2025/12/05 13:44:41.641, 116.54 W, 98 %
2025/12/05 13:44:41.741, 116.56 W, 98 %
2025/12/05 13:44:41.841, 116.55 W, 98 %
2025/12/05 13:44:41.941, 116.51 W, 98 %
2025/12/05 13:44:42.041, 116.54 W, 98 %
2025/12/05 13:44:42.141, 116.52 W, 98 %
2025/12/05 13:44:42.241, 116.55 W, 98 %
2025/12/05 13:44:42.342, 116.56 W, 98 %
2025/12/05 13:44:42.442, 116.51 W, 98 %
2025/12/05 13:44:42.542, 116.49 W, 98 %
2025/12/05 13:44:42.642, 116.51 W, 98 %
2025/12/05 13:44:42.742, 116.48 W, 98 %
2025/12/05 13:44:42.842, 116.50 W, 98 %
2025/12/05 13:44:42.942, 116.48 W, 98 %
2025/12/05 13:44:43.043, 116.51 W, 98 %
2025/12/05 13:44:43.143, 116.50 W, 98 %
2025/12/05 13:44:43.243, 116.51 W, 98 %
2025/12/05 13:44:43.343, 116.52 W, 98 %
2025/12/05 13:44:43.443, 116.55 W, 98 %
2025/12/05 13:44:43.543, 116.61 W, 98 %
2025/12/05 13:44:43.644, 116.62 W, 98 %
2025/12/05 13:44:43.744, 116.56 W, 98 %
2025/12/05 13:44:43.844, 116.61 W, 98 %
2025/12/05 13:44:43.944, 116.63 W, 98 %
2025/12/05 13:44:44.044, 116.65 W, 98 %
2025/12/05 13:44:44.144, 116.69 W, 98 %
2025/12/05 13:44:44.244, 116.67 W, 98 %
2025/12/05 13:44:44.345, 116.69 W, 98 %
2025/12/05 13:44:44.445, 116.75 W, 98 %
2025/12/05 13:44:44.545, 116.69 W, 98 %
2025/12/05 13:44:44.645, 116.67 W, 98 %
2025/12/05 13:44:44.745, 116.68 W, 98 %
2025/12/05 13:44:44.845, 116.73 W, 98 %
2025/12/05 13:44:44.945, 116.74 W, 98 %
2025/12/05 13:44:45.046, 116.70 W, 98 %
2025/12/05 13:44:45.146, 116.71 W, 98 %
2025/12/05 13:44:45.246, 116.68 W, 98 %
2025/12/05 13:44:45.346, 116.66 W, 98 %
2025/12/05 13:44:45.446, 116.65 W, 98 %
2025/12/05 13:44:45.546, 116.57 W, 98 %
2025/12/05 13:44:45.646, 116.59 W, 98 %
2025/12/05 13:44:45.747, 116.60 W, 98 %
2025/12/05 13:44:45.847, 116.59 W, 98 %
2025/12/05 13:44:45.947, 116.58 W, 98 %
2025/12/05 13:44:46.047, 116.54 W, 98 %
2025/12/05 13:44:46.147, 116.55 W, 98 %
2025/12/05 13:44:46.247, 116.54 W, 98 %
2025/12/05 13:44:46.347, 116.51 W, 98 %
2025/12/05 13:44:46.448, 116.53 W, 98 %
2025/12/05 13:44:46.548, 116.52 W, 98 %
2025/12/05 13:44:46.648, 116.45 W, 98 %
2025/12/05 13:44:46.748, 116.46 W, 98 %
2025/12/05 13:44:46.848, 116.41 W, 98 %
2025/12/05 13:44:46.948, 116.42 W, 98 %
2025/12/05 13:44:47.048, 116.43 W, 98 %
2025/12/05 13:44:47.149, 116.47 W, 98 %
2025/12/05 13:44:47.249, 116.49 W, 98 %
2025/12/05 13:44:47.349, 116.47 W, 98 %
2025/12/05 13:44:47.449, 116.50 W, 98 %
2025/12/05 13:44:47.549, 116.54 W, 98 %
2025/12/05 13:44:47.649, 116.55 W, 98 %
2025/12/05 13:44:47.749, 116.64 W, 98 %
2025/12/05 13:44:47.850, 116.62 W, 98 %
2025/12/05 13:44:47.950, 116.64 W, 98 %
2025/12/05 13:44:48.050, 116.65 W, 98 %
2025/12/05 13:44:48.150, 116.65 W, 98 %
2025/12/05 13:44:48.250, 116.62 W, 98 %
2025/12/05 13:44:48.350, 116.55 W, 98 %
2025/12/05 13:44:48.450, 116.57 W, 98 %
2025/12/05 13:44:48.551, 116.54 W, 98 %
2025/12/05 13:44:48.651, 116.50 W, 98 %
2025/12/05 13:44:48.751, 116.50 W, 98 %
2025/12/05 13:44:48.851, 116.53 W, 98 %
2025/12/05 13:44:48.951, 116.56 W, 98 %
2025/12/05 13:44:49.051, 116.58 W, 98 %
2025/12/05 13:44:49.152, 116.51 W, 98 %
2025/12/05 13:44:49.252, 116.50 W, 98 %
2025/12/05 13:44:49.352, 116.50 W, 98 %
2025/12/05 13:44:49.452, 116.51 W, 98 %
2025/12/05 13:44:49.552, 116.47 W, 98 %
2025/12/05 13:44:49.652, 116.43 W, 98 %
2025/12/05 13:44:49.752, 116.42 W, 98 %
2025/12/05 13:44:49.853, 116.41 W, 98 %
2025/12/05 13:44:49.953, 115.32 W, 98 %
2025/12/05 13:44:50.053, 115.27 W, 98 %
2025/12/05 13:44:50.153, 115.27 W, 98 %
2025/12/05 13:44:50.253, 115.30 W, 98 %
2025/12/05 13:44:50.353, 115.27 W, 98 %
2025/12/05 13:44:50.453, 115.28 W, 98 %
2025/12/05 13:44:50.554, 115.27 W, 98 %
2025/12/05 13:44:50.654, 115.27 W, 98 %
2025/12/05 13:44:50.754, 115.32 W, 98 %
2025/12/05 13:44:50.854, 115.30 W, 98 %
2025/12/05 13:44:50.954, 115.29 W, 98 %
2025/12/05 13:44:51.054, 116.34 W, 98 %
2025/12/05 13:44:51.154, 116.34 W, 98 %
2025/12/05 13:44:51.255, 116.32 W, 98 %
2025/12/05 13:44:51.355, 116.28 W, 98 %
2025/12/05 13:44:51.455, 116.32 W, 98 %
2025/12/05 13:44:51.555, 116.29 W, 98 %
2025/12/05 13:44:51.655, 116.32 W, 98 %
2025/12/05 13:44:51.755, 116.34 W, 98 %
2025/12/05 13:44:51.855, 116.28 W, 98 %
2025/12/05 13:44:51.956, 116.32 W, 98 %
2025/12/05 13:44:52.056, 116.33 W, 98 %
2025/12/05 13:44:52.156, 116.32 W, 98 %
2025/12/05 13:44:52.256, 116.37 W, 98 %
2025/12/05 13:44:52.356, 116.38 W, 98 %
2025/12/05 13:44:52.456, 116.42 W, 98 %
2025/12/05 13:44:52.556, 116.42 W, 98 %
2025/12/05 13:44:52.657, 116.41 W, 98 %
2025/12/05 13:44:52.757, 116.41 W, 98 %
2025/12/05 13:44:52.857, 116.43 W, 98 %
2025/12/05 13:44:52.957, 116.46 W, 98 %
2025/12/05 13:44:53.057, 116.43 W, 98 %
2025/12/05 13:44:53.157, 116.37 W, 98 %
2025/12/05 13:44:53.257, 116.40 W, 98 %
2025/12/05 13:44:53.358, 116.39 W, 98 %
2025/12/05 13:44:53.458, 116.37 W, 98 %
2025/12/05 13:44:53.558, 116.36 W, 98 %
2025/12/05 13:44:53.658, 116.36 W, 98 %
2025/12/05 13:44:53.758, 116.36 W, 98 %
2025/12/05 13:44:53.858, 116.37 W, 98 %
2025/12/05 13:44:53.959, 116.33 W, 98 %
2025/12/05 13:44:54.059, 116.33 W, 98 %
2025/12/05 13:44:54.159, 116.36 W, 98 %
2025/12/05 13:44:54.259, 116.39 W, 98 %
2025/12/05 13:44:54.359, 116.37 W, 98 %
2025/12/05 13:44:54.459, 116.33 W, 98 %
2025/12/05 13:44:54.559, 116.34 W, 98 %
2025/12/05 13:44:54.659, 116.34 W, 98 %
2025/12/05 13:44:54.760, 116.28 W, 98 %
2025/12/05 13:44:54.860, 116.30 W, 98 %
2025/12/05 13:44:54.960, 116.32 W, 98 %
2025/12/05 13:44:55.060, 116.34 W, 98 %
2025/12/05 13:44:55.160, 116.37 W, 98 %
2025/12/05 13:44:55.260, 116.34 W, 98 %
2025/12/05 13:44:55.360, 116.33 W, 98 %
2025/12/05 13:44:55.461, 116.36 W, 98 %
2025/12/05 13:44:55.561, 116.38 W, 98 %
2025/12/05 13:44:55.661, 116.40 W, 98 %
2025/12/05 13:44:55.761, 116.36 W, 98 %
2025/12/05 13:44:55.861, 116.39 W, 98 %
2025/12/05 13:44:55.961, 116.39 W, 98 %
2025/12/05 13:44:56.062, 116.34 W, 98 %
2025/12/05 13:44:56.162, 116.30 W, 98 %
2025/12/05 13:44:56.262, 116.29 W, 98 %
2025/12/05 13:44:56.362, 116.27 W, 98 %
2025/12/05 13:44:56.462, 116.29 W, 98 %
2025/12/05 13:44:56.562, 116.20 W, 98 %
2025/12/05 13:44:56.662, 116.21 W, 98 %
2025/12/05 13:44:56.763, 116.20 W, 98 %
2025/12/05 13:44:56.863, 116.23 W, 98 %
2025/12/05 13:44:56.963, 116.28 W, 98 %
2025/12/05 13:44:57.063, 116.27 W, 98 %
2025/12/05 13:44:57.163, 116.31 W, 98 %
2025/12/05 13:44:57.263, 116.36 W, 98 %
2025/12/05 13:44:57.363, 116.35 W, 98 %
2025/12/05 13:44:57.464, 116.39 W, 98 %
2025/12/05 13:44:57.564, 116.39 W, 98 %
2025/12/05 13:44:57.664, 116.44 W, 98 %
2025/12/05 13:44:57.764, 116.43 W, 98 %
2025/12/05 13:44:57.864, 116.42 W, 98 %
2025/12/05 13:44:57.964, 116.43 W, 98 %
2025/12/05 13:44:58.064, 116.42 W, 98 %
2025/12/05 13:44:58.165, 116.41 W, 98 %
2025/12/05 13:44:58.265, 116.42 W, 98 %
2025/12/05 13:44:58.365, 116.41 W, 98 %
2025/12/05 13:44:58.465, 116.43 W, 98 %
2025/12/05 13:44:58.565, 116.43 W, 98 %
2025/12/05 13:44:58.665, 116.41 W, 98 %
2025/12/05 13:44:58.765, 116.42 W, 98 %
2025/12/05 13:44:58.866, 116.46 W, 98 %
2025/12/05 13:44:58.966, 116.46 W, 98 %
2025/12/05 13:44:59.066, 116.47 W, 98 %
2025/12/05 13:44:59.166, 116.48 W, 98 %
2025/12/05 13:44:59.266, 116.49 W, 98 %
2025/12/05 13:44:59.366, 116.46 W, 98 %
2025/12/05 13:44:59.466, 116.43 W, 98 %
2025/12/05 13:44:59.567, 116.42 W, 98 %
2025/12/05 13:44:59.667, 116.42 W, 98 %
2025/12/05 13:44:59.767, 116.45 W, 98 %
2025/12/05 13:44:59.867, 116.48 W, 98 %
2025/12/05 13:44:59.967, 116.42 W, 98 %
2025/12/05 13:45:00.067, 116.44 W, 98 %
2025/12/05 13:45:00.167, 116.44 W, 98 %
2025/12/05 13:45:00.268, 116.41 W, 98 %
2025/12/05 13:45:00.368, 116.40 W, 98 %
2025/12/05 13:45:00.468, 116.45 W, 98 %
2025/12/05 13:45:00.568, 116.47 W, 98 %
2025/12/05 13:45:00.668, 116.49 W, 98 %
2025/12/05 13:45:00.768, 116.46 W, 98 %
2025/12/05 13:45:00.869, 116.51 W, 98 %
2025/12/05 13:45:00.969, 116.48 W, 98 %
2025/12/05 13:45:01.069, 116.50 W, 98 %
2025/12/05 13:45:01.169, 116.49 W, 98 %
2025/12/05 13:45:01.269, 116.46 W, 98 %
2025/12/05 13:45:01.369, 116.46 W, 98 %
2025/12/05 13:45:01.469, 116.46 W, 98 %
2025/12/05 13:45:01.573, 116.42 W, 98 %
2025/12/05 13:45:01.673, 116.42 W, 98 %
2025/12/05 13:45:01.774, 116.41 W, 98 %
2025/12/05 13:45:01.874, 116.41 W, 98 %
2025/12/05 13:45:01.974, 116.40 W, 98 %
2025/12/05 13:45:02.074, 116.38 W, 98 %
2025/12/05 13:45:02.174, 116.39 W, 98 %
2025/12/05 13:45:02.274, 116.40 W, 98 %
2025/12/05 13:45:02.374, 116.45 W, 98 %
2025/12/05 13:45:02.475, 116.45 W, 98 %
2025/12/05 13:45:02.575, 116.47 W, 98 %
2025/12/05 13:45:02.675, 116.49 W, 98 %
2025/12/05 13:45:02.775, 116.51 W, 98 %
2025/12/05 13:45:02.875, 116.47 W, 98 %
2025/12/05 13:45:02.975, 116.51 W, 98 %
2025/12/05 13:45:03.076, 116.52 W, 98 %
2025/12/05 13:45:03.176, 116.54 W, 98 %
2025/12/05 13:45:03.276, 116.57 W, 98 %
2025/12/05 13:45:03.376, 116.61 W, 98 %
2025/12/05 13:45:03.476, 116.63 W, 98 %
2025/12/05 13:45:03.576, 116.67 W, 98 %
2025/12/05 13:45:03.676, 116.65 W, 98 %
2025/12/05 13:45:03.777, 116.66 W, 98 %
2025/12/05 13:45:03.877, 116.67 W, 98 %
2025/12/05 13:45:03.977, 116.72 W, 98 %
2025/12/05 13:45:04.077, 116.73 W, 98 %
2025/12/05 13:45:04.177, 116.71 W, 98 %
2025/12/05 13:45:04.277, 116.72 W, 98 %
2025/12/05 13:45:04.377, 116.68 W, 98 %
2025/12/05 13:45:04.478, 116.64 W, 98 %
2025/12/05 13:45:04.578, 116.61 W, 98 %
2025/12/05 13:45:04.678, 116.59 W, 98 %
2025/12/05 13:45:04.778, 116.59 W, 98 %
2025/12/05 13:45:04.878, 116.61 W, 98 %
2025/12/05 13:45:04.978, 116.58 W, 98 %
2025/12/05 13:45:05.078, 116.58 W, 98 %
2025/12/05 13:45:05.179, 116.56 W, 98 %
2025/12/05 13:45:05.279, 116.54 W, 98 %
2025/12/05 13:45:05.379, 116.55 W, 98 %
2025/12/05 13:45:05.479, 116.58 W, 98 %
2025/12/05 13:45:05.579, 116.60 W, 98 %
2025/12/05 13:45:05.679, 116.61 W, 98 %
2025/12/05 13:45:05.779, 116.59 W, 98 %
2025/12/05 13:45:05.880, 116.61 W, 98 %
2025/12/05 13:45:05.980, 116.57 W, 98 %
2025/12/05 13:45:06.080, 116.57 W, 98 %
2025/12/05 13:45:06.180, 116.56 W, 98 %
2025/12/05 13:45:06.280, 116.48 W, 98 %
2025/12/05 13:45:06.380, 116.48 W, 98 %
2025/12/05 13:45:06.480, 116.46 W, 98 %
2025/12/05 13:45:06.581, 116.41 W, 98 %
2025/12/05 13:45:06.681, 116.41 W, 98 %
2025/12/05 13:45:06.781, 116.40 W, 98 %
2025/12/05 13:45:06.881, 116.40 W, 98 %
2025/12/05 13:45:06.981, 116.37 W, 98 %
2025/12/05 13:45:07.081, 116.37 W, 98 %
2025/12/05 13:45:07.181, 116.38 W, 98 %
2025/12/05 13:45:07.282, 116.40 W, 98 %
2025/12/05 13:45:07.382, 116.47 W, 98 %
2025/12/05 13:45:07.482, 116.47 W, 98 %
2025/12/05 13:45:07.582, 116.51 W, 98 %
2025/12/05 13:45:07.682, 116.51 W, 98 %
2025/12/05 13:45:07.782, 116.47 W, 98 %
2025/12/05 13:45:07.882, 116.44 W, 98 %
2025/12/05 13:45:07.983, 116.45 W, 98 %
2025/12/05 13:45:08.083, 116.48 W, 98 %
2025/12/05 13:45:08.183, 116.49 W, 98 %
2025/12/05 13:45:08.283, 116.44 W, 98 %
2025/12/05 13:45:08.383, 116.41 W, 98 %
2025/12/05 13:45:08.483, 116.41 W, 98 %
2025/12/05 13:45:08.584, 116.40 W, 98 %
2025/12/05 13:45:08.684, 116.41 W, 98 %
2025/12/05 13:45:08.784, 116.43 W, 98 %
2025/12/05 13:45:08.884, 116.43 W, 98 %
2025/12/05 13:45:08.984, 116.44 W, 98 %
2025/12/05 13:45:09.084, 116.40 W, 98 %
2025/12/05 13:45:09.184, 116.42 W, 98 %
2025/12/05 13:45:09.285, 116.41 W, 98 %
2025/12/05 13:45:09.385, 116.45 W, 98 %
2025/12/05 13:45:09.485, 116.45 W, 98 %
2025/12/05 13:45:09.585, 116.44 W, 98 %
2025/12/05 13:45:09.685, 116.46 W, 98 %
2025/12/05 13:45:09.785, 116.44 W, 98 %
2025/12/05 13:45:09.885, 116.41 W, 98 %
2025/12/05 13:45:09.986, 116.46 W, 98 %
2025/12/05 13:45:10.086, 116.50 W, 98 %
2025/12/05 13:45:10.186, 116.52 W, 98 %
2025/12/05 13:45:10.286, 116.54 W, 98 %
2025/12/05 13:45:10.386, 116.52 W, 98 %
2025/12/05 13:45:10.486, 116.53 W, 98 %
2025/12/05 13:45:10.586, 116.55 W, 98 %
2025/12/05 13:45:10.687, 116.55 W, 98 %
2025/12/05 13:45:10.787, 116.56 W, 98 %
2025/12/05 13:45:10.887, 116.59 W, 98 %
2025/12/05 13:45:10.987, 116.61 W, 98 %
2025/12/05 13:45:11.087, 116.61 W, 98 %
2025/12/05 13:45:11.187, 116.56 W, 98 %
2025/12/05 13:45:11.287, 116.56 W, 98 %
2025/12/05 13:45:11.388, 116.55 W, 98 %
2025/12/05 13:45:11.488, 116.57 W, 98 %
2025/12/05 13:45:11.588, 116.57 W, 98 %
2025/12/05 13:45:11.688, 116.54 W, 98 %
2025/12/05 13:45:11.788, 116.56 W, 98 %
2025/12/05 13:45:11.888, 116.55 W, 98 %
2025/12/05 13:45:11.988, 116.49 W, 98 %
2025/12/05 13:45:12.089, 116.47 W, 98 %
2025/12/05 13:45:12.189, 116.41 W, 98 %
2025/12/05 13:45:12.289, 116.42 W, 98 %
2025/12/05 13:45:12.389, 116.42 W, 98 %
2025/12/05 13:45:12.489, 116.38 W, 98 %
2025/12/05 13:45:12.589, 116.37 W, 98 %
2025/12/05 13:45:12.689, 116.37 W, 98 %
2025/12/05 13:45:12.790, 116.36 W, 98 %
2025/12/05 13:45:12.890, 116.35 W, 98 %
2025/12/05 13:45:12.990, 116.28 W, 98 %
2025/12/05 13:45:13.090, 116.26 W, 98 %
2025/12/05 13:45:13.190, 116.27 W, 98 %
2025/12/05 13:45:13.290, 116.29 W, 98 %
2025/12/05 13:45:13.391, 116.30 W, 98 %
2025/12/05 13:45:13.491, 116.24 W, 98 %
2025/12/05 13:45:13.591, 116.24 W, 98 %
2025/12/05 13:45:13.691, 116.24 W, 98 %
2025/12/05 13:45:13.791, 116.15 W, 98 %
2025/12/05 13:45:13.891, 116.16 W, 98 %
2025/12/05 13:45:13.991, 116.11 W, 98 %
2025/12/05 13:45:14.092, 116.10 W, 98 %
2025/12/05 13:45:14.192, 116.12 W, 98 %
2025/12/05 13:45:14.292, 116.08 W, 98 %
2025/12/05 13:45:14.392, 116.03 W, 98 %
2025/12/05 13:45:14.492, 116.03 W, 98 %
2025/12/05 13:45:14.592, 116.05 W, 98 %
2025/12/05 13:45:14.692, 116.07 W, 98 %
2025/12/05 13:45:14.793, 116.02 W, 98 %
2025/12/05 13:45:14.893, 116.02 W, 98 %
2025/12/05 13:45:14.993, 115.98 W, 98 %
2025/12/05 13:45:15.093, 116.00 W, 98 %
2025/12/05 13:45:15.193, 116.04 W, 98 %
2025/12/05 13:45:15.293, 116.02 W, 98 %
2025/12/05 13:45:15.393, 116.04 W, 98 %
2025/12/05 13:45:15.494, 116.07 W, 98 %
2025/12/05 13:45:15.594, 116.04 W, 98 %
2025/12/05 13:45:15.694, 116.03 W, 98 %
2025/12/05 13:45:15.794, 116.00 W, 98 %
2025/12/05 13:45:15.894, 116.02 W, 98 %
2025/12/05 13:45:15.994, 116.08 W, 98 %
2025/12/05 13:45:16.094, 116.10 W, 98 %
2025/12/05 13:45:16.195, 116.14 W, 98 %
2025/12/05 13:45:16.295, 116.13 W, 98 %
2025/12/05 13:45:16.395, 116.12 W, 98 %
2025/12/05 13:45:16.495, 116.10 W, 98 %
2025/12/05 13:45:16.595, 116.05 W, 98 %
2025/12/05 13:45:16.695, 116.08 W, 98 %
2025/12/05 13:45:16.795, 116.09 W, 98 %
2025/12/05 13:45:16.896, 116.09 W, 98 %
2025/12/05 13:45:16.996, 116.12 W, 98 %
2025/12/05 13:45:17.096, 116.15 W, 98 %
2025/12/05 13:45:17.196, 116.14 W, 98 %
2025/12/05 13:45:17.296, 116.14 W, 98 %
2025/12/05 13:45:17.396, 116.07 W, 98 %
2025/12/05 13:45:17.497, 116.11 W, 98 %
2025/12/05 13:45:17.597, 116.14 W, 98 %
2025/12/05 13:45:17.697, 116.17 W, 98 %
2025/12/05 13:45:17.797, 116.16 W, 98 %
2025/12/05 13:45:17.897, 116.14 W, 98 %
2025/12/05 13:45:17.997, 116.14 W, 98 %
2025/12/05 13:45:18.097, 116.12 W, 98 %
2025/12/05 13:45:18.198, 116.03 W, 98 %
2025/12/05 13:45:18.298, 116.03 W, 98 %
2025/12/05 13:45:18.398, 116.00 W, 98 %
2025/12/05 13:45:18.498, 116.07 W, 98 %
2025/12/05 13:45:18.598, 116.06 W, 98 %
2025/12/05 13:45:18.698, 115.99 W, 98 %
2025/12/05 13:45:18.798, 116.00 W, 98 %
2025/12/05 13:45:18.899, 116.00 W, 98 %
2025/12/05 13:45:18.999, 116.01 W, 98 %
2025/12/05 13:45:19.099, 116.02 W, 98 %
2025/12/05 13:45:19.199, 116.01 W, 98 %
2025/12/05 13:45:19.299, 116.06 W, 98 %
2025/12/05 13:45:19.399, 116.04 W, 98 %
2025/12/05 13:45:19.499, 116.03 W, 98 %
2025/12/05 13:45:19.600, 116.03 W, 98 %
2025/12/05 13:45:19.700, 116.03 W, 98 %
2025/12/05 13:45:19.800, 116.08 W, 98 %
2025/12/05 13:45:19.900, 116.12 W, 98 %
2025/12/05 13:45:20.000, 116.08 W, 98 %
2025/12/05 13:45:20.100, 116.08 W, 98 %
2025/12/05 13:45:20.200, 116.09 W, 98 %
2025/12/05 13:45:20.301, 116.10 W, 98 %
2025/12/05 13:45:20.401, 116.11 W, 98 %
2025/12/05 13:45:20.501, 116.12 W, 98 %
2025/12/05 13:45:20.601, 116.14 W, 98 %
2025/12/05 13:45:20.701, 116.13 W, 98 %
2025/12/05 13:45:20.801, 116.11 W, 98 %
2025/12/05 13:45:20.901, 116.11 W, 98 %
2025/12/05 13:45:21.002, 116.06 W, 98 %
2025/12/05 13:45:21.102, 116.10 W, 98 %
2025/12/05 13:45:21.202, 116.12 W, 98 %
2025/12/05 13:45:21.302, 116.10 W, 98 %
2025/12/05 13:45:21.402, 116.11 W, 98 %
2025/12/05 13:45:21.502, 116.07 W, 98 %
2025/12/05 13:45:21.602, 116.10 W, 98 %
2025/12/05 13:45:21.703, 116.10 W, 98 %
2025/12/05 13:45:21.803, 116.08 W, 98 %
2025/12/05 13:45:21.903, 116.09 W, 98 %
2025/12/05 13:45:22.003, 116.06 W, 98 %
2025/12/05 13:45:22.103, 116.06 W, 98 %
2025/12/05 13:45:22.203, 116.07 W, 98 %
2025/12/05 13:45:22.304, 116.04 W, 98 %
2025/12/05 13:45:22.404, 116.06 W, 98 %
2025/12/05 13:45:22.504, 116.05 W, 98 %
2025/12/05 13:45:22.604, 116.07 W, 98 %
2025/12/05 13:45:22.704, 116.06 W, 98 %
2025/12/05 13:45:22.804, 116.03 W, 98 %
2025/12/05 13:45:22.904, 116.05 W, 98 %
2025/12/05 13:45:23.005, 116.07 W, 98 %
2025/12/05 13:45:23.105, 116.08 W, 98 %
2025/12/05 13:45:23.205, 116.13 W, 98 %
2025/12/05 13:45:23.305, 116.14 W, 98 %
2025/12/05 13:45:23.405, 116.14 W, 98 %
2025/12/05 13:45:23.505, 116.14 W, 98 %
2025/12/05 13:45:23.605, 116.13 W, 98 %
2025/12/05 13:45:23.706, 116.15 W, 98 %
2025/12/05 13:45:23.806, 116.16 W, 98 %
2025/12/05 13:45:23.906, 116.18 W, 98 %
2025/12/05 13:45:24.006, 116.18 W, 98 %
2025/12/05 13:45:24.106, 116.14 W, 98 %
2025/12/05 13:45:24.206, 116.15 W, 98 %
2025/12/05 13:45:24.306, 116.11 W, 98 %
2025/12/05 13:45:24.407, 116.07 W, 98 %
2025/12/05 13:45:24.507, 116.08 W, 98 %
2025/12/05 13:45:24.607, 116.09 W, 98 %
2025/12/05 13:45:24.707, 116.10 W, 98 %
2025/12/05 13:45:24.807, 116.08 W, 98 %
2025/12/05 13:45:24.907, 116.05 W, 98 %
2025/12/05 13:45:25.007, 116.05 W, 98 %
2025/12/05 13:45:25.108, 116.06 W, 98 %
2025/12/05 13:45:25.208, 116.08 W, 98 %
2025/12/05 13:45:25.308, 116.10 W, 98 %
2025/12/05 13:45:25.408, 116.05 W, 98 %
2025/12/05 13:45:25.508, 116.10 W, 98 %
2025/12/05 13:45:25.608, 116.11 W, 98 %
2025/12/05 13:45:25.708, 116.10 W, 98 %
2025/12/05 13:45:25.809, 116.13 W, 98 %
2025/12/05 13:45:25.909, 116.17 W, 98 %
2025/12/05 13:45:26.009, 116.19 W, 98 %
2025/12/05 13:45:26.109, 116.22 W, 98 %
2025/12/05 13:45:26.209, 116.24 W, 98 %
2025/12/05 13:45:26.309, 116.26 W, 98 %
2025/12/05 13:45:26.409, 116.25 W, 98 %
2025/12/05 13:45:26.510, 116.29 W, 98 %
2025/12/05 13:45:26.610, 116.30 W, 98 %
2025/12/05 13:45:26.710, 116.28 W, 98 %
2025/12/05 13:45:26.810, 116.27 W, 98 %
2025/12/05 13:45:26.910, 116.26 W, 98 %
2025/12/05 13:45:27.010, 116.22 W, 98 %
2025/12/05 13:45:27.110, 116.25 W, 98 %
2025/12/05 13:45:27.211, 116.21 W, 98 %
2025/12/05 13:45:27.311, 116.20 W, 98 %
2025/12/05 13:45:27.411, 116.18 W, 98 %
2025/12/05 13:45:27.511, 116.16 W, 98 %
2025/12/05 13:45:27.611, 116.19 W, 98 %
2025/12/05 13:45:27.711, 116.12 W, 98 %
2025/12/05 13:45:27.811, 116.09 W, 98 %
2025/12/05 13:45:27.912, 116.09 W, 98 %
2025/12/05 13:45:28.012, 116.06 W, 98 %
2025/12/05 13:45:28.112, 116.10 W, 98 %
2025/12/05 13:45:28.212, 116.04 W, 98 %
2025/12/05 13:45:28.312, 116.06 W, 98 %
2025/12/05 13:45:28.412, 116.06 W, 98 %
2025/12/05 13:45:28.512, 116.07 W, 98 %
2025/12/05 13:45:28.613, 116.10 W, 98 %
2025/12/05 13:45:28.713, 116.11 W, 98 %
2025/12/05 13:45:28.813, 116.17 W, 98 %
2025/12/05 13:45:28.913, 116.18 W, 98 %
2025/12/05 13:45:29.013, 116.13 W, 98 %
2025/12/05 13:45:29.113, 116.16 W, 98 %
2025/12/05 13:45:29.214, 116.07 W, 98 %
2025/12/05 13:45:29.314, 116.11 W, 98 %
2025/12/05 13:45:29.414, 116.12 W, 98 %
2025/12/05 13:45:29.514, 116.11 W, 98 %
2025/12/05 13:45:29.614, 116.10 W, 98 %
2025/12/05 13:45:29.714, 116.09 W, 98 %
2025/12/05 13:45:29.814, 116.05 W, 98 %
2025/12/05 13:45:29.915, 116.06 W, 98 %
2025/12/05 13:45:30.015, 116.07 W, 98 %
2025/12/05 13:45:30.115, 116.13 W, 98 %
2025/12/05 13:45:30.215, 116.14 W, 98 %
2025/12/05 13:45:30.315, 116.21 W, 98 %
2025/12/05 13:45:30.415, 116.20 W, 98 %
2025/12/05 13:45:30.515, 116.19 W, 98 %
2025/12/05 13:45:30.616, 116.22 W, 98 %
2025/12/05 13:45:30.716, 116.25 W, 98 %
2025/12/05 13:45:30.816, 116.20 W, 98 %
2025/12/05 13:45:30.916, 116.19 W, 98 %
2025/12/05 13:45:31.016, 116.16 W, 98 %
2025/12/05 13:45:31.116, 116.16 W, 98 %
2025/12/05 13:45:31.216, 116.15 W, 98 %
2025/12/05 13:45:31.317, 116.11 W, 98 %
2025/12/05 13:45:31.417, 116.11 W, 98 %
2025/12/05 13:45:31.517, 116.09 W, 98 %
2025/12/05 13:45:31.617, 116.08 W, 98 %
2025/12/05 13:45:31.717, 116.07 W, 98 %
2025/12/05 13:45:31.817, 116.03 W, 98 %
2025/12/05 13:45:31.917, 116.07 W, 98 %
2025/12/05 13:45:32.018, 116.04 W, 98 %
2025/12/05 13:45:32.118, 116.03 W, 98 %
2025/12/05 13:45:32.218, 116.03 W, 98 %
2025/12/05 13:45:32.318, 116.01 W, 98 %
2025/12/05 13:45:32.418, 116.03 W, 98 %
2025/12/05 13:45:32.518, 116.01 W, 98 %
2025/12/05 13:45:32.618, 116.02 W, 98 %
2025/12/05 13:45:32.719, 116.04 W, 98 %
2025/12/05 13:45:32.819, 116.00 W, 98 %
2025/12/05 13:45:32.919, 116.03 W, 98 %
2025/12/05 13:45:33.019, 116.01 W, 98 %
2025/12/05 13:45:33.119, 116.05 W, 98 %
2025/12/05 13:45:33.219, 116.09 W, 98 %
2025/12/05 13:45:33.320, 116.06 W, 98 %
2025/12/05 13:45:33.420, 116.08 W, 98 %
2025/12/05 13:45:33.520, 116.07 W, 98 %
2025/12/05 13:45:33.620, 116.08 W, 98 %
2025/12/05 13:45:33.720, 116.10 W, 98 %
2025/12/05 13:45:33.820, 116.06 W, 98 %
2025/12/05 13:45:33.920, 116.10 W, 98 %
2025/12/05 13:45:34.021, 116.11 W, 98 %
2025/12/05 13:45:34.121, 116.13 W, 98 %
2025/12/05 13:45:34.221, 116.15 W, 98 %
2025/12/05 13:45:34.321, 116.14 W, 98 %
2025/12/05 13:45:34.421, 116.18 W, 98 %
2025/12/05 13:45:34.521, 116.22 W, 98 %
2025/12/05 13:45:34.621, 116.22 W, 98 %
2025/12/05 13:45:34.722, 116.22 W, 98 %
2025/12/05 13:45:34.822, 116.18 W, 98 %
2025/12/05 13:45:34.922, 116.18 W, 98 %
2025/12/05 13:45:35.022, 116.18 W, 98 %
2025/12/05 13:45:35.122, 116.14 W, 98 %
2025/12/05 13:45:35.222, 116.12 W, 98 %
2025/12/05 13:45:35.322, 116.07 W, 98 %
2025/12/05 13:45:35.423, 116.08 W, 98 %
2025/12/05 13:45:35.523, 116.07 W, 98 %
2025/12/05 13:45:35.623, 116.00 W, 98 %
2025/12/05 13:45:35.723, 116.02 W, 98 %
2025/12/05 13:45:35.823, 116.00 W, 98 %
2025/12/05 13:45:35.923, 116.03 W, 98 %
2025/12/05 13:45:36.023, 116.05 W, 98 %
2025/12/05 13:45:36.124, 116.03 W, 98 %
2025/12/05 13:45:36.224, 116.04 W, 98 %
2025/12/05 13:45:36.324, 116.06 W, 98 %
2025/12/05 13:45:36.424, 116.07 W, 98 %
2025/12/05 13:45:36.524, 116.07 W, 98 %
2025/12/05 13:45:36.624, 116.02 W, 98 %
2025/12/05 13:45:36.724, 116.03 W, 98 %
2025/12/05 13:45:36.825, 116.02 W, 98 %
2025/12/05 13:45:36.925, 116.04 W, 98 %
2025/12/05 13:45:37.025, 116.06 W, 98 %
2025/12/05 13:45:37.125, 116.03 W, 98 %
2025/12/05 13:45:37.225, 116.04 W, 98 %
2025/12/05 13:45:37.325, 116.03 W, 98 %
2025/12/05 13:45:37.426, 115.99 W, 98 %
2025/12/05 13:45:37.526, 116.02 W, 98 %
2025/12/05 13:45:37.626, 116.00 W, 98 %
2025/12/05 13:45:37.726, 116.04 W, 98 %
2025/12/05 13:45:37.826, 116.06 W, 98 %
2025/12/05 13:45:37.926, 115.99 W, 98 %
2025/12/05 13:45:38.026, 115.97 W, 98 %
2025/12/05 13:45:38.127, 115.94 W, 98 %
2025/12/05 13:45:38.227, 115.95 W, 98 %
2025/12/05 13:45:38.327, 115.97 W, 98 %
2025/12/05 13:45:38.427, 116.00 W, 98 %
2025/12/05 13:45:38.527, 116.01 W, 98 %
2025/12/05 13:45:38.627, 116.01 W, 98 %
2025/12/05 13:45:38.727, 115.98 W, 98 %
2025/12/05 13:45:38.828, 115.95 W, 98 %
2025/12/05 13:45:38.928, 115.94 W, 98 %
2025/12/05 13:45:39.028, 115.92 W, 98 %
2025/12/05 13:45:39.128, 115.94 W, 98 %
2025/12/05 13:45:39.228, 115.93 W, 98 %
2025/12/05 13:45:39.328, 115.94 W, 98 %
2025/12/05 13:45:39.428, 115.94 W, 98 %
2025/12/05 13:45:39.529, 115.94 W, 98 %
2025/12/05 13:45:39.629, 115.98 W, 98 %
2025/12/05 13:45:39.729, 116.01 W, 98 %
2025/12/05 13:45:39.829, 116.06 W, 98 %
2025/12/05 13:45:39.929, 116.07 W, 98 %
2025/12/05 13:45:40.029, 116.07 W, 98 %
2025/12/05 13:45:40.129, 116.17 W, 98 %
2025/12/05 13:45:40.230, 116.21 W, 98 %
2025/12/05 13:45:40.330, 116.24 W, 98 %
2025/12/05 13:45:40.430, 116.24 W, 98 %
2025/12/05 13:45:40.530, 116.20 W, 98 %
2025/12/05 13:45:40.630, 116.19 W, 98 %
2025/12/05 13:45:40.730, 116.16 W, 98 %
2025/12/05 13:45:40.830, 116.11 W, 98 %
2025/12/05 13:45:40.931, 116.11 W, 98 %
2025/12/05 13:45:41.031, 116.11 W, 98 %
2025/12/05 13:45:41.131, 116.10 W, 98 %
2025/12/05 13:45:41.231, 116.07 W, 98 %
2025/12/05 13:45:41.331, 116.03 W, 98 %
2025/12/05 13:45:41.431, 116.01 W, 98 %
2025/12/05 13:45:41.531, 116.02 W, 98 %
2025/12/05 13:45:41.632, 116.04 W, 98 %
2025/12/05 13:45:41.732, 116.05 W, 98 %
2025/12/05 13:45:41.832, 116.03 W, 98 %
2025/12/05 13:45:41.932, 116.07 W, 98 %
2025/12/05 13:45:42.032, 116.07 W, 98 %
2025/12/05 13:45:42.132, 116.08 W, 98 %
2025/12/05 13:45:42.232, 116.10 W, 98 %
2025/12/05 13:45:42.333, 116.09 W, 98 %
2025/12/05 13:45:42.433, 116.10 W, 98 %
2025/12/05 13:45:42.533, 116.12 W, 98 %
2025/12/05 13:45:42.633, 116.12 W, 98 %
2025/12/05 13:45:42.733, 116.14 W, 98 %
2025/12/05 13:45:42.833, 116.10 W, 98 %
2025/12/05 13:45:42.933, 116.12 W, 98 %
2025/12/05 13:45:43.034, 116.10 W, 98 %
2025/12/05 13:45:43.134, 116.11 W, 98 %
2025/12/05 13:45:43.234, 116.10 W, 98 %
2025/12/05 13:45:43.334, 116.10 W, 98 %
2025/12/05 13:45:43.434, 116.11 W, 98 %
2025/12/05 13:45:43.534, 116.10 W, 98 %
2025/12/05 13:45:43.635, 116.12 W, 98 %
2025/12/05 13:45:43.735, 116.13 W, 98 %
2025/12/05 13:45:43.835, 116.14 W, 98 %
2025/12/05 13:45:43.935, 116.20 W, 98 %
2025/12/05 13:45:44.035, 116.22 W, 98 %
2025/12/05 13:45:44.135, 116.21 W, 98 %
2025/12/05 13:45:44.235, 116.21 W, 98 %
2025/12/05 13:45:44.336, 116.24 W, 98 %
2025/12/05 13:45:44.436, 116.24 W, 98 %
2025/12/05 13:45:44.536, 116.25 W, 98 %
2025/12/05 13:45:44.636, 116.22 W, 98 %
2025/12/05 13:45:44.736, 116.18 W, 98 %
2025/12/05 13:45:44.836, 116.19 W, 98 %
2025/12/05 13:45:44.936, 116.17 W, 98 %
2025/12/05 13:45:45.037, 116.16 W, 98 %
2025/12/05 13:45:45.137, 116.18 W, 98 %
2025/12/05 13:45:45.237, 116.20 W, 98 %
2025/12/05 13:45:45.337, 116.21 W, 98 %
2025/12/05 13:45:45.437, 116.17 W, 98 %
2025/12/05 13:45:45.537, 116.19 W, 98 %
2025/12/05 13:45:45.637, 116.22 W, 98 %
2025/12/05 13:45:45.738, 116.25 W, 98 %
2025/12/05 13:45:45.838, 116.30 W, 98 %
2025/12/05 13:45:45.938, 116.25 W, 98 %
2025/12/05 13:45:46.038, 116.28 W, 98 %
2025/12/05 13:45:46.138, 116.31 W, 98 %
2025/12/05 13:45:46.238, 116.28 W, 98 %
2025/12/05 13:45:46.339, 116.27 W, 98 %
2025/12/05 13:45:46.439, 116.29 W, 98 %
2025/12/05 13:45:46.539, 116.31 W, 98 %
2025/12/05 13:45:46.639, 116.33 W, 98 %
2025/12/05 13:45:46.739, 116.30 W, 98 %
2025/12/05 13:45:46.839, 116.32 W, 98 %
2025/12/05 13:45:46.939, 116.29 W, 98 %
2025/12/05 13:45:47.040, 116.32 W, 98 %
2025/12/05 13:45:47.140, 116.29 W, 98 %
2025/12/05 13:45:47.240, 116.27 W, 98 %
2025/12/05 13:45:47.340, 116.26 W, 98 %
2025/12/05 13:45:47.440, 116.29 W, 98 %
2025/12/05 13:45:47.540, 116.25 W, 98 %
2025/12/05 13:45:47.640, 116.27 W, 98 %
2025/12/05 13:45:47.741, 116.26 W, 98 %
2025/12/05 13:45:47.841, 116.29 W, 98 %
2025/12/05 13:45:47.941, 116.29 W, 98 %
2025/12/05 13:45:48.041, 116.25 W, 98 %
2025/12/05 13:45:48.141, 116.27 W, 98 %
2025/12/05 13:45:48.241, 116.29 W, 98 %
2025/12/05 13:45:48.342, 116.28 W, 98 %
2025/12/05 13:45:48.442, 116.28 W, 98 %
2025/12/05 13:45:48.542, 116.27 W, 98 %
2025/12/05 13:45:48.642, 116.28 W, 98 %
2025/12/05 13:45:48.742, 116.31 W, 98 %
2025/12/05 13:45:48.842, 116.28 W, 98 %
2025/12/05 13:45:48.942, 116.30 W, 98 %
2025/12/05 13:45:49.043, 116.32 W, 98 %
2025/12/05 13:45:49.143, 116.35 W, 98 %
2025/12/05 13:45:49.243, 116.37 W, 98 %
2025/12/05 13:45:49.343, 116.32 W, 98 %
2025/12/05 13:45:49.443, 116.32 W, 98 %
2025/12/05 13:45:49.543, 116.33 W, 98 %
2025/12/05 13:45:49.643, 116.34 W, 98 %
2025/12/05 13:45:49.744, 116.35 W, 98 %
2025/12/05 13:45:49.844, 116.32 W, 98 %
2025/12/05 13:45:49.944, 116.32 W, 98 %
2025/12/05 13:45:50.044, 116.30 W, 98 %
2025/12/05 13:45:50.144, 116.24 W, 98 %
2025/12/05 13:45:50.244, 116.28 W, 98 %
2025/12/05 13:45:50.344, 116.27 W, 98 %
2025/12/05 13:45:50.445, 116.33 W, 98 %
2025/12/05 13:45:50.545, 116.39 W, 98 %
2025/12/05 13:45:50.645, 116.39 W, 98 %
2025/12/05 13:45:50.745, 116.38 W, 98 %
2025/12/05 13:45:50.845, 116.39 W, 98 %
2025/12/05 13:45:50.945, 116.38 W, 98 %
2025/12/05 13:45:51.045, 116.40 W, 98 %
2025/12/05 13:45:51.146, 116.43 W, 98 %
2025/12/05 13:45:51.246, 116.46 W, 98 %
2025/12/05 13:45:51.346, 116.46 W, 98 %
2025/12/05 13:45:51.446, 116.42 W, 98 %
2025/12/05 13:45:51.546, 116.40 W, 98 %
2025/12/05 13:45:51.646, 116.38 W, 98 %
2025/12/05 13:45:51.747, 116.37 W, 98 %
2025/12/05 13:45:51.847, 116.37 W, 98 %
2025/12/05 13:45:51.947, 116.38 W, 98 %
2025/12/05 13:45:52.047, 116.37 W, 98 %
2025/12/05 13:45:52.147, 116.35 W, 98 %
2025/12/05 13:45:52.247, 116.32 W, 98 %
2025/12/05 13:45:52.347, 116.35 W, 98 %
2025/12/05 13:45:52.448, 116.35 W, 98 %
2025/12/05 13:45:52.548, 116.36 W, 98 %
2025/12/05 13:45:52.648, 116.38 W, 98 %
2025/12/05 13:45:52.748, 116.37 W, 98 %
2025/12/05 13:45:52.848, 116.37 W, 98 %
2025/12/05 13:45:52.948, 116.39 W, 98 %
2025/12/05 13:45:53.048, 116.35 W, 98 %
2025/12/05 13:45:53.149, 116.39 W, 98 %
2025/12/05 13:45:53.249, 116.41 W, 98 %
2025/12/05 13:45:53.349, 116.40 W, 98 %
2025/12/05 13:45:53.449, 116.36 W, 98 %
2025/12/05 13:45:53.549, 116.31 W, 98 %
2025/12/05 13:45:53.649, 116.32 W, 98 %
2025/12/05 13:45:53.749, 116.33 W, 98 %
2025/12/05 13:45:53.850, 116.29 W, 98 %
2025/12/05 13:45:53.950, 116.29 W, 98 %
2025/12/05 13:45:54.050, 116.28 W, 98 %
2025/12/05 13:45:54.150, 116.28 W, 98 %
2025/12/05 13:45:54.250, 116.28 W, 98 %
2025/12/05 13:45:54.350, 116.24 W, 98 %
2025/12/05 13:45:54.450, 116.28 W, 98 %
2025/12/05 13:45:54.551, 116.30 W, 98 %
2025/12/05 13:45:54.651, 116.32 W, 98 %
2025/12/05 13:45:54.751, 116.32 W, 98 %
2025/12/05 13:45:54.851, 116.29 W, 98 %
2025/12/05 13:45:54.951, 116.27 W, 98 %
2025/12/05 13:45:55.051, 116.27 W, 98 %
2025/12/05 13:45:55.151, 116.23 W, 98 %
2025/12/05 13:45:55.252, 116.21 W, 98 %
2025/12/05 13:45:55.352, 116.19 W, 98 %
2025/12/05 13:45:55.452, 116.18 W, 98 %
2025/12/05 13:45:55.552, 116.17 W, 98 %
2025/12/05 13:45:55.652, 116.16 W, 98 %
2025/12/05 13:45:55.752, 116.17 W, 98 %
2025/12/05 13:45:55.852, 116.17 W, 98 %
2025/12/05 13:45:55.953, 116.16 W, 98 %
2025/12/05 13:45:56.053, 116.19 W, 98 %
2025/12/05 13:45:56.153, 116.21 W, 98 %
2025/12/05 13:45:56.253, 116.23 W, 98 %
2025/12/05 13:45:56.353, 116.27 W, 98 %
2025/12/05 13:45:56.453, 116.29 W, 98 %
2025/12/05 13:45:56.553, 116.35 W, 98 %
2025/12/05 13:45:56.654, 116.35 W, 98 %
2025/12/05 13:45:56.754, 116.30 W, 98 %
2025/12/05 13:45:56.854, 116.30 W, 98 %
2025/12/05 13:45:56.954, 116.31 W, 98 %
2025/12/05 13:45:57.054, 116.31 W, 98 %
2025/12/05 13:45:57.154, 116.31 W, 98 %
2025/12/05 13:45:57.254, 116.27 W, 98 %
2025/12/05 13:45:57.355, 116.28 W, 98 %
2025/12/05 13:45:57.455, 116.28 W, 98 %
2025/12/05 13:45:57.555, 116.21 W, 98 %
2025/12/05 13:45:57.655, 116.21 W, 98 %
2025/12/05 13:45:57.755, 116.20 W, 98 %
2025/12/05 13:45:57.855, 116.23 W, 98 %
2025/12/05 13:45:57.956, 116.24 W, 98 %
2025/12/05 13:45:58.056, 116.19 W, 98 %
2025/12/05 13:45:58.156, 116.20 W, 98 %
2025/12/05 13:45:58.256, 116.22 W, 98 %
2025/12/05 13:45:58.356, 116.22 W, 98 %
2025/12/05 13:45:58.456, 116.22 W, 98 %
2025/12/05 13:45:58.556, 116.24 W, 98 %
2025/12/05 13:45:58.657, 116.28 W, 98 %
2025/12/05 13:45:58.757, 116.28 W, 98 %
2025/12/05 13:45:58.857, 116.23 W, 98 %
2025/12/05 13:45:58.957, 116.23 W, 98 %
2025/12/05 13:45:59.057, 116.22 W, 98 %
2025/12/05 13:45:59.157, 116.23 W, 98 %
2025/12/05 13:45:59.257, 116.24 W, 98 %
2025/12/05 13:45:59.358, 116.21 W, 98 %
2025/12/05 13:45:59.458, 116.24 W, 98 %
2025/12/05 13:45:59.558, 116.21 W, 98 %
2025/12/05 13:45:59.658, 116.17 W, 98 %
2025/12/05 13:45:59.758, 116.17 W, 98 %
2025/12/05 13:45:59.858, 116.17 W, 98 %
2025/12/05 13:45:59.959, 116.18 W, 98 %
2025/12/05 13:46:00.059, 116.18 W, 98 %
2025/12/05 13:46:00.159, 116.15 W, 98 %
2025/12/05 13:46:00.259, 116.19 W, 98 %
2025/12/05 13:46:00.359, 116.16 W, 98 %
2025/12/05 13:46:00.459, 116.17 W, 98 %
2025/12/05 13:46:00.559, 116.19 W, 98 %
2025/12/05 13:46:00.660, 116.18 W, 98 %
2025/12/05 13:46:00.760, 116.23 W, 98 %
2025/12/05 13:46:00.860, 116.23 W, 98 %
2025/12/05 13:46:00.960, 116.25 W, 98 %
2025/12/05 13:46:01.060, 116.31 W, 98 %
2025/12/05 13:46:01.160, 116.35 W, 98 %
2025/12/05 13:46:01.260, 116.40 W, 98 %
2025/12/05 13:46:01.361, 116.42 W, 98 %
2025/12/05 13:46:01.461, 116.43 W, 98 %
2025/12/05 13:46:01.561, 116.50 W, 98 %
2025/12/05 13:46:01.661, 116.46 W, 98 %
2025/12/05 13:46:01.761, 116.49 W, 98 %
2025/12/05 13:46:01.861, 116.46 W, 98 %
2025/12/05 13:46:01.961, 116.43 W, 98 %
2025/12/05 13:46:02.062, 116.39 W, 98 %
2025/12/05 13:46:02.162, 116.36 W, 98 %
2025/12/05 13:46:02.262, 116.31 W, 98 %
2025/12/05 13:46:02.362, 116.28 W, 98 %
2025/12/05 13:46:02.462, 116.28 W, 98 %
2025/12/05 13:46:02.562, 116.28 W, 98 %
2025/12/05 13:46:02.662, 116.22 W, 98 %
2025/12/05 13:46:02.763, 116.20 W, 98 %
2025/12/05 13:46:02.863, 116.23 W, 98 %
2025/12/05 13:46:02.963, 116.26 W, 98 %
2025/12/05 13:46:03.063, 116.30 W, 98 %
2025/12/05 13:46:03.163, 116.33 W, 98 %
2025/12/05 13:46:03.263, 116.27 W, 98 %
2025/12/05 13:46:03.364, 116.31 W, 98 %
2025/12/05 13:46:03.464, 116.33 W, 98 %
2025/12/05 13:46:03.564, 116.28 W, 98 %
2025/12/05 13:46:03.664, 116.29 W, 98 %
2025/12/05 13:46:03.764, 116.31 W, 98 %
2025/12/05 13:46:03.864, 116.29 W, 98 %
2025/12/05 13:46:03.964, 116.27 W, 98 %
2025/12/05 13:46:04.065, 116.22 W, 98 %
2025/12/05 13:46:04.165, 116.21 W, 98 %
2025/12/05 13:46:04.265, 116.18 W, 98 %
2025/12/05 13:46:04.365, 116.19 W, 98 %
2025/12/05 13:46:04.465, 116.19 W, 98 %
2025/12/05 13:46:04.565, 116.15 W, 98 %
2025/12/05 13:46:04.665, 116.19 W, 98 %
2025/12/05 13:46:04.766, 116.21 W, 98 %
2025/12/05 13:46:04.866, 116.17 W, 98 %
2025/12/05 13:46:04.966, 116.19 W, 98 %
2025/12/05 13:46:05.066, 116.20 W, 98 %
2025/12/05 13:46:05.166, 116.20 W, 98 %
2025/12/05 13:46:05.266, 116.22 W, 98 %
2025/12/05 13:46:05.366, 116.22 W, 98 %
2025/12/05 13:46:05.467, 116.25 W, 98 %
2025/12/05 13:46:05.567, 116.26 W, 98 %
2025/12/05 13:46:05.667, 116.28 W, 98 %
2025/12/05 13:46:05.767, 116.30 W, 98 %
2025/12/05 13:46:05.867, 116.28 W, 98 %
2025/12/05 13:46:05.967, 116.32 W, 98 %
2025/12/05 13:46:06.068, 116.36 W, 98 %
2025/12/05 13:46:06.168, 116.34 W, 98 %
2025/12/05 13:46:06.268, 116.38 W, 98 %
2025/12/05 13:46:06.368, 116.37 W, 98 %
2025/12/05 13:46:06.468, 116.37 W, 98 %
2025/12/05 13:46:06.568, 116.40 W, 98 %
2025/12/05 13:46:06.668, 116.37 W, 98 %
2025/12/05 13:46:06.769, 116.39 W, 98 %
2025/12/05 13:46:06.869, 116.36 W, 98 %
2025/12/05 13:46:06.969, 116.36 W, 98 %
2025/12/05 13:46:07.069, 116.40 W, 98 %
2025/12/05 13:46:07.169, 116.41 W, 98 %
2025/12/05 13:46:07.269, 116.42 W, 98 %
2025/12/05 13:46:07.369, 116.41 W, 98 %
2025/12/05 13:46:07.470, 116.37 W, 98 %
2025/12/05 13:46:07.570, 116.39 W, 98 %
2025/12/05 13:46:07.670, 116.39 W, 98 %
2025/12/05 13:46:07.770, 116.38 W, 98 %
2025/12/05 13:46:07.870, 116.39 W, 98 %
2025/12/05 13:46:07.970, 116.39 W, 98 %
2025/12/05 13:46:08.070, 116.38 W, 98 %
2025/12/05 13:46:08.171, 116.34 W, 98 %
2025/12/05 13:46:08.271, 116.30 W, 98 %
2025/12/05 13:46:08.371, 116.31 W, 98 %
2025/12/05 13:46:08.471, 116.31 W, 98 %
2025/12/05 13:46:08.571, 116.34 W, 98 %
2025/12/05 13:46:08.671, 116.33 W, 98 %
2025/12/05 13:46:08.771, 116.30 W, 98 %
2025/12/05 13:46:08.872, 116.34 W, 98 %
2025/12/05 13:46:08.972, 116.34 W, 98 %
2025/12/05 13:46:09.072, 116.33 W, 98 %
2025/12/05 13:46:09.172, 116.38 W, 98 %
2025/12/05 13:46:09.272, 116.36 W, 98 %
2025/12/05 13:46:09.372, 116.40 W, 98 %
2025/12/05 13:46:09.473, 116.40 W, 98 %
2025/12/05 13:46:09.573, 116.38 W, 98 %
2025/12/05 13:46:09.673, 116.38 W, 98 %
2025/12/05 13:46:09.773, 116.39 W, 98 %
2025/12/05 13:46:09.873, 116.41 W, 98 %
2025/12/05 13:46:09.973, 116.40 W, 98 %
2025/12/05 13:46:10.073, 116.39 W, 98 %
2025/12/05 13:46:10.174, 116.40 W, 98 %
2025/12/05 13:46:10.274, 116.38 W, 98 %
2025/12/05 13:46:10.374, 116.41 W, 98 %
2025/12/05 13:46:10.474, 116.40 W, 98 %
2025/12/05 13:46:10.574, 116.37 W, 98 %
2025/12/05 13:46:10.674, 116.40 W, 98 %
2025/12/05 13:46:10.774, 116.42 W, 98 %
2025/12/05 13:46:10.875, 116.41 W, 98 %
2025/12/05 13:46:10.975, 116.39 W, 98 %
2025/12/05 13:46:11.075, 116.35 W, 98 %
2025/12/05 13:46:11.175, 116.38 W, 98 %
2025/12/05 13:46:11.275, 116.38 W, 98 %
2025/12/05 13:46:11.375, 116.33 W, 98 %
2025/12/05 13:46:11.475, 116.33 W, 98 %
2025/12/05 13:46:11.576, 116.33 W, 98 %
2025/12/05 13:46:11.676, 116.36 W, 98 %
2025/12/05 13:46:11.776, 116.38 W, 98 %
2025/12/05 13:46:11.876, 116.12 W, 98 %
2025/12/05 13:46:11.976, 116.13 W, 98 %
2025/12/05 13:46:12.076, 116.13 W, 98 %
2025/12/05 13:46:12.176, 116.17 W, 98 %
2025/12/05 13:46:12.277, 116.19 W, 98 %
2025/12/05 13:46:12.377, 116.19 W, 98 %
2025/12/05 13:46:12.477, 116.25 W, 98 %
2025/12/05 13:46:12.577, 116.25 W, 98 %
2025/12/05 13:46:12.677, 116.24 W, 98 %
2025/12/05 13:46:12.777, 116.23 W, 98 %
2025/12/05 13:46:12.877, 116.22 W, 98 %
2025/12/05 13:46:12.978, 116.46 W, 98 %
2025/12/05 13:46:13.078, 116.43 W, 98 %
2025/12/05 13:46:13.178, 116.43 W, 98 %
2025/12/05 13:46:13.278, 116.43 W, 98 %
2025/12/05 13:46:13.378, 116.37 W, 98 %
2025/12/05 13:46:13.478, 116.38 W, 98 %
2025/12/05 13:46:13.578, 116.37 W, 98 %
2025/12/05 13:46:13.679, 116.36 W, 98 %
2025/12/05 13:46:13.779, 116.35 W, 98 %
2025/12/05 13:46:13.879, 116.34 W, 98 %
2025/12/05 13:46:13.979, 116.31 W, 98 %
2025/12/05 13:46:14.079, 116.30 W, 98 %
2025/12/05 13:46:14.179, 116.31 W, 98 %
2025/12/05 13:46:14.280, 116.31 W, 98 %
2025/12/05 13:46:14.380, 116.30 W, 98 %
2025/12/05 13:46:14.480, 116.30 W, 98 %
2025/12/05 13:46:14.580, 116.28 W, 98 %
2025/12/05 13:46:14.680, 116.25 W, 98 %
2025/12/05 13:46:14.780, 116.22 W, 98 %
2025/12/05 13:46:14.880, 116.23 W, 98 %
2025/12/05 13:46:14.981, 116.23 W, 98 %
2025/12/05 13:46:15.081, 116.26 W, 98 %
2025/12/05 13:46:15.181, 116.28 W, 98 %
2025/12/05 13:46:15.281, 116.27 W, 98 %
2025/12/05 13:46:15.381, 116.29 W, 98 %
2025/12/05 13:46:15.481, 116.32 W, 98 %
2025/12/05 13:46:15.581, 116.33 W, 98 %
2025/12/05 13:46:15.682, 116.38 W, 98 %
2025/12/05 13:46:15.782, 116.36 W, 98 %
2025/12/05 13:46:15.882, 116.41 W, 98 %
2025/12/05 13:46:15.982, 116.43 W, 98 %
2025/12/05 13:46:16.082, 116.43 W, 98 %
2025/12/05 13:46:16.182, 116.43 W, 98 %
2025/12/05 13:46:16.282, 116.43 W, 98 %
2025/12/05 13:46:16.383, 116.45 W, 98 %
2025/12/05 13:46:16.483, 116.45 W, 98 %
2025/12/05 13:46:16.583, 116.42 W, 98 %
2025/12/05 13:46:16.683, 116.43 W, 98 %
2025/12/05 13:46:16.783, 116.39 W, 98 %
2025/12/05 13:46:16.883, 116.39 W, 98 %
2025/12/05 13:46:16.983, 116.39 W, 98 %
2025/12/05 13:46:17.084, 116.32 W, 98 %
2025/12/05 13:46:17.184, 116.33 W, 98 %
2025/12/05 13:46:17.284, 116.32 W, 98 %
2025/12/05 13:46:17.384, 116.29 W, 98 %
2025/12/05 13:46:17.484, 116.31 W, 98 %
2025/12/05 13:46:17.584, 116.28 W, 98 %
2025/12/05 13:46:17.684, 116.30 W, 98 %
2025/12/05 13:46:17.785, 116.30 W, 98 %
2025/12/05 13:46:17.885, 116.31 W, 98 %
2025/12/05 13:46:17.985, 116.36 W, 98 %
2025/12/05 13:46:18.085, 116.35 W, 98 %
2025/12/05 13:46:18.185, 116.40 W, 98 %
2025/12/05 13:46:18.285, 116.42 W, 98 %
2025/12/05 13:46:18.408, 116.42 W, 98 %
2025/12/05 13:46:18.508, 116.40 W, 98 %
2025/12/05 13:46:18.609, 116.35 W, 98 %
2025/12/05 13:46:18.709, 116.32 W, 98 %
2025/12/05 13:46:18.809, 116.32 W, 98 %
2025/12/05 13:46:18.909, 116.27 W, 98 %
2025/12/05 13:46:19.009, 116.27 W, 98 %
2025/12/05 13:46:19.109, 116.27 W, 98 %
2025/12/05 13:46:19.209, 116.27 W, 98 %
2025/12/05 13:46:19.310, 116.25 W, 98 %
2025/12/05 13:46:19.410, 116.21 W, 98 %
2025/12/05 13:46:19.510, 116.25 W, 98 %
2025/12/05 13:46:19.610, 116.30 W, 98 %
2025/12/05 13:46:19.710, 116.35 W, 98 %
2025/12/05 13:46:19.810, 116.38 W, 98 %
2025/12/05 13:46:19.910, 116.39 W, 98 %
2025/12/05 13:46:20.011, 116.43 W, 98 %
2025/12/05 13:46:20.111, 116.42 W, 98 %
2025/12/05 13:46:20.211, 116.39 W, 98 %
2025/12/05 13:46:20.311, 116.39 W, 98 %
2025/12/05 13:46:20.411, 116.41 W, 98 %
2025/12/05 13:46:20.511, 116.39 W, 98 %
2025/12/05 13:46:20.612, 116.37 W, 98 %
2025/12/05 13:46:20.712, 116.29 W, 98 %
2025/12/05 13:46:20.812, 116.31 W, 98 %
2025/12/05 13:46:20.912, 116.31 W, 98 %
2025/12/05 13:46:21.012, 116.28 W, 98 %
2025/12/05 13:46:21.112, 116.30 W, 98 %
2025/12/05 13:46:21.212, 116.30 W, 98 %
2025/12/05 13:46:21.313, 116.31 W, 98 %
2025/12/05 13:46:21.413, 116.29 W, 98 %
2025/12/05 13:46:21.513, 116.24 W, 98 %
2025/12/05 13:46:21.613, 116.29 W, 98 %
2025/12/05 13:46:21.713, 116.31 W, 98 %
2025/12/05 13:46:21.813, 116.35 W, 98 %
2025/12/05 13:46:21.913, 116.36 W, 98 %
2025/12/05 13:46:22.014, 116.36 W, 98 %
2025/12/05 13:46:22.114, 116.40 W, 98 %
2025/12/05 13:46:22.214, 116.40 W, 98 %
2025/12/05 13:46:22.314, 116.41 W, 98 %
2025/12/05 13:46:22.414, 116.44 W, 98 %
2025/12/05 13:46:22.514, 116.47 W, 98 %
2025/12/05 13:46:22.614, 116.52 W, 98 %
2025/12/05 13:46:22.715, 116.55 W, 98 %
2025/12/05 13:46:22.815, 116.51 W, 98 %
2025/12/05 13:46:22.915, 116.53 W, 98 %
2025/12/05 13:46:23.015, 116.52 W, 98 %
2025/12/05 13:46:23.115, 116.53 W, 98 %
2025/12/05 13:46:23.215, 116.54 W, 98 %
2025/12/05 13:46:23.315, 116.51 W, 98 %
2025/12/05 13:46:23.416, 116.51 W, 98 %
2025/12/05 13:46:23.516, 116.50 W, 98 %
2025/12/05 13:46:23.616, 116.51 W, 98 %
2025/12/05 13:46:23.716, 116.45 W, 98 %
2025/12/05 13:46:23.816, 116.48 W, 98 %
2025/12/05 13:46:23.916, 116.50 W, 98 %
2025/12/05 13:46:24.016, 116.49 W, 98 %
2025/12/05 13:46:24.117, 116.52 W, 98 %
2025/12/05 13:46:24.217, 116.49 W, 98 %
2025/12/05 13:46:24.317, 116.48 W, 98 %
2025/12/05 13:46:24.417, 116.47 W, 98 %
2025/12/05 13:46:24.517, 116.42 W, 98 %
2025/12/05 13:46:24.617, 116.44 W, 98 %
2025/12/05 13:46:24.717, 116.43 W, 98 %
2025/12/05 13:46:24.818, 116.41 W, 98 %
2025/12/05 13:46:24.918, 116.40 W, 98 %
2025/12/05 13:46:25.018, 116.35 W, 98 %
2025/12/05 13:46:25.118, 116.35 W, 98 %
2025/12/05 13:46:25.218, 116.33 W, 98 %
2025/12/05 13:46:25.318, 116.30 W, 98 %
2025/12/05 13:46:25.418, 116.29 W, 98 %
2025/12/05 13:46:25.519, 116.28 W, 98 %
2025/12/05 13:46:25.619, 116.31 W, 98 %
2025/12/05 13:46:25.719, 116.32 W, 98 %
2025/12/05 13:46:25.819, 116.28 W, 98 %
2025/12/05 13:46:25.919, 116.33 W, 98 %
2025/12/05 13:46:26.019, 116.36 W, 98 %
2025/12/05 13:46:26.120, 116.37 W, 98 %
2025/12/05 13:46:26.220, 116.34 W, 98 %
2025/12/05 13:46:26.320, 116.30 W, 98 %
2025/12/05 13:46:26.420, 116.32 W, 98 %
2025/12/05 13:46:26.520, 116.37 W, 98 %
2025/12/05 13:46:26.620, 116.37 W, 98 %
2025/12/05 13:46:26.720, 116.37 W, 98 %
2025/12/05 13:46:26.821, 116.36 W, 98 %
2025/12/05 13:46:26.921, 116.39 W, 98 %
2025/12/05 13:46:27.021, 116.37 W, 98 %
2025/12/05 13:46:27.121, 116.35 W, 98 %
2025/12/05 13:46:27.221, 116.37 W, 98 %
2025/12/05 13:46:27.321, 116.42 W, 98 %
2025/12/05 13:46:27.421, 116.46 W, 98 %
2025/12/05 13:46:27.522, 116.46 W, 98 %
2025/12/05 13:46:27.622, 116.40 W, 98 %
2025/12/05 13:46:27.722, 116.41 W, 98 %
2025/12/05 13:46:27.822, 116.42 W, 98 %
2025/12/05 13:46:27.922, 116.42 W, 98 %
2025/12/05 13:46:28.022, 116.43 W, 98 %
2025/12/05 13:46:28.122, 116.45 W, 98 %
2025/12/05 13:46:28.223, 116.46 W, 98 %
2025/12/05 13:46:28.323, 116.47 W, 98 %
2025/12/05 13:46:28.423, 116.43 W, 98 %
2025/12/05 13:46:28.523, 116.43 W, 98 %
2025/12/05 13:46:28.623, 116.44 W, 98 %
2025/12/05 13:46:28.723, 116.46 W, 98 %
2025/12/05 13:46:28.823, 116.49 W, 98 %
2025/12/05 13:46:28.924, 116.46 W, 98 %
2025/12/05 13:46:29.024, 116.45 W, 98 %
2025/12/05 13:46:29.124, 116.46 W, 98 %
2025/12/05 13:46:29.224, 116.45 W, 98 %
2025/12/05 13:46:29.324, 116.45 W, 98 %
2025/12/05 13:46:29.424, 116.44 W, 98 %
2025/12/05 13:46:29.524, 116.47 W, 98 %
2025/12/05 13:46:29.625, 116.46 W, 98 %
2025/12/05 13:46:29.725, 116.48 W, 98 %
2025/12/05 13:46:29.825, 116.48 W, 98 %
2025/12/05 13:46:29.925, 116.46 W, 98 %
2025/12/05 13:46:30.025, 116.47 W, 98 %
2025/12/05 13:46:30.125, 116.48 W, 98 %
2025/12/05 13:46:30.225, 116.42 W, 98 %
2025/12/05 13:46:30.326, 116.44 W, 98 %
2025/12/05 13:46:30.426, 116.43 W, 98 %
2025/12/05 13:46:30.526, 116.38 W, 98 %
2025/12/05 13:46:30.626, 116.36 W, 98 %
2025/12/05 13:46:30.726, 116.37 W, 98 %
2025/12/05 13:46:30.826, 116.34 W, 98 %
2025/12/05 13:46:30.927, 116.36 W, 98 %
2025/12/05 13:46:31.027, 116.36 W, 98 %
2025/12/05 13:46:31.127, 116.37 W, 98 %
2025/12/05 13:46:31.227, 116.37 W, 98 %
2025/12/05 13:46:31.327, 116.38 W, 98 %
2025/12/05 13:46:31.427, 116.41 W, 98 %
2025/12/05 13:46:31.527, 116.45 W, 98 %
2025/12/05 13:46:31.628, 116.50 W, 98 %
2025/12/05 13:46:31.728, 116.54 W, 98 %
2025/12/05 13:46:31.828, 116.52 W, 98 %
2025/12/05 13:46:31.928, 116.54 W, 98 %
2025/12/05 13:46:32.028, 116.55 W, 98 %
2025/12/05 13:46:32.128, 116.55 W, 98 %
2025/12/05 13:46:32.228, 116.57 W, 98 %
2025/12/05 13:46:32.329, 116.57 W, 98 %
2025/12/05 13:46:32.429, 116.60 W, 98 %
2025/12/05 13:46:32.529, 116.59 W, 98 %
2025/12/05 13:46:32.629, 116.53 W, 98 %
2025/12/05 13:46:32.729, 116.51 W, 98 %
2025/12/05 13:46:32.829, 116.48 W, 98 %
2025/12/05 13:46:32.929, 116.47 W, 98 %
2025/12/05 13:46:33.030, 116.46 W, 98 %
2025/12/05 13:46:33.130, 116.45 W, 98 %
2025/12/05 13:46:33.230, 116.43 W, 98 %
2025/12/05 13:46:33.330, 116.40 W, 98 %
2025/12/05 13:46:33.430, 116.37 W, 98 %
2025/12/05 13:46:33.530, 116.39 W, 98 %
2025/12/05 13:46:33.630, 116.35 W, 98 %
2025/12/05 13:46:33.731, 116.39 W, 98 %
2025/12/05 13:46:33.831, 116.37 W, 98 %
2025/12/05 13:46:33.931, 116.33 W, 98 %
2025/12/05 13:46:34.031, 116.34 W, 98 %
2025/12/05 13:46:34.131, 116.34 W, 98 %
2025/12/05 13:46:34.231, 116.29 W, 98 %
2025/12/05 13:46:34.331, 116.30 W, 98 %
2025/12/05 13:46:34.432, 116.32 W, 98 %
2025/12/05 13:46:34.532, 116.32 W, 98 %
2025/12/05 13:46:34.632, 116.31 W, 98 %
2025/12/05 13:46:34.732, 116.28 W, 98 %
2025/12/05 13:46:34.832, 116.26 W, 98 %
2025/12/05 13:46:34.932, 116.30 W, 98 %
2025/12/05 13:46:35.032, 116.32 W, 98 %
2025/12/05 13:46:35.133, 116.34 W, 98 %
2025/12/05 13:46:35.233, 116.31 W, 98 %
2025/12/05 13:46:35.333, 116.33 W, 98 %
2025/12/05 13:46:35.433, 116.35 W, 98 %
2025/12/05 13:46:35.533, 116.34 W, 98 %
2025/12/05 13:46:35.633, 116.36 W, 98 %
2025/12/05 13:46:35.734, 116.35 W, 98 %
2025/12/05 13:46:35.834, 116.35 W, 98 %
2025/12/05 13:46:35.934, 116.37 W, 98 %
2025/12/05 13:46:36.034, 116.33 W, 98 %
2025/12/05 13:46:36.134, 116.32 W, 98 %
2025/12/05 13:46:36.234, 116.29 W, 98 %
2025/12/05 13:46:36.334, 116.34 W, 98 %
2025/12/05 13:46:36.435, 116.35 W, 98 %
2025/12/05 13:46:36.535, 116.33 W, 98 %
2025/12/05 13:46:36.635, 116.29 W, 98 %
2025/12/05 13:46:36.735, 116.28 W, 98 %
2025/12/05 13:46:36.835, 116.27 W, 98 %
2025/12/05 13:46:36.935, 116.27 W, 98 %
2025/12/05 13:46:37.035, 116.26 W, 98 %
2025/12/05 13:46:37.136, 116.29 W, 98 %
2025/12/05 13:46:37.236, 116.30 W, 98 %
2025/12/05 13:46:37.336, 116.29 W, 98 %
2025/12/05 13:46:37.436, 116.31 W, 98 %
2025/12/05 13:46:37.536, 116.29 W, 98 %
2025/12/05 13:46:37.636, 116.30 W, 98 %
2025/12/05 13:46:37.736, 116.36 W, 98 %
2025/12/05 13:46:37.837, 116.35 W, 98 %
2025/12/05 13:46:37.937, 116.30 W, 98 %
2025/12/05 13:46:38.037, 116.33 W, 98 %
2025/12/05 13:46:38.137, 116.34 W, 98 %
2025/12/05 13:46:38.237, 116.35 W, 98 %
2025/12/05 13:46:38.337, 116.32 W, 98 %
2025/12/05 13:46:38.437, 116.34 W, 98 %
2025/12/05 13:46:38.538, 116.32 W, 98 %
2025/12/05 13:46:38.638, 116.31 W, 98 %
2025/12/05 13:46:38.738, 116.32 W, 98 %
2025/12/05 13:46:38.838, 116.30 W, 98 %
2025/12/05 13:46:38.938, 116.32 W, 98 %
2025/12/05 13:46:39.038, 116.40 W, 98 %
2025/12/05 13:46:39.139, 116.36 W, 98 %
2025/12/05 13:46:39.239, 116.37 W, 98 %
2025/12/05 13:46:39.339, 116.37 W, 98 %
2025/12/05 13:46:39.439, 116.39 W, 98 %
2025/12/05 13:46:39.539, 116.42 W, 98 %
2025/12/05 13:46:39.639, 116.40 W, 98 %
2025/12/05 13:46:39.739, 116.44 W, 98 %
2025/12/05 13:46:39.840, 116.42 W, 98 %
2025/12/05 13:46:39.940, 116.40 W, 98 %
2025/12/05 13:46:40.040, 116.39 W, 98 %
2025/12/05 13:46:40.140, 116.36 W, 98 %
2025/12/05 13:46:40.240, 116.36 W, 98 %
2025/12/05 13:46:40.340, 116.35 W, 98 %
2025/12/05 13:46:40.440, 116.33 W, 98 %
2025/12/05 13:46:40.541, 116.33 W, 98 %
2025/12/05 13:46:40.641, 116.32 W, 98 %
2025/12/05 13:46:40.741, 116.30 W, 98 %
2025/12/05 13:46:40.841, 116.27 W, 98 %
2025/12/05 13:46:40.941, 116.28 W, 98 %
2025/12/05 13:46:41.041, 116.31 W, 98 %
2025/12/05 13:46:41.141, 116.33 W, 98 %
2025/12/05 13:46:41.242, 116.29 W, 98 %
2025/12/05 13:46:41.342, 116.33 W, 98 %
2025/12/05 13:46:41.442, 116.35 W, 98 %
2025/12/05 13:46:41.542, 116.34 W, 98 %
2025/12/05 13:46:41.642, 116.36 W, 98 %
2025/12/05 13:46:41.742, 116.36 W, 98 %
2025/12/05 13:46:41.842, 116.37 W, 98 %
2025/12/05 13:46:41.943, 116.40 W, 98 %
2025/12/05 13:46:42.043, 116.37 W, 98 %
2025/12/05 13:46:42.143, 116.39 W, 98 %
2025/12/05 13:46:42.243, 116.39 W, 98 %
2025/12/05 13:46:42.343, 116.44 W, 98 %
2025/12/05 13:46:42.443, 116.43 W, 98 %
2025/12/05 13:46:42.543, 116.37 W, 98 %
2025/12/05 13:46:42.644, 116.41 W, 98 %
2025/12/05 13:46:42.744, 116.43 W, 98 %
2025/12/05 13:46:42.844, 116.41 W, 98 %
2025/12/05 13:46:42.944, 116.44 W, 98 %
2025/12/05 13:46:43.044, 116.46 W, 98 %
2025/12/05 13:46:43.144, 116.48 W, 98 %
2025/12/05 13:46:43.244, 116.46 W, 98 %
2025/12/05 13:46:43.345, 116.43 W, 98 %
2025/12/05 13:46:43.445, 116.43 W, 98 %
2025/12/05 13:46:43.545, 116.42 W, 98 %
2025/12/05 13:46:43.645, 116.44 W, 98 %
2025/12/05 13:46:43.745, 116.44 W, 98 %
2025/12/05 13:46:43.845, 116.40 W, 98 %
2025/12/05 13:46:43.945, 116.40 W, 98 %
2025/12/05 13:46:44.046, 116.39 W, 98 %
2025/12/05 13:46:44.146, 116.34 W, 98 %
2025/12/05 13:46:44.246, 116.34 W, 98 %
2025/12/05 13:46:44.346, 116.35 W, 98 %
2025/12/05 13:46:44.446, 116.37 W, 98 %
2025/12/05 13:46:44.546, 116.35 W, 98 %
2025/12/05 13:46:44.646, 116.33 W, 98 %
2025/12/05 13:46:44.747, 116.36 W, 98 %
2025/12/05 13:46:44.847, 116.35 W, 98 %
2025/12/05 13:46:44.947, 116.38 W, 98 %
2025/12/05 13:46:45.047, 116.42 W, 98 %
2025/12/05 13:46:45.147, 116.45 W, 98 %
2025/12/05 13:46:45.247, 116.45 W, 98 %
2025/12/05 13:46:45.348, 116.48 W, 98 %
2025/12/05 13:46:45.448, 116.47 W, 98 %
2025/12/05 13:46:45.548, 116.48 W, 98 %
2025/12/05 13:46:45.648, 116.51 W, 98 %
2025/12/05 13:46:45.748, 116.52 W, 98 %
2025/12/05 13:46:45.848, 116.52 W, 98 %
2025/12/05 13:46:45.948, 116.54 W, 98 %
2025/12/05 13:46:46.049, 116.57 W, 98 %
2025/12/05 13:46:46.149, 116.58 W, 98 %
2025/12/05 13:46:46.249, 116.54 W, 98 %
2025/12/05 13:46:46.349, 116.58 W, 98 %
2025/12/05 13:46:46.449, 116.59 W, 98 %
2025/12/05 13:46:46.549, 116.60 W, 98 %
2025/12/05 13:46:46.649, 116.61 W, 98 %
2025/12/05 13:46:46.750, 116.62 W, 98 %
2025/12/05 13:46:46.850, 116.64 W, 98 %
2025/12/05 13:46:46.950, 116.67 W, 98 %
2025/12/05 13:46:47.050, 116.63 W, 98 %
2025/12/05 13:46:47.150, 116.61 W, 98 %
2025/12/05 13:46:47.250, 116.58 W, 98 %
2025/12/05 13:46:47.350, 116.60 W, 98 %
2025/12/05 13:46:47.451, 116.60 W, 98 %
2025/12/05 13:46:47.551, 116.58 W, 98 %
2025/12/05 13:46:47.651, 116.58 W, 98 %
2025/12/05 13:46:47.751, 116.58 W, 98 %
2025/12/05 13:46:47.851, 116.54 W, 98 %
2025/12/05 13:46:47.951, 116.57 W, 98 %
2025/12/05 13:46:48.051, 116.59 W, 98 %
2025/12/05 13:46:48.152, 116.61 W, 98 %
2025/12/05 13:46:48.252, 116.62 W, 98 %
2025/12/05 13:46:48.352, 116.67 W, 98 %
2025/12/05 13:46:48.452, 116.68 W, 98 %
2025/12/05 13:46:48.552, 116.69 W, 98 %
2025/12/05 13:46:48.652, 116.70 W, 98 %
2025/12/05 13:46:48.752, 116.72 W, 98 %
2025/12/05 13:46:48.853, 116.72 W, 98 %
2025/12/05 13:46:48.953, 116.77 W, 98 %
2025/12/05 13:46:49.053, 116.74 W, 98 %
2025/12/05 13:46:49.153, 116.75 W, 98 %
2025/12/05 13:46:49.253, 116.76 W, 98 %
2025/12/05 13:46:49.353, 116.77 W, 98 %
2025/12/05 13:46:49.453, 116.71 W, 98 %
2025/12/05 13:46:49.554, 116.71 W, 98 %
2025/12/05 13:46:49.654, 116.69 W, 98 %
2025/12/05 13:46:49.754, 116.66 W, 98 %
2025/12/05 13:46:49.854, 116.63 W, 98 %
2025/12/05 13:46:49.954, 116.63 W, 98 %
2025/12/05 13:46:50.054, 116.63 W, 98 %
2025/12/05 13:46:50.154, 116.63 W, 98 %
2025/12/05 13:46:50.255, 116.55 W, 98 %
2025/12/05 13:46:50.355, 116.55 W, 98 %
2025/12/05 13:46:50.455, 116.56 W, 98 %
2025/12/05 13:46:50.555, 116.57 W, 98 %
2025/12/05 13:46:50.655, 116.57 W, 98 %
2025/12/05 13:46:50.755, 116.57 W, 98 %
2025/12/05 13:46:50.856, 116.59 W, 98 %
2025/12/05 13:46:50.956, 116.64 W, 98 %
2025/12/05 13:46:51.056, 116.63 W, 98 %
2025/12/05 13:46:51.156, 116.66 W, 98 %
2025/12/05 13:46:51.256, 116.71 W, 98 %
2025/12/05 13:46:51.356, 116.72 W, 98 %
2025/12/05 13:46:51.456, 116.74 W, 98 %
2025/12/05 13:46:51.557, 116.76 W, 98 %
2025/12/05 13:46:51.657, 116.80 W, 98 %
2025/12/05 13:46:51.757, 116.82 W, 98 %
2025/12/05 13:46:51.857, 116.81 W, 98 %
2025/12/05 13:46:51.957, 116.84 W, 98 %
2025/12/05 13:46:52.057, 116.86 W, 98 %
2025/12/05 13:46:52.157, 116.88 W, 98 %
2025/12/05 13:46:52.258, 116.85 W, 98 %
2025/12/05 13:46:52.358, 116.81 W, 98 %
2025/12/05 13:46:52.458, 116.82 W, 98 %
2025/12/05 13:46:52.558, 116.81 W, 98 %
2025/12/05 13:46:52.658, 116.78 W, 98 %
2025/12/05 13:46:52.758, 116.77 W, 98 %
2025/12/05 13:46:52.858, 116.76 W, 98 %
2025/12/05 13:46:52.959, 116.78 W, 98 %
2025/12/05 13:46:53.059, 116.80 W, 98 %
2025/12/05 13:46:53.159, 116.79 W, 98 %
2025/12/05 13:46:53.259, 116.83 W, 98 %
2025/12/05 13:46:53.359, 116.85 W, 98 %
2025/12/05 13:46:53.459, 116.82 W, 98 %
2025/12/05 13:46:53.559, 116.82 W, 98 %
2025/12/05 13:46:53.660, 116.83 W, 98 %
2025/12/05 13:46:53.760, 116.81 W, 98 %
2025/12/05 13:46:53.860, 116.79 W, 98 %
2025/12/05 13:46:53.960, 116.78 W, 98 %
2025/12/05 13:46:54.060, 116.74 W, 98 %
2025/12/05 13:46:54.160, 116.69 W, 98 %
2025/12/05 13:46:54.260, 116.62 W, 98 %
2025/12/05 13:46:54.361, 116.57 W, 98 %
2025/12/05 13:46:54.461, 116.57 W, 98 %
2025/12/05 13:46:54.561, 116.59 W, 98 %
2025/12/05 13:46:54.661, 116.59 W, 98 %
2025/12/05 13:46:54.761, 116.57 W, 98 %
2025/12/05 13:46:54.861, 116.61 W, 98 %
2025/12/05 13:46:54.961, 116.62 W, 98 %
2025/12/05 13:46:55.062, 116.59 W, 98 %
2025/12/05 13:46:55.162, 116.63 W, 98 %
2025/12/05 13:46:55.262, 116.66 W, 98 %
2025/12/05 13:46:55.362, 116.69 W, 98 %
2025/12/05 13:46:55.462, 116.72 W, 98 %
2025/12/05 13:46:55.562, 116.71 W, 98 %
2025/12/05 13:46:55.663, 116.71 W, 98 %
2025/12/05 13:46:55.763, 116.78 W, 98 %
2025/12/05 13:46:55.863, 116.79 W, 98 %
2025/12/05 13:46:55.963, 116.79 W, 98 %
2025/12/05 13:46:56.063, 116.83 W, 98 %
2025/12/05 13:46:56.163, 116.85 W, 98 %
2025/12/05 13:46:56.263, 116.85 W, 98 %
2025/12/05 13:46:56.364, 116.88 W, 98 %
2025/12/05 13:46:56.464, 116.88 W, 98 %
2025/12/05 13:46:56.564, 116.85 W, 98 %
2025/12/05 13:46:56.664, 116.85 W, 98 %
2025/12/05 13:46:56.764, 116.85 W, 98 %
2025/12/05 13:46:56.864, 116.82 W, 98 %
2025/12/05 13:46:56.964, 116.78 W, 98 %
2025/12/05 13:46:57.065, 116.80 W, 98 %
2025/12/05 13:46:57.165, 116.80 W, 98 %
2025/12/05 13:46:57.265, 116.82 W, 98 %
2025/12/05 13:46:57.365, 116.82 W, 98 %
2025/12/05 13:46:57.465, 116.80 W, 98 %
2025/12/05 13:46:57.565, 116.80 W, 98 %
2025/12/05 13:46:57.665, 116.80 W, 98 %
2025/12/05 13:46:57.766, 116.77 W, 98 %
2025/12/05 13:46:57.866, 116.79 W, 98 %
2025/12/05 13:46:57.966, 116.80 W, 98 %
2025/12/05 13:46:58.066, 116.83 W, 98 %
2025/12/05 13:46:58.166, 116.78 W, 98 %
2025/12/05 13:46:58.266, 116.76 W, 98 %
2025/12/05 13:46:58.367, 116.77 W, 98 %
2025/12/05 13:46:58.467, 116.76 W, 98 %
2025/12/05 13:46:58.567, 116.72 W, 98 %
2025/12/05 13:46:58.667, 116.74 W, 98 %
2025/12/05 13:46:58.767, 116.73 W, 98 %
2025/12/05 13:46:58.867, 116.71 W, 98 %
2025/12/05 13:46:58.967, 116.68 W, 98 %
2025/12/05 13:46:59.068, 116.64 W, 98 %
2025/12/05 13:46:59.168, 116.62 W, 98 %
2025/12/05 13:46:59.268, 116.64 W, 98 %
2025/12/05 13:46:59.368, 116.58 W, 98 %
2025/12/05 13:46:59.468, 116.53 W, 98 %
2025/12/05 13:46:59.568, 116.50 W, 98 %
2025/12/05 13:46:59.668, 116.50 W, 98 %
2025/12/05 13:46:59.769, 116.49 W, 98 %
2025/12/05 13:46:59.869, 116.51 W, 98 %
2025/12/05 13:46:59.969, 116.54 W, 98 %
2025/12/05 13:47:00.069, 116.52 W, 98 %
2025/12/05 13:47:00.169, 116.51 W, 98 %
2025/12/05 13:47:00.269, 116.50 W, 98 %
2025/12/05 13:47:00.370, 116.50 W, 98 %
2025/12/05 13:47:00.470, 116.52 W, 98 %
2025/12/05 13:47:00.570, 116.55 W, 98 %
2025/12/05 13:47:00.670, 116.58 W, 98 %
2025/12/05 13:47:00.770, 116.56 W, 98 %
2025/12/05 13:47:00.870, 116.56 W, 98 %
2025/12/05 13:47:00.970, 116.53 W, 98 %
2025/12/05 13:47:01.071, 116.53 W, 98 %
2025/12/05 13:47:01.171, 116.54 W, 98 %
2025/12/05 13:47:01.271, 116.52 W, 98 %
2025/12/05 13:47:01.371, 116.51 W, 98 %
2025/12/05 13:47:01.471, 116.50 W, 98 %
2025/12/05 13:47:01.571, 116.51 W, 98 %
2025/12/05 13:47:01.671, 116.52 W, 98 %
2025/12/05 13:47:01.772, 116.48 W, 98 %
2025/12/05 13:47:01.872, 116.52 W, 98 %
2025/12/05 13:47:01.972, 116.53 W, 98 %
2025/12/05 13:47:02.072, 116.52 W, 98 %
2025/12/05 13:47:02.172, 116.53 W, 98 %
2025/12/05 13:47:02.272, 116.56 W, 98 %
2025/12/05 13:47:02.372, 116.60 W, 98 %
2025/12/05 13:47:02.473, 116.63 W, 98 %
2025/12/05 13:47:02.573, 116.63 W, 98 %
2025/12/05 13:47:02.673, 116.62 W, 98 %
2025/12/05 13:47:02.773, 116.62 W, 98 %
2025/12/05 13:47:02.873, 116.63 W, 98 %
2025/12/05 13:47:02.973, 116.61 W, 98 %
2025/12/05 13:47:03.073, 116.57 W, 98 %
2025/12/05 13:47:03.174, 116.58 W, 98 %
2025/12/05 13:47:03.274, 116.57 W, 98 %
2025/12/05 13:47:03.374, 116.52 W, 98 %
2025/12/05 13:47:03.474, 116.49 W, 98 %
2025/12/05 13:47:03.574, 116.48 W, 98 %
2025/12/05 13:47:03.674, 116.45 W, 98 %
2025/12/05 13:47:03.774, 116.46 W, 98 %
2025/12/05 13:47:03.875, 116.43 W, 98 %
2025/12/05 13:47:03.975, 116.43 W, 98 %
2025/12/05 13:47:04.075, 116.42 W, 98 %
2025/12/05 13:47:04.175, 116.40 W, 98 %
2025/12/05 13:47:04.275, 116.35 W, 98 %
2025/12/05 13:47:04.375, 116.33 W, 98 %
2025/12/05 13:47:04.476, 116.38 W, 98 %
2025/12/05 13:47:04.576, 116.41 W, 98 %
2025/12/05 13:47:04.676, 116.39 W, 98 %
2025/12/05 13:47:04.776, 116.41 W, 98 %
2025/12/05 13:47:04.876, 116.42 W, 98 %
2025/12/05 13:47:04.976, 116.44 W, 98 %
2025/12/05 13:47:05.076, 116.47 W, 98 %
2025/12/05 13:47:05.177, 116.50 W, 98 %
2025/12/05 13:47:05.277, 116.52 W, 98 %
2025/12/05 13:47:05.377, 116.58 W, 98 %
2025/12/05 13:47:05.477, 116.53 W, 98 %
2025/12/05 13:47:05.577, 116.53 W, 98 %
2025/12/05 13:47:05.677, 116.50 W, 98 %
2025/12/05 13:47:05.777, 116.47 W, 98 %
2025/12/05 13:47:05.878, 116.47 W, 98 %
2025/12/05 13:47:05.978, 116.43 W, 98 %
2025/12/05 13:47:06.078, 116.42 W, 98 %
2025/12/05 13:47:06.178, 116.38 W, 98 %
2025/12/05 13:47:06.278, 116.32 W, 98 %
2025/12/05 13:47:06.378, 116.30 W, 98 %
2025/12/05 13:47:06.478, 116.29 W, 98 %
2025/12/05 13:47:06.579, 116.34 W, 98 %
2025/12/05 13:47:06.679, 116.33 W, 98 %
2025/12/05 13:47:06.779, 116.31 W, 98 %
2025/12/05 13:47:06.879, 116.33 W, 98 %
2025/12/05 13:47:06.979, 116.32 W, 98 %
2025/12/05 13:47:07.079, 116.32 W, 98 %
2025/12/05 13:47:07.179, 116.36 W, 98 %
2025/12/05 13:47:07.280, 116.40 W, 98 %
2025/12/05 13:47:07.380, 116.41 W, 98 %
2025/12/05 13:47:07.480, 116.43 W, 98 %
2025/12/05 13:47:07.580, 116.42 W, 98 %
2025/12/05 13:47:07.680, 116.44 W, 98 %
2025/12/05 13:47:07.780, 116.46 W, 98 %
2025/12/05 13:47:07.880, 116.48 W, 98 %
2025/12/05 13:47:07.981, 116.51 W, 98 %
2025/12/05 13:47:08.081, 116.53 W, 98 %
2025/12/05 13:47:08.181, 116.53 W, 98 %
2025/12/05 13:47:08.281, 116.54 W, 98 %
2025/12/05 13:47:08.381, 116.54 W, 98 %
2025/12/05 13:47:08.481, 116.56 W, 98 %
2025/12/05 13:47:08.581, 116.57 W, 98 %
2025/12/05 13:47:08.682, 116.57 W, 98 %
2025/12/05 13:47:08.782, 116.60 W, 98 %
2025/12/05 13:47:08.882, 116.58 W, 98 %
2025/12/05 13:47:08.982, 116.59 W, 98 %
2025/12/05 13:47:09.082, 116.57 W, 98 %
2025/12/05 13:47:09.182, 116.55 W, 98 %
2025/12/05 13:47:09.282, 116.53 W, 98 %
2025/12/05 13:47:09.383, 116.53 W, 98 %
2025/12/05 13:47:09.483, 116.50 W, 98 %
2025/12/05 13:47:09.583, 116.53 W, 98 %
2025/12/05 13:47:09.683, 116.55 W, 98 %
2025/12/05 13:47:09.783, 116.58 W, 98 %
2025/12/05 13:47:09.883, 116.58 W, 98 %
2025/12/05 13:47:09.984, 116.56 W, 98 %
2025/12/05 13:47:10.084, 116.56 W, 98 %
2025/12/05 13:47:10.184, 116.58 W, 98 %
2025/12/05 13:47:10.284, 116.60 W, 98 %
2025/12/05 13:47:10.384, 116.64 W, 98 %
2025/12/05 13:47:10.484, 116.61 W, 98 %
2025/12/05 13:47:10.584, 116.60 W, 98 %
2025/12/05 13:47:10.685, 116.60 W, 98 %
2025/12/05 13:47:10.785, 116.58 W, 98 %
2025/12/05 13:47:10.885, 116.54 W, 98 %
2025/12/05 13:47:10.985, 116.53 W, 98 %
2025/12/05 13:47:11.085, 116.52 W, 98 %
2025/12/05 13:47:11.185, 116.52 W, 98 %
2025/12/05 13:47:11.285, 116.53 W, 98 %
2025/12/05 13:47:11.386, 116.54 W, 98 %
2025/12/05 13:47:11.486, 116.58 W, 98 %
2025/12/05 13:47:11.586, 116.59 W, 98 %
2025/12/05 13:47:11.686, 116.64 W, 98 %
2025/12/05 13:47:11.786, 116.63 W, 98 %
2025/12/05 13:47:11.886, 116.63 W, 98 %
2025/12/05 13:47:11.986, 116.66 W, 98 %
2025/12/05 13:47:12.087, 116.66 W, 98 %
2025/12/05 13:47:12.187, 116.68 W, 98 %
2025/12/05 13:47:12.287, 116.71 W, 98 %
2025/12/05 13:47:12.387, 116.70 W, 98 %
2025/12/05 13:47:12.487, 116.72 W, 98 %
2025/12/05 13:47:12.587, 116.69 W, 98 %
2025/12/05 13:47:12.687, 116.68 W, 98 %
2025/12/05 13:47:12.788, 116.68 W, 98 %
2025/12/05 13:47:12.888, 116.68 W, 98 %
2025/12/05 13:47:12.988, 116.71 W, 98 %
2025/12/05 13:47:13.088, 116.73 W, 98 %
2025/12/05 13:47:13.188, 116.72 W, 98 %
2025/12/05 13:47:13.288, 116.76 W, 98 %
2025/12/05 13:47:13.388, 116.78 W, 98 %
2025/12/05 13:47:13.489, 116.77 W, 98 %
2025/12/05 13:47:13.589, 116.76 W, 98 %
2025/12/05 13:47:13.689, 116.78 W, 98 %
2025/12/05 13:47:13.789, 116.81 W, 98 %
2025/12/05 13:47:13.889, 116.83 W, 98 %
2025/12/05 13:47:13.989, 116.80 W, 98 %
2025/12/05 13:47:14.090, 116.79 W, 98 %
2025/12/05 13:47:14.190, 116.78 W, 98 %
2025/12/05 13:47:14.290, 116.78 W, 98 %
2025/12/05 13:47:14.390, 116.79 W, 98 %
2025/12/05 13:47:14.490, 116.78 W, 98 %
2025/12/05 13:47:14.590, 116.80 W, 98 %
2025/12/05 13:47:14.690, 116.82 W, 98 %
2025/12/05 13:47:14.791, 116.80 W, 98 %
2025/12/05 13:47:14.891, 116.83 W, 98 %
2025/12/05 13:47:14.991, 116.81 W, 98 %
2025/12/05 13:47:15.091, 116.84 W, 98 %
2025/12/05 13:47:15.191, 116.84 W, 98 %
2025/12/05 13:47:15.291, 116.80 W, 98 %
2025/12/05 13:47:15.391, 116.82 W, 98 %
2025/12/05 13:47:15.492, 116.81 W, 98 %
2025/12/05 13:47:15.592, 116.78 W, 98 %
2025/12/05 13:47:15.692, 116.76 W, 98 %
2025/12/05 13:47:15.792, 116.76 W, 98 %
2025/12/05 13:47:15.892, 116.74 W, 98 %
2025/12/05 13:47:15.992, 116.71 W, 98 %
2025/12/05 13:47:16.092, 116.69 W, 98 %
2025/12/05 13:47:16.193, 116.68 W, 98 %
2025/12/05 13:47:16.293, 116.68 W, 98 %
2025/12/05 13:47:16.393, 116.71 W, 98 %
2025/12/05 13:47:16.493, 116.70 W, 98 %
2025/12/05 13:47:16.593, 116.67 W, 98 %
2025/12/05 13:47:16.693, 116.65 W, 98 %
2025/12/05 13:47:16.793, 116.66 W, 98 %
2025/12/05 13:47:16.894, 116.59 W, 98 %
2025/12/05 13:47:16.994, 116.61 W, 98 %
2025/12/05 13:47:17.094, 116.64 W, 98 %
2025/12/05 13:47:17.194, 116.66 W, 98 %
2025/12/05 13:47:17.294, 116.68 W, 98 %
2025/12/05 13:47:17.394, 116.69 W, 98 %
2025/12/05 13:47:17.494, 116.68 W, 98 %
2025/12/05 13:47:17.595, 116.72 W, 98 %
2025/12/05 13:47:17.695, 116.70 W, 98 %
2025/12/05 13:47:17.795, 116.74 W, 98 %
2025/12/05 13:47:17.895, 116.77 W, 98 %
2025/12/05 13:47:17.995, 116.78 W, 98 %
2025/12/05 13:47:18.095, 116.80 W, 98 %
2025/12/05 13:47:18.195, 116.78 W, 98 %
2025/12/05 13:47:18.296, 116.78 W, 98 %
2025/12/05 13:47:18.396, 116.82 W, 98 %
2025/12/05 13:47:18.496, 116.78 W, 98 %
2025/12/05 13:47:18.596, 116.81 W, 98 %
2025/12/05 13:47:18.696, 116.80 W, 98 %
2025/12/05 13:47:18.796, 116.82 W, 98 %
2025/12/05 13:47:18.897, 116.82 W, 98 %
2025/12/05 13:47:18.997, 116.78 W, 98 %
2025/12/05 13:47:19.097, 116.76 W, 98 %
2025/12/05 13:47:19.197, 116.75 W, 98 %
2025/12/05 13:47:19.297, 116.69 W, 98 %
2025/12/05 13:47:19.397, 116.67 W, 98 %
2025/12/05 13:47:19.497, 116.62 W, 98 %
2025/12/05 13:47:19.598, 116.64 W, 98 %
2025/12/05 13:47:19.698, 116.62 W, 98 %
2025/12/05 13:47:19.798, 116.61 W, 98 %
2025/12/05 13:47:19.898, 116.61 W, 98 %
2025/12/05 13:47:19.998, 116.62 W, 98 %
2025/12/05 13:47:20.098, 116.64 W, 98 %
2025/12/05 13:47:20.198, 116.67 W, 98 %
2025/12/05 13:47:20.299, 116.68 W, 98 %
2025/12/05 13:47:20.399, 116.71 W, 98 %
2025/12/05 13:47:20.499, 116.76 W, 98 %
2025/12/05 13:47:20.599, 116.77 W, 98 %
2025/12/05 13:47:20.699, 116.77 W, 98 %
2025/12/05 13:47:20.799, 116.79 W, 94 %
2025/12/05 13:47:20.899, 116.79 W, 94 %
2025/12/05 13:47:21.000, 116.78 W, 98 %
2025/12/05 13:47:21.100, 116.79 W, 98 %
2025/12/05 13:47:21.200, 116.77 W, 98 %
2025/12/05 13:47:21.300, 116.79 W, 98 %
2025/12/05 13:47:21.400, 116.78 W, 98 %
2025/12/05 13:47:21.500, 116.78 W, 98 %
2025/12/05 13:47:21.600, 116.75 W, 98 %
2025/12/05 13:47:21.701, 116.74 W, 98 %
2025/12/05 13:47:21.801, 116.70 W, 98 %
2025/12/05 13:47:21.901, 116.69 W, 98 %
2025/12/05 13:47:22.001, 116.64 W, 98 %
2025/12/05 13:47:22.101, 116.67 W, 98 %
2025/12/05 13:47:22.201, 116.64 W, 98 %
2025/12/05 13:47:22.301, 116.66 W, 98 %
2025/12/05 13:47:22.402, 116.64 W, 98 %
2025/12/05 13:47:22.502, 116.66 W, 98 %
2025/12/05 13:47:22.602, 116.67 W, 98 %
2025/12/05 13:47:22.702, 116.69 W, 98 %
2025/12/05 13:47:22.802, 116.64 W, 98 %
2025/12/05 13:47:22.902, 116.67 W, 98 %
2025/12/05 13:47:23.003, 116.70 W, 98 %
2025/12/05 13:47:23.103, 116.70 W, 98 %
2025/12/05 13:47:23.203, 116.70 W, 98 %
2025/12/05 13:47:23.303, 116.69 W, 98 %
2025/12/05 13:47:23.403, 116.69 W, 98 %
2025/12/05 13:47:23.503, 116.71 W, 98 %
2025/12/05 13:47:23.603, 116.69 W, 98 %
2025/12/05 13:47:23.704, 116.70 W, 98 %
2025/12/05 13:47:23.804, 116.68 W, 98 %
2025/12/05 13:47:23.904, 116.72 W, 98 %
2025/12/05 13:47:24.004, 116.72 W, 98 %
2025/12/05 13:47:24.104, 116.72 W, 98 %
2025/12/05 13:47:24.204, 116.75 W, 98 %
2025/12/05 13:47:24.304, 116.74 W, 98 %
2025/12/05 13:47:24.405, 116.74 W, 98 %
2025/12/05 13:47:24.505, 116.72 W, 98 %
2025/12/05 13:47:24.605, 116.70 W, 98 %
2025/12/05 13:47:24.705, 116.67 W, 98 %
2025/12/05 13:47:24.805, 116.65 W, 98 %
2025/12/05 13:47:24.905, 116.64 W, 98 %
2025/12/05 13:47:25.005, 116.63 W, 98 %
2025/12/05 13:47:25.106, 116.63 W, 98 %
2025/12/05 13:47:25.206, 116.57 W, 98 %
2025/12/05 13:47:25.306, 116.56 W, 98 %
2025/12/05 13:47:25.406, 116.55 W, 98 %
2025/12/05 13:47:25.506, 116.50 W, 98 %
2025/12/05 13:47:25.606, 116.51 W, 98 %
2025/12/05 13:47:25.706, 116.51 W, 98 %
2025/12/05 13:47:25.807, 116.51 W, 98 %
2025/12/05 13:47:25.907, 116.54 W, 98 %
2025/12/05 13:47:26.007, 116.55 W, 98 %
2025/12/05 13:47:26.107, 116.59 W, 98 %
2025/12/05 13:47:26.207, 116.62 W, 98 %
2025/12/05 13:47:26.307, 116.65 W, 98 %
2025/12/05 13:47:26.408, 116.66 W, 98 %
2025/12/05 13:47:26.508, 116.66 W, 98 %
2025/12/05 13:47:26.608, 116.71 W, 98 %
2025/12/05 13:47:26.708, 116.73 W, 98 %
2025/12/05 13:47:26.808, 116.74 W, 98 %
2025/12/05 13:47:26.908, 116.75 W, 98 %
2025/12/05 13:47:27.008, 116.74 W, 98 %
2025/12/05 13:47:27.109, 116.69 W, 98 %
2025/12/05 13:47:27.209, 116.71 W, 98 %
2025/12/05 13:47:27.309, 116.68 W, 98 %
2025/12/05 13:47:27.409, 116.67 W, 98 %
2025/12/05 13:47:27.509, 116.69 W, 98 %
2025/12/05 13:47:27.609, 116.71 W, 98 %
2025/12/05 13:47:27.709, 116.70 W, 98 %
2025/12/05 13:47:27.810, 116.71 W, 98 %
2025/12/05 13:47:27.910, 116.67 W, 98 %
2025/12/05 13:47:28.010, 116.68 W, 98 %
2025/12/05 13:47:28.110, 116.69 W, 98 %
2025/12/05 13:47:28.210, 116.72 W, 98 %
2025/12/05 13:47:28.310, 116.70 W, 98 %
2025/12/05 13:47:28.410, 116.71 W, 98 %
2025/12/05 13:47:28.511, 116.72 W, 98 %
2025/12/05 13:47:28.611, 116.69 W, 98 %
2025/12/05 13:47:28.711, 116.61 W, 98 %
2025/12/05 13:47:28.811, 116.63 W, 98 %
2025/12/05 13:47:28.911, 116.63 W, 98 %
2025/12/05 13:47:29.011, 116.69 W, 98 %
2025/12/05 13:47:29.111, 116.71 W, 98 %
2025/12/05 13:47:29.212, 116.72 W, 98 %
2025/12/05 13:47:29.312, 116.71 W, 98 %
2025/12/05 13:47:29.412, 116.71 W, 98 %
2025/12/05 13:47:29.512, 116.68 W, 98 %
2025/12/05 13:47:29.612, 116.67 W, 98 %
2025/12/05 13:47:29.712, 116.70 W, 98 %
2025/12/05 13:47:29.812, 116.74 W, 98 %
2025/12/05 13:47:29.913, 116.74 W, 98 %
2025/12/05 13:47:30.013, 116.73 W, 98 %
2025/12/05 13:47:30.113, 116.69 W, 98 %
2025/12/05 13:47:30.213, 116.70 W, 98 %
2025/12/05 13:47:30.313, 116.64 W, 98 %
2025/12/05 13:47:30.413, 116.65 W, 98 %
2025/12/05 13:47:30.514, 116.66 W, 98 %
2025/12/05 13:47:30.614, 116.70 W, 98 %
2025/12/05 13:47:30.714, 116.71 W, 98 %
2025/12/05 13:47:30.814, 116.75 W, 98 %
2025/12/05 13:47:30.914, 116.78 W, 98 %
2025/12/05 13:47:31.014, 116.80 W, 98 %
2025/12/05 13:47:31.114, 116.79 W, 98 %
2025/12/05 13:47:31.215, 116.84 W, 98 %
2025/12/05 13:47:31.315, 116.86 W, 98 %
2025/12/05 13:47:31.415, 116.89 W, 98 %
2025/12/05 13:47:31.515, 116.90 W, 98 %
2025/12/05 13:47:31.615, 116.86 W, 98 %
2025/12/05 13:47:31.715, 116.85 W, 98 %
2025/12/05 13:47:31.815, 116.86 W, 98 %
2025/12/05 13:47:31.916, 116.79 W, 98 %
2025/12/05 13:47:32.016, 116.79 W, 98 %
2025/12/05 13:47:32.116, 116.77 W, 98 %
2025/12/05 13:47:32.216, 116.76 W, 98 %
2025/12/05 13:47:32.316, 116.72 W, 98 %
2025/12/05 13:47:32.416, 116.64 W, 98 %
2025/12/05 13:47:32.516, 116.64 W, 98 %
2025/12/05 13:47:32.617, 116.64 W, 98 %
2025/12/05 13:47:32.717, 116.65 W, 98 %
2025/12/05 13:47:32.817, 116.67 W, 98 %
2025/12/05 13:47:32.917, 116.64 W, 98 %
2025/12/05 13:47:33.017, 116.68 W, 98 %
2025/12/05 13:47:33.117, 116.70 W, 98 %
2025/12/05 13:47:33.217, 116.68 W, 98 %
2025/12/05 13:47:33.318, 116.67 W, 98 %
2025/12/05 13:47:33.418, 116.72 W, 98 %
2025/12/05 13:47:33.518, 116.74 W, 98 %
2025/12/05 13:47:33.618, 116.73 W, 98 %
2025/12/05 13:47:33.718, 116.73 W, 98 %
2025/12/05 13:47:33.818, 116.76 W, 98 %
2025/12/05 13:47:33.918, 116.76 W, 98 %
2025/12/05 13:47:34.019, 116.77 W, 98 %
2025/12/05 13:47:34.119, 116.77 W, 98 %
2025/12/05 13:47:34.219, 116.76 W, 98 %
2025/12/05 13:47:34.319, 116.72 W, 98 %
2025/12/05 13:47:34.419, 116.75 W, 98 %
2025/12/05 13:47:34.519, 116.70 W, 98 %
2025/12/05 13:47:34.619, 116.73 W, 98 %
2025/12/05 13:47:34.720, 116.71 W, 98 %
2025/12/05 13:47:34.820, 116.70 W, 98 %
2025/12/05 13:47:34.920, 116.69 W, 98 %
2025/12/05 13:47:35.020, 116.70 W, 98 %
2025/12/05 13:47:35.120, 116.67 W, 98 %
2025/12/05 13:47:35.220, 116.63 W, 98 %
2025/12/05 13:47:35.321, 116.60 W, 98 %
2025/12/05 13:47:35.421, 116.61 W, 98 %
2025/12/05 13:47:35.521, 116.58 W, 98 %
2025/12/05 13:47:35.621, 116.59 W, 98 %
2025/12/05 13:47:35.721, 116.57 W, 98 %
2025/12/05 13:47:35.821, 116.59 W, 98 %
2025/12/05 13:47:35.921, 116.54 W, 98 %
2025/12/05 13:47:36.022, 116.51 W, 98 %
2025/12/05 13:47:36.122, 116.50 W, 98 %
2025/12/05 13:47:36.222, 116.50 W, 98 %
2025/12/05 13:47:36.322, 116.53 W, 98 %
2025/12/05 13:47:36.422, 116.54 W, 98 %
2025/12/05 13:47:36.522, 116.58 W, 98 %
2025/12/05 13:47:36.622, 116.57 W, 98 %
2025/12/05 13:47:36.723, 116.56 W, 98 %
2025/12/05 13:47:36.823, 116.58 W, 98 %
2025/12/05 13:47:36.923, 116.60 W, 98 %
2025/12/05 13:47:37.023, 116.61 W, 98 %
2025/12/05 13:47:37.123, 116.62 W, 98 %
2025/12/05 13:47:37.223, 116.58 W, 98 %
2025/12/05 13:47:37.323, 116.55 W, 98 %
2025/12/05 13:47:37.424, 116.54 W, 98 %
2025/12/05 13:47:37.524, 116.51 W, 98 %
2025/12/05 13:47:37.624, 116.49 W, 98 %
2025/12/05 13:47:37.724, 116.52 W, 98 %
2025/12/05 13:47:37.824, 116.53 W, 98 %
2025/12/05 13:47:37.924, 116.52 W, 98 %
2025/12/05 13:47:38.024, 116.51 W, 98 %
2025/12/05 13:47:38.125, 116.53 W, 98 %
2025/12/05 13:47:38.225, 116.55 W, 98 %
2025/12/05 13:47:38.325, 116.54 W, 98 %
2025/12/05 13:47:38.425, 116.58 W, 98 %
2025/12/05 13:47:38.525, 116.60 W, 98 %
2025/12/05 13:47:38.625, 116.60 W, 98 %
2025/12/05 13:47:38.725, 116.60 W, 98 %
2025/12/05 13:47:38.826, 116.61 W, 98 %
2025/12/05 13:47:38.926, 116.60 W, 98 %
2025/12/05 13:47:39.026, 116.65 W, 98 %
2025/12/05 13:47:39.126, 116.61 W, 98 %
2025/12/05 13:47:39.226, 116.60 W, 98 %
2025/12/05 13:47:39.326, 116.59 W, 98 %
2025/12/05 13:47:39.426, 116.66 W, 98 %
2025/12/05 13:47:39.527, 116.66 W, 98 %
2025/12/05 13:47:39.627, 116.68 W, 98 %
2025/12/05 13:47:39.727, 116.72 W, 98 %
2025/12/05 13:47:39.827, 116.65 W, 98 %
2025/12/05 13:47:39.927, 116.66 W, 98 %
2025/12/05 13:47:40.027, 116.61 W, 98 %
2025/12/05 13:47:40.128, 116.63 W, 98 %
2025/12/05 13:47:40.228, 116.66 W, 98 %
2025/12/05 13:47:40.328, 116.68 W, 98 %
2025/12/05 13:47:40.428, 116.64 W, 98 %
2025/12/05 13:47:40.528, 116.61 W, 98 %
2025/12/05 13:47:40.628, 116.57 W, 98 %
2025/12/05 13:47:40.728, 116.61 W, 98 %
2025/12/05 13:47:40.829, 116.64 W, 98 %
2025/12/05 13:47:40.929, 116.69 W, 98 %
2025/12/05 13:47:41.029, 116.73 W, 98 %
2025/12/05 13:47:41.129, 116.69 W, 98 %
2025/12/05 13:47:41.229, 116.70 W, 98 %
2025/12/05 13:47:41.329, 116.65 W, 98 %
2025/12/05 13:47:41.429, 116.60 W, 98 %
2025/12/05 13:47:41.530, 116.63 W, 98 %
2025/12/05 13:47:41.630, 116.65 W, 98 %
2025/12/05 13:47:41.730, 116.64 W, 98 %
2025/12/05 13:47:41.830, 116.61 W, 98 %
2025/12/05 13:47:41.930, 116.51 W, 98 %
2025/12/05 13:47:42.030, 116.49 W, 98 %
2025/12/05 13:47:42.130, 116.50 W, 98 %
2025/12/05 13:47:42.231, 116.49 W, 98 %
2025/12/05 13:47:42.331, 116.50 W, 98 %
2025/12/05 13:47:42.431, 116.51 W, 98 %
2025/12/05 13:47:42.531, 116.53 W, 98 %
2025/12/05 13:47:42.631, 116.52 W, 98 %
2025/12/05 13:47:42.731, 116.50 W, 98 %
2025/12/05 13:47:42.831, 116.51 W, 98 %
2025/12/05 13:47:42.932, 116.51 W, 98 %
2025/12/05 13:47:43.032, 116.54 W, 98 %
2025/12/05 13:47:43.132, 116.54 W, 98 %
2025/12/05 13:47:43.232, 116.51 W, 98 %
2025/12/05 13:47:43.332, 116.52 W, 98 %
2025/12/05 13:47:43.432, 116.52 W, 98 %
2025/12/05 13:47:43.533, 116.51 W, 98 %
2025/12/05 13:47:43.633, 116.53 W, 98 %
2025/12/05 13:47:43.733, 116.54 W, 98 %
2025/12/05 13:47:43.833, 116.53 W, 98 %
2025/12/05 13:47:43.933, 116.57 W, 98 %
2025/12/05 13:47:44.033, 116.53 W, 98 %
2025/12/05 13:47:44.133, 116.58 W, 98 %
2025/12/05 13:47:44.234, 116.58 W, 98 %
2025/12/05 13:47:44.334, 116.51 W, 98 %
2025/12/05 13:47:44.434, 116.55 W, 98 %
2025/12/05 13:47:44.534, 116.59 W, 98 %
2025/12/05 13:47:44.634, 116.63 W, 98 %
2025/12/05 13:47:44.734, 116.66 W, 98 %
2025/12/05 13:47:44.834, 116.62 W, 98 %
2025/12/05 13:47:44.935, 116.62 W, 98 %
2025/12/05 13:47:45.035, 116.61 W, 98 %
2025/12/05 13:47:45.135, 116.61 W, 98 %
2025/12/05 13:47:45.235, 116.59 W, 98 %
2025/12/05 13:47:45.335, 116.64 W, 98 %
2025/12/05 13:47:45.435, 116.70 W, 98 %
2025/12/05 13:47:45.535, 116.69 W, 98 %
2025/12/05 13:47:45.636, 116.65 W, 98 %
2025/12/05 13:47:45.736, 116.64 W, 98 %
2025/12/05 13:47:45.836, 116.64 W, 98 %
2025/12/05 13:47:45.936, 116.68 W, 98 %
2025/12/05 13:47:46.036, 116.71 W, 98 %
2025/12/05 13:47:46.136, 116.68 W, 98 %
2025/12/05 13:47:46.236, 116.68 W, 98 %
2025/12/05 13:47:46.337, 116.67 W, 98 %
2025/12/05 13:47:46.437, 116.60 W, 98 %
2025/12/05 13:47:46.537, 116.60 W, 98 %
2025/12/05 13:47:46.637, 116.59 W, 98 %
2025/12/05 13:47:46.737, 116.58 W, 98 %
2025/12/05 13:47:46.837, 116.56 W, 98 %
2025/12/05 13:47:46.937, 116.51 W, 98 %
2025/12/05 13:47:47.038, 116.50 W, 98 %
2025/12/05 13:47:47.138, 116.48 W, 98 %
2025/12/05 13:47:47.238, 116.52 W, 98 %
2025/12/05 13:47:47.338, 116.56 W, 98 %
2025/12/05 13:47:47.438, 116.56 W, 98 %
2025/12/05 13:47:47.538, 116.60 W, 98 %
2025/12/05 13:47:47.639, 116.63 W, 98 %
2025/12/05 13:47:47.739, 116.61 W, 98 %
2025/12/05 13:47:47.839, 116.66 W, 98 %
2025/12/05 13:47:47.939, 116.68 W, 98 %
2025/12/05 13:47:48.039, 116.68 W, 98 %
2025/12/05 13:47:48.139, 116.66 W, 98 %
2025/12/05 13:47:48.239, 116.62 W, 98 %
2025/12/05 13:47:48.340, 116.60 W, 98 %
2025/12/05 13:47:48.440, 116.60 W, 98 %
2025/12/05 13:47:48.540, 116.59 W, 98 %
2025/12/05 13:47:48.640, 116.60 W, 98 %
2025/12/05 13:47:48.740, 116.55 W, 98 %
2025/12/05 13:47:48.840, 116.58 W, 98 %
2025/12/05 13:47:48.940, 116.58 W, 98 %
2025/12/05 13:47:49.041, 116.55 W, 98 %
2025/12/05 13:47:49.141, 116.56 W, 98 %
2025/12/05 13:47:49.241, 116.59 W, 98 %
2025/12/05 13:47:49.341, 116.63 W, 98 %
2025/12/05 13:47:49.441, 116.67 W, 98 %
2025/12/05 13:47:49.541, 116.66 W, 98 %
2025/12/05 13:47:49.641, 116.68 W, 98 %
2025/12/05 13:47:49.742, 116.69 W, 98 %
2025/12/05 13:47:49.842, 116.71 W, 98 %
2025/12/05 13:47:49.942, 116.74 W, 98 %
2025/12/05 13:47:50.042, 116.73 W, 98 %
2025/12/05 13:47:50.142, 116.76 W, 98 %
2025/12/05 13:47:50.242, 116.77 W, 98 %
2025/12/05 13:47:50.342, 116.75 W, 98 %
2025/12/05 13:47:50.443, 116.74 W, 98 %
2025/12/05 13:47:50.543, 116.72 W, 98 %
2025/12/05 13:47:50.643, 116.71 W, 98 %
2025/12/05 13:47:50.743, 116.71 W, 98 %
2025/12/05 13:47:50.843, 116.68 W, 98 %
2025/12/05 13:47:50.943, 116.70 W, 98 %
2025/12/05 13:47:51.043, 116.67 W, 98 %
2025/12/05 13:47:51.144, 116.66 W, 98 %
2025/12/05 13:47:51.244, 116.66 W, 98 %
2025/12/05 13:47:51.344, 116.66 W, 98 %
2025/12/05 13:47:51.444, 116.68 W, 98 %
2025/12/05 13:47:51.544, 116.70 W, 98 %
2025/12/05 13:47:51.644, 116.69 W, 98 %
2025/12/05 13:47:51.745, 116.75 W, 98 %
2025/12/05 13:47:51.845, 116.77 W, 98 %
2025/12/05 13:47:51.945, 116.79 W, 98 %
2025/12/05 13:47:52.045, 116.79 W, 98 %
2025/12/05 13:47:52.145, 116.74 W, 98 %
2025/12/05 13:47:52.245, 116.74 W, 98 %
2025/12/05 13:47:52.345, 116.73 W, 98 %
2025/12/05 13:47:52.446, 116.72 W, 98 %
2025/12/05 13:47:52.546, 116.72 W, 98 %
2025/12/05 13:47:52.646, 116.71 W, 98 %
2025/12/05 13:47:52.746, 116.74 W, 98 %
2025/12/05 13:47:52.846, 116.70 W, 98 %
2025/12/05 13:47:52.946, 116.68 W, 98 %
2025/12/05 13:47:53.046, 116.67 W, 98 %
2025/12/05 13:47:53.147, 116.68 W, 98 %
2025/12/05 13:47:53.247, 116.68 W, 98 %
2025/12/05 13:47:53.347, 116.73 W, 98 %
2025/12/05 13:47:53.447, 116.70 W, 98 %
2025/12/05 13:47:53.547, 116.62 W, 98 %
2025/12/05 13:47:53.647, 116.64 W, 98 %
2025/12/05 13:47:53.747, 116.64 W, 98 %
2025/12/05 13:47:53.848, 116.67 W, 98 %
2025/12/05 13:47:53.948, 116.65 W, 98 %
2025/12/05 13:47:54.048, 116.65 W, 98 %
2025/12/05 13:47:54.148, 116.66 W, 98 %
2025/12/05 13:47:54.248, 116.64 W, 98 %
2025/12/05 13:47:54.348, 116.68 W, 98 %
2025/12/05 13:47:54.448, 116.67 W, 98 %
2025/12/05 13:47:54.549, 116.69 W, 98 %
2025/12/05 13:47:54.649, 116.79 W, 98 %
2025/12/05 13:47:54.749, 116.77 W, 98 %
2025/12/05 13:47:54.849, 116.75 W, 98 %
2025/12/05 13:47:54.949, 116.73 W, 98 %
2025/12/05 13:47:55.049, 116.68 W, 98 %
2025/12/05 13:47:55.149, 116.69 W, 98 %
2025/12/05 13:47:55.250, 116.70 W, 98 %
2025/12/05 13:47:55.350, 116.69 W, 98 %
2025/12/05 13:47:55.450, 116.67 W, 98 %
2025/12/05 13:47:55.550, 116.62 W, 98 %
2025/12/05 13:47:55.650, 116.59 W, 98 %
2025/12/05 13:47:55.750, 116.57 W, 98 %
2025/12/05 13:47:55.850, 116.51 W, 98 %
2025/12/05 13:47:55.951, 116.50 W, 98 %
2025/12/05 13:47:56.051, 116.51 W, 98 %
2025/12/05 13:47:56.151, 116.58 W, 98 %
2025/12/05 13:47:56.251, 116.59 W, 98 %
2025/12/05 13:47:56.351, 116.54 W, 98 %
2025/12/05 13:47:56.451, 116.58 W, 98 %
2025/12/05 13:47:56.551, 116.58 W, 98 %
2025/12/05 13:47:56.652, 116.59 W, 98 %
2025/12/05 13:47:56.752, 116.65 W, 98 %
2025/12/05 13:47:56.852, 116.68 W, 98 %
2025/12/05 13:47:56.952, 116.75 W, 98 %
2025/12/05 13:47:57.052, 116.80 W, 98 %
2025/12/05 13:47:57.152, 116.79 W, 98 %
2025/12/05 13:47:57.252, 116.80 W, 98 %
2025/12/05 13:47:57.353, 116.81 W, 98 %
2025/12/05 13:47:57.453, 116.85 W, 98 %
2025/12/05 13:47:57.553, 116.88 W, 98 %
2025/12/05 13:47:57.653, 116.94 W, 98 %
2025/12/05 13:47:57.753, 116.99 W, 98 %
2025/12/05 13:47:57.853, 117.00 W, 98 %
2025/12/05 13:47:57.953, 116.98 W, 98 %
2025/12/05 13:47:58.054, 116.96 W, 98 %
2025/12/05 13:47:58.154, 116.94 W, 98 %
2025/12/05 13:47:58.254, 116.90 W, 98 %
2025/12/05 13:47:58.354, 116.87 W, 98 %
2025/12/05 13:47:58.454, 116.83 W, 98 %
2025/12/05 13:47:58.554, 116.81 W, 98 %
2025/12/05 13:47:58.654, 116.77 W, 98 %
2025/12/05 13:47:58.755, 116.71 W, 98 %
2025/12/05 13:47:58.855, 116.70 W, 98 %
2025/12/05 13:47:58.955, 116.67 W, 98 %
2025/12/05 13:47:59.055, 116.67 W, 98 %
2025/12/05 13:47:59.155, 116.72 W, 98 %
2025/12/05 13:47:59.255, 116.68 W, 98 %
2025/12/05 13:47:59.355, 116.73 W, 98 %
2025/12/05 13:47:59.456, 116.76 W, 98 %
2025/12/05 13:47:59.556, 116.79 W, 98 %
2025/12/05 13:47:59.656, 116.82 W, 98 %
2025/12/05 13:47:59.756, 116.84 W, 98 %
2025/12/05 13:47:59.856, 116.85 W, 98 %
2025/12/05 13:47:59.956, 116.86 W, 98 %
2025/12/05 13:48:00.056, 116.82 W, 98 %
2025/12/05 13:48:00.157, 116.85 W, 98 %
2025/12/05 13:48:00.257, 116.83 W, 98 %
2025/12/05 13:48:00.357, 116.87 W, 98 %
2025/12/05 13:48:00.457, 116.89 W, 98 %
2025/12/05 13:48:00.557, 116.87 W, 98 %
2025/12/05 13:48:00.657, 116.88 W, 98 %
2025/12/05 13:48:00.757, 116.88 W, 98 %
2025/12/05 13:48:00.858, 116.85 W, 98 %
2025/12/05 13:48:00.958, 116.86 W, 98 %
2025/12/05 13:48:01.058, 116.88 W, 98 %
2025/12/05 13:48:01.158, 116.91 W, 98 %
2025/12/05 13:48:01.258, 116.89 W, 98 %
2025/12/05 13:48:01.358, 116.84 W, 98 %
2025/12/05 13:48:01.458, 116.82 W, 98 %
2025/12/05 13:48:01.559, 116.83 W, 98 %
2025/12/05 13:48:01.659, 116.84 W, 98 %
2025/12/05 13:48:01.759, 116.85 W, 98 %
2025/12/05 13:48:01.859, 116.85 W, 98 %
2025/12/05 13:48:01.959, 116.87 W, 98 %
2025/12/05 13:48:02.059, 116.88 W, 98 %
2025/12/05 13:48:02.160, 116.84 W, 98 %
2025/12/05 13:48:02.260, 116.86 W, 98 %
2025/12/05 13:48:02.360, 116.87 W, 98 %
2025/12/05 13:48:02.460, 116.88 W, 98 %
2025/12/05 13:48:02.560, 116.90 W, 98 %
2025/12/05 13:48:02.660, 116.87 W, 98 %
2025/12/05 13:48:02.760, 116.86 W, 98 %
2025/12/05 13:48:02.861, 116.85 W, 98 %
2025/12/05 13:48:02.961, 116.83 W, 98 %
2025/12/05 13:48:03.061, 116.83 W, 98 %
2025/12/05 13:48:03.161, 116.84 W, 98 %
2025/12/05 13:48:03.261, 116.87 W, 98 %
2025/12/05 13:48:03.361, 116.90 W, 98 %
2025/12/05 13:48:03.461, 116.89 W, 98 %
2025/12/05 13:48:03.562, 116.91 W, 98 %
2025/12/05 13:48:03.662, 116.91 W, 98 %
2025/12/05 13:48:03.762, 116.90 W, 98 %
2025/12/05 13:48:03.862, 116.91 W, 98 %
2025/12/05 13:48:03.962, 116.90 W, 98 %
2025/12/05 13:48:04.062, 116.94 W, 98 %
2025/12/05 13:48:04.162, 116.94 W, 98 %
2025/12/05 13:48:04.263, 116.93 W, 98 %
2025/12/05 13:48:04.363, 116.95 W, 98 %
2025/12/05 13:48:04.463, 116.94 W, 98 %
2025/12/05 13:48:04.563, 116.94 W, 98 %
2025/12/05 13:48:04.663, 116.94 W, 98 %
2025/12/05 13:48:04.763, 116.92 W, 98 %
2025/12/05 13:48:04.863, 116.92 W, 98 %
2025/12/05 13:48:04.964, 116.95 W, 98 %
2025/12/05 13:48:05.064, 116.95 W, 98 %
2025/12/05 13:48:05.164, 116.94 W, 98 %
2025/12/05 13:48:05.264, 116.96 W, 98 %
2025/12/05 13:48:05.364, 116.94 W, 98 %
2025/12/05 13:48:05.464, 116.93 W, 98 %
2025/12/05 13:48:05.564, 116.91 W, 98 %
2025/12/05 13:48:05.665, 116.96 W, 98 %
2025/12/05 13:48:05.765, 116.99 W, 98 %
2025/12/05 13:48:05.865, 117.01 W, 98 %
2025/12/05 13:48:05.965, 117.05 W, 98 %
2025/12/05 13:48:06.065, 116.99 W, 98 %
2025/12/05 13:48:06.165, 117.00 W, 98 %
2025/12/05 13:48:06.266, 116.98 W, 98 %
2025/12/05 13:48:06.366, 116.96 W, 98 %
2025/12/05 13:48:06.466, 117.00 W, 98 %
2025/12/05 13:48:06.566, 116.99 W, 98 %
2025/12/05 13:48:06.666, 116.97 W, 98 %
2025/12/05 13:48:06.766, 116.97 W, 98 %
2025/12/05 13:48:06.866, 116.93 W, 98 %
2025/12/05 13:48:06.967, 116.96 W, 98 %
2025/12/05 13:48:07.067, 116.94 W, 98 %
2025/12/05 13:48:07.167, 116.96 W, 98 %
2025/12/05 13:48:07.267, 116.99 W, 98 %
2025/12/05 13:48:07.367, 117.00 W, 98 %
2025/12/05 13:48:07.467, 117.01 W, 98 %
2025/12/05 13:48:07.567, 116.99 W, 98 %
2025/12/05 13:48:07.668, 117.00 W, 98 %
2025/12/05 13:48:07.768, 117.04 W, 98 %
2025/12/05 13:48:07.868, 117.03 W, 98 %
2025/12/05 13:48:07.968, 117.07 W, 98 %
2025/12/05 13:48:08.068, 117.06 W, 98 %
2025/12/05 13:48:08.168, 117.03 W, 98 %
2025/12/05 13:48:08.268, 117.06 W, 98 %
2025/12/05 13:48:08.369, 117.03 W, 98 %
2025/12/05 13:48:08.469, 117.03 W, 98 %
2025/12/05 13:48:08.569, 117.03 W, 98 %
2025/12/05 13:48:08.669, 117.02 W, 98 %
2025/12/05 13:48:08.769, 117.04 W, 98 %
2025/12/05 13:48:08.869, 117.05 W, 98 %
2025/12/05 13:48:08.969, 117.05 W, 98 %
2025/12/05 13:48:09.070, 117.02 W, 98 %
2025/12/05 13:48:09.170, 116.97 W, 98 %
2025/12/05 13:48:09.270, 117.00 W, 98 %
2025/12/05 13:48:09.370, 117.01 W, 98 %
2025/12/05 13:48:09.470, 117.01 W, 98 %
2025/12/05 13:48:09.570, 117.02 W, 98 %
2025/12/05 13:48:09.670, 117.01 W, 98 %
2025/12/05 13:48:09.771, 117.03 W, 98 %
2025/12/05 13:48:09.871, 117.00 W, 98 %
2025/12/05 13:48:09.971, 116.89 W, 98 %
2025/12/05 13:48:10.071, 116.87 W, 98 %
2025/12/05 13:48:10.171, 116.89 W, 98 %
2025/12/05 13:48:10.271, 116.90 W, 98 %
2025/12/05 13:48:10.372, 116.90 W, 98 %
2025/12/05 13:48:10.472, 116.88 W, 98 %
2025/12/05 13:48:10.572, 116.91 W, 98 %
2025/12/05 13:48:10.672, 116.92 W, 98 %
2025/12/05 13:48:10.772, 116.91 W, 98 %
2025/12/05 13:48:10.872, 116.90 W, 98 %
2025/12/05 13:48:10.972, 116.90 W, 98 %
2025/12/05 13:48:11.073, 116.97 W, 98 %
2025/12/05 13:48:11.173, 116.97 W, 98 %
2025/12/05 13:48:11.273, 116.95 W, 98 %
2025/12/05 13:48:11.373, 117.00 W, 98 %
2025/12/05 13:48:11.473, 116.98 W, 98 %
2025/12/05 13:48:11.573, 116.95 W, 98 %
2025/12/05 13:48:11.673, 116.96 W, 98 %
2025/12/05 13:48:11.774, 116.93 W, 98 %
2025/12/05 13:48:11.874, 116.94 W, 98 %
2025/12/05 13:48:11.974, 116.98 W, 98 %
2025/12/05 13:48:12.074, 116.94 W, 98 %
2025/12/05 13:48:12.174, 116.94 W, 98 %
2025/12/05 13:48:12.274, 116.96 W, 98 %
2025/12/05 13:48:12.374, 116.95 W, 98 %
2025/12/05 13:48:12.475, 116.95 W, 98 %
2025/12/05 13:48:12.575, 116.93 W, 98 %
2025/12/05 13:48:12.675, 116.95 W, 98 %
2025/12/05 13:48:12.775, 116.94 W, 98 %
2025/12/05 13:48:12.875, 116.94 W, 98 %
2025/12/05 13:48:12.975, 116.94 W, 98 %
2025/12/05 13:48:13.075, 116.87 W, 98 %
2025/12/05 13:48:13.176, 116.89 W, 98 %
2025/12/05 13:48:13.276, 116.91 W, 98 %
2025/12/05 13:48:13.376, 116.87 W, 98 %
2025/12/05 13:48:13.476, 116.92 W, 98 %
2025/12/05 13:48:13.576, 116.89 W, 98 %
2025/12/05 13:48:13.676, 116.92 W, 98 %
2025/12/05 13:48:13.776, 116.92 W, 98 %
2025/12/05 13:48:13.877, 116.89 W, 98 %
2025/12/05 13:48:13.977, 116.91 W, 98 %
2025/12/05 13:48:14.077, 116.90 W, 98 %
2025/12/05 13:48:14.177, 116.94 W, 98 %
2025/12/05 13:48:14.277, 116.96 W, 98 %
2025/12/05 13:48:14.377, 116.92 W, 98 %
2025/12/05 13:48:14.477, 116.95 W, 98 %
2025/12/05 13:48:14.578, 116.93 W, 98 %
2025/12/05 13:48:14.678, 116.89 W, 98 %
2025/12/05 13:48:14.778, 116.90 W, 98 %
2025/12/05 13:48:14.878, 116.86 W, 98 %
2025/12/05 13:48:14.978, 116.85 W, 98 %
2025/12/05 13:48:15.078, 116.84 W, 98 %
2025/12/05 13:48:15.179, 116.82 W, 98 %
2025/12/05 13:48:15.279, 116.82 W, 98 %
2025/12/05 13:48:15.379, 116.82 W, 98 %
2025/12/05 13:48:15.479, 116.83 W, 98 %
2025/12/05 13:48:15.579, 116.81 W, 98 %
2025/12/05 13:48:15.679, 116.77 W, 98 %
2025/12/05 13:48:15.779, 116.81 W, 98 %
2025/12/05 13:48:15.880, 116.78 W, 98 %
2025/12/05 13:48:15.980, 116.78 W, 98 %
2025/12/05 13:48:16.080, 116.79 W, 98 %
2025/12/05 13:48:16.180, 116.79 W, 98 %
2025/12/05 13:48:16.280, 116.78 W, 98 %
2025/12/05 13:48:16.380, 116.77 W, 98 %
2025/12/05 13:48:16.480, 116.73 W, 98 %
2025/12/05 13:48:16.581, 116.77 W, 98 %
2025/12/05 13:48:16.681, 116.79 W, 98 %
2025/12/05 13:48:16.781, 116.82 W, 98 %
2025/12/05 13:48:16.881, 116.85 W, 98 %
2025/12/05 13:48:16.981, 116.87 W, 98 %
2025/12/05 13:48:17.081, 116.93 W, 98 %
2025/12/05 13:48:17.181, 116.98 W, 98 %
2025/12/05 13:48:17.282, 117.02 W, 98 %
2025/12/05 13:48:17.382, 117.07 W, 98 %
2025/12/05 13:48:17.482, 117.08 W, 98 %
2025/12/05 13:48:17.582, 117.11 W, 98 %
2025/12/05 13:48:17.682, 117.12 W, 98 %
2025/12/05 13:48:17.782, 117.10 W, 98 %
2025/12/05 13:48:17.882, 117.07 W, 98 %
2025/12/05 13:48:17.983, 117.05 W, 98 %
2025/12/05 13:48:18.083, 117.06 W, 98 %
2025/12/05 13:48:18.183, 117.06 W, 98 %
2025/12/05 13:48:18.283, 117.04 W, 98 %
2025/12/05 13:48:18.383, 117.03 W, 98 %
2025/12/05 13:48:18.483, 117.04 W, 98 %
2025/12/05 13:48:18.583, 117.02 W, 98 %
2025/12/05 13:48:18.684, 117.03 W, 98 %
2025/12/05 13:48:18.784, 117.01 W, 98 %
2025/12/05 13:48:18.884, 117.02 W, 98 %
2025/12/05 13:48:18.984, 117.02 W, 98 %
2025/12/05 13:48:19.084, 117.01 W, 98 %
2025/12/05 13:48:19.184, 117.01 W, 98 %
2025/12/05 13:48:19.284, 117.01 W, 98 %
2025/12/05 13:48:19.385, 116.97 W, 98 %
2025/12/05 13:48:19.485, 116.96 W, 98 %
2025/12/05 13:48:19.585, 116.92 W, 98 %
2025/12/05 13:48:19.685, 116.93 W, 98 %
2025/12/05 13:48:19.785, 116.93 W, 98 %
2025/12/05 13:48:19.885, 116.96 W, 98 %
2025/12/05 13:48:19.985, 116.99 W, 98 %
2025/12/05 13:48:20.086, 117.01 W, 98 %
2025/12/05 13:48:20.186, 117.01 W, 98 %
2025/12/05 13:48:20.286, 116.98 W, 98 %
2025/12/05 13:48:20.386, 117.00 W, 98 %
2025/12/05 13:48:20.486, 117.04 W, 98 %
2025/12/05 13:48:20.586, 117.06 W, 98 %
2025/12/05 13:48:20.687, 117.05 W, 98 %
2025/12/05 13:48:20.787, 117.04 W, 98 %
2025/12/05 13:48:20.887, 117.05 W, 98 %
2025/12/05 13:48:20.987, 117.00 W, 98 %
2025/12/05 13:48:21.087, 116.95 W, 98 %
2025/12/05 13:48:21.187, 116.95 W, 98 %
2025/12/05 13:48:21.287, 116.96 W, 98 %
2025/12/05 13:48:21.388, 116.99 W, 98 %
2025/12/05 13:48:21.488, 116.94 W, 98 %
2025/12/05 13:48:21.588, 116.93 W, 98 %
2025/12/05 13:48:21.688, 116.90 W, 98 %
2025/12/05 13:48:21.788, 116.89 W, 98 %
2025/12/05 13:48:21.888, 116.92 W, 98 %
2025/12/05 13:48:21.988, 116.94 W, 98 %
2025/12/05 13:48:22.089, 116.95 W, 98 %
2025/12/05 13:48:22.189, 116.98 W, 98 %
2025/12/05 13:48:22.289, 116.95 W, 98 %
2025/12/05 13:48:22.389, 116.94 W, 98 %
2025/12/05 13:48:22.489, 116.91 W, 98 %
2025/12/05 13:48:22.589, 116.89 W, 98 %
2025/12/05 13:48:22.689, 116.89 W, 98 %
2025/12/05 13:48:22.790, 116.91 W, 98 %
2025/12/05 13:48:22.890, 116.89 W, 98 %
2025/12/05 13:48:22.990, 116.85 W, 98 %
2025/12/05 13:48:23.090, 116.78 W, 98 %
2025/12/05 13:48:23.190, 116.78 W, 98 %
2025/12/05 13:48:23.290, 116.77 W, 98 %
2025/12/05 13:48:23.390, 116.77 W, 98 %
2025/12/05 13:48:23.491, 116.80 W, 98 %
2025/12/05 13:48:23.591, 116.83 W, 98 %
2025/12/05 13:48:23.691, 116.86 W, 98 %
2025/12/05 13:48:23.791, 116.88 W, 98 %
2025/12/05 13:48:23.891, 116.90 W, 98 %
2025/12/05 13:48:23.991, 116.94 W, 98 %
2025/12/05 13:48:24.091, 116.99 W, 98 %
2025/12/05 13:48:24.192, 116.99 W, 98 %
2025/12/05 13:48:24.292, 116.98 W, 98 %
2025/12/05 13:48:24.392, 116.98 W, 98 %
2025/12/05 13:48:24.492, 117.00 W, 98 %
2025/12/05 13:48:24.592, 116.97 W, 98 %
2025/12/05 13:48:24.692, 116.96 W, 98 %
2025/12/05 13:48:24.793, 116.99 W, 98 %
2025/12/05 13:48:24.893, 116.99 W, 98 %
2025/12/05 13:48:24.993, 116.93 W, 98 %
2025/12/05 13:48:25.093, 116.93 W, 98 %
2025/12/05 13:48:25.193, 116.92 W, 98 %
2025/12/05 13:48:25.293, 116.92 W, 98 %
2025/12/05 13:48:25.393, 116.93 W, 98 %
2025/12/05 13:48:25.494, 116.92 W, 98 %
2025/12/05 13:48:25.594, 116.90 W, 98 %
2025/12/05 13:48:25.694, 116.90 W, 98 %
2025/12/05 13:48:25.794, 116.85 W, 98 %
2025/12/05 13:48:25.894, 116.84 W, 98 %
2025/12/05 13:48:25.994, 116.82 W, 98 %
2025/12/05 13:48:26.094, 116.82 W, 98 %
2025/12/05 13:48:26.195, 116.83 W, 98 %
2025/12/05 13:48:26.295, 116.82 W, 98 %
2025/12/05 13:48:26.395, 116.83 W, 98 %
2025/12/05 13:48:26.495, 116.83 W, 98 %
2025/12/05 13:48:26.595, 116.82 W, 98 %
2025/12/05 13:48:26.695, 116.86 W, 98 %
2025/12/05 13:48:26.795, 116.89 W, 98 %
2025/12/05 13:48:26.896, 116.95 W, 98 %
2025/12/05 13:48:26.996, 116.99 W, 98 %
2025/12/05 13:48:27.096, 116.95 W, 98 %
2025/12/05 13:48:27.196, 116.98 W, 98 %
2025/12/05 13:48:27.296, 116.97 W, 98 %
2025/12/05 13:48:27.396, 116.99 W, 98 %
2025/12/05 13:48:27.496, 117.02 W, 98 %
2025/12/05 13:48:27.597, 117.03 W, 98 %
2025/12/05 13:48:27.697, 117.06 W, 98 %
2025/12/05 13:48:27.797, 117.06 W, 98 %
2025/12/05 13:48:27.897, 117.02 W, 98 %
2025/12/05 13:48:27.997, 116.99 W, 98 %
2025/12/05 13:48:28.097, 116.97 W, 98 %
2025/12/05 13:48:28.197, 117.01 W, 98 %
2025/12/05 13:48:28.298, 117.03 W, 98 %
2025/12/05 13:48:28.398, 117.04 W, 98 %
2025/12/05 13:48:28.498, 117.04 W, 98 %
2025/12/05 13:48:28.598, 117.01 W, 98 %
2025/12/05 13:48:28.698, 116.99 W, 98 %
2025/12/05 13:48:28.798, 116.99 W, 98 %
2025/12/05 13:48:28.898, 116.99 W, 98 %
2025/12/05 13:48:28.999, 116.99 W, 98 %
2025/12/05 13:48:29.099, 116.99 W, 98 %
2025/12/05 13:48:29.199, 116.96 W, 98 %
2025/12/05 13:48:29.299, 116.96 W, 98 %
2025/12/05 13:48:29.399, 116.93 W, 98 %
2025/12/05 13:48:29.499, 116.87 W, 98 %
2025/12/05 13:48:29.600, 116.85 W, 98 %
2025/12/05 13:48:29.700, 116.78 W, 98 %
2025/12/05 13:48:29.800, 116.78 W, 98 %
2025/12/05 13:48:29.900, 116.77 W, 98 %
2025/12/05 13:48:30.000, 116.73 W, 98 %
2025/12/05 13:48:30.100, 116.74 W, 98 %
2025/12/05 13:48:30.200, 116.74 W, 98 %
2025/12/05 13:48:30.301, 116.73 W, 98 %
2025/12/05 13:48:30.401, 116.72 W, 98 %
2025/12/05 13:48:30.501, 116.72 W, 98 %
2025/12/05 13:48:30.601, 116.73 W, 98 %
2025/12/05 13:48:30.701, 116.76 W, 98 %
2025/12/05 13:48:30.801, 116.80 W, 98 %
2025/12/05 13:48:30.901, 116.81 W, 98 %
2025/12/05 13:48:31.002, 116.78 W, 98 %
2025/12/05 13:48:31.102, 116.77 W, 98 %
2025/12/05 13:48:31.202, 116.76 W, 98 %
2025/12/05 13:48:31.302, 116.76 W, 98 %
2025/12/05 13:48:31.402, 116.73 W, 98 %
2025/12/05 13:48:31.502, 116.76 W, 98 %
2025/12/05 13:48:31.602, 116.73 W, 98 %
2025/12/05 13:48:31.703, 116.74 W, 98 %
2025/12/05 13:48:31.803, 116.73 W, 98 %
2025/12/05 13:48:31.903, 116.75 W, 98 %
2025/12/05 13:48:32.003, 116.73 W, 98 %
2025/12/05 13:48:32.103, 116.76 W, 98 %
2025/12/05 13:48:32.203, 116.74 W, 98 %
2025/12/05 13:48:32.303, 116.74 W, 98 %
2025/12/05 13:48:32.404, 116.68 W, 98 %
2025/12/05 13:48:32.504, 116.69 W, 98 %
2025/12/05 13:48:32.604, 116.71 W, 98 %
2025/12/05 13:48:32.704, 116.73 W, 98 %
2025/12/05 13:48:32.804, 116.75 W, 98 %
2025/12/05 13:48:32.904, 116.74 W, 98 %
2025/12/05 13:48:33.004, 116.75 W, 98 %
2025/12/05 13:48:33.105, 116.76 W, 98 %
2025/12/05 13:48:33.205, 116.75 W, 98 %
2025/12/05 13:48:33.305, 116.81 W, 98 %
2025/12/05 13:48:33.405, 116.85 W, 98 %
2025/12/05 13:48:33.505, 116.91 W, 98 %
2025/12/05 13:48:33.605, 116.99 W, 98 %
2025/12/05 13:48:33.706, 117.00 W, 98 %
2025/12/05 13:48:33.806, 117.02 W, 98 %
2025/12/05 13:48:33.906, 117.06 W, 98 %
2025/12/05 13:48:34.006, 117.06 W, 98 %
2025/12/05 13:48:34.106, 117.07 W, 98 %
2025/12/05 13:48:34.206, 117.09 W, 98 %
2025/12/05 13:48:34.306, 117.13 W, 98 %
2025/12/05 13:48:34.407, 117.13 W, 98 %
2025/12/05 13:48:34.507, 117.11 W, 98 %
2025/12/05 13:48:34.607, 117.09 W, 98 %
2025/12/05 13:48:34.707, 117.04 W, 98 %
2025/12/05 13:48:34.807, 116.95 W, 98 %
2025/12/05 13:48:34.907, 116.97 W, 98 %
2025/12/05 13:48:35.007, 116.93 W, 98 %
2025/12/05 13:48:35.108, 116.92 W, 98 %
2025/12/05 13:48:35.208, 116.91 W, 98 %
2025/12/05 13:48:35.308, 116.92 W, 98 %
2025/12/05 13:48:35.408, 116.89 W, 98 %
2025/12/05 13:48:35.508, 116.92 W, 98 %
2025/12/05 13:48:35.608, 116.90 W, 98 %
2025/12/05 13:48:35.708, 116.93 W, 98 %
2025/12/05 13:48:35.809, 116.94 W, 98 %
2025/12/05 13:48:35.909, 117.00 W, 98 %
2025/12/05 13:48:36.009, 117.01 W, 98 %
2025/12/05 13:48:36.109, 117.05 W, 98 %
2025/12/05 13:48:36.209, 117.05 W, 98 %
2025/12/05 13:48:36.309, 117.06 W, 98 %
2025/12/05 13:48:36.409, 117.04 W, 98 %
2025/12/05 13:48:36.510, 117.09 W, 98 %
2025/12/05 13:48:36.610, 117.08 W, 98 %
2025/12/05 13:48:36.710, 117.10 W, 98 %
2025/12/05 13:48:36.810, 117.11 W, 98 %
2025/12/05 13:48:36.910, 117.10 W, 98 %
2025/12/05 13:48:37.010, 117.11 W, 98 %
2025/12/05 13:48:37.110, 117.10 W, 98 %
2025/12/05 13:48:37.211, 117.07 W, 98 %
2025/12/05 13:48:37.311, 117.07 W, 98 %
2025/12/05 13:48:37.411, 117.07 W, 98 %
2025/12/05 13:48:37.511, 117.07 W, 98 %
2025/12/05 13:48:37.611, 117.07 W, 98 %
2025/12/05 13:48:37.711, 117.02 W, 98 %
2025/12/05 13:48:37.811, 117.05 W, 98 %
2025/12/05 13:48:37.912, 117.04 W, 98 %
2025/12/05 13:48:38.012, 117.03 W, 98 %
2025/12/05 13:48:38.112, 117.02 W, 98 %
2025/12/05 13:48:38.212, 117.03 W, 98 %
2025/12/05 13:48:38.312, 117.03 W, 98 %
2025/12/05 13:48:38.412, 117.02 W, 98 %
2025/12/05 13:48:38.512, 116.98 W, 98 %
2025/12/05 13:48:38.613, 116.96 W, 98 %
2025/12/05 13:48:38.713, 116.94 W, 98 %
2025/12/05 13:48:38.813, 116.92 W, 98 %
2025/12/05 13:48:38.913, 116.88 W, 98 %
2025/12/05 13:48:39.013, 116.89 W, 98 %
2025/12/05 13:48:39.113, 116.90 W, 98 %
2025/12/05 13:48:39.213, 116.92 W, 98 %
2025/12/05 13:48:39.314, 116.86 W, 98 %
2025/12/05 13:48:39.414, 116.86 W, 98 %
2025/12/05 13:48:39.514, 116.90 W, 98 %
2025/12/05 13:48:39.614, 116.90 W, 98 %
2025/12/05 13:48:39.714, 116.93 W, 98 %
2025/12/05 13:48:39.814, 116.95 W, 98 %
2025/12/05 13:48:39.914, 117.02 W, 98 %
2025/12/05 13:48:40.015, 117.04 W, 98 %
2025/12/05 13:48:40.115, 117.01 W, 98 %
2025/12/05 13:48:40.215, 117.01 W, 98 %
2025/12/05 13:48:40.315, 117.02 W, 98 %
2025/12/05 13:48:40.415, 117.06 W, 98 %
2025/12/05 13:48:40.515, 117.07 W, 98 %
2025/12/05 13:48:40.615, 117.02 W, 98 %
2025/12/05 13:48:40.716, 117.06 W, 98 %
2025/12/05 13:48:40.816, 117.04 W, 98 %
2025/12/05 13:48:40.916, 116.98 W, 98 %
2025/12/05 13:48:41.016, 116.97 W, 98 %
2025/12/05 13:48:41.116, 116.96 W, 98 %
2025/12/05 13:48:41.216, 116.94 W, 98 %
2025/12/05 13:48:41.317, 116.96 W, 98 %
2025/12/05 13:48:41.417, 116.90 W, 98 %
2025/12/05 13:48:41.517, 116.90 W, 98 %
2025/12/05 13:48:41.617, 116.90 W, 98 %
2025/12/05 13:48:41.717, 116.89 W, 98 %
2025/12/05 13:48:41.817, 116.87 W, 98 %
2025/12/05 13:48:41.917, 116.87 W, 98 %
2025/12/05 13:48:42.018, 116.89 W, 98 %
2025/12/05 13:48:42.118, 116.89 W, 98 %
2025/12/05 13:48:42.218, 116.86 W, 98 %
2025/12/05 13:48:42.318, 116.89 W, 98 %
2025/12/05 13:48:42.418, 116.89 W, 98 %
2025/12/05 13:48:42.518, 116.91 W, 98 %
2025/12/05 13:48:42.618, 116.92 W, 98 %
2025/12/05 13:48:42.719, 116.89 W, 98 %
2025/12/05 13:48:42.819, 116.95 W, 98 %
2025/12/05 13:48:42.919, 116.97 W, 98 %
2025/12/05 13:48:43.019, 116.96 W, 98 %
2025/12/05 13:48:43.119, 116.97 W, 98 %
2025/12/05 13:48:43.219, 116.98 W, 98 %
2025/12/05 13:48:43.319, 116.99 W, 98 %
2025/12/05 13:48:43.420, 116.98 W, 98 %
2025/12/05 13:48:43.520, 116.99 W, 98 %
2025/12/05 13:48:43.620, 117.00 W, 98 %
2025/12/05 13:48:43.720, 117.00 W, 98 %
2025/12/05 13:48:43.820, 116.99 W, 98 %
2025/12/05 13:48:43.920, 116.98 W, 98 %
2025/12/05 13:48:44.020, 116.97 W, 98 %
2025/12/05 13:48:44.121, 116.96 W, 98 %
2025/12/05 13:48:44.221, 116.96 W, 98 %
2025/12/05 13:48:44.321, 116.90 W, 98 %
2025/12/05 13:48:44.421, 116.92 W, 98 %
2025/12/05 13:48:44.521, 116.93 W, 98 %
2025/12/05 13:48:44.621, 116.86 W, 98 %
2025/12/05 13:48:44.721, 116.86 W, 98 %
2025/12/05 13:48:44.822, 116.87 W, 98 %
2025/12/05 13:48:44.922, 116.89 W, 98 %
2025/12/05 13:48:45.022, 116.89 W, 98 %
2025/12/05 13:48:45.122, 116.87 W, 98 %
2025/12/05 13:48:45.222, 116.91 W, 98 %
2025/12/05 13:48:45.322, 116.89 W, 98 %
2025/12/05 13:48:45.422, 116.89 W, 98 %
2025/12/05 13:48:45.523, 116.87 W, 98 %
2025/12/05 13:48:45.623, 116.84 W, 98 %
2025/12/05 13:48:45.723, 116.87 W, 98 %
2025/12/05 13:48:45.823, 116.88 W, 98 %
2025/12/05 13:48:45.923, 116.82 W, 98 %
2025/12/05 13:48:46.023, 116.84 W, 98 %
2025/12/05 13:48:46.123, 116.84 W, 98 %
2025/12/05 13:48:46.224, 116.84 W, 98 %
2025/12/05 13:48:46.324, 116.79 W, 98 %
2025/12/05 13:48:46.424, 116.76 W, 98 %
2025/12/05 13:48:46.524, 116.76 W, 98 %
2025/12/05 13:48:46.624, 116.79 W, 98 %
2025/12/05 13:48:46.724, 116.79 W, 98 %
2025/12/05 13:48:46.824, 116.83 W, 98 %
2025/12/05 13:48:46.925, 116.84 W, 98 %
2025/12/05 13:48:47.025, 116.88 W, 98 %
2025/12/05 13:48:47.125, 116.86 W, 98 %
2025/12/05 13:48:47.225, 116.83 W, 98 %
2025/12/05 13:48:47.325, 116.84 W, 98 %
2025/12/05 13:48:47.425, 116.89 W, 98 %
2025/12/05 13:48:47.525, 116.94 W, 98 %
2025/12/05 13:48:47.626, 116.97 W, 98 %
2025/12/05 13:48:47.726, 116.95 W, 98 %
2025/12/05 13:48:47.826, 116.96 W, 98 %
2025/12/05 13:48:47.926, 116.96 W, 98 %
2025/12/05 13:48:48.026, 116.92 W, 98 %
2025/12/05 13:48:48.126, 116.92 W, 98 %
2025/12/05 13:48:48.226, 116.94 W, 98 %
2025/12/05 13:48:48.327, 116.94 W, 98 %
2025/12/05 13:48:48.427, 116.95 W, 98 %
2025/12/05 13:48:48.527, 116.95 W, 98 %
2025/12/05 13:48:48.627, 116.92 W, 98 %
2025/12/05 13:48:48.727, 116.90 W, 98 %
2025/12/05 13:48:48.827, 116.89 W, 98 %
2025/12/05 13:48:48.928, 116.91 W, 98 %
2025/12/05 13:48:49.028, 116.89 W, 98 %
2025/12/05 13:48:49.128, 116.88 W, 98 %
2025/12/05 13:48:49.228, 116.86 W, 98 %
2025/12/05 13:48:49.328, 116.80 W, 98 %
2025/12/05 13:48:49.428, 116.83 W, 98 %
2025/12/05 13:48:49.528, 116.84 W, 98 %
2025/12/05 13:48:49.629, 116.81 W, 98 %
2025/12/05 13:48:49.729, 116.86 W, 98 %
2025/12/05 13:48:49.829, 116.89 W, 98 %
2025/12/05 13:48:49.929, 116.89 W, 98 %
2025/12/05 13:48:50.029, 116.92 W, 98 %
2025/12/05 13:48:50.129, 116.93 W, 98 %
2025/12/05 13:48:50.229, 116.96 W, 98 %
2025/12/05 13:48:50.330, 116.99 W, 98 %
2025/12/05 13:48:50.430, 117.02 W, 98 %
2025/12/05 13:48:50.530, 117.03 W, 98 %
2025/12/05 13:48:50.630, 117.04 W, 98 %
2025/12/05 13:48:50.730, 117.04 W, 98 %
2025/12/05 13:48:50.830, 117.04 W, 98 %
2025/12/05 13:48:50.930, 116.97 W, 98 %
2025/12/05 13:48:51.031, 116.97 W, 98 %
2025/12/05 13:48:51.131, 116.96 W, 98 %
2025/12/05 13:48:51.231, 116.95 W, 98 %
2025/12/05 13:48:51.331, 116.96 W, 98 %
2025/12/05 13:48:51.431, 116.94 W, 98 %
2025/12/05 13:48:51.531, 116.94 W, 98 %
2025/12/05 13:48:51.631, 116.94 W, 98 %
2025/12/05 13:48:51.732, 116.89 W, 98 %
2025/12/05 13:48:51.832, 116.92 W, 98 %
2025/12/05 13:48:51.932, 116.90 W, 98 %
2025/12/05 13:48:52.032, 116.93 W, 98 %
2025/12/05 13:48:52.132, 116.94 W, 98 %
2025/12/05 13:48:52.232, 116.93 W, 98 %
2025/12/05 13:48:52.333, 116.92 W, 98 %
2025/12/05 13:48:52.433, 116.90 W, 98 %
2025/12/05 13:48:52.533, 116.88 W, 98 %
2025/12/05 13:48:52.633, 116.88 W, 98 %
2025/12/05 13:48:52.733, 116.83 W, 98 %
2025/12/05 13:48:52.833, 116.88 W, 98 %
2025/12/05 13:48:52.933, 116.89 W, 98 %
2025/12/05 13:48:53.034, 116.91 W, 98 %
2025/12/05 13:48:53.134, 116.96 W, 98 %
2025/12/05 13:48:53.234, 116.97 W, 98 %
2025/12/05 13:48:53.334, 116.99 W, 98 %
2025/12/05 13:48:53.434, 117.02 W, 98 %
2025/12/05 13:48:53.534, 117.05 W, 98 %
2025/12/05 13:48:53.634, 117.07 W, 98 %
2025/12/05 13:48:53.735, 117.09 W, 98 %
2025/12/05 13:48:53.835, 117.11 W, 98 %
2025/12/05 13:48:53.935, 117.08 W, 98 %
2025/12/05 13:48:54.035, 117.05 W, 98 %
2025/12/05 13:48:54.135, 116.99 W, 98 %
2025/12/05 13:48:54.235, 116.97 W, 98 %
2025/12/05 13:48:54.335, 116.93 W, 98 %
2025/12/05 13:48:54.436, 116.92 W, 98 %
2025/12/05 13:48:54.536, 116.91 W, 98 %
2025/12/05 13:48:54.636, 116.90 W, 98 %
2025/12/05 13:48:54.736, 116.89 W, 98 %
2025/12/05 13:48:54.836, 116.90 W, 98 %
2025/12/05 13:48:54.936, 116.89 W, 98 %
2025/12/05 13:48:55.036, 116.90 W, 98 %
2025/12/05 13:48:55.137, 116.90 W, 98 %
2025/12/05 13:48:55.237, 116.93 W, 98 %
2025/12/05 13:48:55.337, 116.92 W, 98 %
2025/12/05 13:48:55.437, 116.95 W, 98 %
2025/12/05 13:48:55.537, 116.93 W, 98 %
2025/12/05 13:48:55.637, 116.92 W, 98 %
2025/12/05 13:48:55.737, 116.89 W, 98 %
2025/12/05 13:48:55.838, 116.90 W, 98 %
2025/12/05 13:48:55.938, 116.90 W, 98 %
2025/12/05 13:48:56.038, 116.90 W, 98 %
2025/12/05 13:48:56.138, 116.91 W, 98 %
2025/12/05 13:48:56.238, 116.90 W, 98 %
2025/12/05 13:48:56.338, 116.94 W, 98 %
2025/12/05 13:48:56.439, 116.96 W, 98 %
2025/12/05 13:48:56.539, 116.93 W, 98 %
2025/12/05 13:48:56.639, 116.89 W, 98 %
2025/12/05 13:48:56.739, 116.91 W, 98 %
2025/12/05 13:48:56.839, 116.92 W, 98 %
2025/12/05 13:48:56.939, 116.88 W, 98 %
2025/12/05 13:48:57.039, 116.90 W, 98 %
2025/12/05 13:48:57.140, 116.89 W, 98 %
2025/12/05 13:48:57.240, 116.89 W, 98 %
2025/12/05 13:48:57.340, 116.85 W, 98 %
2025/12/05 13:48:57.440, 116.80 W, 98 %
2025/12/05 13:48:57.540, 116.82 W, 98 %
2025/12/05 13:48:57.640, 116.85 W, 98 %
2025/12/05 13:48:57.740, 116.88 W, 98 %
2025/12/05 13:48:57.841, 116.87 W, 98 %
2025/12/05 13:48:57.941, 116.83 W, 98 %
2025/12/05 13:48:58.041, 116.84 W, 98 %
2025/12/05 13:48:58.141, 116.84 W, 98 %
2025/12/05 13:48:58.241, 116.83 W, 98 %
2025/12/05 13:48:58.341, 116.86 W, 98 %
2025/12/05 13:48:58.441, 116.89 W, 98 %
2025/12/05 13:48:58.542, 116.91 W, 98 %
2025/12/05 13:48:58.642, 116.92 W, 98 %
2025/12/05 13:48:58.742, 116.87 W, 98 %
2025/12/05 13:48:58.842, 116.88 W, 98 %
2025/12/05 13:48:58.942, 116.87 W, 98 %
2025/12/05 13:48:59.042, 116.89 W, 98 %
2025/12/05 13:48:59.142, 116.91 W, 98 %
2025/12/05 13:48:59.243, 116.94 W, 98 %
2025/12/05 13:48:59.343, 116.96 W, 98 %
2025/12/05 13:48:59.443, 116.97 W, 98 %
2025/12/05 13:48:59.543, 116.91 W, 98 %
2025/12/05 13:48:59.643, 116.93 W, 98 %
2025/12/05 13:48:59.743, 116.91 W, 98 %
2025/12/05 13:48:59.843, 116.95 W, 98 %
2025/12/05 13:48:59.944, 116.96 W, 98 %
2025/12/05 13:49:00.044, 116.93 W, 98 %
2025/12/05 13:49:00.144, 116.95 W, 98 %
2025/12/05 13:49:00.244, 116.95 W, 98 %
2025/12/05 13:49:00.344, 116.89 W, 98 %
2025/12/05 13:49:00.444, 116.84 W, 98 %
2025/12/05 13:49:00.544, 116.81 W, 98 %
2025/12/05 13:49:00.645, 116.80 W, 98 %
2025/12/05 13:49:00.745, 116.78 W, 98 %
2025/12/05 13:49:00.845, 116.78 W, 98 %
2025/12/05 13:49:00.945, 116.79 W, 98 %
2025/12/05 13:49:01.045, 116.78 W, 98 %
2025/12/05 13:49:01.145, 116.84 W, 98 %
2025/12/05 13:49:01.246, 116.83 W, 98 %
2025/12/05 13:49:01.346, 116.83 W, 98 %
2025/12/05 13:49:01.446, 116.88 W, 98 %
2025/12/05 13:49:01.546, 116.92 W, 98 %
2025/12/05 13:49:01.646, 116.92 W, 98 %
2025/12/05 13:49:01.746, 116.96 W, 98 %
2025/12/05 13:49:01.846, 116.98 W, 98 %
2025/12/05 13:49:01.947, 117.00 W, 98 %
2025/12/05 13:49:02.047, 116.98 W, 98 %
2025/12/05 13:49:02.147, 116.92 W, 98 %
2025/12/05 13:49:02.247, 116.90 W, 98 %
2025/12/05 13:49:02.347, 116.90 W, 98 %
2025/12/05 13:49:02.447, 116.86 W, 98 %
2025/12/05 13:49:02.547, 116.86 W, 98 %
2025/12/05 13:49:02.648, 116.86 W, 98 %
2025/12/05 13:49:02.748, 116.87 W, 98 %
2025/12/05 13:49:02.848, 116.87 W, 98 %
2025/12/05 13:49:02.948, 116.87 W, 98 %
2025/12/05 13:49:03.048, 116.86 W, 98 %
2025/12/05 13:49:03.148, 116.87 W, 98 %
2025/12/05 13:49:03.248, 116.91 W, 98 %
2025/12/05 13:49:03.349, 116.90 W, 98 %
2025/12/05 13:49:03.449, 116.90 W, 98 %
2025/12/05 13:49:03.549, 116.94 W, 98 %
2025/12/05 13:49:03.649, 116.93 W, 98 %
2025/12/05 13:49:03.749, 116.87 W, 98 %
2025/12/05 13:49:03.849, 116.88 W, 98 %
2025/12/05 13:49:03.949, 116.89 W, 98 %
2025/12/05 13:49:04.050, 116.90 W, 98 %
2025/12/05 13:49:04.150, 116.89 W, 98 %
2025/12/05 13:49:04.250, 116.85 W, 98 %
2025/12/05 13:49:04.350, 116.83 W, 98 %
2025/12/05 13:49:04.450, 116.82 W, 98 %
2025/12/05 13:49:04.550, 116.80 W, 98 %
2025/12/05 13:49:04.650, 116.80 W, 98 %
2025/12/05 13:49:04.751, 116.79 W, 98 %
2025/12/05 13:49:04.851, 116.84 W, 98 %
2025/12/05 13:49:04.951, 116.82 W, 98 %
2025/12/05 13:49:05.051, 116.76 W, 98 %
2025/12/05 13:49:05.151, 116.76 W, 98 %
2025/12/05 13:49:05.251, 116.78 W, 98 %
2025/12/05 13:49:05.351, 116.83 W, 98 %
2025/12/05 13:49:05.452, 116.89 W, 98 %
2025/12/05 13:49:05.552, 116.88 W, 98 %
2025/12/05 13:49:05.652, 116.91 W, 98 %
2025/12/05 13:49:05.752, 116.92 W, 98 %
2025/12/05 13:49:05.852, 116.90 W, 98 %
2025/12/05 13:49:05.952, 116.90 W, 98 %
2025/12/05 13:49:06.053, 116.92 W, 98 %
2025/12/05 13:49:06.153, 116.98 W, 98 %
2025/12/05 13:49:06.253, 116.99 W, 98 %
2025/12/05 13:49:06.353, 116.97 W, 98 %
2025/12/05 13:49:06.453, 116.97 W, 98 %
2025/12/05 13:49:06.553, 116.97 W, 98 %
2025/12/05 13:49:06.653, 116.98 W, 98 %
2025/12/05 13:49:06.754, 117.00 W, 98 %
2025/12/05 13:49:06.854, 116.98 W, 98 %
2025/12/05 13:49:06.954, 116.99 W, 98 %
2025/12/05 13:49:07.054, 116.97 W, 98 %
2025/12/05 13:49:07.154, 116.93 W, 98 %
2025/12/05 13:49:07.254, 116.93 W, 98 %
2025/12/05 13:49:07.354, 116.95 W, 98 %
2025/12/05 13:49:07.455, 116.93 W, 98 %
2025/12/05 13:49:07.555, 116.93 W, 98 %
2025/12/05 13:49:07.655, 116.88 W, 98 %
2025/12/05 13:49:07.755, 116.89 W, 98 %
2025/12/05 13:49:07.855, 116.85 W, 98 %
2025/12/05 13:49:07.955, 116.79 W, 98 %
2025/12/05 13:49:08.055, 116.79 W, 98 %
2025/12/05 13:49:08.156, 116.79 W, 98 %
2025/12/05 13:49:08.256, 116.81 W, 98 %
2025/12/05 13:49:08.356, 116.78 W, 98 %
2025/12/05 13:49:08.456, 116.73 W, 98 %
2025/12/05 13:49:08.556, 116.76 W, 98 %
2025/12/05 13:49:08.656, 116.76 W, 98 %
2025/12/05 13:49:08.756, 116.76 W, 98 %
2025/12/05 13:49:08.857, 116.79 W, 98 %
2025/12/05 13:49:08.957, 116.84 W, 98 %
2025/12/05 13:49:09.057, 116.80 W, 98 %
2025/12/05 13:49:09.157, 116.85 W, 98 %
2025/12/05 13:49:09.257, 116.80 W, 98 %
2025/12/05 13:49:09.357, 116.84 W, 98 %
2025/12/05 13:49:09.457, 116.88 W, 98 %
2025/12/05 13:49:09.558, 116.92 W, 98 %
2025/12/05 13:49:09.658, 116.91 W, 98 %
2025/12/05 13:49:09.758, 116.91 W, 98 %
2025/12/05 13:49:09.858, 116.91 W, 98 %
2025/12/05 13:49:09.958, 116.91 W, 98 %
2025/12/05 13:49:10.058, 116.88 W, 98 %
2025/12/05 13:49:10.158, 116.97 W, 98 %
2025/12/05 13:49:10.259, 116.96 W, 98 %
2025/12/05 13:49:10.359, 117.00 W, 98 %
2025/12/05 13:49:10.459, 117.01 W, 98 %
2025/12/05 13:49:10.559, 116.93 W, 98 %
2025/12/05 13:49:10.659, 116.92 W, 98 %
2025/12/05 13:49:10.759, 116.92 W, 98 %
2025/12/05 13:49:10.859, 116.89 W, 98 %
2025/12/05 13:49:10.960, 116.91 W, 98 %
2025/12/05 13:49:11.060, 116.90 W, 98 %
2025/12/05 13:49:11.160, 116.93 W, 98 %
2025/12/05 13:49:11.260, 116.96 W, 98 %
2025/12/05 13:49:11.360, 116.91 W, 98 %
2025/12/05 13:49:11.460, 116.89 W, 98 %
2025/12/05 13:49:11.560, 116.86 W, 98 %
2025/12/05 13:49:11.661, 116.88 W, 98 %
2025/12/05 13:49:11.761, 116.88 W, 98 %
2025/12/05 13:49:11.861, 116.88 W, 98 %
2025/12/05 13:49:11.961, 116.88 W, 98 %
2025/12/05 13:49:12.061, 116.86 W, 98 %
2025/12/05 13:49:12.161, 116.81 W, 98 %
2025/12/05 13:49:12.261, 116.82 W, 98 %
2025/12/05 13:49:12.361, 116.76 W, 98 %
2025/12/05 13:49:12.462, 116.80 W, 98 %
2025/12/05 13:49:12.562, 116.83 W, 98 %
2025/12/05 13:49:12.662, 116.83 W, 98 %
2025/12/05 13:49:12.762, 116.84 W, 98 %
2025/12/05 13:49:12.862, 116.87 W, 98 %
2025/12/05 13:49:12.962, 116.85 W, 98 %
2025/12/05 13:49:13.063, 116.88 W, 98 %
2025/12/05 13:49:13.163, 116.88 W, 98 %
2025/12/05 13:49:13.263, 116.89 W, 98 %
2025/12/05 13:49:13.363, 116.88 W, 98 %
2025/12/05 13:49:13.463, 116.87 W, 98 %
2025/12/05 13:49:13.563, 116.87 W, 98 %
2025/12/05 13:49:13.663, 116.84 W, 98 %
2025/12/05 13:49:13.764, 116.84 W, 98 %
2025/12/05 13:49:13.864, 116.87 W, 98 %
2025/12/05 13:49:13.964, 116.85 W, 98 %
2025/12/05 13:49:14.064, 116.86 W, 98 %
2025/12/05 13:49:14.164, 116.88 W, 98 %
2025/12/05 13:49:14.264, 116.84 W, 98 %
2025/12/05 13:49:14.364, 116.90 W, 98 %
2025/12/05 13:49:14.465, 116.89 W, 98 %
2025/12/05 13:49:14.565, 116.90 W, 98 %
2025/12/05 13:49:14.665, 116.93 W, 98 %
2025/12/05 13:49:14.765, 116.93 W, 98 %
2025/12/05 13:49:14.865, 116.94 W, 98 %
2025/12/05 13:49:14.965, 116.93 W, 98 %
2025/12/05 13:49:15.065, 116.90 W, 98 %
2025/12/05 13:49:15.166, 116.90 W, 98 %
2025/12/05 13:49:15.266, 116.94 W, 98 %
2025/12/05 13:49:15.366, 116.91 W, 98 %
2025/12/05 13:49:15.466, 116.91 W, 98 %
2025/12/05 13:49:15.566, 116.88 W, 98 %
2025/12/05 13:49:15.666, 116.89 W, 98 %
2025/12/05 13:49:15.767, 116.88 W, 98 %
2025/12/05 13:49:15.867, 116.88 W, 98 %
2025/12/05 13:49:15.967, 116.90 W, 98 %
2025/12/05 13:49:16.067, 116.90 W, 98 %
2025/12/05 13:49:16.167, 116.90 W, 98 %
2025/12/05 13:49:16.267, 116.88 W, 98 %
2025/12/05 13:49:16.367, 116.87 W, 98 %
2025/12/05 13:49:16.468, 116.87 W, 98 %
2025/12/05 13:49:16.568, 116.89 W, 98 %
2025/12/05 13:49:16.668, 116.89 W, 98 %
2025/12/05 13:49:16.768, 116.85 W, 98 %
2025/12/05 13:49:16.868, 116.85 W, 98 %
2025/12/05 13:49:16.968, 116.84 W, 98 %
2025/12/05 13:49:17.068, 116.79 W, 98 %
2025/12/05 13:49:17.169, 116.78 W, 98 %
2025/12/05 13:49:17.269, 116.78 W, 98 %
2025/12/05 13:49:17.369, 116.80 W, 98 %
2025/12/05 13:49:17.469, 116.80 W, 98 %
2025/12/05 13:49:17.569, 116.75 W, 98 %
2025/12/05 13:49:17.669, 116.74 W, 98 %
2025/12/05 13:49:17.769, 116.75 W, 98 %
2025/12/05 13:49:17.870, 116.76 W, 98 %
2025/12/05 13:49:17.970, 116.78 W, 98 %
2025/12/05 13:49:18.070, 116.78 W, 98 %
2025/12/05 13:49:18.170, 116.82 W, 98 %
2025/12/05 13:49:18.270, 116.82 W, 98 %
2025/12/05 13:49:18.370, 116.80 W, 98 %
2025/12/05 13:49:18.470, 116.78 W, 98 %
2025/12/05 13:49:18.571, 116.82 W, 98 %
2025/12/05 13:49:18.671, 116.83 W, 98 %
2025/12/05 13:49:18.771, 116.88 W, 98 %
2025/12/05 13:49:18.871, 116.90 W, 98 %
2025/12/05 13:49:18.971, 116.90 W, 98 %
2025/12/05 13:49:19.071, 116.92 W, 98 %
2025/12/05 13:49:19.171, 116.91 W, 98 %
2025/12/05 13:49:19.272, 116.91 W, 98 %
2025/12/05 13:49:19.372, 116.96 W, 98 %
2025/12/05 13:49:19.472, 116.99 W, 98 %
2025/12/05 13:49:19.572, 117.01 W, 98 %
2025/12/05 13:49:19.672, 116.97 W, 98 %
2025/12/05 13:49:19.772, 116.98 W, 98 %
2025/12/05 13:49:19.872, 116.97 W, 98 %
2025/12/05 13:49:19.973, 116.92 W, 98 %
2025/12/05 13:49:20.073, 116.92 W, 98 %
2025/12/05 13:49:20.173, 116.92 W, 98 %
2025/12/05 13:49:20.273, 116.88 W, 98 %
2025/12/05 13:49:20.373, 116.88 W, 98 %
2025/12/05 13:49:20.473, 116.85 W, 98 %
2025/12/05 13:49:20.573, 116.83 W, 98 %
2025/12/05 13:49:20.674, 116.82 W, 98 %
2025/12/05 13:49:20.774, 116.79 W, 98 %
2025/12/05 13:49:20.874, 116.79 W, 98 %
2025/12/05 13:49:20.974, 116.77 W, 98 %
2025/12/05 13:49:21.074, 116.79 W, 98 %
2025/12/05 13:49:21.174, 116.78 W, 98 %
2025/12/05 13:49:21.275, 116.75 W, 98 %
2025/12/05 13:49:21.375, 116.78 W, 98 %
2025/12/05 13:49:21.475, 116.75 W, 98 %
2025/12/05 13:49:21.575, 116.72 W, 98 %
2025/12/05 13:49:21.675, 116.68 W, 98 %
2025/12/05 13:49:21.775, 116.66 W, 98 %
2025/12/05 13:49:21.875, 116.65 W, 98 %
2025/12/05 13:49:21.976, 116.67 W, 98 %
2025/12/05 13:49:22.076, 116.62 W, 98 %
2025/12/05 13:49:22.176, 116.64 W, 98 %
2025/12/05 13:49:22.276, 116.67 W, 98 %
2025/12/05 13:49:22.376, 116.67 W, 98 %
2025/12/05 13:49:22.476, 116.66 W, 98 %
2025/12/05 13:49:22.576, 116.70 W, 98 %
2025/12/05 13:49:22.677, 116.74 W, 98 %
2025/12/05 13:49:22.777, 116.77 W, 98 %
2025/12/05 13:49:22.877, 116.76 W, 98 %
2025/12/05 13:49:22.977, 116.82 W, 98 %
2025/12/05 13:49:23.077, 116.86 W, 98 %
2025/12/05 13:49:23.177, 116.89 W, 98 %
2025/12/05 13:49:23.277, 116.87 W, 98 %
2025/12/05 13:49:23.378, 116.86 W, 98 %
2025/12/05 13:49:23.478, 116.89 W, 98 %
2025/12/05 13:49:23.578, 116.91 W, 98 %
2025/12/05 13:49:23.678, 116.88 W, 98 %
2025/12/05 13:49:23.778, 116.87 W, 98 %
2025/12/05 13:49:23.878, 116.91 W, 98 %
2025/12/05 13:49:23.978, 116.91 W, 98 %
2025/12/05 13:49:24.079, 116.90 W, 98 %
2025/12/05 13:49:24.179, 116.82 W, 98 %
2025/12/05 13:49:24.279, 116.85 W, 98 %
2025/12/05 13:49:24.379, 116.89 W, 98 %
2025/12/05 13:49:24.479, 116.89 W, 98 %
2025/12/05 13:49:24.579, 116.88 W, 98 %
2025/12/05 13:49:24.680, 116.85 W, 98 %
2025/12/05 13:49:24.780, 116.85 W, 98 %
2025/12/05 13:49:24.880, 116.82 W, 98 %
2025/12/05 13:49:24.980, 116.73 W, 98 %
2025/12/05 13:49:25.080, 116.72 W, 98 %
2025/12/05 13:49:25.180, 116.70 W, 98 %
2025/12/05 13:49:25.280, 116.71 W, 98 %
2025/12/05 13:49:25.381, 116.71 W, 98 %
2025/12/05 13:49:25.481, 116.68 W, 98 %
2025/12/05 13:49:25.581, 116.65 W, 98 %
2025/12/05 13:49:25.681, 116.67 W, 98 %
2025/12/05 13:49:25.781, 116.66 W, 98 %
2025/12/05 13:49:25.881, 116.67 W, 98 %
2025/12/05 13:49:25.981, 116.69 W, 98 %
2025/12/05 13:49:26.082, 116.77 W, 98 %
2025/12/05 13:49:26.182, 116.82 W, 98 %
2025/12/05 13:49:26.282, 116.86 W, 98 %
2025/12/05 13:49:26.382, 116.91 W, 98 %
2025/12/05 13:49:26.482, 116.93 W, 98 %
2025/12/05 13:49:26.582, 116.93 W, 98 %
2025/12/05 13:49:26.682, 116.97 W, 98 %
2025/12/05 13:49:26.783, 116.99 W, 98 %
2025/12/05 13:49:26.883, 117.00 W, 98 %
2025/12/05 13:49:26.983, 116.99 W, 98 %
2025/12/05 13:49:27.083, 117.01 W, 98 %
2025/12/05 13:49:27.183, 117.00 W, 98 %
2025/12/05 13:49:27.283, 116.98 W, 98 %
2025/12/05 13:49:27.383, 116.94 W, 98 %
2025/12/05 13:49:27.484, 116.93 W, 98 %
2025/12/05 13:49:27.584, 116.93 W, 98 %
2025/12/05 13:49:27.684, 116.96 W, 98 %
2025/12/05 13:49:27.784, 116.96 W, 98 %
2025/12/05 13:49:27.884, 116.92 W, 98 %
2025/12/05 13:49:27.984, 116.93 W, 98 %
2025/12/05 13:49:28.084, 116.97 W, 98 %
2025/12/05 13:49:28.185, 116.95 W, 98 %
2025/12/05 13:49:28.285, 116.96 W, 98 %
2025/12/05 13:49:28.385, 116.94 W, 98 %
2025/12/05 13:49:28.485, 116.95 W, 98 %
2025/12/05 13:49:28.585, 116.97 W, 98 %
2025/12/05 13:49:28.685, 116.87 W, 98 %
2025/12/05 13:49:28.786, 116.85 W, 98 %
2025/12/05 13:49:28.886, 116.86 W, 98 %
2025/12/05 13:49:28.986, 116.86 W, 98 %
2025/12/05 13:49:29.086, 116.89 W, 98 %
2025/12/05 13:49:29.186, 116.90 W, 98 %
2025/12/05 13:49:29.286, 116.90 W, 98 %
2025/12/05 13:49:29.386, 116.91 W, 98 %
2025/12/05 13:49:29.487, 116.89 W, 98 %
2025/12/05 13:49:29.587, 116.90 W, 98 %
2025/12/05 13:49:29.687, 116.90 W, 98 %
2025/12/05 13:49:29.787, 117.00 W, 98 %
2025/12/05 13:49:29.887, 117.00 W, 98 %
2025/12/05 13:49:29.987, 116.95 W, 98 %
2025/12/05 13:49:30.087, 116.93 W, 98 %
2025/12/05 13:49:30.188, 116.91 W, 98 %
2025/12/05 13:49:30.288, 116.87 W, 98 %
2025/12/05 13:49:30.388, 116.86 W, 98 %
2025/12/05 13:49:30.488, 116.86 W, 98 %
2025/12/05 13:49:30.588, 116.90 W, 98 %
2025/12/05 13:49:30.688, 116.92 W, 98 %
2025/12/05 13:49:30.788, 116.85 W, 98 %
2025/12/05 13:49:30.889, 116.88 W, 98 %
2025/12/05 13:49:30.989, 116.91 W, 98 %
2025/12/05 13:49:31.089, 116.92 W, 98 %
2025/12/05 13:49:31.189, 116.94 W, 98 %
2025/12/05 13:49:31.289, 116.95 W, 98 %
2025/12/05 13:49:31.389, 116.97 W, 98 %
2025/12/05 13:49:31.489, 116.98 W, 98 %
2025/12/05 13:49:31.590, 116.96 W, 98 %
2025/12/05 13:49:31.690, 116.97 W, 98 %
2025/12/05 13:49:31.790, 116.95 W, 98 %
2025/12/05 13:49:31.890, 116.95 W, 98 %
2025/12/05 13:49:31.990, 116.89 W, 98 %
2025/12/05 13:49:32.090, 116.84 W, 98 %
2025/12/05 13:49:32.191, 116.84 W, 98 %
2025/12/05 13:49:32.291, 116.87 W, 98 %
2025/12/05 13:49:32.391, 116.85 W, 98 %
2025/12/05 13:49:32.491, 116.86 W, 98 %
2025/12/05 13:49:32.591, 116.85 W, 98 %
2025/12/05 13:49:32.691, 116.87 W, 98 %
2025/12/05 13:49:32.791, 116.86 W, 98 %
2025/12/05 13:49:32.892, 116.88 W, 98 %
2025/12/05 13:49:32.992, 116.94 W, 98 %
2025/12/05 13:49:33.092, 116.99 W, 98 %
2025/12/05 13:49:33.192, 117.00 W, 98 %
2025/12/05 13:49:33.292, 117.03 W, 98 %
2025/12/05 13:49:33.392, 116.97 W, 98 %
2025/12/05 13:49:33.492, 116.99 W, 98 %
2025/12/05 13:49:33.593, 117.01 W, 98 %
2025/12/05 13:49:33.693, 117.00 W, 98 %
2025/12/05 13:49:33.793, 116.98 W, 98 %
2025/12/05 13:49:33.893, 116.99 W, 98 %
2025/12/05 13:49:33.993, 116.97 W, 98 %
2025/12/05 13:49:34.093, 116.94 W, 98 %
2025/12/05 13:49:34.193, 116.90 W, 98 %
2025/12/05 13:49:34.294, 116.93 W, 98 %
2025/12/05 13:49:34.394, 116.91 W, 98 %
2025/12/05 13:49:34.494, 116.93 W, 98 %
2025/12/05 13:49:34.594, 116.90 W, 98 %
2025/12/05 13:49:34.694, 116.86 W, 98 %
2025/12/05 13:49:34.794, 116.87 W, 98 %
2025/12/05 13:49:34.894, 116.88 W, 98 %
2025/12/05 13:49:34.995, 116.86 W, 98 %
2025/12/05 13:49:35.095, 116.85 W, 98 %
2025/12/05 13:49:35.195, 116.86 W, 98 %
2025/12/05 13:49:35.295, 116.85 W, 98 %
2025/12/05 13:49:35.395, 116.84 W, 98 %
2025/12/05 13:49:35.495, 116.86 W, 98 %
2025/12/05 13:49:35.596, 116.90 W, 98 %
2025/12/05 13:49:35.696, 116.94 W, 98 %
2025/12/05 13:49:35.796, 116.94 W, 98 %
2025/12/05 13:49:35.896, 116.92 W, 98 %
2025/12/05 13:49:35.996, 116.93 W, 98 %
2025/12/05 13:49:36.096, 116.93 W, 98 %
2025/12/05 13:49:36.196, 116.95 W, 98 %
2025/12/05 13:49:36.297, 116.91 W, 98 %
2025/12/05 13:49:36.397, 116.94 W, 98 %
2025/12/05 13:49:36.497, 116.95 W, 98 %
2025/12/05 13:49:36.597, 116.88 W, 98 %
2025/12/05 13:49:36.697, 116.89 W, 98 %
2025/12/05 13:49:36.797, 116.90 W, 98 %
2025/12/05 13:49:36.897, 116.91 W, 98 %
2025/12/05 13:49:36.998, 116.96 W, 98 %
2025/12/05 13:49:37.098, 116.94 W, 98 %
2025/12/05 13:49:37.198, 116.94 W, 98 %
2025/12/05 13:49:37.298, 116.96 W, 98 %
2025/12/05 13:49:37.398, 116.97 W, 98 %
2025/12/05 13:49:37.498, 116.99 W, 98 %
2025/12/05 13:49:37.598, 116.99 W, 98 %
2025/12/05 13:49:37.699, 117.02 W, 98 %
2025/12/05 13:49:37.799, 116.99 W, 98 %
2025/12/05 13:49:37.899, 116.92 W, 98 %
2025/12/05 13:49:37.999, 116.93 W, 98 %
2025/12/05 13:49:38.099, 116.94 W, 98 %
2025/12/05 13:49:38.199, 116.94 W, 98 %
2025/12/05 13:49:38.299, 116.95 W, 98 %
2025/12/05 13:49:38.400, 116.92 W, 98 %
2025/12/05 13:49:38.500, 116.92 W, 98 %
2025/12/05 13:49:38.600, 116.89 W, 98 %
2025/12/05 13:49:38.700, 116.87 W, 98 %
2025/12/05 13:49:38.800, 116.89 W, 98 %
2025/12/05 13:49:38.900, 116.88 W, 98 %
2025/12/05 13:49:39.000, 116.91 W, 98 %
2025/12/05 13:49:39.101, 116.91 W, 98 %
2025/12/05 13:49:39.201, 116.86 W, 98 %
2025/12/05 13:49:39.301, 116.91 W, 98 %
2025/12/05 13:49:39.401, 116.93 W, 98 %
2025/12/05 13:49:39.501, 116.93 W, 98 %
2025/12/05 13:49:39.601, 116.96 W, 98 %
2025/12/05 13:49:39.702, 116.98 W, 98 %
2025/12/05 13:49:39.802, 116.97 W, 98 %
2025/12/05 13:49:39.902, 116.94 W, 98 %
2025/12/05 13:49:40.002, 116.92 W, 98 %
2025/12/05 13:49:40.102, 116.92 W, 98 %
2025/12/05 13:49:40.202, 116.94 W, 98 %
2025/12/05 13:49:40.302, 116.96 W, 98 %
2025/12/05 13:49:40.403, 116.94 W, 98 %
2025/12/05 13:49:40.503, 116.89 W, 98 %
2025/12/05 13:49:40.603, 116.89 W, 98 %
2025/12/05 13:49:40.703, 116.90 W, 98 %
2025/12/05 13:49:40.803, 116.84 W, 98 %
2025/12/05 13:49:40.903, 116.89 W, 98 %
2025/12/05 13:49:41.003, 116.89 W, 98 %
2025/12/05 13:49:41.104, 116.91 W, 98 %
2025/12/05 13:49:41.204, 116.91 W, 98 %
2025/12/05 13:49:41.304, 116.86 W, 98 %
2025/12/05 13:49:41.404, 116.85 W, 98 %
2025/12/05 13:49:41.504, 116.85 W, 98 %
2025/12/05 13:49:41.604, 116.86 W, 98 %
2025/12/05 13:49:41.704, 116.85 W, 98 %
2025/12/05 13:49:41.805, 116.82 W, 98 %
2025/12/05 13:49:41.905, 116.87 W, 98 %
2025/12/05 13:49:42.005, 116.85 W, 98 %
2025/12/05 13:49:42.105, 116.85 W, 98 %
2025/12/05 13:49:42.205, 116.85 W, 98 %
2025/12/05 13:49:42.305, 116.86 W, 98 %
2025/12/05 13:49:42.405, 116.88 W, 98 %
2025/12/05 13:49:42.506, 116.88 W, 98 %
2025/12/05 13:49:42.606, 116.84 W, 98 %
2025/12/05 13:49:42.706, 116.86 W, 98 %
2025/12/05 13:49:42.806, 116.90 W, 98 %
2025/12/05 13:49:42.906, 116.92 W, 98 %
2025/12/05 13:49:43.006, 116.93 W, 98 %
2025/12/05 13:49:43.106, 116.91 W, 98 %
2025/12/05 13:49:43.207, 116.94 W, 98 %
2025/12/05 13:49:43.307, 116.94 W, 98 %
2025/12/05 13:49:43.407, 116.93 W, 98 %
2025/12/05 13:49:43.507, 116.94 W, 98 %
2025/12/05 13:49:43.607, 116.97 W, 98 %
2025/12/05 13:49:43.707, 117.00 W, 98 %
2025/12/05 13:49:43.807, 116.97 W, 98 %
2025/12/05 13:49:43.908, 116.95 W, 98 %
2025/12/05 13:49:44.008, 116.92 W, 98 %
2025/12/05 13:49:44.108, 116.90 W, 98 %
2025/12/05 13:49:44.208, 116.91 W, 98 %
2025/12/05 13:49:44.308, 116.88 W, 98 %
2025/12/05 13:49:44.408, 116.85 W, 98 %
2025/12/05 13:49:44.508, 116.89 W, 98 %
2025/12/05 13:49:44.609, 116.90 W, 98 %
2025/12/05 13:49:44.709, 116.87 W, 98 %
2025/12/05 13:49:44.809, 116.84 W, 98 %
2025/12/05 13:49:44.909, 116.87 W, 98 %
2025/12/05 13:49:45.009, 116.88 W, 98 %
2025/12/05 13:49:45.109, 116.87 W, 98 %
2025/12/05 13:49:45.209, 116.85 W, 98 %
2025/12/05 13:49:45.310, 116.90 W, 98 %
2025/12/05 13:49:45.410, 116.93 W, 98 %
2025/12/05 13:49:45.510, 116.95 W, 98 %
2025/12/05 13:49:45.610, 116.94 W, 98 %
2025/12/05 13:49:45.710, 116.90 W, 98 %
2025/12/05 13:49:45.810, 116.90 W, 98 %
2025/12/05 13:49:45.910, 116.92 W, 98 %
2025/12/05 13:49:46.011, 116.89 W, 98 %
2025/12/05 13:49:46.111, 116.88 W, 98 %
2025/12/05 13:49:46.211, 116.91 W, 98 %
2025/12/05 13:49:46.311, 116.88 W, 98 %
2025/12/05 13:49:46.411, 116.86 W, 98 %
2025/12/05 13:49:46.511, 116.80 W, 98 %
2025/12/05 13:49:46.612, 116.81 W, 98 %
2025/12/05 13:49:46.712, 116.82 W, 98 %
2025/12/05 13:49:46.812, 116.86 W, 98 %
2025/12/05 13:49:46.912, 116.88 W, 98 %
2025/12/05 13:49:47.012, 116.84 W, 98 %
2025/12/05 13:49:47.112, 116.86 W, 98 %
2025/12/05 13:49:47.212, 116.90 W, 98 %
2025/12/05 13:49:47.313, 116.90 W, 98 %
2025/12/05 13:49:47.413, 116.93 W, 98 %
2025/12/05 13:49:47.513, 116.93 W, 98 %
2025/12/05 13:49:47.613, 116.98 W, 98 %
2025/12/05 13:49:47.713, 116.97 W, 98 %
2025/12/05 13:49:47.813, 116.89 W, 98 %
2025/12/05 13:49:47.913, 116.89 W, 98 %
2025/12/05 13:49:48.014, 116.89 W, 98 %
2025/12/05 13:49:48.114, 116.90 W, 98 %
2025/12/05 13:49:48.214, 116.90 W, 98 %
2025/12/05 13:49:48.314, 116.83 W, 98 %
2025/12/05 13:49:48.414, 116.81 W, 98 %
2025/12/05 13:49:48.514, 116.80 W, 98 %
2025/12/05 13:49:48.614, 116.76 W, 98 %
2025/12/05 13:49:48.715, 116.74 W, 98 %
2025/12/05 13:49:48.815, 116.80 W, 98 %
2025/12/05 13:49:48.915, 116.86 W, 98 %
2025/12/05 13:49:49.015, 116.88 W, 98 %
2025/12/05 13:49:49.115, 116.86 W, 98 %
2025/12/05 13:49:49.215, 116.85 W, 98 %
2025/12/05 13:49:49.316, 116.83 W, 98 %
2025/12/05 13:49:49.416, 116.85 W, 98 %
2025/12/05 13:49:49.516, 116.89 W, 98 %
2025/12/05 13:49:49.616, 116.90 W, 98 %
2025/12/05 13:49:49.716, 116.94 W, 98 %
2025/12/05 13:49:49.816, 116.97 W, 98 %
2025/12/05 13:49:49.916, 116.94 W, 98 %
2025/12/05 13:49:50.017, 116.94 W, 98 %
2025/12/05 13:49:50.117, 116.92 W, 98 %
2025/12/05 13:49:50.217, 116.94 W, 98 %
2025/12/05 13:49:50.317, 116.97 W, 98 %
2025/12/05 13:49:50.417, 116.95 W, 98 %
2025/12/05 13:49:50.517, 116.97 W, 98 %
2025/12/05 13:49:50.617, 116.99 W, 98 %
2025/12/05 13:49:50.718, 116.97 W, 98 %
2025/12/05 13:49:50.818, 116.97 W, 98 %
2025/12/05 13:49:50.918, 116.91 W, 98 %
2025/12/05 13:49:51.018, 116.87 W, 98 %
2025/12/05 13:49:51.118, 116.85 W, 98 %
2025/12/05 13:49:51.218, 116.84 W, 98 %
2025/12/05 13:49:51.318, 116.83 W, 98 %
2025/12/05 13:49:51.419, 116.85 W, 98 %
2025/12/05 13:49:51.519, 116.85 W, 98 %
2025/12/05 13:49:51.619, 116.89 W, 98 %
2025/12/05 13:49:51.719, 114.30 W, 57 %
2025/12/05 13:49:51.819, 114.30 W, 57 %
2025/12/05 13:49:51.919, 114.30 W, 98 %
2025/12/05 13:49:52.019, 114.32 W, 98 %
2025/12/05 13:49:52.120, 114.34 W, 98 %
2025/12/05 13:49:52.220, 114.33 W, 98 %
2025/12/05 13:49:52.320, 114.32 W, 98 %
2025/12/05 13:49:52.420, 114.31 W, 98 %
2025/12/05 13:49:52.520, 114.25 W, 98 %
2025/12/05 13:49:52.620, 114.26 W, 98 %
2025/12/05 13:49:52.720, 114.25 W, 98 %
2025/12/05 13:49:52.821, 116.77 W, 98 %
2025/12/05 13:49:52.921, 116.76 W, 98 %
2025/12/05 13:49:53.021, 116.78 W, 98 %
2025/12/05 13:49:53.121, 116.79 W, 98 %
2025/12/05 13:49:53.221, 116.79 W, 98 %
2025/12/05 13:49:53.321, 116.75 W, 98 %
2025/12/05 13:49:53.422, 116.76 W, 98 %
2025/12/05 13:49:53.522, 116.78 W, 98 %
2025/12/05 13:49:53.622, 116.83 W, 98 %
2025/12/05 13:49:53.722, 116.82 W, 98 %
2025/12/05 13:49:53.822, 116.83 W, 98 %
2025/12/05 13:49:53.922, 116.85 W, 98 %
2025/12/05 13:49:54.022, 116.88 W, 98 %
2025/12/05 13:49:54.123, 116.85 W, 98 %
2025/12/05 13:49:54.223, 116.85 W, 98 %
2025/12/05 13:49:54.323, 116.88 W, 98 %
2025/12/05 13:49:54.423, 116.92 W, 98 %
2025/12/05 13:49:54.523, 116.94 W, 98 %
2025/12/05 13:49:54.623, 116.95 W, 98 %
2025/12/05 13:49:54.723, 116.94 W, 98 %
2025/12/05 13:49:54.824, 116.91 W, 98 %
2025/12/05 13:49:54.924, 116.87 W, 98 %
2025/12/05 13:49:55.024, 116.88 W, 98 %
2025/12/05 13:49:55.124, 116.92 W, 98 %
2025/12/05 13:49:55.224, 116.96 W, 98 %
2025/12/05 13:49:55.324, 116.99 W, 98 %
2025/12/05 13:49:55.424, 116.95 W, 98 %
2025/12/05 13:49:55.525, 116.97 W, 98 %
2025/12/05 13:49:55.625, 116.97 W, 98 %
2025/12/05 13:49:55.725, 116.98 W, 98 %
2025/12/05 13:49:55.825, 117.02 W, 98 %
2025/12/05 13:49:55.925, 117.04 W, 98 %
2025/12/05 13:49:56.025, 117.04 W, 98 %
2025/12/05 13:49:56.125, 117.07 W, 98 %
2025/12/05 13:49:56.226, 117.03 W, 98 %
2025/12/05 13:49:56.326, 116.99 W, 98 %
2025/12/05 13:49:56.426, 116.98 W, 98 %
2025/12/05 13:49:56.526, 116.98 W, 98 %
2025/12/05 13:49:56.626, 116.96 W, 98 %
2025/12/05 13:49:56.726, 116.90 W, 98 %
2025/12/05 13:49:56.826, 116.89 W, 98 %
2025/12/05 13:49:56.927, 116.88 W, 98 %
2025/12/05 13:49:57.027, 116.88 W, 98 %
2025/12/05 13:49:57.127, 116.89 W, 98 %
2025/12/05 13:49:57.227, 116.84 W, 98 %
2025/12/05 13:49:57.327, 116.82 W, 98 %
2025/12/05 13:49:57.427, 116.82 W, 98 %
2025/12/05 13:49:57.527, 116.79 W, 98 %
2025/12/05 13:49:57.628, 116.82 W, 98 %
2025/12/05 13:49:57.728, 116.86 W, 98 %
2025/12/05 13:49:57.828, 116.89 W, 98 %
2025/12/05 13:49:57.928, 116.91 W, 98 %
2025/12/05 13:49:58.028, 116.87 W, 98 %
2025/12/05 13:49:58.128, 116.88 W, 98 %
2025/12/05 13:49:58.229, 116.86 W, 98 %
2025/12/05 13:49:58.329, 116.88 W, 98 %
2025/12/05 13:49:58.429, 116.94 W, 98 %
2025/12/05 13:49:58.529, 116.94 W, 98 %
2025/12/05 13:49:58.629, 116.97 W, 98 %
2025/12/05 13:49:58.729, 116.96 W, 98 %
2025/12/05 13:49:58.829, 116.93 W, 98 %
2025/12/05 13:49:58.930, 116.95 W, 98 %
2025/12/05 13:49:59.030, 116.92 W, 98 %
2025/12/05 13:49:59.130, 116.94 W, 98 %
2025/12/05 13:49:59.230, 116.95 W, 98 %
2025/12/05 13:49:59.330, 116.95 W, 98 %
2025/12/05 13:49:59.430, 116.91 W, 98 %
2025/12/05 13:49:59.530, 116.90 W, 98 %
2025/12/05 13:49:59.631, 116.92 W, 98 %
2025/12/05 13:49:59.731, 116.93 W, 98 %
2025/12/05 13:49:59.831, 116.89 W, 98 %
2025/12/05 13:49:59.931, 116.87 W, 98 %
2025/12/05 13:50:00.031, 116.87 W, 98 %
2025/12/05 13:50:00.131, 116.84 W, 98 %
2025/12/05 13:50:00.231, 116.82 W, 98 %
2025/12/05 13:50:00.332, 116.80 W, 98 %
2025/12/05 13:50:00.432, 116.80 W, 98 %
2025/12/05 13:50:00.532, 116.85 W, 98 %
2025/12/05 13:50:00.632, 116.79 W, 98 %
2025/12/05 13:50:00.732, 116.76 W, 98 %
2025/12/05 13:50:00.832, 116.74 W, 98 %
2025/12/05 13:50:00.932, 116.74 W, 98 %
2025/12/05 13:50:01.033, 116.78 W, 98 %
2025/12/05 13:50:01.133, 116.77 W, 98 %
2025/12/05 13:50:01.233, 116.78 W, 98 %
2025/12/05 13:50:01.333, 116.81 W, 98 %
2025/12/05 13:50:01.433, 116.79 W, 98 %
2025/12/05 13:50:01.533, 116.78 W, 98 %
2025/12/05 13:50:01.633, 116.78 W, 98 %
2025/12/05 13:50:01.734, 116.79 W, 98 %
2025/12/05 13:50:01.834, 116.83 W, 98 %
2025/12/05 13:50:01.934, 116.82 W, 98 %
2025/12/05 13:50:02.034, 116.86 W, 98 %
2025/12/05 13:50:02.134, 116.85 W, 98 %
2025/12/05 13:50:02.234, 116.82 W, 98 %
2025/12/05 13:50:02.335, 116.84 W, 98 %
2025/12/05 13:50:02.435, 116.85 W, 98 %
2025/12/05 13:50:02.535, 116.88 W, 98 %
2025/12/05 13:50:02.635, 116.88 W, 98 %
2025/12/05 13:50:02.735, 116.79 W, 98 %
2025/12/05 13:50:02.835, 116.80 W, 98 %
2025/12/05 13:50:02.935, 116.79 W, 98 %
2025/12/05 13:50:03.036, 116.76 W, 98 %
2025/12/05 13:50:03.136, 116.73 W, 98 %
2025/12/05 13:50:03.236, 116.73 W, 98 %
2025/12/05 13:50:03.336, 116.75 W, 98 %
2025/12/05 13:50:03.436, 116.74 W, 98 %
2025/12/05 13:50:03.536, 116.69 W, 98 %
2025/12/05 13:50:03.636, 116.69 W, 98 %
2025/12/05 13:50:03.737, 116.72 W, 98 %
2025/12/05 13:50:03.837, 116.75 W, 98 %
2025/12/05 13:50:03.937, 116.77 W, 98 %
2025/12/05 13:50:04.037, 116.79 W, 98 %
2025/12/05 13:50:04.137, 116.82 W, 98 %
2025/12/05 13:50:04.237, 116.83 W, 98 %
2025/12/05 13:50:04.337, 116.83 W, 98 %
2025/12/05 13:50:04.438, 116.86 W, 98 %
2025/12/05 13:50:04.538, 116.87 W, 98 %
2025/12/05 13:50:04.638, 116.91 W, 98 %
2025/12/05 13:50:04.738, 116.90 W, 98 %
2025/12/05 13:50:04.838, 116.82 W, 98 %
2025/12/05 13:50:04.938, 116.84 W, 98 %
2025/12/05 13:50:05.038, 116.85 W, 98 %
2025/12/05 13:50:05.139, 116.83 W, 98 %
2025/12/05 13:50:05.239, 116.85 W, 98 %
2025/12/05 13:50:05.339, 116.84 W, 98 %
2025/12/05 13:50:05.439, 116.82 W, 98 %
2025/12/05 13:50:05.539, 116.82 W, 98 %
2025/12/05 13:50:05.639, 116.78 W, 98 %
2025/12/05 13:50:05.739, 116.79 W, 98 %
2025/12/05 13:50:05.840, 116.79 W, 98 %
2025/12/05 13:50:05.940, 116.82 W, 98 %
2025/12/05 13:50:06.040, 116.82 W, 98 %
2025/12/05 13:50:06.140, 116.77 W, 98 %
2025/12/05 13:50:06.240, 116.75 W, 98 %
2025/12/05 13:50:06.340, 116.76 W, 98 %
2025/12/05 13:50:06.440, 116.75 W, 98 %
2025/12/05 13:50:06.541, 116.76 W, 98 %
2025/12/05 13:50:06.641, 116.74 W, 98 %
2025/12/05 13:50:06.741, 116.74 W, 98 %
2025/12/05 13:50:06.841, 116.73 W, 98 %
2025/12/05 13:50:06.941, 116.68 W, 98 %
2025/12/05 13:50:07.041, 116.71 W, 98 %
2025/12/05 13:50:07.141, 116.73 W, 98 %
2025/12/05 13:50:07.242, 116.78 W, 98 %
2025/12/05 13:50:07.342, 116.79 W, 98 %
2025/12/05 13:50:07.442, 116.77 W, 98 %
2025/12/05 13:50:07.542, 116.81 W, 98 %
2025/12/05 13:50:07.642, 116.83 W, 98 %
2025/12/05 13:50:07.742, 116.83 W, 98 %
2025/12/05 13:50:07.842, 116.86 W, 98 %
2025/12/05 13:50:07.943, 116.86 W, 98 %
2025/12/05 13:50:08.043, 116.87 W, 98 %
2025/12/05 13:50:08.143, 116.81 W, 98 %
2025/12/05 13:50:08.243, 116.80 W, 98 %
2025/12/05 13:50:08.343, 116.78 W, 98 %
2025/12/05 13:50:08.443, 116.76 W, 98 %
2025/12/05 13:50:08.543, 116.72 W, 98 %
2025/12/05 13:50:08.644, 116.70 W, 98 %
2025/12/05 13:50:08.744, 116.68 W, 98 %
2025/12/05 13:50:08.844, 116.66 W, 98 %
2025/12/05 13:50:08.944, 116.66 W, 98 %
2025/12/05 13:50:09.044, 116.60 W, 98 %
2025/12/05 13:50:09.144, 116.64 W, 98 %
2025/12/05 13:50:09.245, 116.72 W, 98 %
2025/12/05 13:50:09.345, 116.69 W, 98 %
2025/12/05 13:50:09.445, 116.71 W, 98 %
2025/12/05 13:50:09.545, 116.68 W, 98 %
2025/12/05 13:50:09.645, 116.68 W, 98 %
2025/12/05 13:50:09.745, 116.67 W, 98 %
2025/12/05 13:50:09.845, 116.64 W, 98 %
2025/12/05 13:50:09.946, 116.65 W, 98 %
2025/12/05 13:50:10.046, 116.62 W, 98 %
2025/12/05 13:50:10.146, 116.64 W, 98 %
2025/12/05 13:50:10.246, 116.62 W, 98 %
2025/12/05 13:50:10.346, 116.54 W, 98 %
2025/12/05 13:50:10.446, 116.53 W, 98 %
2025/12/05 13:50:10.546, 116.52 W, 98 %
2025/12/05 13:50:10.647, 116.52 W, 98 %
2025/12/05 13:50:10.747, 116.54 W, 98 %
2025/12/05 13:50:10.847, 116.53 W, 98 %
2025/12/05 13:50:10.947, 116.53 W, 98 %
2025/12/05 13:50:11.047, 116.56 W, 98 %
2025/12/05 13:50:11.147, 116.56 W, 98 %
2025/12/05 13:50:11.247, 116.58 W, 98 %
2025/12/05 13:50:11.348, 116.59 W, 98 %
2025/12/05 13:50:11.448, 116.64 W, 98 %
2025/12/05 13:50:11.548, 116.67 W, 98 %
2025/12/05 13:50:11.648, 116.68 W, 98 %
2025/12/05 13:50:11.748, 116.71 W, 98 %
2025/12/05 13:50:11.848, 116.76 W, 98 %
2025/12/05 13:50:11.948, 116.77 W, 98 %
2025/12/05 13:50:12.049, 116.79 W, 98 %
2025/12/05 13:50:12.149, 116.79 W, 98 %
2025/12/05 13:50:12.249, 116.82 W, 98 %
2025/12/05 13:50:12.349, 116.84 W, 98 %
2025/12/05 13:50:12.449, 116.82 W, 98 %
2025/12/05 13:50:12.549, 116.83 W, 98 %
2025/12/05 13:50:12.650, 116.82 W, 98 %
2025/12/05 13:50:12.750, 116.83 W, 98 %
2025/12/05 13:50:12.850, 116.79 W, 98 %
2025/12/05 13:50:12.950, 116.76 W, 98 %
2025/12/05 13:50:13.050, 116.76 W, 98 %
2025/12/05 13:50:13.150, 116.70 W, 98 %
2025/12/05 13:50:13.250, 116.69 W, 98 %
2025/12/05 13:50:13.351, 116.64 W, 98 %
2025/12/05 13:50:13.451, 116.63 W, 98 %
2025/12/05 13:50:13.551, 116.64 W, 98 %
2025/12/05 13:50:13.651, 116.61 W, 98 %
2025/12/05 13:50:13.751, 116.59 W, 98 %
2025/12/05 13:50:13.851, 116.59 W, 98 %
2025/12/05 13:50:13.951, 116.54 W, 98 %
2025/12/05 13:50:14.052, 116.56 W, 98 %
2025/12/05 13:50:14.152, 116.54 W, 98 %
2025/12/05 13:50:14.252, 116.55 W, 98 %
2025/12/05 13:50:14.352, 116.53 W, 98 %
2025/12/05 13:50:14.452, 116.51 W, 98 %
2025/12/05 13:50:14.552, 116.53 W, 98 %
2025/12/05 13:50:14.652, 116.53 W, 98 %
2025/12/05 13:50:14.753, 116.50 W, 98 %
2025/12/05 13:50:14.853, 116.52 W, 98 %
2025/12/05 13:50:14.953, 116.50 W, 98 %
2025/12/05 13:50:15.053, 116.50 W, 98 %
2025/12/05 13:50:15.153, 116.49 W, 98 %
2025/12/05 13:50:15.253, 116.46 W, 98 %
2025/12/05 13:50:15.353, 116.47 W, 98 %
2025/12/05 13:50:15.454, 116.49 W, 98 %
2025/12/05 13:50:15.554, 116.51 W, 98 %
2025/12/05 13:50:15.654, 116.52 W, 98 %
2025/12/05 13:50:15.754, 116.53 W, 98 %
2025/12/05 13:50:15.854, 116.57 W, 98 %
2025/12/05 13:50:15.954, 116.56 W, 98 %
2025/12/05 13:50:16.055, 116.55 W, 98 %
2025/12/05 13:50:16.155, 116.60 W, 98 %
2025/12/05 13:50:16.255, 116.62 W, 98 %
2025/12/05 13:50:16.355, 116.64 W, 98 %
2025/12/05 13:50:16.455, 116.63 W, 98 %
2025/12/05 13:50:16.555, 116.58 W, 98 %
2025/12/05 13:50:16.655, 116.61 W, 98 %
2025/12/05 13:50:16.756, 116.58 W, 98 %
2025/12/05 13:50:16.856, 116.54 W, 98 %
2025/12/05 13:50:16.956, 116.54 W, 98 %
2025/12/05 13:50:17.056, 116.55 W, 98 %
2025/12/05 13:50:17.156, 116.56 W, 98 %
2025/12/05 13:50:17.256, 116.57 W, 98 %
2025/12/05 13:50:17.356, 116.55 W, 98 %
2025/12/05 13:50:17.457, 116.56 W, 98 %
2025/12/05 13:50:17.557, 116.60 W, 98 %
2025/12/05 13:50:17.657, 116.63 W, 98 %
2025/12/05 13:50:17.757, 116.63 W, 98 %
2025/12/05 13:50:17.857, 116.67 W, 98 %
2025/12/05 13:50:17.957, 116.68 W, 98 %
2025/12/05 13:50:18.057, 116.67 W, 98 %
2025/12/05 13:50:18.158, 116.64 W, 98 %
2025/12/05 13:50:18.258, 116.63 W, 98 %
2025/12/05 13:50:18.358, 116.61 W, 98 %
2025/12/05 13:50:18.458, 116.59 W, 98 %
2025/12/05 13:50:18.558, 116.59 W, 98 %
2025/12/05 13:50:18.658, 116.57 W, 98 %
2025/12/05 13:50:18.758, 116.58 W, 98 %
2025/12/05 13:50:18.859, 116.58 W, 98 %
2025/12/05 13:50:18.959, 116.53 W, 98 %
2025/12/05 13:50:19.059, 116.53 W, 98 %
2025/12/05 13:50:19.159, 116.55 W, 98 %
2025/12/05 13:50:19.259, 116.58 W, 98 %
2025/12/05 13:50:19.359, 116.58 W, 98 %
2025/12/05 13:50:19.459, 116.59 W, 98 %
2025/12/05 13:50:19.560, 116.58 W, 98 %
2025/12/05 13:50:19.660, 116.61 W, 98 %
2025/12/05 13:50:19.760, 116.57 W, 98 %
2025/12/05 13:50:19.860, 116.59 W, 98 %
2025/12/05 13:50:19.960, 116.57 W, 98 %
2025/12/05 13:50:20.060, 116.58 W, 98 %
2025/12/05 13:50:20.160, 116.61 W, 98 %
2025/12/05 13:50:20.261, 116.56 W, 98 %
2025/12/05 13:50:20.361, 116.55 W, 98 %
2025/12/05 13:50:20.461, 116.58 W, 98 %
2025/12/05 13:50:20.561, 116.56 W, 98 %
2025/12/05 13:50:20.661, 116.61 W, 98 %
2025/12/05 13:50:20.761, 116.61 W, 98 %
2025/12/05 13:50:20.861, 116.63 W, 98 %
2025/12/05 13:50:20.962, 116.65 W, 98 %
2025/12/05 13:50:21.062, 116.62 W, 98 %
2025/12/05 13:50:21.162, 116.65 W, 98 %
2025/12/05 13:50:21.262, 116.67 W, 98 %
2025/12/05 13:50:21.362, 116.68 W, 98 %
2025/12/05 13:50:21.462, 116.72 W, 98 %
2025/12/05 13:50:21.562, 116.73 W, 98 %
2025/12/05 13:50:21.663, 116.74 W, 98 %
2025/12/05 13:50:21.763, 116.74 W, 98 %
2025/12/05 13:50:21.863, 116.70 W, 98 %
2025/12/05 13:50:21.963, 116.70 W, 98 %
2025/12/05 13:50:22.063, 116.70 W, 98 %
2025/12/05 13:50:22.163, 116.74 W, 98 %
2025/12/05 13:50:22.263, 116.74 W, 98 %
2025/12/05 13:50:22.364, 116.74 W, 98 %
2025/12/05 13:50:22.464, 116.79 W, 98 %
2025/12/05 13:50:22.564, 116.78 W, 98 %
2025/12/05 13:50:22.664, 116.70 W, 98 %
2025/12/05 13:50:22.764, 116.69 W, 98 %
2025/12/05 13:50:22.864, 116.70 W, 98 %
2025/12/05 13:50:22.964, 116.71 W, 98 %
2025/12/05 13:50:23.065, 116.73 W, 98 %
2025/12/05 13:50:23.165, 116.74 W, 98 %
2025/12/05 13:50:23.265, 116.74 W, 98 %
2025/12/05 13:50:23.365, 116.73 W, 98 %
2025/12/05 13:50:23.465, 116.68 W, 98 %
2025/12/05 13:50:23.565, 116.66 W, 98 %
2025/12/05 13:50:23.665, 116.66 W, 98 %
2025/12/05 13:50:23.766, 116.72 W, 98 %
2025/12/05 13:50:23.866, 116.76 W, 98 %
2025/12/05 13:50:23.966, 116.77 W, 98 %
2025/12/05 13:50:24.066, 116.76 W, 98 %
2025/12/05 13:50:24.166, 116.78 W, 98 %
2025/12/05 13:50:24.266, 116.75 W, 98 %
2025/12/05 13:50:24.367, 116.74 W, 98 %
2025/12/05 13:50:24.467, 116.74 W, 98 %
2025/12/05 13:50:24.567, 116.76 W, 95 %
2025/12/05 13:50:24.667, 116.79 W, 95 %
2025/12/05 13:50:24.767, 116.78 W, 98 %
2025/12/05 13:50:24.867, 116.75 W, 98 %
2025/12/05 13:50:24.967, 116.73 W, 98 %
2025/12/05 13:50:25.068, 116.73 W, 98 %
2025/12/05 13:50:25.168, 116.74 W, 98 %
2025/12/05 13:50:25.268, 116.72 W, 98 %
2025/12/05 13:50:25.368, 116.68 W, 98 %
2025/12/05 13:50:25.468, 116.68 W, 98 %
2025/12/05 13:50:25.568, 116.68 W, 98 %
2025/12/05 13:50:25.668, 116.65 W, 98 %
2025/12/05 13:50:25.769, 116.64 W, 98 %
2025/12/05 13:50:25.869, 116.60 W, 98 %
2025/12/05 13:50:25.969, 116.60 W, 98 %
2025/12/05 13:50:26.069, 116.58 W, 98 %
2025/12/05 13:50:26.169, 116.55 W, 98 %
2025/12/05 13:50:26.269, 116.54 W, 98 %
2025/12/05 13:50:26.369, 116.51 W, 98 %
2025/12/05 13:50:26.470, 116.53 W, 98 %
2025/12/05 13:50:26.570, 116.53 W, 98 %
2025/12/05 13:50:26.670, 116.54 W, 98 %
2025/12/05 13:50:26.770, 116.54 W, 98 %
2025/12/05 13:50:26.870, 116.56 W, 98 %
2025/12/05 13:50:26.970, 116.55 W, 98 %
2025/12/05 13:50:27.070, 116.55 W, 98 %
2025/12/05 13:50:27.171, 116.53 W, 98 %
2025/12/05 13:50:27.271, 116.50 W, 98 %
2025/12/05 13:50:27.371, 116.50 W, 98 %
2025/12/05 13:50:27.471, 116.55 W, 98 %
2025/12/05 13:50:27.571, 116.57 W, 98 %
2025/12/05 13:50:27.671, 116.56 W, 98 %
2025/12/05 13:50:27.771, 116.53 W, 98 %
2025/12/05 13:50:27.872, 116.56 W, 98 %
2025/12/05 13:50:27.972, 116.55 W, 98 %
2025/12/05 13:50:28.072, 116.57 W, 98 %
2025/12/05 13:50:28.172, 116.57 W, 98 %
2025/12/05 13:50:28.272, 116.61 W, 98 %
2025/12/05 13:50:28.372, 116.65 W, 98 %
2025/12/05 13:50:28.472, 116.67 W, 98 %
2025/12/05 13:50:28.573, 116.61 W, 98 %
2025/12/05 13:50:28.673, 116.63 W, 98 %
2025/12/05 13:50:28.773, 116.63 W, 98 %
2025/12/05 13:50:28.873, 116.65 W, 98 %
2025/12/05 13:50:28.973, 116.64 W, 98 %
2025/12/05 13:50:29.073, 116.64 W, 98 %
2025/12/05 13:50:29.173, 116.66 W, 98 %
2025/12/05 13:50:29.274, 116.67 W, 98 %
2025/12/05 13:50:29.374, 116.62 W, 98 %
2025/12/05 13:50:29.474, 116.62 W, 98 %
2025/12/05 13:50:29.574, 116.63 W, 98 %
2025/12/05 13:50:29.674, 116.64 W, 98 %
2025/12/05 13:50:29.774, 116.64 W, 98 %
2025/12/05 13:50:29.874, 116.66 W, 98 %
2025/12/05 13:50:29.975, 116.68 W, 98 %
2025/12/05 13:50:30.075, 116.68 W, 98 %
2025/12/05 13:50:30.175, 116.63 W, 98 %
2025/12/05 13:50:30.275, 116.64 W, 98 %
2025/12/05 13:50:30.375, 116.64 W, 98 %
2025/12/05 13:50:30.475, 116.65 W, 98 %
2025/12/05 13:50:30.575, 116.64 W, 98 %
2025/12/05 13:50:30.676, 116.63 W, 98 %
2025/12/05 13:50:30.776, 116.58 W, 98 %
2025/12/05 13:50:30.876, 116.57 W, 98 %
2025/12/05 13:50:30.976, 116.53 W, 98 %
2025/12/05 13:50:31.076, 116.44 W, 98 %
2025/12/05 13:50:31.176, 116.43 W, 98 %
2025/12/05 13:50:31.276, 116.43 W, 98 %
2025/12/05 13:50:31.377, 116.40 W, 98 %
2025/12/05 13:50:31.477, 116.37 W, 98 %
2025/12/05 13:50:31.577, 116.35 W, 98 %
2025/12/05 13:50:31.677, 116.34 W, 98 %
2025/12/05 13:50:31.777, 116.28 W, 98 %
2025/12/05 13:50:31.877, 116.30 W, 98 %
2025/12/05 13:50:31.977, 116.31 W, 98 %
2025/12/05 13:50:32.078, 116.33 W, 98 %
2025/12/05 13:50:32.178, 116.41 W, 98 %
2025/12/05 13:50:32.278, 116.43 W, 98 %
2025/12/05 13:50:32.378, 116.46 W, 98 %
2025/12/05 13:50:32.478, 116.50 W, 98 %
2025/12/05 13:50:32.578, 116.51 W, 98 %
2025/12/05 13:50:32.678, 116.56 W, 98 %
2025/12/05 13:50:32.779, 116.60 W, 98 %
2025/12/05 13:50:32.879, 116.64 W, 98 %
2025/12/05 13:50:32.979, 116.67 W, 98 %
2025/12/05 13:50:33.079, 116.65 W, 98 %
2025/12/05 13:50:33.179, 116.64 W, 98 %
2025/12/05 13:50:33.279, 116.60 W, 98 %
2025/12/05 13:50:33.379, 116.60 W, 98 %
2025/12/05 13:50:33.480, 116.60 W, 98 %
2025/12/05 13:50:33.580, 116.58 W, 98 %
2025/12/05 13:50:33.680, 116.55 W, 98 %
2025/12/05 13:50:33.780, 116.54 W, 98 %
2025/12/05 13:50:33.880, 116.52 W, 98 %
2025/12/05 13:50:33.980, 116.50 W, 98 %
2025/12/05 13:50:34.081, 116.53 W, 98 %
2025/12/05 13:50:34.181, 116.56 W, 98 %
2025/12/05 13:50:34.281, 116.56 W, 98 %
2025/12/05 13:50:34.381, 116.56 W, 98 %
2025/12/05 13:50:34.481, 116.52 W, 98 %
2025/12/05 13:50:34.581, 116.53 W, 98 %
2025/12/05 13:50:34.681, 116.56 W, 98 %
2025/12/05 13:50:34.782, 116.59 W, 98 %
2025/12/05 13:50:34.882, 116.58 W, 98 %
2025/12/05 13:50:34.982, 116.62 W, 98 %
2025/12/05 13:50:35.082, 116.67 W, 98 %
2025/12/05 13:50:35.182, 116.67 W, 98 %
2025/12/05 13:50:35.282, 116.64 W, 98 %
2025/12/05 13:50:35.382, 116.64 W, 98 %
2025/12/05 13:50:35.483, 116.70 W, 98 %
2025/12/05 13:50:35.583, 116.72 W, 98 %
2025/12/05 13:50:35.683, 116.69 W, 98 %
2025/12/05 13:50:35.783, 116.65 W, 98 %
2025/12/05 13:50:35.883, 116.64 W, 98 %
2025/12/05 13:50:35.983, 116.63 W, 98 %
2025/12/05 13:50:36.083, 116.58 W, 98 %
2025/12/05 13:50:36.184, 116.54 W, 98 %
2025/12/05 13:50:36.284, 116.51 W, 98 %
2025/12/05 13:50:36.384, 116.51 W, 98 %
2025/12/05 13:50:36.484, 116.53 W, 98 %
2025/12/05 13:50:36.584, 116.52 W, 98 %
2025/12/05 13:50:36.684, 116.51 W, 98 %
2025/12/05 13:50:36.784, 116.52 W, 98 %
2025/12/05 13:50:36.885, 116.49 W, 98 %
2025/12/05 13:50:36.985, 116.51 W, 98 %
2025/12/05 13:50:37.085, 116.53 W, 98 %
2025/12/05 13:50:37.185, 116.53 W, 98 %
2025/12/05 13:50:37.285, 116.58 W, 98 %
2025/12/05 13:50:37.385, 116.59 W, 98 %
2025/12/05 13:50:37.485, 116.61 W, 98 %
2025/12/05 13:50:37.586, 116.62 W, 98 %
2025/12/05 13:50:37.686, 116.58 W, 98 %
2025/12/05 13:50:37.786, 116.61 W, 98 %
2025/12/05 13:50:37.886, 116.65 W, 98 %
2025/12/05 13:50:37.986, 116.71 W, 98 %
2025/12/05 13:50:38.086, 116.75 W, 98 %
2025/12/05 13:50:38.186, 116.78 W, 98 %
2025/12/05 13:50:38.287, 116.78 W, 98 %
2025/12/05 13:50:38.387, 116.78 W, 98 %
2025/12/05 13:50:38.487, 116.76 W, 98 %
2025/12/05 13:50:38.587, 116.76 W, 98 %
2025/12/05 13:50:38.687, 116.76 W, 98 %
2025/12/05 13:50:38.787, 116.76 W, 98 %
2025/12/05 13:50:38.887, 116.77 W, 98 %
2025/12/05 13:50:38.988, 116.75 W, 98 %
2025/12/05 13:50:39.088, 116.75 W, 98 %
2025/12/05 13:50:39.188, 116.74 W, 98 %
2025/12/05 13:50:39.288, 116.68 W, 98 %
2025/12/05 13:50:39.388, 116.68 W, 98 %
2025/12/05 13:50:39.489, 116.66 W, 98 %
2025/12/05 13:50:39.589, 116.65 W, 98 %
2025/12/05 13:50:39.690, 116.65 W, 98 %
2025/12/05 13:50:39.790, 116.66 W, 98 %
2025/12/05 13:50:39.890, 116.67 W, 98 %
2025/12/05 13:50:39.990, 116.66 W, 98 %
2025/12/05 13:50:40.090, 116.61 W, 98 %
2025/12/05 13:50:40.190, 116.62 W, 98 %
2025/12/05 13:50:40.290, 116.61 W, 98 %
2025/12/05 13:50:40.391, 116.63 W, 98 %
2025/12/05 13:50:40.491, 116.62 W, 98 %
2025/12/05 13:50:40.591, 116.63 W, 98 %
2025/12/05 13:50:40.691, 116.64 W, 98 %
2025/12/05 13:50:40.791, 116.63 W, 98 %
2025/12/05 13:50:40.891, 116.55 W, 98 %
2025/12/05 13:50:40.992, 116.54 W, 98 %
2025/12/05 13:50:41.092, 116.56 W, 98 %
2025/12/05 13:50:41.192, 116.58 W, 98 %
2025/12/05 13:50:41.292, 116.57 W, 98 %
2025/12/05 13:50:41.392, 116.57 W, 98 %
2025/12/05 13:50:41.492, 116.59 W, 98 %
2025/12/05 13:50:41.592, 116.64 W, 98 %
2025/12/05 13:50:41.693, 116.63 W, 98 %
2025/12/05 13:50:41.793, 116.63 W, 98 %
2025/12/05 13:50:41.893, 116.68 W, 98 %
2025/12/05 13:50:41.993, 116.70 W, 98 %
2025/12/05 13:50:42.093, 116.74 W, 98 %
2025/12/05 13:50:42.193, 116.75 W, 98 %
2025/12/05 13:50:42.293, 116.75 W, 98 %
2025/12/05 13:50:42.394, 116.75 W, 98 %
2025/12/05 13:50:42.494, 116.75 W, 98 %
2025/12/05 13:50:42.594, 116.75 W, 98 %
2025/12/05 13:50:42.694, 116.73 W, 98 %
2025/12/05 13:50:42.794, 116.72 W, 98 %
2025/12/05 13:50:42.894, 116.73 W, 98 %
2025/12/05 13:50:42.994, 116.72 W, 98 %
2025/12/05 13:50:43.095, 116.73 W, 98 %
2025/12/05 13:50:43.195, 116.72 W, 98 %
2025/12/05 13:50:43.295, 116.68 W, 98 %
2025/12/05 13:50:43.395, 116.69 W, 98 %
2025/12/05 13:50:43.495, 116.72 W, 98 %
2025/12/05 13:50:43.595, 116.69 W, 98 %
2025/12/05 13:50:43.695, 116.69 W, 98 %
2025/12/05 13:50:43.796, 116.69 W, 98 %
2025/12/05 13:50:43.896, 116.72 W, 98 %
2025/12/05 13:50:43.996, 116.71 W, 98 %
2025/12/05 13:50:44.096, 116.70 W, 98 %
2025/12/05 13:50:44.196, 116.70 W, 98 %
2025/12/05 13:50:44.296, 116.74 W, 98 %
2025/12/05 13:50:44.396, 116.74 W, 98 %
2025/12/05 13:50:44.496, 116.75 W, 98 %
2025/12/05 13:50:44.597, 116.70 W, 98 %
2025/12/05 13:50:44.697, 116.71 W, 98 %
2025/12/05 13:50:44.797, 116.71 W, 98 %
2025/12/05 13:50:44.897, 116.74 W, 98 %
2025/12/05 13:50:44.997, 116.71 W, 98 %
2025/12/05 13:50:45.097, 116.72 W, 98 %
2025/12/05 13:50:45.197, 116.72 W, 98 %
2025/12/05 13:50:45.298, 116.76 W, 98 %
2025/12/05 13:50:45.398, 116.75 W, 98 %
2025/12/05 13:50:45.498, 116.73 W, 98 %
2025/12/05 13:50:45.598, 116.73 W, 98 %
2025/12/05 13:50:45.698, 116.74 W, 98 %
2025/12/05 13:50:45.798, 116.73 W, 98 %
2025/12/05 13:50:45.898, 116.68 W, 98 %
2025/12/05 13:50:45.999, 116.60 W, 98 %
2025/12/05 13:50:46.099, 116.61 W, 98 %
2025/12/05 13:50:46.199, 116.58 W, 98 %
2025/12/05 13:50:46.299, 116.55 W, 98 %
2025/12/05 13:50:46.399, 116.53 W, 98 %
2025/12/05 13:50:46.499, 116.47 W, 98 %
2025/12/05 13:50:46.599, 116.49 W, 98 %
2025/12/05 13:50:46.700, 116.49 W, 98 %
2025/12/05 13:50:46.800, 116.45 W, 98 %
2025/12/05 13:50:46.900, 116.45 W, 98 %
2025/12/05 13:50:47.000, 116.49 W, 98 %
2025/12/05 13:50:47.100, 116.51 W, 98 %
2025/12/05 13:50:47.200, 116.51 W, 98 %
2025/12/05 13:50:47.301, 116.53 W, 98 %
2025/12/05 13:50:47.401, 116.55 W, 98 %
2025/12/05 13:50:47.501, 116.56 W, 98 %
2025/12/05 13:50:47.601, 116.56 W, 98 %
2025/12/05 13:50:47.701, 116.60 W, 98 %
2025/12/05 13:50:47.801, 116.60 W, 98 %
2025/12/05 13:50:47.901, 116.62 W, 98 %
2025/12/05 13:50:48.002, 116.63 W, 98 %
2025/12/05 13:50:48.102, 116.63 W, 98 %
2025/12/05 13:50:48.202, 116.65 W, 98 %
2025/12/05 13:50:48.302, 116.66 W, 98 %
2025/12/05 13:50:48.402, 116.62 W, 98 %
2025/12/05 13:50:48.502, 116.62 W, 98 %
2025/12/05 13:50:48.602, 116.62 W, 98 %
2025/12/05 13:50:48.703, 116.62 W, 98 %
2025/12/05 13:50:48.803, 116.61 W, 98 %
2025/12/05 13:50:48.903, 116.59 W, 98 %
2025/12/05 13:50:49.003, 116.61 W, 98 %
2025/12/05 13:50:49.103, 116.61 W, 98 %
2025/12/05 13:50:49.203, 116.57 W, 98 %
2025/12/05 13:50:49.303, 116.57 W, 98 %
2025/12/05 13:50:49.404, 116.59 W, 98 %
2025/12/05 13:50:49.504, 116.61 W, 98 %
2025/12/05 13:50:49.604, 116.62 W, 98 %
2025/12/05 13:50:49.704, 116.65 W, 98 %
2025/12/05 13:50:49.804, 116.64 W, 98 %
2025/12/05 13:50:49.904, 116.61 W, 98 %
2025/12/05 13:50:50.004, 116.58 W, 98 %
2025/12/05 13:50:50.105, 116.56 W, 98 %
2025/12/05 13:50:50.205, 116.56 W, 98 %
2025/12/05 13:50:50.305, 116.54 W, 98 %
2025/12/05 13:50:50.405, 116.54 W, 98 %
2025/12/05 13:50:50.505, 116.51 W, 98 %
2025/12/05 13:50:50.605, 116.52 W, 98 %
2025/12/05 13:50:50.705, 116.54 W, 98 %
2025/12/05 13:50:50.806, 116.47 W, 98 %
2025/12/05 13:50:50.906, 116.50 W, 98 %
2025/12/05 13:50:51.006, 116.52 W, 98 %
2025/12/05 13:50:51.106, 116.53 W, 98 %
2025/12/05 13:50:51.206, 116.55 W, 98 %
2025/12/05 13:50:51.306, 116.57 W, 98 %
2025/12/05 13:50:51.406, 116.60 W, 98 %
2025/12/05 13:50:51.507, 116.62 W, 98 %
2025/12/05 13:50:51.607, 116.59 W, 98 %
2025/12/05 13:50:51.707, 116.60 W, 98 %
2025/12/05 13:50:51.807, 116.57 W, 98 %
2025/12/05 13:50:51.907, 116.60 W, 98 %
2025/12/05 13:50:52.007, 116.59 W, 98 %
2025/12/05 13:50:52.107, 116.57 W, 98 %
2025/12/05 13:50:52.208, 116.56 W, 98 %
2025/12/05 13:50:52.308, 116.56 W, 98 %
2025/12/05 13:50:52.408, 116.53 W, 98 %
2025/12/05 13:50:52.508, 116.53 W, 98 %
2025/12/05 13:50:52.608, 116.52 W, 98 %
2025/12/05 13:50:52.708, 116.52 W, 98 %
2025/12/05 13:50:52.808, 116.52 W, 98 %
2025/12/05 13:50:52.909, 116.52 W, 98 %
2025/12/05 13:50:53.009, 116.53 W, 98 %
2025/12/05 13:50:53.109, 116.56 W, 98 %
2025/12/05 13:50:53.209, 116.60 W, 98 %
2025/12/05 13:50:53.309, 116.63 W, 98 %
2025/12/05 13:50:53.409, 116.64 W, 98 %
2025/12/05 13:50:53.509, 116.64 W, 98 %
2025/12/05 13:50:53.610, 116.64 W, 98 %
2025/12/05 13:50:53.710, 116.61 W, 98 %
2025/12/05 13:50:53.810, 116.62 W, 98 %
2025/12/05 13:50:53.910, 116.60 W, 98 %
2025/12/05 13:50:54.010, 116.60 W, 98 %
2025/12/05 13:50:54.110, 116.60 W, 98 %
2025/12/05 13:50:54.210, 116.57 W, 98 %
2025/12/05 13:50:54.311, 116.51 W, 98 %
2025/12/05 13:50:54.411, 116.50 W, 98 %
2025/12/05 13:50:54.511, 116.52 W, 98 %
2025/12/05 13:50:54.611, 116.54 W, 98 %
2025/12/05 13:50:54.711, 116.57 W, 98 %
2025/12/05 13:50:54.811, 116.63 W, 98 %
2025/12/05 13:50:54.911, 116.65 W, 98 %
2025/12/05 13:50:55.011, 116.69 W, 98 %
2025/12/05 13:50:55.112, 116.66 W, 98 %
2025/12/05 13:50:55.212, 116.65 W, 98 %
2025/12/05 13:50:55.312, 116.66 W, 98 %
2025/12/05 13:50:55.412, 116.68 W, 98 %
2025/12/05 13:50:55.512, 116.68 W, 98 %
2025/12/05 13:50:55.612, 116.65 W, 98 %
2025/12/05 13:50:55.713, 116.63 W, 98 %
2025/12/05 13:50:55.813, 116.60 W, 98 %
2025/12/05 13:50:55.913, 116.51 W, 98 %
2025/12/05 13:50:56.013, 116.52 W, 98 %
2025/12/05 13:50:56.113, 116.53 W, 98 %
2025/12/05 13:50:56.213, 116.53 W, 98 %
2025/12/05 13:50:56.313, 116.54 W, 98 %
2025/12/05 13:50:56.414, 116.54 W, 98 %
2025/12/05 13:50:56.514, 116.53 W, 98 %
2025/12/05 13:50:56.614, 116.51 W, 98 %
2025/12/05 13:50:56.714, 116.52 W, 98 %
2025/12/05 13:50:56.814, 116.52 W, 98 %
2025/12/05 13:50:56.914, 116.53 W, 98 %
2025/12/05 13:50:57.014, 116.55 W, 98 %
2025/12/05 13:50:57.115, 116.54 W, 98 %
2025/12/05 13:50:57.215, 116.52 W, 98 %
2025/12/05 13:50:57.315, 116.55 W, 98 %
2025/12/05 13:50:57.415, 116.54 W, 98 %
2025/12/05 13:50:57.515, 116.55 W, 98 %
2025/12/05 13:50:57.615, 116.58 W, 98 %
2025/12/05 13:50:57.715, 116.61 W, 98 %
2025/12/05 13:50:57.816, 116.59 W, 98 %
2025/12/05 13:50:57.916, 116.63 W, 98 %
2025/12/05 13:50:58.016, 116.63 W, 98 %
2025/12/05 13:50:58.116, 116.67 W, 98 %
2025/12/05 13:50:58.216, 116.69 W, 98 %
2025/12/05 13:50:58.316, 116.71 W, 98 %
2025/12/05 13:50:58.416, 116.71 W, 98 %
2025/12/05 13:50:58.517, 116.71 W, 98 %
2025/12/05 13:50:58.617, 116.69 W, 98 %
2025/12/05 13:50:58.717, 116.71 W, 98 %
2025/12/05 13:50:58.817, 116.70 W, 98 %
2025/12/05 13:50:58.917, 116.71 W, 98 %
2025/12/05 13:50:59.017, 116.72 W, 98 %
2025/12/05 13:50:59.117, 116.74 W, 98 %
2025/12/05 13:50:59.218, 116.72 W, 98 %
2025/12/05 13:50:59.318, 116.72 W, 98 %
2025/12/05 13:50:59.418, 116.69 W, 98 %
2025/12/05 13:50:59.518, 116.71 W, 98 %
2025/12/05 13:50:59.618, 116.70 W, 98 %
2025/12/05 13:50:59.718, 116.72 W, 98 %
2025/12/05 13:50:59.818, 116.71 W, 98 %
2025/12/05 13:50:59.919, 116.73 W, 98 %
2025/12/05 13:51:00.019, 116.75 W, 98 %
2025/12/05 13:51:00.119, 116.76 W, 98 %
2025/12/05 13:51:00.219, 116.71 W, 98 %
2025/12/05 13:51:00.319, 116.74 W, 98 %
2025/12/05 13:51:00.419, 116.75 W, 98 %
2025/12/05 13:51:00.519, 116.74 W, 98 %
2025/12/05 13:51:00.620, 116.75 W, 98 %
2025/12/05 13:51:00.720, 116.76 W, 98 %
2025/12/05 13:51:00.820, 116.76 W, 98 %
2025/12/05 13:51:00.920, 116.78 W, 98 %
2025/12/05 13:51:01.020, 116.75 W, 98 %
2025/12/05 13:51:01.120, 116.74 W, 98 %
2025/12/05 13:51:01.220, 116.75 W, 98 %
2025/12/05 13:51:01.321, 116.74 W, 98 %
2025/12/05 13:51:01.421, 116.73 W, 98 %
2025/12/05 13:51:01.521, 116.72 W, 98 %
2025/12/05 13:51:01.621, 116.72 W, 98 %
2025/12/05 13:51:01.721, 116.73 W, 98 %
2025/12/05 13:51:01.821, 116.68 W, 98 %
2025/12/05 13:51:01.922, 116.65 W, 98 %
2025/12/05 13:51:02.022, 116.63 W, 98 %
2025/12/05 13:51:02.122, 116.62 W, 98 %
2025/12/05 13:51:02.222, 116.62 W, 98 %
2025/12/05 13:51:02.322, 116.59 W, 98 %
2025/12/05 13:51:02.422, 116.60 W, 98 %
2025/12/05 13:51:02.522, 116.58 W, 98 %
2025/12/05 13:51:02.623, 116.54 W, 98 %
2025/12/05 13:51:02.723, 116.56 W, 98 %
2025/12/05 13:51:02.823, 116.55 W, 98 %
2025/12/05 13:51:02.923, 116.58 W, 98 %
2025/12/05 13:51:03.023, 116.58 W, 98 %
2025/12/05 13:51:03.123, 116.58 W, 98 %
2025/12/05 13:51:03.223, 116.58 W, 98 %
2025/12/05 13:51:03.324, 116.58 W, 98 %
2025/12/05 13:51:03.424, 116.55 W, 98 %
2025/12/05 13:51:03.524, 116.57 W, 98 %
2025/12/05 13:51:03.624, 116.60 W, 98 %
2025/12/05 13:51:03.724, 116.61 W, 98 %
2025/12/05 13:51:03.824, 116.60 W, 98 %
2025/12/05 13:51:03.924, 116.58 W, 98 %
2025/12/05 13:51:04.025, 116.56 W, 98 %
2025/12/05 13:51:04.125, 116.57 W, 98 %
2025/12/05 13:51:04.225, 116.55 W, 98 %
2025/12/05 13:51:04.325, 116.57 W, 98 %
2025/12/05 13:51:04.425, 116.56 W, 98 %
2025/12/05 13:51:04.525, 116.60 W, 98 %
2025/12/05 13:51:04.625, 116.58 W, 98 %
2025/12/05 13:51:04.726, 116.57 W, 98 %
2025/12/05 13:51:04.826, 116.58 W, 98 %
2025/12/05 13:51:04.926, 116.60 W, 98 %
2025/12/05 13:51:05.026, 116.58 W, 98 %
2025/12/05 13:51:05.126, 116.63 W, 98 %
2025/12/05 13:51:05.226, 116.61 W, 98 %
2025/12/05 13:51:05.326, 116.56 W, 98 %
2025/12/05 13:51:05.427, 116.57 W, 98 %
2025/12/05 13:51:05.527, 116.59 W, 98 %
2025/12/05 13:51:05.627, 116.58 W, 98 %
2025/12/05 13:51:05.727, 116.58 W, 98 %
2025/12/05 13:51:05.827, 116.54 W, 98 %
2025/12/05 13:51:05.927, 116.56 W, 98 %
2025/12/05 13:51:06.027, 116.56 W, 98 %
2025/12/05 13:51:06.128, 116.56 W, 98 %
2025/12/05 13:51:06.228, 116.57 W, 98 %
2025/12/05 13:51:06.328, 116.61 W, 98 %
2025/12/05 13:51:06.428, 116.65 W, 98 %
2025/12/05 13:51:06.528, 116.64 W, 98 %
2025/12/05 13:51:06.628, 116.60 W, 98 %
2025/12/05 13:51:06.728, 116.59 W, 98 %
2025/12/05 13:51:06.829, 116.61 W, 98 %
2025/12/05 13:51:06.929, 116.64 W, 98 %
2025/12/05 13:51:07.029, 116.63 W, 98 %
2025/12/05 13:51:07.129, 116.62 W, 98 %
2025/12/05 13:51:07.229, 116.64 W, 98 %
2025/12/05 13:51:07.329, 116.62 W, 98 %
2025/12/05 13:51:07.429, 116.57 W, 98 %
2025/12/05 13:51:07.530, 116.60 W, 98 %
2025/12/05 13:51:07.630, 116.60 W, 98 %
2025/12/05 13:51:07.730, 116.62 W, 98 %
2025/12/05 13:51:07.830, 116.62 W, 98 %
2025/12/05 13:51:07.930, 116.60 W, 98 %
2025/12/05 13:51:08.030, 116.60 W, 98 %
2025/12/05 13:51:08.130, 116.60 W, 98 %
2025/12/05 13:51:08.231, 116.56 W, 98 %
2025/12/05 13:51:08.331, 116.56 W, 98 %
2025/12/05 13:51:08.431, 116.57 W, 98 %
2025/12/05 13:51:08.531, 116.59 W, 98 %
2025/12/05 13:51:08.631, 116.57 W, 98 %
2025/12/05 13:51:08.731, 116.58 W, 98 %
2025/12/05 13:51:08.831, 116.58 W, 98 %
2025/12/05 13:51:08.932, 116.61 W, 98 %
2025/12/05 13:51:09.032, 116.61 W, 98 %
2025/12/05 13:51:09.132, 116.63 W, 98 %
2025/12/05 13:51:09.232, 116.64 W, 98 %
2025/12/05 13:51:09.332, 116.65 W, 98 %
2025/12/05 13:51:09.432, 116.66 W, 98 %
2025/12/05 13:51:09.532, 116.68 W, 98 %
2025/12/05 13:51:09.633, 116.66 W, 98 %
2025/12/05 13:51:09.733, 116.67 W, 98 %
2025/12/05 13:51:09.833, 116.67 W, 98 %
2025/12/05 13:51:09.933, 116.67 W, 98 %
2025/12/05 13:51:10.033, 116.65 W, 98 %
2025/12/05 13:51:10.133, 116.64 W, 98 %
2025/12/05 13:51:10.233, 116.62 W, 98 %
2025/12/05 13:51:10.334, 116.61 W, 98 %
2025/12/05 13:51:10.434, 116.61 W, 98 %
2025/12/05 13:51:10.534, 116.61 W, 98 %
2025/12/05 13:51:10.634, 116.55 W, 98 %
2025/12/05 13:51:10.734, 116.57 W, 98 %
2025/12/05 13:51:10.834, 116.58 W, 98 %
2025/12/05 13:51:10.935, 116.55 W, 98 %
2025/12/05 13:51:11.035, 116.56 W, 98 %
2025/12/05 13:51:11.135, 116.61 W, 98 %
2025/12/05 13:51:11.235, 116.64 W, 98 %
2025/12/05 13:51:11.335, 116.64 W, 98 %
2025/12/05 13:51:11.435, 116.65 W, 98 %
2025/12/05 13:51:11.535, 116.66 W, 98 %
2025/12/05 13:51:11.636, 116.68 W, 98 %
2025/12/05 13:51:11.736, 116.70 W, 98 %
2025/12/05 13:51:11.836, 116.72 W, 98 %
2025/12/05 13:51:11.936, 116.73 W, 98 %
2025/12/05 13:51:12.036, 116.73 W, 98 %
2025/12/05 13:51:12.136, 116.73 W, 98 %
2025/12/05 13:51:12.236, 116.71 W, 98 %
2025/12/05 13:51:12.337, 116.72 W, 98 %
2025/12/05 13:51:12.437, 116.74 W, 98 %
2025/12/05 13:51:12.537, 116.75 W, 98 %
2025/12/05 13:51:12.637, 116.76 W, 98 %
2025/12/05 13:51:12.737, 116.76 W, 98 %
2025/12/05 13:51:12.837, 116.77 W, 98 %
2025/12/05 13:51:12.937, 116.77 W, 98 %
2025/12/05 13:51:13.038, 116.77 W, 98 %
2025/12/05 13:51:13.138, 116.79 W, 98 %
2025/12/05 13:51:13.238, 116.80 W, 98 %
2025/12/05 13:51:13.338, 116.77 W, 98 %
2025/12/05 13:51:13.438, 116.76 W, 98 %
2025/12/05 13:51:13.538, 116.76 W, 98 %
2025/12/05 13:51:13.638, 116.74 W, 98 %
2025/12/05 13:51:13.739, 116.73 W, 98 %
2025/12/05 13:51:13.839, 116.71 W, 98 %
2025/12/05 13:51:13.939, 116.71 W, 98 %
2025/12/05 13:51:14.039, 116.73 W, 98 %
2025/12/05 13:51:14.139, 116.70 W, 98 %
2025/12/05 13:51:14.239, 116.72 W, 98 %
2025/12/05 13:51:14.339, 116.71 W, 98 %
2025/12/05 13:51:14.440, 116.72 W, 98 %
2025/12/05 13:51:14.540, 116.74 W, 98 %
2025/12/05 13:51:14.640, 116.77 W, 98 %
2025/12/05 13:51:14.740, 116.80 W, 98 %
2025/12/05 13:51:14.840, 116.77 W, 98 %
2025/12/05 13:51:14.940, 116.75 W, 98 %
2025/12/05 13:51:15.040, 116.76 W, 98 %
2025/12/05 13:51:15.141, 116.73 W, 98 %
2025/12/05 13:51:15.241, 116.72 W, 98 %
2025/12/05 13:51:15.341, 116.70 W, 98 %
2025/12/05 13:51:15.441, 116.67 W, 98 %
2025/12/05 13:51:15.541, 116.64 W, 98 %
2025/12/05 13:51:15.641, 116.62 W, 98 %
2025/12/05 13:51:15.742, 116.56 W, 98 %
2025/12/05 13:51:15.842, 116.54 W, 98 %
2025/12/05 13:51:15.942, 116.57 W, 98 %
2025/12/05 13:51:16.042, 116.60 W, 98 %
2025/12/05 13:51:16.142, 116.62 W, 98 %
2025/12/05 13:51:16.242, 116.62 W, 98 %
2025/12/05 13:51:16.342, 116.64 W, 98 %
2025/12/05 13:51:16.443, 116.65 W, 98 %
2025/12/05 13:51:16.543, 116.64 W, 98 %
2025/12/05 13:51:16.643, 116.65 W, 98 %
2025/12/05 13:51:16.743, 116.63 W, 98 %
2025/12/05 13:51:16.843, 116.66 W, 98 %
2025/12/05 13:51:16.943, 116.65 W, 98 %
2025/12/05 13:51:17.043, 116.66 W, 98 %
2025/12/05 13:51:17.144, 116.64 W, 98 %
2025/12/05 13:51:17.244, 116.63 W, 98 %
2025/12/05 13:51:17.344, 116.61 W, 98 %
2025/12/05 13:51:17.444, 116.62 W, 98 %
2025/12/05 13:51:17.544, 116.63 W, 98 %
2025/12/05 13:51:17.644, 116.66 W, 98 %
2025/12/05 13:51:17.744, 116.69 W, 98 %
2025/12/05 13:51:17.845, 116.67 W, 98 %
2025/12/05 13:51:17.945, 116.65 W, 98 %
2025/12/05 13:51:18.045, 116.68 W, 98 %
2025/12/05 13:51:18.145, 116.64 W, 98 %
2025/12/05 13:51:18.245, 116.63 W, 98 %
2025/12/05 13:51:18.345, 116.64 W, 98 %
2025/12/05 13:51:18.445, 116.64 W, 98 %
2025/12/05 13:51:18.546, 116.63 W, 98 %
2025/12/05 13:51:18.646, 116.58 W, 98 %
2025/12/05 13:51:18.746, 116.56 W, 98 %
2025/12/05 13:51:18.846, 116.55 W, 98 %
2025/12/05 13:51:18.946, 116.56 W, 98 %
2025/12/05 13:51:19.046, 116.57 W, 98 %
2025/12/05 13:51:19.147, 116.54 W, 98 %
2025/12/05 13:51:19.247, 116.55 W, 98 %
2025/12/05 13:51:19.347, 116.55 W, 98 %
2025/12/05 13:51:19.447, 116.49 W, 98 %
2025/12/05 13:51:19.547, 116.46 W, 98 %
2025/12/05 13:51:19.647, 116.47 W, 98 %
2025/12/05 13:51:19.747, 116.48 W, 98 %
2025/12/05 13:51:19.848, 116.49 W, 98 %
2025/12/05 13:51:19.948, 116.48 W, 98 %
2025/12/05 13:51:20.048, 116.48 W, 98 %
2025/12/05 13:51:20.148, 116.47 W, 98 %
2025/12/05 13:51:20.248, 116.42 W, 98 %
2025/12/05 13:51:20.348, 116.42 W, 98 %
2025/12/05 13:51:20.448, 116.43 W, 98 %
2025/12/05 13:51:20.549, 116.47 W, 98 %
2025/12/05 13:51:20.649, 116.50 W, 98 %
2025/12/05 13:51:20.749, 116.53 W, 98 %
2025/12/05 13:51:20.849, 116.53 W, 98 %
2025/12/05 13:51:20.949, 116.55 W, 98 %
2025/12/05 13:51:21.049, 116.54 W, 98 %
2025/12/05 13:51:21.149, 116.58 W, 98 %
2025/12/05 13:51:21.250, 116.60 W, 98 %
2025/12/05 13:51:21.350, 116.65 W, 98 %
2025/12/05 13:51:21.450, 116.68 W, 98 %
2025/12/05 13:51:21.550, 116.67 W, 98 %
2025/12/05 13:51:21.650, 116.68 W, 98 %
2025/12/05 13:51:21.750, 116.66 W, 98 %
2025/12/05 13:51:21.850, 116.60 W, 98 %
2025/12/05 13:51:21.951, 116.62 W, 98 %
2025/12/05 13:51:22.051, 116.64 W, 98 %
2025/12/05 13:51:22.151, 116.64 W, 98 %
2025/12/05 13:51:22.251, 116.63 W, 98 %
2025/12/05 13:51:22.351, 116.60 W, 98 %
2025/12/05 13:51:22.451, 116.62 W, 98 %
2025/12/05 13:51:22.551, 116.63 W, 98 %
2025/12/05 13:51:22.652, 116.63 W, 98 %
2025/12/05 13:51:22.752, 116.64 W, 98 %
2025/12/05 13:51:22.852, 116.68 W, 98 %
2025/12/05 13:51:22.952, 116.70 W, 98 %
2025/12/05 13:51:23.052, 116.71 W, 98 %
2025/12/05 13:51:23.152, 116.65 W, 98 %
2025/12/05 13:51:23.252, 116.66 W, 98 %
2025/12/05 13:51:23.353, 116.67 W, 98 %
2025/12/05 13:51:23.453, 116.69 W, 98 %
2025/12/05 13:51:23.553, 116.69 W, 98 %
2025/12/05 13:51:23.653, 116.65 W, 98 %
2025/12/05 13:51:23.753, 116.64 W, 98 %
2025/12/05 13:51:23.853, 116.63 W, 98 %
2025/12/05 13:51:23.954, 116.57 W, 98 %
2025/12/05 13:51:24.054, 116.57 W, 98 %
2025/12/05 13:51:24.154, 116.58 W, 98 %
2025/12/05 13:51:24.254, 116.59 W, 98 %
2025/12/05 13:51:24.354, 116.59 W, 98 %
2025/12/05 13:51:24.454, 116.61 W, 98 %
2025/12/05 13:51:24.554, 116.64 W, 98 %
2025/12/05 13:51:24.655, 116.62 W, 98 %
2025/12/05 13:51:24.755, 116.62 W, 98 %
2025/12/05 13:51:24.855, 116.67 W, 98 %
2025/12/05 13:51:24.955, 116.66 W, 98 %
2025/12/05 13:51:25.055, 116.69 W, 98 %
2025/12/05 13:51:25.155, 116.74 W, 98 %
2025/12/05 13:51:25.255, 116.72 W, 98 %
2025/12/05 13:51:25.356, 116.75 W, 98 %
2025/12/05 13:51:25.456, 116.77 W, 98 %
2025/12/05 13:51:25.556, 116.76 W, 98 %
2025/12/05 13:51:25.656, 116.76 W, 98 %
2025/12/05 13:51:25.756, 116.77 W, 98 %
2025/12/05 13:51:25.856, 116.78 W, 98 %
2025/12/05 13:51:25.956, 116.76 W, 98 %
2025/12/05 13:51:26.057, 116.77 W, 98 %
2025/12/05 13:51:26.157, 116.78 W, 98 %
2025/12/05 13:51:26.257, 116.78 W, 98 %
2025/12/05 13:51:26.357, 116.81 W, 98 %
2025/12/05 13:51:26.457, 116.79 W, 98 %
2025/12/05 13:51:26.557, 116.80 W, 98 %
2025/12/05 13:51:26.657, 116.80 W, 98 %
2025/12/05 13:51:26.758, 116.83 W, 98 %
2025/12/05 13:51:26.858, 116.81 W, 98 %
2025/12/05 13:51:26.958, 116.81 W, 98 %
2025/12/05 13:51:27.058, 116.84 W, 98 %
2025/12/05 13:51:27.158, 116.82 W, 98 %
2025/12/05 13:51:27.258, 116.84 W, 98 %
2025/12/05 13:51:27.359, 116.84 W, 98 %
2025/12/05 13:51:27.459, 116.82 W, 98 %
2025/12/05 13:51:27.559, 116.84 W, 98 %
2025/12/05 13:51:27.659, 116.82 W, 98 %
2025/12/05 13:51:27.759, 116.80 W, 98 %
2025/12/05 13:51:27.859, 116.79 W, 98 %
2025/12/05 13:51:27.959, 116.82 W, 98 %
2025/12/05 13:51:28.060, 116.83 W, 98 %
2025/12/05 13:51:28.160, 116.84 W, 98 %
2025/12/05 13:51:28.260, 116.86 W, 98 %
2025/12/05 13:51:28.360, 116.86 W, 98 %
2025/12/05 13:51:28.460, 116.79 W, 98 %
2025/12/05 13:51:28.560, 116.79 W, 98 %
2025/12/05 13:51:28.660, 116.78 W, 98 %
2025/12/05 13:51:28.761, 116.77 W, 98 %
2025/12/05 13:51:28.861, 116.78 W, 98 %
2025/12/05 13:51:28.961, 116.78 W, 98 %
2025/12/05 13:51:29.061, 116.77 W, 98 %
2025/12/05 13:51:29.161, 116.78 W, 98 %
2025/12/05 13:51:29.261, 116.74 W, 98 %
2025/12/05 13:51:29.361, 116.76 W, 98 %
2025/12/05 13:51:29.462, 116.74 W, 98 %
2025/12/05 13:51:29.562, 116.76 W, 98 %
2025/12/05 13:51:29.662, 116.75 W, 98 %
2025/12/05 13:51:29.762, 116.76 W, 98 %
2025/12/05 13:51:29.862, 116.76 W, 98 %
2025/12/05 13:51:29.962, 116.73 W, 98 %
2025/12/05 13:51:30.062, 116.72 W, 98 %
2025/12/05 13:51:30.163, 116.72 W, 98 %
2025/12/05 13:51:30.263, 116.70 W, 98 %
2025/12/05 13:51:30.363, 116.71 W, 98 %
2025/12/05 13:51:30.463, 116.74 W, 98 %
2025/12/05 13:51:30.563, 116.74 W, 98 %
2025/12/05 13:51:30.663, 116.76 W, 98 %
2025/12/05 13:51:30.763, 116.73 W, 98 %
2025/12/05 13:51:30.864, 116.72 W, 98 %
2025/12/05 13:51:30.964, 116.70 W, 98 %
2025/12/05 13:51:31.064, 116.71 W, 98 %
2025/12/05 13:51:31.164, 116.72 W, 98 %
2025/12/05 13:51:31.264, 116.74 W, 98 %
2025/12/05 13:51:31.364, 116.78 W, 98 %
2025/12/05 13:51:31.464, 116.78 W, 98 %
2025/12/05 13:51:31.565, 116.75 W, 98 %
2025/12/05 13:51:31.665, 116.77 W, 98 %
2025/12/05 13:51:31.765, 116.79 W, 98 %
2025/12/05 13:51:31.865, 116.80 W, 98 %
2025/12/05 13:51:31.965, 116.84 W, 98 %
2025/12/05 13:51:32.065, 116.86 W, 98 %
2025/12/05 13:51:32.165, 116.87 W, 98 %
2025/12/05 13:51:32.266, 116.87 W, 98 %
2025/12/05 13:51:32.366, 116.81 W, 98 %
2025/12/05 13:51:32.466, 116.80 W, 98 %
2025/12/05 13:51:32.566, 116.82 W, 98 %
2025/12/05 13:51:32.666, 116.82 W, 98 %
2025/12/05 13:51:32.766, 116.84 W, 98 %
2025/12/05 13:51:32.866, 116.79 W, 98 %
2025/12/05 13:51:32.967, 116.80 W, 98 %
2025/12/05 13:51:33.067, 116.79 W, 98 %
2025/12/05 13:51:33.167, 116.76 W, 98 %
2025/12/05 13:51:33.267, 116.77 W, 98 %
2025/12/05 13:51:33.367, 116.80 W, 98 %
2025/12/05 13:51:33.467, 116.83 W, 98 %
2025/12/05 13:51:33.568, 116.83 W, 98 %
2025/12/05 13:51:33.668, 116.78 W, 98 %
2025/12/05 13:51:33.768, 116.80 W, 98 %
2025/12/05 13:51:33.868, 116.79 W, 98 %
2025/12/05 13:51:33.968, 116.79 W, 98 %
2025/12/05 13:51:34.068, 116.81 W, 98 %
2025/12/05 13:51:34.168, 116.81 W, 98 %
2025/12/05 13:51:34.269, 116.83 W, 98 %
2025/12/05 13:51:34.369, 116.82 W, 98 %
2025/12/05 13:51:34.469, 116.73 W, 98 %
2025/12/05 13:51:34.569, 116.71 W, 98 %
2025/12/05 13:51:34.669, 116.71 W, 98 %
2025/12/05 13:51:34.769, 116.72 W, 98 %
2025/12/05 13:51:34.869, 116.71 W, 98 %
2025/12/05 13:51:34.970, 116.71 W, 98 %
2025/12/05 13:51:35.070, 116.73 W, 98 %
2025/12/05 13:51:35.170, 116.72 W, 98 %
2025/12/05 13:51:35.270, 116.68 W, 98 %
2025/12/05 13:51:35.370, 116.69 W, 98 %
2025/12/05 13:51:35.470, 116.70 W, 98 %
2025/12/05 13:51:35.570, 116.75 W, 98 %
2025/12/05 13:51:35.671, 116.77 W, 98 %
2025/12/05 13:51:35.771, 116.75 W, 98 %
2025/12/05 13:51:35.871, 116.75 W, 98 %
2025/12/05 13:51:35.971, 116.75 W, 98 %
2025/12/05 13:51:36.071, 116.70 W, 98 %
2025/12/05 13:51:36.171, 116.69 W, 98 %
2025/12/05 13:51:36.271, 116.71 W, 98 %
2025/12/05 13:51:36.372, 116.70 W, 98 %
2025/12/05 13:51:36.472, 116.69 W, 98 %
2025/12/05 13:51:36.572, 116.69 W, 98 %
2025/12/05 13:51:36.672, 116.68 W, 98 %
2025/12/05 13:51:36.772, 116.70 W, 98 %
2025/12/05 13:51:36.872, 116.61 W, 98 %
2025/12/05 13:51:36.972, 116.65 W, 98 %
2025/12/05 13:51:37.073, 116.63 W, 98 %
2025/12/05 13:51:37.173, 116.64 W, 98 %
2025/12/05 13:51:37.273, 116.66 W, 98 %
2025/12/05 13:51:37.373, 116.59 W, 98 %
2025/12/05 13:51:37.473, 116.60 W, 98 %
2025/12/05 13:51:37.573, 116.61 W, 98 %
2025/12/05 13:51:37.674, 116.56 W, 98 %
2025/12/05 13:51:37.774, 116.59 W, 98 %
2025/12/05 13:51:37.874, 116.60 W, 98 %
2025/12/05 13:51:37.974, 116.65 W, 98 %
2025/12/05 13:51:38.074, 116.64 W, 98 %
2025/12/05 13:51:38.174, 116.61 W, 98 %
2025/12/05 13:51:38.274, 116.63 W, 98 %
2025/12/05 13:51:38.375, 116.59 W, 98 %
2025/12/05 13:51:38.475, 116.61 W, 98 %
2025/12/05 13:51:38.575, 116.61 W, 98 %
2025/12/05 13:51:38.675, 116.62 W, 98 %
2025/12/05 13:51:38.775, 116.63 W, 98 %
2025/12/05 13:51:38.875, 116.61 W, 98 %
2025/12/05 13:51:38.975, 116.54 W, 98 %
2025/12/05 13:51:39.076, 116.54 W, 98 %
2025/12/05 13:51:39.176, 116.50 W, 98 %
2025/12/05 13:51:39.276, 116.51 W, 98 %
2025/12/05 13:51:39.376, 116.52 W, 98 %
2025/12/05 13:51:39.476, 116.56 W, 98 %
2025/12/05 13:51:39.576, 116.58 W, 98 %
2025/12/05 13:51:39.676, 116.59 W, 98 %
2025/12/05 13:51:39.777, 116.55 W, 98 %
2025/12/05 13:51:39.877, 116.56 W, 98 %
2025/12/05 13:51:39.977, 116.57 W, 98 %
2025/12/05 13:51:40.077, 116.59 W, 98 %
2025/12/05 13:51:40.177, 113.18 W, 98 %
