timestamp, power.draw [W], utilization.gpu [%]
2025/12/06 11:14:35.560, 133.97 W, 21 %
2025/12/06 11:14:35.664, 128.48 W, 0 %
2025/12/06 11:14:35.764, 123.24 W, 0 %
2025/12/06 11:14:35.864, 117.71 W, 6 %
2025/12/06 11:14:35.965, 112.76 W, 6 %
2025/12/06 11:14:36.065, 113.38 W, 77 %
2025/12/06 11:14:36.165, 113.57 W, 77 %
2025/12/06 11:14:36.265, 113.71 W, 94 %
2025/12/06 11:14:36.365, 113.57 W, 94 %
2025/12/06 11:14:36.465, 113.89 W, 93 %
2025/12/06 11:14:36.565, 119.85 W, 93 %
2025/12/06 11:14:36.666, 125.71 W, 92 %
2025/12/06 11:14:36.766, 131.42 W, 92 %
2025/12/06 11:14:36.866, 135.34 W, 93 %
2025/12/06 11:14:36.966, 140.26 W, 93 %
2025/12/06 11:14:37.066, 145.80 W, 87 %
2025/12/06 11:14:37.166, 145.04 W, 87 %
2025/12/06 11:14:37.266, 145.19 W, 93 %
2025/12/06 11:14:37.367, 145.21 W, 93 %
2025/12/06 11:14:37.467, 145.26 W, 94 %
2025/12/06 11:14:37.567, 145.30 W, 94 %
2025/12/06 11:14:37.667, 145.12 W, 93 %
2025/12/06 11:14:37.767, 144.69 W, 93 %
2025/12/06 11:14:37.867, 143.57 W, 94 %
2025/12/06 11:14:37.968, 144.41 W, 94 %
2025/12/06 11:14:38.068, 145.07 W, 92 %
2025/12/06 11:14:38.168, 144.77 W, 92 %
2025/12/06 11:14:38.268, 144.88 W, 94 %
2025/12/06 11:14:38.368, 144.83 W, 94 %
2025/12/06 11:14:38.468, 144.97 W, 94 %
2025/12/06 11:14:38.568, 144.82 W, 94 %
2025/12/06 11:14:38.669, 144.83 W, 94 %
2025/12/06 11:14:38.769, 143.98 W, 94 %
2025/12/06 11:14:38.869, 143.67 W, 94 %
2025/12/06 11:14:38.969, 143.60 W, 94 %
2025/12/06 11:14:39.069, 144.01 W, 94 %
2025/12/06 11:14:39.169, 143.96 W, 94 %
2025/12/06 11:14:39.269, 143.88 W, 94 %
2025/12/06 11:14:39.370, 143.82 W, 94 %
2025/12/06 11:14:39.470, 143.74 W, 94 %
2025/12/06 11:14:39.570, 143.33 W, 94 %
2025/12/06 11:14:39.670, 143.35 W, 94 %
2025/12/06 11:14:39.770, 142.97 W, 94 %
2025/12/06 11:14:39.870, 143.22 W, 94 %
2025/12/06 11:14:39.970, 143.08 W, 94 %
2025/12/06 11:14:40.071, 143.81 W, 94 %
2025/12/06 11:14:40.171, 143.83 W, 94 %
2025/12/06 11:14:40.271, 143.89 W, 94 %
2025/12/06 11:14:40.371, 144.09 W, 94 %
2025/12/06 11:14:40.471, 144.08 W, 94 %
2025/12/06 11:14:40.571, 144.08 W, 94 %
2025/12/06 11:14:40.671, 144.18 W, 94 %
2025/12/06 11:14:40.772, 143.82 W, 94 %
2025/12/06 11:14:40.872, 143.71 W, 94 %
2025/12/06 11:14:40.972, 144.01 W, 94 %
2025/12/06 11:14:41.072, 144.62 W, 94 %
2025/12/06 11:14:41.172, 144.87 W, 94 %
2025/12/06 11:14:41.272, 145.08 W, 94 %
2025/12/06 11:14:41.372, 144.86 W, 94 %
2025/12/06 11:14:41.473, 144.80 W, 94 %
2025/12/06 11:14:41.573, 144.98 W, 94 %
2025/12/06 11:14:41.673, 144.76 W, 94 %
2025/12/06 11:14:41.773, 144.65 W, 94 %
2025/12/06 11:14:41.873, 144.78 W, 94 %
2025/12/06 11:14:41.973, 145.08 W, 94 %
2025/12/06 11:14:42.073, 145.01 W, 94 %
2025/12/06 11:14:42.174, 144.84 W, 94 %
2025/12/06 11:14:42.274, 144.98 W, 94 %
2025/12/06 11:14:42.374, 144.82 W, 94 %
2025/12/06 11:14:42.474, 145.00 W, 94 %
2025/12/06 11:14:42.574, 145.04 W, 94 %
2025/12/06 11:14:42.674, 144.81 W, 94 %
2025/12/06 11:14:42.775, 144.82 W, 94 %
2025/12/06 11:14:42.875, 144.84 W, 94 %
2025/12/06 11:14:42.975, 144.91 W, 94 %
2025/12/06 11:14:43.075, 145.14 W, 94 %
2025/12/06 11:14:43.175, 145.26 W, 94 %
2025/12/06 11:14:43.275, 145.45 W, 94 %
2025/12/06 11:14:43.375, 145.20 W, 94 %
2025/12/06 11:14:43.476, 145.16 W, 94 %
2025/12/06 11:14:43.576, 145.28 W, 94 %
2025/12/06 11:14:43.676, 145.03 W, 94 %
2025/12/06 11:14:43.776, 145.15 W, 94 %
2025/12/06 11:14:43.876, 145.11 W, 94 %
2025/12/06 11:14:43.976, 145.33 W, 94 %
2025/12/06 11:14:44.076, 145.42 W, 94 %
2025/12/06 11:14:44.177, 145.03 W, 94 %
2025/12/06 11:14:44.277, 145.15 W, 94 %
2025/12/06 11:14:44.377, 145.10 W, 94 %
2025/12/06 11:14:44.477, 144.89 W, 94 %
2025/12/06 11:14:44.577, 144.93 W, 94 %
2025/12/06 11:14:44.677, 144.69 W, 94 %
2025/12/06 11:14:44.777, 144.63 W, 94 %
2025/12/06 11:14:44.877, 144.58 W, 94 %
2025/12/06 11:14:44.978, 144.79 W, 94 %
2025/12/06 11:14:45.078, 144.67 W, 94 %
2025/12/06 11:14:45.178, 144.46 W, 94 %
2025/12/06 11:14:45.278, 144.82 W, 94 %
2025/12/06 11:14:45.378, 144.54 W, 94 %
2025/12/06 11:14:45.478, 144.61 W, 94 %
2025/12/06 11:14:45.578, 145.10 W, 94 %
2025/12/06 11:14:45.679, 144.73 W, 94 %
2025/12/06 11:14:45.779, 144.68 W, 94 %
2025/12/06 11:14:45.879, 144.82 W, 94 %
2025/12/06 11:14:45.979, 144.93 W, 94 %
2025/12/06 11:14:46.079, 144.97 W, 94 %
2025/12/06 11:14:46.179, 144.91 W, 94 %
2025/12/06 11:14:46.280, 145.17 W, 94 %
2025/12/06 11:14:46.380, 144.82 W, 94 %
2025/12/06 11:14:46.480, 145.15 W, 94 %
2025/12/06 11:14:46.580, 145.23 W, 94 %
2025/12/06 11:14:46.680, 144.83 W, 94 %
2025/12/06 11:14:46.780, 144.95 W, 94 %
2025/12/06 11:14:46.880, 144.89 W, 94 %
2025/12/06 11:14:46.981, 145.06 W, 94 %
2025/12/06 11:14:47.081, 144.80 W, 93 %
2025/12/06 11:14:47.181, 144.66 W, 93 %
2025/12/06 11:14:47.281, 144.48 W, 94 %
2025/12/06 11:14:47.381, 144.62 W, 94 %
2025/12/06 11:14:47.481, 144.57 W, 93 %
2025/12/06 11:14:47.581, 144.40 W, 93 %
2025/12/06 11:14:47.682, 144.06 W, 94 %
2025/12/06 11:14:47.782, 144.19 W, 94 %
2025/12/06 11:14:47.882, 143.63 W, 92 %
2025/12/06 11:14:47.982, 143.65 W, 92 %
2025/12/06 11:14:48.082, 143.62 W, 94 %
2025/12/06 11:14:48.182, 143.51 W, 94 %
2025/12/06 11:14:48.282, 143.55 W, 93 %
2025/12/06 11:14:48.383, 143.88 W, 93 %
2025/12/06 11:14:48.483, 143.60 W, 94 %
2025/12/06 11:14:48.583, 143.95 W, 94 %
2025/12/06 11:14:48.683, 143.60 W, 93 %
2025/12/06 11:14:48.783, 143.74 W, 93 %
2025/12/06 11:14:48.883, 143.61 W, 93 %
2025/12/06 11:14:48.983, 144.46 W, 93 %
2025/12/06 11:14:49.084, 144.24 W, 93 %
2025/12/06 11:14:49.184, 144.00 W, 93 %
2025/12/06 11:14:49.284, 144.38 W, 94 %
2025/12/06 11:14:49.384, 144.63 W, 94 %
2025/12/06 11:14:49.484, 144.54 W, 93 %
2025/12/06 11:14:49.584, 144.79 W, 93 %
2025/12/06 11:14:49.684, 144.63 W, 94 %
2025/12/06 11:14:49.785, 144.66 W, 94 %
2025/12/06 11:14:49.885, 144.73 W, 92 %
2025/12/06 11:14:49.985, 144.65 W, 92 %
2025/12/06 11:14:50.085, 144.29 W, 94 %
2025/12/06 11:14:50.185, 144.63 W, 94 %
2025/12/06 11:14:50.285, 145.13 W, 93 %
2025/12/06 11:14:50.386, 145.00 W, 93 %
2025/12/06 11:14:50.486, 144.81 W, 94 %
2025/12/06 11:14:50.586, 144.82 W, 94 %
2025/12/06 11:14:50.686, 144.40 W, 93 %
2025/12/06 11:14:50.786, 144.27 W, 93 %
2025/12/06 11:14:50.886, 144.78 W, 93 %
2025/12/06 11:14:50.986, 144.75 W, 93 %
2025/12/06 11:14:51.087, 144.66 W, 93 %
2025/12/06 11:14:51.187, 144.93 W, 93 %
2025/12/06 11:14:51.287, 145.10 W, 94 %
2025/12/06 11:14:51.387, 144.84 W, 94 %
2025/12/06 11:14:51.487, 144.86 W, 93 %
2025/12/06 11:14:51.587, 144.77 W, 93 %
2025/12/06 11:14:51.687, 144.24 W, 94 %
2025/12/06 11:14:51.787, 144.42 W, 94 %
2025/12/06 11:14:51.888, 144.93 W, 92 %
2025/12/06 11:14:51.988, 144.65 W, 92 %
2025/12/06 11:14:52.088, 144.38 W, 94 %
2025/12/06 11:14:52.188, 144.82 W, 94 %
2025/12/06 11:14:52.288, 145.18 W, 93 %
2025/12/06 11:14:52.388, 144.86 W, 93 %
2025/12/06 11:14:52.489, 144.83 W, 94 %
2025/12/06 11:14:52.589, 144.81 W, 94 %
2025/12/06 11:14:52.689, 144.69 W, 93 %
2025/12/06 11:14:52.789, 145.24 W, 93 %
2025/12/06 11:14:52.889, 145.46 W, 93 %
2025/12/06 11:14:52.989, 145.06 W, 93 %
2025/12/06 11:14:53.089, 144.98 W, 93 %
2025/12/06 11:14:53.190, 145.36 W, 93 %
2025/12/06 11:14:53.290, 145.15 W, 94 %
2025/12/06 11:14:53.390, 144.88 W, 94 %
2025/12/06 11:14:53.490, 145.15 W, 93 %
2025/12/06 11:14:53.590, 145.25 W, 93 %
2025/12/06 11:14:53.690, 145.12 W, 94 %
2025/12/06 11:14:53.790, 145.22 W, 94 %
2025/12/06 11:14:53.891, 145.27 W, 92 %
2025/12/06 11:14:53.991, 144.89 W, 92 %
2025/12/06 11:14:54.091, 144.80 W, 94 %
2025/12/06 11:14:54.191, 144.96 W, 94 %
2025/12/06 11:14:54.291, 145.19 W, 93 %
2025/12/06 11:14:54.391, 145.16 W, 93 %
2025/12/06 11:14:54.491, 145.23 W, 94 %
2025/12/06 11:14:54.592, 145.23 W, 94 %
2025/12/06 11:14:54.692, 145.02 W, 93 %
2025/12/06 11:14:54.792, 145.17 W, 93 %
2025/12/06 11:14:54.892, 145.29 W, 93 %
2025/12/06 11:14:54.992, 145.18 W, 93 %
2025/12/06 11:14:55.092, 145.50 W, 93 %
2025/12/06 11:14:55.192, 145.44 W, 93 %
2025/12/06 11:14:55.293, 145.45 W, 94 %
2025/12/06 11:14:55.393, 145.22 W, 94 %
2025/12/06 11:14:55.493, 145.20 W, 93 %
2025/12/06 11:14:55.593, 145.16 W, 93 %
2025/12/06 11:14:55.693, 145.02 W, 94 %
2025/12/06 11:14:55.793, 145.05 W, 94 %
2025/12/06 11:14:55.893, 145.13 W, 92 %
2025/12/06 11:14:55.994, 144.85 W, 92 %
2025/12/06 11:14:56.094, 144.96 W, 94 %
2025/12/06 11:14:56.194, 144.79 W, 94 %
2025/12/06 11:14:56.294, 144.96 W, 93 %
2025/12/06 11:14:56.394, 145.07 W, 93 %
2025/12/06 11:14:56.494, 145.05 W, 94 %
2025/12/06 11:14:56.594, 145.06 W, 94 %
2025/12/06 11:14:56.695, 144.88 W, 93 %
2025/12/06 11:14:56.795, 144.88 W, 93 %
2025/12/06 11:14:56.895, 145.03 W, 93 %
2025/12/06 11:14:56.995, 144.60 W, 93 %
2025/12/06 11:14:57.095, 144.98 W, 93 %
2025/12/06 11:14:57.195, 144.61 W, 93 %
2025/12/06 11:14:57.295, 144.73 W, 94 %
2025/12/06 11:14:57.396, 144.68 W, 94 %
2025/12/06 11:14:57.496, 144.66 W, 94 %
2025/12/06 11:14:57.596, 144.54 W, 94 %
2025/12/06 11:14:57.696, 144.45 W, 94 %
2025/12/06 11:14:57.796, 143.74 W, 94 %
2025/12/06 11:14:57.896, 143.77 W, 94 %
2025/12/06 11:14:57.996, 143.50 W, 94 %
2025/12/06 11:14:58.097, 143.66 W, 94 %
2025/12/06 11:14:58.197, 143.28 W, 94 %
2025/12/06 11:14:58.297, 143.67 W, 94 %
2025/12/06 11:14:58.397, 143.60 W, 94 %
2025/12/06 11:14:58.497, 143.74 W, 94 %
2025/12/06 11:14:58.597, 143.60 W, 94 %
2025/12/06 11:14:58.697, 143.54 W, 94 %
2025/12/06 11:14:58.798, 143.37 W, 94 %
2025/12/06 11:14:58.898, 144.04 W, 94 %
2025/12/06 11:14:58.998, 143.96 W, 94 %
2025/12/06 11:14:59.098, 144.03 W, 94 %
2025/12/06 11:14:59.198, 143.95 W, 94 %
2025/12/06 11:14:59.298, 144.26 W, 94 %
2025/12/06 11:14:59.398, 144.24 W, 94 %
2025/12/06 11:14:59.499, 144.52 W, 94 %
2025/12/06 11:14:59.599, 144.30 W, 94 %
2025/12/06 11:14:59.699, 144.42 W, 94 %
2025/12/06 11:14:59.799, 144.43 W, 94 %
2025/12/06 11:14:59.899, 144.62 W, 94 %
2025/12/06 11:14:59.999, 144.75 W, 94 %
2025/12/06 11:15:00.099, 144.79 W, 94 %
2025/12/06 11:15:00.200, 144.69 W, 94 %
2025/12/06 11:15:00.300, 144.70 W, 94 %
2025/12/06 11:15:00.400, 144.79 W, 94 %
2025/12/06 11:15:00.500, 144.82 W, 94 %
2025/12/06 11:15:00.600, 144.45 W, 94 %
2025/12/06 11:15:00.700, 144.37 W, 94 %
2025/12/06 11:15:00.800, 144.27 W, 94 %
2025/12/06 11:15:00.901, 144.46 W, 94 %
2025/12/06 11:15:01.001, 144.76 W, 94 %
2025/12/06 11:15:01.101, 144.66 W, 94 %
2025/12/06 11:15:01.201, 144.49 W, 94 %
2025/12/06 11:15:01.301, 144.80 W, 94 %
2025/12/06 11:15:01.401, 145.03 W, 94 %
2025/12/06 11:15:01.501, 144.74 W, 94 %
2025/12/06 11:15:01.602, 144.51 W, 94 %
2025/12/06 11:15:01.702, 144.51 W, 94 %
2025/12/06 11:15:01.802, 144.89 W, 94 %
2025/12/06 11:15:01.902, 145.29 W, 94 %
2025/12/06 11:15:02.002, 145.14 W, 94 %
2025/12/06 11:15:02.102, 144.85 W, 94 %
2025/12/06 11:15:02.202, 144.78 W, 94 %
2025/12/06 11:15:02.303, 145.09 W, 94 %
2025/12/06 11:15:02.403, 145.11 W, 94 %
2025/12/06 11:15:02.503, 144.83 W, 94 %
2025/12/06 11:15:02.603, 145.08 W, 94 %
2025/12/06 11:15:02.703, 145.03 W, 94 %
2025/12/06 11:15:02.803, 145.18 W, 94 %
2025/12/06 11:15:02.903, 145.15 W, 94 %
2025/12/06 11:15:03.004, 145.14 W, 94 %
2025/12/06 11:15:03.104, 144.99 W, 94 %
2025/12/06 11:15:03.204, 144.88 W, 94 %
2025/12/06 11:15:03.304, 145.37 W, 94 %
2025/12/06 11:15:03.404, 145.10 W, 94 %
2025/12/06 11:15:03.504, 144.75 W, 94 %
2025/12/06 11:15:03.604, 144.76 W, 94 %
2025/12/06 11:15:03.705, 144.59 W, 94 %
2025/12/06 11:15:03.805, 145.08 W, 94 %
2025/12/06 11:15:03.905, 145.10 W, 94 %
2025/12/06 11:15:04.005, 144.99 W, 94 %
2025/12/06 11:15:04.105, 144.56 W, 94 %
2025/12/06 11:15:04.205, 144.94 W, 94 %
2025/12/06 11:15:04.305, 145.08 W, 94 %
2025/12/06 11:15:04.406, 144.57 W, 94 %
2025/12/06 11:15:04.506, 144.63 W, 94 %
2025/12/06 11:15:04.606, 144.79 W, 94 %
2025/12/06 11:15:04.706, 144.99 W, 94 %
2025/12/06 11:15:04.806, 145.15 W, 94 %
2025/12/06 11:15:04.906, 144.84 W, 94 %
2025/12/06 11:15:05.006, 144.84 W, 94 %
2025/12/06 11:15:05.107, 144.71 W, 94 %
2025/12/06 11:15:05.207, 144.74 W, 94 %
2025/12/06 11:15:05.307, 144.71 W, 94 %
2025/12/06 11:15:05.407, 144.55 W, 94 %
2025/12/06 11:15:05.507, 144.72 W, 94 %
2025/12/06 11:15:05.607, 144.71 W, 94 %
2025/12/06 11:15:05.708, 144.77 W, 94 %
2025/12/06 11:15:05.808, 145.25 W, 94 %
2025/12/06 11:15:05.908, 145.07 W, 94 %
2025/12/06 11:15:06.008, 145.09 W, 94 %
2025/12/06 11:15:06.108, 144.97 W, 94 %
2025/12/06 11:15:06.208, 145.04 W, 94 %
2025/12/06 11:15:06.308, 145.12 W, 94 %
2025/12/06 11:15:06.409, 144.75 W, 94 %
2025/12/06 11:15:06.509, 144.90 W, 94 %
2025/12/06 11:15:06.609, 144.83 W, 94 %
2025/12/06 11:15:06.709, 144.87 W, 94 %
2025/12/06 11:15:06.809, 145.00 W, 94 %
2025/12/06 11:15:06.909, 144.29 W, 94 %
2025/12/06 11:15:07.009, 144.69 W, 94 %
2025/12/06 11:15:07.110, 144.63 W, 94 %
2025/12/06 11:15:07.210, 144.90 W, 94 %
2025/12/06 11:15:07.310, 144.99 W, 93 %
2025/12/06 11:15:07.410, 144.80 W, 93 %
2025/12/06 11:15:07.510, 144.90 W, 94 %
2025/12/06 11:15:07.610, 144.88 W, 94 %
2025/12/06 11:15:07.710, 144.19 W, 92 %
2025/12/06 11:15:07.811, 144.30 W, 92 %
2025/12/06 11:15:07.911, 143.95 W, 94 %
2025/12/06 11:15:08.011, 144.28 W, 94 %
2025/12/06 11:15:08.111, 143.85 W, 93 %
2025/12/06 11:15:08.211, 143.94 W, 93 %
2025/12/06 11:15:08.311, 143.74 W, 94 %
2025/12/06 11:15:08.412, 143.73 W, 94 %
2025/12/06 11:15:08.512, 143.78 W, 93 %
2025/12/06 11:15:08.612, 143.63 W, 93 %
2025/12/06 11:15:08.712, 143.48 W, 93 %
2025/12/06 11:15:08.812, 144.03 W, 93 %
2025/12/06 11:15:08.912, 144.03 W, 93 %
2025/12/06 11:15:09.012, 144.49 W, 93 %
2025/12/06 11:15:09.113, 144.31 W, 94 %
2025/12/06 11:15:09.213, 144.35 W, 94 %
2025/12/06 11:15:09.313, 144.33 W, 93 %
2025/12/06 11:15:09.413, 144.41 W, 93 %
2025/12/06 11:15:09.513, 144.11 W, 94 %
2025/12/06 11:15:09.613, 144.12 W, 94 %
2025/12/06 11:15:09.713, 144.27 W, 93 %
2025/12/06 11:15:09.814, 144.40 W, 93 %
2025/12/06 11:15:09.914, 144.78 W, 94 %
2025/12/06 11:15:10.014, 144.67 W, 94 %
2025/12/06 11:15:10.114, 144.60 W, 93 %
2025/12/06 11:15:10.214, 144.63 W, 93 %
2025/12/06 11:15:10.314, 144.87 W, 94 %
2025/12/06 11:15:10.414, 144.57 W, 94 %
2025/12/06 11:15:10.515, 144.49 W, 93 %
2025/12/06 11:15:10.615, 144.63 W, 93 %
2025/12/06 11:15:10.715, 144.98 W, 93 %
2025/12/06 11:15:10.815, 145.28 W, 93 %
2025/12/06 11:15:10.915, 145.46 W, 93 %
2025/12/06 11:15:11.015, 145.15 W, 93 %
2025/12/06 11:15:11.115, 145.21 W, 94 %
2025/12/06 11:15:11.216, 144.91 W, 94 %
2025/12/06 11:15:11.316, 145.08 W, 93 %
2025/12/06 11:15:11.416, 144.89 W, 93 %
2025/12/06 11:15:11.516, 144.90 W, 94 %
2025/12/06 11:15:11.616, 145.01 W, 94 %
2025/12/06 11:15:11.716, 145.48 W, 92 %
2025/12/06 11:15:11.816, 144.98 W, 92 %
2025/12/06 11:15:11.917, 144.77 W, 94 %
2025/12/06 11:15:12.017, 144.79 W, 94 %
2025/12/06 11:15:12.117, 144.92 W, 93 %
2025/12/06 11:15:12.217, 145.01 W, 93 %
2025/12/06 11:15:12.317, 145.31 W, 94 %
2025/12/06 11:15:12.417, 144.93 W, 94 %
2025/12/06 11:15:12.517, 144.95 W, 93 %
2025/12/06 11:15:12.618, 145.10 W, 93 %
2025/12/06 11:15:12.718, 144.99 W, 93 %
2025/12/06 11:15:12.818, 144.56 W, 93 %
2025/12/06 11:15:12.918, 144.83 W, 93 %
2025/12/06 11:15:13.018, 144.85 W, 93 %
2025/12/06 11:15:13.118, 144.79 W, 94 %
2025/12/06 11:15:13.218, 144.93 W, 94 %
2025/12/06 11:15:13.319, 144.82 W, 93 %
2025/12/06 11:15:13.419, 144.26 W, 93 %
2025/12/06 11:15:13.519, 144.51 W, 94 %
2025/12/06 11:15:13.619, 144.64 W, 94 %
2025/12/06 11:15:13.719, 144.62 W, 92 %
2025/12/06 11:15:13.819, 144.51 W, 92 %
2025/12/06 11:15:13.919, 144.60 W, 94 %
2025/12/06 11:15:14.020, 144.70 W, 94 %
2025/12/06 11:15:14.120, 144.89 W, 93 %
2025/12/06 11:15:14.220, 144.71 W, 93 %
2025/12/06 11:15:14.320, 144.53 W, 94 %
2025/12/06 11:15:14.420, 144.48 W, 94 %
2025/12/06 11:15:14.520, 144.85 W, 93 %
2025/12/06 11:15:14.620, 144.60 W, 93 %
2025/12/06 11:15:14.721, 144.42 W, 93 %
2025/12/06 11:15:14.821, 144.49 W, 93 %
2025/12/06 11:15:14.921, 144.49 W, 93 %
2025/12/06 11:15:15.021, 144.65 W, 93 %
2025/12/06 11:15:15.121, 144.58 W, 94 %
2025/12/06 11:15:15.221, 143.96 W, 94 %
2025/12/06 11:15:15.321, 143.85 W, 94 %
2025/12/06 11:15:15.422, 144.01 W, 94 %
2025/12/06 11:15:15.522, 144.12 W, 94 %
2025/12/06 11:15:15.622, 143.23 W, 94 %
2025/12/06 11:15:15.722, 143.62 W, 94 %
2025/12/06 11:15:15.822, 143.62 W, 94 %
2025/12/06 11:15:15.922, 143.54 W, 94 %
2025/12/06 11:15:16.022, 143.60 W, 94 %
2025/12/06 11:15:16.123, 143.45 W, 94 %
2025/12/06 11:15:16.223, 143.24 W, 94 %
2025/12/06 11:15:16.323, 143.57 W, 94 %
2025/12/06 11:15:16.423, 143.74 W, 94 %
2025/12/06 11:15:16.523, 143.50 W, 94 %
2025/12/06 11:15:16.623, 143.18 W, 94 %
2025/12/06 11:15:16.723, 144.16 W, 94 %
2025/12/06 11:15:16.824, 143.81 W, 94 %
2025/12/06 11:15:16.924, 144.09 W, 94 %
2025/12/06 11:15:17.024, 144.28 W, 94 %
2025/12/06 11:15:17.124, 144.40 W, 94 %
2025/12/06 11:15:17.224, 144.40 W, 94 %
2025/12/06 11:15:17.324, 144.40 W, 94 %
2025/12/06 11:15:17.424, 144.16 W, 94 %
2025/12/06 11:15:17.525, 144.22 W, 94 %
2025/12/06 11:15:17.625, 144.57 W, 94 %
2025/12/06 11:15:17.725, 144.81 W, 94 %
2025/12/06 11:15:17.825, 144.62 W, 94 %
2025/12/06 11:15:17.925, 144.95 W, 94 %
2025/12/06 11:15:18.025, 144.87 W, 94 %
2025/12/06 11:15:18.125, 144.84 W, 94 %
2025/12/06 11:15:18.226, 144.74 W, 94 %
2025/12/06 11:15:18.326, 144.70 W, 94 %
2025/12/06 11:15:18.426, 144.80 W, 94 %
2025/12/06 11:15:18.526, 144.91 W, 94 %
2025/12/06 11:15:18.626, 144.85 W, 94 %
2025/12/06 11:15:18.726, 144.76 W, 94 %
2025/12/06 11:15:18.827, 144.75 W, 94 %
2025/12/06 11:15:18.927, 144.74 W, 94 %
2025/12/06 11:15:19.027, 144.73 W, 94 %
2025/12/06 11:15:19.127, 144.69 W, 94 %
2025/12/06 11:15:19.227, 144.83 W, 94 %
2025/12/06 11:15:19.327, 144.70 W, 94 %
2025/12/06 11:15:19.427, 144.83 W, 94 %
2025/12/06 11:15:19.528, 144.93 W, 94 %
2025/12/06 11:15:19.628, 145.34 W, 94 %
2025/12/06 11:15:19.728, 145.38 W, 94 %
2025/12/06 11:15:19.828, 145.23 W, 94 %
2025/12/06 11:15:19.928, 145.28 W, 94 %
2025/12/06 11:15:20.028, 145.45 W, 94 %
2025/12/06 11:15:20.128, 145.35 W, 94 %
2025/12/06 11:15:20.229, 145.45 W, 94 %
2025/12/06 11:15:20.329, 145.09 W, 94 %
2025/12/06 11:15:20.429, 145.24 W, 94 %
2025/12/06 11:15:20.529, 145.12 W, 94 %
2025/12/06 11:15:20.629, 145.18 W, 94 %
2025/12/06 11:15:20.729, 144.85 W, 94 %
2025/12/06 11:15:20.829, 144.71 W, 94 %
2025/12/06 11:15:20.930, 144.81 W, 94 %
2025/12/06 11:15:21.030, 144.90 W, 94 %
2025/12/06 11:15:21.130, 145.03 W, 94 %
2025/12/06 11:15:21.230, 145.20 W, 94 %
2025/12/06 11:15:21.330, 144.75 W, 94 %
2025/12/06 11:15:21.430, 144.89 W, 94 %
2025/12/06 11:15:21.530, 145.01 W, 94 %
2025/12/06 11:15:21.631, 145.02 W, 94 %
2025/12/06 11:15:21.731, 144.83 W, 94 %
2025/12/06 11:15:21.831, 144.85 W, 94 %
2025/12/06 11:15:21.931, 144.90 W, 94 %
2025/12/06 11:15:22.031, 144.90 W, 94 %
2025/12/06 11:15:22.131, 144.98 W, 94 %
2025/12/06 11:15:22.231, 144.82 W, 94 %
2025/12/06 11:15:22.332, 144.60 W, 94 %
2025/12/06 11:15:22.432, 144.84 W, 94 %
2025/12/06 11:15:22.532, 144.93 W, 94 %
2025/12/06 11:15:22.632, 144.89 W, 94 %
2025/12/06 11:15:22.732, 144.63 W, 94 %
2025/12/06 11:15:22.832, 144.80 W, 94 %
2025/12/06 11:15:22.932, 144.81 W, 94 %
2025/12/06 11:15:23.033, 144.87 W, 94 %
2025/12/06 11:15:23.133, 145.02 W, 94 %
2025/12/06 11:15:23.233, 145.08 W, 94 %
2025/12/06 11:15:23.333, 145.05 W, 94 %
2025/12/06 11:15:23.433, 145.01 W, 94 %
2025/12/06 11:15:23.533, 145.12 W, 94 %
2025/12/06 11:15:23.633, 144.96 W, 94 %
2025/12/06 11:15:23.734, 144.66 W, 94 %
2025/12/06 11:15:23.834, 145.08 W, 94 %
2025/12/06 11:15:23.934, 144.76 W, 94 %
2025/12/06 11:15:24.034, 144.72 W, 94 %
2025/12/06 11:15:24.134, 144.95 W, 94 %
2025/12/06 11:15:24.234, 144.88 W, 94 %
2025/12/06 11:15:24.334, 144.76 W, 94 %
2025/12/06 11:15:24.435, 144.77 W, 94 %
2025/12/06 11:15:24.535, 144.77 W, 94 %
2025/12/06 11:15:24.635, 144.69 W, 94 %
2025/12/06 11:15:24.735, 144.69 W, 94 %
2025/12/06 11:15:24.835, 144.80 W, 94 %
2025/12/06 11:15:24.935, 144.73 W, 94 %
2025/12/06 11:15:25.035, 144.98 W, 94 %
2025/12/06 11:15:25.136, 144.93 W, 94 %
2025/12/06 11:15:25.236, 144.85 W, 94 %
2025/12/06 11:15:25.336, 144.85 W, 94 %
2025/12/06 11:15:25.436, 144.83 W, 94 %
2025/12/06 11:15:25.536, 145.00 W, 94 %
2025/12/06 11:15:25.636, 145.09 W, 94 %
2025/12/06 11:15:25.736, 144.78 W, 94 %
2025/12/06 11:15:25.837, 144.73 W, 94 %
2025/12/06 11:15:25.937, 144.90 W, 94 %
2025/12/06 11:15:26.037, 145.05 W, 94 %
2025/12/06 11:15:26.137, 144.96 W, 94 %
2025/12/06 11:15:26.237, 144.95 W, 94 %
2025/12/06 11:15:26.337, 145.12 W, 93 %
2025/12/06 11:15:26.437, 144.62 W, 93 %
2025/12/06 11:15:26.538, 144.67 W, 93 %
2025/12/06 11:15:26.638, 143.93 W, 93 %
2025/12/06 11:15:26.738, 143.79 W, 93 %
2025/12/06 11:15:26.838, 143.87 W, 93 %
2025/12/06 11:15:26.938, 144.05 W, 94 %
2025/12/06 11:15:27.038, 144.10 W, 94 %
2025/12/06 11:15:27.138, 143.91 W, 93 %
2025/12/06 11:15:27.239, 143.85 W, 93 %
2025/12/06 11:15:27.339, 143.83 W, 94 %
2025/12/06 11:15:27.439, 143.21 W, 94 %
2025/12/06 11:15:27.539, 143.69 W, 92 %
2025/12/06 11:15:27.639, 143.45 W, 92 %
2025/12/06 11:15:27.739, 143.81 W, 94 %
2025/12/06 11:15:27.839, 144.18 W, 94 %
2025/12/06 11:15:27.940, 144.37 W, 94 %
2025/12/06 11:15:28.040, 144.29 W, 94 %
2025/12/06 11:15:28.140, 144.21 W, 94 %
2025/12/06 11:15:28.240, 144.26 W, 94 %
2025/12/06 11:15:28.340, 144.28 W, 94 %
2025/12/06 11:15:28.440, 144.16 W, 94 %
2025/12/06 11:15:28.540, 144.77 W, 94 %
2025/12/06 11:15:28.641, 144.33 W, 94 %
2025/12/06 11:15:28.741, 144.62 W, 94 %
2025/12/06 11:15:28.841, 144.89 W, 94 %
2025/12/06 11:15:28.941, 144.68 W, 94 %
2025/12/06 11:15:29.041, 144.63 W, 94 %
2025/12/06 11:15:29.141, 144.73 W, 94 %
2025/12/06 11:15:29.242, 144.72 W, 94 %
2025/12/06 11:15:29.342, 144.72 W, 94 %
2025/12/06 11:15:29.442, 144.79 W, 94 %
2025/12/06 11:15:29.542, 144.83 W, 94 %
2025/12/06 11:15:29.642, 144.31 W, 94 %
2025/12/06 11:15:29.742, 144.65 W, 94 %
2025/12/06 11:15:29.842, 144.62 W, 94 %
2025/12/06 11:15:29.943, 144.46 W, 94 %
2025/12/06 11:15:30.043, 144.40 W, 94 %
2025/12/06 11:15:30.143, 144.52 W, 94 %
2025/12/06 11:15:30.243, 144.60 W, 94 %
2025/12/06 11:15:30.343, 144.73 W, 94 %
2025/12/06 11:15:30.443, 144.74 W, 94 %
2025/12/06 11:15:30.543, 144.65 W, 94 %
2025/12/06 11:15:30.644, 144.52 W, 94 %
2025/12/06 11:15:30.744, 144.94 W, 94 %
2025/12/06 11:15:30.844, 144.94 W, 94 %
2025/12/06 11:15:30.944, 144.66 W, 94 %
2025/12/06 11:15:31.044, 145.18 W, 94 %
2025/12/06 11:15:31.144, 145.48 W, 94 %
2025/12/06 11:15:31.244, 145.43 W, 94 %
2025/12/06 11:15:31.345, 145.03 W, 94 %
2025/12/06 11:15:31.445, 145.46 W, 94 %
2025/12/06 11:15:31.545, 145.32 W, 94 %
2025/12/06 11:15:31.645, 145.03 W, 94 %
2025/12/06 11:15:31.745, 145.12 W, 94 %
2025/12/06 11:15:31.845, 145.22 W, 94 %
2025/12/06 11:15:31.945, 145.07 W, 94 %
2025/12/06 11:15:32.046, 145.46 W, 94 %
2025/12/06 11:15:32.146, 145.30 W, 94 %
2025/12/06 11:15:32.246, 145.04 W, 94 %
2025/12/06 11:15:32.346, 144.72 W, 94 %
2025/12/06 11:15:32.446, 145.22 W, 94 %
2025/12/06 11:15:32.546, 144.56 W, 94 %
2025/12/06 11:15:32.646, 144.56 W, 94 %
2025/12/06 11:15:32.747, 144.78 W, 94 %
2025/12/06 11:15:32.847, 144.50 W, 94 %
2025/12/06 11:15:32.947, 144.38 W, 94 %
2025/12/06 11:15:33.047, 144.90 W, 94 %
2025/12/06 11:15:33.147, 144.75 W, 94 %
2025/12/06 11:15:33.247, 144.38 W, 94 %
2025/12/06 11:15:33.347, 144.63 W, 94 %
2025/12/06 11:15:33.448, 145.14 W, 94 %
2025/12/06 11:15:33.548, 144.66 W, 94 %
2025/12/06 11:15:33.648, 144.67 W, 94 %
2025/12/06 11:15:33.748, 145.08 W, 94 %
2025/12/06 11:15:33.848, 144.84 W, 94 %
2025/12/06 11:15:33.948, 145.29 W, 94 %
2025/12/06 11:15:34.048, 145.28 W, 94 %
2025/12/06 11:15:34.149, 145.04 W, 94 %
2025/12/06 11:15:34.249, 145.17 W, 94 %
2025/12/06 11:15:34.349, 145.38 W, 94 %
2025/12/06 11:15:34.449, 145.41 W, 94 %
2025/12/06 11:15:34.549, 144.98 W, 94 %
2025/12/06 11:15:34.649, 145.25 W, 94 %
2025/12/06 11:15:34.749, 145.33 W, 94 %
2025/12/06 11:15:34.850, 145.01 W, 94 %
2025/12/06 11:15:34.950, 145.38 W, 94 %
2025/12/06 11:15:35.050, 145.37 W, 94 %
2025/12/06 11:15:35.150, 145.46 W, 94 %
2025/12/06 11:15:35.250, 145.41 W, 94 %
2025/12/06 11:15:35.350, 145.06 W, 94 %
2025/12/06 11:15:35.450, 145.27 W, 94 %
2025/12/06 11:15:35.551, 144.95 W, 94 %
2025/12/06 11:15:35.651, 145.13 W, 94 %
2025/12/06 11:15:35.751, 145.19 W, 94 %
2025/12/06 11:15:35.851, 145.46 W, 94 %
2025/12/06 11:15:35.951, 145.44 W, 94 %
2025/12/06 11:15:36.051, 145.41 W, 94 %
2025/12/06 11:15:36.151, 145.03 W, 93 %
2025/12/06 11:15:36.252, 144.86 W, 93 %
2025/12/06 11:15:36.352, 143.57 W, 90 %
2025/12/06 11:15:36.452, 143.72 W, 90 %
2025/12/06 11:15:36.552, 143.10 W, 93 %
2025/12/06 11:15:36.652, 143.24 W, 93 %
2025/12/06 11:15:36.752, 142.90 W, 94 %
2025/12/06 11:15:36.852, 143.05 W, 94 %
2025/12/06 11:15:36.953, 142.56 W, 93 %
2025/12/06 11:15:37.053, 142.65 W, 93 %
2025/12/06 11:15:37.153, 142.66 W, 94 %
2025/12/06 11:15:37.253, 142.65 W, 94 %
2025/12/06 11:15:37.353, 142.11 W, 92 %
2025/12/06 11:15:37.453, 143.39 W, 92 %
2025/12/06 11:15:37.553, 143.16 W, 94 %
2025/12/06 11:15:37.654, 143.79 W, 94 %
2025/12/06 11:15:37.754, 143.80 W, 93 %
2025/12/06 11:15:37.854, 144.11 W, 93 %
2025/12/06 11:15:37.954, 143.86 W, 94 %
2025/12/06 11:15:38.054, 144.18 W, 94 %
2025/12/06 11:15:38.154, 144.13 W, 93 %
2025/12/06 11:15:38.254, 143.97 W, 93 %
2025/12/06 11:15:38.355, 144.05 W, 93 %
2025/12/06 11:15:38.455, 144.56 W, 93 %
2025/12/06 11:15:38.555, 144.40 W, 93 %
2025/12/06 11:15:38.655, 144.76 W, 93 %
2025/12/06 11:15:38.755, 144.50 W, 94 %
2025/12/06 11:15:38.855, 144.44 W, 94 %
2025/12/06 11:15:38.955, 144.61 W, 93 %
2025/12/06 11:15:39.056, 144.52 W, 93 %
2025/12/06 11:15:39.156, 144.54 W, 94 %
2025/12/06 11:15:39.256, 144.37 W, 94 %
2025/12/06 11:15:39.356, 144.38 W, 93 %
2025/12/06 11:15:39.456, 144.31 W, 93 %
2025/12/06 11:15:39.556, 144.17 W, 94 %
2025/12/06 11:15:39.656, 144.40 W, 94 %
2025/12/06 11:15:39.757, 144.42 W, 93 %
2025/12/06 11:15:39.857, 144.30 W, 93 %
2025/12/06 11:15:39.957, 144.53 W, 94 %
2025/12/06 11:15:40.057, 144.51 W, 94 %
2025/12/06 11:15:40.157, 144.72 W, 93 %
2025/12/06 11:15:40.257, 144.55 W, 93 %
2025/12/06 11:15:40.358, 144.78 W, 93 %
2025/12/06 11:15:40.458, 144.79 W, 93 %
2025/12/06 11:15:40.558, 145.20 W, 93 %
2025/12/06 11:15:40.658, 145.39 W, 93 %
2025/12/06 11:15:40.758, 145.19 W, 94 %
2025/12/06 11:15:40.858, 145.07 W, 94 %
2025/12/06 11:15:40.958, 145.46 W, 93 %
2025/12/06 11:15:41.059, 145.24 W, 93 %
2025/12/06 11:15:41.159, 144.97 W, 94 %
2025/12/06 11:15:41.259, 144.87 W, 94 %
2025/12/06 11:15:41.359, 145.30 W, 92 %
2025/12/06 11:15:41.459, 144.97 W, 92 %
2025/12/06 11:15:41.559, 145.06 W, 94 %
2025/12/06 11:15:41.659, 145.14 W, 94 %
2025/12/06 11:15:41.760, 145.07 W, 93 %
2025/12/06 11:15:41.860, 145.10 W, 93 %
2025/12/06 11:15:41.960, 145.29 W, 94 %
2025/12/06 11:15:42.060, 144.99 W, 94 %
2025/12/06 11:15:42.160, 144.90 W, 94 %
2025/12/06 11:15:42.260, 145.23 W, 94 %
2025/12/06 11:15:42.360, 145.24 W, 93 %
2025/12/06 11:15:42.461, 144.88 W, 93 %
2025/12/06 11:15:42.561, 145.36 W, 93 %
2025/12/06 11:15:42.661, 145.56 W, 93 %
2025/12/06 11:15:42.761, 145.19 W, 94 %
2025/12/06 11:15:42.861, 145.14 W, 94 %
2025/12/06 11:15:42.961, 145.29 W, 93 %
2025/12/06 11:15:43.061, 144.95 W, 93 %
2025/12/06 11:15:43.162, 144.93 W, 94 %
2025/12/06 11:15:43.262, 144.98 W, 94 %
2025/12/06 11:15:43.362, 144.84 W, 92 %
2025/12/06 11:15:43.462, 144.96 W, 92 %
2025/12/06 11:15:43.562, 145.12 W, 94 %
2025/12/06 11:15:43.662, 144.91 W, 94 %
2025/12/06 11:15:43.762, 144.58 W, 94 %
2025/12/06 11:15:43.863, 144.79 W, 94 %
2025/12/06 11:15:43.963, 145.02 W, 94 %
2025/12/06 11:15:44.063, 144.86 W, 94 %
2025/12/06 11:15:44.163, 145.13 W, 93 %
2025/12/06 11:15:44.263, 145.35 W, 93 %
2025/12/06 11:15:44.363, 145.39 W, 93 %
2025/12/06 11:15:44.463, 145.37 W, 93 %
2025/12/06 11:15:44.564, 145.32 W, 93 %
2025/12/06 11:15:44.664, 145.40 W, 93 %
2025/12/06 11:15:44.764, 145.32 W, 94 %
2025/12/06 11:15:44.864, 145.33 W, 94 %
2025/12/06 11:15:44.964, 145.39 W, 94 %
2025/12/06 11:15:45.064, 145.14 W, 94 %
2025/12/06 11:15:45.164, 145.28 W, 94 %
2025/12/06 11:15:45.265, 144.64 W, 94 %
2025/12/06 11:15:45.365, 144.34 W, 94 %
2025/12/06 11:15:45.465, 144.28 W, 94 %
2025/12/06 11:15:45.565, 144.34 W, 94 %
2025/12/06 11:15:45.665, 144.14 W, 94 %
2025/12/06 11:15:45.765, 144.09 W, 94 %
2025/12/06 11:15:45.865, 143.95 W, 94 %
2025/12/06 11:15:45.966, 144.05 W, 94 %
2025/12/06 11:15:46.066, 143.90 W, 94 %
2025/12/06 11:15:46.166, 144.04 W, 94 %
2025/12/06 11:15:46.266, 143.61 W, 94 %
2025/12/06 11:15:46.366, 144.09 W, 94 %
2025/12/06 11:15:46.466, 144.15 W, 94 %
2025/12/06 11:15:46.566, 144.33 W, 94 %
2025/12/06 11:15:46.667, 144.20 W, 94 %
2025/12/06 11:15:46.767, 144.21 W, 94 %
2025/12/06 11:15:46.867, 143.91 W, 94 %
2025/12/06 11:15:46.967, 143.94 W, 94 %
2025/12/06 11:15:47.067, 143.90 W, 94 %
2025/12/06 11:15:47.167, 143.92 W, 94 %
2025/12/06 11:15:47.267, 143.45 W, 94 %
2025/12/06 11:15:47.368, 143.92 W, 94 %
2025/12/06 11:15:47.468, 144.13 W, 94 %
2025/12/06 11:15:47.568, 144.29 W, 94 %
2025/12/06 11:15:47.668, 144.19 W, 94 %
2025/12/06 11:15:47.768, 144.03 W, 94 %
2025/12/06 11:15:47.868, 144.30 W, 94 %
2025/12/06 11:15:47.968, 144.38 W, 94 %
2025/12/06 11:15:48.069, 144.29 W, 94 %
2025/12/06 11:15:48.169, 144.31 W, 94 %
2025/12/06 11:15:48.269, 144.54 W, 94 %
2025/12/06 11:15:48.369, 144.97 W, 94 %
2025/12/06 11:15:48.469, 144.85 W, 94 %
2025/12/06 11:15:48.569, 144.78 W, 94 %
2025/12/06 11:15:48.669, 144.79 W, 94 %
2025/12/06 11:15:48.770, 144.90 W, 94 %
2025/12/06 11:15:48.870, 144.88 W, 94 %
2025/12/06 11:15:48.970, 144.60 W, 94 %
2025/12/06 11:15:49.070, 144.56 W, 94 %
2025/12/06 11:15:49.170, 144.80 W, 94 %
2025/12/06 11:15:49.270, 144.90 W, 94 %
2025/12/06 11:15:49.370, 144.67 W, 94 %
2025/12/06 11:15:49.471, 144.67 W, 94 %
2025/12/06 11:15:49.571, 144.86 W, 94 %
2025/12/06 11:15:49.671, 144.89 W, 94 %
2025/12/06 11:15:49.771, 144.74 W, 94 %
2025/12/06 11:15:49.871, 144.58 W, 94 %
2025/12/06 11:15:49.971, 144.63 W, 94 %
2025/12/06 11:15:50.071, 144.86 W, 94 %
2025/12/06 11:15:50.172, 144.79 W, 94 %
2025/12/06 11:15:50.272, 144.96 W, 94 %
2025/12/06 11:15:50.372, 145.06 W, 94 %
2025/12/06 11:15:50.472, 145.05 W, 94 %
2025/12/06 11:15:50.572, 145.17 W, 94 %
2025/12/06 11:15:50.672, 145.12 W, 94 %
2025/12/06 11:15:50.773, 144.84 W, 94 %
2025/12/06 11:15:50.873, 145.01 W, 94 %
2025/12/06 11:15:50.973, 145.03 W, 94 %
2025/12/06 11:15:51.073, 145.12 W, 94 %
2025/12/06 11:15:51.173, 144.80 W, 94 %
2025/12/06 11:15:51.273, 145.27 W, 94 %
2025/12/06 11:15:51.373, 145.06 W, 94 %
2025/12/06 11:15:51.474, 144.76 W, 94 %
2025/12/06 11:15:51.574, 144.79 W, 94 %
2025/12/06 11:15:51.674, 144.88 W, 94 %
2025/12/06 11:15:51.774, 144.70 W, 94 %
2025/12/06 11:15:51.874, 145.03 W, 94 %
2025/12/06 11:15:51.974, 144.90 W, 94 %
2025/12/06 11:15:52.074, 144.94 W, 94 %
2025/12/06 11:15:52.175, 144.89 W, 94 %
2025/12/06 11:15:52.275, 145.37 W, 94 %
2025/12/06 11:15:52.375, 145.00 W, 94 %
2025/12/06 11:15:52.475, 145.12 W, 94 %
2025/12/06 11:15:52.575, 145.54 W, 94 %
2025/12/06 11:15:52.675, 145.48 W, 94 %
2025/12/06 11:15:52.775, 145.54 W, 94 %
2025/12/06 11:15:52.876, 145.45 W, 94 %
2025/12/06 11:15:52.976, 145.13 W, 94 %
2025/12/06 11:15:53.076, 145.10 W, 94 %
2025/12/06 11:15:53.176, 145.12 W, 94 %
2025/12/06 11:15:53.276, 145.26 W, 94 %
2025/12/06 11:15:53.376, 144.84 W, 94 %
2025/12/06 11:15:53.476, 144.90 W, 94 %
2025/12/06 11:15:53.577, 144.90 W, 94 %
2025/12/06 11:15:53.677, 144.92 W, 94 %
2025/12/06 11:15:53.777, 144.76 W, 94 %
2025/12/06 11:15:53.877, 144.52 W, 94 %
2025/12/06 11:15:53.977, 144.77 W, 94 %
2025/12/06 11:15:54.077, 144.94 W, 94 %
2025/12/06 11:15:54.177, 144.86 W, 94 %
2025/12/06 11:15:54.278, 145.05 W, 94 %
2025/12/06 11:15:54.378, 144.80 W, 94 %
2025/12/06 11:15:54.478, 144.90 W, 94 %
2025/12/06 11:15:54.578, 144.97 W, 94 %
2025/12/06 11:15:54.678, 144.93 W, 94 %
2025/12/06 11:15:54.778, 144.59 W, 94 %
2025/12/06 11:15:54.878, 144.75 W, 94 %
2025/12/06 11:15:54.979, 144.65 W, 94 %
2025/12/06 11:15:55.079, 144.50 W, 94 %
2025/12/06 11:15:55.179, 144.46 W, 94 %
2025/12/06 11:15:55.279, 144.68 W, 94 %
2025/12/06 11:15:55.379, 144.36 W, 94 %
2025/12/06 11:15:55.479, 144.48 W, 94 %
2025/12/06 11:15:55.579, 144.61 W, 94 %
2025/12/06 11:15:55.680, 144.66 W, 94 %
2025/12/06 11:15:55.780, 144.49 W, 94 %
2025/12/06 11:15:55.880, 144.54 W, 94 %
2025/12/06 11:15:55.980, 144.71 W, 93 %
2025/12/06 11:15:56.080, 144.69 W, 93 %
2025/12/06 11:15:56.180, 144.68 W, 93 %
2025/12/06 11:15:56.280, 144.91 W, 93 %
2025/12/06 11:15:56.381, 144.60 W, 93 %
2025/12/06 11:15:56.481, 144.53 W, 93 %
2025/12/06 11:15:56.581, 144.71 W, 94 %
2025/12/06 11:15:56.681, 144.76 W, 94 %
2025/12/06 11:15:56.781, 144.30 W, 93 %
2025/12/06 11:15:56.881, 144.31 W, 93 %
2025/12/06 11:15:56.981, 144.31 W, 94 %
2025/12/06 11:15:57.082, 144.09 W, 94 %
2025/12/06 11:15:57.182, 143.72 W, 93 %
2025/12/06 11:15:57.282, 143.67 W, 93 %
2025/12/06 11:15:57.382, 143.29 W, 94 %
2025/12/06 11:15:57.482, 143.45 W, 94 %
2025/12/06 11:15:57.582, 143.66 W, 93 %
2025/12/06 11:15:57.682, 143.58 W, 93 %
2025/12/06 11:15:57.783, 143.52 W, 94 %
2025/12/06 11:15:57.883, 143.84 W, 94 %
2025/12/06 11:15:57.983, 143.88 W, 93 %
2025/12/06 11:15:58.083, 143.72 W, 93 %
2025/12/06 11:15:58.183, 143.80 W, 93 %
2025/12/06 11:15:58.283, 144.14 W, 93 %
2025/12/06 11:15:58.383, 144.28 W, 93 %
2025/12/06 11:15:58.484, 144.52 W, 93 %
2025/12/06 11:15:58.584, 144.64 W, 94 %
2025/12/06 11:15:58.684, 144.72 W, 94 %
2025/12/06 11:15:58.784, 144.95 W, 93 %
2025/12/06 11:15:58.884, 144.67 W, 93 %
2025/12/06 11:15:58.984, 144.88 W, 94 %
2025/12/06 11:15:59.084, 144.86 W, 94 %
2025/12/06 11:15:59.185, 145.10 W, 92 %
2025/12/06 11:15:59.285, 145.00 W, 92 %
2025/12/06 11:15:59.385, 145.21 W, 94 %
2025/12/06 11:15:59.485, 145.34 W, 94 %
2025/12/06 11:15:59.585, 145.17 W, 93 %
2025/12/06 11:15:59.685, 145.20 W, 93 %
2025/12/06 11:15:59.785, 145.20 W, 94 %
2025/12/06 11:15:59.886, 144.95 W, 94 %
2025/12/06 11:15:59.986, 145.20 W, 93 %
2025/12/06 11:16:00.086, 144.96 W, 93 %
2025/12/06 11:16:00.186, 145.20 W, 93 %
2025/12/06 11:16:00.286, 144.94 W, 93 %
2025/12/06 11:16:00.386, 145.22 W, 93 %
2025/12/06 11:16:00.486, 145.49 W, 93 %
2025/12/06 11:16:00.587, 145.15 W, 94 %
2025/12/06 11:16:00.687, 145.22 W, 94 %
2025/12/06 11:16:00.787, 145.28 W, 93 %
2025/12/06 11:16:00.887, 145.24 W, 93 %
2025/12/06 11:16:00.987, 145.20 W, 94 %
2025/12/06 11:16:01.087, 144.97 W, 94 %
2025/12/06 11:16:01.187, 145.16 W, 93 %
2025/12/06 11:16:01.288, 144.99 W, 93 %
2025/12/06 11:16:01.388, 145.37 W, 94 %
2025/12/06 11:16:01.488, 145.27 W, 94 %
2025/12/06 11:16:01.588, 145.14 W, 93 %
2025/12/06 11:16:01.688, 145.28 W, 93 %
2025/12/06 11:16:01.788, 145.11 W, 94 %
2025/12/06 11:16:01.888, 145.15 W, 94 %
2025/12/06 11:16:01.989, 145.17 W, 93 %
2025/12/06 11:16:02.089, 145.09 W, 93 %
2025/12/06 11:16:02.189, 145.24 W, 93 %
2025/12/06 11:16:02.289, 145.09 W, 93 %
2025/12/06 11:16:02.389, 145.24 W, 93 %
2025/12/06 11:16:02.489, 145.14 W, 93 %
2025/12/06 11:16:02.589, 145.03 W, 94 %
2025/12/06 11:16:02.690, 144.96 W, 94 %
2025/12/06 11:16:02.790, 145.07 W, 93 %
2025/12/06 11:16:02.890, 145.33 W, 93 %
2025/12/06 11:16:02.990, 145.24 W, 94 %
2025/12/06 11:16:03.090, 145.00 W, 94 %
2025/12/06 11:16:03.190, 145.22 W, 92 %
2025/12/06 11:16:03.290, 145.17 W, 92 %
2025/12/06 11:16:03.391, 145.28 W, 94 %
2025/12/06 11:16:03.491, 145.17 W, 94 %
2025/12/06 11:16:03.591, 145.29 W, 93 %
2025/12/06 11:16:03.691, 145.08 W, 93 %
2025/12/06 11:16:03.791, 145.05 W, 94 %
2025/12/06 11:16:03.891, 145.14 W, 94 %
2025/12/06 11:16:03.991, 144.98 W, 93 %
2025/12/06 11:16:04.092, 144.77 W, 93 %
2025/12/06 11:16:04.192, 144.98 W, 93 %
2025/12/06 11:16:04.292, 144.76 W, 93 %
2025/12/06 11:16:04.392, 145.19 W, 93 %
2025/12/06 11:16:04.492, 144.94 W, 93 %
2025/12/06 11:16:04.592, 145.15 W, 94 %
2025/12/06 11:16:04.692, 144.76 W, 94 %
2025/12/06 11:16:04.793, 145.13 W, 93 %
2025/12/06 11:16:04.893, 145.13 W, 93 %
2025/12/06 11:16:04.993, 144.85 W, 94 %
2025/12/06 11:16:05.093, 144.88 W, 94 %
2025/12/06 11:16:05.193, 144.94 W, 92 %
2025/12/06 11:16:05.293, 144.98 W, 92 %
2025/12/06 11:16:05.393, 145.10 W, 94 %
2025/12/06 11:16:05.494, 144.66 W, 94 %
2025/12/06 11:16:05.594, 144.86 W, 93 %
2025/12/06 11:16:05.694, 144.54 W, 93 %
2025/12/06 11:16:05.794, 144.64 W, 94 %
2025/12/06 11:16:05.894, 144.60 W, 94 %
2025/12/06 11:16:05.994, 144.38 W, 94 %
2025/12/06 11:16:06.094, 143.68 W, 94 %
2025/12/06 11:16:06.195, 143.91 W, 94 %
2025/12/06 11:16:06.295, 143.69 W, 94 %
2025/12/06 11:16:06.395, 143.74 W, 94 %
2025/12/06 11:16:06.495, 143.69 W, 94 %
2025/12/06 11:16:06.595, 143.72 W, 94 %
2025/12/06 11:16:06.695, 143.30 W, 94 %
2025/12/06 11:16:06.795, 143.36 W, 94 %
2025/12/06 11:16:06.896, 143.47 W, 94 %
2025/12/06 11:16:06.996, 143.35 W, 94 %
2025/12/06 11:16:07.096, 143.32 W, 94 %
2025/12/06 11:16:07.196, 143.89 W, 94 %
2025/12/06 11:16:07.296, 143.65 W, 94 %
2025/12/06 11:16:07.396, 143.85 W, 94 %
2025/12/06 11:16:07.496, 143.70 W, 94 %
2025/12/06 11:16:07.597, 143.59 W, 94 %
2025/12/06 11:16:07.697, 143.74 W, 94 %
2025/12/06 11:16:07.797, 144.18 W, 94 %
2025/12/06 11:16:07.897, 144.12 W, 94 %
2025/12/06 11:16:07.997, 144.06 W, 94 %
2025/12/06 11:16:08.097, 143.96 W, 94 %
2025/12/06 11:16:08.197, 144.32 W, 94 %
2025/12/06 11:16:08.298, 144.60 W, 94 %
2025/12/06 11:16:08.398, 144.51 W, 94 %
2025/12/06 11:16:08.498, 144.42 W, 94 %
2025/12/06 11:16:08.598, 144.58 W, 94 %
2025/12/06 11:16:08.698, 144.80 W, 94 %
2025/12/06 11:16:08.798, 144.75 W, 94 %
2025/12/06 11:16:08.898, 144.48 W, 94 %
2025/12/06 11:16:08.999, 144.47 W, 94 %
2025/12/06 11:16:09.099, 144.72 W, 94 %
2025/12/06 11:16:09.199, 144.68 W, 94 %
2025/12/06 11:16:09.299, 144.50 W, 94 %
2025/12/06 11:16:09.399, 144.39 W, 94 %
2025/12/06 11:16:09.499, 144.45 W, 94 %
2025/12/06 11:16:09.599, 144.61 W, 94 %
2025/12/06 11:16:09.700, 144.38 W, 94 %
2025/12/06 11:16:09.800, 144.40 W, 94 %
2025/12/06 11:16:09.900, 144.10 W, 94 %
2025/12/06 11:16:10.000, 144.40 W, 94 %
2025/12/06 11:16:10.100, 144.71 W, 94 %
2025/12/06 11:16:10.200, 144.67 W, 94 %
2025/12/06 11:16:10.301, 144.94 W, 94 %
2025/12/06 11:16:10.401, 144.86 W, 94 %
2025/12/06 11:16:10.501, 144.79 W, 94 %
2025/12/06 11:16:10.601, 145.03 W, 94 %
2025/12/06 11:16:10.701, 144.90 W, 94 %
2025/12/06 11:16:10.801, 145.10 W, 94 %
2025/12/06 11:16:10.901, 145.05 W, 94 %
2025/12/06 11:16:11.002, 145.24 W, 94 %
2025/12/06 11:16:11.102, 145.47 W, 94 %
2025/12/06 11:16:11.202, 145.24 W, 94 %
2025/12/06 11:16:11.302, 145.14 W, 94 %
2025/12/06 11:16:11.402, 144.78 W, 94 %
2025/12/06 11:16:11.502, 144.93 W, 94 %
2025/12/06 11:16:11.602, 145.10 W, 94 %
2025/12/06 11:16:11.703, 144.85 W, 94 %
2025/12/06 11:16:11.803, 145.10 W, 94 %
2025/12/06 11:16:11.903, 145.05 W, 94 %
2025/12/06 11:16:12.003, 145.03 W, 94 %
2025/12/06 11:16:12.103, 145.12 W, 94 %
2025/12/06 11:16:12.203, 144.89 W, 94 %
2025/12/06 11:16:12.303, 145.08 W, 94 %
2025/12/06 11:16:12.404, 144.72 W, 94 %
2025/12/06 11:16:12.504, 145.07 W, 94 %
2025/12/06 11:16:12.604, 145.10 W, 94 %
2025/12/06 11:16:12.704, 144.96 W, 94 %
2025/12/06 11:16:12.804, 145.12 W, 94 %
2025/12/06 11:16:12.904, 144.88 W, 94 %
2025/12/06 11:16:13.004, 144.92 W, 94 %
2025/12/06 11:16:13.105, 145.13 W, 94 %
2025/12/06 11:16:13.205, 145.11 W, 94 %
2025/12/06 11:16:13.305, 145.12 W, 94 %
2025/12/06 11:16:13.405, 144.88 W, 94 %
2025/12/06 11:16:13.505, 145.24 W, 94 %
2025/12/06 11:16:13.605, 144.88 W, 94 %
2025/12/06 11:16:13.705, 144.86 W, 94 %
2025/12/06 11:16:13.806, 144.93 W, 94 %
2025/12/06 11:16:13.906, 145.05 W, 94 %
2025/12/06 11:16:14.006, 145.07 W, 94 %
2025/12/06 11:16:14.106, 145.20 W, 94 %
2025/12/06 11:16:14.206, 145.14 W, 94 %
2025/12/06 11:16:14.306, 145.24 W, 94 %
2025/12/06 11:16:14.406, 144.93 W, 94 %
2025/12/06 11:16:14.507, 144.82 W, 94 %
2025/12/06 11:16:14.607, 144.87 W, 94 %
2025/12/06 11:16:14.707, 145.23 W, 94 %
2025/12/06 11:16:14.807, 144.82 W, 94 %
2025/12/06 11:16:14.907, 144.97 W, 94 %
2025/12/06 11:16:15.007, 144.80 W, 94 %
2025/12/06 11:16:15.107, 145.38 W, 94 %
2025/12/06 11:16:15.208, 145.39 W, 94 %
2025/12/06 11:16:15.308, 145.45 W, 94 %
2025/12/06 11:16:15.408, 145.49 W, 94 %
2025/12/06 11:16:15.508, 145.49 W, 94 %
2025/12/06 11:16:15.608, 145.97 W, 94 %
2025/12/06 11:16:15.708, 145.66 W, 94 %
2025/12/06 11:16:15.808, 145.63 W, 94 %
2025/12/06 11:16:15.909, 145.70 W, 94 %
2025/12/06 11:16:16.009, 145.37 W, 94 %
2025/12/06 11:16:16.109, 145.51 W, 94 %
2025/12/06 11:16:16.209, 145.21 W, 94 %
2025/12/06 11:16:16.309, 145.18 W, 94 %
2025/12/06 11:16:16.409, 145.10 W, 94 %
2025/12/06 11:16:16.509, 144.98 W, 94 %
2025/12/06 11:16:16.610, 145.30 W, 94 %
2025/12/06 11:16:16.710, 145.06 W, 94 %
2025/12/06 11:16:16.810, 145.37 W, 94 %
2025/12/06 11:16:16.910, 144.90 W, 94 %
2025/12/06 11:16:17.010, 144.76 W, 94 %
2025/12/06 11:16:17.110, 144.97 W, 94 %
2025/12/06 11:16:17.210, 145.01 W, 94 %
2025/12/06 11:16:17.311, 145.00 W, 94 %
2025/12/06 11:16:17.411, 144.90 W, 94 %
2025/12/06 11:16:17.511, 144.72 W, 94 %
2025/12/06 11:16:17.611, 144.61 W, 94 %
2025/12/06 11:16:17.711, 144.50 W, 94 %
2025/12/06 11:16:17.811, 144.32 W, 94 %
2025/12/06 11:16:17.911, 143.99 W, 94 %
2025/12/06 11:16:18.012, 144.24 W, 91 %
2025/12/06 11:16:18.112, 144.77 W, 91 %
2025/12/06 11:16:18.212, 144.66 W, 94 %
2025/12/06 11:16:18.312, 144.48 W, 94 %
2025/12/06 11:16:18.412, 144.39 W, 94 %
2025/12/06 11:16:18.512, 144.52 W, 94 %
2025/12/06 11:16:18.612, 144.63 W, 93 %
2025/12/06 11:16:18.713, 144.70 W, 93 %
2025/12/06 11:16:18.813, 144.54 W, 94 %
2025/12/06 11:16:18.913, 144.30 W, 94 %
2025/12/06 11:16:19.013, 143.86 W, 93 %
2025/12/06 11:16:19.113, 143.94 W, 93 %
2025/12/06 11:16:19.213, 143.57 W, 94 %
2025/12/06 11:16:19.313, 143.87 W, 94 %
2025/12/06 11:16:19.414, 144.09 W, 93 %
2025/12/06 11:16:19.514, 144.09 W, 93 %
2025/12/06 11:16:19.614, 143.94 W, 94 %
2025/12/06 11:16:19.714, 143.79 W, 94 %
2025/12/06 11:16:19.814, 143.41 W, 93 %
2025/12/06 11:16:19.914, 143.30 W, 93 %
2025/12/06 11:16:20.014, 143.70 W, 93 %
2025/12/06 11:16:20.115, 144.33 W, 93 %
2025/12/06 11:16:20.215, 144.02 W, 94 %
2025/12/06 11:16:20.315, 144.48 W, 94 %
2025/12/06 11:16:20.415, 144.31 W, 94 %
2025/12/06 11:16:20.515, 144.06 W, 94 %
2025/12/06 11:16:20.615, 144.30 W, 93 %
2025/12/06 11:16:20.715, 144.12 W, 93 %
2025/12/06 11:16:20.816, 143.87 W, 94 %
2025/12/06 11:16:20.916, 144.17 W, 94 %
2025/12/06 11:16:21.016, 144.49 W, 92 %
2025/12/06 11:16:21.116, 144.58 W, 92 %
2025/12/06 11:16:21.216, 144.44 W, 94 %
2025/12/06 11:16:21.316, 144.88 W, 94 %
2025/12/06 11:16:21.416, 144.71 W, 93 %
2025/12/06 11:16:21.517, 144.75 W, 93 %
2025/12/06 11:16:21.617, 144.63 W, 94 %
2025/12/06 11:16:21.717, 144.25 W, 94 %
2025/12/06 11:16:21.817, 144.26 W, 93 %
2025/12/06 11:16:21.917, 144.51 W, 93 %
2025/12/06 11:16:22.017, 144.81 W, 93 %
2025/12/06 11:16:22.117, 144.68 W, 93 %
2025/12/06 11:16:22.218, 144.54 W, 93 %
2025/12/06 11:16:22.318, 144.90 W, 93 %
2025/12/06 11:16:22.418, 145.01 W, 94 %
2025/12/06 11:16:22.518, 144.95 W, 94 %
2025/12/06 11:16:22.618, 145.03 W, 93 %
2025/12/06 11:16:22.718, 145.16 W, 93 %
2025/12/06 11:16:22.818, 144.98 W, 94 %
2025/12/06 11:16:22.919, 145.19 W, 94 %
2025/12/06 11:16:23.019, 145.74 W, 93 %
2025/12/06 11:16:23.119, 145.25 W, 93 %
2025/12/06 11:16:23.219, 145.56 W, 94 %
2025/12/06 11:16:23.319, 145.77 W, 94 %
2025/12/06 11:16:23.419, 145.76 W, 93 %
2025/12/06 11:16:23.519, 145.46 W, 93 %
2025/12/06 11:16:23.620, 145.20 W, 94 %
2025/12/06 11:16:23.720, 144.95 W, 94 %
2025/12/06 11:16:23.820, 145.01 W, 93 %
2025/12/06 11:16:23.920, 145.20 W, 93 %
2025/12/06 11:16:24.020, 145.10 W, 93 %
2025/12/06 11:16:24.120, 144.88 W, 93 %
2025/12/06 11:16:24.220, 145.34 W, 93 %
2025/12/06 11:16:24.321, 145.31 W, 93 %
2025/12/06 11:16:24.421, 144.99 W, 94 %
2025/12/06 11:16:24.521, 144.86 W, 94 %
2025/12/06 11:16:24.621, 144.93 W, 93 %
2025/12/06 11:16:24.721, 144.99 W, 93 %
2025/12/06 11:16:24.821, 145.15 W, 94 %
2025/12/06 11:16:24.921, 145.23 W, 94 %
2025/12/06 11:16:25.022, 145.13 W, 93 %
2025/12/06 11:16:25.122, 145.34 W, 93 %
2025/12/06 11:16:25.222, 145.21 W, 94 %
2025/12/06 11:16:25.322, 145.03 W, 94 %
2025/12/06 11:16:25.422, 144.81 W, 93 %
2025/12/06 11:16:25.522, 145.08 W, 93 %
2025/12/06 11:16:25.622, 145.06 W, 94 %
2025/12/06 11:16:25.723, 144.78 W, 94 %
2025/12/06 11:16:25.823, 145.12 W, 93 %
2025/12/06 11:16:25.923, 144.83 W, 93 %
2025/12/06 11:16:26.023, 145.20 W, 93 %
2025/12/06 11:16:26.123, 145.05 W, 93 %
2025/12/06 11:16:26.223, 144.98 W, 93 %
2025/12/06 11:16:26.324, 144.88 W, 93 %
2025/12/06 11:16:26.424, 144.84 W, 94 %
2025/12/06 11:16:26.524, 145.07 W, 94 %
2025/12/06 11:16:26.624, 144.93 W, 93 %
2025/12/06 11:16:26.724, 144.65 W, 93 %
2025/12/06 11:16:26.824, 144.85 W, 94 %
2025/12/06 11:16:26.924, 144.77 W, 94 %
2025/12/06 11:16:27.025, 144.88 W, 92 %
2025/12/06 11:16:27.125, 144.48 W, 92 %
2025/12/06 11:16:27.225, 144.99 W, 94 %
2025/12/06 11:16:27.325, 144.73 W, 94 %
2025/12/06 11:16:27.425, 144.79 W, 93 %
2025/12/06 11:16:27.525, 144.64 W, 93 %
2025/12/06 11:16:27.625, 144.39 W, 94 %
2025/12/06 11:16:27.726, 144.53 W, 94 %
2025/12/06 11:16:27.826, 144.68 W, 94 %
2025/12/06 11:16:27.926, 144.91 W, 94 %
2025/12/06 11:16:28.026, 144.74 W, 94 %
2025/12/06 11:16:28.126, 144.87 W, 94 %
2025/12/06 11:16:28.226, 144.82 W, 92 %
2025/12/06 11:16:28.326, 144.47 W, 92 %
2025/12/06 11:16:28.427, 144.75 W, 94 %
2025/12/06 11:16:28.527, 144.32 W, 94 %
2025/12/06 11:16:28.627, 144.35 W, 94 %
2025/12/06 11:16:28.727, 144.40 W, 94 %
2025/12/06 11:16:28.827, 144.35 W, 94 %
2025/12/06 11:16:28.927, 143.90 W, 94 %
2025/12/06 11:16:29.027, 143.76 W, 94 %
2025/12/06 11:16:29.128, 144.01 W, 94 %
2025/12/06 11:16:29.228, 143.94 W, 94 %
2025/12/06 11:16:29.328, 143.72 W, 94 %
2025/12/06 11:16:29.428, 143.88 W, 94 %
2025/12/06 11:16:29.528, 143.61 W, 94 %
2025/12/06 11:16:29.628, 143.90 W, 94 %
2025/12/06 11:16:29.728, 144.02 W, 94 %
2025/12/06 11:16:29.829, 144.02 W, 94 %
2025/12/06 11:16:29.929, 143.68 W, 94 %
2025/12/06 11:16:30.029, 144.09 W, 94 %
2025/12/06 11:16:30.129, 144.17 W, 94 %
2025/12/06 11:16:30.229, 144.10 W, 94 %
2025/12/06 11:16:30.329, 144.18 W, 94 %
2025/12/06 11:16:30.429, 144.56 W, 94 %
2025/12/06 11:16:30.530, 144.54 W, 94 %
2025/12/06 11:16:30.630, 144.35 W, 94 %
2025/12/06 11:16:30.730, 144.60 W, 94 %
2025/12/06 11:16:30.830, 144.63 W, 94 %
2025/12/06 11:16:30.930, 144.87 W, 94 %
2025/12/06 11:16:31.030, 145.00 W, 94 %
2025/12/06 11:16:31.130, 145.32 W, 94 %
2025/12/06 11:16:31.231, 145.24 W, 94 %
2025/12/06 11:16:31.331, 145.14 W, 94 %
2025/12/06 11:16:31.431, 145.12 W, 94 %
2025/12/06 11:16:31.531, 144.88 W, 94 %
2025/12/06 11:16:31.631, 144.86 W, 94 %
2025/12/06 11:16:31.731, 145.04 W, 94 %
2025/12/06 11:16:31.831, 144.80 W, 94 %
2025/12/06 11:16:31.932, 144.92 W, 94 %
2025/12/06 11:16:32.032, 144.69 W, 94 %
2025/12/06 11:16:32.132, 144.92 W, 94 %
2025/12/06 11:16:32.232, 144.89 W, 94 %
2025/12/06 11:16:32.332, 144.74 W, 94 %
2025/12/06 11:16:32.432, 144.96 W, 94 %
2025/12/06 11:16:32.532, 144.84 W, 94 %
2025/12/06 11:16:32.633, 144.64 W, 94 %
2025/12/06 11:16:32.733, 144.62 W, 94 %
2025/12/06 11:16:32.833, 144.79 W, 94 %
2025/12/06 11:16:32.933, 144.96 W, 94 %
2025/12/06 11:16:33.033, 144.99 W, 94 %
2025/12/06 11:16:33.133, 144.82 W, 94 %
2025/12/06 11:16:33.233, 144.82 W, 94 %
2025/12/06 11:16:33.334, 144.82 W, 94 %
2025/12/06 11:16:33.434, 144.92 W, 94 %
2025/12/06 11:16:33.534, 144.70 W, 94 %
2025/12/06 11:16:33.634, 144.58 W, 94 %
2025/12/06 11:16:33.734, 144.98 W, 94 %
2025/12/06 11:16:33.834, 144.91 W, 94 %
2025/12/06 11:16:33.934, 144.98 W, 94 %
2025/12/06 11:16:34.035, 144.83 W, 94 %
2025/12/06 11:16:34.135, 144.73 W, 94 %
2025/12/06 11:16:34.235, 144.97 W, 94 %
2025/12/06 11:16:34.335, 144.75 W, 94 %
2025/12/06 11:16:34.435, 144.65 W, 94 %
2025/12/06 11:16:34.535, 144.77 W, 94 %
2025/12/06 11:16:34.635, 144.72 W, 94 %
2025/12/06 11:16:34.736, 144.87 W, 94 %
2025/12/06 11:16:34.836, 144.67 W, 94 %
2025/12/06 11:16:34.936, 144.96 W, 94 %
2025/12/06 11:16:35.036, 144.65 W, 94 %
2025/12/06 11:16:35.136, 144.54 W, 94 %
2025/12/06 11:16:35.236, 144.56 W, 94 %
2025/12/06 11:16:35.336, 144.71 W, 94 %
2025/12/06 11:16:35.437, 144.82 W, 94 %
2025/12/06 11:16:35.537, 144.60 W, 94 %
2025/12/06 11:16:35.637, 144.69 W, 94 %
2025/12/06 11:16:35.737, 144.81 W, 94 %
2025/12/06 11:16:35.837, 144.93 W, 94 %
2025/12/06 11:16:35.937, 144.99 W, 94 %
2025/12/06 11:16:36.038, 144.82 W, 94 %
2025/12/06 11:16:36.138, 144.95 W, 94 %
2025/12/06 11:16:36.238, 144.97 W, 94 %
2025/12/06 11:16:36.338, 145.06 W, 94 %
2025/12/06 11:16:36.438, 144.74 W, 94 %
2025/12/06 11:16:36.538, 144.76 W, 94 %
2025/12/06 11:16:36.638, 144.77 W, 94 %
2025/12/06 11:16:36.739, 144.80 W, 94 %
2025/12/06 11:16:36.839, 144.19 W, 89 %
2025/12/06 11:16:36.939, 144.24 W, 89 %
2025/12/06 11:16:37.039, 144.04 W, 94 %
2025/12/06 11:16:37.139, 144.14 W, 94 %
2025/12/06 11:16:37.239, 143.79 W, 93 %
2025/12/06 11:16:37.339, 143.99 W, 93 %
2025/12/06 11:16:37.440, 143.90 W, 94 %
2025/12/06 11:16:37.540, 143.86 W, 94 %
2025/12/06 11:16:37.640, 143.67 W, 93 %
2025/12/06 11:16:37.740, 143.60 W, 93 %
2025/12/06 11:16:37.840, 143.13 W, 93 %
2025/12/06 11:16:37.940, 143.80 W, 93 %
2025/12/06 11:16:38.040, 143.49 W, 94 %
2025/12/06 11:16:38.141, 143.87 W, 94 %
2025/12/06 11:16:38.241, 143.85 W, 94 %
2025/12/06 11:16:38.341, 143.92 W, 94 %
2025/12/06 11:16:38.441, 143.87 W, 93 %
2025/12/06 11:16:38.541, 143.90 W, 93 %
2025/12/06 11:16:38.641, 143.91 W, 94 %
2025/12/06 11:16:38.741, 144.36 W, 94 %
2025/12/06 11:16:38.842, 144.36 W, 92 %
2025/12/06 11:16:38.942, 144.58 W, 92 %
2025/12/06 11:16:39.042, 144.57 W, 94 %
2025/12/06 11:16:39.142, 145.06 W, 94 %
2025/12/06 11:16:39.242, 144.85 W, 93 %
2025/12/06 11:16:39.342, 144.71 W, 93 %
2025/12/06 11:16:39.442, 144.77 W, 94 %
2025/12/06 11:16:39.543, 144.73 W, 94 %
2025/12/06 11:16:39.643, 144.80 W, 93 %
2025/12/06 11:16:39.743, 145.04 W, 93 %
2025/12/06 11:16:39.843, 144.73 W, 93 %
2025/12/06 11:16:39.943, 144.62 W, 93 %
2025/12/06 11:16:40.043, 144.74 W, 93 %
2025/12/06 11:16:40.143, 144.63 W, 93 %
2025/12/06 11:16:40.244, 144.49 W, 94 %
2025/12/06 11:16:40.344, 144.28 W, 94 %
2025/12/06 11:16:40.444, 144.59 W, 93 %
2025/12/06 11:16:40.544, 144.70 W, 93 %
2025/12/06 11:16:40.644, 144.60 W, 94 %
2025/12/06 11:16:40.744, 144.97 W, 94 %
2025/12/06 11:16:40.844, 144.70 W, 92 %
2025/12/06 11:16:40.945, 144.62 W, 92 %
2025/12/06 11:16:41.045, 144.97 W, 94 %
2025/12/06 11:16:41.145, 145.10 W, 94 %
2025/12/06 11:16:41.245, 144.72 W, 93 %
2025/12/06 11:16:41.345, 144.81 W, 93 %
2025/12/06 11:16:41.445, 145.04 W, 94 %
2025/12/06 11:16:41.545, 144.96 W, 94 %
2025/12/06 11:16:41.646, 144.93 W, 93 %
2025/12/06 11:16:41.746, 144.85 W, 93 %
2025/12/06 11:16:41.846, 144.67 W, 94 %
2025/12/06 11:16:41.946, 144.67 W, 94 %
2025/12/06 11:16:42.046, 145.00 W, 94 %
2025/12/06 11:16:42.146, 144.99 W, 94 %
2025/12/06 11:16:42.246, 144.54 W, 94 %
2025/12/06 11:16:42.347, 144.92 W, 94 %
2025/12/06 11:16:42.447, 144.98 W, 94 %
2025/12/06 11:16:42.547, 144.95 W, 94 %
2025/12/06 11:16:42.647, 145.11 W, 94 %
2025/12/06 11:16:42.747, 145.25 W, 94 %
2025/12/06 11:16:42.847, 145.05 W, 94 %
2025/12/06 11:16:42.947, 144.94 W, 94 %
2025/12/06 11:16:43.048, 145.18 W, 94 %
2025/12/06 11:16:43.148, 145.07 W, 94 %
2025/12/06 11:16:43.248, 144.91 W, 94 %
2025/12/06 11:16:43.348, 144.77 W, 94 %
2025/12/06 11:16:43.448, 144.68 W, 94 %
2025/12/06 11:16:43.548, 144.80 W, 94 %
2025/12/06 11:16:43.648, 144.93 W, 94 %
2025/12/06 11:16:43.749, 144.65 W, 94 %
2025/12/06 11:16:43.849, 144.61 W, 94 %
2025/12/06 11:16:43.949, 144.77 W, 94 %
2025/12/06 11:16:44.049, 144.98 W, 94 %
2025/12/06 11:16:44.149, 144.99 W, 94 %
2025/12/06 11:16:44.249, 144.94 W, 94 %
2025/12/06 11:16:44.350, 144.78 W, 94 %
2025/12/06 11:16:44.450, 145.15 W, 94 %
2025/12/06 11:16:44.550, 145.25 W, 94 %
2025/12/06 11:16:44.650, 145.09 W, 93 %
2025/12/06 11:16:44.750, 145.08 W, 93 %
2025/12/06 11:16:44.850, 145.12 W, 94 %
2025/12/06 11:16:44.950, 145.00 W, 94 %
2025/12/06 11:16:45.051, 145.16 W, 94 %
2025/12/06 11:16:45.151, 145.23 W, 94 %
2025/12/06 11:16:45.251, 145.23 W, 94 %
2025/12/06 11:16:45.351, 145.19 W, 94 %
2025/12/06 11:16:45.451, 145.24 W, 94 %
2025/12/06 11:16:45.551, 145.32 W, 94 %
2025/12/06 11:16:45.651, 145.13 W, 94 %
2025/12/06 11:16:45.751, 145.14 W, 94 %
2025/12/06 11:16:45.852, 144.80 W, 94 %
2025/12/06 11:16:45.952, 145.05 W, 94 %
2025/12/06 11:16:46.052, 145.13 W, 94 %
2025/12/06 11:16:46.152, 145.11 W, 94 %
2025/12/06 11:16:46.252, 145.03 W, 93 %
2025/12/06 11:16:46.352, 144.88 W, 93 %
2025/12/06 11:16:46.453, 144.85 W, 94 %
2025/12/06 11:16:46.553, 145.17 W, 94 %
2025/12/06 11:16:46.653, 144.26 W, 92 %
2025/12/06 11:16:46.753, 144.25 W, 92 %
2025/12/06 11:16:46.853, 144.03 W, 94 %
2025/12/06 11:16:46.953, 144.58 W, 94 %
2025/12/06 11:16:47.053, 144.36 W, 93 %
2025/12/06 11:16:47.153, 144.34 W, 93 %
2025/12/06 11:16:47.254, 144.16 W, 94 %
2025/12/06 11:16:47.354, 144.06 W, 94 %
2025/12/06 11:16:47.454, 143.82 W, 94 %
2025/12/06 11:16:47.554, 143.72 W, 94 %
2025/12/06 11:16:47.654, 143.23 W, 93 %
2025/12/06 11:16:47.754, 143.99 W, 93 %
2025/12/06 11:16:47.855, 143.98 W, 93 %
2025/12/06 11:16:47.955, 144.05 W, 93 %
2025/12/06 11:16:48.055, 144.06 W, 94 %
2025/12/06 11:16:48.155, 144.08 W, 94 %
2025/12/06 11:16:48.255, 143.90 W, 93 %
2025/12/06 11:16:48.355, 143.99 W, 93 %
2025/12/06 11:16:48.455, 143.99 W, 94 %
2025/12/06 11:16:48.556, 144.12 W, 94 %
2025/12/06 11:16:48.656, 144.92 W, 89 %
2025/12/06 11:16:48.756, 145.26 W, 89 %
2025/12/06 11:16:48.856, 145.06 W, 94 %
2025/12/06 11:16:48.956, 145.13 W, 94 %
2025/12/06 11:16:49.056, 145.29 W, 93 %
2025/12/06 11:16:49.156, 145.07 W, 93 %
2025/12/06 11:16:49.257, 145.08 W, 94 %
2025/12/06 11:16:49.357, 145.03 W, 94 %
2025/12/06 11:16:49.457, 145.34 W, 93 %
2025/12/06 11:16:49.557, 145.18 W, 93 %
2025/12/06 11:16:49.657, 145.38 W, 93 %
2025/12/06 11:16:49.757, 144.92 W, 93 %
2025/12/06 11:16:49.857, 144.83 W, 93 %
2025/12/06 11:16:49.958, 145.22 W, 93 %
2025/12/06 11:16:50.058, 145.17 W, 94 %
2025/12/06 11:16:50.158, 145.37 W, 94 %
2025/12/06 11:16:50.258, 145.24 W, 93 %
2025/12/06 11:16:50.358, 145.25 W, 93 %
2025/12/06 11:16:50.458, 145.51 W, 94 %
2025/12/06 11:16:50.559, 145.17 W, 94 %
2025/12/06 11:16:50.659, 145.55 W, 93 %
2025/12/06 11:16:50.759, 145.29 W, 93 %
2025/12/06 11:16:50.859, 145.05 W, 94 %
2025/12/06 11:16:50.959, 145.26 W, 94 %
2025/12/06 11:16:51.059, 145.18 W, 93 %
2025/12/06 11:16:51.159, 145.38 W, 93 %
2025/12/06 11:16:51.260, 144.80 W, 94 %
2025/12/06 11:16:51.360, 144.86 W, 94 %
2025/12/06 11:16:51.460, 145.02 W, 93 %
2025/12/06 11:16:51.560, 144.92 W, 93 %
2025/12/06 11:16:51.660, 144.95 W, 93 %
2025/12/06 11:16:51.760, 144.90 W, 93 %
2025/12/06 11:16:51.860, 145.02 W, 94 %
2025/12/06 11:16:51.961, 145.03 W, 94 %
2025/12/06 11:16:52.061, 144.76 W, 94 %
2025/12/06 11:16:52.161, 144.65 W, 94 %
2025/12/06 11:16:52.261, 144.44 W, 93 %
2025/12/06 11:16:52.361, 144.78 W, 93 %
2025/12/06 11:16:52.461, 144.81 W, 94 %
2025/12/06 11:16:52.561, 144.66 W, 94 %
2025/12/06 11:16:52.662, 144.66 W, 92 %
2025/12/06 11:16:52.762, 144.57 W, 92 %
2025/12/06 11:16:52.862, 144.43 W, 94 %
2025/12/06 11:16:52.962, 144.46 W, 94 %
2025/12/06 11:16:53.062, 144.66 W, 93 %
2025/12/06 11:16:53.162, 144.68 W, 93 %
2025/12/06 11:16:53.262, 144.48 W, 94 %
2025/12/06 11:16:53.363, 144.48 W, 94 %
2025/12/06 11:16:53.463, 144.71 W, 93 %
2025/12/06 11:16:53.563, 144.85 W, 93 %
2025/12/06 11:16:53.663, 144.87 W, 93 %
2025/12/06 11:16:53.763, 144.72 W, 93 %
2025/12/06 11:16:53.863, 144.77 W, 93 %
2025/12/06 11:16:53.963, 144.74 W, 93 %
2025/12/06 11:16:54.064, 144.76 W, 94 %
2025/12/06 11:16:54.164, 144.57 W, 94 %
2025/12/06 11:16:54.264, 144.45 W, 93 %
2025/12/06 11:16:54.364, 144.89 W, 93 %
2025/12/06 11:16:54.464, 144.85 W, 94 %
2025/12/06 11:16:54.564, 144.69 W, 94 %
2025/12/06 11:16:54.664, 144.78 W, 94 %
2025/12/06 11:16:54.765, 144.55 W, 94 %
2025/12/06 11:16:54.865, 144.77 W, 94 %
2025/12/06 11:16:54.965, 144.57 W, 94 %
2025/12/06 11:16:55.065, 144.62 W, 94 %
2025/12/06 11:16:55.165, 144.66 W, 94 %
2025/12/06 11:16:55.265, 144.59 W, 94 %
2025/12/06 11:16:55.365, 144.70 W, 94 %
2025/12/06 11:16:55.466, 144.43 W, 94 %
2025/12/06 11:16:55.566, 144.19 W, 94 %
2025/12/06 11:16:55.666, 144.13 W, 94 %
2025/12/06 11:16:55.766, 143.83 W, 94 %
2025/12/06 11:16:55.866, 144.00 W, 94 %
2025/12/06 11:16:55.966, 143.96 W, 94 %
2025/12/06 11:16:56.066, 144.24 W, 94 %
2025/12/06 11:16:56.167, 143.99 W, 94 %
2025/12/06 11:16:56.267, 144.09 W, 94 %
2025/12/06 11:16:56.367, 144.41 W, 94 %
2025/12/06 11:16:56.467, 144.48 W, 94 %
2025/12/06 11:16:56.567, 144.35 W, 94 %
2025/12/06 11:16:56.667, 144.67 W, 94 %
2025/12/06 11:16:56.767, 144.59 W, 94 %
2025/12/06 11:16:56.868, 144.69 W, 94 %
2025/12/06 11:16:56.968, 144.81 W, 94 %
2025/12/06 11:16:57.068, 144.60 W, 94 %
2025/12/06 11:16:57.168, 144.35 W, 94 %
2025/12/06 11:16:57.268, 144.74 W, 94 %
2025/12/06 11:16:57.368, 144.91 W, 94 %
2025/12/06 11:16:57.469, 144.41 W, 94 %
2025/12/06 11:16:57.569, 144.40 W, 94 %
2025/12/06 11:16:57.669, 144.64 W, 94 %
2025/12/06 11:16:57.769, 144.60 W, 94 %
2025/12/06 11:16:57.869, 144.70 W, 94 %
2025/12/06 11:16:57.969, 144.56 W, 94 %
2025/12/06 11:16:58.069, 144.34 W, 94 %
2025/12/06 11:16:58.170, 144.61 W, 94 %
2025/12/06 11:16:58.270, 145.11 W, 94 %
2025/12/06 11:16:58.370, 145.12 W, 94 %
2025/12/06 11:16:58.470, 144.65 W, 94 %
2025/12/06 11:16:58.570, 144.96 W, 94 %
2025/12/06 11:16:58.670, 145.11 W, 94 %
2025/12/06 11:16:58.770, 144.93 W, 94 %
2025/12/06 11:16:58.871, 144.68 W, 92 %
2025/12/06 11:16:58.971, 144.90 W, 92 %
2025/12/06 11:16:59.071, 144.83 W, 94 %
2025/12/06 11:16:59.171, 145.17 W, 94 %
2025/12/06 11:16:59.271, 145.04 W, 94 %
2025/12/06 11:16:59.371, 144.77 W, 94 %
2025/12/06 11:16:59.471, 144.61 W, 94 %
2025/12/06 11:16:59.572, 144.80 W, 94 %
2025/12/06 11:16:59.672, 144.71 W, 94 %
2025/12/06 11:16:59.772, 144.61 W, 94 %
2025/12/06 11:16:59.872, 144.61 W, 94 %
2025/12/06 11:16:59.972, 144.91 W, 94 %
2025/12/06 11:17:00.072, 144.78 W, 94 %
2025/12/06 11:17:00.172, 145.20 W, 94 %
2025/12/06 11:17:00.273, 145.13 W, 94 %
2025/12/06 11:17:00.373, 144.97 W, 94 %
2025/12/06 11:17:00.473, 144.85 W, 94 %
2025/12/06 11:17:00.573, 144.83 W, 94 %
2025/12/06 11:17:00.673, 145.00 W, 94 %
2025/12/06 11:17:00.773, 144.98 W, 94 %
2025/12/06 11:17:00.873, 144.70 W, 94 %
2025/12/06 11:17:00.974, 145.04 W, 94 %
2025/12/06 11:17:01.074, 144.83 W, 94 %
2025/12/06 11:17:01.174, 144.90 W, 94 %
2025/12/06 11:17:01.274, 144.59 W, 94 %
2025/12/06 11:17:01.374, 144.52 W, 94 %
2025/12/06 11:17:01.474, 144.61 W, 94 %
2025/12/06 11:17:01.574, 144.83 W, 94 %
2025/12/06 11:17:01.675, 144.73 W, 94 %
2025/12/06 11:17:01.775, 144.42 W, 94 %
2025/12/06 11:17:01.875, 144.45 W, 94 %
2025/12/06 11:17:01.975, 144.59 W, 94 %
2025/12/06 11:17:02.075, 143.99 W, 93 %
2025/12/06 11:17:02.175, 144.26 W, 93 %
2025/12/06 11:17:02.275, 144.08 W, 94 %
2025/12/06 11:17:02.376, 144.18 W, 94 %
2025/12/06 11:17:02.476, 143.79 W, 92 %
2025/12/06 11:17:02.576, 144.07 W, 92 %
2025/12/06 11:17:02.676, 143.71 W, 94 %
2025/12/06 11:17:02.776, 143.78 W, 94 %
2025/12/06 11:17:02.876, 143.72 W, 93 %
2025/12/06 11:17:02.976, 144.10 W, 93 %
2025/12/06 11:17:03.077, 144.20 W, 94 %
2025/12/06 11:17:03.177, 144.62 W, 94 %
2025/12/06 11:17:03.277, 144.32 W, 93 %
2025/12/06 11:17:03.377, 144.44 W, 93 %
2025/12/06 11:17:03.477, 144.18 W, 93 %
2025/12/06 11:17:03.577, 144.62 W, 93 %
2025/12/06 11:17:03.677, 144.28 W, 93 %
2025/12/06 11:17:03.778, 144.59 W, 93 %
2025/12/06 11:17:03.878, 144.52 W, 94 %
2025/12/06 11:17:03.978, 144.68 W, 94 %
2025/12/06 11:17:04.078, 144.49 W, 93 %
2025/12/06 11:17:04.178, 144.47 W, 93 %
2025/12/06 11:17:04.278, 144.26 W, 94 %
2025/12/06 11:17:04.378, 144.39 W, 94 %
2025/12/06 11:17:04.479, 144.68 W, 92 %
2025/12/06 11:17:04.579, 144.73 W, 92 %
2025/12/06 11:17:04.679, 144.78 W, 94 %
2025/12/06 11:17:04.779, 144.81 W, 94 %
2025/12/06 11:17:04.879, 144.82 W, 93 %
2025/12/06 11:17:04.979, 145.15 W, 93 %
2025/12/06 11:17:05.079, 144.91 W, 94 %
2025/12/06 11:17:05.180, 144.75 W, 94 %
2025/12/06 11:17:05.280, 144.97 W, 93 %
2025/12/06 11:17:05.380, 145.13 W, 93 %
2025/12/06 11:17:05.480, 145.16 W, 93 %
2025/12/06 11:17:05.580, 144.70 W, 93 %
2025/12/06 11:17:05.680, 144.90 W, 93 %
2025/12/06 11:17:05.780, 144.73 W, 93 %
2025/12/06 11:17:05.881, 144.90 W, 94 %
2025/12/06 11:17:05.981, 144.79 W, 94 %
2025/12/06 11:17:06.081, 144.45 W, 93 %
2025/12/06 11:17:06.181, 144.60 W, 93 %
2025/12/06 11:17:06.281, 144.58 W, 94 %
2025/12/06 11:17:06.381, 144.52 W, 94 %
2025/12/06 11:17:06.481, 144.44 W, 92 %
2025/12/06 11:17:06.582, 144.36 W, 92 %
2025/12/06 11:17:06.682, 144.54 W, 94 %
2025/12/06 11:17:06.782, 144.37 W, 94 %
2025/12/06 11:17:06.882, 144.43 W, 93 %
2025/12/06 11:17:06.982, 144.34 W, 93 %
2025/12/06 11:17:07.082, 144.14 W, 94 %
2025/12/06 11:17:07.182, 143.93 W, 94 %
2025/12/06 11:17:07.283, 144.35 W, 93 %
2025/12/06 11:17:07.383, 144.25 W, 93 %
2025/12/06 11:17:07.483, 144.24 W, 92 %
2025/12/06 11:17:07.583, 144.41 W, 92 %
2025/12/06 11:17:07.683, 144.36 W, 93 %
2025/12/06 11:17:07.783, 144.30 W, 93 %
2025/12/06 11:17:07.883, 144.44 W, 94 %
2025/12/06 11:17:07.984, 144.35 W, 94 %
2025/12/06 11:17:08.084, 144.34 W, 93 %
2025/12/06 11:17:08.184, 144.52 W, 93 %
2025/12/06 11:17:08.284, 144.77 W, 94 %
2025/12/06 11:17:08.384, 143.89 W, 94 %
2025/12/06 11:17:08.484, 144.17 W, 94 %
2025/12/06 11:17:08.584, 143.83 W, 94 %
2025/12/06 11:17:08.685, 143.57 W, 94 %
2025/12/06 11:17:08.785, 143.55 W, 94 %
2025/12/06 11:17:08.885, 143.51 W, 94 %
2025/12/06 11:17:08.985, 143.59 W, 94 %
2025/12/06 11:17:09.085, 143.52 W, 94 %
2025/12/06 11:17:09.185, 143.77 W, 94 %
2025/12/06 11:17:09.285, 143.41 W, 94 %
2025/12/06 11:17:09.386, 143.58 W, 94 %
2025/12/06 11:17:09.486, 143.90 W, 94 %
2025/12/06 11:17:09.586, 143.93 W, 94 %
2025/12/06 11:17:09.686, 143.95 W, 94 %
2025/12/06 11:17:09.786, 144.09 W, 94 %
2025/12/06 11:17:09.886, 144.33 W, 94 %
2025/12/06 11:17:09.986, 144.51 W, 94 %
2025/12/06 11:17:10.087, 144.52 W, 94 %
2025/12/06 11:17:10.187, 144.52 W, 94 %
2025/12/06 11:17:10.287, 144.15 W, 94 %
2025/12/06 11:17:10.387, 144.77 W, 94 %
2025/12/06 11:17:10.487, 144.62 W, 94 %
2025/12/06 11:17:10.587, 144.71 W, 94 %
2025/12/06 11:17:10.687, 144.62 W, 94 %
2025/12/06 11:17:10.788, 144.88 W, 94 %
2025/12/06 11:17:10.888, 145.02 W, 94 %
2025/12/06 11:17:10.988, 144.81 W, 94 %
2025/12/06 11:17:11.088, 144.70 W, 94 %
2025/12/06 11:17:11.188, 144.88 W, 94 %
2025/12/06 11:17:11.288, 144.98 W, 94 %
2025/12/06 11:17:11.388, 145.27 W, 94 %
2025/12/06 11:17:11.489, 144.90 W, 94 %
2025/12/06 11:17:11.589, 145.29 W, 94 %
2025/12/06 11:17:11.689, 145.20 W, 94 %
2025/12/06 11:17:11.789, 145.27 W, 94 %
2025/12/06 11:17:11.889, 145.26 W, 94 %
2025/12/06 11:17:11.989, 145.07 W, 94 %
2025/12/06 11:17:12.090, 145.25 W, 94 %
2025/12/06 11:17:12.190, 145.26 W, 94 %
2025/12/06 11:17:12.290, 144.99 W, 94 %
2025/12/06 11:17:12.390, 144.94 W, 94 %
2025/12/06 11:17:12.490, 144.83 W, 94 %
2025/12/06 11:17:12.590, 144.97 W, 94 %
2025/12/06 11:17:12.690, 144.69 W, 94 %
2025/12/06 11:17:12.791, 145.09 W, 94 %
2025/12/06 11:17:12.891, 144.81 W, 94 %
2025/12/06 11:17:12.991, 144.95 W, 94 %
2025/12/06 11:17:13.091, 144.82 W, 94 %
2025/12/06 11:17:13.191, 144.93 W, 94 %
2025/12/06 11:17:13.291, 144.88 W, 94 %
2025/12/06 11:17:13.391, 144.82 W, 94 %
2025/12/06 11:17:13.492, 144.72 W, 94 %
2025/12/06 11:17:13.592, 144.88 W, 94 %
2025/12/06 11:17:13.692, 144.94 W, 94 %
2025/12/06 11:17:13.792, 144.90 W, 94 %
2025/12/06 11:17:13.892, 144.67 W, 94 %
2025/12/06 11:17:13.992, 144.88 W, 94 %
2025/12/06 11:17:14.092, 144.77 W, 94 %
2025/12/06 11:17:14.193, 144.89 W, 94 %
2025/12/06 11:17:14.293, 144.73 W, 94 %
2025/12/06 11:17:14.393, 144.47 W, 94 %
2025/12/06 11:17:14.493, 144.51 W, 94 %
2025/12/06 11:17:14.593, 144.72 W, 94 %
2025/12/06 11:17:14.693, 144.71 W, 94 %
2025/12/06 11:17:14.793, 144.69 W, 94 %
2025/12/06 11:17:14.894, 144.57 W, 94 %
2025/12/06 11:17:14.994, 144.67 W, 94 %
2025/12/06 11:17:15.094, 144.78 W, 93 %
2025/12/06 11:17:15.194, 144.70 W, 93 %
2025/12/06 11:17:15.294, 144.17 W, 93 %
2025/12/06 11:17:15.394, 144.28 W, 93 %
2025/12/06 11:17:15.494, 144.21 W, 93 %
2025/12/06 11:17:15.595, 144.41 W, 93 %
2025/12/06 11:17:15.695, 144.33 W, 94 %
2025/12/06 11:17:15.795, 144.01 W, 94 %
2025/12/06 11:17:15.895, 144.03 W, 93 %
2025/12/06 11:17:15.995, 144.14 W, 93 %
2025/12/06 11:17:16.095, 144.21 W, 94 %
2025/12/06 11:17:16.195, 144.11 W, 94 %
2025/12/06 11:17:16.296, 143.79 W, 93 %
2025/12/06 11:17:16.396, 144.24 W, 93 %
2025/12/06 11:17:16.496, 143.97 W, 94 %
2025/12/06 11:17:16.596, 144.49 W, 94 %
2025/12/06 11:17:16.696, 144.18 W, 93 %
2025/12/06 11:17:16.796, 144.03 W, 93 %
2025/12/06 11:17:16.896, 144.13 W, 94 %
2025/12/06 11:17:16.997, 144.26 W, 94 %
2025/12/06 11:17:17.097, 144.45 W, 93 %
2025/12/06 11:17:17.197, 144.18 W, 93 %
2025/12/06 11:17:17.297, 144.10 W, 93 %
2025/12/06 11:17:17.397, 144.53 W, 93 %
2025/12/06 11:17:17.497, 144.72 W, 93 %
2025/12/06 11:17:17.597, 145.05 W, 93 %
2025/12/06 11:17:17.698, 144.88 W, 94 %
2025/12/06 11:17:17.798, 145.03 W, 94 %
2025/12/06 11:17:17.898, 145.14 W, 93 %
2025/12/06 11:17:17.998, 145.26 W, 93 %
2025/12/06 11:17:18.098, 145.28 W, 94 %
2025/12/06 11:17:18.198, 145.10 W, 94 %
2025/12/06 11:17:18.298, 145.30 W, 93 %
2025/12/06 11:17:18.399, 145.22 W, 93 %
2025/12/06 11:17:18.499, 144.94 W, 94 %
2025/12/06 11:17:18.599, 144.91 W, 94 %
2025/12/06 11:17:18.699, 145.01 W, 93 %
2025/12/06 11:17:18.799, 145.08 W, 93 %
2025/12/06 11:17:18.899, 145.00 W, 94 %
2025/12/06 11:17:18.999, 145.23 W, 94 %
2025/12/06 11:17:19.100, 145.33 W, 93 %
2025/12/06 11:17:19.200, 144.99 W, 93 %
2025/12/06 11:17:19.300, 145.09 W, 93 %
2025/12/06 11:17:19.400, 144.85 W, 93 %
2025/12/06 11:17:19.500, 145.14 W, 93 %
2025/12/06 11:17:19.600, 145.24 W, 93 %
2025/12/06 11:17:19.700, 145.27 W, 94 %
2025/12/06 11:17:19.801, 145.10 W, 94 %
2025/12/06 11:17:19.901, 145.16 W, 93 %
2025/12/06 11:17:20.001, 145.34 W, 93 %
2025/12/06 11:17:20.101, 145.15 W, 94 %
2025/12/06 11:17:20.201, 145.01 W, 94 %
2025/12/06 11:17:20.301, 145.13 W, 92 %
2025/12/06 11:17:20.401, 144.80 W, 92 %
2025/12/06 11:17:20.502, 144.96 W, 94 %
2025/12/06 11:17:20.602, 145.00 W, 94 %
2025/12/06 11:17:20.702, 145.17 W, 93 %
2025/12/06 11:17:20.802, 144.89 W, 93 %
2025/12/06 11:17:20.902, 144.93 W, 94 %
2025/12/06 11:17:21.002, 144.97 W, 94 %
2025/12/06 11:17:21.102, 144.94 W, 93 %
2025/12/06 11:17:21.203, 144.85 W, 93 %
2025/12/06 11:17:21.303, 144.87 W, 93 %
2025/12/06 11:17:21.403, 144.72 W, 93 %
2025/12/06 11:17:21.503, 145.17 W, 93 %
2025/12/06 11:17:21.603, 145.48 W, 93 %
2025/12/06 11:17:21.703, 145.12 W, 94 %
2025/12/06 11:17:21.804, 144.99 W, 94 %
2025/12/06 11:17:21.904, 145.29 W, 93 %
2025/12/06 11:17:22.004, 145.10 W, 93 %
2025/12/06 11:17:22.104, 144.94 W, 94 %
2025/12/06 11:17:22.204, 144.86 W, 94 %
2025/12/06 11:17:22.304, 145.05 W, 92 %
2025/12/06 11:17:22.404, 144.89 W, 92 %
2025/12/06 11:17:22.505, 144.78 W, 94 %
2025/12/06 11:17:22.605, 144.54 W, 94 %
2025/12/06 11:17:22.705, 144.45 W, 93 %
2025/12/06 11:17:22.805, 144.59 W, 93 %
2025/12/06 11:17:22.905, 144.55 W, 94 %
2025/12/06 11:17:23.005, 144.62 W, 94 %
2025/12/06 11:17:23.105, 144.62 W, 93 %
2025/12/06 11:17:23.206, 144.61 W, 93 %
2025/12/06 11:17:23.306, 144.64 W, 93 %
2025/12/06 11:17:23.406, 144.64 W, 93 %
2025/12/06 11:17:23.506, 144.69 W, 93 %
2025/12/06 11:17:23.606, 144.81 W, 93 %
2025/12/06 11:17:23.706, 144.79 W, 94 %
2025/12/06 11:17:23.806, 144.78 W, 94 %
2025/12/06 11:17:23.907, 144.91 W, 93 %
2025/12/06 11:17:24.007, 144.98 W, 93 %
2025/12/06 11:17:24.107, 144.79 W, 94 %
2025/12/06 11:17:24.207, 144.74 W, 94 %
2025/12/06 11:17:24.307, 144.86 W, 92 %
2025/12/06 11:17:24.407, 144.76 W, 92 %
2025/12/06 11:17:24.507, 144.68 W, 94 %
2025/12/06 11:17:24.608, 144.57 W, 94 %
2025/12/06 11:17:24.708, 144.74 W, 93 %
2025/12/06 11:17:24.808, 144.99 W, 93 %
2025/12/06 11:17:24.908, 144.89 W, 94 %
2025/12/06 11:17:25.008, 144.66 W, 94 %
2025/12/06 11:17:25.108, 144.52 W, 94 %
2025/12/06 11:17:25.208, 144.13 W, 94 %
2025/12/06 11:17:25.309, 144.19 W, 94 %
2025/12/06 11:17:25.409, 143.67 W, 94 %
2025/12/06 11:17:25.509, 144.02 W, 94 %
2025/12/06 11:17:25.609, 143.81 W, 94 %
2025/12/06 11:17:25.709, 144.16 W, 94 %
2025/12/06 11:17:25.809, 143.90 W, 94 %
2025/12/06 11:17:25.909, 144.03 W, 94 %
2025/12/06 11:17:26.010, 143.82 W, 94 %
2025/12/06 11:17:26.110, 143.90 W, 94 %
2025/12/06 11:17:26.210, 143.67 W, 94 %
2025/12/06 11:17:26.310, 143.90 W, 94 %
2025/12/06 11:17:26.410, 143.92 W, 94 %
2025/12/06 11:17:26.510, 144.38 W, 94 %
2025/12/06 11:17:26.610, 143.83 W, 94 %
2025/12/06 11:17:26.711, 144.16 W, 94 %
2025/12/06 11:17:26.811, 144.14 W, 94 %
2025/12/06 11:17:26.911, 144.35 W, 94 %
2025/12/06 11:17:27.011, 143.74 W, 94 %
2025/12/06 11:17:27.111, 143.82 W, 94 %
2025/12/06 11:17:27.211, 143.73 W, 94 %
2025/12/06 11:17:27.311, 143.95 W, 94 %
2025/12/06 11:17:27.412, 144.06 W, 94 %
2025/12/06 11:17:27.512, 144.10 W, 94 %
2025/12/06 11:17:27.612, 144.15 W, 94 %
2025/12/06 11:17:27.712, 144.60 W, 94 %
2025/12/06 11:17:27.812, 144.66 W, 94 %
2025/12/06 11:17:27.912, 144.53 W, 94 %
2025/12/06 11:17:28.012, 144.34 W, 94 %
2025/12/06 11:17:28.113, 144.65 W, 94 %
2025/12/06 11:17:28.213, 144.77 W, 94 %
2025/12/06 11:17:28.313, 144.62 W, 94 %
2025/12/06 11:17:28.413, 144.70 W, 94 %
2025/12/06 11:17:28.513, 144.93 W, 94 %
2025/12/06 11:17:28.613, 145.30 W, 94 %
2025/12/06 11:17:28.713, 145.02 W, 94 %
2025/12/06 11:17:28.814, 145.03 W, 94 %
2025/12/06 11:17:28.914, 144.87 W, 94 %
2025/12/06 11:17:29.014, 144.85 W, 94 %
2025/12/06 11:17:29.114, 144.93 W, 94 %
2025/12/06 11:17:29.214, 144.99 W, 94 %
2025/12/06 11:17:29.314, 144.79 W, 94 %
2025/12/06 11:17:29.414, 145.02 W, 94 %
2025/12/06 11:17:29.515, 145.15 W, 94 %
2025/12/06 11:17:29.615, 145.12 W, 94 %
2025/12/06 11:17:29.715, 144.88 W, 94 %
2025/12/06 11:17:29.815, 145.05 W, 94 %
2025/12/06 11:17:29.915, 144.79 W, 94 %
2025/12/06 11:17:30.015, 144.74 W, 94 %
2025/12/06 11:17:30.115, 144.72 W, 94 %
2025/12/06 11:17:30.216, 144.96 W, 94 %
2025/12/06 11:17:30.316, 144.66 W, 94 %
2025/12/06 11:17:30.416, 144.80 W, 94 %
2025/12/06 11:17:30.516, 145.03 W, 94 %
2025/12/06 11:17:30.616, 145.01 W, 94 %
2025/12/06 11:17:30.716, 145.01 W, 94 %
2025/12/06 11:17:30.816, 144.84 W, 94 %
2025/12/06 11:17:30.917, 144.76 W, 94 %
2025/12/06 11:17:31.017, 145.09 W, 94 %
2025/12/06 11:17:31.117, 144.92 W, 94 %
2025/12/06 11:17:31.217, 144.80 W, 94 %
2025/12/06 11:17:31.317, 144.54 W, 94 %
2025/12/06 11:17:31.417, 144.88 W, 94 %
2025/12/06 11:17:31.518, 144.62 W, 94 %
2025/12/06 11:17:31.618, 144.52 W, 94 %
2025/12/06 11:17:31.718, 144.43 W, 94 %
2025/12/06 11:17:31.818, 144.30 W, 94 %
2025/12/06 11:17:31.918, 144.42 W, 94 %
2025/12/06 11:17:32.018, 144.60 W, 94 %
2025/12/06 11:17:32.118, 144.19 W, 94 %
2025/12/06 11:17:32.219, 144.46 W, 94 %
2025/12/06 11:17:32.319, 144.51 W, 94 %
2025/12/06 11:17:32.419, 144.62 W, 94 %
2025/12/06 11:17:32.519, 144.55 W, 93 %
2025/12/06 11:17:32.619, 145.03 W, 93 %
2025/12/06 11:17:32.719, 145.00 W, 94 %
2025/12/06 11:17:32.819, 144.69 W, 94 %
2025/12/06 11:17:32.920, 144.66 W, 93 %
2025/12/06 11:17:33.020, 144.76 W, 93 %
2025/12/06 11:17:33.120, 144.43 W, 93 %
2025/12/06 11:17:33.220, 144.48 W, 93 %
2025/12/06 11:17:33.320, 144.27 W, 93 %
2025/12/06 11:17:33.420, 144.19 W, 93 %
2025/12/06 11:17:33.520, 144.13 W, 94 %
2025/12/06 11:17:33.621, 144.33 W, 94 %
2025/12/06 11:17:33.721, 143.89 W, 93 %
2025/12/06 11:17:33.821, 143.85 W, 93 %
2025/12/06 11:17:33.921, 144.15 W, 94 %
2025/12/06 11:17:34.021, 144.32 W, 94 %
2025/12/06 11:17:34.121, 144.19 W, 93 %
2025/12/06 11:17:34.221, 144.29 W, 93 %
2025/12/06 11:17:34.322, 144.46 W, 94 %
2025/12/06 11:17:34.422, 144.66 W, 94 %
2025/12/06 11:17:34.522, 144.83 W, 93 %
2025/12/06 11:17:34.622, 144.79 W, 93 %
2025/12/06 11:17:34.722, 144.60 W, 94 %
2025/12/06 11:17:34.822, 144.70 W, 94 %
2025/12/06 11:17:34.922, 144.71 W, 93 %
2025/12/06 11:17:35.023, 144.68 W, 93 %
2025/12/06 11:17:35.123, 144.54 W, 93 %
2025/12/06 11:17:35.223, 144.36 W, 93 %
2025/12/06 11:17:35.323, 144.81 W, 93 %
2025/12/06 11:17:35.423, 144.48 W, 93 %
2025/12/06 11:17:35.523, 144.41 W, 94 %
2025/12/06 11:17:35.623, 144.47 W, 94 %
2025/12/06 11:17:35.724, 144.50 W, 93 %
2025/12/06 11:17:35.824, 144.59 W, 93 %
2025/12/06 11:17:35.924, 144.72 W, 94 %
2025/12/06 11:17:36.024, 144.61 W, 94 %
2025/12/06 11:17:36.124, 144.58 W, 93 %
2025/12/06 11:17:36.224, 144.63 W, 93 %
2025/12/06 11:17:36.324, 144.88 W, 94 %
2025/12/06 11:17:36.425, 144.61 W, 94 %
2025/12/06 11:17:36.525, 144.95 W, 93 %
2025/12/06 11:17:36.625, 144.95 W, 93 %
2025/12/06 11:17:36.725, 144.87 W, 94 %
2025/12/06 11:17:36.825, 144.92 W, 94 %
2025/12/06 11:17:36.925, 144.99 W, 93 %
2025/12/06 11:17:37.025, 145.04 W, 93 %
2025/12/06 11:17:37.126, 145.31 W, 89 %
2025/12/06 11:17:37.226, 145.23 W, 89 %
2025/12/06 11:17:37.326, 145.40 W, 93 %
2025/12/06 11:17:37.426, 145.43 W, 93 %
2025/12/06 11:17:37.526, 145.43 W, 94 %
2025/12/06 11:17:37.626, 145.27 W, 94 %
2025/12/06 11:17:37.726, 145.41 W, 93 %
2025/12/06 11:17:37.827, 145.56 W, 93 %
2025/12/06 11:17:37.927, 145.82 W, 94 %
2025/12/06 11:17:38.027, 145.30 W, 94 %
2025/12/06 11:17:38.127, 145.32 W, 92 %
2025/12/06 11:17:38.227, 145.09 W, 92 %
2025/12/06 11:17:38.327, 145.45 W, 94 %
2025/12/06 11:17:38.427, 145.41 W, 94 %
2025/12/06 11:17:38.528, 145.39 W, 93 %
2025/12/06 11:17:38.628, 145.18 W, 93 %
2025/12/06 11:17:38.728, 145.43 W, 94 %
2025/12/06 11:17:38.828, 145.49 W, 94 %
2025/12/06 11:17:38.928, 145.32 W, 93 %
2025/12/06 11:17:39.028, 144.94 W, 93 %
2025/12/06 11:17:39.128, 145.33 W, 93 %
2025/12/06 11:17:39.229, 145.02 W, 93 %
2025/12/06 11:17:39.329, 145.49 W, 93 %
2025/12/06 11:17:39.429, 145.27 W, 93 %
2025/12/06 11:17:39.529, 145.12 W, 94 %
2025/12/06 11:17:39.629, 145.10 W, 94 %
2025/12/06 11:17:39.729, 145.44 W, 94 %
2025/12/06 11:17:39.829, 145.27 W, 94 %
2025/12/06 11:17:39.930, 145.20 W, 94 %
2025/12/06 11:17:40.030, 144.51 W, 94 %
2025/12/06 11:17:40.130, 144.70 W, 94 %
2025/12/06 11:17:40.230, 144.36 W, 94 %
2025/12/06 11:17:40.330, 144.65 W, 94 %
2025/12/06 11:17:40.430, 144.03 W, 94 %
2025/12/06 11:17:40.530, 144.08 W, 94 %
2025/12/06 11:17:40.631, 144.08 W, 94 %
2025/12/06 11:17:40.731, 144.23 W, 94 %
2025/12/06 11:17:40.831, 143.99 W, 94 %
2025/12/06 11:17:40.931, 143.88 W, 94 %
2025/12/06 11:17:41.031, 143.70 W, 94 %
2025/12/06 11:17:41.131, 144.18 W, 94 %
2025/12/06 11:17:41.231, 144.19 W, 94 %
2025/12/06 11:17:41.332, 144.45 W, 94 %
2025/12/06 11:17:41.432, 144.18 W, 94 %
2025/12/06 11:17:41.532, 144.50 W, 94 %
2025/12/06 11:17:41.632, 144.66 W, 94 %
2025/12/06 11:17:41.732, 144.74 W, 94 %
2025/12/06 11:17:41.832, 144.63 W, 94 %
2025/12/06 11:17:41.932, 144.58 W, 94 %
2025/12/06 11:17:42.033, 144.50 W, 94 %
2025/12/06 11:17:42.133, 144.43 W, 94 %
2025/12/06 11:17:42.233, 144.64 W, 94 %
2025/12/06 11:17:42.333, 144.78 W, 94 %
2025/12/06 11:17:42.433, 144.74 W, 94 %
2025/12/06 11:17:42.533, 145.09 W, 94 %
2025/12/06 11:17:42.634, 145.23 W, 94 %
2025/12/06 11:17:42.734, 145.14 W, 94 %
2025/12/06 11:17:42.834, 144.96 W, 94 %
2025/12/06 11:17:42.934, 144.86 W, 94 %
2025/12/06 11:17:43.034, 144.86 W, 94 %
2025/12/06 11:17:43.134, 144.94 W, 94 %
2025/12/06 11:17:43.234, 145.20 W, 94 %
2025/12/06 11:17:43.335, 145.17 W, 94 %
2025/12/06 11:17:43.435, 145.00 W, 94 %
2025/12/06 11:17:43.535, 145.18 W, 94 %
2025/12/06 11:17:43.635, 145.13 W, 94 %
2025/12/06 11:17:43.735, 144.91 W, 94 %
2025/12/06 11:17:43.835, 144.78 W, 94 %
2025/12/06 11:17:43.935, 144.84 W, 94 %
2025/12/06 11:17:44.036, 144.87 W, 94 %
2025/12/06 11:17:44.136, 144.96 W, 94 %
2025/12/06 11:17:44.236, 145.00 W, 94 %
2025/12/06 11:17:44.336, 144.62 W, 94 %
2025/12/06 11:17:44.436, 144.69 W, 94 %
2025/12/06 11:17:44.536, 145.05 W, 94 %
2025/12/06 11:17:44.636, 144.91 W, 94 %
2025/12/06 11:17:44.736, 144.73 W, 94 %
2025/12/06 11:17:44.837, 144.74 W, 94 %
2025/12/06 11:17:44.937, 144.74 W, 94 %
2025/12/06 11:17:45.037, 144.66 W, 94 %
2025/12/06 11:17:45.137, 144.64 W, 94 %
2025/12/06 11:17:45.237, 144.62 W, 94 %
2025/12/06 11:17:45.337, 144.63 W, 94 %
2025/12/06 11:17:45.437, 144.81 W, 94 %
2025/12/06 11:17:45.538, 144.91 W, 94 %
2025/12/06 11:17:45.638, 144.77 W, 94 %
2025/12/06 11:17:45.738, 144.71 W, 94 %
2025/12/06 11:17:45.838, 144.86 W, 94 %
2025/12/06 11:17:45.938, 144.62 W, 94 %
2025/12/06 11:17:46.038, 144.76 W, 94 %
2025/12/06 11:17:46.139, 144.85 W, 94 %
2025/12/06 11:17:46.239, 144.76 W, 94 %
2025/12/06 11:17:46.339, 144.60 W, 94 %
2025/12/06 11:17:46.439, 144.73 W, 94 %
2025/12/06 11:17:46.539, 144.85 W, 94 %
2025/12/06 11:17:46.639, 144.80 W, 94 %
2025/12/06 11:17:46.739, 144.37 W, 94 %
2025/12/06 11:17:46.840, 144.67 W, 94 %
2025/12/06 11:17:46.940, 144.40 W, 93 %
2025/12/06 11:17:47.040, 144.62 W, 93 %
2025/12/06 11:17:47.140, 144.47 W, 93 %
2025/12/06 11:17:47.240, 144.25 W, 93 %
2025/12/06 11:17:47.340, 144.41 W, 94 %
2025/12/06 11:17:47.440, 144.64 W, 94 %
2025/12/06 11:17:47.541, 144.37 W, 94 %
2025/12/06 11:17:47.641, 144.18 W, 94 %
2025/12/06 11:17:47.741, 144.28 W, 94 %
2025/12/06 11:17:47.841, 144.31 W, 94 %
2025/12/06 11:17:47.941, 143.63 W, 93 %
2025/12/06 11:17:48.041, 144.22 W, 93 %
2025/12/06 11:17:48.141, 143.75 W, 94 %
2025/12/06 11:17:48.241, 143.76 W, 94 %
2025/12/06 11:17:48.342, 144.05 W, 93 %
2025/12/06 11:17:48.442, 144.17 W, 93 %
2025/12/06 11:17:48.542, 144.15 W, 94 %
2025/12/06 11:17:48.642, 144.30 W, 94 %
2025/12/06 11:17:48.742, 144.44 W, 93 %
2025/12/06 11:17:48.842, 144.27 W, 93 %
2025/12/06 11:17:48.942, 144.30 W, 93 %
2025/12/06 11:17:49.043, 144.91 W, 93 %
2025/12/06 11:17:49.143, 144.25 W, 94 %
2025/12/06 11:17:49.243, 144.83 W, 94 %
2025/12/06 11:17:49.343, 144.85 W, 94 %
2025/12/06 11:17:49.443, 144.58 W, 94 %
2025/12/06 11:17:49.543, 144.59 W, 93 %
2025/12/06 11:17:49.644, 144.55 W, 93 %
2025/12/06 11:17:49.744, 144.44 W, 94 %
2025/12/06 11:17:49.844, 144.48 W, 94 %
2025/12/06 11:17:49.944, 144.60 W, 93 %
2025/12/06 11:17:50.044, 144.66 W, 93 %
2025/12/06 11:17:50.144, 144.31 W, 94 %
2025/12/06 11:17:50.244, 144.74 W, 94 %
2025/12/06 11:17:50.345, 144.62 W, 93 %
2025/12/06 11:17:50.445, 144.67 W, 93 %
2025/12/06 11:17:50.545, 144.87 W, 94 %
2025/12/06 11:17:50.645, 144.93 W, 94 %
2025/12/06 11:17:50.745, 145.05 W, 93 %
2025/12/06 11:17:50.845, 145.09 W, 93 %
2025/12/06 11:17:50.945, 145.31 W, 93 %
2025/12/06 11:17:51.046, 145.15 W, 93 %
2025/12/06 11:17:51.146, 145.34 W, 93 %
2025/12/06 11:17:51.246, 145.30 W, 93 %
2025/12/06 11:17:51.346, 145.11 W, 94 %
2025/12/06 11:17:51.446, 145.01 W, 94 %
2025/12/06 11:17:51.546, 145.09 W, 93 %
2025/12/06 11:17:51.646, 144.92 W, 93 %
2025/12/06 11:17:51.747, 144.99 W, 94 %
2025/12/06 11:17:51.847, 144.72 W, 94 %
2025/12/06 11:17:51.947, 144.98 W, 92 %
2025/12/06 11:17:52.047, 144.70 W, 92 %
2025/12/06 11:17:52.147, 144.86 W, 94 %
2025/12/06 11:17:52.247, 144.55 W, 94 %
2025/12/06 11:17:52.347, 144.97 W, 93 %
2025/12/06 11:17:52.448, 145.01 W, 93 %
2025/12/06 11:17:52.548, 144.90 W, 94 %
2025/12/06 11:17:52.648, 144.92 W, 94 %
2025/12/06 11:17:52.748, 145.23 W, 93 %
2025/12/06 11:17:52.848, 144.81 W, 93 %
2025/12/06 11:17:52.948, 145.20 W, 93 %
2025/12/06 11:17:53.048, 145.13 W, 93 %
2025/12/06 11:17:53.149, 145.05 W, 94 %
2025/12/06 11:17:53.249, 144.82 W, 94 %
2025/12/06 11:17:53.349, 145.01 W, 94 %
2025/12/06 11:17:53.449, 144.82 W, 94 %
2025/12/06 11:17:53.549, 144.62 W, 93 %
2025/12/06 11:17:53.649, 144.73 W, 93 %
2025/12/06 11:17:53.749, 144.48 W, 94 %
2025/12/06 11:17:53.850, 145.25 W, 94 %
2025/12/06 11:17:53.950, 144.82 W, 80 %
2025/12/06 11:17:54.050, 144.84 W, 80 %
2025/12/06 11:17:54.150, 145.17 W, 94 %
2025/12/06 11:17:54.250, 145.38 W, 94 %
2025/12/06 11:17:54.350, 145.27 W, 93 %
2025/12/06 11:17:54.450, 145.21 W, 93 %
2025/12/06 11:17:54.551, 145.34 W, 94 %
2025/12/06 11:17:54.651, 145.32 W, 94 %
2025/12/06 11:17:54.751, 145.43 W, 93 %
2025/12/06 11:17:54.851, 145.56 W, 93 %
2025/12/06 11:17:54.951, 144.94 W, 93 %
2025/12/06 11:17:55.051, 145.39 W, 93 %
2025/12/06 11:17:55.151, 145.32 W, 93 %
2025/12/06 11:17:55.252, 145.09 W, 93 %
2025/12/06 11:17:55.352, 144.93 W, 94 %
2025/12/06 11:17:55.452, 144.89 W, 94 %
2025/12/06 11:17:55.552, 144.94 W, 93 %
2025/12/06 11:17:55.652, 144.95 W, 93 %
2025/12/06 11:17:55.752, 145.01 W, 94 %
2025/12/06 11:17:55.852, 144.92 W, 94 %
2025/12/06 11:17:55.953, 144.76 W, 94 %
2025/12/06 11:17:56.053, 145.11 W, 94 %
2025/12/06 11:17:56.153, 144.52 W, 93 %
2025/12/06 11:17:56.253, 144.57 W, 93 %
2025/12/06 11:17:56.353, 144.46 W, 94 %
2025/12/06 11:17:56.453, 144.24 W, 94 %
2025/12/06 11:17:56.553, 144.06 W, 93 %
2025/12/06 11:17:56.654, 144.12 W, 93 %
2025/12/06 11:17:56.754, 143.72 W, 93 %
2025/12/06 11:17:56.854, 143.72 W, 93 %
2025/12/06 11:17:56.954, 143.77 W, 93 %
2025/12/06 11:17:57.054, 143.81 W, 93 %
2025/12/06 11:17:57.154, 143.49 W, 94 %
2025/12/06 11:17:57.254, 143.82 W, 94 %
2025/12/06 11:17:57.355, 143.64 W, 93 %
2025/12/06 11:17:57.455, 143.70 W, 93 %
2025/12/06 11:17:57.555, 144.01 W, 94 %
2025/12/06 11:17:57.655, 144.23 W, 94 %
2025/12/06 11:17:57.755, 144.11 W, 93 %
2025/12/06 11:17:57.855, 144.49 W, 93 %
2025/12/06 11:17:57.955, 144.72 W, 94 %
2025/12/06 11:17:58.056, 144.82 W, 94 %
2025/12/06 11:17:58.156, 144.72 W, 93 %
2025/12/06 11:17:58.256, 144.72 W, 93 %
2025/12/06 11:17:58.356, 144.61 W, 94 %
2025/12/06 11:17:58.456, 144.71 W, 94 %
2025/12/06 11:17:58.556, 144.68 W, 93 %
2025/12/06 11:17:58.656, 144.66 W, 93 %
2025/12/06 11:17:58.757, 144.77 W, 93 %
2025/12/06 11:17:58.857, 144.80 W, 93 %
2025/12/06 11:17:58.957, 145.03 W, 93 %
2025/12/06 11:17:59.057, 144.85 W, 93 %
2025/12/06 11:17:59.157, 144.89 W, 94 %
2025/12/06 11:17:59.257, 144.70 W, 94 %
2025/12/06 11:17:59.358, 144.51 W, 93 %
2025/12/06 11:17:59.458, 144.80 W, 93 %
2025/12/06 11:17:59.558, 144.79 W, 94 %
2025/12/06 11:17:59.658, 144.86 W, 94 %
2025/12/06 11:17:59.758, 144.99 W, 92 %
2025/12/06 11:17:59.858, 144.81 W, 92 %
2025/12/06 11:17:59.958, 144.87 W, 94 %
2025/12/06 11:18:00.059, 144.80 W, 94 %
2025/12/06 11:18:00.159, 144.90 W, 93 %
2025/12/06 11:18:00.259, 144.38 W, 93 %
2025/12/06 11:18:00.359, 144.63 W, 94 %
2025/12/06 11:18:00.459, 144.87 W, 94 %
2025/12/06 11:18:00.559, 144.53 W, 93 %
2025/12/06 11:18:00.659, 144.58 W, 93 %
2025/12/06 11:18:00.760, 144.77 W, 93 %
2025/12/06 11:18:00.860, 144.62 W, 93 %
2025/12/06 11:18:00.960, 144.99 W, 93 %
2025/12/06 11:18:01.060, 145.19 W, 93 %
2025/12/06 11:18:01.160, 144.99 W, 94 %
2025/12/06 11:18:01.260, 144.70 W, 94 %
2025/12/06 11:18:01.360, 145.17 W, 93 %
2025/12/06 11:18:01.461, 144.94 W, 93 %
2025/12/06 11:18:01.561, 144.72 W, 94 %
2025/12/06 11:18:01.661, 144.98 W, 94 %
2025/12/06 11:18:01.761, 144.90 W, 92 %
2025/12/06 11:18:01.861, 144.92 W, 92 %
2025/12/06 11:18:01.961, 144.93 W, 94 %
2025/12/06 11:18:02.061, 144.64 W, 94 %
2025/12/06 11:18:02.162, 144.55 W, 93 %
2025/12/06 11:18:02.262, 144.61 W, 93 %
2025/12/06 11:18:02.362, 144.69 W, 94 %
2025/12/06 11:18:02.462, 144.67 W, 94 %
2025/12/06 11:18:02.562, 144.68 W, 93 %
2025/12/06 11:18:02.662, 144.76 W, 93 %
2025/12/06 11:18:02.762, 144.67 W, 93 %
2025/12/06 11:18:02.863, 144.54 W, 93 %
2025/12/06 11:18:02.963, 144.49 W, 93 %
2025/12/06 11:18:03.063, 144.58 W, 93 %
2025/12/06 11:18:03.163, 144.61 W, 94 %
2025/12/06 11:18:03.263, 144.21 W, 94 %
2025/12/06 11:18:03.363, 144.84 W, 94 %
2025/12/06 11:18:03.463, 144.89 W, 94 %
2025/12/06 11:18:03.564, 144.81 W, 94 %
2025/12/06 11:18:03.664, 144.24 W, 94 %
2025/12/06 11:18:03.764, 144.07 W, 94 %
2025/12/06 11:18:03.864, 144.04 W, 94 %
2025/12/06 11:18:03.964, 144.45 W, 94 %
2025/12/06 11:18:04.064, 144.24 W, 94 %
2025/12/06 11:18:04.164, 144.32 W, 94 %
2025/12/06 11:18:04.265, 144.27 W, 94 %
2025/12/06 11:18:04.365, 144.76 W, 94 %
2025/12/06 11:18:04.465, 143.95 W, 94 %
2025/12/06 11:18:04.565, 144.00 W, 94 %
2025/12/06 11:18:04.665, 143.93 W, 94 %
2025/12/06 11:18:04.765, 144.59 W, 94 %
2025/12/06 11:18:04.865, 144.67 W, 94 %
2025/12/06 11:18:04.966, 144.89 W, 94 %
2025/12/06 11:18:05.066, 144.68 W, 94 %
2025/12/06 11:18:05.166, 144.65 W, 94 %
2025/12/06 11:18:05.266, 144.51 W, 94 %
2025/12/06 11:18:05.366, 144.62 W, 94 %
2025/12/06 11:18:05.466, 144.36 W, 94 %
2025/12/06 11:18:05.566, 144.39 W, 94 %
2025/12/06 11:18:05.667, 144.70 W, 94 %
2025/12/06 11:18:05.767, 144.87 W, 94 %
2025/12/06 11:18:05.867, 144.65 W, 94 %
2025/12/06 11:18:05.967, 144.77 W, 94 %
2025/12/06 11:18:06.067, 144.71 W, 94 %
2025/12/06 11:18:06.167, 144.67 W, 94 %
2025/12/06 11:18:06.267, 144.60 W, 94 %
2025/12/06 11:18:06.368, 144.55 W, 94 %
2025/12/06 11:18:06.468, 144.73 W, 94 %
2025/12/06 11:18:06.568, 144.63 W, 94 %
2025/12/06 11:18:06.668, 145.51 W, 94 %
2025/12/06 11:18:06.768, 144.93 W, 94 %
2025/12/06 11:18:06.868, 144.95 W, 94 %
2025/12/06 11:18:06.968, 145.26 W, 94 %
2025/12/06 11:18:07.069, 145.33 W, 94 %
2025/12/06 11:18:07.169, 145.11 W, 94 %
2025/12/06 11:18:07.269, 145.18 W, 94 %
2025/12/06 11:18:07.369, 145.26 W, 94 %
2025/12/06 11:18:07.469, 145.46 W, 94 %
2025/12/06 11:18:07.569, 145.22 W, 94 %
2025/12/06 11:18:07.669, 145.37 W, 94 %
2025/12/06 11:18:07.770, 144.67 W, 94 %
2025/12/06 11:18:07.870, 144.82 W, 94 %
2025/12/06 11:18:07.970, 144.98 W, 94 %
2025/12/06 11:18:08.070, 144.94 W, 94 %
2025/12/06 11:18:08.170, 144.88 W, 94 %
2025/12/06 11:18:08.270, 144.71 W, 94 %
2025/12/06 11:18:08.371, 144.70 W, 94 %
2025/12/06 11:18:08.471, 144.96 W, 94 %
2025/12/06 11:18:08.571, 144.71 W, 94 %
2025/12/06 11:18:08.671, 145.05 W, 94 %
2025/12/06 11:18:08.771, 145.10 W, 94 %
2025/12/06 11:18:08.871, 144.95 W, 94 %
2025/12/06 11:18:08.971, 144.92 W, 94 %
2025/12/06 11:18:09.072, 144.73 W, 94 %
2025/12/06 11:18:09.172, 144.74 W, 94 %
2025/12/06 11:18:09.272, 144.60 W, 94 %
2025/12/06 11:18:09.372, 145.02 W, 94 %
2025/12/06 11:18:09.472, 144.85 W, 94 %
2025/12/06 11:18:09.572, 144.56 W, 94 %
2025/12/06 11:18:09.672, 144.79 W, 94 %
2025/12/06 11:18:09.773, 144.56 W, 94 %
2025/12/06 11:18:09.873, 144.42 W, 94 %
2025/12/06 11:18:09.973, 144.41 W, 94 %
2025/12/06 11:18:10.073, 144.81 W, 94 %
2025/12/06 11:18:10.173, 144.83 W, 94 %
2025/12/06 11:18:10.273, 144.62 W, 94 %
2025/12/06 11:18:10.373, 144.91 W, 94 %
2025/12/06 11:18:10.474, 144.82 W, 94 %
2025/12/06 11:18:10.574, 144.79 W, 94 %
2025/12/06 11:18:10.674, 145.05 W, 94 %
2025/12/06 11:18:10.774, 144.96 W, 94 %
2025/12/06 11:18:10.874, 145.00 W, 94 %
2025/12/06 11:18:10.974, 145.11 W, 94 %
2025/12/06 11:18:11.074, 145.38 W, 94 %
2025/12/06 11:18:11.175, 145.10 W, 94 %
2025/12/06 11:18:11.275, 145.20 W, 94 %
2025/12/06 11:18:11.375, 145.45 W, 94 %
2025/12/06 11:18:11.475, 145.15 W, 94 %
2025/12/06 11:18:11.575, 145.13 W, 93 %
2025/12/06 11:18:11.675, 145.33 W, 93 %
2025/12/06 11:18:11.775, 144.99 W, 94 %
2025/12/06 11:18:11.876, 145.22 W, 94 %
2025/12/06 11:18:11.976, 144.85 W, 93 %
2025/12/06 11:18:12.076, 144.71 W, 93 %
2025/12/06 11:18:12.176, 144.63 W, 94 %
2025/12/06 11:18:12.276, 144.75 W, 94 %
2025/12/06 11:18:12.376, 144.63 W, 93 %
2025/12/06 11:18:12.476, 144.56 W, 93 %
2025/12/06 11:18:12.577, 144.31 W, 93 %
2025/12/06 11:18:12.677, 144.13 W, 93 %
2025/12/06 11:18:12.777, 143.96 W, 93 %
2025/12/06 11:18:12.877, 144.24 W, 93 %
2025/12/06 11:18:12.977, 143.88 W, 94 %
2025/12/06 11:18:13.077, 144.10 W, 94 %
2025/12/06 11:18:13.177, 144.06 W, 94 %
2025/12/06 11:18:13.278, 144.18 W, 94 %
2025/12/06 11:18:13.378, 144.20 W, 94 %
2025/12/06 11:18:13.478, 144.06 W, 94 %
2025/12/06 11:18:13.578, 144.21 W, 92 %
2025/12/06 11:18:13.678, 144.35 W, 92 %
2025/12/06 11:18:13.778, 144.69 W, 94 %
2025/12/06 11:18:13.878, 144.80 W, 94 %
2025/12/06 11:18:13.979, 144.80 W, 93 %
2025/12/06 11:18:14.079, 144.74 W, 93 %
2025/12/06 11:18:14.179, 144.83 W, 94 %
2025/12/06 11:18:14.279, 145.01 W, 94 %
2025/12/06 11:18:14.379, 145.10 W, 94 %
2025/12/06 11:18:14.479, 144.94 W, 94 %
2025/12/06 11:18:14.579, 144.89 W, 93 %
2025/12/06 11:18:14.680, 144.70 W, 93 %
2025/12/06 11:18:14.780, 144.78 W, 93 %
2025/12/06 11:18:14.880, 144.55 W, 93 %
2025/12/06 11:18:14.980, 144.71 W, 94 %
2025/12/06 11:18:15.080, 144.52 W, 94 %
2025/12/06 11:18:15.180, 145.10 W, 94 %
2025/12/06 11:18:15.280, 144.70 W, 94 %
2025/12/06 11:18:15.381, 145.03 W, 94 %
2025/12/06 11:18:15.481, 144.76 W, 94 %
2025/12/06 11:18:15.581, 144.66 W, 93 %
2025/12/06 11:18:15.681, 144.54 W, 93 %
2025/12/06 11:18:15.781, 144.43 W, 94 %
2025/12/06 11:18:15.881, 144.86 W, 94 %
2025/12/06 11:18:15.981, 144.91 W, 93 %
2025/12/06 11:18:16.082, 144.65 W, 93 %
2025/12/06 11:18:16.182, 144.71 W, 94 %
2025/12/06 11:18:16.282, 144.47 W, 94 %
2025/12/06 11:18:16.382, 144.90 W, 93 %
2025/12/06 11:18:16.482, 144.68 W, 93 %
2025/12/06 11:18:16.582, 144.54 W, 93 %
2025/12/06 11:18:16.682, 144.56 W, 93 %
2025/12/06 11:18:16.783, 144.76 W, 93 %
2025/12/06 11:18:16.883, 144.83 W, 93 %
2025/12/06 11:18:16.983, 144.58 W, 94 %
2025/12/06 11:18:17.083, 144.39 W, 94 %
2025/12/06 11:18:17.183, 144.59 W, 93 %
2025/12/06 11:18:17.283, 144.70 W, 93 %
2025/12/06 11:18:17.383, 144.66 W, 94 %
2025/12/06 11:18:17.484, 144.58 W, 94 %
2025/12/06 11:18:17.584, 144.37 W, 93 %
2025/12/06 11:18:17.684, 144.40 W, 93 %
2025/12/06 11:18:17.784, 144.68 W, 94 %
2025/12/06 11:18:17.884, 144.79 W, 94 %
2025/12/06 11:18:17.984, 144.72 W, 94 %
2025/12/06 11:18:18.085, 144.98 W, 94 %
2025/12/06 11:18:18.185, 145.08 W, 94 %
2025/12/06 11:18:18.285, 145.06 W, 94 %
2025/12/06 11:18:18.385, 145.21 W, 93 %
2025/12/06 11:18:18.485, 145.21 W, 93 %
2025/12/06 11:18:18.585, 145.24 W, 93 %
2025/12/06 11:18:18.685, 145.06 W, 93 %
2025/12/06 11:18:18.786, 145.37 W, 93 %
2025/12/06 11:18:18.886, 145.18 W, 93 %
2025/12/06 11:18:18.986, 145.11 W, 94 %
2025/12/06 11:18:19.086, 145.24 W, 94 %
2025/12/06 11:18:19.186, 145.08 W, 93 %
2025/12/06 11:18:19.286, 145.19 W, 93 %
2025/12/06 11:18:19.386, 144.90 W, 94 %
2025/12/06 11:18:19.487, 144.67 W, 94 %
2025/12/06 11:18:19.587, 144.75 W, 93 %
2025/12/06 11:18:19.687, 144.40 W, 93 %
2025/12/06 11:18:19.787, 144.51 W, 94 %
2025/12/06 11:18:19.887, 144.50 W, 94 %
2025/12/06 11:18:19.987, 144.76 W, 94 %
2025/12/06 11:18:20.087, 144.71 W, 94 %
2025/12/06 11:18:20.188, 144.70 W, 94 %
2025/12/06 11:18:20.288, 144.69 W, 94 %
2025/12/06 11:18:20.388, 144.50 W, 94 %
2025/12/06 11:18:20.488, 144.49 W, 94 %
2025/12/06 11:18:20.588, 144.36 W, 94 %
2025/12/06 11:18:20.688, 143.88 W, 94 %
2025/12/06 11:18:20.788, 144.15 W, 94 %
2025/12/06 11:18:20.889, 144.31 W, 94 %
2025/12/06 11:18:20.989, 144.16 W, 94 %
2025/12/06 11:18:21.089, 143.85 W, 94 %
2025/12/06 11:18:21.189, 143.98 W, 94 %
2025/12/06 11:18:21.289, 143.89 W, 94 %
2025/12/06 11:18:21.389, 144.06 W, 94 %
2025/12/06 11:18:21.489, 144.26 W, 94 %
2025/12/06 11:18:21.590, 144.44 W, 94 %
2025/12/06 11:18:21.690, 144.44 W, 94 %
2025/12/06 11:18:21.790, 144.62 W, 94 %
2025/12/06 11:18:21.890, 144.70 W, 94 %
2025/12/06 11:18:21.990, 144.70 W, 94 %
2025/12/06 11:18:22.090, 144.81 W, 94 %
2025/12/06 11:18:22.190, 144.92 W, 94 %
2025/12/06 11:18:22.291, 144.72 W, 94 %
2025/12/06 11:18:22.391, 144.99 W, 94 %
2025/12/06 11:18:22.491, 144.74 W, 94 %
2025/12/06 11:18:22.591, 144.68 W, 94 %
2025/12/06 11:18:22.691, 144.89 W, 94 %
2025/12/06 11:18:22.791, 144.98 W, 94 %
2025/12/06 11:18:22.891, 144.90 W, 94 %
2025/12/06 11:18:22.992, 145.09 W, 94 %
2025/12/06 11:18:23.092, 145.07 W, 94 %
2025/12/06 11:18:23.192, 144.77 W, 94 %
2025/12/06 11:18:23.292, 144.65 W, 94 %
2025/12/06 11:18:23.392, 144.92 W, 94 %
2025/12/06 11:18:23.492, 144.90 W, 94 %
2025/12/06 11:18:23.592, 144.77 W, 94 %
2025/12/06 11:18:23.693, 144.66 W, 94 %
2025/12/06 11:18:23.793, 144.60 W, 94 %
2025/12/06 11:18:23.893, 144.56 W, 94 %
2025/12/06 11:18:23.993, 144.91 W, 94 %
2025/12/06 11:18:24.093, 144.86 W, 94 %
2025/12/06 11:18:24.193, 144.66 W, 94 %
2025/12/06 11:18:24.293, 145.12 W, 94 %
2025/12/06 11:18:24.394, 145.20 W, 94 %
2025/12/06 11:18:24.494, 145.15 W, 94 %
2025/12/06 11:18:24.594, 144.97 W, 94 %
2025/12/06 11:18:24.694, 144.61 W, 94 %
2025/12/06 11:18:24.794, 145.11 W, 94 %
2025/12/06 11:18:24.894, 145.09 W, 94 %
2025/12/06 11:18:24.994, 145.21 W, 94 %
2025/12/06 11:18:25.095, 145.09 W, 94 %
2025/12/06 11:18:25.195, 144.88 W, 94 %
2025/12/06 11:18:25.295, 145.05 W, 94 %
2025/12/06 11:18:25.395, 144.95 W, 94 %
2025/12/06 11:18:25.495, 144.84 W, 94 %
2025/12/06 11:18:25.595, 144.54 W, 94 %
2025/12/06 11:18:25.695, 144.72 W, 94 %
2025/12/06 11:18:25.796, 144.72 W, 94 %
2025/12/06 11:18:25.896, 144.93 W, 94 %
2025/12/06 11:18:25.996, 144.70 W, 94 %
2025/12/06 11:18:26.096, 144.36 W, 94 %
2025/12/06 11:18:26.196, 144.85 W, 94 %
2025/12/06 11:18:26.296, 144.97 W, 94 %
2025/12/06 11:18:26.396, 144.83 W, 94 %
2025/12/06 11:18:26.497, 144.71 W, 94 %
2025/12/06 11:18:26.597, 144.78 W, 94 %
2025/12/06 11:18:26.697, 145.35 W, 94 %
2025/12/06 11:18:26.797, 145.35 W, 94 %
2025/12/06 11:18:26.897, 145.16 W, 94 %
2025/12/06 11:18:26.997, 145.16 W, 94 %
2025/12/06 11:18:27.097, 145.37 W, 94 %
2025/12/06 11:18:27.198, 145.73 W, 94 %
2025/12/06 11:18:27.298, 145.13 W, 92 %
2025/12/06 11:18:27.398, 145.20 W, 92 %
2025/12/06 11:18:27.498, 145.08 W, 94 %
2025/12/06 11:18:27.598, 145.27 W, 94 %
2025/12/06 11:18:27.698, 145.20 W, 93 %
2025/12/06 11:18:27.798, 145.20 W, 93 %
2025/12/06 11:18:27.899, 144.50 W, 94 %
2025/12/06 11:18:27.999, 144.63 W, 94 %
2025/12/06 11:18:28.099, 144.61 W, 94 %
2025/12/06 11:18:28.199, 144.69 W, 94 %
2025/12/06 11:18:28.299, 144.20 W, 93 %
2025/12/06 11:18:28.399, 144.52 W, 93 %
2025/12/06 11:18:28.499, 144.28 W, 93 %
2025/12/06 11:18:28.600, 144.30 W, 93 %
2025/12/06 11:18:28.700, 144.35 W, 94 %
2025/12/06 11:18:28.800, 144.33 W, 94 %
2025/12/06 11:18:28.900, 144.38 W, 93 %
2025/12/06 11:18:29.000, 144.56 W, 93 %
2025/12/06 11:18:29.100, 144.57 W, 94 %
2025/12/06 11:18:29.200, 144.68 W, 94 %
2025/12/06 11:18:29.301, 144.66 W, 93 %
2025/12/06 11:18:29.401, 144.75 W, 93 %
2025/12/06 11:18:29.501, 144.51 W, 94 %
2025/12/06 11:18:29.601, 144.38 W, 94 %
2025/12/06 11:18:29.701, 144.54 W, 93 %
2025/12/06 11:18:29.801, 144.42 W, 93 %
2025/12/06 11:18:29.901, 144.29 W, 94 %
2025/12/06 11:18:30.002, 144.38 W, 94 %
2025/12/06 11:18:30.102, 144.46 W, 93 %
2025/12/06 11:18:30.202, 144.43 W, 93 %
2025/12/06 11:18:30.302, 144.68 W, 93 %
2025/12/06 11:18:30.402, 144.33 W, 93 %
2025/12/06 11:18:30.502, 144.69 W, 93 %
2025/12/06 11:18:30.603, 144.74 W, 93 %
2025/12/06 11:18:30.703, 144.96 W, 94 %
2025/12/06 11:18:30.803, 144.94 W, 94 %
2025/12/06 11:18:30.903, 144.91 W, 93 %
2025/12/06 11:18:31.003, 144.98 W, 93 %
2025/12/06 11:18:31.103, 145.11 W, 94 %
2025/12/06 11:18:31.203, 145.30 W, 94 %
2025/12/06 11:18:31.304, 145.21 W, 93 %
2025/12/06 11:18:31.404, 144.88 W, 93 %
2025/12/06 11:18:31.504, 145.54 W, 94 %
2025/12/06 11:18:31.604, 145.32 W, 94 %
2025/12/06 11:18:31.704, 145.59 W, 93 %
2025/12/06 11:18:31.804, 145.66 W, 93 %
2025/12/06 11:18:31.904, 145.48 W, 94 %
2025/12/06 11:18:32.005, 145.38 W, 94 %
2025/12/06 11:18:32.105, 145.71 W, 93 %
2025/12/06 11:18:32.205, 145.51 W, 93 %
2025/12/06 11:18:32.305, 145.12 W, 93 %
2025/12/06 11:18:32.405, 145.20 W, 93 %
2025/12/06 11:18:32.505, 145.68 W, 93 %
2025/12/06 11:18:32.605, 145.24 W, 93 %
2025/12/06 11:18:32.706, 145.08 W, 94 %
2025/12/06 11:18:32.806, 145.02 W, 94 %
2025/12/06 11:18:32.906, 144.75 W, 93 %
2025/12/06 11:18:33.006, 144.87 W, 93 %
2025/12/06 11:18:33.106, 145.20 W, 94 %
2025/12/06 11:18:33.206, 144.82 W, 94 %
2025/12/06 11:18:33.306, 144.93 W, 93 %
2025/12/06 11:18:33.407, 144.74 W, 93 %
2025/12/06 11:18:33.507, 144.93 W, 94 %
2025/12/06 11:18:33.607, 144.53 W, 94 %
2025/12/06 11:18:33.707, 144.69 W, 93 %
2025/12/06 11:18:33.807, 144.75 W, 93 %
2025/12/06 11:18:33.907, 144.55 W, 94 %
2025/12/06 11:18:34.007, 144.86 W, 94 %
2025/12/06 11:18:34.108, 144.76 W, 93 %
2025/12/06 11:18:34.208, 144.55 W, 93 %
2025/12/06 11:18:34.308, 144.97 W, 93 %
2025/12/06 11:18:34.408, 144.72 W, 93 %
2025/12/06 11:18:34.508, 145.12 W, 93 %
2025/12/06 11:18:34.608, 144.87 W, 93 %
2025/12/06 11:18:34.708, 144.87 W, 94 %
2025/12/06 11:18:34.809, 144.65 W, 94 %
2025/12/06 11:18:34.909, 144.69 W, 94 %
2025/12/06 11:18:35.009, 144.83 W, 94 %
2025/12/06 11:18:35.109, 144.46 W, 94 %
2025/12/06 11:18:35.209, 143.89 W, 94 %
2025/12/06 11:18:35.309, 144.07 W, 94 %
2025/12/06 11:18:35.409, 143.62 W, 94 %
2025/12/06 11:18:35.510, 144.03 W, 94 %
2025/12/06 11:18:35.610, 143.78 W, 94 %
2025/12/06 11:18:35.710, 143.66 W, 94 %
2025/12/06 11:18:35.810, 143.82 W, 94 %
2025/12/06 11:18:35.910, 144.12 W, 94 %
2025/12/06 11:18:36.010, 144.02 W, 94 %
2025/12/06 11:18:36.110, 143.70 W, 94 %
2025/12/06 11:18:36.211, 143.14 W, 94 %
2025/12/06 11:18:36.311, 144.03 W, 94 %
2025/12/06 11:18:36.411, 143.57 W, 94 %
2025/12/06 11:18:36.511, 143.95 W, 94 %
2025/12/06 11:18:36.611, 143.73 W, 94 %
2025/12/06 11:18:36.711, 143.74 W, 94 %
2025/12/06 11:18:36.811, 143.98 W, 94 %
2025/12/06 11:18:36.912, 143.96 W, 94 %
2025/12/06 11:18:37.012, 143.64 W, 94 %
2025/12/06 11:18:37.112, 143.65 W, 94 %
2025/12/06 11:18:37.212, 144.29 W, 94 %
2025/12/06 11:18:37.312, 145.18 W, 94 %
2025/12/06 11:18:37.412, 144.79 W, 94 %
2025/12/06 11:18:37.512, 145.07 W, 94 %
2025/12/06 11:18:37.613, 144.92 W, 94 %
2025/12/06 11:18:37.713, 144.79 W, 94 %
2025/12/06 11:18:37.813, 144.82 W, 94 %
2025/12/06 11:18:37.913, 144.92 W, 94 %
2025/12/06 11:18:38.013, 144.79 W, 94 %
2025/12/06 11:18:38.113, 144.71 W, 94 %
2025/12/06 11:18:38.213, 145.19 W, 94 %
2025/12/06 11:18:38.314, 144.86 W, 94 %
2025/12/06 11:18:38.414, 144.75 W, 94 %
2025/12/06 11:18:38.514, 144.99 W, 94 %
2025/12/06 11:18:38.614, 144.80 W, 94 %
2025/12/06 11:18:38.714, 144.57 W, 94 %
2025/12/06 11:18:38.814, 144.96 W, 94 %
2025/12/06 11:18:38.914, 145.08 W, 94 %
2025/12/06 11:18:39.015, 144.66 W, 94 %
2025/12/06 11:18:39.115, 144.43 W, 94 %
2025/12/06 11:18:39.215, 144.75 W, 94 %
2025/12/06 11:18:39.315, 144.20 W, 94 %
2025/12/06 11:18:39.415, 144.31 W, 94 %
2025/12/06 11:18:39.515, 144.34 W, 94 %
2025/12/06 11:18:39.615, 144.03 W, 94 %
2025/12/06 11:18:39.716, 144.48 W, 94 %
2025/12/06 11:18:39.816, 144.87 W, 94 %
2025/12/06 11:18:39.916, 144.39 W, 94 %
2025/12/06 11:18:40.016, 144.23 W, 94 %
2025/12/06 11:18:40.116, 144.43 W, 94 %
2025/12/06 11:18:40.216, 144.88 W, 94 %
2025/12/06 11:18:40.316, 144.69 W, 94 %
2025/12/06 11:18:40.417, 144.91 W, 94 %
2025/12/06 11:18:40.517, 144.82 W, 94 %
2025/12/06 11:18:40.617, 144.85 W, 94 %
2025/12/06 11:18:40.717, 145.27 W, 94 %
2025/12/06 11:18:40.817, 145.00 W, 94 %
2025/12/06 11:18:40.917, 144.76 W, 94 %
2025/12/06 11:18:41.017, 145.00 W, 94 %
2025/12/06 11:18:41.118, 145.16 W, 94 %
2025/12/06 11:18:41.218, 145.16 W, 94 %
2025/12/06 11:18:41.318, 145.00 W, 94 %
2025/12/06 11:18:41.418, 145.23 W, 94 %
2025/12/06 11:18:41.518, 145.08 W, 93 %
2025/12/06 11:18:41.618, 144.90 W, 93 %
2025/12/06 11:18:41.718, 144.89 W, 94 %
2025/12/06 11:18:41.819, 144.65 W, 94 %
2025/12/06 11:18:41.919, 144.39 W, 93 %
2025/12/06 11:18:42.019, 144.36 W, 93 %
2025/12/06 11:18:42.119, 143.98 W, 93 %
2025/12/06 11:18:42.219, 144.08 W, 93 %
2025/12/06 11:18:42.319, 143.77 W, 93 %
2025/12/06 11:18:42.419, 143.97 W, 93 %
2025/12/06 11:18:42.520, 143.93 W, 94 %
2025/12/06 11:18:42.620, 144.38 W, 94 %
2025/12/06 11:18:42.720, 144.30 W, 93 %
2025/12/06 11:18:42.820, 144.29 W, 93 %
2025/12/06 11:18:42.920, 144.41 W, 94 %
2025/12/06 11:18:43.020, 144.65 W, 94 %
2025/12/06 11:18:43.120, 144.76 W, 92 %
2025/12/06 11:18:43.221, 145.10 W, 92 %
2025/12/06 11:18:43.321, 144.81 W, 94 %
2025/12/06 11:18:43.421, 145.34 W, 94 %
2025/12/06 11:18:43.521, 145.26 W, 93 %
2025/12/06 11:18:43.621, 145.22 W, 93 %
2025/12/06 11:18:43.721, 144.67 W, 94 %
2025/12/06 11:18:43.821, 144.83 W, 94 %
2025/12/06 11:18:43.922, 144.89 W, 94 %
2025/12/06 11:18:44.022, 144.87 W, 94 %
2025/12/06 11:18:44.122, 144.78 W, 93 %
2025/12/06 11:18:44.222, 144.80 W, 93 %
2025/12/06 11:18:44.322, 144.94 W, 94 %
2025/12/06 11:18:44.422, 144.96 W, 94 %
2025/12/06 11:18:44.523, 145.09 W, 94 %
2025/12/06 11:18:44.623, 145.02 W, 94 %
2025/12/06 11:18:44.723, 144.83 W, 93 %
2025/12/06 11:18:44.823, 145.12 W, 93 %
2025/12/06 11:18:44.923, 145.04 W, 94 %
2025/12/06 11:18:45.023, 144.81 W, 94 %
2025/12/06 11:18:45.123, 145.00 W, 93 %
2025/12/06 11:18:45.224, 145.05 W, 93 %
2025/12/06 11:18:45.324, 144.74 W, 94 %
2025/12/06 11:18:45.424, 144.87 W, 94 %
2025/12/06 11:18:45.524, 145.10 W, 93 %
2025/12/06 11:18:45.624, 144.84 W, 93 %
2025/12/06 11:18:45.724, 144.75 W, 94 %
2025/12/06 11:18:45.824, 144.93 W, 94 %
2025/12/06 11:18:45.925, 144.85 W, 94 %
2025/12/06 11:18:46.025, 144.84 W, 94 %
2025/12/06 11:18:46.125, 145.02 W, 93 %
2025/12/06 11:18:46.225, 144.68 W, 93 %
2025/12/06 11:18:46.325, 144.56 W, 93 %
2025/12/06 11:18:46.425, 144.65 W, 93 %
2025/12/06 11:18:46.525, 144.61 W, 94 %
2025/12/06 11:18:46.626, 144.41 W, 94 %
2025/12/06 11:18:46.726, 144.07 W, 93 %
2025/12/06 11:18:46.826, 144.06 W, 93 %
2025/12/06 11:18:46.926, 143.99 W, 94 %
2025/12/06 11:18:47.026, 144.04 W, 94 %
2025/12/06 11:18:47.126, 144.32 W, 92 %
2025/12/06 11:18:47.226, 144.16 W, 92 %
2025/12/06 11:18:47.327, 144.14 W, 94 %
2025/12/06 11:18:47.427, 144.42 W, 94 %
2025/12/06 11:18:47.527, 144.68 W, 93 %
2025/12/06 11:18:47.627, 144.54 W, 93 %
2025/12/06 11:18:47.727, 144.24 W, 94 %
2025/12/06 11:18:47.827, 144.74 W, 94 %
2025/12/06 11:18:47.927, 144.61 W, 94 %
2025/12/06 11:18:48.028, 144.31 W, 94 %
2025/12/06 11:18:48.128, 144.29 W, 94 %
2025/12/06 11:18:48.228, 143.77 W, 94 %
2025/12/06 11:18:48.328, 143.98 W, 94 %
2025/12/06 11:18:48.428, 144.28 W, 94 %
2025/12/06 11:18:48.528, 144.23 W, 94 %
2025/12/06 11:18:48.628, 143.62 W, 94 %
2025/12/06 11:18:48.729, 143.76 W, 94 %
2025/12/06 11:18:48.829, 144.16 W, 94 %
2025/12/06 11:18:48.929, 143.81 W, 94 %
2025/12/06 11:18:49.029, 143.71 W, 94 %
2025/12/06 11:18:49.129, 144.14 W, 94 %
2025/12/06 11:18:49.229, 144.27 W, 94 %
2025/12/06 11:18:49.329, 144.60 W, 94 %
2025/12/06 11:18:49.430, 144.86 W, 94 %
2025/12/06 11:18:49.530, 144.61 W, 94 %
2025/12/06 11:18:49.630, 144.43 W, 94 %
2025/12/06 11:18:49.730, 145.06 W, 94 %
2025/12/06 11:18:49.830, 144.75 W, 94 %
2025/12/06 11:18:49.930, 144.68 W, 94 %
2025/12/06 11:18:50.030, 144.85 W, 94 %
2025/12/06 11:18:50.131, 145.04 W, 94 %
2025/12/06 11:18:50.231, 144.74 W, 94 %
2025/12/06 11:18:50.331, 144.84 W, 94 %
2025/12/06 11:18:50.431, 145.05 W, 94 %
2025/12/06 11:18:50.531, 144.53 W, 94 %
2025/12/06 11:18:50.631, 144.70 W, 94 %
2025/12/06 11:18:50.731, 145.00 W, 94 %
2025/12/06 11:18:50.832, 144.63 W, 94 %
2025/12/06 11:18:50.932, 144.55 W, 94 %
2025/12/06 11:18:51.032, 145.07 W, 94 %
2025/12/06 11:18:51.132, 144.75 W, 94 %
2025/12/06 11:18:51.232, 144.84 W, 94 %
2025/12/06 11:18:51.332, 145.42 W, 94 %
2025/12/06 11:18:51.432, 145.24 W, 94 %
2025/12/06 11:18:51.533, 144.98 W, 94 %
2025/12/06 11:18:51.633, 145.49 W, 94 %
2025/12/06 11:18:51.733, 145.37 W, 94 %
2025/12/06 11:18:51.833, 145.23 W, 94 %
2025/12/06 11:18:51.933, 145.24 W, 94 %
2025/12/06 11:18:52.033, 145.76 W, 94 %
2025/12/06 11:18:52.133, 145.13 W, 94 %
2025/12/06 11:18:52.234, 145.58 W, 94 %
2025/12/06 11:18:52.334, 145.70 W, 94 %
2025/12/06 11:18:52.434, 145.30 W, 94 %
2025/12/06 11:18:52.534, 145.03 W, 94 %
2025/12/06 11:18:52.634, 145.57 W, 94 %
2025/12/06 11:18:52.734, 145.15 W, 94 %
2025/12/06 11:18:52.834, 145.22 W, 94 %
2025/12/06 11:18:52.935, 145.16 W, 94 %
2025/12/06 11:18:53.035, 145.76 W, 94 %
2025/12/06 11:18:53.135, 145.17 W, 94 %
2025/12/06 11:18:53.235, 145.37 W, 94 %
2025/12/06 11:18:53.335, 145.32 W, 93 %
2025/12/06 11:18:53.435, 145.09 W, 93 %
2025/12/06 11:18:53.535, 145.05 W, 94 %
2025/12/06 11:18:53.636, 145.30 W, 94 %
2025/12/06 11:18:53.736, 144.68 W, 93 %
2025/12/06 11:18:53.836, 144.61 W, 93 %
2025/12/06 11:18:53.936, 144.32 W, 93 %
2025/12/06 11:18:54.036, 144.47 W, 93 %
2025/12/06 11:18:54.136, 143.78 W, 93 %
2025/12/06 11:18:54.236, 143.99 W, 93 %
2025/12/06 11:18:54.337, 144.16 W, 94 %
2025/12/06 11:18:54.437, 144.07 W, 94 %
2025/12/06 11:18:54.537, 143.82 W, 93 %
2025/12/06 11:18:54.637, 144.07 W, 93 %
2025/12/06 11:18:54.737, 143.80 W, 94 %
2025/12/06 11:18:54.837, 144.18 W, 94 %
2025/12/06 11:18:54.937, 144.37 W, 92 %
2025/12/06 11:18:55.038, 144.63 W, 92 %
2025/12/06 11:18:55.138, 144.34 W, 94 %
2025/12/06 11:18:55.238, 144.74 W, 94 %
2025/12/06 11:18:55.338, 144.99 W, 93 %
2025/12/06 11:18:55.438, 144.65 W, 93 %
2025/12/06 11:18:55.538, 144.62 W, 94 %
2025/12/06 11:18:55.638, 144.93 W, 94 %
2025/12/06 11:18:55.739, 144.77 W, 93 %
2025/12/06 11:18:55.839, 144.86 W, 93 %
2025/12/06 11:18:55.939, 145.18 W, 93 %
2025/12/06 11:18:56.039, 145.17 W, 93 %
2025/12/06 11:18:56.139, 144.96 W, 93 %
2025/12/06 11:18:56.239, 145.11 W, 93 %
2025/12/06 11:18:56.339, 145.01 W, 94 %
2025/12/06 11:18:56.440, 144.70 W, 94 %
2025/12/06 11:18:56.540, 144.86 W, 93 %
2025/12/06 11:18:56.640, 144.81 W, 93 %
2025/12/06 11:18:56.740, 144.95 W, 94 %
2025/12/06 11:18:56.840, 144.88 W, 94 %
2025/12/06 11:18:56.940, 145.16 W, 92 %
2025/12/06 11:18:57.040, 144.72 W, 92 %
2025/12/06 11:18:57.141, 144.59 W, 94 %
2025/12/06 11:18:57.241, 145.07 W, 94 %
2025/12/06 11:18:57.341, 145.02 W, 93 %
2025/12/06 11:18:57.441, 144.94 W, 93 %
2025/12/06 11:18:57.541, 145.09 W, 94 %
2025/12/06 11:18:57.641, 145.06 W, 94 %
2025/12/06 11:18:57.742, 145.04 W, 93 %
2025/12/06 11:18:57.842, 144.91 W, 93 %
2025/12/06 11:18:57.942, 144.99 W, 93 %
2025/12/06 11:18:58.042, 144.84 W, 93 %
2025/12/06 11:18:58.142, 144.89 W, 93 %
2025/12/06 11:18:58.242, 144.87 W, 93 %
2025/12/06 11:18:58.342, 144.51 W, 94 %
2025/12/06 11:18:58.443, 144.51 W, 94 %
2025/12/06 11:18:58.543, 144.65 W, 93 %
2025/12/06 11:18:58.643, 144.67 W, 93 %
2025/12/06 11:18:58.743, 144.56 W, 94 %
2025/12/06 11:18:58.843, 144.44 W, 94 %
2025/12/06 11:18:58.943, 144.65 W, 92 %
2025/12/06 11:18:59.043, 144.52 W, 92 %
2025/12/06 11:18:59.144, 144.87 W, 94 %
2025/12/06 11:18:59.244, 144.43 W, 94 %
2025/12/06 11:18:59.344, 144.45 W, 94 %
2025/12/06 11:18:59.444, 144.44 W, 94 %
2025/12/06 11:18:59.544, 144.63 W, 94 %
2025/12/06 11:18:59.644, 144.47 W, 94 %
2025/12/06 11:18:59.744, 144.22 W, 94 %
2025/12/06 11:18:59.845, 144.13 W, 94 %
2025/12/06 11:18:59.945, 144.47 W, 94 %
2025/12/06 11:19:00.045, 143.85 W, 94 %
2025/12/06 11:19:00.145, 144.04 W, 94 %
2025/12/06 11:19:00.245, 143.43 W, 94 %
2025/12/06 11:19:00.345, 143.81 W, 94 %
2025/12/06 11:19:00.445, 144.13 W, 94 %
2025/12/06 11:19:00.546, 144.19 W, 94 %
2025/12/06 11:19:00.646, 143.92 W, 94 %
2025/12/06 11:19:00.746, 143.86 W, 94 %
2025/12/06 11:19:00.846, 144.38 W, 94 %
2025/12/06 11:19:00.946, 144.15 W, 94 %
2025/12/06 11:19:01.046, 144.21 W, 94 %
2025/12/06 11:19:01.147, 144.74 W, 94 %
2025/12/06 11:19:01.247, 144.47 W, 94 %
2025/12/06 11:19:01.347, 144.57 W, 94 %
2025/12/06 11:19:01.447, 144.48 W, 94 %
2025/12/06 11:19:01.547, 144.17 W, 94 %
2025/12/06 11:19:01.647, 144.05 W, 94 %
2025/12/06 11:19:01.747, 144.23 W, 94 %
2025/12/06 11:19:01.848, 144.60 W, 94 %
2025/12/06 11:19:01.948, 144.21 W, 94 %
2025/12/06 11:19:02.048, 144.87 W, 94 %
2025/12/06 11:19:02.148, 144.82 W, 94 %
2025/12/06 11:19:02.248, 144.57 W, 94 %
2025/12/06 11:19:02.348, 144.67 W, 94 %
2025/12/06 11:19:02.448, 145.06 W, 94 %
2025/12/06 11:19:02.549, 144.79 W, 94 %
2025/12/06 11:19:02.649, 144.76 W, 94 %
2025/12/06 11:19:02.749, 145.26 W, 94 %
2025/12/06 11:19:02.849, 145.36 W, 94 %
2025/12/06 11:19:02.949, 145.10 W, 94 %
2025/12/06 11:19:03.049, 145.34 W, 94 %
2025/12/06 11:19:03.149, 145.25 W, 94 %
2025/12/06 11:19:03.250, 145.02 W, 94 %
2025/12/06 11:19:03.350, 145.20 W, 94 %
2025/12/06 11:19:03.450, 145.26 W, 94 %
2025/12/06 11:19:03.550, 144.82 W, 94 %
2025/12/06 11:19:03.650, 144.96 W, 94 %
2025/12/06 11:19:03.750, 145.29 W, 94 %
2025/12/06 11:19:03.850, 145.13 W, 94 %
2025/12/06 11:19:03.951, 144.81 W, 94 %
2025/12/06 11:19:04.051, 145.35 W, 94 %
2025/12/06 11:19:04.151, 145.21 W, 94 %
2025/12/06 11:19:04.251, 145.12 W, 94 %
2025/12/06 11:19:04.351, 145.26 W, 93 %
2025/12/06 11:19:04.451, 145.24 W, 93 %
2025/12/06 11:19:04.551, 145.12 W, 94 %
2025/12/06 11:19:04.652, 145.16 W, 94 %
2025/12/06 11:19:04.752, 144.77 W, 93 %
2025/12/06 11:19:04.852, 144.71 W, 93 %
2025/12/06 11:19:04.952, 144.53 W, 94 %
2025/12/06 11:19:05.052, 144.76 W, 94 %
2025/12/06 11:19:05.152, 144.32 W, 93 %
2025/12/06 11:19:05.252, 144.33 W, 93 %
2025/12/06 11:19:05.353, 144.03 W, 94 %
2025/12/06 11:19:05.453, 144.13 W, 94 %
2025/12/06 11:19:05.553, 144.21 W, 93 %
2025/12/06 11:19:05.653, 144.22 W, 93 %
2025/12/06 11:19:05.753, 144.18 W, 93 %
2025/12/06 11:19:05.853, 144.64 W, 93 %
2025/12/06 11:19:05.953, 144.83 W, 93 %
2025/12/06 11:19:06.054, 144.80 W, 93 %
2025/12/06 11:19:06.154, 144.76 W, 94 %
2025/12/06 11:19:06.254, 144.93 W, 94 %
2025/12/06 11:19:06.354, 144.75 W, 94 %
2025/12/06 11:19:06.454, 145.07 W, 94 %
2025/12/06 11:19:06.554, 144.71 W, 94 %
2025/12/06 11:19:06.655, 144.55 W, 94 %
2025/12/06 11:19:06.755, 144.79 W, 92 %
2025/12/06 11:19:06.855, 144.88 W, 92 %
2025/12/06 11:19:06.955, 144.98 W, 94 %
2025/12/06 11:19:07.055, 144.79 W, 94 %
2025/12/06 11:19:07.155, 144.96 W, 93 %
2025/12/06 11:19:07.255, 144.91 W, 93 %
2025/12/06 11:19:07.356, 144.73 W, 94 %
2025/12/06 11:19:07.456, 144.98 W, 94 %
2025/12/06 11:19:07.556, 144.79 W, 93 %
2025/12/06 11:19:07.656, 144.92 W, 93 %
2025/12/06 11:19:07.756, 145.15 W, 93 %
2025/12/06 11:19:07.856, 145.08 W, 93 %
2025/12/06 11:19:07.956, 145.07 W, 93 %
2025/12/06 11:19:08.057, 144.79 W, 93 %
2025/12/06 11:19:08.157, 144.62 W, 94 %
2025/12/06 11:19:08.257, 144.50 W, 94 %
2025/12/06 11:19:08.357, 144.72 W, 93 %
2025/12/06 11:19:08.457, 144.70 W, 93 %
2025/12/06 11:19:08.557, 144.94 W, 94 %
2025/12/06 11:19:08.657, 145.16 W, 94 %
2025/12/06 11:19:08.758, 145.12 W, 92 %
2025/12/06 11:19:08.858, 145.37 W, 92 %
2025/12/06 11:19:08.958, 145.11 W, 94 %
2025/12/06 11:19:09.058, 145.18 W, 94 %
2025/12/06 11:19:09.158, 145.31 W, 93 %
2025/12/06 11:19:09.258, 145.59 W, 93 %
2025/12/06 11:19:09.358, 145.71 W, 94 %
2025/12/06 11:19:09.459, 145.62 W, 94 %
2025/12/06 11:19:09.559, 145.33 W, 93 %
2025/12/06 11:19:09.659, 145.49 W, 93 %
2025/12/06 11:19:09.759, 145.28 W, 93 %
2025/12/06 11:19:09.859, 145.05 W, 93 %
2025/12/06 11:19:09.959, 145.00 W, 94 %
2025/12/06 11:19:10.059, 144.93 W, 94 %
2025/12/06 11:19:10.160, 144.72 W, 94 %
2025/12/06 11:19:10.260, 145.00 W, 94 %
2025/12/06 11:19:10.360, 144.83 W, 94 %
2025/12/06 11:19:10.460, 144.76 W, 94 %
2025/12/06 11:19:10.560, 144.69 W, 94 %
2025/12/06 11:19:10.660, 145.05 W, 94 %
2025/12/06 11:19:10.760, 144.70 W, 94 %
2025/12/06 11:19:10.861, 144.69 W, 94 %
2025/12/06 11:19:10.961, 144.69 W, 94 %
2025/12/06 11:19:11.061, 144.74 W, 94 %
2025/12/06 11:19:11.161, 144.69 W, 94 %
2025/12/06 11:19:11.261, 145.04 W, 94 %
2025/12/06 11:19:11.361, 144.72 W, 94 %
2025/12/06 11:19:11.462, 144.51 W, 94 %
2025/12/06 11:19:11.562, 144.47 W, 93 %
2025/12/06 11:19:11.662, 144.69 W, 93 %
2025/12/06 11:19:11.762, 144.26 W, 93 %
2025/12/06 11:19:11.862, 144.09 W, 93 %
2025/12/06 11:19:11.962, 144.20 W, 94 %
2025/12/06 11:19:12.062, 144.21 W, 94 %
2025/12/06 11:19:12.163, 143.96 W, 94 %
2025/12/06 11:19:12.263, 144.19 W, 94 %
2025/12/06 11:19:12.363, 144.00 W, 94 %
2025/12/06 11:19:12.463, 143.82 W, 94 %
2025/12/06 11:19:12.563, 143.68 W, 92 %
2025/12/06 11:19:12.663, 143.80 W, 92 %
2025/12/06 11:19:12.763, 143.38 W, 94 %
2025/12/06 11:19:12.864, 143.65 W, 94 %
2025/12/06 11:19:12.964, 143.86 W, 93 %
2025/12/06 11:19:13.064, 143.87 W, 93 %
2025/12/06 11:19:13.164, 144.07 W, 94 %
2025/12/06 11:19:13.264, 144.50 W, 94 %
2025/12/06 11:19:13.364, 144.62 W, 93 %
2025/12/06 11:19:13.464, 144.43 W, 93 %
2025/12/06 11:19:13.565, 144.87 W, 93 %
2025/12/06 11:19:13.665, 145.15 W, 93 %
2025/12/06 11:19:13.765, 144.84 W, 93 %
2025/12/06 11:19:13.865, 144.93 W, 93 %
2025/12/06 11:19:13.965, 145.01 W, 94 %
2025/12/06 11:19:14.065, 144.91 W, 94 %
2025/12/06 11:19:14.165, 145.01 W, 93 %
2025/12/06 11:19:14.266, 144.95 W, 93 %
2025/12/06 11:19:14.366, 144.69 W, 94 %
2025/12/06 11:19:14.466, 144.49 W, 94 %
2025/12/06 11:19:14.566, 144.82 W, 92 %
2025/12/06 11:19:14.666, 144.64 W, 92 %
2025/12/06 11:19:14.766, 144.51 W, 94 %
2025/12/06 11:19:14.866, 144.51 W, 94 %
2025/12/06 11:19:14.967, 144.80 W, 93 %
2025/12/06 11:19:15.067, 144.82 W, 93 %
2025/12/06 11:19:15.167, 144.94 W, 94 %
2025/12/06 11:19:15.267, 144.94 W, 94 %
2025/12/06 11:19:15.367, 144.89 W, 93 %
2025/12/06 11:19:15.467, 144.90 W, 93 %
2025/12/06 11:19:15.567, 144.88 W, 93 %
2025/12/06 11:19:15.668, 144.80 W, 93 %
2025/12/06 11:19:15.768, 144.60 W, 93 %
2025/12/06 11:19:15.868, 144.75 W, 93 %
2025/12/06 11:19:15.968, 144.94 W, 94 %
2025/12/06 11:19:16.068, 144.80 W, 94 %
2025/12/06 11:19:16.168, 144.93 W, 93 %
2025/12/06 11:19:16.268, 144.97 W, 93 %
2025/12/06 11:19:16.369, 144.85 W, 94 %
2025/12/06 11:19:16.469, 144.78 W, 94 %
2025/12/06 11:19:16.569, 145.02 W, 92 %
2025/12/06 11:19:16.669, 144.91 W, 92 %
2025/12/06 11:19:16.769, 144.85 W, 94 %
2025/12/06 11:19:16.869, 145.09 W, 94 %
2025/12/06 11:19:16.969, 144.95 W, 93 %
2025/12/06 11:19:17.070, 145.09 W, 93 %
2025/12/06 11:19:17.170, 145.02 W, 94 %
2025/12/06 11:19:17.270, 145.02 W, 94 %
2025/12/06 11:19:17.370, 144.89 W, 93 %
2025/12/06 11:19:17.470, 144.89 W, 93 %
2025/12/06 11:19:17.570, 145.02 W, 93 %
2025/12/06 11:19:17.670, 144.77 W, 93 %
2025/12/06 11:19:17.771, 144.85 W, 93 %
2025/12/06 11:19:17.871, 144.77 W, 93 %
2025/12/06 11:19:17.971, 144.71 W, 94 %
2025/12/06 11:19:18.071, 144.88 W, 94 %
2025/12/06 11:19:18.171, 145.00 W, 94 %
2025/12/06 11:19:18.271, 145.02 W, 94 %
2025/12/06 11:19:18.371, 144.82 W, 94 %
2025/12/06 11:19:18.472, 144.24 W, 94 %
2025/12/06 11:19:18.572, 144.22 W, 94 %
2025/12/06 11:19:18.672, 144.20 W, 94 %
2025/12/06 11:19:18.772, 144.28 W, 94 %
2025/12/06 11:19:18.872, 144.13 W, 94 %
2025/12/06 11:19:18.972, 144.16 W, 94 %
2025/12/06 11:19:19.072, 144.12 W, 94 %
2025/12/06 11:19:19.173, 144.33 W, 94 %
2025/12/06 11:19:19.273, 144.28 W, 94 %
2025/12/06 11:19:19.373, 144.15 W, 94 %
2025/12/06 11:19:19.473, 144.20 W, 94 %
2025/12/06 11:19:19.573, 144.84 W, 94 %
2025/12/06 11:19:19.673, 144.82 W, 94 %
2025/12/06 11:19:19.773, 144.86 W, 94 %
2025/12/06 11:19:19.874, 144.70 W, 94 %
2025/12/06 11:19:19.974, 144.74 W, 94 %
2025/12/06 11:19:20.074, 145.04 W, 94 %
2025/12/06 11:19:20.174, 145.04 W, 94 %
2025/12/06 11:19:20.274, 144.89 W, 94 %
2025/12/06 11:19:20.374, 144.53 W, 94 %
2025/12/06 11:19:20.474, 144.66 W, 94 %
2025/12/06 11:19:20.575, 144.49 W, 94 %
2025/12/06 11:19:20.675, 144.55 W, 94 %
2025/12/06 11:19:20.775, 144.54 W, 94 %
2025/12/06 11:19:20.875, 144.52 W, 94 %
2025/12/06 11:19:20.975, 144.51 W, 94 %
2025/12/06 11:19:21.075, 144.88 W, 94 %
2025/12/06 11:19:21.175, 144.66 W, 94 %
2025/12/06 11:19:21.276, 144.77 W, 94 %
2025/12/06 11:19:21.376, 144.58 W, 94 %
2025/12/06 11:19:21.476, 144.77 W, 94 %
2025/12/06 11:19:21.576, 144.83 W, 94 %
2025/12/06 11:19:21.676, 144.93 W, 94 %
2025/12/06 11:19:21.776, 144.79 W, 94 %
2025/12/06 11:19:21.877, 144.75 W, 94 %
2025/12/06 11:19:21.977, 144.63 W, 94 %
2025/12/06 11:19:22.077, 144.89 W, 94 %
2025/12/06 11:19:22.177, 144.79 W, 94 %
2025/12/06 11:19:22.277, 144.76 W, 94 %
2025/12/06 11:19:22.377, 144.50 W, 94 %
2025/12/06 11:19:22.477, 144.75 W, 94 %
2025/12/06 11:19:22.578, 145.00 W, 94 %
2025/12/06 11:19:22.678, 144.96 W, 94 %
2025/12/06 11:19:22.778, 144.93 W, 94 %
2025/12/06 11:19:22.878, 145.09 W, 94 %
2025/12/06 11:19:22.978, 145.20 W, 94 %
2025/12/06 11:19:23.078, 145.24 W, 94 %
2025/12/06 11:19:23.178, 145.15 W, 94 %
2025/12/06 11:19:23.279, 145.23 W, 94 %
2025/12/06 11:19:23.379, 145.00 W, 94 %
2025/12/06 11:19:23.479, 145.11 W, 94 %
2025/12/06 11:19:23.579, 145.15 W, 94 %
2025/12/06 11:19:23.679, 145.13 W, 94 %
2025/12/06 11:19:23.779, 144.93 W, 94 %
2025/12/06 11:19:23.879, 144.78 W, 94 %
2025/12/06 11:19:23.980, 144.60 W, 94 %
2025/12/06 11:19:24.080, 144.82 W, 94 %
2025/12/06 11:19:24.180, 144.93 W, 94 %
2025/12/06 11:19:24.280, 144.64 W, 94 %
2025/12/06 11:19:24.380, 143.74 W, 92 %
2025/12/06 11:19:24.480, 143.91 W, 92 %
2025/12/06 11:19:24.580, 144.17 W, 94 %
2025/12/06 11:19:24.681, 144.15 W, 94 %
2025/12/06 11:19:24.781, 143.72 W, 93 %
2025/12/06 11:19:24.881, 143.85 W, 93 %
2025/12/06 11:19:24.981, 143.84 W, 94 %
2025/12/06 11:19:25.081, 143.90 W, 94 %
2025/12/06 11:19:25.181, 143.52 W, 93 %
2025/12/06 11:19:25.281, 143.20 W, 93 %
2025/12/06 11:19:25.382, 143.62 W, 93 %
2025/12/06 11:19:25.482, 144.52 W, 93 %
2025/12/06 11:19:25.582, 144.65 W, 93 %
2025/12/06 11:19:25.682, 144.52 W, 93 %
2025/12/06 11:19:25.782, 144.38 W, 94 %
2025/12/06 11:19:25.882, 144.66 W, 94 %
2025/12/06 11:19:25.982, 144.64 W, 93 %
2025/12/06 11:19:26.083, 144.83 W, 93 %
2025/12/06 11:19:26.183, 144.62 W, 94 %
2025/12/06 11:19:26.283, 144.72 W, 94 %
2025/12/06 11:19:26.383, 144.87 W, 93 %
2025/12/06 11:19:26.483, 144.75 W, 93 %
2025/12/06 11:19:26.583, 144.74 W, 94 %
2025/12/06 11:19:26.683, 144.53 W, 94 %
2025/12/06 11:19:26.784, 144.55 W, 93 %
2025/12/06 11:19:26.884, 144.55 W, 93 %
2025/12/06 11:19:26.984, 144.43 W, 94 %
2025/12/06 11:19:27.084, 144.39 W, 94 %
2025/12/06 11:19:27.184, 144.45 W, 93 %
2025/12/06 11:19:27.284, 144.66 W, 93 %
2025/12/06 11:19:27.384, 144.88 W, 93 %
2025/12/06 11:19:27.485, 144.74 W, 93 %
2025/12/06 11:19:27.585, 144.76 W, 93 %
2025/12/06 11:19:27.685, 144.58 W, 93 %
2025/12/06 11:19:27.785, 144.69 W, 94 %
2025/12/06 11:19:27.885, 144.70 W, 94 %
2025/12/06 11:19:27.985, 144.62 W, 93 %
2025/12/06 11:19:28.085, 144.74 W, 93 %
2025/12/06 11:19:28.186, 144.79 W, 94 %
2025/12/06 11:19:28.286, 144.86 W, 94 %
2025/12/06 11:19:28.386, 145.16 W, 92 %
2025/12/06 11:19:28.486, 145.02 W, 92 %
2025/12/06 11:19:28.586, 145.34 W, 94 %
2025/12/06 11:19:28.686, 145.28 W, 94 %
2025/12/06 11:19:28.786, 145.35 W, 93 %
2025/12/06 11:19:28.887, 145.32 W, 93 %
2025/12/06 11:19:28.987, 145.09 W, 94 %
2025/12/06 11:19:29.087, 145.06 W, 94 %
2025/12/06 11:19:29.187, 145.01 W, 93 %
2025/12/06 11:19:29.287, 145.06 W, 93 %
2025/12/06 11:19:29.387, 145.02 W, 93 %
2025/12/06 11:19:29.488, 144.88 W, 93 %
2025/12/06 11:19:29.588, 144.62 W, 93 %
2025/12/06 11:19:29.688, 144.77 W, 93 %
2025/12/06 11:19:29.788, 144.90 W, 94 %
2025/12/06 11:19:29.888, 144.84 W, 94 %
2025/12/06 11:19:29.988, 144.68 W, 94 %
2025/12/06 11:19:30.088, 144.75 W, 94 %
2025/12/06 11:19:30.189, 144.98 W, 94 %
2025/12/06 11:19:30.289, 144.25 W, 94 %
2025/12/06 11:19:30.389, 144.28 W, 94 %
2025/12/06 11:19:30.489, 144.11 W, 94 %
2025/12/06 11:19:30.589, 144.04 W, 94 %
2025/12/06 11:19:30.689, 144.36 W, 94 %
2025/12/06 11:19:30.789, 144.10 W, 94 %
2025/12/06 11:19:30.890, 143.92 W, 94 %
2025/12/06 11:19:30.990, 143.78 W, 94 %
2025/12/06 11:19:31.090, 144.02 W, 94 %
2025/12/06 11:19:31.190, 144.12 W, 94 %
2025/12/06 11:19:31.290, 144.05 W, 94 %
2025/12/06 11:19:31.390, 144.69 W, 94 %
2025/12/06 11:19:31.490, 144.43 W, 94 %
2025/12/06 11:19:31.591, 144.66 W, 94 %
2025/12/06 11:19:31.691, 144.47 W, 94 %
2025/12/06 11:19:31.791, 144.58 W, 94 %
2025/12/06 11:19:31.891, 144.35 W, 94 %
2025/12/06 11:19:31.991, 144.47 W, 94 %
2025/12/06 11:19:32.091, 144.92 W, 94 %
2025/12/06 11:19:32.191, 144.71 W, 94 %
2025/12/06 11:19:32.292, 144.60 W, 94 %
2025/12/06 11:19:32.392, 144.51 W, 94 %
2025/12/06 11:19:32.492, 144.68 W, 94 %
2025/12/06 11:19:32.592, 145.05 W, 94 %
2025/12/06 11:19:32.692, 144.80 W, 94 %
2025/12/06 11:19:32.792, 145.06 W, 94 %
2025/12/06 11:19:32.892, 144.80 W, 94 %
2025/12/06 11:19:32.993, 145.00 W, 94 %
2025/12/06 11:19:33.093, 145.15 W, 94 %
2025/12/06 11:19:33.193, 144.50 W, 94 %
2025/12/06 11:19:33.293, 145.12 W, 94 %
2025/12/06 11:19:33.393, 145.12 W, 94 %
2025/12/06 11:19:33.493, 145.27 W, 94 %
2025/12/06 11:19:33.593, 145.31 W, 94 %
2025/12/06 11:19:33.694, 145.04 W, 94 %
2025/12/06 11:19:33.794, 145.14 W, 94 %
2025/12/06 11:19:33.894, 145.13 W, 94 %
2025/12/06 11:19:33.994, 145.27 W, 94 %
2025/12/06 11:19:34.094, 145.23 W, 94 %
2025/12/06 11:19:34.194, 144.97 W, 94 %
2025/12/06 11:19:34.294, 145.42 W, 94 %
2025/12/06 11:19:34.395, 144.77 W, 94 %
2025/12/06 11:19:34.495, 144.97 W, 94 %
2025/12/06 11:19:34.595, 144.93 W, 94 %
2025/12/06 11:19:34.695, 144.73 W, 94 %
2025/12/06 11:19:34.795, 144.79 W, 94 %
2025/12/06 11:19:34.895, 144.96 W, 94 %
2025/12/06 11:19:34.995, 144.99 W, 94 %
2025/12/06 11:19:35.096, 144.77 W, 94 %
2025/12/06 11:19:35.196, 144.90 W, 94 %
2025/12/06 11:19:35.296, 145.04 W, 94 %
2025/12/06 11:19:35.396, 144.99 W, 94 %
2025/12/06 11:19:35.496, 145.02 W, 94 %
2025/12/06 11:19:35.596, 145.02 W, 94 %
2025/12/06 11:19:35.696, 144.81 W, 94 %
2025/12/06 11:19:35.797, 144.84 W, 94 %
2025/12/06 11:19:35.897, 145.09 W, 94 %
2025/12/06 11:19:35.997, 144.78 W, 94 %
2025/12/06 11:19:36.097, 144.42 W, 94 %
2025/12/06 11:19:36.197, 144.53 W, 94 %
2025/12/06 11:19:36.297, 145.08 W, 94 %
2025/12/06 11:19:36.398, 145.25 W, 94 %
2025/12/06 11:19:36.498, 145.27 W, 94 %
2025/12/06 11:19:36.598, 145.47 W, 94 %
2025/12/06 11:19:36.698, 145.30 W, 94 %
2025/12/06 11:19:36.798, 145.73 W, 94 %
2025/12/06 11:19:36.898, 145.97 W, 94 %
2025/12/06 11:19:36.998, 145.79 W, 94 %
2025/12/06 11:19:37.099, 145.30 W, 94 %
2025/12/06 11:19:37.199, 145.22 W, 94 %
2025/12/06 11:19:37.299, 145.43 W, 94 %
2025/12/06 11:19:37.399, 145.16 W, 93 %
2025/12/06 11:19:37.499, 145.03 W, 93 %
2025/12/06 11:19:37.599, 145.15 W, 94 %
2025/12/06 11:19:37.699, 145.18 W, 94 %
2025/12/06 11:19:37.800, 145.22 W, 93 %
2025/12/06 11:19:37.900, 144.99 W, 93 %
2025/12/06 11:19:38.000, 144.72 W, 94 %
2025/12/06 11:19:38.100, 144.11 W, 94 %
2025/12/06 11:19:38.200, 144.47 W, 93 %
2025/12/06 11:19:38.300, 144.82 W, 93 %
2025/12/06 11:19:38.400, 144.48 W, 94 %
2025/12/06 11:19:38.501, 144.35 W, 94 %
2025/12/06 11:19:38.601, 144.31 W, 93 %
2025/12/06 11:19:38.701, 144.29 W, 93 %
2025/12/06 11:19:38.801, 144.29 W, 94 %
2025/12/06 11:19:38.901, 144.40 W, 94 %
2025/12/06 11:19:39.001, 143.95 W, 93 %
2025/12/06 11:19:39.101, 143.81 W, 93 %
2025/12/06 11:19:39.202, 144.53 W, 93 %
2025/12/06 11:19:39.302, 144.65 W, 93 %
2025/12/06 11:19:39.402, 144.63 W, 93 %
2025/12/06 11:19:39.502, 145.18 W, 93 %
2025/12/06 11:19:39.602, 144.87 W, 94 %
2025/12/06 11:19:39.702, 144.86 W, 94 %
2025/12/06 11:19:39.802, 144.71 W, 93 %
2025/12/06 11:19:39.903, 144.61 W, 93 %
2025/12/06 11:19:40.003, 144.18 W, 94 %
2025/12/06 11:19:40.103, 144.34 W, 94 %
2025/12/06 11:19:40.203, 144.77 W, 92 %
2025/12/06 11:19:40.303, 144.28 W, 92 %
2025/12/06 11:19:40.403, 144.80 W, 94 %
2025/12/06 11:19:40.503, 144.88 W, 94 %
2025/12/06 11:19:40.604, 144.54 W, 93 %
2025/12/06 11:19:40.704, 144.79 W, 93 %
2025/12/06 11:19:40.804, 144.90 W, 94 %
2025/12/06 11:19:40.904, 144.88 W, 94 %
2025/12/06 11:19:41.004, 144.92 W, 93 %
2025/12/06 11:19:41.104, 145.18 W, 93 %
2025/12/06 11:19:41.204, 145.55 W, 93 %
2025/12/06 11:19:41.305, 145.03 W, 93 %
2025/12/06 11:19:41.405, 145.53 W, 93 %
2025/12/06 11:19:41.505, 145.21 W, 93 %
2025/12/06 11:19:41.605, 145.38 W, 94 %
2025/12/06 11:19:41.705, 145.54 W, 94 %
2025/12/06 11:19:41.805, 145.49 W, 93 %
2025/12/06 11:19:41.905, 145.17 W, 93 %
2025/12/06 11:19:42.006, 145.17 W, 94 %
2025/12/06 11:19:42.106, 145.14 W, 94 %
2025/12/06 11:19:42.206, 145.14 W, 92 %
2025/12/06 11:19:42.306, 145.01 W, 92 %
2025/12/06 11:19:42.406, 145.42 W, 94 %
2025/12/06 11:19:42.506, 145.29 W, 94 %
2025/12/06 11:19:42.606, 145.26 W, 93 %
2025/12/06 11:19:42.707, 145.21 W, 93 %
2025/12/06 11:19:42.807, 144.64 W, 94 %
2025/12/06 11:19:42.907, 144.72 W, 94 %
2025/12/06 11:19:43.007, 144.65 W, 94 %
2025/12/06 11:19:43.107, 144.25 W, 94 %
2025/12/06 11:19:43.207, 144.06 W, 94 %
2025/12/06 11:19:43.307, 144.21 W, 94 %
2025/12/06 11:19:43.408, 144.29 W, 94 %
2025/12/06 11:19:43.508, 144.00 W, 94 %
2025/12/06 11:19:43.608, 144.25 W, 94 %
2025/12/06 11:19:43.708, 144.27 W, 94 %
2025/12/06 11:19:43.808, 143.95 W, 94 %
2025/12/06 11:19:43.908, 144.25 W, 94 %
2025/12/06 11:19:44.008, 144.14 W, 94 %
2025/12/06 11:19:44.109, 144.58 W, 94 %
2025/12/06 11:19:44.209, 145.06 W, 94 %
2025/12/06 11:19:44.309, 145.16 W, 94 %
2025/12/06 11:19:44.409, 144.99 W, 94 %
2025/12/06 11:19:44.509, 144.74 W, 94 %
2025/12/06 11:19:44.609, 145.10 W, 93 %
2025/12/06 11:19:44.709, 145.12 W, 93 %
2025/12/06 11:19:44.810, 145.02 W, 94 %
2025/12/06 11:19:44.910, 145.12 W, 94 %
2025/12/06 11:19:45.010, 145.18 W, 94 %
2025/12/06 11:19:45.110, 145.25 W, 94 %
2025/12/06 11:19:45.210, 144.79 W, 94 %
2025/12/06 11:19:45.310, 144.89 W, 94 %
2025/12/06 11:19:45.410, 145.04 W, 94 %
2025/12/06 11:19:45.511, 145.02 W, 94 %
2025/12/06 11:19:45.611, 145.22 W, 94 %
2025/12/06 11:19:45.711, 144.99 W, 94 %
2025/12/06 11:19:45.811, 144.68 W, 94 %
2025/12/06 11:19:45.911, 144.81 W, 94 %
2025/12/06 11:19:46.011, 144.94 W, 94 %
2025/12/06 11:19:46.112, 144.79 W, 94 %
2025/12/06 11:19:46.212, 144.70 W, 94 %
2025/12/06 11:19:46.312, 144.70 W, 94 %
2025/12/06 11:19:46.412, 144.77 W, 94 %
2025/12/06 11:19:46.512, 144.72 W, 94 %
2025/12/06 11:19:46.612, 144.73 W, 94 %
2025/12/06 11:19:46.712, 144.78 W, 94 %
2025/12/06 11:19:46.813, 144.70 W, 94 %
2025/12/06 11:19:46.913, 145.03 W, 94 %
2025/12/06 11:19:47.013, 145.03 W, 94 %
2025/12/06 11:19:47.113, 144.79 W, 94 %
2025/12/06 11:19:47.213, 144.79 W, 94 %
2025/12/06 11:19:47.313, 144.80 W, 94 %
2025/12/06 11:19:47.413, 145.07 W, 94 %
2025/12/06 11:19:47.514, 144.88 W, 94 %
2025/12/06 11:19:47.614, 144.92 W, 94 %
2025/12/06 11:19:47.714, 145.02 W, 94 %
2025/12/06 11:19:47.814, 144.94 W, 94 %
2025/12/06 11:19:47.914, 144.96 W, 94 %
2025/12/06 11:19:48.014, 144.91 W, 94 %
2025/12/06 11:19:48.114, 145.10 W, 94 %
2025/12/06 11:19:48.215, 145.04 W, 94 %
2025/12/06 11:19:48.315, 145.24 W, 94 %
2025/12/06 11:19:48.415, 145.32 W, 94 %
2025/12/06 11:19:48.515, 145.21 W, 94 %
2025/12/06 11:19:48.615, 145.26 W, 94 %
2025/12/06 11:19:48.715, 145.20 W, 94 %
2025/12/06 11:19:48.815, 144.75 W, 93 %
2025/12/06 11:19:48.916, 144.67 W, 93 %
2025/12/06 11:19:49.016, 144.39 W, 93 %
2025/12/06 11:19:49.116, 144.06 W, 93 %
2025/12/06 11:19:49.216, 143.57 W, 93 %
2025/12/06 11:19:49.316, 143.74 W, 93 %
2025/12/06 11:19:49.416, 143.59 W, 94 %
2025/12/06 11:19:49.516, 143.52 W, 94 %
2025/12/06 11:19:49.617, 143.38 W, 93 %
2025/12/06 11:19:49.717, 143.35 W, 93 %
2025/12/06 11:19:49.817, 143.32 W, 94 %
2025/12/06 11:19:49.917, 143.71 W, 94 %
2025/12/06 11:19:50.017, 143.75 W, 92 %
2025/12/06 11:19:50.117, 143.97 W, 92 %
2025/12/06 11:19:50.217, 144.13 W, 94 %
2025/12/06 11:19:50.318, 144.22 W, 94 %
2025/12/06 11:19:50.418, 144.30 W, 94 %
2025/12/06 11:19:50.518, 144.61 W, 94 %
2025/12/06 11:19:50.618, 144.60 W, 94 %
2025/12/06 11:19:50.718, 144.89 W, 94 %
2025/12/06 11:19:50.818, 144.61 W, 93 %
2025/12/06 11:19:50.918, 144.49 W, 93 %
2025/12/06 11:19:51.019, 144.72 W, 93 %
2025/12/06 11:19:51.119, 144.45 W, 93 %
2025/12/06 11:19:51.219, 144.76 W, 93 %
2025/12/06 11:19:51.319, 144.52 W, 93 %
2025/12/06 11:19:51.419, 144.63 W, 94 %
2025/12/06 11:19:51.519, 144.59 W, 94 %
2025/12/06 11:19:51.619, 144.48 W, 93 %
2025/12/06 11:19:51.720, 144.36 W, 93 %
2025/12/06 11:19:51.820, 144.04 W, 94 %
2025/12/06 11:19:51.920, 144.71 W, 94 %
2025/12/06 11:19:52.020, 145.05 W, 92 %
2025/12/06 11:19:52.120, 144.77 W, 92 %
2025/12/06 11:19:52.220, 145.15 W, 94 %
2025/12/06 11:19:52.320, 144.91 W, 94 %
2025/12/06 11:19:52.421, 145.38 W, 93 %
2025/12/06 11:19:52.521, 145.46 W, 93 %
2025/12/06 11:19:52.621, 145.37 W, 94 %
2025/12/06 11:19:52.721, 145.21 W, 94 %
2025/12/06 11:19:52.821, 145.29 W, 93 %
2025/12/06 11:19:52.921, 145.51 W, 93 %
2025/12/06 11:19:53.021, 144.99 W, 93 %
2025/12/06 11:19:53.122, 144.67 W, 93 %
2025/12/06 11:19:53.222, 144.67 W, 93 %
2025/12/06 11:19:53.322, 144.67 W, 93 %
2025/12/06 11:19:53.422, 144.79 W, 94 %
2025/12/06 11:19:53.522, 144.46 W, 94 %
2025/12/06 11:19:53.622, 144.52 W, 93 %
2025/12/06 11:19:53.722, 144.25 W, 93 %
2025/12/06 11:19:53.823, 144.39 W, 94 %
2025/12/06 11:19:53.923, 144.38 W, 94 %
2025/12/06 11:19:54.023, 144.42 W, 92 %
2025/12/06 11:19:54.123, 144.32 W, 92 %
2025/12/06 11:19:54.223, 144.46 W, 94 %
2025/12/06 11:19:54.323, 144.42 W, 94 %
2025/12/06 11:19:54.424, 144.43 W, 94 %
2025/12/06 11:19:54.524, 144.52 W, 94 %
2025/12/06 11:19:54.624, 144.52 W, 94 %
2025/12/06 11:19:54.724, 144.16 W, 94 %
2025/12/06 11:19:54.824, 144.59 W, 94 %
2025/12/06 11:19:54.924, 144.22 W, 94 %
2025/12/06 11:19:55.024, 144.39 W, 94 %
2025/12/06 11:19:55.124, 144.22 W, 94 %
2025/12/06 11:19:55.225, 144.67 W, 94 %
2025/12/06 11:19:55.325, 144.51 W, 94 %
2025/12/06 11:19:55.425, 144.51 W, 94 %
2025/12/06 11:19:55.525, 144.69 W, 94 %
2025/12/06 11:19:55.625, 144.46 W, 94 %
2025/12/06 11:19:55.725, 144.59 W, 94 %
2025/12/06 11:19:55.825, 145.00 W, 94 %
2025/12/06 11:19:55.926, 145.04 W, 94 %
2025/12/06 11:19:56.026, 145.15 W, 94 %
2025/12/06 11:19:56.126, 145.05 W, 94 %
2025/12/06 11:19:56.226, 145.26 W, 94 %
2025/12/06 11:19:56.326, 145.29 W, 94 %
2025/12/06 11:19:56.426, 145.30 W, 94 %
2025/12/06 11:19:56.527, 145.53 W, 94 %
2025/12/06 11:19:56.627, 145.19 W, 94 %
2025/12/06 11:19:56.727, 145.22 W, 94 %
2025/12/06 11:19:56.827, 145.12 W, 94 %
2025/12/06 11:19:56.927, 145.19 W, 94 %
2025/12/06 11:19:57.027, 144.96 W, 94 %
2025/12/06 11:19:57.127, 145.37 W, 94 %
2025/12/06 11:19:57.228, 145.23 W, 94 %
2025/12/06 11:19:57.328, 144.97 W, 94 %
2025/12/06 11:19:57.428, 144.57 W, 94 %
2025/12/06 11:19:57.528, 145.01 W, 94 %
2025/12/06 11:19:57.628, 144.88 W, 94 %
2025/12/06 11:19:57.728, 144.96 W, 94 %
2025/12/06 11:19:57.828, 145.09 W, 94 %
2025/12/06 11:19:57.929, 145.23 W, 94 %
2025/12/06 11:19:58.029, 145.02 W, 94 %
2025/12/06 11:19:58.129, 145.11 W, 94 %
2025/12/06 11:19:58.229, 144.78 W, 94 %
2025/12/06 11:19:58.329, 144.99 W, 94 %
2025/12/06 11:19:58.429, 145.00 W, 94 %
2025/12/06 11:19:58.529, 144.99 W, 94 %
2025/12/06 11:19:58.630, 144.79 W, 94 %
2025/12/06 11:19:58.730, 144.84 W, 94 %
2025/12/06 11:19:58.830, 144.91 W, 93 %
2025/12/06 11:19:58.930, 144.76 W, 93 %
2025/12/06 11:19:59.030, 144.25 W, 93 %
2025/12/06 11:19:59.130, 144.15 W, 93 %
2025/12/06 11:19:59.230, 143.92 W, 94 %
2025/12/06 11:19:59.331, 144.07 W, 94 %
2025/12/06 11:19:59.431, 143.94 W, 93 %
2025/12/06 11:19:59.531, 144.18 W, 93 %
2025/12/06 11:19:59.631, 144.33 W, 94 %
2025/12/06 11:19:59.731, 144.19 W, 94 %
2025/12/06 11:19:59.831, 143.83 W, 93 %
2025/12/06 11:19:59.931, 144.14 W, 93 %
2025/12/06 11:20:00.032, 144.35 W, 94 %
2025/12/06 11:20:00.132, 144.58 W, 94 %
2025/12/06 11:20:00.232, 144.54 W, 93 %
2025/12/06 11:20:00.332, 144.73 W, 93 %
2025/12/06 11:20:00.432, 144.57 W, 94 %
2025/12/06 11:20:00.532, 144.58 W, 94 %
2025/12/06 11:20:00.632, 144.52 W, 93 %
2025/12/06 11:20:00.733, 144.43 W, 93 %
2025/12/06 11:20:00.833, 144.58 W, 93 %
2025/12/06 11:20:00.933, 145.03 W, 93 %
2025/12/06 11:20:01.033, 144.84 W, 93 %
2025/12/06 11:20:01.133, 144.49 W, 93 %
2025/12/06 11:20:01.233, 144.60 W, 94 %
2025/12/06 11:20:01.333, 144.59 W, 94 %
2025/12/06 11:20:01.434, 144.63 W, 93 %
2025/12/06 11:20:01.534, 144.67 W, 93 %
2025/12/06 11:20:01.634, 144.72 W, 94 %
2025/12/06 11:20:01.734, 145.02 W, 94 %
2025/12/06 11:20:01.834, 145.01 W, 93 %
2025/12/06 11:20:01.934, 145.14 W, 93 %
2025/12/06 11:20:02.034, 145.09 W, 94 %
2025/12/06 11:20:02.135, 144.80 W, 94 %
2025/12/06 11:20:02.235, 145.08 W, 93 %
2025/12/06 11:20:02.335, 145.10 W, 93 %
2025/12/06 11:20:02.435, 145.18 W, 94 %
2025/12/06 11:20:02.535, 145.23 W, 94 %
2025/12/06 11:20:02.635, 145.26 W, 93 %
2025/12/06 11:20:02.735, 145.28 W, 93 %
2025/12/06 11:20:02.836, 145.19 W, 93 %
2025/12/06 11:20:02.936, 145.18 W, 93 %
2025/12/06 11:20:03.036, 145.16 W, 93 %
2025/12/06 11:20:03.136, 144.96 W, 93 %
2025/12/06 11:20:03.236, 145.10 W, 94 %
2025/12/06 11:20:03.336, 145.15 W, 94 %
2025/12/06 11:20:03.436, 145.08 W, 93 %
2025/12/06 11:20:03.537, 145.18 W, 93 %
2025/12/06 11:20:03.637, 145.05 W, 94 %
2025/12/06 11:20:03.737, 144.76 W, 94 %
2025/12/06 11:20:03.837, 144.81 W, 92 %
2025/12/06 11:20:03.937, 144.36 W, 92 %
2025/12/06 11:20:04.037, 144.48 W, 94 %
2025/12/06 11:20:04.138, 144.29 W, 94 %
2025/12/06 11:20:04.238, 144.31 W, 93 %
2025/12/06 11:20:04.338, 144.31 W, 93 %
2025/12/06 11:20:04.438, 144.09 W, 94 %
2025/12/06 11:20:04.538, 143.90 W, 94 %
2025/12/06 11:20:04.638, 144.01 W, 94 %
2025/12/06 11:20:04.738, 143.56 W, 94 %
2025/12/06 11:20:04.839, 143.88 W, 94 %
2025/12/06 11:20:04.939, 143.56 W, 94 %
2025/12/06 11:20:05.039, 143.90 W, 94 %
2025/12/06 11:20:05.139, 143.75 W, 94 %
2025/12/06 11:20:05.239, 143.64 W, 94 %
2025/12/06 11:20:05.339, 143.59 W, 94 %
2025/12/06 11:20:05.439, 143.60 W, 94 %
2025/12/06 11:20:05.540, 143.80 W, 94 %
2025/12/06 11:20:05.640, 143.95 W, 94 %
2025/12/06 11:20:05.740, 143.95 W, 94 %
2025/12/06 11:20:05.840, 144.59 W, 94 %
2025/12/06 11:20:05.940, 144.72 W, 94 %
2025/12/06 11:20:06.040, 144.89 W, 94 %
2025/12/06 11:20:06.140, 144.74 W, 94 %
2025/12/06 11:20:06.241, 144.78 W, 94 %
2025/12/06 11:20:06.341, 144.97 W, 94 %
2025/12/06 11:20:06.441, 145.14 W, 94 %
2025/12/06 11:20:06.541, 145.07 W, 94 %
2025/12/06 11:20:06.641, 144.99 W, 94 %
2025/12/06 11:20:06.741, 145.27 W, 94 %
2025/12/06 11:20:06.841, 144.98 W, 94 %
2025/12/06 11:20:06.942, 145.16 W, 94 %
2025/12/06 11:20:07.042, 145.07 W, 94 %
2025/12/06 11:20:07.142, 145.01 W, 94 %
2025/12/06 11:20:07.242, 145.30 W, 94 %
2025/12/06 11:20:07.342, 145.31 W, 94 %
2025/12/06 11:20:07.442, 144.99 W, 94 %
2025/12/06 11:20:07.542, 145.13 W, 94 %
2025/12/06 11:20:07.643, 145.01 W, 94 %
2025/12/06 11:20:07.743, 145.06 W, 94 %
2025/12/06 11:20:07.843, 144.77 W, 94 %
2025/12/06 11:20:07.943, 144.80 W, 94 %
2025/12/06 11:20:08.043, 144.66 W, 94 %
2025/12/06 11:20:08.143, 144.37 W, 94 %
2025/12/06 11:20:08.243, 144.35 W, 94 %
2025/12/06 11:20:08.344, 144.20 W, 94 %
2025/12/06 11:20:08.444, 144.36 W, 94 %
2025/12/06 11:20:08.544, 144.50 W, 94 %
2025/12/06 11:20:08.644, 144.21 W, 94 %
2025/12/06 11:20:08.744, 144.36 W, 94 %
2025/12/06 11:20:08.844, 144.34 W, 94 %
2025/12/06 11:20:08.944, 144.57 W, 94 %
2025/12/06 11:20:09.045, 144.76 W, 94 %
2025/12/06 11:20:09.145, 144.62 W, 94 %
2025/12/06 11:20:09.245, 144.93 W, 94 %
2025/12/06 11:20:09.345, 145.14 W, 94 %
2025/12/06 11:20:09.445, 145.05 W, 94 %
2025/12/06 11:20:09.545, 144.85 W, 94 %
2025/12/06 11:20:09.645, 144.93 W, 94 %
2025/12/06 11:20:09.746, 145.05 W, 94 %
2025/12/06 11:20:09.846, 145.08 W, 94 %
2025/12/06 11:20:09.946, 145.11 W, 94 %
2025/12/06 11:20:10.046, 144.70 W, 93 %
2025/12/06 11:20:10.146, 144.58 W, 93 %
2025/12/06 11:20:10.246, 144.37 W, 94 %
2025/12/06 11:20:10.346, 144.31 W, 94 %
2025/12/06 11:20:10.447, 144.12 W, 93 %
2025/12/06 11:20:10.547, 144.28 W, 93 %
2025/12/06 11:20:10.647, 143.99 W, 93 %
2025/12/06 11:20:10.747, 144.06 W, 93 %
2025/12/06 11:20:10.847, 143.84 W, 93 %
2025/12/06 11:20:10.947, 143.65 W, 93 %
2025/12/06 11:20:11.047, 143.46 W, 94 %
2025/12/06 11:20:11.148, 143.68 W, 94 %
2025/12/06 11:20:11.248, 143.87 W, 93 %
2025/12/06 11:20:11.348, 143.96 W, 93 %
2025/12/06 11:20:11.448, 144.20 W, 94 %
2025/12/06 11:20:11.548, 144.13 W, 94 %
2025/12/06 11:20:11.648, 143.99 W, 92 %
2025/12/06 11:20:11.748, 144.79 W, 92 %
2025/12/06 11:20:11.849, 144.45 W, 94 %
2025/12/06 11:20:11.949, 144.60 W, 94 %
2025/12/06 11:20:12.049, 144.76 W, 93 %
2025/12/06 11:20:12.149, 144.94 W, 93 %
2025/12/06 11:20:12.249, 145.08 W, 94 %
2025/12/06 11:20:12.349, 144.88 W, 94 %
2025/12/06 11:20:12.449, 145.12 W, 93 %
2025/12/06 11:20:12.550, 144.76 W, 93 %
2025/12/06 11:20:12.650, 145.32 W, 93 %
2025/12/06 11:20:12.750, 145.22 W, 93 %
2025/12/06 11:20:12.850, 144.87 W, 93 %
2025/12/06 11:20:12.950, 145.08 W, 93 %
2025/12/06 11:20:13.050, 145.03 W, 94 %
2025/12/06 11:20:13.150, 145.16 W, 94 %
2025/12/06 11:20:13.251, 145.21 W, 93 %
2025/12/06 11:20:13.351, 144.90 W, 93 %
2025/12/06 11:20:13.451, 145.14 W, 94 %
2025/12/06 11:20:13.551, 144.79 W, 94 %
2025/12/06 11:20:13.651, 144.97 W, 92 %
2025/12/06 11:20:13.751, 144.60 W, 92 %
2025/12/06 11:20:13.852, 144.66 W, 94 %
2025/12/06 11:20:13.952, 144.55 W, 94 %
2025/12/06 11:20:14.052, 144.43 W, 93 %
2025/12/06 11:20:14.152, 144.69 W, 93 %
2025/12/06 11:20:14.252, 144.59 W, 94 %
2025/12/06 11:20:14.352, 144.49 W, 94 %
2025/12/06 11:20:14.452, 144.80 W, 93 %
2025/12/06 11:20:14.553, 144.45 W, 93 %
2025/12/06 11:20:14.653, 144.74 W, 93 %
2025/12/06 11:20:14.753, 144.58 W, 93 %
2025/12/06 11:20:14.853, 144.63 W, 93 %
2025/12/06 11:20:14.953, 144.48 W, 93 %
2025/12/06 11:20:15.053, 144.51 W, 94 %
2025/12/06 11:20:15.153, 144.65 W, 94 %
2025/12/06 11:20:15.254, 144.67 W, 94 %
2025/12/06 11:20:15.354, 144.61 W, 94 %
2025/12/06 11:20:15.454, 144.58 W, 94 %
2025/12/06 11:20:15.554, 144.59 W, 94 %
2025/12/06 11:20:15.654, 144.83 W, 94 %
2025/12/06 11:20:15.754, 144.71 W, 94 %
2025/12/06 11:20:15.854, 144.76 W, 94 %
2025/12/06 11:20:15.955, 144.41 W, 94 %
2025/12/06 11:20:16.055, 144.47 W, 94 %
2025/12/06 11:20:16.155, 144.57 W, 94 %
2025/12/06 11:20:16.255, 144.63 W, 94 %
2025/12/06 11:20:16.355, 144.30 W, 94 %
2025/12/06 11:20:16.455, 144.40 W, 94 %
2025/12/06 11:20:16.555, 144.15 W, 94 %
2025/12/06 11:20:16.656, 144.20 W, 94 %
2025/12/06 11:20:16.756, 144.21 W, 94 %
2025/12/06 11:20:16.856, 144.22 W, 94 %
2025/12/06 11:20:16.956, 144.14 W, 94 %
2025/12/06 11:20:17.056, 144.37 W, 94 %
2025/12/06 11:20:17.156, 144.56 W, 94 %
2025/12/06 11:20:17.256, 144.40 W, 94 %
2025/12/06 11:20:17.357, 144.48 W, 94 %
2025/12/06 11:20:17.457, 144.37 W, 94 %
2025/12/06 11:20:17.557, 144.30 W, 94 %
2025/12/06 11:20:17.657, 144.65 W, 94 %
2025/12/06 11:20:17.757, 144.71 W, 94 %
2025/12/06 11:20:17.857, 144.61 W, 94 %
2025/12/06 11:20:17.957, 144.92 W, 94 %
2025/12/06 11:20:18.058, 145.02 W, 94 %
2025/12/06 11:20:18.158, 145.06 W, 94 %
2025/12/06 11:20:18.258, 145.04 W, 94 %
2025/12/06 11:20:18.358, 145.05 W, 94 %
2025/12/06 11:20:18.458, 144.83 W, 94 %
2025/12/06 11:20:18.558, 145.06 W, 94 %
2025/12/06 11:20:18.658, 145.20 W, 94 %
2025/12/06 11:20:18.759, 145.30 W, 94 %
2025/12/06 11:20:18.859, 144.99 W, 94 %
2025/12/06 11:20:18.959, 145.12 W, 94 %
2025/12/06 11:20:19.059, 144.89 W, 94 %
2025/12/06 11:20:19.159, 145.09 W, 94 %
2025/12/06 11:20:19.259, 144.89 W, 94 %
2025/12/06 11:20:19.359, 144.70 W, 94 %
2025/12/06 11:20:19.460, 144.64 W, 94 %
2025/12/06 11:20:19.560, 145.03 W, 94 %
2025/12/06 11:20:19.660, 145.02 W, 94 %
2025/12/06 11:20:19.760, 144.91 W, 94 %
2025/12/06 11:20:19.860, 144.63 W, 94 %
2025/12/06 11:20:19.960, 145.16 W, 94 %
2025/12/06 11:20:20.060, 145.20 W, 94 %
2025/12/06 11:20:20.161, 145.01 W, 94 %
2025/12/06 11:20:20.261, 144.88 W, 94 %
2025/12/06 11:20:20.361, 145.04 W, 94 %
2025/12/06 11:20:20.461, 145.04 W, 94 %
2025/12/06 11:20:20.561, 145.34 W, 94 %
2025/12/06 11:20:20.661, 145.13 W, 94 %
2025/12/06 11:20:20.761, 145.07 W, 94 %
2025/12/06 11:20:20.862, 144.96 W, 94 %
2025/12/06 11:20:20.962, 145.14 W, 94 %
2025/12/06 11:20:21.062, 144.80 W, 93 %
2025/12/06 11:20:21.162, 144.76 W, 93 %
2025/12/06 11:20:21.262, 144.87 W, 94 %
2025/12/06 11:20:21.362, 144.72 W, 94 %
2025/12/06 11:20:21.463, 143.85 W, 92 %
2025/12/06 11:20:21.563, 144.04 W, 92 %
2025/12/06 11:20:21.663, 143.90 W, 94 %
2025/12/06 11:20:21.763, 143.77 W, 94 %
2025/12/06 11:20:21.863, 143.64 W, 94 %
2025/12/06 11:20:21.963, 143.50 W, 94 %
2025/12/06 11:20:22.063, 143.68 W, 94 %
2025/12/06 11:20:22.164, 143.71 W, 94 %
2025/12/06 11:20:22.264, 143.48 W, 93 %
2025/12/06 11:20:22.364, 143.59 W, 93 %
2025/12/06 11:20:22.464, 144.43 W, 93 %
2025/12/06 11:20:22.564, 144.37 W, 93 %
2025/12/06 11:20:22.664, 144.37 W, 93 %
2025/12/06 11:20:22.764, 144.15 W, 93 %
2025/12/06 11:20:22.865, 144.13 W, 94 %
2025/12/06 11:20:22.965, 144.64 W, 94 %
2025/12/06 11:20:23.065, 144.77 W, 93 %
2025/12/06 11:20:23.165, 144.63 W, 93 %
2025/12/06 11:20:23.265, 144.28 W, 94 %
2025/12/06 11:20:23.365, 145.10 W, 94 %
2025/12/06 11:20:23.465, 145.11 W, 92 %
2025/12/06 11:20:23.566, 145.28 W, 92 %
2025/12/06 11:20:23.666, 145.28 W, 94 %
2025/12/06 11:20:23.766, 145.22 W, 94 %
2025/12/06 11:20:23.866, 145.56 W, 93 %
2025/12/06 11:20:23.966, 145.72 W, 93 %
2025/12/06 11:20:24.066, 145.63 W, 94 %
2025/12/06 11:20:24.166, 145.73 W, 94 %
2025/12/06 11:20:24.267, 145.50 W, 94 %
2025/12/06 11:20:24.367, 145.82 W, 94 %
2025/12/06 11:20:24.467, 145.29 W, 94 %
2025/12/06 11:20:24.567, 145.45 W, 94 %
2025/12/06 11:20:24.667, 145.21 W, 94 %
2025/12/06 11:20:24.767, 144.88 W, 94 %
2025/12/06 11:20:24.867, 144.92 W, 94 %
2025/12/06 11:20:24.968, 145.13 W, 94 %
2025/12/06 11:20:25.068, 145.28 W, 94 %
2025/12/06 11:20:25.168, 145.02 W, 94 %
2025/12/06 11:20:25.268, 144.60 W, 94 %
2025/12/06 11:20:25.368, 145.01 W, 94 %
2025/12/06 11:20:25.468, 144.86 W, 94 %
2025/12/06 11:20:25.568, 144.76 W, 94 %
2025/12/06 11:20:25.669, 144.44 W, 94 %
2025/12/06 11:20:25.769, 144.55 W, 94 %
2025/12/06 11:20:25.869, 144.93 W, 94 %
2025/12/06 11:20:25.969, 145.13 W, 94 %
2025/12/06 11:20:26.069, 144.74 W, 94 %
2025/12/06 11:20:26.169, 144.91 W, 94 %
2025/12/06 11:20:26.269, 144.76 W, 94 %
2025/12/06 11:20:26.370, 145.18 W, 94 %
2025/12/06 11:20:26.470, 145.06 W, 94 %
2025/12/06 11:20:26.570, 144.87 W, 94 %
2025/12/06 11:20:26.670, 144.89 W, 94 %
2025/12/06 11:20:26.770, 144.98 W, 94 %
2025/12/06 11:20:26.870, 145.18 W, 94 %
2025/12/06 11:20:26.970, 144.98 W, 94 %
2025/12/06 11:20:27.071, 144.98 W, 94 %
2025/12/06 11:20:27.171, 144.89 W, 94 %
2025/12/06 11:20:27.271, 144.22 W, 92 %
2025/12/06 11:20:27.371, 144.41 W, 92 %
2025/12/06 11:20:27.471, 144.35 W, 94 %
2025/12/06 11:20:27.571, 143.96 W, 94 %
2025/12/06 11:20:27.671, 143.81 W, 93 %
2025/12/06 11:20:27.772, 144.03 W, 93 %
2025/12/06 11:20:27.872, 144.09 W, 94 %
2025/12/06 11:20:27.972, 143.93 W, 94 %
2025/12/06 11:20:28.072, 143.68 W, 94 %
2025/12/06 11:20:28.172, 143.44 W, 94 %
2025/12/06 11:20:28.272, 143.83 W, 93 %
2025/12/06 11:20:28.372, 144.25 W, 93 %
2025/12/06 11:20:28.473, 144.40 W, 93 %
2025/12/06 11:20:28.573, 144.17 W, 93 %
2025/12/06 11:20:28.673, 144.33 W, 94 %
2025/12/06 11:20:28.773, 144.73 W, 94 %
2025/12/06 11:20:28.873, 144.72 W, 93 %
2025/12/06 11:20:28.973, 144.67 W, 93 %
2025/12/06 11:20:29.073, 144.41 W, 94 %
2025/12/06 11:20:29.174, 144.90 W, 94 %
2025/12/06 11:20:29.274, 145.25 W, 92 %
2025/12/06 11:20:29.374, 144.88 W, 92 %
2025/12/06 11:20:29.474, 145.27 W, 94 %
2025/12/06 11:20:29.574, 144.73 W, 94 %
2025/12/06 11:20:29.674, 145.09 W, 93 %
2025/12/06 11:20:29.775, 145.18 W, 93 %
2025/12/06 11:20:29.875, 145.06 W, 94 %
2025/12/06 11:20:29.975, 144.88 W, 94 %
2025/12/06 11:20:30.075, 145.00 W, 93 %
2025/12/06 11:20:30.175, 145.24 W, 93 %
2025/12/06 11:20:30.275, 145.13 W, 93 %
2025/12/06 11:20:30.375, 145.00 W, 93 %
2025/12/06 11:20:30.476, 145.25 W, 93 %
2025/12/06 11:20:30.576, 144.70 W, 93 %
2025/12/06 11:20:30.676, 145.02 W, 94 %
2025/12/06 11:20:30.776, 145.03 W, 94 %
2025/12/06 11:20:30.876, 144.89 W, 93 %
2025/12/06 11:20:30.976, 144.85 W, 93 %
2025/12/06 11:20:31.076, 144.96 W, 94 %
2025/12/06 11:20:31.177, 144.64 W, 94 %
2025/12/06 11:20:31.277, 144.88 W, 93 %
2025/12/06 11:20:31.377, 144.95 W, 93 %
2025/12/06 11:20:31.477, 144.61 W, 94 %
2025/12/06 11:20:31.577, 144.38 W, 94 %
2025/12/06 11:20:31.677, 144.82 W, 93 %
2025/12/06 11:20:31.777, 144.87 W, 93 %
2025/12/06 11:20:31.878, 144.56 W, 94 %
2025/12/06 11:20:31.978, 144.52 W, 94 %
2025/12/06 11:20:32.078, 144.75 W, 93 %
2025/12/06 11:20:32.178, 144.68 W, 93 %
2025/12/06 11:20:32.278, 144.87 W, 93 %
2025/12/06 11:20:32.378, 144.43 W, 93 %
2025/12/06 11:20:32.478, 144.39 W, 93 %
2025/12/06 11:20:32.579, 144.67 W, 93 %
2025/12/06 11:20:32.679, 144.83 W, 94 %
2025/12/06 11:20:32.779, 144.40 W, 94 %
2025/12/06 11:20:32.879, 144.21 W, 93 %
2025/12/06 11:20:32.979, 144.28 W, 93 %
2025/12/06 11:20:33.079, 144.31 W, 94 %
2025/12/06 11:20:33.179, 143.46 W, 94 %
2025/12/06 11:20:33.280, 143.59 W, 94 %
2025/12/06 11:20:33.380, 143.54 W, 94 %
2025/12/06 11:20:33.480, 143.75 W, 94 %
2025/12/06 11:20:33.580, 144.22 W, 94 %
2025/12/06 11:20:33.680, 143.95 W, 94 %
2025/12/06 11:20:33.780, 143.84 W, 94 %
2025/12/06 11:20:33.880, 144.01 W, 94 %
2025/12/06 11:20:33.981, 143.91 W, 94 %
2025/12/06 11:20:34.081, 143.72 W, 94 %
2025/12/06 11:20:34.181, 144.24 W, 94 %
2025/12/06 11:20:34.281, 144.91 W, 94 %
2025/12/06 11:20:34.381, 144.69 W, 94 %
2025/12/06 11:20:34.481, 144.86 W, 94 %
2025/12/06 11:20:34.581, 144.90 W, 94 %
2025/12/06 11:20:34.682, 144.20 W, 94 %
2025/12/06 11:20:34.782, 144.58 W, 94 %
2025/12/06 11:20:34.882, 144.78 W, 94 %
2025/12/06 11:20:34.982, 144.66 W, 94 %
2025/12/06 11:20:35.082, 144.66 W, 94 %
2025/12/06 11:20:35.182, 144.94 W, 94 %
2025/12/06 11:20:35.282, 144.62 W, 94 %
2025/12/06 11:20:35.383, 144.55 W, 94 %
2025/12/06 11:20:35.483, 144.80 W, 94 %
2025/12/06 11:20:35.583, 144.77 W, 94 %
2025/12/06 11:20:35.683, 144.69 W, 94 %
2025/12/06 11:20:35.783, 144.91 W, 94 %
2025/12/06 11:20:35.883, 144.68 W, 94 %
2025/12/06 11:20:35.983, 144.68 W, 94 %
2025/12/06 11:20:36.084, 144.58 W, 94 %
2025/12/06 11:20:36.184, 145.51 W, 94 %
2025/12/06 11:20:36.284, 145.28 W, 94 %
2025/12/06 11:20:36.384, 145.61 W, 94 %
2025/12/06 11:20:36.484, 145.75 W, 94 %
2025/12/06 11:20:36.584, 145.70 W, 94 %
2025/12/06 11:20:36.684, 145.55 W, 94 %
2025/12/06 11:20:36.785, 145.49 W, 94 %
2025/12/06 11:20:36.885, 145.63 W, 94 %
2025/12/06 11:20:36.985, 145.72 W, 94 %
2025/12/06 11:20:37.085, 145.41 W, 94 %
2025/12/06 11:20:37.185, 145.94 W, 94 %
2025/12/06 11:20:37.285, 145.35 W, 94 %
2025/12/06 11:20:37.385, 145.47 W, 94 %
2025/12/06 11:20:37.486, 145.15 W, 94 %
2025/12/06 11:20:37.586, 145.16 W, 94 %
2025/12/06 11:20:37.686, 144.80 W, 94 %
2025/12/06 11:20:37.786, 145.10 W, 94 %
2025/12/06 11:20:37.886, 145.36 W, 94 %
2025/12/06 11:20:37.986, 145.14 W, 94 %
2025/12/06 11:20:38.087, 144.99 W, 94 %
2025/12/06 11:20:38.187, 145.24 W, 94 %
2025/12/06 11:20:38.287, 144.78 W, 94 %
2025/12/06 11:20:38.387, 144.66 W, 94 %
2025/12/06 11:20:38.487, 145.08 W, 94 %
2025/12/06 11:20:38.587, 144.93 W, 94 %
2025/12/06 11:20:38.687, 145.02 W, 94 %
2025/12/06 11:20:38.788, 145.35 W, 94 %
2025/12/06 11:20:38.888, 144.97 W, 94 %
2025/12/06 11:20:38.988, 144.65 W, 94 %
2025/12/06 11:20:39.088, 144.18 W, 93 %
2025/12/06 11:20:39.188, 144.57 W, 93 %
2025/12/06 11:20:39.288, 144.52 W, 94 %
2025/12/06 11:20:39.388, 144.59 W, 94 %
2025/12/06 11:20:39.489, 144.51 W, 93 %
2025/12/06 11:20:39.589, 144.25 W, 93 %
2025/12/06 11:20:39.689, 144.48 W, 94 %
2025/12/06 11:20:39.789, 144.49 W, 94 %
2025/12/06 11:20:39.889, 144.04 W, 93 %
2025/12/06 11:20:39.989, 143.97 W, 93 %
2025/12/06 11:20:40.089, 144.15 W, 93 %
2025/12/06 11:20:40.190, 144.79 W, 93 %
2025/12/06 11:20:40.290, 144.36 W, 93 %
2025/12/06 11:20:40.390, 144.52 W, 93 %
2025/12/06 11:20:40.490, 144.48 W, 94 %
2025/12/06 11:20:40.590, 144.84 W, 94 %
2025/12/06 11:20:40.690, 144.75 W, 93 %
2025/12/06 11:20:40.791, 144.81 W, 93 %
2025/12/06 11:20:40.891, 144.51 W, 94 %
2025/12/06 11:20:40.991, 144.71 W, 94 %
2025/12/06 11:20:41.091, 145.20 W, 92 %
2025/12/06 11:20:41.191, 144.93 W, 92 %
2025/12/06 11:20:41.291, 144.66 W, 94 %
2025/12/06 11:20:41.391, 144.74 W, 94 %
2025/12/06 11:20:41.492, 144.75 W, 93 %
2025/12/06 11:20:41.592, 144.99 W, 93 %
2025/12/06 11:20:41.692, 144.77 W, 94 %
2025/12/06 11:20:41.792, 144.66 W, 94 %
2025/12/06 11:20:41.892, 144.69 W, 93 %
2025/12/06 11:20:41.992, 144.92 W, 93 %
2025/12/06 11:20:42.092, 144.97 W, 93 %
2025/12/06 11:20:42.193, 144.64 W, 93 %
2025/12/06 11:20:42.293, 145.04 W, 93 %
2025/12/06 11:20:42.393, 145.09 W, 93 %
2025/12/06 11:20:42.493, 145.09 W, 94 %
2025/12/06 11:20:42.593, 144.91 W, 94 %
2025/12/06 11:20:42.693, 144.99 W, 93 %
2025/12/06 11:20:42.793, 144.93 W, 93 %
2025/12/06 11:20:42.894, 144.97 W, 94 %
2025/12/06 11:20:42.994, 144.80 W, 94 %
2025/12/06 11:20:43.094, 144.89 W, 92 %
2025/12/06 11:20:43.194, 144.85 W, 92 %
2025/12/06 11:20:43.294, 144.92 W, 94 %
2025/12/06 11:20:43.394, 144.74 W, 94 %
2025/12/06 11:20:43.494, 144.82 W, 93 %
2025/12/06 11:20:43.595, 144.88 W, 93 %
2025/12/06 11:20:43.695, 145.00 W, 94 %
2025/12/06 11:20:43.795, 145.09 W, 94 %
2025/12/06 11:20:43.895, 145.04 W, 93 %
2025/12/06 11:20:43.995, 145.28 W, 93 %
2025/12/06 11:20:44.095, 145.18 W, 93 %
2025/12/06 11:20:44.195, 144.78 W, 93 %
2025/12/06 11:20:44.296, 145.25 W, 94 %
2025/12/06 11:20:44.396, 145.19 W, 94 %
2025/12/06 11:20:44.496, 145.18 W, 94 %
2025/12/06 11:20:44.596, 145.26 W, 94 %
2025/12/06 11:20:44.696, 145.20 W, 94 %
2025/12/06 11:20:44.796, 145.14 W, 94 %
2025/12/06 11:20:44.896, 144.86 W, 94 %
2025/12/06 11:20:44.997, 144.32 W, 94 %
2025/12/06 11:20:45.097, 144.01 W, 94 %
2025/12/06 11:20:45.197, 143.86 W, 94 %
2025/12/06 11:20:45.297, 144.24 W, 94 %
2025/12/06 11:20:45.397, 143.83 W, 94 %
2025/12/06 11:20:45.497, 143.88 W, 94 %
2025/12/06 11:20:45.597, 143.88 W, 94 %
2025/12/06 11:20:45.698, 143.96 W, 94 %
2025/12/06 11:20:45.798, 144.06 W, 94 %
2025/12/06 11:20:45.898, 144.18 W, 94 %
2025/12/06 11:20:45.998, 144.19 W, 94 %
2025/12/06 11:20:46.098, 144.64 W, 94 %
2025/12/06 11:20:46.198, 144.73 W, 94 %
2025/12/06 11:20:46.299, 144.82 W, 94 %
2025/12/06 11:20:46.399, 144.82 W, 94 %
2025/12/06 11:20:46.499, 144.82 W, 94 %
2025/12/06 11:20:46.599, 144.85 W, 94 %
2025/12/06 11:20:46.699, 144.97 W, 94 %
2025/12/06 11:20:46.799, 144.86 W, 94 %
2025/12/06 11:20:46.899, 144.78 W, 94 %
2025/12/06 11:20:47.000, 144.92 W, 94 %
2025/12/06 11:20:47.100, 144.73 W, 94 %
2025/12/06 11:20:47.200, 144.83 W, 94 %
2025/12/06 11:20:47.300, 144.77 W, 94 %
2025/12/06 11:20:47.400, 144.89 W, 94 %
2025/12/06 11:20:47.500, 144.73 W, 94 %
2025/12/06 11:20:47.600, 144.85 W, 94 %
2025/12/06 11:20:47.701, 144.81 W, 94 %
2025/12/06 11:20:47.801, 144.91 W, 94 %
2025/12/06 11:20:47.901, 144.92 W, 94 %
2025/12/06 11:20:48.001, 144.93 W, 94 %
2025/12/06 11:20:48.101, 144.68 W, 94 %
2025/12/06 11:20:48.201, 144.90 W, 94 %
2025/12/06 11:20:48.301, 144.93 W, 94 %
2025/12/06 11:20:48.402, 144.81 W, 94 %
2025/12/06 11:20:48.502, 144.66 W, 94 %
2025/12/06 11:20:48.602, 144.94 W, 94 %
2025/12/06 11:20:48.702, 144.90 W, 94 %
2025/12/06 11:20:48.802, 144.76 W, 94 %
2025/12/06 11:20:48.902, 144.52 W, 94 %
2025/12/06 11:20:49.002, 144.66 W, 94 %
2025/12/06 11:20:49.103, 144.80 W, 94 %
2025/12/06 11:20:49.203, 144.71 W, 94 %
2025/12/06 11:20:49.303, 144.65 W, 94 %
2025/12/06 11:20:49.403, 144.90 W, 94 %
2025/12/06 11:20:49.503, 144.99 W, 94 %
2025/12/06 11:20:49.603, 145.12 W, 94 %
2025/12/06 11:20:49.703, 144.95 W, 94 %
2025/12/06 11:20:49.804, 145.04 W, 94 %
2025/12/06 11:20:49.904, 145.14 W, 94 %
2025/12/06 11:20:50.004, 145.22 W, 94 %
2025/12/06 11:20:50.104, 145.17 W, 93 %
2025/12/06 11:20:50.204, 144.93 W, 93 %
2025/12/06 11:20:50.304, 144.99 W, 94 %
2025/12/06 11:20:50.404, 145.07 W, 94 %
2025/12/06 11:20:50.505, 144.87 W, 93 %
2025/12/06 11:20:50.605, 144.84 W, 93 %
2025/12/06 11:20:50.705, 144.72 W, 94 %
2025/12/06 11:20:50.805, 144.76 W, 94 %
2025/12/06 11:20:50.905, 144.33 W, 92 %
2025/12/06 11:20:51.005, 144.62 W, 92 %
2025/12/06 11:20:51.105, 144.54 W, 94 %
2025/12/06 11:20:51.206, 144.34 W, 94 %
2025/12/06 11:20:51.306, 144.36 W, 93 %
2025/12/06 11:20:51.406, 144.50 W, 93 %
2025/12/06 11:20:51.506, 144.38 W, 94 %
2025/12/06 11:20:51.606, 144.37 W, 94 %
2025/12/06 11:20:51.706, 144.38 W, 93 %
2025/12/06 11:20:51.806, 144.46 W, 93 %
2025/12/06 11:20:51.907, 144.36 W, 93 %
2025/12/06 11:20:52.007, 145.02 W, 93 %
2025/12/06 11:20:52.107, 144.76 W, 93 %
2025/12/06 11:20:52.207, 144.61 W, 93 %
2025/12/06 11:20:52.307, 144.66 W, 94 %
2025/12/06 11:20:52.407, 144.68 W, 94 %
2025/12/06 11:20:52.508, 144.53 W, 93 %
2025/12/06 11:20:52.608, 144.62 W, 93 %
2025/12/06 11:20:52.708, 144.49 W, 94 %
2025/12/06 11:20:52.808, 144.65 W, 94 %
2025/12/06 11:20:52.908, 144.83 W, 92 %
2025/12/06 11:20:53.008, 144.67 W, 92 %
2025/12/06 11:20:53.108, 144.30 W, 94 %
2025/12/06 11:20:53.209, 144.30 W, 94 %
2025/12/06 11:20:53.309, 144.57 W, 93 %
2025/12/06 11:20:53.409, 144.61 W, 93 %
2025/12/06 11:20:53.509, 144.68 W, 94 %
2025/12/06 11:20:53.609, 144.83 W, 94 %
2025/12/06 11:20:53.709, 145.16 W, 93 %
2025/12/06 11:20:53.809, 145.29 W, 93 %
2025/12/06 11:20:53.910, 145.42 W, 93 %
2025/12/06 11:20:54.010, 145.27 W, 93 %
2025/12/06 11:20:54.110, 145.06 W, 93 %
2025/12/06 11:20:54.210, 145.23 W, 93 %
2025/12/06 11:20:54.310, 145.19 W, 94 %
2025/12/06 11:20:54.410, 145.23 W, 94 %
2025/12/06 11:20:54.510, 145.29 W, 93 %
2025/12/06 11:20:54.611, 145.38 W, 93 %
2025/12/06 11:20:54.711, 145.24 W, 94 %
2025/12/06 11:20:54.811, 144.85 W, 94 %
2025/12/06 11:20:54.911, 145.01 W, 93 %
2025/12/06 11:20:55.011, 144.60 W, 93 %
2025/12/06 11:20:55.111, 144.47 W, 94 %
2025/12/06 11:20:55.211, 144.89 W, 94 %
2025/12/06 11:20:55.311, 144.85 W, 93 %
2025/12/06 11:20:55.412, 144.94 W, 93 %
2025/12/06 11:20:55.512, 144.85 W, 94 %
2025/12/06 11:20:55.612, 144.50 W, 94 %
2025/12/06 11:20:55.712, 144.44 W, 94 %
2025/12/06 11:20:55.812, 144.12 W, 94 %
2025/12/06 11:20:55.912, 144.05 W, 94 %
2025/12/06 11:20:56.013, 143.81 W, 94 %
2025/12/06 11:20:56.113, 144.10 W, 94 %
2025/12/06 11:20:56.213, 144.23 W, 94 %
2025/12/06 11:20:56.313, 144.12 W, 94 %
2025/12/06 11:20:56.413, 144.00 W, 94 %
2025/12/06 11:20:56.513, 143.91 W, 94 %
2025/12/06 11:20:56.613, 143.88 W, 94 %
2025/12/06 11:20:56.714, 144.15 W, 94 %
2025/12/06 11:20:56.814, 144.03 W, 94 %
2025/12/06 11:20:56.914, 144.08 W, 94 %
2025/12/06 11:20:57.014, 144.20 W, 94 %
2025/12/06 11:20:57.114, 144.29 W, 94 %
2025/12/06 11:20:57.214, 144.26 W, 94 %
2025/12/06 11:20:57.314, 144.30 W, 94 %
2025/12/06 11:20:57.415, 144.35 W, 94 %
2025/12/06 11:20:57.515, 144.45 W, 94 %
2025/12/06 11:20:57.615, 144.49 W, 94 %
2025/12/06 11:20:57.715, 144.42 W, 94 %
2025/12/06 11:20:57.815, 145.01 W, 94 %
2025/12/06 11:20:57.915, 144.93 W, 94 %
2025/12/06 11:20:58.015, 145.11 W, 94 %
2025/12/06 11:20:58.116, 145.04 W, 94 %
2025/12/06 11:20:58.216, 144.71 W, 94 %
2025/12/06 11:20:58.316, 144.86 W, 94 %
2025/12/06 11:20:58.416, 144.82 W, 94 %
2025/12/06 11:20:58.516, 144.87 W, 94 %
2025/12/06 11:20:58.616, 144.42 W, 94 %
2025/12/06 11:20:58.716, 144.54 W, 94 %
2025/12/06 11:20:58.817, 145.13 W, 94 %
2025/12/06 11:20:58.917, 144.37 W, 94 %
2025/12/06 11:20:59.017, 144.65 W, 94 %
2025/12/06 11:20:59.117, 144.68 W, 94 %
2025/12/06 11:20:59.217, 144.98 W, 94 %
2025/12/06 11:20:59.317, 145.16 W, 94 %
2025/12/06 11:20:59.417, 145.25 W, 94 %
2025/12/06 11:20:59.518, 145.23 W, 94 %
2025/12/06 11:20:59.618, 145.11 W, 94 %
2025/12/06 11:20:59.718, 145.45 W, 94 %
2025/12/06 11:20:59.818, 145.35 W, 94 %
2025/12/06 11:20:59.918, 144.92 W, 94 %
2025/12/06 11:21:00.018, 145.23 W, 94 %
2025/12/06 11:21:00.118, 144.86 W, 94 %
2025/12/06 11:21:00.219, 145.04 W, 94 %
2025/12/06 11:21:00.319, 144.88 W, 94 %
2025/12/06 11:21:00.419, 144.95 W, 94 %
2025/12/06 11:21:00.519, 144.91 W, 94 %
2025/12/06 11:21:00.619, 144.90 W, 94 %
2025/12/06 11:21:00.719, 145.09 W, 94 %
2025/12/06 11:21:00.819, 145.30 W, 94 %
2025/12/06 11:21:00.920, 145.17 W, 94 %
2025/12/06 11:21:01.020, 144.80 W, 94 %
2025/12/06 11:21:01.120, 144.54 W, 93 %
2025/12/06 11:21:01.220, 144.94 W, 93 %
2025/12/06 11:21:01.320, 145.02 W, 94 %
2025/12/06 11:21:01.420, 144.94 W, 94 %
2025/12/06 11:21:01.520, 144.74 W, 93 %
2025/12/06 11:21:01.621, 144.51 W, 93 %
2025/12/06 11:21:01.721, 144.24 W, 93 %
2025/12/06 11:21:01.821, 144.09 W, 93 %
2025/12/06 11:21:01.921, 143.90 W, 94 %
2025/12/06 11:21:02.021, 143.95 W, 94 %
2025/12/06 11:21:02.121, 144.15 W, 94 %
2025/12/06 11:21:02.221, 144.26 W, 94 %
2025/12/06 11:21:02.322, 144.22 W, 93 %
2025/12/06 11:21:02.422, 144.09 W, 93 %
2025/12/06 11:21:02.522, 144.19 W, 94 %
2025/12/06 11:21:02.622, 144.30 W, 94 %
2025/12/06 11:21:02.722, 144.33 W, 93 %
2025/12/06 11:21:02.822, 144.44 W, 93 %
2025/12/06 11:21:02.922, 144.38 W, 94 %
2025/12/06 11:21:03.023, 144.43 W, 94 %
2025/12/06 11:21:03.123, 144.67 W, 93 %
2025/12/06 11:21:03.223, 144.77 W, 93 %
2025/12/06 11:21:03.323, 144.83 W, 94 %
2025/12/06 11:21:03.423, 145.06 W, 94 %
2025/12/06 11:21:03.523, 144.83 W, 93 %
2025/12/06 11:21:03.623, 144.60 W, 93 %
2025/12/06 11:21:03.724, 144.97 W, 93 %
2025/12/06 11:21:03.824, 145.08 W, 93 %
2025/12/06 11:21:03.924, 145.08 W, 93 %
2025/12/06 11:21:04.024, 145.21 W, 93 %
2025/12/06 11:21:04.124, 145.19 W, 94 %
2025/12/06 11:21:04.224, 145.27 W, 94 %
2025/12/06 11:21:04.324, 145.44 W, 93 %
2025/12/06 11:21:04.425, 145.35 W, 93 %
2025/12/06 11:21:04.525, 145.11 W, 94 %
2025/12/06 11:21:04.625, 145.18 W, 94 %
2025/12/06 11:21:04.725, 145.52 W, 92 %
2025/12/06 11:21:04.825, 145.07 W, 92 %
2025/12/06 11:21:04.925, 144.79 W, 94 %
2025/12/06 11:21:05.025, 144.85 W, 94 %
2025/12/06 11:21:05.126, 144.89 W, 94 %
2025/12/06 11:21:05.226, 144.97 W, 94 %
2025/12/06 11:21:05.326, 145.06 W, 94 %
2025/12/06 11:21:05.426, 144.69 W, 94 %
2025/12/06 11:21:05.526, 144.87 W, 93 %
2025/12/06 11:21:05.626, 144.64 W, 93 %
2025/12/06 11:21:05.726, 144.52 W, 93 %
2025/12/06 11:21:05.827, 144.21 W, 93 %
2025/12/06 11:21:05.927, 144.44 W, 93 %
2025/12/06 11:21:06.027, 144.59 W, 93 %
2025/12/06 11:21:06.127, 144.67 W, 94 %
2025/12/06 11:21:06.227, 144.46 W, 94 %
2025/12/06 11:21:06.327, 144.49 W, 93 %
2025/12/06 11:21:06.427, 143.98 W, 93 %
2025/12/06 11:21:06.528, 144.34 W, 94 %
2025/12/06 11:21:06.628, 143.47 W, 94 %
2025/12/06 11:21:06.728, 143.72 W, 94 %
2025/12/06 11:21:06.828, 143.54 W, 94 %
2025/12/06 11:21:06.928, 143.68 W, 94 %
2025/12/06 11:21:07.028, 143.51 W, 94 %
2025/12/06 11:21:07.128, 143.56 W, 94 %
2025/12/06 11:21:07.229, 143.77 W, 94 %
2025/12/06 11:21:07.329, 143.89 W, 94 %
2025/12/06 11:21:07.429, 143.76 W, 94 %
2025/12/06 11:21:07.529, 143.93 W, 94 %
2025/12/06 11:21:07.629, 143.43 W, 94 %
2025/12/06 11:21:07.729, 144.24 W, 94 %
2025/12/06 11:21:07.829, 144.28 W, 94 %
2025/12/06 11:21:07.930, 144.57 W, 94 %
2025/12/06 11:21:08.030, 144.57 W, 94 %
2025/12/06 11:21:08.130, 144.79 W, 94 %
2025/12/06 11:21:08.230, 144.89 W, 94 %
2025/12/06 11:21:08.330, 144.46 W, 94 %
2025/12/06 11:21:08.430, 144.63 W, 94 %
2025/12/06 11:21:08.531, 144.65 W, 94 %
2025/12/06 11:21:08.631, 144.81 W, 94 %
2025/12/06 11:21:08.731, 144.94 W, 94 %
2025/12/06 11:21:08.831, 144.98 W, 94 %
2025/12/06 11:21:08.931, 144.88 W, 94 %
2025/12/06 11:21:09.031, 145.00 W, 94 %
2025/12/06 11:21:09.131, 144.82 W, 94 %
2025/12/06 11:21:09.232, 144.85 W, 94 %
2025/12/06 11:21:09.332, 144.49 W, 94 %
2025/12/06 11:21:09.432, 145.14 W, 94 %
2025/12/06 11:21:09.532, 145.10 W, 94 %
2025/12/06 11:21:09.632, 145.17 W, 94 %
2025/12/06 11:21:09.732, 144.85 W, 94 %
2025/12/06 11:21:09.832, 144.88 W, 94 %
2025/12/06 11:21:09.933, 144.69 W, 94 %
2025/12/06 11:21:10.033, 144.95 W, 94 %
2025/12/06 11:21:10.133, 144.73 W, 94 %
2025/12/06 11:21:10.233, 144.91 W, 94 %
2025/12/06 11:21:10.333, 144.63 W, 94 %
2025/12/06 11:21:10.433, 145.18 W, 94 %
2025/12/06 11:21:10.533, 144.75 W, 94 %
