
          -------------------------------------------------------
          Amber 20 PMEMD                              2020
          -------------------------------------------------------

| PMEMD implementation of SANDER, Release 18

|  Compiled date/time: Fri Dec 17 14:29:57 2021
| Run on 05/06/2026 at 21:26:38

|   Executable path: /apps/amber/Amber20/20p12-at21p11-impi-intel/bin/pmemd.MPI
| Working directory: /home/hpc/ihpc/ihpc161h/AMBER-CPU/n032/factorix/f2100000/t18
|          Hostname: f0880.nhr.fau.de

  [-O]verwriting output

File Assignments:
|   MDIN: ../../factorix.mdin                                                   
|  MDOUT: factorix_ENERGY_f2100000_18.amber.out                                 
| INPCRD: ../../factorix.inpcrd                                                 
|   PARM: ../../factorix.prmtop                                                 
| RESTRT: factorix_ENERGY_f2100000_18.rst                                       
|   REFC: refc                                                                  
|  MDVEL: mdvel                                                                 
|   MDEN: mden                                                                  
|  MDCRD: factorix_ENERGY_f2100000_18.nc                                        
| MDINFO: mdinfo                                                                
|LOGFILE: logfile                                                               
|  MDFRC: mdfrc                                                                 

 
 Here is the input file:
 
FIX (active) full dynamics ( constraint dynamics: constant volume)             
 &cntrl                                                                        
   ntx = 7,       irest = 1,                                                   
   ntpr = 100,     ntwx = 0,     ntwr = 0,                                     
   ntf = 2,       ntc = 2,       tol = 0.000001,                               
   cut = 8.0,                                                                  
   nstlim = 50000,  dt = 0.00150,                                              
   nscm = 250,                                                                 
   ntt = 0,                                                                    
   lastist = 4000000,                                                          
   lastrst = 5000000,                                                          
 /                                                                             


Note: ig = -1. Setting random seed to   639444 based on wallclock time in
      microseconds and disabling the synchronization of random numbers 
      between tasks to improve performance.
| irandom = 1, using AMBER's internal random number generator (default).
| WARNING: The sander lastist option is not needed and is ignored.
| WARNING: The sander lastrst option is not needed and is ignored.
 
| INFO:    Axis order optimization will be used.

 
| Conditional Compilation Defines Used:
| MPI
| FFTW_FFT
| BINTRAJ
| MKL
| EMIL
 
| Largest sphere to fit in unit cell has radius =    39.339

|  INFO: Old style PARM file read


| Note: 1-4 EEL scale factors were NOT found in the topology file.
|       Using default value of 1.2.

| Note: 1-4 VDW scale factors were NOT found in the topology file.
|       Using default value of 2.0.
| Duplicated  437 dihedrals

| Duplicated 1846 dihedrals

--------------------------------------------------------------------------------
   1.  RESOURCE   USE: 
--------------------------------------------------------------------------------

 getting new box info from bottom of inpcrd
 NATOM  =   90906 NTYPES =      19 NBONH =   87891 MBONA  =    3077
 NTHETH =    6433 MTHETA =    4178 NPHIH =   11305 MPHIA  =    5519
 NHPARM =       0 NPARM  =       0 NNB   =  145596 NRES   =   28750
 NBONA  =    3077 NTHETA =    4178 NPHIA =    5519 NUMBND =      54
 NUMANG =     126 NPTRA  =      75 NATYP =      31 NPHB   =       1
 IFBOX  =       1 NMXRS  =      24 IFCAP =       0 NEXTRA =       0
 NCOPY  =       0

| Coordinate Index Table dimensions:    28   16   15
| Direct force subcell size =     5.0745    5.2086    5.2452

     BOX TYPE: RECTILINEAR

--------------------------------------------------------------------------------
   2.  CONTROL  DATA  FOR  THE  RUN
--------------------------------------------------------------------------------

factor IX (ACTIVATED PROTEIN)                                                   

General flags:
     imin    =       0, nmropt  =       0

Nature and format of input:
     ntx     =       7, irest   =       1, ntrx    =       1

Nature and format of output:
     ntxo    =       2, ntpr    =     100, ntrx    =       1, ntwr    =   50000
     iwrap   =       0, ntwx    =       0, ntwv    =       0, ntwe    =       0
     ioutfm  =       1, ntwprt  =       0, idecomp =       0, rbornstat=      0

Potential function:
     ntf     =       2, ntb     =       1, igb     =       0, nsnb    =      25
     ipol    =       0, gbsa    =       0, iesp    =       0
     dielc   =   1.00000, cut     =   8.00000, intdiel =   1.00000

Frozen or restrained atoms:
     ibelly  =       0, ntr     =       0

Molecular dynamics:
     nstlim  =     50000, nscm    =       250, nrespa  =         1
     t       =   0.00000, dt      =   0.00150, vlimit  =  20.00000

SHAKE:
     ntc     =       2, jfastw  =       0
     tol     =   0.00000

| Intermolecular bonds treatment:
|     no_intermolecular_bonds =       1

| Energy averages sample interval:
|     ene_avg_sampling =     100

Ewald parameters:
     verbose =       0, ew_type =       0, nbflag  =       1, use_pme =       1
     vdwmeth =       1, eedmeth =       1, netfrc  =       1
     Box X =  142.086   Box Y =   83.337   Box Z =   78.678
     Alpha =   90.000   Beta  =   90.000   Gamma =   90.000
     NFFT1 =  144       NFFT2 =   90       NFFT3 =   80
     Cutoff=    8.000   Tol   =0.100E-04
     Ewald Coefficient =  0.34864
     Interpolation order =    4

| PMEMD ewald parallel performance parameters:
|     block_fft =    0
|     fft_blk_y_divisor =    4
|     excl_recip =    0
|     excl_master =    0
|     atm_redist_freq =  320

--------------------------------------------------------------------------------
   3.  ATOMIC COORDINATES AND VELOCITIES
--------------------------------------------------------------------------------

factor IX (ACTIVATED PROTEIN)                                                   
 begin time read from input coords =  2542.675 ps

 
 Number of triangulated 3-point waters found:    28358

     Sum of charges from parm topology file =   0.00031225
     Forcing neutrality...

| Dynamic Memory, Types Used:
| Reals             3488408
| Integers          3231879

| Nonbonded Pairs Initial Allocation:     1151476

| Running AMBER/MPI version on   18 MPI task

 
--------------------------------------------------------------------------------
   4.  RESULTS
--------------------------------------------------------------------------------

 ---------------------------------------------------
 APPROXIMATING switch and d/dx switch using CUBIC SPLINE INTERPOLATION
 using   5000.0 points per unit in tabled values
 TESTING RELATIVE ERROR over r ranging from 0.0 to cutoff
| CHECK switch(x): max rel err =   0.3316E-14   at   2.351880
| CHECK d/dx switch(x): max rel err =   0.8336E-11   at   2.782960
 ---------------------------------------------------
|---------------------------------------------------
| APPROXIMATING direct energy using CUBIC SPLINE INTERPOLATION
|  with   50.0 points per unit in tabled values
| Relative Error Limit not exceeded for r .gt.   2.47
| APPROXIMATING direct force using CUBIC SPLINE INTERPOLATION
|  with   50.0 points per unit in tabled values
| Relative Error Limit not exceeded for r .gt.   2.89
|---------------------------------------------------

 NSTEP =      100   TIME(PS) =    2542.825  TEMP(K) =   298.74  PRESS =     0.0
 Etot   =   -234218.3473  EKtot   =     54860.7625  EPtot      =   -289079.1098
 BOND   =      1103.0435  ANGLE   =      2960.7695  DIHED      =      2288.4338
 1-4 NB =      1312.5562  1-4 EEL =     15093.0701  VDWAALS    =     36866.8490
 EELEC  =   -348703.8320  EHBOND  =         0.0000  RESTRAINT  =         0.0000
 Ewald error estimate:   0.6831E-04
 ------------------------------------------------------------------------------


 NSTEP =      200   TIME(PS) =    2542.975  TEMP(K) =   297.76  PRESS =     0.0
 Etot   =   -234218.3698  EKtot   =     54681.6127  EPtot      =   -288899.9825
 BOND   =      1125.1379  ANGLE   =      2961.9410  DIHED      =      2244.2927
 1-4 NB =      1316.1846  1-4 EEL =     15113.4142  VDWAALS    =     36422.4567
 EELEC  =   -348083.4097  EHBOND  =         0.0000  RESTRAINT  =         0.0000
 Ewald error estimate:   0.1472E-04
 ------------------------------------------------------------------------------

check COM velocity, temp:        0.000000     0.00(Removed)

 NSTEP =      300   TIME(PS) =    2543.125  TEMP(K) =   297.94  PRESS =     0.0
 Etot   =   -234217.3995  EKtot   =     54713.8798  EPtot      =   -288931.2793
 BOND   =      1136.6428  ANGLE   =      2948.4126  DIHED      =      2262.1544
 1-4 NB =      1298.1550  1-4 EEL =     15134.1716  VDWAALS    =     36703.9285
 EELEC  =   -348414.7443  EHBOND  =         0.0000  RESTRAINT  =         0.0000
 Ewald error estimate:   0.1759E-04
 ------------------------------------------------------------------------------


 NSTEP =      400   TIME(PS) =    2543.275  TEMP(K) =   298.80  PRESS =     0.0
 Etot   =   -234217.5764  EKtot   =     54870.9020  EPtot      =   -289088.4784
 BOND   =      1149.6321  ANGLE   =      2884.9472  DIHED      =      2223.7015
 1-4 NB =      1308.3590  1-4 EEL =     15173.9831  VDWAALS    =     36500.1800
 EELEC  =   -348329.2813  EHBOND  =         0.0000  RESTRAINT  =         0.0000
 Ewald error estimate:   0.2372E-04
 ------------------------------------------------------------------------------

check COM velocity, temp:        0.000000     0.00(Removed)

 NSTEP =      500   TIME(PS) =    2543.425  TEMP(K) =   298.97  PRESS =     0.0
 Etot   =   -234217.9529  EKtot   =     54902.7464  EPtot      =   -289120.6993
 BOND   =      1145.4815  ANGLE   =      2975.8144  DIHED      =      2236.9885
 1-4 NB =      1323.8331  1-4 EEL =     15106.6950  VDWAALS    =     36536.3430
 EELEC  =   -348445.8549  EHBOND  =         0.0000  RESTRAINT  =         0.0000
 Ewald error estimate:   0.3216E-04
 ------------------------------------------------------------------------------


 NSTEP =      600   TIME(PS) =    2543.575  TEMP(K) =   297.11  PRESS =     0.0
 Etot   =   -234217.5247  EKtot   =     54561.1876  EPtot      =   -288778.7123
 BOND   =      1124.1853  ANGLE   =      2911.7406  DIHED      =      2246.1542
 1-4 NB =      1334.3174  1-4 EEL =     15084.8396  VDWAALS    =     36016.0502
 EELEC  =   -347495.9995  EHBOND  =         0.0000  RESTRAINT  =         0.0000
 Ewald error estimate:   0.6280E-04
 ------------------------------------------------------------------------------


 NSTEP =      700   TIME(PS) =    2543.725  TEMP(K) =   299.42  PRESS =     0.0
 Etot   =   -234218.1588  EKtot   =     54984.8826  EPtot      =   -289203.0414
 BOND   =      1116.2857  ANGLE   =      2998.6137  DIHED      =      2201.0104
 1-4 NB =      1300.3133  1-4 EEL =     15058.3184  VDWAALS    =     36753.8320
 EELEC  =   -348631.4149  EHBOND  =         0.0000  RESTRAINT  =         0.0000
 Ewald error estimate:   0.8583E-04
 ------------------------------------------------------------------------------

check COM velocity, temp:        0.000000     0.00(Removed)

 NSTEP =      800   TIME(PS) =    2543.875  TEMP(K) =   299.78  PRESS =     0.0
 Etot   =   -234218.5810  EKtot   =     55051.6733  EPtot      =   -289270.2543
 BOND   =      1095.7100  ANGLE   =      2914.4997  DIHED      =      2243.1038
 1-4 NB =      1316.4653  1-4 EEL =     15178.6736  VDWAALS    =     36942.3502
 EELEC  =   -348961.0568  EHBOND  =         0.0000  RESTRAINT  =         0.0000
 Ewald error estimate:   0.1785E-04
 ------------------------------------------------------------------------------


 NSTEP =      900   TIME(PS) =    2544.025  TEMP(K) =   298.56  PRESS =     0.0
 Etot   =   -234215.9834  EKtot   =     54827.1331  EPtot      =   -289043.1166
 BOND   =      1113.1187  ANGLE   =      2927.4484  DIHED      =      2273.3479
 1-4 NB =      1300.1614  1-4 EEL =     15056.2531  VDWAALS    =     36419.8476
 EELEC  =   -348133.2935  EHBOND  =         0.0000  RESTRAINT  =         0.0000
 Ewald error estimate:   0.6438E-04
 ------------------------------------------------------------------------------

check COM velocity, temp:        0.000000     0.00(Removed)

 NSTEP =     1000   TIME(PS) =    2544.175  TEMP(K) =   298.26  PRESS =     0.0
 Etot   =   -234217.4326  EKtot   =     54772.7300  EPtot      =   -288990.1627
 BOND   =      1111.5208  ANGLE   =      2924.6530  DIHED      =      2262.8383
 1-4 NB =      1330.0326  1-4 EEL =     15119.9230  VDWAALS    =     36730.6693
 EELEC  =   -348469.7996  EHBOND  =         0.0000  RESTRAINT  =         0.0000
 Ewald error estimate:   0.4613E-04
 ------------------------------------------------------------------------------


 NSTEP =     1100   TIME(PS) =    2544.325  TEMP(K) =   297.37  PRESS =     0.0
 Etot   =   -234217.6726  EKtot   =     54609.4181  EPtot      =   -288827.0907
 BOND   =      1095.5420  ANGLE   =      2955.1362  DIHED      =      2269.9690
 1-4 NB =      1326.6432  1-4 EEL =     15058.1667  VDWAALS    =     36346.2175
 EELEC  =   -347878.7652  EHBOND  =         0.0000  RESTRAINT  =         0.0000
 Ewald error estimate:   0.6867E-04
 ------------------------------------------------------------------------------


 NSTEP =     1200   TIME(PS) =    2544.475  TEMP(K) =   298.97  PRESS =     0.0
 Etot   =   -234220.1042  EKtot   =     54902.4156  EPtot      =   -289122.5198
 BOND   =      1097.2703  ANGLE   =      2878.0391  DIHED      =      2235.6374
 1-4 NB =      1336.0531  1-4 EEL =     15138.5823  VDWAALS    =     36294.5921
 EELEC  =   -348102.6942  EHBOND  =         0.0000  RESTRAINT  =         0.0000
 Ewald error estimate:   0.1753E-04
 ------------------------------------------------------------------------------

check COM velocity, temp:        0.000000     0.00(Removed)

 NSTEP =     1300   TIME(PS) =    2544.625  TEMP(K) =   300.48  PRESS =     0.0
 Etot   =   -234222.6168  EKtot   =     55180.1569  EPtot      =   -289402.7737
 BOND   =      1107.9587  ANGLE   =      2890.8289  DIHED      =      2237.7925
 1-4 NB =      1274.9021  1-4 EEL =     15091.7995  VDWAALS    =     37197.5570
 EELEC  =   -349203.6124  EHBOND  =         0.0000  RESTRAINT  =         0.0000
 Ewald error estimate:   0.5429E-04
 ------------------------------------------------------------------------------


 NSTEP =     1400   TIME(PS) =    2544.775  TEMP(K) =   297.68  PRESS =     0.0
 Etot   =   -234217.8477  EKtot   =     54666.0055  EPtot      =   -288883.8532
 BOND   =      1109.7284  ANGLE   =      2898.7714  DIHED      =      2242.7619
 1-4 NB =      1306.3559  1-4 EEL =     15085.2460  VDWAALS    =     37032.2289
 EELEC  =   -348558.9457  EHBOND  =         0.0000  RESTRAINT  =         0.0000
 Ewald error estimate:   0.9827E-04
 ------------------------------------------------------------------------------

check COM velocity, temp:        0.000000     0.00(Removed)

 NSTEP =     1500   TIME(PS) =    2544.925  TEMP(K) =   299.37  PRESS =     0.0
 Etot   =   -234220.1791  EKtot   =     54977.3166  EPtot      =   -289197.4957
 BOND   =      1132.3866  ANGLE   =      2970.7753  DIHED      =      2194.9227
 1-4 NB =      1307.2858  1-4 EEL =     15075.5859  VDWAALS    =     36949.2271
 EELEC  =   -348827.6790  EHBOND  =         0.0000  RESTRAINT  =         0.0000
 Ewald error estimate:   0.5664E-04
 ------------------------------------------------------------------------------


 NSTEP =     1600   TIME(PS) =    2545.075  TEMP(K) =   298.47  PRESS =     0.0
 Etot   =   -234215.7455  EKtot   =     54810.4850  EPtot      =   -289026.2305
 BOND   =      1128.1197  ANGLE   =      2967.1166  DIHED      =      2226.6187
 1-4 NB =      1301.0709  1-4 EEL =     15126.8176  VDWAALS    =     36724.8350
 EELEC  =   -348500.8090  EHBOND  =         0.0000  RESTRAINT  =         0.0000
 Ewald error estimate:   0.9330E-05
 ------------------------------------------------------------------------------


 NSTEP =     1700   TIME(PS) =    2545.225  TEMP(K) =   297.84  PRESS =     0.0
 Etot   =   -234218.7985  EKtot   =     54696.3257  EPtot      =   -288915.1242
 BOND   =      1078.5714  ANGLE   =      2908.6914  DIHED      =      2216.3203
 1-4 NB =      1321.4837  1-4 EEL =     15191.6757  VDWAALS    =     35980.4011
 EELEC  =   -347612.2679  EHBOND  =         0.0000  RESTRAINT  =         0.0000
 Ewald error estimate:   0.2461E-04
 ------------------------------------------------------------------------------

check COM velocity, temp:        0.000000     0.00(Removed)

 NSTEP =     1800   TIME(PS) =    2545.375  TEMP(K) =   300.15  PRESS =     0.0
 Etot   =   -234218.8936  EKtot   =     55120.5198  EPtot      =   -289339.4135
 BOND   =      1097.1552  ANGLE   =      2865.9472  DIHED      =      2274.2306
 1-4 NB =      1335.8400  1-4 EEL =     15175.5293  VDWAALS    =     36440.4558
 EELEC  =   -348528.5717  EHBOND  =         0.0000  RESTRAINT  =         0.0000
 Ewald error estimate:   0.7649E-04
 ------------------------------------------------------------------------------


 NSTEP =     1900   TIME(PS) =    2545.525  TEMP(K) =   298.38  PRESS =     0.0
 Etot   =   -234215.0795  EKtot   =     54795.3472  EPtot      =   -289010.4266
 BOND   =      1133.4401  ANGLE   =      2902.0163  DIHED      =      2242.6543
 1-4 NB =      1319.2236  1-4 EEL =     15110.8497  VDWAALS    =     36634.1368
 EELEC  =   -348352.7474  EHBOND  =         0.0000  RESTRAINT  =         0.0000
 Ewald error estimate:   0.6501E-04
 ------------------------------------------------------------------------------

check COM velocity, temp:        0.000000     0.00(Removed)

 NSTEP =     2000   TIME(PS) =    2545.675  TEMP(K) =   299.38  PRESS =     0.0
 Etot   =   -234216.3812  EKtot   =     54978.8813  EPtot      =   -289195.2626
 BOND   =      1076.5461  ANGLE   =      2989.5230  DIHED      =      2222.3628
 1-4 NB =      1325.0477  1-4 EEL =     15196.7010  VDWAALS    =     36234.5089
 EELEC  =   -348239.9521  EHBOND  =         0.0000  RESTRAINT  =         0.0000
 Ewald error estimate:   0.9092E-04
 ------------------------------------------------------------------------------


 NSTEP =     2100   TIME(PS) =    2545.825  TEMP(K) =   297.47  PRESS =     0.0
 Etot   =   -234215.6118  EKtot   =     54627.1563  EPtot      =   -288842.7681
 BOND   =      1095.9255  ANGLE   =      2959.3996  DIHED      =      2216.5923
 1-4 NB =      1308.5496  1-4 EEL =     15094.8524  VDWAALS    =     36557.8978
 EELEC  =   -348075.9852  EHBOND  =         0.0000  RESTRAINT  =         0.0000
 Ewald error estimate:   0.4587E-04
 ------------------------------------------------------------------------------


 NSTEP =     2200   TIME(PS) =    2545.975  TEMP(K) =   297.18  PRESS =     0.0
 Etot   =   -234214.4552  EKtot   =     54574.3744  EPtot      =   -288788.8296
 BOND   =      1092.1843  ANGLE   =      2945.8642  DIHED      =      2240.1388
 1-4 NB =      1331.4974  1-4 EEL =     15119.7320  VDWAALS    =     36663.3224
 EELEC  =   -348181.5687  EHBOND  =         0.0000  RESTRAINT  =         0.0000
 Ewald error estimate:   0.2990E-04
 ------------------------------------------------------------------------------

check COM velocity, temp:        0.000000     0.00(Removed)

 NSTEP =     2300   TIME(PS) =    2546.125  TEMP(K) =   298.55  PRESS =     0.0
 Etot   =   -234215.6698  EKtot   =     54825.2545  EPtot      =   -289040.9244
 BOND   =      1036.4713  ANGLE   =      2963.6968  DIHED      =      2258.3809
 1-4 NB =      1328.8497  1-4 EEL =     15152.8182  VDWAALS    =     36184.9838
 EELEC  =   -347966.1251  EHBOND  =         0.0000  RESTRAINT  =         0.0000
 Ewald error estimate:   0.1194E-05
 ------------------------------------------------------------------------------


 NSTEP =     2400   TIME(PS) =    2546.275  TEMP(K) =   299.54  PRESS =     0.0
 Etot   =   -234219.0998  EKtot   =     55008.3504  EPtot      =   -289227.4502
 BOND   =      1077.8266  ANGLE   =      2919.0963  DIHED      =      2258.2161
 1-4 NB =      1323.3836  1-4 EEL =     15128.8307  VDWAALS    =     36838.7607
 EELEC  =   -348773.5641  EHBOND  =         0.0000  RESTRAINT  =         0.0000
 Ewald error estimate:   0.3421E-05
 ------------------------------------------------------------------------------

check COM velocity, temp:        0.000000     0.00(Removed)

 NSTEP =     2500   TIME(PS) =    2546.425  TEMP(K) =   298.40  PRESS =     0.0
 Etot   =   -234218.3062  EKtot   =     54798.1451  EPtot      =   -289016.4513
 BOND   =      1055.1107  ANGLE   =      2925.9745  DIHED      =      2267.8838
 1-4 NB =      1339.4706  1-4 EEL =     15196.7737  VDWAALS    =     36791.5123
 EELEC  =   -348593.1769  EHBOND  =         0.0000  RESTRAINT  =         0.0000
 Ewald error estimate:   0.8820E-04
 ------------------------------------------------------------------------------


 NSTEP =     2600   TIME(PS) =    2546.575  TEMP(K) =   299.14  PRESS =     0.0
 Etot   =   -234218.6795  EKtot   =     54934.2001  EPtot      =   -289152.8796
 BOND   =      1124.8675  ANGLE   =      2919.7968  DIHED      =      2269.1769
 1-4 NB =      1291.6698  1-4 EEL =     15071.0903  VDWAALS    =     36739.0539
 EELEC  =   -348568.5347  EHBOND  =         0.0000  RESTRAINT  =         0.0000
 Ewald error estimate:   0.3658E-04
 ------------------------------------------------------------------------------


 NSTEP =     2700   TIME(PS) =    2546.725  TEMP(K) =   298.59  PRESS =     0.0
 Etot   =   -234218.8278  EKtot   =     54833.5028  EPtot      =   -289052.3306
 BOND   =      1064.3321  ANGLE   =      2936.2052  DIHED      =      2267.0783
 1-4 NB =      1319.5984  1-4 EEL =     15091.0068  VDWAALS    =     36777.5610
 EELEC  =   -348508.1125  EHBOND  =         0.0000  RESTRAINT  =         0.0000
 Ewald error estimate:   0.5165E-04
 ------------------------------------------------------------------------------

check COM velocity, temp:        0.000000     0.00(Removed)

 NSTEP =     2800   TIME(PS) =    2546.875  TEMP(K) =   299.38  PRESS =     0.0
 Etot   =   -234219.5053  EKtot   =     54977.9470  EPtot      =   -289197.4522
 BOND   =      1141.8940  ANGLE   =      2920.7044  DIHED      =      2221.3605
 1-4 NB =      1296.6661  1-4 EEL =     15071.0099  VDWAALS    =     37029.6547
 EELEC  =   -348878.7418  EHBOND  =         0.0000  RESTRAINT  =         0.0000
 Ewald error estimate:   0.6706E-04
 ------------------------------------------------------------------------------


 NSTEP =     2900   TIME(PS) =    2547.025  TEMP(K) =   299.47  PRESS =     0.0
 Etot   =   -234218.8276  EKtot   =     54994.7853  EPtot      =   -289213.6129
 BOND   =      1088.4378  ANGLE   =      2881.1172  DIHED      =      2260.7262
 1-4 NB =      1330.2084  1-4 EEL =     15110.9806  VDWAALS    =     36763.4305
 EELEC  =   -348648.5137  EHBOND  =         0.0000  RESTRAINT  =         0.0000
 Ewald error estimate:   0.4012E-04
 ------------------------------------------------------------------------------

check COM velocity, temp:        0.000000     0.00(Removed)

 NSTEP =     3000   TIME(PS) =    2547.175  TEMP(K) =   296.59  PRESS =     0.0
 Etot   =   -234219.2684  EKtot   =     54466.6987  EPtot      =   -288685.9671
 BOND   =      1125.2792  ANGLE   =      2911.4847  DIHED      =      2269.5261
 1-4 NB =      1306.0956  1-4 EEL =     15127.2744  VDWAALS    =     36580.9576
 EELEC  =   -348006.5846  EHBOND  =         0.0000  RESTRAINT  =         0.0000
 Ewald error estimate:   0.5597E-04
 ------------------------------------------------------------------------------


 NSTEP =     3100   TIME(PS) =    2547.325  TEMP(K) =   298.73  PRESS =     0.0
 Etot   =   -234221.2948  EKtot   =     54858.0989  EPtot      =   -289079.3936
 BOND   =      1101.7021  ANGLE   =      2940.6906  DIHED      =      2241.5279
 1-4 NB =      1327.5409  1-4 EEL =     15089.9175  VDWAALS    =     36512.9726
 EELEC  =   -348293.7452  EHBOND  =         0.0000  RESTRAINT  =         0.0000
 Ewald error estimate:   0.9910E-04
 ------------------------------------------------------------------------------


 NSTEP =     3200   TIME(PS) =    2547.475  TEMP(K) =   298.64  PRESS =     0.0
 Etot   =   -234221.7294  EKtot   =     54842.0618  EPtot      =   -289063.7912
 BOND   =      1124.3952  ANGLE   =      2905.4148  DIHED      =      2254.6705
 1-4 NB =      1321.6805  1-4 EEL =     15096.4859  VDWAALS    =     36401.1605
 EELEC  =   -348167.5987  EHBOND  =         0.0000  RESTRAINT  =         0.0000
 Ewald error estimate:   0.3471E-05
 ------------------------------------------------------------------------------

check COM velocity, temp:        0.000000     0.00(Removed)

 NSTEP =     3300   TIME(PS) =    2547.625  TEMP(K) =   299.33  PRESS =     0.0
 Etot   =   -234222.1893  EKtot   =     54968.7445  EPtot      =   -289190.9338
 BOND   =      1095.2011  ANGLE   =      2953.3508  DIHED      =      2267.6086
 1-4 NB =      1313.9402  1-4 EEL =     15123.3821  VDWAALS    =     36880.2934
 EELEC  =   -348824.7099  EHBOND  =         0.0000  RESTRAINT  =         0.0000
 Ewald error estimate:   0.7166E-04
 ------------------------------------------------------------------------------


 NSTEP =     3400   TIME(PS) =    2547.775  TEMP(K) =   298.99  PRESS =     0.0
 Etot   =   -234223.4039  EKtot   =     54906.0360  EPtot      =   -289129.4398
 BOND   =      1106.4275  ANGLE   =      2906.3890  DIHED      =      2275.2909
 1-4 NB =      1336.5173  1-4 EEL =     15054.3516  VDWAALS    =     37105.7681
 EELEC  =   -348914.1841  EHBOND  =         0.0000  RESTRAINT  =         0.0000
 Ewald error estimate:   0.1020E-03
 ------------------------------------------------------------------------------

check COM velocity, temp:        0.000000     0.00(Removed)

 NSTEP =     3500   TIME(PS) =    2547.925  TEMP(K) =   298.56  PRESS =     0.0
 Etot   =   -234220.5878  EKtot   =     54827.4508  EPtot      =   -289048.0387
 BOND   =      1115.6418  ANGLE   =      2991.6587  DIHED      =      2263.5175
 1-4 NB =      1294.9852  1-4 EEL =     15139.4027  VDWAALS    =     36873.1320
 EELEC  =   -348726.3766  EHBOND  =         0.0000  RESTRAINT  =         0.0000
 Ewald error estimate:   0.7147E-05
 ------------------------------------------------------------------------------


 NSTEP =     3600   TIME(PS) =    2548.075  TEMP(K) =   298.47  PRESS =     0.0
 Etot   =   -234217.8548  EKtot   =     54811.2581  EPtot      =   -289029.1129
 BOND   =      1121.1216  ANGLE   =      2984.7519  DIHED      =      2246.1145
 1-4 NB =      1312.9306  1-4 EEL =     15047.4231  VDWAALS    =     36337.5679
 EELEC  =   -348079.0225  EHBOND  =         0.0000  RESTRAINT  =         0.0000
 Ewald error estimate:   0.4155E-04
 ------------------------------------------------------------------------------


 NSTEP =     3700   TIME(PS) =    2548.225  TEMP(K) =   299.15  PRESS =     0.0
 Etot   =   -234222.7687  EKtot   =     54936.5298  EPtot      =   -289159.2984
 BOND   =      1118.5029  ANGLE   =      2889.1611  DIHED      =      2264.9834
 1-4 NB =      1308.6114  1-4 EEL =     15107.9954  VDWAALS    =     36654.5875
 EELEC  =   -348503.1402  EHBOND  =         0.0000  RESTRAINT  =         0.0000
 Ewald error estimate:   0.3385E-04
 ------------------------------------------------------------------------------

check COM velocity, temp:        0.000000     0.00(Removed)

 NSTEP =     3800   TIME(PS) =    2548.375  TEMP(K) =   298.30  PRESS =     0.0
 Etot   =   -234218.1652  EKtot   =     54780.0376  EPtot      =   -288998.2028
 BOND   =      1144.1604  ANGLE   =      2925.2309  DIHED      =      2276.3471
 1-4 NB =      1307.0995  1-4 EEL =     15070.4542  VDWAALS    =     36563.7375
 EELEC  =   -348285.2323  EHBOND  =         0.0000  RESTRAINT  =         0.0000
 Ewald error estimate:   0.7557E-04
 ------------------------------------------------------------------------------


 NSTEP =     3900   TIME(PS) =    2548.525  TEMP(K) =   298.63  PRESS =     0.0
 Etot   =   -234218.8779  EKtot   =     54840.8137  EPtot      =   -289059.6917
 BOND   =      1163.2283  ANGLE   =      2953.9457  DIHED      =      2237.6882
 1-4 NB =      1274.3893  1-4 EEL =     15088.3517  VDWAALS    =     36565.6680
 EELEC  =   -348342.9629  EHBOND  =         0.0000  RESTRAINT  =         0.0000
 Ewald error estimate:   0.3746E-04
 ------------------------------------------------------------------------------

check COM velocity, temp:        0.000000     0.00(Removed)

 NSTEP =     4000   TIME(PS) =    2548.675  TEMP(K) =   300.53  PRESS =     0.0
 Etot   =   -234219.6119  EKtot   =     55188.7904  EPtot      =   -289408.4023
 BOND   =      1181.9713  ANGLE   =      2917.1935  DIHED      =      2256.9980
 1-4 NB =      1315.0188  1-4 EEL =     15139.9253  VDWAALS    =     36679.2784
 EELEC  =   -348898.7876  EHBOND  =         0.0000  RESTRAINT  =         0.0000
 Ewald error estimate:   0.8743E-04
 ------------------------------------------------------------------------------


 NSTEP =     4100   TIME(PS) =    2548.825  TEMP(K) =   298.58  PRESS =     0.0
 Etot   =   -234219.5590  EKtot   =     54830.9519  EPtot      =   -289050.5109
 BOND   =      1114.4433  ANGLE   =      2950.4188  DIHED      =      2255.3856
 1-4 NB =      1307.5301  1-4 EEL =     15055.6044  VDWAALS    =     36800.4820
 EELEC  =   -348534.3750  EHBOND  =         0.0000  RESTRAINT  =         0.0000
 Ewald error estimate:   0.1445E-04
 ------------------------------------------------------------------------------


 NSTEP =     4200   TIME(PS) =    2548.975  TEMP(K) =   297.61  PRESS =     0.0
 Etot   =   -234217.4347  EKtot   =     54653.4769  EPtot      =   -288870.9116
 BOND   =      1119.3232  ANGLE   =      2989.7708  DIHED      =      2258.1926
 1-4 NB =      1292.7662  1-4 EEL =     15149.1405  VDWAALS    =     36755.0360
 EELEC  =   -348435.1409  EHBOND  =         0.0000  RESTRAINT  =         0.0000
 Ewald error estimate:   0.6705E-04
 ------------------------------------------------------------------------------

check COM velocity, temp:        0.000000     0.00(Removed)

 NSTEP =     4300   TIME(PS) =    2549.125  TEMP(K) =   297.80  PRESS =     0.0
 Etot   =   -234219.0736  EKtot   =     54688.3736  EPtot      =   -288907.4472
 BOND   =      1107.5447  ANGLE   =      2912.5686  DIHED      =      2250.7491
 1-4 NB =      1325.4689  1-4 EEL =     15172.9717  VDWAALS    =     36845.0584
 EELEC  =   -348521.8085  EHBOND  =         0.0000  RESTRAINT  =         0.0000
 Ewald error estimate:   0.6300E-05
 ------------------------------------------------------------------------------


 NSTEP =     4400   TIME(PS) =    2549.275  TEMP(K) =   298.13  PRESS =     0.0
 Etot   =   -234219.1417  EKtot   =     54748.2518  EPtot      =   -288967.3935
 BOND   =      1113.4733  ANGLE   =      2960.2468  DIHED      =      2241.5079
 1-4 NB =      1340.9769  1-4 EEL =     15131.5899  VDWAALS    =     37284.1015
 EELEC  =   -349039.2898  EHBOND  =         0.0000  RESTRAINT  =         0.0000
 Ewald error estimate:   0.9211E-04
 ------------------------------------------------------------------------------

check COM velocity, temp:        0.000000     0.00(Removed)

 NSTEP =     4500   TIME(PS) =    2549.425  TEMP(K) =   298.72  PRESS =     0.0
 Etot   =   -234217.5709  EKtot   =     54856.9510  EPtot      =   -289074.5219
 BOND   =      1187.4177  ANGLE   =      2962.5000  DIHED      =      2223.7479
 1-4 NB =      1306.2156  1-4 EEL =     15033.0086  VDWAALS    =     36830.1209
 EELEC  =   -348617.5327  EHBOND  =         0.0000  RESTRAINT  =         0.0000
 Ewald error estimate:   0.3297E-04
 ------------------------------------------------------------------------------


 NSTEP =     4600   TIME(PS) =    2549.575  TEMP(K) =   299.13  PRESS =     0.0
 Etot   =   -234217.3460  EKtot   =     54932.9705  EPtot      =   -289150.3165
 BOND   =      1169.6706  ANGLE   =      2910.9317  DIHED      =      2278.3457
 1-4 NB =      1323.7896  1-4 EEL =     15113.2396  VDWAALS    =     37018.9753
 EELEC  =   -348965.2691  EHBOND  =         0.0000  RESTRAINT  =         0.0000
 Ewald error estimate:   0.7144E-04
 ------------------------------------------------------------------------------


 NSTEP =     4700   TIME(PS) =    2549.725  TEMP(K) =   297.51  PRESS =     0.0
 Etot   =   -234217.1292  EKtot   =     54635.3392  EPtot      =   -288852.4683
 BOND   =      1162.9357  ANGLE   =      2930.3909  DIHED      =      2262.9170
 1-4 NB =      1339.3159  1-4 EEL =     15090.4075  VDWAALS    =     36657.3251
 EELEC  =   -348295.7604  EHBOND  =         0.0000  RESTRAINT  =         0.0000
 Ewald error estimate:   0.3399E-04
 ------------------------------------------------------------------------------

check COM velocity, temp:        0.000000     0.00(Removed)

 NSTEP =     4800   TIME(PS) =    2549.875  TEMP(K) =   298.76  PRESS =     0.0
 Etot   =   -234219.7378  EKtot   =     54863.5467  EPtot      =   -289083.2845
 BOND   =      1131.1283  ANGLE   =      2998.2603  DIHED      =      2297.4678
 1-4 NB =      1319.1813  1-4 EEL =     15106.7051  VDWAALS    =     36630.1776
 EELEC  =   -348566.2050  EHBOND  =         0.0000  RESTRAINT  =         0.0000
 Ewald error estimate:   0.4824E-04
 ------------------------------------------------------------------------------


 NSTEP =     4900   TIME(PS) =    2550.025  TEMP(K) =   298.58  PRESS =     0.0
 Etot   =   -234220.5485  EKtot   =     54830.7066  EPtot      =   -289051.2551
 BOND   =      1115.3696  ANGLE   =      2927.3471  DIHED      =      2277.0248
 1-4 NB =      1297.9916  1-4 EEL =     15039.9716  VDWAALS    =     37269.7151
 EELEC  =   -348978.6748  EHBOND  =         0.0000  RESTRAINT  =         0.0000
 Ewald error estimate:   0.6814E-05
 ------------------------------------------------------------------------------

check COM velocity, temp:        0.000000     0.00(Removed)

 NSTEP =     5000   TIME(PS) =    2550.175  TEMP(K) =   298.90  PRESS =     0.0
 Etot   =   -234219.8650  EKtot   =     54889.4024  EPtot      =   -289109.2675
 BOND   =      1116.5338  ANGLE   =      2998.9133  DIHED      =      2257.2375
 1-4 NB =      1312.9233  1-4 EEL =     15099.2994  VDWAALS    =     36707.3244
 EELEC  =   -348601.4993  EHBOND  =         0.0000  RESTRAINT  =         0.0000
 Ewald error estimate:   0.8429E-04
 ------------------------------------------------------------------------------


 NSTEP =     5100   TIME(PS) =    2550.325  TEMP(K) =   298.79  PRESS =     0.0
 Etot   =   -234220.3706  EKtot   =     54869.3439  EPtot      =   -289089.7146
 BOND   =      1107.1160  ANGLE   =      2960.8027  DIHED      =      2258.0624
 1-4 NB =      1365.4621  1-4 EEL =     15148.8673  VDWAALS    =     36884.6341
 EELEC  =   -348814.6592  EHBOND  =         0.0000  RESTRAINT  =         0.0000
 Ewald error estimate:   0.4142E-06
 ------------------------------------------------------------------------------


 NSTEP =     5200   TIME(PS) =    2550.475  TEMP(K) =   297.81  PRESS =     0.0
 Etot   =   -234219.1973  EKtot   =     54689.7592  EPtot      =   -288908.9565
 BOND   =      1113.7390  ANGLE   =      2962.8755  DIHED      =      2278.8334
 1-4 NB =      1328.6468  1-4 EEL =     15153.4785  VDWAALS    =     36489.8646
 EELEC  =   -348236.3943  EHBOND  =         0.0000  RESTRAINT  =         0.0000
 Ewald error estimate:   0.6092E-04
 ------------------------------------------------------------------------------

check COM velocity, temp:        0.000000     0.00(Removed)

 NSTEP =     5300   TIME(PS) =    2550.625  TEMP(K) =   298.76  PRESS =     0.0
 Etot   =   -234220.1629  EKtot   =     54864.2815  EPtot      =   -289084.4444
 BOND   =      1162.6331  ANGLE   =      2912.1353  DIHED      =      2239.8351
 1-4 NB =      1302.2612  1-4 EEL =     15106.6797  VDWAALS    =     36295.7506
 EELEC  =   -348103.7393  EHBOND  =         0.0000  RESTRAINT  =         0.0000
 Ewald error estimate:   0.1504E-05
 ------------------------------------------------------------------------------


 NSTEP =     5400   TIME(PS) =    2550.775  TEMP(K) =   298.69  PRESS =     0.0
 Etot   =   -234217.8431  EKtot   =     54851.0983  EPtot      =   -289068.9414
 BOND   =      1147.6718  ANGLE   =      2934.1226  DIHED      =      2263.0925
 1-4 NB =      1308.0644  1-4 EEL =     15120.0624  VDWAALS    =     36764.4004
 EELEC  =   -348606.3554  EHBOND  =         0.0000  RESTRAINT  =         0.0000
 Ewald error estimate:   0.6540E-05
 ------------------------------------------------------------------------------

check COM velocity, temp:        0.000000     0.00(Removed)

 NSTEP =     5500   TIME(PS) =    2550.925  TEMP(K) =   297.36  PRESS =     0.0
 Etot   =   -234218.5910  EKtot   =     54608.2085  EPtot      =   -288826.7995
 BOND   =      1150.0323  ANGLE   =      2950.9455  DIHED      =      2228.6208
 1-4 NB =      1318.5040  1-4 EEL =     15061.1565  VDWAALS    =     36183.6049
 EELEC  =   -347719.6635  EHBOND  =         0.0000  RESTRAINT  =         0.0000
 Ewald error estimate:   0.8524E-05
 ------------------------------------------------------------------------------


 NSTEP =     5600   TIME(PS) =    2551.075  TEMP(K) =   297.79  PRESS =     0.0
 Etot   =   -234218.9726  EKtot   =     54686.4553  EPtot      =   -288905.4279
 BOND   =      1080.9441  ANGLE   =      3030.8941  DIHED      =      2245.1460
 1-4 NB =      1312.3326  1-4 EEL =     15040.3277  VDWAALS    =     36951.5101
 EELEC  =   -348566.5825  EHBOND  =         0.0000  RESTRAINT  =         0.0000
 Ewald error estimate:   0.1113E-04
 ------------------------------------------------------------------------------


 NSTEP =     5700   TIME(PS) =    2551.225  TEMP(K) =   298.39  PRESS =     0.0
 Etot   =   -234217.9494  EKtot   =     54796.6023  EPtot      =   -289014.5517
 BOND   =      1144.4215  ANGLE   =      2937.5501  DIHED      =      2286.3807
 1-4 NB =      1313.1418  1-4 EEL =     15032.1728  VDWAALS    =     36443.6315
 EELEC  =   -348171.8501  EHBOND  =         0.0000  RESTRAINT  =         0.0000
 Ewald error estimate:   0.2089E-04
 ------------------------------------------------------------------------------

check COM velocity, temp:        0.000000     0.00(Removed)

 NSTEP =     5800   TIME(PS) =    2551.375  TEMP(K) =   299.30  PRESS =     0.0
 Etot   =   -234218.5995  EKtot   =     54964.4124  EPtot      =   -289183.0119
 BOND   =      1120.7210  ANGLE   =      2934.0342  DIHED      =      2239.8081
 1-4 NB =      1303.3267  1-4 EEL =     15102.4540  VDWAALS    =     37053.8316
 EELEC  =   -348937.1874  EHBOND  =         0.0000  RESTRAINT  =         0.0000
 Ewald error estimate:   0.2788E-04
 ------------------------------------------------------------------------------


 NSTEP =     5900   TIME(PS) =    2551.525  TEMP(K) =   297.82  PRESS =     0.0
 Etot   =   -234214.8447  EKtot   =     54691.5936  EPtot      =   -288906.4383
 BOND   =      1134.1170  ANGLE   =      3036.9030  DIHED      =      2255.4622
 1-4 NB =      1298.8091  1-4 EEL =     15020.0569  VDWAALS    =     36846.9854
 EELEC  =   -348498.7720  EHBOND  =         0.0000  RESTRAINT  =         0.0000
 Ewald error estimate:   0.5799E-04
 ------------------------------------------------------------------------------

check COM velocity, temp:        0.000000     0.00(Removed)

 NSTEP =     6000   TIME(PS) =    2551.675  TEMP(K) =   298.28  PRESS =     0.0
 Etot   =   -234218.1235  EKtot   =     54776.6074  EPtot      =   -288994.7309
 BOND   =      1119.8405  ANGLE   =      2909.3763  DIHED      =      2275.5411
 1-4 NB =      1302.8121  1-4 EEL =     15063.1319  VDWAALS    =     36794.4977
 EELEC  =   -348459.9305  EHBOND  =         0.0000  RESTRAINT  =         0.0000
 Ewald error estimate:   0.2996E-07
 ------------------------------------------------------------------------------


 NSTEP =     6100   TIME(PS) =    2551.825  TEMP(K) =   297.67  PRESS =     0.0
 Etot   =   -234216.7190  EKtot   =     54663.5466  EPtot      =   -288880.2656
 BOND   =      1175.6956  ANGLE   =      2933.8226  DIHED      =      2255.3618
 1-4 NB =      1282.4430  1-4 EEL =     14990.9451  VDWAALS    =     36750.3536
 EELEC  =   -348268.8874  EHBOND  =         0.0000  RESTRAINT  =         0.0000
 Ewald error estimate:   0.2969E-04
 ------------------------------------------------------------------------------


 NSTEP =     6200   TIME(PS) =    2551.975  TEMP(K) =   296.39  PRESS =     0.0
 Etot   =   -234215.7187  EKtot   =     54429.6103  EPtot      =   -288645.3289
 BOND   =      1078.5607  ANGLE   =      2992.7584  DIHED      =      2251.6113
 1-4 NB =      1330.6074  1-4 EEL =     15078.0547  VDWAALS    =     36511.3200
 EELEC  =   -347888.2413  EHBOND  =         0.0000  RESTRAINT  =         0.0000
 Ewald error estimate:   0.9113E-05
 ------------------------------------------------------------------------------

check COM velocity, temp:        0.000000     0.00(Removed)

 NSTEP =     6300   TIME(PS) =    2552.125  TEMP(K) =   297.45  PRESS =     0.0
 Etot   =   -234218.1530  EKtot   =     54624.1748  EPtot      =   -288842.3278
 BOND   =      1091.3122  ANGLE   =      2925.7511  DIHED      =      2275.6641
 1-4 NB =      1318.2801  1-4 EEL =     15131.3720  VDWAALS    =     36358.7505
 EELEC  =   -347943.4577  EHBOND  =         0.0000  RESTRAINT  =         0.0000
 Ewald error estimate:   0.4197E-05
 ------------------------------------------------------------------------------


 NSTEP =     6400   TIME(PS) =    2552.275  TEMP(K) =   298.71  PRESS =     0.0
 Etot   =   -234219.2520  EKtot   =     54855.8496  EPtot      =   -289075.1017
 BOND   =      1129.6549  ANGLE   =      2890.5590  DIHED      =      2267.4697
 1-4 NB =      1334.5508  1-4 EEL =     15231.2781  VDWAALS    =     36899.1339
 EELEC  =   -348827.7480  EHBOND  =         0.0000  RESTRAINT  =         0.0000
 Ewald error estimate:   0.4740E-04
 ------------------------------------------------------------------------------

check COM velocity, temp:        0.000000     0.00(Removed)

 NSTEP =     6500   TIME(PS) =    2552.425  TEMP(K) =   298.37  PRESS =     0.0
 Etot   =   -234219.1664  EKtot   =     54793.5445  EPtot      =   -289012.7109
 BOND   =      1135.9234  ANGLE   =      2959.1001  DIHED      =      2249.4720
 1-4 NB =      1298.5674  1-4 EEL =     15040.2813  VDWAALS    =     36548.8642
 EELEC  =   -348244.9194  EHBOND  =         0.0000  RESTRAINT  =         0.0000
 Ewald error estimate:   0.7174E-04
 ------------------------------------------------------------------------------


 NSTEP =     6600   TIME(PS) =    2552.575  TEMP(K) =   298.58  PRESS =     0.0
 Etot   =   -234220.1423  EKtot   =     54832.0014  EPtot      =   -289052.1437
 BOND   =      1120.7252  ANGLE   =      2985.0142  DIHED      =      2229.0851
 1-4 NB =      1326.3178  1-4 EEL =     15071.6446  VDWAALS    =     36686.5021
 EELEC  =   -348471.4327  EHBOND  =         0.0000  RESTRAINT  =         0.0000
 Ewald error estimate:   0.4201E-05
 ------------------------------------------------------------------------------


 NSTEP =     6700   TIME(PS) =    2552.725  TEMP(K) =   298.35  PRESS =     0.0
 Etot   =   -234219.6153  EKtot   =     54789.4587  EPtot      =   -289009.0740
 BOND   =      1121.8948  ANGLE   =      2906.5024  DIHED      =      2260.1884
 1-4 NB =      1307.6873  1-4 EEL =     15091.9125  VDWAALS    =     36350.2509
 EELEC  =   -348047.5102  EHBOND  =         0.0000  RESTRAINT  =         0.0000
 Ewald error estimate:   0.7336E-04
 ------------------------------------------------------------------------------

check COM velocity, temp:        0.000000     0.00(Removed)

 NSTEP =     6800   TIME(PS) =    2552.875  TEMP(K) =   297.96  PRESS =     0.0
 Etot   =   -234218.7587  EKtot   =     54716.9038  EPtot      =   -288935.6625
 BOND   =      1160.6716  ANGLE   =      2949.3653  DIHED      =      2279.7171
 1-4 NB =      1307.6739  1-4 EEL =     15136.9712  VDWAALS    =     36626.5785
 EELEC  =   -348396.6400  EHBOND  =         0.0000  RESTRAINT  =         0.0000
 Ewald error estimate:   0.7088E-04
 ------------------------------------------------------------------------------


 NSTEP =     6900   TIME(PS) =    2553.025  TEMP(K) =   300.21  PRESS =     0.0
 Etot   =   -234220.8233  EKtot   =     55130.9445  EPtot      =   -289351.7678
 BOND   =      1077.8778  ANGLE   =      3018.5230  DIHED      =      2262.7131
 1-4 NB =      1300.0186  1-4 EEL =     15146.9101  VDWAALS    =     36813.1102
 EELEC  =   -348970.9206  EHBOND  =         0.0000  RESTRAINT  =         0.0000
 Ewald error estimate:   0.1925E-04
 ------------------------------------------------------------------------------

check COM velocity, temp:        0.000000     0.00(Removed)

 NSTEP =     7000   TIME(PS) =    2553.175  TEMP(K) =   299.09  PRESS =     0.0
 Etot   =   -234220.7134  EKtot   =     54925.4238  EPtot      =   -289146.1372
 BOND   =      1142.6883  ANGLE   =      2904.3133  DIHED      =      2259.1791
 1-4 NB =      1322.9526  1-4 EEL =     15134.3784  VDWAALS    =     36929.3248
 EELEC  =   -348838.9737  EHBOND  =         0.0000  RESTRAINT  =         0.0000
 Ewald error estimate:   0.5083E-05
 ------------------------------------------------------------------------------


 NSTEP =     7100   TIME(PS) =    2553.325  TEMP(K) =   297.73  PRESS =     0.0
 Etot   =   -234219.0041  EKtot   =     54674.6318  EPtot      =   -288893.6359
 BOND   =      1075.7635  ANGLE   =      3016.8954  DIHED      =      2238.6889
 1-4 NB =      1322.0577  1-4 EEL =     15064.7011  VDWAALS    =     37005.2960
 EELEC  =   -348617.0385  EHBOND  =         0.0000  RESTRAINT  =         0.0000
 Ewald error estimate:   0.2397E-05
 ------------------------------------------------------------------------------


 NSTEP =     7200   TIME(PS) =    2553.475  TEMP(K) =   297.36  PRESS =     0.0
 Etot   =   -234215.9822  EKtot   =     54606.5994  EPtot      =   -288822.5816
 BOND   =      1158.0406  ANGLE   =      2986.0025  DIHED      =      2265.3240
 1-4 NB =      1315.1074  1-4 EEL =     15106.0116  VDWAALS    =     36660.8796
 EELEC  =   -348313.9473  EHBOND  =         0.0000  RESTRAINT  =         0.0000
 Ewald error estimate:   0.4729E-04
 ------------------------------------------------------------------------------

check COM velocity, temp:        0.000000     0.00(Removed)

 NSTEP =     7300   TIME(PS) =    2553.625  TEMP(K) =   297.87  PRESS =     0.0
 Etot   =   -234219.7496  EKtot   =     54701.3110  EPtot      =   -288921.0606
 BOND   =      1130.6403  ANGLE   =      2949.0798  DIHED      =      2317.1079
 1-4 NB =      1312.0842  1-4 EEL =     15152.3625  VDWAALS    =     36612.7517
 EELEC  =   -348395.0870  EHBOND  =         0.0000  RESTRAINT  =         0.0000
 Ewald error estimate:   0.1635E-05
 ------------------------------------------------------------------------------


 NSTEP =     7400   TIME(PS) =    2553.775  TEMP(K) =   299.39  PRESS =     0.0
 Etot   =   -234219.9878  EKtot   =     54979.2300  EPtot      =   -289199.2178
 BOND   =      1105.6549  ANGLE   =      2982.5213  DIHED      =      2262.5272
 1-4 NB =      1293.1930  1-4 EEL =     15165.6938  VDWAALS    =     36701.3049
 EELEC  =   -348710.1129  EHBOND  =         0.0000  RESTRAINT  =         0.0000
 Ewald error estimate:   0.1929E-04
 ------------------------------------------------------------------------------

check COM velocity, temp:        0.000000     0.00(Removed)

 NSTEP =     7500   TIME(PS) =    2553.925  TEMP(K) =   297.62  PRESS =     0.0
 Etot   =   -234219.2626  EKtot   =     54655.6562  EPtot      =   -288874.9189
 BOND   =      1097.6488  ANGLE   =      2960.3099  DIHED      =      2253.6005
 1-4 NB =      1329.6770  1-4 EEL =     15148.4162  VDWAALS    =     36392.7406
 EELEC  =   -348057.3119  EHBOND  =         0.0000  RESTRAINT  =         0.0000
 Ewald error estimate:   0.4157E-04
 ------------------------------------------------------------------------------


 NSTEP =     7600   TIME(PS) =    2554.075  TEMP(K) =   297.66  PRESS =     0.0
 Etot   =   -234219.0783  EKtot   =     54662.0279  EPtot      =   -288881.1062
 BOND   =      1097.3855  ANGLE   =      2996.4951  DIHED      =      2263.2714
 1-4 NB =      1335.1154  1-4 EEL =     15018.4510  VDWAALS    =     37013.6612
 EELEC  =   -348605.4858  EHBOND  =         0.0000  RESTRAINT  =         0.0000
 Ewald error estimate:   0.3326E-04
 ------------------------------------------------------------------------------


 NSTEP =     7700   TIME(PS) =    2554.225  TEMP(K) =   297.39  PRESS =     0.0
 Etot   =   -234219.5587  EKtot   =     54612.3104  EPtot      =   -288831.8691
 BOND   =      1125.1064  ANGLE   =      2961.2894  DIHED      =      2251.6659
 1-4 NB =      1310.7229  1-4 EEL =     15072.7271  VDWAALS    =     36551.5526
 EELEC  =   -348104.9335  EHBOND  =         0.0000  RESTRAINT  =         0.0000
 Ewald error estimate:   0.2284E-04
 ------------------------------------------------------------------------------

check COM velocity, temp:        0.000000     0.00(Removed)

 NSTEP =     7800   TIME(PS) =    2554.375  TEMP(K) =   298.26  PRESS =     0.0
 Etot   =   -234219.3317  EKtot   =     54772.9706  EPtot      =   -288992.3023
 BOND   =      1148.5686  ANGLE   =      2912.6841  DIHED      =      2260.1477
 1-4 NB =      1303.2553  1-4 EEL =     15009.4680  VDWAALS    =     36832.0251
 EELEC  =   -348458.4511  EHBOND  =         0.0000  RESTRAINT  =         0.0000
 Ewald error estimate:   0.8597E-04
 ------------------------------------------------------------------------------


 NSTEP =     7900   TIME(PS) =    2554.525  TEMP(K) =   298.67  PRESS =     0.0
 Etot   =   -234218.2233  EKtot   =     54847.5729  EPtot      =   -289065.7962
 BOND   =      1143.7495  ANGLE   =      3027.9150  DIHED      =      2214.6015
 1-4 NB =      1306.9946  1-4 EEL =     15049.7674  VDWAALS    =     36854.5341
 EELEC  =   -348663.3583  EHBOND  =         0.0000  RESTRAINT  =         0.0000
 Ewald error estimate:   0.5816E-04
 ------------------------------------------------------------------------------

check COM velocity, temp:        0.000000     0.00(Removed)

 NSTEP =     8000   TIME(PS) =    2554.675  TEMP(K) =   298.22  PRESS =     0.0
 Etot   =   -234217.1191  EKtot   =     54764.8391  EPtot      =   -288981.9582
 BOND   =      1113.7195  ANGLE   =      2978.2022  DIHED      =      2316.4939
 1-4 NB =      1295.8563  1-4 EEL =     15122.0639  VDWAALS    =     36581.6640
 EELEC  =   -348389.9580  EHBOND  =         0.0000  RESTRAINT  =         0.0000
 Ewald error estimate:   0.9032E-04
 ------------------------------------------------------------------------------


 NSTEP =     8100   TIME(PS) =    2554.825  TEMP(K) =   297.88  PRESS =     0.0
 Etot   =   -234218.5999  EKtot   =     54703.1647  EPtot      =   -288921.7646
 BOND   =      1146.9234  ANGLE   =      2967.8771  DIHED      =      2270.7609
 1-4 NB =      1301.4206  1-4 EEL =     15076.6402  VDWAALS    =     36288.7199
 EELEC  =   -347974.1067  EHBOND  =         0.0000  RESTRAINT  =         0.0000
 Ewald error estimate:   0.8517E-04
 ------------------------------------------------------------------------------


 NSTEP =     8200   TIME(PS) =    2554.975  TEMP(K) =   298.90  PRESS =     0.0
 Etot   =   -234218.9903  EKtot   =     54889.6322  EPtot      =   -289108.6225
 BOND   =      1163.8922  ANGLE   =      2957.9377  DIHED      =      2230.3914
 1-4 NB =      1314.6796  1-4 EEL =     15110.3288  VDWAALS    =     37092.3936
 EELEC  =   -348978.2459  EHBOND  =         0.0000  RESTRAINT  =         0.0000
 Ewald error estimate:   0.5315E-05
 ------------------------------------------------------------------------------

check COM velocity, temp:        0.000000     0.00(Removed)

 NSTEP =     8300   TIME(PS) =    2555.125  TEMP(K) =   297.73  PRESS =     0.0
 Etot   =   -234218.7565  EKtot   =     54674.6452  EPtot      =   -288893.4017
 BOND   =      1103.7571  ANGLE   =      2975.6422  DIHED      =      2241.9213
 1-4 NB =      1331.0439  1-4 EEL =     15182.3016  VDWAALS    =     36650.0598
 EELEC  =   -348378.1277  EHBOND  =         0.0000  RESTRAINT  =         0.0000
 Ewald error estimate:   0.9373E-05
 ------------------------------------------------------------------------------


 NSTEP =     8400   TIME(PS) =    2555.275  TEMP(K) =   299.95  PRESS =     0.0
 Etot   =   -234218.1084  EKtot   =     55082.5404  EPtot      =   -289300.6488
 BOND   =      1158.9523  ANGLE   =      2967.5771  DIHED      =      2208.8905
 1-4 NB =      1320.7302  1-4 EEL =     15041.2374  VDWAALS    =     36667.5241
 EELEC  =   -348665.5604  EHBOND  =         0.0000  RESTRAINT  =         0.0000
 Ewald error estimate:   0.8763E-04
 ------------------------------------------------------------------------------

check COM velocity, temp:        0.000000     0.00(Removed)

 NSTEP =     8500   TIME(PS) =    2555.425  TEMP(K) =   298.92  PRESS =     0.0
 Etot   =   -234224.5602  EKtot   =     54894.4784  EPtot      =   -289119.0386
 BOND   =      1150.9053  ANGLE   =      2861.7779  DIHED      =      2221.3004
 1-4 NB =      1313.3557  1-4 EEL =     15029.6566  VDWAALS    =     36515.7110
 EELEC  =   -348211.7455  EHBOND  =         0.0000  RESTRAINT  =         0.0000
 Ewald error estimate:   0.3194E-06
 ------------------------------------------------------------------------------


 NSTEP =     8600   TIME(PS) =    2555.575  TEMP(K) =   297.28  PRESS =     0.0
 Etot   =   -234221.4238  EKtot   =     54592.1670  EPtot      =   -288813.5908
 BOND   =      1122.4208  ANGLE   =      2980.8760  DIHED      =      2204.0469
 1-4 NB =      1289.3942  1-4 EEL =     15067.2945  VDWAALS    =     36534.6493
 EELEC  =   -348012.2724  EHBOND  =         0.0000  RESTRAINT  =         0.0000
 Ewald error estimate:   0.4490E-04
 ------------------------------------------------------------------------------


 NSTEP =     8700   TIME(PS) =    2555.725  TEMP(K) =   298.32  PRESS =     0.0
 Etot   =   -234220.5151  EKtot   =     54783.0758  EPtot      =   -289003.5908
 BOND   =      1160.7465  ANGLE   =      2925.3040  DIHED      =      2243.7447
 1-4 NB =      1295.0056  1-4 EEL =     15071.7589  VDWAALS    =     36198.3685
 EELEC  =   -347898.5191  EHBOND  =         0.0000  RESTRAINT  =         0.0000
 Ewald error estimate:   0.2298E-04
 ------------------------------------------------------------------------------

check COM velocity, temp:        0.000000     0.00(Removed)

 NSTEP =     8800   TIME(PS) =    2555.875  TEMP(K) =   298.62  PRESS =     0.0
 Etot   =   -234217.8214  EKtot   =     54839.0067  EPtot      =   -289056.8281
 BOND   =      1112.7319  ANGLE   =      3068.0851  DIHED      =      2281.5120
 1-4 NB =      1307.0466  1-4 EEL =     15045.5979  VDWAALS    =     36707.9748
 EELEC  =   -348579.7765  EHBOND  =         0.0000  RESTRAINT  =         0.0000
 Ewald error estimate:   0.2998E-04
 ------------------------------------------------------------------------------


 NSTEP =     8900   TIME(PS) =    2556.025  TEMP(K) =   298.49  PRESS =     0.0
 Etot   =   -234219.2023  EKtot   =     54814.6687  EPtot      =   -289033.8710
 BOND   =      1132.3354  ANGLE   =      2937.1471  DIHED      =      2298.7670
 1-4 NB =      1318.8270  1-4 EEL =     15111.4381  VDWAALS    =     37044.9856
 EELEC  =   -348877.3714  EHBOND  =         0.0000  RESTRAINT  =         0.0000
 Ewald error estimate:   0.1433E-04
 ------------------------------------------------------------------------------

check COM velocity, temp:        0.000000     0.00(Removed)

 NSTEP =     9000   TIME(PS) =    2556.175  TEMP(K) =   297.94  PRESS =     0.0
 Etot   =   -234219.1748  EKtot   =     54714.0352  EPtot      =   -288933.2100
 BOND   =      1135.2250  ANGLE   =      3044.9394  DIHED      =      2293.3081
 1-4 NB =      1293.8758  1-4 EEL =     15097.2531  VDWAALS    =     36703.3526
 EELEC  =   -348501.1640  EHBOND  =         0.0000  RESTRAINT  =         0.0000
 Ewald error estimate:   0.8728E-05
 ------------------------------------------------------------------------------


 NSTEP =     9100   TIME(PS) =    2556.325  TEMP(K) =   297.97  PRESS =     0.0
 Etot   =   -234219.0778  EKtot   =     54718.8893  EPtot      =   -288937.9670
 BOND   =      1149.3619  ANGLE   =      2981.7216  DIHED      =      2262.1006
 1-4 NB =      1332.3689  1-4 EEL =     15029.3247  VDWAALS    =     36895.4843
 EELEC  =   -348588.3290  EHBOND  =         0.0000  RESTRAINT  =         0.0000
 Ewald error estimate:   0.3929E-04
 ------------------------------------------------------------------------------


 NSTEP =     9200   TIME(PS) =    2556.475  TEMP(K) =   297.83  PRESS =     0.0
 Etot   =   -234219.7518  EKtot   =     54692.8612  EPtot      =   -288912.6130
 BOND   =      1125.7551  ANGLE   =      2962.5533  DIHED      =      2220.5179
 1-4 NB =      1322.7285  1-4 EEL =     15039.1971  VDWAALS    =     36738.1166
 EELEC  =   -348321.4815  EHBOND  =         0.0000  RESTRAINT  =         0.0000
 Ewald error estimate:   0.3200E-04
 ------------------------------------------------------------------------------

check COM velocity, temp:        0.000000     0.00(Removed)

 NSTEP =     9300   TIME(PS) =    2556.625  TEMP(K) =   298.01  PRESS =     0.0
 Etot   =   -234220.1441  EKtot   =     54726.2080  EPtot      =   -288946.3521
 BOND   =      1135.0625  ANGLE   =      3027.0967  DIHED      =      2195.2267
 1-4 NB =      1331.2692  1-4 EEL =     15141.8125  VDWAALS    =     37162.1976
 EELEC  =   -348939.0172  EHBOND  =         0.0000  RESTRAINT  =         0.0000
 Ewald error estimate:   0.1356E-04
 ------------------------------------------------------------------------------


 NSTEP =     9400   TIME(PS) =    2556.775  TEMP(K) =   299.43  PRESS =     0.0
 Etot   =   -234219.1028  EKtot   =     54986.5705  EPtot      =   -289205.6733
 BOND   =      1171.9742  ANGLE   =      3001.4937  DIHED      =      2237.2242
 1-4 NB =      1286.3833  1-4 EEL =     15106.4416  VDWAALS    =     36595.8206
 EELEC  =   -348605.0108  EHBOND  =         0.0000  RESTRAINT  =         0.0000
 Ewald error estimate:   0.3951E-04
 ------------------------------------------------------------------------------

check COM velocity, temp:        0.000000     0.00(Removed)

 NSTEP =     9500   TIME(PS) =    2556.925  TEMP(K) =   299.32  PRESS =     0.0
 Etot   =   -234222.7767  EKtot   =     54967.1213  EPtot      =   -289189.8980
 BOND   =      1115.2202  ANGLE   =      2913.1038  DIHED      =      2255.7660
 1-4 NB =      1337.3468  1-4 EEL =     15099.7013  VDWAALS    =     36890.9217
 EELEC  =   -348801.9578  EHBOND  =         0.0000  RESTRAINT  =         0.0000
 Ewald error estimate:   0.6659E-05
 ------------------------------------------------------------------------------


 NSTEP =     9600   TIME(PS) =    2557.075  TEMP(K) =   297.99  PRESS =     0.0
 Etot   =   -234219.3184  EKtot   =     54722.9113  EPtot      =   -288942.2297
 BOND   =      1112.8277  ANGLE   =      3072.7105  DIHED      =      2251.7853
 1-4 NB =      1312.4731  1-4 EEL =     15075.5681  VDWAALS    =     36739.0808
 EELEC  =   -348506.6752  EHBOND  =         0.0000  RESTRAINT  =         0.0000
 Ewald error estimate:   0.4562E-04
 ------------------------------------------------------------------------------


 NSTEP =     9700   TIME(PS) =    2557.225  TEMP(K) =   296.95  PRESS =     0.0
 Etot   =   -234217.1415  EKtot   =     54532.7104  EPtot      =   -288749.8518
 BOND   =      1155.3735  ANGLE   =      2949.7546  DIHED      =      2290.5106
 1-4 NB =      1317.2476  1-4 EEL =     15059.8773  VDWAALS    =     36421.2810
 EELEC  =   -347943.8964  EHBOND  =         0.0000  RESTRAINT  =         0.0000
 Ewald error estimate:   0.2652E-05
 ------------------------------------------------------------------------------

check COM velocity, temp:        0.000000     0.00(Removed)

 NSTEP =     9800   TIME(PS) =    2557.375  TEMP(K) =   298.59  PRESS =     0.0
 Etot   =   -234218.0560  EKtot   =     54833.2185  EPtot      =   -289051.2745
 BOND   =      1111.7749  ANGLE   =      3009.0268  DIHED      =      2275.8293
 1-4 NB =      1322.9158  1-4 EEL =     15126.4407  VDWAALS    =     36745.5663
 EELEC  =   -348642.8282  EHBOND  =         0.0000  RESTRAINT  =         0.0000
 Ewald error estimate:   0.7140E-04
 ------------------------------------------------------------------------------


 NSTEP =     9900   TIME(PS) =    2557.525  TEMP(K) =   298.77  PRESS =     0.0
 Etot   =   -234221.2116  EKtot   =     54866.9828  EPtot      =   -289088.1944
 BOND   =      1152.5826  ANGLE   =      2946.1115  DIHED      =      2303.2319
 1-4 NB =      1300.3826  1-4 EEL =     15114.1153  VDWAALS    =     36609.5250
 EELEC  =   -348514.1434  EHBOND  =         0.0000  RESTRAINT  =         0.0000
 Ewald error estimate:   0.4917E-04
 ------------------------------------------------------------------------------

check COM velocity, temp:        0.000000     0.00(Removed)

 NSTEP =    10000   TIME(PS) =    2557.675  TEMP(K) =   298.16  PRESS =     0.0
 Etot   =   -234219.4262  EKtot   =     54755.1182  EPtot      =   -288974.5444
 BOND   =      1172.5820  ANGLE   =      2933.6399  DIHED      =      2256.8559
 1-4 NB =      1297.4944  1-4 EEL =     15115.9920  VDWAALS    =     36456.5990
 EELEC  =   -348207.7076  EHBOND  =         0.0000  RESTRAINT  =         0.0000
 Ewald error estimate:   0.7165E-04
 ------------------------------------------------------------------------------


 NSTEP =    10100   TIME(PS) =    2557.825  TEMP(K) =   299.35  PRESS =     0.0
 Etot   =   -234219.6951  EKtot   =     54972.9229  EPtot      =   -289192.6180
 BOND   =      1165.6277  ANGLE   =      2946.7856  DIHED      =      2282.3648
 1-4 NB =      1320.9309  1-4 EEL =     15136.1418  VDWAALS    =     37145.8463
 EELEC  =   -349190.3152  EHBOND  =         0.0000  RESTRAINT  =         0.0000
 Ewald error estimate:   0.5808E-04
 ------------------------------------------------------------------------------


 NSTEP =    10200   TIME(PS) =    2557.975  TEMP(K) =   300.10  PRESS =     0.0
 Etot   =   -234221.6920  EKtot   =     55109.8944  EPtot      =   -289331.5864
 BOND   =      1167.1883  ANGLE   =      2958.1024  DIHED      =      2260.4717
 1-4 NB =      1295.6570  1-4 EEL =     15085.7861  VDWAALS    =     37314.3335
 EELEC  =   -349413.1253  EHBOND  =         0.0000  RESTRAINT  =         0.0000
 Ewald error estimate:   0.9382E-04
 ------------------------------------------------------------------------------

check COM velocity, temp:        0.000000     0.00(Removed)

 NSTEP =    10300   TIME(PS) =    2558.125  TEMP(K) =   299.51  PRESS =     0.0
 Etot   =   -234221.0760  EKtot   =     55002.4474  EPtot      =   -289223.5235
 BOND   =      1154.9477  ANGLE   =      3012.6443  DIHED      =      2243.2186
 1-4 NB =      1312.8127  1-4 EEL =     15090.4257  VDWAALS    =     36900.6106
 EELEC  =   -348938.1830  EHBOND  =         0.0000  RESTRAINT  =         0.0000
 Ewald error estimate:   0.5607E-07
 ------------------------------------------------------------------------------


 NSTEP =    10400   TIME(PS) =    2558.275  TEMP(K) =   299.28  PRESS =     0.0
 Etot   =   -234219.6116  EKtot   =     54960.7234  EPtot      =   -289180.3350
 BOND   =      1112.1084  ANGLE   =      3003.2107  DIHED      =      2260.9884
 1-4 NB =      1315.5317  1-4 EEL =     15097.4559  VDWAALS    =     36471.2984
 EELEC  =   -348440.9284  EHBOND  =         0.0000  RESTRAINT  =         0.0000
 Ewald error estimate:   0.6981E-05
 ------------------------------------------------------------------------------

check COM velocity, temp:        0.000000     0.00(Removed)

 NSTEP =    10500   TIME(PS) =    2558.425  TEMP(K) =   297.68  PRESS =     0.0
 Etot   =   -234217.2492  EKtot   =     54666.0790  EPtot      =   -288883.3282
 BOND   =      1151.9681  ANGLE   =      3028.1452  DIHED      =      2239.9828
 1-4 NB =      1297.9796  1-4 EEL =     15021.5615  VDWAALS    =     36643.0234
 EELEC  =   -348265.9887  EHBOND  =         0.0000  RESTRAINT  =         0.0000
 Ewald error estimate:   0.2565E-04
 ------------------------------------------------------------------------------


 NSTEP =    10600   TIME(PS) =    2558.575  TEMP(K) =   298.53  PRESS =     0.0
 Etot   =   -234219.3066  EKtot   =     54822.7544  EPtot      =   -289042.0610
 BOND   =      1173.2924  ANGLE   =      3000.4733  DIHED      =      2234.8496
 1-4 NB =      1300.8225  1-4 EEL =     15097.7854  VDWAALS    =     36936.9219
 EELEC  =   -348786.2061  EHBOND  =         0.0000  RESTRAINT  =         0.0000
 Ewald error estimate:   0.3262E-04
 ------------------------------------------------------------------------------


 NSTEP =    10700   TIME(PS) =    2558.725  TEMP(K) =   297.82  PRESS =     0.0
 Etot   =   -234217.0288  EKtot   =     54690.8839  EPtot      =   -288907.9127
 BOND   =      1110.9225  ANGLE   =      3016.1692  DIHED      =      2228.9984
 1-4 NB =      1314.4256  1-4 EEL =     15132.1129  VDWAALS    =     36501.9777
 EELEC  =   -348212.5189  EHBOND  =         0.0000  RESTRAINT  =         0.0000
 Ewald error estimate:   0.1841E-04
 ------------------------------------------------------------------------------

check COM velocity, temp:        0.000000     0.00(Removed)

 NSTEP =    10800   TIME(PS) =    2558.875  TEMP(K) =   297.39  PRESS =     0.0
 Etot   =   -234217.6095  EKtot   =     54612.2667  EPtot      =   -288829.8762
 BOND   =      1142.6700  ANGLE   =      3052.2609  DIHED      =      2247.0455
 1-4 NB =      1291.2907  1-4 EEL =     15078.0633  VDWAALS    =     36643.7509
 EELEC  =   -348284.9575  EHBOND  =         0.0000  RESTRAINT  =         0.0000
 Ewald error estimate:   0.5149E-04
 ------------------------------------------------------------------------------


 NSTEP =    10900   TIME(PS) =    2559.025  TEMP(K) =   299.54  PRESS =     0.0
 Etot   =   -234219.4564  EKtot   =     55007.8429  EPtot      =   -289227.2994
 BOND   =      1154.0146  ANGLE   =      2957.2718  DIHED      =      2250.6202
 1-4 NB =      1311.4658  1-4 EEL =     15144.3475  VDWAALS    =     37014.6159
 EELEC  =   -349059.6352  EHBOND  =         0.0000  RESTRAINT  =         0.0000
 Ewald error estimate:   0.5498E-04
 ------------------------------------------------------------------------------

check COM velocity, temp:        0.000000     0.00(Removed)

 NSTEP =    11000   TIME(PS) =    2559.175  TEMP(K) =   298.10  PRESS =     0.0
 Etot   =   -234221.0885  EKtot   =     54743.2880  EPtot      =   -288964.3765
 BOND   =      1147.4251  ANGLE   =      3005.1395  DIHED      =      2284.5063
 1-4 NB =      1298.9054  1-4 EEL =     15175.9246  VDWAALS    =     36704.0755
 EELEC  =   -348580.3530  EHBOND  =         0.0000  RESTRAINT  =         0.0000
 Ewald error estimate:   0.4134E-05
 ------------------------------------------------------------------------------


 NSTEP =    11100   TIME(PS) =    2559.325  TEMP(K) =   298.06  PRESS =     0.0
 Etot   =   -234221.7994  EKtot   =     54736.1421  EPtot      =   -288957.9415
 BOND   =      1138.2466  ANGLE   =      2943.7638  DIHED      =      2260.1259
 1-4 NB =      1318.8529  1-4 EEL =     15163.3718  VDWAALS    =     36584.5035
 EELEC  =   -348366.8060  EHBOND  =         0.0000  RESTRAINT  =         0.0000
 Ewald error estimate:   0.1167E-04
 ------------------------------------------------------------------------------


 NSTEP =    11200   TIME(PS) =    2559.475  TEMP(K) =   297.41  PRESS =     0.0
 Etot   =   -234217.7178  EKtot   =     54615.6671  EPtot      =   -288833.3849
 BOND   =      1189.2407  ANGLE   =      2966.8281  DIHED      =      2265.0727
 1-4 NB =      1315.9289  1-4 EEL =     15085.3582  VDWAALS    =     37139.9859
 EELEC  =   -348795.7994  EHBOND  =         0.0000  RESTRAINT  =         0.0000
 Ewald error estimate:   0.8537E-04
 ------------------------------------------------------------------------------

check COM velocity, temp:        0.000000     0.00(Removed)

 NSTEP =    11300   TIME(PS) =    2559.625  TEMP(K) =   298.87  PRESS =     0.0
 Etot   =   -234222.5423  EKtot   =     54884.8702  EPtot      =   -289107.4125
 BOND   =      1129.9983  ANGLE   =      2973.2602  DIHED      =      2257.4521
 1-4 NB =      1314.5024  1-4 EEL =     15104.7177  VDWAALS    =     37116.6904
 EELEC  =   -349004.0337  EHBOND  =         0.0000  RESTRAINT  =         0.0000
 Ewald error estimate:   0.3260E-04
 ------------------------------------------------------------------------------


 NSTEP =    11400   TIME(PS) =    2559.775  TEMP(K) =   298.31  PRESS =     0.0
 Etot   =   -234219.3167  EKtot   =     54782.5079  EPtot      =   -289001.8245
 BOND   =      1101.1760  ANGLE   =      2914.9080  DIHED      =      2237.9367
 1-4 NB =      1345.8804  1-4 EEL =     15191.7612  VDWAALS    =     36670.1384
 EELEC  =   -348463.6252  EHBOND  =         0.0000  RESTRAINT  =         0.0000
 Ewald error estimate:   0.1137E-03
 ------------------------------------------------------------------------------

check COM velocity, temp:        0.000000     0.00(Removed)

 NSTEP =    11500   TIME(PS) =    2559.925  TEMP(K) =   298.47  PRESS =     0.0
 Etot   =   -234221.2322  EKtot   =     54812.0205  EPtot      =   -289033.2527
 BOND   =      1153.9303  ANGLE   =      2980.2003  DIHED      =      2242.5745
 1-4 NB =      1311.0976  1-4 EEL =     15083.3667  VDWAALS    =     36714.2906
 EELEC  =   -348518.7126  EHBOND  =         0.0000  RESTRAINT  =         0.0000
 Ewald error estimate:   0.2834E-04
 ------------------------------------------------------------------------------


 NSTEP =    11600   TIME(PS) =    2560.075  TEMP(K) =   298.56  PRESS =     0.0
 Etot   =   -234220.3400  EKtot   =     54828.4104  EPtot      =   -289048.7504
 BOND   =      1155.6320  ANGLE   =      2925.4489  DIHED      =      2255.7674
 1-4 NB =      1314.6904  1-4 EEL =     15082.4336  VDWAALS    =     36890.4978
 EELEC  =   -348673.2205  EHBOND  =         0.0000  RESTRAINT  =         0.0000
 Ewald error estimate:   0.5345E-04
 ------------------------------------------------------------------------------


 NSTEP =    11700   TIME(PS) =    2560.225  TEMP(K) =   300.06  PRESS =     0.0
 Etot   =   -234218.8476  EKtot   =     55102.9643  EPtot      =   -289321.8119
 BOND   =      1118.6978  ANGLE   =      2995.5283  DIHED      =      2279.1684
 1-4 NB =      1339.2261  1-4 EEL =     15067.6358  VDWAALS    =     37045.1831
 EELEC  =   -349167.2513  EHBOND  =         0.0000  RESTRAINT  =         0.0000
 Ewald error estimate:   0.1760E-04
 ------------------------------------------------------------------------------

check COM velocity, temp:        0.000000     0.00(Removed)

 NSTEP =    11800   TIME(PS) =    2560.375  TEMP(K) =   297.47  PRESS =     0.0
 Etot   =   -234217.5905  EKtot   =     54627.1424  EPtot      =   -288844.7329
 BOND   =      1063.3146  ANGLE   =      3058.3875  DIHED      =      2278.3257
 1-4 NB =      1318.3526  1-4 EEL =     15134.6556  VDWAALS    =     36403.9599
 EELEC  =   -348101.7287  EHBOND  =         0.0000  RESTRAINT  =         0.0000
 Ewald error estimate:   0.1084E-04
 ------------------------------------------------------------------------------


 NSTEP =    11900   TIME(PS) =    2560.525  TEMP(K) =   299.32  PRESS =     0.0
 Etot   =   -234217.5670  EKtot   =     54967.5053  EPtot      =   -289185.0723
 BOND   =      1105.4435  ANGLE   =      3003.0341  DIHED      =      2199.3317
 1-4 NB =      1307.8509  1-4 EEL =     15089.8922  VDWAALS    =     36184.0030
 EELEC  =   -348074.6277  EHBOND  =         0.0000  RESTRAINT  =         0.0000
 Ewald error estimate:   0.4191E-04
 ------------------------------------------------------------------------------

check COM velocity, temp:        0.000000     0.00(Removed)

 NSTEP =    12000   TIME(PS) =    2560.675  TEMP(K) =   298.81  PRESS =     0.0
 Etot   =   -234218.7628  EKtot   =     54873.6619  EPtot      =   -289092.4247
 BOND   =      1126.9841  ANGLE   =      2939.4381  DIHED      =      2280.7399
 1-4 NB =      1311.7471  1-4 EEL =     15035.4650  VDWAALS    =     36699.7871
 EELEC  =   -348486.5859  EHBOND  =         0.0000  RESTRAINT  =         0.0000
 Ewald error estimate:   0.2656E-04
 ------------------------------------------------------------------------------


 NSTEP =    12100   TIME(PS) =    2560.825  TEMP(K) =   298.89  PRESS =     0.0
 Etot   =   -234217.9577  EKtot   =     54889.1264  EPtot      =   -289107.0841
 BOND   =      1109.2284  ANGLE   =      2944.3982  DIHED      =      2290.7474
 1-4 NB =      1325.1494  1-4 EEL =     15163.9054  VDWAALS    =     36020.9415
 EELEC  =   -347961.4543  EHBOND  =         0.0000  RESTRAINT  =         0.0000
 Ewald error estimate:   0.4587E-05
 ------------------------------------------------------------------------------


 NSTEP =    12200   TIME(PS) =    2560.975  TEMP(K) =   298.33  PRESS =     0.0
 Etot   =   -234219.1001  EKtot   =     54785.5084  EPtot      =   -289004.6085
 BOND   =      1088.7444  ANGLE   =      2955.9518  DIHED      =      2269.6666
 1-4 NB =      1321.9185  1-4 EEL =     15161.8944  VDWAALS    =     36288.0139
 EELEC  =   -348090.7981  EHBOND  =         0.0000  RESTRAINT  =         0.0000
 Ewald error estimate:   0.3000E-04
 ------------------------------------------------------------------------------

check COM velocity, temp:        0.000000     0.00(Removed)

 NSTEP =    12300   TIME(PS) =    2561.125  TEMP(K) =   298.34  PRESS =     0.0
 Etot   =   -234217.5667  EKtot   =     54786.6300  EPtot      =   -289004.1967
 BOND   =      1177.1474  ANGLE   =      2983.3811  DIHED      =      2247.5706
 1-4 NB =      1309.1691  1-4 EEL =     15106.4473  VDWAALS    =     36411.2637
 EELEC  =   -348239.1760  EHBOND  =         0.0000  RESTRAINT  =         0.0000
 Ewald error estimate:   0.3621E-04
 ------------------------------------------------------------------------------


 NSTEP =    12400   TIME(PS) =    2561.275  TEMP(K) =   299.34  PRESS =     0.0
 Etot   =   -234220.0735  EKtot   =     54971.0396  EPtot      =   -289191.1131
 BOND   =      1120.7211  ANGLE   =      2990.4211  DIHED      =      2204.3300
 1-4 NB =      1311.3879  1-4 EEL =     15008.2342  VDWAALS    =     36822.3153
 EELEC  =   -348648.5226  EHBOND  =         0.0000  RESTRAINT  =         0.0000
 Ewald error estimate:   0.2689E-05
 ------------------------------------------------------------------------------

check COM velocity, temp:        0.000000     0.00(Removed)

 NSTEP =    12500   TIME(PS) =    2561.425  TEMP(K) =   299.44  PRESS =     0.0
 Etot   =   -234221.1212  EKtot   =     54989.6632  EPtot      =   -289210.7844
 BOND   =      1122.2020  ANGLE   =      2974.2517  DIHED      =      2228.9647
 1-4 NB =      1348.2027  1-4 EEL =     15065.7188  VDWAALS    =     36707.0847
 EELEC  =   -348657.2089  EHBOND  =         0.0000  RESTRAINT  =         0.0000
 Ewald error estimate:   0.4038E-04
 ------------------------------------------------------------------------------


 NSTEP =    12600   TIME(PS) =    2561.575  TEMP(K) =   298.25  PRESS =     0.0
 Etot   =   -234220.7618  EKtot   =     54770.6815  EPtot      =   -288991.4432
 BOND   =      1088.3073  ANGLE   =      2996.8081  DIHED      =      2227.1092
 1-4 NB =      1294.7581  1-4 EEL =     15078.7447  VDWAALS    =     36501.3164
 EELEC  =   -348178.4871  EHBOND  =         0.0000  RESTRAINT  =         0.0000
 Ewald error estimate:   0.7954E-04
 ------------------------------------------------------------------------------


 NSTEP =    12700   TIME(PS) =    2561.725  TEMP(K) =   298.98  PRESS =     0.0
 Etot   =   -234220.2577  EKtot   =     54905.6068  EPtot      =   -289125.8645
 BOND   =      1089.5775  ANGLE   =      3044.4269  DIHED      =      2261.9528
 1-4 NB =      1295.4357  1-4 EEL =     15086.9077  VDWAALS    =     37017.6845
 EELEC  =   -348921.8496  EHBOND  =         0.0000  RESTRAINT  =         0.0000
 Ewald error estimate:   0.8932E-05
 ------------------------------------------------------------------------------

check COM velocity, temp:        0.000000     0.00(Removed)

 NSTEP =    12800   TIME(PS) =    2561.875  TEMP(K) =   297.39  PRESS =     0.0
 Etot   =   -234222.4953  EKtot   =     54612.9983  EPtot      =   -288835.4936
 BOND   =      1086.6949  ANGLE   =      2987.1624  DIHED      =      2254.4117
 1-4 NB =      1317.4141  1-4 EEL =     15071.0094  VDWAALS    =     36454.0959
 EELEC  =   -348006.2820  EHBOND  =         0.0000  RESTRAINT  =         0.0000
 Ewald error estimate:   0.7492E-04
 ------------------------------------------------------------------------------


 NSTEP =    12900   TIME(PS) =    2562.025  TEMP(K) =   299.15  PRESS =     0.0
 Etot   =   -234222.5063  EKtot   =     54936.7973  EPtot      =   -289159.3036
 BOND   =      1122.4642  ANGLE   =      2953.8985  DIHED      =      2230.3777
 1-4 NB =      1325.6061  1-4 EEL =     15147.4225  VDWAALS    =     36852.7555
 EELEC  =   -348791.8282  EHBOND  =         0.0000  RESTRAINT  =         0.0000
 Ewald error estimate:   0.5987E-04
 ------------------------------------------------------------------------------

check COM velocity, temp:        0.000000     0.00(Removed)

 NSTEP =    13000   TIME(PS) =    2562.175  TEMP(K) =   297.85  PRESS =     0.0
 Etot   =   -234220.1503  EKtot   =     54697.3218  EPtot      =   -288917.4721
 BOND   =      1152.4225  ANGLE   =      2982.1249  DIHED      =      2231.9899
 1-4 NB =      1286.3025  1-4 EEL =     15024.2416  VDWAALS    =     36579.0696
 EELEC  =   -348173.6231  EHBOND  =         0.0000  RESTRAINT  =         0.0000
 Ewald error estimate:   0.3518E-04
 ------------------------------------------------------------------------------


 NSTEP =    13100   TIME(PS) =    2562.325  TEMP(K) =   298.81  PRESS =     0.0
 Etot   =   -234219.8101  EKtot   =     54872.6788  EPtot      =   -289092.4889
 BOND   =      1106.4276  ANGLE   =      2953.6953  DIHED      =      2284.1758
 1-4 NB =      1316.7592  1-4 EEL =     15102.6194  VDWAALS    =     36352.1207
 EELEC  =   -348208.2868  EHBOND  =         0.0000  RESTRAINT  =         0.0000
 Ewald error estimate:   0.1793E-04
 ------------------------------------------------------------------------------


 NSTEP =    13200   TIME(PS) =    2562.475  TEMP(K) =   298.49  PRESS =     0.0
 Etot   =   -234218.8871  EKtot   =     54814.9618  EPtot      =   -289033.8489
 BOND   =      1171.8505  ANGLE   =      2903.6932  DIHED      =      2245.9734
 1-4 NB =      1303.3690  1-4 EEL =     15096.8592  VDWAALS    =     37022.0976
 EELEC  =   -348777.6918  EHBOND  =         0.0000  RESTRAINT  =         0.0000
 Ewald error estimate:   0.3654E-04
 ------------------------------------------------------------------------------

check COM velocity, temp:        0.000000     0.00(Removed)

 NSTEP =    13300   TIME(PS) =    2562.625  TEMP(K) =   297.87  PRESS =     0.0
 Etot   =   -234215.0084  EKtot   =     54701.6295  EPtot      =   -288916.6379
 BOND   =      1137.0824  ANGLE   =      3007.6441  DIHED      =      2253.1550
 1-4 NB =      1301.2369  1-4 EEL =     15074.4076  VDWAALS    =     36883.2633
 EELEC  =   -348573.4271  EHBOND  =         0.0000  RESTRAINT  =         0.0000
 Ewald error estimate:   0.1394E-06
 ------------------------------------------------------------------------------


 NSTEP =    13400   TIME(PS) =    2562.775  TEMP(K) =   299.27  PRESS =     0.0
 Etot   =   -234218.2893  EKtot   =     54958.2020  EPtot      =   -289176.4913
 BOND   =      1177.6434  ANGLE   =      2973.4131  DIHED      =      2241.2610
 1-4 NB =      1303.2983  1-4 EEL =     15095.7262  VDWAALS    =     36927.5551
 EELEC  =   -348895.3884  EHBOND  =         0.0000  RESTRAINT  =         0.0000
 Ewald error estimate:   0.2146E-04
 ------------------------------------------------------------------------------

check COM velocity, temp:        0.000000     0.00(Removed)

 NSTEP =    13500   TIME(PS) =    2562.925  TEMP(K) =   298.42  PRESS =     0.0
 Etot   =   -234216.7948  EKtot   =     54801.9061  EPtot      =   -289018.7010
 BOND   =      1145.3342  ANGLE   =      2929.3344  DIHED      =      2252.6384
 1-4 NB =      1309.4183  1-4 EEL =     15158.8991  VDWAALS    =     36345.4709
 EELEC  =   -348159.7964  EHBOND  =         0.0000  RESTRAINT  =         0.0000
 Ewald error estimate:   0.4761E-05
 ------------------------------------------------------------------------------


 NSTEP =    13600   TIME(PS) =    2563.075  TEMP(K) =   299.53  PRESS =     0.0
 Etot   =   -234218.6200  EKtot   =     55005.2570  EPtot      =   -289223.8769
 BOND   =      1165.6294  ANGLE   =      2913.7362  DIHED      =      2254.9409
 1-4 NB =      1300.6115  1-4 EEL =     15046.1468  VDWAALS    =     36864.8710
 EELEC  =   -348769.8127  EHBOND  =         0.0000  RESTRAINT  =         0.0000
 Ewald error estimate:   0.1576E-04
 ------------------------------------------------------------------------------


 NSTEP =    13700   TIME(PS) =    2563.225  TEMP(K) =   297.83  PRESS =     0.0
 Etot   =   -234216.9667  EKtot   =     54693.5086  EPtot      =   -288910.4753
 BOND   =      1141.8740  ANGLE   =      3026.7418  DIHED      =      2257.9660
 1-4 NB =      1307.5675  1-4 EEL =     15042.4944  VDWAALS    =     36894.1892
 EELEC  =   -348581.3082  EHBOND  =         0.0000  RESTRAINT  =         0.0000
 Ewald error estimate:   0.1707E-04
 ------------------------------------------------------------------------------

check COM velocity, temp:        0.000000     0.00(Removed)

 NSTEP =    13800   TIME(PS) =    2563.375  TEMP(K) =   296.97  PRESS =     0.0
 Etot   =   -234217.1605  EKtot   =     54536.3130  EPtot      =   -288753.4735
 BOND   =      1071.6474  ANGLE   =      3018.5140  DIHED      =      2249.4948
 1-4 NB =      1305.5740  1-4 EEL =     15112.0480  VDWAALS    =     36730.1844
 EELEC  =   -348240.9360  EHBOND  =         0.0000  RESTRAINT  =         0.0000
 Ewald error estimate:   0.3322E-06
 ------------------------------------------------------------------------------


 NSTEP =    13900   TIME(PS) =    2563.525  TEMP(K) =   300.53  PRESS =     0.0
 Etot   =   -234219.9704  EKtot   =     55189.4845  EPtot      =   -289409.4549
 BOND   =      1098.1740  ANGLE   =      2952.0635  DIHED      =      2229.7140
 1-4 NB =      1335.5427  1-4 EEL =     15110.9238  VDWAALS    =     36883.5391
 EELEC  =   -349019.4122  EHBOND  =         0.0000  RESTRAINT  =         0.0000
 Ewald error estimate:   0.4483E-04
 ------------------------------------------------------------------------------

check COM velocity, temp:        0.000000     0.00(Removed)

 NSTEP =    14000   TIME(PS) =    2563.675  TEMP(K) =   298.16  PRESS =     0.0
 Etot   =   -234219.2398  EKtot   =     54755.0535  EPtot      =   -288974.2934
 BOND   =      1126.4884  ANGLE   =      2978.5342  DIHED      =      2218.4994
 1-4 NB =      1315.7471  1-4 EEL =     15079.4931  VDWAALS    =     36979.1531
 EELEC  =   -348672.2088  EHBOND  =         0.0000  RESTRAINT  =         0.0000
 Ewald error estimate:   0.2992E-04
 ------------------------------------------------------------------------------


 NSTEP =    14100   TIME(PS) =    2563.825  TEMP(K) =   297.77  PRESS =     0.0
 Etot   =   -234218.9823  EKtot   =     54682.9956  EPtot      =   -288901.9780
 BOND   =      1099.5677  ANGLE   =      3023.3521  DIHED      =      2232.0463
 1-4 NB =      1308.0458  1-4 EEL =     15086.0282  VDWAALS    =     36888.5503
 EELEC  =   -348539.5685  EHBOND  =         0.0000  RESTRAINT  =         0.0000
 Ewald error estimate:   0.2272E-04
 ------------------------------------------------------------------------------


 NSTEP =    14200   TIME(PS) =    2563.975  TEMP(K) =   298.28  PRESS =     0.0
 Etot   =   -234220.3115  EKtot   =     54776.9808  EPtot      =   -288997.2924
 BOND   =      1140.9851  ANGLE   =      2995.5635  DIHED      =      2229.2090
 1-4 NB =      1308.2003  1-4 EEL =     15159.7671  VDWAALS    =     36924.0332
 EELEC  =   -348755.0506  EHBOND  =         0.0000  RESTRAINT  =         0.0000
 Ewald error estimate:   0.5597E-04
 ------------------------------------------------------------------------------

check COM velocity, temp:        0.000000     0.00(Removed)

 NSTEP =    14300   TIME(PS) =    2564.125  TEMP(K) =   298.22  PRESS =     0.0
 Etot   =   -234219.1814  EKtot   =     54765.7247  EPtot      =   -288984.9060
 BOND   =      1130.7072  ANGLE   =      3022.5997  DIHED      =      2218.3153
 1-4 NB =      1313.4696  1-4 EEL =     15101.8378  VDWAALS    =     37253.9881
 EELEC  =   -349025.8236  EHBOND  =         0.0000  RESTRAINT  =         0.0000
 Ewald error estimate:   0.3246E-04
 ------------------------------------------------------------------------------


 NSTEP =    14400   TIME(PS) =    2564.275  TEMP(K) =   299.16  PRESS =     0.0
 Etot   =   -234222.7248  EKtot   =     54937.3059  EPtot      =   -289160.0307
 BOND   =      1117.0496  ANGLE   =      2912.3106  DIHED      =      2211.5459
 1-4 NB =      1314.0672  1-4 EEL =     15094.0264  VDWAALS    =     37009.6477
 EELEC  =   -348818.6783  EHBOND  =         0.0000  RESTRAINT  =         0.0000
 Ewald error estimate:   0.4764E-04
 ------------------------------------------------------------------------------

check COM velocity, temp:        0.000000     0.00(Removed)

 NSTEP =    14500   TIME(PS) =    2564.425  TEMP(K) =   298.82  PRESS =     0.0
 Etot   =   -234222.0215  EKtot   =     54875.8263  EPtot      =   -289097.8478
 BOND   =      1092.1851  ANGLE   =      2945.7566  DIHED      =      2229.7443
 1-4 NB =      1306.4812  1-4 EEL =     15154.3703  VDWAALS    =     36598.0983
 EELEC  =   -348424.4836  EHBOND  =         0.0000  RESTRAINT  =         0.0000
 Ewald error estimate:   0.7060E-04
 ------------------------------------------------------------------------------


 NSTEP =    14600   TIME(PS) =    2564.575  TEMP(K) =   299.55  PRESS =     0.0
 Etot   =   -234219.3372  EKtot   =     55008.9896  EPtot      =   -289228.3269
 BOND   =      1122.1765  ANGLE   =      2949.1312  DIHED      =      2236.8382
 1-4 NB =      1311.1105  1-4 EEL =     15084.8468  VDWAALS    =     36675.7180
 EELEC  =   -348608.1480  EHBOND  =         0.0000  RESTRAINT  =         0.0000
 Ewald error estimate:   0.5938E-05
 ------------------------------------------------------------------------------


 NSTEP =    14700   TIME(PS) =    2564.725  TEMP(K) =   298.67  PRESS =     0.0
 Etot   =   -234218.9934  EKtot   =     54847.5472  EPtot      =   -289066.5406
 BOND   =      1119.8556  ANGLE   =      2935.2384  DIHED      =      2242.0756
 1-4 NB =      1313.9806  1-4 EEL =     15068.4829  VDWAALS    =     36368.2637
 EELEC  =   -348114.4374  EHBOND  =         0.0000  RESTRAINT  =         0.0000
 Ewald error estimate:   0.4028E-04
 ------------------------------------------------------------------------------

check COM velocity, temp:        0.000000     0.00(Removed)

 NSTEP =    14800   TIME(PS) =    2564.875  TEMP(K) =   298.48  PRESS =     0.0
 Etot   =   -234218.9756  EKtot   =     54812.4197  EPtot      =   -289031.3953
 BOND   =      1135.9344  ANGLE   =      3001.3023  DIHED      =      2235.5074
 1-4 NB =      1325.4990  1-4 EEL =     15142.4834  VDWAALS    =     36371.0896
 EELEC  =   -348243.2114  EHBOND  =         0.0000  RESTRAINT  =         0.0000
 Ewald error estimate:   0.1364E-04
 ------------------------------------------------------------------------------


 NSTEP =    14900   TIME(PS) =    2565.025  TEMP(K) =   298.19  PRESS =     0.0
 Etot   =   -234220.0297  EKtot   =     54759.4684  EPtot      =   -288979.4981
 BOND   =      1120.1595  ANGLE   =      2964.9466  DIHED      =      2285.6461
 1-4 NB =      1302.6390  1-4 EEL =     15101.7485  VDWAALS    =     36804.3535
 EELEC  =   -348558.9914  EHBOND  =         0.0000  RESTRAINT  =         0.0000
 Ewald error estimate:   0.1317E-04
 ------------------------------------------------------------------------------

check COM velocity, temp:        0.000000     0.00(Removed)

 NSTEP =    15000   TIME(PS) =    2565.175  TEMP(K) =   298.81  PRESS =     0.0
 Etot   =   -234220.2310  EKtot   =     54874.1587  EPtot      =   -289094.3897
 BOND   =      1123.2012  ANGLE   =      2996.4876  DIHED      =      2226.4581
 1-4 NB =      1308.1556  1-4 EEL =     15092.1616  VDWAALS    =     36430.8536
 EELEC  =   -348271.7075  EHBOND  =         0.0000  RESTRAINT  =         0.0000
 Ewald error estimate:   0.3262E-04
 ------------------------------------------------------------------------------


 NSTEP =    15100   TIME(PS) =    2565.325  TEMP(K) =   298.43  PRESS =     0.0
 Etot   =   -234217.6162  EKtot   =     54804.4877  EPtot      =   -289022.1039
 BOND   =      1134.6212  ANGLE   =      2940.1109  DIHED      =      2220.9083
 1-4 NB =      1323.5034  1-4 EEL =     15116.6878  VDWAALS    =     36594.3892
 EELEC  =   -348352.3247  EHBOND  =         0.0000  RESTRAINT  =         0.0000
 Ewald error estimate:   0.2249E-04
 ------------------------------------------------------------------------------


 NSTEP =    15200   TIME(PS) =    2565.475  TEMP(K) =   299.26  PRESS =     0.0
 Etot   =   -234218.8668  EKtot   =     54956.6229  EPtot      =   -289175.4897
 BOND   =      1094.4205  ANGLE   =      2986.6425  DIHED      =      2247.4799
 1-4 NB =      1333.0090  1-4 EEL =     15123.7315  VDWAALS    =     36814.2052
 EELEC  =   -348774.9783  EHBOND  =         0.0000  RESTRAINT  =         0.0000
 Ewald error estimate:   0.3840E-05
 ------------------------------------------------------------------------------

check COM velocity, temp:        0.000000     0.00(Removed)

 NSTEP =    15300   TIME(PS) =    2565.625  TEMP(K) =   297.54  PRESS =     0.0
 Etot   =   -234218.9772  EKtot   =     54641.1276  EPtot      =   -288860.1048
 BOND   =      1146.3739  ANGLE   =      2983.6200  DIHED      =      2215.1299
 1-4 NB =      1303.1639  1-4 EEL =     15031.4504  VDWAALS    =     36631.0017
 EELEC  =   -348170.8445  EHBOND  =         0.0000  RESTRAINT  =         0.0000
 Ewald error estimate:   0.2958E-04
 ------------------------------------------------------------------------------


 NSTEP =    15400   TIME(PS) =    2565.775  TEMP(K) =   296.92  PRESS =     0.0
 Etot   =   -234218.3496  EKtot   =     54526.0205  EPtot      =   -288744.3701
 BOND   =      1053.1016  ANGLE   =      2961.9862  DIHED      =      2243.7279
 1-4 NB =      1315.7784  1-4 EEL =     15174.6510  VDWAALS    =     36647.7891
 EELEC  =   -348141.4042  EHBOND  =         0.0000  RESTRAINT  =         0.0000
 Ewald error estimate:   0.8272E-04
 ------------------------------------------------------------------------------

check COM velocity, temp:        0.000000     0.00(Removed)

 NSTEP =    15500   TIME(PS) =    2565.925  TEMP(K) =   297.49  PRESS =     0.0
 Etot   =   -234219.2702  EKtot   =     54630.4888  EPtot      =   -288849.7590
 BOND   =      1132.9165  ANGLE   =      3013.0231  DIHED      =      2232.8511
 1-4 NB =      1309.6251  1-4 EEL =     15118.7904  VDWAALS    =     36641.4377
 EELEC  =   -348298.4030  EHBOND  =         0.0000  RESTRAINT  =         0.0000
 Ewald error estimate:   0.5966E-04
 ------------------------------------------------------------------------------


 NSTEP =    15600   TIME(PS) =    2566.075  TEMP(K) =   298.47  PRESS =     0.0
 Etot   =   -234221.6125  EKtot   =     54811.8134  EPtot      =   -289033.4259
 BOND   =      1117.8030  ANGLE   =      2902.3308  DIHED      =      2223.6161
 1-4 NB =      1346.6808  1-4 EEL =     15137.6736  VDWAALS    =     36806.9980
 EELEC  =   -348568.5282  EHBOND  =         0.0000  RESTRAINT  =         0.0000
 Ewald error estimate:   0.4652E-04
 ------------------------------------------------------------------------------


 NSTEP =    15700   TIME(PS) =    2566.225  TEMP(K) =   300.20  PRESS =     0.0
 Etot   =   -234221.8846  EKtot   =     55128.8474  EPtot      =   -289350.7320
 BOND   =      1123.1835  ANGLE   =      2859.2117  DIHED      =      2263.0378
 1-4 NB =      1326.0129  1-4 EEL =     15149.4508  VDWAALS    =     37093.4288
 EELEC  =   -349165.0577  EHBOND  =         0.0000  RESTRAINT  =         0.0000
 Ewald error estimate:   0.2206E-04
 ------------------------------------------------------------------------------

check COM velocity, temp:        0.000000     0.00(Removed)

 NSTEP =    15800   TIME(PS) =    2566.375  TEMP(K) =   299.84  PRESS =     0.0
 Etot   =   -234221.4140  EKtot   =     55062.4719  EPtot      =   -289283.8859
 BOND   =      1111.3842  ANGLE   =      2907.7050  DIHED      =      2264.6017
 1-4 NB =      1294.5508  1-4 EEL =     15055.1980  VDWAALS    =     37094.8567
 EELEC  =   -349012.1822  EHBOND  =         0.0000  RESTRAINT  =         0.0000
 Ewald error estimate:   0.6391E-04
 ------------------------------------------------------------------------------


 NSTEP =    15900   TIME(PS) =    2566.525  TEMP(K) =   297.92  PRESS =     0.0
 Etot   =   -234220.5023  EKtot   =     54710.0648  EPtot      =   -288930.5671
 BOND   =      1086.7693  ANGLE   =      2952.6163  DIHED      =      2224.3435
 1-4 NB =      1296.1547  1-4 EEL =     15110.7960  VDWAALS    =     37101.4042
 EELEC  =   -348702.6512  EHBOND  =         0.0000  RESTRAINT  =         0.0000
 Ewald error estimate:   0.1973E-04
 ------------------------------------------------------------------------------

check COM velocity, temp:        0.000000     0.00(Removed)

 NSTEP =    16000   TIME(PS) =    2566.675  TEMP(K) =   300.09  PRESS =     0.0
 Etot   =   -234221.0495  EKtot   =     55109.4797  EPtot      =   -289330.5292
 BOND   =      1119.0443  ANGLE   =      2916.9746  DIHED      =      2209.6910
 1-4 NB =      1309.8881  1-4 EEL =     15161.0167  VDWAALS    =     36254.4964
 EELEC  =   -348301.6403  EHBOND  =         0.0000  RESTRAINT  =         0.0000
 Ewald error estimate:   0.1429E-04
 ------------------------------------------------------------------------------


 NSTEP =    16100   TIME(PS) =    2566.825  TEMP(K) =   298.52  PRESS =     0.0
 Etot   =   -234219.4491  EKtot   =     54819.4102  EPtot      =   -289038.8593
 BOND   =      1120.7884  ANGLE   =      2968.8510  DIHED      =      2236.7359
 1-4 NB =      1315.4812  1-4 EEL =     15088.1271  VDWAALS    =     36299.9731
 EELEC  =   -348068.8160  EHBOND  =         0.0000  RESTRAINT  =         0.0000
 Ewald error estimate:   0.4561E-04
 ------------------------------------------------------------------------------


 NSTEP =    16200   TIME(PS) =    2566.975  TEMP(K) =   298.34  PRESS =     0.0
 Etot   =   -234220.2537  EKtot   =     54786.7540  EPtot      =   -289007.0077
 BOND   =      1083.8960  ANGLE   =      2944.2260  DIHED      =      2249.0091
 1-4 NB =      1312.9410  1-4 EEL =     15145.9516  VDWAALS    =     36689.4018
 EELEC  =   -348432.4334  EHBOND  =         0.0000  RESTRAINT  =         0.0000
 Ewald error estimate:   0.3961E-04
 ------------------------------------------------------------------------------

check COM velocity, temp:        0.000000     0.00(Removed)

 NSTEP =    16300   TIME(PS) =    2567.125  TEMP(K) =   298.20  PRESS =     0.0
 Etot   =   -234221.6319  EKtot   =     54761.0456  EPtot      =   -288982.6776
 BOND   =      1097.9936  ANGLE   =      2854.4491  DIHED      =      2253.9005
 1-4 NB =      1329.1322  1-4 EEL =     15114.0865  VDWAALS    =     36926.5552
 EELEC  =   -348558.7945  EHBOND  =         0.0000  RESTRAINT  =         0.0000
 Ewald error estimate:   0.9067E-04
 ------------------------------------------------------------------------------


 NSTEP =    16400   TIME(PS) =    2567.275  TEMP(K) =   298.77  PRESS =     0.0
 Etot   =   -234221.7752  EKtot   =     54866.8625  EPtot      =   -289088.6377
 BOND   =      1078.9125  ANGLE   =      2935.7673  DIHED      =      2259.3327
 1-4 NB =      1305.9167  1-4 EEL =     15112.9838  VDWAALS    =     36882.3942
 EELEC  =   -348663.9448  EHBOND  =         0.0000  RESTRAINT  =         0.0000
 Ewald error estimate:   0.8420E-04
 ------------------------------------------------------------------------------

check COM velocity, temp:        0.000000     0.00(Removed)

 NSTEP =    16500   TIME(PS) =    2567.425  TEMP(K) =   297.91  PRESS =     0.0
 Etot   =   -234221.5631  EKtot   =     54708.9025  EPtot      =   -288930.4656
 BOND   =      1116.0743  ANGLE   =      2899.7613  DIHED      =      2252.2863
 1-4 NB =      1312.3153  1-4 EEL =     15106.5288  VDWAALS    =     36474.0518
 EELEC  =   -348091.4834  EHBOND  =         0.0000  RESTRAINT  =         0.0000
 Ewald error estimate:   0.5457E-04
 ------------------------------------------------------------------------------


 NSTEP =    16600   TIME(PS) =    2567.575  TEMP(K) =   297.36  PRESS =     0.0
 Etot   =   -234219.7443  EKtot   =     54607.2010  EPtot      =   -288826.9453
 BOND   =      1124.3119  ANGLE   =      2902.9380  DIHED      =      2225.7872
 1-4 NB =      1305.0847  1-4 EEL =     15166.3753  VDWAALS    =     36793.2422
 EELEC  =   -348344.6846  EHBOND  =         0.0000  RESTRAINT  =         0.0000
 Ewald error estimate:   0.4482E-04
 ------------------------------------------------------------------------------


 NSTEP =    16700   TIME(PS) =    2567.725  TEMP(K) =   297.16  PRESS =     0.0
 Etot   =   -234217.3479  EKtot   =     54570.0888  EPtot      =   -288787.4368
 BOND   =      1155.6128  ANGLE   =      2981.0665  DIHED      =      2227.5587
 1-4 NB =      1321.1710  1-4 EEL =     15127.3711  VDWAALS    =     36485.4687
 EELEC  =   -348085.6857  EHBOND  =         0.0000  RESTRAINT  =         0.0000
 Ewald error estimate:   0.7233E-04
 ------------------------------------------------------------------------------

check COM velocity, temp:        0.000000     0.00(Removed)

 NSTEP =    16800   TIME(PS) =    2567.875  TEMP(K) =   299.27  PRESS =     0.0
 Etot   =   -234221.7943  EKtot   =     54957.3746  EPtot      =   -289179.1689
 BOND   =      1105.7149  ANGLE   =      2958.1991  DIHED      =      2253.7346
 1-4 NB =      1311.6341  1-4 EEL =     15010.9663  VDWAALS    =     36589.6950
 EELEC  =   -348409.1130  EHBOND  =         0.0000  RESTRAINT  =         0.0000
 Ewald error estimate:   0.4231E-04
 ------------------------------------------------------------------------------


 NSTEP =    16900   TIME(PS) =    2568.025  TEMP(K) =   298.74  PRESS =     0.0
 Etot   =   -234219.5447  EKtot   =     54860.2554  EPtot      =   -289079.8001
 BOND   =      1075.0506  ANGLE   =      2935.2703  DIHED      =      2241.4401
 1-4 NB =      1325.6246  1-4 EEL =     15194.2078  VDWAALS    =     36720.0581
 EELEC  =   -348571.4515  EHBOND  =         0.0000  RESTRAINT  =         0.0000
 Ewald error estimate:   0.6183E-04
 ------------------------------------------------------------------------------

check COM velocity, temp:        0.000000     0.00(Removed)

 NSTEP =    17000   TIME(PS) =    2568.175  TEMP(K) =   299.01  PRESS =     0.0
 Etot   =   -234221.7552  EKtot   =     54909.8142  EPtot      =   -289131.5694
 BOND   =      1048.2428  ANGLE   =      2935.4380  DIHED      =      2261.6790
 1-4 NB =      1328.7792  1-4 EEL =     15133.2190  VDWAALS    =     36451.3403
 EELEC  =   -348290.2677  EHBOND  =         0.0000  RESTRAINT  =         0.0000
 Ewald error estimate:   0.6947E-04
 ------------------------------------------------------------------------------


 NSTEP =    17100   TIME(PS) =    2568.325  TEMP(K) =   299.38  PRESS =     0.0
 Etot   =   -234221.9583  EKtot   =     54977.4977  EPtot      =   -289199.4560
 BOND   =      1144.5919  ANGLE   =      2892.8642  DIHED      =      2298.3133
 1-4 NB =      1320.7922  1-4 EEL =     15087.3839  VDWAALS    =     36559.9504
 EELEC  =   -348503.3518  EHBOND  =         0.0000  RESTRAINT  =         0.0000
 Ewald error estimate:   0.1525E-04
 ------------------------------------------------------------------------------


 NSTEP =    17200   TIME(PS) =    2568.475  TEMP(K) =   299.17  PRESS =     0.0
 Etot   =   -234222.6209  EKtot   =     54939.7006  EPtot      =   -289162.3215
 BOND   =      1095.1154  ANGLE   =      2942.6330  DIHED      =      2237.6322
 1-4 NB =      1309.4539  1-4 EEL =     15099.3418  VDWAALS    =     36826.5706
 EELEC  =   -348673.0684  EHBOND  =         0.0000  RESTRAINT  =         0.0000
 Ewald error estimate:   0.1627E-04
 ------------------------------------------------------------------------------

check COM velocity, temp:        0.000000     0.00(Removed)

 NSTEP =    17300   TIME(PS) =    2568.625  TEMP(K) =   297.62  PRESS =     0.0
 Etot   =   -234219.1592  EKtot   =     54655.5055  EPtot      =   -288874.6647
 BOND   =      1089.8609  ANGLE   =      2978.8345  DIHED      =      2229.5368
 1-4 NB =      1331.3818  1-4 EEL =     15146.7679  VDWAALS    =     36939.8633
 EELEC  =   -348590.9100  EHBOND  =         0.0000  RESTRAINT  =         0.0000
 Ewald error estimate:   0.6661E-04
 ------------------------------------------------------------------------------


 NSTEP =    17400   TIME(PS) =    2568.775  TEMP(K) =   298.62  PRESS =     0.0
 Etot   =   -234222.7184  EKtot   =     54837.9028  EPtot      =   -289060.6212
 BOND   =      1086.6478  ANGLE   =      2907.9707  DIHED      =      2238.2318
 1-4 NB =      1337.2014  1-4 EEL =     15099.6751  VDWAALS    =     36590.2347
 EELEC  =   -348320.5827  EHBOND  =         0.0000  RESTRAINT  =         0.0000
 Ewald error estimate:   0.6141E-05
 ------------------------------------------------------------------------------

check COM velocity, temp:        0.000000     0.00(Removed)

 NSTEP =    17500   TIME(PS) =    2568.925  TEMP(K) =   297.96  PRESS =     0.0
 Etot   =   -234221.5356  EKtot   =     54717.1942  EPtot      =   -288938.7298
 BOND   =      1129.2558  ANGLE   =      2969.3462  DIHED      =      2207.4631
 1-4 NB =      1305.7587  1-4 EEL =     15136.6722  VDWAALS    =     36533.6535
 EELEC  =   -348220.8792  EHBOND  =         0.0000  RESTRAINT  =         0.0000
 Ewald error estimate:   0.1462E-05
 ------------------------------------------------------------------------------


 NSTEP =    17600   TIME(PS) =    2569.075  TEMP(K) =   299.29  PRESS =     0.0
 Etot   =   -234221.4919  EKtot   =     54962.4959  EPtot      =   -289183.9879
 BOND   =      1108.6436  ANGLE   =      2952.8291  DIHED      =      2257.9420
 1-4 NB =      1293.9708  1-4 EEL =     15072.6293  VDWAALS    =     36589.5120
 EELEC  =   -348459.5147  EHBOND  =         0.0000  RESTRAINT  =         0.0000
 Ewald error estimate:   0.3029E-04
 ------------------------------------------------------------------------------


 NSTEP =    17700   TIME(PS) =    2569.225  TEMP(K) =   298.33  PRESS =     0.0
 Etot   =   -234218.0088  EKtot   =     54785.2165  EPtot      =   -289003.2253
 BOND   =      1102.1552  ANGLE   =      2932.6203  DIHED      =      2234.4258
 1-4 NB =      1341.5471  1-4 EEL =     15106.7781  VDWAALS    =     36553.8132
 EELEC  =   -348274.5651  EHBOND  =         0.0000  RESTRAINT  =         0.0000
 Ewald error estimate:   0.7556E-04
 ------------------------------------------------------------------------------

check COM velocity, temp:        0.000000     0.00(Removed)

 NSTEP =    17800   TIME(PS) =    2569.375  TEMP(K) =   298.85  PRESS =     0.0
 Etot   =   -234219.1648  EKtot   =     54880.0884  EPtot      =   -289099.2532
 BOND   =      1127.1526  ANGLE   =      2952.5584  DIHED      =      2287.4772
 1-4 NB =      1298.8060  1-4 EEL =     15103.9106  VDWAALS    =     36834.2764
 EELEC  =   -348703.4344  EHBOND  =         0.0000  RESTRAINT  =         0.0000
 Ewald error estimate:   0.6812E-04
 ------------------------------------------------------------------------------


 NSTEP =    17900   TIME(PS) =    2569.525  TEMP(K) =   300.33  PRESS =     0.0
 Etot   =   -234220.4889  EKtot   =     55153.2238  EPtot      =   -289373.7126
 BOND   =      1077.0641  ANGLE   =      2931.9232  DIHED      =      2242.8190
 1-4 NB =      1340.3138  1-4 EEL =     15158.9536  VDWAALS    =     36297.1408
 EELEC  =   -348421.9271  EHBOND  =         0.0000  RESTRAINT  =         0.0000
 Ewald error estimate:   0.2185E-04
 ------------------------------------------------------------------------------

check COM velocity, temp:        0.000000     0.00(Removed)

 NSTEP =    18000   TIME(PS) =    2569.675  TEMP(K) =   300.11  PRESS =     0.0
 Etot   =   -234219.8506  EKtot   =     55111.8922  EPtot      =   -289331.7428
 BOND   =      1083.6043  ANGLE   =      3010.7252  DIHED      =      2265.0179
 1-4 NB =      1327.4060  1-4 EEL =     15021.6139  VDWAALS    =     36882.4080
 EELEC  =   -348922.5181  EHBOND  =         0.0000  RESTRAINT  =         0.0000
 Ewald error estimate:   0.3346E-05
 ------------------------------------------------------------------------------


 NSTEP =    18100   TIME(PS) =    2569.825  TEMP(K) =   298.62  PRESS =     0.0
 Etot   =   -234217.5600  EKtot   =     54838.9339  EPtot      =   -289056.4939
 BOND   =      1141.2630  ANGLE   =      2962.0023  DIHED      =      2289.9138
 1-4 NB =      1313.6857  1-4 EEL =     15098.2145  VDWAALS    =     36894.8206
 EELEC  =   -348756.3938  EHBOND  =         0.0000  RESTRAINT  =         0.0000
 Ewald error estimate:   0.1589E-04
 ------------------------------------------------------------------------------


 NSTEP =    18200   TIME(PS) =    2569.975  TEMP(K) =   298.86  PRESS =     0.0
 Etot   =   -234219.9878  EKtot   =     54883.3257  EPtot      =   -289103.3135
 BOND   =      1126.8843  ANGLE   =      2921.0791  DIHED      =      2243.9628
 1-4 NB =      1299.0038  1-4 EEL =     15102.0946  VDWAALS    =     36754.0835
 EELEC  =   -348550.4217  EHBOND  =         0.0000  RESTRAINT  =         0.0000
 Ewald error estimate:   0.2765E-04
 ------------------------------------------------------------------------------

check COM velocity, temp:        0.000000     0.00(Removed)

 NSTEP =    18300   TIME(PS) =    2570.125  TEMP(K) =   298.94  PRESS =     0.0
 Etot   =   -234218.5945  EKtot   =     54897.6356  EPtot      =   -289116.2301
 BOND   =      1156.3523  ANGLE   =      2930.8396  DIHED      =      2261.5530
 1-4 NB =      1312.4611  1-4 EEL =     15113.8933  VDWAALS    =     36668.5971
 EELEC  =   -348559.9265  EHBOND  =         0.0000  RESTRAINT  =         0.0000
 Ewald error estimate:   0.8680E-05
 ------------------------------------------------------------------------------


 NSTEP =    18400   TIME(PS) =    2570.275  TEMP(K) =   298.68  PRESS =     0.0
 Etot   =   -234220.3755  EKtot   =     54849.6391  EPtot      =   -289070.0146
 BOND   =      1111.6637  ANGLE   =      2931.4282  DIHED      =      2271.2387
 1-4 NB =      1310.3087  1-4 EEL =     15108.9784  VDWAALS    =     36456.8496
 EELEC  =   -348260.4819  EHBOND  =         0.0000  RESTRAINT  =         0.0000
 Ewald error estimate:   0.6430E-04
 ------------------------------------------------------------------------------

check COM velocity, temp:        0.000000     0.00(Removed)

 NSTEP =    18500   TIME(PS) =    2570.425  TEMP(K) =   298.43  PRESS =     0.0
 Etot   =   -234219.7379  EKtot   =     54803.8666  EPtot      =   -289023.6044
 BOND   =      1101.6004  ANGLE   =      2899.4605  DIHED      =      2251.1593
 1-4 NB =      1332.1014  1-4 EEL =     15098.5640  VDWAALS    =     36878.2368
 EELEC  =   -348584.7268  EHBOND  =         0.0000  RESTRAINT  =         0.0000
 Ewald error estimate:   0.6672E-04
 ------------------------------------------------------------------------------


 NSTEP =    18600   TIME(PS) =    2570.575  TEMP(K) =   299.68  PRESS =     0.0
 Etot   =   -234221.3091  EKtot   =     55033.4338  EPtot      =   -289254.7429
 BOND   =      1101.2505  ANGLE   =      2897.7129  DIHED      =      2253.8189
 1-4 NB =      1326.8971  1-4 EEL =     15118.9977  VDWAALS    =     36777.2148
 EELEC  =   -348730.6349  EHBOND  =         0.0000  RESTRAINT  =         0.0000
 Ewald error estimate:   0.2101E-04
 ------------------------------------------------------------------------------


 NSTEP =    18700   TIME(PS) =    2570.725  TEMP(K) =   298.46  PRESS =     0.0
 Etot   =   -234219.5918  EKtot   =     54809.3261  EPtot      =   -289028.9179
 BOND   =      1166.7578  ANGLE   =      2896.0819  DIHED      =      2217.3309
 1-4 NB =      1323.6373  1-4 EEL =     15117.5669  VDWAALS    =     36575.7881
 EELEC  =   -348326.0809  EHBOND  =         0.0000  RESTRAINT  =         0.0000
 Ewald error estimate:   0.4621E-04
 ------------------------------------------------------------------------------

check COM velocity, temp:        0.000000     0.00(Removed)

 NSTEP =    18800   TIME(PS) =    2570.875  TEMP(K) =   298.76  PRESS =     0.0
 Etot   =   -234222.6541  EKtot   =     54865.2291  EPtot      =   -289087.8832
 BOND   =      1113.3222  ANGLE   =      2873.2141  DIHED      =      2211.1963
 1-4 NB =      1320.4140  1-4 EEL =     15141.9499  VDWAALS    =     36567.3584
 EELEC  =   -348315.3382  EHBOND  =         0.0000  RESTRAINT  =         0.0000
 Ewald error estimate:   0.4709E-05
 ------------------------------------------------------------------------------


 NSTEP =    18900   TIME(PS) =    2571.025  TEMP(K) =   297.34  PRESS =     0.0
 Etot   =   -234220.3109  EKtot   =     54603.6884  EPtot      =   -288823.9993
 BOND   =      1115.1749  ANGLE   =      2963.5042  DIHED      =      2247.8781
 1-4 NB =      1313.6605  1-4 EEL =     15110.3633  VDWAALS    =     36959.8755
 EELEC  =   -348534.4557  EHBOND  =         0.0000  RESTRAINT  =         0.0000
 Ewald error estimate:   0.5041E-05
 ------------------------------------------------------------------------------

check COM velocity, temp:        0.000000     0.00(Removed)

 NSTEP =    19000   TIME(PS) =    2571.175  TEMP(K) =   298.33  PRESS =     0.0
 Etot   =   -234221.2541  EKtot   =     54785.2674  EPtot      =   -289006.5215
 BOND   =      1137.5535  ANGLE   =      2959.6709  DIHED      =      2242.5221
 1-4 NB =      1316.7882  1-4 EEL =     15089.8889  VDWAALS    =     36472.1221
 EELEC  =   -348225.0673  EHBOND  =         0.0000  RESTRAINT  =         0.0000
 Ewald error estimate:   0.1748E-04
 ------------------------------------------------------------------------------


 NSTEP =    19100   TIME(PS) =    2571.325  TEMP(K) =   300.09  PRESS =     0.0
 Etot   =   -234220.5084  EKtot   =     55108.3263  EPtot      =   -289328.8347
 BOND   =      1109.5707  ANGLE   =      2939.0097  DIHED      =      2231.6917
 1-4 NB =      1326.8731  1-4 EEL =     15063.8085  VDWAALS    =     36428.0701
 EELEC  =   -348427.8586  EHBOND  =         0.0000  RESTRAINT  =         0.0000
 Ewald error estimate:   0.1997E-05
 ------------------------------------------------------------------------------


 NSTEP =    19200   TIME(PS) =    2571.475  TEMP(K) =   299.33  PRESS =     0.0
 Etot   =   -234221.6774  EKtot   =     54968.8392  EPtot      =   -289190.5167
 BOND   =      1118.9569  ANGLE   =      2928.3860  DIHED      =      2243.3192
 1-4 NB =      1314.0771  1-4 EEL =     15156.4727  VDWAALS    =     36788.1300
 EELEC  =   -348739.8584  EHBOND  =         0.0000  RESTRAINT  =         0.0000
 Ewald error estimate:   0.8725E-05
 ------------------------------------------------------------------------------

check COM velocity, temp:        0.000000     0.00(Removed)

 NSTEP =    19300   TIME(PS) =    2571.625  TEMP(K) =   297.83  PRESS =     0.0
 Etot   =   -234221.2986  EKtot   =     54693.8745  EPtot      =   -288915.1730
 BOND   =      1049.9701  ANGLE   =      2907.4607  DIHED      =      2252.6239
 1-4 NB =      1350.1442  1-4 EEL =     15148.3172  VDWAALS    =     36366.3099
 EELEC  =   -347989.9990  EHBOND  =         0.0000  RESTRAINT  =         0.0000
 Ewald error estimate:   0.6792E-04
 ------------------------------------------------------------------------------


 NSTEP =    19400   TIME(PS) =    2571.775  TEMP(K) =   297.65  PRESS =     0.0
 Etot   =   -234219.6338  EKtot   =     54660.2289  EPtot      =   -288879.8627
 BOND   =      1091.6962  ANGLE   =      2927.3025  DIHED      =      2229.3629
 1-4 NB =      1334.9842  1-4 EEL =     15153.5579  VDWAALS    =     36313.5701
 EELEC  =   -347930.3364  EHBOND  =         0.0000  RESTRAINT  =         0.0000
 Ewald error estimate:   0.3959E-04
 ------------------------------------------------------------------------------

check COM velocity, temp:        0.000000     0.00(Removed)

 NSTEP =    19500   TIME(PS) =    2571.925  TEMP(K) =   297.84  PRESS =     0.0
 Etot   =   -234219.1114  EKtot   =     54694.6225  EPtot      =   -288913.7339
 BOND   =      1156.5388  ANGLE   =      2840.9473  DIHED      =      2239.9173
 1-4 NB =      1309.4299  1-4 EEL =     15091.5670  VDWAALS    =     36484.1627
 EELEC  =   -348036.2969  EHBOND  =         0.0000  RESTRAINT  =         0.0000
 Ewald error estimate:   0.4362E-04
 ------------------------------------------------------------------------------


 NSTEP =    19600   TIME(PS) =    2572.075  TEMP(K) =   300.01  PRESS =     0.0
 Etot   =   -234218.7792  EKtot   =     55093.6377  EPtot      =   -289312.4169
 BOND   =      1141.7929  ANGLE   =      2921.3626  DIHED      =      2253.4843
 1-4 NB =      1308.1268  1-4 EEL =     15082.4058  VDWAALS    =     37193.3639
 EELEC  =   -349212.9532  EHBOND  =         0.0000  RESTRAINT  =         0.0000
 Ewald error estimate:   0.6366E-04
 ------------------------------------------------------------------------------


 NSTEP =    19700   TIME(PS) =    2572.225  TEMP(K) =   299.99  PRESS =     0.0
 Etot   =   -234222.1329  EKtot   =     55090.0193  EPtot      =   -289312.1523
 BOND   =      1108.3905  ANGLE   =      2920.1306  DIHED      =      2226.6600
 1-4 NB =      1307.2024  1-4 EEL =     15009.0719  VDWAALS    =     36417.3071
 EELEC  =   -348300.9148  EHBOND  =         0.0000  RESTRAINT  =         0.0000
 Ewald error estimate:   0.3105E-05
 ------------------------------------------------------------------------------

check COM velocity, temp:        0.000000     0.00(Removed)

 NSTEP =    19800   TIME(PS) =    2572.375  TEMP(K) =   299.00  PRESS =     0.0
 Etot   =   -234219.5829  EKtot   =     54909.3293  EPtot      =   -289128.9122
 BOND   =      1151.6894  ANGLE   =      2932.7735  DIHED      =      2252.2839
 1-4 NB =      1320.8497  1-4 EEL =     15078.7682  VDWAALS    =     36592.8467
 EELEC  =   -348458.1236  EHBOND  =         0.0000  RESTRAINT  =         0.0000
 Ewald error estimate:   0.1051E-04
 ------------------------------------------------------------------------------


 NSTEP =    19900   TIME(PS) =    2572.525  TEMP(K) =   298.69  PRESS =     0.0
 Etot   =   -234219.8484  EKtot   =     54851.8769  EPtot      =   -289071.7252
 BOND   =      1102.2804  ANGLE   =      2915.3426  DIHED      =      2276.3506
 1-4 NB =      1335.4499  1-4 EEL =     15097.6565  VDWAALS    =     36849.3809
 EELEC  =   -348648.1861  EHBOND  =         0.0000  RESTRAINT  =         0.0000
 Ewald error estimate:   0.7079E-04
 ------------------------------------------------------------------------------

check COM velocity, temp:        0.000000     0.00(Removed)

 NSTEP =    20000   TIME(PS) =    2572.675  TEMP(K) =   299.13  PRESS =     0.0
 Etot   =   -234221.2077  EKtot   =     54932.2625  EPtot      =   -289153.4702
 BOND   =      1093.9667  ANGLE   =      2902.8580  DIHED      =      2240.4015
 1-4 NB =      1308.7700  1-4 EEL =     15045.5531  VDWAALS    =     36436.2684
 EELEC  =   -348181.2879  EHBOND  =         0.0000  RESTRAINT  =         0.0000
 Ewald error estimate:   0.5320E-04
 ------------------------------------------------------------------------------


 NSTEP =    20100   TIME(PS) =    2572.825  TEMP(K) =   297.94  PRESS =     0.0
 Etot   =   -234219.6262  EKtot   =     54713.2356  EPtot      =   -288932.8618
 BOND   =      1092.0567  ANGLE   =      2893.9007  DIHED      =      2228.4593
 1-4 NB =      1303.2373  1-4 EEL =     15101.2653  VDWAALS    =     36733.3594
 EELEC  =   -348285.1405  EHBOND  =         0.0000  RESTRAINT  =         0.0000
 Ewald error estimate:   0.1647E-04
 ------------------------------------------------------------------------------


 NSTEP =    20200   TIME(PS) =    2572.975  TEMP(K) =   298.33  PRESS =     0.0
 Etot   =   -234218.4946  EKtot   =     54786.0914  EPtot      =   -289004.5860
 BOND   =      1116.6126  ANGLE   =      2934.5584  DIHED      =      2246.4038
 1-4 NB =      1311.0147  1-4 EEL =     15125.5449  VDWAALS    =     36430.3410
 EELEC  =   -348169.0614  EHBOND  =         0.0000  RESTRAINT  =         0.0000
 Ewald error estimate:   0.3830E-04
 ------------------------------------------------------------------------------

check COM velocity, temp:        0.000000     0.00(Removed)

 NSTEP =    20300   TIME(PS) =    2573.125  TEMP(K) =   298.63  PRESS =     0.0
 Etot   =   -234219.5017  EKtot   =     54840.5296  EPtot      =   -289060.0312
 BOND   =      1073.5885  ANGLE   =      2936.6653  DIHED      =      2239.8021
 1-4 NB =      1296.6621  1-4 EEL =     15132.5953  VDWAALS    =     37084.7901
 EELEC  =   -348824.1347  EHBOND  =         0.0000  RESTRAINT  =         0.0000
 Ewald error estimate:   0.4631E-04
 ------------------------------------------------------------------------------


 NSTEP =    20400   TIME(PS) =    2573.275  TEMP(K) =   299.77  PRESS =     0.0
 Etot   =   -234221.7865  EKtot   =     55049.9299  EPtot      =   -289271.7164
 BOND   =      1078.9324  ANGLE   =      2965.8345  DIHED      =      2278.4830
 1-4 NB =      1300.1614  1-4 EEL =     15036.7668  VDWAALS    =     36916.9238
 EELEC  =   -348848.8182  EHBOND  =         0.0000  RESTRAINT  =         0.0000
 Ewald error estimate:   0.8739E-05
 ------------------------------------------------------------------------------

check COM velocity, temp:        0.000000     0.00(Removed)

 NSTEP =    20500   TIME(PS) =    2573.425  TEMP(K) =   298.54  PRESS =     0.0
 Etot   =   -234220.4131  EKtot   =     54823.6888  EPtot      =   -289044.1019
 BOND   =      1072.5081  ANGLE   =      2954.8153  DIHED      =      2259.5845
 1-4 NB =      1325.2213  1-4 EEL =     15159.0002  VDWAALS    =     36724.8932
 EELEC  =   -348540.1247  EHBOND  =         0.0000  RESTRAINT  =         0.0000
 Ewald error estimate:   0.1297E-04
 ------------------------------------------------------------------------------


 NSTEP =    20600   TIME(PS) =    2573.575  TEMP(K) =   298.66  PRESS =     0.0
 Etot   =   -234220.4416  EKtot   =     54845.6585  EPtot      =   -289066.1002
 BOND   =      1067.3014  ANGLE   =      2965.3456  DIHED      =      2286.7489
 1-4 NB =      1319.2184  1-4 EEL =     15127.7386  VDWAALS    =     36601.3080
 EELEC  =   -348433.7611  EHBOND  =         0.0000  RESTRAINT  =         0.0000
 Ewald error estimate:   0.5066E-04
 ------------------------------------------------------------------------------


 NSTEP =    20700   TIME(PS) =    2573.725  TEMP(K) =   298.35  PRESS =     0.0
 Etot   =   -234222.5222  EKtot   =     54788.6809  EPtot      =   -289011.2031
 BOND   =      1068.8658  ANGLE   =      2901.7945  DIHED      =      2294.6071
 1-4 NB =      1317.3748  1-4 EEL =     15209.1139  VDWAALS    =     36722.8257
 EELEC  =   -348525.7849  EHBOND  =         0.0000  RESTRAINT  =         0.0000
 Ewald error estimate:   0.3471E-04
 ------------------------------------------------------------------------------

check COM velocity, temp:        0.000000     0.00(Removed)

 NSTEP =    20800   TIME(PS) =    2573.875  TEMP(K) =   298.02  PRESS =     0.0
 Etot   =   -234220.8180  EKtot   =     54728.9049  EPtot      =   -288949.7230
 BOND   =      1140.4690  ANGLE   =      2946.7677  DIHED      =      2296.8238
 1-4 NB =      1321.8365  1-4 EEL =     15069.3912  VDWAALS    =     36672.1082
 EELEC  =   -348397.1195  EHBOND  =         0.0000  RESTRAINT  =         0.0000
 Ewald error estimate:   0.5961E-04
 ------------------------------------------------------------------------------


 NSTEP =    20900   TIME(PS) =    2574.025  TEMP(K) =   299.14  PRESS =     0.0
 Etot   =   -234218.8313  EKtot   =     54933.6422  EPtot      =   -289152.4735
 BOND   =      1140.1752  ANGLE   =      2899.9438  DIHED      =      2229.7730
 1-4 NB =      1315.4322  1-4 EEL =     15143.4599  VDWAALS    =     37020.1115
 EELEC  =   -348901.3690  EHBOND  =         0.0000  RESTRAINT  =         0.0000
 Ewald error estimate:   0.1055E-03
 ------------------------------------------------------------------------------

check COM velocity, temp:        0.000000     0.00(Removed)

 NSTEP =    21000   TIME(PS) =    2574.175  TEMP(K) =   299.28  PRESS =     0.0
 Etot   =   -234221.3979  EKtot   =     54959.7424  EPtot      =   -289181.1403
 BOND   =      1119.1656  ANGLE   =      2920.0269  DIHED      =      2267.1932
 1-4 NB =      1314.5871  1-4 EEL =     15120.5241  VDWAALS    =     36586.3531
 EELEC  =   -348508.9903  EHBOND  =         0.0000  RESTRAINT  =         0.0000
 Ewald error estimate:   0.7626E-04
 ------------------------------------------------------------------------------


 NSTEP =    21100   TIME(PS) =    2574.325  TEMP(K) =   297.69  PRESS =     0.0
 Etot   =   -234218.1823  EKtot   =     54667.9058  EPtot      =   -288886.0881
 BOND   =      1117.6763  ANGLE   =      2902.3326  DIHED      =      2257.3071
 1-4 NB =      1339.9839  1-4 EEL =     15083.2822  VDWAALS    =     36641.3366
 EELEC  =   -348228.0068  EHBOND  =         0.0000  RESTRAINT  =         0.0000
 Ewald error estimate:   0.1100E-04
 ------------------------------------------------------------------------------


 NSTEP =    21200   TIME(PS) =    2574.475  TEMP(K) =   298.85  PRESS =     0.0
 Etot   =   -234220.5662  EKtot   =     54881.6152  EPtot      =   -289102.1815
 BOND   =      1099.2091  ANGLE   =      2906.0966  DIHED      =      2242.7626
 1-4 NB =      1321.4459  1-4 EEL =     15177.3574  VDWAALS    =     36566.6517
 EELEC  =   -348415.7048  EHBOND  =         0.0000  RESTRAINT  =         0.0000
 Ewald error estimate:   0.9579E-05
 ------------------------------------------------------------------------------

check COM velocity, temp:        0.000000     0.00(Removed)

 NSTEP =    21300   TIME(PS) =    2574.625  TEMP(K) =   298.06  PRESS =     0.0
 Etot   =   -234219.8882  EKtot   =     54736.1929  EPtot      =   -288956.0811
 BOND   =      1109.1546  ANGLE   =      2913.6600  DIHED      =      2260.5783
 1-4 NB =      1297.9818  1-4 EEL =     15074.6591  VDWAALS    =     36576.2384
 EELEC  =   -348188.3534  EHBOND  =         0.0000  RESTRAINT  =         0.0000
 Ewald error estimate:   0.1609E-04
 ------------------------------------------------------------------------------


 NSTEP =    21400   TIME(PS) =    2574.775  TEMP(K) =   298.73  PRESS =     0.0
 Etot   =   -234220.4996  EKtot   =     54859.8001  EPtot      =   -289080.2997
 BOND   =      1132.5958  ANGLE   =      2929.4670  DIHED      =      2265.1106
 1-4 NB =      1299.6183  1-4 EEL =     15056.6557  VDWAALS    =     36430.2408
 EELEC  =   -348193.9879  EHBOND  =         0.0000  RESTRAINT  =         0.0000
 Ewald error estimate:   0.2124E-04
 ------------------------------------------------------------------------------

check COM velocity, temp:        0.000000     0.00(Removed)

 NSTEP =    21500   TIME(PS) =    2574.925  TEMP(K) =   299.31  PRESS =     0.0
 Etot   =   -234219.7492  EKtot   =     54965.4812  EPtot      =   -289185.2304
 BOND   =      1084.7773  ANGLE   =      2948.2395  DIHED      =      2229.4402
 1-4 NB =      1328.7218  1-4 EEL =     15083.5132  VDWAALS    =     36712.7726
 EELEC  =   -348572.6950  EHBOND  =         0.0000  RESTRAINT  =         0.0000
 Ewald error estimate:   0.3679E-04
 ------------------------------------------------------------------------------


 NSTEP =    21600   TIME(PS) =    2575.075  TEMP(K) =   298.60  PRESS =     0.0
 Etot   =   -234219.6551  EKtot   =     54834.1411  EPtot      =   -289053.7961
 BOND   =      1150.3889  ANGLE   =      2876.4772  DIHED      =      2259.9163
 1-4 NB =      1329.8638  1-4 EEL =     15131.1405  VDWAALS    =     36347.0598
 EELEC  =   -348148.6428  EHBOND  =         0.0000  RESTRAINT  =         0.0000
 Ewald error estimate:   0.5956E-04
 ------------------------------------------------------------------------------


 NSTEP =    21700   TIME(PS) =    2575.225  TEMP(K) =   297.44  PRESS =     0.0
 Etot   =   -234220.6204  EKtot   =     54622.2170  EPtot      =   -288842.8374
 BOND   =      1074.5784  ANGLE   =      2890.1745  DIHED      =      2283.4124
 1-4 NB =      1307.6503  1-4 EEL =     15129.1953  VDWAALS    =     36609.4815
 EELEC  =   -348137.3299  EHBOND  =         0.0000  RESTRAINT  =         0.0000
 Ewald error estimate:   0.1399E-04
 ------------------------------------------------------------------------------

check COM velocity, temp:        0.000000     0.00(Removed)

 NSTEP =    21800   TIME(PS) =    2575.375  TEMP(K) =   298.63  PRESS =     0.0
 Etot   =   -234218.9990  EKtot   =     54840.2552  EPtot      =   -289059.2542
 BOND   =      1130.6053  ANGLE   =      2915.3990  DIHED      =      2223.7108
 1-4 NB =      1323.8385  1-4 EEL =     15160.5764  VDWAALS    =     36782.0189
 EELEC  =   -348595.4030  EHBOND  =         0.0000  RESTRAINT  =         0.0000
 Ewald error estimate:   0.8587E-05
 ------------------------------------------------------------------------------


 NSTEP =    21900   TIME(PS) =    2575.525  TEMP(K) =   297.08  PRESS =     0.0
 Etot   =   -234216.9869  EKtot   =     54556.3231  EPtot      =   -288773.3100
 BOND   =      1111.0418  ANGLE   =      2896.1265  DIHED      =      2285.3873
 1-4 NB =      1290.6779  1-4 EEL =     15181.7439  VDWAALS    =     36704.4339
 EELEC  =   -348242.7213  EHBOND  =         0.0000  RESTRAINT  =         0.0000
 Ewald error estimate:   0.3337E-04
 ------------------------------------------------------------------------------

check COM velocity, temp:        0.000000     0.00(Removed)

 NSTEP =    22000   TIME(PS) =    2575.675  TEMP(K) =   296.72  PRESS =     0.0
 Etot   =   -234219.6611  EKtot   =     54489.9803  EPtot      =   -288709.6414
 BOND   =      1100.3905  ANGLE   =      2903.5230  DIHED      =      2241.2119
 1-4 NB =      1305.6201  1-4 EEL =     15071.6511  VDWAALS    =     36406.8814
 EELEC  =   -347738.9194  EHBOND  =         0.0000  RESTRAINT  =         0.0000
 Ewald error estimate:   0.2248E-04
 ------------------------------------------------------------------------------


 NSTEP =    22100   TIME(PS) =    2575.825  TEMP(K) =   298.39  PRESS =     0.0
 Etot   =   -234220.1328  EKtot   =     54795.6869  EPtot      =   -289015.8197
 BOND   =      1123.6135  ANGLE   =      2895.7568  DIHED      =      2214.2118
 1-4 NB =      1329.9436  1-4 EEL =     15091.1252  VDWAALS    =     36597.6652
 EELEC  =   -348268.1358  EHBOND  =         0.0000  RESTRAINT  =         0.0000
 Ewald error estimate:   0.1083E-05
 ------------------------------------------------------------------------------


 NSTEP =    22200   TIME(PS) =    2575.975  TEMP(K) =   298.06  PRESS =     0.0
 Etot   =   -234217.1412  EKtot   =     54735.5223  EPtot      =   -288952.6635
 BOND   =      1111.9178  ANGLE   =      2945.7526  DIHED      =      2229.6045
 1-4 NB =      1300.7476  1-4 EEL =     15091.7223  VDWAALS    =     36525.9480
 EELEC  =   -348158.3563  EHBOND  =         0.0000  RESTRAINT  =         0.0000
 Ewald error estimate:   0.1090E-04
 ------------------------------------------------------------------------------

check COM velocity, temp:        0.000000     0.00(Removed)

 NSTEP =    22300   TIME(PS) =    2576.125  TEMP(K) =   298.69  PRESS =     0.0
 Etot   =   -234217.9932  EKtot   =     54850.8300  EPtot      =   -289068.8232
 BOND   =      1100.8834  ANGLE   =      2962.5593  DIHED      =      2221.9472
 1-4 NB =      1304.7888  1-4 EEL =     15074.8733  VDWAALS    =     36552.0210
 EELEC  =   -348285.8963  EHBOND  =         0.0000  RESTRAINT  =         0.0000
 Ewald error estimate:   0.1806E-04
 ------------------------------------------------------------------------------


 NSTEP =    22400   TIME(PS) =    2576.275  TEMP(K) =   296.70  PRESS =     0.0
 Etot   =   -234216.2850  EKtot   =     54486.6645  EPtot      =   -288702.9495
 BOND   =      1112.3630  ANGLE   =      2925.2374  DIHED      =      2257.4409
 1-4 NB =      1287.9821  1-4 EEL =     15098.6075  VDWAALS    =     36321.0506
 EELEC  =   -347705.6311  EHBOND  =         0.0000  RESTRAINT  =         0.0000
 Ewald error estimate:   0.7985E-05
 ------------------------------------------------------------------------------

check COM velocity, temp:        0.000000     0.00(Removed)

 NSTEP =    22500   TIME(PS) =    2576.425  TEMP(K) =   296.83  PRESS =     0.0
 Etot   =   -234217.1786  EKtot   =     54509.7609  EPtot      =   -288726.9395
 BOND   =      1114.8531  ANGLE   =      2981.0887  DIHED      =      2240.6942
 1-4 NB =      1331.8800  1-4 EEL =     15064.5156  VDWAALS    =     36685.5279
 EELEC  =   -348145.4989  EHBOND  =         0.0000  RESTRAINT  =         0.0000
 Ewald error estimate:   0.1011E-04
 ------------------------------------------------------------------------------


 NSTEP =    22600   TIME(PS) =    2576.575  TEMP(K) =   298.21  PRESS =     0.0
 Etot   =   -234219.0121  EKtot   =     54763.2217  EPtot      =   -288982.2339
 BOND   =      1124.1795  ANGLE   =      2947.5356  DIHED      =      2246.7570
 1-4 NB =      1316.9192  1-4 EEL =     15051.8357  VDWAALS    =     37089.0274
 EELEC  =   -348758.4883  EHBOND  =         0.0000  RESTRAINT  =         0.0000
 Ewald error estimate:   0.4702E-04
 ------------------------------------------------------------------------------


 NSTEP =    22700   TIME(PS) =    2576.725  TEMP(K) =   298.44  PRESS =     0.0
 Etot   =   -234220.5212  EKtot   =     54806.5105  EPtot      =   -289027.0317
 BOND   =      1121.3221  ANGLE   =      2920.3244  DIHED      =      2262.7652
 1-4 NB =      1314.1750  1-4 EEL =     15078.6820  VDWAALS    =     36744.3347
 EELEC  =   -348468.6352  EHBOND  =         0.0000  RESTRAINT  =         0.0000
 Ewald error estimate:   0.6497E-04
 ------------------------------------------------------------------------------

check COM velocity, temp:        0.000000     0.00(Removed)

 NSTEP =    22800   TIME(PS) =    2576.875  TEMP(K) =   297.28  PRESS =     0.0
 Etot   =   -234220.9104  EKtot   =     54593.0919  EPtot      =   -288814.0023
 BOND   =      1114.4681  ANGLE   =      2810.4956  DIHED      =      2294.2498
 1-4 NB =      1342.3030  1-4 EEL =     15182.5428  VDWAALS    =     36890.1395
 EELEC  =   -348448.2012  EHBOND  =         0.0000  RESTRAINT  =         0.0000
 Ewald error estimate:   0.1169E-04
 ------------------------------------------------------------------------------


 NSTEP =    22900   TIME(PS) =    2577.025  TEMP(K) =   298.21  PRESS =     0.0
 Etot   =   -234217.3629  EKtot   =     54764.2845  EPtot      =   -288981.6473
 BOND   =      1103.3250  ANGLE   =      2933.8931  DIHED      =      2258.2830
 1-4 NB =      1329.2236  1-4 EEL =     15104.5851  VDWAALS    =     36626.0974
 EELEC  =   -348337.0546  EHBOND  =         0.0000  RESTRAINT  =         0.0000
 Ewald error estimate:   0.4442E-05
 ------------------------------------------------------------------------------

check COM velocity, temp:        0.000000     0.00(Removed)

 NSTEP =    23000   TIME(PS) =    2577.175  TEMP(K) =   297.62  PRESS =     0.0
 Etot   =   -234217.6691  EKtot   =     54654.2246  EPtot      =   -288871.8937
 BOND   =      1086.2342  ANGLE   =      2925.8338  DIHED      =      2264.6799
 1-4 NB =      1311.9336  1-4 EEL =     15060.1895  VDWAALS    =     36571.5996
 EELEC  =   -348092.3642  EHBOND  =         0.0000  RESTRAINT  =         0.0000
 Ewald error estimate:   0.6410E-05
 ------------------------------------------------------------------------------


 NSTEP =    23100   TIME(PS) =    2577.325  TEMP(K) =   298.17  PRESS =     0.0
 Etot   =   -234219.0194  EKtot   =     54756.3657  EPtot      =   -288975.3851
 BOND   =      1074.1389  ANGLE   =      2962.2527  DIHED      =      2259.3755
 1-4 NB =      1315.8754  1-4 EEL =     15025.4792  VDWAALS    =     37004.5509
 EELEC  =   -348617.0578  EHBOND  =         0.0000  RESTRAINT  =         0.0000
 Ewald error estimate:   0.2259E-04
 ------------------------------------------------------------------------------


 NSTEP =    23200   TIME(PS) =    2577.475  TEMP(K) =   298.05  PRESS =     0.0
 Etot   =   -234216.0000  EKtot   =     54733.1724  EPtot      =   -288949.1724
 BOND   =      1150.4566  ANGLE   =      2965.9025  DIHED      =      2233.0310
 1-4 NB =      1314.4581  1-4 EEL =     15054.8505  VDWAALS    =     36581.9935
 EELEC  =   -348249.8646  EHBOND  =         0.0000  RESTRAINT  =         0.0000
 Ewald error estimate:   0.3676E-04
 ------------------------------------------------------------------------------

check COM velocity, temp:        0.000000     0.00(Removed)

 NSTEP =    23300   TIME(PS) =    2577.625  TEMP(K) =   298.94  PRESS =     0.0
 Etot   =   -234218.1104  EKtot   =     54896.9475  EPtot      =   -289115.0578
 BOND   =      1063.4573  ANGLE   =      2972.7828  DIHED      =      2254.4918
 1-4 NB =      1326.1597  1-4 EEL =     15122.4469  VDWAALS    =     36613.0443
 EELEC  =   -348467.4406  EHBOND  =         0.0000  RESTRAINT  =         0.0000
 Ewald error estimate:   0.6332E-04
 ------------------------------------------------------------------------------


 NSTEP =    23400   TIME(PS) =    2577.775  TEMP(K) =   296.69  PRESS =     0.0
 Etot   =   -234217.5010  EKtot   =     54484.8457  EPtot      =   -288702.3468
 BOND   =      1121.8860  ANGLE   =      2948.3912  DIHED      =      2238.0694
 1-4 NB =      1322.6006  1-4 EEL =     15135.1487  VDWAALS    =     36339.0688
 EELEC  =   -347807.5116  EHBOND  =         0.0000  RESTRAINT  =         0.0000
 Ewald error estimate:   0.4222E-04
 ------------------------------------------------------------------------------

check COM velocity, temp:        0.000000     0.00(Removed)

 NSTEP =    23500   TIME(PS) =    2577.925  TEMP(K) =   298.58  PRESS =     0.0
 Etot   =   -234221.9468  EKtot   =     54830.8309  EPtot      =   -289052.7777
 BOND   =      1034.6966  ANGLE   =      3014.6645  DIHED      =      2251.4141
 1-4 NB =      1326.4956  1-4 EEL =     15091.9196  VDWAALS    =     36454.1303
 EELEC  =   -348226.0984  EHBOND  =         0.0000  RESTRAINT  =         0.0000
 Ewald error estimate:   0.6912E-04
 ------------------------------------------------------------------------------


 NSTEP =    23600   TIME(PS) =    2578.075  TEMP(K) =   298.20  PRESS =     0.0
 Etot   =   -234217.1681  EKtot   =     54761.6283  EPtot      =   -288978.7965
 BOND   =      1148.6195  ANGLE   =      3057.1745  DIHED      =      2265.0711
 1-4 NB =      1285.9619  1-4 EEL =     14970.7222  VDWAALS    =     36758.9493
 EELEC  =   -348465.2950  EHBOND  =         0.0000  RESTRAINT  =         0.0000
 Ewald error estimate:   0.5476E-04
 ------------------------------------------------------------------------------


 NSTEP =    23700   TIME(PS) =    2578.225  TEMP(K) =   298.76  PRESS =     0.0
 Etot   =   -234221.0292  EKtot   =     54864.4557  EPtot      =   -289085.4849
 BOND   =      1103.5830  ANGLE   =      2984.1869  DIHED      =      2256.8380
 1-4 NB =      1281.7604  1-4 EEL =     15063.0036  VDWAALS    =     36807.9927
 EELEC  =   -348582.8496  EHBOND  =         0.0000  RESTRAINT  =         0.0000
 Ewald error estimate:   0.1297E-04
 ------------------------------------------------------------------------------

check COM velocity, temp:        0.000000     0.00(Removed)

 NSTEP =    23800   TIME(PS) =    2578.375  TEMP(K) =   297.91  PRESS =     0.0
 Etot   =   -234217.7693  EKtot   =     54707.4699  EPtot      =   -288925.2392
 BOND   =      1104.6354  ANGLE   =      2959.9445  DIHED      =      2262.1783
 1-4 NB =      1316.1034  1-4 EEL =     15127.4336  VDWAALS    =     36477.8850
 EELEC  =   -348173.4193  EHBOND  =         0.0000  RESTRAINT  =         0.0000
 Ewald error estimate:   0.6586E-04
 ------------------------------------------------------------------------------


 NSTEP =    23900   TIME(PS) =    2578.525  TEMP(K) =   298.71  PRESS =     0.0
 Etot   =   -234219.4430  EKtot   =     54854.7906  EPtot      =   -289074.2336
 BOND   =      1124.8474  ANGLE   =      2935.1733  DIHED      =      2249.6654
 1-4 NB =      1299.6571  1-4 EEL =     15107.1355  VDWAALS    =     36684.6750
 EELEC  =   -348475.3873  EHBOND  =         0.0000  RESTRAINT  =         0.0000
 Ewald error estimate:   0.1987E-04
 ------------------------------------------------------------------------------

check COM velocity, temp:        0.000000     0.00(Removed)

 NSTEP =    24000   TIME(PS) =    2578.675  TEMP(K) =   297.65  PRESS =     0.0
 Etot   =   -234217.3892  EKtot   =     54661.1492  EPtot      =   -288878.5383
 BOND   =      1139.5410  ANGLE   =      2912.8099  DIHED      =      2239.1620
 1-4 NB =      1314.2339  1-4 EEL =     15121.5135  VDWAALS    =     36446.3752
 EELEC  =   -348052.1738  EHBOND  =         0.0000  RESTRAINT  =         0.0000
 Ewald error estimate:   0.4293E-04
 ------------------------------------------------------------------------------


 NSTEP =    24100   TIME(PS) =    2578.825  TEMP(K) =   298.99  PRESS =     0.0
 Etot   =   -234219.9063  EKtot   =     54906.5497  EPtot      =   -289126.4559
 BOND   =      1077.0308  ANGLE   =      2955.4790  DIHED      =      2296.8610
 1-4 NB =      1318.4899  1-4 EEL =     15065.3849  VDWAALS    =     36586.4656
 EELEC  =   -348426.1671  EHBOND  =         0.0000  RESTRAINT  =         0.0000
 Ewald error estimate:   0.3456E-04
 ------------------------------------------------------------------------------


 NSTEP =    24200   TIME(PS) =    2578.975  TEMP(K) =   299.17  PRESS =     0.0
 Etot   =   -234221.0938  EKtot   =     54939.2900  EPtot      =   -289160.3838
 BOND   =      1137.9776  ANGLE   =      2881.9585  DIHED      =      2279.0857
 1-4 NB =      1303.4150  1-4 EEL =     15126.7488  VDWAALS    =     37071.8820
 EELEC  =   -348961.4515  EHBOND  =         0.0000  RESTRAINT  =         0.0000
 Ewald error estimate:   0.4106E-04
 ------------------------------------------------------------------------------

check COM velocity, temp:        0.000000     0.00(Removed)

 NSTEP =    24300   TIME(PS) =    2579.125  TEMP(K) =   297.24  PRESS =     0.0
 Etot   =   -234218.2555  EKtot   =     54585.8008  EPtot      =   -288804.0563
 BOND   =      1076.4503  ANGLE   =      2969.8447  DIHED      =      2266.1635
 1-4 NB =      1322.5824  1-4 EEL =     15091.0067  VDWAALS    =     36948.7796
 EELEC  =   -348478.8834  EHBOND  =         0.0000  RESTRAINT  =         0.0000
 Ewald error estimate:   0.2138E-04
 ------------------------------------------------------------------------------


 NSTEP =    24400   TIME(PS) =    2579.275  TEMP(K) =   297.89  PRESS =     0.0
 Etot   =   -234220.0941  EKtot   =     54705.4293  EPtot      =   -288925.5234
 BOND   =      1118.8037  ANGLE   =      2997.9073  DIHED      =      2250.3691
 1-4 NB =      1315.0640  1-4 EEL =     15085.2250  VDWAALS    =     36779.4935
 EELEC  =   -348472.3859  EHBOND  =         0.0000  RESTRAINT  =         0.0000
 Ewald error estimate:   0.7899E-05
 ------------------------------------------------------------------------------

check COM velocity, temp:        0.000000     0.00(Removed)

 NSTEP =    24500   TIME(PS) =    2579.425  TEMP(K) =   299.71  PRESS =     0.0
 Etot   =   -234220.3597  EKtot   =     55038.6603  EPtot      =   -289259.0200
 BOND   =      1024.8106  ANGLE   =      3010.3284  DIHED      =      2221.8293
 1-4 NB =      1316.8804  1-4 EEL =     15153.5312  VDWAALS    =     36669.2914
 EELEC  =   -348655.6913  EHBOND  =         0.0000  RESTRAINT  =         0.0000
 Ewald error estimate:   0.3672E-04
 ------------------------------------------------------------------------------


 NSTEP =    24600   TIME(PS) =    2579.575  TEMP(K) =   298.69  PRESS =     0.0
 Etot   =   -234223.2833  EKtot   =     54851.1594  EPtot      =   -289074.4427
 BOND   =      1085.1944  ANGLE   =      2877.7541  DIHED      =      2219.7222
 1-4 NB =      1299.5608  1-4 EEL =     15118.1015  VDWAALS    =     36664.7604
 EELEC  =   -348339.5360  EHBOND  =         0.0000  RESTRAINT  =         0.0000
 Ewald error estimate:   0.1144E-04
 ------------------------------------------------------------------------------


 NSTEP =    24700   TIME(PS) =    2579.725  TEMP(K) =   297.89  PRESS =     0.0
 Etot   =   -234220.9198  EKtot   =     54704.2640  EPtot      =   -288925.1838
 BOND   =      1128.0200  ANGLE   =      2891.2155  DIHED      =      2246.1302
 1-4 NB =      1340.1041  1-4 EEL =     15191.1238  VDWAALS    =     36961.8278
 EELEC  =   -348683.6053  EHBOND  =         0.0000  RESTRAINT  =         0.0000
 Ewald error estimate:   0.7320E-05
 ------------------------------------------------------------------------------

check COM velocity, temp:        0.000000     0.00(Removed)

 NSTEP =    24800   TIME(PS) =    2579.875  TEMP(K) =   298.29  PRESS =     0.0
 Etot   =   -234221.2324  EKtot   =     54778.3452  EPtot      =   -288999.5776
 BOND   =      1070.3936  ANGLE   =      2906.6103  DIHED      =      2264.7196
 1-4 NB =      1306.1168  1-4 EEL =     15147.4797  VDWAALS    =     36551.3923
 EELEC  =   -348246.2900  EHBOND  =         0.0000  RESTRAINT  =         0.0000
 Ewald error estimate:   0.1509E-04
 ------------------------------------------------------------------------------


 NSTEP =    24900   TIME(PS) =    2580.025  TEMP(K) =   298.55  PRESS =     0.0
 Etot   =   -234218.6159  EKtot   =     54825.8650  EPtot      =   -289044.4808
 BOND   =      1099.6129  ANGLE   =      2933.7454  DIHED      =      2264.4800
 1-4 NB =      1335.4961  1-4 EEL =     15199.2772  VDWAALS    =     36600.5720
 EELEC  =   -348477.6645  EHBOND  =         0.0000  RESTRAINT  =         0.0000
 Ewald error estimate:   0.5463E-04
 ------------------------------------------------------------------------------

check COM velocity, temp:        0.000000     0.00(Removed)

 NSTEP =    25000   TIME(PS) =    2580.175  TEMP(K) =   298.90  PRESS =     0.0
 Etot   =   -234221.8156  EKtot   =     54890.4254  EPtot      =   -289112.2410
 BOND   =      1078.3217  ANGLE   =      2936.1202  DIHED      =      2219.0832
 1-4 NB =      1301.8315  1-4 EEL =     15087.8771  VDWAALS    =     36937.3522
 EELEC  =   -348672.8269  EHBOND  =         0.0000  RESTRAINT  =         0.0000
 Ewald error estimate:   0.3706E-07
 ------------------------------------------------------------------------------


 NSTEP =    25100   TIME(PS) =    2580.325  TEMP(K) =   298.21  PRESS =     0.0
 Etot   =   -234220.8723  EKtot   =     54763.1118  EPtot      =   -288983.9841
 BOND   =      1130.7166  ANGLE   =      2887.6080  DIHED      =      2261.7393
 1-4 NB =      1303.2747  1-4 EEL =     15102.8042  VDWAALS    =     36466.9317
 EELEC  =   -348137.0586  EHBOND  =         0.0000  RESTRAINT  =         0.0000
 Ewald error estimate:   0.5337E-04
 ------------------------------------------------------------------------------


 NSTEP =    25200   TIME(PS) =    2580.475  TEMP(K) =   298.47  PRESS =     0.0
 Etot   =   -234219.0459  EKtot   =     54811.9182  EPtot      =   -289030.9641
 BOND   =      1073.0477  ANGLE   =      2989.3169  DIHED      =      2269.8282
 1-4 NB =      1336.3631  1-4 EEL =     15070.4300  VDWAALS    =     36696.2967
 EELEC  =   -348466.2467  EHBOND  =         0.0000  RESTRAINT  =         0.0000
 Ewald error estimate:   0.5035E-04
 ------------------------------------------------------------------------------

check COM velocity, temp:        0.000000     0.00(Removed)

 NSTEP =    25300   TIME(PS) =    2580.625  TEMP(K) =   298.00  PRESS =     0.0
 Etot   =   -234222.1900  EKtot   =     54724.3113  EPtot      =   -288946.5013
 BOND   =      1093.6045  ANGLE   =      2933.8383  DIHED      =      2220.5299
 1-4 NB =      1324.0705  1-4 EEL =     15112.7881  VDWAALS    =     36546.8575
 EELEC  =   -348178.1901  EHBOND  =         0.0000  RESTRAINT  =         0.0000
 Ewald error estimate:   0.1575E-05
 ------------------------------------------------------------------------------


 NSTEP =    25400   TIME(PS) =    2580.775  TEMP(K) =   299.09  PRESS =     0.0
 Etot   =   -234222.4530  EKtot   =     54924.7005  EPtot      =   -289147.1535
 BOND   =      1092.2509  ANGLE   =      2882.6869  DIHED      =      2210.7283
 1-4 NB =      1327.0110  1-4 EEL =     15135.1618  VDWAALS    =     36734.2625
 EELEC  =   -348529.2549  EHBOND  =         0.0000  RESTRAINT  =         0.0000
 Ewald error estimate:   0.4610E-04
 ------------------------------------------------------------------------------

check COM velocity, temp:        0.000000     0.00(Removed)

 NSTEP =    25500   TIME(PS) =    2580.925  TEMP(K) =   298.76  PRESS =     0.0
 Etot   =   -234218.7275  EKtot   =     54864.6768  EPtot      =   -289083.4044
 BOND   =      1168.0855  ANGLE   =      2953.4045  DIHED      =      2231.7019
 1-4 NB =      1284.2959  1-4 EEL =     15080.6974  VDWAALS    =     36278.5535
 EELEC  =   -348080.1431  EHBOND  =         0.0000  RESTRAINT  =         0.0000
 Ewald error estimate:   0.9093E-04
 ------------------------------------------------------------------------------


 NSTEP =    25600   TIME(PS) =    2581.075  TEMP(K) =   298.85  PRESS =     0.0
 Etot   =   -234220.7272  EKtot   =     54881.3104  EPtot      =   -289102.0376
 BOND   =      1144.1704  ANGLE   =      2959.7757  DIHED      =      2209.2915
 1-4 NB =      1299.0041  1-4 EEL =     15073.0441  VDWAALS    =     36509.9495
 EELEC  =   -348297.2729  EHBOND  =         0.0000  RESTRAINT  =         0.0000
 Ewald error estimate:   0.5263E-04
 ------------------------------------------------------------------------------


 NSTEP =    25700   TIME(PS) =    2581.225  TEMP(K) =   298.99  PRESS =     0.0
 Etot   =   -234220.0587  EKtot   =     54906.1751  EPtot      =   -289126.2338
 BOND   =      1098.0527  ANGLE   =      2984.2637  DIHED      =      2218.7170
 1-4 NB =      1314.8720  1-4 EEL =     15142.8345  VDWAALS    =     37095.9822
 EELEC  =   -348980.9558  EHBOND  =         0.0000  RESTRAINT  =         0.0000
 Ewald error estimate:   0.2037E-05
 ------------------------------------------------------------------------------

check COM velocity, temp:        0.000000     0.00(Removed)

 NSTEP =    25800   TIME(PS) =    2581.375  TEMP(K) =   298.04  PRESS =     0.0
 Etot   =   -234220.6433  EKtot   =     54731.8386  EPtot      =   -288952.4819
 BOND   =      1058.4882  ANGLE   =      2955.4643  DIHED      =      2263.6565
 1-4 NB =      1313.6172  1-4 EEL =     15101.2129  VDWAALS    =     37052.8200
 EELEC  =   -348697.7410  EHBOND  =         0.0000  RESTRAINT  =         0.0000
 Ewald error estimate:   0.6403E-04
 ------------------------------------------------------------------------------


 NSTEP =    25900   TIME(PS) =    2581.525  TEMP(K) =   298.97  PRESS =     0.0
 Etot   =   -234220.5745  EKtot   =     54903.0047  EPtot      =   -289123.5791
 BOND   =      1110.0375  ANGLE   =      2931.4447  DIHED      =      2240.5842
 1-4 NB =      1313.9479  1-4 EEL =     15172.7552  VDWAALS    =     36309.1828
 EELEC  =   -348201.5314  EHBOND  =         0.0000  RESTRAINT  =         0.0000
 Ewald error estimate:   0.1622E-05
 ------------------------------------------------------------------------------

check COM velocity, temp:        0.000000     0.00(Removed)

 NSTEP =    26000   TIME(PS) =    2581.675  TEMP(K) =   298.64  PRESS =     0.0
 Etot   =   -234220.8124  EKtot   =     54843.0677  EPtot      =   -289063.8801
 BOND   =      1103.1421  ANGLE   =      2931.3826  DIHED      =      2223.5009
 1-4 NB =      1318.7725  1-4 EEL =     15133.1683  VDWAALS    =     36973.8558
 EELEC  =   -348747.7023  EHBOND  =         0.0000  RESTRAINT  =         0.0000
 Ewald error estimate:   0.5298E-04
 ------------------------------------------------------------------------------


 NSTEP =    26100   TIME(PS) =    2581.825  TEMP(K) =   298.09  PRESS =     0.0
 Etot   =   -234218.7150  EKtot   =     54741.9437  EPtot      =   -288960.6586
 BOND   =      1120.8002  ANGLE   =      2903.6422  DIHED      =      2247.6742
 1-4 NB =      1299.5411  1-4 EEL =     15067.5119  VDWAALS    =     37238.9520
 EELEC  =   -348838.7801  EHBOND  =         0.0000  RESTRAINT  =         0.0000
 Ewald error estimate:   0.4509E-04
 ------------------------------------------------------------------------------


 NSTEP =    26200   TIME(PS) =    2581.975  TEMP(K) =   297.55  PRESS =     0.0
 Etot   =   -234215.6672  EKtot   =     54642.0225  EPtot      =   -288857.6897
 BOND   =      1153.8859  ANGLE   =      3014.9827  DIHED      =      2265.2531
 1-4 NB =      1283.0085  1-4 EEL =     15056.0882  VDWAALS    =     36913.4460
 EELEC  =   -348544.3541  EHBOND  =         0.0000  RESTRAINT  =         0.0000
 Ewald error estimate:   0.5362E-04
 ------------------------------------------------------------------------------

check COM velocity, temp:        0.000000     0.00(Removed)

 NSTEP =    26300   TIME(PS) =    2582.125  TEMP(K) =   296.43  PRESS =     0.0
 Etot   =   -234217.7939  EKtot   =     54437.3689  EPtot      =   -288655.1628
 BOND   =      1128.7212  ANGLE   =      2926.5608  DIHED      =      2208.7247
 1-4 NB =      1314.7455  1-4 EEL =     15127.7163  VDWAALS    =     36411.6067
 EELEC  =   -347773.2380  EHBOND  =         0.0000  RESTRAINT  =         0.0000
 Ewald error estimate:   0.1232E-04
 ------------------------------------------------------------------------------


 NSTEP =    26400   TIME(PS) =    2582.275  TEMP(K) =   299.21  PRESS =     0.0
 Etot   =   -234219.6269  EKtot   =     54947.7293  EPtot      =   -289167.3562
 BOND   =      1099.6818  ANGLE   =      2928.8152  DIHED      =      2256.5928
 1-4 NB =      1327.8018  1-4 EEL =     15147.8465  VDWAALS    =     36781.9544
 EELEC  =   -348710.0487  EHBOND  =         0.0000  RESTRAINT  =         0.0000
 Ewald error estimate:   0.1061E-06
 ------------------------------------------------------------------------------

check COM velocity, temp:        0.000000     0.00(Removed)

 NSTEP =    26500   TIME(PS) =    2582.425  TEMP(K) =   298.12  PRESS =     0.0
 Etot   =   -234219.1217  EKtot   =     54747.5128  EPtot      =   -288966.6346
 BOND   =      1123.9380  ANGLE   =      2942.4692  DIHED      =      2237.8886
 1-4 NB =      1312.7527  1-4 EEL =     15126.1697  VDWAALS    =     36471.4214
 EELEC  =   -348181.2742  EHBOND  =         0.0000  RESTRAINT  =         0.0000
 Ewald error estimate:   0.5098E-04
 ------------------------------------------------------------------------------


 NSTEP =    26600   TIME(PS) =    2582.575  TEMP(K) =   296.23  PRESS =     0.0
 Etot   =   -234219.2299  EKtot   =     54400.6730  EPtot      =   -288619.9029
 BOND   =      1126.3737  ANGLE   =      2927.4494  DIHED      =      2299.2899
 1-4 NB =      1325.5367  1-4 EEL =     15055.4268  VDWAALS    =     36698.2573
 EELEC  =   -348052.2367  EHBOND  =         0.0000  RESTRAINT  =         0.0000
 Ewald error estimate:   0.4223E-04
 ------------------------------------------------------------------------------


 NSTEP =    26700   TIME(PS) =    2582.725  TEMP(K) =   297.22  PRESS =     0.0
 Etot   =   -234220.0382  EKtot   =     54581.5969  EPtot      =   -288801.6351
 BOND   =      1094.6423  ANGLE   =      3042.1239  DIHED      =      2254.1495
 1-4 NB =      1325.5650  1-4 EEL =     15116.5395  VDWAALS    =     36548.1620
 EELEC  =   -348182.8172  EHBOND  =         0.0000  RESTRAINT  =         0.0000
 Ewald error estimate:   0.2880E-04
 ------------------------------------------------------------------------------

check COM velocity, temp:        0.000000     0.00(Removed)

 NSTEP =    26800   TIME(PS) =    2582.875  TEMP(K) =   297.97  PRESS =     0.0
 Etot   =   -234221.2117  EKtot   =     54720.1896  EPtot      =   -288941.4013
 BOND   =      1101.7658  ANGLE   =      2952.1084  DIHED      =      2260.6411
 1-4 NB =      1321.9591  1-4 EEL =     15076.2534  VDWAALS    =     36435.5840
 EELEC  =   -348089.7130  EHBOND  =         0.0000  RESTRAINT  =         0.0000
 Ewald error estimate:   0.2324E-04
 ------------------------------------------------------------------------------


 NSTEP =    26900   TIME(PS) =    2583.025  TEMP(K) =   298.40  PRESS =     0.0
 Etot   =   -234222.2523  EKtot   =     54798.6168  EPtot      =   -289020.8691
 BOND   =      1083.2733  ANGLE   =      2958.3669  DIHED      =      2239.8722
 1-4 NB =      1331.9007  1-4 EEL =     15026.2722  VDWAALS    =     37025.1074
 EELEC  =   -348685.6616  EHBOND  =         0.0000  RESTRAINT  =         0.0000
 Ewald error estimate:   0.8519E-05
 ------------------------------------------------------------------------------

check COM velocity, temp:        0.000000     0.00(Removed)

 NSTEP =    27000   TIME(PS) =    2583.175  TEMP(K) =   298.76  PRESS =     0.0
 Etot   =   -234222.5842  EKtot   =     54864.5054  EPtot      =   -289087.0896
 BOND   =      1098.1183  ANGLE   =      2971.2758  DIHED      =      2302.2068
 1-4 NB =      1301.2342  1-4 EEL =     15028.0534  VDWAALS    =     36597.8048
 EELEC  =   -348385.7829  EHBOND  =         0.0000  RESTRAINT  =         0.0000
 Ewald error estimate:   0.3055E-04
 ------------------------------------------------------------------------------


 NSTEP =    27100   TIME(PS) =    2583.325  TEMP(K) =   298.21  PRESS =     0.0
 Etot   =   -234219.1004  EKtot   =     54763.8979  EPtot      =   -288982.9983
 BOND   =      1107.7131  ANGLE   =      2983.8886  DIHED      =      2255.3802
 1-4 NB =      1305.7484  1-4 EEL =     15042.3034  VDWAALS    =     36663.8116
 EELEC  =   -348341.8436  EHBOND  =         0.0000  RESTRAINT  =         0.0000
 Ewald error estimate:   0.7036E-05
 ------------------------------------------------------------------------------


 NSTEP =    27200   TIME(PS) =    2583.475  TEMP(K) =   298.36  PRESS =     0.0
 Etot   =   -234216.3497  EKtot   =     54790.6962  EPtot      =   -289007.0459
 BOND   =      1150.2180  ANGLE   =      2996.1629  DIHED      =      2268.5571
 1-4 NB =      1300.8268  1-4 EEL =     15000.0823  VDWAALS    =     36767.6505
 EELEC  =   -348490.5434  EHBOND  =         0.0000  RESTRAINT  =         0.0000
 Ewald error estimate:   0.1660E-04
 ------------------------------------------------------------------------------

check COM velocity, temp:        0.000000     0.00(Removed)

 NSTEP =    27300   TIME(PS) =    2583.625  TEMP(K) =   299.80  PRESS =     0.0
 Etot   =   -234218.9702  EKtot   =     55055.8910  EPtot      =   -289274.8613
 BOND   =      1119.0865  ANGLE   =      2950.1972  DIHED      =      2239.7776
 1-4 NB =      1329.6535  1-4 EEL =     15054.2502  VDWAALS    =     37022.9105
 EELEC  =   -348990.7368  EHBOND  =         0.0000  RESTRAINT  =         0.0000
 Ewald error estimate:   0.4964E-04
 ------------------------------------------------------------------------------


 NSTEP =    27400   TIME(PS) =    2583.775  TEMP(K) =   298.85  PRESS =     0.0
 Etot   =   -234220.3292  EKtot   =     54880.8345  EPtot      =   -289101.1637
 BOND   =      1145.0477  ANGLE   =      2902.8867  DIHED      =      2242.7895
 1-4 NB =      1313.8021  1-4 EEL =     15057.5873  VDWAALS    =     36734.0214
 EELEC  =   -348497.2983  EHBOND  =         0.0000  RESTRAINT  =         0.0000
 Ewald error estimate:   0.6062E-04
 ------------------------------------------------------------------------------

check COM velocity, temp:        0.000000     0.00(Removed)

 NSTEP =    27500   TIME(PS) =    2583.925  TEMP(K) =   296.67  PRESS =     0.0
 Etot   =   -234220.2239  EKtot   =     54480.0571  EPtot      =   -288700.2809
 BOND   =      1113.7269  ANGLE   =      2905.9496  DIHED      =      2217.2837
 1-4 NB =      1338.4556  1-4 EEL =     15080.5112  VDWAALS    =     36547.5648
 EELEC  =   -347903.7727  EHBOND  =         0.0000  RESTRAINT  =         0.0000
 Ewald error estimate:   0.1603E-04
 ------------------------------------------------------------------------------


 NSTEP =    27600   TIME(PS) =    2584.075  TEMP(K) =   297.63  PRESS =     0.0
 Etot   =   -234220.2977  EKtot   =     54657.2284  EPtot      =   -288877.5261
 BOND   =      1125.2363  ANGLE   =      2948.2473  DIHED      =      2238.4720
 1-4 NB =      1310.0959  1-4 EEL =     15053.5401  VDWAALS    =     36281.2732
 EELEC  =   -347834.3909  EHBOND  =         0.0000  RESTRAINT  =         0.0000
 Ewald error estimate:   0.2432E-04
 ------------------------------------------------------------------------------


 NSTEP =    27700   TIME(PS) =    2584.225  TEMP(K) =   297.64  PRESS =     0.0
 Etot   =   -234224.1185  EKtot   =     54658.3014  EPtot      =   -288882.4199
 BOND   =      1113.5488  ANGLE   =      2893.8784  DIHED      =      2246.5341
 1-4 NB =      1328.1004  1-4 EEL =     15078.8746  VDWAALS    =     36517.4796
 EELEC  =   -348060.8358  EHBOND  =         0.0000  RESTRAINT  =         0.0000
 Ewald error estimate:   0.1512E-04
 ------------------------------------------------------------------------------

check COM velocity, temp:        0.000000     0.00(Removed)

 NSTEP =    27800   TIME(PS) =    2584.375  TEMP(K) =   298.68  PRESS =     0.0
 Etot   =   -234221.0105  EKtot   =     54850.5276  EPtot      =   -289071.5381
 BOND   =      1082.2103  ANGLE   =      2919.0064  DIHED      =      2223.7833
 1-4 NB =      1319.0083  1-4 EEL =     15084.9062  VDWAALS    =     36972.0721
 EELEC  =   -348672.5246  EHBOND  =         0.0000  RESTRAINT  =         0.0000
 Ewald error estimate:   0.5982E-04
 ------------------------------------------------------------------------------


 NSTEP =    27900   TIME(PS) =    2584.525  TEMP(K) =   298.38  PRESS =     0.0
 Etot   =   -234221.3054  EKtot   =     54794.4979  EPtot      =   -289015.8033
 BOND   =      1123.7730  ANGLE   =      2979.7808  DIHED      =      2272.0069
 1-4 NB =      1298.1794  1-4 EEL =     15041.5215  VDWAALS    =     36815.0501
 EELEC  =   -348546.1152  EHBOND  =         0.0000  RESTRAINT  =         0.0000
 Ewald error estimate:   0.1117E-04
 ------------------------------------------------------------------------------

check COM velocity, temp:        0.000000     0.00(Removed)

 NSTEP =    28000   TIME(PS) =    2584.675  TEMP(K) =   299.41  PRESS =     0.0
 Etot   =   -234225.9430  EKtot   =     54983.6854  EPtot      =   -289209.6284
 BOND   =      1145.0317  ANGLE   =      2854.3429  DIHED      =      2214.5105
 1-4 NB =      1298.0238  1-4 EEL =     15090.9546  VDWAALS    =     36749.4068
 EELEC  =   -348561.8988  EHBOND  =         0.0000  RESTRAINT  =         0.0000
 Ewald error estimate:   0.9099E-05
 ------------------------------------------------------------------------------


 NSTEP =    28100   TIME(PS) =    2584.825  TEMP(K) =   298.46  PRESS =     0.0
 Etot   =   -234222.3818  EKtot   =     54809.8823  EPtot      =   -289032.2642
 BOND   =      1125.6254  ANGLE   =      2912.2124  DIHED      =      2257.7024
 1-4 NB =      1304.6521  1-4 EEL =     15080.5358  VDWAALS    =     36485.5627
 EELEC  =   -348198.5549  EHBOND  =         0.0000  RESTRAINT  =         0.0000
 Ewald error estimate:   0.8670E-05
 ------------------------------------------------------------------------------


 NSTEP =    28200   TIME(PS) =    2584.975  TEMP(K) =   299.26  PRESS =     0.0
 Etot   =   -234222.9785  EKtot   =     54956.5487  EPtot      =   -289179.5272
 BOND   =      1113.5973  ANGLE   =      2923.5716  DIHED      =      2261.8495
 1-4 NB =      1311.2960  1-4 EEL =     15099.1623  VDWAALS    =     36211.9323
 EELEC  =   -348100.9362  EHBOND  =         0.0000  RESTRAINT  =         0.0000
 Ewald error estimate:   0.1643E-04
 ------------------------------------------------------------------------------

check COM velocity, temp:        0.000000     0.00(Removed)

 NSTEP =    28300   TIME(PS) =    2585.125  TEMP(K) =   297.35  PRESS =     0.0
 Etot   =   -234219.3700  EKtot   =     54605.7968  EPtot      =   -288825.1668
 BOND   =      1104.6849  ANGLE   =      2994.4050  DIHED      =      2277.9849
 1-4 NB =      1318.1808  1-4 EEL =     15039.4510  VDWAALS    =     36382.0903
 EELEC  =   -347941.9637  EHBOND  =         0.0000  RESTRAINT  =         0.0000
 Ewald error estimate:   0.8299E-04
 ------------------------------------------------------------------------------


 NSTEP =    28400   TIME(PS) =    2585.275  TEMP(K) =   297.68  PRESS =     0.0
 Etot   =   -234220.7645  EKtot   =     54665.6103  EPtot      =   -288886.3748
 BOND   =      1156.2368  ANGLE   =      2904.8852  DIHED      =      2257.6608
 1-4 NB =      1296.9929  1-4 EEL =     15107.8653  VDWAALS    =     36164.0460
 EELEC  =   -347774.0618  EHBOND  =         0.0000  RESTRAINT  =         0.0000
 Ewald error estimate:   0.5421E-04
 ------------------------------------------------------------------------------

check COM velocity, temp:        0.000000     0.00(Removed)

 NSTEP =    28500   TIME(PS) =    2585.425  TEMP(K) =   298.92  PRESS =     0.0
 Etot   =   -234220.9029  EKtot   =     54892.9491  EPtot      =   -289113.8520
 BOND   =      1159.2666  ANGLE   =      2860.8029  DIHED      =      2281.8359
 1-4 NB =      1290.9131  1-4 EEL =     15050.5881  VDWAALS    =     36372.8536
 EELEC  =   -348130.1122  EHBOND  =         0.0000  RESTRAINT  =         0.0000
 Ewald error estimate:   0.7315E-04
 ------------------------------------------------------------------------------


 NSTEP =    28600   TIME(PS) =    2585.575  TEMP(K) =   299.07  PRESS =     0.0
 Etot   =   -234222.5984  EKtot   =     54921.9390  EPtot      =   -289144.5374
 BOND   =      1112.8114  ANGLE   =      2973.7519  DIHED      =      2293.9511
 1-4 NB =      1308.9868  1-4 EEL =     15075.8062  VDWAALS    =     36508.5516
 EELEC  =   -348418.3963  EHBOND  =         0.0000  RESTRAINT  =         0.0000
 Ewald error estimate:   0.3090E-04
 ------------------------------------------------------------------------------


 NSTEP =    28700   TIME(PS) =    2585.725  TEMP(K) =   297.97  PRESS =     0.0
 Etot   =   -234218.6348  EKtot   =     54720.1130  EPtot      =   -288938.7478
 BOND   =      1139.6575  ANGLE   =      3009.0471  DIHED      =      2266.3833
 1-4 NB =      1277.6632  1-4 EEL =     15125.3520  VDWAALS    =     36691.5921
 EELEC  =   -348448.4431  EHBOND  =         0.0000  RESTRAINT  =         0.0000
 Ewald error estimate:   0.3381E-04
 ------------------------------------------------------------------------------

check COM velocity, temp:        0.000000     0.00(Removed)

 NSTEP =    28800   TIME(PS) =    2585.875  TEMP(K) =   298.32  PRESS =     0.0
 Etot   =   -234220.5958  EKtot   =     54783.4128  EPtot      =   -289004.0086
 BOND   =      1122.9483  ANGLE   =      2958.2622  DIHED      =      2211.7739
 1-4 NB =      1303.9448  1-4 EEL =     15088.3736  VDWAALS    =     36866.2287
 EELEC  =   -348555.5401  EHBOND  =         0.0000  RESTRAINT  =         0.0000
 Ewald error estimate:   0.1582E-04
 ------------------------------------------------------------------------------


 NSTEP =    28900   TIME(PS) =    2586.025  TEMP(K) =   298.58  PRESS =     0.0
 Etot   =   -234222.8075  EKtot   =     54831.3653  EPtot      =   -289054.1728
 BOND   =      1095.6158  ANGLE   =      2904.4326  DIHED      =      2256.3090
 1-4 NB =      1299.5471  1-4 EEL =     15110.8754  VDWAALS    =     36846.2583
 EELEC  =   -348567.2109  EHBOND  =         0.0000  RESTRAINT  =         0.0000
 Ewald error estimate:   0.4140E-04
 ------------------------------------------------------------------------------

check COM velocity, temp:        0.000000     0.00(Removed)

 NSTEP =    29000   TIME(PS) =    2586.175  TEMP(K) =   297.86  PRESS =     0.0
 Etot   =   -234220.3050  EKtot   =     54699.1069  EPtot      =   -288919.4119
 BOND   =      1141.2320  ANGLE   =      2943.1122  DIHED      =      2302.7813
 1-4 NB =      1304.1090  1-4 EEL =     15028.1472  VDWAALS    =     36892.5620
 EELEC  =   -348531.3556  EHBOND  =         0.0000  RESTRAINT  =         0.0000
 Ewald error estimate:   0.8032E-04
 ------------------------------------------------------------------------------


 NSTEP =    29100   TIME(PS) =    2586.325  TEMP(K) =   299.08  PRESS =     0.0
 Etot   =   -234221.0726  EKtot   =     54922.3049  EPtot      =   -289143.3775
 BOND   =      1112.2442  ANGLE   =      2895.8308  DIHED      =      2243.5103
 1-4 NB =      1314.5372  1-4 EEL =     15028.4439  VDWAALS    =     36762.9163
 EELEC  =   -348500.8603  EHBOND  =         0.0000  RESTRAINT  =         0.0000
 Ewald error estimate:   0.3213E-06
 ------------------------------------------------------------------------------


 NSTEP =    29200   TIME(PS) =    2586.475  TEMP(K) =   298.43  PRESS =     0.0
 Etot   =   -234221.8951  EKtot   =     54804.0489  EPtot      =   -289025.9440
 BOND   =      1102.8970  ANGLE   =      2934.6078  DIHED      =      2289.0691
 1-4 NB =      1330.0858  1-4 EEL =     15063.0115  VDWAALS    =     37015.5308
 EELEC  =   -348761.1459  EHBOND  =         0.0000  RESTRAINT  =         0.0000
 Ewald error estimate:   0.3691E-05
 ------------------------------------------------------------------------------

check COM velocity, temp:        0.000000     0.00(Removed)

 NSTEP =    29300   TIME(PS) =    2586.625  TEMP(K) =   299.40  PRESS =     0.0
 Etot   =   -234224.4827  EKtot   =     54981.0827  EPtot      =   -289205.5655
 BOND   =      1080.3381  ANGLE   =      2860.7912  DIHED      =      2272.6641
 1-4 NB =      1317.9711  1-4 EEL =     15177.7558  VDWAALS    =     37253.8151
 EELEC  =   -349168.9010  EHBOND  =         0.0000  RESTRAINT  =         0.0000
 Ewald error estimate:   0.5190E-05
 ------------------------------------------------------------------------------


 NSTEP =    29400   TIME(PS) =    2586.775  TEMP(K) =   298.78  PRESS =     0.0
 Etot   =   -234223.6292  EKtot   =     54867.4080  EPtot      =   -289091.0372
 BOND   =      1119.3784  ANGLE   =      2895.6989  DIHED      =      2267.9457
 1-4 NB =      1319.3482  1-4 EEL =     15081.4424  VDWAALS    =     37066.1022
 EELEC  =   -348840.9530  EHBOND  =         0.0000  RESTRAINT  =         0.0000
 Ewald error estimate:   0.1084E-04
 ------------------------------------------------------------------------------

check COM velocity, temp:        0.000000     0.00(Removed)

 NSTEP =    29500   TIME(PS) =    2586.925  TEMP(K) =   298.67  PRESS =     0.0
 Etot   =   -234223.2405  EKtot   =     54847.1189  EPtot      =   -289070.3595
 BOND   =      1112.9162  ANGLE   =      2927.2606  DIHED      =      2289.6220
 1-4 NB =      1320.4119  1-4 EEL =     15064.9989  VDWAALS    =     36968.1254
 EELEC  =   -348753.6946  EHBOND  =         0.0000  RESTRAINT  =         0.0000
 Ewald error estimate:   0.6066E-04
 ------------------------------------------------------------------------------


 NSTEP =    29600   TIME(PS) =    2587.075  TEMP(K) =   298.91  PRESS =     0.0
 Etot   =   -234221.4226  EKtot   =     54891.9447  EPtot      =   -289113.3673
 BOND   =      1108.6367  ANGLE   =      2845.7933  DIHED      =      2254.1741
 1-4 NB =      1347.6473  1-4 EEL =     15169.2360  VDWAALS    =     36812.3623
 EELEC  =   -348651.2168  EHBOND  =         0.0000  RESTRAINT  =         0.0000
 Ewald error estimate:   0.4324E-04
 ------------------------------------------------------------------------------


 NSTEP =    29700   TIME(PS) =    2587.225  TEMP(K) =   298.80  PRESS =     0.0
 Etot   =   -234222.6978  EKtot   =     54871.0847  EPtot      =   -289093.7825
 BOND   =      1069.3365  ANGLE   =      2926.7622  DIHED      =      2254.3948
 1-4 NB =      1334.6229  1-4 EEL =     15110.0137  VDWAALS    =     36692.9627
 EELEC  =   -348481.8754  EHBOND  =         0.0000  RESTRAINT  =         0.0000
 Ewald error estimate:   0.1128E-03
 ------------------------------------------------------------------------------

check COM velocity, temp:        0.000000     0.00(Removed)

 NSTEP =    29800   TIME(PS) =    2587.375  TEMP(K) =   297.79  PRESS =     0.0
 Etot   =   -234221.7106  EKtot   =     54685.8153  EPtot      =   -288907.5259
 BOND   =      1098.4543  ANGLE   =      2945.0233  DIHED      =      2243.8884
 1-4 NB =      1311.3872  1-4 EEL =     15083.4312  VDWAALS    =     36853.6797
 EELEC  =   -348443.3901  EHBOND  =         0.0000  RESTRAINT  =         0.0000
 Ewald error estimate:   0.3135E-04
 ------------------------------------------------------------------------------


 NSTEP =    29900   TIME(PS) =    2587.525  TEMP(K) =   298.99  PRESS =     0.0
 Etot   =   -234222.7801  EKtot   =     54906.1691  EPtot      =   -289128.9493
 BOND   =      1106.7261  ANGLE   =      2947.3231  DIHED      =      2247.3038
 1-4 NB =      1332.8505  1-4 EEL =     15147.9238  VDWAALS    =     36632.8593
 EELEC  =   -348543.9358  EHBOND  =         0.0000  RESTRAINT  =         0.0000
 Ewald error estimate:   0.4132E-04
 ------------------------------------------------------------------------------

check COM velocity, temp:        0.000000     0.00(Removed)

 NSTEP =    30000   TIME(PS) =    2587.675  TEMP(K) =   298.67  PRESS =     0.0
 Etot   =   -234221.0682  EKtot   =     54848.4717  EPtot      =   -289069.5399
 BOND   =      1148.3587  ANGLE   =      2901.4204  DIHED      =      2264.4558
 1-4 NB =      1318.6270  1-4 EEL =     15166.4840  VDWAALS    =     36211.3513
 EELEC  =   -348080.2371  EHBOND  =         0.0000  RESTRAINT  =         0.0000
 Ewald error estimate:   0.9739E-04
 ------------------------------------------------------------------------------


 NSTEP =    30100   TIME(PS) =    2587.825  TEMP(K) =   298.16  PRESS =     0.0
 Etot   =   -234220.7747  EKtot   =     54753.6692  EPtot      =   -288974.4439
 BOND   =      1113.8602  ANGLE   =      2948.5412  DIHED      =      2199.0737
 1-4 NB =      1310.3084  1-4 EEL =     15136.2033  VDWAALS    =     36753.0087
 EELEC  =   -348435.4394  EHBOND  =         0.0000  RESTRAINT  =         0.0000
 Ewald error estimate:   0.3120E-04
 ------------------------------------------------------------------------------


 NSTEP =    30200   TIME(PS) =    2587.975  TEMP(K) =   299.03  PRESS =     0.0
 Etot   =   -234222.5853  EKtot   =     54914.2004  EPtot      =   -289136.7857
 BOND   =      1140.8351  ANGLE   =      2957.3382  DIHED      =      2200.9376
 1-4 NB =      1294.7733  1-4 EEL =     15040.0677  VDWAALS    =     36883.5841
 EELEC  =   -348654.3217  EHBOND  =         0.0000  RESTRAINT  =         0.0000
 Ewald error estimate:   0.4880E-04
 ------------------------------------------------------------------------------

check COM velocity, temp:        0.000000     0.00(Removed)

 NSTEP =    30300   TIME(PS) =    2588.125  TEMP(K) =   299.24  PRESS =     0.0
 Etot   =   -234220.8703  EKtot   =     54953.0503  EPtot      =   -289173.9206
 BOND   =      1117.2727  ANGLE   =      2889.3627  DIHED      =      2251.0551
 1-4 NB =      1318.7293  1-4 EEL =     15116.3519  VDWAALS    =     36805.1612
 EELEC  =   -348671.8535  EHBOND  =         0.0000  RESTRAINT  =         0.0000
 Ewald error estimate:   0.7154E-04
 ------------------------------------------------------------------------------


 NSTEP =    30400   TIME(PS) =    2588.275  TEMP(K) =   298.35  PRESS =     0.0
 Etot   =   -234222.6341  EKtot   =     54789.0056  EPtot      =   -289011.6396
 BOND   =      1049.1168  ANGLE   =      3027.0382  DIHED      =      2246.8154
 1-4 NB =      1299.3713  1-4 EEL =     15063.8795  VDWAALS    =     36281.0364
 EELEC  =   -347978.8972  EHBOND  =         0.0000  RESTRAINT  =         0.0000
 Ewald error estimate:   0.6317E-05
 ------------------------------------------------------------------------------

check COM velocity, temp:        0.000000     0.00(Removed)

 NSTEP =    30500   TIME(PS) =    2588.425  TEMP(K) =   299.07  PRESS =     0.0
 Etot   =   -234220.3554  EKtot   =     54920.4296  EPtot      =   -289140.7851
 BOND   =      1105.6224  ANGLE   =      3008.1518  DIHED      =      2275.9748
 1-4 NB =      1323.7551  1-4 EEL =     15112.9163  VDWAALS    =     36845.1111
 EELEC  =   -348812.3164  EHBOND  =         0.0000  RESTRAINT  =         0.0000
 Ewald error estimate:   0.5211E-04
 ------------------------------------------------------------------------------


 NSTEP =    30600   TIME(PS) =    2588.575  TEMP(K) =   298.52  PRESS =     0.0
 Etot   =   -234220.6535  EKtot   =     54820.8786  EPtot      =   -289041.5321
 BOND   =      1101.1062  ANGLE   =      2968.8402  DIHED      =      2262.3434
 1-4 NB =      1326.4310  1-4 EEL =     15082.6436  VDWAALS    =     36677.6119
 EELEC  =   -348460.5084  EHBOND  =         0.0000  RESTRAINT  =         0.0000
 Ewald error estimate:   0.7595E-04
 ------------------------------------------------------------------------------


 NSTEP =    30700   TIME(PS) =    2588.725  TEMP(K) =   299.08  PRESS =     0.0
 Etot   =   -234219.5395  EKtot   =     54922.6389  EPtot      =   -289142.1785
 BOND   =      1145.1877  ANGLE   =      2922.7151  DIHED      =      2204.8853
 1-4 NB =      1304.8679  1-4 EEL =     15067.5538  VDWAALS    =     36899.9336
 EELEC  =   -348687.3219  EHBOND  =         0.0000  RESTRAINT  =         0.0000
 Ewald error estimate:   0.2812E-04
 ------------------------------------------------------------------------------

check COM velocity, temp:        0.000000     0.00(Removed)

 NSTEP =    30800   TIME(PS) =    2588.875  TEMP(K) =   298.40  PRESS =     0.0
 Etot   =   -234218.1496  EKtot   =     54797.7591  EPtot      =   -289015.9087
 BOND   =      1125.6554  ANGLE   =      2932.8720  DIHED      =      2250.8105
 1-4 NB =      1315.0362  1-4 EEL =     15096.9569  VDWAALS    =     36897.7726
 EELEC  =   -348635.0123  EHBOND  =         0.0000  RESTRAINT  =         0.0000
 Ewald error estimate:   0.5883E-04
 ------------------------------------------------------------------------------


 NSTEP =    30900   TIME(PS) =    2589.025  TEMP(K) =   297.12  PRESS =     0.0
 Etot   =   -234219.6174  EKtot   =     54563.1124  EPtot      =   -288782.7299
 BOND   =      1118.4901  ANGLE   =      2962.6528  DIHED      =      2280.0963
 1-4 NB =      1299.7867  1-4 EEL =     15051.8534  VDWAALS    =     36405.4379
 EELEC  =   -347901.0470  EHBOND  =         0.0000  RESTRAINT  =         0.0000
 Ewald error estimate:   0.2809E-05
 ------------------------------------------------------------------------------

check COM velocity, temp:        0.000000     0.00(Removed)

 NSTEP =    31000   TIME(PS) =    2589.175  TEMP(K) =   299.03  PRESS =     0.0
 Etot   =   -234218.8245  EKtot   =     54913.5243  EPtot      =   -289132.3488
 BOND   =      1135.1035  ANGLE   =      2973.1834  DIHED      =      2254.5697
 1-4 NB =      1322.4228  1-4 EEL =     15122.4777  VDWAALS    =     36732.0438
 EELEC  =   -348672.1497  EHBOND  =         0.0000  RESTRAINT  =         0.0000
 Ewald error estimate:   0.1887E-04
 ------------------------------------------------------------------------------


 NSTEP =    31100   TIME(PS) =    2589.325  TEMP(K) =   298.65  PRESS =     0.0
 Etot   =   -234220.8239  EKtot   =     54844.0905  EPtot      =   -289064.9145
 BOND   =      1104.8949  ANGLE   =      2982.4829  DIHED      =      2253.6224
 1-4 NB =      1341.4429  1-4 EEL =     15047.7017  VDWAALS    =     36538.9733
 EELEC  =   -348334.0325  EHBOND  =         0.0000  RESTRAINT  =         0.0000
 Ewald error estimate:   0.7157E-04
 ------------------------------------------------------------------------------


 NSTEP =    31200   TIME(PS) =    2589.475  TEMP(K) =   297.01  PRESS =     0.0
 Etot   =   -234218.9102  EKtot   =     54543.2386  EPtot      =   -288762.1488
 BOND   =      1114.1035  ANGLE   =      3002.3722  DIHED      =      2286.3780
 1-4 NB =      1308.8677  1-4 EEL =     15117.9887  VDWAALS    =     36309.2842
 EELEC  =   -347901.1431  EHBOND  =         0.0000  RESTRAINT  =         0.0000
 Ewald error estimate:   0.3483E-04
 ------------------------------------------------------------------------------

check COM velocity, temp:        0.000000     0.00(Removed)

 NSTEP =    31300   TIME(PS) =    2589.625  TEMP(K) =   299.60  PRESS =     0.0
 Etot   =   -234220.4370  EKtot   =     55019.1431  EPtot      =   -289239.5801
 BOND   =      1093.5891  ANGLE   =      2985.4904  DIHED      =      2225.5003
 1-4 NB =      1325.7120  1-4 EEL =     15103.6507  VDWAALS    =     36605.4097
 EELEC  =   -348578.9323  EHBOND  =         0.0000  RESTRAINT  =         0.0000
 Ewald error estimate:   0.8818E-04
 ------------------------------------------------------------------------------


 NSTEP =    31400   TIME(PS) =    2589.775  TEMP(K) =   299.78  PRESS =     0.0
 Etot   =   -234223.2352  EKtot   =     55052.1370  EPtot      =   -289275.3722
 BOND   =      1075.9767  ANGLE   =      2988.3407  DIHED      =      2266.4544
 1-4 NB =      1327.6055  1-4 EEL =     15044.7255  VDWAALS    =     36294.7082
 EELEC  =   -348273.1833  EHBOND  =         0.0000  RESTRAINT  =         0.0000
 Ewald error estimate:   0.4339E-05
 ------------------------------------------------------------------------------

check COM velocity, temp:        0.000000     0.00(Removed)

 NSTEP =    31500   TIME(PS) =    2589.925  TEMP(K) =   298.89  PRESS =     0.0
 Etot   =   -234221.7635  EKtot   =     54889.0756  EPtot      =   -289110.8391
 BOND   =      1178.9054  ANGLE   =      2927.2641  DIHED      =      2241.7365
 1-4 NB =      1309.1159  1-4 EEL =     15047.3185  VDWAALS    =     36719.9213
 EELEC  =   -348535.1007  EHBOND  =         0.0000  RESTRAINT  =         0.0000
 Ewald error estimate:   0.2183E-04
 ------------------------------------------------------------------------------


 NSTEP =    31600   TIME(PS) =    2590.075  TEMP(K) =   298.46  PRESS =     0.0
 Etot   =   -234219.9054  EKtot   =     54810.0556  EPtot      =   -289029.9611
 BOND   =      1130.0980  ANGLE   =      2971.3458  DIHED      =      2242.0008
 1-4 NB =      1336.2448  1-4 EEL =     15064.8679  VDWAALS    =     36814.2863
 EELEC  =   -348588.8047  EHBOND  =         0.0000  RESTRAINT  =         0.0000
 Ewald error estimate:   0.8063E-05
 ------------------------------------------------------------------------------


 NSTEP =    31700   TIME(PS) =    2590.225  TEMP(K) =   298.12  PRESS =     0.0
 Etot   =   -234221.6688  EKtot   =     54746.3855  EPtot      =   -288968.0543
 BOND   =      1101.9093  ANGLE   =      2956.5967  DIHED      =      2247.6692
 1-4 NB =      1314.2163  1-4 EEL =     15034.6680  VDWAALS    =     36624.4348
 EELEC  =   -348247.5486  EHBOND  =         0.0000  RESTRAINT  =         0.0000
 Ewald error estimate:   0.3195E-04
 ------------------------------------------------------------------------------

check COM velocity, temp:        0.000000     0.00(Removed)

 NSTEP =    31800   TIME(PS) =    2590.375  TEMP(K) =   297.89  PRESS =     0.0
 Etot   =   -234218.6020  EKtot   =     54703.9439  EPtot      =   -288922.5459
 BOND   =      1105.0156  ANGLE   =      2978.6151  DIHED      =      2222.5949
 1-4 NB =      1342.0473  1-4 EEL =     15154.4706  VDWAALS    =     36377.7582
 EELEC  =   -348103.0477  EHBOND  =         0.0000  RESTRAINT  =         0.0000
 Ewald error estimate:   0.5183E-04
 ------------------------------------------------------------------------------


 NSTEP =    31900   TIME(PS) =    2590.525  TEMP(K) =   298.69  PRESS =     0.0
 Etot   =   -234221.0545  EKtot   =     54851.8415  EPtot      =   -289072.8960
 BOND   =      1119.0833  ANGLE   =      2935.6631  DIHED      =      2261.1578
 1-4 NB =      1314.6958  1-4 EEL =     15067.0247  VDWAALS    =     37237.0589
 EELEC  =   -349007.5797  EHBOND  =         0.0000  RESTRAINT  =         0.0000
 Ewald error estimate:   0.4017E-04
 ------------------------------------------------------------------------------

check COM velocity, temp:        0.000000     0.00(Removed)

 NSTEP =    32000   TIME(PS) =    2590.675  TEMP(K) =   297.79  PRESS =     0.0
 Etot   =   -234221.2820  EKtot   =     54686.4331  EPtot      =   -288907.7151
 BOND   =      1117.4514  ANGLE   =      2951.4543  DIHED      =      2257.7037
 1-4 NB =      1301.3255  1-4 EEL =     15140.9768  VDWAALS    =     36478.5457
 EELEC  =   -348155.1725  EHBOND  =         0.0000  RESTRAINT  =         0.0000
 Ewald error estimate:   0.8559E-05
 ------------------------------------------------------------------------------


 NSTEP =    32100   TIME(PS) =    2590.825  TEMP(K) =   298.91  PRESS =     0.0
 Etot   =   -234219.7925  EKtot   =     54892.0557  EPtot      =   -289111.8482
 BOND   =      1090.8554  ANGLE   =      3014.7299  DIHED      =      2287.4377
 1-4 NB =      1317.2437  1-4 EEL =     15080.6088  VDWAALS    =     36142.7909
 EELEC  =   -348045.5146  EHBOND  =         0.0000  RESTRAINT  =         0.0000
 Ewald error estimate:   0.7032E-04
 ------------------------------------------------------------------------------


 NSTEP =    32200   TIME(PS) =    2590.975  TEMP(K) =   297.22  PRESS =     0.0
 Etot   =   -234219.5215  EKtot   =     54580.7358  EPtot      =   -288800.2574
 BOND   =      1128.3929  ANGLE   =      2970.2428  DIHED      =      2216.2215
 1-4 NB =      1315.7868  1-4 EEL =     15084.5288  VDWAALS    =     36327.3658
 EELEC  =   -347842.7959  EHBOND  =         0.0000  RESTRAINT  =         0.0000
 Ewald error estimate:   0.5175E-04
 ------------------------------------------------------------------------------

check COM velocity, temp:        0.000000     0.00(Removed)

 NSTEP =    32300   TIME(PS) =    2591.125  TEMP(K) =   298.26  PRESS =     0.0
 Etot   =   -234219.1150  EKtot   =     54772.7190  EPtot      =   -288991.8340
 BOND   =      1121.0151  ANGLE   =      2989.4029  DIHED      =      2204.1167
 1-4 NB =      1322.4512  1-4 EEL =     15152.5794  VDWAALS    =     36626.6749
 EELEC  =   -348408.0741  EHBOND  =         0.0000  RESTRAINT  =         0.0000
 Ewald error estimate:   0.6193E-04
 ------------------------------------------------------------------------------


 NSTEP =    32400   TIME(PS) =    2591.275  TEMP(K) =   297.82  PRESS =     0.0
 Etot   =   -234216.9265  EKtot   =     54692.2471  EPtot      =   -288909.1736
 BOND   =      1121.9853  ANGLE   =      3073.3237  DIHED      =      2234.7282
 1-4 NB =      1310.3398  1-4 EEL =     15008.1030  VDWAALS    =     36724.9889
 EELEC  =   -348382.6424  EHBOND  =         0.0000  RESTRAINT  =         0.0000
 Ewald error estimate:   0.2353E-04
 ------------------------------------------------------------------------------

check COM velocity, temp:        0.000000     0.00(Removed)

 NSTEP =    32500   TIME(PS) =    2591.425  TEMP(K) =   297.47  PRESS =     0.0
 Etot   =   -234218.6643  EKtot   =     54626.8640  EPtot      =   -288845.5283
 BOND   =      1120.0213  ANGLE   =      3019.5969  DIHED      =      2273.0142
 1-4 NB =      1295.1869  1-4 EEL =     15104.2886  VDWAALS    =     36565.3808
 EELEC  =   -348223.0170  EHBOND  =         0.0000  RESTRAINT  =         0.0000
 Ewald error estimate:   0.8421E-05
 ------------------------------------------------------------------------------


 NSTEP =    32600   TIME(PS) =    2591.575  TEMP(K) =   297.12  PRESS =     0.0
 Etot   =   -234218.3047  EKtot   =     54563.8532  EPtot      =   -288782.1579
 BOND   =      1078.7838  ANGLE   =      2977.0814  DIHED      =      2248.5214
 1-4 NB =      1328.6807  1-4 EEL =     15108.5991  VDWAALS    =     36624.9165
 EELEC  =   -348148.7408  EHBOND  =         0.0000  RESTRAINT  =         0.0000
 Ewald error estimate:   0.7418E-04
 ------------------------------------------------------------------------------


 NSTEP =    32700   TIME(PS) =    2591.725  TEMP(K) =   298.01  PRESS =     0.0
 Etot   =   -234218.6215  EKtot   =     54726.6157  EPtot      =   -288945.2373
 BOND   =      1141.6700  ANGLE   =      2984.2465  DIHED      =      2252.6166
 1-4 NB =      1315.7699  1-4 EEL =     15075.5300  VDWAALS    =     36929.9344
 EELEC  =   -348645.0046  EHBOND  =         0.0000  RESTRAINT  =         0.0000
 Ewald error estimate:   0.7854E-04
 ------------------------------------------------------------------------------

check COM velocity, temp:        0.000000     0.00(Removed)

 NSTEP =    32800   TIME(PS) =    2591.875  TEMP(K) =   298.94  PRESS =     0.0
 Etot   =   -234221.1884  EKtot   =     54897.8393  EPtot      =   -289119.0277
 BOND   =      1108.9765  ANGLE   =      2895.3474  DIHED      =      2243.2420
 1-4 NB =      1315.6112  1-4 EEL =     15155.6728  VDWAALS    =     36959.5829
 EELEC  =   -348797.4604  EHBOND  =         0.0000  RESTRAINT  =         0.0000
 Ewald error estimate:   0.2260E-04
 ------------------------------------------------------------------------------


 NSTEP =    32900   TIME(PS) =    2592.025  TEMP(K) =   300.60  PRESS =     0.0
 Etot   =   -234222.6961  EKtot   =     55202.7491  EPtot      =   -289425.4451
 BOND   =      1113.1095  ANGLE   =      2988.7610  DIHED      =      2277.1155
 1-4 NB =      1288.8204  1-4 EEL =     15124.2448  VDWAALS    =     36718.6585
 EELEC  =   -348936.1549  EHBOND  =         0.0000  RESTRAINT  =         0.0000
 Ewald error estimate:   0.1209E-05
 ------------------------------------------------------------------------------

check COM velocity, temp:        0.000000     0.00(Removed)

 NSTEP =    33000   TIME(PS) =    2592.175  TEMP(K) =   298.53  PRESS =     0.0
 Etot   =   -234218.5145  EKtot   =     54822.3949  EPtot      =   -289040.9094
 BOND   =      1136.6632  ANGLE   =      3012.4379  DIHED      =      2259.1082
 1-4 NB =      1301.4837  1-4 EEL =     15072.1280  VDWAALS    =     36941.0915
 EELEC  =   -348763.8221  EHBOND  =         0.0000  RESTRAINT  =         0.0000
 Ewald error estimate:   0.6013E-04
 ------------------------------------------------------------------------------


 NSTEP =    33100   TIME(PS) =    2592.325  TEMP(K) =   298.55  PRESS =     0.0
 Etot   =   -234220.2425  EKtot   =     54826.1842  EPtot      =   -289046.4267
 BOND   =      1111.5067  ANGLE   =      2987.8482  DIHED      =      2234.5728
 1-4 NB =      1302.3102  1-4 EEL =     15142.8799  VDWAALS    =     36591.6873
 EELEC  =   -348417.2318  EHBOND  =         0.0000  RESTRAINT  =         0.0000
 Ewald error estimate:   0.4254E-04
 ------------------------------------------------------------------------------


 NSTEP =    33200   TIME(PS) =    2592.475  TEMP(K) =   298.84  PRESS =     0.0
 Etot   =   -234219.3295  EKtot   =     54879.4316  EPtot      =   -289098.7611
 BOND   =      1134.6905  ANGLE   =      2916.5275  DIHED      =      2279.5948
 1-4 NB =      1298.2889  1-4 EEL =     15144.6135  VDWAALS    =     37037.0286
 EELEC  =   -348909.5049  EHBOND  =         0.0000  RESTRAINT  =         0.0000
 Ewald error estimate:   0.6294E-04
 ------------------------------------------------------------------------------

check COM velocity, temp:        0.000000     0.00(Removed)

 NSTEP =    33300   TIME(PS) =    2592.625  TEMP(K) =   298.98  PRESS =     0.0
 Etot   =   -234221.9477  EKtot   =     54904.6712  EPtot      =   -289126.6188
 BOND   =      1091.7816  ANGLE   =      2937.0919  DIHED      =      2232.2577
 1-4 NB =      1315.9012  1-4 EEL =     15153.4223  VDWAALS    =     36845.0817
 EELEC  =   -348702.1552  EHBOND  =         0.0000  RESTRAINT  =         0.0000
 Ewald error estimate:   0.1407E-03
 ------------------------------------------------------------------------------


 NSTEP =    33400   TIME(PS) =    2592.775  TEMP(K) =   300.14  PRESS =     0.0
 Etot   =   -234222.5675  EKtot   =     55118.4442  EPtot      =   -289341.0116
 BOND   =      1109.0958  ANGLE   =      3010.0758  DIHED      =      2223.9642
 1-4 NB =      1330.9140  1-4 EEL =     15079.9197  VDWAALS    =     36428.5561
 EELEC  =   -348523.5374  EHBOND  =         0.0000  RESTRAINT  =         0.0000
 Ewald error estimate:   0.8704E-05
 ------------------------------------------------------------------------------

check COM velocity, temp:        0.000000     0.00(Removed)

 NSTEP =    33500   TIME(PS) =    2592.925  TEMP(K) =   298.95  PRESS =     0.0
 Etot   =   -234221.3261  EKtot   =     54900.0196  EPtot      =   -289121.3457
 BOND   =      1158.1757  ANGLE   =      2998.8668  DIHED      =      2276.7239
 1-4 NB =      1273.8102  1-4 EEL =     15058.3264  VDWAALS    =     36394.7256
 EELEC  =   -348281.9743  EHBOND  =         0.0000  RESTRAINT  =         0.0000
 Ewald error estimate:   0.4790E-04
 ------------------------------------------------------------------------------


 NSTEP =    33600   TIME(PS) =    2593.075  TEMP(K) =   297.56  PRESS =     0.0
 Etot   =   -234220.4308  EKtot   =     54644.2303  EPtot      =   -288864.6611
 BOND   =      1109.6733  ANGLE   =      2998.4847  DIHED      =      2295.5575
 1-4 NB =      1312.2638  1-4 EEL =     15081.2513  VDWAALS    =     36643.3065
 EELEC  =   -348305.1980  EHBOND  =         0.0000  RESTRAINT  =         0.0000
 Ewald error estimate:   0.4940E-04
 ------------------------------------------------------------------------------


 NSTEP =    33700   TIME(PS) =    2593.225  TEMP(K) =   298.61  PRESS =     0.0
 Etot   =   -234222.1307  EKtot   =     54837.3602  EPtot      =   -289059.4909
 BOND   =      1160.8706  ANGLE   =      3024.8416  DIHED      =      2256.3947
 1-4 NB =      1289.8253  1-4 EEL =     15052.7595  VDWAALS    =     37088.9648
 EELEC  =   -348933.1474  EHBOND  =         0.0000  RESTRAINT  =         0.0000
 Ewald error estimate:   0.1381E-04
 ------------------------------------------------------------------------------

check COM velocity, temp:        0.000000     0.00(Removed)

 NSTEP =    33800   TIME(PS) =    2593.375  TEMP(K) =   298.47  PRESS =     0.0
 Etot   =   -234222.6650  EKtot   =     54810.3626  EPtot      =   -289033.0276
 BOND   =      1116.4635  ANGLE   =      2988.5305  DIHED      =      2263.6839
 1-4 NB =      1288.2124  1-4 EEL =     15107.4848  VDWAALS    =     36638.6161
 EELEC  =   -348436.0188  EHBOND  =         0.0000  RESTRAINT  =         0.0000
 Ewald error estimate:   0.4489E-04
 ------------------------------------------------------------------------------


 NSTEP =    33900   TIME(PS) =    2593.525  TEMP(K) =   300.21  PRESS =     0.0
 Etot   =   -234226.0584  EKtot   =     55130.7432  EPtot      =   -289356.8016
 BOND   =      1128.1363  ANGLE   =      2962.9660  DIHED      =      2249.8958
 1-4 NB =      1316.1713  1-4 EEL =     15134.8377  VDWAALS    =     37179.8820
 EELEC  =   -349328.6906  EHBOND  =         0.0000  RESTRAINT  =         0.0000
 Ewald error estimate:   0.1612E-04
 ------------------------------------------------------------------------------

check COM velocity, temp:        0.000000     0.00(Removed)

 NSTEP =    34000   TIME(PS) =    2593.675  TEMP(K) =   297.99  PRESS =     0.0
 Etot   =   -234220.9620  EKtot   =     54722.4059  EPtot      =   -288943.3679
 BOND   =      1138.1211  ANGLE   =      2969.0008  DIHED      =      2307.5780
 1-4 NB =      1319.6057  1-4 EEL =     15141.2557  VDWAALS    =     36191.2117
 EELEC  =   -348010.1410  EHBOND  =         0.0000  RESTRAINT  =         0.0000
 Ewald error estimate:   0.4017E-04
 ------------------------------------------------------------------------------


 NSTEP =    34100   TIME(PS) =    2593.825  TEMP(K) =   301.08  PRESS =     0.0
 Etot   =   -234225.4327  EKtot   =     55290.4858  EPtot      =   -289515.9185
 BOND   =      1123.4353  ANGLE   =      2929.5482  DIHED      =      2255.9644
 1-4 NB =      1302.7917  1-4 EEL =     15040.0900  VDWAALS    =     36987.4271
 EELEC  =   -349155.1753  EHBOND  =         0.0000  RESTRAINT  =         0.0000
 Ewald error estimate:   0.4594E-04
 ------------------------------------------------------------------------------


 NSTEP =    34200   TIME(PS) =    2593.975  TEMP(K) =   297.67  PRESS =     0.0
 Etot   =   -234219.9293  EKtot   =     54663.7613  EPtot      =   -288883.6905
 BOND   =      1154.1085  ANGLE   =      2998.1008  DIHED      =      2256.5541
 1-4 NB =      1326.9956  1-4 EEL =     15122.4995  VDWAALS    =     37111.5898
 EELEC  =   -348853.5390  EHBOND  =         0.0000  RESTRAINT  =         0.0000
 Ewald error estimate:   0.5427E-04
 ------------------------------------------------------------------------------

check COM velocity, temp:        0.000000     0.00(Removed)

 NSTEP =    34300   TIME(PS) =    2594.125  TEMP(K) =   298.77  PRESS =     0.0
 Etot   =   -234218.6431  EKtot   =     54865.3971  EPtot      =   -289084.0402
 BOND   =      1160.2231  ANGLE   =      2961.6222  DIHED      =      2236.5214
 1-4 NB =      1334.5386  1-4 EEL =     15095.1176  VDWAALS    =     36737.8534
 EELEC  =   -348609.9165  EHBOND  =         0.0000  RESTRAINT  =         0.0000
 Ewald error estimate:   0.2384E-04
 ------------------------------------------------------------------------------


 NSTEP =    34400   TIME(PS) =    2594.275  TEMP(K) =   299.06  PRESS =     0.0
 Etot   =   -234220.5571  EKtot   =     54919.4735  EPtot      =   -289140.0306
 BOND   =      1147.3558  ANGLE   =      3004.4726  DIHED      =      2236.1993
 1-4 NB =      1312.9323  1-4 EEL =     15084.5899  VDWAALS    =     36652.0871
 EELEC  =   -348577.6676  EHBOND  =         0.0000  RESTRAINT  =         0.0000
 Ewald error estimate:   0.9848E-05
 ------------------------------------------------------------------------------

check COM velocity, temp:        0.000000     0.00(Removed)

 NSTEP =    34500   TIME(PS) =    2594.425  TEMP(K) =   298.02  PRESS =     0.0
 Etot   =   -234217.7587  EKtot   =     54729.3476  EPtot      =   -288947.1063
 BOND   =      1155.8853  ANGLE   =      2961.2851  DIHED      =      2249.9382
 1-4 NB =      1322.5523  1-4 EEL =     15139.7501  VDWAALS    =     36547.6893
 EELEC  =   -348324.2067  EHBOND  =         0.0000  RESTRAINT  =         0.0000
 Ewald error estimate:   0.1288E-03
 ------------------------------------------------------------------------------


 NSTEP =    34600   TIME(PS) =    2594.575  TEMP(K) =   298.16  PRESS =     0.0
 Etot   =   -234219.0581  EKtot   =     54753.6325  EPtot      =   -288972.6905
 BOND   =      1147.1560  ANGLE   =      3019.3936  DIHED      =      2207.8781
 1-4 NB =      1302.7349  1-4 EEL =     15047.7571  VDWAALS    =     36341.8828
 EELEC  =   -348039.4931  EHBOND  =         0.0000  RESTRAINT  =         0.0000
 Ewald error estimate:   0.7206E-04
 ------------------------------------------------------------------------------


 NSTEP =    34700   TIME(PS) =    2594.725  TEMP(K) =   298.20  PRESS =     0.0
 Etot   =   -234219.1558  EKtot   =     54760.9510  EPtot      =   -288980.1068
 BOND   =      1098.8488  ANGLE   =      2955.7838  DIHED      =      2217.5928
 1-4 NB =      1322.5055  1-4 EEL =     15103.3277  VDWAALS    =     36699.3714
 EELEC  =   -348377.5368  EHBOND  =         0.0000  RESTRAINT  =         0.0000
 Ewald error estimate:   0.3113E-04
 ------------------------------------------------------------------------------

check COM velocity, temp:        0.000000     0.00(Removed)

 NSTEP =    34800   TIME(PS) =    2594.875  TEMP(K) =   299.93  PRESS =     0.0
 Etot   =   -234222.0636  EKtot   =     55079.3421  EPtot      =   -289301.4057
 BOND   =      1125.2405  ANGLE   =      2971.8587  DIHED      =      2257.4922
 1-4 NB =      1295.0290  1-4 EEL =     15050.6885  VDWAALS    =     36646.3300
 EELEC  =   -348648.0445  EHBOND  =         0.0000  RESTRAINT  =         0.0000
 Ewald error estimate:   0.4546E-04
 ------------------------------------------------------------------------------


 NSTEP =    34900   TIME(PS) =    2595.025  TEMP(K) =   298.16  PRESS =     0.0
 Etot   =   -234221.6339  EKtot   =     54753.6518  EPtot      =   -288975.2857
 BOND   =      1171.6712  ANGLE   =      2858.1645  DIHED      =      2259.8952
 1-4 NB =      1326.6532  1-4 EEL =     15113.3932  VDWAALS    =     36248.1876
 EELEC  =   -347953.2506  EHBOND  =         0.0000  RESTRAINT  =         0.0000
 Ewald error estimate:   0.4479E-04
 ------------------------------------------------------------------------------

check COM velocity, temp:        0.000000     0.00(Removed)

 NSTEP =    35000   TIME(PS) =    2595.175  TEMP(K) =   297.51  PRESS =     0.0
 Etot   =   -234219.4787  EKtot   =     54635.2566  EPtot      =   -288854.7352
 BOND   =      1124.1030  ANGLE   =      3008.3109  DIHED      =      2251.8471
 1-4 NB =      1330.9348  1-4 EEL =     15128.7881  VDWAALS    =     36615.3381
 EELEC  =   -348314.0572  EHBOND  =         0.0000  RESTRAINT  =         0.0000
 Ewald error estimate:   0.4301E-04
 ------------------------------------------------------------------------------


 NSTEP =    35100   TIME(PS) =    2595.325  TEMP(K) =   299.68  PRESS =     0.0
 Etot   =   -234221.4102  EKtot   =     55033.3776  EPtot      =   -289254.7878
 BOND   =      1053.5532  ANGLE   =      3033.0346  DIHED      =      2216.2158
 1-4 NB =      1312.9526  1-4 EEL =     15197.0280  VDWAALS    =     36885.8227
 EELEC  =   -348953.3947  EHBOND  =         0.0000  RESTRAINT  =         0.0000
 Ewald error estimate:   0.6507E-04
 ------------------------------------------------------------------------------


 NSTEP =    35200   TIME(PS) =    2595.475  TEMP(K) =   298.82  PRESS =     0.0
 Etot   =   -234219.3710  EKtot   =     54876.1199  EPtot      =   -289095.4909
 BOND   =      1150.7209  ANGLE   =      2968.6128  DIHED      =      2225.9305
 1-4 NB =      1306.8619  1-4 EEL =     15090.6996  VDWAALS    =     36784.3945
 EELEC  =   -348622.7113  EHBOND  =         0.0000  RESTRAINT  =         0.0000
 Ewald error estimate:   0.2271E-05
 ------------------------------------------------------------------------------

check COM velocity, temp:        0.000000     0.00(Removed)

 NSTEP =    35300   TIME(PS) =    2595.625  TEMP(K) =   297.71  PRESS =     0.0
 Etot   =   -234220.4750  EKtot   =     54670.6866  EPtot      =   -288891.1616
 BOND   =      1099.2959  ANGLE   =      3004.6386  DIHED      =      2237.9689
 1-4 NB =      1333.0367  1-4 EEL =     15063.7208  VDWAALS    =     36472.7921
 EELEC  =   -348102.6146  EHBOND  =         0.0000  RESTRAINT  =         0.0000
 Ewald error estimate:   0.4386E-05
 ------------------------------------------------------------------------------


 NSTEP =    35400   TIME(PS) =    2595.775  TEMP(K) =   298.47  PRESS =     0.0
 Etot   =   -234222.1434  EKtot   =     54812.0322  EPtot      =   -289034.1756
 BOND   =      1131.9028  ANGLE   =      2989.5656  DIHED      =      2231.7893
 1-4 NB =      1300.0288  1-4 EEL =     15131.5544  VDWAALS    =     36727.5503
 EELEC  =   -348546.5668  EHBOND  =         0.0000  RESTRAINT  =         0.0000
 Ewald error estimate:   0.4368E-04
 ------------------------------------------------------------------------------

check COM velocity, temp:        0.000000     0.00(Removed)

 NSTEP =    35500   TIME(PS) =    2595.925  TEMP(K) =   298.05  PRESS =     0.0
 Etot   =   -234221.9811  EKtot   =     54733.9826  EPtot      =   -288955.9637
 BOND   =      1167.2270  ANGLE   =      2964.5013  DIHED      =      2227.0689
 1-4 NB =      1322.8591  1-4 EEL =     15088.0715  VDWAALS    =     36731.4964
 EELEC  =   -348457.1879  EHBOND  =         0.0000  RESTRAINT  =         0.0000
 Ewald error estimate:   0.3916E-04
 ------------------------------------------------------------------------------


 NSTEP =    35600   TIME(PS) =    2596.075  TEMP(K) =   298.65  PRESS =     0.0
 Etot   =   -234221.6448  EKtot   =     54843.9187  EPtot      =   -289065.5635
 BOND   =      1145.6954  ANGLE   =      2933.8971  DIHED      =      2244.9513
 1-4 NB =      1334.4733  1-4 EEL =     15135.5837  VDWAALS    =     36603.0854
 EELEC  =   -348463.2496  EHBOND  =         0.0000  RESTRAINT  =         0.0000
 Ewald error estimate:   0.1861E-05
 ------------------------------------------------------------------------------


 NSTEP =    35700   TIME(PS) =    2596.225  TEMP(K) =   298.75  PRESS =     0.0
 Etot   =   -234221.8517  EKtot   =     54863.2918  EPtot      =   -289085.1435
 BOND   =      1132.8039  ANGLE   =      2963.8086  DIHED      =      2210.8478
 1-4 NB =      1317.2237  1-4 EEL =     15093.3052  VDWAALS    =     36963.8132
 EELEC  =   -348766.9458  EHBOND  =         0.0000  RESTRAINT  =         0.0000
 Ewald error estimate:   0.5961E-04
 ------------------------------------------------------------------------------

check COM velocity, temp:        0.000000     0.00(Removed)

 NSTEP =    35800   TIME(PS) =    2596.375  TEMP(K) =   297.96  PRESS =     0.0
 Etot   =   -234221.8759  EKtot   =     54717.1772  EPtot      =   -288939.0531
 BOND   =      1130.4503  ANGLE   =      2991.7830  DIHED      =      2229.9129
 1-4 NB =      1323.5067  1-4 EEL =     15074.2760  VDWAALS    =     36644.0301
 EELEC  =   -348333.0120  EHBOND  =         0.0000  RESTRAINT  =         0.0000
 Ewald error estimate:   0.9885E-05
 ------------------------------------------------------------------------------


 NSTEP =    35900   TIME(PS) =    2596.525  TEMP(K) =   298.58  PRESS =     0.0
 Etot   =   -234222.7702  EKtot   =     54831.6769  EPtot      =   -289054.4471
 BOND   =      1130.7192  ANGLE   =      2962.2699  DIHED      =      2197.7295
 1-4 NB =      1329.9111  1-4 EEL =     15111.3409  VDWAALS    =     36614.4083
 EELEC  =   -348400.8260  EHBOND  =         0.0000  RESTRAINT  =         0.0000
 Ewald error estimate:   0.4709E-05
 ------------------------------------------------------------------------------

check COM velocity, temp:        0.000000     0.00(Removed)

 NSTEP =    36000   TIME(PS) =    2596.675  TEMP(K) =   298.56  PRESS =     0.0
 Etot   =   -234223.3135  EKtot   =     54828.4050  EPtot      =   -289051.7185
 BOND   =      1151.9067  ANGLE   =      2970.7707  DIHED      =      2216.7014
 1-4 NB =      1346.0448  1-4 EEL =     15056.8426  VDWAALS    =     36697.0514
 EELEC  =   -348491.0363  EHBOND  =         0.0000  RESTRAINT  =         0.0000
 Ewald error estimate:   0.5193E-05
 ------------------------------------------------------------------------------


 NSTEP =    36100   TIME(PS) =    2596.825  TEMP(K) =   298.25  PRESS =     0.0
 Etot   =   -234221.1928  EKtot   =     54770.0142  EPtot      =   -288991.2070
 BOND   =      1098.9466  ANGLE   =      2939.6429  DIHED      =      2228.6351
 1-4 NB =      1304.2805  1-4 EEL =     15118.7131  VDWAALS    =     36795.4137
 EELEC  =   -348476.8389  EHBOND  =         0.0000  RESTRAINT  =         0.0000
 Ewald error estimate:   0.1068E-04
 ------------------------------------------------------------------------------


 NSTEP =    36200   TIME(PS) =    2596.975  TEMP(K) =   299.07  PRESS =     0.0
 Etot   =   -234222.3073  EKtot   =     54921.2909  EPtot      =   -289143.5983
 BOND   =      1136.7897  ANGLE   =      2976.7607  DIHED      =      2214.6768
 1-4 NB =      1315.7144  1-4 EEL =     15057.7083  VDWAALS    =     36495.5606
 EELEC  =   -348340.8088  EHBOND  =         0.0000  RESTRAINT  =         0.0000
 Ewald error estimate:   0.4102E-04
 ------------------------------------------------------------------------------

check COM velocity, temp:        0.000000     0.00(Removed)

 NSTEP =    36300   TIME(PS) =    2597.125  TEMP(K) =   299.65  PRESS =     0.0
 Etot   =   -234223.9100  EKtot   =     55028.6996  EPtot      =   -289252.6096
 BOND   =      1101.3377  ANGLE   =      2929.6867  DIHED      =      2233.1464
 1-4 NB =      1329.4489  1-4 EEL =     15062.2759  VDWAALS    =     36806.0189
 EELEC  =   -348714.5240  EHBOND  =         0.0000  RESTRAINT  =         0.0000
 Ewald error estimate:   0.2532E-04
 ------------------------------------------------------------------------------


 NSTEP =    36400   TIME(PS) =    2597.275  TEMP(K) =   298.82  PRESS =     0.0
 Etot   =   -234219.8599  EKtot   =     54875.7120  EPtot      =   -289095.5719
 BOND   =      1087.0076  ANGLE   =      2981.1419  DIHED      =      2259.1852
 1-4 NB =      1334.9589  1-4 EEL =     15157.7282  VDWAALS    =     37057.3075
 EELEC  =   -348972.9012  EHBOND  =         0.0000  RESTRAINT  =         0.0000
 Ewald error estimate:   0.2626E-04
 ------------------------------------------------------------------------------

check COM velocity, temp:        0.000000     0.00(Removed)

 NSTEP =    36500   TIME(PS) =    2597.425  TEMP(K) =   299.41  PRESS =     0.0
 Etot   =   -234219.4176  EKtot   =     54984.6472  EPtot      =   -289204.0648
 BOND   =      1156.8142  ANGLE   =      2989.0845  DIHED      =      2268.1998
 1-4 NB =      1280.9949  1-4 EEL =     15057.7153  VDWAALS    =     36711.1129
 EELEC  =   -348667.9864  EHBOND  =         0.0000  RESTRAINT  =         0.0000
 Ewald error estimate:   0.6188E-04
 ------------------------------------------------------------------------------


 NSTEP =    36600   TIME(PS) =    2597.575  TEMP(K) =   297.15  PRESS =     0.0
 Etot   =   -234219.3253  EKtot   =     54568.7185  EPtot      =   -288788.0439
 BOND   =      1118.5176  ANGLE   =      2918.5565  DIHED      =      2211.7425
 1-4 NB =      1341.1005  1-4 EEL =     15159.6527  VDWAALS    =     36401.2829
 EELEC  =   -347938.8966  EHBOND  =         0.0000  RESTRAINT  =         0.0000
 Ewald error estimate:   0.3016E-04
 ------------------------------------------------------------------------------


 NSTEP =    36700   TIME(PS) =    2597.725  TEMP(K) =   298.89  PRESS =     0.0
 Etot   =   -234219.9529  EKtot   =     54889.0437  EPtot      =   -289108.9966
 BOND   =      1107.7079  ANGLE   =      2958.8176  DIHED      =      2238.1331
 1-4 NB =      1311.3131  1-4 EEL =     15138.1668  VDWAALS    =     36431.8478
 EELEC  =   -348294.9829  EHBOND  =         0.0000  RESTRAINT  =         0.0000
 Ewald error estimate:   0.2868E-04
 ------------------------------------------------------------------------------

check COM velocity, temp:        0.000000     0.00(Removed)

 NSTEP =    36800   TIME(PS) =    2597.875  TEMP(K) =   299.49  PRESS =     0.0
 Etot   =   -234221.6834  EKtot   =     54998.4128  EPtot      =   -289220.0962
 BOND   =      1129.2165  ANGLE   =      3001.1535  DIHED      =      2217.8671
 1-4 NB =      1277.3960  1-4 EEL =     14968.9183  VDWAALS    =     36815.6707
 EELEC  =   -348630.3183  EHBOND  =         0.0000  RESTRAINT  =         0.0000
 Ewald error estimate:   0.5462E-04
 ------------------------------------------------------------------------------


 NSTEP =    36900   TIME(PS) =    2598.025  TEMP(K) =   299.69  PRESS =     0.0
 Etot   =   -234221.5629  EKtot   =     55035.5082  EPtot      =   -289257.0711
 BOND   =      1153.1074  ANGLE   =      2989.1525  DIHED      =      2210.6220
 1-4 NB =      1290.4522  1-4 EEL =     15105.4453  VDWAALS    =     36952.2933
 EELEC  =   -348958.1437  EHBOND  =         0.0000  RESTRAINT  =         0.0000
 Ewald error estimate:   0.2070E-04
 ------------------------------------------------------------------------------

check COM velocity, temp:        0.000000     0.00(Removed)

 NSTEP =    37000   TIME(PS) =    2598.175  TEMP(K) =   298.32  PRESS =     0.0
 Etot   =   -234220.8452  EKtot   =     54783.8551  EPtot      =   -289004.7003
 BOND   =      1086.6509  ANGLE   =      2971.9036  DIHED      =      2199.6175
 1-4 NB =      1309.9982  1-4 EEL =     15110.0649  VDWAALS    =     36927.1217
 EELEC  =   -348610.0572  EHBOND  =         0.0000  RESTRAINT  =         0.0000
 Ewald error estimate:   0.4471E-04
 ------------------------------------------------------------------------------


 NSTEP =    37100   TIME(PS) =    2598.325  TEMP(K) =   297.99  PRESS =     0.0
 Etot   =   -234219.6969  EKtot   =     54723.3904  EPtot      =   -288943.0873
 BOND   =      1085.9723  ANGLE   =      2985.9350  DIHED      =      2259.8305
 1-4 NB =      1299.9452  1-4 EEL =     15115.8205  VDWAALS    =     36793.4432
 EELEC  =   -348484.0340  EHBOND  =         0.0000  RESTRAINT  =         0.0000
 Ewald error estimate:   0.3062E-04
 ------------------------------------------------------------------------------


 NSTEP =    37200   TIME(PS) =    2598.475  TEMP(K) =   298.59  PRESS =     0.0
 Etot   =   -234221.6136  EKtot   =     54832.9281  EPtot      =   -289054.5417
 BOND   =      1107.0020  ANGLE   =      2915.6726  DIHED      =      2278.6929
 1-4 NB =      1303.2211  1-4 EEL =     15085.0834  VDWAALS    =     36320.1501
 EELEC  =   -348064.3638  EHBOND  =         0.0000  RESTRAINT  =         0.0000
 Ewald error estimate:   0.4334E-04
 ------------------------------------------------------------------------------

check COM velocity, temp:        0.000000     0.00(Removed)

 NSTEP =    37300   TIME(PS) =    2598.625  TEMP(K) =   298.50  PRESS =     0.0
 Etot   =   -234220.6412  EKtot   =     54817.3861  EPtot      =   -289038.0273
 BOND   =      1101.2756  ANGLE   =      3011.4175  DIHED      =      2216.6910
 1-4 NB =      1317.0928  1-4 EEL =     15061.1995  VDWAALS    =     36601.9542
 EELEC  =   -348347.6579  EHBOND  =         0.0000  RESTRAINT  =         0.0000
 Ewald error estimate:   0.3713E-04
 ------------------------------------------------------------------------------


 NSTEP =    37400   TIME(PS) =    2598.775  TEMP(K) =   298.13  PRESS =     0.0
 Etot   =   -234219.9108  EKtot   =     54748.0231  EPtot      =   -288967.9339
 BOND   =      1081.9147  ANGLE   =      2971.7741  DIHED      =      2230.2539
 1-4 NB =      1325.7641  1-4 EEL =     15110.7493  VDWAALS    =     36528.6503
 EELEC  =   -348217.0404  EHBOND  =         0.0000  RESTRAINT  =         0.0000
 Ewald error estimate:   0.3143E-04
 ------------------------------------------------------------------------------

check COM velocity, temp:        0.000000     0.00(Removed)

 NSTEP =    37500   TIME(PS) =    2598.925  TEMP(K) =   297.41  PRESS =     0.0
 Etot   =   -234218.5165  EKtot   =     54615.6461  EPtot      =   -288834.1626
 BOND   =      1124.5616  ANGLE   =      2968.5820  DIHED      =      2221.8946
 1-4 NB =      1326.2556  1-4 EEL =     15145.9604  VDWAALS    =     36856.0801
 EELEC  =   -348477.4968  EHBOND  =         0.0000  RESTRAINT  =         0.0000
 Ewald error estimate:   0.2329E-04
 ------------------------------------------------------------------------------


 NSTEP =    37600   TIME(PS) =    2599.075  TEMP(K) =   298.70  PRESS =     0.0
 Etot   =   -234220.7148  EKtot   =     54853.3998  EPtot      =   -289074.1146
 BOND   =      1136.0913  ANGLE   =      2960.2865  DIHED      =      2243.2159
 1-4 NB =      1293.3890  1-4 EEL =     15048.8895  VDWAALS    =     36872.2359
 EELEC  =   -348628.2228  EHBOND  =         0.0000  RESTRAINT  =         0.0000
 Ewald error estimate:   0.5230E-04
 ------------------------------------------------------------------------------


 NSTEP =    37700   TIME(PS) =    2599.225  TEMP(K) =   297.10  PRESS =     0.0
 Etot   =   -234217.6843  EKtot   =     54560.1577  EPtot      =   -288777.8420
 BOND   =      1092.1709  ANGLE   =      2989.3039  DIHED      =      2217.4311
 1-4 NB =      1286.0643  1-4 EEL =     15039.3199  VDWAALS    =     36629.5836
 EELEC  =   -348031.7157  EHBOND  =         0.0000  RESTRAINT  =         0.0000
 Ewald error estimate:   0.7594E-04
 ------------------------------------------------------------------------------

check COM velocity, temp:        0.000000     0.00(Removed)

 NSTEP =    37800   TIME(PS) =    2599.375  TEMP(K) =   298.24  PRESS =     0.0
 Etot   =   -234217.2135  EKtot   =     54769.0207  EPtot      =   -288986.2341
 BOND   =      1146.9292  ANGLE   =      2990.2034  DIHED      =      2216.3362
 1-4 NB =      1291.3718  1-4 EEL =     15056.9440  VDWAALS    =     36543.1320
 EELEC  =   -348231.1507  EHBOND  =         0.0000  RESTRAINT  =         0.0000
 Ewald error estimate:   0.2812E-04
 ------------------------------------------------------------------------------


 NSTEP =    37900   TIME(PS) =    2599.525  TEMP(K) =   298.94  PRESS =     0.0
 Etot   =   -234221.3560  EKtot   =     54897.8157  EPtot      =   -289119.1717
 BOND   =      1063.7041  ANGLE   =      2981.9784  DIHED      =      2225.0494
 1-4 NB =      1278.5078  1-4 EEL =     15085.0536  VDWAALS    =     36642.0081
 EELEC  =   -348395.4731  EHBOND  =         0.0000  RESTRAINT  =         0.0000
 Ewald error estimate:   0.8327E-04
 ------------------------------------------------------------------------------

check COM velocity, temp:        0.000000     0.00(Removed)

 NSTEP =    38000   TIME(PS) =    2599.675  TEMP(K) =   298.28  PRESS =     0.0
 Etot   =   -234220.0596  EKtot   =     54775.9963  EPtot      =   -288996.0558
 BOND   =      1143.4419  ANGLE   =      2947.0682  DIHED      =      2242.8898
 1-4 NB =      1317.7317  1-4 EEL =     15077.7792  VDWAALS    =     36486.8500
 EELEC  =   -348211.8167  EHBOND  =         0.0000  RESTRAINT  =         0.0000
 Ewald error estimate:   0.1413E-04
 ------------------------------------------------------------------------------


 NSTEP =    38100   TIME(PS) =    2599.825  TEMP(K) =   298.73  PRESS =     0.0
 Etot   =   -234218.7737  EKtot   =     54859.0783  EPtot      =   -289077.8519
 BOND   =      1135.5386  ANGLE   =      3026.2703  DIHED      =      2255.1261
 1-4 NB =      1317.2951  1-4 EEL =     15015.8445  VDWAALS    =     36271.1750
 EELEC  =   -348099.1016  EHBOND  =         0.0000  RESTRAINT  =         0.0000
 Ewald error estimate:   0.4297E-04
 ------------------------------------------------------------------------------


 NSTEP =    38200   TIME(PS) =    2599.975  TEMP(K) =   297.07  PRESS =     0.0
 Etot   =   -234220.2013  EKtot   =     54553.4161  EPtot      =   -288773.6174
 BOND   =      1160.0013  ANGLE   =      2967.6138  DIHED      =      2260.8622
 1-4 NB =      1317.7983  1-4 EEL =     15000.9930  VDWAALS    =     36803.6935
 EELEC  =   -348284.5794  EHBOND  =         0.0000  RESTRAINT  =         0.0000
 Ewald error estimate:   0.3589E-04
 ------------------------------------------------------------------------------

check COM velocity, temp:        0.000000     0.00(Removed)

 NSTEP =    38300   TIME(PS) =    2600.125  TEMP(K) =   299.14  PRESS =     0.0
 Etot   =   -234218.6880  EKtot   =     54933.4732  EPtot      =   -289152.1613
 BOND   =      1155.7364  ANGLE   =      2925.0450  DIHED      =      2253.5474
 1-4 NB =      1309.0608  1-4 EEL =     15130.1977  VDWAALS    =     36543.8999
 EELEC  =   -348469.6485  EHBOND  =         0.0000  RESTRAINT  =         0.0000
 Ewald error estimate:   0.6176E-04
 ------------------------------------------------------------------------------


 NSTEP =    38400   TIME(PS) =    2600.275  TEMP(K) =   297.66  PRESS =     0.0
 Etot   =   -234220.6714  EKtot   =     54663.2106  EPtot      =   -288883.8820
 BOND   =      1149.8536  ANGLE   =      2983.9374  DIHED      =      2247.1081
 1-4 NB =      1305.9771  1-4 EEL =     15015.2478  VDWAALS    =     36678.2362
 EELEC  =   -348264.2422  EHBOND  =         0.0000  RESTRAINT  =         0.0000
 Ewald error estimate:   0.3816E-04
 ------------------------------------------------------------------------------

check COM velocity, temp:        0.000000     0.00(Removed)

 NSTEP =    38500   TIME(PS) =    2600.425  TEMP(K) =   299.94  PRESS =     0.0
 Etot   =   -234223.8951  EKtot   =     55080.2583  EPtot      =   -289304.1534
 BOND   =      1139.2694  ANGLE   =      2895.7285  DIHED      =      2251.2131
 1-4 NB =      1318.4275  1-4 EEL =     15082.9849  VDWAALS    =     36307.5572
 EELEC  =   -348299.3341  EHBOND  =         0.0000  RESTRAINT  =         0.0000
 Ewald error estimate:   0.5908E-04
 ------------------------------------------------------------------------------


 NSTEP =    38600   TIME(PS) =    2600.575  TEMP(K) =   297.72  PRESS =     0.0
 Etot   =   -234220.2615  EKtot   =     54672.9284  EPtot      =   -288893.1899
 BOND   =      1133.8118  ANGLE   =      2979.8919  DIHED      =      2263.5468
 1-4 NB =      1296.4814  1-4 EEL =     15039.0273  VDWAALS    =     36417.9800
 EELEC  =   -348023.9292  EHBOND  =         0.0000  RESTRAINT  =         0.0000
 Ewald error estimate:   0.8948E-04
 ------------------------------------------------------------------------------


 NSTEP =    38700   TIME(PS) =    2600.725  TEMP(K) =   297.07  PRESS =     0.0
 Etot   =   -234219.1409  EKtot   =     54553.7013  EPtot      =   -288772.8422
 BOND   =      1121.9059  ANGLE   =      3008.2746  DIHED      =      2210.2054
 1-4 NB =      1288.2933  1-4 EEL =     15030.2687  VDWAALS    =     36573.8097
 EELEC  =   -348005.5998  EHBOND  =         0.0000  RESTRAINT  =         0.0000
 Ewald error estimate:   0.8730E-04
 ------------------------------------------------------------------------------

check COM velocity, temp:        0.000000     0.00(Removed)

 NSTEP =    38800   TIME(PS) =    2600.875  TEMP(K) =   298.44  PRESS =     0.0
 Etot   =   -234217.8291  EKtot   =     54805.5882  EPtot      =   -289023.4173
 BOND   =      1139.7640  ANGLE   =      2989.5541  DIHED      =      2217.5991
 1-4 NB =      1298.1211  1-4 EEL =     15024.1779  VDWAALS    =     36466.6677
 EELEC  =   -348159.3011  EHBOND  =         0.0000  RESTRAINT  =         0.0000
 Ewald error estimate:   0.8379E-04
 ------------------------------------------------------------------------------


 NSTEP =    38900   TIME(PS) =    2601.025  TEMP(K) =   298.39  PRESS =     0.0
 Etot   =   -234220.9820  EKtot   =     54795.8050  EPtot      =   -289016.7870
 BOND   =      1136.7205  ANGLE   =      2983.4944  DIHED      =      2198.4749
 1-4 NB =      1311.9244  1-4 EEL =     15017.6114  VDWAALS    =     36726.0975
 EELEC  =   -348391.1100  EHBOND  =         0.0000  RESTRAINT  =         0.0000
 Ewald error estimate:   0.3012E-04
 ------------------------------------------------------------------------------

check COM velocity, temp:        0.000000     0.00(Removed)

 NSTEP =    39000   TIME(PS) =    2601.175  TEMP(K) =   299.25  PRESS =     0.0
 Etot   =   -234223.1554  EKtot   =     54953.8269  EPtot      =   -289176.9823
 BOND   =      1126.5526  ANGLE   =      2937.0818  DIHED      =      2233.0457
 1-4 NB =      1311.7915  1-4 EEL =     15011.3118  VDWAALS    =     37291.1359
 EELEC  =   -349087.9017  EHBOND  =         0.0000  RESTRAINT  =         0.0000
 Ewald error estimate:   0.4212E-04
 ------------------------------------------------------------------------------


 NSTEP =    39100   TIME(PS) =    2601.325  TEMP(K) =   299.37  PRESS =     0.0
 Etot   =   -234221.4485  EKtot   =     54975.7959  EPtot      =   -289197.2444
 BOND   =      1107.0223  ANGLE   =      3026.5619  DIHED      =      2239.6842
 1-4 NB =      1311.4114  1-4 EEL =     15065.3725  VDWAALS    =     36513.1738
 EELEC  =   -348460.4705  EHBOND  =         0.0000  RESTRAINT  =         0.0000
 Ewald error estimate:   0.2206E-04
 ------------------------------------------------------------------------------


 NSTEP =    39200   TIME(PS) =    2601.475  TEMP(K) =   297.73  PRESS =     0.0
 Etot   =   -234221.3179  EKtot   =     54676.0533  EPtot      =   -288897.3711
 BOND   =      1078.9610  ANGLE   =      3007.5891  DIHED      =      2238.0775
 1-4 NB =      1340.0633  1-4 EEL =     15013.4402  VDWAALS    =     36677.7011
 EELEC  =   -348253.2033  EHBOND  =         0.0000  RESTRAINT  =         0.0000
 Ewald error estimate:   0.4232E-05
 ------------------------------------------------------------------------------

check COM velocity, temp:        0.000000     0.00(Removed)

 NSTEP =    39300   TIME(PS) =    2601.625  TEMP(K) =   299.33  PRESS =     0.0
 Etot   =   -234223.4265  EKtot   =     54969.8061  EPtot      =   -289193.2327
 BOND   =      1102.3829  ANGLE   =      2989.7928  DIHED      =      2230.2409
 1-4 NB =      1312.0908  1-4 EEL =     15019.8280  VDWAALS    =     36340.3782
 EELEC  =   -348187.9462  EHBOND  =         0.0000  RESTRAINT  =         0.0000
 Ewald error estimate:   0.1077E-04
 ------------------------------------------------------------------------------


 NSTEP =    39400   TIME(PS) =    2601.775  TEMP(K) =   298.43  PRESS =     0.0
 Etot   =   -234223.6715  EKtot   =     54803.3609  EPtot      =   -289027.0324
 BOND   =      1119.7814  ANGLE   =      2947.8051  DIHED      =      2210.3844
 1-4 NB =      1284.4168  1-4 EEL =     15072.3983  VDWAALS    =     36102.2938
 EELEC  =   -347764.1122  EHBOND  =         0.0000  RESTRAINT  =         0.0000
 Ewald error estimate:   0.2401E-04
 ------------------------------------------------------------------------------

check COM velocity, temp:        0.000000     0.00(Removed)

 NSTEP =    39500   TIME(PS) =    2601.925  TEMP(K) =   298.05  PRESS =     0.0
 Etot   =   -234218.5332  EKtot   =     54734.2431  EPtot      =   -288952.7763
 BOND   =      1122.8096  ANGLE   =      2995.0764  DIHED      =      2241.9172
 1-4 NB =      1321.5837  1-4 EEL =     15049.3361  VDWAALS    =     36497.3699
 EELEC  =   -348180.8693  EHBOND  =         0.0000  RESTRAINT  =         0.0000
 Ewald error estimate:   0.7359E-04
 ------------------------------------------------------------------------------


 NSTEP =    39600   TIME(PS) =    2602.075  TEMP(K) =   298.36  PRESS =     0.0
 Etot   =   -234222.6112  EKtot   =     54790.1162  EPtot      =   -289012.7274
 BOND   =      1100.8735  ANGLE   =      2967.8670  DIHED      =      2203.3600
 1-4 NB =      1307.8048  1-4 EEL =     15079.6037  VDWAALS    =     36541.0846
 EELEC  =   -348213.3209  EHBOND  =         0.0000  RESTRAINT  =         0.0000
 Ewald error estimate:   0.4005E-04
 ------------------------------------------------------------------------------


 NSTEP =    39700   TIME(PS) =    2602.225  TEMP(K) =   299.03  PRESS =     0.0
 Etot   =   -234220.9467  EKtot   =     54914.1761  EPtot      =   -289135.1227
 BOND   =      1106.4757  ANGLE   =      3015.5911  DIHED      =      2178.2283
 1-4 NB =      1313.4481  1-4 EEL =     15035.9103  VDWAALS    =     37111.2464
 EELEC  =   -348896.0227  EHBOND  =         0.0000  RESTRAINT  =         0.0000
 Ewald error estimate:   0.6748E-04
 ------------------------------------------------------------------------------

check COM velocity, temp:        0.000000     0.00(Removed)

 NSTEP =    39800   TIME(PS) =    2602.375  TEMP(K) =   296.79  PRESS =     0.0
 Etot   =   -234217.6087  EKtot   =     54502.8984  EPtot      =   -288720.5071
 BOND   =      1137.2086  ANGLE   =      2997.9453  DIHED      =      2247.5445
 1-4 NB =      1291.7232  1-4 EEL =     15101.0750  VDWAALS    =     36872.3440
 EELEC  =   -348368.3478  EHBOND  =         0.0000  RESTRAINT  =         0.0000
 Ewald error estimate:   0.6033E-04
 ------------------------------------------------------------------------------


 NSTEP =    39900   TIME(PS) =    2602.525  TEMP(K) =   298.93  PRESS =     0.0
 Etot   =   -234223.2135  EKtot   =     54896.3446  EPtot      =   -289119.5581
 BOND   =      1104.4686  ANGLE   =      2995.1283  DIHED      =      2284.2148
 1-4 NB =      1332.0988  1-4 EEL =     15068.9961  VDWAALS    =     36756.0000
 EELEC  =   -348660.4646  EHBOND  =         0.0000  RESTRAINT  =         0.0000
 Ewald error estimate:   0.3050E-04
 ------------------------------------------------------------------------------

check COM velocity, temp:        0.000000     0.00(Removed)

 NSTEP =    40000   TIME(PS) =    2602.675  TEMP(K) =   299.17  PRESS =     0.0
 Etot   =   -234221.8349  EKtot   =     54940.0244  EPtot      =   -289161.8593
 BOND   =      1151.2411  ANGLE   =      3003.6983  DIHED      =      2271.7192
 1-4 NB =      1305.2157  1-4 EEL =     15005.5635  VDWAALS    =     37029.0248
 EELEC  =   -348928.3218  EHBOND  =         0.0000  RESTRAINT  =         0.0000
 Ewald error estimate:   0.1083E-03
 ------------------------------------------------------------------------------


 NSTEP =    40100   TIME(PS) =    2602.825  TEMP(K) =   298.57  PRESS =     0.0
 Etot   =   -234219.5753  EKtot   =     54829.1567  EPtot      =   -289048.7320
 BOND   =      1112.1205  ANGLE   =      3000.6379  DIHED      =      2253.8548
 1-4 NB =      1331.4970  1-4 EEL =     15131.6602  VDWAALS    =     36334.4474
 EELEC  =   -348212.9497  EHBOND  =         0.0000  RESTRAINT  =         0.0000
 Ewald error estimate:   0.2923E-04
 ------------------------------------------------------------------------------


 NSTEP =    40200   TIME(PS) =    2602.975  TEMP(K) =   297.87  PRESS =     0.0
 Etot   =   -234218.4855  EKtot   =     54701.0185  EPtot      =   -288919.5040
 BOND   =      1142.3655  ANGLE   =      2966.3161  DIHED      =      2229.2125
 1-4 NB =      1317.1281  1-4 EEL =     15108.5670  VDWAALS    =     36526.5575
 EELEC  =   -348209.6506  EHBOND  =         0.0000  RESTRAINT  =         0.0000
 Ewald error estimate:   0.8946E-04
 ------------------------------------------------------------------------------

check COM velocity, temp:        0.000000     0.00(Removed)

 NSTEP =    40300   TIME(PS) =    2603.125  TEMP(K) =   297.73  PRESS =     0.0
 Etot   =   -234218.0810  EKtot   =     54674.3361  EPtot      =   -288892.4171
 BOND   =      1148.7630  ANGLE   =      2996.8368  DIHED      =      2250.2784
 1-4 NB =      1300.4871  1-4 EEL =     15010.3479  VDWAALS    =     36621.8244
 EELEC  =   -348220.9547  EHBOND  =         0.0000  RESTRAINT  =         0.0000
 Ewald error estimate:   0.3834E-04
 ------------------------------------------------------------------------------


 NSTEP =    40400   TIME(PS) =    2603.275  TEMP(K) =   298.15  PRESS =     0.0
 Etot   =   -234219.7741  EKtot   =     54751.7253  EPtot      =   -288971.4994
 BOND   =      1133.3636  ANGLE   =      2898.9253  DIHED      =      2228.7235
 1-4 NB =      1311.5322  1-4 EEL =     15073.8829  VDWAALS    =     36909.9780
 EELEC  =   -348527.9048  EHBOND  =         0.0000  RESTRAINT  =         0.0000
 Ewald error estimate:   0.8126E-04
 ------------------------------------------------------------------------------

check COM velocity, temp:        0.000000     0.00(Removed)

 NSTEP =    40500   TIME(PS) =    2603.425  TEMP(K) =   299.07  PRESS =     0.0
 Etot   =   -234220.3958  EKtot   =     54921.2052  EPtot      =   -289141.6010
 BOND   =      1088.0008  ANGLE   =      2946.8074  DIHED      =      2257.7070
 1-4 NB =      1321.6173  1-4 EEL =     15097.6134  VDWAALS    =     36477.0263
 EELEC  =   -348330.3731  EHBOND  =         0.0000  RESTRAINT  =         0.0000
 Ewald error estimate:   0.9525E-04
 ------------------------------------------------------------------------------


 NSTEP =    40600   TIME(PS) =    2603.575  TEMP(K) =   299.95  PRESS =     0.0
 Etot   =   -234220.4548  EKtot   =     55082.3281  EPtot      =   -289302.7830
 BOND   =      1105.7472  ANGLE   =      2913.1163  DIHED      =      2211.2253
 1-4 NB =      1303.3494  1-4 EEL =     15063.8912  VDWAALS    =     37091.5156
 EELEC  =   -348991.6281  EHBOND  =         0.0000  RESTRAINT  =         0.0000
 Ewald error estimate:   0.2787E-04
 ------------------------------------------------------------------------------


 NSTEP =    40700   TIME(PS) =    2603.725  TEMP(K) =   299.06  PRESS =     0.0
 Etot   =   -234221.1452  EKtot   =     54918.5947  EPtot      =   -289139.7399
 BOND   =      1100.9783  ANGLE   =      2945.3486  DIHED      =      2254.3748
 1-4 NB =      1309.6347  1-4 EEL =     15080.6719  VDWAALS    =     36959.0277
 EELEC  =   -348789.7758  EHBOND  =         0.0000  RESTRAINT  =         0.0000
 Ewald error estimate:   0.2371E-04
 ------------------------------------------------------------------------------

check COM velocity, temp:        0.000000     0.00(Removed)

 NSTEP =    40800   TIME(PS) =    2603.875  TEMP(K) =   299.30  PRESS =     0.0
 Etot   =   -234220.9168  EKtot   =     54963.9495  EPtot      =   -289184.8663
 BOND   =      1116.2655  ANGLE   =      2924.5345  DIHED      =      2270.6406
 1-4 NB =      1307.3131  1-4 EEL =     15055.1009  VDWAALS    =     36806.4783
 EELEC  =   -348665.1993  EHBOND  =         0.0000  RESTRAINT  =         0.0000
 Ewald error estimate:   0.2221E-04
 ------------------------------------------------------------------------------


 NSTEP =    40900   TIME(PS) =    2604.025  TEMP(K) =   299.04  PRESS =     0.0
 Etot   =   -234220.3339  EKtot   =     54915.7018  EPtot      =   -289136.0357
 BOND   =      1108.0931  ANGLE   =      2941.4998  DIHED      =      2237.4103
 1-4 NB =      1300.1161  1-4 EEL =     15031.6319  VDWAALS    =     36696.8634
 EELEC  =   -348451.6502  EHBOND  =         0.0000  RESTRAINT  =         0.0000
 Ewald error estimate:   0.2304E-04
 ------------------------------------------------------------------------------

check COM velocity, temp:        0.000000     0.00(Removed)

 NSTEP =    41000   TIME(PS) =    2604.175  TEMP(K) =   296.93  PRESS =     0.0
 Etot   =   -234217.1770  EKtot   =     54529.1304  EPtot      =   -288746.3073
 BOND   =      1112.4028  ANGLE   =      2943.9970  DIHED      =      2256.9761
 1-4 NB =      1313.4970  1-4 EEL =     15055.2403  VDWAALS    =     36559.4991
 EELEC  =   -347987.9197  EHBOND  =         0.0000  RESTRAINT  =         0.0000
 Ewald error estimate:   0.3854E-04
 ------------------------------------------------------------------------------


 NSTEP =    41100   TIME(PS) =    2604.325  TEMP(K) =   298.67  PRESS =     0.0
 Etot   =   -234220.6074  EKtot   =     54848.5942  EPtot      =   -289069.2015
 BOND   =      1119.6715  ANGLE   =      2943.2891  DIHED      =      2234.9446
 1-4 NB =      1310.8384  1-4 EEL =     15078.0850  VDWAALS    =     36907.4094
 EELEC  =   -348663.4394  EHBOND  =         0.0000  RESTRAINT  =         0.0000
 Ewald error estimate:   0.8924E-06
 ------------------------------------------------------------------------------


 NSTEP =    41200   TIME(PS) =    2604.475  TEMP(K) =   297.43  PRESS =     0.0
 Etot   =   -234219.3406  EKtot   =     54620.6141  EPtot      =   -288839.9548
 BOND   =      1106.2033  ANGLE   =      2981.0035  DIHED      =      2257.9847
 1-4 NB =      1286.9636  1-4 EEL =     15112.3229  VDWAALS    =     36784.6822
 EELEC  =   -348369.1151  EHBOND  =         0.0000  RESTRAINT  =         0.0000
 Ewald error estimate:   0.2206E-04
 ------------------------------------------------------------------------------

check COM velocity, temp:        0.000000     0.00(Removed)

 NSTEP =    41300   TIME(PS) =    2604.625  TEMP(K) =   297.60  PRESS =     0.0
 Etot   =   -234221.4749  EKtot   =     54651.5819  EPtot      =   -288873.0568
 BOND   =      1082.8966  ANGLE   =      2947.8019  DIHED      =      2267.9891
 1-4 NB =      1311.3656  1-4 EEL =     15141.2317  VDWAALS    =     36605.7120
 EELEC  =   -348230.0537  EHBOND  =         0.0000  RESTRAINT  =         0.0000
 Ewald error estimate:   0.1092E-05
 ------------------------------------------------------------------------------


 NSTEP =    41400   TIME(PS) =    2604.775  TEMP(K) =   298.55  PRESS =     0.0
 Etot   =   -234221.3620  EKtot   =     54825.8980  EPtot      =   -289047.2600
 BOND   =      1077.5396  ANGLE   =      2918.8778  DIHED      =      2252.1729
 1-4 NB =      1344.2756  1-4 EEL =     15154.7119  VDWAALS    =     36488.3641
 EELEC  =   -348283.2019  EHBOND  =         0.0000  RESTRAINT  =         0.0000
 Ewald error estimate:   0.3889E-04
 ------------------------------------------------------------------------------

check COM velocity, temp:        0.000000     0.00(Removed)

 NSTEP =    41500   TIME(PS) =    2604.925  TEMP(K) =   298.96  PRESS =     0.0
 Etot   =   -234222.0499  EKtot   =     54901.2086  EPtot      =   -289123.2585
 BOND   =      1127.8986  ANGLE   =      2970.2834  DIHED      =      2247.4456
 1-4 NB =      1288.6306  1-4 EEL =     15049.6330  VDWAALS    =     36845.5105
 EELEC  =   -348652.6601  EHBOND  =         0.0000  RESTRAINT  =         0.0000
 Ewald error estimate:   0.1150E-04
 ------------------------------------------------------------------------------


 NSTEP =    41600   TIME(PS) =    2605.075  TEMP(K) =   298.39  PRESS =     0.0
 Etot   =   -234220.9567  EKtot   =     54796.3033  EPtot      =   -289017.2600
 BOND   =      1119.9218  ANGLE   =      2890.0358  DIHED      =      2233.7737
 1-4 NB =      1336.9012  1-4 EEL =     15106.9532  VDWAALS    =     36355.9058
 EELEC  =   -348060.7515  EHBOND  =         0.0000  RESTRAINT  =         0.0000
 Ewald error estimate:   0.1862E-04
 ------------------------------------------------------------------------------


 NSTEP =    41700   TIME(PS) =    2605.225  TEMP(K) =   298.15  PRESS =     0.0
 Etot   =   -234221.9661  EKtot   =     54752.1445  EPtot      =   -288974.1107
 BOND   =      1117.4469  ANGLE   =      2974.1864  DIHED      =      2242.2137
 1-4 NB =      1306.6473  1-4 EEL =     15044.0402  VDWAALS    =     36978.5036
 EELEC  =   -348637.1487  EHBOND  =         0.0000  RESTRAINT  =         0.0000
 Ewald error estimate:   0.1233E-03
 ------------------------------------------------------------------------------

check COM velocity, temp:        0.000000     0.00(Removed)

 NSTEP =    41800   TIME(PS) =    2605.375  TEMP(K) =   299.04  PRESS =     0.0
 Etot   =   -234222.2029  EKtot   =     54916.6156  EPtot      =   -289138.8185
 BOND   =      1130.8709  ANGLE   =      2901.7083  DIHED      =      2218.7330
 1-4 NB =      1294.0856  1-4 EEL =     15152.3593  VDWAALS    =     36613.5481
 EELEC  =   -348450.1236  EHBOND  =         0.0000  RESTRAINT  =         0.0000
 Ewald error estimate:   0.8846E-05
 ------------------------------------------------------------------------------


 NSTEP =    41900   TIME(PS) =    2605.525  TEMP(K) =   298.45  PRESS =     0.0
 Etot   =   -234220.8951  EKtot   =     54806.7466  EPtot      =   -289027.6417
 BOND   =      1107.4636  ANGLE   =      2941.3316  DIHED      =      2257.1221
 1-4 NB =      1316.8549  1-4 EEL =     15110.0238  VDWAALS    =     36783.7621
 EELEC  =   -348544.1998  EHBOND  =         0.0000  RESTRAINT  =         0.0000
 Ewald error estimate:   0.1160E-04
 ------------------------------------------------------------------------------

check COM velocity, temp:        0.000000     0.00(Removed)

 NSTEP =    42000   TIME(PS) =    2605.675  TEMP(K) =   298.71  PRESS =     0.0
 Etot   =   -234220.7833  EKtot   =     54855.6075  EPtot      =   -289076.3908
 BOND   =      1081.7152  ANGLE   =      2960.1364  DIHED      =      2218.0489
 1-4 NB =      1321.7277  1-4 EEL =     15146.4795  VDWAALS    =     36787.6326
 EELEC  =   -348592.1311  EHBOND  =         0.0000  RESTRAINT  =         0.0000
 Ewald error estimate:   0.5339E-04
 ------------------------------------------------------------------------------


 NSTEP =    42100   TIME(PS) =    2605.825  TEMP(K) =   297.26  PRESS =     0.0
 Etot   =   -234220.5899  EKtot   =     54589.0987  EPtot      =   -288809.6886
 BOND   =      1094.8240  ANGLE   =      2954.1773  DIHED      =      2250.8374
 1-4 NB =      1319.0270  1-4 EEL =     15166.0924  VDWAALS    =     36490.0065
 EELEC  =   -348084.6531  EHBOND  =         0.0000  RESTRAINT  =         0.0000
 Ewald error estimate:   0.5933E-05
 ------------------------------------------------------------------------------


 NSTEP =    42200   TIME(PS) =    2605.975  TEMP(K) =   299.51  PRESS =     0.0
 Etot   =   -234222.1220  EKtot   =     55001.4418  EPtot      =   -289223.5638
 BOND   =      1121.2066  ANGLE   =      2912.6513  DIHED      =      2256.9931
 1-4 NB =      1307.3174  1-4 EEL =     15119.2181  VDWAALS    =     36864.6290
 EELEC  =   -348805.5792  EHBOND  =         0.0000  RESTRAINT  =         0.0000
 Ewald error estimate:   0.5548E-04
 ------------------------------------------------------------------------------

check COM velocity, temp:        0.000000     0.00(Removed)

 NSTEP =    42300   TIME(PS) =    2606.125  TEMP(K) =   299.45  PRESS =     0.0
 Etot   =   -234220.3167  EKtot   =     54991.9206  EPtot      =   -289212.2373
 BOND   =      1119.2691  ANGLE   =      2967.5416  DIHED      =      2277.4901
 1-4 NB =      1298.7115  1-4 EEL =     15079.4337  VDWAALS    =     37015.4842
 EELEC  =   -348970.1675  EHBOND  =         0.0000  RESTRAINT  =         0.0000
 Ewald error estimate:   0.6051E-04
 ------------------------------------------------------------------------------


 NSTEP =    42400   TIME(PS) =    2606.275  TEMP(K) =   298.30  PRESS =     0.0
 Etot   =   -234221.1178  EKtot   =     54780.7424  EPtot      =   -289001.8601
 BOND   =      1078.3687  ANGLE   =      2991.9063  DIHED      =      2257.7527
 1-4 NB =      1315.5638  1-4 EEL =     15062.9937  VDWAALS    =     36914.4733
 EELEC  =   -348622.9185  EHBOND  =         0.0000  RESTRAINT  =         0.0000
 Ewald error estimate:   0.6653E-05
 ------------------------------------------------------------------------------

check COM velocity, temp:        0.000000     0.00(Removed)

 NSTEP =    42500   TIME(PS) =    2606.425  TEMP(K) =   297.59  PRESS =     0.0
 Etot   =   -234220.5785  EKtot   =     54649.2854  EPtot      =   -288869.8639
 BOND   =      1110.2579  ANGLE   =      2933.0631  DIHED      =      2238.1137
 1-4 NB =      1317.1144  1-4 EEL =     15102.3609  VDWAALS    =     36480.9014
 EELEC  =   -348051.6754  EHBOND  =         0.0000  RESTRAINT  =         0.0000
 Ewald error estimate:   0.1097E-03
 ------------------------------------------------------------------------------


 NSTEP =    42600   TIME(PS) =    2606.575  TEMP(K) =   298.92  PRESS =     0.0
 Etot   =   -234220.9408  EKtot   =     54894.5298  EPtot      =   -289115.4706
 BOND   =      1078.4921  ANGLE   =      2918.6721  DIHED      =      2282.3842
 1-4 NB =      1325.7352  1-4 EEL =     15108.4323  VDWAALS    =     36717.2832
 EELEC  =   -348546.4697  EHBOND  =         0.0000  RESTRAINT  =         0.0000
 Ewald error estimate:   0.2481E-04
 ------------------------------------------------------------------------------


 NSTEP =    42700   TIME(PS) =    2606.725  TEMP(K) =   297.88  PRESS =     0.0
 Etot   =   -234219.2180  EKtot   =     54702.9589  EPtot      =   -288922.1768
 BOND   =      1100.9104  ANGLE   =      2920.8501  DIHED      =      2232.8988
 1-4 NB =      1317.2347  1-4 EEL =     15133.9194  VDWAALS    =     36591.0142
 EELEC  =   -348219.0045  EHBOND  =         0.0000  RESTRAINT  =         0.0000
 Ewald error estimate:   0.1717E-04
 ------------------------------------------------------------------------------

check COM velocity, temp:        0.000000     0.00(Removed)

 NSTEP =    42800   TIME(PS) =    2606.875  TEMP(K) =   297.94  PRESS =     0.0
 Etot   =   -234219.4353  EKtot   =     54714.1163  EPtot      =   -288933.5516
 BOND   =      1115.1634  ANGLE   =      2962.5634  DIHED      =      2240.1587
 1-4 NB =      1295.5049  1-4 EEL =     15067.0084  VDWAALS    =     36705.0683
 EELEC  =   -348319.0187  EHBOND  =         0.0000  RESTRAINT  =         0.0000
 Ewald error estimate:   0.5607E-04
 ------------------------------------------------------------------------------


 NSTEP =    42900   TIME(PS) =    2607.025  TEMP(K) =   298.27  PRESS =     0.0
 Etot   =   -234219.2365  EKtot   =     54774.4473  EPtot      =   -288993.6838
 BOND   =      1101.6938  ANGLE   =      2956.6955  DIHED      =      2210.7874
 1-4 NB =      1325.0491  1-4 EEL =     15097.9309  VDWAALS    =     36199.8870
 EELEC  =   -347885.7275  EHBOND  =         0.0000  RESTRAINT  =         0.0000
 Ewald error estimate:   0.6710E-04
 ------------------------------------------------------------------------------

check COM velocity, temp:        0.000000     0.00(Removed)

 NSTEP =    43000   TIME(PS) =    2607.175  TEMP(K) =   298.50  PRESS =     0.0
 Etot   =   -234220.3078  EKtot   =     54816.6144  EPtot      =   -289036.9222
 BOND   =      1126.2260  ANGLE   =      2932.9169  DIHED      =      2214.8015
 1-4 NB =      1306.8674  1-4 EEL =     15098.7782  VDWAALS    =     36956.2167
 EELEC  =   -348672.7288  EHBOND  =         0.0000  RESTRAINT  =         0.0000
 Ewald error estimate:   0.2206E-04
 ------------------------------------------------------------------------------


 NSTEP =    43100   TIME(PS) =    2607.325  TEMP(K) =   297.14  PRESS =     0.0
 Etot   =   -234219.1530  EKtot   =     54567.1003  EPtot      =   -288786.2532
 BOND   =      1090.0237  ANGLE   =      2907.0914  DIHED      =      2284.2347
 1-4 NB =      1331.6537  1-4 EEL =     15179.2612  VDWAALS    =     36248.2823
 EELEC  =   -347826.8003  EHBOND  =         0.0000  RESTRAINT  =         0.0000
 Ewald error estimate:   0.6441E-04
 ------------------------------------------------------------------------------


 NSTEP =    43200   TIME(PS) =    2607.475  TEMP(K) =   298.28  PRESS =     0.0
 Etot   =   -234218.9866  EKtot   =     54776.5497  EPtot      =   -288995.5363
 BOND   =      1085.5949  ANGLE   =      2986.4865  DIHED      =      2209.4346
 1-4 NB =      1298.5084  1-4 EEL =     15148.6685  VDWAALS    =     36734.0154
 EELEC  =   -348458.2446  EHBOND  =         0.0000  RESTRAINT  =         0.0000
 Ewald error estimate:   0.1517E-04
 ------------------------------------------------------------------------------

check COM velocity, temp:        0.000000     0.00(Removed)

 NSTEP =    43300   TIME(PS) =    2607.625  TEMP(K) =   299.75  PRESS =     0.0
 Etot   =   -234220.1845  EKtot   =     55046.6628  EPtot      =   -289266.8473
 BOND   =      1032.3668  ANGLE   =      2979.6118  DIHED      =      2229.2448
 1-4 NB =      1351.9729  1-4 EEL =     15115.3211  VDWAALS    =     36432.4947
 EELEC  =   -348407.8594  EHBOND  =         0.0000  RESTRAINT  =         0.0000
 Ewald error estimate:   0.7437E-04
 ------------------------------------------------------------------------------


 NSTEP =    43400   TIME(PS) =    2607.775  TEMP(K) =   298.37  PRESS =     0.0
 Etot   =   -234220.6630  EKtot   =     54792.5885  EPtot      =   -289013.2515
 BOND   =      1084.1105  ANGLE   =      2969.4541  DIHED      =      2241.9990
 1-4 NB =      1315.8063  1-4 EEL =     15020.3267  VDWAALS    =     36472.0307
 EELEC  =   -348116.9788  EHBOND  =         0.0000  RESTRAINT  =         0.0000
 Ewald error estimate:   0.8562E-04
 ------------------------------------------------------------------------------

check COM velocity, temp:        0.000000     0.00(Removed)

 NSTEP =    43500   TIME(PS) =    2607.925  TEMP(K) =   299.14  PRESS =     0.0
 Etot   =   -234223.4078  EKtot   =     54933.2603  EPtot      =   -289156.6681
 BOND   =      1086.1249  ANGLE   =      2962.2056  DIHED      =      2240.5505
 1-4 NB =      1317.5150  1-4 EEL =     15186.5920  VDWAALS    =     36351.4859
 EELEC  =   -348301.1420  EHBOND  =         0.0000  RESTRAINT  =         0.0000
 Ewald error estimate:   0.4858E-04
 ------------------------------------------------------------------------------


 NSTEP =    43600   TIME(PS) =    2608.075  TEMP(K) =   298.49  PRESS =     0.0
 Etot   =   -234221.1264  EKtot   =     54815.3611  EPtot      =   -289036.4875
 BOND   =      1102.4701  ANGLE   =      2937.6860  DIHED      =      2261.0412
 1-4 NB =      1326.9119  1-4 EEL =     15088.7246  VDWAALS    =     36746.1459
 EELEC  =   -348499.4672  EHBOND  =         0.0000  RESTRAINT  =         0.0000
 Ewald error estimate:   0.2849E-04
 ------------------------------------------------------------------------------


 NSTEP =    43700   TIME(PS) =    2608.225  TEMP(K) =   299.21  PRESS =     0.0
 Etot   =   -234218.1164  EKtot   =     54947.6656  EPtot      =   -289165.7820
 BOND   =      1107.7511  ANGLE   =      2931.5912  DIHED      =      2280.7862
 1-4 NB =      1317.7645  1-4 EEL =     15107.3462  VDWAALS    =     36575.7014
 EELEC  =   -348486.7226  EHBOND  =         0.0000  RESTRAINT  =         0.0000
 Ewald error estimate:   0.7954E-04
 ------------------------------------------------------------------------------

check COM velocity, temp:        0.000000     0.00(Removed)

 NSTEP =    43800   TIME(PS) =    2608.375  TEMP(K) =   299.26  PRESS =     0.0
 Etot   =   -234219.5295  EKtot   =     54955.3677  EPtot      =   -289174.8972
 BOND   =      1150.9390  ANGLE   =      2940.6541  DIHED      =      2242.4944
 1-4 NB =      1309.5723  1-4 EEL =     15051.2366  VDWAALS    =     36680.3275
 EELEC  =   -348550.1212  EHBOND  =         0.0000  RESTRAINT  =         0.0000
 Ewald error estimate:   0.1212E-05
 ------------------------------------------------------------------------------


 NSTEP =    43900   TIME(PS) =    2608.525  TEMP(K) =   298.00  PRESS =     0.0
 Etot   =   -234218.2151  EKtot   =     54724.1906  EPtot      =   -288942.4058
 BOND   =      1147.0285  ANGLE   =      2947.1943  DIHED      =      2212.1494
 1-4 NB =      1328.3583  1-4 EEL =     15046.8139  VDWAALS    =     36756.9194
 EELEC  =   -348380.8696  EHBOND  =         0.0000  RESTRAINT  =         0.0000
 Ewald error estimate:   0.1542E-04
 ------------------------------------------------------------------------------

check COM velocity, temp:        0.000000     0.00(Removed)

 NSTEP =    44000   TIME(PS) =    2608.675  TEMP(K) =   297.93  PRESS =     0.0
 Etot   =   -234218.9738  EKtot   =     54711.7805  EPtot      =   -288930.7544
 BOND   =      1109.7405  ANGLE   =      2949.6230  DIHED      =      2237.2441
 1-4 NB =      1301.9257  1-4 EEL =     15079.2621  VDWAALS    =     36529.9743
 EELEC  =   -348138.5240  EHBOND  =         0.0000  RESTRAINT  =         0.0000
 Ewald error estimate:   0.2050E-04
 ------------------------------------------------------------------------------


 NSTEP =    44100   TIME(PS) =    2608.825  TEMP(K) =   297.66  PRESS =     0.0
 Etot   =   -234217.7116  EKtot   =     54662.0357  EPtot      =   -288879.7474
 BOND   =      1112.8836  ANGLE   =      2987.0434  DIHED      =      2222.1509
 1-4 NB =      1297.9914  1-4 EEL =     15134.7437  VDWAALS    =     36596.6825
 EELEC  =   -348231.2429  EHBOND  =         0.0000  RESTRAINT  =         0.0000
 Ewald error estimate:   0.9460E-04
 ------------------------------------------------------------------------------


 NSTEP =    44200   TIME(PS) =    2608.975  TEMP(K) =   298.73  PRESS =     0.0
 Etot   =   -234222.1494  EKtot   =     54859.7363  EPtot      =   -289081.8857
 BOND   =      1082.9136  ANGLE   =      2925.1191  DIHED      =      2229.5635
 1-4 NB =      1306.0629  1-4 EEL =     15057.4652  VDWAALS    =     36828.8154
 EELEC  =   -348511.8254  EHBOND  =         0.0000  RESTRAINT  =         0.0000
 Ewald error estimate:   0.1134E-04
 ------------------------------------------------------------------------------

check COM velocity, temp:        0.000000     0.00(Removed)

 NSTEP =    44300   TIME(PS) =    2609.125  TEMP(K) =   298.85  PRESS =     0.0
 Etot   =   -234219.0672  EKtot   =     54881.2138  EPtot      =   -289100.2810
 BOND   =      1112.7372  ANGLE   =      3001.6798  DIHED      =      2250.9608
 1-4 NB =      1344.9248  1-4 EEL =     15027.3820  VDWAALS    =     36539.8402
 EELEC  =   -348377.8057  EHBOND  =         0.0000  RESTRAINT  =         0.0000
 Ewald error estimate:   0.2724E-05
 ------------------------------------------------------------------------------


 NSTEP =    44400   TIME(PS) =    2609.275  TEMP(K) =   298.58  PRESS =     0.0
 Etot   =   -234219.1673  EKtot   =     54830.8779  EPtot      =   -289050.0452
 BOND   =      1152.1964  ANGLE   =      2920.1381  DIHED      =      2251.4222
 1-4 NB =      1317.3437  1-4 EEL =     15104.6582  VDWAALS    =     36752.3421
 EELEC  =   -348548.1457  EHBOND  =         0.0000  RESTRAINT  =         0.0000
 Ewald error estimate:   0.6576E-04
 ------------------------------------------------------------------------------

check COM velocity, temp:        0.000000     0.00(Removed)

 NSTEP =    44500   TIME(PS) =    2609.425  TEMP(K) =   298.57  PRESS =     0.0
 Etot   =   -234220.4886  EKtot   =     54829.7931  EPtot      =   -289050.2817
 BOND   =      1128.8652  ANGLE   =      2950.8832  DIHED      =      2236.4076
 1-4 NB =      1308.8832  1-4 EEL =     15095.6539  VDWAALS    =     36328.9552
 EELEC  =   -348099.9299  EHBOND  =         0.0000  RESTRAINT  =         0.0000
 Ewald error estimate:   0.1717E-04
 ------------------------------------------------------------------------------


 NSTEP =    44600   TIME(PS) =    2609.575  TEMP(K) =   298.49  PRESS =     0.0
 Etot   =   -234223.9896  EKtot   =     54814.4662  EPtot      =   -289038.4558
 BOND   =      1093.5784  ANGLE   =      2949.8463  DIHED      =      2226.2775
 1-4 NB =      1307.0401  1-4 EEL =     15001.1620  VDWAALS    =     36966.3592
 EELEC  =   -348582.7192  EHBOND  =         0.0000  RESTRAINT  =         0.0000
 Ewald error estimate:   0.3896E-05
 ------------------------------------------------------------------------------


 NSTEP =    44700   TIME(PS) =    2609.725  TEMP(K) =   297.85  PRESS =     0.0
 Etot   =   -234220.8565  EKtot   =     54696.5277  EPtot      =   -288917.3842
 BOND   =      1096.4633  ANGLE   =      2978.5223  DIHED      =      2253.1324
 1-4 NB =      1310.7084  1-4 EEL =     15147.4636  VDWAALS    =     36989.1300
 EELEC  =   -348692.8043  EHBOND  =         0.0000  RESTRAINT  =         0.0000
 Ewald error estimate:   0.2130E-04
 ------------------------------------------------------------------------------

check COM velocity, temp:        0.000000     0.00(Removed)

 NSTEP =    44800   TIME(PS) =    2609.875  TEMP(K) =   297.96  PRESS =     0.0
 Etot   =   -234219.6015  EKtot   =     54717.4761  EPtot      =   -288937.0777
 BOND   =      1074.1029  ANGLE   =      3007.1758  DIHED      =      2245.8656
 1-4 NB =      1323.9613  1-4 EEL =     15070.8422  VDWAALS    =     36442.5114
 EELEC  =   -348101.5369  EHBOND  =         0.0000  RESTRAINT  =         0.0000
 Ewald error estimate:   0.5528E-04
 ------------------------------------------------------------------------------


 NSTEP =    44900   TIME(PS) =    2610.025  TEMP(K) =   296.89  PRESS =     0.0
 Etot   =   -234221.8847  EKtot   =     54521.3228  EPtot      =   -288743.2075
 BOND   =      1100.5433  ANGLE   =      2882.6952  DIHED      =      2297.3176
 1-4 NB =      1314.4485  1-4 EEL =     15077.8287  VDWAALS    =     36689.2318
 EELEC  =   -348105.2726  EHBOND  =         0.0000  RESTRAINT  =         0.0000
 Ewald error estimate:   0.6634E-05
 ------------------------------------------------------------------------------

check COM velocity, temp:        0.000000     0.00(Removed)

 NSTEP =    45000   TIME(PS) =    2610.175  TEMP(K) =   297.81  PRESS =     0.0
 Etot   =   -234222.6169  EKtot   =     54690.3421  EPtot      =   -288912.9590
 BOND   =      1040.2590  ANGLE   =      2896.4065  DIHED      =      2289.6711
 1-4 NB =      1360.2001  1-4 EEL =     15095.1064  VDWAALS    =     36298.8235
 EELEC  =   -347893.4255  EHBOND  =         0.0000  RESTRAINT  =         0.0000
 Ewald error estimate:   0.1554E-04
 ------------------------------------------------------------------------------


 NSTEP =    45100   TIME(PS) =    2610.325  TEMP(K) =   298.48  PRESS =     0.0
 Etot   =   -234221.3069  EKtot   =     54812.2570  EPtot      =   -289033.5638
 BOND   =      1114.5307  ANGLE   =      2919.3576  DIHED      =      2244.0993
 1-4 NB =      1323.5385  1-4 EEL =     15033.5848  VDWAALS    =     36553.9841
 EELEC  =   -348222.6587  EHBOND  =         0.0000  RESTRAINT  =         0.0000
 Ewald error estimate:   0.2690E-04
 ------------------------------------------------------------------------------


 NSTEP =    45200   TIME(PS) =    2610.475  TEMP(K) =   298.93  PRESS =     0.0
 Etot   =   -234219.6030  EKtot   =     54896.4455  EPtot      =   -289116.0484
 BOND   =      1114.5436  ANGLE   =      2991.1007  DIHED      =      2217.1232
 1-4 NB =      1307.0014  1-4 EEL =     15101.1486  VDWAALS    =     37138.4154
 EELEC  =   -348985.3813  EHBOND  =         0.0000  RESTRAINT  =         0.0000
 Ewald error estimate:   0.1142E-04
 ------------------------------------------------------------------------------

check COM velocity, temp:        0.000000     0.00(Removed)

 NSTEP =    45300   TIME(PS) =    2610.625  TEMP(K) =   298.31  PRESS =     0.0
 Etot   =   -234216.8667  EKtot   =     54780.8979  EPtot      =   -288997.7645
 BOND   =      1106.3101  ANGLE   =      2951.8692  DIHED      =      2237.2964
 1-4 NB =      1302.3569  1-4 EEL =     15033.4181  VDWAALS    =     36483.8791
 EELEC  =   -348112.8944  EHBOND  =         0.0000  RESTRAINT  =         0.0000
 Ewald error estimate:   0.9655E-05
 ------------------------------------------------------------------------------


 NSTEP =    45400   TIME(PS) =    2610.775  TEMP(K) =   297.41  PRESS =     0.0
 Etot   =   -234217.3084  EKtot   =     54616.2909  EPtot      =   -288833.5993
 BOND   =      1135.2064  ANGLE   =      2899.5973  DIHED      =      2226.8434
 1-4 NB =      1295.1038  1-4 EEL =     15107.6507  VDWAALS    =     36972.0742
 EELEC  =   -348470.0751  EHBOND  =         0.0000  RESTRAINT  =         0.0000
 Ewald error estimate:   0.3393E-04
 ------------------------------------------------------------------------------

check COM velocity, temp:        0.000000     0.00(Removed)

 NSTEP =    45500   TIME(PS) =    2610.925  TEMP(K) =   298.43  PRESS =     0.0
 Etot   =   -234220.6777  EKtot   =     54803.7659  EPtot      =   -289024.4435
 BOND   =      1129.2591  ANGLE   =      2949.5235  DIHED      =      2228.4019
 1-4 NB =      1303.4885  1-4 EEL =     15096.4216  VDWAALS    =     36387.6448
 EELEC  =   -348119.1832  EHBOND  =         0.0000  RESTRAINT  =         0.0000
 Ewald error estimate:   0.1113E-04
 ------------------------------------------------------------------------------


 NSTEP =    45600   TIME(PS) =    2611.075  TEMP(K) =   297.73  PRESS =     0.0
 Etot   =   -234217.7128  EKtot   =     54675.5997  EPtot      =   -288893.3125
 BOND   =      1088.4253  ANGLE   =      2937.1404  DIHED      =      2216.4255
 1-4 NB =      1297.1488  1-4 EEL =     15095.7381  VDWAALS    =     36463.4752
 EELEC  =   -347991.6656  EHBOND  =         0.0000  RESTRAINT  =         0.0000
 Ewald error estimate:   0.4174E-04
 ------------------------------------------------------------------------------


 NSTEP =    45700   TIME(PS) =    2611.225  TEMP(K) =   297.77  PRESS =     0.0
 Etot   =   -234217.8516  EKtot   =     54683.4610  EPtot      =   -288901.3126
 BOND   =      1107.8535  ANGLE   =      2981.4003  DIHED      =      2235.5560
 1-4 NB =      1284.4830  1-4 EEL =     15100.8736  VDWAALS    =     36659.8256
 EELEC  =   -348271.3046  EHBOND  =         0.0000  RESTRAINT  =         0.0000
 Ewald error estimate:   0.6444E-04
 ------------------------------------------------------------------------------

check COM velocity, temp:        0.000000     0.00(Removed)

 NSTEP =    45800   TIME(PS) =    2611.375  TEMP(K) =   297.60  PRESS =     0.0
 Etot   =   -234217.4884  EKtot   =     54650.4697  EPtot      =   -288867.9581
 BOND   =      1151.3705  ANGLE   =      2993.1581  DIHED      =      2236.3233
 1-4 NB =      1303.2288  1-4 EEL =     15033.7139  VDWAALS    =     36230.9148
 EELEC  =   -347816.6674  EHBOND  =         0.0000  RESTRAINT  =         0.0000
 Ewald error estimate:   0.3544E-04
 ------------------------------------------------------------------------------


 NSTEP =    45900   TIME(PS) =    2611.525  TEMP(K) =   297.66  PRESS =     0.0
 Etot   =   -234217.3597  EKtot   =     54662.9443  EPtot      =   -288880.3039
 BOND   =      1106.7528  ANGLE   =      3018.1728  DIHED      =      2270.8635
 1-4 NB =      1289.6248  1-4 EEL =     15094.7863  VDWAALS    =     36647.7806
 EELEC  =   -348308.2848  EHBOND  =         0.0000  RESTRAINT  =         0.0000
 Ewald error estimate:   0.5331E-04
 ------------------------------------------------------------------------------

check COM velocity, temp:        0.000000     0.00(Removed)

 NSTEP =    46000   TIME(PS) =    2611.675  TEMP(K) =   298.18  PRESS =     0.0
 Etot   =   -234220.2930  EKtot   =     54758.3142  EPtot      =   -288978.6072
 BOND   =      1130.4003  ANGLE   =      2942.0908  DIHED      =      2271.7895
 1-4 NB =      1327.1561  1-4 EEL =     15075.2678  VDWAALS    =     36449.2568
 EELEC  =   -348174.5685  EHBOND  =         0.0000  RESTRAINT  =         0.0000
 Ewald error estimate:   0.2175E-04
 ------------------------------------------------------------------------------


 NSTEP =    46100   TIME(PS) =    2611.825  TEMP(K) =   297.67  PRESS =     0.0
 Etot   =   -234219.1125  EKtot   =     54664.3010  EPtot      =   -288883.4135
 BOND   =      1103.4800  ANGLE   =      2899.5116  DIHED      =      2236.9406
 1-4 NB =      1328.6486  1-4 EEL =     15087.1608  VDWAALS    =     36539.3660
 EELEC  =   -348078.5210  EHBOND  =         0.0000  RESTRAINT  =         0.0000
 Ewald error estimate:   0.4696E-04
 ------------------------------------------------------------------------------


 NSTEP =    46200   TIME(PS) =    2611.975  TEMP(K) =   299.80  PRESS =     0.0
 Etot   =   -234219.2304  EKtot   =     55054.7752  EPtot      =   -289274.0056
 BOND   =      1108.1520  ANGLE   =      2951.3676  DIHED      =      2248.7374
 1-4 NB =      1315.7553  1-4 EEL =     15024.9330  VDWAALS    =     36856.6622
 EELEC  =   -348779.6132  EHBOND  =         0.0000  RESTRAINT  =         0.0000
 Ewald error estimate:   0.2480E-04
 ------------------------------------------------------------------------------

check COM velocity, temp:        0.000000     0.00(Removed)

 NSTEP =    46300   TIME(PS) =    2612.125  TEMP(K) =   298.59  PRESS =     0.0
 Etot   =   -234218.5977  EKtot   =     54833.8203  EPtot      =   -289052.4180
 BOND   =      1124.2021  ANGLE   =      2951.7747  DIHED      =      2224.0827
 1-4 NB =      1316.9009  1-4 EEL =     15066.7040  VDWAALS    =     36741.2641
 EELEC  =   -348477.3465  EHBOND  =         0.0000  RESTRAINT  =         0.0000
 Ewald error estimate:   0.1638E-04
 ------------------------------------------------------------------------------


 NSTEP =    46400   TIME(PS) =    2612.275  TEMP(K) =   297.09  PRESS =     0.0
 Etot   =   -234217.3749  EKtot   =     54556.8443  EPtot      =   -288774.2192
 BOND   =      1147.8569  ANGLE   =      2963.1382  DIHED      =      2195.5408
 1-4 NB =      1330.0537  1-4 EEL =     15068.7942  VDWAALS    =     36143.6798
 EELEC  =   -347623.2827  EHBOND  =         0.0000  RESTRAINT  =         0.0000
 Ewald error estimate:   0.1230E-03
 ------------------------------------------------------------------------------

check COM velocity, temp:        0.000000     0.00(Removed)

 NSTEP =    46500   TIME(PS) =    2612.425  TEMP(K) =   297.28  PRESS =     0.0
 Etot   =   -234217.4690  EKtot   =     54592.2242  EPtot      =   -288809.6932
 BOND   =      1140.5260  ANGLE   =      2980.7678  DIHED      =      2268.6238
 1-4 NB =      1320.7082  1-4 EEL =     15085.3581  VDWAALS    =     36851.3294
 EELEC  =   -348457.0066  EHBOND  =         0.0000  RESTRAINT  =         0.0000
 Ewald error estimate:   0.7388E-04
 ------------------------------------------------------------------------------


 NSTEP =    46600   TIME(PS) =    2612.575  TEMP(K) =   298.84  PRESS =     0.0
 Etot   =   -234220.4478  EKtot   =     54878.2458  EPtot      =   -289098.6936
 BOND   =      1126.4918  ANGLE   =      2925.0231  DIHED      =      2270.7440
 1-4 NB =      1304.3275  1-4 EEL =     15047.5175  VDWAALS    =     36644.7507
 EELEC  =   -348417.5481  EHBOND  =         0.0000  RESTRAINT  =         0.0000
 Ewald error estimate:   0.7164E-04
 ------------------------------------------------------------------------------


 NSTEP =    46700   TIME(PS) =    2612.725  TEMP(K) =   297.35  PRESS =     0.0
 Etot   =   -234218.8303  EKtot   =     54606.2612  EPtot      =   -288825.0914
 BOND   =      1151.0055  ANGLE   =      2929.0250  DIHED      =      2239.6808
 1-4 NB =      1343.4331  1-4 EEL =     15048.4054  VDWAALS    =     36726.4597
 EELEC  =   -348263.1008  EHBOND  =         0.0000  RESTRAINT  =         0.0000
 Ewald error estimate:   0.3949E-04
 ------------------------------------------------------------------------------

check COM velocity, temp:        0.000000     0.00(Removed)

 NSTEP =    46800   TIME(PS) =    2612.875  TEMP(K) =   298.82  PRESS =     0.0
 Etot   =   -234222.1243  EKtot   =     54876.1260  EPtot      =   -289098.2503
 BOND   =      1138.8296  ANGLE   =      2943.8117  DIHED      =      2240.5761
 1-4 NB =      1308.9867  1-4 EEL =     15076.5461  VDWAALS    =     36274.5412
 EELEC  =   -348081.5417  EHBOND  =         0.0000  RESTRAINT  =         0.0000
 Ewald error estimate:   0.9323E-05
 ------------------------------------------------------------------------------


 NSTEP =    46900   TIME(PS) =    2613.025  TEMP(K) =   298.54  PRESS =     0.0
 Etot   =   -234222.0371  EKtot   =     54823.6950  EPtot      =   -289045.7321
 BOND   =      1163.9796  ANGLE   =      2929.9369  DIHED      =      2248.8405
 1-4 NB =      1306.6109  1-4 EEL =     15056.4708  VDWAALS    =     36676.5317
 EELEC  =   -348428.1026  EHBOND  =         0.0000  RESTRAINT  =         0.0000
 Ewald error estimate:   0.6673E-04
 ------------------------------------------------------------------------------

check COM velocity, temp:        0.000000     0.00(Removed)

 NSTEP =    47000   TIME(PS) =    2613.175  TEMP(K) =   299.76  PRESS =     0.0
 Etot   =   -234225.4496  EKtot   =     55047.4064  EPtot      =   -289272.8560
 BOND   =      1115.7935  ANGLE   =      2927.4087  DIHED      =      2250.6274
 1-4 NB =      1314.6057  1-4 EEL =     15069.9468  VDWAALS    =     36996.7980
 EELEC  =   -348948.0361  EHBOND  =         0.0000  RESTRAINT  =         0.0000
 Ewald error estimate:   0.3663E-05
 ------------------------------------------------------------------------------


 NSTEP =    47100   TIME(PS) =    2613.325  TEMP(K) =   299.23  PRESS =     0.0
 Etot   =   -234221.9785  EKtot   =     54950.1866  EPtot      =   -289172.1651
 BOND   =      1149.3338  ANGLE   =      2972.7781  DIHED      =      2233.6677
 1-4 NB =      1295.2652  1-4 EEL =     15018.6048  VDWAALS    =     36738.2966
 EELEC  =   -348580.1113  EHBOND  =         0.0000  RESTRAINT  =         0.0000
 Ewald error estimate:   0.5867E-04
 ------------------------------------------------------------------------------


 NSTEP =    47200   TIME(PS) =    2613.475  TEMP(K) =   298.45  PRESS =     0.0
 Etot   =   -234222.4865  EKtot   =     54808.0514  EPtot      =   -289030.5379
 BOND   =      1137.9863  ANGLE   =      2992.1645  DIHED      =      2256.1278
 1-4 NB =      1298.0376  1-4 EEL =     15047.5056  VDWAALS    =     36590.1162
 EELEC  =   -348352.4759  EHBOND  =         0.0000  RESTRAINT  =         0.0000
 Ewald error estimate:   0.2823E-04
 ------------------------------------------------------------------------------

check COM velocity, temp:        0.000000     0.00(Removed)

 NSTEP =    47300   TIME(PS) =    2613.625  TEMP(K) =   299.49  PRESS =     0.0
 Etot   =   -234222.2193  EKtot   =     54998.4576  EPtot      =   -289220.6770
 BOND   =      1112.8465  ANGLE   =      2922.5756  DIHED      =      2266.9486
 1-4 NB =      1343.1616  1-4 EEL =     15107.0960  VDWAALS    =     37048.4111
 EELEC  =   -349021.7163  EHBOND  =         0.0000  RESTRAINT  =         0.0000
 Ewald error estimate:   0.5210E-04
 ------------------------------------------------------------------------------


 NSTEP =    47400   TIME(PS) =    2613.775  TEMP(K) =   298.68  PRESS =     0.0
 Etot   =   -234221.4118  EKtot   =     54850.0760  EPtot      =   -289071.4878
 BOND   =      1136.9636  ANGLE   =      2932.7023  DIHED      =      2261.5795
 1-4 NB =      1305.6545  1-4 EEL =     15021.2716  VDWAALS    =     36501.3586
 EELEC  =   -348231.0179  EHBOND  =         0.0000  RESTRAINT  =         0.0000
 Ewald error estimate:   0.4905E-06
 ------------------------------------------------------------------------------

check COM velocity, temp:        0.000000     0.00(Removed)

 NSTEP =    47500   TIME(PS) =    2613.925  TEMP(K) =   298.83  PRESS =     0.0
 Etot   =   -234219.9099  EKtot   =     54876.7546  EPtot      =   -289096.6644
 BOND   =      1139.7337  ANGLE   =      2986.1135  DIHED      =      2265.1905
 1-4 NB =      1306.1686  1-4 EEL =     15043.4994  VDWAALS    =     36572.5981
 EELEC  =   -348409.9682  EHBOND  =         0.0000  RESTRAINT  =         0.0000
 Ewald error estimate:   0.5241E-04
 ------------------------------------------------------------------------------


 NSTEP =    47600   TIME(PS) =    2614.075  TEMP(K) =   299.06  PRESS =     0.0
 Etot   =   -234220.0338  EKtot   =     54918.8173  EPtot      =   -289138.8511
 BOND   =      1142.3423  ANGLE   =      2965.1003  DIHED      =      2198.7839
 1-4 NB =      1327.8128  1-4 EEL =     15082.2884  VDWAALS    =     36684.7128
 EELEC  =   -348539.8916  EHBOND  =         0.0000  RESTRAINT  =         0.0000
 Ewald error estimate:   0.4142E-04
 ------------------------------------------------------------------------------


 NSTEP =    47700   TIME(PS) =    2614.225  TEMP(K) =   298.22  PRESS =     0.0
 Etot   =   -234221.1170  EKtot   =     54765.8199  EPtot      =   -288986.9369
 BOND   =      1142.4914  ANGLE   =      3014.0942  DIHED      =      2279.8082
 1-4 NB =      1290.4200  1-4 EEL =     15061.2098  VDWAALS    =     36783.7953
 EELEC  =   -348558.7558  EHBOND  =         0.0000  RESTRAINT  =         0.0000
 Ewald error estimate:   0.4588E-04
 ------------------------------------------------------------------------------

check COM velocity, temp:        0.000000     0.00(Removed)

 NSTEP =    47800   TIME(PS) =    2614.375  TEMP(K) =   297.54  PRESS =     0.0
 Etot   =   -234219.3811  EKtot   =     54639.4883  EPtot      =   -288858.8695
 BOND   =      1135.7092  ANGLE   =      2978.9593  DIHED      =      2235.3449
 1-4 NB =      1301.2877  1-4 EEL =     15023.1163  VDWAALS    =     36489.3579
 EELEC  =   -348022.6448  EHBOND  =         0.0000  RESTRAINT  =         0.0000
 Ewald error estimate:   0.1927E-04
 ------------------------------------------------------------------------------


 NSTEP =    47900   TIME(PS) =    2614.525  TEMP(K) =   299.01  PRESS =     0.0
 Etot   =   -234221.9111  EKtot   =     54910.3543  EPtot      =   -289132.2653
 BOND   =      1140.0945  ANGLE   =      2949.0285  DIHED      =      2187.1061
 1-4 NB =      1327.0388  1-4 EEL =     15062.1716  VDWAALS    =     36761.1879
 EELEC  =   -348558.8927  EHBOND  =         0.0000  RESTRAINT  =         0.0000
 Ewald error estimate:   0.3044E-04
 ------------------------------------------------------------------------------

check COM velocity, temp:        0.000000     0.00(Removed)

 NSTEP =    48000   TIME(PS) =    2614.675  TEMP(K) =   299.80  PRESS =     0.0
 Etot   =   -234221.7899  EKtot   =     55055.5356  EPtot      =   -289277.3255
 BOND   =      1076.1116  ANGLE   =      3016.8284  DIHED      =      2221.9944
 1-4 NB =      1316.2051  1-4 EEL =     15164.8502  VDWAALS    =     36779.9427
 EELEC  =   -348853.2579  EHBOND  =         0.0000  RESTRAINT  =         0.0000
 Ewald error estimate:   0.5832E-04
 ------------------------------------------------------------------------------


 NSTEP =    48100   TIME(PS) =    2614.825  TEMP(K) =   300.06  PRESS =     0.0
 Etot   =   -234223.7012  EKtot   =     55102.3497  EPtot      =   -289326.0510
 BOND   =      1127.6849  ANGLE   =      2909.1404  DIHED      =      2219.2104
 1-4 NB =      1289.1696  1-4 EEL =     15142.3187  VDWAALS    =     36944.8785
 EELEC  =   -348958.4536  EHBOND  =         0.0000  RESTRAINT  =         0.0000
 Ewald error estimate:   0.2278E-04
 ------------------------------------------------------------------------------


 NSTEP =    48200   TIME(PS) =    2614.975  TEMP(K) =   298.19  PRESS =     0.0
 Etot   =   -234221.7594  EKtot   =     54760.0548  EPtot      =   -288981.8142
 BOND   =      1150.7481  ANGLE   =      2916.6475  DIHED      =      2235.9428
 1-4 NB =      1281.6904  1-4 EEL =     15071.3218  VDWAALS    =     36756.7031
 EELEC  =   -348394.8681  EHBOND  =         0.0000  RESTRAINT  =         0.0000
 Ewald error estimate:   0.7321E-04
 ------------------------------------------------------------------------------

check COM velocity, temp:        0.000000     0.00(Removed)

 NSTEP =    48300   TIME(PS) =    2615.125  TEMP(K) =   298.51  PRESS =     0.0
 Etot   =   -234224.2013  EKtot   =     54818.2799  EPtot      =   -289042.4812
 BOND   =      1109.4911  ANGLE   =      2936.7501  DIHED      =      2249.6877
 1-4 NB =      1298.4097  1-4 EEL =     15093.6707  VDWAALS    =     36766.3708
 EELEC  =   -348496.8613  EHBOND  =         0.0000  RESTRAINT  =         0.0000
 Ewald error estimate:   0.9444E-04
 ------------------------------------------------------------------------------


 NSTEP =    48400   TIME(PS) =    2615.275  TEMP(K) =   299.39  PRESS =     0.0
 Etot   =   -234223.7427  EKtot   =     54979.7574  EPtot      =   -289203.5001
 BOND   =      1102.6284  ANGLE   =      2922.1513  DIHED      =      2199.8575
 1-4 NB =      1330.3833  1-4 EEL =     15108.1743  VDWAALS    =     37350.0235
 EELEC  =   -349216.7184  EHBOND  =         0.0000  RESTRAINT  =         0.0000
 Ewald error estimate:   0.1353E-03
 ------------------------------------------------------------------------------

check COM velocity, temp:        0.000000     0.00(Removed)

 NSTEP =    48500   TIME(PS) =    2615.425  TEMP(K) =   299.83  PRESS =     0.0
 Etot   =   -234223.2621  EKtot   =     55061.0283  EPtot      =   -289284.2904
 BOND   =      1137.4299  ANGLE   =      2877.1335  DIHED      =      2255.4899
 1-4 NB =      1310.5422  1-4 EEL =     15036.2404  VDWAALS    =     36843.6671
 EELEC  =   -348744.7934  EHBOND  =         0.0000  RESTRAINT  =         0.0000
 Ewald error estimate:   0.5205E-04
 ------------------------------------------------------------------------------


 NSTEP =    48600   TIME(PS) =    2615.575  TEMP(K) =   298.38  PRESS =     0.0
 Etot   =   -234221.7512  EKtot   =     54794.3851  EPtot      =   -289016.1363
 BOND   =      1094.4957  ANGLE   =      2933.0414  DIHED      =      2241.6516
 1-4 NB =      1336.6005  1-4 EEL =     15071.3597  VDWAALS    =     36595.8225
 EELEC  =   -348289.1077  EHBOND  =         0.0000  RESTRAINT  =         0.0000
 Ewald error estimate:   0.7377E-04
 ------------------------------------------------------------------------------


 NSTEP =    48700   TIME(PS) =    2615.725  TEMP(K) =   298.43  PRESS =     0.0
 Etot   =   -234222.6111  EKtot   =     54804.3545  EPtot      =   -289026.9657
 BOND   =      1098.3455  ANGLE   =      2937.0958  DIHED      =      2246.2991
 1-4 NB =      1320.9617  1-4 EEL =     15076.7545  VDWAALS    =     37151.6215
 EELEC  =   -348858.0437  EHBOND  =         0.0000  RESTRAINT  =         0.0000
 Ewald error estimate:   0.4699E-04
 ------------------------------------------------------------------------------

check COM velocity, temp:        0.000000     0.00(Removed)

 NSTEP =    48800   TIME(PS) =    2615.875  TEMP(K) =   300.06  PRESS =     0.0
 Etot   =   -234221.2399  EKtot   =     55102.7898  EPtot      =   -289324.0297
 BOND   =      1111.6990  ANGLE   =      2939.8755  DIHED      =      2248.4254
 1-4 NB =      1305.0401  1-4 EEL =     15095.3805  VDWAALS    =     36856.9628
 EELEC  =   -348881.4131  EHBOND  =         0.0000  RESTRAINT  =         0.0000
 Ewald error estimate:   0.5509E-04
 ------------------------------------------------------------------------------


 NSTEP =    48900   TIME(PS) =    2616.025  TEMP(K) =   299.07  PRESS =     0.0
 Etot   =   -234220.2869  EKtot   =     54921.7925  EPtot      =   -289142.0794
 BOND   =      1151.3587  ANGLE   =      2907.4731  DIHED      =      2261.9910
 1-4 NB =      1302.1258  1-4 EEL =     15034.9421  VDWAALS    =     36809.3524
 EELEC  =   -348609.3225  EHBOND  =         0.0000  RESTRAINT  =         0.0000
 Ewald error estimate:   0.5473E-04
 ------------------------------------------------------------------------------

check COM velocity, temp:        0.000000     0.00(Removed)

 NSTEP =    49000   TIME(PS) =    2616.175  TEMP(K) =   299.13  PRESS =     0.0
 Etot   =   -234222.2601  EKtot   =     54932.4868  EPtot      =   -289154.7469
 BOND   =      1108.3890  ANGLE   =      2921.2569  DIHED      =      2247.3316
 1-4 NB =      1291.5503  1-4 EEL =     15136.8210  VDWAALS    =     36720.7057
 EELEC  =   -348580.8014  EHBOND  =         0.0000  RESTRAINT  =         0.0000
 Ewald error estimate:   0.6295E-04
 ------------------------------------------------------------------------------


 NSTEP =    49100   TIME(PS) =    2616.325  TEMP(K) =   298.94  PRESS =     0.0
 Etot   =   -234221.0465  EKtot   =     54897.6762  EPtot      =   -289118.7227
 BOND   =      1123.8402  ANGLE   =      2970.8785  DIHED      =      2256.6545
 1-4 NB =      1298.8932  1-4 EEL =     15069.1176  VDWAALS    =     36719.4238
 EELEC  =   -348557.5305  EHBOND  =         0.0000  RESTRAINT  =         0.0000
 Ewald error estimate:   0.9579E-04
 ------------------------------------------------------------------------------


 NSTEP =    49200   TIME(PS) =    2616.475  TEMP(K) =   299.86  PRESS =     0.0
 Etot   =   -234222.1462  EKtot   =     55066.2836  EPtot      =   -289288.4297
 BOND   =      1085.9300  ANGLE   =      3005.0978  DIHED      =      2251.6888
 1-4 NB =      1311.9163  1-4 EEL =     15057.0285  VDWAALS    =     36660.3551
 EELEC  =   -348660.4462  EHBOND  =         0.0000  RESTRAINT  =         0.0000
 Ewald error estimate:   0.1452E-05
 ------------------------------------------------------------------------------

check COM velocity, temp:        0.000000     0.00(Removed)

 NSTEP =    49300   TIME(PS) =    2616.625  TEMP(K) =   297.78  PRESS =     0.0
 Etot   =   -234221.2974  EKtot   =     54684.7170  EPtot      =   -288906.0144
 BOND   =      1116.3900  ANGLE   =      2934.5913  DIHED      =      2234.3941
 1-4 NB =      1302.0826  1-4 EEL =     15071.1760  VDWAALS    =     36916.2074
 EELEC  =   -348480.8558  EHBOND  =         0.0000  RESTRAINT  =         0.0000
 Ewald error estimate:   0.9151E-05
 ------------------------------------------------------------------------------


 NSTEP =    49400   TIME(PS) =    2616.775  TEMP(K) =   297.08  PRESS =     0.0
 Etot   =   -234216.7363  EKtot   =     54555.4969  EPtot      =   -288772.2332
 BOND   =      1118.8830  ANGLE   =      2936.1395  DIHED      =      2227.3726
 1-4 NB =      1346.9635  1-4 EEL =     15109.8663  VDWAALS    =     36752.3292
 EELEC  =   -348263.7874  EHBOND  =         0.0000  RESTRAINT  =         0.0000
 Ewald error estimate:   0.2670E-04
 ------------------------------------------------------------------------------

check COM velocity, temp:        0.000000     0.00(Removed)

 NSTEP =    49500   TIME(PS) =    2616.925  TEMP(K) =   298.58  PRESS =     0.0
 Etot   =   -234218.6936  EKtot   =     54831.0088  EPtot      =   -289049.7023
 BOND   =      1124.6123  ANGLE   =      2979.5460  DIHED      =      2212.9057
 1-4 NB =      1290.1041  1-4 EEL =     15044.8758  VDWAALS    =     36856.9475
 EELEC  =   -348558.6937  EHBOND  =         0.0000  RESTRAINT  =         0.0000
 Ewald error estimate:   0.6328E-04
 ------------------------------------------------------------------------------


 NSTEP =    49600   TIME(PS) =    2617.075  TEMP(K) =   298.59  PRESS =     0.0
 Etot   =   -234219.6882  EKtot   =     54833.4000  EPtot      =   -289053.0883
 BOND   =      1135.2996  ANGLE   =      2996.7098  DIHED      =      2198.3468
 1-4 NB =      1330.5237  1-4 EEL =     15004.8961  VDWAALS    =     36479.2412
 EELEC  =   -348198.1054  EHBOND  =         0.0000  RESTRAINT  =         0.0000
 Ewald error estimate:   0.1403E-04
 ------------------------------------------------------------------------------


 NSTEP =    49700   TIME(PS) =    2617.225  TEMP(K) =   298.41  PRESS =     0.0
 Etot   =   -234219.3148  EKtot   =     54800.4223  EPtot      =   -289019.7371
 BOND   =      1165.2812  ANGLE   =      3033.0457  DIHED      =      2244.0394
 1-4 NB =      1283.3228  1-4 EEL =     14999.5072  VDWAALS    =     36756.6077
 EELEC  =   -348501.5410  EHBOND  =         0.0000  RESTRAINT  =         0.0000
 Ewald error estimate:   0.3739E-04
 ------------------------------------------------------------------------------

check COM velocity, temp:        0.000000     0.00(Removed)

 NSTEP =    49800   TIME(PS) =    2617.375  TEMP(K) =   298.50  PRESS =     0.0
 Etot   =   -234222.0999  EKtot   =     54816.2222  EPtot      =   -289038.3221
 BOND   =      1106.1749  ANGLE   =      2937.1002  DIHED      =      2268.4023
 1-4 NB =      1327.1320  1-4 EEL =     15112.6384  VDWAALS    =     36971.3050
 EELEC  =   -348761.0750  EHBOND  =         0.0000  RESTRAINT  =         0.0000
 Ewald error estimate:   0.3082E-04
 ------------------------------------------------------------------------------


 NSTEP =    49900   TIME(PS) =    2617.525  TEMP(K) =   298.99  PRESS =     0.0
 Etot   =   -234221.6555  EKtot   =     54906.2691  EPtot      =   -289127.9245
 BOND   =      1083.8767  ANGLE   =      3003.2164  DIHED      =      2249.7345
 1-4 NB =      1303.5648  1-4 EEL =     15043.8490  VDWAALS    =     36806.9662
 EELEC  =   -348619.1321  EHBOND  =         0.0000  RESTRAINT  =         0.0000
 Ewald error estimate:   0.3803E-04
 ------------------------------------------------------------------------------

check COM velocity, temp:        0.000000     0.00(Removed)

 NSTEP =    50000   TIME(PS) =    2617.675  TEMP(K) =   298.17  PRESS =     0.0
 Etot   =   -234222.4309  EKtot   =     54756.3487  EPtot      =   -288978.7796
 BOND   =      1062.2687  ANGLE   =      2961.0479  DIHED      =      2274.0118
 1-4 NB =      1310.0185  1-4 EEL =     15053.6317  VDWAALS    =     37043.9874
 EELEC  =   -348683.7455  EHBOND  =         0.0000  RESTRAINT  =         0.0000
 Ewald error estimate:   0.4984E-04
 ------------------------------------------------------------------------------


      A V E R A G E S   O V E R     500 S T E P S


 NSTEP =    50000   TIME(PS) =    2617.675  TEMP(K) =   298.49  PRESS =     0.0
 Etot   =   -234220.0233  EKtot   =     54813.9258  EPtot      =   -289033.9491
 BOND   =      1117.7093  ANGLE   =      2953.2118  DIHED      =      2247.5547
 1-4 NB =      1313.6018  1-4 EEL =     15093.6532  VDWAALS    =     36684.7162
 EELEC  =   -348444.3961  EHBOND  =         0.0000  RESTRAINT  =         0.0000
 Ewald error estimate:   0.3857E-04
 ------------------------------------------------------------------------------


      R M S  F L U C T U A T I O N S


 NSTEP =    50000   TIME(PS) =    2617.675  TEMP(K) =     0.80  PRESS =     0.0
 Etot   =         1.8981  EKtot   =       146.0995  EPtot      =       146.9306
 BOND   =        27.7687  ANGLE   =        41.4427  DIHED      =        23.7492
 1-4 NB =        15.0913  1-4 EEL =        44.7827  VDWAALS    =       247.9793
 EELEC  =       317.1673  EHBOND  =         0.0000  RESTRAINT  =         0.0000
|E(PBS) =         2.1322
 Ewald error estimate:   0.2829E-04
 ------------------------------------------------------------------------------

--------------------------------------------------------------------------------
   5.  TIMINGS
--------------------------------------------------------------------------------

|  NonSetup CPU Time in Major Routines, Average for All Tasks:
|
|     Routine           Sec        %
|     ------------------------------
|     DataDistrib      64.32    5.81
|     Nonbond         974.55   87.98
|     Bond              0.42    0.04
|     Angle             2.70    0.24
|     Dihedral          9.88    0.89
|     Shake             7.66    0.69
|     RunMD            48.07    4.34
|     Other             0.15    0.01
|     ------------------------------
|     Total          1107.75

|  PME Nonbond Pairlist CPU Time, Average for All Tasks:
|
|     Routine              Sec        %
|     ---------------------------------
|     Set Up Cit          17.74    1.60
|     Build List         116.62   10.53
|     ---------------------------------
|     Total              134.36   12.13

|  PME Direct Force CPU Time, Average for All Tasks:
|
|     Routine              Sec        %
|     ---------------------------------
|     NonBonded Calc     562.39   50.77
|     Exclude Masked      21.96    1.98
|     Other               48.84    4.41
|     ---------------------------------
|     Total              633.18   57.16

|  PME Reciprocal Force CPU Time, Average for All Tasks:
|
|     Routine              Sec        %
|     ---------------------------------
|     1D bspline          32.64    2.95
|     Grid Charges        24.39    2.20
|     Scalar Sum          10.65    0.96
|     Gradient Sum        30.70    2.77
|     FFT                108.14    9.76
|     ---------------------------------
|     Total              206.53   18.64

|  PME Load Balancing CPU Time, Average for All Tasks:
|
|     Routine                 Sec        %
|     ------------------------------------
|     Atom Reassign           0.10    0.01
|     Image Reassign          0.03    0.00
|     FFT Reassign            0.00    0.00
|     ------------------------------------
|     Total                   0.13    0.01

|  Final Performance Info:
|     -----------------------------------------------------
|     Average timings for last     400 steps:
|     Elapsed(s) =       8.83 Per Step(ms) =      22.06
|         ns/day =       5.87   seconds/ns =   14709.37
|
|     Average timings for all steps:
|     Elapsed(s) =    1111.84 Per Step(ms) =      22.24
|         ns/day =       5.83   seconds/ns =   14824.48
|     -----------------------------------------------------

|  Master Setup CPU time:            0.47 seconds
|  Master NonSetup CPU time:      1100.57 seconds
|  Master Total CPU time:         1101.04 seconds     0.31 hours

|  Master Setup wall time:           1    seconds
|  Master NonSetup wall time:     1112    seconds
|  Master Total wall time:        1113    seconds     0.31 hours
