
Initial FFT Block Distribution Based on Workload Estimate:

  FFT blocks assigned to   24 tasks

Image Distribution at run step       0:

  Count of images assigned to each task:
            0      763      764      764      764        0      764      764
          764      764      764        0      764      764      763      764
          764        0      764      764      764      764      764        0
          764      764      764      764      763        0      764      764
          764      764      764        0      764      764      764      764
          764        0      764      763      764      764      764        0
          764      764      764      764      764        0      764      764
          764      763      764        0      764      764      764      764
          764        0      764      764      764      764      764        0
          763      764      764      764      764        0      764      764
          764      764      764        0      764      764      763      764
          764        0      764      764      764      764      764        0
          764      764      764      764      763        0      764      764
          764      764      764        0      764      764      764      764
          764        0      764      763      764      764      764        0
          764      764      764      764      764        0      764      764
          764      763      764        0      764      764      764      764
          764        0      764      764      764      764      764        0

First FFT Block Distribution Based on Actual Workload:

  FFT blocks assigned to  124 tasks

Atom Distribution No.     8 at run step     611:

  Count of atoms assigned to each task:
         3127     2569      710     1263      327      123        0        0
          126        0        0        0        0        0        0        0
            0        0        0        0        0        0        0        0
            0        0        0        0        0        0        0        0
            0        0        0        0     3157      675        0        0
            0        0        6        0        0        0        0        0
            0        0        0        0        0        0        0       30
            0        3        0        0        0       39       15      309
          117     1158        0       27        6      372      894      726
         2992      503      890     1206      987       75     1503      156
           99      135        9      222       51      138       15       18
           42     1169        6       50      408       72      255       96
          939     1343      177       60      186       12       96        0
           24      204      159      318     3184     2050     2058     1987
         1794     2286     1692      705     1077      654     1446      837
         2355      798     1386      476      630     1218     1515      906
         2647     2137     2185      928      778     3533     3492      934
         4299     2723      923      722     1230     1080     2835     1012

Atom Distribution No.     9 at run step     969:

  Count of atoms assigned to each task:
         3769       42        0      168       24        0        0        0
            0        0        0        0        0        0        0        0
            0        0        0        0        0     1218        0        0
            0        0        0       78        0      180      922      839
            6      312        9      186     3621     1215        0        3
           51        0      132        0       39        3        0        3
            0        0        0        0        0        0        0        0
            0        0        3        0        0       42        0        0
            0      841        0        6        0        0        3        0
         3738      894      228      307       96        6     1134        3
            3        9      498      219       54        0       66     1408
           15     1205      546     1423     1040      594      983     1504
          627     1041     1211     1839     1478     2073     1397      249
          357     1521      562      519     3654      438      864     1662
          759     1296      795     1407     1221      357      663      570
         1815     1490     1528      610     1944     1334     2072     1483
         2833      905     1002     2203     2323     2108     2110      734
         2435      846     1047      580      594      909      897      856

Atom Distribution No.    10 at run step    1329:

  Count of atoms assigned to each task:
         3418        0        6        6        0        0        0        0
            0        0        0        0        0        0        0        0
            0        0        0        0        0       14        0        0
            0        0        3        0       16      219      467        3
          825     2179        0        3     3506      714       15       12
           75      156       45        6       66        9        0        0
            0        6        0        0        6        0        3        0
            0        9        0        0        0        0        0        0
            0        3        0        0        0        0        0        0
         3414       90        0        3       33        0     1822        0
            0        0       18        0      204        0        0     2066
            3      642      921     1446      903     1796      830     2326
          641     1536     1598     1340     1557        0      515     1107
          660       90     1868      678     3233     1455     1146     1347
          774      798     1722      660     1839     1125     1405     1162
          504     2141     2489     1505     1819      340      701      348
          902      939      717     2239     1637     1023     2641     2644
         2138     1127     2079     1279     1023     1071     2135      902

Atom Distribution No.    11 at run step    1699:

  Count of atoms assigned to each task:
         3635        0        3        3        0        0        0        0
            0        0        0        0        0        0        0        0
            0        0        0        0        0       27        0        0
            0        0       80       54        9       33      303      711
         1611      101        0        0     3843      939        0        0
            0       84        0        0        0        0        9        0
            3        0        0        0        0        0        0        0
            0        3        0        0        0        0        0        3
            0        0        0        0        3        0        0        0
         3416       18        0        0        0        0      849        0
            6        6        0        0        6        0        0     1971
          768      421      174      845      882     1511     1701      237
         1320     1963     1889      591      948     1024     1041      642
          900     1553      378     1536     2822      768     1848      666
          627     1698      537      861     1233     1212      822     1542
         1497     2705     1669      897     1725     1441     1472     1973
         2564      910      777     1758     1999     1254     2260     3190
         2273      894      872      744     1843     2162      594      744

Atom Distribution No.    12 at run step    2061:

  Count of atoms assigned to each task:
         3876        0       93        0        0        0        0        0
            0        0        0        0        0        0        0        0
            0        0        0        0        0        0       66        0
            0        0      141       45        0        3        0      201
          174       63     1305        6     3616      761        6        0
            0        6        0        3        0        0        3       12
            0        0        0        0        0        0        0        0
            0        0        0        0        0        3        0      465
          333        0        0        0       42        0       27        0
         3677      441      192        0        0        0      150        0
            0       12        0        0        3        3        0     1197
         1263       15       15      616      462      866     1946      961
         1167      994      888     1845     1493      663      429      396
          633      418     1043     1899     3695     1537     2659     1785
          846     1224     2613      732      921     1209     2691     1613
         1227     1744      750     1050      958      712     1703      962
          813     2549      391      732     2849     2107     1841      850
          399     2589      803     1874     2249      384     2754     2154

Atom Distribution No.    13 at run step    2430:

  Count of atoms assigned to each task:
         3257        0        2        0        0        0        0        0
            0        0        0        0        0        0        0        0
            0        0        0        0        0        0        0        0
          108       33        3        0      803        3      114      792
            3        0      102        0     3258      321        6        0
            0       24        0        0        6        0        0        0
            0        0        0        0        0       15        0        0
            0        0        0        0        0        0        0        0
            0        0      126        0        0       27        0        0
         3333       24        0        9        0        0        0       15
            0        0        0        0        0        0        0      599
           75      101      242     1026      534      450      845     1412
         1026      977      966     1496     1285      627      717     1814
         1158      647     1286     3232     3136     1638     1652     1671
          654     1638      600      690     1353     2121      615     2334
          879     2361     1537      825      723      676     1851     2902
         2664     2027     2679      984     2880     3013      935      656
          762     2576     1115     2635     1904      663     2072      586

Atom Distribution No.    14 at run step    2788:

  Count of atoms assigned to each task:
         3146      149        0      895      144        0        0        0
            0        0        0        0        0     1110        0        0
            0        0        0        0      627        0        0       36
          754      519     1002        0      177        0       87      762
            0        0      687        0     3213       21        0        0
            0        0        0        0        0        0        0        3
            0        0        0        0        0        0        0        0
            0        0        0        0      222        0        0        3
            0        0        0        0        0        0        0        0
         3371        0        0        0        0        3        0       18
            0        0        0        0        0        0        3       96
            0        6        3      906      651      367     1194      651
         1431      443      918      693      570     1067      568      732
         1447      756      714     1323     3048     1794      621     1713
         1471     2508     1884     1665     1698     1434     1335     1947
         1392     1581     1326     1999     1797      564     1502     1767
         2338     2640      854     1150     1880     2021      349      975
         1930     2059     1166     1968     1953      747     2300     2042

Atom Distribution No.    15 at run step    3146:

  Count of atoms assigned to each task:
         3309        9       30        9        0        0        0        0
            0        0        0        0        0        0        0        0
            0        0        0        0       97        0       96        0
            0        0      143        0        0        9      915      585
            0        0     1171        0     3241      513        0        3
           21       52        0        0        0        0        0        3
            0        0        0        0        0        0        0        0
            0        0        0        0        0        0        0        0
            0        0        0        0        0        0        0        0
         3541       51       33        0       51        0        0        0
            0        0        0       72        0       18        0        0
           78      111        3     1701     1633     1261      686     1317
          798     1551     1029     1435     1233      381     1092     1390
         1458     1679      690      822     3107     1679      705      552
         1047      651      663      687     2274     2358     1839     2508
          618     2204     2680      624      884      597      842      354
          895     1871      899      354     2387     2907     2277      843
         3613     2453     1111     2390     1990     2151     1364     2208

Atom Distribution No.    16 at run step    3503:

  Count of atoms assigned to each task:
         3422        0        0        0        0        0        0        0
            0        0        0        0        0        0        0        0
            0        0        0        0        0        0      179        0
            0      164      264        0     1359       72        0       18
           36      513      213        0     3398      378       12        0
           15       46       27        0        0      201        0        0
            0       15        0        3        0        0        0        0
            0        0        3        0        0        6        0        0
            0       24       24        0        0       39        0        0
         3330        6      468        0      237        3        0        0
            3        0        0        0        0        0        0        0
            0       18       18     1005     1279      924     1252     1401
         1772     1438     1895     1263     1155     2096     1194      691
         1657     1646     1241     2016     3189     1110     1008      627
         1050     1194     1455     1008      549     1101      798      498
          675      693     1604      379     2175     1634      774      895
          901     2028      842     1290     2565     3564     2872      813
         1095     2178     2019     2194     2208     3192     1875      415

Atom Distribution No.    17 at run step    3863:

  Count of atoms assigned to each task:
         2787     1277       48      624      429        0        0        0
            0        0        0        0        0        0        0        0
            0        0       27        0        0       15     1147        0
            0      704      255        0      567       27       21       27
           66        0        0        0     3360      201        0        0
            0        0        0        0        0        0        0        0
            0        0        0        0        0        0        0        0
            0        3        0        0        0        0      267        0
            0        0        0        0        0        0      809      661
         2751       21      860      789        0        0       15        0
            0        0       18       69        0       15        6      582
            0       30       81      725      646      615      804      644
          929     1500      658      823      996      648      588     1354
         1425     1323     1855     2237     2714     1239     1245     1372
         1125       54     2202     1647     1344     1335     1242     1236
          978     1549     1548     1068     2237      851     1590     1996
         1036     1660      885      969     1951     1731     2282      699
          760      749     2490     2935     2696     1275     2415     1472

Atom Distribution No.    18 at run step    4223:

  Count of atoms assigned to each task:
         3312        0        0        0        0        0        0        0
            0        0        0        0        0        3        0        0
            0        0        0        0        0      952        0        0
           39      642       27     1667      528      867       42       72
           12        0        0        0     3613     1562        0        0
            0        0        0        0        0        0        0        0
            0        3        3        0        0        0        3        0
            0        0        0        0        0        0        3        0
            0        0        0        0        0        9       27       27
         3629        0      894     1699        0        0        0        3
            0        0        0        0        0        0        0      174
            0        3        3      198      756     1337     1164       18
         1092     1035      362     1958     1882      759      486     2198
         1434     1364     1143     1201     3435     2001      723     1323
         1686      609      768     1134     1821      726     1849      624
         1919     1580     1532     1602      671      774      631      371
          955     2105     2277     1336     1000     2321     1697     1097
          908      805     2960     2623     2130      768     2085     1855

Atom Distribution No.    19 at run step    4584:

  Count of atoms assigned to each task:
         2782        0        0        0        0        0        0        0
            0        0        0        0        0        0        0        0
            0        0        0        0        0       40       18       30
            0      632      293       21        0      918      696       30
            0      111       93        0     2792      213       36       78
            0        0        0        0        0        0        3        0
            0        6       36      638       25        0       42       51
            0        0       51        7        0        0      515        3
            3        0        6        0        0        3        6        0
         2766        0     1072      813      114        0      384        3
          300        0       21        0        0        0      469      189
            3        0      536       36     1509       39       84      120
         1045     2014     2451     1604     1963     1687     1380     1789
         1845     1390     2453     1032     2499     1629     1461      777
          564     1941     1041     1596      912      846      483      783
         1286      757     1455     2101     2005     1873      668     2460
          881      933     2723      799      891     1976     2342     1149
          859      696     1366     2778      878     2243     1682     2284

Atom Distribution No.    20 at run step    4943:

  Count of atoms assigned to each task:
         3630        0        0        0        0        0        0        0
            0        0        0        0        0        0        0        0
            0        0        0        0        0      317        0        0
           15        9       24      786        0        9      831       12
           54        0        0        0     3361     1388        0        0
            0        0        0        0        0        0        0        0
            0        0        0        0        0        0        0        0
            0        0        0        0        0        0        0        0
            0       21        0        0        0        0        0        3
         3407        0      963       42        0        0      180        0
            0        0       66        3        0        0       12       18
            0        0      159       27     1075       30     1161      534
         1223     1644     2008     1296      363     1445     2069     1409
         1461     2192     1491     1449     3266     1374     1818     1551
         1449     1209     1596      669      681     1650      627     1290
         2103     1989     2063      910     2271     1076     2683     2472
          846     2992     2110      919     1005     2101     2583     2119
          566      888     1071     2050      636      780      729      577

Atom Distribution No.    21 at run step    5305:

  Count of atoms assigned to each task:
         3361       90      106        0      164        0        0        0
            0        0        0        0        0        0       36        0
            0        0      174        0        0     1443        0        0
           90      156      590      355       15       62      257        0
           39      636        0        0     3482      663        0        0
            0        0        0        3        0        0        0        0
            0        0        0        0        0        0        0        0
            0        0        3        0        0        0        0        0
            0        0        3        0        0        0      129        0
         3518        0      546      102        0        0        6      122
           75       12      488      528        0        0      453       36
            0        0        0       18     1048       24      738      681
         1323      382      535      360      414       30      897     1092
         1451      999      671      703     3515     1383     1790     1413
         1705     1392     1994     1365      570     1824     1509      870
         1587     1716     1389     1711     1897     1901     1079     1834
         2599     2441     2258     3118     1987     2537      972     1292
          765     1017      732      982     2280     1989     2529     1855

Atom Distribution No.    22 at run step    5670:

  Count of atoms assigned to each task:
         3522     1187      105      102        9        0        0        0
            0        0        0        0        0        0        0        0
            0        0        3      873        0     1437        0      168
          186     1458        0        0        0        0        0        0
            0        0        0        0     3403       18        6        0
            0        3        0        0        0        3        0        0
            0        0        0        0        0        0        3        0
            0        0        0       18        0        0        6        3
            0        0        0        0        0        0        0        0
         3587        3      893        9        0        0        0       30
           12        0      705     1141       12       21       72     1044
          150        9        3     1182      147       63      101      284
         1793     1151     1315     1083     1279     1624     1261      549
          887     1275      867     2457     3198      684     1725      771
         1848      588      867     1494      822     1458     1521     1044
          396     1299     1296      744     1067     1545      619      657
          744     2149     2097     2461     1965     2537     2821      844
         1808      993      863      879     1475     2493     3055     2557

Atom Distribution No.    23 at run step    6025:

  Count of atoms assigned to each task:
         3619        3        0        3        0        0        0        0
            0        0        0        0        0        0        0        0
            0        0        0      185        0       48       63        0
            0       66       51       12       72       15       24        0
           66        3       27       27     3501       69        0        0
            3        6        0        9        0        3        0        0
            9       21        0        0        0        0        0        3
            3      537        0        0       33       21        0        0
            3        0        0        0       69       45      249        0
         3515       78      297       92        0        0        0        3
            0        0     1052      417        0        0        6     1134
            0        9       39      709      404     1035     1549     1027
         1553     2027      939      196     1010     1107     1289      960
          888     1318      486      733     3577      816     1059     1153
         1224     1304      948     2385     1920     2871     2001     2649
          655     1740     2454     2129     2122     2112     2063     1011
          840     1018     1159     1803     2146      902     2055     1116
         1236     1110      807      735     2686     1857     1905      598

Atom Distribution No.    24 at run step    6385:

  Count of atoms assigned to each task:
         2804      271      192      266       87        0        0        0
            0        0        0        0        0        0        0        0
            0      440        0        6      105        0      498      675
            0     1427      909     1035      105     1095       50        4
           14        0       42        9     3340     2742       59        3
            0        0       15        0        9        3        0        0
            0        0        0        0        0        0        0        0
            0        3        0        0        0        0        0        0
            0        0        0        0        0        0      341        0
         3555       15      486      111        0        0        0        0
            0        0      465      668     1126        3        0       39
          753       33      387      270      183      108     1476     1617
            6      267     1038      515       21      405     1606      383
          573      219      441      879     3398     1279      903     1341
         1506     1215     1350     1587     1593     1587     1554     1992
         1659     1672     1011      699     1473      565     1895      897
         2361     1347     2191     1153     1555     1042      882     2154
         1606      871     1966     2473     1378     2496     2945     1113

Atom Distribution No.    25 at run step    6742:

  Count of atoms assigned to each task:
         3154      138      722        0        0        0        0        0
            0        0        0        0        0        0        0        0
            0        0        0        0        0        0       33        3
            0      609        3      498        0      153     1646      321
            3      711       21      117     3074      705        0        3
           87        0        3        3     1048        0       33        0
          139        0       15        0        0        0        6        0
            0        0        0        0        0        0        0        0
            0        0        0        0        0        0       21       57
         2825      221      467        0        0        0        6        0
            6        0      522     1353      608        0        9        0
           12        6       24      344       81      255     1870     1067
          216     2148     1572      669     2280     1627      898     2101
          718     1584     1959     2658     3176     1449      552      765
          510     1455      384      678      924      435     1854      633
         2265     1476     1891     1613      548      855     1946     1031
         1778      800     2062      589     2491     2442      685     2204
          840     2056     2018     1718     2732      794     1065      760

Atom Distribution No.    26 at run step    7101:

  Count of atoms assigned to each task:
         3215      697      168      543        3        0        0        0
            0        0        0        0        0        0        0        0
            0        0        0        0        0        0        0        0
            0      876        0       75      111     1916      228        0
          120      366       69       24     3237     1295        0        0
            0        2        0        0       30        0        0        0
            3        0        3        0        0        0        0        0
            0        0        6        0        0        0        0        0
            0        0        0        0        3        0        0        6
         3401       27     1161        0      384        0        0     1255
          565        3      765     1199     1288        0        0        0
         1311        0        0      978      837      768     1428      763
         1241      958     1193     1101      765      700     1385     1365
          174      869     1386     1876     2841     1503      540     1773
          822     2319      732      657     1444     1934      672     1758
         1180      986      677      629     1455      649     1799      707
         1952      954     2301      894     2957     2420      878     2387
          725     2274     2166      765      868      726      708      712

Atom Distribution No.    27 at run step    7462:

  Count of atoms assigned to each task:
         2955     1603     1053     1490        0        0        0        0
            0        0        0        0        0        0        0        0
            9        0       12      117        0        0        0        0
            0        0        0        0        3        0      483      345
            0        9       18      123     2917     1970        0      141
            0        0        0        0        3        0      130        0
            0        0        0        0        0        0        0        3
            0        0        0        0        0        0        0        0
            0        0        3        0        0        0        0        0
         3111        6     1314        0       15        0        3     1282
           95        0     1569     2374      207        3        0        0
         1137        0        0     1205      252      791     1548     1245
         1203     1003     1031     1158      579     1986      918      360
           69      856     1167     1721     2985     1932     1281       42
         1731     2217     1644     1476      891     1308     1576      635
          525      802     1009     1628     1206      890      680      501
          812     1863     1413      887     2010     2475     1061     1878
         2484     1852     2076      795     1813      607     1767      559

Atom Distribution No.    28 at run step    7817:

  Count of atoms assigned to each task:
         2788      792      605        3      258        0        0        0
            0        0        0        0        0        0        0        0
            0        0       51        0        0        0        0        0
            0        0       99        0        0        0      114        6
            0     1544     1193        0     3126      324       27        3
            0      180      276        3        0     1426      142        0
            6        5        0        0        2        7        0        0
            0       24       27        0        0        6        0        0
            0        0        0        0        0        0        0        0
         2991        0      808        0        3        0        0     1158
            3        0     1443      519       18        0        0        9
         1467        0        0     1234      666      435     1757     1863
         1174     1680     1750     1662     1368     1480     1194     1759
         1374      633     1702      939     3111     1920     1533     1491
         1179      342     1015      545     1099      603      795      596
          617     1429      807     1131      309     1412     1484     1069
          662     2189      306      551     2189     2323      564     1894
         2168     2184     2074     1055      934     2008     1984     1208

Atom Distribution No.    29 at run step    8177:

  Count of atoms assigned to each task:
         2696        3        3        0        0        0        0        0
            0        0        0        0        0        0        0        0
            0        0        0        0        0        0        6        0
            0      416        9      259       64       27        3       30
            0      422       36        0     2814      638        0        0
           24        3       18        0        0        0        0        0
            0        3        0        0        0        0        0        0
            0        0        0        0        0        0        0        0
            0        0        0        0        0        0       18        0
         2743       27      534        9        0      105        9      525
            0       18      846      240        9      132      328      777
          957        3      966      701     1041      729      919     1284
         1427      362      889      852     1894      239     2326      578
          797     1572     1116     1201     3018     1392      546     1516
         1779     2067     2685     2112     2010     1785      786      759
         2031     1897     1781     1044     2043     1679      308     2158
          705     1867     2242     2365     1955     2333     1236      763
          906      994     1712     1742     1149      624     1733     1537

Atom Distribution No.    30 at run step    8534:

  Count of atoms assigned to each task:
         3875        0        0        0        0        0        0        0
            0        0        0        3        0        0     1323        0
            3        0       30        3        0        3       30        0
            0       27       57       30        0        0        0       45
            0      159        0        0     4097     1740        0        0
            0        0        0        0        0        6       15        6
            0       45        0        9        0        0        3        0
            0        0        0        0        0        0        0        0
            0        0        0        0       18        0        0        0
         3872        0     1577        3        0       69       24      507
            9        0       21       42        0       36      414       63
          772       72      602     1083     1070     1402      435      660
          447     1360     1326      420      990     1720     1444      969
         1608     2299     1083     2074     3950      207     1629     1524
          708     1341      606     1188      975      696      450     1659
         2199     2529     1949     1107      834     1739     2234     1515
          999     1146     1658     1012     2706     1803     1035      872
          842     2415      973     1290     1916     1495      444     1261

Atom Distribution No.    31 at run step    8888:

  Count of atoms assigned to each task:
         3500        3        0        0       39        0        0        0
            0        0        0        0        0        0      892        0
            0        0        9        6        0      114        0       54
            0        6        3        0        0       42        0      177
            0        0      132      105     3544     1179        0        0
           45        0        0        0        0        0        0        0
          158        0        0       39        0        0        0        0
            0        0        0        0        0        0        0        0
            0        0        3       33      148        0        6        6
         3553      204      819        9       18        0      207      444
            3      618        2     1045       21       36      513        0
          696        0       42       27      376     1104        3      912
          117       72      561      748     1014      126     1059     1616
         1866       90      741     2457     3401      641     1573     1982
         1506      843     1451     2283      435      864     1746      627
          708     1794     1956      963     1918     1730     1120     2204
         1578     2225     1124     2641     2983      980     2985     1264
         1855     2091     2266      854     1665     2920     1086     1282

Atom Distribution No.    32 at run step    9247:

  Count of atoms assigned to each task:
         2916        3        3        3        0        0        0        0
            0        0        0        0        0        0      432        0
          578       63        3        0        0        6        0        3
            0      111        0        9        0        3        0       39
            0        0        3       18     2980      900        0        0
            0        0        0        0        0        0        0        0
           93        0        0        0        0        0        0        0
            0        0        0        0        0        0        0        0
            0        0        0        0        0        9        0        0
         2967        0      807        0        0        0        3      120
            6      923       53      712      168       75     1482       18
         1378       18     1407     1682     1128      904     1012     1443
          661      627     1464      591     2271      219      906     1531
          561     2020      622     2748     2913     1934     1266     2115
          558     1479     1242     1833     1233      840     1838     1395
         1428      608     1015     2048      573     1816      390      729
         1835     2009      534     2740     2579     2541     1880     1631
         1558     2150     1794      599     1075      855      645      526

Atom Distribution No.    33 at run step    9614:

  Count of atoms assigned to each task:
         3651        0       63        0       57        0        0        0
            0        0        0        0        0        0        6        0
         1053        0        0        0        0      144     2032        0
            0        0      138       84        0      210        0      867
            3        0        0        0     3453      792        0        0
           33        0       24        0       33        0       30        0
            0        0        0        0        0        0        0        0
            0        0        9        0        0        0        0        0
            0        0        0        0        0        0      109       36
         3608      291     1293        0        0       48        0        0
            0      417        3        9        0        0      583        0
          123        0     1379      912      261      961     1521     1153
          483     1321     1560     1769     1187      120      638      811
          927     1385     1276     2413     3742     1365     1320     1362
          801     1035      744      519      573     1086      987      423
         1413     1175     1044      585     1439     1432      781     1463
         1711     2187     1928     1195     1662     2187      732     1795
          816     2151     1981      744     1872     2485     2604     2288

Atom Distribution No.    34 at run step    9978:

  Count of atoms assigned to each task:
         3081        9        0        0        0        0        0        0
            0        0        0        0        0        0        0        0
           12        0        0        0        0       69      444        0
            0        0        9        0        0       45        0      153
            3        0      330       57     3254     1479        6        0
            6        3        0        3        0        0        0        0
            0        0        0       33        0        0        3       60
           12        0        0        0        0        0       69      198
            0        0        0        0        0        0        0       98
         3709        0      114        3       15        0        0        0
            0       27        0        0       24        0       36      705
            0        0     1143      804      175      162     1082     1324
         1561     1871     1086     1614     1639      723     1655     1829
         1661     2464     1488     1002     3273     1679     1602     1899
          768      627     2136     2058     2502      717      669     1530
          399     1832     1513     1201      793     1445     2265     2441
          864     2163     1221     1319     1945     1468      777     1922
         2540     1043     1016     1326     1048     1280     1107     1166

Atom Distribution No.    35 at run step   10334:

  Count of atoms assigned to each task:
         3486        0        0        0       21        0        0        0
            0        0        0        0        0        0        0       33
            0      130       27        0     1164     1301       86      730
          981       72     1288       45      379      114        0        0
            0        0      862        0     3045      870        0        3
            0        3       27        0       15        0        0        0
            0        0        0        0        0        0        0        3
            0        0        0        0        0        0       21        0
            0        0        0        6        9        0       48        3
         3132       15      237        0       75        0        0        0
            0        3        0        0        0        0        9      991
            0        0     1522      813      189        0     1161      615
          996     1004     1144      243      555      396      772     1184
          105        0     1227      915     3775     1137     1528     1449
          816     2042     1851     1191     2361      693     1677     1314
         1734     1520     1798     1493     2023      837      340      961
         2342     2045      898      765     2028      551     2773     1001
         3132     1242     1305     2432     1697     2456     2614     1010

Atom Distribution No.    36 at run step   10694:

  Count of atoms assigned to each task:
         3328        3        0        0        3        0        0        0
            0        0        0        0        0        0        0        0
            0        0        0       99        0        0        0       53
            0        0        9      117        0        3        0     1073
            0        3     1260      215     2826     1310        0        3
           90        3       42       42      102        0        0      855
           36        0        0        0        0        0        0        0
            0        0        0        3        0        0        0        0
           18        0        0        0       21        9        0        3
         3463      105     1049        0        0        0        3      150
           18        6       26        6        0       32        0      195
            0        3      627     1843      943      810     2052       87
          666      699     1312      784     1488      642      682     1636
         1186      878     1908     1255     2947      624     1479      801
         1779     1566     1956      606     1752     1560      768     2187
         1962      453     1325      783     1340     2026     1677     2384
          799     2054      660     1141     2259     1388     2422      459
          809     2108     1976     2774     1905     2293      789     1012

Atom Distribution No.    37 at run step   11061:

  Count of atoms assigned to each task:
         3187        0       44       54        0        3        0        0
            0        0        0        0        0        0        0        0
            0        0        0        0        0        0        0        6
            0       57        0        0       57      394      261      210
          954      102     1562      534     3242     2204      123       89
            0      178       87        0       12       66       12        0
            0        0        0        0        0        0        0        0
            0        9        0        0        0        0        0        0
            0        3       12        3        0        0        0        0
         3371        0      855      132        0        0      117      126
            0        3        9        3        0      126       63        3
            0       12      495      877      264        0     1326       18
         1485     1842     2110     1632     1266     1912      875     1915
         2078     1296      807      707     2827      900     1818     2379
          750      645     1914     2004      891      753     1644      594
          633     1925     1186      765     1997     1316     2292     2104
          754      993      786      688     2291     1052     1999      717
         1016     1972     1751      900     2273     1251     2016     1920

Atom Distribution No.    38 at run step   11423:

  Count of atoms assigned to each task:
         3149        3        0        3        0        0        0        0
            0        0        0        0        0        0        0        0
            0        0        0        0        0      703      672      204
            0       78      168      162        3     1150      514     1305
          129        0       54        0     3281      885      129       42
           30        3       30        0       36      127        3        0
            0        0        3        0        0        0        0        0
            0        0        0        0        0        0        0       24
            0        0       15        0        0      118       18        0
         2857        0      542       18        0        0       98        0
            6        0      978        0        6       69      129        0
            0       30       66      387      435        0      904       21
         1335     1921      771     1471      864      927      717     1007
         1102     1008      977     2392     3395      663     1668     1113
         1533      675     2340     1791      714      603     1296     1077
          627     1596     1833     2586     1488     1867     2095     2026
         2207      862      693     1014     2403      759     2983     2370
          783     2009     2146     1181     1729     1219     1774     1709

Atom Distribution No.    39 at run step   11783:

  Count of atoms assigned to each task:
         3410       66        0        0       12        0        0        0
            0        0        0        0        0        0        0        0
            0        0        0        0        0      162      781       42
            0        0        3        3        0      351      534      135
            0      144      554       18     3430      310        4        5
            0        0        0        0        0        0        0        0
            0        0        0        0        3        3        0        0
            0        2        0        0        0        0       28       27
            0        9        0        0        3      191       15        0
         3622      603      846        0        6        6      213       15
            3        0     1121       48      855      660      646        0
           21      126      903     1002      519      974     1520      867
          730      676     1002      975      249     1057     1503     1021
          610     1107     1694     1701     3515      585     1825     2010
         1635     1629     1740     1569      990     1929      978     1308
         1374     1296      768      390     1297      588     1532      844
         2103      894     2649      686     1845      615     1884      744
         1549      715     1707     3097     1549     1923     2434     1564

Atom Distribution No.    40 at run step   12140:

  Count of atoms assigned to each task:
         3455        8       50       18      204        0        0        0
            0        0        0        0        0        0        0        0
            0        0        0        0        0     1236     1071        0
            0        0      551        0       78      157      330        0
            0        3      147        0     3504       87        0        0
            0        0        0        0        0        0        0        0
            0        0        0        0        0        0        0        0
            0        0        0        0        0        0        0        0
            0        0        0        3        0        0        0        0
         3547      366     1288      154      881        0      153        9
          582        0      789        3      628      247      879        3
            6        0      267     1125      440      624      681     1176
          938      231     1758      567      516     1827      675      808
          847     1194     1795     1287     3454      789     1586      585
         1560      918     1263     1161     1734     2460     1353     1544
         1305     2025     1305     1651     1384     1203     1910      673
         1506      295     1864      590     2253      580      959      768
         2053     1853     1476     2587     1118     2516     2596      836

Atom Distribution No.    41 at run step   12509:

  Count of atoms assigned to each task:
         3240        0        0        0        0        0        0        0
            0        0        0        0        0        0        0        0
            0        0        0        0        0     1005     1131        0
           96        0       72        0      862        3     1035        3
            0        6       15        0     3420      525      102        0
            0        0        3        0        0        0        3        0
            0        0        0        0        0        0        3        0
            9      165        0        0        3      105       15      732
            0      224        0        0        0        9        0        0
         3528        0      767        0      753        0        0        0
          360        0     1069       15      767      258     1499      371
           54      432       12     1455      141     1385     1541      351
          402     1316     1067      657      739      540     1376     1113
          861      417     2016     1288     3281     1545     1944     2493
         2133     1233     2226     2429      678      379     1680      558
         1658      665      737     2344     1710     1261      364     1936
          651     2536     2133      663     1327     2393      696      656
          589      360     1119     2362      939      944     2163      785

Atom Distribution No.    42 at run step   12877:

  Count of atoms assigned to each task:
         3483     1804        0      111      117        0        0        0
            0        0        0        0        0        0        0        0
            0        0        0        0        0      471     1105        0
          432        0     1173        0     2264        0      255        0
          894        0        0        0     3424       75        0        0
            0       78        6        0        0        0        0        0
            0        0        0        0        0      177        0        0
            0        0        0        0        0       12      162        0
            0        0        3        0        0        0        0        0
         3559        0      927        6        0        0        0        6
            6        0      660        0       57        0     1722      597
          351      732      290      194       81      781      408      654
          675      736      563      130      840        0     1410     1617
         1143        0      528     2331     3651       24     1607      828
         1719     1353      732      882     1989     1359      669     1242
          972      637      514     1324     2144      350     1323     1891
          659     1774     1576     1740      770     2627     2420     1838
         2513     1602     1722     1230     1549     1289     3356     1981

Atom Distribution No.    43 at run step   13245:

  Count of atoms assigned to each task:
         2880      344       21        9       12        0        0        0
            0        0        0        0        0        0        0        0
            0        0        0       15        0        6        0        0
           60        0       36        0        9        0      277       12
          195       75      183        0     2897      750      186        0
            0      261       36       18       66     1193       18        0
            0        3       69       91        0        3       36        6
            0        0        0        0        0        0        0        0
            0        0        0        0        0        0        0       18
         2523        3     1166        0        0        0        0        0
           81        0     1971       69        3        0     1059     1167
          783      171      202      950      897     1257     3154      744
         1524     1442     2099     1731     2906      960      690      600
          626        0     1233     2288     2547     1044     1359     1035
         1029     1623      552      516      429     1320      477     1669
          501     1903     1562      549      294     2351      628     1133
         2421     1996     1387     1065      873     1842     2124     1001
         1337     1915      732     2204     2490     1983     1446     1485

Atom Distribution No.    44 at run step   13603:

  Count of atoms assigned to each task:
         3850       96        0        9       18        0        0        0
            0        0        3       12        0        0        0        0
            0        0        0        0        0        0        0      237
            0        0      162        0      288        3        3        0
           45        6      603        0     3881     1253        0        9
            3      588        3        0        9       66       36        0
            0        3        0        0        6        0        0        0
            0       21        0        0        0        0        0        6
            6        0        0        0        0        0        0        0
         3861        0     1050        0        0        6        0        0
            3        0      952        0        0        0        0     1104
          883      428       69       93       27      945     1059      880
         1038      867     1843      933     1974     1109     1038     1550
         1602     1127      771     2762     3635     1863     1260     1431
          672      978      678     1434     1653      954      891     1123
         1545      556      643      661     1008     1721     1407      823
         1459     2201     1025     1240     1157     2475     2007     1152
          969     2841      686     2167     1203     2203     1756     2230

Atom Distribution No.    45 at run step   13963:

  Count of atoms assigned to each task:
         2776        0        0        0      145        0        0        0
            0        0        0        0        0        0       24        0
            0        0       90        0        0        0        0       11
          228        3        0        8      143      216        0        0
         1145      102       21        0     2878     1194       45        0
            0        0        0        0        0        0        0        0
            0        0        9        0        0        0        0        0
            0        0        0        0        0        3        0        0
            0        0        0        0        0        0        0        0
         2973       69     1192        0        0        0        0        0
            3        0      735        0       87        3       15      513
         1629     1433       96      120      357      931     1205      738
         1687     1437     2259     1945     1712     1770      276     1833
         1618     1782     1562      561     2855     1731     1824     1677
          645     1884     1977     1965      633     1797      510     2002
         1851     1950      519     2239     1646      734      596      398
         1535     2708      816      876      846     2822     2208      750
          335     2473      504     2136      787      792     1584      719

Atom Distribution No.    46 at run step   14324:

  Count of atoms assigned to each task:
         3112      577        0        0        0        0        0        0
            0        0        0        0        0        0       12        0
            0        0       78        3        0     1407        0      696
            6       90       26        0      165       51     1360        0
            0        0        0        0     3103       72     1341       87
            0        9      390        0        0      629      240        0
            0        6      579        0        0      105        0        0
            0      420       15        0        0      186     1305        0
            0     1044      309        0        0        0       15      105
         3263        9     1358        0        0        0       12        0
            0        0     1460        0        6        6        0      102
          831       60     1292       24      962      498     1741     1062
         1080      999     1284      210      630     1077       96       18
           36       90      708     1752     3175      323     1027      876
           33      855     1290     1200      525     1101     1413     1050
         1596     1374     1701      720      816      808     1248      912
         2342     2238      715      879     3146     2436     2978     1243
          826     2950     3334     2454     2037     1433      777      866

Atom Distribution No.    47 at run step   14679:

  Count of atoms assigned to each task:
         3128      247        0       42       76        0        0        0
            0        0        0        0        0        0        0        0
            0        0        0        0        0       30        0        3
            0        0        0        0        0        0       18       69
           27       42      284      165     2881      663       12        0
           42     1158        9       15        3        9        0        9
            3        0        6        3        0        3        0       15
            0        0        0        0        0        0        9        0
            0      815        0        0        0        3       12        0
         3181       23     1513        0        0        3        0        3
            3        0      549       63      959        0        0        0
          497        6      822      759     1964      510     1407     1283
          258     1609      726     1493     1901     1065     1968      872
         2441      495     1491      912     2894     1556     1365     1530
          528     1521     1284      591     1842     1644     1676      621
         2004      600      775     2407     1670     1992      624     1749
          298     2097      628     2228     2152     2057     2721      576
          697     1800      894     1849     1026     1724     2139      570

Atom Distribution No.    48 at run step   15033:

  Count of atoms assigned to each task:
         3399        0        0        0        0        0        0        0
            0        0        0        0        0        0        0        0
            0        0        6        3        0        0        0        0
            0        9      762       36       12       12        0        3
           12        0      195        0     2751      771        0        0
            0      672        0        0        0        0        3        0
            0        0       42        0        0        0       33        3
            0        0        0        0        0        0        0        3
            0      114        0        0        0        0      111        0
         3608     1950      729       54       96        0     1543        0
            0        0     2531      810     1422        0        0      125
         1526        0     1257     1537     1299       12      920     1217
            0      507     2197      787     1437        9      738      771
          246      777      564     1135     3522     2280     1461      660
          678      552     1704     1068     1581      738     1101      810
         1074      549      618     1652      666     1397     1318     2090
         1122      590     1711     2634     2144     2186      515     2132
         1480     2380     1250     1995     1998     1769     1377     1348

Atom Distribution No.    49 at run step   15390:

  Count of atoms assigned to each task:
         3691        0        0        0        0        0        0        0
            0        0        0        0        0        0        0        0
            0        0       39       45        0        0       60      129
            0       12        0       36      132        0        0        0
            0        0        3        0     3619     1666        0        0
            0        0        0        0        0        0        3        6
            3        0        0        0        0        0        0        8
            0        0        0        0        0        0        0        0
            0        3        0        0        0        0        3        0
         3650      700     1254        0        0       15      378        0
            0        3      165       27      566        0        0        6
         1195        0        6      195       18        0     1735     1507
          144     1368     1379     2104      626        3     1689     1619
         1260     1515     1836     1531     3685      867     1521     1752
          657     1923     1944     2007     2220      828     1649      879
         1164     1210     1278     2237     1719     1169     1575     1282
          828      870     2132     3355     1952     1800      969      378
          701      655      404     2198     1662      894     2817     1773

Atom Distribution No.    50 at run step   15748:

  Count of atoms assigned to each task:
         3262        0        0        0        0        0        0        0
            0        0        0        0        0        0        0        0
            0        0        0      153        0        0        0       24
            3        0      384      648      174       27       21        0
            0        0        0        0     2834      702        0        0
            0        0        0        0        0        0        0        0
            0        0        0        0        0        0        0        9
            0        0        6        3        0        0        0        0
            3        0        3        3        0        0       63        0
         3396      741     1192        0        3        3        9        0
            6        3      117      402      699        0        0      312
          165        6     1143     1182      123        3      924      595
           81     1218     1259      940      495       93     1242     2204
         1766     2714     1819     2109     3062     2025     1984     2274
         2046      774     1752      369      852     1845     1869      946
         1639     1341     1970      890     2184     1806      641     1778
          907     1177     2895     2430     1495     2600      681     2366
         1097      843      816     2846      811      690      564     1355

Atom Distribution No.    51 at run step   16099:

  Count of atoms assigned to each task:
         2893      677     1012        0       93        0        0        0
            0        0        0        0        0        0        0        0
            0        0        0     1625        0      154        0      170
         1312       63      465      585       90        3       30       15
            3        0        0        0     3352     1108        0        0
            0        0        0        0        0        0       63        0
           21        0        0       21        0       30        0        6
            0        3       21       18      105        0        0        0
            0        0        0        0        0        0        0        0
         3465      567     1071        0        0        0        0        0
            0        0        0       33       27        0        0        3
            9        0      382      648        0        0      321      579
         1417     1581     1904      605     1035     1073     1813     1011
          888      519     1368     3953     3407      508      645     1401
         1683      633      561      276     1002      687      714      951
         1548      396     1758     1682     1905     1709     1704      656
         2409      802     2071     2083      808     2391     2562     2366
         1363     1397      792     2828     2347     1652     1308     1691

Atom Distribution No.    52 at run step   16464:

  Count of atoms assigned to each task:
         3154      469       98        0        0        0        0        0
            0        0        0        0        0        0        0        0
            0        0        0       35        0        0        0        0
           51        0      990       24        0        0        0        0
            0      294      699        0     3322      871       30        0
            3        0      514        6        0       54        9        6
            3        0        0        0       21        0       12        0
            0        3       33        0       84       36       18       30
            0       57        9       24        0      243      441       66
         2816      138      762        0        0       33        0        0
            3       51        0        0        3        0        0       21
            0        0      225     1800        0        0      246     1773
          102     1467     1063     2031     1552     1523     2692      429
         1922     2055     1756     2588     2904     1666      663      639
         1404     1407     1842     2034     1809      492     1416     2007
         1653     1379     1691     1658      726      591      587      793
         2182      620     1874     2302      830     1576     2418     1835
          722     1024      787     3075     1020      831     2110     1579

Atom Distribution No.    53 at run step   16814:

  Count of atoms assigned to each task:
         3474       39       24        0      647        0        0        0
            0        0        0        0        0        0        6      156
            0        0        0       15       27        0       15       24
          105       15      135        0        0        0        0        0
            6        0        3        0     3481      546        0        0
            0        0        0        0        0        0        0        0
            0        0        0        0        0        3        0        0
            0        0       21        0        0        0        0        0
           63       36       12       12        0        0     1405       87
         3623      165      519      207        0       66       21        0
          234        0      189       27       69        0      147      192
            0        0        9      770     1557      282     1104     1176
          846      481      602      783      663     1112      969      528
          660     1455      110      740     3417      609      111      762
         1373      912      621     1095     1542     1437     1513      924
          777     1893     1122     2328     1932      549      660     2548
         1960      807     2344     2380     2445     1278     3238     1913
          981     3960     3310     3732      728     2400      784     2858

Atom Distribution No.    54 at run step   17182:

  Count of atoms assigned to each task:
         3213       18        0        0        3        0        0        0
            0        0        0        0        0        0        0       17
            0       33        0        0       18        0        0        0
           39        6      974        3        0        0      225      441
            6        0        0        0     3486     2450        0        0
            9        0        0        0        0        0        0        0
            0        3        0        3        0        0        0        0
            0        0        0      357        0        0        0        0
            0        0        0        0        0        0        0        9
         2780       39        9        6      291        0        0       69
         1656       86        0     1627     1504      116      900      981
         1921     1948     1844     2336     2022     1324     2241      668
         1248     1886      828      585     1737     1272      972       84
         1221      957       18     1623     3297      969        3      189
          603      795      705      858     1530     1056     1136     1348
         1430     1571     1254      539      870      822     1666     1495
         2460     2131     1801     1057     1450      492     2017      300
          770     1678      663      834      813     2666      708      818

Atom Distribution No.    55 at run step   17544:

  Count of atoms assigned to each task:
         3105        0        0       41        0        0        0        0
            0        0        0        0        0        0        0        0
            0        0      319        0        0        0        0      219
         1709        0     1390       15        3        0        0       54
           99       42        3        0     3479     1821        9        0
            0        0        3        0        9        3        0        0
            0        0        0        0        0        0        3        0
            0        0        0        3        0        0        0        0
            0       21       33      141        0        0        0       90
         3309        0      111      159       26        0        0       66
          388       30        0     1197        3        6      342     2070
         1505      297     1769     1232     1622     1173      698      415
          955     1134      590      963       81      141      288       51
          339     2288      483      939     3644      835        0     1330
         1701     2004     2247     1938      867     1050     1905     1079
         1854      636     2002      804     2377      732     2210      867
         1670     2512     2906     2291     1304     2418     2146      627
          759      648     1049      933     1251      852      927     1247

Atom Distribution No.    56 at run step   17911:

  Count of atoms assigned to each task:
         3491      909        3     1416        0        0        0        0
            0        0        0        0        0        0        0        0
            0        0     1158        0        0        0        0     1221
            0        0        3        0      126        6        0        0
          456        3        0        0     3530     1075        0        0
            0        0        0        0        3        9        3       15
            0        0       45       45        0        0      141       12
            0        0     1140        0        0        0        0        0
            0        0        0        0        0        0        0        3
         3606       90      745       12       15        0        0       84
          145       27        0     1284        0        0      456     1179
          579       18      417     1588     2066      651      666     1207
           99      843      958     1543       60      579      858      615
          875     1272      933     1452     3337      165      171      603
         1350      318      393     1305      621     1389     1332     2460
         2103     1227     1636     1837     1784     1691      638     1652
          865     2799     1775     2646     2290     2679     1254      822
         1167     2267     1140      813     2257      840      873      672

Atom Distribution No.    57 at run step   18277:

  Count of atoms assigned to each task:
         3034      497        6       33        0        0        0        0
            0        0        0        0        0        0        0        0
            0        0      590        0        0       15        0        9
            0       69        0        0        6        0      855        0
          513        6       84        0     2989      559       39        0
            3        0       24      270        3        0        0        0
            0        0        0        0        3        9        6       11
            0       16      112      401        0        0        0        0
            0       30        3        0        0        0        3        0
         3266        0      756        0      114        0        0        0
          129        0       75     1800      158      144     1602     1128
          879      162     1707      758      672     1404     2097     1711
         2125     1508     2364     1971     1476     1545     1623     1166
         1068     1725     2106     1194     2814      255       72     1224
          822      237      525     1026      888     2160     2362     1246
         1402      752      749     2274      957     1173     1027     2141
         1087      788     1610     2259      940     1074     1011      340
         2049     1511     1170      984      736      723     1119      768

Atom Distribution No.    58 at run step   18642:

  Count of atoms assigned to each task:
         3414       24        0        0        0        0        0        0
            0        0        0        0        0        0        0        0
            0        0      230        0        0     1338        6        0
            0        3       60        0        9       42      285        0
          612        0       12        0     3321     1442       78       57
            0       24        0        0        0        0        3        0
            3        0        0        0        0        0        6        0
           48        0        0        0        0       12        0        0
            0        0      978        0        0        3       60        0
         3433       48      504        0        0        0        0        3
            0        0        0     1191       93        0      969     1157
          741        6      561      522      471      294      617      549
          522      948     1001      419      369        0     1362     1062
           42      882      501      765     3460      399       51     1551
          507      690     1888     1371      222     1058     2457     1461
         1665     1077     1104     1506     1515      849     1271     2557
         2856     2526     2708     3601     1363      855     1045     2471
         1654     3261     2493      894     2056     2162     1099     2101

Atom Distribution No.    59 at run step   19002:

  Count of atoms assigned to each task:
         3394        9        0        0      349        0        0        0
            0        0        0        0        0        0        0        0
          117        0     1419      138       12       45        0        0
            6      921     1173     1116      813       90     1311        0
          519        3     1227        0     3838     1845      210        0
            0       15       96        0        0        0        9        0
            0        0        0        0        0        0        0        0
            0        0        0        0        0        0        0        0
           15        0        9        0        0        0      456        0
         3581      195      660        0        0      153        0        0
            0        0      117     1301        0        0      720      707
         1011      300     1427      771      963      315      919      261
          742     1659     1451      327      324        0     1095      144
           24      653      615      990     3549       42       48      207
         1017     1698      189     1149     1131     1728      756     1635
         1908     2100     1480     1162     1212     1245     1184      759
         1747     2492     2788     1909     1133      722      807     1731
          979      954      373     2891     1726     2749      458     2668

Atom Distribution No.    60 at run step   19367:

  Count of atoms assigned to each task:
         2680        3        3        0        9        0        0        0
            0        0        0        0        0        0        0        0
            3        0       15        3        0        0        0        0
            0       15       33      121        3        9      884        0
            0        0        9        0     2865      426       21        0
            0        0      876       60        0        0        3        0
           27        0        0        0        0       15      129      267
            3        0      324        9        0      126      249      312
            3       74      178       21        0      311        3        0
         2725        6     1723        0        9        0        0        0
            0        0        0      225        3        0       48     1293
         1336       90      351      378     2694        6     1202     2103
          962     2050     1677      757     1563      552      919      609
          201     1233      686     1514     2468     1605      919     1989
          630     1008      906      558     1422      753     1635      684
          993      840     1803     2055      749     1436     2234     1896
         1595     1409     1885     1205      977     2439     2163     2768
         1239     1847      995     2296     1898     1922      864     1814

Atom Distribution No.    61 at run step   19726:

  Count of atoms assigned to each task:
         3625        0        0        0        0        0        0        0
            0        0        0        0       33       12        0        0
            0        0        8       34        0      423      375        0
          183        0      216      993        0        0      551      403
            6        0      249        0     2784      227        0        0
            0      130        6       48        0        3        0        0
           15        0        3        0        0        6       15        0
            0        0        0        0        3        0        0        3
            0       12        0        0        0        0        0        0
         2710        0       36        0        0        0        3        0
            0        0        0        0        0        3      197      966
          354       27     1254     1689      759      783      725     1119
         1273     1679      261     1249     1337      783     1046     1110
         1470     2457      585     2732     3412      606     1499      885
          234     1404     1248      720      537     1125     1242     1188
         2217     1736     1726     2193     2036     1476      378     2417
         2509     1104     2130      981     2884     2558     1844      960
          701     1491     2106     1519     1683      628     1353     1203

Atom Distribution No.    62 at run step   20089:

  Count of atoms assigned to each task:
         3208        0      533     1026        0        0        0        0
            0        0        0        0       12      759     1866        0
          171        0      600      312        6      669      192        0
           51        6        0       60       27        0       21        0
           15       12      747        0     3615     1194      168        0
            0        0        0        0        0        0        0        0
            0        0        0        0        0        0        0      159
            0        6        0        0        0        0        0        0
            0        0        0        0        0        0        3        0
         3696        0        0        0        0        0        0        0
            0        0      387       12      801      123      156      123
           81     1109      646      741     1017      586      977     1820
         1363     2250     1148     1386     1418     1512     1642     1838
         1307     1511     1989     1296     3111      132        3     1182
          366       15      579      993      570      714       99       69
          681      700     1029     1486      645     1886      651      994
         1352     2796     2454     2146     1238     2252     1763      827
         2468      710     1880     1290     2504     2029     1928      991

Atom Distribution No.    63 at run step   20450:

  Count of atoms assigned to each task:
         2647        0       36        6        3        0        0        0
            0        0        0        0        0        0        0        0
            0        0        0        0        0        0        0        0
            3        0       30        0        0        0        0      345
           12      546      207       18     3060      465       30        0
            0        0        0        0        3        0        0        0
            0        6        0        0        0        0        0        0
            0        6        0        0        0        0        0        0
            0        0        0        0        0        0        0        0
         3379        0        0        0        0        0        3        0
            0        3       99        3      933        6        3        0
           18     1023      561     1029     1422      500      954     2202
         1068      780      670     1658      627      306      859     1671
         1615     1742     1931     2601     2875      881      861     1251
         1211     1335     1251      633     2412     2364     2145     1692
         1352     2139      513     2045      586     2163      916      698
          934     2336      718     2468     1110     3070     1057     2220
         1735     1027     2578      806     2130      953      968     2384

Atom Distribution No.    64 at run step   20814:

  Count of atoms assigned to each task:
         4144      132       12      945       48        0        0        0
            0        0        0        0        0        0       39        0
            0      945        0        0        6        3        6        0
            0        9        0        0        0     1702      102       45
            0       99      216       87     3613      615        0        8
            0        0        0      938        0        0        0        0
           15        6        0       96        0        0       18       57
            0        0        0        0        0        0        0        0
            0        0        6        0        0        0        0        0
         3721       93        0        0        0        0        0      117
            0        0        3        0     1219        0        0       18
            0       75        6      267       92     1188      510      754
         1686      930     1932      273     1311       27     1966     2195
         1458     2046     1815      630     3667      186      627      543
         2148     1404     1326     1281     1452      855      567      654
          645      726      989     2073      756     1185      922      837
         1045     2399      916     1972     1084     2300     1013     2858
         3414     1397     2696     1299      996     2724     1382     2324

Atom Distribution No.    65 at run step   21178:

  Count of atoms assigned to each task:
         3047       30       12      179        2        0        0        0
            0        0        0        0        0        0        0        0
            0       10        0        0        0        0        0        0
            3       39       96        0      116      129      762        0
            0       30       60        0     3194      822        0        6
           48        0        9        9       78        0        0        3
            0        0        0        6        0        3        0        3
            0        0        0        0        0        6       15        0
            0        3        0        9        0        0       39        3
         3166      174      219        0        9        0        0        0
            0        0        0        0     1332        0        0       30
            3        9      258      375      993     1108     1146      798
         2338     2394      342     1506     1654     2233      695     2328
         2746     2175      696     1296     3127     1977      774     2169
         1377     1395     2595      876     1954     1381     1468      635
          375      501      654     1781     1356     1749      773     2396
         2463     1605      906     2395     1101     2324     1853     1661
         1808      615      943      945      731     1762      627     1060

Atom Distribution No.    66 at run step   21543:

  Count of atoms assigned to each task:
         3191        0       12       72       18        0        0       12
            0        0        0      377        0        0        0      582
            0        0        0        0        0        0        9        0
          192        0        3        0        0        3       33        0
            0        0        0        0     3073     1602        3        0
            0      144        3        0        0        0       21        0
            0      135        0      123       24       48        0        6
            0        0        0        0       24        0        0        0
            0        0        0        0        0        0        0        0
         3134        0      294        0        0        0        0        0
            0        0        0        0      108        0        0      508
            0     1086        0      129      858     1263      468       69
         1578      969      441      783       12     1560        3      519
          774      357     1455     1884     3226      584     1136      840
          732      549     2877      814     2379     1703     1701     2406
          720     1692     2334     1119     1017      678     1962     1890
         1146      841     2574     2639     2368     4403     2450     3330
         2635      980     1868     1848     2223      631     1665      984

Atom Distribution No.    67 at run step   21906:

  Count of atoms assigned to each task:
         3181        0        0        0        0        0        0        0
            0        0        0      109        0        0        0     1264
            0        0        0        0        0      150        0        0
           99        0        0        0        0        9        0       12
            0        0        0        0     3140      711        0        0
            0        3        0        0        0        0        0        0
            0        3        0        0        3        0        0        0
            0       36        0        0        6       78       33        0
           36        3       75        0        3        0       57      135
         3358        0      173        0        0        0        3        0
            0        0       88        0        0       12        0      379
         1507     1928       42      426     1305     2054     1457     1502
         1383      737     2934      785     1421      432      689      777
         1251     1216     1749      864     2865     1258      760      690
         1011      615     1008     2154      702     2034      909     2553
         2092     1795      651     1690      851     1098     2114     1997
         2857      784     1629     2266      778     1223     2762     1125
          737      978     2250     2262     1707     1585     1411       87

Atom Distribution No.    68 at run step   22271:

  Count of atoms assigned to each task:
         2744        0        0        0       21        0        0        0
            0        0        0        3       39        0        0      127
         1074        0        0      855      828        0        0        0
          144       99        0        0        0        0        0        0
            0        0        0        0     3579      245        0        0
            0       12        0        0        3        0        0        0
            0        0        0        0        0        0        0        0
            0        0        0        0        0        0        0        0
            0        0        0        3        0        3        0        0
         3503      943     2023       15        0      328       39        0
            0        0       21        0        0        0        0        0
          480      333      216     1580     1030      774      366      195
          671     2251     1048     2053     1655     1905      566      822
          510      498      993      689     3333      765     1833     1169
         1203      555      642     1767     1527     1455     1044     2616
         1680      967     1665     2195     1840      661     1053     1896
         2889     1556     1851     1204      996     2193     2383      835
         2277     2234     1935     1383     1379      855     1451      333

Atom Distribution No.    69 at run step   22630:

  Count of atoms assigned to each task:
         3475       28        0        3        0        0        0        0
            0        0        0        0       87        0        0        3
          859      567        0      105        3      150       21        0
            0        0        0        0      150        9        0        0
          171        0        3        0     3616     2095        0        0
            0       33        3        0        0        0       12       48
           15        0       12        0        0        0        3        0
          180       57       45        0        0       33        0        0
            0        0        0        0        0       57       27       21
         3350      231     1907        6        0        0       51        0
            0        0        0        0        0        0       33        0
           48        9       48     1597     2548      165        0      606
         2478      738     1990     1120      224     1532      882     1526
          708     1146      504     2487     3392     1214      756      978
         2016     2700      849     2001      681      903      804     2227
         2301     1924     1341      768      663     2000     1536      723
          938      571     1133     2723     2695     1027      938      944
         1074     2854     2812      969      399     1338     1432     1457

Atom Distribution No.    70 at run step   22995:

  Count of atoms assigned to each task:
         3493        0        0        0        0        0        0        0
            0        0        0        0        0        0        0        0
           77        0        0        0        0        0        0        0
            0        0        0        0       28      636        3       39
          702        0       24       15     3564      968      318        3
            3      374        0        3        3      276        0        0
           15       36        0        0        0        0        0        0
            0        0        0        0        0        0        0        0
            0        0        0        3       42       72      906      450
         3653      310     1982       21     1087       30     1000      132
          165        0     1629     1028        0        0       42        0
         1011        6      405      822      917        6        0      678
          675      647      860      860      270      642     1656     1320
          675     1050      609     1467     3657     1553     1458     1539
         1398     2271      639      546     1746     2037     1972       96
         1863      973     1491      737      582      369      627      834
          354      748     1049     2671     2242     2406     2171     2508
         1598     2655     1917     1610      879      763     1699     1540

Atom Distribution No.    71 at run step   23350:

  Count of atoms assigned to each task:
         3637     1098      117      585      180        0        0        0
            0        0        0        0        0        0        0        0
            0      219        0        0        0      948        0        0
            0       30        0        0        3      909        0        0
          246       18       36        0     3622     1889        6        0
            0      141        0        0        0        0        0        0
            0        0        0        0        0        0        0        0
            0        0        0        0        0       12        6        6
            0       12        3        3        0        0      714        6
         3745       42      768        0      665        0     1347        3
            3        0      345      210        0        0        0        0
          713        0      375      780      201        0        0      912
          880     1140      321      654        0      504     1554     1623
          922      878     1773     1662     3910       30     1317     2177
          972     1377      651      813     1587     1299     1041      225
          720     1797     1303      825      738      712     1288     1502
         1939     2884     2559      650     1192      870     1797     2916
         1024     2854     2971      933      882     2289     2912     1484

Atom Distribution No.    72 at run step   23710:

  Count of atoms assigned to each task:
         3577        9        9       12        9        0        0        0
            0        0        0        0        0        0        0        0
            0        0        0        0        0       90        0        9
            0        0        0        0        0       33        0        0
            0        0       42       72     3395      261        0        0
            0        3        6        0      159        0        9        0
          105        0        9        0        0        0        0        0
            0        0        0        0        0        0        0      348
            0        3        3        6        0        0       15       30
         3672       18     1429        0      526        0      630        0
            0        0      228        0        0        0        0      399
          351       45     1601      846     1454      625      582     1074
          686     1833     1201      895      882     1628     1619     1786
          854       45      480     2350     2950     1581     1302     1012
          852     1911      693      672     1710     2214     1905     1644
          600     1971     1383      884      861     2192      789      970
         1530     2592     2159      928      815      675     2445     1729
         2416     2566     2518      900     1713     2372      369     1130

Atom Distribution No.    73 at run step   24071:

  Count of atoms assigned to each task:
         3638        0      106        0        0        0        0        0
            0        0        0        6        0        0        0        0
            0        0        0        9        0       57        0        0
            0        6        0        0        0      336      192        0
           99       45        3        0     3480     1293        3        0
            0       39        0        0        0      325        6        0
            0        0        0        0        0        0        0        0
            0        0        0        0        0        0        0        0
            0        0        0        0       36        0        3       57
         3838        0     1005       21        0       12      150        0
          147        3      297      174        3       18       21      741
            3        0      912      234       45       15       21     1392
          844      378     3198     1200     1423     1191     1200     2409
         1198     1493      990     2806     3763      888      811     2046
          864     1638      705     2199      903     1308     1527     1236
          741     2022     1261     1005     2586     1399      730     2578
          866     2541     1249     3265      828     2342      796     1989
          793     1005     1002     1570     1542     1117     1080     1590

Atom Distribution No.    74 at run step   24434:

  Count of atoms assigned to each task:
         3755        0        2        0        0        0        0        0
            0        0        0        0        0        0       72        0
            0        0     1305        0        0      345     1633       81
         1872     1086      927        6      753        3      630        0
            0        9      135        0     3497     1445        0        0
            0        0        3        0        0        3        0        0
            0        0        0        0        0        0        0        0
            0        0        0        0        0        0        0        0
            0        0        0        0        3        0        3        6
         3784      111      760        0        3        0      271        0
          610        0      894        9        0        0        0      885
          961        0     1659      944       92        0       24      563
          591      507      420       15      282      174      753     1959
         1272     1083      804     2273     3517      777     1125     1899
         1566      702     1773     1608     1104      660      114     1981
          735     1521      979     2167     2119      789     2145      754
         2167      963      787     2901     1068     2199     1713     1002
         1708      998     1314      431     1879     2843      954      667

Atom Distribution No.    75 at run step   24797:

  Count of atoms assigned to each task:
         2545        0        0       78       60        0        0        0
            0        0        0        0        0        0        0        0
            0        0      111        0        0        0      727        0
            0        0     1226        0        0      537       18        0
           69      513       12        3     2593     1212      749        3
            3       21      432       18       12        3       12        9
           72       99        0        0        0       45        3        0
            9       33        0        0        0        0        0        0
            0       48        0        0        0        0        0       45
         2787        9      570        0        0       15       27        0
           63        0       45        3        0        0        0      768
         2183        0      801     1306       87        0      234     1524
         1580      852     1052     1028      381      498      726      479
          951     1998     1634      735     2763     1404      606      667
         1671      465      788     1575     1719     2124      627     1905
         1623     1173     1143     2173     1032     1510     1768     1887
         2017     2456      935     2254      758     2335     1987      701
         2545     2990     1674     2003     1883     1728      642     1719

Atom Distribution No.    76 at run step   25166:

  Count of atoms assigned to each task:
         3237        0        0        0        0        0        0        0
            0        0        0        0        0        0        0        0
            0        0        0       26        0        0        2        0
            0        0      286       24        0      136        0        0
            0        0        9        0     3209      930       24        0
            0       33        0        0        6        0        0        0
            0        3        0        0        0        0        0        0
            0        3        0        0        0        0       27        0
            0        0        0        0        0        0        3        9
         3194       15      576        0        3       99       66        0
            0        0       87      198        0      132        0     1841
          219        3      438      510       36     1093      667     2321
          802     2219     1938      141      802     1840     2259      939
          882     1591     1581      745     3138     2260     2403     1866
         1899     2256     2274     2061      927      749      631      630
          624     2384      624      712     2013     1108     1404     1742
         1142     1816     2304      870     2929     2945     3010      966
          735     2172     1854      867      756      486      486      659

Atom Distribution No.    77 at run step   25529:

  Count of atoms assigned to each task:
         3416      104      723      204        6        0        0        0
            0        0        0        0        0        0      165        0
          114        0        0      918     1243      189      471        0
            0        0      117        3        0     2253        0        0
            0        0      277        0     3429     1458      492        0
            0        0        0        0        0        0        0        0
            0        0        0        0        0        3        0        0
            0        0        3       63        0        0        0        3
            0       57        0        0        0        6        0        0
         3404      179      573        0        0        0        0        0
            0        0      234       54        0        0     1344     1447
          342        0      711      861       30      558     1111     1089
          782      748     1396        0       60      882      563       21
          163     1312     1587      807     3327      687     1011      741
         1333     1920     1146     2112     1863     2262     1848      732
         1887     1571     1212      784     1930      671      637     1780
         2204      355      698     2041     2154     3578     1023      687
         1215     1065     1333     3501      987     2087      945     1604

Atom Distribution No.    78 at run step   25886:

  Count of atoms assigned to each task:
         2978      101      254      343      151        0        0        0
            0        0        0        0        0        0       12        0
            0        0        0        0      258      879      309        0
            0        0       21        0      165     1850       87        0
         1083      120      681        6     3352     1883       12        0
            0        0        0       18        0       27        0        6
            0      987        0        0        0      820       57        0
            0        3       33        0        0       30       33        0
            0      156        0        0        0        0        0       18
         3377      291      903        6       81      138        0       87
           12        0       72        0        0       66     1269     1020
            0        0      105       81        0      891      416      419
          908      801     1587     1720       81     1217     1433     1538
           74      621     1980     1530     3164     1659     1623     1077
          657      966      756     1194     1320      549      696     1071
         1518      792     1692     1832     1310     1850     1164     1508
          744     1458      947     2387     2086     1592     1108     1082
         1767      798     1033     2651     2349     3658     1021      370

Atom Distribution No.    79 at run step   26242:

  Count of atoms assigned to each task:
         2079      504      319      620      790        0        0        0
            0        0        0        0        0        0        0        0
            0        0        0        0      885      444      165        0
            0        0       84      141       69       30       33       96
          260       48       39       39     2156      345        0       30
           25        6        3        0       29        0       24       36
            0        6        0        0        0        0        0        0
            0        0        0        0        0        0      298        3
            0        0        4        0       38        0        6        0
         2113       33      705        0        0       15       69      201
            9      556      144        0        0      756     1524     1040
            0        0      864      303        0      684      842     1092
          597      495     1777      453     1102     1181     1902     1276
         1526      477      832     3433     2277     1713     1494     1298
         1608      693      648     1758      876      438     1401     1707
         1695     1263     1117     1071     2326     1789     1877     1596
         1802     2825     1750     1803     2064     2419      703      705
          792     1653     2060     2357      651     1023     2061     1938

Atom Distribution No.    80 at run step   26603:

  Count of atoms assigned to each task:
         3075      163        9        0        3        0        0        0
            0        9        0        0        0        0        3        0
            0        6        0        3      829      183       12        0
           87       15        6        3        0        6        0        0
           30        0        0        0     3361     2473        0        3
            0        0        0        0        0       12       30        0
            0      279        0        0        0        6        0        0
            0        0        0        0        0        0       36        0
            0        0        0        0        6      615     1228        0
         3232      198     1504        0        9      582     1122      539
           21       12     1221        0      129     2048     1533      595
            0        3     1452     1158        0     1320     1921      699
          571        8     1495      165     1146       22     1169     1122
         1528      453     2061     1202     3339     1401      690     2199
         1083     1575      960     1577     1200     1608     1368     2494
          629     1325      716     2048      711      640      332     1677
         2571      784      606     1486      858     3009     1704      341
         1358      549     1817     1917     1615      666      645      677

Atom Distribution No.    81 at run step   26958:

  Count of atoms assigned to each task:
         3396      536        0      108        0        0        0        0
            0        0        0        0        0        0        0        0
            0        0        0        0       36        0        0        0
            0        3      216      513       18      111        0        0
          219        0        0      666     2971     1219      927       27
           33        0       15       57        6        0       60       15
            3        0        0        6        3       24       54        3
            3        0        0        6        0        0        0        0
            0        0        0        0        0       15       18        3
         2882      183       21       51       72      624       15      162
            0        0      210        0       81     1792       15        6
            3        0      897      165        0      668      150     1440
          162       33      156      444       12       96       96      524
          598      471      504     1734     2803      918      779     2377
         1414     2459     1527     2384     1560     1898     2130     1683
         1620      681     1329     1449     1911     1401     1359     2146
         1659      836     1226     1857     2557     2157     3362     2610
         1098     2486      879     3168     2030      993      765     3838

Atom Distribution No.    82 at run step   27315:

  Count of atoms assigned to each task:
         3340        3        0        0        0        0        0        0
            0        0        0        0        0        0        0        0
           27        0        0       78       30        0        0        0
           77        0      962      345       27        0        0        0
            3        0       93       18     3836     2461        0        6
            0        0        0        0        0        0        0        0
           39        0       30        0        0        0        9        3
            0       60      138        0        6       75       99        3
            0      315        0        0        0        0      108       27
         3478        3       12        9        6      141       24        9
            0      160      696      108     1425      965        0     1188
         1041        0       36     1236      714     1686      928      648
         1422      738     1283     1399     1862      537     1254      799
          864     1278     1209     1971     3490     1077      444      933
         1251     1707      729     1434      705     1215     1191     1560
          630     1819     1304     1991     1662      812      565     1605
         1686     1196     1328     2072     1321      842     1565      704
         2102     2170     2240     2738      930     1448      709      384

Atom Distribution No.    83 at run step   27674:

  Count of atoms assigned to each task:
         3244        2       50      108        6        0        0        0
            0        0        0        0        0        0        0        0
            0        0        0       36        8        0        0        0
            7        0       36       15        6        0        6        0
            0       12        9      357     3493     1587        0       81
            3      138        0        3        0        0        0        0
            3        3        0        0        0        3        0        9
            0        0        0        0        0        0        0        0
            0        0        0        0        0        0        0        0
         3268        0        0        0        0        0        0        0
            0        0        3        0       15      293       30     1420
         1296        0        0      723     1015     1311      339      743
         2045     2050     1311     2093     1622     1048     1953     1689
         1377     1577      969     2525     3038     2907     1530      684
         1572     1083     1668      798     1314      559     2206     1880
          591      352     1817      740     1932      633     1591      945
         1601     1117      578     2709     1865      651     1329     2832
         1108     2488     2100     1352      834     1358      735      469

Atom Distribution No.    84 at run step   28039:

  Count of atoms assigned to each task:
         3343      586      777      402     1014        0        0        0
            3        0        0        0        0        0        0        0
          622        0        0        0      633        0        0        0
            0        0        0        0        0        0      645        0
            0      141      120       12     3401     1292        0      464
            0        0       12        3        6        3        0        0
           33        0      456        9        3       24       96        0
           24        0       27        6        0        0       39        0
            0        0        0        0        0        0        0        0
         3497       15      498        0        0        6        0        0
          171        0        0        0       81        0        0       75
          539        0        0     1431      279        0      888       12
           38      555      925      945     1365       26     1064      573
          642     1402      978     1408     3000     1628     1719     1703
         1185     2068      741      681     1392     2169     2433     2001
         1320     1503     1162     1584      718     1149     2209     2416
          785      764      363     2566     2388     1920      896     3027
         1553     2742     2629      775     2129     1401      783     1795

Atom Distribution No.    85 at run step   28399:

  Count of atoms assigned to each task:
         3657      965      435        0        0        0        0        0
            0        0        0        0        0        0        0        0
            0        0        0        0        0        0        0        0
            0        0        0      186       81        0     1081      414
          879        0        0        3     3395     1035        0        9
            0        9        6       63        0       36        3        0
            0       96      108        6        0       33        3        0
            0        3       25       36        0       36        9        0
            0       12       30        0       24        0       33       41
         3008      129     1495       30        0       69        0        0
            3        0        3      714       48        0        0      897
           80      972        0      828       57       30     1536      678
         1320     1749      744     1503      628      720     1670     1768
         1485      410     1164     2334     3443     2076     1011      687
          687     2049     1785     2118      117      699      621      772
          750      711     1452     1587     1530      752      634      984
         1163      948     1060     2814     2875      855     1154     2247
         1093     2593     2400      918     2242     2002     1321     1932

Atom Distribution No.    86 at run step   28759:

  Count of atoms assigned to each task:
         2946       84        0        0        0        0        0        0
            0        0        0        0        0        0        0        0
          908        0        0        0       69        0        0        0
          192        9       18        0      201       27        3       93
          753        9        6        0     3030     1167       22        0
            0       33        6       12        9        3        0        0
           33        6       59        0        3        3        0        0
            5        0        0        0        0        0        0        0
            0        0        0        0        0        0       46        3
         3003      754      342        0        6        0        0        0
            0        0     1176      126        0        0       24      135
           27     1117        0     1251        3        3     1359      602
          831      789     1095      777     1872      499     1625      876
         2022     1444     2534     2628     2718      975     1502      756
         1917     1485     2319     1905      999     1846     1815     1786
         1717     2254     1831     1910     1057     1261      626     1732
          549      944     2102      297     2280     2199     1662      732
          979     2546     1721      912     2099     1560      717      518

Atom Distribution No.    87 at run step   29118:

  Count of atoms assigned to each task:
         3066        0        0        0        0        0        0        0
            0        0        0        0        0      137        0        0
          328        0        0        0        0       60        0        0
            3       72       81        0        3      135        0       51
         1038      213        0        0     3206      804       42        0
          296      178        0        0       98       69        0        0
            0        0        0        0        0        6        0        0
            0        0        0        0        0        9       33      128
            0       81        3        0        0        0      102       30
         3471      780      942        0       18       24        3       21
           18        0     1033        0        9        0        0        0
           15      171        3      774        0        0     1673     2790
          933      219     1846      844      899      570     1460     1445
         1917     1190      699     2324     3244      690     1612      603
         1425     1047      651      630      627      717     1719     1053
         1638      705     1527     2735      908      742      909     3056
         2299     2472     2193     1920     2149     2606     1889      974
          768      876     2858     1520      543     2024     1159     2055

Atom Distribution No.    88 at run step   29475:

  Count of atoms assigned to each task:
         3450        0       38       48       12        0        0        0
            0        6        0        0        0      765        0        0
           24        0        0        0        0      240        0        0
            6        0        0        0        0       57        0        0
          351       75       15        0     3504      901       99       21
            0       90       66        0       27       48        9        0
            0        0        6        0        0        0        0        0
            0        0        0        0        0        0        0        0
            3       17        0        0        3        0       75      852
         3446      588     1023        0        0        0        0        0
            0        0       27        3        0        0        0       33
            6      121        0       24       33      606      555     1236
         1388      597      636     1790     1107      990     2302     1458
          944      939      612     2849     3262     1456     1269      603
          609      605      735     1485     1629     1629     1383     2292
         1788     2208     1888     2308     1474      880     2077      336
          597     1905     1198      809     2430     1955     2715     3255
          960     1973     2374     2089     1372      818     1944      475

Atom Distribution No.    89 at run step   29833:

  Count of atoms assigned to each task:
         3539        3        0        3        0        0        0        0
            0        3        0        0        0        3        0        0
         1566        0        0        0       66        0        0        6
           51        3        0        0       84        3        0        0
           15       48       12        0     3110      591        0        0
            0       12        0        0        0        0        0        0
            0        0        0        3       99        0        0        0
            9       69        0        0        0       63       47        0
            0       77      742        0        0        9      237        6
         2941      708      483        0        3        0        9        0
         1215        0        0        0        0        0        0        0
            0        0     1032        0       36       69      738     2009
         1563     2609       81     1172     2092     1846      771     1221
         1113     1748     2572     1020     3474     1277     1782     1587
          801     1410      432     1539     1629     1326     1014      213
         1190     2588     2245      799     2434     1136      817     2113
         2534     1065     1329      930     1096     2064     2338      993
         2227     1987      707     1007      684     1139     1557     1913

Atom Distribution No.    90 at run step   30192:

  Count of atoms assigned to each task:
         3452      192        3        0        3        0        0        0
            0        0        0        0        0        0        0      917
          948     1533       42      483      117      501       27        3
            0        9       15        0        0      141       24        0
            0        0        9        0     3691     1214        0        0
            0        0        0        0        0        0        0       37
            0        0        3       39        0        0        0        0
            0       15        0        0        0        3       15       24
            0        6      615        0        0        0        0        0
         3641      285     1340        0        0        0       30        0
          135        0        0        0       60        0      138        0
            0        0     1308      117        3        9     1853      240
         1731      203      655     1854        0      219      869      224
          579       90      933     1947     3685      438      927     1695
         2439      763      705     2229     2562     1782     1911     1740
         2075     1905      702     1000     1315     2088      387     2284
          663     1921      828      826      956     4720     3065     1330
         1950     2485      844     1059     2124      999     1095      865

Atom Distribution No.    91 at run step   30552:

  Count of atoms assigned to each task:
         3222      506        0      111     1908        0        0        0
            0        0        0        0        0        0        0      952
           76      736      144      612        0      546        0        0
            0        3        0        0        0      627        9      561
          657        0       51      132     3228      402        0        0
           84       69        0        0      372       66        0        0
            0        0        0        0        0        0       15        3
            0        0        0        0        0        0        6        3
            0        3       21        0        0        3        0        3
         3407        6     1193        3        0        0        0        0
            3        0        3        3        0      132        6        6
            0        0     1113       84        3        0      609     1217
         1908       90     1575     1782     1690     1065     1762     2202
         2484     1695     1614     2134     3288     2280     1647      723
         1098     1074     1632      749     1476     1746      348      426
         1894      878      734     2279      688     1667      609     1751
          999     1590      639     1136      720      781     1557      967
          662     2477     1158      960     1479     2881      616     2377

Atom Distribution No.    92 at run step   30902:

  Count of atoms assigned to each task:
         3626        6        3        0        0        0        0        0
            0        0        0        0        0        0        0       18
            0       68       52      483        0        0        0        0
            0      354        9        6        0      390       84     1227
           13        4        0        8     3449       59        0        0
          306        3        3        0        0        0        0        0
            0        0       18        0        0        0        0        9
           15       36        0       27        0        0       75       18
            0        0        6        3        0        6        0        0
         3451        3      528       57       30        0       51        0
          615        0      627     1376        9        0       30        3
         1506        0      645      552     1131       51     1132      155
          276     1571      936     1475     1164      324     1298      489
         1275     1148     1083     1023     3571     1780     2037     1623
         1950      915     1419      378      711      672     1335     1029
          939      816      678      697     1671      711     2619     2679
          357     2085      791      865     1580     2470     2654     1069
         1303     2708     1105     3648      765     2634     2308     1936

Atom Distribution No.    93 at run step   31263:

  Count of atoms assigned to each task:
         2937        0      167       33      287        0        0        0
            0        0        0        0        0        0        0        0
            0      395       36        0        0      243       24        0
            0      132     1395      189     1155      363        0       24
           99      132        0        0     3193     2454        0        0
            0        0        0        0        0        0        0        0
            0        0        0        0        0        0        0        0
            0        3       68        0        0        3        0        0
            0        0        9        0        0        0       12        0
         2857        0     2148       30      645        0      108        0
          389        0      471      834      921        0      301       54
          711        0      540     1140      540       12     1297      783
          168      618      243      612     1000      639      753      753
          222     1324     1806      680     3322      522      120      129
          873      609     1282      213      654     3183     1659     2022
          975     2583     2198     1248     2033     2274     1782     1267
         2226      689     2807      663     2218     1967     1931     3242
          427      896      942      918      799      686     2942     2653

Atom Distribution No.    94 at run step   31621:

  Count of atoms assigned to each task:
         2875        0        0        0        0        0        0        0
            0        0        0        0        0        0        0        0
            0      879        0        0        0      144        0        0
            0        0        0        0        0        0        0      123
            0        0        0        0     2925      210       93        0
            3        0       30        0        0        0       36        9
            0        0       78      138        0        0        3      219
            0        0        0        0        0        0        0       57
            3        0        0        0        0        0        0        0
         2895        0      498        0       24        0        0        0
          237        0       27      918      816        0        0        3
           35       47      316      273      531      288     2139      825
         1302     1791     1379     1647      183      858      716     1422
         1002     1367     2372     1869     2871      654     1710      621
         2091      833     2460     1821     1398     1545     1257     1806
         2004      662      945     1362      798      731      519      538
          885      985     2092      955     2676     4038     2817     2900
         2706     2458     1155      637     2302     1002     2307      760

Atom Distribution No.    95 at run step   31978:

  Count of atoms assigned to each task:
         3460        0        0        0        0        0        0        0
            0        0        0        0        0     1098        0        0
            0      963        0        0        0      854        0        0
            0        0        0        0        0        0        0        6
            0        6       12        0     3660     1464        0        0
            0        0        0        0        0       15        0        0
           78       27        9        0        0        0        0        0
            0        6       12        0        0        0        0        0
            0        0        0        0        0        0        0        0
         3560       66     1397       51        0        0        0        0
           54        0        0      120     1482        0      192      162
           57        3      162     1396     1616     1072      996     2565
         1626     2490     1650     1418      720     2213     2291     1740
          708      744     2781     3021     3630     1923     1185     1520
          276      540      956      927      501     1093      909     1717
          663      875      600      628      898      641     1747      684
          753      723     1044      977     3326     1761     2119      921
         1523     1130     1221     1140     1363      823      528     1618

Atom Distribution No.    96 at run step   32338:

  Count of atoms assigned to each task:
         3424     1202        6     1499        0        0        0        0
            0        0        0        0        0        6        0        0
            0       33        0        0        0       36        0        0
            0      192        0      184        3        0        6        0
          106       73        0        0     3155       22        0        0
            0        0        0        0        0        0        0        2
            0        0        0        0        0       30        0        0
            0        0       15        6       24        0        3        0
            0        0        0        0        3        9       36        0
         2676        2      299        0        0        0        0        0
           81        0        0       66     1386     1553      167      784
            0        0        0     2490     1332     2041     1458      444
          575      133     1640     1232      975      219       15        3
           60     2526     2115      468     3327      202      754     1443
          687     1146      546      837      840      648     1506     2022
         1608     1323     1860     1317      935     1536     1642     1102
         1680     1798     2290     2196     2459     3691     2433     1102
         3146      904      732      777     1238     1031     2671     2662

Atom Distribution No.    97 at run step   32697:

  Count of atoms assigned to each task:
         3273        2        0        5      225        0        0        0
            0        0        0        0        0       21        0        0
            0        0        0        0        0       72        0        0
            0      504        0       24        6        0        0        6
          411        0        0      117     3287     1890        0        0
            3      381        3        0        0       27      144        0
           15        0      123        0        0        0        0        0
            0        3        0        0       42        3        0        0
           15        9        0        0        6        0        0        0
         3295        0      639        0        0        0        0        0
            0        0        0        0      843      291        3     2052
            0      603     1026     1051     1797     1849     1929     1684
         1431     1233     1288     1664      162      744      570     1462
           12      720     1200      945     3299      447     1587      537
          570     1200     2205      654     1080      639      849     1854
          600     1419     2091      636     2405      745      314     2009
          991     1635     1409      806     1698     2412     2603      920
         2344      774     2713     2617      786     1038     2519     1391

Atom Distribution No.    98 at run step   33063:

  Count of atoms assigned to each task:
         3219      501      156        9       45        0        0        0
            0        0        0        0        0        6        0        0
            0        0        0        0        0       27       18       72
            0       42        3       24       39        0        0        9
           12        0        0        0     2943      108        0        0
            0        3        0        0        0        0        0        0
            0        0        0        0        0        0        0        0
            0        0        0        0        0        0        0        0
            3        0       27       30       12        3      264       93
         3327        0      159        0        0        0        0        0
            0        0        0        0      621        0       90      114
          420        3      111      593     1384      627     2089     1833
         1546      282     1498     1165     1308      114     1727     1812
          206      950     2038     1285     2654     1494     1167      961
          828     1929     1761     1236     2277     1110     1755     2601
          708     1769     1968     2230     2328     2258     1643     2608
         1083      694      931     1140     2390     1783      774      760
         1809     1295     2959     1791     1110     1024     1670     1438

Atom Distribution No.    99 at run step   33415:

  Count of atoms assigned to each task:
         3516      142       96      117       81        0        0        0
            0        0        0        0        0      852      180      306
         1633      276        0        0        0        0        0        0
         1557        0     2424        0      342       18        0        0
          321        0      953        0     3550      635        0     1230
            0        0       18       39        0        9        0        0
            0        6        0        0        0        0        0        0
            0        9        0        0        0        0        0        3
            0        0        0        0        0        0        0        0
         3588        0     1017        0        0        0        0        0
            0        0        0       45     1647        6       96        0
          680        0       27     1156      771       30      552     1500
          867        0      609     1153     1522        0      744     1854
           99       84     1005     1177     3609      573     1929      633
          636      903      684      543     1110     1638      594     1200
          660     1671      379     1389      816     1625      357     1930
          812     2038      852     1217     2142     2407     2688     1032
         2169     1021     2695     2528      837      857     3845     2345

Atom Distribution No.   100 at run step   33774:

  Count of atoms assigned to each task:
         2964     1353       21       33      435        0        0        0
            0        0        0        0        0        0        0        0
           99       15        0        0        0        0        0        0
            3        0        0        0        0       30        0       18
            9        0        0      447     2713     1381      763        0
          108       57      615      105      183       36        0        0
           18        0       18        0        0       30        9        0
            0        0        0        0        0        0        9        0
            3        0       45        0        0        0      147       21
         2708       45      687        3      261        0        0      144
           36        0       36        6     1250      102       12      171
          660      219      405     1308      264       60     1623     1486
         2112      870     2017     1719     2093      848     2403     1332
         2630     1437     1820     1107     2910      228      768      801
         1113      618      600     1698      549     1770      705     1248
         1439     1107     1609     1319      644     2241     1539      858
         1013     2003      636     1228      879     1933      344      970
         1888     2048     2588     2307     2055      651     1071     1966

Atom Distribution No.   101 at run step   34132:

  Count of atoms assigned to each task:
         3780        0        0        0        0        0        0        0
            0        0        0        0        0        0        0        0
            0        0        0     1674        0       63       18       63
            0        0        0       42        3        3        0        0
            0        0        0       18     3677     2485        0        0
            0        0        0        0        0        0       15        3
            0        0        3        0        0        0        0        0
            0        0        0        0        0        0      171        0
            0        0       15        3       36        0       78       18
         3861        0       50        6        0        0        0        0
            0        0        6        0       93        3        0      690
         1155      873      707     1392       24        0       57      228
          210      246       30      932      261       63       30      768
           96      567     1152     1067     3863      777       75      700
         1321      675     1616     1533     1272     1076      585     1239
         2438     1926     1887      930     2094     1494      729     1224
         1820     2536     3062     1564     2714     2198     2747     1115
         3017     2745     2541     3091     2391     1578     2243     1355

Atom Distribution No.   102 at run step   34487:

  Count of atoms assigned to each task:
         2816      717      747       63       24        0        0        0
            0        0        0        0        0        0        0        0
            0        0        0      846        6       36       39        0
            0        0       36       21        0      192      126        0
            0        0       48       33     2843      423        0        0
            3        0        0        0        0       39        0       45
            0        0        0        0        0       18        0        0
           66        0        0        0        0        0        0        0
            0        0        0        0        0        0        0        0
         3250        0        0       39       42        0        3       54
          365       65       25       42       12      708       36     1191
          669      346      669     1812     1280     1278     1393      793
          180     1545     1855     1732       73      260      628     2202
         2064      801     1591     1065     3117     1982     1005     1581
         1902      747     1953     1446     2373      681      901      602
         1758     2338      346      693     1617     1479     1798      702
         1596     3175     2692      744      922     2339     2593      849
         1443     2497      801     1405     1262      930      795      587

Atom Distribution No.   103 at run step   34841:

  Count of atoms assigned to each task:
         3317       13        2        3        0        0        3        0
            0        0        0        0        0        0        0       12
            3        0        0        0        0        6        0       15
            0        0        0        0        0      600        6        6
            0        0        0       24     3107      537        0        3
            0        3        3        0        3       30       27        0
            0        6        0        9       30        0        0        0
           21        9        0        0       24        3        0        3
            3        0        0       63        0        0        0        0
         2498        0        0        0        3       57        0       18
            0       48       42        0        3      285        3     1413
           21     1146        9      556     1029      684      588      370
          300     1815      566     1858     1535     1188     1621     3037
          339     1940      943     3236     3023     2243      867     2259
         2163     1872     1632     1794      459     1278      984     2281
         1692      808      606     1735     1975     2703     2196     2898
          835     3956     1916     1022      674     1883      719      671
         1404     1907     1782      791      857      696      360      920

Atom Distribution No.   104 at run step   35205:

  Count of atoms assigned to each task:
         3436        0      251        0      207        0        0        0
            0        0        0        0        0        0      825      207
            0        0        0       24      891        0        0     1287
            0        3        0        0        0        0        0        3
          360        0      318        0     3507     1251        0      144
            0        0        0        0      573      639        0        0
           30        0       15        0        0        0        0        0
            0        0        0        0        0        0        0        0
            0        0        0      543        0        0        0        0
         3427        0        0        0        0       15        0      594
            0     1088      111       99        0        9        0     1098
           21      639        0      126      687      309      969      294
          660      443      990      260      408      468     1648      489
          253      531      510     1796     3657      396       54      306
         1335      129      672      558      762     2058     1458     2100
         1902     1479     1725      822      837      819     1929     2529
         1439      375     1939     2975     1195     2930     1260     1112
         2435     2927      748     3497     2879     2155     2937     2120

Atom Distribution No.   105 at run step   35573:

  Count of atoms assigned to each task:
         3244       12        3        0        9        0        0        0
            0        0        0        0        0        0       21        9
            0        0       11        0       11        0        0        0
            0        8      333        0       63       30       24      219
           57        0      135       84     3270      828        0       18
            3        0        0        3       12        0        0        0
            0        0        3        0        0        0       12        6
            0       18        3       45        0        0        6        3
            0        0        0        0        0        0        0        0
         3257        0        0        0        0        0        0       51
            0       30       18      513        3        3      165     2090
          156      987     1005      843      888        3     1593     1362
         2655      507     1445     1638     1642      746     1429     2322
         2114     2112     1806      930     3287      216     1830      954
          963     1392      786      564     1926     1224      891      799
         2088      716     1964     1625      673      633      984      970
         1039      738      754     2437     2653      786     2818      353
         2664     2400      377      369     2742     2093     2548      834

Atom Distribution No.   106 at run step   35934:

  Count of atoms assigned to each task:
         3681        0        0       15        0        0        0        0
            0        0        0        0        0        0       12      834
            0        0        0        6        3        0        0       27
            0        0       24       45       15        0       63      396
          696        0        0      813     3967     2811        0       63
            0        0        3      165        0      612        0        0
          192        0        0        3        0       60        0        0
           81       27        0        0      954       54        9        0
          779        0        0        0        0        0        0        0
         2997        0        0        0        0        0        0        0
            0      120       33        0        0        0      591       72
            0      135       90        0      687       18      699     1133
          831      174      129      123     1024      732      846      393
         1401     1265      792     2575     3273      774     1306     1011
         1770     1573     2010      828      525      771     1362     1443
          996     1012     1608      891      665     1918      907     2371
         1049     1909      364     2006     3116      891     2589     2633
         2637     2877     2525      879     1080     2255     2382     1430

Atom Distribution No.   107 at run step   36296:

  Count of atoms assigned to each task:
         2801        0        0        0        0        0        0        0
            0        0        0        0        0        0        0       18
            0        0        0        0        0        0        0        0
            0        0       37       72        0        0        3       27
            0        0      906       21     3387     1821       18        0
            0        0        3      732        0        0        0        0
            0        0       18        3        0        6      306       33
            0       36      108      576        0      141       30       27
            0       39       36       30        3       42        6        3
         3246        0        3        0        0        0       12       18
            0        0        0      729        0        0      834      534
          843      537      510     1329     1269     1542     1644      713
         1465     1662      171     1352      510      708     1375      867
          432     1029      649     2094     3032     1047     1159      645
         1719      639      639     1515     1206     1272     2326     1221
         1232      748     2109     1660      547     2252     1908     2195
          714     2146     1715     2375     1823      708      845     1823
         1499     1825     2547     1026     1995     1604      489     1335

Atom Distribution No.   108 at run step   36646:

  Count of atoms assigned to each task:
         2919      249        0        0        0        0        0        0
            0        0        0        0        0        0      152      180
            0        0        0        0        0        0      140        0
            0        0        0        0        0        0        0      136
            0      564     1980        0     2850     1257        3        0
            3        0        0     1017      129        0        0       24
            0       21        0        0        0        0        0        0
            3        0        0       12        0        3        0        0
            0        6        0        0        0       36        0        0
         2881        0        0        0        0        0        3        0
            0        3        6       18        0        0     1827       96
           39     1404      798      580       75     1290       36       99
          135      645      754      942      165     2219      841     1107
          631     2618     1233     1535     3000     1011     2064      810
          945      725     1083      702      630      939     2001     1791
         1359      825     1591      846     1937      741     1086     1873
          883     3805      833     2359      737     2790     2935     1232
         1955     2120     2052     2334     1255     1126     2397     2470

Atom Distribution No.   109 at run step   37005:

  Count of atoms assigned to each task:
         3528        3       18        0      489        0        0        0
            0        0        0        0        0        0        0      768
            0        0      324        3        0      150        3       39
            0        9      582       18       42      992        0      474
         1488      904     1206       36     3530      777        0        3
            3        3        0        0        0        0        0        0
            0        3        0        0        3        6        0       90
            3        9        3        0        0        0        0        0
            0        0        0        0        0        9        0        0
         3734        0        0        0        0        0        0        0
            0        0        0        3        0        0     1554        3
           66     1160     1037     1686     1835     1008     1566      438
          636      786     1867      987        0     1572     1431     1002
         1396     1167     1157     1451     3480      102     1284     1578
          852     1098      219     1662     1668      613     1620      791
         1509     1670      985     1121      801     1800     1101      798
         1518     1948     1156     1717     1022     1802     2306      486
          825     2493      959     2543      950      900      810     1659

Atom Distribution No.   110 at run step   37358:

  Count of atoms assigned to each task:
         3469       19       60        0        0        0        0        0
            0        0        0        0        0        0        0        3
            0        0        0        0        0        0        0        0
            3        0        9        3        0      796        0       66
         1062      387     2188        0     3568      429       33        0
            0       42       48       54        6        6       51        0
            0        0        0        0        0        0      102        0
          359        0        0        6        0        0        0        0
            0        0        1        7        2      163        0        0
         3519       30     1446      171     1501       39      402        0
           12        0       27        0       39        0     1404        3
            0      174     1287      879      816      743      418       55
          843       15     1479     1842       90     1248     1204     2493
          424        3     1611     1795     3368     1104      708     2535
         1314      609      729     1863     1932      699     1224     1942
          778     2047      379      812     1719     2563     2611     1025
          948      967     1155     2329      900      863      806      976
         2127     2249     1047     1491     2088      860      856     2329

Atom Distribution No.   111 at run step   37723:

  Count of atoms assigned to each task:
         3181        3        0        0        6        0        0        0
            0        0        0        0        0        0        0        0
            0        0        0        0        0        0        0       36
         1208       18        0        3        0      789        3      258
         1330     1002        0        3     3078      144       66        3
            3        0        0        0        0        6        0        0
            0        0        0        0        0        6      195        3
           39        3       45        3        0        0      135        0
            0      171        9      120        0        3      243       96
         3359        0     1606       75      558      666        9        0
            0        0        0        3        0        6      549        0
            0     1043     1644      124      455      816      564        3
          456      841     1206      390      111      918        0     1230
          697     1080      886      617     3122     1359      642     1410
         1989     1225      939     1587     2157      822     2607     3181
         2244      795     2266     2172     2046     1649     1917     2160
         1020     1653      973     1585      949     1025     1027     1923
          942     2784      882     1120     2404      701      872     2634

Atom Distribution No.   112 at run step   38081:

  Count of atoms assigned to each task:
         3181     1318       18        0       39        0        0        0
            0        0        0        0        0        0        0       57
            0        0        0        0        0       45        0       51
          870       12       33        0       15      693       33        3
           30      419       69        0     3298     1029       57        0
            0        3      156        0       57        0        3        0
           93        0        0        0        0        0       21        0
            0       36        0        0        0        0        0        3
            0        0        0        3        0        0        3       81
         3113      750     1108        0      852      975      544        0
            6        0       83        0        0      171       18      150
            0     1434      111        6      294      933      134        0
          996     1110     1273      857       45     1875        0      155
          563      594      213     1880     3103     1161      573     1266
          794     1749     1274     2403     1986     2325      696     1860
         2041      684     1692     1587     2199     2210     1928     2305
         1714     2029     2535     3305      912      915     2371     1021
         2039     2491      882     1258      986     1352      916      372

Atom Distribution No.   113 at run step   38435:

  Count of atoms assigned to each task:
         3233      116        0        3        0        0        0        0
            0        0        0        0        0        0        0        0
            0        0        0        0        0        0        0        0
           21       18        0        0     1631      210      789        0
          162      238       21        0     3275     1301        0        3
            0        0       39        0        0        0        0        0
            3        0        0        0        0        0        0        0
            0        6        0        0        0        0        0        0
            0        0        0        0        0        0        0      321
         3380      396      717       21      931      714     2030      189
          624        0     1439        0     1464       21      894      252
          909      664      408        0     1152      615      383        0
          972       57      672      855      147      153       84       40
         1662     1314      513     1099     3302     1281      204      938
         1359      378      513      951     1038     1038      780     1176
         1836      351     1624     2303     1585     2114     2189     1802
         1395     1578     2280     1904     2049     2200     1857     1597
         3276      845     1146     1743     1998     1041     1137     1937

Atom Distribution No.   114 at run step   38798:

  Count of atoms assigned to each task:
         3002      993      159      156     1809        0        3        0
            0        0        0        0        0        0        0        0
            0        0        0        0        0      603        0        0
           24        0        0        0     2253        3       45        0
           57       81      489      309     3156      392        0       18
           93        9        6        0      330      114        0     2322
          784     2319        0        0        0        9        0        0
            6        0       63        0       12        0        0        0
            0        6        0        0        0        0       12        0
         2715        0      509        0       12      555     1038       54
           33        0     1030      162      142       22     2006      159
         1972     1173     1273      111     1246     3271     1569     1023
          870       18     2300     3129     1260        0     2034      627
          345     1455     2211     2558     3141     1738      124     1024
          729      355        3      807      443      206      503      367
          609      929     1011     1151     1119      334     1067     1580
         1932     1255      767      942      810     1397      657      595
          894     1392     1017      933      732     1330      699     1795

Atom Distribution No.   115 at run step   39154:

  Count of atoms assigned to each task:
         2655        3        0       48       18        0        3        0
            0        3        0        3        0        0        0        0
            0        0        0        0        0       75        0        0
            0        0        0        0      187      300        0     1212
           39      744      453        3     2693      825       39        9
           48        0       32       43      233        0        9        0
           33        0        0        0        0        0        9        0
            0        6        0        6        3        0       39        0
            0        0        0        0       43        0      168      142
         2701      135     1445       60        3      189      789       78
           27       63      688       79      677      243      930        3
          669     1703     1481        0      714      357       51      801
          900      153      187     1162     1065        6      941     1080
          456     2849      354     1329     2788     2801       39     2280
         1470     1116      783      693     1077     1497     2864     1455
         2350     1836     2452     1393      769      731     1716     2291
         2308     2753      688      911      867      905     2606      672
          732     2226     2214      860     1637     1217     2355     1060

Atom Distribution No.   116 at run step   39513:

  Count of atoms assigned to each task:
         3626        0        0        0        0        0        0        0
            0        0        0        0        0        0        0        0
            0        0        0        0        0      967        0        6
            0        0        9      363        0        0        0      546
            0       24        0        0     3609      514        0        0
            0        0        2        0        0        0       32        0
            0        6        3        0        0        0        0        3
            0        0        0        0        0        0        0        0
            0        0        0        0        3        0       18        0
         3609       28      666        0        0        0       39      162
            0       15      687        0     1271        0      170        0
           24      569     1425      927     1256     1059       21      824
         1247      126      471      603      378      902      612      717
         1293      830     1374     1671     3488      819     1356      557
         1536      783     1172     1086     1551     1218      672      963
         2073     2118     1728      891      372      709     1734     2506
         2412     2083     2781     1246     1301     2420     1576     3709
         2400     1021     2201     2868     1827      869      375     1778

Atom Distribution No.   117 at run step   39875:

  Count of atoms assigned to each task:
         2963        0     1870        0       90        0        0        0
            0        0        0        0        0        0        0        0
            0        0      123        0        0      843       93       57
            0       81     1658       66        0        0        0        0
            0        0        0        0     3212      627        0        0
            0        0        6        6        0        0      159        0
            0        6        0       51        3        0        0        0
            3       42        0        0        0        0        0        0
            0        3        3        0        0        0        0        0
         2976        0      816        0        0        0       66        0
            0        0     1162      960     1107      767     1281        3
          342     1084     1447     2046     1345      672     2879     1521
         1610     1898      996     1947      825     1083      786      716
          855      609     1320     3069     2952      183     1567      390
          858      958      675     1263      790     1216      501     1018
          546      639     1359      619     1370      989     1194     2254
         2192     1010     1512     2688      630     2114      384     1691
          383      777      795     1125     1855     1348      868     2040

Atom Distribution No.   118 at run step   40237:

  Count of atoms assigned to each task:
         3245      171      232        0      118        0        0        0
            0        0        0        0        0        0        0        0
            0        0      273        0        0       33        3        3
            0       21     1092        0        0        3      120        0
            0        6        0        0     3086     1053        0        6
           21        3        0        0        0        0        0        3
            0       21       18        0       12        0        0      567
            0       18        0        0        0       30        3        0
            0        3       12        0        0        0        0        0
         3449        0      885        0        0        0       21        9
            3        0      255      723     1114       99       36        0
           36      183       45       51     1725      180     1694      411
          654      152      901      357      849     1118      126     1293
         2789     1002     1349     1021     3205     1410     1969      780
         2168     1950     2325     2016     1602     2400     1377      844
         1751     2524      838      790      819      401      385     2072
          366      930     1308     1276     1245     2957     2591     3723
         2544     1105      960      996     2399     2022     1900      252

Atom Distribution No.   119 at run step   40600:

  Count of atoms assigned to each task:
         3606      102       51        0        0        0        0        0
            0        0        0        0        0        0        0        0
            0        0      642        0        0      408       21        6
            0       72      285       15        3      216       51      898
         1341       36        0        3     3094      456       42        0
            6      978       36        0       15     1265        0        0
            0        0        0       42        0       33       27       42
            0        0        0       33       12      102        0        0
            3        0        0        0        0        0        0        0
         3810       63      507        0        0        0        0        0
            0        0        9      120     1173        9        0       18
            6        0        0      267      774     1399     2290     1359
         1123        0     1665     2147     1701     2155     1912     1940
         1789      669     2625      900     3765     1281     1242     1407
          723      696      432     1423     1104      615      700      483
          678     1643     1922      786     1752     1623     1106     1324
         3180     1760      697      591     1963     2038     2035     1183
          975      751     2348     1175     1071     1053      746      263

Atom Distribution No.   120 at run step   40957:

  Count of atoms assigned to each task:
         3423       24        6      106       87        0        0        0
            0        0        0        0        0        0        0        0
            0        0      565        0        0       39      261        0
            0       93     1341      532     1149     1912      219      161
          200        6      108       90     3061     1377        3        0
           36       27        0        0        0       15        0        0
            0        0        3        0        0        3        0        0
            0        3        0        0        0        0        0        0
            0        0        0      126       24      126        3        0
         3141      766     1133        3     1631        3     1333       54
           33        0      417      183      759       69        0        0
            3        0        0      869     1150     1221      869      749
          402      819      702      654     1316      978        3      935
          301     1533      666     1154     2972     1173      696      357
         1188     1293      960     2118     1785     1790      600      976
         1261     1495     1685      807     1353     1895     1714     1820
          369      464     1719     1609     2369      969      783     2448
         2028     2127     2325     1037     2297      941     1212     1293

Atom Distribution No.   121 at run step   41319:

  Count of atoms assigned to each task:
         2691       15        0      108        0        0        0        0
            0        0        0        0        0        0        0        0
            0        0       79        0        0        0        0        0
            0        0     2685        0        6     1832      867        0
            3       15        9        9     2664      561        0        0
           12       42        0        0        6        0        0        0
            0        0        0        0      135      210      102        0
            3        0        0        0      156        0        0        3
          117        0       72       12        0        3        0       15
         2711       66      432        0      770        0      477        0
          495        6      702       69      949        0        0        9
           42        0        0     1439     2157     1269     1341     1575
          987     1934     1557      816     2262     1437     1005     1011
          610     1283     1209     1904     2664     2043     1896     1020
         1738      681      804     1437     1264      699     1196      531
         1209     1182     1740      958     2065     1564     1006      553
          898      386      830      873      732      769      931     2227
         2726     2499     2063      805      772      615     2248     2326

Atom Distribution No.   122 at run step   41679:

  Count of atoms assigned to each task:
         3436        0        0        3        0        0        0        0
            0        0        0        0        0        0        0     1123
          657        0        0      741        6        0        0     2295
          192        0        9        0      129      788        0        0
           36        0       42      116     3587     1192        6       18
           12        0        0        0        3       15        0        0
            0        0        0        0        0        0        0        0
            0        0       30        0        0        0        0        0
            0        0        3        0        0        0        3      198
         3649       21      228      105       54        0     1386        0
           15        0      315        3        9        0       39       24
           45       24       18      636      276      443       24     1482
         1565       35      180      573      207      726      171      594
          582      650      413     1259     3477      774     1029      930
         3102     1212     1600      903     2268     2118      789     1206
         2251      681     2386     1576     1009     1247      318     1396
          817     2251      760     1870      831     2370     1184     4106
         1838     3249     1830     1427      917     3093     2230     1470

Atom Distribution No.   123 at run step   42035:

  Count of atoms assigned to each task:
         2986        0        0        0        0        0        0        0
            0        0        0        0        0        0        0       18
            0        0     1151        0        0        0       18       27
          948        0     1457        0      161     1443      435       45
          498      329      310        0     2927      676      291     1416
            0      222      588        0        0       90       22        0
            0        0      369        0        0        3      921        0
            0      804        0        0        0        0        3        0
            6        6       57        0        0        0        3        0
         3005      177     2107        6        0        0     1038       12
            0        0      732       15        3        0      319        9
          130        0     1604      678      788     1762     1458      571
          645     1116     1194     1104     1350     1707     1128      552
          575      609     1416     1200     2898      726      303      960
          579      279      486     1398      864      306      549     1574
         1002      549     1757     1336      714      485     1501     1778
         1492     1262     1788     1667     1323     1500      978     2657
         2137     2278     2649      943     1164      876     1574     1334

Atom Distribution No.   124 at run step   42398:

  Count of atoms assigned to each task:
         2802        0        0        0        0        0        0        0
            0        0        0       33        0        0        0        0
            0        0       18        0        0        0        0     1406
            0        0     1257        0        0     1595        0       27
            0      441       72        0     2809     2951        3        0
            0        3       39        3        0       36        3        0
            0        0       18        0        0        0        6        0
            0        0        0       12        0        0       54        3
            3        3        6        0      108        0      123        0
         2779      273     1536        3        3        0        0        0
            0        0      231        0        3        0       54        0
            0        0      909      123      594      636      600     2072
         1020     1485     1473     1671      819      762     1584     1759
         1424      618      723     1008     2803     1243     1500      675
         1722     1629     1035      693     1581     1470     1383     1878
          657      645      369      860      893      804      744     1808
         1109     1048     2680      749      856     2187      965     1745
         1369      931     3250     3436      894     2679     2843     1777

Atom Distribution No.   125 at run step   42756:

  Count of atoms assigned to each task:
         2712        0        0        0        0        0        0        0
            0        0        0        0        0        0        0        0
            0        0        0        0        0        0        0        0
            0        0        3       72        0      137        0        9
          448        3        0       33     2966      484       99        0
            0        0       42       30        0        0       12        0
           24       51      426        0        0       48        0       63
           36        0        6      180        0        3        0       33
            3        0        0        0       90        0        3        0
         2931        0      579       27        0        0        0        3
            0        0       27      726       33        3      522        3
            0      130      419      996     1035     1958      630      339
         1580     1722      550      579     1023      474     1215     1240
          603     1758     1298     1501     3031      678      531     1440
         1230     1437      753      697     1060     1569     1995      648
         2016     2514     1956     1644     2215     1902     2683     2257
         2650     1514     1983      901      310     2349      851     2191
         1169     1146     2439     3163     2841     2312      597      314

Atom Distribution No.   126 at run step   43114:

  Count of atoms assigned to each task:
         3813        0      168        0      138        0       84      471
            0        0       90      390        0        0      201      393
            0        0        0      147        0        0        0      208
          251        0       63        0        0        0     1218      339
          861        0      192        3     4257     1090        0        3
            0       12        0      339      135      855        0       84
          107        0      141        0        0        0        6        0
            0        0        0        0        0        0        0        0
            0        0        0        0        0        0        0        0
         4048        0      993        0        0        0        0        0
            0        0        6       66        3        0       36        0
            0       21      309      120      946      141      195        9
         1761     2229      162       30     1032      472      160     1570
          636      654     1990     2673     3996     1182     1434     2376
          924       78     1659     1407     1881      597     1323     2266
         1012     2025     1251     1501      954     1574     1327     1444
         2456      920      950     1366     2641     1276     1316      658
          915     1113     2573     1295     3184     1117     2428      166

Atom Distribution No.   127 at run step   43465:

  Count of atoms assigned to each task:
         3283        0        0        0       75        0        0        0
            0        0        0      101        0        0      175        0
            0        0        0        0        0        0       89        6
          135        0      102        0        0        0       63      321
          867     1574      297     1257     3161      780      102      110
          357      233       62      241      303      321       18      294
            3      288        0        0        6       24        0        0
          429      408        0        0        3        0        0        0
            3      102        0        0        0        0      195        0
         3393        0     1137        0        0        0        0        6
            0        0        0        3       12        9        0        0
            0      117      879        3      374        0       21        0
         1647      981        3     1211      575      960      879     1584
          699     2131      988     2172     2945     2248     2808     1713
         1761     2310      669     2034     1722     1962      708     1608
         1481     1295      413     1399     1596     1805     1403      728
         1901     1216     2739      835      371      647      672     2735
          663     1096     1604     2209     2134     1887     1954       63

Atom Distribution No.   128 at run step   43820:

  Count of atoms assigned to each task:
         3561        3       21        0        6        0        0        0
            0        0        0        0        0        0        0        0
            0        0        0        0        6        0       57       12
            8        0        0        0      819      603     1569      684
          108      177      672      171     3706     1021      102        0
            6       75        9        0        0      141        0      246
           69       90        0        9        0        9        9      144
            0        0        0        0        0        0        3        0
            0        3        0        0        0        0       18        9
         3785        0        3        0        3        9        6       33
            3      462        6      186      235        0       12      570
           24       33      588     1035      593        0      492        9
         1042      474       93      435     1618     1242      786     1050
         2160     2326     1919     2659     3550     1346     1095     1578
         1218      969     1503     1752     1277     2061      743     2536
         2046     1544     1693     1971     2111      383     1375     1803
         2152     2629      353      639      664     1290     1037     2092
          886     1098      853     1705     2243      855      753     1066

Atom Distribution No.   129 at run step   44169:

  Count of atoms assigned to each task:
         3083        0        0        0        0        0        0        0
            0        0        0        0        0        0        0        0
            3        0        0       57        0        0      377      453
           27        9        0        3      645       96      633      114
          225        0      507        0     3233      533        0        0
            0        6        0        0        0        0        0        0
           24        9        0       39        0        0        0        0
            3        3      123        0        0        3        0        0
            0        0       21        0        0        0       15        0
         3133       48      594        0        0      666      768      285
          587       24     1140      696      345       21       15      535
            6        0     1596     1827     1299        0      642        0
         1740     1614     1059      442     1128     1109     1186     1272
          174     1039      930     1695     3121      932     1026     1470
         1524      675     1557     1932     1788     2094     1237     1479
         1842     2258     1926      543     2745     1407      335      645
          645      561     1547      932     1646     1483      717     2295
         1905     1976      963     1145      900     2354     1765     1677

Atom Distribution No.   130 at run step   44535:

  Count of atoms assigned to each task:
         3029        0        0        0        0        0        0        0
            0        0        0        0        0        0        2        0
            0        0        0        0        0        2        9        0
            3        3        6        0      409       30       36        0
          408        3        3        0     3585     2718      333        0
            0      177        0        3        0        0        9        0
            0        3        0        0        0        0        0        0
            0        3        3        0        0        3        0        0
            0        0        0        0        0        0        0        0
         3607       39     1128        3        0       45      671      312
          825        0      798      303      346      575        0      126
            0        0      909     1556      842       12      600       15
          996      915      603      480     2061       24     1499     1275
         1520      651     2143      927     3523     2033      741     1029
          717     1842     1035      255     1431     2028     1123     1017
         1095     1621      639     1330     1223     2148     1917      791
         3159     1860      840     1902     2114      829     1242     2638
         2483     2299      850     1508     1701      912     1398     1047

Atom Distribution No.   131 at run step   44897:

  Count of atoms assigned to each task:
         3615        0        0        3        0        0        0        0
            0        0        0        0        0        0        6        0
            0        0        0        0        0        0        0     1185
            3       18        0        0      402      126        0      787
         1016       36       57        0     3549     2567      174        0
            0      135      117        0        0       51      147        0
            0        0        0        0        0        0        0        0
            0        0       21        0        0        0        0        0
            0        0        0        0       24        0        9        0
         3439       30      153        3       15       45       30        0
          729        6      910        0      102     1185        0        3
            0        3      369      959      781        3      651      714
          495      942     1556     2311      942      723     1237     1102
          678      774      915     1500     3246      582      906     1278
          999     1035     1755      804      855     2139     1738     2215
         1470     1693     1245     1237      878      890     1029      717
         1620     2559     1177     2486     2423      796     1715     2688
         1383     1791     1638     1536     1659      955     1152     1264

Atom Distribution No.   132 at run step   45246:

  Count of atoms assigned to each task:
         2879       12      144        0        0        0        0        0
            0        0        0        0        0        0        0        0
            0        0        0        0        0        0     1046       96
            0        0      840        3        0        0     1503      824
          399        0      228        0     3242      753        0        0
           15        0        0        0        0        0        3        0
           30        0        0        0        0        0        0        0
            0        0        0        0        0        3        0        0
            0       15        0        0        0        0       30       54
         3246       12      911        0        6        0        0        0
          633        0      351        0        6        9        0        0
          681        0      132      955     1191       90     1715     1561
          909     2609     1940     1579     1693     1779     1845     1407
         1473     1791     1748     3156     2685     1248      585      525
          693      318      895      225      708     1002     1027     1575
         1198      856      738     2285      698      890      931     2322
         1536     2402      830     2349      684      839     2033     2422
         2079     2196      925      345      756     1947     1053     1559

Atom Distribution No.   133 at run step   45609:

  Count of atoms assigned to each task:
         3219        0        0        0        0        0        0        0
            0        0        0        0        0        0        0        0
            0        0        0        0        0        0      809       96
            0        0      609       12       75      135     1455        0
            0        0        0        0     3245     1336       72        0
            0        0       57        3        0      171       24        0
            0       87        3        9        0        0        0        0
           21      138        3        0        0        0        0        0
            0        0        0        0        0        3       63       33
         3397       24     1010        3        0        0      174       12
         1017      678     1048        0       15     1479      135        0
          942      242      651     1422      411      835      421      380
          831     1056      342     1106     1412      714     1118     1390
          399     1381      357     2755     3278      996      579     1404
         1881     1485      981     1515      654     1876     2180     2276
         1575      453      615     2002     2187     1467     1003      714
          756     2037     2421     1719      787      828      819     2673
         2799     1586     2026      942     1072      471     1143      871

Atom Distribution No.   134 at run step   45969:

  Count of atoms assigned to each task:
         3363        0        0        0        0        0        0        0
            0        0        0        0        0        0        0        0
            0        0        0        0        0        0        0        0
            3        0        9        0        0        0        3        0
            0        0        3        0     3389     1461        0        0
            0        0        0        0        0      585        0        0
            0        0        0        6        3        6       63        0
            3        3        0        0        0        0       33        6
            0       21        0        0       42        3        0        0
         3567       21     1521       60       57      720       39        3
         1678      573     1747        0       90     1437      582        6
         1289       18      381      735     1947      332     1108      315
         1465      421      200     1079     1462     1595      921     1567
         1320     1706     1878     2595     3480     1371     1410     1653
          745      663      876     1209     2191      743     1487     1210
          712      923      704     1094      713     1776      786      875
         1905     1921     2587     1855      829      791     1545     2497
          333     1755     1668     1981      715      630     1293      540

Atom Distribution No.   135 at run step   46335:

  Count of atoms assigned to each task:
         3219        0       94        0       81        0        0        0
            0        0        0        0        0        0        0        0
            0        0        0        0        0        0       75        5
          135        0     1212        0        0        0        0        0
            0        0        0        0     3652     1407       21      100
           85        0        0      390      156        6        0       57
           24       48        0       48        0        0        0        0
           42       21        0        0        0       24        0        0
            0        3        0        0        6        0        0       84
         3472       21      453        0        6      432       24        0
          228        9      354        0        0      601       45        0
          858        0      453        0      468        6     2140       15
         1946      712       45        3      786     1841     1246      345
          855      691     1536     2040     3113     1170      855     1870
         1413      621      832      690      867     2157     2400      738
         1719     1060      873     2048      576     2547      952     2200
         2231     2478      357     2580     1367     3074      997     2490
          707      725     2128     1895     2340     2441     1734     2035

Atom Distribution No.   136 at run step   46694:

  Count of atoms assigned to each task:
         2526        6        6        0        0        0        0        0
            0        0        0        0        0        0       54        0
            0       48      383        0        3        0      292       93
            6       36       19        0       22      291        3        3
           69      498        0        0     2586     3225      837        0
            0       18      819        9        0        0        0        0
            0        0        0        0        0        0        0        0
            9      480        0        0        0        9        3        0
            0        0        6        0        0        0        0        0
         2811        0      621        0        0       57        0        0
            0      827      189        0        0     1161        0      732
           73        6     1180      666      156     2344     1437     1146
         1351      774     1025      627      558      549     2052      601
         1203     1900     2417      822     2858      588     1356     1680
         1941     1386      873      924     1158      528      375     1882
         1174     1990     1230     1478     1875     1586      532      910
          930     3510     1798     1411      930      731     1593      942
         1755     2529     1875     2486      919     1646      816     1067

Atom Distribution No.   137 at run step   47060:

  Count of atoms assigned to each task:
         3972       42       12        6       33        0        0        0
            0        0        0        0        0        0     1083        0
            0      129      537        0        0        0      189      300
            0       16       23        0      688       66        0        0
           60        3        0        0     3123      885        0        0
            0        0       24      309        0       66       48        0
            0       12        0        0        0        0        0        3
            0        9        6        0        0        0        0        3
            0       48        9       51      102        0        0        0
         3157        0     1273        0        0        0       24        0
          693      786       18        0        0      219        0        0
           18        0       66       60       12     1037       75     1107
          798     1805      216      567     2114     1590     1119      597
         1360     2023        6     1788     3132     1571     2046     1814
         1032      786     1317      837      900      327      423      834
          801      819     1812      765     1867      772     1643      949
         3619     2689     3163     1175     1046      762      598     3169
         1170     3809     1015     3332     2387     1821     1833      486

Atom Distribution No.   138 at run step   47431:

  Count of atoms assigned to each task:
         3935       90       42        0        0       30      162        0
            0        0        0        0        0        0      909       15
            0      975      131      105        0      310      354      831
            0        0        9       45      117        0       57        6
            0        0        0        0     3876     1912        0       24
            0        0       12       12        0        0        0        0
            0        0        0        0        0        0        0        0
            0        0        0        0        0        0        0        0
            0        0        0      612       15        0       54        0
         2950       12     1537        0       81        0      123        0
           27     1353        6       15       75        0        0       39
           18       81     1028      821     1878      446     1280      162
          819     1112      561     1144     1734      531     1914     1269
          732      879     2506     1026     3665      600     1971     2046
         1800      886      660     1860     1197       39     1503      812
         1640     1617      604      759     1938      382     2000     1723
         1912     1505     2280     1277      846     1167     1126     1590
          820     1242      927     2376     1578      651     1113     1995

Atom Distribution No.   139 at run step   47789:

  Count of atoms assigned to each task:
         3244      986       33        0       48        0       57        0
            0        0        0        0        0        0      510        0
            0      693      597      797        0      453       60       36
            0        0       45       33      114       18       87        0
           96       42      570        0     3572      721        0        0
            0        3        0        3       35       75        0        3
            0        0        0        0        3        0        0       18
           27        0        0        0        0        0        0        0
            0        0        0       15        0        0        0        0
         3427       21     1923        6        0        0        0        0
            0      252       21      115        0        0        0        9
            0        0      105      430        6     1068       81       21
          933       84       66        6      816       36     1722     1347
          441     1110      651      899     3558      772     1563     1975
         1813     1303     1830     1876     2400     1824     2052      702
         1894     2577     1933     1810     1789     1423     1185     2314
         2367      676     2132     1939     2741      952     1315      990
         1082     1087      979     2417     2177     1244     2296     1329

Atom Distribution No.   140 at run step   48152:

  Count of atoms assigned to each task:
         3620        0        0        0        0        0        0        0
            0        0        0        0        0        0        0        0
            0        0      987      852        0      312       15        0
          886        0       80      129      165        6      225     1023
         1378        0     2115        0     3491     1446       51        0
           84        0        0      231        0        0       81      162
            0        0        3        0        0        0      120       66
            0       33        0       51        0        3        0        0
            9        0        3        0        0        6       54        0
         3673        0      955        0        0        0        0        0
            0       78        3        0        0        0        0        0
            0        0      678       54      219      126        9     1728
         1887     1486      307     2125     1538     1566     1429     1920
          995      781     1710     1081     3735     1323     1278     2025
          951      871      618     1065     1645      765      855     1360
          843     1188      693      624     1892      858      874     2251
         1988      643     1945     1760     1469      693      403     1349
          803     1194     1053     2013     1767     2075     2530     1472

Atom Distribution No.   141 at run step   48514:

  Count of atoms assigned to each task:
         3531        0        6        3        0        0        0        0
            0        0        0        0        0        0        0        0
            0        0       15        3        0        0      261        0
            9        0      234      159        0        0       54      198
          111        3      120        0     3618      522       24      201
           30      135        0      161        0        9        6        0
           15        9        0        0       69      117        0        0
            3      178       15        0       27      130        0        0
            0        0        0        0        9        0       51        0
         3484      165     1275       45        0       78      213       12
            0       21       36        0       72      210       60      114
            0        0     1694       96      210        3       30     1475
         1710        3      141     1122       27      323     1479     1320
         1249      645     2379      849     3493     1837      666      597
         1801      891     1296     1877     1638     1707      837      903
         1854      819      729     1042      843      723     1612      795
         3233     2247     2374     3368     2803     1360     2810     1186
         2657     2527     1209     2414     1635     2081     1257     1209

Atom Distribution No.   142 at run step   48876:

  Count of atoms assigned to each task:
         4151        0        3        0        0        0        0        0
            0        0        0        0        0        0        0        0
            0        0        0     1560        0        0        0     1032
           24        0     1113        9       81        3        0        0
            0        0      129      339     4172      430        0        3
            0      112        0        3      387        0       36        0
            0        0       36        0        0        0        9        3
            3        6        0        0       15       42        0        0
            0        0        0        0        0        0        3        0
         3336        6      933        0        0        0       81        0
           48        3        0      111      108      728      432       78
          378      129     1005     1465      261       33      672     1358
         1914        0      759      707      117      539      896      660
         1053      642     1243     1897     3126      147     1816     1904
         2223     1527     1587     1731      786     1549      957      723
         1263      751      942      912     1933     1068      780     2626
         3201     1047     1949     2098     2359      944     2061     2421
         1275      415     1279      993     1212     2081      749     3175

Atom Distribution No.   143 at run step   49238:

  Count of atoms assigned to each task:
         2837       21        0        0        0        6        0        0
            0        0        0        0        0        0        0        0
            0        0        0        0        0       51        0        3
            0      717       12      156        9       15        0        0
           15       33      189        3     3091      564      588       39
            0        0        6      552        0      273        0        0
            0        6        0        0        0       33        9        0
            0        0        3        0        0        0        0        0
            0       18       33        6        3        3        0        0
         2902        0      688      223       18        0       81      129
            0        6      156       12     1281      402      711     1646
           36        0     1035      854      930     1104      886     1260
         1140     1125     1395      723      131     1313     1605     1414
          483     1401     1048     1602     3143      510      747     1517
          735      648      723     1581      654     2286     1545     1759
         2387     1873      793     1870     1779      815     1301     3037
         2042      333      744      696     1965     1090     2422     1888
         1836     2484     2410      734     2565     2286      334      340

Atom Distribution No.   144 at run step   49592:

  Count of atoms assigned to each task:
         3461        0        0        0        0        0        0        0
            0        0        0        0        0        0        0        0
            0        0        0        0        0       54        0        0
            0       36        0       84        0        0       15      735
          453        0        3      630     3264     1616      156       63
           15      210        0        0        0      612      114        0
            0      834        3        0        0        0        0        3
            0        9        3        0        0       10        0       74
            0        0        0        0        0        0        0        0
         2874        0      962        0        0        0        0        3
            0        0        3        0     1050     1029     1289      429
            0        0      513     1356      786      240     1251     1871
         1323     1958     1482      990      690     1599     2046     2109
         1823      768     1616      813     3093     1998     1215      354
          690     1306      192      495     1773     1196      366     1915
          214      733     1848     2008     2410      931      930     2080
         2731     2372     1819      617      730     2283      855      841
          662     2685      545     1674     1675     1921        3      416

Atom Distribution No.   145 at run step   49954:

  Count of atoms assigned to each task:
         2947       42        0        8        0        0        0        0
            0        0        0        0        0        0        0        0
            0        0        0        0        0     1481        0        0
            0        0        0        0        0      942        0        0
         1832        0       60     1335     3093     1578        0        6
            0        0        0        0        0        0        0        0
            0        0        0        3        0       18        0        0
          501        0        0        0       51        0        0        9
            0        0        0        0        3        0        6        6
         2995      297     1176       30       12        0       15      663
            0        0        0        0        9        0     1592       12
           30        0      522     1073      653       12      120      528
          621      402      508      939      420      201       39      198
         1420      379     1680     1632     2864      433      704     1155
         1503     1365     1158     1262     1155     1140     2391      798
         1668      561     2023     1596     1693     1464     1476     1791
         3081     2749     2781      770     1112     1037     1863     1156
          946     3050     2192     1327     3140     2995      732     1676

Atom Distribution No.   146 at run step   50312:

  Count of atoms assigned to each task:
         2635      295        0        0       46        0        0        0
            0        0        0        0        0        0        0        0
            0        0        0        0        0      605      882       90
            0      792     1319      143        0     1629       12       15
            9       12       27      462     2720      546       33       12
            0       57        0        0        0        0        0        0
            0        9      550        0        3        0        0       53
           22      466        0        0        0       12        0        0
            0        0        0       30        6        0        0       12
         3059      126     1806       42        0        0        0        0
            0        0        0     1382        9     1302     1757      447
            6        9     1842      241     1052      378        0     1385
         1358      903     1675     1599      552      132      988      830
          273     1593      362      378     2601      530     1017     1395
          381      489     1749     1515      645     1371      699     1171
         2367     2894     2042      753      798     2259      525     2112
         1342      340     1685     1901      687      786     1033      633
          587     3183     2814     2468      639     2775     1798     1932

Atom Distribution No.   147 at run step   50666:

  Count of atoms assigned to each task:
         3194        3        6        0        0        0        0        0
            0        0        0        0        0        0        0        0
            0        0        0        0        0      677       75        3
           30      126       45        0        0      189        0       84
          144       27       96        0     3487     1970      252       27
            0        0       42        0        0        0        0        0
            0        0        0        0      573        0        0       36
         1326      251        0        0      121        0        0        0
            0      690        0        0        0       24        0        0
         3717       87     1071       27        0       27       33        0
           30      123       21       21       72      659       24       42
            0       45      906        0        3      441        0     1162
          111      384     1458     1360     1144        9     1098     1112
          566      487     1137     1397     3395      804      717      636
         2209     3766     1146     2265      945     1755      966     1507
         2352     1765     1795     2129      391      593     1422     1076
          821     1586      889     2029      825     4718      866     1351
         2488      948     1458     2474     1386     2332     1419     1410

Atom Distribution No.   148 at run step   51021:

  Count of atoms assigned to each task:
         3480      186      237      459      336        0        0        0
            0        0        0        0        0        0      924        0
            0        0        0        0     1308     1557     1698       69
         1569      132      108        0      959      342      162       78
         1071      111       21        0     3527      898      147        0
            0        3        0        0        0        0        0        0
            0        0        0        0        0        0        3        0
           93        3      708       12        6        0        6        3
            6        0        0        3        0        0        0       15
         3659        0     1765        9     1476      468      934        0
            0        0     1411        0        0        6       12        0
          645        0      645      224       33       36      778     1047
         1826       12     2096      540     1183        3     1845     1111
         1653     1050      750     1341     3324      339      240      159
          138      748      954      609     1718     1434     1526     1079
         1971      915     2206     2300      623     1733      363      963
         1692     1007     1893     1363     2595      366      771     1243
         2353      886      674      635      882      672     1267     2467

Atom Distribution No.   149 at run step   51383:

  Count of atoms assigned to each task:
         3184        3     1333        3        0        0        0        0
            0        0        0        0        0        0        3        0
            0        0        0        0        0       12        0        0
            0        0       33        0        0     1092      204        0
            0      167       45        0     3005      478       87        0
            0        0        3        3        0       30        0        0
          205        0        0       82      114      201        0     1038
         1237       93       21      209      133        0        0        0
           87        0        0        0     1761        6       21        0
         2965      861     1041        0      606      936     1134      297
            0       24       12      996        0     1128        0        0
          573        0      400      630      498        3      540       96
          570     1335     2086      301     2178     1359      268     1026
          618     1309      774     1287     2816     1623     1560      873
         1230     1881      843     1944     1894      910     1020      367
         1279     1533      712     1837     1588     1053     1429     1709
          720      641     1789     1793      742      812     1798     2487
          354     1471     2284      863     2359     2427      708      813

Atom Distribution No.   150 at run step   51744:

  Count of atoms assigned to each task:
         3629        0       42        0       15        0        0        0
            0        0        0        0        0        0        0        0
            0        0        0        0        0       45        0        0
            0       12        0        0        0      135        0        0
            0       93        3        0     3493     1101        9        3
            0        0        9        9        0        0        3        0
            0        0        0        9        0        0        3       12
            6       15        0        0        0        0        0        0
            0       45        0        0        6        6        3       21
         3680        9     1055       15       51     1746      984       75
           15       21        0      174        0      882       30      135
         1416        3     1372     1366     1055        0       60      957
          591     1173      722     1188      252      974     1531     1476
         1034     1338     1843     1560     3556      876      666     1923
          603     1524      846     1560     2232     1387     2175     1804
          774     1386     2259     2038      361     2454      616     1783
          793     1892      370      801      918     1286     1435     1967
         1722      900     2350     1308     1157     2169     1852     1653

Atom Distribution No.   151 at run step   52104:

  Count of atoms assigned to each task:
         3284        3        0        0        0        0        0        0
            0        0        0        0        0        0        0       15
          176        0        0     2412        0        0        3        0
           45      717        0        0     1343        3        0     1580
          798        0        0      621     3163     1134        0        0
            9        0        0        0       69        0        0        0
           60        0        3        9        0        3        0        0
            0      489        0        0        0        3        0        0
            0        0        0        0       39        0        3        0
         3096       30      569        0        0      366     1104        0
            3        0        0        0        0     1157       63        0
          934        0     1566      529     1711        9        3      279
         1620       18      147      573       33      792     1216     1685
          762      330     1891     2588     2891      684     1221     1326
          693      417      984     2520     1840     2112     2347     1416
          536     2407      756     2357     1550      600     1999      893
          793      768      959      840     1479     2152      657     1938
         2567     2671      882     1263     1113      911     1907     1399

Atom Distribution No.   152 at run step   52465:

  Count of atoms assigned to each task:
         2859        3        0       93        0        0        0        0
            0        0        0        0        0        0        0        0
            0        0        0      159        0      687        0        0
         1932        0        0        0        0      945     1358      645
            0      258       21       21     3014      725       41      140
            9      133       45      208       54        3       30       45
            0        0        6        0        0        0        0       27
            0        9        0        0        0        0        6        3
            0        0        0        0        0        0        6        0
         3432        0      432        0        0     1455      885        0
            0        0        0        0        0       90        0        0
          687     1302      197     1192      231      165      588      168
          615      244       75      352        0     1346      231      936
         1164       75     1447     1468     2795     1396     1233     1187
         1845     2024      555     1665     1728     2190     1254     2017
         2703     2660     2225      603     2022      360      357      839
         3078     1235     2243      898     2950      886     1647     2069
         1723      806      966     2407      733     2650      492     2203

Atom Distribution No.   153 at run step   52818:

  Count of atoms assigned to each task:
         3245       79        0        0        0        0        0        0
            0        0        0        0        0        0        0        0
            0        0        0      188        0     1698        0        0
            9        0        6        0        0     1715      621        0
           51        3      651        0     3153      465        0      866
            0        0      822      123        0        0        0        0
            0        0        0        0        0      162        0        0
            0        3        0        0        0        0        0        0
            0        0        6        3        0        0        0        0
         3126        0      957       21        3     1420      963       21
           12        3        3        0       45       30        3        0
         1071      165       21     1455      801     2233      270      285
          285       69      165     1719      141      308      996      609
         1555     1976     2288     1263     3232      424     1720     1638
         1668      951      537     1653      612      567      610      600
          687      915      594     2240     1513     1749     2000     1492
          280      973      825      958     3284      648      974     2530
          806     2605     1551     3602     2239     2152     2329     1597

Atom Distribution No.   154 at run step   53176:

  Count of atoms assigned to each task:
         2972        0        0        0        0        0        0        0
            0        0        0        0        0        0        0        0
            0        9        0       12        0      287        0        0
            0        0        0      108        0      128      117        0
            3       75      183        0     3163      630       42      414
            0       27      177        3        3        0        0       18
            3        0        0        0        9       36        0        0
            0        0        0        3        0       12        0        6
            0        0        0        0        0        3        0      240
         3393       84      147        0       57       90      140        0
          108       69        0        0      229        3        3       22
          733        3       51     1473       99     1256      411        0
         1017     2085      645     1931     1296      729     1523     1164
         2998     1587     1721     1619     3265      822     1599     1340
         1008     2280      633      768     1896     2094     1879     1877
         1736      672     1446      618      582     1854     2082      720
          713     2152      668     1107     2362      897      981     2469
         1406     2621     1655     2595     1758      819     2192     1971

Atom Distribution No.   155 at run step   53541:

  Count of atoms assigned to each task:
         3568        2        0        0        0        0        0        0
            0        0        0        0        0      127        0       78
            0      564        0       27        0     1296        0      318
            0     2010      126        0        0      585        0        0
          369        0       27        0     3266      407        0        7
            0        1        0        0        0        6        3        0
            6        0        0        0        3      600        3        0
            0       27        0        0      117       15        0        0
           12        0        0        0        3        0        0        0
         3456     1038      144        0        0       33      111        0
            0        6       24      559       72      132      584        3
          486      807      261      807      251      421     1845     1580
         2121     1104      645      420      783      210     2081     2223
          252     1368     1046     1715     3508       30       90     1686
         1335      387     1056      573      738     1329     1177      792
         1299      120     2964     1029      791      645      414     1114
         1042     1306     2279      841     2679     2199     1309      390
          683     2381      788     4034     1549     3722     2389     2077

Atom Distribution No.   156 at run step   53896:

  Count of atoms assigned to each task:
         2745        0        0        9        0        0        0        0
            0        0        0        0        0      676        0      824
          399      933        0        0        0      129        0       24
            0        9       21     1066      273       27        0      873
            0        0        0        3     2846     1413       30       63
            3        0       30        0        0        0        0        0
            0        0        0       51        0      162        0        0
            0       45        0        3        0        0        0       66
            3        0        0       68        0        0        0        0
         2474      765       75        0      113        5       91        0
            0      102       72     1284        0       96      114      618
         1178     1236     1403      904      627      711       84     1535
          276     1804      504     1051       33      471      912     1207
          233      627     1260     1429     2447      936      948     1804
         1392     1665      246     1413     1062     2103     1923      855
         1707     1146     1918      680      683     1419      885      918
         1131     1856     1095     1250     1801     1106     1091     2661
          688     2952      830     2884     2629     3454     2046     1194

Atom Distribution No.   157 at run step   54259:

  Count of atoms assigned to each task:
         3097        1        2        0        0        0        0        0
            0        0        0        0        0        8        0      141
           12      369        0        0        0      210        0        0
            0      108        9        9      156      123        0       33
           15        0        0       90     3182     1885        0        0
           45       24        0        0       66       82       21       54
           17        0       71       75        0       18        0        0
            3        0        0        0       91        6        0        3
            0        0        0        0        0        3        3        0
         3390      663       78       15        3        0        0       18
            0        0        3     1772        0       66       12      806
           15      546     2043     2403      648       32      661     1839
         1728     1890     2460      841     1866     2288     1512      690
          264     1264     1068     1667     2886     1134     1047     2202
          699     1005      196     1941      813     1335      696     1328
          951      381     2202     2331      820     1716     2217      921
         2257     1292     1063      877     1923      696     2175      804
         2546      726     1275     1151     1150     2110      678      779

Atom Distribution No.   158 at run step   54621:

  Count of atoms assigned to each task:
         3749     1941       75      324       51     1833        0        0
            0        0        3        0        0     1847        0       60
            0     1570        0        0        0     1176        0        0
            0      171        3        0      232     1507        0        3
           75       54        0        0     3762     2062        0        0
            6      150        3       21        3      126       33      114
           33        0      857      108        0        0        0       66
            0       61       12       18       24      117     1068        0
            0     1107      351      255        0        0        0        0
         3604       54        0        0        9        0        0      879
            0        0        0      564        0      462        0     1157
            3       33      806     1232      801        0     1276      591
           75      570      414     1110       40      852      426      666
            0      924     1311     1314     2952     1407       72      528
         1101     1365      349      573      657      576      711     1160
          549       12      765     1241     1657      685      335      932
         1999      800     2195      970      853     2220     2441     1244
         2516     1076      980     2846      861     4233      798     3043

Atom Distribution No.   159 at run step   54984:

  Count of atoms assigned to each task:
         2969       65       16       43      171       82        0        0
            0        0        0        0        0      125        0      120
            0       60        0        0        0       60        0        0
            0        0        0        0       72        0        0       27
          162        0      741       39     2918      675        0        0
            0       69        3       45      321      222        0        0
            0      526        0        0        0        0        0        3
            6      892        0        0      138        0        0        3
            0      132       12        0       72        0      348      183
         2874       96       21       45       21        6        0      198
           27      684       45      195      174      792        0     1458
            9       15     2106     1314      494      622      584     1014
           84     1317      171     1416      138     1524     1089      663
          150     1260      854     2010     3450     1478     1476      840
          642      591      870     1575      696     1215      720      876
         1884     1459     2508     2021      748     2025     1186      643
         2437      960     1640     1892      719     1192     2318     2675
          719      711      953     2351     3084     3084     2448     2030

Atom Distribution No.   160 at run step   55338:

  Count of atoms assigned to each task:
         3828        0        3        0        0        0        0        0
            0        0       30        0        0        0        0        0
            0        0        0        0        0       60        0        3
            0        6        0        0       69      108        0        0
            6        0        0        0     3369      777        0        0
            0        3        0       18        0        0        3        0
            0      147       12        0        0       24        0        0
            0      738       30        0        0        0      187        0
            0      497      283        9        0        9        0        0
         3692       12      120       93        0      774     1651      126
           45      780      141     1150        0     1134        9      393
           51      540     1403      634      147       84     1797       63
           32     1433      918      654      194     1690     1365      933
          956      726     1011     1765     3676     1572      648     1263
          684     1401     2253     2202     2140     2406      663     1335
         1607      868     1485     1504     1931      932     1253     1777
         1015     1482     2039     1647     1317     1577     1111     2126
          810     1372     1253      822     2003     1846      939     1212

Atom Distribution No.   161 at run step   55704:

  Count of atoms assigned to each task:
         3407        0      134        3        0        0        0        0
            0        0        0        0        0      225        0        0
            0     2013        0        0        0      174       21        0
            0     1303       18        0        0        0     1755        0
            0        0       66        0     3227     1548      183       15
            0       15      135        0        0        0        0        0
            0       18        0        0        0        0        0        0
            0      849        0        0        0        3      159        0
            0       18        3        6        0        3       15        3
         3315        0     1001        3        9       60      726        0
           54       30       15      660        0        3      114       24
            3        0        3      670     1439        0      453       21
            6      738      971      682      357       33        3     1200
           60        9      872     2320     3393      913      776      798
          813      729     1566     2047      762      639      588      678
         1986     2010      795     1986      879     1815     1260     1768
         2285     1003     3245     3070     2299     3680     1157     4364
          817     1071      955     1612     1840     1176     2322     2636

Atom Distribution No.   162 at run step   56070:

  Count of atoms assigned to each task:
         3099        3        0        3        0        3        0        0
            0        0        0        0        0      206        0        0
            0       51        0       36        0        0        0      602
            0        0        3      711        0      315      471        0
            6      192        0        0     3072     1141      253       15
            0        0       78       36        0        0        0        0
            0        0        0        0        0        0        0        0
            6        9        3        0        0        0        0       21
            0        0        0        0        0        0        0        0
         3083        0      840       15      228      270       27      141
           12        0      132      678     1165     2365      562      198
          180      219      201     1553     1216     1227      755     2461
         1949     2194     2322     1467     2834      708     1656     1419
         1200      297      240      711     3183     1413     1161      507
            6     1315      804     1026        0     1683     1714      793
          865      630     1929     1484      764      757      741     3011
         1755     1567     2815      290     3134     1654     1402      477
          917      930     1257     1315      915      682     1831     1319

Atom Distribution No.   163 at run step   56423:

  Count of atoms assigned to each task:
         3690        0        0        0        0        0        0        0
            0        0        0        0        0       18        0        0
            0        0        0        0        0       72        0        0
            0        0      165       99        0        3        0        3
            0       27        0        3     3703     1017        9        0
            0        0        0        0        0        3        0        0
            0        0        0        0        0        0        0        0
            0        0        0        0        0        0        0        0
            0        0       12        0        0        0        0        0
         3976       27       21        9       33        6       23        0
          140      132      102       63      441     1344      162        0
          171        6       15       21     1011     1863      727     1509
          897      427      779       27      864       36      591      579
          239      749      538     1849     3874      650     1974     1479
         2289      593      609     2616     1449      696     1911      729
         2361     1662      841      891     2282     2281     1885      846
         2592     1166     1022      988     1381     2107     3348     1340
         2938     3881      946     3295     1401      984     2541      857

Atom Distribution No.   164 at run step   56784:

  Count of atoms assigned to each task:
         3455        3        3        0        3        9        0        0
            3        0        3        0        0        0        0        2
            8        0        0       13      885       27        0     1125
           39       18        6       99      494        0        0      244
         1151        0        0      756     3507      609        0        0
            6       42        0        0        0        0        0        0
            0        0        6        0        0        0        0        0
            0       12        0        0        0       24        0        0
            0        3        8        0        0        7        0        0
         3569        0        6      224        3        0        0       93
           27        0       66      174     1296       27      747        0
           45      875      123      180     1134     1755      558      648
         1850     2871     2984     1543     1823     1802      900       63
         1663     1308     1049      769     3450      903       39     1401
          495     1053       30      924      759      283     1296       63
          381      882     1190     2582     2040      791      725     2888
         1313     1440     1218     1029     2466     2087     1008     2606
         2593     2737      396     1915     1455     1849     1713      161

Atom Distribution No.   165 at run step   57141:

  Count of atoms assigned to each task:
         2566        0        0        0        0        0        0        0
            0        0        0        0        0        0        0        0
            0        0        0        0        3        0        0        3
          645     1309        0        0        9     1029     1306        0
            0       81       51        0     3001       81      396        0
            0       33        0       12        3       24       27      258
            0        0        0        3        0        0       21        0
          228       33        0        9        0      498        0       60
            9        0       48        0        0       36       90        0
         2410      492      342      690     1315       36      489        0
            9        0      213      603      633      126      324       12
           33     1050       57      525     1117       93      327     1107
          459      279      664      510      596      720     1105     1216
         1410     1417     1350      744     2641     1654      934      588
         1974     1734     1647      963     1665     1926     1317     1069
         1587     1991      804     1249     1421     1632      456     1352
         1643     1767     2304     2103     2537     2398      486     2273
         1681     1684     2221     2374     1285      322     1754     1125

Atom Distribution No.   166 at run step   57506:

  Count of atoms assigned to each task:
         2642        0        0        0        0        0        0        0
            0        0        0        0        0        0        0        0
            0        0       21        3        0        0        0      627
          159        8        6        0        0      177       51       57
         1047      147        3        0     3151     1244      796        0
            0        6      168        6       21        3        0        0
            3        0        0        0        0        0        0        3
            0        0        0       39        0        0        0        0
            0        0      126       33        0        0        0        0
         2633       42      168     1014     1008        0      189       54
            0        0       15        3      687        0        3     1674
         1281     1461        3      468      809      113      490      933
         1170      216      551     1869      468      568     1349      642
         1183     1079      960      675     2624      963     1076     1116
         1602      983      720      921     1782      336     1674      486
          507      654      867      951     2146     1907     1731      956
         1512     2845     2642     1004     2694     2496     2471     2042
         2668      909     2823     3086      699      642     1948     2098

Atom Distribution No.   167 at run step   57861:

  Count of atoms assigned to each task:
         2683      511        0        0     1870        0        0        0
            0        0        0        0        0        0        0        0
          396        0        0        0        0        0        0      677
          647      639        0      228       72      156      363      465
          492        0        0       90     2659     1685        0        0
            3       18        0        0        0       12        0        0
            0        0        0        0        0        0        6        0
            0        3        0        0        0        0        3        0
            0        0        0        0        0        3        0        0
         2568        0       18        6       48        0        0       18
            0        0        0        0        3        0        6       15
           12        3       12     1278        0        0      507      288
          592      342      135      498       24     1179      330     1201
          462     1497      705     2222     2495     1050     1971     2757
          561     1305      697      936     1779     2175     2127     2385
         2160      429      738     1831      714     1155     1841     2408
         3022     1388     2397     1098      798     4223     2435     3196
          798      806     2156     2914     2322     1252     2327      610

Atom Distribution No.   168 at run step   58221:

  Count of atoms assigned to each task:
         3573        3        0        0       39        0        0        0
            0        0        0        0        0        0        0        0
            0        9        0        0        0      495        0        0
          150      615      159        0      627     1195       96        0
         1140     1089       39        0     3315      436     1131      723
            6        0       15        0        0        0        0        0
            0       12        0        0        0        0        0        0
            0        6       15        0        0       42        0        0
            0        6        0       57        3        3       36      162
         3374      111      163        0        3        3      135        0
            0        0       87        0        0        9      198        0
            0        0       81      680     1338     1586      687      636
         1746     2059       21      993     2003     1736      924     1593
          590     2322     1642     1323     3267     1968     1170     1422
         1098      219      183     1149     1249     1839      913     1698
         1555     1776     1723     2636     1935      664      640     1577
         2145     1303     2000      770     2297      623      726      844
          808      954     2214     1942     1371     1486      963      539

Atom Distribution No.   169 at run step   58583:

  Count of atoms assigned to each task:
         3330        0        6        0        0        0        0        0
            0        0        0        0        0        0        0        0
            0        0        0       87        0        8        0      174
           15      789        0        0        3      957       45       15
           90     1504      243       57     3363     1296      135        3
           36        0        3        0        6       24       30        0
          150       24        0        0       36       24        0      148
            0       18        0        0        6        0        0        0
            0        0        0        0        0        0        0        0
         3331      109        9        0        0        0        0        0
           15        0        0        3        0        0        0       21
            0        3       91     2172      754     1576      840      585
          848      756      168     1115     1782     1926      535     1455
         2332      879     1356     3040     3362      590     1626     1035
         1404     2208     2082     2191      768     1446     1568     1806
         1270      756     1287      899     1606     1579     1189     2336
         2212     1024     1304     1223     1943     1149     1978      776
         1861      456      758     2418     1612     1056     1209      593

Atom Distribution No.   170 at run step   58942:

  Count of atoms assigned to each task:
         3582       75        0        0       21        0        0        0
            0        0        0        0        0        0        0        0
           63        0        0       45        0        0       24      417
            6        3        6        0       51      657        0       57
          849     1399        0        0     3524      333        3        0
            0      348        0        0        0        3        0        0
           36       81        0        3        0       12        0        3
            0        3        0      255       27       21       27        0
            0      213        0        0        0        0        0        0
         3602      165        3        2       12        0       16        0
         1384        0        0        0      177       30        0        0
           66      897      636     1013     2472     1254     1165     2010
         1383      385        6      476     1599      153     1012      838
          798     1895      417     1089     3626      615     1417     1713
         1653     1413     1137     1968     2494     1440     1164      408
         1518     1068      402     1998     2165     1534     1815     2274
          372     1844     1978     1044     2911      664     1137      960
         1641      720     1104      938      948     2010     1218     2493

Atom Distribution No.   171 at run step   59300:

  Count of atoms assigned to each task:
         2943        0        0        0        0        0        0        0
            0        0        0        0        0        0        0        0
            0        0        0        0       44        0       23        0
          817        3      609        3      339       39       57        0
          138       36        0        0     3139      225        0        0
           15       54        0        0      396      725        0       38
           24        0       54        0       39        3       36        0
          847      192        0        0       12        0       18        0
           75        0        0        0        3        0        0        0
         3003      300      120       81        0       99      171       24
          780      539       88        0       66      873        0       24
          114     1350      592     1554     1917     1437       84       12
          931     1006        0      297     2476     1810     1036      584
          686     1110      942     1760     3761     1535       60      918
          771     2034     2043       78     1731     1224     2527     1389
         1665     1072     1703      666      780     1583     1020     1573
         1275      827     1938     1260     1373      955     2116     1340
         3272     1950      779      756     1182     2782     2274     1882

Atom Distribution No.   172 at run step   59662:

  Count of atoms assigned to each task:
         3361        0        0        0        0        0        0        0
            0        0        0        0        0        0      146        0
            0        0      141        9        0        0      837       15
            0        0        0     1841      616        0      234        0
          402        0        0      255     3567     2383        0        0
            0       45        0        3        0      177        0        0
            0        0        0        3        0        0        0        6
            0       27        0        0        0        0        9        0
            0        0        0        0        0       18        0        0
         3653        0       96        0       39        3        0        0
         1075     1439      870        0      315      954        0        0
          321     1269       84      940     1644     1553        3      688
         1521       54       54     1332      980      321      876     1265
          574      771      156      909     3559     1518      942     1110
          564      906     1122     1473      441      183      303      624
         1663     1443      132     1260      928     2326     2394     1751
         2304      785     2817      900      976     1029     2338     2492
         2770     1842     1378     1401     2678     2301      363     2036

Atom Distribution No.   173 at run step   60023:

  Count of atoms assigned to each task:
         2901       44       21        0       18        3        0        0
            0        0        0        0        0        0        0        0
            0        0        0      283        0        0     1173        0
            0        0      174      147      972        0     1775     1623
           30       30     1087       45     3140     1125       30       15
            6        6        0       72        6        0        0        0
          243        0        0       90       66        0        0        0
            0        0        0        0        0        0        0        0
            0        0        0        0        0        0        0        3
         2728       21        9        0        0        0        0        0
         1113     1078     1772        0       57      821        0       69
           15      468      936     2274     2044     1333        6     1389
         1537      804      621     1223     1610      564      357     2310
         1402      924     1158     1767     2976      111      930     1062
         1177      657     1626     1392     1795     1635     1437      696
          537      627     1221      687      747     1581     1075     1344
          846      918     1706     1371     2129     1696     1360     1824
         1995     2116      531      708     1696     1557      771      831

Atom Distribution No.   174 at run step   60388:

  Count of atoms assigned to each task:
         3406     1547     1997     1500      147        0        0        0
            0        0        0        0        0        0        0        0
            0        0        0     1273        0        0      459        0
            0        0        3       27        9        0        0      147
            9        0        0        0     3394      105       75        3
            0        0        0        3        0        3        3      102
            0        0       27       12       42        3       78      138
          243        0        0        0        9        0        0        0
           15       12        0       21      558       15     1030       48
         3761        9        0       18        0        0       15        3
          516      264      651        0        0        0        0       92
            0      313      117      887       90     1260        0      963
          662      330        6     1251      914      419        9     1487
         1057     1623     1206     1272     3422     1971     1228      639
          789      702     1383      675      801     1986     2734      798
          894     1113      726     1326      705      666     2186      661
         1269     1649     2000     2012     1696     2408     2980     1370
         2242     1068      870     3314     2575     1132     2629      629

Atom Distribution No.   175 at run step   60751:

  Count of atoms assigned to each task:
         2399     1006        0        0        0        0        0        0
            0        0        0        0        0        0        0        0
            0        0        0       57        0        0        0        0
            0        0        0        0        3       62       42       21
            0      447        0       15     2193     1064       30        0
           90        0       36        0        0       51        9        0
          177        0        0        0        0        0       42       36
           45       36       36       30       18        0       51       60
           54        0       24       63      591        0        0        0
         2320       18        9        6      843        0        0        0
           24       84      807        0        0        7        0      872
            0      297      954     1938     1428      597      961      828
         1046      823      531      684     1169     1127      633      642
          618     1651     1913     2388     2269     1689      180     1738
          561      495      519     1551     2019     2115     1644     1608
         1576     2115      615     1152     1809      544     1334      696
          943     2205     1938     2324     1987     2474     2044      566
         1608     2782     1703     2124     2021     2300     1535     2117

Atom Distribution No.   176 at run step   61119:

  Count of atoms assigned to each task:
         3345        3        0        0        6        3       87       35
            0        0      102        0        0        0      780        0
            0        0        6        6        0       15       45        0
            0       12        0        0        3       12        6       42
            0        9      105        0     3696      414       60        0
           12        0      165      123        0        0      113        0
            0        0        8       24        9        0        0        0
            0        0        0        0        0        6        0        0
            0      108        0      135      290      277        0        0
         3469        0      186        0        3        0        9        0
            0        0      474       15        0        0        0     1167
            0       15      689      325      627     1557      803      831
         1552     1014     1764      935     1736     1174      725      690
         1032      360     1772     1194     2850     1848     1878      960
         1246     1767     2037     1824     1806     1753     1563     1750
         1453     2056     1744     1481     2323      564     1325     1157
         1907     1461     1801     2563     1216     1306     2044      730
         1847      828      759      772     2054      836     1874     1343

Atom Distribution No.   177 at run step   61477:

  Count of atoms assigned to each task:
         3628        0        0        0        0      663        0        0
            0       24       18        0        0        0       69        0
          699      102        0        0       54     1270        0       62
           15        0        3        0       54        0        0        0
           36       27        6       45     3150     3929        0        6
            3       24        0        0        6        0        3        0
           12        0        0      117        3        0       18       30
            0        0       36        0        0        0        0        0
            0       15        0        3      675       45      135        0
         3626      839      981        9        0        0        3        3
            0        3        3        0        0        0        0       36
            0        0       18     2127     1230     2380     3157        9
         1524      634      150      928      216       24      183       24
          972        6     1178     2514     2829      840      755      945
          351      648      672     1452     2526      789     1749     2131
          726      603     1964     1858     1946     2218     1049      788
         2255     1131     1595     2664     1434     1351     3565     1539
          783     1299      882     2177     2412     2160      830      228

Atom Distribution No.   178 at run step   61836:

  Count of atoms assigned to each task:
         2914       12        0       42      299      191        0        0
            0        0        0        0        0        0        0        0
            0      212        0        0        0     1209        0        0
            0      159      150        0        0        0        0        0
           24      366        0        6     3060      414        0        0
            0        3        0       18        3        0        0        6
            3        0        0        6        0        0        0        0
            0       15        0        0        0        0        0        0
            3        9        0       24       30        0      155       15
         3086     1451        6       12        0       12        0       15
          105        0        9        0        0        3      651        0
           27      501        0      546     1723     2173     1920     1433
           96      558     1647     1606        6      573     1464      888
          237      768      600     1485     3075     1080      597     1543
         2013     1031     1593      681      564     1644      651     2043
          618     1029     1888     2558     1866     1662     2094     1031
         1467     2200     1116     2505      840     2632      916     2999
         2192      663     2201     1683     1071     2456     2080     1675

Atom Distribution No.   179 at run step   62188:

  Count of atoms assigned to each task:
         3154        0        0        0        0        3        0        0
            0        0        0        0        0        0        0        0
            0        0        6        0        0        3        0        3
            0        0      631        0        3        3        0        0
            0        3        0        0     3379      771       15        0
            0      111      567       96        3     1672        0       27
            0      183        0        0        0        0       21        0
            0        3        0        0        0        3      345        0
            0     1260      406        0        0      100     1739      168
         2862     1731     2125       27       30       42        0      858
          185       18      856        0        0        0     1272      368
            3     1010       36      741      990     1310      946      630
          555     1351     1330     1139      267      907     1869     1142
          864      495     1801      603     3168     1110     1233      945
          852     1657     1518     1326      803      895     1270     1207
          954     1167     1429      973     1356      623      615     1232
          735     1638      773      878     2320     1103     1131     2635
          760     2481     1970     2438      387     1871     1683      729

Atom Distribution No.   180 at run step   62549:

  Count of atoms assigned to each task:
         3754      363       15       15      972      402       60        0
            3        0        0        0        0        0        0        0
          144        0        0        0       24        0        0        0
            0       84       72        0      751     1910        0       21
           18      126        0      796     3681     1149      225        0
          411      126      102        0       21       18       42        0
            0       12        0        0        0        0        0        0
            0        0        0        0        0        0        6        0
            0        6        0        0        0        0       18        0
         3265       12      928       18        0        0        3      714
          159        0       21       12        0       45       12        0
            0       24        0     1682        6     1585       90      939
            6        0     1152     1260      330     1352        6     1133
         1561      213     1187     2011     3866     1770     1020     1850
          663      615      510      735     1098      900     2394     1209
         1588     1371     1118     1878     1243     2507      928     2773
          955      384      939      700     2139     2028     2478     1639
         1686     1981     2524     1801     2185      716     1733     1909

Atom Distribution No.   181 at run step   62917:

  Count of atoms assigned to each task:
         3185       27        0      268       42        6        0        0
            0        0        0        0        0        0        0        0
            0        0        0        0        0        0        0      135
          120        0      723        3       63       15      729        3
           42       63      414        3     3211      797        0        0
            0        0        0        9        0        0        0        0
            0       12        0        0        0        9        0        0
            0        0        0        0        0        6        0        0
           12       76        3        0       27       33        3        3
         3370      909     1233        6        0      234      289       42
          203       30       93        0       12        0      477        0
           21      276     1768       30        0       18        9     1400
         1323       73     2907     1075      139      846     1812     2231
         1795     1152      399     1437     3022      648     1563     1608
          711     2073     1998     1830     2346     1654      639      744
         1433      720     1467      734     1629      833     1432     1043
         2388     1857      697      739     2019     2599     2059     1969
          953     2399     2627      805     1871     1310     1587     1249

Atom Distribution No.   182 at run step   63271:

  Count of atoms assigned to each task:
         3373        3        0        0        0        3        0        0
            0        0        0        0        0        0        0        0
            3        0        0        0        0      110        0        6
           72       21        3        0        3      129      609        3
            6        0      996       21     3691     1792        0        0
            9        0        3        6        3        0        0        0
            0        0        0        0        0        0       21        0
            0        0        0        0        0        0       21        6
            0        0        0       72        0        0        6        9
         3593     1295     3333        0        0        3       75        3
            3        0        3        0        0        0        0       47
            0        0      148     1416       15     1943     1302      771
         2048      393     1635      938     1473      561      646      747
         1245     1395      561     1311     3613      597      882     1836
          741     1959      621     2058     1963      789     1890      590
          361      684     1751     1056      735     2259     1399     1961
         2834     1855     1894     1629      590     1949     2480     2263
          808     1770     2542      945     1833     1410      375       81

Atom Distribution No.   183 at run step   63629:

  Count of atoms assigned to each task:
         3739       27        6      216       39        0        0        0
            0        0        6        0        0        0        0        3
            0        0        0        0        0        3        0        0
           24      198        0       93        9     1164        0       33
           96      123      374        0     3951      765        3       15
            0       12        3        3        0        0        0       15
            0        0        0        0        0        0        3        0
            0        0       21        0        0        0        0        0
            0      297        0        0      279        0      117     1056
         3689     1020      678        0       36       15        0      162
          138      114        0       69      208        0        3      183
           30        0       93     1577       96     1409     1031      375
           99     1131      912      873     1581      762      563      780
          492     1683      455     1857     3880      718     1119     1007
          913      867      501     2112      792      732     1401     1644
         1468      642     1503     1271     2731      382     1463     3358
         1504     1288     2407     1807      749     2231     1618     1250
          763      931     2239     3102     1555     2608     1785     1758

Atom Distribution No.   184 at run step   63994:

  Count of atoms assigned to each task:
         3243     1135      114      297       81        0        0        0
            0        0        0        0        0        0        0        0
            0        0        0        0        0        0        0      306
            0        0        0      531       21     1563        0      141
          666     1074        0        0     3293     2153        0        3
            0       12       24        6        0        0        0        0
            0       15        0        0        0        0        3        0
            0        0        0        3        0       12       54      195
            0        0      114        0        0      261       30      132
         3257      958      636      126      777        0        0       54
            0        0        0      517      759        0      928     1302
           15        0     1108     1126        6      594      806     1027
           60      225      474     1095      248      598     1065     1428
          739      503     1419     1055     3214     1573     1359      585
         1209     1887     1005     1287      717     1213     1206      726
          672      571     1998      840      622     1350      736     1656
         1594     2130     1006     2490     2105     1988      388     1761
         1563      894     1855     1563     2303     3343     2183      927

Atom Distribution No.   185 at run step   64352:

  Count of atoms assigned to each task:
         2564      105       30      693      299        0        0        0
            0        0        0        0        0        0        0        0
            0        0        0       21        0        0        0       15
            0        0        0       15        0      120       12       18
          150      105       27        0     2662      891        0       24
            3        0        0        0        0        0        0        0
            3        3        0        0        0        0        0        0
            0        0        0        6        0        0      459        0
            0        0      414        3        0      237      562        3
         2673      222        9        0       21       12        3        3
            0        0       16        0       93        0     1344      465
            3       18      897      784        6     1184     1843     1339
         1305     1202     1776     2190     1933     1775     1554     1132
          858     1193     1173     2517     2691      952     1362     1605
         2688     1440     1479     1314     1419     1625     1845     2247
         1553     2969     2096     1596      463      462      450      534
         1694     1045      552     1772     1764     2357     1577      514
         1814     2028     1778      573     1171      912      546     1032

Atom Distribution No.   186 at run step   64707:

  Count of atoms assigned to each task:
         3290       74       93      170       96       15        0        0
          201        0        0      279        0        0        0       12
          216        0      216        0      168       60      150      117
           57        0      234       87     1127        0        0       12
           15        0        9        0     3331     1635        3       18
           42        0        0      156        0        0        0       54
            0        3        0        3        0        0        0       57
            0        0        0        0        0        0        0        0
            0       12       66        0        0       36       30     1188
         3159     1011     2223        0     1290        0        0        0
          108       15     1135        0        0        0      130        3
           17        0       69       45        0      148        0      231
         1020       78      642      351     1468      771      165      456
         2224      288        6     2068     3256     1650     1290      795
         2857      714      855     1290     1383     2238     1845      969
         2425     1242     2638     1764     2078      434     1116     2570
         1628      763      894     2865      987     2413     1300      876
         2067      922     2460     1230     1210     2988      924     1517

Atom Distribution No.   187 at run step   65064:

  Count of atoms assigned to each task:
         3381       30        3        3        6        0        0        0
            0        0        0       35        0        0        0        0
            0        0        6        0        0        0        0        0
           15        0       27        0      738      189        0        0
           30        0        0        3     3753      984        9       32
            8       30       21      189        0        0        0        9
            0        0        0        3        0        0        0       24
            0        0       93      483        3        9       27       15
            0       33        6        0        0        0        9      564
         3651      567      900        0     1630        0       60        0
            0      171      396        0        0        0      249        0
          871        0       72     2011      102      255      161     1361
          774     2598     1473      167     2017      204      249     1418
         2416     1955     2143     2288     3315     2703      852     1794
         2146      582      186     1974     1157     1227     1016     1262
          615      760     2227      656     1520     2039      828     1217
         2079      642     1833      635     1714      777      358     1119
         2519     1135     2147     1072      911     1565     1551     1844

Atom Distribution No.   188 at run step   65425:

  Count of atoms assigned to each task:
         3151       99        7     1313        0        0        0        0
          774        0        0       33        0        0        0        0
            0        0        6        0        0      919        0        0
           48        0        3      230       27       39        0       66
           97        0        0       99     3193      846        0        0
           45       27       12        0       24        0        0      264
           21        0        0        0        6        0       12       18
            0        0        0        0        6        0        0        0
            0      111        3        3        9        3        0      276
         3216      681       15       30       33        9        9        9
            0      446      155       38        0        0      168        3
          153        3       60      180        0      564        9     1302
          873      357      108      288      324      198        3     3541
          815     1268     1812     3326     2554      574     1312     1920
         1615      318     1104     3960     2271     3165     1038     2356
         2579     1932     2684     2008     1723      901      930     1901
          673     3760      745     2128     1078     1868     2957      650
          978      917      691     1181      822     1188     1929      710

Atom Distribution No.   189 at run step   65781:

  Count of atoms assigned to each task:
         3431        0        3       15       84        2        0        0
           21        0        0        0        0        0        0        0
            0        0        0        0        0      237        0        0
          189      231        0      123      105     1143      641       18
           41       26       21        6     3294     1713        3        0
            0        0        3        0        6        9       18        0
            0        0        0        0        0        6        0        0
            0        0        0        0        0        0        0        0
            0        0        0        0        0        0        0        0
         3079      411      954        3      153        0        0        0
            0      652     1326        0        0        0     1723      381
          291        0        6        6        0     2263     1859      759
         1411     1708     1862     1032      150      878     1204      798
         1063     1276     1574     2635     3316     1908      588      360
         1719     1602      963      826      651     1032     1879     1338
         1448     2365      668     1534      590     2016     1682     1574
         2508      729      843      962      766     1108     2399     1887
          875      998      933     2038     2602     1960      690      703

Atom Distribution No.   190 at run step   66143:

  Count of atoms assigned to each task:
         3835        3       18       30        0        0        0        0
           51        0        0        0        0        0        0      267
            0        0        0        0        0        9        0        0
           48       57        0        3     1332      633      432        0
           27     1764      105        9     4278     2172        6       36
            0      183      462       93      728      315      189      141
          186      360       18        0      126      126        3        0
          108       18      162        0        0       69        0        0
            0        0        0        0        0        0        0        0
         4307      108      981        0        0        0        0        0
            0      426        3       12        9        0        0        0
           63        0        0        0       18      318     1323      279
         1446      570      159      382     1199     1242       33      138
          988     1356     1471     3309     4054     1338     1566     2079
          537      843     1482     2352     1353     1166     1137     1005
          702      449     1996     2021      800     1832      908     1489
         3672     1068      939     2904      928      822     2054     1948
          888     1456     1310     1515     1340     1581      391      439

Atom Distribution No.   191 at run step   66506:

  Count of atoms assigned to each task:
         3070     1716       27      627      742        0        0        0
            0        0        0        0        0        0        0      801
            0        0        0        0        0        0        0        3
           48       30        0        0     1143      222       36        0
           15      480        0      213     3154      623        0        2
            5        2        6        7      422       48        3        0
          282       66        0        0        0        0        0        0
            6        0        0        0        0        0        0        0
            0        0        0        0      144        0        9        0
         3085        0      204        6        0        0        0       27
            0     1302       75        3       12        0        0        3
            0        0        0        9        0       45      644      199
         1371     1295        6     1254      876     1241      168       39
          686      192     1212     3491     2863      821     1621     1702
         1787     1679     2469     1857     1668     1971     2376     2028
         1431     1614     2080     1923     1689     1959      334     2523
         2402      836     1727     2964     2567      791      858     2185
          786      726     2073     1020      915     1004     1623      637

Atom Distribution No.   192 at run step   66870:

  Count of atoms assigned to each task:
         3448        4        0       69       27        0        0        0
            0        0        0        0        0        0        0        3
            0        0        0        0       66      486       33        0
          678      681      267     1045      702       54      909       30
          207      862      285      139     3563     1488     1175        0
           40      896        0       24        6        6        0       75
           42        0        0        0        0        0        0        0
            0        0        0        0        0        0        0        0
            0        0        0        0        0        0        0        0
         3567      516      159      601        0        0        0        0
            0      133        0        0       15        0        0        0
            6        0        0        0        0        0     1997      228
         1908      879     2215     1746     2284      960     1028      702
         1131     1840     1677      684     3515     1311     1728      786
         1482      690      618      717     1449      585      914     1872
         1128     1885     1945      797      373      540     2288     1583
         1429     1071      741      903     1203      730      843      773
          863     2933     2672      972     1650     2929     1931     1471

Atom Distribution No.   193 at run step   67233:

  Count of atoms assigned to each task:
         3523       12        0        0       47        0        0        0
            0        0        0        0        0        0        0        0
            0        0        0        0        0      249       27        0
           27       24       15       63       27        0      165      288
           24     1134     1570       39     3255      771      282        0
            0        0      156      303        0        0      228      237
            0        0       51        0       21        3       13        9
            3        0        6        0        3       84        3       15
            0        0        3        0        0        3        0        0
         2874      949      264      231        0       24     1110        9
            9      750      943      105        0      498      855        6
          135        0        9        3        3        3      814       36
         1625     2271      843     1392     1933      300      456      589
         1703     1440     1675     1047     3379      564      589     2106
          786      915     1758     1626      582      909      687     2415
         1469      997     1888     2517     1123     1405     1323      345
         1937      958     2035     2389     1011      892     2009     1425
         1749     2329     1852      904     1617     1973     1160     1696

Atom Distribution No.   194 at run step   67589:

  Count of atoms assigned to each task:
         3942        3       18        0       36        0        0        0
            0        0        0        0        0        0        0        0
            0        0        0        0      186        3       60        0
           15      108     1206       51        0        0       63      348
            6     1004     1449      186     3997      765        6       99
           36        0        3       72        0      162       30        0
            9        0        0       21        9       81        0      978
            0       81        6        0        0        0       12        0
            0        3        3        0      288       27       30        0
         3620       21      231       30        0       12      774     1179
            0      681     1619        0        0      783      624        0
            0        0     1335       30     1461        3     1567     1092
         1060     1052     1368     1666     1210       78      744      871
         1662      783     1305     1551     3006     2007     1533      594
          453     1144      789      738      606     1510      603     1600
         2194      562     1247     1295     2252     1825     1732     1668
         1826     1300     1721     1415     1097     1516     1118      829
          759      975     1685     1509     1758      753      750      723

Atom Distribution No.   195 at run step   67956:

  Count of atoms assigned to each task:
         3729        3      552      165     1170        3        0        0
            0        0        0        0      204        0        0        0
            0        0        0        0        0        0        0        6
          263        0        0        0      183        0       33       15
            0      192        0       12     4067       78        0        0
           60        0        0        3        0        0        0       96
           45        0        0      111        0       42       39      333
            0        0        0        0        0        0       27       12
            0       24       90       12       90       63      105       99
         4012       75      209       36       23       42     1221       57
            0      180      147       39        0     2302      837       48
            0       18      441     1583     1065        0     1535      811
         1305     1005      242      396       12        0     1047     1254
           35      123       27      554     3781     2094      899     1536
          108      758      657     1908     2676     1869     2415     2221
         2081     1809      745     1519     2590     2162     1055      856
         2505     1153     2345     1004     1017     1210      957     1090
         2917     1398     1287      965     2675     1183      858     1996

Atom Distribution No.   196 at run step   68313:

  Count of atoms assigned to each task:
         3531        3        0        0        0        0        0        0
            0        0        0       10        0        0        0      108
            0        0        0        0        0      114       27        0
            3        0        0      228        0        0        0     1686
            0        0       42       18     3193      587        3        0
            0        0        0        0        2       77        0        0
            0        0        0        0        0        0        0        0
            0        3        0        0        6        0        0        0
            0        0        0        0        0        0        6        3
         3547        3      267        0        0       12      651       21
          351        0        3       27        0      465      687        0
            0       57       45     1885     2014       24      297      753
          972     1850      978     1935     1746      968     1502     1997
         2424      815     1317      966     3224     1225      627     1929
          933      990     2160      729     1317      636      690     2229
         2063     2175     2184     2238      937     1701      781     2182
         2823     1248     2256      807     1010      860      737     2936
          953     1288     1833      837      859     1641      786      853

Atom Distribution No.   197 at run step   68675:

  Count of atoms assigned to each task:
         3527       27        3        0        0        3        0        0
            0        0        0      171        0        0        0      501
            0        0        0       24        0        0     1689      758
            0      737        6       12       12        9       12      735
          348        0      177       18     3818      548        0        0
          703        3      237      588       45        6        6        0
           18       48        0        0        0        0        0        0
            0        0        0        0        0        0        0        0
            0      108        0        0        0        0        0        0
         4141        0        0        0        0        0      123        0
          839        0        0        0        0     1332      387        0
            0       28       80      337      907        0      510        3
          465     1187      289      145       26     1633      531     1238
         1291     1339      978     2037     3706      788      882      837
         2268      810     1713     2283      885     1926      663     2010
         2188     1293     2025     1926      436      675      442     2403
         3019      699     1430     1206     1365     1528     1277     2758
         1223     1314     2156     1037     3158     1181     1086     1567

Atom Distribution No.   198 at run step   69036:

  Count of atoms assigned to each task:
         3993      570        0        6        6        3        0        0
            0        0        0      162        0        0        0        3
            0        0        0       33        0        0      849        0
            0        3        0        6        0        0       27        3
            6      198        0      114     3118     1385       21       12
            0        0        3      105        0        0        0        0
            3        0        0        0        0        0        9        6
            0        3        0        0       24       15        3        0
            0        0       15        0        0       24      474        0
         3205      807        6       36        3       99      219       21
          150        0        0       39        0      624      736        0
            0        0       78      684      991        0     2521      351
          111      345       30      685       33     1344     1371     1310
         1182     1270     1134     1032     3188     1019     2157      417
          776     2157      599     1272     1749      906      927     2001
         2436     2508     1692     1231     1986     2475     1837      841
          622     2769     1093      407     1217     3282     1088     2433
         1469      934     3500     1323     2291      771     2347     1567

Atom Distribution No.   199 at run step   69392:

  Count of atoms assigned to each task:
         2751        0        0        0        0        0        0        0
            0        0        0        0        0        0        0        3
           30        0        0        0        0     1196       54      120
          954     1044        0      153      249        2       21       87
          566        0        0       66     2992      441        0        0
            0       57        0        0        0        0        0        0
            0        0        3        0        0        0        0        0
            0       15        0        0        0        0        0        0
            0      354        0        0        0        3       30        0
         3346      495       75       33        0        3     1361       84
          840        0      219        0        0      171     1565        3
            0      207        6     2034      970      218     1707     1526
           66      795      879     1197      648     1957      676     1841
          870      571      776      936     2886     2160     1437     2103
          732      381     1434      591      834     1761     2058      306
         2256      624     2259     2134     2157      373     1900     1784
          946      907     1862      375      931     2410      917     1442
         2033      795     2297     2461     2362     1263     1755      714

Atom Distribution No.   200 at run step   69745:

  Count of atoms assigned to each task:
         3279      320        0        0      867        0        0        0
            0        0        0        0        0        0        0      234
           33        0        0        0        0      273       51        0
            0      357        0       12      890     2099        3        0
           48        0        3        0     3506     2076        0        3
            0      402        0        0        0        3       33        0
            0        3        0        0        0        0        0        0
            0        0        0        0        6        0        0        0
            0       66        0        0        0       15        3        6
         3575      712     1208      108        0        0      429        0
          441        0      147        0        0      129      463        9
           11      138       57       23      481      746      612     1492
          504      420      747      279     1394     1924      861     1100
          790      720      669     1828     3517      762      990     1281
         1218      687     1527      849     1368     1647     1446     1584
         1902      630     1515      599     1964     3025     1592     3574
          918     1804     1513      851     1255      329     1953      581
         1527      816     2464     1023     1166     3235      738     2448

Atom Distribution No.   201 at run step   70109:

  Count of atoms assigned to each task:
         2982        6     1320       42     1038        0        0        0
            0        0        0        0        0        0        0        0
            0        0        0        0        0        3        0       15
            0      117        0     1369       24        0       36      318
          102        0        0      510     3259     1805       11        0
           41        6        0        0        0        6        0        0
            0        0        0        0        6        0        0        0
            0       54        0        6        0        0        0        0
            0        0        0        0        0       57        0        0
         2981      868     1482       48      105       18        0        0
         1425      543      825       24        0     1704     2136        0
          857      705        0        0     1519     2232      687      516
         1352      297     1194        0     1359      627      879      662
          679       72      507     1791     3246     1305      207      615
          630      627     1089      831      735     1699      609     1545
         1411      966      873      769     1695     1439      614     1492
         2161     1689      729      835     2122      711     2637     2106
         1007     1753     1288     2000     3147     1466     1650     1981

Atom Distribution No.   202 at run step   70463:

  Count of atoms assigned to each task:
         3712        0        0        0        0        0        0        0
            0        0        0        0        0        0        0        0
            0        0        0        0       27        0        0       42
            0        0     1308      201      285        0      743      277
          542      309      573      213     3662      375        0        0
            0        0      288       30        0        0        0       48
           24        0        0        0        3        3       56        0
            0      107      622        0        0       81        3        0
            0        0        0        0        0        0        0        0
         3370      702     1198       66        0        0        0        0
         2072       36      144      866       56      198     1737       69
          297      147        0      926     1313     1203      923     1006
         1341      571     1933      855     1887      879      645     1288
          681     1494     1182     1074     3660     1764       15      318
          480      549      579     1047     1125     1353      894     1260
          897     1908     1152      688     1251      729     1806     1781
         1085     1386     1869      856     2271     1948      752      649
         1188     2339      830     2516     1192      702     2056     2318

Atom Distribution No.   203 at run step   70821:

  Count of atoms assigned to each task:
         3362        6        0        0        0        0        0        0
            0        0        0        0        0        0        0        0
            0        0        0        0        0        0        0      304
            0        9      618      162        0        0      822       15
            3        6       48        0     3403      474        0        3
            0        0        0        0        0      133        0        0
            0        3        0        0        0        0        0       15
           33      244        6        0        0        0        0       45
           18        0        0       36        0        0       52        0
         3602      417      618     1709        0        0        0        9
          784        0       18      681      462      168     1565       12
          453       12       33       72      933      216     1720      681
           39     1702      136     1307      630      568     1923      867
          622      610      994     2067     3334     1422      822     1901
          552     1290      843      576      654     1848     2106     1587
         1641     1847      528     2453      765      582     1602     2107
         2034      622     1834     2129     2598     1955     1143     1935
         2199     2277     1206     1722      735     2098     1416     1093

Atom Distribution No.   204 at run step   71178:

  Count of atoms assigned to each task:
         3601        6        0        0      621        0        0        0
            0        0        0        0        0        0        0        0
            0        0        0        0        0        0        0        0
            0      489       42        0        0       54        9        0
            0        0       36       90     3472     2210        0        0
            0        0        0        3       24     1644        0        0
            3        0        0        0        0        0        0        0
            0       33        0        0        0        0        0        0
            0        0        0       15        0       15        0        0
         3316      752      240      483        0       12        0       15
           24      846        0      261      454      177     1052        0
         1635     1184      969      123     1119     1585      804      946
          158     1362     1203      189     1959     2760     1080      981
         1821      921     1088     1491     3570     2202     1254     1686
          966     1317      995      796     1128      372     1618     1176
         1704     1070      702      850     1746     2237      544     1907
          783     1109     1637      924     1611     1705     1266      576
         1872     1730     1131     1212      717     1085     1782      549

Atom Distribution No.   205 at run step   71542:

  Count of atoms assigned to each task:
         3348      273        9       12       27        0        0        0
            0        0        0        0        0        0        0        0
            0        0        0        0        0        0        0        0
            0       51      873        0        0        3      177        0
            0        6      312        0     3462     1034        3        0
            0        0        0        6     1466      822        0        9
           87        0        3       87      135        0        6       12
            6        3      245        0        0        0       53        6
            0       21        0        0        0        3       24       15
         3619      327      450      780       18        0        0       78
           15        3        0     1024      151        6      505      237
          225     1811       87      398     2221      153      792     1747
            6     1624     1720      498     1211        6       33      136
          624      234     1446     1310     3523      858     1203     1488
         1818     2370      468      810      840      798      798     1803
         2103     1078     1632     1188      780     2146      772     1244
         2694     1044     2344     2521     2325     2374      743     1505
         2079     1911     1111      739     1197     1739     1071     1695

Atom Distribution No.   206 at run step   71908:

  Count of atoms assigned to each task:
         3311      102       40       13       14        0        0        0
            0        0        0        0        0        0        0        0
            3        0        0        0        0      129        6       36
            0       57      585      579       24        0        3      150
           57        0       33        0     3431     1165        0        0
            0       18        0        0       18      537        0       12
            0        0        0        3        0        0       21        0
            0        0        0      114        3        0        0        0
            6        0        0        0        0        0        0        3
         3606        0     1263       90        0        0       30        0
            0        0        3      192        3        0      162        0
           18      133        0       13      955      504     1592     1143
          102     2119     1504      420      837      916      936     1215
         1471     1173      691     1951     3509      747      824     1304
         2028      657     1782     1998     1170     1107     1185     1626
         1053     1869     1896     2337     2164     1625     2305      947
         2955     1402      339      831     1998     2355     1002      834
         2354     2118     2877      677      837     1824     1950      905

Atom Distribution No.   207 at run step   72272:

  Count of atoms assigned to each task:
         3933        9       78        0     1350        0        0        0
            0        0        0        0        0        0        0        0
          520      724        0        0        6     1884       18        0
            3      663      386      140      371        0        0      111
           51        3        0        0     3805     1512       24        0
            0      240       39        0      117      122        0      140
            0        0        0       15       30        0       39        0
            0        3        0        0        0      356        3        0
            0        0        0        0        0        0       12        0
         3712        0      909       21        0        0       81        0
            0        0      650        0      197        0       36        0
           75       83        0       30       94        0     1066     1643
          372      894     1697     1202      297       15     1509     1373
         1254     2099      888     1456     3678     1443      684     3243
          822     1233     1779      546      705     1335      954      212
          474      750     1374     1262     1392     2155      702     2610
         2593     1228      826      815     1102      807      889      791
         1339     1798     3045     1957     1840     1937     2112     2114

Atom Distribution No.   208 at run step   72634:

  Count of atoms assigned to each task:
         2392      216       90       15      410        0        0        0
            0        0        0        0        0        0        0        0
          528      495        0        0        0       54        0        0
            0      123        0      396        0      720       39       36
            0        3        0      315     2488      720       36       27
            0       15       42       63        0       55       39       15
           15       12        0        0        0       18       63        0
            0        0        0        0        0        9        0        3
            0        0        9        0        0        2       25        8
         2372        0      171       39        0        0       39        3
            0        0      905       42        0        2       60        6
         1401     1387      743      765     1639     1140      720     1198
         2063      825      132      620      858      237     1032     1864
          582     2055      549     2299     2336     1672     1434     1686
          576      870     1014      636     1455     2415     1974     2355
          744     1151     1242     1731     1764      867     2245     1987
         2635     1919     1798     1957      785     2161     1087     1654
         1050     2125     1597     1793     1149      571     1954     1273

Atom Distribution No.   209 at run step   72993:

  Count of atoms assigned to each task:
         3366       94        0        3      798        0        0        0
            0        0        0        0        0        0        0        9
         1584      436        0       15        3      828        6        0
          123        9       24        6       12     1314        6        0
           15        3        0        9     3607      359      150        6
            0        0        0        0        0      545        3        0
            0        0        0        0        0       33        0        0
            0        0        0       12      519       51        0        0
            0        3       87        0        0        9      192        0
         3527        0      213        0        0        0        0        0
            0        0       12      156        0        0        0      129
            9      797      635       39      174     1935     1562     1371
          669      197      296     1575     1013     2207      273      949
          105     1253     1221      582     3667     1392     1260      204
          657      711      825      621     1299     2340      654     1551
          699     1611      765     2837     1194     2721      909     1963
          735     1347     1958     2221      751     3943      982     2123
         2156     2277     2421     2873     1088      888     1251      874

Atom Distribution No.   210 at run step   73357:

  Count of atoms assigned to each task:
         3275        3        0       75       15        0        0        3
            3        0        0        0        0        0        0        0
          946        0        0        0        0       36        0        0
            0        0     1194        0        0        0        0      360
            3        0        0        0     3092      939      117        0
            0        6        0        0        0       63        0        0
          693      108        0        0        0        0        0        0
            0        0        3        0       24       18        0        0
            0        3        9        0       18      174       75       15
         3271      237     2361        0        0        0       18        0
            6        6      120        0        0        0        3        0
           33     1718     1271        0     1967     1970     1548        0
          730     1314     1262        3     1747     1561     1968      577
         2480      715      514     1434     3435     1719      783     1413
          963     1662     1050     1350     2256     1710      924      693
         1343      603     1865      643     1355      356     1788     3234
         1121     2151     1906     1572      923      770     1857     2059
         1152     2034     1970      918      347     1494      354     1029

Atom Distribution No.   211 at run step   73724:

  Count of atoms assigned to each task:
         3925      447        0       33        9        0        0        0
            0        0        6        0        0        0        0        0
           60        0        0        0        0        3       54        0
            0        0      840      778        0        0       93        0
            0        0        0        0     4073     1743        0        0
            0        0        0        0        3        0      180        0
          138        0       60        0        6        0        0        0
          147        0        0        0      697        0       36        3
            3        0        0      105        0       33        0       21
         3265        0       63        0        3       57       48      747
           66       48       15       69       60       75       30        0
           60      627      147        0      385      654       21        0
          360      573       84        0     1106      147       36       12
         1106      369      486     1403     2992      109      698      699
          915      875      574     1002     2222     3281      705     1299
         3168     1353      831     1704      951     2691     1197     2458
         1479     3597     3942     1948     5161     4076     1396     2966
         1436     3014     1180      726      294     1170     1915     1264

Atom Distribution No.   212 at run step   74084:

  Count of atoms assigned to each task:
         3295     1605        0        0        0        0        0        0
            0        0        0        0        0        0        0        0
            0       30        0        0        0     1444       39      834
            9       63        3        9        0      114        6       69
          156        0        0        3     2878      147       87        6
            0        0        0        0        0        0        0        0
            0        0        0        0        0        0        0        0
           18       45        0        0       30        0       24        0
            0        0        3       51        0       63        0        3
         3579      132     1272      663       36      114       12      423
            0        0        0      942      842      730     1140      588
         1721     1335       75      471      443     1432      906     1568
         1314     1888      594     1158      291      362      198       11
          685     1278     1282     1057     3126      678      834     1584
          789      630      390      459      390     1257     2676      795
          666     1484      625      945     2273      642     1849      995
         2860     2106     2014     2110      375     1247     2322     1843
         2926     2903      800      976     1284      974     2025     1478

Atom Distribution No.   213 at run step   74443:

  Count of atoms assigned to each task:
         3728      108        3        0        3        0        0        0
            0        0        0        0        0        0        0        0
            0        0      189        0        0        6        0        0
            0       66        0        3        0        6        6        3
            0        3        0        0     3263      327        0        0
            0        0        0        0      252        0        9       21
            0       12        0        0       15        0      114       18
            0      117       21       15      231        0       42        0
            0        0        0        0        0        0        0        0
         3759        0      114      442      701       51       27      306
            0        0       33     1404      742      747      927       93
           30     1217       39     1061        3     1020     1099      990
           81      102       15      615       27      906       14     1563
         1943     1096     1356     2333     3504      747     1344     1707
         1530      519     1722     1512     1992     1455      888     2220
          687      537      822     3388      388      783      585     2463
         1520     2009      955      887      937     1343     2057     2016
          560     3600     1544     1766     2023     2193     2347     2919

Atom Distribution No.   214 at run step   74801:

  Count of atoms assigned to each task:
         2720       61        0        0        0        0        0        0
            0        0        0        0        0        0        0        0
            0       18       11        0        0     1048       93        0
            0     1056        0      135      132     1343        0        0
          180      219        0      141     2369       96       24        0
            0        0        0        0        0        0        0        0
            0        0        0        3        3        0        0        0
            0        0        0        0        3        3        0        3
            0        0        3        0        0        0        6        0
         2977        0        0       99       38      634      795      840
           42        0       48       51      201     1383     1416      893
           42     1537      435     1403      842     1035     1233      571
          780      363      603     1689     1371      411     1537     2118
         1933     2048      744      729     2460      711      651     1032
          807      633     1671     1359     1260     1752      390      429
         1218     1169     1491     2165     1688     1526     1715     2001
         1748     1794     2104     1959      343     1206      264     1456
         1619     2015     1847     1933     1695     2115     1856      313

Atom Distribution No.   215 at run step   75166:

  Count of atoms assigned to each task:
         3409        0        0        0        0        0        0        0
          410        0        0        0        0        0        0        0
            0        0        0        0        0      978        0        0
            0        3        0        0        0     1086        0        0
          404        0        0        0     3482      643       18        0
            0        0        0      129        0        0        0        0
            0        9        0        0        3        0        0        0
          111        0        6        0       66        0        6        6
            0        0       15        0        0       18       90      120
         3727        0       42        0        0      450       27        9
           84        0        9        3        9       33      267        6
          449     1371      186      996      517      144     2129     1084
          716     2026      242      915      906     1755     1870     2005
         1713     2314      192      936     3687      183     1785     1977
          603     2067     1725     2055      891     1653      799      783
         2121     2473     1395      878     2641     2181      852      953
          897      898     2392      894      718     1243      984     2925
          449      374     2474     2022      939      963     1843     1045

Atom Distribution No.   216 at run step   75526:

  Count of atoms assigned to each task:
         3214        0      137        0        0        0        0        0
           69        0        0        0        0        0        0        0
            0        0        0     1516        3        0        0      549
          929        9        0      197     1692        6        0      267
         1325       67        0        0     3684      786        0        0
            0       33        0        0        0        0        3        3
           12        0        0        0        0      138        0       12
            0       12        0        3       27        0        0        0
            0       36        3        0        0        0      300      904
         3586      195      201        0       66        0        3       90
            3        0        3       12      732        0      417       12
          581     1132       57     1020      696        0     1748      219
         2306     1766        0      150     1232       24      120      520
         1071     1062      304     1591     3589     1008      687      732
          726      675      837      747     1953      933     1251      813
          735      516     1887     1341     1918     2028     1813      778
         1274     3279     2191      946     2276      954     2703     3052
         1456     2283     2439     1916      766      565     2169      815

Atom Distribution No.   217 at run step   75892:

  Count of atoms assigned to each task:
         2993      366       93        0     2170        0        0        0
            0        0        0        0        0        0        0        0
            0        0        0       18      162        0        0      123
          163      464        0        3      525     1020     1065      126
         1186     1575      288        0     3169      735        3        0
            0        9        6        0        0       12        0        0
            3      192        3        0        0       48        0        0
            0      126        0        0        0       24        0        0
           60        6        3        0        6        0        9        0
         3160       57      957       60     1742        0      520        0
            0        0      183       36     1308        0     1005       22
          772        9     1371      966      646       33      459       15
          879      369     1095      923      564        0     1488     1469
          441      669      390     1027     2880      504     1347     1341
         1011      474     1152      534     1593     1269      804     1257
         1464     1343     1536     2094     2399      956     1421     1370
         1535     1882     2044      674     1419      700     2128     2000
         2126      591     2268      740     1761     1933      848     2119

Atom Distribution No.   218 at run step   76243:

  Count of atoms assigned to each task:
         2967        3        3        0        0        0        0        0
            0        0        0        0        0        0        0        0
            0        0        0        0        3      190        0        0
            3      923        0        0        0       69        6       51
           21       21        9        0     2711      474      111        0
            0       18      696       81        0        0      192       12
           21        0        6        3       27        3        0        0
           30      411        0      125        0        0        0        0
            0       12        0        0        0        0       72        0
         2826      432     3083        0     1703        0       93        0
            0        0        9        0      225        0      144        9
          465        0     1762     1410      918        0      477     1591
         1373      771     1539      721      652      654     1041     1181
         1716     1940      765      771     2834      753     1953      654
          696     1599     1410     1458     1701     1125      696     1095
         1568     1522     2040     2584     2056      778     1931     2575
         1948     1211     1929     2305     2312      609      522      807
          935     1634     2312     1151      741     1166     1420     1331

Atom Distribution No.   219 at run step   76605:

  Count of atoms assigned to each task:
         3062        5      108        0      164        0       36        0
            0        0        0        0        0        0        0       12
            3        0        0        0        0     1785        0       39
          207        9        0        0       18       12        0       21
            0      273        0        0     2963      800       49        0
            0      187      212       48        3        6        3        0
           15        9        0        0        3      519        0       45
           42      189       12       12        3       15        0        0
            0        3        0        0        0        0        0        0
         3613      645      213        0      192        0        0        0
            0        0        0        0        0        0        0      126
          174        0     1284     1509     1533        0      366     1809
         1935     1263     1487     1747       42      731     1335      670
          588      807     1371     1991     3825       33      669     1224
         1818       33      264      216     2310      732      642      702
         2040      909     2121     2071     1155      666     1670     1835
          944      689     2450     3130     2672     1587      918     1099
         2892      826     2593     2316     2360     1047     2343     1782

Atom Distribution No.   220 at run step   76958:

  Count of atoms assigned to each task:
         3446        0        0        0        0        0        0        0
            0        0        0        0        0        0        0        0
            0        0        0        6        0        0        0        0
           12        0        0        0        0        0       15        0
           55        3        0        0     2634      486        0        9
            6       93        6        0        0       24        0        0
            0        0        0        0        0        0        0        0
            0       15        9        0        0        0        0        0
           12        0        6       21      579        0       15      126
         2804     1038      204       12       42      429       15      195
            3        3       24      380        0     1113        3        0
          177        0     1335     1217     1707      162     1245      453
          369     1673     1080     1563      613     1502     1023     1127
         1168      357      762      766     3136      637     1356      810
         1575     1158      669     1551      633      666     1686     1458
         2295      822      624     2274     1854     1287     2001     3127
         2179     2317     1885     2176      692      817      967     1870
         2506     2780     2245      909     1725     2613     1918     1546

Atom Distribution No.   221 at run step   77309:

  Count of atoms assigned to each task:
         3384        0        0        0        0        0        0        0
            0        0        0        0        0        3        0        0
            0        6        0        0        0        6        0        0
           21       24        9        0        0       39        0        0
            0        0        0        3     3349      951        0        0
            0        6        0        0        0        0        0        0
            0        0        0        0        0        0        0        0
            0        0        0        3       27        0        0        0
          291        0        0        9      660        0        0        0
         3182       12      174      126        0      321        0      640
            0        6        0     1239        0     1508        0        0
          144        0     1732      958       93      511      765     1059
         1378     1768     1710     1665     1657      654      909     2613
         1728     1930     1934     1134     3489     1353     1566      696
         1473     1509     1260     1749     1888     1117     1284     2028
         1061      951      359      440     1589     1660      832      707
         1119      561     2751     2661     2111     3335      896     2615
         1275      673      348     1167     1163      587      546     1746

Atom Distribution No.   222 at run step   77668:

  Count of atoms assigned to each task:
         3538        3      192     1419        0        0        6        0
            0        0        0        0        0        0        0        0
           96        0        0     2048       69        0        0        0
          261      318        0      954        0     1640      723        6
          663      225      309        0     3386     1533        0        0
            0        0        0        0        0        0        0        0
            0        0        0        0        3        3        3        6
            0        0        0        3        0        0        0        3
            0        0        0        0        0        0        3        0
         3216       90      237       87        0      384        0      228
            0        6        0      137        6      935        0        0
            0        3      720      168       33      909        3      560
           65      704      471     1047      732      203      471      447
          827      270       24     1806     3230     1327     1977      729
         3129     1728     1446     1446     1662     1452     1332      873
          858     2994     2187     1078      492     2865      639     1496
          735     1100      841     3489      963     2024     1600     1500
         1274     3485      993      765     1266      972     1889     2868

Atom Distribution No.   223 at run step   78029:

  Count of atoms assigned to each task:
         2646        0        0       63        3        0        0        0
            0        0        0        0        0        0        0        0
            0        0        0       18        0        0        0        0
            3        3        0        3        0      113        0        0
           54      928       57      474     2625      990       69        0
           15       99       45        3        6        0        0        0
           48      111        0        9        0        0        0       39
            0        0        0        0        0        0        0        0
            0        0        0        0        6        0       57       12
         2739       24       27        0        0        6        0       24
            9        0        3      273        9     1056        3      802
         1161        0     1964     1842      596     1614        6      732
         2567     1817      235     1455     1614     1686      928      922
         2142     1852     1188     3236     2685      735     2010     1848
         1230     1224      432      951      750     1293      944      964
          651      723     1050     2165     2032      657     2019     1830
         1628     3655     1002     2822     1221     1180     1023      882
          823     2073     1143      544      972     1490     1892     1332

Atom Distribution No.   224 at run step   78391:

  Count of atoms assigned to each task:
         2695        9        0        0        0        0        0       12
            0        0        0       11        0        0        0       14
            0        0        0        0        0        0        0       30
            0        9        0       27        0       15        0        6
            0      709      105      897     2620      876        6       42
            3        0       96        3      836        0      515        0
          272        0        0        0        3        0        0        0
            0        3        0        6        0        0      106       72
            0       15        0        0        0        3        0        0
         2681        0        0        0        0      118        0        0
            0        0        0       96        0      108        0       51
          807        0     1089      636      165      172        2       24
          489      519      228     1612     1007      492      828      722
          601      856      636      996     2616      750     1618     2290
         1485     1524     2056     2759     1998     2934     2517     2715
         2355     2386     1796      774     1559     1414      306      648
          918     1594     2265     3284     2600      669     2541     1972
         2786     2544      840     1930     1579      965     1380     1588

Atom Distribution No.   225 at run step   78754:

  Count of atoms assigned to each task:
         4116      393        0        0       12        0        0        0
            0        0        0        0        0        0        0        0
            0      297        0      435     1837      402        9       42
           72        3        6        0     1005      848     1116        0
            3      921       15        0     3922     1520        0        9
            0        0        3       12      192        0        3        0
           96        3        3        0        0        0      102        0
            3        0      264        0       24        0        0        0
            0        0        0        0        0        0        0        0
         3237        0        3        0        6        3        0        0
            0        0        0      168        0       36      231      473
          780      138     1806      481      238       18     1350     1491
         1710      534      597     1089     1167     1428     1792      864
          857     1089      663      792     3690       81      135      291
          519     1704      183     1908     1215      294      849     1356
         1287     2414      693     1639     1362     1128      543      673
          906      617     3273     2522     2812      942     3374     2684
         1814     1570     1329      811     1338     1444     2014      763

Atom Distribution No.   226 at run step   79112:

  Count of atoms assigned to each task:
         3354        3        0        0        0        0        0        0
            0        0        0        0        0        0        0     1097
            0        3        0        0        3        0        0        0
            3        0        6        0        9        0        0       21
           45        3       12       54     3412     1128       30        0
            0        3       12        6        0       39        0        0
            0        0        0       39       29        0       39       51
           15       84        0      189       24      174        0        0
           18      181       51        0        3        0       51        0
         3315      180     1314      144        0       69      123        3
            0      108        0        0        0        0        0        0
          672        0      176     1674      156      920      577      129
         1434      783     1780     2168     1539     1545     1260     1032
         1886      930     1024      908     3287     1977     2094     2976
         2034     1794     1551     1017      669     1900      808      813
          423     1923     1095      740      951     1278      987     2012
         2226      873      743     2645     3162      897     2305     2552
         1531     1082      833      819      873      406     1813     1777

Atom Distribution No.   227 at run step   79473:

  Count of atoms assigned to each task:
         3314        0       24        0      249       12        0        0
            0        0        0        0      180        0        0      282
          108      786        0     1750       42      564        0      168
          624        0       27       72       48      120      129       15
           12        0      243        9     3382      701        6        0
            0      929        3        0        0        0        0        0
            0        3        0        0        0        3        9       69
            0        6        0        0        3       15        0        0
            0       72        0        0        0        0       63        0
         2828     1128     1154       33        0       96      171       12
            0        0       36        0        0        0        0     1290
         2012        0     2325      260      153     1023      708        6
         1354     1223     1386     1060     1807      720      996     1023
         1071      585     1601     1425     3276     1497     1398       72
          813      474     1101      174      222      384      900     1470
         1044     1351     1089     2257     1591      616     2082     1582
          973     2774      738     3072     1999     2082     1699     1980
         1211      863      633     1955      752      591     3073     1590

Atom Distribution No.   228 at run step   79835:

  Count of atoms assigned to each task:
         3095        0        3        0        0        0        0        0
            0        0        0        0        0        0        0        0
            0        0        0        3        0     1911        0        0
            0        0        0        0        3      489        0        0
           18        3        0        0     3238      679        3        0
            0      114        0        0        0        0        0        0
            0        0        0        0        0        0        0        0
            0        9        0        0        0        6       30        0
            0      360       21        3        0        0      144      105
         2665      562      753      456       18      882       12        6
           12      144       18      439      248     1281      510      589
           15     1155      789     1065        0     1500     1191      941
          586     1326     1632      282      147     1371     1799     2007
           15      846     1710     1381     3202      609      639     1554
         1188      783      543     1065      348     1491      897      699
         2253     1482      631     1713     1539     1375     2018     3037
         1543     1967      810     1979      880     1996     1589     1477
         1377     2052      788     2088     1565     2685     1515      939

Atom Distribution No.   229 at run step   80198:

  Count of atoms assigned to each task:
         3683        0        0        0        0        0        0        0
            0        0        0        0        0        0        0        0
            0        0        0        0        0        0       63        0
          294       15        3        0        0       33        3        0
          144        3       24        0     3881     1617        9      478
            3      420       15        0        0     1248        0        3
            0        3        0        0        0        0        0        0
            0        0        0        0        0        0       45      177
            0     1103      105        0      123        0      174        0
         3945      657     1575      159      525       27     2183        0
            0        0       18      768       21      579      258        0
           30       12     1740       36      414     1928      489      182
          460      789      408      180       54      646     1144      972
          867      206      802     1383     3820      897      822     1164
         1560     1746     1551      627     1752     1125     1155     1281
          426     1613      456     1101      755     1840      451      735
          856     1583     1499     1532     2301     1569      911     1157
         2766     1717     2387     2212     1272     2680     2417     2044

Atom Distribution No.   230 at run step   80558:

  Count of atoms assigned to each task:
         2838        0       15        0       18        0        0        0
            0        0        0        0        0        0        0        0
            0        0        0        0        0        0        6        0
            0      158      399        0        0      247      651        0
          222        0      942        0     3003     2007        0       75
            3       12        3        0        6        3        0        0
            3        0        0        0        0        0        0        0
            0        0        6        0        0        0        0        0
            0        3        0        0        0        0      354        0
         3026     1464     1499      318      201        3     1337       42
           24        0       78      628       24        6      801      438
            0        0      162     1706       39      138     1206     1045
          869      468     1185      333      437      690      432      972
         1258      587     1355     1619     3098     2058     1305     2388
          402     1170      738     1404     1851     1893     1677     1601
         1956     1722     1386     1324     1489     1373     1853     2474
          969     2056      775     2029      596      933     2010     1499
          705     2615      690     1774     2123     1340     1635      631

Atom Distribution No.   231 at run step   80918:

  Count of atoms assigned to each task:
         4140      315        0        0        0        0        0        0
            0        0        0        0        0        0        0        0
            0        0        0        0        0       39        0        0
            6      843       60        0        0       30       27       45
            6      306      111        3     4085      645        0        0
            0        0       30        3       18        0      855      132
           12       18      177       60      985        3        0       20
            0        3        0       12       63        0       12        0
            0        0        0        0       18        0       36        0
         3129      642     1149       21        0        0      198        0
           15        0        0       12        0        3      487      153
          156        9      139      207       18      594      945      114
          860      365     1596      588      183      712     1386      513
         2167     1920     1808     1239     3425      417      607     2394
         1377      834      795     2589     2550     1014     1311     1650
         1787     2905     1437     1680      768     2930     1867      368
         1204     1052     2346     1903     2505      639     2468     1071
         1772      798     1017     2008      729     1008     1591     1644

Atom Distribution No.   232 at run step   81276:

  Count of atoms assigned to each task:
         3412        0        3        0        0        0        0        0
            0        0        0        0        0        0        0        0
            0        0        0        0        0        3        0        0
            0      753     1353      270        9      668      153      796
            3       39      321       93     3518     1071       12        0
            3        0        0        0       42        0        0        0
            0        0      665        0       90       15        0      621
           33        0        0        0        0        0        0        0
            3        0        6        3        0        0        0        0
         3595      327     1074        9        3        0        0       28
            0        6        0        0        0        0        3      553
          108        6       60        0     1218      543      815        9
         1639     1096     1507     1203     1044     2129     1545      621
         1374      623     2110     1987     3288      639     1632     1644
         1149     1101     1113      684     1227     1128      582      792
          836     1092     1437     1535     1666     2220     2234     1251
          801      729      503     2595      702      769     1344     2089
         2645     1761      856     2102     2786     1865     1976      940

Atom Distribution No.   233 at run step   81644:

  Count of atoms assigned to each task:
         3331        0        3        0       42        0        0        0
            0        0        0        0        0        0        0        0
            0        3        0        0        0       24        0        0
            0      837        6      189        0       21        0        6
            0        3        3        0     3177      369     1101       48
            0        0        0      108       84        3      191      144
          125        0        0        0        3        0        6        9
            0        0        0        0        0        0        0        0
            0        0        0        0        0        0        0       67
         3285       12     1221        0        3        3        9        9
          183       21       99        0       90       15       12      660
           27        0        3        0       69      462      519        9
         1269     1577     1734     2921     1570     1441     1110      718
         2015     1736      372      963     2770      660     2653     1239
         1956     1677     2241     1284     1644     2613     2677     2658
         1807     2441     2333      404      727     2330      727     3244
          525      791     1977      994      889     2068     1307      781
          920      939      751      369      980     2133     1488     1869

Atom Distribution No.   234 at run step   82002:

  Count of atoms assigned to each task:
         3674        0        3        0       27        0        0        0
            0        0        0        0        0        0        0        0
            0        0        0      120        0      351       12      894
            0      144       51     1244        3        0     2032      213
            0        0        0        0     3824     3084       54        0
            3     1260        0        3        0      207      732        0
          882       46        0        0        6        0       90        0
           54        0       15        0        0        0        0        0
            3      689        0       96        0        0        0        9
         3334       33     1080        0        0       57      706      130
           24      197       12        6       39       32        0      367
           48      340        3      246     1389      174      345        0
         1156     2140     1832     1529      615      675     1416      228
         1477     1017      546     3729     3723       18      447      141
         1623     1582     1221     1038      532     1481      888     1688
         1930     1203     2169     2161     1307     2181      997     1182
         1190      722     2011     1435      363     1138      951     2013
          816     2481      633     1542      754     1527      681      390

Atom Distribution No.   235 at run step   82364:

  Count of atoms assigned to each task:
         2714       60        6        0        0        0        0        0
            0        0        0        0        0        0        0        0
            0        0        0        0        0      891       78       15
            0       69        0     1536        0        0      691        6
            0       24       18        0     2711     1234       36        0
           99       93       15        0      144     1095        0       36
           36        3        0        0       27        3       30      312
           90      129       36      427        3       54        0       43
            3        0        0        0        0        0        0        0
         3356        0      470        0        0        0      285      363
           87        0        0        0      624        0        3      537
           60      235     1210        0      657        0      138     1193
          648     1484      627     1404     1146     2013      694      981
         1303      707      663     1197     3140       33     1363     1533
         1971     1314      705      342     2076     1521     1452      930
          699      366      678     1332      558      501     1875     2778
         3109      952     2217      731     2787      977     2184     2292
         2349     2288     3319     1938     1356     1976     2382       30

Atom Distribution No.   236 at run step   82719:

  Count of atoms assigned to each task:
         3103       18      143        0      465        3        0        0
            0        0        0        0        0        0        0        0
            0        0        0        0        0     1584        3        0
            0       18        6       39        0       27       15       33
            9        0        9        0     3510      951        0        3
            0        0        3        0        0       18        3        3
            0       45        0        0        0        0        6        0
            0       63        0        3        0        0        3        0
            0        0        0        0        0        0        0        0
         2962        3      504      330        0        0        0      132
            3        0        6        0      819      492      616      610
          411      156      585      639      823      120      564      870
         1697     1607     2129      846      750      670     1637     1805
         2147     2124      618     2377     3243      945     1551      624
          594      663     1227      225      519     1188      702      717
         1764     1572      559     2790      757     2100      777     2596
         1001     2415     2384     3215     1724      927     1110     1894
          807      600     2353     2111     2044     2489     1563       18

Atom Distribution No.   237 at run step   83078:

  Count of atoms assigned to each task:
         3409      531       45        0      381      684        0        0
            0        0        0        0        0        0        0        0
           39        0        0        0        0       48        0       39
            0      405        0        9        0        3        0        0
            3        0        0        0     3653      738        6        0
            3        0        0       12        6        0        0      666
          594        0        0      174        0       18       33        0
            0        0        0        0        0       72        0        0
            0        0        0        0        0        0      105        9
         3667      207     2006       18        0        0       90      189
            0        0      132        0        0     2026       39      183
          105       45     1606     1091        3      870      594     1704
            0     1095      558      552     1553     1128      836     1364
          654      408      918     2578     3568      291     1296     1329
         1605      504      651      681     1683     1281     2071     1791
         1208      741      879     2153      765     1020      869      860
         2167     2535     2033      965     1887     1413     1119     3274
         2592     1214     2606     1790      674     1286      384     1817

Atom Distribution No.   238 at run step   83438:

  Count of atoms assigned to each task:
         3012     1909      294        0      774       78        0        0
            0        0        0        0        0        0        0        0
         1504        0        0        0        0      846       81       21
            0        6      887        0        0        3        3        0
            0        0        0        0     2947       33        0       27
            0        0        0        0        0        0        0        6
            0        0        0        0        0        0        0        0
            0        0        0        0       24        0        0        0
            0        0        0        0        0        0      147      176
         3330        9     1044        0        0        0        0        0
           66        0        9        0      366        3       21        0
           81        0     1447      657     1446     1001     1168     1215
         1587      171      135     2220     1765     1150     1329     2288
         1701      645      348     2434     3078      135     1404     1203
          693     2022      981      588      852     1828      753      663
          597     1398      657      696     1548     1374     1777      642
         2313     2718      814     1190     2129      789      942     2123
         2551     2564     2707      602      754      765     2342     2300

Atom Distribution No.   239 at run step   83801:

  Count of atoms assigned to each task:
         2949        0        9        0        3        0        0        0
            0        0        0        0        0        0        0        0
            3        0        0        0        0       86        0        0
            0       21       99       65       84        0     1702       15
           87        0     1212      122     3002      374      237       12
            0        0     1197     1203        0       33      264      314
           52      657        0        0        0        0        0        6
            0        0        0        0        0        0        0        3
            0        0       87      186      195      138       90      102
         3228      189     1629      120      189      147        0      120
          207      309      111      195       96      315      195        0
            0        0        6      501      839      558      975      690
         1118     1686      757      789     1593       15      361     1635
          717      642     1190     1593     3007     1794      861     1644
         1638     1089      675     2142     1755     1533      741      471
         1231     1770      654      529     1086     1618      981     1248
         1052     2494     2420     1339     1780     1185     1102      780
          961     1898     1842     1208      924     3063     2385     2682

Atom Distribution No.   240 at run step   84162:

  Count of atoms assigned to each task:
         3070       60        2        0        0        0        0        0
            0        0        0        0        0        0        0        0
            0        0        0        0        0      122        0        0
            0      359      285        0        0        0     1050       96
            0      132     1477     1136     3260     1703        0        0
            0        0        0      645        0        0        0        0
            0        0       45       15      126        0        0       30
            0        0        6        0       30        3        0        3
            3        0        3        0       12        0      105        0
         3289      201      189      708       78       48        0      575
         1126      453      177        6       18        0        0      567
            0        0        0      906     1256     1356     1166      790
         1194     1406     1157     1203     1482       96      939      420
         1332      936     1764     2505     3336     1035     1458     1146
         1470      705     1734       33      687      252     1365     2314
         1929     1037     1507      956     1973     1076     1630      689
         1653      579      318      862      667     2371      853      973
         1921      827     2473     2817      569     1894     2123     2553

Atom Distribution No.   241 at run step   84524:

  Count of atoms assigned to each task:
         3054      697        0        0        0        0        0        0
            0        0        0        0        0        3        0        0
            0        0        0        0        0      888      810        0
            0      711      105       63        0       25      530      225
            0       21       87       72     3192     1116       42      231
            3       24        0        6        0        0       12        0
            0        0        0       39        0      126       27        6
           15        6       24       36       30        9     1189        0
           39        3       84        0        0       24        3        0
         3203       45        3      837      402        0        0     1631
         1146     1651        0      353        6        0        0      576
            0        0      126      588     1666      490      141      735
         1430      236      810      870       96       45       96      992
          562     1332      135     2401     3225     1962     1878     1731
          234     1728     2121     1188     1923      339     1794     1677
          987     2289      384     2247     2017      426     2357     2131
         1092      963     1560     1022     2052     1365     2723     1025
         1169     1378     1346     1664     1659      923     1170      976

Atom Distribution No.   242 at run step   84883:

  Count of atoms assigned to each task:
         3452       46       24      117       42       12        0        0
            0        0        0        0        0        0        0        0
            0        0        0        0        0      441      204       27
            0     1023       60       24      324     1186      966      120
           33      645      941        0     3549     1085      192       33
            0       66      174        0        6      165        0        0
            0        0        0        0        0        0        0        3
          102        0        0        0        0        0        0        0
            0        0        0        0        0        0        0        0
         3039        0        0        6     1132        0        0      673
          429     1212        0       45        3        0        0     1082
           18        6       36       78     2287      563      640       33
         1359      754     1070      690     1176      923     1331      936
          147      759     1494      255     3712     1056     1104      921
          447     1920      498     1041      486     1836     1389     2076
         1680     1716     1436     1436      873     1415     2337     1804
         2144     1836     2247      946      953     2154     3124     1148
         1440     1092     2183     1279      782      626     1755      776

Atom Distribution No.   243 at run step   85241:

  Count of atoms assigned to each task:
         3380      988       33      192     1260        0        0        0
            0        0        0        0        0        0        0        0
            0        0        0        0        0      268      147       63
            0      320       45        6        9      252      228        3
            0        0        0        0     3618      924        0        0
            0        0        3        0        0      681        0        0
            0       39        0        0        0        3        0        0
            0        3       36        0        0        0        0        0
            0        3        0        0        0        0        0        5
         3659      118        0       51     1032        6        0      633
            3      955      952       24       24     1101        0      751
           30      150     1751      207      219      402      799        0
           81      940      768      708      396      144     1489      555
         1118     2181     2861     1002     3606     1719      759      735
         1788     1647     2211      933     1902     1611     1219      252
          573      669     1819     2767      652     1150     2185     1418
         1993      907     1937      815      360     1551     1742     2495
         1131     1187     2877     1062     1825     1198     1986      606

Atom Distribution No.   244 at run step   85593:

  Count of atoms assigned to each task:
         3335       48      198       12      495       36        0        0
            0        0        0        0        0        0        0      171
           39        0        0        0        0      300        6        3
          783       75        0        0      102       15       39      153
           54        6        0       30     3415     2215        0        0
           33      270        6        0        0      162        0        0
            0        0        0        3        0        3        0        0
            0        0        0        0        0        0        0        0
            0      126       24       27      566        0        6        0
         3477        6       36        3       84        3        3       39
           36       69      462        0       99     1185      859      246
            0        0      333       57     1308      399      595        0
         1134     1239      895     1746      165     1570     1343      897
         2307     2611     1728     2681     3144     2178      705     2337
         2241      858      385     1389     2219     2312      768      441
         2064     1869     1771     1964     1287      918     1819     3050
         1062     1223      711     1658     2726      826     1011      345
          922      586     1011     1375      694      999      999      668

Atom Distribution No.   245 at run step   85951:

  Count of atoms assigned to each task:
         3090       12     1569      879      252        0        0        0
            0        0        0        0        0        0        0      108
          355        0        0        0        0        0       46        0
         1359        0        3        0        9        0     1436      538
            0        0        8        0     3361     1306        0       15
            0        0        0        0        0        0        0        3
            0        0        0        0        0        0        0        0
            0        0        0        0        0        0        0        0
            0       63        0        0       18        0       15        0
         2915       84      390      555      601        0       36      133
          619       24     1050      126        3      255     2018      279
          309        0        3        0      627      192      664        6
          908      525      990        9        9     1208      319     1452
          414        9     1579     1326     2969     1143      605      345
         1548     1554     1401     1662      939      990     1650     1347
          831      840      633      336      522      720     1635     1782
         1922     1975     2429     2097     2701      758     2856     2294
         1165     2787      600     2660     1509     1926     2754     2939

Atom Distribution No.   246 at run step   86314:

  Count of atoms assigned to each task:
         3034        0        9        9      259        0        0        0
            0        0        0        0        0        0        0       24
            0        0        0        0        0        0        0        0
          112        3       46        0        0        0      165        0
            0       81        0        0     3357       42       12       15
            3       87        0        0       12        0        0        0
            0        0        0        0        0        0        0        0
            0        0        0        0        9        0        3        0
            0        0        0        0        0       18        3        0
         2864        0       66      492      495      699        0      219
          147        9     1200      924      603       54      651     1468
          594      714      710     1790      633     1188      609     1113
         1770     1707     1043      612      828      738      839      779
          597      381      762     1401     3072        3     1641      174
         1773     1545      102     1545     1620     1866      699     1728
         2025     1687     1623     2268     1839      719     2107      777
         2217     2820     2580     1402     1808     2623     2193      945
          679      723     1694     2299     2110      885      724      389

Atom Distribution No.   247 at run step   86673:

  Count of atoms assigned to each task:
         4032        0       81      984       54        0        0        0
            0        0        0        0        0        0        0        3
            0        0        3        0        0      801     1616        0
           42      690      731        0        0        0      845       31
            0        3        0        0     3996      204        0        0
            0        0        0        0        0        0        0        0
            0        0        0        0        0      147      255        0
            0        0        3        0        0        0     1056        0
           15        0        9        9      102        0       36      199
         3676      975      201     1743        9      240        3       21
            0        0        0      624     1074       18      854     1179
          498        6     1002      669      610      972     1842      990
         1134      513      778      888     1134       21      426      833
          927      303     1983     1125     3303       12      216      495
            0      195      186     1005     1410     2505     1245     1731
         1299     1587     1232     1896     2102     2617     1486     2439
          409      346      654     1973     2079      633     1255      869
         1125     2075      937     2465     2521      923     1065     1398

Atom Distribution No.   248 at run step   87031:

  Count of atoms assigned to each task:
         2692       24        9      109       12        0        0        0
            0        0        0        0        0        0        0        0
            0        0       12        0        0       18        3        0
            0        0      437        0       42        0      610        0
            0        0       36        0     2734      210        3      126
            0        0        0      198        0        0        0       96
            0        0        0        0        0        0        3        0
            0        0        9       87       15       57        3      420
           12       75      240      720        0       87      363        6
         2720        0      474      584        0        0        0        0
            0      138        0      159      750       36      201      423
           90        0      813      592      801     1798      721     1776
         1881      330      663     1381     2316      203     1907      609
         2368     1440     3092     2161     2663      627      504     2466
         1011     1890      654     2151      633     2400      774      774
          366     1450     1868     2111      798     1739      758      778
         2831     1389      661      687     1405     1739     2313      657
          649     2616     1134     2819     1719     1735      486     1756

Atom Distribution No.   249 at run step   87392:

  Count of atoms assigned to each task:
         4198      735      612        6        3        0        0        0
            0        0        0        0        0        0        0        0
            0        0      958      120        0      237     1284      108
            0       12     2156      105        0       12        3        0
            3        0        0        0     4195      909        0        0
            0        0        0       75       27        0        0        0
            0        0        0        0        0        0        0        0
            0        0        3        0        0        0        0        3
            0        0        3        0        0        0      159        0
         4206        0       75     2197      233       87        0       48
           18       18      108      171       57       66       15     1473
            0      784      234     1003        0      930      975      926
          357     1227      811      640       93        0      648      417
           36      384     1027     1022     4106      234     1092      522
         1530      186      513     1242     1617     1038     1986      873
         1596     1908     1443     2333     2015      787     1002     1392
         1616     2781     1576     1120      722     1096     2236      889
         1606     3019      837     3623     1775     2338      918     1127

Atom Distribution No.   250 at run step   87756:

  Count of atoms assigned to each task:
         3229        0        0        6        0        0        0        0
            0        0        0        0        0        0        0        0
            0        0        3        0        0      612        6        3
            0        0        0        0        0      102       27        0
           51     1284      567        0     3594     1385      672        0
           12      837      588       27      118       24       79        0
            0        0      102        0        0       84      648        0
            0        0        0        0        0        3        0        0
            0        0      150        0        0       18      165       18
         3322        0      678      693      255       63      246        3
            0       36      741        0      249      633       30      697
            0        9      711      540        0      501      594      722
         1078      603      903      363        0       84      828     1594
           54      525     1618     1401     3143     2474     1848     1908
         1635     1929     1578     2160      804     2418     2757      946
         1978     2000      725     1848     1047      945      659     1812
          705      663      903     2418     1465      772     1926      939
         1845      551     2245     1032      707     2375     2370     1188

Atom Distribution No.   251 at run step   88121:

  Count of atoms assigned to each task:
         3163      735        0      933      351        0        0        0
            0        0        0        0        0        0        0        0
            0        0        0        0        0      697        0        0
            0      134       79      169        0     1104        0        0
          165      630       36        0     3343     2909      177        9
           96      102        0        0        0        0        0        0
            3        0        0        0        0        0       36       21
            0       30        0        0        6        0       30        0
            0        3        0        0        0        0       39       15
         3301        0      790     1565        0        0       84      303
            3        0      662      200      228     1160        0     1683
          573     1159      852     1794        0      942      468      147
         1199     1275      636     1451        0        6       36      861
          927      534       27     2174     3243     1011      162      348
         1566      636      276      903     1671     1500      813      591
          666      618     1292      355      699     1729      699     1413
         2378     1039      699     1552     1716     2594      739     2535
         2013     1979     2159     2562     1607     2934     1677     2477

Atom Distribution No.   252 at run step   88481:

  Count of atoms assigned to each task:
         2700      677        0        0     2618      267        0        3
            0        0        0        0        0        0        0        0
            0        0        0        0        0     1595        0        0
            0      108       18        3        0       33        0        0
            0      282       78        0     2771        0       18        0
            0        0        0        0        0      219        6        0
            0       15       63        0        0      111      189       54
            9      207        0      189        0        0        0        9
            0       18        0        0        0       21        0       18
         2720      135     1210      870        0        0        0       21
           93        0      720        0        9       15      120      438
           12     1826        9      693     1833      423     1668      650
          539     1926      106     1334        3     1952      814      768
          609     1932       81     1236     2686      852      618      645
         1485     1845      663      819     1389     1329      582      693
         1695      702      729      657     1932     2004      794     2044
         2375     2213     1556      729      898     2334     1934     2260
          339     2872      819     1960     1226     3680     2372     2112

Atom Distribution No.   253 at run step   88835:

  Count of atoms assigned to each task:
         3143        0        0        0        0        0        0        0
            0        0        0        0        0        0        0        0
           81        0        0       57      109      844        9      828
           96        3      942      921        0      168       45       12
          153        0       57       12     2822      579        0        0
            0        0        0        0        3        0        0        0
            0        0        0        0        0        0        0        0
            0        0        6        3        0       75        0        0
            0        0        0        0        3        3      501        0
         3394        0     2375      276        0        0        0        3
            0        0     1324        0       36        0        0     1345
            3        6       87     1678     1869     1281      782     2087
         1316     1547     1131      834     1977      381      709      381
         1803      504      632     2453     2943      732      150     1077
          906      177      393     1122      417     1716     1029     1197
          735     2361      768     1506     2465      851     1889     1470
         1626      953     2352      969      788     2598     1843     1676
         1071     1858      917     2294     1715     2253     1293     1107

Atom Distribution No.   254 at run step   89191:

  Count of atoms assigned to each task:
         3289      100        0      162        2        0        0        0
            0        0        0        0        0        0       15        0
            0        0        0        9        0        0        0        6
           48        0       21       24       12       54       39       27
           12        9      606       12     3311     1035        0        0
            0        0        0        0        0        0        0        0
            0        3        9        0        0       54        0        6
           63       18        0        0        3        0        0        6
            0        0        0        0      132        0      144        0
         3678      172      770        0       63       12        3        0
            0        0      135        0        0        0        0        0
            0        0        0      111      570     1761     1248      849
         1278     1936     1932     1291     1831     1914     1441     1356
         2413     1940     1632      864     3581     1884     1347      933
         2271     1518      621     1098      627     1197     1260     1272
         1743      825     2547     2468     2294     1876     2249     1012
         1253     2276     2274     1055      834     2613     1043      744
          739      634      859      735     1218      355     1421     1799

Atom Distribution No.   255 at run step   89550:

  Count of atoms assigned to each task:
         3932      222        3        0       51        0        0        0
         1092        0        0        0      727       27        0        0
            0        0        0        0     1693      240      306        0
            3        6      117        0       69        0        0        0
          153        0      546        0     3800     1321       24        0
            0      225        0        0        0        0        0        0
            0        0        6        0       12        0       12        0
            0        0        0       12        0        0        0        0
            0        0        0        0        0      129        3       66
         4140      192      828        0        0      144     1620        3
          334     1145     1614        0        0        0      159      135
         1481      453     1907     2455     1754     2007     3530      909
         1845      833      708     1359      726      261     1368       90
          876      123      843     1719     3330      696      673      562
          252      729      435      666     1073     1175      174     1240
         1015      453      297       90     1001     1483     2232     1668
          363     1569      981      651     1083     2994     1617      882
          733      955     1405     1262     1066     2723     2196      824

Atom Distribution No.   256 at run step   89911:

  Count of atoms assigned to each task:
         3032        0        0        0      746        0        0        0
          918        0        0        0        0        0        0        0
            0        0        0        0      453        3      294        0
            0        0        0        3        0        0        0      456
            0      700        0     1112     3112      942        9        0
          183        0        0        0       27       99        0        0
            0        0        0        0        0        0        0        0
            0        0        0        0        0        0        0        0
            0        0       15       18        0       84      114       39
         3334       75     2165        0        3        0     1057       48
         1801     1962      648        0        0        3       21        6
         1506     1122     1767      222     1457      555     1398      150
           99       15       20       33        0      296     1140      789
         1107     1447     1311     1489     3249      486     1509      762
         1362     1863      804     1410      903      585      708     2005
         2005     1273      765     1832     2145     2431      353     2754
         1803     2567     1618     1384      782     1706      695      702
         1009      803      877     1032     2807     2285     1770      457

Atom Distribution No.   257 at run step   90267:

  Count of atoms assigned to each task:
         3469        0        0        0       15        0        0        0
            0        0        0        0        0        0        0       18
            0        0        0        0       18        3       30        0
            6        0        0        0        0        9        0        3
            0      279       39        9     3762      120        0        0
            3        0      147       24      177      162       96      159
           69        3      684       12        6       21       12      685
            9        0        0        0        0        3        6        0
            0        0        0       12        0        6        0        0
         3679        6      759       45       12        0      117        3
          699      117     1522        0        0        0        6      108
          726     1995      825        0     1110      315     1109      231
          918     1522      719      240        0      168     1023     1963
          717      453      444     1848     3635     1601      532      135
          702     1551     1257       15      864      987     1281      954
          633     1908     1935      876     2016     2969      989     1592
          790     2784      841     1119     2173     1848     1080     2516
         3437     1468     3083     3710      853     2580      702     2015

Atom Distribution No.   258 at run step   90625:

  Count of atoms assigned to each task:
         3148        0        0        0        0        0        0        0
            0        0        0        0        0        0       87        0
            0        0       10        0        0        0       54        0
            0      114     1877       99        0      129      192        0
            0     2396      753        0     3152        0      246      267
            0        0       12        0        0        0        0        6
            0        0        3        0        0       45        0        3
            0       77        0        0        0        0        0        6
            0        0        0       45        0        0      115      979
         3384      192     1616     1264        0        6      231      582
         1726      219      390      693       36        0       63        3
         1373      132     2582      166     1554     1311     1718      111
         1284     1344     1674     1396      228     1986     1260      129
          798      777     1380     1848     3225     1635      537     1218
          168     1911     1455      936      589     1693     2120     1300
          755     1390      972     1000      642      842     1377     1993
         1548      737      736     1470     1200     2135     1661      378
          618      602     2664      940      456     1305      870      557

Atom Distribution No.   259 at run step   90986:

  Count of atoms assigned to each task:
         3446      589        0        0      957        0        0        0
            0        0        0        0        0        0      864        0
            0        0      121        0        0        0        3        0
            0      358      960       18        0      132       81        0
            0        9       36        0     3072     1119      645        9
           12       36        3        0      139      379       91        0
          217       12       99       21      108        3        0      108
            0        9        3        0        0        0        0        0
            0      243        0        0        0       42        0      240
         3179      423      414      686        0        0      533       51
          447        0     1161      171      102      135       90       12
         1244       15     1575        0     1686      657      903       81
         1347     1232     1230      363        8        6     1083       12
            3       36      150      987     3052     1226     1174      678
          606     1551     1704     2025     2130     2703     1995      135
         2078      739     1794      905     1819     1560     1506     2095
         3031     2425     1914      837      828      745     1212     1351
         1761     1988     2318     1287     1419     1377     1995      737

Atom Distribution No.   260 at run step   91358:

  Count of atoms assigned to each task:
         3468      198        0      141      114        0        0        0
            0        0        0        0        0        0      177        0
            0        0        0        0        0        0        0        0
            0      969      835       18        0     1103        0      135
            0        0        6        6     3799     1296      973        0
            0        6       12        0        0       54       78        3
          603        9        0        0        0      981      261        0
            3      195        0        0        0       12        3        0
          141        6        0        0        6        0        0        0
         3771       54      543      402        0        3       81        0
            0       42     1285       82        6        9        3        3
            9        3     1232      327     2384      813      522      102
          468     1336     1969      429        0        6      715      365
           48      312     1017      720     3765      974     1356     1407
         2301     2169      477     1773     1668     1743     1464      675
         2023     1847     1501     1071     3354      420     1923     2798
         1470     2074      879     1028     1011      936     1241      820
         1119      683      804     2722      978     1089     2834     1837

Atom Distribution No.   261 at run step   91721:

  Count of atoms assigned to each task:
         2679       30        0        0        0        0        0        0
            0        0        0        0        0        0        0        0
            0        0        0        0        0        0        0        0
            0        9        6      178      126        6        0       53
          160      101      141      297     2669     1019       75        0
           18       30        0      156        0        9        0       66
           12        0        0        0        0        0      111        0
            3       18        0        0        3        0        0        0
            0        0        3        0       36        3        6        3
         2807        6      429     1224        6        0        6        0
            0       83      231        3      125        0       40      102
          121        0     1347      174      615      135       21      306
         1252     2009     1614     2322     1281     1396     1618     1676
         2384     1719     1656     1230     2788     1779      915     2421
         1212     1653      807      855      675      606     1473     1920
          726      489      896      889     1917     2288      889     2516
         2808      856     2398      760      692      990     2321      712
         2555     2364      932     2560     2464     1848     1410     1558

Atom Distribution No.   262 at run step   92076:

  Count of atoms assigned to each task:
         3872        9        0       45        0        0       12        0
            0        0      618        0        0        0      336        0
          936        0       61        0        0       27        0        0
          375        0      450        0      447        0        0        0
          204        0      789        0     3773      907        3        0
            0        0       33        0        3       10        0        3
            3        0        9        0        6        3      582      363
            0        0        9        0        0        0        0        0
            0        0        0        0        0        0        0        0
         3594       21      603        9        0        6        0        0
          799        0       24        0        3        0        0        0
            0        0      628        3      858        0      981      395
         1159     1356     1373     1397     1247     1034      618     1663
          626      578      732     2441     3676      891     1392      774
          702      792     2256     1308      951     1356     1428     2331
         2206      372      699     2154      543     2409      953      965
          864     2000     1670     2668     2229     1854     1971      794
         2080     1673      396     2642     1836     2458      558     1019

Atom Distribution No.   263 at run step   92435:

  Count of atoms assigned to each task:
         3213       36        6        0        6        0        0        0
            0        0        0        0        0        0       19        0
           32        0        0        0        0       12        0        0
           66        0        3        3       27       46        0      342
          342       72       39        0     3119      909        6        0
            0       93        0        0        0        0        0        0
            0        0       18        0        0        3      573      735
            0       15       18      112        0       48        0       12
            0        6        0        0        0        6        0      177
         2931        0      186        6        0        0        0        0
          669        0       12       39        6        3        0        0
            0        0      699      414     1301     2320     1980     1418
         1857     1691     1752     1330      782     1746     1725     1443
          648     1246      636     2582     3042      600     1476     1395
         2331     1830      936     1617     1158     1623     1653     1526
         1336     1042      590     1361      719     2808      722     1229
         1767      697      840      711     1932     2293      756     1226
         1885      865     1775     2260     1434     2014     1416      505

Atom Distribution No.   264 at run step   92799:

  Count of atoms assigned to each task:
         3261        0        0        0        3        0        0        0
            0      156        0        0        0      784        0        0
            0        0        0        0        0        0        0        0
            0        0      117     1573        0        6        0     1420
            0        0        0        0     3074       51        0        3
            0       39        0        0        0        0        0        0
          105        0        0        0        0        0       21       81
            3        0        0       69        0        0       81       21
            0        0       30        0        0       15        0        0
         3573        9       30        0        0        0      261       12
            0        0        0        0        0        0      183      138
            0      222      281     2052      180      261     1117     1728
          225       15      848     2513     1572     1776      747     1947
            6     1227     1564     1509     3289      836      678     1290
         2868      780     1932      894      753     1740      324     1554
         2511     3915      490     2349      922      807     1750      808
          776     2882      720     2682      669     2274     2584     1113
         1146     1268     3569      837     1158      901     2397      531

Atom Distribution No.   265 at run step   93158:

  Count of atoms assigned to each task:
         3359       66        0       21        4        0        0        0
            0       69        0        0        0       18        0        0
            0        0        3       45        6        0        0        3
            0        0        0      546        0        0        0       12
            3        0        0        0     3246       93        0        0
            0        0        0        0        0        0        0        3
            0        0        0        0        0        0        0        3
            0       93        0       75        0        3       33        0
            0        0        9        0        9        0        3        0
         3458        0      453        3        0        0        3        0
            0       27       15        0        0        0        0      261
            0      393      136      506       57       27       21      627
           51        0     2000     1401     1978     1635      705     2422
         1802      715     1095     2176     3114     1647     2083     2024
         1842     1353     2175     1863     1056     2085     1803      681
         1872      705      792     2377      862     2263      788     2695
         1277     2913     1270     2669     3135     2778     2040      906
          967     1364     1169     1721     1819      325      756     2025

Atom Distribution No.   266 at run step   93524:

  Count of atoms assigned to each task:
         3552        0      234        0        0        0        0        0
            0       30        0        0        0      126        0       39
           84        0        0     1212        0       57      126      168
            0      231      247      692        9        0        3        6
            0        0      846        0     3539     1287        0        0
            0        3        0        0        0        0        0        0
            0        0        0        0        0        0        0        0
            0        0        0        0        0        0        3        0
            0        0        0        0        0        0        0        0
         3500        0     1347        9        0        0        0        0
            0        0        0        0        0        0        0      723
            0      165     1066     1326     1426     1457      855      264
           36      984      164     1495      858      539      908      600
          837     1420      687     2539     3536     1599      825     1563
          390      618      396     1026     1212     1329     2214     1728
          549      588      717     2027     1221     1183     1928     2253
          813     2582     1096     2861     3615     2009     2442     1030
         1041     1958     1146     2622     1380      909     1756     1045

Atom Distribution No.   267 at run step   93887:

  Count of atoms assigned to each task:
         2535        0      948        0        0        0        0        0
            0      468        0        0        0     1281        0        0
            3        0        0        0        0        0        0        0
            0       48       48        0        6      165        0        9
           18       72        0        6     2740      597       48        0
           39       12        9        0      252      106        0        0
            0        0        0        0        0        0        0        0
            0        0        0        0        0        0        0        0
            0        0        0        0        0        0        0        0
         2486        0       84        0        0      123        0        0
           12       72        0        6      816      177        0       24
            0      183      108     1311      327      879      138      972
          504     1518     1264     2560      366      687      750     2934
         2259     1737     1523     3052     2350      749     2025      813
         1740      606     1869     1485     1092     3382     2022     2218
          630     1660     2065      696      743     1000     2097     1730
          842     2480     1820     1200     3823      791     1131      336
         1825     1840      869     1999      717     1481     2001      497

Atom Distribution No.   268 at run step   94242:

  Count of atoms assigned to each task:
         4095      432      726      147     1161        0        0        0
            0     2370        0     1346        0       75        0        3
          318      438        0      210      186        0        0     1436
          133     1236        3      204        3       96        0        0
            0        0        0       27     3917     1864       69        0
           54        0      939        0      210        0        0      147
           42        0        0        0        0       24        3        0
            0      143        0        0        0        0        0       36
           12        0        0        0        3        0        0        0
         4372        0       12        0        0      138        0      117
            0       48        0      150       36       12     2051      144
          201      216      135     1029      510      306      141      610
           27      271        3      660      417        0      633      345
          589      417      888     1203     4165     1008      513      102
          618      546     1569      612      201     3081     1590     2008
          495     2529     1953     1351     1528      929     2162      924
          946     1824     1168     1424     1698     1461     1013     2964
         1844     2293     1482     1065     1171     1131     1127     2622

Atom Distribution No.   269 at run step   94612:

  Count of atoms assigned to each task:
         2117      309     1762      123       27        0        0        0
            0      153        0      120        0        0        0        0
            0        0        0        0        0        0        0      225
            0      396        0        0        0        0        0        0
          243     1656     2289        0     2098     1998      132     1488
            0        0     1548        3        3      966     2279       78
           12        3      987        0       87       69      914        3
            9        6       21        0        0        9        9        6
            0        0        0        0        0        0        0        0
         2220       12        0        0        0      126        0        0
            0        3        6        0        0        0      732      403
           24       96       24      586       45       78       21     1218
          645     1503      372      651     1328     1324     1062      653
         1513      906      978      968     2094     1431     1467     1695
         1167      513     1263     1815      945     1731     1525      669
         1674     1446     2096     1887      768      705      768      549
          652     2356      861     1181     2583      832      778     2152
         2622     2081      948     1546     2520     2558      708      675

Atom Distribution No.   270 at run step   94970:

  Count of atoms assigned to each task:
         3320        3        3        0       90       24        0        0
            0        0        0        0        0        0        0        0
            0        0        0        0        0        0        0        0
            0        0        0        0        0        0        0     1158
            0      486        3        0     3778      789      119     1438
          342        3      345       84       15        6       33        0
           27      138        0        3       21      105      747        0
            0      108        0        0        0       90        0        0
            0        0        0        0        3        6        0       87
         3800       21        3        0        0      126        0        0
            0       24       15        0        0      117       42      687
            0       42        0      509        0       93       99     1949
         1032      675      162      603     1921      913     1647      717
         2146     1631     1788      971     3756     1011     2094     1899
         1968      855     2238     2010      537      825     1179     2138
          702     1278      722      969     1943      825     2323     1120
         1023     2076     1064     1035     2060     3087     2810     2026
          426      996      858     1030     1759     1871     1463     1823

Atom Distribution No.   271 at run step   95332:

  Count of atoms assigned to each task:
         3725        0        0        0       72        0        0        0
            0        0        0        0        0        0        0        0
            0        0        0        0        0        0        0        0
            6      453       15        6        0       21        0      171
            0      198       54        0     3561      872        0      304
            0        0       33        0        0        0        0        0
          199      107        0       54        0       40       75        3
            0        0      726      177       18       15        0        0
            0        0        0      183        0        0        0      267
         3946      408      572        0        0       12        0        0
           21        0        0       45       51       42        0     1701
            0       75       72     1237        0       81       90     1851
         1951        3      138      693     1492      751     2305     1467
         1360     1680      810     1004     3651     1356     1092     1356
         2007     2304     1887      564      342     1407     1332     2097
         1480      666      882     2495     1847      721      801     1056
         2421     1716     1239     2076     1749     1927     1899     1922
         1450     1183     1293     1146     3024     1641      726      938

Atom Distribution No.   272 at run step   95700:

  Count of atoms assigned to each task:
         3237        3        3        0        0        0        0        0
            0        0        0        0        0        0        0        0
            0        0        0        0        0        0        0        0
            2       36        0       78       54      115      492      318
            3      450        0        0     2740     2372       45        0
            0      129        0       36        0        0        0       48
           12        0        0        0        3       93        3        0
            0       33        3      219        0        0        0        0
            0        0        0        0        0        0        0        0
         3390      243     1119       48        0        0        0       36
           78        0        0        0        9        0      162      928
            0       54     1344     2200     1305       81     1454     2093
         1562     1362     1476     1656     1767      708     1568      648
          546     1605     1976     3339     3129      747      597     1587
          669     1722     1245      975      222      990     1161     2422
          621      588     1463     2965      581      694      778     1399
         2502     1103      896      288     2797     2765      918     1934
         1896      651     2443     1250      752      354      585     1933

Atom Distribution No.   273 at run step   96063:

  Count of atoms assigned to each task:
         3001      231        0      117       99        0        0        0
            0        0        0       15        0        0        0        0
            0        0        0        3        0        0        0     1208
            0       45        0     1305       72     1419       12       24
            6        0        3        0     3093      174        6       30
            0       21        0        3       18        0        0        0
            0        0        0        0        0        0        0        0
            0        0        0        0        0      108        0        0
            0        0        0        3       63        0        0        0
         2727      426      612        6        0      387       33        3
          511      440        0        0       18       78      585      789
           15       51        3      555      147        0      353        0
          364      588     1092     1942      963      330     2134      126
         1620     2138     1944     1965     3491     1763     1335     1140
          726      738     2262      732     1119      354     1689      507
         1332     1029     1524     1837     1929      613     1775     2301
         2588      726      595     2192     2064     2369     1806      698
         2616     1518     1772     2132     2701      501     1434     2974

Atom Distribution No.   274 at run step   96427:

  Count of atoms assigned to each task:
         2923        0        0        3        0        0        0        0
            0        0        0        0        0        0        0        0
            0        0       18        0        0        9        0        3
           57        3     1145      687        3        3        3       12
            3        0        0        0     2847      486        0        0
            0        0        0        0        0        0        0        0
            0        0        0        0        0        0        0        0
            0        0        0        0        0        0        0        0
            0        0        3        0        0        0        0        0
         3254      919      825       63        3     1119        0        6
          102      153       90      306        0        0      844     1175
          786      871      550     1320      975      597      544     1338
          576     1487     1872      908      669       24     1659      905
         1843     1099     2047      972     2723     1800     1347     1515
         2106     1395     1179     1188     1050      942     1101     2246
         1523     1506     1467     1240     1845     1919      824     1650
         1086     2902     3002     1092      847      996      852     1587
         1343      621     1942     2079     1322      579     1446      535

Atom Distribution No.   275 at run step   96787:

  Count of atoms assigned to each task:
         2952       54     1522       27     1452        0        0        0
            0        0        0        0        0        0        0        0
            0        0        0        0        0     2207        0        0
         1117        0      862      882       36       12      174      435
           66       66        0     1066     3607     2098        3        0
            0       30        0        0        0       58        0        0
            0        3        0        0        0        0        0        0
            3        0        0        0        0        0        0        0
            0        0        0        0        0        0       12        0
         3043      853       70        3        0     1320       12        0
            0       18      180        0        0        0       21        0
          773      435      509      408       90      420     1394       69
         1168       60      972       15      507       12       81      414
          310      391        6     1283     2817      276     1026      831
          250     1728     1686      882     1077      909     2571     2304
         1446     1335     1569     2497      369     1648      996      739
         1304     3435     2075     1122     2952     1195      960     2495
          778      716     2207     3994     1320      674     2644     2498

Atom Distribution No.   276 at run step   97150:

  Count of atoms assigned to each task:
         2650       18       33        0      102        0        0        0
            0        0        0        0        0        0        0       26
            0        0        0        0        0      354        0        0
          254        0        0        0        0        0        3        0
            0     1587      111      525     2607      558       54        9
            0       18        3       51        3        0        0        0
          102       48        3        3        0        9        0        0
            0        0        0        0        0        3       24        9
           42        0        6        6        3        0       34        0
         2752     1082       54        0        0        3        0        0
            0        0        0        0        0        0        0      174
          321      363      162      534      387     1169     1512      606
         1638     1509      908     1491     1201     1348      597      762
         1507     1872      641     2667     2640     2467     1875      618
         1890      729     2259     1755     1926     2694     1272     2297
         1716     1867     1594     1368      672      385     1949     2159
         1022     1667      793      369     2090     2118      996     2180
         2428      621     2134      861      768     1151     1860     1198

Atom Distribution No.   277 at run step   97518:

  Count of atoms assigned to each task:
         3746        0        0        0        0        0        0        0
            0        0        0        0        0        0        0        0
            3        3        0        6       63     2373        0       21
         1001        0      153        0       39        0       30      147
           12     1707        0       33     3880      615       30        0
            0        0        0        0        0        0        0        0
            0     2207        0        0        0        0      130        0
            0        0       18        0        0        0        3        0
            0        3        0        0        0        0        3        0
         2946      491      246        0        0       51      189     1227
           21       36      141      111       24       30        0      247
           33       63       69      537     1080     1351     1941       12
          216        6       48      522      168     1849     1744     1205
          357      507      177     2251     3506     1029      771     1122
         1023     1050     1578     1962      849      822      756     1389
          741     1764      783     1503      501     2430      697     2729
         2268     3283      761     1121     2774     1242     2354     1710
         2220     2549     2389      834      815     1205     1485      769

Atom Distribution No.   278 at run step   97881:

  Count of atoms assigned to each task:
         2320     1452      957        3        6        0        0        0
            0        0        0        0        0        0        0        0
            0        0        0        0        0      123        0        0
           30      537       24        0       66        0        0      123
           27      420        0      114     2643      183        0        0
           63        5        0        0      132        3        0        3
           63        5        0       18        0        0        8        0
            2       57        0        0       21        0        0        0
            0        0       21        0      130        0        0        0
         2543      417      177        0        0        3        3      112
            0      131      526      201        0        0        0      531
           18      726        0     1506     1662      418     1113     1572
         1338     1461      261     1904      816      480     1340     1290
         1311     1665     1767      627     1977     1566      957      588
         1611     1581      588     1761     1893     1299     1521     2436
         1975     1353      726     2019     2103     1375     2070     2670
          632     1732     1936      707     1873      824     1634     1658
         1624     1858     2545      755     1317     1728     1945      591

Atom Distribution No.   279 at run step   98239:

  Count of atoms assigned to each task:
         3859        6       36        0       12        0        0        0
          111      201        0        0        0        0        0        0
          390      138        0        0        0       69        0        3
         1216       18        0      105        0        0        0      122
            0      166        0      457     3864      768       60        0
            0        0        0        0        0        0        0        0
            0        0        0        0        0        0        0        0
            6        0        0        0        6        0        0        0
            6        0        3        0        3      285        0        0
         2943      102      201        0        0       51        0        3
            0        0       45        0        0       12        0        0
            0      617        0       10     1037     1808      563     1923
         1865      285      132     1218      575      453     1586     1031
          264      196     1486     1092     3900      699     1761     2085
          756     1662      882      681     1851      678     2709     1128
         2265     3114     2228      898      372      669      964     1804
         1188     2525     2138     2846     2822     1156     2683     2273
          920     1544     1715     2115     1614     1617      744      492

Atom Distribution No.   280 at run step   98598:

  Count of atoms assigned to each task:
         2625      143        0        0        0        0        0        0
            0        6        0        0        0        0        0        0
            0        0        0     1016       27       81        0      195
          372      666        0      600      129     1653      114        0
          207      912        6        0     2639     1358      183        3
            0        3      840        0        0        0        0        0
            0      186        9        0        0        0        0        0
            0        0        0        0        0        0        0        0
            0        0        0        0        0        0        3        0
         2499     1266        3        0      108        0        0        0
            0        0      640     1916       75        3     1301      828
         1263     1618      465      546     1722      750     1957      168
          348     1005      870     1518     1410     1494     1411     1407
          915      648     1386     1356     2694      663      564     1578
         1395     1260      645     1165     1500      678     1038      691
          738     1848     1526      797      647     2191      634     1947
         2200     1715     1535     2386     1575      777      333      324
         2123     1809      370      891     1278     2393     1623      503

Atom Distribution No.   281 at run step   98957:

  Count of atoms assigned to each task:
         3627      534      297        0     1711        0        0        0
            0        0        0        0        0        0        0        0
            0        0        0     3124        0        2        0        3
            0      854        0      237     1872      418        0        0
            0        0        8        0     3674      399       54        0
            0        0        3        0        0       12        0        3
            0       18        3      342       12        0        0        0
           60        0        0       33        0        0        0        0
            0        0        0        0        0        0        0        0
         3157      174        0       21        0        0       87        0
            0      156      117      690       12      522        0      321
          362      576     2295     1226      390     1284      281     1150
          252       15       21     1657       28      606     1143      729
          435      406      192     1308     3303      573     1836     1767
          891       78     2208     1674     2823      570     1629     1677
         1913     2375      709     2087      363      832     2253     2115
         1053     1863      385     1674      968     2459      754     2965
         1144     2046      959      869     2073      863     1029     1213

Atom Distribution No.   282 at run step   99315:

  Count of atoms assigned to each task:
         2737     1171     1464      288        0        0        0        0
            0        0        0        0        0        0        0        0
            0        0        0      474        0        0        0        0
            0       42       66       57      108     1451     1416       11
            5       55      509        0     2751     1726        0      174
            0      234        9       99        3        0      774      949
            0        0        0     1155        6       33        0        0
            6      183        9        0        0        3       12        0
            0        0        6        0      709        0      629        0
         2920        3      129       67        0        0       41        0
            0        0      129     1296      108      129      243       30
         1117      864     2234      398     1830      588       52     1282
         1359      156       33      726      814      285      438      675
          864      758      126      546     2817      690      615      327
          591     1920     1095      486     1101     2013      531      606
          579      987     1206      721     2189     1695     2049      349
         3290     1454     1787     2407     2351     2173      879     2702
          792     1660      866      705     2269     2911      711     1818
