
Initial FFT Block Distribution Based on Workload Estimate:

  FFT blocks assigned to   24 tasks

Image Distribution at run step       0:

  Count of images assigned to each task:
            0      197      198      198      198        0      198      198
          198      198      198        0      198      198      198      198
          198        0      198      198      198      198      198        0
          198      198      198      198      198        0      198      198
          198      198      198        0      197      198      198      198
          198        0      198      198      198      198      198        0
          198      198      198      198      198        0      198      198
          198      198      198        0      198      198      198      198
          198        0      198      198      198      198      198        0
          197      198      198      198      198        0      198      198
          198      198      198        0      198      198      198      198
          198        0      198      198      198      198      198        0
          198      198      198      198      198        0      198      198
          198      198      198        0      197      198      198      198
          198        0      198      198      198      198      198        0
          198      198      198      198      198        0      198      198
          198      198      198        0      198      198      198      198
          198        0      198      198      198      198      198        0

First FFT Block Distribution Based on Actual Workload:

  FFT blocks assigned to   72 tasks

Atom Distribution No.     4 at run step     338:

  Count of atoms assigned to each task:
            0        0      287        0      299        0      350        0
          345        0      327        0      284        0      270        0
          297        0      338        0      327        0      342        0
          280        0      271        0      324        0      343        0
          384        0      360        0      340        0      342        0
          363        0      357        0      345        0      345        0
          323        0      366        0      351        0      327        0
          351        0      330        0      330        0      333        0
          345        0      354        0      336        0      333        0
          354        0      342        0      342        0      321        0
          327        0      339        0      333        0      360        0
          327        0      354        0      345        0      336        0
          354        0      336        0      339        0      345        0
          327        0      346        0      324        0      342        0
          348        0      339        0      335        0      328        0
          285        0      340        0      354        0      327        0
          326        0      282        0      273        0      336        0
          327        0      342        0      328        0      296        0

Atom Distribution No.     5 at run step     628:

  Count of atoms assigned to each task:
            0        0      282        0      273        0      324        0
          336        0      351        0      278        0      252        0
          304        0      321        0      342        0      342        0
          321        0      275        0      306        0      322        0
          357        0      363        0      319        0      349        0
          351        0      360        0      354        0      348        0
          333        0      353        0      351        0      336        0
          327        0      357        0      336        0      345        0
          354        0      345        0      348        0      336        0
          345        0      336        0      366        0      330        0
          333        0      336        0      339        0      360        0
          339        0      354        0      330        0      339        0
          345        0      348        0      327        0      354        0
          327        0      342        0      326        0      348        0
          351        0      342        0      352        0      334        0
          275        0      337        0      348        0      364        0
          332        0      291        0      261        0      323        0
          360        0      351        0      282        0      280        0

Atom Distribution No.     6 at run step     922:

  Count of atoms assigned to each task:
            0        0      287        0      270        0      339        0
          336        0      345        0      266        0      249        0
          288        0      328        0      336        0      360        0
          324        0      280        0      318        0      340        0
          348        0      348        0      332        0      329        0
          356        0      363        0      351        0      339        0
          336        0      350        0      357        0      336        0
          345        0      333        0      351        0      357        0
          339        0      348        0      342        0      336        0
          342        0      348        0      348        0      351        0
          342        0      342        0      345        0      351        0
          342        0      348        0      351        0      342        0
          336        0      345        0      333        0      330        0
          351        0      335        0      339        0      338        0
          345        0      360        0      326        0      291        0
          269        0      330        0      351        0      345        0
          334        0      284        0      260        0      332        0
          363        0      369        0      278        0      300        0

Atom Distribution No.     7 at run step    1209:

  Count of atoms assigned to each task:
            0        0      279        0      267        0      351        0
          342        0      342        0      269        0      258        0
          275        0      304        0      339        0      345        0
          320        0      271        0      280        0      336        0
          372        0      351        0      347        0      325        0
          370        0      345        0      339        0      354        0
          333        0      368        0      366        0      345        0
          339        0      348        0      327        0      354        0
          342        0      351        0      354        0      339        0
          345        0      345        0      363        0      336        0
          357        0      330        0      321        0      342        0
          348        0      357        0      348        0      336        0
          339        0      336        0      339        0      351        0
          342        0      344        0      322        0      349        0
          360        0      366        0      330        0      288        0
          281        0      344        0      354        0      365        0
          332        0      292        0      258        0      335        0
          348        0      348        0      279        0      281        0

Atom Distribution No.     8 at run step    1507:

  Count of atoms assigned to each task:
            0        0      280        0      280        0      339        0
          351        0      327        0      288        0      273        0
          279        0      277        0      347        0      351        0
          332        0      285        0      259        0      318        0
          363        0      348        0      358        0      312        0
          355        0      363        0      360        0      345        0
          357        0      347        0      345        0      342        0
          360        0      348        0      339        0      354        0
          366        0      345        0      357        0      342        0
          342        0      354        0      348        0      351        0
          345        0      330        0      339        0      357        0
          342        0      363        0      348        0      330        0
          342        0      345        0      357        0      351        0
          363        0      352        0      329        0      339        0
          354        0      345        0      342        0      264        0
          280        0      351        0      351        0      353        0
          271        0      288        0      253        0      334        0
          342        0      363        0      268        0      280        0

Atom Distribution No.     9 at run step    1800:

  Count of atoms assigned to each task:
            0        0      273        0      289        0      326        0
          363        0      342        0      277        0      271        0
          267        0      288        0      330        0      348        0
          327        0      281        0      272        0      329        0
          360        0      354        0      347        0      282        0
          341        0      351        0      351        0      351        0
          354        0      351        0      357        0      351        0
          351        0      360        0      327        0      354        0
          360        0      345        0      357        0      354        0
          345        0      351        0      363        0      360        0
          342        0      333        0      321        0      363        0
          351        0      345        0      351        0      333        0
          345        0      348        0      348        0      357        0
          339        0      346        0      348        0      354        0
          363        0      348        0      350        0      270        0
          312        0      357        0      348        0      365        0
          283        0      271        0      246        0      330        0
          354        0      339        0      267        0      271        0

Atom Distribution No.    10 at run step    2095:

  Count of atoms assigned to each task:
            0        0      274        0      270        0      339        0
          342        0      345        0      262        0      255        0
          288        0      299        0      345        0      351        0
          336        0      282        0      273        0      306        0
          366        0      363        0      353        0      295        0
          350        0      360        0      363        0      336        0
          339        0      353        0      369        0      342        0
          369        0      339        0      330        0      357        0
          354        0      348        0      369        0      348        0
          351        0      351        0      363        0      345        0
          342        0      327        0      324        0      354        0
          348        0      363        0      360        0      339        0
          348        0      369        0      342        0      345        0
          339        0      341        0      337        0      354        0
          360        0      354        0      337        0      276        0
          268        0      342        0      363        0      342        0
          289        0      268        0      261        0      336        0
          360        0      335        0      269        0      286        0

Atom Distribution No.    11 at run step    2392:

  Count of atoms assigned to each task:
            0        0      275        0      265        0      339        0
          342        0      351        0      257        0      267        0
          280        0      282        0      344        0      363        0
          346        0      280        0      263        0      335        0
          357        0      363        0      335        0      314        0
          345        0      351        0      351        0      351        0
          342        0      344        0      360        0      357        0
          342        0      357        0      339        0      360        0
          348        0      363        0      363        0      348        0
          339        0      348        0      360        0      345        0
          354        0      321        0      339        0      348        0
          357        0      345        0      351        0      348        0
          327        0      339        0      360        0      351        0
          342        0      339        0      341        0      324        0
          348        0      354        0      335        0      278        0
          310        0      360        0      366        0      366        0
          304        0      271        0      266        0      334        0
          345        0      333        0      260        0      271        0

Atom Distribution No.    12 at run step    2688:

  Count of atoms assigned to each task:
            0        0      274        0      273        0      335        0
          360        0      333        0      259        0      275        0
          270        0      304        0      348        0      339        0
          350        0      280        0      264        0      334        0
          342        0      351        0      353        0      318        0
          334        0      348        0      369        0      348        0
          336        0      353        0      360        0      354        0
          345        0      366        0      342        0      363        0
          357        0      357        0      351        0      351        0
          333        0      351        0      354        0      351        0
          354        0      327        0      348        0      342        0
          345        0      354        0      345        0      342        0
          348        0      327        0      351        0      354        0
          339        0      343        0      339        0      360        0
          366        0      342        0      322        0      259        0
          318        0      357        0      354        0      337        0
          316        0      280        0      241        0      354        0
          342        0      344        0      245        0      278        0

Atom Distribution No.    13 at run step    2975:

  Count of atoms assigned to each task:
            0        0      273        0      271        0      338        0
          336        0      372        0      269        0      264        0
          280        0      292        0      345        0      357        0
          335        0      281        0      277        0      305        0
          354        0      357        0      339        0      315        0
          338        0      366        0      363        0      354        0
          333        0      351        0      360        0      348        0
          363        0      366        0      345        0      336        0
          363        0      360        0      354        0      345        0
          345        0      363        0      366        0      354        0
          339        0      336        0      330        0      351        0
          348        0      351        0      351        0      333        0
          339        0      342        0      339        0      363        0
          342        0      341        0      356        0      336        0
          354        0      342        0      334        0      272        0
          304        0      342        0      354        0      348        0
          279        0      273        0      243        0      350        0
          357        0      343        0      262        0      271        0

Atom Distribution No.    14 at run step    3272:

  Count of atoms assigned to each task:
            0        0      277        0      264        0      332        0
          342        0      333        0      270        0      261        0
          273        0      277        0      349        0      354        0
          319        0      256        0      264        0      325        0
          348        0      378        0      346        0      311        0
          335        0      357        0      369        0      345        0
          351        0      357        0      351        0      354        0
          354        0      351        0      342        0      348        0
          363        0      363        0      354        0      363        0
          357        0      345        0      357        0      366        0
          360        0      324        0      345        0      354        0
          351        0      333        0      345        0      330        0
          333        0      348        0      348        0      372        0
          345        0      346        0      341        0      339        0
          357        0      354        0      325        0      270        0
          300        0      351        0      342        0      351        0
          291        0      282        0      253        0      350        0
          363        0      350        0      264        0      280        0

Atom Distribution No.    15 at run step    3570:

  Count of atoms assigned to each task:
            0        0      271        0      272        0      332        0
          342        0      337        0      267        0      265        0
          277        0      280        0      349        0      354        0
          323        0      267        0      282        0      304        0
          353        0      354        0      348        0      322        0
          327        0      356        0      357        0      357        0
          348        0      353        0      360        0      366        0
          354        0      366        0      348        0      360        0
          357        0      354        0      360        0      357        0
          342        0      336        0      360        0      360        0
          345        0      327        0      351        0      363        0
          357        0      351        0      342        0      327        0
          330        0      339        0      363        0      345        0
          354        0      361        0      340        0      348        0
          345        0      333        0      337        0      271        0
          282        0      360        0      345        0      347        0
          286        0      279        0      242        0      347        0
          360        0      355        0      277        0      272        0

Atom Distribution No.    16 at run step    3869:

  Count of atoms assigned to each task:
            0        0      279        0      285        0      344        0
          348        0      337        0      275        0      276        0
          279        0      283        0      335        0      351        0
          329        0      258        0      259        0      282        0
          327        0      354        0      357        0      327        0
          321        0      352        0      360        0      369        0
          354        0      348        0      363        0      360        0
          348        0      366        0      333        0      348        0
          369        0      363        0      369        0      351        0
          357        0      345        0      363        0      348        0
          333        0      327        0      330        0      366        0
          342        0      351        0      351        0      348        0
          345        0      336        0      348        0      366        0
          333        0      327        0      334        0      366        0
          357        0      339        0      346        0      266        0
          313        0      357        0      354        0      359        0
          290        0      289        0      248        0      332        0
          351        0      344        0      264        0      274        0

Atom Distribution No.    17 at run step    4165:

  Count of atoms assigned to each task:
            0        0      268        0      269        0      353        0
          354        0      345        0      271        0      256        0
          275        0      271        0      332        0      345        0
          311        0      284        0      284        0      288        0
          327        0      351        0      368        0      311        0
          311        0      348        0      378        0      345        0
          366        0      333        0      354        0      354        0
          357        0      381        0      348        0      354        0
          357        0      357        0      363        0      351        0
          345        0      357        0      357        0      351        0
          339        0      324        0      342        0      357        0
          360        0      351        0      363        0      354        0
          333        0      339        0      360        0      351        0
          342        0      332        0      349        0      357        0
          342        0      345        0      345        0      270        0
          283        0      351        0      357        0      343        0
          310        0      279        0      250        0      344        0
          360        0      341        0      279        0      276        0

Atom Distribution No.    18 at run step    4458:

  Count of atoms assigned to each task:
            0        0      284        0      257        0      365        0
          348        0      326        0      279        0      275        0
          284        0      277        0      341        0      339        0
          331        0      278        0      253        0      277        0
          342        0      351        0      363        0      341        0
          328        0      354        0      354        0      372        0
          357        0      321        0      363        0      360        0
          345        0      366        0      348        0      354        0
          381        0      366        0      357        0      348        0
          327        0      342        0      345        0      348        0
          348        0      336        0      357        0      354        0
          348        0      375        0      342        0      351        0
          339        0      330        0      351        0      351        0
          339        0      321        0      345        0      348        0
          360        0      357        0      347        0      274        0
          272        0      357        0      345        0      362        0
          298        0      269        0      252        0      347        0
          369        0      322        0      269        0      276        0

Atom Distribution No.    19 at run step    4753:

  Count of atoms assigned to each task:
            0        0      271        0      264        0      338        0
          348        0      333        0      260        0      278        0
          278        0      263        0      356        0      351        0
          322        0      288        0      270        0      316        0
          333        0      357        0      359        0      329        0
          310        0      357        0      354        0      354        0
          351        0      327        0      354        0      372        0
          348        0      381        0      345        0      348        0
          357        0      354        0      357        0      354        0
          339        0      366        0      351        0      360        0
          357        0      330        0      330        0      345        0
          351        0      339        0      357        0      348        0
          336        0      345        0      360        0      351        0
          339        0      346        0      338        0      345        0
          342        0      357        0      337        0      268        0
          298        0      342        0      345        0      367        0
          295        0      278        0      257        0      346        0
          366        0      344        0      261        0      285        0

Atom Distribution No.    20 at run step    5054:

  Count of atoms assigned to each task:
            0        0      278        0      277        0      347        0
          351        0      333        0      269        0      261        0
          288        0      272        0      344        0      351        0
          322        0      276        0      278        0      293        0
          338        0      351        0      362        0      329        0
          332        0      351        0      342        0      369        0
          333        0      318        0      354        0      363        0
          360        0      366        0      333        0      363        0
          360        0      351        0      351        0      348        0
          342        0      363        0      342        0      357        0
          354        0      345        0      333        0      348        0
          357        0      363        0      348        0      345        0
          339        0      357        0      336        0      357        0
          351        0      330        0      325        0      336        0
          342        0      360        0      368        0      324        0
          273        0      354        0      339        0      355        0
          303        0      285        0      241        0      335        0
          369        0      354        0      243        0      271        0

Atom Distribution No.    21 at run step    5350:

  Count of atoms assigned to each task:
            0        0      282        0      271        0      341        0
          342        0      330        0      254        0      275        0
          296        0      282        0      361        0      354        0
          343        0      267        0      281        0      301        0
          342        0      357        0      356        0      324        0
          328        0      342        0      366        0      351        0
          339        0      336        0      354        0      357        0
          372        0      354        0      339        0      351        0
          336        0      351        0      348        0      357        0
          330        0      375        0      342        0      357        0
          348        0      333        0      342        0      348        0
          357        0      354        0      348        0      345        0
          345        0      359        0      351        0      351        0
          336        0      356        0      333        0      339        0
          348        0      345        0      355        0      280        0
          325        0      339        0      360        0      358        0
          282        0      266        0      247        0      344        0
          351        0      351        0      251        0      267        0

Atom Distribution No.    22 at run step    5653:

  Count of atoms assigned to each task:
            0        0      278        0      261        0      353        0
          336        0      340        0      271        0      260        0
          282        0      283        0      331        0      354        0
          327        0      272        0      285        0      313        0
          345        0      366        0      353        0      310        0
          330        0      336        0      357        0      381        0
          351        0      336        0      363        0      354        0
          348        0      342        0      333        0      366        0
          354        0      360        0      345        0      360        0
          357        0      333        0      357        0      348        0
          348        0      342        0      351        0      342        0
          339        0      351        0      333        0      333        0
          348        0      359        0      354        0      354        0
          348        0      333        0      329        0      349        0
          342        0      357        0      333        0      297        0
          316        0      351        0      345        0      368        0
          313        0      257        0      254        0      350        0
          339        0      352        0      254        0      286        0

Atom Distribution No.    23 at run step    5949:

  Count of atoms assigned to each task:
            0        0      260        0      268        0      347        0
          336        0      339        0      268        0      287        0
          279        0      286        0      358        0      348        0
          333        0      270        0      277        0      307        0
          342        0      354        0      367        0      305        0
          314        0      360        0      351        0      363        0
          333        0      345        0      360        0      351        0
          348        0      360        0      342        0      345        0
          357        0      348        0      348        0      348        0
          351        0      342        0      354        0      357        0
          348        0      348        0      333        0      354        0
          348        0      363        0      351        0      348        0
          342        0      341        0      354        0      363        0
          348        0      342        0      345        0      369        0
          342        0      354        0      336        0      286        0
          273        0      354        0      348        0      367        0
          277        0      275        0      265        0      347        0
          351        0      349        0      259        0      270        0

Atom Distribution No.    24 at run step    6252:

  Count of atoms assigned to each task:
            0        0      272        0      272        0      353        0
          345        0      347        0      276        0      265        0
          278        0      301        0      337        0      354        0
          319        0      268        0      275        0      315        0
          342        0      360        0      340        0      315        0
          293        0      341        0      384        0      345        0
          342        0      342        0      357        0      348        0
          348        0      351        0      324        0      354        0
          351        0      369        0      345        0      381        0
          339        0      345        0      348        0      345        0
          336        0      348        0      363        0      351        0
          360        0      363        0      363        0      327        0
          336        0      344        0      369        0      348        0
          345        0      350        0      322        0      357        0
          345        0      363        0      352        0      287        0
          291        0      360        0      360        0      347        0
          291        0      269        0      250        0      347        0
          342        0      351        0      262        0      273        0

Atom Distribution No.    25 at run step    6547:

  Count of atoms assigned to each task:
            0        0      267        0      283        0      347        0
          339        0      353        0      270        0      269        0
          270        0      281        0      348        0      354        0
          338        0      261        0      271        0      315        0
          339        0      357        0      340        0      320        0
          319        0      366        0      348        0      348        0
          345        0      321        0      330        0      360        0
          351        0      360        0      351        0      348        0
          354        0      375        0      369        0      348        0
          339        0      354        0      342        0      357        0
          336        0      345        0      342        0      357        0
          345        0      363        0      363        0      342        0
          348        0      345        0      348        0      351        0
          339        0      340        0      326        0      363        0
          345        0      354        0      346        0      276        0
          274        0      362        0      357        0      361        0
          303        0      261        0      253        0      351        0
          342        0      342        0      263        0      308        0

Atom Distribution No.    26 at run step    6844:

  Count of atoms assigned to each task:
            0        0      272        0      266        0      357        0
          339        0      352        0      267        0      278        0
          264        0      280        0      341        0      366        0
          354        0      257        0      283        0      297        0
          348        0      354        0      341        0      305        0
          323        0      333        0      375        0      354        0
          351        0      338        0      348        0      345        0
          354        0      363        0      351        0      348        0
          363        0      366        0      339        0      351        0
          339        0      348        0      360        0      357        0
          351        0      348        0      345        0      366        0
          354        0      360        0      345        0      351        0
          336        0      351        0      348        0      348        0
          318        0      345        0      330        0      357        0
          354        0      363        0      339        0      275        0
          277        0      348        0      354        0      348        0
          297        0      281        0      259        0      347        0
          348        0      351        0      269        0      268        0

Atom Distribution No.    27 at run step    7146:

  Count of atoms assigned to each task:
            0        0      265        0      266        0      356        0
          342        0      321        0      272        0      268        0
          274        0      289        0      336        0      354        0
          354        0      243        0      284        0      306        0
          345        0      363        0      355        0      320        0
          313        0      349        0      363        0      345        0
          345        0      324        0      354        0      354        0
          372        0      357        0      339        0      354        0
          369        0      363        0      357        0      336        0
          342        0      357        0      360        0      342        0
          342        0      348        0      360        0      327        0
          369        0      363        0      345        0      342        0
          336        0      342        0      348        0      360        0
          336        0      341        0      340        0      345        0
          345        0      348        0      342        0      265        0
          293        0      348        0      369        0      353        0
          315        0      287        0      250        0      353        0
          351        0      353        0      264        0      270        0

Atom Distribution No.    28 at run step    7445:

  Count of atoms assigned to each task:
            0        0      280        0      262        0      356        0
          333        0      352        0      255        0      278        0
          279        0      298        0      342        0      348        0
          340        0      260        0      267        0      313        0
          339        0      354        0      355        0      314        0
          316        0      358        0      348        0      360        0
          342        0      333        0      360        0      354        0
          369        0      360        0      339        0      354        0
          354        0      369        0      351        0      351        0
          345        0      342        0      351        0      354        0
          354        0      342        0      348        0      357        0
          357        0      363        0      339        0      351        0
          336        0      327        0      345        0      360        0
          339        0      328        0      332        0      354        0
          339        0      348        0      340        0      284        0
          292        0      348        0      375        0      358        0
          292        0      267        0      261        0      339        0
          348        0      346        0      257        0      297        0

Atom Distribution No.    29 at run step    7746:

  Count of atoms assigned to each task:
            0        0      268        0      276        0      347        0
          351        0      345        0      278        0      275        0
          289        0      289        0      348        0      348        0
          345        0      263        0      269        0      282        0
          351        0      354        0      356        0      298        0
          319        0      340        0      360        0      363        0
          351        0      345        0      360        0      354        0
          366        0      360        0      342        0      351        0
          360        0      354        0      360        0      357        0
          339        0      348        0      333        0      357        0
          342        0      345        0      348        0      354        0
          354        0      339        0      345        0      342        0
          330        0      368        0      336        0      351        0
          330        0      357        0      321        0      336        0
          357        0      360        0      350        0      264        0
          305        0      331        0      363        0      344        0
          313        0      285        0      253        0      351        0
          351        0      337        0      258        0      287        0

Atom Distribution No.    30 at run step    8046:

  Count of atoms assigned to each task:
            0        0      274        0      274        0      345        0
          348        0      341        0      283        0      271        0
          279        0      314        0      351        0      345        0
          337        0      263        0      282        0      324        0
          354        0      354        0      363        0      285        0
          333        0      336        0      357        0      378        0
          353        0      342        0      342        0      366        0
          363        0      342        0      336        0      351        0
          351        0      357        0      351        0      354        0
          342        0      357        0      354        0      363        0
          342        0      330        0      345        0      339        0
          357        0      327        0      342        0      348        0
          327        0      351        0      366        0      345        0
          351        0      339        0      340        0      339        0
          348        0      327        0      344        0      265        0
          265        0      342        0      366        0      346        0
          310        0      262        0      277        0      337        0
          351        0      355        0      268        0      292        0

Atom Distribution No.    31 at run step    8342:

  Count of atoms assigned to each task:
            0        0      256        0      267        0      344        0
          348        0      326        0      257        0      290        0
          277        0      319        0      360        0      351        0
          293        0      265        0      332        0      314        0
          345        0      363        0      360        0      298        0
          325        0      351        0      345        0      363        0
          345        0      351        0      342        0      369        0
          357        0      345        0      348        0      360        0
          366        0      357        0      354        0      345        0
          333        0      348        0      357        0      336        0
          348        0      342        0      345        0      351        0
          357        0      345        0      345        0      351        0
          330        0      351        0      363        0      348        0
          345        0      334        0      340        0      345        0
          351        0      336        0      336        0      276        0
          313        0      333        0      363        0      344        0
          315        0      280        0      255        0      357        0
          333        0      342        0      266        0      256        0

Atom Distribution No.    32 at run step    8637:

  Count of atoms assigned to each task:
            0        0      268        0      258        0      339        0
          351        0      331        0      250        0      285        0
          283        0      303        0      363        0      351        0
          312        0      267        0      290        0      310        0
          365        0      351        0      362        0      304        0
          327        0      351        0      351        0      366        0
          351        0      351        0      330        0      363        0
          354        0      345        0      342        0      360        0
          348        0      354        0      354        0      348        0
          357        0      363        0      366        0      339        0
          354        0      330        0      363        0      339        0
          345        0      345        0      339        0      342        0
          336        0      354        0      363        0      333        0
          345        0      331        0      326        0      342        0
          363        0      348        0      345        0      271        0
          311        0      333        0      345        0      348        0
          310        0      266        0      258        0      355        0
          345        0      351        0      273        0      286        0

Atom Distribution No.    33 at run step    8935:

  Count of atoms assigned to each task:
            0        0      267        0      281        0      332        0
          351        0      344        0      256        0      281        0
          274        0      289        0      357        0      351        0
          326        0      267        0      279        0      329        0
          348        0      363        0      357        0      304        0
          336        0      366        0      366        0      357        0
          351        0      333        0      348        0      360        0
          336        0      354        0      336        0      363        0
          360        0      354        0      357        0      348        0
          339        0      348        0      354        0      348        0
          354        0      339        0      351        0      351        0
          348        0      351        0      348        0      357        0
          330        0      339        0      360        0      342        0
          348        0      328        0      347        0      345        0
          345        0      360        0      339        0      271        0
          284        0      339        0      348        0      338        0
          302        0      268        0      263        0      340        0
          360        0      340        0      277        0      276        0

Atom Distribution No.    34 at run step    9222:

  Count of atoms assigned to each task:
            0        0      266        0      277        0      347        0
          354        0      343        0      250        0      289        0
          272        0      296        0      354        0      360        0
          310        0      281        0      284        0      321        0
          347        0      372        0      350        0      314        0
          314        0      361        0      354        0      348        0
          354        0      350        0      354        0      357        0
          342        0      357        0      336        0      345        0
          363        0      372        0      342        0      354        0
          339        0      351        0      345        0      345        0
          360        0      324        0      360        0      348        0
          345        0      345        0      357        0      342        0
          339        0      330        0      363        0      336        0
          348        0      337        0      326        0      351        0
          348        0      342        0      335        0      259        0
          318        0      345        0      348        0      364        0
          296        0      293        0      265        0      331        0
          345        0      342        0      271        0      275        0

Atom Distribution No.    35 at run step    9514:

  Count of atoms assigned to each task:
            0        0      267        0      286        0      344        0
          348        0      336        0      264        0      284        0
          298        0      277        0      360        0      378        0
          308        0      269        0      271        0      329        0
          354        0      348        0      366        0      322        0
          334        0      357        0      342        0      363        0
          339        0      351        0      333        0      360        0
          366        0      357        0      330        0      360        0
          357        0      363        0      333        0      360        0
          363        0      348        0      342        0      348        0
          360        0      330        0      339        0      351        0
          351        0      339        0      348        0      342        0
          344        0      354        0      348        0      339        0
          351        0      319        0      325        0      354        0
          342        0      348        0      340        0      287        0
          268        0      345        0      354        0      358        0
          301        0      281        0      253        0      344        0
          342        0      362        0      269        0      255        0

Atom Distribution No.    36 at run step    9813:

  Count of atoms assigned to each task:
            0        0      271        0      256        0      347        0
          360        0      340        0      272        0      284        0
          277        0      315        0      351        0      360        0
          305        0      281        0      273        0      334        0
          369        0      354        0      359        0      289        0
          323        0      378        0      342        0      363        0
          336        0      345        0      345        0      366        0
          345        0      360        0      342        0      348        0
          357        0      348        0      348        0      351        0
          354        0      348        0      345        0      351        0
          336        0      336        0      342        0      345        0
          360        0      351        0      357        0      345        0
          345        0      351        0      357        0      342        0
          321        0      339        0      333        0      360        0
          348        0      351        0      329        0      277        0
          289        0      342        0      342        0      361        0
          288        0      266        0      268        0      358        0
          333        0      339        0      274        0      281        0

Atom Distribution No.    37 at run step   10110:

  Count of atoms assigned to each task:
            0        0      275        0      272        0      347        0
          363        0      358        0      261        0      282        0
          277        0      303        0      366        0      354        0
          314        0      266        0      276        0      320        0
          353        0      357        0      361        0      323        0
          329        0      357        0      345        0      357        0
          339        0      336        0      357        0      372        0
          333        0      351        0      333        0      351        0
          363        0      369        0      327        0      330        0
          363        0      348        0      351        0      363        0
          357        0      339        0      342        0      360        0
          339        0      351        0      333        0      339        0
          348        0      339        0      363        0      336        0
          342        0      335        0      327        0      369        0
          351        0      342        0      345        0      254        0
          298        0      339        0      360        0      352        0
          304        0      262        0      264        0      338        0
          336        0      339        0      277        0      276        0

Atom Distribution No.    38 at run step   10406:

  Count of atoms assigned to each task:
            0        0      276        0      256        0      351        0
          369        0      337        0      268        0      280        0
          275        0      289        0      346        0      354        0
          330        0      275        0      296        0      317        0
          369        0      357        0      356        0      276        0
          327        0      363        0      363        0      351        0
          345        0      333        0      348        0      360        0
          351        0      351        0      336        0      357        0
          351        0      348        0      336        0      354        0
          348        0      360        0      357        0      339        0
          342        0      351        0      333        0      348        0
          345        0      369        0      342        0      330        0
          360        0      348        0      351        0      360        0
          336        0      332        0      349        0      369        0
          357        0      330        0      341        0      256        0
          282        0      339        0      366        0      349        0
          313        0      279        0      253        0      338        0
          348        0      333        0      288        0      266        0

Atom Distribution No.    39 at run step   10707:

  Count of atoms assigned to each task:
            0        0      260        0      265        0      350        0
          354        0      337        0      254        0      293        0
          275        0      301        0      353        0      339        0
          343        0      273        0      282        0      326        0
          345        0      348        0      363        0      315        0
          328        0      348        0      345        0      348        0
          336        0      339        0      357        0      363        0
          348        0      354        0      324        0      360        0
          360        0      375        0      342        0      345        0
          348        0      348        0      363        0      348        0
          345        0      345        0      339        0      345        0
          330        0      351        0      345        0      345        0
          378        0      350        0      354        0      348        0
          342        0      306        0      318        0      369        0
          345        0      336        0      338        0      271        0
          298        0      343        0      363        0      352        0
          299        0      288        0      260        0      346        0
          348        0      345        0      278        0      283        0

Atom Distribution No.    40 at run step   11002:

  Count of atoms assigned to each task:
            0        0      276        0      268        0      356        0
          342        0      337        0      267        0      267        0
          299        0      271        0      345        0      348        0
          329        0      283        0      279        0      324        0
          347        0      369        0      360        0      323        0
          345        0      351        0      342        0      348        0
          341        0      336        0      357        0      348        0
          360        0      357        0      339        0      345        0
          360        0      354        0      342        0      357        0
          348        0      351        0      345        0      360        0
          339        0      333        0      339        0      333        0
          351        0      357        0      354        0      333        0
          345        0      365        0      354        0      345        0
          351        0      333        0      329        0      360        0
          351        0      354        0      332        0      271        0
          276        0      349        0      345        0      355        0
          303        0      276        0      245        0      338        0
          342        0      360        0      280        0      284        0

Atom Distribution No.    41 at run step   11305:

  Count of atoms assigned to each task:
            0        0      269        0      278        0      353        0
          348        0      344        0      263        0      279        0
          286        0      321        0      366        0      351        0
          308        0      276        0      281        0      328        0
          347        0      372        0      359        0      294        0
          338        0      345        0      351        0      348        0
          339        0      333        0      345        0      357        0
          354        0      342        0      339        0      369        0
          345        0      348        0      345        0      363        0
          342        0      354        0      360        0      348        0
          339        0      330        0      342        0      351        0
          324        0      360        0      360        0      345        0
          345        0      327        0      345        0      342        0
          351        0      333        0      329        0      360        0
          351        0      366        0      333        0      280        0
          315        0      339        0      351        0      345        0
          282        0      269        0      266        0      322        0
          351        0      352        0      268        0      297        0

Atom Distribution No.    42 at run step   11610:

  Count of atoms assigned to each task:
            0        0      271        0      271        0      365        0
          354        0      340        0      261        0      289        0
          264        0      306        0      351        0      348        0
          320        0      275        0      275        0      326        0
          347        0      372        0      336        0      328        0
          339        0      342        0      354        0      348        0
          351        0      351        0      351        0      348        0
          348        0      363        0      330        0      354        0
          348        0      363        0      342        0      345        0
          351        0      348        0      348        0      342        0
          360        0      342        0      345        0      339        0
          351        0      354        0      351        0      345        0
          336        0      332        0      351        0      357        0
          339        0      333        0      348        0      351        0
          348        0      363        0      326        0      266        0
          306        0      339        0      348        0      342        0
          322        0      272        0      258        0      343        0
          351        0      342        0      275        0      258        0

Atom Distribution No.    43 at run step   11912:

  Count of atoms assigned to each task:
            0        0      272        0      262        0      362        0
          336        0      345        0      258        0      274        0
          277        0      299        0      342        0      354        0
          331        0      266        0      290        0      319        0
          342        0      363        0      347        0      300        0
          336        0      352        0      351        0      339        0
          357        0      333        0      363        0      357        0
          333        0      366        0      336        0      333        0
          369        0      351        0      339        0      360        0
          357        0      345        0      345        0      363        0
          354        0      336        0      354        0      339        0
          348        0      363        0      363        0      345        0
          336        0      344        0      339        0      345        0
          336        0      332        0      323        0      366        0
          345        0      363        0      342        0      275        0
          301        0      345        0      360        0      346        0
          302        0      291        0      256        0      329        0
          351        0      342        0      284        0      279        0

Atom Distribution No.    44 at run step   12210:

  Count of atoms assigned to each task:
            0        0      260        0      264        0      350        0
          336        0      345        0      264        0      270        0
          281        0      279        0      345        0      351        0
          331        0      272        0      276        0      322        0
          356        0      363        0      333        0      318        0
          331        0      358        0      348        0      333        0
          347        0      348        0      363        0      351        0
          351        0      357        0      351        0      339        0
          360        0      357        0      348        0      369        0
          333        0      351        0      351        0      348        0
          339        0      357        0      351        0      354        0
          357        0      354        0      351        0      333        0
          342        0      353        0      348        0      351        0
          345        0      341        0      334        0      351        0
          366        0      345        0      327        0      275        0
          291        0      351        0      351        0      343        0
          318        0      277        0      256        0      348        0
          348        0      351        0      265        0      275        0

Atom Distribution No.    45 at run step   12508:

  Count of atoms assigned to each task:
            0        0      259        0      273        0      349        0
          339        0      350        0      262        0      298        0
          281        0      280        0      337        0      336        0
          330        0      266        0      281        0      275        0
          350        0      372        0      361        0      301        0
          326        0      352        0      354        0      345        0
          344        0      357        0      360        0      342        0
          354        0      363        0      345        0      366        0
          348        0      357        0      351        0      360        0
          339        0      357        0      354        0      363        0
          354        0      333        0      348        0      348        0
          345        0      345        0      357        0      351        0
          354        0      359        0      342        0      357        0
          348        0      318        0      334        0      351        0
          360        0      348        0      332        0      287        0
          313        0      348        0      348        0      357        0
          272        0      292        0      255        0      341        0
          360        0      324        0      282        0      258        0

Atom Distribution No.    46 at run step   12799:

  Count of atoms assigned to each task:
            0        0      281        0      270        0      361        0
          327        0      330        0      277        0      249        0
          289        0      280        0      364        0      345        0
          331        0      269        0      277        0      292        0
          335        0      351        0      361        0      313        0
          292        0      349        0      363        0      345        0
          347        0      351        0      339        0      357        0
          351        0      363        0      351        0      369        0
          366        0      351        0      336        0      357        0
          345        0      321        0      357        0      357        0
          369        0      348        0      351        0      363        0
          354        0      354        0      348        0      336        0
          342        0      344        0      351        0      354        0
          318        0      333        0      347        0      343        0
          351        0      354        0      344        0      285        0
          306        0      345        0      354        0      340        0
          310        0      274        0      252        0      339        0
          369        0      351        0      274        0      286        0

Atom Distribution No.    47 at run step   13105:

  Count of atoms assigned to each task:
            0        0      252        0      278        0      347        0
          354        0      325        0      268        0      254        0
          290        0      283        0      344        0      363        0
          336        0      252        0      283        0      312        0
          356        0      354        0      340        0      317        0
          327        0      355        0      360        0      345        0
          356        0      327        0      363        0      357        0
          363        0      360        0      354        0      366        0
          333        0      360        0      333        0      345        0
          348        0      348        0      342        0      360        0
          351        0      336        0      339        0      360        0
          351        0      336        0      366        0      357        0
          345        0      356        0      342        0      354        0
          327        0      316        0      326        0      360        0
          345        0      363        0      341        0      311        0
          270        0      345        0      360        0      330        0
          315        0      282        0      265        0      355        0
          342        0      351        0      285        0      266        0

Atom Distribution No.    48 at run step   13405:

  Count of atoms assigned to each task:
            0        0      258        0      279        0      338        0
          348        0      331        0      264        0      257        0
          281        0      292        0      344        0      357        0
          344        0      263        0      281        0      312        0
          356        0      360        0      352        0      301        0
          330        0      370        0      357        0      348        0
          350        0      354        0      351        0      342        0
          357        0      354        0      342        0      339        0
          363        0      357        0      342        0      354        0
          351        0      348        0      357        0      348        0
          351        0      333        0      345        0      357        0
          339        0      339        0      345        0      333        0
          354        0      332        0      342        0      360        0
          351        0      321        0      324        0      363        0
          357        0      357        0      332        0      287        0
          304        0      360        0      363        0      351        0
          280        0      280        0      261        0      322        0
          351        0      342        0      277        0      313        0

Atom Distribution No.    49 at run step   13704:

  Count of atoms assigned to each task:
            0        0      273        0      274        0      343        0
          345        0      341        0      264        0      257        0
          276        0      290        0      346        0      357        0
          335        0      284        0      275        0      329        0
          344        0      372        0      365        0      300        0
          328        0      357        0      369        0      348        0
          350        0      339        0      351        0      351        0
          348        0      354        0      348        0      354        0
          366        0      354        0      345        0      354        0
          345        0      339        0      354        0      360        0
          339        0      339        0      348        0      348        0
          339        0      339        0      357        0      333        0
          327        0      347        0      354        0      348        0
          333        0      348        0      324        0      342        0
          360        0      354        0      329        0      268        0
          290        0      354        0      363        0      337        0
          314        0      286        0      260        0      331        0
          345        0      354        0      300        0      264        0

Atom Distribution No.    50 at run step   13998:

  Count of atoms assigned to each task:
            0        0      265        0      269        0      346        0
          345        0      343        0      264        0      249        0
          276        0      282        0      343        0      348        0
          338        0      282        0      274        0      339        0
          350        0      354        0      372        0      279        0
          323        0      366        0      354        0      357        0
          350        0      345        0      363        0      363        0
          360        0      354        0      360        0      339        0
          348        0      354        0      333        0      363        0
          345        0      342        0      360        0      363        0
          339        0      327        0      369        0      339        0
          339        0      342        0      354        0      345        0
          333        0      333        0      354        0      357        0
          348        0      330        0      329        0      345        0
          369        0      348        0      323        0      270        0
          308        0      349        0      354        0      352        0
          313        0      270        0      257        0      321        0
          342        0      348        0      289        0      302        0

Atom Distribution No.    51 at run step   14302:

  Count of atoms assigned to each task:
            0        0      264        0      270        0      340        0
          342        0      347        0      260        0      263        0
          272        0      293        0      337        0      351        0
          335        0      281        0      275        0      306        0
          368        0      357        0      357        0      309        0
          334        0      357        0      360        0      357        0
          347        0      339        0      360        0      360        0
          351        0      351        0      339        0      342        0
          351        0      360        0      342        0      360        0
          360        0      339        0      363        0      348        0
          345        0      336        0      339        0      345        0
          336        0      345        0      333        0      354        0
          345        0      345        0      354        0      357        0
          348        0      342        0      323        0      342        0
          354        0      369        0      329        0      323        0
          265        0      339        0      342        0      340        0
          332        0      279        0      262        0      308        0
          354        0      357        0      292        0      277        0

Atom Distribution No.    52 at run step   14598:

  Count of atoms assigned to each task:
            0        0      265        0      276        0      335        0
          351        0      339        0      266        0      272        0
          269        0      282        0      346        0      369        0
          338        0      270        0      267        0      319        0
          356        0      354        0      348        0      298        0
          346        0      366        0      357        0      348        0
          341        0      354        0      351        0      351        0
          372        0      363        0      342        0      336        0
          354        0      342        0      345        0      342        0
          360        0      345        0      357        0      363        0
          348        0      318        0      339        0      351        0
          348        0      345        0      360        0      345        0
          348        0      339        0      342        0      357        0
          336        0      328        0      334        0      351        0
          360        0      348        0      344        0      286        0
          310        0      354        0      363        0      344        0
          310        0      286        0      249        0      335        0
          339        0      342        0      266        0      278        0

Atom Distribution No.    53 at run step   14899:

  Count of atoms assigned to each task:
            0        0      258        0      270        0      350        0
          345        0      342        0      264        0      274        0
          268        0      278        0      337        0      354        0
          336        0      268        0      277        0      293        0
          356        0      363        0      342        0      316        0
          332        0      376        0      354        0      360        0
          356        0      336        0      345        0      360        0
          372        0      354        0      333        0      348        0
          348        0      351        0      348        0      363        0
          342        0      348        0      372        0      336        0
          348        0      345        0      333        0      339        0
          351        0      360        0      351        0      351        0
          351        0      347        0      339        0      354        0
          351        0      346        0      327        0      360        0
          354        0      351        0      324        0      278        0
          295        0      345        0      363        0      344        0
          292        0      285        0      259        0      341        0
          351        0      330        0      283        0      285        0

Atom Distribution No.    54 at run step   15197:

  Count of atoms assigned to each task:
            0        0      264        0      257        0      338        0
          345        0      335        0      268        0      277        0
          280        0      277        0      344        0      345        0
          344        0      262        0      281        0      307        0
          362        0      360        0      345        0      317        0
          296        0      333        0      369        0      351        0
          350        0      336        0      351        0      360        0
          363        0      366        0      351        0      357        0
          357        0      354        0      342        0      354        0
          348        0      360        0      357        0      351        0
          333        0      336        0      345        0      345        0
          345        0      357        0      360        0      339        0
          342        0      348        0      357        0      345        0
          342        0      350        0      321        0      360        0
          360        0      357        0      348        0      269        0
          300        0      348        0      351        0      337        0
          309        0      287        0      257        0      343        0
          351        0      348        0      264        0      290        0

Atom Distribution No.    55 at run step   15499:

  Count of atoms assigned to each task:
            0        0      258        0      265        0      342        0
          351        0      346        0      256        0      266        0
          277        0      294        0      339        0      360        0
          334        0      276        0      266        0      295        0
          365        0      348        0      345        0      320        0
          331        0      354        0      351        0      369        0
          347        0      330        0      348        0      366        0
          357        0      345        0      339        0      363        0
          351        0      363        0      342        0      363        0
          351        0      333        0      339        0      351        0
          339        0      345        0      339        0      357        0
          360        0      345        0      363        0      327        0
          342        0      348        0      354        0      354        0
          345        0      345        0      328        0      347        0
          360        0      345        0      348        0      292        0
          279        0      340        0      348        0      357        0
          326        0      288        0      250        0      352        0
          342        0      354        0      274        0      269        0

Atom Distribution No.    56 at run step   15798:

  Count of atoms assigned to each task:
            0        0      260        0      260        0      348        0
          351        0      326        0      264        0      269        0
          289        0      285        0      342        0      363        0
          348        0      268        0      274        0      319        0
          356        0      354        0      342        0      323        0
          323        0      345        0      360        0      366        0
          347        0      327        0      351        0      354        0
          357        0      357        0      339        0      354        0
          351        0      375        0      348        0      357        0
          339        0      345        0      339        0      342        0
          351        0      330        0      357        0      351        0
          345        0      351        0      348        0      336        0
          342        0      339        0      354        0      351        0
          345        0      337        0      328        0      348        0
          363        0      345        0      344        0      302        0
          269        0      330        0      348        0      342        0
          318        0      292        0      254        0      345        0
          351        0      351        0      277        0      297        0

Atom Distribution No.    57 at run step   16097:

  Count of atoms assigned to each task:
            0        0      263        0      262        0      342        0
          357        0      347        0      270        0      265        0
          280        0      283        0      348        0      351        0
          322        0      269        0      273        0      336        0
          362        0      345        0      342        0      323        0
          315        0      357        0      348        0      390        0
          338        0      332        0      354        0      348        0
          378        0      339        0      351        0      354        0
          357        0      345        0      348        0      342        0
          318        0      360        0      339        0      348        0
          354        0      339        0      348        0      363        0
          348        0      348        0      354        0      348        0
          342        0      333        0      342        0      351        0
          333        0      347        0      332        0      354        0
          351        0      363        0      342        0      290        0
          315        0      333        0      366        0      338        0
          306        0      262        0      266        0      337        0
          336        0      369        0      279        0      268        0

Atom Distribution No.    58 at run step   16399:

  Count of atoms assigned to each task:
            0        0      260        0      264        0      329        0
          348        0      329        0      259        0      278        0
          281        0      298        0      365        0      351        0
          332        0      256        0      274        0      312        0
          341        0      363        0      339        0      282        0
          321        0      375        0      369        0      360        0
          356        0      348        0      348        0      336        0
          360        0      357        0      330        0      354        0
          360        0      351        0      363        0      348        0
          324        0      342        0      345        0      354        0
          339        0      336        0      366        0      354        0
          342        0      342        0      357        0      336        0
          342        0      345        0      354        0      345        0
          351        0      360        0      316        0      363        0
          360        0      360        0      345        0      287        0
          283        0      342        0      339        0      353        0
          301        0      284        0      256        0      347        0
          366        0      354        0      285        0      286        0

Atom Distribution No.    59 at run step   16687:

  Count of atoms assigned to each task:
            0        0      266        0      257        0      341        0
          348        0      332        0      253        0      274        0
          281        0      294        0      337        0      357        0
          342        0      270        0      279        0      318        0
          353        0      339        0      348        0      334        0
          314        0      354        0      366        0      351        0
          353        0      332        0      372        0      354        0
          354        0      369        0      321        0      354        0
          342        0      357        0      348        0      357        0
          345        0      336        0      354        0      336        0
          354        0      333        0      330        0      363        0
          339        0      354        0      351        0      339        0
          345        0      336        0      345        0      357        0
          354        0      334        0      328        0      348        0
          354        0      351        0      335        0      332        0
          270        0      339        0      363        0      343        0
          323        0      273        0      243        0      350        0
          354        0      357        0      282        0      287        0

Atom Distribution No.    60 at run step   16989:

  Count of atoms assigned to each task:
            0        0      275        0      251        0      332        0
          360        0      332        0      265        0      272        0
          279        0      277        0      346        0      339        0
          329        0      259        0      287        0      318        0
          362        0      357        0      348        0      295        0
          314        0      360        0      354        0      366        0
          350        0      348        0      369        0      348        0
          348        0      360        0      342        0      351        0
          363        0      363        0      348        0      360        0
          345        0      357        0      345        0      339        0
          342        0      336        0      342        0      333        0
          363        0      351        0      366        0      348        0
          333        0      342        0      351        0      354        0
          336        0      335        0      338        0      357        0
          357        0      351        0      351        0      276        0
          288        0      330        0      345        0      346        0
          310        0      274        0      259        0      348        0
          360        0      360        0      260        0      303        0

Atom Distribution No.    61 at run step   17295:

  Count of atoms assigned to each task:
            0        0      267        0      269        0      339        0
          333        0      343        0      262        0      272        0
          277        0      286        0      322        0      363        0
          335        0      271        0      275        0      325        0
          353        0      369        0      345        0      293        0
          337        0      364        0      348        0      357        0
          371        0      327        0      348        0      354        0
          348        0      357        0      348        0      351        0
          369        0      369        0      345        0      363        0
          345        0      345        0      339        0      351        0
          366        0      333        0      342        0      333        0
          348        0      354        0      360        0      339        0
          354        0      333        0      354        0      357        0
          336        0      342        0      325        0      348        0
          363        0      345        0      333        0      290        0
          301        0      336        0      363        0      355        0
          298        0      284        0      249        0      334        0
          351        0      360        0      271        0      266        0

Atom Distribution No.    62 at run step   17592:

  Count of atoms assigned to each task:
            0        0      271        0      277        0      344        0
          348        0      321        0      265        0      268        0
          261        0      284        0      331        0      363        0
          338        0      271        0      275        0      319        0
          360        0      354        0      342        0      306        0
          347        0      364        0      330        0      366        0
          356        0      335        0      369        0      345        0
          327        0      354        0      351        0      354        0
          369        0      366        0      351        0      351        0
          345        0      339        0      354        0      342        0
          351        0      333        0      351        0      333        0
          363        0      369        0      342        0      333        0
          318        0      363        0      333        0      369        0
          330        0      349        0      327        0      337        0
          384        0      345        0      343        0      278        0
          313        0      348        0      339        0      360        0
          297        0      274        0      254        0      337        0
          336        0      363        0      282        0      291        0

Atom Distribution No.    63 at run step   17886:

  Count of atoms assigned to each task:
            0        0      262        0      291        0      341        0
          357        0      330        0      261        0      283        0
          267        0      282        0      341        0      348        0
          346        0      260        0      273        0      321        0
          365        0      354        0      357        0      315        0
          318        0      358        0      336        0      345        0
          341        0      338        0      342        0      357        0
          357        0      360        0      354        0      351        0
          366        0      354        0      336        0      369        0
          366        0      351        0      351        0      348        0
          348        0      324        0      339        0      333        0
          360        0      354        0      357        0      345        0
          345        0      351        0      360        0      348        0
          321        0      353        0      302        0      360        0
          351        0      363        0      327        0      307        0
          271        0      340        0      354        0      345        0
          311        0      287        0      255        0      335        0
          351        0      348        0      270        0      291        0

Atom Distribution No.    64 at run step   18189:

  Count of atoms assigned to each task:
            0        0      274        0      258        0      342        0
          354        0      341        0      265        0      277        0
          278        0      281        0      348        0      351        0
          324        0      269        0      282        0      322        0
          344        0      363        0      351        0      316        0
          350        0      348        0      351        0      345        0
          356        0      335        0      357        0      342        0
          345        0      366        0      348        0      360        0
          357        0      360        0      360        0      342        0
          333        0      348        0      366        0      342        0
          360        0      336        0      342        0      339        0
          354        0      348        0      345        0      342        0
          333        0      348        0      351        0      357        0
          330        0      344        0      326        0      357        0
          369        0      345        0      327        0      276        0
          313        0      337        0      351        0      357        0
          317        0      274        0      264        0      322        0
          351        0      339        0      274        0      279        0

Atom Distribution No.    65 at run step   18489:

  Count of atoms assigned to each task:
            0        0      274        0      268        0      353        0
          348        0      345        0      276        0      284        0
          280        0      278        0      349        0      345        0
          334        0      265        0      263        0      320        0
          353        0      369        0      351        0      314        0
          353        0      343        0      351        0      333        0
          356        0      323        0      357        0      363        0
          357        0      354        0      330        0      354        0
          351        0      360        0      348        0      342        0
          357        0      330        0      354        0      354        0
          348        0      348        0      330        0      351        0
          354        0      342        0      342        0      351        0
          354        0      357        0      354        0      342        0
          357        0      331        0      316        0      348        0
          366        0      348        0      325        0      314        0
          287        0      326        0      363        0      346        0
          301        0      288        0      257        0      329        0
          351        0      348        0      266        0      279        0

Atom Distribution No.    66 at run step   18792:

  Count of atoms assigned to each task:
            0        0      276        0      262        0      353        0
          348        0      345        0      266        0      283        0
          263        0      304        0      323        0      357        0
          340        0      267        0      275        0      313        0
          356        0      354        0      354        0      297        0
          331        0      354        0      354        0      360        0
          359        0      324        0      363        0      336        0
          363        0      351        0      351        0      351        0
          354        0      357        0      342        0      351        0
          339        0      351        0      345        0      357        0
          354        0      336        0      330        0      333        0
          351        0      342        0      348        0      348        0
          342        0      363        0      348        0      375        0
          333        0      344        0      326        0      345        0
          354        0      345        0      324        0      296        0
          293        0      328        0      360        0      355        0
          328        0      283        0      249        0      336        0
          357        0      345        0      272        0      286        0

Atom Distribution No.    67 at run step   19094:

  Count of atoms assigned to each task:
            0        0      277        0      260        0      362        0
          354        0      347        0      256        0      276        0
          287        0      286        0      350        0      348        0
          338        0      266        0      274        0      323        0
          347        0      369        0      353        0      299        0
          346        0      360        0      348        0      339        0
          348        0      330        0      348        0      363        0
          357        0      354        0      345        0      348        0
          360        0      351        0      348        0      333        0
          345        0      354        0      339        0      360        0
          342        0      357        0      342        0      336        0
          348        0      354        0      342        0      348        0
          348        0      333        0      351        0      366        0
          354        0      341        0      334        0      348        0
          348        0      345        0      315        0      279        0
          272        0      347        0      354        0      355        0
          324        0      273        0      260        0      328        0
          357        0      348        0      278        0      283        0

Atom Distribution No.    68 at run step   19387:

  Count of atoms assigned to each task:
            0        0      271        0      284        0      351        0
          354        0      346        0      264        0      276        0
          278        0      284        0      340        0      360        0
          348        0      269        0      280        0      315        0
          356        0      357        0      352        0      312        0
          341        0      346        0      354        0      360        0
          348        0      336        0      345        0      360        0
          339        0      354        0      345        0      345        0
          366        0      363        0      342        0      336        0
          345        0      345        0      351        0      348        0
          339        0      360        0      336        0      339        0
          351        0      345        0      348        0      327        0
          348        0      339        0      360        0      354        0
          342        0      341        0      320        0      354        0
          351        0      351        0      318        0      317        0
          260        0      339        0      363        0      350        0
          305        0      275        0      273        0      338        0
          357        0      336        0      276        0      280        0

Atom Distribution No.    69 at run step   19686:

  Count of atoms assigned to each task:
            0        0      250        0      279        0      357        0
          351        0      342        0      259        0      290        0
          278        0      293        0      337        0      336        0
          340        0      273        0      270        0      305        0
          356        0      348        0      351        0      278        0
          325        0      357        0      345        0      351        0
          350        0      347        0      354        0      354        0
          363        0      357        0      336        0      351        0
          354        0      360        0      363        0      339        0
          336        0      351        0      348        0      351        0
          354        0      354        0      342        0      345        0
          348        0      330        0      345        0      345        0
          342        0      354        0      354        0      363        0
          351        0      336        0      320        0      348        0
          342        0      348        0      330        0      277        0
          314        0      340        0      363        0      362        0
          316        0      283        0      249        0      340        0
          348        0      351        0      282        0      297        0

Atom Distribution No.    70 at run step   19966:

  Count of atoms assigned to each task:
            0        0      264        0      273        0      342        0
          351        0      346        0      250        0      271        0
          283        0      283        0      359        0      351        0
          337        0      282        0      273        0      328        0
          342        0      348        0      357        0      299        0
          334        0      358        0      336        0      348        0
          357        0      327        0      357        0      354        0
          336        0      351        0      354        0      339        0
          360        0      378        0      336        0      351        0
          336        0      345        0      354        0      345        0
          369        0      348        0      330        0      348        0
          345        0      357        0      357        0      336        0
          354        0      336        0      345        0      345        0
          339        0      345        0      322        0      351        0
          360        0      348        0      342        0      310        0
          271        0      354        0      354        0      359        0
          311        0      272        0      258        0      325        0
          348        0      360        0      293        0      271        0

Atom Distribution No.    71 at run step   20264:

  Count of atoms assigned to each task:
            0        0      257        0      261        0      338        0
          345        0      332        0      266        0      273        0
          280        0      288        0      354        0      351        0
          333        0      272        0      284        0      320        0
          335        0      360        0      355        0      298        0
          313        0      355        0      342        0      330        0
          356        0      348        0      342        0      351        0
          360        0      360        0      333        0      354        0
          369        0      363        0      351        0      357        0
          336        0      345        0      345        0      357        0
          363        0      342        0      351        0      354        0
          333        0      357        0      348        0      336        0
          333        0      357        0      357        0      345        0
          339        0      328        0      323        0      345        0
          363        0      345        0      348        0      299        0
          304        0      357        0      369        0      356        0
          318        0      274        0      244        0      311        0
          351        0      357        0      285        0      297        0

Atom Distribution No.    72 at run step   20558:

  Count of atoms assigned to each task:
            0        0      264        0      272        0      330        0
          357        0      340        0      268        0      271        0
          269        0      275        0      348        0      345        0
          343        0      276        0      268        0      335        0
          349        0      354        0      349        0      305        0
          319        0      353        0      327        0      351        0
          353        0      334        0      336        0      360        0
          366        0      354        0      333        0      351        0
          351        0      378        0      348        0      351        0
          324        0      333        0      360        0      336        0
          360        0      360        0      339        0      351        0
          348        0      345        0      351        0      336        0
          342        0      357        0      351        0      354        0
          342        0      345        0      314        0      345        0
          360        0      342        0      324        0      331        0
          275        0      354        0      360        0      353        0
          317        0      289        0      261        0      325        0
          354        0      360        0      314        0      263        0

Atom Distribution No.    73 at run step   20849:

  Count of atoms assigned to each task:
            0        0      262        0      266        0      355        0
          357        0      339        0      270        0      291        0
          254        0      292        0      345        0      351        0
          330        0      269        0      282        0      268        0
          354        0      369        0      352        0      318        0
          307        0      329        0      333        0      357        0
          353        0      327        0      342        0      354        0
          357        0      351        0      351        0      351        0
          366        0      357        0      354        0      348        0
          339        0      339        0      354        0      342        0
          342        0      345        0      333        0      345        0
          342        0      348        0      339        0      336        0
          360        0      336        0      360        0      354        0
          336        0      333        0      334        0      347        0
          372        0      354        0      354        0      332        0
          262        0      366        0      354        0      353        0
          318        0      277        0      271        0      314        0
          354        0      363        0      290        0      299        0

Atom Distribution No.    74 at run step   21144:

  Count of atoms assigned to each task:
            0        0      264        0      284        0      353        0
          348        0      346        0      286        0      276        0
          277        0      283        0      348        0      345        0
          345        0      270        0      277        0      309        0
          360        0      345        0      345        0      291        0
          298        0      352        0      342        0      363        0
          359        0      333        0      357        0      363        0
          351        0      348        0      345        0      342        0
          351        0      357        0      342        0      345        0
          333        0      342        0      351        0      354        0
          342        0      342        0      333        0      342        0
          342        0      351        0      345        0      342        0
          327        0      357        0      357        0      345        0
          333        0      329        0      344        0      347        0
          366        0      345        0      339        0      344        0
          277        0      360        0      348        0      355        0
          330        0      283        0      259        0      335        0
          369        0      357        0      268        0      265        0

Atom Distribution No.    75 at run step   21446:

  Count of atoms assigned to each task:
            0        0      258        0      282        0      336        0
          354        0      357        0      280        0      282        0
          267        0      299        0      347        0      357        0
          310        0      280        0      273        0      317        0
          363        0      360        0      337        0      288        0
          327        0      357        0      357        0      348        0
          353        0      330        0      342        0      357        0
          342        0      351        0      345        0      351        0
          369        0      357        0      333        0      339        0
          336        0      339        0      354        0      342        0
          333        0      342        0      345        0      342        0
          357        0      360        0      351        0      351        0
          345        0      339        0      354        0      366        0
          345        0      327        0      329        0      356        0
          354        0      348        0      321        0      295        0
          278        0      360        0      363        0      354        0
          335        0      292        0      251        0      329        0
          348        0      348        0      282        0      282        0

Atom Distribution No.    76 at run step   21740:

  Count of atoms assigned to each task:
            0        0      273        0      260        0      348        0
          366        0      332        0      270        0      275        0
          263        0      306        0      355        0      372        0
          327        0      276        0      275        0      314        0
          349        0      366        0      337        0      304        0
          336        0      354        0      342        0      363        0
          341        0      324        0      354        0      357        0
          342        0      357        0      348        0      348        0
          360        0      360        0      330        0      336        0
          339        0      345        0      354        0      351        0
          360        0      330        0      357        0      348        0
          366        0      354        0      345        0      324        0
          333        0      360        0      351        0      354        0
          363        0      332        0      323        0      345        0
          369        0      342        0      357        0      318        0
          263        0      360        0      339        0      359        0
          313        0      265        0      256        0      280        0
          357        0      351        0      317        0      258        0

Atom Distribution No.    77 at run step   22034:

  Count of atoms assigned to each task:
            0        0      253        0      270        0      345        0
          372        0      351        0      260        0      281        0
          284        0      287        0      335        0      339        0
          322        0      273        0      257        0      287        0
          361        0      357        0      354        0      299        0
          308        0      365        0      357        0      357        0
          368        0      327        0      342        0      342        0
          363        0      354        0      330        0      354        0
          366        0      366        0      318        0      360        0
          327        0      339        0      351        0      348        0
          342        0      333        0      360        0      360        0
          360        0      369        0      354        0      333        0
          336        0      351        0      351        0      375        0
          351        0      348        0      337        0      350        0
          360        0      354        0      342        0      270        0
          327        0      345        0      354        0      349        0
          310        0      255        0      257        0      329        0
          342        0      357        0      279        0      289        0

Atom Distribution No.    78 at run step   22330:

  Count of atoms assigned to each task:
            0        0      248        0      279        0      351        0
          360        0      354        0      266        0      287        0
          272        0      284        0      335        0      351        0
          332        0      256        0      280        0      264        0
          332        0      372        0      336        0      303        0
          297        0      344        0      363        0      357        0
          350        0      334        0      342        0      354        0
          345        0      354        0      333        0      348        0
          360        0      369        0      339        0      366        0
          357        0      345        0      363        0      360        0
          333        0      339        0      345        0      342        0
          357        0      360        0      351        0      342        0
          342        0      345        0      357        0      360        0
          348        0      342        0      338        0      349        0
          369        0      363        0      357        0      315        0
          278        0      351        0      357        0      349        0
          302        0      278        0      265        0      324        0
          348        0      357        0      271        0      282        0

Atom Distribution No.    79 at run step   22630:

  Count of atoms assigned to each task:
            0        0      256        0      269        0      343        0
          372        0      364        0      265        0      280        0
          260        0      296        0      317        0      348        0
          341        0      268        0      260        0      308        0
          353        0      354        0      345        0      315        0
          294        0      364        0      342        0      348        0
          353        0      335        0      336        0      360        0
          357        0      363        0      339        0      354        0
          363        0      363        0      333        0      342        0
          342        0      339        0      348        0      345        0
          351        0      336        0      339        0      351        0
          342        0      369        0      354        0      360        0
          333        0      345        0      357        0      366        0
          339        0      342        0      347        0      360        0
          357        0      357        0      354        0      277        0
          291        0      356        0      345        0      365        0
          315        0      276        0      254        0      336        0
          342        0      348        0      262        0      298        0

Atom Distribution No.    80 at run step   22927:

  Count of atoms assigned to each task:
            0        0      261        0      281        0      347        0
          357        0      353        0      265        0      272        0
          266        0      283        0      338        0      354        0
          319        0      275        0      266        0      305        0
          348        0      348        0      348        0      287        0
          319        0      333        0      348        0      354        0
          353        0      333        0      336        0      363        0
          345        0      363        0      339        0      348        0
          366        0      366        0      345        0      348        0
          342        0      327        0      375        0      342        0
          330        0      360        0      333        0      336        0
          345        0      354        0      357        0      348        0
          369        0      360        0      351        0      369        0
          339        0      345        0      332        0      342        0
          348        0      348        0      351        0      332        0
          273        0      350        0      354        0      346        0
          337        0      274        0      251        0      319        0
          360        0      357        0      290        0      280        0

Atom Distribution No.    81 at run step   23229:

  Count of atoms assigned to each task:
            0        0      265        0      266        0      337        0
          351        0      330        0      260        0      280        0
          261        0      287        0      342        0      375        0
          339        0      278        0      268        0      287        0
          360        0      357        0      354        0      322        0
          281        0      338        0      339        0      357        0
          344        0      333        0      342        0      357        0
          363        0      360        0      351        0      342        0
          351        0      360        0      342        0      351        0
          336        0      345        0      363        0      345        0
          342        0      348        0      357        0      330        0
          369        0      351        0      357        0      354        0
          357        0      357        0      363        0      357        0
          348        0      347        0      347        0      344        0
          369        0      339        0      330        0      293        0
          297        0      345        0      348        0      341        0
          323        0      288        0      250        0      358        0
          342        0      345        0      264        0      279        0

Atom Distribution No.    82 at run step   23531:

  Count of atoms assigned to each task:
            0        0      249        0      280        0      318        0
          342        0      337        0      259        0      267        0
          265        0      270        0      345        0      351        0
          337        0      280        0      249        0      317        0
          357        0      366        0      342        0      307        0
          335        0      358        0      360        0      345        0
          344        0      333        0      336        0      372        0
          366        0      342        0      336        0      351        0
          345        0      354        0      339        0      360        0
          342        0      345        0      363        0      363        0
          345        0      360        0      342        0      348        0
          363        0      360        0      339        0      333        0
          342        0      348        0      348        0      354        0
          339        0      366        0      339        0      344        0
          351        0      366        0      336        0      288        0
          287        0      324        0      354        0      346        0
          321        0      277        0      265        0      345        0
          360        0      348        0      291        0      302        0

Atom Distribution No.    83 at run step   23825:

  Count of atoms assigned to each task:
            0        0      259        0      259        0      347        0
          348        0      340        0      288        0      268        0
          257        0      285        0      344        0      360        0
          325        0      290        0      256        0      306        0
          356        0      360        0      351        0      322        0
          324        0      345        0      357        0      354        0
          350        0      328        0      330        0      372        0
          354        0      357        0      327        0      366        0
          354        0      360        0      333        0      363        0
          345        0      342        0      357        0      363        0
          345        0      345        0      348        0      342        0
          339        0      360        0      345        0      351        0
          369        0      345        0      360        0      357        0
          330        0      336        0      342        0      345        0
          342        0      363        0      338        0      302        0
          266        0      345        0      363        0      355        0
          328        0      252        0      275        0      311        0
          336        0      339        0      300        0      282        0

Atom Distribution No.    84 at run step   24123:

  Count of atoms assigned to each task:
            0        0      253        0      271        0      343        0
          348        0      344        0      277        0      268        0
          256        0      300        0      344        0      348        0
          329        0      276        0      280        0      318        0
          338        0      354        0      354        0      322        0
          289        0      343        0      360        0      345        0
          341        0      347        0      330        0      366        0
          366        0      348        0      342        0      342        0
          351        0      369        0      336        0      366        0
          336        0      342        0      360        0      348        0
          336        0      345        0      339        0      366        0
          339        0      369        0      345        0      342        0
          348        0      363        0      345        0      363        0
          348        0      353        0      340        0      345        0
          348        0      348        0      338        0      279        0
          326        0      345        0      354        0      340        0
          318        0      279        0      259        0      335        0
          342        0      351        0      272        0      288        0

Atom Distribution No.    85 at run step   24417:

  Count of atoms assigned to each task:
            0        0      265        0      273        0      361        0
          339        0      337        0      278        0      267        0
          285        0      290        0      345        0      360        0
          330        0      261        0      268        0      312        0
          344        0      354        0      357        0      303        0
          315        0      351        0      366        0      357        0
          342        0      333        0      348        0      339        0
          366        0      351        0      351        0      342        0
          363        0      360        0      345        0      351        0
          327        0      339        0      351        0      345        0
          357        0      336        0      351        0      345        0
          330        0      375        0      345        0      348        0
          357        0      372        0      354        0      354        0
          342        0      329        0      342        0      345        0
          354        0      342        0      347        0      331        0
          260        0      342        0      354        0      343        0
          309        0      271        0      256        0      334        0
          339        0      345        0      286        0      292        0

Atom Distribution No.    86 at run step   24711:

  Count of atoms assigned to each task:
            0        0      253        0      283        0      331        0
          351        0      339        0      267        0      276        0
          279        0      313        0      347        0      351        0
          335        0      271        0      267        0      328        0
          350        0      354        0      339        0      308        0
          316        0      339        0      363        0      339        0
          341        0      331        0      342        0      354        0
          357        0      354        0      351        0      345        0
          360        0      366        0      348        0      351        0
          339        0      333        0      372        0      342        0
          354        0      330        0      333        0      354        0
          351        0      348        0      351        0      339        0
          348        0      342        0      372        0      360        0
          336        0      357        0      338        0      344        0
          351        0      339        0      339        0      281        0
          303        0      339        0      360        0      344        0
          317        0      294        0      256        0      343        0
          327        0      345        0      274        0      304        0

Atom Distribution No.    87 at run step   25002:

  Count of atoms assigned to each task:
            0        0      266        0      280        0      355        0
          342        0      344        0      261        0      290        0
          274        0      265        0      346        0      354        0
          337        0      266        0      258        0      333        0
          350        0      351        0      336        0      303        0
          330        0      348        0      357        0      336        0
          332        0      327        0      348        0      360        0
          363        0      369        0      345        0      339        0
          366        0      363        0      348        0      351        0
          333        0      345        0      363        0      360        0
          342        0      330        0      360        0      348        0
          348        0      345        0      342        0      339        0
          345        0      351        0      354        0      345        0
          348        0      346        0      339        0      356        0
          351        0      351        0      336        0      328        0
          275        0      348        0      360        0      346        0
          316        0      264        0      255        0      292        0
          342        0      363        0      309        0      290        0

Atom Distribution No.    88 at run step   25300:

  Count of atoms assigned to each task:
            0        0      258        0      268        0      341        0
          339        0      332        0      295        0      289        0
          269        0      276        0      340        0      354        0
          329        0      265        0      270        0      322        0
          347        0      375        0      357        0      310        0
          318        0      361        0      360        0      342        0
          354        0      330        0      348        0      357        0
          348        0      345        0      342        0      342        0
          354        0      372        0      357        0      363        0
          336        0      339        0      345        0      357        0
          336        0      339        0      354        0      366        0
          348        0      357        0      348        0      348        0
          345        0      366        0      327        0      357        0
          342        0      336        0      322        0      353        0
          369        0      351        0      348        0      282        0
          274        0      357        0      348        0      361        0
          295        0      270        0      274        0      330        0
          345        0      351        0      279        0      274        0

Atom Distribution No.    89 at run step   25596:

  Count of atoms assigned to each task:
            0        0      260        0      267        0      329        0
          342        0      333        0      270        0      276        0
          278        0      277        0      358        0      345        0
          334        0      284        0      256        0      334        0
          341        0      369        0      354        0      297        0
          326        0      346        0      375        0      345        0
          335        0      339        0      363        0      342        0
          345        0      342        0      351        0      336        0
          372        0      360        0      351        0      357        0
          336        0      345        0      342        0      357        0
          354        0      330        0      354        0      348        0
          351        0      339        0      354        0      345        0
          363        0      342        0      348        0      342        0
          342        0      327        0      319        0      353        0
          357        0      375        0      336        0      288        0
          316        0      351        0      354        0      361        0
          323        0      269        0      271        0      329        0
          360        0      342        0      261        0      285        0

Atom Distribution No.    90 at run step   25909:

  Count of atoms assigned to each task:
            0        0      259        0      265        0      337        0
          348        0      328        0      278        0      262        0
          285        0      300        0      343        0      369        0
          338        0      263        0      269        0      313        0
          344        0      357        0      355        0      312        0
          336        0      352        0      363        0      342        0
          356        0      336        0      345        0      357        0
          336        0      351        0      339        0      354        0
          345        0      369        0      339        0      354        0
          336        0      345        0      339        0      363        0
          354        0      342        0      354        0      357        0
          354        0      354        0      345        0      333        0
          342        0      344        0      342        0      336        0
          357        0      331        0      321        0      339        0
          351        0      369        0      330        0      308        0
          292        0      354        0      363        0      335        0
          307        0      288        0      263        0      327        0
          345        0      354        0      275        0      310        0

Atom Distribution No.    91 at run step   26217:

  Count of atoms assigned to each task:
            0        0      271        0      264        0      355        0
          345        0      341        0      261        0      275        0
          255        0      273        0      340        0      351        0
          342        0      277        0      284        0      327        0
          359        0      363        0      351        0      316        0
          318        0      355        0      357        0      363        0
          359        0      327        0      345        0      345        0
          354        0      351        0      348        0      351        0
          375        0      348        0      351        0      348        0
          345        0      339        0      351        0      351        0
          342        0      327        0      360        0      348        0
          354        0      342        0      363        0      342        0
          348        0      342        0      339        0      357        0
          345        0      331        0      321        0      333        0
          354        0      342        0      336        0      329        0
          274        0      348        0      366        0      356        0
          329        0      255        0      258        0      312        0
          354        0      357        0      288        0      275        0

Atom Distribution No.    92 at run step   26516:

  Count of atoms assigned to each task:
            0        0      258        0      282        0      339        0
          360        0      330        0      267        0      277        0
          258        0      294        0      337        0      351        0
          341        0      278        0      276        0      334        0
          356        0      354        0      346        0      314        0
          334        0      361        0      372        0      369        0
          356        0      339        0      357        0      357        0
          330        0      348        0      342        0      354        0
          357        0      351        0      351        0      348        0
          339        0      345        0      369        0      333        0
          369        0      339        0      351        0      339        0
          354        0      342        0      348        0      342        0
          344        0      360        0      342        0      360        0
          327        0      339        0      321        0      339        0
          345        0      357        0      332        0      277        0
          306        0      342        0      345        0      356        0
          320        0      256        0      269        0      310        0
          363        0      354        0      273        0      273        0

Atom Distribution No.    93 at run step   26816:

  Count of atoms assigned to each task:
            0        0      264        0      269        0      346        0
          339        0      336        0      276        0      260        0
          276        0      279        0      337        0      360        0
          346        0      264        0      287        0      331        0
          362        0      348        0      343        0      294        0
          336        0      364        0      360        0      366        0
          323        0      336        0      366        0      354        0
          339        0      357        0      354        0      348        0
          357        0      345        0      351        0      360        0
          330        0      348        0      348        0      354        0
          351        0      342        0      351        0      375        0
          345        0      351        0      345        0      354        0
          348        0      336        0      348        0      345        0
          339        0      333        0      332        0      354        0
          357        0      342        0      336        0      287        0
          279        0      345        0      345        0      356        0
          303        0      258        0      260        0      347        0
          360        0      360        0      267        0      294        0

Atom Distribution No.    94 at run step   27118:

  Count of atoms assigned to each task:
            0        0      273        0      274        0      340        0
          357        0      339        0      269        0      256        0
          274        0      276        0      346        0      345        0
          322        0      270        0      270        0      305        0
          352        0      348        0      354        0      312        0
          351        0      335        0      351        0      360        0
          353        0      330        0      363        0      372        0
          351        0      357        0      351        0      345        0
          366        0      342        0      351        0      339        0
          339        0      357        0      345        0      354        0
          357        0      345        0      327        0      339        0
          357        0      357        0      357        0      345        0
          357        0      362        0      351        0      351        0
          348        0      345        0      321        0      333        0
          351        0      348        0      338        0      276        0
          307        0      366        0      357        0      338        0
          310        0      264        0      247        0      342        0
          354        0      369        0      270        0      275        0

Atom Distribution No.    95 at run step   27407:

  Count of atoms assigned to each task:
            0        0      275        0      263        0      349        0
          348        0      339        0      276        0      263        0
          270        0      290        0      332        0      351        0
          325        0      279        0      259        0      318        0
          350        0      348        0      351        0      310        0
          295        0      343        0      369        0      363        0
          342        0      338        0      348        0      360        0
          354        0      360        0      351        0      342        0
          357        0      366        0      363        0      354        0
          336        0      345        0      357        0      336        0
          345        0      345        0      348        0      348        0
          351        0      372        0      336        0      336        0
          339        0      356        0      342        0      339        0
          351        0      348        0      331        0      351        0
          363        0      348        0      332        0      315        0
          287        0      342        0      366        0      341        0
          312        0      289        0      245        0      303        0
          357        0      360        0      282        0      303        0

Atom Distribution No.    96 at run step   27708:

  Count of atoms assigned to each task:
            0        0      257        0      268        0      363        0
          348        0      328        0      281        0      261        0
          274        0      291        0      345        0      357        0
          333        0      278        0      267        0      324        0
          357        0      363        0      343        0      298        0
          329        0      358        0      354        0      357        0
          354        0      325        0      339        0      360        0
          348        0      351        0      354        0      363        0
          336        0      348        0      357        0      363        0
          321        0      342        0      345        0      366        0
          345        0      354        0      336        0      345        0
          351        0      360        0      348        0      342        0
          351        0      353        0      342        0      357        0
          342        0      336        0      326        0      363        0
          366        0      345        0      330        0      287        0
          294        0      333        0      357        0      350        0
          320        0      269        0      262        0      317        0
          354        0      360        0      282        0      275        0

Atom Distribution No.    97 at run step   28008:

  Count of atoms assigned to each task:
            0        0      265        0      270        0      353        0
          357        0      333        0      278        0      264        0
          270        0      310        0      336        0      351        0
          325        0      279        0      283        0      325        0
          354        0      357        0      330        0      300        0
          323        0      343        0      366        0      354        0
          351        0      339        0      339        0      348        0
          348        0      351        0      345        0      357        0
          345        0      348        0      366        0      348        0
          339        0      348        0      348        0      360        0
          336        0      336        0      351        0      351        0
          342        0      360        0      360        0      324        0
          330        0      350        0      351        0      363        0
          342        0      349        0      330        0      363        0
          345        0      342        0      333        0      281        0
          290        0      351        0      366        0      350        0
          316        0      292        0      261        0      323        0
          348        0      351        0      288        0      277        0

Atom Distribution No.    98 at run step   28303:

  Count of atoms assigned to each task:
            0        0      267        0      277        0      344        0
          336        0      335        0      284        0      274        0
          273        0      287        0      345        0      351        0
          322        0      265        0      272        0      330        0
          339        0      357        0      340        0      293        0
          314        0      364        0      354        0      360        0
          335        0      333        0      348        0      354        0
          345        0      357        0      342        0      363        0
          354        0      366        0      351        0      348        0
          318        0      357        0      333        0      348        0
          360        0      357        0      354        0      342        0
          357        0      363        0      363        0      327        0
          342        0      356        0      363        0      339        0
          357        0      334        0      340        0      342        0
          351        0      336        0      342        0      306        0
          265        0      342        0      363        0      353        0
          331        0      282        0      256        0      339        0
          348        0      366        0      273        0      274        0

Atom Distribution No.    99 at run step   28601:

  Count of atoms assigned to each task:
            0        0      265        0      275        0      350        0
          348        0      339        0      274        0      261        0
          297        0      274        0      339        0      366        0
          313        0      273        0      268        0      318        0
          354        0      348        0      347        0      292        0
          331        0      358        0      354        0      345        0
          339        0      333        0      348        0      351        0
          357        0      357        0      345        0      351        0
          348        0      363        0      348        0      351        0
          336        0      333        0      342        0      336        0
          348        0      354        0      354        0      348        0
          375        0      351        0      351        0      336        0
          345        0      344        0      339        0      360        0
          351        0      342        0      306        0      369        0
          372        0      348        0      342        0      291        0
          295        0      342        0      354        0      338        0
          329        0      275        0      261        0      344        0
          342        0      345        0      270        0      310        0

Atom Distribution No.   100 at run step   28901:

  Count of atoms assigned to each task:
            0        0      269        0      274        0      353        0
          354        0      342        0      276        0      274        0
          288        0      320        0      339        0      354        0
          288        0      279        0      274        0      323        0
          363        0      348        0      343        0      300        0
          329        0      346        0      354        0      360        0
          340        0      330        0      360        0      345        0
          348        0      339        0      351        0      348        0
          336        0      366        0      354        0      345        0
          351        0      336        0      345        0      348        0
          357        0      342        0      345        0      351        0
          348        0      366        0      348        0      342        0
          330        0      350        0      336        0      351        0
          354        0      325        0      318        0      354        0
          363        0      348        0      345        0      304        0
          287        0      345        0      342        0      353        0
          333        0      286        0      256        0      326        0
          336        0      357        0      291        0      277        0

Atom Distribution No.   101 at run step   29190:

  Count of atoms assigned to each task:
            0        0      270        0      265        0      346        0
          357        0      320        0      274        0      285        0
          281        0      297        0      336        0      354        0
          298        0      272        0      284        0      343        0
          354        0      351        0      337        0      307        0
          316        0      334        0      363        0      351        0
          332        0      342        0      351        0      351        0
          351        0      357        0      336        0      366        0
          351        0      357        0      345        0      357        0
          336        0      330        0      342        0      342        0
          354        0      354        0      351        0      354        0
          363        0      363        0      339        0      339        0
          354        0      350        0      345        0      363        0
          342        0      335        0      309        0      348        0
          357        0      348        0      350        0      301        0
          277        0      342        0      357        0      365        0
          322        0      279        0      256        0      328        0
          333        0      354        0      309        0      276        0

Atom Distribution No.   102 at run step   29482:

  Count of atoms assigned to each task:
            0        0      276        0      257        0      352        0
          351        0      334        0      273        0      282        0
          293        0      265        0      347        0      348        0
          335        0      272        0      280        0      338        0
          354        0      372        0      341        0      293        0
          329        0      349        0      354        0      339        0
          336        0      339        0      360        0      342        0
          351        0      354        0      345        0      339        0
          348        0      351        0      348        0      366        0
          336        0      336        0      351        0      354        0
          351        0      348        0      351        0      345        0
          348        0      366        0      342        0      324        0
          339        0      362        0      342        0      369        0
          345        0      337        0      322        0      333        0
          363        0      336        0      339        0      301        0
          273        0      351        0      348        0      362        0
          332        0      283        0      254        0      336        0
          336        0      363        0      276        0      291        0

Atom Distribution No.   103 at run step   29777:

  Count of atoms assigned to each task:
            0        0      291        0      266        0      346        0
          351        0      349        0      282        0      278        0
          285        0      300        0      360        0      345        0
          295        0      264        0      274        0      347        0
          366        0      345        0      362        0      294        0
          327        0      342        0      345        0      351        0
          352        0      345        0      354        0      360        0
          351        0      351        0      342        0      363        0
          342        0      339        0      351        0      354        0
          339        0      348        0      342        0      348        0
          348        0      345        0      330        0      342        0
          345        0      357        0      360        0      342        0
          342        0      350        0      345        0      345        0
          372        0      326        0      322        0      339        0
          351        0      369        0      332        0      271        0
          302        0      348        0      351        0      344        0
          317        0      278        0      250        0      335        0
          354        0      339        0      275        0      286        0

Atom Distribution No.   104 at run step   30080:

  Count of atoms assigned to each task:
            0        0      273        0      268        0      348        0
          360        0      345        0      275        0      280        0
          287        0      327        0      354        0      351        0
          268        0      289        0      272        0      329        0
          339        0      369        0      337        0      279        0
          327        0      360        0      348        0      363        0
          344        0      333        0      342        0      345        0
          351        0      360        0      354        0      354        0
          345        0      348        0      348        0      348        0
          345        0      342        0      339        0      369        0
          345        0      357        0      330        0      354        0
          345        0      357        0      342        0      342        0
          342        0      356        0      345        0      360        0
          348        0      334        0      325        0      342        0
          363        0      348        0      338        0      271        0
          302        0      360        0      351        0      347        0
          311        0      286        0      256        0      327        0
          342        0      354        0      259        0      304        0

Atom Distribution No.   105 at run step   30380:

  Count of atoms assigned to each task:
            0        0      270        0      274        0      334        0
          354        0      337        0      279        0      283        0
          290        0      320        0      351        0      354        0
          303        0      274        0      269        0      345        0
          342        0      348        0      330        0      297        0
          326        0      355        0      351        0      351        0
          358        0      333        0      351        0      360        0
          345        0      363        0      348        0      351        0
          342        0      363        0      342        0      354        0
          336        0      342        0      342        0      348        0
          354        0      342        0      345        0      351        0
          348        0      363        0      342        0      354        0
          345        0      344        0      351        0      354        0
          339        0      333        0      325        0      357        0
          348        0      357        0      326        0      280        0
          283        0      336        0      345        0      341        0
          303        0      283        0      277        0      335        0
          348        0      369        0      280        0      285        0

Atom Distribution No.   106 at run step   30672:

  Count of atoms assigned to each task:
            0        0      282        0      270        0      338        0
          357        0      356        0      268        0      277        0
          280        0      307        0      357        0      336        0
          256        0      272        0      280        0      325        0
          345        0      372        0      348        0      297        0
          332        0      367        0      357        0      345        0
          350        0      336        0      357        0      339        0
          342        0      369        0      339        0      351        0
          345        0      351        0      342        0      351        0
          342        0      357        0      357        0      351        0
          366        0      339        0      336        0      330        0
          339        0      357        0      342        0      357        0
          330        0      347        0      348        0      369        0
          348        0      339        0      321        0      354        0
          354        0      345        0      315        0      307        0
          273        0      360        0      360        0      353        0
          321        0      279        0      264        0      325        0
          342        0      360        0      273        0      302        0

Atom Distribution No.   107 at run step   30965:

  Count of atoms assigned to each task:
            0        0      286        0      265        0      348        0
          354        0      347        0      265        0      294        0
          285        0      300        0      351        0      345        0
          285        0      261        0      261        0      332        0
          348        0      354        0      360        0      307        0
          348        0      340        0      354        0      363        0
          340        0      327        0      357        0      351        0
          351        0      363        0      342        0      354        0
          342        0      369        0      351        0      345        0
          342        0      345        0      363        0      351        0
          369        0      336        0      348        0      339        0
          327        0      333        0      336        0      342        0
          339        0      365        0      360        0      357        0
          342        0      331        0      323        0      354        0
          354        0      372        0      315        0      280        0
          335        0      351        0      360        0      344        0
          322        0      273        0      250        0      336        0
          330        0      360        0      262        0      267        0

Atom Distribution No.   108 at run step   31266:

  Count of atoms assigned to each task:
            0        0      280        0      270        0      358        0
          357        0      340        0      268        0      283        0
          278        0      312        0      336        0      345        0
          285        0      275        0      272        0      333        0
          354        0      348        0      335        0      300        0
          332        0      345        0      369        0      369        0
          343        0      330        0      372        0      342        0
          348        0      351        0      339        0      354        0
          342        0      363        0      351        0      354        0
          339        0      348        0      354        0      357        0
          342        0      351        0      345        0      339        0
          339        0      336        0      363        0      324        0
          345        0      338        0      354        0      372        0
          324        0      324        0      330        0      351        0
          363        0      351        0      336        0      299        0
          313        0      357        0      354        0      347        0
          299        0      266        0      266        0      343        0
          345        0      330        0      278        0      303        0

Atom Distribution No.   109 at run step   31559:

  Count of atoms assigned to each task:
            0        0      286        0      267        0      360        0
          369        0      338        0      273        0      296        0
          275        0      294        0      367        0      342        0
          318        0      271        0      278        0      351        0
          339        0      357        0      346        0      315        0
          331        0      342        0      357        0      351        0
          341        0      336        0      351        0      366        0
          351        0      351        0      345        0      348        0
          357        0      348        0      363        0      351        0
          351        0      333        0      348        0      351        0
          354        0      333        0      333        0      354        0
          345        0      360        0      342        0      339        0
          345        0      330        0      348        0      369        0
          339        0      340        0      323        0      357        0
          345        0      333        0      332        0      287        0
          281        0      348        0      360        0      338        0
          312        0      261        0      263        0      338        0
          342        0      342        0      263        0      288        0

Atom Distribution No.   110 at run step   31860:

  Count of atoms assigned to each task:
            0        0      281        0      267        0      355        0
          360        0      346        0      270        0      296        0
          272        0      299        0      349        0      357        0
          277        0      278        0      281        0      349        0
          351        0      339        0      353        0      315        0
          334        0      352        0      360        0      351        0
          334        0      324        0      351        0      357        0
          357        0      348        0      342        0      360        0
          357        0      348        0      342        0      372        0
          330        0      354        0      351        0      351        0
          351        0      342        0      336        0      360        0
          330        0      345        0      342        0      348        0
          339        0      324        0      360        0      372        0
          342        0      343        0      314        0      354        0
          357        0      360        0      329        0      273        0
          318        0      363        0      342        0      353        0
          314        0      259        0      269        0      339        0
          342        0      324        0      252        0      292        0

Atom Distribution No.   111 at run step   32155:

  Count of atoms assigned to each task:
            0        0      272        0      258        0      340        0
          345        0      332        0      270        0      288        0
          291        0      277        0      347        0      363        0
          321        0      270        0      263        0      343        0
          357        0      360        0      347        0      295        0
          332        0      349        0      351        0      348        0
          346        0      351        0      360        0      348        0
          360        0      360        0      345        0      330        0
          366        0      360        0      363        0      339        0
          333        0      366        0      354        0      351        0
          348        0      345        0      333        0      345        0
          348        0      351        0      342        0      339        0
          348        0      342        0      354        0      345        0
          354        0      333        0      322        0      360        0
          363        0      360        0      350        0      284        0
          290        0      354        0      348        0      341        0
          292        0      270        0      269        0      347        0
          348        0      344        0      262        0      276        0

Atom Distribution No.   112 at run step   32451:

  Count of atoms assigned to each task:
            0        0      271        0      255        0      336        0
          354        0      334        0      270        0      289        0
          281        0      287        0      358        0      339        0
          335        0      285        0      267        0      313        0
          354        0      351        0      344        0      303        0
          338        0      348        0      360        0      345        0
          336        0      330        0      345        0      354        0
          354        0      366        0      342        0      357        0
          351        0      369        0      342        0      351        0
          330        0      354        0      336        0      360        0
          357        0      354        0      342        0      363        0
          357        0      351        0      342        0      321        0
          336        0      332        0      339        0      375        0
          339        0      352        0      333        0      351        0
          357        0      363        0      330        0      279        0
          308        0      357        0      336        0      359        0
          301        0      284        0      254        0      347        0
          357        0      351        0      260        0      277        0

Atom Distribution No.   113 at run step   32752:

  Count of atoms assigned to each task:
            0        0      290        0      256        0      355        0
          354        0      331        0      272        0      281        0
          286        0      271        0      349        0      348        0
          330        0      262        0      273        0      335        0
          348        0      348        0      357        0      336        0
          337        0      357        0      345        0      357        0
          344        0      334        0      348        0      348        0
          345        0      366        0      336        0      345        0
          327        0      345        0      348        0      345        0
          342        0      345        0      351        0      345        0
          351        0      351        0      339        0      348        0
          348        0      357        0      360        0      339        0
          336        0      350        0      354        0      348        0
          345        0      342        0      355        0      348        0
          360        0      348        0      335        0      272        0
          319        0      366        0      336        0      350        0
          324        0      281        0      246        0      334        0
          333        0      353        0      258        0      280        0

Atom Distribution No.   114 at run step   33051:

  Count of atoms assigned to each task:
            0        0      269        0      283        0      343        0
          351        0      353        0      265        0      295        0
          287        0      306        0      348        0      348        0
          333        0      274        0      279        0      325        0
          342        0      357        0      358        0      293        0
          340        0      363        0      354        0      351        0
          329        0      332        0      339        0      348        0
          351        0      351        0      348        0      357        0
          348        0      351        0      351        0      354        0
          333        0      348        0      342        0      357        0
          336        0      345        0      327        0      342        0
          339        0      357        0      357        0      360        0
          333        0      362        0      354        0      348        0
          345        0      327        0      325        0      358        0
          354        0      357        0      326        0      283        0
          318        0      354        0      348        0      341        0
          307        0      284        0      252        0      343        0
          345        0      347        0      251        0      277        0

Atom Distribution No.   115 at run step   33351:

  Count of atoms assigned to each task:
            0        0      279        0      271        0      365        0
          348        0      349        0      278        0      280        0
          278        0      316        0      360        0      357        0
          290        0      278        0      284        0      338        0
          357        0      354        0      338        0      314        0
          323        0      355        0      333        0      363        0
          330        0      345        0      339        0      357        0
          357        0      348        0      336        0      351        0
          342        0      333        0      345        0      360        0
          321        0      342        0      348        0      357        0
          354        0      339        0      342        0      348        0
          348        0      354        0      354        0      342        0
          342        0      353        0      345        0      342        0
          345        0      339        0      334        0      360        0
          351        0      357        0      339        0      272        0
          305        0      348        0      342        0      350        0
          334        0      269        0      263        0      327        0
          360        0      339        0      244        0      298        0

Atom Distribution No.   116 at run step   33641:

  Count of atoms assigned to each task:
            0        0      284        0      278        0      338        0
          336        0      343        0      282        0      273        0
          275        0      327        0      360        0      354        0
          318        0      267        0      278        0      331        0
          351        0      357        0      365        0      286        0
          344        0      360        0      348        0      342        0
          327        0      339        0      348        0      336        0
          351        0      366        0      324        0      348        0
          369        0      357        0      351        0      348        0
          336        0      348        0      345        0      348        0
          354        0      342        0      327        0      345        0
          351        0      354        0      345        0      342        0
          336        0      353        0      345        0      354        0
          351        0      331        0      323        0      354        0
          357        0      333        0      339        0      319        0
          272        0      354        0      357        0      350        0
          313        0      272        0      255        0      346        0
          351        0      356        0      259        0      280        0

Atom Distribution No.   117 at run step   33937:

  Count of atoms assigned to each task:
            0        0      283        0      272        0      332        0
          336        0      368        0      263        0      281        0
          281        0      337        0      369        0      351        0
          277        0      261        0      304        0      342        0
          360        0      366        0      346        0      304        0
          354        0      357        0      339        0      351        0
          330        0      354        0      333        0      351        0
          336        0      360        0      342        0      330        0
          360        0      360        0      345        0      354        0
          342        0      345        0      351        0      357        0
          351        0      333        0      339        0      357        0
          333        0      348        0      342        0      327        0
          333        0      338        0      372        0      342        0
          345        0      350        0      313        0      363        0
          342        0      357        0      321        0      275        0
          305        0      339        0      348        0      341        0
          306        0      282        0      257        0      351        0
          360        0      357        0      253        0      294        0

Atom Distribution No.   118 at run step   34232:

  Count of atoms assigned to each task:
            0        0      280        0      255        0      359        0
          342        0      364        0      274        0      275        0
          285        0      274        0      354        0      363        0
          304        0      266        0      270        0      357        0
          369        0      363        0      348        0      315        0
          346        0      351        0      348        0      357        0
          341        0      336        0      336        0      354        0
          339        0      354        0      342        0      348        0
          342        0      369        0      357        0      357        0
          330        0      351        0      345        0      363        0
          342        0      339        0      333        0      351        0
          354        0      360        0      345        0      345        0
          336        0      345        0      339        0      360        0
          330        0      332        0      319        0      357        0
          351        0      351        0      341        0      308        0
          279        0      340        0      357        0      341        0
          329        0      281        0      255        0      333        0
          345        0      336        0      263        0      278        0

Atom Distribution No.   119 at run step   34528:

  Count of atoms assigned to each task:
            0        0      274        0      267        0      347        0
          345        0      352        0      272        0      277        0
          277        0      330        0      348        0      369        0
          280        0      262        0      266        0      332        0
          357        0      360        0      354        0      311        0
          343        0      351        0      351        0      378        0
          339        0      315        0      342        0      339        0
          345        0      354        0      339        0      366        0
          357        0      348        0      351        0      357        0
          333        0      333        0      342        0      366        0
          354        0      336        0      333        0      351        0
          348        0      339        0      369        0      345        0
          333        0      351        0      345        0      351        0
          336        0      343        0      319        0      348        0
          354        0      357        0      334        0      283        0
          286        0      339        0      351        0      346        0
          331        0      282        0      257        0      352        0
          333        0      369        0      254        0      300        0

Atom Distribution No.   120 at run step   34823:

  Count of atoms assigned to each task:
            0        0      269        0      267        0      341        0
          357        0      331        0      281        0      260        0
          292        0      331        0      360        0      365        0
          280        0      259        0      284        0      347        0
          345        0      369        0      341        0      316        0
          325        0      351        0      354        0      363        0
          338        0      345        0      348        0      348        0
          342        0      351        0      330        0      342        0
          366        0      342        0      354        0      360        0
          327        0      345        0      339        0      357        0
          345        0      339        0      342        0      357        0
          348        0      354        0      366        0      348        0
          324        0      351        0      351        0      357        0
          348        0      336        0      340        0      354        0
          342        0      357        0      344        0      296        0
          289        0      333        0      345        0      343        0
          309        0      266        0      255        0      329        0
          351        0      360        0      265        0      292        0

Atom Distribution No.   121 at run step   35128:

  Count of atoms assigned to each task:
            0        0      286        0      274        0      350        0
          369        0      326        0      281        0      281        0
          278        0      318        0      369        0      354        0
          278        0      259        0      284        0      343        0
          363        0      357        0      346        0      308        0
          333        0      363        0      354        0      360        0
          331        0      345        0      348        0      345        0
          348        0      348        0      324        0      330        0
          354        0      342        0      357        0      354        0
          330        0      339        0      342        0      348        0
          345        0      348        0      360        0      351        0
          351        0      357        0      351        0      357        0
          335        0      351        0      360        0      351        0
          348        0      333        0      339        0      354        0
          342        0      354        0      338        0      274        0
          312        0      333        0      357        0      343        0
          288        0      283        0      258        0      325        0
          348        0      342        0      254        0      297        0

Atom Distribution No.   122 at run step   35430:

  Count of atoms assigned to each task:
            0        0      267        0      269        0      344        0
          363        0      324        0      268        0      282        0
          274        0      313        0      348        0      366        0
          313        0      272        0      270        0      356        0
          348        0      354        0      354        0      299        0
          343        0      342        0      351        0      360        0
          341        0      327        0      357        0      348        0
          348        0      342        0      342        0      342        0
          354        0      348        0      360        0      363        0
          333        0      342        0      345        0      336        0
          336        0      354        0      336        0      360        0
          369        0      342        0      357        0      345        0
          347        0      351        0      348        0      372        0
          348        0      337        0      334        0      345        0
          342        0      342        0      346        0      275        0
          290        0      342        0      357        0      343        0
          314        0      278        0      258        0      339        0
          345        0      333        0      280        0      285        0

Atom Distribution No.   123 at run step   35723:

  Count of atoms assigned to each task:
            0        0      271        0      248        0      370        0
          339        0      323        0      271        0      287        0
          277        0      292        0      344        0      366        0
          325        0      266        0      276        0      329        0
          351        0      357        0      353        0      295        0
          355        0      336        0      366        0      351        0
          350        0      333        0      342        0      360        0
          354        0      342        0      339        0      357        0
          366        0      354        0      369        0      357        0
          321        0      339        0      342        0      339        0
          345        0      351        0      351        0      354        0
          345        0      369        0      354        0      348        0
          320        0      348        0      354        0      348        0
          342        0      337        0      325        0      351        0
          354        0      339        0      340        0      270        0
          331        0      333        0      351        0      343        0
          281        0      288        0      256        0      339        0
          348        0      357        0      275        0      299        0

Atom Distribution No.   124 at run step   36013:

  Count of atoms assigned to each task:
            0        0      273        0      254        0      326        0
          345        0      344        0      263        0      286        0
          278        0      293        0      355        0      348        0
          282        0      277        0      260        0      351        0
          348        0      360        0      348        0      328        0
          330        0      346        0      363        0      348        0
          326        0      342        0      348        0      366        0
          375        0      363        0      345        0      342        0
          360        0      345        0      351        0      354        0
          330        0      339        0      351        0      357        0
          345        0      336        0      345        0      366        0
          345        0      360        0      363        0      348        0
          335        0      342        0      336        0      351        0
          354        0      337        0      337        0      357        0
          357        0      351        0      338        0      277        0
          283        0      336        0      345        0      352        0
          307        0      283        0      267        0      343        0
          354        0      360        0      279        0      269        0

Atom Distribution No.   125 at run step   36300:

  Count of atoms assigned to each task:
            0        0      267        0      265        0      335        0
          363        0      333        0      264        0      288        0
          280        0      297        0      336        0      354        0
          329        0      271        0      270        0      332        0
          360        0      354        0      342        0      286        0
          317        0      352        0      372        0      342        0
          353        0      345        0      342        0      366        0
          345        0      372        0      327        0      348        0
          348        0      345        0      333        0      360        0
          339        0      345        0      345        0      360        0
          348        0      354        0      327        0      354        0
          351        0      348        0      357        0      339        0
          336        0      356        0      354        0      363        0
          345        0      347        0      339        0      341        0
          363        0      336        0      342        0      267        0
          306        0      342        0      354        0      331        0
          344        0      257        0      273        0      334        0
          348        0      354        0      261        0      305        0

Atom Distribution No.   126 at run step   36597:

  Count of atoms assigned to each task:
            0        0      282        0      267        0      342        0
          372        0      343        0      274        0      251        0
          283        0      293        0      359        0      366        0
          307        0      275        0      261        0      347        0
          348        0      363        0      337        0      307        0
          326        0      358        0      360        0      354        0
          338        0      330        0      339        0      360        0
          357        0      357        0      342        0      348        0
          363        0      342        0      357        0      354        0
          330        0      348        0      339        0      342        0
          348        0      336        0      345        0      351        0
          357        0      348        0      357        0      351        0
          326        0      348        0      345        0      360        0
          336        0      338        0      333        0      345        0
          360        0      345        0      351        0      321        0
          257        0      348        0      360        0      347        0
          327        0      278        0      252        0      321        0
          345        0      348        0      288        0      265        0

Atom Distribution No.   127 at run step   36892:

  Count of atoms assigned to each task:
            0        0      274        0      273        0      330        0
          372        0      324        0      275        0      251        0
          270        0      299        0      369        0      345        0
          310        0      274        0      282        0      335        0
          354        0      366        0      358        0      300        0
          327        0      351        0      363        0      369        0
          327        0      333        0      360        0      360        0
          351        0      354        0      339        0      348        0
          348        0      360        0      345        0      375        0
          321        0      336        0      342        0      333        0
          357        0      345        0      339        0      357        0
          345        0      348        0      345        0      354        0
          347        0      344        0      363        0      354        0
          357        0      339        0      325        0      354        0
          345        0      345        0      327        0      272        0
          324        0      342        0      357        0      332        0
          283        0      285        0      260        0      324        0
          345        0      357        0      282        0      302        0

Atom Distribution No.   128 at run step   37189:

  Count of atoms assigned to each task:
            0        0      274        0      262        0      343        0
          342        0      333        0      283        0      253        0
          272        0      311        0      363        0      351        0
          327        0      262        0      277        0      336        0
          345        0      351        0      342        0      313        0
          338        0      351        0      363        0      366        0
          333        0      348        0      351        0      366        0
          351        0      345        0      336        0      351        0
          360        0      351        0      342        0      363        0
          339        0      339        0      348        0      354        0
          354        0      345        0      342        0      348        0
          354        0      333        0      348        0      357        0
          332        0      347        0      357        0      363        0
          348        0      329        0      335        0      357        0
          351        0      342        0      339        0      272        0
          306        0      354        0      348        0      343        0
          296        0      272        0      264        0      339        0
          342        0      360        0      276        0      270        0

Atom Distribution No.   129 at run step   37490:

  Count of atoms assigned to each task:
            0        0      269        0      276        0      347        0
          342        0      341        0      271        0      243        0
          274        0      310        0      333        0      342        0
          324        0      282        0      282        0      336        0
          360        0      351        0      343        0      296        0
          321        0      363        0      348        0      366        0
          346        0      354        0      357        0      351        0
          363        0      357        0      324        0      360        0
          360        0      336        0      357        0      348        0
          369        0      336        0      342        0      345        0
          357        0      327        0      330        0      351        0
          357        0      336        0      363        0      345        0
          327        0      334        0      351        0      363        0
          339        0      350        0      346        0      357        0
          351        0      354        0      345        0      273        0
          311        0      348        0      360        0      341        0
          264        0      277        0      258        0      335        0
          336        0      366        0      280        0      301        0

Atom Distribution No.   130 at run step   37787:

  Count of atoms assigned to each task:
            0        0      266        0      271        0      333        0
          357        0      347        0      277        0      258        0
          283        0      284        0      345        0      345        0
          315        0      272        0      268        0      345        0
          348        0      357        0      349        0      314        0
          335        0      369        0      345        0      351        0
          335        0      351        0      351        0      357        0
          345        0      363        0      336        0      348        0
          363        0      366        0      360        0      363        0
          339        0      342        0      357        0      345        0
          351        0      345        0      336        0      345        0
          339        0      342        0      336        0      339        0
          323        0      362        0      348        0      357        0
          354        0      343        0      308        0      342        0
          351        0      351        0      341        0      268        0
          279        0      350        0      354        0      353        0
          336        0      273        0      266        0      323        0
          345        0      366        0      307        0      270        0

Atom Distribution No.   131 at run step   38090:

  Count of atoms assigned to each task:
            0        0      275        0      260        0      344        0
          354        0      338        0      273        0      253        0
          263        0      317        0      351        0      360        0
          326        0      265        0      299        0      346        0
          351        0      348        0      352        0      324        0
          335        0      354        0      363        0      354        0
          343        0      339        0      354        0      345        0
          357        0      354        0      330        0      342        0
          360        0      351        0      366        0      342        0
          345        0      345        0      354        0      354        0
          351        0      336        0      333        0      354        0
          336        0      339        0      357        0      339        0
          305        0      341        0      351        0      336        0
          351        0      342        0      319        0      360        0
          360        0      372        0      338        0      292        0
          269        0      355        0      357        0      344        0
          292        0      280        0      272        0      311        0
          345        0      348        0      287        0      300        0

Atom Distribution No.   132 at run step   38383:

  Count of atoms assigned to each task:
            0        0      270        0      272        0      349        0
          348        0      341        0      270        0      267        0
          279        0      310        0      340        0      348        0
          310        0      272        0      273        0      339        0
          351        0      375        0      350        0      323        0
          339        0      363        0      354        0      351        0
          338        0      348        0      360        0      357        0
          369        0      351        0      327        0      351        0
          357        0      339        0      342        0      345        0
          333        0      345        0      351        0      357        0
          354        0      330        0      363        0      354        0
          339        0      345        0      348        0      336        0
          329        0      347        0      357        0      360        0
          342        0      335        0      318        0      357        0
          357        0      354        0      353        0      246        0
          320        0      351        0      342        0      356        0
          279        0      289        0      265        0      316        0
          357        0      345        0      283        0      267        0

Atom Distribution No.   133 at run step   38675:

  Count of atoms assigned to each task:
            0        0      273        0      274        0      329        0
          357        0      337        0      257        0      277        0
          286        0      305        0      348        0      354        0
          310        0      273        0      262        0      343        0
          348        0      375        0      352        0      307        0
          331        0      366        0      360        0      360        0
          341        0      336        0      351        0      339        0
          369        0      345        0      339        0      339        0
          360        0      363        0      345        0      339        0
          339        0      348        0      357        0      339        0
          351        0      348        0      336        0      363        0
          354        0      339        0      357        0      354        0
          326        0      341        0      348        0      354        0
          348        0      329        0      332        0      369        0
          357        0      354        0      335        0      269        0
          287        0      345        0      360        0      353        0
          270        0      282        0      261        0      325        0
          348        0      359        0      275        0      296        0

Atom Distribution No.   134 at run step   38969:

  Count of atoms assigned to each task:
            0        0      274        0      276        0      347        0
          339        0      340        0      279        0      265        0
          280        0      310        0      363        0      348        0
          290        0      270        0      255        0      349        0
          360        0      351        0      349        0      300        0
          344        0      366        0      360        0      351        0
          328        0      339        0      351        0      348        0
          345        0      357        0      351        0      336        0
          351        0      348        0      354        0      336        0
          342        0      348        0      348        0      354        0
          345        0      348        0      357        0      354        0
          363        0      354        0      339        0      339        0
          341        0      342        0      339        0      357        0
          339        0      329        0      337        0      353        0
          354        0      348        0      334        0      277        0
          281        0      348        0      357        0      353        0
          314        0      293        0      269        0      342        0
          342        0      354        0      290        0      264        0

Atom Distribution No.   135 at run step   39262:

  Count of atoms assigned to each task:
            0        0      269        0      263        0      326        0
          348        0      347        0      261        0      283        0
          271        0      319        0      351        0      375        0
          301        0      277        0      280        0      343        0
          354        0      351        0      349        0      296        0
          314        0      348        0      360        0      342        0
          324        0      348        0      360        0      348        0
          351        0      360        0      336        0      351        0
          354        0      363        0      348        0      351        0
          318        0      336        0      354        0      339        0
          351        0      342        0      345        0      363        0
          339        0      354        0      339        0      363        0
          332        0      353        0      360        0      345        0
          354        0      355        0      339        0      342        0
          363        0      354        0      329        0      243        0
          323        0      351        0      351        0      335        0
          305        0      279        0      258        0      342        0
          369        0      333        0      273        0      305        0

Atom Distribution No.   136 at run step   39558:

  Count of atoms assigned to each task:
            0        0      278        0      266        0      342        0
          348        0      335        0      249        0      294        0
          267        0      276        0      359        0      333        0
          321        0      279        0      275        0      338        0
          348        0      354        0      349        0      302        0
          340        0      357        0      360        0      342        0
          356        0      342        0      336        0      363        0
          345        0      348        0      324        0      327        0
          345        0      354        0      351        0      354        0
          336        0      354        0      351        0      354        0
          366        0      345        0      360        0      360        0
          348        0      363        0      360        0      360        0
          347        0      335        0      366        0      339        0
          333        0      331        0      305        0      339        0
          342        0      354        0      347        0      310        0
          268        0      357        0      375        0      335        0
          311        0      285        0      257        0      339        0
          354        0      354        0      278        0      283        0

Atom Distribution No.   137 at run step   39851:

  Count of atoms assigned to each task:
            0        0      268        0      272        0      353        0
          345        0      353        0      276        0      276        0
          282        0      327        0      342        0      345        0
          306        0      269        0      271        0      354        0
          345        0      354        0      355        0      306        0
          333        0      342        0      360        0      363        0
          323        0      336        0      351        0      366        0
          345        0      372        0      321        0      360        0
          348        0      345        0      348        0      342        0
          321        0      342        0      342        0      351        0
          366        0      345        0      354        0      360        0
          351        0      351        0      357        0      342        0
          333        0      347        0      363        0      348        0
          342        0      342        0      321        0      339        0
          357        0      333        0      332        0      258        0
          307        0      360        0      351        0      344        0
          303        0      283        0      259        0      336        0
          351        0      345        0      284        0      284        0

Atom Distribution No.   138 at run step   40146:

  Count of atoms assigned to each task:
            0        0      270        0      255        0      351        0
          345        0      336        0      259        0      271        0
          269        0      309        0      357        0      357        0
          319        0      275        0      272        0      348        0
          354        0      366        0      343        0      298        0
          341        0      366        0      360        0      348        0
          341        0      346        0      345        0      348        0
          363        0      351        0      336        0      351        0
          357        0      366        0      348        0      351        0
          324        0      348        0      330        0      354        0
          345        0      339        0      342        0      366        0
          348        0      351        0      354        0      354        0
          347        0      339        0      351        0      357        0
          351        0      332        0      318        0      348        0
          351        0      336        0      338        0      270        0
          317        0      369        0      360        0      332        0
          282        0      273        0      265        0      341        0
          354        0      348        0      274        0      278        0

Atom Distribution No.   139 at run step   40444:

  Count of atoms assigned to each task:
            0        0      282        0      264        0      349        0
          360        0      331        0      262        0      298        0
          270        0      320        0      360        0      342        0
          324        0      257        0      289        0      348        0
          351        0      354        0      355        0      307        0
          318        0      354        0      360        0      345        0
          333        0      336        0      360        0      369        0
          363        0      354        0      342        0      360        0
          354        0      357        0      351        0      348        0
          324        0      342        0      357        0      351        0
          345        0      333        0      351        0      351        0
          348        0      351        0      348        0      351        0
          344        0      353        0      348        0      354        0
          351        0      330        0      324        0      354        0
          351        0      336        0      331        0      263        0
          307        0      363        0      351        0      347        0
          285        0      262        0      263        0      329        0
          354        0      339        0      270        0      270        0

Atom Distribution No.   140 at run step   40740:

  Count of atoms assigned to each task:
            0        0      267        0      269        0      334        0
          345        0      344        0      267        0      288        0
          275        0      275        0      348        0      351        0
          323        0      277        0      289        0      351        0
          360        0      360        0      350        0      311        0
          330        0      357        0      351        0      351        0
          348        0      342        0      354        0      357        0
          351        0      360        0      324        0      345        0
          366        0      351        0      354        0      348        0
          339        0      351        0      348        0      348        0
          351        0      336        0      342        0      357        0
          354        0      354        0      354        0      342        0
          347        0      347        0      357        0      342        0
          351        0      336        0      323        0      351        0
          351        0      342        0      329        0      247        0
          320        0      354        0      348        0      353        0
          278        0      277        0      262        0      334        0
          357        0      345        0      256        0      302        0

Atom Distribution No.   141 at run step   41041:

  Count of atoms assigned to each task:
            0        0      272        0      264        0      345        0
          348        0      342        0      248        0      287        0
          279        0      302        0      327        0      354        0
          318        0      274        0      276        0      348        0
          360        0      351        0      358        0      303        0
          332        0      357        0      354        0      339        0
          342        0      343        0      348        0      354        0
          366        0      357        0      330        0      348        0
          366        0      360        0      345        0      342        0
          336        0      336        0      348        0      354        0
          345        0      348        0      348        0      354        0
          336        0      363        0      345        0      354        0
          348        0      356        0      342        0      363        0
          324        0      316        0      344        0      369        0
          354        0      351        0      358        0      267        0
          301        0      357        0      345        0      323        0
          298        0      276        0      254        0      329        0
          360        0      357        0      281        0      279        0

Atom Distribution No.   142 at run step   41346:

  Count of atoms assigned to each task:
            0        0      259        0      281        0      347        0
          354        0      338        0      267        0      282        0
          281        0      297        0      351        0      354        0
          320        0      256        0      281        0      346        0
          342        0      351        0      344        0      332        0
          333        0      357        0      357        0      348        0
          350        0      339        0      336        0      360        0
          369        0      351        0      330        0      348        0
          360        0      357        0      342        0      336        0
          345        0      336        0      357        0      342        0
          354        0      336        0      366        0      336        0
          360        0      351        0      348        0      351        0
          335        0      353        0      336        0      363        0
          363        0      330        0      331        0      348        0
          357        0      351        0      332        0      272        0
          282        0      348        0      354        0      353        0
          308        0      272        0      264        0      333        0
          348        0      324        0      269        0      294        0

Atom Distribution No.   143 at run step   41646:

  Count of atoms assigned to each task:
            0        0      258        0      286        0      346        0
          351        0      357        0      255        0      284        0
          280        0      293        0      343        0      333        0
          315        0      281        0      278        0      340        0
          354        0      378        0      349        0      326        0
          335        0      357        0      348        0      348        0
          338        0      336        0      345        0      348        0
          342        0      351        0      336        0      348        0
          360        0      369        0      351        0      360        0
          327        0      342        0      330        0      363        0
          351        0      336        0      351        0      363        0
          348        0      345        0      348        0      342        0
          354        0      353        0      354        0      345        0
          351        0      336        0      324        0      345        0
          354        0      348        0      326        0      282        0
          315        0      348        0      351        0      344        0
          259        0      269        0      268        0      341        0
          342        0      339        0      291        0      294        0

Atom Distribution No.   144 at run step   41944:

  Count of atoms assigned to each task:
            0        0      258        0      278        0      345        0
          360        0      342        0      270        0      230        0
          274        0      275        0      353        0      342        0
          317        0      269        0      276        0      337        0
          357        0      369        0      345        0      318        0
          348        0      345        0      360        0      345        0
          347        0      342        0      342        0      357        0
          366        0      354        0      336        0      354        0
          354        0      342        0      351        0      351        0
          333        0      333        0      363        0      369        0
          357        0      366        0      345        0      357        0
          342        0      339        0      348        0      339        0
          333        0      362        0      360        0      339        0
          354        0      351        0      336        0      348        0
          348        0      354        0      335        0      267        0
          310        0      336        0      357        0      350        0
          302        0      269        0      274        0      301        0
          348        0      348        0      279        0      297        0

Atom Distribution No.   145 at run step   42238:

  Count of atoms assigned to each task:
            0        0      266        0      287        0      349        0
          366        0      347        0      268        0      254        0
          273        0      284        0      339        0      348        0
          311        0      276        0      276        0      311        0
          351        0      354        0      349        0      331        0
          330        0      351        0      348        0      366        0
          347        0      348        0      354        0      357        0
          354        0      357        0      339        0      336        0
          375        0      351        0      357        0      345        0
          354        0      342        0      360        0      339        0
          342        0      351        0      348        0      363        0
          360        0      336        0      345        0      351        0
          347        0      353        0      342        0      372        0
          333        0      346        0      328        0      351        0
          354        0      354        0      344        0      267        0
          308        0      351        0      351        0      341        0
          277        0      263        0      254        0      322        0
          351        0      351        0      276        0      276        0

Atom Distribution No.   146 at run step   42533:

  Count of atoms assigned to each task:
            0        0      270        0      272        0      335        0
          330        0      358        0      260        0      239        0
          273        0      283        0      340        0      339        0
          330        0      271        0      265        0      344        0
          360        0      351        0      337        0      325        0
          342        0      345        0      351        0      354        0
          359        0      345        0      354        0      351        0
          354        0      342        0      345        0      354        0
          366        0      348        0      360        0      354        0
          342        0      351        0      360        0      354        0
          348        0      336        0      333        0      363        0
          366        0      342        0      351        0      354        0
          341        0      353        0      339        0      357        0
          357        0      356        0      322        0      339        0
          345        0      339        0      329        0      260        0
          304        0      360        0      354        0      341        0
          299        0      277        0      261        0      333        0
          351        0      351        0      285        0      299        0

Atom Distribution No.   147 at run step   42828:

  Count of atoms assigned to each task:
            0        0      271        0      267        0      328        0
          351        0      347        0      260        0      247        0
          267        0      279        0      346        0      351        0
          324        0      282        0      276        0      328        0
          357        0      351        0      349        0      322        0
          328        0      357        0      339        0      348        0
          365        0      345        0      363        0      354        0
          348        0      354        0      351        0      357        0
          348        0      360        0      354        0      330        0
          366        0      357        0      348        0      360        0
          354        0      333        0      318        0      372        0
          354        0      345        0      357        0      348        0
          347        0      350        0      348        0      333        0
          342        0      326        0      329        0      354        0
          363        0      354        0      344        0      280        0
          278        0      347        0      360        0      353        0
          305        0      274        0      266        0      327        0
          342        0      354        0      272        0      294        0

Atom Distribution No.   148 at run step   43117:

  Count of atoms assigned to each task:
            0        0      267        0      274        0      330        0
          348        0      345        0      263        0      249        0
          266        0      283        0      351        0      339        0
          341        0      269        0      272        0      334        0
          360        0      354        0      355        0      308        0
          348        0      345        0      345        0      357        0
          353        0      324        0      357        0      339        0
          345        0      357        0      348        0      378        0
          357        0      363        0      357        0      357        0
          327        0      351        0      351        0      354        0
          345        0      345        0      348        0      354        0
          348        0      351        0      348        0      348        0
          345        0      346        0      336        0      363        0
          339        0      319        0      334        0      363        0
          363        0      351        0      350        0      272        0
          307        0      351        0      354        0      347        0
          273        0      266        0      236        0      330        0
          351        0      360        0      285        0      309        0

Atom Distribution No.   149 at run step   43419:

  Count of atoms assigned to each task:
            0        0      274        0      257        0      348        0
          348        0      353        0      256        0      268        0
          271        0      289        0      337        0      354        0
          334        0      277        0      274        0      314        0
          342        0      363        0      349        0      312        0
          323        0      363        0      348        0      360        0
          344        0      342        0      345        0      342        0
          342        0      348        0      339        0      366        0
          363        0      360        0      354        0      369        0
          327        0      327        0      342        0      366        0
          339        0      348        0      345        0      366        0
          339        0      351        0      327        0      339        0
          354        0      338        0      348        0      363        0
          357        0      335        0      347        0      351        0
          354        0      354        0      331        0      308        0
          262        0      351        0      351        0      344        0
          319        0      266        0      252        0      333        0
          348        0      360        0      275        0      313        0

Atom Distribution No.   150 at run step   43715:

  Count of atoms assigned to each task:
            0        0      272        0      265        0      330        0
          354        0      343        0      269        0      267        0
          275        0      291        0      343        0      354        0
          331        0      257        0      271        0      329        0
          357        0      351        0      361        0      323        0
          330        0      372        0      339        0      351        0
          344        0      339        0      360        0      351        0
          351        0      351        0      351        0      348        0
          366        0      363        0      339        0      348        0
          348        0      342        0      342        0      369        0
          342        0      336        0      333        0      360        0
          351        0      336        0      360        0      339        0
          347        0      347        0      357        0      348        0
          348        0      338        0      324        0      345        0
          369        0      348        0      336        0      269        0
          323        0      354        0      360        0      353        0
          255        0      275        0      241        0      331        0
          351        0      363        0      284        0      288        0

Atom Distribution No.   151 at run step   44013:

  Count of atoms assigned to each task:
            0        0      274        0      273        0      336        0
          357        0      338        0      260        0      278        0
          270        0      312        0      356        0      372        0
          329        0      273        0      280        0      330        0
          345        0      348        0      373        0      310        0
          337        0      357        0      345        0      348        0
          353        0      330        0      342        0      366        0
          342        0      336        0      354        0      351        0
          351        0      375        0      360        0      348        0
          336        0      345        0      357        0      351        0
          336        0      345        0      342        0      357        0
          354        0      342        0      336        0      333        0
          336        0      353        0      351        0      354        0
          354        0      344        0      317        0      342        0
          369        0      351        0      337        0      258        0
          296        0      364        0      345        0      332        0
          280        0      286        0      250        0      328        0
          342        0      363        0      275        0      288        0

Atom Distribution No.   152 at run step   44305:

  Count of atoms assigned to each task:
            0        0      280        0      275        0      342        0
          351        0      334        0      275        0      267        0
          285        0      280        0      352        0      357        0
          297        0      277        0      281        0      348        0
          363        0      378        0      340        0      313        0
          321        0      351        0      354        0      345        0
          350        0      336        0      372        0      354        0
          357        0      351        0      348        0      357        0
          354        0      363        0      348        0      354        0
          321        0      342        0      357        0      345        0
          339        0      348        0      342        0      360        0
          339        0      366        0      345        0      342        0
          341        0      362        0      342        0      339        0
          345        0      319        0      319        0      354        0
          363        0      357        0      325        0      273        0
          307        0      342        0      357        0      338        0
          277        0      277        0      258        0      321        0
          348        0      363        0      275        0      300        0

Atom Distribution No.   153 at run step   44599:

  Count of atoms assigned to each task:
            0        0      259        0      266        0      333        0
          357        0      349        0      263        0      289        0
          280        0      291        0      348        0      360        0
          325        0      271        0      271        0      357        0
          351        0      369        0      349        0      308        0
          338        0      339        0      363        0      348        0
          353        0      330        0      363        0      366        0
          348        0      354        0      330        0      348        0
          363        0      354        0      345        0      354        0
          348        0      339        0      348        0      357        0
          363        0      342        0      342        0      351        0
          351        0      354        0      336        0      327        0
          347        0      353        0      354        0      360        0
          342        0      332        0      313        0      360        0
          333        0      351        0      334        0      259        0
          295        0      345        0      342        0      353        0
          297        0      275        0      268        0      334        0
          351        0      360        0      258        0      292        0

Atom Distribution No.   154 at run step   44895:

  Count of atoms assigned to each task:
            0        0      277        0      262        0      337        0
          357        0      348        0      284        0      261        0
          276        0      304        0      348        0      354        0
          309        0      269        0      270        0      328        0
          372        0      369        0      352        0      302        0
          349        0      357        0      360        0      342        0
          347        0      335        0      354        0      348        0
          342        0      360        0      321        0      336        0
          375        0      369        0      348        0      348        0
          363        0      342        0      357        0      351        0
          327        0      351        0      333        0      348        0
          345        0      351        0      345        0      324        0
          332        0      374        0      363        0      360        0
          342        0      332        0      324        0      357        0
          336        0      351        0      334        0      268        0
          310        0      348        0      360        0      335        0
          286        0      282        0      255        0      340        0
          348        0      361        0      263        0      290        0

Atom Distribution No.   155 at run step   45184:

  Count of atoms assigned to each task:
            0        0      270        0      272        0      343        0
          357        0      333        0      248        0      286        0
          270        0      267        0      340        0      354        0
          338        0      272        0      261        0      347        0
          360        0      363        0      324        0      311        0
          335        0      336        0      357        0      342        0
          335        0      325        0      369        0      351        0
          372        0      345        0      354        0      333        0
          354        0      381        0      342        0      345        0
          339        0      345        0      351        0      348        0
          342        0      360        0      333        0      363        0
          351        0      369        0      354        0      333        0
          330        0      365        0      354        0      363        0
          345        0      335        0      341        0      348        0
          342        0      363        0      347        0      282        0
          288        0      354        0      351        0      353        0
          284        0      268        0      261        0      329        0
          363        0      342        0      275        0      295        0

Atom Distribution No.   156 at run step   45486:

  Count of atoms assigned to each task:
            0        0      271        0      272        0      338        0
          357        0      342        0      262        0      267        0
          275        0      276        0      349        0      342        0
          318        0      255        0      279        0      326        0
          348        0      372        0      334        0      316        0
          317        0      339        0      357        0      351        0
          347        0      336        0      357        0      357        0
          357        0      351        0      360        0      354        0
          363        0      360        0      351        0      345        0
          318        0      348        0      378        0      342        0
          354        0      354        0      333        0      339        0
          339        0      384        0      339        0      351        0
          324        0      368        0      351        0      342        0
          351        0      344        0      310        0      363        0
          339        0      369        0      350        0      266        0
          312        0      357        0      351        0      335        0
          293        0      280        0      261        0      343        0
          357        0      354        0      271        0      287        0

Atom Distribution No.   157 at run step   45784:

  Count of atoms assigned to each task:
            0        0      276        0      280        0      336        0
          357        0      337        0      257        0      280        0
          251        0      298        0      344        0      339        0
          323        0      266        0      266        0      332        0
          360        0      354        0      338        0      324        0
          332        0      349        0      354        0      348        0
          358        0      345        0      366        0      369        0
          348        0      348        0      321        0      354        0
          360        0      354        0      342        0      363        0
          324        0      360        0      366        0      345        0
          345        0      345        0      342        0      357        0
          333        0      366        0      345        0      339        0
          333        0      353        0      360        0      357        0
          348        0      337        0      319        0      363        0
          348        0      348        0      329        0      275        0
          303        0      351        0      345        0      347        0
          298        0      278        0      274        0      319        0
          354        0      354        0      268        0      301        0

Atom Distribution No.   158 at run step   46086:

  Count of atoms assigned to each task:
            0        0      266        0      271        0      348        0
          375        0      332        0      268        0      267        0
          273        0      316        0      336        0      345        0
          328        0      274        0      263        0      320        0
          342        0      366        0      322        0      301        0
          337        0      352        0      369        0      351        0
          365        0      349        0      348        0      363        0
          357        0      348        0      345        0      351        0
          360        0      369        0      348        0      339        0
          351        0      345        0      348        0      342        0
          354        0      339        0      342        0      354        0
          333        0      363        0      354        0      327        0
          332        0      359        0      360        0      336        0
          357        0      348        0      331        0      333        0
          357        0      354        0      329        0      282        0
          267        0      348        0      357        0      344        0
          333        0      275        0      256        0      304        0
          348        0      357        0      294        0      281        0

Atom Distribution No.   159 at run step   46379:

  Count of atoms assigned to each task:
            0        0      261        0      265        0      353        0
          342        0      326        0      270        0      274        0
          266        0      302        0      363        0      345        0
          315        0      278        0      281        0      309        0
          351        0      357        0      344        0      308        0
          333        0      360        0      354        0      363        0
          348        0      333        0      354        0      351        0
          354        0      360        0      354        0      351        0
          369        0      363        0      363        0      351        0
          339        0      336        0      354        0      339        0
          345        0      345        0      330        0      339        0
          345        0      345        0      342        0      330        0
          353        0      377        0      342        0      357        0
          342        0      331        0      327        0      333        0
          369        0      339        0      347        0      298        0
          276        0      350        0      351        0      350        0
          313        0      267        0      257        0      331        0
          345        0      363        0      284        0      296        0

Atom Distribution No.   160 at run step   46681:

  Count of atoms assigned to each task:
            0        0      269        0      265        0      352        0
          339        0      333        0      268        0      278        0
          267        0      298        0      348        0      360        0
          318        0      273        0      277        0      328        0
          366        0      342        0      342        0      299        0
          321        0      345        0      366        0      354        0
          338        0      348        0      363        0      369        0
          366        0      366        0      342        0      354        0
          366        0      363        0      351        0      342        0
          330        0      348        0      348        0      330        0
          348        0      339        0      351        0      342        0
          360        0      357        0      345        0      318        0
          341        0      365        0      348        0      351        0
          351        0      338        0      317        0      342        0
          345        0      360        0      326        0      291        0
          299        0      348        0      360        0      350        0
          294        0      263        0      282        0      320        0
          351        0      366        0      272        0      286        0

Atom Distribution No.   161 at run step   46982:

  Count of atoms assigned to each task:
            0        0      269        0      269        0      338        0
          339        0      340        0      266        0      279        0
          261        0      314        0      346        0      360        0
          324        0      265        0      261        0      346        0
          348        0      342        0      345        0      312        0
          335        0      342        0      378        0      348        0
          348        0      349        0      360        0      360        0
          354        0      357        0      336        0      345        0
          369        0      363        0      348        0      345        0
          333        0      348        0      348        0      357        0
          345        0      351        0      342        0      345        0
          354        0      339        0      360        0      330        0
          341        0      362        0      327        0      360        0
          327        0      348        0      331        0      351        0
          354        0      351        0      335        0      265        0
          283        0      360        0      354        0      341        0
          298        0      268        0      261        0      334        0
          336        0      354        0      297        0      307        0

Atom Distribution No.   162 at run step   47279:

  Count of atoms assigned to each task:
            0        0      273        0      285        0      337        0
          336        0      338        0      272        0      276        0
          269        0      280        0      345        0      357        0
          332        0      251        0      291        0      321        0
          363        0      360        0      344        0      308        0
          322        0      358        0      336        0      345        0
          351        0      348        0      363        0      351        0
          360        0      366        0      330        0      339        0
          372        0      354        0      357        0      327        0
          345        0      348        0      351        0      342        0
          363        0      357        0      333        0      354        0
          366        0      354        0      351        0      330        0
          347        0      344        0      339        0      357        0
          333        0      353        0      336        0      354        0
          354        0      339        0      326        0      254        0
          299        0      370        0      357        0      341        0
          320        0      270        0      263        0      315        0
          342        0      372        0      276        0      286        0

Atom Distribution No.   163 at run step   47582:

  Count of atoms assigned to each task:
            0        0      261        0      271        0      341        0
          351        0      340        0      289        0      279        0
          269        0      337        0      336        0      360        0
          329        0      265        0      272        0      314        0
          357        0      372        0      352        0      302        0
          338        0      367        0      345        0      339        0
          328        0      355        0      339        0      366        0
          333        0      345        0      348        0      342        0
          357        0      357        0      336        0      354        0
          354        0      360        0      354        0      354        0
          333        0      360        0      336        0      360        0
          351        0      348        0      339        0      342        0
          332        0      353        0      339        0      351        0
          327        0      332        0      314        0      348        0
          342        0      357        0      332        0      318        0
          284        0      346        0      363        0      341        0
          308        0      268        0      263        0      331        0
          339        0      360        0      259        0      314        0

Atom Distribution No.   164 at run step   47881:

  Count of atoms assigned to each task:
            0        0      272        0      270        0      340        0
          354        0      343        0      264        0      297        0
          274        0      321        0      336        0      360        0
          287        0      259        0      274        0      329        0
          348        0      369        0      351        0      287        0
          331        0      357        0      348        0      357        0
          331        0      354        0      348        0      360        0
          354        0      351        0      342        0      339        0
          369        0      366        0      345        0      351        0
          336        0      348        0      348        0      348        0
          360        0      333        0      339        0      372        0
          348        0      354        0      333        0      357        0
          329        0      359        0      348        0      354        0
          342        0      338        0      329        0      354        0
          345        0      357        0      338        0      275        0
          302        0      351        0      345        0      353        0
          309        0      261        0      268        0      332        0
          351        0      339        0      283        0      282        0

Atom Distribution No.   165 at run step   48182:

  Count of atoms assigned to each task:
            0        0      276        0      281        0      340        0
          357        0      335        0      277        0      277        0
          276        0      314        0      345        0      351        0
          284        0      264        0      280        0      328        0
          363        0      357        0      357        0      313        0
          328        0      366        0      348        0      339        0
          337        0      351        0      357        0      351        0
          345        0      357        0      360        0      327        0
          372        0      366        0      369        0      354        0
          342        0      333        0      354        0      348        0
          354        0      333        0      345        0      366        0
          336        0      336        0      336        0      342        0
          347        0      350        0      357        0      351        0
          336        0      343        0      325        0      357        0
          336        0      366        0      335        0      270        0
          310        0      371        0      354        0      341        0
          289        0      249        0      259        0      337        0
          345        0      354        0      255        0      294        0

Atom Distribution No.   166 at run step   48478:

  Count of atoms assigned to each task:
            0        0      266        0      273        0      351        0
          357        0      323        0      269        0      277        0
          255        0      338        0      330        0      345        0
          321        0      264        0      283        0      341        0
          363        0      354        0      360        0      312        0
          340        0      345        0      348        0      357        0
          330        0      333        0      348        0      360        0
          342        0      339        0      345        0      342        0
          369        0      366        0      351        0      357        0
          342        0      333        0      339        0      369        0
          360        0      345        0      357        0      336        0
          351        0      348        0      330        0      351        0
          332        0      341        0      345        0      354        0
          336        0      349        0      307        0      354        0
          354        0      351        0      347        0      306        0
          283        0      368        0      333        0      347        0
          300        0      270        0      257        0      315        0
          354        0      363        0      261        0      316        0

Atom Distribution No.   167 at run step   48777:

  Count of atoms assigned to each task:
            0        0      266        0      272        0      355        0
          348        0      332        0      254        0      286        0
          275        0      318        0      348        0      354        0
          297        0      272        0      298        0      342        0
          354        0      363        0      348        0      291        0
          345        0      336        0      345        0      363        0
          315        0      340        0      351        0      360        0
          357        0      351        0      354        0      342        0
          372        0      351        0      363        0      360        0
          354        0      354        0      324        0      366        0
          357        0      339        0      342        0      333        0
          333        0      366        0      336        0      348        0
          344        0      341        0      345        0      342        0
          339        0      350        0      295        0      339        0
          336        0      360        0      332        0      300        0
          276        0      368        0      384        0      359        0
          278        0      275        0      262        0      331        0
          342        0      360        0      281        0      289        0

Atom Distribution No.   168 at run step   49070:

  Count of atoms assigned to each task:
            0        0      271        0      284        0      349        0
          342        0      335        0      276        0      274        0
          278        0      341        0      348        0      357        0
          318        0      277        0      301        0      324        0
          351        0      360        0      349        0      303        0
          335        0      360        0      351        0      357        0
          333        0      352        0      342        0      351        0
          345        0      348        0      342        0      354        0
          354        0      366        0      354        0      357        0
          351        0      339        0      354        0      336        0
          348        0      327        0      342        0      339        0
          339        0      363        0      348        0      357        0
          332        0      323        0      357        0      348        0
          348        0      342        0      305        0      339        0
          357        0      354        0      326        0      266        0
          289        0      347        0      348        0      350        0
          332        0      267        0      259        0      299        0
          363        0      345        0      292        0      288        0

Atom Distribution No.   169 at run step   49365:

  Count of atoms assigned to each task:
            0        0      265        0      282        0      363        0
          363        0      346        0      267        0      279        0
          282        0      335        0      351        0      336        0
          284        0      274        0      340        0      331        0
          372        0      360        0      340        0      328        0
          332        0      354        0      339        0      342        0
          342        0      345        0      351        0      360        0
          354        0      351        0      336        0      366        0
          342        0      357        0      357        0      342        0
          342        0      348        0      351        0      351        0
          351        0      348        0      324        0      351        0
          342        0      348        0      345        0      348        0
          317        0      323        0      333        0      360        0
          351        0      322        0      309        0      342        0
          351        0      354        0      332        0      275        0
          309        0      348        0      357        0      356        0
          295        0      270        0      261        0      325        0
          345        0      336        0      273        0      297        0

Atom Distribution No.   170 at run step   49667:

  Count of atoms assigned to each task:
            0        0      253        0      279        0      353        0
          339        0      340        0      271        0      283        0
          284        0      334        0      336        0      345        0
          273        0      273        0      284        0      343        0
          363        0      357        0      345        0      345        0
          322        0      342        0      369        0      354        0
          335        0      358        0      348        0      363        0
          342        0      360        0      327        0      342        0
          351        0      372        0      354        0      348        0
          366        0      351        0      345        0      354        0
          348        0      327        0      339        0      333        0
          333        0      363        0      342        0      342        0
          323        0      335        0      345        0      357        0
          333        0      352        0      317        0      354        0
          354        0      351        0      335        0      268        0
          329        0      348        0      351        0      347        0
          295        0      270        0      264        0      322        0
          345        0      354        0      285        0      294        0

Atom Distribution No.   171 at run step   49961:

  Count of atoms assigned to each task:
            0        0      259        0      290        0      333        0
          342        0      329        0      258        0      279        0
          284        0      298        0      357        0      333        0
          315        0      260        0      273        0      334        0
          363        0      363        0      348        0      306        0
          329        0      360        0      363        0      354        0
          355        0      348        0      342        0      357        0
          339        0      351        0      339        0      351        0
          357        0      372        0      351        0      354        0
          336        0      357        0      348        0      369        0
          345        0      330        0      342        0      351        0
          345        0      339        0      357        0      351        0
          307        0      335        0      354        0      354        0
          348        0      350        0      332        0      339        0
          360        0      360        0      335        0      269        0
          283        0      348        0      351        0      356        0
          302        0      274        0      271        0      327        0
          360        0      342        0      275        0      310        0

Major Routine Parallel Profiling - NonSetup CPU Seconds:

           D                                                              
           a                                                              
           t                                                              
           a                              D                               
           D         N                    i                               
           i         o                    h                               
           s         n             A      e      S      R      O         T
   T       t         B      B      n      d      h      u      t         o
   a       r         o      o      g      r      a      n      h         t
   s       i         n      n      l      a      k      M      e         a
   k       b         d      d      e      l      e      D      r         l
------------------------------------------------------------------------------
   0    66.7       5.8    0.0    0.0    0.0    1.0    4.2    0.1      77.7
   1    42.5      28.6    0.0    0.0    0.0    0.9    4.9    0.7      77.7
   2    24.3      39.5    0.1    1.1    4.3    1.2    6.2    0.9      77.7
   3    42.9      27.8    0.0    0.0    0.0    0.9    5.3    0.8      77.7
   4    25.5      39.3    0.1    0.9    3.6    1.2    6.2    0.9      77.7
   5    43.0      27.8    0.0    0.0    0.0    0.9    5.3    0.8      77.7
   6    23.6      44.6    0.1    0.2    0.5    1.2    6.5    0.9      77.7
   7    43.0      27.6    0.0    0.0    0.0    0.9    5.4    0.8      77.7
   8    24.5      44.3    0.1    0.1    0.1    1.1    6.5    0.9      77.7
   9    44.4      26.2    0.0    0.0    0.0    0.9    5.4    0.8      77.7
  10    22.3      44.7    0.1    0.5    1.6    1.2    6.4    0.9      77.7
  11    44.7      26.2    0.0    0.0    0.0    0.9    5.2    0.8      77.7
  12    25.1      39.3    0.1    1.0    3.9    1.2    6.3    0.9      77.7
  13    44.7      26.2    0.0    0.0    0.0    0.9    5.2    0.8      77.7
  14    24.6      39.0    0.1    1.2    4.4    1.2    6.5    0.8      77.7
  15    44.3      26.7    0.0    0.0    0.0    0.9    5.1    0.8      77.7
  16    24.2      39.5    0.1    1.1    4.3    1.1    6.5    0.8      77.7
  17    43.2      27.4    0.0    0.0    0.0    0.9    5.4    0.8      77.7
  18    25.3      40.2    0.1    0.8    2.8    1.1    6.6    0.8      77.7
  19    43.6      26.8    0.0    0.0    0.0    0.9    5.6    0.8      77.7
  20    24.1      44.3    0.1    0.2    0.4    1.1    6.7    0.7      77.7
  21    43.8      26.5    0.0    0.0    0.0    0.9    5.7    0.8      77.7
  22    24.6      44.3    0.1    0.1    0.1    1.1    6.7    0.7      77.7
  23    43.6      26.7    0.0    0.0    0.0    0.9    5.7    0.8      77.7
  24    24.0      43.1    0.1    0.5    1.5    1.1    6.7    0.7      77.7
  25    45.2      25.2    0.0    0.0    0.0    0.9    5.7    0.8      77.7
  26    26.5      38.5    0.1    1.0    3.6    1.1    6.3    0.6      77.7
  27    45.6      24.8    0.0    0.0    0.0    0.9    5.7    0.8      77.7
  28    25.1      39.3    0.1    1.0    3.9    1.1    6.5    0.6      77.7
  29    45.2      25.2    0.0    0.0    0.0    0.9    5.7    0.8      77.7
  30    23.7      43.4    0.1    0.5    1.6    1.1    6.5    0.7      77.6
  31    44.8      25.6    0.0    0.0    0.0    0.9    5.6    0.8      77.7
  32    24.5      44.2    0.1    0.2    0.2    1.1    6.7    0.7      77.7
  33    43.5      27.0    0.0    0.0    0.0    0.9    5.6    0.8      77.7
  34    24.8      44.1    0.1    0.1    0.1    1.1    6.6    0.7      77.7
  35    43.4      27.2    0.0    0.0    0.0    0.9    5.4    0.8      77.7
  36    24.2      44.3    0.1    0.2    0.4    1.1    6.7    0.7      77.7
  37    43.5      27.0    0.0    0.0    0.0    0.9    5.5    0.8      77.7
  38    24.1      42.2    0.1    0.6    2.2    1.1    6.6    0.7      77.7
  39    43.7      26.6    0.0    0.0    0.0    0.9    5.7    0.8      77.7
  40    22.9      44.5    0.1    0.4    1.3    1.1    6.6    0.6      77.7
  41    45.1      25.4    0.0    0.0    0.0    0.9    5.6    0.8      77.7
  42    24.0      44.6    0.1    0.1    0.2    1.1    6.6    0.8      77.7
  43    45.1      25.4    0.0    0.0    0.0    0.9    5.5    0.8      77.7
  44    24.7      44.1    0.1    0.1    0.1    1.1    6.7    0.7      77.7
  45    44.9      25.5    0.0    0.0    0.0    0.9    5.6    0.8      77.7
  46    24.9      43.9    0.1    0.1    0.1    1.1    6.6    0.8      77.7
  47    44.7      25.8    0.0    0.0    0.0    0.9    5.6    0.8      77.7
  48    24.3      44.0    0.1    0.2    0.5    1.1    6.7    0.8      77.7
  49    43.9      26.3    0.0    0.0    0.0    0.9    5.8    0.8      77.7
  50    24.2      44.5    0.1    0.2    0.3    1.1    6.7    0.7      77.7
  51    43.7      26.7    0.0    0.0    0.0    0.9    5.6    0.8      77.7
  52    24.6      44.3    0.1    0.1    0.1    1.1    6.6    0.8      77.7
  53    43.7      26.6    0.0    0.0    0.0    0.9    5.7    0.8      77.7
  54    24.7      44.2    0.1    0.1    0.1    1.1    6.6    0.8      77.7
  55    43.6      26.7    0.0    0.0    0.0    0.9    5.7    0.8      77.7
  56    24.9      43.9    0.1    0.1    0.1    1.1    6.7    0.8      77.7
  57    44.9      25.6    0.0    0.0    0.0    0.9    5.6    0.8      77.7
  58    24.9      44.0    0.1    0.1    0.1    1.1    6.6    0.8      77.7
  59    44.6      26.3    0.0    0.0    0.0    0.9    5.1    0.8      77.7
  60    25.5      43.3    0.1    0.1    0.1    1.1    6.7    0.7      77.7
  61    44.3      26.8    0.0    0.0    0.0    0.9    5.0    0.7      77.7
  62    24.7      44.3    0.1    0.1    0.1    1.1    6.6    0.7      77.7
  63    45.3      25.2    0.0    0.0    0.0    0.9    5.6    0.7      77.7
  64    24.5      44.3    0.1    0.1    0.1    1.1    6.7    0.7      77.7
  65    45.0      25.4    0.0    0.0    0.0    0.9    5.8    0.6      77.7
  66    24.6      44.3    0.1    0.1    0.1    1.1    6.6    0.7      77.7
  67    43.1      27.6    0.0    0.0    0.0    0.9    5.4    0.8      77.7
  68    25.2      43.7    0.1    0.1    0.1    1.1    6.6    0.7      77.7
  69    43.7      26.9    0.0    0.0    0.0    0.9    5.5    0.7      77.7
  70    25.5      43.6    0.1    0.1    0.1    1.1    6.5    0.7      77.7
  71    44.9      25.7    0.0    0.0    0.0    0.9    5.7    0.5      77.7
  72    26.0      44.9    0.2    0.2    0.1    0.6    5.1    0.6      77.6
  73    45.3      27.7    0.0    0.0    0.0    0.6    3.6    0.5      77.7
  74    26.6      44.6    0.2    0.2    0.2    0.6    4.8    0.5      77.7
  75    45.4      27.8    0.0    0.0    0.0    0.6    3.5    0.5      77.7
  76    25.8      45.2    0.2    0.2    0.2    0.6    5.0    0.6      77.6
  77    45.6      27.5    0.0    0.0    0.0    0.6    3.5    0.5      77.7
  78    26.2      44.9    0.2    0.2    0.2    0.6    4.9    0.6      77.7
  79    45.7      27.3    0.0    0.0    0.0    0.6    3.7    0.5      77.7
  80    25.8      45.0    0.2    0.2    0.2    0.6    5.3    0.6      77.7
  81    47.2      25.8    0.0    0.0    0.0    0.6    3.6    0.5      77.7
  82    26.5      44.7    0.1    0.1    0.1    0.6    5.0    0.5      77.7
  83    47.2      25.9    0.0    0.0    0.0    0.6    3.6    0.5      77.7
  84    25.6      45.7    0.2    0.1    0.1    0.6    4.9    0.5      77.6
  85    47.1      26.1    0.0    0.0    0.0    0.6    3.5    0.5      77.7
  86    26.8      44.7    0.2    0.2    0.2    0.5    4.6    0.5      77.7
  87    47.0      26.2    0.0    0.0    0.0    0.6    3.5    0.5      77.7
  88    26.3      44.8    0.2    0.2    0.2    0.6    4.9    0.5      77.6
  89    45.8      27.2    0.0    0.0    0.0    0.6    3.6    0.5      77.7
  90    26.2      45.1    0.2    0.2    0.2    0.6    4.8    0.5      77.7
  91    45.6      27.6    0.0    0.0    0.0    0.6    3.4    0.5      77.7
  92    26.2      45.0    0.2    0.2    0.2    0.6    4.9    0.5      77.6
  93    45.8      27.5    0.0    0.0    0.0    0.6    3.4    0.5      77.7
  94    26.4      45.0    0.2    0.2    0.2    0.6    4.7    0.5      77.6
  95    45.8      27.2    0.0    0.0    0.0    0.6    3.6    0.5      77.7
  96    25.8      45.2    0.2    0.2    0.2    0.6    5.0    0.5      77.7
  97    47.9      25.2    0.0    0.0    0.0    0.6    3.6    0.5      77.7
  98    26.3      44.7    0.2    0.2    0.3    0.6    4.9    0.5      77.7
  99    47.8      25.3    0.0    0.0    0.0    0.6    3.6    0.5      77.7
 100    25.9      45.2    0.2    0.2    0.2    0.6    5.0    0.5      77.7
 101    48.0      25.2    0.0    0.0    0.0    0.6    3.6    0.5      77.7
 102    26.0      45.3    0.2    0.2    0.1    0.6    4.8    0.5      77.6
 103    47.4      25.6    0.0    0.0    0.0    0.6    3.6    0.5      77.7
 104    26.3      44.8    0.2    0.2    0.2    0.6    5.0    0.5      77.6
 105    46.3      26.7    0.0    0.0    0.0    0.6    3.7    0.5      77.7
 106    25.3      45.6    0.2    0.3    0.8    0.6    4.5    0.5      77.7
 107    46.3      26.6    0.0    0.0    0.0    0.6    3.7    0.5      77.7
 108    24.5      45.0    0.2    0.5    1.4    0.5    4.9    0.5      77.7
 109    46.3      26.7    0.0    0.0    0.0    0.6    3.7    0.5      77.7
 110    26.1      45.0    0.2    0.2    0.2    0.6    4.8    0.6      77.7
 111    46.2      26.8    0.0    0.0    0.0    0.6    3.7    0.5      77.7
 112    25.7      45.3    0.2    0.2    0.2    0.6    5.1    0.5      77.6
 113    47.5      25.5    0.0    0.0    0.0    0.6    3.6    0.5      77.7
 114    25.9      45.3    0.2    0.2    0.1    0.6    4.9    0.5      77.6
 115    47.3      25.9    0.0    0.0    0.0    0.6    3.4    0.5      77.7
 116    26.0      44.9    0.2    0.2    0.4    0.6    4.9    0.5      77.7
 117    47.0      26.6    0.0    0.0    0.0    0.6    3.1    0.5      77.7
 118    27.0      41.0    0.1    0.8    3.0    0.5    4.7    0.5      77.7
 119    46.6      27.1    0.0    0.0    0.0    0.6    3.0    0.4      77.7
 120    26.4      41.8    0.1    0.7    2.6    0.6    5.0    0.5      77.7
 121    45.7      27.4    0.0    0.0    0.0    0.6    3.5    0.5      77.7
 122    25.5      45.4    0.2    0.2    0.3    0.6    4.9    0.5      77.6
 123    45.8      27.4    0.0    0.0    0.0    0.6    3.4    0.5      77.7
 124    25.8      45.3    0.2    0.2    0.2    0.6    5.0    0.5      77.7
 125    45.9      27.3    0.0    0.0    0.0    0.6    3.5    0.5      77.7
 126    25.1      45.5    0.2    0.3    0.5    0.6    4.9    0.5      77.6
 127    45.8      27.3    0.0    0.0    0.0    0.6    3.6    0.5      77.7
 128    25.5      43.2    0.1    0.6    2.1    0.6    5.0    0.5      77.7
 129    46.8      26.4    0.0    0.0    0.0    0.6    3.4    0.5      77.7
 130    27.5      40.0    0.1    0.9    3.4    0.5    4.7    0.5      77.7
 131    46.9      26.6    0.0    0.0    0.0    0.6    3.2    0.5      77.7
 132    26.9      39.7    0.1    1.0    4.0    0.5    4.8    0.6      77.7
 133    46.7      26.8    0.0    0.0    0.0    0.6    3.2    0.5      77.7
 134    24.5      44.8    0.2    0.5    1.6    0.6    4.9    0.5      77.7
 135    46.2      27.4    0.0    0.0    0.0    0.6    3.0    0.5      77.7
 136    25.8      45.2    0.2    0.2    0.2    0.6    5.1    0.5      77.6
 137    44.8      29.2    0.0    0.0    0.0    0.6    2.8    0.3      77.7
 138    25.8      45.3    0.2    0.2    0.2    0.6    4.9    0.5      77.7
 139    45.3      28.5    0.0    0.0    0.0    0.6    3.0    0.3      77.7
 140    27.9      39.9    0.1    0.8    3.0    0.5    4.9    0.6      77.6
 141    45.8      27.7    0.0    0.0    0.0    0.6    3.2    0.4      77.7
 142    27.2      41.0    0.1    0.7    2.7    0.6    4.8    0.6      77.7
 143    45.7      27.9    0.0    0.0    0.0    0.6    3.2    0.4      77.7
------------------------------------------------------------------------------
 avg    35.6      34.9    0.1    0.2    0.5    0.8    5.1    0.6      77.7
         0.0
 min    22.3       5.8    0.0    0.0    0.0    0.5    2.8    0.1      77.6
         0.0
 max    66.7      45.7    0.2    1.2    4.4    1.2    6.7    0.9      77.7
         0.0
 std    10.3       8.9    0.1    0.3    1.1    0.2    1.1    0.1       0.0
         0.0
------------------------------------------------------------------------------

PME NonBond Parallel Profiling - NonSetup CPU Seconds:

                     D                           
           P         i         R                 
           a         r         e      L          
           i         e         c      o          
           r         c         i      a         T
   T       l         t         p      d         o
   a       i         F         F      B         t
   s       s         r         r      a         a
   k       t         c         c      l         l
-------------------------------------------------
   0     3.1       2.5       0.0    0.3       5.8
   1     3.1       5.9      18.3    0.3      27.6
   2     9.1      29.3       0.0    0.3      38.7
   3     3.1       5.8      17.5    0.3      26.7
   4     9.2      29.0       0.0    0.3      38.5
   5     3.2       5.9      17.4    0.3      26.6
   6    10.6      32.8       0.0    0.3      43.7
   7     3.2       5.8      17.2    0.3      26.5
   8    10.6      32.6       0.0    0.3      43.5
   9     3.1       5.3      16.3    0.3      25.0
  10    10.3      33.2       0.0    0.3      43.8
  11     3.1       5.0      16.6    0.3      25.0
  12     9.2      29.0       0.0    0.3      38.5
  13     3.2       5.1      16.5    0.3      25.0
  14     8.9      29.0       0.0    0.4      38.3
  15     3.2       5.5      16.6    0.3      25.5
  16     9.2      29.2       0.0    0.3      38.8
  17     3.0       5.8      17.2    0.3      26.3
  18     9.5      29.7       0.0    0.3      39.5
  19     3.0       5.7      16.7    0.3      25.8
  20    10.6      32.7       0.0    0.3      43.6
  21     3.2       5.6      16.3    0.3      25.4
  22    10.6      32.7       0.0    0.3      43.6
  23     3.1       5.7      16.6    0.3      25.7
  24    10.3      32.0       0.0    0.3      42.5
  25     3.2       5.0      15.5    0.3      24.0
  26     8.8      28.7       0.0    0.4      37.9
  27     3.2       4.8      15.4    0.3      23.6
  28     9.3      29.1       0.0    0.3      38.8
  29     3.2       5.0      15.5    0.3      24.0
  30    10.2      32.2       0.0    0.3      42.7
  31     3.2       5.2      15.7    0.3      24.4
  32    10.5      32.7       0.0    0.3      43.5
  33     3.1       5.7      16.8    0.3      25.9
  34    10.5      32.6       0.0    0.3      43.5
  35     3.2       5.8      16.9    0.3      26.1
  36    10.6      32.7       0.0    0.3      43.6
  37     3.3       5.8      16.5    0.3      25.9
  38     9.9      31.3       0.0    0.3      41.5
  39     3.3       5.8      16.3    0.3      25.6
  40    10.6      33.0       0.0    0.3      43.9
  41     3.3       5.0      15.6    0.3      24.2
  42    10.8      32.8       0.0    0.3      43.9
  43     3.2       5.0      15.8    0.3      24.2
  44    10.6      32.5       0.0    0.3      43.4
  45     3.2       5.2      15.6    0.3      24.3
  46    10.5      32.4       0.0    0.3      43.2
  47     3.2       5.2      15.9    0.3      24.6
  48    10.5      32.5       0.0    0.3      43.3
  49     3.3       5.7      16.0    0.3      25.3
  50    10.7      32.8       0.0    0.3      43.8
  51     3.3       5.8      16.2    0.3      25.6
  52    10.6      32.6       0.0    0.3      43.5
  53     3.3       5.7      16.3    0.3      25.5
  54    10.5      32.6       0.0    0.3      43.4
  55     3.3       5.7      16.3    0.3      25.6
  56    10.4      32.4       0.0    0.3      43.2
  57     3.2       5.1      15.7    0.3      24.4
  58    10.3      32.5       0.0    0.3      43.2
  59     3.1       5.2      16.5    0.3      25.2
  60    10.4      32.0       0.0    0.3      42.6
  61     3.3       5.4      16.6    0.3      25.6
  62    10.5      32.8       0.0    0.3      43.6
  63     3.2       5.2      15.4    0.3      24.2
  64    10.6      32.7       0.0    0.3      43.6
  65     3.3       5.4      15.7    0.3      24.7
  66    10.6      32.7       0.0    0.3      43.6
  67     3.2       5.6      17.4    0.3      26.6
  68    10.4      32.2       0.0    0.3      42.9
  69     3.2       5.5      17.0    0.3      26.0
  70    10.2      32.3       0.0    0.4      42.9
  71     3.1       5.4      16.2    0.4      25.0
  72    10.4      32.2       0.0    0.3      42.9
  73     3.2       4.8      18.5    0.4      27.0
  74    10.3      32.0       0.0    0.4      42.6
  75     3.2       4.6      18.8    0.4      27.0
  76    10.4      32.4       0.0    0.3      43.2
  77     3.3       4.7      18.5    0.3      26.8
  78    10.4      32.2       0.0    0.4      42.9
  79     3.3       4.8      18.2    0.3      26.5
  80    10.4      32.3       0.0    0.3      43.0
  81     3.3       4.1      17.2    0.3      24.9
  82    10.4      32.0       0.0    0.3      42.7
  83     3.2       4.0      17.4    0.4      25.0
  84    10.6      32.8       0.0    0.3      43.8
  85     3.1       4.1      17.7    0.4      25.3
  86    10.3      32.1       0.0    0.4      42.7
  87     3.1       4.1      17.6    0.4      25.3
  88    10.4      32.2       0.0    0.3      42.9
  89     3.2       4.6      18.3    0.4      26.4
  90    10.5      32.3       0.0    0.3      43.1
  91     3.2       4.7      18.5    0.3      26.7
  92    10.4      32.3       0.0    0.3      43.0
  93     3.2       4.7      18.4    0.4      26.6
  94    10.5      32.2       0.0    0.3      43.0
  95     3.2       4.8      18.1    0.3      26.4
  96    10.5      32.4       0.0    0.3      43.2
  97     3.2       3.7      17.1    0.4      24.4
  98    10.4      32.1       0.0    0.3      42.8
  99     3.3       3.8      17.1    0.3      24.5
 100    10.4      32.4       0.0    0.3      43.2
 101     3.2       3.6      17.3    0.4      24.4
 102    10.5      32.4       0.0    0.3      43.3
 103     3.2       4.0      17.1    0.4      24.7
 104    10.4      32.1       0.0    0.3      42.8
 105     3.3       4.6      17.7    0.3      25.9
 106    10.6      32.8       0.0    0.3      43.7
 107     3.3       4.6      17.6    0.3      25.8
 108    10.3      32.4       0.0    0.3      43.1
 109     3.3       4.7      17.5    0.3      25.9
 110    10.3      32.4       0.0    0.3      43.0
 111     3.3       4.7      17.7    0.3      26.0
 112    10.6      32.5       0.0    0.3      43.4
 113     3.1       3.8      17.4    0.3      24.7
 114    10.6      32.4       0.0    0.3      43.3
 115     3.3       3.8      17.6    0.3      25.1
 116    10.5      32.2       0.0    0.3      43.0
 117     3.4       3.9      18.0    0.3      25.7
 118     9.6      29.2       0.0    0.3      39.2
 119     3.3       4.3      18.3    0.3      26.2
 120     9.7      29.9       0.0    0.3      39.9
 121     3.4       4.8      18.1    0.3      26.6
 122    10.6      32.5       0.0    0.3      43.5
 123     3.3       4.7      18.2    0.3      26.6
 124    10.6      32.5       0.0    0.3      43.4
 125     3.4       4.6      18.2    0.3      26.5
 126    10.6      32.6       0.0    0.3      43.6
 127     3.3       4.8      18.1    0.3      26.5
 128    10.0      30.9       0.0    0.3      41.3
 129     3.3       4.3      17.6    0.3      25.6
 130     9.4      28.6       0.0    0.3      38.2
 131     3.4       4.2      17.8    0.3      25.7
 132     9.1      28.3       0.0    0.3      37.8
 133     3.3       4.3      18.0    0.3      25.9
 134    10.5      32.1       0.0    0.3      42.9
 135     3.5       4.4      18.4    0.3      26.5
 136    10.6      32.4       0.0    0.3      43.2
 137     3.4       4.5      20.4    0.3      28.6
 138    10.6      32.4       0.0    0.3      43.4
 139     3.4       4.7      19.5    0.3      27.9
 140     9.4      28.4       0.0    0.3      38.0
 141     3.3       4.5      19.0    0.3      27.1
 142     9.7      29.2       0.0    0.3      39.2
 143     3.3       4.5      19.2    0.3      27.3
-------------------------------------------------
 avg     6.7      18.1       8.6    0.3      33.7
-------------------------------------------------
